seq,HOTA(0),LocA(0),HOTALocA(0),HOTA___5,HOTA___10,HOTA___15,HOTA___20,HOTA___25,HOTA___30,HOTA___35,HOTA___40,HOTA___45,HOTA___50,HOTA___55,HOTA___60,HOTA___65,HOTA___70,HOTA___75,HOTA___80,HOTA___85,HOTA___90,HOTA___95,HOTA___AUC,DetA___5,DetA___10,DetA___15,DetA___20,DetA___25,DetA___30,DetA___35,DetA___40,DetA___45,DetA___50,DetA___55,DetA___60,DetA___65,DetA___70,DetA___75,DetA___80,DetA___85,DetA___90,DetA___95,DetA___AUC,AssA___5,AssA___10,AssA___15,AssA___20,AssA___25,AssA___30,AssA___35,AssA___40,AssA___45,AssA___50,AssA___55,AssA___60,AssA___65,AssA___70,AssA___75,AssA___80,AssA___85,AssA___90,AssA___95,AssA___AUC,DetRe___5,DetRe___10,DetRe___15,DetRe___20,DetRe___25,DetRe___30,DetRe___35,DetRe___40,DetRe___45,DetRe___50,DetRe___55,DetRe___60,DetRe___65,DetRe___70,DetRe___75,DetRe___80,DetRe___85,DetRe___90,DetRe___95,DetRe___AUC,DetPr___5,DetPr___10,DetPr___15,DetPr___20,DetPr___25,DetPr___30,DetPr___35,DetPr___40,DetPr___45,DetPr___50,DetPr___55,DetPr___60,DetPr___65,DetPr___70,DetPr___75,DetPr___80,DetPr___85,DetPr___90,DetPr___95,DetPr___AUC,AssRe___5,AssRe___10,AssRe___15,AssRe___20,AssRe___25,AssRe___30,AssRe___35,AssRe___40,AssRe___45,AssRe___50,AssRe___55,AssRe___60,AssRe___65,AssRe___70,AssRe___75,AssRe___80,AssRe___85,AssRe___90,AssRe___95,AssRe___AUC,AssPr___5,AssPr___10,AssPr___15,AssPr___20,AssPr___25,AssPr___30,AssPr___35,AssPr___40,AssPr___45,AssPr___50,AssPr___55,AssPr___60,AssPr___65,AssPr___70,AssPr___75,AssPr___80,AssPr___85,AssPr___90,AssPr___95,AssPr___AUC,LocA___5,LocA___10,LocA___15,LocA___20,LocA___25,LocA___30,LocA___35,LocA___40,LocA___45,LocA___50,LocA___55,LocA___60,LocA___65,LocA___70,LocA___75,LocA___80,LocA___85,LocA___90,LocA___95,LocA___AUC,OWTA___5,OWTA___10,OWTA___15,OWTA___20,OWTA___25,OWTA___30,OWTA___35,OWTA___40,OWTA___45,OWTA___50,OWTA___55,OWTA___60,OWTA___65,OWTA___70,OWTA___75,OWTA___80,OWTA___85,OWTA___90,OWTA___95,OWTA___AUC,HOTA_TP___5,HOTA_TP___10,HOTA_TP___15,HOTA_TP___20,HOTA_TP___25,HOTA_TP___30,HOTA_TP___35,HOTA_TP___40,HOTA_TP___45,HOTA_TP___50,HOTA_TP___55,HOTA_TP___60,HOTA_TP___65,HOTA_TP___70,HOTA_TP___75,HOTA_TP___80,HOTA_TP___85,HOTA_TP___90,HOTA_TP___95,HOTA_TP___AUC,HOTA_FN___5,HOTA_FN___10,HOTA_FN___15,HOTA_FN___20,HOTA_FN___25,HOTA_FN___30,HOTA_FN___35,HOTA_FN___40,HOTA_FN___45,HOTA_FN___50,HOTA_FN___55,HOTA_FN___60,HOTA_FN___65,HOTA_FN___70,HOTA_FN___75,HOTA_FN___80,HOTA_FN___85,HOTA_FN___90,HOTA_FN___95,HOTA_FN___AUC,HOTA_FP___5,HOTA_FP___10,HOTA_FP___15,HOTA_FP___20,HOTA_FP___25,HOTA_FP___30,HOTA_FP___35,HOTA_FP___40,HOTA_FP___45,HOTA_FP___50,HOTA_FP___55,HOTA_FP___60,HOTA_FP___65,HOTA_FP___70,HOTA_FP___75,HOTA_FP___80,HOTA_FP___85,HOTA_FP___90,HOTA_FP___95,HOTA_FP___AUC,MOTA,MOTP,MODA,CLR_Re,CLR_Pr,MTR,PTR,MLR,sMOTA,CLR_F1,FP_per_frame,MOTAL,MOTP_sum,CLR_TP,CLR_FN,CLR_FP,IDSW,MT,PT,ML,Frag,CLR_Frames,IDF1,IDR,IDP,IDTP,IDFN,IDFP,Dets,GT_Dets,IDs,GT_IDs
fencing_001_fencing_aria01_rgb,0.8549217751290973,0.936910700220147,0.8009853589696536,0.8549217751290973,0.8549217751290973,0.8549217751290973,0.8549217751290973,0.8549217751290973,0.8549217751290973,0.8549217751290973,0.8549217751290973,0.8549217751290973,0.852806315748712,0.8517555354877826,0.8517555354877826,0.8486307586345688,0.8455469233433258,0.8317844640516368,0.8166503278208841,0.7935634788422221,0.7239426697623049,0.3814581686750207,0.8153784291587429,1.0,1.0,1.0,1.0,1.0,1.0,1.0,1.0,1.0,0.9965986394557823,0.9949022939677146,0.9949022939677146,0.9898305084745763,0.9847844463229078,0.9599332220367279,0.9325102880658436,0.8966074313408724,0.7882711348057883,0.3401826484018265,0.9409748898336714,0.7308912415898867,0.7308912415898867,0.7308912415898867,0.7308912415898867,0.7308912415898867,0.7308912415898867,0.7308912415898867,0.7308912415898867,0.7308912415898867,0.7297607917446491,0.729204763757055,0.729204763757055,0.7275732141359647,0.725996031156786,0.7207432545877626,0.7151854156089129,0.7023620069826904,0.6648638596054871,0.42774178851421774,0.7079293191662928,1.0,1.0,1.0,1.0,1.0,1.0,1.0,1.0,1.0,0.9982964224872232,0.9974446337308348,0.9974446337308348,0.9948892674616695,0.9923339011925043,0.979557069846678,0.965076660988075,0.9454855195911414,0.8816013628620102,0.5076660988074957,0.9610418721420245,1.0,1.0,1.0,1.0,1.0,1.0,1.0,1.0,1.0,0.9982964224872232,0.9974446337308348,0.9974446337308348,0.9948892674616695,0.9923339011925043,0.979557069846678,0.965076660988075,0.9454855195911414,0.8816013628620102,0.5076660988074957,0.9610418721420245,0.7308912415898867,0.7308912415898867,0.7308912415898867,0.7308912415898867,0.7308912415898867,0.7308912415898867,0.7308912415898867,0.7308912415898867,0.7308912415898867,0.7302682129263978,0.7299603715742427,0.7299603715742427,0.7290516149083172,0.7281651424248553,0.7255573260490173,0.7225947268137071,0.7156726169767261,0.6960706534206653,0.5502525190367858,0.7176618278954704,1.0,1.0,1.0,1.0,1.0,1.0,1.0,1.0,1.0,0.9983043501814833,0.9974624862754666,0.9974624862754666,0.9949608610567514,0.992495401594114,0.9802912674338357,0.9672366668979899,0.9489497869298977,0.891547981230933,0.6076300437827075,0.9671758595609813,0.936910700220147,0.936910700220147,0.936910700220147,0.936910700220147,0.936910700220147,0.936910700220147,0.936910700220147,0.936910700220147,0.936910700220147,0.9376731452653558,0.9380241068999736,0.9380241068999736,0.9387876407912552,0.939459801817949,0.9422342817836507,0.9447496721434439,0.9470613100940157,0.9519621295883784,0.9674275760216309,0.9409263196466815,0.8549217751290973,0.8549217751290973,0.8549217751290973,0.8549217751290973,0.8549217751290973,0.8549217751290973,0.8549217751290973,0.8549217751290973,0.8549217751290973,0.8535324174687958,0.8528431148226711,0.8528431148226711,0.8507965573722441,0.8487817586683213,0.8402435067144208,0.8307880312590079,0.8149068088518502,0.7656009957842882,0.46599356762937594,0.8247697815555537,1174.0,1174.0,1174.0,1174.0,1174.0,1174.0,1174.0,1174.0,1174.0,1172.0,1171.0,1171.0,1168.0,1165.0,1150.0,1133.0,1110.0,1035.0,596.0,1128.2631578947369,0.0,0.0,0.0,0.0,0.0,0.0,0.0,0.0,0.0,2.0,3.0,3.0,6.0,9.0,24.0,41.0,64.0,139.0,578.0,45.73684210526316,0.0,0.0,0.0,0.0,0.0,0.0,0.0,0.0,0.0,2.0,3.0,3.0,6.0,9.0,24.0,41.0,64.0,139.0,578.0,45.73684210526316,0.9948892674616695,0.9376731452653558,0.9965928449744463,0.9982964224872232,0.9982964224872232,1.0,0.0,0.0,0.9326685913551934,0.9982964224872232,0.0033277870216306157,0.996336431008804,1098.952926250997,1172,2,2,2,2,0,0,3.0,601,0.778534923339012,0.778534923339012,0.778534923339012,914,260,260,1174,1174,4,2
fencing_001_fencing_aria02_rgb,1.0,0.947830675053104,0.947830675053104,1.0,1.0,1.0,1.0,1.0,1.0,1.0,1.0,1.0,1.0,1.0,1.0,1.0,0.9933665008291874,0.9900662251655629,0.9900662251655629,0.9640522875816994,0.875195007800312,0.4025670945157526,0.9587007021609513,1.0,1.0,1.0,1.0,1.0,1.0,1.0,1.0,1.0,1.0,1.0,1.0,1.0,0.9933665008291874,0.9900662251655629,0.9900662251655629,0.9640522875816994,0.875195007800312,0.4025670945157526,0.9587007021609513,1.0,1.0,1.0,1.0,1.0,1.0,1.0,1.0,1.0,1.0,1.0,1.0,1.0,0.9933665008291874,0.9900662251655629,0.9900662251655629,0.9640522875816994,0.875195007800312,0.4025670945157526,0.9587007021609513,1.0,1.0,1.0,1.0,1.0,1.0,1.0,1.0,1.0,1.0,1.0,1.0,1.0,0.9966722129783694,0.9950083194675541,0.9950083194675541,0.9816971713810316,0.9334442595673876,0.5740432612312812,0.9724143970575357,1.0,1.0,1.0,1.0,1.0,1.0,1.0,1.0,1.0,1.0,1.0,1.0,1.0,0.9966722129783694,0.9950083194675541,0.9950083194675541,0.9816971713810316,0.9334442595673876,0.5740432612312812,0.9724143970575357,1.0,1.0,1.0,1.0,1.0,1.0,1.0,1.0,1.0,1.0,1.0,1.0,1.0,0.9966722129783694,0.9950083194675542,0.9950083194675542,0.9816971713810316,0.9334442595673876,0.5740432612312812,0.9724143970575357,1.0,1.0,1.0,1.0,1.0,1.0,1.0,1.0,1.0,1.0,1.0,1.0,1.0,0.9966722129783694,0.9950083194675542,0.9950083194675542,0.9816971713810316,0.9334442595673876,0.5740432612312812,0.9724143970575357,0.947830675053104,0.947830675053104,0.947830675053104,0.947830675053104,0.947830675053104,0.947830675053104,0.947830675053104,0.947830675053104,0.947830675053104,0.947830675053104,0.947830675053104,0.947830675053104,0.947830675053104,0.9487623074583049,0.9491140466399576,0.9491140466399576,0.9506620561854422,0.9543287642605709,0.9684545175787543,0.9495912902343862,1.0,1.0,1.0,1.0,1.0,1.0,1.0,1.0,1.0,1.0,1.0,1.0,1.0,0.9950179840987827,0.9925341963194879,0.9925341963194879,0.9728347258308407,0.9038505164202962,0.4807191776913254,0.9651310945621169,601.0,601.0,601.0,601.0,601.0,601.0,601.0,601.0,601.0,601.0,601.0,601.0,601.0,599.0,598.0,598.0,590.0,561.0,345.0,584.421052631579,0.0,0.0,0.0,0.0,0.0,0.0,0.0,0.0,0.0,0.0,0.0,0.0,0.0,2.0,3.0,3.0,11.0,40.0,256.0,16.57894736842105,0.0,0.0,0.0,0.0,0.0,0.0,0.0,0.0,0.0,0.0,0.0,0.0,0.0,2.0,3.0,3.0,11.0,40.0,256.0,16.57894736842105,1.0,0.947830675053104,1.0,1.0,1.0,1.0,0.0,0.0,0.947830675053104,1.0,0.0,1.0,569.6462357069155,601,0,0,0,1,0,0,0.0,601,1.0,1.0,1.0,601,0,0,601,601,1,1
fencing_001_fencing_aria03_rgb,0.8214831165816532,0.9047765437765257,0.7432586549915169,0.8214831165816532,0.8214831165816532,0.8214831165816532,0.8214831165816532,0.8214831165816532,0.8214831165816532,0.8214831165816532,0.8214831165816532,0.8214831165816532,0.8214831165816532,0.8214831165816532,0.8192741185652902,0.8137676805954526,0.8028941388356594,0.793767563273235,0.7606468672497204,0.6790441556747693,0.420121672917131,0.07656108020260093,0.7474942926164235,0.996386630532972,0.996386630532972,0.996386630532972,0.996386630532972,0.996386630532972,0.996386630532972,0.996386630532972,0.996386630532972,0.996386630532972,0.996386630532972,0.996386630532972,0.9927862939585211,0.9838420107719928,0.9644444444444444,0.9505736981465137,0.9068162208800691,0.8011409942950285,0.47235176548967356,0.08492881688757978,0.9009019568808692,0.6772817801336152,0.6772817801336152,0.6772817801336152,0.6772817801336152,0.6772817801336152,0.6772817801336152,0.6772817801336152,0.6772817801336152,0.6772817801336152,0.6772817801336152,0.6772817801336152,0.676087175493356,0.6730936783865115,0.6684044911969925,0.6628280855374727,0.6380384948289697,0.575555325017178,0.37366690028503224,0.06901778709042994,0.6203574483845111,0.996386630532972,0.996386630532972,0.996386630532972,0.996386630532972,0.996386630532972,0.996386630532972,0.996386630532972,0.996386630532972,0.996386630532972,0.996386630532972,0.996386630532972,0.994579945799458,0.990063233965673,0.980126467931346,0.9728997289972899,0.9494128274616079,0.8879855465221319,0.6404697380307136,0.15627822944896116,0.9227404554747302,1.0,1.0,1.0,1.0,1.0,1.0,1.0,1.0,1.0,1.0,1.0,0.9981867633726201,0.9936536718041704,0.9836808703535811,0.9764279238440616,0.9528558476881233,0.8912058023572076,0.642792384406165,0.15684496826835903,0.926086749057594,0.6772817801336152,0.6772817801336152,0.6772817801336152,0.6772817801336152,0.6772817801336152,0.6772817801336152,0.6772817801336152,0.6772817801336152,0.6772817801336152,0.6772817801336152,0.6772817801336152,0.6766994927272877,0.6754027735996875,0.6735732256382821,0.6706488140752309,0.6561265454694801,0.6179503116822224,0.46832643911976,0.11221008974497775,0.6316335407119313,1.0,1.0,1.0,1.0,1.0,1.0,1.0,1.0,1.0,1.0,1.0,0.9981937070412789,0.9942626594623158,0.9861476694493773,0.9803551392933664,0.9586951883364264,0.8965690970956963,0.652997396173369,0.16646272511624433,0.9280886095772671,0.9047765437765257,0.9047765437765257,0.9047765437765257,0.9047765437765257,0.9047765437765257,0.9047765437765257,0.9047765437765257,0.9047765437765257,0.9047765437765257,0.9047765437765257,0.9047765437765257,0.9053555537220169,0.9066186373716446,0.9089426407447936,0.910363474608359,0.9137146284798048,0.9193788015364108,0.9348544142850779,0.9639439149200997,0.9113533709057889,0.8214831165816532,0.8214831165816532,0.8214831165816532,0.8214831165816532,0.8214831165816532,0.8214831165816532,0.8214831165816532,0.8214831165816532,0.8214831165816532,0.8214831165816532,0.8214831165816532,0.8200138696131246,0.8163365139360117,0.8093954120863033,0.8030350333523437,0.7783070932510642,0.7149019582006347,0.4892058275780281,0.10385556107872973,0.7563876606049696,1103.0,1103.0,1103.0,1103.0,1103.0,1103.0,1103.0,1103.0,1103.0,1103.0,1103.0,1101.0,1096.0,1085.0,1077.0,1051.0,983.0,709.0,173.0,1021.4736842105264,4.0,4.0,4.0,4.0,4.0,4.0,4.0,4.0,4.0,4.0,4.0,6.0,11.0,22.0,30.0,56.0,124.0,398.0,934.0,85.52631578947368,0.0,0.0,0.0,0.0,0.0,0.0,0.0,0.0,0.0,0.0,0.0,2.0,7.0,18.0,26.0,52.0,120.0,394.0,930.0,81.52631578947368,0.993676603432701,0.9047765437765257,0.996386630532972,0.996386630532972,1.0,1.0,0.0,0.0,0.8987972247384894,0.9981900452488688,0.0,0.9959556266895035,997.9685277855078,1103,4,0,3,2,0,0,1.0,601,0.8,0.7985546522131888,0.8014505893019039,884,223,219,1103,1107,5,2
fencing_002_fencing_aria01_rgb,0.8216683829984649,0.9488282833307831,0.7796222013076138,0.8216683829984649,0.8216683829984649,0.8216683829984649,0.8216683829984649,0.8216683829984649,0.8216683829984649,0.8216683829984649,0.8216683829984649,0.8216683829984649,0.8216683829984649,0.8195355400615485,0.8195355400615485,0.8195355400615485,0.8174139781404073,0.8123186468987748,0.7923635096540126,0.7691828518269738,0.6996807301869067,0.40399562357132707,0.7879076731814576,0.9989550679205852,0.9989550679205852,0.9989550679205852,0.9989550679205852,0.9989550679205852,0.9989550679205852,0.9989550679205852,0.9989550679205852,0.9989550679205852,0.9989550679205852,0.9968684759916493,0.9968684759916493,0.9968684759916493,0.9947862356621481,0.9865005192107996,0.9660842754367934,0.9421319796954315,0.8500967117988395,0.45144157814871017,0.9563788109017644,0.6758451438908804,0.6758451438908804,0.6758451438908804,0.6758451438908804,0.6758451438908804,0.6758451438908804,0.6758451438908804,0.6758451438908804,0.6758451438908804,0.6758451438908804,0.6737483605907508,0.6737483605907508,0.6737483605907508,0.6716675278629914,0.6688912689345016,0.6498811205133845,0.6279823552279161,0.5758793292576894,0.3615361804601465,0.6492386475230362,0.9989550679205852,0.9989550679205852,0.9989550679205852,0.9989550679205852,0.9989550679205852,0.9989550679205852,0.9989550679205852,0.9989550679205852,0.9989550679205852,0.9989550679205852,0.9979101358411703,0.9979101358411703,0.9979101358411703,0.9968652037617555,0.9926854754440961,0.9822361546499477,0.9696969696969697,0.9184952978056427,0.6217345872518286,0.9718418302810317,1.0,1.0,1.0,1.0,1.0,1.0,1.0,1.0,1.0,1.0,0.9989539748953975,0.9989539748953975,0.9989539748953975,0.997907949790795,0.9937238493723849,0.9832635983263598,0.9707112970711297,0.9194560669456067,0.6223849372384938,0.9728584012332085,0.6758451438908804,0.6758451438908804,0.6758451438908804,0.6758451438908804,0.6758451438908804,0.6758451438908804,0.6758451438908804,0.6758451438908804,0.6758451438908804,0.6758451438908804,0.674628022275612,0.674628022275612,0.674628022275612,0.6734139098810537,0.6723403601842803,0.660859670410294,0.6469045836001098,0.6131553217877803,0.4210775026190848,0.6563203607483284,1.0,1.0,1.0,1.0,1.0,1.0,1.0,1.0,1.0,1.0,0.9989558972192466,0.9989558972192466,0.9989558972192466,0.997915647146249,0.9943342506121211,0.984107451915935,0.9723869890500461,0.924922283370777,0.7071646807576505,0.9777736312900271,0.9488282833307831,0.9488282833307831,0.9488282833307831,0.9488282833307831,0.9488282833307831,0.9488282833307831,0.9488282833307831,0.9488282833307831,0.9488282833307831,0.9488282833307831,0.9492659620587897,0.9492659620587897,0.9492659620587897,0.9495275822255557,0.9504916693494646,0.95230830265465,0.9540177517778352,0.9580801404380731,0.9697142192707934,0.9510642308000302,0.8216683829984649,0.8216683829984649,0.8216683829984649,0.8216683829984649,0.8216683829984649,0.8216683829984649,0.8216683829984649,0.8216683829984649,0.8216683829984649,0.8216683829984649,0.8199636077533453,0.8199636077533453,0.8199636077533453,0.8182676744337977,0.8148611214941173,0.7989597817116116,0.7803541419686809,0.7272843020625807,0.47410921519729166,0.7942321521111981,956.0,956.0,956.0,956.0,956.0,956.0,956.0,956.0,956.0,956.0,955.0,955.0,955.0,954.0,950.0,940.0,928.0,879.0,595.0,930.0526315789474,1.0,1.0,1.0,1.0,1.0,1.0,1.0,1.0,1.0,1.0,2.0,2.0,2.0,3.0,7.0,17.0,29.0,78.0,362.0,26.94736842105263,0.0,0.0,0.0,0.0,0.0,0.0,0.0,0.0,0.0,0.0,1.0,1.0,1.0,2.0,6.0,16.0,28.0,77.0,361.0,25.94736842105263,0.9947753396029259,0.9488282833307831,0.9989550679205852,0.9989550679205852,1.0,1.0,0.0,0.0,0.9436570939020152,0.9994772608468374,0.0,0.9983259561219144,907.0798388642286,956,1,0,4,2,0,0,4.0,601,0.7736539466806064,0.7732497387669801,0.7740585774058577,740,217,216,956,957,6,2
fencing_002_fencing_aria02_rgb,0.7981981642744083,0.9409421366987868,0.7510582862014109,0.7981981642744083,0.7981981642744083,0.7981981642744083,0.7981981642744083,0.7981981642744083,0.7981981642744083,0.7981981642744083,0.7981981642744083,0.7981981642744083,0.7981981642744083,0.7953490675419712,0.7953490675419712,0.7953490675419712,0.7925260527940174,0.785391574387668,0.7799671849897901,0.7441577887685737,0.6346266375205796,0.2886724766215554,0.7575458189711674,1.0,1.0,1.0,1.0,1.0,1.0,1.0,1.0,1.0,1.0,0.9974905897114178,0.9974905897114178,0.9974905897114178,0.9949874686716792,0.9850374064837906,0.9751861042183623,0.9343863912515188,0.8049886621315193,0.34573119188503804,0.9490941575671664,0.6371203094510353,0.6371203094510353,0.6371203094510353,0.6371203094510353,0.6371203094510353,0.6371203094510353,0.6371203094510353,0.6371203094510353,0.6371203094510353,0.6371203094510353,0.6341715358165873,0.6341715358165873,0.6341715358165873,0.6312617637243049,0.6262096455006965,0.623828423138274,0.5926571916819248,0.5003188094404186,0.24103060618994362,0.6046854811387197,1.0,1.0,1.0,1.0,1.0,1.0,1.0,1.0,1.0,1.0,0.9987437185929648,0.9987437185929648,0.9987437185929648,0.9974874371859297,0.992462311557789,0.9874371859296482,0.9660804020100503,0.8919597989949749,0.5138190954773869,0.9655514414176145,1.0,1.0,1.0,1.0,1.0,1.0,1.0,1.0,1.0,1.0,0.9987437185929648,0.9987437185929648,0.9987437185929648,0.9974874371859297,0.992462311557789,0.9874371859296482,0.9660804020100503,0.8919597989949749,0.5138190954773869,0.9655514414176145,0.6371203094510353,0.6371203094510353,0.6371203094510353,0.6371203094510353,0.6371203094510353,0.6371203094510353,0.6371203094510353,0.6371203094510353,0.6371203094510353,0.6371203094510353,0.6354118732329815,0.6354118732329815,0.6354118732329815,0.6337109041710441,0.6307396507797512,0.6293676202869679,0.6102217295242849,0.5430103762246536,0.30772260268190904,0.6122216630462057,1.0,1.0,1.0,1.0,1.0,1.0,1.0,1.0,1.0,1.0,0.9987480162228884,0.9987480162228884,0.9987480162228884,0.9975046493561525,0.9924813395262194,0.9875070724905763,0.9667467133016838,0.9003614610136177,0.540204915080709,0.9674236947072432,0.9409421366987868,0.9409421366987868,0.9409421366987868,0.9409421366987868,0.9409421366987868,0.9409421366987868,0.9409421366987868,0.9409421366987868,0.9409421366987868,0.9409421366987868,0.941442854296268,0.941442854296268,0.941442854296268,0.941757374078693,0.9427789628364192,0.9436633899062403,0.9462723119046408,0.951922373728288,0.9670261455845762,0.9435352888376594,0.7981981642744083,0.7981981642744083,0.7981981642744083,0.7981981642744083,0.7981981642744083,0.7981981642744083,0.7981981642744083,0.7981981642744083,0.7981981642744083,0.7981981642744083,0.7958485018565217,0.7958485018565217,0.7958485018565217,0.7935210639238424,0.7883460358836117,0.7848511850322882,0.7566733099523343,0.6680301375700658,0.3519177859314347,0.7638350877161697,796.0,796.0,796.0,796.0,796.0,796.0,796.0,796.0,796.0,796.0,795.0,795.0,795.0,794.0,790.0,786.0,769.0,710.0,409.0,768.578947368421,0.0,0.0,0.0,0.0,0.0,0.0,0.0,0.0,0.0,0.0,1.0,1.0,1.0,2.0,6.0,10.0,27.0,86.0,387.0,27.42105263157895,0.0,0.0,0.0,0.0,0.0,0.0,0.0,0.0,0.0,0.0,1.0,1.0,1.0,2.0,6.0,10.0,27.0,86.0,387.0,27.42105263157895,0.9987437185929648,0.9409421366987868,1.0,1.0,1.0,1.0,0.0,0.0,0.9396858552917516,1.0,0.0,1.0,748.9899408122343,796,0,0,1,2,0,0,0.0,601,0.6658291457286433,0.6658291457286433,0.6658291457286433,530,266,266,796,796,3,2
fencing_002_fencing_aria03_rgb,1.0,0.9118239993483064,0.9118239993483064,1.0,1.0,1.0,1.0,1.0,1.0,1.0,1.0,1.0,1.0,1.0,1.0,0.9983388715806645,0.9917273515035094,0.9753613745026823,0.9481413999832071,0.8437904809370516,0.523447401774398,0.10133858596099429,0.9148497613811847,1.0,1.0,1.0,1.0,1.0,1.0,1.0,1.0,1.0,1.0,1.0,1.0,0.99833748960931,0.9917149958574979,0.9753492193919474,0.9481361426256077,0.843558282208589,0.523447401774398,0.10123683005038937,0.914830545343039,1.0,1.0,1.0,1.0,1.0,1.0,1.0,1.0,1.0,1.0,1.0,1.0,0.9983402535539321,0.9917397073034582,0.9753735297648982,0.9481466573699583,0.8440227435807772,0.523447401774398,0.10144044414925191,0.9148689861840354,1.0,1.0,1.0,1.0,1.0,1.0,1.0,1.0,1.0,1.0,1.0,1.0,0.9991680532445923,0.9958402662229617,0.9875207986688852,0.9733777038269551,0.9151414309484193,0.6871880199667221,0.18386023294509152,0.9337945529380856,1.0,1.0,1.0,1.0,1.0,1.0,1.0,1.0,1.0,1.0,1.0,1.0,0.9991680532445923,0.9958402662229617,0.9875207986688852,0.9733777038269551,0.9151414309484193,0.6871880199667221,0.18386023294509152,0.9337945529380856,1.0,1.0,1.0,1.0,1.0,1.0,1.0,1.0,1.0,1.0,1.0,1.0,0.9991687459562955,0.9958465214617243,0.9875271066055312,0.9733805480893667,0.9152896687339283,0.6871880199667221,0.18416515460657576,0.9338192508115865,1.0,1.0,1.0,1.0,1.0,1.0,1.0,1.0,1.0,1.0,1.0,1.0,0.9991687459562955,0.9958465214617243,0.9875271066055312,0.9733805480893667,0.9152896687339283,0.6871880199667221,0.18416515460657576,0.9338192508115865,0.9118239993483064,0.9118239993483064,0.9118239993483064,0.9118239993483064,0.9118239993483064,0.9118239993483064,0.9118239993483064,0.9118239993483064,0.9118239993483064,0.9118239993483064,0.9118239993483064,0.9118239993483064,0.9120617140276962,0.9128786427902071,0.9143753923765267,0.9163217658353462,0.9218174897573486,0.9355902842258671,0.9633444842909336,0.916751461341242,1.0,1.0,1.0,1.0,1.0,1.0,1.0,1.0,1.0,1.0,1.0,1.0,0.9987540676358695,0.9937878718041179,0.9814283708523623,0.9606793514185535,0.8788630048611235,0.5997556032102358,0.1365681649995159,0.92367560183062,1202.0,1202.0,1202.0,1202.0,1202.0,1202.0,1202.0,1202.0,1202.0,1202.0,1202.0,1202.0,1201.0,1197.0,1187.0,1170.0,1100.0,826.0,221.0,1122.421052631579,0.0,0.0,0.0,0.0,0.0,0.0,0.0,0.0,0.0,0.0,0.0,0.0,1.0,5.0,15.0,32.0,102.0,376.0,981.0,79.57894736842105,0.0,0.0,0.0,0.0,0.0,0.0,0.0,0.0,0.0,0.0,0.0,0.0,1.0,5.0,15.0,32.0,102.0,376.0,981.0,79.57894736842105,1.0,0.9118239993483064,1.0,1.0,1.0,1.0,0.0,0.0,0.9118239993483064,1.0,0.0,1.0,1096.0124472166642,1202,0,0,0,2,0,0,0.0,601,1.0,1.0,1.0,1202,0,0,1202,1202,2,2
fencing_003_fencing_aria01_rgb,1.0,0.9661114170020363,0.9661114170020363,1.0,1.0,1.0,1.0,1.0,1.0,1.0,1.0,1.0,1.0,1.0,1.0,1.0,1.0,1.0,0.9900662251655629,0.9900662251655629,0.967266775777414,0.7547445255474453,0.984323355350315,1.0,1.0,1.0,1.0,1.0,1.0,1.0,1.0,1.0,1.0,1.0,1.0,1.0,1.0,1.0,0.9900662251655629,0.9900662251655629,0.967266775777414,0.7547445255474453,0.984323355350315,1.0,1.0,1.0,1.0,1.0,1.0,1.0,1.0,1.0,1.0,1.0,1.0,1.0,1.0,1.0,0.9900662251655629,0.9900662251655629,0.967266775777414,0.7547445255474453,0.984323355350315,1.0,1.0,1.0,1.0,1.0,1.0,1.0,1.0,1.0,1.0,1.0,1.0,1.0,1.0,1.0,0.9950083194675541,0.9950083194675541,0.9833610648918469,0.8602329450915142,0.991242665732551,1.0,1.0,1.0,1.0,1.0,1.0,1.0,1.0,1.0,1.0,1.0,1.0,1.0,1.0,1.0,0.9950083194675541,0.9950083194675541,0.9833610648918469,0.8602329450915142,0.991242665732551,1.0,1.0,1.0,1.0,1.0,1.0,1.0,1.0,1.0,1.0,1.0,1.0,1.0,1.0,1.0,0.9950083194675542,0.9950083194675542,0.9833610648918469,0.8602329450915142,0.991242665732551,1.0,1.0,1.0,1.0,1.0,1.0,1.0,1.0,1.0,1.0,1.0,1.0,1.0,1.0,1.0,0.9950083194675542,0.9950083194675542,0.9833610648918469,0.8602329450915142,0.991242665732551,0.9661114170020363,0.9661114170020363,0.9661114170020363,0.9661114170020363,0.9661114170020363,0.9661114170020363,0.9661114170020363,0.9661114170020363,0.9661114170020363,0.9661114170020363,0.9661114170020363,0.9661114170020363,0.9661114170020363,0.9661114170020363,0.9661114170020363,0.9670747444555747,0.9670747444555747,0.9680707037793178,0.9726285562675082,0.9666589475783431,1.0,1.0,1.0,1.0,1.0,1.0,1.0,1.0,1.0,1.0,1.0,1.0,1.0,1.0,1.0,0.9925341963194879,0.9925341963194879,0.9752807219785395,0.8057642992857008,0.9876901796791167,601.0,601.0,601.0,601.0,601.0,601.0,601.0,601.0,601.0,601.0,601.0,601.0,601.0,601.0,601.0,598.0,598.0,591.0,517.0,595.7368421052631,0.0,0.0,0.0,0.0,0.0,0.0,0.0,0.0,0.0,0.0,0.0,0.0,0.0,0.0,0.0,3.0,3.0,10.0,84.0,5.2631578947368425,0.0,0.0,0.0,0.0,0.0,0.0,0.0,0.0,0.0,0.0,0.0,0.0,0.0,0.0,0.0,3.0,3.0,10.0,84.0,5.2631578947368425,1.0,0.9661114170020363,1.0,1.0,1.0,1.0,0.0,0.0,0.9661114170020363,1.0,0.0,1.0,580.6329616182238,601,0,0,0,1,0,0,0.0,601,1.0,1.0,1.0,601,0,0,601,601,1,1
fencing_003_fencing_aria02_rgb,1.0,0.9431284119328285,0.9431284119328285,1.0,1.0,1.0,1.0,1.0,1.0,1.0,1.0,1.0,1.0,1.0,1.0,0.9949030357011182,0.9915347106985033,0.9881898905562727,0.9667125289160189,0.9319029728704722,0.8261439618982233,0.38500504872812646,0.9518101131246701,1.0,1.0,1.0,1.0,1.0,1.0,1.0,1.0,1.0,1.0,1.0,1.0,0.9948892674616695,0.9914965986394558,0.9881154499151104,0.966414777497901,0.9307502061005771,0.82398753894081,0.3744131455399061,0.9510561570576542,1.0,1.0,1.0,1.0,1.0,1.0,1.0,1.0,1.0,1.0,1.0,1.0,0.9949168041311052,0.9915728242225371,0.9882643368054934,0.9670103720710483,0.9330571673824372,0.8283060283390042,0.3958965899351639,0.9525802169940415,1.0,1.0,1.0,1.0,1.0,1.0,1.0,1.0,1.0,1.0,1.0,1.0,0.9974380871050385,0.9957301451750641,0.9940222032450897,0.9829205807002562,0.964133219470538,0.9035012809564474,0.5448334756618275,0.9675041574902243,1.0,1.0,1.0,1.0,1.0,1.0,1.0,1.0,1.0,1.0,1.0,1.0,0.9974380871050385,0.9957301451750641,0.9940222032450897,0.9829205807002562,0.964133219470538,0.9035012809564474,0.5448334756618275,0.9675041574902243,1.0,1.0,1.0,1.0,1.0,1.0,1.0,1.0,1.0,1.0,1.0,1.0,0.9974450252343187,0.9957494508139988,0.994060107312956,0.9830773176242026,0.9647747153135939,0.904925523203818,0.561369627862708,0.968494829861347,1.0,1.0,1.0,1.0,1.0,1.0,1.0,1.0,1.0,1.0,1.0,1.0,0.9974450252343187,0.9957494508139988,0.994060107312956,0.9830773176242026,0.9647747153135939,0.904925523203818,0.561369627862708,0.968494829861347,0.9431284119328285,0.9431284119328285,0.9431284119328285,0.9431284119328285,0.9431284119328285,0.9431284119328285,0.9431284119328285,0.9431284119328285,0.9431284119328285,0.9431284119328285,0.9431284119328285,0.9431284119328285,0.9439268798458466,0.9443802693852048,0.9447633044948885,0.9466215668139437,0.9488798414899391,0.9534737286942273,0.9666170740624526,0.9455896635779181,1.0,1.0,1.0,1.0,1.0,1.0,1.0,1.0,1.0,1.0,1.0,1.0,0.9961766479601837,0.9936493104786795,0.9911390888568284,0.9749330215246819,0.9484679281549218,0.8650870231532998,0.46443268090977474,0.9596781947914932,1171.0,1171.0,1171.0,1171.0,1171.0,1171.0,1171.0,1171.0,1171.0,1171.0,1171.0,1171.0,1168.0,1166.0,1164.0,1151.0,1129.0,1058.0,638.0,1132.9473684210527,0.0,0.0,0.0,0.0,0.0,0.0,0.0,0.0,0.0,0.0,0.0,0.0,3.0,5.0,7.0,20.0,42.0,113.0,533.0,38.05263157894737,0.0,0.0,0.0,0.0,0.0,0.0,0.0,0.0,0.0,0.0,0.0,0.0,3.0,5.0,7.0,20.0,42.0,113.0,533.0,38.05263157894737,1.0,0.9431284119328285,1.0,1.0,1.0,1.0,0.0,0.0,0.9431284119328285,1.0,0.0,1.0,1104.403370373342,1171,0,0,0,2,0,0,0.0,601,1.0,1.0,1.0,1171,0,0,1171,1171,2,2
fencing_003_fencing_aria03_rgb,0.9134017650094084,0.9227949273822997,0.8428825154127214,0.9134017650094084,0.9134017650094084,0.9134017650094084,0.9134017650094084,0.9134017650094084,0.9134017650094084,0.9134017650094084,0.9134017650094084,0.9134017650094084,0.9134017650094084,0.9134017650094084,0.9134017650094084,0.9134017650094084,0.9120200010483236,0.903702965626106,0.888714644573396,0.7978893627852096,0.5735821255085685,0.15061047138353506,0.8474075008446025,1.0,1.0,1.0,1.0,1.0,1.0,1.0,1.0,1.0,1.0,1.0,1.0,1.0,0.99833748960931,0.9900662251655629,0.9753492193919474,0.8825371965544244,0.6364874063989108,0.16642406598738477,0.9289053475319757,0.8343027843223025,0.8343027843223025,0.8343027843223025,0.8343027843223025,0.8343027843223025,0.8343027843223025,0.8343027843223025,0.8343027843223025,0.8343027843223025,0.8343027843223025,0.8343027843223025,0.8343027843223025,0.8343027843223025,0.8331656288272754,0.8248731542628378,0.8097753130633595,0.7213604567958041,0.5168938951428877,0.1362994826246469,0.7730686382582497,1.0,1.0,1.0,1.0,1.0,1.0,1.0,1.0,1.0,1.0,1.0,1.0,1.0,0.9991680532445923,0.9950083194675541,0.9875207986688852,0.937603993344426,0.7778702163061564,0.2853577371048253,0.9464489009545494,1.0,1.0,1.0,1.0,1.0,1.0,1.0,1.0,1.0,1.0,1.0,1.0,1.0,0.9991680532445923,0.9950083194675541,0.9875207986688852,0.937603993344426,0.7778702163061564,0.2853577371048253,0.9464489009545494,0.8343027843223025,0.8343027843223025,0.8343027843223025,0.8343027843223025,0.8343027843223025,0.8343027843223025,0.8343027843223025,0.8343027843223025,0.8343027843223025,0.8343027843223025,0.8343027843223025,0.8343027843223025,0.8343027843223025,0.8336826909355902,0.8291838018019021,0.8208461886745905,0.7681976357062393,0.6225221778319556,0.20190353298438465,0.7853827486381365,1.0,1.0,1.0,1.0,1.0,1.0,1.0,1.0,1.0,1.0,1.0,1.0,1.0,0.9991691134580831,0.9950125780508401,0.9875809166250872,0.9390691754033444,0.7852699300845684,0.36728043782667336,0.951230639549926,0.9227949273822997,0.9227949273822997,0.9227949273822997,0.9227949273822997,0.9227949273822997,0.9227949273822997,0.9227949273822997,0.9227949273822997,0.9227949273822997,0.9227949273822997,0.9227949273822997,0.9227949273822997,0.9227949273822997,0.922992491027722,0.9238208285186886,0.9249961798697909,0.9301328186919708,0.9407466575453981,0.9647287258568911,0.926513250393703,0.9134017650094084,0.9134017650094084,0.9134017650094084,0.9134017650094084,0.9134017650094084,0.9134017650094084,0.9134017650094084,0.9134017650094084,0.9134017650094084,0.9134017650094084,0.9134017650094084,0.9134017650094084,0.9134017650094084,0.9123992982163321,0.9059556561978995,0.8942426761783824,0.8224052802192513,0.6340949187796175,0.19721590181911725,0.8547650882385741,1202.0,1202.0,1202.0,1202.0,1202.0,1202.0,1202.0,1202.0,1202.0,1202.0,1202.0,1202.0,1202.0,1201.0,1196.0,1187.0,1127.0,935.0,343.0,1137.6315789473683,0.0,0.0,0.0,0.0,0.0,0.0,0.0,0.0,0.0,0.0,0.0,0.0,0.0,1.0,6.0,15.0,75.0,267.0,859.0,64.36842105263158,0.0,0.0,0.0,0.0,0.0,0.0,0.0,0.0,0.0,0.0,0.0,0.0,0.0,1.0,6.0,15.0,75.0,267.0,859.0,64.36842105263158,0.9991680532445923,0.9227949273822997,1.0,1.0,1.0,1.0,0.0,0.0,0.9219629806268921,1.0,0.0,1.0,1109.1995027135242,1202,0,0,1,2,0,0,0.0,601,0.8951747088186356,0.8951747088186356,0.8951747088186356,1076,126,126,1202,1202,3,2
fencing_004_fencing_aria01_rgb,0.9518862258052839,0.9454795131471839,0.8999889253458903,0.9518862258052839,0.9518862258052839,0.9518862258052839,0.9518862258052839,0.9518862258052839,0.9518862258052839,0.9518862258052839,0.9518862258052839,0.9518862258052839,0.9479562521882636,0.9479562521882636,0.9440575366871606,0.9440575366871606,0.9401898034408838,0.927728540533167,0.9011536073851345,0.8734266528375852,0.7846443381133811,0.48434258337303554,0.9085520597727154,0.9961538461538462,0.9961538461538462,0.9961538461538462,0.9961538461538462,0.9961538461538462,0.9961538461538462,0.9961538461538462,0.9961538461538462,0.9961538461538462,0.9923224568138196,0.9923224568138196,0.9885057471264368,0.9885057471264368,0.9847036328871893,0.969639468690702,0.9401869158878504,0.9116022099447514,0.8020833333333334,0.459915611814346,0.947114326095963,0.9095857937769702,0.9095857937769702,0.9095857937769702,0.9095857937769702,0.9095857937769702,0.9095857937769702,0.9095857937769702,0.9095857937769702,0.9095857937769702,0.9055736367673668,0.9055736367673668,0.901607942256944,0.901607942256944,0.8976882352941177,0.8876291371286391,0.8637408268294912,0.8368497899246016,0.7675845036883773,0.5100669167176736,0.8717997216644344,0.9980732177263969,0.9980732177263969,0.9980732177263969,0.9980732177263969,0.9980732177263969,0.9980732177263969,0.9980732177263969,0.9980732177263969,0.9980732177263969,0.9961464354527938,0.9961464354527938,0.9942196531791907,0.9942196531791907,0.9922928709055877,0.9845857418111753,0.9691714836223507,0.953757225433526,0.8901734104046243,0.630057803468208,0.9675489301287903,0.9980732177263969,0.9980732177263969,0.9980732177263969,0.9980732177263969,0.9980732177263969,0.9980732177263969,0.9980732177263969,0.9980732177263969,0.9980732177263969,0.9961464354527938,0.9961464354527938,0.9942196531791907,0.9942196531791907,0.9922928709055877,0.9845857418111753,0.9691714836223507,0.953757225433526,0.8901734104046243,0.630057803468208,0.9675489301287903,0.9095857937769702,0.9095857937769702,0.9095857937769702,0.9095857937769702,0.9095857937769702,0.9095857937769702,0.9095857937769702,0.9095857937769702,0.9095857937769702,0.9074845063045774,0.9074845063045774,0.9053907664892528,0.9053907664892528,0.9033046182979305,0.8985527492567656,0.8857962903692397,0.8700719387251895,0.8289800692083974,0.6261700033428667,0.8855209662516201,1.0,1.0,1.0,1.0,1.0,1.0,1.0,1.0,1.0,0.9980735949380966,0.9980735949380966,0.9961554153720616,0.9961554153720616,0.9942455092174051,0.9866797808913372,0.9719178662361669,0.9571999483424388,0.9017692273698141,0.6902991718298334,0.9731878697109111,0.9454795131471839,0.9454795131471839,0.9454795131471839,0.9454795131471839,0.9454795131471839,0.9454795131471839,0.9454795131471839,0.9454795131471839,0.9454795131471839,0.9463588436859762,0.9463588436859762,0.947105147618744,0.947105147618744,0.9475929070251896,0.9492471416342543,0.9520695901865411,0.954034402077592,0.9594067820659192,0.9699145701573444,0.9488688944253125,0.9528028232500151,0.9528028232500151,0.9528028232500151,0.9528028232500151,0.9528028232500151,0.9528028232500151,0.9528028232500151,0.9528028232500151,0.9528028232500151,0.9497810012344085,0.9497810012344085,0.9467820951276501,0.9467820951276501,0.9438059314171376,0.9348513210307907,0.9149387840743958,0.893393269363004,0.8266095302027576,0.5668964995208021,0.9183603651359548,518.0,518.0,518.0,518.0,518.0,518.0,518.0,518.0,518.0,517.0,517.0,516.0,516.0,515.0,511.0,503.0,495.0,462.0,327.0,502.1578947368421,1.0,1.0,1.0,1.0,1.0,1.0,1.0,1.0,1.0,2.0,2.0,3.0,3.0,4.0,8.0,16.0,24.0,57.0,192.0,16.842105263157894,1.0,1.0,1.0,1.0,1.0,1.0,1.0,1.0,1.0,2.0,2.0,3.0,3.0,4.0,8.0,16.0,24.0,57.0,192.0,16.842105263157894,0.9884393063583815,0.9463588436859762,0.9922928709055877,0.9961464354527938,0.9961464354527938,1.0,0.0,0.0,0.9350048597026005,0.9961464354527938,0.006430868167202572,0.9917128516461196,489.2675221856497,517,2,2,2,2,0,0,2.0,311,0.9479768786127167,0.9479768786127167,0.9479768786127167,492,27,27,519,519,5,2
fencing_004_fencing_aria02_rgb,1.0,0.9491882217480678,0.9491882217480678,1.0,1.0,1.0,1.0,1.0,1.0,1.0,1.0,1.0,1.0,1.0,1.0,1.0,1.0,0.9936509886988928,0.9810742995969995,0.9455820489307275,0.8588821159946778,0.4716474933473546,0.9605703656088765,1.0,1.0,1.0,1.0,1.0,1.0,1.0,1.0,1.0,1.0,1.0,1.0,1.0,1.0,0.9936507936507937,0.9810725552050473,0.9442724458204335,0.8579881656804734,0.4707259953161593,0.9604057871406793,1.0,1.0,1.0,1.0,1.0,1.0,1.0,1.0,1.0,1.0,1.0,1.0,1.0,1.0,0.9936511837470303,0.9810760439920535,0.9468934683180019,0.8597769977286805,0.4725707953125369,0.9607351836367529,1.0,1.0,1.0,1.0,1.0,1.0,1.0,1.0,1.0,1.0,1.0,1.0,1.0,1.0,0.9968152866242038,0.9904458598726115,0.9713375796178344,0.9235668789808917,0.6401273885350318,0.9748575259805564,1.0,1.0,1.0,1.0,1.0,1.0,1.0,1.0,1.0,1.0,1.0,1.0,1.0,1.0,0.9968152866242038,0.9904458598726115,0.9713375796178344,0.9235668789808917,0.6401273885350318,0.9748575259805564,1.0,1.0,1.0,1.0,1.0,1.0,1.0,1.0,1.0,1.0,1.0,1.0,1.0,1.0,0.99681538477343,0.9904467488963099,0.9722594134907665,0.9242561998743393,0.6415457546138548,0.9750170264025632,1.0,1.0,1.0,1.0,1.0,1.0,1.0,1.0,1.0,1.0,1.0,1.0,1.0,1.0,0.99681538477343,0.9904467488963099,0.9722594134907665,0.9242561998743393,0.6415457546138548,0.9750170264025632,0.9491882217480678,0.9491882217480678,0.9491882217480678,0.9491882217480678,0.9491882217480678,0.9491882217480678,0.9491882217480678,0.9491882217480678,0.9491882217480678,0.9491882217480678,0.9491882217480678,0.9491882217480678,0.9491882217480678,0.9491882217480678,0.9498587716478938,0.9509708261917348,0.9531702906243856,0.956934319022624,0.9678556082423576,0.9509171010632604,1.0,1.0,1.0,1.0,1.0,1.0,1.0,1.0,1.0,1.0,1.0,1.0,1.0,1.0,0.9952319777475378,0.9857498191692096,0.9590376476822714,0.8911013177028967,0.5500050082511406,0.9674276721343715,314.0,314.0,314.0,314.0,314.0,314.0,314.0,314.0,314.0,314.0,314.0,314.0,314.0,314.0,313.0,311.0,305.0,290.0,201.0,306.10526315789474,0.0,0.0,0.0,0.0,0.0,0.0,0.0,0.0,0.0,0.0,0.0,0.0,0.0,0.0,1.0,3.0,9.0,24.0,113.0,7.894736842105263,0.0,0.0,0.0,0.0,0.0,0.0,0.0,0.0,0.0,0.0,0.0,0.0,0.0,0.0,1.0,3.0,9.0,24.0,113.0,7.894736842105263,1.0,0.9491882217480678,1.0,1.0,1.0,1.0,0.0,0.0,0.9491882217480678,1.0,0.0,1.0,298.0451016288933,314,0,0,0,2,0,0,0.0,311,1.0,1.0,1.0,314,0,0,314,314,2,2
fencing_004_fencing_aria03_rgb,0.8510153894336097,0.9095744793456552,0.7740618797592155,0.8510153894336097,0.8510153894336097,0.8510153894336097,0.8510153894336097,0.8510153894336097,0.8510153894336097,0.8510153894336097,0.8510153894336097,0.8510153894336097,0.8510153894336097,0.8510153894336097,0.8510153894336097,0.8439010147368972,0.8399062037141549,0.8329677443474964,0.8170328330832566,0.7049743224268923,0.4514111222251724,0.1027653965567129,0.7792180689628367,0.9966216216216216,0.9966216216216216,0.9966216216216216,0.9966216216216216,0.9966216216216216,0.9966216216216216,0.9966216216216216,0.9966216216216216,0.9966216216216216,0.9966216216216216,0.9966216216216216,0.9966216216216216,0.9865546218487395,0.9798994974874372,0.97,0.944078947368421,0.7881996974281392,0.4905422446406053,0.10881801125703565,0.906713288394202,0.7266822004869157,0.7266822004869157,0.7266822004869157,0.7266822004869157,0.7266822004869157,0.7266822004869157,0.7266822004869157,0.7266822004869157,0.7266822004869157,0.7266822004869157,0.7266822004869157,0.7266822004869157,0.7218748023696916,0.719913045007524,0.7152940856941816,0.7070835041887108,0.6305366481399426,0.4154015347197725,0.09704943701381653,0.6698599717356121,0.9966216216216216,0.9966216216216216,0.9966216216216216,0.9966216216216216,0.9966216216216216,0.9966216216216216,0.9966216216216216,0.9966216216216216,0.9966216216216216,0.9966216216216216,0.9966216216216216,0.9966216216216216,0.9915540540540541,0.9881756756756757,0.9831081081081081,0.9695945945945946,0.8800675675675675,0.6570945945945946,0.19594594594594594,0.9276315789473685,1.0,1.0,1.0,1.0,1.0,1.0,1.0,1.0,1.0,1.0,1.0,1.0,0.9949152542372881,0.9915254237288136,0.9864406779661017,0.9728813559322034,0.8830508474576271,0.6593220338983051,0.19661016949152543,0.9307760927743087,0.7266822004869157,0.7266822004869157,0.7266822004869157,0.7266822004869157,0.7266822004869157,0.7266822004869157,0.7266822004869157,0.7266822004869157,0.7266822004869157,0.7266822004869157,0.7266822004869157,0.7266822004869157,0.7242573254027567,0.7234678721091145,0.7211003940236477,0.717690943392323,0.6768394698304899,0.5205776459392837,0.15875140758006473,0.6822563928484563,1.0,1.0,1.0,1.0,1.0,1.0,1.0,1.0,1.0,1.0,1.0,1.0,0.9949632375973596,0.9917008433401877,0.9868482856694789,0.9737612037369278,0.8888372160767617,0.672485539789261,0.2088864971326814,0.932499095965403,0.9095744793456552,0.9095744793456552,0.9095744793456552,0.9095744793456552,0.9095744793456552,0.9095744793456552,0.9095744793456552,0.9095744793456552,0.9095744793456552,0.9095744793456552,0.9095744793456552,0.9095744793456552,0.9110277490281568,0.911824310427332,0.9127525964757097,0.914666150365761,0.9230874527744405,0.9378361624225608,0.9627270484477092,0.915200801162607,0.8510153894336097,0.8510153894336097,0.8510153894336097,0.8510153894336097,0.8510153894336097,0.8510153894336097,0.8510153894336097,0.8510153894336097,0.8510153894336097,0.8510153894336097,0.8510153894336097,0.8510153894336097,0.8460365753376959,0.8434456471391877,0.8385770181251845,0.8280002074808789,0.7449260729701481,0.5224539243327218,0.1379001223320479,0.7880802232063779,590.0,590.0,590.0,590.0,590.0,590.0,590.0,590.0,590.0,590.0,590.0,590.0,587.0,585.0,582.0,574.0,521.0,389.0,116.0,549.1578947368421,2.0,2.0,2.0,2.0,2.0,2.0,2.0,2.0,2.0,2.0,2.0,2.0,5.0,7.0,10.0,18.0,71.0,203.0,476.0,42.8421052631579,0.0,0.0,0.0,0.0,0.0,0.0,0.0,0.0,0.0,0.0,0.0,0.0,3.0,5.0,8.0,16.0,69.0,201.0,474.0,40.8421052631579,0.9915540540540541,0.9095744793456552,0.9966216216216216,0.9966216216216216,1.0,1.0,0.0,0.0,0.9014340250235414,0.9983079526226735,0.0,0.9958156735562167,536.6489428139365,590,2,0,3,2,0,0,2.0,311,0.8392554991539763,0.8378378378378378,0.8406779661016949,496,96,94,590,592,5,2
fencing_005_fencing_aria01_rgb,0.8568430100417247,0.9466480253800258,0.8111287435166763,0.8568430100417247,0.8568430100417247,0.8568430100417247,0.8561978323693662,0.8561978323693662,0.8561978323693662,0.8561978323693662,0.8561978323693662,0.8555561411741189,0.8543917849385232,0.8537542602280848,0.8525957901499089,0.8525957901499089,0.8501805415092499,0.8479424709778306,0.8448279271474086,0.833107666033558,0.7800276016732554,0.44156373949543065,0.827266416076278,0.999128160418483,0.999128160418483,0.999128160418483,0.9973867595818815,0.9973867595818815,0.9973867595818815,0.9973867595818815,0.9973867595818815,0.9956483899042646,0.9939130434782608,0.9921807124239791,0.9904513888888888,0.9904513888888888,0.9852813852813853,0.9784296807592753,0.9733218588640276,0.9548167092924126,0.8687856560717196,0.4067484662576687,0.9533866820671382,0.7348205895326314,0.7348205895326314,0.7348205895326314,0.7349954479657584,0.7349954479657584,0.7349954479657584,0.7349954479657584,0.7349954479657584,0.7351755078629025,0.7344559234435705,0.734640703785554,0.7339275703341913,0.7339275703341913,0.733604596573735,0.7348575459505989,0.7332972335802594,0.7269126906233518,0.7003373675887471,0.47935899508388735,0.7189439322940882,0.999128160418483,0.999128160418483,0.999128160418483,0.998256320836966,0.998256320836966,0.998256320836966,0.998256320836966,0.998256320836966,0.997384481255449,0.9965126416739319,0.995640802092415,0.994768962510898,0.994768962510898,0.992153443766347,0.988666085440279,0.986050566695728,0.976460331299041,0.9293809938971229,0.5780296425457716,0.969393842059377,1.0,1.0,1.0,0.9991273996509599,0.9991273996509599,0.9991273996509599,0.9991273996509599,0.9991273996509599,0.9982547993019197,0.9973821989528796,0.9965095986038395,0.9956369982547993,0.9956369982547993,0.9930191972076788,0.9895287958115183,0.9869109947643979,0.9773123909249564,0.9301919720767888,0.5785340314136126,0.9702397354643154,0.7348205895326314,0.7348205895326314,0.7348205895326314,0.7350448677959595,0.7350448677959595,0.7350448677959595,0.7350448677959595,0.7350448677959595,0.7352727400804323,0.7348664750239553,0.7350977977072547,0.7346938775510204,0.7346938775510204,0.7347653810746957,0.7361426051902242,0.735538112542398,0.7328060174216877,0.7223202591296106,0.5943564750116425,0.72685472241377,1.0,1.0,1.0,0.9991333044434814,0.9991333044434814,0.9991333044434814,0.9991333044434814,0.9991333044434814,0.9982784391181337,0.9974047096514723,0.9965602023384974,0.9956887795022152,0.9956887795022152,0.9931619320905508,0.9901669505961589,0.9877327984348897,0.979260568085461,0.9405134266877276,0.652660243913192,0.9748833343230485,0.9466480253800258,0.9466480253800258,0.9466480253800258,0.9473191365578119,0.9473191365578119,0.9473191365578119,0.9473191365578119,0.9473191365578119,0.9477560003433595,0.948165423569037,0.9485174990230674,0.9488285642520901,0.9488285642520901,0.9495381315336142,0.9503494064579993,0.9508572526845813,0.9520162659615127,0.9556351056529641,0.9687850469591754,0.9497798431378225,0.8568430100417247,0.8568430100417247,0.8568430100417247,0.8565709846347912,0.8565709846347912,0.8565709846347912,0.8565709846347912,0.8565709846347912,0.8563017240094477,0.8555083941515825,0.8552416381156762,0.8544520862514688,0.8544520862514688,0.8531402738433187,0.8523665486815097,0.8503341418102794,0.8424971256399368,0.8067714910387727,0.5263874130138749,0.83478088821613,1146.0,1146.0,1146.0,1145.0,1145.0,1145.0,1145.0,1145.0,1144.0,1143.0,1142.0,1141.0,1141.0,1138.0,1134.0,1131.0,1120.0,1066.0,663.0,1111.8947368421052,1.0,1.0,1.0,2.0,2.0,2.0,2.0,2.0,3.0,4.0,5.0,6.0,6.0,9.0,13.0,16.0,27.0,81.0,484.0,35.10526315789474,0.0,0.0,0.0,1.0,1.0,1.0,1.0,1.0,2.0,3.0,4.0,5.0,5.0,8.0,12.0,15.0,26.0,80.0,483.0,34.10526315789474,0.99128160418483,0.948165423569037,0.993897122929381,0.9965126416739319,0.9973821989528796,1.0,0.0,0.0,0.9396277934955617,0.996947230702137,0.004991680532445923,0.9934811497343334,1083.7530791394092,1143,4,3,3,2,0,0,5.0,601,0.809419973833406,0.8090671316477768,0.8097731239092496,928,219,218,1146,1147,5,2
fencing_005_fencing_aria02_rgb,0.6555170863132965,0.9510755915237598,0.62344630061935,0.6555170863132965,0.6555170863132965,0.6555170863132965,0.6555170863132965,0.6555170863132965,0.6555170863132965,0.654561662709597,0.654561662709597,0.654561662709597,0.654561662709597,0.654561662709597,0.6520143208090063,0.6520143208090063,0.6476350474734743,0.6442291170524491,0.6306109826682947,0.6174783952231794,0.5861742118388613,0.4048066307061615,0.633730203053063,0.9964664310954063,0.9964664310954063,0.9964664310954063,0.9964664310954063,0.9964664310954063,0.9964664310954063,0.9929453262786596,0.9929453262786596,0.9929453262786596,0.9929453262786596,0.9929453262786596,0.9894366197183099,0.9894366197183099,0.978984238178634,0.9720767888307156,0.9382504288164666,0.9120135363790186,0.8494271685761048,0.5694444444444444,0.9548734243488285,0.4312264187126762,0.4312264187126762,0.4312264187126762,0.4312264187126762,0.4312264187126762,0.4312264187126762,0.4314950269164287,0.4314950269164287,0.4314950269164287,0.4314950269164287,0.4314950269164287,0.42966135078067064,0.42966135078067064,0.42843504354708145,0.4269530555887542,0.4238422911924526,0.41806349726035114,0.4045081430593838,0.2877689120727945,0.4207224890073874,0.9964664310954063,0.9964664310954063,0.9964664310954063,0.9964664310954063,0.9964664310954063,0.9964664310954063,0.9946996466431095,0.9946996466431095,0.9946996466431095,0.9946996466431095,0.9946996466431095,0.9929328621908127,0.9929328621908127,0.9876325088339223,0.9840989399293286,0.9664310954063604,0.9522968197879859,0.9169611307420494,0.7243816254416962,0.9721034033847871,1.0,1.0,1.0,1.0,1.0,1.0,0.99822695035461,0.99822695035461,0.99822695035461,0.99822695035461,0.99822695035461,0.9964539007092199,0.9964539007092199,0.9911347517730497,0.9875886524822695,0.9698581560283688,0.9556737588652482,0.9202127659574468,0.7269503546099291,0.975550578574095,0.4312264187126762,0.4312264187126762,0.4312264187126762,0.4312264187126762,0.4312264187126762,0.4312264187126762,0.4315211261660753,0.4315211261660753,0.4315211261660753,0.4315211261660753,0.4315211261660753,0.43026179544692456,0.43026179544692456,0.42939466697153844,0.42849503145923945,0.4273540066064085,0.42357204631708245,0.4147799480476888,0.3237805118745144,0.42383494448825026,1.0,1.0,1.0,1.0,1.0,1.0,0.9984775437706165,0.9984775437706165,0.9984775437706165,0.9984775437706165,0.9984775437706165,0.9967015070700456,0.9967015070700456,0.992323339845019,0.9894927969361983,0.9732039941969861,0.9627315169427354,0.9348690680219203,0.7545380790810214,0.978576290948266,0.9510755915237598,0.9510755915237598,0.9510755915237598,0.9510755915237598,0.9510755915237598,0.9510755915237598,0.9521800564594581,0.9521800564594581,0.9521800564594581,0.9521800564594581,0.9521800564594581,0.952815580269729,0.952815580269729,0.9542738621417026,0.9550773645322095,0.9583128269767256,0.9603649178791273,0.9634111734077735,0.971105376131478,0.954501605949912,0.6555170863132965,0.6555170863132965,0.6555170863132965,0.6555170863132965,0.6555170863132965,0.6555170863132965,0.65513964221533,0.65513964221533,0.65513964221533,0.65513964221533,0.65513964221533,0.653165273727425,0.653165273727425,0.6504893365234935,0.6482006243474937,0.640011226273933,0.6309679381002459,0.6090305774377008,0.45656819017412875,0.6394946931193829,564.0,564.0,564.0,564.0,564.0,564.0,563.0,563.0,563.0,563.0,563.0,562.0,562.0,559.0,557.0,547.0,539.0,519.0,410.0,550.2105263157895,2.0,2.0,2.0,2.0,2.0,2.0,3.0,3.0,3.0,3.0,3.0,4.0,4.0,7.0,9.0,19.0,27.0,47.0,156.0,15.789473684210526,0.0,0.0,0.0,0.0,0.0,0.0,1.0,1.0,1.0,1.0,1.0,2.0,2.0,5.0,7.0,17.0,25.0,45.0,154.0,13.789473684210526,0.9823321554770318,0.9521800564594581,0.9929328621908127,0.9946996466431095,0.99822695035461,1.0,0.0,0.0,0.9347656745347613,0.9964601769911504,0.0016638935108153079,0.9915580366600996,536.0773717866749,563,3,1,6,2,0,0,5.0,601,0.5663716814159292,0.5653710247349824,0.5673758865248227,320,246,244,564,566,8,2
fencing_005_fencing_aria03_rgb,0.6739461476246229,0.9267396895924475,0.6245726436516688,0.6739461476246229,0.6739461476246229,0.6739461476246229,0.6739461476246229,0.6739461476246229,0.6739461476246229,0.6739461476246229,0.6739461476246229,0.6739461476246229,0.6739461476246229,0.6739461476246229,0.6729709461701178,0.6694063223431144,0.6675711998017606,0.6595115808470967,0.6461163228015939,0.6247496657179221,0.4927442309986225,0.15765328709899656,0.6317963778763198,0.9973309608540926,0.9973309608540926,0.9973309608540926,0.9973309608540926,0.9973309608540926,0.9973309608540926,0.9973309608540926,0.9973309608540926,0.9973309608540926,0.9973309608540926,0.9973309608540926,0.9955555555555555,0.9884853852967228,0.9832155477031802,0.9692982456140351,0.9487847222222222,0.9122657580919932,0.6981845688350984,0.19414893617021275,0.92950417309916,0.45541894087906387,0.45541894087906387,0.45541894087906387,0.45541894087906387,0.45541894087906387,0.45541894087906387,0.45541894087906387,0.45541894087906387,0.45541894087906387,0.45541894087906387,0.45541894087906387,0.4549117242747692,0.4533246834584426,0.4532590110539001,0.4487323971126133,0.4400010801321435,0.42784916714510324,0.3477545738192463,0.12801800217606313,0.4296557362548412,0.9973309608540926,0.9973309608540926,0.9973309608540926,0.9973309608540926,0.9973309608540926,0.9973309608540926,0.9973309608540926,0.9973309608540926,0.9973309608540926,0.9973309608540926,0.9973309608540926,0.99644128113879,0.9928825622775801,0.9902135231316725,0.9830960854092526,0.9724199288256228,0.952846975088968,0.8211743772241993,0.32473309608540923,0.9476025472935007,1.0,1.0,1.0,1.0,1.0,1.0,1.0,1.0,1.0,1.0,1.0,0.9991079393398751,0.9955396966993756,0.9928635147190009,0.9857270294380018,0.9750223015165032,0.9553969669937555,0.8233719892952721,0.3256021409455843,0.9501385041551247,0.45541894087906387,0.45541894087906387,0.45541894087906387,0.45541894087906387,0.45541894087906387,0.45541894087906387,0.45541894087906387,0.45541894087906387,0.45541894087906387,0.45541894087906387,0.45541894087906387,0.4550704357540889,0.4540542509614232,0.45415821219428487,0.4511072563231512,0.4449568197176283,0.4364235292225637,0.374818811944224,0.1625975003816741,0.43383132453519685,1.0,1.0,1.0,1.0,1.0,1.0,1.0,1.0,1.0,1.0,1.0,0.999110878661088,0.9955713971999376,0.9930101539185917,0.9859773921419038,0.9754865604733735,0.9559724655766345,0.8302728704385901,0.3696012217255901,0.95289489158609,0.9267396895924475,0.9267396895924475,0.9267396895924475,0.9267396895924475,0.9267396895924475,0.9267396895924475,0.9267396895924475,0.9267396895924475,0.9267396895924475,0.9267396895924475,0.9267396895924475,0.9270714726378788,0.9281216918432692,0.9287910725660214,0.9303056649493625,0.9319262472847385,0.9340652791757569,0.9423244079702364,0.9644168883086512,0.9305873321185703,0.6739461476246229,0.6739461476246229,0.6739461476246229,0.6739461476246229,0.6739461476246229,0.6739461476246229,0.6739461476246229,0.6739461476246229,0.6739461476246229,0.6739461476246229,0.6739461476246229,0.6732702439150323,0.6708935632839917,0.6699426857775672,0.664189026556236,0.6541145305107479,0.6384941540128194,0.534384829109965,0.20389134901045122,0.6380309476867192,1121.0,1121.0,1121.0,1121.0,1121.0,1121.0,1121.0,1121.0,1121.0,1121.0,1121.0,1120.0,1116.0,1113.0,1105.0,1093.0,1071.0,923.0,365.0,1065.1052631578948,3.0,3.0,3.0,3.0,3.0,3.0,3.0,3.0,3.0,3.0,3.0,4.0,8.0,11.0,19.0,31.0,53.0,201.0,759.0,58.89473684210526,0.0,0.0,0.0,0.0,0.0,0.0,0.0,0.0,0.0,0.0,0.0,1.0,5.0,8.0,16.0,28.0,50.0,198.0,756.0,55.89473684210526,0.994661921708185,0.9267396895924475,0.9973309608540926,0.9973309608540926,1.0,1.0,0.0,0.0,0.9215971459369515,0.9986636971046771,0.0,0.9969064757520288,1038.8751920331335,1121,3,0,3,2,0,0,2.0,601,0.4997772828507795,0.4991103202846975,0.5004460303300624,561,563,560,1121,1124,5,2
fencing_006_fencing_aria01_rgb,0.7229376279100819,0.9391178514734608,0.6789236318722364,0.7229376279100819,0.7229376279100819,0.7229376279100819,0.7229376279100819,0.7229376279100819,0.7220085727213426,0.7220085727213426,0.7207234734784084,0.7207234734784084,0.7207234734784084,0.7207234734784084,0.7194434211498717,0.7194434211498717,0.7168983884222454,0.7039566866203723,0.6908766535557106,0.6566428320644067,0.5868751575024062,0.29636849310566876,0.6859002227619623,0.998326359832636,0.998326359832636,0.998326359832636,0.998326359832636,0.998326359832636,0.9966555183946488,0.9966555183946488,0.9949874686716792,0.9949874686716792,0.9949874686716792,0.9949874686716792,0.993322203672788,0.993322203672788,0.99,0.9719240297274979,0.9541734860883797,0.9058260175578612,0.7995478522984175,0.3378151260504202,0.9426749278793339,0.5235149895630058,0.5235149895630058,0.5235149895630058,0.5235149895630058,0.5235149895630058,0.5230456957914428,0.5230456957914428,0.5220591631332242,0.5220591631332242,0.5220591631332242,0.5220591631332242,0.5210784922777533,0.5210784922777533,0.5191346457802148,0.5098701148241738,0.5002345562808133,0.47600731326313694,0.43077152856252604,0.2600069592283894,0.4994781628645038,0.9991624790619765,0.9991624790619765,0.9991624790619765,0.9991624790619765,0.9991624790619765,0.998324958123953,0.998324958123953,0.9974874371859297,0.9974874371859297,0.9974874371859297,0.9974874371859297,0.9966499162479062,0.9966499162479062,0.9949748743718593,0.9857621440536013,0.9765494137353434,0.9505862646566164,0.8886097152428811,0.5050251256281407,0.9619589173939876,0.9991624790619765,0.9991624790619765,0.9991624790619765,0.9991624790619765,0.9991624790619765,0.998324958123953,0.998324958123953,0.9974874371859297,0.9974874371859297,0.9974874371859297,0.9974874371859297,0.9966499162479062,0.9966499162479062,0.9949748743718593,0.9857621440536013,0.9765494137353434,0.9505862646566164,0.8886097152428811,0.5050251256281407,0.9619589173939876,0.5236808436858236,0.5236808436858236,0.5236808436858236,0.5236808436858236,0.5236808436858236,0.5233746182881551,0.5233746182881551,0.5227341354455254,0.5227341354455254,0.5227341354455254,0.5227341354455254,0.5220953726208253,0.5220953726208253,0.5208230243991328,0.514675184319461,0.5081221720087475,0.4908008632899203,0.45648842424540426,0.3039968887831119,0.5050098578460505,0.9991649401382278,0.9991649401382278,0.9991649401382278,0.9991649401382278,0.9991649401382278,0.9983348106876029,0.9983348106876029,0.9974959515692282,0.9974959515692282,0.9974959515692282,0.9974959515692282,0.9966600254259961,0.9966600254259961,0.9949970016909708,0.985926516478695,0.9770388232121027,0.9532303676534282,0.8969291922713064,0.5962986141175778,0.9673799312957542,0.9391178514734608,0.9391178514734608,0.9391178514734608,0.9391178514734608,0.9391178514734608,0.9396870682364681,0.9396870682364681,0.9401776684890985,0.9401776684890985,0.9401776684890985,0.9401776684890985,0.9404951224417392,0.9404951224417392,0.940913268003562,0.9428967610658335,0.9444277953797688,0.9476682717513966,0.9524160032954474,0.9685446087664125,0.9428174221548701,0.7232403022494512,0.7232403022494512,0.7232403022494512,0.7232403022494512,0.7232403022494512,0.7226130170069633,0.7226130170069633,0.7216283369527495,0.7216283369527495,0.7216283369527495,0.7216283369527495,0.7206475114001352,0.7206475114001352,0.7186973834426065,0.7089503914787927,0.6989304419369554,0.6726708064603646,0.618698444584021,0.36236728225449416,0.6931342455805098,1193.0,1193.0,1193.0,1193.0,1193.0,1192.0,1192.0,1191.0,1191.0,1191.0,1191.0,1190.0,1190.0,1188.0,1177.0,1166.0,1135.0,1061.0,603.0,1148.578947368421,1.0,1.0,1.0,1.0,1.0,2.0,2.0,3.0,3.0,3.0,3.0,4.0,4.0,6.0,17.0,28.0,59.0,133.0,591.0,45.421052631578945,1.0,1.0,1.0,1.0,1.0,2.0,2.0,3.0,3.0,3.0,3.0,4.0,4.0,6.0,17.0,28.0,59.0,133.0,591.0,45.421052631578945,0.9932998324958124,0.9401776684890985,0.9949748743718593,0.9974874371859297,0.9974874371859297,1.0,0.0,0.0,0.9336278083505162,0.9974874371859297,0.004991680532445923,0.9947227554475175,1119.7516031705163,1191,3,3,2,2,0,0,4.0,601,0.5988274706867671,0.5988274706867671,0.5988274706867671,715,479,479,1194,1194,4,2
fencing_006_fencing_aria02_rgb,1.0,0.9639466970048323,0.9639466970048323,1.0,1.0,1.0,1.0,1.0,1.0,1.0,1.0,1.0,1.0,1.0,1.0,0.9966777408637874,0.9933665008291874,0.9867768595041322,0.9802306425041186,0.9704918032786886,0.9418416801292407,0.7420289855072464,0.9795481164534947,1.0,1.0,1.0,1.0,1.0,1.0,1.0,1.0,1.0,1.0,1.0,1.0,0.9966777408637874,0.9933665008291874,0.9867768595041322,0.9802306425041186,0.9704918032786886,0.9418416801292407,0.7420289855072464,0.9795481164534947,1.0,1.0,1.0,1.0,1.0,1.0,1.0,1.0,1.0,1.0,1.0,1.0,0.9966777408637874,0.9933665008291874,0.9867768595041322,0.9802306425041186,0.9704918032786886,0.9418416801292407,0.7420289855072464,0.9795481164534947,1.0,1.0,1.0,1.0,1.0,1.0,1.0,1.0,1.0,1.0,1.0,1.0,0.9983361064891847,0.9966722129783694,0.9933444259567388,0.9900166389351082,0.9850249584026622,0.9700499168053245,0.8519134775374376,0.9887030387949908,1.0,1.0,1.0,1.0,1.0,1.0,1.0,1.0,1.0,1.0,1.0,1.0,0.9983361064891847,0.9966722129783694,0.9933444259567388,0.9900166389351082,0.9850249584026622,0.9700499168053245,0.8519134775374376,0.9887030387949908,1.0,1.0,1.0,1.0,1.0,1.0,1.0,1.0,1.0,1.0,1.0,1.0,0.9983361064891847,0.9966722129783694,0.9933444259567388,0.9900166389351083,0.9850249584026624,0.9700499168053244,0.8519134775374376,0.9887030387949906,1.0,1.0,1.0,1.0,1.0,1.0,1.0,1.0,1.0,1.0,1.0,1.0,0.9983361064891847,0.9966722129783694,0.9933444259567388,0.9900166389351083,0.9850249584026624,0.9700499168053244,0.8519134775374376,0.9887030387949906,0.9639466970048323,0.9639466970048323,0.9639466970048323,0.9639466970048323,0.9639466970048323,0.9639466970048323,0.9639466970048323,0.9639466970048323,0.9639466970048323,0.9639466970048323,0.9639466970048323,0.9639466970048323,0.9645251233512248,0.9650240128226971,0.9658211614883061,0.9664678659828597,0.967146198270377,0.9685763507315691,0.9730248135541818,0.9651550468557477,1.0,1.0,1.0,1.0,1.0,1.0,1.0,1.0,1.0,1.0,1.0,1.0,0.997506579045166,0.9950179840987827,0.9900551969721313,0.9851114891590338,0.9777313783216303,0.9558417460297269,0.7950751495783622,0.9840178696423595,601.0,601.0,601.0,601.0,601.0,601.0,601.0,601.0,601.0,601.0,601.0,601.0,600.0,599.0,597.0,595.0,592.0,583.0,512.0,594.2105263157895,0.0,0.0,0.0,0.0,0.0,0.0,0.0,0.0,0.0,0.0,0.0,0.0,1.0,2.0,4.0,6.0,9.0,18.0,89.0,6.7894736842105265,0.0,0.0,0.0,0.0,0.0,0.0,0.0,0.0,0.0,0.0,0.0,0.0,1.0,2.0,4.0,6.0,9.0,18.0,89.0,6.7894736842105265,1.0,0.9639466970048323,1.0,1.0,1.0,1.0,0.0,0.0,0.9639466970048323,1.0,0.0,1.0,579.3319648999042,601,0,0,0,1,0,0,0.0,601,1.0,1.0,1.0,601,0,0,601,601,1,1
fencing_006_fencing_aria03_rgb,0.5482811790392593,0.9161006347779731,0.5022807361546809,0.5482811790392593,0.5482811790392593,0.5482811790392593,0.5482811790392593,0.5482811790392593,0.5482811790392593,0.5482811790392593,0.5480505832042402,0.5480505832042402,0.5480505832042402,0.5478068721250364,0.5460016753064894,0.544943008062265,0.5405898660915065,0.5273800167360564,0.5065750009840523,0.45603656997308545,0.36244233723943087,0.12100844316191206,0.507100199608809,0.9867109634551495,0.9867109634551495,0.9867109634551495,0.9867109634551495,0.9867109634551495,0.9867109634551495,0.9867109634551495,0.9850622406639005,0.9850622406639005,0.9850622406639005,0.9834162520729685,0.9801324503311258,0.9752270850536746,0.9654889071487264,0.9399837793998378,0.8939034045922407,0.7877428998505231,0.5967957276368492,0.1600387972841901,0.9023627773446254,0.3046609011376861,0.3046609011376861,0.3046609011376861,0.3046609011376861,0.3046609011376861,0.3046609011376861,0.3046609011376861,0.30491417633476153,0.30491417633476153,0.30491417633476153,0.30515294872831683,0.3041607584125773,0.30450639301061416,0.3026833360352797,0.295887746307818,0.28707601996330967,0.26400663616553033,0.2201162671585289,0.09149683429866827,0.2853924093183543,0.9883527454242929,0.9883527454242929,0.9883527454242929,0.9883527454242929,0.9883527454242929,0.9883527454242929,0.9883527454242929,0.9875207986688852,0.9875207986688852,0.9875207986688852,0.9866888519134775,0.9850249584026622,0.9825291181364393,0.9775374376039934,0.9642262895174709,0.9392678868552413,0.8768718801996672,0.7437603993344426,0.27454242928452577,0.9269200455381381,0.9983193277310924,0.9983193277310924,0.9983193277310924,0.9983193277310924,0.9983193277310924,0.9983193277310924,0.9983193277310924,0.9974789915966387,0.9974789915966387,0.9974789915966387,0.9966386554621849,0.9949579831932773,0.992436974789916,0.9873949579831933,0.9739495798319328,0.9487394957983193,0.8857142857142857,0.7512605042016807,0.2773109243697479,0.9362671384343211,0.30480624324218336,0.30480624324218336,0.30480624324218336,0.30480624324218336,0.30480624324218336,0.30480624324218336,0.30480624324218336,0.30505882501363213,0.30505882501363213,0.30505882501363213,0.305297803267741,0.3045571569906012,0.30494617353803494,0.30357772506814884,0.29850594134883046,0.2917708749368118,0.27332687140660566,0.23686473327452007,0.1125195381434982,0.2884308945111038,0.9954448109210013,0.9954448109210013,0.9954448109210013,0.9954448109210013,0.9954448109210013,0.9954448109210013,0.9954448109210013,0.9962662402787568,0.9962662402787568,0.9962662402787568,0.9955403746658865,0.9938518636621315,0.9942600819610937,0.9892214550293059,0.9761070094764921,0.9519643781454966,0.895585517044304,0.7670879167949466,0.3344668437890953,0.9397367283080017,0.9161006347779731,0.9161006347779731,0.9161006347779731,0.9161006347779731,0.9161006347779731,0.9161006347779731,0.9161006347779731,0.9165377764227984,0.9165377764227984,0.9165377764227984,0.9168675751704866,0.9174060488545663,0.9181840376483739,0.9193948086654745,0.9220350813103695,0.9258292767971312,0.93295036480472,0.9422790485231982,0.9647379172816442,0.9222106279879039,0.548737130202496,0.548737130202496,0.548737130202496,0.548737130202496,0.548737130202496,0.548737130202496,0.548737130202496,0.5487340803518304,0.5487340803518304,0.5487340803518304,0.548717607370818,0.5473627119224246,0.5469793394559128,0.5439524728442328,0.5341373828296182,0.5192699554545314,0.4811444642097195,0.40461557404755727,0.15849215488534474,0.5143175692364802,1188.0,1188.0,1188.0,1188.0,1188.0,1188.0,1188.0,1187.0,1187.0,1187.0,1186.0,1184.0,1181.0,1175.0,1159.0,1129.0,1054.0,894.0,330.0,1114.157894736842,14.0,14.0,14.0,14.0,14.0,14.0,14.0,15.0,15.0,15.0,16.0,18.0,21.0,27.0,43.0,73.0,148.0,308.0,872.0,87.84210526315789,2.0,2.0,2.0,2.0,2.0,2.0,2.0,3.0,3.0,3.0,4.0,6.0,9.0,15.0,31.0,61.0,136.0,296.0,860.0,75.84210526315789,0.9758735440931781,0.9165377764227984,0.9850249584026622,0.9875207986688852,0.9974789915966387,1.0,0.0,0.0,0.8934528624075389,0.9924749163879598,0.004991680532445923,0.9841585751371397,1087.9303406138617,1187,15,3,11,2,0,0,7.0,601,0.40217391304347827,0.4001663893510815,0.4042016806722689,481,721,709,1190,1202,12,2
fencing_008_fencing_aria01_rgb,0.8353977737630264,0.9443993139868361,0.7889490844479322,0.8353977737630264,0.8353977737630264,0.8353977737630264,0.8353977737630264,0.8353977737630264,0.8353977737630264,0.8353977737630264,0.8353977737630264,0.8353977737630264,0.8353977737630264,0.8353977737630264,0.8353977737630264,0.8353977737630264,0.8345711314594342,0.8283525530488515,0.8119822095696931,0.7784709230918843,0.6924043898310132,0.3536674486196803,0.7978747218178895,0.9990706319702602,0.9990706319702602,0.9990706319702602,0.9990706319702602,0.9990706319702602,0.9990706319702602,0.9990706319702602,0.9990706319702602,0.9990706319702602,0.9990706319702602,0.9990706319702602,0.9990706319702602,0.9990706319702602,0.9972144846796658,0.9861495844875346,0.9572338489535942,0.9137010676156584,0.8106060606060606,0.4216787838730998,0.9512895813594209,0.6985386398876701,0.6985386398876701,0.6985386398876701,0.6985386398876701,0.6985386398876701,0.6985386398876701,0.6985386398876701,0.6985386398876701,0.6985386398876701,0.6985386398876701,0.6985386398876701,0.6985386398876701,0.6985386398876701,0.6984545292572832,0.695805142481631,0.688771201915201,0.6632551931683273,0.5914387547248412,0.2966254623111321,0.6692290843367436,1.0,1.0,1.0,1.0,1.0,1.0,1.0,1.0,1.0,1.0,1.0,1.0,1.0,0.9990697674418605,0.9934883720930232,0.9786046511627907,0.9553488372093023,0.8958139534883721,0.5934883720930233,0.9692533659730721,0.9990706319702602,0.9990706319702602,0.9990706319702602,0.9990706319702602,0.9990706319702602,0.9990706319702602,0.9990706319702602,0.9990706319702602,0.9990706319702602,0.9990706319702602,0.9990706319702602,0.9990706319702602,0.9990706319702602,0.9981412639405205,0.9925650557620818,0.9776951672862454,0.9544609665427509,0.8949814126394052,0.5929368029739777,0.9683525728820194,0.6985388966784316,0.6985388966784316,0.6985388966784316,0.6985388966784316,0.6985388966784316,0.6985388966784316,0.6985388966784316,0.6985388966784316,0.6985388966784316,0.6985388966784316,0.6985388966784316,0.6985388966784316,0.6985388966784316,0.6985601845937042,0.6973841360545482,0.6943490593680708,0.6805002958849112,0.637622387362782,0.397502309728015,0.6782591594637706,0.999173126614987,0.999173126614987,0.999173126614987,0.999173126614987,0.999173126614987,0.999173126614987,0.999173126614987,0.999173126614987,0.999173126614987,0.999173126614987,0.999173126614987,0.999173126614987,0.999173126614987,0.9982469702797357,0.9927282877011742,0.9781300574181211,0.9559240314447273,0.8976700934116729,0.6006680642201921,0.9690851658142344,0.9443993139868361,0.9443993139868361,0.9443993139868361,0.9443993139868361,0.9443993139868361,0.9443993139868361,0.9443993139868361,0.9443993139868361,0.9443993139868361,0.9443993139868361,0.9443993139868361,0.9443993139868361,0.9443993139868361,0.9446557134633926,0.945865144823885,0.9484397966556805,0.951390820255826,0.9561403979046416,0.9678638466385376,0.946923515872149,0.8357862405469895,0.8357862405469895,0.8357862405469895,0.8357862405469895,0.8357862405469895,0.8357862405469895,0.8357862405469895,0.8357862405469895,0.8357862405469895,0.8357862405469895,0.8357862405469895,0.8357862405469895,0.8357862405469895,0.8353471159427008,0.8314290819414664,0.8209961642914061,0.7960151239558156,0.7278867282182714,0.41957569370540787,0.8050774229034701,1075.0,1075.0,1075.0,1075.0,1075.0,1075.0,1075.0,1075.0,1075.0,1075.0,1075.0,1075.0,1075.0,1074.0,1068.0,1052.0,1027.0,963.0,638.0,1041.9473684210527,0.0,0.0,0.0,0.0,0.0,0.0,0.0,0.0,0.0,0.0,0.0,0.0,0.0,1.0,7.0,23.0,48.0,112.0,437.0,33.05263157894737,1.0,1.0,1.0,1.0,1.0,1.0,1.0,1.0,1.0,1.0,1.0,1.0,1.0,2.0,8.0,24.0,49.0,113.0,438.0,34.05263157894737,0.9962790697674418,0.9443993139868361,0.9990697674418605,1.0,0.9990706319702602,1.0,0.0,0.0,0.9406783837542779,0.99953509995351,0.0016638935108153079,0.99862593371654,1015.2292625358488,1075,0,1,3,2,0,0,3.0,601,0.7150162715016272,0.7153488372093023,0.7146840148698885,769,306,307,1076,1075,5,2
fencing_008_fencing_aria02_rgb,0.9124942708697256,0.9519023180862843,0.8686054116813456,0.9124942708697256,0.9124942708697256,0.9124942708697256,0.9124942708697256,0.9124942708697256,0.9124942708697256,0.9124942708697256,0.9124942708697256,0.9124942708697256,0.9124942708697256,0.9124942708697256,0.9106202485646043,0.9094925766567488,0.9073858906896919,0.9004438651225608,0.8942343971785987,0.8865800668855965,0.8402398365560064,0.5229462391397514,0.8847042158084494,0.9967793880837359,0.9967793880837359,0.9967793880837359,0.9967793880837359,0.9967793880837359,0.9967793880837359,0.9967793880837359,0.9967793880837359,0.9967793880837359,0.9967793880837359,0.9967793880837359,0.9935691318327974,0.9903691813804173,0.984,0.9682539682539683,0.9620253164556962,0.949685534591195,0.8787878787878788,0.5252152521525215,0.9587620806513457,0.8353360877282953,0.8353360877282953,0.8353360877282953,0.8353360877282953,0.8353360877282953,0.8353360877282953,0.8353360877282953,0.8353360877282953,0.8353360877282953,0.8353360877282953,0.8353360877282953,0.8345964166239904,0.8352206051492628,0.8367369457548023,0.8373827330642944,0.8312204922459522,0.8276678820186765,0.8033827047198939,0.5206870286223029,0.8166100933268644,1.0,1.0,1.0,1.0,1.0,1.0,1.0,1.0,1.0,1.0,1.0,0.9983844911147012,0.9967689822294022,0.9935379644588045,0.9854604200323102,0.9822294022617124,0.975767366720517,0.9369951534733441,0.6898222940226171,0.9767876881217582,0.9967793880837359,0.9967793880837359,0.9967793880837359,0.9967793880837359,0.9967793880837359,0.9967793880837359,0.9967793880837359,0.9967793880837359,0.9967793880837359,0.9967793880837359,0.9967793880837359,0.9951690821256038,0.9935587761674718,0.9903381642512077,0.9822866344605475,0.9790660225442834,0.9726247987117552,0.9339774557165862,0.6876006441223832,0.9736418340537334,0.8362732382766299,0.8362732382766299,0.8362732382766299,0.8362732382766299,0.8362732382766299,0.8362732382766299,0.8362732382766299,0.8362732382766299,0.8362732382766299,0.8362732382766299,0.8362732382766299,0.8358813966354124,0.8365687818716411,0.8381415545721322,0.8403064885617141,0.836955013426794,0.8353705207481742,0.8251718900284738,0.6450907308201507,0.8259206314582854,0.9969843834141088,0.9969843834141088,0.9969843834141088,0.9969843834141088,0.9969843834141088,0.9969843834141088,0.9969843834141088,0.9969843834141088,0.9969843834141088,0.9969843834141088,0.9969843834141088,0.995631067961165,0.9941505819949904,0.9920620842572062,0.9851557848167646,0.9818423076938305,0.9764183178118414,0.9481843526868866,0.7314307265224614,0.9774580758579128,0.9519023180862843,0.9519023180862843,0.9519023180862843,0.9519023180862843,0.9519023180862843,0.9519023180862843,0.9519023180862843,0.9519023180862843,0.9519023180862843,0.9519023180862843,0.9519023180862843,0.9525234706479013,0.9530665475057991,0.9539519605336194,0.9557845049851382,0.95636143969481,0.9572706590216989,0.9603394948610949,0.9697822764612052,0.9542108343505472,0.9139672246466474,0.9139672246466474,0.9139672246466474,0.9139672246466474,0.9139672246466474,0.9139672246466474,0.9139672246466474,0.9139672246466474,0.9139672246466474,0.9139672246466474,0.9139672246466474,0.9128242540036366,0.9124264312982477,0.9117729552211468,0.9084093459742384,0.9035757894313171,0.8986719700516488,0.8676207124699405,0.5993175456734577,0.8930662355387766,619.0,619.0,619.0,619.0,619.0,619.0,619.0,619.0,619.0,619.0,619.0,618.0,617.0,615.0,610.0,608.0,604.0,580.0,427.0,604.6315789473684,0.0,0.0,0.0,0.0,0.0,0.0,0.0,0.0,0.0,0.0,0.0,1.0,2.0,4.0,9.0,11.0,15.0,39.0,192.0,14.368421052631579,2.0,2.0,2.0,2.0,2.0,2.0,2.0,2.0,2.0,2.0,2.0,3.0,4.0,6.0,11.0,13.0,17.0,41.0,194.0,16.36842105263158,0.9919224555735057,0.9519023180862843,0.9967689822294022,1.0,0.9967793880837359,1.0,0.0,0.0,0.94382477365979,0.9983870967741936,0.0033277870216306157,0.9959981886030377,589.22753489541,619,0,2,3,2,0,0,3.0,601,0.9,0.901453957996769,0.8985507246376812,558,61,63,621,619,5,2
fencing_008_fencing_aria03_rgb,0.8684788355588561,0.9478668437752713,0.8232022927467958,0.8684788355588561,0.8684788355588561,0.8684788355588561,0.8684788355588561,0.8684788355588561,0.8684788355588561,0.8684788355588561,0.8684788355588561,0.8684788355588561,0.8684788355588561,0.8674641136632006,0.8674641136632006,0.862904726632193,0.8619824272467445,0.8619824272467445,0.8414950113519521,0.8070674675936744,0.7144291828447376,0.41222307839203554,0.8306211002222654,1.0,1.0,1.0,1.0,1.0,1.0,1.0,1.0,1.0,1.0,0.9983150800336984,0.9983150800336984,0.9932773109243698,0.9916036943744753,0.9916036943744753,0.971737323358271,0.9331703341483293,0.8232129131437356,0.4641975308641975,0.9560754190134342,0.7542554878136666,0.7542554878136666,0.7542554878136666,0.7542554878136666,0.7542554878136666,0.7542554878136666,0.7542554878136666,0.7542554878136666,0.7542554878136666,0.7542554878136666,0.7537640205415727,0.7537640205415727,0.7496441920647834,0.7493050995043922,0.7493050995043922,0.7287091244813149,0.6980053623784961,0.6200207129295607,0.3660680099755188,0.721638974739909,1.0,1.0,1.0,1.0,1.0,1.0,1.0,1.0,1.0,1.0,0.9991568296795953,0.9991568296795953,0.9966273187183811,0.9957841483979764,0.9957841483979764,0.9856661045531198,0.9654300168634065,0.903035413153457,0.6340640809443507,0.9723528889677823,1.0,1.0,1.0,1.0,1.0,1.0,1.0,1.0,1.0,1.0,0.9991568296795953,0.9991568296795953,0.9966273187183811,0.9957841483979764,0.9957841483979764,0.9856661045531198,0.9654300168634065,0.903035413153457,0.6340640809443507,0.9723528889677823,0.7542554878136666,0.7542554878136666,0.7542554878136666,0.7542554878136666,0.7542554878136666,0.7542554878136666,0.7542554878136666,0.7542554878136666,0.7542554878136666,0.7542554878136666,0.7539990623534927,0.7539990623534927,0.7517403408836469,0.7515851314051041,0.7515851314051041,0.7399186986202639,0.7220551795602111,0.6734445015023136,0.47615043606476326,0.7324753906465821,1.0,1.0,1.0,1.0,1.0,1.0,1.0,1.0,1.0,1.0,0.9991588403429972,0.9991588403429972,0.9966273415770991,0.9957869829255209,0.9957869829255209,0.9857289572989791,0.9658013626629234,0.9045257116221069,0.6342390274855441,0.9724638972201942,0.9478668437752713,0.9478668437752713,0.9478668437752713,0.9478668437752713,0.9478668437752713,0.9478668437752713,0.9478668437752713,0.9478668437752713,0.9478668437752713,0.9478668437752713,0.9482324597161658,0.9482324597161658,0.9490532536210957,0.9492767569729337,0.9492767569729337,0.9510778471046245,0.9535654034662407,0.9587094116844115,0.9690789443662964,0.950272196388083,0.8684788355588561,0.8684788355588561,0.8684788355588561,0.8684788355588561,0.8684788355588561,0.8684788355588561,0.8684788355588561,0.8684788355588561,0.8684788355588561,0.8684788355588561,0.8678297466040578,0.8678297466040578,0.8643586530661518,0.8637975112260061,0.8637975112260061,0.8475045038699275,0.8208990978018064,0.7482651005252395,0.4817785552598359,0.8374130937774552,1186.0,1186.0,1186.0,1186.0,1186.0,1186.0,1186.0,1186.0,1186.0,1186.0,1185.0,1185.0,1182.0,1181.0,1181.0,1169.0,1145.0,1071.0,752.0,1153.2105263157894,0.0,0.0,0.0,0.0,0.0,0.0,0.0,0.0,0.0,0.0,1.0,1.0,4.0,5.0,5.0,17.0,41.0,115.0,434.0,32.78947368421053,0.0,0.0,0.0,0.0,0.0,0.0,0.0,0.0,0.0,0.0,1.0,1.0,4.0,5.0,5.0,17.0,41.0,115.0,434.0,32.78947368421053,0.9991568296795953,0.9478668437752713,1.0,1.0,1.0,1.0,0.0,0.0,0.9470236734548666,1.0,0.0,1.0,1124.1700767174718,1186,0,0,1,2,0,0,1.0,601,0.7681281618887015,0.7681281618887015,0.7681281618887015,911,275,275,1186,1186,3,2
fencing_009_fencing_aria01_rgb,0.7607091874732107,0.9435904965886931,0.7177979599674281,0.7607091874732107,0.7607091874732107,0.7607091874732107,0.7607091874732107,0.7607091874732107,0.7607091874732107,0.7607091874732107,0.7599611274565452,0.7599611274565452,0.7599611274565452,0.7599611274565452,0.7599611274565452,0.7599611274565452,0.7573380824715366,0.7516689582945552,0.742249630468446,0.7247448589377203,0.6638672079511888,0.37908529868310664,0.7317729007293842,0.9877408056042032,0.9877408056042032,0.9877408056042032,0.9877408056042032,0.9877408056042032,0.9877408056042032,0.9877408056042032,0.9842657342657343,0.9842657342657343,0.9842657342657343,0.9842657342657343,0.9842657342657343,0.9842657342657343,0.9739130434782609,0.9535283993115319,0.9302721088435374,0.8853820598006644,0.7902208201892744,0.445859872611465,0.9367871762662402,0.5858606474723635,0.5858606474723635,0.5858606474723635,0.5858606474723635,0.5858606474723635,0.5858606474723635,0.5858606474723635,0.5867733632684783,0.5867733632684783,0.5867733632684783,0.5867733632684783,0.5867733632684783,0.5867733632684783,0.588924211460637,0.5925426272270111,0.5922294226529439,0.5932524888463546,0.5577171070832395,0.3223112742484664,0.5720337812334774,0.9964664310954063,0.9964664310954063,0.9964664310954063,0.9964664310954063,0.9964664310954063,0.9964664310954063,0.9964664310954063,0.9946996466431095,0.9946996466431095,0.9946996466431095,0.9946996466431095,0.9946996466431095,0.9946996466431095,0.9893992932862191,0.9787985865724381,0.9664310954063604,0.941696113074205,0.8851590106007067,0.6183745583038869,0.9643853449879114,0.9912126537785588,0.9912126537785588,0.9912126537785588,0.9912126537785588,0.9912126537785588,0.9912126537785588,0.9912126537785588,0.9894551845342706,0.9894551845342706,0.9894551845342706,0.9894551845342706,0.9894551845342706,0.9894551845342706,0.984182776801406,0.9736379613356766,0.961335676625659,0.9367311072056239,0.8804920913884007,0.6151142355008787,0.9593007122375358,0.5861535622783793,0.5861535622783793,0.5861535622783793,0.5861535622783793,0.5861535622783793,0.5861535622783793,0.5861535622783793,0.5870669870340485,0.5870669870340485,0.5870669870340485,0.5870669870340485,0.5870669870340485,0.5870669870340485,0.5892899532694434,0.5931946296232499,0.5944823317112301,0.5976899700849801,0.5787229446849389,0.4034380305794634,0.5780155114792764,0.9924865313794271,0.9924865313794271,0.9924865313794271,0.9924865313794271,0.9924865313794271,0.9924865313794271,0.9924865313794271,0.9918071113641153,0.9918071113641153,0.9918071113641153,0.9918071113641153,0.9918071113641153,0.9918071113641153,0.9900333101749944,0.9863414034643689,0.9795997981900512,0.9630494209423579,0.911322205823864,0.647273057805768,0.9671509254864257,0.9435904965886931,0.9435904965886931,0.9435904965886931,0.9435904965886931,0.9435904965886931,0.9435904965886931,0.9435904965886931,0.9445628296360474,0.9445628296360474,0.9445628296360474,0.9445628296360474,0.9445628296360474,0.9445628296360474,0.9460351645065561,0.9484033551502682,0.9505836053845628,0.9538743306606466,0.9585314531257375,0.9690942570286958,0.9473175063049265,0.7640618224371835,0.7640618224371835,0.7640618224371835,0.7640618224371835,0.7640618224371835,0.7640618224371835,0.7640618224371835,0.7639785711017975,0.7639785711017975,0.7639785711017975,0.7639785711017975,0.7639785711017975,0.7639785711017975,0.7633355740552763,0.761564104992953,0.7565374608480144,0.7474379993137961,0.7026153447661734,0.44644046842749185,0.7426439545302511,564.0,564.0,564.0,564.0,564.0,564.0,564.0,563.0,563.0,563.0,563.0,563.0,563.0,560.0,554.0,547.0,533.0,501.0,350.0,545.8421052631579,2.0,2.0,2.0,2.0,2.0,2.0,2.0,3.0,3.0,3.0,3.0,3.0,3.0,6.0,12.0,19.0,33.0,65.0,216.0,20.157894736842106,5.0,5.0,5.0,5.0,5.0,5.0,5.0,6.0,6.0,6.0,6.0,6.0,6.0,9.0,15.0,22.0,36.0,68.0,219.0,23.157894736842106,0.9734982332155477,0.9445628296360474,0.9840989399293286,0.9946996466431095,0.9894551845342706,1.0,0.0,0.0,0.9183548994436301,0.9920704845814978,0.013921113689095127,0.9827241143986155,531.7888730850947,563,3,6,6,2,0,0,5.0,431,0.7013215859030837,0.7031802120141343,0.6994727592267135,398,168,171,569,566,8,2
fencing_009_fencing_aria02_rgb,0.9024864693364529,0.9494342576399302,0.8568515710445368,0.9024864693364529,0.9024864693364529,0.9024864693364529,0.9024864693364529,0.9024864693364529,0.9024864693364529,0.9024864693364529,0.9024864693364529,0.9024864693364529,0.9024864693364529,0.9024864693364529,0.9024864693364529,0.9024864693364529,0.9009279006304581,0.8981245999905361,0.8901483997896226,0.8650893861268389,0.8108325447383931,0.5076068516276525,0.8739501991724943,0.9966555183946488,0.9966555183946488,0.9966555183946488,0.9966555183946488,0.9966555183946488,0.9966555183946488,0.9966555183946488,0.9966555183946488,0.9966555183946488,0.9966555183946488,0.9966555183946488,0.9966555183946488,0.9966555183946488,0.993322203672788,0.9866888519134775,0.9735537190082645,0.9351701782820098,0.8369230769230769,0.4813895781637717,0.9559773340575698,0.8172149878297904,0.8172149878297904,0.8172149878297904,0.8172149878297904,0.8172149878297904,0.8172149878297904,0.8172149878297904,0.8172149878297904,0.8172149878297904,0.8172149878297904,0.8172149878297904,0.8172149878297904,0.8172149878297904,0.8171276944512745,0.8175097909983211,0.8138884975501793,0.8002603840128334,0.7855553679127019,0.5352519612123354,0.7996520283118379,0.998324958123953,0.998324958123953,0.998324958123953,0.998324958123953,0.998324958123953,0.998324958123953,0.998324958123953,0.998324958123953,0.998324958123953,0.998324958123953,0.998324958123953,0.998324958123953,0.998324958123953,0.9966499162479062,0.9932998324958124,0.9865996649916248,0.966499162479062,0.9112227805695142,0.6499162479061976,0.972758529489553,0.998324958123953,0.998324958123953,0.998324958123953,0.998324958123953,0.998324958123953,0.998324958123953,0.998324958123953,0.998324958123953,0.998324958123953,0.998324958123953,0.998324958123953,0.998324958123953,0.998324958123953,0.9966499162479062,0.9932998324958124,0.9865996649916248,0.966499162479062,0.9112227805695142,0.6499162479061976,0.972758529489553,0.817447642920676,0.817447642920676,0.817447642920676,0.817447642920676,0.817447642920676,0.817447642920676,0.817447642920676,0.817447642920676,0.817447642920676,0.817447642920676,0.817447642920676,0.817447642920676,0.817447642920676,0.8175761871013465,0.8182612405778256,0.816836635003294,0.8110148960170139,0.8102239293601319,0.663656551721753,0.8086520419868501,0.9983487802279749,0.9983487802279749,0.9983487802279749,0.9983487802279749,0.9983487802279749,0.9983487802279749,0.9983487802279749,0.9983487802279749,0.9983487802279749,0.9983487802279749,0.9983487802279749,0.9983487802279749,0.9983487802279749,0.9967453648125917,0.9935356942102304,0.9874321872340457,0.9690458430272721,0.9239088603408855,0.705224236465573,0.976548754160751,0.9494342576399302,0.9494342576399302,0.9494342576399302,0.9494342576399302,0.9494342576399302,0.9494342576399302,0.9494342576399302,0.9494342576399302,0.9494342576399302,0.9494342576399302,0.9494342576399302,0.9494342576399302,0.9494342576399302,0.9498696025219203,0.9506354021374003,0.9518851230568852,0.9543775224434088,0.9588017427954507,0.9695935240791775,0.9514635929659649,0.9032420043949696,0.9032420043949696,0.9032420043949696,0.9032420043949696,0.9032420043949696,0.9032420043949696,0.9032420043949696,0.9032420043949696,0.9032420043949696,0.9032420043949696,0.9032420043949696,0.9032420043949696,0.9032420043949696,0.902435730807855,0.9011283695802275,0.896092695553057,0.879460624993283,0.8460590680565512,0.5898041592898058,0.8819540371271255,596.0,596.0,596.0,596.0,596.0,596.0,596.0,596.0,596.0,596.0,596.0,596.0,596.0,595.0,593.0,589.0,577.0,544.0,388.0,580.7368421052631,1.0,1.0,1.0,1.0,1.0,1.0,1.0,1.0,1.0,1.0,1.0,1.0,1.0,2.0,4.0,8.0,20.0,53.0,209.0,16.263157894736842,1.0,1.0,1.0,1.0,1.0,1.0,1.0,1.0,1.0,1.0,1.0,1.0,1.0,2.0,4.0,8.0,20.0,53.0,209.0,16.263157894736842,0.9932998324958124,0.9494342576399302,0.9966499162479062,0.998324958123953,0.998324958123953,1.0,0.0,0.0,0.9428187898716891,0.998324958123953,0.002320185614849188,0.9961456783992229,565.8628175533984,596,1,1,2,2,0,0,3.0,431,0.8257956448911222,0.8257956448911222,0.8257956448911222,493,104,104,597,597,4,2
fencing_009_fencing_aria03_rgb,0.7130501607357387,0.9544046054658719,0.6805383573343692,0.7130501607357387,0.7130501607357387,0.7130501607357387,0.7130501607357387,0.7130501607357387,0.7130501607357387,0.7130501607357387,0.7130501607357387,0.7130501607357387,0.7130501607357387,0.7130501607357387,0.7130501607357387,0.7130501607357387,0.7130501607357387,0.7108381394444291,0.7074384226910744,0.6931582348451134,0.637154158200144,0.39601404054612027,0.6909108024224854,0.9946666666666667,0.9946666666666667,0.9946666666666667,0.9946666666666667,0.9946666666666667,0.9946666666666667,0.9946666666666667,0.9946666666666667,0.9946666666666667,0.9946666666666667,0.9946666666666667,0.9946666666666667,0.9946666666666667,0.9946666666666667,0.9920106524633822,0.9867197875166003,0.9658344283837057,0.8793969849246231,0.5249745158002038,0.9618036685485183,0.5111667544154785,0.5111667544154785,0.5111667544154785,0.5111667544154785,0.5111667544154785,0.5111667544154785,0.5111667544154785,0.5111667544154785,0.5111667544154785,0.5111667544154785,0.5111667544154785,0.5111667544154785,0.5111667544154785,0.5111667544154785,0.5093603170833585,0.5072049108888631,0.4974644974477069,0.4616406790916291,0.2987328252888943,0.496354620611429,0.9973262032085561,0.9973262032085561,0.9973262032085561,0.9973262032085561,0.9973262032085561,0.9973262032085561,0.9973262032085561,0.9973262032085561,0.9973262032085561,0.9973262032085561,0.9973262032085561,0.9973262032085561,0.9973262032085561,0.9973262032085561,0.9959893048128342,0.9933155080213903,0.982620320855615,0.9358288770053476,0.6885026737967914,0.9767801857585139,0.9973262032085561,0.9973262032085561,0.9973262032085561,0.9973262032085561,0.9973262032085561,0.9973262032085561,0.9973262032085561,0.9973262032085561,0.9973262032085561,0.9973262032085561,0.9973262032085561,0.9973262032085561,0.9973262032085561,0.9973262032085561,0.9959893048128342,0.9933155080213903,0.982620320855615,0.9358288770053476,0.6885026737967914,0.9767801857585139,0.5119066393313357,0.5119066393313357,0.5119066393313357,0.5119066393313357,0.5119066393313357,0.5119066393313357,0.5119066393313357,0.5119066393313357,0.5119066393313357,0.5119066393313357,0.5119066393313357,0.5119066393313357,0.5119066393313357,0.5119066393313357,0.5107382550335571,0.5092917137490013,0.5029320819236786,0.47878533231474407,0.34855407299724833,0.500894442455628,0.9973459792258882,0.9973459792258882,0.9973459792258882,0.9973459792258882,0.9973459792258882,0.9973459792258882,0.9973459792258882,0.9973459792258882,0.9973459792258882,0.9973459792258882,0.9973459792258882,0.9973459792258882,0.9973459792258882,0.9973459792258882,0.9960053174582195,0.9933839340698671,0.9826626788542897,0.9360260666901402,0.699387321681051,0.9773846856797896,0.9544046054658719,0.9544046054658719,0.9544046054658719,0.9544046054658719,0.9544046054658719,0.9544046054658719,0.9544046054658719,0.9544046054658719,0.9544046054658719,0.9544046054658719,0.9544046054658719,0.9544046054658719,0.9544046054658719,0.9544046054658719,0.9547332333781284,0.9551684220563501,0.9565968283124844,0.9604344436695668,0.97032488110314,0.9557327518443092,0.7140027999858471,0.7140027999858471,0.7140027999858471,0.7140027999858471,0.7140027999858471,0.7140027999858471,0.7140027999858471,0.7140027999858471,0.7140027999858471,0.7140027999858471,0.7140027999858471,0.7140027999858471,0.7140027999858471,0.7140027999858471,0.7122621905668579,0.7097989178144153,0.6991557223511391,0.6572797564920931,0.4535177493354295,0.6962133440190418,746.0,746.0,746.0,746.0,746.0,746.0,746.0,746.0,746.0,746.0,746.0,746.0,746.0,746.0,745.0,743.0,735.0,700.0,515.0,730.6315789473684,2.0,2.0,2.0,2.0,2.0,2.0,2.0,2.0,2.0,2.0,2.0,2.0,2.0,2.0,3.0,5.0,13.0,48.0,233.0,17.36842105263158,2.0,2.0,2.0,2.0,2.0,2.0,2.0,2.0,2.0,2.0,2.0,2.0,2.0,2.0,3.0,5.0,13.0,48.0,233.0,17.36842105263158,0.9906417112299465,0.9544046054658719,0.9946524064171123,0.9973262032085561,0.9973262032085561,1.0,0.0,0.0,0.9451682295154283,0.9973262032085561,0.004640371229698376,0.9940145437771127,711.9858356775404,746,2,2,3,2,0,0,3.0,431,0.6096256684491979,0.6096256684491979,0.6096256684491979,456,292,292,748,748,5,2
fencing_011_fencing_aria03_rgb,0.7456613882469479,0.9521785364438066,0.7100027693436359,0.7456613882469479,0.7456613882469479,0.7456613882469479,0.7456613882469479,0.7456613882469479,0.7456613882469479,0.7456613882469479,0.7456613882469479,0.7456613882469479,0.7456613882469479,0.7456613882469479,0.7456613882469479,0.7456613882469479,0.7456613882469479,0.7403561995801292,0.7324728237481011,0.7258518293145484,0.6588823063094449,0.3832770191063828,0.7200052428166251,0.978441127694859,0.978441127694859,0.978441127694859,0.978441127694859,0.978441127694859,0.978441127694859,0.978441127694859,0.978441127694859,0.978441127694859,0.978441127694859,0.978441127694859,0.978441127694859,0.978441127694859,0.978441127694859,0.971900826446281,0.962171052631579,0.9525368248772504,0.86697965571205,0.4968632371392723,0.9446645991860243,0.568261993679977,0.568261993679977,0.568261993679977,0.568261993679977,0.568261993679977,0.568261993679977,0.568261993679977,0.568261993679977,0.568261993679977,0.568261993679977,0.568261993679977,0.568261993679977,0.568261993679977,0.568261993679977,0.5639745201791206,0.5576102461845234,0.5531133961011646,0.500733657021174,0.29565736080791516,0.5487766890428197,1.0,1.0,1.0,1.0,1.0,1.0,1.0,1.0,1.0,1.0,1.0,1.0,1.0,1.0,0.9966101694915255,0.9915254237288136,0.9864406779661017,0.9389830508474576,0.6711864406779661,0.9781445138269402,0.978441127694859,0.978441127694859,0.978441127694859,0.978441127694859,0.978441127694859,0.978441127694859,0.978441127694859,0.978441127694859,0.978441127694859,0.978441127694859,0.978441127694859,0.978441127694859,0.978441127694859,0.978441127694859,0.9751243781094527,0.9701492537313433,0.9651741293532339,0.9187396351575456,0.6567164179104478,0.9570568211573712,0.568261993679977,0.568261993679977,0.568261993679977,0.568261993679977,0.568261993679977,0.568261993679977,0.568261993679977,0.568261993679977,0.568261993679977,0.568261993679977,0.568261993679977,0.568261993679977,0.568261993679977,0.568261993679977,0.565548253199585,0.5614863102998696,0.5586638709301648,0.5235574863856084,0.35614620784112305,0.5537405284303173,1.0,1.0,1.0,1.0,1.0,1.0,1.0,1.0,1.0,1.0,1.0,1.0,1.0,1.0,0.996615477874318,0.9915587712617416,0.9864719303656339,0.9399709957603424,0.6827590689176445,0.9788092760094569,0.9521785364438066,0.9521785364438066,0.9521785364438066,0.9521785364438066,0.9521785364438066,0.9521785364438066,0.9521785364438066,0.9521785364438066,0.9521785364438066,0.9521785364438066,0.9521785364438066,0.9521785364438066,0.9521785364438066,0.9521785364438066,0.9529452192687204,0.9539357302214131,0.95468714485418,0.9582572897539973,0.9683795741699528,0.9536160246569241,0.7538315419773685,0.7538315419773685,0.7538315419773685,0.7538315419773685,0.7538315419773685,0.7538315419773685,0.7538315419773685,0.7538315419773685,0.7538315419773685,0.7538315419773685,0.7538315419773685,0.7538315419773685,0.7538315419773685,0.7538315419773685,0.7497084380908455,0.7435621935141926,0.7386565869483368,0.6856970299860912,0.4454674080793181,0.7324596444369443,590.0,590.0,590.0,590.0,590.0,590.0,590.0,590.0,590.0,590.0,590.0,590.0,590.0,590.0,588.0,585.0,582.0,554.0,396.0,577.1052631578947,0.0,0.0,0.0,0.0,0.0,0.0,0.0,0.0,0.0,0.0,0.0,0.0,0.0,0.0,2.0,5.0,8.0,36.0,194.0,12.894736842105264,13.0,13.0,13.0,13.0,13.0,13.0,13.0,13.0,13.0,13.0,13.0,13.0,13.0,13.0,15.0,18.0,21.0,49.0,207.0,25.894736842105264,0.976271186440678,0.9521785364438066,0.9779661016949153,1.0,0.978441127694859,1.0,0.0,0.0,0.9284497228844846,0.989103101424979,0.021630615640599003,0.9779661016949153,561.7853365018459,590,0,13,1,1,0,0,0.0,601,0.6772841575859179,0.6847457627118644,0.6699834162520729,404,186,199,603,590,5,1
fencing_014_fencing_aria03_rgb,0.7546099684531232,0.963856423040976,0.727335664984291,0.7546099684531232,0.7546099684531232,0.7546099684531232,0.7546099684531232,0.7546099684531232,0.7546099684531232,0.7546099684531232,0.7546099684531232,0.7546099684531232,0.7546099684531232,0.7546099684531232,0.7546099684531232,0.7546099684531232,0.7546099684531232,0.7546099684531232,0.7449800076938713,0.7424415237277662,0.7090332497356572,0.5871722197440296,0.7422513961946408,0.9969788519637462,0.9969788519637462,0.9969788519637462,0.9969788519637462,0.9969788519637462,0.9969788519637462,0.9969788519637462,0.9969788519637462,0.9969788519637462,0.9969788519637462,0.9969788519637462,0.9969788519637462,0.9969788519637462,0.9969788519637462,0.9969788519637462,0.984984984984985,0.9790419161676647,0.9159420289855073,0.690537084398977,0.9750099365259646,0.5711617687448504,0.5711617687448504,0.5711617687448504,0.5711617687448504,0.5711617687448504,0.5711617687448504,0.5711617687448504,0.5711617687448504,0.5711617687448504,0.5711617687448504,0.5711617687448504,0.5711617687448504,0.5711617687448504,0.5711617687448504,0.5711617687448504,0.5634555047273344,0.5630192201707621,0.5488645933056766,0.4992797974625932,0.5653708235178485,0.9969788519637462,0.9969788519637462,0.9969788519637462,0.9969788519637462,0.9969788519637462,0.9969788519637462,0.9969788519637462,0.9969788519637462,0.9969788519637462,0.9969788519637462,0.9969788519637462,0.9969788519637462,0.9969788519637462,0.9969788519637462,0.9969788519637462,0.9909365558912386,0.9879154078549849,0.9546827794561934,0.8157099697885196,0.9844172364445857,1.0,1.0,1.0,1.0,1.0,1.0,1.0,1.0,1.0,1.0,1.0,1.0,1.0,1.0,1.0,0.9939393939393939,0.990909090909091,0.9575757575757575,0.8181818181818182,0.9874003189792662,0.5711617687448504,0.5711617687448504,0.5711617687448504,0.5711617687448504,0.5711617687448504,0.5711617687448504,0.5711617687448504,0.5711617687448504,0.5711617687448504,0.5711617687448504,0.5711617687448504,0.5711617687448504,0.5711617687448504,0.5711617687448504,0.5711617687448504,0.566281040453909,0.5661372728364608,0.5581284179127309,0.53040170079445,0.5678092085879108,1.0,1.0,1.0,1.0,1.0,1.0,1.0,1.0,1.0,1.0,1.0,1.0,1.0,1.0,1.0,0.9939559264013692,0.9909093204318586,0.9585562239552717,0.8446804647785039,0.9888474702929999,0.963856423040976,0.963856423040976,0.963856423040976,0.963856423040976,0.963856423040976,0.963856423040976,0.963856423040976,0.963856423040976,0.963856423040976,0.963856423040976,0.963856423040976,0.963856423040976,0.963856423040976,0.963856423040976,0.963856423040976,0.9649689177192081,0.9654153294704834,0.9684720527097115,0.9740988207661987,0.9647790245410653,0.7546099684531232,0.7546099684531232,0.7546099684531232,0.7546099684531232,0.7546099684531232,0.7546099684531232,0.7546099684531232,0.7546099684531232,0.7546099684531232,0.7546099684531232,0.7546099684531232,0.7546099684531232,0.7546099684531232,0.7546099684531232,0.7546099684531232,0.7472273129727421,0.7457984731314445,0.723872623796588,0.6381751393655429,0.7460117408454296,330.0,330.0,330.0,330.0,330.0,330.0,330.0,330.0,330.0,330.0,330.0,330.0,330.0,330.0,330.0,328.0,327.0,316.0,270.0,325.8421052631579,1.0,1.0,1.0,1.0,1.0,1.0,1.0,1.0,1.0,1.0,1.0,1.0,1.0,1.0,1.0,3.0,4.0,15.0,61.0,5.157894736842105,0.0,0.0,0.0,0.0,0.0,0.0,0.0,0.0,0.0,0.0,0.0,0.0,0.0,0.0,0.0,2.0,3.0,14.0,60.0,4.157894736842105,0.9939577039274925,0.963856423040976,0.9969788519637462,0.9969788519637462,1.0,1.0,0.0,0.0,0.9579233220650214,0.9984871406959153,0.0,0.9969788519637462,318.07261960352207,330,1,0,1,1,0,0,0.0,331,0.6898638426626323,0.6888217522658611,0.6909090909090909,228,103,102,330,331,2,1
legoassemble_001_legoassemble_aria02_rgb,0.7899429067901884,0.9130007260288665,0.7212184474207952,0.7899429067901884,0.7894561094850145,0.7877931949395515,0.7877931949395515,0.7863007773405403,0.7863007773405403,0.7863007773405403,0.7843519634618982,0.7838843455101425,0.77756368204563,0.7767405054569979,0.7742120589646768,0.7684648103840174,0.7588220835976145,0.7442548948523926,0.7305084333842393,0.6846233355348111,0.5892439662619922,0.2916420977738892,0.7356947323896963,0.9345132743362832,0.9328028293545535,0.9259911894273127,0.9259911894273127,0.9209138840070299,0.9209138840070299,0.9209138840070299,0.9192273924495171,0.9175438596491228,0.9058413251961639,0.9025239338555265,0.8942807625649913,0.8780068728522337,0.8556876061120543,0.830820770519263,0.8066115702479338,0.7294303797468354,0.5967859751643535,0.27315084449621435,0.8416816540747769,0.6677377551766946,0.668137927105627,0.6702203272332351,0.6702203272332351,0.6713645251564242,0.6713645251564242,0.6713645251564242,0.6692663944088474,0.6696951439148046,0.6674516417159789,0.6684873277988563,0.6702641243529632,0.67258945579795,0.6729219290340185,0.6667085948820813,0.6615855647613215,0.6425686735470028,0.5817972710912708,0.3113851372153951,0.6444805879336081,0.9805013927576601,0.9795728876508821,0.9758588672237697,0.9758588672237697,0.9730733519034355,0.9730733519034355,0.9730733519034355,0.9721448467966574,0.9712163416898792,0.9647168059424327,0.9628597957288765,0.958217270194986,0.9489322191272052,0.935933147632312,0.9210770659238626,0.9062209842154132,0.8560817084493965,0.7585886722376973,0.43546889507892295,0.9169720959781067,0.9522091974752029,0.951307484220018,0.9477006311992786,0.9477006311992786,0.9449954914337241,0.9449954914337241,0.9449954914337241,0.9440937781785392,0.9431920649233544,0.9368800721370604,0.9350766456266907,0.9305680793507665,0.9215509467989179,0.90892696122633,0.8944995491433724,0.8800721370604148,0.8313796212804329,0.7366997294860235,0.42290351668169524,0.8905130273836078,0.6854224058769512,0.6858518837665757,0.6880239118107815,0.6880239118107815,0.6892628575834683,0.6892628575834683,0.6892628575834683,0.6880126007263927,0.6884675638130134,0.6878377656485075,0.6889188939771012,0.6910057984140937,0.6941457669885858,0.6968807284099381,0.6951336611878681,0.6942218790917455,0.6892056621857369,0.6606819625293044,0.44853747063317767,0.6756926547168925,0.9763169245837099,0.9753629514120455,0.975176546771212,0.975176546771212,0.9725406081143345,0.9725406081143345,0.9725406081143345,0.9716212503827549,0.9708194113988128,0.9647583710609655,0.9631419483181354,0.9594747347627803,0.9523683797941165,0.9447180700130391,0.9334433961902936,0.9211221750426349,0.8781194616248236,0.802060374444663,0.500474797731701,0.9253566928761003,0.9130007260288665,0.9137977254455404,0.9167898168982795,0.9167898168982795,0.9187531850149562,0.9187531850149562,0.9187531850149562,0.9192629274889083,0.9197284968401275,0.9227135241570764,0.9234687886209609,0.9251630180663234,0.928094572552513,0.9316062470951262,0.9348099626963273,0.9374854863282353,0.9438624538033695,0.9521787017688887,0.9675379135172391,0.9275026175395227,0.8091463396367944,0.8090054379322389,0.808727673153435,0.808727673153435,0.8082616710218418,0.8082616710218418,0.8082616710218418,0.8066125937888275,0.8064855037261449,0.8024349293975631,0.8022839721019916,0.8014104189160066,0.7989003722942605,0.7936056572074169,0.7836389451783319,0.7743014410684735,0.7416813924092883,0.6643378804408512,0.36823707261380806,0.7686485429518102,1056.0,1055.0,1051.0,1051.0,1048.0,1048.0,1048.0,1047.0,1046.0,1039.0,1037.0,1032.0,1022.0,1008.0,992.0,976.0,922.0,817.0,469.0,987.578947368421,21.0,22.0,26.0,26.0,29.0,29.0,29.0,30.0,31.0,38.0,40.0,45.0,55.0,69.0,85.0,101.0,155.0,260.0,608.0,89.42105263157895,53.0,54.0,58.0,58.0,61.0,61.0,61.0,62.0,63.0,70.0,72.0,77.0,87.0,101.0,117.0,133.0,187.0,292.0,640.0,121.42105263157895,0.8950789229340761,0.9227135241570764,0.8997214484679665,0.9647168059424327,0.9368800721370604,1.0,0.0,0.0,0.8205193608163439,0.9505946935041171,0.11647254575707154,0.8990724512494559,958.6993515992024,1039,38,70,5,2,0,0,12.0,601,0.7456541628545288,0.7567316620241411,0.7348963029756538,815,262,294,1109,1077,10,2
legoassemble_003_legoassemble_aria01_rgb,0.4697379318278531,0.9076295061239497,0.42634800707259984,0.4697379318278531,0.4697379318278531,0.4697379318278531,0.4697379318278531,0.4697379318278531,0.4685488729170929,0.4685488729170929,0.46736942783236823,0.4650392319074209,0.4650392319074209,0.4650392319074209,0.4602012856526695,0.45137189344410666,0.44229651706010964,0.4249348827919755,0.39484105952010345,0.33096924353149815,0.2630872710067223,0.12591401839369218,0.4232574052594189,0.9835651074589128,0.9835651074589128,0.9835651074589128,0.9835651074589128,0.9835651074589128,0.9810606060606061,0.9810606060606061,0.978562421185372,0.9735849056603774,0.9735849056603774,0.9735849056603774,0.96125,0.9466501240694789,0.9346485819975339,0.8972188633615478,0.8350877192982457,0.6889128094725512,0.5174081237911026,0.22006220839813376,0.8831843325247829,0.22434074056162706,0.22434074056162706,0.22434074056162706,0.22434074056162706,0.22434074056162706,0.2237762325341151,0.2237762325341151,0.2232194669888888,0.22212904694363048,0.22212904694363048,0.22212904694363048,0.220322729067745,0.2152184645743149,0.2093045587095536,0.20125485763518405,0.1866863308850546,0.15900508548778355,0.13377237229794492,0.07204481016278627,0.2029722097113954,0.9961587708066582,0.9961587708066582,0.9961587708066582,0.9961587708066582,0.9961587708066582,0.9948783610755442,0.9948783610755442,0.9935979513444302,0.9910371318822023,0.9910371318822023,0.9910371318822023,0.9846350832266325,0.9769526248399488,0.970550576184379,0.9500640204865557,0.9142125480153649,0.8194622279129321,0.6850192061459667,0.36235595390524966,0.9263427454680235,0.9873096446700508,0.9873096446700508,0.9873096446700508,0.9873096446700508,0.9873096446700508,0.9860406091370558,0.9860406091370558,0.9847715736040609,0.9822335025380711,0.9822335025380711,0.9822335025380711,0.9758883248730964,0.9682741116751269,0.9619289340101523,0.9416243654822335,0.9060913705583756,0.8121827411167513,0.6789340101522843,0.35913705583756345,0.9181138124499066,0.22508202598825475,0.22508202598825475,0.22508202598825475,0.22508202598825475,0.22508202598825475,0.22462557894408217,0.22462557894408217,0.2241735100580787,0.2232825746390004,0.2232825746390004,0.2232825746390004,0.22180566657759757,0.21788478476486253,0.21318350122712962,0.20672418484355992,0.1943869193494868,0.16958297286318394,0.1455489548630561,0.08240661872472488,0.20632663815884839,0.9876880036553358,0.9876880036553358,0.9876880036553358,0.9876880036553358,0.9876880036553358,0.98639469015606,0.98639469015606,0.9851171346307744,0.9826095418118471,0.9826095418118471,0.9826095418118471,0.9764631623352402,0.9688157447096588,0.9627325659740653,0.9434552991358712,0.9111135212186988,0.8266891868609004,0.7168760219120677,0.42672972062600567,0.9251079148119803,0.9076295061239497,0.9076295061239497,0.9076295061239497,0.9076295061239497,0.9076295061239497,0.9084340204457984,0.9084340204457984,0.9091431219076523,0.9104222415697917,0.9104222415697917,0.9104222415697917,0.9126260523448131,0.9148071551198524,0.916336992506879,0.9206340717881668,0.9260579400728928,0.9371848698762113,0.9485334253490332,0.965125768887123,0.9177227207407024,0.47273565166985854,0.47273565166985854,0.47273565166985854,0.47273565166985854,0.47273565166985854,0.47183697552353854,0.47183697552353854,0.4709462868527106,0.4691888037781194,0.4691888037781194,0.4691888037781194,0.4657654867767017,0.45853925009741586,0.450711282367742,0.4372699385818014,0.413123451571156,0.36096905906643206,0.30271545100275427,0.1615730977312097,0.43350168025150804,778.0,778.0,778.0,778.0,778.0,777.0,777.0,776.0,774.0,774.0,774.0,769.0,763.0,758.0,742.0,714.0,640.0,535.0,283.0,723.4736842105264,3.0,3.0,3.0,3.0,3.0,4.0,4.0,5.0,7.0,7.0,7.0,12.0,18.0,23.0,39.0,67.0,141.0,246.0,498.0,57.526315789473685,10.0,10.0,10.0,10.0,10.0,11.0,11.0,12.0,14.0,14.0,14.0,19.0,25.0,30.0,46.0,74.0,148.0,253.0,505.0,64.52631578947368,0.9539052496798975,0.9104222415697917,0.9731113956466069,0.9910371318822023,0.9822335025380711,1.0,0.0,0.0,0.8651303648847871,0.9866156787762906,0.02329450915141431,0.9716055169538339,704.6668149750187,774,7,14,15,2,0,0,14.0,601,0.3632887189292543,0.3649167733674776,0.3616751269035533,285,496,503,788,781,17,2
legoassemble_003_legoassemble_aria02_rgb,0.742470357627569,0.915345013585252,0.679616539589254,0.742470357627569,0.742470357627569,0.742470357627569,0.742470357627569,0.742470357627569,0.742470357627569,0.742470357627569,0.742470357627569,0.742470357627569,0.7411369192397896,0.7411369192397896,0.7398063749720548,0.7375380364450681,0.7286461677682079,0.7241078864566595,0.6893438611337618,0.6321418743762544,0.5029074742077494,0.18293071227243235,0.6895752339347309,0.9808743169398907,0.9808743169398907,0.9808743169398907,0.9808743169398907,0.9808743169398907,0.9808743169398907,0.9808743169398907,0.9808743169398907,0.9808743169398907,0.9754768392370572,0.9754768392370572,0.970108695652174,0.9629963898916968,0.9436997319034852,0.9247787610619469,0.8653516295025729,0.7740619902120718,0.5852769679300291,0.20033112582781457,0.8950225169955222,0.5620110777040482,0.5620110777040482,0.5620110777040482,0.5620110777040482,0.5620110777040482,0.5620110777040482,0.5620110777040482,0.5620110777040482,0.5620110777040482,0.5630927470198617,0.5630927470198617,0.5641774730009513,0.5648643763497632,0.5625997548313328,0.566981264390876,0.5491351061024266,0.5162420508859294,0.4321303271312988,0.16704166840884013,0.5319714323409251,0.9880733944954129,0.9880733944954129,0.9880733944954129,0.9880733944954129,0.9880733944954129,0.9880733944954129,0.9880733944954129,0.9880733944954129,0.9880733944954129,0.9853211009174312,0.9853211009174312,0.9825688073394495,0.9788990825688073,0.9688073394495413,0.9587155963302753,0.9256880733944954,0.8706422018348624,0.736697247706422,0.3330275229357798,0.9272815065185899,0.992626728110599,0.992626728110599,0.992626728110599,0.992626728110599,0.992626728110599,0.992626728110599,0.992626728110599,0.992626728110599,0.992626728110599,0.9898617511520738,0.9898617511520738,0.9870967741935484,0.9834101382488479,0.9732718894009217,0.9631336405529954,0.9299539170506912,0.8746543778801843,0.7400921658986175,0.3345622119815668,0.9315546931845742,0.5622440123577882,0.5622440123577882,0.5622440123577882,0.5622440123577882,0.5622440123577882,0.5622440123577882,0.5622440123577882,0.5622440123577882,0.5622440123577882,0.5633442167922721,0.5633442167922721,0.5644467659952498,0.5653208369322205,0.5653281781711648,0.5698017679135147,0.5621676112615498,0.5457207396148839,0.4945387056974057,0.2426812405617019,0.5419415995238068,0.9929341638382481,0.9929341638382481,0.9929341638382481,0.9929341638382481,0.9929341638382481,0.9929341638382481,0.9929341638382481,0.9929341638382481,0.9929341638382481,0.9903506439475006,0.9903506439475006,0.9879214658366577,0.9845229793474706,0.9760499040409116,0.968640581699994,0.9404334110900494,0.8918891286564984,0.7853200812054216,0.4010781818242034,0.9396297103231813,0.915345013585252,0.915345013585252,0.915345013585252,0.915345013585252,0.915345013585252,0.915345013585252,0.915345013585252,0.915345013585252,0.915345013585252,0.9165354482540795,0.9165354482540795,0.9175075602824094,0.9186135221056833,0.9211598784511623,0.9231855829487936,0.928506396911362,0.9347142126819817,0.9450998652620018,0.964194172430892,0.9223240636763008,0.7451900383734771,0.7451900383734771,0.7451900383734771,0.7451900383734771,0.7451900383734771,0.7451900383734771,0.7451900383734771,0.7451900383734771,0.7451900383734771,0.7448672132751116,0.7448672132751116,0.7445422666137426,0.7436028642928862,0.7382755391133501,0.7372745628316443,0.7129711203136051,0.6704193582102703,0.5642244435046249,0.2358590109731997,0.7022954704086758,1077.0,1077.0,1077.0,1077.0,1077.0,1077.0,1077.0,1077.0,1077.0,1074.0,1074.0,1071.0,1067.0,1056.0,1045.0,1009.0,949.0,803.0,363.0,1010.7368421052631,13.0,13.0,13.0,13.0,13.0,13.0,13.0,13.0,13.0,16.0,16.0,19.0,23.0,34.0,45.0,81.0,141.0,287.0,727.0,79.26315789473684,8.0,8.0,8.0,8.0,8.0,8.0,8.0,8.0,8.0,11.0,11.0,14.0,18.0,29.0,40.0,76.0,136.0,282.0,722.0,74.26315789473684,0.9660550458715597,0.9163019316574676,0.9752293577981651,0.9853211009174312,0.9898617511520738,1.0,0.0,0.0,0.8835855730276333,0.9875862068965517,0.018302828618968387,0.9743119266055046,984.1082746001202,1074,16,11,10,2,0,0,9.0,601,0.6905747126436782,0.6889908256880733,0.6921658986175115,751,339,334,1085,1090,12,2
legoassemble_003_legoassemble_aria03_rgb,0.6257103195590318,0.9066324603527871,0.5672892864899336,0.6257103195590318,0.6257103195590318,0.6257103195590318,0.6257103195590318,0.6245914114502036,0.6245914114502036,0.6234842338013373,0.6206082192455313,0.6206082192455313,0.6185254694971745,0.617562929804648,0.6135322549671595,0.6069299191680928,0.6038222288701135,0.5898290682658426,0.5723645573710623,0.5159572480436152,0.3720685854062601,0.14560291291813982,0.5722589446179496,0.9774696707105719,0.9774696707105719,0.9774696707105719,0.9774696707105719,0.9740484429065744,0.9740484429065744,0.9706390328151986,0.9672413793103448,0.9672413793103448,0.9604810996563574,0.9571183533447685,0.9437819420783645,0.9338983050847458,0.924114671163575,0.8859504132231405,0.8403225806451613,0.7419847328244275,0.5254010695187166,0.19727177334732424,0.8775485421567318,0.40053764913038675,0.40053764913038675,0.40053764913038675,0.40053764913038675,0.40050824381305966,0.40050824381305966,0.4004914047927558,0.39819901219458737,0.39819901219458737,0.39831471598304025,0.39847106780066127,0.39884406673022815,0.3944368725971301,0.394541170543904,0.39268374908893283,0.3898516999067845,0.3587835032607513,0.26348448885539233,0.10746701309832861,0.37352288743130263,0.9912126537785588,0.9912126537785588,0.9912126537785588,0.9912126537785588,0.9894551845342706,0.9894551845342706,0.9876977152899824,0.9859402460456942,0.9859402460456942,0.9824253075571178,0.9806678383128296,0.9736379613356766,0.968365553602812,0.9630931458699473,0.9420035149384886,0.9156414762741653,0.8541300527240774,0.6906854130052724,0.3304042179261863,0.9212838775321434,0.986013986013986,0.986013986013986,0.986013986013986,0.986013986013986,0.9842657342657343,0.9842657342657343,0.9825174825174825,0.9807692307692307,0.9807692307692307,0.9772727272727273,0.9755244755244755,0.9685314685314685,0.9632867132867133,0.958041958041958,0.9370629370629371,0.9108391608391608,0.8496503496503497,0.6870629370629371,0.32867132867132864,0.9164519690835481,0.40648514104269856,0.40648514104269856,0.40648514104269856,0.40648514104269856,0.4065298515395539,0.4065298515395539,0.4065837078122886,0.40498126245089244,0.40498126245089244,0.40521809969988487,0.40542385966278066,0.40601730035902944,0.40301700957838504,0.4033106954529046,0.4028674557236588,0.4019335567741812,0.38101768055204155,0.30580741596494143,0.14216898414721563,0.3848593977831052,0.9862406035009429,0.9862406035009429,0.9862406035009429,0.9862406035009429,0.9844633361798734,0.9844633361798734,0.9827265693122406,0.9810267421844283,0.9810267421844283,0.9775649890450544,0.9757635667661216,0.9689973422486787,0.963874827577174,0.9588396948942344,0.9393192587879564,0.9150298833144371,0.8567315187167284,0.6972609799148417,0.36698322430880387,0.9199491802957183,0.9066324603527871,0.9066324603527871,0.9066324603527871,0.9066324603527871,0.9078725357086265,0.9078725357086265,0.9089518869203509,0.9098816158324698,0.9098816158324698,0.9114701964263494,0.9122059674787032,0.9147368596832969,0.9162953611003595,0.9176259509102519,0.9219054707874041,0.9261243417902669,0.9330053031470698,0.9459172137631088,0.9653635191523093,0.9176652745080427,0.6300936328298802,0.6300936328298802,0.6300936328298802,0.6300936328298802,0.6295116824091095,0.6295116824091095,0.6289391429280582,0.6265783526888588,0.6265783526888588,0.62555132271794,0.6251141981192552,0.6231610738982738,0.6180283816248908,0.6164250944878379,0.6082018348385659,0.5974649663625818,0.5535772507578637,0.4265968741160321,0.1884344830852795,0.5865289065501071,564.0,564.0,564.0,564.0,563.0,563.0,562.0,561.0,561.0,559.0,558.0,554.0,551.0,548.0,536.0,521.0,486.0,393.0,188.0,524.2105263157895,5.0,5.0,5.0,5.0,6.0,6.0,7.0,8.0,8.0,10.0,11.0,15.0,18.0,21.0,33.0,48.0,83.0,176.0,381.0,44.78947368421053,8.0,8.0,8.0,8.0,9.0,9.0,10.0,11.0,11.0,13.0,14.0,18.0,21.0,24.0,36.0,51.0,86.0,179.0,384.0,47.78947368421053,0.9472759226713533,0.9114701964263494,0.9595782073813708,0.9824253075571178,0.9772727272727273,1.0,0.0,0.0,0.8603020031675382,0.9798422436459246,0.021630615640599003,0.9580929735676376,509.5118398023293,559,10,13,7,2,0,0,7.0,601,0.5574057843996494,0.5588752196836555,0.5559440559440559,318,251,254,572,569,9,2
legoassemble_004_legoassemble_aria01_rgb,0.554058953901574,0.9206289422496327,0.510082708674344,0.554058953901574,0.554058953901574,0.554058953901574,0.554058953901574,0.554058953901574,0.554058953901574,0.554058953901574,0.554058953901574,0.554058953901574,0.5525463074264289,0.5504275845499986,0.5504275845499986,0.5471021097855593,0.5405852300164611,0.5277596974125215,0.5059602573768273,0.47109430366690247,0.4016566825442243,0.217976952855952,0.518529857647318,0.9654017857142857,0.9654017857142857,0.9654017857142857,0.9654017857142857,0.9654017857142857,0.9654017857142857,0.9654017857142857,0.9654017857142857,0.9654017857142857,0.9632107023411371,0.9566666666666667,0.9566666666666667,0.9480088495575221,0.9351648351648352,0.9037837837837838,0.8478488982161595,0.7574850299401198,0.585058505850585,0.27608695652173915,0.8851893140072519,0.3179829672382218,0.3179829672382218,0.3179829672382218,0.3179829672382218,0.3179829672382218,0.3179829672382218,0.3179829672382218,0.3179829672382218,0.3179829672382218,0.31696846921293015,0.31669392944273095,0.31669392944273095,0.31573620717941236,0.31249292095167414,0.3081824471853882,0.301935619169206,0.292982480412778,0.27574693645020265,0.17209777881203406,0.3048093380738465,0.9730033745781778,0.9730033745781778,0.9730033745781778,0.9730033745781778,0.9730033745781778,0.9730033745781778,0.9730033745781778,0.9730033745781778,0.9730033745781778,0.9718785151856018,0.968503937007874,0.968503937007874,0.9640044994375703,0.9572553430821147,0.9403824521934758,0.9088863892013498,0.8537682789651294,0.7311586051743532,0.42857142857142855,0.9184180924752827,0.9919724770642202,0.9919724770642202,0.9919724770642202,0.9919724770642202,0.9919724770642202,0.9919724770642202,0.9919724770642202,0.9919724770642202,0.9919724770642202,0.9908256880733946,0.9873853211009175,0.9873853211009175,0.9827981651376146,0.9759174311926605,0.9587155963302753,0.926605504587156,0.8704128440366973,0.7454128440366973,0.4369266055045872,0.9363230323515209,0.31808741548657443,0.31808741548657443,0.31808741548657443,0.31808741548657443,0.31808741548657443,0.31808741548657443,0.31808741548657443,0.31808741548657443,0.31808741548657443,0.31733981957535945,0.31732721860454005,0.31732721860454005,0.31672537967981806,0.31439888955681955,0.3115749252776719,0.30760410674743566,0.30230309126810745,0.2925164247577615,0.20534771842465704,0.30869744904609897,0.9932323654189692,0.9932323654189692,0.9932323654189692,0.9932323654189692,0.9932323654189692,0.9932323654189692,0.9932323654189692,0.9932323654189692,0.9932323654189692,0.9920732815235469,0.9909027557295621,0.9909027557295621,0.9863001363359222,0.9794115940339756,0.9624636502765459,0.9315558059838537,0.8801030286932618,0.7807021151871777,0.5283404471714341,0.9453603610229246,0.9206289422496327,0.9206289422496327,0.9206289422496327,0.9206289422496327,0.9206289422496327,0.9206289422496327,0.9206289422496327,0.9206289422496327,0.9206289422496327,0.9211187915495972,0.9225337102695986,0.9225337102695986,0.9239223773921542,0.9256817506032345,0.9293593073616448,0.9346055268252333,0.9415072502478752,0.9520105969993712,0.9678085230017194,0.9277232644614063,0.5562360112229088,0.5562360112229088,0.5562360112229088,0.5562360112229088,0.5562360112229088,0.5562360112229088,0.5562360112229088,0.5562360112229088,0.5562360112229088,0.5550268869337014,0.553822460263015,0.553822460263015,0.551698399813074,0.5469328279197794,0.5383394518398049,0.5238560629390229,0.5001391287121537,0.4490153064607388,0.27158091044740823,0.5289662103472574,865.0,865.0,865.0,865.0,865.0,865.0,865.0,865.0,865.0,864.0,861.0,861.0,857.0,851.0,836.0,808.0,759.0,650.0,381.0,816.4736842105264,24.0,24.0,24.0,24.0,24.0,24.0,24.0,24.0,24.0,25.0,28.0,28.0,32.0,38.0,53.0,81.0,130.0,239.0,508.0,72.52631578947368,7.0,7.0,7.0,7.0,7.0,7.0,7.0,7.0,7.0,8.0,11.0,11.0,15.0,21.0,36.0,64.0,113.0,222.0,491.0,55.526315789473685,0.9516310461192351,0.9211187915495972,0.9628796400449944,0.9718785151856018,0.9908256880733946,1.0,0.0,0.0,0.8749680943744117,0.9812606473594548,0.013311148086522463,0.9617547806524185,795.846635898852,864,25,8,10,2,0,0,8.0,601,0.49744463373083475,0.49268841394825647,0.5022935779816514,438,451,434,872,889,13,2
legoassemble_004_legoassemble_aria02_rgb,0.8681077931766065,0.9288844496920737,0.8063718297382526,0.8681077931766065,0.8681077931766065,0.8681077931766065,0.8681077931766065,0.8681077931766065,0.8681077931766065,0.8681077931766065,0.8681077931766065,0.8681077931766065,0.8675459693882492,0.8664326351381924,0.8624148880428161,0.8532192330782702,0.8429583257293798,0.8389547532918599,0.8145598106437398,0.7641478974594837,0.6486318049655189,0.2876115739055958,0.8136551068543454,0.9924528301886792,0.9924528301886792,0.9924528301886792,0.9924528301886792,0.9924528301886792,0.9924528301886792,0.9924528301886792,0.9924528301886792,0.9924528301886792,0.9905749293119699,0.9868297271872061,0.9812382739212008,0.9701492537313433,0.9591836734693877,0.948339483394834,0.9095840867992767,0.8397212543554007,0.7059773828756059,0.2980946527350953,0.9221983257620753,0.7593420237722388,0.7593420237722388,0.7593420237722388,0.7593420237722388,0.7593420237722388,0.7593420237722388,0.7593420237722388,0.7593420237722388,0.7593420237722388,0.7597971508571899,0.7607244599048237,0.75798046089836,0.7503825384545076,0.7408161320618613,0.7421868332966632,0.7294627233978704,0.6953760026474365,0.5959443299714869,0.27749715295283844,0.7181182104417466,0.9981024667931688,0.9981024667931688,0.9981024667931688,0.9981024667931688,0.9981024667931688,0.9981024667931688,0.9981024667931688,0.9981024667931688,0.9981024667931688,0.9971537001897534,0.9952561669829222,0.9924098671726755,0.9867172675521821,0.9810246679316889,0.9753320683111955,0.9544592030360531,0.9146110056925996,0.8292220113851992,0.4601518026565465,0.9510136822131228,0.994328922495274,0.994328922495274,0.994328922495274,0.994328922495274,0.994328922495274,0.994328922495274,0.994328922495274,0.994328922495274,0.994328922495274,0.9933837429111532,0.9914933837429112,0.9886578449905482,0.9829867674858223,0.9773156899810964,0.9716446124763705,0.9508506616257089,0.9111531190926276,0.8260869565217391,0.45841209829867674,0.9474181673465327,0.7615002188853008,0.7615002188853008,0.7615002188853008,0.7615002188853008,0.7615002188853008,0.7615002188853008,0.7615002188853008,0.7615002188853008,0.7615002188853008,0.761972683185816,0.7629317080471306,0.7615942553393266,0.757477906101347,0.7519616471461726,0.7540779123959809,0.7492100919513234,0.7319755645767403,0.6690661078037202,0.39579817589049154,0.7341877906529345,0.9953129516852726,0.9953129516852726,0.9953129516852726,0.9953129516852726,0.9953129516852726,0.9953129516852726,0.9953129516852726,0.9953129516852726,0.9953129516852726,0.9944259647393175,0.992729812201138,0.9900093690358871,0.9844421867056979,0.9787147502884851,0.9735067009378612,0.9554714076345896,0.9219352953508632,0.840859498517363,0.48099051316957453,0.9511001086183278,0.9288844496920737,0.9288844496920737,0.9288844496920737,0.9288844496920737,0.9288844496920737,0.9288844496920737,0.9288844496920737,0.9288844496920737,0.9288844496920737,0.9293266326134496,0.930101388581395,0.931146426407973,0.9328851473395933,0.9343055719863789,0.9355763321361076,0.939125047859198,0.9440541292714647,0.9506441254169207,0.9668080172179437,0.9344175192662678,0.8705751817429604,0.8705751817429604,0.8705751817429604,0.8705751817429604,0.8705751817429604,0.8705751817429604,0.8705751817429604,0.8705751817429604,0.8705751817429604,0.8704220472683807,0.8701239624875461,0.8673103761166615,0.8604739438023106,0.8525015542240527,0.8508105659855024,0.834411415081817,0.7974951693370134,0.7029723721260753,0.357338516204604,0.8262650820168741,1052.0,1052.0,1052.0,1052.0,1052.0,1052.0,1052.0,1052.0,1052.0,1051.0,1049.0,1046.0,1040.0,1034.0,1028.0,1006.0,964.0,874.0,485.0,1002.3684210526316,2.0,2.0,2.0,2.0,2.0,2.0,2.0,2.0,2.0,3.0,5.0,8.0,14.0,20.0,26.0,48.0,90.0,180.0,569.0,51.63157894736842,6.0,6.0,6.0,6.0,6.0,6.0,6.0,6.0,6.0,7.0,9.0,12.0,18.0,24.0,30.0,52.0,94.0,184.0,573.0,55.63157894736842,0.9876660341555977,0.9293266326134496,0.9905123339658444,0.9971537001897534,0.9933837429111532,1.0,0.0,0.0,0.9171938243612292,0.9952651515151515,0.011647254575707155,0.9900596572535867,976.7222908767355,1051,3,7,3,2,0,0,3.0,601,0.8617424242424242,0.8633776091081594,0.8601134215500945,910,144,148,1058,1054,6,2
legoassemble_005_legoassemble_aria01_rgb,0.6819135504764284,0.8792052677663659,0.5995419857401415,0.6819135504764284,0.6819135504764284,0.6819135504764284,0.6813986376033402,0.6803904044041044,0.6755201965181687,0.6755201965181687,0.6750069316622923,0.6750069316622923,0.6714726930326722,0.6656319759437637,0.6573777362535541,0.6461716651640457,0.6181894320227433,0.5812584430867388,0.5269087835442012,0.44617996495794765,0.3404609529169585,0.16137902550069214,0.6012428748537351,0.9664804469273743,0.9664804469273743,0.9664804469273743,0.9637377963737797,0.9582753824756607,0.9528432732316228,0.9528432732316228,0.9501385041551247,0.9501385041551247,0.9393939393939394,0.9261285909712722,0.9104477611940298,0.8873994638069705,0.8333333333333334,0.7710691823899372,0.6923076923076923,0.5609756097560976,0.387192118226601,0.16749585406301823,0.8264821905183131,0.48113346917851424,0.48113346917851424,0.48113346917851424,0.48177430113741293,0.4830877541789912,0.47891143142175335,0.47891143142175335,0.479545198725841,0.479545198725841,0.47996432442329434,0.4784064888161333,0.47465160170760284,0.4705184506982072,0.45858980863752236,0.4381725860349062,0.40102525114315435,0.35487560897064735,0.2993698864326725,0.1554855791341236,0.4387492267971263,0.9732770745428974,0.9732770745428974,0.9732770745428974,0.9718706047819972,0.9690576652601969,0.9662447257383966,0.9662447257383966,0.9648382559774965,0.9648382559774965,0.9592123769338959,0.9521800281293952,0.9437412095639943,0.9310829817158931,0.90014064697609,0.8621659634317862,0.810126582278481,0.7116736990154712,0.5527426160337553,0.2841068917018284,0.8752683396254347,0.9928263988522238,0.9928263988522238,0.9928263988522238,0.9913916786226685,0.9885222381635581,0.9856527977044476,0.9856527977044476,0.9842180774748924,0.9842180774748924,0.9784791965566715,0.9713055954088953,0.9626972740315638,0.9497847919655668,0.9182209469153515,0.8794835007173601,0.8263988522238164,0.7259684361549498,0.563845050215208,0.2898134863701578,0.8928490523295324,0.4811610038065699,0.4811610038065699,0.4811610038065699,0.48180231973696097,0.48311599913799164,0.4803883770087222,0.4803883770087222,0.48102471626220017,0.48102471626220017,0.48196811378516635,0.48144622704098466,0.4794157828628252,0.4776951712910357,0.4719566796819283,0.4596718556693595,0.4334063584605144,0.39829125095910833,0.3526918622607948,0.2114774378593187,0.451539381931976,0.9887208853060061,0.9887208853060061,0.9887208853060061,0.9874641241311337,0.9861836965420471,0.983254404720445,0.983254404720445,0.9822581769333515,0.9822581769333515,0.9793916751439511,0.9729171250960187,0.9648563136652725,0.9569660281013588,0.9401681159420999,0.9118191484902197,0.8685684405841541,0.7871038907059855,0.6655690018229189,0.40587322210747373,0.9117930842925392,0.8792052677663659,0.8792052677663659,0.8792052677663659,0.880227117189298,0.8821272595697499,0.8839263551906964,0.8839263551906964,0.8846925698536978,0.8846925698536978,0.8871033310130763,0.8897397990926086,0.8925360413142693,0.8961078321389051,0.9036434287371732,0.9112085432715228,0.9198350869013147,0.9324078182990312,0.9482273308662766,0.9656017714422348,0.8991378428012287,0.6843070767913624,0.6843070767913624,0.6843070767913624,0.6842676971879073,0.6842074913215179,0.68025410304319,0.68025410304319,0.6802084630471914,0.6802084630471914,0.6785187694334915,0.6749289621717466,0.669289381894723,0.661884976433541,0.6424914995886098,0.614636062876384,0.5699835226705884,0.5025491392157672,0.40678556290572015,0.21017736460488443,0.6196614101505122,692.0,692.0,692.0,691.0,689.0,687.0,687.0,686.0,686.0,682.0,677.0,671.0,662.0,640.0,613.0,576.0,506.0,393.0,202.0,622.3157894736842,19.0,19.0,19.0,20.0,22.0,24.0,24.0,25.0,25.0,29.0,34.0,40.0,49.0,71.0,98.0,135.0,205.0,318.0,509.0,88.6842105263158,5.0,5.0,5.0,6.0,8.0,10.0,10.0,11.0,11.0,15.0,20.0,26.0,35.0,57.0,84.0,121.0,191.0,304.0,495.0,74.6842105263158,0.9170182841068917,0.8889486678703268,0.9381153305203939,0.9592123769338959,0.9784791965566715,1.0,0.0,0.0,0.8104964718531124,0.96875,0.04043126684636118,0.9364611937284729,606.2629914875629,682,29,15,15,2,0,0,11.0,371,0.6590909090909091,0.6526019690576652,0.6657101865136298,464,247,233,697,711,15,2
legoassemble_005_legoassemble_aria03_rgb,0.6127759994769431,0.8983730810985708,0.5505014626733575,0.6127759994769431,0.612253131245752,0.612253131245752,0.612253131245752,0.612253131245752,0.6105537809717649,0.6105537809717649,0.6105537809717649,0.6105537809717649,0.6085090776018982,0.6036255989637119,0.5848781003352083,0.576211512096655,0.5682240786219946,0.5593938304660063,0.5409841526277387,0.46844611537364683,0.3529631478349101,0.14369053292656495,0.5532068313260708,0.911864406779661,0.9086294416243654,0.9086294416243654,0.9086294416243654,0.9086294416243654,0.9054054054054054,0.9054054054054054,0.9054054054054054,0.9054054054054054,0.9021922428330523,0.8926174496644296,0.8613861386138614,0.8461538461538461,0.8311688311688312,0.8105939004815409,0.768025078369906,0.6419213973799127,0.4536082474226804,0.1799163179916318,0.8081888023672861,0.4117875670364875,0.4125487019770107,0.4125487019770107,0.4125487019770107,0.4125487019770107,0.4117226573128348,0.4117226573128348,0.4117226573128348,0.4117226573128348,0.4104261596853838,0.4081971104881255,0.3971301335336083,0.39238692606775244,0.3884633198669958,0.38603973873666836,0.38106028258285074,0.34185145393866084,0.27464885049464266,0.114758736079073,0.3791492481931385,0.9291882556131261,0.927461139896373,0.927461139896373,0.927461139896373,0.927461139896373,0.92573402417962,0.92573402417962,0.92573402417962,0.92573402417962,0.924006908462867,0.918825561312608,0.9015544041450777,0.8929188255613126,0.8842832469775475,0.8721934369602763,0.846286701208981,0.7616580310880829,0.6079447322970639,0.2970639032815199,0.8551949822743385,0.9799635701275046,0.9781420765027322,0.9781420765027322,0.9781420765027322,0.9781420765027322,0.97632058287796,0.97632058287796,0.97632058287796,0.97632058287796,0.9744990892531876,0.9690346083788707,0.9508196721311475,0.941712204007286,0.9326047358834244,0.9198542805100182,0.8925318761384335,0.8032786885245902,0.6411657559198543,0.3132969034608379,0.9019269485188379,0.41599498397734425,0.41676390122915846,0.41676390122915846,0.41676390122915846,0.41676390122915846,0.41618825805612464,0.41618825805612464,0.41618825805612464,0.41618825805612464,0.4152412463774018,0.4137134093403443,0.4061835518938667,0.4031055935519849,0.40029488357843135,0.39910625049433046,0.39626569146176993,0.3675642273370253,0.315686790288506,0.15071566094137914,0.3902989961254482,0.978832614556366,0.9801898447510706,0.9801898447510706,0.9801898447510706,0.9801898447510706,0.9783030246410375,0.9783030246410375,0.9783030246410375,0.9783030246410375,0.9765718927268597,0.9712943520775574,0.9553952435706871,0.9479929593601027,0.9389748414347805,0.9269670158686061,0.9039967453934515,0.8219673966256863,0.6914400255803854,0.37988716099068653,0.9119627224080844,0.8983730810985708,0.899873183361084,0.899873183361084,0.899873183361084,0.899873183361084,0.9010577212298216,0.9010577212298216,0.9010577212298216,0.9010577212298216,0.9018248350811912,0.9039652524130021,0.9101729782108589,0.9130037595360172,0.9152240967280458,0.9177812531314928,0.9221264044231047,0.9322701742800082,0.9457226677018089,0.9667156619730082,0.9121528306810911,0.6185694553546974,0.6185651860542811,0.6185651860542811,0.6185651860542811,0.6185651860542811,0.6173699639601341,0.6173699639601341,0.6173699639601341,0.6173699639601341,0.6158218954886051,0.6124230067285491,0.5983597754745446,0.5919203267248313,0.5860986314807983,0.5802597061075169,0.5678787278185394,0.5102684639790303,0.4086212450297486,0.1846366108747212,0.5693999181641708,538.0,537.0,537.0,537.0,537.0,536.0,536.0,536.0,536.0,535.0,532.0,522.0,517.0,512.0,505.0,490.0,441.0,352.0,172.0,495.1578947368421,41.0,42.0,42.0,42.0,42.0,43.0,43.0,43.0,43.0,44.0,47.0,57.0,62.0,67.0,74.0,89.0,138.0,227.0,407.0,83.84210526315789,11.0,12.0,12.0,12.0,12.0,13.0,13.0,13.0,13.0,14.0,17.0,27.0,32.0,37.0,44.0,59.0,108.0,197.0,377.0,53.8421052631579,0.8877374784110535,0.9018248350811912,0.8998272884283247,0.924006908462867,0.9744990892531876,1.0,0.0,0.0,0.7970229477865929,0.9485815602836879,0.03773584905660377,0.8983677063212189,482.47628676843726,535,44,14,7,2,0,0,7.0,371,0.5460992907801419,0.531951640759931,0.5610200364298725,308,271,241,549,579,9,2
tagging_001_tagging_aria01_rgb,0.3781878620133836,0.893788882553572,0.3380201065842666,0.3781878620133836,0.3781878620133836,0.3781878620133836,0.3777645569963282,0.3776387644565855,0.37725339913308104,0.3766215424329765,0.3766215424329765,0.37608434137979785,0.3754585557693999,0.37208782594578743,0.3671150649819181,0.3577941206546514,0.34960520220286145,0.33648706667890904,0.315298442495967,0.2902849464854227,0.224066758565863,0.10853750947399497,0.34175174874350905,0.9507672634271099,0.9507672634271099,0.9507672634271099,0.949520766773163,0.9482758620689655,0.9457908163265306,0.943312101910828,0.943312101910828,0.9408396946564885,0.9383735705209657,0.9273531269740998,0.906875,0.8740786240786241,0.842391304347826,0.7936507936507936,0.7256787330316742,0.6518678938819708,0.46401151631477927,0.18947368421052632,0.8335319674178627,0.15043225032665325,0.15043225032665325,0.15043225032665325,0.15029272188285278,0.15038982022503994,0.15047738326561239,0.1503678219936618,0.1503678219936618,0.15033318920787828,0.15022708602308613,0.1492951780610423,0.1486130623698723,0.14645894459434808,0.14509147563189592,0.14266166801314248,0.13699327721106508,0.12926752636064334,0.1081997117074864,0.06217428563709262,0.14065830132412324,0.9643320363164721,0.9643320363164721,0.9643320363164721,0.9636835278858625,0.9630350194552529,0.9617380025940337,0.9604409857328146,0.9604409857328146,0.9591439688715954,0.9578469520103762,0.9520103761348897,0.9409857328145266,0.9228274967574579,0.9046692607003891,0.8754863813229572,0.8320363164721142,0.7808041504539559,0.6271076523994812,0.3151750972762646,0.8826541060823265,0.9854208084824387,0.9854208084824387,0.9854208084824387,0.9847581179589132,0.9840954274353877,0.9827700463883366,0.9814446653412856,0.9814446653412856,0.9801192842942346,0.9787939032471835,0.9728296885354539,0.9615639496355202,0.9430086149768059,0.9244532803180915,0.8946322067594433,0.8502319416832339,0.7978793903247183,0.6408217362491716,0.3220675944333996,0.9019566809668307,0.15233469380160347,0.15233469380160347,0.15233469380160347,0.15221460682649382,0.15231300214356513,0.15240019890854348,0.15232197493974858,0.15232197493974858,0.15228333757125184,0.15220736208673272,0.151420643118039,0.15085160080047674,0.14897043158124768,0.14760388545876746,0.14531361087562145,0.14036739079788133,0.13372387233927724,0.1151034658132489,0.07025259130666232,0.14350915952169033,0.9207198278034527,0.9207198278034527,0.9207198278034527,0.9200012639277306,0.919610692388288,0.919182629625805,0.9180668562099904,0.9180668562099904,0.9174608652338057,0.917286487892064,0.9114443336574881,0.901507984500736,0.8849927683116505,0.8753715989928771,0.8606491746201672,0.82411702195259,0.7791704404769826,0.6421092529205601,0.37365496704937234,0.8549922461779188,0.893788882553572,0.893788882553572,0.893788882553572,0.8942607036776088,0.8946999304288638,0.8955602826369252,0.8963223450344202,0.8963223450344202,0.8969595766749134,0.8975111772569045,0.8997660328407925,0.9034753936271754,0.9089957408730558,0.913650816680034,0.91988170759538,0.9272961912855714,0.9337197764859607,0.9473083602569394,0.9660611151454821,0.909113586483956,0.38087614559745114,0.38087614559745114,0.38087614559745114,0.3805714393377889,0.3805662405499118,0.3804205804336129,0.3800255506911199,0.3800255506911199,0.3797251265717991,0.37933435971002366,0.3770020671309618,0.37395557409928415,0.36763615330614785,0.3622979409185702,0.35340960298543556,0.33761424992458156,0.31769894727761766,0.2604858291715357,0.1399849510617228,0.35228329477124143,1487.0,1487.0,1487.0,1486.0,1485.0,1483.0,1481.0,1481.0,1479.0,1477.0,1468.0,1451.0,1423.0,1395.0,1350.0,1283.0,1204.0,967.0,486.0,1361.0526315789473,55.0,55.0,55.0,56.0,57.0,59.0,61.0,61.0,63.0,65.0,74.0,91.0,119.0,147.0,192.0,259.0,338.0,575.0,1056.0,180.94736842105263,22.0,22.0,22.0,23.0,24.0,26.0,28.0,28.0,30.0,32.0,41.0,58.0,86.0,114.0,159.0,226.0,305.0,542.0,1023.0,147.94736842105263,0.920881971465629,0.8977444739609364,0.9422827496757458,0.9604409857328146,0.9814446653412856,1.0,0.0,0.0,0.8226715732400434,0.970829236315962,0.04658901830282862,0.9412979805837367,1329.5595659361468,1481,61,28,33,3,0,0,29.0,601,0.2235332677810554,0.22114137483787288,0.22597746852220013,341,1201,1168,1509,1542,31,3
tagging_001_tagging_aria02_rgb,0.5196385913109391,0.9071665626311451,0.4713987546900351,0.5196385913109391,0.5186491903123902,0.5186491903123902,0.5186491903123902,0.518476938594331,0.5174929939891681,0.5174929939891681,0.5174929939891681,0.5154175585773714,0.5152353333036815,0.5134960890165055,0.5096549664198214,0.5055695393709896,0.49678277107837665,0.4817244292855372,0.46390945636396064,0.4325915110523094,0.3399465576951822,0.14453046412844425,0.4771263557422171,0.9782034346103038,0.976897689768977,0.976897689768977,0.976897689768977,0.9755936675461742,0.974291364535267,0.974291364535267,0.974291364535267,0.9690992767915845,0.9678055190538765,0.9639344262295082,0.9549608355091384,0.9460688758934372,0.9223363286264442,0.877742946708464,0.8295662797800856,0.7463556851311953,0.5358974358974359,0.17727987421383648,0.8788637762581167,0.2760410115378396,0.2753583977410286,0.2753583977410286,0.2753583977410286,0.27554333817098775,0.27486541354660593,0.27486541354660593,0.27486541354660593,0.27412594978851706,0.2742983414106544,0.27354374557057926,0.2719987827122819,0.27017119540943946,0.26757389249520125,0.2643808493599358,0.2594271114309965,0.25073221677359564,0.21564511107480144,0.11783094473536773,0.26010441707016324,0.9886515353805073,0.9879839786381842,0.9879839786381842,0.9879839786381842,0.9873164218958611,0.986648865153538,0.986648865153538,0.986648865153538,0.9839786381842457,0.9833110814419226,0.9813084112149533,0.9766355140186916,0.9719626168224299,0.959279038718291,0.9345794392523364,0.9065420560747663,0.8544726301735648,0.6975967957276369,0.30106809078771696,0.9184526737404258,0.9893119572478289,0.9886439545758183,0.9886439545758183,0.9886439545758183,0.9879759519038076,0.9873079492317969,0.9873079492317969,0.9873079492317969,0.9846359385437542,0.9839679358717435,0.9819639278557114,0.9772879091516367,0.9726118904475618,0.9599198396793587,0.9352037408149633,0.9071476285905143,0.8550434201736807,0.698062792251169,0.3012692050768203,0.9190662025805998,0.27649689476920425,0.27599108420817225,0.27599108420817225,0.27599108420817225,0.276176452418028,0.2756723529127388,0.2756723529127388,0.2756723529127388,0.2751440351344059,0.27531714953697745,0.2747496543414911,0.27363873046628323,0.2722668519593369,0.27046179113658403,0.2682290479064673,0.2646458497805355,0.25838926789027594,0.22997514729263455,0.14338789909206903,0.2638878464782646,0.9872632830131095,0.9865815415816969,0.9865815415816969,0.9865815415816969,0.9865724689255655,0.9858944247201625,0.9858944247201625,0.9858944247201625,0.983311754382395,0.982912489740816,0.9809190316388443,0.9767780485116659,0.9727308205542954,0.9612589349216315,0.9409665392342105,0.9186202620178424,0.8760865866387885,0.7426923652806406,0.3871391268835262,0.9270884005604687,0.9071665626311451,0.9077300869591117,0.9077300869591117,0.9077300869591117,0.9081780303368342,0.9086217004221412,0.9086217004221412,0.9086217004221412,0.9099450482611394,0.9102353749303228,0.9110114183624997,0.9126070434592017,0.9139225768021104,0.917091354480674,0.9220988294319061,0.9264412456138933,0.9324751845276555,0.9443826097646418,0.9653809972713231,0.9173679809482688,0.522406326421181,0.5215838238975755,0.5215838238975755,0.5215838238975755,0.521582651858956,0.520764484528003,0.520764484528003,0.520764484528003,0.5193592964065128,0.5193463186836278,0.5181030576667662,0.5154063163821995,0.5124415108870503,0.5066340162078619,0.49707635826285806,0.4849552422628227,0.46286479314782913,0.3878573687582999,0.18834844721204938,0.48860140154919746,1481.0,1480.0,1480.0,1480.0,1479.0,1478.0,1478.0,1478.0,1474.0,1473.0,1470.0,1463.0,1456.0,1437.0,1400.0,1358.0,1280.0,1045.0,451.0,1375.842105263158,17.0,18.0,18.0,18.0,19.0,20.0,20.0,20.0,24.0,25.0,28.0,35.0,42.0,61.0,98.0,140.0,218.0,453.0,1047.0,122.15789473684211,16.0,17.0,17.0,17.0,18.0,19.0,19.0,19.0,23.0,24.0,27.0,34.0,41.0,60.0,97.0,139.0,217.0,452.0,1046.0,121.15789473684211,0.951935914552737,0.9103344367930901,0.9672897196261683,0.9833110814419226,0.9839679358717435,1.0,0.0,0.0,0.8637667726276513,0.9836393989983305,0.03993344425956739,0.9663806890280257,1340.9226253962217,1473,25,24,23,3,0,0,22.0,601,0.4247078464106845,0.42456608811748997,0.4248496993987976,636,862,861,1497,1498,23,3
tagging_001_tagging_aria03_rgb,0.44914631240898323,0.8891976704123541,0.3993798546683673,0.44914631240898323,0.44914631240898323,0.44914631240898323,0.44914631240898323,0.44914631240898323,0.44914631240898323,0.44914631240898323,0.44914631240898323,0.4475444684389282,0.444652835654885,0.44356933623977235,0.44076737330298665,0.4395657623835054,0.42888926439684383,0.40801542828665616,0.372258926975734,0.31295500044282526,0.22738647987527655,0.07912904913690784,0.40199496970558873,0.9923497267759562,0.9923497267759562,0.9923497267759562,0.9923497267759562,0.9923497267759562,0.9923497267759562,0.9923497267759562,0.9923497267759562,0.985838779956427,0.9750812567713976,0.9708108108108108,0.9623250807319699,0.958109559613319,0.925026399155227,0.8621041879468846,0.7613526570048309,0.6161347517730497,0.41099071207430343,0.1280940594059406,0.8681403194448322,0.20328761575417179,0.20328761575417179,0.20328761575417179,0.20328761575417179,0.20328761575417179,0.20328761575417179,0.20328761575417179,0.20328761575417179,0.20317323207668464,0.20276889016469282,0.20266951486445187,0.2018817562363053,0.20166593425680124,0.1988548665020296,0.19310495418936569,0.18201382426152818,0.1589600846573329,0.1258048167782483,0.04888131773127952,0.18663579567116287,0.9923497267759562,0.9923497267759562,0.9923497267759562,0.9923497267759562,0.9923497267759562,0.9923497267759562,0.9923497267759562,0.9923497267759562,0.9890710382513661,0.9836065573770492,0.9814207650273225,0.9770491803278688,0.9748633879781421,0.9573770491803278,0.9224043715846995,0.8612021857923498,0.7595628415300546,0.580327868852459,0.2262295081967213,0.9027322404371584,1.0,1.0,1.0,1.0,1.0,1.0,1.0,1.0,0.9966960352422908,0.9911894273127754,0.9889867841409692,0.9845814977973568,0.9823788546255506,0.9647577092511013,0.9295154185022027,0.8678414096916299,0.7654185022026432,0.5848017621145375,0.22797356828193832,0.9096916299559471,0.2057267891263903,0.2057267891263903,0.2057267891263903,0.2057267891263903,0.2057267891263903,0.2057267891263903,0.2057267891263903,0.2057267891263903,0.20567772142749327,0.20536779875537645,0.2052693408291998,0.20451796177753262,0.20430026107406926,0.20212664978571107,0.1971667170169049,0.18822807054064652,0.1681555528933647,0.1385376630263754,0.056213518362222506,0.19059871413157992,0.9539126521718535,0.9539126521718535,0.9539126521718535,0.9539126521718535,0.9539126521718535,0.9539126521718535,0.9539126521718535,0.9539126521718535,0.9526871324184637,0.9478503302858725,0.9467942218661246,0.943687712059352,0.9421684772708796,0.9278705781496548,0.9066796396862793,0.8689851801416058,0.8123386997258439,0.6800672758798442,0.37312079369855916,0.8912395399240687,0.8891976704123541,0.8891976704123541,0.8891976704123541,0.8891976704123541,0.8891976704123541,0.8891976704123541,0.8891976704123541,0.8891976704123541,0.8907144593571552,0.8930086779613384,0.8938260730982706,0.8952576842153803,0.8958351475230117,0.8998072484450946,0.9061778306308459,0.9152031703810024,0.9271957166078288,0.9424999275541978,0.9654289631614168,0.9020282243281251,0.44914631240898323,0.44914631240898323,0.44914631240898323,0.44914631240898323,0.44914631240898323,0.44914631240898323,0.44914631240898323,0.44914631240898323,0.4482775475026295,0.44659244283581256,0.4459866257254657,0.44412656355349056,0.44339230474757063,0.4363245183425533,0.42204366352183753,0.39591754608561197,0.34747686770802716,0.27020000224332885,0.10515891056089845,0.4104561837946891,908.0,908.0,908.0,908.0,908.0,908.0,908.0,908.0,905.0,900.0,898.0,894.0,892.0,876.0,844.0,788.0,695.0,531.0,207.0,826.0,7.0,7.0,7.0,7.0,7.0,7.0,7.0,7.0,10.0,15.0,17.0,21.0,23.0,39.0,71.0,127.0,220.0,384.0,708.0,89.0,0.0,0.0,0.0,0.0,0.0,0.0,0.0,0.0,3.0,8.0,10.0,14.0,16.0,32.0,64.0,120.0,213.0,377.0,701.0,82.0,0.9519125683060109,0.8927146645477695,0.9770491803278688,0.9846994535519126,0.9922907488986784,1.0,0.0,0.0,0.846268757112066,0.988480526604498,0.011647254575707155,0.9755609531846802,804.3359127575403,901,14,7,23,3,0,0,22.0,601,0.3455842018650576,0.3442622950819672,0.34691629955947134,315,600,593,908,915,25,3
tagging_001_tagging_aria04_rgb,0.46983614584307176,0.881032011968334,0.41394068486756913,0.46983614584307176,0.46983614584307176,0.46983614584307176,0.46983614584307176,0.46983614584307176,0.46964053803874733,0.46964053803874733,0.46941842372057396,0.4685610038893153,0.4676052985871369,0.4619428087208117,0.45343512454135204,0.44489676260721966,0.4315824196246215,0.4143086964408212,0.37813887754704034,0.3176518747344191,0.22178196757552507,0.06166407277979425,0.41470784926639387,0.9848920863309353,0.9848920863309353,0.9848920863309353,0.9848920863309353,0.9848920863309353,0.9834651329978433,0.9834651329978433,0.9820402298850575,0.9777777777777777,0.9749463135289907,0.9637010676156583,0.9388615600843289,0.9173036831132731,0.887140902872777,0.8430193720774883,0.7462025316455696,0.5994202898550725,0.3795,0.09310618066561015,0.8523374003564194,0.2241321734678848,0.2241321734678848,0.2241321734678848,0.2241321734678848,0.2241321734678848,0.2242705181595978,0.2242705181595978,0.22438353320219837,0.22453917378316668,0.22427359561503035,0.22142878709975317,0.21899225712187434,0.215777100890527,0.20995918948825035,0.20361536357519752,0.19162225354182036,0.16833383058602716,0.12961064859465415,0.04084001561022301,0.202240929093018,0.9877344877344877,0.9877344877344877,0.9877344877344877,0.9877344877344877,0.9877344877344877,0.987012987012987,0.987012987012987,0.9862914862914863,0.9841269841269841,0.9826839826839827,0.976911976911977,0.963924963924964,0.9523809523809523,0.9357864357864358,0.9105339105339105,0.8506493506493507,0.746031746031746,0.5476190476190477,0.16955266955266957,0.8904837852206272,0.9970866715222141,0.9970866715222141,0.9970866715222141,0.9970866715222141,0.9970866715222141,0.9963583394027676,0.9963583394027676,0.9956300072833212,0.9934450109249818,0.9919883466860888,0.9861616897305171,0.9730517115804806,0.9613983976693372,0.9446467589220685,0.9191551347414421,0.8587035688273853,0.7530954115076475,0.5528040786598689,0.17115804806991988,0.8989151684747192,0.2284350767347302,0.2284350767347302,0.2284350767347302,0.2284350767347302,0.2284350767347302,0.22857575672614097,0.22857575672614097,0.22869174634092132,0.22886962625391308,0.22866060643752803,0.22632135917766985,0.22440258789769826,0.22156826464113047,0.21657984184937423,0.2112627819648508,0.20118724073707628,0.18033632110784775,0.14338644151526486,0.050131903223310154,0.20845924306697466,0.9331421479871738,0.9331421479871738,0.9331421479871738,0.9331421479871738,0.9331421479871738,0.9333762407665457,0.9333762407665457,0.9331387219111232,0.9314118036145556,0.9298576310609362,0.924379275108127,0.9162258438540416,0.9089920431999184,0.8948825833466398,0.8746579438525458,0.824036467141731,0.7347823369619685,0.577559178984435,0.2088433043683278,0.8521700186775427,0.881032011968334,0.881032011968334,0.881032011968334,0.881032011968334,0.881032011968334,0.881486693695521,0.881486693695521,0.8818560093653407,0.882839160614208,0.8834247564826886,0.8855070261142314,0.8896848577659364,0.892959128852108,0.896766726533908,0.9014860697493309,0.9102197276440639,0.9218475530561306,0.9380500114448703,0.9640579836082729,0.8956227609717791,0.4705136316251831,0.4705136316251831,0.4705136316251831,0.4705136316251831,0.4705136316251831,0.47048689038872804,0.47048689038872804,0.47043338365950527,0.4700798441898914,0.4694572080071143,0.46509830589977547,0.45944760696520026,0.4533232851377932,0.44325721831891096,0.43057948539254465,0.40373672801135485,0.3543760453928933,0.2664155775188297,0.0832137829406043,0.42436633738619944,1369.0,1369.0,1369.0,1369.0,1369.0,1368.0,1368.0,1367.0,1364.0,1362.0,1354.0,1336.0,1320.0,1297.0,1262.0,1179.0,1034.0,759.0,235.0,1234.2105263157894,17.0,17.0,17.0,17.0,17.0,18.0,18.0,19.0,22.0,24.0,32.0,50.0,66.0,89.0,124.0,207.0,352.0,627.0,1151.0,151.78947368421052,4.0,4.0,4.0,4.0,4.0,5.0,5.0,6.0,9.0,11.0,19.0,37.0,53.0,76.0,111.0,194.0,339.0,614.0,1138.0,138.78947368421052,0.9603174603174603,0.8834247564826886,0.9747474747474747,0.9826839826839827,0.9919883466860888,1.0,0.0,0.0,0.8457608357355136,0.9873142442914099,0.018302828618968387,0.973808780666909,1203.224518329422,1362,24,11,20,3,0,0,21.0,601,0.33272924972816237,0.33116883116883117,0.33430444282592864,459,927,914,1373,1386,21,3
tagging_002_tagging_aria01_rgb,0.6186624667460011,0.9159220609191059,0.5666466015552951,0.6186624667460011,0.6186624667460011,0.6186624667460011,0.6186624667460011,0.6186624667460011,0.6186624667460011,0.6186624667460011,0.6186624667460011,0.6186624667460011,0.6186624667460011,0.6186624667460011,0.6186624667460011,0.6186624667460011,0.6186624667460011,0.6186624667460011,0.5851123350093193,0.5348151687793609,0.37601776776144663,0.1066829350551713,0.572766589883964,0.9788732394366197,0.9788732394366197,0.9788732394366197,0.9788732394366197,0.9788732394366197,0.9788732394366197,0.9788732394366197,0.9788732394366197,0.9788732394366197,0.9788732394366197,0.9788732394366197,0.9788732394366197,0.9788732394366197,0.9788732394366197,0.9788732394366197,0.9246575342465754,0.8070739549839229,0.5439560439560439,0.1469387755102041,0.9003013105392653,0.39100389339536024,0.39100389339536024,0.39100389339536024,0.39100389339536024,0.39100389339536024,0.39100389339536024,0.39100389339536024,0.39100389339536024,0.39100389339536024,0.39100389339536024,0.39100389339536024,0.39100389339536024,0.39100389339536024,0.39100389339536024,0.39100389339536024,0.3702521548791737,0.3544003160927105,0.25992791741776594,0.07745571985657068,0.36458392153561175,0.9823321554770318,0.9823321554770318,0.9823321554770318,0.9823321554770318,0.9823321554770318,0.9823321554770318,0.9823321554770318,0.9823321554770318,0.9823321554770318,0.9823321554770318,0.9823321554770318,0.9823321554770318,0.9823321554770318,0.9823321554770318,0.9823321554770318,0.9540636042402827,0.8869257950530035,0.6996466431095406,0.254416961130742,0.9226334387204761,0.996415770609319,0.996415770609319,0.996415770609319,0.996415770609319,0.996415770609319,0.996415770609319,0.996415770609319,0.996415770609319,0.996415770609319,0.996415770609319,0.996415770609319,0.996415770609319,0.996415770609319,0.996415770609319,0.996415770609319,0.967741935483871,0.899641577060932,0.7096774193548387,0.25806451612903225,0.9358611582720243,0.39423269333413263,0.39423269333413263,0.39423269333413263,0.39423269333413263,0.39423269333413263,0.39423269333413263,0.39423269333413263,0.39423269333413263,0.39423269333413263,0.39423269333413263,0.39423269333413263,0.39423269333413263,0.39423269333413263,0.39423269333413263,0.39423269333413263,0.38016335492230596,0.37112417466493053,0.300462055661831,0.10031876316079205,0.3718715130748342,0.9964810760087581,0.9964810760087581,0.9964810760087581,0.9964810760087581,0.9964810760087581,0.9964810760087581,0.9964810760087581,0.9964810760087581,0.9964810760087581,0.9964810760087581,0.9964810760087581,0.9964810760087581,0.9964810760087581,0.9964810760087581,0.9964810760087581,0.9687333630343007,0.9069340441742394,0.7305832382352377,0.30134816956747906,0.9397271029022436,0.9159220609191059,0.9159220609191059,0.9159220609191059,0.9159220609191059,0.9159220609191059,0.9159220609191059,0.9159220609191059,0.9159220609191059,0.9159220609191059,0.9159220609191059,0.9159220609191059,0.9159220609191059,0.9159220609191059,0.9159220609191059,0.9159220609191059,0.9199957351865667,0.9266628448544706,0.9401842567444358,0.9624830574434531,0.920429305685027,0.6197545460898014,0.6197545460898014,0.6197545460898014,0.6197545460898014,0.6197545460898014,0.6197545460898014,0.6197545460898014,0.6197545460898014,0.6197545460898014,0.6197545460898014,0.6197545460898014,0.6197545460898014,0.6197545460898014,0.6197545460898014,0.6197545460898014,0.5943434237557911,0.5606485370689582,0.426447763356538,0.14037823502275126,0.5799019026605821,278.0,278.0,278.0,278.0,278.0,278.0,278.0,278.0,278.0,278.0,278.0,278.0,278.0,278.0,278.0,270.0,251.0,198.0,72.0,261.10526315789474,5.0,5.0,5.0,5.0,5.0,5.0,5.0,5.0,5.0,5.0,5.0,5.0,5.0,5.0,5.0,13.0,32.0,85.0,211.0,21.894736842105264,1.0,1.0,1.0,1.0,1.0,1.0,1.0,1.0,1.0,1.0,1.0,1.0,1.0,1.0,1.0,9.0,28.0,81.0,207.0,17.894736842105264,0.9469964664310954,0.9159220609191059,0.9787985865724381,0.9823321554770318,0.996415770609319,1.0,0.0,0.0,0.8644040033056941,0.9893238434163701,0.004545454545454545,0.9754267049136419,254.62633293551144,278,5,1,9,3,0,0,9.0,220,0.5266903914590747,0.5229681978798587,0.5304659498207885,148,135,131,279,283,12,3
tagging_002_tagging_aria02_rgb,0.8419554422920132,0.9103168690448845,0.7664462421025664,0.8419554422920132,0.8419554422920132,0.8419554422920132,0.8419554422920132,0.8419554422920132,0.8409827769766165,0.8402678094225781,0.8402678094225781,0.8395662027865071,0.8364998999972413,0.83251401135839,0.8270437522058328,0.8196191176091115,0.8086390734060287,0.7834306526006442,0.7515193237937601,0.6520716452924158,0.5360649001127689,0.22077534657389294,0.7704757648957069,0.9900166389351082,0.9900166389351082,0.9900166389351082,0.9900166389351082,0.9900166389351082,0.9867109634551495,0.9834162520729685,0.9834162520729685,0.9801324503311258,0.9768595041322314,0.9703459637561779,0.9574468085106383,0.9478827361563518,0.9290322580645162,0.886435331230284,0.8428351309707242,0.7183908045977011,0.5841059602649007,0.23426212590299278,0.891123986115488,0.7160374269746032,0.7160374269746032,0.7160374269746032,0.7160374269746032,0.7160374269746032,0.7167773110523964,0.717956399503788,0.717956399503788,0.71915934282476,0.7163078003903786,0.7142602793184699,0.7144014288654897,0.7087116078032782,0.7038476278544369,0.6923952214116155,0.6700970015155289,0.5918748233873465,0.4919750810325378,0.20806501890538787,0.6665248672759062,0.9916666666666667,0.9916666666666667,0.9916666666666667,0.9916666666666667,0.9916666666666667,0.99,0.9883333333333333,0.9883333333333333,0.9866666666666667,0.985,0.9816666666666667,0.975,0.97,0.96,0.9366666666666666,0.9116666666666666,0.8333333333333334,0.735,0.37833333333333335,0.9251754385964912,0.9983221476510067,0.9983221476510067,0.9983221476510067,0.9983221476510067,0.9983221476510067,0.9966442953020134,0.9949664429530202,0.9949664429530202,0.9932885906040269,0.9916107382550335,0.988255033557047,0.9815436241610739,0.9765100671140939,0.9664429530201343,0.9429530201342282,0.9177852348993288,0.8389261744966443,0.7399328859060402,0.3808724832214765,0.9313846697280113,0.7176942413591247,0.7176942413591247,0.7176942413591247,0.7176942413591247,0.7176942413591247,0.7184643091516439,0.7196462997916144,0.7196462997916144,0.7208520402419105,0.7192053196214389,0.7183603919132591,0.7191698580643545,0.7159381353633577,0.7137493717646476,0.7088615280380708,0.6955564116689427,0.6462733065540563,0.5772092196342646,0.30977726939600725,0.683746366725832,0.998327330932373,0.998327330932373,0.998327330932373,0.998327330932373,0.998327330932373,0.9966990650898698,0.9958503282687734,0.9958503282687734,0.996687913282741,0.9949993587266813,0.9917898103830031,0.9854349901735885,0.9805070386455202,0.971402451749249,0.9499561751802404,0.9286300254250756,0.8591723054659306,0.7638325176227801,0.41978864670045585,0.9380125057707658,0.9103168690448845,0.9103168690448845,0.9103168690448845,0.9103168690448845,0.9103168690448845,0.9114173046219585,0.9124210527184221,0.9124210527184221,0.9132392218698536,0.9139994852735888,0.9153106550744983,0.9176405476894973,0.9191835113956699,0.9216790365579873,0.9265280229584353,0.9306460284907361,0.9403322213521217,0.9482903866874477,0.9655854865821483,0.9210672820639585,0.8426567797249848,0.8426567797249848,0.8426567797249848,0.8426567797249848,0.8426567797249848,0.8423832488492826,0.8423658596533795,0.8423658596533795,0.842360108022155,0.8399780850620585,0.8373562608179177,0.8345905541904081,0.829126202437952,0.8220059140543087,0.8053220002306819,0.7816041835321702,0.7023026551918022,0.6013332558231876,0.28056716157194594,0.7851023814587134,595.0,595.0,595.0,595.0,595.0,594.0,593.0,593.0,592.0,591.0,589.0,585.0,582.0,576.0,562.0,547.0,500.0,441.0,227.0,555.1052631578947,5.0,5.0,5.0,5.0,5.0,6.0,7.0,7.0,8.0,9.0,11.0,15.0,18.0,24.0,38.0,53.0,100.0,159.0,373.0,44.89473684210526,1.0,1.0,1.0,1.0,1.0,2.0,3.0,3.0,4.0,5.0,7.0,11.0,14.0,20.0,34.0,49.0,96.0,155.0,369.0,40.89473684210526,0.97,0.9139994852735888,0.9766666666666667,0.985,0.9916107382550335,1.0,0.0,0.0,0.8852894929944849,0.9882943143812709,0.022727272727272728,0.9756632333477868,540.1736957966909,591,9,5,4,3,0,0,6.0,220,0.774247491638796,0.7716666666666666,0.7768456375838926,463,137,133,596,600,8,3
tagging_002_tagging_aria03_rgb,0.8521604894241258,0.8884212908938524,0.7570775220629189,0.8521604894241258,0.8521604894241258,0.8521604894241258,0.8521604894241258,0.8521604894241258,0.8521604894241258,0.8521604894241258,0.8521604894241258,0.8521604894241258,0.8521604894241258,0.8521604894241258,0.8475829266949693,0.8365666350851414,0.8300716536899155,0.803277268141246,0.7337638212416637,0.589259171204986,0.33543821550046665,0.06951638608474053,0.758907445332027,0.9863325740318907,0.9863325740318907,0.9863325740318907,0.9863325740318907,0.9863325740318907,0.9863325740318907,0.9863325740318907,0.9863325740318907,0.9863325740318907,0.9863325740318907,0.9863325740318907,0.9773242630385488,0.9595505617977528,0.9464285714285714,0.9122807017543859,0.8166666666666667,0.6483931947069943,0.3667711598746082,0.06471306471306472,0.8706203420174417,0.7362400055055733,0.7362400055055733,0.7362400055055733,0.7362400055055733,0.7362400055055733,0.7362400055055733,0.7362400055055733,0.7362400055055733,0.7362400055055733,0.7362400055055733,0.7362400055055733,0.7350649572448748,0.7293453443729879,0.7280200229157098,0.7072980588886616,0.6592767494242877,0.5355182220968512,0.3067820175844945,0.07467623355051958,0.6618221929810365,0.9954022988505747,0.9954022988505747,0.9954022988505747,0.9954022988505747,0.9954022988505747,0.9954022988505747,0.9954022988505747,0.9954022988505747,0.9954022988505747,0.9954022988505747,0.9954022988505747,0.9908045977011494,0.9816091954022989,0.9747126436781609,0.9563218390804598,0.9011494252873563,0.7885057471264367,0.5379310344827586,0.12183908045977011,0.9053841500302481,0.9908466819221968,0.9908466819221968,0.9908466819221968,0.9908466819221968,0.9908466819221968,0.9908466819221968,0.9908466819221968,0.9908466819221968,0.9908466819221968,0.9908466819221968,0.9908466819221968,0.9862700228832952,0.977116704805492,0.9702517162471396,0.9519450800915332,0.897025171624714,0.7848970251716247,0.5354691075514875,0.12128146453089245,0.9012405154763339,0.7363952957486445,0.7363952957486445,0.7363952957486445,0.7363952957486445,0.7363952957486445,0.7363952957486445,0.7363952957486445,0.7363952957486445,0.7363952957486445,0.7363952957486445,0.7363952957486445,0.7361563932329593,0.7340133801492116,0.7344062253260366,0.7229090354090354,0.6970781674863308,0.6120014528177793,0.4110281693615027,0.12606478078176192,0.6775792556736687,0.9926496713448214,0.9926496713448214,0.9926496713448214,0.9926496713448214,0.9926496713448214,0.9926496713448214,0.9926496713448214,0.9926496713448214,0.9926496713448214,0.9926496713448214,0.9926496713448214,0.9892784803821872,0.98236846074246,0.9787116428848686,0.9626906061027398,0.9197536670553564,0.8209058803863364,0.5948766515614416,0.16237187171607848,0.9121107181907636,0.8884212908938524,0.8884212908938524,0.8884212908938524,0.8884212908938524,0.8884212908938524,0.8884212908938524,0.8884212908938524,0.8884212908938524,0.8884212908938524,0.8884212908938524,0.8884212908938524,0.8898936974027777,0.8923489558202716,0.8939516836305891,0.8969307524105865,0.9041607798891881,0.9150716381639613,0.9324494778573679,0.9603348117407136,0.8977776840393595,0.8560695030112961,0.8560695030112961,0.8560695030112961,0.8560695030112961,0.8560695030112961,0.8560695030112961,0.8560695030112961,0.8560695030112961,0.8560695030112961,0.8560695030112961,0.8560695030112961,0.85340830746321,0.8461277070634086,0.8423837137473675,0.822438192482842,0.7707832794300958,0.6498147396099128,0.4062358527751274,0.09538597186166496,0.7738601209240993,433.0,433.0,433.0,433.0,433.0,433.0,433.0,433.0,433.0,433.0,433.0,431.0,427.0,424.0,416.0,392.0,343.0,234.0,53.0,393.8421052631579,2.0,2.0,2.0,2.0,2.0,2.0,2.0,2.0,2.0,2.0,2.0,4.0,8.0,11.0,19.0,43.0,92.0,201.0,382.0,41.1578947368421,4.0,4.0,4.0,4.0,4.0,4.0,4.0,4.0,4.0,4.0,4.0,6.0,10.0,13.0,21.0,45.0,94.0,203.0,384.0,43.1578947368421,0.9747126436781609,0.8884212908938524,0.9862068965517241,0.9954022988505747,0.9908466819221968,1.0,0.0,0.0,0.8636469401311221,0.9931192660550459,0.01818181818181818,0.9846000689555493,384.6864189570381,433,2,4,5,3,0,0,3.0,220,0.8394495412844036,0.8413793103448276,0.8375286041189931,366,69,71,437,435,8,3
tagging_002_tagging_aria04_rgb,0.818718559868485,0.8878054828366964,0.726862826351405,0.818718559868485,0.8170012226698095,0.8161630449575888,0.8153382546480081,0.8145266513690123,0.8118963854306225,0.8108647954128415,0.8058632330406719,0.8016802132579617,0.7958957397053009,0.793907891474252,0.788911444053681,0.781289812408317,0.7764087610821615,0.7575132879011931,0.716533547626539,0.6131880396835394,0.42650688464727415,0.11959318499118836,0.7306211028541288,0.9842767295597484,0.9780564263322884,0.974960876369327,0.971875,0.968798751950078,0.9596273291925466,0.9565891472868217,0.9475308641975309,0.9415384615384615,0.9326186830015314,0.9267175572519084,0.9208523592085236,0.9121212121212121,0.9063444108761329,0.8696296296296296,0.8106169296987088,0.6826666666666666,0.46064814814814814,0.12477718360071301,0.8542234929805251,0.6810077492870737,0.6824667574109756,0.6832295860271096,0.6840143737542999,0.6848209336097535,0.6869080533898052,0.6873397197791596,0.6853766720483113,0.6825968248595835,0.6792165330018464,0.6801314329407507,0.67587519360194,0.6692244000700918,0.6651009892612677,0.6598514606629321,0.6333698521015374,0.5507806230629032,0.39489602505255295,0.11462456102635475,0.6253069337341186,0.9858267716535433,0.9826771653543307,0.9811023622047244,0.9795275590551181,0.9779527559055118,0.9732283464566929,0.9716535433070866,0.9669291338582677,0.9637795275590552,0.9590551181102362,0.9559055118110236,0.952755905511811,0.9480314960629921,0.9448818897637795,0.9244094488188976,0.889763779527559,0.8062992125984252,0.6267716535433071,0.2204724409448819,0.8953170327393286,0.9984051036682615,0.9952153110047847,0.9936204146730463,0.9920255183413078,0.9904306220095693,0.9856459330143541,0.9840510366826156,0.9792663476874003,0.9760765550239234,0.9712918660287081,0.9681020733652312,0.9649122807017544,0.960127591706539,0.9569377990430622,0.9362041467304625,0.9011164274322169,0.8165869218500797,0.6347687400318979,0.22328548644338117,0.9067405355493998,0.6811164607490486,0.6826091910226526,0.6833838446197997,0.684177478470083,0.6849901842655466,0.6871444089890691,0.6876318980857068,0.687274018055777,0.6860648338589515,0.6845472535127707,0.685574666958522,0.6831383767747403,0.6794527178248109,0.6770382672882673,0.6760180761884339,0.6620042494378777,0.6070392172931235,0.47793073760410437,0.17867382617382618,0.6408320898512164,0.9984332759891864,0.9955145015241169,0.9942669689860701,0.9931615811840891,0.9921990248077205,0.9891087876524769,0.9875808956035861,0.9850105920138494,0.9831270853329678,0.9797414502527465,0.9768291111641678,0.9735563163918821,0.9689319368148558,0.9656893135600033,0.9474556583203709,0.9194154371267584,0.8452510321933813,0.6820696011408194,0.2602293167514842,0.9177669414110807,0.8878054828366964,0.8904069943534941,0.8916259843153521,0.8927786688007496,0.8938381917389785,0.8968743333858513,0.897831788898255,0.9003286948642418,0.90188822208237,0.9039670135241952,0.9052012890243948,0.9062850214160306,0.9077210044050992,0.9084901838890415,0.9123677448058194,0.917585383490732,0.9266600659264554,0.939912226016477,0.9631368168991438,0.9076160584564936,0.8193629665482334,0.8189288727485307,0.8187296017485585,0.8185419536481711,0.8183657613350181,0.8176297383096739,0.8172246167236523,0.8140704342195064,0.8110936107358265,0.8070973251600522,0.806313453629538,0.8024612651668533,0.7965210663882704,0.7927432621075665,0.7810076344401286,0.7506993762117263,0.6664037685143211,0.49750340159627837,0.15897030150853966,0.7480878110916024,626.0,624.0,623.0,622.0,621.0,618.0,617.0,614.0,612.0,609.0,607.0,605.0,602.0,600.0,587.0,565.0,512.0,398.0,140.0,568.5263157894736,9.0,11.0,12.0,13.0,14.0,17.0,18.0,21.0,23.0,26.0,28.0,30.0,33.0,35.0,48.0,70.0,123.0,237.0,495.0,66.47368421052632,1.0,3.0,4.0,5.0,6.0,9.0,10.0,13.0,15.0,18.0,20.0,22.0,25.0,27.0,40.0,62.0,115.0,229.0,487.0,58.473684210526315,0.9244094488188976,0.9039670135241952,0.9307086614173228,0.9590551181102362,0.9712918660287081,1.0,0.0,0.0,0.8323085216318659,0.96513470681458,0.08181818181818182,0.9297605354467277,550.5159112362348,609,26,18,4,3,0,0,7.0,220,0.757527733755943,0.752755905511811,0.7623604465709729,478,157,149,627,635,7,3
tagging_003_tagging_aria01_rgb,0.5845837114520782,0.9089433856881142,0.5313534979053756,0.5845837114520782,0.5845837114520782,0.5845837114520782,0.5845837114520782,0.5845837114520782,0.5823426711980303,0.5823426711980303,0.5823426711980303,0.577912168414751,0.575350504104088,0.5713022090816237,0.5700970182910375,0.5664118391742227,0.5579307470963426,0.5432203091439369,0.5253397245778891,0.4831433238149368,0.37624787645058116,0.17582158481160315,0.5364591513587103,0.96,0.96,0.96,0.96,0.96,0.9575530586766542,0.9575530586766542,0.9575530586766542,0.9526774595267746,0.9478260869565217,0.9405940594059405,0.9358024691358025,0.9262899262899262,0.905224787363305,0.8755980861244019,0.8360655737704918,0.7345132743362832,0.5208535402521823,0.19603356216628529,0.8654809474398883,0.3559772038490486,0.3559772038490486,0.3559772038490486,0.3559772038490486,0.3559772038490486,0.35415581792065687,0.35415581792065687,0.35415581792065687,0.3505724535224537,0.3492499384942683,0.34700008025532486,0.3473068526571354,0.34635200324558957,0.34387781123645966,0.3370134185337966,0.3300959097920376,0.31779884653258755,0.2717893872143622,0.15769355687900852,0.33374230165106517,0.9624060150375939,0.9624060150375939,0.9624060150375939,0.9624060150375939,0.9624060150375939,0.9611528822055138,0.9611528822055138,0.9611528822055138,0.9586466165413534,0.956140350877193,0.9523809523809523,0.949874686716792,0.9448621553884712,0.9335839598997494,0.9172932330827067,0.8947368421052632,0.8320802005012531,0.6729323308270677,0.32205513784461154,0.8963197467352592,0.9974025974025974,0.9974025974025974,0.9974025974025974,0.9974025974025974,0.9974025974025974,0.9961038961038962,0.9961038961038962,0.9961038961038962,0.9935064935064936,0.990909090909091,0.987012987012987,0.9844155844155844,0.9792207792207792,0.9675324675324676,0.9506493506493506,0.9272727272727272,0.8623376623376623,0.6974025974025974,0.33376623376623377,0.9289131920710867,0.35618075863422827,0.35618075863422827,0.35618075863422827,0.35618075863422827,0.35618075863422827,0.3549232502945435,0.3549232502945435,0.3549232502945435,0.3524254161055457,0.35162792921023484,0.3500630203000291,0.3504086185802804,0.3499934393558424,0.34846804227707256,0.3439157063708776,0.3393040131720885,0.33178337818191245,0.29802861662127456,0.1966787939665985,0.3399142377998173,0.996105272861357,0.996105272861357,0.996105272861357,0.996105272861357,0.996105272861357,0.9948032045513108,0.9948032045513108,0.9948032045513108,0.9922297053039505,0.991274158441488,0.9874114398085418,0.984823995749101,0.9820896074462397,0.9711364515633714,0.9559296284159061,0.9351956067891548,0.8830289402506383,0.7431476903813587,0.4517092664150687,0.9391006562381863,0.9089433856881142,0.9089433856881142,0.9089433856881142,0.9089433856881142,0.9089433856881142,0.9097993569195463,0.9097993569195463,0.9097993569195463,0.9110652529796295,0.9121693944776964,0.9137291025843151,0.9145841910514328,0.9160349702258533,0.9189724606586386,0.9224605074222213,0.926162463507356,0.9335597231652609,0.9463274817277005,0.9650269779951709,0.9186425013154992,0.5853158140701378,0.5853158140701378,0.5853158140701378,0.5853158140701378,0.5853158140701378,0.583436273421777,0.583436273421777,0.583436273421777,0.5797198430465367,0.5778684614475406,0.5748706523295768,0.5743674676218105,0.5720619724380764,0.5666028668616075,0.5560037124688303,0.5434601842998175,0.5142315897938422,0.42766326219611284,0.22535753858674482,0.546794496931922,768.0,768.0,768.0,768.0,768.0,767.0,767.0,767.0,765.0,763.0,760.0,758.0,754.0,745.0,732.0,714.0,664.0,537.0,257.0,715.2631578947369,30.0,30.0,30.0,30.0,30.0,31.0,31.0,31.0,33.0,35.0,38.0,40.0,44.0,53.0,66.0,84.0,134.0,261.0,541.0,82.73684210526316,2.0,2.0,2.0,2.0,2.0,3.0,3.0,3.0,5.0,7.0,10.0,12.0,16.0,25.0,38.0,56.0,106.0,233.0,513.0,54.73684210526316,0.9298245614035088,0.9112576094252186,0.949874686716792,0.9573934837092731,0.9922077922077922,1.0,0.0,0.0,0.8448631749384299,0.9744897959183674,0.01929260450160772,0.948365764432762,696.200813600867,764,34,6,16,3,0,0,13.0,311,0.47831632653061223,0.4699248120300752,0.487012987012987,375,423,395,770,798,16,3
tagging_003_tagging_aria02_rgb,0.5751415335129132,0.9363923888947879,0.5385581545187685,0.5751415335129132,0.5751415335129132,0.5751415335129132,0.5751415335129132,0.5751415335129132,0.5751415335129132,0.5751415335129132,0.5740935657343009,0.5740935657343009,0.5740935657343009,0.5736160425305664,0.5719728172858451,0.5719728172858451,0.5707190078657695,0.5644616487513564,0.5554165745015779,0.5426025603824931,0.4884794412668359,0.2747090125733003,0.5506432291703622,0.9865871833084948,0.9865871833084948,0.9865871833084948,0.9865871833084948,0.9865871833084948,0.9865871833084948,0.9865871833084948,0.9836309523809523,0.9836309523809523,0.9836309523809523,0.9806835066864784,0.9748148148148148,0.9748148148148148,0.9689807976366323,0.9516837481698389,0.9263005780346821,0.8934659090909091,0.7702523240371846,0.34375,0.9285131386098776,0.3352848984539786,0.3352848984539786,0.3352848984539786,0.3352848984539786,0.3352848984539786,0.3352848984539786,0.3352848984539786,0.3350681690320366,0.3350681690320366,0.3350681690320366,0.3355163638472613,0.33560518238128734,0.33560518238128734,0.336147204086735,0.3347928905204324,0.333031824168328,0.3295229684064873,0.30978441361877795,0.21953466644072053,0.3274599732697514,0.9865871833084948,0.9865871833084948,0.9865871833084948,0.9865871833084948,0.9865871833084948,0.9865871833084948,0.9865871833084948,0.9850968703427719,0.9850968703427719,0.9850968703427719,0.9836065573770492,0.9806259314456036,0.9806259314456036,0.977645305514158,0.9687034277198212,0.9552906110283159,0.9374068554396423,0.8643815201192251,0.5081967213114754,0.9483096713467724,1.0,1.0,1.0,1.0,1.0,1.0,1.0,0.9984894259818731,0.9984894259818731,0.9984894259818731,0.9969788519637462,0.9939577039274925,0.9939577039274925,0.9909365558912386,0.9818731117824774,0.9682779456193353,0.9501510574018127,0.8761329305135952,0.5151057401812689,0.9612020989028462,0.3352848984539786,0.3352848984539786,0.3352848984539786,0.3352848984539786,0.3352848984539786,0.3352848984539786,0.3352848984539786,0.3351365649670204,0.3351365649670204,0.3351365649670204,0.3355853157639991,0.3357416907935721,0.3357416907935721,0.33630335707186,0.3356781976644046,0.3348808528247982,0.3328994978487879,0.31951206304595126,0.24864857056180747,0.3298629063393507,1.0,1.0,1.0,1.0,1.0,1.0,1.0,0.9985329849172512,0.9985329849172512,0.9985329849172512,0.9973186409550047,0.9944782168186423,0.9944782168186423,0.9916121581670362,0.9840530531197197,0.971963951674611,0.9589472071872047,0.8931007486068877,0.5856369706344097,0.9666941115123112,0.9363923888947879,0.9363923888947879,0.9363923888947879,0.9363923888947879,0.9363923888947879,0.9363923888947879,0.9363923888947879,0.9372422891554495,0.9372422891554495,0.9372422891554495,0.9378383728496577,0.9389235752497551,0.9389235752497551,0.9397006653146988,0.9415297192577942,0.9439896896303777,0.9461527307598674,0.9519253911264784,0.9664057326812319,0.9406243706236568,0.5751415335129132,0.5751415335129132,0.5751415335129132,0.5751415335129132,0.5751415335129132,0.5751415335129132,0.5751415335129132,0.5745211960101578,0.5745211960101578,0.5745211960101578,0.5744702738936717,0.5736751211013265,0.5736751211013265,0.5732649789033916,0.5694866290119284,0.5640409336224071,0.5557851109998017,0.5174668321284389,0.33401616382951077,0.5571281835375089,662.0,662.0,662.0,662.0,662.0,662.0,662.0,661.0,661.0,661.0,660.0,658.0,658.0,656.0,650.0,641.0,629.0,580.0,341.0,636.3157894736842,9.0,9.0,9.0,9.0,9.0,9.0,9.0,10.0,10.0,10.0,11.0,13.0,13.0,15.0,21.0,30.0,42.0,91.0,330.0,34.68421052631579,0.0,0.0,0.0,0.0,0.0,0.0,0.0,1.0,1.0,1.0,2.0,4.0,4.0,6.0,12.0,21.0,33.0,82.0,321.0,25.68421052631579,0.9582712369597616,0.9372422891554495,0.9836065573770492,0.9850968703427719,0.9984894259818731,1.0,0.0,0.0,0.8964488124169182,0.991747936984246,0.003215434083601286,0.9817728033958595,619.5171531317521,661,10,1,17,3,0,0,16.0,311,0.46661665416354087,0.46348733233979134,0.4697885196374622,311,360,351,662,671,20,3
tagging_003_tagging_aria03_rgb,0.8319556877088677,0.8913068678066244,0.741527818165697,0.8319556877088677,0.8301411516393404,0.8301411516393404,0.8301411516393404,0.8301411516393404,0.8283448844790064,0.826663835727655,0.8242896212935016,0.8216299692194202,0.8172826880940464,0.8156065325479595,0.809042733200896,0.8023846346796736,0.793384638711563,0.7765952098726935,0.7178549609709757,0.6182670215393633,0.45391997336648116,0.1554160129749016,0.7480633163654931,0.9897172236503856,0.9871630295250321,0.9871630295250321,0.9871630295250321,0.9871630295250321,0.9846153846153847,0.979539641943734,0.9719745222929936,0.9669631512071156,0.9570164348925411,0.9520807061790668,0.9422835633626098,0.9325842696629213,0.9182156133828996,0.8878048780487805,0.8041958041958042,0.6645161290322581,0.44808231992516373,0.13323572474377746,0.8674461834334506,0.6993414379091728,0.6980957663868991,0.6980957663868991,0.6980957663868991,0.6980957663868991,0.6968764233869532,0.6976472089929089,0.6990444339726928,0.6981401571267422,0.6979514331258391,0.6986949862733512,0.6946424299383561,0.6903623864497948,0.6855243755052444,0.6793160692276298,0.6407839263796667,0.5752367673600884,0.45983368023857574,0.1812887432065615,0.6466877644547987,0.9922680412371134,0.990979381443299,0.990979381443299,0.990979381443299,0.990979381443299,0.9896907216494846,0.9871134020618557,0.9832474226804123,0.9806701030927835,0.9755154639175257,0.9729381443298969,0.9677835051546392,0.9626288659793815,0.9548969072164949,0.9381443298969072,0.8891752577319587,0.7963917525773195,0.6172680412371134,0.2345360824742268,0.9055887140531743,0.9974093264248705,0.9961139896373057,0.9961139896373057,0.9961139896373057,0.9961139896373057,0.9948186528497409,0.9922279792746114,0.9883419689119171,0.9857512953367875,0.9805699481865285,0.977979274611399,0.9727979274611399,0.9676165803108808,0.9598445595854922,0.9430051813471503,0.8937823834196891,0.8005181347150259,0.6204663212435233,0.23575129533678757,0.9102808835560402,0.7043447144296717,0.7035520530111257,0.7035520530111257,0.7035520530111257,0.7035520530111257,0.7027690052475647,0.7036465208339787,0.705161146432889,0.7047398331462004,0.7051108275195909,0.7059333228664487,0.7038069334214958,0.7009002140754238,0.6981509383602517,0.6955796647540385,0.6734510730333664,0.6323957613495821,0.5535686230722943,0.28412025512710815,0.6677835287218109,0.977972027972028,0.976801373745457,0.976801373745457,0.976801373745457,0.976801373745457,0.9756443643162394,0.9730275490392983,0.9716696911651039,0.9693377472286802,0.9649417403380415,0.9630149431142807,0.9584190478960415,0.954008701260672,0.9476579457873505,0.934083881653326,0.891334911643625,0.8167367098009521,0.6776363081301796,0.32293864015482815,0.9055594581306564,0.8913068678066244,0.8923724172848543,0.8923724172848543,0.8923724172848543,0.8923724172848543,0.8932038004106829,0.894626908994905,0.8966535479280013,0.8979021381268196,0.90018515606178,0.9012052196539374,0.9029055727431439,0.9043272230990341,0.9062008359557884,0.9094549148316057,0.9165067313808439,0.9270109067951319,0.9415316369670568,0.9630095440733168,0.9060800354720048,0.8330271056514795,0.8317442580278358,0.8317442580278358,0.8317442580278358,0.8317442580278358,0.8304770498709434,0.8298535472647862,0.8290558714843879,0.8274328854128861,0.825143875986276,0.8244919668483115,0.8199167553324411,0.8152071891138997,0.8090766996963125,0.7983085359394297,0.754830585554889,0.6768410576382115,0.5327669613402456,0.20620075564445206,0.7652425197310682,770.0,769.0,769.0,769.0,769.0,768.0,766.0,763.0,761.0,757.0,755.0,751.0,747.0,741.0,728.0,690.0,618.0,479.0,182.0,702.7368421052631,6.0,7.0,7.0,7.0,7.0,8.0,10.0,13.0,15.0,19.0,21.0,25.0,29.0,35.0,48.0,86.0,158.0,297.0,594.0,73.26315789473684,2.0,3.0,3.0,3.0,3.0,4.0,6.0,9.0,11.0,15.0,17.0,21.0,25.0,31.0,44.0,82.0,154.0,293.0,590.0,69.26315789473684,0.9484536082474226,0.90018515606178,0.9561855670103093,0.9755154639175257,0.9805699481865285,1.0,0.0,0.0,0.8510826844571745,0.9780361757105943,0.04823151125401929,0.9551827947804334,681.4401631387674,757,19,15,6,3,0,0,9.0,311,0.810077519379845,0.8079896907216495,0.8121761658031088,627,149,145,772,776,9,3
tagging_003_tagging_aria04_rgb,0.5793223167441579,0.9093416182718084,0.5268018930091057,0.5793223167441579,0.5783045736190366,0.5783045736190366,0.5783045736190366,0.5773149676808693,0.5763530072572258,0.5763530072572258,0.5754182091330158,0.5754182091330158,0.5745100983838316,0.5736346663541138,0.572780521075325,0.5673724068719667,0.552179964603234,0.5395946105546348,0.5294936333587548,0.48984796385280344,0.39019760451875823,0.17570319975809937,0.5347583214417969,0.949290060851927,0.9453441295546559,0.9453441295546559,0.9453441295546559,0.9414141414141414,0.9375,0.9375,0.9336016096579477,0.9336016096579477,0.929718875502008,0.9258517034068137,0.922,0.9105367793240556,0.8660194174757282,0.8374760994263862,0.8132075471698114,0.7409420289855072,0.5626016260162602,0.22576530612244897,0.8527925891407868,0.35354246348753093,0.3537718904820893,0.3537718904820893,0.3537718904820893,0.354033955138712,0.3543283082394111,0.3543283082394111,0.3546546106782715,0.3546546106782715,0.3550125331883583,0.3554097586388626,0.3558324569667254,0.35354030214865356,0.35207376088397496,0.3476664515429565,0.3447625501548755,0.3238458857830979,0.2706251875777139,0.13674206606612377,0.3359141516241694,0.9669421487603306,0.9648760330578512,0.9648760330578512,0.9648760330578512,0.9628099173553719,0.9607438016528925,0.9607438016528925,0.9586776859504132,0.9586776859504132,0.9566115702479339,0.9545454545454546,0.9524793388429752,0.9462809917355371,0.9214876033057852,0.9049586776859504,0.890495867768595,0.8450413223140496,0.7148760330578512,0.365702479338843,0.9008264462809917,0.9811320754716981,0.9790356394129979,0.9790356394129979,0.9790356394129979,0.9769392033542977,0.9748427672955975,0.9748427672955975,0.9727463312368972,0.9727463312368972,0.9706498951781971,0.9685534591194969,0.9664570230607966,0.960167714884696,0.9350104821802935,0.9182389937106918,0.9035639412997903,0.8574423480083857,0.7253668763102725,0.3710691823899371,0.9140461215932915,0.3545290088563263,0.35476946492487366,0.35476946492487366,0.35476946492487366,0.35503761041914106,0.35533362398058477,0.35533362398058477,0.3556576857906736,0.3556576857906736,0.3560099775875197,0.3564232148991319,0.356858709123732,0.35529285820302153,0.3551112745004673,0.3521432752865434,0.3502072643347013,0.33414575820371584,0.29259051470769115,0.1657590081485745,0.340547341504616,0.9841423995633757,0.9830377794339611,0.9830377794339611,0.9830377794339611,0.9820934894261435,0.9813105639278044,0.9813105639278044,0.9806900462439618,0.9806900462439618,0.9802329886930682,0.9781459509100565,0.9762908806661882,0.9702911098479151,0.951482045901417,0.9384187586120032,0.9261262012691763,0.8819352065925326,0.7705765362704128,0.461089657808567,0.930207357063488,0.9093416182718084,0.911115074919479,0.911115074919479,0.911115074919479,0.9126215153803378,0.9139434046289101,0.9139434046289101,0.9150622729422399,0.9150622729422399,0.9159614478750857,0.9168525609570283,0.9175963002720285,0.9194609734176268,0.92579884311572,0.9294814260462394,0.9319788152606905,0.9376590394502051,0.9486797697694579,0.9674133312451034,0.9223264326822143,0.5846837686499036,0.5842482505713944,0.5842482505713944,0.5842482505713944,0.5838385077126198,0.5834541334939446,0.5834541334939446,0.5830947277044186,0.5830947277044186,0.5827598963818736,0.5824558091476326,0.5821709915055353,0.5784016491467753,0.5695889799704943,0.5609133375701459,0.5540844938042209,0.5231282400598478,0.4398448141573264,0.22362225423758103,0.5500702745502561,468.0,467.0,467.0,467.0,466.0,465.0,465.0,464.0,464.0,463.0,462.0,461.0,458.0,446.0,438.0,431.0,409.0,346.0,177.0,436.0,16.0,17.0,17.0,17.0,18.0,19.0,19.0,20.0,20.0,21.0,22.0,23.0,26.0,38.0,46.0,53.0,75.0,138.0,307.0,48.0,9.0,10.0,10.0,10.0,11.0,12.0,12.0,13.0,13.0,14.0,15.0,16.0,19.0,31.0,39.0,46.0,68.0,131.0,300.0,41.0,0.9070247933884298,0.9159614478750857,0.9276859504132231,0.9566115702479339,0.9706498951781971,1.0,0.0,0.0,0.8266325420788526,0.963579604578564,0.04501607717041801,0.9256198347107438,424.09015036616466,463,21,14,10,3,0,0,12.0,311,0.4953173777315297,0.49173553719008267,0.4989517819706499,238,246,239,477,484,13,3
tagging_004_tagging_aria01_rgb,0.7591579140608277,0.9090786414532637,0.6901342451629107,0.7591579140608277,0.7591579140608277,0.7591579140608277,0.7591579140608277,0.7591579140608277,0.7591579140608277,0.7591579140608277,0.7566600572778818,0.7566600572778818,0.7538656839252593,0.7538656839252593,0.7514317777576703,0.7471622911866487,0.7424881891880944,0.7273916802083032,0.7066581621260295,0.6604166703549428,0.48541211882964247,0.1911720761751177,0.7024889392978171,0.9755351681957186,0.9755351681957186,0.9755351681957186,0.9755351681957186,0.9755351681957186,0.9755351681957186,0.9755351681957186,0.9695121951219512,0.9695121951219512,0.9635258358662614,0.9635258358662614,0.9575757575757575,0.9457831325301205,0.9341317365269461,0.9056047197640118,0.861671469740634,0.7796143250688705,0.5164319248826291,0.17454545454545456,0.8826410926305727,0.590773923145292,0.590773923145292,0.590773923145292,0.590773923145292,0.590773923145292,0.590773923145292,0.590773923145292,0.5905386700244142,0.5905386700244142,0.5898269130366958,0.5898269130366958,0.5896658433099288,0.5902531671059418,0.5901616330192129,0.5842490049898751,0.5795314985300007,0.5594435151562664,0.4562555367974861,0.20938249468758072,0.5607942800913451,0.9876160990712074,0.9876160990712074,0.9876160990712074,0.9876160990712074,0.9876160990712074,0.9876160990712074,0.9876160990712074,0.9845201238390093,0.9845201238390093,0.9814241486068112,0.9814241486068112,0.978328173374613,0.9721362229102167,0.9659442724458205,0.9504643962848297,0.9256965944272446,0.8761609907120743,0.6811145510835913,0.29721362229102166,0.9206452664168161,0.9876160990712074,0.9876160990712074,0.9876160990712074,0.9876160990712074,0.9876160990712074,0.9876160990712074,0.9876160990712074,0.9845201238390093,0.9845201238390093,0.9814241486068112,0.9814241486068112,0.978328173374613,0.9721362229102167,0.9659442724458205,0.9504643962848297,0.9256965944272446,0.8761609907120743,0.6811145510835913,0.29721362229102166,0.9206452664168161,0.5982747308273398,0.5982747308273398,0.5982747308273398,0.5982747308273398,0.5982747308273398,0.5982747308273398,0.5982747308273398,0.598068698209035,0.598068698209035,0.5977525872820321,0.5977525872820321,0.597598159633754,0.5985269104449404,0.5983848415684823,0.596125961682955,0.594863721467967,0.5852849513832469,0.524249551289737,0.31487441415871925,0.5783933788633324,0.9261454672112979,0.9261454672112979,0.9261454672112979,0.9261454672112979,0.9261454672112979,0.9261454672112979,0.9261454672112979,0.9246553586176228,0.9246553586176228,0.9213400450609036,0.9213400450609036,0.9199403731666774,0.9140451773835919,0.9115128329495708,0.90099179545077,0.8873298410058508,0.8546345266404719,0.7027830560644726,0.38064225160237003,0.8761520490578903,0.9090786414532637,0.9090786414532637,0.9090786414532637,0.9090786414532637,0.9090786414532637,0.9090786414532637,0.9090786414532637,0.9107758154857836,0.9107758154857836,0.9121224135560898,0.9121224135560898,0.9131845082643186,0.9149986182117698,0.916423263541225,0.9195841082987269,0.9235377087884621,0.9290770241893936,0.9432259085952754,0.9650237725948675,0.9176000979337174,0.7638441185279536,0.7638441185279536,0.7638441185279536,0.7638441185279536,0.7638441185279536,0.7638441185279536,0.7638441185279536,0.7624940685304772,0.7624940685304772,0.7608353146065334,0.7608353146065334,0.7595305835756736,0.757500154740026,0.7550253301924253,0.7451898266936513,0.7324413522955537,0.7001161221445766,0.5574605682245362,0.24946208066643408,0.7184365060264513,319.0,319.0,319.0,319.0,319.0,319.0,319.0,318.0,318.0,317.0,317.0,316.0,314.0,312.0,307.0,299.0,283.0,220.0,96.0,297.36842105263156,4.0,4.0,4.0,4.0,4.0,4.0,4.0,5.0,5.0,6.0,6.0,7.0,9.0,11.0,16.0,24.0,40.0,103.0,227.0,25.63157894736842,4.0,4.0,4.0,4.0,4.0,4.0,4.0,5.0,5.0,6.0,6.0,7.0,9.0,11.0,16.0,24.0,40.0,103.0,227.0,25.63157894736842,0.9411764705882353,0.9121224135560898,0.9628482972136223,0.9814241486068112,0.9814241486068112,1.0,0.0,0.0,0.8549312851308993,0.9814241486068112,0.049586776859504134,0.960231894612959,289.1428050972805,317,6,6,7,3,0,0,8.0,121,0.6501547987616099,0.6501547987616099,0.6501547987616099,210,113,113,323,323,9,3
tagging_004_tagging_aria02_rgb,0.6509889837713869,0.9346689650176617,0.6084591996995016,0.6509889837713869,0.6509889837713869,0.6509889837713869,0.6509889837713869,0.6509889837713869,0.6509889837713869,0.6509889837713869,0.6509889837713869,0.6488505794726698,0.6488505794726698,0.6488505794726698,0.6488505794726698,0.6416745058284838,0.6377472162628885,0.6309113830660028,0.6178921499139094,0.6096901156578929,0.5087440811116103,0.32313199192030106,0.6196371385169929,0.9915966386554622,0.9915966386554622,0.9915966386554622,0.9915966386554622,0.9915966386554622,0.9915966386554622,0.9915966386554622,0.9915966386554622,0.9832635983263598,0.9832635983263598,0.9832635983263598,0.9832635983263598,0.975,0.966804979253112,0.9506172839506173,0.9190283400809717,0.896,0.6928571428571428,0.3620689655172414,0.9278002218004329,0.4273780693390904,0.4273780693390904,0.4273780693390904,0.4273780693390904,0.4273780693390904,0.4273780693390904,0.4273780693390904,0.4273780693390904,0.42817315234554304,0.42817315234554304,0.42817315234554304,0.42817315234554304,0.42230376556946553,0.42068619895324605,0.41872705241380226,0.4154286568481611,0.41486834501220404,0.3735554186520983,0.28838230874943466,0.41503520580491093,0.9957805907172996,0.9957805907172996,0.9957805907172996,0.9957805907172996,0.9957805907172996,0.9957805907172996,0.9957805907172996,0.9957805907172996,0.9915611814345991,0.9915611814345991,0.9915611814345991,0.9915611814345991,0.9873417721518988,0.9831223628691983,0.9746835443037974,0.9578059071729957,0.9451476793248945,0.8185654008438819,0.5316455696202531,0.9542527204086163,0.9957805907172996,0.9957805907172996,0.9957805907172996,0.9957805907172996,0.9957805907172996,0.9957805907172996,0.9957805907172996,0.9957805907172996,0.9915611814345991,0.9915611814345991,0.9915611814345991,0.9915611814345991,0.9873417721518988,0.9831223628691983,0.9746835443037974,0.9578059071729957,0.9451476793248945,0.8185654008438819,0.5316455696202531,0.9542527204086163,0.42939933473544795,0.42939933473544795,0.42939933473544795,0.42939933473544795,0.42939933473544795,0.42939933473544795,0.42939933473544795,0.42939933473544795,0.43025245674431967,0.43025245674431967,0.43025245674431967,0.43025245674431967,0.42620733222526586,0.42508913627794165,0.42381283640335193,0.4218271782443948,0.4219878234164279,0.3922749293374092,0.3304135227224002,0.42093775070989764,0.99584918713248,0.99584918713248,0.99584918713248,0.99584918713248,0.99584918713248,0.99584918713248,0.99584918713248,0.99584918713248,0.9920017368649587,0.9920017368649587,0.9920017368649587,0.9920017368649587,0.9879556950985522,0.9837601519814674,0.9756155096760303,0.9602534253865604,0.9498505621460406,0.8501949491944921,0.6480645380740302,0.9626576461093079,0.9346689650176617,0.9346689650176617,0.9346689650176617,0.9346689650176617,0.9346689650176617,0.9346689650176617,0.9346689650176617,0.9346689650176617,0.9367320529458034,0.9367320529458034,0.9367320529458034,0.9367320529458034,0.9381361599683368,0.9393074628932314,0.9411629151482901,0.9441280057647229,0.9457015432299087,0.9552571242872135,0.966895234955262,0.939729914640604,0.6523609325719149,0.6523609325719149,0.6523609325719149,0.6523609325719149,0.6523609325719149,0.6523609325719149,0.6523609325719149,0.6523609325719149,0.6515825939958213,0.6515825939958213,0.6515825939958213,0.6515825939958213,0.645722965584914,0.6431065307873781,0.6388476872796572,0.6307931685886524,0.6261883530645107,0.5529733637403875,0.39155737357824955,0.6291793304832817,236.0,236.0,236.0,236.0,236.0,236.0,236.0,236.0,235.0,235.0,235.0,235.0,234.0,233.0,231.0,227.0,224.0,194.0,126.0,226.1578947368421,1.0,1.0,1.0,1.0,1.0,1.0,1.0,1.0,2.0,2.0,2.0,2.0,3.0,4.0,6.0,10.0,13.0,43.0,111.0,10.842105263157896,1.0,1.0,1.0,1.0,1.0,1.0,1.0,1.0,2.0,2.0,2.0,2.0,3.0,4.0,6.0,10.0,13.0,43.0,111.0,10.842105263157896,0.9578059071729957,0.9367320529458034,0.9831223628691983,0.9915611814345991,0.9915611814345991,1.0,0.0,0.0,0.895071866844995,0.9915611814345991,0.01652892561983471,0.9798390242599846,220.1320324422638,235,2,2,6,3,0,0,5.0,121,0.5232067510548524,0.5232067510548524,0.5232067510548524,124,113,113,237,237,9,3
tagging_004_tagging_aria03_rgb,0.6763523626564659,0.8727445237321549,0.5902828206217351,0.6763523626564659,0.6763523626564659,0.6763523626564659,0.6763523626564659,0.6763523626564659,0.6763523626564659,0.6763523626564659,0.6763523626564659,0.6763523626564659,0.6763523626564659,0.6763523626564659,0.6739442665109132,0.6702303885185479,0.6631172934942838,0.6023272590207313,0.5123294735608215,0.3772441502053875,0.18485437624483442,0.04685908556785987,0.5879359095970792,0.9653846153846154,0.9653846153846154,0.9653846153846154,0.9653846153846154,0.9653846153846154,0.9653846153846154,0.9653846153846154,0.9653846153846154,0.9653846153846154,0.9653846153846154,0.9653846153846154,0.9578544061302682,0.950381679389313,0.9356060606060606,0.8315412186379928,0.7033333333333334,0.516320474777448,0.25552825552825553,0.057971014492753624,0.8330403795855892,0.4738551984161583,0.4738551984161583,0.4738551984161583,0.4738551984161583,0.4738551984161583,0.4738551984161583,0.4738551984161583,0.4738551984161583,0.4738551984161583,0.4738551984161583,0.4738551984161583,0.47418571283490185,0.47266144059339604,0.4699889872948689,0.43629602336931106,0.3731964305390168,0.275629489466841,0.13372744374677684,0.03787709977941623,0.41505104264222475,0.9653846153846154,0.9653846153846154,0.9653846153846154,0.9653846153846154,0.9653846153846154,0.9653846153846154,0.9653846153846154,0.9653846153846154,0.9653846153846154,0.9653846153846154,0.9653846153846154,0.9615384615384616,0.9576923076923077,0.95,0.8923076923076924,0.8115384615384615,0.6692307692307692,0.4,0.1076923076923077,0.8615384615384615,1.0,1.0,1.0,1.0,1.0,1.0,1.0,1.0,1.0,1.0,1.0,0.9960159362549801,0.9920318725099602,0.9840637450199203,0.9243027888446215,0.8406374501992032,0.6932270916334662,0.41434262948207173,0.11155378486055777,0.8924302788844621,0.47498521018115997,0.47498521018115997,0.47498521018115997,0.47498521018115997,0.47498521018115997,0.47498521018115997,0.47498521018115997,0.47498521018115997,0.47498521018115997,0.47498521018115997,0.47498521018115997,0.4754418520528124,0.4744339273849939,0.4726227591245714,0.45079865458910506,0.4059105034808943,0.3235591370733891,0.17014656983457851,0.047640680674649084,0.423441652431987,0.9659141212926075,0.9659141212926075,0.9659141212926075,0.9659141212926075,0.9659141212926075,0.9659141212926075,0.9659141212926075,0.9659141212926075,0.9659141212926075,0.9659141212926075,0.9659141212926075,0.962,0.9579343013077952,0.9503270009342883,0.8929819349409123,0.8094274321067915,0.6756638700108775,0.44014916308517105,0.25204447532033736,0.8718728164170976,0.8727445237321549,0.8727445237321549,0.8727445237321549,0.8727445237321549,0.8727445237321549,0.8727445237321549,0.8727445237321549,0.8727445237321549,0.8727445237321549,0.8727445237321549,0.8727445237321549,0.8740177629036108,0.8750372979387558,0.8767073980190684,0.8865580583312718,0.8972253207047082,0.9115572001246949,0.9339636605943921,0.9640725192594114,0.8852278409962957,0.6763523626564659,0.6763523626564659,0.6763523626564659,0.6763523626564659,0.6763523626564659,0.6763523626564659,0.6763523626564659,0.6763523626564659,0.6763523626564659,0.6763523626564659,0.6763523626564659,0.6752390693693533,0.6728032593552591,0.6681987263757133,0.6239473517659107,0.550330134638545,0.4294877591487075,0.2312811654647017,0.06386761529865612,0.5976332142441039,251.0,251.0,251.0,251.0,251.0,251.0,251.0,251.0,251.0,251.0,251.0,250.0,249.0,247.0,232.0,211.0,174.0,104.0,28.0,224.0,9.0,9.0,9.0,9.0,9.0,9.0,9.0,9.0,9.0,9.0,9.0,10.0,11.0,13.0,28.0,49.0,86.0,156.0,232.0,36.0,0.0,0.0,0.0,0.0,0.0,0.0,0.0,0.0,0.0,0.0,0.0,1.0,2.0,4.0,19.0,40.0,77.0,147.0,223.0,27.0,0.9346153846153846,0.8727445237321549,0.9653846153846154,0.9653846153846154,1.0,1.0,0.0,0.0,0.811764905602965,0.9823874755381604,0.0,0.9619111923577233,219.0588754567709,251,9,0,8,3,0,0,8.0,121,0.6144814090019569,0.6038461538461538,0.6254980079681275,157,103,94,251,260,10,3
tagging_004_tagging_aria04_rgb,0.7808035446386585,0.8805053588683867,0.6875017052777704,0.7808035446386585,0.7776524798181781,0.7776524798181781,0.770214795528668,0.770214795528668,0.7661102667271328,0.7661102667271328,0.7622713938009176,0.7622713938009176,0.7622713938009176,0.7622713938009176,0.7516739791466209,0.7384952746147446,0.7349709532906195,0.7158547538970798,0.701002058028043,0.6300858233304996,0.4330560661159248,0.14957996048305383,0.7006612143629932,0.9151785714285714,0.9066666666666666,0.9066666666666666,0.8898678414096917,0.8898678414096917,0.881578947368421,0.881578947368421,0.8733624454148472,0.8733624454148472,0.8733624454148472,0.8733624454148472,0.8571428571428571,0.8333333333333334,0.825531914893617,0.7800829875518672,0.7510204081632653,0.6311787072243346,0.4019607843137255,0.12894736842105264,0.788108085527451,0.6661587086426624,0.6669963743022375,0.6669963743022375,0.6666504885843455,0.6666504885843455,0.6657656044722181,0.6657656044722181,0.6653110410892366,0.6653110410892366,0.6653110410892366,0.6653110410892366,0.6591827327471339,0.6544503247539684,0.6543445413016322,0.6569147601657911,0.6543149560494033,0.6289948317615984,0.46655684762877125,0.17351392938127633,0.6249737227108835,0.9234234234234234,0.918918918918919,0.918918918918919,0.9099099099099099,0.9099099099099099,0.9054054054054054,0.9054054054054054,0.9009009009009009,0.9009009009009009,0.9009009009009009,0.9009009009009009,0.8918918918918919,0.8783783783783784,0.8738738738738738,0.8468468468468469,0.8288288288288288,0.7477477477477478,0.5540540540540541,0.22072072072072071,0.8335704125177811,0.9903381642512077,0.9855072463768116,0.9855072463768116,0.9758454106280193,0.9758454106280193,0.9710144927536232,0.9710144927536232,0.966183574879227,0.966183574879227,0.966183574879227,0.966183574879227,0.9565217391304348,0.9420289855072463,0.9371980676328503,0.9082125603864735,0.8888888888888888,0.8019323671497585,0.5942028985507246,0.23671497584541062,0.8939740655987796,0.6664207145015875,0.6674687004601865,0.6674687004601865,0.66800576312692,0.66800576312692,0.6676297234231249,0.6676297234231249,0.667506333578702,0.667506333578702,0.667506333578702,0.667506333578702,0.6652235457259381,0.6643049146085582,0.6644249108641404,0.6704618053652208,0.6717595500418727,0.6659895378348137,0.5648209656553688,0.27041304560101553,0.6410554051859888,0.9928950159066808,0.9885976129582267,0.9885976129582267,0.9799693284545846,0.9799693284545846,0.9758273848150552,0.9758273848150552,0.9722690217391304,0.9722690217391304,0.9722690217391304,0.9722690217391304,0.9670031558618516,0.9605612011548467,0.9574584238412118,0.9341203588399472,0.9251206972113163,0.8678932004495127,0.701528657705752,0.326814058956916,0.9163820794389627,0.8805053588683867,0.8844647816653499,0.8844647816653499,0.8913954974245853,0.8913954974245853,0.8945249588560324,0.8945249588560324,0.8970214538716098,0.8970214538716098,0.8970214538716098,0.8970214538716098,0.9004171643142681,0.90490400951795,0.9060402695402257,0.9115570363536898,0.9146343500217674,0.9243006392852177,0.9408330156907548,0.9666485920666021,0.9041419330019597,0.7843127917343526,0.7828892560232581,0.7828892560232581,0.7788400901399332,0.7788400901399332,0.7763940861586617,0.7763940861586617,0.7741959159648218,0.7741959159648218,0.7741959159648218,0.7741959159648218,0.7667592416217157,0.7581919380912685,0.7561842362516429,0.7458593656270281,0.736420463259688,0.6858057077589168,0.5084267035428021,0.1956990535187116,0.721615264732059,205.0,204.0,204.0,202.0,202.0,201.0,201.0,200.0,200.0,200.0,200.0,198.0,195.0,194.0,188.0,184.0,166.0,123.0,49.0,185.05263157894737,17.0,18.0,18.0,20.0,20.0,21.0,21.0,22.0,22.0,22.0,22.0,24.0,27.0,28.0,34.0,38.0,56.0,99.0,173.0,36.94736842105263,2.0,3.0,3.0,5.0,5.0,6.0,6.0,7.0,7.0,7.0,7.0,9.0,12.0,13.0,19.0,23.0,41.0,84.0,158.0,21.94736842105263,0.8378378378378378,0.8970214538716098,0.8693693693693694,0.9009009009009009,0.966183574879227,0.6666666666666666,0.3333333333333333,0.0,0.7450643728573062,0.9324009324009324,0.05785123966942149,0.8655626214413773,179.40429077432196,200,22,7,7,2,1,0,9.0,121,0.7599067599067599,0.7342342342342343,0.7874396135265701,163,59,44,207,222,10,3
tagging_005_tagging_aria01_rgb,0.43172778215791047,0.9096194947638029,0.3927080070819757,0.43172778215791047,0.43172778215791047,0.4307532336210584,0.4307532336210584,0.4307532336210584,0.4307532336210584,0.430442316231373,0.4294775906423119,0.42872214741458325,0.42684763913336005,0.4260991403762328,0.4249498302916785,0.4197196407448255,0.41575020261552403,0.4024302256993855,0.38508562211616526,0.34815448522071696,0.2748790807826153,0.11368399044672642,0.39540581107976597,0.9735599622285175,0.9735599622285175,0.9716981132075472,0.9716981132075472,0.9716981132075472,0.9716981132075472,0.9698397737983034,0.967984934086629,0.9661335841956726,0.9569288389513109,0.9532710280373832,0.9478098788443616,0.9351851851851852,0.9244935543278084,0.8914027149321267,0.8381706244503079,0.7416666666666667,0.5585384041759881,0.1956521739130435,0.8779468283606322,0.19145084547266777,0.19145084547266777,0.19095266909854172,0.19095266909854172,0.19095266909854172,0.19095266909854172,0.19104247176519895,0.19055152034775155,0.1902456168489282,0.19039964061841128,0.1904605008327648,0.19052592961481413,0.1883740029436857,0.18696531756841267,0.18168004633998627,0.17692213498635403,0.16343129741029538,0.13527898616634434,0.06605625393988929,0.17834979403801782,0.981904761904762,0.981904761904762,0.9809523809523809,0.9809523809523809,0.9809523809523809,0.9809523809523809,0.98,0.979047619047619,0.9780952380952381,0.9733333333333334,0.9714285714285714,0.9685714285714285,0.9619047619047619,0.9561904761904761,0.9380952380952381,0.9076190476190477,0.8476190476190476,0.7133333333333334,0.32571428571428573,0.9151879699248122,0.9913461538461539,0.9913461538461539,0.9903846153846154,0.9903846153846154,0.9903846153846154,0.9903846153846154,0.989423076923077,0.9884615384615385,0.9875,0.9826923076923076,0.9807692307692307,0.9778846153846154,0.9711538461538461,0.9653846153846154,0.9471153846153846,0.9163461538461538,0.8557692307692307,0.7201923076923077,0.32884615384615384,0.9239878542510123,0.19395264652902872,0.19395264652902872,0.1935467955386038,0.1935467955386038,0.1935467955386038,0.1935467955386038,0.19364124901661345,0.19323937198906802,0.19297608377909012,0.19316985200057607,0.19321100315126052,0.19329991337734698,0.1915740391003386,0.190409311078198,0.1860177623772167,0.18188377838495892,0.16980395599250936,0.14398298561140685,0.07426787850307587,0.18208261366179646,0.9225501602441392,0.9225501602441392,0.9215123201825034,0.9215123201825034,0.9215123201825034,0.9215123201825034,0.9205153754780621,0.9194900244121978,0.918611797978881,0.9142800982715569,0.9136287209289696,0.911506518618707,0.9048660400227895,0.8997272014794441,0.8838070625534905,0.8658166975796533,0.8267694152511795,0.7226533510366424,0.3971099791323516,0.8699964149453798,0.9096194947638029,0.9096194947638029,0.9104004547828405,0.9104004547828405,0.9104004547828405,0.9104004547828405,0.9109609306130503,0.9114779987952222,0.9119460330202164,0.9141044652119614,0.9148652731943951,0.91590747122967,0.9179004473322497,0.9192787621399101,0.9230827389322891,0.9279416363925679,0.9352217047560298,0.9456279344988096,0.9649458331542583,0.919689580943663,0.4335740961361797,0.4335740961361797,0.4327995787907223,0.4327995787907223,0.4327995787907223,0.4327995787907223,0.4326911396480115,0.43192477620804537,0.4313679773794386,0.43049078604377466,0.43013808508145723,0.4295788307481177,0.4256734082023364,0.4228172844584811,0.41283554392574207,0.400721723467849,0.37219280038987845,0.3106428980871642,0.14668151065827115,0.4040054353544114,1031.0,1031.0,1030.0,1030.0,1030.0,1030.0,1029.0,1028.0,1027.0,1022.0,1020.0,1017.0,1010.0,1004.0,985.0,953.0,890.0,749.0,342.0,960.9473684210526,19.0,19.0,20.0,20.0,20.0,20.0,21.0,22.0,23.0,28.0,30.0,33.0,40.0,46.0,65.0,97.0,160.0,301.0,708.0,89.05263157894737,9.0,9.0,10.0,10.0,10.0,10.0,11.0,12.0,13.0,18.0,20.0,23.0,30.0,36.0,55.0,87.0,150.0,291.0,698.0,79.05263157894737,0.9361904761904762,0.9141044652119614,0.9561904761904761,0.9733333333333334,0.9826923076923076,1.0,0.0,0.0,0.8525854889967853,0.9779904306220095,0.04081632653061224,0.9549312197193011,934.2147634466246,1022,28,18,21,3,0,0,23.0,441,0.28708133971291866,0.2857142857142857,0.28846153846153844,300,750,740,1040,1050,21,3
tagging_005_tagging_aria02_rgb,0.6685582205489662,0.9230020140097832,0.6170805840494926,0.6685582205489662,0.6685582205489662,0.6685582205489662,0.6685582205489662,0.6685582205489662,0.6685582205489662,0.6685582205489662,0.6674123348525018,0.6653241578664687,0.6653241578664687,0.6642108264219913,0.6637286951790297,0.6596718603419405,0.6538947244435293,0.646861772114741,0.6264864756652011,0.5937575795922699,0.5171317693115804,0.2255309587349301,0.6278548871701798,0.9833333333333333,0.9833333333333333,0.9833333333333333,0.9833333333333333,0.9833333333333333,0.9833333333333333,0.9833333333333333,0.9809750297265161,0.9762752075919335,0.9762752075919335,0.9739336492890995,0.9715976331360947,0.9623085983510011,0.9485380116959065,0.9304750869061413,0.8846153846153846,0.806941431670282,0.6381514257620452,0.25357411587659895,0.9045786376603302,0.4545458585731527,0.4545458585731527,0.4545458585731527,0.4545458585731527,0.4545458585731527,0.4545458585731527,0.4545458585731527,0.45407804604104046,0.4534133731948139,0.4534133731948139,0.45298365269360075,0.45341380606507725,0.4522114465907224,0.45077614748470113,0.4496951698241771,0.4436790395207183,0.4368942397635156,0.41906239810086016,0.20058913809897555,0.43694899160974127,0.9892215568862276,0.9892215568862276,0.9892215568862276,0.9892215568862276,0.9892215568862276,0.9892215568862276,0.9892215568862276,0.9880239520958084,0.98562874251497,0.98562874251497,0.9844311377245509,0.9832335329341317,0.9784431137724551,0.9712574850299401,0.9616766467065868,0.9365269461077844,0.8910179640718563,0.7772455089820359,0.4035928143712575,0.9353293413173653,0.9939831528279182,0.9939831528279182,0.9939831528279182,0.9939831528279182,0.9939831528279182,0.9939831528279182,0.9939831528279182,0.9927797833935018,0.9903730445246691,0.9903730445246691,0.9891696750902527,0.9879663056558363,0.9831528279181708,0.9759326113116726,0.9663056558363418,0.941034897713598,0.8953068592057761,0.7809867629362214,0.4055354993983153,0.9398315282791817,0.4547991097949173,0.4547991097949173,0.4547991097949173,0.4547991097949173,0.4547991097949173,0.4547991097949173,0.4547991097949173,0.454483771417665,0.45405519948552,0.45405519948552,0.45376054439700725,0.45419371090526,0.45355828456801306,0.45293392043728475,0.45260131544787735,0.4487692040700078,0.4450042684357916,0.43666538762394536,0.25696083278728793,0.44213870566450525,0.9943072991908628,0.9943072991908628,0.9943072991908628,0.9943072991908628,0.9943072991908628,0.9943072991908628,0.9943072991908628,0.9931040195692601,0.9907247191376275,0.9907247191376275,0.9895758867581539,0.9886496698114524,0.9843571043639444,0.9777973789885276,0.9694074905132317,0.9476515173795506,0.91538477222974,0.8540402427385909,0.4911553196302318,0.9501433649786304,0.9230020140097832,0.9230020140097832,0.9230020140097832,0.9230020140097832,0.9230020140097832,0.9230020140097832,0.9230020140097832,0.9236431770708047,0.9248389524854236,0.9248389524854236,0.9253059129537903,0.9257340660565031,0.9271493244657887,0.9290053397038246,0.9309869572230082,0.935107165860171,0.9405497512829036,0.9492275141313157,0.9669286733646777,0.9297015729027428,0.670556904292187,0.670556904292187,0.670556904292187,0.670556904292187,0.670556904292187,0.670556904292187,0.670556904292187,0.6698059313035465,0.6685037418455302,0.6685037418455302,0.6677808117876585,0.667691289757832,0.665179055507442,0.6616794596460406,0.6576179308357275,0.6446063728620539,0.6239235658546719,0.5707139098595159,0.28452826709778833,0.6391806530657181,826.0,826.0,826.0,826.0,826.0,826.0,826.0,825.0,823.0,823.0,822.0,821.0,817.0,811.0,803.0,782.0,744.0,649.0,337.0,781.0,9.0,9.0,9.0,9.0,9.0,9.0,9.0,10.0,12.0,12.0,13.0,14.0,18.0,24.0,32.0,53.0,91.0,186.0,498.0,54.0,5.0,5.0,5.0,5.0,5.0,5.0,5.0,6.0,8.0,8.0,9.0,10.0,14.0,20.0,28.0,49.0,87.0,182.0,494.0,50.0,0.962874251497006,0.9248389524854236,0.9760479041916168,0.98562874251497,0.9903730445246691,1.0,0.0,0.0,0.8887933627491061,0.9879951980792316,0.018140589569160998,0.9748007273231638,761.1424578955036,823,12,8,11,3,0,0,11.0,441,0.5738295318127251,0.5724550898203593,0.5752105896510229,478,357,353,831,835,14,3
tagging_005_tagging_aria03_rgb,0.5126608060797091,0.9001775221976179,0.46148573414466604,0.5126608060797091,0.5126608060797091,0.5126608060797091,0.5126608060797091,0.5126608060797091,0.5126608060797091,0.5123391658040547,0.5113657000982091,0.5108263445854604,0.5074661683329105,0.5074661683329105,0.5067596313466896,0.5050204327229922,0.5005550136672947,0.48808875255446627,0.4616349325717166,0.38778452815433256,0.282667969115082,0.10858723213017424,0.46665930925760774,0.975669099756691,0.975669099756691,0.975669099756691,0.975669099756691,0.975669099756691,0.975669099756691,0.9732685297691372,0.970873786407767,0.9684848484848485,0.9589867310012062,0.9589867310012062,0.9542719614921781,0.9449101796407186,0.9310344827586207,0.8949824970828472,0.8288288288288288,0.6690647482014388,0.4591194968553459,0.14932767162066526,0.8692713206149976,0.26937524428706255,0.26937524428706255,0.26937524428706255,0.26937524428706255,0.26937524428706255,0.26937524428706255,0.2697009230115131,0.26933972561403957,0.26943483393754497,0.26853542773592554,0.26853542773592554,0.269111253736378,0.2699152183593724,0.2691149751672779,0.26618468086993474,0.25711800019266046,0.22475678277792574,0.17403133892355543,0.07896183509540892,0.25110483625683355,0.980440097799511,0.980440097799511,0.980440097799511,0.980440097799511,0.980440097799511,0.980440097799511,0.9792176039119804,0.9779951100244498,0.9767726161369193,0.9718826405867971,0.9718826405867971,0.969437652811736,0.9645476772616137,0.9572127139364304,0.9376528117359413,0.8997555012224939,0.7958435207823961,0.6246943765281173,0.25794621026894865,0.9035516664521941,0.9950372208436724,0.9950372208436724,0.9950372208436724,0.9950372208436724,0.9950372208436724,0.9950372208436724,0.9937965260545906,0.9925558312655087,0.9913151364764268,0.9863523573200993,0.9863523573200993,0.9838709677419355,0.9789081885856079,0.9714640198511166,0.9516129032258065,0.913151364764268,0.8076923076923077,0.6339950372208437,0.2617866004962779,0.9170040485829958,0.2693958398415779,0.2693958398415779,0.2693958398415779,0.2693958398415779,0.2693958398415779,0.2693958398415779,0.269721554268884,0.26943627822818095,0.26954172390157644,0.2689166875167671,0.2689166875167671,0.26949488835121743,0.27031589160551567,0.26983816149117035,0.26781799530048334,0.2611721688364611,0.23556648615793477,0.19023975507648827,0.09449325837554622,0.2537813987198137,0.9925380002375015,0.9925380002375015,0.9925380002375015,0.9925380002375015,0.9925380002375015,0.9925380002375015,0.9919044646572737,0.990664837041374,0.9894560048735528,0.9845357346968074,0.9845357346968074,0.9841184225522849,0.9807555206227282,0.9743404978977631,0.9585413395762543,0.9264335828011718,0.8367712600773679,0.6906259346804402,0.3546094319500551,0.9264484614499415,0.9001775221976179,0.9001775221976179,0.9001775221976179,0.9001775221976179,0.9001775221976179,0.9001775221976179,0.9008687042119083,0.9015129059563387,0.9021209067471475,0.9042047372756159,0.9042047372756159,0.9050190291707332,0.9063976421153523,0.9080896505563297,0.9118207113588813,0.91733841519681,0.9290578539526514,0.9430427238189324,0.9651604615636952,0.9105212427571431,0.5139127268842199,0.5139127268842199,0.5139127268842199,0.5139127268842199,0.5139127268842199,0.5139127268842199,0.5139026090653591,0.5132376979391301,0.5130073757984306,0.5108668325494388,0.5108668325494388,0.5107705768419103,0.5102412144526292,0.5075433732606556,0.4995886452459949,0.48098163700568913,0.42293170763813465,0.3297216989602048,0.14271617329070452,0.47630803873173894,802.0,802.0,802.0,802.0,802.0,802.0,801.0,800.0,799.0,795.0,795.0,793.0,789.0,783.0,767.0,736.0,651.0,511.0,211.0,739.1052631578947,16.0,16.0,16.0,16.0,16.0,16.0,17.0,18.0,19.0,23.0,23.0,25.0,29.0,35.0,51.0,82.0,167.0,307.0,607.0,78.89473684210526,4.0,4.0,4.0,4.0,4.0,4.0,5.0,6.0,7.0,11.0,11.0,13.0,17.0,23.0,39.0,70.0,155.0,295.0,595.0,66.89473684210526,0.9364303178484108,0.9042047372756159,0.9584352078239609,0.9718826405867971,0.9863523573200993,1.0,0.0,0.0,0.8433285649561304,0.979064039408867,0.024943310657596373,0.9569006448592868,718.8427661341146,795,23,11,18,3,0,0,18.0,441,0.37192118226600984,0.3691931540342298,0.3746898263027295,302,516,504,806,818,20,3
tagging_005_tagging_aria04_rgb,0.5464284982148179,0.8802131698079597,0.4809735604870679,0.5464284982148179,0.5432989784043362,0.5368467751664712,0.5320227045874133,0.5302520865847944,0.5282314637120976,0.5275220298407693,0.5232154610047867,0.5218088250813786,0.5187565364668488,0.5142209592053976,0.5083434182705364,0.4981067983665778,0.49127063588521924,0.48102321036360407,0.46490965515826604,0.4319708325909023,0.33820244407504246,0.12532737279017425,0.4821978255668123,0.9654278305963699,0.9620362381363244,0.9536082474226805,0.946917808219178,0.9435897435897436,0.9386189258312021,0.9353191489361702,0.9238578680203046,0.9173693086003373,0.9045226130653267,0.891846921797005,0.8793388429752066,0.8548123980424144,0.8353510895883777,0.8090692124105012,0.7559845559845559,0.6598540145985401,0.4567584881486227,0.13247011952191234,0.8245659671307776,0.3092764618944723,0.3068218932241178,0.3022252175204762,0.2989152339724404,0.2979761885264566,0.2972755732666791,0.29752356966479304,0.29631659599443366,0.2968100713421978,0.29751422489605067,0.2964894405346224,0.29387196183059955,0.29025126816971103,0.2889166491684259,0.2859870643441442,0.28590661773227205,0.28278800474193583,0.25041875771581573,0.11856976069149817,0.28388708185427064,0.9670995670995671,0.9653679653679653,0.961038961038961,0.9575757575757575,0.9558441558441558,0.9532467532467532,0.9515151515151515,0.9454545454545454,0.941991341991342,0.935064935064935,0.9281385281385282,0.9212121212121213,0.9073593073593074,0.8961038961038961,0.8805194805194805,0.8476190476190476,0.7826839826839826,0.6173160173160173,0.23030303030303031,0.8708133971291865,0.998212689901698,0.9964253798033958,0.9919571045576407,0.9883824843610366,0.9865951742627346,0.9839142091152815,0.9821268990169795,0.9758713136729222,0.9722966934763181,0.9651474530831099,0.9579982126899017,0.9508489722966935,0.936550491510277,0.9249329758713136,0.9088471849865952,0.8748882931188561,0.8078641644325291,0.6371760500446828,0.23771224307417338,0.8988288415408495,0.32130667106772315,0.3194913766062602,0.3161171484075932,0.3136705665254669,0.3130173492362045,0.3126120537191613,0.3129016977015037,0.31213720068346584,0.31272059963663307,0.313564092190539,0.31305272259751493,0.311240267228058,0.3087520997184312,0.30812399512917626,0.30622204667830694,0.30734318209370964,0.30677740271162296,0.28430657349856875,0.16474262548455199,0.3030578774165521,0.897500291697878,0.8957618766755124,0.8921595133161991,0.889530623241221,0.8886731226574559,0.8870006278392011,0.886173944121713,0.8826496569403863,0.88158989017879,0.8779677079639109,0.8754351256891478,0.8699349895195632,0.8561112932705839,0.8450333027007184,0.8328532036091025,0.8129652551755548,0.7695544432267153,0.6544338579828567,0.2998939408427631,0.8260643508762776,0.8802131698079597,0.8816297358292942,0.88502362317961,0.8876362090413792,0.8888093088361451,0.8904682187999255,0.8914914092449063,0.8948080678380251,0.8965238389263883,0.8996222854876714,0.9024290356599837,0.9048546145111482,0.9091439921367142,0.9120572445485873,0.9153010011312036,0.9206682827713237,0.9284230168473032,0.9418124092538915,0.9650992215057339,0.905053404492484,0.5469013918543543,0.5442389427375752,0.5389343272103313,0.5350083939734913,0.5336841747548169,0.5323316400854162,0.5320697176770394,0.5292956381612789,0.5287650871797257,0.5274420531047179,0.5245791388784157,0.5203060765767916,0.5131882594590698,0.5088215158276121,0.5018138911305636,0.4922803012819135,0.47046109489167676,0.39317618210460314,0.1652482229543094,0.4967655815707213,1117.0,1115.0,1110.0,1106.0,1104.0,1101.0,1099.0,1092.0,1088.0,1080.0,1072.0,1064.0,1048.0,1035.0,1017.0,979.0,904.0,713.0,266.0,1005.7894736842105,38.0,40.0,45.0,49.0,51.0,54.0,56.0,63.0,67.0,75.0,83.0,91.0,107.0,120.0,138.0,176.0,251.0,442.0,889.0,149.21052631578948,2.0,4.0,9.0,13.0,15.0,18.0,20.0,27.0,31.0,39.0,47.0,55.0,71.0,84.0,102.0,140.0,215.0,406.0,853.0,113.21052631578948,0.941991341991342,0.9007568760867213,0.9549783549783549,0.9619047619047619,0.9928507596067918,1.0,0.0,0.0,0.8465289085128549,0.9771328056288479,0.018140589569160998,0.9539600941480036,1000.7408893323474,1111,44,8,15,3,0,0,15.0,441,0.39841688654353563,0.3922077922077922,0.40482573726541554,453,702,666,1119,1155,15,3
tagging_006_tagging_aria01_rgb,0.6063130251984319,0.9370397218856747,0.5681393885076007,0.6063130251984319,0.6063130251984319,0.6063130251984319,0.6063130251984319,0.6063130251984319,0.6044451739787143,0.6044451739787143,0.6044451739787143,0.6044451739787143,0.6044451739787143,0.6044451739787143,0.6044451739787143,0.6044451739787143,0.6025390048231806,0.5988572134084595,0.5927254280963612,0.5709939623116643,0.4901182104719775,0.21683209785488705,0.5757469702520213,0.9922720247295209,0.9922720247295209,0.9922720247295209,0.9922720247295209,0.9922720247295209,0.9891975308641975,0.9891975308641975,0.9891975308641975,0.9891975308641975,0.9891975308641975,0.9891975308641975,0.9891975308641975,0.9891975308641975,0.9861325115562404,0.9800307219662059,0.9679389312977099,0.9267563527653214,0.7657534246575343,0.3059777102330294,0.9372384222651172,0.3704785334701751,0.3704785334701751,0.3704785334701751,0.3704785334701751,0.3704785334701751,0.36934379327349537,0.36934379327349537,0.36934379327349537,0.36934379327349537,0.36934379327349537,0.36934379327349537,0.36934379327349537,0.36934379327349537,0.368158688694246,0.3659374691150874,0.3629603291614663,0.35180131652028135,0.31369870835861385,0.15365877019062696,0.35386096292521896,0.9938080495356038,0.9938080495356038,0.9938080495356038,0.9938080495356038,0.9938080495356038,0.9922600619195047,0.9922600619195047,0.9922600619195047,0.9922600619195047,0.9922600619195047,0.9922600619195047,0.9922600619195047,0.9922600619195047,0.9907120743034056,0.9876160990712074,0.9814241486068112,0.9597523219814241,0.8653250773993808,0.4674922600619195,0.955760143392537,0.9984447900466563,0.9984447900466563,0.9984447900466563,0.9984447900466563,0.9984447900466563,0.9968895800933126,0.9968895800933126,0.9968895800933126,0.9968895800933126,0.9968895800933126,0.9968895800933126,0.9968895800933126,0.9968895800933126,0.995334370139969,0.9922239502332815,0.9860031104199067,0.9642301710730948,0.8693623639191291,0.46967340590979784,0.9602193664565771,0.3705048788958472,0.3705048788958472,0.3705048788958472,0.3705048788958472,0.3705048788958472,0.36968147763867104,0.36968147763867104,0.36968147763867104,0.36968147763867104,0.36968147763867104,0.36968147763867104,0.36968147763867104,0.36968147763867104,0.36882314544043926,0.36719520673266526,0.36505271806210193,0.3575864100247421,0.3322277768848344,0.19227401835856361,0.3575334468995764,0.9984833579275291,0.9984833579275291,0.9984833579275291,0.9984833579275291,0.9984833579275291,0.9969326592612576,0.9969326592612576,0.9969326592612576,0.9969326592612576,0.9969326592612576,0.9969326592612576,0.9969326592612576,0.9969326592612576,0.9953772940222694,0.992322286128828,0.9863341893832638,0.9655235487831104,0.8780273102114371,0.5353659321037371,0.9642541381242291,0.9370397218856747,0.9370397218856747,0.9370397218856747,0.9370397218856747,0.9370397218856747,0.9380498209376966,0.9380498209376966,0.9380498209376966,0.9380498209376966,0.9380498209376966,0.9380498209376966,0.9380498209376966,0.9380498209376966,0.9384550677473141,0.9390865806645652,0.9400897957916946,0.9425888959176599,0.9493367675576317,0.9657077249794787,0.9402558952414889,0.6067821262552199,0.6067821262552199,0.6067821262552199,0.6067821262552199,0.6067821262552199,0.6053801245359343,0.6053801245359343,0.6053801245359343,0.6053801245359343,0.6053801245359343,0.6053801245359343,0.6053801245359343,0.6053801245359343,0.6039364686364769,0.6011703051144767,0.5968400388926165,0.5810698154322439,0.5210099414507399,0.26801918915396955,0.5815261782233736,642.0,642.0,642.0,642.0,642.0,641.0,641.0,641.0,641.0,641.0,641.0,641.0,641.0,640.0,638.0,634.0,620.0,559.0,302.0,617.421052631579,4.0,4.0,4.0,4.0,4.0,5.0,5.0,5.0,5.0,5.0,5.0,5.0,5.0,6.0,8.0,12.0,26.0,87.0,344.0,28.57894736842105,1.0,1.0,1.0,1.0,1.0,2.0,2.0,2.0,2.0,2.0,2.0,2.0,2.0,3.0,5.0,9.0,23.0,84.0,341.0,25.57894736842105,0.9736842105263158,0.9380498209376966,0.9891640866873065,0.9922600619195047,0.9968895800933126,1.0,0.0,0.0,0.9122135220140302,0.9945694336695112,0.005390835579514825,0.9876160990712074,601.2899352210635,641,5,2,10,3,0,0,10.0,371,0.5120248254460822,0.5108359133126935,0.5132192846034215,330,316,313,643,646,13,3
tagging_006_tagging_aria02_rgb,0.9089826407216958,0.9167668444747474,0.8333251472167521,0.9089826407216958,0.9089826407216958,0.9089826407216958,0.9089826407216958,0.9089826407216958,0.9089826407216958,0.9089826407216958,0.9084397033232431,0.9067320772627939,0.9050346948389619,0.9011362316577944,0.8946433029451933,0.8863205643791014,0.8737891332163649,0.8451578832744007,0.793129034576354,0.7238473733695665,0.6067289977679701,0.25298181338489106,0.8347799628972897,0.9848771266540642,0.9848771266540642,0.9848771266540642,0.9848771266540642,0.9848771266540642,0.9848771266540642,0.9848771266540642,0.9830028328611898,0.9811320754716981,0.9792648444863337,0.9736842105263158,0.9626168224299065,0.9534883720930233,0.9337016574585635,0.9021739130434783,0.8356643356643356,0.7543859649122807,0.6216216216216216,0.2529832935560859,0.8962031489843832,0.8389365726671055,0.8389365726671055,0.8389365726671055,0.8389365726671055,0.8389365726671055,0.8389365726671055,0.8389365726671055,0.8395323665263106,0.8379738880130185,0.8364313326206452,0.8339937109255023,0.831469615796129,0.8238843449311077,0.8177209960247819,0.7917451805397545,0.7527587796216466,0.6945450264241668,0.592193166917541,0.25298033322235647,0.7777781447490896,0.9858088930936613,0.9858088930936613,0.9858088930936613,0.9858088930936613,0.9858088930936613,0.9858088930936613,0.9858088930936613,0.9848628192999054,0.9839167455061495,0.9829706717123936,0.9801324503311258,0.9744560075685903,0.9697256385998108,0.9593188268684958,0.9422894985808893,0.9044465468306528,0.8543046357615894,0.7615894039735099,0.4011352885525071,0.926305830802171,0.9990412272291467,0.9990412272291467,0.9990412272291467,0.9990412272291467,0.9990412272291467,0.9990412272291467,0.9990412272291467,0.9980824544582934,0.99712368168744,0.9961649089165868,0.9932885906040269,0.987535953978907,0.9827420901246404,0.9721955896452541,0.9549376797698945,0.9165867689357622,0.8657718120805369,0.7718120805369127,0.40651965484180247,0.9387394661149517,0.8389373955760749,0.8389373955760749,0.8389373955760749,0.8389373955760749,0.8389373955760749,0.8389373955760749,0.8389373955760749,0.8395432805442604,0.8386939402920366,0.8378484649148942,0.8367809518806723,0.83631026185372,0.8321048577748066,0.830157796435712,0.8150977422409952,0.7938257311031119,0.758836650624785,0.6931883359815605,0.3818680289923168,0.7982535690353366,0.9991275519106613,0.9991275519106613,0.9991275519106613,0.9991275519106613,0.9991275519106613,0.9991275519106613,0.9991275519106613,0.9981927827749153,0.9972326905066972,0.9962771240633295,0.9934893825622302,0.9885028852452914,0.9836906628517703,0.9744995518217078,0.957459447286817,0.9239118990481645,0.8762588880766241,0.7892538143134463,0.4353694976676679,0.9425279731364891,0.9167668444747474,0.9167668444747474,0.9167668444747474,0.9167668444747474,0.9167668444747474,0.9167668444747474,0.9167668444747474,0.9172997468010701,0.9177921088685371,0.918233121613517,0.9193521465307781,0.9213535200900741,0.9227638889881413,0.9254834794629108,0.9290934497376487,0.9354411799071519,0.9417870779137507,0.9493368891340136,0.9662841803683091,0.9253467737231125,0.9094125213987045,0.9094125213987045,0.9094125213987045,0.9094125213987045,0.9094125213987045,0.9094125213987045,0.9094125213987045,0.9092987481519061,0.9080179187179644,0.9067455369988915,0.9041152025323771,0.9001280810103002,0.8938354280966408,0.8856947254061253,0.8637436941446467,0.8251242808360779,0.7702941229292363,0.671571322370093,0.3185582191142764,0.8485797331631297,1042.0,1042.0,1042.0,1042.0,1042.0,1042.0,1042.0,1041.0,1040.0,1039.0,1036.0,1030.0,1025.0,1014.0,996.0,956.0,903.0,805.0,424.0,979.1052631578947,15.0,15.0,15.0,15.0,15.0,15.0,15.0,16.0,17.0,18.0,21.0,27.0,32.0,43.0,61.0,101.0,154.0,252.0,633.0,77.89473684210526,1.0,1.0,1.0,1.0,1.0,1.0,1.0,2.0,3.0,4.0,7.0,13.0,18.0,29.0,47.0,87.0,140.0,238.0,619.0,63.89473684210526,0.9744560075685903,0.9178580969337272,0.9810785241248817,0.9839167455061495,0.99712368168744,1.0,0.0,0.0,0.8936352136339416,0.9904761904761905,0.008086253369272238,0.9802789990160696,954.5724208110763,1040,17,3,7,3,0,0,9.0,371,0.9085714285714286,0.902554399243141,0.9146692233940557,954,103,89,1043,1057,9,3
tagging_006_tagging_aria03_rgb,0.6098672553369825,0.9081467260293318,0.5538489512467751,0.6098672553369825,0.6098672553369825,0.6098672553369825,0.6092313730985889,0.6092313730985889,0.6092313730985889,0.6082286988075113,0.6039317237601541,0.6001966483694388,0.5965138848186949,0.5965138848186949,0.5943114947324902,0.5913185095548923,0.5888331340032006,0.5850541815786637,0.5630649220207449,0.5195209251005195,0.40214380186600057,0.10199700142367961,0.5583644576927052,0.9718875502008032,0.9718875502008032,0.9718875502008032,0.9699097291875627,0.9699097291875627,0.9699097291875627,0.965965965965966,0.9561752988047809,0.9503475670307845,0.9445544554455445,0.9445544554455445,0.9368836291913215,0.9292730844793713,0.9217221135029354,0.9160975609756098,0.8758357211079274,0.7887067395264117,0.5699440447641887,0.12938470385278897,0.876570377803067,0.38269660832204044,0.38269660832204044,0.38269660832204044,0.38267774288489065,0.38267774288489065,0.38267774288489065,0.38297638124665817,0.3814504802830904,0.3790571252151568,0.37671604080640064,0.37671604080640064,0.37700109358943484,0.3762699959593861,0.37617027368729494,0.3736374922973877,0.361988097504371,0.3422082988404099,0.28374651663594763,0.08040663223420014,0.35602460645931217,0.9767911200807265,0.9767911200807265,0.9767911200807265,0.9757820383451059,0.9757820383451059,0.9757820383451059,0.9737638748738647,0.9687184661957619,0.9656912209889001,0.9626639757820383,0.9626639757820383,0.958627648839556,0.9545913218970736,0.9505549949545913,0.9475277497477296,0.9253279515640767,0.8738647830474269,0.7194752774974773,0.22704339051463168,0.9078017951032981,0.9948612538540597,0.9948612538540597,0.9948612538540597,0.9938335046248715,0.9938335046248715,0.9938335046248715,0.9917780061664954,0.986639260020555,0.9835560123329907,0.9804727646454265,0.9804727646454265,0.9763617677286742,0.9722507708119219,0.9681397738951696,0.9650565262076053,0.9424460431654677,0.8900308324768756,0.7327852004110997,0.2312435765673176,0.9245956618164117,0.3832140826285254,0.3832140826285254,0.3832140826285254,0.38323004222274804,0.38323004222274804,0.38323004222274804,0.38357455942197394,0.3826479265166524,0.380986538890381,0.3793445660468479,0.3793445660468479,0.37973575427902223,0.3792662287310921,0.3792957847460886,0.37746312050073627,0.36922711577072376,0.3548637652827766,0.31003343844661674,0.10630333407160995,0.3611273196476416,0.9949833073511721,0.9949833073511721,0.9949833073511721,0.9939609461825828,0.9939609461825828,0.9939609461825828,0.9922353179330615,0.9882023795804983,0.9851698289810534,0.9821870467950524,0.9821870467950524,0.9793473129417612,0.9755780687646078,0.9719357520722219,0.9688060520484282,0.9480171028579722,0.8976145674411047,0.7542928155050764,0.31592287921326667,0.9320173121858119,0.9081467260293318,0.9081467260293318,0.9081467260293318,0.9088900369354537,0.9088900369354537,0.9088900369354537,0.9101376645590736,0.9129175708744813,0.914415362508197,0.9157703744978383,0.9157703744978383,0.9172152335425681,0.9184257644057597,0.9194074531330008,0.920025273783749,0.9234394971726633,0.9291448627669225,0.9400545769247874,0.9637036760465703,0.9185019986109372,0.6114038343795212,0.6114038343795212,0.6114038343795212,0.6110728827083746,0.6110728827083746,0.6110728827083746,0.6106787739785265,0.6078800245027567,0.6050224277442673,0.6022050826616778,0.6022050826616778,0.6011685886318258,0.5993196749924675,0.5979720165751018,0.5950057918188094,0.5787553064588669,0.546848956132499,0.4518280688443238,0.13511400520418257,0.5684965237616142,968.0,968.0,968.0,967.0,967.0,967.0,965.0,960.0,957.0,954.0,954.0,950.0,946.0,942.0,939.0,917.0,866.0,713.0,225.0,899.6315789473684,23.0,23.0,23.0,24.0,24.0,24.0,26.0,31.0,34.0,37.0,37.0,41.0,45.0,49.0,52.0,74.0,125.0,278.0,766.0,91.36842105263158,5.0,5.0,5.0,6.0,6.0,6.0,8.0,13.0,16.0,19.0,19.0,23.0,27.0,31.0,34.0,56.0,107.0,260.0,748.0,73.36842105263158,0.9445005045408678,0.9147572348065948,0.9556004036326943,0.9687184661957619,0.986639260020555,1.0,0.0,0.0,0.8619242637884268,0.9775967413441955,0.03504043126684636,0.9545495532944922,878.1669454143309,960,31,13,11,3,0,0,13.0,371,0.5091649694501018,0.5045408678102926,0.513874614594039,500,491,473,973,991,13,3
tagging_006_tagging_aria04_rgb,0.5381572035359803,0.9027504415085779,0.4858216530931278,0.5381572035359803,0.5381572035359803,0.5381572035359803,0.5381572035359803,0.5381572035359803,0.5381572035359803,0.5377175233090333,0.5302549321846535,0.5279168477520979,0.5223159148809505,0.5175685090771694,0.5139630475532807,0.5091348277337676,0.4985652800993953,0.4909023314468684,0.4773503822059893,0.44921305125164024,0.38191609688782774,0.1457113601483658,0.49113017503931167,0.990159901599016,0.990159901599016,0.990159901599016,0.990159901599016,0.990159901599016,0.990159901599016,0.9877149877149877,0.9564691656590084,0.9470517448856799,0.9284862932061978,0.9170616113744076,0.910271546635183,0.9012925969447708,0.8813953488372093,0.8640552995391705,0.8323895809739524,0.7683060109289618,0.613160518444666,0.21562734785875282,0.8770653401366865,0.29249131907883585,0.29249131907883585,0.29249131907883585,0.29249131907883585,0.29249131907883585,0.29249131907883585,0.29273640520784955,0.2939669183296932,0.29427768825256073,0.29382653996523567,0.29210377826948225,0.2901969365369219,0.2876072361963243,0.2820157138887944,0.2789000879324465,0.27374608308478393,0.2626458241174253,0.2378820890686483,0.09846524889873759,0.27543781390641675,0.9975216852540273,0.9975216852540273,0.9975216852540273,0.9975216852540273,0.9975216852540273,0.9975216852540273,0.9962825278810409,0.9801734820322181,0.9752168525402726,0.9653035935563816,0.9591078066914498,0.9553903345724907,0.9504337050805453,0.9392812887236679,0.929368029739777,0.9107806691449815,0.8711276332094176,0.7620817843866171,0.355638166047088,0.922911367638427,0.9926017262638718,0.9926017262638718,0.9926017262638718,0.9926017262638718,0.9926017262638718,0.9926017262638718,0.9913686806411838,0.9753390875462392,0.9704069050554871,0.9605425400739828,0.9543773119605425,0.9506781750924784,0.9457459926017263,0.9346485819975339,0.9247842170160296,0.906288532675709,0.8668310727496917,0.7583230579531443,0.35388409371146734,0.9183594003504445,0.2929188067945453,0.2929188067945453,0.2929188067945453,0.2929188067945453,0.2929188067945453,0.2929188067945453,0.2931661229036775,0.29466349008126164,0.2950596701578742,0.29497474290028064,0.29373526316473947,0.2922696188236665,0.2902504642479839,0.28573689906706834,0.28333934701251773,0.2792151883982397,0.2701840502706998,0.24983574985285278,0.11854234703994625,0.27886767340463575,0.9849663470902678,0.9849663470902678,0.9849663470902678,0.9849663470902678,0.9849663470902678,0.9849663470902678,0.9840925490145094,0.9766458471603894,0.9756425191514899,0.9732834652632806,0.9688133463556641,0.9650280397238646,0.9600784997033,0.9496649685270322,0.9450795111887353,0.9301547723751141,0.8930229072494831,0.8069469495269298,0.394556375505637,0.928042517541423,0.9027504415085779,0.9027504415085779,0.9027504415085779,0.9027504415085779,0.9027504415085779,0.9027504415085779,0.903450858453127,0.9120502961242176,0.9145306982648801,0.9191810910720803,0.9217670363126104,0.9231365578600398,0.9246814456328009,0.9275985553925528,0.9297601311578914,0.9328559020594803,0.9376985199722353,0.9464502755963367,0.9635322483338525,0.9196419086991352,0.5401540831371117,0.5401540831371117,0.5401540831371117,0.5401540831371117,0.5401540831371117,0.5401540831371117,0.540044596105993,0.5367854114462278,0.5357093996846516,0.5325709482413398,0.5293004950898201,0.5265466249914832,0.5228303846430963,0.5146766782959881,0.5091176928923492,0.499322181289573,0.4783283758421088,0.4257764752907935,0.1871309716153825,0.5041613018027092,805.0,805.0,805.0,805.0,805.0,805.0,804.0,791.0,787.0,779.0,774.0,771.0,767.0,758.0,750.0,735.0,703.0,615.0,287.0,744.7894736842105,2.0,2.0,2.0,2.0,2.0,2.0,3.0,16.0,20.0,28.0,33.0,36.0,40.0,49.0,57.0,72.0,104.0,192.0,520.0,62.21052631578947,6.0,6.0,6.0,6.0,6.0,6.0,7.0,20.0,24.0,32.0,37.0,40.0,44.0,53.0,61.0,76.0,108.0,196.0,524.0,66.21052631578948,0.9653035935563816,0.9180898386577926,0.9851301115241635,0.9950433705080545,0.9901356350184957,1.0,0.0,0.0,0.8837994305355731,0.992583436341162,0.0215633423180593,0.9836380173696953,737.2261404422075,803,4,8,16,3,0,0,15.0,371,0.4400494437577256,0.44114002478314746,0.43896424167694204,356,451,455,811,807,17,3
tagging_007_tagging_aria01_rgb,0.4014812704104768,0.904609439611703,0.36318374704061607,0.4014812704104768,0.4011958976996252,0.4011958976996252,0.4011958976996252,0.4006913738920498,0.4006913738920498,0.39963587780892174,0.3982494324098826,0.39755947464592983,0.3959383339668287,0.3911239518567274,0.3879849584086654,0.3821908282345144,0.3733365107684221,0.36033596645452565,0.34429631629029817,0.3128862548631842,0.2529751636875476,0.1055193776781424,0.363604429387739,0.9825,0.9800249687890137,0.9800249687890137,0.9800249687890137,0.9787897691827823,0.9787897691827823,0.9763239875389408,0.972636815920398,0.9701863354037267,0.9665220086794792,0.952,0.9436274509803921,0.9270959902794653,0.9016786570743405,0.8658823529411764,0.8167239404352806,0.7239130434782609,0.548828125,0.1965296114673708,0.8759001454700754,0.16405822950677906,0.16423882396578032,0.16423882396578032,0.16423882396578032,0.16403274959192604,0.16403274959192604,0.16358179955681712,0.16306457643669323,0.16291049472983604,0.16219720078450436,0.16069111944960462,0.15952516832249486,0.15755631640964443,0.15457851772269324,0.1499534068106107,0.1451407844710565,0.13523420991550256,0.11660560114834036,0.05665476557170651,0.15118600852197242,0.986198243412798,0.9849435382685069,0.9849435382685069,0.9849435382685069,0.9843161856963614,0.9843161856963614,0.9830614805520702,0.9811794228356336,0.9799247176913425,0.9780426599749059,0.9705144291091593,0.9661229611041405,0.9573400250941029,0.9435382685069009,0.9234629861982434,0.8946047678795483,0.835633626097867,0.7051442910915935,0.32685069008782935,0.9134253450439146,0.9961977186311787,0.9949302915082383,0.9949302915082383,0.9949302915082383,0.9942965779467681,0.9942965779467681,0.9930291508238276,0.991128010139417,0.9898605830164765,0.9879594423320659,0.9803548795944234,0.9759188846641318,0.9670468948035488,0.9531051964512041,0.9328263624841572,0.9036755386565273,0.844106463878327,0.7122940430925222,0.33016476552598223,0.9226869455006338,0.1641085557805818,0.16428947066238295,0.16428947066238295,0.16428947066238295,0.16411390051229865,0.16411390051229865,0.1637315310178774,0.16328974926049936,0.16316486583208928,0.16256304003565325,0.16131441564895443,0.16035933867892835,0.15871841308938803,0.15619558872439004,0.15221002999219918,0.14808888156166647,0.13913221140989465,0.12182768935466953,0.0619119026171476,0.152511180316615,0.9887310107748957,0.9881376165790096,0.9881376165790096,0.9881376165790096,0.9874985015539426,0.9874985015539426,0.9862163110796558,0.9843117672232009,0.9830510163398156,0.9811427524746797,0.9742931426826685,0.9703590550934439,0.9629831717586895,0.950166175884516,0.9311058828941361,0.9050102988171288,0.8603838650411142,0.7722431908419134,0.459692224839308,0.9288999851889516,0.904609439611703,0.9056848671641654,0.9056848671641654,0.9056848671641654,0.9061208028460526,0.9061208028460526,0.9068608011499165,0.9078641117454246,0.9085036260436055,0.9093326513571495,0.9123004905810889,0.9137979564469305,0.9163978909743499,0.919930253572227,0.9240329617616984,0.9287132307284941,0.9358963792372375,0.9461539107609069,0.9656677428974298,0.9173346133711981,0.40223617161687386,0.4022014027796449,0.4022014027796449,0.4022014027796449,0.40182096810347145,0.40182096810347145,0.401012426320802,0.39999450870367176,0.39954977231515415,0.39829107659569846,0.3949089136187543,0.3925823836984604,0.388374777637971,0.3819041070222121,0.3721242008307529,0.36033822695016005,0.3361640272310104,0.28674688134146387,0.1360795694580067,0.3716080625203616,1572.0,1570.0,1570.0,1570.0,1569.0,1569.0,1567.0,1564.0,1562.0,1559.0,1547.0,1540.0,1526.0,1504.0,1472.0,1426.0,1332.0,1124.0,521.0,1456.0,22.0,24.0,24.0,24.0,25.0,25.0,27.0,30.0,32.0,35.0,47.0,54.0,68.0,90.0,122.0,168.0,262.0,470.0,1073.0,138.0,6.0,8.0,8.0,8.0,9.0,9.0,11.0,14.0,16.0,19.0,31.0,38.0,52.0,74.0,106.0,152.0,246.0,454.0,1057.0,122.0,0.9473023839397742,0.9094113701121163,0.9686323713927227,0.979297365119197,0.9892268694550064,1.0,0.0,0.0,0.8585891773808114,0.9842370744010088,0.023743016759776536,0.9676715941549295,1419.5911487450135,1561,33,17,34,3,0,0,33.0,716,0.25283732660781844,0.25156838143036386,0.2541191381495564,401,1193,1177,1578,1594,33,3
tagging_007_tagging_aria02_rgb,0.5081019696183127,0.9131968854099707,0.46399713612611465,0.5081019696183127,0.5081019696183127,0.5081019696183127,0.5081019696183127,0.5081019696183127,0.5079422805395502,0.5079422805395502,0.5077640014908381,0.50729108420115,0.5056929525082805,0.50409255562494,0.5020645944003156,0.49933484141862616,0.4939919598949024,0.484492866677588,0.4633563572658637,0.4240233114111721,0.32615830235976107,0.12192497579085959,0.4682411690639453,0.9868342309994016,0.9868342309994016,0.9868342309994016,0.9868342309994016,0.9868342309994016,0.9856459330143541,0.9856459330143541,0.9844590555887627,0.983273596176822,0.9750148720999405,0.967990515708358,0.961015948021264,0.9540906415538553,0.9426565242832066,0.9179664933564413,0.8714768883878241,0.7820719269994633,0.5854823304680038,0.18996415770609318,0.8958382090197763,0.2616119338184625,0.2616119338184625,0.2616119338184625,0.2616119338184625,0.2616119338184625,0.26176271997660816,0.26176271997660816,0.2618943670092955,0.26172191047393895,0.26227842213911357,0.2625121842754116,0.26229414555436287,0.26133291009802906,0.2588727178506139,0.2557101370913779,0.24636237251898924,0.229896717185476,0.18169504468762931,0.07825528721371461,0.24496901711281482,0.9915814792543596,0.9915814792543596,0.9915814792543596,0.9915814792543596,0.9915814792543596,0.9909801563439568,0.9909801563439568,0.9903788334335538,0.9897775105231509,0.9855682501503308,0.9819603126879134,0.9783523752254961,0.9747444377630787,0.9687312086590499,0.9555021046301864,0.9296452194828623,0.8761274804570054,0.7372218881539386,0.31870114251352977,0.9277146564547266,0.9951719975859988,0.9951719975859988,0.9951719975859988,0.9951719975859988,0.9951719975859988,0.9945684972842487,0.9945684972842487,0.9939649969824985,0.9933614966807484,0.9891369945684972,0.9855159927579964,0.9818949909474954,0.9782739891369946,0.9722389861194931,0.9589619794809897,0.9330114665057333,0.8792999396499698,0.7398913699456849,0.31985515992757996,0.9310739129053774,0.26177251539857366,0.26177251539857366,0.26177251539857366,0.26177251539857366,0.26177251539857366,0.2619234155867793,0.2619234155867793,0.2620554257857992,0.261918798970139,0.2624934127194878,0.2627766647205176,0.2627385064739446,0.26207073946777704,0.26029288365640024,0.2581947097048651,0.2511720252300789,0.23805940203874484,0.19494429269499228,0.09097068525138745,0.24738931341476642,0.987321275122428,0.987321275122428,0.987321275122428,0.987321275122428,0.987321275122428,0.9869090509770734,0.9869090509770734,0.9863614008022636,0.9857494024480585,0.9828243270195607,0.9797538619975557,0.9777290308747159,0.9749296570492887,0.9699032152503035,0.9623171344680556,0.9421876040875105,0.8981611486106106,0.7819845472196241,0.41090255260952474,0.9349067557896505,0.9131968854099707,0.9131968854099707,0.9131968854099707,0.9131968854099707,0.9131968854099707,0.9135708139894215,0.9135708139894215,0.9139064685529998,0.9142078116062053,0.9161022890008341,0.9175265198819932,0.9187877494888138,0.91987555005464,0.9213955832970235,0.9240406034329566,0.9281016142716233,0.934253328075709,0.9443462272961093,0.9641209862125367,0.9215679361157968,0.50932263676996,0.50932263676996,0.50932263676996,0.50932263676996,0.50932263676996,0.5093148939187215,0.5093148939187215,0.509288363976132,0.5089660705766723,0.5084223495872658,0.5077169945505767,0.5065728973315222,0.5047106106696119,0.5007774763827527,0.4942990736043161,0.47857037295755617,0.448797094011367,0.36599120742557234,0.15792418890953744,0.47669893008790143,1649.0,1649.0,1649.0,1649.0,1649.0,1648.0,1648.0,1647.0,1646.0,1639.0,1633.0,1627.0,1621.0,1611.0,1589.0,1546.0,1457.0,1226.0,530.0,1542.7894736842106,14.0,14.0,14.0,14.0,14.0,15.0,15.0,16.0,17.0,24.0,30.0,36.0,42.0,52.0,74.0,117.0,206.0,437.0,1133.0,120.21052631578948,8.0,8.0,8.0,8.0,8.0,9.0,9.0,10.0,11.0,18.0,24.0,30.0,36.0,46.0,68.0,111.0,200.0,431.0,1127.0,114.21052631578948,0.9603126879134095,0.9161022890008341,0.9747444377630787,0.9855682501503308,0.9891369945684972,1.0,0.0,0.0,0.8776257676923435,0.9873493975903614,0.025139664804469275,0.973914485122242,1501.4916516723672,1639,24,18,24,3,0,0,26.0,716,0.4018072289156627,0.4010823812387252,0.40253470126735064,667,996,990,1657,1663,26,3
tagging_007_tagging_aria03_rgb,0.43424901111566583,0.9087057495933257,0.39460457315602154,0.43424901111566583,0.43424901111566583,0.43424901111566583,0.43394857837574186,0.43394857837574186,0.43346555684045124,0.43346555684045124,0.43276391526406305,0.4317040734586794,0.43041780051037826,0.42876686857280427,0.4266715892870778,0.4222047744746433,0.414920906313408,0.40699676738281043,0.3930739442254262,0.36628553074159464,0.2777221066710256,0.09422759576238816,0.3980700619180886,0.9778374748153122,0.9778374748153122,0.9778374748153122,0.9765100671140939,0.9765100671140939,0.9738605898123325,0.9738605898123325,0.9712182061579652,0.9685828877005348,0.9646430953969313,0.959414504324684,0.9516235917826376,0.9375,0.9160702667534157,0.8914579319203597,0.8475533249686323,0.7698317307692307,0.5598516949152542,0.16541353383458646,0.8809165529906854,0.19284616156744247,0.19284616156744247,0.19284616156744247,0.19284119541219777,0.19284119541219777,0.19293561207072793,0.19293561207072793,0.19283473597098114,0.19241348304559144,0.19204976833422646,0.19161793651966008,0.19130320714699448,0.19014066302846336,0.18793248153995712,0.1858151268038253,0.18229782254072535,0.17427846199141642,0.1377678575135291,0.05367662244637656,0.1801168561342066,0.9817936614969656,0.9817936614969656,0.9817936614969656,0.9811193526635199,0.9811193526635199,0.9797707349966285,0.9797707349966285,0.978422117329737,0.9770734996628456,0.9750505731625084,0.9723533378287256,0.9683074848280513,0.9608900876601484,0.9494268374915711,0.9359406608226568,0.9109912339851652,0.863789615643965,0.7127444369521241,0.2818610923803102,0.9133690598715265,0.9958960328317373,0.9958960328317373,0.9958960328317373,0.9952120383036935,0.9952120383036935,0.993844049247606,0.993844049247606,0.9924760601915185,0.9911080711354309,0.9890560875512996,0.9863201094391245,0.9822161422708618,0.9746922024623803,0.9630642954856361,0.9493844049247606,0.9240766073871409,0.8761969904240766,0.7229822161422709,0.2859097127222982,0.9264885880912953,0.19885111368713101,0.19885111368713101,0.19885111368713101,0.19885640869221652,0.19885640869221652,0.1989667240880188,0.1989667240880188,0.19887211497745394,0.19854536306345272,0.19823737271931927,0.19792868655556733,0.19774700213131113,0.19674238342014375,0.19479155742752746,0.1930257595391968,0.18998218186425864,0.1830683718085609,0.1496271660495797,0.06236999967396967,0.1870072403080108,0.9000635078931781,0.9000635078931781,0.9000635078931781,0.8993218562376638,0.8993218562376638,0.8979181183022616,0.8979181183022616,0.8969867234206726,0.8955400635387003,0.8938703354234112,0.8915715690198982,0.8873603974568436,0.8807891969268378,0.8721509733131583,0.8611564323717692,0.8425727961895472,0.8080795193511495,0.6882231318763701,0.3276503810249144,0.8442432627722452,0.9087057495933257,0.9087057495933257,0.9087057495933257,0.9092183942015001,0.9092183942015001,0.9100829681609633,0.9100829681609633,0.9108279079094159,0.9114853889542435,0.9124185043460731,0.9134656600123808,0.9148771143189903,0.9170639140827258,0.9199710519322211,0.9228025503373092,0.92667602333192,0.9319759604627382,0.9427328390801254,0.9647511490741018,0.918619370386692,0.4351265782171146,0.4351265782171146,0.4351265782171146,0.4349715264355528,0.4349715264355528,0.43477887074415367,0.43477887074415367,0.4343659409569864,0.43359210701034867,0.4327334476210667,0.43164839877236233,0.43039554755137266,0.427439210140084,0.42240755392206775,0.4170274961817482,0.4075189790785014,0.3879947495760567,0.31335806042541936,0.12300142860154582,0.4055980762551745,1456.0,1456.0,1456.0,1455.0,1455.0,1453.0,1453.0,1451.0,1449.0,1446.0,1442.0,1436.0,1425.0,1408.0,1388.0,1351.0,1281.0,1057.0,418.0,1354.5263157894738,27.0,27.0,27.0,28.0,28.0,30.0,30.0,32.0,34.0,37.0,41.0,47.0,58.0,75.0,95.0,132.0,202.0,426.0,1065.0,128.47368421052633,6.0,6.0,6.0,7.0,7.0,9.0,9.0,11.0,13.0,16.0,20.0,26.0,37.0,54.0,74.0,111.0,181.0,405.0,1044.0,107.47368421052632,0.9460552933243426,0.9124185043460731,0.9642616318273769,0.9750505731625084,0.9890560875512996,1.0,0.0,0.0,0.8606589057885513,0.9820033955857386,0.0223463687150838,0.9632964505973305,1319.3571572844216,1446,37,16,27,3,0,0,26.0,716,0.3463497453310696,0.34389750505731626,0.3488372093023256,510,973,952,1462,1483,28,3
tagging_007_tagging_aria04_rgb,0.4691169348757808,0.9214054893897135,0.43224691896022116,0.4691169348757808,0.4691169348757808,0.4691169348757808,0.4691169348757808,0.4691169348757808,0.4691169348757808,0.4691169348757808,0.4691169348757808,0.46867261393428217,0.46845534438178515,0.46845534438178515,0.46736801315437887,0.4653746893659267,0.4572190108427977,0.4498088392777698,0.43748222552091365,0.4099058328498931,0.3287061812761042,0.13301978403243148,0.4372317556854903,0.988399071925754,0.988399071925754,0.988399071925754,0.988399071925754,0.988399071925754,0.988399071925754,0.988399071925754,0.988399071925754,0.9853281853281853,0.9837962962962963,0.9837962962962963,0.9807395993836672,0.9731389102072141,0.9521640091116174,0.9330827067669173,0.9002217294900222,0.8285917496443812,0.6407147415443523,0.22195817490494296,0.9100381565463119,0.22265368800728572,0.22265368800728572,0.22265368800728572,0.22265368800728572,0.22265368800728572,0.22265368800728572,0.22265368800728572,0.22265368800728572,0.2229247293670302,0.22306488701576044,0.22306488701576044,0.2227225859516052,0.22255157946188475,0.21955169684591658,0.21683821854706797,0.21260395231200968,0.2027811547441515,0.16863628476642387,0.07971890628318852,0.21029938875626764,0.9906976744186047,0.9906976744186047,0.9906976744186047,0.9906976744186047,0.9906976744186047,0.9906976744186047,0.9906976744186047,0.9906976744186047,0.9891472868217054,0.9883720930232558,0.9883720930232558,0.9868217054263566,0.9829457364341085,0.9720930232558139,0.962015503875969,0.9441860465116279,0.9031007751937985,0.7782945736434108,0.362015503875969,0.9359445124439004,0.9976580796252927,0.9976580796252927,0.9976580796252927,0.9976580796252927,0.9976580796252927,0.9976580796252927,0.9976580796252927,0.9976580796252927,0.9960967993754879,0.9953161592505855,0.9953161592505855,0.9937548790007806,0.9898516783762685,0.9789227166276346,0.9687743950039032,0.9508196721311475,0.9094457455113193,0.7837626854020296,0.36455893832943015,0.942520235013764,0.22290493161678301,0.22290493161678301,0.22290493161678301,0.22290493161678301,0.22290493161678301,0.22290493161678301,0.22290493161678301,0.22290493161678301,0.22317718207568069,0.22331776282153834,0.22331776282153834,0.22304175590376843,0.22300450435636018,0.22061824924318327,0.21844981865858573,0.2151920321493287,0.20738165750048473,0.17803555894197132,0.09162796445885893,0.2121265106245033,0.9752590320996816,0.9752590320996816,0.9752590320996816,0.9752590320996816,0.9752590320996816,0.9752590320996816,0.9752590320996816,0.9752590320996816,0.9738618414498902,0.9733184651163868,0.9733184651163868,0.9717877761161321,0.9710179303041688,0.9602177103830203,0.9509152501829553,0.9347084930072193,0.8985484897992159,0.7787798981597001,0.4035821766629038,0.9259015133208123,0.9214054893897135,0.9214054893897135,0.9214054893897135,0.9214054893897135,0.9214054893897135,0.9214054893897135,0.9214054893897135,0.9214054893897135,0.9221728795884558,0.9225165108610069,0.9225165108610069,0.9230530991975346,0.9242268305539103,0.9269561976943974,0.9290905562958771,0.9319217905570338,0.936729640188648,0.9459405769331152,0.9650383870417232,0.9274424681521272,0.4696621029096807,0.4696621029096807,0.4696621029096807,0.4696621029096807,0.4696621029096807,0.4696621029096807,0.4696621029096807,0.4696621029096807,0.46958001577884556,0.46954351157242413,0.46954351157242413,0.4688149764093841,0.46771372245074905,0.4619790825869619,0.4567293816639401,0.44803759351891786,0.4279390354292733,0.36228263186784526,0.16988078180462216,0.44364952989120177,1278.0,1278.0,1278.0,1278.0,1278.0,1278.0,1278.0,1278.0,1276.0,1275.0,1275.0,1273.0,1268.0,1254.0,1241.0,1218.0,1165.0,1004.0,467.0,1207.3684210526317,12.0,12.0,12.0,12.0,12.0,12.0,12.0,12.0,14.0,15.0,15.0,17.0,22.0,36.0,49.0,72.0,125.0,286.0,823.0,82.63157894736842,3.0,3.0,3.0,3.0,3.0,3.0,3.0,3.0,5.0,6.0,6.0,8.0,13.0,27.0,40.0,63.0,116.0,277.0,814.0,73.63157894736842,0.9682170542635659,0.9225165108610069,0.9837209302325581,0.9883720930232558,0.9953161592505855,1.0,0.0,0.0,0.8916345359285146,0.9918319719953326,0.008379888268156424,0.9827123798483224,1176.208551347784,1275,15,6,20,3,0,0,19.0,716,0.31349669389342666,0.3124031007751938,0.31459797033567527,403,887,878,1281,1290,21,3
tagging_008_tagging_aria01_rgb,0.6007608231418373,0.8835030162083592,0.53077399926563,0.6007608231418373,0.5997819371180023,0.5956986510298492,0.5956986510298492,0.5956986510298492,0.5930694248855417,0.592080448607602,0.592080448607602,0.592080448607602,0.592080448607602,0.5820732682076544,0.5685076572940598,0.554921052031488,0.5353640168902538,0.5105361308899762,0.4900101329489621,0.42277572964669247,0.3292221453465691,0.12531201979057668,0.5298816887216615,0.954983922829582,0.9487179487179487,0.9424920127795527,0.9424920127795527,0.9424920127795527,0.9363057324840764,0.9301587301587302,0.9301587301587302,0.9301587301587302,0.9301587301587302,0.9059561128526645,0.8823529411764706,0.8593272171253823,0.8258258258258259,0.7777777777777778,0.7272727272727273,0.6127320954907162,0.4580335731414868,0.16030534351145037,0.820931693535773,0.37792632733824927,0.37918368950345693,0.3765091672153857,0.3765091672153857,0.3765091672153857,0.37565864496087453,0.37688111314458855,0.37688111314458855,0.37688111314458855,0.37688111314458855,0.3739798040493385,0.36629441725557754,0.35834705086828766,0.34706426175792376,0.3351177526424231,0.3301511542899069,0.291708756394011,0.236635974614718,0.0979574477058666,0.34247774924237606,0.9867109634551495,0.9833887043189369,0.9800664451827242,0.9800664451827242,0.9800664451827242,0.9767441860465116,0.973421926910299,0.973421926910299,0.973421926910299,0.973421926910299,0.9601328903654485,0.946843853820598,0.9335548172757475,0.9136212624584718,0.8837209302325582,0.8504983388704319,0.7674418604651163,0.6345514950166113,0.27906976744186046,0.8921140059450954,0.9674267100977199,0.9641693811074918,0.9609120521172638,0.9609120521172638,0.9609120521172638,0.9576547231270358,0.9543973941368078,0.9543973941368078,0.9543973941368078,0.9543973941368078,0.9413680781758957,0.9283387622149837,0.9153094462540716,0.8957654723127035,0.8664495114006515,0.8338762214983714,0.752442996742671,0.6221498371335505,0.2736156351791531,0.8746785530601748,0.37792655234515693,0.37918368950345693,0.37725660228616476,0.37725660228616476,0.37725660228616476,0.3766611295681063,0.37788713389951584,0.37788713389951584,0.37788713389951584,0.37788713389951584,0.3763914594565596,0.3711206310349517,0.3650721399211013,0.3566525722339676,0.3488080666783237,0.34630874515503873,0.3170492298399275,0.26999878241811764,0.12703026947212995,0.35029061105702086,0.9977553310886645,1.0,0.9966515088879702,0.9966515088879702,0.9966515088879702,0.9933096205962059,0.991580301895169,0.991580301895169,0.991580301895169,0.991580301895169,0.9799789715025179,0.9675638995863642,0.9546587150035202,0.9391807588075881,0.9144940603541374,0.8894453971883469,0.8171137331503187,0.6898810283914358,0.32912496773777256,0.9173043272448137,0.8835030162083592,0.8861910626871687,0.8887891104692259,0.8887891104692259,0.8887891104692259,0.8909347674976936,0.8927900501118221,0.8927900501118221,0.8927900501118221,0.8927900501118221,0.8978591265949338,0.902352527455107,0.9063389750409514,0.9112555506533826,0.9177893179520782,0.9234039691503422,0.9335201719749755,0.9449366953037089,0.964041114916694,0.9052449382784401,0.6106587021921411,0.6106430685103029,0.607456995260974,0.607456995260974,0.607456995260974,0.6057411967198904,0.6056932716922847,0.6056932716922847,0.6056932716922847,0.6056932716922847,0.5992247576662662,0.5889173266828216,0.5783914034584602,0.5631032667117922,0.5441971812703613,0.5298990548205587,0.4731485081039411,0.38750188575861433,0.16533893113986917,0.5527320713466886,297.0,296.0,295.0,295.0,295.0,294.0,293.0,293.0,293.0,293.0,289.0,285.0,281.0,275.0,266.0,256.0,231.0,191.0,84.0,268.5263157894737,4.0,5.0,6.0,6.0,6.0,7.0,8.0,8.0,8.0,8.0,12.0,16.0,20.0,26.0,35.0,45.0,70.0,110.0,217.0,32.473684210526315,10.0,11.0,12.0,12.0,12.0,13.0,14.0,14.0,14.0,14.0,18.0,22.0,26.0,32.0,41.0,51.0,76.0,116.0,223.0,38.473684210526315,0.893687707641196,0.8927900501118221,0.9269102990033222,0.973421926910299,0.9543973941368078,1.0,0.0,0.0,0.7893271916370893,0.9638157894736842,0.06965174129353234,0.9235880398671097,261.5874846827639,293,8,14,10,2,0,0,9.0,201,0.5131578947368421,0.5182724252491694,0.50814332247557,156,145,151,307,301,15,2
tagging_008_tagging_aria03_rgb,0.6872795513253336,0.8873909177923416,0.6098856318304965,0.6872795513253336,0.6872795513253336,0.6872795513253336,0.6872795513253336,0.6872795513253336,0.6872795513253336,0.6872795513253336,0.6872795513253336,0.6872795513253336,0.6840411287265387,0.6840411287265387,0.6840411287265387,0.665155660611194,0.6446213918670923,0.6063240843868394,0.5583857187634595,0.5021181459168307,0.37844038899640076,0.12380141855345463,0.6166571661685731,0.974025974025974,0.974025974025974,0.974025974025974,0.974025974025974,0.974025974025974,0.974025974025974,0.974025974025974,0.974025974025974,0.974025974025974,0.9612903225806452,0.9612903225806452,0.9612903225806452,0.9,0.8650306748466258,0.7777777777777778,0.7078651685393258,0.6256684491978609,0.45454545454545453,0.13432835820895522,0.8481747693206159,0.48494926651448395,0.48494926651448395,0.48494926651448395,0.48494926651448395,0.48494926651448395,0.48494926651448395,0.48494926651448395,0.48494926651448395,0.48494926651448395,0.48675437045214054,0.48675437045214054,0.48675437045214054,0.4915911698256822,0.48037225838996306,0.4726657225382646,0.4404717519331698,0.402965233075425,0.31507768165224365,0.11409944586686592,0.449581567014126,1.0,1.0,1.0,1.0,1.0,1.0,1.0,1.0,1.0,0.9933333333333333,0.9933333333333333,0.9933333333333333,0.96,0.94,0.8866666666666667,0.84,0.78,0.6333333333333333,0.24,0.9084210526315788,0.974025974025974,0.974025974025974,0.974025974025974,0.974025974025974,0.974025974025974,0.974025974025974,0.974025974025974,0.974025974025974,0.974025974025974,0.9675324675324676,0.9675324675324676,0.9675324675324676,0.935064935064935,0.9155844155844156,0.8636363636363636,0.8181818181818182,0.7597402597402597,0.6168831168831169,0.23376623376623376,0.8848257006151743,0.4857037037037038,0.4857037037037038,0.4857037037037038,0.4857037037037038,0.4857037037037038,0.4857037037037038,0.4857037037037038,0.4857037037037038,0.4857037037037038,0.48754660700969427,0.48754660700969427,0.48754660700969427,0.49332561728395063,0.48656422379826636,0.4862155388471177,0.4651675485008819,0.4372269705603039,0.3644444444444444,0.1501543209876543,0.4587932536202651,0.9824603174603175,0.9824603174603175,0.9824603174603175,0.9824603174603175,0.9824603174603175,0.9824603174603175,0.9824603174603175,0.9824603174603175,0.9824603174603175,0.9784276126558005,0.9784276126558005,0.9784276126558005,0.9597594246031745,0.9458451218035723,0.92630301387879,0.8875333644476863,0.8244611388594362,0.6891963716239516,0.3540351828720444,0.9139241743788902,0.8873909177923416,0.8873909177923416,0.8873909177923416,0.8873909177923416,0.8873909177923416,0.8873909177923416,0.8873909177923416,0.8873909177923416,0.8873909177923416,0.8899928643624545,0.8899928643624545,0.8899928643624545,0.8992509522461481,0.9041703908009601,0.9151912082035978,0.9229186190615175,0.9303519522190009,0.9413998561626153,0.9631468731454338,0.9017329844767216,0.6963829883867669,0.6963829883867669,0.6963829883867669,0.6963829883867669,0.6963829883867669,0.6963829883867669,0.6963829883867669,0.6963829883867669,0.6963829883867669,0.6953483596844052,0.6953483596844052,0.6953483596844052,0.6869698123153992,0.6719746445265367,0.6473769695089521,0.608273188315795,0.5606361402896102,0.44670929963428596,0.1654807149127892,0.6389954075809203,150.0,150.0,150.0,150.0,150.0,150.0,150.0,150.0,150.0,149.0,149.0,149.0,144.0,141.0,133.0,126.0,117.0,95.0,36.0,136.26315789473685,0.0,0.0,0.0,0.0,0.0,0.0,0.0,0.0,0.0,1.0,1.0,1.0,6.0,9.0,17.0,24.0,33.0,55.0,114.0,13.736842105263158,4.0,4.0,4.0,4.0,4.0,4.0,4.0,4.0,4.0,5.0,5.0,5.0,10.0,13.0,21.0,28.0,37.0,59.0,118.0,17.736842105263158,0.9333333333333333,0.8899928643624545,0.96,0.9933333333333333,0.9675324675324676,1.0,0.0,0.0,0.8240595786000381,0.9802631578947368,0.024875621890547265,0.9559862667244803,132.6089367900057,149,1,5,4,2,0,0,2.0,201,0.618421052631579,0.6266666666666667,0.6103896103896104,94,56,60,154,150,7,2
tagging_008_tagging_aria04_rgb,0.5709985157122343,0.8963613989288579,0.5118210283301198,0.5709985157122343,0.5709985157122343,0.5709985157122343,0.5709985157122343,0.5709985157122343,0.5709985157122343,0.5709985157122343,0.5709985157122343,0.5680556929034665,0.5625046844142615,0.5559191505302469,0.5509521079893447,0.5502278835242682,0.5386977397093629,0.5115448455301282,0.4778371798727408,0.4186515147750792,0.35182379692192217,0.16173720040722347,0.5166284169618905,0.9095744680851063,0.9095744680851063,0.9095744680851063,0.9095744680851063,0.9095744680851063,0.9095744680851063,0.9095744680851063,0.9095744680851063,0.9045092838196287,0.8894736842105263,0.8697916666666666,0.8552971576227391,0.8505154639175257,0.8223350253807107,0.7598039215686274,0.6933962264150944,0.5920177383592018,0.4865424430641822,0.20672268907563024,0.8003684760411254,0.35845256917993007,0.35845256917993007,0.35845256917993007,0.35845256917993007,0.35845256917993007,0.35845256917993007,0.35845256917993007,0.35845256917993007,0.3567539615263757,0.35572892779714615,0.3553104884421802,0.35490381628485884,0.35596145708287,0.3528917604277244,0.3444021826686602,0.3292898948256573,0.2960537826269073,0.254407371535785,0.12654112672652024,0.33420343807284875,0.9633802816901409,0.9633802816901409,0.9633802816901409,0.9633802816901409,0.9633802816901409,0.9633802816901409,0.9633802816901409,0.9633802816901409,0.9605633802816902,0.952112676056338,0.9408450704225352,0.9323943661971831,0.9295774647887324,0.9126760563380282,0.8732394366197183,0.828169014084507,0.752112676056338,0.6619718309859155,0.3464788732394366,0.8840622683469237,0.9421487603305785,0.9421487603305785,0.9421487603305785,0.9421487603305785,0.9421487603305785,0.9421487603305785,0.9421487603305785,0.9421487603305785,0.9393939393939394,0.931129476584022,0.9201101928374655,0.9118457300275482,0.9090909090909091,0.8925619834710744,0.8539944903581267,0.8099173553719008,0.7355371900826446,0.6473829201101928,0.33884297520661155,0.8645788023778455,0.3586518472354385,0.3586518472354385,0.3586518472354385,0.3586518472354385,0.3586518472354385,0.3586518472354385,0.3586518472354385,0.3586518472354385,0.35739834456843256,0.35676324053020886,0.35667320820543785,0.35675367372986,0.35781670795039777,0.35579436600678427,0.3502314415502271,0.34011115268618264,0.31616204534248155,0.28378573866684004,0.1620918138134781,0.3401471847859915,0.9868353868353869,0.9868353868353869,0.9868353868353869,0.9868353868353869,0.9868353868353869,0.9868353868353869,0.9868353868353869,0.9868353868353869,0.9839038586839174,0.9754347044287872,0.9653351200506888,0.9621567951930489,0.9640623208350481,0.9482434153267486,0.9129781865034451,0.8721149441567232,0.8071106986180125,0.7225603742119197,0.4380102867562601,0.9182417789182997,0.8963613989288579,0.8963613989288579,0.8963613989288579,0.8963613989288579,0.8963613989288579,0.8963613989288579,0.8963613989288579,0.8963613989288579,0.8977497573491883,0.9013975850037832,0.9058305857626058,0.9087785329001435,0.9096629127835034,0.913901673828736,0.9221857614887528,0.930171413867793,0.9401534388782178,0.9485388622339032,0.9648986633250282,0.9112715988869745,0.5876445669527761,0.5876445669527761,0.5876445669527761,0.5876445669527761,0.5876445669527761,0.5876445669527761,0.5876445669527761,0.5876445669527761,0.5853928520341357,0.5819742446153375,0.578180007887032,0.5752480498410076,0.5752336471709539,0.5675172774650652,0.5484027424841912,0.5222142161467415,0.4718747743926609,0.41037850035285434,0.20938917595390047,0.5435243170508468,342.0,342.0,342.0,342.0,342.0,342.0,342.0,342.0,341.0,338.0,334.0,331.0,330.0,324.0,310.0,294.0,267.0,235.0,123.0,313.8421052631579,13.0,13.0,13.0,13.0,13.0,13.0,13.0,13.0,14.0,17.0,21.0,24.0,25.0,31.0,45.0,61.0,88.0,120.0,232.0,41.1578947368421,21.0,21.0,21.0,21.0,21.0,21.0,21.0,21.0,22.0,25.0,29.0,32.0,33.0,39.0,53.0,69.0,96.0,128.0,240.0,49.1578947368421,0.8619718309859155,0.904188846963475,0.8873239436619719,0.9549295774647887,0.9338842975206612,1.0,0.0,0.0,0.7704789271003325,0.9442896935933147,0.11940298507462686,0.8846359365931287,306.52001912061803,339,16,24,9,2,0,0,5.0,201,0.4986072423398329,0.504225352112676,0.4931129476584022,179,176,184,363,355,15,2
tagging_009_tagging_aria01_rgb,0.431063252726077,0.9127858718908549,0.39346844697968014,0.431063252726077,0.431063252726077,0.43055337050603576,0.42976797017404245,0.4295174688774549,0.4295174688774549,0.4295174688774549,0.4295174688774549,0.4289097018607804,0.42619851915191237,0.42318537141100704,0.42050420026635515,0.41534347967749957,0.410274369064305,0.3984376345271103,0.3827968025073644,0.36920342104675485,0.3165579180597633,0.1671314493568811,0.39995055729325185,0.9605110336817654,0.9605110336817654,0.9559675550405562,0.9491916859122402,0.9469434832756632,0.9469434832756632,0.9469434832756632,0.9469434832756632,0.9424626006904487,0.9335624284077892,0.9203640500568828,0.9116647791619479,0.8966292134831461,0.8839285714285714,0.8488499452354874,0.8053475935828877,0.7583333333333333,0.615311004784689,0.2915072685539403,0.8643113700072685,0.19345486031381678,0.19345486031381678,0.19391474519890298,0.19458715339463428,0.19482182340251686,0.19482182340251686,0.19482182340251686,0.19482182340251686,0.19519451723127448,0.1945720738109424,0.1945815447324389,0.19395701850431582,0.19239860080005766,0.190428348343886,0.1870207443596148,0.1819504933987,0.1797509882803877,0.16285896840313643,0.09582238378719199,0.1854333997096413,0.992797118847539,0.992797118847539,0.9903961584633854,0.9867947178871549,0.985594237695078,0.985594237695078,0.985594237695078,0.985594237695078,0.9831932773109243,0.978391356542617,0.9711884753901561,0.9663865546218487,0.957983193277311,0.9507803121248499,0.9303721488595438,0.9039615846338536,0.8739495798319328,0.7719087635054022,0.45738295318127253,0.9289821191634549,0.9672514619883041,0.9672514619883041,0.9649122807017544,0.9614035087719298,0.960233918128655,0.960233918128655,0.960233918128655,0.960233918128655,0.9578947368421052,0.9532163742690059,0.9461988304093567,0.9415204678362573,0.9333333333333333,0.9263157894736842,0.9064327485380117,0.8807017543859649,0.8514619883040936,0.752046783625731,0.4456140350877193,0.905078485687904,0.19505816651714797,0.19505816651714797,0.19552163851114773,0.19619985645286495,0.19643647261846392,0.19643647261846392,0.19643647261846392,0.19643647261846392,0.1968127786483006,0.19640802069263807,0.19642355096149655,0.19601003862071187,0.19490976879755942,0.19335724212017222,0.19078779947352767,0.186998498884255,0.18578090120209192,0.17236010878292968,0.11041317546406397,0.1888339790589427,0.905129825279794,0.905129825279794,0.9070688959886064,0.9067297313754261,0.9075905471261878,0.9075905471261878,0.9075905471261878,0.9075905471261878,0.9080075152381855,0.9052804070830992,0.9042223638967398,0.9028289056412118,0.8956463934018017,0.8903691012732072,0.8737574564478171,0.8497951369295604,0.8279379496039532,0.7522521624259986,0.49503363716953624,0.8662921839757622,0.9127858718908549,0.9127858718908549,0.9147376741310507,0.9173921267143085,0.9182612479317432,0.9182612479317432,0.9182612479317432,0.9182612479317432,0.9194636574276103,0.9215787434224628,0.9244427957106433,0.9261310861364782,0.9287292839671203,0.9306610488353564,0.9350808801521673,0.9395654708783127,0.9435684950132924,0.9520627740567336,0.9684091441044741,0.9273915745294049,0.43824813513192545,0.43824813513192545,0.43823785632279616,0.4381981003365061,0.4381954661138893,0.4381954661138893,0.4381954661138893,0.4381954661138893,0.4380798296084179,0.4363113971021135,0.4347129556014621,0.4329404749582926,0.4293187929459015,0.42550619792879585,0.4171317439504769,0.40555672394573905,0.3963499724763703,0.35455925446366565,0.20935024451252776,0.41502798309855127,827.0,827.0,825.0,822.0,821.0,821.0,821.0,821.0,819.0,815.0,809.0,805.0,798.0,792.0,775.0,753.0,728.0,643.0,381.0,773.8421052631579,6.0,6.0,8.0,11.0,12.0,12.0,12.0,12.0,14.0,18.0,24.0,28.0,35.0,41.0,58.0,80.0,105.0,190.0,452.0,59.1578947368421,28.0,28.0,30.0,33.0,34.0,34.0,34.0,34.0,36.0,40.0,46.0,50.0,57.0,63.0,80.0,102.0,127.0,212.0,474.0,81.15789473684211,0.9087635054021609,0.9215569130817715,0.9327731092436975,0.9795918367346939,0.9543859649122807,1.0,0.0,0.0,0.8319212978087941,0.966824644549763,0.06830122591943957,0.9312112485046051,751.9904410747255,816,17,39,20,2,0,0,19.0,571,0.3578199052132701,0.3625450180072029,0.3532163742690059,302,531,553,855,833,25,2
tagging_009_tagging_aria03_rgb,0.4868237766557283,0.9269096272970857,0.4512416453793208,0.4868237766557283,0.4868237766557283,0.4868237766557283,0.4868237766557283,0.4868237766557283,0.4868237766557283,0.4868237766557283,0.4868237766557283,0.4856750726856101,0.4845961557006095,0.48180396310203427,0.47313327926258897,0.4672287623181818,0.4588363707065041,0.4471317015125956,0.42936011741781377,0.4077379285103159,0.3509803536056496,0.20841476158860375,0.4520783515608597,0.9242144177449169,0.9242144177449169,0.9242144177449169,0.9242144177449169,0.9242144177449169,0.9242144177449169,0.9242144177449169,0.9242144177449169,0.9206642066420664,0.9171270718232044,0.9136029411764706,0.8996350364963503,0.8858695652173914,0.8655913978494624,0.8392226148409894,0.804159445407279,0.7554806070826307,0.6291079812206573,0.35546875,0.8515602610376757,0.25643117545776883,0.25643117545776883,0.25643117545776883,0.25643117545776883,0.25643117545776883,0.25643117545776883,0.25643117545776883,0.25643117545776883,0.25620663269673266,0.25605332274509335,0.25408746885370137,0.24882879263748986,0.24642760617225717,0.2432219354376377,0.23822851644128987,0.22924571921886944,0.22005888276586807,0.19581250324964386,0.12219558779227299,0.24009559850910564,0.9920634920634921,0.9920634920634921,0.9920634920634921,0.9920634920634921,0.9920634920634921,0.9920634920634921,0.9920634920634921,0.9920634920634921,0.9900793650793651,0.9880952380952381,0.9861111111111112,0.9781746031746031,0.9702380952380952,0.9583333333333334,0.9424603174603174,0.9206349206349206,0.8888888888888888,0.7976190476190477,0.5416666666666666,0.9420426065162908,0.931098696461825,0.931098696461825,0.931098696461825,0.931098696461825,0.931098696461825,0.931098696461825,0.931098696461825,0.931098696461825,0.9292364990689013,0.9273743016759777,0.925512104283054,0.9180633147113594,0.9106145251396648,0.8994413407821229,0.8845437616387337,0.8640595903165735,0.8342644320297952,0.7486033519553073,0.5083798882681564,0.8841517200823287,0.25647800586510267,0.25647800586510267,0.25647800586510267,0.25647800586510267,0.25647800586510267,0.25647800586510267,0.25647800586510267,0.25647800586510267,0.2563088052938722,0.2562027189893494,0.2547213879562812,0.2506563045887786,0.24881758411344793,0.24629029222297105,0.24238154036116685,0.2351529055853305,0.22778657834101382,0.20770171624769604,0.13730982279369375,0.24290282649549594,0.9980344827586207,0.9980344827586207,0.9980344827586207,0.9980344827586207,0.9980344827586207,0.9980344827586207,0.9980344827586207,0.9980344827586207,0.996113666613587,0.994132451846366,0.9921390594258386,0.9843039420950231,0.9763816790258493,0.9649546598676186,0.9499394632413051,0.9293402298052237,0.8978890185847026,0.8168081553695606,0.5976359497026678,0.9517849546129846,0.9269096272970857,0.9269096272970857,0.9269096272970857,0.9269096272970857,0.9269096272970857,0.9269096272970857,0.9269096272970857,0.9269096272970857,0.9278781099202819,0.9288322717793589,0.9296192983276715,0.9324362100229825,0.9349493745795608,0.9383121268886363,0.9418913520952206,0.9456891554845137,0.9497463663168045,0.9577866006675885,0.9700501983866986,0.9353930569918948,0.5043768505776015,0.5043768505776015,0.5043768505776015,0.5043768505776015,0.5043768505776015,0.5043768505776015,0.5043768505776015,0.5043768505776015,0.5036515662931101,0.5029960923336183,0.50055816468292,0.4933538339737437,0.48897183070873756,0.48279155763925297,0.4738363886758366,0.4594035421271359,0.44227581416112133,0.3952009392117921,0.2572727671573782,0.47554354218870837,500.0,500.0,500.0,500.0,500.0,500.0,500.0,500.0,499.0,498.0,497.0,493.0,489.0,483.0,475.0,464.0,448.0,402.0,273.0,474.7894736842105,4.0,4.0,4.0,4.0,4.0,4.0,4.0,4.0,5.0,6.0,7.0,11.0,15.0,21.0,29.0,40.0,56.0,102.0,231.0,29.210526315789473,37.0,37.0,37.0,37.0,37.0,37.0,37.0,37.0,38.0,39.0,40.0,44.0,48.0,54.0,62.0,73.0,89.0,135.0,264.0,62.21052631578947,0.8948412698412699,0.9288322717793589,0.9107142857142857,0.9880952380952381,0.9273743016759777,1.0,0.0,0.0,0.8245207764803982,0.9567723342939481,0.06830122591943957,0.9089224405020002,462.5584713461207,498,6,39,8,2,0,0,9.0,571,0.38232468780019213,0.3948412698412698,0.37057728119180633,199,305,338,537,504,15,2
tagging_009_tagging_aria04_rgb,0.4285768901910767,0.9298581640759844,0.3985157202784694,0.4285768901910767,0.4285768901910767,0.4285768901910767,0.4285768901910767,0.4285768901910767,0.4285768901910767,0.4285768901910767,0.4285768901910767,0.4285768901910767,0.42668973861520776,0.42510360823796,0.4229200278124082,0.4200370225879097,0.4134281493511821,0.40714493130015006,0.3989860256731781,0.3828965953080095,0.3417527036115586,0.1708187586215213,0.40352471435993553,0.9817073170731707,0.9817073170731707,0.9817073170731707,0.9817073170731707,0.9817073170731707,0.9817073170731707,0.9817073170731707,0.9817073170731707,0.9817073170731707,0.9768856447688564,0.9720873786407767,0.9649334945586457,0.9554753309265944,0.9368295589988082,0.9208037825059102,0.8939393939393939,0.8382352941176471,0.7287234042553191,0.30522088353413657,0.9120263168370857,0.18710072504447264,0.18710072504447264,0.18710072504447264,0.18710072504447264,0.18710072504447264,0.18710072504447264,0.18710072504447264,0.18710072504447264,0.18710072504447264,0.18637200169175686,0.1859020924534741,0.18536132379429746,0.1846527007384042,0.18244816576732376,0.18002423342818957,0.17807677988209397,0.17490292251746775,0.16027330773760762,0.0955997766572683,0.17881683316148092,0.9962871287128713,0.9962871287128713,0.9962871287128713,0.9962871287128713,0.9962871287128713,0.9962871287128713,0.9962871287128713,0.9962871287128713,0.9962871287128713,0.9938118811881188,0.9913366336633663,0.9876237623762376,0.9826732673267327,0.9727722772277227,0.9641089108910891,0.9492574257425742,0.9170792079207921,0.8477722772277227,0.47029702970297027,0.949648254299114,0.98531211750306,0.98531211750306,0.98531211750306,0.98531211750306,0.98531211750306,0.98531211750306,0.98531211750306,0.98531211750306,0.98531211750306,0.9828641370869033,0.9804161566707467,0.9767441860465116,0.9718482252141983,0.9620563035495716,0.9534883720930233,0.9388004895960832,0.9069767441860465,0.8384332925336597,0.46511627906976744,0.9391870128196871,0.18710370913574573,0.18710370913574573,0.18710370913574573,0.18710370913574573,0.18710370913574573,0.18710370913574573,0.18710370913574573,0.18710370913574573,0.18710370913574573,0.18649069466661392,0.1860940538409492,0.18563836491814334,0.1850670768873076,0.18323567440481864,0.18117599796945788,0.1795877892577268,0.1770488920627425,0.1642818046629034,0.10342808182143362,0.17978851645862148,0.9967761017450458,0.9967761017450458,0.9967761017450458,0.9967761017450458,0.9967761017450458,0.9967761017450458,0.9967761017450458,0.9967761017450458,0.9967761017450458,0.9943070469442163,0.9918765099956677,0.9883120507259637,0.9839244376477406,0.9745605963105792,0.9659016761579075,0.9512973383862489,0.92495672362428,0.8582434955273714,0.5305566808033245,0.9544695511488798,0.9298581640759844,0.9298581640759844,0.9298581640759844,0.9298581640759844,0.9298581640759844,0.9298581640759844,0.9298581640759844,0.9298581640759844,0.9298581640759844,0.9309700416985045,0.9319996582722979,0.933369174930347,0.9349105534663484,0.9377157400895716,0.9395670812900474,0.9420779083265337,0.9460575384447398,0.9512728935793942,0.9679490023792474,0.9360322667979416,0.43174766256999475,0.43174766256999475,0.43174766256999475,0.43174766256999475,0.43174766256999475,0.43174766256999475,0.43174766256999475,0.43174766256999475,0.43174766256999475,0.4303704330017109,0.42929192226712454,0.4278635857428908,0.4259733239949575,0.421284366775579,0.41660889047697364,0.4111456015274924,0.40049948020609344,0.36861262468821004,0.2120384186938316,0.4120746110792009,805.0,805.0,805.0,805.0,805.0,805.0,805.0,805.0,805.0,803.0,801.0,798.0,794.0,786.0,779.0,767.0,741.0,685.0,380.0,767.3157894736842,3.0,3.0,3.0,3.0,3.0,3.0,3.0,3.0,3.0,5.0,7.0,10.0,14.0,22.0,29.0,41.0,67.0,123.0,428.0,40.68421052631579,12.0,12.0,12.0,12.0,12.0,12.0,12.0,12.0,12.0,14.0,16.0,19.0,23.0,31.0,38.0,50.0,76.0,132.0,437.0,49.68421052631579,0.9628712871287128,0.9308199812695166,0.9764851485148515,0.9938118811881188,0.9828641370869033,1.0,0.0,0.0,0.894119362573542,0.9883076923076923,0.024518388791593695,0.9751962961817349,747.4484449594219,803,5,14,11,2,0,0,7.0,571,0.22892307692307692,0.2301980198019802,0.22766217870257038,186,622,631,817,808,17,2
tagging_010_tagging_aria01_rgb,0.4204131912719667,0.9077317656738066,0.38162240842586215,0.4204131912719667,0.4204131912719667,0.4204131912719667,0.4204131912719667,0.4204131912719667,0.4204131912719667,0.4204131912719667,0.4204131912719667,0.41583643005817506,0.4146007291456086,0.41175710135635857,0.40795053745332926,0.4066851155765326,0.39838696691456943,0.3874964600886798,0.3731909541327566,0.33408031943927896,0.2663356382084776,0.10940021338533788,0.38363294715446516,0.9036608863198459,0.9036608863198459,0.9036608863198459,0.9036608863198459,0.9036608863198459,0.9036608863198459,0.9036608863198459,0.9036608863198459,0.8891013384321224,0.8854961832061069,0.8747628083491461,0.8641509433962264,0.8606403013182674,0.839851024208566,0.8095238095238095,0.7706093189964157,0.6888888888888889,0.5317829457364341,0.19036144578313252,0.8123397946525202,0.19559024194936828,0.19559024194936828,0.19559024194936828,0.19559024194936828,0.19559024194936828,0.19559024194936828,0.19559024194936828,0.19559024194936828,0.19448844478005353,0.19412140658325178,0.1938170083354985,0.19258630946393868,0.19217410918145572,0.18897658136090587,0.1854837434239067,0.1807290475385038,0.16201402234352516,0.13339027275815307,0.06287200982068794,0.18133552058867514,0.9832285115303984,0.9832285115303984,0.9832285115303984,0.9832285115303984,0.9832285115303984,0.9832285115303984,0.9832285115303984,0.9832285115303984,0.9748427672955975,0.9727463312368972,0.9664570230607966,0.960167714884696,0.9580712788259959,0.9454926624737946,0.9266247379454927,0.9014675052410901,0.8448637316561844,0.7190775681341719,0.3312368972746331,0.9140461215932912,0.9178082191780822,0.9178082191780822,0.9178082191780822,0.9178082191780822,0.9178082191780822,0.9178082191780822,0.9178082191780822,0.9178082191780822,0.9099804305283757,0.9080234833659491,0.9021526418786693,0.8962818003913894,0.8943248532289628,0.8825831702544031,0.8649706457925636,0.8414872798434442,0.7886497064579256,0.6712328767123288,0.30919765166340507,0.8532289628180038,0.19586295148350194,0.19586295148350194,0.19586295148350194,0.19586295148350194,0.19586295148350194,0.19586295148350194,0.19586295148350194,0.19586295148350194,0.1949436650232527,0.19463448533186944,0.19445157677857264,0.19340904015943416,0.19305848627072317,0.19038479887982526,0.18776001296637923,0.18393620828006477,0.1678999839782351,0.14156978969812883,0.06967850413311988,0.18308579807198003,0.984757421049949,0.984757421049949,0.984757421049949,0.984757421049949,0.984757421049949,0.984757421049949,0.984757421049949,0.984757421049949,0.9772082273344546,0.9751444894435898,0.9696040157594165,0.9634423229653979,0.961397428303017,0.950510414050496,0.9339232665724327,0.9103781521557,0.8610342842515781,0.7604049091947664,0.41526620559717325,0.9240196360014533,0.9077317656738066,0.9077317656738066,0.9077317656738066,0.9077317656738066,0.9077317656738066,0.9077317656738066,0.9077317656738066,0.9077317656738066,0.9118759080615806,0.9128580163988477,0.915305691375978,0.9175728272940639,0.9182327762773397,0.9214726555076144,0.9255098244290726,0.9295809817918957,0.9363482144004897,0.9469371123807627,0.9662941943953438,0.9191495961949179,0.4385315296096141,0.4385315296096141,0.4385315296096141,0.4385315296096141,0.4385315296096141,0.4385315296096141,0.4385315296096141,0.4385315296096141,0.43542583032751325,0.43454675935784426,0.4327999640647807,0.4300176236807823,0.4290879799536732,0.4227008056014544,0.4145766818615424,0.4036351862872381,0.3699726631763205,0.3097062365334069,0.14431053134967295,0.4071069736353233,469.0,469.0,469.0,469.0,469.0,469.0,469.0,469.0,465.0,464.0,461.0,458.0,457.0,451.0,442.0,430.0,403.0,343.0,158.0,436.0,8.0,8.0,8.0,8.0,8.0,8.0,8.0,8.0,12.0,13.0,16.0,19.0,20.0,26.0,35.0,47.0,74.0,134.0,319.0,41.0,42.0,42.0,42.0,42.0,42.0,42.0,42.0,42.0,46.0,47.0,50.0,53.0,54.0,60.0,69.0,81.0,108.0,168.0,353.0,75.0,0.8469601677148847,0.9120746697393236,0.8784067085953878,0.9748427672955975,0.9099804305283757,1.0,0.0,0.0,0.7612467954481875,0.9412955465587044,0.10926365795724466,0.8759411084715814,424.11472142878546,465,12,46,15,2,0,0,13.0,421,0.2773279352226721,0.28721174004192873,0.26810176125244617,137,340,374,511,477,24,2
tagging_010_tagging_aria03_rgb,0.36913850523865904,0.922838406527209,0.34065518996227995,0.36913850523865904,0.36913850523865904,0.36913850523865904,0.36913850523865904,0.36913850523865904,0.36913850523865904,0.36913850523865904,0.36913850523865904,0.36913850523865904,0.368251267622501,0.3663275034872878,0.36323076175753577,0.35854656528551887,0.35401069705579397,0.3469303634929845,0.33782192620256624,0.3183344342356992,0.27424445284411425,0.13741614123695103,0.3445979294930992,0.964041095890411,0.964041095890411,0.964041095890411,0.964041095890411,0.964041095890411,0.964041095890411,0.964041095890411,0.964041095890411,0.964041095890411,0.9606837606837607,0.9540034071550255,0.9440677966101695,0.930976430976431,0.9180602006688964,0.8958677685950414,0.865040650406504,0.7978056426332288,0.6527377521613833,0.26460859977949286,0.8873800985622964,0.14134587895755168,0.14134587895755168,0.14134587895755168,0.14134587895755168,0.14134587895755168,0.14134587895755168,0.14134587895755168,0.14134587895755168,0.14134587895755168,0.14115883046577157,0.14066599637355598,0.1397532960669771,0.1380868894212612,0.1365091020595585,0.1343509403202795,0.13192865996480346,0.1270194225321489,0.1152224146170921,0.0713627444013145,0.13411427404424883,0.9690189328743546,0.9690189328743546,0.9690189328743546,0.9690189328743546,0.9690189328743546,0.9690189328743546,0.9690189328743546,0.9690189328743546,0.9690189328743546,0.9672977624784854,0.963855421686747,0.9586919104991394,0.9518072289156626,0.9449225473321858,0.9328743545611016,0.9156626506024096,0.8760757314974182,0.7796901893287436,0.41308089500860584,0.9171120572515626,0.9946996466431095,0.9946996466431095,0.9946996466431095,0.9946996466431095,0.9946996466431095,0.9946996466431095,0.9946996466431095,0.9946996466431095,0.9946996466431095,0.9929328621908127,0.9893992932862191,0.9840989399293286,0.9770318021201413,0.9699646643109541,0.9575971731448764,0.9399293286219081,0.8992932862190812,0.8003533568904594,0.42402826855123676,0.9414171471080526,0.14137092133272317,0.14137092133272317,0.14137092133272317,0.14137092133272317,0.14137092133272317,0.14137092133272317,0.14137092133272317,0.14137092133272317,0.14137092133272317,0.14120574371321837,0.14077140525212087,0.13997949768691192,0.13852407807398162,0.13712924895812337,0.13524369069112482,0.13311058153677016,0.12880598001580176,0.11823900145252221,0.07687407658945762,0.13485376820866005,0.9982776252758491,0.9982776252758491,0.9982776252758491,0.9982776252758491,0.9982776252758491,0.9982776252758491,0.9982776252758491,0.9982776252758491,0.9982776252758491,0.9966569610697724,0.993243661100804,0.9880574098923632,0.9810784613268713,0.9744606882502587,0.9619550029693269,0.9447743877917104,0.9058765160943119,0.8155895024731559,0.5017855789544605,0.9498935156529305,0.922838406527209,0.922838406527209,0.922838406527209,0.922838406527209,0.922838406527209,0.922838406527209,0.922838406527209,0.922838406527209,0.922838406527209,0.9236071556539772,0.9250870971062026,0.9269678594797746,0.9291741810399969,0.9308964730845591,0.9335686082345477,0.9365805129703975,0.9411205923580248,0.9484599546378127,0.9658802659692719,0.9298362294357604,0.3700903035660816,0.3700903035660816,0.3700903035660816,0.3700903035660816,0.3700903035660816,0.3700903035660816,0.3700903035660816,0.3700903035660816,0.3700903035660816,0.36951673962571807,0.3682141812201429,0.36603326953297854,0.3625356528255313,0.3591525141943842,0.3540233703245561,0.3475660318181222,0.33358452228667923,0.29972952184880874,0.17169329144601245,0.3506769382746141,563.0,563.0,563.0,563.0,563.0,563.0,563.0,563.0,563.0,562.0,560.0,557.0,553.0,549.0,542.0,532.0,509.0,453.0,240.0,532.8421052631579,18.0,18.0,18.0,18.0,18.0,18.0,18.0,18.0,18.0,19.0,21.0,24.0,28.0,32.0,39.0,49.0,72.0,128.0,341.0,48.1578947368421,3.0,3.0,3.0,3.0,3.0,3.0,3.0,3.0,3.0,4.0,6.0,9.0,13.0,17.0,24.0,34.0,57.0,113.0,326.0,33.1578947368421,0.9345955249569707,0.9236642736186371,0.9604130808950087,0.9672977624784854,0.9929328621908127,1.0,0.0,0.0,0.8607561476311086,0.979947689625109,0.009501187648456057,0.9583888274370813,519.0993217736741,562,19,4,15,2,0,0,10.0,421,0.2092414995640802,0.20654044750430292,0.21201413427561838,120,461,446,566,581,18,2
tagging_010_tagging_aria04_rgb,0.34368223673657555,0.9149756981978749,0.3144608945162556,0.34368223673657555,0.34368223673657555,0.3430879554139255,0.34281806049342056,0.34198304656639067,0.3411848092887503,0.34063850214096686,0.3401105955787607,0.33961574787641474,0.33746331007025865,0.3341737289987363,0.332456390188642,0.33036424627462097,0.327571126776685,0.321176167744747,0.31445643862027955,0.3008454675518604,0.2590293978440391,0.14200668795676988,0.31980769225570627,0.8913362701908958,0.8913362701908958,0.8885630498533724,0.8857979502196194,0.8802919708029197,0.8748180494905385,0.872093023255814,0.8693759071117562,0.8666666666666667,0.861271676300578,0.8479196556671449,0.8373751783166904,0.8321479374110953,0.8243626062322946,0.803921568627451,0.7839335180055401,0.738191632928475,0.6039850560398505,0.26398429833169773,0.8061774887180682,0.1325173044096574,0.1325173044096574,0.13247157325474174,0.13267610584482872,0.13285637949435927,0.13306432595577108,0.1330529955481649,0.13305546689145778,0.13308329562191137,0.13222481219019175,0.13170125306867317,0.13199250973673096,0.1311552072773824,0.13016461722853848,0.12831367480700717,0.12613678267173012,0.12260772312935037,0.11108922029855409,0.07639052607255013,0.12721426725848728,0.9902120717781403,0.9902120717781403,0.9885807504078303,0.9869494290375204,0.9836867862969005,0.9804241435562806,0.9787928221859706,0.9771615008156607,0.9755301794453507,0.9722675367047309,0.964110929853181,0.9575856443719413,0.9543230016313213,0.9494290375203915,0.9363784665579119,0.9233278955954323,0.8923327895595432,0.7911908646003263,0.43882544861337686,0.9279642826478922,0.8992592592592593,0.8992592592592593,0.8977777777777778,0.8962962962962963,0.8933333333333333,0.8903703703703704,0.8888888888888888,0.8874074074074074,0.8859259259259259,0.882962962962963,0.8755555555555555,0.8696296296296296,0.8666666666666667,0.8622222222222222,0.8503703703703703,0.8385185185185186,0.8103703703703704,0.7185185185185186,0.3985185185185185,0.842729044834308,0.13281055832725291,0.13281055832725291,0.13276588314143942,0.1329709161214541,0.13315162107677228,0.13336255012574502,0.1333555769286188,0.1333609927095287,0.13339441896318469,0.13264219171294409,0.13221054718796413,0.1325112532289105,0.13177167731071077,0.13089721262377835,0.12925895080592423,0.12737323355922067,0.12429460725517923,0.11393733416874703,0.08163293345413163,0.12813226405414524,0.9587961059734645,0.9587961059734645,0.9581093008678102,0.9572136137618066,0.957361917621713,0.9575091121113867,0.9564238012112825,0.9554800360539812,0.9538169591911951,0.9503604021155215,0.9474087539472532,0.945614982746477,0.9422308156072591,0.9384772814668042,0.9253864815208469,0.9151939293734084,0.8855232391801232,0.7974170643509517,0.5260715034403347,0.9151153371850045,0.9149756981978749,0.9149756981978749,0.9162488492807714,0.9174634317372743,0.9197580985777704,0.9218921089618701,0.9229115278574155,0.9238342614316953,0.9246441443611894,0.9261174231007612,0.9295471245993415,0.9319993663907241,0.933101940770084,0.9343882311937027,0.9373501270320008,0.9396761265076333,0.9438606959640093,0.9518544134311887,0.968108331326103,0.9301425052062782,0.36224333609597476,0.36224333609597476,0.36188236665507545,0.36186269068594973,0.3615094258575393,0.36119174660155323,0.3608757639588529,0.36057825741354027,0.36031482242508683,0.35854970706919204,0.35633497942086406,0.3555195247641362,0.3537858548451728,0.3515424117435924,0.34662683400769184,0.3412705819455685,0.33076712593841207,0.2964671588149168,0.18309043359389007,0.3435082293648939,607.0,607.0,606.0,605.0,603.0,601.0,600.0,599.0,598.0,596.0,591.0,587.0,585.0,582.0,574.0,566.0,547.0,485.0,269.0,568.8421052631579,6.0,6.0,7.0,8.0,10.0,12.0,13.0,14.0,15.0,17.0,22.0,26.0,28.0,31.0,39.0,47.0,66.0,128.0,344.0,44.1578947368421,68.0,68.0,69.0,70.0,72.0,74.0,75.0,76.0,77.0,79.0,84.0,88.0,90.0,93.0,101.0,109.0,128.0,190.0,406.0,106.15789473684211,0.8140293637846656,0.9261174231007612,0.8433931484502447,0.9722675367047309,0.882962962962963,1.0,0.0,0.0,0.7421957327374448,0.9254658385093167,0.1876484560570071,0.8413453955871071,551.9659841680536,596,17,79,18,2,0,0,14.0,421,0.18633540372670807,0.19575856443719414,0.17777777777777778,120,493,555,675,613,24,2
COMBINED,0.6968534530880146,0.9191485740800814,0.6405118577486295,0.6968534530880146,0.6966792731795369,0.6964736672049542,0.6962785454117054,0.6961334688770002,0.6957594771344092,0.6955892312058491,0.6949280395215129,0.694233097920411,0.692921509385995,0.6914061072675147,0.6888837956903064,0.684890681476104,0.6787272111878858,0.667660976479092,0.646735627111654,0.6026144206965465,0.4999212129908415,0.24955042567194474,0.6508547485000673,0.9807036871277585,0.9802605538059098,0.979749492446922,0.9792046510027864,0.9786601093647901,0.9777418744951101,0.9770962199312715,0.9752635012188005,0.973366489452924,0.9698868402581617,0.9657475741424081,0.959421030225628,0.9505526173040413,0.9366006361815642,0.9124603187793974,0.8715254623229185,0.7920138294061765,0.6179956972313231,0.25041565695532636,0.8962455916659587,0.4951594874726202,0.49513571447257154,0.4951016283748637,0.49509958138389276,0.49516865135666094,0.4951012763694079,0.49518601003653223,0.495173847385548,0.49514709975176363,0.4950476676660167,0.49499726218968115,0.4946325638214131,0.49347635999698164,0.49185384827945167,0.48853760578796984,0.4799251306561686,0.4585073221558602,0.4044060829515547,0.248688183918782,0.4740181749488285,0.9889772253853631,0.9887515622830162,0.9884911817803083,0.9882134425774198,0.9879357033745313,0.987467018469657,0.9871372031662269,0.9861998333564783,0.9852277461463685,0.9834398000277739,0.9813046799055687,0.9780238855714484,0.9733891126232468,0.9660116650465214,0.9529926399111235,0.9301485904735454,0.8827940563810582,0.7629148729343147,0.40001388696014445,0.9315491634933744,0.991541795019057,0.9913155467376739,0.9910544910283855,0.9907760316051445,0.9904975721819036,0.9900276719051846,0.989697001340086,0.9887572007866479,0.9877825928053047,0.9859900102681912,0.9838493534520266,0.9805600515149933,0.9759132598896605,0.9685166814598235,0.9554638959954054,0.9325606084338398,0.885083276771263,0.764893228214901,0.40105118432273446,0.9339648133543278,0.49654575810860835,0.49654643207509536,0.4965414702872789,0.4965610480892888,0.49663792210485946,0.4966264312597667,0.49671812222098033,0.49678597762405313,0.49684905833054255,0.49692893017634293,0.49706079303225875,0.49705484109401427,0.49659910376617294,0.4959990826675288,0.4946238981111351,0.49020567844220586,0.4777135092409237,0.44153309487745224,0.31288258758485177,0.48265335468912424,0.9824991503815885,0.9823675102831553,0.9822766003344077,0.9820928191334584,0.9819685218691278,0.9816485644433598,0.9813916809623765,0.9808288721358224,0.9801432019996862,0.978818851698333,0.9771907595879145,0.9746031771032551,0.9708890874290725,0.9649694982676181,0.954629725851158,0.9361433118996492,0.8982093047912613,0.8045812048449736,0.5221296492572295,0.9377569206459709,0.9191485740800814,0.9193406933694375,0.9195500869767333,0.9197587468429793,0.9199533515232687,0.920261781096028,0.9204600149571975,0.9209752610537895,0.9214625429777371,0.9222699987241817,0.9231301758197182,0.9242931872976086,0.9257100776074338,0.927607536911235,0.9303442068295387,0.9340932395538312,0.9397768368411492,0.9492751201451183,0.9671613652001514,0.9276090946214325,0.6997867218259506,0.6996900822699094,0.6995738658166298,0.6994741322865458,0.69942461342668,0.6992111134822021,0.6991541553867112,0.6988135414930893,0.6984501851237075,0.6977460707834071,0.6969527458351663,0.6955303458504063,0.6930689115506565,0.6893014978483452,0.6823289108895629,0.6681329836287588,0.6362134380900709,0.5554524420585882,0.31540248428065887,0.6644056969435287,56973.0,56960.0,56945.0,56929.0,56913.0,56886.0,56867.0,56813.0,56757.0,56654.0,56531.0,56342.0,56075.0,55650.0,54900.0,53584.0,50856.0,43950.0,23044.0,53664.68421052631,635.0,648.0,663.0,679.0,695.0,722.0,741.0,795.0,851.0,954.0,1077.0,1266.0,1533.0,1958.0,2708.0,4024.0,6752.0,13658.0,34564.0,3943.315789473684,486.0,499.0,514.0,530.0,546.0,573.0,592.0,646.0,702.0,805.0,928.0,1117.0,1384.0,1809.0,2559.0,3875.0,6603.0,13509.0,34415.0,3794.315789473684,0.9606304679905568,0.9222548985604041,0.9720004166088043,0.9847069851409527,0.987260481386728,0.9939393939393939,0.006060606060606061,0.0,0.8840743235424948,0.985982080005562,0.02216368425833409,0.9719515303204418,52316.75363063604,56727,881,732,655,164,1,0,629.0,33027,0.5855892653845151,0.5848319677822524,0.5863485267756139,33691,23917,23768,57459,57608,823,165
