seq,HOTA(0),LocA(0),HOTALocA(0),HOTA___5,HOTA___10,HOTA___15,HOTA___20,HOTA___25,HOTA___30,HOTA___35,HOTA___40,HOTA___45,HOTA___50,HOTA___55,HOTA___60,HOTA___65,HOTA___70,HOTA___75,HOTA___80,HOTA___85,HOTA___90,HOTA___95,HOTA___AUC,DetA___5,DetA___10,DetA___15,DetA___20,DetA___25,DetA___30,DetA___35,DetA___40,DetA___45,DetA___50,DetA___55,DetA___60,DetA___65,DetA___70,DetA___75,DetA___80,DetA___85,DetA___90,DetA___95,DetA___AUC,AssA___5,AssA___10,AssA___15,AssA___20,AssA___25,AssA___30,AssA___35,AssA___40,AssA___45,AssA___50,AssA___55,AssA___60,AssA___65,AssA___70,AssA___75,AssA___80,AssA___85,AssA___90,AssA___95,AssA___AUC,DetRe___5,DetRe___10,DetRe___15,DetRe___20,DetRe___25,DetRe___30,DetRe___35,DetRe___40,DetRe___45,DetRe___50,DetRe___55,DetRe___60,DetRe___65,DetRe___70,DetRe___75,DetRe___80,DetRe___85,DetRe___90,DetRe___95,DetRe___AUC,DetPr___5,DetPr___10,DetPr___15,DetPr___20,DetPr___25,DetPr___30,DetPr___35,DetPr___40,DetPr___45,DetPr___50,DetPr___55,DetPr___60,DetPr___65,DetPr___70,DetPr___75,DetPr___80,DetPr___85,DetPr___90,DetPr___95,DetPr___AUC,AssRe___5,AssRe___10,AssRe___15,AssRe___20,AssRe___25,AssRe___30,AssRe___35,AssRe___40,AssRe___45,AssRe___50,AssRe___55,AssRe___60,AssRe___65,AssRe___70,AssRe___75,AssRe___80,AssRe___85,AssRe___90,AssRe___95,AssRe___AUC,AssPr___5,AssPr___10,AssPr___15,AssPr___20,AssPr___25,AssPr___30,AssPr___35,AssPr___40,AssPr___45,AssPr___50,AssPr___55,AssPr___60,AssPr___65,AssPr___70,AssPr___75,AssPr___80,AssPr___85,AssPr___90,AssPr___95,AssPr___AUC,LocA___5,LocA___10,LocA___15,LocA___20,LocA___25,LocA___30,LocA___35,LocA___40,LocA___45,LocA___50,LocA___55,LocA___60,LocA___65,LocA___70,LocA___75,LocA___80,LocA___85,LocA___90,LocA___95,LocA___AUC,OWTA___5,OWTA___10,OWTA___15,OWTA___20,OWTA___25,OWTA___30,OWTA___35,OWTA___40,OWTA___45,OWTA___50,OWTA___55,OWTA___60,OWTA___65,OWTA___70,OWTA___75,OWTA___80,OWTA___85,OWTA___90,OWTA___95,OWTA___AUC,HOTA_TP___5,HOTA_TP___10,HOTA_TP___15,HOTA_TP___20,HOTA_TP___25,HOTA_TP___30,HOTA_TP___35,HOTA_TP___40,HOTA_TP___45,HOTA_TP___50,HOTA_TP___55,HOTA_TP___60,HOTA_TP___65,HOTA_TP___70,HOTA_TP___75,HOTA_TP___80,HOTA_TP___85,HOTA_TP___90,HOTA_TP___95,HOTA_TP___AUC,HOTA_FN___5,HOTA_FN___10,HOTA_FN___15,HOTA_FN___20,HOTA_FN___25,HOTA_FN___30,HOTA_FN___35,HOTA_FN___40,HOTA_FN___45,HOTA_FN___50,HOTA_FN___55,HOTA_FN___60,HOTA_FN___65,HOTA_FN___70,HOTA_FN___75,HOTA_FN___80,HOTA_FN___85,HOTA_FN___90,HOTA_FN___95,HOTA_FN___AUC,HOTA_FP___5,HOTA_FP___10,HOTA_FP___15,HOTA_FP___20,HOTA_FP___25,HOTA_FP___30,HOTA_FP___35,HOTA_FP___40,HOTA_FP___45,HOTA_FP___50,HOTA_FP___55,HOTA_FP___60,HOTA_FP___65,HOTA_FP___70,HOTA_FP___75,HOTA_FP___80,HOTA_FP___85,HOTA_FP___90,HOTA_FP___95,HOTA_FP___AUC,MOTA,MOTP,MODA,CLR_Re,CLR_Pr,MTR,PTR,MLR,sMOTA,CLR_F1,FP_per_frame,MOTAL,MOTP_sum,CLR_TP,CLR_FN,CLR_FP,IDSW,MT,PT,ML,Frag,CLR_Frames,IDF1,IDR,IDP,IDTP,IDFN,IDFP,Dets,GT_Dets,IDs,GT_IDs
fencing_001_fencing_aria01_rgb,0.8545579011925765,0.9245886519849115,0.7901145379066994,0.8545579011925765,0.8545579011925765,0.8545579011925765,0.8545579011925765,0.8545579011925765,0.853498608770031,0.8524439591078586,0.8513939326120133,0.8513939326120133,0.848505097761324,0.848505097761324,0.8454116205469352,0.8409192397015638,0.831801145290683,0.8127776154006218,0.7914855790785983,0.7589443568041545,0.6683382322331872,0.3091654137329271,0.8019670177566378,0.9991489361702127,0.9991489361702127,0.9991489361702127,0.9991489361702127,0.9991489361702127,0.9974489795918368,0.9957519116397621,0.9940577249575552,0.9940577249575552,0.9889923793395428,0.9889923793395428,0.9839527027027027,0.975609756097561,0.9591326105087573,0.9285714285714286,0.8897827835880934,0.8394675019577134,0.7096069868995634,0.2601931330472103,0.9211243517920993,0.7308912415898867,0.7308912415898867,0.7308912415898867,0.7308912415898867,0.7308912415898867,0.7303229439068346,0.7297607917446491,0.729204763757055,0.729204763757055,0.7279741643790519,0.7279741643790519,0.7263771990184218,0.7248237968927624,0.7213738097590987,0.7114234099498841,0.7040475871686297,0.68614512816946,0.6294695527396258,0.367355017902448,0.6999954369196558,1.0,1.0,1.0,1.0,1.0,0.9991482112436116,0.9982964224872232,0.9974446337308348,0.9974446337308348,0.9948892674616695,0.9948892674616695,0.9923339011925043,0.9880749574105622,0.979557069846678,0.9633730834752982,0.9420783645655877,0.9131175468483816,0.8304940374787053,0.4131175468483816,0.9475925759885234,0.9991489361702127,0.9991489361702127,0.9991489361702127,0.9991489361702127,0.9991489361702127,0.9982978723404256,0.9974468085106383,0.9965957446808511,0.9965957446808511,0.9940425531914894,0.9940425531914894,0.9914893617021276,0.9872340425531915,0.9787234042553191,0.9625531914893617,0.9412765957446808,0.9123404255319149,0.8297872340425532,0.4127659574468085,0.9467861142217244,0.7308912415898867,0.7308912415898867,0.7308912415898867,0.7308912415898867,0.7308912415898867,0.7305785050191259,0.7302682129263979,0.7299603715742427,0.7299603715742427,0.7293355088574912,0.7293355088574912,0.7284407792733075,0.7277817897334056,0.7260763335609682,0.7205639168474774,0.7168665611006998,0.7076680424744238,0.6772832498929493,0.5044796578009202,0.712792369339083,1.0,1.0,1.0,1.0,1.0,0.9991501914775571,0.9983043501814833,0.9974624862754666,0.9974624862754666,0.9949349454128046,0.9949349454128046,0.9924530693270088,0.9883491808912819,0.9803317123276678,0.965273442570703,0.9465518686248061,0.9195006242156052,0.8456721660622137,0.5359556975886509,0.9555966929812382,0.9245886519849115,0.9245886519849115,0.9245886519849115,0.9245886519849115,0.9245886519849115,0.925153829788239,0.9256786760236154,0.9261702524432427,0.9261702524432427,0.9273020241061459,0.9273020241061459,0.928202116479045,0.9295286854049019,0.9317527283765505,0.9352774430210589,0.9388379168843981,0.9424467982996637,0.9485358558946341,0.9669862650155555,0.9316993751689997,0.8549217751290973,0.8549217751290973,0.8549217751290973,0.8549217751290973,0.8549217751290973,0.8542252999265957,0.8535324174687958,0.8528431148226711,0.8528431148226711,0.8510309530975333,0.8510309530975333,0.8490045463006866,0.8462743303710554,0.8406109774156876,0.8278684461313469,0.8144126714977921,0.791537210885291,0.7230288447390233,0.3895648903819524,0.8143377182423223,1174.0,1174.0,1174.0,1174.0,1174.0,1173.0,1172.0,1171.0,1171.0,1168.0,1168.0,1165.0,1160.0,1150.0,1131.0,1106.0,1072.0,975.0,485.0,1112.4736842105262,0.0,0.0,0.0,0.0,0.0,1.0,2.0,3.0,3.0,6.0,6.0,9.0,14.0,24.0,43.0,68.0,102.0,199.0,689.0,61.526315789473685,1.0,1.0,1.0,1.0,1.0,2.0,3.0,4.0,4.0,7.0,7.0,10.0,15.0,25.0,44.0,69.0,103.0,200.0,690.0,62.526315789473685,0.9863713798977853,0.9273188496180494,0.9889267461669506,0.9948892674616695,0.9940425531914894,1.0,0.0,0.0,0.9140616834360151,0.9944657300979141,0.011647254575707155,0.9885203396467466,1083.1084163538817,1168,6,7,3,2,0,0,5.0,601,0.7756492124308216,0.7759795570698467,0.7753191489361703,911,263,264,1175,1174,5,2
fencing_001_fencing_aria02_rgb,1.0,0.9388731525048609,0.9388731525048609,1.0,1.0,1.0,1.0,1.0,1.0,1.0,1.0,1.0,1.0,1.0,1.0,0.9966777408637874,0.9900662251655629,0.9867768595041322,0.9769736842105262,0.932475884244373,0.7886904761904762,0.30227518959913324,0.9459966347251573,1.0,1.0,1.0,1.0,1.0,1.0,1.0,1.0,1.0,1.0,1.0,1.0,0.9966777408637874,0.9900662251655629,0.9867768595041322,0.9769736842105263,0.932475884244373,0.7886904761904762,0.30227518959913324,0.9459966347251573,1.0,1.0,1.0,1.0,1.0,1.0,1.0,1.0,1.0,1.0,1.0,1.0,0.9966777408637874,0.9900662251655629,0.9867768595041322,0.9769736842105262,0.932475884244373,0.7886904761904762,0.30227518959913324,0.9459966347251573,1.0,1.0,1.0,1.0,1.0,1.0,1.0,1.0,1.0,1.0,1.0,1.0,0.9983361064891847,0.9950083194675541,0.9933444259567388,0.9883527454242929,0.9650582362728786,0.8818635607321131,0.46422628951747086,0.9624310359926438,1.0,1.0,1.0,1.0,1.0,1.0,1.0,1.0,1.0,1.0,1.0,1.0,0.9983361064891847,0.9950083194675541,0.9933444259567388,0.9883527454242929,0.9650582362728786,0.8818635607321131,0.46422628951747086,0.9624310359926438,1.0,1.0,1.0,1.0,1.0,1.0,1.0,1.0,1.0,1.0,1.0,1.0,0.9983361064891847,0.9950083194675542,0.9933444259567388,0.9883527454242929,0.9650582362728785,0.8818635607321131,0.46422628951747086,0.9624310359926438,1.0,1.0,1.0,1.0,1.0,1.0,1.0,1.0,1.0,1.0,1.0,1.0,0.9983361064891847,0.9950083194675542,0.9933444259567388,0.9883527454242929,0.9650582362728785,0.8818635607321131,0.46422628951747086,0.9624310359926438,0.9388731525048609,0.9388731525048609,0.9388731525048609,0.9388731525048609,0.9388731525048609,0.9388731525048609,0.9388731525048609,0.9388731525048609,0.9388731525048609,0.9388731525048609,0.9388731525048609,0.9388731525048609,0.9393684436814539,0.9402578291324212,0.9406070037206908,0.9414769945959048,0.943962465481287,0.9497698200822988,0.9671066289591712,0.9415277376690296,1.0,1.0,1.0,1.0,1.0,1.0,1.0,1.0,1.0,1.0,1.0,1.0,0.997506579045166,0.9925341963194879,0.9900551969721313,0.9826467437470903,0.9486271829416799,0.8339768531852902,0.3745985713811461,0.9536813328206312,601.0,601.0,601.0,601.0,601.0,601.0,601.0,601.0,601.0,601.0,601.0,601.0,600.0,598.0,597.0,594.0,580.0,530.0,279.0,578.421052631579,0.0,0.0,0.0,0.0,0.0,0.0,0.0,0.0,0.0,0.0,0.0,0.0,1.0,3.0,4.0,7.0,21.0,71.0,322.0,22.57894736842105,0.0,0.0,0.0,0.0,0.0,0.0,0.0,0.0,0.0,0.0,0.0,0.0,1.0,3.0,4.0,7.0,21.0,71.0,322.0,22.57894736842105,1.0,0.9388731525048609,1.0,1.0,1.0,1.0,0.0,0.0,0.9388731525048609,1.0,0.0,1.0,564.2627646554214,601,0,0,0,1,0,0,0.0,601,1.0,1.0,1.0,601,0,0,601,601,1,1
fencing_001_fencing_aria03_rgb,0.7869225084582456,0.9014472584348087,0.7093691378503281,0.7869225084582456,0.7869225084582456,0.7869225084582456,0.7869225084582456,0.7869225084582456,0.7869225084582456,0.7852867292245213,0.7852867292245213,0.7852867292245213,0.7852867292245213,0.784865736017226,0.7827806352657309,0.7812275720803046,0.7743928653183649,0.7611727745852626,0.7394485807280727,0.6465497980952043,0.38450359357119673,0.06642725522641542,0.7149500409755439,0.983754512635379,0.983754512635379,0.983754512635379,0.983754512635379,0.983754512635379,0.983754512635379,0.981965734896303,0.981965734896303,0.981965734896303,0.981965734896303,0.9801801801801802,0.9766187050359713,0.9713004484304932,0.9572573463935886,0.9331574318381706,0.8981001727115717,0.7797570850202429,0.44131147540983606,0.07271839921913129,0.8863574347177196,0.629473132132647,0.629473132132647,0.629473132132647,0.629473132132647,0.629473132132647,0.629473132132647,0.6280007796415302,0.6280007796415302,0.6280007796415302,0.6280007796415302,0.6284703935358334,0.6274153052643533,0.6283498791385167,0.6264609115983941,0.6208855794338297,0.608823180480963,0.5360985484422977,0.33500831432462874,0.060680381915701465,0.5768965476577116,0.9846431797651309,0.9846431797651309,0.9846431797651309,0.9846431797651309,0.9846431797651309,0.9846431797651309,0.983739837398374,0.983739837398374,0.983739837398374,0.983739837398374,0.982836495031617,0.981029810298103,0.978319783197832,0.971093044263776,0.9584462511291779,0.9394760614272809,0.8699186991869918,0.6079494128274616,0.13459801264679314,0.908762420957543,0.999083409715857,0.999083409715857,0.999083409715857,0.999083409715857,0.999083409715857,0.999083409715857,0.998166819431714,0.998166819431714,0.998166819431714,0.998166819431714,0.997250229147571,0.995417048579285,0.9926672777268561,0.9853345554537122,0.9725022914757103,0.9532538955087076,0.8826764436296975,0.6168652612282309,0.13657195233730524,0.922089825847846,0.629473132132647,0.629473132132647,0.629473132132647,0.629473132132647,0.629473132132647,0.629473132132647,0.6285842434347084,0.6285842434347084,0.6285842434347084,0.6285842434347084,0.6290572767001513,0.6285180053308546,0.6295240153166017,0.6292397244603322,0.6268807186456885,0.6208923248414521,0.5750183256353496,0.42170317349228775,0.09824049445563127,0.5868552539691086,1.0,1.0,1.0,1.0,1.0,1.0,0.9990837992069266,0.9990837992069266,0.9990837992069266,0.9990837992069266,0.9981925618900211,0.9963582102627553,0.993952374654439,0.9891261157949914,0.976680937478337,0.9594780394098822,0.8893242279436295,0.6304257433904286,0.1466337848689799,0.9250793259221668,0.9014472584348087,0.9014472584348087,0.9014472584348087,0.9014472584348087,0.9014472584348087,0.9014472584348087,0.9019735080105205,0.9019735080105205,0.9019735080105205,0.9019735080105205,0.9023023273272588,0.9028868094064739,0.9036582917375883,0.9053903201832647,0.9077672630421986,0.91043189239426,0.9169218113276437,0.9334481649831053,0.9622473135366062,0.9085069356099651,0.7872778584463086,0.7872778584463086,0.7872778584463086,0.7872778584463086,0.7872778584463086,0.7872778584463086,0.7859957918784369,0.7859957918784369,0.7859957918784369,0.7859957918784369,0.7859285201682781,0.7845464408826381,0.7840453542564854,0.7799691235916617,0.7714178219282476,0.756290158407397,0.6829071327032381,0.45129603143167096,0.09037399411612737,0.7239170997724919,1090.0,1090.0,1090.0,1090.0,1090.0,1090.0,1089.0,1089.0,1089.0,1089.0,1088.0,1086.0,1083.0,1075.0,1061.0,1040.0,963.0,673.0,149.0,1006.0,17.0,17.0,17.0,17.0,17.0,17.0,18.0,18.0,18.0,18.0,19.0,21.0,24.0,32.0,46.0,67.0,144.0,434.0,958.0,101.0,1.0,1.0,1.0,1.0,1.0,1.0,2.0,2.0,2.0,2.0,3.0,5.0,8.0,16.0,30.0,51.0,128.0,418.0,942.0,85.0,0.978319783197832,0.9019735080105205,0.98193315266486,0.983739837398374,0.998166819431714,1.0,0.0,0.0,0.8818872179073683,0.9909008189262967,0.0033277870216306157,0.9813892863673641,982.2491502234568,1089,18,2,4,2,0,0,4.0,601,0.7661510464058234,0.7606142728093948,0.7717690192483959,842,265,249,1091,1107,7,2
fencing_002_fencing_aria01_rgb,0.8216683829984649,0.9397595819586533,0.77217073611528,0.8216683829984649,0.8216683829984649,0.8216683829984649,0.8216683829984649,0.8216683829984649,0.8216683829984649,0.8216683829984649,0.8216683829984649,0.8216683829984649,0.8216683829984649,0.8195355400615485,0.8195355400615485,0.811116355098246,0.800840198641186,0.7868520032607497,0.764992118708138,0.7358659528677999,0.6423301658790684,0.3515367301433159,0.7762783386687498,0.9989550679205852,0.9989550679205852,0.9989550679205852,0.9989550679205852,0.9989550679205852,0.9989550679205852,0.9989550679205852,0.9989550679205852,0.9989550679205852,0.9989550679205852,0.9968684759916493,0.9968684759916493,0.9885654885654885,0.9782833505687694,0.9620512820512821,0.9381965552178319,0.9015904572564613,0.782851817334576,0.37526959022286127,0.9426366406529696,0.6758451438908804,0.6758451438908804,0.6758451438908804,0.6758451438908804,0.6758451438908804,0.6758451438908804,0.6758451438908804,0.6758451438908804,0.6758451438908804,0.6758451438908804,0.6737483605907508,0.6737483605907508,0.6655196333654733,0.655582069741634,0.6435582869504994,0.6237636862242479,0.6006038509300718,0.5270321060286933,0.32930478743685365,0.6395427674088305,0.9989550679205852,0.9989550679205852,0.9989550679205852,0.9989550679205852,0.9989550679205852,0.9989550679205852,0.9989550679205852,0.9989550679205852,0.9989550679205852,0.9989550679205852,0.9979101358411703,0.9979101358411703,0.9937304075235109,0.9885057471264368,0.9801462904911181,0.96760710553814,0.9477533960292581,0.877742946708464,0.5454545454545454,0.9624374415662983,1.0,1.0,1.0,1.0,1.0,1.0,1.0,1.0,1.0,1.0,0.9989539748953975,0.9989539748953975,0.9947698744769874,0.9895397489539749,0.9811715481171548,0.9686192468619247,0.948744769874477,0.8786610878661087,0.5460251046025104,0.9634441752917859,0.6758451438908804,0.6758451438908804,0.6758451438908804,0.6758451438908804,0.6758451438908804,0.6758451438908804,0.6758451438908804,0.6758451438908804,0.6758451438908804,0.6758451438908804,0.674628022275612,0.674628022275612,0.669789722949736,0.6638104878281301,0.6566583056675698,0.6439682385090891,0.6287900765926087,0.5759861690034104,0.3897021758793459,0.6492848768363114,1.0,1.0,1.0,1.0,1.0,1.0,1.0,1.0,1.0,1.0,0.9989558972192466,0.9989558972192466,0.9948181347103155,0.9897338101882034,0.9817517631487234,0.9700342026250958,0.9520618415502077,0.8891050432213353,0.6622502820968517,0.970403519577854,0.9397595819586533,0.9397595819586533,0.9397595819586533,0.9397595819586533,0.9397595819586533,0.9397595819586533,0.9397595819586533,0.9397595819586533,0.9397595819586533,0.9397595819586533,0.9402021193210462,0.9402021193210462,0.941506037046103,0.9428890735031431,0.9447459657610766,0.946974123432798,0.9495458710580766,0.9549434401038392,0.9693621844068887,0.9435771975547659,0.8216683829984649,0.8216683829984649,0.8216683829984649,0.8216683829984649,0.8216683829984649,0.8216683829984649,0.8216683829984649,0.8216683829984649,0.8216683829984649,0.8216683829984649,0.8199636077533453,0.8199636077533453,0.8132324984155327,0.805013443150268,0.7942173932050032,0.7768900662045082,0.7544695748585399,0.6801460973611426,0.42381693353071054,0.7844419501166865,956.0,956.0,956.0,956.0,956.0,956.0,956.0,956.0,956.0,956.0,955.0,955.0,951.0,946.0,938.0,926.0,907.0,840.0,522.0,921.0526315789474,1.0,1.0,1.0,1.0,1.0,1.0,1.0,1.0,1.0,1.0,2.0,2.0,6.0,11.0,19.0,31.0,50.0,117.0,435.0,35.94736842105263,0.0,0.0,0.0,0.0,0.0,0.0,0.0,0.0,0.0,0.0,1.0,1.0,5.0,10.0,18.0,30.0,49.0,116.0,434.0,34.94736842105263,0.9947753396029259,0.9397595819586533,0.9989550679205852,0.9989550679205852,1.0,1.0,0.0,0.0,0.9345978687068679,0.9994772608468374,0.0,0.9983259561219144,898.4101603524725,956,1,0,4,2,0,0,4.0,601,0.7736539466806064,0.7732497387669801,0.7740585774058577,740,217,216,956,957,6,2
fencing_002_fencing_aria02_rgb,0.7074822031496592,0.932977834949973,0.6600652141602059,0.7074822031496592,0.7074822031496592,0.7074822031496592,0.7074822031496592,0.7065022336215359,0.7065022336215359,0.7065022336215359,0.7065022336215359,0.7055365278541401,0.7055365278541401,0.7055365278541401,0.7055365278541401,0.7055365278541401,0.7038782730946362,0.6978616461253879,0.6907411294559864,0.6716043414036121,0.5672472752969802,0.24714583378819577,0.6716894150273831,0.9962453066332916,0.9962453066332916,0.9962453066332916,0.9962453066332916,0.99375,0.99375,0.99375,0.99375,0.9912609238451935,0.9912609238451935,0.9912609238451935,0.9912609238451935,0.9912609238451935,0.9887780548628429,0.9691358024691358,0.9451219512195121,0.9033412887828163,0.7393675027262814,0.28732849071832123,0.9341767861335811,0.5024174913957575,0.5024174913957575,0.5024174913957575,0.5024174913957575,0.5022846853959438,0.5022846853959438,0.5022846853959438,0.5022846853959438,0.5021702966011551,0.5021702966011551,0.5021702966011551,0.5021702966011551,0.5021702966011551,0.5010675761846396,0.5025207776784679,0.5048272419305136,0.49931559311313944,0.43519558290752886,0.21258268891525456,0.48342998162642764,1.0,1.0,1.0,1.0,0.9987437185929648,0.9987437185929648,0.9987437185929648,0.9987437185929648,0.9974874371859297,0.9974874371859297,0.9974874371859297,0.9974874371859297,0.9974874371859297,0.9962311557788944,0.9861809045226131,0.9736180904522613,0.9510050251256281,0.8517587939698492,0.4472361809045226,0.9572864321608041,0.9962453066332916,0.9962453066332916,0.9962453066332916,0.9962453066332916,0.9949937421777222,0.9949937421777222,0.9949937421777222,0.9949937421777222,0.9937421777221527,0.9937421777221527,0.9937421777221527,0.9937421777221527,0.9937421777221527,0.9924906132665833,0.9824780976220275,0.9699624530663329,0.9474342928660826,0.8485607008760951,0.4455569461827284,0.9536921151439298,0.5136197414473852,0.5136197414473852,0.5136197414473852,0.5136197414473852,0.5135898503327655,0.5135898503327655,0.5135898503327655,0.5135898503327655,0.5135716544475705,0.5135716544475705,0.5135716544475705,0.5135716544475705,0.5135716544475705,0.5128520822087118,0.514703460707549,0.517664659926423,0.5148394772511935,0.4654235260424409,0.2690367469894735,0.4984850838149604,0.9614740368509211,0.9614740368509211,0.9614740368509211,0.9614740368509211,0.9601894021542688,0.9601894021542688,0.9601894021542688,0.9601894021542688,0.9589449607689857,0.9589449607689857,0.9589449607689857,0.9589449607689857,0.9589449607689857,0.9576361455328332,0.95500805793185,0.9568508315380897,0.9486312776758787,0.8708644982053239,0.49757300509892965,0.9298917039920312,0.932977834949973,0.932977834949973,0.932977834949973,0.932977834949973,0.933866951993825,0.933866951993825,0.933866951993825,0.933866951993825,0.9344920381120108,0.9344920381120108,0.9344920381120108,0.9344920381120108,0.9344920381120108,0.9348051776561845,0.9368310308096849,0.9388915451641521,0.9415128644055906,0.948716239188366,0.965165171342072,0.9371453351000681,0.7088141444664867,0.7088141444664867,0.7088141444664867,0.7088141444664867,0.7082751403830593,0.7082751403830593,0.7082751403830593,0.7082751403830593,0.7077489400822755,0.7077489400822755,0.7077489400822755,0.7077489400822755,0.7077489400822755,0.7065261003995201,0.7039718709382914,0.701076982432506,0.6890947962176025,0.6088363202358433,0.30834180695596997,0.6802605114204892,796.0,796.0,796.0,796.0,795.0,795.0,795.0,795.0,794.0,794.0,794.0,794.0,794.0,793.0,785.0,775.0,757.0,678.0,356.0,762.0,0.0,0.0,0.0,0.0,1.0,1.0,1.0,1.0,2.0,2.0,2.0,2.0,2.0,3.0,11.0,21.0,39.0,118.0,440.0,34.0,3.0,3.0,3.0,3.0,4.0,4.0,4.0,4.0,5.0,5.0,5.0,5.0,5.0,6.0,14.0,24.0,42.0,121.0,443.0,37.0,0.9874371859296482,0.9344920381120108,0.9912060301507538,0.9974874371859297,0.9937421777221527,1.0,0.0,0.0,0.9220938169107242,0.9956112852664577,0.008319467554076539,0.9906066315895481,741.9866782609365,794,2,5,3,2,0,0,1.0,601,0.5918495297805643,0.592964824120603,0.590738423028786,472,324,327,799,796,5,2
fencing_002_fencing_aria03_rgb,0.9408446094930493,0.9054783896891574,0.8519144619514903,0.9408446094930493,0.9408446094930493,0.9408446094930493,0.9408446094930493,0.9408446094930493,0.9408446094930493,0.9408446094930493,0.9408446094930493,0.9408446094930493,0.9408446094930493,0.9408446094930493,0.9408446094930493,0.9342260241203543,0.9310423918026016,0.9102992579030206,0.8659373086718959,0.7510720575221755,0.4463331972830817,0.09041145945365375,0.8536556321407041,0.9983361064891847,0.9983361064891847,0.9983361064891847,0.9983361064891847,0.9983361064891847,0.9983361064891847,0.9983361064891847,0.9983361064891847,0.9983361064891847,0.9983361064891847,0.9983361064891847,0.9983361064891847,0.9917081260364843,0.9884105960264901,0.964022894521668,0.9169992019154031,0.7885331347728965,0.4601823708206687,0.09132212630622444,0.9042743014878973,0.8866638935108153,0.8866638935108153,0.8866638935108153,0.8866638935108153,0.8866638935108153,0.8866638935108153,0.8866638935108153,0.8866638935108153,0.8866638935108153,0.8866638935108153,0.8866638935108153,0.8866638935108153,0.8800757412686723,0.877003887674103,0.8595695638016456,0.8177187297258988,0.7153906547669195,0.43290081417432436,0.0895098737969544,0.8059018940704369,0.9983361064891847,0.9983361064891847,0.9983361064891847,0.9983361064891847,0.9983361064891847,0.9983361064891847,0.9983361064891847,0.9983361064891847,0.9983361064891847,0.9983361064891847,0.9983361064891847,0.9983361064891847,0.9950083194675541,0.9933444259567388,0.980865224625624,0.9559068219633944,0.8810316139767055,0.629783693843594,0.16722129783693843,0.9254312987126719,1.0,1.0,1.0,1.0,1.0,1.0,1.0,1.0,1.0,1.0,1.0,1.0,0.9966666666666667,0.995,0.9825,0.9575,0.8825,0.6308333333333334,0.1675,0.9269736842105264,0.8866638935108153,0.8866638935108153,0.8866638935108153,0.8866638935108153,0.8866638935108153,0.8866638935108153,0.8866638935108153,0.8866638935108153,0.8866638935108153,0.8866638935108153,0.8866638935108153,0.8866638935108153,0.8831740855541768,0.8815374710490891,0.872725553537432,0.849661646023671,0.7906699410331223,0.5779117586936788,0.1591791458679978,0.8239382275731028,1.0,1.0,1.0,1.0,1.0,1.0,1.0,1.0,1.0,1.0,1.0,1.0,0.9966696410956603,0.9950035888872882,0.9833345613619277,0.9583576807617669,0.8835856802708928,0.6345148482580005,0.17093955252734513,0.9274950291138359,0.9054783896891574,0.9054783896891574,0.9054783896891574,0.9054783896891574,0.9054783896891574,0.9054783896891574,0.9054783896891574,0.9054783896891574,0.9054783896891574,0.9054783896891574,0.9054783896891574,0.9054783896891574,0.9063945269148913,0.9067730270256785,0.909090174299466,0.9124181363576273,0.9193011861535813,0.9351008063013432,0.9633596622279709,0.9114830629237078,0.9408446094930493,0.9408446094930493,0.9408446094930493,0.9408446094930493,0.9408446094930493,0.9408446094930493,0.9408446094930493,0.9408446094930493,0.9408446094930493,0.9408446094930493,0.9408446094930493,0.9408446094930493,0.9357791856650283,0.9333632322753345,0.9182166918977517,0.8841170240371055,0.7939028802020756,0.5221435375628097,0.12234360328822787,0.8631579720444696,1200.0,1200.0,1200.0,1200.0,1200.0,1200.0,1200.0,1200.0,1200.0,1200.0,1200.0,1200.0,1196.0,1194.0,1179.0,1149.0,1059.0,757.0,201.0,1112.3684210526317,2.0,2.0,2.0,2.0,2.0,2.0,2.0,2.0,2.0,2.0,2.0,2.0,6.0,8.0,23.0,53.0,143.0,445.0,1001.0,89.63157894736842,0.0,0.0,0.0,0.0,0.0,0.0,0.0,0.0,0.0,0.0,0.0,0.0,4.0,6.0,21.0,51.0,141.0,443.0,999.0,87.63157894736842,0.9966722129783694,0.9054783896891574,0.9983361064891847,0.9983361064891847,1.0,1.0,0.0,0.0,0.9023078765615548,0.9991673605328892,0.0,0.9980856655610116,1086.5740676269888,1200,2,0,2,2,0,0,2.0,601,0.9350541215653622,0.9342762063227953,0.9358333333333333,1123,79,77,1200,1202,4,2
fencing_003_fencing_aria01_rgb,0.9729902834384678,0.9590082091659727,0.9331056692562173,0.9729902834384678,0.9729902834384678,0.9729902834384678,0.9729902834384678,0.9729902834384678,0.9729902834384678,0.9697429960801713,0.9697429960801713,0.9697429960801713,0.9697429960801713,0.9697429960801713,0.9697429960801713,0.9665063844623037,0.9665063844623037,0.9624672733145837,0.9592556882918679,0.9592556882918679,0.916186321701194,0.6421031660456258,0.9488779254569253,0.983633387888707,0.983633387888707,0.983633387888707,0.983633387888707,0.983633387888707,0.983633387888707,0.9803921568627451,0.9803921568627451,0.9803921568627451,0.9803921568627451,0.9803921568627451,0.9803921568627451,0.9771615008156607,0.9771615008156607,0.9707317073170731,0.9675324675324676,0.9675324675324676,0.9177215189873418,0.6422764227642277,0.9581195186459794,0.9624623394471288,0.9624623394471288,0.9624623394471288,0.9624623394471288,0.9624623394471288,0.9624623394471288,0.9592095080154782,0.9592095080154782,0.9592095080154782,0.9592095080154782,0.9592095080154782,0.9592095080154782,0.9559674531043736,0.9559674531043736,0.9542731995041707,0.9510497129538724,0.9510497129538724,0.914653692547817,0.6419299560637396,0.9397327507898874,1.0,1.0,1.0,1.0,1.0,1.0,0.9983361064891847,0.9983361064891847,0.9983361064891847,0.9983361064891847,0.9983361064891847,0.9983361064891847,0.9966722129783694,0.9966722129783694,0.9933444259567388,0.9916805324459235,0.9916805324459235,0.9650582362728786,0.7886855241264559,0.9849373850599877,0.983633387888707,0.983633387888707,0.983633387888707,0.983633387888707,0.983633387888707,0.983633387888707,0.9819967266775778,0.9819967266775778,0.9819967266775778,0.9819967266775778,0.9819967266775778,0.9819967266775778,0.9803600654664485,0.9803600654664485,0.9770867430441899,0.9754500818330606,0.9754500818330606,0.9492635024549918,0.7757774140752864,0.9688172969247999,0.964064329832974,0.964064329832974,0.964064329832974,0.964064329832974,0.964064329832974,0.964064329832974,0.9624015529672768,0.9624015529672768,0.9624015529672768,0.9624015529672768,0.9624015529672768,0.9624015529672768,0.9607387798299439,0.9607387798299439,0.9606239740020123,0.9589610157567366,0.9589610157567366,0.9420448677491537,0.7722221052114268,0.9512150439440766,0.9955231020883022,0.9955231020883022,0.9955231020883022,0.9955231020883022,0.9955231020883022,0.9955231020883022,0.9938574341620027,0.9938574341620027,0.9938574341620027,0.9938574341620027,0.9938574341620027,0.9938574341620027,0.9921918543140036,0.9921918543140036,0.9894796992468089,0.9878097464374848,0.9878097464374848,0.9643404381370423,0.7892563503949483,0.9810191003570318,0.9590082091659727,0.9590082091659727,0.9590082091659727,0.9590082091659727,0.9590082091659727,0.9590082091659727,0.9600922736890396,0.9600922736890396,0.9600922736890396,0.9600922736890396,0.9600922736890396,0.9600922736890396,0.9606340798558962,0.9606340798558962,0.9614280756555614,0.961709892666117,0.961709892666117,0.9638767200538413,0.9702876737627535,0.9607833321919083,0.9810516497346757,0.9810516497346757,0.9810516497346757,0.9810516497346757,0.9810516497346757,0.9810516497346757,0.9785772762227718,0.9785772762227718,0.9785772762227718,0.9785772762227718,0.9785772762227718,0.9785772762227718,0.9761076769602991,0.9761076769602991,0.9736128406956077,0.9711526583007631,0.9711526583007631,0.9395180037288652,0.7115341621107192,0.9619452227790526,601.0,601.0,601.0,601.0,601.0,601.0,600.0,600.0,600.0,600.0,600.0,600.0,599.0,599.0,597.0,596.0,596.0,580.0,474.0,591.9473684210526,0.0,0.0,0.0,0.0,0.0,0.0,1.0,1.0,1.0,1.0,1.0,1.0,2.0,2.0,4.0,5.0,5.0,21.0,127.0,9.052631578947368,10.0,10.0,10.0,10.0,10.0,10.0,11.0,11.0,11.0,11.0,11.0,11.0,12.0,12.0,14.0,15.0,15.0,31.0,137.0,19.05263157894737,0.9816971713810316,0.960174053451007,0.9833610648918469,1.0,0.983633387888707,1.0,0.0,0.0,0.9418712248320387,0.9917491749174917,0.016638935108153077,0.9833610648918469,577.0646061240552,601,0,10,1,1,0,0,0.0,601,0.971947194719472,0.9800332778702163,0.9639934533551555,589,12,22,611,601,5,1
fencing_003_fencing_aria02_rgb,1.0,0.9296319759614077,0.9296319759614077,1.0,1.0,1.0,1.0,1.0,1.0,1.0,1.0,1.0,1.0,0.9982950505215648,0.9932159235824484,0.9881898905562727,0.9750420328806505,0.9621291797099627,0.9260801885736252,0.863804117675331,0.735855834232031,0.288378627747112,0.9332100444988946,1.0,1.0,1.0,1.0,1.0,1.0,1.0,1.0,1.0,1.0,0.9982935153583617,0.9931914893617021,0.9881154499151104,0.9747048903878583,0.9614740368509213,0.924404272801972,0.8587301587301587,0.7258658806190126,0.27421109902067464,0.9315258312129352,1.0,1.0,1.0,1.0,1.0,1.0,1.0,1.0,1.0,1.0,0.9982965856871285,0.9932403584043185,0.9882643368054934,0.9753792919882884,0.9627847689795668,0.9277591427276792,0.8689080570038817,0.7459832776704497,0.3032781431470694,0.9349417874954671,1.0,1.0,1.0,1.0,1.0,1.0,1.0,1.0,1.0,1.0,0.9991460290350128,0.9965841161400513,0.9940222032450897,0.9871904355251921,0.9803586678052946,0.9607173356105893,0.92399658411614,0.8411614005123825,0.430401366353544,0.9533462178075419,1.0,1.0,1.0,1.0,1.0,1.0,1.0,1.0,1.0,1.0,0.9991460290350128,0.9965841161400513,0.9940222032450897,0.9871904355251921,0.9803586678052946,0.9607173356105893,0.92399658411614,0.8411614005123825,0.430401366353544,0.9533462178075419,1.0,1.0,1.0,1.0,1.0,1.0,1.0,1.0,1.0,1.0,0.9991467986204828,0.9965964611614727,0.994060107312956,0.9873656893097797,0.9807062601920978,0.9616594824091103,0.9271668615348904,0.8489788192535105,0.458467826758614,0.9554814898185743,1.0,1.0,1.0,1.0,1.0,1.0,1.0,1.0,1.0,1.0,0.9991467986204828,0.9965964611614727,0.994060107312956,0.9873656893097797,0.9807062601920978,0.9616594824091103,0.9271668615348904,0.8489788192535105,0.458467826758614,0.9554814898185743,0.9296319759614077,0.9296319759614077,0.9296319759614077,0.9296319759614077,0.9296319759614077,0.9296319759614077,0.9296319759614077,0.9296319759614077,0.9296319759614077,0.9296319759614077,0.929961045287937,0.9308621019189065,0.9316527674772002,0.9334337445616333,0.934829478770554,0.9380997016903301,0.9425321394673453,0.9489689917893751,0.9652373273024797,0.9343103714673598,1.0,1.0,1.0,1.0,1.0,1.0,1.0,1.0,1.0,1.0,0.9987212170513381,0.9949108325347531,0.9911390888568284,0.9812670931301896,0.9715319827468556,0.9440944294347363,0.8960290601217011,0.7921441400427659,0.36129119446184177,0.9437436335990005,1171.0,1171.0,1171.0,1171.0,1171.0,1171.0,1171.0,1171.0,1171.0,1171.0,1170.0,1167.0,1164.0,1156.0,1148.0,1125.0,1082.0,985.0,504.0,1116.3684210526317,0.0,0.0,0.0,0.0,0.0,0.0,0.0,0.0,0.0,0.0,1.0,4.0,7.0,15.0,23.0,46.0,89.0,186.0,667.0,54.63157894736842,0.0,0.0,0.0,0.0,0.0,0.0,0.0,0.0,0.0,0.0,1.0,4.0,7.0,15.0,23.0,46.0,89.0,186.0,667.0,54.63157894736842,1.0,0.9296319759614077,1.0,1.0,1.0,1.0,0.0,0.0,0.9296319759614077,1.0,0.0,1.0,1088.5990438508084,1171,0,0,0,2,0,0,0.0,601,1.0,1.0,1.0,1171,0,0,1171,1171,2,2
fencing_003_fencing_aria03_rgb,0.7476095199668565,0.8601545233048545,0.6430597102652627,0.7476095199668565,0.7476095199668565,0.7476095199668565,0.7476095199668565,0.7456138992544552,0.7089111098568274,0.6704813167534277,0.6497087301433095,0.6387157763039263,0.6356943900048758,0.6352118585371672,0.6352118585371672,0.6352118585371672,0.6352118585371672,0.6310895281936006,0.6242577957302705,0.582071732620879,0.43016679052118445,0.10436404328237907,0.6290716119305909,0.9908561928512053,0.9908561928512053,0.9908561928512053,0.9908561928512053,0.9875518672199171,0.9298952457695407,0.8740219092331768,0.8437259430331023,0.8185269552012149,0.8075471698113208,0.8048229088168802,0.8048229088168802,0.8048229088168802,0.8048229088168802,0.7980480480480481,0.7833209233060313,0.7205459770114943,0.5091367359798362,0.11759216052263183,0.8090857548320345,0.5640778130848353,0.5640778130848353,0.5640778130848353,0.5640778130848353,0.5629477349138879,0.5404425541100022,0.5143408779189743,0.5003063346694681,0.49840489712307723,0.5004133165101534,0.5013452037782989,0.5013452037782989,0.5013452037782989,0.5013452037782989,0.4990601675798379,0.4974944290844217,0.4702094144241781,0.3634455237475243,0.09262397664808651,0.4895463839043236,0.9916805324459235,0.9916805324459235,0.9916805324459235,0.9916805324459235,0.9900166389351082,0.9600665557404326,0.9292845257903494,0.9118136439267887,0.8968386023294509,0.8901830282861897,0.8885191347753744,0.8885191347753744,0.8885191347753744,0.8885191347753744,0.8843594009983361,0.8752079866888519,0.8344425956738769,0.6722129783693843,0.2096505823627288,0.8723618530519313,0.9991617770326907,0.9991617770326907,0.9991617770326907,0.9991617770326907,0.9974853310980721,0.9673093042749371,0.9362950544844929,0.9186923721709975,0.90360435875943,0.8968985750209556,0.8952221290863369,0.8952221290863369,0.8952221290863369,0.8952221290863369,0.8910310142497905,0.8818105616093881,0.8407376362112322,0.6772841575859179,0.2112321877619447,0.8789429567212247,0.6049760466336865,0.6049760466336865,0.6049760466336865,0.6049760466336865,0.6043233266684377,0.5904053613705638,0.5723748988927735,0.5620771949427353,0.5620533495503782,0.5646601458628143,0.5657113300554008,0.5657113300554008,0.5657113300554008,0.5657113300554008,0.5641381642073496,0.5640567368707414,0.5456724667926337,0.46245943229930314,0.1540950268071732,0.5488981900537502,0.8573219438006288,0.8573219438006288,0.8573219438006288,0.8573219438006288,0.8564420414769396,0.8412318648877564,0.8260978016787994,0.818552418432721,0.8205604335252245,0.8246150033410269,0.8261277529302627,0.8261277529302627,0.8261277529302627,0.8261277529302627,0.8215099240444328,0.8179509128190748,0.7788932476558156,0.6339477276094339,0.20604133556611373,0.7884021841032055,0.8601545233048545,0.8601545233048545,0.8601545233048545,0.8601545233048545,0.8612038059797186,0.879413482258395,0.8977876993621523,0.9077854399365213,0.9159723713472627,0.9193167333777764,0.9200922780960373,0.9200922780960373,0.9200922780960373,0.9200922780960373,0.9209250943310974,0.9223883450196168,0.9270137883183768,0.9384488931152618,0.9633274649387671,0.9039247538730798,0.7479204409700951,0.7479204409700951,0.7479204409700951,0.7479204409700951,0.746543786000245,0.720319943844367,0.6913530348754723,0.6754155329089072,0.6685721736133013,0.6674274803195804,0.6674240081723746,0.6674240081723746,0.6674240081723746,0.6674240081723746,0.6643406888510102,0.6598568766542457,0.6263886687053054,0.4942800805144226,0.13935089036322348,0.6534329975378925,1192.0,1192.0,1192.0,1192.0,1190.0,1154.0,1117.0,1096.0,1078.0,1070.0,1068.0,1068.0,1068.0,1068.0,1063.0,1052.0,1003.0,808.0,252.0,1048.578947368421,10.0,10.0,10.0,10.0,12.0,48.0,85.0,106.0,124.0,132.0,134.0,134.0,134.0,134.0,139.0,150.0,199.0,394.0,950.0,153.42105263157896,1.0,1.0,1.0,1.0,3.0,39.0,76.0,97.0,115.0,123.0,125.0,125.0,125.0,125.0,130.0,141.0,190.0,385.0,941.0,144.42105263157896,0.9866888519134775,0.9162547233262087,0.9891846921797005,0.9908485856905158,0.9983235540653814,1.0,0.0,0.0,0.9037099629629904,0.9945720250521921,0.0033277870216306157,0.9887877526999005,1091.2593754815146,1191,11,2,3,2,0,0,2.0,601,0.6755741127348643,0.673044925124792,0.6781223805532272,809,393,384,1193,1202,4,2
fencing_004_fencing_aria01_rgb,0.9515927806871556,0.9396864215475987,0.8941988148544422,0.9515927806871556,0.9515927806871556,0.9515927806871556,0.9515927806871556,0.9515927806871556,0.9515927806871556,0.9515927806871556,0.9515927806871556,0.9476621558054033,0.9398944110310117,0.9398944110310117,0.9398944110310117,0.9398944110310117,0.9341063086485286,0.9265424356395351,0.8974416769966274,0.840620787656542,0.7675369770129574,0.44730094293849215,0.9017647986483884,0.9942307692307693,0.9942307692307693,0.9942307692307693,0.9942307692307693,0.9942307692307693,0.9942307692307693,0.9942307692307693,0.9942307692307693,0.9904030710172744,0.982791586998088,0.982791586998088,0.982791586998088,0.982791586998088,0.9714828897338403,0.9640151515151515,0.9347014925373134,0.8651079136690647,0.7787307032590052,0.4166666666666667,0.937164231065096,0.9107833395223883,0.9107833395223883,0.9107833395223883,0.9107833395223883,0.9107833395223883,0.9107833395223883,0.9107833395223883,0.9107833395223883,0.9067657278397923,0.8988696236052038,0.8988696236052038,0.8988696236052038,0.8988696236052038,0.8981677444633495,0.8905263404745867,0.8616671419066628,0.8168267767235128,0.7565041529976129,0.48018752052879404,0.8680205587123281,0.9961464354527938,0.9961464354527938,0.9961464354527938,0.9961464354527938,0.9961464354527938,0.9961464354527938,0.9961464354527938,0.9961464354527938,0.9942196531791907,0.9903660886319846,0.9903660886319846,0.9903660886319846,0.9903660886319846,0.9845857418111753,0.9807321772639692,0.9653179190751445,0.9267822736030829,0.8747591522157996,0.5876685934489403,0.9602474394077679,0.9980694980694981,0.9980694980694981,0.9980694980694981,0.9980694980694981,0.9980694980694981,0.9980694980694981,0.9980694980694981,0.9980694980694981,0.9961389961389961,0.9922779922779923,0.9922779922779923,0.9922779922779923,0.9922779922779923,0.9864864864864865,0.9826254826254827,0.9671814671814671,0.9285714285714286,0.8764478764478765,0.5888030888030888,0.9621011989433043,0.9107833655705996,0.9107833655705996,0.9107833655705996,0.9107833655705996,0.9107833655705996,0.9107833655705996,0.9107833655705996,0.9107833655705996,0.9086803267112324,0.9044969596244428,0.9044969596244428,0.9044969596244428,0.9044969596244428,0.9056321186341544,0.9014911282553476,0.8854137699832533,0.8605625646438936,0.8193452946107371,0.6011468870418015,0.8835014133127889,0.9990328820116054,0.9990328820116054,0.9990328820116054,0.9990328820116054,0.9990328820116054,0.9990328820116054,0.9990328820116054,0.9990328820116054,0.9971008693468912,0.9932615510641315,0.9932615510641315,0.9932615510641315,0.9932615510641315,0.9879988432620012,0.9841814942373311,0.9690437268381508,0.9350333234997994,0.8930716283522321,0.6592620981297089,0.9679474338955516,0.9396864215475987,0.9396864215475987,0.9396864215475987,0.9396864215475987,0.9396864215475987,0.9396864215475987,0.9396864215475987,0.9396864215475987,0.9406508923817011,0.9424855421500494,0.9424855421500494,0.9424855421500494,0.9424855421500494,0.9439619499119752,0.9448412397482457,0.9476114146853597,0.9526712873655071,0.9571946493895793,0.9689430806621878,0.9443846344802916,0.9525090955655062,0.9525090955655062,0.9525090955655062,0.9525090955655062,0.9525090955655062,0.9525090955655062,0.9525090955655062,0.9525090955655062,0.9494863387367165,0.9435094028784186,0.9435094028784186,0.9435094028784186,0.9435094028784186,0.940384578219633,0.9345415115470025,0.9120212345997033,0.8700692945229678,0.8134856676819349,0.5312166458055418,0.9129113498500644,517.0,517.0,517.0,517.0,517.0,517.0,517.0,517.0,516.0,514.0,514.0,514.0,514.0,511.0,509.0,501.0,481.0,454.0,305.0,498.36842105263156,2.0,2.0,2.0,2.0,2.0,2.0,2.0,2.0,3.0,5.0,5.0,5.0,5.0,8.0,10.0,18.0,38.0,65.0,214.0,20.63157894736842,1.0,1.0,1.0,1.0,1.0,1.0,1.0,1.0,2.0,4.0,4.0,4.0,4.0,7.0,9.0,17.0,37.0,64.0,213.0,19.63157894736842,0.976878612716763,0.9424855421500494,0.9826589595375722,0.9903660886319846,0.9922779922779923,1.0,0.0,0.0,0.9199182440561183,0.991321118611379,0.012861736334405145,0.9817396507616192,484.4375686651254,514,5,4,3,2,0,0,2.0,311,0.9450337512054002,0.9441233140655106,0.9459459459459459,490,29,28,518,519,5,2
fencing_004_fencing_aria02_rgb,1.0,0.9403997399745502,0.9403997399745502,1.0,1.0,1.0,1.0,1.0,1.0,1.0,1.0,1.0,1.0,1.0,1.0,1.0,0.9952267030562386,0.9888825372656379,0.9516516407517625,0.909945567182443,0.7872194328270151,0.3796992756919792,0.9480329029881619,1.0,1.0,1.0,1.0,1.0,1.0,1.0,1.0,1.0,1.0,1.0,1.0,1.0,0.9936507936507937,0.9873417721518988,0.9503105590062112,0.9088145896656535,0.7840909090909091,0.37719298245614036,0.9474421897906108,1.0,1.0,1.0,1.0,1.0,1.0,1.0,1.0,1.0,1.0,1.0,1.0,1.0,0.9968051118210862,0.9904257067718606,0.9529946150367905,0.9110779521481863,0.7903604393768534,0.38222222222222224,0.9486255814408948,1.0,1.0,1.0,1.0,1.0,1.0,1.0,1.0,1.0,1.0,1.0,1.0,1.0,0.9968152866242038,0.9936305732484076,0.9745222929936306,0.9522292993630573,0.8789808917197452,0.5477707006369427,0.9654710023466309,1.0,1.0,1.0,1.0,1.0,1.0,1.0,1.0,1.0,1.0,1.0,1.0,1.0,0.9968152866242038,0.9936305732484076,0.9745222929936306,0.9522292993630573,0.8789808917197452,0.5477707006369427,0.9654710023466309,1.0,1.0,1.0,1.0,1.0,1.0,1.0,1.0,1.0,1.0,1.0,1.0,1.0,0.9978700745473907,0.9946684255365926,0.9754604235406201,0.9530553793100975,0.8822483184988429,0.5530546623794212,0.9661240675691034,1.0,1.0,1.0,1.0,1.0,1.0,1.0,1.0,1.0,1.0,1.0,1.0,1.0,0.9978700745473907,0.9946684255365926,0.9754604235406201,0.9530553793100975,0.8822483184988429,0.5530546623794212,0.9661240675691034,0.9403997399745502,0.9403997399745502,0.9403997399745502,0.9403997399745502,0.9403997399745502,0.9403997399745502,0.9403997399745502,0.9403997399745502,0.9403997399745502,0.9403997399745502,0.9403997399745502,0.9403997399745502,0.9403997399745502,0.9412623475067815,0.94194683522475,0.9449915399808307,0.9477124840844758,0.953136711418687,0.9661737926884356,0.943180017398585,1.0,1.0,1.0,1.0,1.0,1.0,1.0,1.0,1.0,1.0,1.0,1.0,1.0,0.9968101992096629,0.9920268457958601,0.9636983435994042,0.9314263900272509,0.8334936855090602,0.4575698137614367,0.9565802777843514,314.0,314.0,314.0,314.0,314.0,314.0,314.0,314.0,314.0,314.0,314.0,314.0,314.0,313.0,312.0,306.0,299.0,276.0,172.0,303.1578947368421,0.0,0.0,0.0,0.0,0.0,0.0,0.0,0.0,0.0,0.0,0.0,0.0,0.0,1.0,2.0,8.0,15.0,38.0,142.0,10.842105263157896,0.0,0.0,0.0,0.0,0.0,0.0,0.0,0.0,0.0,0.0,0.0,0.0,0.0,1.0,2.0,8.0,15.0,38.0,142.0,10.842105263157896,1.0,0.9403997399745502,1.0,1.0,1.0,1.0,0.0,0.0,0.9403997399745502,1.0,0.0,1.0,295.28551835200875,314,0,0,0,2,0,0,0.0,311,1.0,1.0,1.0,314,0,0,314,314,2,2
fencing_004_fencing_aria03_rgb,0.8469885509426958,0.8959685099183661,0.7588750699060433,0.8469885509426958,0.8469885509426958,0.8469885509426958,0.8469885509426958,0.8469885509426958,0.8469885509426958,0.8469885509426958,0.8459965721285698,0.844044329226308,0.844044329226308,0.844044329226308,0.844044329226308,0.8369662131109592,0.8322696283848985,0.8259470475276015,0.7796702279250234,0.6690399479655816,0.3873114202742985,0.05739594601796829,0.7652470619388949,0.9949409780775716,0.9949409780775716,0.9949409780775716,0.9949409780775716,0.9949409780775716,0.9949409780775716,0.9949409780775716,0.9915824915824916,0.9848993288590604,0.9848993288590604,0.9848993288590604,0.9848993288590604,0.9749582637729549,0.9651162790697675,0.9489291598023064,0.8928,0.7474150664697193,0.42358604091456076,0.05719392314566577,0.8897771256177215,0.7210373491844211,0.7210373491844211,0.7210373491844211,0.7210373491844211,0.7210373491844211,0.7210373491844211,0.7210373491844211,0.7217858384238617,0.7233336533230947,0.7233336533230947,0.7233336533230947,0.7233336533230947,0.718505055978922,0.7177090982234529,0.7189035327586356,0.6808755200634609,0.5988833675617681,0.3541432478535146,0.05759868248428025,0.6583684421542749,0.9966216216216216,0.9966216216216216,0.9966216216216216,0.9966216216216216,0.9966216216216216,0.9966216216216216,0.9966216216216216,0.9949324324324325,0.9915540540540541,0.9915540540540541,0.9915540540540541,0.9915540540540541,0.9864864864864865,0.981418918918919,0.972972972972973,0.9425675675675675,0.8547297297297297,0.5945945945945946,0.10810810810810811,0.914651493598862,0.9983079526226735,0.9983079526226735,0.9983079526226735,0.9983079526226735,0.9983079526226735,0.9983079526226735,0.9983079526226735,0.9966159052453468,0.9932318104906938,0.9932318104906938,0.9932318104906938,0.9932318104906938,0.988155668358714,0.9830795262267343,0.9746192893401016,0.9441624365482234,0.856175972927242,0.5956006768189509,0.10829103214890017,0.9161991272597739,0.722590948324244,0.722590948324244,0.722590948324244,0.722590948324244,0.722590948324244,0.722590948324244,0.722590948324244,0.7233552558882862,0.7249269297907429,0.7249269297907429,0.7249269297907429,0.7249269297907429,0.7224805813549726,0.7228578031828485,0.725263727132019,0.7037721579287263,0.6558909888824401,0.464305362369989,0.09806748116008221,0.6723072481753708,0.9711931399477458,0.9711931399477458,0.9711931399477458,0.9711931399477458,0.9711931399477458,0.9711931399477458,0.9711931399477458,0.9701595120019864,0.9682861202200511,0.9682861202200511,0.9682861202200511,0.9682861202200511,0.9639389486503304,0.9599096462680521,0.9568044482452225,0.9300765706250497,0.8577452968229909,0.6050736989782763,0.12979835907846138,0.8971054179570944,0.8959685099183661,0.8959685099183661,0.8959685099183661,0.8959685099183661,0.8959685099183661,0.8959685099183661,0.8959685099183661,0.8968133763091977,0.8984928915422578,0.8984928915422578,0.8984928915422578,0.8984928915422578,0.8998569905366782,0.9010097843786531,0.9026832495499798,0.9065168941563911,0.9144900374131212,0.9301407359514566,0.9605980291830329,0.9040979070040054,0.8477036110539657,0.8477036110539657,0.8477036110539657,0.8477036110539657,0.8477036110539657,0.8477036110539657,0.8477036110539657,0.8474244154603615,0.8468910298180305,0.8468910298180305,0.8468910298180305,0.8468910298180305,0.8418999514166889,0.8392694962148531,0.8363454474969914,0.8011062243938184,0.7154602846389871,0.4588808787538151,0.07891061140870195,0.7758308792860052,590.0,590.0,590.0,590.0,590.0,590.0,590.0,589.0,587.0,587.0,587.0,587.0,584.0,581.0,576.0,558.0,506.0,352.0,64.0,541.4736842105264,2.0,2.0,2.0,2.0,2.0,2.0,2.0,3.0,5.0,5.0,5.0,5.0,8.0,11.0,16.0,34.0,86.0,240.0,528.0,50.526315789473685,1.0,1.0,1.0,1.0,1.0,1.0,1.0,2.0,4.0,4.0,4.0,4.0,7.0,10.0,15.0,33.0,85.0,239.0,527.0,49.526315789473685,0.9847972972972973,0.8985200037234689,0.9915540540540541,0.9949324324324325,0.9966159052453468,1.0,0.0,0.0,0.883831557758654,0.9957734573119188,0.006430868167202572,0.9905370608254597,529.2282821931232,589,3,2,4,2,0,0,2.0,311,0.8385460693153001,0.8378378378378378,0.8392554991539763,496,96,95,591,592,5,2
fencing_005_fencing_aria01_rgb,0.8542459452405805,0.9416424106749651,0.8043942111856545,0.8542459452405805,0.8542459452405805,0.8542459452405805,0.8542459452405805,0.8542459452405805,0.8542459452405805,0.8542459452405805,0.8536193031707657,0.8536193031707657,0.8536193031707657,0.8506740639455505,0.8500556237676038,0.8485273966416325,0.8485273966416325,0.8444121422351681,0.8352997362728465,0.8135469693388859,0.7378621287095618,0.38683865323110284,0.8187538756305444,0.9939077458659704,0.9939077458659704,0.9939077458659704,0.9939077458659704,0.9939077458659704,0.9939077458659704,0.9939077458659704,0.9921739130434782,0.9921739130434782,0.9921739130434782,0.986990459670425,0.9852686308492201,0.9818339100346021,0.9818339100346021,0.9732988802756245,0.961472602739726,0.9317032040472175,0.8125,0.3524203069657615,0.9421683086741793,0.7342091235280287,0.7342091235280287,0.7342091235280287,0.7342091235280287,0.7342091235280287,0.7342091235280287,0.7342091235280287,0.7344134986482079,0.7344134986482079,0.7344134986482079,0.7331847597709078,0.7333985279487821,0.7333203054944922,0.7333203054944922,0.7325929171440795,0.725684379803762,0.7103750083132095,0.6700806412108381,0.4246183908130803,0.7125936629807614,0.995640802092415,0.995640802092415,0.995640802092415,0.995640802092415,0.995640802092415,0.995640802092415,0.995640802092415,0.994768962510898,0.994768962510898,0.994768962510898,0.992153443766347,0.99128160418483,0.9895379250217959,0.9895379250217959,0.985178727114211,0.979075850043592,0.963382737576286,0.8953792502179599,0.5204882301656495,0.9610425365943193,0.9982517482517482,0.9982517482517482,0.9982517482517482,0.9982517482517482,0.9982517482517482,0.9982517482517482,0.9982517482517482,0.9973776223776224,0.9973776223776224,0.9973776223776224,0.9947552447552448,0.9938811188811189,0.9921328671328671,0.9921328671328671,0.9877622377622378,0.9816433566433567,0.9659090909090909,0.8977272727272727,0.5218531468531469,0.9635627530364372,0.7342991217772303,0.7342991217772303,0.7342991217772303,0.7342991217772303,0.7342991217772303,0.7342991217772303,0.7342991217772303,0.7345462016802946,0.7345462016802946,0.7345462016802946,0.7339832106967431,0.7342373252663489,0.7344661212502622,0.7344661212502622,0.7344533048072871,0.7308380162579826,0.7233569137763504,0.7060363048435507,0.5529718045081886,0.722554820007288,0.998276485141634,0.998276485141634,0.998276485141634,0.998276485141634,0.998276485141634,0.998276485141634,0.998276485141634,0.9974333291598849,0.9974333291598849,0.9974333291598849,0.9948498938918587,0.9940286788217801,0.9924456843372713,0.9924456843372713,0.9883045628496739,0.9823312698834824,0.9679564918093242,0.9135546118150365,0.6051028749013009,0.9690134282167417,0.9416424106749651,0.9416424106749651,0.9416424106749651,0.9416424106749651,0.9416424106749651,0.9416424106749651,0.9416424106749651,0.94213947620613,0.94213947620613,0.94213947620613,0.9432296873540463,0.9435712855695962,0.9440969513100165,0.9440969513100165,0.9450687090392669,0.9461331849462902,0.9479810679334323,0.9530626345270187,0.9676368726379494,0.9448838235774095,0.8549903862927439,0.8549903862927439,0.8549903862927439,0.8549903862927439,0.8549903862927439,0.8549903862927439,0.8549903862927439,0.8547349028232535,0.8547349028232535,0.8547349028232535,0.8528961157865054,0.8526455707337379,0.8518499007896693,0.8518499007896693,0.8495498558677359,0.8429116507794426,0.8272623648000413,0.7745813721701098,0.47011580991292584,0.8275157870604635,1142.0,1142.0,1142.0,1142.0,1142.0,1142.0,1142.0,1141.0,1141.0,1141.0,1138.0,1137.0,1135.0,1135.0,1130.0,1123.0,1105.0,1027.0,597.0,1102.3157894736842,5.0,5.0,5.0,5.0,5.0,5.0,5.0,6.0,6.0,6.0,9.0,10.0,12.0,12.0,17.0,24.0,42.0,120.0,550.0,44.68421052631579,2.0,2.0,2.0,2.0,2.0,2.0,2.0,3.0,3.0,3.0,6.0,7.0,9.0,9.0,14.0,21.0,39.0,117.0,547.0,41.68421052631579,0.988666085440279,0.94213947620613,0.992153443766347,0.994768962510898,0.9973776223776224,1.0,0.0,0.0,0.9311082322155139,0.9960715844609341,0.004991680532445923,0.9916285440354595,1074.9811423511944,1141,6,3,4,2,0,0,4.0,601,0.8109995635093845,0.8099389712292938,0.8120629370629371,929,218,215,1144,1147,6,2
fencing_005_fencing_aria02_rgb,0.6522847183552247,0.9433760193287865,0.6153497610709505,0.6522847183552247,0.6522847183552247,0.6522847183552247,0.6522847183552247,0.6522847183552247,0.6522847183552247,0.6513302765800763,0.6513302765800763,0.6513302765800763,0.6513302765800763,0.6513302765800763,0.6513302765800763,0.6497759099835648,0.6468439152123086,0.6369228420525251,0.6274242835852194,0.6073664146729767,0.570087900547916,0.32734811683081194,0.6256557553945857,0.991166077738516,0.991166077738516,0.991166077738516,0.991166077738516,0.991166077738516,0.991166077738516,0.9876543209876543,0.9876543209876543,0.9876543209876543,0.9876543209876543,0.9876543209876543,0.9876543209876543,0.9841549295774648,0.9737302977232924,0.9498269896193772,0.9264957264957265,0.8941176470588236,0.817741935483871,0.4541935483870968,0.9406938666685616,0.4292674692525155,0.4292674692525155,0.4292674692525155,0.4292674692525155,0.4292674692525155,0.4292674692525155,0.42953401830475213,0.42953401830475213,0.42953401830475213,0.42953401830475213,0.42953401830475213,0.42953401830475213,0.4290063693286992,0.4296950106466627,0.42709957830407597,0.4248926577582456,0.4125787729234214,0.3974361595615403,0.23592759072251746,0.41628658234677723,0.991166077738516,0.991166077738516,0.991166077738516,0.991166077738516,0.991166077738516,0.991166077738516,0.9893992932862191,0.9893992932862191,0.9893992932862191,0.9893992932862191,0.9893992932862191,0.9893992932862191,0.9876325088339223,0.9823321554770318,0.9699646643109541,0.9575971731448764,0.9399293286219081,0.8957597173144877,0.6219081272084805,0.9599218895294775,1.0,1.0,1.0,1.0,1.0,1.0,0.9982174688057041,0.9982174688057041,0.9982174688057041,0.9982174688057041,0.9982174688057041,0.9982174688057041,0.9964349376114082,0.9910873440285205,0.9786096256684492,0.966131907308378,0.948306595365419,0.9037433155080213,0.6274509803921569,0.9684773430903463,0.4292674692525155,0.4292674692525155,0.4292674692525155,0.4292674692525155,0.4292674692525155,0.4292674692525155,0.42956025737180753,0.42956025737180753,0.42956025737180753,0.42956025737180753,0.42956025737180753,0.42956025737180753,0.42919694287475446,0.4300132309578856,0.42870042077775394,0.4279963578856567,0.4193365425168336,0.4097728317976155,0.27688260551275196,0.41972975221416786,1.0,1.0,1.0,1.0,1.0,1.0,0.998469387755102,0.998469387755102,0.998469387755102,0.998469387755102,0.998469387755102,0.998469387755102,0.9967895476616406,0.9928442959917778,0.9822058008829079,0.9767127092970159,0.9591989909686954,0.9231547537757377,0.6574046532530172,0.9725856357032319,0.9433760193287865,0.9433760193287865,0.9433760193287865,0.9433760193287865,0.9433760193287865,0.9433760193287865,0.94449459275786,0.94449459275786,0.94449459275786,0.94449459275786,0.94449459275786,0.94449459275786,0.9450222597765322,0.9464913867785474,0.9492418314282867,0.9515024486627243,0.9539016789845346,0.9576133319499721,0.9674676441076215,0.947287592326742,0.6522847183552247,0.6522847183552247,0.6522847183552247,0.6522847183552247,0.6522847183552247,0.6522847183552247,0.6519054027641676,0.6519054027641676,0.6519054027641676,0.6519054027641676,0.6519054027641676,0.6519054027641676,0.6509229116000108,0.6496947175452963,0.6436392616186982,0.6378683312089646,0.622731795428467,0.5966634746147957,0.3830473679625664,0.6320899256155345,561.0,561.0,561.0,561.0,561.0,561.0,560.0,560.0,560.0,560.0,560.0,560.0,559.0,556.0,549.0,542.0,532.0,507.0,352.0,543.3157894736842,5.0,5.0,5.0,5.0,5.0,5.0,6.0,6.0,6.0,6.0,6.0,6.0,7.0,10.0,17.0,24.0,34.0,59.0,214.0,22.68421052631579,0.0,0.0,0.0,0.0,0.0,0.0,1.0,1.0,1.0,1.0,1.0,1.0,2.0,5.0,12.0,19.0,29.0,54.0,209.0,17.68421052631579,0.9770318021201413,0.94449459275786,0.9876325088339223,0.9893992932862191,0.9982174688057041,1.0,0.0,0.0,0.9221147914212041,0.9937888198757764,0.0016638935108153079,0.9862576833032091,528.9169719444016,560,6,1,6,2,0,0,5.0,601,0.5643300798580302,0.5618374558303887,0.5668449197860963,318,248,243,561,566,8,2
fencing_005_fencing_aria03_rgb,0.6152292008794583,0.9183098195446556,0.564971016438218,0.6152292008794583,0.6142246202500795,0.6142246202500795,0.6142246202500795,0.6142246202500795,0.6142246202500795,0.6142246202500795,0.6142246202500795,0.6142246202500795,0.6142246202500795,0.6142246202500795,0.608775855055402,0.6059358530546227,0.6059358530546227,0.6004928145791896,0.5952396185977424,0.5737663867505912,0.4144710820377219,0.10654147005893866,0.572033386135215,0.9831261101243339,0.9813664596273292,0.9813664596273292,0.9813664596273292,0.9813664596273292,0.9813664596273292,0.9813664596273292,0.9813664596273292,0.9813664596273292,0.9813664596273292,0.9813664596273292,0.970873786407767,0.965669014084507,0.965669014084507,0.9536307961504812,0.9434290687554395,0.9004255319148936,0.612274368231047,0.12323943661971831,0.906947459086631,0.3850034758683277,0.38443527432619023,0.38443527432619023,0.38443527432619023,0.38443527432619023,0.38443527432619023,0.38443527432619023,0.38443527432619023,0.38443527432619023,0.38443527432619023,0.38443527432619023,0.3817262829493888,0.3802112863330445,0.3802112863330445,0.37812497437880166,0.3755557415840364,0.3656136514306938,0.2805707486038269,0.09210594557768002,0.36123558612214457,0.9848754448398577,0.9839857651245552,0.9839857651245552,0.9839857651245552,0.9839857651245552,0.9839857651245552,0.9839857651245552,0.9839857651245552,0.9839857651245552,0.9839857651245552,0.9839857651245552,0.9786476868327402,0.9759786476868327,0.9759786476868327,0.9697508896797153,0.9644128113879004,0.9412811387900356,0.7544483985765125,0.2179715302491103,0.92648436036711,0.9981965734896303,0.9972948602344455,0.9972948602344455,0.9972948602344455,0.9972948602344455,0.9972948602344455,0.9972948602344455,0.9972948602344455,0.9972948602344455,0.9972948602344455,0.9972948602344455,0.9918845807033363,0.9891794409377818,0.9891794409377818,0.9828674481514879,0.9774571686203787,0.9540126239855726,0.7646528403967539,0.22091974752028856,0.9390157087940771,0.38500349850678517,0.3845933276353903,0.3845933276353903,0.3845933276353903,0.3845933276353903,0.3845933276353903,0.3845933276353903,0.3845933276353903,0.3845933276353903,0.3845933276353903,0.3845933276353903,0.38273007046145346,0.38163501314721276,0.38163501314721276,0.380159853322551,0.3782910423139186,0.3711801984398312,0.30402751990499133,0.11848443024626264,0.36468841662337487,0.999096657633243,0.9981954967534202,0.9981954967534202,0.9981954967534202,0.9981954967534202,0.9981954967534202,0.9981954967534202,0.9981954967534202,0.9981954967534202,0.9981954967534202,0.9981954967534202,0.9939389420172922,0.9912451095263916,0.9912451095263916,0.9849715286430512,0.9796614906563933,0.9582582899735782,0.7775169102223137,0.2868696184616089,0.9444609802207612,0.9183098195446556,0.9190783144596604,0.9190783144596604,0.9190783144596604,0.9190783144596604,0.9190783144596604,0.9190783144596604,0.9190783144596604,0.9190783144596604,0.9190783144596604,0.9190783144596604,0.9209616643660237,0.9217508089873221,0.9217508089873221,0.9230173339038413,0.923804095145646,0.9261116291996231,0.9374041756248318,0.9638155016824187,0.923563630633594,0.6157763145499433,0.6150437688073301,0.6150437688073301,0.6150437688073301,0.6150437688073301,0.6150437688073301,0.6150437688073301,0.6150437688073301,0.6150437688073301,0.6150437688073301,0.6150437688073301,0.6112082654968595,0.609161798761705,0.609161798761705,0.6055468853143929,0.6018228714280709,0.5866389299866371,0.4600827664361821,0.1416914743469352,0.5785015154292491,1107.0,1106.0,1106.0,1106.0,1106.0,1106.0,1106.0,1106.0,1106.0,1106.0,1106.0,1100.0,1097.0,1097.0,1090.0,1084.0,1058.0,848.0,245.0,1041.3684210526317,17.0,18.0,18.0,18.0,18.0,18.0,18.0,18.0,18.0,18.0,18.0,24.0,27.0,27.0,34.0,40.0,66.0,276.0,879.0,82.63157894736842,2.0,3.0,3.0,3.0,3.0,3.0,3.0,3.0,3.0,3.0,3.0,9.0,12.0,12.0,19.0,25.0,51.0,261.0,864.0,67.63157894736842,0.9795373665480427,0.9187886683161434,0.9848754448398577,0.9857651245551602,0.9990982867448152,1.0,0.0,0.0,0.8994820680554153,0.9923869234214062,0.0016638935108153079,0.984183139456954,1018.0178444942868,1108,16,1,6,2,0,0,4.0,601,0.4693237796686073,0.46619217081850534,0.47249774571686204,524,600,585,1109,1124,7,2
fencing_006_fencing_aria01_rgb,0.6854931859909974,0.9296470380295994,0.637266709946004,0.6854931859909974,0.6854931859909974,0.6854931859909974,0.6854931859909974,0.6854931859909974,0.6854931859909974,0.6854931859909974,0.6854931859909974,0.6854931859909974,0.6854931859909974,0.6845327336695033,0.6813337420232372,0.6813337420232372,0.6703945841983988,0.6533217492475598,0.6306083753052742,0.5944151891266747,0.5228182754508678,0.24232989601666505,0.642948428787968,0.9933166248955723,0.9933166248955723,0.9933166248955723,0.9933166248955723,0.9933166248955723,0.9933166248955723,0.9933166248955723,0.9933166248955723,0.9933166248955723,0.9933166248955723,0.991652754590985,0.9866777685262281,0.9866777685262281,0.9702725020644096,0.9398373983739837,0.901195219123506,0.8424710424710424,0.725234996384671,0.2651113467656416,0.9232787918832852,0.47306256259376417,0.47306256259376417,0.47306256259376417,0.47306256259376417,0.47306256259376417,0.47306256259376417,0.47306256259376417,0.47306256259376417,0.47306256259376417,0.47306256259376417,0.47252938218107876,0.4704835588955982,0.4704835588955982,0.46319863498791564,0.454152291426528,0.4412661258810546,0.4193965124642788,0.3768970754417897,0.22150609251500472,0.4484494136119205,0.9958123953098827,0.9958123953098827,0.9958123953098827,0.9958123953098827,0.9958123953098827,0.9958123953098827,0.9958123953098827,0.9958123953098827,0.9958123953098827,0.9958123953098827,0.9949748743718593,0.992462311557789,0.992462311557789,0.9840871021775545,0.9681742043551089,0.9472361809045227,0.9137353433835846,0.8400335008375209,0.4187604690117253,0.9478973816450674,0.99748322147651,0.99748322147651,0.99748322147651,0.99748322147651,0.99748322147651,0.99748322147651,0.99748322147651,0.99748322147651,0.99748322147651,0.99748322147651,0.9966442953020134,0.9941275167785235,0.9941275167785235,0.985738255033557,0.9697986577181208,0.9488255033557047,0.915268456375839,0.8414429530201343,0.41946308724832215,0.9494878134934651,0.47306256259376417,0.47306256259376417,0.47306256259376417,0.47306256259376417,0.47306256259376417,0.47306256259376417,0.47306256259376417,0.47306256259376417,0.47306256259376417,0.47306256259376417,0.47270024642054953,0.47131195341282855,0.47131195341282855,0.46632294220264014,0.4603006146445561,0.4514274361430693,0.4352596159108313,0.40188842187973123,0.260497529412755,0.4537708599672332,1.0,1.0,1.0,1.0,1.0,1.0,1.0,1.0,1.0,1.0,0.9991613438304615,0.9966472369797497,0.9966472369797497,0.9883350745086589,0.9729296733817537,0.9531240320324331,0.9228143113480982,0.8568186309109601,0.554255484464286,0.9600385802334815,0.9296470380295994,0.9296470380295994,0.9296470380295994,0.9296470380295994,0.9296470380295994,0.9296470380295994,0.9296470380295994,0.9296470380295994,0.9296470380295994,0.9296470380295994,0.9299950210957002,0.9308735652545508,0.9308735652545508,0.9329993317961668,0.9364541715415432,0.9399794743235902,0.9441133793449262,0.9494277626190681,0.9676966315378525,0.9346780675296811,0.6863538180763095,0.6863538180763095,0.6863538180763095,0.6863538180763095,0.6863538180763095,0.6863538180763095,0.6863538180763095,0.6863538180763095,0.6863538180763095,0.6863538180763095,0.6856783959500482,0.6833280328008361,0.6833280328008361,0.6751502073152734,0.6630976801406625,0.6465162332394326,0.6190455688642199,0.5626776783726095,0.3045619726599793,0.6519432622582627,1189.0,1189.0,1189.0,1189.0,1189.0,1189.0,1189.0,1189.0,1189.0,1189.0,1188.0,1185.0,1185.0,1175.0,1156.0,1131.0,1091.0,1003.0,500.0,1131.7894736842106,5.0,5.0,5.0,5.0,5.0,5.0,5.0,5.0,5.0,5.0,6.0,9.0,9.0,19.0,38.0,63.0,103.0,191.0,694.0,62.21052631578947,3.0,3.0,3.0,3.0,3.0,3.0,3.0,3.0,3.0,3.0,4.0,7.0,7.0,17.0,36.0,61.0,101.0,189.0,692.0,60.21052631578947,0.990787269681742,0.9296470380295994,0.9932998324958124,0.9958123953098827,0.99748322147651,1.0,0.0,0.0,0.9207289181048524,0.9966471081307627,0.004991680532445923,0.9929002334550088,1105.3503282171937,1189,5,3,3,2,0,0,3.0,601,0.5490360435875943,0.5485762144053601,0.549496644295302,655,539,537,1192,1194,6,2
fencing_006_fencing_aria02_rgb,1.0,0.9531951914133441,0.9531951914133441,1.0,1.0,0.9966777408637874,0.9966777408637874,0.9966777408637874,0.9966777408637874,0.9933665008291874,0.9933665008291874,0.9933665008291874,0.9933665008291874,0.9867768595041322,0.9867768595041322,0.9867768595041322,0.9867768595041322,0.9737274220032841,0.9640522875816994,0.9355877616747182,0.9049128367670366,0.6177658142664872,0.9633331856358764,1.0,1.0,0.9966777408637874,0.9966777408637874,0.9966777408637874,0.9966777408637874,0.9933665008291874,0.9933665008291874,0.9933665008291874,0.9933665008291874,0.9867768595041322,0.9867768595041322,0.9867768595041322,0.9867768595041322,0.9737274220032841,0.9640522875816994,0.9355877616747182,0.9049128367670365,0.6177658142664872,0.9633331856358764,1.0,1.0,0.9966777408637874,0.9966777408637874,0.9966777408637874,0.9966777408637874,0.9933665008291874,0.9933665008291874,0.9933665008291874,0.9933665008291874,0.9867768595041322,0.9867768595041322,0.9867768595041322,0.9867768595041322,0.973727422003284,0.9640522875816994,0.9355877616747184,0.9049128367670366,0.6177658142664872,0.9633331856358764,1.0,1.0,0.9983361064891847,0.9983361064891847,0.9983361064891847,0.9983361064891847,0.9966722129783694,0.9966722129783694,0.9966722129783694,0.9966722129783694,0.9933444259567388,0.9933444259567388,0.9933444259567388,0.9933444259567388,0.9866888519134775,0.9816971713810316,0.9667221297836939,0.9500831946755408,0.7637271214642263,0.9790699711007967,1.0,1.0,0.9983361064891847,0.9983361064891847,0.9983361064891847,0.9983361064891847,0.9966722129783694,0.9966722129783694,0.9966722129783694,0.9966722129783694,0.9933444259567388,0.9933444259567388,0.9933444259567388,0.9933444259567388,0.9866888519134775,0.9816971713810316,0.9667221297836939,0.9500831946755408,0.7637271214642263,0.9790699711007967,1.0,1.0,0.9983361064891847,0.9983361064891847,0.9983361064891847,0.9983361064891847,0.9966722129783694,0.9966722129783694,0.9966722129783694,0.9966722129783694,0.9933444259567388,0.9933444259567388,0.9933444259567388,0.9933444259567388,0.9866888519134777,0.9816971713810316,0.9667221297836939,0.9500831946755408,0.7637271214642263,0.9790699711007967,1.0,1.0,0.9983361064891847,0.9983361064891847,0.9983361064891847,0.9983361064891847,0.9966722129783694,0.9966722129783694,0.9966722129783694,0.9966722129783694,0.9933444259567388,0.9933444259567388,0.9933444259567388,0.9933444259567388,0.9866888519134777,0.9816971713810316,0.9667221297836939,0.9500831946755408,0.7637271214642263,0.9790699711007967,0.9531951914133441,0.9531951914133441,0.954567092086682,0.954567092086682,0.954567092086682,0.954567092086682,0.955577497875584,0.955577497875584,0.955577497875584,0.955577497875584,0.9570897266514378,0.9570897266514378,0.9570897266514378,0.9570897266514378,0.95855484228738,0.9594282740938012,0.9613586582249091,0.962852312532348,0.9695888464579985,0.9572163464672601,1.0,1.0,0.997506579045166,0.997506579045166,0.997506579045166,0.997506579045166,0.9950179840987827,0.9950179840987827,0.9950179840987827,0.9950179840987827,0.9900551969721313,0.9900551969721313,0.9900551969721313,0.9900551969721313,0.98018671287316,0.9728347258308407,0.9510275461655896,0.9272229930596697,0.6868802712764053,0.9709721731405255,601.0,601.0,600.0,600.0,600.0,600.0,599.0,599.0,599.0,599.0,597.0,597.0,597.0,597.0,593.0,590.0,581.0,571.0,459.0,588.421052631579,0.0,0.0,1.0,1.0,1.0,1.0,2.0,2.0,2.0,2.0,4.0,4.0,4.0,4.0,8.0,11.0,20.0,30.0,142.0,12.578947368421053,0.0,0.0,1.0,1.0,1.0,1.0,2.0,2.0,2.0,2.0,4.0,4.0,4.0,4.0,8.0,11.0,20.0,30.0,142.0,12.578947368421053,0.9933444259567388,0.955577497875584,0.9933444259567388,0.9966722129783694,0.9966722129783694,1.0,0.0,0.0,0.9490697524583607,0.9966722129783694,0.0033277870216306157,0.9933444259567388,572.3909212274748,599,2,2,0,1,0,0,2.0,601,0.9966722129783694,0.9966722129783694,0.9966722129783694,599,2,2,601,601,1,1
fencing_006_fencing_aria03_rgb,0.7738026173829023,0.9022158463803943,0.6981369833734796,0.7738026173829023,0.7738026173829023,0.7738026173829023,0.7738026173829023,0.7738026173829023,0.7734782530424013,0.7734782530424013,0.7731560821830565,0.7731560821830565,0.7731560821830565,0.7725877464747898,0.764904528367171,0.7575265805794623,0.748925177003586,0.725396279779639,0.6752116159459701,0.5961608558536874,0.4416568372177895,0.13299114459636815,0.7026736108087867,0.959234608985025,0.959234608985025,0.959234608985025,0.959234608985025,0.959234608985025,0.9576059850374065,0.9576059850374065,0.9559800664451827,0.9559800664451827,0.9559800664451827,0.9543568464730291,0.9478908188585607,0.9382716049382716,0.9224489795918367,0.884,0.8045977011494253,0.696685878962536,0.4811320754716981,0.12089481199428843,0.8594528385144805,0.6242169382339061,0.6242169382339061,0.6242169382339061,0.6242169382339061,0.6242169382339061,0.6247544577597384,0.6247544577597384,0.6252958073063862,0.6252958073063862,0.6252958073063862,0.6254388263770503,0.6172429628774649,0.6115995808294398,0.6080432990429817,0.5952486003598874,0.5666319026975435,0.5101406197315979,0.40542040700567505,0.14629779598720655,0.5753971065008955,0.959234608985025,0.959234608985025,0.959234608985025,0.959234608985025,0.959234608985025,0.9584026622296173,0.9584026622296173,0.9575707154742097,0.9575707154742097,0.9575707154742097,0.956738768718802,0.9534109816971714,0.9484193011647255,0.940099833610649,0.9193011647254575,0.8735440931780366,0.8044925124792013,0.6364392678868552,0.2113144758735441,0.885760574481128,1.0,1.0,1.0,1.0,1.0,0.9991326973113617,0.9991326973113617,0.9982653946227233,0.9982653946227233,0.9982653946227233,0.997398091934085,0.9939288811795317,0.9887250650477016,0.9800520381613183,0.95836947094536,0.9106678230702515,0.8386816999132697,0.6634865568083261,0.22029488291413704,0.9234034783402564,0.6242169382339061,0.6242169382339061,0.6242169382339061,0.6242169382339061,0.6242169382339061,0.6247544601589943,0.6247544601589943,0.6252958073063862,0.6252958073063862,0.6252958073063862,0.625476379946466,0.6207019714089084,0.6176723005517121,0.6162060283009143,0.6104652125793361,0.5972109975437763,0.5647997907658211,0.4982654182027775,0.24347871657473766,0.5916188341726909,1.0,1.0,1.0,1.0,1.0,0.9995659722222222,0.9995659722222222,1.0,1.0,1.0,0.9991373360938577,0.9956671542793277,0.9905337850079072,0.9818773533175442,0.961217936425972,0.9238274717363435,0.8584781545457861,0.687258939689169,0.2681556664374059,0.9297518811567241,0.9022158463803943,0.9022158463803943,0.9022158463803943,0.9022158463803943,0.9022158463803943,0.9027505393005479,0.9027505393005479,0.9032150636193838,0.9032150636193838,0.9032150636193838,0.903538022972208,0.9047124078660446,0.9062040137148182,0.9082068433768115,0.9123107381996511,0.9192552205260047,0.9270848391659398,0.9392569804593638,0.9634083584272845,0.9110633118983865,0.7738026173829023,0.7738026173829023,0.7738026173829023,0.7738026173829023,0.7738026173829023,0.7737999325127616,0.7737999325127616,0.7737990395350719,0.7737990395350719,0.7737990395350719,0.7735512734505139,0.767128554534815,0.7616120055795446,0.756056482187923,0.7397382858903836,0.7035466946888963,0.6406280581472918,0.5079620724238009,0.17582617006717524,0.713897877237663,1153.0,1153.0,1153.0,1153.0,1153.0,1152.0,1152.0,1151.0,1151.0,1151.0,1150.0,1146.0,1140.0,1130.0,1105.0,1050.0,967.0,765.0,254.0,1064.6842105263158,49.0,49.0,49.0,49.0,49.0,50.0,50.0,51.0,51.0,51.0,52.0,56.0,62.0,72.0,97.0,152.0,235.0,437.0,948.0,137.31578947368422,0.0,0.0,0.0,0.0,0.0,1.0,1.0,2.0,2.0,2.0,3.0,7.0,13.0,23.0,48.0,103.0,186.0,388.0,899.0,88.3157894736842,0.9500831946755408,0.9032150636193838,0.9559068219633944,0.9575707154742097,0.9982653946227233,1.0,0.0,0.0,0.8574047738984282,0.9774946921443737,0.0033277870216306157,0.9552037453910031,1039.6005382259107,1151,51,2,7,2,0,0,7.0,601,0.6437367303609342,0.6306156405990017,0.6574154379878577,758,444,395,1153,1202,10,2
fencing_008_fencing_aria01_rgb,0.8325610138943131,0.9362469188780874,0.7794826840365672,0.8325610138943131,0.8325610138943131,0.8325610138943131,0.8325610138943131,0.8325610138943131,0.8325610138943131,0.8325610138943131,0.8325610138943131,0.8325610138943131,0.8325610138943131,0.8325610138943131,0.8300554471964635,0.8274964249577537,0.8245992441963539,0.8155855161843237,0.790463302089708,0.7532547034638325,0.6726258116899281,0.2818174661875763,0.7870562667791255,0.9888475836431226,0.9888475836431226,0.9888475836431226,0.9888475836431226,0.9888475836431226,0.9888475836431226,0.9888475836431226,0.9888475836431226,0.9888475836431226,0.9888475836431226,0.9888475836431226,0.9833178869323448,0.977818853974122,0.974169741697417,0.9597069597069597,0.9279279279279279,0.8838028169014085,0.7863105175292153,0.3161131611316113,0.9308679624144924,0.7009754115017274,0.7009754115017274,0.7009754115017274,0.7009754115017274,0.7009754115017274,0.7009754115017274,0.7009754115017274,0.7009754115017274,0.7009754115017274,0.7009754115017274,0.7009754115017274,0.700680883137363,0.7002834221643932,0.6979932597212601,0.6931071276306656,0.673362890742842,0.641990088105457,0.5753776306759432,0.2512425739063719,0.6655140738212261,0.9897674418604652,0.9897674418604652,0.9897674418604652,0.9897674418604652,0.9897674418604652,0.9897674418604652,0.9897674418604652,0.9897674418604652,0.9897674418604652,0.9897674418604652,0.9897674418604652,0.9869767441860465,0.9841860465116279,0.9823255813953489,0.9748837209302326,0.958139534883721,0.933953488372093,0.8762790697674419,0.4781395348837209,0.9506487148102816,0.9990610328638497,0.9990610328638497,0.9990610328638497,0.9990610328638497,0.9990610328638497,0.9990610328638497,0.9990610328638497,0.9990610328638497,0.9990610328638497,0.9990610328638497,0.9990610328638497,0.996244131455399,0.9934272300469483,0.9915492957746479,0.984037558685446,0.9671361502347418,0.9427230046948357,0.8845070422535212,0.48262910798122066,0.9595749938225847,0.7009754115017274,0.7009754115017274,0.7009754115017274,0.7009754115017274,0.7009754115017274,0.7009754115017274,0.7009754115017274,0.7009754115017274,0.7009754115017274,0.7009754115017274,0.7009754115017274,0.7010116765064929,0.7009656158994534,0.6997295127029975,0.6973391310223371,0.6865280787610885,0.6684847267516592,0.6278602478177849,0.3570414582087734,0.6762994723257677,1.0,1.0,1.0,1.0,1.0,1.0,1.0,1.0,1.0,1.0,1.0,0.9972011363277464,0.9944386766819028,0.9925845000024291,0.9852831813836903,0.9689325167589317,0.9452713342469279,0.8895041991000775,0.5010001869484901,0.961800827971063,0.9362469188780874,0.9362469188780874,0.9362469188780874,0.9362469188780874,0.9362469188780874,0.9362469188780874,0.9362469188780874,0.9362469188780874,0.9362469188780874,0.9362469188780874,0.9362469188780874,0.937295271262387,0.9382162253708094,0.9387068950175397,0.9403358609731528,0.943207790422571,0.9462627329961842,0.9506684583296654,0.9660732665393588,0.9399727688721382,0.8329481615617814,0.8329481615617814,0.8329481615617814,0.8329481615617814,0.8329481615617814,0.8329481615617814,0.8329481615617814,0.8329481615617814,0.8329481615617814,0.8329481615617814,0.8329481615617814,0.8315983025189014,0.8301862277209899,0.828043860351444,0.822009036195983,0.8032282408782104,0.7743312484243413,0.7100643456572863,0.34659631768179755,0.7951835450846605,1064.0,1064.0,1064.0,1064.0,1064.0,1064.0,1064.0,1064.0,1064.0,1064.0,1064.0,1061.0,1058.0,1056.0,1048.0,1030.0,1004.0,942.0,514.0,1021.9473684210526,11.0,11.0,11.0,11.0,11.0,11.0,11.0,11.0,11.0,11.0,11.0,14.0,17.0,19.0,27.0,45.0,71.0,133.0,561.0,53.05263157894737,1.0,1.0,1.0,1.0,1.0,1.0,1.0,1.0,1.0,1.0,1.0,4.0,7.0,9.0,17.0,35.0,61.0,123.0,551.0,43.05263157894737,0.986046511627907,0.9362469188780874,0.9888372093023255,0.9897674418604652,0.9990610328638497,1.0,0.0,0.0,0.9229457876151488,0.994392523364486,0.0016638935108153079,0.988393375577005,996.166721686285,1064,11,1,3,2,0,0,3.0,601,0.7186915887850467,0.7153488372093023,0.7220657276995305,769,306,296,1065,1075,6,2
fencing_008_fencing_aria02_rgb,0.9124942708697256,0.939477926694847,0.8572682257176159,0.9124942708697256,0.9124942708697256,0.9124942708697256,0.9124942708697256,0.9124942708697256,0.9124942708697256,0.9124942708697256,0.9124942708697256,0.9113640938654941,0.9094925766567488,0.9052787730731745,0.9034871604200341,0.9034871604200341,0.8993421286766039,0.8888089163283741,0.8706569629832782,0.8522728364005403,0.8079279762963214,0.3604460697142436,0.869079937989087,0.9967793880837359,0.9967793880837359,0.9967793880837359,0.9967793880837359,0.9967793880837359,0.9967793880837359,0.9967793880837359,0.9967793880837359,0.9935691318327974,0.9903691813804173,0.984,0.9808306709265175,0.9808306709265175,0.9745222929936306,0.9558359621451105,0.9284603421461898,0.8931297709923665,0.8262150220913107,0.3686534216335541,0.9395079774599105,0.8353360877282953,0.8353360877282953,0.8353360877282953,0.8353360877282953,0.8353360877282953,0.8353360877282953,0.8353360877282953,0.8353360877282953,0.8359604631185823,0.8352206051492628,0.8328553424561709,0.8322425809469938,0.8322425809469938,0.8299617876651814,0.8264820754095958,0.8164522627202406,0.8132849349083342,0.7900456871747966,0.35242143853363916,0.804203076887166,1.0,1.0,1.0,1.0,1.0,1.0,1.0,1.0,0.9983844911147012,0.9967689822294022,0.9935379644588045,0.9919224555735057,0.9919224555735057,0.9886914378029079,0.9789983844911146,0.9644588045234249,0.9450726978998385,0.9063004846526656,0.5395799676898223,0.9629283224215627,0.9967793880837359,0.9967793880837359,0.9967793880837359,0.9967793880837359,0.9967793880837359,0.9967793880837359,0.9967793880837359,0.9967793880837359,0.9951690821256038,0.9935587761674718,0.9903381642512077,0.9887278582930756,0.9887278582930756,0.9855072463768116,0.9758454106280193,0.961352657004831,0.9420289855072463,0.9033816425120773,0.537842190016103,0.9598271039918637,0.8362732382766299,0.8362732382766299,0.8362732382766299,0.8362732382766299,0.8362732382766299,0.8362732382766299,0.8362732382766299,0.8362732382766299,0.8369601452869765,0.8365687818716411,0.835651955732482,0.8353204187120552,0.8353204187120552,0.8344648501027954,0.834037194108806,0.8299270447792677,0.8311335585154971,0.8222954605758348,0.49186992626180953,0.816512403203803,0.9969843834141088,0.9969843834141088,0.9969843834141088,0.9969843834141088,0.9969843834141088,0.9969843834141088,0.9969843834141088,0.9969843834141088,0.9955084828871237,0.9941505819949904,0.9913260539123402,0.9900632841847272,0.9900632841847272,0.9875148077145858,0.9792464201732984,0.9660184580733203,0.952918238479311,0.9253748607154445,0.5616746015056643,0.9636702179546528,0.939477926694847,0.939477926694847,0.939477926694847,0.939477926694847,0.939477926694847,0.939477926694847,0.939477926694847,0.939477926694847,0.9402943437607659,0.9410603152694542,0.9423733970753732,0.9429414446183547,0.9429414446183547,0.9437668898983468,0.9458749694588617,0.9483822897869395,0.9508016400228091,0.9538720731030342,0.9677982236563701,0.9439963392014443,0.9139672246466474,0.9139672246466474,0.9139672246466474,0.9139672246466474,0.9139672246466474,0.9139672246466474,0.9139672246466474,0.9139672246466474,0.913569899658836,0.9124264312982477,0.9096556500305731,0.9085813692376562,0.9085813692376562,0.9058565632417529,0.8995135444432496,0.8873751029038445,0.876705986973463,0.846178934495693,0.436072870535627,0.8798029220647252,619.0,619.0,619.0,619.0,619.0,619.0,619.0,619.0,618.0,617.0,615.0,614.0,614.0,612.0,606.0,597.0,585.0,561.0,334.0,596.0526315789474,0.0,0.0,0.0,0.0,0.0,0.0,0.0,0.0,1.0,2.0,4.0,5.0,5.0,7.0,13.0,22.0,34.0,58.0,285.0,22.94736842105263,2.0,2.0,2.0,2.0,2.0,2.0,2.0,2.0,3.0,4.0,6.0,7.0,7.0,9.0,15.0,24.0,36.0,60.0,287.0,24.94736842105263,0.9854604200323102,0.9410603152694542,0.9903069466882067,0.9967689822294022,0.9935587761674718,1.0,0.0,0.0,0.9267111704705223,0.9951612903225806,0.0066555740432612314,0.9895361530618422,580.6342145212533,617,2,4,3,2,0,0,3.0,601,0.8983870967741936,0.8998384491114702,0.8969404186795491,557,62,64,621,619,5,2
fencing_008_fencing_aria03_rgb,0.8679650411868575,0.9383267091249577,0.8144347807323724,0.8679650411868575,0.8679650411868575,0.8679650411868575,0.8679650411868575,0.8679650411868575,0.8679650411868575,0.8679650411868575,0.8679650411868575,0.8679650411868575,0.867037206670791,0.865217353674051,0.8615946853744894,0.8615946853744894,0.8606720841109418,0.8543640107664396,0.8297683331510591,0.7823135413209813,0.6770209366789165,0.3090150610533745,0.8200149088872237,0.9991568296795953,0.9991568296795953,0.9991568296795953,0.9991568296795953,0.9991568296795953,0.9991568296795953,0.9991568296795953,0.9991568296795953,0.9991568296795953,0.9974726200505476,0.9957912457912458,0.992436974789916,0.992436974789916,0.9907640638119227,0.9841004184100418,0.959504132231405,0.9028892455858748,0.7707244212098581,0.33352080989876265,0.9427395986150447,0.7539990623534927,0.7539990623534927,0.7539990623534927,0.7539990623534927,0.7539990623534927,0.7539990623534927,0.7539990623534927,0.7539990623534927,0.7539990623534927,0.753658298624169,0.7517650634736167,0.7480025641151758,0.7480025641151758,0.747661792978081,0.7417310766641462,0.7175742798512897,0.6778400340088726,0.594709777045968,0.28630989468634965,0.7133287845654884,0.9991568296795953,0.9991568296795953,0.9991568296795953,0.9991568296795953,0.9991568296795953,0.9991568296795953,0.9991568296795953,0.9991568296795953,0.9991568296795953,0.9983136593591906,0.9974704890387859,0.9957841483979764,0.9957841483979764,0.9949409780775716,0.9915682967959528,0.978920741989882,0.948566610455312,0.8701517706576728,0.5,0.9612585426466674,1.0,1.0,1.0,1.0,1.0,1.0,1.0,1.0,1.0,0.99915611814346,0.9983122362869198,0.9966244725738397,0.9966244725738397,0.9957805907172996,0.9924050632911392,0.979746835443038,0.9493670886075949,0.8708860759493671,0.5004219409282701,0.962069731290251,0.7539990623534927,0.7539990623534927,0.7539990623534927,0.7539990623534927,0.7539990623534927,0.7539990623534927,0.7539990623534927,0.7539990623534927,0.7539990623534927,0.7538432663432663,0.7527912859204887,0.7506904338628491,0.7506904338628491,0.7505342030991372,0.7472310041242772,0.7333604089476087,0.7099266970370686,0.657366545939854,0.4019746615549563,0.726021079045989,1.0,1.0,1.0,1.0,1.0,1.0,1.0,1.0,1.0,0.9991584766584767,0.9983138632773856,0.9966287988189956,0.9966287988189956,0.9957877292340194,0.9924257036046912,0.9799238369063854,0.9500946260324409,0.8738876748114005,0.5052225003780337,0.9625301057126748,0.9383267091249577,0.9383267091249577,0.9383267091249577,0.9383267091249577,0.9383267091249577,0.9383267091249577,0.9383267091249577,0.9383267091249577,0.9383267091249577,0.9387003102542149,0.9390349270084327,0.9396574584060634,0.9396574584060634,0.939878628677184,0.9406017361761193,0.9426629892763356,0.9462401790398962,0.9522006144232255,0.9668476968470219,0.9416011779283777,0.8679650411868575,0.8679650411868575,0.8679650411868575,0.8679650411868575,0.8679650411868575,0.8679650411868575,0.8679650411868575,0.8679650411868575,0.8679650411868575,0.8674026596719172,0.865946571969254,0.863046404492211,0.863046404492211,0.8624844088891362,0.8575995687781657,0.8381219162299002,0.8018581068310713,0.7193662248979853,0.378358226213168,0.827837677007723,1185.0,1185.0,1185.0,1185.0,1185.0,1185.0,1185.0,1185.0,1185.0,1184.0,1183.0,1181.0,1181.0,1180.0,1176.0,1161.0,1125.0,1032.0,593.0,1140.0526315789473,1.0,1.0,1.0,1.0,1.0,1.0,1.0,1.0,1.0,2.0,3.0,5.0,5.0,6.0,10.0,25.0,61.0,154.0,593.0,45.94736842105263,0.0,0.0,0.0,0.0,0.0,0.0,0.0,0.0,0.0,1.0,2.0,4.0,4.0,5.0,9.0,24.0,60.0,153.0,592.0,44.94736842105263,0.9966273187183811,0.9387003102542149,0.9974704890387859,0.9983136593591906,0.99915611814346,1.0,0.0,0.0,0.9354310011306833,0.9987347110923661,0.0016638935108153079,0.9974704890387859,1111.4211673409905,1184,2,1,1,2,0,0,2.0,601,0.7676086039645719,0.7672849915682968,0.7679324894514767,910,276,275,1185,1186,3,2
fencing_009_fencing_aria01_rgb,0.7524481434978094,0.9408711483828792,0.7079567488713494,0.7524481434978094,0.7524481434978094,0.7524481434978094,0.7524481434978094,0.7524481434978094,0.7524481434978094,0.7524481434978094,0.7524481434978094,0.7524481434978094,0.7524481434978094,0.7524481434978094,0.7524481434978094,0.7524481434978094,0.7482586400067645,0.7446617788822544,0.7330338450829149,0.7050173719833763,0.6594695522349963,0.32636079455963857,0.720980413064288,0.9567474048442907,0.9567474048442907,0.9567474048442907,0.9567474048442907,0.9567474048442907,0.9567474048442907,0.9567474048442907,0.9567474048442907,0.9567474048442907,0.9567474048442907,0.9567474048442907,0.9567474048442907,0.9567474048442907,0.9432989690721649,0.9300341296928327,0.9040404040404041,0.8632619439868204,0.7783018867924528,0.3759124087591241,0.9069771581747146,0.5917739685381688,0.5917739685381688,0.5917739685381688,0.5917739685381688,0.5917739685381688,0.5917739685381688,0.5917739685381688,0.5917739685381688,0.5917739685381688,0.5917739685381688,0.5917739685381688,0.5917739685381688,0.5917739685381688,0.5935456421578466,0.5962374360511138,0.5943745607337123,0.5757806170660235,0.5587807221145794,0.28334092129916527,0.5734274468641388,0.9770318021201413,0.9770318021201413,0.9770318021201413,0.9770318021201413,0.9770318021201413,0.9770318021201413,0.9770318021201413,0.9770318021201413,0.9770318021201413,0.9770318021201413,0.9770318021201413,0.9770318021201413,0.9770318021201413,0.9699646643109541,0.9628975265017667,0.9487632508833922,0.9257950530035336,0.8745583038869258,0.5459363957597173,0.9436488748372698,0.9787610619469026,0.9787610619469026,0.9787610619469026,0.9787610619469026,0.9787610619469026,0.9787610619469026,0.9787610619469026,0.9787610619469026,0.9787610619469026,0.9787610619469026,0.9787610619469026,0.9787610619469026,0.9787610619469026,0.9716814159292035,0.9646017699115044,0.9504424778761061,0.9274336283185841,0.8761061946902655,0.5469026548672566,0.9453190498369819,0.5921989764224362,0.5921989764224362,0.5921989764224362,0.5921989764224362,0.5921989764224362,0.5921989764224362,0.5921989764224362,0.5921989764224362,0.5921989764224362,0.5921989764224362,0.5921989764224362,0.5921989764224362,0.5921989764224362,0.5941326856450339,0.596910273983641,0.5970085663909221,0.587072418996494,0.5806717413895879,0.36833143657331296,0.5801428324458243,0.9890793870290733,0.9890793870290733,0.9890793870290733,0.9890793870290733,0.9890793870290733,0.9890793870290733,0.9890793870290733,0.9890793870290733,0.9890793870290733,0.9890793870290733,0.9890793870290733,0.9890793870290733,0.9890793870290733,0.983050627658471,0.9792906501417399,0.9689396848660052,0.9519077717513256,0.9139398867814494,0.5856402561207926,0.9600421530893545,0.9408711483828792,0.9408711483828792,0.9408711483828792,0.9408711483828792,0.9408711483828792,0.9408711483828792,0.9408711483828792,0.9408711483828792,0.9408711483828792,0.9408711483828792,0.9408711483828792,0.9408711483828792,0.9408711483828792,0.9428565739816908,0.9445618541393692,0.9469614402545083,0.9498277589149612,0.9540025512523276,0.9664445787158034,0.9439989308545309,0.760382789737271,0.760382789737271,0.760382789737271,0.760382789737271,0.760382789737271,0.760382789737271,0.760382789737271,0.760382789737271,0.760382789737271,0.760382789737271,0.760382789737271,0.760382789737271,0.760382789737271,0.7587610292765867,0.7577041324827077,0.7509465630017259,0.7301060518137392,0.699061027791736,0.3933015653990002,0.7355187703342115,553.0,553.0,553.0,553.0,553.0,553.0,553.0,553.0,553.0,553.0,553.0,553.0,553.0,549.0,545.0,537.0,524.0,495.0,309.0,534.1052631578947,13.0,13.0,13.0,13.0,13.0,13.0,13.0,13.0,13.0,13.0,13.0,13.0,13.0,17.0,21.0,29.0,42.0,71.0,257.0,31.894736842105264,12.0,12.0,12.0,12.0,12.0,12.0,12.0,12.0,12.0,12.0,12.0,12.0,12.0,16.0,20.0,28.0,41.0,70.0,256.0,30.894736842105264,0.9469964664310954,0.9408711483828792,0.9558303886925795,0.9770318021201413,0.9787610619469026,1.0,0.0,0.0,0.8892256979783255,0.97789566755084,0.027842227378190254,0.9545954593562967,520.3017450557322,553,13,12,5,2,0,0,4.0,431,0.6984969053934571,0.6978798586572438,0.6991150442477876,395,171,170,565,566,10,2
fencing_009_fencing_aria02_rgb,0.901803846146059,0.9379740438452513,0.8458686003248198,0.901803846146059,0.901803846146059,0.901803846146059,0.901803846146059,0.901803846146059,0.901803846146059,0.901803846146059,0.901803846146059,0.901803846146059,0.901803846146059,0.9005312548534818,0.8989902690821584,0.8959763936735466,0.8881102599557953,0.8854705782462122,0.8684309023759331,0.849466939142408,0.7603633701821464,0.41303755852131807,0.86202189407861,0.9949832775919732,0.9949832775919732,0.9949832775919732,0.9949832775919732,0.9949832775919732,0.9949832775919732,0.9949832775919732,0.9949832775919732,0.9949832775919732,0.9949832775919732,0.991652754590985,0.9883333333333333,0.9817275747508306,0.9686468646864687,0.962171052631579,0.93042071197411,0.8936507936507937,0.7700296735905044,0.3839907192575406,0.9379187502308355,0.817350597983945,0.817350597983945,0.817350597983945,0.817350597983945,0.817350597983945,0.817350597983945,0.817350597983945,0.817350597983945,0.817350597983945,0.817350597983945,0.8177827744778181,0.817723612719472,0.8177153404537955,0.8142697432815719,0.8148843626039767,0.8105711991313271,0.8074676213827034,0.7508184093983483,0.44428163544971166,0.7931063515125356,0.9966499162479062,0.9966499162479062,0.9966499162479062,0.9966499162479062,0.9966499162479062,0.9966499162479062,0.9966499162479062,0.9966499162479062,0.9966499162479062,0.9966499162479062,0.9949748743718593,0.9932998324958124,0.9899497487437185,0.983249581239531,0.9798994974874372,0.9631490787269682,0.9430485762144054,0.8693467336683417,0.5544388609715243,0.9598871550736136,0.9983221476510067,0.9983221476510067,0.9983221476510067,0.9983221476510067,0.9983221476510067,0.9983221476510067,0.9983221476510067,0.9983221476510067,0.9983221476510067,0.9983221476510067,0.9966442953020134,0.9949664429530202,0.9916107382550335,0.9848993288590604,0.9815436241610739,0.964765100671141,0.9446308724832215,0.8708053691275168,0.5553691275167785,0.9614977039915225,0.8175761871013465,0.8175761871013465,0.8175761871013465,0.8175761871013465,0.8175761871013465,0.8175761871013465,0.8175761871013465,0.8175761871013465,0.8175761871013465,0.8175761871013465,0.8181108271469717,0.8182612405778256,0.8186247528183802,0.8173209206585668,0.818158636091155,0.8179200246967898,0.8191982363232856,0.7945057323832837,0.5917534895893991,0.804716617436796,0.9983464353483329,0.9983464353483329,0.9983464353483329,0.9983464353483329,0.9983464353483329,0.9983464353483329,0.9983464353483329,0.9983464353483329,0.9983464353483329,0.9983464353483329,0.996700233259373,0.9950899252155849,0.9920167073433817,0.986058692146626,0.9831278911886652,0.96904453073537,0.9526819245189381,0.8921839553387839,0.6168033886800153,0.9666932422057929,0.9379740438452513,0.9379740438452513,0.9379740438452513,0.9379740438452513,0.9379740438452513,0.9379740438452513,0.9379740438452513,0.9379740438452513,0.9379740438452513,0.9379740438452513,0.9387090939286622,0.9392827684188604,0.9403450273761211,0.942146107303462,0.9428603430694747,0.9458637795798386,0.9483464695325556,0.9539340528580182,0.9664778292932156,0.9419845215690906,0.9025588097325709,0.9025588097325709,0.9025588097325709,0.9025588097325709,0.9025588097325709,0.9025588097325709,0.9025588097325709,0.9025588097325709,0.9025588097325709,0.9025588097325709,0.9020384211881097,0.9012462080597744,0.8997205654124613,0.8947795170306627,0.8935909452462056,0.8835728061036915,0.8726288963151467,0.8079118341678836,0.49631341298548853,0.8724942475702703,595.0,595.0,595.0,595.0,595.0,595.0,595.0,595.0,595.0,595.0,594.0,593.0,591.0,587.0,585.0,575.0,563.0,519.0,331.0,573.0526315789474,2.0,2.0,2.0,2.0,2.0,2.0,2.0,2.0,2.0,2.0,3.0,4.0,6.0,10.0,12.0,22.0,34.0,78.0,266.0,23.94736842105263,1.0,1.0,1.0,1.0,1.0,1.0,1.0,1.0,1.0,1.0,2.0,3.0,5.0,9.0,11.0,21.0,33.0,77.0,265.0,22.94736842105263,0.9916247906197655,0.9379740438452513,0.9949748743718593,0.9966499162479062,0.9983221476510067,1.0,0.0,0.0,0.9298066266129389,0.9974853310980721,0.002320185614849188,0.9944706365231759,558.0945560879245,595,2,1,2,2,0,0,3.0,431,0.8248113998323554,0.8241206030150754,0.825503355704698,492,105,104,596,597,4,2
fencing_009_fencing_aria03_rgb,0.7136224008621437,0.9463031866523498,0.6753031520023471,0.7136224008621437,0.7136224008621437,0.7136224008621437,0.7136224008621437,0.7136224008621437,0.7136224008621437,0.7136224008621437,0.7136224008621437,0.7136224008621437,0.7136224008621437,0.7136224008621437,0.7136224008621437,0.7122314064577612,0.711098839963153,0.7066013587836644,0.6977964811699596,0.6901096921388236,0.6189012129421293,0.31400060731058593,0.6849583373216738,0.996,0.996,0.996,0.996,0.996,0.996,0.996,0.996,0.996,0.996,0.996,0.996,0.9933422103861518,0.9906914893617021,0.9827814569536424,0.9697368421052631,0.9568627450980393,0.8435960591133005,0.396455223880597,0.9518666329946681,0.5113021395705323,0.5113021395705323,0.5113021395705323,0.5113021395705323,0.5113021395705323,0.5113021395705323,0.5113021395705323,0.5113021395705323,0.5113021395705323,0.5113021395705323,0.5113021395705323,0.5113021395705323,0.5106735332908113,0.5104127426417453,0.5080330695112738,0.5021155307207804,0.49772173660616875,0.4540546476519211,0.24869487259199718,0.49301746357163606,0.9986631016042781,0.9986631016042781,0.9986631016042781,0.9986631016042781,0.9986631016042781,0.9986631016042781,0.9986631016042781,0.9986631016042781,0.9986631016042781,0.9986631016042781,0.9986631016042781,0.9986631016042781,0.9973262032085561,0.9959893048128342,0.9919786096256684,0.9852941176470589,0.9786096256684492,0.9157754010695187,0.5681818181818182,0.9693216999718546,0.9973297730307076,0.9973297730307076,0.9973297730307076,0.9973297730307076,0.9973297730307076,0.9973297730307076,0.9973297730307076,0.9973297730307076,0.9973297730307076,0.9973297730307076,0.9973297730307076,0.9973297730307076,0.9959946595460614,0.9946595460614153,0.9906542056074766,0.9839786381842457,0.9773030707610146,0.9145527369826435,0.5674232309746329,0.9680275454992622,0.5120410340112679,0.5120410340112679,0.5120410340112679,0.5120410340112679,0.5120410340112679,0.5120410340112679,0.5120410340112679,0.5120410340112679,0.5120410340112679,0.5120410340112679,0.5120410340112679,0.5120410340112679,0.5116342418029849,0.5114991206976994,0.5101258342101849,0.5062473243892351,0.5032874550714473,0.47376946797298874,0.30239068889587917,0.49807613374608606,0.9973495321318776,0.9973495321318776,0.9973495321318776,0.9973495321318776,0.9973495321318776,0.9973495321318776,0.9973495321318776,0.9973495321318776,0.9973495321318776,0.9973495321318776,0.9973495321318776,0.9973495321318776,0.9960142579761728,0.9946782981240252,0.9907113167052158,0.9840246248130997,0.9774543070988823,0.9152994669492837,0.5932700325975986,0.9694550889393057,0.9463031866523498,0.9463031866523498,0.9463031866523498,0.9463031866523498,0.9463031866523498,0.9463031866523498,0.9463031866523498,0.9463031866523498,0.9463031866523498,0.9463031866523498,0.9463031866523498,0.9463031866523498,0.9467563607473324,0.9471510003140544,0.9480169649201639,0.9491670381897546,0.9499674024845487,0.9547745308190622,0.9684826365116013,0.9484186407270904,0.7145758046284602,0.7145758046284602,0.7145758046284602,0.7145758046284602,0.7145758046284602,0.7145758046284602,0.7145758046284602,0.7145758046284602,0.7145758046284602,0.7145758046284602,0.7145758046284602,0.7145758046284602,0.713658248768991,0.71299763864361,0.7098999492447186,0.7033715083783363,0.6979077892868177,0.6448349223335512,0.3759041166066376,0.6912359909896938,747.0,747.0,747.0,747.0,747.0,747.0,747.0,747.0,747.0,747.0,747.0,747.0,746.0,745.0,742.0,737.0,732.0,685.0,425.0,725.0526315789474,1.0,1.0,1.0,1.0,1.0,1.0,1.0,1.0,1.0,1.0,1.0,1.0,2.0,3.0,6.0,11.0,16.0,63.0,323.0,22.94736842105263,2.0,2.0,2.0,2.0,2.0,2.0,2.0,2.0,2.0,2.0,2.0,2.0,3.0,4.0,7.0,12.0,17.0,64.0,324.0,23.94736842105263,0.9919786096256684,0.9463031866523498,0.9959893048128342,0.9986631016042781,0.9973297730307076,1.0,0.0,0.0,0.9383535834616381,0.9979959919839679,0.004640371229698376,0.9953514421728347,706.8884804293053,747,1,2,3,2,0,0,3.0,431,0.6092184368737475,0.6096256684491979,0.6088117489986649,456,292,293,749,748,5,2
fencing_011_fencing_aria03_rgb,0.7450438631818117,0.9430172598323195,0.7025892223125977,0.7450438631818117,0.7450438631818117,0.7450438631818117,0.7450438631818117,0.7450438631818117,0.7450438631818117,0.7450438631818117,0.7450438631818117,0.7450438631818117,0.7450438631818117,0.7450438631818117,0.7450438631818117,0.7450438631818117,0.7409676618425545,0.7383248897771677,0.7304557609065486,0.7149800314404792,0.6117455138502412,0.2877932656515756,0.7110440707806379,0.9768211920529801,0.9768211920529801,0.9768211920529801,0.9768211920529801,0.9768211920529801,0.9768211920529801,0.9768211920529801,0.9768211920529801,0.9768211920529801,0.9768211920529801,0.9768211920529801,0.9768211920529801,0.9768211920529801,0.9702970297029703,0.9670510708401977,0.9573770491803278,0.9383116883116883,0.8063540090771558,0.36926605504587157,0.9319648630972083,0.568261993679977,0.568261993679977,0.568261993679977,0.568261993679977,0.568261993679977,0.568261993679977,0.568261993679977,0.568261993679977,0.568261993679977,0.568261993679977,0.568261993679977,0.568261993679977,0.568261993679977,0.5658402108728432,0.5636968504578048,0.5573202523482099,0.5448045161607529,0.4641045614000133,0.2242961751361347,0.5424983412744977,1.0,1.0,1.0,1.0,1.0,1.0,1.0,1.0,1.0,1.0,1.0,1.0,1.0,0.9966101694915255,0.9949152542372881,0.9898305084745763,0.9796610169491525,0.9033898305084745,0.5457627118644067,0.9689562890276536,0.9768211920529801,0.9768211920529801,0.9768211920529801,0.9768211920529801,0.9768211920529801,0.9768211920529801,0.9768211920529801,0.9768211920529801,0.9768211920529801,0.9768211920529801,0.9768211920529801,0.9768211920529801,0.9768211920529801,0.9735099337748344,0.9718543046357616,0.9668874172185431,0.956953642384106,0.8824503311258278,0.5331125827814569,0.9464970372952248,0.568261993679977,0.568261993679977,0.568261993679977,0.568261993679977,0.568261993679977,0.568261993679977,0.568261993679977,0.568261993679977,0.568261993679977,0.568261993679977,0.568261993679977,0.568261993679977,0.568261993679977,0.5667992620777125,0.5654404758467357,0.5613710239145576,0.5532637381971731,0.49710624224886313,0.2836614380461101,0.5481604262195185,1.0,1.0,1.0,1.0,1.0,1.0,1.0,1.0,1.0,1.0,1.0,1.0,1.0,0.9966119925027392,0.9949152935846424,0.9898411944044604,0.979766230613462,0.9062645249576098,0.5641870713819529,0.9700834898655192,0.9430172598323195,0.9430172598323195,0.9430172598323195,0.9430172598323195,0.9430172598323195,0.9430172598323195,0.9430172598323195,0.9430172598323195,0.9430172598323195,0.9430172598323195,0.9430172598323195,0.9430172598323195,0.9430172598323195,0.9439048597987715,0.9443096633200534,0.9452211136097249,0.9464445599632482,0.9519523067147753,0.9659159066496438,0.9451038309408618,0.7538315419773685,0.7538315419773685,0.7538315419773685,0.7538315419773685,0.7538315419773685,0.7538315419773685,0.7538315419773685,0.7538315419773685,0.7538315419773685,0.7538315419773685,0.7538315419773685,0.7538315419773685,0.7538315419773685,0.7509474738376212,0.7488862365446339,0.7427331881402687,0.730563991954527,0.6475085644695119,0.3498749616693238,0.7247539190695619,590.0,590.0,590.0,590.0,590.0,590.0,590.0,590.0,590.0,590.0,590.0,590.0,590.0,588.0,587.0,584.0,578.0,533.0,322.0,571.6842105263158,0.0,0.0,0.0,0.0,0.0,0.0,0.0,0.0,0.0,0.0,0.0,0.0,0.0,2.0,3.0,6.0,12.0,57.0,268.0,18.31578947368421,14.0,14.0,14.0,14.0,14.0,14.0,14.0,14.0,14.0,14.0,14.0,14.0,14.0,16.0,17.0,20.0,26.0,71.0,282.0,32.31578947368421,0.9745762711864406,0.9430172598323195,0.976271186440678,1.0,0.9768211920529801,1.0,0.0,0.0,0.9175935310187603,0.9882747068676717,0.02329450915141431,0.976271186440678,556.3801833010685,590,0,14,1,1,0,0,0.0,601,0.6767169179229481,0.6847457627118644,0.6688741721854304,404,186,200,604,590,4,1
fencing_014_fencing_aria03_rgb,0.8321469937738536,0.9547394256740918,0.794483542912071,0.8321469937738536,0.8321469937738536,0.8321469937738536,0.8321469937738536,0.8321469937738536,0.8321469937738536,0.8321469937738536,0.8321469937738536,0.8321469937738536,0.8321469937738536,0.8321469937738536,0.8321469937738536,0.8321469937738536,0.827517413288671,0.827517413288671,0.827517413288671,0.809234511697695,0.7396735504228318,0.4989890857461062,0.8078084371996181,0.6924686192468619,0.6924686192468619,0.6924686192468619,0.6924686192468619,0.6924686192468619,0.6924686192468619,0.6924686192468619,0.6924686192468619,0.6924686192468619,0.6924686192468619,0.6924686192468619,0.6924686192468619,0.6924686192468619,0.6889352818371608,0.6889352818371608,0.6889352818371608,0.6749482401656315,0.6212424849699398,0.4293286219081272,0.6733903811981256,1.0,1.0,1.0,1.0,1.0,1.0,1.0,1.0,1.0,1.0,1.0,1.0,1.0,0.9939759036144579,0.9939759036144579,0.9939759036144579,0.9702380952380952,0.8806818181818181,0.5799522673031027,0.9690947311350729,1.0,1.0,1.0,1.0,1.0,1.0,1.0,1.0,1.0,1.0,1.0,1.0,1.0,0.9969788519637462,0.9969788519637462,0.9969788519637462,0.9848942598187311,0.9365558912386707,0.7341389728096677,0.9813960884083318,0.6924686192468619,0.6924686192468619,0.6924686192468619,0.6924686192468619,0.6924686192468619,0.6924686192468619,0.6924686192468619,0.6924686192468619,0.6924686192468619,0.6924686192468619,0.6924686192468619,0.6924686192468619,0.6924686192468619,0.6903765690376569,0.6903765690376569,0.6903765690376569,0.6820083682008368,0.6485355648535565,0.5083682008368201,0.6795859942743888,1.0,1.0,1.0,1.0,1.0,1.0,1.0,1.0,1.0,1.0,1.0,1.0,1.0,0.9969788519637464,0.9969788519637464,0.9969788519637464,0.9848942598187312,0.9365558912386708,0.7341389728096677,0.981396088408332,1.0,1.0,1.0,1.0,1.0,1.0,1.0,1.0,1.0,1.0,1.0,1.0,1.0,0.9969788519637464,0.9969788519637464,0.9969788519637464,0.9848942598187312,0.9365558912386708,0.7341389728096677,0.981396088408332,0.9547394256740918,0.9547394256740918,0.9547394256740918,0.9547394256740918,0.9547394256740918,0.9547394256740918,0.9547394256740918,0.9547394256740918,0.9547394256740918,0.9547394256740918,0.9547394256740918,0.9547394256740918,0.9547394256740918,0.9555374466126701,0.9555374466126701,0.9555374466126701,0.9571744645205968,0.9609811565965466,0.9676648461547482,0.9560023863617418,1.0,1.0,1.0,1.0,1.0,1.0,1.0,1.0,1.0,1.0,1.0,1.0,1.0,0.995476245454993,0.995476245454993,0.995476245454993,0.9775387105672385,0.9081892672372679,0.6525071354372591,0.9749823078740393,331.0,331.0,331.0,331.0,331.0,331.0,331.0,331.0,331.0,331.0,331.0,331.0,331.0,330.0,330.0,330.0,326.0,310.0,243.0,324.8421052631579,0.0,0.0,0.0,0.0,0.0,0.0,0.0,0.0,0.0,0.0,0.0,0.0,0.0,1.0,1.0,1.0,5.0,21.0,88.0,6.157894736842105,147.0,147.0,147.0,147.0,147.0,147.0,147.0,147.0,147.0,147.0,147.0,147.0,147.0,148.0,148.0,148.0,152.0,168.0,235.0,153.1578947368421,0.5558912386706949,0.9547394256740918,0.5558912386706949,1.0,0.6924686192468619,1.0,0.0,0.0,0.5106306643447867,0.8182941903584673,0.44410876132930516,0.5558912386706949,316.0187498981244,331,0,147,0,1,0,0,0.0,331,0.8182941903584673,1.0,0.6924686192468619,331,0,147,478,331,5,1
legoassemble_001_legoassemble_aria02_rgb,0.6278234364624913,0.8890962882022833,0.558195487005203,0.6278234364624913,0.6273129567475221,0.6264098314015212,0.6228981495261544,0.6228981495261544,0.6228981495261544,0.6228981495261544,0.6210560352262294,0.6204735842247924,0.6149307431580411,0.6110232498236132,0.6078007296367341,0.6005046420149028,0.595103240343385,0.5832171676546972,0.5600617163270899,0.5239790395104308,0.4171196481538126,0.15584550773414296,0.5728554803433696,0.9079861111111112,0.9063313096270599,0.9030303030303031,0.8931955211024979,0.8931955211024979,0.8931955211024979,0.8931955211024979,0.8899398108340498,0.886695278969957,0.8738277919863597,0.8627118644067797,0.8470588235294118,0.8301415487094088,0.8120362737015664,0.7697262479871175,0.7105058365758755,0.6329866270430906,0.47023411371237456,0.1453882230328296,0.7905990657193308,0.43410605354880566,0.4341917150200251,0.4345250381518091,0.43439772761532075,0.43439772761532075,0.43439772761532075,0.43439772761532075,0.43341200628999427,0.4341823824391926,0.432739519558338,0.4327625795221134,0.436122872090145,0.4343907682274999,0.4361232104236646,0.4419003061629516,0.4414729759390916,0.4337438140341365,0.37000463344176504,0.16705494966692364,0.41759598605146,0.9712163416898792,0.9702878365831012,0.968430826369545,0.9628597957288765,0.9628597957288765,0.9628597957288765,0.9628597957288765,0.9610027855153204,0.9591457753017641,0.9517177344475395,0.9452181987000928,0.935933147632312,0.9257195914577531,0.914577530176416,0.8876508820798514,0.8477251624883937,0.7910863509749304,0.6527390900649953,0.2590529247910863,0.8838391242730781,0.9330954504906334,0.9322033898305084,0.9304192685102587,0.9250669045495094,0.9250669045495094,0.9250669045495094,0.9250669045495094,0.9232827832292596,0.9214986619090099,0.9143621766280107,0.9081177520071365,0.8991971454058876,0.8893844781445138,0.8786797502230151,0.8528099910793934,0.8144513826940232,0.760035682426405,0.6271186440677966,0.2488849241748439,0.8491478473167755,0.4438987358356186,0.4440122728792388,0.4443892423758196,0.4447860887252868,0.4447860887252868,0.4447860887252868,0.4447860887252868,0.4442435712269867,0.4450347327125004,0.4445585856046002,0.4451048675645115,0.44860758831978764,0.44829495254481555,0.45064157721439635,0.4577638198836922,0.460574307111722,0.4590465420870532,0.41606737700063795,0.23773969977273382,0.4352169593176453,0.9592578817186052,0.9584639764485858,0.9567158155786314,0.9551248926775745,0.9551248926775745,0.9551248926775745,0.9551248926775745,0.9536787287228857,0.9535957683181328,0.9463852527384288,0.9403553242209024,0.9360204522382092,0.9287331207493739,0.9212386005863574,0.9104013821373962,0.884871461186973,0.8507258199512694,0.7360436343276684,0.34753198053625556,0.8949746721142093,0.8890962882022833,0.8898655399675869,0.8913419214599981,0.8955225614859341,0.8955225614859341,0.8955225614859341,0.8955225614859341,0.8965377323101309,0.897444857935944,0.9007789482395421,0.9033300138558521,0.9065103782802957,0.9096317164689288,0.9124655216785748,0.9180139222246897,0.9244532525253215,0.9315131152236341,0.942350731185176,0.9641804082996972,0.9084002417790206,0.6493157115249113,0.6490692873870143,0.6486967255779965,0.646733412834667,0.646733412834667,0.646733412834667,0.646733412834667,0.6453759720662585,0.6453248777375675,0.6417521913947611,0.6395741285267077,0.6388911115595314,0.6341325133570906,0.6315603602521968,0.6263012027426583,0.6117579180216642,0.5857719787615432,0.4914432701264815,0.2080290203602475,0.6070489431965945,1046.0,1045.0,1043.0,1037.0,1037.0,1037.0,1037.0,1035.0,1033.0,1025.0,1018.0,1008.0,997.0,985.0,956.0,913.0,852.0,703.0,279.0,951.8947368421053,31.0,32.0,34.0,40.0,40.0,40.0,40.0,42.0,44.0,52.0,59.0,69.0,80.0,92.0,121.0,164.0,225.0,374.0,798.0,125.10526315789474,75.0,76.0,78.0,84.0,84.0,84.0,84.0,86.0,88.0,96.0,103.0,113.0,124.0,136.0,165.0,208.0,269.0,418.0,842.0,169.10526315789474,0.8653667595171773,0.8988469812606736,0.8755803156917363,0.958217270194986,0.9206066012488849,1.0,0.0,0.0,0.7684401900287978,0.9390354868061874,0.1480865224625624,0.8746133772654056,927.6100846610152,1032,45,89,11,2,0,0,16.0,601,0.5959963603275705,0.6081708449396471,0.584299732381802,655,422,466,1121,1077,15,2
legoassemble_003_legoassemble_aria01_rgb,0.4208497452519141,0.8743495840031208,0.3679697996888305,0.4208497452519141,0.4208497452519141,0.4205848672722367,0.4196452340520131,0.4196452340520131,0.41871510673978135,0.41871510673978135,0.41779444591263193,0.41688321217352137,0.41688321217352137,0.416226731926337,0.406874094670372,0.39651829114390774,0.37289716317924465,0.3597760384671368,0.31849576064422147,0.2673668624836692,0.17552086228666805,0.0416208740316637,0.3655717151817132,0.9539227895392279,0.9539227895392279,0.9514925373134329,0.9490683229813665,0.9490683229813665,0.9466501240694789,0.9466501240694789,0.9442379182156134,0.9418316831683168,0.9418316831683168,0.937037037037037,0.9110840438489647,0.8903614457831325,0.8480565371024735,0.8096885813148789,0.698051948051948,0.5565476190476191,0.3387372013651877,0.07172131147540983,0.8178927378985513,0.18566964750276316,0.18566964750276316,0.18590963527455892,0.18555262903451303,0.18555262903451303,0.18520289191790018,0.18520289191790018,0.1848603997658827,0.18452512874431998,0.18452512874431998,0.18488564007874025,0.1817028078051583,0.17658755998064732,0.16396583037048867,0.1598624469236147,0.14531805237622836,0.1284437067158577,0.09094830143749782,0.024153171763368387,0.16360727088900187,0.9807938540332907,0.9807938540332907,0.9795134443021767,0.9782330345710627,0.9782330345710627,0.9769526248399488,0.9769526248399488,0.9756722151088348,0.9743918053777209,0.9743918053777209,0.971830985915493,0.9577464788732394,0.9462227912932138,0.9218950064020487,0.8988476312419974,0.8258642765685019,0.7183098591549296,0.5083226632522407,0.13444302176696543,0.8768111058696677,0.9720812182741116,0.9720812182741116,0.9708121827411168,0.9695431472081218,0.9695431472081218,0.9682741116751269,0.9682741116751269,0.9670050761421319,0.9657360406091371,0.9657360406091371,0.9631979695431472,0.949238578680203,0.9378172588832487,0.9137055837563451,0.8908629441624365,0.8185279187817259,0.7119289340101523,0.5038071065989848,0.13324873096446702,0.8690221747261555,0.1864072899007333,0.1864072899007333,0.1866481423418927,0.1863480112770757,0.1863480112770757,0.18605274270596509,0.18605274270596509,0.18576235577223682,0.18547686972019073,0.18547686972019073,0.18584141575613114,0.18345343920129883,0.1793742319088169,0.16867183439694453,0.16523702267270743,0.1524660868523995,0.13691951395630986,0.10020946353059673,0.028170437651836543,0.16638546164468948,0.9759965065830406,0.9759965065830406,0.9771996973686974,0.9758744473369163,0.9758744473369163,0.9745727465274647,0.9745727465274647,0.9732946876538165,0.9720403639167696,0.9720403639167696,0.9696396352759261,0.9571353593770283,0.9460890822552098,0.9257243098913901,0.9075362821973398,0.8410083598741739,0.7559959154265937,0.5738158700849932,0.18953235871641913,0.8849441940447352,0.8743495840031208,0.8743495840031208,0.87533243593137,0.8762394628900358,0.8762394628900358,0.8770342712756893,0.8770342712756893,0.8776709789251297,0.8782819438654605,0.8782819438654605,0.8792315605261593,0.8838068441794776,0.8868459921853415,0.8924389427133222,0.8966311448633542,0.9072279907251168,0.9190476186746274,0.9358266398221442,0.9613069141741193,0.8909040835151988,0.4267360415423539,0.4267360415423539,0.42673292253673684,0.42604425987574385,0.42604425987574385,0.4253639046594597,0.4253639046594597,0.4246918361888812,0.4240280336660942,0.4240280336660942,0.42388393916181716,0.4171633066039861,0.40876787289676514,0.38879207841611035,0.37906725226777455,0.3464289078556198,0.30374723188928787,0.21501414559274115,0.056984431181892045,0.37871675810941663,766.0,766.0,765.0,764.0,764.0,763.0,763.0,762.0,761.0,761.0,759.0,748.0,739.0,720.0,702.0,645.0,561.0,397.0,105.0,684.7894736842105,15.0,15.0,16.0,17.0,17.0,18.0,18.0,19.0,20.0,20.0,22.0,33.0,42.0,61.0,79.0,136.0,220.0,384.0,676.0,96.21052631578948,22.0,22.0,23.0,24.0,24.0,25.0,25.0,26.0,27.0,27.0,29.0,40.0,49.0,68.0,86.0,143.0,227.0,391.0,683.0,103.21052631578948,0.9180537772087067,0.8782819438654605,0.939820742637644,0.9743918053777209,0.9657360406091371,1.0,0.0,0.0,0.7994527007447062,0.9700446144040791,0.04492512479201331,0.9382452638650726,668.3725592816155,761,20,27,17,2,0,0,14.0,601,0.3008285532186106,0.30217669654289375,0.29949238578680204,236,545,552,788,781,21,2
legoassemble_003_legoassemble_aria02_rgb,0.7407259517072449,0.8903431632195045,0.6595002869218063,0.7407259517072449,0.7407259517072449,0.7407259517072449,0.7407259517072449,0.7407259517072449,0.7407259517072449,0.7402228367064315,0.7388299762400048,0.7388299762400048,0.7388299762400048,0.7366093465709869,0.7338135814161717,0.7250869321671687,0.7126271938455726,0.6792958823133266,0.634340063600264,0.5571110807750891,0.38181650820163054,0.08624645379139739,0.6656850272816591,0.9672727272727273,0.9672727272727273,0.9672727272727273,0.9672727272727273,0.9672727272727273,0.9672727272727273,0.9654859218891917,0.9601449275362319,0.9601449275362319,0.9601449275362319,0.951307484220018,0.9460431654676259,0.928698752228164,0.908289241622575,0.8607050730868444,0.7913907284768212,0.6620583717357911,0.42555994729907776,0.08962739174219536,0.8533282749480717,0.5672391250806993,0.5672391250806993,0.5672391250806993,0.5672391250806993,0.5672391250806993,0.5672391250806993,0.5675171802708088,0.5685284774575942,0.5685284774575942,0.5685284774575942,0.5703658790202952,0.5691942946436893,0.5661158238214463,0.5591143152824429,0.5361219657657132,0.5084559394104303,0.46879968530365307,0.34256947078910804,0.08299305209045511,0.5200140941713168,0.9761467889908257,0.9761467889908257,0.9761467889908257,0.9761467889908257,0.9761467889908257,0.9761467889908257,0.9752293577981651,0.9724770642201835,0.9724770642201835,0.9724770642201835,0.9678899082568807,0.9651376146788991,0.9559633027522936,0.944954128440367,0.918348623853211,0.8770642201834863,0.7908256880733945,0.5926605504587156,0.163302752293578,0.8908256880733946,0.9906890130353817,0.9906890130353817,0.9906890130353817,0.9906890130353817,0.9906890130353817,0.9906890130353817,0.9897579143389199,0.9869646182495344,0.9869646182495344,0.9869646182495344,0.9823091247672253,0.9795158286778398,0.9702048417132216,0.9590316573556797,0.9320297951582868,0.8901303538175046,0.8026070763500931,0.6014897579143389,0.16573556797020483,0.9040968342644321,0.5680951623671942,0.5680951623671942,0.5680951623671942,0.5680951623671942,0.5680951623671942,0.5680951623671942,0.5683891148041517,0.5694286387294086,0.5694286387294086,0.5694286387294086,0.5712725275472754,0.5708716206929837,0.5700698010541264,0.5667849432750962,0.5542140114070332,0.539239845641776,0.5190627198224271,0.4280412224041918,0.13723135781486864,0.533791266045017,0.947633656288163,0.947633656288163,0.947633656288163,0.947633656288163,0.947633656288163,0.947633656288163,0.9466585920098575,0.944021769636896,0.944021769636896,0.944021769636896,0.9411102791933269,0.9387633861116641,0.9317977758132776,0.9221221609435477,0.9001562308417619,0.8683563899129696,0.809476265676188,0.6371258862180548,0.19314654990108338,0.874030566487442,0.8903431632195045,0.8903431632195045,0.8903431632195045,0.8903431632195045,0.8903431632195045,0.8903431632195045,0.8908725711416597,0.8923229258746579,0.8923229258746579,0.8923229258746579,0.8940639388065105,0.8949534062821067,0.8975794065591499,0.9001099798309937,0.9051014214734243,0.9111960934984296,0.9204287459183068,0.9348385044246641,0.9623266597066258,0.9016051833990983,0.7441160195409651,0.7441160195409651,0.7441160195409651,0.7441160195409651,0.7441160195409651,0.7441160195409651,0.7439485299769913,0.7435596174373189,0.7435596174373189,0.7435596174373189,0.7430016004813238,0.7411820449938388,0.7356534188601894,0.7268682002235711,0.701674332919782,0.6677937645685762,0.6088832677113506,0.4505856312935685,0.1164173261487121,0.6805991098281922,1064.0,1064.0,1064.0,1064.0,1064.0,1064.0,1063.0,1060.0,1060.0,1060.0,1055.0,1052.0,1042.0,1030.0,1001.0,956.0,862.0,646.0,178.0,971.0,26.0,26.0,26.0,26.0,26.0,26.0,27.0,30.0,30.0,30.0,35.0,38.0,48.0,60.0,89.0,134.0,228.0,444.0,912.0,119.0,10.0,10.0,10.0,10.0,10.0,10.0,11.0,14.0,14.0,14.0,19.0,22.0,32.0,44.0,73.0,118.0,212.0,428.0,896.0,103.0,0.9513761467889909,0.8912455494360015,0.9596330275229358,0.9724770642201835,0.9869646182495344,1.0,0.0,0.0,0.8456149379836345,0.9796672828096118,0.02329450915141431,0.9587575756794134,944.7202824021616,1060,30,14,9,2,0,0,8.0,601,0.6940850277264325,0.6889908256880733,0.6992551210428305,751,339,323,1074,1090,9,2
legoassemble_003_legoassemble_aria03_rgb,0.6026936881118374,0.8859947783102381,0.5339834605876271,0.6026936881118374,0.6026936881118374,0.6026936881118374,0.6026936881118374,0.6016099251654667,0.6016099251654667,0.5977826909946163,0.5977826909946163,0.5977826909946163,0.5967234597771734,0.5956756441135824,0.5873915231662563,0.5839614189114171,0.5746630552185064,0.5620894916982246,0.528311174606513,0.4506233597205433,0.23971255306535547,0.063810369743816,0.536331827672817,0.9278523489932886,0.9278523489932886,0.9278523489932886,0.9278523489932886,0.9246231155778895,0.9246231155778895,0.9181969949916527,0.9181969949916527,0.9181969949916527,0.915,0.9118136439267887,0.8960396039603961,0.8836065573770492,0.8592233009708737,0.820919175911252,0.7515243902439024,0.6321022727272727,0.3422897196261682,0.08090310442144873,0.8109825463825813,0.39148435856627467,0.39148435856627467,0.39148435856627467,0.39148435856627467,0.39144003211664186,0.39144003211664186,0.3891802604472841,0.3891802604472841,0.3891802604472841,0.3891572540420108,0.38914692202019874,0.38505976740602244,0.38593074703894553,0.38434435688594376,0.38486687355896865,0.3713953942646217,0.3212477174772684,0.16787564686391432,0.050328888068762644,0.35503746565615224,0.9718804920913884,0.9718804920913884,0.9718804920913884,0.9718804920913884,0.9701230228471002,0.9701230228471002,0.9666080843585237,0.9666080843585237,0.9666080843585237,0.9648506151142355,0.9630931458699473,0.9543057996485061,0.9472759226713533,0.9332161687170475,0.9103690685413005,0.8664323374340949,0.7820738137082601,0.5149384885764499,0.15114235500878734,0.8797521043381741,0.9534482758620689,0.9534482758620689,0.9534482758620689,0.9534482758620689,0.9517241379310345,0.9517241379310345,0.9482758620689655,0.9482758620689655,0.9482758620689655,0.946551724137931,0.9448275862068966,0.9362068965517242,0.9293103448275862,0.9155172413793103,0.8931034482758621,0.85,0.7672413793103449,0.5051724137931034,0.1482758620689655,0.8630671506352088,0.408003933174051,0.408003933174051,0.408003933174051,0.408003933174051,0.40805228607597294,0.40805228607597294,0.40647826133112525,0.40647826133112525,0.40647826133112525,0.4065424983805223,0.4066161861217977,0.40391000026774304,0.4050338554504908,0.40451891084626784,0.406211866471982,0.3979943829719299,0.3605928414495019,0.21416830619517593,0.06979222253452662,0.3759440083963928,0.9545064490244864,0.9545064490244864,0.9545064490244864,0.9545064490244864,0.952683020560692,0.952683020560692,0.9492838268421664,0.9492838268421664,0.9492838268421664,0.9475355443608391,0.9458282791441308,0.9371889383486511,0.9302048837754804,0.9172905846460898,0.8962807886657858,0.8564348531467625,0.7774778238270199,0.5299276008212693,0.18819344377816127,0.8682950556978959,0.8859947783102381,0.8859947783102381,0.8859947783102381,0.8859947783102381,0.8872033771322291,0.8872033771322291,0.8892731192996949,0.8892731192996949,0.8892731192996949,0.890003582560491,0.8906373319177945,0.8933977717230697,0.8953314126940931,0.8987554362856222,0.9030515294092724,0.9093522187693407,0.9180867388584871,0.9380999249119835,0.9653532653365466,0.8993828651511155,0.6168273754053661,0.6168273754053661,0.6168273754053661,0.6168273754053661,0.6162345229053323,0.6162345229053323,0.6133390465485632,0.6133390465485632,0.6133390465485632,0.6127630993610834,0.6121966459676501,0.6061887241172275,0.6046345214165015,0.5988959577431776,0.5919213606504505,0.5672644705646154,0.5012378951680738,0.2940163802663006,0.08721712370679535,0.5587437824231418,553.0,553.0,553.0,553.0,552.0,552.0,550.0,550.0,550.0,549.0,548.0,543.0,539.0,531.0,518.0,493.0,445.0,293.0,86.0,500.57894736842104,16.0,16.0,16.0,16.0,17.0,17.0,19.0,19.0,19.0,20.0,21.0,26.0,30.0,38.0,51.0,76.0,124.0,276.0,483.0,68.42105263157895,27.0,27.0,27.0,27.0,28.0,28.0,30.0,30.0,30.0,31.0,32.0,37.0,41.0,49.0,62.0,87.0,135.0,287.0,494.0,79.42105263157895,0.8980667838312829,0.890003582560491,0.9103690685413005,0.9648506151142355,0.946551724137931,1.0,0.0,0.0,0.7919366728044105,0.9556135770234987,0.051580698835274545,0.9088838347275672,488.61196682570954,549,20,31,7,2,0,0,6.0,601,0.5517841601392516,0.5571177504393673,0.5465517241379311,317,252,263,580,569,9,2
legoassemble_004_legoassemble_aria01_rgb,0.5540860856058147,0.8850888975103456,0.4904154426346735,0.5540860856058147,0.5540860856058147,0.5540860856058147,0.5540860856058147,0.5540860856058147,0.5540860856058147,0.5537754775921331,0.5537754775921331,0.5508826343426557,0.5503380965294685,0.5464004446857378,0.5408156851931528,0.5291877735167171,0.5040175672733707,0.48335954280015103,0.4526779269441697,0.39030555578774717,0.31066532091173193,0.11744875662948438,0.49516667228597583,0.959866220735786,0.959866220735786,0.959866220735786,0.959866220735786,0.959866220735786,0.959866220735786,0.9576837416481069,0.9576837416481069,0.9490022172949002,0.946843853820598,0.938257993384785,0.9234135667396062,0.8964401294498382,0.8427672955974843,0.7920489296636085,0.7218413320274241,0.5909502262443439,0.42694805194805197,0.14007782101167315,0.8338503276259601,0.3198481034436596,0.3198481034436596,0.3198481034436596,0.3198481034436596,0.3198481034436596,0.3198481034436596,0.3202176942616173,0.3202176942616173,0.31977973421952605,0.31987536199296585,0.3181997361682305,0.3167395584013727,0.3123908562766437,0.30142805665004857,0.2949772910054924,0.28388136900795513,0.2577855462497004,0.22605312561288465,0.09847533559693461,0.2952163147561551,0.968503937007874,0.968503937007874,0.968503937007874,0.968503937007874,0.968503937007874,0.968503937007874,0.9673790776152981,0.9673790776152981,0.9628796400449944,0.9617547806524185,0.9572553430821147,0.9493813273340832,0.9347581552305961,0.9043869516310461,0.8740157480314961,0.829021372328459,0.734533183352081,0.5916760404949382,0.24296962879640044,0.8783375762240246,0.9907940161104718,0.9907940161104718,0.9907940161104718,0.9907940161104718,0.9907940161104718,0.9907940161104718,0.9896432681242808,0.9896432681242808,0.9850402761795167,0.9838895281933256,0.9792865362485615,0.9712313003452244,0.956271576524741,0.9252013808975834,0.8941311852704258,0.8481012658227848,0.7514384349827388,0.6052934407364787,0.24856156501726123,0.8985524801647387,0.3209558802014755,0.3209558802014755,0.3209558802014755,0.3209558802014755,0.3209558802014755,0.3209558802014755,0.3213267591319423,0.3213267591319423,0.32120558345145706,0.3213169350110494,0.32021384187361607,0.31933948391184097,0.31632709375454354,0.30835267748660294,0.30393404862813606,0.2958220675077522,0.2758434907899865,0.25114284457564007,0.12744356374369228,0.3015437068530029,0.9863548814874509,0.9863548814874509,0.9863548814874509,0.9863548814874509,0.9863548814874509,0.9863548814874509,0.9863390150705759,0.9863390150705759,0.986287051284007,0.985161918171978,0.9817603740377695,0.9742597287273148,0.9597945882174114,0.9293998601210307,0.9003422001229038,0.8598812932369364,0.7761110779153463,0.6648263440801007,0.3241868672384331,0.9069904538010045,0.8850888975103456,0.8850888975103456,0.8850888975103456,0.8850888975103456,0.8850888975103456,0.8850888975103456,0.8857396766037847,0.8857396766037847,0.8878900312516854,0.8883555471476803,0.8900874986727261,0.8926599952430989,0.8969830203788363,0.9043191809878249,0.9104851022480808,0.9178645614939481,0.9296628816473367,0.9419610349606173,0.9622147962369306,0.9002366520283375,0.5565735777322582,0.5565735777322582,0.5565735777322582,0.5565735777322582,0.5565735777322582,0.5565735777322582,0.5565715566851228,0.5565715566851228,0.5548958419189868,0.5546545398801472,0.5519043373759241,0.5483672331333325,0.5403794042374873,0.5221183786171558,0.5077546628544831,0.48512237849171275,0.4351459960851617,0.36571876941734405,0.15468198258229096,0.5091225318083064,861.0,861.0,861.0,861.0,861.0,861.0,860.0,860.0,856.0,855.0,851.0,844.0,831.0,804.0,777.0,737.0,653.0,526.0,216.0,780.8421052631579,28.0,28.0,28.0,28.0,28.0,28.0,29.0,29.0,33.0,34.0,38.0,45.0,58.0,85.0,112.0,152.0,236.0,363.0,673.0,108.15789473684211,8.0,8.0,8.0,8.0,8.0,8.0,9.0,9.0,13.0,14.0,18.0,25.0,38.0,65.0,92.0,132.0,216.0,343.0,653.0,88.15789473684211,0.9381327334083239,0.8882173638435962,0.9482564679415073,0.9628796400449944,0.9850402761795167,1.0,0.0,0.0,0.8304995089427653,0.9738339021615472,0.021630615640599003,0.9471830792919693,760.3140634501183,856,33,13,9,2,0,0,10.0,601,0.4869169510807736,0.4814398200224972,0.49252013808975836,428,461,441,869,889,12,2
legoassemble_004_legoassemble_aria02_rgb,0.8800324429994226,0.9003813102476369,0.792364764088249,0.8800324429994226,0.8800324429994226,0.8800324429994226,0.8800324429994226,0.8800324429994226,0.8800324429994226,0.8800324429994226,0.8800324429994226,0.877704029796576,0.8748373998815342,0.8708590295524783,0.8622626702703192,0.8464494983822118,0.8314925113008557,0.8109327957239219,0.7452391270154298,0.6589652191130103,0.45956187051991126,0.1374571320236452,0.7903168856618565,0.9840823970037453,0.9840823970037453,0.9840823970037453,0.9840823970037453,0.9840823970037453,0.9840823970037453,0.9840823970037453,0.9840823970037453,0.9803738317757009,0.9748369058713886,0.9693308550185874,0.9602220166512488,0.9422548120989918,0.9228675136116152,0.8953488372093024,0.8188841201716738,0.7116316639741519,0.4849334267694464,0.13619302949061662,0.8773440099301414,0.7869839996015948,0.7869839996015948,0.7869839996015948,0.7869839996015948,0.7869839996015948,0.7869839996015948,0.7869839996015948,0.7869839996015948,0.7857863387946895,0.7850959187345904,0.7823907032635845,0.7742968809803267,0.7603853481156074,0.7491647350806713,0.7344757393445841,0.6782172748914558,0.6101965131450786,0.4355177456887704,0.13873296757428843,0.712112219075074,0.9971537001897534,0.9971537001897534,0.9971537001897534,0.9971537001897534,0.9971537001897534,0.9971537001897534,0.9971537001897534,0.9971537001897534,0.9952561669829222,0.9924098671726755,0.9895635673624289,0.9848197343453511,0.9753320683111955,0.9648956356736242,0.9497153700189753,0.905123339658444,0.8358633776091081,0.6565464895635673,0.2409867172675522,0.9193548387096775,0.9868544600938968,0.9868544600938968,0.9868544600938968,0.9868544600938968,0.9868544600938968,0.9868544600938968,0.9868544600938968,0.9868544600938968,0.9849765258215962,0.9821596244131455,0.9793427230046948,0.9746478873239437,0.9652582159624413,0.9549295774647887,0.939906103286385,0.895774647887324,0.8272300469483568,0.6497652582159624,0.23849765258215963,0.9098591549295776,0.7914477173148029,0.7914477173148029,0.7914477173148029,0.7914477173148029,0.7914477173148029,0.7914477173148029,0.7914477173148029,0.7914477173148029,0.7910068393066767,0.7910854848679657,0.7898065636214295,0.785221725145994,0.7774720073071499,0.7716732502819014,0.7641974847717097,0.7310788444677824,0.6894269227519999,0.5558153162669752,0.22813933698050431,0.737184500752027,0.9924581476969324,0.9924581476969324,0.9924581476969324,0.9924581476969324,0.9924581476969324,0.9924581476969324,0.9924581476969324,0.9924581476969324,0.9905971382276365,0.9878944887908063,0.9851384694032844,0.9803769523024436,0.9709861991182205,0.9606517982033955,0.9458688167411676,0.9017318513297119,0.835835662494878,0.6628357235903715,0.25943663428007574,0.9168957324240763,0.9003813102476369,0.9003813102476369,0.9003813102476369,0.9003813102476369,0.9003813102476369,0.9003813102476369,0.9003813102476369,0.9003813102476369,0.90127150170488,0.9024966311893725,0.9035938013378811,0.9051748379444702,0.9079529871082164,0.9104969971984166,0.9134559327667934,0.9202016841723923,0.9276751269127446,0.9406073429597172,0.9635175476575484,0.9104997301543961,0.8858577804551144,0.8858577804551144,0.8858577804551144,0.8858577804551144,0.8858577804551144,0.8858577804551144,0.8858577804551144,0.8858577804551144,0.8843408277447935,0.8826873378661351,0.8799007531493039,0.873236994538985,0.8611783870320503,0.8502151394088008,0.8351903367266662,0.7834987459235678,0.7141714909478997,0.5347313784271507,0.18284639026383195,0.8088873697721105,1051.0,1051.0,1051.0,1051.0,1051.0,1051.0,1051.0,1051.0,1049.0,1046.0,1043.0,1038.0,1028.0,1017.0,1001.0,954.0,881.0,692.0,254.0,969.0,3.0,3.0,3.0,3.0,3.0,3.0,3.0,3.0,5.0,8.0,11.0,16.0,26.0,37.0,53.0,100.0,173.0,362.0,800.0,85.0,14.0,14.0,14.0,14.0,14.0,14.0,14.0,14.0,16.0,19.0,22.0,27.0,37.0,48.0,64.0,111.0,184.0,373.0,811.0,96.0,0.9724857685009488,0.9024966311893725,0.9743833017077799,0.9924098671726755,0.9821596244131455,1.0,0.0,0.0,0.8757224632107055,0.9872581406323737,0.03161397670549085,0.9740976945012675,944.0114762240836,1046,8,19,2,2,0,0,6.0,601,0.8739971684756961,0.8785578747628083,0.8694835680751174,926,128,139,1065,1054,6,2
legoassemble_005_legoassemble_aria01_rgb,0.6097220354283558,0.8497542979569552,0.5181139201643082,0.6097220354283558,0.6097220354283558,0.6097220354283558,0.6097220354283558,0.6092576707715254,0.6079370526069133,0.606184480898271,0.6034042113519338,0.5939080764328603,0.5920483637211261,0.5862530478123882,0.5723534597484757,0.5353498131942362,0.5049531078426456,0.46268584470116647,0.3981569668620727,0.3068740612591409,0.19871184923380847,0.06490212014242538,0.5095720141206532,0.9413407821229051,0.9413407821229051,0.9413407821229051,0.9413407821229051,0.9386331938633193,0.9305555555555556,0.919889502762431,0.9119669876203577,0.8989071038251366,0.8963165075034106,0.8860244233378561,0.8657718120805369,0.814621409921671,0.7707006369426752,0.6992665036674817,0.5922107674684994,0.4479166666666667,0.27056672760511885,0.07751937984496124,0.7729594898503841,0.39492707375165925,0.39492707375165925,0.39492707375165925,0.39492707375165925,0.3954632244211859,0.39716861365867806,0.3994606132349853,0.39924322614714947,0.3923951671437627,0.39106862592679525,0.38790424622218167,0.3783773949614066,0.3518191628607715,0.33083875748621144,0.30614678347102886,0.267690118061283,0.21024377184821352,0.14593959639985232,0.054338479066865474,0.33620031978510573,0.9479606188466948,0.9479606188466948,0.9479606188466948,0.9479606188466948,0.9465541490857946,0.9423347398030942,0.9367088607594937,0.9324894514767933,0.9254571026722925,0.9240506329113924,0.9184247538677919,0.9071729957805907,0.8776371308016878,0.8509142053445851,0.8045007032348804,0.7271448663853727,0.6047819971870605,0.41631504922644164,0.14064697609001406,0.8235250573691614,0.9926362297496318,0.9926362297496318,0.9926362297496318,0.9926362297496318,0.9911634756995582,0.9867452135493373,0.9808541973490427,0.9764359351988218,0.9690721649484536,0.96759941089838,0.9617083946980854,0.9499263622974963,0.9189985272459499,0.8910162002945509,0.8424153166421208,0.7614138438880707,0.6332842415316642,0.43593519882179677,0.14727540500736377,0.862336253003643,0.3961535433720728,0.3961535433720728,0.3961535433720728,0.3961535433720728,0.3966857006491391,0.3983886728105302,0.4006760290457338,0.4008738261551068,0.39595052325503255,0.39498161944689225,0.39299324644733513,0.3863108802446653,0.36686100413635714,0.35087330299140307,0.33180950414583277,0.29865902904167996,0.24409565699084163,0.17901960047338736,0.07142918271287978,0.3470643132650057,0.9663434249879972,0.9663434249879972,0.9663434249879972,0.9663434249879972,0.9673850851700757,0.9690956620539913,0.9741806271138241,0.975563331533775,0.968198891666323,0.9667584442193591,0.9628369636664679,0.9507554418397843,0.922623673796264,0.8947492777835376,0.8466651815235439,0.7764664424460365,0.6681071570932021,0.5016117558256387,0.22732362470558623,0.8651418558099683,0.8497542979569552,0.8497542979569552,0.8497542979569552,0.8497542979569552,0.8506646984728325,0.8531785489090251,0.8562882161400945,0.8584714403689411,0.8617905504148589,0.8624127792854481,0.8644255706265691,0.8680001343001338,0.8761866835159401,0.8825090177884012,0.8916362347726071,0.903721742089525,0.9192843503146536,0.9384852992425342,0.9635835973081531,0.8762976871251336,0.6118621684929844,0.6118621684929844,0.6118621684929844,0.6118621684929844,0.6118229775733502,0.6117726556573169,0.611701149207382,0.6101557972811377,0.6026150466819399,0.6011382630472325,0.5968759183120714,0.5858786179088592,0.5556703705023143,0.5305802469217729,0.49628147516861776,0.4411909962027288,0.35658329775033387,0.24648904693574428,0.08742163785977221,0.5259803247885532,674.0,674.0,674.0,674.0,673.0,670.0,666.0,663.0,658.0,657.0,653.0,645.0,624.0,605.0,572.0,517.0,430.0,296.0,100.0,585.5263157894736,37.0,37.0,37.0,37.0,38.0,41.0,45.0,48.0,53.0,54.0,58.0,66.0,87.0,106.0,139.0,194.0,281.0,415.0,611.0,125.47368421052632,5.0,5.0,5.0,5.0,6.0,9.0,13.0,16.0,21.0,22.0,26.0,34.0,55.0,74.0,107.0,162.0,249.0,383.0,579.0,93.47368421052632,0.9156118143459916,0.8607514464425696,0.9268635724331927,0.9409282700421941,0.9852724594992637,1.0,0.0,0.0,0.7845889137413208,0.962589928057554,0.026954177897574125,0.9255934036751168,575.8427176700791,669,42,10,8,2,0,0,9.0,371,0.5669064748201439,0.5541490857946554,0.5802650957290133,394,317,285,679,711,10,2
legoassemble_005_legoassemble_aria03_rgb,0.6000428241435488,0.8855034864041678,0.5313400127709154,0.6000428241435488,0.6000428241435488,0.6000428241435488,0.6000428241435488,0.6000428241435488,0.6000428241435488,0.6000428241435488,0.6000428241435488,0.6000428241435488,0.6000428241435488,0.5974709555954917,0.5933987539345682,0.5776864227511244,0.5711184867318922,0.5446889333747956,0.5105141838995282,0.400514076023425,0.24000205371979863,0.07226431652063625,0.5320045486308814,0.8327645051194539,0.8327645051194539,0.8327645051194539,0.8327645051194539,0.8327645051194539,0.8327645051194539,0.8327645051194539,0.8327645051194539,0.8327645051194539,0.8327645051194539,0.826530612244898,0.8203389830508474,0.7989949748743719,0.7840531561461794,0.7406807131280388,0.6833855799373041,0.5234042553191489,0.30498177399756987,0.07723169508525576,0.7309077260514818,0.43235679305822383,0.43235679305822383,0.43235679305822383,0.43235679305822383,0.43235679305822383,0.43235679305822383,0.43235679305822383,0.43235679305822383,0.43235679305822383,0.43235679305822383,0.4318914962031927,0.42923972704741314,0.4176767232903595,0.4160130258134105,0.40055860626910295,0.38137288759665045,0.30647730403927637,0.1888669773105198,0.06761642919309242,0.38754111091290827,0.842832469775475,0.842832469775475,0.842832469775475,0.842832469775475,0.842832469775475,0.842832469775475,0.842832469775475,0.842832469775475,0.842832469775475,0.842832469775475,0.8393782383419689,0.8359240069084629,0.8238341968911918,0.8151986183074266,0.7892918825561313,0.7530224525043178,0.6373056994818653,0.43350604490500866,0.13298791018998274,0.7625670393600582,0.9858585858585859,0.9858585858585859,0.9858585858585859,0.9858585858585859,0.9858585858585859,0.9858585858585859,0.9858585858585859,0.9858585858585859,0.9858585858585859,0.9858585858585859,0.9818181818181818,0.9777777777777777,0.9636363636363636,0.9535353535353536,0.9232323232323232,0.8808080808080808,0.7454545454545455,0.5070707070707071,0.15555555555555556,0.8919723551302499,0.4347190971106111,0.4347190971106111,0.4347190971106111,0.4347190971106111,0.4347190971106111,0.4347190971106111,0.4347190971106111,0.4347190971106111,0.4347190971106111,0.4347190971106111,0.43455572291407035,0.4327038207385801,0.4246329714431001,0.423780818039708,0.4130138140027873,0.3998298554895965,0.3422725850352185,0.23358635176071316,0.08978534174612605,0.3969132764355795,0.9939663023679417,0.9939663023679417,0.9939663023679417,0.9939663023679417,0.9939663023679417,0.9939663023679417,0.9939663023679417,0.9939663023679417,0.9939663023679417,0.9939663023679417,0.9899146355770524,0.9857981212153414,0.9715808957618337,0.9617558536158524,0.9321159712629548,0.8914049658294266,0.7622080947229555,0.5365247123863932,0.21531817657725646,0.9045412868751832,0.8855034864041678,0.8855034864041678,0.8855034864041678,0.8855034864041678,0.8855034864041678,0.8855034864041678,0.8855034864041678,0.8855034864041678,0.8855034864041678,0.8855034864041678,0.8869552645612466,0.8882649663736853,0.8921897204576505,0.894405757359657,0.8999022143309642,0.9056010926905308,0.9192300649304372,0.9386847179550346,0.9642681855569712,0.8970808867504134,0.6036591287452437,0.6036591287452437,0.6036591287452437,0.6036591287452437,0.6036591287452437,0.6036591287452437,0.6036591287452437,0.6036591287452437,0.6036591287452437,0.6036591287452437,0.6020966062335122,0.5990090087450843,0.58659727913796,0.5823514779246156,0.5622789845052013,0.5358939700506838,0.4419499209481402,0.28613803722512576,0.09482704051534194,0.5435649269862161,488.0,488.0,488.0,488.0,488.0,488.0,488.0,488.0,488.0,488.0,486.0,484.0,477.0,472.0,457.0,436.0,369.0,251.0,77.0,441.5263157894737,91.0,91.0,91.0,91.0,91.0,91.0,91.0,91.0,91.0,91.0,93.0,95.0,102.0,107.0,122.0,143.0,210.0,328.0,502.0,137.47368421052633,7.0,7.0,7.0,7.0,7.0,7.0,7.0,7.0,7.0,7.0,9.0,11.0,18.0,23.0,38.0,59.0,126.0,244.0,418.0,53.473684210526315,0.8221070811744386,0.8855435951608892,0.8307426597582038,0.842832469775475,0.9858585858585859,0.5,0.5,0.0,0.7256395068022693,0.9087523277467412,0.018867924528301886,0.829535457678176,432.1452744385139,488,91,7,5,1,1,0,3.0,371,0.5642458100558659,0.5233160621761658,0.6121212121212121,303,276,192,495,579,9,2
tagging_001_tagging_aria01_rgb,0.36352871995259,0.8916532259939776,0.3241415558871881,0.36352871995259,0.36352871995259,0.36272089209612707,0.36177858441445104,0.360034218914291,0.3584910152761285,0.3572630709174286,0.3559130512193298,0.3559130512193298,0.35484038468546863,0.35274387934318613,0.34996095321228476,0.3456099153134737,0.34160291052485936,0.3345635961458799,0.3171356206571804,0.2855068561955001,0.22708966311535772,0.10672007500189862,0.32920764095565025,0.8714470284237726,0.8714470284237726,0.8690322580645161,0.8654217643271088,0.857051282051282,0.8511182108626199,0.8475765306122449,0.8452229299363058,0.8452229299363058,0.8417037507946599,0.8335443037974684,0.8208673790069139,0.8027380211574362,0.784966112138016,0.7578883495145631,0.7031158142269254,0.6121313299944352,0.4412935323383085,0.17334953422438235,0.7629020047279493,0.15164792112424805,0.15164792112424805,0.15139420239247653,0.15123694542474336,0.15124490389767303,0.15099642610567204,0.15059041541552995,0.14987063831526576,0.14987063831526576,0.14959146669461437,0.14927610187869914,0.14919909342897572,0.1487985001517203,0.14865934551138646,0.14769035562792035,0.14304187141658456,0.13316450398867677,0.11686034649225681,0.06570063461300567,0.14265695957468225,0.8748378728923476,0.8748378728923476,0.8735408560311284,0.8715953307392996,0.8670557717250325,0.8638132295719845,0.8618677042801557,0.8605706874189365,0.8605706874189365,0.8586251621271076,0.8540856031128404,0.8469520103761349,0.8365758754863813,0.8261997405966277,0.8099870298313878,0.7756160830090791,0.7133592736705577,0.5752269779507133,0.2775616083009079,0.7990989146016793,0.9955719557195571,0.9955719557195571,0.9940959409594096,0.9918819188191882,0.9867158671586715,0.9830258302583026,0.9808118081180812,0.9793357933579335,0.9793357933579335,0.9771217712177122,0.9719557195571956,0.9638376383763838,0.9520295202952029,0.9402214022140222,0.9217712177121771,0.8826568265682657,0.8118081180811808,0.6546125461254613,0.3158671586715867,0.9093804622256748,0.15224726320392906,0.15224726320392906,0.15203015230781036,0.15190833601819534,0.15197672758851966,0.15178671187111906,0.1514428124990406,0.15083597469362142,0.15083597469362142,0.15061618532510718,0.15039430499635004,0.15041420651928727,0.1501559274899829,0.15014076739986956,0.1494269543023263,0.14560347000349197,0.13730025097554813,0.12309386327327046,0.07373254003942119,0.14453629928444425,0.9536507225028931,0.9536507225028931,0.9522045384566378,0.9505813668251003,0.9499991154303629,0.9491926738034681,0.9468737428600635,0.9453272481650932,0.9453272481650932,0.9430433222376727,0.9398738069377295,0.9364380707817053,0.925996068851491,0.9194154799740187,0.9094366486148652,0.8804507851404897,0.8187511126975094,0.6926567632786609,0.39261566469249576,0.8897623737851706,0.8916532259939776,0.8916532259939776,0.8927622588214181,0.8943783816736337,0.8979016014321068,0.9002704903154507,0.9015433158773901,0.9023319905070126,0.9023319905070126,0.9033127677620434,0.9053186718848075,0.9081060553529351,0.9115427737732448,0.914562933011837,0.9183582431945599,0.9247079514258596,0.932912437841044,0.9459464118267389,0.9654376581482025,0.9107911781759607,0.3642352876162381,0.3642352876162381,0.3636605851010992,0.36306668184712376,0.36212948908984927,0.361154690524944,0.36026242604631664,0.3591298904837678,0.3591298904837678,0.35838944926363986,0.35706381712993907,0.3554778082046301,0.352818984091681,0.35046014423721844,0.3458717572884502,0.33308493813803663,0.30821118384001345,0.25927056129652304,0.13504063762281393,0.3375101847327522,1349.0,1349.0,1347.0,1344.0,1337.0,1332.0,1329.0,1327.0,1327.0,1324.0,1317.0,1306.0,1290.0,1274.0,1249.0,1196.0,1100.0,887.0,428.0,1232.2105263157894,193.0,193.0,195.0,198.0,205.0,210.0,213.0,215.0,215.0,218.0,225.0,236.0,252.0,268.0,293.0,346.0,442.0,655.0,1114.0,309.7894736842105,6.0,6.0,8.0,11.0,18.0,23.0,26.0,28.0,28.0,31.0,38.0,49.0,65.0,81.0,106.0,159.0,255.0,468.0,927.0,122.78947368421052,0.8326848249027238,0.9038440600981646,0.8540856031128404,0.8664072632944229,0.9859778597785978,0.6666666666666666,0.3333333333333333,0.0,0.7493746201628715,0.9223334483948913,0.03161397670549085,0.8531008340208314,1207.535664291148,1336,206,19,33,2,1,0,36.0,601,0.2388677942699344,0.2243839169909209,0.25535055350553504,346,1196,1009,1355,1542,30,3
tagging_001_tagging_aria02_rgb,0.5075516788636544,0.8899014888878403,0.451670994708289,0.5075516788636544,0.5063636406099863,0.5061623680917094,0.5061623680917094,0.5061623680917094,0.5051722945015384,0.5027351141069428,0.5027351141069428,0.501398542003657,0.4984883601484002,0.49525589723838415,0.49010754296327264,0.485678215436145,0.47402807082676535,0.45978161814431817,0.43490779759295045,0.3956490428371562,0.302410407139617,0.11403480089699662,0.4576202758785187,0.9605003291639236,0.957922419460881,0.9566360052562418,0.9566360052562418,0.9566360052562418,0.9553512803676953,0.9451338994121489,0.9451338994121489,0.9413298565840938,0.9337662337662338,0.9225306649451259,0.9077514413837284,0.8944020356234097,0.8600874453466584,0.8247549019607843,0.7652637818612922,0.6655480984340044,0.45766030347528147,0.1405591727307545,0.8393475673524678,0.2682026220038384,0.2676669126045757,0.2678138199529528,0.2678138199529528,0.2678138199529528,0.26712587545151784,0.26741459079324187,0.26741459079324187,0.26706950402665147,0.26611654632357395,0.2658756105023204,0.26461583283562695,0.26373299652077015,0.2612555422677731,0.25631752643218514,0.24716286970632328,0.2352018816765955,0.1998251839888672,0.09251573954925808,0.25057659396501153,0.9739652870493992,0.972630173564753,0.9719626168224299,0.9719626168224299,0.9719626168224299,0.9712950600801068,0.9659546061415221,0.9659546061415221,0.9639519359145527,0.9599465954606141,0.9539385847797063,0.9459279038718291,0.9385847797062751,0.9192256341789052,0.8985313751668892,0.8618157543391188,0.794392523364486,0.6241655540720962,0.24499332443257676,0.8879558709858759,0.9858108108108108,0.9844594594594595,0.9837837837837838,0.9837837837837838,0.9837837837837838,0.9831081081081081,0.9777027027027027,0.9777027027027027,0.9756756756756757,0.9716216216216216,0.9655405405405405,0.9574324324324325,0.95,0.9304054054054054,0.9094594594594595,0.8722972972972973,0.8040540540540541,0.6317567567567568,0.24797297297297297,0.8987553342816501,0.2687279851378107,0.2683690626547137,0.26851690297720077,0.26851690297720077,0.26851690297720077,0.2680022242044191,0.26840834252163587,0.26840834252163587,0.2681762978653337,0.2675394816361212,0.26747863799490246,0.2667242955106911,0.266145130619962,0.2645706399659594,0.26073129778253684,0.2537702418140188,0.245006456744055,0.21707240397942482,0.11616557362360297,0.25478142755307503,0.986027642068422,0.9848494220818917,0.9841979908241641,0.9841979908241641,0.9841979908241641,0.9835127640085664,0.9799959897616258,0.9799959897616258,0.97920447070725,0.9759025334202054,0.9708807239676901,0.9649245259019202,0.9591050128086873,0.9427631576782206,0.9244865133954522,0.892873401800638,0.8413122459512761,0.6933702565193558,0.3243780512173353,0.9124303512380343,0.8899014888878403,0.8910108965842575,0.8915256395710954,0.8915256395710954,0.8915256395710954,0.8919475954431414,0.89504670835759,0.89504670835759,0.8960187168398751,0.8977580259100836,0.9000838792199853,0.9028759762926742,0.9050760671154711,0.909876882851243,0.9141742500525099,0.9202319460079987,0.9284390460020229,0.9419665855459701,0.9629628152430492,0.9061576056539257,0.5110969024826603,0.5102361371601682,0.5102009616442162,0.5102009616442162,0.5102009616442162,0.5093702418139807,0.5082424182672892,0.5082424182672892,0.5073875889595942,0.5054282072055849,0.5036159286698783,0.5003074055873078,0.4975296739298299,0.4900538659411305,0.47990555269186747,0.4615288235858908,0.432252954050225,0.35316284725600716,0.15055144833083195,0.4715534367964308,1459.0,1457.0,1456.0,1456.0,1456.0,1455.0,1447.0,1447.0,1444.0,1438.0,1429.0,1417.0,1406.0,1377.0,1346.0,1291.0,1190.0,935.0,367.0,1330.157894736842,39.0,41.0,42.0,42.0,42.0,43.0,51.0,51.0,54.0,60.0,69.0,81.0,92.0,121.0,152.0,207.0,308.0,563.0,1131.0,167.8421052631579,21.0,23.0,24.0,24.0,24.0,25.0,33.0,33.0,36.0,42.0,51.0,63.0,74.0,103.0,134.0,189.0,290.0,545.0,1113.0,149.8421052631579,0.917890520694259,0.8975960707664732,0.9332443257676902,0.9606141522029372,0.9722972972972973,1.0,0.0,0.0,0.8195198570313451,0.9664204163868368,0.06821963394342762,0.9323352951695477,1291.640745832955,1439,59,41,23,3,0,0,33.0,601,0.41034251175285424,0.40787716955941256,0.41283783783783784,611,887,869,1480,1498,25,3
tagging_001_tagging_aria03_rgb,0.465689670237233,0.8725336490542722,0.4063299072989736,0.465689670237233,0.465689670237233,0.465689670237233,0.465689670237233,0.46494817466751037,0.46126030565022946,0.4572431057369733,0.45359680013768794,0.45087292495641335,0.44828057011892397,0.446883123985028,0.4422982139829331,0.43734506285988856,0.42217475423026235,0.4010140999305996,0.35964178554982984,0.291642546674364,0.20333159013216964,0.06756188414392009,0.40372913808977184,0.966304347826087,0.966304347826087,0.966304347826087,0.966304347826087,0.9620390455531453,0.9556756756756757,0.9430719656283566,0.9326923076923077,0.9265175718849841,0.9203821656050956,0.9163135593220338,0.9062170706006323,0.8942408376963351,0.8496932515337423,0.8017928286852589,0.7033898305084746,0.5501285347043702,0.3652830188679245,0.10845588235294118,0.8211111019797698,0.22442915573499417,0.22442915573499417,0.22442915573499417,0.22442915573499417,0.22470689326580728,0.22262894722952756,0.2216917323002932,0.22059799935974803,0.21940910850203182,0.2183391606833575,0.21794343701557378,0.21587290334625042,0.21389171232735768,0.20975984308180023,0.20056591003294602,0.18388411134686064,0.15461000414460577,0.11318274710335027,0.042087234828095,0.19878359828987277,0.9715846994535519,0.9715846994535519,0.9715846994535519,0.9715846994535519,0.9693989071038251,0.966120218579235,0.9595628415300547,0.9540983606557377,0.9508196721311475,0.9475409836065574,0.9453551912568307,0.9398907103825137,0.9333333333333333,0.9081967213114754,0.8797814207650273,0.8163934426229508,0.7016393442622951,0.5289617486338798,0.19344262295081968,0.8674144377336784,0.9944071588366891,0.9944071588366891,0.9944071588366891,0.9944071588366891,0.9921700223713646,0.9888143176733781,0.9821029082774049,0.9765100671140939,0.9731543624161074,0.9697986577181208,0.9675615212527964,0.9619686800894854,0.9552572706935123,0.9295302013422819,0.9004474272930649,0.8355704697986577,0.7181208053691275,0.5413870246085011,0.19798657718120805,0.8877899446603085,0.22448298362989494,0.22448298362989494,0.22448298362989494,0.22448298362989494,0.22476856851529148,0.22310541744690446,0.222449820442211,0.22161028213198855,0.22062715208703307,0.21973513969397276,0.21942621282676175,0.21764013351885977,0.21620594123551787,0.21301377631064336,0.2056300852392046,0.1919217507525213,0.16639761828254448,0.12664405017783278,0.04797873436504227,0.20184666408136365,0.9952554007672118,0.9952554007672118,0.9952554007672118,0.9952554007672118,0.9939763825051311,0.9906717482755653,0.9872023792701287,0.9841241045348128,0.9810591566867057,0.9780722155494265,0.9758701680790695,0.9713454489179054,0.9648858534546205,0.9428328315367627,0.9180577748213249,0.8635943717082415,0.7649529785903713,0.6314481459574118,0.33282252803658263,0.9085230363680479,0.8725336490542722,0.8725336490542722,0.8725336490542722,0.8725336490542722,0.8739723222264122,0.8760075531479439,0.8797721669759626,0.8826630100265742,0.8842337627702694,0.8856480981188025,0.886510969545474,0.888330578707117,0.8901487647590074,0.8959389322605069,0.9014779162414254,0.911245657414125,0.9252603064540317,0.9409913171131291,0.9652640532264274,0.8935578950107526,0.46696031289971385,0.46696031289971385,0.46696031289971385,0.46696031289971385,0.4667232764182321,0.4637740044024203,0.46122353429740504,0.4587724812508604,0.45674773848207423,0.4548464609884733,0.4539096381252868,0.45044082461344803,0.4468022659285281,0.4364667246763498,0.4200644727727113,0.38745552351995904,0.32936372284210647,0.2446821281233559,0.09023006759331274,0.4152286376649147,889.0,889.0,889.0,889.0,887.0,884.0,878.0,873.0,870.0,867.0,865.0,860.0,854.0,831.0,805.0,747.0,642.0,484.0,177.0,793.6842105263158,26.0,26.0,26.0,26.0,28.0,31.0,37.0,42.0,45.0,48.0,50.0,55.0,61.0,84.0,110.0,168.0,273.0,431.0,738.0,121.3157894736842,5.0,5.0,5.0,5.0,7.0,10.0,16.0,21.0,24.0,27.0,29.0,34.0,40.0,63.0,89.0,147.0,252.0,410.0,717.0,100.3157894736842,0.9169398907103825,0.8834756513872286,0.9420765027322404,0.9595628415300547,0.9821029082774049,1.0,0.0,0.0,0.8051274556480729,0.970702045328911,0.026622296173044926,0.9405882755890518,775.6916219179867,878,37,16,23,3,0,0,25.0,601,0.3692647871752349,0.3650273224043716,0.37360178970917224,334,581,560,894,915,24,3
tagging_001_tagging_aria04_rgb,0.4592935376592678,0.8726296792456946,0.4007931724472272,0.4592935376592678,0.4592935376592678,0.4592935376592678,0.4586047913459646,0.458169658653719,0.458169658653719,0.4576982227473359,0.45752156547722056,0.45640676196773217,0.451658175230647,0.4472323873828668,0.44025028787681675,0.43480240188700986,0.42184882632632287,0.39991558345851413,0.36207523971202704,0.2979482268341157,0.2024383993107155,0.04908331231330607,0.40166863748188614,0.9567723342939481,0.9567723342939481,0.9567723342939481,0.9539568345323741,0.9525521207764198,0.9525521207764198,0.949748743718593,0.9483500717360115,0.9455587392550143,0.9317211948790897,0.9207920792079208,0.900629811056683,0.8874218207088256,0.855191256830601,0.7998674618952949,0.7038895859473023,0.542305508233958,0.33925049309664695,0.07564356435643564,0.8173551794678651,0.22048145224771426,0.22048145224771426,0.22048145224771426,0.22046946678522722,0.22037580047563302,0.22037580047563302,0.22057166644501539,0.22072649026486907,0.220300573324499,0.218944367020813,0.21722255527679615,0.2152053081034662,0.21303637602206718,0.2080896300699041,0.1999487183964228,0.18624864159069504,0.16369582186743292,0.12079954590901594,0.03184899559060208,0.19785811128217026,0.9581529581529582,0.9581529581529582,0.9581529581529582,0.9567099567099567,0.9559884559884559,0.9559884559884559,0.9545454545454546,0.9538239538239538,0.9523809523809523,0.9451659451659452,0.9393939393939394,0.9285714285714286,0.9213564213564214,0.9033189033189033,0.8708513708513709,0.8095238095238095,0.689033189033189,0.4963924963924964,0.1378066378066378,0.8550163287005393,0.9984962406015038,0.9984962406015038,0.9984962406015038,0.9969924812030075,0.9962406015037594,0.9962406015037594,0.9947368421052631,0.9939849624060151,0.9924812030075187,0.9849624060150376,0.9789473684210527,0.9676691729323308,0.9601503759398496,0.9413533834586466,0.9075187969924812,0.843609022556391,0.7180451127819549,0.5172932330827068,0.14360902255639096,0.8910170162247724,0.22089991387549768,0.22089991387549768,0.22089991387549768,0.2209160113734588,0.22082949653467843,0.22082949653467843,0.2210303404074658,0.2211853119287816,0.22084997961739447,0.2198237486974535,0.21840030049163275,0.21678066536888146,0.21499126436107127,0.21092279356935328,0.20421499603719387,0.19245334515615617,0.17215898876141172,0.13166388865524373,0.03834027093684245,0.20042582316095742,0.9765727347894252,0.9765727347894252,0.9765727347894252,0.9756492426258863,0.9752306359936771,0.9752306359936771,0.9746907180380568,0.9750025113194775,0.97348418573612,0.9678661506752393,0.96355810337899,0.9531617529763831,0.9475192586414285,0.9321081427207675,0.9037024787557122,0.8503576222617255,0.7507633362800191,0.5718196481168651,0.18517246384319266,0.884475531143447,0.8726296792456946,0.8726296792456946,0.8726296792456946,0.8736508775569746,0.8741303177099264,0.8741303177099264,0.87493063860124,0.8753008700858991,0.8759783101295934,0.8790321825617952,0.8811739196502084,0.8847753311690846,0.8868083592371997,0.8909416606428514,0.8969806212034137,0.9061256623673982,0.9197173999393061,0.9362151628451978,0.9628825117623206,0.8900349042583905,0.4596247988185664,0.4596247988185664,0.4596247988185664,0.45926608194374857,0.45899533901110634,0.45899533901110634,0.458852570665792,0.45884007416323375,0.45805029181614565,0.4549052204514544,0.45172729818629215,0.44702740450870576,0.44303773319033757,0.43355656658247266,0.41728361520133944,0.3882946173450439,0.33584498533211143,0.2448754543780499,0.06624955094081246,0.41129876522018166,1328.0,1328.0,1328.0,1326.0,1325.0,1325.0,1323.0,1322.0,1320.0,1310.0,1302.0,1287.0,1277.0,1252.0,1207.0,1122.0,955.0,688.0,191.0,1185.0526315789473,58.0,58.0,58.0,60.0,61.0,61.0,63.0,64.0,66.0,76.0,84.0,99.0,109.0,134.0,179.0,264.0,431.0,698.0,1195.0,200.94736842105263,2.0,2.0,2.0,4.0,5.0,5.0,7.0,8.0,10.0,20.0,28.0,43.0,53.0,78.0,123.0,208.0,375.0,642.0,1139.0,144.94736842105263,0.9155844155844156,0.8790321825617952,0.9307359307359307,0.9451659451659452,0.9849624060150376,1.0,0.0,0.0,0.8012497540807731,0.9646539027982327,0.033277870216306155,0.929781948560798,1151.5321591559516,1310,76,20,21,3,0,0,25.0,601,0.3232695139911635,0.31673881673881676,0.3300751879699248,439,947,891,1330,1386,22,3
tagging_002_tagging_aria01_rgb,0.615036775601611,0.9059367835462752,0.5571844382511957,0.615036775601611,0.615036775601611,0.615036775601611,0.615036775601611,0.615036775601611,0.615036775601611,0.615036775601611,0.615036775601611,0.615036775601611,0.615036775601611,0.615036775601611,0.615036775601611,0.613324172407567,0.6100714658406828,0.6083849282625482,0.5594136147342565,0.48049331748519053,0.3089655461586991,0.08308136655006283,0.5602197746662284,0.965034965034965,0.965034965034965,0.965034965034965,0.965034965034965,0.965034965034965,0.965034965034965,0.965034965034965,0.965034965034965,0.965034965034965,0.965034965034965,0.965034965034965,0.965034965034965,0.9581881533101045,0.9446366782006921,0.9379310344827586,0.867109634551495,0.7134146341463414,0.4635416666666667,0.11287128712871287,0.8725322457319133,0.3919756786519346,0.3919756786519346,0.3919756786519346,0.3919756786519346,0.3919756786519346,0.3919756786519346,0.3919756786519346,0.3919756786519346,0.3919756786519346,0.3919756786519346,0.3919756786519346,0.3919756786519346,0.39258108040674733,0.39400036227888957,0.3946262649696233,0.3609042961584836,0.32361801552358593,0.20593555138116287,0.061153847390387345,0.3598172401016892,0.9752650176678446,0.9752650176678446,0.9752650176678446,0.9752650176678446,0.9752650176678446,0.9752650176678446,0.9752650176678446,0.9752650176678446,0.9752650176678446,0.9752650176678446,0.9752650176678446,0.9752650176678446,0.9717314487632509,0.9646643109540636,0.9611307420494699,0.9222614840989399,0.8268551236749117,0.6289752650176679,0.20141342756183744,0.9042216849544357,0.989247311827957,0.989247311827957,0.989247311827957,0.989247311827957,0.989247311827957,0.989247311827957,0.989247311827957,0.989247311827957,0.989247311827957,0.989247311827957,0.989247311827957,0.989247311827957,0.985663082437276,0.978494623655914,0.974910394265233,0.9354838709677419,0.8387096774193549,0.6379928315412187,0.20430107526881722,0.9171854367100546,0.39618704289999346,0.39618704289999346,0.39618704289999346,0.39618704289999346,0.39618704289999346,0.39618704289999346,0.39618704289999346,0.39618704289999346,0.39618704289999346,0.39618704289999346,0.39618704289999346,0.39618704289999346,0.39684657827484876,0.3983429444703231,0.3990176802411154,0.3757467548608071,0.3509944302304389,0.24886287337794263,0.08336287902773107,0.3688115081727962,0.989505325723426,0.989505325723426,0.989505325723426,0.989505325723426,0.989505325723426,0.989505325723426,0.989505325723426,0.989505325723426,0.989505325723426,0.989505325723426,0.989505325723426,0.989505325723426,0.9860732238775716,0.9805987908412658,0.9775403305134763,0.9388904191268339,0.8463680446756896,0.6558978268676539,0.24588906966125135,0.921332716539203,0.9059367835462752,0.9059367835462752,0.9059367835462752,0.9059367835462752,0.9059367835462752,0.9059367835462752,0.9059367835462752,0.9059367835462752,0.9059367835462752,0.9059367835462752,0.9059367835462752,0.9059367835462752,0.9069158191603462,0.9084920814985025,0.9091438671595341,0.9148226900110413,0.9247390730329462,0.939653401098664,0.9637756309602488,0.9125675771303465,0.6182880939868116,0.6182880939868116,0.6182880939868116,0.6182880939868116,0.6182880939868116,0.6182880939868116,0.6182880939868116,0.6182880939868116,0.6182880939868116,0.6182880939868116,0.6182880939868116,0.6182880939868116,0.6176434100844037,0.6165047347696662,0.6158631624658718,0.5769299193080616,0.517286394803869,0.3599004973691013,0.11098290864584259,0.5702404292257135,276.0,276.0,276.0,276.0,276.0,276.0,276.0,276.0,276.0,276.0,276.0,276.0,275.0,273.0,272.0,261.0,234.0,178.0,57.0,255.89473684210526,7.0,7.0,7.0,7.0,7.0,7.0,7.0,7.0,7.0,7.0,7.0,7.0,8.0,10.0,11.0,22.0,49.0,105.0,226.0,27.105263157894736,3.0,3.0,3.0,3.0,3.0,3.0,3.0,3.0,3.0,3.0,3.0,3.0,4.0,6.0,7.0,18.0,45.0,101.0,222.0,23.105263157894736,0.9363957597173145,0.9059367835462752,0.9646643109540636,0.9752650176678446,0.989247311827957,1.0,0.0,0.0,0.8446591952606782,0.9822064056939501,0.013636363636363636,0.9614731802579791,250.03855225877194,276,7,3,8,3,0,0,8.0,220,0.5302491103202847,0.5265017667844523,0.5340501792114696,149,134,130,279,283,11,3
tagging_002_tagging_aria02_rgb,0.6700277604268557,0.892361873081572,0.5979072273111598,0.6700277604268557,0.6700277604268557,0.6700277604268557,0.6700277604268557,0.6700277604268557,0.6694373305112221,0.6628192435454259,0.6514197192724456,0.6486121668151235,0.643695467425603,0.6273776028128479,0.6189095204659718,0.6080716801759145,0.6009246770554223,0.5937743019303938,0.5502484709890076,0.5071316495051932,0.41031340074249706,0.14250205875886907,0.5939671627442219,0.9467554076539102,0.9467554076539102,0.9467554076539102,0.9467554076539102,0.9467554076539102,0.9435215946843853,0.9306930693069307,0.9148936170212766,0.9024390243902439,0.8932038834951457,0.8690095846645367,0.8541996830427893,0.839622641509434,0.8252730109204368,0.8083462132921174,0.7514970059880239,0.6858789625360231,0.541501976284585,0.17117117117117117,0.8244751829777185,0.4741849860198935,0.4741849860198935,0.4741849860198935,0.4741849860198935,0.4741849860198935,0.47497200064816686,0.4720453650109275,0.4638218507181074,0.46617858001527,0.46388496785629724,0.4529324687058979,0.4484302700264888,0.4403777958717722,0.43756485758744584,0.4361595512361443,0.40289366080397376,0.3749677770826083,0.3109076129029552,0.11863467785827868,0.42814191402230534,0.9483333333333334,0.9483333333333334,0.9483333333333334,0.9483333333333334,0.9483333333333334,0.9466666666666667,0.94,0.9316666666666666,0.925,0.92,0.9066666666666666,0.8983333333333333,0.89,0.8816666666666667,0.8716666666666667,0.8366666666666667,0.7933333333333333,0.685,0.285,0.8659649122807017,0.9982456140350877,0.9982456140350877,0.9982456140350877,0.9982456140350877,0.9982456140350877,0.9964912280701754,0.9894736842105263,0.980701754385965,0.9736842105263158,0.968421052631579,0.9543859649122807,0.9456140350877194,0.9368421052631579,0.9280701754385965,0.9175438596491228,0.8807017543859649,0.8350877192982457,0.7210526315789474,0.3,0.9115420129270545,0.5078613567728536,0.5078613567728536,0.5078613567728536,0.5078613567728536,0.5078613567728536,0.5086992051644965,0.5061042896759045,0.49883288243644375,0.5011336292518701,0.49917398013264913,0.4910764753510153,0.4886918650392894,0.4829432511897294,0.48079666066617543,0.4800073207456158,0.45734822694094474,0.43656017081189596,0.38366224084915374,0.1761513988180149,0.47002570425986656,0.8672684960031182,0.8672684960031182,0.8672684960031182,0.8672684960031182,0.8672684960031182,0.868515287529372,0.8653274916572788,0.8594540522089718,0.8608796608796611,0.8600597771793425,0.8512104238955299,0.8475334800247428,0.8428201230004209,0.8397261879984876,0.836370684986675,0.8103584158634937,0.7766906732774848,0.6803187948688546,0.3064172173240344,0.8127381447742074,0.892361873081572,0.892361873081572,0.892361873081572,0.892361873081572,0.892361873081572,0.8934630816126161,0.8974811729308978,0.9021856681861663,0.9055785704945502,0.9079283148424931,0.9137104181154461,0.9169010590347179,0.9196976526002605,0.9220968713422788,0.9242772755872627,0.9303854685790254,0.9359473380291219,0.9443959625116057,0.9640412143398942,0.9126262859796945,0.6705858844390222,0.6705858844390222,0.6705858844390222,0.6705858844390222,0.6705858844390222,0.6705521311677399,0.6661250956916965,0.6573639460646616,0.6566697697580762,0.6532795499843795,0.6408266314898912,0.6346966671099372,0.6260481118299753,0.6211170175092597,0.6165920386777948,0.5805925388824691,0.5454121711930675,0.4614885858160788,0.18387735910005185,0.6088195282352732,569.0,569.0,569.0,569.0,569.0,568.0,564.0,559.0,555.0,552.0,544.0,539.0,534.0,529.0,523.0,502.0,476.0,411.0,171.0,519.578947368421,31.0,31.0,31.0,31.0,31.0,32.0,36.0,41.0,45.0,48.0,56.0,61.0,66.0,71.0,77.0,98.0,124.0,189.0,429.0,80.42105263157895,1.0,1.0,1.0,1.0,1.0,2.0,6.0,11.0,15.0,18.0,26.0,31.0,36.0,41.0,47.0,68.0,94.0,159.0,399.0,50.421052631578945,0.9166666666666666,0.9068836558617861,0.93,0.94,0.9894736842105263,1.0,0.0,0.0,0.8291373031767456,0.9641025641025641,0.02727272727272727,0.9284948500216801,511.48238190604735,564,36,6,8,3,0,0,9.0,220,0.6410256410256411,0.625,0.6578947368421053,375,225,195,570,600,9,3
tagging_002_tagging_aria03_rgb,0.7456404609789976,0.8774940626151345,0.6542950773546823,0.7456404609789976,0.7456404609789976,0.7456404609789976,0.7456404609789976,0.7456404609789976,0.7456404609789976,0.7422897108334209,0.7422897108334209,0.7422897108334209,0.7422897108334209,0.741340914384265,0.7294190902676994,0.7148399902269668,0.7052224838925838,0.6913648166039461,0.6439553764650519,0.5074926550531622,0.26757703314286263,0.04994985296340072,0.6575875695898741,0.9521640091116174,0.9521640091116174,0.9521640091116174,0.9521640091116174,0.9521640091116174,0.9521640091116174,0.9477272727272728,0.9477272727272728,0.9477272727272728,0.9477272727272728,0.9433106575963719,0.9258426966292135,0.8876651982378855,0.8630434782608696,0.8351177730192719,0.7633744855967078,0.5988805970149254,0.30045523520485584,0.052825552825552825,0.8249688852612869,0.5839116913983223,0.5839116913983223,0.5839116913983223,0.5839116913983223,0.5839116913983223,0.5839116913983223,0.5813845719808921,0.5813845719808921,0.5813845719808921,0.5813845719808921,0.582614377261979,0.5746680415410105,0.57566322600241,0.5762615260007753,0.5723567682073241,0.5432176928917194,0.4300503242493416,0.23829662550802333,0.047230699493190614,0.5247035640773304,0.960919540229885,0.960919540229885,0.960919540229885,0.960919540229885,0.960919540229885,0.960919540229885,0.9586206896551724,0.9586206896551724,0.9586206896551724,0.9586206896551724,0.9563218390804598,0.9471264367816092,0.9264367816091954,0.9126436781609195,0.896551724137931,0.8528735632183908,0.7379310344827587,0.45517241379310347,0.09885057471264368,0.8623109497882636,0.990521327014218,0.990521327014218,0.990521327014218,0.990521327014218,0.990521327014218,0.990521327014218,0.9881516587677726,0.9881516587677726,0.9881516587677726,0.9881516587677726,0.985781990521327,0.976303317535545,0.9549763033175356,0.9407582938388626,0.9241706161137441,0.8791469194312796,0.7606635071090048,0.46919431279620855,0.1018957345971564,0.8888750311798455,0.5839980460793858,0.5839980460793858,0.5839980460793858,0.5839980460793858,0.5839980460793858,0.5839980460793858,0.5823827518072122,0.5823827518072122,0.5823827518072122,0.5823827518072122,0.5836173664298664,0.5784960679378155,0.5813934571999089,0.5834214763685797,0.5815859449192782,0.565103026154239,0.4872772375887641,0.31901786017947636,0.07582581070953164,0.5362767121680327,0.9960852544584602,0.9960852544584602,0.9960852544584602,0.9960852544584602,0.9960852544584602,0.9960852544584602,0.9937348822240909,0.9937348822240909,0.9937348822240909,0.9937348822240909,0.9916593822843822,0.9822504023674783,0.9684863944825993,0.9652237507475321,0.9520243989998695,0.9195123324984109,0.8023700880188289,0.5233792045383908,0.15805451297911896,0.9060216590823019,0.8774940626151345,0.8774940626151345,0.8774940626151345,0.8774940626151345,0.8774940626151345,0.8774940626151345,0.8788557864640433,0.8788557864640433,0.8788557864640433,0.8788557864640433,0.8796529855079602,0.8826011204252883,0.8882528665427545,0.8915501897652979,0.8944161745763224,0.9005127984577347,0.9119739238981908,0.9321271478022516,0.9615244536523063,0.8906841674828992,0.7490608480179233,0.7490608480179233,0.7490608480179233,0.7490608480179233,0.7490608480179233,0.7490608480179233,0.7465435548895992,0.7465435548895992,0.7465435548895992,0.7465435548895992,0.7464361009074336,0.7377555791161481,0.7302845927365849,0.7252044116467935,0.716343107287486,0.6806585115458663,0.563336028186519,0.32934184403327527,0.06832848446279238,0.672538314083623,418.0,418.0,418.0,418.0,418.0,418.0,417.0,417.0,417.0,417.0,416.0,412.0,403.0,397.0,390.0,371.0,321.0,198.0,43.0,375.10526315789474,17.0,17.0,17.0,17.0,17.0,17.0,18.0,18.0,18.0,18.0,19.0,23.0,32.0,38.0,45.0,64.0,114.0,237.0,392.0,59.89473684210526,4.0,4.0,4.0,4.0,4.0,4.0,5.0,5.0,5.0,5.0,6.0,10.0,19.0,25.0,32.0,51.0,101.0,224.0,379.0,46.89473684210526,0.9333333333333333,0.8788557864640433,0.9471264367816092,0.9586206896551724,0.9881516587677726,1.0,0.0,0.0,0.817201983805761,0.9731621936989499,0.022727272727272728,0.9453375833324514,366.48286295550605,417,18,5,6,3,0,0,4.0,220,0.7141190198366394,0.7034482758620689,0.7251184834123223,306,129,116,422,435,11,3
tagging_002_tagging_aria04_rgb,0.8078683993052919,0.8877388145893429,0.7171761351434697,0.8078683993052919,0.8078683993052919,0.8078683993052919,0.8070737086493674,0.80552374492029,0.80552374492029,0.80552374492029,0.8032948159002931,0.7997759249481797,0.7870319212638986,0.777949184076661,0.7699545393322493,0.766027768248867,0.7529345956213908,0.7286680673592777,0.6846284890071573,0.618771324979732,0.4018977778877752,0.09257200873398831,0.7174082399308201,0.9418238993710691,0.9418238993710691,0.9418238993710691,0.9387755102040817,0.9327073552425665,0.9327073552425665,0.9327073552425665,0.9236760124610592,0.9206842923794712,0.9058641975308642,0.8941717791411042,0.8826219512195121,0.8768996960486323,0.8571428571428571,0.8135095447870778,0.7642857142857142,0.6757123473541384,0.42939814814814814,0.09973285841495994,0.8213720354188699,0.6929653739217299,0.6929653739217299,0.6929653739217299,0.69384849105346,0.6956828419795822,0.6956828419795822,0.6956828419795822,0.6986027054367072,0.6947457835666869,0.6837881956000794,0.6768329610971077,0.6716692144572516,0.6691740735827515,0.6613955894974718,0.6526747667454521,0.6132734907890773,0.5666286166242099,0.37615864103681296,0.08592531024619836,0.6268769730230106,0.9433070866141732,0.9433070866141732,0.9433070866141732,0.9417322834645669,0.9385826771653544,0.9385826771653544,0.9385826771653544,0.9338582677165355,0.9322834645669291,0.9244094488188976,0.9181102362204724,0.9118110236220472,0.9086614173228347,0.8976377952755905,0.8724409448818897,0.84251968503937,0.784251968503937,0.584251968503937,0.1763779527559055,0.8565271446332368,0.9983333333333333,0.9983333333333333,0.9983333333333333,0.9966666666666667,0.9933333333333333,0.9933333333333333,0.9933333333333333,0.9883333333333333,0.9866666666666667,0.9783333333333334,0.9716666666666667,0.965,0.9616666666666667,0.95,0.9233333333333333,0.8916666666666667,0.83,0.6183333333333333,0.18666666666666668,0.9064912280701755,0.6930789855664647,0.6930789855664647,0.6930789855664647,0.6939721371159498,0.6958190578995948,0.6958190578995948,0.6958190578995948,0.6987478232840796,0.6965574403074403,0.6907079575733749,0.6870881262819513,0.6848307708411334,0.6837389358186586,0.6801903651903651,0.6774883660262722,0.6528895714877023,0.6214019247151777,0.4687818470837339,0.1355051198801199,0.6441365534739021,0.9983626557082316,0.9983626557082316,0.9983626557082316,0.9967921919217905,0.9942646489416622,0.9942646489416622,0.9942646489416622,0.9910034807800406,0.9893067729005228,0.9820049732236255,0.9766298663706818,0.9718307164445255,0.9702422141224487,0.9591812935126888,0.9379793135250275,0.9102498891423525,0.8629180234985372,0.6692390776659869,0.21794639790938053,0.9164845328930153,0.8877388145893429,0.8877388145893429,0.8877388145893429,0.8889007937209662,0.8911662959125191,0.8911662959125191,0.8911662959125191,0.8938329040272458,0.8946312129785425,0.8982140542655642,0.9008028659865073,0.9030714497906921,0.9040616936414124,0.9069121548987337,0.9122266961355625,0.9168508994678257,0.9232991610791211,0.9385621050890178,0.9619737773164225,0.9042134263106947,0.8085042659124367,0.8085042659124367,0.8085042659124367,0.8083436916672382,0.8080568447103201,0.8080568447103201,0.8080568447103201,0.8077102898448233,0.8047981151175845,0.7950473375865981,0.7882938981082293,0.7825825157577205,0.7797773157366132,0.7705152034590298,0.7545993574076042,0.7188149889245552,0.6666180375583901,0.46879785248604094,0.12310698725555953,0.7325625748830662,599.0,599.0,599.0,598.0,596.0,596.0,596.0,593.0,592.0,587.0,583.0,579.0,577.0,570.0,554.0,535.0,498.0,371.0,112.0,543.8947368421053,36.0,36.0,36.0,37.0,39.0,39.0,39.0,42.0,43.0,48.0,52.0,56.0,58.0,65.0,81.0,100.0,137.0,264.0,523.0,91.10526315789474,1.0,1.0,1.0,2.0,4.0,4.0,4.0,7.0,8.0,13.0,17.0,21.0,23.0,30.0,46.0,65.0,102.0,229.0,488.0,56.10526315789474,0.8960629921259843,0.8982140542655642,0.9039370078740158,0.9244094488188976,0.9783333333333334,1.0,0.0,0.0,0.8019711021321042,0.9506072874493927,0.05909090909090909,0.902836267709707,527.2516498538862,587,48,13,5,3,0,0,9.0,220,0.7692307692307693,0.7480314960629921,0.7916666666666666,475,160,125,600,635,8,3
tagging_003_tagging_aria01_rgb,0.5113716011626104,0.9052326987912083,0.4629102946056112,0.5113716011626104,0.5104298642107082,0.5104298642107082,0.5104298642107082,0.5104298642107082,0.5104298642107082,0.5104298642107082,0.5104298642107082,0.5104298642107082,0.5072900239582008,0.5038888459649498,0.5023592995647351,0.4949105241827849,0.4848757127428936,0.46643483144237896,0.4530481409903512,0.41684965358126597,0.3129361577600066,0.14736674655714146,0.46761949745226244,0.9138576779026217,0.9114713216957606,0.9114713216957606,0.9114713216957606,0.9114713216957606,0.9114713216957606,0.9114713216957606,0.9114713216957606,0.9114713216957606,0.9067164179104478,0.8996282527881041,0.8972772277227723,0.8809815950920246,0.8581818181818182,0.8142011834319527,0.7804878048780488,0.6939226519337016,0.476878612716763,0.1810477657935285,0.8207869253640984,0.28615059084011624,0.2858440414707058,0.2858440414707058,0.2858440414707058,0.2858440414707058,0.2858440414707058,0.2858440414707058,0.2858440414707058,0.2858440414707058,0.28381880301733825,0.28223209787042186,0.28125629188166956,0.2780267241806495,0.2739564645007648,0.2672084693682631,0.2629799168827293,0.2504077842200532,0.20535422688741892,0.11995153817917498,0.2672681705049604,0.9172932330827067,0.9160401002506265,0.9160401002506265,0.9160401002506265,0.9160401002506265,0.9160401002506265,0.9160401002506265,0.9160401002506265,0.9160401002506265,0.9135338345864662,0.9097744360902256,0.9085213032581454,0.899749373433584,0.8872180451127819,0.8621553884711779,0.8421052631578947,0.7869674185463659,0.6203007518796992,0.29448621553884713,0.8510750560612056,0.9959183673469387,0.9945578231292517,0.9945578231292517,0.9945578231292517,0.9945578231292517,0.9945578231292517,0.9945578231292517,0.9945578231292517,0.9945578231292517,0.9918367346938776,0.9877551020408163,0.9863945578231292,0.9768707482993197,0.963265306122449,0.9360544217687075,0.9142857142857143,0.854421768707483,0.673469387755102,0.3197278911564626,0.9240243465807375,0.28901388510659487,0.28878186485413443,0.28878186485413443,0.28878186485413443,0.28878186485413443,0.28878186485413443,0.28878186485413443,0.28878186485413443,0.28878186485413443,0.2872469018988125,0.28593635734446793,0.2851844978611381,0.2826204683616439,0.2793010506319112,0.27397797194617696,0.2704672945021124,0.26027449079208526,0.22139222149879717,0.1381773720813202,0.27283407530832293,0.9500007899712136,0.9485848202900994,0.9485848202900994,0.9485848202900994,0.9485848202900994,0.9485848202900994,0.9485848202900994,0.9485848202900994,0.9485848202900994,0.9457445290762396,0.942865485319201,0.9414852330408872,0.9330922144860203,0.924803063908074,0.9021551615546626,0.8920697954082917,0.852592547698039,0.7169638448081871,0.43569513891353306,0.8961129666581655,0.9052326987912083,0.9063926245153985,0.9063926245153985,0.9063926245153985,0.9063926245153985,0.9063926245153985,0.9063926245153985,0.9063926245153985,0.9063926245153985,0.9075539564900424,0.9091033426348634,0.909565313039022,0.9121996249419997,0.9155946786824882,0.9211091017450853,0.9245434600242317,0.9314799860489237,0.9456682272173603,0.96421656077515,0.9156530498165033,0.512331924264199,0.5117075379597897,0.5117075379597897,0.5117075379597897,0.5117075379597897,0.5117075379597897,0.5117075379597897,0.5117075379597897,0.5117075379597897,0.5091935579405634,0.5067223575949895,0.5054971145811693,0.5001543470563174,0.4930102624493508,0.47997418858828617,0.4705919380012497,0.443917523343662,0.35690528342956807,0.18794699924832206,0.47683714737768407,732.0,731.0,731.0,731.0,731.0,731.0,731.0,731.0,731.0,729.0,726.0,725.0,718.0,708.0,688.0,672.0,628.0,495.0,235.0,679.1578947368421,66.0,67.0,67.0,67.0,67.0,67.0,67.0,67.0,67.0,69.0,72.0,73.0,80.0,90.0,110.0,126.0,170.0,303.0,563.0,118.84210526315789,3.0,4.0,4.0,4.0,4.0,4.0,4.0,4.0,4.0,6.0,9.0,10.0,17.0,27.0,47.0,63.0,107.0,240.0,500.0,55.8421052631579,0.8909774436090225,0.9075027420562581,0.9060150375939849,0.9135338345864662,0.9918367346938776,0.6666666666666666,0.3333333333333333,0.0,0.8064780688709426,0.9510763209393346,0.01929260450160772,0.9046626801427975,661.5694989590122,729,69,6,12,2,1,0,17.0,311,0.3887801696020874,0.37343358395989973,0.4054421768707483,298,500,437,735,798,15,3
tagging_003_tagging_aria02_rgb,0.5754419885711197,0.9287612675955812,0.5344482307330352,0.5754419885711197,0.5754419885711197,0.5754419885711197,0.5754419885711197,0.5754419885711197,0.5754419885711197,0.5732662402219167,0.5725555326381981,0.5725555326381981,0.5704196737231372,0.5683215602454567,0.5635292274980016,0.5615598832732671,0.5551666778762946,0.5517867351936545,0.5429496959453096,0.5249978429149172,0.4753020045237247,0.228501141843812,0.5428191410506634,0.9465875370919882,0.9465875370919882,0.9465875370919882,0.9465875370919882,0.9465875370919882,0.9465875370919882,0.9437037037037037,0.9408284023668639,0.9408284023668639,0.9379615952732644,0.9351032448377581,0.9265785609397944,0.9181286549707602,0.9042089985486212,0.8932178932178932,0.8716119828815977,0.8324022346368715,0.7240473061760841,0.28,0.8804287474985267,0.3498181301097202,0.3498181301097202,0.3498181301097202,0.3498181301097202,0.3498181301097202,0.3498181301097202,0.34823873307734127,0.34843743782596986,0.34843743782596986,0.3468997086982169,0.3454050636899131,0.34272883447939895,0.34346984030460126,0.34086150515967056,0.3408671091874326,0.33821743862733233,0.33111724548115157,0.3120127560412887,0.1864741850854496,0.3353724250601083,0.9508196721311475,0.9508196721311475,0.9508196721311475,0.9508196721311475,0.9508196721311475,0.9508196721311475,0.9493293591654247,0.9478390461997019,0.9478390461997019,0.9463487332339792,0.9448584202682563,0.940387481371088,0.9359165424739195,0.9284649776453056,0.9225037257824144,0.910581222056632,0.8882265275707899,0.8211624441132638,0.4277198211624441,0.9061102831594635,0.9953198127925117,0.9953198127925117,0.9953198127925117,0.9953198127925117,0.9953198127925117,0.9953198127925117,0.9937597503900156,0.9921996879875195,0.9921996879875195,0.9906396255850234,0.9890795631825273,0.984399375975039,0.9797191887675507,0.9719188767550702,0.9656786271450858,0.953198127925117,0.9297971918876755,0.859594383775351,0.44773790951638065,0.9485179407176287,0.3498594559333939,0.3498594559333939,0.3498594559333939,0.3498594559333939,0.3498594559333939,0.3498594559333939,0.34872370416353526,0.3489384879560546,0.3489384879560546,0.34781870604732396,0.3467164221977667,0.34490035530529545,0.3457134252379146,0.3441181106305366,0.3444097821848365,0.34299221443755556,0.33842647054403596,0.3251828143485944,0.22243140975328887,0.3393930066506924,0.9959346044363881,0.9959346044363881,0.9959346044363881,0.9959346044363881,0.9959346044363881,0.9959346044363881,0.994377744598788,0.9929779998817808,0.9929779998817808,0.9914504645068497,0.989957055767999,0.9856186465126846,0.9824810401627886,0.9755468021773072,0.9697158461535562,0.9632971117121839,0.9422127710183137,0.8815854980931018,0.5143086824561854,0.9553744889232448,0.9287612675955812,0.9287612675955812,0.9287612675955812,0.9287612675955812,0.9287612675955812,0.9287612675955812,0.9297057830261672,0.9305513972052594,0.9305513972052594,0.9312606574462519,0.9318860126067977,0.9335899517473621,0.935036996324566,0.9371929561335696,0.9384349259867655,0.9406166554634557,0.9433477343528422,0.9484753691142052,0.9652920769546093,0.9351847115337156,0.5767269369263545,0.5767269369263545,0.5767269369263545,0.5767269369263545,0.5767269369263545,0.5767269369263545,0.5749723935189339,0.574684790758582,0.574684790758582,0.5729643094345354,0.5712782884292976,0.5677128723653626,0.5669736372900875,0.5625637472928902,0.5607594655661977,0.5549544563170389,0.5423164400721483,0.5061750263944085,0.2824158371907656,0.5512009303656293,638.0,638.0,638.0,638.0,638.0,638.0,637.0,636.0,636.0,635.0,634.0,631.0,628.0,623.0,619.0,611.0,596.0,551.0,287.0,608.0,33.0,33.0,33.0,33.0,33.0,33.0,34.0,35.0,35.0,36.0,37.0,40.0,43.0,48.0,52.0,60.0,75.0,120.0,384.0,63.0,3.0,3.0,3.0,3.0,3.0,3.0,4.0,5.0,5.0,6.0,7.0,10.0,13.0,18.0,22.0,30.0,45.0,90.0,354.0,33.0,0.9165424739195231,0.9311973601819654,0.9433681073025335,0.9493293591654247,0.9937597503900156,1.0,0.0,0.0,0.8512261079521788,0.9710365853658537,0.012861736334405145,0.9414973584126627,593.172718435912,637,34,4,18,3,0,0,18.0,311,0.48628048780487804,0.47540983606557374,0.49765990639625585,319,352,322,641,671,20,3
tagging_003_tagging_aria03_rgb,0.7575711929594869,0.8877588699584084,0.6725405461747574,0.7575711929594869,0.7575711929594869,0.7567695414395547,0.7559794246068143,0.7559794246068143,0.7534275733562301,0.7534275733562301,0.7521955782610059,0.7521955782610059,0.7521955782610059,0.7514207462411036,0.7470495140516614,0.7412944101554697,0.7317144322848781,0.703070945222271,0.6584447492033185,0.5751552195084496,0.4176350052141762,0.10838906690014287,0.6832361445710057,0.9487179487179487,0.9487179487179487,0.9462227912932138,0.9437340153452686,0.9437340153452686,0.9412515964240102,0.9412515964240102,0.9363057324840764,0.9363057324840764,0.9363057324840764,0.9338422391857506,0.9216182048040455,0.9047619047619048,0.8835192069392813,0.8313253012048193,0.7531718569780853,0.6187433439829606,0.4022140221402214,0.09431245500359971,0.829792402353714,0.6049364968562255,0.6049364968562255,0.6052487259030378,0.6055783527308412,0.6055783527308412,0.6030832887296842,0.6030832887296842,0.6042878606054369,0.6042878606054369,0.6042878606054369,0.6046343956061144,0.6055468235498701,0.6073613396359295,0.6059924970604249,0.5946032838160321,0.5756315557154916,0.5346377132695633,0.43364723251602194,0.12456668446426554,0.5648384268413981,0.9536082474226805,0.9536082474226805,0.9523195876288659,0.9510309278350515,0.9510309278350515,0.9497422680412371,0.9497422680412371,0.9471649484536082,0.9471649484536082,0.9471649484536082,0.9458762886597938,0.9394329896907216,0.9304123711340206,0.9188144329896907,0.8891752577319587,0.8414948453608248,0.7487113402061856,0.5618556701030928,0.16881443298969073,0.8656402604449267,0.9946236559139785,0.9946236559139785,0.9932795698924731,0.9919354838709677,0.9919354838709677,0.9905913978494624,0.9905913978494624,0.9879032258064516,0.9879032258064516,0.9879032258064516,0.9865591397849462,0.9798387096774194,0.9704301075268817,0.9583333333333334,0.9274193548387096,0.8776881720430108,0.7809139784946236,0.5860215053763441,0.1760752688172043,0.9028720996038482,0.6049819575555541,0.6049819575555541,0.6053333655091873,0.6056978783757916,0.6056978783757916,0.6041930225359997,0.6041930225359997,0.605425020151391,0.605425020151391,0.605425020151391,0.6058038631487503,0.6070739321505211,0.6094570046468829,0.6093449297805396,0.6048316324550135,0.5963574058692963,0.5763391078221572,0.5137905889150237,0.1979499558961198,0.5774896086095976,0.9951891055141829,0.9951891055141829,0.9938641124575593,0.9926050165082106,0.9926050165082106,0.9912435579145991,0.9912435579145991,0.9893489825619857,0.9893489825619857,0.9893489825619857,0.9881467402060825,0.9826275025336169,0.9764715644723365,0.9682472020993163,0.9401179260009521,0.8978242672768176,0.8228564237143818,0.6894987060902255,0.24952461883982927,0.9176474405921611,0.8877588699584084,0.8877588699584084,0.8887983437593431,0.8897426027201313,0.8897426027201313,0.8905686860554363,0.8905686860554363,0.8919347690947845,0.8919347690947845,0.8919347690947845,0.8924036433236876,0.8946193364203213,0.8971572959562892,0.8999457716719316,0.9055048972425762,0.9125316318715055,0.9230589679553425,0.9380752393519293,0.9628983561732695,0.9014177951830791,0.7595211863859237,0.7595211863859237,0.7592036729790481,0.7588963978531154,0.7588963978531154,0.7568181356547282,0.7568181356547282,0.7565449625379115,0.7565449625379115,0.7565449625379115,0.7562468764312148,0.7542351508947156,0.7517290097806526,0.7461867410927248,0.7271220861281751,0.6959820306312646,0.6326842173049879,0.49360627671621154,0.1450126001671603,0.6990586836593381,740.0,740.0,739.0,738.0,738.0,737.0,737.0,735.0,735.0,735.0,734.0,729.0,722.0,713.0,690.0,653.0,581.0,436.0,131.0,671.7368421052631,36.0,36.0,37.0,38.0,38.0,39.0,39.0,41.0,41.0,41.0,42.0,47.0,54.0,63.0,86.0,123.0,195.0,340.0,645.0,104.26315789473684,4.0,4.0,5.0,6.0,6.0,7.0,7.0,9.0,9.0,9.0,10.0,15.0,22.0,31.0,54.0,91.0,163.0,308.0,613.0,72.26315789473684,0.9265463917525774,0.8919347690947845,0.9355670103092784,0.9471649484536082,0.9879032258064516,1.0,0.0,0.0,0.8241907928926115,0.9671052631578947,0.028938906752411574,0.9344779664432806,655.5720552846666,735,41,9,7,3,0,0,9.0,311,0.7315789473684211,0.7164948453608248,0.7473118279569892,556,220,188,744,776,10,3
tagging_003_tagging_aria04_rgb,0.5676919324215194,0.904795529130757,0.5136451223785906,0.5676919324215194,0.5668635006304471,0.5668635006304471,0.566061328519695,0.566061328519695,0.5652849361741016,0.5636347631317511,0.5636347631317511,0.5636347631317511,0.5630613214979454,0.5630613214979454,0.5615623425228219,0.5550340390248002,0.5464078308707163,0.526327497777288,0.5151474349515309,0.471873880078135,0.37018346797880075,0.16716181513447398,0.5226079877697694,0.920892494929006,0.917004048582996,0.917004048582996,0.9131313131313131,0.9131313131313131,0.9092741935483871,0.9016064257028112,0.9016064257028112,0.9016064257028112,0.8977955911823647,0.8977955911823647,0.8902195608782435,0.878968253968254,0.8568627450980392,0.8211538461538461,0.7935606060606061,0.7001795332136446,0.5200642054574639,0.20945083014048532,0.8242793395973557,0.3499584717120795,0.3504174587271974,0.3504174587271974,0.35090837762060545,0.35090837762060545,0.35143091196544923,0.35235346283490293,0.35235346283490293,0.35235346283490293,0.35312943712441813,0.35312943712441813,0.3542409967138997,0.3504822649571026,0.3484356384320116,0.3373553399451536,0.3344128699312909,0.3180112358869147,0.2634978499323387,0.13341113243766928,0.33195829722963477,0.9380165289256198,0.9359504132231405,0.9359504132231405,0.9338842975206612,0.9338842975206612,0.9318181818181818,0.9276859504132231,0.9276859504132231,0.9276859504132231,0.9256198347107438,0.9256198347107438,0.9214876033057852,0.9152892561983471,0.9028925619834711,0.8822314049586777,0.8657024793388429,0.8057851239669421,0.6694214876033058,0.33884297520661155,0.8708133971291865,0.980561555075594,0.978401727861771,0.978401727861771,0.9762419006479481,0.9762419006479481,0.9740820734341252,0.9697624190064795,0.9697624190064795,0.9697624190064795,0.9676025917926566,0.9676025917926566,0.9632829373650108,0.9568034557235421,0.9438444924406048,0.9222462203023758,0.9049676025917927,0.8423326133909287,0.6997840172786177,0.3542116630669546,0.9103103330680914,0.35101311602460805,0.3514726214841389,0.3514726214841389,0.35196164325156243,0.35196164325156243,0.35248037766595564,0.35341411145129553,0.35341411145129553,0.35341411145129553,0.35419245326004384,0.35419245326004384,0.35530726218895964,0.3525066256494156,0.35128556474362677,0.3433067192565034,0.3412993066441548,0.328904407431889,0.2863006583155157,0.16375105021586545,0.3369289925516774,0.9848104715454463,0.9841637446001211,0.9841637446001211,0.9837599770734252,0.9837599770734252,0.9836007851033983,0.9818418922877242,0.9818418922877242,0.9818418922877242,0.9818013607972951,0.9818013607972951,0.9800755074077463,0.9734133409453603,0.9661642089891538,0.9442139138343418,0.932570418107016,0.8818495427746385,0.7695069255627671,0.46341091648725724,0.9328732564506306,0.904795529130757,0.9065767071973793,0.9065767071973793,0.9081747626281093,0.9081747626281093,0.9096043903572785,0.912174733829648,0.912174733829648,0.912174733829648,0.9131246126554847,0.9131246126554847,0.9145623035864088,0.9164094213889848,0.9196856869599682,0.9242781803105092,0.9270987605904177,0.9342490643878043,0.9457690640102356,0.9650238759930164,0.9186185601666459,0.5729457486564321,0.572689588954019,0.572689588954019,0.5724577047506078,0.5724577047506078,0.5722496949954193,0.5717283944771216,0.5717283944771216,0.5717283944771216,0.5717198712854067,0.5717198712854067,0.571339379926278,0.5663856032803963,0.5608920985984963,0.5455506168359864,0.538053947687717,0.5062101570810468,0.4199894316312957,0.2126156744947633,0.537639571926277,454.0,453.0,453.0,452.0,452.0,451.0,449.0,449.0,449.0,448.0,448.0,446.0,443.0,437.0,427.0,419.0,390.0,324.0,164.0,421.4736842105263,30.0,31.0,31.0,32.0,32.0,33.0,35.0,35.0,35.0,36.0,36.0,38.0,41.0,47.0,57.0,65.0,94.0,160.0,320.0,62.526315789473685,9.0,10.0,10.0,11.0,11.0,12.0,14.0,14.0,14.0,15.0,15.0,17.0,20.0,26.0,36.0,44.0,73.0,139.0,299.0,41.526315789473685,0.871900826446281,0.9131246126554847,0.8946280991735537,0.9256198347107438,0.9676025917926566,1.0,0.0,0.0,0.7914872447720189,0.9461457233368532,0.04823151125401929,0.8924764613943013,409.0798264696572,448,36,15,11,3,0,0,12.0,311,0.49208025343189016,0.48140495867768596,0.5032397408207343,233,251,230,463,484,15,3
tagging_004_tagging_aria01_rgb,0.6346274026061597,0.9042064538907677,0.5738341932524242,0.6346274026061597,0.6346274026061597,0.6346274026061597,0.6346274026061597,0.6346274026061597,0.6346274026061597,0.6318330048206028,0.6294218604864774,0.6294218604864774,0.6294218604864774,0.6294218604864774,0.6239111172576771,0.6212168123025281,0.620134801765777,0.6039882061592593,0.5877982734915118,0.5569471183638331,0.3439478968198021,0.14573719317077138,0.5821561200912962,0.9444444444444444,0.9444444444444444,0.9444444444444444,0.9444444444444444,0.9444444444444444,0.9444444444444444,0.9384615384615385,0.9325153374233128,0.9325153374233128,0.9325153374233128,0.9325153374233128,0.9148936170212766,0.9090909090909091,0.9033232628398792,0.8805970149253731,0.8475073313782991,0.7897727272727273,0.4383561643835616,0.13309352517985612,0.8500960056270178,0.4264432307350313,0.4264432307350313,0.4264432307350313,0.4264432307350313,0.4264432307350313,0.4264432307350313,0.42539084407772243,0.42484221176773795,0.42484221176773795,0.42484221176773795,0.42484221176773795,0.4254757875621622,0.4245013606760458,0.4257248630485529,0.41426639767839246,0.407674125671226,0.3927586784680925,0.26987223025168317,0.15958198901556583,0.4001723425226622,0.9473684210526315,0.9473684210526315,0.9473684210526315,0.9473684210526315,0.9473684210526315,0.9473684210526315,0.9442724458204335,0.9411764705882353,0.9411764705882353,0.9411764705882353,0.9411764705882353,0.9318885448916409,0.9287925696594427,0.9256965944272446,0.913312693498452,0.8947368421052632,0.8606811145510835,0.5944272445820433,0.22910216718266255,0.8774645592308946,0.996742671009772,0.996742671009772,0.996742671009772,0.996742671009772,0.996742671009772,0.996742671009772,0.993485342019544,0.990228013029316,0.990228013029316,0.990228013029316,0.990228013029316,0.9804560260586319,0.9771986970684039,0.9739413680781759,0.9609120521172638,0.9413680781758957,0.9055374592833876,0.6254071661237784,0.24104234527687296,0.9231956111777817,0.4661504523295817,0.4661504523295817,0.4661504523295817,0.4661504523295817,0.4661504523295817,0.4661504523295817,0.4655589727498823,0.4653606073018045,0.4653606073018045,0.4653606073018045,0.4653606073018045,0.4666818221561021,0.4661397270805305,0.46750427621831253,0.4605399786774995,0.4565633375860021,0.44632009503705494,0.33422407303699675,0.22626127588947445,0.44463887903245075,0.8705626041266179,0.8705626041266179,0.8705626041266179,0.8705626041266179,0.8705626041266179,0.8705626041266179,0.8669458119744878,0.8633247720945226,0.8633247720945226,0.8633247720945226,0.8633247720945226,0.853318855476806,0.8497597428897988,0.8470276127099431,0.832986131656462,0.817391389575554,0.7841311916354573,0.5638846274636665,0.32037463484922307,0.8111839321773262,0.9042064538907677,0.9042064538907677,0.9042064538907677,0.9042064538907677,0.9042064538907677,0.9042064538907677,0.9061812584485798,0.9078591838404271,0.9078591838404271,0.9078591838404271,0.9078591838404271,0.9111154468962268,0.9121396767777323,0.9128730936827972,0.9154514513516642,0.9181879565862244,0.9217812182132417,0.9415966368983618,0.9627015323196275,0.9136159857831986,0.6356090387730728,0.6356090387730728,0.6356090387730728,0.6356090387730728,0.6356090387730728,0.6356090387730728,0.6337861254136837,0.6323381163811488,0.6323381163811488,0.6323381163811488,0.6323381163811488,0.6296792934168379,0.627912183036955,0.6277675173876477,0.6151054864732988,0.6039545179987454,0.5814120545134307,0.4005239146639296,0.19120820988332582,0.5923345263658362,306.0,306.0,306.0,306.0,306.0,306.0,305.0,304.0,304.0,304.0,304.0,301.0,300.0,299.0,295.0,289.0,278.0,192.0,74.0,283.42105263157896,17.0,17.0,17.0,17.0,17.0,17.0,18.0,19.0,19.0,19.0,19.0,22.0,23.0,24.0,28.0,34.0,45.0,131.0,249.0,39.578947368421055,1.0,1.0,1.0,1.0,1.0,1.0,2.0,3.0,3.0,3.0,3.0,6.0,7.0,8.0,12.0,18.0,29.0,115.0,233.0,23.57894736842105,0.9040247678018576,0.9078591838404271,0.9318885448916409,0.9411764705882353,0.990228013029316,1.0,0.0,0.0,0.8173039996516713,0.9650793650793651,0.024793388429752067,0.9289342337169061,275.9891918874898,304,19,3,9,3,0,0,10.0,121,0.5904761904761905,0.5758513931888545,0.6058631921824105,186,137,121,307,323,11,3
tagging_004_tagging_aria02_rgb,0.6452328190216882,0.9253330051868717,0.5970552234705356,0.6452328190216882,0.6452328190216882,0.6452328190216882,0.6452328190216882,0.6452328190216882,0.6452328190216882,0.6452328190216882,0.6452328190216882,0.6452328190216882,0.6452328190216882,0.6452328190216882,0.6452328190216882,0.6376308795467992,0.6197082417452991,0.5948576126636878,0.5826902754954587,0.5693874833321905,0.48466633374749274,0.26698285117701165,0.6051956582088526,0.9790794979079498,0.9790794979079498,0.9790794979079498,0.9790794979079498,0.9790794979079498,0.9790794979079498,0.9790794979079498,0.9790794979079498,0.9790794979079498,0.9790794979079498,0.9790794979079498,0.9790794979079498,0.9626556016597511,0.9306122448979591,0.892,0.8622047244094488,0.8333333333333334,0.6654929577464789,0.28532608695652173,0.9042409959946786,0.4252212324252104,0.4252212324252104,0.4252212324252104,0.4252212324252104,0.4252212324252104,0.4252212324252104,0.4252212324252104,0.4252212324252104,0.4252212324252104,0.4252212324252104,0.4252212324252104,0.4252212324252104,0.4223453723747481,0.41267273990055825,0.39669907998199777,0.3937904160633392,0.38904252741043854,0.3529736150231695,0.249818877702087,0.4063156535557297,0.9873417721518988,0.9873417721518988,0.9873417721518988,0.9873417721518988,0.9873417721518988,0.9873417721518988,0.9873417721518988,0.9873417721518988,0.9873417721518988,0.9873417721518988,0.9873417721518988,0.9873417721518988,0.9789029535864979,0.9620253164556962,0.9409282700421941,0.9240506329113924,0.9071729957805907,0.7974683544303798,0.4430379746835443,0.9369309349322673,0.9915254237288136,0.9915254237288136,0.9915254237288136,0.9915254237288136,0.9915254237288136,0.9915254237288136,0.9915254237288136,0.9915254237288136,0.9915254237288136,0.9915254237288136,0.9915254237288136,0.9915254237288136,0.9830508474576272,0.9661016949152542,0.9449152542372882,0.9279661016949152,0.9110169491525424,0.8008474576271186,0.4449152542372881,0.940900981266726,0.42726211203701725,0.42726211203701725,0.42726211203701725,0.42726211203701725,0.42726211203701725,0.42726211203701725,0.42726211203701725,0.42726211203701725,0.42726211203701725,0.42726211203701725,0.42726211203701725,0.42726211203701725,0.425544492105471,0.41893754404705463,0.40789563585043326,0.406428244831854,0.4034611293565387,0.37620176371190656,0.29769009052896517,0.41385811815139106,0.9929647072504214,0.9929647072504214,0.9929647072504214,0.9929647072504214,0.9929647072504214,0.9929647072504214,0.9929647072504214,0.9929647072504214,0.9929647072504214,0.9929647072504214,0.9929647072504214,0.9929647072504214,0.984814643579966,0.9680867187826747,0.9515800148476291,0.9414582411199732,0.925271435815519,0.836632456823057,0.5922197702734051,0.9534547246445937,0.9253330051868717,0.9253330051868717,0.9253330051868717,0.9253330051868717,0.9253330051868717,0.9253330051868717,0.9253330051868717,0.9253330051868717,0.9253330051868717,0.9253330051868717,0.9253330051868717,0.9253330051868717,0.9280147930093163,0.9324436511154898,0.9373241250378491,0.9404901918868779,0.9427219740874258,0.9511890502306795,0.9659829853529693,0.9316927806822668,0.6479496008018847,0.6479496008018847,0.6479496008018847,0.6479496008018847,0.6479496008018847,0.6479496008018847,0.6479496008018847,0.6479496008018847,0.6479496008018847,0.6479496008018847,0.6479496008018847,0.6479496008018847,0.6429892164346384,0.6300806481677356,0.6109544819827343,0.6032265604213471,0.594078172530333,0.5305518711020341,0.3326849104105094,0.6168400563511551,234.0,234.0,234.0,234.0,234.0,234.0,234.0,234.0,234.0,234.0,234.0,234.0,232.0,228.0,223.0,219.0,215.0,189.0,105.0,222.05263157894737,3.0,3.0,3.0,3.0,3.0,3.0,3.0,3.0,3.0,3.0,3.0,3.0,5.0,9.0,14.0,18.0,22.0,48.0,132.0,14.947368421052632,2.0,2.0,2.0,2.0,2.0,2.0,2.0,2.0,2.0,2.0,2.0,2.0,4.0,8.0,13.0,17.0,21.0,47.0,131.0,13.947368421052632,0.9535864978902954,0.9253330051868717,0.9789029535864979,0.9873417721518988,0.9915254237288136,1.0,0.0,0.0,0.8798646549102446,0.9894291754756871,0.01652892561983471,0.9756196149772842,216.52792321372797,234,3,2,6,3,0,0,5.0,121,0.5200845665961945,0.5189873417721519,0.5211864406779662,123,114,113,236,237,9,3
tagging_004_tagging_aria03_rgb,0.576109538454542,0.8656750563170169,0.4987236571464063,0.576109538454542,0.576109538454542,0.576109538454542,0.576109538454542,0.576109538454542,0.576109538454542,0.576109538454542,0.576109538454542,0.576109538454542,0.576109538454542,0.5737182768201762,0.5686713325602871,0.5537374491014881,0.5410604815447333,0.4994990609627712,0.4589027215708804,0.3150701377435392,0.16792688276912976,0.04392612699937211,0.4991372555061999,0.9122137404580153,0.9122137404580153,0.9122137404580153,0.9122137404580153,0.9122137404580153,0.9122137404580153,0.9122137404580153,0.9122137404580153,0.9122137404580153,0.9122137404580153,0.9049429657794676,0.8977272727272727,0.862453531598513,0.8419117647058824,0.7578947368421053,0.6755852842809364,0.4649122807017544,0.22794117647058823,0.052521008403361345,0.7793698645310546,0.36384257940651055,0.36384257940651055,0.36384257940651055,0.36384257940651055,0.36384257940651055,0.36384257940651055,0.36384257940651055,0.36384257940651055,0.36384257940651055,0.36384257940651055,0.3637275205227973,0.36022865106175384,0.3555265893214088,0.34771630111581614,0.32920048098271626,0.3117174289687284,0.21352241233097233,0.12371366329328255,0.03673776821546097,0.32002718999358115,0.9192307692307692,0.9192307692307692,0.9192307692307692,0.9192307692307692,0.9192307692307692,0.9192307692307692,0.9192307692307692,0.9192307692307692,0.9192307692307692,0.9192307692307692,0.9153846153846154,0.9115384615384615,0.8923076923076924,0.8807692307692307,0.8307692307692308,0.7769230769230769,0.6115384615384616,0.3576923076923077,0.09615384615384616,0.8139676113360323,0.991701244813278,0.991701244813278,0.991701244813278,0.991701244813278,0.991701244813278,0.991701244813278,0.991701244813278,0.991701244813278,0.991701244813278,0.991701244813278,0.9875518672199171,0.983402489626556,0.9626556016597511,0.950207468879668,0.8962655601659751,0.8381742738589212,0.6597510373443983,0.38589211618257263,0.1037344398340249,0.8781393317318192,0.4036909786321841,0.4036909786321841,0.4036909786321841,0.4036909786321841,0.4036909786321841,0.4036909786321841,0.4036909786321841,0.4036909786321841,0.4036909786321841,0.4036909786321841,0.4038710888690083,0.4006597919713744,0.3969857784229437,0.38956167554321536,0.3695757465970357,0.3534936722923206,0.2641081578918394,0.15857867557625388,0.044687599176895756,0.35886484066645935,0.834498602281029,0.834498602281029,0.834498602281029,0.834498602281029,0.834498602281029,0.834498602281029,0.834498602281029,0.834498602281029,0.834498602281029,0.834498602281029,0.8298349642887458,0.8271442575240043,0.8099747474747475,0.8036462300025323,0.7772716968809248,0.7466741831568143,0.5881592694576385,0.42239876438892293,0.2578424682661971,0.7583122423289904,0.8656750563170169,0.8656750563170169,0.8656750563170169,0.8656750563170169,0.8656750563170169,0.8656750563170169,0.8656750563170169,0.8656750563170169,0.8656750563170169,0.8656750563170169,0.8672046441719483,0.8684487378268951,0.8733916685246398,0.8759451294597508,0.8842717780835165,0.8919213319877305,0.9096405869634552,0.9326871094208047,0.9654867462542295,0.8803025418875335,0.5783210995171747,0.5783210995171747,0.5783210995171747,0.5783210995171747,0.5783210995171747,0.5783210995171747,0.5783210995171747,0.5783210995171747,0.5783210995171747,0.5783210995171747,0.5770186968188817,0.5730290310192899,0.5632398338819894,0.5534056550666062,0.5229623603615006,0.4921183435363237,0.3613546285034465,0.21036022845691002,0.05943465077734615,0.5103228643996864,239.0,239.0,239.0,239.0,239.0,239.0,239.0,239.0,239.0,239.0,238.0,237.0,232.0,229.0,216.0,202.0,159.0,93.0,25.0,211.6315789473684,21.0,21.0,21.0,21.0,21.0,21.0,21.0,21.0,21.0,21.0,22.0,23.0,28.0,31.0,44.0,58.0,101.0,167.0,235.0,48.36842105263158,2.0,2.0,2.0,2.0,2.0,2.0,2.0,2.0,2.0,2.0,3.0,4.0,9.0,12.0,25.0,39.0,82.0,148.0,216.0,29.36842105263158,0.8769230769230769,0.8663117929818727,0.9115384615384615,0.9192307692307692,0.991701244813278,1.0,0.0,0.0,0.7540327635487214,0.9540918163672655,0.01652892561983471,0.907868298040618,207.04851852266756,239,21,2,9,3,0,0,8.0,121,0.5588822355289421,0.5384615384615384,0.5809128630705395,140,120,101,241,260,10,3
tagging_004_tagging_aria04_rgb,0.757862739461466,0.8664925825323587,0.6566824423210138,0.757862739461466,0.757862739461466,0.7548117161422067,0.7548117161422067,0.7455296295292804,0.7455296295292804,0.742291552571985,0.742291552571985,0.742291552571985,0.739281324182971,0.7278577134619925,0.7262763954028538,0.7184448735490023,0.6998475972716078,0.663532723181704,0.6313691885562387,0.5718936411778149,0.37220244884420606,0.11193898542915193,0.6687330378441791,0.8577586206896551,0.8577586206896551,0.8497854077253219,0.8497854077253219,0.826271186440678,0.826271186440678,0.8185654008438819,0.8185654008438819,0.8185654008438819,0.8109243697478992,0.7958333333333333,0.7883817427385892,0.7663934426229508,0.7379032258064516,0.6968503937007874,0.6450381679389313,0.5448028673835126,0.3385093167701863,0.09948979591836735,0.7235501730633667,0.6696008853892301,0.6696008853892301,0.670452471466422,0.670452471466422,0.6726779750124697,0.6726779750124697,0.6731248944210079,0.6731248944210079,0.6731248944210079,0.6739677541761815,0.6656881897961717,0.6690634421429809,0.673496154354211,0.6637545985404205,0.6318080304077042,0.6179898679978626,0.6003315261360117,0.40924918772523744,0.12594594594594596,0.619796423380105,0.8963963963963963,0.8963963963963963,0.8918918918918919,0.8918918918918919,0.8783783783783784,0.8783783783783784,0.8738738738738738,0.8738738738738738,0.8738738738738738,0.8693693693693694,0.8603603603603603,0.8558558558558559,0.8423423423423423,0.8243243243243243,0.7972972972972973,0.7612612612612613,0.6846846846846847,0.49099099099099097,0.17567567567567569,0.795637743006164,0.9521531100478469,0.9521531100478469,0.9473684210526315,0.9473684210526315,0.9330143540669856,0.9330143540669856,0.9282296650717703,0.9282296650717703,0.9282296650717703,0.9234449760765551,0.9138755980861244,0.9090909090909091,0.8947368421052632,0.8755980861244019,0.84688995215311,0.8086124401913876,0.7272727272727273,0.5215311004784688,0.18660287081339713,0.8451271719969782,0.6726273528111666,0.6726273528111666,0.6737384425781555,0.6737384425781555,0.6767608347567862,0.6767608347567862,0.6774737177273802,0.6774737177273802,0.6774737177273802,0.6784596981965403,0.6743030598500425,0.6777170705564057,0.6824307834017938,0.6783507907105836,0.6604278564135834,0.6568118842643913,0.6574851164532606,0.5207572887437687,0.20302526982688926,0.6404443806258746,0.9763071718671636,0.9763071718671636,0.9713665744798996,0.9713665744798996,0.9578335971486657,0.9578335971486657,0.9537502651752052,0.9537502651752052,0.9537502651752052,0.9504881767391526,0.941231520636957,0.9444309847806605,0.9354776008061482,0.9208097601427941,0.8930458275826282,0.8669163022004069,0.8318013397321256,0.6364418539861546,0.249144398512154,0.8864238551387502,0.8664925825323587,0.8664925825323587,0.8701741514832697,0.8701741514832697,0.8802374855568109,0.8802374855568109,0.8832097546061578,0.8832097546061578,0.8832097546061578,0.8854328978245841,0.889392395240127,0.8909425331729224,0.8952926342905196,0.8999861353686869,0.9061805430521285,0.9122609403845862,0.9207849988749102,0.938717899629039,0.9637215875202774,0.8940079088590069,0.774743712905592,0.774743712905592,0.7732859259030788,0.7732859259030788,0.7686779487290529,0.7686779487290529,0.766959098706462,0.766959098706462,0.766959098706462,0.7654586346912791,0.7567904140914249,0.7567178238267854,0.7532027138939993,0.7396952487065165,0.7097456129169035,0.6858948508034838,0.6411222985349291,0.4482607101268997,0.14874689627910287,0.7021014565824293,199.0,199.0,198.0,198.0,195.0,195.0,194.0,194.0,194.0,193.0,191.0,190.0,187.0,183.0,177.0,169.0,152.0,109.0,39.0,176.6315789473684,23.0,23.0,24.0,24.0,27.0,27.0,28.0,28.0,28.0,29.0,31.0,32.0,35.0,39.0,45.0,53.0,70.0,113.0,183.0,45.36842105263158,10.0,10.0,11.0,11.0,14.0,14.0,15.0,15.0,15.0,16.0,18.0,19.0,22.0,26.0,32.0,40.0,57.0,100.0,170.0,32.36842105263158,0.7747747747747747,0.8854328978245841,0.7972972972972973,0.8693693693693694,0.9234449760765551,0.6666666666666666,0.3333333333333333,0.0,0.6751736454060573,0.8955916473317865,0.1322314049586777,0.7941487837642521,170.88854928014473,193,29,16,5,2,1,0,7.0,121,0.7378190255220418,0.7162162162162162,0.7607655502392344,159,63,50,209,222,10,3
tagging_005_tagging_aria01_rgb,0.3756511606994575,0.8931350302576219,0.33550721077762075,0.3756511606994575,0.37540573439603886,0.37540573439603886,0.37426730463046365,0.37403667448137395,0.37403667448137395,0.37403667448137395,0.37173066861394705,0.36865551554649645,0.3656541647730418,0.36044642794723913,0.3578372351072562,0.3549390709857968,0.34731109559771617,0.3359077203825671,0.3209456190403765,0.29772345577727793,0.23626870153238658,0.09527407716817335,0.3387123005283366,0.8944392082940622,0.8926553672316384,0.8926553672316384,0.8873239436619719,0.8855534709193246,0.8855534709193246,0.8855534709193246,0.876750700280112,0.8680297397769516,0.8593894542090657,0.8440366972477065,0.833941605839416,0.8239564428312159,0.7962466487935657,0.7585301837270341,0.7106382978723405,0.6434995911692559,0.4833948339483395,0.1625216888374783,0.7834036938794614,0.15776789884243989,0.15787667961319607,0.15787667961319607,0.15786344583158746,0.15798417424963232,0.15798417424963232,0.15798417424963232,0.15760887324529535,0.15656939263138106,0.15557901898961932,0.15392888466056243,0.15354490762014167,0.15289854847104742,0.15149199975667224,0.14875346958271804,0.144948690057392,0.13774562926901768,0.11548095966984574,0.05585192871902901,0.14682839628010727,0.9038095238095238,0.9028571428571428,0.9028571428571428,0.9,0.8990476190476191,0.8990476190476191,0.8990476190476191,0.8942857142857142,0.8895238095238095,0.8847619047619047,0.8761904761904762,0.8704761904761905,0.8647619047619047,0.8485714285714285,0.8257142857142857,0.7952380952380952,0.7495238095238095,0.6238095238095238,0.26761904761904765,0.8261654135338347,0.9885416666666667,0.9875,0.9875,0.984375,0.9833333333333333,0.9833333333333333,0.9833333333333333,0.978125,0.9729166666666667,0.9677083333333333,0.9583333333333334,0.9520833333333333,0.9458333333333333,0.928125,0.903125,0.8697916666666666,0.8197916666666667,0.6822916666666666,0.29270833333333335,0.9036184210526317,0.16261297920116413,0.16272682464335947,0.16272682464335947,0.16271675799949606,0.1628422303773204,0.1628422303773204,0.1628422303773204,0.16251105014084247,0.1614311177313051,0.1603460844412136,0.15864494371118013,0.15821278637026723,0.15764774127762834,0.15646588844189854,0.15408147996275157,0.15058482061850326,0.14380492905548495,0.12338033070618949,0.06357028758607941,0.15210481777172022,0.859340322938498,0.8588623064015133,0.8588623064015133,0.8572294318267769,0.8570119841910002,0.8570119841910002,0.8570119841910002,0.8535162311857298,0.8511873772620916,0.84995482982935,0.8451587489017719,0.8424313601946168,0.8388194834556817,0.8273390273759412,0.8098198879101314,0.7961473209638591,0.7695301745297226,0.6672432870131817,0.3507852662752881,0.8056454376336141,0.8931350302576219,0.8940088275402833,0.8940088275402833,0.8962348201571303,0.8969620902693806,0.8969620902693806,0.8969620902693806,0.899688400129907,0.9021753789728105,0.9044655866299682,0.9081565267367369,0.910360614457638,0.9122730883003327,0.9168308510302144,0.9220673429110796,0.9275385022249605,0.9338080040591962,0.9447848444590073,0.9652168988846388,0.911349463952629,0.3776137305835352,0.377544815723038,0.377544815723038,0.3769311624798734,0.37687570325816455,0.37687570325816455,0.37687570325816455,0.3754295723407195,0.3731919112042692,0.3710126536686372,0.3672479036702688,0.36559155659314607,0.3636218365433426,0.358541186826091,0.35046806542681713,0.33951247427524284,0.3213154661621013,0.2683991849106724,0.12225808755036814,0.3482553438660871,949.0,948.0,948.0,945.0,944.0,944.0,944.0,939.0,934.0,929.0,920.0,914.0,908.0,891.0,867.0,835.0,787.0,655.0,281.0,867.4736842105264,101.0,102.0,102.0,105.0,106.0,106.0,106.0,111.0,116.0,121.0,130.0,136.0,142.0,159.0,183.0,215.0,263.0,395.0,769.0,182.52631578947367,11.0,12.0,12.0,15.0,16.0,16.0,16.0,21.0,26.0,31.0,40.0,46.0,52.0,69.0,93.0,125.0,173.0,305.0,679.0,92.52631578947368,0.8457142857142858,0.906377911396068,0.8704761904761905,0.8923809523809524,0.9760416666666667,1.0,0.0,0.0,0.762167717122015,0.9323383084577115,0.05215419501133787,0.8691285968114564,849.2761029781158,937,113,23,26,3,0,0,26.0,441,0.25970149253731345,0.24857142857142858,0.271875,261,789,699,960,1050,25,3
tagging_005_tagging_aria02_rgb,0.6591306024401067,0.9159860568076708,0.6037544414503778,0.6591306024401067,0.6591306024401067,0.6591306024401067,0.6591306024401067,0.6591306024401067,0.6591306024401067,0.6591306024401067,0.6591306024401067,0.6579768621572305,0.6568392930481312,0.6550056401698077,0.6529719998240902,0.6498423273423466,0.6414343577531042,0.6290630471678849,0.6145194879442804,0.5777735233835106,0.4804041387748252,0.19981998042064078,0.6151944988161423,0.9785202863961814,0.9785202863961814,0.9785202863961814,0.9785202863961814,0.9785202863961814,0.9785202863961814,0.9785202863961814,0.9785202863961814,0.9761620977353993,0.9738095238095238,0.9691211401425178,0.9621301775147929,0.9551886792452831,0.9346557759626605,0.9035591274397244,0.8608305274971941,0.7694770544290288,0.5850860420650096,0.22181282240235814,0.891578697863839,0.4439899275600276,0.4439899275600276,0.4439899275600276,0.4439899275600276,0.4439899275600276,0.4439899275600276,0.4439899275600276,0.4439899275600276,0.443505799025222,0.4430413200357626,0.44270253829275313,0.4431546193214754,0.44210642314080056,0.4402027418943317,0.43795730162500374,0.43868588415567245,0.4338300179343236,0.39445161900877884,0.18000773869996428,0.4258718644007531,0.9820359281437125,0.9820359281437125,0.9820359281437125,0.9820359281437125,0.9820359281437125,0.9820359281437125,0.9820359281437125,0.9820359281437125,0.9808383233532935,0.9796407185628743,0.9772455089820359,0.9736526946107784,0.9700598802395209,0.9592814371257485,0.9425149700598803,0.918562874251497,0.8634730538922155,0.732934131736527,0.36047904191616764,0.9218405294673809,0.9963547995139733,0.9963547995139733,0.9963547995139733,0.9963547995139733,0.9963547995139733,0.9963547995139733,0.9963547995139733,0.9963547995139733,0.9951397326852977,0.9939246658566221,0.991494532199271,0.9878493317132442,0.9842041312272175,0.9732685297691372,0.9562575941676792,0.9319562575941677,0.8760631834750912,0.7436208991494532,0.36573511543134873,0.9352817036515954,0.4440120479149366,0.4440120479149366,0.4440120479149366,0.4440120479149366,0.4440120479149366,0.4440120479149366,0.4440120479149366,0.4440120479149366,0.44368122835069596,0.4433610251131839,0.4431903518757497,0.4437509167957083,0.4431579031087448,0.4423833154093162,0.4414834429362502,0.4433067797960687,0.44236845639788647,0.41937741773881443,0.23465191857922593,0.43120048102216507,0.9966415021293071,0.9966415021293071,0.9966415021293071,0.9966415021293071,0.9966415021293071,0.9966415021293071,0.9966415021293071,0.9966415021293071,0.9954322573370192,0.9942518090439852,0.9919058491757734,0.9884797808318818,0.9850131228062784,0.9750756567513129,0.9607935505722444,0.9417143721714201,0.9029168400949134,0.8198993887746101,0.4517728217422926,0.9463361824387466,0.9159860568076708,0.9159860568076708,0.9159860568076708,0.9159860568076708,0.9159860568076708,0.9159860568076708,0.9159860568076708,0.9159860568076708,0.9166011193907447,0.917139704056601,0.9180480479267416,0.9192850203034011,0.9204080043245494,0.9230247647135049,0.9265579576204345,0.93036649919143,0.9369932205354462,0.9466893282273454,0.9650100166648451,0.9235795861798111,0.6603136077636682,0.6603136077636682,0.6603136077636682,0.6603136077636682,0.6603136077636682,0.6603136077636682,0.6603136077636682,0.6603136077636682,0.659550971732558,0.6588029425502582,0.6577454426763752,0.6568703747556045,0.6548814426177367,0.6498294536808019,0.6424805935034896,0.6347917506108548,0.6120461832704007,0.5376867627999286,0.2547332274833006,0.6264172635679293,820.0,820.0,820.0,820.0,820.0,820.0,820.0,820.0,819.0,818.0,816.0,813.0,810.0,801.0,787.0,767.0,721.0,612.0,301.0,769.7368421052631,15.0,15.0,15.0,15.0,15.0,15.0,15.0,15.0,16.0,17.0,19.0,22.0,25.0,34.0,48.0,68.0,114.0,223.0,534.0,65.26315789473684,3.0,3.0,3.0,3.0,3.0,3.0,3.0,3.0,4.0,5.0,7.0,10.0,13.0,22.0,36.0,56.0,102.0,211.0,522.0,53.26315789473684,0.9592814371257485,0.917139704056601,0.9736526946107784,0.9796407185628743,0.9939246658566221,1.0,0.0,0.0,0.8781081172674245,0.9867310012062727,0.011337868480725623,0.9723602619807813,750.2202779182995,818,17,5,12,3,0,0,12.0,441,0.5753920386007237,0.5712574850299401,0.5795868772782503,477,358,346,823,835,15,3
tagging_005_tagging_aria03_rgb,0.4856915077086258,0.8854607460073024,0.43006076474509125,0.4856915077086258,0.4856915077086258,0.4856915077086258,0.4856915077086258,0.4856915077086258,0.4856915077086258,0.4844173572120121,0.48012966521563155,0.4764820647875497,0.4760964597666876,0.47269375757077137,0.47016130794867234,0.46385887457936803,0.4587228692798314,0.4402711844377875,0.41169369593336513,0.340872332856412,0.24081817254984478,0.07696820598637388,0.43196499970400326,0.8891595615103532,0.8891595615103532,0.8891595615103532,0.8891595615103532,0.8891595615103532,0.8891595615103532,0.8868613138686131,0.8777239709443099,0.8709288299155609,0.8686746987951808,0.8597122302158273,0.8530465949820788,0.8355029585798817,0.8204225352112676,0.7725714285714286,0.7157079646017699,0.5762195121951219,0.37866666666666665,0.10078069552874379,0.7764093036388721,0.2653024843590251,0.2653024843590251,0.2653024843590251,0.2653024843590251,0.2653024843590251,0.2653024843590251,0.26459624779961327,0.2626389423682503,0.26068164270807115,0.26093523768650445,0.2599002091551979,0.25913198269861243,0.2575275806225241,0.2564857274991041,0.2509007046826491,0.2368168410219966,0.20164875511474598,0.15315156398832788,0.0587821378060569,0.24079013048977926,0.8924205378973105,0.8924205378973105,0.8924205378973105,0.8924205378973105,0.8924205378973105,0.8924205378973105,0.89119804400978,0.8863080684596577,0.882640586797066,0.8814180929095354,0.8765281173594132,0.8728606356968215,0.863080684596577,0.8545232273838631,0.8264058679706602,0.7909535452322738,0.6931540342298288,0.5207823960880196,0.17359413202933985,0.8088405610603526,0.9959072305593452,0.9959072305593452,0.9959072305593452,0.9959072305593452,0.9959072305593452,0.9959072305593452,0.9945429740791268,0.9890859481582538,0.984993178717599,0.9836289222373806,0.9781718963165075,0.9740791268758526,0.9631650750341064,0.9536152796725784,0.922237380627558,0.8826739427012278,0.7735334242837654,0.5811732605729877,0.1937244201909959,0.9026351690960007,0.2700540483826603,0.2700540483826603,0.2700540483826603,0.2700540483826603,0.2700540483826603,0.2700540483826603,0.26944911819026307,0.26778492666741177,0.2660608215978489,0.2663237530395593,0.2654568426706383,0.2648511703376016,0.2635602063376586,0.26276799444547067,0.2585749567541776,0.24706445242110442,0.21769988694682776,0.17146860315741402,0.07172452613275074,0.24805850257866777,0.9461932823234193,0.9461932823234193,0.9461932823234193,0.9461932823234193,0.9461932823234193,0.9461932823234193,0.9451648150207822,0.9407749953851903,0.9379179176165205,0.9365439182948078,0.9319688546004072,0.9284005932508073,0.9191841600479376,0.9130441901281255,0.8865263671276798,0.8521979180245522,0.7546860009392871,0.629429806123855,0.2807934060784039,0.8701996124515197,0.8854607460073024,0.8854607460073024,0.8854607460073024,0.8854607460073024,0.8854607460073024,0.8854607460073024,0.8862125101652029,0.8890165686093363,0.8909916223340506,0.8915742718411865,0.8936230259343861,0.894924493100174,0.8979204732635749,0.9001074199145292,0.9059735686191266,0.9117415985641213,0.9234401003348223,0.9392239730698979,0.9641930031462019,0.9000898476284434,0.48658132495727163,0.48658132495727163,0.48658132495727163,0.48658132495727163,0.48658132495727163,0.48658132495727163,0.4856003073427182,0.48247177504253164,0.47967509637990907,0.4795758955311819,0.477294291849508,0.47559027234342016,0.47145209787017417,0.4681591734019878,0.4553524070735927,0.4327945470740776,0.3738631408753864,0.28241571921277514,0.101016009579034,0.44130256227999615,730.0,730.0,730.0,730.0,730.0,730.0,729.0,725.0,722.0,721.0,717.0,714.0,706.0,699.0,676.0,647.0,567.0,426.0,142.0,661.6315789473684,88.0,88.0,88.0,88.0,88.0,88.0,89.0,93.0,96.0,97.0,101.0,104.0,112.0,119.0,142.0,171.0,251.0,392.0,676.0,156.3684210526316,3.0,3.0,3.0,3.0,3.0,3.0,4.0,8.0,11.0,12.0,16.0,19.0,27.0,34.0,57.0,86.0,166.0,307.0,591.0,71.36842105263158,0.8667481662591687,0.8916951953381742,0.8838630806845966,0.8899755501222494,0.9931787175989086,0.6666666666666666,0.3333333333333333,0.0,0.7703595381493775,0.938749194068343,0.011337868480725623,0.8824619461666525,649.1541022061908,728,90,5,14,2,1,0,13.0,441,0.3713733075435203,0.35207823960880197,0.39290586630286495,288,530,445,733,818,17,3
tagging_005_tagging_aria04_rgb,0.5183316357332951,0.8835115295605287,0.45795197630633433,0.5183316357332951,0.5183316357332951,0.5183316357332951,0.5180998341362058,0.517610783047004,0.5172386094659281,0.5165794486640751,0.5140762220947974,0.5125964947522069,0.5101359038879317,0.5075132064043183,0.5021857366331162,0.4910232312369163,0.486408603224055,0.47392221918534627,0.4530915242987411,0.41348797427389233,0.32718932685871543,0.11906334326229615,0.4702745983487068,0.907439446366782,0.907439446366782,0.907439446366782,0.905790838375108,0.9041450777202072,0.902502157031924,0.9008620689655172,0.8927038626609443,0.8878424657534246,0.8797953964194374,0.8702290076335878,0.8529411764705882,0.8178070898598516,0.8,0.762589928057554,0.6974595842956121,0.5932080924855492,0.4189189189189189,0.11702127659574468,0.7855860673865429,0.2960723006671669,0.2960723006671669,0.2960723006671669,0.29634594076210147,0.29632514662590714,0.29643782791843615,0.2962210708777155,0.29603810757076665,0.29594795987740324,0.2957945011927408,0.29597916458243656,0.2956716371945982,0.29481746563931155,0.2957416616129702,0.2945256179945407,0.2943424020743624,0.28821640674649435,0.25554552629545774,0.12114104478425128,0.2840688623026839,0.9082251082251083,0.9082251082251083,0.9082251082251083,0.9073593073593074,0.9064935064935065,0.9056277056277057,0.9047619047619048,0.9004329004329005,0.8978354978354979,0.8935064935064935,0.8883116883116883,0.8787878787878788,0.8588744588744589,0.8484848484848485,0.825974025974026,0.7844155844155845,0.7108225108225108,0.5636363636363636,0.2,0.8210526315789474,0.9990476190476191,0.9990476190476191,0.9990476190476191,0.9980952380952381,0.9971428571428571,0.9961904761904762,0.9952380952380953,0.9904761904761905,0.9876190476190476,0.9828571428571429,0.9771428571428571,0.9666666666666667,0.9447619047619048,0.9333333333333333,0.9085714285714286,0.8628571428571429,0.7819047619047619,0.62,0.22,0.9031578947368422,0.32218812371466177,0.32218812371466177,0.32218812371466177,0.3224866926059004,0.32250787416758386,0.322652379306634,0.3223470482284498,0.32224142135878,0.32213054400734736,0.3218385356141049,0.32195111924239117,0.3217027196324904,0.32104881949334935,0.321811796995764,0.32037583361968736,0.31969511401632805,0.31338337788078124,0.28670262308759414,0.16259287585117688,0.31115963927643936,0.8078321834206763,0.8078321834206763,0.8078321834206763,0.8071717179468412,0.8061946243830413,0.8050814373745221,0.804963937455781,0.8006022132296561,0.7985572704945797,0.7957281673177524,0.7922090760880385,0.785532516289505,0.7706805961736344,0.7665523337667456,0.7562737916141538,0.7402047238344026,0.7126489724920952,0.6213898993741626,0.30713727751237496,0.752338163453122,0.8835115295605287,0.8835115295605287,0.8835115295605287,0.8841844941891921,0.8848172818139332,0.885395437337289,0.8859169704789445,0.8883408759192363,0.8896530881529496,0.8916900312552904,0.8938115989762827,0.8972648824784623,0.9035109618537449,0.9062565903834608,0.9111835116525175,0.9182821780993907,0.9274652989519139,0.9401132260548267,0.9640079499015655,0.9011804719042413,0.518555973175408,0.518555973175408,0.518555973175408,0.518548211402414,0.5182825689014835,0.518133486621965,0.5176963785057155,0.516296864060409,0.5154731650531658,0.5140956210270888,0.5127589603266892,0.5097378256201713,0.5032009452174182,0.5009314513427345,0.4932246044627527,0.48050678178507317,0.45262645736168045,0.37951910516430204,0.15565413247598103,0.4822291830976456,1049.0,1049.0,1049.0,1048.0,1047.0,1046.0,1045.0,1040.0,1037.0,1032.0,1026.0,1015.0,992.0,980.0,954.0,906.0,821.0,651.0,231.0,948.3157894736842,106.0,106.0,106.0,107.0,108.0,109.0,110.0,115.0,118.0,123.0,129.0,140.0,163.0,175.0,201.0,249.0,334.0,504.0,924.0,206.68421052631578,1.0,1.0,1.0,2.0,3.0,4.0,5.0,10.0,13.0,18.0,24.0,35.0,58.0,70.0,96.0,144.0,229.0,399.0,819.0,101.6842105263158,0.8761904761904762,0.8913367220980137,0.8883116883116883,0.8987012987012987,0.9885714285714285,1.0,0.0,0.0,0.7785346472188209,0.9414965986394558,0.027210884353741496,0.8873193696660795,925.2075175377382,1038,117,12,14,3,0,0,23.0,441,0.4163265306122449,0.3974025974025974,0.43714285714285717,459,696,591,1050,1155,14,3
tagging_006_tagging_aria01_rgb,0.603444480174102,0.9295371274543224,0.5609240486792015,0.603444480174102,0.603444480174102,0.603444480174102,0.602976341962815,0.602976341962815,0.602976341962815,0.602976341962815,0.6011148108259339,0.6011148108259339,0.6011148108259339,0.6011148108259339,0.6011148108259339,0.5996057677532326,0.5958879124583503,0.5938805960879158,0.5828961541337296,0.5345392292279472,0.44493721542972003,0.19386734568230818,0.567022478067181,0.9876923076923076,0.9876923076923076,0.9876923076923076,0.9846390168970814,0.9846390168970814,0.9846390168970814,0.9846390168970814,0.9815950920245399,0.9815950920245399,0.9815950920245399,0.9815950920245399,0.9815950920245399,0.9755351681957186,0.9695121951219512,0.960546282245827,0.9370314842578711,0.8643578643578643,0.6977660972404731,0.27794263105835804,0.9206473775403163,0.3686828760501323,0.3686828760501323,0.3686828760501323,0.3692525511660286,0.3692525511660286,0.3692525511660286,0.3692525511660286,0.36811412234044133,0.36811412234044133,0.36811412234044133,0.36811412234044133,0.36811412234044133,0.3685434297442086,0.3662485175540325,0.3671808104708016,0.3626003311649542,0.33057162937469153,0.2837184644786868,0.13522412009553209,0.3493535130210329,0.9938080495356038,0.9938080495356038,0.9938080495356038,0.9922600619195047,0.9922600619195047,0.9922600619195047,0.9922600619195047,0.9907120743034056,0.9907120743034056,0.9907120743034056,0.9907120743034056,0.9907120743034056,0.9876160990712074,0.9845201238390093,0.9798761609907121,0.9674922600619195,0.9272445820433437,0.8219814241486069,0.43498452012383904,0.9477757862147629,0.9938080495356038,0.9938080495356038,0.9938080495356038,0.9922600619195047,0.9922600619195047,0.9922600619195047,0.9922600619195047,0.9907120743034056,0.9907120743034056,0.9907120743034056,0.9907120743034056,0.9907120743034056,0.9876160990712074,0.9845201238390093,0.9798761609907121,0.9674922600619195,0.9272445820433437,0.8219814241486069,0.43498452012383904,0.9477757862147629,0.36907887740403034,0.36907887740403034,0.36907887740403034,0.3696491703067502,0.3696491703067502,0.3696491703067502,0.3696491703067502,0.3688231454404392,0.3688231454404392,0.3688231454404392,0.3688231454404392,0.3688231454404392,0.3692949739240929,0.3676205913661266,0.36858898861344896,0.3655148818333731,0.34367560547976733,0.30955674146151635,0.17256831349125115,0.3540404808847823,0.9939883188795223,0.9939883188795223,0.9939883188795223,0.9939789402818304,0.9939789402818304,0.9939789402818304,0.9939789402818304,0.9924187804963218,0.9924187804963218,0.9924187804963218,0.9924187804963218,0.9924187804963218,0.9893721756882043,0.9862655742820923,0.9819056722350646,0.969935532366388,0.9301875059713149,0.8326693666376674,0.4856564315423572,0.9524193094195045,0.9295371274543224,0.9295371274543224,0.9295371274543224,0.9306792532641923,0.9306792532641923,0.9306792532641923,0.9306792532641923,0.9315248890384122,0.9315248890384122,0.9315248890384122,0.9315248890384122,0.9315248890384122,0.9324141172756942,0.9332248049312234,0.9342119775101737,0.9362630102646834,0.940753672518784,0.9483148754818308,0.9638693796649332,0.9346318251715328,0.6053098462312989,0.6053098462312989,0.6053098462312989,0.6053053438422121,0.6053053438422121,0.6053053438422121,0.6053053438422121,0.6038999136647365,0.6038999136647365,0.6038999136647365,0.6038999136647365,0.6038999136647365,0.6033070730749797,0.6004823360084371,0.5998264106836138,0.5922947018993011,0.5536431633416266,0.4829195662731496,0.24252917141845723,0.5753501528992628,642.0,642.0,642.0,641.0,641.0,641.0,641.0,640.0,640.0,640.0,640.0,640.0,638.0,636.0,633.0,625.0,599.0,531.0,281.0,612.2631578947369,4.0,4.0,4.0,5.0,5.0,5.0,5.0,6.0,6.0,6.0,6.0,6.0,8.0,10.0,13.0,21.0,47.0,115.0,365.0,33.73684210526316,4.0,4.0,4.0,5.0,5.0,5.0,5.0,6.0,6.0,6.0,6.0,6.0,8.0,10.0,13.0,21.0,47.0,115.0,365.0,33.73684210526316,0.9659442724458205,0.9315248890384122,0.9814241486068112,0.9907120743034056,0.9907120743034056,1.0,0.0,0.0,0.89810515322691,0.9907120743034056,0.016172506738544475,0.9798761609907121,596.1759289845838,640,6,6,10,3,0,0,10.0,371,0.5092879256965944,0.5092879256965944,0.5092879256965944,329,317,317,646,646,14,3
tagging_006_tagging_aria02_rgb,0.9280734604300248,0.8964702065814836,0.8319902067944966,0.9280734604300248,0.9243919136533845,0.9189492968695295,0.9171560711878741,0.9153732229567659,0.9153732229567659,0.9153732229567659,0.908344281409624,0.9066123331955358,0.9031783334315361,0.884841944794998,0.8719520649270511,0.851082967154756,0.8219374997498521,0.7817001771647505,0.7302866272951397,0.6668511127689014,0.573885694306637,0.21897208309823307,0.8186492384372698,0.9716446124763705,0.9679245283018868,0.9623706491063029,0.9605263157894737,0.9586854460093897,0.9586854460093897,0.9586854460093897,0.9513564078578111,0.9495327102803738,0.9458955223880597,0.9261311172668514,0.9120073327222732,0.8877828054298642,0.8525754884547069,0.806060606060606,0.7456066945606694,0.6728147554129912,0.5767195767195767,0.22202694786174576,0.8519490741430387,0.8864561557742466,0.8828171877479845,0.877487079433699,0.8757441051736307,0.8740177925868401,0.8740177925868401,0.8740177925868401,0.8672767921198291,0.8656320248931211,0.8623902774385985,0.8453935438204264,0.8336560203535962,0.8159002546013686,0.7924005119118885,0.7580759590345969,0.715281343229295,0.6609403301926094,0.5710657370140756,0.21595925016379888,0.786764734245436,0.9725638599810785,0.9706717123935666,0.967833491012299,0.9668874172185431,0.9659413434247871,0.9659413434247871,0.9659413434247871,0.9621570482497634,0.9612109744560076,0.9593188268684958,0.9489120151371807,0.9413434247871334,0.9280983916745507,0.9082308420056765,0.8807947019867549,0.8429517502365185,0.793755912961211,0.7218543046357616,0.35856196783349104,0.8938405616690733,0.9990281827016521,0.9970845481049563,0.9941690962099126,0.9931972789115646,0.9922254616132167,0.9922254616132167,0.9922254616132167,0.9883381924198251,0.9873663751214772,0.9854227405247813,0.9747327502429544,0.966958211856171,0.9533527696793003,0.9329446064139941,0.9047619047619048,0.8658892128279884,0.815354713313897,0.7414965986394558,0.3683187560738581,0.9181627538233337,0.8864568314081264,0.8845201000853352,0.881642697781438,0.880690992285837,0.879743019282619,0.879743019282619,0.879743019282619,0.8759886723996176,0.875059527392137,0.8732126456484753,0.8634904525448337,0.8565399116888133,0.8465208655938283,0.832867950249263,0.8115501534029117,0.7847882461857218,0.7470502306895132,0.6844953637283033,0.33887107716166065,0.8191039355838775,0.9991245136186769,0.9971853033256542,0.9943067033976124,0.9933552748621242,0.9924079185587511,0.9924079185587511,0.9924079185587511,0.9886594559160932,0.9877326413743738,0.9858914589683819,0.9756705827534579,0.9684036866619885,0.955298086320502,0.9362189689605926,0.9106436310766816,0.8765625961655834,0.8326894606248927,0.7601624240996662,0.38637994235228335,0.9223951834818325,0.8964702065814836,0.8980530860545938,0.9003070723871158,0.9010188879293631,0.901674080282416,0.901674080282416,0.901674080282416,0.9037864252894241,0.9042476819046655,0.9050852614856567,0.9092709644176368,0.91197426584932,0.9159346388028022,0.9210818077965307,0.9272254806976198,0.9340802810750424,0.9408272891593071,0.9471841410348915,0.9653214838427491,0.9150995376397606,0.9285123696342389,0.9257027986140092,0.921553787581877,0.9201880003541102,0.9188307356355137,0.9188307356355137,0.9188307356355137,0.9134858938820777,0.9121704896387758,0.9095643073775449,0.8956584679723646,0.8858648956212604,0.8701929177270904,0.848341077715481,0.8171348043139524,0.7764970445447054,0.7243102202819721,0.6420484876499626,0.27827104360780497,0.8382099375486194,1028.0,1026.0,1023.0,1022.0,1021.0,1021.0,1021.0,1017.0,1016.0,1014.0,1003.0,995.0,981.0,960.0,931.0,891.0,839.0,763.0,379.0,944.7894736842105,29.0,31.0,34.0,35.0,36.0,36.0,36.0,40.0,41.0,43.0,54.0,62.0,76.0,97.0,126.0,166.0,218.0,294.0,678.0,112.21052631578948,1.0,3.0,6.0,7.0,8.0,8.0,8.0,12.0,13.0,15.0,26.0,34.0,48.0,69.0,98.0,138.0,190.0,266.0,650.0,84.21052631578948,0.9621570482497634,0.9047401912110944,0.967833491012299,0.9706717123935666,0.9970845481049563,1.0,0.0,0.0,0.8696910465303528,0.9837008628954937,0.008086253369272238,0.9670973025067326,928.2634361825828,1026,31,3,6,3,0,0,10.0,371,0.925215723873442,0.912961210974456,0.9378036929057337,965,92,64,1029,1057,8,3
tagging_006_tagging_aria03_rgb,0.5770661209350859,0.8963847110702967,0.5172732480828539,0.5770661209350859,0.5770661209350859,0.5770661209350859,0.5749095590560939,0.5746193875769425,0.5732246230698945,0.5729359990605127,0.5706665630163072,0.568417058010665,0.5639842463244439,0.558090736327723,0.554676583520627,0.5493492220293957,0.5440883235105273,0.5347254182841045,0.5095742946567579,0.4700758656960764,0.33136203159276667,0.08486824534210506,0.5193035010463264,0.9397590361445783,0.9397590361445783,0.9397590361445783,0.933933933933934,0.932,0.9281437125748503,0.9262213359920239,0.9223880597014925,0.9185700099304865,0.9109792284866469,0.9015748031496063,0.8959764474975466,0.8830409356725146,0.8739088263821533,0.8541266794625719,0.8072965388213283,0.729632945389436,0.47819433817903595,0.1103448275862069,0.8329268279575563,0.35435180202921257,0.35435180202921257,0.35435180202921257,0.3539019079238781,0.35427836972027943,0.3540254208931289,0.3544030419768851,0.3530621658851879,0.3517401486490403,0.3491607933043156,0.34546802870569554,0.3433863838334406,0.34175603367069995,0.3387448379552625,0.33476447912740803,0.32164879853696704,0.3028527164326083,0.22961542455606468,0.06527373529874513,0.3240598785556445,0.9445005045408678,0.9445005045408678,0.9445005045408678,0.941473259334006,0.9404641775983855,0.9384460141271443,0.9374369323915237,0.9354187689202825,0.9334006054490414,0.929364278506559,0.9243188698284561,0.9212916246215943,0.9142280524722503,0.9091826437941474,0.8980827447023209,0.8708375378405651,0.822401614530777,0.6306760847628657,0.19374369323915236,0.8670667587232461,0.9946865037194474,0.9946865037194474,0.9946865037194474,0.9914984059511158,0.9904357066950054,0.9883103081827843,0.9872476089266737,0.9851222104144527,0.9829968119022316,0.9787460148777896,0.973432518597237,0.9702444208289054,0.9628055260361318,0.9574920297555791,0.9458023379383634,0.9171094580233794,0.8660998937300743,0.6641870350690755,0.20403825717321997,0.9131383186979137,0.35496308672358223,0.35496308672358223,0.35496308672358223,0.354667763817104,0.3550450473472964,0.3548803895087976,0.3552589309032273,0.35431878128191824,0.35338729807635877,0.35156569456375203,0.34890437848156225,0.34739129966176213,0.3463317840434147,0.344108850867018,0.341123241088112,0.33150269191709214,0.3174324655911563,0.25716902821851856,0.08593170888928113,0.329679400759322,0.9906592549470215,0.9906592549470215,0.9906592549470215,0.9875424036767547,0.9875290371570946,0.9855810709287585,0.9855655500147958,0.9835404148772345,0.9815459500614948,0.9774801844424599,0.9725993608923449,0.9696183318687248,0.9630741188733012,0.9585033769484833,0.9482998817339994,0.9222533750962303,0.8729916451620829,0.6922502327351785,0.2810904182504825,0.9179706903979202,0.8963847110702967,0.8963847110702967,0.8963847110702967,0.8986565091035018,0.8993671477192032,0.9007362052321928,0.9013707060361017,0.9025214452342318,0.9035547572725103,0.905431591960159,0.9074496565294907,0.9085269126558224,0.9106579073286891,0.9119285676487333,0.9141747508354089,0.91847502022441,0.9238050773017829,0.9371790440880273,0.9627796671004664,0.9103036368148222,0.5785200565248857,0.5785200565248857,0.5785200565248857,0.577225417612233,0.5772227608297159,0.5763972112500558,0.5763943966599915,0.5746833707048178,0.5729873189781342,0.569646880753369,0.5650863808791653,0.5624579979294853,0.5589659677327456,0.5549602934839444,0.5483121394275211,0.5292483800327672,0.4990656900240775,0.3805429764956674,0.11245610053835989,0.5300638659424582,936.0,936.0,936.0,933.0,932.0,930.0,929.0,927.0,925.0,921.0,916.0,913.0,906.0,901.0,890.0,863.0,815.0,625.0,192.0,859.2631578947369,55.0,55.0,55.0,58.0,59.0,61.0,62.0,64.0,66.0,70.0,75.0,78.0,85.0,90.0,101.0,128.0,176.0,366.0,799.0,131.73684210526315,5.0,5.0,5.0,8.0,9.0,11.0,12.0,14.0,16.0,20.0,25.0,28.0,35.0,40.0,51.0,78.0,126.0,316.0,749.0,81.73684210526316,0.9122098890010091,0.9044858430750616,0.9253279515640767,0.9374369323915237,0.9872476089266737,1.0,0.0,0.0,0.8226713907333322,0.9616977225672878,0.03234501347708895,0.9242038916727479,840.2673482167322,929,62,12,13,3,0,0,16.0,371,0.4782608695652174,0.4661957618567104,0.4909670563230606,462,529,479,941,991,14,3
tagging_006_tagging_aria04_rgb,0.5189134664321572,0.9020905304510605,0.46810692419198324,0.5189134664321572,0.5189134664321572,0.5189134664321572,0.5189134664321572,0.5180454696789146,0.5180454696789146,0.517208662655038,0.517208662655038,0.5156483815283602,0.513225997380129,0.508383266349607,0.4999429515596705,0.48852395823791184,0.4833145269357157,0.4743555111826784,0.46509491545965786,0.42896277164359253,0.3449792783612604,0.12788749396295165,0.47349900963147734,0.9532595325953259,0.9532595325953259,0.9532595325953259,0.9532595325953259,0.9508599508599509,0.9508599508599509,0.946078431372549,0.946078431372549,0.9365853658536586,0.9295261239368166,0.9201934703748489,0.9017964071856287,0.8770685579196218,0.863849765258216,0.8400926998841252,0.8148571428571428,0.737417943107221,0.5477582846003899,0.15659140568099053,0.8490869506055244,0.2824741599085036,0.2824741599085036,0.2824741599085036,0.2824741599085036,0.28224041659566623,0.28224041659566623,0.2827511883315245,0.2827511883315245,0.2838964424032685,0.28337119054948956,0.2808687018818033,0.2771611783132176,0.27210604646291336,0.27040920926484324,0.2678432404190828,0.2654615993522062,0.24953157320908573,0.21726864904558904,0.10444513886951744,0.2648548852241796,0.9603469640644362,0.9603469640644362,0.9603469640644362,0.9603469640644362,0.9591078066914498,0.9591078066914498,0.9566294919454771,0.9566294919454771,0.9516728624535316,0.9479553903345725,0.942998760842627,0.9330855018587361,0.919454770755886,0.9120198265179678,0.8983890954151177,0.8835192069392813,0.8351920693928129,0.6964064436183395,0.2664188351920694,0.8873671166764495,0.9923175416133163,0.9923175416133163,0.9923175416133163,0.9923175416133163,0.9910371318822023,0.9910371318822023,0.9884763124199744,0.9884763124199744,0.9833546734955185,0.9795134443021767,0.9743918053777209,0.9641485275288092,0.9500640204865557,0.942381562099872,0.9282970550576184,0.912932138284251,0.8629961587708067,0.7195902688860435,0.2752880921895006,0.9169081474492892,0.2826249828281693,0.2826249828281693,0.2826249828281693,0.2826249828281693,0.2824454249410526,0.2824454249410526,0.28296050714716986,0.28296050714716986,0.28410760473629654,0.28378703197629546,0.28183044982786976,0.2789204358202755,0.27469965801169366,0.27325590333009303,0.2712655626309957,0.2693439654793262,0.25687419152964314,0.2302032055335805,0.12829763480359055,0.26809986521940965,0.9902106794619804,0.9902106794619804,0.9902106794619804,0.9902106794619804,0.9889685577258513,0.9889685577258513,0.986747870450131,0.986747870450131,0.9846756438138536,0.9820414311821021,0.9769122115937008,0.9688973932214536,0.9567048096745507,0.9520401638945448,0.9418336615047932,0.9328141968737503,0.8874445455046736,0.7746957886360056,0.3546577900631663,0.9276312215874989,0.9020905304510605,0.9020905304510605,0.9020905304510605,0.9020905304510605,0.9029424254503129,0.9029424254503129,0.9044480528177425,0.9044480528177425,0.9069889137348613,0.9087086163250362,0.9106966856547729,0.9142596683293341,0.918477607506238,0.9204685915250304,0.9235477680670843,0.9260811442508617,0.9317192008219819,0.9418518302489233,0.9628119318465278,0.9151976335079477,0.5208389404554766,0.5208389404554766,0.5208389404554766,0.5208389404554766,0.5202874079974937,0.5202874079974937,0.5200847292899169,0.5200847292899169,0.5197850901885246,0.5182887684938908,0.5146443799693315,0.5085421095269764,0.5001891667877748,0.49660704799930416,0.4905379154287196,0.4842937349713441,0.45651592634577437,0.38898237388293033,0.1668117269231716,0.4846999093112879,775.0,775.0,775.0,775.0,774.0,774.0,772.0,772.0,768.0,765.0,761.0,753.0,742.0,736.0,725.0,713.0,674.0,562.0,215.0,716.1052631578947,32.0,32.0,32.0,32.0,33.0,33.0,35.0,35.0,39.0,42.0,46.0,54.0,65.0,71.0,82.0,94.0,133.0,245.0,592.0,90.89473684210526,6.0,6.0,6.0,6.0,7.0,7.0,9.0,9.0,13.0,16.0,20.0,28.0,39.0,45.0,56.0,68.0,107.0,219.0,566.0,64.89473684210526,0.9107806691449815,0.9086965282953585,0.9306071871127634,0.9491945477075588,0.9807938540332907,1.0,0.0,0.0,0.8241159116161644,0.964735516372796,0.04043126684636118,0.929115092958295,696.0615406742446,766,41,15,16,3,0,0,17.0,371,0.4256926952141058,0.4188351920693928,0.4327784891165173,338,469,443,781,807,17,3
tagging_007_tagging_aria01_rgb,0.3826330190887266,0.8945505134755243,0.34228456369851046,0.3826330190887266,0.3823888273892785,0.3823888273892785,0.3823888273892785,0.3819178037698726,0.3819178037698726,0.3803299265637002,0.3785496996703152,0.37651219533663616,0.3732563467376256,0.368454409947063,0.3641196220955334,0.35685832921264365,0.3461337557312353,0.33788962810630996,0.3176894048561571,0.28669014180908525,0.21465276755674065,0.08139556640220832,0.34085088962218746,0.9555416405760802,0.9543178973717147,0.9543178973717147,0.9543178973717147,0.9530956848030019,0.9530956848030019,0.949438202247191,0.9457943925233645,0.9409571162212554,0.9313543599257885,0.9194837123540258,0.9100917431192661,0.8847314423657212,0.8556149732620321,0.8305978898007034,0.7714123652864435,0.6808396124865447,0.48009478672985784,0.14228237015362108,0.8403884036196339,0.15321993420264432,0.15322065709430266,0.15322065709430266,0.15322065709430266,0.15303941793268258,0.15303941793268258,0.1523541529059824,0.1515127138131619,0.15065663545487193,0.14958892809716356,0.14764660905398141,0.14568102633320915,0.1439395742372608,0.14002627420116345,0.1374544796992136,0.13083347182331317,0.12072041036263549,0.09597232024453184,0.046564013677752834,0.138521650066061,0.9573400250941029,0.9567126725219574,0.9567126725219574,0.9567126725219574,0.9560853199498118,0.9560853199498118,0.9542032622333751,0.9523212045169385,0.9498117942283564,0.944792973651192,0.9385194479297365,0.9335006273525721,0.9196988707653702,0.903387703889586,0.8889585947302384,0.8531994981179423,0.7936010037641155,0.6355081555834379,0.2440401505646173,0.876378524730899,0.9980379332897319,0.9973839110529757,0.9973839110529757,0.9973839110529757,0.9967298888162197,0.9967298888162197,0.9947678221059516,0.9928057553956835,0.9901896664486592,0.9849574885546108,0.9784172661870504,0.973185088293002,0.9587965990843689,0.9417920209287116,0.9267495094833225,0.8894702419882276,0.8273381294964028,0.6625245258338783,0.2544146500981033,0.9136346425252141,0.15384939245408066,0.15385396170308244,0.15385396170308244,0.15385396170308244,0.1536979825014045,0.1536979825014045,0.1531132601373807,0.15240321462651302,0.15166448394432247,0.15074929863307351,0.1491146619549561,0.1474378517989081,0.1460311104342913,0.14258439320601102,0.140333851444489,0.13446700907620027,0.1252539507245491,0.10163770429201385,0.05091483383303962,0.14044804561430974,0.9624155322357612,0.9617528716188842,0.9617528716188842,0.9617528716188842,0.9610783026905716,0.9610783026905716,0.9590550318074761,0.9570436027744723,0.9544545294026328,0.9502731841328119,0.9444098876793418,0.9395481385431175,0.9281567423481486,0.9137438307791216,0.8996920103708413,0.870283682410629,0.8264828378332727,0.7152836099486636,0.3892563613077002,0.8956586422006204,0.8945505134755243,0.8950777625592068,0.8950777625592068,0.8950777625592068,0.8955176517212341,0.8955176517212341,0.8966484497225375,0.8976610724623417,0.8988954799248816,0.9011318449312956,0.9036671821474022,0.9054019052528731,0.9096305146886696,0.9138001219544222,0.9167997777932682,0.9225425711008967,0.9294996811027444,0.9420517942418715,0.9643369979809843,0.9090992893631472,0.3829929185435108,0.38286831200069393,0.38286831200069393,0.38286831200069393,0.38251632757191134,0.38251632757191134,0.3812831358946929,0.37985361669751216,0.37827959135248007,0.3759395805208777,0.372248860331419,0.3687727341811177,0.3638420864667211,0.35566559340875614,0.3495587806260758,0.33410634908166403,0.3095219521109988,0.24696394924293194,0.10659966655112811,0.34838244242925215,1526.0,1525.0,1525.0,1525.0,1524.0,1524.0,1521.0,1518.0,1514.0,1506.0,1496.0,1488.0,1466.0,1440.0,1417.0,1360.0,1265.0,1013.0,389.0,1396.9473684210527,68.0,69.0,69.0,69.0,70.0,70.0,73.0,76.0,80.0,88.0,98.0,106.0,128.0,154.0,177.0,234.0,329.0,581.0,1205.0,197.05263157894737,3.0,4.0,4.0,4.0,5.0,5.0,8.0,11.0,15.0,23.0,33.0,41.0,63.0,89.0,112.0,169.0,264.0,516.0,1140.0,132.05263157894737,0.911543287327478,0.9010285858351695,0.9316185696361355,0.9454203262233375,0.9856115107913669,1.0,0.0,0.0,0.817973700660979,0.9650976625040025,0.030726256983240222,0.9306743099257717,1357.8500788536005,1507,87,22,32,3,0,0,36.0,716,0.25232148575088054,0.24717691342534504,0.25768476128188356,394,1200,1135,1529,1594,33,3
tagging_007_tagging_aria02_rgb,0.569602121411975,0.905449368732679,0.5157458812612675,0.569602121411975,0.569602121411975,0.569602121411975,0.569602121411975,0.569602121411975,0.569602121411975,0.5693354149450517,0.5683128285303107,0.56756395216868,0.565614147507374,0.5625340645544821,0.5612397721705995,0.5561222588239894,0.5461833799286075,0.5358507699481496,0.5115000329431074,0.4641075382730375,0.3456790422867608,0.10418985010801786,0.519781356876843,0.9742360695026963,0.9742360695026963,0.9742360695026963,0.9742360695026963,0.9742360695026963,0.9742360695026963,0.9730538922155688,0.9683393070489845,0.9648181276088252,0.9589774078478003,0.9508584961515689,0.9462492616656822,0.935957696827262,0.9156976744186046,0.8882521489971347,0.8397543271915131,0.7378691983122363,0.5297121634168988,0.1472841225626741,0.8738021179621542,0.3330266522390592,0.3330266522390592,0.3330266522390592,0.3330266522390592,0.3330266522390592,0.3330266522390592,0.33311907727187234,0.3335395648209333,0.3338751942811084,0.33360469312668944,0.332798807672161,0.33288277690344464,0.330433702087045,0.32578032340165636,0.3232596149395311,0.31155812507189673,0.29191597585933143,0.22558288921571715,0.07370465109646734,0.3094850162727479,0.9777510523150932,0.9777510523150932,0.9777510523150932,0.9777510523150932,0.9777510523150932,0.9777510523150932,0.9771497294046904,0.9747444377630787,0.9729404690318701,0.9699338544798557,0.9657245941070355,0.963319302465424,0.957907396271798,0.947083583884546,0.9320505111244738,0.9043896572459411,0.841250751653638,0.6861094407696934,0.25435959110042095,0.9059720859575277,0.9963235294117647,0.9963235294117647,0.9963235294117647,0.9963235294117647,0.9963235294117647,0.9963235294117647,0.9957107843137255,0.9932598039215687,0.991421568627451,0.9883578431372549,0.9840686274509803,0.9816176470588235,0.9761029411764706,0.9650735294117647,0.9497549019607843,0.9215686274509803,0.8572303921568627,0.6991421568627451,0.25919117647058826,0.9231811145510835,0.3332395163851591,0.3332395163851591,0.3332395163851591,0.3332395163851591,0.3332395163851591,0.3332395163851591,0.3333366529059149,0.33377074394773915,0.3341129369346277,0.33407265355485627,0.33371711036257706,0.3338860627200801,0.33227491266158576,0.32907492856838605,0.32770430328044287,0.3192841424172635,0.3049807208813346,0.2504747963193008,0.09288983055310623,0.31363246807464046,0.9929149676798812,0.9929149676798812,0.9929149676798812,0.9929149676798812,0.9929149676798812,0.9929149676798812,0.9923133225921186,0.9901409669962755,0.9888684151645593,0.9870485272415686,0.9841982858002399,0.9828409457073234,0.9789692304432693,0.9709206052828085,0.9577750699068066,0.9357049973790832,0.883713508070187,0.7542341354483156,0.3526585783838744,0.9324671786576691,0.905449368732679,0.905449368732679,0.905449368732679,0.905449368732679,0.905449368732679,0.905449368732679,0.9057926342870605,0.9070860395641613,0.9079685275473418,0.9093135532827263,0.9109972528178041,0.9118577478842188,0.9134638966157858,0.9161938943669548,0.9192943530571885,0.9236222596498386,0.9305649580678947,0.942013284330109,0.963567685892838,0.9154964368294735,0.5706287406674437,0.5706287406674437,0.5706287406674437,0.5706287406674437,0.5706287406674437,0.5706287406674437,0.5705323971657965,0.5701892980257719,0.569947969662116,0.5688360799711454,0.5669144498586212,0.5662794402495818,0.5626054454114822,0.5554648469942154,0.5489028049940086,0.5308200692757958,0.495554774077869,0.39341396768163606,0.13692145527672653,0.5294818654026016,1626.0,1626.0,1626.0,1626.0,1626.0,1626.0,1625.0,1621.0,1618.0,1613.0,1606.0,1602.0,1593.0,1575.0,1550.0,1504.0,1399.0,1141.0,423.0,1506.6315789473683,37.0,37.0,37.0,37.0,37.0,37.0,38.0,42.0,45.0,50.0,57.0,61.0,70.0,88.0,113.0,159.0,264.0,522.0,1240.0,156.3684210526316,6.0,6.0,6.0,6.0,6.0,6.0,7.0,11.0,14.0,19.0,26.0,30.0,39.0,57.0,82.0,128.0,233.0,491.0,1209.0,125.36842105263158,0.9452796151533374,0.9093135532827263,0.9585087191822008,0.9699338544798557,0.9883578431372549,1.0,0.0,0.0,0.8573197603397701,0.9790591805766312,0.02653631284916201,0.957701489668778,1466.7227614450376,1613,50,19,22,3,0,0,25.0,716,0.5025796661608498,0.4978953698135899,0.5073529411764706,828,835,804,1632,1663,24,3
tagging_007_tagging_aria03_rgb,0.3962202117885696,0.9030164326168534,0.35779336218000823,0.3962202117885696,0.3962202117885696,0.3962202117885696,0.39549778382308326,0.39549778382308326,0.39549778382308326,0.39549778382308326,0.39504398830237125,0.39311886125646944,0.39297543971864035,0.3911758085408204,0.3870813755370206,0.38535734199418575,0.3815215779092323,0.37375059221063917,0.3624585571371198,0.32322606418767547,0.23982261489220372,0.07294173160406438,0.3615329328393939,0.9180658159838818,0.9180658159838818,0.9180658159838818,0.9154929577464789,0.9154929577464789,0.9154929577464789,0.9154929577464789,0.9142091152815014,0.9103678929765886,0.9090909090909091,0.9027315123251166,0.8888888888888888,0.880184331797235,0.8654474199869366,0.8425806451612903,0.8075949367088607,0.7060931899641577,0.4929430214323053,0.1270718232044199,0.824388050829251,0.17100130894377527,0.17100130894377527,0.17100130894377527,0.17085712750210605,0.17085712750210605,0.17085712750210605,0.17085712750210605,0.17070465617244523,0.169758226611313,0.1698726658442646,0.16950611682253464,0.16856099019858597,0.1687149789699203,0.168188974914903,0.16578769756936862,0.16267586592024916,0.14796218127462551,0.11667654092478645,0.04186999190875151,0.1587742802090262,0.9217801753202967,0.9217801753202967,0.9217801753202967,0.9204315576534052,0.9204315576534052,0.9204315576534052,0.9204315576534052,0.9197572488199596,0.9177343223196224,0.9170600134861767,0.9136884693189481,0.9062710721510452,0.9015509103169251,0.8934592043155766,0.8806473364801078,0.8604180714767363,0.7970330411328388,0.6358732299393122,0.21712744436952125,0.8530361642474358,0.9956300072833212,0.9956300072833212,0.9956300072833212,0.9941733430444283,0.9941733430444283,0.9941733430444283,0.9941733430444283,0.9934450109249818,0.9912600145666424,0.9905316824471959,0.9868900218499636,0.9788783685360525,0.9737800436999272,0.9650400582665696,0.9512017479970867,0.9293517844136926,0.8608885651857247,0.6868171886380189,0.23452294246176256,0.9213784643692261,0.17108613451426755,0.17108613451426755,0.17108613451426755,0.17098379569953198,0.17098379569953198,0.17098379569953198,0.17098379569953198,0.1708534046338408,0.17006592543448815,0.1701806176538942,0.1698760642457157,0.1691489988306793,0.16933072667819507,0.16894644928748817,0.16699948889608315,0.1643928953918241,0.1517725669534817,0.12314123263289983,0.04660836151038608,0.1599215957099951,0.9947915739466581,0.9947915739466581,0.9947915739466581,0.9945461686311888,0.9945461686311888,0.9945461686311888,0.9945461686311888,0.9938178653770849,0.9916304611982774,0.9910728365373938,0.9874587233901824,0.9806932329172087,0.9763023887698707,0.9692065643107924,0.9580896441353393,0.9394691810044443,0.878674033916165,0.729010535915534,0.3451841236704947,0.9317457361846063,0.9030164326168534,0.9030164326168534,0.9030164326168534,0.9040952411682107,0.9040952411682107,0.9040952411682107,0.9040952411682107,0.9044894286683721,0.905544558505778,0.9058518199274568,0.9072259389967537,0.9099491712358054,0.9114113862263552,0.9135444040410128,0.9162700988613381,0.9195230129372027,0.9266258858121212,0.9383289770734438,0.962306136112788,0.9129737411011489,0.3970209270784015,0.3970209270784015,0.3970209270784015,0.3965630996486561,0.3965630996486561,0.3965630996486561,0.3965630996486561,0.39624089254129913,0.3947061578659677,0.39469409576287573,0.3935426081376456,0.39084773161694863,0.39000659337302557,0.38764673054486315,0.3821001102926223,0.3741246514611259,0.34341046477060533,0.2723811464400396,0.0953473876879684,0.3680191447539377,1367.0,1367.0,1367.0,1365.0,1365.0,1365.0,1365.0,1364.0,1361.0,1360.0,1355.0,1344.0,1337.0,1325.0,1306.0,1276.0,1182.0,943.0,322.0,1265.0526315789473,116.0,116.0,116.0,118.0,118.0,118.0,118.0,119.0,122.0,123.0,128.0,139.0,146.0,158.0,177.0,207.0,301.0,540.0,1161.0,217.94736842105263,6.0,6.0,6.0,8.0,8.0,8.0,8.0,9.0,12.0,13.0,18.0,29.0,36.0,48.0,67.0,97.0,191.0,430.0,1051.0,107.94736842105263,0.8934592043155766,0.9058518199274568,0.9082939986513824,0.9170600134861767,0.9905316824471959,1.0,0.0,0.0,0.8071196730285511,0.9523809523809523,0.018156424581005588,0.907388791179486,1231.9584751013413,1360,123,13,22,3,0,0,23.0,716,0.27450980392156865,0.2643290627107215,0.2855061908230153,392,1091,981,1373,1483,25,3
tagging_007_tagging_aria04_rgb,0.4626701582087877,0.9085097406731445,0.4203403454514685,0.4626701582087877,0.4626701582087877,0.4626701582087877,0.4626701582087877,0.4626701582087877,0.4626701582087877,0.4626701582087877,0.4626701582087877,0.4626701582087877,0.4603082750344166,0.45875926878990175,0.4546136076377582,0.4509699296283854,0.4440801742687321,0.43544668887317245,0.4143769685816011,0.3738421863889695,0.2836441740354232,0.10505875711142029,0.42342797127520365,0.9683153013910355,0.9683153013910355,0.9683153013910355,0.9683153013910355,0.9683153013910355,0.9683153013910355,0.9683153013910355,0.9683153013910355,0.9683153013910355,0.9622496147919877,0.956221198156682,0.9427917620137299,0.93247344461305,0.9107276819204801,0.8894658753709199,0.8389891696750903,0.7433264887063655,0.5380434782608695,0.1662087912087912,0.8734386956440678,0.2210681530999572,0.2210681530999572,0.2210681530999572,0.2210681530999572,0.2210681530999572,0.2210681530999572,0.2210681530999572,0.2210681530999572,0.2210681530999572,0.22019619941439383,0.22009558782669897,0.2192144019247463,0.2181015219295872,0.2165380553303161,0.21317717081786616,0.20466089229420392,0.1880169514304679,0.14953069912545142,0.06640649008710564,0.2055553341094975,0.9713178294573643,0.9713178294573643,0.9713178294573643,0.9713178294573643,0.9713178294573643,0.9713178294573643,0.9713178294573643,0.9713178294573643,0.9713178294573643,0.9682170542635659,0.9651162790697675,0.958139534883721,0.9527131782945737,0.9410852713178295,0.9294573643410853,0.9007751937984496,0.8418604651162791,0.6906976744186046,0.2813953488372093,0.9037535699714403,0.9968178202068417,0.9968178202068417,0.9968178202068417,0.9968178202068417,0.9968178202068417,0.9968178202068417,0.9968178202068417,0.9968178202068417,0.9968178202068417,0.9936356404136834,0.9904534606205251,0.9832935560859188,0.9777247414478918,0.9657915672235481,0.9538583929992045,0.92442322991249,0.863961813842482,0.7088305489260143,0.28878281622911695,0.927479797345392,0.22329468295277297,0.22329468295277297,0.22329468295277297,0.22329468295277297,0.22329468295277297,0.22329468295277297,0.22329468295277297,0.22329468295277297,0.22329468295277297,0.2226032984561452,0.2225711388769377,0.22192740313439943,0.22104679257150997,0.21997453775176803,0.21730259625569237,0.21039055057168346,0.19646087823550995,0.16202638808613412,0.07767930136662435,0.20955973852007162,0.969395198139144,0.969395198139144,0.969395198139144,0.969395198139144,0.969395198139144,0.969395198139144,0.969395198139144,0.969395198139144,0.969395198139144,0.9666036784588007,0.9666505824100391,0.9601370150262317,0.9551800609177739,0.9477088651465545,0.9375281070160427,0.9105403277923088,0.8563778874140661,0.7103520695301611,0.34368642770821917,0.909437989719605,0.9085097406731445,0.9085097406731445,0.9085097406731445,0.9085097406731445,0.9085097406731445,0.9085097406731445,0.9085097406731445,0.9085097406731445,0.9085097406731445,0.9098609287635054,0.9111157796840397,0.9135846771233331,0.915179477790542,0.9181442307824392,0.9204603107852826,0.9250045718462762,0.9316702604601852,0.9430386912874806,0.9643912250026269,0.9173177799781058,0.46338692108344914,0.46338692108344914,0.46338692108344914,0.46338692108344914,0.46338692108344914,0.46338692108344914,0.46338692108344914,0.46338692108344914,0.46338692108344914,0.46173338146276266,0.4608880935357052,0.45829901276348994,0.4558379033696306,0.45142083973955577,0.44512817404211025,0.4293640121380402,0.39784926565346146,0.3213728459906614,0.1366984910052623,0.4310039110237749,1253.0,1253.0,1253.0,1253.0,1253.0,1253.0,1253.0,1253.0,1253.0,1249.0,1245.0,1236.0,1229.0,1214.0,1199.0,1162.0,1086.0,891.0,363.0,1165.842105263158,37.0,37.0,37.0,37.0,37.0,37.0,37.0,37.0,37.0,41.0,45.0,54.0,61.0,76.0,91.0,128.0,204.0,399.0,927.0,124.15789473684211,4.0,4.0,4.0,4.0,4.0,4.0,4.0,4.0,4.0,8.0,12.0,21.0,28.0,43.0,58.0,95.0,171.0,366.0,894.0,91.15789473684211,0.9465116279069767,0.9102065925208437,0.962015503875969,0.9682170542635659,0.9936356404136834,1.0,0.0,0.0,0.85957211942522,0.9807616804083236,0.0111731843575419,0.9610069534917333,1136.8480340585338,1249,41,8,20,3,0,0,20.0,716,0.3188064389477817,0.3147286821705426,0.3229912490055688,406,884,851,1257,1290,21,3
tagging_008_tagging_aria01_rgb,0.5711224317033831,0.8602681842446478,0.4913184573028572,0.5711224317033831,0.568276378333584,0.5665325699835261,0.5626423802747482,0.5601718832578422,0.5593041018665107,0.5593041018665107,0.5554849875760193,0.5517266545868603,0.5480284803359677,0.5423566522777677,0.5340578158955165,0.506442376616961,0.4850707447946716,0.4710342981084999,0.4243472628495788,0.3619547552410488,0.27041388125310467,0.08872430897588619,0.4887892666209466,0.8888888888888888,0.8720238095238095,0.8609467455621301,0.855457227138643,0.85,0.844574780058651,0.844574780058651,0.8391812865497076,0.8338192419825073,0.8284883720930233,0.8126801152737753,0.8022922636103151,0.7520891364902507,0.728021978021978,0.7,0.6295336787564767,0.5230024213075061,0.3793859649122807,0.11327433628318584,0.7346439487637779,0.36695343599413366,0.37033167976030745,0.37279791637121285,0.37005526172254644,0.3691676926972207,0.3703888462582088,0.3703888462582088,0.3676959631583169,0.3650698929157056,0.36250987385689987,0.3619514403534459,0.355503553574865,0.3410285674785313,0.3231957750711672,0.3169618714208103,0.2860380716145712,0.2504983524054811,0.19274215162723643,0.06949502651305332,0.32540916942378534,0.9833887043189369,0.973421926910299,0.9667774086378738,0.9634551495016611,0.9601328903654485,0.9568106312292359,0.9568106312292359,0.9534883720930233,0.9501661129568106,0.946843853820598,0.9368770764119602,0.9302325581395349,0.8970099667774086,0.8803986710963455,0.8604651162790697,0.8073089700996677,0.717607973421927,0.574750830564784,0.21262458471760798,0.8646616541353385,0.9024390243902439,0.8932926829268293,0.8871951219512195,0.8841463414634146,0.8810975609756098,0.8780487804878049,0.8780487804878049,0.875,0.8719512195121951,0.8689024390243902,0.8597560975609756,0.8536585365853658,0.823170731707317,0.8079268292682927,0.7896341463414634,0.7408536585365854,0.6585365853658537,0.5274390243902439,0.1951219512195122,0.7934852374839538,0.36695343599413366,0.37033362436172185,0.3727989557526839,0.3708166265704358,0.37018856790322147,0.3714133828596038,0.3714133828596038,0.3694460200415958,0.36750555645904487,0.36559227526179794,0.36568118093353125,0.3609911406423035,0.349985644559288,0.3367339476378528,0.3327347280835653,0.3082591635563212,0.2781007751937985,0.2225993637137608,0.09132751937984496,0.33383554167179524,1.0,0.9940273037542662,0.9974226804123711,0.9940075693860386,0.9905987143781473,0.9888299599141825,0.9888299599141825,0.9854341944987394,0.982099963045085,0.9788279132791327,0.969683373695439,0.962850682346109,0.9332999096657635,0.9156235618959964,0.9032390055560787,0.8492560616455317,0.7763668353244946,0.6490164010865134,0.26952376691945684,0.9015230450903962,0.8602681842446478,0.8683362550719051,0.8735507746089406,0.8759708648634401,0.878142209341686,0.8802697909997459,0.8802697909997459,0.8819653764407606,0.883613833949982,0.8850605394786215,0.8888413978728681,0.8911184896149789,0.9010600192147082,0.9055081616888853,0.9096333955192849,0.9180408750449104,0.9296426394490462,0.9421230900286504,0.9642625931856829,0.8956672779799205,0.6007144612606334,0.6004073428166966,0.6003437378160614,0.5971027110194462,0.5953570725362437,0.5953083115399828,0.5953083115399828,0.5921096396251287,0.588962682272209,0.5858670890318776,0.582326375189579,0.5750660658303896,0.5530877181641847,0.5334239691620625,0.5222400152689749,0.48054250696941936,0.4239806776437211,0.3328343608051874,0.12155801558217837,0.5303442665302083,296.0,293.0,291.0,290.0,289.0,288.0,288.0,287.0,286.0,285.0,282.0,280.0,270.0,265.0,259.0,243.0,216.0,173.0,64.0,260.2631578947368,5.0,8.0,10.0,11.0,12.0,13.0,13.0,14.0,15.0,16.0,19.0,21.0,31.0,36.0,42.0,58.0,85.0,128.0,237.0,40.73684210526316,32.0,35.0,37.0,38.0,39.0,40.0,40.0,41.0,42.0,43.0,46.0,48.0,58.0,63.0,69.0,85.0,112.0,155.0,264.0,67.73684210526316,0.770764119601329,0.8850605394786215,0.8039867109634552,0.946843853820598,0.8689024390243902,1.0,0.0,0.0,0.6619343978452065,0.9062003179650239,0.21393034825870647,0.8006644518272426,252.24225375140713,285,16,43,10,2,0,0,11.0,201,0.4864864864864865,0.5083056478405316,0.46646341463414637,153,148,175,328,301,16,2
tagging_008_tagging_aria03_rgb,0.666599798132105,0.8649275763851185,0.5765605478172109,0.666599798132105,0.666599798132105,0.666599798132105,0.666599798132105,0.666599798132105,0.666599798132105,0.666599798132105,0.6627891616936379,0.6591349935727229,0.6556326399768602,0.640102340508816,0.6267296092164648,0.6078966955308355,0.5662867794106158,0.5229222673249739,0.505131860591349,0.47942307131058803,0.3454588015033876,0.07607042646078153,0.5796724860013561,0.9375,0.9375,0.9375,0.9375,0.9375,0.9375,0.9375,0.9254658385093167,0.9135802469135802,0.901840490797546,0.8674698795180723,0.8452380952380952,0.8023255813953488,0.7318435754189944,0.6756756756756757,0.6402116402116402,0.5816326530612245,0.40271493212669685,0.08771929824561403,0.7862219951111477,0.47397897692774743,0.47397897692774743,0.47397897692774743,0.47397897692774743,0.47397897692774743,0.47397897692774743,0.47397897692774743,0.4746684908068953,0.4755564070259621,0.47664100579791446,0.47232879895782964,0.46470929940513106,0.4605840833276608,0.4381820477848037,0.40470259254315144,0.3985528855741019,0.3951746520680345,0.29634308046618746,0.06596849151394696,0.428487614408729,1.0,1.0,1.0,1.0,1.0,1.0,1.0,0.9933333333333333,0.9866666666666667,0.98,0.96,0.9466666666666667,0.92,0.8733333333333333,0.8333333333333334,0.8066666666666666,0.76,0.5933333333333334,0.16666666666666666,0.8852631578947369,0.9375,0.9375,0.9375,0.9375,0.9375,0.9375,0.9375,0.93125,0.925,0.91875,0.9,0.8875,0.8625,0.81875,0.78125,0.75625,0.7125,0.55625,0.15625,0.8299342105263158,0.47533333333333333,0.47533333333333333,0.47533333333333333,0.47533333333333333,0.47533333333333333,0.47533333333333333,0.47533333333333333,0.4760626398210291,0.47695195195195195,0.4780045351473923,0.4758487654320988,0.471244131455399,0.4696457326892109,0.4556827820186599,0.4318222222222223,0.42809917355371907,0.4282163742690059,0.34556803995006247,0.09133333333333332,0.43977963237775886,0.9654347826086956,0.9654347826086956,0.9654347826086956,0.9654347826086956,0.9654347826086956,0.9654347826086956,0.9654347826086956,0.9622847971987161,0.9596797884841364,0.9576308784383318,0.9481231770121228,0.9405220262932967,0.9270587034235539,0.9041753929780278,0.8658040677084375,0.8597949465221675,0.8429266498069541,0.7173480586565458,0.2241088357109986,0.8877632000260084,0.8649275763851185,0.8649275763851185,0.8649275763851185,0.8649275763851185,0.8649275763851185,0.8649275763851185,0.8649275763851185,0.8683586082830517,0.8714146070441263,0.874037363999781,0.8815739887644026,0.8856361023376991,0.8930788307853126,0.9046028191365636,0.9129997473752902,0.9176193697903655,0.9235708193001604,0.9369552763375952,0.9627915559664344,0.8887964275692952,0.688461311133565,0.688461311133565,0.688461311133565,0.688461311133565,0.688461311133565,0.688461311133565,0.688461311133565,0.6866615135578198,0.6849931787487249,0.6834531334934065,0.6733763041565366,0.6632682741069841,0.6509511169523008,0.6186105304622033,0.5807341564370277,0.5670091072429456,0.5480262179601504,0.4193211510802564,0.10485584669277068,0.6158152478329516,150.0,150.0,150.0,150.0,150.0,150.0,150.0,149.0,148.0,147.0,144.0,142.0,138.0,131.0,125.0,121.0,114.0,89.0,25.0,132.78947368421052,0.0,0.0,0.0,0.0,0.0,0.0,0.0,1.0,2.0,3.0,6.0,8.0,12.0,19.0,25.0,29.0,36.0,61.0,125.0,17.210526315789473,10.0,10.0,10.0,10.0,10.0,10.0,10.0,11.0,12.0,13.0,16.0,18.0,22.0,29.0,35.0,39.0,46.0,71.0,135.0,27.210526315789473,0.8666666666666667,0.874037363999781,0.8933333333333333,0.98,0.91875,1.0,0.0,0.0,0.743223283386452,0.9483870967741935,0.06467661691542288,0.8893196000578136,128.4834925079678,147,3,13,4,2,0,0,3.0,201,0.6064516129032258,0.6266666666666667,0.5875,94,56,66,160,150,7,2
tagging_008_tagging_aria04_rgb,0.6785287516242181,0.8924195707030353,0.6055323372341512,0.6785287516242181,0.6725222486578739,0.6725222486578739,0.6725222486578739,0.6710489079479256,0.6710489079479256,0.6710489079479256,0.6710489079479256,0.669530505803789,0.6577406848257337,0.6519405117236514,0.6502926203589188,0.6290797090360496,0.6112320736786512,0.5780358068175427,0.5421297383421138,0.47753553445989916,0.38300034323861715,0.1080190604279974,0.5967804062159213,0.9267605633802817,0.9213483146067416,0.9213483146067416,0.9213483146067416,0.9159663865546218,0.9159663865546218,0.9159663865546218,0.9159663865546218,0.9106145251396648,0.9,0.8947368421052632,0.8895027624309392,0.8637602179836512,0.8288770053475936,0.7766233766233767,0.7185929648241206,0.6247030878859857,0.49671772428884026,0.14381270903010032,0.810663803635712,0.4967855614199257,0.4908959703615371,0.4908959703615371,0.4908959703615371,0.4916191723496726,0.4916191723496726,0.4916191723496726,0.4916191723496726,0.492273169191019,0.4806920094166946,0.475029540335496,0.47541223024150103,0.4581610406238589,0.45073593003925977,0.43022835008640437,0.40900018171876124,0.3650377132656675,0.29531715046189705,0.08113411877461534,0.43941955768728436,0.9267605633802817,0.923943661971831,0.923943661971831,0.923943661971831,0.9211267605633803,0.9211267605633803,0.9211267605633803,0.9211267605633803,0.9183098591549296,0.9126760563380282,0.9098591549295775,0.9070422535211268,0.8929577464788733,0.8732394366197183,0.8422535211267606,0.8056338028169014,0.7408450704225352,0.6394366197183099,0.24225352112676057,0.8456634544106746,1.0,0.9969604863221885,0.9969604863221885,0.9969604863221885,0.993920972644377,0.993920972644377,0.993920972644377,0.993920972644377,0.9908814589665653,0.9848024316109423,0.9817629179331308,0.9787234042553191,0.9635258358662614,0.9422492401215805,0.9088145896656535,0.8693009118541033,0.7993920972644377,0.6899696048632219,0.2613981762917933,0.9124940009598463,0.4967855614199257,0.4930918182128727,0.4930918182128727,0.4930918182128727,0.4938638368886614,0.4938638368886614,0.4938638368886614,0.4938638368886614,0.49457497723015587,0.4871928709755508,0.4835228208930632,0.48401139111771196,0.4729040598172162,0.4688184364654953,0.4561911873292948,0.44273729835227155,0.41194903471239863,0.356247525041254,0.11659034649800724,0.45401349010766373,1.0,0.996972391598916,0.996972391598916,0.996972391598916,0.9940379899245078,0.9940379899245078,0.9940379899245078,0.9940379899245078,0.9910749162739695,0.9850184514224369,0.9820265924829125,0.9789653647096175,0.9640072549446345,0.9430192295953504,0.9102398631918724,0.8729001215396727,0.8129429066531839,0.7252401044837145,0.3272546261565391,0.91893466136572,0.8924195707030353,0.894889152927374,0.894889152927374,0.894889152927374,0.896867774062577,0.896867774062577,0.896867774062577,0.896867774062577,0.8982597733826191,0.9007786640881479,0.9019418496212265,0.9029021625312524,0.9071830053981398,0.9123602066854722,0.9189812980235192,0.925580346587832,0.9345562556776125,0.9436183480749619,0.965223140946644,0.9092601671975209,0.6785287516242181,0.6734687969780441,0.6734687969780441,0.6734687969780441,0.6729365316709326,0.6729365316709326,0.6729365316709326,0.6729365316709326,0.6723535562972471,0.6623564655588644,0.6574267838597999,0.6566726586890579,0.6396236787048276,0.6273757961634701,0.6019645693467603,0.574024713536699,0.5200349895835709,0.4345533343977457,0.14019638353633584,0.6093296946798137,329.0,328.0,328.0,328.0,327.0,327.0,327.0,327.0,326.0,324.0,323.0,322.0,317.0,310.0,299.0,286.0,263.0,227.0,86.0,300.2105263157895,26.0,27.0,27.0,27.0,28.0,28.0,28.0,28.0,29.0,31.0,32.0,33.0,38.0,45.0,56.0,69.0,92.0,128.0,269.0,54.78947368421053,0.0,1.0,1.0,1.0,2.0,2.0,2.0,2.0,3.0,5.0,6.0,7.0,12.0,19.0,30.0,43.0,66.0,102.0,243.0,28.789473684210527,0.8845070422535212,0.8944769507674548,0.9042253521126761,0.9154929577464789,0.9878419452887538,1.0,0.0,0.0,0.787901433801191,0.9502923976608187,0.01990049751243781,0.901844794253481,290.70500899942283,325,30,4,7,2,0,0,6.0,201,0.6169590643274854,0.5943661971830986,0.6413373860182371,211,144,118,329,355,8,2
tagging_009_tagging_aria01_rgb,0.4319876054927267,0.901892768205144,0.38960649734814695,0.4319876054927267,0.4305780754043415,0.4303317267611013,0.4303317267611013,0.4299503716824347,0.4299503716824347,0.4299503716824347,0.4295704371098348,0.42803148598342927,0.42803148598342927,0.42552271083496856,0.42394687722889585,0.41554403708039456,0.4083314098645251,0.39727722312262226,0.3754626492317816,0.3420088571860682,0.2885512785993847,0.1407854717626216,0.39558653544497535,0.9258836944127709,0.9149659863945578,0.912797281993205,0.912797281993205,0.9106334841628959,0.9106334841628959,0.9106334841628959,0.9084745762711864,0.8998875140607424,0.8998875140607424,0.8913773796192609,0.8850446428571429,0.8621830209481808,0.8398692810457516,0.8141783029001074,0.7520746887966805,0.6689723320158103,0.5438756855575868,0.23645680819912152,0.8210856022955128,0.20155154737625722,0.20262772799835913,0.20287680376612877,0.20287680376612877,0.20299859968337833,0.20299859968337833,0.20299859968337833,0.20312154600532345,0.20359317151367418,0.20359317151367418,0.20313458875710033,0.20307558060790756,0.20027864450771943,0.198524394265669,0.1938508941466917,0.18744441618385455,0.17485036793861897,0.1530898376087154,0.08382312698196,0.19091096957831144,0.9747899159663865,0.9687875150060024,0.9675870348139256,0.9675870348139256,0.9663865546218487,0.9663865546218487,0.9663865546218487,0.9651860744297719,0.9603841536614646,0.9603841536614646,0.9555822328931572,0.9519807923169268,0.9387755102040817,0.9255702280912365,0.9099639855942377,0.8703481392557023,0.8127250900360145,0.7142857142857143,0.3877551020408163,0.901623807417704,0.9485981308411215,0.9427570093457944,0.9415887850467289,0.9415887850467289,0.9404205607476636,0.9404205607476636,0.9404205607476636,0.9392523364485982,0.9345794392523364,0.9345794392523364,0.9299065420560748,0.9264018691588785,0.9135514018691588,0.9007009345794392,0.8855140186915887,0.8469626168224299,0.7908878504672897,0.6950934579439252,0.3773364485981308,0.8773979340875555,0.20197041323391252,0.2030512746551576,0.20330079486627303,0.20330079486627303,0.20342574842723163,0.20342574842723163,0.20342574842723163,0.2035461919609884,0.20402687348690485,0.20402687348690485,0.20379094504139808,0.20377421171957735,0.20170897938810184,0.2005293353128755,0.19687089454833762,0.19218620166844166,0.18221160342762885,0.16405392470244648,0.09769413327343224,0.19349056268001838,0.9514576410280704,0.9538472391122521,0.9549653726856576,0.9549653726856576,0.9538813716493709,0.9538813716493709,0.9538813716493709,0.9537770750356803,0.9507371115180134,0.9507371115180134,0.947900109166696,0.944132676761518,0.9339532470396031,0.9206100816612208,0.9056822805401151,0.8705699762704066,0.8263522962242923,0.7459172932618099,0.4563456232742413,0.8991365590911244,0.901892768205144,0.906944772135139,0.9079459119717167,0.9079459119717167,0.9087840210816063,0.9087840210816063,0.9087840210816063,0.9094321772185834,0.9117994872732739,0.9117994872732739,0.9137080669986647,0.9149320761638774,0.9190677876894827,0.9224713376200764,0.925869867011843,0.9327903318372259,0.9403168878107075,0.9487841097493674,0.9672249319829761,0.9194356829556782,0.4432498346641507,0.4430611843513743,0.4430586473465959,0.4430586473465959,0.44291660314451964,0.44291660314451964,0.44291660314451964,0.44277543701179317,0.4421850921451484,0.4421850921451484,0.44058121147223606,0.4396863110529321,0.43360890982625827,0.42865868576543487,0.4199968240936237,0.4039082802314026,0.3769685411619176,0.3306809398895335,0.18028545464421195,0.41487888960957453,812.0,807.0,806.0,806.0,805.0,805.0,805.0,804.0,800.0,800.0,796.0,793.0,782.0,771.0,758.0,725.0,677.0,595.0,323.0,751.0526315789474,21.0,26.0,27.0,27.0,28.0,28.0,28.0,29.0,33.0,33.0,37.0,40.0,51.0,62.0,75.0,108.0,156.0,238.0,510.0,81.94736842105263,44.0,49.0,50.0,50.0,51.0,51.0,51.0,52.0,56.0,56.0,60.0,63.0,74.0,85.0,98.0,131.0,179.0,261.0,533.0,104.94736842105263,0.8703481392557023,0.9117994872732739,0.8931572629051621,0.9603841536614646,0.9345794392523364,1.0,0.0,0.0,0.7856417644881382,0.9473060982830077,0.09807355516637478,0.8916221445366712,729.4395898186191,800,33,56,19,2,0,0,19.0,571,0.35642391947898167,0.36134453781512604,0.3516355140186916,301,532,555,856,833,25,2
tagging_009_tagging_aria03_rgb,0.5007999919221968,0.9159108576928912,0.45868815013405223,0.5007999919221968,0.5007999919221968,0.5007999919221968,0.5007999919221968,0.5007999919221968,0.5007999919221968,0.5007999919221968,0.5007999919221968,0.49959439314102866,0.49845516029568,0.4943080462406505,0.4877757049483328,0.4729545557213973,0.4639280216785872,0.45248686721088105,0.42304692156775353,0.39006841479103543,0.3340113308393178,0.1882822821707004,0.45849008599910196,0.9803921568627451,0.9803921568627451,0.9803921568627451,0.9803921568627451,0.9803921568627451,0.9803921568627451,0.9803921568627451,0.9803921568627451,0.9765166340508806,0.97265625,0.9649805447470817,0.9460500963391136,0.9092627599243857,0.8913857677902621,0.860036832412523,0.8035714285714286,0.7294520547945206,0.6108452950558214,0.3202614379084967,0.885692439815604,0.2558166445474579,0.2558166445474579,0.2558166445474579,0.2558166445474579,0.2558166445474579,0.2558166445474579,0.2558166445474579,0.2558166445474579,0.2555968315896069,0.25544229713775246,0.253207638131492,0.2514931706666813,0.24600810858703373,0.2414546171543204,0.23806464709654476,0.22271660176634153,0.20858583811989034,0.18263801003633348,0.11069149633161854,0.23749644278933046,0.9920634920634921,0.9920634920634921,0.9920634920634921,0.9920634920634921,0.9920634920634921,0.9920634920634921,0.9920634920634921,0.9920634920634921,0.9900793650793651,0.9880952380952381,0.9841269841269841,0.9742063492063492,0.9543650793650794,0.9444444444444444,0.9265873015873016,0.8928571428571429,0.8452380952380952,0.7599206349206349,0.4861111111111111,0.9306599832915623,0.9881422924901185,0.9881422924901185,0.9881422924901185,0.9881422924901185,0.9881422924901185,0.9881422924901185,0.9881422924901185,0.9881422924901185,0.9861660079051383,0.9841897233201581,0.9802371541501976,0.9703557312252964,0.950592885375494,0.9407114624505929,0.9229249011857708,0.8893280632411067,0.841897233201581,0.7569169960474308,0.4841897233201581,0.9269814853338879,0.25592375366568915,0.25592375366568915,0.25592375366568915,0.25592375366568915,0.25592375366568915,0.25592375366568915,0.25592375366568915,0.25592375366568915,0.25575344236860814,0.25564624087748844,0.2539583530413395,0.2526757291063184,0.24846970814712754,0.24491116094531656,0.2422855689589129,0.22998588030846095,0.21832247968095309,0.19587541378579865,0.1256079557922876,0.24057273485990135,0.9951178160919539,0.9951178160919539,0.9951178160919539,0.9951178160919539,0.9951178160919539,0.9951178160919539,0.9951178160919539,0.9951178160919539,0.9933545251422384,0.9913677699302959,0.98741525727239,0.9778349484845391,0.9592696705972051,0.9492663542189532,0.9326530075241108,0.899201921074703,0.8564113868699922,0.7814376273722962,0.5444705820994323,0.9386118725958835,0.9159108576928912,0.9159108576928912,0.9159108576928912,0.9159108576928912,0.9159108576928912,0.9159108576928912,0.9159108576928912,0.9159108576928912,0.9168738829611325,0.9177769533763396,0.9193293474637675,0.922719976399578,0.9288627826119613,0.9314403918632927,0.9354320673877594,0.941446493619339,0.9478501763918301,0.9554888947546241,0.9690020978680169,0.9270268382231984,0.5037721247922677,0.5037721247922677,0.5037721247922677,0.5037721247922677,0.5037721247922677,0.5037721247922677,0.5037721247922677,0.5037721247922677,0.5030518350394275,0.5023955786130309,0.4991878096190471,0.49498105382480745,0.4845426173992516,0.47753583295587165,0.4696676260468893,0.44593060975890386,0.4198865281312295,0.3725458261039195,0.23196630417436617,0.4700983484213098,500.0,500.0,500.0,500.0,500.0,500.0,500.0,500.0,499.0,498.0,496.0,491.0,481.0,476.0,467.0,450.0,426.0,383.0,245.0,469.05263157894734,4.0,4.0,4.0,4.0,4.0,4.0,4.0,4.0,5.0,6.0,8.0,13.0,23.0,28.0,37.0,54.0,78.0,121.0,259.0,34.94736842105263,6.0,6.0,6.0,6.0,6.0,6.0,6.0,6.0,7.0,8.0,10.0,15.0,25.0,30.0,39.0,56.0,80.0,123.0,261.0,36.94736842105263,0.9543650793650794,0.9177769533763396,0.9722222222222222,0.9880952380952381,0.9841897233201581,1.0,0.0,0.0,0.8731208785345578,0.9861386138613861,0.014010507880910683,0.9703288839098426,457.0529227814171,498,6,8,9,2,0,0,9.0,571,0.3940594059405941,0.3948412698412698,0.3932806324110672,199,305,307,506,504,13,2
tagging_009_tagging_aria04_rgb,0.4132790503011454,0.9186835491309395,0.37967266471212036,0.4132790503011454,0.4132790503011454,0.4132790503011454,0.4132790503011454,0.4132790503011454,0.412284665460419,0.412284665460419,0.412284665460419,0.4104518284656865,0.40882991462380897,0.4075777221700311,0.404212233946425,0.40200087158626013,0.39557601983501606,0.39191558710699514,0.37937856104128576,0.3518979455067399,0.29610837707183013,0.1411669414672745,0.3838086974057019,0.9674698795180723,0.9674698795180723,0.9674698795180723,0.9674698795180723,0.9674698795180723,0.9651022864019254,0.9651022864019254,0.9651022864019254,0.9603841536614646,0.9533492822966507,0.9486873508353222,0.9394299287410927,0.9302600472813238,0.9099415204678363,0.8988372093023256,0.8620296465222349,0.7788671023965141,0.6248756218905472,0.2503828483920367,0.8836684720307098,0.17654252295988523,0.17654252295988523,0.17654252295988523,0.17654252295988523,0.17654252295988523,0.17612500536862313,0.17612500536862313,0.17612500536862313,0.1754201200098219,0.17532073731535247,0.17510468487119832,0.1739219978768519,0.17371991974545295,0.17196752093262035,0.1708850343841938,0.16696420263319114,0.15899010713232395,0.14031619717670973,0.07959053701642728,0.1670151942104968,0.9938118811881188,0.9938118811881188,0.9938118811881188,0.9938118811881188,0.9938118811881188,0.9925742574257426,0.9925742574257426,0.9925742574257426,0.9900990099009901,0.9863861386138614,0.9839108910891089,0.9789603960396039,0.974009900990099,0.9628712871287128,0.9566831683168316,0.9356435643564357,0.8849009900990099,0.7772277227722773,0.40470297029702973,0.9359041167274623,0.9733333333333334,0.9733333333333334,0.9733333333333334,0.9733333333333334,0.9733333333333334,0.9721212121212122,0.9721212121212122,0.9721212121212122,0.9696969696969697,0.9660606060606061,0.9636363636363636,0.9587878787878787,0.953939393939394,0.943030303030303,0.936969696969697,0.9163636363636364,0.8666666666666667,0.7612121212121212,0.39636363636363636,0.9166188197767144,0.17659020493915956,0.17659020493915956,0.17659020493915956,0.17659020493915956,0.17659020493915956,0.1762375001330245,0.1762375001330245,0.1762375001330245,0.17563937094989726,0.17558836786995013,0.1754320676187608,0.17443087108666988,0.17429556353651854,0.17283926600121974,0.17191459587864572,0.16855920247733114,0.16166994819626399,0.1450209445113904,0.08689452368834309,0.16810253931104535,0.9977716541692058,0.9977716541692058,0.9977716541692058,0.9977716541692058,0.9977716541692058,0.9965381861731414,0.9965381861731414,0.9965381861731414,0.9940603242773222,0.9926368792411432,0.9902456495412931,0.9853553270386943,0.9807008772339694,0.9707653951465011,0.9646616002540237,0.9438823218228262,0.8976123878350972,0.8011679956740569,0.46433085083926096,0.9454680230668231,0.9186835491309395,0.9186835491309395,0.9186835491309395,0.9186835491309395,0.9186835491309395,0.9194610073944861,0.9194610073944861,0.9194610073944861,0.9206734213451685,0.9223403463734361,0.923324825286021,0.9250639916379623,0.9266372074692018,0.9294902132805499,0.9308304255196204,0.9342840398219094,0.9403902398929067,0.9488427930174111,0.9664425821470742,0.9273747817699692,0.4188675886869981,0.4188675886869981,0.4188675886869981,0.4188675886869981,0.4188675886869981,0.4181114043145272,0.4181114043145272,0.4181114043145272,0.4167532688995223,0.41585327352255586,0.41507518177493863,0.4126290681974818,0.4113452586712002,0.40691840487341685,0.4043301078482794,0.39524547014690653,0.37508732745500895,0.3302387596871693,0.17947291366132054,0.395348483742967,803.0,803.0,803.0,803.0,803.0,802.0,802.0,802.0,800.0,797.0,795.0,791.0,787.0,778.0,773.0,756.0,715.0,628.0,327.0,756.2105263157895,5.0,5.0,5.0,5.0,5.0,6.0,6.0,6.0,8.0,11.0,13.0,17.0,21.0,30.0,35.0,52.0,93.0,180.0,481.0,51.78947368421053,22.0,22.0,22.0,22.0,22.0,23.0,23.0,23.0,25.0,28.0,30.0,34.0,38.0,47.0,52.0,69.0,110.0,197.0,498.0,68.78947368421052,0.9368811881188119,0.9223403463734361,0.9517326732673267,0.9863861386138614,0.9660606060606061,1.0,0.0,0.0,0.8602787822520156,0.9761175750153093,0.04903677758318739,0.9503970529133074,735.1052560596286,797,11,28,12,2,0,0,7.0,571,0.21800367421922842,0.2202970297029703,0.21575757575757576,178,630,647,825,808,18,2
tagging_010_tagging_aria01_rgb,0.36640459754738847,0.8972213988352291,0.328746045551127,0.36640459754738847,0.36640459754738847,0.36640459754738847,0.36640459754738847,0.3657277708303146,0.36442546561020916,0.36442546561020916,0.36442546561020916,0.3582257194158564,0.35758322413646404,0.3530573097860537,0.3509448335174989,0.3451041512154262,0.3369960605586206,0.3314922460714844,0.31913727091971694,0.29412474661908306,0.23801309906358373,0.09068845959177298,0.33157840414452927,0.8333333333333334,0.8333333333333334,0.8333333333333334,0.8333333333333334,0.8300180831826401,0.8267148014440433,0.8267148014440433,0.8267148014440433,0.8103756708407871,0.8071428571428572,0.7943262411347518,0.7879858657243817,0.7723292469352014,0.7508650519031141,0.7328767123287672,0.6923076923076923,0.6166134185303515,0.47093023255813954,0.15130830489192265,0.7384503744813721,0.16110279492463647,0.16110279492463647,0.16110279492463647,0.16110279492463647,0.16114926296982712,0.16064296871574374,0.16064296871574374,0.16064296871574374,0.15835330534771175,0.15841775845784087,0.15692477163450477,0.1563001083266945,0.1542047975765859,0.1512473440389701,0.14993942003743518,0.1471146411079003,0.14029757376984747,0.12029432686477069,0.05435522332368477,0.14920729575271316,0.9643605870020965,0.9643605870020965,0.9643605870020965,0.9643605870020965,0.9622641509433962,0.960167714884696,0.960167714884696,0.960167714884696,0.949685534591195,0.9475890985324947,0.939203354297694,0.9350104821802935,0.9245283018867925,0.909853249475891,0.8972746331236897,0.8679245283018868,0.8092243186582809,0.6792452830188679,0.27882599580712786,0.8862407591305307,0.8598130841121495,0.8598130841121495,0.8598130841121495,0.8598130841121495,0.8579439252336448,0.8560747663551402,0.8560747663551402,0.8560747663551402,0.8467289719626169,0.8448598130841122,0.8373831775700935,0.8336448598130841,0.8242990654205608,0.811214953271028,0.8,0.7738317757009345,0.7214953271028037,0.6056074766355141,0.2485981308411215,0.7901623216920808,0.1649639702553755,0.1649639702553755,0.1649639702553755,0.1649639702553755,0.16502813136989355,0.1645997719841553,0.1645997719841553,0.1645997719841553,0.16264783936896768,0.16272854648195417,0.16138608607420793,0.1608507957127489,0.159061902481519,0.1564221447722848,0.15534385921097593,0.15290934007783782,0.14634681976199423,0.1269172631997336,0.060204881273223196,0.15386856877680571,0.9550666788454513,0.9550666788454513,0.9550666788454513,0.9550666788454513,0.952935378944606,0.9506946992770907,0.9506946992770907,0.9506946992770907,0.9399135099846461,0.9380106637677977,0.9306851716798731,0.9267197706342076,0.9156795841716201,0.9022154476670933,0.8902208428622808,0.8646085601234591,0.8247313797789498,0.7300432036267374,0.3884091788673654,0.8882380792274587,0.8972213988352291,0.8972213988352291,0.8972213988352291,0.8972213988352291,0.898705927804451,0.9000212635035985,0.9000212635035985,0.9000212635035985,0.9051946679967003,0.9061233677150561,0.9094268655637109,0.9109484666985795,0.9142873864878102,0.9182480052478317,0.9208676303441711,0.9258391238867602,0.9329984908208604,0.9442993933729132,0.9663391201770969,0.9127488332614554,0.3941588333162163,0.3941588333162163,0.3941588333162163,0.3941588333162163,0.39378694583088303,0.3927393438199048,0.3927393438199048,0.3927393438199048,0.3877961364472632,0.38744669430594436,0.38390659266483884,0.38228554726980557,0.3775800572676972,0.370962110529438,0.3667926363831047,0.3573295474626689,0.3369454088473602,0.2858484810119259,0.12310828270488232,0.3636127266026522,460.0,460.0,460.0,460.0,459.0,458.0,458.0,458.0,453.0,452.0,448.0,446.0,441.0,434.0,428.0,414.0,386.0,324.0,133.0,422.7368421052632,17.0,17.0,17.0,17.0,18.0,19.0,19.0,19.0,24.0,25.0,29.0,31.0,36.0,43.0,49.0,63.0,91.0,153.0,344.0,54.26315789473684,75.0,75.0,75.0,75.0,76.0,77.0,77.0,77.0,82.0,83.0,87.0,89.0,94.0,101.0,107.0,121.0,149.0,211.0,402.0,112.26315789473684,0.7421383647798742,0.9061233677150561,0.7735849056603774,0.9475890985324947,0.8448598130841122,1.0,0.0,0.0,0.6531818914197177,0.8932806324110671,0.19714964370546317,0.7711193055365709,409.56776220720536,452,25,83,15,2,0,0,16.0,421,0.21936758893280633,0.23270440251572327,0.20747663551401868,111,366,424,535,477,25,2
tagging_010_tagging_aria03_rgb,0.3677707921796324,0.9135447614788303,0.33597508062062276,0.3677707921796324,0.3677707921796324,0.3671117387142962,0.3671117387142962,0.3671117387142962,0.3671117387142962,0.3671117387142962,0.3671117387142962,0.36486530202586404,0.3639773064962049,0.3603733488929761,0.3565168801343463,0.3508337839641093,0.34269282927877404,0.33875360036330177,0.3315847645559107,0.3151981784955523,0.2662180820590696,0.11541439670834859,0.33919160471681575,0.9656946826758147,0.9656946826758147,0.958974358974359,0.958974358974359,0.958974358974359,0.958974358974359,0.958974358974359,0.958974358974359,0.9522998296422487,0.9489795918367347,0.9390862944162437,0.9260504201680673,0.91,0.8817733990147784,0.8694942903752039,0.842443729903537,0.790625,0.6324786324786325,0.21914893617021278,0.8735587180633392,0.14006016394918866,0.14006016394918866,0.1405366342077945,0.1405366342077945,0.1405366342077945,0.1405366342077945,0.1405366342077945,0.1405366342077945,0.13979493062855716,0.13960203231327703,0.13829288252265254,0.13725417434361717,0.13525752084678605,0.13318430264544953,0.13197786693870175,0.13051133527718017,0.12565994210518774,0.11205448465107451,0.06078278635679098,0.13198486272496943,0.9690189328743546,0.9690189328743546,0.9655765920826161,0.9655765920826161,0.9655765920826161,0.9655765920826161,0.9655765920826161,0.9655765920826161,0.9621342512908778,0.9604130808950087,0.955249569707401,0.9483648881239243,0.9397590361445783,0.9242685025817556,0.9173838209982789,0.9018932874354562,0.8709122203098106,0.7641996557659209,0.35456110154905335,0.9068756227919196,0.9964601769911504,0.9964601769911504,0.9929203539823008,0.9929203539823008,0.9929203539823008,0.9929203539823008,0.9929203539823008,0.9929203539823008,0.9893805309734514,0.9876106194690265,0.9823008849557522,0.9752212389380531,0.9663716814159292,0.9504424778761061,0.9433628318584071,0.9274336283185841,0.8955752212389381,0.7858407079646018,0.36460176991150445,0.9325570563577086,0.14010607163409794,0.14010607163409794,0.1405827055564646,0.1405827055564646,0.1405827055564646,0.1405827055564646,0.1405827055564646,0.1405827055564646,0.1399298470159873,0.13976090275706538,0.1386253639971112,0.13772240349129952,0.13596031466706332,0.13415023465178186,0.13308275672009048,0.13183401112258342,0.12753723029300854,0.11513646725077954,0.06579049957753895,0.13280202148164702,0.9965283384466332,0.9965283384466332,0.9965159617566034,0.9965159617566034,0.9965159617566034,0.9965159617566034,0.9965159617566034,0.9965159617566034,0.9930820521160415,0.9913335432488659,0.9860618606308261,0.9789772625908196,0.9706236738959279,0.9588124883616514,0.951810833193816,0.9358111238725134,0.9041619842176861,0.8071500256768217,0.4464770610043046,0.941918650328535,0.9135447614788303,0.9135447614788303,0.916281131307915,0.916281131307915,0.916281131307915,0.916281131307915,0.916281131307915,0.916281131307915,0.9180610747314047,0.9188931991428285,0.9209606055481772,0.9233252724214245,0.9259752587245474,0.9300276440765947,0.9316004511707744,0.934399598264168,0.9378510502674194,0.9458966483325469,0.9647524767159227,0.9250799784316295,0.3684032445680276,0.3684032445680276,0.3683732947990712,0.3683732947990712,0.3683732947990712,0.3683732947990712,0.3683732947990712,0.3683732947990712,0.3667444490576061,0.3661633760402574,0.3634614374639488,0.36078669556391085,0.3565241610638483,0.3508533254417079,0.34795741098506383,0.34308497084647566,0.33081532489114124,0.29262945613416774,0.146803309519522,0.34594053552305953,563.0,563.0,561.0,561.0,561.0,561.0,561.0,561.0,559.0,558.0,555.0,551.0,546.0,537.0,533.0,524.0,506.0,444.0,206.0,526.8947368421053,18.0,18.0,20.0,20.0,20.0,20.0,20.0,20.0,22.0,23.0,26.0,30.0,35.0,44.0,48.0,57.0,75.0,137.0,375.0,54.10526315789474,2.0,2.0,4.0,4.0,4.0,4.0,4.0,4.0,6.0,7.0,10.0,14.0,19.0,28.0,32.0,41.0,59.0,121.0,359.0,38.10526315789474,0.9225473321858864,0.9188931991428285,0.9483648881239243,0.9604130808950087,0.9876106194690265,1.0,0.0,0.0,0.8446512996931124,0.9738219895287958,0.0166270783847981,0.946340634665997,512.7424051216983,558,23,7,15,2,0,0,11.0,421,0.20767888307155322,0.20481927710843373,0.21061946902654868,119,462,446,565,581,18,2
tagging_010_tagging_aria04_rgb,0.3471382213056069,0.9031070906115432,0.31350298908337265,0.3471382213056069,0.34654434248616145,0.34584459398198525,0.34449278158604024,0.34159368022991443,0.340421883860223,0.3399953467261356,0.3388744432574659,0.3382058063528279,0.3364995363626609,0.3351164065414073,0.33026219507938276,0.32910020336667295,0.3248196916163098,0.3188193453484763,0.304143499638058,0.28853885755862374,0.24881920852370426,0.13233826309888913,0.317450963522134,0.92,0.9170506912442397,0.9141104294478528,0.908256880733945,0.8937784522003035,0.8880484114977307,0.8851963746223565,0.8823529411764706,0.8795180722891566,0.8738738738738738,0.8654708520179372,0.8516320474777448,0.8461538461538461,0.8325991189427313,0.8113207547169812,0.7652050919377652,0.7095890410958904,0.5757575757575758,0.24550898203592814,0.8139696545906489,0.13098363553393533,0.1309556630356232,0.13084686415711386,0.13066267823810818,0.13055387729001394,0.1304963305046566,0.13058891688834723,0.13014734006546516,0.13005209449881672,0.12957469190643006,0.12975943172595517,0.12807540277716312,0.12799911546616466,0.12672104697359374,0.12528432728667072,0.12088689600566425,0.11732801311679944,0.10752962902641927,0.07133513297475962,0.12419900460377369,0.9755301794453507,0.9738988580750407,0.9722675367047309,0.9690048939641109,0.9608482871125612,0.9575856443719413,0.9559543230016313,0.9543230016313213,0.9526916802610114,0.9494290375203915,0.9445350734094616,0.9363784665579119,0.933115823817292,0.9249592169657422,0.9119086460032626,0.8825448613376835,0.8450244698205547,0.7438825448613376,0.401305057096248,0.9023782948398731,0.9417322834645669,0.9401574803149606,0.9385826771653544,0.9354330708661417,0.9275590551181102,0.9244094488188976,0.9228346456692913,0.9212598425196851,0.9196850393700787,0.9165354330708662,0.9118110236220472,0.9039370078740158,0.9007874015748032,0.8929133858267716,0.8803149606299212,0.8519685039370078,0.815748031496063,0.7181102362204724,0.38740157480314963,0.8711147948611688,0.13197922356097225,0.13195744434978557,0.13186181340343942,0.13169894894304854,0.13162749452771136,0.13157917894544915,0.1316598561696199,0.13127370525788437,0.13118657781170098,0.13076829465385736,0.13096005729479057,0.12949336376553627,0.1294368103799028,0.12831724654870963,0.1270639262302092,0.12317809828361548,0.12003380172525153,0.11120574790048521,0.07671806569150673,0.12589471870755137,0.9287768262084372,0.9276106232372621,0.9261375612702851,0.9234571415364401,0.919594959779024,0.9175937690305898,0.9183063863838843,0.9164849084670328,0.9153476477601438,0.9126503241538063,0.9123309083544194,0.9033410296207158,0.9002045892473389,0.8925776017916903,0.8793994490585263,0.8579105218696761,0.8326302834567916,0.7486530470080196,0.4875311156360039,0.874765194414215,0.9031070906115432,0.9044784195728182,0.9057457305839602,0.9081884545474834,0.9139510121806385,0.9161579418671715,0.9171588657272021,0.9180579356323187,0.9188826991028978,0.9204323856406955,0.9224109968612786,0.9254087205674235,0.9264046298340363,0.9285561944220222,0.9314445920829493,0.9366021984235392,0.9412964463429817,0.9496132457833791,0.9661398483343505,0.9238967056904572,0.3574611719849085,0.35712402703942125,0.3566765457660142,0.3558268886287049,0.3541785840081433,0.3534988157469207,0.3533228546747525,0.35242389281319597,0.35199367668971204,0.3507448859551956,0.35008903777588507,0.3463048501772202,0.345598032511898,0.342362089580278,0.3380057118769112,0.32663145726163906,0.31487305708669727,0.28282399843041667,0.1691955957210599,0.334691324933104,598.0,597.0,596.0,594.0,589.0,587.0,586.0,585.0,584.0,582.0,579.0,574.0,572.0,567.0,559.0,541.0,518.0,456.0,246.0,553.1578947368421,15.0,16.0,17.0,19.0,24.0,26.0,27.0,28.0,29.0,31.0,34.0,39.0,41.0,46.0,54.0,72.0,95.0,157.0,367.0,59.8421052631579,37.0,38.0,39.0,41.0,46.0,48.0,49.0,50.0,51.0,53.0,56.0,61.0,63.0,68.0,76.0,94.0,117.0,179.0,389.0,81.84210526315789,0.8417618270799347,0.9208313569431751,0.8727569331158238,0.9543230016313213,0.9212598425196851,1.0,0.0,0.0,0.7662093700028669,0.9375,0.1187648456057007,0.8706708750392286,538.6863438117574,585,28,50,19,2,0,0,15.0,421,0.1891025641025641,0.19249592169657423,0.1858267716535433,118,495,517,635,613,21,2
COMBINED,0.6792422526888262,0.90701855066864,0.6160853235867213,0.6792422526888262,0.6789761199013771,0.6787020332676114,0.678385953690994,0.6780220723226077,0.6769317020894727,0.6754355727845458,0.674076850252122,0.6728191997023691,0.6711665944607947,0.6683906529370888,0.6646211855707851,0.6585982797087686,0.6501558835204814,0.6364730608700407,0.6107691067703113,0.5624122544907033,0.4517479441541164,0.2013172031622818,0.624644416965542,0.9562035037197024,0.9555330888652799,0.95493010826367,0.9539594212824245,0.9527891854893908,0.9507196335168029,0.947756481370859,0.9448686049285934,0.9416588685665674,0.9378672100526405,0.9318639649247541,0.9235929677886966,0.910934360348292,0.8929933981355539,0.8652708312902487,0.817126570386765,0.7290798624263268,0.5434688522816413,0.19118000104378685,0.8579893112990523,0.48250193190364565,0.4824621740140769,0.4823771352221323,0.48241832084070657,0.4824928090682683,0.48198913027460044,0.4813612166734108,0.48089183795048474,0.4807321319845196,0.4803074387202611,0.47941124643632027,0.47826405756109514,0.4761613052662832,0.47335475688716416,0.46817475241736367,0.4565252377100354,0.4338448506157696,0.3755067179852148,0.211991924196093,0.4563562618803919,0.9683203721705319,0.9679731981669213,0.9676607415636718,0.9671573392584363,0.9665497847521177,0.9654735453409249,0.9639286210248577,0.9624184141091515,0.96073462019164,0.958738369670879,0.955561727537842,0.9511526176919872,0.9443306485210388,0.9345056242188585,0.9189522288571031,0.8908137758644633,0.8353006526871268,0.6975246493542564,0.3179419525065963,0.899738888604653,0.9870826181586537,0.9867287172862881,0.9864102065011591,0.9858970502362289,0.985277723709589,0.9841806310052554,0.9826057721232283,0.9810663033284377,0.9793498840974643,0.9773149540813618,0.9740767610992161,0.9695822200201724,0.9626280678781873,0.9526126731902395,0.9367579141082583,0.9080742484030223,0.8514854989117548,0.7110399377134464,0.3241024189124626,0.917172294777075,0.48575193672460143,0.48576675487134935,0.48574839223390776,0.48582475688974897,0.48593425897869275,0.4856204016853846,0.48521196492674057,0.48491201848841065,0.4848991270621466,0.48474340047593634,0.4843496617696125,0.4838736850292134,0.48286742282922424,0.48154880089860264,0.4789108804734797,0.4724665911919549,0.45899949010516716,0.41826304987275165,0.2779894915667384,0.4680885308459823,0.9752078941060756,0.9750339010340698,0.9748768350896424,0.974579351939609,0.9742491702021183,0.973775239538551,0.9730467417232906,0.972137471245979,0.9712816972138274,0.9699282148617457,0.9675154862198323,0.9638657451454313,0.9581136639698121,0.9500975200288104,0.9372519550973016,0.914964002356243,0.8713278424440685,0.7635378999421365,0.4561827735639758,0.9219459687222379,0.90701855066864,0.9073149441524965,0.9075661310827703,0.9079447593759654,0.9083727651588099,0.909077628220495,0.9100114930816152,0.9108477005769028,0.9116983090047487,0.9126073736929042,0.913890916504188,0.915456124593579,0.917541478191102,0.9200702693179936,0.9233435628076129,0.927962160478277,0.9345881249316411,0.9455272516238272,0.9656788367448459,0.9187641252741271,0.6835323330128128,0.6833816309903067,0.6832111067469616,0.6830625297831966,0.6829006668245239,0.6821640231073516,0.6811738792722813,0.6803081360959463,0.6795998839288194,0.6785935239445324,0.6768360501966191,0.6744643135831776,0.670562237381985,0.6650959949975683,0.6559193793665185,0.6377138627800859,0.6019891086093679,0.5117862755025818,0.2596172688681093,0.6406269581575129,55783.0,55763.0,55745.0,55716.0,55681.0,55619.0,55530.0,55443.0,55346.0,55231.0,55048.0,54794.0,54401.0,53835.0,52939.0,51318.0,48120.0,40183.0,18316.0,51832.15789473684,1825.0,1845.0,1863.0,1892.0,1927.0,1989.0,2078.0,2165.0,2262.0,2377.0,2560.0,2814.0,3207.0,3773.0,4669.0,6290.0,9488.0,17425.0,39292.0,5775.8421052631575,730.0,750.0,768.0,797.0,832.0,894.0,983.0,1070.0,1167.0,1282.0,1465.0,1719.0,2112.0,2678.0,3574.0,5195.0,8393.0,16330.0,38197.0,4680.8421052631575,0.933047493403694,0.9123867184976361,0.944504235522844,0.9627482294125815,0.9814025091571851,0.9696969696969697,0.030303030303030304,0.0,0.8486979617642669,0.9719858746418275,0.031822448299875856,0.9444552919050212,50602.79218131589,55462,2146,1051,660,160,5,0,700.0,33027,0.5747758957597637,0.5693132898208582,0.5803443455488118,32797,24811,23716,56513,57608,840,165
