seq,HOTA(0),LocA(0),HOTALocA(0),HOTA___5,HOTA___10,HOTA___15,HOTA___20,HOTA___25,HOTA___30,HOTA___35,HOTA___40,HOTA___45,HOTA___50,HOTA___55,HOTA___60,HOTA___65,HOTA___70,HOTA___75,HOTA___80,HOTA___85,HOTA___90,HOTA___95,HOTA___AUC,DetA___5,DetA___10,DetA___15,DetA___20,DetA___25,DetA___30,DetA___35,DetA___40,DetA___45,DetA___50,DetA___55,DetA___60,DetA___65,DetA___70,DetA___75,DetA___80,DetA___85,DetA___90,DetA___95,DetA___AUC,AssA___5,AssA___10,AssA___15,AssA___20,AssA___25,AssA___30,AssA___35,AssA___40,AssA___45,AssA___50,AssA___55,AssA___60,AssA___65,AssA___70,AssA___75,AssA___80,AssA___85,AssA___90,AssA___95,AssA___AUC,DetRe___5,DetRe___10,DetRe___15,DetRe___20,DetRe___25,DetRe___30,DetRe___35,DetRe___40,DetRe___45,DetRe___50,DetRe___55,DetRe___60,DetRe___65,DetRe___70,DetRe___75,DetRe___80,DetRe___85,DetRe___90,DetRe___95,DetRe___AUC,DetPr___5,DetPr___10,DetPr___15,DetPr___20,DetPr___25,DetPr___30,DetPr___35,DetPr___40,DetPr___45,DetPr___50,DetPr___55,DetPr___60,DetPr___65,DetPr___70,DetPr___75,DetPr___80,DetPr___85,DetPr___90,DetPr___95,DetPr___AUC,AssRe___5,AssRe___10,AssRe___15,AssRe___20,AssRe___25,AssRe___30,AssRe___35,AssRe___40,AssRe___45,AssRe___50,AssRe___55,AssRe___60,AssRe___65,AssRe___70,AssRe___75,AssRe___80,AssRe___85,AssRe___90,AssRe___95,AssRe___AUC,AssPr___5,AssPr___10,AssPr___15,AssPr___20,AssPr___25,AssPr___30,AssPr___35,AssPr___40,AssPr___45,AssPr___50,AssPr___55,AssPr___60,AssPr___65,AssPr___70,AssPr___75,AssPr___80,AssPr___85,AssPr___90,AssPr___95,AssPr___AUC,LocA___5,LocA___10,LocA___15,LocA___20,LocA___25,LocA___30,LocA___35,LocA___40,LocA___45,LocA___50,LocA___55,LocA___60,LocA___65,LocA___70,LocA___75,LocA___80,LocA___85,LocA___90,LocA___95,LocA___AUC,OWTA___5,OWTA___10,OWTA___15,OWTA___20,OWTA___25,OWTA___30,OWTA___35,OWTA___40,OWTA___45,OWTA___50,OWTA___55,OWTA___60,OWTA___65,OWTA___70,OWTA___75,OWTA___80,OWTA___85,OWTA___90,OWTA___95,OWTA___AUC,HOTA_TP___5,HOTA_TP___10,HOTA_TP___15,HOTA_TP___20,HOTA_TP___25,HOTA_TP___30,HOTA_TP___35,HOTA_TP___40,HOTA_TP___45,HOTA_TP___50,HOTA_TP___55,HOTA_TP___60,HOTA_TP___65,HOTA_TP___70,HOTA_TP___75,HOTA_TP___80,HOTA_TP___85,HOTA_TP___90,HOTA_TP___95,HOTA_TP___AUC,HOTA_FN___5,HOTA_FN___10,HOTA_FN___15,HOTA_FN___20,HOTA_FN___25,HOTA_FN___30,HOTA_FN___35,HOTA_FN___40,HOTA_FN___45,HOTA_FN___50,HOTA_FN___55,HOTA_FN___60,HOTA_FN___65,HOTA_FN___70,HOTA_FN___75,HOTA_FN___80,HOTA_FN___85,HOTA_FN___90,HOTA_FN___95,HOTA_FN___AUC,HOTA_FP___5,HOTA_FP___10,HOTA_FP___15,HOTA_FP___20,HOTA_FP___25,HOTA_FP___30,HOTA_FP___35,HOTA_FP___40,HOTA_FP___45,HOTA_FP___50,HOTA_FP___55,HOTA_FP___60,HOTA_FP___65,HOTA_FP___70,HOTA_FP___75,HOTA_FP___80,HOTA_FP___85,HOTA_FP___90,HOTA_FP___95,HOTA_FP___AUC,MOTA,MOTP,MODA,CLR_Re,CLR_Pr,MTR,PTR,MLR,sMOTA,CLR_F1,FP_per_frame,MOTAL,MOTP_sum,CLR_TP,CLR_FN,CLR_FP,IDSW,MT,PT,ML,Frag,CLR_Frames,IDF1,IDR,IDP,IDTP,IDFN,IDFP,Dets,GT_Dets,IDs,GT_IDs
fencing_001_fencing_aria01_rgb,0.8126552628291355,0.9009182659035456,0.7321359701654149,0.8126552628291355,0.8126552628291355,0.8126552628291355,0.8118827290643069,0.8111140797099506,0.8111140797099506,0.8103079477105654,0.8095437364891509,0.8095437364891509,0.808783372673923,0.8052125493227869,0.8003342225072911,0.78802480384916,0.771936755566883,0.7560854162874773,0.7370437930888804,0.7020248300968673,0.5720249063136367,0.17381733360545495,0.7482505305775181,0.9974489795918368,0.9974489795918368,0.9974489795918368,0.9957519116397621,0.9940577249575552,0.9940577249575552,0.9923664122137404,0.9906779661016949,0.9906779661016949,0.9889923793395428,0.9806070826306914,0.9689857502095558,0.9461474730737366,0.9113100081366965,0.8852327447833066,0.8380281690140845,0.7701582516955539,0.5213730569948186,0.13973799126637554,0.8895005027311513,0.6620976006954613,0.6620976006954613,0.6620976006954613,0.6619656543440028,0.6618388789562616,0.6618388789562616,0.661649731431546,0.6615278462966661,0.6615278462966661,0.6614111064744902,0.6611896457524207,0.661036416250524,0.6563280135010323,0.6538788658905441,0.6457794970773973,0.6482282732452092,0.639918953004163,0.6275976271753847,0.21620795596036235,0.6330641048789114,0.9991482112436116,0.9991482112436116,0.9991482112436116,0.9982964224872232,0.9974446337308348,0.9974446337308348,0.9965928449744463,0.995741056218058,0.995741056218058,0.9948892674616695,0.9906303236797275,0.9846678023850085,0.9727427597955707,0.9540034071550255,0.9395229982964225,0.9122657580919932,0.8705281090289608,0.6856899488926746,0.2453151618398637,0.9225768851430108,0.9982978723404256,0.9982978723404256,0.9982978723404256,0.9974468085106383,0.9965957446808511,0.9965957446808511,0.9957446808510638,0.9948936170212765,0.9948936170212765,0.9940425531914894,0.9897872340425532,0.9838297872340426,0.9719148936170213,0.9531914893617022,0.9387234042553192,0.9114893617021277,0.8697872340425532,0.6851063829787234,0.2451063829787234,0.921791713325868,0.6620976032874643,0.6620976032874643,0.6620976032874643,0.6620683904246258,0.6620421083693626,0.6620421083693626,0.661971032651661,0.6619476081494453,0.6619476081494453,0.6619271318941404,0.6621033344887973,0.6624818082453184,0.6603579856592897,0.6600747642402693,0.6561459657670151,0.6600911498902579,0.6600231511816509,0.6826672898534311,0.3435771314824333,0.6456716515094157,0.9995737425404945,0.9995737425404945,0.9995737425404945,0.9987244027303755,0.9978821520068317,0.9978821520068317,0.9970296349548686,0.99619304781625,0.99619304781625,0.9953635898092433,0.9912583360507486,0.9856364354087916,0.9750094040215302,0.9593548071387588,0.9468736456579021,0.9255040763707815,0.8917521520158397,0.7894454410227051,0.36183057029718196,0.9370870590919145,0.9009182659035456,0.9009182659035456,0.9009182659035456,0.9015574977367018,0.902142890807867,0.902142890807867,0.9026203570285197,0.9030795549454382,0.9030795549454382,0.903433910556169,0.9050756854869024,0.907068824434603,0.9105865157018708,0.9152176129740034,0.9181890070631142,0.922341985131063,0.9267973269174533,0.9399336007157898,0.9644772571547632,0.9121315405325369,0.8133471788870711,0.8133471788870711,0.8133471788870711,0.8129193960910465,0.8124947004192425,0.8124947004192425,0.8120316423785116,0.8116097808609131,0.8116097808609131,0.811190983191639,0.8093173127923342,0.8067845284125528,0.799023355843957,0.7898117914580935,0.7789253425922873,0.7689970462288555,0.7463695037248684,0.6560010555655025,0.2303021704358915,0.7636802435756348,1173.0,1173.0,1173.0,1172.0,1171.0,1171.0,1170.0,1169.0,1169.0,1168.0,1163.0,1156.0,1142.0,1120.0,1103.0,1071.0,1022.0,805.0,288.0,1083.1052631578948,1.0,1.0,1.0,2.0,3.0,3.0,4.0,5.0,5.0,6.0,11.0,18.0,32.0,54.0,71.0,103.0,152.0,369.0,886.0,90.89473684210526,2.0,2.0,2.0,3.0,4.0,4.0,5.0,6.0,6.0,7.0,12.0,19.0,33.0,55.0,72.0,104.0,153.0,370.0,887.0,91.89473684210526,0.985519591141397,0.903333347861955,0.9889267461669506,0.9948892674616695,0.9940425531914894,1.0,0.0,0.0,0.8893469764078052,0.9944657300979141,0.011647254575707155,0.9884139182356662,1055.0933503027634,1168,6,7,4,2,0,0,5.0,601,0.6930608769689229,0.6933560477001703,0.6927659574468085,814,360,361,1175,1174,7,2
fencing_001_fencing_aria02_rgb,1.0,0.9295577925069392,0.9295577925069392,1.0,1.0,1.0,1.0,1.0,1.0,1.0,1.0,1.0,1.0,1.0,1.0,0.9966777408637874,0.9802306425041186,0.9737274220032841,0.9608482871125612,0.9201277955271565,0.7146932952924394,0.20682730923694778,0.9343753943442261,1.0,1.0,1.0,1.0,1.0,1.0,1.0,1.0,1.0,1.0,1.0,1.0,0.9966777408637874,0.9802306425041186,0.9737274220032841,0.9608482871125612,0.9201277955271565,0.7146932952924394,0.20682730923694778,0.9343753943442261,1.0,1.0,1.0,1.0,1.0,1.0,1.0,1.0,1.0,1.0,1.0,1.0,0.9966777408637874,0.9802306425041186,0.973727422003284,0.9608482871125612,0.9201277955271565,0.7146932952924394,0.20682730923694778,0.9343753943442261,1.0,1.0,1.0,1.0,1.0,1.0,1.0,1.0,1.0,1.0,1.0,1.0,0.9983361064891847,0.9900166389351082,0.9866888519134775,0.9800332778702163,0.9584026622296173,0.8336106489184693,0.3427620632279534,0.9520973815570541,1.0,1.0,1.0,1.0,1.0,1.0,1.0,1.0,1.0,1.0,1.0,1.0,0.9983361064891847,0.9900166389351082,0.9866888519134775,0.9800332778702163,0.9584026622296173,0.8336106489184693,0.3427620632279534,0.9520973815570541,1.0,1.0,1.0,1.0,1.0,1.0,1.0,1.0,1.0,1.0,1.0,1.0,0.9983361064891847,0.9900166389351083,0.9866888519134777,0.9800332778702163,0.9584026622296172,0.8336106489184693,0.3427620632279534,0.9520973815570541,1.0,1.0,1.0,1.0,1.0,1.0,1.0,1.0,1.0,1.0,1.0,1.0,0.9983361064891847,0.9900166389351083,0.9866888519134777,0.9800332778702163,0.9584026622296172,0.8336106489184693,0.3427620632279534,0.9520973815570541,0.9295577925069392,0.9295577925069392,0.9295577925069392,0.9295577925069392,0.9295577925069392,0.9295577925069392,0.9295577925069392,0.9295577925069392,0.9295577925069392,0.9295577925069392,0.9295577925069392,0.9295577925069392,0.9300238389831181,0.9321418672057982,0.9328527091291254,0.9338629380926559,0.9361978998570871,0.9443404265813583,0.9656087343003927,0.9331432591701476,1.0,1.0,1.0,1.0,1.0,1.0,1.0,1.0,1.0,1.0,1.0,1.0,0.997506579045166,0.9851114891590338,0.98018671287316,0.9703933719656715,0.9390702470128077,0.7718652354306479,0.26625655906651796,0.9426521155027899,601.0,601.0,601.0,601.0,601.0,601.0,601.0,601.0,601.0,601.0,601.0,601.0,600.0,595.0,593.0,589.0,576.0,501.0,206.0,572.2105263157895,0.0,0.0,0.0,0.0,0.0,0.0,0.0,0.0,0.0,0.0,0.0,0.0,1.0,6.0,8.0,12.0,25.0,100.0,395.0,28.789473684210527,0.0,0.0,0.0,0.0,0.0,0.0,0.0,0.0,0.0,0.0,0.0,0.0,1.0,6.0,8.0,12.0,25.0,100.0,395.0,28.789473684210527,1.0,0.9295577925069392,1.0,1.0,1.0,1.0,0.0,0.0,0.9295577925069392,1.0,0.0,1.0,558.6642332966704,601,0,0,0,1,0,0,0.0,601,1.0,1.0,1.0,601,0,0,601,601,1,1
fencing_001_fencing_aria03_rgb,0.7572198299198206,0.837412314498457,0.634105210357285,0.7572198299198206,0.7572198299198206,0.7509163080314275,0.7424512530301487,0.7356601362110501,0.7308856492981946,0.7247299706311138,0.7195482183375949,0.7133320357837937,0.7087290524808312,0.7070039313191708,0.7007757410772496,0.6943085420476481,0.6861231200129502,0.6642938527186303,0.5851118564629246,0.3992183962598224,0.18151283587296071,0.0259892429186248,0.6307910422280936,0.9783588818755635,0.9783588818755635,0.9712488769092543,0.9589285714285715,0.9433126660761736,0.9313380281690141,0.9178321678321678,0.9028620988725065,0.8881239242685026,0.8816466552315609,0.8784246575342466,0.8672340425531915,0.8530405405405406,0.8390611902766136,0.8117258464079273,0.6889915319476521,0.4578073089700997,0.18787222523010286,0.027153558052434457,0.7875432449500889,0.5860649721139137,0.5860649721139137,0.5805672624939712,0.5748435071705422,0.5737184026810879,0.5735767424854907,0.5722544368558433,0.5734537302644251,0.5729409819632506,0.5697258270644155,0.5690352093529152,0.5662677145797672,0.5651130616311205,0.5610615069219302,0.5436396102360844,0.4968941833083393,0.3481275304905053,0.17536870895254228,0.02487485235559148,0.505978590159771,0.980126467931346,0.980126467931346,0.976513098464318,0.9701897018970189,0.962059620596206,0.955736224028907,0.948509485094851,0.940379403794038,0.9322493224932249,0.928635953026197,0.926829268292683,0.9205058717253839,0.912375790424571,0.9042457091237579,0.8879855465221319,0.8084914182475158,0.6224028906955736,0.3134598012646793,0.052393857271906055,0.8380639946750345,0.9981600735970562,0.9981600735970562,0.9944802207911684,0.9880404783808647,0.9797608095676172,0.9733210671573137,0.9659613615455381,0.9576816927322908,0.9494020239190433,0.9457221711131555,0.9438822447102115,0.937442502299908,0.9291628334866605,0.920883164673413,0.9043238270469182,0.8233670653173873,0.6338546458141674,0.31922723091076355,0.05335786568537258,0.8534837553866266,0.5921444276773025,0.5921444276773025,0.5886345563238778,0.5852868073439538,0.5855727519621223,0.5863624193472691,0.5863834505149682,0.5885123085664714,0.589311466614279,0.5872912812865491,0.5870014575757078,0.585661084846556,0.5857897287238205,0.5835458011804948,0.5718057972269761,0.5438926287188133,0.429368506814685,0.25618410549596193,0.041172556963826205,0.5297929244663651,0.9639327578995988,0.9639327578995988,0.9603181724062707,0.9549339561048903,0.9517156141232695,0.9508317754093456,0.9500251578071984,0.9511951598189609,0.950940212523858,0.9486225007623337,0.9472224345025578,0.9412315460034192,0.9370066026027626,0.9287382887021807,0.9124247136935382,0.8393962922246146,0.6547198167706286,0.3627797149287778,0.06439994769342836,0.8491772327303807,0.837412314498457,0.837412314498457,0.8400197874960661,0.8443184533476312,0.8495797588943232,0.8533593181725987,0.8573809943195859,0.8615342561397393,0.8653458766798506,0.8668460228032274,0.8675247867742445,0.8695342368129103,0.8716855558461761,0.8734374104572902,0.8761421577872273,0.8856289518110796,0.9030142557524179,0.9297184724547319,0.9644419636245188,0.8712808888510807,0.7579035499958375,0.7579035499958375,0.752948561566416,0.7467979986979245,0.7429342560499069,0.7403972380107071,0.7367419909611369,0.7343460199180813,0.7308377674038495,0.7273705289462873,0.726222064328354,0.7219783627223114,0.7180497728465227,0.7122762527198734,0.6947978960867457,0.6338254357328209,0.4654842438880203,0.23445903833358034,0.036101100592344774,0.6511250330945558,1085.0,1085.0,1081.0,1074.0,1065.0,1058.0,1050.0,1041.0,1032.0,1028.0,1026.0,1019.0,1010.0,1001.0,983.0,895.0,689.0,347.0,58.0,927.7368421052631,22.0,22.0,26.0,33.0,42.0,49.0,57.0,66.0,75.0,79.0,81.0,88.0,97.0,106.0,124.0,212.0,418.0,760.0,1049.0,179.26315789473685,2.0,2.0,6.0,13.0,22.0,29.0,37.0,46.0,55.0,59.0,61.0,68.0,77.0,86.0,104.0,192.0,398.0,740.0,1029.0,159.26315789473685,0.9584462511291779,0.8643168346700366,0.9656729900632339,0.973803071364047,0.9917203311867525,1.0,0.0,0.0,0.8263175679984639,0.9826800364630811,0.014975041597337771,0.96485719061699,931.7335477742995,1078,29,9,8,2,0,0,7.0,601,0.7201458523245214,0.7136404697380307,0.7267709291628335,790,317,297,1087,1107,11,2
fencing_002_fencing_aria01_rgb,0.8212418075593149,0.9204171861673531,0.7558850736767355,0.8212418075593149,0.8212418075593149,0.8212418075593149,0.8212418075593149,0.8212418075593149,0.8212418075593149,0.8212418075593149,0.8191083004329764,0.8191083004329764,0.8169860758288023,0.8148750711483004,0.8086087587583588,0.7983836151028002,0.7806465113678992,0.7578708605315457,0.7281829633356467,0.6878729553523865,0.5419176308303124,0.21657282352450033,0.7546750799769321,0.9968652037617555,0.9968652037617555,0.9968652037617555,0.9968652037617555,0.9968652037617555,0.9968652037617555,0.9968652037617555,0.9947807933194155,0.9947807933194155,0.9927007299270073,0.990625,0.9844236760124611,0.9741735537190083,0.9559877175025588,0.9303030303030303,0.8939544103072349,0.8428158148505304,0.6459948320413437,0.225,0.9159787777702261,0.6765589810319804,0.6765589810319804,0.6765589810319804,0.6765589810319804,0.6765589810319804,0.6765589810319804,0.6765589810319804,0.6744585463892915,0.6744585463892915,0.6723740881576906,0.6703054956001994,0.664193822917011,0.6543150288069444,0.6374652775904942,0.6173990866779558,0.5931515320899272,0.5614147176262239,0.4546084644001357,0.2084612795083305,0.6220273028093347,0.9968652037617555,0.9968652037617555,0.9968652037617555,0.9968652037617555,0.9968652037617555,0.9968652037617555,0.9968652037617555,0.9958202716823407,0.9958202716823407,0.9947753396029259,0.9937304075235109,0.9905956112852664,0.9853709508881923,0.9759665621734587,0.9623824451410659,0.9425287356321839,0.9132706374085684,0.7836990595611285,0.3667711598746082,0.940988835725678,1.0,1.0,1.0,1.0,1.0,1.0,1.0,0.9989517819706499,0.9989517819706499,0.9979035639412998,0.9968553459119497,0.9937106918238994,0.9884696016771488,0.9790356394129979,0.9654088050314465,0.9454926624737946,0.9161425576519916,0.7861635220125787,0.36792452830188677,0.9439479201147524,0.6765589810319804,0.6765589810319804,0.6765589810319804,0.6765589810319804,0.6765589810319804,0.6765589810319804,0.6765589810319804,0.6753400541637327,0.6753400541637327,0.6741241390455388,0.6729112451781875,0.6692907866903939,0.6633180126634619,0.6527637042127924,0.639757989960169,0.6233505560881507,0.6010854390618456,0.5110001768346596,0.27070703635690374,0.6349948453496543,1.0,1.0,1.0,1.0,1.0,1.0,1.0,0.9989537060276815,0.9989537060276815,0.9979112682536991,0.9968726988427168,0.9937803232043191,0.9887048814104229,0.9798209183641984,0.9675544791663406,0.9493813981912839,0.9227787913096444,0.8202235521069301,0.481033544234856,0.9524194351126196,0.9204171861673531,0.9204171861673531,0.9204171861673531,0.9204171861673531,0.9204171861673531,0.9204171861673531,0.9204171861673531,0.920968371733056,0.920968371733056,0.9214381365601204,0.9218336226985739,0.9228724299458829,0.9244539820134602,0.9268724286994277,0.9296402802125081,0.9327627430344446,0.9359873452275521,0.9452265797256435,0.96457847631421,0.9268696353194426,0.8212418075593149,0.8212418075593149,0.8212418075593149,0.8212418075593149,0.8212418075593149,0.8212418075593149,0.8212418075593149,0.819536144964858,0.819536144964858,0.8178393252267063,0.8161513054011708,0.8111396217818326,0.8029589168294563,0.7887615580610811,0.7708268564762076,0.7477047302104032,0.716047189099331,0.596888788652388,0.2765096477054919,0.7648733095941573,954.0,954.0,954.0,954.0,954.0,954.0,954.0,953.0,953.0,952.0,951.0,948.0,943.0,934.0,921.0,902.0,874.0,750.0,351.0,900.5263157894736,3.0,3.0,3.0,3.0,3.0,3.0,3.0,4.0,4.0,5.0,6.0,9.0,14.0,23.0,36.0,55.0,83.0,207.0,606.0,56.473684210526315,0.0,0.0,0.0,0.0,0.0,0.0,0.0,1.0,1.0,2.0,3.0,6.0,11.0,20.0,33.0,52.0,80.0,204.0,603.0,53.473684210526315,0.9885057471264368,0.9214381365601204,0.9926854754440961,0.9947753396029259,0.9979035639412998,1.0,0.0,0.0,0.9103543427431918,0.9963369963369964,0.0033277870216306157,0.9920563636454254,877.2091060052346,952,5,2,4,2,0,0,6.0,601,0.7723704866562009,0.7711598746081505,0.7735849056603774,738,219,216,954,957,6,2
fencing_002_fencing_aria02_rgb,0.795962133869975,0.9180019417651645,0.7306947844641809,0.795962133869975,0.795962133869975,0.795962133869975,0.795962133869975,0.795962133869975,0.795962133869975,0.795962133869975,0.795962133869975,0.795962133869975,0.7931260880522315,0.7931260880522315,0.787531778122816,0.78477299724732,0.7806618852861767,0.7642487661265417,0.7423273545517516,0.6597007209823406,0.4862154623053786,0.13559415871228772,0.7311033949615184,0.9974905897114178,0.9974905897114178,0.9974905897114178,0.9974905897114178,0.9974905897114178,0.9974905897114178,0.9974905897114178,0.9974905897114178,0.9974905897114178,0.9949874686716792,0.9949874686716792,0.99,0.9875156054931336,0.9825653798256538,0.9605911330049262,0.9367396593673966,0.8404624277456647,0.6048387096774194,0.1536231884057971,0.917038228856111,0.6351495694191331,0.6351495694191331,0.6351495694191331,0.6351495694191331,0.6351495694191331,0.6351495694191331,0.6351495694191331,0.6351495694191331,0.6351495694191331,0.6322180041009204,0.6322180041009204,0.6264710116699842,0.6236546073628851,0.6202467455618124,0.6080382760757236,0.5882636608851808,0.51781617702049,0.39085705329759063,0.11968099391562467,0.5829374030928068,0.9987437185929648,0.9987437185929648,0.9987437185929648,0.9987437185929648,0.9987437185929648,0.9987437185929648,0.9987437185929648,0.9987437185929648,0.9987437185929648,0.9974874371859297,0.9974874371859297,0.9949748743718593,0.9937185929648241,0.9912060301507538,0.9798994974874372,0.9673366834170855,0.9133165829145728,0.7537688442211056,0.2663316582914573,0.9391695318698756,0.9987437185929648,0.9987437185929648,0.9987437185929648,0.9987437185929648,0.9987437185929648,0.9987437185929648,0.9987437185929648,0.9987437185929648,0.9987437185929648,0.9974874371859297,0.9974874371859297,0.9949748743718593,0.9937185929648241,0.9912060301507538,0.9798994974874372,0.9673366834170855,0.9133165829145728,0.7537688442211056,0.2663316582914573,0.9391695318698756,0.6354118732329815,0.6354118732329815,0.6354118732329815,0.6354118732329815,0.6354118732329815,0.6354118732329815,0.6354118732329815,0.6354118732329815,0.6354118732329815,0.6337109041710441,0.6337109041710441,0.6303314806542477,0.6286530831263345,0.6266205570190987,0.6192556386457533,0.606717151557695,0.5553105172733767,0.44071035531147296,0.16443595891801358,0.5925349163128903,0.9987468494570465,0.9987468494570465,0.9987468494570465,0.9987468494570465,0.9987468494570465,0.9987468494570465,0.9987468494570465,0.9987468494570465,0.9987468494570465,0.9974917382292604,0.9974917382292604,0.9950075742922712,0.9937785874705993,0.9912957568636591,0.9801117367176679,0.9680961485978402,0.9210434882002422,0.795067406604643,0.304745058861923,0.9438342567989888,0.9180019417651645,0.9180019417651645,0.9180019417651645,0.9180019417651645,0.9180019417651645,0.9180019417651645,0.9180019417651645,0.9180019417651645,0.9180019417651645,0.9185750128903938,0.9185750128903938,0.9194203532815907,0.9198005945914635,0.9204728519573041,0.9226796323483094,0.9245534705141931,0.9303319355046636,0.9411711464758302,0.9652334765824689,0.9233068927854259,0.7964619531555701,0.7964619531555701,0.7964619531555701,0.7964619531555701,0.7964619531555701,0.7964619531555701,0.7964619531555701,0.7964619531555701,0.7964619531555701,0.7941218525222881,0.7941218525222881,0.7895080215766994,0.7872338781611701,0.7840869303733156,0.7718914439088758,0.7543533778644222,0.6876991357957646,0.5427852884150343,0.17853525583345753,0.7396049797564972,795.0,795.0,795.0,795.0,795.0,795.0,795.0,795.0,795.0,794.0,794.0,792.0,791.0,789.0,780.0,770.0,727.0,600.0,212.0,747.578947368421,1.0,1.0,1.0,1.0,1.0,1.0,1.0,1.0,1.0,2.0,2.0,4.0,5.0,7.0,16.0,26.0,69.0,196.0,584.0,48.421052631578945,1.0,1.0,1.0,1.0,1.0,1.0,1.0,1.0,1.0,2.0,2.0,4.0,5.0,7.0,16.0,26.0,69.0,196.0,584.0,48.421052631578945,0.9937185929648241,0.9185750128903938,0.9949748743718593,0.9974874371859297,0.9974874371859297,1.0,0.0,0.0,0.9124981912499657,0.9974874371859297,0.0033277870216306157,0.9949748743718593,729.3485602349726,794,2,2,1,2,0,0,1.0,601,0.6633165829145728,0.6633165829145728,0.6633165829145728,528,268,268,796,796,3,2
fencing_002_fencing_aria03_rgb,0.5219949408599368,0.8718187882220131,0.4550849967985315,0.5219949408599368,0.5219949408599368,0.5219949408599368,0.5219949408599368,0.5219949408599368,0.5219949408599368,0.5219949408599368,0.5211370095954682,0.5211370095954682,0.5199053258861209,0.5190511987098065,0.5180972145340564,0.5170875719782505,0.5046404572676184,0.4873983946169363,0.43336507100412625,0.32383983033777525,0.1581803321815514,0.02423431691767243,0.45800201677075825,0.9684123025768911,0.9684123025768911,0.9684123025768911,0.9684123025768911,0.9684123025768911,0.9684123025768911,0.9684123025768911,0.9667774086378738,0.9667774086378738,0.9635157545605307,0.9618889809444905,0.9586435070306039,0.9554087530966143,0.9267697314890154,0.8868525896414342,0.7711293941660434,0.5507531106745253,0.22757905650596164,0.03001304915180513,0.8392102559250005,0.28136643613295514,0.28136643613295514,0.28136643613295514,0.28136643613295514,0.28136643613295514,0.28136643613295514,0.28136643613295514,0.28091655881031696,0.28091655881031696,0.2805367183726445,0.28008860920471923,0.28000473767291567,0.2798588104073231,0.2747845365019772,0.267865480520516,0.24354574755838213,0.19041605699649813,0.10994428869341279,0.019568225590663152,0.2504216516879143,0.9692179700499168,0.9692179700499168,0.9692179700499168,0.9692179700499168,0.9692179700499168,0.9692179700499168,0.9692179700499168,0.9683860232945092,0.9683860232945092,0.9667221297836939,0.9658901830282862,0.9642262895174709,0.9625623960066556,0.9475873544093179,0.9259567387687188,0.8577371048252912,0.699667221297837,0.3652246256239601,0.05740432612312812,0.8649619055959364,0.9991423670668954,0.9991423670668954,0.9991423670668954,0.9991423670668954,0.9991423670668954,0.9991423670668954,0.9991423670668954,0.9982847341337907,0.9982847341337907,0.9965694682675815,0.9957118353344768,0.9939965694682675,0.9922813036020584,0.9768439108061749,0.9545454545454546,0.8842195540308748,0.7212692967409948,0.3765008576329331,0.05917667238421955,0.8916674189762572,0.3466482900459178,0.3466482900459178,0.3466482900459178,0.3466482900459178,0.3466482900459178,0.3466482900459178,0.3466482900459178,0.3461098627144908,0.3461098627144908,0.34598961570073977,0.3454520960615454,0.345313175194061,0.34511337341825854,0.3395964291296771,0.3327592676476612,0.3116031960957409,0.2595970647414832,0.15998771978365595,0.02939545202440377,0.31229290239724383,0.7659086099998532,0.7659086099998532,0.7659086099998532,0.7659086099998532,0.7659086099998532,0.7659086099998532,0.7659086099998532,0.7656410503294937,0.7656410503294937,0.7652206308603452,0.7649549597197891,0.7638797210397609,0.7627669068572911,0.7531255160980317,0.7377259033598067,0.6784840151226906,0.5551776767943296,0.34794570002672415,0.07667499668475328,0.6893999156432359,0.8718187882220131,0.8718187882220131,0.8718187882220131,0.8718187882220131,0.8718187882220131,0.8718187882220131,0.8718187882220131,0.8722261279209819,0.8722261279209819,0.8729038623450998,0.8731919748064515,0.8736896306839441,0.8740840025817107,0.8772482404861888,0.8808021007338613,0.888910420984423,0.9028498800191954,0.9279897289700678,0.9613050836732191,0.8831662472989589,0.5222120317160094,0.5222120317160094,0.5222120317160094,0.5222120317160094,0.5222120317160094,0.5222120317160094,0.5222120317160094,0.5215703876409213,0.5215703876409213,0.5207696744893381,0.5201296357725489,0.5196036270597697,0.5190198137732752,0.5102767405795596,0.49802795782113757,0.4570538528480401,0.36500393626539207,0.20038553260538614,0.033515679964120804,0.46539007623539347,1165.0,1165.0,1165.0,1165.0,1165.0,1165.0,1165.0,1164.0,1164.0,1162.0,1161.0,1159.0,1157.0,1139.0,1113.0,1031.0,841.0,439.0,69.0,1039.6842105263158,37.0,37.0,37.0,37.0,37.0,37.0,37.0,38.0,38.0,40.0,41.0,43.0,45.0,63.0,89.0,171.0,361.0,763.0,1133.0,162.31578947368422,1.0,1.0,1.0,1.0,1.0,1.0,1.0,2.0,2.0,4.0,5.0,7.0,9.0,27.0,53.0,135.0,325.0,727.0,1097.0,126.3157894736842,0.9550748752079867,0.8718528028563044,0.9633943427620633,0.9667221297836939,0.9965694682675815,1.0,0.0,0.0,0.8311921438594224,0.981418918918919,0.0066555740432612314,0.9625623960066556,1013.0929569190257,1162,40,4,10,2,0,0,7.0,601,0.43327702702702703,0.42678868552412647,0.4399656946826758,513,689,653,1166,1202,10,2
fencing_003_fencing_aria01_rgb,0.9991690900102413,0.9457503796383521,0.9449645462000925,0.9991690900102413,0.9991690900102413,0.9991690900102413,0.9991690900102413,0.9991690900102413,0.9991690900102413,0.9991690900102413,0.9991690900102413,0.9991690900102413,0.9991690900102413,0.9991690900102413,0.9991690900102413,0.9991690900102413,0.9991690900102413,0.9892476502218402,0.9761712416240369,0.9696972949152384,0.8833205527468659,0.38457116332747604,0.9574407980515177,0.9983388704318937,0.9983388704318937,0.9983388704318937,0.9983388704318937,0.9983388704318937,0.9983388704318937,0.9983388704318937,0.9983388704318937,0.9983388704318937,0.9983388704318937,0.9983388704318937,0.9983388704318937,0.9983388704318937,0.9983388704318937,0.9884297520661157,0.9753694581280788,0.9689034369885434,0.8826291079812206,0.38434982738780205,0.9566539878209617,1.0,1.0,1.0,1.0,1.0,1.0,1.0,1.0,1.0,1.0,1.0,1.0,1.0,1.0,0.9900662251655629,0.9769736842105262,0.9704918032786886,0.8840125391849529,0.38479262672811065,0.9582282567667285,1.0,1.0,1.0,1.0,1.0,1.0,1.0,1.0,1.0,1.0,1.0,1.0,1.0,1.0,0.9950083194675541,0.9883527454242929,0.9850249584026622,0.9384359400998337,0.5557404326123128,0.9717138103161398,0.9983388704318937,0.9983388704318937,0.9983388704318937,0.9983388704318937,0.9983388704318937,0.9983388704318937,0.9983388704318937,0.9983388704318937,0.9983388704318937,0.9983388704318937,0.9983388704318937,0.9983388704318937,0.9983388704318937,0.9983388704318937,0.9933554817275747,0.9867109634551495,0.9833887043189369,0.9368770764119602,0.5548172757475083,0.9700996677740864,1.0,1.0,1.0,1.0,1.0,1.0,1.0,1.0,1.0,1.0,1.0,1.0,1.0,1.0,0.9950083194675542,0.9883527454242929,0.9850249584026624,0.9384359400998336,0.5557404326123128,0.9717138103161398,1.0,1.0,1.0,1.0,1.0,1.0,1.0,1.0,1.0,1.0,1.0,1.0,1.0,1.0,0.9950083194675542,0.9883527454242929,0.9850249584026624,0.9384359400998336,0.5557404326123128,0.9717138103161398,0.9457503796383521,0.9457503796383521,0.9457503796383521,0.9457503796383521,0.9457503796383521,0.9457503796383521,0.9457503796383521,0.9457503796383521,0.9457503796383521,0.9457503796383521,0.9457503796383521,0.9457503796383521,0.9457503796383521,0.9457503796383521,0.9468964505238179,0.9480231859149169,0.9484678712886031,0.952008741887572,0.9633945236822529,0.9473313730649523,1.0,1.0,1.0,1.0,1.0,1.0,1.0,1.0,1.0,1.0,1.0,1.0,1.0,1.0,0.9925341963194879,0.9826467437470903,0.9777313783216303,0.9108178403336599,0.4624335853329734,0.9645349338976232,601.0,601.0,601.0,601.0,601.0,601.0,601.0,601.0,601.0,601.0,601.0,601.0,601.0,601.0,598.0,594.0,592.0,564.0,334.0,584.0,0.0,0.0,0.0,0.0,0.0,0.0,0.0,0.0,0.0,0.0,0.0,0.0,0.0,0.0,3.0,7.0,9.0,37.0,267.0,17.0,1.0,1.0,1.0,1.0,1.0,1.0,1.0,1.0,1.0,1.0,1.0,1.0,1.0,1.0,4.0,8.0,10.0,38.0,268.0,18.0,0.9983361064891847,0.9457503796383521,0.9983361064891847,1.0,0.9983388704318937,1.0,0.0,0.0,0.9440864861275368,0.999168744804655,0.0016638935108153079,0.9983361064891847,568.3959781626496,601,0,1,0,1,0,0,0.0,601,0.999168744804655,1.0,0.9983388704318937,601,0,1,602,601,2,1
fencing_003_fencing_aria02_rgb,1.0,0.9085912433235274,0.9085912433235274,1.0,1.0,1.0,1.0,1.0,1.0,1.0,1.0,0.9982950505215648,0.9982950505215648,0.9898593739965642,0.9848210502045479,0.9668989518339097,0.9373110612038418,0.9182244795319561,0.8807065848708611,0.8148397603652093,0.6054260250849451,0.17521152711533414,0.9089415218552789,1.0,1.0,1.0,1.0,1.0,1.0,1.0,1.0,0.9982935153583617,0.9982935153583617,0.989804587935429,0.9847457627118644,0.966414777497901,0.9355371900826446,0.9149632052330335,0.8751000800640513,0.8070987654320988,0.5739247311827957,0.14076960545543107,0.904470828226946,1.0,1.0,1.0,1.0,1.0,1.0,1.0,1.0,0.9982965856871285,0.9982965856871285,0.9899141630901288,0.9848963434532416,0.9673833687415276,0.9390882957602802,0.9214973782437424,0.8863490088792169,0.8226550002422115,0.6386563462681885,0.21808031026844837,0.9139533361221706,1.0,1.0,1.0,1.0,1.0,1.0,1.0,1.0,0.9991460290350128,0.9991460290350128,0.9948761742100769,0.9923142613151152,0.9829205807002562,0.9666951323654995,0.955593509820666,0.9333902647309992,0.8932536293766012,0.7292912040990607,0.24679760888129804,0.9312328643983998,1.0,1.0,1.0,1.0,1.0,1.0,1.0,1.0,0.9991460290350128,0.9991460290350128,0.9948761742100769,0.9923142613151152,0.9829205807002562,0.9666951323654995,0.955593509820666,0.9333902647309992,0.8932536293766012,0.7292912040990607,0.24679760888129804,0.9312328643983998,1.0,1.0,1.0,1.0,1.0,1.0,1.0,1.0,0.9991467986204828,0.9991467986204828,0.9949039981929072,0.9923527922506584,0.9831754971562502,0.9676752738162616,0.9574554249207542,0.9368027359845863,0.8985228431073613,0.7622162078500307,0.3505871908784737,0.9390518716525394,1.0,1.0,1.0,1.0,1.0,1.0,1.0,1.0,0.9991467986204828,0.9991467986204828,0.9949039981929072,0.9923527922506584,0.9831754971562502,0.9676752738162616,0.9574554249207542,0.9368027359845863,0.8985228431073613,0.7622162078500307,0.3505871908784737,0.9390518716525394,0.9085912433235274,0.9085912433235274,0.9085912433235274,0.9085912433235274,0.9085912433235274,0.9085912433235274,0.9085912433235274,0.9085912433235274,0.909009440159234,0.909009440159234,0.9106278257706394,0.9114849449937915,0.9142667180694902,0.9183079181637853,0.920430586922912,0.9238875298642636,0.9282133733701149,0.938978104328703,0.9641199363478754,0.9166876718283296,1.0,1.0,1.0,1.0,1.0,1.0,1.0,1.0,0.9987212170513381,0.9987212170513381,0.992392067366259,0.9885983448932946,0.9751210297000021,0.9527917318978347,0.9383905977611241,0.9095655754489783,0.8572278370953454,0.6824708460992556,0.23199504115033287,0.9224208160797424,1171.0,1171.0,1171.0,1171.0,1171.0,1171.0,1171.0,1171.0,1170.0,1170.0,1165.0,1162.0,1151.0,1132.0,1119.0,1093.0,1046.0,854.0,289.0,1090.4736842105262,0.0,0.0,0.0,0.0,0.0,0.0,0.0,0.0,1.0,1.0,6.0,9.0,20.0,39.0,52.0,78.0,125.0,317.0,882.0,80.52631578947368,0.0,0.0,0.0,0.0,0.0,0.0,0.0,0.0,1.0,1.0,6.0,9.0,20.0,39.0,52.0,78.0,125.0,317.0,882.0,80.52631578947368,0.9982920580700256,0.909009440159234,0.9982920580700256,0.9991460290350128,0.9991460290350128,1.0,0.0,0.0,0.9073792015254516,0.9991460290350128,0.0016638935108153079,0.9982920580700256,1063.5410449863039,1170,1,1,0,2,0,0,1.0,601,0.9991460290350128,0.9991460290350128,0.9991460290350128,1170,1,1,1171,1171,2,2
fencing_003_fencing_aria03_rgb,0.837298803591716,0.8394374824176408,0.7028599997183328,0.837298803591716,0.837298803591716,0.837298803591716,0.837298803591716,0.817950563014409,0.7689001820602922,0.7383262173621816,0.730710743359945,0.727178595564937,0.7263316713341333,0.7243217360302118,0.7243217360302118,0.721399083483901,0.7174719719621576,0.709820643486702,0.6783337723210292,0.574866982429887,0.3285075005418089,0.05756594272720329,0.6892211871618882,0.9841930116472546,0.9841930116472546,0.9841930116472546,0.9841930116472546,0.9629629629629629,0.8898573692551506,0.8416988416988417,0.823394495412844,0.8109339407744874,0.8068181818181818,0.8013595166163142,0.8013595166163142,0.7972871137905049,0.787856071964018,0.7785234899328859,0.7396061269146609,0.6246594005449592,0.35280771412365286,0.054376657824933686,0.7794880761494595,0.7123290637094971,0.7123290637094971,0.7123290637094971,0.7123290637094971,0.6947755513638806,0.6643845523999166,0.6476492258728715,0.6484597522041128,0.6520737180426452,0.6538743284071427,0.6546898943698638,0.6546898943698638,0.6527342893794179,0.6533757228880972,0.6471806598453577,0.6221374998484438,0.5290435831106309,0.3058810042753302,0.060942284697610344,0.6100635903112196,0.9841930116472546,0.9841930116472546,0.9841930116472546,0.9841930116472546,0.9733777038269551,0.9342762063227953,0.9068219633943427,0.8960066555740432,0.8885191347753744,0.8860232945091514,0.8826955074875208,0.8826955074875208,0.8801996672212978,0.8743760399334443,0.8685524126455907,0.8435940099833611,0.7628951747088186,0.5174708818635607,0.10232945091514144,0.8440318766967336,1.0,1.0,1.0,1.0,0.989010989010989,0.9492814877430262,0.9213863060016906,0.9103972950126796,0.9027895181741336,0.9002535925612849,0.8968723584108199,0.8968723584108199,0.8943364327979713,0.8884192730346576,0.8825021132713441,0.8571428571428571,0.7751479289940828,0.525781910397295,0.10397295012679628,0.8575877563731813,0.7501487377335322,0.7501487377335322,0.7501487377335322,0.7501487377335322,0.7385354892842413,0.7198673033812746,0.7090873009815445,0.7112117377876859,0.7154710937451313,0.7174443220610406,0.7186436053012494,0.7186436053012494,0.7175218366364816,0.7184901155859802,0.715471022115121,0.7021138339453967,0.6391147433303637,0.4386633210458453,0.11213018952152916,0.673316024787277,0.8707878507510953,0.8707878507510953,0.8707878507510953,0.8707878507510953,0.8605150368908885,0.8374313782656801,0.8252492168006874,0.8263733490671705,0.8304391127970708,0.832539207029239,0.8341064911375842,0.8341064911375842,0.8329193654091401,0.8346562292315298,0.8304384662643927,0.8121068730987167,0.7350202544342223,0.4968286247257032,0.11673458087136084,0.7801376884297554,0.8394374824176408,0.8394374824176408,0.8394374824176408,0.8394374824176408,0.8461332575927032,0.8699887517730884,0.8865206059310946,0.892759616772801,0.8967257302198575,0.8978999890645772,0.8993372046268933,0.8993372046268933,0.9001018979353775,0.9015266556013163,0.9026621634883828,0.9063215421348404,0.91474747324581,0.9312700964586726,0.9628152211883423,0.8876788073858535,0.837298803591716,0.837298803591716,0.837298803591716,0.837298803591716,0.822361861264055,0.7878570169489274,0.7663566680057423,0.7622494695614946,0.7611701358861976,0.7611490567886525,0.7601919682276039,0.7601919682276039,0.7579818627748911,0.7558413042216904,0.749740170676649,0.7244525300239978,0.6352989821853677,0.3978498624200676,0.07896955445373041,0.7174135592649229,1183.0,1183.0,1183.0,1183.0,1170.0,1123.0,1090.0,1077.0,1068.0,1065.0,1061.0,1061.0,1058.0,1051.0,1044.0,1014.0,917.0,622.0,123.0,1014.5263157894736,19.0,19.0,19.0,19.0,32.0,79.0,112.0,125.0,134.0,137.0,141.0,141.0,144.0,151.0,158.0,188.0,285.0,580.0,1079.0,187.47368421052633,0.0,0.0,0.0,0.0,13.0,60.0,93.0,106.0,115.0,118.0,122.0,122.0,125.0,132.0,139.0,169.0,266.0,561.0,1060.0,168.47368421052633,0.9825291181364393,0.8917944181271684,0.9841930116472546,0.9841930116472546,1.0,1.0,0.0,0.0,0.8760339406359735,0.9920335429769392,0.0,0.9839425707190814,1054.9927966444402,1183,19,0,2,2,0,0,1.0,601,0.7983228511530398,0.7920133111480865,0.8047337278106509,952,250,231,1183,1202,3,2
fencing_004_fencing_aria01_rgb,0.9480223055793903,0.914573420967426,0.8670360031671694,0.9480223055793903,0.9480223055793903,0.9480223055793903,0.9480223055793903,0.9480223055793903,0.9480223055793903,0.9480223055793903,0.9441137804466003,0.9441137804466003,0.9419550563926973,0.9419550563926973,0.9370302542285774,0.9331983316313709,0.9026110792257804,0.8670644558797865,0.8307591770560594,0.7580415650108159,0.6763381821101075,0.23188089738134138,0.8708009344872718,0.9885496183206107,0.9885496183206107,0.9885496183206107,0.9885496183206107,0.9885496183206107,0.9885496183206107,0.9885496183206107,0.9847619047619047,0.9847619047619047,0.9772296015180265,0.9772296015180265,0.9697542533081286,0.9660377358490566,0.9332096474953617,0.8945454545454545,0.8475177304964538,0.7571669477234402,0.653968253968254,0.19085714285714286,0.897730921423549,0.909156480585052,0.909156480585052,0.909156480585052,0.909156480585052,0.909156480585052,0.909156480585052,0.909156480585052,0.9051434931824275,0.9051434931824275,0.9079537980485564,0.9079537980485564,0.9054105144106954,0.9014752673136217,0.8730157928903937,0.8404276907673998,0.8143320020674762,0.7589171925844984,0.6994733059354447,0.28172249550346795,0.8455296951594912,0.9980732177263969,0.9980732177263969,0.9980732177263969,0.9980732177263969,0.9980732177263969,0.9980732177263969,0.9980732177263969,0.9961464354527938,0.9961464354527938,0.9922928709055877,0.9922928709055877,0.9884393063583815,0.9865125240847784,0.9691714836223507,0.9479768786127167,0.9210019267822736,0.8651252408477842,0.7938342967244701,0.3217726396917148,0.9345908122908428,0.9904397705544933,0.9904397705544933,0.9904397705544933,0.9904397705544933,0.9904397705544933,0.9904397705544933,0.9904397705544933,0.988527724665392,0.988527724665392,0.9847036328871893,0.9847036328871893,0.9808795411089866,0.9789674952198852,0.9617590822179732,0.9407265774378585,0.9139579349904398,0.858508604206501,0.7877629063097514,0.3193116634799235,0.9274428902083124,0.910778162616398,0.910778162616398,0.910778162616398,0.910778162616398,0.910778162616398,0.910778162616398,0.910778162616398,0.908679181466712,0.908679181466712,0.9115227099841156,0.9115227099841156,0.9108789477862316,0.9087912951744463,0.893830012305306,0.8755491229522322,0.8623581115148955,0.826913231276298,0.7809382926355558,0.40595485024235883,0.8674244623738826,0.9929063265529432,0.9929063265529432,0.9929063265529432,0.9929063265529432,0.9929063265529432,0.9929063265529432,0.9929063265529432,0.9909662006526507,0.9909662006526507,0.9881571928327166,0.9881571928327166,0.9850018658882924,0.9830589846009254,0.9666877278837098,0.9469945971871517,0.9254847772795362,0.8840824220908619,0.8363394717188789,0.44957540096210125,0.9413587537080419,0.914573420967426,0.914573420967426,0.914573420967426,0.914573420967426,0.914573420967426,0.914573420967426,0.914573420967426,0.9155838912954319,0.9155838912954319,0.9173321982386781,0.9173321982386781,0.9186777631398341,0.9192143174281382,0.9233615144247229,0.9276119706455348,0.9319520022860696,0.9385813970780488,0.9439707749909045,0.9639009671222553,0.9229008859450375,0.9525779411650941,0.9525779411650941,0.9525779411650941,0.9525779411650941,0.9525779411650941,0.9525779411650941,0.9525779411650941,0.9495554034952175,0.9495554034952175,0.9491870631836667,0.9491870631836667,0.9460144506473953,0.9430358643008023,0.9198380353199826,0.8925839002544093,0.8660261791335248,0.8102829252910297,0.7451616602421275,0.3010823658713478,0.8889239948723183,518.0,518.0,518.0,518.0,518.0,518.0,518.0,517.0,517.0,515.0,515.0,513.0,512.0,503.0,492.0,478.0,449.0,412.0,167.0,485.05263157894734,1.0,1.0,1.0,1.0,1.0,1.0,1.0,2.0,2.0,4.0,4.0,6.0,7.0,16.0,27.0,41.0,70.0,107.0,352.0,33.94736842105263,5.0,5.0,5.0,5.0,5.0,5.0,5.0,6.0,6.0,8.0,8.0,10.0,11.0,20.0,31.0,45.0,74.0,111.0,356.0,37.94736842105263,0.9749518304431599,0.9173321982386781,0.976878612716763,0.9922928709055877,0.9847036328871893,1.0,0.0,0.0,0.8929211601019638,0.9884836852207294,0.02572347266881029,0.976878612716763,472.4260820929192,515,4,8,1,2,0,0,2.0,311,0.944337811900192,0.9479768786127167,0.9407265774378585,492,27,31,523,519,4,2
fencing_004_fencing_aria02_rgb,1.0,0.923394513602664,0.923394513602664,1.0,1.0,1.0,1.0,1.0,1.0,1.0,1.0,1.0,1.0,1.0,1.0,0.9888825372656379,0.9825787198633366,0.9700906052813277,0.9275984983831337,0.8729292450361047,0.7279191122951142,0.15955720244998423,0.9278713642407707,1.0,1.0,1.0,1.0,1.0,1.0,1.0,1.0,1.0,1.0,1.0,1.0,0.9873417721518988,0.9810725552050473,0.9686520376175548,0.9263803680981595,0.8690476190476191,0.7252747252747253,0.15867158671586715,0.9271810875847829,1.0,1.0,1.0,1.0,1.0,1.0,1.0,1.0,1.0,1.0,1.0,1.0,0.9904257067718606,0.984087196819494,0.971531309395387,0.9288182304306691,0.8768282084178289,0.7305731408795476,0.16044776119402984,0.9285637659952007,1.0,1.0,1.0,1.0,1.0,1.0,1.0,1.0,1.0,1.0,1.0,1.0,0.9936305732484076,0.9904458598726115,0.9840764331210191,0.9617834394904459,0.9299363057324841,0.8407643312101911,0.27388535031847133,0.9460274891049281,1.0,1.0,1.0,1.0,1.0,1.0,1.0,1.0,1.0,1.0,1.0,1.0,0.9936305732484076,0.9904458598726115,0.9840764331210191,0.9617834394904459,0.9299363057324841,0.8407643312101911,0.27388535031847133,0.9460274891049281,1.0,1.0,1.0,1.0,1.0,1.0,1.0,1.0,1.0,1.0,1.0,1.0,0.9946684255365926,0.9914668651757804,0.9850640138468314,0.9626569564816195,0.9336284485163487,0.8437185358407223,0.2765273311897106,0.9467226619256635,1.0,1.0,1.0,1.0,1.0,1.0,1.0,1.0,1.0,1.0,1.0,1.0,0.9946684255365926,0.9914668651757804,0.9850640138468314,0.9626569564816195,0.9336284485163487,0.8437185358407223,0.2765273311897106,0.9467226619256635,0.923394513602664,0.923394513602664,0.923394513602664,0.923394513602664,0.923394513602664,0.923394513602664,0.923394513602664,0.923394513602664,0.923394513602664,0.923394513602664,0.923394513602664,0.923394513602664,0.9252876205849759,0.9261333765302459,0.9274486461776412,0.9308563959196755,0.9344198740956867,0.9397410267064554,0.9628233900042539,0.9277602364868895,1.0,1.0,1.0,1.0,1.0,1.0,1.0,1.0,1.0,1.0,1.0,1.0,0.9920268457958601,0.9872614090723447,0.9777837519693225,0.9451571257336203,0.9029919074377735,0.7837345457434689,0.20962893713044795,0.9367676064675176,314.0,314.0,314.0,314.0,314.0,314.0,314.0,314.0,314.0,314.0,314.0,314.0,312.0,311.0,309.0,302.0,292.0,264.0,86.0,297.05263157894734,0.0,0.0,0.0,0.0,0.0,0.0,0.0,0.0,0.0,0.0,0.0,0.0,2.0,3.0,5.0,12.0,22.0,50.0,228.0,16.94736842105263,0.0,0.0,0.0,0.0,0.0,0.0,0.0,0.0,0.0,0.0,0.0,0.0,2.0,3.0,5.0,12.0,22.0,50.0,228.0,16.94736842105263,1.0,0.923394513602664,1.0,1.0,1.0,1.0,0.0,0.0,0.923394513602664,1.0,0.0,1.0,289.9458772712365,314,0,0,0,2,0,0,0.0,311,1.0,1.0,1.0,314,0,0,314,314,2,2
fencing_004_fencing_aria03_rgb,0.6382341641157022,0.8702066970771215,0.5553956439169028,0.6382341641157022,0.6382341641157022,0.6382341641157022,0.6382341641157022,0.6382341641157022,0.6382341641157022,0.6382341641157022,0.6382341641157022,0.6373587064225125,0.6367661555682594,0.633755401409748,0.6322014220502111,0.625418695467129,0.6116058120374003,0.5807314319292574,0.5195183530380807,0.3923373674929386,0.1930273556751062,0.03543928218271202,0.5581070155894196,0.9848993288590604,0.9848993288590604,0.9848993288590604,0.9848993288590604,0.9848993288590604,0.9848993288590604,0.9848993288590604,0.9848993288590604,0.981574539363484,0.9782608695652174,0.9716666666666667,0.9683860232945092,0.9521452145214522,0.9204545454545454,0.8659305993690851,0.7474150664697193,0.5464052287581699,0.24526315789473685,0.03954305799648506,0.847170505275082,0.41358830929080675,0.41358830929080675,0.41358830929080675,0.41358830929080675,0.41358830929080675,0.41358830929080675,0.41358830929080675,0.41358830929080675,0.4138515256477634,0.41448160658556266,0.41335771061684123,0.4127265660883639,0.4108076569353936,0.40638798641947715,0.38946423221020765,0.3611103538736792,0.2817114511900388,0.1519166611029088,0.03176139593800584,0.36822545373340504,0.9915540540540541,0.9915540540540541,0.9915540540540541,0.9915540540540541,0.9915540540540541,0.9915540540540541,0.9915540540540541,0.9915540540540541,0.9898648648648649,0.9881756756756757,0.9847972972972973,0.9831081081081081,0.9746621621621622,0.9577702702702703,0.9273648648648649,0.8547297297297297,0.706081081081081,0.3935810810810811,0.07601351351351351,0.8825568990042674,0.9932318104906938,0.9932318104906938,0.9932318104906938,0.9932318104906938,0.9932318104906938,0.9932318104906938,0.9932318104906938,0.9932318104906938,0.9915397631133672,0.9898477157360406,0.9864636209813875,0.9847715736040609,0.9763113367174281,0.9593908629441624,0.9289340101522843,0.856175972927242,0.7072758037225042,0.3942470389170897,0.07614213197969544,0.884050227090569,0.4481812880353149,0.4481812880353149,0.4481812880353149,0.4481812880353149,0.4481812880353149,0.4481812880353149,0.4481812880353149,0.4481812880353149,0.44852830800430543,0.4492183947082326,0.448464545231275,0.44806876619040115,0.4468302117835914,0.44439124037967004,0.43274449881055926,0.4124071317742694,0.34113433951296473,0.20556332554809484,0.048312907563878106,0.40584810388367165,0.8683950483237105,0.8683950483237105,0.8683950483237105,0.8683950483237105,0.8683950483237105,0.8683950483237105,0.8683950483237105,0.8683950483237105,0.8665113842044297,0.8648179970712017,0.8637400357717993,0.8619322216572022,0.8582043917454513,0.8426598882904109,0.8130327527375072,0.753870973396904,0.6413299158978798,0.38843367902030096,0.09566870378882021,0.7788085436932416,0.8702066970771215,0.8702066970771215,0.8702066970771215,0.8702066970771215,0.8702066970771215,0.8702066970771215,0.8702066970771215,0.8702066970771215,0.8709369772777552,0.8716516119001129,0.8727961663560111,0.8732961871395903,0.8754411059783238,0.8789198584298802,0.8840533960800626,0.8930081693448054,0.9063906118262856,0.9304799740081499,0.9644320847254696,0.8833189326149168,0.6403867306453667,0.6403867306453667,0.6403867306453667,0.6403867306453667,0.6403867306453667,0.6403867306453667,0.6403867306453667,0.6403867306453667,0.6400445957192682,0.6399848761047623,0.6380231627711204,0.6369888802428874,0.6327706370727252,0.6238800618609106,0.600978739285607,0.5555643573602044,0.4459945358512622,0.24452305353710735,0.04913547902831171,0.5700516959998475,587.0,587.0,587.0,587.0,587.0,587.0,587.0,587.0,586.0,585.0,583.0,582.0,577.0,567.0,549.0,506.0,418.0,233.0,45.0,522.4736842105264,5.0,5.0,5.0,5.0,5.0,5.0,5.0,5.0,6.0,7.0,9.0,10.0,15.0,25.0,43.0,86.0,174.0,359.0,547.0,69.52631578947368,4.0,4.0,4.0,4.0,4.0,4.0,4.0,4.0,5.0,6.0,8.0,9.0,14.0,24.0,42.0,85.0,173.0,358.0,546.0,68.52631578947368,0.9695945945945946,0.8716516119001129,0.9780405405405406,0.9881756756756757,0.9898477157360406,1.0,0.0,0.0,0.8427638394621048,0.989010989010989,0.01929260450160772,0.9768598479656486,509.916192961566,585,7,6,5,2,0,0,4.0,311,0.591715976331361,0.5912162162162162,0.5922165820642978,350,242,241,591,592,6,2
fencing_005_fencing_aria01_rgb,0.7163058995327151,0.9190052130837286,0.6582888558331947,0.7163058995327151,0.7163058995327151,0.7163058995327151,0.7163058995327151,0.7163058995327151,0.7163058995327151,0.7163058995327151,0.7145710707695965,0.714029675817202,0.714029675817202,0.7136930232137508,0.7126200775034518,0.7115588293981232,0.7093482964621982,0.7080047822297064,0.7017309661479892,0.6637465734614754,0.516656120328686,0.19889424727257354,0.6733170860605769,0.9878577623590633,0.9878577623590633,0.9878577623590633,0.9878577623590633,0.9878577623590633,0.9878577623590633,0.9878577623590633,0.9844155844155844,0.9826989619377162,0.9826989619377162,0.9809853068280034,0.9775668679896462,0.9741602067183462,0.9656946826758147,0.960650128314799,0.9423728813559322,0.8679706601466992,0.5785123966942148,0.16760061130922058,0.9094911361493231,0.5194008300143055,0.5194008300143055,0.5194008300143055,0.5194008300143055,0.5194008300143055,0.5194008300143055,0.5194008300143055,0.5186953795372321,0.5188144057283867,0.5188144057283867,0.5192307446795321,0.5194809598092929,0.5197460994635104,0.5210497838712231,0.5218036794930513,0.522538751478569,0.507574200385286,0.46141370210634086,0.23603089087269508,0.5011052006975603,0.993025283347864,0.993025283347864,0.993025283347864,0.993025283347864,0.993025283347864,0.993025283347864,0.993025283347864,0.99128160418483,0.990409764603313,0.990409764603313,0.9895379250217959,0.987794245858762,0.986050566695728,0.981691368788143,0.979075850043592,0.969485614646905,0.9285091543156059,0.7323452484742807,0.2868352223190933,0.9349791217363376,0.994759825327511,0.994759825327511,0.994759825327511,0.994759825327511,0.994759825327511,0.994759825327511,0.994759825327511,0.9930131004366812,0.9921397379912664,0.9921397379912664,0.9912663755458515,0.9895196506550218,0.9877729257641922,0.9834061135371179,0.9807860262008734,0.97117903930131,0.9301310043668122,0.7336244541484717,0.2873362445414847,0.9366122730406804,0.5293516991491832,0.5293516991491832,0.5293516991491832,0.5293516991491832,0.5293516991491832,0.5293516991491832,0.5293516991491832,0.5288910886090609,0.5289648880312036,0.5289648880312036,0.5293905949406693,0.5295491653826468,0.5297212515597435,0.5309007306337097,0.5315671418960238,0.5325576833517734,0.524609262297622,0.5028545619792352,0.3211240652258409,0.5170819587359482,0.8835699416347784,0.8835699416347784,0.8835699416347784,0.8835699416347784,0.8835699416347784,0.8835699416347784,0.8835699416347784,0.8825548469890743,0.8825245421606531,0.8825245421606531,0.8816077559219604,0.8815652976316929,0.8815493812035687,0.8800900163105829,0.879319410497202,0.876336197408146,0.8595200140206414,0.7569663105817993,0.4343187587152851,0.8507298244760373,0.9190052130837286,0.9190052130837286,0.9190052130837286,0.9190052130837286,0.9190052130837286,0.9190052130837286,0.9190052130837286,0.9199648562487455,0.9204201048141698,0.9204201048141698,0.9207594247821717,0.9213786581087773,0.9219003650838516,0.9230128656016844,0.9235152428012692,0.9249758172191387,0.9293445744021832,0.9424783911171323,0.9650577524074753,0.9245402446835193,0.7181769673249564,0.7181769673249564,0.7181769673249564,0.7181769673249564,0.7181769673249564,0.7181769673249564,0.7181769673249564,0.7170587060422087,0.7168255390611157,0.7168255390611157,0.7167974007330845,0.7163381205358307,0.7158882146773257,0.7151993257374528,0.7147624647780081,0.7117540324114973,0.6865036719145512,0.5813038210080044,0.26019602813579445,0.6840364018616149,1139.0,1139.0,1139.0,1139.0,1139.0,1139.0,1139.0,1137.0,1136.0,1136.0,1135.0,1133.0,1131.0,1126.0,1123.0,1112.0,1065.0,840.0,329.0,1072.421052631579,8.0,8.0,8.0,8.0,8.0,8.0,8.0,10.0,11.0,11.0,12.0,14.0,16.0,21.0,24.0,35.0,82.0,307.0,818.0,74.57894736842105,6.0,6.0,6.0,6.0,6.0,6.0,6.0,8.0,9.0,9.0,10.0,12.0,14.0,19.0,22.0,33.0,80.0,305.0,816.0,72.57894736842105,0.9755884917175239,0.9205546126320825,0.9825632083696599,0.990409764603313,0.9921397379912664,1.0,0.0,0.0,0.8969050043156458,0.9912739965095986,0.014975041597337771,0.9817758587733287,1045.7500399500457,1136,11,9,8,2,0,0,8.0,601,0.6719022687609075,0.6713164777680907,0.6724890829694323,770,377,375,1145,1147,9,2
fencing_005_fencing_aria02_rgb,0.6471134632037062,0.934061423687241,0.6044437227272349,0.6471134632037062,0.6471134632037062,0.6471134632037062,0.6471134632037062,0.6471134632037062,0.6471134632037062,0.6471134632037062,0.6471134632037062,0.6471134632037062,0.6462860093923662,0.6447102140527848,0.6424642196943653,0.641057523654208,0.6364026770874621,0.6331370703458485,0.62049439097908,0.6017649998120447,0.5377844438902417,0.2033592004063227,0.612183258849899,0.9683098591549296,0.9683098591549296,0.9683098591549296,0.9683098591549296,0.9683098591549296,0.9683098591549296,0.9683098591549296,0.9683098591549296,0.9683098591549296,0.9648506151142355,0.9614035087719298,0.957968476357268,0.9545454545454546,0.9477351916376306,0.9409722222222222,0.9176672384219554,0.8885135135135135,0.7746031746031746,0.2748004561003421,0.9104130833516891,0.43246057065344157,0.43246057065344157,0.43246057065344157,0.43246057065344157,0.43246057065344157,0.43246057065344157,0.43246057065344157,0.43246057065344157,0.43246057065344157,0.43290183930375264,0.4323379895242207,0.4308704135620779,0.43052402237812565,0.4273433876653434,0.42600890906156347,0.41955653761659656,0.4075583651697409,0.37336809036252466,0.15049088701220475,0.4117423988177434,0.9717314487632509,0.9717314487632509,0.9717314487632509,0.9717314487632509,0.9717314487632509,0.9717314487632509,0.9717314487632509,0.9717314487632509,0.9717314487632509,0.9699646643109541,0.9681978798586572,0.9664310954063604,0.9646643109540636,0.9611307420494699,0.9575971731448764,0.9452296819787986,0.9293286219081273,0.8621908127208481,0.42579505300353354,0.931374372326576,0.9963768115942029,0.9963768115942029,0.9963768115942029,0.9963768115942029,0.9963768115942029,0.9963768115942029,0.9963768115942029,0.9963768115942029,0.9963768115942029,0.9945652173913043,0.9927536231884058,0.9909420289855072,0.9891304347826086,0.9855072463768116,0.9818840579710145,0.9692028985507246,0.9528985507246377,0.8840579710144928,0.4365942028985507,0.9549961861174675,0.43246057065344157,0.43246057065344157,0.43246057065344157,0.43246057065344157,0.43246057065344157,0.43246057065344157,0.43246057065344157,0.43246057065344157,0.43246057065344157,0.43291373477232264,0.43253541657242317,0.4314980041712759,0.43127909866945907,0.4290285746793882,0.4282747165686633,0.42394593731127544,0.41557255831413026,0.391756556762287,0.19032184251823797,0.41575113559054927,1.0,1.0,1.0,1.0,1.0,1.0,1.0,1.0,1.0,0.9985428051001822,0.9967263213437694,0.99496530913416,0.9932554078165093,0.9897810244951256,0.987179245937179,0.9756075761367373,0.9593350303781978,0.8958291151731712,0.4587803170033301,0.9605264290799138,0.934061423687241,0.934061423687241,0.934061423687241,0.934061423687241,0.934061423687241,0.934061423687241,0.934061423687241,0.934061423687241,0.934061423687241,0.9348886600124194,0.9356675886172875,0.9363397232440497,0.9369214840946385,0.9378430732378074,0.9386677807048894,0.9409368660100624,0.9427945247758572,0.9477269656512828,0.9630906129976481,0.9379700048700584,0.648255764998701,0.648255764998701,0.648255764998701,0.648255764998701,0.648255764998701,0.648255764998701,0.648255764998701,0.648255764998701,0.648255764998701,0.6479965179226344,0.6469843312165333,0.6452957196177505,0.6444463976131501,0.6408844414531576,0.6387056654296139,0.6297438309530801,0.6154312746768111,0.5673751292343507,0.2531368705106202,0.6191737928218954,550.0,550.0,550.0,550.0,550.0,550.0,550.0,550.0,550.0,549.0,548.0,547.0,546.0,544.0,542.0,535.0,526.0,488.0,241.0,527.1578947368421,16.0,16.0,16.0,16.0,16.0,16.0,16.0,16.0,16.0,17.0,18.0,19.0,20.0,22.0,24.0,31.0,40.0,78.0,325.0,38.8421052631579,2.0,2.0,2.0,2.0,2.0,2.0,2.0,2.0,2.0,3.0,4.0,5.0,6.0,8.0,10.0,17.0,26.0,64.0,311.0,24.842105263157894,0.9558303886925795,0.9348886600124194,0.9646643109540636,0.9699646643109541,0.9945652173913043,1.0,0.0,0.0,0.8926746896586896,0.9821109123434705,0.004991680532445923,0.9634293816177808,513.2538743468183,549,17,3,5,2,0,0,5.0,601,0.5670840787119857,0.5600706713780919,0.5742753623188406,317,249,235,552,566,8,2
fencing_005_fencing_aria03_rgb,0.5552139858377312,0.8996201541584603,0.49948169153027294,0.5552139858377312,0.5549659697685586,0.5549659697685586,0.5549659697685586,0.5549659697685586,0.5549659697685586,0.5549659697685586,0.5544636047977355,0.5539702431778628,0.5528157428390635,0.5521818398376088,0.550993016743795,0.5492661395393704,0.5476025643871496,0.5375432991741751,0.5233321411288296,0.46706072552595,0.29900690642525357,0.05477874465210228,0.5067381459304199,0.9804444444444445,0.9786856127886323,0.9786856127886323,0.9786856127886323,0.9786856127886323,0.9786856127886323,0.9786856127886323,0.975177304964539,0.9716814159292035,0.9699381078691424,0.9681978798586572,0.9647266313932981,0.9595426561125769,0.9526730937773883,0.924006908462867,0.8913412563667232,0.7654516640253566,0.4476933073424301,0.06756109247724006,0.8795026020924034,0.3144110528817297,0.31469475342913106,0.31469475342913106,0.31469475342913106,0.31469475342913106,0.31469475342913106,0.31469475342913106,0.31525537713008883,0.3158267980591901,0.3150770580631067,0.31491990489687743,0.31469360813846925,0.3144136324973212,0.3147654431326396,0.3127171407925343,0.30726338311193874,0.28498954484159367,0.19970173470030556,0.04441477713924034,0.29245357768209584,0.9813167259786477,0.9804270462633452,0.9804270462633452,0.9804270462633452,0.9804270462633452,0.9804270462633452,0.9804270462633452,0.9786476868327402,0.9768683274021353,0.9759786476868327,0.9750889679715302,0.9733096085409253,0.9706405693950177,0.9670818505338078,0.9519572953736655,0.9341637010676157,0.8594306049822064,0.6129893238434164,0.12544483985765126,0.9034463382655927,0.9990942028985508,0.9981884057971014,0.9981884057971014,0.9981884057971014,0.9981884057971014,0.9981884057971014,0.9981884057971014,0.9963768115942029,0.9945652173913043,0.9936594202898551,0.9927536231884058,0.9909420289855072,0.9882246376811594,0.9846014492753623,0.9692028985507246,0.9510869565217391,0.875,0.6240942028985508,0.12771739130434784,0.9198131197559116,0.31516003374787926,0.315444413951239,0.315444413951239,0.315444413951239,0.315444413951239,0.315444413951239,0.315444413951239,0.3160050543428203,0.31657741440179527,0.3160179069009244,0.31590380697239295,0.3157491748303818,0.31557113464962017,0.31599228330765455,0.3147127848952267,0.31074203936893907,0.29457697741446254,0.22123325289724327,0.05803818433967822,0.29573402798823434,0.9849436399113171,0.9849299771526159,0.9849299771526159,0.9849299771526159,0.9849299771526159,0.9849299771526159,0.9849299771526159,0.9866153570847248,0.9883905142577037,0.9874925248919542,0.9866049108997775,0.9848294186979507,0.9820822988963904,0.9820939470379894,0.9690554280179613,0.9520973485345415,0.8828912613090187,0.6636982181929504,0.17681346132075282,0.9177467469457224,0.8996201541584603,0.9003553506158639,0.9003553506158639,0.9003553506158639,0.9003553506158639,0.9003553506158639,0.9003553506158639,0.9012918287902549,0.9021629206019556,0.9025479820891861,0.9028886503911938,0.9035110141789122,0.9043047844015139,0.9052112264705412,0.9080597682442685,0.9105297765516025,0.9172480509223929,0.932260683230655,0.9616537965026971,0.9080748810646746,0.5554609122390147,0.5554594922936277,0.5554594922936277,0.5554594922936277,0.5554594922936277,0.5554594922936277,0.5554594922936277,0.5554493186510759,0.5554468435132681,0.5545344723690102,0.5541434156060944,0.5534386258182427,0.552433369079707,0.5517281461270642,0.5456128330289224,0.5357558204727275,0.4949027550305357,0.3498785951216474,0.07464318190930284,0.5140097496172832,1103.0,1102.0,1102.0,1102.0,1102.0,1102.0,1102.0,1100.0,1098.0,1097.0,1096.0,1094.0,1091.0,1087.0,1070.0,1050.0,966.0,689.0,141.0,1015.4736842105264,21.0,22.0,22.0,22.0,22.0,22.0,22.0,24.0,26.0,27.0,28.0,30.0,33.0,37.0,54.0,74.0,158.0,435.0,983.0,108.52631578947368,1.0,2.0,2.0,2.0,2.0,2.0,2.0,4.0,6.0,7.0,8.0,10.0,13.0,17.0,34.0,54.0,138.0,415.0,963.0,88.52631578947368,0.9608540925266904,0.9027067066740861,0.9697508896797153,0.9759786476868327,0.9936594202898551,1.0,0.0,0.0,0.8658979156774665,0.9847396768402155,0.011647254575707155,0.9688612099644128,990.2692572214725,1097,27,7,10,2,0,0,5.0,601,0.46858168761220825,0.46441281138790036,0.47282608695652173,522,602,582,1104,1124,10,2
fencing_006_fencing_aria01_rgb,0.7073563212131558,0.9067268312739155,0.6413789557151788,0.7073563212131558,0.7073563212131558,0.7073563212131558,0.7073563212131558,0.7062460860532529,0.7062460860532529,0.7062460860532529,0.7062460860532529,0.7062460860532529,0.7051406117448503,0.7040398813671599,0.6976598723235816,0.687243927197012,0.6661279896330145,0.6454691722302442,0.6124568324994887,0.5623179038431735,0.44145802951126484,0.19545967168925496,0.6462120845872596,0.9941520467836257,0.9941520467836257,0.9941520467836257,0.9941520467836257,0.9924874791318865,0.9924874791318865,0.9924874791318865,0.9924874791318865,0.9924874791318865,0.9908256880733946,0.9891666666666666,0.9792703150912107,0.9629934210526315,0.9296685529506872,0.8959491660047657,0.841820987654321,0.7538574577516532,0.536036036036036,0.1747047244094488,0.8943862420255132,0.5032962178964459,0.5032962178964459,0.5032962178964459,0.5032962178964459,0.5025590191846219,0.5025590191846219,0.5025590191846219,0.5025590191846219,0.5025590191846219,0.5018272016127526,0.5011007459701614,0.49703262720183805,0.4904542493684997,0.4772953728123557,0.4650157264585038,0.44558567341081357,0.4194445803131501,0.36356733263893337,0.21868030979707764,0.4687359887943673,0.9966499162479062,0.9966499162479062,0.9966499162479062,0.9966499162479062,0.9958123953098827,0.9958123953098827,0.9958123953098827,0.9958123953098827,0.9958123953098827,0.9949748743718593,0.9941373534338358,0.9891122278056952,0.9807370184254607,0.9631490787269682,0.9447236180904522,0.9137353433835846,0.8592964824120602,0.6976549413735343,0.29731993299832493,0.9263422375033059,0.9974853310980721,0.9974853310980721,0.9974853310980721,0.9974853310980721,0.9966471081307627,0.9966471081307627,0.9966471081307627,0.9966471081307627,0.9966471081307627,0.9958088851634534,0.9949706621961442,0.9899413243922883,0.9815590947191953,0.9639564124057,0.9455155071248952,0.914501257334451,0.8600167644593462,0.6982397317686505,0.297569153394803,0.9271187188423702,0.5037951471144109,0.5037951471144109,0.5037951471144109,0.5037951471144109,0.5033022496354624,0.5033022496354624,0.5033022496354624,0.5033022496354624,0.5033022496354624,0.5028113235303051,0.5023223737813494,0.4995657128956051,0.49505505037625497,0.48574074126035016,0.4766965358765136,0.46202606442532573,0.44007778302473965,0.39099966221852517,0.2676975247652506,0.47656234783100915,0.9983295136236313,0.9983295136236313,0.9983295136236313,0.9983295136236313,0.9974998088538879,0.9974998088538879,0.9974998088538879,0.9974998088538879,0.9974998088538879,0.9966738087950209,0.9958515228102423,0.9909455603502274,0.982845333325986,0.9664548685264613,0.9500332531761948,0.9228861197995478,0.8839400140839276,0.7883706243346893,0.5240862523893036,0.9464686555976612,0.9067268312739155,0.9067268312739155,0.9067268312739155,0.9067268312739155,0.9072886332381644,0.9072886332381644,0.9072886332381644,0.9072886332381644,0.9072886332381644,0.9076611332781123,0.9079711073418697,0.9096389126694079,0.9120790626458438,0.916359557545594,0.9200690606761706,0.9248528524523058,0.9310658316584187,0.9434593061830543,0.9659448163338812,0.9159185332669023,0.7082444023177175,0.7082444023177175,0.7082444023177175,0.7082444023177175,0.7074280886979422,0.7074280886979422,0.7074280886979422,0.7074280886979422,0.7074280886979422,0.7066154943680688,0.7058066090668867,0.7011569362016806,0.6935464210849622,0.6780166654329857,0.6628056574659255,0.6380810123337283,0.6003559381149592,0.5036313593666972,0.2549863036653539,0.6586905499927278,1190.0,1190.0,1190.0,1190.0,1189.0,1189.0,1189.0,1189.0,1189.0,1188.0,1187.0,1181.0,1171.0,1150.0,1128.0,1091.0,1026.0,833.0,355.0,1106.0526315789473,4.0,4.0,4.0,4.0,5.0,5.0,5.0,5.0,5.0,6.0,7.0,13.0,23.0,44.0,66.0,103.0,168.0,361.0,839.0,87.94736842105263,3.0,3.0,3.0,3.0,4.0,4.0,4.0,4.0,4.0,5.0,6.0,12.0,22.0,43.0,65.0,102.0,167.0,360.0,838.0,86.94736842105263,0.9891122278056952,0.9076611332781123,0.990787269681742,0.9949748743718593,0.9958088851634534,1.0,0.0,0.0,0.897237375489445,0.9953917050691244,0.008319467554076539,0.9905351507574003,1078.3014263343973,1188,6,5,2,2,0,0,3.0,601,0.5488060326770005,0.5485762144053601,0.5490360435875943,655,539,538,1193,1194,5,2
fencing_006_fencing_aria02_rgb,0.9991690900102413,0.9389557629167737,0.9381755751934248,0.9991690900102413,0.9991690900102413,0.9991690900102413,0.9991690900102413,0.9991690900102413,0.9991690900102413,0.99585096532468,0.99585096532468,0.99585096532468,0.9892476502218402,0.9892476502218402,0.9859623510207215,0.9794242000455099,0.9761712416240369,0.9632656270773137,0.9473687316195601,0.9163349522499953,0.8686871309132391,0.3488503072500227,0.9445856462252403,0.9983388704318937,0.9983388704318937,0.9983388704318937,0.9983388704318937,0.9983388704318937,0.9983388704318937,0.9950248756218906,0.9950248756218906,0.9950248756218906,0.9884297520661157,0.9884297520661157,0.9851485148514851,0.9786184210526315,0.9753694581280788,0.9624796084828712,0.9466019417475728,0.9156050955414012,0.8680124223602484,0.3486547085201794,0.9438135539091439,1.0,1.0,1.0,1.0,1.0,1.0,0.9966777408637874,0.9966777408637874,0.9966777408637874,0.9900662251655629,0.9900662251655629,0.9867768595041322,0.9802306425041186,0.9769736842105262,0.9640522875816994,0.9481361426256079,0.9170653907496013,0.8693623639191291,0.3490460157126824,0.9453583715647361,1.0,1.0,1.0,1.0,1.0,1.0,0.9983361064891847,0.9983361064891847,0.9983361064891847,0.9950083194675541,0.9950083194675541,0.9933444259567388,0.9900166389351082,0.9883527454242929,0.9816971713810316,0.9733777038269551,0.956738768718802,0.930116472545757,0.5174708818635607,0.9640073561607846,0.9983388704318937,0.9983388704318937,0.9983388704318937,0.9983388704318937,0.9983388704318937,0.9983388704318937,0.9966777408637874,0.9966777408637874,0.9966777408637874,0.9933554817275747,0.9933554817275747,0.9916943521594684,0.9883720930232558,0.9867109634551495,0.9800664451827242,0.9717607973421927,0.9551495016611296,0.9285714285714286,0.5166112956810631,0.9624060150375939,1.0,1.0,1.0,1.0,1.0,1.0,0.9983361064891847,0.9983361064891847,0.9983361064891847,0.9950083194675542,0.9950083194675542,0.9933444259567388,0.9900166389351083,0.9883527454242929,0.9816971713810316,0.9733777038269551,0.9567387687188021,0.930116472545757,0.5174708818635607,0.9640073561607846,1.0,1.0,1.0,1.0,1.0,1.0,0.9983361064891847,0.9983361064891847,0.9983361064891847,0.9950083194675542,0.9950083194675542,0.9933444259567388,0.9900166389351083,0.9883527454242929,0.9816971713810316,0.9733777038269551,0.9567387687188021,0.930116472545757,0.5174708818635607,0.9640073561607846,0.9389557629167737,0.9389557629167737,0.9389557629167737,0.9389557629167737,0.9389557629167737,0.9389557629167737,0.9399441169938269,0.9399441169938269,0.9399441169938269,0.9415549529003435,0.9415549529003435,0.9421547523783541,0.9432192139434411,0.943660701159872,0.9451836097666851,0.9466547098000312,0.9488442939498659,0.9508455201986723,0.9639925188910523,0.9432227449668834,1.0,1.0,1.0,1.0,1.0,1.0,0.997506579045166,0.997506579045166,0.997506579045166,0.9925341963194879,0.9925341963194879,0.9900551969721313,0.9851114891590338,0.9826467437470903,0.9728347258308407,0.9606740245391568,0.9366920586726465,0.8992264760851413,0.4249954700485689,0.9542012797278465,601.0,601.0,601.0,601.0,601.0,601.0,600.0,600.0,600.0,598.0,598.0,597.0,595.0,594.0,590.0,585.0,575.0,559.0,311.0,579.3684210526316,0.0,0.0,0.0,0.0,0.0,0.0,1.0,1.0,1.0,3.0,3.0,4.0,6.0,7.0,11.0,16.0,26.0,42.0,290.0,21.63157894736842,1.0,1.0,1.0,1.0,1.0,1.0,2.0,2.0,2.0,4.0,4.0,5.0,7.0,8.0,12.0,17.0,27.0,43.0,291.0,22.63157894736842,0.9883527454242929,0.9415549529003435,0.9883527454242929,0.9950083194675541,0.9933554817275747,1.0,0.0,0.0,0.9301994373284616,0.9941812136325852,0.0066555740432612314,0.9883527454242929,563.0498618344054,598,3,4,0,1,0,0,1.0,601,0.9941812136325852,0.9950083194675541,0.9933554817275747,598,3,4,602,601,2,1
fencing_006_fencing_aria03_rgb,0.42676115584254193,0.8748574237893418,0.37335516537376806,0.42676115584254193,0.42676115584254193,0.42676115584254193,0.42676115584254193,0.42580900282595807,0.4237360152703824,0.42355590031495194,0.4233199783206272,0.42164611343847425,0.42032361368408033,0.41937236675282774,0.4169858975592331,0.4150953998821321,0.4064533715714315,0.3897321144192885,0.3640956294859392,0.3080140827191544,0.19445778457613036,0.05349679585578597,0.3796388784235034,0.957641196013289,0.957641196013289,0.957641196013289,0.957641196013289,0.9560165975103735,0.9511589403973509,0.9495450785773366,0.9479338842975207,0.9431162407254741,0.939917695473251,0.9351395730706076,0.9272281275551921,0.9147034930950447,0.8780876494023905,0.8200772200772201,0.7382005899705014,0.5765886287625418,0.3036504424778761,0.06266907123534717,0.8249788429832202,0.19018092046818658,0.19018092046818658,0.19018092046818658,0.19018092046818658,0.1896549781246548,0.18877203694496422,0.18893215787121592,0.1890425134218878,0.18850851814513625,0.18796533044469305,0.18807158531252638,0.18752368871912747,0.18837163332599566,0.18814106242607906,0.18521563249303158,0.1795794113576361,0.16454135655941596,0.12453079163555583,0.045666979108211846,0.17606533461909887,0.959234608985025,0.959234608985025,0.959234608985025,0.959234608985025,0.9584026622296173,0.9559068219633944,0.9550748752079867,0.9542429284525791,0.9517470881863561,0.9500831946755408,0.9475873544093179,0.9434276206322796,0.9367720465890182,0.9168053244592346,0.8835274542429284,0.8327787021630616,0.7171381031613977,0.456738768718802,0.11564059900166389,0.8585690515806988,0.9982683982683983,0.9982683982683983,0.9982683982683983,0.9982683982683983,0.9974025974025974,0.9948051948051948,0.9939393939393939,0.9930735930735931,0.9904761904761905,0.9887445887445887,0.9861471861471861,0.9818181818181818,0.9748917748917749,0.9541125541125541,0.9194805194805195,0.8666666666666667,0.7463203463203463,0.4753246753246753,0.12034632034632034,0.8935064935064935,0.19594835436169555,0.19594835436169555,0.19594835436169555,0.19594835436169555,0.19549593270475135,0.19475953190866976,0.19492483491509505,0.19504110411737485,0.19461154486112886,0.19412479492731027,0.19427819306131572,0.1938362576188422,0.1947582921300497,0.1949593991864739,0.192901974424296,0.18859509874484917,0.1757974914199459,0.1397700856799081,0.0579489819126396,0.18345247026628594,0.8756927005748333,0.8756927005748333,0.8756927005748333,0.8756927005748333,0.8749442539383474,0.873603030391179,0.8739906885809177,0.8731397650312932,0.8705526365367915,0.8697592054249041,0.8675073526463618,0.864018688643621,0.8605997473598848,0.848006189381327,0.8248784848321098,0.7900196016931167,0.7183203252344149,0.5455933150037778,0.21064267964203348,0.8035971982441797,0.8748574237893418,0.8748574237893418,0.8748574237893418,0.8748574237893418,0.8754270906603228,0.8769951850068312,0.8774797012504062,0.8779391872079595,0.8791640630828348,0.8798874804488169,0.8807795765870725,0.8821636875254633,0.8839856831889941,0.8884479883017733,0.894510694586866,0.9016745747367358,0.9133728427397385,0.9340231070093138,0.9634473320498573,0.8899330468179132,0.4271160508359679,0.4271160508359679,0.4271160508359679,0.4271160508359679,0.4263400473093854,0.4247922761911017,0.42478742578097484,0.4247263608604229,0.42357104863642214,0.4225904656249803,0.42215430350271593,0.4206126810504822,0.42007294660583544,0.41531762276798045,0.4045282391410543,0.38671683325867623,0.3435096451842696,0.2384911747616701,0.07267019209187553,0.38838660347956416,1153.0,1153.0,1153.0,1153.0,1152.0,1149.0,1148.0,1147.0,1144.0,1142.0,1139.0,1134.0,1126.0,1102.0,1062.0,1001.0,862.0,549.0,139.0,1032.0,49.0,49.0,49.0,49.0,50.0,53.0,54.0,55.0,58.0,60.0,63.0,68.0,76.0,100.0,140.0,201.0,340.0,653.0,1063.0,170.0,2.0,2.0,2.0,2.0,3.0,6.0,7.0,8.0,11.0,13.0,16.0,21.0,29.0,53.0,93.0,154.0,293.0,606.0,1016.0,123.0,0.9284525790349417,0.8734718683065391,0.9442595673876872,0.9525790349417638,0.9913419913419913,1.0,0.0,0.0,0.8079245334534004,0.9715740347899873,0.016638935108153077,0.9431957124784087,1000.1252892109873,1145,57,10,19,2,0,0,15.0,601,0.28256257955027575,0.27703826955074873,0.2883116883116883,333,869,822,1155,1202,15,2
fencing_008_fencing_aria01_rgb,0.8181218630600904,0.9216093927480793,0.7539887934087371,0.8181218630600904,0.8181218630600904,0.8181218630600904,0.8176602561389089,0.8176602561389089,0.8172019249885527,0.8172019249885527,0.8172019249885527,0.8172019249885527,0.8172019249885527,0.816383199749265,0.8143817937484036,0.8118691355345221,0.8097132165521971,0.79668583228373,0.7714458327462692,0.7166820006051827,0.6018662745167987,0.20845312352667883,0.7643776913507315,0.9815157116451017,0.9815157116451017,0.9815157116451017,0.9796860572483841,0.9796860572483841,0.977859778597786,0.977859778597786,0.977859778597786,0.977859778597786,0.977859778597786,0.976036866359447,0.9705882352941176,0.9669724770642202,0.9615736505032022,0.9455535390199638,0.9177101967799642,0.8356164383561644,0.662015503875969,0.19576129392080313,0.9065813865049925,0.681928342945292,0.681928342945292,0.681928342945292,0.6824311620264706,0.6824311620264706,0.6829394160813357,0.6829394160813357,0.6829394160813357,0.6829394160813357,0.6829394160813357,0.6828446258580174,0.6833152122309544,0.6816445233629922,0.6818359599560614,0.6712558191252446,0.6484930372897191,0.6146756650717319,0.5471820679121105,0.22196780496152613,0.6451873236349396,0.987906976744186,0.987906976744186,0.987906976744186,0.9869767441860465,0.9869767441860465,0.986046511627907,0.986046511627907,0.986046511627907,0.986046511627907,0.986046511627907,0.9851162790697674,0.9823255813953489,0.9804651162790697,0.9776744186046512,0.9693023255813954,0.9544186046511628,0.9079069767441861,0.7944186046511628,0.32651162790697674,0.9340024479804163,0.9934518241347053,0.9934518241347053,0.9934518241347053,0.9925163704396632,0.9925163704396632,0.9915809167446211,0.9915809167446211,0.9915809167446211,0.9915809167446211,0.9915809167446211,0.990645463049579,0.9878391019644528,0.9859681945743686,0.9831618334892422,0.9747427502338635,0.9597754911131899,0.9130028063610851,0.7988774555659495,0.3283442469597755,0.9392447442272661,0.681928342945292,0.681928342945292,0.681928342945292,0.6824358615122046,0.6824358615122046,0.6829482603067508,0.6829482603067508,0.6829482603067508,0.6829482603067508,0.6829482603067508,0.6829590540638699,0.683609746109746,0.6828867156191634,0.6832870976543669,0.6776053397934397,0.6647964196697141,0.6475643325028573,0.6129579736137113,0.3422946884485346,0.6580715484668128,1.0,1.0,1.0,0.9990844217045914,0.9990844217045914,0.9982210242587602,0.9982210242587602,0.9982210242587602,0.9982210242587602,0.9982210242587602,0.9972808862642039,0.9945920848698627,0.9928756405353495,0.9900513002637964,0.9815752539680884,0.966476168165577,0.9214263246367072,0.8175480257447469,0.3796600606667084,0.9489873531483171,0.9216093927480793,0.9216093927480793,0.9216093927480793,0.922289621494837,0.922289621494837,0.9229011889652878,0.9229011889652878,0.9229011889652878,0.9229011889652878,0.9229011889652878,0.9232568149558851,0.9242640276862737,0.924829282039285,0.9255605062648247,0.9273109135602403,0.9296965156222893,0.9350749602737254,0.9428430151677568,0.9640849582530063,0.9274123347307179,0.8207811935194762,0.8207811935194762,0.8207811935194762,0.8206970734856963,0.8206970734856963,0.8206156401630429,0.8206156401630429,0.8206156401630429,0.8206156401630429,0.8206156401630429,0.820171541208324,0.8192911650512645,0.8175137166189246,0.8164640688565459,0.8066286794666702,0.7867234709706125,0.7470397076149955,0.6593114703088948,0.26921194130447895,0.7762721941971445,1062.0,1062.0,1062.0,1061.0,1061.0,1060.0,1060.0,1060.0,1060.0,1060.0,1059.0,1056.0,1054.0,1051.0,1042.0,1026.0,976.0,854.0,351.0,1004.0526315789474,13.0,13.0,13.0,14.0,14.0,15.0,15.0,15.0,15.0,15.0,16.0,19.0,21.0,24.0,33.0,49.0,99.0,221.0,724.0,70.94736842105263,7.0,7.0,7.0,8.0,8.0,9.0,9.0,9.0,9.0,9.0,10.0,13.0,15.0,18.0,27.0,43.0,93.0,215.0,718.0,64.94736842105263,0.9739534883720931,0.9229011889652878,0.9776744186046512,0.986046511627907,0.9915809167446211,1.0,0.0,0.0,0.8979304747006559,0.9888059701492538,0.014975041597337771,0.9771143627987647,978.2752603032051,1060,15,9,4,2,0,0,4.0,601,0.7052238805970149,0.7032558139534884,0.7072029934518241,756,319,313,1069,1075,8,2
fencing_008_fencing_aria02_rgb,0.9136182082329997,0.9293640952940498,0.8490839595386326,0.9136182082329997,0.9136182082329997,0.9136182082329997,0.9136182082329997,0.9136182082329997,0.9136182082329997,0.9136182082329997,0.9136182082329997,0.9136182082329997,0.9136182082329997,0.9105011935522345,0.9073949339617479,0.9026968310415674,0.8985946386622312,0.8898725437292618,0.8572647113089703,0.8401125111445134,0.7643829571095735,0.24608364237487812,0.8606887392218406,0.9824281150159745,0.9824281150159745,0.9824281150159745,0.9824281150159745,0.9824281150159745,0.9824281150159745,0.9824281150159745,0.9824281150159745,0.9824281150159745,0.9824281150159745,0.9792663476874003,0.9761146496815286,0.9667194928684627,0.9574132492113565,0.9360374414976599,0.8774583963691377,0.849478390461997,0.7577903682719547,0.24473420260782347,0.9141733520430035,0.8496277922596955,0.8496277922596955,0.8496277922596955,0.8496277922596955,0.8496277922596955,0.8496277922596955,0.8496277922596955,0.8496277922596955,0.8496277922596955,0.8496277922596955,0.8465648037613147,0.843513173834733,0.842914180156459,0.8433895450033093,0.8459844755955381,0.8375357604379069,0.8308498948368656,0.7710328998400388,0.2474405228170223,0.8108159567831654,0.9935379644588045,0.9935379644588045,0.9935379644588045,0.9935379644588045,0.9935379644588045,0.9935379644588045,0.9935379644588045,0.9935379644588045,0.9935379644588045,0.9935379644588045,0.9919224555735057,0.9903069466882067,0.9854604200323102,0.9806138933764136,0.9693053311793215,0.9369951534733441,0.9208400646203554,0.864297253634895,0.39418416801292405,0.9457529121673327,0.9887459807073955,0.9887459807073955,0.9887459807073955,0.9887459807073955,0.9887459807073955,0.9887459807073955,0.9887459807073955,0.9887459807073955,0.9887459807073955,0.9887459807073955,0.9871382636655949,0.9855305466237942,0.9807073954983923,0.9758842443729904,0.9646302250803859,0.932475884244373,0.9163987138263665,0.860128617363344,0.39228295819935693,0.9411914029446606,0.8496277922596955,0.8496277922596955,0.8496277922596955,0.8496277922596955,0.8496277922596955,0.8496277922596955,0.8496277922596955,0.8496277922596955,0.8496277922596955,0.8496277922596955,0.8479750091530854,0.8463225776950029,0.8471327886961758,0.8483800451057283,0.8521802218539999,0.853216807606967,0.8497796721851576,0.8188228970672116,0.3787010879161178,0.823094159467179,1.0,1.0,1.0,1.0,1.0,1.0,1.0,1.0,1.0,1.0,0.9983744084567636,0.9967496691187787,0.992695095342791,0.9903735638503159,0.9807735324114346,0.9648608816823253,0.9544069354125433,0.9099770651396569,0.41739567663950417,0.9581898330554796,0.9293640952940498,0.9293640952940498,0.9293640952940498,0.9293640952940498,0.9293640952940498,0.9293640952940498,0.9293640952940498,0.9293640952940498,0.9293640952940498,0.9293640952940498,0.9299927833435732,0.9305547108992741,0.9320303285364883,0.9333747938765647,0.9358195073056076,0.9413143732617391,0.9434485605315921,0.9473027945039484,0.9657526352897129,0.9343806021309999,0.9187695398027331,0.9187695398027331,0.9187695398027331,0.9187695398027331,0.9187695398027331,0.9187695398027331,0.9187695398027331,0.9187695398027331,0.9187695398027331,0.9187695398027331,0.9163659961767603,0.9139676994683964,0.911404719116691,0.9094171239638371,0.9055480452685533,0.8858707289390086,0.8746884421617761,0.8163342561683262,0.31230936044139135,0.8754527247227407,615.0,615.0,615.0,615.0,615.0,615.0,615.0,615.0,615.0,615.0,614.0,613.0,610.0,607.0,600.0,580.0,570.0,535.0,244.0,585.421052631579,4.0,4.0,4.0,4.0,4.0,4.0,4.0,4.0,4.0,4.0,5.0,6.0,9.0,12.0,19.0,39.0,49.0,84.0,375.0,33.578947368421055,7.0,7.0,7.0,7.0,7.0,7.0,7.0,7.0,7.0,7.0,8.0,9.0,12.0,15.0,22.0,42.0,52.0,87.0,378.0,36.578947368421055,0.9773828756058158,0.9293640952940498,0.9822294022617124,0.9935379644588045,0.9887459807073955,1.0,0.0,0.0,0.90720342262656,0.9911361804995971,0.011647254575707155,0.9814586086353478,571.5589186058406,615,4,7,3,2,0,0,3.0,601,0.9089443996776793,0.9111470113085622,0.9067524115755627,564,55,58,622,619,6,2
fencing_008_fencing_aria03_rgb,0.8387492143877783,0.9113584955204862,0.7644012221434353,0.8387492143877783,0.8387492143877783,0.8378517314246154,0.8295047426916605,0.8267291287193501,0.8255298941197634,0.8243378425196479,0.8234948686862892,0.8231529366376589,0.8231529366376589,0.8231529366376589,0.8193831086953884,0.8134072091664981,0.8015160003795287,0.7716257617768747,0.7438448930177648,0.7073793300116578,0.5581203093647108,0.24188519073402168,0.7669245921050687,0.9966329966329966,0.9966329966329966,0.9949537426408747,0.9733777038269551,0.9652029826014913,0.9619520264681555,0.9587118084227911,0.9570957095709571,0.955482275350371,0.955482275350371,0.955482275350371,0.9490550534100246,0.9410801963993454,0.9268887083671812,0.8915470494417863,0.8603921568627451,0.8204144282425173,0.6426592797783933,0.26641751201281366,0.8931295356506914,0.7058769346517777,0.7058769346517777,0.7055559407093048,0.7068973487297824,0.7081215708957754,0.7084548785530816,0.708797860462228,0.7085433483519052,0.7091505248977391,0.7091505248977391,0.7091505248977391,0.7074285905785654,0.7030551598636227,0.6931014404049715,0.6678349915582545,0.64308492407245,0.609917986936995,0.4847020645726515,0.21961186055074342,0.6586480742230055,0.9983136593591906,0.9983136593591906,0.9974704890387859,0.9865092748735245,0.9822934232715008,0.9806070826306914,0.978920741989882,0.9780775716694773,0.9772344013490725,0.9772344013490725,0.9772344013490725,0.9738617200674536,0.96964586846543,0.9620573355817875,0.9426644182124789,0.9249578414839797,0.9013490725126475,0.7824620573355818,0.42074198988195616,0.9321026005147779,0.9983136593591906,0.9983136593591906,0.9974704890387859,0.9865092748735245,0.9822934232715008,0.9806070826306914,0.978920741989882,0.9780775716694773,0.9772344013490725,0.9772344013490725,0.9772344013490725,0.9738617200674536,0.96964586846543,0.9620573355817875,0.9426644182124789,0.9249578414839797,0.9013490725126475,0.7824620573355818,0.42074198988195616,0.9321026005147779,0.7076309542615699,0.7076309542615699,0.7074647306351863,0.7098264282785808,0.7113232491413349,0.7117883512682667,0.7122608668309848,0.7121307056271772,0.7127408342079318,0.7127408342079318,0.7127408342079318,0.7120608263370326,0.709612679474504,0.7039395290367597,0.6891479406458914,0.6739961597790466,0.6529849848886253,0.5647060687732843,0.31603227217550706,0.6758294317915324,0.9741747676530285,0.9741747676530285,0.973372179659805,0.9683932299584473,0.9681215966343789,0.9679332787291963,0.9678254741551001,0.9670767343600927,0.9677985997196712,0.9677985997196712,0.9677985997196712,0.9662215782039595,0.9622417125754602,0.9549044849767075,0.9361285546179449,0.9190664820188648,0.897499463032129,0.7850878371287465,0.432162887335493,0.9219884646237577,0.9113584955204862,0.9113584955204862,0.9120066682881328,0.9202379823934033,0.9232117574425053,0.9243039958478727,0.9253042462775839,0.9257952205799934,0.9262331144947248,0.9262331144947248,0.9262331144947248,0.9274778767259894,0.9288154047123657,0.9308101678482658,0.9350055892556774,0.9380622906581079,0.940984656844442,0.9499656537176226,0.9667983683558501,0.9289576954459452,0.8394561249341531,0.8394561249341531,0.8389107397235601,0.8350813079607485,0.834016283994266,0.8334961737365194,0.8329807485677716,0.832472436527836,0.8324699926512803,0.8324699926512803,0.8324699926512803,0.8300226647783397,0.8256600578113634,0.8165802624628554,0.7934382671507582,0.7712499226975277,0.7414506132133424,0.615841679849879,0.30397356991981794,0.7832366819061437,1184.0,1184.0,1183.0,1170.0,1165.0,1163.0,1161.0,1160.0,1159.0,1159.0,1159.0,1155.0,1150.0,1141.0,1118.0,1097.0,1069.0,928.0,499.0,1105.4736842105262,2.0,2.0,3.0,16.0,21.0,23.0,25.0,26.0,27.0,27.0,27.0,31.0,36.0,45.0,68.0,89.0,117.0,258.0,687.0,80.52631578947368,2.0,2.0,3.0,16.0,21.0,23.0,25.0,26.0,27.0,27.0,27.0,31.0,36.0,45.0,68.0,89.0,117.0,258.0,687.0,80.52631578947368,0.9881956155143339,0.9254061994428878,0.9915682967959528,0.9957841483979764,0.9957841483979764,1.0,0.0,0.0,0.9139162913508014,0.9957841483979764,0.008319467554076539,0.9910606576801619,1092.9047215420505,1181,5,5,4,2,0,0,3.0,601,0.7470489038785835,0.7470489038785835,0.7470489038785835,886,300,300,1186,1186,5,2
fencing_009_fencing_aria01_rgb,0.758708996537889,0.9176047534056732,0.6961949816748154,0.758708996537889,0.758708996537889,0.758708996537889,0.758708996537889,0.758708996537889,0.758708996537889,0.758708996537889,0.758708996537889,0.7569611412785628,0.7569611412785628,0.7535558175749002,0.7502676956116237,0.7408633150506283,0.7362523793458998,0.7317787824352643,0.7217151340919992,0.6824627903502183,0.5692077384875227,0.21021886525252179,0.7094693038453062,0.9688581314878892,0.9688581314878892,0.9688581314878892,0.9688581314878892,0.9688581314878892,0.9688581314878892,0.9688581314878892,0.9688581314878892,0.9654576856649395,0.9654576856649395,0.9586919104991394,0.9519725557461407,0.9320882852292021,0.9158249158249159,0.8998330550918197,0.8778877887788779,0.809220985691574,0.6187766714082503,0.2029598308668076,0.8867913906510377,0.594142034544844,0.594142034544844,0.594142034544844,0.594142034544844,0.594142034544844,0.594142034544844,0.594142034544844,0.594142034544844,0.5934907121394024,0.5934907121394024,0.5923137182886306,0.5913002551183661,0.58886959560149,0.5918899526818828,0.5951105967848614,0.5933249572840676,0.5755602838383677,0.5236096713483179,0.217737525299077,0.5689386450990852,0.9893992932862191,0.9893992932862191,0.9893992932862191,0.9893992932862191,0.9893992932862191,0.9893992932862191,0.9893992932862191,0.9893992932862191,0.9876325088339223,0.9876325088339223,0.9840989399293286,0.980565371024735,0.9699646643109541,0.9611307420494699,0.9522968197879859,0.9399293286219081,0.8992932862190812,0.7685512367491166,0.3392226148409894,0.9308164403942718,0.9790209790209791,0.9790209790209791,0.9790209790209791,0.9790209790209791,0.9790209790209791,0.9790209790209791,0.9790209790209791,0.9790209790209791,0.9772727272727273,0.9772727272727273,0.9737762237762237,0.9702797202797203,0.9597902097902098,0.951048951048951,0.9423076923076923,0.9300699300699301,0.8898601398601399,0.7604895104895105,0.3356643356643357,0.9210526315789473,0.5951489635402183,0.5951489635402183,0.5951489635402183,0.5951489635402183,0.5951489635402183,0.5951489635402183,0.5951489635402183,0.5951489635402183,0.5947521039686403,0.5947521039686403,0.5940245150388508,0.5933858940838003,0.5926023646468868,0.5957542870920386,0.5991101995130725,0.597963300693456,0.590500895728631,0.5686053316059849,0.31120345972664015,0.5786234823362308,0.9869086270871985,0.9869086270871985,0.9869086270871985,0.9869086270871985,0.9869086270871985,0.9869086270871985,0.9869086270871985,0.9869086270871985,0.9852860317976597,0.9852860317976597,0.9821865746461796,0.9792831792831791,0.9698856591817053,0.9640862093500502,0.9605083119434312,0.952213564851778,0.923200118528843,0.8371966029222415,0.44725649041787746,0.9411398837588522,0.9176047534056732,0.9176047534056732,0.9176047534056732,0.9176047534056732,0.9176047534056732,0.9176047534056732,0.9176047534056732,0.9176047534056732,0.9184491026296963,0.9184491026296963,0.9198604302822186,0.9211069419091317,0.9242244946056625,0.9264770062219893,0.9282915152378025,0.9303805355225783,0.9350115522349719,0.9442536254350219,0.9622217641950647,0.9247138999025905,0.7667096641430217,0.7667096641430217,0.7667096641430217,0.7667096641430217,0.7667096641430217,0.7667096641430217,0.7667096641430217,0.7667096641430217,0.7656048073254694,0.7656048073254694,0.7634758033319984,0.7614516097869655,0.7557662996062516,0.754243746697819,0.7528093575005255,0.7467821159847335,0.7194424918436447,0.6343665032838258,0.27177470942116555,0.727631556065897,560.0,560.0,560.0,560.0,560.0,560.0,560.0,560.0,559.0,559.0,557.0,555.0,549.0,544.0,539.0,532.0,509.0,435.0,192.0,526.8421052631579,6.0,6.0,6.0,6.0,6.0,6.0,6.0,6.0,7.0,7.0,9.0,11.0,17.0,22.0,27.0,34.0,57.0,131.0,374.0,39.1578947368421,12.0,12.0,12.0,12.0,12.0,12.0,12.0,12.0,13.0,13.0,15.0,17.0,23.0,28.0,33.0,40.0,63.0,137.0,380.0,45.1578947368421,0.9558303886925795,0.9184491026296963,0.9646643109540636,0.9876325088339223,0.9772727272727273,1.0,0.0,0.0,0.8752880713250887,0.9824253075571178,0.030162412993039442,0.9634293816177808,513.4130483700002,559,7,13,5,2,0,0,6.0,431,0.7065026362038664,0.7102473498233216,0.7027972027972028,402,164,170,572,566,7,2
fencing_009_fencing_aria02_rgb,0.8977063960033702,0.93089546750161,0.8356708151867428,0.8977063960033702,0.8977063960033702,0.8977063960033702,0.8977063960033702,0.8977063960033702,0.8977063960033702,0.8962599061235764,0.8962599061235764,0.8962599061235764,0.8962599061235764,0.8948353079368546,0.8948353079368546,0.8934322406867029,0.8920503509695842,0.8802566611394755,0.8647463918600053,0.8344690932077957,0.7254725858067593,0.2903018246712053,0.849561987617356,0.983249581239531,0.983249581239531,0.983249581239531,0.983249581239531,0.983249581239531,0.983249581239531,0.979933110367893,0.979933110367893,0.979933110367893,0.979933110367893,0.9766277128547579,0.9766277128547579,0.9733333333333334,0.9700499168053245,0.9570247933884297,0.934640522875817,0.8704581358609794,0.7184325108853411,0.2622601279317697,0.918878141878909,0.8196055089181257,0.8196055089181257,0.8196055089181257,0.8196055089181257,0.8196055089181257,0.8196055089181257,0.8197312763756586,0.8197312763756586,0.8197312763756586,0.8197312763756586,0.8198930030255331,0.8198930030255331,0.8200902418134889,0.8203225575088164,0.8096465157783292,0.8000790720415342,0.799968015498281,0.7325816479387341,0.3213418298543515,0.7863354760787363,0.983249581239531,0.983249581239531,0.983249581239531,0.983249581239531,0.983249581239531,0.983249581239531,0.981574539363484,0.981574539363484,0.981574539363484,0.981574539363484,0.9798994974874372,0.9798994974874372,0.9782244556113903,0.9765494137353434,0.9698492462311558,0.9581239530988275,0.9229480737018425,0.8291457286432161,0.4120603015075377,0.9385524111787005,1.0,1.0,1.0,1.0,1.0,1.0,0.9982964224872232,0.9982964224872232,0.9982964224872232,0.9982964224872232,0.9965928449744463,0.9965928449744463,0.9948892674616695,0.9931856899488927,0.9863713798977853,0.9744463373083475,0.938671209540034,0.8432708688245315,0.4190800681431005,0.9545413790011655,0.8196055089181257,0.8196055089181257,0.8196055089181257,0.8196055089181257,0.8196055089181257,0.8196055089181257,0.8199041901393972,0.8199041901393972,0.8199041901393972,0.8199041901393972,0.8202244876943672,0.8202244876943672,0.8205665126258458,0.820930376738515,0.8154323652881847,0.8113243052198409,0.8167040173613381,0.7882973643854755,0.47541788454252754,0.7992827166114108,1.0,1.0,1.0,1.0,1.0,1.0,0.9983251169257994,0.9983251169257994,0.9983251169257994,0.9983251169257994,0.9967078189300412,0.9967078189300412,0.995148401826484,0.9936471634584843,0.9867730020910749,0.9751511544117009,0.9462300368858814,0.8714016489383374,0.48700488058545227,0.9601090733558262,0.93089546750161,0.93089546750161,0.93089546750161,0.93089546750161,0.93089546750161,0.93089546750161,0.9318924234791013,0.9318924234791013,0.9318924234791013,0.9318924234791013,0.9325526019249977,0.9325526019249977,0.9330960730262903,0.9335809454413931,0.934974776073773,0.9367985086951695,0.94108245129245,0.9475424899992039,0.9648500565584576,0.9352617370454105,0.8977063960033702,0.8977063960033702,0.8977063960033702,0.8977063960033702,0.8977063960033702,0.8977063960033702,0.8970102284869876,0.8970102284869876,0.8970102284869876,0.8970102284869876,0.8963329412992618,0.8963329412992618,0.8956742322687493,0.895033805288444,0.8861349011529194,0.8755426450471023,0.8592606932283264,0.7793695813096696,0.36388488742563624,0.8590445220151338,587.0,587.0,587.0,587.0,587.0,587.0,586.0,586.0,586.0,586.0,585.0,585.0,584.0,583.0,579.0,572.0,551.0,495.0,246.0,560.3157894736842,10.0,10.0,10.0,10.0,10.0,10.0,11.0,11.0,11.0,11.0,12.0,12.0,13.0,14.0,18.0,25.0,46.0,102.0,351.0,36.68421052631579,0.0,0.0,0.0,0.0,0.0,0.0,1.0,1.0,1.0,1.0,2.0,2.0,3.0,4.0,8.0,15.0,36.0,92.0,341.0,26.68421052631579,0.9765494137353434,0.9318924234791013,0.9798994974874372,0.981574539363484,0.9982964224872232,1.0,0.0,0.0,0.909696750684679,0.9898648648648649,0.002320185614849188,0.9793952596387538,546.0889601587534,586,11,1,2,2,0,0,3.0,431,0.831081081081081,0.8241206030150754,0.838160136286201,492,105,95,587,597,4,2
fencing_009_fencing_aria03_rgb,0.712860145458932,0.938044724111682,0.6686946984772374,0.712860145458932,0.712860145458932,0.712860145458932,0.712860145458932,0.712860145458932,0.712860145458932,0.712860145458932,0.712860145458932,0.712860145458932,0.712860145458932,0.7114757041130797,0.7114757041130797,0.7092638276538699,0.7051088069151201,0.6975529832289593,0.6901429344858865,0.6642075947500414,0.5625912906231438,0.27567806158804214,0.6766367558979232,0.9946666666666667,0.9946666666666667,0.9946666666666667,0.9946666666666667,0.9946666666666667,0.9946666666666667,0.9946666666666667,0.9946666666666667,0.9946666666666667,0.9946666666666667,0.9920106524633822,0.9920106524633822,0.9893617021276596,0.9814569536423841,0.968421052631579,0.9555555555555556,0.9130434782608695,0.7620730270906949,0.3417040358744395,0.9390686198303481,0.5108943568871276,0.5108943568871276,0.5108943568871276,0.5108943568871276,0.5108943568871276,0.5108943568871276,0.5108943568871276,0.5108943568871276,0.5108943568871276,0.5108943568871276,0.5102744373623425,0.5102744373623425,0.5084643726721778,0.5065718142238792,0.502446908903304,0.4984506314171063,0.48318808405921965,0.415326286370908,0.22240999713818504,0.4877026599147758,0.9973262032085561,0.9973262032085561,0.9973262032085561,0.9973262032085561,0.9973262032085561,0.9973262032085561,0.9973262032085561,0.9973262032085561,0.9973262032085561,0.9973262032085561,0.9959893048128342,0.9959893048128342,0.9946524064171123,0.9906417112299465,0.983957219251337,0.9772727272727273,0.9545454545454546,0.8649732620320856,0.5093582887700535,0.96003377427526,0.9973262032085561,0.9973262032085561,0.9973262032085561,0.9973262032085561,0.9973262032085561,0.9973262032085561,0.9973262032085561,0.9973262032085561,0.9973262032085561,0.9973262032085561,0.9959893048128342,0.9959893048128342,0.9946524064171123,0.9906417112299465,0.983957219251337,0.9772727272727273,0.9545454545454546,0.8649732620320856,0.5093582887700535,0.96003377427526,0.5116342418029849,0.5116342418029849,0.5116342418029849,0.5116342418029849,0.5116342418029849,0.5116342418029849,0.5116342418029849,0.5116342418029849,0.5116342418029849,0.5116342418029849,0.511233535513046,0.511233535513046,0.5100626760968318,0.5090209068537241,0.5062994071146245,0.5038186646378487,0.4938135682080319,0.44586284703568096,0.2759624966665263,0.49387631871943205,0.9973459792258882,0.9973459792258882,0.9973459792258882,0.9973459792258882,0.9973459792258882,0.9973459792258882,0.9973459792258882,0.9973459792258882,0.9973459792258882,0.9973459792258882,0.9960089657045381,0.9960089657045381,0.9946647049109435,0.9906954636549257,0.9840386638525908,0.9775223694173392,0.9550633994872196,0.8660964033095542,0.5438251780958328,0.9619675740208614,0.938044724111682,0.938044724111682,0.938044724111682,0.938044724111682,0.938044724111682,0.938044724111682,0.938044724111682,0.938044724111682,0.938044724111682,0.938044724111682,0.9386048244819539,0.9386048244819539,0.9390195953393017,0.9400222348742926,0.9414449616181628,0.94252657701315,0.945221610613311,0.9518502668239133,0.9673555789682899,0.9413209323858499,0.713812530847502,0.713812530847502,0.713812530847502,0.713812530847502,0.713812530847502,0.713812530847502,0.713812530847502,0.713812530847502,0.713812530847502,0.713812530847502,0.7129010324948896,0.7129010324948896,0.7111577264262472,0.7084004297737277,0.7031260650167399,0.6979414072655443,0.6791354720004361,0.5993714480436289,0.3365804146822248,0.6841915966670182,746.0,746.0,746.0,746.0,746.0,746.0,746.0,746.0,746.0,746.0,745.0,745.0,744.0,741.0,736.0,731.0,714.0,647.0,381.0,718.1052631578947,2.0,2.0,2.0,2.0,2.0,2.0,2.0,2.0,2.0,2.0,3.0,3.0,4.0,7.0,12.0,17.0,34.0,101.0,367.0,29.894736842105264,2.0,2.0,2.0,2.0,2.0,2.0,2.0,2.0,2.0,2.0,3.0,3.0,4.0,7.0,12.0,17.0,34.0,101.0,367.0,29.894736842105264,0.9906417112299465,0.938044724111682,0.9946524064171123,0.9973262032085561,0.9973262032085561,1.0,0.0,0.0,0.9288520911595117,0.9973262032085561,0.004640371229698376,0.9940145437771127,699.7813641873148,746,2,2,3,2,0,0,3.0,431,0.6096256684491979,0.6096256684491979,0.6096256684491979,456,292,292,748,748,5,2
fencing_011_fencing_aria03_rgb,0.7033325746820731,0.9210083713167878,0.6477751891019792,0.7033325746820731,0.7033325746820731,0.7033325746820731,0.7033325746820731,0.7033325746820731,0.7008858643346121,0.7008858643346121,0.7008858643346121,0.7008858643346121,0.7008858643346121,0.7008858643346121,0.699601010847507,0.697164116798861,0.697164116798861,0.6851100822332897,0.67435339576265,0.610369861484164,0.4503952672984636,0.1413974756523111,0.6514491255944288,0.8725925925925926,0.8725925925925926,0.8725925925925926,0.8725925925925926,0.8725925925925926,0.8698224852071006,0.8698224852071006,0.8698224852071006,0.8698224852071006,0.8698224852071006,0.8698224852071006,0.8670605612998523,0.8643067846607669,0.8643067846607669,0.8506588579795022,0.8372093023255814,0.7629009762900977,0.5662949194547707,0.15857011915673694,0.8080634831596654,0.5669045495093666,0.5669045495093666,0.5669045495093666,0.5669045495093666,0.5669045495093666,0.5647600552739379,0.5647600552739379,0.5647600552739379,0.5647600552739379,0.5647600552739379,0.5647600552739379,0.564483723772545,0.5623440824228884,0.5623440824228884,0.5517791537404002,0.5431766000609595,0.48833515670654043,0.3582159928260778,0.12608457524764674,0.525255076125811,0.9983050847457627,0.9983050847457627,0.9983050847457627,0.9983050847457627,0.9983050847457627,0.9966101694915255,0.9966101694915255,0.9966101694915255,0.9966101694915255,0.9966101694915255,0.9966101694915255,0.9949152542372881,0.9932203389830508,0.9932203389830508,0.9847457627118644,0.976271186440678,0.9271186440677966,0.7745762711864407,0.29322033898305083,0.9425512934879573,0.8738872403560831,0.8738872403560831,0.8738872403560831,0.8738872403560831,0.8738872403560831,0.8724035608308606,0.8724035608308606,0.8724035608308606,0.8724035608308606,0.8724035608308606,0.8724035608308606,0.870919881305638,0.8694362017804155,0.8694362017804155,0.8620178041543026,0.8545994065281899,0.8115727002967359,0.6780415430267063,0.25667655786350146,0.8250819928158676,0.5669045495093666,0.5669045495093666,0.5669045495093666,0.5669045495093666,0.5669045495093666,0.565548253199585,0.565548253199585,0.565548253199585,0.565548253199585,0.565548253199585,0.565548253199585,0.5654404758467357,0.5640828368137907,0.5640828368137907,0.5573120569444849,0.551789077212806,0.514315371982772,0.41096688053999925,0.15484471441167827,0.5321392903847579,1.0,1.0,1.0,1.0,1.0,0.9983035397781942,0.9983035397781942,0.9983035397781942,0.9983035397781942,0.9983035397781942,0.9983035397781942,0.996606231232818,0.9949066585365166,0.9949066585365166,0.9864491642571703,0.9779891554085103,0.9302058147077903,0.7890692164709247,0.41828148233145435,0.9514860852710982,0.9210083713167878,0.9210083713167878,0.9210083713167878,0.9210083713167878,0.9210083713167878,0.9221066532529066,0.9221066532529066,0.9221066532529066,0.9221066532529066,0.9221066532529066,0.9221066532529066,0.922719541145753,0.9232320284634871,0.9232320284634871,0.9248666007700129,0.9261587478793332,0.9311987086388437,0.940586947571394,0.9631860036677212,0.9259401254053374,0.7522922931551982,0.7522922931551982,0.7522922931551982,0.7522922931551982,0.7522922931551982,0.7502303742242129,0.7502303742242129,0.7502303742242129,0.7502303742242129,0.7502303742242129,0.7502303742242129,0.7494087453119109,0.7473497040670946,0.7473497040670946,0.737131049134818,0.7282085304281505,0.6728630085956596,0.5267500431918085,0.19227730467907272,0.7033779895050989,589.0,589.0,589.0,589.0,589.0,588.0,588.0,588.0,588.0,588.0,588.0,587.0,586.0,586.0,581.0,576.0,547.0,457.0,173.0,556.1052631578947,1.0,1.0,1.0,1.0,1.0,2.0,2.0,2.0,2.0,2.0,2.0,3.0,4.0,4.0,9.0,14.0,43.0,133.0,417.0,33.89473684210526,85.0,85.0,85.0,85.0,85.0,86.0,86.0,86.0,86.0,86.0,86.0,87.0,88.0,88.0,93.0,98.0,127.0,217.0,501.0,117.89473684210526,0.8491525423728814,0.9221066532529066,0.8508474576271187,0.9966101694915255,0.8724035608308606,1.0,0.0,0.0,0.7715232408689985,0.930379746835443,0.14309484193011648,0.8508474576271187,542.1987121127091,588,2,86,1,1,0,0,1.0,601,0.6360759493670886,0.6813559322033899,0.5964391691394659,402,188,272,674,590,6,1
fencing_014_fencing_aria03_rgb,0.9131008425221223,0.9219327465456151,0.8418175676195354,0.9131008425221223,0.9131008425221223,0.9131008425221223,0.9131008425221223,0.9131008425221223,0.9131008425221223,0.9131008425221223,0.9131008425221223,0.9131008425221223,0.9131008425221223,0.9131008425221223,0.9131008425221223,0.902583382311675,0.876790786510056,0.8566567549376474,0.8272558662894385,0.7941145457338069,0.6449917789877351,0.18024917147093045,0.844202757710882,0.8337531486146096,0.8337531486146096,0.8337531486146096,0.8337531486146096,0.8337531486146096,0.8337531486146096,0.8337531486146096,0.8337531486146096,0.8337531486146096,0.8337531486146096,0.8337531486146096,0.8337531486146096,0.8245614035087719,0.801980198019802,0.7843137254901961,0.7584541062801933,0.7292161520190024,0.5964912280701754,0.17041800643086816,0.7721301370102275,1.0,1.0,1.0,1.0,1.0,1.0,1.0,1.0,1.0,1.0,1.0,1.0,0.9879879879879881,0.9585798816568047,0.935672514619883,0.9022988505747126,0.8647887323943662,0.6974358974358974,0.1906474820143885,0.9230216498254759,1.0,1.0,1.0,1.0,1.0,1.0,1.0,1.0,1.0,1.0,1.0,1.0,0.9939577039274925,0.9788519637462235,0.9667673716012085,0.9486404833836858,0.9274924471299094,0.8217522658610272,0.3202416918429003,0.9451423119732866,0.8337531486146096,0.8337531486146096,0.8337531486146096,0.8337531486146096,0.8337531486146096,0.8337531486146096,0.8337531486146096,0.8337531486146096,0.8337531486146096,0.8337531486146096,0.8337531486146096,0.8337531486146096,0.8287153652392947,0.8161209068010076,0.8060453400503779,0.7909319899244333,0.7732997481108312,0.6851385390428212,0.26700251889168763,0.7880153784966195,1.0,1.0,1.0,1.0,1.0,1.0,1.0,1.0,1.0,1.0,1.0,1.0,0.9939577039274925,0.9788519637462235,0.9667673716012086,0.9486404833836858,0.9274924471299093,0.8217522658610272,0.3202416918429003,0.9451423119732866,1.0,1.0,1.0,1.0,1.0,1.0,1.0,1.0,1.0,1.0,1.0,1.0,0.9939577039274925,0.9788519637462235,0.9667673716012086,0.9486404833836858,0.9274924471299093,0.8217522658610272,0.3202416918429003,0.9451423119732866,0.9219327465456151,0.9219327465456151,0.9219327465456151,0.9219327465456151,0.9219327465456151,0.9219327465456151,0.9219327465456151,0.9219327465456151,0.9219327465456151,0.9219327465456151,0.9219327465456151,0.9219327465456151,0.9237569074814477,0.927654689277387,0.9301937603432243,0.9331055411959922,0.9354255502090534,0.9422885948570229,0.967253194770901,0.9275195366674953,1.0,1.0,1.0,1.0,1.0,1.0,1.0,1.0,1.0,1.0,1.0,1.0,0.9909683506795177,0.9686628926346801,0.9510928754010082,0.9251795597427234,0.8955919928509986,0.757046583118085,0.24708960355684065,0.9334543083149397,331.0,331.0,331.0,331.0,331.0,331.0,331.0,331.0,331.0,331.0,331.0,331.0,329.0,324.0,320.0,314.0,307.0,272.0,106.0,312.8421052631579,0.0,0.0,0.0,0.0,0.0,0.0,0.0,0.0,0.0,0.0,0.0,0.0,2.0,7.0,11.0,17.0,24.0,59.0,225.0,18.157894736842106,66.0,66.0,66.0,66.0,66.0,66.0,66.0,66.0,66.0,66.0,66.0,66.0,68.0,73.0,77.0,83.0,90.0,125.0,291.0,84.15789473684211,0.8006042296072508,0.9219327465456151,0.8006042296072508,1.0,0.8337531486146096,1.0,0.0,0.0,0.7225369761528658,0.9093406593406593,0.19939577039274925,0.8006042296072508,305.1597391065986,331,0,66,0,1,0,0,0.0,331,0.9093406593406593,1.0,0.8337531486146096,331,0,66,397,331,3,1
legoassemble_001_legoassemble_aria02_rgb,0.6233804968715639,0.8528087440987736,0.5316243386327079,0.6233804968715639,0.6223002612552027,0.6202300673532547,0.6179754605832589,0.6164145812451822,0.6155616948500119,0.6137260641944781,0.6113457822148016,0.6073126383635097,0.6036243387206796,0.6010438571309515,0.5959132842073637,0.5892800707790053,0.5674384845420452,0.5545822056200268,0.5287145858895524,0.46730894551795327,0.3208280348793188,0.07235917059479843,0.54996526446384,0.9144620811287478,0.909410729991205,0.9060579455662863,0.8977272727272727,0.8894691035683203,0.8845486111111112,0.8764044943820225,0.8667239896818573,0.8523890784982935,0.838272650296359,0.8274410774410774,0.810675562969141,0.7883031301482701,0.7437751004016064,0.7121451104100947,0.6434519303557911,0.5277973258268824,0.3101991550995776,0.06683046683046683,0.7508465692860201,0.42495282406917667,0.4258335671518179,0.4245703471079817,0.42540054366724067,0.4271839622616953,0.42837238723448995,0.4297783549561072,0.4312141695408884,0.4326998667859932,0.4346585113652017,0.43659147224362554,0.43804532727517753,0.4405044056491263,0.43290832613986946,0.43188027031915155,0.4344366690729986,0.4137528552631002,0.33182110999458875,0.07834524906805247,0.40647106416664647,0.9628597957288765,0.9600742804085423,0.958217270194986,0.9535747446610956,0.9489322191272052,0.9461467038068709,0.9415041782729805,0.935933147632312,0.9275766016713092,0.9192200557103064,0.9127205199628597,0.9025069637883009,0.8885793871866295,0.8597957288765088,0.8384401114206128,0.7892293407613742,0.6963788300835655,0.47725162488393685,0.12627669452181986,0.8392220104578997,0.9478976234003657,0.9451553930530164,0.943327239488117,0.9387568555758684,0.9341864716636198,0.9314442413162706,0.926873857404022,0.9213893967093236,0.9131627056672761,0.9049360146252285,0.8985374771480804,0.8884826325411335,0.8747714808043876,0.8464351005484461,0.8254113345521024,0.7769652650822669,0.6855575868372943,0.46983546617915906,0.12431444241316271,0.8261810834215337,0.4381247984723514,0.43906410412123387,0.4382234294515522,0.43919203883969643,0.4410501508722099,0.44227924153159126,0.4437879167855377,0.4453520952447069,0.4472283175605054,0.4495533908279925,0.45161946572943834,0.4536889727961384,0.4568949793750233,0.45308698078286824,0.4538433276146055,0.45953257254166896,0.4491976535110556,0.39811687414479346,0.12312191043240164,0.42752411687554587,0.9580843390582046,0.9590484536874198,0.9573303215604229,0.9532597243110864,0.9502695838016277,0.9495507176760846,0.9484708225013143,0.9449082689340428,0.9386633875751462,0.9344267354732089,0.9309086888904103,0.9236640924818591,0.916162491752125,0.8883760122048289,0.8738182072285391,0.8412392304639627,0.7650932322862136,0.6006259973561735,0.18456449211658504,0.8641297262820661,0.8528087440987736,0.8550997800818579,0.8564702628069244,0.8597807019842504,0.8628515445376389,0.8645802217747318,0.8672302593677339,0.8701918965338437,0.8741439944214198,0.8777481685370656,0.8803316788296089,0.8837664111836192,0.887788446754909,0.8950040002785898,0.8992725083938125,0.9068589542356918,0.9172625131379638,0.9348542433507595,0.9605886721339543,0.8845596317075342,0.6396639659834347,0.6393996055340386,0.6378327672764609,0.6369075402334159,0.6366856565720189,0.6366342138023947,0.6361117173283818,0.6352854752015483,0.633531587197497,0.6320971610694669,0.6312574716845357,0.6287598574342775,0.6256381820387172,0.6100923944863912,0.6017522263911899,0.5855511642333657,0.5367762376371112,0.397947438634437,0.09946446141111083,0.5832310065341998,1037.0,1034.0,1032.0,1027.0,1022.0,1019.0,1014.0,1008.0,999.0,990.0,983.0,972.0,957.0,926.0,903.0,850.0,750.0,514.0,136.0,903.8421052631579,40.0,43.0,45.0,50.0,55.0,58.0,63.0,69.0,78.0,87.0,94.0,105.0,120.0,151.0,174.0,227.0,327.0,563.0,941.0,173.1578947368421,57.0,60.0,62.0,67.0,72.0,75.0,80.0,86.0,95.0,104.0,111.0,122.0,137.0,168.0,191.0,244.0,344.0,580.0,958.0,190.1578947368421,0.819870009285051,0.8774898946386714,0.8263695450324977,0.9210770659238626,0.906764168190128,1.0,0.0,0.0,0.7070287608928153,0.9138645785352372,0.16971713810316139,0.8255848671866163,870.4699754815621,992,85,102,7,2,0,0,17.0,601,0.596038691847075,0.6007428040854225,0.5914076782449725,647,430,447,1094,1077,16,2
legoassemble_003_legoassemble_aria01_rgb,0.4233665090784749,0.8524437188856111,0.36089612145047395,0.4233665090784749,0.4233665090784749,0.4225134381099721,0.4225134381099721,0.4225134381099721,0.42166893499886093,0.41991905438437016,0.41908274121010647,0.41396412372075514,0.4117121883747357,0.40460971852973643,0.3938562216365853,0.3787773067500871,0.3554694227259306,0.3192699545014759,0.2805841842842244,0.2223822531396021,0.1455275416066363,0.03862936383869515,0.35472243906256146,0.9269183922046285,0.9269183922046285,0.9245742092457421,0.9245742092457421,0.9245742092457421,0.9222357229647631,0.9199029126213593,0.9175757575757576,0.9060240963855422,0.9014423076923077,0.8810939357907254,0.8502923976608188,0.8246828143021915,0.773542600896861,0.6919786096256685,0.5995955510616785,0.4540441176470588,0.2676282051282051,0.06103286384976526,0.7683490160710097,0.1933710696828261,0.1933710696828261,0.1930808837174271,0.1930808837174271,0.1930808837174271,0.1927974446397228,0.191685459210676,0.19140691384893802,0.18914099129541345,0.1880396833051375,0.18580201006807995,0.182434564566959,0.17397264211240918,0.1633504222606534,0.1473070156063294,0.13130098168848012,0.10891863717500673,0.0791331592121465,0.02444957775954057,0.16398548911933822,0.9743918053777209,0.9743918053777209,0.9731113956466069,0.9731113956466069,0.9731113956466069,0.971830985915493,0.970550576184379,0.969270166453265,0.9628681177976952,0.9603072983354674,0.9487836107554417,0.9308578745198464,0.9154929577464789,0.8834827144686299,0.8284250960307298,0.7592829705505761,0.6325224071702945,0.42765685019206146,0.11651728553137004,0.8497877215445784,0.9500624219725343,0.9500624219725343,0.9488139825218477,0.9488139825218477,0.9488139825218477,0.947565543071161,0.9463171036204744,0.9450686641697877,0.9388264669163545,0.9363295880149812,0.9250936329588015,0.9076154806491885,0.8926342072409488,0.8614232209737828,0.8077403245942572,0.7403245942571786,0.616729088639201,0.41697877652933835,0.1136079900124844,0.8285695512188711,0.19604109808740094,0.19604109808740094,0.1957687610567537,0.1957687610567537,0.1957687610567537,0.1955013853841648,0.19463148010115533,0.19436758964987003,0.19260530785160307,0.1917370644330831,0.18995257899537185,0.18736704756070757,0.18027370894090133,0.1710466828888395,0.15634868552125628,0.14095861256337536,0.11859532655765631,0.08879824111159819,0.02888687104258735,0.1689715295761702,0.9139099584417114,0.9139099584417114,0.913128176128965,0.913128176128965,0.913128176128965,0.9123655841556554,0.9109404107062254,0.9101942204276169,0.9039771564563162,0.9015351775366347,0.8944573646961221,0.8782710955309835,0.8635935516417159,0.8335633745680981,0.7919860577314065,0.7425556333641298,0.6559012516697219,0.4819660452459043,0.17028324299260267,0.8115155058943921,0.8524437188856111,0.8524437188856111,0.8533916273176796,0.8533916273176796,0.8533916273176796,0.8541858067649724,0.8548755170436593,0.8555199184461455,0.8583538594332063,0.8594410476057195,0.8635165097870335,0.8689342231260143,0.8731300602358533,0.880243146077842,0.8905547365285111,0.9011493785187644,0.9165845343637666,0.935554265700823,0.9636110780209839,0.8758271790198714,0.4340727884768521,0.4340727884768521,0.4334618878597583,0.4334618878597583,0.4334618878597583,0.43285855739052853,0.43132404626114795,0.43072614414110727,0.42675265703567095,0.4249422081349574,0.4198641470738027,0.4120930125733184,0.39908736975060877,0.3798911350221784,0.3493319747026797,0.3157445160452292,0.2624756723424919,0.18396151123105475,0.05337413636706287,0.37320833308446416,761.0,761.0,760.0,760.0,760.0,759.0,758.0,757.0,752.0,750.0,741.0,727.0,715.0,690.0,647.0,593.0,494.0,334.0,91.0,663.6842105263158,20.0,20.0,21.0,21.0,21.0,22.0,23.0,24.0,29.0,31.0,40.0,54.0,66.0,91.0,134.0,188.0,287.0,447.0,690.0,117.3157894736842,40.0,40.0,41.0,41.0,41.0,42.0,43.0,44.0,49.0,51.0,60.0,74.0,86.0,111.0,154.0,208.0,307.0,467.0,710.0,137.31578947368422,0.8758002560819462,0.8594410476057195,0.8950064020486556,0.9603072983354674,0.9363295880149812,1.0,0.0,0.0,0.7408204682513311,0.9481668773704172,0.08485856905158069,0.8935005233558826,644.5807857042896,750,31,51,15,2,0,0,17.0,601,0.29077117572692796,0.29449423815621,0.28714107365792757,230,551,571,801,781,20,2
legoassemble_003_legoassemble_aria02_rgb,0.7462702488948757,0.8718268054532131,0.6506184070987937,0.7462702488948757,0.7462702488948757,0.7462702488948757,0.7462702488948757,0.7462702488948757,0.7462702488948757,0.7462702488948757,0.745819024316141,0.7453712549674256,0.7440508082409786,0.7436109586113911,0.7397787826567696,0.7261783601288345,0.7104319082869781,0.675145050414313,0.5776864317928125,0.4585132305888007,0.2649449172230974,0.050114215906487514,0.6529229834420085,0.9617834394904459,0.9617834394904459,0.9617834394904459,0.9617834394904459,0.9617834394904459,0.9617834394904459,0.9617834394904459,0.96,0.9582198001816531,0.9528985507246377,0.951131221719457,0.9388489208633094,0.9164444444444444,0.8846153846153846,0.8240270727580372,0.6949685534591195,0.5334281650071123,0.28870292887029286,0.05222059541239629,0.8256836691836299,0.57904852747379,0.57904852747379,0.57904852747379,0.57904852747379,0.57904852747379,0.57904852747379,0.57904852747379,0.5794229344082088,0.5798025751778372,0.5809764374424288,0.5813680017435604,0.5829187583939412,0.5754140514639464,0.5705456914834438,0.5531624556621698,0.48019671079569576,0.3941193892942935,0.24314200564931288,0.04809279971032031,0.5169737633442993,0.9697247706422019,0.9697247706422019,0.9697247706422019,0.9697247706422019,0.9697247706422019,0.9697247706422019,0.9697247706422019,0.9688073394495413,0.9678899082568807,0.9651376146788991,0.9642201834862385,0.9577981651376147,0.9458715596330275,0.9284403669724771,0.8935779816513761,0.8110091743119267,0.6880733944954128,0.44311926605504587,0.0981651376146789,0.8642201834862387,0.9915572232645403,0.9915572232645403,0.9915572232645403,0.9915572232645403,0.9915572232645403,0.9915572232645403,0.9915572232645403,0.9906191369606003,0.9896810506566605,0.9868667917448405,0.9859287054409006,0.9793621013133208,0.9671669793621013,0.949343339587242,0.9136960600375235,0.8292682926829268,0.7035647279549718,0.4530956848030019,0.10037523452157598,0.8836772983114447,0.5790962312266172,0.5790962312266172,0.5790962312266172,0.5790962312266172,0.5790962312266172,0.5790962312266172,0.5790962312266172,0.5794761385379782,0.5798606428106404,0.5810496441150079,0.5814448919478681,0.5832416737630071,0.5796962529572527,0.5787090006300541,0.5713612850925999,0.5266998641667109,0.46606246576088256,0.33265474865875017,0.07842273592836867,0.5311764717344969,0.9931017099044592,0.9931017099044592,0.9931017099044592,0.9931017099044592,0.9931017099044592,0.9931017099044592,0.9931017099044592,0.9923607927698217,0.9916571595141049,0.9892581251783078,0.9886265332664984,0.9831556072431231,0.9709913810664815,0.9554897445403264,0.9264790183151079,0.8535766071624578,0.7401935335793002,0.5055519868662312,0.12421199920282647,0.8933297083176739,0.8718268054532131,0.8718268054532131,0.8718268054532131,0.8718268054532131,0.8718268054532131,0.8718268054532131,0.8718268054532131,0.8723148529465365,0.8727277426929773,0.8738405878000077,0.8741920742439395,0.8761298631661785,0.8792126281277003,0.8830893069264151,0.8893066718293674,0.9007071406952608,0.9138148457183028,0.9333832450530469,0.9600746302541322,0.885872696190861,0.7493448475136303,0.7493448475136303,0.7493448475136303,0.7493448475136303,0.7493448475136303,0.7493448475136303,0.7493448475136303,0.749232401528433,0.7491228612824334,0.748813870743478,0.7487100649211307,0.7472071447824984,0.737745068633442,0.727817045125665,0.7030603037122211,0.6240544350693458,0.5207524037661119,0.32823910048998634,0.06870979771356325,0.6683620226507221,1057.0,1057.0,1057.0,1057.0,1057.0,1057.0,1057.0,1056.0,1055.0,1052.0,1051.0,1044.0,1031.0,1012.0,974.0,884.0,750.0,483.0,107.0,942.0,33.0,33.0,33.0,33.0,33.0,33.0,33.0,34.0,35.0,38.0,39.0,46.0,59.0,78.0,116.0,206.0,340.0,607.0,983.0,148.0,9.0,9.0,9.0,9.0,9.0,9.0,9.0,10.0,11.0,14.0,15.0,22.0,35.0,54.0,92.0,182.0,316.0,583.0,959.0,124.0,0.9467889908256881,0.8738405878000077,0.9522935779816514,0.9651376146788991,0.9868667917448405,1.0,0.0,0.0,0.8250277966656956,0.9758812615955473,0.02329450915141431,0.9515796777519416,919.2802983656081,1052,38,14,6,2,0,0,7.0,601,0.6966604823747681,0.6889908256880733,0.7045028142589118,751,339,315,1066,1090,9,2
legoassemble_003_legoassemble_aria03_rgb,0.6107372239720639,0.8650479277070598,0.5283169699705963,0.6107372239720639,0.6107372239720639,0.6107372239720639,0.6099181140350578,0.6099181140350578,0.608197731200043,0.608197731200043,0.605495123282883,0.6046154884446435,0.6036686456033424,0.6016116692467904,0.5958836326350573,0.588768130912205,0.569354962669388,0.549842484906369,0.4940944540278909,0.37975931099493154,0.2203233752431789,0.0639163823054195,0.5339882643504471,0.934931506849315,0.934931506849315,0.934931506849315,0.9316239316239316,0.9316239316239316,0.9250425894378195,0.9250425894378195,0.9152542372881356,0.9120135363790186,0.9087837837837838,0.9023569023569024,0.8959731543624161,0.8770764119601329,0.8314424635332253,0.7739403453689168,0.6544655929721815,0.49076517150395776,0.27395715896279593,0.06503298774740811,0.7904836478363327,0.39895966069439576,0.39895966069439576,0.39895966069439576,0.3993028658888584,0.3993028658888584,0.3998783239393156,0.3998783239393156,0.400571042867442,0.4008272621901457,0.4009928876231742,0.4011013819792953,0.39630350743603315,0.3952311420656564,0.3898827492388549,0.39063315411461,0.3730208770677062,0.2938617951338914,0.17718971047271959,0.06281894879072912,0.3619829379326207,0.9595782073813708,0.9595782073813708,0.9595782073813708,0.9578207381370826,0.9578207381370826,0.9543057996485061,0.9543057996485061,0.9490333919156415,0.9472759226713533,0.945518453427065,0.9420035149384886,0.9384885764499121,0.9279437609841827,0.9015817223198594,0.8664323374340949,0.7855887521968365,0.6537785588752196,0.4270650263620387,0.12126537785588752,0.8478401627971509,0.9732620320855615,0.9732620320855615,0.9732620320855615,0.9714795008912656,0.9714795008912656,0.9679144385026738,0.9679144385026738,0.9625668449197861,0.9607843137254902,0.9590017825311943,0.9554367201426025,0.9518716577540107,0.9411764705882353,0.9144385026737968,0.8787878787878788,0.7967914438502673,0.6631016042780749,0.43315508021390375,0.12299465240641712,0.8599305751008536,0.40367748821506044,0.40367748821506044,0.40367748821506044,0.4040469659205407,0.4040469659205407,0.4046862669639152,0.4046862669639152,0.40548951839093134,0.405777996161601,0.405984279262531,0.4062176745454719,0.40287774149890143,0.4027131425482713,0.40006371959689746,0.4028455657182692,0.39486839924245365,0.3350668252542204,0.2263178059046181,0.08295698883786344,0.37366729407242755,0.9840957102861865,0.9840957102861865,0.9840957102861865,0.9823336025170887,0.9823336025170887,0.9789263325174927,0.9789263325174927,0.97376810432366,0.9721733636390408,0.9705948223606217,0.9668619131427374,0.9631910974729733,0.9529310045923188,0.9277238838324523,0.9061060940966577,0.8562287541746009,0.7262982107973927,0.4943043957626173,0.23034820744729376,0.8850177290826362,0.8650479277070598,0.8650479277070598,0.8650479277070598,0.8662720817798814,0.8662720817798814,0.868395653995237,0.868395653995237,0.8710668177590916,0.8718507582765372,0.8725822915212459,0.8738243359715475,0.8748597277040936,0.8776938558463132,0.8834947688746642,0.8897930694521355,0.9015939377868241,0.9156939743522949,0.9362936048007924,0.9625077933275189,0.8839860100181303,0.6187349966072779,0.6187349966072779,0.6187349966072779,0.6184339623160413,0.6184339623160413,0.6177428297350063,0.6177428297350063,0.6165673487265396,0.6161931634017069,0.615748467266234,0.6146860269041273,0.6098576182485137,0.6056007533239032,0.5928837664851085,0.5817707424740218,0.5413326198918635,0.43831557231191376,0.27508458403573616,0.08727980042150311,0.5538883703902686,546.0,546.0,546.0,545.0,545.0,543.0,543.0,540.0,539.0,538.0,536.0,534.0,528.0,513.0,493.0,447.0,372.0,243.0,69.0,482.42105263157896,23.0,23.0,23.0,24.0,24.0,26.0,26.0,29.0,30.0,31.0,33.0,35.0,41.0,56.0,76.0,122.0,197.0,326.0,500.0,86.57894736842105,15.0,15.0,15.0,16.0,16.0,18.0,18.0,21.0,22.0,23.0,25.0,27.0,33.0,48.0,68.0,114.0,189.0,318.0,492.0,78.57894736842105,0.8927943760984183,0.8725822915212459,0.9050966608084359,0.945518453427065,0.9590017825311943,1.0,0.0,0.0,0.7723185814383661,0.952212389380531,0.03826955074875208,0.9036114269947025,469.4492728384303,538,31,23,7,2,0,0,9.0,601,0.552212389380531,0.5483304042179262,0.5561497326203209,312,257,249,561,569,12,2
legoassemble_004_legoassemble_aria01_rgb,0.608582680409802,0.8750086688664118,0.5325151210805338,0.608582680409802,0.608582680409802,0.608582680409802,0.608582680409802,0.608582680409802,0.608582680409802,0.608582680409802,0.6082439733550578,0.6075624330689641,0.6055941168502876,0.6016904829549156,0.5954362890247228,0.5822793231277904,0.5593577316252346,0.5295286121839409,0.48085217162011046,0.409323139508423,0.28618563539448844,0.06911978903950936,0.5365922347695821,0.9427312775330396,0.9427312775330396,0.9427312775330396,0.9427312775330396,0.9427312775330396,0.9427312775330396,0.9427312775330396,0.9405940594059405,0.9384615384615385,0.9299781181619255,0.9215686274509803,0.9090909090909091,0.8785942492012779,0.8336798336798337,0.7657657657657657,0.6704545454545454,0.5446584938704028,0.35901386748844377,0.07560975609756097,0.8087678266768633,0.39287216593044333,0.39287216593044333,0.39287216593044333,0.39287216593044333,0.39287216593044333,0.39287216593044333,0.39287216593044333,0.39332667203576394,0.3933374943440028,0.3943579178922393,0.3928426234298829,0.3899988117162866,0.3858996464527105,0.375301235904774,0.3661701314644824,0.3448687349789204,0.3076155690631679,0.22813107047677877,0.0631868886166185,0.3571127346257226,0.9628796400449944,0.9628796400449944,0.9628796400449944,0.9628796400449944,0.9628796400449944,0.9628796400449944,0.9628796400449944,0.9617547806524185,0.9606299212598425,0.9561304836895388,0.9516310461192351,0.9448818897637795,0.9280089988751407,0.9021372328458943,0.8605174353205849,0.796400449943757,0.6996625421822272,0.5241844769403825,0.13948256467941508,0.8613462790835357,0.9782857142857143,0.9782857142857143,0.9782857142857143,0.9782857142857143,0.9782857142857143,0.9782857142857143,0.9782857142857143,0.9771428571428571,0.976,0.9714285714285714,0.9668571428571429,0.96,0.9428571428571428,0.9165714285714286,0.8742857142857143,0.8091428571428572,0.7108571428571429,0.5325714285714286,0.1417142857142857,0.8751278195488723,0.39642479518535423,0.39642479518535423,0.39642479518535423,0.39642479518535423,0.39642479518535423,0.39642479518535423,0.39642479518535423,0.3968794299373111,0.39692964004262415,0.3980058127929835,0.39708896546275535,0.3952446015424165,0.3931005811326634,0.3862566334805658,0.3811186719760741,0.36685384079125094,0.33940658296067905,0.2679050387810718,0.08370437017994857,0.36723514396725393,0.9760626515555466,0.9760626515555466,0.9760626515555466,0.9760626515555466,0.9760626515555466,0.9760626515555466,0.9760626515555466,0.977193141591417,0.9760345074871136,0.9719318649567107,0.9696930284328023,0.9627270037849474,0.9473584731894793,0.9225764452808726,0.8852865210324481,0.8314459042817135,0.7557968612696848,0.6127347839480407,0.2120230684122509,0.8872231665555951,0.8750086688664118,0.8750086688664118,0.8750086688664118,0.8750086688664118,0.8750086688664118,0.8750086688664118,0.8750086688664118,0.8755677975761456,0.8760994997900039,0.8779629121546473,0.879616307364272,0.8816675525791551,0.8862936656768345,0.8922854291939486,0.900187368582418,0.9102645691020754,0.9219622555863632,0.9360983800141219,0.9635446373188218,0.890874266158089,0.615051713041109,0.615051713041109,0.615051713041109,0.615051713041109,0.615051713041109,0.615051713041109,0.615051713041109,0.6150478088640767,0.6146964830062257,0.6140501826244384,0.6114255773966315,0.6070443264046813,0.5984298994626276,0.5818704481607371,0.5613339312911859,0.5240740555577489,0.46392573874012266,0.3458074115049008,0.09388007924133046,0.5545762070285509,856.0,856.0,856.0,856.0,856.0,856.0,856.0,855.0,854.0,850.0,846.0,840.0,825.0,802.0,765.0,708.0,622.0,466.0,124.0,765.7368421052631,33.0,33.0,33.0,33.0,33.0,33.0,33.0,34.0,35.0,39.0,43.0,49.0,64.0,87.0,124.0,181.0,267.0,423.0,765.0,123.26315789473684,19.0,19.0,19.0,19.0,19.0,19.0,19.0,20.0,21.0,25.0,29.0,35.0,50.0,73.0,110.0,167.0,253.0,409.0,751.0,109.26315789473684,0.9190101237345332,0.8779629121546473,0.9280089988751407,0.9561304836895388,0.9714285714285714,1.0,0.0,0.0,0.8023267439048933,0.963718820861678,0.04159733777038269,0.9269931496209314,746.2684753314502,850,39,25,8,2,0,0,9.0,601,0.5532879818594104,0.5489313835770528,0.5577142857142857,488,401,387,875,889,10,2
legoassemble_004_legoassemble_aria02_rgb,0.8764881316206902,0.8747780290330898,0.7667325602500427,0.8764881316206902,0.8764881316206902,0.8764881316206902,0.8764881316206902,0.8764881316206902,0.8764881316206902,0.8747244309885334,0.8747244309885334,0.8712439065125591,0.8638212674116216,0.853674977047728,0.8371129535971034,0.8217769524676697,0.7839176823981742,0.7257369114904777,0.650928175759286,0.5399349954010403,0.310627393335158,0.08563540992919137,0.7554099093184852,0.9775700934579439,0.9775700934579439,0.9775700934579439,0.9775700934579439,0.9775700934579439,0.9775700934579439,0.9757236227824463,0.9757236227824463,0.9720410065237651,0.9628942486085343,0.9520295202952029,0.9341864716636198,0.9166666666666666,0.875886524822695,0.8100940975192472,0.7147487844408428,0.5755770662695457,0.3200249532127261,0.07739307535641547,0.838337380089043,0.7858581701844773,0.7858581701844773,0.7858581701844773,0.7858581701844773,0.7858581701844773,0.7858581701844773,0.784179876660437,0.784179876660437,0.780899097405215,0.7749419867352259,0.7654814802501781,0.7501265735866853,0.7367098468440553,0.7016056479472872,0.6501640566356843,0.5928061708125657,0.506500026396459,0.301505793599966,0.09475555015701732,0.6810002634104252,0.9924098671726755,0.9924098671726755,0.9924098671726755,0.9924098671726755,0.9924098671726755,0.9924098671726755,0.99146110056926,0.99146110056926,0.9895635673624289,0.9848197343453511,0.9791271347248577,0.969639468690702,0.9601518026565465,0.937381404174573,0.8984819734345351,0.8368121442125237,0.7333965844402277,0.48671726755218214,0.1442125237191651,0.8872465794467194,0.9849340866290018,0.9849340866290018,0.9849340866290018,0.9849340866290018,0.9849340866290018,0.9849340866290018,0.9839924670433146,0.9839924670433146,0.9821092278719398,0.9774011299435028,0.9717514124293786,0.9623352165725048,0.9529190207156308,0.9303201506591338,0.891713747645951,0.8305084745762712,0.7278719397363466,0.4830508474576271,0.1431261770244821,0.8805629893943897,0.78967239916108,0.78967239916108,0.78967239916108,0.78967239916108,0.78967239916108,0.78967239916108,0.7887274216358338,0.7887274216358338,0.7868835218133677,0.7837564808760823,0.7783497931652784,0.7693903333883615,0.7617146625162293,0.7407576465247383,0.7087978145724801,0.6733425085683753,0.6142923291553586,0.4284757036492277,0.16104228205408724,0.7116995955011438,0.9889720244107526,0.9889720244107526,0.9889720244107526,0.9889720244107526,0.9889720244107526,0.9889720244107526,0.9880219323940947,0.9880219323940947,0.9861093366498327,0.9814508640693275,0.9757254977978377,0.9662782617698936,0.956804676930137,0.9339786159936299,0.8952182972982767,0.8346192217351069,0.7382552597083468,0.5030598586116695,0.1864748065509861,0.8877816162298816,0.8747780290330898,0.8747780290330898,0.8747780290330898,0.8747780290330898,0.8747780290330898,0.8747780290330898,0.875281311014499,0.875281311014499,0.8761062318440392,0.87809394971204,0.8800733151650271,0.8830522183226497,0.8855422223093377,0.8905888913262151,0.8974740093377349,0.9064114365693523,0.9175785340314827,0.9377450792532636,0.9628655017318438,0.8902506413595012,0.8831157355009246,0.8831157355009246,0.8831157355009246,0.8831157355009246,0.8831157355009246,0.8831157355009246,0.8817504429020852,0.8817504429020852,0.8790615999908115,0.8736006876769521,0.8657388107520071,0.8528495367081876,0.8410429760019091,0.8109698437362756,0.7643040524962775,0.7043205256842077,0.6094796053831893,0.38307711496789737,0.11689712154087199,0.7770282723025422,1046.0,1046.0,1046.0,1046.0,1046.0,1046.0,1045.0,1045.0,1043.0,1038.0,1032.0,1022.0,1012.0,988.0,947.0,882.0,773.0,513.0,152.0,935.1578947368421,8.0,8.0,8.0,8.0,8.0,8.0,9.0,9.0,11.0,16.0,22.0,32.0,42.0,66.0,107.0,172.0,281.0,541.0,902.0,118.84210526315789,16.0,16.0,16.0,16.0,16.0,16.0,17.0,17.0,19.0,24.0,30.0,40.0,50.0,74.0,115.0,180.0,289.0,549.0,910.0,126.84210526315789,0.9601518026565465,0.87809394971204,0.9620493358633776,0.9848197343453511,0.9774011299435028,1.0,0.0,0.0,0.8400963185968667,0.9810964083175804,0.03993344425956739,0.9617637286568653,911.4615198010976,1038,16,24,2,2,0,0,7.0,601,0.8676748582230623,0.8709677419354839,0.864406779661017,918,136,144,1062,1054,5,2
legoassemble_005_legoassemble_aria01_rgb,0.6412785405695437,0.8349392337525492,0.5354286132850878,0.6412785405695437,0.6412785405695437,0.6408288592290229,0.6408288592290229,0.6387474641702642,0.6382942105010768,0.6376227581238585,0.6376227581238585,0.630730740320404,0.624787007629311,0.6088501282509152,0.5936248002135653,0.5606390998641996,0.5197350003588026,0.46605526347911763,0.40225334275722596,0.30908014668682676,0.19485756808494187,0.05797200850176288,0.530794057719119,0.9274755927475593,0.9274755927475593,0.924791086350975,0.924791086350975,0.9221140472878998,0.9194444444444444,0.9167822468793343,0.9167822468793343,0.9062068965517242,0.8931506849315068,0.8575268817204301,0.828042328042328,0.7786357786357786,0.7146401985111662,0.6258823529411764,0.5253863134657837,0.3806193806193806,0.21977052074139453,0.05015197568389058,0.7452457713438233,0.44339513601295916,0.44339513601295916,0.4440588073152311,0.4440588073152311,0.4424597197970663,0.4431148631338655,0.44346711889479673,0.44346711889479673,0.4389960706532961,0.4370581711330426,0.43228788108360494,0.42557051915657845,0.4036755167444819,0.3779866723992351,0.3470420720377844,0.30797861994534087,0.2509870541024312,0.17276872126383452,0.06701139334791914,0.3794094420654977,0.9353023909985936,0.9353023909985936,0.9338959212376934,0.9338959212376934,0.9324894514767933,0.9310829817158931,0.929676511954993,0.929676511954993,0.9240506329113924,0.9170182841068917,0.8973277074542897,0.8804500703234881,0.8509142053445851,0.810126582278481,0.7482419127988749,0.6694796061884669,0.5358649789029536,0.350210970464135,0.09282700421940929,0.7967281071878007,0.9910581222056631,0.9910581222056631,0.9895678092399404,0.9895678092399404,0.9880774962742176,0.9865871833084948,0.9850968703427719,0.9850968703427719,0.9791356184798807,0.9716840536512668,0.9508196721311475,0.9329359165424739,0.9016393442622951,0.8584202682563339,0.7928464977645305,0.7093889716840537,0.5678092399403875,0.3710879284649776,0.09836065573770492,0.8442230763197113,0.44613662954991246,0.44613662954991246,0.4468041184850656,0.4468041184850656,0.44571835295236334,0.4463783928664537,0.44669539178869777,0.44669539178869777,0.4438690277313733,0.44285404268314565,0.4401646718166571,0.4362151352302156,0.421991298207893,0.4036189658314713,0.37972739937134237,0.346678209152724,0.29483252975919727,0.22211854120232175,0.10125754766319592,0.39498402074293193,0.9151585759609016,0.9151585759609016,0.9164810481580762,0.9164810481580762,0.9148543227405167,0.9147257038926927,0.9149198308774164,0.9149198308774164,0.9090330993991024,0.9050120659063687,0.8945200459264099,0.8822930606513036,0.860537542560776,0.8282759917088615,0.7778655840920369,0.7057085436814486,0.591666590866287,0.42976886839614725,0.16692364103629093,0.8039107353079489,0.8349392337525492,0.8349392337525492,0.8360232831534224,0.8360232831534224,0.8369196930367038,0.8377360013121941,0.8384954193187673,0.8384954193187673,0.8409807525575551,0.843750867193176,0.850564295766573,0.8559165073049809,0.8639337785041739,0.8732650504290462,0.884999719864151,0.8975324410423742,0.9150821622238566,0.9355650668426593,0.9631825055794242,0.8641234060055972,0.6439786726826187,0.6439786726826187,0.6439757052415636,0.6439757052415636,0.6423309282715117,0.6423213432615402,0.6420910871993512,0.6420910871993512,0.6369101953437334,0.6330800377103348,0.6228193103083942,0.6121222047263216,0.5860829561996284,0.5533688200988633,0.5095796540318666,0.4540764310063608,0.36673583469782955,0.24597866074042912,0.07886993656049043,0.5497035391160194,665.0,665.0,664.0,664.0,663.0,662.0,661.0,661.0,657.0,652.0,638.0,626.0,605.0,576.0,532.0,476.0,381.0,249.0,66.0,566.4736842105264,46.0,46.0,47.0,47.0,48.0,49.0,50.0,50.0,54.0,59.0,73.0,85.0,106.0,135.0,179.0,235.0,330.0,462.0,645.0,144.52631578947367,6.0,6.0,7.0,7.0,8.0,9.0,10.0,10.0,14.0,19.0,33.0,45.0,66.0,95.0,139.0,195.0,290.0,422.0,605.0,104.52631578947368,0.8790436005625879,0.8431524573886092,0.8931082981715893,0.9184247538677919,0.9731743666169895,1.0,0.0,0.0,0.7349909348449533,0.9450072358900145,0.04851752021563342,0.8917018284106891,550.5785546747618,653,58,18,10,2,0,0,12.0,371,0.6280752532561505,0.6104078762306611,0.646795827123696,434,277,237,671,711,10,2
legoassemble_005_legoassemble_aria03_rgb,0.5971323141036512,0.8508133325957089,0.5080481341631151,0.5971323141036512,0.5971323141036512,0.5971323141036512,0.5971323141036512,0.5971323141036512,0.5971323141036512,0.5971323141036512,0.5923171548320544,0.5866163456619113,0.5849262020136603,0.5790661818336859,0.5559109640457506,0.5514090420872362,0.5304344709674809,0.5046207100992381,0.43717162708394985,0.31146400937449226,0.16685995722581115,0.028005640205687972,0.505722552850343,0.821247892074199,0.821247892074199,0.821247892074199,0.821247892074199,0.821247892074199,0.821247892074199,0.821247892074199,0.8120805369127517,0.8030050083472454,0.8,0.7910447761194029,0.758957654723127,0.7475728155339806,0.7061611374407583,0.6640986132511556,0.5584415584415584,0.38817480719794345,0.20535714285714285,0.032504780114722756,0.6850596881820622,0.43417706637421244,0.43417706637421244,0.43417706637421244,0.43417706637421244,0.43417706637421244,0.43417706637421244,0.43417706637421244,0.43202563780448466,0.4285387182154747,0.4276733272526567,0.42389211466435284,0.40718609005796846,0.4067188177226368,0.39843700406715665,0.38344013370911256,0.3422364052929434,0.24991273863418245,0.1355796294106412,0.024129247469519034,0.37363206994319037,0.8411053540587219,0.8411053540587219,0.8411053540587219,0.8411053540587219,0.8411053540587219,0.8411053540587219,0.8411053540587219,0.8359240069084629,0.8307426597582038,0.8290155440414507,0.8238341968911918,0.8048359240069085,0.7979274611398963,0.772020725388601,0.7443868739205527,0.6683937823834197,0.5215889464594128,0.3177892918825561,0.05872193436960276,0.7312062539769112,0.9720558882235529,0.9720558882235529,0.9720558882235529,0.9720558882235529,0.9720558882235529,0.9720558882235529,0.9720558882235529,0.9660678642714571,0.9600798403193613,0.9580838323353293,0.9520958083832335,0.9301397205588823,0.9221556886227545,0.8922155688622755,0.8602794411177644,0.7724550898203593,0.6027944111776448,0.36726546906187624,0.06786427145708583,0.8450467486080471,0.4388595867276867,0.4388595867276867,0.4388595867276867,0.4388595867276867,0.4388595867276867,0.4388595867276867,0.4388595867276867,0.43742842867174414,0.43487575056202515,0.4342835421205519,0.43140497755123475,0.4198915506434651,0.42001543602850794,0.4148526690483965,0.4042455858342306,0.3750038937960101,0.2962369004506389,0.17086727605696062,0.03427100687769661,0.3865996907755405,0.9769025724743964,0.9769025724743964,0.9769025724743964,0.9769025724743964,0.9769025724743964,0.9769025724743964,0.9769025724743964,0.971250834146091,0.9655752690019455,0.9634731835807278,0.9582432598554453,0.938454235213789,0.9299450642435151,0.9026675567584659,0.8721459259408854,0.7861566794216692,0.625892993326672,0.4164040697478185,0.07833232841298508,0.8550978635247781,0.8508133325957089,0.8508133325957089,0.8508133325957089,0.8508133325957089,0.8508133325957089,0.8508133325957089,0.8508133325957089,0.853658046438745,0.8563706180018336,0.8571168445796096,0.8592043259802888,0.8659812407382154,0.8679995926250176,0.8744565591867887,0.8797808114216417,0.8917819476314865,0.9099429430896784,0.9321950822805691,0.9590909623889287,0.871751173817514,0.6043084106123786,0.6043084106123786,0.6043084106123786,0.6043084106123786,0.6043084106123786,0.6043084106123786,0.6043084106123786,0.6009497501794215,0.5966618762579815,0.5954391959422713,0.5909456995807788,0.572466586828057,0.5696772012493074,0.5546184498387944,0.5342544360764869,0.4782767874390889,0.3610425488096795,0.20757108282250455,0.037641945835636605,0.5226160229024557,487.0,487.0,487.0,487.0,487.0,487.0,487.0,484.0,481.0,480.0,477.0,466.0,462.0,447.0,431.0,387.0,302.0,184.0,34.0,423.36842105263156,92.0,92.0,92.0,92.0,92.0,92.0,92.0,95.0,98.0,99.0,102.0,113.0,117.0,132.0,148.0,192.0,277.0,395.0,545.0,155.6315789473684,14.0,14.0,14.0,14.0,14.0,14.0,14.0,17.0,20.0,21.0,24.0,35.0,39.0,54.0,70.0,114.0,199.0,317.0,467.0,77.63157894736842,0.7841105354058722,0.8571168445796096,0.7927461139896373,0.8290155440414507,0.9580838323353293,0.5,0.5,0.0,0.6656581785806781,0.8888888888888888,0.05660377358490566,0.7915389119096096,411.4160853982126,480,99,21,5,1,1,0,7.0,371,0.5611111111111111,0.5233160621761658,0.6047904191616766,303,276,198,501,579,8,2
tagging_001_tagging_aria01_rgb,0.3455056522695686,0.8718295244205676,0.301222028502796,0.3455056522695686,0.3449441011596693,0.3448282432092755,0.3442782197497329,0.34407555776163823,0.3438311726598945,0.3430071703365515,0.34197574499037015,0.34045224867309354,0.3395779243781619,0.3354065400562529,0.33217357973629025,0.3244724185719183,0.31678527855914557,0.30770011531921637,0.2868756324698873,0.24793131455315182,0.18354066389464985,0.0617887671578722,0.3067973866055969,0.865211810012837,0.8628205128205129,0.8616271620755925,0.8580562659846548,0.8568690095846645,0.8544990427568603,0.8486005089058524,0.8427393785668992,0.8380771663504112,0.8334384858044164,0.818523153942428,0.8038485412787089,0.7741147741147741,0.7422062350119905,0.7064004697592484,0.6390298928369994,0.5286691215149921,0.3566760037348273,0.09289206468597216,0.7360157684075075,0.13797101977658963,0.13790403815956118,0.13800228515122337,0.13813487214387998,0.1381634627051883,0.1383499212723127,0.13864464806176674,0.1387705536681944,0.13830198253856657,0.13835834160415922,0.13743966382705342,0.13726377720273172,0.13600354099210157,0.13520893247437382,0.13403071631553015,0.12878525625715903,0.11627298481118258,0.0944475516999841,0.04109986961530298,0.12858702201457167,0.874189364461738,0.8728923476005188,0.8722438391699092,0.8702983138780804,0.8696498054474708,0.8683527885862516,0.8651102464332037,0.8618677042801557,0.8592736705577172,0.8566796368352788,0.8482490272373541,0.8398184176394293,0.8223086900129701,0.8028534370946823,0.7801556420233463,0.7347600518806745,0.6517509727626459,0.49546044098573283,0.1601815823605707,0.779268209434091,0.9882697947214076,0.9868035190615836,0.9860703812316716,0.9838709677419355,0.9831378299120235,0.9816715542521994,0.9780058651026393,0.9743401759530792,0.9714076246334311,0.968475073313783,0.9589442815249267,0.9494134897360704,0.9296187683284457,0.907624633431085,0.8819648093841642,0.8306451612903226,0.7368035190615836,0.5601173020527859,0.1810850439882698,0.8809615681432318,0.13911334257834712,0.1390494505832829,0.1391482995718388,0.13928065653564659,0.13931180218530467,0.1395000457547408,0.13980415255299924,0.13994191734922387,0.13954493491724576,0.1396077141805915,0.1388410127005201,0.13871411131666708,0.13776632621596804,0.13721085541279018,0.13637262230819233,0.13204169208989208,0.12118626463238362,0.10114157098381442,0.04743920634274111,0.13079031464274687,0.9067564318615768,0.9057932828699721,0.9063947840516239,0.9060008562232479,0.9052137290007904,0.9040763833134629,0.9034282911448583,0.900405282899693,0.8976191279585581,0.8969731979902267,0.8920013711437649,0.8866408146330849,0.8759187920257966,0.863816503292289,0.8473482752208709,0.8065861692908785,0.7343459098598994,0.5955844087979301,0.250550139310946,0.830813355309972,0.8718295244205676,0.8730036787979706,0.873543132739051,0.8751442629157752,0.8756169098814698,0.8765166535576054,0.8786141023237578,0.8804989027532492,0.881852143510388,0.8830672438496663,0.8865964194443695,0.8897021019316658,0.8951999647195483,0.9005305935891194,0.9055266692951254,0.9134346349618818,0.9240897639162813,0.938395616652862,0.9621345505031005,0.893962993145445,0.3472935330417697,0.34695155225577373,0.3469461673149361,0.34672546245492697,0.34663212266250787,0.34660718390925066,0.3463277431153326,0.3458350163180311,0.34473069515394683,0.3442800805137912,0.3414426176462555,0.3395241496117902,0.3344202350790698,0.3294737564100574,0.3233648396749273,0.3076138188849391,0.27528354646928066,0.21632157917160488,0.08113841352770197,0.316363816485047,1348.0,1346.0,1345.0,1342.0,1341.0,1339.0,1334.0,1329.0,1325.0,1321.0,1308.0,1295.0,1268.0,1238.0,1203.0,1133.0,1005.0,764.0,247.0,1201.6315789473683,194.0,196.0,197.0,200.0,201.0,203.0,208.0,213.0,217.0,221.0,234.0,247.0,274.0,304.0,339.0,409.0,537.0,778.0,1295.0,340.36842105263156,16.0,18.0,19.0,22.0,23.0,25.0,30.0,35.0,39.0,43.0,56.0,69.0,96.0,126.0,161.0,231.0,359.0,600.0,1117.0,162.3684210526316,0.8106355382619974,0.884506976543948,0.8365758754863813,0.8605706874189365,0.9728739002932552,0.6666666666666666,0.3333333333333333,0.0,0.7112456276743314,0.9132828630419821,0.06156405990016639,0.8355369260756629,1173.7407578738191,1327,215,37,40,2,1,0,36.0,601,0.21816930488644184,0.20557717250324253,0.23240469208211142,317,1225,1047,1364,1542,34,3
tagging_001_tagging_aria02_rgb,0.4036511213020098,0.8740101643428945,0.35279518286636324,0.4036511213020098,0.40342026928968405,0.4029239260905835,0.40270192705827457,0.402171460581975,0.40153591537772115,0.40090015192754497,0.4003993227112303,0.3998756191884041,0.39929202722683205,0.3951541017187291,0.39070777054483385,0.3867199874373028,0.3777157420087337,0.3603067251053039,0.33589623700793814,0.29105101644999065,0.1948175713610311,0.04323189795066041,0.35749856791256746,0.923784494086728,0.922521339461589,0.92,0.9187418086500655,0.9174852652259332,0.9137254901960784,0.9112271540469974,0.9087353324641461,0.9074918566775244,0.9050097592713078,0.8914728682170543,0.8769230769230769,0.8590476190476191,0.8311444652908068,0.7756215888417223,0.7023255813953488,0.5682913765399036,0.32849364791288566,0.06666666666666667,0.7920373363639713,0.17637688094066775,0.1764164217260771,0.17646488066983693,0.17651187801579135,0.17628826296933464,0.1764546278594302,0.1763785584107377,0.1764205835299546,0.17620049110603747,0.17616840191346192,0.17515593538750004,0.17407748294153416,0.17409087152736474,0.17165389137409487,0.16737664090807178,0.16064669296529788,0.14906207919666473,0.11553917816114227,0.028034955006244738,0.1620694060320655,0.9385847797062751,0.937917222963952,0.9365821094793058,0.9359145527369827,0.9352469959946595,0.9332443257676902,0.931909212283044,0.9305740987983978,0.9299065420560748,0.9285714285714286,0.9212283044058746,0.9132176234979973,0.9032042723631508,0.8871829105473965,0.8538050734312417,0.8064085447263017,0.7082777036048065,0.4833110814419226,0.12216288384512683,0.8388026140116647,0.9832167832167832,0.9825174825174825,0.9811188811188811,0.9804195804195804,0.9797202797202798,0.9776223776223776,0.9762237762237762,0.9748251748251748,0.9741258741258741,0.9727272727272728,0.965034965034965,0.9566433566433566,0.9461538461538461,0.9293706293706294,0.8944055944055944,0.8447552447552448,0.7419580419580419,0.5062937062937063,0.12797202797202797,0.8786897313213103,0.17656869581799606,0.17661072939456593,0.1766658360018211,0.1767146026959197,0.17652332085571015,0.17669441406115918,0.17663729614926585,0.1766857612185515,0.17649666832215521,0.17648280623397156,0.17566149908365897,0.1747484578554188,0.17486776141378818,0.1728545417105819,0.16940461404382312,0.16390301524354076,0.1541080536702439,0.1243278610503704,0.03328205152636671,0.16364410454467937,0.9795801470049439,0.9788812442899736,0.9775543479929448,0.9769622381786086,0.9762819828168519,0.9747032621534419,0.9733719956288303,0.9721425902301222,0.9714693257579257,0.9703137785066439,0.9641695134705136,0.9565009871627018,0.9490365671474484,0.9337687920638759,0.9050380049038246,0.8647375230998777,0.7751211660907302,0.5891234922005034,0.1814992582023679,0.8879082219422174,0.8740101643428945,0.8745808292184817,0.8756257539457046,0.8761093754919129,0.8765773245291877,0.8778478907995945,0.8786347837510825,0.8793778608378343,0.8797100879065108,0.8802986183796395,0.8831111431894226,0.8858095312558134,0.8886961286512932,0.8925080973239712,0.8989076119595913,0.9060693885473299,0.9168896521697185,0.9354596866079736,0.9622177440281398,0.891707456470321,0.4068717930048439,0.40677266421252994,0.4065388667603257,0.40644807216410095,0.4060456481372345,0.4058020209477309,0.40542422649882365,0.4051819659460117,0.40478387985812564,0.40445635689642573,0.4016946668349626,0.398711205355933,0.3965345116669421,0.39024146237433066,0.37803045536198643,0.3599261950584298,0.32492667964938104,0.236307776312953,0.05852205526151002,0.3685905527527674,1406.0,1405.0,1403.0,1402.0,1401.0,1398.0,1396.0,1394.0,1393.0,1391.0,1380.0,1368.0,1353.0,1329.0,1279.0,1208.0,1061.0,724.0,183.0,1256.5263157894738,92.0,93.0,95.0,96.0,97.0,100.0,102.0,104.0,105.0,107.0,118.0,130.0,145.0,169.0,219.0,290.0,437.0,774.0,1315.0,241.47368421052633,24.0,25.0,27.0,28.0,29.0,32.0,34.0,36.0,37.0,39.0,50.0,62.0,77.0,101.0,151.0,222.0,369.0,706.0,1247.0,173.47368421052633,0.8865153538050734,0.8805236310044959,0.9065420560747663,0.9305740987983978,0.9748251748251748,1.0,0.0,0.0,0.7753337393993773,0.9521857923497268,0.059900166389351084,0.9055559938219495,1227.4499416202673,1394,104,36,30,3,0,0,33.0,601,0.2773224043715847,0.27102803738317754,0.2839160839160839,406,1092,1024,1430,1498,30,3
tagging_001_tagging_aria03_rgb,0.4580616224573181,0.8620597000950365,0.39487646488060146,0.4580616224573181,0.4580616224573181,0.4580616224573181,0.4580616224573181,0.4580616224573181,0.4580616224573181,0.4576206089644509,0.456929602563129,0.4544051256994187,0.45198120629673183,0.44642516367073715,0.43878720949565053,0.42902458180599834,0.41470197704809364,0.3775597256191992,0.32929072946392574,0.2636083910274787,0.16013588408061782,0.04070180309059251,0.3931337759773649,0.9360341151385928,0.9360341151385928,0.9360341151385928,0.9360341151385928,0.9360341151385928,0.9360341151385928,0.933972310969116,0.9319148936170213,0.9257688229056203,0.9176346356916578,0.9035639412997903,0.8818652849740932,0.8568507157464212,0.8214643931795386,0.7361376673040153,0.6330935251798561,0.4885245901639344,0.2699300699300699,0.05827505827505827,0.7881684526351446,0.2241589773009115,0.2241589773009115,0.2241589773009115,0.2241589773009115,0.2241589773009115,0.2241589773009115,0.22422144563546886,0.2240383356125446,0.22304058330008703,0.2226234744196088,0.2205659363428724,0.2183261077372334,0.21481232192642946,0.20935506297716094,0.1936476731746606,0.1712738800796923,0.14224336956462624,0.09500053616451277,0.028427887056003277,0.1964489725155984,0.9595628415300547,0.9595628415300547,0.9595628415300547,0.9595628415300547,0.9595628415300547,0.9595628415300547,0.9584699453551913,0.9573770491803278,0.9540983606557377,0.9497267759562842,0.9420765027322404,0.9300546448087431,0.9158469945355191,0.8950819672131147,0.8415300546448088,0.7693989071038252,0.6513661202185792,0.42185792349726775,0.1092896174863388,0.8449237848720161,0.974472807991121,0.974472807991121,0.974472807991121,0.974472807991121,0.974472807991121,0.974472807991121,0.9733629300776915,0.9722530521642619,0.9689234184239733,0.9644839067702553,0.9567147613762487,0.9445061043285239,0.93007769145394,0.9089900110987791,0.8546059933407325,0.781354051054384,0.6614872364039955,0.4284128745837958,0.11098779134295228,0.8580524563350664,0.22500046454983916,0.22500046454983916,0.22500046454983916,0.22500046454983916,0.22500046454983916,0.22500046454983916,0.22507111105644004,0.22492225530422136,0.2241376445343439,0.22388203741265592,0.22228321479689883,0.22055659965730706,0.21776559909782772,0.21332324566809538,0.20048801446701497,0.1815199826351488,0.15523973666782917,0.10847229739488151,0.032744139516403675,0.20002150871095284,0.9408591456983816,0.9408591456983816,0.9408591456983816,0.9408591456983816,0.9408591456983816,0.9408591456983816,0.9397010355576381,0.9385635136658478,0.9351114254070846,0.9305251965465343,0.9226741091011315,0.9115178376964733,0.9001171028735929,0.8828770328252248,0.8434082915396373,0.7953664124075249,0.7060199322647854,0.5529106431192786,0.23496530195389428,0.84941645837626,0.8620597000950365,0.8620597000950365,0.8620597000950365,0.8620597000950365,0.8620597000950365,0.8620597000950365,0.8626815831559678,0.8632155923030052,0.8647375154069702,0.8665863037608027,0.86928899975853,0.8730475778847873,0.8769299282345898,0.8815013601116867,0.8912618029147557,0.9019561910360903,0.9150377911693899,0.9361037020600993,0.9622750185259318,0.8808937666785698,0.4637829505418819,0.4637829505418819,0.4637829505418819,0.4637829505418819,0.4637829505418819,0.4637829505418819,0.46358334390451283,0.4631297449441246,0.46130538137584365,0.45981678374404883,0.4558398687387438,0.4506164783760443,0.4435484409007846,0.4328855987621011,0.40368346137600464,0.36301230853615263,0.3043887510407179,0.20019173039236274,0.05573932994121332,0.4073915223833656,878.0,878.0,878.0,878.0,878.0,878.0,877.0,876.0,873.0,869.0,862.0,851.0,838.0,819.0,770.0,704.0,596.0,386.0,100.0,773.1052631578947,37.0,37.0,37.0,37.0,37.0,37.0,38.0,39.0,42.0,46.0,53.0,64.0,77.0,96.0,145.0,211.0,319.0,529.0,815.0,141.89473684210526,23.0,23.0,23.0,23.0,23.0,23.0,24.0,25.0,28.0,32.0,39.0,50.0,63.0,82.0,131.0,197.0,305.0,515.0,801.0,127.89473684210526,0.8907103825136612,0.8666045948856275,0.9147540983606557,0.9497267759562842,0.9644839067702553,1.0,0.0,0.0,0.7640211944870058,0.9570484581497798,0.05324459234608985,0.9132869697477353,753.0793929556103,869,46,32,22,3,0,0,25.0,601,0.3766519823788546,0.3737704918032787,0.3795782463928968,342,573,559,901,915,25,3
tagging_001_tagging_aria04_rgb,0.4250241916787244,0.8486618164727646,0.3607018025549347,0.4250241916787244,0.4250241916787244,0.4245865632446871,0.42316995482637826,0.42273709226251993,0.4219596322497674,0.4219596322497674,0.418845984588963,0.41569446868174076,0.4098311572253133,0.4026706314758609,0.3944100882076417,0.3827151425241589,0.3648545459106429,0.3447024948344122,0.30696424854389365,0.2458995943414031,0.15227588176526669,0.03700517420320585,0.3600174037101617,0.9313725490196079,0.9313725490196079,0.9300209937018894,0.9246336357292394,0.9232914923291492,0.9206128133704735,0.9206128133704735,0.909972299168975,0.9007580978635424,0.8825938566552901,0.8597437626432907,0.8362183754993342,0.8049738219895288,0.7578075207138305,0.7014188772362739,0.6072261072261073,0.45694664553618597,0.26688102893890675,0.05387848681696599,0.7642281961488775,0.1939562892446275,0.1939562892446275,0.1938383659172751,0.19366893410331973,0.19355387833559956,0.19340370746796026,0.19340370746796026,0.19278824087998028,0.19184050823684387,0.1903044941522172,0.18859530536709723,0.18602714582428304,0.18195732123968691,0.17566312821264657,0.16939921892784096,0.15517621650781696,0.13232750713448055,0.08688494742238707,0.02541613543196988,0.1701137547957169,0.9595959595959596,0.9595959595959596,0.9588744588744589,0.9559884559884559,0.9552669552669553,0.9538239538239538,0.9538239538239538,0.948051948051948,0.943001443001443,0.9329004329004329,0.9199134199134199,0.9062049062049062,0.8874458874458875,0.8578643578643579,0.8203463203463204,0.7518037518037518,0.6240981240981242,0.41919191919191917,0.10173160173160173,0.8320802005012531,0.9693877551020408,0.9693877551020408,0.9686588921282799,0.9657434402332361,0.9650145772594753,0.9635568513119533,0.9635568513119533,0.9577259475218659,0.9526239067055393,0.9424198250728864,0.9293002915451894,0.9154518950437318,0.8965014577259475,0.8666180758017493,0.8287172011661808,0.7594752186588921,0.630466472303207,0.42346938775510207,0.10276967930029154,0.8405708147920822,0.19851138635390506,0.19851138635390506,0.19839426424682247,0.19824038711206143,0.19812547895438265,0.19798543808295566,0.19798543808295566,0.19738746707901555,0.19658075718912332,0.19515368611720685,0.19359539953170452,0.19140984082044538,0.18808368970725986,0.18259547059620074,0.17734304261440004,0.16495481826180947,0.14405680273354352,0.09950013117735841,0.030989338462397372,0.17628443281460277,0.8601981194803189,0.8601981194803189,0.8598544751695814,0.8577391944980596,0.8574030330880065,0.8565699895897988,0.8565699895897988,0.8536130857256723,0.8499743881996,0.8433671817159323,0.8351888338534832,0.8236323440816019,0.8056628955276406,0.7823470421912606,0.7521685263174044,0.6945493002887292,0.5943433947891786,0.42340533999909186,0.1455530962223232,0.758544123674095,0.8486618164727646,0.8486618164727646,0.8492218809397234,0.8512552747559303,0.8517221761066266,0.8526032901856015,0.8526032901856015,0.8554419331080464,0.857722189036603,0.8618981129541151,0.8666701443391925,0.87105843466687,0.8763487779351755,0.883229646793767,0.8903205279588932,0.900781028375046,0.9156725166698402,0.9343662561361283,0.9634738693981919,0.8753533148679411,0.4314158915679507,0.4314158915679507,0.4311225559258487,0.43028509768101736,0.4299949116417064,0.4295033049247714,0.4295033049247714,0.42751990284403546,0.42533031410125705,0.4213491960090838,0.4165229313493582,0.410583380366596,0.4018423527016912,0.38819471491068297,0.3727814720677452,0.34155828457422616,0.2873766674057072,0.1908440930678218,0.05084903310114766,0.37621017372280896,1330.0,1330.0,1329.0,1325.0,1324.0,1322.0,1322.0,1314.0,1307.0,1293.0,1275.0,1256.0,1230.0,1189.0,1137.0,1042.0,865.0,581.0,141.0,1153.2631578947369,56.0,56.0,57.0,61.0,62.0,64.0,64.0,72.0,79.0,93.0,111.0,130.0,156.0,197.0,249.0,344.0,521.0,805.0,1245.0,232.73684210526315,42.0,42.0,43.0,47.0,48.0,50.0,50.0,58.0,65.0,79.0,97.0,116.0,142.0,183.0,235.0,330.0,507.0,791.0,1231.0,218.73684210526315,0.8701298701298701,0.8618129559620044,0.8845598845598845,0.9372294372294372,0.9467930029154519,1.0,0.0,0.0,0.74061690461374,0.9419869470630892,0.12146422628951747,0.8836211904793189,1119.4950297946436,1299,87,73,20,3,0,0,32.0,601,0.2893401015228426,0.2878787878787879,0.29081632653061223,399,987,973,1372,1386,21,3
tagging_002_tagging_aria01_rgb,0.5997579719406103,0.8883419139147567,0.5327901446793547,0.5997579719406103,0.5997579719406103,0.5997579719406103,0.5997579719406103,0.5997579719406103,0.5997579719406103,0.5997579719406103,0.5997579719406103,0.5970534562079374,0.5960414945379154,0.5960414945379154,0.5960414945379154,0.5927567340462445,0.5848675114005526,0.5546597072341437,0.5082664217397412,0.397409021138373,0.2663767930995278,0.058034718805459,0.5339796117268741,0.9063545150501672,0.9063545150501672,0.9063545150501672,0.9063545150501672,0.9063545150501672,0.9063545150501672,0.9063545150501672,0.9063545150501672,0.9,0.893687707641196,0.893687707641196,0.893687707641196,0.8874172185430463,0.8688524590163934,0.8210862619808307,0.7325227963525835,0.5789473684210527,0.3669064748201439,0.06941838649155722,0.797739484681607,0.3968751950073353,0.3968751950073353,0.3968751950073353,0.3968751950073353,0.3968751950073353,0.3968751950073353,0.3968751950073353,0.3968751950073353,0.3960809217442704,0.39752752574910244,0.39752752574910244,0.39752752574910244,0.3959361373830799,0.3937032143283851,0.37468339816925156,0.35266445870959195,0.2727949701419124,0.19339150647796902,0.04851781721026202,0.35765034534056384,0.9575971731448764,0.9575971731448764,0.9575971731448764,0.9575971731448764,0.9575971731448764,0.9575971731448764,0.9575971731448764,0.9575971731448764,0.9540636042402827,0.950530035335689,0.950530035335689,0.950530035335689,0.9469964664310954,0.9363957597173145,0.9081272084805654,0.8515901060070671,0.7385159010600707,0.5406360424028268,0.13074204946996468,0.8694439278408034,0.9442508710801394,0.9442508710801394,0.9442508710801394,0.9442508710801394,0.9442508710801394,0.9442508710801394,0.9442508710801394,0.9442508710801394,0.9407665505226481,0.9372822299651568,0.9372822299651568,0.9372822299651568,0.9337979094076655,0.9233449477351916,0.8954703832752613,0.8397212543554007,0.7282229965156795,0.5331010452961672,0.1289198606271777,0.8573262424353567,0.4002343250733961,0.4002343250733961,0.4002343250733961,0.4002343250733961,0.4002343250733961,0.4002343250733961,0.4002343250733961,0.4002343250733961,0.3997139309412948,0.4011723195046178,0.4011723195046178,0.4011723195046178,0.40004347105611376,0.3986183866613612,0.3864257347720587,0.37185050249234924,0.30887473219139755,0.23640399825455127,0.06291461041829696,0.3668545750467603,0.9896097384886892,0.9896097384886892,0.9896097384886892,0.9896097384886892,0.9896097384886892,0.9896097384886892,0.9896097384886892,0.9896097384886892,0.9859676524350437,0.9892612124812707,0.9892612124812707,0.9892612124812707,0.9855675354134148,0.9747761531014196,0.94718126305971,0.8914231690647891,0.7821277294561048,0.6043112962997874,0.18884597876372258,0.9076243327867008,0.8883419139147567,0.8883419139147567,0.8883419139147567,0.8883419139147567,0.8883419139147567,0.8883419139147567,0.8883419139147567,0.8883419139147567,0.8900866319550094,0.8916030424411328,0.8916030424411328,0.8916030424411328,0.892640272495097,0.8951048091548198,0.9001125857955559,0.9080353465011524,0.9203619350575258,0.9365415477463902,0.965171793904742,0.899452597960618,0.6164791682046895,0.6164791682046895,0.6164791682046895,0.6164791682046895,0.6164791682046895,0.6164791682046895,0.6164791682046895,0.6164791682046895,0.6147246471145857,0.6147046877137048,0.6147046877137048,0.6147046877137048,0.6123317099694849,0.6071754445662118,0.5833182565662202,0.5480196746262185,0.4488467702668802,0.3233487570666846,0.07964495500581804,0.5575451381031966,271.0,271.0,271.0,271.0,271.0,271.0,271.0,271.0,270.0,269.0,269.0,269.0,268.0,265.0,257.0,241.0,209.0,153.0,37.0,246.05263157894737,12.0,12.0,12.0,12.0,12.0,12.0,12.0,12.0,13.0,14.0,14.0,14.0,15.0,18.0,26.0,42.0,74.0,130.0,246.0,36.94736842105263,16.0,16.0,16.0,16.0,16.0,16.0,16.0,16.0,17.0,18.0,18.0,18.0,19.0,22.0,30.0,46.0,78.0,134.0,250.0,40.94736842105263,0.8621908127208481,0.8916030424411328,0.8869257950530035,0.950530035335689,0.9372822299651568,1.0,0.0,0.0,0.7591562488221367,0.9438596491228071,0.08181818181818182,0.8839395828974761,239.8412184166647,269,14,18,7,3,0,0,9.0,220,0.49473684210526314,0.49823321554770317,0.4912891986062718,141,142,146,287,283,13,3
tagging_002_tagging_aria02_rgb,0.6589707412448708,0.8784514743718178,0.5788738192144464,0.6589707412448708,0.6589707412448708,0.6582972702764496,0.6570925234329402,0.6565148197891862,0.6565148197891862,0.6553030807940718,0.6543444118495497,0.6503442658397984,0.6494202686506939,0.6398597125248948,0.632543517316479,0.6198616066550979,0.6019883363307841,0.5655505452270398,0.5218750494914094,0.462971240971376,0.34666065300708365,0.10537846628814553,0.5817085300381015,0.9585406301824212,0.9585406301824212,0.9552980132450332,0.9488448844884488,0.9456342668863262,0.9456342668863262,0.9392446633825944,0.9360655737704918,0.9297385620915033,0.9265905383360522,0.8987138263665595,0.8805732484076433,0.862776025236593,0.8253477588871716,0.7600596125186289,0.6919770773638968,0.6111869031377899,0.45264452644526443,0.12155745489078823,0.8183667611950503,0.4530245501791334,0.4530245501791334,0.4536336201321813,0.455048650638244,0.4557911273900983,0.4557911273900983,0.45719943316119743,0.4574109136329723,0.45491031711028523,0.4551597149823065,0.4555626493115176,0.45437594433243494,0.4453396943890218,0.4390754723401938,0.42081885938750974,0.3935875568583838,0.3506985651462057,0.26549223799755706,0.09135285998887217,0.4140683076077551,0.9633333333333334,0.9633333333333334,0.9616666666666667,0.9583333333333334,0.9566666666666667,0.9566666666666667,0.9533333333333334,0.9516666666666667,0.9483333333333334,0.9466666666666667,0.9316666666666666,0.9216666666666666,0.9116666666666666,0.89,0.85,0.805,0.7466666666666667,0.6133333333333333,0.21333333333333335,0.8654385964912281,0.9948364888123924,0.9948364888123924,0.9931153184165232,0.9896729776247849,0.9879518072289156,0.9879518072289156,0.9845094664371773,0.9827882960413081,0.9793459552495697,0.9776247848537005,0.9621342512908778,0.9518072289156626,0.9414802065404475,0.919104991394148,0.8777969018932874,0.8313253012048193,0.7710843373493976,0.6333907056798623,0.22030981067125646,0.8937403750339704,0.453727374716515,0.453727374716515,0.45434143393668514,0.45575902631305276,0.45650209122634755,0.45650209122634755,0.45791422588466557,0.4581483998122359,0.456612973558677,0.45687824979195035,0.4583200410416587,0.45815768706613824,0.4523397158343757,0.44927613914474246,0.43877528677096095,0.4205351031321556,0.3883473079510584,0.31440320948290923,0.12577097710028495,0.4245283530898566,0.9753445228358724,0.9753445228358724,0.9737612570368203,0.9725105715540499,0.9727530406101835,0.9727530406101835,0.9723663962300326,0.9712433314885155,0.9683970708282367,0.9674211373741891,0.9592571797998153,0.9513617184503261,0.9429193417005728,0.9254982573490689,0.8948106826905846,0.8569115769081264,0.8075395774102991,0.6787762567880321,0.27524647360259336,0.8954850503212303,0.8784514743718178,0.8784514743718178,0.8797837965782795,0.8821829290267813,0.8833310761446922,0.8833310761446922,0.8853292310472787,0.8862240251096077,0.8878225225502148,0.8885055609994615,0.8942988071421479,0.8978002027040133,0.9007456102088359,0.9061540189492345,0.9146964554591918,0.9222474176823143,0.9298740108093998,0.9412652715405825,0.9644274324104776,0.9002590733289917,0.6606161139465935,0.6606161139465935,0.6604879494437788,0.6603698132069514,0.6603333843874073,0.6603333843874073,0.6601995604464418,0.6597747490424632,0.6568155124484504,0.6564179538855182,0.6514848693115576,0.6471345779869858,0.637182355937444,0.625121724452744,0.5980769436112575,0.5628836320865965,0.5117176258860938,0.40352848636145666,0.1396016122075938,0.5985629664728072,578.0,578.0,577.0,575.0,574.0,574.0,572.0,571.0,569.0,568.0,559.0,553.0,547.0,534.0,510.0,483.0,448.0,368.0,128.0,519.2631578947369,22.0,22.0,23.0,25.0,26.0,26.0,28.0,29.0,31.0,32.0,41.0,47.0,53.0,66.0,90.0,117.0,152.0,232.0,472.0,80.73684210526316,3.0,3.0,4.0,6.0,7.0,7.0,9.0,10.0,12.0,13.0,22.0,28.0,34.0,47.0,71.0,98.0,133.0,213.0,453.0,61.73684210526316,0.9116666666666666,0.8923631720313543,0.9316666666666666,0.95,0.9810671256454389,1.0,0.0,0.0,0.8094116800964531,0.9652836579170194,0.05,0.9298680312565873,508.6470080578719,570,30,11,12,3,0,0,11.0,220,0.6181202370872142,0.6083333333333333,0.6282271944922547,365,235,216,581,600,14,3
tagging_002_tagging_aria03_rgb,0.8524245030662957,0.8694308509184775,0.7411241610446898,0.8524245030662957,0.8524245030662957,0.8524245030662957,0.8524245030662957,0.8524245030662957,0.8524245030662957,0.8524245030662957,0.8524245030662957,0.8479892937714285,0.8479892937714285,0.8436042516439254,0.8349823154642171,0.8149128829691789,0.7959377723170427,0.7569910620153693,0.6593382402055874,0.47630481069420155,0.21537519241269867,0.028245913319303997,0.7337403712165658,0.9701834862385321,0.9701834862385321,0.9701834862385321,0.9701834862385321,0.9701834862385321,0.9701834862385321,0.9701834862385321,0.9701834862385321,0.965675057208238,0.965675057208238,0.9611872146118722,0.9522727272727273,0.9303370786516854,0.9046563192904656,0.8552915766738661,0.742393509127789,0.5311942959001783,0.22190611664295876,0.02997601918465228,0.8327385716674173,0.7489588760627187,0.7489588760627187,0.7489588760627187,0.7489588760627187,0.7489588760627187,0.7489588760627187,0.7489588760627187,0.7489588760627187,0.74464576565728,0.74464576565728,0.7404053264265269,0.7321384380446624,0.7138090290796297,0.7002846538427903,0.6699884385622362,0.5855747789445864,0.4270871777830079,0.2090364799697776,0.026615662817900943,0.6466264486993383,0.9724137931034482,0.9724137931034482,0.9724137931034482,0.9724137931034482,0.9724137931034482,0.9724137931034482,0.9724137931034482,0.9724137931034482,0.9701149425287356,0.9701149425287356,0.967816091954023,0.9632183908045977,0.9517241379310345,0.9379310344827586,0.9103448275862069,0.8413793103448276,0.6850574712643678,0.3586206896551724,0.05747126436781609,0.8627949183303085,0.9976415094339622,0.9976415094339622,0.9976415094339622,0.9976415094339622,0.9976415094339622,0.9976415094339622,0.9976415094339622,0.9976415094339622,0.9952830188679245,0.9952830188679245,0.9929245283018868,0.9882075471698113,0.9764150943396226,0.9622641509433962,0.9339622641509434,0.8632075471698113,0.7028301886792453,0.36792452830188677,0.0589622641509434,0.8851787487586893,0.7490021798532437,0.7490021798532437,0.7490021798532437,0.7490021798532437,0.7490021798532437,0.7490021798532437,0.7490021798532437,0.7490021798532437,0.7465511581625326,0.7465511581625326,0.7441148848512268,0.7392870057547862,0.7285960014220886,0.7214186684774919,0.7041749870032699,0.6494319988855508,0.5282078535434239,0.3075603408936742,0.04630014430014431,0.666011138962246,0.997872340425532,0.997872340425532,0.997872340425532,0.997872340425532,0.997872340425532,0.997872340425532,0.997872340425532,0.997872340425532,0.9955123487680668,0.9955123487680668,0.993170652542748,0.9885426703627388,0.976745247839795,0.9644184082301248,0.9402365498951197,0.8776082944565617,0.731236499270063,0.42414974594017796,0.0739975074381682,0.891795210363994,0.8694308509184775,0.8694308509184775,0.8694308509184775,0.8694308509184775,0.8694308509184775,0.8694308509184775,0.8694308509184775,0.8694308509184775,0.8704326571437199,0.8704326571437199,0.8712490328615798,0.8726779211730975,0.8757126241251657,0.8785520014984084,0.8831200355780032,0.8916856830943796,0.9061008544411958,0.930739178399752,0.9598196514693419,0.8824194265408516,0.8534037388895386,0.8534037388895386,0.8534037388895386,0.8534037388895386,0.8534037388895386,0.8534037388895386,0.8534037388895386,0.8534037388895386,0.849936458892592,0.849936458892592,0.846508233559523,0.839767353580485,0.8242264754593844,0.8104435266020507,0.780974077410826,0.7019191574987258,0.5409059641208099,0.2737970171675566,0.039110558601639,0.7465660627843418,423.0,423.0,423.0,423.0,423.0,423.0,423.0,423.0,422.0,422.0,421.0,419.0,414.0,408.0,396.0,366.0,298.0,156.0,25.0,375.3157894736842,12.0,12.0,12.0,12.0,12.0,12.0,12.0,12.0,13.0,13.0,14.0,16.0,21.0,27.0,39.0,69.0,137.0,279.0,410.0,59.68421052631579,1.0,1.0,1.0,1.0,1.0,1.0,1.0,1.0,2.0,2.0,3.0,5.0,10.0,16.0,28.0,58.0,126.0,268.0,399.0,48.68421052631579,0.9540229885057471,0.8704326571437199,0.9655172413793104,0.9701149425287356,0.9952830188679245,1.0,0.0,0.0,0.8283277731371259,0.9825378346915018,0.00909090909090909,0.9639104137831356,367.32258131464977,422,13,2,5,3,0,0,4.0,220,0.8474970896391153,0.8367816091954023,0.8584905660377359,364,71,60,424,435,8,3
tagging_002_tagging_aria04_rgb,0.8803982284691353,0.874225354028079,0.7696664529691234,0.8803982284691353,0.8803982284691353,0.8803982284691353,0.8796359271456583,0.8788851372630526,0.8748113115260799,0.8748113115260799,0.8714584546287231,0.8615302675934089,0.851723797792679,0.8308614843029422,0.8083323259589856,0.8028398379495829,0.7886389555606579,0.7642382046411428,0.7115865080639688,0.5764457830243054,0.35723085599124094,0.05131130810844441,0.759238745078124,0.9590551181102362,0.9590551181102362,0.9590551181102362,0.9559748427672956,0.9529042386185244,0.94679186228482,0.94679186228482,0.94375,0.9346811819595645,0.9256965944272446,0.9050535987748851,0.8819969742813918,0.8706766917293233,0.8511904761904762,0.8160583941605839,0.7570621468926554,0.5969191270860077,0.3730684326710817,0.0551314673452078,0.8205743813581363,0.8081923823303132,0.8081923823303132,0.8081923823303132,0.8093930192614401,0.810615645515168,0.8083031353133443,0.8083031353133443,0.8047044642584184,0.7941043601877937,0.7836621978448901,0.7627512967547404,0.7408201708658051,0.7402883429883883,0.7306841648550441,0.7157086277311008,0.6688425257252617,0.5566746409830259,0.34206561932498414,0.04775585462498249,0.7025923341336143,0.9590551181102362,0.9590551181102362,0.9590551181102362,0.9574803149606299,0.9559055118110236,0.952755905511811,0.952755905511811,0.9511811023622048,0.9464566929133859,0.9417322834645669,0.9307086614173228,0.9181102362204724,0.9118110236220472,0.9007874015748032,0.8803149606299212,0.8440944881889764,0.7322834645669292,0.5322834645669291,0.10236220472440945,0.8572731040198924,1.0,1.0,1.0,0.9983579638752053,0.9967159277504105,0.993431855500821,0.993431855500821,0.9917898193760263,0.986863711001642,0.9819376026272578,0.9704433497536946,0.9573070607553367,0.9507389162561576,0.9392446633825944,0.9178981937602627,0.8801313628899836,0.7635467980295566,0.555008210180624,0.10673234811165845,0.8938726125658975,0.8081923823303132,0.8081923823303132,0.8081923823303132,0.8093951278984174,0.810618733271122,0.8099219788475986,0.8099219788475986,0.8079591765850044,0.8021072105930674,0.7962725401688613,0.7844866075830542,0.7721643136737476,0.7732242714107999,0.768456077721812,0.761491132600256,0.7322780764012107,0.6561453242098404,0.4679173390711852,0.08386229155459926,0.7300420698646901,1.0,1.0,1.0,0.9985608552631579,0.9975288303130149,0.9952554813389184,0.9952554813389184,0.9935995226234952,0.9886591912330976,0.9837304124305316,0.9722220579878968,0.9605804214587454,0.9579168980389373,0.9460637960292114,0.9270619960015448,0.8900349607421496,0.7782591641042163,0.5780954159169618,0.11272412147450889,0.8987130845418583,0.874225354028079,0.874225354028079,0.874225354028079,0.8754153983601694,0.8765244984776344,0.8784706213050221,0.8784706213050221,0.8793023310845756,0.8815795807112772,0.8835897740815047,0.8877941196336786,0.8920411645954908,0.8939143773367239,0.8964801291016993,0.900392273152593,0.9056053390597321,0.91722084744857,0.9316586097914292,0.9618121592373612,0.8927867319350904,0.8803982284691353,0.8803982284691353,0.8803982284691353,0.880328281386767,0.8802681202384872,0.8775622972835041,0.8775622972835041,0.8748826660696335,0.8669402439450135,0.8590692585824088,0.842555184184948,0.8247148489450733,0.8215857056909592,0.8112897695839818,0.7937562676562616,0.7513762635531462,0.6384697602358327,0.42670349537299884,0.06991705491445985,0.7756934842281256,609.0,609.0,609.0,608.0,607.0,605.0,605.0,604.0,601.0,598.0,591.0,583.0,579.0,572.0,559.0,536.0,465.0,338.0,65.0,544.3684210526316,26.0,26.0,26.0,27.0,28.0,30.0,30.0,31.0,34.0,37.0,44.0,52.0,56.0,63.0,76.0,99.0,170.0,297.0,570.0,90.63157894736842,0.0,0.0,0.0,1.0,2.0,4.0,4.0,5.0,8.0,11.0,18.0,26.0,30.0,37.0,50.0,73.0,144.0,271.0,544.0,64.63157894736842,0.9196850393700787,0.8835897740815047,0.9244094488188976,0.9417322834645669,0.9819376026272578,1.0,0.0,0.0,0.8100577714972281,0.9614147909967846,0.05,0.923658076764221,528.3866849007399,598,37,11,3,3,0,0,8.0,220,0.8295819935691319,0.8125984251968504,0.8472906403940886,516,119,93,609,635,6,3
tagging_003_tagging_aria01_rgb,0.6210621824924222,0.8707511568368453,0.5407906138728925,0.6210621824924222,0.618263346756068,0.6162718585573421,0.6128614319816109,0.6089147535983847,0.6069581991764772,0.6016738259280062,0.6016738259280062,0.5968812824782112,0.5937370241430127,0.5916086804520255,0.5877926665797503,0.5809448083690426,0.5698135243853908,0.5552585192498541,0.5153735427590701,0.4440229987335485,0.32402031547574756,0.07670544948673082,0.5433599071858264,0.9380421313506815,0.9308641975308642,0.9284833538840938,0.9213759213759214,0.9166666666666666,0.9143206854345165,0.904993909866017,0.904993909866017,0.8934624697336562,0.8866103739445115,0.8798076923076923,0.8663484486873508,0.850887573964497,0.8164924506387921,0.7772727272727272,0.7055616139585605,0.5734406438631791,0.3755496921723835,0.08460471567267684,0.7931462725363582,0.4111950003427428,0.41063945412868874,0.40904449397068193,0.40765026098105106,0.40448419325430707,0.4029201804315262,0.400015280611601,0.400015280611601,0.3987489989132262,0.3976083116079839,0.3978151519318408,0.39880052813439976,0.3966409672648782,0.39766130393303384,0.3966587432976546,0.3764517277035921,0.34381313134018743,0.2795613124689002,0.06954371200447833,0.37364568594380915,0.9486215538847118,0.9448621553884712,0.943609022556391,0.9398496240601504,0.9373433583959899,0.9360902255639098,0.931077694235589,0.931077694235589,0.924812030075188,0.9210526315789473,0.9172932330827067,0.9097744360902256,0.9010025062656641,0.8809523809523809,0.8571428571428571,0.8107769423558897,0.7142857142857143,0.5350877192982456,0.15288220551378445,0.8440838939453896,0.9882506527415144,0.9843342036553525,0.9830287206266318,0.97911227154047,0.9765013054830287,0.9751958224543081,0.9699738903394256,0.9699738903394256,0.9634464751958225,0.9595300261096605,0.9556135770234987,0.9477806788511749,0.9386422976501305,0.9177545691906005,0.8929503916449086,0.8446475195822454,0.7441253263707572,0.5574412532637075,0.15926892950391644,0.8793458842929779,0.41667221962986173,0.4166050237605638,0.4155017770147989,0.41469542007951654,0.41246345144982605,0.41133994316805733,0.40937942018405943,0.40937942018405943,0.4087965818355502,0.40816262797985714,0.40850792365632754,0.4097325578823634,0.4086443881924995,0.41064021085979235,0.4115383494478042,0.3982994457699487,0.3764991037223727,0.3239631749405294,0.10046433328162042,0.3879623880547058,0.9665970454281245,0.9669294637424636,0.9656091693900484,0.964194817661156,0.9616244272449204,0.960380785246587,0.9578214873641167,0.9578214873641167,0.9525316773197751,0.9498343314710541,0.9460308251668652,0.9391445799324692,0.9321623972159915,0.9155347881100991,0.8983956283621641,0.8570695869254941,0.7818654775356424,0.6519433432091696,0.19772463477189228,0.8801692607085341,0.8707511568368453,0.8739121721539774,0.8749324921061626,0.8777879692208991,0.8794853491643171,0.8802742283498411,0.8832804802082903,0.8832804802082903,0.886322455404611,0.888053294305098,0.8895503347979884,0.8921260363769067,0.8946853073440587,0.89969316726653,0.9045839330260436,0.9118207388602536,0.923206368747829,0.9378965828683663,0.9620783933585931,0.8954589968739421,0.6245545934301959,0.6228945975970398,0.6212713377725941,0.6189749142986839,0.6157439176500932,0.6141413864774126,0.6102829713590668,0.6102829713590668,0.607262604789221,0.6051596332738955,0.6040804142536377,0.602344191966651,0.5978080842488603,0.5918789339995423,0.583089365827269,0.552465728106378,0.49556110430514405,0.3867684385947333,0.10311157098434731,0.5614566715944124,757.0,754.0,753.0,750.0,748.0,747.0,743.0,743.0,738.0,735.0,732.0,726.0,719.0,703.0,684.0,647.0,570.0,427.0,122.0,673.578947368421,41.0,44.0,45.0,48.0,50.0,51.0,55.0,55.0,60.0,63.0,66.0,72.0,79.0,95.0,114.0,151.0,228.0,371.0,676.0,124.42105263157895,9.0,12.0,13.0,16.0,18.0,19.0,23.0,23.0,28.0,31.0,34.0,40.0,47.0,63.0,82.0,119.0,196.0,339.0,644.0,92.42105263157895,0.8847117794486216,0.8864649279045165,0.899749373433584,0.9298245614035088,0.9686684073107049,1.0,0.0,0.0,0.7791440808335228,0.948849104859335,0.07717041800643087,0.8983970159823965,657.7569765051512,742,56,24,12,3,0,0,15.0,311,0.5319693094629157,0.5213032581453634,0.5430809399477807,416,382,350,766,798,16,3
tagging_003_tagging_aria02_rgb,0.5602597012522368,0.9122611738337288,0.5111031727160997,0.5602597012522368,0.5602597012522368,0.5602597012522368,0.5602597012522368,0.5602597012522368,0.5602597012522368,0.5596003611638369,0.5596003611638369,0.5596003611638369,0.5539482142145323,0.5472374100288918,0.5394166227046625,0.5324863947751489,0.5296771478280089,0.5224201045374072,0.516125515935263,0.48724666119555937,0.4071203362385791,0.13883886674786372,0.516572450800571,0.9454277286135693,0.9454277286135693,0.9454277286135693,0.9454277286135693,0.9454277286135693,0.9454277286135693,0.9425625920471281,0.9425625920471281,0.9425625920471281,0.9340175953079178,0.9171511627906976,0.9005763688760807,0.8896848137535817,0.8789173789173789,0.8629943502824858,0.8421787709497207,0.7728494623655914,0.6144430844553244,0.1682905225863596,0.8569135609530495,0.332009442231564,0.332009442231564,0.332009442231564,0.332009442231564,0.332009442231564,0.332009442231564,0.33223529859652984,0.33223529859652984,0.33223529859652984,0.32853623483432043,0.3265206381289526,0.32309341318075574,0.31869911258164846,0.31920848041120337,0.31625092972571495,0.3163052280444445,0.30718700135928323,0.2697515398451278,0.11454139320257507,0.31204508002594733,0.9552906110283159,0.9552906110283159,0.9552906110283159,0.9552906110283159,0.9552906110283159,0.9552906110283159,0.9538002980625931,0.9538002980625931,0.9538002980625931,0.9493293591654247,0.940387481371088,0.9314456035767511,0.9254843517138599,0.9195230998509687,0.910581222056632,0.8986587183308494,0.856929955290611,0.7481371087928465,0.28315946348733234,0.8924621538944231,0.9891975308641975,0.9891975308641975,0.9891975308641975,0.9891975308641975,0.9891975308641975,0.9891975308641975,0.9876543209876543,0.9876543209876543,0.9876543209876543,0.9830246913580247,0.9737654320987654,0.9645061728395061,0.9583333333333334,0.9521604938271605,0.9429012345679012,0.9305555555555556,0.8873456790123457,0.7746913580246914,0.2932098765432099,0.9241390513320337,0.35231744137656235,0.35231744137656235,0.35231744137656235,0.35231744137656235,0.35231744137656235,0.35231744137656235,0.3525866873787133,0.3525866873787133,0.3525866873787133,0.3491605181119608,0.34773053385217984,0.3452462660098522,0.3417077704533977,0.3422901069198504,0.34010603727404903,0.340472959875945,0.3345026967035962,0.30101466651679587,0.15065466173270167,0.33497636462346536,0.8976860157739643,0.8976860157739643,0.8976860157739643,0.8976860157739643,0.8976860157739643,0.8976860157739643,0.8960752573164683,0.8960752573164683,0.8960752573164683,0.8932407784343233,0.8853817496632955,0.8785838040390832,0.8730073085779573,0.8684214423900529,0.8632939147087231,0.8546632282760425,0.8210779064602141,0.7447575503054189,0.34395302075754547,0.8474064510634656,0.9122611738337288,0.9122611738337288,0.9122611738337288,0.9122611738337288,0.9122611738337288,0.9122611738337288,0.9131655489362396,0.9131655489362396,0.9131655489362396,0.9152308139426139,0.9189542290571432,0.9223322301908438,0.9242802476369185,0.9259070315120203,0.9278839301685545,0.9299406199359379,0.9347148090151796,0.942514685677791,0.9618571641856286,0.9219304974280904,0.5631744871143943,0.5631744871143943,0.5631744871143943,0.5631744871143943,0.5631744871143943,0.5631744871143943,0.5629263955689809,0.5629263955689809,0.5629263955689809,0.5584703154849744,0.5541262676554561,0.548583575448465,0.5430939528289828,0.5417744654433493,0.5366303737827254,0.5331514333055549,0.5130669969318504,0.44923394474611134,0.18009297445023428,0.5276868636563691,641.0,641.0,641.0,641.0,641.0,641.0,640.0,640.0,640.0,637.0,631.0,625.0,621.0,617.0,611.0,603.0,575.0,502.0,190.0,598.8421052631579,30.0,30.0,30.0,30.0,30.0,30.0,31.0,31.0,31.0,34.0,40.0,46.0,50.0,54.0,60.0,68.0,96.0,169.0,481.0,72.15789473684211,7.0,7.0,7.0,7.0,7.0,7.0,8.0,8.0,8.0,11.0,17.0,23.0,27.0,31.0,37.0,45.0,73.0,146.0,458.0,49.1578947368421,0.9165424739195231,0.9148225580798072,0.9388971684053651,0.9523099850968704,0.9861111111111112,1.0,0.0,0.0,0.8354271454739147,0.9689158453373768,0.028938906752411574,0.9371444243531211,584.5716146129968,639,32,9,15,3,0,0,20.0,311,0.4836997725549659,0.47540983606557374,0.49228395061728397,319,352,329,648,671,16,3
tagging_003_tagging_aria03_rgb,0.6900718294294552,0.8500000433205686,0.5865610849093409,0.6900718294294552,0.6896267213555275,0.6896267213555275,0.6870122002032107,0.6861145144734143,0.6852301210457489,0.6835981960973925,0.6810648592728765,0.6738954672034111,0.6674818923537137,0.6621615897746993,0.6511843449706715,0.6364249960498496,0.6218125236863092,0.5883689365522211,0.5347509201212094,0.4390843723766216,0.2586999411647116,0.03769974294665636,0.5928373626543805,0.9615384615384616,0.9590268886043534,0.9590268886043534,0.951530612244898,0.9490445859872612,0.9465648854961832,0.9416243654822335,0.934260429835651,0.9196988707653702,0.9077306733167082,0.8935643564356436,0.875,0.8389423076923077,0.8106508875739645,0.7505720823798627,0.6469321851453176,0.4926829268292683,0.2602965403624382,0.04081632653061224,0.7915528565697308,0.49524709496299973,0.4959037337312624,0.4959037337312624,0.49602793347291724,0.4960284626473892,0.49604662710707004,0.49627697714500807,0.4964882678569405,0.49378673297638626,0.49081967781499447,0.4906842666844174,0.48461834415415134,0.4827945520010694,0.47696341364686223,0.4612188670832973,0.442022445530742,0.39131675884555644,0.25711313513978185,0.03482113014697717,0.4460043239304781,0.9664948453608248,0.9652061855670103,0.9652061855670103,0.961340206185567,0.9600515463917526,0.9587628865979382,0.9561855670103093,0.9523195876288659,0.9445876288659794,0.9381443298969072,0.9304123711340206,0.9201030927835051,0.8994845360824743,0.8827319587628866,0.845360824742268,0.7744845360824743,0.6507731958762887,0.4072164948453608,0.07731958762886598,0.8397992403689636,0.9946949602122016,0.993368700265252,0.993368700265252,0.9893899204244032,0.9880636604774535,0.986737400530504,0.9840848806366048,0.980106100795756,0.9721485411140584,0.9655172413793104,0.9575596816976127,0.946949602122016,0.9257294429708223,0.9084880636604774,0.870026525198939,0.7970822281167109,0.669761273209549,0.41909814323607425,0.07957559681697612,0.8643026664805249,0.49533110974734723,0.4959878449724881,0.4959878449724881,0.49628128363060253,0.496339493678152,0.4964099147874764,0.4967205455031232,0.49704401040200846,0.4957803510828363,0.49400833795687754,0.49448611265263354,0.49094760356451916,0.4910026798191952,0.48828276133297427,0.4792043757203597,0.46916773195259154,0.4378754470727877,0.33388349308946713,0.053162992052409305,0.45778441757843874,0.9929559082892416,0.9936140603697347,0.9936140603697347,0.9898007977943071,0.988618825213668,0.9874834562511416,0.9851352325107468,0.982142998452378,0.9769328482057837,0.9717464439323084,0.9669254349673254,0.9583570013818827,0.9407251419912058,0.9254503318095826,0.8886991152727204,0.8302798167889469,0.7335925034198919,0.5220834195238597,0.12216336722056513,0.8815958296718435,0.8500000433205686,0.8510331793374029,0.8510331793374029,0.8537947295076943,0.8546454799935186,0.8554314147064246,0.8568829237742439,0.8588724871016143,0.8623260446247833,0.8650060762418946,0.8678865173426106,0.8711388536531216,0.8768663160359079,0.8807776096717506,0.8873196337535539,0.8974142494164544,0.9108781634717493,0.9301785095422698,0.9605222426790783,0.8758951396585287,0.6918480790330072,0.6918448895837781,0.6918448895837781,0.6905444198881452,0.6900818013967255,0.6896311304547856,0.6888634718037834,0.6876158102516925,0.6829530285954102,0.6785718073601082,0.6756764847499186,0.6677565703726589,0.6589887962855119,0.6488688992290566,0.6244168174098378,0.5850978966505669,0.5046369563893173,0.3235748903582037,0.05188791211578424,0.6118265553427406,750.0,749.0,749.0,746.0,745.0,744.0,742.0,739.0,733.0,728.0,722.0,714.0,698.0,685.0,656.0,601.0,505.0,316.0,60.0,651.6842105263158,26.0,27.0,27.0,30.0,31.0,32.0,34.0,37.0,43.0,48.0,54.0,62.0,78.0,91.0,120.0,175.0,271.0,460.0,716.0,124.3157894736842,4.0,5.0,5.0,8.0,9.0,10.0,12.0,15.0,21.0,26.0,32.0,40.0,56.0,69.0,98.0,153.0,249.0,438.0,694.0,102.3157894736842,0.9020618556701031,0.8635723698321416,0.9175257731958762,0.9445876288659794,0.9721485411140584,1.0,0.0,0.0,0.773194003978041,0.9581699346405229,0.06752411575562701,0.9161350757138562,632.9985470869598,733,43,21,12,3,0,0,13.0,311,0.6392156862745098,0.6301546391752577,0.6485411140583555,489,287,265,754,776,14,3
tagging_003_tagging_aria04_rgb,0.5724251511358915,0.8870816773967934,0.5077878632537397,0.5724251511358915,0.5724251511358915,0.5724251511358915,0.5724251511358915,0.5724251511358915,0.5724251511358915,0.5701410186112336,0.5701410186112336,0.5678932195432296,0.5635237606401997,0.5596359244242495,0.5537448084735238,0.5427438008501586,0.5347353787558431,0.5194373982023255,0.4819778392205751,0.4205177139157852,0.2961717837153574,0.09234871458229807,0.5109243834927032,0.926,0.926,0.926,0.926,0.926,0.926,0.9221556886227545,0.9221556886227545,0.9145129224652088,0.9031620553359684,0.8919449901768173,0.8735408560311284,0.8483685220729367,0.8307984790874525,0.7966417910447762,0.7165775401069518,0.6266891891891891,0.40995607613469986,0.1210710128055879,0.8070302532471698,0.35385588947402613,0.35385588947402613,0.35385588947402613,0.35385588947402613,0.35385588947402613,0.35385588947402613,0.3525009769104556,0.3525009769104556,0.35264970114781935,0.35160802751832165,0.3511341745908541,0.3510234361613565,0.3472203714507356,0.344177237309381,0.3386907562272691,0.3241835314361967,0.282173604982316,0.21396859462650064,0.07044035469247466,0.3239687937267523,0.9566115702479339,0.9566115702479339,0.9566115702479339,0.9566115702479339,0.9566115702479339,0.9566115702479339,0.9545454545454546,0.9545454545454546,0.9504132231404959,0.9442148760330579,0.9380165289256198,0.9276859504132231,0.9132231404958677,0.9028925619834711,0.8822314049586777,0.8305785123966942,0.7665289256198347,0.5785123966942148,0.21487603305785125,0.8683123096998695,0.9665970772442589,0.9665970772442589,0.9665970772442589,0.9665970772442589,0.9665970772442589,0.9665970772442589,0.964509394572025,0.964509394572025,0.9603340292275574,0.954070981210856,0.9478079331941545,0.9373695198329853,0.9227557411273486,0.9123173277661796,0.8914405010438413,0.8392484342379958,0.7745302713987474,0.5845511482254697,0.21711899791231734,0.877376112515108,0.3546101909257632,0.3546101909257632,0.3546101909257632,0.3546101909257632,0.3546101909257632,0.3546101909257632,0.3536114300060158,0.3536114300060158,0.35385262471924733,0.3532144852217444,0.35309279402392124,0.35337173310858333,0.35066153294088437,0.34835581172188995,0.34457970358274476,0.3342302931640901,0.3018383864416691,0.24351494749508343,0.0889442923641037,0.3295021373868722,0.9880721930305277,0.9880721930305277,0.9880721930305277,0.9880721930305277,0.9880721930305277,0.9880721930305277,0.9859067524372465,0.9859067524372465,0.9818454774478431,0.9762875325703032,0.9709931137643093,0.9621364800602615,0.9515633567533678,0.9430929763025999,0.9243157088325595,0.8855520293978656,0.822182149043557,0.6657776785530488,0.2811000381366282,0.9086891159957896,0.8870816773967934,0.8870816773967934,0.8870816773967934,0.8870816773967934,0.8870816773967934,0.8870816773967934,0.8883374573433547,0.8883374573433547,0.8903275206952544,0.8929082762881576,0.8952993751885092,0.8987608319893323,0.9030796269377274,0.9056220575475024,0.9097828907531204,0.9179469366198975,0.9255074827978585,0.9410541267600938,0.9642774898123656,0.902301662866173,0.5818097954411111,0.5818097954411111,0.5818097954411111,0.5818097954411111,0.5818097954411111,0.5818097954411111,0.580067414386214,0.580067414386214,0.5789325859782222,0.5761887972838765,0.5739073615461606,0.5706483242704419,0.5631071639220926,0.5574540945859668,0.5466293275272565,0.5189025681992557,0.46507443518792807,0.35182877155609343,0.12302822433696649,0.5303523818849133,463.0,463.0,463.0,463.0,463.0,463.0,462.0,462.0,460.0,457.0,454.0,449.0,442.0,437.0,427.0,402.0,371.0,280.0,104.0,420.2631578947368,21.0,21.0,21.0,21.0,21.0,21.0,22.0,22.0,24.0,27.0,30.0,35.0,42.0,47.0,57.0,82.0,113.0,204.0,380.0,63.73684210526316,16.0,16.0,16.0,16.0,16.0,16.0,17.0,17.0,19.0,22.0,25.0,30.0,37.0,42.0,52.0,77.0,108.0,199.0,375.0,58.73684210526316,0.8760330578512396,0.8929082762881576,0.8987603305785123,0.9442148760330579,0.954070981210856,1.0,0.0,0.0,0.7749154592224959,0.9491173416407062,0.0707395498392283,0.8966086927992599,408.059082263688,457,27,22,11,3,0,0,13.0,311,0.48805815160955346,0.4855371900826446,0.4906054279749478,235,249,244,479,484,15,3
tagging_004_tagging_aria01_rgb,0.648268166847891,0.8774466791156096,0.5688207501770459,0.648268166847891,0.648268166847891,0.648268166847891,0.648268166847891,0.6453084249099185,0.6424496332104617,0.63957242601294,0.6374907735662398,0.6331140003923342,0.6331140003923342,0.6238508990652157,0.6137963824797513,0.600981202198394,0.587497688731719,0.5795235606776961,0.5243340193883331,0.4420600338087841,0.2815176731372127,0.09382724712477018,0.5669216122361931,0.9329268292682927,0.9329268292682927,0.9329268292682927,0.9329268292682927,0.9270516717325228,0.9212121212121213,0.9154078549848943,0.9096385542168675,0.9039039039039038,0.9039039039039038,0.8925373134328358,0.8757396449704142,0.8592375366568915,0.8323699421965318,0.8166189111747851,0.736986301369863,0.592964824120603,0.3403805496828753,0.08747855917667238,0.8024809952530977,0.4504657846295772,0.4504657846295772,0.4504657846295772,0.4504657846295772,0.44919067184409134,0.44804179375014713,0.44685315500469197,0.4467647995988461,0.44344684845547266,0.44344684845547266,0.4360489342093649,0.43020320172664683,0.42034756395896583,0.4146636210268358,0.41126595623092566,0.3730410773943962,0.32955930190435295,0.2328341039534368,0.10063668613051766,0.40148461590328804,0.9473684210526315,0.9473684210526315,0.9473684210526315,0.9473684210526315,0.9442724458204335,0.9411764705882353,0.9380804953560371,0.934984520123839,0.9318885448916409,0.9318885448916409,0.9256965944272446,0.9164086687306502,0.9071207430340558,0.891640866873065,0.8823529411764706,0.8328173374613003,0.7306501547987616,0.4984520123839009,0.15789473684210525,0.8502525664005213,0.9839228295819936,0.9839228295819936,0.9839228295819936,0.9839228295819936,0.9807073954983923,0.977491961414791,0.9742765273311897,0.9710610932475884,0.9678456591639871,0.9678456591639871,0.9614147909967846,0.9517684887459807,0.9421221864951769,0.9260450160771704,0.9163987138263665,0.864951768488746,0.7588424437299035,0.5176848874598071,0.1639871382636656,0.8830597393806059,0.4530151735417636,0.4530151735417636,0.4530151735417636,0.4530151735417636,0.4521545110242634,0.4513851294433304,0.4505703085435759,0.4506376520879601,0.44837322101529986,0.44837322101529986,0.4431841594098204,0.43928412890512847,0.4320889243992934,0.4285396521900495,0.4263042030175015,0.3962101935363482,0.36059867677382995,0.26841212709589307,0.1280623650707574,0.4124336404050214,0.9889721654427537,0.9889721654427537,0.9889721654427537,0.9889721654427537,0.9857353840960398,0.982508636456005,0.9793863170100794,0.9761810782549717,0.9728278351715104,0.9728278351715104,0.9664994667183504,0.957613550064382,0.94838043501128,0.9391707802570216,0.929178313605629,0.8818747228915408,0.794672341187002,0.6037567366646207,0.2942874601913503,0.9021468186590688,0.8774466791156096,0.8774466791156096,0.8774466791156096,0.8774466791156096,0.8796625893458513,0.8816254673930873,0.883465831999966,0.8851128625252728,0.8867199567525388,0.8867199567525388,0.8891165511931253,0.892344427226051,0.8950229332481574,0.898944513387455,0.9008455100838562,0.9080013903342029,0.918495824817382,0.9378023373197972,0.9636007381522667,0.8956456635259993,0.6532664533884756,0.6532664533884756,0.6532664533884756,0.6532664533884756,0.651274423221075,0.6493738477316325,0.6474443829381867,0.6463112034934488,0.64283982324056,0.64283982324056,0.6353337810956055,0.6278868874072621,0.6174997931586799,0.6080551212785663,0.6023966517885959,0.557382343494388,0.4907061798589736,0.3406708494532412,0.12605555550327652,0.5841650779188398,306.0,306.0,306.0,306.0,305.0,304.0,303.0,302.0,301.0,301.0,299.0,296.0,293.0,288.0,285.0,269.0,236.0,161.0,51.0,274.63157894736844,17.0,17.0,17.0,17.0,18.0,19.0,20.0,21.0,22.0,22.0,24.0,27.0,30.0,35.0,38.0,54.0,87.0,162.0,272.0,48.36842105263158,5.0,5.0,5.0,5.0,6.0,7.0,8.0,9.0,10.0,10.0,12.0,15.0,18.0,23.0,26.0,42.0,75.0,150.0,260.0,36.36842105263158,0.8792569659442725,0.8867199567525388,0.9009287925696594,0.9318885448916409,0.9678456591639871,0.6666666666666666,0.3333333333333333,0.0,0.7736925912771337,0.9495268138801262,0.08264462809917356,0.8983123899689961,266.9027069825142,301,22,10,7,2,1,0,9.0,121,0.5331230283911672,0.5232198142414861,0.5434083601286174,169,154,142,311,323,11,3
tagging_004_tagging_aria02_rgb,0.7287450635024302,0.9114344757167272,0.6642033748844905,0.7287450635024302,0.7287450635024302,0.7287450635024302,0.7287450635024302,0.7287450635024302,0.7287450635024302,0.7287450635024302,0.7287450635024302,0.7287450635024302,0.7287450635024302,0.7271304862220754,0.7189641283927184,0.699757829710897,0.6957122090381256,0.6802360035171461,0.6374343142392601,0.5947672078884879,0.5274171475206793,0.20361731776193073,0.672236172595559,0.975,0.975,0.975,0.975,0.975,0.975,0.975,0.975,0.975,0.975,0.966804979253112,0.9586776859504132,0.926829268292683,0.9190283400809717,0.8884462151394422,0.823076923076923,0.7362637362637363,0.6067796610169491,0.185,0.8821529899512753,0.5446865308504215,0.5446865308504215,0.5446865308504215,0.5446865308504215,0.5446865308504215,0.5446865308504215,0.5446865308504215,0.5446865308504215,0.5446865308504215,0.5446865308504215,0.5468721772637166,0.539189996273928,0.528318469208155,0.5266600132941102,0.5208205208104291,0.49366285650521363,0.4804637443840532,0.4584346928053672,0.2241081734733139,0.5139682080275001,0.9873417721518988,0.9873417721518988,0.9873417721518988,0.9873417721518988,0.9873417721518988,0.9873417721518988,0.9873417721518988,0.9873417721518988,0.9873417721518988,0.9873417721518988,0.9831223628691983,0.9789029535864979,0.9620253164556962,0.9578059071729957,0.9409282700421941,0.9029535864978903,0.8481012658227848,0.7552742616033755,0.31223628691983124,0.9218298911836553,0.9873417721518988,0.9873417721518988,0.9873417721518988,0.9873417721518988,0.9873417721518988,0.9873417721518988,0.9873417721518988,0.9873417721518988,0.9873417721518988,0.9873417721518988,0.9831223628691983,0.9789029535864979,0.9620253164556962,0.9578059071729957,0.9409282700421941,0.9029535864978903,0.8481012658227848,0.7552742616033755,0.31223628691983124,0.9218298911836553,0.5512519485773114,0.5512519485773114,0.5512519485773114,0.5512519485773114,0.5512519485773114,0.5512519485773114,0.5512519485773114,0.5512519485773114,0.5512519485773114,0.5512519485773114,0.5534663598688575,0.548529597710004,0.5426019238257828,0.5416234922904208,0.5387019250145214,0.5215718528198892,0.5148182096123803,0.5039017548425997,0.3112141383672521,0.5309973021118328,0.9875610140135412,0.9875610140135412,0.9875610140135412,0.9875610140135412,0.9875610140135412,0.9875610140135412,0.9875610140135412,0.9875610140135412,0.9875610140135412,0.9875610140135412,0.9853617050608097,0.9812834932321275,0.9707110229024773,0.9663102037536029,0.94917481424013,0.9118575491378655,0.8733086291860677,0.8110131687442788,0.44052434905351767,0.9350081618655941,0.9114344757167272,0.9114344757167272,0.9114344757167272,0.9114344757167272,0.9114344757167272,0.9114344757167272,0.9114344757167272,0.9114344757167272,0.9114344757167272,0.9114344757167272,0.9130159814171168,0.9144319706707107,0.9194187929623192,0.9206031135294823,0.9241881665668089,0.9301698982911573,0.9369446232926717,0.9444427864486208,0.9627865297798526,0.9200182431645271,0.7333428697663359,0.7333428697663359,0.7333428697663359,0.7333428697663359,0.7333428697663359,0.7333428697663359,0.7333428697663359,0.7333428697663359,0.7333428697663359,0.7333428697663359,0.7332409338675304,0.7265085545930212,0.7129205723847252,0.7102380388326911,0.7000391072280402,0.6676485952970889,0.6383430972400895,0.5884249519708898,0.26452732175276894,0.6881747300436949,234.0,234.0,234.0,234.0,234.0,234.0,234.0,234.0,234.0,234.0,233.0,232.0,228.0,227.0,223.0,214.0,201.0,179.0,74.0,218.47368421052633,3.0,3.0,3.0,3.0,3.0,3.0,3.0,3.0,3.0,3.0,4.0,5.0,9.0,10.0,14.0,23.0,36.0,58.0,163.0,18.526315789473685,3.0,3.0,3.0,3.0,3.0,3.0,3.0,3.0,3.0,3.0,4.0,5.0,9.0,10.0,14.0,23.0,36.0,58.0,163.0,18.526315789473685,0.9535864978902954,0.9114344757167272,0.9746835443037974,0.9873417721518988,0.9873417721518988,1.0,0.0,0.0,0.8661420561928868,0.9873417721518988,0.024793388429752067,0.9717343037791729,213.27566731771415,234,3,3,5,3,0,0,5.0,121,0.6413502109704642,0.6413502109704642,0.6413502109704642,152,85,85,237,237,8,3
tagging_004_tagging_aria03_rgb,0.5611302384763481,0.8358287953282236,0.4690088112479249,0.5611302384763481,0.5611302384763481,0.5611302384763481,0.5611302384763481,0.5587919975214527,0.5587919975214527,0.5587919975214527,0.5553206876063834,0.5496456806304996,0.5485303841191685,0.5485303841191685,0.5261675025978411,0.5104266040705658,0.4971815574707693,0.45002451065097043,0.37201995618578226,0.23969017732590903,0.13647964417806743,0.027091941409431972,0.4674739987807531,0.9063670411985019,0.9063670411985019,0.9063670411985019,0.9063670411985019,0.8992537313432836,0.8992537313432836,0.8992537313432836,0.8921933085501859,0.8782287822878229,0.8713235294117647,0.8713235294117647,0.8309352517985612,0.8049645390070922,0.7735191637630662,0.6798679867986799,0.551829268292683,0.34656084656084657,0.17011494252873563,0.02414486921529175,0.7378018619184395,0.34739474210819726,0.34739474210819726,0.34739474210819726,0.34739474210819726,0.34723069319666416,0.34723069319666416,0.34723069319666416,0.345643778235398,0.3439996278062704,0.3453201619667635,0.3453201619667635,0.33318148458715857,0.32366061549043557,0.31956480546198285,0.2978843894978328,0.2508001219809647,0.1657757409027994,0.10949475100828077,0.03039872706650426,0.29696396915757556,0.9307692307692308,0.9307692307692308,0.9307692307692308,0.9307692307692308,0.926923076923077,0.926923076923077,0.926923076923077,0.9230769230769231,0.9153846153846154,0.9115384615384615,0.9115384615384615,0.8884615384615384,0.8730769230769231,0.8538461538461538,0.7923076923076923,0.6961538461538461,0.5038461538461538,0.2846153846153846,0.046153846153846156,0.7949392712550608,0.9718875502008032,0.9718875502008032,0.9718875502008032,0.9718875502008032,0.9678714859437751,0.9678714859437751,0.9678714859437751,0.963855421686747,0.9558232931726908,0.9518072289156626,0.9518072289156626,0.927710843373494,0.9116465863453815,0.891566265060241,0.8273092369477911,0.7269076305220884,0.5261044176706827,0.2971887550200803,0.04819277108433735,0.8300570703868104,0.3907644006932585,0.3907644006932585,0.3907644006932585,0.3907644006932585,0.3908886316410811,0.3908886316410811,0.3908886316410811,0.38988368647417676,0.3875612561387335,0.38906603850619,0.38906603850619,0.37569754462843047,0.3676293362181459,0.3659189318619697,0.3392024768667173,0.29599411173106815,0.20719806192829723,0.13784648908370487,0.03377957959802573,0.33760879206515404,0.8390217227976903,0.8390217227976903,0.8390217227976903,0.8390217227976903,0.8348595504310504,0.8348595504310504,0.8348595504310504,0.8301273475774543,0.8268899637434225,0.8240498370081627,0.8240498370081627,0.8146913663961122,0.8009359894219499,0.7845730391748732,0.7677908937927578,0.681243507904826,0.531499397189805,0.41080061340035084,0.27782386458857045,0.74921795787844,0.8358287953282236,0.8358287953282236,0.8358287953282236,0.8358287953282236,0.8383017803692407,0.8383017803692407,0.8383017803692407,0.8402149862301713,0.8437492010445237,0.8453163915032851,0.8453163915032851,0.8521888072934001,0.8560527653473233,0.8599191232719913,0.870747898101037,0.8840350322304701,0.9050483420959969,0.9292824154056218,0.9681671455487363,0.8609610011577085,0.5686337458200332,0.5686337458200332,0.5686337458200332,0.5686337458200332,0.5673236664726625,0.5673236664726625,0.5673236664726625,0.5648502414748653,0.561152356309669,0.561045995598753,0.561045995598753,0.5440762211153932,0.5315831207756437,0.5223592442450966,0.4858148754592779,0.4178462271373314,0.2890077325174398,0.17653297332676296,0.03745688417768083,0.48575146581235723,242.0,242.0,242.0,242.0,241.0,241.0,241.0,240.0,238.0,237.0,237.0,231.0,227.0,222.0,206.0,181.0,131.0,74.0,12.0,206.68421052631578,18.0,18.0,18.0,18.0,19.0,19.0,19.0,20.0,22.0,23.0,23.0,29.0,33.0,38.0,54.0,79.0,129.0,186.0,248.0,53.31578947368421,7.0,7.0,7.0,7.0,8.0,8.0,8.0,9.0,11.0,12.0,12.0,18.0,22.0,27.0,43.0,68.0,118.0,175.0,237.0,42.31578947368421,0.8269230769230769,0.8453163915032851,0.8653846153846154,0.9115384615384615,0.9518072289156626,1.0,0.0,0.0,0.6859230184087637,0.931237721021611,0.09917355371900827,0.8615384615384616,200.33998478627856,237,23,12,10,3,0,0,11.0,121,0.5225933202357563,0.5115384615384615,0.5341365461847389,133,127,116,249,260,11,3
tagging_004_tagging_aria04_rgb,0.7570958503723191,0.8410210552073931,0.6367335509732664,0.7570958503723191,0.7570958503723191,0.7570958503723191,0.7511273674228304,0.7511273674228304,0.7482912033080423,0.7482912033080423,0.7311594522497546,0.7252881989217217,0.7170684036947153,0.7007475113155587,0.688474099665302,0.6605812791547325,0.6258672894473455,0.6024789537465516,0.5781271242878766,0.4794575777541412,0.269482232002411,0.0891385188787435,0.6388418596682924,0.8879310344827587,0.8879310344827587,0.8879310344827587,0.8717948717948718,0.8717948717948718,0.8638297872340426,0.8638297872340426,0.8481012658227848,0.825,0.8174273858921162,0.7877551020408163,0.7661290322580645,0.7312252964426877,0.6781609195402298,0.6343283582089553,0.5985401459854015,0.46488294314381273,0.24786324786324787,0.07881773399014778,0.7164880975102299,0.6455390164224686,0.6455390164224686,0.6455390164224686,0.6471617812226622,0.6471617812226622,0.6482060855311651,0.6482060855311651,0.6303423496196826,0.637627844236503,0.6290309138788132,0.6233499133713084,0.618690280556143,0.5967622133596475,0.5776060706443146,0.572228696715415,0.5584102822160937,0.4944891445388103,0.2929868546105223,0.10081075851393188,0.571562531844013,0.9279279279279279,0.9279279279279279,0.9279279279279279,0.918918918918919,0.918918918918919,0.9144144144144144,0.9144144144144144,0.9054054054054054,0.8918918918918919,0.8873873873873874,0.8693693693693694,0.8558558558558559,0.8333333333333334,0.7972972972972973,0.7657657657657657,0.7387387387387387,0.6261261261261262,0.3918918918918919,0.14414414414414414,0.7977714556661925,0.9537037037037037,0.9537037037037037,0.9537037037037037,0.9444444444444444,0.9444444444444444,0.9398148148148148,0.9398148148148148,0.9305555555555556,0.9166666666666666,0.9120370370370371,0.8935185185185185,0.8796296296296297,0.8564814814814815,0.8194444444444444,0.7870370370370371,0.7592592592592593,0.6435185185185185,0.4027777777777778,0.14814814814814814,0.8199317738791424,0.6499619440345041,0.6499619440345041,0.6499619440345041,0.6519997546313335,0.6519997546313335,0.6531892789606039,0.6531892789606039,0.642275739447774,0.6497811509773234,0.6443693340233548,0.64252518683934,0.6409138368556652,0.6269328087749141,0.6175219740117153,0.6166088967791754,0.6072920874589681,0.5763800001588718,0.4052297722442913,0.16745663875598085,0.5998711224007769,0.9634285505643394,0.9634285505643394,0.9634285505643394,0.9549711152118159,0.9549711152118159,0.9513224400457999,0.9513224400457999,0.941391647522797,0.9422603395911047,0.9373408874821088,0.9198200146688944,0.9103318634845442,0.8887330673461659,0.8655019038823727,0.8435405741835351,0.8241704338483546,0.7359835703979987,0.5037657211732235,0.2026705592203007,0.8535991234215606,0.8410210552073931,0.8410210552073931,0.8410210552073931,0.8475387194140189,0.8475387194140189,0.8504705737696538,0.8504705737696538,0.8550280869945617,0.8613988387087768,0.8633131795223545,0.8700073966609452,0.8745850397943142,0.8813897096917943,0.8910169788490307,0.8976876828973628,0.9019860477200097,0.9140065221136369,0.9388033620284406,0.962359645354191,0.8752981180171023,0.773959741786053,0.773959741786053,0.773959741786053,0.7711609458256887,0.7711609458256887,0.7698889453166867,0.7698889453166867,0.7554570607265542,0.7541187600895785,0.7471238848094878,0.736153055474244,0.7276741712985815,0.7051963162597866,0.6786190087429204,0.6619615896208978,0.6422766596904018,0.5564284073279395,0.3388497790360387,0.12054576104746573,0.675178076935095,206.0,206.0,206.0,204.0,204.0,203.0,203.0,201.0,198.0,197.0,193.0,190.0,185.0,177.0,170.0,164.0,139.0,87.0,32.0,177.10526315789474,16.0,16.0,16.0,18.0,18.0,19.0,19.0,21.0,24.0,25.0,29.0,32.0,37.0,45.0,52.0,58.0,83.0,135.0,190.0,44.89473684210526,10.0,10.0,10.0,12.0,12.0,13.0,13.0,15.0,18.0,19.0,23.0,26.0,31.0,39.0,46.0,52.0,77.0,129.0,184.0,38.89473684210526,0.7747747747747747,0.8646950139131023,0.8018018018018018,0.8873873873873874,0.9120370370370371,0.6666666666666666,0.3333333333333333,0.0,0.6547068366706359,0.8995433789954338,0.15702479338842976,0.7982966159892628,170.34491774088116,197,25,19,6,2,1,0,10.0,121,0.726027397260274,0.7162162162162162,0.7361111111111112,159,63,57,216,222,10,3
tagging_005_tagging_aria01_rgb,0.40591876391831627,0.8753079695219712,0.35530392903620983,0.40591876391831627,0.40591876391831627,0.4047865078219678,0.4040374620454144,0.4021797396333033,0.40063507969250295,0.39939054108413663,0.39765648613893695,0.39707721569120646,0.39503113195769535,0.3932746349763686,0.3886962512832647,0.38491393117524003,0.3733881962389917,0.35428718916640534,0.32773443614691855,0.29007166168087667,0.226235398197407,0.05959090290050442,0.35846443650883014,0.8773408239700374,0.8773408239700374,0.8738317757009346,0.8703358208955224,0.8651162790697674,0.8582020389249305,0.8547641073080481,0.847926267281106,0.8462246777163904,0.8394495412844036,0.8344007319304666,0.821071752951862,0.8079350766456267,0.7727674624226348,0.7239896818572656,0.6502057613168725,0.5554693560899923,0.38658367911479946,0.08849077090119435,0.7500761278606258,0.18780619617741728,0.18780619617741728,0.18750990919650615,0.18756699059924853,0.1869674018219086,0.18702876455675535,0.18661617040734338,0.18649107483769317,0.18632204823731652,0.1858951462133313,0.18536050197123358,0.18400922357698096,0.18337950498188632,0.1804148749399055,0.17337182497606146,0.16519364642201828,0.15147832727008814,0.1323968345346008,0.040129334080074304,0.17188126163040984,0.8923809523809524,0.8923809523809524,0.8904761904761904,0.8885714285714286,0.8857142857142857,0.8819047619047619,0.88,0.8761904761904762,0.8752380952380953,0.8714285714285714,0.8685714285714285,0.8609523809523809,0.8533333333333334,0.8323809523809523,0.8019047619047619,0.7523809523809524,0.6819047619047619,0.5323809523809524,0.15523809523809523,0.7985964912280702,0.981151832460733,0.981151832460733,0.9790575916230366,0.9769633507853404,0.9738219895287958,0.9696335078534032,0.9675392670157068,0.9633507853403142,0.962303664921466,0.9581151832460733,0.9549738219895288,0.9465968586387434,0.9382198952879581,0.9151832460732985,0.881675392670157,0.8272251308900523,0.749738219895288,0.5853403141361256,0.1706806282722513,0.8780380270046846,0.18986574224867983,0.18986574224867983,0.18960978916359936,0.18968728105585023,0.18917407805008613,0.1892923395673801,0.1889326503673095,0.18886326139892717,0.1887225447974224,0.1883863592009084,0.18793715764316096,0.18688509821668006,0.18638450230944653,0.18408489572498443,0.1785944199802573,0.172056354115294,0.16061230508899854,0.14487168596906969,0.0483867902291982,0.17590594723031225,0.9327927537842201,0.9327927537842201,0.9308961539546582,0.9287684938079307,0.9257405094843746,0.922082957611236,0.9202203114531965,0.9167651252968491,0.9156468670605622,0.9121477432943944,0.9089798708749656,0.9036239599024818,0.8975159016654081,0.880248442222918,0.856235618811529,0.822685092731306,0.7588374598203147,0.6265311397909593,0.23402686626549837,0.8487651590324747,0.8753079695219712,0.8753079695219712,0.8768991872532913,0.8783830380567677,0.8804673173354122,0.8830623345174219,0.8842880309283909,0.8864534162569642,0.8869358372963732,0.8887742502719106,0.8899784250777831,0.8927457049531851,0.8950669069250415,0.9004445077321581,0.9070392879054326,0.9157060420033353,0.9245767727865966,0.9376677715150626,0.96360736076292,0.8969848489801047,0.40938328276548813,0.40938328276548813,0.40862343253641387,0.40824829306393673,0.4069394288546486,0.4061299768248671,0.40524342062328683,0.40422976593431625,0.4038268869207317,0.40248520680913075,0.4012466024751754,0.3980240936875565,0.39558038911352733,0.38752278052544076,0.3728641736992475,0.3525458169121858,0.3213935168774272,0.26549115401789597,0.07892782390110546,0.3704257541214669,937.0,937.0,935.0,933.0,930.0,926.0,924.0,920.0,919.0,915.0,912.0,904.0,896.0,874.0,842.0,790.0,716.0,559.0,163.0,838.5263157894736,113.0,113.0,115.0,117.0,120.0,124.0,126.0,130.0,131.0,135.0,138.0,146.0,154.0,176.0,208.0,260.0,334.0,491.0,887.0,211.47368421052633,18.0,18.0,20.0,22.0,25.0,29.0,31.0,35.0,36.0,40.0,43.0,51.0,59.0,81.0,113.0,165.0,239.0,396.0,792.0,116.47368421052632,0.8114285714285714,0.8850932514236247,0.839047619047619,0.8742857142857143,0.9612565445026178,1.0,0.0,0.0,0.7109672426732262,0.91571072319202,0.08390022675736962,0.83765485904962,812.5156048068875,918,132,37,29,3,0,0,32.0,441,0.3112219451371571,0.29714285714285715,0.3267015706806283,312,738,643,955,1050,26,3
tagging_005_tagging_aria02_rgb,0.6391430932809785,0.8902423613932304,0.568992256630632,0.6391430932809785,0.6391430932809785,0.6391430932809785,0.6380693829021725,0.6376927496826928,0.6376927496826928,0.6372995817559144,0.6358163385262765,0.6336336441230461,0.6327151910215216,0.6295515706861062,0.6192644654929861,0.6033760742712381,0.5919763593284775,0.5807008334457706,0.5580758528894998,0.5256294186034194,0.4111347672038272,0.1266244072846706,0.5798254035128025,0.9649122807017544,0.9649122807017544,0.9649122807017544,0.9626168224299065,0.9603267211201867,0.9603267211201867,0.958041958041958,0.9534883720930233,0.9489559164733179,0.9444444444444444,0.9377162629757786,0.9112627986348123,0.8708240534521158,0.8360655737704918,0.8064516129032258,0.7463617463617463,0.6716417910447762,0.4854111405835544,0.14052953156822812,0.8415369636380534,0.4233585807320059,0.4233585807320059,0.4233585807320059,0.4229435097232625,0.4234517628787091,0.4234517628787091,0.4239383812963187,0.42398253420705634,0.42308771987717503,0.42387724900524776,0.4226600260675877,0.42083192553984244,0.4180668707527718,0.4191489531417984,0.4181446878761197,0.4172891484545482,0.41135958093314895,0.3482239748361308,0.11409516804949742,0.4012962630375759,0.9880239520958084,0.9880239520958084,0.9880239520958084,0.9868263473053892,0.98562874251497,0.98562874251497,0.9844311377245509,0.9820359281437125,0.9796407185628743,0.9772455089820359,0.9736526946107784,0.9592814371257485,0.9365269461077844,0.9161676646706587,0.8982035928143712,0.859880239520958,0.8083832335329342,0.6574850299401198,0.24790419161676647,0.9001575795776865,0.9763313609467456,0.9763313609467456,0.9763313609467456,0.9751479289940829,0.9739644970414201,0.9739644970414201,0.9727810650887574,0.9704142011834319,0.9680473372781065,0.9656804733727811,0.9621301775147929,0.9479289940828403,0.9254437869822485,0.9053254437869822,0.8875739644970414,0.8497041420118343,0.7988165680473372,0.6497041420118344,0.24497041420118343,0.8895048271566491,0.4239999179805405,0.4239999179805405,0.4239999179805405,0.4237148711520303,0.42422403515440676,0.42422403515440676,0.42471169883953214,0.4248585908335104,0.4242376572922861,0.42503693870446946,0.4241842763200081,0.4231925400492664,0.42172383042234424,0.42317771276832356,0.4228845102669333,0.42305962177330025,0.420346049899681,0.37982574572807376,0.15868106082738756,0.40737278574355684,0.985409622067376,0.985409622067376,0.985409622067376,0.984195415913383,0.9847837457018561,0.9847837457018561,0.9839542044354755,0.9815605540141157,0.9791406593250039,0.9771384240988914,0.97362782619269,0.9626780931099356,0.9436138017990504,0.9349018798034814,0.9231424055229839,0.8985575032865024,0.8696751018570893,0.7588013733093917,0.31229745355949856,0.916267423885965,0.8902423613932304,0.8902423613932304,0.8902423613932304,0.891092984866597,0.8918946350326444,0.8918946350326444,0.8925833429765093,0.8938301564714568,0.8950030638216759,0.8960553088599943,0.8973893794065031,0.9020638200761252,0.9088555320553563,0.9140651911606393,0.9178358230275453,0.9242703832567823,0.9303256044082556,0.9420516876809468,0.9635429696469704,0.906499031682123,0.6467522076410013,0.6467522076410013,0.6467522076410013,0.6460431864950891,0.6460388754261537,0.6460388754261537,0.646017138336623,0.6452643500897519,0.6437965190303562,0.6436086838677975,0.6415014211090795,0.6353709580396762,0.625724292108698,0.6196859830180709,0.6128450546154179,0.5990147685346277,0.5766595080110027,0.47848934211850636,0.16818046974214865,0.6007650552048505,825.0,825.0,825.0,824.0,823.0,823.0,822.0,820.0,818.0,816.0,813.0,801.0,782.0,765.0,750.0,718.0,675.0,549.0,207.0,751.6315789473684,10.0,10.0,10.0,11.0,12.0,12.0,13.0,15.0,17.0,19.0,22.0,34.0,53.0,70.0,85.0,117.0,160.0,286.0,628.0,83.36842105263158,20.0,20.0,20.0,21.0,22.0,22.0,23.0,25.0,27.0,29.0,32.0,44.0,63.0,80.0,95.0,127.0,170.0,296.0,638.0,93.36842105263158,0.925748502994012,0.8960954882884942,0.9425149700598803,0.9772455089820359,0.9656804733727811,1.0,0.0,0.0,0.8242082855609715,0.9714285714285714,0.06575963718820861,0.9411423616339183,731.2139184434112,816,19,29,14,3,0,0,14.0,441,0.5178571428571429,0.5209580838323353,0.514792899408284,435,400,410,845,835,20,3
tagging_005_tagging_aria03_rgb,0.4552047299426454,0.8696936261338724,0.39588865221710934,0.4552047299426454,0.4552047299426454,0.454927600099175,0.454927600099175,0.45463901049343586,0.45400160267037065,0.4537260565274692,0.451593072059127,0.45062393651900484,0.4490110652457312,0.4431992603483369,0.4390298036268839,0.43413776716586683,0.4216569416541333,0.4036534252838315,0.36222748527646026,0.28841910688024286,0.19252162766555694,0.05198139939081637,0.3984571695205741,0.8926014319809069,0.8926014319809069,0.8903456495828367,0.8903456495828367,0.888095238095238,0.8858501783590963,0.8836104513064132,0.8769230769230769,0.8747044917257684,0.8680800942285041,0.8506417736289381,0.839907192575406,0.8250863060989643,0.792090395480226,0.7524861878453039,0.6589958158995816,0.4948162111215834,0.31074380165289256,0.06945380984490897,0.7598620625217571,0.23214319262551783,0.23214319262551783,0.2324480626473142,0.2324480626473142,0.2327415135180408,0.23267755684044292,0.23298426820053392,0.23255894171170163,0.23214918190627828,0.23224923374413464,0.23091457586821562,0.22948626964562588,0.22843137679848716,0.2244624823879154,0.21653033686894219,0.19910407308216044,0.16811409841452638,0.11927696360102225,0.03890450197996775,0.20946146763756102,0.9144254278728606,0.9144254278728606,0.91320293398533,0.91320293398533,0.9119804400977995,0.910757946210269,0.9095354523227384,0.9058679706601467,0.9046454767726161,0.9009779951100244,0.89119804400978,0.8850855745721271,0.8765281173594132,0.8569682151589242,0.8325183374083129,0.7701711491442543,0.6418092909535452,0.45965770171149145,0.12591687041564792,0.8125723845064985,0.9739583333333334,0.9739583333333334,0.97265625,0.97265625,0.9713541666666666,0.9700520833333334,0.96875,0.96484375,0.9635416666666666,0.9596354166666666,0.94921875,0.9427083333333334,0.93359375,0.9127604166666666,0.88671875,0.8203125,0.68359375,0.4895833333333333,0.13411458333333334,0.8654742324561402,0.23753327523069603,0.23753327523069603,0.23784522806968691,0.23784522806968691,0.23814594082378365,0.2381119674683101,0.2384259559937991,0.23813255569739947,0.23780370579769128,0.23783657137191636,0.2365413472373088,0.23523463336771,0.23445707593384255,0.23099453594021135,0.2247290363349853,0.21059129411348487,0.18464323969937232,0.13733339434439093,0.048063369070547486,0.2169369278839747,0.907426162422134,0.907426162422134,0.9084178083334532,0.9084178083334532,0.9076248027145972,0.9061870864709184,0.90673303685596,0.9025841779686032,0.9011687511820744,0.9000146182297586,0.8933871701704263,0.8891179196325494,0.8821315129519797,0.8661393533678826,0.8406775551800714,0.7807550472171636,0.6675810769479713,0.5230185145752109,0.21884831084623146,0.821981940832767,0.8696936261338724,0.8696936261338724,0.8707221311163724,0.8707221311163724,0.8715650184826735,0.8723753561904011,0.8731324571137143,0.8751495327816827,0.875767878913971,0.8773894934219875,0.8812087067623321,0.8833416259767686,0.8858375618940728,0.8906110314122183,0.8953590905571855,0.9050603178666504,0.9201913019200815,0.9365148643407575,0.9620488611043823,0.8887570849073352,0.4607359745498077,0.4607359745498077,0.46073013012905195,0.46073013012905195,0.460712174711295,0.46034001976498296,0.4603340653936604,0.45898550803620203,0.4582714341391768,0.45744010425915854,0.4536415086244883,0.4506828006766099,0.4474667860869639,0.43858546818392574,0.424576819961469,0.39159189568348973,0.3284770772865615,0.23415075262738555,0.0699909503750086,0.41253576711411044,748.0,748.0,747.0,747.0,746.0,745.0,744.0,741.0,740.0,737.0,729.0,724.0,717.0,701.0,681.0,630.0,525.0,376.0,103.0,664.6842105263158,70.0,70.0,71.0,71.0,72.0,73.0,74.0,77.0,78.0,81.0,89.0,94.0,101.0,117.0,137.0,188.0,293.0,442.0,715.0,153.31578947368422,20.0,20.0,21.0,21.0,22.0,23.0,24.0,27.0,28.0,31.0,39.0,44.0,51.0,67.0,87.0,138.0,243.0,392.0,665.0,103.3157894736842,0.8484107579462102,0.876779892637893,0.8679706601466992,0.9034229828850856,0.9622395833333334,0.6666666666666666,0.3333333333333333,0.0,0.7370908810017152,0.9319041614123581,0.06575963718820861,0.866498630828049,647.940340659403,739,79,29,16,2,1,0,17.0,441,0.34300126103404793,0.33251833740831294,0.3541666666666667,272,546,496,768,818,18,3
tagging_005_tagging_aria04_rgb,0.6702316283452914,0.8632514559457711,0.5785784289899778,0.6702316283452914,0.6702316283452914,0.6702316283452914,0.6696098509139614,0.6687368171749396,0.6671073135952613,0.6630390274026496,0.6568644681211122,0.6511314965022243,0.6443621354033168,0.6366880526515227,0.6292904722636878,0.619648245831131,0.6024933286183857,0.5857035382833452,0.5505846868830492,0.47932416020124513,0.2910843915259287,0.08080973451287554,0.5845880318379216,0.9278350515463918,0.9278350515463918,0.9278350515463918,0.9245283018867925,0.9212328767123288,0.9163108454312553,0.9081632653061225,0.8984771573604061,0.8888888888888888,0.8731218697829716,0.8545454545454545,0.8333333333333334,0.8155339805825242,0.7781299524564184,0.744945567651633,0.6821589205397302,0.5507947477539737,0.30921820303383896,0.07780979827089338,0.7768788588513548,0.4841490250726103,0.4841490250726103,0.4841490250726103,0.4849795852933456,0.4854461254588045,0.485678162679429,0.48407678294592194,0.4802247068224081,0.47696875395437954,0.47553792421294827,0.4743711106681989,0.4752077981782262,0.470812936926721,0.46650075592610346,0.4605016120024135,0.44438837974918727,0.4171275261601681,0.2740140203865935,0.08392533250512502,0.4416951888993581,0.935064935064935,0.935064935064935,0.935064935064935,0.9333333333333333,0.9316017316017317,0.929004329004329,0.9246753246753247,0.9194805194805195,0.9142857142857143,0.9056277056277057,0.8952380952380953,0.8831168831168831,0.8727272727272727,0.8502164502164502,0.8294372294372294,0.7878787878787878,0.69004329004329,0.4588744588744589,0.14025974025974025,0.8247892458418774,0.9917355371900827,0.9917355371900827,0.9917355371900827,0.98989898989899,0.9880624426078971,0.9853076216712581,0.9807162534435262,0.9752066115702479,0.9696969696969697,0.960514233241506,0.9494949494949495,0.9366391184573003,0.9256198347107438,0.9017447199265382,0.8797061524334252,0.8356290174471993,0.7318640955004592,0.4866850321395776,0.1487603305785124,0.8747764728625971,0.4849318725710473,0.4849318725710473,0.4849318725710473,0.48576263355395016,0.4862624658210158,0.48658516426291093,0.485942041206247,0.48390388230690795,0.4823930728013185,0.4820808223180325,0.4821067070679511,0.4839890991469351,0.48218455168683777,0.48161775161345494,0.4793393624590412,0.47245644051872265,0.46382362348432826,0.3614936457146939,0.1409150678003401,0.4576658920776752,0.9652263121983542,0.9652263121983542,0.9652263121983542,0.9646698646975135,0.9638984388517896,0.9611879964627452,0.956653523101825,0.951341204443569,0.9482256770473196,0.9402308741535396,0.9321033134851543,0.9237279306640835,0.9162813492548836,0.9027211811800716,0.8883066370256829,0.8546545776662939,0.771405261933781,0.5511506863265682,0.19758735028808389,0.8694644633251563,0.8632514559457711,0.8632514559457711,0.8632514559457711,0.8645142101062184,0.865734227794183,0.8673634078451623,0.8698716495736663,0.8726819367720731,0.8752155914294278,0.8790022465163785,0.8830453749598458,0.88720732960806,0.8903249323514204,0.8960110451374953,0.9003627671550759,0.9065945850307465,0.9176492345245439,0.9373166272227192,0.9621869606247707,0.8876229733941632,0.6728378531944171,0.6728378531944171,0.6728378531944171,0.6727909132415923,0.6724897404992687,0.671712077926293,0.6690395028982272,0.6644977523637292,0.6603678655879214,0.656247147989181,0.6516709979357513,0.6478148111613318,0.641008026789661,0.629782991773184,0.6180268450566365,0.5917129185544356,0.5365035419446743,0.3545955940630298,0.10849583097235198,0.6034352693863432,1080.0,1080.0,1080.0,1078.0,1076.0,1073.0,1068.0,1062.0,1056.0,1046.0,1034.0,1020.0,1008.0,982.0,958.0,910.0,797.0,530.0,162.0,952.6315789473684,75.0,75.0,75.0,77.0,79.0,82.0,87.0,93.0,99.0,109.0,121.0,135.0,147.0,173.0,197.0,245.0,358.0,625.0,993.0,202.3684210526316,9.0,9.0,9.0,11.0,13.0,16.0,21.0,27.0,33.0,43.0,55.0,69.0,81.0,107.0,131.0,179.0,292.0,559.0,927.0,136.3684210526316,0.8666666666666667,0.8788827108175333,0.8857142857142857,0.9142857142857143,0.9696969696969697,1.0,0.0,0.0,0.7559308594141256,0.9411764705882353,0.07482993197278912,0.8845520149949592,928.1001426233152,1056,99,33,22,3,0,0,25.0,441,0.5436720142602496,0.5281385281385281,0.5601469237832875,610,545,479,1089,1155,20,3
tagging_006_tagging_aria01_rgb,0.6538422981742357,0.9121332183723933,0.5963912797416676,0.6538422981742357,0.6538422981742357,0.6538422981742357,0.6538422981742357,0.6538422981742357,0.6519075338419953,0.6519075338419953,0.6519075338419953,0.6519075338419953,0.6519075338419953,0.646268391427742,0.646268391427742,0.6426644299017558,0.6340221942045593,0.6298713090587831,0.597325526668234,0.5346388842488964,0.41450637170996973,0.11618392642144458,0.5994999255342254,0.9361702127659575,0.9361702127659575,0.9361702127659575,0.9361702127659575,0.9361702127659575,0.9332321699544764,0.9332321699544764,0.9332321699544764,0.9332321699544764,0.9332321699544764,0.9273827534039334,0.9273827534039334,0.9244712990936556,0.9100449775112444,0.9043348281016442,0.8517441860465116,0.7309782608695652,0.5461165048543689,0.14774774774774774,0.8535376434018302,0.4566581429873411,0.4566581429873411,0.4566581429873411,0.4566581429873411,0.4566581429873411,0.4553887514407944,0.4553887514407944,0.4553887514407944,0.4553887514407944,0.4553887514407944,0.4503672644607428,0.4503672644607428,0.4467608349397844,0.44171898387186814,0.4387068303100154,0.4189025186841714,0.39103589238190706,0.3146133300512151,0.09136318464732349,0.4212668724183394,0.9535603715170279,0.9535603715170279,0.9535603715170279,0.9535603715170279,0.9535603715170279,0.9520123839009288,0.9520123839009288,0.9520123839009288,0.9520123839009288,0.9520123839009288,0.9489164086687306,0.9489164086687306,0.9473684210526315,0.9396284829721362,0.9365325077399381,0.9071207430340558,0.8328173374613003,0.6965944272445821,0.25386996904024767,0.8915593938406388,0.9808917197452229,0.9808917197452229,0.9808917197452229,0.9808917197452229,0.9808917197452229,0.9792993630573248,0.9792993630573248,0.9792993630573248,0.9792993630573248,0.9792993630573248,0.9761146496815286,0.9761146496815286,0.9745222929936306,0.9665605095541401,0.9633757961783439,0.9331210191082803,0.856687898089172,0.7165605095541401,0.2611464968152866,0.9171136439825677,0.4585111599847688,0.4585111599847688,0.4585111599847688,0.4585111599847688,0.4585111599847688,0.4576417141652595,0.4576417141652595,0.4576417141652595,0.4576417141652595,0.4576417141652595,0.45443342764373373,0.45443342764373373,0.4521274828493754,0.448792715408439,0.4466943962647123,0.43387925341432215,0.41686458579020275,0.35959395312765374,0.12960309117357394,0.4303782475824152,0.9873531604568375,0.9873531604568375,0.9873531604568375,0.9873531604568375,0.9873531604568375,0.985717641565041,0.985717641565041,0.985717641565041,0.985717641565041,0.985717641565041,0.9824671822606289,0.9824671822606289,0.9808811400747802,0.9730021785477827,0.9698153531803525,0.9407036806056885,0.867287665004451,0.733702267503565,0.2985677062136425,0.9260130718821532,0.9121332183723933,0.9121332183723933,0.9121332183723933,0.9121332183723933,0.9121332183723933,0.9131674190427468,0.9131674190427468,0.9131674190427468,0.9131674190427468,0.9131674190427468,0.9144651003150603,0.9144651003150603,0.9149609956524686,0.916958638538961,0.91759422427576,0.922107730873807,0.9307627381393004,0.9407849110530191,0.9621728812198989,0.9189881846031072,0.6598871937560882,0.6598871937560882,0.6598871937560882,0.6598871937560882,0.6598871937560882,0.6584343026155444,0.6584343026155444,0.6584343026155444,0.6584343026155444,0.6584343026155444,0.6537284506383736,0.6537284506383736,0.650574443691926,0.6442450921159718,0.6409861214978669,0.6164374777766379,0.5706675658781594,0.468143025634834,0.1522969758656896,0.6127586887155787,616.0,616.0,616.0,616.0,616.0,615.0,615.0,615.0,615.0,615.0,613.0,613.0,612.0,607.0,605.0,586.0,538.0,450.0,164.0,575.9473684210526,30.0,30.0,30.0,30.0,30.0,31.0,31.0,31.0,31.0,31.0,33.0,33.0,34.0,39.0,41.0,60.0,108.0,196.0,482.0,70.05263157894737,12.0,12.0,12.0,12.0,12.0,13.0,13.0,13.0,13.0,13.0,15.0,15.0,16.0,21.0,23.0,42.0,90.0,178.0,464.0,52.05263157894737,0.9195046439628483,0.9131674190427468,0.9318885448916409,0.9520123839009288,0.9792993630573248,1.0,0.0,0.0,0.8368389515654633,0.9654631083202512,0.03504043126684636,0.9304905727755542,561.5979627112893,615,31,13,8,3,0,0,10.0,371,0.6012558869701727,0.5928792569659442,0.6098726114649682,383,263,245,628,646,12,3
tagging_006_tagging_aria02_rgb,0.647285280969926,0.8865847845698411,0.5738732813839509,0.647285280969926,0.647285280969926,0.647285280969926,0.647285280969926,0.6469791066427717,0.6433426705334566,0.6390285881799799,0.6354837754139899,0.6278901938429813,0.615061873669257,0.6085341193488003,0.603752372351992,0.5950828335050888,0.5822608597596985,0.5595893535715962,0.5302612209227653,0.5001418064421889,0.38886068788598477,0.11451720672269637,0.5726277785617343,0.935969868173258,0.935969868173258,0.935969868173258,0.935969868173258,0.9341486359360301,0.9305164319248826,0.9232927970065482,0.9197012138188608,0.9090064995357474,0.8862385321100917,0.8690909090909091,0.860633484162896,0.8439461883408071,0.8178603006189213,0.78008658008658,0.7233864207879296,0.6620856911883589,0.4812680115273775,0.12534209085933223,0.8110780662993845,0.4476407299072995,0.4476407299072995,0.4476407299072995,0.4476407299072995,0.4480892529622483,0.44479579030425076,0.44228389719410127,0.43909872330989047,0.43371097536214326,0.42686149917316296,0.42609325507613177,0.42354490480370927,0.419604453014534,0.4145300958507728,0.40141729472633947,0.3886953837317503,0.37780883936984555,0.3141963125769878,0.10462718904447228,0.40504846242787046,0.9403973509933775,0.9403973509933775,0.9403973509933775,0.9403973509933775,0.9394512771996215,0.9375591296121097,0.9337748344370861,0.9318826868495743,0.9262062440870388,0.9139072847682119,0.9044465468306528,0.8997161778618732,0.8902554399243141,0.8751182592242195,0.8524124881740776,0.8164616840113529,0.7748344370860927,0.6319772942289499,0.21665089877010407,0.8529602151073048,0.994994994994995,0.994994994994995,0.994994994994995,0.994994994994995,0.993993993993994,0.991991991991992,0.987987987987988,0.985985985985986,0.97997997997998,0.9669669669669669,0.9569569569569569,0.9519519519519519,0.9419419419419419,0.9259259259259259,0.9019019019019019,0.8638638638638638,0.8198198198198198,0.6686686686686687,0.22922922922922923,0.9024814287972184,0.4567585037307018,0.4567585037307018,0.4567585037307018,0.4567585037307018,0.45721560479905377,0.45508226451754696,0.45371336936723444,0.4516063334239627,0.44808349153537824,0.4438548358492783,0.4441148192897948,0.44253433860521724,0.4401186915236519,0.43750609811910707,0.42907002746747175,0.42140759375617665,0.41533878313662254,0.36694511867019836,0.14426699937616966,0.4251522307557722,0.9203267498286958,0.9203267498286958,0.9203267498286958,0.9203267498286958,0.9212428509887727,0.9190809168777359,0.9152887696996002,0.9131626433131271,0.9084942297379015,0.8990355765028183,0.8958261784640201,0.8929295234864858,0.8878124171775813,0.8770187878900839,0.8589826708133831,0.8289603637892854,0.8040077488841342,0.690473704446062,0.2942585806979713,0.8519937874780917,0.8865847845698411,0.8865847845698411,0.8865847845698411,0.8865847845698411,0.8872584938845769,0.8884943086658753,0.8908077223493938,0.8918602951436679,0.894742275286302,0.9003959544083419,0.9042778050918503,0.9060548917180606,0.9090068222051815,0.9129619282637208,0.9180752090851163,0.9244398845115466,0.9296698124363109,0.9409537823144265,0.9636586048312077,0.9057366804460496,0.648814423854438,0.648814423854438,0.648814423854438,0.648814423854438,0.6488127780760861,0.6457726798284237,0.6426457600238339,0.6396784333321224,0.6338026613303993,0.6245893320265995,0.6207886703069249,0.617308839158216,0.6111915795498619,0.6022979793067358,0.5849556521598762,0.5633426023025987,0.5410538784439903,0.44560625610410604,0.1505575456171975,0.587771702262354,994.0,994.0,994.0,994.0,993.0,991.0,987.0,985.0,979.0,966.0,956.0,951.0,941.0,925.0,901.0,863.0,819.0,668.0,229.0,901.578947368421,63.0,63.0,63.0,63.0,64.0,66.0,70.0,72.0,78.0,91.0,101.0,106.0,116.0,132.0,156.0,194.0,238.0,389.0,828.0,155.42105263157896,5.0,5.0,5.0,5.0,6.0,8.0,12.0,14.0,20.0,33.0,43.0,48.0,58.0,74.0,98.0,136.0,180.0,331.0,770.0,97.42105263157895,0.8722800378429517,0.9009794569842245,0.8864711447492905,0.9157994323557237,0.968968968968969,1.0,0.0,0.0,0.7815970807575491,0.9416342412451362,0.08355795148247978,0.8853584756300324,872.1481143607293,968,89,31,15,3,0,0,19.0,371,0.6001945525291829,0.5837275307473982,0.6176176176176176,617,440,382,999,1057,14,3
tagging_006_tagging_aria03_rgb,0.5948799061284654,0.8603077483016244,0.5117797925512617,0.5948799061284654,0.5948799061284654,0.5942331325208922,0.5942331325208922,0.5926745507845776,0.5750925844773269,0.5689400200778922,0.5654553675908142,0.5537561048477923,0.5368816226558816,0.5342424285602233,0.5261980203624476,0.5172044978859813,0.5105015814818505,0.508314773369988,0.4861035710187162,0.4091851349637749,0.2538799055807565,0.04860772399094301,0.5034349455235622,0.9588353413654619,0.9588353413654619,0.9568706118355065,0.9568706118355065,0.9549098196392786,0.9240631163708086,0.910871694417238,0.9034146341463415,0.8868471953578336,0.8580952380952381,0.8510436432637571,0.8353715898400753,0.8148837209302325,0.7998154981549815,0.7948482060717571,0.751346499102334,0.6031224322103533,0.34644582470669427,0.056879739978331526,0.795966882036168,0.3690749469157593,0.3690749469157593,0.369029011256012,0.369029011256012,0.3678495245555148,0.3579100549102484,0.3553659076576379,0.3539236145309874,0.34577075426446,0.3359089573617014,0.33537054736623995,0.33145053051943735,0.3282682986084495,0.32583997846584783,0.32507327418294,0.31449761466841447,0.2776094300815636,0.18604642302230756,0.04153870661996305,0.3188753438504871,0.963673057517659,0.963673057517659,0.9626639757820383,0.9626639757820383,0.9616548940464178,0.9455095862764884,0.9384460141271443,0.934409687184662,0.9253279515640767,0.9091826437941474,0.905146316851665,0.8960645812310797,0.8839556004036327,0.8748738647830474,0.8718466195761857,0.8446014127144299,0.7406659939455096,0.5065590312815338,0.10595358224016145,0.8472037814010303,0.9947916666666666,0.9947916666666666,0.99375,0.99375,0.9927083333333333,0.9760416666666667,0.96875,0.9645833333333333,0.9552083333333333,0.9385416666666667,0.934375,0.925,0.9125,0.903125,0.9,0.871875,0.7645833333333333,0.5229166666666667,0.109375,0.8745614035087718,0.3695046155981157,0.3695046155981157,0.3694947489698985,0.3694947489698985,0.3686657359472602,0.3615542349824861,0.3597046468919771,0.3587614829632948,0.3526240877818853,0.3450030931359022,0.34458977373135835,0.34149276608399554,0.3390728956599123,0.33744916272883946,0.3368999995852228,0.32916239909692574,0.30105523785366173,0.22096120494345342,0.0557891456558045,0.3279360313777899,0.991864965409776,0.991864965409776,0.9908544650035586,0.9908544650035586,0.9898006942016571,0.9736481439051714,0.9670795451645667,0.9649672752057576,0.9561966426116911,0.9412924442529962,0.9384334692779033,0.9310696553407717,0.9207720573197166,0.9114124450433895,0.9088134176316658,0.8825239770622779,0.7783397925502868,0.5547123906844419,0.22034305563717327,0.8844654666692704,0.8603077483016244,0.8603077483016244,0.8611033535333916,0.8611033535333916,0.8617451968096445,0.8718061438778281,0.8759619919478187,0.8781053142355065,0.8826011792405003,0.8898808818167351,0.8914855566229705,0.8947078317727332,0.8983427499382047,0.9006942113805275,0.9013336259382109,0.9054708920716166,0.9163505753961657,0.9330268180691759,0.961606687134404,0.8897864136801091,0.5963787240902189,0.5963787240902189,0.5960293072950583,0.5960293072950583,0.5947640671404576,0.5817279329225856,0.5774874194283242,0.5750736074114033,0.5656424168627194,0.5526324220747885,0.550962263434692,0.5449780553643595,0.5386785692691988,0.5339184219159714,0.5323664482393297,0.5153883289755999,0.45344885539607194,0.30699103540588046,0.06634135036316485,0.5197482766829001,955.0,955.0,954.0,954.0,953.0,937.0,930.0,926.0,917.0,901.0,897.0,888.0,876.0,867.0,864.0,837.0,734.0,502.0,105.0,839.578947368421,36.0,36.0,37.0,37.0,38.0,54.0,61.0,65.0,74.0,90.0,94.0,103.0,115.0,124.0,127.0,154.0,257.0,489.0,886.0,151.42105263157896,5.0,5.0,6.0,6.0,7.0,23.0,30.0,34.0,43.0,59.0,63.0,72.0,84.0,93.0,96.0,123.0,226.0,458.0,855.0,120.42105263157895,0.9091826437941474,0.8834875380515075,0.922300706357215,0.9455095862764884,0.9760416666666667,1.0,0.0,0.0,0.799018994101173,0.9605330599692465,0.06199460916442048,0.9211766464658862,827.8278231542625,937,54,23,13,3,0,0,18.0,371,0.4613018964633521,0.45408678102926336,0.46875,450,541,510,960,991,12,3
tagging_006_tagging_aria04_rgb,0.4881838613416857,0.8883420110928972,0.43367423316736914,0.4881838613416857,0.4881838613416857,0.4881838613416857,0.4881838613416857,0.4881838613416857,0.48665559583910767,0.48665559583910767,0.4848204961482124,0.4829936784780797,0.4801108149290656,0.47785789619349384,0.4737814323115842,0.46737495033520005,0.4621780257077635,0.4570341479594277,0.42918865613314844,0.3845652233717114,0.2827589968982426,0.0643292142471367,0.4400644226894584,0.953939393939394,0.953939393939394,0.953939393939394,0.953939393939394,0.953939393939394,0.9468599033816425,0.9468599033816425,0.9375,0.9328537170263789,0.9213349225268176,0.9122182680901542,0.8987043580683156,0.8766006984866124,0.8592848904267589,0.8380843785632839,0.7675438596491229,0.6652892561983471,0.44703770197486536,0.09510869565217392,0.8323672380591097,0.2498308424923056,0.2498308424923056,0.2498308424923056,0.2498308424923056,0.2498308424923056,0.25012535446445916,0.25012535446445916,0.2507209743844254,0.25007446418653223,0.25018740631221653,0.2503218549136799,0.24976939700803488,0.24918910580147885,0.24858871583444073,0.24923530105534294,0.2399900673266867,0.22229490353116826,0.17884990454652006,0.043510719785162216,0.23327040716190184,0.9752168525402726,0.9752168525402726,0.9752168525402726,0.9752168525402726,0.9752168525402726,0.9714993804213135,0.9714993804213135,0.966542750929368,0.9640644361833953,0.9578686493184635,0.952912019826518,0.9454770755885997,0.9330855018587361,0.9231722428748451,0.9107806691449815,0.8674101610904585,0.7980173482032218,0.6171003717472119,0.1734820322180917,0.8857366464488359,0.977639751552795,0.977639751552795,0.977639751552795,0.977639751552795,0.977639751552795,0.9739130434782609,0.9739130434782609,0.968944099378882,0.9664596273291925,0.9602484472049689,0.9552795031055901,0.9478260869565217,0.9354037267080745,0.9254658385093167,0.9130434782608695,0.8695652173913043,0.8,0.6186335403726708,0.17391304347826086,0.8879372343903236,0.25321284129296184,0.25321284129296184,0.25321284129296184,0.25321284129296184,0.25321284129296184,0.253572900741307,0.253572900741307,0.2542347927027805,0.25371550139482296,0.25393673882220247,0.25410574391829743,0.25372882743759095,0.2533621514715432,0.2529018888343246,0.25346361018274904,0.24641107377910515,0.2326967542495966,0.19565637210086964,0.0544424222941209,0.2385192571123909,0.9231754314750169,0.9231754314750169,0.9231754314750169,0.9231754314750169,0.9231754314750169,0.9195776414110175,0.9195776414110175,0.9177987841758951,0.91527176578862,0.9103773320646641,0.9086008166691543,0.902328110168484,0.8920169130721137,0.8841171698391477,0.8803014065702539,0.8479901297733686,0.7913675775230516,0.6575646350591736,0.21168115222332778,0.8512867491118091,0.8883420110928972,0.8883420110928972,0.8883420110928972,0.8883420110928972,0.8883420110928972,0.8906404974269088,0.8906404974269088,0.8932999915113493,0.8945001445571144,0.8971844833566309,0.8990702690491683,0.9015707181094859,0.9052432439324843,0.9076700554142125,0.9102278400237594,0.9168041467510337,0.924498086757275,0.9373598525459281,0.9624487452897739,0.9038351909271852,0.49359826568053383,0.49359826568053383,0.49359826568053383,0.49359826568053383,0.49359826568053383,0.49294688039370277,0.49294688039370277,0.4922728311589155,0.49100702369706883,0.4895372028362834,0.488400147801488,0.4859539474628072,0.4821978243879814,0.4790513566938916,0.47644379969702216,0.4562563127891507,0.4211830830351973,0.33221731228611623,0.0868811147005025,0.45448879188086844,787.0,787.0,787.0,787.0,787.0,784.0,784.0,780.0,778.0,773.0,769.0,763.0,753.0,745.0,735.0,700.0,644.0,498.0,140.0,714.7894736842105,20.0,20.0,20.0,20.0,20.0,23.0,23.0,27.0,29.0,34.0,38.0,44.0,54.0,62.0,72.0,107.0,163.0,309.0,667.0,92.21052631578948,18.0,18.0,18.0,18.0,18.0,21.0,21.0,25.0,27.0,32.0,36.0,42.0,52.0,60.0,70.0,105.0,161.0,307.0,665.0,90.21052631578948,0.8983890954151177,0.8969936108204158,0.9231722428748451,0.9603469640644362,0.9627329192546584,1.0,0.0,0.0,0.7994672222872643,0.9615384615384616,0.08086253369272237,0.9215600619632417,695.1700483858223,775,32,30,20,3,0,0,19.0,371,0.36724565756823824,0.3667905824039653,0.36770186335403726,296,511,509,805,807,22,3
tagging_007_tagging_aria01_rgb,0.33151196777158304,0.8739984696542327,0.2897409525044269,0.33151196777158304,0.33111709021038455,0.3307962278948499,0.33005803340974027,0.32912374265590816,0.32771577379108524,0.3270141174392139,0.325464560082484,0.3249956795995144,0.3198878420207804,0.3159057431331852,0.3098070317600397,0.30303250877019844,0.29812561247349023,0.28955007552273615,0.2714598528482471,0.23511167352926335,0.16751781839400703,0.05602769038577446,0.29074858114170976,0.9235941320293398,0.9212454212454212,0.9177330895795247,0.9142335766423357,0.908429351121892,0.9038112522686026,0.9003623188405797,0.8923631990378833,0.8889555822328932,0.8765652951699463,0.8632326820603907,0.8479154433352907,0.8211805555555556,0.7993138936535163,0.765002804262479,0.7066160520607375,0.5893939393939394,0.38147497805092184,0.09689787382363192,0.7851748126507833,0.11899186121322815,0.11901120472454871,0.11923526091839728,0.11915806660525204,0.11924145542639766,0.11882749647331496,0.1187724439004235,0.11870411059520612,0.11881605095841426,0.11673771712907324,0.11560780843738762,0.11319571742958902,0.11182522619454291,0.11119396462188928,0.10959338419164308,0.10428641055278186,0.0937870163486437,0.07356241193817328,0.03239598523779605,0.10804966278403699,0.9479297365119197,0.9466750313676286,0.944792973651192,0.9429109159347553,0.9397741530740276,0.9372647427854455,0.9353826850690088,0.93099121706399,0.9291091593475533,0.9222082810539524,0.9146800501882058,0.9058971141781681,0.8902132998745295,0.877038895859473,0.8557089084065245,0.8174404015056461,0.732120451693852,0.5451693851944793,0.17440401505646172,0.8468269167272006,0.9729555698647778,0.9716677398583387,0.96973599484868,0.9678042498390212,0.9645846748229234,0.9620090148100451,0.9600772698003863,0.9555698647778493,0.9536381197681906,0.9465550547327752,0.9388280746941404,0.9298132646490663,0.9137153895685769,0.9001931745009659,0.8783000643915003,0.8390212491951062,0.7514488087572441,0.5595621377978107,0.17900837089504185,0.8691835835564441,0.12001920752059488,0.12004520831727467,0.12027124905622896,0.12020872650371027,0.12030704311142755,0.11996789647613264,0.1199247839230769,0.1198838620735757,0.1200015816806929,0.11824359678138914,0.11731708126418865,0.11520121832595356,0.1140172140470844,0.11352031126469744,0.11219210717397832,0.10740072987844948,0.09739730325256095,0.0771072170209042,0.035403298582720844,0.10991734927656008,0.9112671416466738,0.9107424554763675,0.9115132382087715,0.9094258974563624,0.9081556903388112,0.9066375695053117,0.904738043982413,0.9009134264269969,0.9001352205670283,0.8935188348010729,0.8872320045992352,0.8780008105380457,0.865048235277831,0.8547460317528016,0.8381139049430847,0.8115022716602228,0.7581782885820963,0.6471316072024482,0.3123272488314894,0.8373330485156348,0.8739984696542327,0.8750549563204554,0.8765378129244913,0.8779367761224651,0.8801432561965863,0.8817575582275697,0.8828659219155979,0.8852710590248583,0.8861973152022781,0.889237641899302,0.892188065791237,0.8952737755860819,0.8999587624906178,0.9033190177567064,0.9077140860438974,0.9138470465431136,0.9237612346533294,0.9390890518722323,0.9635517761834673,0.8972475570741326,0.33585104383776787,0.33565597859372537,0.3356376568967915,0.33519463259988636,0.3347536971934101,0.3337256701512486,0.33331319729015585,0.3324341805433512,0.3322545428176541,0.32811048359929795,0.3251832652884496,0.3202244115566333,0.3155127630062843,0.3122842166332123,0.30623526112322164,0.2919724735550402,0.2620370064937159,0.2002597685251757,0.07516641468888545,0.3024108770733635,1511.0,1509.0,1506.0,1503.0,1498.0,1494.0,1491.0,1484.0,1481.0,1470.0,1458.0,1444.0,1419.0,1398.0,1364.0,1303.0,1167.0,869.0,278.0,1349.842105263158,83.0,85.0,88.0,91.0,96.0,100.0,103.0,110.0,113.0,124.0,136.0,150.0,175.0,196.0,230.0,291.0,427.0,725.0,1316.0,244.1578947368421,42.0,44.0,47.0,50.0,55.0,59.0,62.0,69.0,72.0,83.0,95.0,109.0,134.0,155.0,189.0,250.0,386.0,684.0,1275.0,203.1578947368421,0.8400250941028858,0.8879239224708234,0.8713927227101631,0.9228356336260979,0.9471989697359948,1.0,0.0,0.0,0.7365972960819205,0.9348585954877662,0.11452513966480447,0.8703268695079448,1306.1360899545812,1471,123,82,50,3,0,0,48.0,716,0.21035907213218938,0.20765370138017566,0.21313586606567933,331,1263,1222,1553,1594,47,3
tagging_007_tagging_aria02_rgb,0.4030393010026447,0.8860514301855611,0.35711354907438214,0.4030393010026447,0.4030393010026447,0.4030393010026447,0.4027862143515084,0.40253778492746745,0.40229397762902097,0.4005057763942445,0.3990758039717733,0.39804857550727984,0.3967505083466185,0.39618813363142585,0.3945294049153343,0.39219085141999094,0.3860875407668801,0.37627118629299905,0.35241240214227937,0.3116627622664738,0.2217768796058157,0.06058228301853293,0.3633062099050305,0.956855791962175,0.956855791962175,0.956855791962175,0.9556999409332546,0.9545454545454546,0.9533923303834808,0.9442160892542572,0.9351256575102279,0.9306122448979591,0.9238814642649622,0.9194202898550725,0.9116628175519631,0.9028735632183909,0.8823194997157476,0.8497206703910615,0.7743837084673098,0.6505483549351944,0.41013628620102216,0.08699934340118187,0.8345318469164771,0.16976505709349546,0.16976505709349546,0.16976505709349546,0.16975697865293662,0.1697527001178507,0.16975219883663478,0.16988153321115776,0.1703102636919951,0.17025637619967893,0.17038004545154065,0.17072174604183993,0.17073576803408,0.17036013701547745,0.16894513742860764,0.1666194675118146,0.16037850464274644,0.14931046500493378,0.11992351318943088,0.04218667489032756,0.15887193058955473,0.973541791942273,0.973541791942273,0.973541791942273,0.9729404690318701,0.9723391461214672,0.9717378232110644,0.9669272399278412,0.9621166566446182,0.9597113650030066,0.9561034275405893,0.9536981358989778,0.9494888755261576,0.9446782922429344,0.9332531569452797,0.9146121467227901,0.8689116055321707,0.7847263980757667,0.5790739627179795,0.15935057125676488,0.882647086748742,0.9824029126213593,0.9824029126213593,0.9824029126213593,0.9817961165048543,0.9811893203883495,0.9805825242718447,0.9757281553398058,0.970873786407767,0.9684466019417476,0.9648058252427184,0.962378640776699,0.9581310679611651,0.9532766990291263,0.941747572815534,0.9229368932038835,0.8768203883495146,0.7918689320388349,0.5843446601941747,0.16080097087378642,0.890680889115994,0.1855412722904181,0.1855412722904181,0.1855412722904181,0.1855475446032323,0.18555706252317072,0.18556983207549407,0.18578977523733983,0.18629660369467835,0.18627870342974479,0.1864541288085883,0.18683194700316308,0.18693627696497336,0.18662999182315093,0.1854413391800196,0.18321737869371457,0.1769755169785675,0.1664326455767013,0.1369160650393666,0.0521967682806144,0.17472081035704073,0.7953036034843527,0.7953036034843527,0.7953036034843527,0.7945772223769301,0.7938863210265865,0.7932309652992078,0.7892757198822007,0.7871345680252532,0.7864191374132062,0.7862126429892274,0.7864616029967665,0.7854820460513195,0.781999829875285,0.77260431590933,0.7596356509921907,0.7327936903783664,0.6819898258746376,0.5687790192993701,0.21452071054342717,0.7368902147045455,0.8860514301855611,0.8860514301855611,0.8860514301855611,0.8864758185418252,0.886875489662702,0.8872669783094909,0.8899902498409104,0.8926071314186571,0.8937964947199497,0.895386679658649,0.8963385826013193,0.8977583981615359,0.8992040987833837,0.9019158840453976,0.9054894291788111,0.912261421643388,0.9213842197140975,0.93640272121926,0.9619596533235165,0.9012246074410305,0.40653828588705376,0.40653828588705376,0.40653828588705376,0.4064030443193325,0.4062723169062894,0.406146072469996,0.40529382184111157,0.4047941964697686,0.4042239221063732,0.40360989264479064,0.40350589953248694,0.40263098788192336,0.40116769972425936,0.39707503428924135,0.39037442137874373,0.37330248319824705,0.34229791614665067,0.26352340314603107,0.08199067473314947,0.374327718128924,1619.0,1619.0,1619.0,1618.0,1617.0,1616.0,1608.0,1600.0,1596.0,1590.0,1586.0,1579.0,1571.0,1552.0,1521.0,1445.0,1305.0,963.0,265.0,1467.842105263158,44.0,44.0,44.0,45.0,46.0,47.0,55.0,63.0,67.0,73.0,77.0,84.0,92.0,111.0,142.0,218.0,358.0,700.0,1398.0,195.1578947368421,29.0,29.0,29.0,30.0,31.0,32.0,40.0,48.0,52.0,58.0,62.0,69.0,77.0,96.0,127.0,203.0,343.0,685.0,1383.0,180.1578947368421,0.915213469633193,0.8952782977355229,0.9320505111244738,0.9615153337342153,0.9702669902912622,1.0,0.0,0.0,0.8145219471311492,0.9658713379643612,0.06843575418994413,0.9311803018452542,1431.5499980791012,1599,64,49,28,3,0,0,30.0,716,0.2597402597402597,0.25856885147324116,0.2609223300970874,430,1233,1218,1648,1663,28,3
tagging_007_tagging_aria03_rgb,0.39810325562629467,0.8775307512866247,0.3493478489993936,0.39810325562629467,0.39810325562629467,0.39783849692358797,0.39757785083334585,0.39757785083334585,0.39725969223597246,0.39697226244831224,0.39639267182877247,0.39379017336755484,0.3911578437252976,0.3878052438883046,0.3842942822021935,0.3793633210340546,0.372638907779654,0.3630122111611669,0.3428716118402699,0.29170291243986196,0.1826936192472686,0.04630175084706816,0.35344511652045374,0.9402390438247012,0.9402390438247012,0.9389515593895156,0.9376657824933687,0.9376657824933687,0.9363817097415507,0.9350993377483444,0.9312623925974884,0.923633969716919,0.9135559921414538,0.9011060507482108,0.8875968992248062,0.8742783835792175,0.8528852251109702,0.8205607476635514,0.7549549549549549,0.5984682713347921,0.3318140382862352,0.061387577188521614,0.8114603558980353,0.1685594777000169,0.1685594777000169,0.16856617154704628,0.16857621385408728,0.16857621385408728,0.1685373191654693,0.16852431692742978,0.1687248959353893,0.16789194174871666,0.16748229996189803,0.1668981215500578,0.16638419474231955,0.1646117896187777,0.1628117729125232,0.16059489297695673,0.15571914779069046,0.14218061875881272,0.1005893502458559,0.03492322436704408,0.1546690232293261,0.9548213081591369,0.9548213081591369,0.9541469993256911,0.9534726904922455,0.9534726904922455,0.9527983816587997,0.952124072825354,0.9501011463250169,0.9460552933243426,0.9406608226567768,0.9339177343223196,0.9265003371544167,0.9190829399865138,0.9069453809844908,0.8880647336480108,0.8476062036412677,0.7376938637896157,0.4908968307484828,0.11395819285232636,0.8566916279234839,0.9840166782487839,0.9840166782487839,0.9833217512161223,0.9826268241834607,0.9826268241834607,0.9819318971507992,0.9812369701181376,0.9791521890201529,0.9749826268241835,0.9694232105628909,0.9624739402362752,0.954829742876998,0.9471855455177206,0.9346768589298123,0.9152189020152884,0.8735232800555942,0.7602501737317582,0.5059068797776234,0.11744266851980542,0.8828865074430344,0.16913089312015156,0.16913089312015156,0.16913836204259358,0.16914883186153815,0.16914883186153815,0.16911816887380515,0.1691111176855571,0.16931461860401015,0.16866020930955408,0.1683375598893149,0.167923929712408,0.16754971109551464,0.1660772817461714,0.16459357165958208,0.16281965883844765,0.15885606130770213,0.1475707519074472,0.10824523345179718,0.03998062407060791,0.1565187531662049,0.9553354048315348,0.9553354048315348,0.9550290066095861,0.9547483681051716,0.9547483681051716,0.9540214963332586,0.9532964564738786,0.9522545595906279,0.9487238040422651,0.9444857043465502,0.9398504691330986,0.9334752488573108,0.9264085386937166,0.9143420827103075,0.9001921595954686,0.8660965470100553,0.7835614494405151,0.6044755406861319,0.2353198523894469,0.8753526558834542,0.8775307512866247,0.8775307512866247,0.8780624160559953,0.8785504466650506,0.8785504466650506,0.8789643977296074,0.87934328626383,0.8804204180355524,0.8823759810448049,0.8847261465015813,0.8873671187985863,0.8898983158649505,0.8919946995486957,0.8948924339421023,0.8985308468975921,0.904320914780881,0.9157087356004067,0.9345033947981619,0.9630898743246825,0.893492704004778,0.4011784902012457,0.4011784902012457,0.4010447690338747,0.4009149737493634,0.4009149737493634,0.40072694562503747,0.40056966810163647,0.40038196393167186,0.3985411649978902,0.3969181755256467,0.39480262858886983,0.39262579197745684,0.3889625786104207,0.3842673358651614,0.37764885920231756,0.3633022373907442,0.32386072625155843,0.2222138457494037,0.06308555728092344,0.3638494303175701,1416.0,1416.0,1415.0,1414.0,1414.0,1413.0,1412.0,1409.0,1403.0,1395.0,1385.0,1374.0,1363.0,1345.0,1317.0,1257.0,1094.0,728.0,169.0,1270.4736842105262,67.0,67.0,68.0,69.0,69.0,70.0,71.0,74.0,80.0,88.0,98.0,109.0,120.0,138.0,166.0,226.0,389.0,755.0,1314.0,212.52631578947367,23.0,23.0,24.0,25.0,25.0,26.0,27.0,30.0,36.0,44.0,54.0,65.0,76.0,94.0,122.0,182.0,345.0,711.0,1270.0,168.52631578947367,0.8961564396493594,0.8845496302763909,0.9150370869858395,0.942683749157114,0.9715079916608756,1.0,0.0,0.0,0.7873232522767326,0.9568788501026694,0.05726256983240224,0.9140612555419135,1236.6003831263945,1398,85,41,28,3,0,0,31.0,716,0.2594113620807666,0.25556304787592715,0.26337734537873525,379,1104,1060,1439,1483,32,3
tagging_007_tagging_aria04_rgb,0.4114648628422426,0.8852000478054036,0.36422871625819697,0.4114648628422426,0.4114648628422426,0.4102409319514317,0.40950909639383737,0.4066560135631,0.40360790453914114,0.4006647920698794,0.39720185249300044,0.3951233124365511,0.3924660868540412,0.3918664086024516,0.39077676607667117,0.3858335475766326,0.38120575351129415,0.3668819657124065,0.35286496647438065,0.3185955192388065,0.23323384944999706,0.07863512648352972,0.3651733483742967,0.9423963133640553,0.9423963133640553,0.9364471669218989,0.9305343511450381,0.9231939163498099,0.9101208459214502,0.9015037593984963,0.8958020989505248,0.8915482423335827,0.8845007451564829,0.8830975428145942,0.8789004457652303,0.8622974963181149,0.8473338203067933,0.8038516405135521,0.75625,0.6671061305207646,0.46693735498839906,0.13002680965147453,0.8133813154623324,0.17965194786196312,0.17965194786196312,0.17971929244185056,0.1802165603268083,0.17912716975094506,0.17898649540495837,0.17807166518252848,0.17612072109309146,0.17511383525605947,0.17414301816475397,0.1738871129700598,0.17374718791089558,0.17264056438898678,0.17150009007960818,0.16744678990641454,0.16464619446607046,0.15215435780781705,0.1164996288005602,0.04755544747775479,0.16425684353437311,0.9511627906976744,0.9511627906976744,0.9480620155038759,0.9449612403100776,0.9410852713178295,0.9341085271317829,0.9294573643410853,0.9263565891472868,0.924031007751938,0.92015503875969,0.9193798449612403,0.9170542635658915,0.9077519379844962,0.8992248062015504,0.8736434108527131,0.8441860465116279,0.7844961240310078,0.624031007751938,0.2255813953488372,0.8613627090983272,0.9903147699757869,0.9903147699757869,0.9870863599677159,0.9838579499596449,0.9798224374495561,0.9725585149313963,0.9677158999192897,0.9644874899112187,0.9620661824051655,0.9580306698950767,0.9572235673930589,0.9548022598870056,0.9451170298627926,0.9362389023405973,0.9096045197740112,0.8789346246973365,0.8167877320419693,0.6497175141242938,0.23486682808716708,0.896818316978888,0.1814254987583205,0.1814254987583205,0.1815421879323076,0.18204423621630103,0.18115518423273427,0.18117073339999848,0.1804384237139985,0.17872727985598066,0.17785406186696856,0.17704989090955656,0.17683019449225618,0.176733990195441,0.17587629541168046,0.17500700112425466,0.171713389591185,0.16955733598280928,0.1587913399210804,0.1259195033635397,0.05447480832118329,0.16777562389725878,0.9269097020442032,0.9269097020442032,0.9250687297944097,0.9250689553228574,0.9237333487658339,0.9235085158441483,0.9215598655736239,0.9189063899293993,0.9165813259034483,0.9122667586602033,0.9114573879245645,0.9104845488614106,0.9044294308968789,0.8970979423938447,0.8768220487403744,0.8550470359214591,0.8020571799002852,0.6466893932931784,0.2856670998084336,0.8584350190327767,0.8852000478054036,0.8852000478054036,0.8876688304358887,0.8899996826429102,0.892714290424133,0.8973309358419981,0.9002469076259024,0.9019894021857191,0.9032272871725661,0.9049998972961835,0.9053073456643416,0.9061430403355988,0.9090295011667358,0.9113088867966561,0.9167199320237307,0.9216651799208685,0.9286433596059954,0.9408355365265371,0.9639955824104149,0.9080118786151047,0.41337422280865305,0.41337422280865305,0.41277722153402713,0.4126713757590132,0.410577570192848,0.4088921760063468,0.40682922779021313,0.40391903949920066,0.4022569000812335,0.40029810845058783,0.39983534981686053,0.3991686353613857,0.39587221031393444,0.39270489590197893,0.3824771688221111,0.37281633545151516,0.3454916843495073,0.26962822694061594,0.1035742448607291,0.37613362193417965,1227.0,1227.0,1223.0,1219.0,1214.0,1205.0,1199.0,1195.0,1192.0,1187.0,1186.0,1183.0,1171.0,1160.0,1127.0,1089.0,1012.0,805.0,291.0,1111.157894736842,63.0,63.0,67.0,71.0,76.0,85.0,91.0,95.0,98.0,103.0,104.0,107.0,119.0,130.0,163.0,201.0,278.0,485.0,999.0,178.8421052631579,12.0,12.0,16.0,20.0,25.0,34.0,40.0,44.0,47.0,52.0,53.0,56.0,68.0,79.0,112.0,150.0,227.0,434.0,948.0,127.84210526315789,0.9031007751937985,0.9024074983969742,0.9279069767441861,0.9441860465116279,0.9830508474576272,1.0,0.0,0.0,0.8109552969360577,0.963226571767497,0.029329608938547486,0.926740193815256,1099.1323330475145,1218,72,21,32,3,0,0,28.0,716,0.27283511269276395,0.26744186046511625,0.2784503631961259,345,945,894,1239,1290,27,3
tagging_008_tagging_aria01_rgb,0.4275739622895668,0.8379468915143413,0.3582842725930127,0.4275739622895668,0.42681484592476204,0.42376437397792194,0.4223094479484895,0.4223094479484895,0.4200339128741061,0.4200339128741061,0.4193749327438791,0.41433264981014706,0.40715305894657366,0.39616970365868576,0.38791843635630885,0.3751851462745015,0.3715372916537741,0.3470832762811121,0.31749330747077936,0.2577679599863704,0.17770823948862038,0.04117584724437378,0.3618810396711878,0.8454810495626822,0.8401162790697675,0.8294797687861272,0.8189655172413793,0.8189655172413793,0.8137535816618912,0.8137535816618912,0.8085714285714286,0.7932011331444759,0.773109243697479,0.743801652892562,0.7247956403269755,0.6925133689839572,0.6790450928381963,0.6314432989690721,0.562962962962963,0.42247191011235957,0.26095617529880477,0.04975124378109453,0.6801651814107625,0.21623133164553088,0.21684011754121713,0.21649261550488996,0.21776896105137608,0.21776896105137608,0.21680824753363348,0.21680824753363348,0.21751366422217877,0.21642876885228704,0.21442456517105105,0.21101113917487022,0.20761812694849763,0.20326523687412024,0.20328540850278098,0.1907800761694855,0.1790561847234106,0.15727512197879312,0.12101732540333372,0.03407855296546928,0.19339329751831238,0.9634551495016611,0.9601328903654485,0.9534883720930233,0.946843853820598,0.946843853820598,0.9435215946843853,0.9435215946843853,0.9401993355481728,0.9302325581395349,0.9169435215946844,0.8970099667774086,0.8837209302325582,0.8604651162790697,0.8504983388704319,0.813953488372093,0.7574750830564784,0.6245847176079734,0.43521594684385384,0.09966777408637874,0.8246196887567756,0.8734939759036144,0.8704819277108434,0.8644578313253012,0.858433734939759,0.858433734939759,0.8554216867469879,0.8554216867469879,0.8524096385542169,0.8433734939759037,0.8313253012048193,0.8132530120481928,0.8012048192771084,0.7801204819277109,0.7710843373493976,0.7379518072289156,0.6867469879518072,0.5662650602409639,0.39457831325301207,0.09036144578313253,0.7476220672162333,0.23483025928896015,0.23550199833695443,0.23511735947924264,0.23652250781993742,0.23652250781993742,0.235451468500928,0.235451468500928,0.236221820472786,0.23495293466223696,0.23256516121784068,0.2292276772896928,0.22646004546249346,0.22280087396366466,0.2228455062984496,0.21140642303433002,0.2013293893648851,0.17991299686623782,0.14588141310136696,0.045930232558139536,0.21257537073889535,0.8073496311897341,0.8066830209170343,0.8059214643620684,0.8045595097260128,0.8045595097260128,0.8035399388199114,0.8035399388199114,0.8042591612185682,0.8035274841643976,0.8009065056740264,0.7921970750811616,0.785951586989096,0.7729811024607601,0.7705825340243844,0.7355017248253917,0.688861646034329,0.5978613541601293,0.4490924128041872,0.1430265299024266,0.7253106384683969,0.8379468915143413,0.8405572342865083,0.8456667230146678,0.8503089467418599,0.8503089467418599,0.8523670938406412,0.8523670938406412,0.8541038028528538,0.8586647564081277,0.8641848576241189,0.871641701590965,0.8763122304294821,0.8827841216889184,0.8851299632842179,0.8919614426251257,0.9006928284230644,0.9163473343487591,0.9331535857512337,0.9624949087519312,0.8751049717768061,0.45643092572424165,0.45628426315404785,0.45433819069930537,0.4540850166261739,0.4540850166261739,0.45228670492693107,0.45228670492693107,0.45222362009777956,0.44869709972814964,0.4434131435854743,0.4350621736498284,0.42834155096145843,0.41821363641371445,0.4158051253270123,0.39406358434908234,0.36828059736448454,0.313419268150323,0.22949655740320518,0.058279786531464615,0.3992154192760938,290.0,289.0,287.0,285.0,285.0,284.0,284.0,283.0,280.0,276.0,270.0,266.0,259.0,256.0,245.0,228.0,188.0,131.0,30.0,248.21052631578948,11.0,12.0,14.0,16.0,16.0,17.0,17.0,18.0,21.0,25.0,31.0,35.0,42.0,45.0,56.0,73.0,113.0,170.0,271.0,52.78947368421053,42.0,43.0,45.0,47.0,47.0,48.0,48.0,49.0,52.0,56.0,62.0,66.0,73.0,76.0,87.0,104.0,144.0,201.0,302.0,83.78947368421052,0.6877076411960132,0.8641848576241189,0.7308970099667774,0.9169435215946844,0.8313253012048193,1.0,0.0,0.0,0.5631728262599894,0.8720379146919431,0.27860696517412936,0.7271962014873526,238.5150207042568,276,25,56,13,2,0,0,13.0,201,0.2717219589257504,0.2857142857142857,0.25903614457831325,86,215,246,332,301,16,2
tagging_008_tagging_aria03_rgb,0.5284127127011704,0.822320439207378,0.4345245739911885,0.5284127127011704,0.5284127127011704,0.5284127127011704,0.5284127127011704,0.5284127127011704,0.5258876471396707,0.5233168021553695,0.5105410714216805,0.49300541847679646,0.4856942976981344,0.4856942976981344,0.4765572761469698,0.4372028442617257,0.41999325065520904,0.3844802811647733,0.355077071368472,0.2844134138671619,0.16453263817951652,0.042576693777114795,0.43321245092192523,0.8571428571428571,0.8571428571428571,0.8571428571428571,0.8571428571428571,0.8571428571428571,0.8461538461538461,0.8352941176470589,0.8034682080924855,0.7727272727272727,0.7627118644067796,0.7627118644067796,0.7430167597765364,0.6507936507936508,0.625,0.5678391959798995,0.5,0.38666666666666666,0.20463320463320464,0.043478260869565216,0.673168905150949,0.3257566607682446,0.3257566607682446,0.3257566607682446,0.3257566607682446,0.3257566607682446,0.32684105694393495,0.3278611325428222,0.3244088353255594,0.31454091401438744,0.30928973551494565,0.30928973551494565,0.30565506694212663,0.2937126488518096,0.2822309289534868,0.2603291348168502,0.2521594532232219,0.20920083617475915,0.13229030486442886,0.041693821618774725,0.2799098373233303,0.96,0.96,0.96,0.96,0.96,0.9533333333333334,0.9466666666666667,0.9266666666666666,0.9066666666666666,0.9,0.9,0.8866666666666667,0.82,0.8,0.7533333333333333,0.6933333333333334,0.58,0.35333333333333333,0.08666666666666667,0.8056140350877193,0.8888888888888888,0.8888888888888888,0.8888888888888888,0.8888888888888888,0.8888888888888888,0.8827160493827161,0.8765432098765432,0.8580246913580247,0.8395061728395061,0.8333333333333334,0.8333333333333334,0.8209876543209876,0.7592592592592593,0.7407407407407407,0.6975308641975309,0.6419753086419753,0.5370370370370371,0.3271604938271605,0.08024691358024691,0.7459389213775178,0.3290895061728395,0.3290895061728395,0.3290895061728395,0.3290895061728395,0.3290895061728395,0.33022533022533024,0.3312206572769953,0.3293365307753798,0.322140522875817,0.31802469135802475,0.31802469135802475,0.31545530492898916,0.30758807588075876,0.2987037037037037,0.28033431661750247,0.2752136752136752,0.2359514687100894,0.159643605870021,0.05384615384615384,0.29058717155287694,0.9334697420634921,0.9334697420634921,0.9334697420634921,0.9334697420634921,0.9334697420634921,0.928342490842491,0.9273977196512408,0.9160560256114045,0.9022451034677437,0.8953194427354634,0.8953194427354634,0.8861293599447123,0.8615730987044089,0.8362374261720191,0.795603886749184,0.7543558064997018,0.6573180394852408,0.4305202957298174,0.15590481869551634,0.8162985088074667,0.822320439207378,0.822320439207378,0.822320439207378,0.822320439207378,0.822320439207378,0.8260656144818697,0.8295081914168478,0.8393075514525272,0.8483443891119711,0.8509441612252012,0.8509441612252012,0.8550909239557247,0.8736578916403663,0.8783963870924132,0.8884466829762678,0.8979324823037683,0.9116014938907503,0.9316238494556843,0.9657169602880702,0.8610096282396608,0.5592194509649274,0.5592194509649274,0.5592194509649274,0.5592194509649274,0.5592194509649274,0.5582011055941679,0.5571132788525792,0.548287200350648,0.534025993786549,0.5275990541722484,0.5275990541722484,0.5205902028998936,0.49075897552513886,0.4751681209454075,0.4428482978350041,0.41812743779231615,0.34833386998878,0.21620031078939625,0.060112099782770934,0.47479275038483076,144.0,144.0,144.0,144.0,144.0,143.0,142.0,139.0,136.0,135.0,135.0,133.0,123.0,120.0,113.0,104.0,87.0,53.0,13.0,120.84210526315789,6.0,6.0,6.0,6.0,6.0,7.0,8.0,11.0,14.0,15.0,15.0,17.0,27.0,30.0,37.0,46.0,63.0,97.0,137.0,29.157894736842106,18.0,18.0,18.0,18.0,18.0,19.0,20.0,23.0,26.0,27.0,27.0,29.0,39.0,42.0,49.0,58.0,75.0,109.0,149.0,41.1578947368421,0.7333333333333333,0.852739409146691,0.7733333333333333,0.9266666666666666,0.8580246913580247,1.0,0.0,0.0,0.5968718524759337,0.8910256410256411,0.11442786069651742,0.7681456583307757,118.53077787139004,139,11,23,6,2,0,0,2.0,201,0.40384615384615385,0.42,0.3888888888888889,63,87,99,162,150,9,2
tagging_008_tagging_aria04_rgb,0.6976038682985239,0.8757823680992056,0.6109491677736476,0.6976038682985239,0.6976038682985239,0.6976038682985239,0.6915467309795779,0.6915467309795779,0.6915467309795779,0.690611856780238,0.690611856780238,0.6846282124654235,0.6773080414624909,0.6599305928156631,0.651737657221385,0.6370805577253897,0.6227009139683238,0.6022618804837545,0.5467893902289959,0.44529068470404054,0.3249615999223471,0.060493060308186804,0.6032556896158305,0.8951612903225806,0.8951612903225806,0.8951612903225806,0.8900804289544236,0.8900804289544236,0.8900804289544236,0.8850267379679144,0.8850267379679144,0.88,0.870026525198939,0.8552631578947368,0.8359375,0.8170103092783505,0.7848101265822784,0.749379652605459,0.6666666666666666,0.5426695842450766,0.3796477495107632,0.06818181818181818,0.7671248275753122,0.5436463376222341,0.5436463376222341,0.5436463376222341,0.5372962550028483,0.5372962550028483,0.5372962550028483,0.5389043248801133,0.5389043248801133,0.5326315787540921,0.5272783872018834,0.5092098067290227,0.5081264733791935,0.4967766409094548,0.4940767392306755,0.4840261827535853,0.44846795590049565,0.36538586211724317,0.27815268643149893,0.05367135173326558,0.47465474172504646,0.9380281690140845,0.9380281690140845,0.9380281690140845,0.9352112676056338,0.9352112676056338,0.9352112676056338,0.9323943661971831,0.9323943661971831,0.9295774647887324,0.923943661971831,0.9154929577464789,0.9042253521126761,0.8929577464788733,0.8732394366197183,0.8507042253521127,0.7943661971830986,0.6985915492957746,0.5464788732394367,0.1267605633802817,0.8389918458117124,0.9514285714285714,0.9514285714285714,0.9514285714285714,0.9485714285714286,0.9485714285714286,0.9485714285714286,0.9457142857142857,0.9457142857142857,0.9428571428571428,0.9371428571428572,0.9285714285714286,0.9171428571428571,0.9057142857142857,0.8857142857142857,0.8628571428571429,0.8057142857142857,0.7085714285714285,0.5542857142857143,0.12857142857142856,0.8509774436090226,0.5436792789733966,0.5436792789733966,0.5436792789733966,0.5398127076679522,0.5398127076679522,0.5398127076679522,0.5414274058978165,0.5414274058978165,0.5375666520051547,0.5346121403106697,0.5231184501772738,0.5231733021727525,0.5164058740789118,0.5165794910339502,0.5116154378668987,0.4897593628037933,0.42968037654944685,0.35788432055108826,0.08388011770364712,0.49250559457754023,0.9916531916531918,0.9916531916531918,0.9916531916531918,0.9886355612259227,0.9886355612259227,0.9886355612259227,0.9913899796075022,0.9913899796075022,0.9883926174835265,0.9824558218381123,0.9736025668868479,0.961216528348062,0.952059136645922,0.9328232443139106,0.909922636218204,0.8549806546682158,0.7672144231559418,0.6426301317615766,0.20678071849902832,0.8997749840879842,0.8757823680992056,0.8757823680992056,0.8757823680992056,0.8779337884217113,0.8779337884217113,0.8779337884217113,0.879587563674777,0.879587563674777,0.8809323922519098,0.8833964304045936,0.8866090947317963,0.8904427202214018,0.8937747233545114,0.8985837253612473,0.9031942036978976,0.9122501334799629,0.92335692106269,0.9355857484200091,0.9608772902887853,0.8941751042203742,0.7141117410258685,0.7141117410258685,0.7141117410258685,0.7088621246201362,0.7088621246201362,0.7088621246201362,0.7088521400387489,0.7088521400387489,0.703649282416069,0.6979796013852476,0.6827722842030612,0.6778354072406321,0.6660334449333991,0.6568464762885636,0.6416877113125425,0.5968649635278941,0.5052281420380867,0.38987763037856876,0.08248279082990587,0.6309412427141833,333.0,333.0,333.0,332.0,332.0,332.0,331.0,331.0,330.0,328.0,325.0,321.0,317.0,310.0,302.0,282.0,248.0,194.0,45.0,297.8421052631579,22.0,22.0,22.0,23.0,23.0,23.0,24.0,24.0,25.0,27.0,30.0,34.0,38.0,45.0,53.0,73.0,107.0,161.0,310.0,57.1578947368421,17.0,17.0,17.0,18.0,18.0,18.0,19.0,19.0,20.0,22.0,25.0,29.0,33.0,40.0,48.0,68.0,102.0,156.0,305.0,52.1578947368421,0.847887323943662,0.8798627106291097,0.8732394366197183,0.9295774647887324,0.9428571428571428,1.0,0.0,0.0,0.7362104070636795,0.9361702127659575,0.09950248756218906,0.8705514295508752,290.3546945076062,330,25,20,9,2,0,0,9.0,201,0.6297872340425532,0.6253521126760564,0.6342857142857142,222,133,128,350,355,12,2
tagging_009_tagging_aria01_rgb,0.4130298762632144,0.8763295806317292,0.3619502982541177,0.4130298762632144,0.4120715422912965,0.4107878294350569,0.4101639107606135,0.4089515176051426,0.4086876137803966,0.40699659701755525,0.4051547548530291,0.40039839505850816,0.3978765407404109,0.39313262910271934,0.38916246157969003,0.38487975283880754,0.3734564530890474,0.36237781864685703,0.33829436530017026,0.29777214354406906,0.22782454611800856,0.08482988998459631,0.36451834936890465,0.8522372528616025,0.8464730290456431,0.8388429752066116,0.8350515463917526,0.829393627954779,0.8275154004106776,0.820040899795501,0.8126272912423625,0.797979797979798,0.7925478348439073,0.7817817817817818,0.7693836978131213,0.7571569595261599,0.7248062015503876,0.7017208413001912,0.654275092936803,0.5738284703801945,0.4228617106314948,0.14175753688261705,0.7252779972913361,0.20017158146184613,0.20060055092100484,0.20116594618963357,0.20146592676509542,0.20164290888507735,0.2018398274819097,0.20199752234940788,0.2019995847408243,0.20090593166806944,0.1997428227190025,0.19769361178124334,0.1968425142529461,0.19564295392327247,0.19242346720477957,0.1871366442586214,0.17491584018604725,0.1545204778913842,0.12274467635379893,0.050763510660865145,0.1833798052470963,0.9831932773109243,0.9795918367346939,0.9747899159663865,0.9723889555822329,0.9687875150060024,0.9675870348139256,0.9627851140456183,0.957983193277311,0.9483793517406963,0.9447779111644657,0.9375750300120048,0.929171668667467,0.9207683073229291,0.8979591836734694,0.8811524609843937,0.8451380552220888,0.7791116446578632,0.6350540216086434,0.2653061224489796,0.8816579263284261,0.8648363252375924,0.8616684266103485,0.8574445617740233,0.8553326293558606,0.8521647307286166,0.8511087645195353,0.8468848996832101,0.8426610348468849,0.8342133051742344,0.8310454065469906,0.8247096092925026,0.8173178458289335,0.8099260823653643,0.7898627243928195,0.7750791974656811,0.7434002111932418,0.6853220696937699,0.5586061246040127,0.23336853220696938,0.7755238148168733,0.20053719365948838,0.20096809020480513,0.20153802504409254,0.20183945877422343,0.20203848402869384,0.20223384983591197,0.20244005659682499,0.20248503536982967,0.20171539061341623,0.20080756824353735,0.19924189743114293,0.19866221741734635,0.19780879639110313,0.19558297505515568,0.19143632538456343,0.18150403915818,0.16404647409902132,0.13518264989312095,0.06094934545546688,0.18636936171873283,0.9637048284916818,0.9625841602467717,0.9607205882461493,0.96000147454044,0.9579914867573628,0.958408819096241,0.9541436258292674,0.9496938616244044,0.9423699179734469,0.9390175730625748,0.9323575806778828,0.9249799852658113,0.917920291116687,0.9017072514694854,0.885531093074735,0.8540100407653881,0.7978317280625903,0.6766444390795169,0.3055806939393021,0.8813262862799862,0.8763295806317292,0.879224048812558,0.8829663936174725,0.8847186317981741,0.8871685883842266,0.8879238094805962,0.8906945529051595,0.8932755205371712,0.8980046162620358,0.8995933814601218,0.9024658095148729,0.9055163729724323,0.9081250406419481,0.9140014594715452,0.9176043553913046,0.9236683948569755,0.9315548582646498,0.9435668845468392,0.9632330201524987,0.9047176484053848,0.44362974787764536,0.44329071964874095,0.44282562683463966,0.4426095820387509,0.44198318137385706,0.44192488069871705,0.44099910157743744,0.439900224176694,0.4365031926987755,0.4344106430769778,0.4305259504361855,0.42766866547960886,0.42443118585182854,0.41567826444357475,0.40607377978496134,0.3844841128088047,0.3469707533255149,0.27919437736016706,0.11605115327014881,0.4020607969875279,819.0,816.0,812.0,810.0,807.0,806.0,802.0,798.0,790.0,787.0,781.0,774.0,767.0,748.0,734.0,704.0,649.0,529.0,221.0,734.421052631579,14.0,17.0,21.0,23.0,26.0,27.0,31.0,35.0,43.0,46.0,52.0,59.0,66.0,85.0,99.0,129.0,184.0,304.0,612.0,98.57894736842105,128.0,131.0,135.0,137.0,140.0,141.0,145.0,149.0,157.0,160.0,166.0,173.0,180.0,199.0,213.0,243.0,298.0,418.0,726.0,212.57894736842104,0.7418967587034814,0.8971831195692477,0.7719087635054022,0.9543817527010804,0.839493136219641,1.0,0.0,0.0,0.6437702041507226,0.8932584269662921,0.266199649737303,0.7702305642152796,713.2605800575519,795,38,152,25,2,0,0,23.0,571,0.33707865168539325,0.36014405762304924,0.3167898627243928,300,533,647,947,833,31,2
tagging_009_tagging_aria03_rgb,0.4019251082328835,0.8930625213323844,0.3589442505452504,0.4019251082328835,0.4019251082328835,0.4019251082328835,0.3996720723983305,0.39876473449621663,0.39876473449621663,0.3976838232585426,0.3976838232585426,0.3976838232585426,0.3942316652907636,0.39334414965457537,0.39228309760665475,0.3828895651358586,0.3753997754284769,0.36122820109746123,0.3421025952283696,0.30874797303305535,0.246887813711654,0.06030540710604105,0.3607078199556817,0.8644366197183099,0.8644366197183099,0.8644366197183099,0.8611599297012302,0.8578947368421053,0.8578947368421053,0.8546409807355516,0.8546409807355516,0.8546409807355516,0.8449477351916377,0.8417391304347827,0.8385416666666666,0.8133561643835616,0.7888513513513513,0.7504132231404959,0.6944,0.6094224924012158,0.45867768595041325,0.09287925696594428,0.7614426795385838,0.1868775442214106,0.1868775442214106,0.1868775442214106,0.18549140519182722,0.18535294209073158,0.18535294209073158,0.18505129855277588,0.18505129855277588,0.18505129855277588,0.1839387212307032,0.1838094659892594,0.18351625779025757,0.18024627526003645,0.17864581349875064,0.17388527979560636,0.1685400139141499,0.15641908862999834,0.13288981440860836,0.03915559022569289,0.17121211254941648,0.9742063492063492,0.9742063492063492,0.9742063492063492,0.9722222222222222,0.9702380952380952,0.9702380952380952,0.9682539682539683,0.9682539682539683,0.9682539682539683,0.9623015873015873,0.9603174603174603,0.9583333333333334,0.9424603174603174,0.9265873015873016,0.9007936507936508,0.8611111111111112,0.7956349206349206,0.6607142857142857,0.17857142857142858,0.888784461152882,0.8846846846846846,0.8846846846846846,0.8846846846846846,0.8828828828828829,0.8810810810810811,0.8810810810810811,0.8792792792792793,0.8792792792792793,0.8792792792792793,0.8738738738738738,0.872072072072072,0.8702702702702703,0.8558558558558559,0.8414414414414414,0.818018018018018,0.781981981981982,0.7225225225225225,0.6,0.16216216216216217,0.8071123755334281,0.18698896859004605,0.18698896859004605,0.18698896859004605,0.18587088794462067,0.18576173370355045,0.18576173370355045,0.18550890982805315,0.18550890982805315,0.18550890982805315,0.18456480333766667,0.18446293109716197,0.1842159321121453,0.18144826876575604,0.1800949677754264,0.17608441958306956,0.17164885062907956,0.161251928828954,0.14011005140037397,0.044884327142391656,0.1728239195409497,0.9945114627395686,0.9945114627395686,0.9945114627395686,0.9925010946293745,0.9904862138867397,0.9904862138867397,0.9884528687908322,0.9884528687908322,0.9884528687908322,0.9825726227765177,0.9806082411431357,0.9786047885118193,0.9647013774117822,0.9499776573177501,0.9265767995249541,0.8984285890033505,0.8429520516732274,0.7364371709364517,0.24969950585391312,0.917522385323524,0.8930625213323844,0.8930625213323844,0.8930625213323844,0.8945260960241711,0.8959433407078832,0.8959433407078832,0.8970736760176934,0.8970736760176934,0.8970736760176934,0.8996013332350824,0.9003291361741548,0.9009551208009619,0.9054974999168933,0.9093232054271185,0.9145810049410329,0.9209515864043929,0.9289296584186413,0.9393391444838796,0.9609166746823893,0.90722345968288,0.426681719909101,0.426681719909101,0.426681719909101,0.4246632385299214,0.4240713212195425,0.4240713212195425,0.4232926341838174,0.4232926341838174,0.4232926341838174,0.42071905519780045,0.42013740557240814,0.4193682713904294,0.41215890358284596,0.4068549400826733,0.39577109041257635,0.38096151859248956,0.3527782436147605,0.29631435808223616,0.08361859651512601,0.3900742803311109,491.0,491.0,491.0,490.0,489.0,489.0,488.0,488.0,488.0,485.0,484.0,483.0,475.0,467.0,454.0,434.0,401.0,333.0,90.0,447.94736842105266,13.0,13.0,13.0,14.0,15.0,15.0,16.0,16.0,16.0,19.0,20.0,21.0,29.0,37.0,50.0,70.0,103.0,171.0,414.0,56.05263157894737,64.0,64.0,64.0,65.0,66.0,66.0,67.0,67.0,67.0,70.0,71.0,72.0,80.0,88.0,101.0,121.0,154.0,222.0,465.0,107.05263157894737,0.8035714285714286,0.8996013332350824,0.8234126984126984,0.9623015873015873,0.8738738738738738,1.0,0.0,0.0,0.7069576321805852,0.9159584513692163,0.12259194395796848,0.8214285714285714,436.30664661901494,485,19,70,10,2,0,0,12.0,571,0.254957507082153,0.26785714285714285,0.24324324324324326,135,369,420,555,504,16,2
tagging_009_tagging_aria04_rgb,0.33758598107016174,0.8914836095582759,0.3009523689406996,0.33758598107016174,0.3370816844462047,0.33594394079332546,0.3345411581408985,0.3345411581408985,0.33352298715359124,0.3318454427129141,0.33074155570475483,0.3288583276062311,0.3269308466581014,0.32508489169206917,0.32232836825161854,0.319756035171556,0.3161573579260611,0.3094821435793057,0.29366140443191996,0.2696274371197932,0.21704625884095716,0.09085745536936973,0.3050312860426175,0.810204081632653,0.8083588175331294,0.8046795523906409,0.8010152284263959,0.8010152284263959,0.7973657548125633,0.7919191919191919,0.7883064516129032,0.7829145728643216,0.7757757757757757,0.7686939182452642,0.7599206349206349,0.7512339585389931,0.7375122428991185,0.7107039537126326,0.6548507462686567,0.5839285714285715,0.43876723438767234,0.14525500322788895,0.711180048369653,0.14066122005390622,0.14056141842534425,0.14025251545221443,0.13971992356514557,0.13971992356514557,0.13950634610085957,0.13905635697810798,0.13876580160695834,0.13813486603053582,0.137776638345918,0.13748019113730697,0.136718983806252,0.1361013048817419,0.1355305975367517,0.13476665873899096,0.13168958109051063,0.12449973918887247,0.10736690159327758,0.05683162034181855,0.13132318886524522,0.9826732673267327,0.9814356435643564,0.9789603960396039,0.9764851485148515,0.9764851485148515,0.974009900990099,0.9702970297029703,0.9678217821782178,0.9641089108910891,0.9591584158415841,0.9542079207920792,0.948019801980198,0.9418316831683168,0.931930693069307,0.9121287128712872,0.8688118811881188,0.8094059405940595,0.6695544554455446,0.2784653465346535,0.8971469515372588,0.8219461697722568,0.8209109730848861,0.8188405797101449,0.8167701863354038,0.8167701863354038,0.8146997929606625,0.8115942028985508,0.8095238095238095,0.8064182194616977,0.8022774327122153,0.7981366459627329,0.7929606625258799,0.7877846790890269,0.7795031055900621,0.7629399585921325,0.7267080745341615,0.6770186335403726,0.5600414078674948,0.2329192546583851,0.7504086302713305,0.14098206916979286,0.14089171669844663,0.14060918860173635,0.14013960328148842,0.14013960328148842,0.1399748682006423,0.1395742412659706,0.13931523123608194,0.13876698129113507,0.1384644161988814,0.13823895572820413,0.1375833439595979,0.13708613378576723,0.13660090789048637,0.13594237528251668,0.1332832967920687,0.12687623403219733,0.1111981716126088,0.06205343589203239,0.13251161969479702,0.9736617571518378,0.972730858476393,0.9708558778043086,0.968682226431093,0.968682226431093,0.9680233726825811,0.9646307475277693,0.9624761761474555,0.9590939528834178,0.956931159475056,0.9537737738361234,0.9480529517472547,0.9445379484103708,0.9354899583789634,0.9204236569156763,0.8941506338726974,0.8460330535568018,0.7218013117785393,0.39154050284614567,0.9063985340186093,0.8914836095582759,0.8925041354341089,0.8944577342865911,0.8963059404418554,0.8963059404418554,0.8978557228982191,0.9000858992708143,0.9014277149788247,0.903280259688624,0.905514062254359,0.9075196847827469,0.9096418322349806,0.9115908057450364,0.9140359961240445,0.9179537381918854,0.9250324741929812,0.9325066946251874,0.9438576370740401,0.9658196339438985,0.910904185061491,0.3717849118731643,0.3714188823317906,0.37054238363870134,0.3693703159608185,0.3693703159608185,0.36861980732617816,0.36732270571960846,0.36647041547256637,0.3649343163430734,0.3635238949173074,0.3621942673969693,0.3600170884207261,0.3580286595486111,0.355394321415695,0.35060595969486863,0.33825060632631815,0.31744421321215543,0.268119352768804,0.1257999874905016,0.34311644241150924,794.0,793.0,791.0,789.0,789.0,787.0,784.0,782.0,779.0,775.0,771.0,766.0,761.0,753.0,737.0,702.0,654.0,541.0,225.0,724.8947368421053,14.0,15.0,17.0,19.0,19.0,21.0,24.0,26.0,29.0,33.0,37.0,42.0,47.0,55.0,71.0,106.0,154.0,267.0,583.0,83.10526315789474,172.0,173.0,175.0,177.0,177.0,179.0,182.0,184.0,187.0,191.0,195.0,200.0,205.0,213.0,229.0,264.0,312.0,425.0,741.0,241.10526315789474,0.6992574257425742,0.905256107587185,0.7202970297029703,0.9579207920792079,0.8012422360248447,1.0,0.0,0.0,0.6085002812778233,0.8726042841037204,0.3362521891418564,0.7187741968794823,700.6682272724812,774,34,192,17,2,0,0,13.0,571,0.1713641488162345,0.18811881188118812,0.15734989648033126,152,656,814,966,808,27,2
tagging_010_tagging_aria01_rgb,0.32294193946086963,0.8792515723573148,0.28394720805109036,0.32294193946086963,0.32294193946086963,0.32294193946086963,0.32233966091331107,0.3209144061088663,0.319300102714459,0.31621186266661294,0.3148116471150463,0.31160877549041976,0.3094545857863385,0.3062286525255788,0.30394665682660243,0.3027618995119126,0.2937651835679605,0.2886563241202497,0.2663403204784138,0.23900973633248027,0.19049923824875428,0.07327504529453108,0.28673420610969186,0.7368421052631579,0.7368421052631579,0.7368421052631579,0.7340764331210191,0.7313195548489666,0.7258320126782885,0.7176656151419558,0.7149606299212599,0.7068965517241379,0.6989079563182528,0.6909937888198758,0.6857585139318886,0.6805555555555556,0.6550151975683891,0.6351351351351351,0.5736994219653179,0.4958791208791209,0.35785536159601,0.11122448979591837,0.6382264028837139,0.1415384592137294,0.1415384592137294,0.1415384592137294,0.14154228675609729,0.1408222375093952,0.14046301873248002,0.13932664458406674,0.13861794483733073,0.13736101658129396,0.1370168128699745,0.13571176636448268,0.13471735066966184,0.13469108737380464,0.1317495890127149,0.13118857522641456,0.12364866269088305,0.11520076497765493,0.10140957400080566,0.04827383135465385,0.12928192322015278,0.9685534591194969,0.9685534591194969,0.9685534591194969,0.9664570230607966,0.9643605870020965,0.960167714884696,0.9538784067085954,0.9517819706498952,0.9454926624737946,0.939203354297694,0.9329140461215933,0.9287211740041929,0.9245283018867925,0.9035639412997903,0.8867924528301887,0.8322851153039832,0.7568134171907757,0.6016771488469602,0.22851153039832284,0.8727794328588768,0.7549019607843137,0.7549019607843137,0.7549019607843137,0.7532679738562091,0.7516339869281046,0.7483660130718954,0.7434640522875817,0.7418300653594772,0.7369281045751634,0.7320261437908496,0.7271241830065359,0.7238562091503268,0.7205882352941176,0.704248366013072,0.6911764705882353,0.6486928104575164,0.5898692810457516,0.46895424836601307,0.1781045751633987,0.6802545579635363,0.1484055016090125,0.1484055016090125,0.1484055016090125,0.14843346578019997,0.14766919070580908,0.14735989493953483,0.14618617940816866,0.1454274392623552,0.14426879183232424,0.14390150904628224,0.14280838586108718,0.14195967212191624,0.14196493185715828,0.1392028095839224,0.13893150189400003,0.13220533841056065,0.12347122981117743,0.10983893080972162,0.05349193396686215,0.13643882684832198,0.8617321961850236,0.8617321961850236,0.8617321961850236,0.8594076817877387,0.8586914182940407,0.8552737503127124,0.8529044601200012,0.8522133539381804,0.8467137609006535,0.8428718272430071,0.8356975608622544,0.8307420946208499,0.8285546668920801,0.8121723357315777,0.798731923918764,0.7488652209952413,0.7079218274923298,0.6256357090208761,0.34431327788445826,0.7939951293984124,0.8792515723573148,0.8792515723573148,0.8792515723573148,0.8807864068880161,0.8822034146255184,0.8848781688285906,0.8885761390656145,0.8896558066687246,0.8927516472235971,0.8956498333460983,0.89820687099864,0.8996946003321945,0.9008810130962586,0.9062416718051188,0.9096505609787305,0.9183268461937302,0.9272033467376334,0.9404373609483468,0.9631284337330597,0.9008435178179903,0.3702533784719613,0.3702533784719613,0.3702533784719613,0.3698574551033349,0.36851514979374866,0.3672438641041829,0.3645554522262756,0.3632272851875436,0.3603801233247398,0.358729215764007,0.35581935454019065,0.3537157843137098,0.35288202318762174,0.3450277929572576,0.3410821578569156,0.3207973526774573,0.2952718825180116,0.24701381206440579,0.10502917252383974,0.3357846322925856,462.0,462.0,462.0,461.0,460.0,458.0,455.0,454.0,451.0,448.0,445.0,443.0,441.0,431.0,423.0,397.0,361.0,287.0,109.0,416.3157894736842,15.0,15.0,15.0,16.0,17.0,19.0,22.0,23.0,26.0,29.0,32.0,34.0,36.0,46.0,54.0,80.0,116.0,190.0,368.0,60.68421052631579,150.0,150.0,150.0,151.0,152.0,154.0,157.0,158.0,161.0,164.0,167.0,169.0,171.0,181.0,189.0,215.0,251.0,325.0,503.0,195.68421052631578,0.5807127882599581,0.8938922356502558,0.6205450733752621,0.9517819706498952,0.7418300653594772,1.0,0.0,0.0,0.4797213312059039,0.8337924701561065,0.3752969121140142,0.6178642482160318,405.82707498521614,454,23,158,19,2,0,0,18.0,421,0.1928374655647383,0.22012578616352202,0.1715686274509804,105,372,507,612,477,29,2
tagging_010_tagging_aria03_rgb,0.3547904401864949,0.8979868906018533,0.3185971641983334,0.3547904401864949,0.3547904401864949,0.3547904401864949,0.3547904401864949,0.3547904401864949,0.3541298596877131,0.35382194567542746,0.35382194567542746,0.35382194567542746,0.35344187341471733,0.35091779776602694,0.34870981338865076,0.34444220097064826,0.3413807936989193,0.33503343892276244,0.3186735154085561,0.28669250230167537,0.21480092138887416,0.0588843862478928,0.3232907969029049,0.9421768707482994,0.9421768707482994,0.9421768707482994,0.9421768707482994,0.9421768707482994,0.9388794567062818,0.9355932203389831,0.9355932203389831,0.9355932203389831,0.9323181049069373,0.9225589225589226,0.9128978224455612,0.8970099667774086,0.8876033057851239,0.8629690048939641,0.8041074249605056,0.6968796433878157,0.4697554697554698,0.10444874274661509,0.8393206252464764,0.13360151406365228,0.13360151406365228,0.13360151406365228,0.13360151406365228,0.13360151406365228,0.13357194752390014,0.13380811929802833,0.13380811929802833,0.13380811929802833,0.13398984448057516,0.13348014720554954,0.13320059590874853,0.13226210878763273,0.1312983463974581,0.13007118976446275,0.12629259010739152,0.11794373914615226,0.0982201140809006,0.033196866258147426,0.12489260094069816,0.9535283993115319,0.9535283993115319,0.9535283993115319,0.9535283993115319,0.9535283993115319,0.9518072289156626,0.9500860585197934,0.9500860585197934,0.9500860585197934,0.9483648881239243,0.9432013769363167,0.9380378657487092,0.9294320137693631,0.9242685025817556,0.9104991394148021,0.8760757314974182,0.8072289156626506,0.6282271944922547,0.18588640275387264,0.8768910227375668,0.9875222816399287,0.9875222816399287,0.9875222816399287,0.9875222816399287,0.9875222816399287,0.9857397504456328,0.983957219251337,0.983957219251337,0.983957219251337,0.982174688057041,0.9768270944741533,0.9714795008912656,0.9625668449197861,0.9572192513368984,0.9429590017825312,0.9073083778966132,0.8360071301247772,0.6506238859180036,0.1925133689839572,0.9081527347781219,0.13371468564941516,0.13371468564941516,0.13371468564941516,0.13371468564941516,0.13371468564941516,0.13369431182122352,0.13393070526980339,0.13393070526980339,0.13393070526980339,0.13411305274021929,0.13366140390059744,0.1334409834904361,0.13264270609375936,0.13180169772192782,0.13074382867374484,0.12748934019411157,0.12012558129325593,0.10208512057954436,0.03657268399368771,0.1256176976083681,0.9913302702111367,0.9913302702111367,0.9913302702111367,0.9913302702111367,0.9913302702111367,0.9895966902296016,0.9895778436539306,0.9895778436539306,0.9895778436539306,0.9881070230435023,0.9830586348673511,0.9813807257682056,0.9734532417610804,0.9681376423643876,0.9539686050424974,0.9230996576680706,0.8616164319594498,0.7082067546589147,0.27321082770644517,0.9225905851098413,0.8979868906018533,0.8979868906018533,0.8979868906018533,0.8979868906018533,0.8979868906018533,0.8990931003698608,0.9001390929225526,0.9001390929225526,0.9001390929225526,0.9008969440843109,0.9029903925476448,0.9048569957491118,0.9073777128625232,0.9087145398170088,0.9115137913438439,0.9168856231982928,0.9243297506554671,0.9375228935770479,0.9623537930435812,0.9087835404750324,0.3569213328602137,0.3569213328602137,0.3569213328602137,0.3569213328602137,0.3569213328602137,0.3565595956268625,0.35655185970880876,0.35655185970880876,0.35655185970880876,0.356470565223221,0.3548220097991901,0.35347871605331305,0.35061180544281745,0.348360339327311,0.34413617412763037,0.33262873186337444,0.3085572826237407,0.24840399898502719,0.07855473283913858,0.3308866418599537,554.0,554.0,554.0,554.0,554.0,553.0,552.0,552.0,552.0,551.0,548.0,545.0,540.0,537.0,529.0,509.0,469.0,365.0,108.0,509.4736842105263,27.0,27.0,27.0,27.0,27.0,28.0,29.0,29.0,29.0,30.0,33.0,36.0,41.0,44.0,52.0,72.0,112.0,216.0,473.0,71.52631578947368,7.0,7.0,7.0,7.0,7.0,8.0,9.0,9.0,9.0,10.0,13.0,16.0,21.0,24.0,32.0,52.0,92.0,196.0,453.0,51.526315789473685,0.9053356282271945,0.8994360487495258,0.9345955249569707,0.9500860585197934,0.983957219251337,1.0,0.0,0.0,0.8097912201544548,0.9667250437828371,0.021377672209026127,0.9324777126998652,496.4886989097382,552,29,9,17,2,0,0,14.0,421,0.19614711033274956,0.1927710843373494,0.19964349376114082,112,469,449,561,581,20,2
tagging_010_tagging_aria04_rgb,0.341286206684185,0.8852260901702674,0.3021154543720829,0.341286206684185,0.341286206684185,0.3399963523204933,0.3383015351979435,0.33718075344054604,0.33642477657791786,0.3334653008551582,0.33263549896707173,0.3320059417644462,0.33039183229418667,0.3284489493093815,0.32284135666589353,0.32259817090338644,0.31562211255762257,0.30892422107139084,0.29511503405260553,0.2695465626102195,0.21878928426521968,0.10023177413608611,0.3076364142293652,0.8802919708029197,0.8802919708029197,0.8775510204081632,0.8666666666666667,0.8559077809798271,0.8479196556671449,0.8347578347578347,0.8295454545454546,0.8243626062322946,0.8192090395480226,0.8115330520393812,0.7938718662952646,0.7913769123783032,0.7692307692307693,0.7452574525745257,0.6992084432717678,0.6221662468513854,0.47368421052631576,0.17304189435336975,0.7576776235753858,0.1323155029650464,0.1323155029650464,0.13172740604583277,0.1320553023660985,0.13283073599422493,0.13348155045002516,0.1332112167676513,0.13338193171548499,0.13371293716328034,0.13324897257839768,0.13293200077475295,0.13128887166674036,0.13150444275339432,0.1295025133159375,0.12805531032918072,0.1245592557726299,0.11677803124594748,0.1010562519196061,0.058057666231690445,0.12536923173794573,0.9836867862969005,0.9836867862969005,0.9820554649265906,0.9755301794453507,0.9690048939641109,0.964110929853181,0.9559543230016313,0.9526916802610114,0.9494290375203915,0.9461663947797716,0.9412724306688418,0.9298531810766721,0.9282218597063622,0.9135399673735726,0.8972267536704731,0.8646003262642741,0.8058727569331158,0.6753670473083198,0.3099510603588907,0.8909590452477033,0.8933333333333333,0.8933333333333333,0.8918518518518519,0.8859259259259259,0.88,0.8755555555555555,0.8681481481481481,0.8651851851851852,0.8622222222222222,0.8592592592592593,0.8548148148148148,0.8444444444444444,0.8429629629629629,0.8296296296296296,0.8148148148148148,0.7851851851851852,0.7318518518518519,0.6133333333333333,0.2814814814814815,0.8091228070175438,0.13245419182293774,0.13245419182293774,0.13194505677883614,0.1322831819155694,0.133056524147559,0.13370734426383946,0.13352368202940518,0.13370129699984964,0.13403300344593297,0.1336431413086575,0.1333989233699707,0.13195896068519186,0.13217554773343904,0.13046748601316555,0.12922278896861764,0.12617245547270947,0.119164258295885,0.1044173068144467,0.06300330340851697,0.12635698133144568,0.9573099375667419,0.9573099375667419,0.9555997512416649,0.9533518120080526,0.9572650050380136,0.9616469969161661,0.9580032326215189,0.9547389142040368,0.9539036451882354,0.9512144442067308,0.9489943886573459,0.9382685144028862,0.9390387578376891,0.9257837862247974,0.9143176182521761,0.8927438079252572,0.8443170436186102,0.7399894043799805,0.4105851010944895,0.9007569525763756,0.8852260901702674,0.8852260901702674,0.886523834758959,0.8913148818525202,0.8957752595404562,0.8989798896018882,0.9038887889553161,0.9057168472371195,0.9073816242472613,0.9088815998791788,0.9108656053285238,0.9149894018046796,0.9155167534958671,0.9192941117292516,0.922839607791052,0.9283555221884481,0.9354178247818427,0.9460331079113585,0.9644505275533519,0.9119303878419796,0.36077279815549357,0.36077279815549357,0.359671543200062,0.3589205104391641,0.358766822946686,0.35873530872025694,0.35685268464920317,0.35647139666807054,0.35630176148169385,0.3550714012598187,0.35373044466503595,0.3493985903796486,0.3493784458323159,0.34395598815755074,0.3389611340211674,0.3281675992237061,0.3067706537291226,0.2612471291153074,0.1341455746958319,0.3341101360787173,603.0,603.0,602.0,598.0,594.0,591.0,586.0,584.0,582.0,580.0,577.0,570.0,569.0,560.0,550.0,530.0,494.0,414.0,190.0,546.1578947368421,10.0,10.0,11.0,15.0,19.0,22.0,27.0,29.0,31.0,33.0,36.0,43.0,44.0,53.0,63.0,83.0,119.0,199.0,423.0,66.84210526315789,72.0,72.0,73.0,77.0,81.0,84.0,89.0,91.0,93.0,95.0,98.0,105.0,106.0,115.0,125.0,145.0,181.0,261.0,485.0,128.8421052631579,0.7601957585644372,0.9088815998791788,0.7911908646003263,0.9461663947797716,0.8592592592592593,1.0,0.0,0.0,0.6739825904240191,0.9006211180124224,0.22565320665083136,0.7891048065237312,527.1513279299237,580,33,95,19,2,0,0,16.0,421,0.20341614906832298,0.2137030995106036,0.19407407407407407,131,482,544,675,613,27,2
COMBINED,0.6460314831826051,0.8853450660108069,0.571960786123363,0.6460314831826051,0.6458907724271125,0.6454573211270561,0.6446160960937952,0.6434712149647995,0.6412597654417391,0.6394302252066865,0.6378544786990784,0.6355883527623524,0.6328451312653175,0.6291348384928795,0.6238876651465503,0.616035536412372,0.6038034183636948,0.5856354579910169,0.5522709608179737,0.49043658506964455,0.3660883020431875,0.1252541455549316,0.5792100921611997,0.9423347159908575,0.9417429717516037,0.9405605642855934,0.9381345767235991,0.9356819869069313,0.9312179109502567,0.9269685568395593,0.9227056378628411,0.9175316318173461,0.9110474413646056,0.902427699655081,0.8909510466457887,0.8746364260269943,0.8493729245252604,0.8131588513267902,0.7478290014930375,0.6314098006313814,0.41764080765143463,0.11241042945380147,0.8183033148369875,0.4428964254216925,0.44298168653232806,0.44294346288370845,0.44293209274348266,0.442517019972791,0.4415873899534137,0.44108401508449613,0.4409405549302085,0.4402818825624746,0.43959616369301424,0.43860648909241745,0.4368767736312686,0.4338943254933293,0.42923262268038126,0.42177354288985863,0.40785154567938686,0.38093809081559626,0.32089930494703583,0.1395653504299057,0.41196835470719945,0.9661678933481461,0.9658554367448965,0.9652305235383974,0.9639459797250381,0.9626440772114984,0.9602659352867657,0.9579919455631163,0.9557005971392862,0.9529058464102208,0.9493820302735732,0.9446604638244688,0.9383071795583947,0.9291417858630746,0.9146299125121511,0.8931224829884739,0.8520691570615192,0.7707610054159144,0.5866893487015692,0.20123941119288988,0.8753005795978629,0.9744905105399537,0.9741753624203375,0.9735450661811051,0.9722494572449051,0.9709363400798375,0.9685377127249808,0.9662441347433294,0.9639330485328104,0.961114223685132,0.9575600532250158,0.9527978149730373,0.9463898032075075,0.9371454583654317,0.9225085790321451,0.9008158834652287,0.8594089221934309,0.7774003781777435,0.591743119266055,0.202972897261713,0.8828404613326158,0.4483319848586999,0.44842607163383724,0.4484496539745782,0.4485475076856686,0.4483315726485844,0.44775621911490715,0.44749337637843384,0.4475631999002428,0.4472895906970996,0.44703568550393535,0.44666485547023044,0.44583538601148476,0.44435481379046876,0.44192188669220533,0.4377715633355438,0.42961803021034506,0.41190167828487523,0.36669259090776285,0.1976928430627587,0.4264041321137717,0.9489336058791557,0.9488770130595737,0.9485687967055672,0.9477506267179157,0.9470601790647134,0.9457321767829909,0.9445628633194901,0.9433282271600878,0.9415962531470727,0.9391237696796246,0.935866294397756,0.9307841685084027,0.9236917330092289,0.9121665649636477,0.8954017266587259,0.8640100378837595,0.8042185490823098,0.6783073298856562,0.33556688738816154,0.880818252804939,0.8853450660108069,0.8856062071559788,0.8860984708732683,0.8870463288288557,0.8879374609603713,0.8894517837689497,0.8907905388392264,0.8920248525625539,0.8933918600178815,0.8949444450574963,0.8967802876526393,0.8989497291815132,0.9016423359531868,0.9052157487896062,0.9095061102458039,0.9158890301292313,0.9251453261202247,0.9397729977793435,0.9637997369615232,0.9025967535204453,0.6541500640687127,0.6541072315115256,0.6538673799610687,0.653423759968428,0.6526763273952025,0.6511845575752365,0.6500422553708238,0.6491588031057798,0.6477246173817082,0.646022211992241,0.6436879752041861,0.6402535538991774,0.6349404290677403,0.6265692269251006,0.6137551905154335,0.589506338162087,0.5418599688833342,0.43389884099656534,0.16758892846319998,0.600232508444608,55659.0,55641.0,55605.0,55531.0,55456.0,55319.0,55188.0,55056.0,54895.0,54692.0,54420.0,54054.0,53526.0,52690.0,51451.0,49086.0,44402.0,33798.0,11593.0,50424.31578947369,1949.0,1967.0,2003.0,2077.0,2152.0,2289.0,2420.0,2552.0,2713.0,2916.0,3188.0,3554.0,4082.0,4918.0,6157.0,8522.0,13206.0,23810.0,46015.0,7183.684210526316,1457.0,1475.0,1511.0,1585.0,1660.0,1797.0,1928.0,2060.0,2221.0,2424.0,2696.0,3062.0,3590.0,4426.0,5665.0,8030.0,12714.0,23318.0,45523.0,6691.684210526316,0.9056381058186364,0.8942411259125052,0.9193167615608944,0.9553881405360367,0.9636179004131942,0.9696969696969697,0.030303030303030304,0.0,0.8045973317589997,0.9594853735922736,0.06291821842734732,0.9192664816307199,49217.243087972456,55038,2570,2078,788,160,5,0,844.0,33027,0.5320246853317527,0.5297528121094293,0.5343161285804328,30518,27090,26598,57116,57608,957,165
