seq,HOTA(0),LocA(0),HOTALocA(0),HOTA___5,HOTA___10,HOTA___15,HOTA___20,HOTA___25,HOTA___30,HOTA___35,HOTA___40,HOTA___45,HOTA___50,HOTA___55,HOTA___60,HOTA___65,HOTA___70,HOTA___75,HOTA___80,HOTA___85,HOTA___90,HOTA___95,HOTA___AUC,DetA___5,DetA___10,DetA___15,DetA___20,DetA___25,DetA___30,DetA___35,DetA___40,DetA___45,DetA___50,DetA___55,DetA___60,DetA___65,DetA___70,DetA___75,DetA___80,DetA___85,DetA___90,DetA___95,DetA___AUC,AssA___5,AssA___10,AssA___15,AssA___20,AssA___25,AssA___30,AssA___35,AssA___40,AssA___45,AssA___50,AssA___55,AssA___60,AssA___65,AssA___70,AssA___75,AssA___80,AssA___85,AssA___90,AssA___95,AssA___AUC,DetRe___5,DetRe___10,DetRe___15,DetRe___20,DetRe___25,DetRe___30,DetRe___35,DetRe___40,DetRe___45,DetRe___50,DetRe___55,DetRe___60,DetRe___65,DetRe___70,DetRe___75,DetRe___80,DetRe___85,DetRe___90,DetRe___95,DetRe___AUC,DetPr___5,DetPr___10,DetPr___15,DetPr___20,DetPr___25,DetPr___30,DetPr___35,DetPr___40,DetPr___45,DetPr___50,DetPr___55,DetPr___60,DetPr___65,DetPr___70,DetPr___75,DetPr___80,DetPr___85,DetPr___90,DetPr___95,DetPr___AUC,AssRe___5,AssRe___10,AssRe___15,AssRe___20,AssRe___25,AssRe___30,AssRe___35,AssRe___40,AssRe___45,AssRe___50,AssRe___55,AssRe___60,AssRe___65,AssRe___70,AssRe___75,AssRe___80,AssRe___85,AssRe___90,AssRe___95,AssRe___AUC,AssPr___5,AssPr___10,AssPr___15,AssPr___20,AssPr___25,AssPr___30,AssPr___35,AssPr___40,AssPr___45,AssPr___50,AssPr___55,AssPr___60,AssPr___65,AssPr___70,AssPr___75,AssPr___80,AssPr___85,AssPr___90,AssPr___95,AssPr___AUC,LocA___5,LocA___10,LocA___15,LocA___20,LocA___25,LocA___30,LocA___35,LocA___40,LocA___45,LocA___50,LocA___55,LocA___60,LocA___65,LocA___70,LocA___75,LocA___80,LocA___85,LocA___90,LocA___95,LocA___AUC,OWTA___5,OWTA___10,OWTA___15,OWTA___20,OWTA___25,OWTA___30,OWTA___35,OWTA___40,OWTA___45,OWTA___50,OWTA___55,OWTA___60,OWTA___65,OWTA___70,OWTA___75,OWTA___80,OWTA___85,OWTA___90,OWTA___95,OWTA___AUC,HOTA_TP___5,HOTA_TP___10,HOTA_TP___15,HOTA_TP___20,HOTA_TP___25,HOTA_TP___30,HOTA_TP___35,HOTA_TP___40,HOTA_TP___45,HOTA_TP___50,HOTA_TP___55,HOTA_TP___60,HOTA_TP___65,HOTA_TP___70,HOTA_TP___75,HOTA_TP___80,HOTA_TP___85,HOTA_TP___90,HOTA_TP___95,HOTA_TP___AUC,HOTA_FN___5,HOTA_FN___10,HOTA_FN___15,HOTA_FN___20,HOTA_FN___25,HOTA_FN___30,HOTA_FN___35,HOTA_FN___40,HOTA_FN___45,HOTA_FN___50,HOTA_FN___55,HOTA_FN___60,HOTA_FN___65,HOTA_FN___70,HOTA_FN___75,HOTA_FN___80,HOTA_FN___85,HOTA_FN___90,HOTA_FN___95,HOTA_FN___AUC,HOTA_FP___5,HOTA_FP___10,HOTA_FP___15,HOTA_FP___20,HOTA_FP___25,HOTA_FP___30,HOTA_FP___35,HOTA_FP___40,HOTA_FP___45,HOTA_FP___50,HOTA_FP___55,HOTA_FP___60,HOTA_FP___65,HOTA_FP___70,HOTA_FP___75,HOTA_FP___80,HOTA_FP___85,HOTA_FP___90,HOTA_FP___95,HOTA_FP___AUC,MOTA,MOTP,MODA,CLR_Re,CLR_Pr,MTR,PTR,MLR,sMOTA,CLR_F1,FP_per_frame,MOTAL,MOTP_sum,CLR_TP,CLR_FN,CLR_FP,IDSW,MT,PT,ML,Frag,CLR_Frames,IDF1,IDR,IDP,IDTP,IDFN,IDFP,Dets,GT_Dets,IDs,GT_IDs
fencing_001_fencing_aria01_rgb,0.8549217751290973,0.9364185632902012,0.8005646203918978,0.8549217751290973,0.8549217751290973,0.8549217751290973,0.8549217751290973,0.8549217751290973,0.8549217751290973,0.8549217751290973,0.8549217751290973,0.8549217751290973,0.8538617224255862,0.8517555354877826,0.8517555354877826,0.8517555354877826,0.8445279874526965,0.8337341734148858,0.8175629690180262,0.7941698371823602,0.7206188878475369,0.3673221451655194,0.814808437112202,1.0,1.0,1.0,1.0,1.0,1.0,1.0,1.0,1.0,0.9982978723404256,0.9949022939677146,0.9949022939677146,0.9949022939677146,0.9831081081081081,0.9632107023411371,0.9341021416803954,0.8966074313408724,0.782839787395596,0.32580463015245625,0.9404567134348492,0.7308912415898867,0.7308912415898867,0.7308912415898867,0.7308912415898867,0.7308912415898867,0.7308912415898867,0.7308912415898867,0.7308912415898867,0.7308912415898867,0.7303229439068346,0.729204763757055,0.729204763757055,0.729204763757055,0.7254822900031168,0.721662114250073,0.7155632970792046,0.7034357604498537,0.6633433684435421,0.41413026655226537,0.7073460792771071,1.0,1.0,1.0,1.0,1.0,1.0,1.0,1.0,1.0,0.9991482112436116,0.9974446337308348,0.9974446337308348,0.9974446337308348,0.9914821124361158,0.9812606473594548,0.9659284497444633,0.9454855195911414,0.8781942078364565,0.49148211243611584,0.9602797453599929,1.0,1.0,1.0,1.0,1.0,1.0,1.0,1.0,1.0,0.9991482112436116,0.9974446337308348,0.9974446337308348,0.9974446337308348,0.9914821124361158,0.9812606473594548,0.9659284497444633,0.9454855195911414,0.8781942078364565,0.49148211243611584,0.9602797453599929,0.7308912415898867,0.7308912415898867,0.7308912415898867,0.7308912415898867,0.7308912415898867,0.7308912415898867,0.7308912415898867,0.7308912415898867,0.7308912415898867,0.7305785050191258,0.7299603715742427,0.7299603715742427,0.7299603715742427,0.7278746334178946,0.7260913564087648,0.7228239624981917,0.7166159687054182,0.6955621194839198,0.5396293047509281,0.7172146389113659,1.0,1.0,1.0,1.0,1.0,1.0,1.0,1.0,1.0,0.9991501914775571,0.9974624862754666,0.9974624862754666,0.9974624862754666,0.9916816669393989,0.9818521594684384,0.9679598282034605,0.9486643187374526,0.8882984064714843,0.5914307399393552,0.9663907773717656,0.9364185632902012,0.9364185632902012,0.9364185632902012,0.9364185632902012,0.9364185632902012,0.9364185632902012,0.9364185632902012,0.9364185632902012,0.9364185632902012,0.9367974725801723,0.9375259504185777,0.9375259504185777,0.9375259504185777,0.9391054875357834,0.9412915953635073,0.9439119952456837,0.9463608618439767,0.9514275278531894,0.9671142006470878,0.9403344243124708,0.8549217751290973,0.8549217751290973,0.8549217751290973,0.8549217751290973,0.8549217751290973,0.8549217751290973,0.8549217751290973,0.8549217751290973,0.8549217751290973,0.8542252999265957,0.8528431148226711,0.8528431148226711,0.8528431148226711,0.84811715784276,0.8415097345864868,0.8313741313282204,0.8155294755359365,0.7632459000701171,0.45115143602657315,0.8241041292603463,1174.0,1174.0,1174.0,1174.0,1174.0,1174.0,1174.0,1174.0,1174.0,1173.0,1171.0,1171.0,1171.0,1164.0,1152.0,1134.0,1110.0,1031.0,577.0,1127.3684210526317,0.0,0.0,0.0,0.0,0.0,0.0,0.0,0.0,0.0,1.0,3.0,3.0,3.0,10.0,22.0,40.0,64.0,143.0,597.0,46.63157894736842,0.0,0.0,0.0,0.0,0.0,0.0,0.0,0.0,0.0,1.0,3.0,3.0,3.0,10.0,22.0,40.0,64.0,143.0,597.0,46.63157894736842,0.9965928449744463,0.9367974725801723,0.9982964224872232,0.9991482112436116,0.9991482112436116,1.0,0.0,0.0,0.9334441527568502,0.9991482112436116,0.0016638935108153079,0.9980400085215808,1098.8634353365421,1173,1,1,2,2,0,0,3.0,601,0.7793867120954003,0.7793867120954003,0.7793867120954003,915,259,259,1174,1174,4,2
fencing_001_fencing_aria02_rgb,1.0,0.9469130090916218,0.9469130090916218,1.0,1.0,1.0,1.0,1.0,1.0,1.0,1.0,1.0,1.0,1.0,1.0,1.0,0.9933665008291874,0.9900662251655629,0.9867768595041322,0.9640522875816994,0.8578052550231839,0.3895953757225434,0.9569296054645424,1.0,1.0,1.0,1.0,1.0,1.0,1.0,1.0,1.0,1.0,1.0,1.0,1.0,0.9933665008291874,0.9900662251655629,0.9867768595041322,0.9640522875816994,0.8578052550231839,0.3895953757225434,0.9569296054645424,1.0,1.0,1.0,1.0,1.0,1.0,1.0,1.0,1.0,1.0,1.0,1.0,1.0,0.9933665008291874,0.9900662251655629,0.9867768595041322,0.9640522875816994,0.8578052550231839,0.3895953757225433,0.9569296054645424,1.0,1.0,1.0,1.0,1.0,1.0,1.0,1.0,1.0,1.0,1.0,1.0,1.0,0.9966722129783694,0.9950083194675541,0.9933444259567388,0.9816971713810316,0.9234608985024958,0.5607321131447587,0.9711007969174182,1.0,1.0,1.0,1.0,1.0,1.0,1.0,1.0,1.0,1.0,1.0,1.0,1.0,0.9966722129783694,0.9950083194675541,0.9933444259567388,0.9816971713810316,0.9234608985024958,0.5607321131447587,0.9711007969174182,1.0,1.0,1.0,1.0,1.0,1.0,1.0,1.0,1.0,1.0,1.0,1.0,1.0,0.9966722129783694,0.9950083194675542,0.9933444259567388,0.9816971713810316,0.9234608985024958,0.5607321131447587,0.9711007969174182,1.0,1.0,1.0,1.0,1.0,1.0,1.0,1.0,1.0,1.0,1.0,1.0,1.0,0.9966722129783694,0.9950083194675542,0.9933444259567388,0.9816971713810316,0.9234608985024958,0.5607321131447587,0.9711007969174182,0.9469130090916218,0.9469130090916218,0.9469130090916218,0.9469130090916218,0.9469130090916218,0.9469130090916218,0.9469130090916218,0.9469130090916218,0.9469130090916218,0.9469130090916218,0.9469130090916218,0.9469130090916218,0.9469130090916218,0.9478400913241289,0.948188016033864,0.948441522205236,0.9498284837144342,0.9540848500419221,0.9685099716467022,0.9487769501661776,1.0,1.0,1.0,1.0,1.0,1.0,1.0,1.0,1.0,1.0,1.0,1.0,1.0,0.9950179840987827,0.9925341963194879,0.9900551969721313,0.9728347258308407,0.8900278712174535,0.4673955908011199,0.9635718718547271,601.0,601.0,601.0,601.0,601.0,601.0,601.0,601.0,601.0,601.0,601.0,601.0,601.0,599.0,598.0,597.0,590.0,555.0,337.0,583.6315789473684,0.0,0.0,0.0,0.0,0.0,0.0,0.0,0.0,0.0,0.0,0.0,0.0,0.0,2.0,3.0,4.0,11.0,46.0,264.0,17.36842105263158,0.0,0.0,0.0,0.0,0.0,0.0,0.0,0.0,0.0,0.0,0.0,0.0,0.0,2.0,3.0,4.0,11.0,46.0,264.0,17.36842105263158,1.0,0.9469130090916218,1.0,1.0,1.0,1.0,0.0,0.0,0.9469130090916218,1.0,0.0,1.0,569.0947184640647,601,0,0,0,1,0,0,0.0,601,1.0,1.0,1.0,601,0,0,601,601,1,1
fencing_001_fencing_aria03_rgb,0.8197379050895363,0.9009736936361832,0.7385622881621065,0.8197379050895363,0.8197379050895363,0.8197379050895363,0.8197379050895363,0.8197379050895363,0.8197379050895363,0.8197379050895363,0.8186025358657582,0.817992476797125,0.8170136888694817,0.8170136888694817,0.8144497174751802,0.809505580876356,0.7981166692524656,0.7848716575946748,0.7587989930970027,0.6735321492633538,0.4143258230944685,0.07173301307922633,0.7439011226190173,0.996386630532972,0.996386630532972,0.996386630532972,0.996386630532972,0.996386630532972,0.996386630532972,0.996386630532972,0.990990990990991,0.9891989198919892,0.9856244384546271,0.9856244384546271,0.9802867383512545,0.9714540588760036,0.9505736981465137,0.9335083114610674,0.9002579535683577,0.7938311688311688,0.46648971466489714,0.0791015625,0.8948236004169632,0.6744071151186979,0.6744071151186979,0.6744071151186979,0.6744071151186979,0.6744071151186979,0.6744071151186979,0.6744071151186979,0.6762020218324485,0.6764177342305988,0.6772471762639304,0.6772471762639304,0.676667669105729,0.6745550955113248,0.6701113432663787,0.659901482753005,0.6395677035041111,0.5714635226017355,0.3679950110073167,0.06505086628882276,0.6185935057084325,0.996386630532972,0.996386630532972,0.996386630532972,0.996386630532972,0.996386630532972,0.996386630532972,0.996386630532972,0.993676603432701,0.992773261065944,0.99096657633243,0.99096657633243,0.988256549232159,0.983739837398374,0.9728997289972899,0.96386630532972,0.94579945799458,0.8834688346883469,0.6350496838301717,0.14634146341463414,0.9190795416726095,1.0,1.0,1.0,1.0,1.0,1.0,1.0,0.9972801450589301,0.9963735267452403,0.9945602901178604,0.9945602901178604,0.9918404351767905,0.9873073436083409,0.9764279238440616,0.9673617407071623,0.9492293744333635,0.886672710788758,0.6373526745240253,0.1468721668177697,0.9224125590494822,0.6744071151186979,0.6744071151186979,0.6744071151186979,0.6744071151186979,0.6744071151186979,0.6744071151186979,0.6744071151186979,0.6762021013762092,0.6764537517538515,0.677317799641664,0.677317799641664,0.677351975277911,0.676478333736147,0.6749562634701084,0.6689413104454954,0.6568324914947427,0.6145282518539458,0.46224982052721436,0.10626690638952821,0.6297761374441772,1.0,1.0,1.0,1.0,1.0,1.0,1.0,0.9986363636363637,0.9977334021920008,0.9969942595284437,0.9969942595284437,0.9956581445988907,0.9912868255114247,0.9828741886746146,0.9739536000906529,0.9559556109994338,0.8931334845986596,0.6516076463193858,0.15744369478029607,0.9259090252872952,0.9009736936361832,0.9009736936361832,0.9009736936361832,0.9009736936361832,0.9009736936361832,0.9009736936361832,0.9009736936361832,0.9023762228054745,0.9028224691002061,0.903602568276554,0.903602568276554,0.9045247543095745,0.9058468562360689,0.9084479624598762,0.9101801778845445,0.9127857988443122,0.9185850769635835,0.9339834336061716,0.9632572894911439,0.9093068965109129,0.8197379050895363,0.8197379050895363,0.8197379050895363,0.8197379050895363,0.8197379050895363,0.8197379050895363,0.8197379050895363,0.8197110029082156,0.8194689987149902,0.8192248260356084,0.8192248260356084,0.8177537866909551,0.8146083230452259,0.8074349164247665,0.7975316947073281,0.7777549661204527,0.7105421960586529,0.48342022650203315,0.09756863722065617,0.7538110387416445,1103.0,1103.0,1103.0,1103.0,1103.0,1103.0,1103.0,1100.0,1099.0,1097.0,1097.0,1094.0,1089.0,1077.0,1067.0,1047.0,978.0,703.0,162.0,1017.421052631579,4.0,4.0,4.0,4.0,4.0,4.0,4.0,7.0,8.0,10.0,10.0,13.0,18.0,30.0,40.0,60.0,129.0,404.0,945.0,89.57894736842105,0.0,0.0,0.0,0.0,0.0,0.0,0.0,3.0,4.0,6.0,6.0,9.0,14.0,26.0,36.0,56.0,125.0,400.0,941.0,85.57894736842105,0.985546522131888,0.9032514253573369,0.99096657633243,0.993676603432701,0.9972801450589301,1.0,0.0,0.0,0.8894097270940114,0.995475113122172,0.004991680532445923,0.9902636393402136,993.5765678930707,1100,7,3,6,2,0,0,2.0,601,0.7981900452488688,0.7967479674796748,0.7996373526745241,882,225,221,1103,1107,6,2
fencing_002_fencing_aria01_rgb,0.8216683829984649,0.9482473140986076,0.7791448372580404,0.8216683829984649,0.8216683829984649,0.8216683829984649,0.8216683829984649,0.8216683829984649,0.8216683829984649,0.8216683829984649,0.8216683829984649,0.8216683829984649,0.8216683829984649,0.8195355400615485,0.8195355400615485,0.8195355400615485,0.8195355400615485,0.8127594615449906,0.80042309474895,0.7673167144861015,0.6958238876964626,0.39518835194361396,0.7877019737184717,0.9989550679205852,0.9989550679205852,0.9989550679205852,0.9989550679205852,0.9989550679205852,0.9989550679205852,0.9989550679205852,0.9989550679205852,0.9989550679205852,0.9989550679205852,0.9968684759916493,0.9968684759916493,0.9968684759916493,0.9968684759916493,0.9885654885654885,0.9742002063983488,0.9401622718052738,0.8465250965250966,0.4437735849056604,0.9563290121774903,0.6758451438908804,0.6758451438908804,0.6758451438908804,0.6758451438908804,0.6758451438908804,0.6758451438908804,0.6758451438908804,0.6758451438908804,0.6758451438908804,0.6758451438908804,0.6737483605907508,0.6737483605907508,0.6737483605907508,0.6737483605907508,0.6682186966586,0.6576442156341679,0.6262482105341197,0.5719510085129124,0.3519223289171434,0.6489173337646711,0.9989550679205852,0.9989550679205852,0.9989550679205852,0.9989550679205852,0.9989550679205852,0.9989550679205852,0.9989550679205852,0.9989550679205852,0.9989550679205852,0.9989550679205852,0.9979101358411703,0.9979101358411703,0.9979101358411703,0.9979101358411703,0.9937304075235109,0.9864158829676071,0.9686520376175548,0.9164054336468129,0.6144200626959248,0.9716218445801023,1.0,1.0,1.0,1.0,1.0,1.0,1.0,1.0,1.0,1.0,0.9989539748953975,0.9989539748953975,0.9989539748953975,0.9989539748953975,0.9947698744769874,0.9874476987447699,0.9696652719665272,0.9173640167364017,0.6150627615062761,0.9726381854217131,0.6758451438908804,0.6758451438908804,0.6758451438908804,0.6758451438908804,0.6758451438908804,0.6758451438908804,0.6758451438908804,0.6758451438908804,0.6758451438908804,0.6758451438908804,0.674628022275612,0.674628022275612,0.674628022275612,0.674628022275612,0.6716640587738163,0.6656123555725397,0.6457625493949566,0.610450383965109,0.4135506324545733,0.6560001846406444,1.0,1.0,1.0,1.0,1.0,1.0,1.0,1.0,1.0,1.0,0.9989558972192466,0.9989558972192466,0.9989558972192466,0.9989558972192466,0.9949410795509396,0.9881434348469315,0.9714370009728623,0.9228145487008393,0.6984985667789847,0.9774556957751338,0.9482473140986076,0.9482473140986076,0.9482473140986076,0.9482473140986076,0.9482473140986076,0.9482473140986076,0.9482473140986076,0.9482473140986076,0.9482473140986076,0.9482473140986076,0.9486687200725133,0.9486687200725133,0.9486687200725133,0.9486687200725133,0.9496255468756772,0.9509413259761589,0.9533475938579625,0.9574393680101295,0.9690403895177888,0.9503969602902025,0.8216683829984649,0.8216683829984649,0.8216683829984649,0.8216683829984649,0.8216683829984649,0.8216683829984649,0.8216683829984649,0.8216683829984649,0.8216683829984649,0.8216683829984649,0.8199636077533453,0.8199636077533453,0.8199636077533453,0.8199636077533453,0.8148798916069655,0.8054257877938333,0.7788559592044105,0.7239744553373464,0.46500337568384076,0.7939304068749699,956.0,956.0,956.0,956.0,956.0,956.0,956.0,956.0,956.0,956.0,955.0,955.0,955.0,955.0,951.0,944.0,927.0,877.0,588.0,929.8421052631579,1.0,1.0,1.0,1.0,1.0,1.0,1.0,1.0,1.0,1.0,2.0,2.0,2.0,2.0,6.0,13.0,30.0,80.0,369.0,27.157894736842106,0.0,0.0,0.0,0.0,0.0,0.0,0.0,0.0,0.0,0.0,1.0,1.0,1.0,1.0,5.0,12.0,29.0,79.0,368.0,26.157894736842106,0.9947753396029259,0.9482473140986076,0.9989550679205852,0.9989550679205852,1.0,1.0,0.0,0.0,0.9430767317432277,0.9994772608468374,0.0,0.9983259561219144,906.5244322782689,956,1,0,4,2,0,0,4.0,601,0.7736539466806064,0.7732497387669801,0.7740585774058577,740,217,216,956,957,6,2
fencing_002_fencing_aria02_rgb,0.7981981642744083,0.9397825094265907,0.7501326738415015,0.7981981642744083,0.7981981642744083,0.7981981642744083,0.7981981642744083,0.7981981642744083,0.7981981642744083,0.7981981642744083,0.7981981642744083,0.7981981642744083,0.7981981642744083,0.7981981642744083,0.7953490675419712,0.7953490675419712,0.7925260527940174,0.785391574387668,0.7786277746581953,0.7403407795483079,0.6281210762516953,0.28009920233330204,0.7566307580039799,1.0,1.0,1.0,1.0,1.0,1.0,1.0,1.0,1.0,1.0,1.0,0.9974905897114178,0.9974905897114178,0.9949874686716792,0.9850374064837906,0.9727385377942999,0.9296969696969697,0.7968397291196389,0.3333333333333333,0.9477691907643447,0.6371203094510353,0.6371203094510353,0.6371203094510353,0.6371203094510353,0.6371203094510353,0.6371203094510353,0.6371203094510353,0.6371203094510353,0.6371203094510353,0.6371203094510353,0.6371203094510353,0.6341715358165873,0.6341715358165873,0.6312617637243049,0.6262096455006965,0.6232519715358255,0.5895517439847613,0.49512602348213447,0.2353666894432562,0.6040754901718706,1.0,1.0,1.0,1.0,1.0,1.0,1.0,1.0,1.0,1.0,1.0,0.9987437185929648,0.9987437185929648,0.9974874371859297,0.992462311557789,0.9861809045226131,0.9635678391959799,0.8869346733668342,0.5,0.9644274001586883,1.0,1.0,1.0,1.0,1.0,1.0,1.0,1.0,1.0,1.0,1.0,0.9987437185929648,0.9987437185929648,0.9974874371859297,0.992462311557789,0.9861809045226131,0.9635678391959799,0.8869346733668342,0.5,0.9644274001586883,0.6371203094510353,0.6371203094510353,0.6371203094510353,0.6371203094510353,0.6371203094510353,0.6371203094510353,0.6371203094510353,0.6371203094510353,0.6371203094510353,0.6371203094510353,0.6371203094510353,0.6354118732329815,0.6354118732329815,0.6337109041710441,0.6307396507797512,0.6290333719340601,0.6082385666675,0.53851725004756,0.2994759099153796,0.6115190949443499,1.0,1.0,1.0,1.0,1.0,1.0,1.0,1.0,1.0,1.0,1.0,0.9987480162228884,0.9987480162228884,0.9975046493561525,0.9924813395262194,0.9862795301376359,0.9643492757662221,0.89651966806059,0.5328491245955184,0.9667094536783218,0.9397825094265907,0.9397825094265907,0.9397825094265907,0.9397825094265907,0.9397825094265907,0.9397825094265907,0.9397825094265907,0.9397825094265907,0.9397825094265907,0.9397825094265907,0.9397825094265907,0.9402385998149775,0.9402385998149775,0.940576249574435,0.9415877043559011,0.9426572970507885,0.9453399121952358,0.9510595762449389,0.9666804837349376,0.9424203171830889,0.7981981642744083,0.7981981642744083,0.7981981642744083,0.7981981642744083,0.7981981642744083,0.7981981642744083,0.7981981642744083,0.7981981642744083,0.7981981642744083,0.7981981642744083,0.7981981642744083,0.7958485018565217,0.7958485018565217,0.7935210639238424,0.7883460358836117,0.7839892811988581,0.753706242541229,0.6626797400800378,0.3430500615385867,0.7630089071525105,796.0,796.0,796.0,796.0,796.0,796.0,796.0,796.0,796.0,796.0,796.0,795.0,795.0,794.0,790.0,785.0,767.0,706.0,398.0,767.6842105263158,0.0,0.0,0.0,0.0,0.0,0.0,0.0,0.0,0.0,0.0,0.0,1.0,1.0,2.0,6.0,11.0,29.0,90.0,398.0,28.31578947368421,0.0,0.0,0.0,0.0,0.0,0.0,0.0,0.0,0.0,0.0,0.0,1.0,1.0,2.0,6.0,11.0,29.0,90.0,398.0,28.31578947368421,0.9987437185929648,0.9397825094265907,1.0,1.0,1.0,1.0,0.0,0.0,0.9385262280195554,1.0,0.0,1.0,748.0668775035662,796,0,0,1,2,0,0,0.0,601,0.6658291457286433,0.6658291457286433,0.6658291457286433,530,266,266,796,796,3,2
fencing_002_fencing_aria03_rgb,1.0,0.9110017194290664,0.9110017194290664,1.0,1.0,1.0,1.0,1.0,1.0,1.0,1.0,1.0,1.0,1.0,1.0,0.9966832595818995,0.9917163687071178,0.978613017733279,0.9481413999832071,0.8422414214827907,0.5015834462478738,0.10029079229645534,0.9136457740017171,1.0,1.0,1.0,1.0,1.0,1.0,1.0,1.0,1.0,1.0,1.0,1.0,0.9966777408637874,0.9917149958574979,0.9786008230452675,0.9481361426256077,0.8421455938697318,0.5015615240474703,0.10022883295194508,0.9136350343821741,1.0,1.0,1.0,1.0,1.0,1.0,1.0,1.0,1.0,1.0,1.0,1.0,0.9966887783305693,0.991717741558638,0.9786252125732529,0.9481466573699583,0.8423372600000585,0.5016053694064506,0.10035278994292184,0.9136565162727289,1.0,1.0,1.0,1.0,1.0,1.0,1.0,1.0,1.0,1.0,1.0,1.0,0.9983361064891847,0.9958402662229617,0.9891846921797005,0.9733777038269551,0.9143094841930116,0.668053244592346,0.1821963394342762,0.9326998861546546,1.0,1.0,1.0,1.0,1.0,1.0,1.0,1.0,1.0,1.0,1.0,1.0,0.9983361064891847,0.9958402662229617,0.9891846921797005,0.9733777038269551,0.9143094841930116,0.668053244592346,0.1821963394342762,0.9326998861546546,1.0,1.0,1.0,1.0,1.0,1.0,1.0,1.0,1.0,1.0,1.0,1.0,0.998338879645036,0.9958409612494911,0.9891909895058558,0.9733805480893667,0.9143708014697978,0.6680791457989278,0.18238248277224414,0.9327149372910903,1.0,1.0,1.0,1.0,1.0,1.0,1.0,1.0,1.0,1.0,1.0,1.0,0.998338879645036,0.9958409612494911,0.9891909895058558,0.9733805480893667,0.9143708014697978,0.6680791457989278,0.18238248277224414,0.9327149372910903,0.9110017194290664,0.9110017194290664,0.9110017194290664,0.9110017194290664,0.9110017194290664,0.9110017194290664,0.9110017194290664,0.9110017194290664,0.9110017194290664,0.9110017194290664,0.9110017194290664,0.9110017194290664,0.9114537822469966,0.9120392904451564,0.9132132958360408,0.9153977474946206,0.9209134722987551,0.9356352080341505,0.9623446266385065,0.9159483187443698,1.0,1.0,1.0,1.0,1.0,1.0,1.0,1.0,1.0,1.0,1.0,1.0,0.9975121023526495,0.9937768661886774,0.9838907864486622,0.9606793514185535,0.8775858622990733,0.5788774434514802,0.13521801277794762,0.9225021276282654,1202.0,1202.0,1202.0,1202.0,1202.0,1202.0,1202.0,1202.0,1202.0,1202.0,1202.0,1202.0,1200.0,1197.0,1189.0,1170.0,1099.0,803.0,219.0,1121.1052631578948,0.0,0.0,0.0,0.0,0.0,0.0,0.0,0.0,0.0,0.0,0.0,0.0,2.0,5.0,13.0,32.0,103.0,399.0,983.0,80.89473684210526,0.0,0.0,0.0,0.0,0.0,0.0,0.0,0.0,0.0,0.0,0.0,0.0,2.0,5.0,13.0,32.0,103.0,399.0,983.0,80.89473684210526,1.0,0.9110017194290664,1.0,1.0,1.0,1.0,0.0,0.0,0.9110017194290664,1.0,0.0,1.0,1095.0240667537378,1202,0,0,0,2,0,0,0.0,601,1.0,1.0,1.0,1202,0,0,1202,1202,2,2
fencing_003_fencing_aria01_rgb,1.0,0.9648549104178404,0.9648549104178404,1.0,1.0,1.0,1.0,1.0,1.0,1.0,1.0,1.0,1.0,1.0,1.0,1.0,1.0,1.0,0.9900662251655629,0.9900662251655629,0.9704918032786886,0.7122507122507122,0.9822565771505539,1.0,1.0,1.0,1.0,1.0,1.0,1.0,1.0,1.0,1.0,1.0,1.0,1.0,1.0,1.0,0.9900662251655629,0.9900662251655629,0.9704918032786886,0.7122507122507122,0.9822565771505539,1.0,1.0,1.0,1.0,1.0,1.0,1.0,1.0,1.0,1.0,1.0,1.0,1.0,1.0,1.0,0.9900662251655629,0.9900662251655629,0.9704918032786886,0.7122507122507122,0.9822565771505539,1.0,1.0,1.0,1.0,1.0,1.0,1.0,1.0,1.0,1.0,1.0,1.0,1.0,1.0,1.0,0.9950083194675541,0.9950083194675541,0.9850249584026622,0.831946755407654,0.9898414922497591,1.0,1.0,1.0,1.0,1.0,1.0,1.0,1.0,1.0,1.0,1.0,1.0,1.0,1.0,1.0,0.9950083194675541,0.9950083194675541,0.9850249584026622,0.831946755407654,0.9898414922497591,1.0,1.0,1.0,1.0,1.0,1.0,1.0,1.0,1.0,1.0,1.0,1.0,1.0,1.0,1.0,0.9950083194675542,0.9950083194675542,0.9850249584026624,0.831946755407654,0.9898414922497591,1.0,1.0,1.0,1.0,1.0,1.0,1.0,1.0,1.0,1.0,1.0,1.0,1.0,1.0,1.0,0.9950083194675542,0.9950083194675542,0.9850249584026624,0.831946755407654,0.9898414922497591,0.9648549104178404,0.9648549104178404,0.9648549104178404,0.9648549104178404,0.9648549104178404,0.9648549104178404,0.9648549104178404,0.9648549104178404,0.9648549104178404,0.9648549104178404,0.9648549104178404,0.9648549104178404,0.9648549104178404,0.9648549104178404,0.9648549104178404,0.9657935441130441,0.9657935441130441,0.9666485439081471,0.9722406653199158,0.9654368396695662,1.0,1.0,1.0,1.0,1.0,1.0,1.0,1.0,1.0,1.0,1.0,1.0,1.0,1.0,1.0,0.9925341963194879,0.9925341963194879,0.9777313783216303,0.769775726490366,0.98592502618163,601.0,601.0,601.0,601.0,601.0,601.0,601.0,601.0,601.0,601.0,601.0,601.0,601.0,601.0,601.0,598.0,598.0,592.0,500.0,594.8947368421053,0.0,0.0,0.0,0.0,0.0,0.0,0.0,0.0,0.0,0.0,0.0,0.0,0.0,0.0,0.0,3.0,3.0,9.0,101.0,6.105263157894737,0.0,0.0,0.0,0.0,0.0,0.0,0.0,0.0,0.0,0.0,0.0,0.0,0.0,0.0,0.0,3.0,3.0,9.0,101.0,6.105263157894737,1.0,0.9648549104178404,1.0,1.0,1.0,1.0,0.0,0.0,0.9648549104178404,1.0,0.0,1.0,579.8778011611221,601,0,0,0,1,0,0,0.0,601,1.0,1.0,1.0,601,0,0,601,601,1,1
fencing_003_fencing_aria02_rgb,1.0,0.9420123241630797,0.9420123241630797,1.0,1.0,1.0,1.0,1.0,1.0,1.0,1.0,1.0,1.0,1.0,1.0,0.9965960702406329,0.9915347106985033,0.9881898905562727,0.9716369070131019,0.9285726562072147,0.8155029430667718,0.3699679287196262,0.9506316371843223,1.0,1.0,1.0,1.0,1.0,1.0,1.0,1.0,1.0,1.0,1.0,1.0,0.9965899403239556,0.9914965986394558,0.9881154499151104,0.9713804713804713,0.9275720164609054,0.8126934984520123,0.3545401966454598,0.9495993774640722,1.0,1.0,1.0,1.0,1.0,1.0,1.0,1.0,1.0,1.0,1.0,1.0,0.9966022001950146,0.9915728242225371,0.9882643368054934,0.9718934103424132,0.9295743754167725,0.8183220998043162,0.38606699487439694,0.9516998021926814,1.0,1.0,1.0,1.0,1.0,1.0,1.0,1.0,1.0,1.0,1.0,1.0,0.9982920580700256,0.9957301451750641,0.9940222032450897,0.9854824935952178,0.9624252775405636,0.89666951323655,0.5234842015371477,0.9661108364420873,1.0,1.0,1.0,1.0,1.0,1.0,1.0,1.0,1.0,1.0,1.0,1.0,0.9982920580700256,0.9957301451750641,0.9940222032450897,0.9854824935952178,0.9624252775405636,0.89666951323655,0.5234842015371477,0.9661108364420873,1.0,1.0,1.0,1.0,1.0,1.0,1.0,1.0,1.0,1.0,1.0,1.0,0.9982951390452177,0.9957494508139988,0.994060107312956,0.9856164578996088,0.9629848253605977,0.8985605972779981,0.548805523892165,0.9675827421896074,1.0,1.0,1.0,1.0,1.0,1.0,1.0,1.0,1.0,1.0,1.0,1.0,0.9982951390452177,0.9957494508139988,0.994060107312956,0.9856164578996088,0.9629848253605977,0.8985605972779981,0.548805523892165,0.9675827421896074,0.9420123241630797,0.9420123241630797,0.9420123241630797,0.9420123241630797,0.9420123241630797,0.9420123241630797,0.9420123241630797,0.9420123241630797,0.9420123241630797,0.9420123241630797,0.9420123241630797,0.9420123241630797,0.9425533652355158,0.9432566213973835,0.9436320937325632,0.945076764901699,0.9478501396982894,0.9526889446785033,0.9663591385101586,0.9445034188479511,1.0,1.0,1.0,1.0,1.0,1.0,1.0,1.0,1.0,1.0,1.0,1.0,0.9974467712664155,0.9936493104786795,0.9911390888568284,0.9786643661301874,0.9458572176893737,0.8566005363658418,0.4495553053314684,0.9585743471641471,1171.0,1171.0,1171.0,1171.0,1171.0,1171.0,1171.0,1171.0,1171.0,1171.0,1171.0,1171.0,1169.0,1166.0,1164.0,1154.0,1127.0,1050.0,613.0,1131.3157894736842,0.0,0.0,0.0,0.0,0.0,0.0,0.0,0.0,0.0,0.0,0.0,0.0,2.0,5.0,7.0,17.0,44.0,121.0,558.0,39.68421052631579,0.0,0.0,0.0,0.0,0.0,0.0,0.0,0.0,0.0,0.0,0.0,0.0,2.0,5.0,7.0,17.0,44.0,121.0,558.0,39.68421052631579,1.0,0.9420123241630797,1.0,1.0,1.0,1.0,0.0,0.0,0.9420123241630797,1.0,0.0,1.0,1103.0964315949664,1171,0,0,0,2,0,0,0.0,601,1.0,1.0,1.0,1171,0,0,1171,1171,2,2
fencing_003_fencing_aria03_rgb,0.9132115485196068,0.9216001061738193,0.8416158600748276,0.9132115485196068,0.9132115485196068,0.9132115485196068,0.9132115485196068,0.9132115485196068,0.9132115485196068,0.9132115485196068,0.9132115485196068,0.9132115485196068,0.9132115485196068,0.9132115485196068,0.9132115485196068,0.9132115485196068,0.9132115485196068,0.9035116622731142,0.8865440302724807,0.8004526395961422,0.556257139029652,0.14669311850026753,0.8462326457340081,0.9991680532445923,0.9991680532445923,0.9991680532445923,0.9991680532445923,0.9991680532445923,0.9991680532445923,0.9991680532445923,0.9991680532445923,0.9991680532445923,0.9991680532445923,0.9991680532445923,0.9991680532445923,0.9991680532445923,0.9991680532445923,0.9892384105960265,0.9729064039408867,0.8847058823529412,0.617092866756393,0.16199226305609285,0.9270678195856122,0.8346497164730999,0.8346497164730999,0.8346497164730999,0.8346497164730999,0.8346497164730999,0.8346497164730999,0.8346497164730999,0.8346497164730999,0.8346497164730999,0.8346497164730999,0.8346497164730999,0.8346497164730999,0.8346497164730999,0.8346497164730999,0.8252139374285685,0.8078478201275442,0.7242230904268174,0.5014188647939806,0.13283888137226788,0.7724546644617146,0.9991680532445923,0.9991680532445923,0.9991680532445923,0.9991680532445923,0.9991680532445923,0.9991680532445923,0.9991680532445923,0.9991680532445923,0.9991680532445923,0.9991680532445923,0.9991680532445923,0.9991680532445923,0.9991680532445923,0.9991680532445923,0.9941763727121464,0.9858569051580699,0.9384359400998337,0.7628951747088186,0.27870216306156403,0.9446536474297225,1.0,1.0,1.0,1.0,1.0,1.0,1.0,1.0,1.0,1.0,1.0,1.0,1.0,1.0,0.9950041631973355,0.9866777685262281,0.9392173189009159,0.7635303913405496,0.27893422148209823,0.9454402033393225,0.8346497164730999,0.8346497164730999,0.8346497164730999,0.8346497164730999,0.8346497164730999,0.8346497164730999,0.8346497164730999,0.8346497164730999,0.8346497164730999,0.8346497164730999,0.8346497164730999,0.8346497164730999,0.8346497164730999,0.8346497164730999,0.8295281922040671,0.819903536300259,0.7701024297565523,0.6087872448137147,0.19947351429210025,0.7848889972626365,1.0,1.0,1.0,1.0,1.0,1.0,1.0,1.0,1.0,1.0,1.0,1.0,1.0,1.0,0.9950084044759873,0.9867802060597058,0.9406657996284653,0.7733025103180402,0.3479542454118757,0.949669008731267,0.9216001061738193,0.9216001061738193,0.9216001061738193,0.9216001061738193,0.9216001061738193,0.9216001061738193,0.9216001061738193,0.9216001061738193,0.9216001061738193,0.9216001061738193,0.9216001061738193,0.9216001061738193,0.9216001061738193,0.9216001061738193,0.9225607220580497,0.9238004955103248,0.9286221528597646,0.9400017337514496,0.96350326411043,0.9253099923538678,0.9132115485196068,0.9132115485196068,0.9132115485196068,0.9132115485196068,0.9132115485196068,0.9132115485196068,0.9132115485196068,0.9132115485196068,0.9132115485196068,0.9132115485196068,0.9132115485196068,0.9132115485196068,0.9132115485196068,0.9132115485196068,0.905763875976649,0.8924249838443755,0.8244009805347743,0.6184901231703714,0.1924122750167711,0.8536028377798651,1201.0,1201.0,1201.0,1201.0,1201.0,1201.0,1201.0,1201.0,1201.0,1201.0,1201.0,1201.0,1201.0,1201.0,1195.0,1185.0,1128.0,917.0,335.0,1135.4736842105262,1.0,1.0,1.0,1.0,1.0,1.0,1.0,1.0,1.0,1.0,1.0,1.0,1.0,1.0,7.0,17.0,74.0,285.0,867.0,66.52631578947368,0.0,0.0,0.0,0.0,0.0,0.0,0.0,0.0,0.0,0.0,0.0,0.0,0.0,0.0,6.0,16.0,73.0,284.0,866.0,65.52631578947368,0.9983361064891847,0.9216001061738193,0.9991680532445923,0.9991680532445923,1.0,1.0,0.0,0.0,0.9200014372002969,0.9995838535164377,0.0,0.9991680532445923,1106.841727514757,1201,1,0,1,2,0,0,1.0,601,0.8955472326258843,0.8951747088186356,0.8959200666111574,1076,126,125,1201,1202,3,2
fencing_004_fencing_aria01_rgb,0.9518862258052839,0.9451479868217364,0.8996733500032049,0.9518862258052839,0.9518862258052839,0.9518862258052839,0.9518862258052839,0.9518862258052839,0.9518862258052839,0.9518862258052839,0.9518862258052839,0.9518862258052839,0.9479562521882636,0.9440575366871606,0.9440575366871606,0.9440575366871606,0.9440575366871606,0.9315000214391986,0.9083081244515098,0.8767988447562904,0.7830583502882037,0.46998568314855993,0.9084638660667487,0.9961538461538462,0.9961538461538462,0.9961538461538462,0.9961538461538462,0.9961538461538462,0.9961538461538462,0.9961538461538462,0.9961538461538462,0.9961538461538462,0.9923224568138196,0.9885057471264368,0.9885057471264368,0.9885057471264368,0.9885057471264368,0.973384030418251,0.9474671669793621,0.915129151291513,0.7958477508650519,0.4456824512534819,0.9468021374479916,0.9095857937769702,0.9095857937769702,0.9095857937769702,0.9095857937769702,0.9095857937769702,0.9095857937769702,0.9095857937769702,0.9095857937769702,0.9095857937769702,0.9055736367673668,0.901607942256944,0.901607942256944,0.901607942256944,0.901607942256944,0.891418250994308,0.8707675344306577,0.84007400822168,0.7704744774230785,0.4956141794306129,0.8719276842256954,0.9980732177263969,0.9980732177263969,0.9980732177263969,0.9980732177263969,0.9980732177263969,0.9980732177263969,0.9980732177263969,0.9980732177263969,0.9980732177263969,0.9961464354527938,0.9942196531791907,0.9942196531791907,0.9942196531791907,0.9942196531791907,0.9865125240847784,0.9730250481695568,0.9556840077071291,0.8863198458574181,0.6165703275529865,0.9670418821620526,0.9980732177263969,0.9980732177263969,0.9980732177263969,0.9980732177263969,0.9980732177263969,0.9980732177263969,0.9980732177263969,0.9980732177263969,0.9980732177263969,0.9961464354527938,0.9942196531791907,0.9942196531791907,0.9942196531791907,0.9942196531791907,0.9865125240847784,0.9730250481695568,0.9556840077071291,0.8863198458574181,0.6165703275529865,0.9670418821620526,0.9095857937769702,0.9095857937769702,0.9095857937769702,0.9095857937769702,0.9095857937769702,0.9095857937769702,0.9095857937769702,0.9095857937769702,0.9095857937769702,0.9074845063045774,0.9053907664892528,0.9053907664892528,0.9053907664892528,0.9053907664892528,0.9006170321430698,0.8898241625186571,0.8720316833309006,0.8321367600463878,0.6154242918700882,0.8855449287454434,1.0,1.0,1.0,1.0,1.0,1.0,1.0,1.0,1.0,0.9980735949380966,0.9961554153720616,0.9961554153720616,0.9961554153720616,0.9961554153720616,0.9885719406689801,0.9756046628375966,0.9589840316384377,0.899892861691712,0.6763752023409838,0.9727433660844238,0.9451479868217364,0.9451479868217364,0.9451479868217364,0.9451479868217364,0.9451479868217364,0.9451479868217364,0.9451479868217364,0.9451479868217364,0.9451479868217364,0.9460380066816327,0.9468076411443302,0.9468076411443302,0.9468076411443302,0.9468076411443302,0.9485573317851947,0.9510142963633101,0.953230858945272,0.959106104301765,0.9695880338986308,0.9484787935762501,0.9528028232500151,0.9528028232500151,0.9528028232500151,0.9528028232500151,0.9528028232500151,0.9528028232500151,0.9528028232500151,0.9528028232500151,0.9528028232500151,0.9497810012344085,0.9467820951276501,0.9467820951276501,0.9467820951276501,0.9467820951276501,0.9377607737603623,0.9204773881708757,0.8960163474780396,0.8263696630846861,0.5527938105220043,0.9181869881058482,518.0,518.0,518.0,518.0,518.0,518.0,518.0,518.0,518.0,517.0,516.0,516.0,516.0,516.0,512.0,505.0,496.0,460.0,320.0,501.89473684210526,1.0,1.0,1.0,1.0,1.0,1.0,1.0,1.0,1.0,2.0,3.0,3.0,3.0,3.0,7.0,14.0,23.0,59.0,199.0,17.105263157894736,1.0,1.0,1.0,1.0,1.0,1.0,1.0,1.0,1.0,2.0,3.0,3.0,3.0,3.0,7.0,14.0,23.0,59.0,199.0,17.105263157894736,0.9884393063583815,0.9460380066816327,0.9922928709055877,0.9961464354527938,0.9961464354527938,1.0,0.0,0.0,0.9346852590643625,0.9961464354527938,0.006430868167202572,0.9917128516461196,489.10164945440414,517,2,2,2,2,0,0,2.0,311,0.9479768786127167,0.9479768786127167,0.9479768786127167,492,27,27,519,519,5,2
fencing_004_fencing_aria02_rgb,1.0,0.9477176285442989,0.9477176285442989,1.0,1.0,1.0,1.0,1.0,1.0,1.0,1.0,1.0,1.0,1.0,1.0,1.0,1.0,0.9936509886988928,0.9810742995969995,0.9503227758902483,0.8562374462896754,0.4444555821468217,0.9592495311906654,1.0,1.0,1.0,1.0,1.0,1.0,1.0,1.0,1.0,1.0,1.0,1.0,1.0,1.0,0.9936507936507937,0.9810725552050473,0.9503105590062112,0.8525073746312685,0.4436781609195402,0.9590115496533084,1.0,1.0,1.0,1.0,1.0,1.0,1.0,1.0,1.0,1.0,1.0,1.0,1.0,1.0,0.9936511837470303,0.9810760439920535,0.9503349929313417,0.8599838385512711,0.4452343655862152,0.959488443410943,1.0,1.0,1.0,1.0,1.0,1.0,1.0,1.0,1.0,1.0,1.0,1.0,1.0,1.0,0.9968152866242038,0.9904458598726115,0.9745222929936306,0.9203821656050956,0.6146496815286624,0.9735165940328527,1.0,1.0,1.0,1.0,1.0,1.0,1.0,1.0,1.0,1.0,1.0,1.0,1.0,1.0,0.9968152866242038,0.9904458598726115,0.9745222929936306,0.9203821656050956,0.6146496815286624,0.9735165940328527,1.0,1.0,1.0,1.0,1.0,1.0,1.0,1.0,1.0,1.0,1.0,1.0,1.0,1.0,0.99681538477343,0.9904467488963099,0.9745287182397074,0.9239941106005481,0.6158916859648246,0.9737724551828855,1.0,1.0,1.0,1.0,1.0,1.0,1.0,1.0,1.0,1.0,1.0,1.0,1.0,1.0,0.99681538477343,0.9904467488963099,0.9745287182397074,0.9239941106005481,0.6158916859648246,0.9737724551828855,0.9477176285442989,0.9477176285442989,0.9477176285442989,0.9477176285442989,0.9477176285442989,0.9477176285442989,0.9477176285442989,0.9477176285442989,0.9477176285442989,0.9477176285442989,0.9477176285442989,0.9477176285442989,0.9477176285442989,0.9477176285442989,0.9483907574029983,0.9495285507014493,0.9513362104935004,0.9556208966821217,0.9671835679427788,0.9494793043601596,1.0,1.0,1.0,1.0,1.0,1.0,1.0,1.0,1.0,1.0,1.0,1.0,1.0,1.0,0.9952319777475378,0.9857498191692096,0.9623526569940651,0.8896706062983096,0.5231282452832988,0.9661122792364432,314.0,314.0,314.0,314.0,314.0,314.0,314.0,314.0,314.0,314.0,314.0,314.0,314.0,314.0,313.0,311.0,306.0,289.0,193.0,305.6842105263158,0.0,0.0,0.0,0.0,0.0,0.0,0.0,0.0,0.0,0.0,0.0,0.0,0.0,0.0,1.0,3.0,8.0,25.0,121.0,8.31578947368421,0.0,0.0,0.0,0.0,0.0,0.0,0.0,0.0,0.0,0.0,0.0,0.0,0.0,0.0,1.0,3.0,8.0,25.0,121.0,8.31578947368421,1.0,0.9477176285442989,1.0,1.0,1.0,1.0,0.0,0.0,0.9477176285442989,1.0,0.0,1.0,297.58333536290985,314,0,0,0,2,0,0,0.0,311,1.0,1.0,1.0,314,0,0,314,314,2,2
fencing_004_fencing_aria03_rgb,0.8482252640496488,0.9057382872176981,0.7682700978351087,0.8482252640496488,0.8482252640496488,0.8482252640496488,0.8482252640496488,0.8482252640496488,0.8482252640496488,0.8482252640496488,0.8465227298673894,0.8455494258523317,0.8455494258523317,0.8455494258523317,0.8455494258523317,0.8415144578423425,0.8344937473532598,0.8305613633826597,0.8086224408608118,0.6895360751918266,0.4491321568542953,0.08756473394154714,0.7740906451079476,1.0,1.0,1.0,1.0,1.0,1.0,1.0,0.9932659932659933,0.9899159663865547,0.9899159663865547,0.9899159663865547,0.9899159663865547,0.983249581239531,0.9733333333333334,0.9667774086378738,0.9314845024469821,0.7724550898203593,0.48930817610062893,0.09426987060998152,0.9033583063684685,0.7194860985720966,0.7194860985720966,0.7194860985720966,0.7194860985720966,0.7194860985720966,0.7194860985720966,0.7194860985720966,0.7214590422308296,0.7222368926616785,0.7222368926616785,0.7222368926616785,0.7222368926616785,0.7202104086990491,0.7154587133955679,0.7135377514830339,0.7019657870270513,0.6155179831898324,0.41225490227473033,0.08133651378367411,0.663531124354482,1.0,1.0,1.0,1.0,1.0,1.0,1.0,0.9966216216216216,0.9949324324324325,0.9949324324324325,0.9949324324324325,0.9949324324324325,0.9915540540540541,0.9864864864864865,0.9831081081081081,0.964527027027027,0.8716216216216216,0.6570945945945946,0.17229729729729729,0.9264758179231863,1.0,1.0,1.0,1.0,1.0,1.0,1.0,0.9966216216216216,0.9949324324324325,0.9949324324324325,0.9949324324324325,0.9949324324324325,0.9915540540540541,0.9864864864864865,0.9831081081081081,0.964527027027027,0.8716216216216216,0.6570945945945946,0.17229729729729729,0.9264758179231863,0.7198883800448085,0.7198883800448085,0.7198883800448085,0.7198883800448085,0.7198883800448085,0.7198883800448085,0.7198883800448085,0.7218730381133376,0.7226595446472225,0.7226595446472225,0.7226595446472225,0.7226595446472225,0.7218320908253073,0.7194052717359002,0.7186187748619034,0.7139936306420269,0.665815617526213,0.5169905326367783,0.13497664880064836,0.6759664444234034,0.9680574324324323,0.9680574324324323,0.9680574324324323,0.9680574324324323,0.9680574324324323,0.9680574324324323,0.9680574324324323,0.9685169491525423,0.9676146010186757,0.9676146010186757,0.9676146010186757,0.9676146010186757,0.9650240176501803,0.9607566528183247,0.9582999549321165,0.9471132493267947,0.8695627761051292,0.6718949627992749,0.1843886207536413,0.9038114534020912,0.9057382872176981,0.9057382872176981,0.9057382872176981,0.9057382872176981,0.9057382872176981,0.9057382872176981,0.9057382872176981,0.9075465485253794,0.908396801668205,0.908396801668205,0.908396801668205,0.908396801668205,0.9092999982927172,0.9105296949219882,0.9111651181976677,0.9136969974784672,0.9224567183957549,0.9363238002620964,0.9625752014175273,0.9130183839309636,0.8482252640496488,0.8482252640496488,0.8482252640496488,0.8482252640496488,0.8482252640496488,0.8482252640496488,0.8482252640496488,0.8479514612297518,0.8476891578923994,0.8476891578923994,0.8476891578923994,0.8476891578923994,0.8450606786009329,0.8401132973615737,0.8375468637182034,0.8228395795268291,0.7324607720862544,0.5204713900685111,0.11838100141708303,0.7838504486276988,592.0,592.0,592.0,592.0,592.0,592.0,592.0,590.0,589.0,589.0,589.0,589.0,587.0,584.0,582.0,571.0,516.0,389.0,102.0,548.4736842105264,0.0,0.0,0.0,0.0,0.0,0.0,0.0,2.0,3.0,3.0,3.0,3.0,5.0,8.0,10.0,21.0,76.0,203.0,490.0,43.526315789473685,0.0,0.0,0.0,0.0,0.0,0.0,0.0,2.0,3.0,3.0,3.0,3.0,5.0,8.0,10.0,21.0,76.0,203.0,490.0,43.526315789473685,0.9898648648648649,0.9081794599930946,0.9966216216216216,0.9983108108108109,0.9983108108108109,1.0,0.0,0.0,0.8981994271214846,0.9983108108108109,0.003215434083601286,0.9956046283930272,536.7340608559189,591,1,1,4,2,0,0,2.0,311,0.8378378378378378,0.8378378378378378,0.8378378378378378,496,96,96,592,592,5,2
fencing_005_fencing_aria01_rgb,0.8570880327540564,0.945832298197207,0.8106615437770922,0.8570880327540564,0.8570880327540564,0.8570880327540564,0.8564405188747268,0.8564405188747268,0.8564405188747268,0.8564405188747268,0.8564405188747268,0.8551559573418421,0.8551559573418421,0.8521983699091101,0.8521983699091101,0.8515661168654872,0.8503118596833903,0.8473074737696937,0.8432988761441139,0.8327478915492308,0.7767998337610296,0.4364775508068788,0.8266676289325017,1.0,1.0,1.0,0.9982578397212544,0.9982578397212544,0.9982578397212544,0.9982578397212544,0.9982578397212544,0.9947826086956522,0.9947826086956522,0.98959236773634,0.98959236773634,0.9878682842287695,0.9844290657439446,0.9775862068965517,0.9707903780068728,0.9523404255319149,0.8665581773799838,0.39622641509433965,0.9524125318080332,0.7345998958902185,0.7345998958902185,0.7345998958902185,0.7347704502628553,0.7347704502628553,0.7347704502628553,0.7347704502628553,0.7347704502628553,0.7351271574159343,0.7351271574159343,0.7338800149974878,0.7338800149974878,0.7340703846560903,0.7344665896997089,0.7343904302671402,0.7325505182344225,0.7281734895296113,0.6963386850212202,0.4808176464282708,0.7187617909288548,1.0,1.0,1.0,0.999128160418483,0.999128160418483,0.999128160418483,0.999128160418483,0.999128160418483,0.997384481255449,0.997384481255449,0.994768962510898,0.994768962510898,0.993897122929381,0.992153443766347,0.988666085440279,0.985178727114211,0.9755884917175239,0.9285091543156059,0.5675675675675675,0.9690267517092644,1.0,1.0,1.0,0.999128160418483,0.999128160418483,0.999128160418483,0.999128160418483,0.999128160418483,0.997384481255449,0.997384481255449,0.994768962510898,0.994768962510898,0.993897122929381,0.992153443766347,0.988666085440279,0.985178727114211,0.9755884917175239,0.9285091543156059,0.5675675675675675,0.9690267517092644,0.7345998958902185,0.7345998958902185,0.7345998958902185,0.7348205895326314,0.7348205895326314,0.7348205895326314,0.7348205895326314,0.7348205895326314,0.7352727400804323,0.7352727400804323,0.7346938775510204,0.7346938775510204,0.7349286678234047,0.7354091427026401,0.7357549857549858,0.7351371332715111,0.7338651657414398,0.7196575044504552,0.5969579705365684,0.7268182337304063,1.0,1.0,1.0,0.9991340102596648,0.9991340102596648,0.9991340102596648,0.9991340102596648,0.9991340102596648,0.99743722186904,0.99743722186904,0.9948583761990913,0.9948583761990913,0.9940364816327589,0.9924283016196513,0.9892284080969717,0.9861065879480669,0.977827447155792,0.9381551652629956,0.6510526951723986,0.97416296496438,0.945832298197207,0.945832298197207,0.945832298197207,0.9465049747214086,0.9465049747214086,0.9465049747214086,0.9465049747214086,0.9465049747214086,0.947388051406542,0.947388051406542,0.9484885550152371,0.9484885550152371,0.9487516975832715,0.9492155004935584,0.9500238329604426,0.9506497398194198,0.9517662030852326,0.955282108540939,0.9685525813310284,0.9492640339397955,0.8570880327540564,0.8570880327540564,0.8570880327540564,0.8568137769089541,0.8568137769089541,0.8568137769089541,0.8568137769089541,0.8568137769089541,0.8562735652559201,0.8562735652559201,0.8544244034006363,0.8544244034006363,0.8541606659975348,0.8536413510965192,0.8520956001981326,0.8495252716082341,0.842850921787999,0.8040875844995334,0.522394967459351,0.8344992254088082,1147.0,1147.0,1147.0,1146.0,1146.0,1146.0,1146.0,1146.0,1144.0,1144.0,1141.0,1141.0,1140.0,1138.0,1134.0,1130.0,1119.0,1065.0,651.0,1111.4736842105262,0.0,0.0,0.0,1.0,1.0,1.0,1.0,1.0,3.0,3.0,6.0,6.0,7.0,9.0,13.0,17.0,28.0,82.0,496.0,35.526315789473685,0.0,0.0,0.0,1.0,1.0,1.0,1.0,1.0,3.0,3.0,6.0,6.0,7.0,9.0,13.0,17.0,28.0,82.0,496.0,35.526315789473685,0.992153443766347,0.947388051406542,0.994768962510898,0.997384481255449,0.997384481255449,1.0,0.0,0.0,0.9396791027106225,0.997384481255449,0.004991680532445923,0.9943529893158504,1083.811930809084,1144,3,3,3,2,0,0,4.0,601,0.8099389712292938,0.8099389712292938,0.8099389712292938,929,218,218,1147,1147,5,2
fencing_005_fencing_aria02_rgb,0.6555170863132965,0.9497614530466559,0.6225848603938267,0.6555170863132965,0.6555170863132965,0.6555170863132965,0.6555170863132965,0.6555170863132965,0.6555170863132965,0.654561662709597,0.654561662709597,0.654561662709597,0.654561662709597,0.654561662709597,0.654561662709597,0.6520143208090063,0.6476350474734743,0.6467581683742607,0.6285097103437376,0.6194063782658351,0.5847147993313319,0.3980055547832142,0.6335534986062221,0.9964664310954063,0.9964664310954063,0.9964664310954063,0.9964664310954063,0.9964664310954063,0.9964664310954063,0.9929453262786596,0.9929453262786596,0.9929453262786596,0.9929453262786596,0.9929453262786596,0.9929453262786596,0.9894366197183099,0.978984238178634,0.9755244755244755,0.934931506849315,0.9120135363790186,0.8464052287581699,0.5586206896551724,0.9543361494372363,0.4312264187126762,0.4312264187126762,0.4312264187126762,0.4312264187126762,0.4312264187126762,0.4312264187126762,0.4314950269164287,0.4314950269164287,0.4314950269164287,0.4314950269164287,0.4314950269164287,0.4314950269164287,0.42966135078067064,0.42843504354708145,0.428791013299731,0.4225170005528927,0.42067825326328706,0.4039334646581714,0.28357063132781046,0.42073239111601446,0.9964664310954063,0.9964664310954063,0.9964664310954063,0.9964664310954063,0.9964664310954063,0.9964664310954063,0.9946996466431095,0.9946996466431095,0.9946996466431095,0.9946996466431095,0.9946996466431095,0.9946996466431095,0.9929328621908127,0.9876325088339223,0.9858657243816255,0.9646643109540636,0.9522968197879859,0.9151943462897526,0.715547703180212,0.9716384601078668,1.0,1.0,1.0,1.0,1.0,1.0,0.99822695035461,0.99822695035461,0.99822695035461,0.99822695035461,0.99822695035461,0.99822695035461,0.9964539007092199,0.9911347517730497,0.9893617021276596,0.9680851063829787,0.9556737588652482,0.9184397163120568,0.7180851063829787,0.9750839865621502,0.4312264187126762,0.4312264187126762,0.4312264187126762,0.4312264187126762,0.4312264187126762,0.4312264187126762,0.4315211261660753,0.4315211261660753,0.4315211261660753,0.4315211261660753,0.4315211261660753,0.4315211261660753,0.43026179544692456,0.42939466697153844,0.42976188000209964,0.4263799595975019,0.4256390591605529,0.41438952077249946,0.3201701971712103,0.4238148604418335,1.0,1.0,1.0,1.0,1.0,1.0,0.9984775437706165,0.9984775437706165,0.9984775437706165,0.9984775437706165,0.9984775437706165,0.9984775437706165,0.9967015070700456,0.992323339845019,0.9912855168493495,0.9715431956515596,0.9652597393256792,0.9329640145876229,0.7461561277943228,0.978268352828805,0.9497614530466559,0.9497614530466559,0.9497614530466559,0.9497614530466559,0.9497614530466559,0.9497614530466559,0.9508749040910645,0.9508749040910645,0.9508749040910645,0.9508749040910645,0.9508749040910645,0.9508749040910645,0.9514992230736509,0.9529446975070867,0.9533849187144069,0.9571991811816287,0.9589020564564225,0.9620855141528639,0.969810422753252,0.9531391661402966,0.6555170863132965,0.6555170863132965,0.6555170863132965,0.6555170863132965,0.6555170863132965,0.6555170863132965,0.65513964221533,0.65513964221533,0.65513964221533,0.65513964221533,0.65513964221533,0.65513964221533,0.653165273727425,0.6504893365234935,0.6501771781099906,0.6384254625285037,0.6329380402034572,0.6080112031306578,0.45045345368414863,0.6393473852147072,564.0,564.0,564.0,564.0,564.0,564.0,563.0,563.0,563.0,563.0,563.0,563.0,562.0,559.0,558.0,546.0,539.0,518.0,405.0,549.9473684210526,2.0,2.0,2.0,2.0,2.0,2.0,3.0,3.0,3.0,3.0,3.0,3.0,4.0,7.0,8.0,20.0,27.0,48.0,161.0,16.05263157894737,0.0,0.0,0.0,0.0,0.0,0.0,1.0,1.0,1.0,1.0,1.0,1.0,2.0,5.0,6.0,18.0,25.0,46.0,159.0,14.052631578947368,0.9823321554770318,0.9508749040910645,0.9929328621908127,0.9946996466431095,0.99822695035461,1.0,0.0,0.0,0.9334674399351048,0.9964601769911504,0.0016638935108153079,0.9915580366600996,535.3425710032693,563,3,1,6,2,0,0,5.0,601,0.5663716814159292,0.5653710247349824,0.5673758865248227,320,246,244,564,566,8,2
fencing_005_fencing_aria03_rgb,0.6739461476246229,0.9269456026725578,0.6247114179787546,0.6739461476246229,0.6739461476246229,0.6739461476246229,0.6739461476246229,0.6739461476246229,0.6739461476246229,0.6739461476246229,0.6739461476246229,0.6739461476246229,0.6739461476246229,0.6729709461701178,0.6720007901914313,0.6705914770729082,0.6675711998017606,0.6594075023448256,0.649375541237562,0.6247496657179221,0.4990739481673039,0.15398153878986642,0.6320623203021014,0.9973309608540926,0.9973309608540926,0.9973309608540926,0.9973309608540926,0.9973309608540926,0.9973309608540926,0.9973309608540926,0.9973309608540926,0.9973309608540926,0.9973309608540926,0.9955555555555555,0.9937833037300178,0.9902482269503546,0.9832155477031802,0.9692982456140351,0.9538729329852045,0.9122657580919932,0.7072243346007605,0.18783068783068782,0.9298212737685638,0.45541894087906387,0.45541894087906387,0.45541894087906387,0.45541894087906387,0.45541894087906387,0.45541894087906387,0.45541894087906387,0.45541894087906387,0.45541894087906387,0.45541894087906387,0.4549117242747692,0.4544099909134624,0.4541214181294058,0.4532590110539001,0.4485907780357022,0.4420804689759631,0.42784916714510324,0.35218641886793595,0.12623237747746427,0.42988582966654443,0.9973309608540926,0.9973309608540926,0.9973309608540926,0.9973309608540926,0.9973309608540926,0.9973309608540926,0.9973309608540926,0.9973309608540926,0.9973309608540926,0.9973309608540926,0.99644128113879,0.9955516014234875,0.9937722419928826,0.9902135231316725,0.9830960854092526,0.9750889679715302,0.952846975088968,0.8274021352313167,0.31583629893238435,0.9475557220453269,1.0,1.0,1.0,1.0,1.0,1.0,1.0,1.0,1.0,1.0,0.9991079393398751,0.9982158786797503,0.9964317573595004,0.9928635147190009,0.9857270294380018,0.9776984834968778,0.9553969669937555,0.8296164139161463,0.31668153434433544,0.9500915535940656,0.45541894087906387,0.45541894087906387,0.45541894087906387,0.45541894087906387,0.45541894087906387,0.45541894087906387,0.45541894087906387,0.45541894087906387,0.45541894087906387,0.45541894087906387,0.4550704357540889,0.4547244767319207,0.45459896515035664,0.45415821219428487,0.45100383033737224,0.4464321073591729,0.4364235292225637,0.3784831437722653,0.1598998244787876,0.433946522831129,1.0,1.0,1.0,1.0,1.0,1.0,1.0,1.0,1.0,1.0,0.999110878661088,0.9982276464715581,0.9964676128652036,0.9930101539185917,0.9860073300007756,0.9781019471224337,0.9559724655766345,0.8364065361873035,0.3691681959964339,0.953288040357896,0.9269456026725578,0.9269456026725578,0.9269456026725578,0.9269456026725578,0.9269456026725578,0.9269456026725578,0.9269456026725578,0.9269456026725578,0.9269456026725578,0.9269456026725578,0.9272929576216095,0.927604692425306,0.9281041909617789,0.9290030178685212,0.9304954472765158,0.9317935168679105,0.9342109890630093,0.9419557197243752,0.9642705998476433,0.930746692546434,0.6739461476246229,0.6739461476246229,0.6739461476246229,0.6739461476246229,0.6739461476246229,0.6739461476246229,0.6739461476246229,0.6739461476246229,0.6739461476246229,0.6739461476246229,0.6732702439150323,0.6725983899450919,0.6717836406399362,0.6699426857775672,0.6640842098993093,0.6565575285183637,0.6384941540128194,0.5398145931436099,0.19967164773176482,0.6381936089384066,1121.0,1121.0,1121.0,1121.0,1121.0,1121.0,1121.0,1121.0,1121.0,1121.0,1120.0,1119.0,1117.0,1113.0,1105.0,1096.0,1071.0,930.0,355.0,1065.0526315789473,3.0,3.0,3.0,3.0,3.0,3.0,3.0,3.0,3.0,3.0,4.0,5.0,7.0,11.0,19.0,28.0,53.0,194.0,769.0,58.94736842105263,0.0,0.0,0.0,0.0,0.0,0.0,0.0,0.0,0.0,0.0,1.0,2.0,4.0,8.0,16.0,25.0,50.0,191.0,766.0,55.94736842105263,0.994661921708185,0.9269456026725578,0.9973309608540926,0.9973309608540926,1.0,1.0,0.0,0.0,0.9218025094269905,0.9986636971046771,0.0,0.9969064757520288,1039.1060205959373,1121,3,0,3,2,0,0,2.0,601,0.4997772828507795,0.4991103202846975,0.5004460303300624,561,563,560,1121,1124,5,2
fencing_006_fencing_aria01_rgb,0.7233548576006074,0.9386025747632989,0.6789427318114695,0.7233548576006074,0.7233548576006074,0.7233548576006074,0.7233548576006074,0.7233548576006074,0.7224239631697522,0.7224239631697522,0.7211381814979402,0.7211381814979402,0.7211381814979402,0.7198574499123477,0.7198574499123477,0.7198574499123477,0.7173110681179403,0.7043598449794904,0.6857948596028542,0.6570201228151195,0.5877377658998215,0.29463342520661556,0.6858666418523814,0.9991624790619765,0.9991624790619765,0.9991624790619765,0.9991624790619765,0.9991624790619765,0.9974895397489539,0.9974895397489539,0.995819397993311,0.995819397993311,0.995819397993311,0.9941520467836257,0.9941520467836257,0.9941520467836257,0.9908256880733946,0.9727272727272728,0.9469820554649266,0.9065495207667732,0.8015094339622642,0.33501118568232663,0.9428584718850292,0.5236808436858236,0.5236808436858236,0.5236808436858236,0.5236808436858236,0.5236808436858236,0.5232098801690104,0.5232098801690104,0.5222234853650132,0.5222234853650132,0.5222234853650132,0.5212429525954513,0.5212429525954513,0.5212429525954513,0.5192993829671346,0.5100327760200795,0.49664572495705295,0.47617414371238886,0.4309814293229852,0.2591222590737569,0.49934100045799634,0.9991624790619765,0.9991624790619765,0.9991624790619765,0.9991624790619765,0.9991624790619765,0.998324958123953,0.998324958123953,0.9974874371859297,0.9974874371859297,0.9974874371859297,0.9966499162479062,0.9966499162479062,0.9966499162479062,0.9949748743718593,0.9857621440536013,0.9723618090452262,0.9505862646566164,0.8894472361809045,0.501675041876047,0.9615621969496606,1.0,1.0,1.0,1.0,1.0,0.9991617770326907,0.9991617770326907,0.9983235540653814,0.9983235540653814,0.9983235540653814,0.9974853310980721,0.9974853310980721,0.9974853310980721,0.9958088851634534,0.9865884325230512,0.9731768650461022,0.9513830678960603,0.8901927912824812,0.5020955574182733,0.9623682004676402,0.5236808436858236,0.5236808436858236,0.5236808436858236,0.5236808436858236,0.5236808436858236,0.5233746182881551,0.5233746182881551,0.5227341354455254,0.5227341354455254,0.5227341354455254,0.5220953726208253,0.5220953726208253,0.5220953726208253,0.5208230243991328,0.514675184319461,0.5055280274906192,0.4908008632899203,0.45672103242129136,0.30294497211152543,0.5047965833282332,1.0,1.0,1.0,1.0,1.0,0.9991642515761644,0.9991642515761644,0.9983260888817094,0.9983260888817094,0.9983260888817094,0.9974908603328577,0.9974908603328577,0.9974908603328577,0.9958292353097968,0.9867538007187974,0.9738855542187558,0.9540817037221194,0.897992350288732,0.5948680381774621,0.9678521070121945,0.9386025747632989,0.9386025747632989,0.9386025747632989,0.9386025747632989,0.9386025747632989,0.9391783636169132,0.9391783636169132,0.9396367436087426,0.9396367436087426,0.9396367436087426,0.9400009747679615,0.9400009747679615,0.9400009747679615,0.9404167771045026,0.9424860909703642,0.9447565758093447,0.9473991013679598,0.9519959693882267,0.9681498226435219,0.9423940575507556,0.7233548576006074,0.7233548576006074,0.7233548576006074,0.7233548576006074,0.7233548576006074,0.7227264224516534,0.7227264224516534,0.721741897117696,0.721741897117696,0.721741897117696,0.7207612260999254,0.7207612260999254,0.7207612260999254,0.7188114066492747,0.7090634688285412,0.6949239782694348,0.6727886745461925,0.6191407280712722,0.36054842971762185,0.6928954309811339,1193.0,1193.0,1193.0,1193.0,1193.0,1192.0,1192.0,1191.0,1191.0,1191.0,1190.0,1190.0,1190.0,1188.0,1177.0,1161.0,1135.0,1062.0,599.0,1148.1052631578948,1.0,1.0,1.0,1.0,1.0,2.0,2.0,3.0,3.0,3.0,4.0,4.0,4.0,6.0,17.0,33.0,59.0,132.0,595.0,45.89473684210526,0.0,0.0,0.0,0.0,0.0,1.0,1.0,2.0,2.0,2.0,3.0,3.0,3.0,5.0,16.0,32.0,58.0,131.0,594.0,44.89473684210526,0.9941373534338358,0.9396367436087426,0.9958123953098827,0.9974874371859297,0.9983235540653814,1.0,0.0,0.0,0.9339257635159233,0.9979053204859657,0.0033277870216306157,0.995560276385541,1119.1073616380124,1191,3,2,2,2,0,0,4.0,601,0.5990783410138248,0.5988274706867671,0.5993294216261525,715,479,478,1193,1194,4,2
fencing_006_fencing_aria02_rgb,1.0,0.9625499625724251,0.9625499625724251,1.0,1.0,1.0,1.0,1.0,1.0,1.0,1.0,1.0,1.0,1.0,1.0,0.9966777408637874,0.9900662251655629,0.9867768595041322,0.9802306425041186,0.9704918032786886,0.9418416801292407,0.7195994277539342,0.9781939146947086,1.0,1.0,1.0,1.0,1.0,1.0,1.0,1.0,1.0,1.0,1.0,1.0,0.9966777408637874,0.9900662251655629,0.9867768595041322,0.9802306425041186,0.9704918032786886,0.9418416801292407,0.7195994277539342,0.9781939146947086,1.0,1.0,1.0,1.0,1.0,1.0,1.0,1.0,1.0,1.0,1.0,1.0,0.9966777408637874,0.9900662251655629,0.9867768595041322,0.9802306425041186,0.9704918032786886,0.9418416801292407,0.7195994277539343,0.9781939146947086,1.0,1.0,1.0,1.0,1.0,1.0,1.0,1.0,1.0,1.0,1.0,1.0,0.9983361064891847,0.9950083194675541,0.9933444259567388,0.9900166389351082,0.9850249584026622,0.9700499168053245,0.8369384359400999,0.9878273053682458,1.0,1.0,1.0,1.0,1.0,1.0,1.0,1.0,1.0,1.0,1.0,1.0,0.9983361064891847,0.9950083194675541,0.9933444259567388,0.9900166389351082,0.9850249584026622,0.9700499168053245,0.8369384359400999,0.9878273053682458,1.0,1.0,1.0,1.0,1.0,1.0,1.0,1.0,1.0,1.0,1.0,1.0,0.9983361064891847,0.9950083194675542,0.9933444259567388,0.9900166389351083,0.9850249584026624,0.9700499168053244,0.8369384359400999,0.9878273053682458,1.0,1.0,1.0,1.0,1.0,1.0,1.0,1.0,1.0,1.0,1.0,1.0,0.9983361064891847,0.9950083194675542,0.9933444259567388,0.9900166389351083,0.9850249584026624,0.9700499168053244,0.8369384359400999,0.9878273053682458,0.9625499625724251,0.9625499625724251,0.9625499625724251,0.9625499625724251,0.9625499625724251,0.9625499625724251,0.9625499625724251,0.9625499625724251,0.9625499625724251,0.9625499625724251,0.9625499625724251,0.9625499625724251,0.963129531197409,0.9640579257855254,0.9644217225262139,0.9650814799905147,0.9657613400069163,0.9672005628909476,0.9719352009499885,0.9637993323271905,1.0,1.0,1.0,1.0,1.0,1.0,1.0,1.0,1.0,1.0,1.0,1.0,0.997506579045166,0.9925341963194879,0.9900551969721313,0.9851114891590338,0.9777313783216303,0.9558417460297269,0.7760543921451438,0.9828860514732799,601.0,601.0,601.0,601.0,601.0,601.0,601.0,601.0,601.0,601.0,601.0,601.0,600.0,598.0,597.0,595.0,592.0,583.0,503.0,593.6842105263158,0.0,0.0,0.0,0.0,0.0,0.0,0.0,0.0,0.0,0.0,0.0,0.0,1.0,3.0,4.0,6.0,9.0,18.0,98.0,7.315789473684211,0.0,0.0,0.0,0.0,0.0,0.0,0.0,0.0,0.0,0.0,0.0,0.0,1.0,3.0,4.0,6.0,9.0,18.0,98.0,7.315789473684211,1.0,0.9625499625724251,1.0,1.0,1.0,1.0,0.0,0.0,0.9625499625724251,1.0,0.0,1.0,578.4925275060275,601,0,0,0,1,0,0,0.0,601,1.0,1.0,1.0,601,0,0,601,601,1,1
fencing_006_fencing_aria03_rgb,0.6110866844235296,0.9168791596568342,0.5602926456917269,0.6110866844235296,0.6110866844235296,0.6110866844235296,0.6110866844235296,0.6110866844235296,0.6110866844235296,0.6110866844235296,0.6110866844235296,0.6110866844235296,0.6110866844235296,0.6108298892823126,0.6105756734359415,0.6088460345063939,0.6043964376046557,0.5887824765711531,0.5684988455069855,0.5230223487260245,0.42696555277533005,0.15140667495131618,0.5686416198734426,0.9850622406639005,0.9850622406639005,0.9850622406639005,0.9850622406639005,0.9850622406639005,0.9850622406639005,0.9850622406639005,0.9850622406639005,0.9850622406639005,0.9850622406639005,0.9834162520729685,0.9817729908864954,0.978494623655914,0.9671052631578947,0.9415584415584416,0.8909090909090909,0.7850746268656716,0.5883134130146083,0.16455696202531644,0.9016749510939686,0.37908968638171,0.37908968638171,0.37908968638171,0.37908968638171,0.37908968638171,0.37908968638171,0.37908968638171,0.37908968638171,0.37908968638171,0.37908968638171,0.3794051123866902,0.37972388368020804,0.37884060348656007,0.377720055618763,0.36818193052729736,0.3627653378337274,0.3484412410053506,0.3098681403890013,0.139307270489636,0.3597447599597018,0.9875207986688852,0.9875207986688852,0.9875207986688852,0.9875207986688852,0.9875207986688852,0.9875207986688852,0.9875207986688852,0.9875207986688852,0.9875207986688852,0.9875207986688852,0.9866888519134775,0.9858569051580699,0.9841930116472546,0.978369384359401,0.9650582362728786,0.937603993344426,0.8752079866888519,0.7371048252911814,0.281198003327787,0.9266573255101147,0.9974789915966387,0.9974789915966387,0.9974789915966387,0.9974789915966387,0.9974789915966387,0.9974789915966387,0.9974789915966387,0.9974789915966387,0.9974789915966387,0.9974789915966387,0.9966386554621849,0.9957983193277311,0.9941176470588236,0.9882352941176471,0.9747899159663865,0.9470588235294117,0.8840336134453781,0.7445378151260504,0.28403361344537814,0.936001769128704,0.3791027871267629,0.3791027871267629,0.3791027871267629,0.3791027871267629,0.3791027871267629,0.3791027871267629,0.3791027871267629,0.3791027871267629,0.3791027871267629,0.3791027871267629,0.379418226508377,0.37973700653622305,0.37923691565058515,0.3786942397591316,0.3723478111193987,0.36936221352463433,0.3616342850635506,0.3362003883670181,0.18678927625555042,0.3649709596869525,0.9896018596524072,0.9896018596524072,0.9896018596524072,0.9896018596524072,0.9896018596524072,0.9896018596524072,0.9896018596524072,0.9896018596524072,0.9896018596524072,0.9896018596524072,0.9891715070888764,0.989584310048445,0.9895374754222802,0.9858236314036267,0.9726145024435646,0.9477775367210981,0.9070777916991938,0.7896523983545702,0.35307255310900104,0.9379121212007752,0.9168791596568342,0.9168791596568342,0.9168791596568342,0.9168791596568342,0.9168791596568342,0.9168791596568342,0.9168791596568342,0.9168791596568342,0.9168791596568342,0.9168791596568342,0.9172227128721879,0.9175320424016505,0.9180333599157097,0.9194903320021134,0.9221019592033103,0.9262381914324542,0.9334611598488561,0.9430627957836931,0.9646453592316113,0.922662079434733,0.6118487965688937,0.6118487965688937,0.6118487965688937,0.6118487965688937,0.6118487965688937,0.6118487965688937,0.6118487965688937,0.6118487965688937,0.6118487965688937,0.6118487965688937,0.6118454010213097,0.6118442716734159,0.6106163070862921,0.6079060275041923,0.5960847292979556,0.5832068495824124,0.5522305288732758,0.47791767228753745,0.19792151553262113,0.5772663825551552,1187.0,1187.0,1187.0,1187.0,1187.0,1187.0,1187.0,1187.0,1187.0,1187.0,1186.0,1185.0,1183.0,1176.0,1160.0,1127.0,1052.0,886.0,338.0,1113.842105263158,15.0,15.0,15.0,15.0,15.0,15.0,15.0,15.0,15.0,15.0,16.0,17.0,19.0,26.0,42.0,75.0,150.0,316.0,864.0,88.15789473684211,3.0,3.0,3.0,3.0,3.0,3.0,3.0,3.0,3.0,3.0,4.0,5.0,7.0,14.0,30.0,63.0,138.0,304.0,852.0,76.15789473684211,0.9700499168053245,0.91001793324733,0.9816971713810316,0.9858569051580699,0.9957983193277311,1.0,0.0,0.0,0.8813404749568104,0.9908026755852842,0.008319467554076539,0.9807436538804674,1078.3712508980861,1185,17,5,14,2,0,0,9.0,601,0.4790969899665552,0.4767054908485857,0.4815126050420168,573,629,617,1190,1202,13,2
fencing_008_fencing_aria01_rgb,0.8353977737630264,0.943816190342742,0.7884619442538274,0.8353977737630264,0.8353977737630264,0.8353977737630264,0.8353977737630264,0.8353977737630264,0.8353977737630264,0.8353977737630264,0.8353977737630264,0.8353977737630264,0.8353977737630264,0.8353977737630264,0.8353977737630264,0.8353977737630264,0.8345711314594342,0.829977645141688,0.814005691874094,0.7812586273385574,0.6963338071425496,0.3506945189943828,0.7982638147826341,0.9990706319702602,0.9990706319702602,0.9990706319702602,0.9990706319702602,0.9990706319702602,0.9990706319702602,0.9990706319702602,0.9990706319702602,0.9990706319702602,0.9990706319702602,0.9990706319702602,0.9990706319702602,0.9990706319702602,0.9972144846796658,0.9898242368177613,0.9590163934426229,0.9171122994652406,0.8121314237573716,0.41420118343195267,0.9514430651162104,0.6985386398876701,0.6985386398876701,0.6985386398876701,0.6985386398876701,0.6985386398876701,0.6985386398876701,0.6985386398876701,0.6985386398876701,0.6985386398876701,0.6985386398876701,0.6985386398876701,0.6985386398876701,0.6985386398876701,0.6984545292572832,0.695944659477731,0.6909217307796371,0.6655292303317979,0.597047173382738,0.29692490164723656,0.6697802391271649,1.0,1.0,1.0,1.0,1.0,1.0,1.0,1.0,1.0,1.0,1.0,1.0,1.0,0.9990697674418605,0.9953488372093023,0.9795348837209302,0.9572093023255814,0.8967441860465116,0.586046511627907,0.9691554467564258,0.9990706319702602,0.9990706319702602,0.9990706319702602,0.9990706319702602,0.9990706319702602,0.9990706319702602,0.9990706319702602,0.9990706319702602,0.9990706319702602,0.9990706319702602,0.9990706319702602,0.9990706319702602,0.9990706319702602,0.9981412639405205,0.9944237918215614,0.9786245353159851,0.9563197026022305,0.895910780669145,0.5855018587360595,0.9682547446683624,0.6985388966784316,0.6985388966784316,0.6985388966784316,0.6985388966784316,0.6985388966784316,0.6985388966784316,0.6985388966784316,0.6985388966784316,0.6985388966784316,0.6985388966784316,0.6985388966784316,0.6985388966784316,0.6985388966784316,0.6985601845937042,0.6973241295671203,0.6955778024154092,0.6818120593630799,0.6414740299595072,0.39944534944534943,0.6786946953770411,0.999173126614987,0.999173126614987,0.999173126614987,0.999173126614987,0.999173126614987,0.999173126614987,0.999173126614987,0.999173126614987,0.999173126614987,0.999173126614987,0.999173126614987,0.999173126614987,0.999173126614987,0.9982469702797357,0.9945422351709835,0.9790893028414801,0.9577004594604623,0.8991854464459663,0.591845957218827,0.968940053548015,0.943816190342742,0.943816190342742,0.943816190342742,0.943816190342742,0.943816190342742,0.943816190342742,0.943816190342742,0.943816190342742,0.943816190342742,0.943816190342742,0.943816190342742,0.943816190342742,0.943816190342742,0.9440782522517417,0.9448935835522845,0.9476680715333112,0.9505556398391494,0.9554403713627619,0.9672442678381223,0.9462889821491063,0.8357862405469895,0.8357862405469895,0.8357862405469895,0.8357862405469895,0.8357862405469895,0.8357862405469895,0.8357862405469895,0.8357862405469895,0.8357862405469895,0.8357862405469895,0.8357862405469895,0.8357862405469895,0.8357862405469895,0.8353471159427008,0.8322906388835474,0.822667573944358,0.7981546029706159,0.7317093559101687,0.41714721960696605,0.80539671759838,1075.0,1075.0,1075.0,1075.0,1075.0,1075.0,1075.0,1075.0,1075.0,1075.0,1075.0,1075.0,1075.0,1074.0,1070.0,1053.0,1029.0,964.0,630.0,1041.842105263158,0.0,0.0,0.0,0.0,0.0,0.0,0.0,0.0,0.0,0.0,0.0,0.0,0.0,1.0,5.0,22.0,46.0,111.0,445.0,33.1578947368421,1.0,1.0,1.0,1.0,1.0,1.0,1.0,1.0,1.0,1.0,1.0,1.0,1.0,2.0,6.0,23.0,47.0,112.0,446.0,34.1578947368421,0.9962790697674418,0.943816190342742,0.9990697674418605,1.0,0.9990706319702602,1.0,0.0,0.0,0.9400952601101839,0.99953509995351,0.0016638935108153079,0.99862593371654,1014.6024046184476,1075,0,1,3,2,0,0,3.0,601,0.7150162715016272,0.7153488372093023,0.7146840148698885,769,306,307,1076,1075,5,2
fencing_008_fencing_aria02_rgb,0.9124942708697256,0.9511680221395246,0.8679353708368045,0.9124942708697256,0.9124942708697256,0.9124942708697256,0.9124942708697256,0.9124942708697256,0.9124942708697256,0.9124942708697256,0.9124942708697256,0.9124942708697256,0.9124942708697256,0.9124942708697256,0.9106202485646043,0.9084153735658519,0.9073858906896919,0.9004438651225608,0.8931386061330668,0.8818774423843837,0.8427360729777656,0.5159615339265595,0.8841061059437614,0.9967793880837359,0.9967793880837359,0.9967793880837359,0.9967793880837359,0.9967793880837359,0.9967793880837359,0.9967793880837359,0.9967793880837359,0.9967793880837359,0.9967793880837359,0.9967793880837359,0.9935691318327974,0.9871794871794872,0.984,0.9682539682539683,0.9589257503949447,0.9435736677115988,0.881638846737481,0.5214723926380368,0.9580624480878636,0.8353360877282953,0.8353360877282953,0.8353360877282953,0.8353360877282953,0.8353360877282953,0.8353360877282953,0.8353360877282953,0.8353360877282953,0.8353360877282953,0.8353360877282953,0.8353360877282953,0.8345964166239904,0.8359356141896276,0.8367369457548023,0.8373827330642944,0.8318647918639968,0.8242152679743144,0.8055499043923798,0.510508913319662,0.8160782922207535,1.0,1.0,1.0,1.0,1.0,1.0,1.0,1.0,1.0,1.0,1.0,0.9983844911147012,0.9951534733441034,0.9935379644588045,0.9854604200323102,0.9806138933764136,0.9725363489499192,0.938610662358643,0.6865912762520194,0.9763625542045743,0.9967793880837359,0.9967793880837359,0.9967793880837359,0.9967793880837359,0.9967793880837359,0.9967793880837359,0.9967793880837359,0.9967793880837359,0.9967793880837359,0.9967793880837359,0.9967793880837359,0.9951690821256038,0.9919484702093397,0.9903381642512077,0.9822866344605475,0.9774557165861514,0.9694041867954911,0.9355877616747182,0.6843800322061192,0.973218069327909,0.8362732382766299,0.8362732382766299,0.8362732382766299,0.8362732382766299,0.8362732382766299,0.8362732382766299,0.8362732382766299,0.8362732382766299,0.8362732382766299,0.8362732382766299,0.8362732382766299,0.8358813966354124,0.8373220607064848,0.8381415545721322,0.8403064885617141,0.8376554916929299,0.8334761762549763,0.8259097462164909,0.6360471595431876,0.8254602997487503,0.9969843834141088,0.9969843834141088,0.9969843834141088,0.9969843834141088,0.9969843834141088,0.9969843834141088,0.9969843834141088,0.9969843834141088,0.9969843834141088,0.9969843834141088,0.9969843834141088,0.995631067961165,0.9929604486422667,0.9920620842572062,0.9851557848167646,0.9805768090244629,0.9736550029187613,0.9510242753342263,0.7254086492591078,0.9770159126194294,0.9511680221395246,0.9511680221395246,0.9511680221395246,0.9511680221395246,0.9511680221395246,0.9511680221395246,0.9511680221395246,0.9511680221395246,0.9511680221395246,0.9511680221395246,0.9511680221395246,0.9517513548238723,0.9527906840613247,0.953238741157618,0.955068911611137,0.9559166240905608,0.9570628500646778,0.9597586827740632,0.9693667443994984,0.9535685703430273,0.9139672246466474,0.9139672246466474,0.9139672246466474,0.9139672246466474,0.9139672246466474,0.9139672246466474,0.9139672246466474,0.9139672246466474,0.9139672246466474,0.9139672246466474,0.9139672246466474,0.9128242540036366,0.9120768772164133,0.9117729552211468,0.9084093459742384,0.9031822475627572,0.8953096154205645,0.8695388026561397,0.5920396661830847,0.8925680650184791,619.0,619.0,619.0,619.0,619.0,619.0,619.0,619.0,619.0,619.0,619.0,618.0,616.0,615.0,610.0,607.0,602.0,581.0,425.0,604.3684210526316,0.0,0.0,0.0,0.0,0.0,0.0,0.0,0.0,0.0,0.0,0.0,1.0,3.0,4.0,9.0,12.0,17.0,38.0,194.0,14.631578947368421,2.0,2.0,2.0,2.0,2.0,2.0,2.0,2.0,2.0,2.0,2.0,3.0,5.0,6.0,11.0,14.0,19.0,40.0,196.0,16.63157894736842,0.9919224555735057,0.9511680221395246,0.9967689822294022,1.0,0.9967793880837359,1.0,0.0,0.0,0.9430904777130302,0.9983870967741936,0.0033277870216306157,0.9959981886030377,588.7730057043657,619,0,2,3,2,0,0,3.0,601,0.9,0.901453957996769,0.8985507246376812,558,61,63,621,619,5,2
fencing_008_fencing_aria03_rgb,0.8684788355588561,0.9475156400464207,0.8228972797413198,0.8684788355588561,0.8684788355588561,0.8684788355588561,0.8684788355588561,0.8684788355588561,0.8684788355588561,0.8684788355588561,0.8684788355588561,0.8684788355588561,0.8684788355588561,0.8674641136632006,0.8674641136632006,0.862904726632193,0.8619824272467445,0.8601751768515835,0.8432464553045821,0.8078584704043993,0.7161581662939166,0.4074155788175605,0.8304977676034707,1.0,1.0,1.0,1.0,1.0,1.0,1.0,1.0,1.0,1.0,0.9983150800336984,0.9983150800336984,0.9932773109243698,0.9916036943744753,0.9899328859060402,0.9733777038269551,0.9331703341483293,0.8260200153964589,0.45521472392638035,0.955748780451074,0.7542554878136666,0.7542554878136666,0.7542554878136666,0.7542554878136666,0.7542554878136666,0.7542554878136666,0.7542554878136666,0.7542554878136666,0.7542554878136666,0.7542554878136666,0.7537640205415727,0.7537640205415727,0.7496441920647834,0.7493050995043922,0.74742575522628,0.730512504640392,0.699374256040589,0.6209081010020084,0.36463551185592186,0.7216783336607462,1.0,1.0,1.0,1.0,1.0,1.0,1.0,1.0,1.0,1.0,0.9991568296795953,0.9991568296795953,0.9966273187183811,0.9957841483979764,0.9949409780775716,0.9865092748735245,0.9654300168634065,0.9047217537942664,0.6256323777403036,0.9719978698855064,1.0,1.0,1.0,1.0,1.0,1.0,1.0,1.0,1.0,1.0,0.9991568296795953,0.9991568296795953,0.9966273187183811,0.9957841483979764,0.9949409780775716,0.9865092748735245,0.9654300168634065,0.9047217537942664,0.6256323777403036,0.9719978698855064,0.7542554878136666,0.7542554878136666,0.7542554878136666,0.7542554878136666,0.7542554878136666,0.7542554878136666,0.7542554878136666,0.7542554878136666,0.7542554878136666,0.7542554878136666,0.7539990623534927,0.7539990623534927,0.7517403408836469,0.7515851314051041,0.7505342030991372,0.7409601379054002,0.7229323004065247,0.6739129857954804,0.47608851206628494,0.732542453389749,1.0,1.0,1.0,1.0,1.0,1.0,1.0,1.0,1.0,1.0,0.9991588403429972,0.9991588403429972,0.9966273415770991,0.9957869829255209,0.9949430053411817,0.9865603023459284,0.96579157614198,0.9062774080597914,0.626057109776818,0.9721242845712796,0.9475156400464207,0.9475156400464207,0.9475156400464207,0.9475156400464207,0.9475156400464207,0.9475156400464207,0.9475156400464207,0.9475156400464207,0.9475156400464207,0.9475156400464207,0.9478840955630223,0.9478840955630223,0.9486841966009774,0.9489109791918343,0.9490805617315948,0.9506134014245037,0.9532084363437181,0.958206953558646,0.9690715374884971,0.9499316135752643,0.8684788355588561,0.8684788355588561,0.8684788355588561,0.8684788355588561,0.8684788355588561,0.8684788355588561,0.8684788355588561,0.8684788355588561,0.8684788355588561,0.8684788355588561,0.8678297466040578,0.8678297466040578,0.8643586530661518,0.8637975112260061,0.8623482544455011,0.8489154028752425,0.8217036569245011,0.7494992101954508,0.477627241989999,0.8372998831326068,1186.0,1186.0,1186.0,1186.0,1186.0,1186.0,1186.0,1186.0,1186.0,1186.0,1185.0,1185.0,1182.0,1181.0,1180.0,1170.0,1145.0,1073.0,742.0,1152.7894736842106,0.0,0.0,0.0,0.0,0.0,0.0,0.0,0.0,0.0,0.0,1.0,1.0,4.0,5.0,6.0,16.0,41.0,113.0,444.0,33.21052631578947,0.0,0.0,0.0,0.0,0.0,0.0,0.0,0.0,0.0,0.0,1.0,1.0,4.0,5.0,6.0,16.0,41.0,113.0,444.0,33.21052631578947,0.9991568296795953,0.9475156400464207,1.0,1.0,1.0,1.0,0.0,0.0,0.9466724697260159,1.0,0.0,1.0,1123.753549095055,1186,0,0,1,2,0,0,1.0,601,0.7681281618887015,0.7681281618887015,0.7681281618887015,911,275,275,1186,1186,3,2
fencing_009_fencing_aria01_rgb,0.7629035553900638,0.942293124483354,0.7188787748879628,0.7629035553900638,0.7629035553900638,0.7629035553900638,0.7629035553900638,0.7629035553900638,0.7629035553900638,0.7629035553900638,0.7621493129090438,0.7621493129090438,0.7621493129090438,0.7621493129090438,0.7621493129090438,0.7621493129090438,0.7588079676299769,0.7537905328445677,0.7452412110013521,0.7274958837322664,0.665282608187002,0.35979129112355795,0.7328226452475493,0.9929577464788732,0.9929577464788732,0.9929577464788732,0.9929577464788732,0.9929577464788732,0.9929577464788732,0.9929577464788732,0.9894551845342706,0.9894551845342706,0.9894551845342706,0.9894551845342706,0.9894551845342706,0.9894551845342706,0.9755671902268761,0.9584775086505191,0.9383561643835616,0.8929765886287625,0.7939778129952456,0.4274905422446406,0.9407516389309126,0.5861496492581959,0.5861496492581959,0.5861496492581959,0.5861496492581959,0.5861496492581959,0.5861496492581959,0.5861496492581959,0.5870620360043285,0.5870620360043285,0.5870620360043285,0.5870620360043285,0.5870620360043285,0.5870620360043285,0.5902100209057171,0.5928153371132205,0.5918695732548557,0.5926810037204868,0.5574475023255472,0.30281318620208547,0.5712240202292239,0.9964664310954063,0.9964664310954063,0.9964664310954063,0.9964664310954063,0.9964664310954063,0.9964664310954063,0.9964664310954063,0.9946996466431095,0.9946996466431095,0.9946996466431095,0.9946996466431095,0.9946996466431095,0.9946996466431095,0.9876325088339223,0.9787985865724381,0.9681978798586572,0.9434628975265018,0.8851590106007067,0.598939929328622,0.963455458434071,0.9964664310954063,0.9964664310954063,0.9964664310954063,0.9964664310954063,0.9964664310954063,0.9964664310954063,0.9964664310954063,0.9946996466431095,0.9946996466431095,0.9946996466431095,0.9946996466431095,0.9946996466431095,0.9946996466431095,0.9876325088339223,0.9787985865724381,0.9681978798586572,0.9434628975265018,0.8851590106007067,0.598939929328622,0.963455458434071,0.5861535622783793,0.5861535622783793,0.5861535622783793,0.5861535622783793,0.5861535622783793,0.5861535622783793,0.5861535622783793,0.5870669870340485,0.5870669870340485,0.5870669870340485,0.5870669870340485,0.5870669870340485,0.5870669870340485,0.5902856781615854,0.5931946296232499,0.5938388056777414,0.5969011697444376,0.5783444584347266,0.3845476727097352,0.5769783827633905,0.9970618034447822,0.9970618034447822,0.9970618034447822,0.9970618034447822,0.9970618034447822,0.9970618034447822,0.9970618034447822,0.996041613803603,0.996041613803603,0.996041613803603,0.996041613803603,0.996041613803603,0.996041613803603,0.9942802836698184,0.9894978785426781,0.9839794091560611,0.9658184226486668,0.9112932377380072,0.6251961726769372,0.9697761953351192,0.942293124483354,0.942293124483354,0.942293124483354,0.942293124483354,0.942293124483354,0.942293124483354,0.942293124483354,0.9432933055862096,0.9432933055862096,0.9432933055862096,0.9432933055862096,0.9432933055862096,0.9432933055862096,0.9452537108891053,0.9472242839020749,0.9491615292682398,0.9525991088361917,0.9574755129297202,0.9687271891676539,0.9461185810470379,0.764250252917288,0.764250252917288,0.764250252917288,0.764250252917288,0.764250252917288,0.764250252917288,0.764250252917288,0.7641664738596492,0.7641664738596492,0.7641664738596492,0.7641664738596492,0.7641664738596492,0.7641664738596492,0.763485824155259,0.7617393347234234,0.75699859047306,0.7477784010514384,0.7024454993950182,0.4258719389014166,0.7417405369620277,564.0,564.0,564.0,564.0,564.0,564.0,564.0,563.0,563.0,563.0,563.0,563.0,563.0,559.0,554.0,548.0,534.0,501.0,339.0,545.3157894736842,2.0,2.0,2.0,2.0,2.0,2.0,2.0,3.0,3.0,3.0,3.0,3.0,3.0,7.0,12.0,18.0,32.0,65.0,227.0,20.68421052631579,2.0,2.0,2.0,2.0,2.0,2.0,2.0,3.0,3.0,3.0,3.0,3.0,3.0,7.0,12.0,18.0,32.0,65.0,227.0,20.68421052631579,0.9787985865724381,0.9432933055862096,0.9893992932862191,0.9946996466431095,0.9946996466431095,1.0,0.0,0.0,0.922392457676742,0.9946996466431095,0.0069605568445475635,0.9880244677555059,531.074131045036,563,3,3,6,2,0,0,5.0,431,0.7031802120141343,0.7031802120141343,0.7031802120141343,398,168,168,566,566,8,2
fencing_009_fencing_aria02_rgb,0.901803846146059,0.9490440971396842,0.8558516169627812,0.901803846146059,0.901803846146059,0.901803846146059,0.901803846146059,0.901803846146059,0.901803846146059,0.901803846146059,0.901803846146059,0.901803846146059,0.901803846146059,0.901803846146059,0.901803846146059,0.901803846146059,0.9002603408501508,0.8989902690821584,0.8895382294618734,0.8629637427757082,0.8107097988212806,0.5072327983193808,0.8733234304847012,0.9949832775919732,0.9949832775919732,0.9949832775919732,0.9949832775919732,0.9949832775919732,0.9949832775919732,0.9949832775919732,0.9949832775919732,0.9949832775919732,0.9949832775919732,0.9949832775919732,0.9949832775919732,0.9949832775919732,0.991652754590985,0.9883333333333333,0.971900826446281,0.93042071197411,0.8410493827160493,0.4801488833746898,0.9546467632174265,0.817350597983945,0.817350597983945,0.817350597983945,0.817350597983945,0.817350597983945,0.817350597983945,0.817350597983945,0.817350597983945,0.817350597983945,0.817350597983945,0.817350597983945,0.817350597983945,0.817350597983945,0.8172908082546637,0.817723612719472,0.8141553542735878,0.8003975102460755,0.7814646695088754,0.5358444445035484,0.7996017985946056,0.9966499162479062,0.9966499162479062,0.9966499162479062,0.9966499162479062,0.9966499162479062,0.9966499162479062,0.9966499162479062,0.9966499162479062,0.9966499162479062,0.9966499162479062,0.9966499162479062,0.9966499162479062,0.9966499162479062,0.9949748743718593,0.9932998324958124,0.9849246231155779,0.9631490787269682,0.9128978224455612,0.6482412060301508,0.9712598078109848,0.9983221476510067,0.9983221476510067,0.9983221476510067,0.9983221476510067,0.9983221476510067,0.9983221476510067,0.9983221476510067,0.9983221476510067,0.9983221476510067,0.9983221476510067,0.9983221476510067,0.9983221476510067,0.9983221476510067,0.9966442953020134,0.9949664429530202,0.9865771812080537,0.964765100671141,0.9144295302013423,0.6493288590604027,0.9728894383610033,0.8175761871013465,0.8175761871013465,0.8175761871013465,0.8175761871013465,0.8175761871013465,0.8175761871013465,0.8175761871013465,0.8175761871013465,0.8175761871013465,0.8175761871013465,0.8175761871013465,0.8175761871013465,0.8175761871013465,0.8177254472435195,0.8182612405778256,0.8170681209615202,0.8114052254615152,0.8073625565075603,0.6644530242410676,0.808671897226869,0.9983464353483329,0.9983464353483329,0.9983464353483329,0.9983464353483329,0.9983464353483329,0.9983464353483329,0.9983464353483329,0.9983464353483329,0.9983464353483329,0.9983464353483329,0.9983464353483329,0.9983464353483329,0.9983464353483329,0.9967416096448354,0.9950899252155849,0.9874264878753651,0.9670059844232749,0.9255549849761207,0.7049607257740145,0.9765938619703959,0.9490440971396842,0.9490440971396842,0.9490440971396842,0.9490440971396842,0.9490440971396842,0.9490440971396842,0.9490440971396842,0.9490440971396842,0.9490440971396842,0.9490440971396842,0.9490440971396842,0.9490440971396842,0.9490440971396842,0.9494716096935643,0.949831949241545,0.9513267825042074,0.9539755538099867,0.9581435745163294,0.9691646337920934,0.9510256508617694,0.9025588097325709,0.9025588097325709,0.9025588097325709,0.9025588097325709,0.9025588097325709,0.9025588097325709,0.9025588097325709,0.9025588097325709,0.9025588097325709,0.9025588097325709,0.9025588097325709,0.9025588097325709,0.9025588097325709,0.9017670537719037,0.9012462080597744,0.8954784505868598,0.8780103214705774,0.8446285545213307,0.5893695351386399,0.8812507710564477,595.0,595.0,595.0,595.0,595.0,595.0,595.0,595.0,595.0,595.0,595.0,595.0,595.0,594.0,593.0,588.0,575.0,545.0,387.0,579.8421052631579,2.0,2.0,2.0,2.0,2.0,2.0,2.0,2.0,2.0,2.0,2.0,2.0,2.0,3.0,4.0,9.0,22.0,52.0,210.0,17.157894736842106,1.0,1.0,1.0,1.0,1.0,1.0,1.0,1.0,1.0,1.0,1.0,1.0,1.0,2.0,3.0,8.0,21.0,51.0,209.0,16.157894736842106,0.9916247906197655,0.9490440971396842,0.9949748743718593,0.9966499162479062,0.9983221476510067,1.0,0.0,0.0,0.9408395943016953,0.9974853310980721,0.002320185614849188,0.9944706365231759,564.6812377981121,595,2,1,2,2,0,0,3.0,431,0.8248113998323554,0.8241206030150754,0.825503355704698,492,105,104,596,597,4,2
fencing_009_fencing_aria03_rgb,0.7130501607357387,0.9542379404410621,0.6804195168116396,0.7130501607357387,0.7130501607357387,0.7130501607357387,0.7130501607357387,0.7130501607357387,0.7130501607357387,0.7130501607357387,0.7130501607357387,0.7130501607357387,0.7130501607357387,0.7130501607357387,0.7130501607357387,0.7130501607357387,0.7130501607357387,0.7108381394444291,0.7108381394444291,0.6890205083824896,0.6376821142540126,0.3929155712413418,0.6907366696351075,0.9946666666666667,0.9946666666666667,0.9946666666666667,0.9946666666666667,0.9946666666666667,0.9946666666666667,0.9946666666666667,0.9946666666666667,0.9946666666666667,0.9946666666666667,0.9946666666666667,0.9946666666666667,0.9946666666666667,0.9946666666666667,0.9920106524633822,0.9920106524633822,0.9581151832460733,0.8793969849246231,0.5172413793103449,0.9612688518811124,0.5111667544154785,0.5111667544154785,0.5111667544154785,0.5111667544154785,0.5111667544154785,0.5111667544154785,0.5111667544154785,0.5111667544154785,0.5111667544154785,0.5111667544154785,0.5111667544154785,0.5111667544154785,0.5111667544154785,0.5111667544154785,0.5093603170833585,0.5093603170833585,0.4955033270250706,0.4624060416517373,0.29847311583955916,0.49639145686840974,0.9973262032085561,0.9973262032085561,0.9973262032085561,0.9973262032085561,0.9973262032085561,0.9973262032085561,0.9973262032085561,0.9973262032085561,0.9973262032085561,0.9973262032085561,0.9973262032085561,0.9973262032085561,0.9973262032085561,0.9973262032085561,0.9959893048128342,0.9959893048128342,0.9786096256684492,0.9358288770053476,0.6818181818181818,0.9763580073177598,0.9973262032085561,0.9973262032085561,0.9973262032085561,0.9973262032085561,0.9973262032085561,0.9973262032085561,0.9973262032085561,0.9973262032085561,0.9973262032085561,0.9973262032085561,0.9973262032085561,0.9973262032085561,0.9973262032085561,0.9973262032085561,0.9959893048128342,0.9959893048128342,0.9786096256684492,0.9358288770053476,0.6818181818181818,0.9763580073177598,0.5119066393313357,0.5119066393313357,0.5119066393313357,0.5119066393313357,0.5119066393313357,0.5119066393313357,0.5119066393313357,0.5119066393313357,0.5119066393313357,0.5119066393313357,0.5119066393313357,0.5119066393313357,0.5119066393313357,0.5119066393313357,0.5107382550335571,0.5107382550335571,0.5016583384471524,0.479449961802903,0.34832756632064593,0.5009265961724483,0.9973459792258882,0.9973459792258882,0.9973459792258882,0.9973459792258882,0.9973459792258882,0.9973459792258882,0.9973459792258882,0.9973459792258882,0.9973459792258882,0.9973459792258882,0.9973459792258882,0.9973459792258882,0.9973459792258882,0.9973459792258882,0.9960053174582195,0.9960053174582195,0.9786493727702844,0.9360745574823381,0.6952010609416692,0.9770936492249036,0.9542379404410621,0.9542379404410621,0.9542379404410621,0.9542379404410621,0.9542379404410621,0.9542379404410621,0.9542379404410621,0.9542379404410621,0.9542379404410621,0.9542379404410621,0.9542379404410621,0.9542379404410621,0.9542379404410621,0.9542379404410621,0.9545490632596868,0.9545490632596868,0.956826159819816,0.9601523721224816,0.9702444744018563,0.9555606473178104,0.7140027999858471,0.7140027999858471,0.7140027999858471,0.7140027999858471,0.7140027999858471,0.7140027999858471,0.7140027999858471,0.7140027999858471,0.7140027999858471,0.7140027999858471,0.7140027999858471,0.7140027999858471,0.7140027999858471,0.7140027999858471,0.7122621905668579,0.7122621905668579,0.6963507200954671,0.6578243889363128,0.45111461643725953,0.696097542442348,746.0,746.0,746.0,746.0,746.0,746.0,746.0,746.0,746.0,746.0,746.0,746.0,746.0,746.0,745.0,745.0,732.0,700.0,510.0,730.3157894736842,2.0,2.0,2.0,2.0,2.0,2.0,2.0,2.0,2.0,2.0,2.0,2.0,2.0,2.0,3.0,3.0,16.0,48.0,238.0,17.68421052631579,2.0,2.0,2.0,2.0,2.0,2.0,2.0,2.0,2.0,2.0,2.0,2.0,2.0,2.0,3.0,3.0,16.0,48.0,238.0,17.68421052631579,0.9906417112299465,0.9542379404410621,0.9946524064171123,0.9973262032085561,0.9973262032085561,1.0,0.0,0.0,0.9450020101190273,0.9973262032085561,0.004640371229698376,0.9940145437771127,711.8615035690324,746,2,2,3,2,0,0,3.0,431,0.6096256684491979,0.6096256684491979,0.6096256684491979,456,292,292,748,748,5,2
fencing_011_fencing_aria03_rgb,0.7469010589087279,0.9504976843784702,0.7099277269525732,0.7469010589087279,0.7469010589087279,0.7469010589087279,0.7469010589087279,0.7469010589087279,0.7469010589087279,0.7469010589087279,0.7469010589087279,0.7469010589087279,0.7469010589087279,0.7469010589087279,0.7469010589087279,0.7469010589087279,0.7469010589087279,0.7415829712575944,0.733680529141598,0.7270427272922151,0.6575637654111202,0.36894440617472385,0.7202857486315496,0.9816971713810316,0.9816971713810316,0.9816971713810316,0.9816971713810316,0.9816971713810316,0.9816971713810316,0.9816971713810316,0.9816971713810316,0.9816971713810316,0.9816971713810316,0.9816971713810316,0.9816971713810316,0.9816971713810316,0.9816971713810316,0.9751243781094527,0.9653465346534653,0.9556650246305419,0.8667711598746082,0.47766749379652607,0.9465439468631073,0.568261993679977,0.568261993679977,0.568261993679977,0.568261993679977,0.568261993679977,0.568261993679977,0.568261993679977,0.568261993679977,0.568261993679977,0.568261993679977,0.568261993679977,0.568261993679977,0.568261993679977,0.568261993679977,0.5639745201791206,0.5576102461845234,0.5531133961011646,0.4988515142153582,0.2849680512394322,0.5481150336546987,1.0,1.0,1.0,1.0,1.0,1.0,1.0,1.0,1.0,1.0,1.0,1.0,1.0,1.0,0.9966101694915255,0.9915254237288136,0.9864406779661017,0.9372881355932203,0.652542372881356,0.9770740410347903,0.9816971713810316,0.9816971713810316,0.9816971713810316,0.9816971713810316,0.9816971713810316,0.9816971713810316,0.9816971713810316,0.9816971713810316,0.9816971713810316,0.9816971713810316,0.9816971713810316,0.9816971713810316,0.9816971713810316,0.9816971713810316,0.978369384359401,0.9733777038269551,0.9683860232945092,0.9201331114808652,0.6405990016638935,0.9591908223136878,0.568261993679977,0.568261993679977,0.568261993679977,0.568261993679977,0.568261993679977,0.568261993679977,0.568261993679977,0.568261993679977,0.568261993679977,0.568261993679977,0.568261993679977,0.568261993679977,0.568261993679977,0.568261993679977,0.565548253199585,0.5614863102998696,0.5586638709301648,0.5222331198087473,0.3461369139335241,0.5531440199837668,1.0,1.0,1.0,1.0,1.0,1.0,1.0,1.0,1.0,1.0,1.0,1.0,1.0,1.0,0.996615477874318,0.9915587712617416,0.9864719303656339,0.9383540203171573,0.6639269917775187,0.9777330100840194,0.9504976843784702,0.9504976843784702,0.9504976843784702,0.9504976843784702,0.9504976843784702,0.9504976843784702,0.9504976843784702,0.9504976843784702,0.9504976843784702,0.9504976843784702,0.9504976843784702,0.9504976843784702,0.9504976843784702,0.9504976843784702,0.9512387562948263,0.9521597489994443,0.9528876747070391,0.9566075420909191,0.967005957318936,0.9519403821426181,0.7538315419773685,0.7538315419773685,0.7538315419773685,0.7538315419773685,0.7538315419773685,0.7538315419773685,0.7538315419773685,0.7538315419773685,0.7538315419773685,0.7538315419773685,0.7538315419773685,0.7538315419773685,0.7538315419773685,0.7538315419773685,0.7497084380908455,0.7435621935141926,0.7386565869483368,0.683789152953429,0.4312235248118485,0.731609551789569,590.0,590.0,590.0,590.0,590.0,590.0,590.0,590.0,590.0,590.0,590.0,590.0,590.0,590.0,588.0,585.0,582.0,553.0,385.0,576.4736842105264,0.0,0.0,0.0,0.0,0.0,0.0,0.0,0.0,0.0,0.0,0.0,0.0,0.0,0.0,2.0,5.0,8.0,37.0,205.0,13.526315789473685,11.0,11.0,11.0,11.0,11.0,11.0,11.0,11.0,11.0,11.0,11.0,11.0,11.0,11.0,13.0,16.0,19.0,48.0,216.0,24.526315789473685,0.9796610169491525,0.9504976843784702,0.9813559322033898,1.0,0.9816971713810316,1.0,0.0,0.0,0.9301587013276228,0.9907640638119227,0.018302828618968387,0.9813559322033898,560.7936337832974,590,0,11,1,1,0,0,0.0,601,0.6784214945424013,0.6847457627118644,0.6722129783693843,404,186,197,601,590,4,1
fencing_014_fencing_aria03_rgb,1.0,0.9636952026276348,0.9636952026276348,1.0,1.0,1.0,1.0,1.0,1.0,1.0,1.0,1.0,1.0,1.0,1.0,1.0,1.0,1.0,0.9939759036144579,0.9820359281437125,0.9077809798270894,0.6974358974358974,0.9779594057379557,1.0,1.0,1.0,1.0,1.0,1.0,1.0,1.0,1.0,1.0,1.0,1.0,1.0,1.0,1.0,0.9939759036144579,0.9820359281437125,0.9077809798270894,0.6974358974358974,0.9779594057379557,1.0,1.0,1.0,1.0,1.0,1.0,1.0,1.0,1.0,1.0,1.0,1.0,1.0,1.0,1.0,0.9939759036144579,0.9820359281437125,0.9077809798270893,0.6974358974358974,0.9779594057379557,1.0,1.0,1.0,1.0,1.0,1.0,1.0,1.0,1.0,1.0,1.0,1.0,1.0,1.0,1.0,0.9969788519637462,0.9909365558912386,0.9516616314199395,0.8217522658610272,0.9874383844808394,1.0,1.0,1.0,1.0,1.0,1.0,1.0,1.0,1.0,1.0,1.0,1.0,1.0,1.0,1.0,0.9969788519637462,0.9909365558912386,0.9516616314199395,0.8217522658610272,0.9874383844808394,1.0,1.0,1.0,1.0,1.0,1.0,1.0,1.0,1.0,1.0,1.0,1.0,1.0,1.0,1.0,0.9969788519637464,0.9909365558912386,0.9516616314199394,0.8217522658610272,0.9874383844808394,1.0,1.0,1.0,1.0,1.0,1.0,1.0,1.0,1.0,1.0,1.0,1.0,1.0,1.0,1.0,0.9969788519637464,0.9909365558912386,0.9516616314199394,0.8217522658610272,0.9874383844808394,0.9636952026276348,0.9636952026276348,0.9636952026276348,0.9636952026276348,0.9636952026276348,0.9636952026276348,0.9636952026276348,0.9636952026276348,0.9636952026276348,0.9636952026276348,0.9636952026276348,0.9636952026276348,0.9636952026276348,0.9636952026276348,0.9636952026276348,0.9642880188318278,0.9650477248298845,0.9685602802474566,0.9739724915942437,0.9645945555219962,1.0,1.0,1.0,1.0,1.0,1.0,1.0,1.0,1.0,1.0,1.0,1.0,1.0,1.0,1.0,0.995476245454993,0.9864762036644302,0.9294623866699712,0.757046583118085,0.9825506009951305,331.0,331.0,331.0,331.0,331.0,331.0,331.0,331.0,331.0,331.0,331.0,331.0,331.0,331.0,331.0,330.0,328.0,315.0,272.0,326.8421052631579,0.0,0.0,0.0,0.0,0.0,0.0,0.0,0.0,0.0,0.0,0.0,0.0,0.0,0.0,0.0,1.0,3.0,16.0,59.0,4.157894736842105,0.0,0.0,0.0,0.0,0.0,0.0,0.0,0.0,0.0,0.0,0.0,0.0,0.0,0.0,0.0,1.0,3.0,16.0,59.0,4.157894736842105,1.0,0.9636952026276348,1.0,1.0,1.0,1.0,0.0,0.0,0.9636952026276348,1.0,0.0,1.0,318.9831120697471,331,0,0,0,1,0,0,0.0,331,1.0,1.0,1.0,331,0,0,331,331,1,1
legoassemble_001_legoassemble_aria02_rgb,0.7939879984372291,0.9104552329126281,0.7228905280469988,0.7939879984372291,0.7939879984372291,0.7919818530843435,0.7911996243600766,0.7900475118134316,0.7891189481331884,0.7891189481331884,0.7887438290169081,0.7882970121892254,0.7852685617635445,0.7840789350542355,0.7821067223890535,0.7721356555272487,0.7652041068862301,0.7525157206005322,0.729247933334616,0.6845398025608517,0.5917818577124273,0.2868367405760561,0.7394841978952429,0.9515695067264573,0.9515695067264573,0.9428571428571428,0.9393939393939394,0.9342222222222222,0.9307897071872228,0.9307897071872228,0.9290780141843972,0.9273693534100974,0.9222614840989399,0.9171806167400881,0.9087719298245615,0.8856152512998267,0.8662092624356775,0.842506350550381,0.8088113050706567,0.732484076433121,0.5964783565663977,0.27251461988304093,0.8521301238314657,0.6625022525480946,0.6625022525480946,0.665249513530966,0.6663837388512377,0.6681226972292281,0.669011173516958,0.669011173516958,0.6696066619963952,0.670080564061579,0.6686245980408221,0.6702930319012632,0.6730961918291589,0.6731969324844561,0.6759767536415988,0.6721372597144302,0.6575112698583646,0.6397336902829377,0.5871223377383149,0.3019115663578234,0.6432670347183517,0.9851439182915506,0.9851439182915506,0.9805013927576601,0.978644382544104,0.9758588672237697,0.9740018570102136,0.9740018570102136,0.9730733519034355,0.9721448467966574,0.9693593314763231,0.9665738161559888,0.9619312906220984,0.9489322191272052,0.9377901578458682,0.9238625812441968,0.903435468895079,0.8542246982358404,0.754874651810585,0.43268337975858867,0.9185358940526805,0.9654231119199272,0.9654231119199272,0.9608735213830755,0.9590536851683349,0.9563239308462238,0.9545040946314831,0.9545040946314831,0.9535941765241128,0.9526842584167425,0.9499545040946314,0.9472247497725205,0.9426751592356688,0.9299363057324841,0.9190172884440401,0.905368516833485,0.8853503184713376,0.8371246587807097,0.7397634212920837,0.4240218380345769,0.9001484603227814,0.6801454697778919,0.6801454697778919,0.6829736761554943,0.6841393057711843,0.6859249007679075,0.6868706127047404,0.6868706127047404,0.6874816871000077,0.687978157892198,0.6872092573241998,0.6889354641516025,0.6918372918372919,0.6940478177379744,0.6981726213858498,0.6979651040791796,0.6917389745988721,0.6872440677505672,0.6654460174717336,0.43731637421960856,0.6738127833267861,0.9684393984657514,0.9684393984657514,0.9673151420525157,0.9672531214491998,0.967579416249329,0.9668511124296577,0.9668511124296577,0.967128193082515,0.9662902597001254,0.9633799457972293,0.9619766407494242,0.9583100253746375,0.949732325654702,0.9440531197771341,0.9332249006340054,0.9200639673745069,0.8752220941683273,0.8008705580049159,0.4911574399967277,0.9212704300976902,0.9104552329126281,0.9104552329126281,0.9141639472759882,0.915561581087372,0.9175279193235711,0.9187703382047264,0.9187703382047264,0.9192790836358249,0.919729807076569,0.9210007561823661,0.9221669784704665,0.9238226083409333,0.9278630535057656,0.9308659699311633,0.9339017175463828,0.9374457742516562,0.9436893089015301,0.9522476387996973,0.9676946689367747,0.9266006292368827,0.8078737927128273,0.8078737927128273,0.8076373409819955,0.8075597207919059,0.8074611188686451,0.8072286698117822,0.8072286698117822,0.8072028239827355,0.8071030710454901,0.8050698686235106,0.804914712120217,0.8046566277108779,0.7992610706471961,0.7961936614277285,0.7880117154650523,0.770726282404,0.7392403658711035,0.6657355107476445,0.3614306529888029,0.768547866775059,1061.0,1061.0,1056.0,1054.0,1051.0,1049.0,1049.0,1048.0,1047.0,1044.0,1041.0,1036.0,1022.0,1010.0,995.0,973.0,920.0,813.0,466.0,989.2631578947369,16.0,16.0,21.0,23.0,26.0,28.0,28.0,29.0,30.0,33.0,36.0,41.0,55.0,67.0,82.0,104.0,157.0,264.0,611.0,87.73684210526316,38.0,38.0,43.0,45.0,48.0,50.0,50.0,51.0,52.0,55.0,58.0,63.0,77.0,89.0,104.0,126.0,179.0,286.0,633.0,109.73684210526316,0.9127205199628597,0.9212416881131341,0.9182915506035283,0.9693593314763231,0.9499545040946314,1.0,0.0,0.0,0.8363754154040037,0.9595588235294118,0.09151414309484193,0.9175690331937013,961.776322390112,1044,33,55,6,2,0,0,10.0,601,0.7509191176470589,0.7585886722376973,0.7434030937215651,817,260,282,1099,1077,8,2
legoassemble_003_legoassemble_aria01_rgb,0.47013423025097706,0.9078551108473751,0.4268137637176462,0.47013423025097706,0.47013423025097706,0.47013423025097706,0.47013423025097706,0.47013423025097706,0.47013423025097706,0.47013423025097706,0.46894567476140137,0.4665973553678961,0.46543751783310994,0.46543751783310994,0.4612972163227041,0.45268056320445355,0.443999352268242,0.4260676241806043,0.3975781579630309,0.33361269368671476,0.26165281942808233,0.1211171801273924,0.42396648867018855,0.9848293299620733,0.9848293299620733,0.9848293299620733,0.9848293299620733,0.9848293299620733,0.9848293299620733,0.9848293299620733,0.9823232323232324,0.9773299748110831,0.9748427672955975,0.9748427672955975,0.9649561952440551,0.9503105590062112,0.935881627620222,0.9007263922518159,0.8427230046948356,0.6972972972972973,0.51252408477842,0.21517027863777088,0.8854070258416131,0.22443096253255437,0.22443096253255437,0.22443096253255437,0.22443096253255437,0.22443096253255437,0.22443096253255437,0.22443096253255437,0.2238672960603103,0.22276313798561068,0.22222258837456,0.22222258837456,0.2205230898934805,0.21563444745620458,0.21064140912339333,0.20154135810439683,0.18756862077891898,0.1596125925344773,0.13357849893876297,0.06817563938143342,0.20312463182810472,0.9974391805377721,0.9974391805377721,0.9974391805377721,0.9974391805377721,0.9974391805377721,0.9974391805377721,0.9974391805377721,0.9961587708066582,0.9935979513444302,0.9923175416133163,0.9923175416133163,0.9871959026888605,0.9795134443021767,0.971830985915493,0.9526248399487837,0.9193341869398207,0.8258642765685019,0.6811779769526248,0.3559539052496799,0.92789271514253,0.9873257287705957,0.9873257287705957,0.9873257287705957,0.9873257287705957,0.9873257287705957,0.9873257287705957,0.9873257287705957,0.9860583016476553,0.9835234474017744,0.982256020278834,0.982256020278834,0.9771863117870723,0.9695817490494296,0.9619771863117871,0.9429657794676806,0.9100126742712294,0.8174904942965779,0.6742712294043093,0.3523447401774398,0.9184844239877258,0.22517211147567628,0.22517211147567628,0.22517211147567628,0.22517211147567628,0.22517211147567628,0.22517211147567628,0.22517211147567628,0.2247163669154775,0.2238180177011644,0.22337544695648512,0.22337544695648512,0.2219794342478198,0.21823919912067222,0.2143027102737705,0.20696797411307574,0.1951024448782788,0.17003421249906187,0.1454446046926846,0.07825704790241557,0.20641145718879605,0.9877035427529061,0.9877035427529061,0.9877035427529061,0.9877035427529061,0.9877035427529061,0.9877035427529061,0.9877035427529061,0.9864119115834463,0.9838759361742017,0.982631713965203,0.982631713965203,0.977726173683961,0.9701886872912415,0.9626591364038978,0.9448924446087047,0.9150088664235152,0.8304330298586993,0.7130139187554401,0.41127859684985385,0.9249829962544058,0.9078551108473751,0.9078551108473751,0.9078551108473751,0.9078551108473751,0.9078551108473751,0.9078551108473751,0.9078551108473751,0.9085079798130816,0.9097413942070186,0.9103107229417712,0.9103107229417712,0.9120926331408667,0.9143094469237285,0.9161533781567002,0.9201206293165619,0.9252688009983179,0.9361682752254648,0.9484539813090272,0.9658349248599224,0.9174872981982031,0.473134479144962,0.473134479144962,0.473134479144962,0.473134479144962,0.473134479144962,0.473134479144962,0.473134479144962,0.4722365619763562,0.4704646613057769,0.46959064363208014,0.46959064363208014,0.466582780212827,0.45958333339887736,0.4524465143008796,0.4381704052161231,0.41525684278433156,0.363067952682014,0.3016467000838479,0.155779925153131,0.4340188588627926,779.0,779.0,779.0,779.0,779.0,779.0,779.0,778.0,776.0,775.0,775.0,771.0,765.0,759.0,744.0,718.0,645.0,532.0,278.0,724.6842105263158,2.0,2.0,2.0,2.0,2.0,2.0,2.0,3.0,5.0,6.0,6.0,10.0,16.0,22.0,37.0,63.0,136.0,249.0,503.0,56.31578947368421,10.0,10.0,10.0,10.0,10.0,10.0,10.0,11.0,13.0,14.0,14.0,18.0,24.0,30.0,45.0,71.0,144.0,257.0,511.0,64.3157894736842,0.9551856594110115,0.9103107229417712,0.9743918053777209,0.9923175416133163,0.982256020278834,1.0,0.0,0.0,0.8661854164915143,0.9872611464968153,0.02329450915141431,0.9728859266849479,705.4908102798727,775,6,14,15,2,0,0,15.0,601,0.3630573248407643,0.3649167733674776,0.3612167300380228,285,496,504,789,781,17,2
legoassemble_003_legoassemble_aria02_rgb,0.596779167399445,0.9135314488515439,0.5451765374388331,0.596779167399445,0.596779167399445,0.596779167399445,0.596779167399445,0.596779167399445,0.596779167399445,0.596779167399445,0.596779167399445,0.596779167399445,0.5952894765375877,0.5944674611252536,0.591931908748465,0.5897872721703777,0.5830393324230159,0.575857633849392,0.5494136827748405,0.510584635024438,0.41903371010420354,0.16280057203578294,0.5549062205993874,0.9835766423357665,0.9835766423357665,0.9835766423357665,0.9835766423357665,0.9835766423357665,0.9835766423357665,0.9835766423357665,0.9835766423357665,0.9835766423357665,0.9763636363636363,0.9727767695099818,0.9656419529837251,0.9585585585585585,0.9410714285714286,0.9154185022026432,0.8581196581196581,0.7660438667749797,0.5799418604651163,0.197136563876652,0.8938559251814882,0.3620921434207833,0.3620921434207833,0.3620921434207833,0.3620921434207833,0.3620921434207833,0.3620921434207833,0.3620921434207833,0.3620921434207833,0.3620921434207833,0.3629483398175369,0.3632812515812022,0.36285020914010185,0.3628876121426076,0.3612211069549803,0.36225181560642367,0.3517637569120013,0.34031558874110335,0.3027704364414568,0.13444500469107126,0.3454507585692387,0.9889908256880734,0.9889908256880734,0.9889908256880734,0.9889908256880734,0.9889908256880734,0.9889908256880734,0.9889908256880734,0.9889908256880734,0.9889908256880734,0.9853211009174312,0.9834862385321101,0.9798165137614679,0.9761467889908257,0.9669724770642202,0.9532110091743119,0.9211009174311927,0.865137614678899,0.7321100917431193,0.3284403669724771,0.9259295026557219,0.9944649446494465,0.9944649446494465,0.9944649446494465,0.9944649446494465,0.9944649446494465,0.9944649446494465,0.9944649446494465,0.9944649446494465,0.9944649446494465,0.9907749077490775,0.988929889298893,0.985239852398524,0.981549815498155,0.9723247232472325,0.9584870848708487,0.9261992619926199,0.8699261992619927,0.7361623616236163,0.33025830258302585,0.9310545737036319,0.36249203953045495,0.36249203953045495,0.36249203953045495,0.36249203953045495,0.36249203953045495,0.36249203953045495,0.36249203953045495,0.36249203953045495,0.36249203953045495,0.3633660811639363,0.3637120736466499,0.3636266950031824,0.3638482108622822,0.3631929139132116,0.3647397028316994,0.3583772562638801,0.35211714732313915,0.3272975353395619,0.17266576779805382,0.350282723153668,0.9875860311530394,0.9875860311530394,0.9875860311530394,0.9875860311530394,0.9875860311530394,0.9875860311530394,0.9875860311530394,0.9875860311530394,0.9875860311530394,0.985891679835348,0.9842718532494689,0.9826919086858225,0.9792241028089108,0.971469000051927,0.960806379016971,0.933094672354516,0.888305777577795,0.7818833720373473,0.4037057535262958,0.9347167778695663,0.9135314488515439,0.9135314488515439,0.9135314488515439,0.9135314488515439,0.9135314488515439,0.9135314488515439,0.9135314488515439,0.9135314488515439,0.9135314488515439,0.915120153157482,0.9158130473343048,0.9170872518210854,0.9181573288032595,0.9204750029703348,0.9231940842600204,0.928312212775121,0.9347165988598672,0.9450921833324587,0.9646369820394943,0.9212835728956486,0.5984194247322564,0.5984194247322564,0.5984194247322564,0.5984194247322564,0.5984194247322564,0.5984194247322564,0.5984194247322564,0.5984194247322564,0.5984194247322564,0.5980139277351066,0.5977308019893519,0.5962605361226534,0.5951735691019509,0.5910083489766764,0.587624385751158,0.5692186919020558,0.5426046596570319,0.470809188525733,0.21013606705739937,0.5654923683899697,1078.0,1078.0,1078.0,1078.0,1078.0,1078.0,1078.0,1078.0,1078.0,1074.0,1072.0,1068.0,1064.0,1054.0,1039.0,1004.0,943.0,798.0,358.0,1009.2631578947369,12.0,12.0,12.0,12.0,12.0,12.0,12.0,12.0,12.0,16.0,18.0,22.0,26.0,36.0,51.0,86.0,147.0,292.0,732.0,80.73684210526316,6.0,6.0,6.0,6.0,6.0,6.0,6.0,6.0,6.0,10.0,12.0,16.0,20.0,30.0,45.0,80.0,141.0,286.0,726.0,74.73684210526316,0.9669724770642202,0.9130322203168834,0.9779816513761468,0.9862385321100917,0.9916974169741697,1.0,0.0,0.0,0.8812015016886694,0.9889604415823368,0.014975041597337771,0.9769915768384884,981.5096368406496,1075,15,9,12,2,0,0,10.0,601,0.5262189512419503,0.5247706422018349,0.5276752767527675,572,518,512,1084,1090,12,2
legoassemble_003_legoassemble_aria03_rgb,0.6263996699793236,0.9061608715274517,0.567618870872972,0.6263996699793236,0.6263996699793236,0.6263996699793236,0.6263996699793236,0.625278860451708,0.6241697962868185,0.6241697962868185,0.6212835731857173,0.6212835731857173,0.6182328742691017,0.6182328742691017,0.6141951020043461,0.6075710283701932,0.6034337635398813,0.5895855064036803,0.5729730098113641,0.5089560645159094,0.3712388623799846,0.14290164841447944,0.5720581585943217,0.9774305555555556,0.9774305555555556,0.9774305555555556,0.9774305555555556,0.9740034662045061,0.9705882352941176,0.9705882352941176,0.9671848013816926,0.9671848013816926,0.9570446735395189,0.9570446735395189,0.9436860068259386,0.933786078098472,0.9207419898819561,0.8826446280991735,0.840064620355412,0.7336377473363774,0.5227272727272727,0.19642857142857142,0.8761620012426611,0.40143675099985504,0.40143675099985504,0.40143675099985504,0.40143675099985504,0.4014088931852898,0.4013936295845081,0.4013936295845081,0.3990894788245158,0.3990894788245158,0.3993668189108336,0.3993668189108336,0.3997469715535474,0.395318117471319,0.3954770293756115,0.3938290205310429,0.39080097175548023,0.35308471592145707,0.26365238649618034,0.10396084933602072,0.37382767443500436,0.9894551845342706,0.9894551845342706,0.9894551845342706,0.9894551845342706,0.9876977152899824,0.9859402460456942,0.9859402460456942,0.984182776801406,0.984182776801406,0.9789103690685413,0.9789103690685413,0.9718804920913884,0.9666080843585237,0.9595782073813708,0.9384885764499121,0.9138840070298769,0.8471001757469244,0.687170474516696,0.3286467486818981,0.9187864212376282,0.987719298245614,0.987719298245614,0.987719298245614,0.987719298245614,0.9859649122807017,0.9842105263157894,0.9842105263157894,0.9824561403508771,0.9824561403508771,0.9771929824561404,0.9771929824561404,0.9701754385964912,0.9649122807017544,0.9578947368421052,0.9368421052631579,0.9122807017543859,0.8456140350877193,0.6859649122807018,0.3280701754385965,0.9171745152354572,0.40666298608628615,0.40666298608628615,0.40666298608628615,0.40666298608628615,0.4067080925894412,0.4067623625828936,0.4067623625828936,0.4051573747382996,0.4051573747382996,0.4056017150993334,0.4056017150993334,0.4061975154021689,0.4031927525385223,0.40359330243723307,0.40333718646052213,0.4021618193944783,0.37628673223976994,0.3057489356256413,0.13742147761188903,0.38454435070978227,0.987893802000561,0.987893802000561,0.987893802000561,0.987893802000561,0.9861163139164639,0.9843793976920914,0.9843793976920914,0.9826664876476907,0.9826664876476907,0.9774026947445932,0.9774026947445932,0.9706360910000191,0.9654868842255411,0.958908933245637,0.9393562668879254,0.9163723224296658,0.8531303279232356,0.6968080668950049,0.3661252196909291,0.9207059365466009,0.9061608715274517,0.9061608715274517,0.9061608715274517,0.9061608715274517,0.9074004484627922,0.9084894511877438,0.9084894511877438,0.9094160901180911,0.9094160901180911,0.911773039638224,0.911773039638224,0.9141992693768358,0.9157563619561269,0.9174797038004506,0.9216626819833631,0.9255249260006211,0.9329864966068766,0.9455126075355642,0.9647656051449556,0.9173309867823952,0.6302409654563876,0.6302409654563876,0.6302409654563876,0.6302409654563876,0.6296591512049923,0.6290867459370958,0.6290867459370958,0.6267192285718843,0.6267192285718843,0.6252554038900691,0.6252554038900691,0.6233027221386923,0.618156685833915,0.616028521181251,0.6079506861932484,0.5976175683654791,0.5468986422643771,0.42564555152854533,0.18484154058136357,0.5859572467323954,563.0,563.0,563.0,563.0,562.0,561.0,561.0,560.0,560.0,557.0,557.0,553.0,550.0,546.0,534.0,520.0,482.0,391.0,187.0,522.7894736842105,6.0,6.0,6.0,6.0,7.0,8.0,8.0,9.0,9.0,12.0,12.0,16.0,19.0,23.0,35.0,49.0,87.0,178.0,382.0,46.21052631578947,7.0,7.0,7.0,7.0,8.0,9.0,9.0,10.0,10.0,13.0,13.0,17.0,20.0,24.0,36.0,50.0,88.0,179.0,383.0,47.21052631578947,0.9437609841827768,0.911773039638224,0.9560632688927944,0.9789103690685413,0.9771929824561404,1.0,0.0,0.0,0.8573946978532351,0.9780509218612818,0.021630615640599003,0.954578035079061,507.85758307849073,557,12,13,7,2,0,0,7.0,601,0.5583845478489904,0.5588752196836555,0.5578947368421052,318,251,252,570,569,9,2
legoassemble_004_legoassemble_aria01_rgb,0.5517631025084405,0.9080545345432337,0.5010309872264325,0.5517631025084405,0.5517631025084405,0.5517631025084405,0.5517631025084405,0.5517631025084405,0.5517631025084405,0.5490723383387354,0.543742697807519,0.540835321942385,0.5372547960001995,0.5362629862677795,0.5307434406831579,0.5239675182669009,0.51933633829354,0.5090973186785273,0.4911387559144605,0.4630952059170826,0.4013408452164991,0.21311530667439424,0.5089253413185171,0.9654017857142857,0.9654017857142857,0.9654017857142857,0.9654017857142857,0.9654017857142857,0.9654017857142857,0.9566666666666667,0.9415656008820287,0.9330406147091108,0.9224890829694323,0.9183006535947712,0.9037837837837838,0.8894849785407726,0.87940234791889,0.8536842105263158,0.8024564994882293,0.7298624754420432,0.5779569892473119,0.2678185745140389,0.861522273293111,0.3153531781220889,0.3153531781220889,0.3153531781220889,0.3153531781220889,0.3153531781220889,0.3153531781220889,0.31513634083146347,0.314004803427438,0.31349422613474903,0.31289553573479034,0.3131632209071032,0.31167697947497847,0.30865272244301384,0.3066971937366471,0.3036018198414088,0.30059857165471465,0.29383229986374976,0.2786962992676415,0.16958545172355216,0.3017976070407255,0.9730033745781778,0.9730033745781778,0.9730033745781778,0.9730033745781778,0.9730033745781778,0.9730033745781778,0.968503937007874,0.9606299212598425,0.9561304836895388,0.9505061867266592,0.9482564679415073,0.9403824521934758,0.9325084364454443,0.9268841394825647,0.9122609673790776,0.8818897637795275,0.8357705286839145,0.7255343082114736,0.4184476940382452,0.9050381860162218,0.9919724770642202,0.9919724770642202,0.9919724770642202,0.9919724770642202,0.9919724770642202,0.9919724770642202,0.9873853211009175,0.9793577981651376,0.9747706422018348,0.9690366972477065,0.966743119266055,0.9587155963302753,0.9506880733944955,0.944954128440367,0.930045871559633,0.8990825688073395,0.8520642201834863,0.7396788990825688,0.42660550458715596,0.922682279092226,0.31675674695751665,0.31675674695751665,0.31675674695751665,0.31675674695751665,0.31675674695751665,0.31675674695751665,0.3166852676238845,0.31582203211260484,0.31542590049901714,0.3151591122739235,0.31545130471110955,0.314329122643018,0.3121627010583569,0.3108403049891431,0.3089724767734144,0.30763578117622364,0.303881090693949,0.2956310396365158,0.2035371368549078,0.307161776462693,0.9711639079781893,0.9711639079781893,0.9711639079781893,0.9711639079781893,0.9711639079781893,0.9711639079781893,0.9680433819160339,0.9614444814096287,0.9580598800566973,0.95749878376081,0.9566802256952287,0.9512076361454335,0.9437965436994906,0.9378389877878092,0.9233523196970556,0.898761625183649,0.8592978369686739,0.7716482574915,0.5021018773820134,0.9166692255296399,0.9080545345432337,0.9080545345432337,0.9080545345432337,0.9080545345432337,0.9080545345432337,0.9080545345432337,0.9107445481922396,0.9151596392171094,0.9174564672319786,0.9200185175115173,0.9209473121260522,0.9238429080950569,0.9263460188440437,0.9278474249800998,0.9311686234016996,0.9363652254717849,0.942432791442207,0.9522141493058861,0.9682376838632483,0.9232162377338065,0.553931138767939,0.553931138767939,0.553931138767939,0.553931138767939,0.553931138767939,0.553931138767939,0.5524588552910774,0.5492198190084842,0.5474864254646824,0.545352310451758,0.5449394918213908,0.541383008831027,0.5364897646833204,0.5331723590906693,0.5262737784334044,0.5148735799679759,0.49555663309205805,0.44967068693683615,0.26638814015671675,0.5224658782019492,865.0,865.0,865.0,865.0,865.0,865.0,861.0,854.0,850.0,845.0,843.0,836.0,829.0,824.0,811.0,784.0,743.0,645.0,372.0,804.578947368421,24.0,24.0,24.0,24.0,24.0,24.0,28.0,35.0,39.0,44.0,46.0,53.0,60.0,65.0,78.0,105.0,146.0,244.0,517.0,84.42105263157895,7.0,7.0,7.0,7.0,7.0,7.0,11.0,18.0,22.0,27.0,29.0,36.0,43.0,48.0,61.0,88.0,129.0,227.0,500.0,67.42105263157895,0.9448818897637795,0.9210504312196384,0.9583802024746907,0.96962879640045,0.9885321100917431,1.0,0.0,0.0,0.868330114410943,0.9789892106757524,0.016638935108153077,0.9571662753137822,793.9454717113283,862,27,10,12,2,0,0,9.0,601,0.49290176036342986,0.4881889763779528,0.49770642201834864,434,455,438,872,889,14,2
legoassemble_004_legoassemble_aria02_rgb,0.8705683577250927,0.9282438807451157,0.808099750828642,0.8705683577250927,0.8705683577250927,0.8705683577250927,0.8705683577250927,0.8705683577250927,0.8705683577250927,0.8705683577250927,0.8705683577250927,0.8705683577250927,0.8700033537713853,0.8683290250153485,0.8660353591860569,0.8556140302983375,0.8470276337639084,0.835389023226559,0.8135537878152177,0.7626174858788944,0.6505910717451074,0.2757875696676125,0.8147401873628559,0.9962121212121212,0.9962121212121212,0.9962121212121212,0.9962121212121212,0.9962121212121212,0.9962121212121212,0.9962121212121212,0.9962121212121212,0.9962121212121212,0.9943235572374646,0.9886792452830189,0.9849340866290018,0.9737827715355806,0.9645852749301025,0.9428571428571428,0.9094202898550725,0.8378378378378378,0.7082658022690438,0.28772144166157604,0.9241219232107859,0.7607709737058993,0.7607709737058993,0.7607709737058993,0.7607709737058993,0.7607709737058993,0.7607709737058993,0.7607709737058993,0.7607709737058993,0.7607709737058993,0.7612268964806329,0.7626288296041526,0.7614897824559035,0.7517850903122242,0.7437971851806211,0.7401702637715106,0.7277930491016045,0.694150351658874,0.5976128471520689,0.26434868094617064,0.7185232494745714,0.9981024667931688,0.9981024667931688,0.9981024667931688,0.9981024667931688,0.9981024667931688,0.9981024667931688,0.9981024667931688,0.9981024667931688,0.9981024667931688,0.9971537001897534,0.9943074003795066,0.9924098671726755,0.9867172675521821,0.9819734345351043,0.9705882352941176,0.952561669829222,0.9117647058823529,0.8292220113851992,0.4468690702087287,0.9498152401877558,0.9981024667931688,0.9981024667931688,0.9981024667931688,0.9981024667931688,0.9981024667931688,0.9981024667931688,0.9981024667931688,0.9981024667931688,0.9981024667931688,0.9971537001897534,0.9943074003795066,0.9924098671726755,0.9867172675521821,0.9819734345351043,0.9705882352941176,0.952561669829222,0.9117647058823529,0.8292220113851992,0.4468690702087287,0.9498152401877558,0.7615002188853008,0.7615002188853008,0.7615002188853008,0.7615002188853008,0.7615002188853008,0.7615002188853008,0.7615002188853008,0.7615002188853008,0.7615002188853008,0.761972683185816,0.7634182955091902,0.7629963353833812,0.757477906101347,0.7528884043745204,0.7526813637399346,0.7473930710554629,0.7308127351247411,0.6693276226834115,0.3815582925076825,0.7333699305070103,0.9981150184984169,0.9981150184984169,0.9981150184984169,0.9981150184984169,0.9981150184984169,0.9981150184984169,0.9981150184984169,0.9981150184984169,0.9981150184984169,0.9972037270289185,0.9946278059511499,0.9928621516308274,0.9871151857912871,0.9823334671176638,0.9721482911186206,0.9561984920575917,0.9227835036050583,0.8434265967553447,0.46527472531227754,0.9524741638344466,0.9282438807451157,0.9282438807451157,0.9282438807451157,0.9282438807451157,0.9282438807451157,0.9282438807451157,0.9282438807451157,0.9282438807451157,0.9282438807451157,0.9286847949360003,0.9298210064818937,0.9304928832818747,0.9322297902375938,0.9334373881182287,0.9359022492265022,0.9388429582155385,0.943908351398643,0.9503328922963875,0.96716154062266,0.9339478306063875,0.8713939324556369,0.8713939324556369,0.8713939324556369,0.8713939324556369,0.8713939324556369,0.8713939324556369,0.8713939324556369,0.8713939324556369,0.8713939324556369,0.871240619180273,0.8707970423802384,0.8693158078974595,0.8612777311061446,0.8546280340179331,0.8475851285453114,0.8326270246288703,0.7955512499005862,0.7039557707307145,0.34369935883751535,0.8259591136487252,1052.0,1052.0,1052.0,1052.0,1052.0,1052.0,1052.0,1052.0,1052.0,1051.0,1048.0,1046.0,1040.0,1035.0,1023.0,1004.0,961.0,874.0,471.0,1001.1052631578947,2.0,2.0,2.0,2.0,2.0,2.0,2.0,2.0,2.0,3.0,6.0,8.0,14.0,19.0,31.0,50.0,93.0,180.0,583.0,52.89473684210526,2.0,2.0,2.0,2.0,2.0,2.0,2.0,2.0,2.0,3.0,6.0,8.0,14.0,19.0,31.0,50.0,93.0,180.0,583.0,52.89473684210526,0.99146110056926,0.9286847949360003,0.9943074003795066,0.9971537001897534,0.9971537001897534,1.0,0.0,0.0,0.9203488799599017,0.9971537001897534,0.004991680532445923,0.993854723667249,976.0477194777363,1051,3,3,3,2,0,0,3.0,601,0.8633776091081594,0.8633776091081594,0.8633776091081594,910,144,144,1054,1054,5,2
legoassemble_005_legoassemble_aria01_rgb,0.6831106613901202,0.8780699904710058,0.5998189719374653,0.6831106613901202,0.6831106613901202,0.6831106613901202,0.6831106613901202,0.6831106613901202,0.6831106613901202,0.6806763728507158,0.6754785766920044,0.67131136092606,0.6649591644942601,0.6608330453149798,0.6537823514637751,0.6434270895250084,0.628357487008496,0.5892094152755754,0.5354023394509446,0.4578813999532239,0.3418243604153881,0.1574092472973765,0.603116641000449,0.9621848739495799,0.9621848739495799,0.9621848739495799,0.9621848739495799,0.9621848739495799,0.9621848739495799,0.9594405594405594,0.9458333333333333,0.9270976616231087,0.9139344262295082,0.9035326086956522,0.8906882591093117,0.863031914893617,0.8385826771653543,0.7756653992395437,0.6981818181818182,0.5741573033707865,0.38438735177865613,0.16652789342214822,0.821798444746362,0.4849797459290554,0.4849797459290554,0.4849797459290554,0.4849797459290554,0.4849797459290554,0.4849797459290554,0.48290675227172425,0.48240138245271136,0.4860965160017893,0.4838100828186399,0.48332546006357713,0.4798888485550876,0.47970232895229054,0.4708338750977774,0.4475740897940606,0.4105745203105455,0.3651531996410578,0.3039743447143183,0.1487899151640334,0.4439426206006288,0.9662447257383966,0.9662447257383966,0.9662447257383966,0.9662447257383966,0.9662447257383966,0.9662447257383966,0.9648382559774965,0.9578059071729957,0.9479606188466948,0.9409282700421941,0.9353023909985936,0.9282700421940928,0.9127988748241913,0.8987341772151899,0.8607594936708861,0.810126582278481,0.7187060478199718,0.5471167369901547,0.2812939521800281,0.8685320897179657,0.9956521739130435,0.9956521739130435,0.9956521739130435,0.9956521739130435,0.9956521739130435,0.9956521739130435,0.9942028985507246,0.9869565217391304,0.9768115942028985,0.9695652173913043,0.9637681159420289,0.9565217391304348,0.9405797101449276,0.9260869565217391,0.8869565217391304,0.8347826086956521,0.7405797101449275,0.563768115942029,0.2898550724637681,0.8949656750572083,0.48516751696284294,0.48516751696284294,0.48516751696284294,0.48516751696284294,0.48516751696284294,0.48516751696284294,0.4838165598166647,0.4841012371789999,0.4878752422539063,0.4867094395119863,0.4867877867540053,0.4848387598708523,0.4861349290648045,0.4808360615522802,0.4667342308958006,0.4403562506933548,0.40595963123087814,0.35593406468498456,0.2025566966195978,0.45598136799500905,0.985286560275485,0.985286560275485,0.985286560275485,0.985286560275485,0.985286560275485,0.985286560275485,0.9838129713219864,0.9795378817002367,0.9763426645808898,0.969800732951964,0.9649439808352375,0.9579948445903772,0.9461896178824704,0.9340740288849367,0.9082542268970397,0.8623787013720173,0.7852152723521951,0.6587782167695502,0.3976622673353429,0.9071949878487976,0.8780699904710058,0.8780699904710058,0.8780699904710058,0.8780699904710058,0.8780699904710058,0.8780699904710058,0.8788775314935019,0.8825830136913707,0.8873457798822724,0.8904264713363068,0.8925903353366907,0.894990171421314,0.8996420759451643,0.9031352086408468,0.9107874526521242,0.9193396190059099,0.9312441813569142,0.9482676994190775,0.9659495738240325,0.8986104766753453,0.6845503061089794,0.6845503061089794,0.6845503061089794,0.6845503061089794,0.6845503061089794,0.6845503061089794,0.6825883889003733,0.679740313459211,0.6788227707791471,0.6747077769342174,0.6723506960121027,0.6674327244724413,0.6617187817481041,0.6505032631286645,0.6206880431515845,0.5767298612953979,0.5122868463691429,0.4078105584812859,0.20458177651252824,0.6209086125209514,687.0,687.0,687.0,687.0,687.0,687.0,686.0,681.0,674.0,669.0,665.0,660.0,649.0,639.0,612.0,576.0,511.0,389.0,200.0,617.5263157894736,24.0,24.0,24.0,24.0,24.0,24.0,25.0,30.0,37.0,42.0,46.0,51.0,62.0,72.0,99.0,135.0,200.0,322.0,511.0,93.47368421052632,3.0,3.0,3.0,3.0,3.0,3.0,4.0,9.0,16.0,21.0,25.0,30.0,41.0,51.0,78.0,114.0,179.0,301.0,490.0,72.47368421052632,0.9212376933895922,0.8888460523665888,0.9423347398030942,0.9563994374120957,0.9855072463768116,1.0,0.0,0.0,0.8149301204068641,0.9707351891506067,0.026954177897574125,0.9406806030111734,604.4153156092804,680,31,10,15,2,0,0,13.0,371,0.6595289079229122,0.6497890295358649,0.6695652173913044,462,249,228,690,711,13,2
legoassemble_005_legoassemble_aria03_rgb,0.6089028141085994,0.8974400714665813,0.5464537850098239,0.6089028141085994,0.6083840752969882,0.6083840752969882,0.6083840752969882,0.6067280905750766,0.6067280905750766,0.6067280905750766,0.6067280905750766,0.6067280905750766,0.6026503085517787,0.6000548684787692,0.5828741748088961,0.5755692942309274,0.5687966486597187,0.5566298444595409,0.5388602215025264,0.468353290041575,0.3489183612320453,0.1362476068054526,0.549823690086641,0.9137055837563451,0.910472972972973,0.910472972972973,0.910472972972973,0.9072512647554806,0.9072512647554806,0.9072512647554806,0.9072512647554806,0.9072512647554806,0.9008403361344538,0.8944723618090452,0.8601973684210527,0.851063829787234,0.8390243902439024,0.8125,0.7727272727272727,0.6415094339622641,0.4444444444444444,0.17080745341614906,0.8088930377578151,0.40577910830436775,0.4065262715777051,0.4065262715777051,0.4065262715777051,0.40575195669977115,0.40575195669977115,0.40575195669977115,0.40575195669977115,0.40575195669977115,0.40316511131818034,0.40254552354960416,0.39495854803970204,0.3892540146422483,0.38560217234266353,0.3813375799914494,0.3757733789994436,0.34193543022107903,0.2739240513109261,0.10868032974524824,0.3742786235103623,0.9326424870466321,0.9309153713298791,0.9309153713298791,0.9309153713298791,0.9291882556131261,0.9291882556131261,0.9291882556131261,0.9291882556131261,0.9291882556131261,0.92573402417962,0.9222797927461139,0.9032815198618307,0.8981001727115717,0.8911917098445595,0.8756476683937824,0.8514680483592401,0.7633851468048359,0.6010362694300518,0.2849740932642487,0.8572857012998818,0.9782608695652174,0.9764492753623188,0.9764492753623188,0.9764492753623188,0.9746376811594203,0.9746376811594203,0.9746376811594203,0.9746376811594203,0.9746376811594203,0.9710144927536232,0.967391304347826,0.947463768115942,0.9420289855072463,0.9347826086956522,0.9184782608695652,0.8931159420289855,0.8007246376811594,0.6304347826086957,0.29891304347826086,0.8992181540808545,0.4128690255251621,0.41362929009987837,0.41362929009987837,0.41362929009987837,0.4130499604495523,0.4130499604495523,0.4130499604495523,0.4130499604495523,0.4130499604495523,0.4111592771436933,0.4108399359188814,0.40605869994765137,0.40199199765376237,0.39941670466636264,0.39680257083474774,0.3933051095879716,0.3690589089666368,0.3170547124767319,0.14338218789199184,0.38779351595584155,0.9416410582176417,0.9429242512755593,0.9429242512755593,0.9429242512755593,0.9412908290170444,0.9412908290170444,0.9412908290170444,0.9412908290170444,0.9412908290170444,0.9377206859463075,0.9374092061382522,0.924791820421656,0.9191583080871223,0.9120629087127049,0.9025528328338821,0.8853837524639876,0.8078442029461157,0.682892681750795,0.3619952467003021,0.881509452796351,0.8974400714665813,0.8989471697097651,0.8989471697097651,0.8989471697097651,0.9001637556605149,0.9001637556605149,0.9001637556605149,0.9001637556605149,0.9001637556605149,0.901684096397952,0.9030739679478605,0.9098733009315666,0.911586881312379,0.9134217700502777,0.9167517659485086,0.920844859590409,0.9314177454360142,0.9455952719496471,0.9668677234544739,0.9113798811535547,0.6151803286521361,0.6151760358312981,0.6151760358312981,0.6151760358312981,0.614019505274444,0.614019505274444,0.614019505274444,0.614019505274444,0.614019505274444,0.6109203392500561,0.6093107598181775,0.5972928574457624,0.5912606005636397,0.5862128105814771,0.5778558321851914,0.5656492072318438,0.510909413298574,0.4057564416088611,0.17598601769689454,0.5664189601157226,540.0,539.0,539.0,539.0,538.0,538.0,538.0,538.0,538.0,536.0,534.0,523.0,520.0,516.0,507.0,493.0,442.0,348.0,165.0,496.36842105263156,39.0,40.0,40.0,40.0,41.0,41.0,41.0,41.0,41.0,43.0,45.0,56.0,59.0,63.0,72.0,86.0,137.0,231.0,414.0,82.63157894736842,12.0,13.0,13.0,13.0,14.0,14.0,14.0,14.0,14.0,16.0,18.0,29.0,32.0,36.0,45.0,59.0,110.0,204.0,387.0,55.63157894736842,0.8860103626943006,0.9009939092429662,0.9015544041450777,0.927461139896373,0.9728260869565217,1.0,0.0,0.0,0.7941860609040982,0.9496021220159151,0.04043126684636118,0.8999063169094313,483.83372926347283,537,42,15,9,2,0,0,6.0,371,0.5428824049513705,0.5302245250431779,0.5561594202898551,307,272,245,552,579,10,2
tagging_001_tagging_aria01_rgb,0.38081676249735047,0.8948807031392161,0.34078557219082883,0.38081676249735047,0.38081676249735047,0.38081676249735047,0.38081676249735047,0.3803901467966557,0.3803901467966557,0.3799519865870268,0.37982574881185727,0.3795454067559836,0.3795454067559836,0.37766699618483973,0.370871789883266,0.36284992579606246,0.35438853124926,0.34265463507599003,0.32329406575605896,0.2960162363806295,0.22858446710485822,0.10664468587726281,0.34557301188430484,0.9500320307495196,0.9500320307495196,0.9500320307495196,0.9500320307495196,0.9487836107554417,0.9487836107554417,0.9462915601023018,0.9450479233226837,0.9425654116145501,0.9425654116145501,0.9339263024142312,0.9084639498432602,0.8778531770512029,0.8448484848484848,0.7990543735224587,0.7354618015963512,0.6561479869423286,0.47053140096618357,0.1821359223300971,0.8359257395093499,0.15264896540861897,0.15264896540861897,0.15264896540861897,0.15264896540861897,0.15250754981398837,0.15250754981398837,0.15255711685288761,0.1526563848246544,0.15283259285189466,0.15283259285189466,0.15272335690575395,0.1514048901499598,0.14997960033871205,0.14865533090650124,0.14693893535864597,0.14211350300752523,0.1335455018452331,0.1110464859397709,0.0624428661867583,0.14343895364645495,0.9617380025940337,0.9617380025940337,0.9617380025940337,0.9617380025940337,0.9610894941634242,0.9610894941634242,0.959792477302205,0.9591439688715954,0.9578469520103762,0.9578469520103762,0.953307392996109,0.9396887159533074,0.9228274967574579,0.9040207522697795,0.8767833981841764,0.8365758754863813,0.7821011673151751,0.6316472114137484,0.3041504539559014,0.8818349375383986,0.9873501997336884,0.9873501997336884,0.9873501997336884,0.9873501997336884,0.9866844207723036,0.9866844207723036,0.9853528628495339,0.9846870838881492,0.9833555259653795,0.9833555259653795,0.9786950732356857,0.9647137150466045,0.9474034620505992,0.9280958721704394,0.9001331557922769,0.8588548601864181,0.8029294274300932,0.6484687083888149,0.3122503328894807,0.905319223491485,0.1540553776997704,0.1540553776997704,0.1540553776997704,0.1540553776997704,0.15393354729970765,0.15393354729970765,0.15399238399363685,0.1540926248633639,0.15427100658480752,0.15427100658480752,0.1542348290550475,0.1531685771588164,0.1519804602865758,0.1508816699926922,0.14936253167051722,0.1452723687184181,0.13801672692161612,0.11796682051898488,0.07049755141075413,0.14589985069255448,0.9282136459733156,0.9282136459733156,0.9282136459733156,0.9282136459733156,0.9274981110761071,0.9274981110761071,0.9265676065930052,0.9261798903026691,0.9251320634784345,0.9251320634784345,0.9215149027705553,0.9085012618938231,0.8944802370929924,0.8821344333086721,0.867483238433025,0.8350922701325474,0.7882177340831645,0.6527137473556142,0.3759737250982216,0.8629986305298228,0.8948807031392161,0.8948807031392161,0.8948807031392161,0.8948807031392161,0.8953297335411302,0.8953297335411302,0.8961126910688979,0.8964751331068972,0.8971054622181014,0.8971054622181014,0.8988798178924075,0.9035002979038851,0.9086608683317393,0.9134517962942704,0.9192864042449815,0.9262485483225131,0.9331447146286868,0.9463913002537833,0.9657143846954692,0.9090662716220453,0.38315572694419037,0.38315572694419037,0.38315572694419037,0.38315572694419037,0.38284906152011045,0.38284906152011045,0.38265281014820074,0.382647946308756,0.38260976625150345,0.38260976625150345,0.38156559753394775,0.3771915518858652,0.37202862678194215,0.36658901248538295,0.3589340037796902,0.3448024480727434,0.32318120750261403,0.2648437335130894,0.13781156009932602,0.3555678453385025,1483.0,1483.0,1483.0,1483.0,1482.0,1482.0,1480.0,1479.0,1477.0,1477.0,1470.0,1449.0,1423.0,1394.0,1352.0,1290.0,1206.0,974.0,469.0,1359.7894736842106,59.0,59.0,59.0,59.0,60.0,60.0,62.0,63.0,65.0,65.0,72.0,93.0,119.0,148.0,190.0,252.0,336.0,568.0,1073.0,182.21052631578948,19.0,19.0,19.0,19.0,20.0,20.0,22.0,23.0,25.0,25.0,32.0,53.0,79.0,108.0,150.0,212.0,296.0,528.0,1033.0,142.21052631578948,0.9195849546044098,0.8979366675665131,0.9416342412451362,0.9578469520103762,0.9833555259653795,1.0,0.0,0.0,0.8218239027209727,0.9704336399474376,0.04159733777038269,0.9406410642561335,1326.2524579957399,1477,65,25,34,3,0,0,30.0,601,0.21681997371879105,0.2140077821011673,0.2197070572569907,330,1212,1172,1502,1542,35,3
tagging_001_tagging_aria02_rgb,0.5202545439616064,0.9066851235143475,0.47170705545072966,0.5202545439616064,0.5202545439616064,0.51926851534184,0.51926851534184,0.51926851534184,0.5182874930165714,0.5182874930165714,0.5182874930165714,0.5171927028088548,0.5160351381545052,0.5145093824897866,0.509916212423716,0.5067717920054593,0.4972197163195743,0.48440127708661673,0.4633520518653318,0.42819335927852087,0.33665406704961515,0.14344108717727966,0.4774138894556687,0.9776021080368906,0.9776021080368906,0.9763001974983542,0.9763001974983542,0.9763001974983542,0.975,0.975,0.975,0.9711096520026264,0.9685245901639344,0.9646596858638743,0.9544270833333334,0.9468223086900129,0.9218950064020487,0.8833124215809285,0.8293723339427178,0.733256351039261,0.5269582909460834,0.17403206883066094,0.8780776105981225,0.2768660053896747,0.2768660053896747,0.2761853287710446,0.2761853287710446,0.2761853287710446,0.27550966709477187,0.27550966709477187,0.27550966709477187,0.27544602330654716,0.27494631165231026,0.27441792017353656,0.2724299721089728,0.2712416541259442,0.2681731049415179,0.2656416818221403,0.258864583711375,0.25004836667334546,0.21507577128650382,0.11822732229093047,0.2607015637089433,0.9906542056074766,0.9906542056074766,0.9899866488651535,0.9899866488651535,0.9899866488651535,0.9893190921228304,0.9893190921228304,0.9893190921228304,0.9873164218958611,0.985981308411215,0.9839786381842457,0.9786381842456608,0.9746328437917223,0.9612817089452603,0.9399198931909212,0.9085447263017357,0.8477970627503337,0.6915887850467289,0.2970627503337784,0.9197877872250722,0.9867021276595744,0.9867021276595744,0.9860372340425532,0.9860372340425532,0.9860372340425532,0.9853723404255319,0.9853723404255319,0.9853723404255319,0.9833776595744681,0.9820478723404256,0.9800531914893617,0.9747340425531915,0.9707446808510638,0.9574468085106383,0.9361702127659575,0.9049202127659575,0.8444148936170213,0.6888297872340425,0.2958776595744681,0.9161184210526315,0.2773280472393593,0.2773280472393593,0.276823820349368,0.276823820349368,0.276823820349368,0.27632151825700213,0.27632151825700213,0.27632151825700213,0.27629779226324414,0.27596947442099995,0.2755804857393688,0.2741246822574112,0.2732311147468019,0.27110317513543314,0.26940796371239917,0.2642347569583236,0.25784346452367785,0.22999915635984888,0.143776681181538,0.2645084661893092,0.9872885592064037,0.9872885592064037,0.9866082139317595,0.9866082139317595,0.9866082139317595,0.9859320239246206,0.9859320239246206,0.9859320239246206,0.9840311214922632,0.9829582918809139,0.9809387607878777,0.9761454651765564,0.9724391887124748,0.9606973223317248,0.9439692533007764,0.9177113602432275,0.8708338368010948,0.7363029931485856,0.3897636826391975,0.9267362688682441,0.9066851235143475,0.9066851235143475,0.9072123246567309,0.9072123246567309,0.9072123246567309,0.9076453278216129,0.9076453278216129,0.9076453278216129,0.9086404789267174,0.9092248988463354,0.9100066379361423,0.9118132632457927,0.912937504380096,0.9162294820744242,0.9205828982827129,0.925514965066631,0.9323978808434776,0.9441183173458446,0.9652807872429034,0.9165626483502528,0.5237160228874266,0.5237160228874266,0.5228955804898021,0.5228955804898021,0.5228955804898021,0.5220794706950876,0.5220794706950876,0.5220794706950876,0.5214905388944886,0.520664886568878,0.5196358064892271,0.5163432707403295,0.514160504818816,0.5077301454624681,0.49968179995405354,0.4849639701640359,0.46042401198371563,0.38567342578536745,0.18740579906807,0.4895016504873143,1484.0,1484.0,1483.0,1483.0,1483.0,1482.0,1482.0,1482.0,1479.0,1477.0,1474.0,1466.0,1460.0,1440.0,1408.0,1361.0,1270.0,1036.0,445.0,1377.842105263158,14.0,14.0,15.0,15.0,15.0,16.0,16.0,16.0,19.0,21.0,24.0,32.0,38.0,58.0,90.0,137.0,228.0,462.0,1053.0,120.15789473684211,20.0,20.0,21.0,21.0,21.0,22.0,22.0,22.0,25.0,27.0,30.0,38.0,44.0,64.0,96.0,143.0,234.0,468.0,1059.0,126.15789473684211,0.9532710280373832,0.9092248988463354,0.9679572763684913,0.985981308411215,0.9820478723404256,1.0,0.0,0.0,0.8637684750307326,0.9840106595602931,0.04492512479201331,0.967061133056861,1342.9251755960374,1477,21,27,22,3,0,0,22.0,601,0.42504996668887407,0.4259012016021362,0.4242021276595745,638,860,866,1504,1498,23,3
tagging_001_tagging_aria03_rgb,0.46966771471489,0.8896012423766245,0.4178169825145562,0.46966771471489,0.46966771471489,0.46966771471489,0.46966771471489,0.46966771471489,0.46966771471489,0.46966771471489,0.46966771471489,0.4678769632552652,0.4662813299357176,0.4631167880815035,0.46022426588857746,0.4586293115913512,0.44605405471183535,0.4228850025205682,0.38157539875470986,0.31701275731489126,0.2246205326217251,0.07718036613319583,0.4180420257120242,0.9912568306010929,0.9912568306010929,0.9912568306010929,0.9912568306010929,0.9912568306010929,0.9912568306010929,0.9912568306010929,0.9912568306010929,0.9847494553376906,0.9782844733984799,0.9718614718614719,0.9654800431499461,0.961248654467169,0.928042328042328,0.8706365503080082,0.7655038759689923,0.6195555555555555,0.4069498069498069,0.1260815822002472,0.8688657074762335,0.2225334095420498,0.2225334095420498,0.2225334095420498,0.2225334095420498,0.2225334095420498,0.2225334095420498,0.2225334095420498,0.2225334095420498,0.22229903409278906,0.22224443355553655,0.220686965799895,0.2193793402726865,0.21882043160554646,0.2143913200000014,0.2054034203980467,0.19020123804143033,0.16220835629546473,0.12398183464795329,0.04724567071971977,0.20142785904028782,0.9912568306010929,0.9912568306010929,0.9912568306010929,0.9912568306010929,0.9912568306010929,0.9912568306010929,0.9912568306010929,0.9912568306010929,0.9879781420765027,0.9846994535519126,0.9814207650273225,0.9781420765027322,0.9759562841530055,0.9584699453551913,0.926775956284153,0.8633879781420765,0.7617486338797814,0.5759562841530055,0.22295081967213115,0.9025021570319243,1.0,1.0,1.0,1.0,1.0,1.0,1.0,1.0,0.9966923925027563,0.9933847850055126,0.9900771775082691,0.9867695700110254,0.9845644983461963,0.9669239250275634,0.9349503858875413,0.8710033076074972,0.7684674751929438,0.5810363836824697,0.2249173098125689,0.9104624847675971,0.2225334095420498,0.2225334095420498,0.2225334095420498,0.2225334095420498,0.2225334095420498,0.2225334095420498,0.2225334095420498,0.2225334095420498,0.22236371186936185,0.2223846989413112,0.22113970767942248,0.22009517152023927,0.2196588925639079,0.21629391230679387,0.20908481382676802,0.1969324567230939,0.1722873297572686,0.13708157807966437,0.05456439001616179,0.20379757576949428,1.0,1.0,1.0,1.0,1.0,1.0,1.0,1.0,0.996798648518661,0.9936864970215594,0.990397290413514,0.9871986995379185,0.9850802321579198,0.9692289851852733,0.9435505389889792,0.8943596696489771,0.8179987401389819,0.6713113027841485,0.36262594126537906,0.9269598181927006,0.8896012423766245,0.8896012423766245,0.8896012423766245,0.8896012423766245,0.8896012423766245,0.8896012423766245,0.8896012423766245,0.8896012423766245,0.8910783445408671,0.8924500640168039,0.8936134589029889,0.8946703139163036,0.8952490105592898,0.8991893758333005,0.9049981989695911,0.9143405321411332,0.9262751784063723,0.9420540186070766,0.9647573234391766,0.9018676714918895,0.46966771471489,0.46966771471489,0.46966771471489,0.46966771471489,0.46966771471489,0.46966771471489,0.46966771471489,0.46966771471489,0.46864334700110155,0.46780762314982766,0.46538883829212263,0.46323229964686724,0.4621246318110581,0.4533074417710663,0.4363060294832466,0.4052375381831135,0.3515138600566912,0.26722297204078005,0.10263265081308741,0.4263557342088464,907.0,907.0,907.0,907.0,907.0,907.0,907.0,907.0,904.0,901.0,898.0,895.0,893.0,877.0,848.0,790.0,697.0,527.0,204.0,825.7894736842105,8.0,8.0,8.0,8.0,8.0,8.0,8.0,8.0,11.0,14.0,17.0,20.0,22.0,38.0,67.0,125.0,218.0,388.0,711.0,89.21052631578948,0.0,0.0,0.0,0.0,0.0,0.0,0.0,0.0,3.0,6.0,9.0,12.0,14.0,30.0,59.0,117.0,210.0,380.0,703.0,81.21052631578948,0.9551912568306011,0.8924500640168039,0.9781420765027322,0.9846994535519126,0.9933847850055126,1.0,0.0,0.0,0.8492868936384047,0.9890230515916575,0.009983361064891847,0.9766970280931869,804.0975076791403,901,14,6,21,3,0,0,21.0,601,0.3787047200878156,0.3770491803278688,0.38037486218302097,345,570,562,907,915,24,3
tagging_001_tagging_aria04_rgb,0.4684126554662936,0.882297133127891,0.4132791430387334,0.4684126554662936,0.4684126554662936,0.4684126554662936,0.4684126554662936,0.46821747830858246,0.46821747830858246,0.46821747830858246,0.46821747830858246,0.4675782407439386,0.4663998209921768,0.4631672384236476,0.45481133601676355,0.4490822641074423,0.43722132122270974,0.4172730869012503,0.38327956896103416,0.3205211167770624,0.21929617451181083,0.061943381249208604,0.41511021500034473,0.9841726618705036,0.9841726618705036,0.9841726618705036,0.9841726618705036,0.98274622573688,0.98274622573688,0.98274622573688,0.98274622573688,0.9798994974874372,0.9756446991404012,0.9671897289586305,0.9422535211267605,0.9246336357292394,0.89553264604811,0.8448160535117056,0.7522236340533672,0.6006964596633778,0.37213930348258706,0.09531374106433678,0.853579919510289,0.22293894587965551,0.22293894587965551,0.22293894587965551,0.22293894587965551,0.22307651889404845,0.22307651889404845,0.22307651889404845,0.22307651889404845,0.2231141170883186,0.2229590272085626,0.22180124987469116,0.21953046258929884,0.2181132852438466,0.2134623283420337,0.20610028458660898,0.195291960173288,0.17102445777287567,0.12922798453554055,0.04025634119213561,0.20236543987905345,0.987012987012987,0.987012987012987,0.987012987012987,0.987012987012987,0.9862914862914863,0.9862914862914863,0.9862914862914863,0.9862914862914863,0.9848484848484849,0.9826839826839827,0.9783549783549783,0.9653679653679653,0.9559884559884559,0.9401154401154401,0.9112554112554112,0.8542568542568543,0.7467532467532467,0.5396825396825397,0.17316017316017315,0.8908255487202856,0.9970845481049563,0.9970845481049563,0.9970845481049563,0.9970845481049563,0.9963556851311953,0.9963556851311953,0.9963556851311953,0.9963556851311953,0.9948979591836735,0.9927113702623906,0.9883381924198251,0.9752186588921283,0.9657434402332361,0.9497084548104956,0.9205539358600583,0.8629737609329446,0.7543731778425656,0.5451895043731778,0.1749271137026239,0.8999156053398802,0.2230567205212877,0.2230567205212877,0.2230567205212877,0.2230567205212877,0.22319356900119733,0.22319356900119733,0.22319356900119733,0.22319356900119733,0.2232443876014529,0.22313960857579854,0.22225729086232995,0.22055158198685682,0.21947632408366705,0.2156957159483903,0.2096942411686484,0.2006572852529343,0.17925380988493994,0.14040808968324123,0.04834022827269456,0.20461682744267864,0.9877510133955046,0.9877510133955046,0.9877510133955046,0.9877510133955046,0.9880252253834995,0.9880252253834995,0.9880252253834995,0.9880252253834995,0.98657076832534,0.9848982581664472,0.9812033641322514,0.9717100315775602,0.9643131665500365,0.9483591273052715,0.9233980403825575,0.8735786606261071,0.7775676796846402,0.6002478973584948,0.2199155797695436,0.9018351331049616,0.882297133127891,0.882297133127891,0.882297133127891,0.882297133127891,0.8827960363414029,0.8827960363414029,0.8827960363414029,0.8827960363414029,0.8834675572647939,0.884381765702004,0.8859326072093922,0.8901742898360908,0.8927483336123107,0.8963320004278298,0.9016597339577208,0.909944654132008,0.9217752321304369,0.9386780477085203,0.9640630429934098,0.8962910496237733,0.46908808862963625,0.46908808862963625,0.46908808862963625,0.46908808862963625,0.46906126612281884,0.46906126612281884,0.46906126612281884,0.46906126612281884,0.4687575067801453,0.4680793360453511,0.4658329711605444,0.4603560317907431,0.45663309427902243,0.447972354902998,0.4333705107535902,0.4084476656308466,0.35736965332287024,0.26408727135588433,0.08349128704017691,0.4245786895827364,1368.0,1368.0,1368.0,1368.0,1367.0,1367.0,1367.0,1367.0,1365.0,1362.0,1356.0,1338.0,1325.0,1303.0,1263.0,1184.0,1035.0,748.0,240.0,1234.6842105263158,18.0,18.0,18.0,18.0,19.0,19.0,19.0,19.0,21.0,24.0,30.0,48.0,61.0,83.0,123.0,202.0,351.0,638.0,1146.0,151.31578947368422,4.0,4.0,4.0,4.0,5.0,5.0,5.0,5.0,7.0,10.0,16.0,34.0,47.0,69.0,109.0,188.0,337.0,624.0,1132.0,137.31578947368422,0.961038961038961,0.884381765702004,0.9754689754689755,0.9826839826839827,0.9927113702623906,1.0,0.0,0.0,0.8474227740881165,0.9876722262509064,0.016638935108153077,0.9745302813884098,1204.5279648861294,1362,24,10,20,3,0,0,21.0,601,0.32777374909354606,0.32611832611832614,0.3294460641399417,452,934,920,1372,1386,22,3
tagging_002_tagging_aria01_rgb,0.6208718884821183,0.9157946758168887,0.568591169836301,0.6208718884821183,0.6208718884821183,0.6208718884821183,0.6208718884821183,0.6208718884821183,0.6208718884821183,0.6208718884821183,0.6208718884821183,0.6208718884821183,0.6208718884821183,0.6208718884821183,0.6208718884821183,0.6208718884821183,0.6208718884821183,0.6162540738721093,0.5851725898279132,0.5454351108456921,0.3633186364019506,0.10121548070778136,0.5738738068634265,0.9823943661971831,0.9823943661971831,0.9823943661971831,0.9823943661971831,0.9823943661971831,0.9823943661971831,0.9823943661971831,0.9823943661971831,0.9823943661971831,0.9823943661971831,0.9823943661971831,0.9823943661971831,0.9823943661971831,0.9823943661971831,0.9754385964912281,0.9215017064846417,0.827922077922078,0.5257452574525745,0.1443089430894309,0.9025493530631852,0.39239017971931156,0.39239017971931156,0.39239017971931156,0.39239017971931156,0.39239017971931156,0.39239017971931156,0.39239017971931156,0.39239017971931156,0.39239017971931156,0.39239017971931156,0.39239017971931156,0.39239017971931156,0.39239017971931156,0.39239017971931156,0.38933161444507836,0.37159666387618817,0.35933268127106555,0.2510729857965101,0.07099056590386438,0.3650414224927931,0.9858657243816255,0.9858657243816255,0.9858657243816255,0.9858657243816255,0.9858657243816255,0.9858657243816255,0.9858657243816255,0.9858657243816255,0.9858657243816255,0.9858657243816255,0.9858657243816255,0.9858657243816255,0.9858657243816255,0.9858657243816255,0.9823321554770318,0.9540636042402827,0.901060070671378,0.6855123674911661,0.2508833922261484,0.9250511437604615,0.9964285714285714,0.9964285714285714,0.9964285714285714,0.9964285714285714,0.9964285714285714,0.9964285714285714,0.9964285714285714,0.9964285714285714,0.9964285714285714,0.9964285714285714,0.9964285714285714,0.9964285714285714,0.9964285714285714,0.9964285714285714,0.9928571428571429,0.9642857142857143,0.9107142857142857,0.6928571428571428,0.25357142857142856,0.9349624060150377,0.39560740689844676,0.39560740689844676,0.39560740689844676,0.39560740689844676,0.39560740689844676,0.39560740689844676,0.39560740689844676,0.39560740689844676,0.39560740689844676,0.39560740689844676,0.39560740689844676,0.39560740689844676,0.39560740689844676,0.39560740689844676,0.3934333328225419,0.38164483640378744,0.3748305783157929,0.2930020471521452,0.0912768671732821,0.3722469136024107,0.9964936886395511,0.9964936886395511,0.9964936886395511,0.9964936886395511,0.9964936886395511,0.9964936886395511,0.9964936886395511,0.9964936886395511,0.9964936886395511,0.9964936886395511,0.9964936886395511,0.9964936886395511,0.9964936886395511,0.9964936886395511,0.9929544855164462,0.9651764636094768,0.91871353088196,0.717054706152758,0.29981685939042296,0.9391909308686726,0.9157946758168887,0.9157946758168887,0.9157946758168887,0.9157946758168887,0.9157946758168887,0.9157946758168887,0.9157946758168887,0.9157946758168887,0.9157946758168887,0.9157946758168887,0.9157946758168887,0.9157946758168887,0.9157946758168887,0.9157946758168887,0.9164290312873885,0.9203321588401351,0.9257095320324492,0.9408962016615681,0.963630988898128,0.9204275460082163,0.6219678679555845,0.6219678679555845,0.6219678679555845,0.6219678679555845,0.6219678679555845,0.6219678679555845,0.6219678679555845,0.6219678679555845,0.6219678679555845,0.6219678679555845,0.6219678679555845,0.6219678679555845,0.6219678679555845,0.6219678679555845,0.6184278163320166,0.5954215754080305,0.5690169867241593,0.4148658059016693,0.13345543821821368,0.5809861986295933,279.0,279.0,279.0,279.0,279.0,279.0,279.0,279.0,279.0,279.0,279.0,279.0,279.0,279.0,278.0,270.0,255.0,194.0,71.0,261.7894736842105,4.0,4.0,4.0,4.0,4.0,4.0,4.0,4.0,4.0,4.0,4.0,4.0,4.0,4.0,5.0,13.0,28.0,89.0,212.0,21.210526315789473,1.0,1.0,1.0,1.0,1.0,1.0,1.0,1.0,1.0,1.0,1.0,1.0,1.0,1.0,2.0,10.0,25.0,86.0,209.0,18.210526315789473,0.950530035335689,0.9157946758168887,0.9823321554770318,0.9858657243816255,0.9964285714285714,1.0,0.0,0.0,0.8675148924131164,0.9911190053285968,0.004545454545454545,0.9789602738182356,255.50671455291194,279,4,1,9,3,0,0,9.0,220,0.5293072824156305,0.5265017667844523,0.5321428571428571,149,134,131,280,283,12,3
tagging_002_tagging_aria02_rgb,0.8419554422920132,0.9096729567928783,0.7659040966776313,0.8419554422920132,0.8419554422920132,0.8419554422920132,0.8419554422920132,0.8419554422920132,0.8409827769766165,0.8402678094225781,0.8402678094225781,0.8395662027865071,0.8364998999972413,0.8340086274137327,0.8240478929680555,0.8196191176091115,0.8114391431135574,0.7806840457018557,0.7442661802023068,0.6592792133936811,0.5240832895628319,0.2264635876276415,0.7700659372451769,0.9900166389351082,0.9900166389351082,0.9900166389351082,0.9900166389351082,0.9900166389351082,0.9867109634551495,0.9834162520729685,0.9834162520729685,0.9801324503311258,0.9768595041322314,0.9703459637561779,0.954248366013072,0.9478827361563518,0.9352750809061489,0.8834645669291339,0.8287461773700305,0.7283236994219653,0.5674967234600262,0.24066390041493776,0.8903718858509382,0.7160374269746032,0.7160374269746032,0.7160374269746032,0.7160374269746032,0.7160374269746032,0.7167773110523964,0.717956399503788,0.717956399503788,0.71915934282476,0.7163078003903786,0.7168272106868028,0.7116123580512264,0.7087116078032782,0.7039998139787234,0.6898608071310515,0.6683978305043875,0.5967800876972018,0.4839909783520468,0.2131011607173271,0.6664013812142195,0.9916666666666667,0.9916666666666667,0.9916666666666667,0.9916666666666667,0.9916666666666667,0.99,0.9883333333333333,0.9883333333333333,0.9866666666666667,0.985,0.9816666666666667,0.9733333333333334,0.97,0.9633333333333334,0.935,0.9033333333333333,0.84,0.7216666666666667,0.38666666666666666,0.9248245614035089,0.9983221476510067,0.9983221476510067,0.9983221476510067,0.9983221476510067,0.9983221476510067,0.9966442953020134,0.9949664429530202,0.9949664429530202,0.9932885906040269,0.9916107382550335,0.988255033557047,0.9798657718120806,0.9765100671140939,0.9697986577181208,0.9412751677852349,0.9093959731543624,0.8456375838926175,0.7265100671140939,0.38926174496644295,0.931031437654539,0.7176942413591247,0.7176942413591247,0.7176942413591247,0.7176942413591247,0.7176942413591247,0.7184643091516439,0.7196462997916144,0.7196462997916144,0.7208520402419105,0.7192053196214389,0.7199799799519732,0.7175317943165915,0.7159381353633577,0.7135864558300524,0.7072681622662538,0.69438669378969,0.6492480203916329,0.571615446495852,0.3165165265154699,0.6838082468586694,0.998327330932373,0.998327330932373,0.998327330932373,0.998327330932373,0.998327330932373,0.9966990650898698,0.9958503282687734,0.9958503282687734,0.996687913282741,0.9949993587266813,0.99178937572021,0.9837437516643485,0.9805070386455202,0.9743025256515833,0.9482856928290581,0.9232896485219818,0.8638721830958896,0.7552021275381685,0.42580517270150214,0.9378169034035245,0.9096729567928783,0.9096729567928783,0.9096729567928783,0.9096729567928783,0.9096729567928783,0.9107820239456873,0.9118078101347211,0.9118078101347211,0.9126540340651217,0.9134320586891552,0.9147089742298053,0.917582798206062,0.9185897424655628,0.9203057928264539,0.9261381145017181,0.9311965201720915,0.9390547818990174,0.9486805465097019,0.9652151050883501,0.9205432050964506,0.8426567797249848,0.8426567797249848,0.8426567797249848,0.8426567797249848,0.8426567797249848,0.8423832488492826,0.8423658596533795,0.8423658596533795,0.842360108022155,0.8399780850620585,0.8388595701849494,0.8322475764477741,0.829126202437952,0.8235207875130841,0.8031312810914123,0.7770367045528137,0.7080220855775966,0.5909992859928517,0.28705246119371014,0.7848806849924908,595.0,595.0,595.0,595.0,595.0,594.0,593.0,593.0,592.0,591.0,589.0,584.0,582.0,578.0,561.0,542.0,504.0,433.0,232.0,554.8947368421053,5.0,5.0,5.0,5.0,5.0,6.0,7.0,7.0,8.0,9.0,11.0,16.0,18.0,22.0,39.0,58.0,96.0,167.0,368.0,45.10526315789474,1.0,1.0,1.0,1.0,1.0,2.0,3.0,3.0,4.0,5.0,7.0,12.0,14.0,18.0,35.0,54.0,92.0,163.0,364.0,41.10526315789474,0.97,0.9134320586891552,0.9766666666666667,0.985,0.9916107382550335,1.0,0.0,0.0,0.8847305778088179,0.9882943143812709,0.022727272727272728,0.9756632333477868,539.8383466852907,591,9,5,4,3,0,0,6.0,220,0.774247491638796,0.7716666666666666,0.7768456375838926,463,137,133,596,600,8,3
tagging_002_tagging_aria03_rgb,0.853823912479225,0.8885157969748037,0.7586360340726236,0.853823912479225,0.853823912479225,0.853823912479225,0.853823912479225,0.853823912479225,0.853823912479225,0.853823912479225,0.853823912479225,0.853823912479225,0.853823912479225,0.853823912479225,0.852454602176053,0.8400984862922399,0.8316617425009273,0.8056389740006311,0.7275795497263837,0.590306855519063,0.3302951271934686,0.06440767446764804,0.7597108446919941,0.9885844748858448,0.9885844748858448,0.9885844748858448,0.9885844748858448,0.9885844748858448,0.9885844748858448,0.9885844748858448,0.9885844748858448,0.9885844748858448,0.9885844748858448,0.9885844748858448,0.9840546697038725,0.9617117117117117,0.9485458612975392,0.9142857142857143,0.8145833333333333,0.6527514231499051,0.36306729264475746,0.05703883495145631,0.8721298981485569,0.7374334637467507,0.7374334637467507,0.7374334637467507,0.7374334637467507,0.7374334637467507,0.7374334637467507,0.7374334637467507,0.7374334637467507,0.7374334637467507,0.7374334637467507,0.7374334637467507,0.7384537375243686,0.7338638576152406,0.7291806144128216,0.7099029835939886,0.6498684413463496,0.5338359616150223,0.30048113189444825,0.07272849338281596,0.6621096485578586,0.9954022988505747,0.9954022988505747,0.9954022988505747,0.9954022988505747,0.9954022988505747,0.9954022988505747,0.9954022988505747,0.9954022988505747,0.9954022988505747,0.9954022988505747,0.9954022988505747,0.993103448275862,0.9816091954022989,0.9747126436781609,0.9563218390804598,0.8988505747126436,0.7908045977011494,0.5333333333333333,0.10804597701149425,0.9045372050816697,0.9931192660550459,0.9931192660550459,0.9931192660550459,0.9931192660550459,0.9931192660550459,0.9931192660550459,0.9931192660550459,0.9931192660550459,0.9931192660550459,0.9931192660550459,0.9931192660550459,0.9908256880733946,0.9793577981651376,0.9724770642201835,0.9541284403669725,0.8967889908256881,0.7889908256880734,0.5321100917431193,0.10779816513761468,0.9024625784645101,0.7375395325741746,0.7375395325741746,0.7375395325741746,0.7375395325741746,0.7375395325741746,0.7375395325741746,0.7375395325741746,0.7375395325741746,0.7375395325741746,0.7375395325741746,0.7375395325741746,0.7385804139276362,0.7376055075118307,0.7355676032562825,0.7250555000555001,0.6913316578278215,0.6103545141335839,0.40273423894113547,0.12270833972961633,0.6777301386157542,0.9941301000769824,0.9941301000769824,0.9941301000769824,0.9941301000769824,0.9941301000769824,0.9941301000769824,0.9941301000769824,0.9941301000769824,0.9941301000769824,0.9941301000769824,0.9941301000769824,0.9927662037037037,0.985030861952764,0.9794529327317474,0.9631569932181344,0.9173329293417808,0.819472999949544,0.5897938108833791,0.15992082326665913,0.9127557187312905,0.8885157969748037,0.8885157969748037,0.8885157969748037,0.8885157969748037,0.8885157969748037,0.8885157969748037,0.8885157969748037,0.8885157969748037,0.8885157969748037,0.8885157969748037,0.8885157969748037,0.8892581266433085,0.8923399623633058,0.8938840058507967,0.8970117186059022,0.9045198375162172,0.9147775226296712,0.9326286567425635,0.9615245151917846,0.8978746374877047,0.8567630740542321,0.8567630740542321,0.8567630740542321,0.8567630740542321,0.8567630740542321,0.8567630740542321,0.8567630740542321,0.8567630740542321,0.8567630740542321,0.8567630740542321,0.8567630740542321,0.8563649649113682,0.8487446676171365,0.8430548999876503,0.8239512891180574,0.7642870023700366,0.6497383572357215,0.4003206260949329,0.08864547999825116,0.7736579527331425,433.0,433.0,433.0,433.0,433.0,433.0,433.0,433.0,433.0,433.0,433.0,432.0,427.0,424.0,416.0,391.0,344.0,232.0,47.0,393.4736842105263,2.0,2.0,2.0,2.0,2.0,2.0,2.0,2.0,2.0,2.0,2.0,3.0,8.0,11.0,19.0,44.0,91.0,203.0,388.0,41.526315789473685,3.0,3.0,3.0,3.0,3.0,3.0,3.0,3.0,3.0,3.0,3.0,4.0,9.0,12.0,20.0,45.0,92.0,204.0,389.0,42.526315789473685,0.9770114942528736,0.8885157969748037,0.9885057471264368,0.9954022988505747,0.9931192660550459,1.0,0.0,0.0,0.8660398622760689,0.9942594718714122,0.013636363636363636,0.986898919530262,384.72734009008997,433,2,3,5,3,0,0,3.0,220,0.8404133180252583,0.8413793103448276,0.8394495412844036,366,69,70,436,435,8,3
tagging_002_tagging_aria04_rgb,0.8175501097174187,0.8891646938288948,0.726936692996668,0.8175501097174187,0.8175501097174187,0.8159200026978691,0.8159200026978691,0.8100771517944246,0.8093234533083179,0.8072687124564808,0.802355285549255,0.7982281972207012,0.7915077802900823,0.7905319467284969,0.7855577667282316,0.7812830223441813,0.7754571131812691,0.7594973500755553,0.7164574931032099,0.6241975582006526,0.4227068517636341,0.11708390761051136,0.7293933586939779,0.9764150943396226,0.9764150943396226,0.9702194357366771,0.9702194357366771,0.9579439252336449,0.9548989113530326,0.9488372093023256,0.9398148148148148,0.9338461538461539,0.9220183486238532,0.9190839694656489,0.91324200913242,0.9074355083459787,0.8987915407854985,0.8733233979135618,0.8138528138528138,0.6940700808625337,0.45993031358885017,0.12232142857142857,0.8501410255707978,0.6845328239738177,0.6845328239738177,0.6861596730403702,0.6861596730403702,0.685034869550754,0.685941144436745,0.686822531538706,0.6850009109248596,0.6823053799750196,0.6794708231075712,0.6799604601543477,0.6757256003294163,0.6726683663898787,0.6690469448097967,0.6605070082284495,0.6307176564195908,0.561359151484337,0.3884959900417718,0.1120706451964115,0.6261322356113701,0.9779527559055118,0.9779527559055118,0.9748031496062992,0.9748031496062992,0.968503937007874,0.9669291338582677,0.9637795275590552,0.9590551181102362,0.9559055118110236,0.9496062992125984,0.9480314960629921,0.9448818897637795,0.9417322834645669,0.937007874015748,0.9228346456692913,0.8881889763779528,0.8110236220472441,0.6236220472440945,0.215748031496063,0.8895980107749688,0.9983922829581994,0.9983922829581994,0.9951768488745981,0.9951768488745981,0.9887459807073955,0.9871382636655949,0.9839228295819936,0.9790996784565916,0.9758842443729904,0.9694533762057878,0.9678456591639871,0.9646302250803859,0.9614147909967846,0.9565916398713826,0.9421221864951769,0.9067524115755627,0.8279742765273312,0.6366559485530546,0.2202572347266881,0.9081908952445423,0.6846424107293672,0.6846424107293672,0.6862911455803217,0.6862911455803217,0.6867847328822938,0.6876944716521264,0.688694067370538,0.6884544574199746,0.6873048697595648,0.6863736871199557,0.6869173462196717,0.6844803807303808,0.6829234589268034,0.6810751993104935,0.6767084735514769,0.6603518821603928,0.6143268382103334,0.47451849497304044,0.17490599424905995,0.6422832351134465,0.9984206614641397,0.9984206614641397,0.9955435427971777,0.9955435427971777,0.9909149026222196,0.9902667365208081,0.987118953398023,0.9847060614101513,0.9829541402239764,0.9782227366102295,0.9767958486273138,0.973510821205288,0.970511362957783,0.9659465061776492,0.9525033659042653,0.9211779290740428,0.8526207256340002,0.6767813372584824,0.25712947609991027,0.9183731216971988,0.8891646938288948,0.8891646938288948,0.891611368749961,0.891611368749961,0.8959758060910578,0.8969961740848861,0.8988571418909689,0.9014060127716782,0.9029523610552972,0.9057569506727285,0.9063588531370743,0.9074497545649046,0.9084569039935511,0.9095935513900564,0.9122731810594876,0.9176393767117494,0.9259797212715773,0.9399574776341378,0.9633354156309692,0.9081337266904124,0.8181935967196134,0.8181935967196134,0.8178451017231694,0.8178451017231694,0.8145299062327795,0.8144055971492158,0.8136003287630164,0.810526760528399,0.8076010608316684,0.8032619583635956,0.802884756552151,0.7990499872980559,0.7959104954043014,0.7917715929312942,0.7807296272721979,0.7484627376421739,0.6747410853847531,0.49221404353794207,0.1554960484694691,0.7461717570129778,621.0,621.0,619.0,619.0,615.0,614.0,612.0,609.0,607.0,603.0,602.0,600.0,598.0,595.0,586.0,564.0,515.0,396.0,137.0,564.8947368421053,14.0,14.0,16.0,16.0,20.0,21.0,23.0,26.0,28.0,32.0,33.0,35.0,37.0,40.0,49.0,71.0,120.0,239.0,498.0,70.10526315789474,1.0,1.0,3.0,3.0,7.0,8.0,10.0,13.0,15.0,19.0,20.0,22.0,24.0,27.0,36.0,58.0,107.0,226.0,485.0,57.10526315789474,0.9102362204724409,0.9058242085087219,0.9196850393700787,0.9496062992125984,0.9694533762057878,1.0,0.0,0.0,0.8208062956389911,0.9594272076372315,0.08636363636363636,0.9184596043301045,546.2119977307593,603,32,19,6,3,0,0,9.0,220,0.7589498806682577,0.7511811023622047,0.7668810289389068,477,158,145,622,635,7,3
tagging_003_tagging_aria01_rgb,0.5812486299946995,0.9066260694105366,0.5269751607623537,0.5812486299946995,0.5812486299946995,0.5812486299946995,0.5812486299946995,0.5812486299946995,0.5790938746948747,0.5790938746948747,0.5769562115477597,0.5748355343561292,0.5732319703089003,0.5704391471331373,0.5691251354541278,0.5659741140255062,0.5565956021972261,0.5420455882907665,0.5175866863326145,0.4790584928225272,0.373645855969746,0.16645904500804273,0.5331781201478807,0.9637046307884856,0.9637046307884856,0.9637046307884856,0.9637046307884856,0.9637046307884856,0.96125,0.96125,0.9588014981273408,0.956359102244389,0.9514925373134329,0.9466501240694789,0.9418316831683168,0.9298892988929889,0.904126213592233,0.8700834326579261,0.8117782909930716,0.7260726072607261,0.5101058710298364,0.18683812405446293,0.8650027335445596,0.35057418951519653,0.35057418951519653,0.35057418951519653,0.35057418951519653,0.35057418951519653,0.3488683648469423,0.3488683648469423,0.34718184180322664,0.34551445245099643,0.34534678822812553,0.343739267875592,0.34390796741522844,0.3444783138469257,0.3426497979241359,0.3376841906849594,0.3300112614998012,0.3160800135556981,0.27369068582078365,0.14830278244986336,0.3299576337276423,0.9649122807017544,0.9649122807017544,0.9649122807017544,0.9649122807017544,0.9649122807017544,0.9636591478696742,0.9636591478696742,0.9624060150375939,0.9611528822055138,0.9586466165413534,0.956140350877193,0.9536340852130326,0.9473684210526315,0.9335839598997494,0.9147869674185464,0.8809523809523809,0.8270676691729323,0.6641604010025063,0.30952380952380953,0.895858066218177,0.9987029831387808,0.9987029831387808,0.9987029831387808,0.9987029831387808,0.9987029831387808,0.9974059662775616,0.9974059662775616,0.9961089494163424,0.9948119325551232,0.9922178988326849,0.9896238651102465,0.9870298313878081,0.980544747081712,0.9662775616083009,0.9468223086900129,0.9118028534370947,0.8560311284046692,0.6874189364461738,0.3203631647211414,0.9272305276810705,0.3507768833524895,0.3507768833524895,0.3507768833524895,0.3507768833524895,0.3507768833524895,0.34958736403125834,0.34958736403125834,0.3484037268885188,0.3472259949314882,0.34720421830240566,0.3461042077670308,0.34634685413879224,0.3470775234745694,0.34619104024165176,0.3432083158769132,0.3382982769857902,0.3287299861865477,0.29732697122336893,0.1847034215495029,0.3354673517048181,0.9987127916331456,0.9987127916331456,0.9987127916331456,0.9987127916331456,0.9987127916331456,0.9974177949806643,0.9974177949806643,0.9961335790207771,0.9948601859204699,0.9924676635307196,0.9899162635774107,0.9874461152758855,0.9836778832525596,0.9723582688119874,0.9567296345773342,0.9292554705371014,0.8805787977607409,0.7489548860767185,0.43262663387299094,0.9396528910706186,0.9066260694105366,0.9066260694105366,0.9066260694105366,0.9066260694105366,0.9066260694105366,0.9074531173077468,0.9074531173077468,0.9081642193390397,0.9087982034341171,0.909917596291959,0.9109638098300217,0.9118244960670597,0.9136889706033647,0.9172503725822683,0.9212501669769879,0.9266045491104558,0.932975516329824,0.9461557420978314,0.9649247877459152,0.9168713164251063,0.5816127068421711,0.5816127068421711,0.5816127068421711,0.5816127068421711,0.5816127068421711,0.5798191021233182,0.5798191021233182,0.5780396983454127,0.5762744240524085,0.5753829421075288,0.5732913606507933,0.5726799803585724,0.5712686550792323,0.565590271490647,0.5557959128510034,0.5391884703509049,0.5112920496972939,0.42635022651029825,0.21425041933882527,0.5435319025942322,770.0,770.0,770.0,770.0,770.0,769.0,769.0,768.0,767.0,765.0,763.0,761.0,756.0,745.0,730.0,703.0,660.0,530.0,247.0,714.8947368421053,28.0,28.0,28.0,28.0,28.0,29.0,29.0,30.0,31.0,33.0,35.0,37.0,42.0,53.0,68.0,95.0,138.0,268.0,551.0,83.10526315789474,1.0,1.0,1.0,1.0,1.0,2.0,2.0,3.0,4.0,6.0,8.0,10.0,15.0,26.0,41.0,68.0,111.0,241.0,524.0,56.10526315789474,0.9323308270676691,0.909917596291959,0.9511278195488722,0.9586466165413534,0.9922178988326849,1.0,0.0,0.0,0.8459736355430434,0.9751434034416826,0.01929260450160772,0.949654020978627,696.0869611633486,765,33,6,15,3,0,0,14.0,311,0.4678138942001275,0.4598997493734336,0.47600518806744485,367,431,404,771,798,18,3
tagging_003_tagging_aria02_rgb,0.5709785282055763,0.935868998325195,0.5343611032569467,0.5709785282055763,0.5709785282055763,0.5709785282055763,0.5709785282055763,0.5709785282055763,0.5709785282055763,0.5709785282055763,0.5699306953163152,0.5699306953163152,0.5699306953163152,0.5689094189274523,0.5678161757318925,0.5678161757318925,0.567275885156415,0.5618731934610498,0.5541161352313082,0.5404613677694957,0.4868244834592918,0.2664202244500743,0.5467449917529922,0.9851190476190477,0.9851190476190477,0.9851190476190477,0.9851190476190477,0.9851190476190477,0.9851190476190477,0.9851190476190477,0.9821693907875185,0.9821693907875185,0.9821693907875185,0.9792284866468842,0.9733727810650887,0.9733727810650887,0.9704579025110783,0.9531478770131772,0.9333333333333333,0.8921985815602836,0.7692307692307693,0.3300099700897308,0.9271944204321749,0.3309411999085403,0.3309411999085403,0.3309411999085403,0.3309411999085403,0.3309411999085403,0.3309411999085403,0.3309411999085403,0.3307178990818397,0.3307178990818397,0.3307178990818397,0.33052339812197923,0.3312350783735668,0.3312350783735668,0.331598031246204,0.33121983812146055,0.3289764549896586,0.3273917893261498,0.30809750100402816,0.21508361088826602,0.32337383563422006,0.9865871833084948,0.9865871833084948,0.9865871833084948,0.9865871833084948,0.9865871833084948,0.9865871833084948,0.9865871833084948,0.9850968703427719,0.9850968703427719,0.9850968703427719,0.9836065573770492,0.9806259314456036,0.9806259314456036,0.9791356184798807,0.970193740685544,0.9597615499254843,0.9374068554396423,0.8643815201192251,0.4932935916542474,0.9479174837242137,0.9984917043740573,0.9984917043740573,0.9984917043740573,0.9984917043740573,0.9984917043740573,0.9984917043740573,0.9984917043740573,0.9969834087481146,0.9969834087481146,0.9969834087481146,0.995475113122172,0.9924585218702866,0.9924585218702866,0.9909502262443439,0.9819004524886877,0.971342383107089,0.9487179487179487,0.8748114630467572,0.49924585218702866,0.9593554020798605,0.3309419045724911,0.3309419045724911,0.3309419045724911,0.3309419045724911,0.3309419045724911,0.3309419045724911,0.3309419045724911,0.33078700074683176,0.33078700074683176,0.33078700074683176,0.3306518295358421,0.3313722957334739,0.3313722957334739,0.3317382975673009,0.33190257665070955,0.33058097574589335,0.33043561303196184,0.3176166437605201,0.24551586136542902,0.32579688017750197,0.9987411883182276,0.9987411883182276,0.9987411883182276,0.9987411883182276,0.9987411883182276,0.9987411883182276,0.9987411883182276,0.997272268830514,0.997272268830514,0.997272268830514,0.99589072543618,0.9932117527862209,0.9932117527862209,0.9918177205848441,0.9843672134506747,0.975031661022537,0.9603679828096338,0.8944684773715506,0.5713361751139174,0.9654057150568902,0.935868998325195,0.935868998325195,0.935868998325195,0.935868998325195,0.935868998325195,0.935868998325195,0.935868998325195,0.9367258573899816,0.9367258573899816,0.9367258573899816,0.9373326903035032,0.9384278270440233,0.9384278270440233,0.9388103570364237,0.9406754568322259,0.9426275119099982,0.945391281672012,0.9511163980142703,0.9661297808063143,0.9400105100583738,0.5714038381552055,0.5714038381552055,0.5714038381552055,0.5714038381552055,0.5714038381552055,0.5714038381552055,0.5714038381552055,0.5707794384452343,0.5707794384452343,0.5707794384452343,0.5701797802091231,0.5699278088122534,0.5699278088122534,0.5698064964625823,0.5668751306384151,0.5619065334465031,0.5539849345686071,0.5160559914028674,0.32572897771158976,0.5535030865519124,662.0,662.0,662.0,662.0,662.0,662.0,662.0,661.0,661.0,661.0,660.0,658.0,658.0,657.0,651.0,644.0,629.0,580.0,331.0,636.0526315789474,9.0,9.0,9.0,9.0,9.0,9.0,9.0,10.0,10.0,10.0,11.0,13.0,13.0,14.0,20.0,27.0,42.0,91.0,340.0,34.94736842105263,1.0,1.0,1.0,1.0,1.0,1.0,1.0,2.0,2.0,2.0,3.0,5.0,5.0,6.0,12.0,19.0,34.0,83.0,332.0,26.94736842105263,0.9552906110283159,0.9367258573899816,0.9821162444113264,0.9850968703427719,0.9969834087481146,1.0,0.0,0.0,0.8929594511695645,0.9910044977511244,0.006430868167202572,0.9802454955214556,619.1757917347778,661,10,2,18,3,0,0,16.0,311,0.4662668665667166,0.46348733233979134,0.46907993966817496,311,360,352,663,671,21,3
tagging_003_tagging_aria03_rgb,0.8443322398594256,0.892066787926506,0.75320074915419,0.8443322398594256,0.8443322398594256,0.8443322398594256,0.8443322398594256,0.8443322398594256,0.8443322398594256,0.84248755234013,0.8374796940102879,0.8347966396477629,0.8304012446352932,0.8295629624886894,0.8254612834210862,0.8134813810777809,0.8076672497737502,0.7897579819254281,0.7275213334891589,0.6261764034680379,0.4524429194444955,0.14539956690722977,0.7594015606202992,0.987146529562982,0.987146529562982,0.987146529562982,0.987146529562982,0.987146529562982,0.987146529562982,0.9845956354300385,0.9744572158365262,0.9669211195928753,0.9569620253164557,0.95448798988622,0.947103274559194,0.9300873907615481,0.9204968944099379,0.8899755501222494,0.8018648018648019,0.6605800214822771,0.43947858472998136,0.12682215743440234,0.8671953599370738,0.7221794433918945,0.7221794433918945,0.7221794433918945,0.7221794433918945,0.7221794433918945,0.7221794433918945,0.7208901302289977,0.719756831270904,0.7207262468944956,0.7205784648181969,0.7209883372288893,0.7194424818606201,0.7114943863698405,0.7086676666902296,0.7008256237255611,0.6600704875072996,0.593564557675147,0.46578969366898765,0.166698268539904,0.6664510440437075,0.9896907216494846,0.9896907216494846,0.9896907216494846,0.9896907216494846,0.9896907216494846,0.9896907216494846,0.9884020618556701,0.9832474226804123,0.979381443298969,0.9742268041237113,0.9729381443298969,0.9690721649484536,0.9600515463917526,0.9548969072164949,0.9381443298969072,0.8865979381443299,0.7925257731958762,0.6082474226804123,0.22422680412371135,0.9036896364622898,0.9974025974025974,0.9974025974025974,0.9974025974025974,0.9974025974025974,0.9974025974025974,0.9974025974025974,0.9961038961038962,0.990909090909091,0.987012987012987,0.9818181818181818,0.9805194805194806,0.9766233766233766,0.9675324675324676,0.9623376623376624,0.9454545454545454,0.8935064935064935,0.7987012987012987,0.612987012987013,0.22597402597402597,0.9107313738892686,0.7221794433918945,0.7221794433918945,0.7221794433918945,0.7221794433918945,0.7221794433918945,0.7221794433918945,0.7214313538453905,0.7214112659208438,0.7225419252133918,0.7230431910050873,0.7234841296300636,0.7229534722662774,0.7184133394026195,0.7171710577042241,0.7137813942959743,0.6915530415375849,0.6514832393237844,0.5657015847561094,0.2661362248328818,0.6837990463202948,1.0,1.0,1.0,1.0,1.0,1.0,0.9987052106280627,0.9935947832616607,0.9901535076085438,0.9858298352350076,0.9849195741915083,0.981423364984856,0.9729505317750373,0.9687418086104287,0.9542572111973454,0.9078208275228777,0.8296187469525318,0.6829373889879192,0.300978819499821,0.9237858742345054,0.892066787926506,0.892066787926506,0.892066787926506,0.892066787926506,0.892066787926506,0.892066787926506,0.8927914254282785,0.895565327195195,0.897406262085193,0.8995858072461009,0.9001101423658684,0.9014275556864519,0.904003065628151,0.9052885005259986,0.9085378505112892,0.9159359237657653,0.9263179934083254,0.9415210728491069,0.9634829372954593,0.9054933995552747,0.8454195967038777,0.8454195967038777,0.8454195967038777,0.8454195967038777,0.8454195967038777,0.8454195967038777,0.844114501172527,0.8412485062713257,0.8401582659874152,0.8378584933628125,0.8375422705195085,0.8349800497332613,0.8264812677147719,0.8226205462829325,0.8108486820267999,0.7649948583185997,0.6858682162144301,0.5322737835787712,0.19333447702791887,0.7760442893912811,768.0,768.0,768.0,768.0,768.0,768.0,767.0,763.0,760.0,756.0,755.0,752.0,745.0,741.0,728.0,688.0,615.0,472.0,174.0,701.2631578947369,8.0,8.0,8.0,8.0,8.0,8.0,9.0,13.0,16.0,20.0,21.0,24.0,31.0,35.0,48.0,88.0,161.0,304.0,602.0,74.73684210526316,2.0,2.0,2.0,2.0,2.0,2.0,3.0,7.0,10.0,14.0,15.0,18.0,25.0,29.0,42.0,82.0,155.0,298.0,596.0,68.73684210526316,0.9497422680412371,0.8995858072461009,0.9561855670103093,0.9742268041237113,0.9818181818181818,1.0,0.0,0.0,0.8519160699459437,0.9780077619663649,0.04501607717041801,0.9552848324686392,680.0868702780523,756,20,14,5,3,0,0,9.0,311,0.8214747736093143,0.8182989690721649,0.8246753246753247,635,141,135,770,776,9,3
tagging_003_tagging_aria04_rgb,0.5736425421594631,0.9074109180419828,0.5205295058088553,0.5736425421594631,0.5720373695508417,0.5720373695508417,0.5720373695508417,0.5710516482771311,0.5710516482771311,0.5700937703883585,0.5700937703883585,0.5691632497444146,0.5682903630747234,0.5673888930117134,0.5665396102604663,0.5603183741886234,0.547234258414335,0.5342950580825179,0.5261871612585302,0.49131357159854594,0.38884465741862745,0.1760867871677962,0.529879340650698,0.9513184584178499,0.9434343434343434,0.9434343434343434,0.9434343434343434,0.9395161290322581,0.9395161290322581,0.9356136820925554,0.9356136820925554,0.9317269076305221,0.9278557114228457,0.924,0.9201596806387226,0.904950495049505,0.8679611650485437,0.8358778625954199,0.8150943396226416,0.7459165154264973,0.5566343042071198,0.22704081632653061,0.8520578373125713,0.34590495250396486,0.3468463432987364,0.3468463432987364,0.3468463432987364,0.34709354626612443,0.34709354626612443,0.3473729737563449,0.3473729737563449,0.34768428625019865,0.3480648260151983,0.34840925964616604,0.34881677250983645,0.34693243682485336,0.3450215811965949,0.34152263370752095,0.3396820652704966,0.32361399787333983,0.27163285924029074,0.13656820441696726,0.3301750497577145,0.96900826446281,0.9648760330578512,0.9648760330578512,0.9648760330578512,0.9628099173553719,0.9628099173553719,0.9607438016528925,0.9607438016528925,0.9586776859504132,0.9566115702479339,0.9545454545454546,0.9524793388429752,0.9442148760330579,0.9235537190082644,0.9049586776859504,0.8925619834710744,0.8491735537190083,0.7107438016528925,0.3677685950413223,0.901370160939539,0.9811715481171548,0.9769874476987448,0.9769874476987448,0.9769874476987448,0.9748953974895398,0.9748953974895398,0.9728033472803347,0.9728033472803347,0.9707112970711297,0.9686192468619247,0.9665271966527197,0.9644351464435147,0.9560669456066946,0.9351464435146444,0.9163179916317992,0.9037656903765691,0.8598326359832636,0.7196652719665272,0.3723849372384937,0.9126844307421272,0.34733211150929194,0.3482876083359507,0.3482876083359507,0.3482876083359507,0.3485418442667226,0.3485418442667226,0.34882388843859113,0.34882388843859113,0.3491339206462188,0.34953141434173407,0.3498712083471254,0.35029248997616796,0.34914728572675413,0.34839067243364963,0.3462606803628525,0.3451681214106015,0.3328554521377405,0.29354610116099705,0.16549076890257267,0.33508497459864134,0.9553642270423013,0.9560790137171653,0.9560790137171653,0.9560790137171653,0.955076872280771,0.955076872280771,0.9542358465305063,0.9542358465305063,0.9535569781626178,0.9514168324471062,0.9508954236595292,0.9489812416428832,0.9413402048347712,0.9265805487528966,0.9118483921443763,0.9029190596589259,0.8706947570152034,0.760788907229539,0.45965527338699763,0.906363385513221,0.9074109180419828,0.9109008351618215,0.9109008351618215,0.9109008351618215,0.9123572124595222,0.9123572124595222,0.913594033916209,0.913594033916209,0.9146336948975421,0.9155705607965539,0.9164143197235975,0.9171906943565137,0.9196154278964525,0.9248790374573587,0.9290119196597775,0.9311870657385909,0.9367783788778746,0.9484636061485582,0.9662284904204276,0.9216836374869556,0.578951429478292,0.5785012738125185,0.5785012738125185,0.5785012738125185,0.5780874575659554,0.5780874575659554,0.5776992568786473,0.5776992568786473,0.577336268550367,0.5770293231391909,0.5766909702057029,0.5764033039960038,0.5723449727467043,0.5644873465829213,0.5559351320071266,0.5506244617953197,0.5242179399899621,0.4393874953048724,0.22411045639537697,0.5455050710799263,469.0,467.0,467.0,467.0,466.0,466.0,465.0,465.0,464.0,463.0,462.0,461.0,457.0,447.0,438.0,432.0,411.0,344.0,178.0,436.2631578947368,15.0,17.0,17.0,17.0,18.0,18.0,19.0,19.0,20.0,21.0,22.0,23.0,27.0,37.0,46.0,52.0,73.0,140.0,306.0,47.73684210526316,9.0,11.0,11.0,11.0,12.0,12.0,13.0,13.0,14.0,15.0,16.0,17.0,21.0,31.0,40.0,46.0,67.0,134.0,300.0,41.73684210526316,0.9028925619834711,0.9157484251859466,0.9256198347107438,0.9566115702479339,0.9686192468619247,1.0,0.0,0.0,0.8222965307047381,0.9625779625779626,0.04823151125401929,0.9234681969314913,423.99152086109325,463,21,15,11,3,0,0,13.0,311,0.49480249480249483,0.49173553719008267,0.497907949790795,238,246,240,478,484,13,3
tagging_004_tagging_aria01_rgb,0.7617757029937052,0.9063761999546688,0.690455366897231,0.7617757029937052,0.7617757029937052,0.7617757029937052,0.7617757029937052,0.7617757029937052,0.7617757029937052,0.759239238523584,0.759239238523584,0.759239238523584,0.759239238523584,0.7563999067064279,0.7539278130064923,0.7496574450026364,0.7343676553087154,0.7252241330227311,0.6937636950803677,0.6493519913532075,0.4726874452006545,0.1931986331377105,0.7019047310460794,0.981651376146789,0.981651376146789,0.981651376146789,0.981651376146789,0.981651376146789,0.981651376146789,0.975609756097561,0.975609756097561,0.975609756097561,0.975609756097561,0.9696048632218845,0.9636363636363636,0.9518072289156626,0.9228486646884273,0.9002932551319648,0.8409090909090909,0.7753424657534247,0.49653579676674364,0.1717902350813743,0.8834271181776796,0.5911489921700875,0.5911489921700875,0.5911489921700875,0.5911489921700875,0.5911489921700875,0.5911489921700875,0.5908553268467185,0.5908553268467185,0.5908553268467185,0.5908553268467185,0.5900762677327497,0.5898564735351204,0.5904412866123306,0.5843816801162057,0.584198582095873,0.5723663471056454,0.5438345341559975,0.4499845173404154,0.21727493316834362,0.5596173622247411,0.9938080495356038,0.9938080495356038,0.9938080495356038,0.9938080495356038,0.9938080495356038,0.9938080495356038,0.9907120743034056,0.9907120743034056,0.9907120743034056,0.9907120743034056,0.9876160990712074,0.9845201238390093,0.978328173374613,0.9628482972136223,0.9504643962848297,0.9164086687306502,0.8761609907120743,0.6656346749226006,0.29411764705882354,0.9232524034544565,0.9876923076923076,0.9876923076923076,0.9876923076923076,0.9876923076923076,0.9876923076923076,0.9876923076923076,0.9846153846153847,0.9846153846153847,0.9846153846153847,0.9846153846153847,0.9815384615384616,0.9784615384615385,0.9723076923076923,0.9569230769230769,0.9446153846153846,0.9107692307692308,0.8707692307692307,0.6615384615384615,0.2923076923076923,0.9175708502024292,0.5988977908350758,0.5988977908350758,0.5988977908350758,0.5988977908350758,0.5988977908350758,0.5988977908350758,0.5986411136728147,0.5986411136728147,0.5986411136728147,0.5986411136728147,0.5982747308273398,0.598068698209035,0.598994548942779,0.5960377079527817,0.5965752484402277,0.5913245900055151,0.5756288122478381,0.5204661396846956,0.3260470278734208,0.5783878265202813,0.9261484448400336,0.9261484448400336,0.9261484448400336,0.9261484448400336,0.9261484448400336,0.9261484448400336,0.9246341765873016,0.9246341765873016,0.9246341765873016,0.9246341765873016,0.9213377618550032,0.9199111510432265,0.9140530816757082,0.9049463793781976,0.8965485580454486,0.878480518040177,0.8453862729810943,0.6960727812490874,0.379118126879576,0.8742780003440487,0.9063761999546688,0.9063761999546688,0.9063761999546688,0.9063761999546688,0.9063761999546688,0.9063761999546688,0.908190326156118,0.908190326156118,0.908190326156118,0.908190326156118,0.9094598134190518,0.9105381093975167,0.9123728341700091,0.9161825752804141,0.9186112466039423,0.9239422073323196,0.9283936866217566,0.9437874174498515,0.965043580841854,0.9157552618668001,0.7664780668052364,0.7664780668052364,0.7664780668052364,0.7664780668052364,0.7664780668052364,0.7664780668052364,0.7650931358165025,0.7650931358165025,0.7650931358165025,0.7650931358165025,0.7633929667561233,0.7620535206742621,0.7600298319252987,0.7501139284286916,0.7451576696526766,0.7242385533629854,0.6902800911438474,0.5472890442171219,0.25279318050203875,0.718662617408446,321.0,321.0,321.0,321.0,321.0,321.0,320.0,320.0,320.0,320.0,319.0,318.0,316.0,311.0,307.0,296.0,283.0,215.0,95.0,298.2105263157895,2.0,2.0,2.0,2.0,2.0,2.0,3.0,3.0,3.0,3.0,4.0,5.0,7.0,12.0,16.0,27.0,40.0,108.0,228.0,24.789473684210527,4.0,4.0,4.0,4.0,4.0,4.0,5.0,5.0,5.0,5.0,6.0,7.0,9.0,14.0,18.0,29.0,42.0,110.0,230.0,26.789473684210527,0.9535603715170279,0.908190326156118,0.9752321981424149,0.9907120743034056,0.9846153846153847,1.0,0.0,0.0,0.8626034191020364,0.9876543209876543,0.04132231404958678,0.9726157955417516,290.62090436995777,320,3,5,7,3,0,0,8.0,121,0.654320987654321,0.6563467492260062,0.6523076923076923,212,111,113,325,323,9,3
tagging_004_tagging_aria02_rgb,0.6509889837713869,0.9345823635025151,0.6084028230671632,0.6509889837713869,0.6509889837713869,0.6509889837713869,0.6509889837713869,0.6509889837713869,0.6509889837713869,0.6509889837713869,0.6509889837713869,0.6509889837713869,0.6488505794726698,0.6488505794726698,0.6488505794726698,0.6416745058284838,0.6377472162628885,0.6309113830660028,0.61984016311822,0.6096901156578929,0.5064974132118918,0.31653136402878285,0.6193865659755082,0.9915966386554622,0.9915966386554622,0.9915966386554622,0.9915966386554622,0.9915966386554622,0.9915966386554622,0.9915966386554622,0.9915966386554622,0.9915966386554622,0.9832635983263598,0.9832635983263598,0.9832635983263598,0.975,0.966804979253112,0.9506172839506173,0.926829268292683,0.896,0.6928571428571428,0.35428571428571426,0.9282397332377638,0.4273780693390904,0.4273780693390904,0.4273780693390904,0.4273780693390904,0.4273780693390904,0.4273780693390904,0.4273780693390904,0.4273780693390904,0.4273780693390904,0.42817315234554304,0.42817315234554304,0.42817315234554304,0.42230376556946553,0.42068619895324605,0.41872705241380226,0.41453355106292844,0.41486834501220404,0.37026338291388966,0.28280029471671486,0.41447919324898386,0.9957805907172996,0.9957805907172996,0.9957805907172996,0.9957805907172996,0.9957805907172996,0.9957805907172996,0.9957805907172996,0.9957805907172996,0.9957805907172996,0.9915611814345991,0.9915611814345991,0.9915611814345991,0.9873417721518988,0.9831223628691983,0.9746835443037974,0.9620253164556962,0.9451476793248945,0.8185654008438819,0.5232067510548524,0.9542527204086165,0.9957805907172996,0.9957805907172996,0.9957805907172996,0.9957805907172996,0.9957805907172996,0.9957805907172996,0.9957805907172996,0.9957805907172996,0.9957805907172996,0.9915611814345991,0.9915611814345991,0.9915611814345991,0.9873417721518988,0.9831223628691983,0.9746835443037974,0.9620253164556962,0.9451476793248945,0.8185654008438819,0.5232067510548524,0.9542527204086165,0.42939933473544795,0.42939933473544795,0.42939933473544795,0.42939933473544795,0.42939933473544795,0.42939933473544795,0.42939933473544795,0.42939933473544795,0.42939933473544795,0.43025245674431967,0.43025245674431967,0.43025245674431967,0.42620733222526586,0.42508913627794165,0.42381283640335193,0.4208753892043248,0.4219878234164279,0.39003918222524914,0.3257002931286237,0.42047701977543034,0.99584918713248,0.99584918713248,0.99584918713248,0.99584918713248,0.99584918713248,0.99584918713248,0.99584918713248,0.99584918713248,0.99584918713248,0.9920017368649587,0.9920017368649587,0.9920017368649587,0.9879556950985522,0.9837601519814674,0.9756155096760303,0.9634979279067948,0.9498505621460406,0.8487151089180348,0.6454499572689218,0.9628154109359495,0.9345823635025151,0.9345823635025151,0.9345823635025151,0.9345823635025151,0.9345823635025151,0.9345823635025151,0.9345823635025151,0.9345823635025151,0.9345823635025151,0.936601463441318,0.936601463441318,0.936601463441318,0.9380188849066697,0.9391905525364446,0.9410268550497368,0.9432481247699025,0.9452289550180873,0.9549596298270601,0.966968520509573,0.9394572202349508,0.6523609325719149,0.6523609325719149,0.6523609325719149,0.6523609325719149,0.6523609325719149,0.6523609325719149,0.6523609325719149,0.6523609325719149,0.6523609325719149,0.6515825939958213,0.6515825939958213,0.6515825939958213,0.645722965584914,0.6431065307873781,0.6388476872796572,0.6314996204613406,0.6261883530645107,0.550531374630656,0.38465962017878497,0.6287659119537863,236.0,236.0,236.0,236.0,236.0,236.0,236.0,236.0,236.0,235.0,235.0,235.0,234.0,233.0,231.0,228.0,224.0,194.0,124.0,226.1578947368421,1.0,1.0,1.0,1.0,1.0,1.0,1.0,1.0,1.0,2.0,2.0,2.0,3.0,4.0,6.0,9.0,13.0,43.0,113.0,10.842105263157896,1.0,1.0,1.0,1.0,1.0,1.0,1.0,1.0,1.0,2.0,2.0,2.0,3.0,4.0,6.0,9.0,13.0,43.0,113.0,10.842105263157896,0.9578059071729957,0.936601463441318,0.9831223628691983,0.9915611814345991,0.9915611814345991,1.0,0.0,0.0,0.8949423793616444,0.9915611814345991,0.01652892561983471,0.9798390242599846,220.10134390870974,235,2,2,6,3,0,0,5.0,121,0.5232067510548524,0.5232067510548524,0.5232067510548524,124,113,113,237,237,9,3
tagging_004_tagging_aria03_rgb,0.6945842508559589,0.8707343291634292,0.6047983517165464,0.6945842508559589,0.6945842508559589,0.6945842508559589,0.6945842508559589,0.6945842508559589,0.6945842508559589,0.6945842508559589,0.6945842508559589,0.6945842508559589,0.6945842508559589,0.6945842508559589,0.6921704068026532,0.6828459506475814,0.6615951316968433,0.6156223050006507,0.5298615550749876,0.39990546214275746,0.18417845979127914,0.03996133752824405,0.6024509141105551,0.9807692307692307,0.9807692307692307,0.9807692307692307,0.9807692307692307,0.9807692307692307,0.9807692307692307,0.9807692307692307,0.9807692307692307,0.9807692307692307,0.9807692307692307,0.9807692307692307,0.9731800766283525,0.9581749049429658,0.9216417910447762,0.8392857142857143,0.7166666666666667,0.5327380952380952,0.25609756097560976,0.048879837067209775,0.8439540097532068,0.49190703215550874,0.49190703215550874,0.49190703215550874,0.49190703215550874,0.49190703215550874,0.49190703215550874,0.49190703215550874,0.49190703215550874,0.49190703215550874,0.49190703215550874,0.49190703215550874,0.4923034118343482,0.48663202293275865,0.4749221688274096,0.45156353308939573,0.3917487454136987,0.30019324707788697,0.13245618162805725,0.03267008633540446,0.43018246057102927,0.9807692307692307,0.9807692307692307,0.9807692307692307,0.9807692307692307,0.9807692307692307,0.9807692307692307,0.9807692307692307,0.9807692307692307,0.9807692307692307,0.9807692307692307,0.9807692307692307,0.9769230769230769,0.9692307692307692,0.95,0.9038461538461539,0.8269230769230769,0.6884615384615385,0.40384615384615385,0.09230769230769231,0.8736842105263157,1.0,1.0,1.0,1.0,1.0,1.0,1.0,1.0,1.0,1.0,1.0,0.996078431372549,0.9882352941176471,0.9686274509803922,0.9215686274509803,0.8431372549019608,0.7019607843137254,0.4117647058823529,0.09411764705882353,0.8908152734778122,0.4930193182457653,0.4930193182457653,0.4930193182457653,0.4930193182457653,0.4930193182457653,0.4930193182457653,0.4930193182457653,0.4930193182457653,0.4930193182457653,0.4930193182457653,0.4930193182457653,0.4935397693322917,0.48978770138512767,0.48182164999710764,0.46716340881795554,0.4253360576499944,0.3500517876524945,0.17069822322128347,0.04005324697336287,0.4390349655648966,0.9664488017429195,0.9664488017429195,0.9664488017429195,0.9664488017429195,0.9664488017429195,0.9664488017429195,0.9664488017429195,0.9664488017429195,0.9664488017429195,0.9664488017429195,0.9664488017429195,0.9625984251968503,0.9545340880086642,0.9354769181503553,0.8909789717434866,0.8126260213311849,0.6852712897997436,0.4318301172417395,0.2555827176589888,0.8715702825422698,0.8707343291634292,0.8707343291634292,0.8707343291634292,0.8707343291634292,0.8707343291634292,0.8707343291634292,0.8707343291634292,0.8707343291634292,0.8707343291634292,0.8707343291634292,0.8707343291634292,0.8718954383512791,0.8739730985606621,0.8779263390969146,0.8855835234451964,0.8956873014689467,0.9092512913357609,0.9324532783935211,0.9644832105306002,0.8836490053674,0.6945842508559589,0.6945842508559589,0.6945842508559589,0.6945842508559589,0.6945842508559589,0.6945842508559589,0.6945842508559589,0.6945842508559589,0.6945842508559589,0.6945842508559589,0.6945842508559589,0.6935002262933591,0.6867741476784366,0.6716964049226698,0.6388614580642902,0.5691626111562941,0.45461137768318866,0.23128320194868995,0.054915391987258526,0.6126963989026176,255.0,255.0,255.0,255.0,255.0,255.0,255.0,255.0,255.0,255.0,255.0,254.0,252.0,247.0,235.0,215.0,179.0,105.0,24.0,227.1578947368421,5.0,5.0,5.0,5.0,5.0,5.0,5.0,5.0,5.0,5.0,5.0,6.0,8.0,13.0,25.0,45.0,81.0,155.0,236.0,32.8421052631579,0.0,0.0,0.0,0.0,0.0,0.0,0.0,0.0,0.0,0.0,0.0,1.0,3.0,8.0,20.0,40.0,76.0,150.0,231.0,27.842105263157894,0.9538461538461539,0.8707343291634292,0.9807692307692307,0.9807692307692307,1.0,1.0,0.0,0.0,0.8270663612949016,0.9902912621359223,0.0,0.9775188536922529,222.03725393667443,255,5,0,7,3,0,0,7.0,121,0.6330097087378641,0.6269230769230769,0.6392156862745098,163,97,92,255,260,9,3
tagging_004_tagging_aria04_rgb,0.77852786753061,0.880878789773943,0.6857886857556523,0.77852786753061,0.7753777246185233,0.7753777246185233,0.7681386584804523,0.7681386584804523,0.764222887924623,0.764222887924623,0.7605645171942269,0.7605645171942269,0.7605645171942269,0.7588358621197289,0.7542442012005828,0.7454087653032918,0.733420889558508,0.7171388952821501,0.6961610599227965,0.6205876428162325,0.4277746307843698,0.15306864193653402,0.6990705552676149,0.9107142857142857,0.9022222222222223,0.9022222222222223,0.8854625550660793,0.8854625550660793,0.8771929824561403,0.8771929824561403,0.868995633187773,0.868995633187773,0.868995633187773,0.8608695652173913,0.8448275862068966,0.8369098712446352,0.8212765957446808,0.7833333333333333,0.7327935222672065,0.6150943396226415,0.3941368078175896,0.13227513227513227,0.7825775504471577,0.6655277621415393,0.666366446122092,0.666366446122092,0.6663601925076508,0.6663601925076508,0.66580174956775,0.66580174956775,0.6656631664452725,0.6656631664452725,0.6656631664452725,0.6688956014998393,0.6733732708692429,0.6639116665748609,0.6549635092828312,0.6565381214380885,0.6613598600781734,0.6261300057686812,0.4642832922810751,0.17713086913086915,0.6266400123576844,0.918918918918919,0.9144144144144144,0.9144144144144144,0.9054054054054054,0.9054054054054054,0.9009009009009009,0.9009009009009009,0.8963963963963963,0.8963963963963963,0.8963963963963963,0.8918918918918919,0.8828828828828829,0.8783783783783784,0.8693693693693694,0.8468468468468469,0.8153153153153153,0.7342342342342343,0.545045045045045,0.22522522522522523,0.8283546704599335,0.9902912621359223,0.9854368932038835,0.9854368932038835,0.9757281553398058,0.9757281553398058,0.970873786407767,0.970873786407767,0.9660194174757282,0.9660194174757282,0.9660194174757282,0.9611650485436893,0.9514563106796117,0.9466019417475728,0.9368932038834952,0.912621359223301,0.8786407766990292,0.7912621359223301,0.587378640776699,0.24271844660194175,0.892692897291773,0.66579105234291,0.6668410990098832,0.6668410990098832,0.6676297234231249,0.6676297234231249,0.667506333578702,0.667506333578702,0.6676394023855013,0.6676394023855013,0.6676394023855013,0.6708818184296653,0.6755022076920573,0.6699336875450236,0.6648118607145058,0.6696693167787793,0.6787709673286876,0.665725026776044,0.5645805513900337,0.2748995215311005,0.6424967647215122,0.9928601875532822,0.9885414435639323,0.9885414435639323,0.9798904030571779,0.9798904030571779,0.9757898550724639,0.9757898550724639,0.9723181123006336,0.9723181123006336,0.9723181123006336,0.9721783047870004,0.9708961845607809,0.9656844753165824,0.9575834243101646,0.9379121796848439,0.9185619242369182,0.8622999181548127,0.699510765913928,0.33333333333333326,0.9166430756916154,0.880878789773943,0.8847500184647772,0.8847500184647772,0.8917368618924457,0.8917368618924457,0.8948986459513655,0.8948986459513655,0.8974531647999926,0.8974531647999926,0.8974531647999926,0.8993761196270259,0.902500384158643,0.9038708298468484,0.9062745200292504,0.9107918846456023,0.9159493418377755,0.9253891585960797,0.9413165295664269,0.9660692405494509,0.904607755034116,0.7820268868124873,0.7805991824336912,0.7805991824336912,0.7767407033517771,0.7767407033517771,0.7744813722788831,0.7744813722788831,0.7724623379915404,0.7724623379915404,0.7724623379915404,0.7723875733722395,0.7710445737059003,0.7636528354380104,0.754589433417381,0.7456455176386414,0.7343138449304416,0.6780310356588733,0.503046029658321,0.19973567506667378,0.7202896282001208,204.0,203.0,203.0,201.0,201.0,200.0,200.0,199.0,199.0,199.0,198.0,196.0,195.0,193.0,188.0,181.0,163.0,121.0,50.0,183.89473684210526,18.0,19.0,19.0,21.0,21.0,22.0,22.0,23.0,23.0,23.0,24.0,26.0,27.0,29.0,34.0,41.0,59.0,101.0,172.0,38.10526315789474,2.0,3.0,3.0,5.0,5.0,6.0,6.0,7.0,7.0,7.0,8.0,10.0,11.0,13.0,18.0,25.0,43.0,85.0,156.0,22.105263157894736,0.8333333333333334,0.8974531647999926,0.8648648648648649,0.8963963963963963,0.9660194174757282,0.6666666666666666,0.3333333333333333,0.0,0.7414107197981915,0.9299065420560748,0.05785123966942149,0.8610581169368727,178.59317979519852,199,23,7,7,2,1,0,9.0,121,0.7570093457943925,0.7297297297297297,0.7864077669902912,162,60,44,206,222,10,3
tagging_005_tagging_aria01_rgb,0.43095403055937503,0.9095624884356165,0.39197962043694384,0.43095403055937503,0.43095403055937503,0.4299784605787973,0.4299784605787973,0.4299784605787973,0.42921216882827834,0.42889589097040387,0.42889589097040387,0.42717404453023156,0.4259778512506424,0.42521664447492197,0.42376718378421124,0.4197890941035329,0.41708342862156733,0.40184673909757035,0.3834658417274204,0.34700185460024213,0.27169710198337915,0.11144399277855103,0.3943847984513946,0.9716713881019831,0.9716713881019831,0.969811320754717,0.969811320754717,0.969811320754717,0.9679547596606974,0.9661016949152542,0.9661016949152542,0.9624060150375939,0.9568884723523898,0.9532273152478953,0.9459459459459459,0.9369202226345084,0.9297597042513863,0.8895927601809954,0.8364116094986808,0.7371048252911814,0.5535714285714286,0.19110096976611524,0.8760981135124971,0.19113599384474017,0.19113599384474017,0.1906365419799758,0.1906365419799758,0.1906365419799758,0.19032200010551245,0.1904061303892368,0.1904061303892368,0.18960569808282862,0.18963247546500892,0.18968108849408194,0.18984026182682442,0.1880873944984846,0.18710058699606488,0.1815221626696873,0.17580584738637697,0.16335571680519315,0.13335102105372051,0.06499058346813227,0.17780466901367353,0.98,0.98,0.979047619047619,0.979047619047619,0.979047619047619,0.9780952380952381,0.9771428571428571,0.9771428571428571,0.9752380952380952,0.9723809523809523,0.9704761904761905,0.9666666666666667,0.9619047619047619,0.9580952380952381,0.9361904761904762,0.9057142857142857,0.8438095238095238,0.7085714285714285,0.319047619047619,0.9130325814536341,0.9913294797687862,0.9913294797687862,0.9903660886319846,0.9903660886319846,0.9903660886319846,0.9894026974951831,0.9884393063583815,0.9884393063583815,0.9865125240847784,0.9836223506743738,0.9816955684007708,0.9778420038535646,0.9730250481695568,0.9691714836223507,0.9470134874759152,0.9161849710982659,0.8535645472061657,0.7167630057803468,0.3227360308285164,0.9235878714126355,0.19359986921484734,0.19359986921484734,0.19319288546246227,0.19319288546246227,0.19319288546246227,0.19292365071637224,0.19301269667223614,0.19301269667223614,0.19234435506713338,0.19239819976383393,0.19242765432964154,0.1926142094768942,0.19119284696326774,0.19040323131556977,0.18580678074892215,0.18085472514691758,0.16965936269336382,0.14193085630207605,0.07291347644892421,0.18148805984918268,0.9227837252739995,0.9227837252739995,0.9217440932716116,0.9217440932716116,0.9217440932716116,0.9208448780798233,0.9198418029122598,0.9198418029122598,0.9179313329544565,0.9154155986513268,0.914649597727567,0.9117784137552126,0.9066567257625391,0.9032081224502886,0.8846450807598718,0.8678799201712076,0.83135963089023,0.7244483081560873,0.39406181168771476,0.8707033030122988,0.9095624884356165,0.9095624884356165,0.9103400507636352,0.9103400507636352,0.9103400507636352,0.9109360646353662,0.9114842624766721,0.9114842624766721,0.9124493898289362,0.9137244693941421,0.9144629054217266,0.9157972998174286,0.9172052881228956,0.918162532805391,0.9226978692414478,0.9275709826068608,0.9349988404042191,0.9452405860354036,0.9646802309859186,0.9195284270218537,0.4327970355349553,0.4327970355349553,0.4320211250957142,0.4320211250957142,0.4320211250957142,0.43145456540401,0.4313397619812649,0.4313397619812649,0.4300124414997631,0.42941239746311816,0.4290465944010205,0.42838330161114313,0.42534945682621,0.42339128645468554,0.4122369705750075,0.39903617315971135,0.3712695915489895,0.30739018118588857,0.14399684342381658,0.4029114091512077,1029.0,1029.0,1028.0,1028.0,1028.0,1027.0,1026.0,1026.0,1024.0,1021.0,1019.0,1015.0,1010.0,1006.0,983.0,951.0,886.0,744.0,335.0,958.6842105263158,21.0,21.0,22.0,22.0,22.0,23.0,24.0,24.0,26.0,29.0,31.0,35.0,40.0,44.0,67.0,99.0,164.0,306.0,715.0,91.3157894736842,9.0,9.0,10.0,10.0,10.0,11.0,12.0,12.0,14.0,17.0,19.0,23.0,28.0,32.0,55.0,87.0,152.0,294.0,703.0,79.3157894736842,0.9352380952380952,0.9137244693941421,0.9561904761904761,0.9723809523809523,0.9836223506743738,1.0,0.0,0.0,0.8513454126203991,0.9779693486590039,0.03854875283446712,0.9549119783992169,932.912683251419,1021,29,17,22,3,0,0,24.0,441,0.28735632183908044,0.2857142857142857,0.28901734104046245,300,750,738,1038,1050,22,3
tagging_005_tagging_aria02_rgb,0.6694623904738288,0.9215639771594292,0.6169524231237205,0.6694623904738288,0.6694623904738288,0.6694623904738288,0.6694623904738288,0.6694623904738288,0.6694623904738288,0.6694623904738288,0.6694623904738288,0.6671847866896415,0.6652596769712913,0.6641463139662069,0.6636637873778818,0.6590610041481512,0.6538320811970275,0.6448976480833959,0.6297848414702714,0.5962087037355135,0.5079491097553203,0.21421870040967902,0.6274687251365795,0.9856972586412396,0.9856972586412396,0.9856972586412396,0.9856972586412396,0.9856972586412396,0.9856972586412396,0.9856972586412396,0.9856972586412396,0.9809750297265161,0.9762752075919335,0.9739336492890995,0.9715976331360947,0.96,0.9485380116959065,0.9260115606936417,0.8910329171396141,0.8148148148148148,0.6285434995112414,0.24328358208955222,0.9052938934114912,0.4546831071405623,0.4546831071405623,0.4546831071405623,0.4546831071405623,0.4546831071405623,0.4546831071405623,0.4546831071405623,0.4546831071405623,0.4537684712670015,0.45332549097050695,0.4528956635566122,0.453325129307987,0.45245979915496803,0.4506897827300654,0.4491228772478447,0.44513388777935337,0.4362522771395225,0.4104923498562216,0.1886261753097664,0.4359766716549656,0.9904191616766467,0.9904191616766467,0.9904191616766467,0.9904191616766467,0.9904191616766467,0.9904191616766467,0.9904191616766467,0.9904191616766467,0.9880239520958084,0.98562874251497,0.9844311377245509,0.9832335329341317,0.9772455089820359,0.9712574850299401,0.9592814371257485,0.9401197604790419,0.895808383233533,0.770059880239521,0.3904191616766467,0.9352032776552159,0.9951865222623345,0.9951865222623345,0.9951865222623345,0.9951865222623345,0.9951865222623345,0.9951865222623345,0.9951865222623345,0.9951865222623345,0.9927797833935018,0.9903730445246691,0.9891696750902527,0.9879663056558363,0.9819494584837545,0.9759326113116726,0.9638989169675091,0.9446450060168472,0.9001203369434416,0.7737665463297232,0.39229843561973526,0.9397048578124012,0.4549328721298057,0.4549328721298057,0.4549328721298057,0.4549328721298057,0.4549328721298057,0.4549328721298057,0.4549328721298057,0.4549328721298057,0.45431384788325546,0.45405519948552,0.45376054439700725,0.45419371090526,0.4539022319801531,0.45293392043728475,0.4522737687104594,0.4498556806341728,0.44449845294636003,0.43016036544166936,0.24393411165123555,0.44122867429004325,0.9954226067694308,0.9954226067694308,0.9954226067694308,0.9954226067694308,0.9954226067694308,0.9954226067694308,0.9954226067694308,0.9954226067694308,0.9930502349700209,0.9906828889681156,0.989534005700358,0.9884139607510393,0.9829789655867716,0.9774206967204343,0.9669914436051544,0.950769939313365,0.9172193825381293,0.8471065523141751,0.470295033196094,0.9493602083062688,0.9215639771594292,0.9215639771594292,0.9215639771594292,0.9215639771594292,0.9215639771594292,0.9215639771594292,0.9215639771594292,0.9215639771594292,0.9227521206529015,0.9238192672317811,0.9242801110681598,0.9246884747223407,0.9265070805999207,0.9280184256098822,0.9305346457462452,0.9337173942079455,0.939006932335033,0.9485830403869762,0.9664033027401981,0.9284643480303587,0.6710639774288951,0.6710639774288951,0.6710639774288951,0.6710639774288951,0.6710639774288951,0.6710639774288951,0.6710639774288951,0.6710639774288951,0.6695775670657553,0.6684389527961713,0.6677159525917823,0.6676259944439807,0.6649543643883439,0.661616070620336,0.6563804073343168,0.6468996552481926,0.625138742253512,0.5622309932487906,0.27137294123532507,0.638445445297772,827.0,827.0,827.0,827.0,827.0,827.0,827.0,827.0,825.0,823.0,822.0,821.0,816.0,811.0,801.0,785.0,748.0,643.0,326.0,780.8947368421053,8.0,8.0,8.0,8.0,8.0,8.0,8.0,8.0,10.0,12.0,13.0,14.0,19.0,24.0,34.0,50.0,87.0,192.0,509.0,54.10526315789474,4.0,4.0,4.0,4.0,4.0,4.0,4.0,4.0,6.0,8.0,9.0,10.0,15.0,20.0,30.0,46.0,83.0,188.0,505.0,50.10526315789474,0.962874251497006,0.9238192672317811,0.9760479041916168,0.98562874251497,0.9903730445246691,1.0,0.0,0.0,0.8877883316547974,0.9879951980792316,0.018140589569160998,0.9748007273231638,760.3032569317559,823,12,8,11,3,0,0,11.0,441,0.5738295318127251,0.5724550898203593,0.5752105896510229,478,357,353,831,835,14,3
tagging_005_tagging_aria03_rgb,0.5115670850158689,0.8997695324395873,0.460292476896211,0.5115670850158689,0.5115670850158689,0.5115670850158689,0.5115670850158689,0.5115670850158689,0.5115670850158689,0.5112468662666038,0.5100358405756102,0.508527274059286,0.5063831379666214,0.5063831379666214,0.5056793956669582,0.5043022564128969,0.500682669349359,0.4863004946966238,0.46062044783690026,0.3852275480509553,0.2778089333432666,0.1073501105050938,0.46526055909431624,0.9745145631067961,0.9745145631067961,0.9745145631067961,0.9745145631067961,0.9745145631067961,0.9745145631067961,0.9721212121212122,0.9697336561743342,0.964975845410628,0.9578820697954272,0.9578820697954272,0.9531812725090036,0.9461722488038278,0.9323040380047506,0.8896631823461092,0.8260381593714927,0.6653019447287615,0.447508896797153,0.14820042342978124,0.8672659156804571,0.26854486569940944,0.26854486569940944,0.26854486569940944,0.26854486569940944,0.26854486569940944,0.26854486569940944,0.26886910295588984,0.26825567723195864,0.2679859705214959,0.26769880186992767,0.26769880186992767,0.2682717952787775,0.268789077405998,0.26888560509004494,0.2658176440645142,0.2568539898046613,0.22305701186226468,0.17246093652593175,0.07775987381652828,0.25019334118391456,0.9816625916870416,0.9816625916870416,0.9816625916870416,0.9816625916870416,0.9816625916870416,0.9816625916870416,0.980440097799511,0.9792176039119804,0.9767726161369193,0.9731051344743277,0.9731051344743277,0.9706601466992665,0.9669926650366748,0.9596577017114915,0.9364303178484108,0.8997555012224939,0.7946210268948656,0.6149144254278729,0.2567237163814181,0.9038090335864112,0.992583436341162,0.992583436341162,0.992583436341162,0.992583436341162,0.992583436341162,0.992583436341162,0.9913473423980222,0.9901112484548825,0.9876390605686032,0.9839307787391842,0.9839307787391842,0.9814585908529048,0.9777503090234858,0.9703337453646477,0.9468479604449939,0.9097651421508035,0.8034610630407911,0.6217552533992583,0.2595797280593325,0.9138637694359509,0.2689024492957729,0.2689024492957729,0.2689024492957729,0.2689024492957729,0.2689024492957729,0.2689024492957729,0.26922714239518236,0.26874628872171286,0.26856401713901823,0.2684195600595352,0.2684195600595352,0.26899578047112793,0.2695303258588598,0.26982119341694233,0.2678124524111222,0.261262563952328,0.23427106363524366,0.18915430861413135,0.09297448969571519,0.25319018116868897,0.9900540119177464,0.9900540119177464,0.9900540119177464,0.9900540119177464,0.9900540119177464,0.9900540119177464,0.9894181690398385,0.9881672812229784,0.9857094667873569,0.9820399553560758,0.9820399553560758,0.9816168821957635,0.9784461515963484,0.9731267784795397,0.9548594675380957,0.9236982393097827,0.8309161613260571,0.6798041541592332,0.3559255719223564,0.9234785424103148,0.8997695324395873,0.8997695324395873,0.8997695324395873,0.8997695324395873,0.8997695324395873,0.8997695324395873,0.9004553118061078,0.9010923763881501,0.9022924976620115,0.9038916441052419,0.9038916441052419,0.9046985865645099,0.9057902946654282,0.907490902374174,0.9119319104168017,0.9172466094240727,0.928945496401738,0.9436004195522304,0.9650451246703707,0.9102626322512423,0.5134398200828708,0.5134398200828708,0.5134398200828708,0.5134398200828708,0.5134398200828708,0.5134398200828708,0.5134296929447492,0.5125238350504921,0.5116261892380735,0.5103911035590769,0.5103911035590769,0.5102947581159086,0.509820621683328,0.5079745483821175,0.49891853134660047,0.4807346360911499,0.421005690961646,0.3256512209290734,0.14128978657896427,0.4755100336282884,803.0,803.0,803.0,803.0,803.0,803.0,802.0,801.0,799.0,796.0,796.0,794.0,791.0,785.0,766.0,736.0,650.0,503.0,210.0,739.3157894736842,15.0,15.0,15.0,15.0,15.0,15.0,16.0,17.0,19.0,22.0,22.0,24.0,27.0,33.0,52.0,82.0,168.0,315.0,608.0,78.6842105263158,6.0,6.0,6.0,6.0,6.0,6.0,7.0,8.0,10.0,13.0,13.0,15.0,18.0,24.0,43.0,73.0,159.0,306.0,599.0,69.6842105263158,0.9339853300733496,0.9038916441052419,0.9572127139364304,0.9731051344743277,0.9839307787391842,1.0,0.0,0.0,0.8404617954862745,0.9784880147510756,0.02947845804988662,0.9556494454756077,719.4977487077725,796,22,13,19,3,0,0,20.0,441,0.3712354025814382,0.3691931540342298,0.37330037082818296,302,516,507,809,818,21,3
tagging_005_tagging_aria04_rgb,0.5450356352362484,0.8798755902450085,0.4795635512580572,0.5450356352362484,0.5432058763781923,0.5398605106928991,0.5345863123254333,0.5336004432949759,0.5321034649903669,0.5292568554346218,0.52461363178489,0.522523495169498,0.5194657608994265,0.5164640181069888,0.5111377884846258,0.499462088409128,0.4947134914700345,0.4805837378802202,0.4673393339107279,0.43246619884904536,0.33639817755436124,0.12696529387655647,0.48367274288148643,0.9783737024221453,0.9749568221070811,0.9698535745047373,0.9614065180102916,0.9563729683490163,0.9547008547008548,0.9480408858603067,0.9364944961896697,0.9267059814658803,0.9138075313807531,0.9042464612822648,0.8900826446280992,0.865415986949429,0.8488278092158448,0.807905138339921,0.7646604938271605,0.6656955571740714,0.45576066199872695,0.1349875930521092,0.8346471411293875,0.30363024163665103,0.30265199180214736,0.3005086320936937,0.29725461599444497,0.29771798504104774,0.2965683921415066,0.29546491422714716,0.2938826269394235,0.2946250574235674,0.2952970592604855,0.29498050965106676,0.29352537137280815,0.2882571867401671,0.28832872342927407,0.28587604924694626,0.2856248685308569,0.28094976920213505,0.24829640488413118,0.1194197591399195,0.28225579782933796,0.9792207792207792,0.9774891774891775,0.9748917748917749,0.9705627705627705,0.9679653679653679,0.9670995670995671,0.9636363636363636,0.9575757575757575,0.9523809523809523,0.9454545454545454,0.9402597402597402,0.9324675324675324,0.9186147186147187,0.9090909090909091,0.8848484848484849,0.858008658008658,0.7913419913419913,0.6199134199134199,0.2354978354978355,0.8813852813852814,0.9991166077738516,0.9973498233215548,0.9946996466431095,0.9902826855123675,0.9876325088339223,0.9867491166077739,0.9832155477031802,0.9770318021201413,0.9717314487632509,0.9646643109540636,0.9593639575971732,0.9514134275618374,0.9372791519434629,0.9275618374558304,0.9028268551236749,0.8754416961130742,0.8074204946996466,0.6325088339222615,0.24028268551236748,0.8992932862190813,0.316624215478194,0.3159575319947378,0.3144110520471749,0.31203660066002,0.3125532819776756,0.3116739343514257,0.3108722679253884,0.3098394629078681,0.31071108201966036,0.3115165312401186,0.31150917591850713,0.3106479944371287,0.30679502534077074,0.30722345180126465,0.3059584661484567,0.30656442961898134,0.3048450354542904,0.2823051988608832,0.16566521165831616,0.30145841841267695,0.8928400163703918,0.8919306699757139,0.8902509514524208,0.8868488460981904,0.8851595626287003,0.8843291786984678,0.88241968392976,0.8771305168341653,0.8755955787946063,0.8719840020131648,0.8715789290021858,0.8653058848649988,0.8519827732475636,0.8436496027422355,0.8281867742568614,0.8119466359381871,0.7670821441789357,0.6480391859606631,0.3005505633323582,0.8224637631747141,0.8798755902450085,0.8812784275217153,0.883289599344978,0.8864831441363613,0.8882323335707611,0.8888036753670435,0.8908611254481815,0.8940972040114216,0.8966770948501739,0.8997270923377212,0.901795767033679,0.9045181083606528,0.908749322604518,0.9111922436820329,0.9162787532377347,0.9205756832341795,0.9283058689044172,0.941872550961732,0.9647741350400395,0.9045993536785447,0.5452715303501869,0.5439108810569452,0.5412609294158599,0.537125929054017,0.536824644497778,0.5355475363172402,0.5335922933551216,0.5304855126484344,0.5297124623645831,0.5283842796083039,0.5266481722993044,0.5231662056752314,0.5145845843843255,0.5119736529347385,0.5029482965779198,0.49504404868865953,0.4715160122705171,0.3923292921818723,0.1676994179868371,0.4983171411404145,1131.0,1129.0,1126.0,1121.0,1118.0,1117.0,1113.0,1106.0,1100.0,1092.0,1086.0,1077.0,1061.0,1050.0,1022.0,991.0,914.0,716.0,272.0,1018.0,24.0,26.0,29.0,34.0,37.0,38.0,42.0,49.0,55.0,63.0,69.0,78.0,94.0,105.0,133.0,164.0,241.0,439.0,883.0,137.0,1.0,3.0,6.0,11.0,14.0,15.0,19.0,26.0,32.0,40.0,46.0,55.0,71.0,82.0,110.0,141.0,218.0,416.0,860.0,114.0,0.9428571428571428,0.90138092546199,0.9558441558441558,0.9679653679653679,0.9876325088339223,1.0,0.0,0.0,0.8473972940835539,0.9777000437254044,0.031746031746031744,0.9548258950138045,1007.7438746665048,1118,37,14,15,3,0,0,18.0,441,0.39615216440752077,0.3922077922077922,0.4001766784452297,453,702,679,1132,1155,15,3
tagging_006_tagging_aria01_rgb,0.6068037005810916,0.9365065417882964,0.5682756351755389,0.6068037005810916,0.6068037005810916,0.6068037005810916,0.6068037005810916,0.6068037005810916,0.6049337149320596,0.6049337149320596,0.6049337149320596,0.6049337149320596,0.6049337149320596,0.6049337149320596,0.6049337149320596,0.6049337149320596,0.6030253901657593,0.6030253901657593,0.5949794779131817,0.568225499542409,0.48126824550389014,0.21830919592992576,0.575911653767519,0.9938080495356038,0.9938080495356038,0.9938080495356038,0.9938080495356038,0.9938080495356038,0.990726429675425,0.990726429675425,0.990726429675425,0.990726429675425,0.990726429675425,0.990726429675425,0.990726429675425,0.990726429675425,0.9876543209876543,0.9876543209876543,0.9724349157733537,0.9223880597014925,0.75,0.301010101010101,0.9376838633442985,0.3705048788958472,0.3705048788958472,0.3705048788958472,0.3705048788958472,0.3705048788958472,0.3693701797996755,0.3693701797996755,0.3693701797996755,0.3693701797996755,0.3693701797996755,0.3693701797996755,0.3693701797996755,0.3693701797996755,0.3681851164493733,0.3681851164493733,0.36403524122363945,0.3500481331411772,0.3088254988405235,0.158329919386896,0.353952360966717,0.9938080495356038,0.9938080495356038,0.9938080495356038,0.9938080495356038,0.9938080495356038,0.9922600619195047,0.9922600619195047,0.9922600619195047,0.9922600619195047,0.9922600619195047,0.9922600619195047,0.9922600619195047,0.9922600619195047,0.9907120743034056,0.9907120743034056,0.9829721362229102,0.9566563467492261,0.8544891640866873,0.4613003095975232,0.9549454130682744,1.0,1.0,1.0,1.0,1.0,0.9984423676012462,0.9984423676012462,0.9984423676012462,0.9984423676012462,0.9984423676012462,0.9984423676012462,0.9984423676012462,0.9984423676012462,0.9968847352024922,0.9968847352024922,0.9890965732087228,0.9626168224299065,0.8598130841121495,0.46417445482866043,0.960895228726021,0.3705048788958472,0.3705048788958472,0.3705048788958472,0.3705048788958472,0.3705048788958472,0.36968147763867104,0.36968147763867104,0.36968147763867104,0.36968147763867104,0.36968147763867104,0.36968147763867104,0.36968147763867104,0.36968147763867104,0.36882314544043926,0.36882314544043926,0.36583910241107664,0.3562990419460661,0.3288494309695361,0.19934874605521197,0.3577873067290197,1.0,1.0,1.0,1.0,1.0,0.9984516673900039,0.9984516673900039,0.9984516673900039,0.9984516673900039,0.9984516673900039,0.9984516673900039,0.9984516673900039,0.9984516673900039,0.9968986756012168,0.9968986756012168,0.9893336275788949,0.9638851342939158,0.8678489636487975,0.5171582703469163,0.9641914045363676,0.9365065417882964,0.9365065417882964,0.9365065417882964,0.9365065417882964,0.9365065417882964,0.9375125717272679,0.9375125717272679,0.9375125717272679,0.9375125717272679,0.9375125717272679,0.9375125717272679,0.9375125717272679,0.9375125717272679,0.9379141864907057,0.9379141864907057,0.9391617243786843,0.9422167760286668,0.9493732556505396,0.9652345077476552,0.9397077852392939,0.6068037005810916,0.6068037005810916,0.6068037005810916,0.6068037005810916,0.6068037005810916,0.6054017488240718,0.6054017488240718,0.6054017488240718,0.6054017488240718,0.6054017488240718,0.6054017488240718,0.6054017488240718,0.6054017488240718,0.6039581446136806,0.6039581446136806,0.598194365341252,0.5786845152906939,0.5137003429557869,0.27025477022936345,0.5813675145548679,642.0,642.0,642.0,642.0,642.0,641.0,641.0,641.0,641.0,641.0,641.0,641.0,641.0,640.0,640.0,635.0,618.0,552.0,298.0,616.8947368421053,4.0,4.0,4.0,4.0,4.0,5.0,5.0,5.0,5.0,5.0,5.0,5.0,5.0,6.0,6.0,11.0,28.0,94.0,348.0,29.105263157894736,0.0,0.0,0.0,0.0,0.0,1.0,1.0,1.0,1.0,1.0,1.0,1.0,1.0,2.0,2.0,7.0,24.0,90.0,344.0,25.105263157894736,0.9752321981424149,0.9375125717272679,0.9907120743034056,0.9922600619195047,0.9984423676012462,1.0,0.0,0.0,0.913228418695323,0.9953416149068323,0.0026954177897574125,0.9891640866873065,600.9455584771787,641,5,1,10,3,0,0,10.0,371,0.5124223602484472,0.5108359133126935,0.514018691588785,330,316,312,642,646,13,3
tagging_006_tagging_aria02_rgb,0.9054090286640163,0.9165132393713694,0.8298193618169426,0.9054090286640163,0.9054090286640163,0.9054090286640163,0.9054090286640163,0.9054090286640163,0.9054090286640163,0.9054090286640163,0.9031784397003161,0.9031784397003161,0.9014997297033943,0.8998311330961722,0.8921265397761304,0.8829478368658656,0.8703884057146739,0.8379855110949006,0.795145572693936,0.7231216496013947,0.6044684947528427,0.2445447814894972,0.8313831439388185,0.9820415879017014,0.9820415879017014,0.9820415879017014,0.9820415879017014,0.9820415879017014,0.9820415879017014,0.9820415879017014,0.9783018867924528,0.9783018867924528,0.9764373232799246,0.9745762711864406,0.9634831460674157,0.9506976744186046,0.930939226519337,0.8925992779783394,0.8378615249780894,0.7533444816053512,0.6193050193050194,0.24229857819905212,0.8932861796018099,0.8347564087768277,0.8347564087768277,0.8347564087768277,0.8347564087768277,0.8347564087768277,0.8347564087768277,0.8347564087768277,0.8338236948658316,0.8338236948658316,0.8323132916768976,0.8308185742132058,0.8260546811031011,0.8200260751693441,0.8137759750816513,0.7867132924367238,0.7546073699843199,0.6941113035140973,0.5899874048474486,0.24681180796949426,0.7740085277455653,0.9829706717123936,0.9829706717123936,0.9829706717123936,0.9829706717123936,0.9829706717123936,0.9829706717123936,0.9829706717123936,0.9810785241248817,0.9810785241248817,0.9801324503311258,0.97918637653737,0.9735099337748344,0.9668874172185431,0.956480605487228,0.935666982024598,0.9044465468306528,0.8524124881740776,0.7587511825922422,0.3869441816461684,0.9230194692028083,0.9990384615384615,0.9990384615384615,0.9990384615384615,0.9990384615384615,0.9990384615384615,0.9990384615384615,0.9990384615384615,0.9971153846153846,0.9971153846153846,0.9961538461538462,0.9951923076923077,0.989423076923077,0.9826923076923076,0.9721153846153846,0.9509615384615384,0.9192307692307692,0.8663461538461539,0.7711538461538462,0.39326923076923076,0.9381072874493929,0.8347572340618576,0.8347572340618576,0.8347572340618576,0.8347572340618576,0.8347572340618576,0.8347572340618576,0.8347572340618576,0.8345270540468419,0.8345270540468419,0.8336971711701634,0.8328712057040754,0.8307831873963295,0.8280196436241705,0.8260675482691372,0.8110185553812248,0.7936974999065854,0.7573048452854133,0.6904658131307926,0.3739909603273963,0.7942247987748408,0.9991250328112695,0.9991250328112695,0.9991250328112695,0.9991250328112695,0.9991250328112695,0.9991250328112695,0.9991250328112695,0.9972247276503228,0.9972247276503228,0.996266515142354,0.9953129354695351,0.9897620285999221,0.9834741777027075,0.9749228389606288,0.9558689333092063,0.9272262738024869,0.8775751814705689,0.7888723145801317,0.42469228960655464,0.9422262196644015,0.9165132393713694,0.9165132393713694,0.9165132393713694,0.9165132393713694,0.9165132393713694,0.9165132393713694,0.9165132393713694,0.9175598401612316,0.9175598401612316,0.9179968827731073,0.9183968212138464,0.920431790791702,0.9223892990281938,0.925109183619907,0.9294386428614646,0.9346255816385458,0.9411501799034092,0.9487586962292054,0.9656764353196372,0.9249834668053193,0.9058372192903004,0.9058372192903004,0.9058372192903004,0.9058372192903004,0.9058372192903004,0.9058372192903004,0.9058372192903004,0.9044592417236533,0.9044592417236533,0.9032038895036063,0.9019568887944551,0.8967566213277,0.8904341041718619,0.8822476621544867,0.8579636659281699,0.8261368107010357,0.7692003271568494,0.6690692349395013,0.30903461465565185,0.8450412019901435,1039.0,1039.0,1039.0,1039.0,1039.0,1039.0,1039.0,1037.0,1037.0,1036.0,1035.0,1029.0,1022.0,1011.0,989.0,956.0,901.0,802.0,409.0,975.6315789473684,18.0,18.0,18.0,18.0,18.0,18.0,18.0,20.0,20.0,21.0,22.0,28.0,35.0,46.0,68.0,101.0,156.0,255.0,648.0,81.36842105263158,1.0,1.0,1.0,1.0,1.0,1.0,1.0,3.0,3.0,4.0,5.0,11.0,18.0,29.0,51.0,84.0,139.0,238.0,631.0,64.36842105263158,0.9697256385998108,0.9176429290137128,0.978240302743614,0.9810785241248817,0.9971153846153846,1.0,0.0,0.0,0.888926884945336,0.989031950405341,0.008086253369272238,0.9773375189125455,951.5957173872201,1037,20,3,9,3,0,0,11.0,371,0.9060562708631378,0.8987701040681173,0.9134615384615384,950,107,90,1040,1057,11,3
tagging_006_tagging_aria03_rgb,0.6101962941844021,0.9070854420539297,0.5535001752499281,0.6101962941844021,0.6101962941844021,0.6101962941844021,0.6101962941844021,0.6095597861528667,0.6095597861528667,0.6085509463673041,0.6039368278894587,0.6008618352262007,0.5986809465064945,0.5958982929835979,0.5943166531644848,0.5913236737249036,0.5894441903829616,0.5802289594868293,0.5628114974159528,0.5163824807590188,0.39751065768918803,0.09585273818182356,0.5576686552011347,0.9738693467336683,0.9738693467336683,0.9738693467336683,0.9738693467336683,0.9718875502008032,0.9718875502008032,0.9679358717434869,0.9561752988047809,0.952286282306163,0.9484126984126984,0.9426310583580614,0.9368836291913215,0.9292730844793713,0.9236043095004897,0.9086491739552964,0.8740458015267175,0.7854545454545454,0.5674381484437351,0.12228571428571429,0.8765435844104557,0.38233005144395826,0.38233005144395826,0.38233005144395826,0.38233005144395826,0.3823108268214356,0.3823108268214356,0.38260205571003353,0.38145692796823577,0.3791243786029086,0.3779144630916228,0.37670600011768546,0.3770076381135109,0.37627656815586835,0.3761832312845448,0.37051224507439195,0.3624029553946717,0.33948605680361377,0.27847039084323905,0.07513344850312209,0.35511674837274493,0.9778002018163471,0.9778002018163471,0.9778002018163471,0.9778002018163471,0.9767911200807265,0.9767911200807265,0.9747729566094854,0.9687184661957619,0.9667003027245207,0.9646821392532795,0.9616548940464178,0.958627648839556,0.9545913218970736,0.9515640766902119,0.9434914228052472,0.9243188698284561,0.8718466195761857,0.7174571140262361,0.21594349142280525,0.9073238090180041,0.9958890030832477,0.9958890030832477,0.9958890030832477,0.9958890030832477,0.9948612538540597,0.9948612538540597,0.9928057553956835,0.986639260020555,0.9845837615621789,0.9825282631038027,0.9794450154162384,0.9763617677286742,0.9722507708119219,0.9691675231243576,0.9609455292908531,0.9414182939362795,0.8879753340184995,0.7307297019527236,0.2199383350462487,0.9241088332341645,0.38284056613019324,0.38284056613019324,0.38284056613019324,0.38284056613019324,0.3828561233730806,0.3828561233730806,0.3831932167811531,0.3826479265166524,0.38100817027119416,0.3801721480737975,0.3793630785740119,0.37973575427902223,0.3792662287310921,0.3792772561957994,0.37517334593422463,0.3694432098802437,0.35278451438842434,0.3055534005286461,0.09955240145730157,0.36022342962518406,0.9959822543641873,0.9959822543641873,0.9959822543641873,0.9959822543641873,0.9949619813238848,0.9949619813238848,0.9931539455849213,0.9888582437780292,0.9867876423485419,0.9848022723740779,0.9818313248688127,0.9802732388676872,0.976507909810728,0.9736578200401685,0.965641519050203,0.9484257035905433,0.8960875026055958,0.7518419878578843,0.3075406153962283,0.9320664582251548,0.9070854420539297,0.9070854420539297,0.9070854420539297,0.9070854420539297,0.9077850873883727,0.9077850873883727,0.9089828635462657,0.9123121899291023,0.91331512229525,0.9142213580309176,0.9154893081052641,0.9165212685639352,0.9176916415447224,0.9184159498404773,0.9200150426437735,0.9228491145146328,0.928468268831947,0.938925544785285,0.9634508668785112,0.917608972763292,0.6114265298973841,0.6114265298973841,0.6114265298973841,0.6114265298973841,0.6110955905174728,0.6110955905174728,0.610696436086978,0.6078851620011271,0.6053921469309604,0.6037941145042581,0.6018813576028275,0.6011738065811826,0.5993249090391661,0.5982996315757,0.5912487845839555,0.5787710170290971,0.5440402292271038,0.44697937643268093,0.12737574020354003,0.5676189480222662,969.0,969.0,969.0,969.0,968.0,968.0,966.0,960.0,958.0,956.0,953.0,950.0,946.0,943.0,935.0,916.0,864.0,711.0,214.0,899.1578947368421,22.0,22.0,22.0,22.0,23.0,23.0,25.0,31.0,33.0,35.0,38.0,41.0,45.0,48.0,56.0,75.0,127.0,280.0,777.0,91.84210526315789,4.0,4.0,4.0,4.0,5.0,5.0,7.0,13.0,15.0,17.0,20.0,23.0,27.0,30.0,38.0,57.0,109.0,262.0,759.0,73.84210526315789,0.9465186680121089,0.9132389192916402,0.9576185671039354,0.9697275479313825,0.987667009249743,1.0,0.0,0.0,0.8623840579609146,0.9786150712830958,0.03234501347708895,0.9565677167657334,877.6226014392663,961,30,12,11,3,0,0,13.0,371,0.5101832993890021,0.5055499495459133,0.5149023638232272,501,490,472,973,991,13,3
tagging_006_tagging_aria04_rgb,0.5362956405578369,0.9165905416266724,0.49156351165093093,0.5362956405578369,0.5362956405578369,0.5362956405578369,0.5362956405578369,0.5362956405578369,0.5362956405578369,0.5362956405578369,0.5362956405578369,0.5362956405578369,0.5333328262373358,0.530072349674344,0.5246185506038767,0.5242073296283761,0.5114645150773095,0.49819972652467226,0.4864788982955226,0.45489581884060915,0.38017643024171577,0.13819766086261046,0.4951739405793108,0.9840490797546012,0.9840490797546012,0.9840490797546012,0.9840490797546012,0.9840490797546012,0.9840490797546012,0.9840490797546012,0.9840490797546012,0.9840490797546012,0.9791921664626683,0.9719512195121951,0.96,0.9576271186440678,0.9295942720763724,0.9023529411764706,0.8736964078794901,0.7926829268292683,0.6186186186186187,0.2058165548098434,0.8972617865158107,0.29227507041931733,0.29227507041931733,0.29227507041931733,0.29227507041931733,0.29227507041931733,0.29227507041931733,0.29227507041931733,0.29227507041931733,0.29227507041931733,0.2904883364925782,0.2890851827217185,0.2866923162892838,0.28695232109257823,0.28140873716762266,0.27506195877818707,0.27087408893120735,0.2610504137213969,0.23364010354890424,0.09279425304510872,0.27360649187170744,0.9938042131350682,0.9938042131350682,0.9938042131350682,0.9938042131350682,0.9938042131350682,0.9938042131350682,0.9938042131350682,0.9938042131350682,0.9938042131350682,0.9913258983890955,0.9876084262701363,0.9814126394052045,0.9801734820322181,0.9653035935563816,0.9504337050805453,0.9343246592317225,0.885997521685254,0.7657992565055762,0.3420074349442379,0.9330855018587362,0.9901234567901235,0.9901234567901235,0.9901234567901235,0.9901234567901235,0.9901234567901235,0.9901234567901235,0.9901234567901235,0.9901234567901235,0.9901234567901235,0.9876543209876543,0.9839506172839506,0.9777777777777777,0.9765432098765432,0.9617283950617284,0.9469135802469136,0.9308641975308642,0.8827160493827161,0.762962962962963,0.34074074074074073,0.9296296296296297,0.2927786937514904,0.2927786937514904,0.2927786937514904,0.2927786937514904,0.2927786937514904,0.2927786937514904,0.2927786937514904,0.2927786937514904,0.2927786937514904,0.29142004815137434,0.2904142901103684,0.2886084488663249,0.2888720001634728,0.2845204021107697,0.27929499104313077,0.2759983822247279,0.26819935146154655,0.24592226588585808,0.11175639072643313,0.2768428849740748,0.9847054463759652,0.9847054463759652,0.9847054463759652,0.9847054463759652,0.9847054463759652,0.9847054463759652,0.9847054463759652,0.9847054463759652,0.9847054463759652,0.9822085323059546,0.9797565864472807,0.9739846837479204,0.97313908013337,0.9615578819507414,0.9492726581496403,0.9361761215900873,0.897339272676542,0.8069521626372259,0.3790932882841854,0.9316752255424546,0.9165905416266724,0.9165905416266724,0.9165905416266724,0.9165905416266724,0.9165905416266724,0.9165905416266724,0.9165905416266724,0.9165905416266724,0.9165905416266724,0.9176866183524984,0.9191623164688475,0.9213003600128354,0.921685634348876,0.9254495245604472,0.9285596313724767,0.9311270379333706,0.9367293568399297,0.9461879859616723,0.9638906449323587,0.9242681044959666,0.5389473038962773,0.5389473038962773,0.5389473038962773,0.5389473038962773,0.5389473038962773,0.5389473038962773,0.5389473038962773,0.5389473038962773,0.5389473038962773,0.536627068964154,0.5343247723677157,0.5304370488820118,0.5303423948191767,0.5211956113073761,0.5113004562957719,0.5030748859119819,0.4809262101321448,0.4229910372426781,0.17814691819260914,0.505257481009585,802.0,802.0,802.0,802.0,802.0,802.0,802.0,802.0,802.0,800.0,797.0,792.0,791.0,779.0,767.0,754.0,715.0,618.0,276.0,753.0,5.0,5.0,5.0,5.0,5.0,5.0,5.0,5.0,5.0,7.0,10.0,15.0,16.0,28.0,40.0,53.0,92.0,189.0,531.0,54.0,8.0,8.0,8.0,8.0,8.0,8.0,8.0,8.0,8.0,10.0,13.0,18.0,19.0,31.0,43.0,56.0,95.0,192.0,534.0,57.0,0.9591078066914498,0.9176866183524984,0.9789343246592317,0.9913258983890955,0.9876543209876543,1.0,0.0,0.0,0.8775084196802958,0.9894867037724181,0.026954177897574125,0.9774422305047634,734.1492946819988,800,7,10,16,3,0,0,16.0,371,0.4366110080395795,0.43742255266418834,0.43580246913580245,353,454,457,810,807,17,3
tagging_007_tagging_aria01_rgb,0.40049908010890145,0.9063519460578635,0.362993120651087,0.40049908010890145,0.40049908010890145,0.40049908010890145,0.40049908010890145,0.40049908010890145,0.40049908010890145,0.3994419972367867,0.3994419972367867,0.3987504083492528,0.39664190920385184,0.39307450971098823,0.38989579055095336,0.38201301615144523,0.37480577162798756,0.3622846306577788,0.3433111778785447,0.3139596910960018,0.25462304864782725,0.10476622997998777,0.3640002452095579,0.9818863210493441,0.9818863210493441,0.9818863210493441,0.9818863210493441,0.9818863210493441,0.9818863210493441,0.9794135995009358,0.9794135995009358,0.9769470404984424,0.9720323182100684,0.9622758194186766,0.9526153846153846,0.931223371880706,0.9091456077015644,0.8730814639905549,0.8162564396107613,0.7263329706202394,0.5561549779303581,0.1955538809344386,0.8800928631952172,0.1633585372659606,0.1633585372659606,0.1633585372659606,0.1633585372659606,0.1633585372659606,0.1633585372659606,0.16290759004961178,0.16290759004961178,0.16275384597876713,0.16185141295155658,0.16056474356580408,0.1595803825388879,0.1567120724369224,0.15451800597794327,0.15032979054548234,0.1443940398345372,0.1357100553330577,0.1165734363180189,0.056127563880460606,0.15079377647665396,0.986198243412798,0.986198243412798,0.986198243412798,0.986198243412798,0.986198243412798,0.986198243412798,0.9849435382685069,0.9849435382685069,0.9836888331242158,0.9811794228356336,0.9761606022584692,0.9711417816813049,0.9598494353826851,0.9479297365119197,0.9278544542032622,0.8946047678795483,0.8375156838143036,0.7114178168130489,0.32559598494353825,0.9160007924453545,0.9955668144395187,0.9955668144395187,0.9955668144395187,0.9955668144395187,0.9955668144395187,0.9955668144395187,0.9943001899936669,0.9943001899936669,0.9930335655478151,0.9905003166561115,0.9854338188727042,0.980367321089297,0.9689677010766308,0.9569347688410387,0.9366687777074097,0.9031032298923369,0.8454718176060798,0.7181760607979734,0.3286890436985434,0.9247025099163361,0.16341134015281236,0.16341134015281236,0.16341134015281236,0.16341134015281236,0.16341134015281236,0.16341134015281236,0.1630288063193875,0.1630288063193875,0.1629140379706477,0.16214989693369758,0.1610648139472641,0.1602731677850043,0.1578484433269501,0.15602552654852242,0.152441881155111,0.14731688309285745,0.139499323233736,0.12177358808634103,0.061416935335845066,0.15206579741955925,0.9880823530220764,0.9880823530220764,0.9880823530220764,0.9880823530220764,0.9880823530220764,0.9880823530220764,0.9868033563531137,0.9868033563531137,0.9858450758917079,0.9833149390221713,0.978353060751672,0.9739249551877452,0.9642639428349272,0.9525704841600403,0.9347185824620103,0.9048247534865573,0.863014810274916,0.7746672316352281,0.4574159232733876,0.9302639257799498,0.9063519460578635,0.9063519460578635,0.9063519460578635,0.9063519460578635,0.9063519460578635,0.9063519460578635,0.9070936089250442,0.9070936089250442,0.9077243772173734,0.908843031394339,0.9108069068091662,0.9125650934078061,0.9158889489527998,0.9189259660305618,0.9230981851893004,0.9284986149644596,0.9354536493284167,0.9453001782777669,0.9652278479593189,0.9170858786172936,0.4013775062184906,0.4013775062184906,0.4013775062184906,0.4013775062184906,0.4013775062184906,0.4013775062184906,0.4005680693143926,0.4005680693143926,0.4001239068555287,0.39850379665059665,0.39590021063479114,0.3936688672224409,0.38784016584958086,0.3827168832087487,0.3734757900548163,0.3594100673177734,0.33713394933281754,0.28797989437417326,0.13518472341259544,0.37164944372913633,1572.0,1572.0,1572.0,1572.0,1572.0,1572.0,1570.0,1570.0,1568.0,1564.0,1556.0,1548.0,1530.0,1511.0,1479.0,1426.0,1335.0,1134.0,519.0,1460.1052631578948,22.0,22.0,22.0,22.0,22.0,22.0,24.0,24.0,26.0,30.0,38.0,46.0,64.0,83.0,115.0,168.0,259.0,460.0,1075.0,133.89473684210526,7.0,7.0,7.0,7.0,7.0,7.0,9.0,9.0,11.0,15.0,23.0,31.0,49.0,68.0,100.0,153.0,244.0,445.0,1060.0,118.89473684210526,0.9523212045169385,0.908843031394339,0.9717691342534505,0.9811794228356336,0.9905003166561115,1.0,0.0,0.0,0.8628798626729901,0.9858178380081941,0.02094972067039106,0.9708335246588242,1421.4305011007461,1564,30,15,31,3,0,0,32.0,716,0.25275764260951783,0.25156838143036386,0.2539582013932869,401,1193,1178,1579,1594,33,3
tagging_007_tagging_aria02_rgb,0.5093295980830589,0.9131235052741884,0.4650808279414963,0.5093295980830589,0.5093295980830589,0.5093295980830589,0.5093295980830589,0.5093295980830589,0.5093295980830589,0.509169464659432,0.509169464659432,0.508696449380588,0.5076689229912538,0.5060559698953636,0.5042958287650334,0.5009467310613204,0.4961841352850681,0.48587679652144694,0.4647021163797327,0.4238220633120827,0.3236124753762035,0.113468014786899,0.4689287379774847,0.9868263473053892,0.9868263473053892,0.9868263473053892,0.9868263473053892,0.9868263473053892,0.9868263473053892,0.9856373429084381,0.9856373429084381,0.9844497607655502,0.9797136038186157,0.9726516052318668,0.966804979253112,0.9563679245283019,0.9460410557184751,0.9179190751445087,0.8745762711864407,0.7829124126813541,0.5815061963775023,0.1761786600496278,0.8963870691791879,0.2628797256901469,0.2628797256901469,0.2628797256901469,0.2628797256901469,0.2628797256901469,0.2628797256901469,0.2630313731585718,0.2630313731585718,0.26285960739244313,0.2630643632655072,0.2632932935999095,0.26304610378225185,0.2623965326783568,0.2602410271947596,0.25718635530128614,0.24691735195930922,0.2294319753277671,0.18009272278008281,0.07307917074663396,0.2455236633940175,0.9909801563439568,0.9909801563439568,0.9909801563439568,0.9909801563439568,0.9909801563439568,0.9909801563439568,0.9903788334335538,0.9903788334335538,0.9897775105231509,0.9873722188815394,0.9837642814191221,0.9807576668671076,0.9753457606734817,0.9699338544798557,0.9549007817197835,0.930847865303668,0.8761274804570054,0.7336139506915214,0.2988574864702345,0.9267335506535429,0.9957703927492447,0.9957703927492447,0.9957703927492447,0.9957703927492447,0.9957703927492447,0.9957703927492447,0.9951661631419939,0.9951661631419939,0.9945619335347432,0.9921450151057402,0.9885196374622357,0.9854984894259818,0.980060422960725,0.9746223564954682,0.9595166163141994,0.9353474320241691,0.8803625377643505,0.7371601208459214,0.3003021148036254,0.9312132294482429,0.26313578454219055,0.26313578454219055,0.26313578454219055,0.26313578454219055,0.26313578454219055,0.26313578454219055,0.2632876040803245,0.2632876040803245,0.26315172585415064,0.2633718887207626,0.26365144261410045,0.2635817430679911,0.2632258727939715,0.261674547511858,0.25969006807077505,0.251859897195413,0.23788006848886095,0.19390559202981505,0.08565198004227044,0.24805446009493484,0.9919161973532352,0.9919161973532352,0.9919161973532352,0.9919161973532352,0.9919161973532352,0.9919161973532352,0.9915065127938464,0.9915065127938464,0.9908976402670966,0.9888454217699804,0.9857347531125583,0.9836152966558974,0.9801985087374098,0.9752649405827748,0.965848715231473,0.9450370974713548,0.9005659793353801,0.7798464452343893,0.38617968320284907,0.9377128784899087,0.9131235052741884,0.9131235052741884,0.9131235052741884,0.9131235052741884,0.9131235052741884,0.9131235052741884,0.9134676525548558,0.9134676525548558,0.9137675973699172,0.914849806054667,0.9163296114550085,0.9173879076067369,0.9190447928747227,0.9204119015029307,0.9234411234622751,0.9271852581581955,0.9333245715842997,0.9435263765547531,0.9641135497752533,0.9210030964817685,0.5104004228682401,0.5104004228682401,0.5104004228682401,0.5104004228682401,0.5104004228682401,0.5104004228682401,0.5103926963674266,0.5103926963674266,0.5100711007516356,0.5096493344115375,0.5089386385221591,0.5079217292299714,0.5058926227602613,0.5024107707850322,0.49556780739355955,0.4794189086568838,0.44834323735302445,0.363481132728357,0.14778449608354766,0.4769825109800137,1648.0,1648.0,1648.0,1648.0,1648.0,1648.0,1647.0,1647.0,1646.0,1642.0,1636.0,1631.0,1622.0,1613.0,1588.0,1548.0,1457.0,1220.0,497.0,1541.157894736842,15.0,15.0,15.0,15.0,15.0,15.0,16.0,16.0,17.0,21.0,27.0,32.0,41.0,50.0,75.0,115.0,206.0,443.0,1166.0,121.84210526315789,7.0,7.0,7.0,7.0,7.0,7.0,8.0,8.0,9.0,13.0,19.0,24.0,33.0,42.0,67.0,107.0,198.0,435.0,1158.0,113.84210526315789,0.9651232711966325,0.914849806054667,0.9795550210463019,0.9873722188815394,0.9921450151057402,1.0,0.0,0.0,0.8810483352626358,0.9897528631705846,0.018156424581005588,0.9787250684054651,1502.1833815417633,1642,21,13,24,3,0,0,25.0,716,0.4038577456298975,0.40288634996993383,0.40483383685800606,670,993,985,1655,1663,27,3
tagging_007_tagging_aria03_rgb,0.4443767808695914,0.9081157646891578,0.40354556016949533,0.4443767808695914,0.4443767808695914,0.4443767808695914,0.4443767808695914,0.4440601847662041,0.4438917219876227,0.4438917219876227,0.4437358758418456,0.44327171044986213,0.4409197328683188,0.43860916778436587,0.4375300549997898,0.4306501549357873,0.4241009123877074,0.41708526411630364,0.4034431923184068,0.3729004315102172,0.2839381261541479,0.09147087983312337,0.40721085554840475,0.9785378940308518,0.9785378940308518,0.9785378940308518,0.9785378940308518,0.9772117962466488,0.9758874748827864,0.9758874748827864,0.9745649263721553,0.9719251336898396,0.9666666666666667,0.9601328903654485,0.9549370444002651,0.9344262295081968,0.9155844155844156,0.8922386144964721,0.8506900878293601,0.7643540669856459,0.5625,0.1568627450980392,0.8814747970069543,0.2018018153212112,0.2018018153212112,0.2018018153212112,0.2018018153212112,0.20178782987677385,0.20190838177608883,0.20190838177608883,0.20204044100181315,0.20216558094262657,0.20111401120620992,0.20036601599104742,0.20046614606761395,0.1984742616266539,0.1964445667997534,0.194970397735072,0.19133455503564809,0.18192450047252454,0.14332597241587341,0.053339126841216306,0.18835670688683417,0.9838165879973028,0.9838165879973028,0.9838165879973028,0.9838165879973028,0.983142279163857,0.9824679703304113,0.9824679703304113,0.9817936614969656,0.9804450438300741,0.9777478084962913,0.9743762643290627,0.9716790289952798,0.9608900876601484,0.9507754551584626,0.9379635873229939,0.9143627781523938,0.8617666891436278,0.7161159811193527,0.26972353337828725,0.9147886574156225,0.994546693933197,0.994546693933197,0.994546693933197,0.994546693933197,0.9938650306748467,0.9931833674164963,0.9931833674164963,0.9925017041581459,0.9911383776414451,0.9884117246080436,0.9850034083162917,0.9822767552828903,0.9713701431492843,0.9611451942740287,0.9481935923653715,0.9243353783231084,0.8711656441717791,0.7239263803680982,0.27266530334015,0.9247659024862771,0.2020857382674165,0.2020857382674165,0.2020857382674165,0.2020857382674165,0.20207944069034767,0.20220018365468564,0.20220018365468564,0.20233236332155424,0.2024639899024172,0.20160763168744963,0.20103943976404662,0.2011608360949147,0.19959126468419502,0.19798416753413742,0.19691277760405412,0.19405491411112946,0.1863612455774003,0.1522431302882828,0.060559184141855196,0.19005966872530639,0.9930900334934121,0.9930900334934121,0.9930900334934121,0.9930900334934121,0.9924123640544695,0.9922012538033058,0.9922012538033058,0.9925393041149839,0.9917868363994152,0.9890710890234047,0.985734251544585,0.983204679505524,0.9732403171099502,0.9645190728461722,0.9533050256126497,0.9352066710037266,0.893233226994508,0.7601314578408955,0.37213312045844654,0.9338568451625785,0.9081157646891578,0.9081157646891578,0.9081157646891578,0.9081157646891578,0.908569431397203,0.9090106004761359,0.9090106004761359,0.9093870486873038,0.9100577212911188,0.9112769649531138,0.9126100643941947,0.9135133654511297,0.9167384957838722,0.919305103735235,0.9220653411050731,0.925850794917471,0.9318366662966037,0.9422543577002361,0.9648391928462826,0.9178309899088287,0.44557375753176465,0.44557375753176465,0.44557375753176465,0.44557375753176465,0.4454055982726082,0.4453858080768311,0.4453858080768311,0.4453785180513669,0.44521033441310176,0.4434397182422548,0.4418505292062623,0.44134878515455894,0.4367057941597738,0.43217435418178457,0.42763902263635745,0.4182692856270315,0.3959500908527687,0.3203716893804421,0.11994506141949114,0.41509239094097494,1459.0,1459.0,1459.0,1459.0,1458.0,1457.0,1457.0,1456.0,1454.0,1450.0,1445.0,1441.0,1425.0,1410.0,1391.0,1356.0,1278.0,1062.0,400.0,1356.6315789473683,24.0,24.0,24.0,24.0,25.0,26.0,26.0,27.0,29.0,33.0,38.0,42.0,58.0,73.0,92.0,127.0,205.0,421.0,1083.0,126.36842105263158,8.0,8.0,8.0,8.0,9.0,10.0,10.0,11.0,13.0,17.0,22.0,26.0,42.0,57.0,76.0,111.0,189.0,405.0,1067.0,110.36842105263158,0.9494268374915711,0.9112769649531138,0.9662845583277141,0.9777478084962913,0.9884117246080436,1.0,0.0,0.0,0.8626780844113385,0.9830508474576272,0.023743016759776536,0.9653419150312393,1321.351599182015,1450,33,17,25,3,0,0,26.0,716,0.34576271186440677,0.34389750505731626,0.3476482617586912,510,973,957,1467,1483,29,3
tagging_007_tagging_aria04_rgb,0.4805799402069542,0.914940357028515,0.43970198207369304,0.4805799402069542,0.4805799402069542,0.4800369085766319,0.4798112754960344,0.4795907205154865,0.4784219678789805,0.47749389900601064,0.47677586617158396,0.47562273163975394,0.47562273163975394,0.4743731886058404,0.4733356600892757,0.4710893500200714,0.4630039161894714,0.45529459288822904,0.4433131330389054,0.4176749179076327,0.3360145223649461,0.1381527431942353,0.445094105559829,0.9914728682170543,0.9914728682170543,0.9899302865995352,0.9883900928792569,0.9868522815158546,0.9807247494217425,0.9761538461538461,0.9731182795698925,0.9670750382848392,0.9670750382848392,0.9625668449197861,0.958079268292683,0.9521276595744681,0.9330323551542513,0.9157345264727815,0.887582659808964,0.8194050991501416,0.6363057324840764,0.22742474916387959,0.9002381181139445,0.23294341815388775,0.23294341815388775,0.23277945600327876,0.23292307536438986,0.23307161924098793,0.2333861559873487,0.23357017388837742,0.23359465271183166,0.23391874869779458,0.23391874869779458,0.23378108570405282,0.23384980191817126,0.23308342475999255,0.22975904878598388,0.22636818894631863,0.2214177257215334,0.21290120995107747,0.17743948148851282,0.08392305816434713,0.22029328907050366,0.9914728682170543,0.9914728682170543,0.9906976744186047,0.9899224806201551,0.9891472868217054,0.986046511627907,0.9837209302325581,0.982170542635659,0.9790697674418605,0.9790697674418605,0.9767441860465116,0.9744186046511628,0.9713178294573643,0.9612403100775194,0.951937984496124,0.9364341085271318,0.8968992248062015,0.7744186046511627,0.3689922480620155,0.9302733578131375,1.0,1.0,0.9992181391712275,0.9984362783424551,0.9976544175136826,0.9945269741985927,0.9921813917122753,0.9906176700547302,0.9874902267396404,0.9874902267396404,0.9851446442533229,0.9827990617670055,0.9796716184519155,0.9695074276778733,0.9601250977326036,0.944487881157154,0.9046129788897577,0.781078967943706,0.3721657544956998,0.9382741450969097,0.23340769253310759,0.23340769253310759,0.23326991268851757,0.23341421852894173,0.23356326755153023,0.23390381535830865,0.2341123802571015,0.2341602363809528,0.2345085421952825,0.2345085421952825,0.23441272675957986,0.23453371610529927,0.2339678275677377,0.23138305504723852,0.22872005422400343,0.22488374535513425,0.21829314644481668,0.18821253823477846,0.09763322647659184,0.22264717560196381,0.9796270738457168,0.9796270738457168,0.9789580452107828,0.9783934078147066,0.9779846252189501,0.9770357579729442,0.9769789870254421,0.9768736645307678,0.9755296485224405,0.9755296485224405,0.9737549336706742,0.9729975424634131,0.9715701007327732,0.9616024991954527,0.9536459135888322,0.9391872097549708,0.9059432665398219,0.790963286139424,0.416993721044783,0.9296419160863184,0.914940357028515,0.914940357028515,0.915550264567813,0.9161349823004463,0.9166909289893073,0.9186796166981531,0.9200836663342038,0.9209146842463151,0.9224290500706236,0.9224290500706236,0.9234061316236963,0.9242113071322412,0.9251475505068473,0.9276813733527491,0.9296335529605114,0.9320992418913348,0.9368179523567816,0.9459947721789431,0.9647006490483584,0.92592028886242,0.4805799402069542,0.4805799402069542,0.48022293334958105,0.48018307816747574,0.48014806029740953,0.47971825582686733,0.47934107765979644,0.478988295066558,0.4785632402178846,0.4785632402178846,0.4778538649724148,0.4773547922489679,0.4758130790766106,0.46995069879526197,0.46420736480542435,0.455349437902529,0.43697932464296724,0.3706918338247552,0.1759743103305188,0.45268751409562186,1279.0,1279.0,1278.0,1277.0,1276.0,1272.0,1269.0,1267.0,1263.0,1263.0,1260.0,1257.0,1253.0,1240.0,1228.0,1208.0,1157.0,999.0,476.0,1200.0526315789473,11.0,11.0,12.0,13.0,14.0,18.0,21.0,23.0,27.0,27.0,30.0,33.0,37.0,50.0,62.0,82.0,133.0,291.0,814.0,89.94736842105263,0.0,0.0,1.0,2.0,3.0,7.0,10.0,12.0,16.0,16.0,19.0,22.0,26.0,39.0,51.0,71.0,122.0,280.0,803.0,78.94736842105263,0.9705426356589147,0.9214757378167818,0.9868217054263566,0.9891472868217054,0.9976544175136826,1.0,0.0,0.0,0.8928705747707082,0.9933826391592059,0.004189944134078212,0.9857967292288884,1175.8030414542136,1276,14,3,21,3,0,0,19.0,716,0.33164655507979757,0.3302325581395349,0.33307271305707586,426,864,853,1279,1290,22,3
tagging_008_tagging_aria01_rgb,0.6017290120425822,0.8831524906755512,0.5314184756971453,0.6017290120425822,0.6007454428589787,0.5966525325872274,0.5966525325872274,0.5966525325872274,0.5940160646338799,0.5940160646338799,0.5930225024230882,0.5930225024230882,0.5930225024230882,0.5869208412460504,0.5693897488366357,0.5593894475981502,0.5404705544558687,0.5130057578781184,0.4959000192624641,0.4260794139003686,0.32913113860038773,0.11534018353075297,0.5313241470794244,0.9580645161290322,0.9517684887459807,0.9455128205128205,0.9455128205128205,0.9455128205128205,0.939297124600639,0.939297124600639,0.9331210191082803,0.9331210191082803,0.9331210191082803,0.9148264984227129,0.8850931677018633,0.8676923076923077,0.8338368580060423,0.7852941176470588,0.7392550143266475,0.6229946524064172,0.45913461538461536,0.14744801512287334,0.8252581062973753,0.37792632733824927,0.37918368950345693,0.3765091672153857,0.3765091672153857,0.3765091672153857,0.37565864496087453,0.37565864496087453,0.37688111314458855,0.37688111314458855,0.37688111314458855,0.37654798421656543,0.36629441725557754,0.3606307804161461,0.35031843151231545,0.33512909584073003,0.3326549354940883,0.2914048559621498,0.23593800764867676,0.0902240557515925,0.34251266904953787,0.9867109634551495,0.9833887043189369,0.9800664451827242,0.9800664451827242,0.9800664451827242,0.9767441860465116,0.9767441860465116,0.973421926910299,0.973421926910299,0.973421926910299,0.9634551495016611,0.946843853820598,0.9368770764119602,0.9169435215946844,0.8870431893687708,0.8571428571428571,0.7740863787375415,0.6345514950166113,0.2591362126245847,0.8926385731771291,0.9705882352941176,0.9673202614379085,0.9640522875816994,0.9640522875816994,0.9640522875816994,0.9607843137254902,0.9607843137254902,0.9575163398692811,0.9575163398692811,0.9575163398692811,0.9477124183006536,0.9313725490196079,0.9215686274509803,0.9019607843137255,0.8725490196078431,0.8431372549019608,0.761437908496732,0.6241830065359477,0.2549019607843137,0.8780529755761953,0.37792655234515693,0.37918368950345693,0.37725660228616476,0.37725660228616476,0.37725660228616476,0.3766611295681063,0.3766611295681063,0.37788713389951584,0.37788713389951584,0.37788713389951584,0.3782812082330928,0.3711206310349517,0.36684946945956354,0.35938377710369623,0.3486484917109427,0.34782314764737693,0.316390524669794,0.269095742522018,0.11781951898230968,0.3500671695213481,0.9977553310886645,1.0,0.9966515088879702,0.9966515088879702,0.9966515088879702,0.9933096205962059,0.9933096205962059,0.991580301895169,0.991580301895169,0.991580301895169,0.9832860246705917,0.9675638995863642,0.9577169222933364,0.9413066061820039,0.9132562954843033,0.8916719186571712,0.8188027902811219,0.691303437903489,0.30862544298519906,0.9169791232986354,0.8831524906755512,0.8858397158644756,0.8884576770134458,0.8884576770134458,0.8884576770134458,0.8905560127511669,0.8905560127511669,0.8923562552086804,0.8923562552086804,0.8923562552086804,0.896092683446772,0.9016261833914264,0.9046616285460134,0.9096601929034102,0.916206027249492,0.9212266802297312,0.9317618413633454,0.9442322186375818,0.9641233662881837,0.9043229921455103,0.6106587021921411,0.6106430685103029,0.607456995260974,0.607456995260974,0.607456995260974,0.6057411967198904,0.6057411967198904,0.6056932716922847,0.6056932716922847,0.6056932716922847,0.6023181006975634,0.5889173266828216,0.5812630310112992,0.5667646921522448,0.5452283760268111,0.5339782784459267,0.4749447648919561,0.3869299878333399,0.15290624609575978,0.5529203036231435,297.0,296.0,295.0,295.0,295.0,294.0,294.0,293.0,293.0,293.0,290.0,285.0,282.0,276.0,267.0,258.0,233.0,191.0,78.0,268.6842105263158,4.0,5.0,6.0,6.0,6.0,7.0,7.0,8.0,8.0,8.0,11.0,16.0,19.0,25.0,34.0,43.0,68.0,110.0,223.0,32.31578947368421,9.0,10.0,11.0,11.0,11.0,12.0,12.0,13.0,13.0,13.0,16.0,21.0,24.0,30.0,39.0,48.0,73.0,115.0,228.0,37.31578947368421,0.8970099667774086,0.8923562552086804,0.9302325581395349,0.973421926910299,0.9575163398692811,1.0,0.0,0.0,0.7922271853028019,0.9654036243822076,0.06467661691542288,0.9269102990033222,261.4603827761434,293,8,13,10,2,0,0,9.0,201,0.514003294892916,0.5182724252491694,0.5098039215686274,156,145,150,306,301,15,2
tagging_008_tagging_aria03_rgb,0.6742988468797338,0.8850909006950833,0.5968157737224398,0.6742988468797338,0.6742988468797338,0.6742988468797338,0.6742988468797338,0.6742988468797338,0.6742988468797338,0.6742988468797338,0.6742988468797338,0.6742988468797338,0.6711034069992391,0.6621321168353408,0.6621321168353408,0.6435554253964659,0.6218144468236733,0.578982998738515,0.532115179319103,0.49885184633743074,0.3632080788124558,0.12032818216150944,0.6012059694829831,0.967741935483871,0.967741935483871,0.967741935483871,0.967741935483871,0.967741935483871,0.967741935483871,0.967741935483871,0.967741935483871,0.967741935483871,0.9551282051282052,0.9426751592356688,0.9426751592356688,0.8827160493827161,0.8373493975903614,0.7630057803468208,0.6850828729281768,0.6310160427807486,0.4386792452830189,0.13805970149253732,0.8382139490925663,0.4698348994001168,0.4698348994001168,0.4698348994001168,0.4698348994001168,0.4698348994001168,0.4698348994001168,0.4698348994001168,0.4698348994001168,0.4698348994001168,0.4715385646323078,0.465079551369874,0.465079551369874,0.4691923137081863,0.46175850533994756,0.43934308423701585,0.41330264592891935,0.3943689981281975,0.30072110758174886,0.10487398759931434,0.43230381076297036,1.0,1.0,1.0,1.0,1.0,1.0,1.0,1.0,1.0,0.9933333333333333,0.9866666666666667,0.9866666666666667,0.9533333333333334,0.9266666666666666,0.88,0.8266666666666667,0.7866666666666666,0.62,0.24666666666666667,0.9056140350877193,0.967741935483871,0.967741935483871,0.967741935483871,0.967741935483871,0.967741935483871,0.967741935483871,0.967741935483871,0.967741935483871,0.967741935483871,0.9612903225806452,0.9548387096774194,0.9548387096774194,0.9225806451612903,0.896774193548387,0.8516129032258064,0.8,0.7612903225806451,0.6,0.23870967741935484,0.8764006791171477,0.4705925925925925,0.4705925925925925,0.4705925925925925,0.4705925925925925,0.4705925925925925,0.4705925925925925,0.4705925925925925,0.4705925925925925,0.4705925925925925,0.47233407904548835,0.467942942942943,0.467942942942943,0.4730769230769231,0.4694244604316547,0.4566919191919192,0.44005376344086017,0.42608286252354044,0.34994026284348867,0.137987987987988,0.44193744619795156,0.9780158730158731,0.9780158730158731,0.9780158730158731,0.9780158730158731,0.9780158730158731,0.9780158730158731,0.9780158730158731,0.9780158730158731,0.9780158730158731,0.9739533397251519,0.967153077447195,0.967153077447195,0.9479601281071869,0.9356006791205691,0.9031044004815526,0.8681582536633851,0.8260428137770197,0.6711632987839773,0.33219139666413694,0.9049801748610645,0.8850909006950833,0.8850909006950833,0.8850909006950833,0.8850909006950833,0.8850909006950833,0.8850909006950833,0.8850909006950833,0.8850909006950833,0.8850909006950833,0.8877185822367063,0.8903001290381725,0.8903001290381725,0.8997983489048937,0.9062005090369242,0.9157825911082844,0.9247699400151504,0.9296955445911939,0.9428372140204282,0.9633660862679908,0.9008730095007195,0.6854450374757387,0.6854450374757387,0.6854450374757387,0.6854450374757387,0.6854450374757387,0.6854450374757387,0.6854450374757387,0.6854450374757387,0.6854450374757387,0.6843938735855442,0.6774057061207429,0.6774057061207429,0.6688024165639687,0.6541377645025178,0.6217892843468549,0.5845199061063475,0.5569891787047411,0.43179519068730293,0.1608381700379739,0.6256359228451781,150.0,150.0,150.0,150.0,150.0,150.0,150.0,150.0,150.0,149.0,148.0,148.0,143.0,139.0,132.0,124.0,118.0,93.0,37.0,135.8421052631579,0.0,0.0,0.0,0.0,0.0,0.0,0.0,0.0,0.0,1.0,2.0,2.0,7.0,11.0,18.0,26.0,32.0,57.0,113.0,14.157894736842104,5.0,5.0,5.0,5.0,5.0,5.0,5.0,5.0,5.0,6.0,7.0,7.0,12.0,16.0,23.0,31.0,37.0,62.0,118.0,19.157894736842106,0.92,0.8898136294160786,0.9533333333333334,0.9933333333333333,0.9612903225806452,1.0,0.0,0.0,0.8105482052199714,0.9770491803278688,0.029850746268656716,0.9486735333044265,132.5822307829957,149,1,6,5,2,0,0,2.0,201,0.6032786885245902,0.6133333333333333,0.5935483870967742,92,58,63,155,150,8,2
tagging_008_tagging_aria04_rgb,0.5682232769226876,0.8937525942567166,0.5078510278667048,0.5682232769226876,0.5682232769226876,0.5682232769226876,0.5682232769226876,0.5674567329637571,0.5674567329637571,0.5674567329637571,0.5666429534272343,0.5637046787631584,0.5555007984494817,0.5500556565192103,0.543627010106242,0.5429191564713098,0.5314915096266535,0.49924652591269414,0.46715694258264717,0.41050456168203125,0.3391748623348644,0.1626862947363413,0.5109460135365206,0.9122340425531915,0.9122340425531915,0.9122340425531915,0.9122340425531915,0.9071618037135278,0.9071618037135278,0.9071618037135278,0.9021164021164021,0.8970976253298153,0.8821989528795812,0.8723958333333334,0.8483290488431876,0.8435897435897436,0.8248730964467005,0.7579462102689487,0.6957547169811321,0.5942350332594235,0.4886128364389234,0.21043771043771045,0.799368883751487,0.35394172698606635,0.35394172698606635,0.35394172698606635,0.35394172698606635,0.35496109124937014,0.35496109124937014,0.35496109124937014,0.3559232887412999,0.35421224612276847,0.3497863334237403,0.3468164492633173,0.34836756624101006,0.34941298504794,0.34245658637925025,0.3288453590228413,0.31366745158421244,0.28358138738041877,0.23544118913923404,0.1257703785124287,0.3271016527658336,0.9661971830985916,0.9661971830985916,0.9661971830985916,0.9661971830985916,0.9633802816901409,0.9633802816901409,0.9633802816901409,0.9605633802816902,0.9577464788732394,0.9492957746478873,0.9436619718309859,0.9295774647887324,0.9267605633802817,0.9154929577464789,0.8732394366197183,0.8309859154929577,0.7549295774647887,0.6647887323943662,0.352112676056338,0.8849518161601185,0.9423076923076923,0.9423076923076923,0.9423076923076923,0.9423076923076923,0.9395604395604396,0.9395604395604396,0.9395604395604396,0.9368131868131868,0.9340659340659341,0.9258241758241759,0.9203296703296703,0.9065934065934066,0.9038461538461539,0.8928571428571429,0.8516483516483516,0.8104395604395604,0.7362637362637363,0.6483516483516484,0.3434065934065934,0.8630711393869291,0.3867278822475187,0.3867278822475187,0.3867278822475187,0.3867278822475187,0.38784302929039766,0.38784302929039766,0.38784302929039766,0.38890198841466733,0.3877337699785796,0.38442053379215185,0.3818963813476544,0.3844579291771805,0.3856102402276191,0.38045621045621053,0.3706999515348661,0.3597194347692852,0.3357391803397071,0.2916875725636942,0.17649248790425262,0.36517138407195454,0.8769054560599752,0.8769054560599752,0.8769054560599752,0.8769054560599752,0.8780075187969926,0.8780075187969926,0.8780075187969926,0.8756947353721548,0.8724277008100537,0.8640220126867011,0.8632954916537006,0.8574278694278694,0.8599580453227869,0.8476837954837955,0.8125246247504313,0.773914038625903,0.7183426802456654,0.6446341168375067,0.40842042822042823,0.8178942063193618,0.8937525942567166,0.8937525942567166,0.8937525942567166,0.8937525942567166,0.8957500643793441,0.8957500643793441,0.8957500643793441,0.8972932324638243,0.8987546681961354,0.9024822759343046,0.9046553801967173,0.9095492230269661,0.9104426098106082,0.9132282747124798,0.9220854084596176,0.9296232910998777,0.9397274347938795,0.9484121759051871,0.9646137445508597,0.910690962595545,0.5847884229317369,0.5847884229317369,0.5847884229317369,0.5847884229317369,0.5847756117322763,0.5847756117322763,0.5847756117322763,0.5847109348680929,0.5824478787821814,0.5762383954135074,0.572081720014932,0.5690647054957273,0.5690537539419407,0.5599255246585052,0.5358738060850847,0.5105420985727326,0.4626920973519843,0.3956243795335338,0.2104408338384683,0.5380092976568667,343.0,343.0,343.0,343.0,342.0,342.0,342.0,341.0,340.0,337.0,335.0,330.0,329.0,325.0,310.0,295.0,268.0,236.0,125.0,314.1578947368421,12.0,12.0,12.0,12.0,13.0,13.0,13.0,14.0,15.0,18.0,20.0,25.0,26.0,30.0,45.0,60.0,87.0,119.0,230.0,40.8421052631579,21.0,21.0,21.0,21.0,22.0,22.0,22.0,23.0,24.0,27.0,29.0,34.0,35.0,39.0,54.0,69.0,96.0,128.0,239.0,49.8421052631579,0.8619718309859155,0.9039028729785775,0.8845070422535212,0.9549295774647887,0.9313186813186813,1.0,0.0,0.0,0.7702058420837684,0.9429763560500696,0.12437810945273632,0.8819631267972059,306.4230739397378,339,16,25,8,2,0,0,5.0,201,0.5229485396383866,0.5295774647887324,0.5164835164835165,188,167,176,364,355,15,2
tagging_009_tagging_aria01_rgb,0.4314715472279739,0.9140030631443608,0.39436631582600484,0.4314715472279739,0.4314715472279739,0.430960589792878,0.4304510821495629,0.4304510821495629,0.4304510821495629,0.4304510821495629,0.4304510821495629,0.4295895479394122,0.4272607361194224,0.4258688063426294,0.4237087372902777,0.41686571510360937,0.41005421373141926,0.4034944444817367,0.3857255863557515,0.36860389916450614,0.31602197469931986,0.16197851752584136,0.4008069091447666,0.9593023255813954,0.9593023255813954,0.9547563805104409,0.9502314814814815,0.9502314814814815,0.9502314814814815,0.9502314814814815,0.9502314814814815,0.9434832756632064,0.9367816091954023,0.9301260022909508,0.9191343963553531,0.903954802259887,0.8805803571428571,0.8660022148394242,0.8098818474758325,0.7533818938605619,0.6139846743295019,0.2823439878234399,0.8665354473851082,0.19406571953682356,0.19406571953682356,0.19452818933279098,0.19499262835919914,0.19499262835919914,0.19499262835919914,0.19499262835919914,0.19499262835919914,0.19560196185678438,0.194871178978528,0.1949888937294367,0.1953240948962512,0.19224083327440827,0.19094731881648627,0.1879992498146364,0.1837110294954822,0.18034523471627845,0.1626586015390691,0.09292579715306808,0.18574931391962438,0.9903961584633854,0.9903961584633854,0.9879951980792316,0.985594237695078,0.985594237695078,0.985594237695078,0.985594237695078,0.985594237695078,0.9819927971188476,0.978391356542617,0.9747899159663865,0.9687875150060024,0.9603841536614646,0.9471788715486195,0.9387755102040817,0.9051620648259304,0.8691476590636255,0.7695078031212484,0.44537815126050423,0.9282239211474062,0.9683098591549296,0.9683098591549296,0.965962441314554,0.9636150234741784,0.9636150234741784,0.9636150234741784,0.9636150234741784,0.9636150234741784,0.960093896713615,0.9565727699530516,0.9530516431924883,0.9471830985915493,0.9389671361502347,0.926056338028169,0.9178403755868545,0.8849765258215962,0.8497652582159625,0.7523474178403756,0.4354460093896714,0.9075240919199409,0.19566485039671158,0.19566485039671158,0.1961309230125183,0.19659926638406586,0.19659926638406586,0.19659926638406586,0.19659926638406586,0.19659926638406586,0.1972144027017375,0.19670993085501154,0.1968424082602211,0.19715937573473924,0.1947522039224317,0.19390044227141118,0.19156096538636824,0.188595539591874,0.18643081026849082,0.17227591752045113,0.10744622594380984,0.18912343043067456,0.9072525696707319,0.9072525696707319,0.9091872998251902,0.9089660752206231,0.9089660752206231,0.9089660752206231,0.9089660752206231,0.9089660752206231,0.910330118147947,0.9072666007641018,0.9060695176010042,0.9058058377163736,0.8976109237891262,0.8873250338939611,0.8801319236961788,0.8533125129757224,0.8257362883436523,0.7497963887105215,0.48229710678203436,0.8670634246152837,0.9140030631443608,0.9140030631443608,0.9159646410327849,0.9177201655985826,0.9177201655985826,0.9177201655985826,0.9177201655985826,0.9177201655985826,0.9195271415970457,0.921148125786235,0.9226592031669715,0.9248191700502227,0.9274642990674781,0.9310186740696692,0.9327945323867122,0.9385985447956326,0.9431255052880771,0.9515009555906003,0.9683958429770674,0.9270328205310594,0.4384084204468509,0.4384084204468509,0.4383981260815848,0.4383875122580986,0.4383875122580986,0.4383875122580986,0.4383875122580986,0.4383875122580986,0.4382690014656271,0.43664662732221016,0.4359738608367436,0.43500292472043883,0.4296801717131212,0.42527786911833765,0.42010604811490143,0.4077845690918528,0.3959124127593545,0.3537895746472804,0.20343824552045786,0.4152123070303213,825.0,825.0,823.0,821.0,821.0,821.0,821.0,821.0,818.0,815.0,812.0,807.0,800.0,789.0,782.0,754.0,724.0,641.0,371.0,773.2105263157895,8.0,8.0,10.0,12.0,12.0,12.0,12.0,12.0,15.0,18.0,21.0,26.0,33.0,44.0,51.0,79.0,109.0,192.0,462.0,59.78947368421053,27.0,27.0,29.0,31.0,31.0,31.0,31.0,31.0,34.0,37.0,40.0,45.0,52.0,63.0,70.0,98.0,128.0,211.0,481.0,78.78947368421052,0.9111644657863145,0.9208977045806015,0.936374549819928,0.9795918367346939,0.9577464788732394,1.0,0.0,0.0,0.8336765029264955,0.9685459940652819,0.06304728546409807,0.934787251747018,751.4525269377708,816,17,36,21,2,0,0,19.0,571,0.3584569732937685,0.3625450180072029,0.3544600938967136,302,531,550,852,833,26,2
tagging_009_tagging_aria03_rgb,0.495367600606348,0.9243950091263355,0.457915337683396,0.495367600606348,0.495367600606348,0.495367600606348,0.495367600606348,0.495367600606348,0.495367600606348,0.495367600606348,0.495367600606348,0.49307530775701475,0.49307530775701475,0.49022658973099653,0.48013013211963457,0.47085704686288143,0.462811442127793,0.45614925901173925,0.4416573349202914,0.41115456480742246,0.35554330993229344,0.20291956891306456,0.45897582467320686,0.9561068702290076,0.9561068702290076,0.9561068702290076,0.9561068702290076,0.9561068702290076,0.9561068702290076,0.9561068702290076,0.9561068702290076,0.9486692015209125,0.9486692015209125,0.9449715370018975,0.9266917293233082,0.9052044609665427,0.8876611418047882,0.8670309653916212,0.8336314847942755,0.7764298093587522,0.6479099678456591,0.35046113306982873,0.8782202944437136,0.2566544257460617,0.2566544257460617,0.2566544257460617,0.2566544257460617,0.2566544257460617,0.2566544257460617,0.2566544257460617,0.2566544257460617,0.2562782250439859,0.2562782250439859,0.2543167702614097,0.2487611969274317,0.24492406758988366,0.24130202492463335,0.23998237064460162,0.23398972453281547,0.21772486594969423,0.19510588123522077,0.11749192010875467,0.23996793043320586,0.9940476190476191,0.9940476190476191,0.9940476190476191,0.9940476190476191,0.9940476190476191,0.9940476190476191,0.9940476190476191,0.9940476190476191,0.9900793650793651,0.9900793650793651,0.9880952380952381,0.9781746031746031,0.9662698412698413,0.9563492063492064,0.9444444444444444,0.9246031746031746,0.8888888888888888,0.7996031746031746,0.5277777777777778,0.9424603174603174,0.9616122840690979,0.9616122840690979,0.9616122840690979,0.9616122840690979,0.9616122840690979,0.9616122840690979,0.9616122840690979,0.9616122840690979,0.9577735124760077,0.9577735124760077,0.9558541266794626,0.946257197696737,0.9347408829174664,0.9251439539347409,0.9136276391554703,0.8944337811900192,0.8598848368522073,0.7735124760076776,0.510556621880998,0.9117082533589251,0.2567011626795286,0.2567011626795286,0.2567011626795286,0.2567011626795286,0.2567011626795286,0.2567011626795286,0.2567011626795286,0.2567011626795286,0.2564273218969709,0.2564273218969709,0.2549494164340647,0.2506563045887786,0.24767864777469334,0.24483660051187825,0.24382993666674882,0.23910781636103523,0.22580754259181676,0.20705958973388733,0.13268508514688482,0.24279341500210305,0.9980384059467272,0.9980384059467272,0.9980384059467272,0.9980384059467272,0.9980384059467272,0.9980384059467272,0.9980384059467272,0.9980384059467272,0.9941442104599003,0.9941442104599003,0.9921548444470718,0.9823049415952729,0.9705087584727123,0.9609826848044472,0.9499085980177588,0.9314435859757061,0.895684861067214,0.8170260304803136,0.5716517404455351,0.9496979849368238,0.9243950091263355,0.9243950091263355,0.9243950091263355,0.9243950091263355,0.9243950091263355,0.9243950091263355,0.9243950091263355,0.9243950091263355,0.9263609318675724,0.9263609318675724,0.9271910167571885,0.9306929724860923,0.9344036728787668,0.937163598568515,0.9398156769156987,0.943349144192161,0.9480619535437889,0.9561904781049314,0.9692059533986424,0.9333661265048219,0.5051007036531493,0.5051007036531493,0.5051007036531493,0.5051007036531493,0.5051007036531493,0.5051007036531493,0.5051007036531493,0.5051007036531493,0.5037219295754516,0.5037219295754516,0.5012875319246027,0.4932868182809366,0.4864799481101362,0.48038422125120794,0.47607774230675975,0.46513185456122386,0.4399241004735998,0.3949775715397426,0.2490173176745801,0.47551666286836247,501.0,501.0,501.0,501.0,501.0,501.0,501.0,501.0,499.0,499.0,498.0,493.0,487.0,482.0,476.0,466.0,448.0,403.0,266.0,475.0,3.0,3.0,3.0,3.0,3.0,3.0,3.0,3.0,5.0,5.0,6.0,11.0,17.0,22.0,28.0,38.0,56.0,101.0,238.0,29.0,20.0,20.0,20.0,20.0,20.0,20.0,20.0,20.0,22.0,22.0,23.0,28.0,34.0,39.0,45.0,55.0,73.0,118.0,255.0,46.0,0.9305555555555556,0.9263609318675724,0.9464285714285714,0.9900793650793651,0.9577735124760077,1.0,0.0,0.0,0.8576470337339656,0.9736585365853658,0.03852889667250438,0.9446367262162859,462.2541050019186,499,5,22,8,2,0,0,9.0,571,0.3882926829268293,0.3948412698412698,0.381957773512476,199,305,322,521,504,13,2
tagging_009_tagging_aria04_rgb,0.4285768901910767,0.9288977327906608,0.3981041016249631,0.4285768901910767,0.4285768901910767,0.4285768901910767,0.4285768901910767,0.4285768901910767,0.4285768901910767,0.4285768901910767,0.4285768901910767,0.4285768901910767,0.42668973861520776,0.42510360823796,0.421933301670789,0.4181190598339269,0.4134281493511821,0.40714493130015006,0.40003367799560685,0.38088581813915573,0.339502460468926,0.17135916845358098,0.403231153988746,0.9817073170731707,0.9817073170731707,0.9817073170731707,0.9817073170731707,0.9817073170731707,0.9817073170731707,0.9817073170731707,0.9817073170731707,0.9817073170731707,0.9768856447688564,0.9720873786407767,0.9625603864734299,0.9507803121248499,0.9368295589988082,0.9208037825059102,0.8983644859813084,0.8340857787810384,0.7213983050847458,0.3073209975864843,0.911393814979197,0.18710072504447264,0.18710072504447264,0.18710072504447264,0.18710072504447264,0.18710072504447264,0.18710072504447264,0.18710072504447264,0.18710072504447264,0.18710072504447264,0.18637200169175686,0.1859020924534741,0.18495225189046077,0.18387375713081686,0.18244816576732376,0.18002423342818957,0.1781314221876113,0.1739317587593331,0.15977570206643935,0.0955481885185516,0.17867716312074794,0.9962871287128713,0.9962871287128713,0.9962871287128713,0.9962871287128713,0.9962871287128713,0.9962871287128713,0.9962871287128713,0.9962871287128713,0.9962871287128713,0.9938118811881188,0.9913366336633663,0.9863861386138614,0.9801980198019802,0.9727722772277227,0.9641089108910891,0.9517326732673267,0.9146039603960396,0.8428217821782178,0.47277227722772275,0.9493225638353309,0.98531211750306,0.98531211750306,0.98531211750306,0.98531211750306,0.98531211750306,0.98531211750306,0.98531211750306,0.98531211750306,0.98531211750306,0.9828641370869033,0.9804161566707467,0.9755201958384333,0.9694002447980417,0.9620563035495716,0.9534883720930233,0.9412484700122399,0.9045287637698899,0.8335373317013464,0.4675642594859241,0.9388649101333506,0.18710370913574573,0.18710370913574573,0.18710370913574573,0.18710370913574573,0.18710370913574573,0.18710370913574573,0.18710370913574573,0.18710370913574573,0.18710370913574573,0.18649069466661392,0.1860940538409492,0.18529480018220695,0.18441275406187688,0.18323567440481864,0.18117599796945788,0.17960802497110756,0.17618911411946098,0.16388704029789122,0.10343520704501691,0.17967140756742692,0.9967761017450458,0.9967761017450458,0.9967761017450458,0.9967761017450458,0.9967761017450458,0.9967761017450458,0.9967761017450458,0.9967761017450458,0.9967761017450458,0.9943070469442163,0.9918765099956677,0.9870589755235961,0.9813208083204573,0.9745605963105792,0.9659016761579075,0.953696519476356,0.9226576199683904,0.854825663724963,0.5291204720975767,0.9540163581171118,0.9288977327906608,0.9288977327906608,0.9288977327906608,0.9288977327906608,0.9288977327906608,0.9288977327906608,0.9288977327906608,0.9288977327906608,0.9288977327906608,0.9300269500784762,0.9310842204516503,0.9329185985495212,0.9347977008075955,0.936874788106847,0.9387635111557171,0.9408720154379127,0.945583781932319,0.9510815829138196,0.9673140127847615,0.9352314082807668,0.43174766256999475,0.43174766256999475,0.43174766256999475,0.43174766256999475,0.43174766256999475,0.43174766256999475,0.43174766256999475,0.43174766256999475,0.43174766256999475,0.4303704330017109,0.42929192226712454,0.4271233282907524,0.42453821104015704,0.421284366775579,0.41660889047697364,0.41174445306710095,0.39884668157066894,0.36696381560640606,0.2125383134187796,0.41184417782343186,805.0,805.0,805.0,805.0,805.0,805.0,805.0,805.0,805.0,803.0,801.0,797.0,792.0,786.0,779.0,769.0,739.0,681.0,382.0,767.0526315789474,3.0,3.0,3.0,3.0,3.0,3.0,3.0,3.0,3.0,5.0,7.0,11.0,16.0,22.0,29.0,39.0,69.0,127.0,426.0,40.94736842105263,12.0,12.0,12.0,12.0,12.0,12.0,12.0,12.0,12.0,14.0,16.0,20.0,25.0,31.0,38.0,48.0,78.0,136.0,435.0,49.94736842105263,0.9628712871287128,0.9299458449121485,0.9764851485148515,0.9938118811881188,0.9828641370869033,1.0,0.0,0.0,0.893250635475811,0.9883076923076923,0.024518388791593695,0.9751962961817349,746.7465134644552,803,5,14,11,2,0,0,7.0,571,0.22892307692307692,0.2301980198019802,0.22766217870257038,186,622,631,817,808,17,2
tagging_010_tagging_aria01_rgb,0.3755022201151838,0.9063996699328065,0.3403550883714387,0.3755022201151838,0.3755022201151838,0.3755022201151838,0.3755022201151838,0.3755022201151838,0.3755022201151838,0.3755022201151838,0.37278583376546975,0.3702453116926563,0.3702453116926563,0.3659821096920807,0.36181723854754144,0.3592292752020531,0.3543842164679356,0.34716486889758197,0.3345604599844657,0.3082598548798303,0.25356264220993546,0.10395647870206123,0.343721533817924,0.9251968503937008,0.9251968503937008,0.9251968503937008,0.9251968503937008,0.9251968503937008,0.9251968503937008,0.9251968503937008,0.9176470588235294,0.9064327485380117,0.9064327485380117,0.8916827852998066,0.8807692307692307,0.8735632183908046,0.8593155893536122,0.8280373831775701,0.7846715328467153,0.7038327526132404,0.5450236966824644,0.1897810218978102,0.8296614589308797,0.15240207232810093,0.15240207232810093,0.15240207232810093,0.15240207232810093,0.15240207232810093,0.15240207232810093,0.15240207232810093,0.1514408797151077,0.15123194859352945,0.15123194859352945,0.1502136262164478,0.14863338719931796,0.14772333523829922,0.14614906844185335,0.14555314608402095,0.1426465682767197,0.13500954278942215,0.11796553785796585,0.0569443106379269,0.1427135687337288,0.9853249475890985,0.9853249475890985,0.9853249475890985,0.9853249475890985,0.9853249475890985,0.9853249475890985,0.9853249475890985,0.9811320754716981,0.9748427672955975,0.9748427672955975,0.9664570230607966,0.960167714884696,0.9559748427672956,0.9475890985324947,0.9287211740041929,0.9014675052410901,0.8469601677148847,0.7232704402515723,0.3270440251572327,0.9150391702526756,0.93812375249501,0.93812375249501,0.93812375249501,0.93812375249501,0.93812375249501,0.93812375249501,0.93812375249501,0.9341317365269461,0.9281437125748503,0.9281437125748503,0.9201596806387226,0.9141716566866267,0.9101796407185628,0.9021956087824351,0.8842315369261478,0.8582834331337326,0.8063872255489022,0.688622754491018,0.31137724550898205,0.8712049585040447,0.1611754485580591,0.1611754485580591,0.1611754485580591,0.1611754485580591,0.1611754485580591,0.1611754485580591,0.1611754485580591,0.16036931848381336,0.1602798579961966,0.1602798579961966,0.1595034949893244,0.15818222925756437,0.15740846376985068,0.156064648217431,0.15587151704537205,0.15349589236262906,0.14627234284495932,0.1293669198945888,0.06538343087328553,0.15214242703355924,0.8785081053698075,0.8785081053698075,0.8785081053698075,0.8785081053698075,0.8785081053698075,0.8785081053698075,0.8785081053698075,0.8740715303215304,0.8687083973374294,0.8687083973374294,0.8604280106836661,0.853364599114755,0.8491513381668456,0.8411060220548396,0.8238797571152409,0.8004627137836947,0.7591575670887533,0.6816308764025455,0.36511535974398257,0.8208074371968087,0.9063996699328065,0.9063996699328065,0.9063996699328065,0.9063996699328065,0.9063996699328065,0.9063996699328065,0.9063996699328065,0.9087012051445991,0.9118735590344782,0.9118735590344782,0.9151219046868572,0.917347363355574,0.9186588693792817,0.9207417678975595,0.924598681101975,0.9289891084133458,0.935756028786702,0.9461545658402022,0.9658639380052676,0.9184462231689455,0.38751201778674693,0.38751201778674693,0.38751201778674693,0.38751201778674693,0.38751201778674693,0.38751201778674693,0.38751201778674693,0.3854653092382548,0.3839627211988448,0.3839627211988448,0.3810183906536735,0.3777737149971413,0.3757922194211764,0.372141456997443,0.3676660015709308,0.358596215869071,0.33815337497064685,0.2920975633260991,0.13646719957862197,0.3613516322909461,470.0,470.0,470.0,470.0,470.0,470.0,470.0,468.0,465.0,465.0,461.0,458.0,456.0,452.0,443.0,430.0,404.0,345.0,156.0,436.4736842105263,7.0,7.0,7.0,7.0,7.0,7.0,7.0,9.0,12.0,12.0,16.0,19.0,21.0,25.0,34.0,47.0,73.0,132.0,321.0,40.526315789473685,31.0,31.0,31.0,31.0,31.0,31.0,31.0,33.0,36.0,36.0,40.0,43.0,45.0,49.0,58.0,71.0,97.0,156.0,345.0,64.52631578947368,0.8679245283018868,0.9113964791397144,0.9035639412997903,0.9769392033542977,0.9301397205588823,1.0,0.0,0.0,0.7813642752182535,0.9529652351738241,0.0831353919239905,0.9009843838126241,424.7107592791069,466,11,35,17,2,0,0,13.0,421,0.21063394683026584,0.21593291404612158,0.2055888223552894,103,374,398,501,477,24,2
tagging_010_tagging_aria03_rgb,0.37108819176713886,0.9187197579295865,0.3409260537108338,0.37108819176713886,0.37108819176713886,0.37108819176713886,0.3707481154719565,0.3707481154719565,0.3707481154719565,0.3707481154719565,0.36955508834408557,0.36923225081511335,0.36834810475247126,0.3673797466222045,0.3634922965562089,0.3584543867106205,0.3542994645619956,0.34518780177816777,0.33679042264315245,0.31609016795605815,0.2737212202954498,0.13089318471610334,0.3447211143653091,0.9725557461406518,0.9725557461406518,0.9725557461406518,0.9691780821917808,0.9691780821917808,0.9691780821917808,0.9691780821917808,0.9658119658119658,0.962457337883959,0.959114139693356,0.95578231292517,0.9425675675675675,0.9295302013422819,0.9166666666666666,0.8883415435139573,0.86084142394822,0.7912772585669782,0.6522988505747126,0.2513601741022851,0.8879173163045366,0.14159234225437356,0.14159234225437356,0.14159234225437356,0.14182549899927244,0.14182549899927244,0.14182549899927244,0.14182549899927244,0.14140533370404929,0.14165038768547683,0.14146421229710648,0.1412119437690014,0.14017737741250627,0.1382306321693933,0.13693975700609104,0.13413153912076559,0.13176385990339606,0.1262679967062795,0.11486039930013436,0.06816125850609916,0.1341233537021321,0.9759036144578314,0.9759036144578314,0.9759036144578314,0.9741824440619621,0.9741824440619621,0.9741824440619621,0.9741824440619621,0.9724612736660929,0.9707401032702238,0.9690189328743546,0.9672977624784854,0.9604130808950087,0.9535283993115319,0.9466437177280551,0.9311531841652324,0.9156626506024096,0.8743545611015491,0.7814113597246127,0.39759036144578314,0.91919557930972,0.9964850615114236,0.9964850615114236,0.9964850615114236,0.9947275922671354,0.9947275922671354,0.9947275922671354,0.9947275922671354,0.9929701230228472,0.9912126537785588,0.9894551845342706,0.9876977152899824,0.9806678383128296,0.9736379613356766,0.9666080843585237,0.9507908611599297,0.9349736379613357,0.8927943760984183,0.7978910369068541,0.40597539543058,0.9385810748311904,0.14161720796375898,0.14161720796375898,0.14161720796375898,0.14185042673292572,0.14185042673292572,0.14185042673292572,0.14185042673292572,0.1414831549672159,0.14172832877353167,0.14156407936905405,0.1413426175155726,0.1404466330416684,0.1387426544395798,0.1376101810209617,0.13514323341316586,0.13304941650666557,0.1282284656064403,0.11798168621142434,0.07359843791070557,0.13490380103152452,0.9982897760675538,0.9982897760675538,0.9982897760675538,0.9974033622443516,0.9974033622443516,0.9974033622443516,0.9974033622443516,0.9956610351300617,0.9965398667526326,0.9949189945637548,0.9931729598989385,0.9862472769835118,0.9793099058033546,0.9726317790099138,0.9566780805673657,0.9414170549557281,0.8999972284976546,0.8140939874639976,0.48402203367894114,0.9473248937097855,0.9187197579295865,0.9187197579295865,0.9187197579295865,0.9200644003180691,0.9200644003180691,0.9200644003180691,0.9200644003180691,0.9210148539458185,0.9218603897572469,0.922654308578464,0.9233915124686041,0.9258795927269129,0.9280280700894304,0.9297830918178148,0.9332533963893669,0.9360561809289625,0.9408916259334402,0.9479197519373366,0.9660781426280884,0.928064620645396,0.3717263490601567,0.3717263490601567,0.3717263490601567,0.37170406406900985,0.37170406406900985,0.37170406406900985,0.37170406406900985,0.37082504084408685,0.3708176262936634,0.37024518908427867,0.3695862514258245,0.3669171390280475,0.36305210842013125,0.3600460535501292,0.35340771037045066,0.34734888111630385,0.3322694672119165,0.2995884189945098,0.16462156421939206,0.35109056600080235,567.0,567.0,567.0,566.0,566.0,566.0,566.0,565.0,564.0,563.0,562.0,558.0,554.0,550.0,541.0,532.0,508.0,454.0,231.0,534.0526315789474,14.0,14.0,14.0,15.0,15.0,15.0,15.0,16.0,17.0,18.0,19.0,23.0,27.0,31.0,40.0,49.0,73.0,127.0,350.0,46.94736842105263,2.0,2.0,2.0,3.0,3.0,3.0,3.0,4.0,5.0,6.0,7.0,11.0,15.0,19.0,28.0,37.0,61.0,115.0,338.0,34.94736842105263,0.9345955249569707,0.922654308578464,0.9586919104991394,0.9690189328743546,0.9894551845342706,1.0,0.0,0.0,0.8596460855932448,0.9791304347826087,0.014251781472684086,0.9567192288542544,519.4543757296752,563,18,6,14,2,0,0,10.0,421,0.20869565217391303,0.20654044750430292,0.210896309314587,120,461,449,569,581,18,2
tagging_010_tagging_aria04_rgb,0.3439495595297067,0.912811344899162,0.313961060011786,0.3439495595297067,0.3436857932013649,0.3430806278581027,0.34281936253295814,0.34281936253295814,0.3408468601318784,0.339192143188587,0.339192143188587,0.3381372803891808,0.33763586807436335,0.3337114211249478,0.33121114012355074,0.3291096961807928,0.3268850391637575,0.31930827474581164,0.312666038714273,0.29856528303429314,0.2601790528548769,0.1403487765354634,0.3191233538476554,0.9074626865671642,0.9046199701937406,0.9017857142857143,0.8989598811292719,0.8989598811292719,0.8905325443786982,0.8849557522123894,0.8849557522123894,0.8794117647058823,0.8766519823788547,0.8602620087336245,0.849493487698987,0.8441558441558441,0.8362068965517241,0.8101983002832861,0.7899159663865546,0.7387755102040816,0.6075471698113207,0.2628458498023715,0.8172472085695354,0.1303649188576564,0.13057408452209368,0.13052359928405066,0.13073454977753726,0.13073454977753726,0.1304574243749999,0.1300079803009796,0.1300079803009796,0.13001511348580969,0.1300378961112797,0.1294527846849451,0.12913673963421152,0.12830947374240706,0.12778396024922256,0.1258429871865902,0.1237600655326357,0.1206607785479014,0.11142038496448521,0.07494042264624609,0.12498766810429307,0.9918433931484503,0.9902120717781403,0.9885807504078303,0.9869494290375204,0.9869494290375204,0.9820554649265906,0.9787928221859706,0.9787928221859706,0.9755301794453507,0.9738988580750407,0.964110929853181,0.9575856443719413,0.9543230016313213,0.9494290375203915,0.933115823817292,0.9200652528548124,0.8858075040783034,0.7879282218597063,0.433931484502447,0.9273632695114622,0.9142857142857143,0.912781954887218,0.9112781954887218,0.9097744360902256,0.9097744360902256,0.9052631578947369,0.9022556390977443,0.9022556390977443,0.8992481203007519,0.8977443609022556,0.8887218045112782,0.8827067669172932,0.8796992481203008,0.8751879699248121,0.8601503759398497,0.8481203007518797,0.8165413533834587,0.7263157894736842,0.4,0.854847645429363,0.13089555402051206,0.13110507310107478,0.13105758358320488,0.13126940276806273,0.13126940276806273,0.13103988692772742,0.13063912063052938,0.13063912063052938,0.1306564445098543,0.13068539652239466,0.1301820688032952,0.12994005445497966,0.1291916881136212,0.12871271869820441,0.126994366509258,0.12517123870364885,0.12250050988069984,0.11426138935620557,0.08016392400990373,0.12612499705219837,0.9489236682100445,0.9504236058208326,0.9496035648716052,0.9503467112598227,0.9503467112598227,0.9493802957395234,0.946776861899451,0.946776861899451,0.9441044322291036,0.9424195150301574,0.938282370498572,0.9346667031800954,0.9317389148965421,0.9283943879086641,0.9157846098916335,0.905985213377056,0.8788159541993172,0.7953770598862402,0.5151935117459322,0.9064916291475719,0.912811344899162,0.9141786181167203,0.9154467823694832,0.9166718004318075,0.9166718004318075,0.9198768569300105,0.9218766734196185,0.9218766734196185,0.9235476619473725,0.9243330026142558,0.9284133237450826,0.9309117847789935,0.9319807697066683,0.9332818697709397,0.9369446510496825,0.9392020567716147,0.9436610226919483,0.9516716595633242,0.9677293979808839,0.9290046184546839,0.35958529373057,0.3595775782152669,0.3592118006499198,0.3592052188630027,0.3592052188630027,0.3579335504639319,0.35672241020924644,0.35672241020924644,0.3561371463206549,0.35587042379109857,0.3532801220203113,0.3516525103489495,0.3499266810627465,0.34831279389359693,0.34267489353648894,0.3374423446866333,0.32692846784221996,0.2962959091921297,0.18033027712540775,0.3403692132118118,608.0,607.0,606.0,605.0,605.0,602.0,600.0,600.0,598.0,597.0,591.0,587.0,585.0,582.0,572.0,564.0,543.0,483.0,266.0,568.4736842105264,5.0,6.0,7.0,8.0,8.0,11.0,13.0,13.0,15.0,16.0,22.0,26.0,28.0,31.0,41.0,49.0,70.0,130.0,347.0,44.526315789473685,57.0,58.0,59.0,60.0,60.0,63.0,65.0,65.0,67.0,68.0,74.0,78.0,80.0,83.0,93.0,101.0,122.0,182.0,399.0,96.52631578947368,0.8384991843393148,0.9236394056208861,0.8694942903752039,0.9771615008156607,0.9007518796992481,1.0,0.0,0.0,0.7638825513326439,0.9374021909233177,0.15676959619952494,0.8674082322986086,553.2600039669107,599,14,66,19,2,0,0,15.0,421,0.18309859154929578,0.19086460032626426,0.17593984962406015,117,496,548,665,613,25,2
COMBINED,0.6976703466088333,0.918384075071239,0.640729335974984,0.6976703466088333,0.6975917331763875,0.6973924451405382,0.6972130909519606,0.6970184973051524,0.6967571847799879,0.6964244370687908,0.6956832247953199,0.6949347696219245,0.693711450274293,0.6922619614670528,0.6897129057287769,0.6856216011282029,0.6797622775128618,0.6682769312772636,0.6476945638163725,0.6033596936036603,0.4985809661168032,0.24509710864848058,0.6513034310011928,0.9822487246656556,0.9819754618141715,0.9813950283381281,0.980883163405897,0.9802351806897026,0.9795194823075863,0.9784979530051261,0.9765599491330275,0.9741512478116097,0.9710050552651872,0.9670611574770831,0.9602222373713273,0.9509787291786816,0.9376021293441822,0.9129494727738416,0.8723120248734353,0.7916692628824226,0.6143330339097238,0.2444603133385268,0.8967399793465957,0.4955403863751217,0.4955665850315581,0.4955764075580077,0.4955800163873671,0.49563083957433046,0.49562115232138687,0.49566480446591316,0.4955918473733026,0.4957488224896998,0.4956056342160182,0.4955494485420563,0.49541020173736433,0.4943086164919643,0.49282818315768806,0.4891771890950947,0.4809153560139766,0.4598421802307233,0.4046387969599142,0.2457355627482037,0.4744490542510363,0.9893417580891543,0.98920288848771,0.9889077905846411,0.988647410081933,0.988317594778503,0.9879530620747119,0.9874323010692959,0.9864428551590056,0.985210387446188,0.9835960283293987,0.9815650604082766,0.9780238855714484,0.9731981669212609,0.966133175947785,0.9528537703096792,0.930200666574087,0.8822038605749202,0.7597903069018191,0.3922024718789057,0.9311170232204592,0.9927538756314231,0.9926145270858735,0.9923184114265807,0.9920571329036754,0.9917261801079951,0.9913603901759276,0.9908378331301168,0.9898449747430761,0.9886082564013238,0.9869883295593103,0.9849503570806479,0.9813969691691343,0.9765546072112873,0.9694652499564536,0.9561400452882773,0.933408813795506,0.8852464727399407,0.7624107298380073,0.39355512976833307,0.9343283308427837,0.4968824822487639,0.496915392597708,0.4969475788251505,0.49697140340908325,0.4970439770153301,0.49706420577584015,0.4971369960648591,0.4971701542848989,0.4973915777414131,0.4974128419020837,0.497532345822662,0.4977223977196161,0.49733246112421464,0.4968447489887334,0.49526027313228993,0.49106577586396755,0.47897319700201935,0.4419136339019223,0.3113642726130213,0.4831024061070304,0.9844094599809964,0.9844269144505399,0.984301953607277,0.9841806477845665,0.9840219537082607,0.9838003838942777,0.9834617347627249,0.9827998077317502,0.9820252479735934,0.9807424710290765,0.9792418695938252,0.9765785060725347,0.972591462756559,0.9667781358904028,0.956153989371458,0.9378633484662277,0.8997057902662179,0.8044433785741543,0.5139525461803414,0.9390252422155151,0.918384075071239,0.918500513325264,0.9187373464969923,0.9189332553390549,0.9191648132119429,0.9194032629698516,0.9197161692622932,0.9202611108029862,0.920878992586128,0.9216068720518147,0.9224276722033985,0.9236810778678239,0.9251548587203889,0.9269709133403914,0.9297590514069904,0.9334713616820202,0.9392124295054413,0.948863575109267,0.9668829366022201,0.9269479098713426,0.700184830641554,0.7001541954107021,0.7000566907501584,0.6999670704324115,0.6998861902239195,0.6997502662128192,0.6995966255156176,0.699194562991194,0.6988682919413848,0.6981946243222933,0.6974338853206601,0.6960768710817162,0.6935850628894514,0.6900272877145612,0.6827256615791968,0.6688406273021364,0.6369258564815314,0.5544732957740671,0.31044821651669935,0.6645468480580038,56994.0,56986.0,56969.0,56954.0,56935.0,56914.0,56884.0,56827.0,56756.0,56663.0,56546.0,56342.0,56064.0,55657.0,54892.0,53587.0,50822.0,43770.0,22594.0,53639.78947368421,614.0,622.0,639.0,654.0,673.0,694.0,724.0,781.0,852.0,945.0,1062.0,1266.0,1544.0,1951.0,2716.0,4021.0,6786.0,13838.0,35014.0,3968.2105263157896,416.0,424.0,441.0,456.0,475.0,496.0,526.0,583.0,654.0,747.0,864.0,1068.0,1346.0,1753.0,2518.0,3823.0,6588.0,13640.0,34816.0,3770.2105263157896,0.9619150118039161,0.9213999065135119,0.9735453409248715,0.9850541591445633,0.9884514892875805,0.9939393939393939,0.006060606060606061,0.0,0.8844896628058995,0.9867499000156498,0.02007448451267145,0.9734962839396837,52286.68049492226,56747,861,663,670,164,1,0,645.0,33027,0.5862038985202316,0.5851965004860437,0.5872147709458283,33712,23896,23698,57410,57608,834,165
