1,1,614.097900390625,598.656982421875,124.21826171875,432.5050048828125,-1,-1,-1,-1
2,1,613.9581909179688,600.4266357421875,122.549560546875,432.7445068359375,-1,-1,-1,-1
3,1,611.181884765625,603.94775390625,124.4298095703125,431.9783935546875,-1,-1,-1,-1
4,1,611.8473510742188,608.261474609375,118.2650146484375,430.48828125,-1,-1,-1,-1
5,1,610.92333984375,614.7307739257812,112.23614501953125,428.89337158203125,-1,-1,-1,-1
6,1,614.4492797851562,622.976318359375,107.74285888671875,424.641357421875,-1,-1,-1,-1
7,1,617.1456909179688,633.046630859375,104.63226318359375,419.1351318359375,-1,-1,-1,-1
8,1,618.9058837890625,642.1729125976562,108.70965576171875,410.20355224609375,-1,-1,-1,-1
9,1,619.8045043945312,651.380126953125,127.87109375,399.2232666015625,-1,-1,-1,-1
10,1,621.1244506835938,657.3924560546875,135.03253173828125,391.0355224609375,-1,-1,-1,-1
11,1,620.6329345703125,662.1841430664062,118.81243896484375,383.72357177734375,-1,-1,-1,-1
12,1,623.8366088867188,663.0530395507812,124.7452392578125,376.30999755859375,-1,-1,-1,-1
13,1,631.0887451171875,661.5454711914062,123.54669189453125,367.81683349609375,-1,-1,-1,-1
14,1,633.0068359375,655.549072265625,119.633056640625,344.4669189453125,-1,-1,-1,-1
15,1,639.8712768554688,651.504638671875,121.710205078125,315.0325927734375,-1,-1,-1,-1
16,1,637.315185546875,648.0638427734375,134.06646728515625,283.1143798828125,-1,-1,-1,-1
17,1,609.762939453125,638.12939453125,177.07586669921875,281.34991455078125,-1,-1,-1,-1
18,1,600.1930541992188,628.6475830078125,199.701904296875,285.66107177734375,-1,-1,-1,-1
19,1,598.2410278320312,624.100830078125,205.15234375,288.72998046875,-1,-1,-1,-1
20,1,603.2440795898438,620.49072265625,201.015869140625,288.10174560546875,-1,-1,-1,-1
21,1,638.6327514648438,620.8369140625,166.26385498046875,282.20831298828125,-1,-1,-1,-1
22,1,671.4658813476562,625.5423583984375,133.9649658203125,271.93841552734375,-1,-1,-1,-1
23,1,687.0535888671875,623.065185546875,121.165771484375,267.0648193359375,-1,-1,-1,-1
24,1,703.185791015625,585.5062866210938,116.35394287109375,294.16778564453125,-1,-1,-1,-1
25,1,709.7701416015625,582.0814208984375,111.9212646484375,292.2183837890625,-1,-1,-1,-1
26,1,710.6146240234375,582.235595703125,108.967529296875,286.390380859375,-1,-1,-1,-1
27,1,708.8112182617188,584.619873046875,108.6605224609375,280.7080078125,-1,-1,-1,-1
28,1,705.604736328125,585.842041015625,111.4560546875,279.0477294921875,-1,-1,-1,-1
29,1,703.5726318359375,598.1036987304688,107.7451171875,265.05047607421875,-1,-1,-1,-1
30,1,705.8280029296875,608.3226318359375,102.88677978515625,252.52099609375,-1,-1,-1,-1
31,1,712.9329223632812,619.6008911132812,92.14697265625,237.66900634765625,-1,-1,-1,-1
32,1,720.9143676757812,580.3662109375,82.9857177734375,273.7728271484375,-1,-1,-1,-1
33,1,717.8082885742188,580.6651611328125,84.5406494140625,274.56793212890625,-1,-1,-1,-1
34,1,714.454833984375,583.3452758789062,87.09222412109375,271.2418212890625,-1,-1,-1,-1
35,1,711.2647094726562,586.6063842773438,86.8148193359375,268.63153076171875,-1,-1,-1,-1
36,1,685.8450927734375,590.7294921875,116.44293212890625,266.2041015625,-1,-1,-1,-1
37,1,676.5050659179688,589.7330322265625,128.50628662109375,271.18267822265625,-1,-1,-1,-1
38,1,670.3177490234375,588.3302001953125,136.310791015625,277.05908203125,-1,-1,-1,-1
39,1,667.5281372070312,586.6994018554688,139.1964111328125,280.32794189453125,-1,-1,-1,-1
40,1,671.8093872070312,584.3098754882812,135.98797607421875,282.8458251953125,-1,-1,-1,-1
41,1,682.7454223632812,583.2964477539062,124.46514892578125,285.9632568359375,-1,-1,-1,-1
42,1,684.9559326171875,583.8822631835938,126.2183837890625,292.82244873046875,-1,-1,-1,-1
43,1,684.294921875,587.4978637695312,130.14764404296875,297.82464599609375,-1,-1,-1,-1
44,1,681.1485595703125,594.0447998046875,134.41162109375,308.48907470703125,-1,-1,-1,-1
45,1,674.1824951171875,601.4805908203125,141.7708740234375,320.44744873046875,-1,-1,-1,-1
46,1,666.8421630859375,611.7297973632812,143.304931640625,329.26458740234375,-1,-1,-1,-1
47,1,662.7320556640625,619.5720825195312,141.0562744140625,336.64349365234375,-1,-1,-1,-1
48,1,656.9954833984375,621.2159423828125,143.5191650390625,348.31256103515625,-1,-1,-1,-1
49,1,655.189208984375,618.05615234375,141.485107421875,353.39312744140625,-1,-1,-1,-1
50,1,656.5444946289062,610.3362426757812,137.06829833984375,358.27642822265625,-1,-1,-1,-1
51,1,658.2361450195312,597.0888671875,133.336181640625,362.0758056640625,-1,-1,-1,-1
52,1,657.9534912109375,578.0814208984375,132.755126953125,368.9749755859375,-1,-1,-1,-1
53,1,654.3634033203125,556.7264404296875,135.9200439453125,369.4351806640625,-1,-1,-1,-1
54,1,643.41796875,531.3876953125,139.06280517578125,384.4566650390625,-1,-1,-1,-1
55,1,615.1592407226562,496.6443176269531,149.38653564453125,412.4056701660156,-1,-1,-1,-1
56,1,575.6690673828125,448.5008239746094,163.48150634765625,431.7171325683594,-1,-1,-1,-1
57,1,531.833740234375,407.8029479980469,175.2979736328125,445.2154846191406,-1,-1,-1,-1
58,1,493.3432312011719,386.74420166015625,188.23837280273438,465.5296630859375,-1,-1,-1,-1
59,1,460.5413818359375,380.6015625,195.28436279296875,487.57763671875,-1,-1,-1,-1
60,1,440.9950866699219,383.5798645019531,214.57040405273438,494.3835754394531,-1,-1,-1,-1
61,1,431.6276550292969,393.7630310058594,224.21847534179688,500.4110412597656,-1,-1,-1,-1
62,1,446.0244140625,413.7010803222656,234.0137939453125,504.2850036621094,-1,-1,-1,-1
63,1,475.7176513671875,441.168701171875,247.9539794921875,506.1641845703125,-1,-1,-1,-1
64,1,503.623046875,469.1151123046875,259.14544677734375,507.297119140625,-1,-1,-1,-1
65,1,507.54852294921875,496.78466796875,277.27117919921875,521.744873046875,-1,-1,-1,-1
66,1,499.3468322753906,525.5855712890625,290.4084167480469,543.3873291015625,-1,-1,-1,-1
67,1,483.08441162109375,551.277587890625,309.51336669921875,563.498046875,-1,-1,-1,-1
68,1,473.4530029296875,572.5661010742188,328.46875,579.4706420898438,-1,-1,-1,-1
69,1,473.355224609375,587.0181274414062,332.775390625,579.1410522460938,-1,-1,-1,-1
70,1,468.9724426269531,597.3518676757812,336.9744567871094,570.8307495117188,-1,-1,-1,-1
71,1,468.9846496582031,604.742431640625,327.7298278808594,558.8343505859375,-1,-1,-1,-1
72,1,464.1644287109375,608.8656616210938,306.548828125,544.9500122070312,-1,-1,-1,-1
73,1,475.0181579589844,619.4280395507812,259.9378967285156,572.9049682617188,-1,-1,-1,-1
74,1,460.57427978515625,633.3261108398438,240.04931640625,609.7681274414062,-1,-1,-1,-1
75,1,447.8568420410156,649.3123168945312,254.65609741210938,628.4407348632812,-1,-1,-1,-1
76,1,431.8355712890625,659.5745849609375,266.7845458984375,643.6605224609375,-1,-1,-1,-1
77,1,393.05517578125,671.8597412109375,310.10479736328125,648.8253173828125,-1,-1,-1,-1
78,1,363.40966796875,677.2734375,348.38262939453125,646.806884765625,-1,-1,-1,-1
79,1,359.47442626953125,677.2127075195312,362.29669189453125,647.4356079101562,-1,-1,-1,-1
80,1,342.0867004394531,675.6903686523438,388.0184020996094,658.9019165039062,-1,-1,-1,-1
81,1,314.5595703125,679.2135620117188,422.4056396484375,662.3197631835938,-1,-1,-1,-1
82,1,278.1160888671875,677.3726196289062,457.36968994140625,670.4954223632812,-1,-1,-1,-1
83,1,245.07095336914062,669.4403076171875,460.4715881347656,679.41796875,-1,-1,-1,-1
84,1,223.32142639160156,655.7230224609375,427.7196044921875,684.775390625,-1,-1,-1,-1
85,1,206.73123168945312,644.2667846679688,390.3663024902344,679.6992797851562,-1,-1,-1,-1
86,1,187.87440490722656,635.73974609375,401.3521728515625,674.388427734375,-1,-1,-1,-1
87,1,183.8396453857422,629.1141357421875,399.61029052734375,667.3096923828125,-1,-1,-1,-1
88,1,172.72422790527344,630.766357421875,391.1396484375,662.2706298828125,-1,-1,-1,-1
89,1,162.664794921875,637.1460571289062,383.2259521484375,646.8148803710938,-1,-1,-1,-1
90,1,153.6833953857422,642.3967895507812,372.43927001953125,625.2662963867188,-1,-1,-1,-1
91,1,166.46975708007812,641.5916748046875,353.6224060058594,603.615478515625,-1,-1,-1,-1
92,1,192.24278259277344,633.63671875,344.82672119140625,587.220947265625,-1,-1,-1,-1
93,1,219.41787719726562,625.14208984375,330.2010192871094,578.39404296875,-1,-1,-1,-1
94,1,247.10537719726562,614.8003540039062,299.5143127441406,576.3838500976562,-1,-1,-1,-1
95,1,272.5882263183594,604.689208984375,258.6673278808594,571.236083984375,-1,-1,-1,-1
96,1,293.9729919433594,596.3421020507812,224.96847534179688,562.2078247070312,-1,-1,-1,-1
97,1,311.6465759277344,592.2574462890625,194.9892578125,555.5887451171875,-1,-1,-1,-1
98,1,323.9860534667969,593.9959716796875,195.64218139648438,545.223876953125,-1,-1,-1,-1
99,1,329.2181701660156,598.4716796875,195.74313354492188,536.4141845703125,-1,-1,-1,-1
100,1,320.9653625488281,601.8311767578125,197.69979858398438,530.82421875,-1,-1,-1,-1
101,1,285.12646484375,602.38623046875,200.87350463867188,535.23876953125,-1,-1,-1,-1
102,1,233.9200439453125,599.2554321289062,201.51846313476562,549.9896850585938,-1,-1,-1,-1
103,1,185.58604431152344,597.7017211914062,235.2893524169922,560.1301879882812,-1,-1,-1,-1
104,1,161.25904846191406,601.1008911132812,269.5667724609375,563.1495971679688,-1,-1,-1,-1
105,1,145.6531524658203,611.6638793945312,302.0770263671875,556.2061157226562,-1,-1,-1,-1
106,1,139.80526733398438,625.9879150390625,314.28167724609375,543.9600830078125,-1,-1,-1,-1
107,1,134.98880004882812,633.1336059570312,318.7304382324219,535.5266723632812,-1,-1,-1,-1
108,1,130.4215545654297,631.1241455078125,322.1051025390625,532.9884033203125,-1,-1,-1,-1
109,1,143.7024383544922,622.1287231445312,305.6671142578125,536.9400024414062,-1,-1,-1,-1
110,1,171.83547973632812,615.8070678710938,282.607666015625,542.8673706054688,-1,-1,-1,-1
111,1,211.50973510742188,609.4932861328125,251.48947143554688,552.8392333984375,-1,-1,-1,-1
112,1,254.03797912597656,603.1605224609375,215.1042022705078,559.7396240234375,-1,-1,-1,-1
113,1,276.95843505859375,594.0942993164062,199.54510498046875,567.0842895507812,-1,-1,-1,-1
114,1,292.77642822265625,588.1253051757812,189.30862426757812,569.7006225585938,-1,-1,-1,-1
115,1,318.6065368652344,587.6196899414062,202.58480834960938,569.9382934570312,-1,-1,-1,-1
116,1,338.5423583984375,592.6196899414062,263.20404052734375,565.8563842773438,-1,-1,-1,-1
117,1,360.1581115722656,602.4793090820312,287.4582214355469,557.0614624023438,-1,-1,-1,-1
118,1,373.97235107421875,610.76318359375,303.2144775390625,550.718994140625,-1,-1,-1,-1
119,1,374.61572265625,615.879638671875,321.01495361328125,545.37255859375,-1,-1,-1,-1
120,1,376.1480712890625,615.7147216796875,323.446044921875,547.5831298828125,-1,-1,-1,-1
121,1,388.2209777832031,611.283935546875,305.7818908691406,553.6204833984375,-1,-1,-1,-1
122,1,416.6810302734375,605.0836791992188,273.2791748046875,560.0088500976562,-1,-1,-1,-1
123,1,452.9302062988281,595.4420166015625,227.50704956054688,584.1290283203125,-1,-1,-1,-1
124,1,469.41510009765625,586.6220092773438,214.38079833984375,613.2255249023438,-1,-1,-1,-1
125,1,472.95782470703125,579.153564453125,229.435546875,642.1348876953125,-1,-1,-1,-1
126,1,489.50689697265625,577.9964599609375,259.35626220703125,656.8682861328125,-1,-1,-1,-1
127,1,498.58807373046875,578.8482055664062,313.9598388671875,659.4523315429688,-1,-1,-1,-1
128,1,510.2130126953125,585.8896484375,355.43560791015625,647.0521240234375,-1,-1,-1,-1
129,1,504.2008972167969,588.6949462890625,389.1105651855469,635.9637451171875,-1,-1,-1,-1
130,1,494.6874694824219,582.1201782226562,397.4462585449219,633.2383422851562,-1,-1,-1,-1
131,1,494.97613525390625,572.7459716796875,384.62738037109375,632.6044921875,-1,-1,-1,-1
132,1,513.1695556640625,555.625,351.8009033203125,645.48681640625,-1,-1,-1,-1
133,1,555.03564453125,535.6830444335938,313.267822265625,659.1519165039062,-1,-1,-1,-1
134,1,597.0214233398438,519.6327514648438,282.9630126953125,668.8075561523438,-1,-1,-1,-1
135,1,632.0274658203125,512.6665954589844,263.79107666015625,673.82666015625,-1,-1,-1,-1
136,1,659.4266967773438,519.4672241210938,254.04901123046875,679.1172485351562,-1,-1,-1,-1
137,1,684.2236328125,533.5986328125,272.6614990234375,683.863037109375,-1,-1,-1,-1
138,1,698.282958984375,556.89208984375,293.052978515625,681.57080078125,-1,-1,-1,-1
139,1,692.15966796875,587.3618774414062,301.31744384765625,653.9296264648438,-1,-1,-1,-1
140,1,685.601806640625,619.82421875,309.61932373046875,610.2410888671875,-1,-1,-1,-1
141,1,684.6581420898438,635.9813232421875,306.58355712890625,592.2156982421875,-1,-1,-1,-1
142,1,681.2518920898438,631.9036254882812,308.95648193359375,596.6477661132812,-1,-1,-1,-1
143,1,674.0009155273438,604.6495971679688,314.99041748046875,617.1681518554688,-1,-1,-1,-1
144,1,668.242919921875,575.4693603515625,309.9932861328125,632.47314453125,-1,-1,-1,-1
145,1,640.1439208984375,548.5628051757812,318.82421875,640.2610473632812,-1,-1,-1,-1
146,1,601.5841064453125,534.9862670898438,319.43621826171875,641.4072875976562,-1,-1,-1,-1
147,1,549.9879150390625,535.248779296875,311.41009521484375,647.138671875,-1,-1,-1,-1
148,1,500.750732421875,546.1630249023438,332.09954833984375,645.7946166992188,-1,-1,-1,-1
149,1,459.9372253417969,561.6015625,345.7854309082031,643.2266845703125,-1,-1,-1,-1
150,1,428.2935485839844,578.0152587890625,376.6149597167969,635.7813720703125,-1,-1,-1,-1
151,1,409.71453857421875,583.439208984375,400.30145263671875,628.5809326171875,-1,-1,-1,-1
152,1,408.1920166015625,574.35400390625,399.52685546875,619.2740478515625,-1,-1,-1,-1
153,1,414.7456359863281,556.3500366210938,346.6684265136719,622.9160766601562,-1,-1,-1,-1
154,1,421.5190124511719,535.80224609375,276.8259582519531,637.45458984375,-1,-1,-1,-1
155,1,416.1898193359375,522.5492553710938,234.09619140625,645.6251831054688,-1,-1,-1,-1
156,1,407.8899841308594,516.2100830078125,226.23562622070312,642.9136962890625,-1,-1,-1,-1
157,1,402.20098876953125,519.7449340820312,206.17767333984375,638.1709594726562,-1,-1,-1,-1
158,1,390.6168212890625,531.3558959960938,188.5684814453125,626.4133911132812,-1,-1,-1,-1
159,1,387.3056640625,550.6476440429688,187.81829833984375,607.4425659179688,-1,-1,-1,-1
160,1,375.6702575683594,573.292724609375,208.07992553710938,586.4837646484375,-1,-1,-1,-1
161,1,370.1361083984375,592.62890625,224.43890380859375,569.54150390625,-1,-1,-1,-1
162,1,384.52044677734375,610.5309448242188,228.843017578125,553.2067260742188,-1,-1,-1,-1
163,1,406.7470703125,618.3385620117188,227.61431884765625,541.4782104492188,-1,-1,-1,-1
164,1,428.1524353027344,614.73095703125,212.15927124023438,527.32470703125,-1,-1,-1,-1
165,1,442.70654296875,604.5225219726562,174.61407470703125,519.5241088867188,-1,-1,-1,-1
166,1,448.0549011230469,591.5020751953125,149.82803344726562,510.21826171875,-1,-1,-1,-1
167,1,447.22833251953125,584.82177734375,147.5999755859375,499.6783447265625,-1,-1,-1,-1
168,1,438.36480712890625,579.3086547851562,148.71417236328125,494.92059326171875,-1,-1,-1,-1
169,1,433.8641662597656,577.1204833984375,149.08102416992188,490.94140625,-1,-1,-1,-1
170,1,427.04962158203125,577.878173828125,154.54949951171875,479.835693359375,-1,-1,-1,-1
171,1,423.3357238769531,580.7561645507812,160.64688110351562,466.81805419921875,-1,-1,-1,-1
172,1,425.8072814941406,590.6717529296875,164.20578002929688,453.0269775390625,-1,-1,-1,-1
173,1,431.1976623535156,601.6091918945312,162.40756225585938,443.05426025390625,-1,-1,-1,-1
174,1,436.2782287597656,606.9267578125,159.39852905273438,351.43701171875,-1,-1,-1,-1
175,1,440.6429138183594,608.1671752929688,162.70510864257812,348.90185546875,-1,-1,-1,-1
176,1,448.02490234375,601.164306640625,157.5958251953125,358.98126220703125,-1,-1,-1,-1
177,1,450.1677551269531,591.4251708984375,160.80276489257812,434.15423583984375,-1,-1,-1,-1
178,1,449.9443359375,580.3610229492188,165.798095703125,426.9268798828125,-1,-1,-1,-1
179,1,450.21728515625,572.7264404296875,167.5159912109375,409.22979736328125,-1,-1,-1,-1
180,1,451.8155822753906,570.4796142578125,178.89138793945312,401.4154052734375,-1,-1,-1,-1
181,1,451.28656005859375,570.1615600585938,178.88238525390625,395.78863525390625,-1,-1,-1,-1
182,1,450.529296875,566.8776245117188,181.5968017578125,392.84710693359375,-1,-1,-1,-1
183,1,447.0640869140625,560.1822509765625,186.32818603515625,399.818115234375,-1,-1,-1,-1
184,1,436.0174560546875,553.061767578125,180.75909423828125,418.111083984375,-1,-1,-1,-1
185,1,413.7596435546875,551.057861328125,191.967041015625,439.6534423828125,-1,-1,-1,-1
186,1,371.24169921875,559.1727294921875,188.14166259765625,455.172119140625,-1,-1,-1,-1
187,1,344.7147521972656,568.1134033203125,199.56301879882812,456.91253662109375,-1,-1,-1,-1
188,1,332.52490234375,576.4522705078125,200.14056396484375,452.07421875,-1,-1,-1,-1
189,1,321.4548034667969,580.451416015625,206.22183227539062,450.15869140625,-1,-1,-1,-1
190,1,331.45831298828125,582.0372314453125,192.69866943359375,449.6263427734375,-1,-1,-1,-1
191,1,328.3641052246094,580.0732421875,193.16763305664062,453.78173828125,-1,-1,-1,-1
192,1,319.6917419433594,575.535400390625,190.53256225585938,461.7567138671875,-1,-1,-1,-1
193,1,308.5841064453125,571.0364379882812,190.75814819335938,471.87371826171875,-1,-1,-1,-1
194,1,299.70184326171875,569.839599609375,187.0130615234375,477.5206298828125,-1,-1,-1,-1
195,1,290.3475036621094,578.3953247070312,184.86376953125,482.40960693359375,-1,-1,-1,-1
196,1,278.4759521484375,588.9212646484375,185.76116943359375,489.2947998046875,-1,-1,-1,-1
197,1,265.597900390625,601.380859375,188.08218383789062,482.397705078125,-1,-1,-1,-1
198,1,255.34060668945312,609.0853271484375,192.1270751953125,476.831787109375,-1,-1,-1,-1
199,1,252.184326171875,611.43408203125,186.38623046875,477.5938720703125,-1,-1,-1,-1
200,1,250.37994384765625,607.4588623046875,186.97491455078125,484.7398681640625,-1,-1,-1,-1
201,1,251.3875732421875,602.7960205078125,195.23809814453125,493.7999267578125,-1,-1,-1,-1
202,1,247.37413024902344,598.2991333007812,218.2108917236328,504.42608642578125,-1,-1,-1,-1
203,1,249.04428100585938,597.7591552734375,234.79229736328125,509.5771484375,-1,-1,-1,-1
204,1,253.38131713867188,603.8463745117188,255.56710815429688,507.14874267578125,-1,-1,-1,-1
205,1,258.2314453125,609.0803833007812,261.00616455078125,503.47210693359375,-1,-1,-1,-1
206,1,259.3490295410156,609.611328125,256.5547180175781,501.02197265625,-1,-1,-1,-1
207,1,253.95358276367188,605.3269653320312,252.10736083984375,503.67510986328125,-1,-1,-1,-1
208,1,247.6182403564453,593.7882080078125,246.65476989746094,511.0458984375,-1,-1,-1,-1
209,1,264.8260803222656,580.30029296875,235.8553466796875,517.39697265625,-1,-1,-1,-1
210,1,278.3876953125,569.7218627929688,227.4415283203125,520.9802856445312,-1,-1,-1,-1
211,1,289.6641845703125,561.4083862304688,216.81793212890625,520.9778442382812,-1,-1,-1,-1
212,1,292.3450927734375,555.0669555664062,213.2515869140625,520.2713012695312,-1,-1,-1,-1
213,1,306.131591796875,550.8536376953125,205.73541259765625,512.5731201171875,-1,-1,-1,-1
214,1,330.208740234375,551.2307739257812,196.3624267578125,503.46478271484375,-1,-1,-1,-1
215,1,361.4407653808594,554.6867065429688,191.07907104492188,490.86126708984375,-1,-1,-1,-1
216,1,389.90478515625,555.4702758789062,190.28985595703125,485.10955810546875,-1,-1,-1,-1
217,1,411.60455322265625,551.0527954101562,186.05328369140625,485.61578369140625,-1,-1,-1,-1
218,1,431.73272705078125,543.5177001953125,205.8089599609375,490.877197265625,-1,-1,-1,-1
219,1,448.5904541015625,538.8128051757812,220.74395751953125,493.40582275390625,-1,-1,-1,-1
220,1,460.0191650390625,544.8132934570312,230.31463623046875,493.64898681640625,-1,-1,-1,-1
221,1,460.1894836425781,557.752197265625,238.02175903320312,487.9456787109375,-1,-1,-1,-1
222,1,456.7535095214844,568.2537841796875,242.99044799804688,486.1683349609375,-1,-1,-1,-1
223,1,452.6446228027344,575.3615112304688,242.18759155273438,482.30584716796875,-1,-1,-1,-1
224,1,450.5998229980469,576.182373046875,240.08041381835938,483.2562255859375,-1,-1,-1,-1
225,1,451.6004333496094,571.3591918945312,229.54635620117188,490.59271240234375,-1,-1,-1,-1
226,1,456.5676574707031,565.514892578125,221.63845825195312,498.03271484375,-1,-1,-1,-1
227,1,475.67791748046875,561.2538452148438,206.3426513671875,503.41363525390625,-1,-1,-1,-1
228,1,484.614990234375,562.3756713867188,189.2818603515625,506.33599853515625,-1,-1,-1,-1
229,1,480.04339599609375,569.4637451171875,190.09228515625,510.464599609375,-1,-1,-1,-1
230,1,468.1317138671875,573.4484252929688,186.09906005859375,509.06976318359375,-1,-1,-1,-1
231,1,436.205078125,560.0798950195312,190.07745361328125,505.00946044921875,-1,-1,-1,-1
232,1,384.61212158203125,526.8063354492188,212.83551025390625,503.88665771484375,-1,-1,-1,-1
233,1,319.51104736328125,475.90472412109375,265.03582763671875,516.4744262695312,-1,-1,-1,-1
234,1,260.8554992675781,423.9178161621094,304.5794372558594,534.16162109375,-1,-1,-1,-1
235,1,210.31236267089844,380.7337341308594,318.29925537109375,557.30859375,-1,-1,-1,-1
236,1,155.82933044433594,326.001953125,337.23956298828125,585.8758544921875,-1,-1,-1,-1
237,1,110.96421813964844,281.892333984375,346.10113525390625,606.710693359375,-1,-1,-1,-1
238,1,72.06321716308594,264.49951171875,352.35601806640625,610.2998657226562,-1,-1,-1,-1
239,1,29.911779403686523,254.3840789794922,367.6673583984375,599.8678588867188,-1,-1,-1,-1
240,1,2.1110610961914062,239.16600036621094,355.8807678222656,586.9363403320312,-1,-1,-1,-1
241,1,1.9742765426635742,212.5824432373047,298.8747253417969,586.2224731445312,-1,-1,-1,-1
242,1,2.6109399795532227,204.9927520751953,305.3274230957031,581.9882202148438,-1,-1,-1,-1
243,1,4.451714515686035,208.39248657226562,287.30511474609375,562.4805908203125,-1,-1,-1,-1
244,1,1.8429574966430664,153.74053955078125,307.6963806152344,594.0355834960938,-1,-1,-1,-1
245,1,2.16171932220459,200.17893981933594,338.78485107421875,527.7975463867188,-1,-1,-1,-1
246,1,2.422511100769043,241.89535522460938,329.6394958496094,388.1471862792969,-1,-1,-1,-1
247,1,4.142824172973633,253.40933227539062,318.9298400878906,295.7399597167969,-1,-1,-1,-1
248,1,4.130319595336914,253.7986297607422,309.25665283203125,295.15423583984375,-1,-1,-1,-1
249,1,3.4662656784057617,254.8529510498047,304.9113464355469,296.89990234375,-1,-1,-1,-1
250,1,12.213196754455566,247.58154296875,287.46728515625,411.17724609375,-1,-1,-1,-1
251,1,10.670161247253418,231.47520446777344,283.1819763183594,389.71380615234375,-1,-1,-1,-1
252,1,15.168651580810547,215.86349487304688,271.9538879394531,376.6244201660156,-1,-1,-1,-1
253,1,12.005171775817871,204.2547149658203,290.35919189453125,371.704833984375,-1,-1,-1,-1
254,1,10.96919059753418,197.52554321289062,294.2642822265625,380.2393493652344,-1,-1,-1,-1
255,1,13.879987716674805,186.86514282226562,294.7774658203125,394.2406921386719,-1,-1,-1,-1
256,1,16.5717134475708,186.15933227539062,286.4781188964844,394.4765930175781,-1,-1,-1,-1
257,1,38.928524017333984,193.79620361328125,264.9046936035156,368.23516845703125,-1,-1,-1,-1
258,1,53.57831954956055,192.64695739746094,270.9410095214844,363.4593505859375,-1,-1,-1,-1
259,1,73.97185516357422,133.6283721923828,302.4485168457031,462.3209228515625,-1,-1,-1,-1
260,1,129.51535034179688,167.74583435058594,322.2524108886719,482.72637939453125,-1,-1,-1,-1
261,1,201.60414123535156,228.781982421875,331.347900390625,479.6900634765625,-1,-1,-1,-1
262,1,284.1712646484375,323.89239501953125,311.3458251953125,455.10504150390625,-1,-1,-1,-1
263,1,364.2228088378906,422.3372802734375,287.1407165527344,427.98956298828125,-1,-1,-1,-1
264,1,417.61175537109375,497.76556396484375,265.84124755859375,409.6988525390625,-1,-1,-1,-1
265,1,450.531005859375,541.4070434570312,247.94073486328125,388.1998291015625,-1,-1,-1,-1
266,1,469.4296875,568.5006103515625,236.9478759765625,374.36187744140625,-1,-1,-1,-1
267,1,473.1349182128906,580.7185668945312,236.82846069335938,374.29742431640625,-1,-1,-1,-1
268,1,475.9644470214844,575.8369140625,235.19625854492188,378.74200439453125,-1,-1,-1,-1
269,1,457.9179382324219,549.2857055664062,232.72872924804688,393.58380126953125,-1,-1,-1,-1
270,1,389.883544921875,492.2134094238281,257.6259765625,410.7557067871094,-1,-1,-1,-1
271,1,269.9850158691406,420.39874267578125,288.3682556152344,433.33282470703125,-1,-1,-1,-1
272,1,104.56204223632812,343.527099609375,311.3307800292969,465.95904541015625,-1,-1,-1,-1
273,1,4.484392166137695,303.6258544921875,269.0267333984375,469.95037841796875,-1,-1,-1,-1
274,1,1.6659631729125977,305.6502685546875,170.41976928710938,444.5986328125,-1,-1,-1,-1
275,1,3.961555004119873,449.219970703125,109.34800720214844,292.2392578125,-1,-1,-1,-1
276,1,1.9070932865142822,493.8219909667969,77.74071502685547,248.82949829101562,-1,-1,-1,-1
1,2,782.8069458007812,623.115478515625,38.2235107421875,101.37054443359375,-1,-1,-1,-1
2,2,777.7568359375,621.8170166015625,39.9434814453125,96.970703125,-1,-1,-1,-1
3,2,773.8956909179688,621.8339233398438,40.32513427734375,99.45159912109375,-1,-1,-1,-1
4,2,767.3243408203125,623.6940307617188,41.7352294921875,97.2401123046875,-1,-1,-1,-1
5,2,760.6637573242188,623.6473999023438,40.207275390625,94.15093994140625,-1,-1,-1,-1
6,2,754.2237548828125,627.213134765625,45.11865234375,98.77490234375,-1,-1,-1,-1
7,2,749.6996459960938,629.81787109375,46.6595458984375,93.50341796875,-1,-1,-1,-1
8,2,748.7789306640625,631.1715698242188,47.56591796875,93.1767578125,-1,-1,-1,-1
9,2,748.1983642578125,631.9744262695312,44.23883056640625,89.65582275390625,-1,-1,-1,-1
10,2,747.6863403320312,629.9490966796875,43.37054443359375,89.07647705078125,-1,-1,-1,-1
11,2,747.9617919921875,626.740478515625,41.7169189453125,89.01007080078125,-1,-1,-1,-1
12,2,748.7343139648438,622.3173217773438,39.7373046875,91.32073974609375,-1,-1,-1,-1
13,2,739.410888671875,623.435302734375,58.98382568359375,183.912109375,-1,-1,-1,-1
14,2,738.8667602539062,619.2211303710938,64.92376708984375,179.685546875,-1,-1,-1,-1
15,2,748.3046264648438,615.9568481445312,62.19134521484375,186.76947021484375,-1,-1,-1,-1
16,2,744.2713623046875,608.058837890625,69.860107421875,199.2928466796875,-1,-1,-1,-1
1,3,725.3584594726562,623.6752319335938,96.74664306640625,248.770263671875,-1,-1,-1,-1
2,3,723.9223022460938,624.4935913085938,91.58026123046875,249.96026611328125,-1,-1,-1,-1
3,3,722.3474731445312,628.0257568359375,87.474609375,245.38946533203125,-1,-1,-1,-1
4,3,714.9667358398438,630.5779418945312,90.4515380859375,244.01629638671875,-1,-1,-1,-1
5,3,705.797607421875,635.5722045898438,91.96954345703125,241.40625,-1,-1,-1,-1
6,3,702.4599609375,641.441650390625,90.13970947265625,236.9202880859375,-1,-1,-1,-1
7,3,697.83447265625,651.1140747070312,91.25836181640625,229.69195556640625,-1,-1,-1,-1
8,3,697.4124145507812,654.2811279296875,91.7684326171875,229.24896240234375,-1,-1,-1,-1
9,3,696.4998779296875,655.0309448242188,92.595947265625,230.47564697265625,-1,-1,-1,-1
10,3,699.3441162109375,650.770263671875,91.5789794921875,233.26812744140625,-1,-1,-1,-1
11,3,706.5582885742188,639.4910278320312,84.15594482421875,242.7891845703125,-1,-1,-1,-1
12,3,708.8546752929688,625.577392578125,87.65069580078125,254.28485107421875,-1,-1,-1,-1
13,3,715.5922241210938,616.630126953125,85.41094970703125,255.96600341796875,-1,-1,-1,-1
14,3,720.043701171875,611.2489624023438,85.93292236328125,252.07794189453125,-1,-1,-1,-1
15,3,729.6287841796875,605.4028930664062,79.8260498046875,245.24981689453125,-1,-1,-1,-1
16,3,733.7806396484375,603.7623901367188,80.21881103515625,238.5533447265625,-1,-1,-1,-1
17,3,735.5407104492188,602.5934448242188,81.33038330078125,224.19287109375,-1,-1,-1,-1
18,3,734.1373291015625,597.3483276367188,81.966552734375,226.2569580078125,-1,-1,-1,-1
19,3,737.4751586914062,593.8021240234375,76.8837890625,218.24603271484375,-1,-1,-1,-1
20,3,733.5200805664062,588.4010620117188,78.63763427734375,206.78631591796875,-1,-1,-1,-1
21,3,726.333740234375,585.0591430664062,85.71307373046875,213.21710205078125,-1,-1,-1,-1
22,3,738.3063354492188,585.2613525390625,76.53924560546875,231.6591796875,-1,-1,-1,-1
23,3,741.385986328125,585.2478637695312,77.1676025390625,216.4227294921875,-1,-1,-1,-1
24,3,739.1425170898438,585.481689453125,82.80194091796875,221.44659423828125,-1,-1,-1,-1
25,3,735.5155029296875,586.29150390625,86.86767578125,223.0225830078125,-1,-1,-1,-1
26,3,735.0881958007812,586.39208984375,84.7474365234375,220.7286376953125,-1,-1,-1,-1
27,3,732.4473876953125,586.8284301757812,86.2239990234375,217.35968017578125,-1,-1,-1,-1
28,3,731.6923217773438,586.9732666015625,87.49993896484375,216.4158935546875,-1,-1,-1,-1
29,3,741.1011352539062,582.9375,77.94073486328125,199.12774658203125,-1,-1,-1,-1
30,3,741.7228393554688,578.6734008789062,75.17462158203125,189.77166748046875,-1,-1,-1,-1
31,3,737.9785766601562,577.1611938476562,75.117919921875,187.97894287109375,-1,-1,-1,-1
32,3,733.3787841796875,576.8720703125,76.7513427734375,189.93524169921875,-1,-1,-1,-1
33,3,731.42236328125,580.4334106445312,76.79766845703125,188.37823486328125,-1,-1,-1,-1
34,3,729.9903564453125,583.625,77.0677490234375,185.6605224609375,-1,-1,-1,-1
35,3,717.6023559570312,583.584228515625,84.42279052734375,188.93927001953125,-1,-1,-1,-1
36,3,706.6304931640625,584.2425537109375,93.49676513671875,192.36163330078125,-1,-1,-1,-1
37,3,696.7708740234375,583.5546264648438,103.01446533203125,197.5562744140625,-1,-1,-1,-1
38,3,705.3834228515625,586.6993408203125,93.54296875,188.8353271484375,-1,-1,-1,-1
39,3,700.400390625,588.3328857421875,99.676513671875,187.5718994140625,-1,-1,-1,-1
40,3,702.81201171875,587.2805786132812,95.300048828125,188.0732421875,-1,-1,-1,-1
41,3,709.26171875,584.6343383789062,87.05328369140625,197.677490234375,-1,-1,-1,-1
42,3,702.0693359375,584.6860961914062,98.0477294921875,234.7674560546875,-1,-1,-1,-1
43,3,698.8558349609375,589.2481689453125,109.8394775390625,249.260009765625,-1,-1,-1,-1
44,3,691.6025390625,598.3533935546875,120.64849853515625,281.394775390625,-1,-1,-1,-1
1,4,429.8585205078125,600.2383422851562,78.43563842773438,207.64056396484375,-1,-1,-1,-1
2,4,423.22320556640625,604.4930419921875,80.2581787109375,204.2913818359375,-1,-1,-1,-1
3,4,417.15338134765625,609.948486328125,80.42337036132812,204.0487060546875,-1,-1,-1,-1
4,4,408.271484375,616.02001953125,82.48779296875,203.59747314453125,-1,-1,-1,-1
5,4,400.1669616699219,622.5467529296875,81.92477416992188,202.18670654296875,-1,-1,-1,-1
6,4,391.9040832519531,628.5479125976562,84.5003662109375,204.37078857421875,-1,-1,-1,-1
7,4,388.5086669921875,634.2579345703125,84.74618530273438,204.4171142578125,-1,-1,-1,-1
8,4,383.35101318359375,638.2628784179688,87.3826904296875,206.89874267578125,-1,-1,-1,-1
9,4,378.7889404296875,639.0551147460938,88.125,212.05682373046875,-1,-1,-1,-1
10,4,377.930419921875,639.3917236328125,87.32952880859375,212.8729248046875,-1,-1,-1,-1
11,4,378.2024841308594,640.69677734375,86.27517700195312,213.992919921875,-1,-1,-1,-1
12,4,378.7306823730469,641.4862060546875,87.29425048828125,216.009765625,-1,-1,-1,-1
13,4,380.53448486328125,642.9367065429688,88.10958862304688,215.9306640625,-1,-1,-1,-1
14,4,382.56182861328125,642.1293334960938,89.41241455078125,215.68231201171875,-1,-1,-1,-1
15,4,386.3459777832031,640.3543701171875,88.52902221679688,216.62213134765625,-1,-1,-1,-1
16,4,388.47283935546875,639.941162109375,90.81661987304688,217.6466064453125,-1,-1,-1,-1
17,4,386.162353515625,638.6117553710938,92.07672119140625,217.90960693359375,-1,-1,-1,-1
18,4,381.1611328125,637.3273315429688,94.91165161132812,217.26220703125,-1,-1,-1,-1
19,4,374.4808349609375,637.7308349609375,101.63357543945312,225.632568359375,-1,-1,-1,-1
20,4,371.00982666015625,639.6509399414062,102.37921142578125,226.90716552734375,-1,-1,-1,-1
21,4,363.69073486328125,643.0752563476562,108.06536865234375,230.97186279296875,-1,-1,-1,-1
22,4,350.47607421875,645.3172607421875,122.82666015625,235.891845703125,-1,-1,-1,-1
23,4,343.74346923828125,647.3514404296875,129.78909301757812,235.4189453125,-1,-1,-1,-1
24,4,339.4190979003906,650.1004028320312,136.0758056640625,237.3389892578125,-1,-1,-1,-1
25,4,337.92388916015625,650.2644653320312,135.71206665039062,239.028564453125,-1,-1,-1,-1
26,4,331.64892578125,648.2490844726562,140.49142456054688,242.111083984375,-1,-1,-1,-1
27,4,326.324462890625,646.0026245117188,141.54934692382812,241.76116943359375,-1,-1,-1,-1
28,4,319.36199951171875,643.3966064453125,145.0185546875,242.787109375,-1,-1,-1,-1
29,4,309.4840087890625,638.82470703125,153.70553588867188,244.937744140625,-1,-1,-1,-1
30,4,299.7962341308594,635.5664672851562,159.90643310546875,245.927734375,-1,-1,-1,-1
31,4,289.61572265625,634.9721069335938,166.11825561523438,244.30816650390625,-1,-1,-1,-1
32,4,279.0866394042969,635.2606811523438,170.54632568359375,247.85467529296875,-1,-1,-1,-1
33,4,268.2569274902344,638.1386108398438,173.48126220703125,249.351318359375,-1,-1,-1,-1
34,4,258.70574951171875,641.6534423828125,176.70294189453125,249.5771484375,-1,-1,-1,-1
35,4,249.0315704345703,643.2792358398438,179.29954528808594,250.54925537109375,-1,-1,-1,-1
36,4,241.03277587890625,644.159912109375,172.17047119140625,250.822998046875,-1,-1,-1,-1
37,4,233.3115997314453,646.1292724609375,166.12425231933594,249.65093994140625,-1,-1,-1,-1
38,4,225.5432891845703,646.667724609375,159.6211700439453,254.6470947265625,-1,-1,-1,-1
39,4,220.64529418945312,645.4189453125,147.70346069335938,259.76422119140625,-1,-1,-1,-1
40,4,214.24627685546875,641.2899169921875,142.41665649414062,265.8592529296875,-1,-1,-1,-1
41,4,209.02737426757812,640.2059936523438,147.07980346679688,270.01275634765625,-1,-1,-1,-1
42,4,207.65194702148438,639.4241943359375,147.87164306640625,267.9107666015625,-1,-1,-1,-1
43,4,206.8818359375,638.6493530273438,150.19790649414062,264.79876708984375,-1,-1,-1,-1
44,4,203.06439208984375,639.2671508789062,152.40679931640625,263.98297119140625,-1,-1,-1,-1
45,4,197.04302978515625,640.795166015625,156.73309326171875,269.98919677734375,-1,-1,-1,-1
46,4,188.87217712402344,640.31689453125,159.7587432861328,279.83929443359375,-1,-1,-1,-1
47,4,179.84017944335938,638.4224243164062,162.26318359375,285.63226318359375,-1,-1,-1,-1
48,4,170.53689575195312,635.7222290039062,164.74093627929688,289.09954833984375,-1,-1,-1,-1
49,4,162.35409545898438,630.5288696289062,171.57550048828125,296.364013671875,-1,-1,-1,-1
50,4,160.07125854492188,624.0341186523438,164.3145751953125,299.0626220703125,-1,-1,-1,-1
51,4,157.07699584960938,618.2198486328125,179.27499389648438,297.0699462890625,-1,-1,-1,-1
52,4,154.45761108398438,611.2550048828125,172.30599975585938,297.491455078125,-1,-1,-1,-1
53,4,148.0733184814453,600.3877563476562,187.6823272705078,299.21246337890625,-1,-1,-1,-1
54,4,134.34970092773438,588.1707763671875,206.23699951171875,298.07110595703125,-1,-1,-1,-1
55,4,107.29112243652344,569.4569091796875,222.6348419189453,301.4266357421875,-1,-1,-1,-1
56,4,66.55730438232422,540.120361328125,231.31539916992188,301.33441162109375,-1,-1,-1,-1
57,4,26.75253677368164,518.33837890625,213.5924835205078,304.67095947265625,-1,-1,-1,-1
58,4,4.937798500061035,512.4229125976562,198.48789978027344,306.37408447265625,-1,-1,-1,-1
59,4,2.975266933441162,513.5646362304688,169.24044799804688,306.47821044921875,-1,-1,-1,-1
60,4,2.6215667724609375,521.3546752929688,158.4039306640625,304.1676025390625,-1,-1,-1,-1
61,4,3.0186448097229004,536.4354858398438,163.22402954101562,299.53509521484375,-1,-1,-1,-1
62,4,22.518753051757812,556.2769165039062,178.37503051757812,299.90020751953125,-1,-1,-1,-1
63,4,80.7110366821289,579.482421875,176.0595703125,292.902587890625,-1,-1,-1,-1
64,4,135.09829711914062,603.3062133789062,170.292724609375,284.20989990234375,-1,-1,-1,-1
65,4,164.23695373535156,623.8001708984375,163.75282287597656,280.50531005859375,-1,-1,-1,-1
66,4,176.19964599609375,637.9226684570312,160.20697021484375,281.34710693359375,-1,-1,-1,-1
67,4,182.95916748046875,648.1109008789062,157.69070434570312,280.97698974609375,-1,-1,-1,-1
68,4,194.59115600585938,657.3682861328125,158.17721557617188,280.986572265625,-1,-1,-1,-1
69,4,219.61807250976562,660.1503295898438,150.75192260742188,277.1209716796875,-1,-1,-1,-1
70,4,246.7884063720703,656.5232543945312,149.03343200683594,272.97674560546875,-1,-1,-1,-1
71,4,276.2268371582031,649.5502319335938,144.25204467773438,270.69287109375,-1,-1,-1,-1
72,4,299.23175048828125,641.3104248046875,143.92404174804688,266.20538330078125,-1,-1,-1,-1
73,4,315.7018737792969,637.2293701171875,140.16049194335938,265.08544921875,-1,-1,-1,-1
74,4,328.45263671875,635.3248901367188,142.53460693359375,262.646728515625,-1,-1,-1,-1
75,4,341.66900634765625,635.8982543945312,134.73504638671875,266.54925537109375,-1,-1,-1,-1
76,4,358.052978515625,633.32275390625,123.40176391601562,279.47625732421875,-1,-1,-1,-1
77,4,374.78851318359375,629.8075561523438,121.433349609375,287.58563232421875,-1,-1,-1,-1
78,4,391.3990478515625,623.9375,126.29998779296875,298.1435546875,-1,-1,-1,-1
79,4,406.911865234375,617.6707153320312,123.3052978515625,293.28167724609375,-1,-1,-1,-1
80,4,421.8819274902344,613.3243408203125,114.49465942382812,274.64471435546875,-1,-1,-1,-1
81,4,427.54718017578125,615.2283935546875,126.65875244140625,274.2987060546875,-1,-1,-1,-1
82,4,442.83660888671875,618.08447265625,128.5960693359375,252.7901611328125,-1,-1,-1,-1
83,4,460.7791442871094,621.7774047851562,120.56253051757812,257.28094482421875,-1,-1,-1,-1
84,4,478.8543701171875,625.0343017578125,110.22314453125,259.6322021484375,-1,-1,-1,-1
85,4,498.1986999511719,628.3867797851562,106.25399780273438,286.45098876953125,-1,-1,-1,-1
86,4,516.040771484375,627.3916625976562,105.66314697265625,291.81866455078125,-1,-1,-1,-1
87,4,529.8277587890625,620.4440307617188,104.46990966796875,259.18951416015625,-1,-1,-1,-1
88,4,541.9703979492188,616.4483642578125,101.42498779296875,258.95147705078125,-1,-1,-1,-1
89,4,556.30322265625,610.4486694335938,99.1199951171875,259.7152099609375,-1,-1,-1,-1
90,4,577.9271850585938,603.5257568359375,98.271240234375,259.16748046875,-1,-1,-1,-1
91,4,607.8300170898438,592.3125,97.8834228515625,258.1331787109375,-1,-1,-1,-1
92,4,640.7845458984375,579.7236328125,97.552734375,255.73388671875,-1,-1,-1,-1
93,4,670.4949340820312,573.5742797851562,97.8668212890625,255.76397705078125,-1,-1,-1,-1
94,4,699.9462890625,574.7257080078125,97.6842041015625,255.76129150390625,-1,-1,-1,-1
95,4,726.1983032226562,575.4281005859375,97.52996826171875,257.16314697265625,-1,-1,-1,-1
96,4,748.583984375,575.1481323242188,97.3480224609375,258.86053466796875,-1,-1,-1,-1
97,4,765.5101318359375,574.50048828125,97.730224609375,257.8740234375,-1,-1,-1,-1
98,4,780.3369750976562,574.8116455078125,97.10064697265625,257.356201171875,-1,-1,-1,-1
99,4,787.1395263671875,576.970458984375,98.796875,258.58551025390625,-1,-1,-1,-1
100,4,779.994873046875,579.308349609375,97.65673828125,256.7567138671875,-1,-1,-1,-1
101,4,743.9690551757812,581.0737915039062,98.82403564453125,255.18865966796875,-1,-1,-1,-1
102,4,697.3861694335938,584.2064208984375,95.80908203125,253.045654296875,-1,-1,-1,-1
103,4,653.7877807617188,582.5309448242188,95.327392578125,250.71832275390625,-1,-1,-1,-1
104,4,622.9000244140625,581.8516845703125,95.8848876953125,249.41162109375,-1,-1,-1,-1
105,4,603.0975341796875,584.0900268554688,96.05828857421875,250.46728515625,-1,-1,-1,-1
106,4,593.260009765625,586.8786010742188,94.611572265625,251.01568603515625,-1,-1,-1,-1
107,4,586.8734741210938,587.7469482421875,94.1649169921875,249.00421142578125,-1,-1,-1,-1
108,4,581.3553466796875,584.2142333984375,94.50152587890625,249.4747314453125,-1,-1,-1,-1
109,4,582.1428833007812,581.9522705078125,93.15545654296875,247.9996337890625,-1,-1,-1,-1
110,4,586.5234375,584.0784912109375,92.97943115234375,248.08203125,-1,-1,-1,-1
111,4,592.4226684570312,587.8984375,93.0423583984375,247.46026611328125,-1,-1,-1,-1
112,4,598.1077880859375,589.75830078125,92.7579345703125,246.81097412109375,-1,-1,-1,-1
113,4,601.7230834960938,589.0498046875,93.3240966796875,246.5390625,-1,-1,-1,-1
114,4,604.4990234375,589.0655517578125,93.28143310546875,245.22564697265625,-1,-1,-1,-1
115,4,604.8477172851562,590.0005493164062,93.2164306640625,245.0675048828125,-1,-1,-1,-1
116,4,604.123779296875,592.2117309570312,93.67987060546875,244.01007080078125,-1,-1,-1,-1
117,4,605.1004638671875,593.4777221679688,93.3778076171875,244.61181640625,-1,-1,-1,-1
118,4,605.518798828125,595.2625732421875,93.29669189453125,244.96234130859375,-1,-1,-1,-1
119,4,604.5473022460938,596.2355346679688,93.0242919921875,244.50933837890625,-1,-1,-1,-1
120,4,601.7245483398438,595.913330078125,92.58544921875,245.44354248046875,-1,-1,-1,-1
121,4,596.4237670898438,597.6650390625,91.36627197265625,244.09136962890625,-1,-1,-1,-1
122,4,585.03857421875,598.5264892578125,93.46160888671875,244.5469970703125,-1,-1,-1,-1
123,4,568.624267578125,601.141845703125,100.11651611328125,243.97235107421875,-1,-1,-1,-1
124,4,540.2174682617188,598.6397705078125,117.86767578125,289.74713134765625,-1,-1,-1,-1
125,4,538.2312622070312,584.7901611328125,109.36273193359375,307.091552734375,-1,-1,-1,-1
126,4,524.8848266601562,579.758544921875,134.7410888671875,353.6866455078125,-1,-1,-1,-1
127,4,524.313232421875,591.1307373046875,117.4791259765625,277.02728271484375,-1,-1,-1,-1
128,4,518.2146606445312,591.5006713867188,101.3642578125,261.60260009765625,-1,-1,-1,-1
129,4,509.2830810546875,583.8565063476562,97.5731201171875,254.64532470703125,-1,-1,-1,-1
130,4,498.6560363769531,573.21435546875,99.01455688476562,250.52606201171875,-1,-1,-1,-1
131,4,482.9103088378906,566.5875244140625,99.20858764648438,252.44854736328125,-1,-1,-1,-1
132,4,465.2720947265625,561.738037109375,100.5118408203125,253.8206787109375,-1,-1,-1,-1
133,4,448.44134521484375,555.750732421875,102.2430419921875,255.92059326171875,-1,-1,-1,-1
134,4,437.0058898925781,551.6416625976562,101.50424194335938,257.15240478515625,-1,-1,-1,-1
135,4,433.94427490234375,548.4232788085938,102.06964111328125,257.73895263671875,-1,-1,-1,-1
136,4,435.78826904296875,550.787109375,102.08404541015625,256.36468505859375,-1,-1,-1,-1
137,4,437.26104736328125,552.0016479492188,101.619873046875,256.64459228515625,-1,-1,-1,-1
138,4,435.24041748046875,551.8980712890625,102.10076904296875,256.211181640625,-1,-1,-1,-1
139,4,430.6387939453125,551.3929443359375,102.72235107421875,256.3670654296875,-1,-1,-1,-1
140,4,428.74676513671875,551.4741821289062,102.1090087890625,255.51715087890625,-1,-1,-1,-1
141,4,428.3718566894531,551.8151245117188,102.18264770507812,255.6513671875,-1,-1,-1,-1
142,4,427.2677001953125,552.5133056640625,102.00927734375,256.20465087890625,-1,-1,-1,-1
143,4,420.0451354980469,553.9728393554688,104.78903198242188,255.81463623046875,-1,-1,-1,-1
144,4,414.48974609375,553.202392578125,104.14520263671875,256.2764892578125,-1,-1,-1,-1
145,4,410.6472473144531,549.1578369140625,102.38333129882812,258.6708984375,-1,-1,-1,-1
146,4,407.87548828125,549.4500732421875,103.19766235351562,260.06170654296875,-1,-1,-1,-1
147,4,407.64605712890625,552.284423828125,104.17022705078125,258.46728515625,-1,-1,-1,-1
148,4,409.86029052734375,556.7911987304688,103.50018310546875,255.9454345703125,-1,-1,-1,-1
149,4,410.5072937011719,560.4039306640625,103.84756469726562,256.64471435546875,-1,-1,-1,-1
150,4,407.7939758300781,564.994873046875,103.98257446289062,255.7008056640625,-1,-1,-1,-1
151,4,404.7977294921875,566.7254028320312,104.06021118164062,256.42047119140625,-1,-1,-1,-1
152,4,404.9459533691406,565.7824096679688,104.50241088867188,256.75067138671875,-1,-1,-1,-1
153,4,406.223876953125,566.833740234375,107.45181274414062,259.02496337890625,-1,-1,-1,-1
154,4,408.1878662109375,569.5606689453125,107.35076904296875,256.77398681640625,-1,-1,-1,-1
155,4,411.16400146484375,571.3974609375,108.67657470703125,275.049560546875,-1,-1,-1,-1
156,4,415.1917724609375,574.6157836914062,101.7720947265625,263.418212890625,-1,-1,-1,-1
157,4,420.9022216796875,576.9137573242188,101.21038818359375,266.4940185546875,-1,-1,-1,-1
158,4,429.3833312988281,569.825439453125,119.23385620117188,334.59393310546875,-1,-1,-1,-1
159,4,396.9807434082031,557.1895141601562,158.62161254882812,440.10687255859375,-1,-1,-1,-1
160,4,411.1077575683594,575.2941284179688,144.10659790039062,388.05474853515625,-1,-1,-1,-1
161,4,466.2845153808594,590.2344970703125,104.15347290039062,241.977294921875,-1,-1,-1,-1
162,4,493.4813232421875,595.360107421875,96.247314453125,240.08551025390625,-1,-1,-1,-1
163,4,524.7398071289062,599.978759765625,87.82867431640625,242.66748046875,-1,-1,-1,-1
164,4,547.3198852539062,598.8606567382812,86.45233154296875,240.6810302734375,-1,-1,-1,-1
165,4,565.3538208007812,597.944580078125,90.26220703125,243.2354736328125,-1,-1,-1,-1
166,4,576.3978271484375,596.4224853515625,90.7413330078125,242.66400146484375,-1,-1,-1,-1
167,4,583.1409301757812,596.9330444335938,90.205810546875,242.7979736328125,-1,-1,-1,-1
168,4,584.0979614257812,594.0857543945312,90.89544677734375,241.05316162109375,-1,-1,-1,-1
169,4,585.1224975585938,589.552490234375,91.3487548828125,240.68133544921875,-1,-1,-1,-1
170,4,586.8766479492188,582.5185546875,90.60772705078125,243.19110107421875,-1,-1,-1,-1
171,4,591.1510009765625,575.7333984375,91.25335693359375,239.74945068359375,-1,-1,-1,-1
172,4,599.2361450195312,573.4214477539062,90.4183349609375,238.82513427734375,-1,-1,-1,-1
173,4,607.0999145507812,576.3517456054688,89.54083251953125,240.59259033203125,-1,-1,-1,-1
174,4,614.688720703125,581.8457641601562,89.50732421875,239.43804931640625,-1,-1,-1,-1
175,4,624.1801147460938,589.3870239257812,89.6650390625,239.1309814453125,-1,-1,-1,-1
176,4,634.2848510742188,592.5630493164062,89.75,239.20880126953125,-1,-1,-1,-1
177,4,643.691650390625,589.6182250976562,88.67633056640625,237.36224365234375,-1,-1,-1,-1
178,4,649.70556640625,581.7689208984375,89.1885986328125,239.4454345703125,-1,-1,-1,-1
179,4,656.5518188476562,573.1014404296875,88.3082275390625,237.69732666015625,-1,-1,-1,-1
180,4,664.8432006835938,565.9461669921875,88.4088134765625,237.6181640625,-1,-1,-1,-1
181,4,671.578857421875,561.9652709960938,87.9248046875,237.23626708984375,-1,-1,-1,-1
182,4,674.3932495117188,559.5947875976562,88.5296630859375,237.07025146484375,-1,-1,-1,-1
183,4,674.9705810546875,555.8037719726562,88.3621826171875,237.1151123046875,-1,-1,-1,-1
184,4,670.6885986328125,552.2800903320312,86.3751220703125,235.71868896484375,-1,-1,-1,-1
185,4,658.86328125,551.703857421875,89.01690673828125,235.95269775390625,-1,-1,-1,-1
186,4,642.060791015625,554.8489990234375,86.72137451171875,237.8394775390625,-1,-1,-1,-1
187,4,629.7965087890625,558.37646484375,87.10809326171875,237.254150390625,-1,-1,-1,-1
188,4,622.9523315429688,561.2147216796875,88.371826171875,237.12091064453125,-1,-1,-1,-1
189,4,618.989013671875,562.013427734375,88.5748291015625,235.3956298828125,-1,-1,-1,-1
190,4,619.7734985351562,563.1594848632812,88.49249267578125,235.4632568359375,-1,-1,-1,-1
191,4,620.3379516601562,565.3328857421875,88.653564453125,234.6083984375,-1,-1,-1,-1
192,4,618.8716430664062,567.7828369140625,88.54791259765625,233.6571044921875,-1,-1,-1,-1
193,4,614.7099609375,571.1697998046875,86.8145751953125,234.64990234375,-1,-1,-1,-1
194,4,610.8290405273438,575.0800170898438,86.13311767578125,234.60418701171875,-1,-1,-1,-1
195,4,603.7185668945312,581.521728515625,87.494140625,233.83038330078125,-1,-1,-1,-1
196,4,597.1658325195312,586.0415649414062,86.87158203125,235.3841552734375,-1,-1,-1,-1
197,4,587.389892578125,587.671875,87.23358154296875,235.67987060546875,-1,-1,-1,-1
198,4,579.8548583984375,587.5897216796875,87.99871826171875,234.779052734375,-1,-1,-1,-1
199,4,574.9185180664062,588.154296875,87.9140625,236.47393798828125,-1,-1,-1,-1
200,4,573.1913452148438,588.8139038085938,88.17181396484375,237.0325927734375,-1,-1,-1,-1
201,4,572.361328125,591.83837890625,88.5958251953125,237.48687744140625,-1,-1,-1,-1
202,4,568.7064208984375,595.8040771484375,89.06207275390625,238.54632568359375,-1,-1,-1,-1
203,4,565.9100952148438,599.790283203125,89.5423583984375,236.57147216796875,-1,-1,-1,-1
204,4,566.5750122070312,604.6365966796875,88.53607177734375,236.72589111328125,-1,-1,-1,-1
205,4,564.6348876953125,606.7332153320312,90.178955078125,238.4317626953125,-1,-1,-1,-1
206,4,557.7734375,604.2316284179688,90.46075439453125,239.145263671875,-1,-1,-1,-1
207,4,548.4567260742188,600.4839477539062,92.098876953125,241.7257080078125,-1,-1,-1,-1
208,4,540.1687622070312,597.4444580078125,92.18243408203125,241.89007568359375,-1,-1,-1,-1
209,4,536.6969604492188,593.0678100585938,93.5340576171875,243.920166015625,-1,-1,-1,-1
210,4,534.1773681640625,589.02685546875,94.1759033203125,244.2523193359375,-1,-1,-1,-1
211,4,530.7392578125,585.5628051757812,94.6064453125,245.23388671875,-1,-1,-1,-1
212,4,527.349365234375,579.710205078125,94.687255859375,243.52264404296875,-1,-1,-1,-1
213,4,528.02392578125,570.9151000976562,94.30755615234375,242.30712890625,-1,-1,-1,-1
214,4,540.2530517578125,563.5813598632812,94.44122314453125,240.70330810546875,-1,-1,-1,-1
215,4,557.1114501953125,557.8539428710938,93.5238037109375,239.39984130859375,-1,-1,-1,-1
216,4,571.0345458984375,555.601318359375,93.9288330078125,237.39337158203125,-1,-1,-1,-1
217,4,577.2061767578125,554.7835693359375,94.97491455078125,234.3070068359375,-1,-1,-1,-1
218,4,583.9021606445312,553.9803466796875,93.73126220703125,233.487548828125,-1,-1,-1,-1
219,4,586.5953979492188,554.215087890625,94.160400390625,232.2579345703125,-1,-1,-1,-1
220,4,587.9309692382812,560.2962646484375,94.75128173828125,235.2369384765625,-1,-1,-1,-1
221,4,584.280029296875,567.92724609375,96.6136474609375,236.4588623046875,-1,-1,-1,-1
222,4,587.4846801757812,572.630859375,89.0787353515625,244.5830078125,-1,-1,-1,-1
223,4,571.5645141601562,576.4064331054688,97.964599609375,248.80596923828125,-1,-1,-1,-1
224,4,555.2080078125,578.045654296875,107.388671875,248.5335693359375,-1,-1,-1,-1
225,4,540.49365234375,575.28076171875,116.8074951171875,253.32861328125,-1,-1,-1,-1
226,4,536.281494140625,569.0320434570312,117.44549560546875,271.94512939453125,-1,-1,-1,-1
227,4,523.2057495117188,562.6032104492188,131.4605712890625,382.44769287109375,-1,-1,-1,-1
228,4,515.5478515625,566.7996826171875,139.000244140625,380.10870361328125,-1,-1,-1,-1
229,4,507.8899230957031,576.804443359375,150.45077514648438,373.65771484375,-1,-1,-1,-1
230,4,480.11956787109375,578.2312622070312,162.18389892578125,370.732666015625,-1,-1,-1,-1
231,4,450.9148254394531,558.3456420898438,141.42306518554688,324.3546142578125,-1,-1,-1,-1
232,4,383.5064697265625,520.9871826171875,131.51885986328125,277.7796630859375,-1,-1,-1,-1
233,4,302.8638916015625,471.9320068359375,143.07257080078125,293.846435546875,-1,-1,-1,-1
234,4,208.254150390625,430.14984130859375,153.15988159179688,311.09600830078125,-1,-1,-1,-1
235,4,137.8732452392578,399.4913024902344,165.3986358642578,329.4139099121094,-1,-1,-1,-1
236,4,71.50157165527344,370.4026794433594,169.81607055664062,336.0451965332031,-1,-1,-1,-1
237,4,29.00627326965332,354.4679870605469,172.52386474609375,337.2955017089844,-1,-1,-1,-1
238,4,2.980213165283203,364.94610595703125,120.36186218261719,332.09954833984375,-1,-1,-1,-1
239,4,-0.39448070526123047,368.31683349609375,95.15839385986328,330.59698486328125,-1,-1,-1,-1
240,4,5.567296981811523,283.23712158203125,225.80078125,411.58648681640625,-1,-1,-1,-1
241,4,3.7838945388793945,214.24905395507812,263.7973327636719,499.5683288574219,-1,-1,-1,-1
242,4,2.0706310272216797,210.68505859375,308.9815979003906,502.14520263671875,-1,-1,-1,-1
48,5,703.0084228515625,623.4283447265625,82.67938232421875,221.7913818359375,-1,-1,-1,-1
49,5,709.5231323242188,621.280029296875,75.4822998046875,232.070556640625,-1,-1,-1,-1
50,5,706.622314453125,614.8528442382812,80.98883056640625,262.98822021484375,-1,-1,-1,-1
51,5,710.7174682617188,603.2589111328125,79.5089111328125,265.73431396484375,-1,-1,-1,-1
52,5,712.5070190429688,586.3538208007812,79.913818359375,223.4195556640625,-1,-1,-1,-1
53,5,711.1879272460938,566.0586547851562,80.8905029296875,221.45843505859375,-1,-1,-1,-1
54,5,700.7741088867188,538.6506958007812,82.34075927734375,225.794189453125,-1,-1,-1,-1
55,5,679.5722045898438,501.6254577636719,85.56622314453125,227.77902221679688,-1,-1,-1,-1
56,5,643.9482421875,450.9529724121094,94.5599365234375,232.44387817382812,-1,-1,-1,-1
57,5,610.155029296875,407.190673828125,104.24542236328125,239.92584228515625,-1,-1,-1,-1
58,5,577.0867309570312,383.0697021484375,117.09130859375,246.63604736328125,-1,-1,-1,-1
59,5,556.7134399414062,374.981201171875,124.80413818359375,248.8914794921875,-1,-1,-1,-1
60,5,538.0945434570312,376.36279296875,143.95745849609375,258.69927978515625,-1,-1,-1,-1
61,5,540.1456909179688,388.448974609375,154.11920166015625,254.7552490234375,-1,-1,-1,-1
62,5,572.6104125976562,413.2810363769531,145.77667236328125,257.7618103027344,-1,-1,-1,-1
63,5,618.5253295898438,438.754638671875,133.785400390625,257.1058349609375,-1,-1,-1,-1
64,5,657.085205078125,462.7623291015625,122.5650634765625,257.849365234375,-1,-1,-1,-1
65,5,682.3477783203125,484.5890197753906,113.4971923828125,258.5858459472656,-1,-1,-1,-1
66,5,684.0439453125,502.69482421875,109.955810546875,261.863525390625,-1,-1,-1,-1
67,5,676.1638793945312,514.4363403320312,121.20208740234375,276.97772216796875,-1,-1,-1,-1
68,5,680.8936157226562,526.5455932617188,130.8739013671875,280.68975830078125,-1,-1,-1,-1
69,5,714.4645385742188,535.0071411132812,117.77728271484375,283.01873779296875,-1,-1,-1,-1
70,5,733.6773681640625,538.6986694335938,119.262939453125,286.47418212890625,-1,-1,-1,-1
71,5,751.7996826171875,533.155029296875,127.99365234375,291.1336669921875,-1,-1,-1,-1
72,5,765.1909790039062,522.516357421875,129.919677734375,294.5302734375,-1,-1,-1,-1
73,5,768.4544677734375,518.0798950195312,129.38739013671875,296.9620361328125,-1,-1,-1,-1
74,5,770.69580078125,518.322509765625,114.44049072265625,299.290771484375,-1,-1,-1,-1
75,5,776.8329467773438,519.426025390625,112.11529541015625,299.794677734375,-1,-1,-1,-1
76,5,788.8408203125,518.0057983398438,107.2593994140625,300.77056884765625,-1,-1,-1,-1
77,5,803.9910278320312,516.4375,105.545166015625,305.0550537109375,-1,-1,-1,-1
78,5,817.1346435546875,513.4382934570312,109.497802734375,308.06744384765625,-1,-1,-1,-1
79,5,824.9485473632812,508.5860595703125,116.4091796875,314.88787841796875,-1,-1,-1,-1
80,5,832.27978515625,509.35205078125,123.54034423828125,318.5489501953125,-1,-1,-1,-1
81,5,837.5183715820312,516.9000854492188,131.92095947265625,320.59771728515625,-1,-1,-1,-1
82,5,843.4043579101562,526.6575927734375,140.48760986328125,320.72705078125,-1,-1,-1,-1
83,5,849.0380249023438,539.379150390625,145.13031005859375,320.71417236328125,-1,-1,-1,-1
84,5,859.27734375,554.153076171875,152.2686767578125,323.08807373046875,-1,-1,-1,-1
85,5,870.3632202148438,569.8442993164062,155.1678466796875,324.15277099609375,-1,-1,-1,-1
86,5,881.2549438476562,577.3342895507812,143.37481689453125,325.32696533203125,-1,-1,-1,-1
87,5,891.3939819335938,575.4096069335938,131.48687744140625,326.57318115234375,-1,-1,-1,-1
88,5,899.1683959960938,575.8233642578125,130.48602294921875,331.22894287109375,-1,-1,-1,-1
89,5,909.653076171875,577.2875366210938,131.2318115234375,332.54241943359375,-1,-1,-1,-1
90,5,928.16015625,575.9989624023438,131.0118408203125,337.86639404296875,-1,-1,-1,-1
91,5,951.4194946289062,569.1053466796875,133.92449951171875,341.5582275390625,-1,-1,-1,-1
92,5,984.8031005859375,558.2930297851562,147.9111328125,348.15594482421875,-1,-1,-1,-1
93,5,1013.92138671875,553.5430297851562,142.330078125,354.34869384765625,-1,-1,-1,-1
94,5,1046.9666748046875,554.8267211914062,146.69921875,360.7008056640625,-1,-1,-1,-1
95,5,1074.874267578125,557.3515014648438,148.033447265625,366.55511474609375,-1,-1,-1,-1
96,5,1094.5877685546875,558.5117797851562,148.57177734375,371.11553955078125,-1,-1,-1,-1
97,5,1105.3597412109375,559.2423706054688,156.8494873046875,372.4027099609375,-1,-1,-1,-1
98,5,1118.5531005859375,560.6514892578125,157.599609375,373.44158935546875,-1,-1,-1,-1
99,5,1125.7796630859375,560.5126953125,153.1905517578125,373.59967041015625,-1,-1,-1,-1
100,5,1109.04052734375,560.5267944335938,152.214599609375,372.77032470703125,-1,-1,-1,-1
101,5,1060.9432373046875,563.0142822265625,148.5770263671875,362.0548095703125,-1,-1,-1,-1
102,5,981.144287109375,568.5294189453125,157.1644287109375,349.614013671875,-1,-1,-1,-1
103,5,916.1591186523438,569.7495727539062,160.42852783203125,335.7757568359375,-1,-1,-1,-1
104,5,869.5044555664062,570.0714111328125,165.38763427734375,327.66387939453125,-1,-1,-1,-1
105,5,839.32763671875,571.7711181640625,161.99481201171875,325.68377685546875,-1,-1,-1,-1
106,5,834.0628662109375,573.5232543945312,149.492919921875,329.724365234375,-1,-1,-1,-1
107,5,828.067626953125,574.1278686523438,143.04547119140625,328.334716796875,-1,-1,-1,-1
108,5,820.3543090820312,572.5059814453125,144.5196533203125,325.78228759765625,-1,-1,-1,-1
109,5,814.6529541015625,571.1067504882812,149.2113037109375,324.29730224609375,-1,-1,-1,-1
110,5,810.11962890625,572.11328125,148.37237548828125,323.17523193359375,-1,-1,-1,-1
111,5,809.83837890625,574.72021484375,145.80908203125,323.526611328125,-1,-1,-1,-1
112,5,809.0328979492188,575.355712890625,142.7705078125,323.1962890625,-1,-1,-1,-1
113,5,808.5372314453125,574.4080810546875,135.778564453125,321.7469482421875,-1,-1,-1,-1
114,5,806.5667724609375,574.5938720703125,134.02789306640625,320.3875732421875,-1,-1,-1,-1
115,5,804.5794677734375,577.5887451171875,132.62603759765625,317.58941650390625,-1,-1,-1,-1
116,5,801.7799072265625,580.9891967773438,132.08489990234375,315.7733154296875,-1,-1,-1,-1
117,5,804.2365112304688,583.49755859375,128.62371826171875,314.04010009765625,-1,-1,-1,-1
118,5,806.4635620117188,587.107666015625,129.78204345703125,311.9169921875,-1,-1,-1,-1
119,5,809.239990234375,588.7550048828125,128.0535888671875,309.96917724609375,-1,-1,-1,-1
120,5,810.9782104492188,590.502197265625,128.73150634765625,307.85662841796875,-1,-1,-1,-1
121,5,808.4971923828125,592.30517578125,133.6207275390625,305.02532958984375,-1,-1,-1,-1
122,5,805.2756958007812,592.8416748046875,140.086181640625,304.26806640625,-1,-1,-1,-1
123,5,801.614501953125,596.9908447265625,137.90380859375,301.65032958984375,-1,-1,-1,-1
124,5,795.347900390625,601.417724609375,125.9503173828125,299.24017333984375,-1,-1,-1,-1
125,5,790.7293090820312,601.8968505859375,121.880615234375,299.227783203125,-1,-1,-1,-1
126,5,780.60888671875,602.697021484375,119.83123779296875,300.0660400390625,-1,-1,-1,-1
127,5,766.5765380859375,599.766845703125,124.5731201171875,301.761474609375,-1,-1,-1,-1
128,5,760.857666015625,595.4385986328125,126.4305419921875,301.4437255859375,-1,-1,-1,-1
129,5,761.3153076171875,588.73779296875,123.00390625,296.0694580078125,-1,-1,-1,-1
130,5,766.6402587890625,579.2819213867188,112.64605712890625,281.95135498046875,-1,-1,-1,-1
131,5,761.0426635742188,572.4595336914062,109.52264404296875,289.967041015625,-1,-1,-1,-1
132,5,750.7671508789062,566.8693237304688,110.31304931640625,305.98699951171875,-1,-1,-1,-1
133,5,730.546875,563.4740600585938,121.01220703125,314.50128173828125,-1,-1,-1,-1
134,5,731.3391723632812,563.0008544921875,115.7364501953125,310.126953125,-1,-1,-1,-1
135,5,726.417724609375,567.1641235351562,146.59088134765625,352.44158935546875,-1,-1,-1,-1
136,5,752.6046142578125,598.362548828125,160.5211181640625,327.13818359375,-1,-1,-1,-1
138,5,731.7354736328125,556.1644897460938,214.251708984375,397.25531005859375,-1,-1,-1,-1
139,5,738.5950927734375,586.6298828125,169.1326904296875,344.2137451171875,-1,-1,-1,-1
140,5,739.2879028320312,592.8316650390625,164.49322509765625,296.38580322265625,-1,-1,-1,-1
141,5,756.2181396484375,600.04150390625,147.0037841796875,292.59954833984375,-1,-1,-1,-1
142,5,771.5724487304688,601.9376831054688,136.888671875,308.38067626953125,-1,-1,-1,-1
143,5,772.7744750976562,607.873779296875,150.31805419921875,332.3212890625,-1,-1,-1,-1
144,5,762.9659423828125,579.5567016601562,156.608642578125,350.42620849609375,-1,-1,-1,-1
145,5,748.9451293945312,591.7981567382812,152.67645263671875,348.9730224609375,-1,-1,-1,-1
146,5,768.79150390625,597.0799560546875,127.4083251953125,346.63995361328125,-1,-1,-1,-1
147,5,789.0999755859375,602.6324462890625,113.701171875,273.119384765625,-1,-1,-1,-1
148,5,794.2727661132812,609.8783569335938,119.106689453125,287.034912109375,-1,-1,-1,-1
149,5,804.1770629882812,615.4200439453125,115.99761962890625,300.01971435546875,-1,-1,-1,-1
150,5,806.4212646484375,616.87353515625,112.22833251953125,298.92333984375,-1,-1,-1,-1
151,5,807.3177490234375,612.45263671875,113.22344970703125,303.023681640625,-1,-1,-1,-1
152,5,808.94482421875,600.6646728515625,111.6494140625,311.151611328125,-1,-1,-1,-1
153,5,812.96533203125,589.1488037109375,119.2110595703125,318.9298095703125,-1,-1,-1,-1
154,5,816.7644653320312,582.5092163085938,125.46636962890625,324.1829833984375,-1,-1,-1,-1
155,5,819.935546875,579.72265625,126.55230712890625,326.35552978515625,-1,-1,-1,-1
156,5,824.746337890625,579.1973876953125,123.71978759765625,324.43115234375,-1,-1,-1,-1
157,5,833.060302734375,577.9118041992188,122.2510986328125,325.6575927734375,-1,-1,-1,-1
158,5,844.744384765625,574.8346557617188,124.08917236328125,329.3067626953125,-1,-1,-1,-1
159,5,856.5211791992188,573.129638671875,122.8450927734375,331.5169677734375,-1,-1,-1,-1
160,5,870.10107421875,574.1575317382812,120.30706787109375,337.08111572265625,-1,-1,-1,-1
161,5,883.784423828125,576.193603515625,121.568603515625,345.28265380859375,-1,-1,-1,-1
162,5,895.4682006835938,579.4714965820312,135.87286376953125,347.62652587890625,-1,-1,-1,-1
163,5,913.7288208007812,582.901611328125,146.82501220703125,353.43084716796875,-1,-1,-1,-1
164,5,941.2379760742188,586.93603515625,146.27630615234375,357.5950927734375,-1,-1,-1,-1
165,5,964.1490478515625,591.0770263671875,146.7305908203125,365.10333251953125,-1,-1,-1,-1
166,5,976.7536010742188,593.869873046875,138.53863525390625,369.74371337890625,-1,-1,-1,-1
167,5,981.7500610351562,595.9823608398438,132.90325927734375,373.63128662109375,-1,-1,-1,-1
168,5,980.1692504882812,591.4778442382812,140.28289794921875,377.3385009765625,-1,-1,-1,-1
169,5,977.8533325195312,586.89501953125,158.82684326171875,379.7691650390625,-1,-1,-1,-1
170,5,974.3240356445312,583.6738891601562,163.29534912109375,381.80328369140625,-1,-1,-1,-1
171,5,972.9945678710938,579.10498046875,169.50091552734375,385.54833984375,-1,-1,-1,-1
172,5,975.2908935546875,577.6248779296875,177.384033203125,389.009765625,-1,-1,-1,-1
173,5,979.7352905273438,578.3394775390625,179.48114013671875,409.6807861328125,-1,-1,-1,-1
174,5,982.4545288085938,581.0963134765625,184.66925048828125,433.31036376953125,-1,-1,-1,-1
175,5,989.102294921875,584.9339599609375,183.9384765625,443.15478515625,-1,-1,-1,-1
176,5,1000.470947265625,584.7107543945312,178.9266357421875,453.14825439453125,-1,-1,-1,-1
177,5,1011.1043701171875,576.5391845703125,180.7550048828125,466.595458984375,-1,-1,-1,-1
178,5,1013.6756591796875,566.5880737304688,168.62646484375,472.05816650390625,-1,-1,-1,-1
179,5,1022.9740600585938,555.554443359375,160.64666748046875,475.1202392578125,-1,-1,-1,-1
180,5,1023.8911743164062,549.4905395507812,169.79510498046875,475.07403564453125,-1,-1,-1,-1
181,5,1017.7100830078125,546.25146484375,181.8326416015625,476.9388427734375,-1,-1,-1,-1
182,5,1013.6566772460938,542.9506225585938,180.67279052734375,478.70721435546875,-1,-1,-1,-1
183,5,1005.1231079101562,533.220703125,187.60272216796875,482.91009521484375,-1,-1,-1,-1
184,5,974.2301025390625,523.7210693359375,206.0067138671875,484.461181640625,-1,-1,-1,-1
185,5,933.7114868164062,521.5001220703125,223.17401123046875,483.2047119140625,-1,-1,-1,-1
186,5,901.55712890625,528.0161743164062,229.2340087890625,475.625732421875,-1,-1,-1,-1
187,5,886.29833984375,542.0620727539062,224.1600341796875,464.935302734375,-1,-1,-1,-1
188,5,875.6962890625,561.046630859375,209.5662841796875,453.53594970703125,-1,-1,-1,-1
189,5,867.244384765625,580.4297485351562,208.25537109375,432.054443359375,-1,-1,-1,-1
190,5,863.8980102539062,594.254150390625,208.71148681640625,418.48370361328125,-1,-1,-1,-1
191,5,861.64990234375,602.527099609375,219.9317626953125,411.337646484375,-1,-1,-1,-1
192,5,862.3751220703125,604.1076049804688,249.80517578125,410.8851318359375,-1,-1,-1,-1
193,5,857.622314453125,601.8419189453125,267.0140380859375,412.7269287109375,-1,-1,-1,-1
194,5,853.2559814453125,597.5317993164062,273.619873046875,419.5916748046875,-1,-1,-1,-1
195,5,847.4967041015625,592.9960327148438,272.990478515625,428.0963134765625,-1,-1,-1,-1
196,5,853.3792114257812,585.1510009765625,261.80181884765625,438.07073974609375,-1,-1,-1,-1
197,5,874.8702392578125,574.5698852539062,232.9713134765625,454.42877197265625,-1,-1,-1,-1
198,5,898.7696533203125,563.875244140625,203.002685546875,458.5,-1,-1,-1,-1
199,5,902.2830200195312,556.8826904296875,201.11712646484375,461.0775146484375,-1,-1,-1,-1
200,5,907.7240600585938,554.7891235351562,207.87091064453125,459.999267578125,-1,-1,-1,-1
201,5,917.985107421875,558.164306640625,209.1248779296875,458.04315185546875,-1,-1,-1,-1
202,5,923.5874633789062,571.2548828125,212.34429931640625,448.3126220703125,-1,-1,-1,-1
203,5,928.6134643554688,590.5802612304688,213.19720458984375,435.46246337890625,-1,-1,-1,-1
204,5,938.6973876953125,605.0576782226562,210.9395751953125,428.71734619140625,-1,-1,-1,-1
205,5,939.386962890625,608.5173950195312,207.5596923828125,430.18328857421875,-1,-1,-1,-1
206,5,934.50390625,598.1326904296875,201.28271484375,438.13671875,-1,-1,-1,-1
207,5,928.0455932617188,582.3228759765625,196.03802490234375,450.553466796875,-1,-1,-1,-1
208,5,920.439453125,573.4585571289062,194.32421875,458.82098388671875,-1,-1,-1,-1
209,5,924.1356811523438,568.3906860351562,193.06341552734375,460.02069091796875,-1,-1,-1,-1
210,5,928.012451171875,570.7079467773438,192.7987060546875,452.416015625,-1,-1,-1,-1
211,5,925.8191528320312,578.5300903320312,200.45513916015625,443.29461669921875,-1,-1,-1,-1
212,5,923.0748901367188,586.8326416015625,206.51409912109375,429.4141845703125,-1,-1,-1,-1
213,5,925.4663696289062,591.9143676757812,207.25372314453125,418.1087646484375,-1,-1,-1,-1
214,5,939.0637817382812,586.362548828125,212.09356689453125,418.6083984375,-1,-1,-1,-1
215,5,959.0160522460938,571.181396484375,221.51751708984375,430.59820556640625,-1,-1,-1,-1
216,5,973.5892333984375,556.13720703125,242.7196044921875,443.84112548828125,-1,-1,-1,-1
217,5,996.372802734375,547.1883544921875,241.9615478515625,453.98968505859375,-1,-1,-1,-1
218,5,1030.585693359375,548.9672241210938,226.3232421875,461.0946044921875,-1,-1,-1,-1
219,5,1045.7725830078125,557.43115234375,222.631591796875,456.33795166015625,-1,-1,-1,-1
220,5,1047.486328125,576.215087890625,229.4102783203125,445.67388916015625,-1,-1,-1,-1
221,5,1046.7401123046875,591.3784790039062,233.7796630859375,439.59100341796875,-1,-1,-1,-1
222,5,1045.1173095703125,597.7323608398438,236.606201171875,436.24041748046875,-1,-1,-1,-1
223,5,1042.510986328125,598.6870727539062,240.408935546875,435.16326904296875,-1,-1,-1,-1
224,5,1035.49267578125,594.2383422851562,253.8634033203125,437.59820556640625,-1,-1,-1,-1
225,5,1029.410400390625,588.592041015625,263.7943115234375,434.467041015625,-1,-1,-1,-1
226,5,1031.544921875,582.8814086914062,266.7772216796875,430.390380859375,-1,-1,-1,-1
227,5,1042.0443115234375,578.9425048828125,264.516845703125,433.79376220703125,-1,-1,-1,-1
228,5,1055.564453125,575.5880126953125,254.839111328125,439.632080078125,-1,-1,-1,-1
229,5,1069.8116455078125,572.3720703125,237.0511474609375,443.2281494140625,-1,-1,-1,-1
230,5,1071.8614501953125,561.4462890625,219.022216796875,441.06646728515625,-1,-1,-1,-1
231,5,1047.9134521484375,535.3295288085938,201.3704833984375,429.1595458984375,-1,-1,-1,-1
232,5,993.2189331054688,488.1214904785156,196.92022705078125,418.0547790527344,-1,-1,-1,-1
233,5,934.7446899414062,424.0200500488281,190.11590576171875,416.3195495605469,-1,-1,-1,-1
234,5,885.5669555664062,354.87744140625,182.27288818359375,425.519287109375,-1,-1,-1,-1
235,5,846.7997436523438,295.4906921386719,167.66937255859375,436.7759094238281,-1,-1,-1,-1
236,5,803.3262939453125,229.9461669921875,164.69561767578125,453.1904296875,-1,-1,-1,-1
237,5,768.8406372070312,184.5530548095703,160.05572509765625,460.0810546875,-1,-1,-1,-1
238,5,733.5782470703125,169.42996215820312,156.239013671875,455.6357116699219,-1,-1,-1,-1
239,5,695.8482666015625,155.7169189453125,156.51422119140625,454.013671875,-1,-1,-1,-1
240,5,657.264404296875,124.73875427246094,158.397705078125,461.3096923828125,-1,-1,-1,-1
241,5,625.4532470703125,77.37959289550781,163.71832275390625,473.70538330078125,-1,-1,-1,-1
242,5,614.1036987304688,46.06895446777344,169.63385009765625,483.76385498046875,-1,-1,-1,-1
243,5,614.8204956054688,17.23948097229004,179.61724853515625,486.77978515625,-1,-1,-1,-1
244,5,616.4653930664062,-2.066537857055664,179.21441650390625,471.9515686035156,-1,-1,-1,-1
245,5,609.308349609375,-14.608776092529297,182.572021484375,450.14453125,-1,-1,-1,-1
246,5,600.2489624023438,-10.334287643432617,188.10089111328125,409.67279052734375,-1,-1,-1,-1
247,5,591.639404296875,-14.487213134765625,194.5406494140625,388.7414855957031,-1,-1,-1,-1
248,5,588.5717163085938,-29.598114013671875,197.63507080078125,391.9267883300781,-1,-1,-1,-1
249,5,598.1487426757812,-12.729501724243164,185.0826416015625,372.2474365234375,-1,-1,-1,-1
250,5,596.61474609375,-13.94687271118164,188.77276611328125,365.0043029785156,-1,-1,-1,-1
251,5,591.4150390625,-3.388068199157715,193.4285888671875,348.5938720703125,-1,-1,-1,-1
252,5,589.4126586914062,-3.9754371643066406,195.7601318359375,336.1045227050781,-1,-1,-1,-1
253,5,590.743408203125,-2.1166505813598633,201.02423095703125,329.84259033203125,-1,-1,-1,-1
254,5,589.7130737304688,-2.2178726196289062,199.26019287109375,333.9383239746094,-1,-1,-1,-1
255,5,588.9046630859375,-0.976226806640625,191.20172119140625,338.36334228515625,-1,-1,-1,-1
256,5,588.5526123046875,-2.7123069763183594,189.67718505859375,341.7790222167969,-1,-1,-1,-1
257,5,591.4449462890625,-3.509882926940918,190.458251953125,338.8957824707031,-1,-1,-1,-1
258,5,609.2083129882812,-6.076625823974609,193.38616943359375,351.4825134277344,-1,-1,-1,-1
259,5,637.58154296875,-0.54754638671875,191.2857666015625,392.2638244628906,-1,-1,-1,-1
260,5,674.5933837890625,36.49999237060547,185.53485107421875,419.7406005859375,-1,-1,-1,-1
261,5,723.1143798828125,116.9371566772461,177.24786376953125,411.0003967285156,-1,-1,-1,-1
262,5,773.2332153320312,215.05776977539062,163.4993896484375,390.3625793457031,-1,-1,-1,-1
263,5,818.8235473632812,308.343017578125,155.13446044921875,373.90338134765625,-1,-1,-1,-1
264,5,856.2150268554688,379.7357177734375,145.887939453125,361.62060546875,-1,-1,-1,-1
265,5,876.6270141601562,415.6750793457031,149.197509765625,355.0061340332031,-1,-1,-1,-1
266,5,889.4786376953125,440.3782043457031,148.4984130859375,351.7272033691406,-1,-1,-1,-1
267,5,896.9756469726562,455.67559814453125,148.80999755859375,348.1436767578125,-1,-1,-1,-1
268,5,897.3182983398438,458.7857360839844,151.55853271484375,342.8627624511719,-1,-1,-1,-1
269,5,878.240234375,443.9325256347656,164.767578125,338.0760192871094,-1,-1,-1,-1
270,5,819.1585693359375,396.1191711425781,173.7406005859375,335.9214172363281,-1,-1,-1,-1
271,5,719.8764038085938,324.0916442871094,181.20672607421875,340.8252258300781,-1,-1,-1,-1
272,5,591.7947387695312,235.83236694335938,193.9261474609375,354.8370056152344,-1,-1,-1,-1
273,5,465.10992431640625,139.672119140625,215.9991455078125,374.2336120605469,-1,-1,-1,-1
274,5,380.2710876464844,75.69615936279297,208.81356811523438,376.9855041503906,-1,-1,-1,-1
275,5,326.3769226074219,53.98187255859375,198.75326538085938,363.44561767578125,-1,-1,-1,-1
276,5,284.2337341308594,42.676456451416016,204.15017700195312,356.0888366699219,-1,-1,-1,-1
277,5,248.46688842773438,35.931758880615234,199.84896850585938,347.4974365234375,-1,-1,-1,-1
278,5,224.107177734375,23.144168853759766,202.29885864257812,344.59185791015625,-1,-1,-1,-1
279,5,193.4730987548828,31.550247192382812,208.09388732910156,325.0760498046875,-1,-1,-1,-1
280,5,173.50418090820312,37.12879943847656,208.37200927734375,316.9517822265625,-1,-1,-1,-1
281,5,157.4466094970703,49.47960662841797,207.06593322753906,311.1395568847656,-1,-1,-1,-1
282,5,141.29171752929688,55.41594696044922,198.11416625976562,319.8898010253906,-1,-1,-1,-1
283,5,103.74636840820312,75.93814086914062,202.50213623046875,322.637939453125,-1,-1,-1,-1
284,5,95.5541000366211,98.89742279052734,165.39553833007812,340.1663818359375,-1,-1,-1,-1
285,5,66.71511840820312,123.48635864257812,151.0323028564453,352.8491516113281,-1,-1,-1,-1
286,5,49.464202880859375,159.8810272216797,129.91461181640625,359.54119873046875,-1,-1,-1,-1
287,5,32.72186851501465,209.97238159179688,119.2603988647461,362.3006286621094,-1,-1,-1,-1
288,5,14.95456314086914,250.05738830566406,116.35305786132812,367.692138671875,-1,-1,-1,-1
289,5,16.76058292388916,277.9328308105469,117.78516387939453,368.0727233886719,-1,-1,-1,-1
290,5,61.702423095703125,310.5611572265625,133.92124938964844,362.28717041015625,-1,-1,-1,-1
291,5,198.4807891845703,363.5453796386719,142.51463317871094,335.3256530761719,-1,-1,-1,-1
292,5,407.46710205078125,427.9969177246094,126.91168212890625,299.8374328613281,-1,-1,-1,-1
293,5,601.1270141601562,474.5347595214844,115.56170654296875,279.6892395019531,-1,-1,-1,-1
294,5,761.1097412109375,495.67218017578125,116.56512451171875,280.07080078125,-1,-1,-1,-1
295,5,869.4649047851562,505.5928649902344,124.91888427734375,292.4701843261719,-1,-1,-1,-1
296,5,925.8070068359375,515.1868896484375,136.0489501953125,301.11236572265625,-1,-1,-1,-1
297,5,953.5791625976562,527.7778930664062,146.02569580078125,307.445068359375,-1,-1,-1,-1
298,5,966.781494140625,539.34716796875,152.318115234375,310.26171875,-1,-1,-1,-1
299,5,979.6050415039062,548.0043334960938,156.30279541015625,316.357666015625,-1,-1,-1,-1
300,5,999.562255859375,561.2796630859375,173.1380615234375,314.673583984375,-1,-1,-1,-1
301,5,1014.0966796875,559.4774169921875,184.202392578125,320.83001708984375,-1,-1,-1,-1
302,5,1028.58837890625,555.4389038085938,182.05859375,330.33990478515625,-1,-1,-1,-1
303,5,1039.6883544921875,551.2019653320312,184.2589111328125,335.25335693359375,-1,-1,-1,-1
304,5,1046.93701171875,548.2985229492188,172.97021484375,340.84722900390625,-1,-1,-1,-1
305,5,1059.56298828125,545.8002319335938,166.1331787109375,348.69122314453125,-1,-1,-1,-1
306,5,1073.131591796875,538.5584716796875,166.6990966796875,358.92578125,-1,-1,-1,-1
307,5,1090.26416015625,533.8027954101562,163.1820068359375,365.51812744140625,-1,-1,-1,-1
308,5,1101.9827880859375,528.7884521484375,159.5784912109375,373.31329345703125,-1,-1,-1,-1
309,5,1116.18603515625,524.7145385742188,159.309326171875,387.77410888671875,-1,-1,-1,-1
310,5,1127.5777587890625,520.8184204101562,158.1038818359375,406.2760009765625,-1,-1,-1,-1
311,5,1138.1885986328125,520.9100341796875,155.6055908203125,409.468505859375,-1,-1,-1,-1
312,5,1136.7828369140625,523.674072265625,156.935546875,413.33148193359375,-1,-1,-1,-1
313,5,1120.5015869140625,531.7764892578125,161.3690185546875,414.9354248046875,-1,-1,-1,-1
314,5,1082.277099609375,544.6353759765625,168.776611328125,417.0040283203125,-1,-1,-1,-1
315,5,1033.0982666015625,559.596435546875,166.456298828125,421.1578369140625,-1,-1,-1,-1
316,5,999.4207153320312,571.641357421875,160.82965087890625,416.31732177734375,-1,-1,-1,-1
317,5,979.0985107421875,576.1382446289062,157.6961669921875,415.79144287109375,-1,-1,-1,-1
318,5,954.5584106445312,578.9666748046875,155.52838134765625,415.222412109375,-1,-1,-1,-1
319,5,936.2562866210938,580.8665771484375,146.21307373046875,416.48394775390625,-1,-1,-1,-1
320,5,923.0374755859375,579.8911743164062,144.3621826171875,419.14422607421875,-1,-1,-1,-1
321,5,916.1683959960938,579.8849487304688,137.29071044921875,419.33868408203125,-1,-1,-1,-1
322,5,907.3091430664062,583.2407836914062,139.56964111328125,425.40875244140625,-1,-1,-1,-1
323,5,864.0802001953125,586.8134765625,183.2413330078125,435.42510986328125,-1,-1,-1,-1
324,5,828.56787109375,593.8214721679688,229.2469482421875,437.02935791015625,-1,-1,-1,-1
325,5,818.6355590820312,601.6641235351562,247.99945068359375,440.32537841796875,-1,-1,-1,-1
326,5,822.1080322265625,604.6043701171875,253.2745361328125,451.5892333984375,-1,-1,-1,-1
327,5,837.21044921875,602.53076171875,246.67822265625,457.00390625,-1,-1,-1,-1
328,5,849.620361328125,606.2003784179688,221.6314697265625,450.86785888671875,-1,-1,-1,-1
329,5,842.908935546875,616.8887939453125,200.554931640625,443.402587890625,-1,-1,-1,-1
330,5,803.4093627929688,635.7462768554688,240.14947509765625,440.16815185546875,-1,-1,-1,-1
331,5,815.45068359375,658.4542236328125,256.553466796875,421.4140625,-1,-1,-1,-1
332,5,835.1740112304688,667.2452392578125,270.28216552734375,405.245849609375,-1,-1,-1,-1
333,5,860.275146484375,662.9622192382812,268.9652099609375,399.67999267578125,-1,-1,-1,-1
334,5,884.9209594726562,646.2601318359375,246.05462646484375,407.231201171875,-1,-1,-1,-1
335,5,911.3091430664062,623.6567993164062,232.86749267578125,425.03192138671875,-1,-1,-1,-1
336,5,946.4071044921875,599.3031005859375,238.3092041015625,448.4373779296875,-1,-1,-1,-1
337,5,985.53955078125,571.30224609375,243.6287841796875,479.70068359375,-1,-1,-1,-1
338,5,1022.9004516601562,545.3250732421875,247.35028076171875,508.865966796875,-1,-1,-1,-1
339,5,1054.84521484375,522.4879150390625,236.4376220703125,534.7587890625,-1,-1,-1,-1
340,5,1094.034912109375,501.63360595703125,229.9654541015625,555.5474243164062,-1,-1,-1,-1
341,5,1144.3798828125,490.940185546875,208.6246337890625,565.3704833984375,-1,-1,-1,-1
342,5,1173.1954345703125,486.9529724121094,207.5869140625,567.474609375,-1,-1,-1,-1
343,5,1191.839599609375,488.9842529296875,204.46337890625,565.6688232421875,-1,-1,-1,-1
344,5,1188.3865966796875,496.5348815917969,214.6156005859375,565.6612548828125,-1,-1,-1,-1
345,5,1171.6263427734375,502.1319580078125,230.3773193359375,565.6741943359375,-1,-1,-1,-1
346,5,1151.96875,501.65264892578125,239.63232421875,566.2003784179688,-1,-1,-1,-1
347,5,1129.5155029296875,501.38897705078125,248.246826171875,566.5433959960938,-1,-1,-1,-1
348,5,1075.3768310546875,506.73626708984375,293.9903564453125,564.2072143554688,-1,-1,-1,-1
349,5,1025.7952880859375,512.9271850585938,320.1776123046875,560.7174682617188,-1,-1,-1,-1
350,5,989.2078247070312,525.71875,339.39422607421875,549.9180908203125,-1,-1,-1,-1
351,5,966.9354858398438,551.0787353515625,334.80780029296875,539.622314453125,-1,-1,-1,-1
352,5,943.5302734375,588.8892211914062,320.727783203125,508.96954345703125,-1,-1,-1,-1
353,5,929.4698486328125,631.1881713867188,307.159912109375,471.26861572265625,-1,-1,-1,-1
354,5,914.16162109375,662.8411254882812,305.626953125,442.43109130859375,-1,-1,-1,-1
355,5,889.534912109375,671.3722534179688,318.2978515625,430.51885986328125,-1,-1,-1,-1
356,5,866.6072387695312,657.8618774414062,342.97906494140625,438.60809326171875,-1,-1,-1,-1
357,5,839.6214599609375,640.5708618164062,376.07373046875,452.08843994140625,-1,-1,-1,-1
358,5,817.0147705078125,624.6408081054688,398.8558349609375,465.06402587890625,-1,-1,-1,-1
359,5,805.3899536132812,612.4429931640625,388.53900146484375,469.0062255859375,-1,-1,-1,-1
360,5,819.7012939453125,610.0719604492188,351.908447265625,470.01495361328125,-1,-1,-1,-1
361,5,856.579833984375,614.1781005859375,292.2802734375,462.829833984375,-1,-1,-1,-1
362,5,869.897216796875,615.2015380859375,256.1920166015625,455.69970703125,-1,-1,-1,-1
363,5,850.97216796875,610.234619140625,250.1260986328125,454.7119140625,-1,-1,-1,-1
364,5,832.0908203125,596.7730712890625,247.6966552734375,467.371337890625,-1,-1,-1,-1
365,5,826.5241088867188,582.1182861328125,247.56890869140625,479.5301513671875,-1,-1,-1,-1
366,5,834.7278442382812,574.0663452148438,232.81707763671875,484.23321533203125,-1,-1,-1,-1
367,5,856.1546630859375,573.0594482421875,206.6385498046875,478.3470458984375,-1,-1,-1,-1
368,5,886.4295043945312,577.6100463867188,179.53460693359375,464.15850830078125,-1,-1,-1,-1
369,5,901.173828125,585.6903076171875,163.86279296875,448.6033935546875,-1,-1,-1,-1
370,5,894.6069946289062,594.2761840820312,167.66656494140625,438.73907470703125,-1,-1,-1,-1
371,5,884.6525268554688,595.3422241210938,172.87982177734375,437.35955810546875,-1,-1,-1,-1
372,5,876.617919921875,588.7417602539062,179.1395263671875,444.79217529296875,-1,-1,-1,-1
373,5,881.9035034179688,580.4879150390625,180.05316162109375,454.322021484375,-1,-1,-1,-1
374,5,862.364990234375,574.86474609375,215.998779296875,462.321044921875,-1,-1,-1,-1
375,5,844.3695678710938,575.8534545898438,255.70562744140625,470.21844482421875,-1,-1,-1,-1
376,5,825.5638427734375,585.3170776367188,290.228515625,474.46893310546875,-1,-1,-1,-1
377,5,814.8321533203125,602.311767578125,312.8160400390625,465.65478515625,-1,-1,-1,-1
378,5,808.4481811523438,621.978759765625,335.43463134765625,449.6005859375,-1,-1,-1,-1
379,5,785.1380615234375,634.024658203125,362.298583984375,439.834228515625,-1,-1,-1,-1
380,5,772.2570190429688,640.4490356445312,370.78936767578125,435.96978759765625,-1,-1,-1,-1
381,5,778.2747802734375,652.1326904296875,343.5628662109375,427.475341796875,-1,-1,-1,-1
382,5,781.2655639648438,657.3499755859375,329.01251220703125,426.6533203125,-1,-1,-1,-1
383,5,789.5949096679688,648.9913330078125,329.25860595703125,437.06884765625,-1,-1,-1,-1
384,5,790.6768188476562,630.4935913085938,335.21014404296875,456.88763427734375,-1,-1,-1,-1
385,5,789.586181640625,608.5947265625,346.664794921875,485.0689697265625,-1,-1,-1,-1
386,5,790.0533447265625,592.8839721679688,355.0296630859375,512.9860229492188,-1,-1,-1,-1
387,5,801.9199829101562,585.3557739257812,347.90814208984375,540.4640502929688,-1,-1,-1,-1
388,5,809.990478515625,589.2476196289062,341.39404296875,555.8689575195312,-1,-1,-1,-1
389,5,808.3941650390625,593.1964721679688,346.02880859375,549.2713012695312,-1,-1,-1,-1
390,5,803.715087890625,588.6663208007812,339.6663818359375,550.6736450195312,-1,-1,-1,-1
391,5,795.18505859375,579.5421752929688,334.3336181640625,559.6563110351562,-1,-1,-1,-1
392,5,810.8951416015625,572.8402099609375,321.135986328125,564.3922119140625,-1,-1,-1,-1
393,5,828.3876342773438,560.8779296875,307.92864990234375,572.337646484375,-1,-1,-1,-1
394,5,856.7620849609375,549.5580444335938,279.642578125,580.1936645507812,-1,-1,-1,-1
395,5,864.2730712890625,540.8850708007812,267.4354248046875,587.3621215820312,-1,-1,-1,-1
396,5,854.15966796875,536.4833374023438,278.007080078125,597.5797729492188,-1,-1,-1,-1
397,5,846.1519165039062,541.205810546875,288.71795654296875,607.844482421875,-1,-1,-1,-1
398,5,837.1867065429688,552.7252807617188,302.13336181640625,596.9497680664062,-1,-1,-1,-1
399,5,828.2921142578125,570.64111328125,313.8245849609375,579.1544189453125,-1,-1,-1,-1
400,5,828.0799560546875,586.9625854492188,342.8751220703125,562.6912231445312,-1,-1,-1,-1
401,5,831.1025390625,597.9572143554688,364.966064453125,550.5020141601562,-1,-1,-1,-1
402,5,839.5006713867188,603.8824462890625,354.35015869140625,541.0938720703125,-1,-1,-1,-1
403,5,849.47119140625,608.5934448242188,336.9833984375,534.9384155273438,-1,-1,-1,-1
404,5,852.6741333007812,611.0069580078125,319.91717529296875,521.4515380859375,-1,-1,-1,-1
405,5,841.3927001953125,604.8233642578125,317.1676025390625,517.149169921875,-1,-1,-1,-1
406,5,838.0455322265625,593.4522094726562,305.77783203125,517.9965209960938,-1,-1,-1,-1
407,5,832.0114135742188,585.7828979492188,302.44244384765625,513.6757202148438,-1,-1,-1,-1
408,5,822.8638916015625,585.3310546875,302.1357421875,505.0096435546875,-1,-1,-1,-1
409,5,819.0735473632812,586.1257934570312,298.78826904296875,497.80413818359375,-1,-1,-1,-1
410,5,814.1625366210938,588.3801879882812,294.82086181640625,483.49591064453125,-1,-1,-1,-1
411,5,804.3143920898438,587.9169921875,292.57220458984375,468.458740234375,-1,-1,-1,-1
412,5,795.4771728515625,588.2774658203125,290.340087890625,459.5936279296875,-1,-1,-1,-1
413,5,790.5020751953125,588.2212524414062,292.9193115234375,454.25286865234375,-1,-1,-1,-1
414,5,801.9169311523438,586.6963500976562,280.79620361328125,454.44451904296875,-1,-1,-1,-1
415,5,823.0989990234375,586.5928344726562,258.64013671875,455.53790283203125,-1,-1,-1,-1
416,5,851.68115234375,585.4310302734375,229.548583984375,456.021484375,-1,-1,-1,-1
417,5,869.4619140625,586.054931640625,204.8134765625,455.2357177734375,-1,-1,-1,-1
418,5,882.9078979492188,591.59423828125,187.13067626953125,450.447021484375,-1,-1,-1,-1
419,5,879.45947265625,598.375732421875,193.672119140625,444.9102783203125,-1,-1,-1,-1
420,5,874.0070190429688,600.0281982421875,205.65606689453125,437.8651123046875,-1,-1,-1,-1
421,5,869.4517822265625,599.4472045898438,204.083984375,424.87530517578125,-1,-1,-1,-1
422,5,871.1924438476562,591.6425170898438,196.15118408203125,429.2017822265625,-1,-1,-1,-1
423,5,872.7998657226562,586.4073486328125,186.22369384765625,426.7392578125,-1,-1,-1,-1
424,5,856.4195556640625,582.5700073242188,197.8604736328125,420.09368896484375,-1,-1,-1,-1
425,5,838.99853515625,581.6842041015625,210.870361328125,403.99920654296875,-1,-1,-1,-1
426,5,845.89208984375,586.258544921875,211.172119140625,399.343994140625,-1,-1,-1,-1
427,5,861.8865356445312,593.9180908203125,220.87188720703125,396.176025390625,-1,-1,-1,-1
428,5,886.9766845703125,599.8783569335938,224.0621337890625,391.9005126953125,-1,-1,-1,-1
429,5,928.2676391601562,601.6991577148438,204.29827880859375,391.5523681640625,-1,-1,-1,-1
430,5,956.89404296875,601.4583740234375,185.4886474609375,393.87255859375,-1,-1,-1,-1
431,5,970.5760498046875,599.503173828125,178.35693359375,397.3223876953125,-1,-1,-1,-1
432,5,964.3173828125,600.1915893554688,183.703857421875,396.52783203125,-1,-1,-1,-1
433,5,958.8087158203125,602.1451416015625,193.30322265625,392.28082275390625,-1,-1,-1,-1
434,5,949.4745483398438,610.7183227539062,201.07928466796875,382.01715087890625,-1,-1,-1,-1
435,5,943.3179321289062,623.4301147460938,205.28582763671875,366.12664794921875,-1,-1,-1,-1
436,5,939.5869750976562,633.907470703125,202.61871337890625,355.6873779296875,-1,-1,-1,-1
437,5,927.095458984375,636.9526977539062,214.8250732421875,349.88592529296875,-1,-1,-1,-1
438,5,868.1890258789062,644.1636352539062,273.00885009765625,339.387451171875,-1,-1,-1,-1
439,5,815.0625,655.4236450195312,324.1160888671875,324.59576416015625,-1,-1,-1,-1
440,5,804.5177001953125,677.5667114257812,328.31884765625,301.6904296875,-1,-1,-1,-1
441,5,794.8422241210938,684.6795654296875,326.53143310546875,294.21826171875,-1,-1,-1,-1
442,5,790.325927734375,670.31591796875,326.0823974609375,304.28369140625,-1,-1,-1,-1
443,5,822.376953125,654.3062744140625,291.1365966796875,319.0506591796875,-1,-1,-1,-1
444,5,869.0886840820312,639.6065063476562,241.56170654296875,333.649658203125,-1,-1,-1,-1
445,5,874.2040405273438,627.2525634765625,224.98541259765625,342.049560546875,-1,-1,-1,-1
446,5,865.0028686523438,621.6372680664062,223.25653076171875,337.518310546875,-1,-1,-1,-1
447,5,883.8958740234375,620.2890625,192.9061279296875,335.08740234375,-1,-1,-1,-1
448,5,896.6829223632812,623.0224609375,163.54840087890625,324.47845458984375,-1,-1,-1,-1
449,5,881.4644165039062,616.19189453125,166.04534912109375,325.78045654296875,-1,-1,-1,-1
450,5,867.4238891601562,605.1134033203125,162.76043701171875,332.8114013671875,-1,-1,-1,-1
451,5,853.2412719726562,592.6052856445312,160.0228271484375,341.41729736328125,-1,-1,-1,-1
452,5,844.5423583984375,582.111083984375,155.18463134765625,343.37750244140625,-1,-1,-1,-1
453,5,847.9420166015625,577.1832275390625,149.7359619140625,343.92926025390625,-1,-1,-1,-1
454,5,860.402099609375,580.2951049804688,140.290771484375,341.10015869140625,-1,-1,-1,-1
455,5,851.9534912109375,587.7638549804688,152.1337890625,332.00433349609375,-1,-1,-1,-1
456,5,841.2908325195312,595.9462280273438,159.37860107421875,324.604736328125,-1,-1,-1,-1
457,5,832.7022705078125,602.0580444335938,162.9375,317.869873046875,-1,-1,-1,-1
458,5,834.0682373046875,600.5524291992188,154.80108642578125,317.65570068359375,-1,-1,-1,-1
459,5,840.730712890625,592.5758056640625,141.7938232421875,323.9267578125,-1,-1,-1,-1
460,5,843.1298217773438,584.7586059570312,139.29022216796875,332.1875,-1,-1,-1,-1
461,5,841.9248046875,581.8580932617188,138.92633056640625,334.01776123046875,-1,-1,-1,-1
462,5,843.020263671875,580.8732299804688,141.6890869140625,330.33514404296875,-1,-1,-1,-1
463,5,840.4267578125,583.7095947265625,145.29595947265625,322.64385986328125,-1,-1,-1,-1
464,5,843.4339599609375,591.3697509765625,143.6292724609375,313.40008544921875,-1,-1,-1,-1
465,5,844.4579467773438,599.9718627929688,140.51483154296875,305.1964111328125,-1,-1,-1,-1
466,5,843.792724609375,600.9347534179688,142.2686767578125,303.44140625,-1,-1,-1,-1
467,5,847.0050048828125,593.5222778320312,138.96038818359375,309.90032958984375,-1,-1,-1,-1
468,5,849.6238403320312,583.9974975585938,136.64581298828125,320.05657958984375,-1,-1,-1,-1
469,5,850.749755859375,577.864013671875,134.8431396484375,325.4219970703125,-1,-1,-1,-1
470,5,860.0897216796875,575.15185546875,124.52679443359375,325.29119873046875,-1,-1,-1,-1
471,5,868.116943359375,576.6608276367188,118.18585205078125,318.94525146484375,-1,-1,-1,-1
472,5,866.989990234375,580.8331298828125,120.873779296875,312.14764404296875,-1,-1,-1,-1
473,5,859.028564453125,583.8953247070312,126.1788330078125,309.13592529296875,-1,-1,-1,-1
474,5,851.3055419921875,585.14599609375,128.812255859375,306.9000244140625,-1,-1,-1,-1
475,5,846.8123168945312,583.7678833007812,126.261474609375,308.49542236328125,-1,-1,-1,-1
476,5,845.8389892578125,581.6282958984375,121.395263671875,312.3076171875,-1,-1,-1,-1
477,5,840.6255493164062,578.244384765625,122.61956787109375,320.21331787109375,-1,-1,-1,-1
478,5,831.9417724609375,579.449462890625,131.842529296875,328.817626953125,-1,-1,-1,-1
479,5,824.7315673828125,587.3404541015625,141.6661376953125,325.75396728515625,-1,-1,-1,-1
480,5,827.1970825195312,596.2930297851562,144.3558349609375,322.958251953125,-1,-1,-1,-1
481,5,830.0858154296875,606.9547729492188,142.75958251953125,313.8804931640625,-1,-1,-1,-1
482,5,829.1566162109375,612.0091552734375,144.32861328125,309.59417724609375,-1,-1,-1,-1
483,5,833.6021118164062,609.8587036132812,142.28289794921875,311.63568115234375,-1,-1,-1,-1
484,5,844.678955078125,600.868896484375,136.4034423828125,320.27679443359375,-1,-1,-1,-1
485,5,848.6481323242188,595.037353515625,136.08856201171875,327.1121826171875,-1,-1,-1,-1
486,5,849.205810546875,592.2205200195312,142.150146484375,328.89666748046875,-1,-1,-1,-1
487,5,843.500732421875,594.3564453125,154.22064208984375,323.0528564453125,-1,-1,-1,-1
488,5,857.7142944335938,600.11376953125,144.95269775390625,317.7056884765625,-1,-1,-1,-1
489,5,853.1781616210938,607.570556640625,157.33538818359375,308.89886474609375,-1,-1,-1,-1
490,5,830.9440307617188,617.6824951171875,196.68487548828125,300.5062255859375,-1,-1,-1,-1
491,5,828.22900390625,628.384521484375,225.3372802734375,290.99249267578125,-1,-1,-1,-1
492,5,842.1922607421875,633.3052368164062,229.758544921875,287.21441650390625,-1,-1,-1,-1
493,5,871.1397705078125,626.0177001953125,213.87939453125,295.09747314453125,-1,-1,-1,-1
494,5,907.8151245117188,612.9921875,184.28900146484375,307.113525390625,-1,-1,-1,-1
495,5,933.9155883789062,596.5172119140625,172.35858154296875,325.73663330078125,-1,-1,-1,-1
496,5,950.5028686523438,586.0879516601562,169.14996337890625,337.99920654296875,-1,-1,-1,-1
497,5,977.9713134765625,578.395751953125,151.7056884765625,344.95556640625,-1,-1,-1,-1
498,5,1011.8525390625,576.3491821289062,142.2896728515625,344.0306396484375,-1,-1,-1,-1
499,5,1033.0189208984375,577.5549926757812,138.2672119140625,337.12298583984375,-1,-1,-1,-1
500,5,1045.4871826171875,581.4022827148438,137.248046875,330.23980712890625,-1,-1,-1,-1
501,5,1052.23583984375,582.5615234375,135.5875244140625,327.93212890625,-1,-1,-1,-1
502,5,1052.93701171875,581.0299682617188,134.25732421875,328.91485595703125,-1,-1,-1,-1
503,5,1045.00341796875,576.5742797851562,135.106689453125,332.2254638671875,-1,-1,-1,-1
504,5,1018.5257568359375,572.6361083984375,147.2845458984375,336.1240234375,-1,-1,-1,-1
505,5,966.1239624023438,574.454833984375,169.65570068359375,333.8883056640625,-1,-1,-1,-1
506,5,916.6642456054688,578.2719116210938,180.66033935546875,329.36895751953125,-1,-1,-1,-1
507,5,880.8985595703125,583.6650390625,186.0567626953125,320.8929443359375,-1,-1,-1,-1
508,5,866.3363037109375,589.4240112304688,180.82861328125,319.76519775390625,-1,-1,-1,-1
509,5,860.409423828125,594.5374145507812,178.832763671875,319.87139892578125,-1,-1,-1,-1
510,5,857.1494750976562,595.4317626953125,180.14532470703125,320.2664794921875,-1,-1,-1,-1
511,5,854.4029541015625,593.85498046875,181.2735595703125,323.336669921875,-1,-1,-1,-1
512,5,856.8651733398438,591.2593383789062,178.26165771484375,325.45361328125,-1,-1,-1,-1
513,5,855.133056640625,587.9991455078125,166.513427734375,329.407470703125,-1,-1,-1,-1
514,5,855.5076904296875,584.7246704101562,153.48553466796875,333.97039794921875,-1,-1,-1,-1
515,5,855.6472778320312,581.486572265625,143.60455322265625,340.4534912109375,-1,-1,-1,-1
516,5,856.6875610351562,577.5593872070312,128.163330078125,344.90325927734375,-1,-1,-1,-1
517,5,856.9314575195312,573.6942749023438,120.88653564453125,353.3311767578125,-1,-1,-1,-1
518,5,852.0370483398438,569.3687133789062,120.6768798828125,366.17645263671875,-1,-1,-1,-1
519,5,836.071533203125,569.2904052734375,134.892333984375,367.7750244140625,-1,-1,-1,-1
520,5,827.5264892578125,570.3999633789062,140.5997314453125,366.1976318359375,-1,-1,-1,-1
521,5,818.0288696289062,569.654296875,147.95513916015625,367.7933349609375,-1,-1,-1,-1
522,5,808.5560913085938,567.390625,151.931640625,369.81005859375,-1,-1,-1,-1
523,5,801.5872802734375,566.7030029296875,158.3319091796875,381.65020751953125,-1,-1,-1,-1
524,5,791.0744018554688,569.35693359375,173.63214111328125,387.249755859375,-1,-1,-1,-1
525,5,786.701904296875,578.7714233398438,190.13836669921875,383.86981201171875,-1,-1,-1,-1
526,5,789.0755615234375,592.4652709960938,204.22442626953125,386.638671875,-1,-1,-1,-1
527,5,793.2449951171875,602.8427124023438,212.2066650390625,376.7271728515625,-1,-1,-1,-1
528,5,790.478271484375,599.864013671875,221.50103759765625,378.15484619140625,-1,-1,-1,-1
529,5,794.8826293945312,586.1943359375,220.8643798828125,390.0716552734375,-1,-1,-1,-1
530,5,793.1749267578125,568.8984985351562,220.15924072265625,406.5784912109375,-1,-1,-1,-1
531,5,799.5462036132812,556.9093627929688,216.94512939453125,418.58746337890625,-1,-1,-1,-1
532,5,768.8871459960938,551.48291015625,257.50933837890625,417.56756591796875,-1,-1,-1,-1
533,5,763.5756225585938,550.8154296875,268.97955322265625,410.4957275390625,-1,-1,-1,-1
534,5,759.8419799804688,551.4815673828125,280.82855224609375,408.98724365234375,-1,-1,-1,-1
535,5,759.7473754882812,553.2140502929688,282.38006591796875,407.60693359375,-1,-1,-1,-1
536,5,775.0995483398438,555.8968505859375,266.05438232421875,405.753173828125,-1,-1,-1,-1
537,5,808.1151123046875,558.7078857421875,235.6640625,404.15997314453125,-1,-1,-1,-1
538,5,861.8040771484375,561.9424438476562,194.5826416015625,403.00018310546875,-1,-1,-1,-1
539,5,891.6888427734375,565.2537231445312,179.307861328125,400.3695068359375,-1,-1,-1,-1
540,5,905.2872314453125,570.10595703125,183.6806640625,395.54345703125,-1,-1,-1,-1
541,5,936.521728515625,580.0119018554688,180.83056640625,385.02447509765625,-1,-1,-1,-1
542,5,965.2321166992188,594.377197265625,183.96868896484375,372.2825927734375,-1,-1,-1,-1
543,5,999.4097290039062,606.9224243164062,190.99298095703125,365.3900146484375,-1,-1,-1,-1
544,5,1030.5504150390625,600.551513671875,203.3499755859375,379.09881591796875,-1,-1,-1,-1
545,5,1058.6671142578125,586.7130737304688,216.79931640625,402.39813232421875,-1,-1,-1,-1
546,5,1082.6846923828125,574.5872192382812,226.485107421875,422.3150634765625,-1,-1,-1,-1
547,5,1111.87890625,565.8336791992188,235.3602294921875,438.12042236328125,-1,-1,-1,-1
548,5,1173.621826171875,563.0523681640625,202.5037841796875,437.15216064453125,-1,-1,-1,-1
549,5,1212.14404296875,564.2256469726562,184.9000244140625,443.32720947265625,-1,-1,-1,-1
550,5,1242.4361572265625,572.2090454101562,164.25830078125,442.3150634765625,-1,-1,-1,-1
551,5,1260.8143310546875,575.76611328125,147.9720458984375,443.5673828125,-1,-1,-1,-1
552,5,1267.9173583984375,577.3875732421875,140.469482421875,444.783447265625,-1,-1,-1,-1
553,5,1285.01025390625,577.159423828125,123.511962890625,448.163818359375,-1,-1,-1,-1
554,5,1293.7017822265625,574.438720703125,114.3116455078125,451.15545654296875,-1,-1,-1,-1
555,5,1271.545654296875,571.3458862304688,137.196533203125,458.46710205078125,-1,-1,-1,-1
556,5,1252.894775390625,569.978515625,155.7066650390625,476.6639404296875,-1,-1,-1,-1
557,5,1230.5841064453125,571.82080078125,178.719970703125,479.0433349609375,-1,-1,-1,-1
558,5,1217.328125,576.5643920898438,191.81298828125,475.92633056640625,-1,-1,-1,-1
559,5,1211.0191650390625,583.8764038085938,198.1978759765625,468.68121337890625,-1,-1,-1,-1
560,5,1198.4932861328125,590.1004028320312,210.395263671875,468.93572998046875,-1,-1,-1,-1
561,5,1192.7833251953125,588.2702026367188,216.0391845703125,466.92657470703125,-1,-1,-1,-1
562,5,1181.14892578125,580.514892578125,226.8985595703125,471.2666015625,-1,-1,-1,-1
563,5,1171.518310546875,572.5748291015625,235.034912109375,476.41064453125,-1,-1,-1,-1
564,5,1161.0523681640625,569.650634765625,240.124755859375,477.65478515625,-1,-1,-1,-1
565,5,1153.279296875,569.859375,233.1409912109375,476.6455078125,-1,-1,-1,-1
566,5,1140.0533447265625,571.8515625,224.08251953125,469.2962646484375,-1,-1,-1,-1
567,5,1120.4410400390625,575.52490234375,220.505859375,460.0977783203125,-1,-1,-1,-1
568,5,1094.9578857421875,578.265380859375,222.5521240234375,448.2882080078125,-1,-1,-1,-1
569,5,1065.357177734375,579.9752807617188,223.3973388671875,438.488037109375,-1,-1,-1,-1
570,5,1025.296142578125,578.8367309570312,225.9451904296875,433.00640869140625,-1,-1,-1,-1
571,5,976.3973388671875,576.1573486328125,231.6473388671875,427.7584228515625,-1,-1,-1,-1
572,5,934.0390625,578.2340087890625,238.167236328125,421.0272216796875,-1,-1,-1,-1
573,5,894.9051513671875,580.4169921875,252.0333251953125,413.7109375,-1,-1,-1,-1
574,5,873.7902221679688,575.9323120117188,250.42425537109375,413.74774169921875,-1,-1,-1,-1
575,5,857.836669921875,565.4354858398438,244.4659423828125,418.44842529296875,-1,-1,-1,-1
576,5,835.2058715820312,559.0637817382812,248.81695556640625,417.38531494140625,-1,-1,-1,-1
577,5,807.8535766601562,560.6061401367188,259.69708251953125,398.02520751953125,-1,-1,-1,-1
578,5,794.3628540039062,567.6240234375,261.90240478515625,384.3505859375,-1,-1,-1,-1
579,5,791.4290161132812,576.066650390625,259.99847412109375,376.7764892578125,-1,-1,-1,-1
580,5,766.5061645507812,580.9212036132812,273.79327392578125,369.11260986328125,-1,-1,-1,-1
581,5,838.4163818359375,579.6302490234375,193.7027587890625,373.6531982421875,-1,-1,-1,-1
582,5,847.58056640625,582.0759887695312,169.026611328125,361.79144287109375,-1,-1,-1,-1
583,5,854.870361328125,588.4798583984375,146.37017822265625,348.166015625,-1,-1,-1,-1
584,5,852.9984130859375,593.790771484375,143.4375,342.4185791015625,-1,-1,-1,-1
585,5,845.2984008789062,595.6627197265625,140.76513671875,324.37127685546875,-1,-1,-1,-1
586,5,839.6902465820312,588.72607421875,140.5616455078125,316.3028564453125,-1,-1,-1,-1
587,5,838.7662353515625,578.8411254882812,148.4481201171875,313.99298095703125,-1,-1,-1,-1
588,5,833.8319702148438,569.9625854492188,149.3939208984375,310.56268310546875,-1,-1,-1,-1
589,5,831.8199462890625,564.0003662109375,148.3780517578125,300.231689453125,-1,-1,-1,-1
590,5,832.50390625,564.3873901367188,136.7781982421875,286.8616943359375,-1,-1,-1,-1
591,5,809.8153076171875,568.5711669921875,157.33709716796875,275.29022216796875,-1,-1,-1,-1
592,5,845.865966796875,578.4700927734375,122.861572265625,262.35595703125,-1,-1,-1,-1
593,5,849.1817016601562,592.43896484375,115.6915283203125,249.6412353515625,-1,-1,-1,-1
594,5,850.952392578125,608.5957641601562,113.62127685546875,236.36553955078125,-1,-1,-1,-1
595,5,849.75439453125,616.9537963867188,113.22161865234375,231.75482177734375,-1,-1,-1,-1
596,5,845.7490234375,614.629150390625,110.10906982421875,235.7337646484375,-1,-1,-1,-1
597,5,841.90380859375,610.0017700195312,106.82867431640625,240.72003173828125,-1,-1,-1,-1
598,5,841.8901977539062,603.3487548828125,103.27166748046875,245.22467041015625,-1,-1,-1,-1
599,5,837.9612426757812,596.195556640625,102.74578857421875,251.2579345703125,-1,-1,-1,-1
600,5,838.24560546875,597.0892944335938,96.4183349609375,252.1162109375,-1,-1,-1,-1
601,5,836.907958984375,600.3546142578125,94.69903564453125,250.71929931640625,-1,-1,-1,-1
263,6,0.34203577041625977,653.3635864257812,155.53990173339844,273.13885498046875,-1,-1,-1,-1
264,6,4.391940116882324,670.3309936523438,182.67312622070312,289.11187744140625,-1,-1,-1,-1
265,6,4.209071159362793,682.470458984375,186.15081787109375,290.2840576171875,-1,-1,-1,-1
266,6,4.479157447814941,692.1085815429688,187.6895751953125,299.18487548828125,-1,-1,-1,-1
267,6,4.744932174682617,697.171142578125,184.8946075439453,302.51318359375,-1,-1,-1,-1
268,6,4.048709392547607,695.737060546875,173.19784545898438,302.81298828125,-1,-1,-1,-1
269,6,3.779268264770508,682.2257690429688,152.5586700439453,316.18695068359375,-1,-1,-1,-1
270,6,5.448797225952148,700.846435546875,106.232177734375,268.2431640625,-1,-1,-1,-1
275,7,560.8106079101562,754.3536987304688,845.4784545898438,654.5053100585938,-1,-1,-1,-1
276,7,542.2978515625,815.551513671875,866.3101806640625,591.9212646484375,-1,-1,-1,-1
277,7,532.84814453125,834.0142822265625,878.8978271484375,574.3509521484375,-1,-1,-1,-1
278,7,511.447021484375,847.5523681640625,898.292236328125,560.6248779296875,-1,-1,-1,-1
279,7,495.72906494140625,821.0703125,913.6218872070312,588.0543212890625,-1,-1,-1,-1
280,7,488.4065246582031,813.9728393554688,921.2728271484375,595.1380004882812,-1,-1,-1,-1
281,7,483.43585205078125,851.9692993164062,920.7543334960938,557.2442016601562,-1,-1,-1,-1
282,7,468.0391845703125,855.7909545898438,939.876708984375,552.9024047851562,-1,-1,-1,-1
283,7,468.3393249511719,879.6162719726562,928.4666748046875,529.4445190429688,-1,-1,-1,-1
284,7,483.625244140625,831.8232421875,924.364990234375,576.38916015625,-1,-1,-1,-1
285,7,463.0564270019531,926.6527709960938,923.41943359375,481.95758056640625,-1,-1,-1,-1
286,7,495.219482421875,699.5733642578125,992.045654296875,704.4713134765625,-1,-1,-1,-1
292,8,1.1900444030761719,445.67889404296875,197.37144470214844,603.3402709960938,-1,-1,-1,-1
293,8,124.24168395996094,513.6376953125,280.11865234375,537.615478515625,-1,-1,-1,-1
294,8,327.7736511230469,557.8289794921875,247.62667846679688,491.453369140625,-1,-1,-1,-1
295,8,446.3945007324219,585.9154052734375,232.89865112304688,480.8270263671875,-1,-1,-1,-1
296,8,491.0758056640625,596.8028564453125,243.7947998046875,484.013671875,-1,-1,-1,-1
297,8,510.1656799316406,599.181640625,250.45431518554688,494.626220703125,-1,-1,-1,-1
298,8,515.343505859375,603.3309326171875,255.89495849609375,502.2896728515625,-1,-1,-1,-1
299,8,518.6436767578125,608.7034912109375,249.90985107421875,505.5977783203125,-1,-1,-1,-1
300,8,531.6309204101562,618.9356689453125,231.8787841796875,503.0223388671875,-1,-1,-1,-1
301,8,537.3956298828125,630.141357421875,200.54083251953125,500.2720947265625,-1,-1,-1,-1
302,8,528.941650390625,637.2333374023438,188.33917236328125,502.50823974609375,-1,-1,-1,-1
303,8,539.227783203125,637.655517578125,177.6866455078125,508.0205078125,-1,-1,-1,-1
304,8,538.0914306640625,633.0341186523438,187.2232666015625,517.8053588867188,-1,-1,-1,-1
305,8,528.7205200195312,626.5874633789062,210.25439453125,527.5138549804688,-1,-1,-1,-1
306,8,524.6458740234375,622.076171875,221.44378662109375,529.1614990234375,-1,-1,-1,-1
307,8,525.8164672851562,624.9880981445312,205.1680908203125,524.8139038085938,-1,-1,-1,-1
308,8,518.8446044921875,631.0682983398438,179.50982666015625,514.2843627929688,-1,-1,-1,-1
309,8,514.214111328125,638.5416870117188,175.8470458984375,500.05450439453125,-1,-1,-1,-1
310,8,512.77392578125,643.0988159179688,184.43133544921875,491.86676025390625,-1,-1,-1,-1
311,8,508.0495910644531,640.9288940429688,177.60171508789062,490.58209228515625,-1,-1,-1,-1
312,8,494.8246154785156,631.4690551757812,180.82876586914062,498.55694580078125,-1,-1,-1,-1
313,8,474.5666198730469,621.2244262695312,196.18942260742188,510.13409423828125,-1,-1,-1,-1
314,8,431.8173522949219,621.9803466796875,212.08572387695312,520.6219482421875,-1,-1,-1,-1
315,8,375.98919677734375,628.18505859375,203.81475830078125,539.0560302734375,-1,-1,-1,-1
316,8,318.7225646972656,639.377685546875,196.14492797851562,551.804931640625,-1,-1,-1,-1
317,8,297.0093994140625,657.8507080078125,190.463134765625,548.5198974609375,-1,-1,-1,-1
318,8,277.32025146484375,675.054443359375,188.18145751953125,539.35498046875,-1,-1,-1,-1
319,8,258.7856750488281,682.57568359375,195.54269409179688,536.3231201171875,-1,-1,-1,-1
320,8,246.43841552734375,671.2821044921875,207.34173583984375,548.386474609375,-1,-1,-1,-1
321,8,235.26116943359375,655.3698120117188,216.76431274414062,560.8523559570312,-1,-1,-1,-1
322,8,232.69107055664062,643.5889282226562,202.24765014648438,573.5856323242188,-1,-1,-1,-1
323,8,233.97337341308594,639.7349243164062,186.9150848388672,580.5606079101562,-1,-1,-1,-1
324,8,234.869384765625,645.4963989257812,200.25888061523438,581.7427368164062,-1,-1,-1,-1
325,8,238.06719970703125,659.9452514648438,210.3447265625,572.0075073242188,-1,-1,-1,-1
326,8,241.29287719726562,675.2169799804688,214.1893310546875,554.4928588867188,-1,-1,-1,-1
327,8,244.54129028320312,686.7720336914062,226.22323608398438,537.0612182617188,-1,-1,-1,-1
328,8,265.5274658203125,686.338623046875,224.61248779296875,528.3250732421875,-1,-1,-1,-1
329,8,281.1061096191406,675.9486694335938,233.44467163085938,527.4547729492188,-1,-1,-1,-1
330,8,284.6743469238281,659.5759887695312,248.14700317382812,530.3322143554688,-1,-1,-1,-1
331,8,290.8843688964844,647.0960693359375,253.31863403320312,531.92724609375,-1,-1,-1,-1
332,8,301.3748474121094,638.0759887695312,228.93099975585938,529.5252075195312,-1,-1,-1,-1
333,8,314.7195739746094,633.1536254882812,187.41616821289062,515.4235229492188,-1,-1,-1,-1
334,8,320.5605163574219,634.2029418945312,226.83474731445312,496.21673583984375,-1,-1,-1,-1
335,8,327.666259765625,625.6105346679688,268.51361083984375,486.10272216796875,-1,-1,-1,-1
336,8,341.2668762207031,611.2625122070312,287.4651184082031,484.00921630859375,-1,-1,-1,-1
337,8,335.1669616699219,605.881103515625,300.3268737792969,478.2939453125,-1,-1,-1,-1
338,8,336.84539794921875,606.6163940429688,299.64990234375,469.24237060546875,-1,-1,-1,-1
339,8,342.47027587890625,612.5357055664062,296.963623046875,453.25836181640625,-1,-1,-1,-1
340,8,356.04522705078125,621.4337768554688,284.5377197265625,435.35650634765625,-1,-1,-1,-1
341,8,379.41619873046875,624.2881469726562,280.2496337890625,422.28765869140625,-1,-1,-1,-1
342,8,403.64361572265625,612.9779663085938,261.7889404296875,423.84625244140625,-1,-1,-1,-1
343,8,423.5818786621094,594.111328125,239.69198608398438,434.9771728515625,-1,-1,-1,-1
344,8,445.3930969238281,578.71728515625,216.12637329101562,447.1240234375,-1,-1,-1,-1
345,8,451.13323974609375,569.3816528320312,183.56085205078125,457.58026123046875,-1,-1,-1,-1
346,8,459.28173828125,568.9573364257812,165.80194091796875,458.61981201171875,-1,-1,-1,-1
347,8,462.9598388671875,575.060546875,160.423828125,454.6080322265625,-1,-1,-1,-1
348,8,460.7582702636719,586.1670532226562,166.24026489257812,445.31866455078125,-1,-1,-1,-1
349,8,454.66717529296875,596.2154541015625,180.1751708984375,436.2484130859375,-1,-1,-1,-1
350,8,451.2000427246094,600.407958984375,189.66262817382812,433.27783203125,-1,-1,-1,-1
351,8,449.7008056640625,600.517822265625,189.04522705078125,447.065673828125,-1,-1,-1,-1
352,8,452.09521484375,597.5602416992188,178.2601318359375,480.73773193359375,-1,-1,-1,-1
353,8,464.6259765625,604.8362426757812,186.0203857421875,501.27008056640625,-1,-1,-1,-1
354,8,462.8319396972656,617.988037109375,176.73117065429688,512.197998046875,-1,-1,-1,-1
355,8,451.3880310058594,634.37646484375,180.27578735351562,503.01953125,-1,-1,-1,-1
356,8,433.1642150878906,647.446533203125,197.08041381835938,493.9451904296875,-1,-1,-1,-1
357,8,410.2652587890625,649.6246337890625,242.40289306640625,497.3760986328125,-1,-1,-1,-1
358,8,386.1999816894531,645.189697265625,230.76168823242188,507.1689453125,-1,-1,-1,-1
359,8,376.3245544433594,636.6282958984375,220.46987915039062,517.72509765625,-1,-1,-1,-1
360,8,367.7660217285156,623.5890502929688,212.19393920898438,498.53973388671875,-1,-1,-1,-1
361,8,358.913818359375,611.4890747070312,195.38458251953125,481.67108154296875,-1,-1,-1,-1
362,8,348.3939514160156,602.4052734375,183.32723999023438,458.0430908203125,-1,-1,-1,-1
363,8,333.72479248046875,594.8923950195312,186.92572021484375,442.44061279296875,-1,-1,-1,-1
364,8,315.5434265136719,593.5652465820312,191.44915771484375,427.8663330078125,-1,-1,-1,-1
365,8,306.1724548339844,598.6592407226562,193.66567993164062,424.0157470703125,-1,-1,-1,-1
366,8,298.6475524902344,609.1561889648438,191.72366333007812,417.31622314453125,-1,-1,-1,-1
367,8,292.017822265625,614.611572265625,190.7967529296875,414.5831298828125,-1,-1,-1,-1
368,8,291.6433410644531,611.5478515625,191.95306396484375,416.8009033203125,-1,-1,-1,-1
369,8,301.0794677734375,599.34765625,190.22238159179688,427.493896484375,-1,-1,-1,-1
370,8,327.5091552734375,584.67578125,177.61868286132812,424.60858154296875,-1,-1,-1,-1
371,8,360.39422607421875,583.76416015625,152.0228271484375,404.67279052734375,-1,-1,-1,-1
372,8,385.162353515625,583.474853515625,142.1177978515625,389.5928955078125,-1,-1,-1,-1
373,8,411.68878173828125,585.72412109375,139.6890869140625,374.07635498046875,-1,-1,-1,-1
374,8,443.9789733886719,593.457763671875,154.71896362304688,357.09259033203125,-1,-1,-1,-1
375,8,480.67919921875,607.8129272460938,169.28240966796875,337.63763427734375,-1,-1,-1,-1
376,8,496.21685791015625,622.5083618164062,168.917236328125,322.08282470703125,-1,-1,-1,-1
377,8,498.2695007324219,634.7180786132812,167.14547729492188,312.88128662109375,-1,-1,-1,-1
378,8,500.64013671875,638.77099609375,175.776611328125,307.74407958984375,-1,-1,-1,-1
379,8,500.4720153808594,638.0940551757812,182.03097534179688,309.92498779296875,-1,-1,-1,-1
380,8,498.0775146484375,634.780517578125,187.73931884765625,326.10491943359375,-1,-1,-1,-1
381,8,499.73846435546875,631.1142578125,189.968505859375,346.15350341796875,-1,-1,-1,-1
382,8,505.9342956542969,629.029296875,226.98300170898438,371.93218994140625,-1,-1,-1,-1
383,8,508.2020263671875,633.2018432617188,226.572998046875,369.60186767578125,-1,-1,-1,-1
384,8,513.33837890625,636.52978515625,233.3084716796875,365.3553466796875,-1,-1,-1,-1
385,8,517.5093994140625,639.117431640625,210.39544677734375,360.73516845703125,-1,-1,-1,-1
386,8,515.7567138671875,636.6555786132812,218.89495849609375,362.6119384765625,-1,-1,-1,-1
387,8,513.03515625,631.1390380859375,215.8663330078125,366.88616943359375,-1,-1,-1,-1
388,8,511.868408203125,623.3076171875,205.93585205078125,373.3802490234375,-1,-1,-1,-1
389,8,503.63970947265625,619.5540161132812,220.79473876953125,378.6375732421875,-1,-1,-1,-1
390,8,489.54461669921875,621.6018676757812,295.4710693359375,379.57952880859375,-1,-1,-1,-1
391,8,479.9293212890625,626.2620849609375,312.16839599609375,376.2823486328125,-1,-1,-1,-1
392,8,482.9085998535156,629.4537963867188,307.2748718261719,374.41961669921875,-1,-1,-1,-1
393,8,484.68011474609375,631.8512573242188,299.31451416015625,369.782470703125,-1,-1,-1,-1
394,8,503.63214111328125,638.149658203125,241.92144775390625,361.81719970703125,-1,-1,-1,-1
395,8,500.30712890625,641.5347900390625,207.04144287109375,357.8123779296875,-1,-1,-1,-1
396,8,487.8950500488281,643.9937744140625,184.38357543945312,360.377197265625,-1,-1,-1,-1
397,8,476.82904052734375,644.626220703125,190.9447021484375,365.044189453125,-1,-1,-1,-1
398,8,464.2428283691406,642.133544921875,135.28372192382812,372.0302734375,-1,-1,-1,-1
399,8,450.79876708984375,630.6985473632812,123.51641845703125,389.34686279296875,-1,-1,-1,-1
400,8,441.2398986816406,619.629638671875,119.23788452148438,406.3890380859375,-1,-1,-1,-1
401,8,428.43255615234375,605.7686767578125,121.1556396484375,424.4005126953125,-1,-1,-1,-1
402,8,408.7366027832031,596.8552856445312,132.60910034179688,436.16387939453125,-1,-1,-1,-1
403,8,389.60107421875,597.0174560546875,137.41302490234375,442.2923583984375,-1,-1,-1,-1
404,8,368.4002990722656,601.6796875,142.289306640625,435.5821533203125,-1,-1,-1,-1
405,8,328.6655578613281,611.6614990234375,161.45745849609375,425.033935546875,-1,-1,-1,-1
406,8,298.8021545410156,623.9749755859375,182.93344116210938,417.0767822265625,-1,-1,-1,-1
407,8,280.2288513183594,634.4234619140625,193.25930786132812,410.1390380859375,-1,-1,-1,-1
408,8,268.0306091308594,634.1419067382812,216.07577514648438,412.39044189453125,-1,-1,-1,-1
409,8,261.01409912109375,619.9991455078125,216.28115844726562,430.4478759765625,-1,-1,-1,-1
410,8,259.1004943847656,601.2718505859375,200.872314453125,448.72216796875,-1,-1,-1,-1
411,8,269.7956848144531,584.3862915039062,182.09564208984375,442.28826904296875,-1,-1,-1,-1
412,8,266.42535400390625,574.085693359375,185.82049560546875,429.1580810546875,-1,-1,-1,-1
413,8,259.2507019042969,570.8526611328125,188.9783935546875,412.735107421875,-1,-1,-1,-1
414,8,252.35745239257812,577.2068481445312,195.65411376953125,395.3985595703125,-1,-1,-1,-1
415,8,267.32891845703125,591.21728515625,194.47293090820312,383.79376220703125,-1,-1,-1,-1
416,8,278.34393310546875,607.357177734375,199.931884765625,373.5023193359375,-1,-1,-1,-1
417,8,277.2508239746094,619.63134765625,200.75091552734375,368.86669921875,-1,-1,-1,-1
418,8,269.1312255859375,621.9341430664062,200.2054443359375,372.33209228515625,-1,-1,-1,-1
419,8,263.1859130859375,615.5288696289062,197.29257202148438,383.5369873046875,-1,-1,-1,-1
420,8,271.01763916015625,605.56689453125,188.35928344726562,395.89605712890625,-1,-1,-1,-1
421,8,286.3131408691406,598.3983154296875,169.11492919921875,402.954345703125,-1,-1,-1,-1
422,8,298.19830322265625,594.0968627929688,162.57174682617188,405.654296875,-1,-1,-1,-1
423,8,302.6149597167969,594.067626953125,204.57382202148438,407.4190673828125,-1,-1,-1,-1
424,8,309.0158386230469,600.788330078125,199.93081665039062,406.0726318359375,-1,-1,-1,-1
425,8,321.7774963378906,612.115966796875,216.90890502929688,396.4439697265625,-1,-1,-1,-1
426,8,332.64263916015625,621.2413940429688,221.7376708984375,383.118896484375,-1,-1,-1,-1
427,8,358.21697998046875,622.315185546875,217.98590087890625,376.3480224609375,-1,-1,-1,-1
428,8,395.9082336425781,615.9158935546875,203.64389038085938,377.55914306640625,-1,-1,-1,-1
429,8,433.55902099609375,607.7550048828125,182.61309814453125,378.847900390625,-1,-1,-1,-1
430,8,480.2752685546875,597.816650390625,143.7799072265625,383.2523193359375,-1,-1,-1,-1
431,8,499.3911437988281,592.9002685546875,137.17434692382812,386.133544921875,-1,-1,-1,-1
432,8,506.13677978515625,592.1324462890625,143.52783203125,384.4278564453125,-1,-1,-1,-1
433,8,514.234375,595.5362548828125,164.81146240234375,383.74951171875,-1,-1,-1,-1
434,8,513.078857421875,605.164794921875,199.99285888671875,370.86004638671875,-1,-1,-1,-1
435,8,519.5980224609375,613.94970703125,215.688720703125,363.8428955078125,-1,-1,-1,-1
436,8,532.2835693359375,623.6263427734375,199.5560302734375,356.96405029296875,-1,-1,-1,-1
437,8,530.190673828125,625.7063598632812,194.3382568359375,356.87908935546875,-1,-1,-1,-1
438,8,526.71240234375,619.2900390625,190.28271484375,364.60406494140625,-1,-1,-1,-1
439,8,526.7679443359375,610.6974487304688,179.48406982421875,364.88824462890625,-1,-1,-1,-1
440,8,526.0433349609375,609.3126831054688,186.11395263671875,370.34027099609375,-1,-1,-1,-1
441,8,520.817138671875,612.4163818359375,198.58544921875,382.9969482421875,-1,-1,-1,-1
442,8,521.7506713867188,618.1618041992188,220.1199951171875,396.13275146484375,-1,-1,-1,-1
443,8,521.1473388671875,629.3735961914062,230.84130859375,411.02459716796875,-1,-1,-1,-1
444,8,502.90472412109375,639.1920166015625,232.563720703125,408.136474609375,-1,-1,-1,-1
445,8,493.5155334472656,642.8128662109375,208.13607788085938,406.9493408203125,-1,-1,-1,-1
446,8,484.47674560546875,642.289794921875,202.64276123046875,410.770263671875,-1,-1,-1,-1
447,8,470.6686096191406,633.75830078125,203.79110717773438,423.001708984375,-1,-1,-1,-1
448,8,455.11090087890625,621.3484497070312,203.440673828125,436.27337646484375,-1,-1,-1,-1
449,8,444.4009094238281,611.7144165039062,193.52041625976562,445.12908935546875,-1,-1,-1,-1
450,8,436.6222229003906,608.5928344726562,180.56265258789062,444.52313232421875,-1,-1,-1,-1
451,8,434.5586853027344,611.47265625,169.80996704101562,443.3453369140625,-1,-1,-1,-1
452,8,423.574462890625,616.36669921875,173.68115234375,440.701904296875,-1,-1,-1,-1
453,8,418.63446044921875,615.82666015625,177.0438232421875,442.6241455078125,-1,-1,-1,-1
454,8,420.3014831542969,608.2211303710938,179.32138061523438,452.12286376953125,-1,-1,-1,-1
455,8,430.1259765625,597.7498168945312,178.38201904296875,460.86016845703125,-1,-1,-1,-1
456,8,435.130859375,587.2307739257812,165.50982666015625,458.08367919921875,-1,-1,-1,-1
457,8,445.65704345703125,582.07177734375,153.00469970703125,445.7342529296875,-1,-1,-1,-1
458,8,456.0267639160156,581.633056640625,144.21969604492188,435.3878173828125,-1,-1,-1,-1
459,8,457.1898193359375,586.3829956054688,156.16436767578125,424.068115234375,-1,-1,-1,-1
460,8,456.4340515136719,599.5805053710938,168.08432006835938,410.38763427734375,-1,-1,-1,-1
461,8,452.0442810058594,613.1156005859375,163.18453979492188,398.4639892578125,-1,-1,-1,-1
462,8,447.550537109375,619.7130737304688,168.52410888671875,392.5482177734375,-1,-1,-1,-1
463,8,436.9333801269531,614.654296875,177.54190063476562,401.9805908203125,-1,-1,-1,-1
464,8,427.87420654296875,608.6029052734375,185.11102294921875,430.7669677734375,-1,-1,-1,-1
465,8,423.1477355957031,607.46044921875,180.75741577148438,457.1649169921875,-1,-1,-1,-1
466,8,415.72271728515625,611.720947265625,181.072021484375,468.156494140625,-1,-1,-1,-1
467,8,406.45538330078125,620.0254516601562,168.715087890625,463.36358642578125,-1,-1,-1,-1
468,8,406.9393005371094,627.8959350585938,158.02157592773438,456.76983642578125,-1,-1,-1,-1
469,8,408.3709411621094,628.728515625,156.38333129882812,458.0360107421875,-1,-1,-1,-1
470,8,407.34979248046875,620.8914184570312,158.20672607421875,466.28387451171875,-1,-1,-1,-1
471,8,410.5070495605469,607.1250610351562,159.76577758789062,478.11212158203125,-1,-1,-1,-1
472,8,415.8498840332031,595.2525024414062,154.56900024414062,490.74945068359375,-1,-1,-1,-1
473,8,422.65386962890625,586.772216796875,149.79693603515625,495.117431640625,-1,-1,-1,-1
474,8,423.3055725097656,586.5159912109375,156.89163208007812,479.08447265625,-1,-1,-1,-1
475,8,427.7392578125,592.7596435546875,158.98480224609375,457.7120361328125,-1,-1,-1,-1
476,8,433.3273010253906,602.234375,158.67294311523438,448.0263671875,-1,-1,-1,-1
477,8,433.7712097167969,608.3086547851562,183.96932983398438,440.66497802734375,-1,-1,-1,-1
478,8,435.1629638671875,609.3660278320312,155.07427978515625,439.92059326171875,-1,-1,-1,-1
479,8,451.1187744140625,601.100830078125,182.596923828125,449.41748046875,-1,-1,-1,-1
480,8,461.65643310546875,592.7675170898438,170.53790283203125,443.00958251953125,-1,-1,-1,-1
481,8,473.2042236328125,586.3857421875,133.5430908203125,428.352783203125,-1,-1,-1,-1
482,8,479.2364807128906,583.2694702148438,129.95486450195312,413.64862060546875,-1,-1,-1,-1
483,8,489.6961669921875,584.275634765625,142.65802001953125,400.477783203125,-1,-1,-1,-1
484,8,496.57696533203125,592.1671752929688,163.33349609375,384.2181396484375,-1,-1,-1,-1
485,8,500.67755126953125,606.3156127929688,171.01666259765625,366.055908203125,-1,-1,-1,-1
486,8,502.6923828125,621.0509033203125,165.8455810546875,351.1278076171875,-1,-1,-1,-1
487,8,506.48333740234375,628.2061767578125,165.28204345703125,343.0750732421875,-1,-1,-1,-1
488,8,511.74346923828125,623.7942504882812,165.78985595703125,346.19146728515625,-1,-1,-1,-1
489,8,513.3403930664062,612.5411376953125,176.551025390625,354.62847900390625,-1,-1,-1,-1
490,8,516.8134765625,602.860595703125,184.9954833984375,360.65045166015625,-1,-1,-1,-1
491,8,521.1698608398438,599.3442993164062,185.22686767578125,366.31427001953125,-1,-1,-1,-1
492,8,529.238037109375,600.7769775390625,176.14276123046875,365.6400146484375,-1,-1,-1,-1
493,8,532.0790405273438,604.109130859375,170.04669189453125,360.54620361328125,-1,-1,-1,-1
494,8,527.6953125,603.2484741210938,172.9674072265625,360.13519287109375,-1,-1,-1,-1
495,8,524.6171264648438,599.3963012695312,170.28167724609375,363.14154052734375,-1,-1,-1,-1
496,8,524.8516235351562,592.2433471679688,174.2421875,369.1624755859375,-1,-1,-1,-1
497,8,528.8865356445312,587.5515747070312,180.31427001953125,373.87152099609375,-1,-1,-1,-1
498,8,533.9481811523438,589.2237548828125,179.07415771484375,389.39617919921875,-1,-1,-1,-1
499,8,537.76513671875,593.9153442382812,178.52972412109375,404.37518310546875,-1,-1,-1,-1
500,8,531.7738647460938,604.1005859375,183.85345458984375,411.8956298828125,-1,-1,-1,-1
501,8,488.0004577636719,612.4969482421875,192.15261840820312,421.9163818359375,-1,-1,-1,-1
502,8,487.65087890625,612.4596557617188,198.87774658203125,429.31719970703125,-1,-1,-1,-1
503,8,483.3518371582031,603.4985961914062,183.55197143554688,437.06500244140625,-1,-1,-1,-1
504,8,458.2105712890625,590.9353637695312,188.03741455078125,450.01019287109375,-1,-1,-1,-1
505,8,412.7309265136719,582.5418090820312,198.19448852539062,468.03729248046875,-1,-1,-1,-1
506,8,359.58013916015625,578.54296875,199.35870361328125,493.4075927734375,-1,-1,-1,-1
507,8,313.81341552734375,578.4685668945312,206.838134765625,526.4805297851562,-1,-1,-1,-1
508,8,260.07525634765625,587.2684936523438,228.51296997070312,546.6780395507812,-1,-1,-1,-1
509,8,214.7279052734375,604.197265625,254.55877685546875,551.0242919921875,-1,-1,-1,-1
510,8,197.27508544921875,624.704345703125,257.0218200683594,536.02685546875,-1,-1,-1,-1
511,8,196.20849609375,641.7344970703125,255.31948852539062,520.5557861328125,-1,-1,-1,-1
512,8,196.5894775390625,643.0073852539062,250.45608520507812,518.4474487304688,-1,-1,-1,-1
513,8,198.08551025390625,630.5499267578125,252.37362670898438,528.539794921875,-1,-1,-1,-1
514,8,202.40570068359375,610.1829833984375,251.65243530273438,545.078857421875,-1,-1,-1,-1
515,8,222.77967834472656,596.0228271484375,235.8458709716797,556.3173828125,-1,-1,-1,-1
516,8,247.9281005859375,587.7073974609375,216.92352294921875,551.7821044921875,-1,-1,-1,-1
517,8,278.582275390625,585.4911499023438,187.70785522460938,529.9995727539062,-1,-1,-1,-1
518,8,305.04718017578125,589.6947631835938,168.67547607421875,507.14056396484375,-1,-1,-1,-1
519,8,318.3149719238281,598.2557373046875,168.28146362304688,490.15576171875,-1,-1,-1,-1
520,8,331.5963134765625,603.4853515625,172.42214965820312,484.3292236328125,-1,-1,-1,-1
521,8,344.51849365234375,598.0794067382812,182.1199951171875,487.26654052734375,-1,-1,-1,-1
522,8,363.231689453125,586.7034301757812,177.78289794921875,490.32879638671875,-1,-1,-1,-1
523,8,376.272705078125,582.4970703125,177.72442626953125,475.2039794921875,-1,-1,-1,-1
524,8,376.7714538574219,584.4715576171875,194.52804565429688,457.245849609375,-1,-1,-1,-1
525,8,377.7205810546875,593.26513671875,221.225830078125,433.7811279296875,-1,-1,-1,-1
526,8,384.37811279296875,598.5526733398438,256.62591552734375,424.34368896484375,-1,-1,-1,-1
527,8,391.1910705566406,603.4093017578125,299.1061706542969,417.0968017578125,-1,-1,-1,-1
528,8,393.5693054199219,609.530517578125,325.1806945800781,414.36639404296875,-1,-1,-1,-1
529,8,366.508056640625,626.2286376953125,414.05206298828125,398.89886474609375,-1,-1,-1,-1
530,8,355.9018249511719,645.447509765625,451.1648864746094,375.88421630859375,-1,-1,-1,-1
531,8,383.86474609375,654.9998779296875,415.39666748046875,366.91668701171875,-1,-1,-1,-1
532,8,386.5679626464844,655.74755859375,391.4664611816406,367.78662109375,-1,-1,-1,-1
533,8,381.25018310546875,648.4912109375,353.669189453125,378.349853515625,-1,-1,-1,-1
534,8,354.6454772949219,630.3805541992188,371.7409973144531,398.60943603515625,-1,-1,-1,-1
535,8,336.79559326171875,608.1495361328125,389.00225830078125,424.044921875,-1,-1,-1,-1
536,8,337.1298522949219,588.5941772460938,381.1918029785156,440.29058837890625,-1,-1,-1,-1
537,8,352.142333984375,579.6739501953125,326.16583251953125,446.487548828125,-1,-1,-1,-1
538,8,356.3782043457031,577.650390625,283.3325500488281,446.31365966796875,-1,-1,-1,-1
539,8,362.025634765625,579.1776123046875,286.88519287109375,450.8465576171875,-1,-1,-1,-1
540,8,371.923583984375,580.2650146484375,300.42840576171875,448.192626953125,-1,-1,-1,-1
541,8,383.45196533203125,576.0514526367188,308.69012451171875,451.82611083984375,-1,-1,-1,-1
542,8,407.4228515625,564.045654296875,305.07904052734375,458.8289794921875,-1,-1,-1,-1
543,8,429.491943359375,549.2653198242188,295.34844970703125,472.41851806640625,-1,-1,-1,-1
544,8,433.65545654296875,537.6881713867188,310.71209716796875,487.95208740234375,-1,-1,-1,-1
545,8,434.69659423828125,532.2481689453125,318.26507568359375,496.2877197265625,-1,-1,-1,-1
546,8,439.32037353515625,531.0909423828125,314.16546630859375,498.6859130859375,-1,-1,-1,-1
547,8,428.3349609375,534.2667236328125,318.05035400390625,496.5234375,-1,-1,-1,-1
548,8,417.61541748046875,539.486572265625,325.20947265625,485.43218994140625,-1,-1,-1,-1
549,8,386.2627258300781,556.0064697265625,297.4051208496094,465.68701171875,-1,-1,-1,-1
550,8,371.8860168457031,579.2366333007812,269.8412170410156,444.19183349609375,-1,-1,-1,-1
551,8,382.82537841796875,600.1262817382812,258.97869873046875,423.502685546875,-1,-1,-1,-1
552,8,397.8108215332031,611.3370361328125,261.5501403808594,413.519287109375,-1,-1,-1,-1
553,8,411.0757141113281,602.2234497070312,271.0337219238281,422.17730712890625,-1,-1,-1,-1
554,8,425.5125732421875,582.651611328125,264.11383056640625,441.2247314453125,-1,-1,-1,-1
555,8,438.7074279785156,567.23388671875,239.06149291992188,461.7923583984375,-1,-1,-1,-1
556,8,453.7334899902344,560.4800415039062,233.43887329101562,477.06292724609375,-1,-1,-1,-1
557,8,470.28704833984375,560.5466918945312,225.27130126953125,488.74432373046875,-1,-1,-1,-1
558,8,486.70892333984375,565.546630859375,211.28521728515625,494.863525390625,-1,-1,-1,-1
559,8,493.5987854003906,579.246826171875,203.75418090820312,489.244384765625,-1,-1,-1,-1
560,8,491.4916687011719,594.0982666015625,220.61813354492188,475.79638671875,-1,-1,-1,-1
561,8,485.71929931640625,602.7215576171875,234.44488525390625,464.2894287109375,-1,-1,-1,-1
562,8,476.93682861328125,598.9744262695312,245.22882080078125,462.23736572265625,-1,-1,-1,-1
563,8,475.73150634765625,587.0555419921875,247.3460693359375,469.2041015625,-1,-1,-1,-1
564,8,480.724365234375,577.54443359375,239.97100830078125,480.3399658203125,-1,-1,-1,-1
565,8,498.440185546875,576.2070922851562,223.34326171875,485.98236083984375,-1,-1,-1,-1
566,8,522.125732421875,580.0830078125,215.590087890625,487.5982666015625,-1,-1,-1,-1
567,8,509.330078125,590.5142822265625,256.90716552734375,479.9185791015625,-1,-1,-1,-1
568,8,490.6557922363281,604.75048828125,310.4280700683594,462.722412109375,-1,-1,-1,-1
569,8,466.4538269042969,617.9336547851562,347.3791809082031,452.32012939453125,-1,-1,-1,-1
570,8,443.0694580078125,624.6649169921875,360.4652099609375,448.5728759765625,-1,-1,-1,-1
571,8,431.5540771484375,622.5186157226562,343.08575439453125,448.15496826171875,-1,-1,-1,-1
572,8,455.0805358886719,619.141845703125,314.5154113769531,447.456298828125,-1,-1,-1,-1
573,8,496.6202392578125,621.8482666015625,306.251708984375,437.51513671875,-1,-1,-1,-1
574,8,546.9114379882812,633.7023315429688,258.928955078125,419.59893798828125,-1,-1,-1,-1
575,8,545.30322265625,641.065185546875,268.34783935546875,421.5133056640625,-1,-1,-1,-1
576,8,532.070556640625,639.5968017578125,303.6221923828125,424.745849609375,-1,-1,-1,-1
577,8,542.0999755859375,632.1605834960938,289.6435546875,431.29180908203125,-1,-1,-1,-1
578,8,562.555419921875,625.4485473632812,268.278564453125,435.72430419921875,-1,-1,-1,-1
579,8,561.1983642578125,628.6671142578125,282.1104736328125,427.930908203125,-1,-1,-1,-1
580,8,565.7630615234375,636.0602416992188,257.7296142578125,405.15142822265625,-1,-1,-1,-1
581,8,576.72509765625,636.7211303710938,275.1182861328125,406.98675537109375,-1,-1,-1,-1
582,8,574.69287109375,635.89111328125,252.62554931640625,412.939208984375,-1,-1,-1,-1
583,8,562.731689453125,631.2459716796875,285.19232177734375,422.714111328125,-1,-1,-1,-1
584,8,542.088623046875,626.1741943359375,319.59814453125,425.6275634765625,-1,-1,-1,-1
585,8,510.7204895019531,624.5247192382812,358.1371154785156,412.02264404296875,-1,-1,-1,-1
586,8,530.51123046875,628.2518310546875,342.533447265625,391.135986328125,-1,-1,-1,-1
587,8,553.9013671875,634.8831176757812,316.08599853515625,378.95343017578125,-1,-1,-1,-1
588,8,566.2903442382812,645.5120849609375,297.949951171875,366.78662109375,-1,-1,-1,-1
589,8,580.0739135742188,658.2522583007812,300.114501953125,351.5054931640625,-1,-1,-1,-1
590,8,593.7510375976562,668.8113403320312,280.7188720703125,339.0128173828125,-1,-1,-1,-1
591,8,606.0307006835938,681.1756591796875,243.9976806640625,320.42901611328125,-1,-1,-1,-1
592,8,609.4349365234375,689.8665771484375,238.52484130859375,308.28265380859375,-1,-1,-1,-1
593,8,610.294921875,694.315185546875,225.31500244140625,302.94512939453125,-1,-1,-1,-1
594,8,610.4891357421875,696.3869018554688,223.81494140625,304.37908935546875,-1,-1,-1,-1
595,8,617.30859375,692.8272705078125,214.37139892578125,306.712890625,-1,-1,-1,-1
596,8,620.3944702148438,684.5576171875,199.39996337890625,313.29034423828125,-1,-1,-1,-1
597,8,626.200439453125,675.240478515625,184.72076416015625,317.66943359375,-1,-1,-1,-1
598,8,636.7429809570312,664.3067626953125,173.1328125,321.3502197265625,-1,-1,-1,-1
599,8,639.806640625,650.8084106445312,170.0765380859375,332.8963623046875,-1,-1,-1,-1
600,8,644.3848876953125,650.390380859375,179.79241943359375,336.409423828125,-1,-1,-1,-1
601,8,652.485107421875,652.5095825195312,176.9354248046875,346.02093505859375,-1,-1,-1,-1
292,9,437.7998046875,448.83209228515625,100.26025390625,240.228515625,-1,-1,-1,-1
293,9,624.3828735351562,494.1072692871094,92.90386962890625,226.91726684570312,-1,-1,-1,-1
294,9,778.6939086914062,503.05517578125,100.8978271484375,232.24945068359375,-1,-1,-1,-1
295,9,894.0521850585938,512.6390686035156,106.10894775390625,227.91567993164062,-1,-1,-1,-1
296,9,945.6202392578125,525.6213989257812,118.121337890625,227.82061767578125,-1,-1,-1,-1
297,9,968.9217529296875,538.6057739257812,134.2081298828125,230.105712890625,-1,-1,-1,-1
298,9,979.1928100585938,545.7954711914062,135.22064208984375,255.66412353515625,-1,-1,-1,-1
296,10,2.39939022064209,724.1063232421875,121.52722930908203,315.6351318359375,-1,-1,-1,-1
297,10,5.202261924743652,725.0224609375,150.61801147460938,312.5234375,-1,-1,-1,-1
298,10,17.596920013427734,730.169921875,159.31961059570312,308.1046142578125,-1,-1,-1,-1
299,10,35.09091567993164,729.0369873046875,156.41659545898438,304.272216796875,-1,-1,-1,-1
300,10,66.53694152832031,729.9117431640625,153.46719360351562,298.2481689453125,-1,-1,-1,-1
301,10,95.0076904296875,730.14404296875,151.58538818359375,291.380126953125,-1,-1,-1,-1
302,10,116.12427520751953,723.6674194335938,146.4434814453125,291.3099365234375,-1,-1,-1,-1
303,10,134.2465362548828,717.3241577148438,146.0985870361328,291.01776123046875,-1,-1,-1,-1
304,10,148.89340209960938,714.1347045898438,146.405029296875,290.5341796875,-1,-1,-1,-1
305,10,165.50953674316406,711.416015625,144.87059020996094,283.7164306640625,-1,-1,-1,-1
306,10,185.04869079589844,707.2578735351562,142.16673278808594,282.88323974609375,-1,-1,-1,-1
307,10,203.47044372558594,703.3947143554688,140.2015838623047,277.8216552734375,-1,-1,-1,-1
308,10,215.3828582763672,698.614990234375,142.22206115722656,276.80889892578125,-1,-1,-1,-1
309,10,230.04736328125,693.0722045898438,141.48812866210938,271.47406005859375,-1,-1,-1,-1
310,10,242.4945526123047,688.7213745117188,144.2467803955078,268.08184814453125,-1,-1,-1,-1
311,10,254.03726196289062,685.2157592773438,145.3524169921875,266.760009765625,-1,-1,-1,-1
312,10,257.6852111816406,685.111572265625,146.07308959960938,264.9144287109375,-1,-1,-1,-1
313,10,253.85833740234375,685.8639526367188,148.9901123046875,264.4967041015625,-1,-1,-1,-1
314,10,227.07337951660156,691.04638671875,154.98789978027344,264.45050048828125,-1,-1,-1,-1
315,10,181.06936645507812,694.4784545898438,159.53073120117188,273.24951171875,-1,-1,-1,-1
316,10,145.912109375,694.932373046875,157.20294189453125,279.0283203125,-1,-1,-1,-1
317,10,129.4040069580078,695.0147705078125,150.78773498535156,281.44525146484375,-1,-1,-1,-1
318,10,113.02811431884766,697.6312866210938,146.46652221679688,283.5069580078125,-1,-1,-1,-1
319,10,105.46974182128906,699.77197265625,139.6542510986328,284.27349853515625,-1,-1,-1,-1
320,10,106.0013656616211,698.6119384765625,136.25469970703125,285.8045654296875,-1,-1,-1,-1
321,10,112.08932495117188,696.0868530273438,134.4382781982422,287.25897216796875,-1,-1,-1,-1
322,10,120.99002075195312,692.8556518554688,133.0318145751953,285.8309326171875,-1,-1,-1,-1
323,10,130.81948852539062,690.5797119140625,131.72573852539062,284.33746337890625,-1,-1,-1,-1
324,10,140.10997009277344,688.2196655273438,128.7615203857422,282.89263916015625,-1,-1,-1,-1
325,10,153.94610595703125,685.9957275390625,122.34103393554688,282.43707275390625,-1,-1,-1,-1
326,10,169.86395263671875,682.666015625,124.85671997070312,279.72088623046875,-1,-1,-1,-1
327,10,190.49478149414062,678.2866821289062,116.33480834960938,276.5079345703125,-1,-1,-1,-1
328,10,213.6395263671875,673.91845703125,116.25067138671875,272.8062744140625,-1,-1,-1,-1
329,10,238.83377075195312,668.1627197265625,120.44732666015625,257.62847900390625,-1,-1,-1,-1
330,10,262.5638427734375,660.0948486328125,127.1199951171875,273.173828125,-1,-1,-1,-1
331,10,293.01190185546875,650.395751953125,123.99819946289062,266.48046875,-1,-1,-1,-1
332,10,328.4877624511719,640.1400756835938,118.716064453125,264.32647705078125,-1,-1,-1,-1
333,10,365.95294189453125,628.6005859375,106.6507568359375,246.414794921875,-1,-1,-1,-1
334,10,381.6669006347656,616.3600463867188,115.37509155273438,249.34466552734375,-1,-1,-1,-1
335,10,421.68194580078125,607.0103759765625,104.96343994140625,239.64556884765625,-1,-1,-1,-1
336,10,469.31549072265625,599.3870239257812,98.816162109375,246.13299560546875,-1,-1,-1,-1
337,10,511.2799987792969,594.7709350585938,101.25051879882812,235.2286376953125,-1,-1,-1,-1
338,10,552.740234375,589.7551879882812,91.63226318359375,232.29022216796875,-1,-1,-1,-1
339,10,585.15380859375,582.0950927734375,93.1265869140625,236.32391357421875,-1,-1,-1,-1
340,10,612.690673828125,577.0215454101562,92.41180419921875,234.32818603515625,-1,-1,-1,-1
341,10,637.8576049804688,570.6693115234375,90.57830810546875,233.40478515625,-1,-1,-1,-1
342,10,658.0184936523438,565.403564453125,90.5003662109375,233.0413818359375,-1,-1,-1,-1
343,10,675.083251953125,561.938232421875,90.3006591796875,233.72821044921875,-1,-1,-1,-1
344,10,692.2212524414062,562.8883056640625,88.5726318359375,234.1131591796875,-1,-1,-1,-1
345,10,699.4319458007812,564.5521240234375,88.04644775390625,231.03240966796875,-1,-1,-1,-1
346,10,700.111083984375,565.3856201171875,88.34869384765625,232.7034912109375,-1,-1,-1,-1
347,10,699.4456176757812,567.5403442382812,87.149169921875,232.919677734375,-1,-1,-1,-1
348,10,699.0711059570312,569.7853393554688,86.8028564453125,232.11590576171875,-1,-1,-1,-1
349,10,698.6937255859375,572.42431640625,86.15032958984375,232.42242431640625,-1,-1,-1,-1
350,10,696.8416137695312,574.3829956054688,86.00836181640625,233.14697265625,-1,-1,-1,-1
351,10,691.7557983398438,578.4031372070312,86.83245849609375,232.54327392578125,-1,-1,-1,-1
352,10,683.5818481445312,582.2196655273438,86.064697265625,232.9954833984375,-1,-1,-1,-1
353,10,672.0618286132812,586.8712768554688,86.15771484375,230.784423828125,-1,-1,-1,-1
354,10,657.4833374023438,589.868408203125,86.525634765625,230.90692138671875,-1,-1,-1,-1
355,10,635.4281616210938,591.0718383789062,87.11883544921875,232.23468017578125,-1,-1,-1,-1
356,10,612.5801391601562,590.6863403320312,86.4735107421875,232.13427734375,-1,-1,-1,-1
357,10,588.186767578125,590.077880859375,87.847412109375,233.2469482421875,-1,-1,-1,-1
358,10,566.1183471679688,589.1778564453125,88.3944091796875,235.369384765625,-1,-1,-1,-1
359,10,540.972900390625,589.48291015625,87.2303466796875,235.90985107421875,-1,-1,-1,-1
360,10,516.4220581054688,588.6216430664062,89.1273193359375,236.64801025390625,-1,-1,-1,-1
361,10,496.6226806640625,588.0673828125,91.65924072265625,237.041748046875,-1,-1,-1,-1
362,10,472.4761962890625,586.6566162109375,95.2823486328125,239.40771484375,-1,-1,-1,-1
363,10,454.02972412109375,584.70703125,95.00128173828125,241.4888916015625,-1,-1,-1,-1
364,10,434.5904846191406,582.2262573242188,94.93319702148438,248.16650390625,-1,-1,-1,-1
365,10,431.82147216796875,581.8954467773438,88.8299560546875,244.27825927734375,-1,-1,-1,-1
366,10,423.41253662109375,585.1837768554688,87.50296020507812,244.5113525390625,-1,-1,-1,-1
367,10,417.9199523925781,586.1991577148438,87.80911254882812,246.44488525390625,-1,-1,-1,-1
368,10,408.9529113769531,585.3199462890625,93.62997436523438,245.984130859375,-1,-1,-1,-1
369,10,401.9037170410156,584.5096435546875,98.72940063476562,244.11639404296875,-1,-1,-1,-1
370,10,391.9217224121094,585.2368774414062,110.4306640625,251.06219482421875,-1,-1,-1,-1
371,10,388.69964599609375,588.7608032226562,117.47467041015625,265.78955078125,-1,-1,-1,-1
372,10,397.466796875,587.4677734375,121.41143798828125,254.62908935546875,-1,-1,-1,-1
373,10,419.00042724609375,587.332275390625,105.10577392578125,245.628662109375,-1,-1,-1,-1
374,10,443.55596923828125,589.4019165039062,104.44158935546875,243.5478515625,-1,-1,-1,-1
375,10,465.6225280761719,590.9403076171875,104.58706665039062,242.864013671875,-1,-1,-1,-1
376,10,477.0846862792969,593.0730590820312,104.40127563476562,238.040283203125,-1,-1,-1,-1
377,10,481.1761474609375,593.3330688476562,99.5343017578125,240.0355224609375,-1,-1,-1,-1
378,10,486.56488037109375,592.7379150390625,94.09027099609375,238.76287841796875,-1,-1,-1,-1
379,10,493.296875,591.4995727539062,91.78631591796875,238.7340087890625,-1,-1,-1,-1
380,10,501.1903076171875,590.5503540039062,90.350341796875,238.6090087890625,-1,-1,-1,-1
381,10,509.3677978515625,588.7769775390625,94.1446533203125,239.44366455078125,-1,-1,-1,-1
382,10,518.90283203125,586.5798950195312,95.1351318359375,233.0430908203125,-1,-1,-1,-1
383,10,531.2178344726562,584.3287963867188,96.489501953125,230.5087890625,-1,-1,-1,-1
384,10,539.752197265625,582.3690185546875,98.5460205078125,232.48760986328125,-1,-1,-1,-1
385,10,543.53173828125,579.6477661132812,95.7999267578125,232.89154052734375,-1,-1,-1,-1
386,10,542.6411743164062,577.036865234375,104.6541748046875,240.31243896484375,-1,-1,-1,-1
387,10,538.79248046875,574.7013549804688,95.516357421875,237.8475341796875,-1,-1,-1,-1
388,10,536.9110107421875,572.9974365234375,94.3021240234375,234.6639404296875,-1,-1,-1,-1
389,10,534.7537231445312,573.18994140625,97.2769775390625,248.31158447265625,-1,-1,-1,-1
390,10,528.7386474609375,574.6318359375,93.08331298828125,243.09893798828125,-1,-1,-1,-1
391,10,515.27392578125,574.96240234375,93.38311767578125,239.418212890625,-1,-1,-1,-1
392,10,498.75360107421875,575.342529296875,93.10028076171875,238.66497802734375,-1,-1,-1,-1
393,10,479.22088623046875,575.4761352539062,94.3984375,239.97650146484375,-1,-1,-1,-1
394,10,457.9659118652344,578.0940551757812,94.98428344726562,242.82049560546875,-1,-1,-1,-1
395,10,434.70697021484375,580.6115112304688,96.9835205078125,244.98284912109375,-1,-1,-1,-1
396,10,414.54425048828125,582.7398071289062,96.88946533203125,246.1165771484375,-1,-1,-1,-1
397,10,392.12078857421875,584.5333251953125,99.77523803710938,248.6441650390625,-1,-1,-1,-1
398,10,370.35650634765625,587.2659912109375,100.80291748046875,251.7222900390625,-1,-1,-1,-1
399,10,350.88946533203125,590.00048828125,100.71060180664062,253.90704345703125,-1,-1,-1,-1
400,10,334.37506103515625,594.500244140625,101.25103759765625,255.95001220703125,-1,-1,-1,-1
401,10,318.8510437011719,597.151611328125,102.01736450195312,257.673828125,-1,-1,-1,-1
402,10,302.150146484375,599.3275146484375,103.0322265625,259.39556884765625,-1,-1,-1,-1
403,10,281.0366516113281,602.9224853515625,105.57443237304688,261.754150390625,-1,-1,-1,-1
404,10,260.24273681640625,606.579345703125,105.65203857421875,264.10333251953125,-1,-1,-1,-1
405,10,235.22390747070312,608.503173828125,108.17910766601562,267.0816650390625,-1,-1,-1,-1
406,10,212.06695556640625,607.7643432617188,109.51690673828125,271.30364990234375,-1,-1,-1,-1
407,10,192.244384765625,606.5117797851562,110.21966552734375,274.22161865234375,-1,-1,-1,-1
408,10,176.64736938476562,606.2294311523438,112.86065673828125,276.017822265625,-1,-1,-1,-1
409,10,163.91213989257812,607.1052856445312,113.233154296875,277.351806640625,-1,-1,-1,-1
410,10,146.7779083251953,605.06591796875,115.68144226074219,280.54864501953125,-1,-1,-1,-1
411,10,127.93816375732422,601.3574829101562,115.94295501708984,284.19287109375,-1,-1,-1,-1
412,10,108.77590942382812,599.1074829101562,117.639404296875,286.68560791015625,-1,-1,-1,-1
413,10,93.81137084960938,598.1986694335938,118.91197204589844,288.69171142578125,-1,-1,-1,-1
414,10,85.77752685546875,600.6580810546875,119.4644775390625,290.58135986328125,-1,-1,-1,-1
415,10,78.77534484863281,607.1763916015625,120.66682434082031,290.2879638671875,-1,-1,-1,-1
416,10,70.8305892944336,612.3331909179688,120.15750885009766,292.143310546875,-1,-1,-1,-1
417,10,55.53205871582031,618.8229370117188,122.81280517578125,294.04437255859375,-1,-1,-1,-1
418,10,44.861572265625,621.9203491210938,121.88140869140625,295.57257080078125,-1,-1,-1,-1
419,10,36.096866607666016,624.351318359375,122.723876953125,298.558349609375,-1,-1,-1,-1
420,10,28.780948638916016,626.4441528320312,120.63336181640625,299.00927734375,-1,-1,-1,-1
421,10,18.92936134338379,629.2888793945312,119.90396881103516,300.34197998046875,-1,-1,-1,-1
422,10,10.985309600830078,631.2771606445312,119.40818786621094,302.5809326171875,-1,-1,-1,-1
423,10,6.806362152099609,634.1481323242188,113.24046325683594,303.39459228515625,-1,-1,-1,-1
424,10,4.580122470855713,635.1990356445312,112.56047058105469,304.56298828125,-1,-1,-1,-1
425,10,4.017227649688721,635.4503784179688,109.94324493408203,304.4595947265625,-1,-1,-1,-1
426,10,7.017392635345459,631.5759887695312,112.99384307861328,301.623779296875,-1,-1,-1,-1
427,10,27.82194709777832,627.6743774414062,120.58535766601562,299.04840087890625,-1,-1,-1,-1
428,10,60.8581428527832,626.7542724609375,119.10444641113281,292.96893310546875,-1,-1,-1,-1
429,10,80.9168472290039,628.2545166015625,120.25719451904297,288.9532470703125,-1,-1,-1,-1
430,10,90.5248031616211,627.7785034179688,118.20313262939453,287.8485107421875,-1,-1,-1,-1
431,10,92.75717163085938,629.19970703125,117.98304748535156,288.0457763671875,-1,-1,-1,-1
432,10,86.67945861816406,629.5992431640625,119.27146911621094,287.87432861328125,-1,-1,-1,-1
433,10,79.54943084716797,628.965087890625,120.48401641845703,289.3533935546875,-1,-1,-1,-1
434,10,72.58171844482422,628.8179321289062,121.20813751220703,291.5408935546875,-1,-1,-1,-1
435,10,63.264739990234375,629.5635375976562,120.77420043945312,292.322265625,-1,-1,-1,-1
436,10,51.2034912109375,631.505615234375,122.32333374023438,293.47637939453125,-1,-1,-1,-1
437,10,40.042755126953125,633.2244873046875,122.61964416503906,295.55731201171875,-1,-1,-1,-1
438,10,27.661731719970703,633.9711303710938,122.75643920898438,297.6195068359375,-1,-1,-1,-1
439,10,16.68020534515381,632.6260375976562,121.67610168457031,298.24237060546875,-1,-1,-1,-1
440,10,8.622951030731201,632.5896606445312,117.68526458740234,301.32037353515625,-1,-1,-1,-1
441,10,5.464469909667969,633.5084228515625,112.1597900390625,302.5552978515625,-1,-1,-1,-1
442,10,3.8658981323242188,633.5704956054688,108.75004577636719,303.86358642578125,-1,-1,-1,-1
443,10,2.8699116706848145,635.9157104492188,106.81114196777344,304.4716796875,-1,-1,-1,-1
444,10,3.0448551177978516,637.308349609375,101.76518249511719,306.7548828125,-1,-1,-1,-1
445,10,1.7398838996887207,639.1185302734375,88.87443542480469,305.075439453125,-1,-1,-1,-1
446,10,1.4342482089996338,640.64404296875,77.81401824951172,309.67132568359375,-1,-1,-1,-1
447,10,1.295989751815796,642.7908325195312,65.2453384399414,310.947998046875,-1,-1,-1,-1
448,10,0.9170811176300049,644.8821411132812,50.934852600097656,311.8385009765625,-1,-1,-1,-1
449,10,-1.9223313331604004,629.0020751953125,70.26344299316406,326.8580322265625,-1,-1,-1,-1
495,11,1.7009251117706299,627.0203857421875,61.55958938598633,312.53173828125,-1,-1,-1,-1
496,11,1.730961799621582,625.76318359375,82.63751220703125,308.34039306640625,-1,-1,-1,-1
497,11,4.144680976867676,623.2769775390625,111.0119857788086,304.14996337890625,-1,-1,-1,-1
498,11,18.4617919921875,622.3636474609375,121.63569641113281,298.1104736328125,-1,-1,-1,-1
499,11,35.94456481933594,620.4100341796875,125.84590148925781,294.6171875,-1,-1,-1,-1
500,11,47.69811248779297,616.66796875,124.42412567138672,293.9671630859375,-1,-1,-1,-1
501,11,54.35759353637695,614.63427734375,121.93876647949219,290.8492431640625,-1,-1,-1,-1
502,11,58.632896423339844,612.3298950195312,121.30329132080078,289.8604736328125,-1,-1,-1,-1
503,11,56.188514709472656,610.4992065429688,122.24547576904297,291.3138427734375,-1,-1,-1,-1
504,11,43.450775146484375,609.6026000976562,122.04666137695312,292.92633056640625,-1,-1,-1,-1
505,11,15.623563766479492,613.1655883789062,122.91499328613281,297.02301025390625,-1,-1,-1,-1
506,11,1.1846156120300293,615.4385375976562,99.8694076538086,304.85552978515625,-1,-1,-1,-1
507,11,0.9218411445617676,615.6242065429688,71.76031494140625,309.90533447265625,-1,-1,-1,-1
508,11,1.5993385314941406,626.2853393554688,56.76026153564453,302.576171875,-1,-1,-1,-1
509,11,1.381415843963623,634.0107421875,49.586605072021484,298.700927734375,-1,-1,-1,-1
510,11,1.1284525394439697,631.193603515625,49.166683197021484,304.756103515625,-1,-1,-1,-1
511,11,1.1108601093292236,632.646728515625,48.34612274169922,300.1734619140625,-1,-1,-1,-1
512,11,1.5501515865325928,632.853759765625,50.942955017089844,297.9990234375,-1,-1,-1,-1
513,11,1.627389907836914,632.4857788085938,53.629295349121094,295.1160888671875,-1,-1,-1,-1
514,11,1.0821216106414795,614.5675048828125,58.56069564819336,311.022216796875,-1,-1,-1,-1
515,11,0.9839785099029541,613.30029296875,62.849342346191406,311.1290283203125,-1,-1,-1,-1
516,11,1.449805498123169,612.5712890625,65.45936584472656,309.454833984375,-1,-1,-1,-1
517,11,1.5368890762329102,609.6644897460938,69.9360580444336,308.84210205078125,-1,-1,-1,-1
518,11,1.863335132598877,606.48681640625,73.97984313964844,310.08026123046875,-1,-1,-1,-1
519,11,1.8755853176116943,604.7945556640625,76.05439758300781,309.07061767578125,-1,-1,-1,-1
520,11,1.6304898262023926,602.7246704101562,78.7659683227539,309.08380126953125,-1,-1,-1,-1
521,11,1.6777753829956055,600.9320678710938,83.33734130859375,310.27880859375,-1,-1,-1,-1
522,11,1.9350790977478027,600.2943725585938,86.94087219238281,305.81915283203125,-1,-1,-1,-1
523,11,2.1411895751953125,598.686279296875,90.42980194091797,304.107177734375,-1,-1,-1,-1
524,11,3.207855224609375,594.9552001953125,100.39654541015625,306.93994140625,-1,-1,-1,-1
525,11,3.708279609680176,591.9805908203125,110.490478515625,304.11065673828125,-1,-1,-1,-1
526,11,7.475593090057373,589.9678955078125,116.0611801147461,300.60723876953125,-1,-1,-1,-1
527,11,11.760482788085938,587.8585815429688,121.49281311035156,299.92877197265625,-1,-1,-1,-1
528,11,13.80316162109375,585.9700317382812,122.19027709960938,299.34710693359375,-1,-1,-1,-1
529,11,14.426863670349121,584.9251708984375,122.36044311523438,299.27783203125,-1,-1,-1,-1
530,11,13.070562362670898,584.3967895507812,123.5629653930664,299.44012451171875,-1,-1,-1,-1
531,11,10.891651153564453,583.8048095703125,122.60740661621094,299.3345947265625,-1,-1,-1,-1
532,11,7.402988910675049,582.7081909179688,119.6507339477539,300.40386962890625,-1,-1,-1,-1
533,11,6.459826946258545,583.9808959960938,116.88992309570312,300.29156494140625,-1,-1,-1,-1
534,11,6.482423305511475,584.2196044921875,116.61058807373047,301.9024658203125,-1,-1,-1,-1
535,11,6.500860214233398,583.7682495117188,115.92401885986328,302.55047607421875,-1,-1,-1,-1
536,11,6.79876708984375,582.2006225585938,117.1325912475586,301.458984375,-1,-1,-1,-1
537,11,10.0050687789917,578.5302734375,120.04585266113281,301.9512939453125,-1,-1,-1,-1
538,11,16.563053131103516,575.4266357421875,120.54153442382812,301.50262451171875,-1,-1,-1,-1
539,11,27.794204711914062,573.7518920898438,122.30577087402344,298.59783935546875,-1,-1,-1,-1
540,11,42.552528381347656,571.9605102539062,123.2155990600586,297.34619140625,-1,-1,-1,-1
541,11,64.94635772705078,571.0619506835938,122.89778900146484,293.63665771484375,-1,-1,-1,-1
542,11,98.79936218261719,570.1078491210938,121.08375549316406,288.65875244140625,-1,-1,-1,-1
543,11,141.2590789794922,568.2489013671875,118.72828674316406,281.581787109375,-1,-1,-1,-1
544,11,185.70529174804688,566.3187255859375,114.402587890625,275.36248779296875,-1,-1,-1,-1
545,11,220.0203399658203,564.4269409179688,111.77076721191406,270.5562744140625,-1,-1,-1,-1
546,11,248.25746154785156,561.8787231445312,108.79039001464844,266.24542236328125,-1,-1,-1,-1
547,11,277.14129638671875,560.5289306640625,106.90493774414062,263.29876708984375,-1,-1,-1,-1
548,11,306.0794372558594,558.9421997070312,104.72714233398438,258.90606689453125,-1,-1,-1,-1
549,11,332.5962829589844,559.189697265625,103.23196411132812,255.8623046875,-1,-1,-1,-1
550,11,357.03924560546875,562.0656127929688,102.5850830078125,252.70166015625,-1,-1,-1,-1
551,11,378.52459716796875,564.9072875976562,100.49935913085938,250.03936767578125,-1,-1,-1,-1
552,11,396.80596923828125,568.0642700195312,100.3856201171875,248.6708984375,-1,-1,-1,-1
553,11,413.813232421875,570.5355224609375,97.99566650390625,246.9267578125,-1,-1,-1,-1
554,11,426.7088317871094,571.3300170898438,96.76657104492188,245.470947265625,-1,-1,-1,-1
555,11,438.79248046875,573.4991455078125,94.97113037109375,244.0443115234375,-1,-1,-1,-1
556,11,448.8398132324219,577.9483032226562,94.87802124023438,244.0921630859375,-1,-1,-1,-1
557,11,459.00640869140625,583.3399047851562,94.478515625,242.96551513671875,-1,-1,-1,-1
558,11,468.0463562011719,587.04541015625,91.68679809570312,242.80682373046875,-1,-1,-1,-1
559,11,470.9088134765625,590.364501953125,91.70147705078125,243.66619873046875,-1,-1,-1,-1
560,11,470.2026672363281,593.0093994140625,91.87692260742188,238.20648193359375,-1,-1,-1,-1
561,11,463.62451171875,592.9033203125,92.77044677734375,238.89508056640625,-1,-1,-1,-1
562,11,454.15826416015625,591.46826171875,93.6981201171875,240.8037109375,-1,-1,-1,-1
563,11,445.4039611816406,591.1697387695312,95.15402221679688,240.72650146484375,-1,-1,-1,-1
564,11,436.0108947753906,592.7066040039062,95.69186401367188,241.57867431640625,-1,-1,-1,-1
565,11,424.827880859375,595.227294921875,94.98876953125,242.6048583984375,-1,-1,-1,-1
566,11,408.49615478515625,596.09228515625,96.53909301757812,243.97564697265625,-1,-1,-1,-1
567,11,389.37939453125,595.3997802734375,98.84326171875,246.14129638671875,-1,-1,-1,-1
568,11,366.7122802734375,594.055419921875,101.1612548828125,248.352294921875,-1,-1,-1,-1
569,11,337.7146301269531,593.2682495117188,104.57943725585938,252.16845703125,-1,-1,-1,-1
570,11,304.2499084472656,593.5724487304688,105.83523559570312,255.93560791015625,-1,-1,-1,-1
571,11,265.5151672363281,593.1737060546875,108.63156127929688,260.38031005859375,-1,-1,-1,-1
572,11,227.68893432617188,593.6064453125,112.85342407226562,266.27294921875,-1,-1,-1,-1
573,11,190.0660400390625,596.2156982421875,116.23141479492188,270.4471435546875,-1,-1,-1,-1
574,11,152.26666259765625,601.0823364257812,121.73257446289062,275.3707275390625,-1,-1,-1,-1
575,11,116.26585388183594,603.3982543945312,125.57144165039062,280.11676025390625,-1,-1,-1,-1
576,11,80.89744567871094,606.0364379882812,127.95893859863281,285.92498779296875,-1,-1,-1,-1
577,11,48.217567443847656,608.218505859375,132.18353271484375,290.48956298828125,-1,-1,-1,-1
578,11,19.796052932739258,615.055419921875,133.19178771972656,295.43646240234375,-1,-1,-1,-1
579,11,5.924931049346924,625.9134521484375,126.4711685180664,298.90081787109375,-1,-1,-1,-1
580,11,2.2615199089050293,636.3702392578125,114.01911926269531,301.36083984375,-1,-1,-1,-1
581,11,2.2622227668762207,643.2650756835938,100.00688934326172,304.4757080078125,-1,-1,-1,-1
582,11,2.2606544494628906,648.1630249023438,86.78640747070312,304.8499755859375,-1,-1,-1,-1
583,11,2.0360546112060547,651.0184936523438,74.68502044677734,311.75201416015625,-1,-1,-1,-1
584,11,2.04154634475708,654.149658203125,63.49880599975586,314.186279296875,-1,-1,-1,-1
585,11,-0.3251495361328125,635.2911376953125,73.91433715820312,335.41046142578125,-1,-1,-1,-1
