1,1,691.0389404296875,707.3546142578125,86.832275390625,175.00433349609375,-1,-1,-1,-1
2,1,698.8085327148438,704.997802734375,80.06463623046875,175.583984375,-1,-1,-1,-1
3,1,707.2650146484375,696.9124145507812,76.53131103515625,180.14007568359375,-1,-1,-1,-1
4,1,709.5181884765625,689.4296264648438,75.6595458984375,183.4945068359375,-1,-1,-1,-1
5,1,716.0156860351562,682.6978759765625,72.244873046875,187.09112548828125,-1,-1,-1,-1
6,1,716.7709350585938,677.9525756835938,67.95538330078125,187.556396484375,-1,-1,-1,-1
7,1,720.468994140625,676.5802612304688,66.9345703125,186.3876953125,-1,-1,-1,-1
8,1,716.4161987304688,677.519287109375,68.89898681640625,179.9366455078125,-1,-1,-1,-1
9,1,714.9501953125,679.7933959960938,71.91607666015625,173.88641357421875,-1,-1,-1,-1
10,1,711.1666870117188,684.1420288085938,75.61590576171875,167.06109619140625,-1,-1,-1,-1
11,1,708.4517822265625,684.731201171875,79.52435302734375,165.913330078125,-1,-1,-1,-1
12,1,706.8544311523438,680.6582641601562,74.8577880859375,169.2042236328125,-1,-1,-1,-1
13,1,706.9918212890625,673.97705078125,69.5135498046875,173.60833740234375,-1,-1,-1,-1
14,1,706.1355590820312,666.342529296875,66.05267333984375,180.3594970703125,-1,-1,-1,-1
15,1,705.1107177734375,662.2371215820312,63.9730224609375,182.9910888671875,-1,-1,-1,-1
16,1,701.4581298828125,658.5228881835938,62.9373779296875,184.87799072265625,-1,-1,-1,-1
17,1,698.5963134765625,656.6365966796875,64.9827880859375,182.3809814453125,-1,-1,-1,-1
18,1,695.1287841796875,656.8927001953125,67.45587158203125,180.31884765625,-1,-1,-1,-1
19,1,693.310302734375,659.49365234375,68.69610595703125,174.5283203125,-1,-1,-1,-1
20,1,689.2701416015625,660.332763671875,72.79071044921875,169.92730712890625,-1,-1,-1,-1
21,1,686.0635986328125,658.7733764648438,73.17425537109375,171.82861328125,-1,-1,-1,-1
22,1,683.576416015625,653.278076171875,69.652587890625,175.5140380859375,-1,-1,-1,-1
23,1,682.9672241210938,646.8607788085938,67.88848876953125,179.69964599609375,-1,-1,-1,-1
24,1,680.3382568359375,642.2716064453125,68.096435546875,181.31280517578125,-1,-1,-1,-1
25,1,681.982666015625,641.4435424804688,63.6998291015625,179.8519287109375,-1,-1,-1,-1
26,1,677.81396484375,642.5545043945312,64.96319580078125,175.7159423828125,-1,-1,-1,-1
27,1,676.5835571289062,644.4164428710938,65.4549560546875,171.162109375,-1,-1,-1,-1
28,1,676.4100341796875,644.6664428710938,65.262451171875,169.97021484375,-1,-1,-1,-1
29,1,676.0960693359375,642.4539794921875,65.2352294921875,168.5755615234375,-1,-1,-1,-1
30,1,675.8403930664062,638.3292846679688,65.1214599609375,168.44818115234375,-1,-1,-1,-1
31,1,675.4915161132812,635.5634155273438,66.58953857421875,174.76177978515625,-1,-1,-1,-1
32,1,675.9976196289062,633.3661499023438,67.2171630859375,176.19598388671875,-1,-1,-1,-1
33,1,676.680419921875,632.9598388671875,70.00421142578125,180.29974365234375,-1,-1,-1,-1
34,1,677.529541015625,633.9597778320312,72.0162353515625,182.158203125,-1,-1,-1,-1
35,1,677.0488891601562,636.5087280273438,72.75396728515625,180.3779296875,-1,-1,-1,-1
36,1,677.8952026367188,639.51513671875,72.7896728515625,177.537109375,-1,-1,-1,-1
37,1,676.2860717773438,642.936279296875,74.880126953125,173.32867431640625,-1,-1,-1,-1
38,1,673.95556640625,642.6054077148438,75.685546875,172.032958984375,-1,-1,-1,-1
39,1,672.3189086914062,639.4283447265625,73.78302001953125,175.19580078125,-1,-1,-1,-1
40,1,672.129638671875,634.9208374023438,70.8939208984375,178.6458740234375,-1,-1,-1,-1
41,1,670.4498291015625,630.8916015625,72.035400390625,183.47064208984375,-1,-1,-1,-1
42,1,671.8201293945312,630.2988891601562,69.20233154296875,183.741943359375,-1,-1,-1,-1
43,1,673.1090698242188,632.2293701171875,68.01226806640625,180.3770751953125,-1,-1,-1,-1
44,1,675.5809326171875,635.5464477539062,65.72283935546875,176.98583984375,-1,-1,-1,-1
45,1,674.8272705078125,639.5985107421875,67.7291259765625,173.13189697265625,-1,-1,-1,-1
46,1,671.2515869140625,642.7254638671875,71.5194091796875,169.60516357421875,-1,-1,-1,-1
47,1,673.1343994140625,640.09228515625,67.64404296875,172.92236328125,-1,-1,-1,-1
48,1,675.9491577148438,636.187744140625,61.662353515625,176.103759765625,-1,-1,-1,-1
49,1,672.4232788085938,632.352294921875,63.08111572265625,180.2066650390625,-1,-1,-1,-1
50,1,669.2225952148438,629.85498046875,65.90625,181.49114990234375,-1,-1,-1,-1
51,1,669.955810546875,629.974365234375,65.5167236328125,180.2030029296875,-1,-1,-1,-1
52,1,668.8714599609375,632.9616088867188,67.5269775390625,175.7816162109375,-1,-1,-1,-1
53,1,668.5697021484375,637.0901489257812,68.1015625,170.82342529296875,-1,-1,-1,-1
54,1,668.0122680664062,641.6375732421875,67.21929931640625,166.2027587890625,-1,-1,-1,-1
55,1,669.4691162109375,642.2210693359375,66.886962890625,166.42633056640625,-1,-1,-1,-1
56,1,668.9921875,638.51904296875,65.0263671875,170.16357421875,-1,-1,-1,-1
57,1,671.1282958984375,635.1412963867188,62.2781982421875,174.53265380859375,-1,-1,-1,-1
58,1,674.2171020507812,632.6513671875,58.4298095703125,175.93267822265625,-1,-1,-1,-1
59,1,675.6737060546875,632.53515625,57.30194091796875,174.500244140625,-1,-1,-1,-1
60,1,674.870361328125,635.0970458984375,60.04742431640625,163.988037109375,-1,-1,-1,-1
61,1,674.7127075195312,639.3898315429688,62.0074462890625,160.40362548828125,-1,-1,-1,-1
62,1,672.3755493164062,644.687255859375,63.7669677734375,148.29107666015625,-1,-1,-1,-1
63,1,673.7251586914062,645.840087890625,64.56634521484375,147.8094482421875,-1,-1,-1,-1
64,1,672.3685913085938,643.328857421875,65.4981689453125,152.07977294921875,-1,-1,-1,-1
65,1,674.5687866210938,639.1688232421875,67.39630126953125,160.18408203125,-1,-1,-1,-1
66,1,675.4462280273438,636.3704223632812,71.4136962890625,182.942138671875,-1,-1,-1,-1
67,1,673.2040405273438,637.2236938476562,83.7725830078125,189.973876953125,-1,-1,-1,-1
68,1,671.1682739257812,644.5538940429688,99.25347900390625,184.2232666015625,-1,-1,-1,-1
69,1,671.6680908203125,646.9161376953125,103.8358154296875,179.72625732421875,-1,-1,-1,-1
70,1,672.0698852539062,643.732421875,99.32879638671875,184.41064453125,-1,-1,-1,-1
1,2,481.28106689453125,690.5858154296875,52.21771240234375,129.22991943359375,-1,-1,-1,-1
2,2,489.4832763671875,685.9699096679688,54.69580078125,127.30877685546875,-1,-1,-1,-1
3,2,496.9872741699219,681.98095703125,52.972625732421875,127.33355712890625,-1,-1,-1,-1
4,2,502.21099853515625,680.3584594726562,50.97308349609375,127.53857421875,-1,-1,-1,-1
5,2,504.8669738769531,679.0105590820312,51.523284912109375,128.47686767578125,-1,-1,-1,-1
6,2,506.31036376953125,677.15380859375,51.03436279296875,127.60406494140625,-1,-1,-1,-1
7,2,507.76055908203125,675.8983154296875,50.30438232421875,126.07232666015625,-1,-1,-1,-1
8,2,506.8131408691406,674.7096557617188,50.509063720703125,125.72576904296875,-1,-1,-1,-1
9,2,506.8284912109375,673.056396484375,50.03155517578125,126.16650390625,-1,-1,-1,-1
10,2,505.24853515625,671.7340087890625,51.09515380859375,125.94635009765625,-1,-1,-1,-1
11,2,504.976318359375,670.293701171875,50.65777587890625,126.44873046875,-1,-1,-1,-1
12,2,503.5946044921875,668.81982421875,49.95501708984375,126.58892822265625,-1,-1,-1,-1
13,2,502.4600524902344,666.7369995117188,49.022186279296875,127.61041259765625,-1,-1,-1,-1
14,2,504.03515625,665.3445434570312,46.3970947265625,128.22509765625,-1,-1,-1,-1
15,2,500.4259948730469,664.668212890625,48.458221435546875,128.0765380859375,-1,-1,-1,-1
16,2,492.9800109863281,663.4872436523438,54.417877197265625,127.960205078125,-1,-1,-1,-1
17,2,494.3210754394531,661.077392578125,51.983856201171875,126.17401123046875,-1,-1,-1,-1
18,2,493.3224792480469,657.3660888671875,52.563690185546875,126.2314453125,-1,-1,-1,-1
19,2,491.62823486328125,655.0035400390625,54.0364990234375,128.0941162109375,-1,-1,-1,-1
20,2,492.81011962890625,652.91015625,52.2679443359375,128.416259765625,-1,-1,-1,-1
21,2,492.5621643066406,652.3448486328125,51.034820556640625,128.9488525390625,-1,-1,-1,-1
22,2,492.76971435546875,651.296630859375,49.76641845703125,129.791259765625,-1,-1,-1,-1
23,2,490.8592834472656,650.0866088867188,49.913299560546875,130.2271728515625,-1,-1,-1,-1
24,2,490.89251708984375,649.4680786132812,48.8209228515625,129.69097900390625,-1,-1,-1,-1
25,2,490.1158752441406,649.489990234375,48.917816162109375,129.16119384765625,-1,-1,-1,-1
26,2,490.0381774902344,649.4229736328125,48.227325439453125,129.1455078125,-1,-1,-1,-1
27,2,489.9460754394531,648.7081909179688,47.921966552734375,128.52838134765625,-1,-1,-1,-1
28,2,488.740966796875,646.9093627929688,48.5782470703125,128.08392333984375,-1,-1,-1,-1
29,2,488.8763427734375,644.3670654296875,48.91156005859375,127.67071533203125,-1,-1,-1,-1
30,2,489.08306884765625,642.5120239257812,47.96319580078125,127.51947021484375,-1,-1,-1,-1
31,2,485.4978332519531,641.259765625,50.293792724609375,127.87451171875,-1,-1,-1,-1
32,2,481.8702087402344,640.7739868164062,53.823211669921875,128.03851318359375,-1,-1,-1,-1
33,2,482.0501708984375,640.6350708007812,53.53076171875,128.14544677734375,-1,-1,-1,-1
34,2,480.781005859375,640.4690551757812,54.09661865234375,127.25335693359375,-1,-1,-1,-1
35,2,478.1690979003906,640.4091186523438,56.086212158203125,127.98736572265625,-1,-1,-1,-1
36,2,481.35784912109375,640.1344604492188,51.7884521484375,127.91217041015625,-1,-1,-1,-1
37,2,479.6544189453125,639.6376342773438,52.43798828125,127.995849609375,-1,-1,-1,-1
38,2,476.33599853515625,639.096923828125,53.94573974609375,128.233154296875,-1,-1,-1,-1
39,2,477.3795471191406,639.12841796875,51.600799560546875,128.59356689453125,-1,-1,-1,-1
40,2,476.3005065917969,638.6828002929688,51.812469482421875,128.74871826171875,-1,-1,-1,-1
41,2,475.8863830566406,638.3648071289062,51.100128173828125,128.9656982421875,-1,-1,-1,-1
42,2,475.2123107910156,638.225830078125,50.501007080078125,129.09478759765625,-1,-1,-1,-1
43,2,476.10504150390625,638.16162109375,49.8236083984375,128.91510009765625,-1,-1,-1,-1
44,2,477.56927490234375,638.1270751953125,48.72564697265625,129.260986328125,-1,-1,-1,-1
45,2,477.44049072265625,637.7727661132812,48.90869140625,129.36572265625,-1,-1,-1,-1
46,2,477.1307678222656,637.5918579101562,48.653656005859375,129.54840087890625,-1,-1,-1,-1
47,2,475.4205627441406,637.0838623046875,49.728363037109375,129.9351806640625,-1,-1,-1,-1
48,2,474.6756286621094,637.24658203125,49.379058837890625,129.42193603515625,-1,-1,-1,-1
49,2,474.3580627441406,637.55859375,49.447784423828125,129.30914306640625,-1,-1,-1,-1
50,2,473.96026611328125,637.9016723632812,50.17352294921875,128.79571533203125,-1,-1,-1,-1
51,2,474.0520324707031,636.5986938476562,50.185150146484375,129.9295654296875,-1,-1,-1,-1
52,2,475.87896728515625,636.0446166992188,48.6834716796875,129.9599609375,-1,-1,-1,-1
53,2,476.52069091796875,635.9209594726562,48.76007080078125,130.20001220703125,-1,-1,-1,-1
54,2,475.6650085449219,635.5755615234375,50.293304443359375,129.9820556640625,-1,-1,-1,-1
55,2,476.47760009765625,636.0877685546875,50.50701904296875,130.10113525390625,-1,-1,-1,-1
56,2,477.7438659667969,636.3842163085938,49.302154541015625,129.65478515625,-1,-1,-1,-1
57,2,478.32794189453125,636.958984375,49.47747802734375,129.32037353515625,-1,-1,-1,-1
58,2,477.9827880859375,636.8836059570312,50.11688232421875,129.76776123046875,-1,-1,-1,-1
59,2,479.8841552734375,637.0010986328125,49.34033203125,129.3485107421875,-1,-1,-1,-1
60,2,479.89459228515625,636.5641479492188,49.68353271484375,129.1904296875,-1,-1,-1,-1
61,2,480.0035400390625,636.67529296875,50.52911376953125,128.9384765625,-1,-1,-1,-1
62,2,481.50860595703125,637.242431640625,49.08087158203125,128.87774658203125,-1,-1,-1,-1
63,2,483.05780029296875,637.516845703125,48.19537353515625,128.621337890625,-1,-1,-1,-1
64,2,482.8749694824219,637.1354370117188,49.398773193359375,129.19171142578125,-1,-1,-1,-1
65,2,484.486083984375,636.8087768554688,48.572021484375,129.45123291015625,-1,-1,-1,-1
66,2,487.0866394042969,636.9705810546875,47.302703857421875,129.468017578125,-1,-1,-1,-1
67,2,488.289794921875,637.1318359375,47.06378173828125,129.0888671875,-1,-1,-1,-1
68,2,489.8894958496094,638.4738159179688,46.349090576171875,128.46075439453125,-1,-1,-1,-1
69,2,488.8044128417969,640.1161499023438,48.380767822265625,128.30169677734375,-1,-1,-1,-1
70,2,489.19647216796875,642.046630859375,48.67266845703125,127.51763916015625,-1,-1,-1,-1
71,2,488.2803649902344,642.46533203125,49.564483642578125,127.58343505859375,-1,-1,-1,-1
72,2,488.5119934082031,641.287841796875,49.315765380859375,128.1978759765625,-1,-1,-1,-1
73,2,488.7563171386719,640.3974609375,49.484893798828125,127.59320068359375,-1,-1,-1,-1
74,2,488.81268310546875,639.6710205078125,50.3216552734375,127.56396484375,-1,-1,-1,-1
75,2,489.03179931640625,639.62109375,50.70147705078125,127.77337646484375,-1,-1,-1,-1
76,2,488.92852783203125,639.7944946289062,51.7440185546875,127.50885009765625,-1,-1,-1,-1
77,2,490.51641845703125,639.8668212890625,50.3984375,127.01092529296875,-1,-1,-1,-1
78,2,490.6639404296875,638.8046264648438,50.74322509765625,127.89349365234375,-1,-1,-1,-1
79,2,491.8309020996094,638.72705078125,49.944488525390625,128.00396728515625,-1,-1,-1,-1
80,2,491.0226745605469,638.7017822265625,50.371856689453125,128.22314453125,-1,-1,-1,-1
81,2,491.5597839355469,638.72119140625,49.435089111328125,127.78594970703125,-1,-1,-1,-1
82,2,492.1828308105469,638.4730224609375,48.931732177734375,128.0947265625,-1,-1,-1,-1
83,2,491.6092529296875,637.7539672851562,49.2476806640625,128.26776123046875,-1,-1,-1,-1
84,2,490.3343505859375,637.0514526367188,51.198974609375,128.64471435546875,-1,-1,-1,-1
85,2,490.5790100097656,636.9866943359375,51.329315185546875,128.170166015625,-1,-1,-1,-1
86,2,491.221435546875,636.6099853515625,51.70440673828125,128.58282470703125,-1,-1,-1,-1
87,2,491.173828125,636.7626953125,52.3369140625,128.70556640625,-1,-1,-1,-1
88,2,490.06573486328125,636.6098022460938,53.2894287109375,128.46209716796875,-1,-1,-1,-1
89,2,491.613525390625,635.8499755859375,52.24224853515625,128.7059326171875,-1,-1,-1,-1
90,2,490.408203125,634.9830322265625,53.76318359375,128.9290771484375,-1,-1,-1,-1
91,2,491.08026123046875,634.0885009765625,52.904296875,128.332763671875,-1,-1,-1,-1
92,2,491.03363037109375,632.5305786132812,53.59375,128.1727294921875,-1,-1,-1,-1
93,2,490.7869873046875,631.3990478515625,54.3280029296875,127.3333740234375,-1,-1,-1,-1
94,2,492.0672607421875,630.8856811523438,53.5914306640625,126.4617919921875,-1,-1,-1,-1
95,2,491.9322814941406,630.4880981445312,53.922027587890625,126.06414794921875,-1,-1,-1,-1
96,2,491.58868408203125,630.7303466796875,53.775390625,126.082275390625,-1,-1,-1,-1
97,2,491.7197265625,630.7958374023438,53.43878173828125,126.7071533203125,-1,-1,-1,-1
98,2,491.7630615234375,629.5499267578125,54.3067626953125,126.59332275390625,-1,-1,-1,-1
99,2,491.9892272949219,627.9278564453125,55.375335693359375,126.914794921875,-1,-1,-1,-1
100,2,493.93359375,627.5543823242188,54.05853271484375,127.0096435546875,-1,-1,-1,-1
101,2,494.4896240234375,627.23046875,53.91259765625,127.01312255859375,-1,-1,-1,-1
102,2,497.38726806640625,628.2418823242188,51.60382080078125,126.36273193359375,-1,-1,-1,-1
103,2,497.552001953125,628.917724609375,52.12652587890625,126.036376953125,-1,-1,-1,-1
104,2,500.3694763183594,629.5867309570312,50.640472412109375,126.557373046875,-1,-1,-1,-1
105,2,501.6544189453125,629.820556640625,50.62750244140625,126.5028076171875,-1,-1,-1,-1
106,2,503.0262451171875,628.67041015625,49.68927001953125,127.12115478515625,-1,-1,-1,-1
107,2,503.13720703125,627.7361450195312,50.3822021484375,127.1019287109375,-1,-1,-1,-1
108,2,503.20281982421875,626.5130615234375,50.8555908203125,126.7764892578125,-1,-1,-1,-1
109,2,503.1456604003906,625.3724365234375,51.638275146484375,127.43658447265625,-1,-1,-1,-1
110,2,502.9387512207031,626.3163452148438,53.239837646484375,127.21539306640625,-1,-1,-1,-1
111,2,502.7633056640625,627.96826171875,54.80242919921875,126.50897216796875,-1,-1,-1,-1
112,2,503.2144775390625,629.0131225585938,55.51953125,126.72247314453125,-1,-1,-1,-1
113,2,503.7494812011719,629.9774780273438,57.226715087890625,126.62310791015625,-1,-1,-1,-1
114,2,505.218994140625,631.1781616210938,57.45330810546875,126.35821533203125,-1,-1,-1,-1
115,2,505.20562744140625,631.9268798828125,58.7425537109375,126.13604736328125,-1,-1,-1,-1
116,2,506.310791015625,632.9779663085938,58.22747802734375,126.43017578125,-1,-1,-1,-1
117,2,506.57879638671875,633.8106079101562,57.74945068359375,127.34173583984375,-1,-1,-1,-1
118,2,506.8901062011719,635.0687255859375,57.969757080078125,127.3143310546875,-1,-1,-1,-1
119,2,507.53289794921875,635.0000610351562,58.57379150390625,127.31719970703125,-1,-1,-1,-1
120,2,507.9759826660156,634.8668823242188,59.325286865234375,127.26483154296875,-1,-1,-1,-1
121,2,507.62353515625,634.450439453125,59.68341064453125,127.02642822265625,-1,-1,-1,-1
122,2,507.6058044433594,634.5894775390625,58.538177490234375,126.6864013671875,-1,-1,-1,-1
123,2,508.3541564941406,634.783203125,57.471405029296875,127.2315673828125,-1,-1,-1,-1
124,2,508.309326171875,634.5811157226562,58.20184326171875,128.2408447265625,-1,-1,-1,-1
125,2,508.3258056640625,634.5505981445312,58.18023681640625,127.449951171875,-1,-1,-1,-1
126,2,509.4950866699219,634.751953125,56.879791259765625,128.0484619140625,-1,-1,-1,-1
127,2,507.6370544433594,635.4881591796875,57.973236083984375,127.91583251953125,-1,-1,-1,-1
128,2,508.4440612792969,635.90283203125,57.875213623046875,128.23931884765625,-1,-1,-1,-1
129,2,508.1540832519531,636.4776611328125,58.092193603515625,128.2684326171875,-1,-1,-1,-1
130,2,509.498779296875,637.1581420898438,56.72930908203125,128.70611572265625,-1,-1,-1,-1
131,2,508.96783447265625,637.966796875,56.77850341796875,128.2022705078125,-1,-1,-1,-1
132,2,508.32049560546875,638.2169799804688,56.91998291015625,127.8394775390625,-1,-1,-1,-1
133,2,508.5561828613281,637.9056396484375,57.149749755859375,127.9755859375,-1,-1,-1,-1
134,2,510.544921875,637.9999389648438,54.09185791015625,127.84259033203125,-1,-1,-1,-1
135,2,509.17987060546875,637.6151123046875,55.96929931640625,128.63824462890625,-1,-1,-1,-1
136,2,508.0623474121094,638.5416870117188,57.065826416015625,127.5223388671875,-1,-1,-1,-1
137,2,508.7892761230469,638.3093872070312,56.469573974609375,127.8226318359375,-1,-1,-1,-1
138,2,509.375,638.2333374023438,55.74627685546875,127.75146484375,-1,-1,-1,-1
139,2,507.3258056640625,637.506591796875,57.553466796875,128.4083251953125,-1,-1,-1,-1
140,2,507.33782958984375,637.0660400390625,58.154296875,128.1485595703125,-1,-1,-1,-1
141,2,507.5115051269531,637.3579711914062,57.991241455078125,128.16949462890625,-1,-1,-1,-1
142,2,507.1786804199219,636.5732421875,58.012725830078125,128.623779296875,-1,-1,-1,-1
143,2,506.3488464355469,636.8652954101562,58.105010986328125,128.24810791015625,-1,-1,-1,-1
144,2,505.3525390625,636.2243041992188,57.90362548828125,128.35198974609375,-1,-1,-1,-1
145,2,505.80914306640625,635.1473999023438,57.67657470703125,128.242919921875,-1,-1,-1,-1
146,2,506.357666015625,634.8969116210938,57.2288818359375,128.08056640625,-1,-1,-1,-1
147,2,505.9404296875,634.6486206054688,57.49346923828125,128.00079345703125,-1,-1,-1,-1
148,2,506.85345458984375,634.7512817382812,56.96142578125,127.945556640625,-1,-1,-1,-1
149,2,507.3433837890625,635.060791015625,56.23321533203125,127.70538330078125,-1,-1,-1,-1
150,2,508.2857360839844,635.1483154296875,55.786773681640625,127.91400146484375,-1,-1,-1,-1
151,2,509.5168151855469,635.8357543945312,55.251129150390625,128.19134521484375,-1,-1,-1,-1
152,2,508.4602355957031,636.0401000976562,55.826202392578125,128.80877685546875,-1,-1,-1,-1
153,2,507.93145751953125,636.9561157226562,55.57257080078125,128.59283447265625,-1,-1,-1,-1
154,2,506.6073303222656,637.4209594726562,56.408416748046875,128.442138671875,-1,-1,-1,-1
155,2,506.5703430175781,638.014404296875,56.498992919921875,128.44329833984375,-1,-1,-1,-1
156,2,506.7146301269531,637.8253784179688,56.021697998046875,128.59747314453125,-1,-1,-1,-1
157,2,505.806640625,637.6051025390625,56.10894775390625,129.19073486328125,-1,-1,-1,-1
158,2,505.3249206542969,637.4464721679688,56.238616943359375,128.65301513671875,-1,-1,-1,-1
159,2,506.1844787597656,637.0668334960938,55.221710205078125,128.68096923828125,-1,-1,-1,-1
160,2,506.3258056640625,637.171630859375,56.11676025390625,128.8935546875,-1,-1,-1,-1
161,2,506.7535705566406,637.9925537109375,56.727691650390625,128.3333740234375,-1,-1,-1,-1
162,2,507.389892578125,638.4601440429688,56.07427978515625,128.32244873046875,-1,-1,-1,-1
163,2,507.3215026855469,638.34375,56.190032958984375,128.6044921875,-1,-1,-1,-1
164,2,507.60308837890625,638.2418212890625,55.4132080078125,128.6199951171875,-1,-1,-1,-1
165,2,506.3620910644531,637.8305053710938,55.716278076171875,128.88720703125,-1,-1,-1,-1
166,2,507.16278076171875,637.405517578125,55.14581298828125,129.010986328125,-1,-1,-1,-1
167,2,507.9918518066406,636.8904418945312,54.710357666015625,129.44354248046875,-1,-1,-1,-1
168,2,506.5403137207031,636.4444580078125,56.231903076171875,129.2666015625,-1,-1,-1,-1
169,2,507.9725341796875,636.0004272460938,56.25762939453125,128.8331298828125,-1,-1,-1,-1
170,2,507.8942565917969,635.8659057617188,57.001007080078125,129.0263671875,-1,-1,-1,-1
171,2,507.4115295410156,636.07861328125,56.995208740234375,129.5931396484375,-1,-1,-1,-1
172,2,506.92266845703125,636.741943359375,57.12884521484375,129.0621337890625,-1,-1,-1,-1
173,2,505.493896484375,637.6030883789062,57.0150146484375,128.15765380859375,-1,-1,-1,-1
174,2,506.29290771484375,638.3984985351562,55.99285888671875,127.38519287109375,-1,-1,-1,-1
175,2,507.1088562011719,637.9801025390625,56.307220458984375,128.43890380859375,-1,-1,-1,-1
176,2,506.5638122558594,638.0980224609375,57.080230712890625,128.26593017578125,-1,-1,-1,-1
177,2,507.0937805175781,637.6730346679688,57.136505126953125,128.61614990234375,-1,-1,-1,-1
178,2,507.5328369140625,637.7413330078125,56.74017333984375,128.79339599609375,-1,-1,-1,-1
179,2,507.657470703125,638.0230102539062,56.49212646484375,128.6597900390625,-1,-1,-1,-1
180,2,508.0732421875,638.36474609375,55.89251708984375,128.26300048828125,-1,-1,-1,-1
181,2,507.73760986328125,639.3001098632812,55.26300048828125,127.44927978515625,-1,-1,-1,-1
182,2,505.08148193359375,640.6990966796875,57.668701171875,127.4114990234375,-1,-1,-1,-1
183,2,503.9129943847656,642.9366455078125,59.381195068359375,127.007568359375,-1,-1,-1,-1
184,2,504.15771484375,644.7388305664062,58.62530517578125,126.393798828125,-1,-1,-1,-1
185,2,503.53277587890625,646.3377075195312,59.6727294921875,126.833251953125,-1,-1,-1,-1
186,2,505.5075988769531,648.051025390625,58.535552978515625,128.028076171875,-1,-1,-1,-1
187,2,506.19671630859375,648.7992553710938,59.485595703125,128.40704345703125,-1,-1,-1,-1
188,2,506.5535583496094,648.7870483398438,59.790985107421875,128.31036376953125,-1,-1,-1,-1
189,2,510.71600341796875,648.9544067382812,57.02484130859375,127.96307373046875,-1,-1,-1,-1
190,2,512.8688354492188,649.804931640625,58.53729248046875,129.064453125,-1,-1,-1,-1
191,2,516.1000366210938,655.952392578125,59.08380126953125,124.83050537109375,-1,-1,-1,-1
192,2,517.7317504882812,661.1535034179688,61.041748046875,126.62786865234375,-1,-1,-1,-1
193,2,521.6585693359375,665.2077026367188,59.58233642578125,126.52789306640625,-1,-1,-1,-1
194,2,524.8035278320312,668.49072265625,57.80511474609375,126.56829833984375,-1,-1,-1,-1
195,2,523.8864135742188,669.9671630859375,59.138671875,126.49951171875,-1,-1,-1,-1
196,2,522.1898193359375,669.9969482421875,58.1082763671875,126.3035888671875,-1,-1,-1,-1
197,2,515.8028564453125,665.3436279296875,60.36749267578125,128.0411376953125,-1,-1,-1,-1
198,2,513.5957641601562,660.1871948242188,57.74462890625,125.83648681640625,-1,-1,-1,-1
199,2,513.5139770507812,658.3914184570312,59.2138671875,125.77874755859375,-1,-1,-1,-1
200,2,512.7886962890625,658.5777587890625,58.062255859375,125.65362548828125,-1,-1,-1,-1
201,2,514.9943237304688,657.81982421875,58.5167236328125,125.59527587890625,-1,-1,-1,-1
202,2,522.9424438476562,652.3721923828125,56.302734375,127.91290283203125,-1,-1,-1,-1
203,2,525.0791625976562,643.9132080078125,57.68646240234375,126.97698974609375,-1,-1,-1,-1
204,2,527.4160766601562,635.9425659179688,56.2720947265625,128.40850830078125,-1,-1,-1,-1
205,2,527.5147705078125,623.8477783203125,55.68359375,128.494384765625,-1,-1,-1,-1
206,2,525.0703735351562,612.9644165039062,55.35809326171875,126.324951171875,-1,-1,-1,-1
207,2,521.4232788085938,605.7844848632812,56.14129638671875,126.19659423828125,-1,-1,-1,-1
208,2,514.4869995117188,601.894775390625,57.13751220703125,125.45672607421875,-1,-1,-1,-1
209,2,506.1123046875,597.4207763671875,59.13433837890625,128.5860595703125,-1,-1,-1,-1
210,2,499.9807434082031,594.6820068359375,56.509979248046875,129.50994873046875,-1,-1,-1,-1
211,2,495.8381042480469,589.6865844726562,55.114532470703125,127.35833740234375,-1,-1,-1,-1
212,2,491.5090026855469,580.612060546875,56.304656982421875,130.50543212890625,-1,-1,-1,-1
213,2,489.0827941894531,572.525390625,56.906707763671875,130.24017333984375,-1,-1,-1,-1
214,2,487.1986083984375,568.4077758789062,56.13818359375,130.49371337890625,-1,-1,-1,-1
215,2,486.56658935546875,567.7144775390625,53.0198974609375,130.70672607421875,-1,-1,-1,-1
216,2,485.0299072265625,567.0751342773438,51.82757568359375,130.72369384765625,-1,-1,-1,-1
217,2,484.89508056640625,569.2364501953125,51.1708984375,130.86920166015625,-1,-1,-1,-1
218,2,479.28485107421875,570.5711669921875,54.35791015625,131.391357421875,-1,-1,-1,-1
219,2,476.1806335449219,571.372802734375,52.728729248046875,131.74462890625,-1,-1,-1,-1
220,2,474.6916198730469,570.1854858398438,50.845611572265625,132.98089599609375,-1,-1,-1,-1
221,2,475.0787048339844,569.3317260742188,50.747100830078125,133.900634765625,-1,-1,-1,-1
222,2,477.13421630859375,571.3416748046875,51.78955078125,132.21026611328125,-1,-1,-1,-1
223,2,481.056396484375,571.4097900390625,51.68255615234375,132.47161865234375,-1,-1,-1,-1
224,2,487.40087890625,568.2539672851562,51.212158203125,132.49005126953125,-1,-1,-1,-1
225,2,490.51641845703125,565.2517700195312,52.21856689453125,132.33502197265625,-1,-1,-1,-1
226,2,491.1540222167969,563.5540771484375,51.872039794921875,131.974609375,-1,-1,-1,-1
227,2,490.3739013671875,563.3980712890625,51.096923828125,132.85064697265625,-1,-1,-1,-1
228,2,487.194580078125,562.9649658203125,51.79345703125,133.32989501953125,-1,-1,-1,-1
229,2,488.14849853515625,562.8035888671875,51.20831298828125,133.37725830078125,-1,-1,-1,-1
230,2,490.5833740234375,561.4057006835938,52.248046875,132.62939453125,-1,-1,-1,-1
231,2,494.568359375,557.407470703125,53.1551513671875,133.7161865234375,-1,-1,-1,-1
232,2,499.111328125,553.5783081054688,53.988525390625,132.27276611328125,-1,-1,-1,-1
233,2,507.02996826171875,550.6640014648438,52.36968994140625,130.84954833984375,-1,-1,-1,-1
234,2,510.85888671875,547.6358642578125,54.095703125,133.19940185546875,-1,-1,-1,-1
235,2,518.206298828125,547.7833862304688,52.32037353515625,132.12628173828125,-1,-1,-1,-1
236,2,523.8902587890625,549.9267578125,51.93048095703125,131.01251220703125,-1,-1,-1,-1
237,2,527.5413818359375,552.885498046875,51.94659423828125,130.7960205078125,-1,-1,-1,-1
238,2,527.4698486328125,554.8731689453125,53.14593505859375,131.21612548828125,-1,-1,-1,-1
239,2,530.2048950195312,558.176513671875,53.03045654296875,130.4486083984375,-1,-1,-1,-1
240,2,530.2777099609375,562.6382446289062,54.82080078125,131.21661376953125,-1,-1,-1,-1
241,2,532.4747314453125,566.2283325195312,53.45294189453125,130.8118896484375,-1,-1,-1,-1
242,2,529.2241821289062,571.6585083007812,50.53076171875,129.66497802734375,-1,-1,-1,-1
243,2,517.4965209960938,580.1619262695312,55.44049072265625,129.81500244140625,-1,-1,-1,-1
244,2,515.91796875,580.7350463867188,55.80010986328125,130.5877685546875,-1,-1,-1,-1
245,2,518.414794921875,577.488525390625,57.09967041015625,130.7216796875,-1,-1,-1,-1
246,2,524.6616821289062,579.9342651367188,54.20404052734375,130.26031494140625,-1,-1,-1,-1
247,2,515.98388671875,587.8295288085938,58.8116455078125,127.8294677734375,-1,-1,-1,-1
248,2,511.12420654296875,593.4915161132812,57.74713134765625,130.16400146484375,-1,-1,-1,-1
249,2,505.1772766113281,593.9254760742188,57.269439697265625,131.17181396484375,-1,-1,-1,-1
250,2,501.8524475097656,592.2788696289062,52.869232177734375,129.87579345703125,-1,-1,-1,-1
251,2,485.9487609863281,589.0958862304688,59.678192138671875,131.61175537109375,-1,-1,-1,-1
252,2,473.7579345703125,587.2237548828125,59.78216552734375,131.66949462890625,-1,-1,-1,-1
253,2,459.74322509765625,582.8319702148438,62.0943603515625,133.05816650390625,-1,-1,-1,-1
254,2,456.3704833984375,579.3412475585938,56.683624267578125,132.93194580078125,-1,-1,-1,-1
255,2,446.78802490234375,573.0888061523438,60.857147216796875,134.94781494140625,-1,-1,-1,-1
256,2,446.49853515625,567.3594970703125,57.858062744140625,133.7452392578125,-1,-1,-1,-1
257,2,446.3631591796875,565.8279418945312,55.858001708984375,134.26910400390625,-1,-1,-1,-1
258,2,444.7524719238281,568.584228515625,57.565155029296875,134.63616943359375,-1,-1,-1,-1
259,2,449.29534912109375,574.85302734375,56.302215576171875,135.27239990234375,-1,-1,-1,-1
260,2,450.95416259765625,581.7779541015625,57.746002197265625,134.37432861328125,-1,-1,-1,-1
261,2,454.47796630859375,587.9468383789062,56.566131591796875,134.896484375,-1,-1,-1,-1
262,2,454.0827331542969,589.1996459960938,56.570831298828125,135.05780029296875,-1,-1,-1,-1
263,2,457.36480712890625,584.6007690429688,54.87811279296875,134.5531005859375,-1,-1,-1,-1
264,2,462.0668029785156,577.3701171875,56.400238037109375,133.40576171875,-1,-1,-1,-1
265,2,473.4764404296875,564.8687744140625,55.091796875,134.12017822265625,-1,-1,-1,-1
266,2,484.6975402832031,550.67431640625,54.155975341796875,133.815673828125,-1,-1,-1,-1
267,2,495.8522644042969,539.3556518554688,55.786407470703125,134.34521484375,-1,-1,-1,-1
268,2,508.06134033203125,531.89306640625,56.8358154296875,135.120361328125,-1,-1,-1,-1
269,2,519.7446899414062,526.345703125,57.8280029296875,132.98211669921875,-1,-1,-1,-1
270,2,532.2181396484375,521.7545776367188,57.0225830078125,132.708984375,-1,-1,-1,-1
271,2,544.21044921875,516.1138916015625,55.6966552734375,135.0401611328125,-1,-1,-1,-1
272,2,556.823974609375,511.29718017578125,50.7803955078125,134.8203125,-1,-1,-1,-1
273,2,560.3952026367188,506.7144775390625,55.345947265625,133.700927734375,-1,-1,-1,-1
274,2,561.4138793945312,501.5913391113281,57.12884521484375,135.64059448242188,-1,-1,-1,-1
275,2,559.9421997070312,500.42547607421875,56.6976318359375,135.90167236328125,-1,-1,-1,-1
276,2,556.4447631835938,502.89556884765625,54.91168212890625,136.0985107421875,-1,-1,-1,-1
277,2,545.1926879882812,506.6815490722656,58.3565673828125,133.86581420898438,-1,-1,-1,-1
278,2,534.5978393554688,509.1473388671875,57.3646240234375,135.0223388671875,-1,-1,-1,-1
279,2,521.058349609375,511.41961669921875,57.2635498046875,135.40777587890625,-1,-1,-1,-1
280,2,506.9925231933594,517.7802734375,58.852630615234375,136.01019287109375,-1,-1,-1,-1
281,2,499.3092346191406,530.42138671875,56.788848876953125,136.3812255859375,-1,-1,-1,-1
282,2,498.0483703613281,544.6871948242188,54.223846435546875,136.42144775390625,-1,-1,-1,-1
283,2,500.0775451660156,560.7816162109375,53.438568115234375,135.4036865234375,-1,-1,-1,-1
284,2,500.5206298828125,571.1585693359375,54.90655517578125,134.47760009765625,-1,-1,-1,-1
285,2,499.8497314453125,577.4717407226562,54.77935791015625,133.5634765625,-1,-1,-1,-1
286,2,494.7927551269531,581.8113403320312,55.148162841796875,132.6939697265625,-1,-1,-1,-1
287,2,486.64208984375,588.5492553710938,54.8497314453125,135.31658935546875,-1,-1,-1,-1
288,2,473.23675537109375,590.559326171875,58.3704833984375,134.85205078125,-1,-1,-1,-1
289,2,467.54010009765625,590.4501953125,56.05181884765625,134.1585693359375,-1,-1,-1,-1
290,2,462.22454833984375,589.1412353515625,57.69232177734375,134.67083740234375,-1,-1,-1,-1
291,2,460.2589416503906,590.2841796875,58.835784912109375,134.869384765625,-1,-1,-1,-1
292,2,458.67529296875,592.7176513671875,57.735107421875,135.29730224609375,-1,-1,-1,-1
293,2,455.8753662109375,595.3917846679688,54.298614501953125,137.30157470703125,-1,-1,-1,-1
294,2,445.1417541503906,600.4982299804688,57.957672119140625,136.6292724609375,-1,-1,-1,-1
295,2,443.3817443847656,603.671875,55.00634765625,135.760498046875,-1,-1,-1,-1
296,2,435.6072998046875,603.6314086914062,57.88037109375,135.5445556640625,-1,-1,-1,-1
297,2,432.49285888671875,603.214599609375,58.241851806640625,136.5933837890625,-1,-1,-1,-1
298,2,428.9049377441406,600.1246337890625,57.656036376953125,138.8817138671875,-1,-1,-1,-1
299,2,419.27862548828125,596.3834838867188,59.620452880859375,139.82843017578125,-1,-1,-1,-1
300,2,413.54681396484375,592.2080078125,56.4195556640625,138.71337890625,-1,-1,-1,-1
301,2,400.0777587890625,585.3645629882812,59.056732177734375,140.7593994140625,-1,-1,-1,-1
302,2,388.2623596191406,578.6943969726562,57.2418212890625,141.55975341796875,-1,-1,-1,-1
303,2,375.2525329589844,571.3876953125,54.561798095703125,142.48077392578125,-1,-1,-1,-1
304,2,358.34857177734375,564.673095703125,57.079498291015625,144.92352294921875,-1,-1,-1,-1
305,2,346.6897277832031,559.1507568359375,61.278533935546875,144.31756591796875,-1,-1,-1,-1
306,2,346.19525146484375,553.5419921875,62.2906494140625,143.69586181640625,-1,-1,-1,-1
307,2,347.867431640625,550.7655639648438,62.335052490234375,145.38916015625,-1,-1,-1,-1
308,2,348.3767395019531,553.179931640625,63.91473388671875,144.74334716796875,-1,-1,-1,-1
309,2,358.8706970214844,557.076171875,59.74298095703125,143.2540283203125,-1,-1,-1,-1
310,2,365.2523193359375,562.1237182617188,60.94232177734375,141.37432861328125,-1,-1,-1,-1
311,2,374.0438232421875,564.5103759765625,60.8876953125,142.77020263671875,-1,-1,-1,-1
312,2,383.5262451171875,565.3968505859375,57.710357666015625,142.92041015625,-1,-1,-1,-1
313,2,387.3159484863281,570.4275512695312,58.54388427734375,141.0836181640625,-1,-1,-1,-1
314,2,390.12579345703125,575.1148071289062,60.97052001953125,139.1278076171875,-1,-1,-1,-1
315,2,399.3214416503906,576.9815063476562,57.4888916015625,137.9666748046875,-1,-1,-1,-1
316,2,404.8642578125,576.2022705078125,60.3013916015625,137.587158203125,-1,-1,-1,-1
317,2,415.4762268066406,573.3575439453125,59.362060546875,138.9202880859375,-1,-1,-1,-1
318,2,424.1430358886719,570.5191650390625,59.362457275390625,139.3592529296875,-1,-1,-1,-1
319,2,430.65106201171875,568.621337890625,59.031585693359375,138.674072265625,-1,-1,-1,-1
320,2,435.0411071777344,568.41162109375,59.164825439453125,138.98583984375,-1,-1,-1,-1
321,2,442.3978271484375,568.5413818359375,57.8218994140625,139.08642578125,-1,-1,-1,-1
322,2,446.4864807128906,568.6653442382812,58.181854248046875,138.5552978515625,-1,-1,-1,-1
323,2,450.262939453125,567.9318237304688,59.152099609375,138.65313720703125,-1,-1,-1,-1
324,2,456.4622802734375,566.7568969726562,58.178466796875,136.65789794921875,-1,-1,-1,-1
325,2,460.0611572265625,565.2548217773438,57.8072509765625,136.90716552734375,-1,-1,-1,-1
326,2,462.7468566894531,564.780029296875,58.085296630859375,135.7716064453125,-1,-1,-1,-1
327,2,466.3172912597656,565.6079711914062,56.508453369140625,135.164306640625,-1,-1,-1,-1
328,2,466.55865478515625,565.2141723632812,56.79376220703125,135.48931884765625,-1,-1,-1,-1
329,2,467.4642639160156,565.1123046875,56.346160888671875,135.7344970703125,-1,-1,-1,-1
330,2,469.59368896484375,565.5928955078125,56.08074951171875,135.70086669921875,-1,-1,-1,-1
331,2,469.6908264160156,566.2762451171875,59.179595947265625,136.3336181640625,-1,-1,-1,-1
332,2,469.3700866699219,568.5174560546875,60.841583251953125,135.80120849609375,-1,-1,-1,-1
333,2,468.2040100097656,569.9771118164062,61.158416748046875,136.7213134765625,-1,-1,-1,-1
334,2,467.8507385253906,570.6160888671875,60.351470947265625,136.18603515625,-1,-1,-1,-1
335,2,468.56195068359375,569.7515869140625,58.04351806640625,137.54193115234375,-1,-1,-1,-1
336,2,469.1405944824219,570.7477416992188,57.060272216796875,137.3729248046875,-1,-1,-1,-1
337,2,469.19537353515625,571.8153076171875,57.140869140625,137.04217529296875,-1,-1,-1,-1
338,2,470.78717041015625,573.0252075195312,56.5164794921875,136.8985595703125,-1,-1,-1,-1
339,2,471.0344543457031,570.9321899414062,56.508209228515625,137.66900634765625,-1,-1,-1,-1
340,2,471.76129150390625,568.8482055664062,56.0015869140625,136.83453369140625,-1,-1,-1,-1
341,2,471.903564453125,565.82275390625,56.85284423828125,135.49761962890625,-1,-1,-1,-1
342,2,470.5194396972656,563.376953125,57.336822509765625,135.77105712890625,-1,-1,-1,-1
343,2,471.2174377441406,560.2695922851562,54.891387939453125,137.33111572265625,-1,-1,-1,-1
344,2,466.88824462890625,556.5443725585938,57.061279296875,138.2706298828125,-1,-1,-1,-1
345,2,463.7950134277344,553.648681640625,58.400115966796875,136.78240966796875,-1,-1,-1,-1
346,2,463.08258056640625,551.2943725585938,58.04376220703125,136.2005615234375,-1,-1,-1,-1
347,2,461.4703674316406,549.5585327148438,58.037322998046875,135.06292724609375,-1,-1,-1,-1
348,2,460.6343994140625,547.6722412109375,57.940673828125,135.858642578125,-1,-1,-1,-1
349,2,459.3423767089844,544.9471435546875,57.912017822265625,137.82989501953125,-1,-1,-1,-1
350,2,456.35821533203125,543.2671508789062,57.085723876953125,138.986572265625,-1,-1,-1,-1
351,2,452.09716796875,542.818115234375,57.527496337890625,138.96429443359375,-1,-1,-1,-1
352,2,446.7098083496094,543.3251953125,58.9248046875,138.5146484375,-1,-1,-1,-1
353,2,446.1307067871094,544.5394287109375,57.258087158203125,138.57452392578125,-1,-1,-1,-1
354,2,445.7533264160156,547.723876953125,54.76397705078125,137.61285400390625,-1,-1,-1,-1
355,2,440.02801513671875,549.6917724609375,57.5438232421875,137.03143310546875,-1,-1,-1,-1
356,2,439.7539367675781,551.82763671875,57.96514892578125,138.2803955078125,-1,-1,-1,-1
357,2,440.5927734375,554.7606201171875,57.695587158203125,139.42425537109375,-1,-1,-1,-1
358,2,442.22894287109375,558.0999755859375,56.584686279296875,139.20709228515625,-1,-1,-1,-1
359,2,443.40802001953125,559.9323120117188,57.0245361328125,138.33929443359375,-1,-1,-1,-1
360,2,446.14263916015625,560.9568481445312,57.912872314453125,136.92730712890625,-1,-1,-1,-1
361,2,448.6503601074219,562.1986694335938,59.425994873046875,135.62042236328125,-1,-1,-1,-1
362,2,459.3367004394531,563.83349609375,53.873382568359375,135.5111083984375,-1,-1,-1,-1
363,2,460.72705078125,564.0606689453125,56.2589111328125,135.45831298828125,-1,-1,-1,-1
364,2,463.0249328613281,563.7551879882812,57.974395751953125,135.18963623046875,-1,-1,-1,-1
365,2,472.6089172363281,564.1231079101562,53.156524658203125,135.99920654296875,-1,-1,-1,-1
366,2,473.5506286621094,563.5880737304688,55.842376708984375,135.4658203125,-1,-1,-1,-1
367,2,473.3304138183594,563.239501953125,58.460479736328125,135.72833251953125,-1,-1,-1,-1
368,2,474.591064453125,563.1396484375,58.47271728515625,135.4698486328125,-1,-1,-1,-1
369,2,474.32781982421875,563.78515625,58.71624755859375,134.81787109375,-1,-1,-1,-1
370,2,474.35211181640625,564.0096435546875,57.8543701171875,134.9991455078125,-1,-1,-1,-1
371,2,474.16900634765625,563.7059936523438,58.0372314453125,134.8857421875,-1,-1,-1,-1
372,2,473.8676452636719,561.8677978515625,58.122833251953125,135.82159423828125,-1,-1,-1,-1
373,2,473.2267761230469,560.0786743164062,58.107086181640625,136.76226806640625,-1,-1,-1,-1
374,2,472.995361328125,558.772216796875,56.53448486328125,137.691162109375,-1,-1,-1,-1
375,2,469.7673645019531,557.2346801757812,57.819610595703125,137.77703857421875,-1,-1,-1,-1
376,2,467.35931396484375,554.3634643554688,57.5869140625,137.32757568359375,-1,-1,-1,-1
377,2,469.8045349121094,552.1222534179688,52.990325927734375,137.65496826171875,-1,-1,-1,-1
378,2,467.2730407714844,550.9125366210938,54.462127685546875,138.02288818359375,-1,-1,-1,-1
379,2,463.4197082519531,549.8251342773438,57.046173095703125,136.55419921875,-1,-1,-1,-1
380,2,461.5443420410156,549.16552734375,57.854278564453125,135.72265625,-1,-1,-1,-1
381,2,461.3593444824219,547.0191650390625,58.072967529296875,136.27490234375,-1,-1,-1,-1
382,2,460.6162414550781,542.97900390625,57.920989990234375,138.08184814453125,-1,-1,-1,-1
383,2,461.4419250488281,537.9066772460938,57.726531982421875,140.11248779296875,-1,-1,-1,-1
384,2,460.5293884277344,535.2163696289062,58.064483642578125,135.96978759765625,-1,-1,-1,-1
385,2,458.97796630859375,529.5597534179688,58.93511962890625,138.96539306640625,-1,-1,-1,-1
386,2,456.3020324707031,524.3909912109375,58.821746826171875,140.482666015625,-1,-1,-1,-1
387,2,456.3264465332031,520.8547973632812,56.19085693359375,138.16845703125,-1,-1,-1,-1
388,2,454.6035461425781,515.1600341796875,56.370880126953125,140.10345458984375,-1,-1,-1,-1
389,2,449.9976806640625,507.9852600097656,58.502838134765625,141.47433471679688,-1,-1,-1,-1
390,2,446.56634521484375,503.0460205078125,59.354339599609375,139.86492919921875,-1,-1,-1,-1
391,2,443.5020751953125,498.755615234375,60.214569091796875,141.46685791015625,-1,-1,-1,-1
392,2,442.8625183105469,495.0346374511719,60.174102783203125,142.69509887695312,-1,-1,-1,-1
393,2,443.4696044921875,494.3206481933594,59.47308349609375,142.01339721679688,-1,-1,-1,-1
394,2,444.8734130859375,494.4584045410156,58.1021728515625,142.06185913085938,-1,-1,-1,-1
395,2,443.0000305175781,495.162353515625,60.125,143.02978515625,-1,-1,-1,-1
396,2,444.76177978515625,495.986083984375,58.95184326171875,142.69659423828125,-1,-1,-1,-1
397,2,444.77825927734375,497.9300537109375,59.206817626953125,141.64385986328125,-1,-1,-1,-1
398,2,444.82098388671875,499.59930419921875,59.18389892578125,141.050537109375,-1,-1,-1,-1
399,2,443.5242004394531,500.803466796875,59.777801513671875,141.48431396484375,-1,-1,-1,-1
400,2,442.5086364746094,502.0980224609375,59.22802734375,140.73248291015625,-1,-1,-1,-1
401,2,443.8033752441406,504.2231750488281,57.218994140625,140.65225219726562,-1,-1,-1,-1
402,2,444.14154052734375,507.0700378417969,56.601898193359375,140.56307983398438,-1,-1,-1,-1
403,2,442.45574951171875,511.76055908203125,58.8426513671875,141.7962646484375,-1,-1,-1,-1
404,2,444.17645263671875,519.9209594726562,58.556976318359375,138.12359619140625,-1,-1,-1,-1
405,2,443.8643798828125,527.2662963867188,59.22802734375,139.342041015625,-1,-1,-1,-1
406,2,443.9527282714844,535.2661743164062,60.6435546875,137.95758056640625,-1,-1,-1,-1
407,2,444.81121826171875,543.775146484375,58.641815185546875,138.591796875,-1,-1,-1,-1
408,2,444.1259765625,554.37255859375,58.293365478515625,138.00885009765625,-1,-1,-1,-1
409,2,444.71881103515625,564.3921508789062,57.893402099609375,136.35052490234375,-1,-1,-1,-1
410,2,446.5074157714844,573.1668701171875,56.983245849609375,137.22015380859375,-1,-1,-1,-1
411,2,448.8865661621094,578.5404663085938,57.33673095703125,135.73834228515625,-1,-1,-1,-1
412,2,452.4801330566406,579.65380859375,57.208587646484375,135.64508056640625,-1,-1,-1,-1
413,2,454.1175537109375,578.152587890625,55.896514892578125,135.09014892578125,-1,-1,-1,-1
414,2,453.6180419921875,577.2740478515625,56.5245361328125,134.94842529296875,-1,-1,-1,-1
415,2,451.8487548828125,578.6261596679688,58.12158203125,135.0704345703125,-1,-1,-1,-1
416,2,451.09747314453125,583.2559204101562,59.42376708984375,137.14892578125,-1,-1,-1,-1
417,2,458.37445068359375,591.2621459960938,55.49627685546875,135.50482177734375,-1,-1,-1,-1
418,2,460.00445556640625,598.0791015625,57.4847412109375,136.035400390625,-1,-1,-1,-1
419,2,462.7441711425781,605.3282470703125,57.170196533203125,133.76617431640625,-1,-1,-1,-1
420,2,464.62579345703125,611.403564453125,57.53143310546875,135.570556640625,-1,-1,-1,-1
421,2,465.2733154296875,617.8828735351562,56.96026611328125,133.94146728515625,-1,-1,-1,-1
422,2,467.0819091796875,619.044921875,56.15826416015625,134.154296875,-1,-1,-1,-1
423,2,469.51544189453125,618.6421508789062,54.14727783203125,133.805908203125,-1,-1,-1,-1
424,2,463.4581298828125,618.6751098632812,57.95440673828125,133.76104736328125,-1,-1,-1,-1
425,2,458.26776123046875,620.6600341796875,57.2220458984375,133.7623291015625,-1,-1,-1,-1
426,2,456.3474426269531,621.4818725585938,55.058624267578125,133.6705322265625,-1,-1,-1,-1
427,2,455.80194091796875,620.5055541992188,54.67132568359375,134.05828857421875,-1,-1,-1,-1
428,2,456.17181396484375,617.4674682617188,56.333526611328125,135.091796875,-1,-1,-1,-1
429,2,455.9742431640625,614.8121948242188,57.398162841796875,135.94818115234375,-1,-1,-1,-1
430,2,454.9583435058594,611.0225830078125,55.20489501953125,136.032470703125,-1,-1,-1,-1
431,2,448.0904846191406,607.6279296875,58.716094970703125,134.474853515625,-1,-1,-1,-1
432,2,446.9820556640625,607.3597412109375,56.67962646484375,135.157470703125,-1,-1,-1,-1
433,2,445.3064880371094,607.7576904296875,57.50970458984375,135.1019287109375,-1,-1,-1,-1
434,2,445.33782958984375,607.0396728515625,58.487152099609375,135.3572998046875,-1,-1,-1,-1
435,2,444.0857238769531,604.6409301757812,57.46246337890625,135.55657958984375,-1,-1,-1,-1
436,2,442.2740783691406,600.5850219726562,54.41864013671875,137.238525390625,-1,-1,-1,-1
437,2,432.0917053222656,598.793701171875,58.805572509765625,137.8359375,-1,-1,-1,-1
438,2,428.4933166503906,599.0726928710938,58.07342529296875,138.29510498046875,-1,-1,-1,-1
439,2,426.77777099609375,600.3095092773438,55.915069580078125,139.5263671875,-1,-1,-1,-1
440,2,419.61663818359375,601.2990112304688,59.71527099609375,138.8035888671875,-1,-1,-1,-1
441,2,415.4000244140625,601.1696166992188,60.02252197265625,138.7398681640625,-1,-1,-1,-1
442,2,413.106689453125,597.698486328125,59.1416015625,140.06573486328125,-1,-1,-1,-1
443,2,410.1843566894531,594.24658203125,57.756011962890625,141.07861328125,-1,-1,-1,-1
444,2,402.75164794921875,591.0720825195312,60.332275390625,138.88140869140625,-1,-1,-1,-1
445,2,398.5438232421875,583.0228881835938,58.87066650390625,141.03448486328125,-1,-1,-1,-1
446,2,391.97772216796875,575.8715209960938,59.487701416015625,139.16021728515625,-1,-1,-1,-1
447,2,388.3148193359375,564.9536743164062,59.878082275390625,142.4324951171875,-1,-1,-1,-1
448,2,387.4945068359375,554.0879516601562,61.837799072265625,142.61566162109375,-1,-1,-1,-1
449,2,393.7773132324219,542.6905517578125,59.857177734375,142.384765625,-1,-1,-1,-1
450,2,401.90740966796875,529.14794921875,62.08966064453125,140.9803466796875,-1,-1,-1,-1
451,2,417.265380859375,514.0853881835938,61.4073486328125,141.4718017578125,-1,-1,-1,-1
452,2,433.747314453125,498.8811340332031,61.06744384765625,141.34719848632812,-1,-1,-1,-1
453,2,450.1936340332031,481.83734130859375,59.78662109375,141.90252685546875,-1,-1,-1,-1
454,2,468.6644592285156,467.56878662109375,58.997833251953125,129.2584228515625,-1,-1,-1,-1
455,2,624.9866333007812,351.18878173828125,163.50689697265625,182.77874755859375,-1,-1,-1,-1
456,2,221.0203857421875,166.6697540283203,869.233154296875,583.2861328125,-1,-1,-1,-1
457,2,48.386810302734375,133.3783721923828,1139.902099609375,671.8423461914062,-1,-1,-1,-1
458,2,15.361885070800781,-16.442543029785156,1231.7646484375,908.0140380859375,-1,-1,-1,-1
459,2,10.319015502929688,-34.69788360595703,1246.5528564453125,1122.4234619140625,-1,-1,-1,-1
460,2,6.313648223876953,-110.3480224609375,1240.87646484375,1383.7457275390625,-1,-1,-1,-1
461,2,2.9294395446777344,-30.261276245117188,1038.788818359375,1404.677490234375,-1,-1,-1,-1
1,3,764.4837646484375,694.8894653320312,176.2220458984375,307.8941650390625,-1,-1,-1,-1
2,3,772.744873046875,685.2496337890625,166.53741455078125,313.37896728515625,-1,-1,-1,-1
3,3,770.081787109375,675.7083129882812,140.88714599609375,311.924072265625,-1,-1,-1,-1
4,3,772.4014282226562,669.896240234375,125.6192626953125,312.8851318359375,-1,-1,-1,-1
5,3,769.2310791015625,667.7312622070312,121.7994384765625,312.71478271484375,-1,-1,-1,-1
6,3,750.7354736328125,666.8695068359375,131.09979248046875,310.0948486328125,-1,-1,-1,-1
7,3,734.7115478515625,671.2125854492188,146.00439453125,307.02685546875,-1,-1,-1,-1
8,3,733.4468383789062,677.1441650390625,136.18572998046875,303.7452392578125,-1,-1,-1,-1
9,3,735.0074462890625,679.5658569335938,122.93927001953125,294.99249267578125,-1,-1,-1,-1
10,3,737.379150390625,677.65283203125,117.69622802734375,292.9091796875,-1,-1,-1,-1
11,3,736.6315307617188,671.468017578125,117.61956787109375,297.34185791015625,-1,-1,-1,-1
12,3,735.8465576171875,664.2252807617188,117.77374267578125,301.1072998046875,-1,-1,-1,-1
13,3,733.9063720703125,659.095703125,122.16015625,303.15740966796875,-1,-1,-1,-1
14,3,731.9794921875,657.970703125,132.1871337890625,303.9649658203125,-1,-1,-1,-1
15,3,731.1677856445312,660.389404296875,136.43060302734375,301.78912353515625,-1,-1,-1,-1
16,3,730.0946655273438,663.4091796875,137.273193359375,297.1033935546875,-1,-1,-1,-1
17,3,726.7582397460938,664.9371948242188,141.5714111328125,291.22149658203125,-1,-1,-1,-1
18,3,727.2083740234375,663.8125,145.387939453125,286.81793212890625,-1,-1,-1,-1
19,3,726.3360595703125,659.5172729492188,153.31939697265625,283.19451904296875,-1,-1,-1,-1
20,3,736.2644653320312,652.3689575195312,145.52691650390625,283.36712646484375,-1,-1,-1,-1
21,3,754.4990234375,643.7465209960938,131.719482421875,284.77655029296875,-1,-1,-1,-1
22,3,778.3609008789062,634.1732177734375,110.65069580078125,288.06317138671875,-1,-1,-1,-1
23,3,800.2789916992188,626.13720703125,91.3560791015625,285.56292724609375,-1,-1,-1,-1
24,3,807.84375,621.6754760742188,84.99871826171875,283.28253173828125,-1,-1,-1,-1
25,3,809.9674682617188,621.886962890625,84.99932861328125,276.89996337890625,-1,-1,-1,-1
26,3,810.0944213867188,627.2127685546875,89.39141845703125,273.2391357421875,-1,-1,-1,-1
27,3,809.764892578125,631.9931640625,95.18463134765625,271.52349853515625,-1,-1,-1,-1
28,3,812.478271484375,637.000244140625,101.7572021484375,264.9661865234375,-1,-1,-1,-1
29,3,811.0523071289062,640.626953125,110.65777587890625,259.7757568359375,-1,-1,-1,-1
30,3,812.5315551757812,642.0934448242188,111.88372802734375,254.77069091796875,-1,-1,-1,-1
31,3,816.1681518554688,642.3780517578125,106.5205078125,250.17498779296875,-1,-1,-1,-1
32,3,818.827880859375,642.1307983398438,103.97698974609375,247.09161376953125,-1,-1,-1,-1
33,3,819.547119140625,641.5145874023438,102.651123046875,242.34539794921875,-1,-1,-1,-1
34,3,821.3779907226562,638.8080444335938,100.5706787109375,241.85302734375,-1,-1,-1,-1
35,3,821.1512451171875,636.7603149414062,100.5567626953125,241.371826171875,-1,-1,-1,-1
36,3,813.4945678710938,634.8363647460938,107.50726318359375,240.4813232421875,-1,-1,-1,-1
37,3,801.2677001953125,635.6566772460938,118.989013671875,239.47869873046875,-1,-1,-1,-1
38,3,791.324951171875,638.6182250976562,125.775390625,234.23388671875,-1,-1,-1,-1
39,3,787.382080078125,642.7083129882812,128.92303466796875,230.66912841796875,-1,-1,-1,-1
40,3,784.1077880859375,645.0399780273438,131.4481201171875,229.51300048828125,-1,-1,-1,-1
41,3,783.5057373046875,646.2664184570312,131.187744140625,228.04168701171875,-1,-1,-1,-1
42,3,783.7396240234375,645.6503295898438,128.82855224609375,229.0360107421875,-1,-1,-1,-1
43,3,784.2142333984375,643.6093139648438,124.72265625,228.95660400390625,-1,-1,-1,-1
44,3,782.6387329101562,640.6201171875,121.0555419921875,232.869140625,-1,-1,-1,-1
45,3,779.9341430664062,637.6327514648438,108.387451171875,236.46807861328125,-1,-1,-1,-1
46,3,770.3742065429688,635.6309814453125,106.7027587890625,238.97149658203125,-1,-1,-1,-1
47,3,767.776611328125,634.4837036132812,99.8885498046875,241.20050048828125,-1,-1,-1,-1
48,3,764.6669921875,635.0327758789062,101.74322509765625,241.85577392578125,-1,-1,-1,-1
49,3,756.484130859375,637.9326782226562,108.35693359375,241.3681640625,-1,-1,-1,-1
50,3,748.9923095703125,640.5006713867188,107.70159912109375,241.446044921875,-1,-1,-1,-1
51,3,748.53857421875,642.9863891601562,104.3245849609375,239.7890625,-1,-1,-1,-1
52,3,742.8369140625,644.6301879882812,102.75640869140625,240.45623779296875,-1,-1,-1,-1
53,3,740.3076171875,645.0087890625,104.2529296875,241.74212646484375,-1,-1,-1,-1
54,3,736.8263549804688,645.4652709960938,97.1417236328125,241.22686767578125,-1,-1,-1,-1
55,3,733.8442993164062,644.1937866210938,98.34033203125,243.72430419921875,-1,-1,-1,-1
56,3,727.6297607421875,642.2765502929688,98.9979248046875,246.166259765625,-1,-1,-1,-1
57,3,722.9066162109375,641.1366577148438,101.24627685546875,249.12542724609375,-1,-1,-1,-1
58,3,709.3900146484375,638.4208984375,109.62921142578125,251.58270263671875,-1,-1,-1,-1
59,3,692.4014282226562,637.2868041992188,121.49847412109375,252.52728271484375,-1,-1,-1,-1
60,3,680.1324462890625,637.8495483398438,129.43035888671875,252.06341552734375,-1,-1,-1,-1
61,3,671.73388671875,639.22705078125,133.883544921875,250.24945068359375,-1,-1,-1,-1
62,3,667.2803344726562,642.438232421875,132.53619384765625,248.30615234375,-1,-1,-1,-1
63,3,665.6851806640625,645.2515258789062,129.30755615234375,246.29095458984375,-1,-1,-1,-1
64,3,667.5198974609375,647.0547485351562,125.454833984375,244.81591796875,-1,-1,-1,-1
65,3,668.2091674804688,646.2312622070312,122.73248291015625,245.3382568359375,-1,-1,-1,-1
66,3,669.3447265625,642.1978759765625,122.0390625,250.03558349609375,-1,-1,-1,-1
67,3,668.3534545898438,637.917724609375,125.43231201171875,253.74822998046875,-1,-1,-1,-1
68,3,667.2107543945312,637.4072875976562,126.1182861328125,251.606689453125,-1,-1,-1,-1
69,3,665.2040405273438,637.5222778320312,119.1439208984375,250.1717529296875,-1,-1,-1,-1
70,3,664.81689453125,636.566650390625,109.12469482421875,252.61724853515625,-1,-1,-1,-1
71,3,661.4676513671875,636.7835083007812,108.3968505859375,252.42242431640625,-1,-1,-1,-1
72,3,662.7268676757812,636.4510498046875,105.4708251953125,251.6832275390625,-1,-1,-1,-1
73,3,661.7901611328125,635.859375,106.67608642578125,249.474365234375,-1,-1,-1,-1
74,3,662.2664184570312,635.9151611328125,107.97943115234375,248.4091796875,-1,-1,-1,-1
75,3,662.5078125,636.952392578125,107.15625,246.84710693359375,-1,-1,-1,-1
76,3,661.6948852539062,639.260498046875,105.840576171875,243.43994140625,-1,-1,-1,-1
77,3,664.5853881835938,640.5972900390625,100.1669921875,241.940185546875,-1,-1,-1,-1
78,3,668.4434814453125,640.8779296875,101.533447265625,241.49786376953125,-1,-1,-1,-1
79,3,670.71728515625,640.715087890625,100.20867919921875,242.3076171875,-1,-1,-1,-1
80,3,674.97314453125,639.663330078125,99.041748046875,243.63629150390625,-1,-1,-1,-1
81,3,676.827880859375,638.251708984375,97.3306884765625,244.47509765625,-1,-1,-1,-1
82,3,684.0792236328125,637.2501220703125,94.01580810546875,243.3487548828125,-1,-1,-1,-1
83,3,686.8473510742188,637.11376953125,93.64666748046875,241.50799560546875,-1,-1,-1,-1
84,3,691.7061767578125,635.7449340820312,86.62451171875,238.353271484375,-1,-1,-1,-1
85,3,699.9541015625,634.4443969726562,82.675048828125,235.5628662109375,-1,-1,-1,-1
86,3,706.8740844726562,635.77392578125,85.0096435546875,233.9649658203125,-1,-1,-1,-1
87,3,710.6270751953125,637.418701171875,88.83111572265625,233.5235595703125,-1,-1,-1,-1
88,3,710.2764892578125,638.8947143554688,92.46942138671875,233.21728515625,-1,-1,-1,-1
89,3,706.8294677734375,639.3787841796875,98.04541015625,232.482177734375,-1,-1,-1,-1
90,3,708.6364135742188,638.3995361328125,94.793701171875,233.10308837890625,-1,-1,-1,-1
91,3,717.0081787109375,637.5186767578125,86.928955078125,232.60711669921875,-1,-1,-1,-1
92,3,718.783203125,636.305908203125,84.97357177734375,232.98626708984375,-1,-1,-1,-1
93,3,719.1807861328125,636.0166625976562,86.596923828125,232.59637451171875,-1,-1,-1,-1
94,3,721.2269287109375,636.1747436523438,85.77227783203125,231.842041015625,-1,-1,-1,-1
95,3,724.528564453125,637.8031005859375,84.1243896484375,230.15838623046875,-1,-1,-1,-1
96,3,721.5892944335938,640.0299072265625,87.97998046875,228.3941650390625,-1,-1,-1,-1
97,3,724.351806640625,642.3618774414062,83.798583984375,225.67083740234375,-1,-1,-1,-1
98,3,720.5072631835938,645.3457641601562,84.52252197265625,220.43621826171875,-1,-1,-1,-1
99,3,702.2001342773438,650.4509887695312,100.81005859375,213.6728515625,-1,-1,-1,-1
100,3,714.4705200195312,655.483642578125,88.5596923828125,207.47222900390625,-1,-1,-1,-1
101,3,717.3582763671875,660.3798217773438,84.26776123046875,202.82171630859375,-1,-1,-1,-1
102,3,702.2110595703125,663.7708740234375,100.99432373046875,199.53546142578125,-1,-1,-1,-1
103,3,697.1934814453125,666.0550537109375,107.37701416015625,198.1058349609375,-1,-1,-1,-1
104,3,692.114013671875,668.81640625,111.57049560546875,196.504638671875,-1,-1,-1,-1
105,3,698.1353759765625,670.3562622070312,107.75286865234375,195.5074462890625,-1,-1,-1,-1
106,3,715.0120849609375,670.5692138671875,92.18756103515625,195.42669677734375,-1,-1,-1,-1
107,3,723.2901611328125,668.6002807617188,84.33587646484375,196.3726806640625,-1,-1,-1,-1
108,3,696.9052734375,663.55615234375,110.426025390625,200.50390625,-1,-1,-1,-1
109,3,706.0780029296875,658.2361450195312,104.06610107421875,205.55242919921875,-1,-1,-1,-1
110,3,707.4989013671875,652.4979858398438,104.0897216796875,212.76593017578125,-1,-1,-1,-1
111,3,729.0755004882812,649.2661743164062,82.69500732421875,217.53228759765625,-1,-1,-1,-1
112,3,728.4865112304688,647.8141479492188,84.76678466796875,219.75994873046875,-1,-1,-1,-1
113,3,731.3828125,649.412841796875,83.619873046875,219.6048583984375,-1,-1,-1,-1
114,3,733.6793212890625,653.806884765625,80.8001708984375,216.9814453125,-1,-1,-1,-1
115,3,735.0211181640625,657.1917724609375,80.1273193359375,215.7666015625,-1,-1,-1,-1
116,3,738.1182250976562,658.917724609375,77.67724609375,215.562744140625,-1,-1,-1,-1
117,3,738.74951171875,658.9178466796875,76.90948486328125,217.2333984375,-1,-1,-1,-1
118,3,737.6181640625,658.2188720703125,76.46990966796875,218.60028076171875,-1,-1,-1,-1
119,3,735.7276611328125,656.31689453125,73.28521728515625,217.8006591796875,-1,-1,-1,-1
120,3,734.3601684570312,653.5407104492188,72.44293212890625,217.84283447265625,-1,-1,-1,-1
121,3,734.2298583984375,650.3073120117188,70.25970458984375,215.909912109375,-1,-1,-1,-1
122,3,731.228759765625,647.4376220703125,68.1866455078125,213.9228515625,-1,-1,-1,-1
123,3,732.2012329101562,645.5741577148438,64.10565185546875,207.30352783203125,-1,-1,-1,-1
124,3,729.3277587890625,644.8598022460938,64.5775146484375,203.69342041015625,-1,-1,-1,-1
125,3,728.9837646484375,644.0909423828125,64.353759765625,198.0869140625,-1,-1,-1,-1
126,3,723.822998046875,643.2305297851562,67.8773193359375,196.63037109375,-1,-1,-1,-1
127,3,717.0138549804688,643.4271850585938,73.39715576171875,195.47308349609375,-1,-1,-1,-1
128,3,711.7960205078125,644.1756591796875,78.86053466796875,193.7735595703125,-1,-1,-1,-1
129,3,705.4329833984375,646.1395874023438,83.82659912109375,192.06646728515625,-1,-1,-1,-1
130,3,699.822509765625,647.8486938476562,85.21453857421875,189.24359130859375,-1,-1,-1,-1
131,3,698.9812622070312,651.3409423828125,83.5528564453125,186.42022705078125,-1,-1,-1,-1
132,3,696.3099975585938,655.6082763671875,87.3524169921875,186.89385986328125,-1,-1,-1,-1
133,3,695.673828125,659.5234985351562,92.35528564453125,187.3509521484375,-1,-1,-1,-1
134,3,697.7932739257812,662.4027099609375,92.900634765625,188.87579345703125,-1,-1,-1,-1
135,3,697.7489624023438,662.2408447265625,94.7391357421875,194.23052978515625,-1,-1,-1,-1
136,3,697.7107543945312,664.197021484375,94.29022216796875,192.93145751953125,-1,-1,-1,-1
137,3,699.0518798828125,664.0841674804688,95.5460205078125,192.58404541015625,-1,-1,-1,-1
138,3,697.9334716796875,662.7005615234375,97.23291015625,193.2445068359375,-1,-1,-1,-1
139,3,698.9395141601562,661.1279907226562,96.10345458984375,194.13311767578125,-1,-1,-1,-1
140,3,697.5836181640625,659.5828857421875,97.703369140625,194.9197998046875,-1,-1,-1,-1
141,3,697.212890625,658.5743408203125,99.3621826171875,195.76446533203125,-1,-1,-1,-1
142,3,696.5322265625,657.5549926757812,98.11090087890625,196.20379638671875,-1,-1,-1,-1
143,3,693.6258544921875,655.9295654296875,99.18572998046875,198.0108642578125,-1,-1,-1,-1
144,3,692.636474609375,654.83544921875,98.50604248046875,198.47076416015625,-1,-1,-1,-1
145,3,695.754638671875,652.7288818359375,96.816162109375,199.99176025390625,-1,-1,-1,-1
146,3,695.5037841796875,650.0968627929688,97.67535400390625,201.84747314453125,-1,-1,-1,-1
147,3,696.3959350585938,646.471435546875,96.32598876953125,204.4014892578125,-1,-1,-1,-1
148,3,695.2301025390625,644.6598510742188,83.69854736328125,201.35577392578125,-1,-1,-1,-1
149,3,695.0380249023438,643.478759765625,78.3446044921875,197.8585205078125,-1,-1,-1,-1
150,3,696.8811645507812,644.6443481445312,75.55230712890625,197.34619140625,-1,-1,-1,-1
151,3,699.76806640625,647.5010986328125,71.96588134765625,196.736083984375,-1,-1,-1,-1
152,3,696.42822265625,651.810546875,75.26611328125,192.6478271484375,-1,-1,-1,-1
153,3,699.6141967773438,658.1047973632812,73.4300537109375,187.5926513671875,-1,-1,-1,-1
154,3,695.47265625,662.4848022460938,84.1002197265625,184.01007080078125,-1,-1,-1,-1
155,3,691.12451171875,666.115966796875,100.58935546875,181.1558837890625,-1,-1,-1,-1
156,3,684.0299072265625,665.2252197265625,94.4117431640625,182.124267578125,-1,-1,-1,-1
157,3,679.7740478515625,663.55126953125,100.1463623046875,181.2650146484375,-1,-1,-1,-1
158,3,682.8076171875,662.5514526367188,72.84429931640625,174.39752197265625,-1,-1,-1,-1
159,3,680.4822387695312,661.1061401367188,69.07525634765625,163.6822509765625,-1,-1,-1,-1
160,3,674.7424926757812,661.1685791015625,69.92376708984375,158.07244873046875,-1,-1,-1,-1
161,3,675.9744262695312,662.0150756835938,69.4111328125,156.9547119140625,-1,-1,-1,-1
162,3,682.28515625,661.7697143554688,64.199462890625,156.14501953125,-1,-1,-1,-1
163,3,689.0013427734375,660.5476684570312,57.46630859375,153.83245849609375,-1,-1,-1,-1
164,3,689.6431274414062,658.6679077148438,57.6534423828125,148.70831298828125,-1,-1,-1,-1
165,3,687.5499267578125,657.2736206054688,59.58154296875,150.88641357421875,-1,-1,-1,-1
166,3,685.8289794921875,656.9863891601562,61.3460693359375,151.612060546875,-1,-1,-1,-1
167,3,681.4703369140625,659.42333984375,64.76544189453125,148.14093017578125,-1,-1,-1,-1
168,3,683.1314086914062,663.3621215820312,64.68695068359375,141.10638427734375,-1,-1,-1,-1
169,3,692.2066650390625,665.9852294921875,54.47088623046875,136.601318359375,-1,-1,-1,-1
170,3,689.9337768554688,667.7438354492188,56.2469482421875,131.734619140625,-1,-1,-1,-1
171,3,685.8574829101562,668.2821044921875,61.07183837890625,130.4361572265625,-1,-1,-1,-1
172,3,686.5859375,667.733154296875,60.18359375,130.53515625,-1,-1,-1,-1
173,3,685.5823364257812,667.1240844726562,60.78729248046875,131.9447021484375,-1,-1,-1,-1
174,3,689.7194213867188,666.385009765625,57.50152587890625,132.9024658203125,-1,-1,-1,-1
175,3,693.0050659179688,663.63427734375,54.03216552734375,136.052978515625,-1,-1,-1,-1
176,3,694.2412719726562,660.9805908203125,52.3077392578125,140.2442626953125,-1,-1,-1,-1
177,3,699.95166015625,656.5424194335938,46.32489013671875,144.31048583984375,-1,-1,-1,-1
178,3,700.3779907226562,652.2864379882812,45.78955078125,147.38482666015625,-1,-1,-1,-1
179,3,700.6380615234375,650.10205078125,45.85235595703125,148.53204345703125,-1,-1,-1,-1
180,3,700.0624389648438,649.25341796875,46.9774169921875,152.83056640625,-1,-1,-1,-1
181,3,701.5121459960938,648.6982421875,44.584228515625,153.72503662109375,-1,-1,-1,-1
182,3,701.6787719726562,647.9135131835938,44.4259033203125,157.42169189453125,-1,-1,-1,-1
183,3,699.3553466796875,647.9664916992188,45.972412109375,160.47698974609375,-1,-1,-1,-1
184,3,696.3400268554688,648.4781494140625,48.39923095703125,162.32147216796875,-1,-1,-1,-1
185,3,690.1744995117188,650.69384765625,55.00653076171875,163.40594482421875,-1,-1,-1,-1
186,3,685.2562255859375,655.0958251953125,60.60736083984375,164.271484375,-1,-1,-1,-1
187,3,687.370361328125,660.7416381835938,59.34271240234375,162.265380859375,-1,-1,-1,-1
188,3,683.9586791992188,663.854248046875,61.80511474609375,161.9501953125,-1,-1,-1,-1
189,3,691.6902465820312,665.1595458984375,54.88482666015625,160.8853759765625,-1,-1,-1,-1
190,3,690.7406616210938,669.3984375,58.15618896484375,163.3018798828125,-1,-1,-1,-1
191,3,687.381103515625,675.379638671875,64.5333251953125,168.82525634765625,-1,-1,-1,-1
192,3,684.7972412109375,680.7295532226562,68.39605712890625,171.4718017578125,-1,-1,-1,-1
193,3,684.2103271484375,684.9111328125,69.42169189453125,173.70111083984375,-1,-1,-1,-1
194,3,687.4917602539062,688.4710693359375,66.91204833984375,176.3980712890625,-1,-1,-1,-1
195,3,689.24267578125,689.0712890625,65.2025146484375,180.9058837890625,-1,-1,-1,-1
196,3,687.0446166992188,687.6730346679688,65.85662841796875,183.7591552734375,-1,-1,-1,-1
197,3,682.2813720703125,682.0460205078125,66.841064453125,188.85687255859375,-1,-1,-1,-1
198,3,676.7662963867188,675.8965454101562,68.3359375,189.79217529296875,-1,-1,-1,-1
199,3,680.35302734375,672.7674560546875,67.65179443359375,193.94781494140625,-1,-1,-1,-1
200,3,677.7266235351562,671.5709228515625,70.390869140625,197.60693359375,-1,-1,-1,-1
201,3,668.2031860351562,670.16650390625,86.700439453125,198.00067138671875,-1,-1,-1,-1
202,3,671.4620361328125,663.2446899414062,89.16082763671875,200.57958984375,-1,-1,-1,-1
203,3,684.2657470703125,653.2276611328125,93.72119140625,200.7303466796875,-1,-1,-1,-1
204,3,694.8931274414062,646.6448974609375,87.18707275390625,196.8465576171875,-1,-1,-1,-1
205,3,699.7565307617188,636.6334228515625,89.25750732421875,197.9710693359375,-1,-1,-1,-1
206,3,698.6480712890625,625.5210571289062,85.371826171875,201.34918212890625,-1,-1,-1,-1
207,3,698.4340209960938,619.5879516601562,85.63214111328125,205.81475830078125,-1,-1,-1,-1
208,3,693.7487182617188,616.9025268554688,79.66473388671875,208.83148193359375,-1,-1,-1,-1
209,3,687.72412109375,613.649169921875,81.10150146484375,212.34710693359375,-1,-1,-1,-1
210,3,680.6394653320312,611.372802734375,82.88983154296875,213.3602294921875,-1,-1,-1,-1
211,3,678.3988037109375,605.2536010742188,84.844970703125,218.15948486328125,-1,-1,-1,-1
212,3,679.0193481445312,596.8971557617188,83.7322998046875,216.1695556640625,-1,-1,-1,-1
213,3,683.2786865234375,586.0738525390625,82.631591796875,218.4637451171875,-1,-1,-1,-1
214,3,685.6495361328125,576.2806396484375,81.38214111328125,221.186767578125,-1,-1,-1,-1
215,3,685.21875,572.0582275390625,83.07769775390625,223.860595703125,-1,-1,-1,-1
216,3,683.20849609375,569.1943359375,89.2369384765625,226.1260986328125,-1,-1,-1,-1
217,3,683.1722412109375,570.6673583984375,93.885498046875,229.30126953125,-1,-1,-1,-1
218,3,684.9793701171875,571.1922607421875,91.0936279296875,238.4407958984375,-1,-1,-1,-1
219,3,683.6181640625,569.2354736328125,88.53106689453125,240.52001953125,-1,-1,-1,-1
220,3,679.3594360351562,566.7333374023438,92.2529296875,246.16571044921875,-1,-1,-1,-1
221,3,681.2791748046875,564.1334838867188,99.1300048828125,248.96905517578125,-1,-1,-1,-1
222,3,689.3273315429688,564.01904296875,93.0172119140625,249.649658203125,-1,-1,-1,-1
223,3,694.3903198242188,560.614990234375,93.93756103515625,254.1409912109375,-1,-1,-1,-1
224,3,708.3063354492188,554.3743286132812,85.437255859375,258.10870361328125,-1,-1,-1,-1
225,3,717.556640625,546.1859130859375,84.83203125,260.055419921875,-1,-1,-1,-1
226,3,723.6553955078125,540.066162109375,83.93218994140625,263.47406005859375,-1,-1,-1,-1
227,3,724.2359008789062,535.5055541992188,85.69390869140625,265.14447021484375,-1,-1,-1,-1
228,3,726.041259765625,532.158203125,94.4627685546875,265.34375,-1,-1,-1,-1
229,3,733.2147216796875,529.3256225585938,103.5118408203125,267.40631103515625,-1,-1,-1,-1
230,3,743.0601806640625,524.6094970703125,112.3974609375,272.0623779296875,-1,-1,-1,-1
231,3,755.1644897460938,521.3074340820312,115.62164306640625,272.0865478515625,-1,-1,-1,-1
232,3,764.5967407226562,515.293701171875,115.9150390625,275.001220703125,-1,-1,-1,-1
233,3,771.967529296875,512.0884704589844,114.52801513671875,274.9361877441406,-1,-1,-1,-1
234,3,778.380615234375,508.51031494140625,116.08978271484375,278.91497802734375,-1,-1,-1,-1
235,3,787.9854736328125,508.6378173828125,120.8885498046875,279.59075927734375,-1,-1,-1,-1
236,3,805.745849609375,511.5556945800781,111.523193359375,281.9894714355469,-1,-1,-1,-1
237,3,819.18359375,517.0677490234375,110.1451416015625,284.30828857421875,-1,-1,-1,-1
238,3,827.8257446289062,522.3006591796875,105.83685302734375,289.656005859375,-1,-1,-1,-1
239,3,828.5203247070312,530.3159790039062,112.2784423828125,292.28082275390625,-1,-1,-1,-1
240,3,827.4401245117188,541.4060668945312,125.22161865234375,289.97222900390625,-1,-1,-1,-1
241,3,829.0630493164062,554.1366577148438,137.96368408203125,287.48797607421875,-1,-1,-1,-1
242,3,825.9862060546875,565.6116943359375,147.8729248046875,285.4239501953125,-1,-1,-1,-1
243,3,823.3224487304688,582.2127075195312,152.74481201171875,283.50152587890625,-1,-1,-1,-1
244,3,828.7299194335938,596.37451171875,143.6185302734375,281.36285400390625,-1,-1,-1,-1
245,3,843.8592529296875,603.7160034179688,127.1280517578125,280.40753173828125,-1,-1,-1,-1
246,3,852.0755004882812,607.8377075195312,122.50384521484375,282.66436767578125,-1,-1,-1,-1
247,3,856.3533325195312,610.9887084960938,119.23736572265625,281.75018310546875,-1,-1,-1,-1
248,3,856.9379272460938,614.49267578125,151.76287841796875,282.765625,-1,-1,-1,-1
249,3,866.6793212890625,619.3190307617188,134.708984375,283.80621337890625,-1,-1,-1,-1
250,3,871.35791015625,621.6654052734375,121.911865234375,282.13580322265625,-1,-1,-1,-1
251,3,865.12744140625,624.60498046875,115.2938232421875,279.194580078125,-1,-1,-1,-1
252,3,857.2544555664062,628.667236328125,109.1531982421875,274.8460693359375,-1,-1,-1,-1
253,3,846.5752563476562,630.0263061523438,104.12030029296875,267.74127197265625,-1,-1,-1,-1
254,3,836.1524658203125,629.0963134765625,106.7952880859375,263.69549560546875,-1,-1,-1,-1
255,3,826.7174072265625,624.2974243164062,110.868896484375,257.77191162109375,-1,-1,-1,-1
256,3,818.53076171875,615.8939208984375,114.85137939453125,253.5894775390625,-1,-1,-1,-1
257,3,808.0282592773438,606.0675048828125,126.321533203125,254.454345703125,-1,-1,-1,-1
258,3,792.6246948242188,598.7902221679688,143.39190673828125,256.52105712890625,-1,-1,-1,-1
259,3,781.1757202148438,595.4705810546875,137.92041015625,256.40972900390625,-1,-1,-1,-1
260,3,775.5575561523438,595.09765625,142.07867431640625,255.5885009765625,-1,-1,-1,-1
261,3,775.7949829101562,594.6394653320312,146.080078125,251.1224365234375,-1,-1,-1,-1
262,3,775.8665771484375,590.854248046875,147.53582763671875,248.62371826171875,-1,-1,-1,-1
263,3,779.3541259765625,585.0205078125,148.8460693359375,247.7646484375,-1,-1,-1,-1
264,3,785.9988403320312,573.7388916015625,150.61669921875,250.791259765625,-1,-1,-1,-1
265,3,795.107177734375,557.7423095703125,150.170654296875,254.45355224609375,-1,-1,-1,-1
266,3,807.0516357421875,537.0029296875,142.2384033203125,263.7398681640625,-1,-1,-1,-1
267,3,817.1574096679688,522.1480102539062,130.95745849609375,272.0489501953125,-1,-1,-1,-1
268,3,825.3175048828125,510.6113586425781,112.11016845703125,275.0163879394531,-1,-1,-1,-1
269,3,832.0402221679688,504.3322448730469,109.7520751953125,277.9990539550781,-1,-1,-1,-1
270,3,828.00341796875,499.69732666015625,120.68426513671875,280.3232421875,-1,-1,-1,-1
271,3,808.673095703125,499.14947509765625,144.631591796875,277.97552490234375,-1,-1,-1,-1
272,3,804.3851318359375,503.7207336425781,154.42413330078125,274.7659606933594,-1,-1,-1,-1
273,3,811.8951416015625,507.950927734375,148.35919189453125,268.6529541015625,-1,-1,-1,-1
274,3,816.2213134765625,512.5249328613281,138.465087890625,258.7318420410156,-1,-1,-1,-1
275,3,814.081298828125,514.3878784179688,137.20574951171875,253.1241455078125,-1,-1,-1,-1
276,3,810.4927368164062,516.0723876953125,136.21478271484375,252.73785400390625,-1,-1,-1,-1
277,3,805.1787109375,515.3982543945312,137.93634033203125,256.29736328125,-1,-1,-1,-1
278,3,794.61572265625,509.53558349609375,147.2474365234375,262.99798583984375,-1,-1,-1,-1
279,3,781.3759765625,506.1417236328125,153.7008056640625,265.04345703125,-1,-1,-1,-1
280,3,776.4296875,510.3056640625,150.9488525390625,265.6767578125,-1,-1,-1,-1
281,3,792.3118896484375,520.6929321289062,133.341064453125,269.0028076171875,-1,-1,-1,-1
282,3,815.8505859375,534.0470581054688,111.95098876953125,269.981201171875,-1,-1,-1,-1
283,3,829.4915771484375,546.7860107421875,104.8631591796875,274.9453125,-1,-1,-1,-1
284,3,843.4278564453125,556.6807861328125,99.96356201171875,273.98345947265625,-1,-1,-1,-1
285,3,847.3258666992188,563.0813598632812,103.5767822265625,274.76885986328125,-1,-1,-1,-1
286,3,846.0794067382812,572.3368530273438,109.31683349609375,275.310791015625,-1,-1,-1,-1
287,3,839.6410522460938,585.0289306640625,117.54046630859375,273.67950439453125,-1,-1,-1,-1
288,3,859.0363159179688,594.5621948242188,117.37835693359375,267.4644775390625,-1,-1,-1,-1
289,3,864.981201171875,602.8419799804688,104.1778564453125,260.28216552734375,-1,-1,-1,-1
290,3,859.3212890625,606.54345703125,120.48834228515625,255.75933837890625,-1,-1,-1,-1
291,3,871.8120727539062,608.7388916015625,112.91900634765625,254.95166015625,-1,-1,-1,-1
292,3,880.4165649414062,608.1122436523438,101.87823486328125,258.12969970703125,-1,-1,-1,-1
293,3,878.4705810546875,604.429931640625,99.503662109375,262.3084716796875,-1,-1,-1,-1
294,3,878.152587890625,602.1177368164062,92.252685546875,264.29046630859375,-1,-1,-1,-1
295,3,879.7664184570312,601.4629516601562,89.755126953125,261.34967041015625,-1,-1,-1,-1
296,3,880.9403076171875,603.289794921875,90.039306640625,259.072509765625,-1,-1,-1,-1
297,3,881.0487060546875,607.6664428710938,94.9874267578125,256.10675048828125,-1,-1,-1,-1
298,3,877.7593994140625,611.48046875,93.1783447265625,247.20068359375,-1,-1,-1,-1
299,3,870.6610717773438,611.9622802734375,93.91070556640625,241.500244140625,-1,-1,-1,-1
300,3,865.6589965820312,608.1231079101562,91.74713134765625,240.82904052734375,-1,-1,-1,-1
301,3,858.2062377929688,598.7192993164062,89.571533203125,241.465576171875,-1,-1,-1,-1
302,3,845.1723022460938,586.6484375,87.9271240234375,247.291015625,-1,-1,-1,-1
303,3,830.6703491210938,574.3603515625,82.47576904296875,249.2794189453125,-1,-1,-1,-1
304,3,812.7421264648438,564.04931640625,85.35552978515625,248.66619873046875,-1,-1,-1,-1
305,3,803.321044921875,558.3684692382812,83.90216064453125,251.17340087890625,-1,-1,-1,-1
306,3,794.7094116210938,555.9832763671875,88.42144775390625,248.9488525390625,-1,-1,-1,-1
307,3,782.200927734375,558.8086547851562,99.85614013671875,243.37506103515625,-1,-1,-1,-1
308,3,770.6168212890625,568.646484375,112.23028564453125,241.419189453125,-1,-1,-1,-1
309,3,770.5233154296875,579.505615234375,116.41119384765625,237.186279296875,-1,-1,-1,-1
310,3,776.960205078125,586.1129760742188,117.985107421875,237.77081298828125,-1,-1,-1,-1
311,3,784.55615234375,585.4381103515625,115.2816162109375,241.7421875,-1,-1,-1,-1
312,3,790.6414794921875,578.1575317382812,108.94287109375,249.35858154296875,-1,-1,-1,-1
313,3,794.4314575195312,573.1251220703125,99.50048828125,255.4169921875,-1,-1,-1,-1
314,3,792.42724609375,570.5848999023438,107.25164794921875,255.6845703125,-1,-1,-1,-1
315,3,786.322998046875,567.966064453125,97.9935302734375,257.0426025390625,-1,-1,-1,-1
316,3,779.6378173828125,568.9768676757812,100.70477294921875,259.12152099609375,-1,-1,-1,-1
317,3,773.2775268554688,569.66259765625,106.30181884765625,260.71539306640625,-1,-1,-1,-1
318,3,769.7191772460938,570.8494262695312,112.66619873046875,258.62286376953125,-1,-1,-1,-1
319,3,757.2944946289062,573.7440795898438,124.61822509765625,254.64166259765625,-1,-1,-1,-1
320,3,755.6812744140625,576.3178100585938,125.5609130859375,256.59466552734375,-1,-1,-1,-1
321,3,760.5177001953125,577.43359375,120.73663330078125,258.62603759765625,-1,-1,-1,-1
322,3,765.2476196289062,574.3665161132812,115.5166015625,262.435791015625,-1,-1,-1,-1
323,3,765.6679077148438,567.1568603515625,112.769775390625,267.22979736328125,-1,-1,-1,-1
324,3,761.2884521484375,560.6626586914062,115.58038330078125,267.97113037109375,-1,-1,-1,-1
325,3,757.744384765625,557.7800903320312,110.55218505859375,268.82696533203125,-1,-1,-1,-1
326,3,745.03857421875,558.32666015625,120.8756103515625,274.777099609375,-1,-1,-1,-1
327,3,712.8912353515625,565.59814453125,145.828369140625,273.3804931640625,-1,-1,-1,-1
328,3,705.0420532226562,569.9021606445312,155.395751953125,275.09442138671875,-1,-1,-1,-1
329,3,691.170166015625,578.6698608398438,172.9210205078125,273.96771240234375,-1,-1,-1,-1
330,3,690.9317016601562,579.364013671875,177.90509033203125,279.4495849609375,-1,-1,-1,-1
331,3,679.4185791015625,561.2785034179688,195.705810546875,300.00408935546875,-1,-1,-1,-1
332,3,661.60302734375,563.5048217773438,198.40374755859375,299.54266357421875,-1,-1,-1,-1
333,3,649.8273315429688,591.3304443359375,199.95953369140625,272.0245361328125,-1,-1,-1,-1
334,3,667.668212890625,598.9232177734375,171.4749755859375,264.07586669921875,-1,-1,-1,-1
335,3,694.9115600585938,609.8947143554688,132.08477783203125,252.32574462890625,-1,-1,-1,-1
336,3,697.30908203125,615.7937622070312,140.07183837890625,235.8228759765625,-1,-1,-1,-1
337,3,694.3849487304688,615.6528930664062,152.11474609375,224.51171875,-1,-1,-1,-1
338,3,691.3385620117188,600.8633422851562,159.35357666015625,234.603515625,-1,-1,-1,-1
339,3,687.6844482421875,594.0453491210938,147.3243408203125,237.123046875,-1,-1,-1,-1
340,3,688.4705200195312,589.7593383789062,127.330322265625,240.5845947265625,-1,-1,-1,-1
341,3,693.1459350585938,592.9058227539062,109.4901123046875,234.58966064453125,-1,-1,-1,-1
342,3,694.5335693359375,625.7650146484375,103.2664794921875,200.63604736328125,-1,-1,-1,-1
343,3,693.52294921875,622.3681030273438,98.23394775390625,204.30291748046875,-1,-1,-1,-1
344,3,689.0093383789062,617.0423583984375,97.18603515625,207.5224609375,-1,-1,-1,-1
345,3,682.2275390625,615.0742797851562,102.44268798828125,207.16912841796875,-1,-1,-1,-1
346,3,670.3636474609375,607.5906982421875,117.224365234375,214.7847900390625,-1,-1,-1,-1
347,3,663.060791015625,606.06640625,127.8311767578125,215.70343017578125,-1,-1,-1,-1
348,3,657.249267578125,599.7836303710938,133.2574462890625,220.94561767578125,-1,-1,-1,-1
349,3,653.6141357421875,596.4335327148438,140.91754150390625,228.64263916015625,-1,-1,-1,-1
350,3,652.60693359375,590.215087890625,142.3095703125,233.1318359375,-1,-1,-1,-1
351,3,646.4335327148438,581.6182861328125,145.5863037109375,241.71075439453125,-1,-1,-1,-1
352,3,643.348876953125,575.017578125,141.90972900390625,249.22711181640625,-1,-1,-1,-1
353,3,639.1412353515625,566.05419921875,133.80615234375,258.81683349609375,-1,-1,-1,-1
354,3,637.490234375,558.19091796875,128.82867431640625,268.696044921875,-1,-1,-1,-1
355,3,635.304443359375,551.3972778320312,130.45440673828125,277.5240478515625,-1,-1,-1,-1
356,3,634.628662109375,546.8436279296875,122.27593994140625,281.0726318359375,-1,-1,-1,-1
357,3,637.5698852539062,546.3873901367188,121.70196533203125,284.910888671875,-1,-1,-1,-1
358,3,650.3395385742188,548.714111328125,113.22686767578125,289.21881103515625,-1,-1,-1,-1
359,3,662.4043579101562,550.5001220703125,105.5255126953125,289.2222900390625,-1,-1,-1,-1
360,3,669.7119750976562,547.987548828125,106.3404541015625,291.25537109375,-1,-1,-1,-1
361,3,674.6636352539062,549.7671508789062,113.19342041015625,286.6785888671875,-1,-1,-1,-1
362,3,685.7433471679688,547.0280151367188,116.75177001953125,287.19964599609375,-1,-1,-1,-1
363,3,696.0884399414062,547.43310546875,120.106201171875,289.0531005859375,-1,-1,-1,-1
364,3,706.1561889648438,550.0364990234375,122.27716064453125,289.76129150390625,-1,-1,-1,-1
365,3,722.2728271484375,554.1879272460938,118.769287109375,288.17767333984375,-1,-1,-1,-1
366,3,731.451904296875,557.41064453125,123.95050048828125,286.58984375,-1,-1,-1,-1
367,3,732.1944580078125,556.7428588867188,134.68182373046875,288.62982177734375,-1,-1,-1,-1
368,3,750.4121704101562,552.9960327148438,125.606689453125,291.1805419921875,-1,-1,-1,-1
369,3,761.8106689453125,548.7090454101562,122.9471435546875,294.03863525390625,-1,-1,-1,-1
370,3,786.1097412109375,548.64453125,114.5029296875,294.8992919921875,-1,-1,-1,-1
371,3,791.1024169921875,550.9754638671875,131.63018798828125,292.6290283203125,-1,-1,-1,-1
372,3,789.5733032226562,554.0601196289062,155.93359375,289.2801513671875,-1,-1,-1,-1
373,3,788.7420654296875,556.7590942382812,172.76507568359375,283.97003173828125,-1,-1,-1,-1
374,3,790.7727661132812,558.8892211914062,180.294677734375,280.43072509765625,-1,-1,-1,-1
375,3,797.209228515625,558.3634033203125,177.898193359375,280.160888671875,-1,-1,-1,-1
376,3,806.4052734375,554.6503295898438,166.614990234375,281.41546630859375,-1,-1,-1,-1
377,3,823.8634033203125,546.469482421875,145.5880126953125,285.28265380859375,-1,-1,-1,-1
378,3,846.5579223632812,536.3585815429688,128.9322509765625,290.04351806640625,-1,-1,-1,-1
379,3,866.0205078125,528.9052734375,110.4189453125,291.79620361328125,-1,-1,-1,-1
380,3,880.7426147460938,525.0321655273438,92.865478515625,291.596923828125,-1,-1,-1,-1
381,3,886.575439453125,524.018310546875,92.68035888671875,288.90899658203125,-1,-1,-1,-1
382,3,889.5687255859375,525.2764282226562,96.94586181640625,285.82806396484375,-1,-1,-1,-1
383,3,895.9644775390625,530.27685546875,98.8193359375,279.0750732421875,-1,-1,-1,-1
384,3,897.002685546875,535.3050537109375,101.1717529296875,271.9208984375,-1,-1,-1,-1
385,3,894.096435546875,537.1983032226562,102.25164794921875,263.072265625,-1,-1,-1,-1
386,3,889.9218139648438,531.3256225585938,105.2005615234375,262.9696044921875,-1,-1,-1,-1
387,3,882.595458984375,518.5869750976562,110.03155517578125,269.61090087890625,-1,-1,-1,-1
388,3,877.2621459960938,504.7851257324219,111.90234375,276.0923156738281,-1,-1,-1,-1
389,3,864.8482055664062,491.1151123046875,115.600830078125,284.857177734375,-1,-1,-1,-1
390,3,846.5394897460938,483.1234436035156,127.997314453125,289.0295715332031,-1,-1,-1,-1
391,3,832.0706176757812,480.22467041015625,135.5782470703125,290.84765625,-1,-1,-1,-1
392,3,824.5883178710938,482.2259216308594,142.36199951171875,293.0253601074219,-1,-1,-1,-1
393,3,820.6202392578125,489.5331115722656,145.85693359375,289.0082092285156,-1,-1,-1,-1
394,3,820.2932739257812,496.3720397949219,148.10003662109375,287.1345520019531,-1,-1,-1,-1
395,3,819.7618408203125,495.97625732421875,147.34466552734375,290.38934326171875,-1,-1,-1,-1
396,3,806.2330932617188,490.1275634765625,153.5367431640625,296.22607421875,-1,-1,-1,-1
397,3,806.501220703125,481.2364501953125,128.08062744140625,303.600830078125,-1,-1,-1,-1
398,3,807.591552734375,474.487060546875,108.5185546875,307.37579345703125,-1,-1,-1,-1
399,3,802.9485473632812,470.34979248046875,106.89727783203125,310.1444091796875,-1,-1,-1,-1
400,3,795.01513671875,471.73455810546875,106.6265869140625,307.35455322265625,-1,-1,-1,-1
401,3,779.9278564453125,476.3324279785156,115.88262939453125,308.0358581542969,-1,-1,-1,-1
402,3,752.6239013671875,486.418212890625,136.5574951171875,304.757080078125,-1,-1,-1,-1
403,3,732.8052368164062,500.7309265136719,149.158447265625,301.8433532714844,-1,-1,-1,-1
404,3,716.81591796875,513.8121337890625,159.24078369140625,294.82342529296875,-1,-1,-1,-1
405,3,713.2660522460938,527.6272583007812,156.7027587890625,291.30877685546875,-1,-1,-1,-1
406,3,711.8131713867188,540.6100463867188,147.72735595703125,285.88739013671875,-1,-1,-1,-1
407,3,712.2196044921875,551.7794799804688,140.5849609375,283.81732177734375,-1,-1,-1,-1
408,3,710.6526489257812,558.95361328125,137.965087890625,284.34564208984375,-1,-1,-1,-1
409,3,709.4892578125,562.8981323242188,137.64544677734375,289.57745361328125,-1,-1,-1,-1
410,3,710.5294799804688,568.7661743164062,135.48681640625,293.67730712890625,-1,-1,-1,-1
411,3,712.7216796875,575.9597778320312,135.22198486328125,292.6536865234375,-1,-1,-1,-1
412,3,714.2205810546875,579.3182373046875,137.91876220703125,291.83367919921875,-1,-1,-1,-1
413,3,715.5697021484375,580.6983032226562,135.966552734375,290.20013427734375,-1,-1,-1,-1
414,3,716.3818359375,584.9161376953125,137.72186279296875,286.037353515625,-1,-1,-1,-1
415,3,715.9422607421875,589.3838500976562,140.4779052734375,283.9210205078125,-1,-1,-1,-1
416,3,714.9022827148438,594.137451171875,143.4932861328125,283.4591064453125,-1,-1,-1,-1
417,3,717.0969848632812,600.2052001953125,152.5361328125,284.58514404296875,-1,-1,-1,-1
418,3,721.3779907226562,605.0891723632812,159.46905517578125,286.5372314453125,-1,-1,-1,-1
419,3,737.6458740234375,611.142822265625,152.6041259765625,289.212890625,-1,-1,-1,-1
420,3,769.8574829101562,618.0347900390625,126.6348876953125,291.55047607421875,-1,-1,-1,-1
421,3,792.727783203125,625.105712890625,105.8831787109375,291.03924560546875,-1,-1,-1,-1
422,3,800.5696411132812,629.5474243164062,102.40655517578125,292.13641357421875,-1,-1,-1,-1
423,3,805.4937744140625,633.9984130859375,100.9422607421875,287.9305419921875,-1,-1,-1,-1
424,3,804.365966796875,638.9501342773438,100.40234375,282.5213623046875,-1,-1,-1,-1
425,3,800.5137939453125,644.08154296875,100.5572509765625,278.263427734375,-1,-1,-1,-1
426,3,798.0376586914062,646.3004760742188,101.25048828125,274.477294921875,-1,-1,-1,-1
427,3,801.8470458984375,645.7850341796875,103.45697021484375,266.4322509765625,-1,-1,-1,-1
428,3,804.1185913085938,642.71484375,106.03204345703125,261.946044921875,-1,-1,-1,-1
429,3,810.1337890625,636.3793334960938,106.2635498046875,259.06390380859375,-1,-1,-1,-1
430,3,811.4987182617188,630.8466796875,109.50665283203125,257.720458984375,-1,-1,-1,-1
431,3,810.6717529296875,625.2380981445312,126.6402587890625,255.7724609375,-1,-1,-1,-1
432,3,818.1434326171875,626.7315063476562,131.95416259765625,252.724853515625,-1,-1,-1,-1
433,3,819.6641845703125,633.515625,126.91693115234375,245.96820068359375,-1,-1,-1,-1
434,3,821.3253784179688,639.3533325195312,123.2979736328125,239.97235107421875,-1,-1,-1,-1
435,3,819.09228515625,644.147705078125,127.72088623046875,227.7474365234375,-1,-1,-1,-1
436,3,818.883056640625,648.9160766601562,129.3404541015625,214.4853515625,-1,-1,-1,-1
437,3,833.5645751953125,656.9326782226562,120.51171875,208.60498046875,-1,-1,-1,-1
438,3,838.7052612304688,666.2008056640625,119.592529296875,207.95867919921875,-1,-1,-1,-1
439,3,837.4312133789062,673.5725708007812,127.55401611328125,204.717529296875,-1,-1,-1,-1
440,3,838.2736206054688,678.407958984375,141.29498291015625,200.672119140625,-1,-1,-1,-1
441,3,838.6339111328125,681.717529296875,160.75762939453125,195.76275634765625,-1,-1,-1,-1
442,3,836.46533203125,683.6597290039062,170.12567138671875,193.24267578125,-1,-1,-1,-1
443,3,829.0904541015625,679.1193237304688,178.376708984375,196.19818115234375,-1,-1,-1,-1
444,3,824.0278930664062,669.6385498046875,179.34613037109375,199.1529541015625,-1,-1,-1,-1
445,3,814.3751831054688,658.9804077148438,180.7686767578125,205.3746337890625,-1,-1,-1,-1
446,3,836.6900634765625,642.1221313476562,145.638671875,212.73150634765625,-1,-1,-1,-1
447,3,823.1544799804688,621.6436767578125,135.228515625,221.068603515625,-1,-1,-1,-1
448,3,824.031005859375,602.968505859375,114.02777099609375,225.31903076171875,-1,-1,-1,-1
449,3,819.2938232421875,588.92578125,99.024658203125,231.7613525390625,-1,-1,-1,-1
450,3,825.8326416015625,577.7889404296875,84.99517822265625,231.6854248046875,-1,-1,-1,-1
451,3,829.3697509765625,566.7913818359375,89.1055908203125,231.86273193359375,-1,-1,-1,-1
452,3,827.9007568359375,561.2657470703125,109.01690673828125,227.822998046875,-1,-1,-1,-1
453,3,811.2035522460938,557.2578735351562,138.19000244140625,225.54034423828125,-1,-1,-1,-1
454,3,857.7515869140625,556.1839599609375,101.5361328125,203.0489501953125,-1,-1,-1,-1
81,4,676.7509155273438,645.00927734375,60.80792236328125,149.30126953125,-1,-1,-1,-1
82,4,676.8902587890625,641.9866333007812,64.22039794921875,155.08929443359375,-1,-1,-1,-1
83,4,676.1763916015625,640.1341552734375,63.7896728515625,161.3316650390625,-1,-1,-1,-1
84,4,676.872802734375,641.2898559570312,62.76495361328125,165.947265625,-1,-1,-1,-1
85,4,677.4600830078125,645.0152587890625,58.4246826171875,162.5177001953125,-1,-1,-1,-1
86,4,677.1212768554688,648.96484375,58.6328125,161.0367431640625,-1,-1,-1,-1
87,4,677.4932250976562,652.028564453125,58.62615966796875,157.5404052734375,-1,-1,-1,-1
88,4,676.5325927734375,651.70849609375,57.77783203125,157.4232177734375,-1,-1,-1,-1
89,4,675.5293579101562,648.098388671875,57.2733154296875,159.8836669921875,-1,-1,-1,-1
90,4,677.8255615234375,643.340576171875,55.77789306640625,163.49945068359375,-1,-1,-1,-1
91,4,675.3294067382812,638.6139526367188,58.1409912109375,166.77294921875,-1,-1,-1,-1
92,4,674.01611328125,637.0426635742188,58.16998291015625,167.14874267578125,-1,-1,-1,-1
93,4,674.4035034179688,638.202880859375,57.989990234375,163.1090087890625,-1,-1,-1,-1
94,4,672.4957275390625,642.4388427734375,61.2916259765625,159.0224609375,-1,-1,-1,-1
95,4,671.390869140625,646.002197265625,64.18524169921875,154.95166015625,-1,-1,-1,-1
96,4,669.1340942382812,648.0167236328125,63.44110107421875,152.0677490234375,-1,-1,-1,-1
97,4,667.7163696289062,647.1871948242188,64.2774658203125,152.74847412109375,-1,-1,-1,-1
98,4,673.6026611328125,644.580078125,57.71954345703125,155.518310546875,-1,-1,-1,-1
99,4,673.1038208007812,639.8665771484375,59.0191650390625,158.3416748046875,-1,-1,-1,-1
100,4,673.4574584960938,638.8101806640625,59.23223876953125,157.075927734375,-1,-1,-1,-1
101,4,674.243408203125,640.8869018554688,59.95947265625,152.31396484375,-1,-1,-1,-1
102,4,668.66357421875,646.0537719726562,60.69390869140625,143.00982666015625,-1,-1,-1,-1
103,4,667.8800048828125,649.7904663085938,60.2303466796875,140.40673828125,-1,-1,-1,-1
104,4,667.8117065429688,650.0034790039062,61.10272216796875,138.823974609375,-1,-1,-1,-1
105,4,668.0429077148438,645.6851806640625,59.49267578125,143.6630859375,-1,-1,-1,-1
106,4,666.1334838867188,638.6153564453125,60.22357177734375,148.36871337890625,-1,-1,-1,-1
107,4,664.765869140625,633.477294921875,62.82794189453125,155.82098388671875,-1,-1,-1,-1
108,4,664.1549072265625,629.0286865234375,64.74859619140625,157.7955322265625,-1,-1,-1,-1
109,4,663.0068359375,628.3680419921875,64.25604248046875,155.495361328125,-1,-1,-1,-1
110,4,662.7241821289062,631.7847900390625,65.81121826171875,151.807861328125,-1,-1,-1,-1
111,4,662.0047607421875,636.3549194335938,68.37725830078125,149.6202392578125,-1,-1,-1,-1
112,4,662.380126953125,640.1488647460938,66.69000244140625,144.55609130859375,-1,-1,-1,-1
113,4,663.440673828125,640.948486328125,65.653076171875,146.46136474609375,-1,-1,-1,-1
114,4,666.8327026367188,638.7828979492188,61.35479736328125,151.73199462890625,-1,-1,-1,-1
115,4,669.5841674804688,636.0556640625,58.906005859375,157.49517822265625,-1,-1,-1,-1
116,4,670.1132202148438,634.112060546875,60.484130859375,160.4808349609375,-1,-1,-1,-1
117,4,672.0343017578125,634.3050537109375,59.500732421875,160.4139404296875,-1,-1,-1,-1
118,4,674.8699951171875,636.3507080078125,57.5576171875,157.7979736328125,-1,-1,-1,-1
119,4,675.5258178710938,638.5107421875,57.48602294921875,154.75830078125,-1,-1,-1,-1
120,4,677.7180786132812,639.8411865234375,55.67144775390625,151.9603271484375,-1,-1,-1,-1
121,4,678.9578247070312,639.7506713867188,55.90435791015625,152.103515625,-1,-1,-1,-1
122,4,682.8204956054688,638.5299682617188,52.15447998046875,153.48211669921875,-1,-1,-1,-1
123,4,684.1947631835938,638.0307006835938,51.00592041015625,155.71484375,-1,-1,-1,-1
124,4,685.6551513671875,639.573974609375,50.16015625,156.59619140625,-1,-1,-1,-1
125,4,686.1650390625,643.218994140625,50.543212890625,153.424560546875,-1,-1,-1,-1
126,4,684.5205688476562,646.4329833984375,51.88671875,150.24407958984375,-1,-1,-1,-1
127,4,686.0614624023438,651.21044921875,54.89788818359375,146.95220947265625,-1,-1,-1,-1
128,4,687.9453735351562,655.6221923828125,55.831787109375,141.9482421875,-1,-1,-1,-1
129,4,688.2463989257812,658.169921875,55.18212890625,139.2318115234375,-1,-1,-1,-1
130,4,687.6224365234375,661.388671875,54.11102294921875,136.3310546875,-1,-1,-1,-1
131,4,688.1448974609375,662.2900390625,52.716796875,135.8426513671875,-1,-1,-1,-1
132,4,687.9562377929688,662.572998046875,53.9239501953125,134.459716796875,-1,-1,-1,-1
133,4,685.2257080078125,662.802490234375,57.2021484375,134.554931640625,-1,-1,-1,-1
134,4,685.9852294921875,662.1917724609375,56.48040771484375,134.5906982421875,-1,-1,-1,-1
135,4,685.8612670898438,659.8088989257812,57.07269287109375,137.64117431640625,-1,-1,-1,-1
136,4,687.6187133789062,658.1293334960938,53.36077880859375,140.7169189453125,-1,-1,-1,-1
137,4,688.0777587890625,653.927734375,55.587646484375,145.900390625,-1,-1,-1,-1
138,4,685.5121459960938,651.0151977539062,63.8458251953125,148.74871826171875,-1,-1,-1,-1
139,4,685.2034301757812,649.60400390625,59.201416015625,148.6923828125,-1,-1,-1,-1
140,4,685.8146362304688,649.6377563476562,57.34075927734375,148.825439453125,-1,-1,-1,-1
141,4,686.239501953125,651.3648681640625,56.71160888671875,146.023193359375,-1,-1,-1,-1
142,4,686.1264038085938,653.5562744140625,56.65728759765625,139.89361572265625,-1,-1,-1,-1
143,4,684.9011840820312,653.2944946289062,57.50408935546875,139.29962158203125,-1,-1,-1,-1
144,4,684.09375,650.9171752929688,56.28436279296875,139.4774169921875,-1,-1,-1,-1
145,4,684.1494140625,647.4795532226562,56.89599609375,141.7177734375,-1,-1,-1,-1
146,4,685.9051513671875,644.915771484375,57.73907470703125,145.56768798828125,-1,-1,-1,-1
147,4,686.7881469726562,644.2152709960938,56.6304931640625,150.11395263671875,-1,-1,-1,-1
148,4,686.9564208984375,647.0798950195312,55.04510498046875,148.26483154296875,-1,-1,-1,-1
149,4,687.04248046875,650.0430908203125,54.70733642578125,138.0640869140625,-1,-1,-1,-1
150,4,687.3934326171875,652.4271240234375,53.56787109375,132.898193359375,-1,-1,-1,-1
151,4,688.7140502929688,652.5633544921875,53.4051513671875,136.0986328125,-1,-1,-1,-1
152,4,686.9385375976562,650.4232788085938,54.17095947265625,137.53472900390625,-1,-1,-1,-1
153,4,686.7522583007812,649.5599975585938,56.83258056640625,156.4788818359375,-1,-1,-1,-1
154,4,685.1912231445312,650.4091796875,60.25830078125,164.1583251953125,-1,-1,-1,-1
155,4,681.6714477539062,652.341552734375,64.7294921875,165.2208251953125,-1,-1,-1,-1
156,4,676.1558227539062,654.5065307617188,66.97882080078125,163.25006103515625,-1,-1,-1,-1
157,4,677.0771484375,654.1154174804688,62.46417236328125,162.59857177734375,-1,-1,-1,-1
158,4,678.4087524414062,650.2266845703125,56.80145263671875,160.876953125,-1,-1,-1,-1
159,4,680.5181274414062,645.8580322265625,56.65576171875,157.6810302734375,-1,-1,-1,-1
160,4,674.6126708984375,644.1305541992188,59.41900634765625,161.3709716796875,-1,-1,-1,-1
161,4,673.4615478515625,643.9448852539062,57.36273193359375,163.77227783203125,-1,-1,-1,-1
162,4,672.5748291015625,646.8309936523438,53.75,165.4652099609375,-1,-1,-1,-1
163,4,675.2325439453125,648.6907348632812,45.0633544921875,139.29827880859375,-1,-1,-1,-1
164,4,673.5092163085938,650.168212890625,46.146728515625,135.35791015625,-1,-1,-1,-1
165,4,673.5452880859375,650.9959716796875,45.6087646484375,128.9005126953125,-1,-1,-1,-1
166,4,672.7525634765625,649.1815185546875,46.63665771484375,130.7537841796875,-1,-1,-1,-1
167,4,672.1707153320312,645.6292114257812,46.84051513671875,137.63421630859375,-1,-1,-1,-1
168,4,672.3556518554688,642.1737670898438,46.79931640625,143.93658447265625,-1,-1,-1,-1
169,4,669.9303588867188,639.8721923828125,49.27752685546875,144.89642333984375,-1,-1,-1,-1
170,4,668.9262084960938,639.19921875,50.6060791015625,145.167236328125,-1,-1,-1,-1
171,4,664.3560791015625,640.0531616210938,50.333984375,141.3538818359375,-1,-1,-1,-1
172,4,659.3433837890625,640.7214965820312,52.24432373046875,140.15777587890625,-1,-1,-1,-1
173,4,658.2654418945312,641.1734008789062,51.9161376953125,140.05340576171875,-1,-1,-1,-1
174,4,657.7020874023438,641.4743041992188,55.22662353515625,140.47369384765625,-1,-1,-1,-1
175,4,657.976806640625,640.304931640625,52.29541015625,140.97625732421875,-1,-1,-1,-1
176,4,658.3131103515625,640.38916015625,55.59759521484375,141.13555908203125,-1,-1,-1,-1
177,4,657.5955200195312,640.12158203125,53.5191650390625,141.79498291015625,-1,-1,-1,-1
178,4,658.4118041992188,641.0809936523438,60.45147705078125,142.57562255859375,-1,-1,-1,-1
179,4,657.468505859375,640.7410278320312,56.8607177734375,141.89837646484375,-1,-1,-1,-1
180,4,658.6826171875,640.926025390625,54.68634033203125,141.608642578125,-1,-1,-1,-1
181,4,658.2159423828125,642.3507080078125,53.5076904296875,141.89385986328125,-1,-1,-1,-1
182,4,658.7506713867188,645.0030517578125,54.9091796875,141.2093505859375,-1,-1,-1,-1
183,4,658.1568603515625,647.450439453125,54.972900390625,141.80438232421875,-1,-1,-1,-1
184,4,658.4126586914062,649.3921508789062,53.95965576171875,142.13739013671875,-1,-1,-1,-1
185,4,658.863037109375,651.105712890625,54.96978759765625,143.03240966796875,-1,-1,-1,-1
186,4,661.0215454101562,654.594482421875,54.824951171875,143.067626953125,-1,-1,-1,-1
187,4,662.6867065429688,657.7257080078125,55.30767822265625,143.00286865234375,-1,-1,-1,-1
188,4,665.4254150390625,659.2462158203125,57.7779541015625,151.6171875,-1,-1,-1,-1
189,4,668.5260620117188,660.303466796875,56.88690185546875,150.5550537109375,-1,-1,-1,-1
190,4,671.2340087890625,664.3995971679688,56.9112548828125,145.54925537109375,-1,-1,-1,-1
191,4,676.7106323242188,671.48046875,55.08966064453125,144.0552978515625,-1,-1,-1,-1
192,4,675.5584106445312,678.671875,60.60186767578125,148.73480224609375,-1,-1,-1,-1
193,4,673.1380615234375,685.1582641601562,70.3599853515625,150.6947021484375,-1,-1,-1,-1
194,4,685.017333984375,689.5697021484375,61.62078857421875,161.65277099609375,-1,-1,-1,-1
195,4,689.34423828125,690.279541015625,58.73333740234375,170.6063232421875,-1,-1,-1,-1
211,5,673.9339599609375,604.1871948242188,73.5721435546875,186.27459716796875,-1,-1,-1,-1
212,5,675.5980834960938,595.1441650390625,70.70855712890625,188.61065673828125,-1,-1,-1,-1
213,5,676.7550048828125,584.027099609375,66.12969970703125,167.134033203125,-1,-1,-1,-1
214,5,676.0563354492188,577.7594604492188,64.74200439453125,165.1373291015625,-1,-1,-1,-1
215,5,673.528564453125,574.8399658203125,61.835205078125,166.727783203125,-1,-1,-1,-1
216,5,670.8671264648438,572.1292724609375,61.62158203125,170.296875,-1,-1,-1,-1
217,5,669.821533203125,573.480712890625,60.67645263671875,170.8173828125,-1,-1,-1,-1
218,5,668.8983154296875,573.4773559570312,59.15771484375,170.63690185546875,-1,-1,-1,-1
219,5,665.63818359375,570.2413940429688,58.0123291015625,172.52716064453125,-1,-1,-1,-1
220,5,663.5047607421875,567.343505859375,56.0400390625,172.948486328125,-1,-1,-1,-1
221,5,663.3926391601562,564.3275756835938,54.92529296875,174.09100341796875,-1,-1,-1,-1
222,5,663.9111938476562,563.869873046875,56.152587890625,173.6842041015625,-1,-1,-1,-1
223,5,665.2523803710938,562.129638671875,57.55047607421875,176.32403564453125,-1,-1,-1,-1
224,5,670.9210205078125,556.8914794921875,56.7130126953125,176.82568359375,-1,-1,-1,-1
225,5,672.8723754882812,552.6853637695312,61.0255126953125,176.756591796875,-1,-1,-1,-1
226,5,672.0592041015625,548.7372436523438,65.0640869140625,176.2696533203125,-1,-1,-1,-1
227,5,667.9058227539062,545.7206420898438,64.83514404296875,178.85302734375,-1,-1,-1,-1
228,5,659.9878540039062,543.5042724609375,66.99664306640625,180.0877685546875,-1,-1,-1,-1
229,5,657.4326171875,540.516357421875,70.08380126953125,179.0426025390625,-1,-1,-1,-1
230,5,659.27978515625,537.64794921875,71.84124755859375,179.98052978515625,-1,-1,-1,-1
231,5,665.6072998046875,534.2466430664062,70.88104248046875,179.98583984375,-1,-1,-1,-1
232,5,670.8472290039062,528.6190795898438,70.71612548828125,180.59130859375,-1,-1,-1,-1
233,5,682.4738159179688,524.2470703125,65.92431640625,180.69549560546875,-1,-1,-1,-1
234,5,691.305908203125,521.9068603515625,63.0916748046875,180.523193359375,-1,-1,-1,-1
235,5,700.4314575195312,522.22705078125,60.11761474609375,180.30364990234375,-1,-1,-1,-1
236,5,708.4927978515625,525.8378295898438,56.721435546875,180.46063232421875,-1,-1,-1,-1
237,5,710.8517456054688,531.0225219726562,57.92535400390625,180.52313232421875,-1,-1,-1,-1
238,5,713.2149047851562,536.445068359375,58.0069580078125,180.06793212890625,-1,-1,-1,-1
239,5,716.62841796875,542.5006103515625,57.84765625,180.3072509765625,-1,-1,-1,-1
240,5,716.8792724609375,551.4536743164062,60.268310546875,177.08258056640625,-1,-1,-1,-1
241,5,716.8764038085938,560.369384765625,60.564453125,175.49261474609375,-1,-1,-1,-1
242,5,711.6452026367188,567.4487915039062,62.2550048828125,175.11309814453125,-1,-1,-1,-1
243,5,703.4755859375,577.722900390625,63.31060791015625,175.23126220703125,-1,-1,-1,-1
244,5,699.67919921875,582.8623046875,65.71832275390625,175.355712890625,-1,-1,-1,-1
245,5,704.64453125,583.9244384765625,65.752685546875,175.3306884765625,-1,-1,-1,-1
246,5,708.9932250976562,588.212890625,64.3153076171875,176.45013427734375,-1,-1,-1,-1
247,5,703.9801025390625,595.0724487304688,67.3663330078125,175.5677490234375,-1,-1,-1,-1
248,5,698.7051391601562,601.7601928710938,67.522216796875,175.8631591796875,-1,-1,-1,-1
249,5,694.8739624023438,604.0023193359375,65.35479736328125,177.895263671875,-1,-1,-1,-1
250,5,686.2557373046875,603.7404174804688,65.5234375,175.87103271484375,-1,-1,-1,-1
251,5,684.057373046875,603.4034423828125,60.138916015625,176.19952392578125,-1,-1,-1,-1
252,5,674.2025146484375,603.4421997070312,58.794677734375,175.44354248046875,-1,-1,-1,-1
253,5,655.9254150390625,602.8016357421875,66.110595703125,174.48626708984375,-1,-1,-1,-1
254,5,652.4219970703125,599.8997802734375,62.93756103515625,173.07244873046875,-1,-1,-1,-1
255,5,651.252197265625,594.681396484375,59.363525390625,174.28802490234375,-1,-1,-1,-1
256,5,648.7362670898438,588.6014404296875,60.41754150390625,172.897705078125,-1,-1,-1,-1
257,5,647.0167236328125,584.261962890625,61.0587158203125,173.756591796875,-1,-1,-1,-1
258,5,647.0310668945312,582.1531982421875,61.8941650390625,173.71868896484375,-1,-1,-1,-1
259,5,649.7537841796875,583.6961669921875,62.64410400390625,172.607666015625,-1,-1,-1,-1
260,5,659.3644409179688,586.6861572265625,59.50787353515625,171.1015625,-1,-1,-1,-1
261,5,662.92724609375,586.7508544921875,58.57684326171875,172.14886474609375,-1,-1,-1,-1
262,5,664.0031127929688,582.5198974609375,58.77374267578125,172.84893798828125,-1,-1,-1,-1
263,5,666.9981689453125,574.8409423828125,59.07293701171875,172.60467529296875,-1,-1,-1,-1
264,5,672.453125,565.0604858398438,60.05181884765625,174.21710205078125,-1,-1,-1,-1
265,5,686.6463012695312,551.4677734375,57.30029296875,176.31134033203125,-1,-1,-1,-1
266,5,699.2745971679688,536.2369995117188,59.25970458984375,176.64031982421875,-1,-1,-1,-1
267,5,712.0869750976562,527.376953125,61.19635009765625,176.7330322265625,-1,-1,-1,-1
268,5,725.009765625,521.8831176757812,64.00848388671875,179.43402099609375,-1,-1,-1,-1
269,5,738.1577758789062,517.4727783203125,66.61090087890625,182.83270263671875,-1,-1,-1,-1
270,5,749.6411743164062,512.7049865722656,64.86767578125,185.03598022460938,-1,-1,-1,-1
271,5,760.7429809570312,509.3892822265625,63.94183349609375,189.540283203125,-1,-1,-1,-1
272,5,767.6046142578125,507.98602294921875,67.12371826171875,190.87060546875,-1,-1,-1,-1
273,5,778.345947265625,506.13421630859375,67.2135009765625,187.13665771484375,-1,-1,-1,-1
274,5,780.4867553710938,503.3307800292969,71.197509765625,184.13394165039062,-1,-1,-1,-1
275,5,779.8499755859375,499.2091369628906,72.1893310546875,186.36996459960938,-1,-1,-1,-1
276,5,777.2459716796875,497.5243835449219,70.53070068359375,190.20980834960938,-1,-1,-1,-1
277,5,768.5369262695312,497.1977844238281,68.172607421875,193.45571899414062,-1,-1,-1,-1
278,5,760.2073974609375,497.0995178222656,64.90289306640625,197.65805053710938,-1,-1,-1,-1
279,5,748.7068481445312,498.12481689453125,64.627685546875,198.25054931640625,-1,-1,-1,-1
280,5,734.164794921875,506.42620849609375,66.55755615234375,196.46722412109375,-1,-1,-1,-1
281,5,724.0238037109375,522.0452880859375,67.14520263671875,189.74322509765625,-1,-1,-1,-1
282,5,718.370361328125,541.6170654296875,73.55621337890625,183.2281494140625,-1,-1,-1,-1
283,5,716.9788818359375,564.1985473632812,75.90679931640625,176.79083251953125,-1,-1,-1,-1
284,5,721.4154052734375,577.9616088867188,70.5162353515625,175.0546875,-1,-1,-1,-1
285,5,719.6163330078125,581.5599365234375,70.95831298828125,178.8114013671875,-1,-1,-1,-1
286,5,717.135986328125,582.9625854492188,69.38055419921875,185.48394775390625,-1,-1,-1,-1
287,5,708.3956909179688,586.4744873046875,66.99365234375,188.19158935546875,-1,-1,-1,-1
288,5,704.8726806640625,588.3651733398438,58.9603271484375,187.03448486328125,-1,-1,-1,-1
289,5,697.0968017578125,588.0977783203125,60.47998046875,184.77484130859375,-1,-1,-1,-1
290,5,692.9710693359375,590.1250610351562,64.0023193359375,180.4326171875,-1,-1,-1,-1
291,5,691.667236328125,593.018310546875,66.64849853515625,178.76544189453125,-1,-1,-1,-1
292,5,688.85791015625,596.4650268554688,68.13116455078125,175.59454345703125,-1,-1,-1,-1
293,5,682.5479736328125,599.8097534179688,68.31475830078125,176.3380126953125,-1,-1,-1,-1
294,5,679.1864624023438,602.2568359375,66.6373291015625,175.4334716796875,-1,-1,-1,-1
295,5,674.4185180664062,603.631103515625,65.7315673828125,175.87835693359375,-1,-1,-1,-1
296,5,669.5421142578125,604.376953125,67.32012939453125,181.94366455078125,-1,-1,-1,-1
297,5,667.556884765625,603.8661499023438,73.43572998046875,185.646240234375,-1,-1,-1,-1
298,5,664.2216796875,603.2640380859375,78.64483642578125,186.6201171875,-1,-1,-1,-1
299,5,657.4650268554688,601.3041381835938,79.6004638671875,186.6961669921875,-1,-1,-1,-1
300,5,650.2412719726562,598.81982421875,77.75,185.0755615234375,-1,-1,-1,-1
301,5,640.6270751953125,593.2562866210938,79.5601806640625,185.667724609375,-1,-1,-1,-1
302,5,629.1513671875,584.2338256835938,81.12933349609375,188.09454345703125,-1,-1,-1,-1
303,5,614.983154296875,574.1658935546875,81.1998291015625,191.82659912109375,-1,-1,-1,-1
304,5,603.0022583007812,566.0886840820312,82.13934326171875,194.80230712890625,-1,-1,-1,-1
305,5,596.9382934570312,560.8011474609375,86.23284912109375,195.08294677734375,-1,-1,-1,-1
306,5,595.0289916992188,557.3353881835938,87.66888427734375,193.56787109375,-1,-1,-1,-1
307,5,595.50732421875,558.96826171875,88.57855224609375,190.76055908203125,-1,-1,-1,-1
308,5,596.7218627929688,567.2017211914062,93.03778076171875,183.48101806640625,-1,-1,-1,-1
309,5,599.4256591796875,576.533447265625,96.27227783203125,177.01458740234375,-1,-1,-1,-1
310,5,606.9429321289062,579.9093017578125,94.885009765625,177.5068359375,-1,-1,-1,-1
311,5,614.22509765625,578.4675903320312,93.07537841796875,182.01080322265625,-1,-1,-1,-1
312,5,621.9217529296875,573.2764282226562,89.0419921875,187.83697509765625,-1,-1,-1,-1
313,5,627.0726928710938,572.3300170898438,83.82940673828125,192.24639892578125,-1,-1,-1,-1
314,5,631.4759521484375,571.9467163085938,84.89599609375,194.38922119140625,-1,-1,-1,-1
315,5,636.399169921875,573.8582763671875,86.1260986328125,191.6427001953125,-1,-1,-1,-1
316,5,642.3142700195312,576.6365966796875,83.79705810546875,188.95611572265625,-1,-1,-1,-1
317,5,652.7190551757812,579.4444580078125,84.46575927734375,182.42974853515625,-1,-1,-1,-1
318,5,659.866455078125,579.1358642578125,89.65692138671875,177.4337158203125,-1,-1,-1,-1
319,5,667.6813354492188,576.3156127929688,88.219482421875,176.89556884765625,-1,-1,-1,-1
320,5,671.0139770507812,570.8623046875,93.08087158203125,181.53631591796875,-1,-1,-1,-1
321,5,678.3418579101562,569.2979125976562,92.99774169921875,183.77593994140625,-1,-1,-1,-1
322,5,686.2363891601562,566.5367431640625,97.88250732421875,192.9832763671875,-1,-1,-1,-1
323,5,694.2734375,569.8654174804688,97.54949951171875,191.4091796875,-1,-1,-1,-1
324,5,696.1973876953125,573.036865234375,103.109619140625,179.885009765625,-1,-1,-1,-1
325,5,699.3870239257812,575.6453247070312,106.4013671875,175.13385009765625,-1,-1,-1,-1
326,5,701.50634765625,578.1643676757812,113.2711181640625,175.0775146484375,-1,-1,-1,-1
327,5,709.102783203125,577.0008544921875,133.22772216796875,181.63226318359375,-1,-1,-1,-1
328,5,711.6657104492188,576.208251953125,139.74139404296875,195.73114013671875,-1,-1,-1,-1
288,6,375.9613037109375,530.3901977539062,67.41693115234375,218.580322265625,-1,-1,-1,-1
289,6,368.3953857421875,530.8111572265625,69.52426147460938,232.65972900390625,-1,-1,-1,-1
290,6,365.31097412109375,528.69189453125,69.68411254882812,240.5618896484375,-1,-1,-1,-1
291,6,364.3654479980469,529.48974609375,69.7545166015625,241.43157958984375,-1,-1,-1,-1
292,6,362.75994873046875,531.8844604492188,69.42092895507812,230.38812255859375,-1,-1,-1,-1
293,6,358.95703125,535.9574584960938,66.99725341796875,221.885009765625,-1,-1,-1,-1
294,6,350.44232177734375,540.3532104492188,70.20895385742188,229.60504150390625,-1,-1,-1,-1
295,6,344.2600402832031,543.6109619140625,69.48956298828125,228.11895751953125,-1,-1,-1,-1
296,6,340.4463806152344,543.6558837890625,68.03274536132812,227.1688232421875,-1,-1,-1,-1
297,6,337.8824768066406,543.8021850585938,67.28314208984375,226.0869140625,-1,-1,-1,-1
298,6,331.35272216796875,541.4463500976562,69.35943603515625,223.28570556640625,-1,-1,-1,-1
299,6,324.224853515625,537.3890380859375,69.87350463867188,227.65582275390625,-1,-1,-1,-1
300,6,313.866455078125,531.6807861328125,70.70718383789062,223.27490234375,-1,-1,-1,-1
301,6,300.592041015625,526.27197265625,72.176025390625,228.9404296875,-1,-1,-1,-1
302,6,287.14007568359375,517.4879760742188,72.86480712890625,233.05377197265625,-1,-1,-1,-1
303,6,268.7713928222656,509.47137451171875,72.02621459960938,235.3974609375,-1,-1,-1,-1
304,6,252.61354064941406,501.6787109375,72.92826843261719,245.9100341796875,-1,-1,-1,-1
305,6,243.70376586914062,495.09686279296875,72.04415893554688,234.32025146484375,-1,-1,-1,-1
306,6,241.91995239257812,490.6058349609375,73.00006103515625,240.3267822265625,-1,-1,-1,-1
307,6,241.36680603027344,487.62542724609375,76.54695129394531,257.361083984375,-1,-1,-1,-1
308,6,244.5641632080078,490.2774353027344,75.16090393066406,255.52511596679688,-1,-1,-1,-1
309,6,250.0791473388672,493.2252502441406,77.03776550292969,253.28225708007812,-1,-1,-1,-1
310,6,260.4278869628906,498.2055969238281,72.67556762695312,240.36764526367188,-1,-1,-1,-1
311,6,268.871826171875,503.56298828125,72.52517700195312,239.93603515625,-1,-1,-1,-1
312,6,275.1381530761719,504.6568298339844,72.68283081054688,246.33193969726562,-1,-1,-1,-1
313,6,278.2120666503906,510.0082702636719,77.2568359375,262.0932922363281,-1,-1,-1,-1
314,6,280.384033203125,516.0076293945312,78.22332763671875,246.41143798828125,-1,-1,-1,-1
315,6,285.9445495605469,517.2938842773438,78.47412109375,251.3704833984375,-1,-1,-1,-1
316,6,295.5967102050781,517.5693359375,76.46340942382812,246.12200927734375,-1,-1,-1,-1
317,6,306.02923583984375,514.6340942382812,79.439453125,239.95989990234375,-1,-1,-1,-1
318,6,315.57391357421875,512.9804077148438,75.5936279296875,232.4749755859375,-1,-1,-1,-1
319,6,322.5943298339844,510.9891357421875,76.89193725585938,240.7613525390625,-1,-1,-1,-1
320,6,324.7192687988281,511.5472106933594,79.45404052734375,250.24636840820312,-1,-1,-1,-1
321,6,330.2776794433594,511.85797119140625,79.05947875976562,249.34014892578125,-1,-1,-1,-1
322,6,334.8367919921875,510.7121887207031,79.72210693359375,259.0939636230469,-1,-1,-1,-1
323,6,341.404296875,511.33984375,76.20269775390625,244.3125,-1,-1,-1,-1
324,6,345.12213134765625,509.890625,78.48464965820312,243.3861083984375,-1,-1,-1,-1
325,6,348.32000732421875,507.86181640625,81.42483520507812,253.05902099609375,-1,-1,-1,-1
326,6,351.669189453125,507.68975830078125,79.11105346679688,243.59295654296875,-1,-1,-1,-1
327,6,351.02484130859375,506.7551574707031,84.05072021484375,261.3868713378906,-1,-1,-1,-1
328,6,351.1288757324219,506.6789855957031,86.95053100585938,264.4238586425781,-1,-1,-1,-1
329,6,352.08648681640625,507.203125,85.76751708984375,257.77783203125,-1,-1,-1,-1
330,6,351.3122253417969,507.6907653808594,90.12338256835938,269.2425231933594,-1,-1,-1,-1
331,6,349.6186828613281,508.79364013671875,96.96231079101562,272.58740234375,-1,-1,-1,-1
332,6,345.35333251953125,510.279296875,100.53768920898438,270.8392333984375,-1,-1,-1,-1
333,6,345.19171142578125,513.6060791015625,98.94845581054688,265.31451416015625,-1,-1,-1,-1
334,6,341.49932861328125,514.6829223632812,101.71261596679688,270.74847412109375,-1,-1,-1,-1
335,6,345.61370849609375,514.5702514648438,94.9071044921875,261.30615234375,-1,-1,-1,-1
336,6,349.5780334472656,515.8209228515625,90.77572631835938,261.419189453125,-1,-1,-1,-1
337,6,348.5369873046875,516.6102905273438,91.91180419921875,261.105712890625,-1,-1,-1,-1
338,6,348.75799560546875,517.9613037109375,93.3787841796875,262.04827880859375,-1,-1,-1,-1
339,6,350.1878662109375,515.5255126953125,92.69793701171875,269.14874267578125,-1,-1,-1,-1
340,6,349.69879150390625,513.3160400390625,90.91571044921875,267.26568603515625,-1,-1,-1,-1
341,6,354.8218078613281,507.8616027832031,87.68533325195312,267.9986877441406,-1,-1,-1,-1
342,6,357.4548645019531,504.7857360839844,83.69570922851562,254.00448608398438,-1,-1,-1,-1
343,6,354.4016418457031,502.0665588378906,84.823486328125,262.4260559082031,-1,-1,-1,-1
344,6,352.6731262207031,499.55096435546875,82.82382202148438,254.26861572265625,-1,-1,-1,-1
345,6,350.3945007324219,495.77978515625,83.62649536132812,260.73443603515625,-1,-1,-1,-1
346,6,348.53497314453125,494.136474609375,85.21426391601562,262.9608154296875,-1,-1,-1,-1
347,6,346.05621337890625,492.3945617675781,84.98953247070312,268.5768737792969,-1,-1,-1,-1
348,6,346.554443359375,489.890869140625,83.70684814453125,265.7904052734375,-1,-1,-1,-1
349,6,343.62933349609375,488.7914123535156,84.75885009765625,253.38119506835938,-1,-1,-1,-1
350,6,337.8057861328125,487.0406799316406,85.29656982421875,246.71517944335938,-1,-1,-1,-1
351,6,335.06231689453125,486.3327331542969,82.18719482421875,240.16757202148438,-1,-1,-1,-1
352,6,331.4276428222656,487.28851318359375,84.65902709960938,235.91650390625,-1,-1,-1,-1
353,6,328.8997802734375,488.3352355957031,85.38937377929688,241.75082397460938,-1,-1,-1,-1
354,6,326.7860412597656,491.5208435058594,83.03448486328125,245.39089965820312,-1,-1,-1,-1
355,6,322.93310546875,493.41302490234375,81.08270263671875,244.31451416015625,-1,-1,-1,-1
356,6,323.0765380859375,494.88751220703125,80.83587646484375,251.7479248046875,-1,-1,-1,-1
357,6,324.6412658691406,497.9383239746094,79.74130249023438,248.14596557617188,-1,-1,-1,-1
358,6,327.322998046875,501.9469299316406,78.78289794921875,235.72994995117188,-1,-1,-1,-1
359,6,330.5479431152344,504.44488525390625,77.3031005859375,228.1824951171875,-1,-1,-1,-1
360,6,334.71197509765625,503.0877380371094,79.30364990234375,243.26913452148438,-1,-1,-1,-1
361,6,339.364501953125,504.384521484375,75.104248046875,232.365478515625,-1,-1,-1,-1
362,6,344.4180603027344,505.9267883300781,75.80194091796875,246.00607299804688,-1,-1,-1,-1
363,6,349.522216796875,505.708740234375,77.583740234375,256.44476318359375,-1,-1,-1,-1
364,6,352.6499328613281,506.324462890625,76.89401245117188,244.7918701171875,-1,-1,-1,-1
365,6,359.6810607910156,505.9068603515625,76.26361083984375,239.0067138671875,-1,-1,-1,-1
366,6,362.9065246582031,504.48431396484375,77.73898315429688,248.87445068359375,-1,-1,-1,-1
367,6,365.9814758300781,504.25628662109375,75.97979736328125,228.8424072265625,-1,-1,-1,-1
368,6,367.6651916503906,505.4157409667969,73.74087524414062,227.32693481445312,-1,-1,-1,-1
369,6,368.2668762207031,505.1348876953125,72.79867553710938,231.2091064453125,-1,-1,-1,-1
370,6,366.5050354003906,505.4456481933594,74.41336059570312,231.29421997070312,-1,-1,-1,-1
371,6,365.3189697265625,504.9416198730469,76.69912719726562,239.35928344726562,-1,-1,-1,-1
372,6,364.9068603515625,503.18438720703125,77.93112182617188,238.44842529296875,-1,-1,-1,-1
373,6,363.3139343261719,501.34735107421875,79.68197631835938,244.450439453125,-1,-1,-1,-1
374,6,358.4917297363281,500.2788391113281,83.1361083984375,259.3193664550781,-1,-1,-1,-1
375,6,358.3868713378906,498.3818359375,79.697265625,255.05413818359375,-1,-1,-1,-1
376,6,353.8190002441406,496.0534973144531,82.4403076171875,264.2827453613281,-1,-1,-1,-1
377,6,353.69940185546875,494.0459289550781,80.11212158203125,261.2815246582031,-1,-1,-1,-1
378,6,352.8530578613281,493.7847900390625,79.33444213867188,263.359375,-1,-1,-1,-1
379,6,350.7619323730469,492.34051513671875,79.93081665039062,264.84490966796875,-1,-1,-1,-1
380,6,348.9535827636719,490.69384765625,80.28314208984375,273.040771484375,-1,-1,-1,-1
381,6,346.9949035644531,488.9217529296875,81.49029541015625,272.9759521484375,-1,-1,-1,-1
382,6,346.8547668457031,485.0677185058594,82.0626220703125,264.8573303222656,-1,-1,-1,-1
383,6,346.1524963378906,480.13421630859375,83.59259033203125,269.708740234375,-1,-1,-1,-1
384,6,345.6584167480469,475.387939453125,85.67303466796875,272.06683349609375,-1,-1,-1,-1
385,6,344.35809326171875,470.9600830078125,83.33676147460938,262.416748046875,-1,-1,-1,-1
386,6,340.53472900390625,466.1540832519531,84.21798706054688,259.7535095214844,-1,-1,-1,-1
387,6,338.7723388671875,461.9841003417969,83.42581176757812,254.29525756835938,-1,-1,-1,-1
388,6,337.739013671875,456.22125244140625,80.85882568359375,249.01971435546875,-1,-1,-1,-1
389,6,332.86651611328125,449.48138427734375,86.02548217773438,269.07391357421875,-1,-1,-1,-1
390,6,329.9506530761719,443.9816589355469,88.40374755859375,275.6253356933594,-1,-1,-1,-1
391,6,327.0390319824219,438.7142333984375,88.92025756835938,267.4659423828125,-1,-1,-1,-1
392,6,324.4524230957031,436.3082580566406,89.01535034179688,248.45443725585938,-1,-1,-1,-1
393,6,321.9774169921875,434.1001281738281,93.2955322265625,268.9628601074219,-1,-1,-1,-1
394,6,321.2413330078125,434.90765380859375,95.49093627929688,273.23651123046875,-1,-1,-1,-1
395,6,321.9873352050781,436.6192321777344,94.30438232421875,266.0958557128906,-1,-1,-1,-1
396,6,323.3822326660156,437.26519775390625,93.60226440429688,268.99481201171875,-1,-1,-1,-1
397,6,326.0983581542969,438.3766784667969,91.32107543945312,272.2218322753906,-1,-1,-1,-1
398,6,328.7562255859375,439.44268798828125,85.8485107421875,259.25299072265625,-1,-1,-1,-1
399,6,327.73394775390625,441.4979553222656,86.17184448242188,252.29501342773438,-1,-1,-1,-1
400,6,325.66619873046875,441.68035888671875,84.78512573242188,251.56951904296875,-1,-1,-1,-1
401,6,324.66455078125,444.18121337890625,82.37060546875,244.468994140625,-1,-1,-1,-1
402,6,325.3359680175781,447.3567810058594,80.679931640625,244.15103149414062,-1,-1,-1,-1
403,6,325.4378662109375,453.1341857910156,84.81256103515625,261.8915100097656,-1,-1,-1,-1
404,6,328.0137023925781,460.30133056640625,84.6947021484375,251.07879638671875,-1,-1,-1,-1
405,6,329.5106201171875,466.99456787109375,84.24188232421875,259.18377685546875,-1,-1,-1,-1
406,6,332.1024475097656,474.8038330078125,83.0389404296875,262.26104736328125,-1,-1,-1,-1
407,6,330.8248291015625,484.1919860839844,82.99942016601562,264.1978454589844,-1,-1,-1,-1
408,6,329.62542724609375,493.96417236328125,84.2174072265625,268.3155517578125,-1,-1,-1,-1
409,6,333.4375,504.19256591796875,78.44647216796875,256.76409912109375,-1,-1,-1,-1
410,6,335.0880432128906,513.7018432617188,77.17233276367188,251.31341552734375,-1,-1,-1,-1
411,6,343.04498291015625,519.34716796875,71.69223022460938,240.75341796875,-1,-1,-1,-1
412,6,345.10491943359375,518.9500732421875,74.1212158203125,263.28521728515625,-1,-1,-1,-1
413,6,347.8326110839844,516.6898193359375,71.69381713867188,250.65478515625,-1,-1,-1,-1
414,6,348.4064636230469,516.0921630859375,69.81661987304688,238.49249267578125,-1,-1,-1,-1
415,6,349.0367431640625,517.993896484375,69.662109375,237.73095703125,-1,-1,-1,-1
416,6,349.1510925292969,521.9113159179688,71.94412231445312,249.69256591796875,-1,-1,-1,-1
417,6,355.5700988769531,530.1389770507812,67.37625122070312,221.1324462890625,-1,-1,-1,-1
418,6,361.2048034667969,537.7945556640625,65.8828125,221.902587890625,-1,-1,-1,-1
419,6,364.9168701171875,544.259765625,66.63870239257812,234.70098876953125,-1,-1,-1,-1
420,6,368.4089660644531,549.325439453125,66.22512817382812,236.4049072265625,-1,-1,-1,-1
421,6,368.3989562988281,554.318115234375,67.60174560546875,241.67987060546875,-1,-1,-1,-1
422,6,372.7522277832031,554.722900390625,64.891357421875,234.60400390625,-1,-1,-1,-1
423,6,373.8669128417969,552.6343994140625,65.25991821289062,236.25439453125,-1,-1,-1,-1
424,6,370.79193115234375,553.486328125,66.34127807617188,239.20513916015625,-1,-1,-1,-1
425,6,364.9405822753906,556.1353759765625,66.202392578125,229.83392333984375,-1,-1,-1,-1
426,6,362.4170837402344,557.7080078125,64.679931640625,224.65216064453125,-1,-1,-1,-1
427,6,362.3699951171875,555.9124755859375,63.2330322265625,226.564697265625,-1,-1,-1,-1
428,6,365.109619140625,553.2457275390625,63.317626953125,222.8880615234375,-1,-1,-1,-1
429,6,365.1980895996094,551.5924682617188,65.53033447265625,223.12664794921875,-1,-1,-1,-1
430,6,362.76763916015625,546.9066162109375,67.96786499023438,225.4390869140625,-1,-1,-1,-1
431,6,356.8431091308594,542.8920288085938,68.80459594726562,222.76806640625,-1,-1,-1,-1
432,6,355.1256408691406,543.0911254882812,67.9273681640625,220.716796875,-1,-1,-1,-1
433,6,354.5673828125,543.4619140625,68.74990844726562,221.6383056640625,-1,-1,-1,-1
434,6,355.5234375,541.9434204101562,69.73623657226562,220.138671875,-1,-1,-1,-1
435,6,350.8101806640625,539.3705444335938,73.052978515625,221.9085693359375,-1,-1,-1,-1
436,6,349.5411071777344,536.3701171875,67.74514770507812,218.0811767578125,-1,-1,-1,-1
437,6,342.7042541503906,533.0618286132812,70.02911376953125,215.70208740234375,-1,-1,-1,-1
438,6,336.910888671875,534.7008056640625,69.9879150390625,216.87060546875,-1,-1,-1,-1
439,6,334.6763916015625,535.828857421875,68.27545166015625,212.263916015625,-1,-1,-1,-1
440,6,331.6346435546875,535.9881591796875,69.86798095703125,211.8416748046875,-1,-1,-1,-1
441,6,326.7646789550781,534.7735595703125,70.93585205078125,218.1243896484375,-1,-1,-1,-1
442,6,321.4793701171875,532.7883911132812,73.85455322265625,222.77142333984375,-1,-1,-1,-1
443,6,317.8657531738281,529.2947998046875,73.36514282226562,226.188232421875,-1,-1,-1,-1
444,6,312.4684143066406,524.4612426757812,71.58322143554688,230.62738037109375,-1,-1,-1,-1
445,6,307.92523193359375,517.3070068359375,70.15618896484375,221.3631591796875,-1,-1,-1,-1
446,6,301.0455627441406,508.5046691894531,69.44873046875,228.68331909179688,-1,-1,-1,-1
447,6,296.6331481933594,498.01190185546875,70.36233520507812,230.49560546875,-1,-1,-1,-1
448,6,296.9266052246094,485.68817138671875,70.77670288085938,235.03570556640625,-1,-1,-1,-1
449,6,303.0724182128906,472.89154052734375,70.07095336914062,228.01239013671875,-1,-1,-1,-1
450,6,312.8916320800781,457.04937744140625,71.75216674804688,239.82122802734375,-1,-1,-1,-1
451,6,326.66644287109375,441.12957763671875,72.0850830078125,236.927490234375,-1,-1,-1,-1
452,6,345.4496765136719,423.1719055175781,74.44876098632812,235.15689086914062,-1,-1,-1,-1
453,6,361.8797607421875,405.54302978515625,72.82327270507812,237.6219482421875,-1,-1,-1,-1
454,6,378.4263916015625,392.5728454589844,68.85183715820312,235.89456176757812,-1,-1,-1,-1
455,6,577.3893432617188,238.73623657226562,220.75762939453125,347.2619323730469,-1,-1,-1,-1
456,6,150.692626953125,108.94513702392578,939.128173828125,650.1631469726562,-1,-1,-1,-1
457,6,6.631340026855469,64.58325958251953,1183.0518798828125,763.1814575195312,-1,-1,-1,-1
333,7,759.6568603515625,637.7669067382812,100.20037841796875,147.0360107421875,-1,-1,-1,-1
334,7,757.035888671875,635.2881469726562,99.14837646484375,150.57672119140625,-1,-1,-1,-1
335,7,734.1558227539062,625.6946411132812,120.23321533203125,175.47674560546875,-1,-1,-1,-1
336,7,722.6755981445312,617.2820434570312,130.413330078125,182.0755615234375,-1,-1,-1,-1
337,7,713.1273803710938,608.582763671875,141.650146484375,171.2593994140625,-1,-1,-1,-1
338,7,704.4820556640625,602.4962768554688,145.64837646484375,176.5947265625,-1,-1,-1,-1
341,8,714.8633422851562,584.4400634765625,87.53521728515625,178.74078369140625,-1,-1,-1,-1
342,8,724.1356811523438,579.4578247070312,78.24371337890625,178.85699462890625,-1,-1,-1,-1
343,8,722.4111328125,573.4824829101562,73.4779052734375,184.16253662109375,-1,-1,-1,-1
344,8,712.7678833007812,565.48681640625,79.48175048828125,191.87359619140625,-1,-1,-1,-1
345,8,699.045654296875,560.0465698242188,85.18011474609375,193.9569091796875,-1,-1,-1,-1
346,8,694.96044921875,555.4673461914062,86.5662841796875,196.658203125,-1,-1,-1,-1
347,8,688.0712280273438,554.4105834960938,75.42071533203125,183.79827880859375,-1,-1,-1,-1
348,8,679.1228637695312,552.9423828125,86.02557373046875,177.2884521484375,-1,-1,-1,-1
349,8,675.1224975585938,552.8134765625,75.782470703125,166.169189453125,-1,-1,-1,-1
350,8,683.6453857421875,549.2112426757812,57.38470458984375,159.68218994140625,-1,-1,-1,-1
351,8,681.281005859375,542.181884765625,52.16571044921875,158.7469482421875,-1,-1,-1,-1
352,8,676.6998901367188,536.0260009765625,51.17218017578125,150.39923095703125,-1,-1,-1,-1
353,8,669.0142211914062,534.5862426757812,54.37066650390625,161.295654296875,-1,-1,-1,-1
354,8,661.9105224609375,535.1653442382812,59.26055908203125,166.19873046875,-1,-1,-1,-1
355,8,657.164306640625,538.9114990234375,62.41583251953125,165.595947265625,-1,-1,-1,-1
356,8,648.0213012695312,545.350341796875,70.04180908203125,175.40472412109375,-1,-1,-1,-1
357,8,643.5215454101562,550.9297485351562,73.1103515625,173.84271240234375,-1,-1,-1,-1
358,8,647.2428588867188,554.2970581054688,68.220947265625,172.67364501953125,-1,-1,-1,-1
359,8,653.17041015625,555.0308227539062,62.74505615234375,171.92694091796875,-1,-1,-1,-1
360,8,659.319091796875,553.7899169921875,60.6513671875,174.6494140625,-1,-1,-1,-1
361,8,664.3248291015625,553.8174438476562,59.32843017578125,176.27008056640625,-1,-1,-1,-1
362,8,667.4188232421875,554.9873046875,60.769775390625,179.533203125,-1,-1,-1,-1
363,8,670.2117309570312,558.0409545898438,64.6527099609375,180.22259521484375,-1,-1,-1,-1
364,8,670.1372680664062,560.3379516601562,70.71112060546875,185.0408935546875,-1,-1,-1,-1
365,8,679.4779663085938,563.12158203125,64.12335205078125,184.40948486328125,-1,-1,-1,-1
366,8,682.0159301757812,563.094482421875,65.90447998046875,186.01593017578125,-1,-1,-1,-1
367,8,683.3121948242188,561.7672119140625,66.94207763671875,189.7076416015625,-1,-1,-1,-1
368,8,686.9382934570312,560.4053955078125,65.010986328125,191.06768798828125,-1,-1,-1,-1
369,8,689.5237426757812,560.3507690429688,63.3297119140625,191.48785400390625,-1,-1,-1,-1
370,8,692.4891357421875,562.006591796875,58.87152099609375,189.57470703125,-1,-1,-1,-1
371,8,694.4642944335938,563.1072387695312,59.0401611328125,187.52520751953125,-1,-1,-1,-1
372,8,695.9182739257812,563.708251953125,60.35687255859375,184.47113037109375,-1,-1,-1,-1
373,8,695.4284057617188,563.9502563476562,61.93621826171875,182.5643310546875,-1,-1,-1,-1
374,8,693.7839965820312,563.11474609375,63.08087158203125,183.5584716796875,-1,-1,-1,-1
375,8,691.3953857421875,559.7185668945312,63.15863037109375,185.24798583984375,-1,-1,-1,-1
376,8,690.2667236328125,555.1949462890625,59.6126708984375,187.8409423828125,-1,-1,-1,-1
377,8,687.227783203125,551.5416259765625,60.51226806640625,190.2803955078125,-1,-1,-1,-1
378,8,688.5647583007812,549.6187133789062,57.4266357421875,190.44805908203125,-1,-1,-1,-1
379,8,688.5425415039062,547.7274780273438,55.63311767578125,189.61199951171875,-1,-1,-1,-1
380,8,687.4640502929688,547.5169067382812,56.09649658203125,188.74359130859375,-1,-1,-1,-1
381,8,686.157958984375,546.638916015625,57.30499267578125,187.566650390625,-1,-1,-1,-1
382,8,684.7940063476562,543.2638549804688,58.784423828125,185.3988037109375,-1,-1,-1,-1
383,8,684.9335327148438,538.1442260742188,59.123779296875,183.019775390625,-1,-1,-1,-1
384,8,683.8154296875,531.0830078125,60.35809326171875,186.24310302734375,-1,-1,-1,-1
385,8,683.451904296875,524.0830688476562,61.36761474609375,187.06219482421875,-1,-1,-1,-1
386,8,681.4500122070312,517.5752563476562,63.88043212890625,186.5194091796875,-1,-1,-1,-1
387,8,679.1788330078125,512.6618041992188,65.25811767578125,183.92138671875,-1,-1,-1,-1
388,8,679.4033203125,508.26605224609375,65.72601318359375,180.3411865234375,-1,-1,-1,-1
389,8,677.2664184570312,503.27264404296875,68.102783203125,179.5538330078125,-1,-1,-1,-1
390,8,675.6071166992188,498.7233581542969,69.452392578125,177.66140747070312,-1,-1,-1,-1
391,8,673.9180908203125,493.6054992675781,67.30615234375,178.07321166992188,-1,-1,-1,-1
392,8,672.3204345703125,488.0218200683594,71.1370849609375,179.09194946289062,-1,-1,-1,-1
393,8,672.0778198242188,485.297119140625,74.6878662109375,182.3756103515625,-1,-1,-1,-1
394,8,673.0723266601562,484.42352294921875,71.14337158203125,186.54266357421875,-1,-1,-1,-1
395,8,674.5538940429688,484.7808837890625,71.21026611328125,187.2095947265625,-1,-1,-1,-1
396,8,676.205322265625,489.5694580078125,70.53973388671875,187.8367919921875,-1,-1,-1,-1
397,8,679.9678344726562,493.7678527832031,66.73260498046875,190.43521118164062,-1,-1,-1,-1
398,8,680.8181762695312,498.5408630371094,68.24554443359375,187.68948364257812,-1,-1,-1,-1
399,8,679.5422973632812,503.0279846191406,70.63555908203125,185.96347045898438,-1,-1,-1,-1
400,8,678.9757080078125,502.9498596191406,69.3463134765625,186.77304077148438,-1,-1,-1,-1
401,8,678.6238403320312,500.79193115234375,72.68328857421875,190.9224853515625,-1,-1,-1,-1
402,8,678.5796508789062,499.33251953125,76.01776123046875,194.99365234375,-1,-1,-1,-1
403,8,677.7166748046875,502.3790283203125,74.63970947265625,198.70147705078125,-1,-1,-1,-1
404,8,678.2330932617188,508.027587890625,74.34344482421875,198.55316162109375,-1,-1,-1,-1
405,8,677.52685546875,520.2766723632812,73.2864990234375,193.6754150390625,-1,-1,-1,-1
406,8,675.7451782226562,534.3826293945312,74.227294921875,188.781982421875,-1,-1,-1,-1
407,8,674.990966796875,549.9722290039062,70.96710205078125,181.61297607421875,-1,-1,-1,-1
408,8,669.1038818359375,564.6458740234375,73.4622802734375,175.43438720703125,-1,-1,-1,-1
409,8,670.1631469726562,574.5943603515625,73.5723876953125,174.99609375,-1,-1,-1,-1
410,8,673.8905029296875,580.658203125,66.91845703125,178.70263671875,-1,-1,-1,-1
411,8,678.2151489257812,582.5484008789062,62.88165283203125,185.4940185546875,-1,-1,-1,-1
412,8,682.7198486328125,580.9035034179688,59.36358642578125,188.20184326171875,-1,-1,-1,-1
413,8,683.06787109375,578.7094116210938,58.061279296875,187.453369140625,-1,-1,-1,-1
414,8,679.9476928710938,578.8922729492188,60.744873046875,181.71783447265625,-1,-1,-1,-1
415,8,675.7250366210938,585.2880859375,65.327392578125,173.22113037109375,-1,-1,-1,-1
416,8,672.4722900390625,592.3116455078125,67.6578369140625,171.63909912109375,-1,-1,-1,-1
417,8,680.1023559570312,599.8283081054688,67.19403076171875,172.3558349609375,-1,-1,-1,-1
418,8,682.6363525390625,606.3372192382812,66.38348388671875,171.9873046875,-1,-1,-1,-1
419,8,684.2687377929688,612.405517578125,68.25030517578125,174.60528564453125,-1,-1,-1,-1
420,8,684.5040283203125,620.6737670898438,70.98406982421875,179.83758544921875,-1,-1,-1,-1
421,8,685.1218872070312,626.8598022460938,73.82342529296875,183.34881591796875,-1,-1,-1,-1
422,8,686.9017333984375,631.91650390625,79.19964599609375,185.095947265625,-1,-1,-1,-1
423,8,686.0325927734375,634.9873046875,80.1484375,185.312255859375,-1,-1,-1,-1
424,8,685.233642578125,637.43896484375,80.01025390625,185.00054931640625,-1,-1,-1,-1
425,8,679.3344116210938,639.9987182617188,85.7786865234375,185.377197265625,-1,-1,-1,-1
426,8,675.371337890625,640.3854370117188,88.485595703125,186.73834228515625,-1,-1,-1,-1
427,8,678.4158935546875,639.6781616210938,84.9437255859375,186.33648681640625,-1,-1,-1,-1
428,8,684.2825317382812,638.5516357421875,83.5501708984375,184.3443603515625,-1,-1,-1,-1
429,8,683.9745483398438,639.2925415039062,89.5850830078125,182.49932861328125,-1,-1,-1,-1
430,8,683.00634765625,641.4518432617188,100.73956298828125,176.2530517578125,-1,-1,-1,-1
431,8,678.6354370117188,644.43603515625,119.4534912109375,170.17352294921875,-1,-1,-1,-1
432,8,677.406494140625,649.387939453125,116.98675537109375,170.18206787109375,-1,-1,-1,-1
433,8,681.2665405273438,660.448974609375,113.0166015625,173.9102783203125,-1,-1,-1,-1
434,8,678.4569091796875,676.6243896484375,134.1748046875,159.94268798828125,-1,-1,-1,-1
435,8,674.5181884765625,688.0206909179688,152.66357421875,146.46710205078125,-1,-1,-1,-1
436,8,668.0865478515625,685.7135620117188,149.5577392578125,143.38311767578125,-1,-1,-1,-1
437,8,663.8530883789062,678.92724609375,136.61053466796875,149.0972900390625,-1,-1,-1,-1
438,8,657.5269165039062,672.3005981445312,126.353271484375,155.6802978515625,-1,-1,-1,-1
439,8,654.001708984375,664.4347534179688,121.41290283203125,169.34954833984375,-1,-1,-1,-1
440,8,649.0633544921875,656.6483154296875,124.4873046875,175.9276123046875,-1,-1,-1,-1
441,8,646.0724487304688,648.451416015625,125.06707763671875,178.2608642578125,-1,-1,-1,-1
442,8,643.6520385742188,643.5499877929688,117.94610595703125,177.2918701171875,-1,-1,-1,-1
443,8,640.995849609375,637.0824584960938,104.930419921875,176.91168212890625,-1,-1,-1,-1
444,8,665.413818359375,631.330322265625,73.9130859375,172.33367919921875,-1,-1,-1,-1
445,8,630.8165283203125,622.6851196289062,100.93743896484375,175.35260009765625,-1,-1,-1,-1
446,8,628.562255859375,615.6817626953125,97.11590576171875,174.5828857421875,-1,-1,-1,-1
447,8,628.2435913085938,605.1832275390625,93.183349609375,175.82525634765625,-1,-1,-1,-1
448,8,627.7506103515625,593.8636474609375,91.9259033203125,178.435302734375,-1,-1,-1,-1
449,8,628.5836181640625,583.3782348632812,94.6129150390625,176.28302001953125,-1,-1,-1,-1
450,8,636.2944946289062,571.22265625,94.4747314453125,175.4678955078125,-1,-1,-1,-1
451,8,645.2066650390625,555.2915649414062,95.98876953125,179.1468505859375,-1,-1,-1,-1
452,8,659.8277587890625,541.3201293945312,97.02691650390625,178.58203125,-1,-1,-1,-1
453,8,673.9934692382812,525.2452392578125,97.154296875,178.958251953125,-1,-1,-1,-1
454,8,859.8770141601562,561.3619995117188,89.40447998046875,193.6842041015625,-1,-1,-1,-1
455,8,804.2861938476562,553.5840454101562,158.6590576171875,224.04718017578125,-1,-1,-1,-1
456,8,804.1830444335938,555.6520385742188,163.74261474609375,222.64862060546875,-1,-1,-1,-1
457,8,806.5465087890625,559.8240356445312,149.97967529296875,214.97528076171875,-1,-1,-1,-1
458,8,816.570556640625,564.640625,122.39208984375,215.7117919921875,-1,-1,-1,-1
459,8,814.1192016601562,568.3101196289062,118.47491455078125,217.74432373046875,-1,-1,-1,-1
460,8,813.8517456054688,571.2657470703125,111.62506103515625,216.4991455078125,-1,-1,-1,-1
461,8,813.9192504882812,573.5045166015625,104.68896484375,215.46563720703125,-1,-1,-1,-1
462,8,813.0275268554688,571.2664184570312,100.48223876953125,215.74468994140625,-1,-1,-1,-1
463,8,806.135986328125,569.7119750976562,103.2493896484375,217.30401611328125,-1,-1,-1,-1
464,8,795.1576538085938,570.4956665039062,111.72412109375,215.04803466796875,-1,-1,-1,-1
465,8,776.9536743164062,574.6409912109375,130.39837646484375,211.63397216796875,-1,-1,-1,-1
466,8,765.0545654296875,579.7349853515625,143.4071044921875,209.68927001953125,-1,-1,-1,-1
467,8,754.68603515625,586.6699829101562,140.22027587890625,204.41949462890625,-1,-1,-1,-1
468,8,749.5147705078125,590.4086303710938,138.0111083984375,201.71331787109375,-1,-1,-1,-1
469,8,747.152099609375,597.2825317382812,134.29541015625,202.1854248046875,-1,-1,-1,-1
470,8,747.2559814453125,604.2923583984375,118.688720703125,206.501708984375,-1,-1,-1,-1
471,8,747.8140869140625,607.0676879882812,112.5787353515625,215.3778076171875,-1,-1,-1,-1
472,8,751.2478637695312,609.170166015625,105.552734375,224.140380859375,-1,-1,-1,-1
473,8,753.6256103515625,616.4961547851562,99.5533447265625,228.9429931640625,-1,-1,-1,-1
474,8,751.9930419921875,621.9772338867188,95.7479248046875,232.92901611328125,-1,-1,-1,-1
475,8,744.7847900390625,623.0963745117188,101.54437255859375,237.84429931640625,-1,-1,-1,-1
476,8,737.5580444335938,627.5580444335938,103.95367431640625,237.14080810546875,-1,-1,-1,-1
477,8,731.7835693359375,638.461669921875,105.09295654296875,236.91778564453125,-1,-1,-1,-1
478,8,732.69775390625,656.49169921875,99.00262451171875,228.6939697265625,-1,-1,-1,-1
479,8,733.436767578125,668.9143676757812,94.7371826171875,226.67181396484375,-1,-1,-1,-1
480,8,733.5875854492188,673.5643920898438,95.22979736328125,225.9248046875,-1,-1,-1,-1
481,8,729.1235961914062,669.8939208984375,98.24749755859375,232.2281494140625,-1,-1,-1,-1
482,8,724.588623046875,664.456787109375,103.955810546875,237.8358154296875,-1,-1,-1,-1
483,8,724.5778198242188,663.2845458984375,106.36492919921875,239.82904052734375,-1,-1,-1,-1
484,8,727.1678466796875,664.2269287109375,107.537353515625,242.535888671875,-1,-1,-1,-1
485,8,736.399658203125,668.4874877929688,102.4586181640625,247.89404296875,-1,-1,-1,-1
486,8,739.9373779296875,680.0808715820312,103.15887451171875,243.04937744140625,-1,-1,-1,-1
487,8,739.9738159179688,695.1824340820312,104.06793212890625,239.47747802734375,-1,-1,-1,-1
488,8,737.777099609375,702.8843383789062,105.965087890625,237.7100830078125,-1,-1,-1,-1
489,8,732.9196166992188,701.1185302734375,104.79754638671875,237.50286865234375,-1,-1,-1,-1
490,8,732.4205932617188,695.162109375,111.59002685546875,241.73846435546875,-1,-1,-1,-1
491,8,739.1382446289062,693.5584106445312,111.67828369140625,243.68707275390625,-1,-1,-1,-1
492,8,750.6964111328125,691.7314453125,102.548583984375,247.38519287109375,-1,-1,-1,-1
493,8,759.715576171875,691.54345703125,99.56646728515625,249.33917236328125,-1,-1,-1,-1
494,8,768.3911743164062,693.0472412109375,92.58538818359375,247.52490234375,-1,-1,-1,-1
495,8,773.021484375,696.05615234375,93.45428466796875,242.96453857421875,-1,-1,-1,-1
496,8,771.4686279296875,698.3989868164062,93.59649658203125,235.74334716796875,-1,-1,-1,-1
497,8,771.8118896484375,697.8694458007812,92.741455078125,228.46685791015625,-1,-1,-1,-1
498,8,772.1746826171875,690.78173828125,92.4737548828125,226.2852783203125,-1,-1,-1,-1
499,8,768.773193359375,683.797607421875,96.56396484375,228.66119384765625,-1,-1,-1,-1
500,8,766.5301513671875,678.59228515625,99.55401611328125,230.1259765625,-1,-1,-1,-1
501,8,761.735107421875,677.5846557617188,104.9964599609375,229.8232421875,-1,-1,-1,-1
502,8,757.6058349609375,680.25634765625,111.1016845703125,226.27862548828125,-1,-1,-1,-1
503,8,761.5938110351562,686.9378662109375,109.30743408203125,224.0186767578125,-1,-1,-1,-1
504,8,763.27099609375,694.6035766601562,111.2274169921875,219.03179931640625,-1,-1,-1,-1
505,8,762.0155639648438,701.3453369140625,113.5771484375,213.967529296875,-1,-1,-1,-1
506,8,760.7478637695312,703.2643432617188,113.50762939453125,210.4293212890625,-1,-1,-1,-1
507,8,759.3955078125,698.3820190429688,113.8369140625,210.71429443359375,-1,-1,-1,-1
508,8,756.5054931640625,686.65869140625,115.9063720703125,215.60400390625,-1,-1,-1,-1
509,8,759.0588989257812,676.670654296875,113.29443359375,218.4237060546875,-1,-1,-1,-1
510,8,765.93994140625,673.6868896484375,108.42657470703125,221.7655029296875,-1,-1,-1,-1
511,8,769.30859375,672.9954223632812,105.72528076171875,224.5843505859375,-1,-1,-1,-1
512,8,766.27880859375,669.3888549804688,105.2586669921875,224.36810302734375,-1,-1,-1,-1
513,8,762.9581909179688,669.4932861328125,102.2303466796875,222.5164794921875,-1,-1,-1,-1
514,8,758.6216430664062,671.4116821289062,99.73260498046875,220.35076904296875,-1,-1,-1,-1
515,8,754.7088623046875,674.088623046875,99.8052978515625,217.66168212890625,-1,-1,-1,-1
516,8,754.9867553710938,671.965087890625,97.69024658203125,221.15240478515625,-1,-1,-1,-1
517,8,755.564208984375,667.1022338867188,95.2769775390625,226.680419921875,-1,-1,-1,-1
518,8,754.2887573242188,661.1088256835938,93.37713623046875,230.49981689453125,-1,-1,-1,-1
519,8,750.4212646484375,655.6812133789062,94.08221435546875,231.74285888671875,-1,-1,-1,-1
520,8,744.2235717773438,652.0597534179688,94.2529296875,229.68682861328125,-1,-1,-1,-1
521,8,737.03857421875,651.906494140625,99.6441650390625,229.2723388671875,-1,-1,-1,-1
522,8,734.6988525390625,653.1669921875,104.2891845703125,226.6529541015625,-1,-1,-1,-1
523,8,736.5015258789062,653.5440673828125,105.76019287109375,222.163330078125,-1,-1,-1,-1
524,8,735.9156494140625,648.8772583007812,108.4554443359375,222.68048095703125,-1,-1,-1,-1
525,8,735.807861328125,640.6326904296875,106.1468505859375,227.4339599609375,-1,-1,-1,-1
526,8,735.064208984375,633.2310180664062,104.958984375,229.85223388671875,-1,-1,-1,-1
527,8,732.338623046875,628.5750122070312,100.40216064453125,230.99908447265625,-1,-1,-1,-1
528,8,728.957275390625,628.3453979492188,96.91162109375,228.96722412109375,-1,-1,-1,-1
529,8,724.2906494140625,632.0191040039062,101.38018798828125,227.38555908203125,-1,-1,-1,-1
530,8,717.5690307617188,639.2882080078125,110.39794921875,226.26544189453125,-1,-1,-1,-1
531,8,721.9473266601562,646.2265625,111.379150390625,221.30096435546875,-1,-1,-1,-1
532,8,724.2862548828125,647.6393432617188,111.13446044921875,220.27154541015625,-1,-1,-1,-1
533,8,726.5285034179688,642.7957153320312,109.1907958984375,223.3526611328125,-1,-1,-1,-1
534,8,730.100830078125,633.2919311523438,104.29345703125,232.6829833984375,-1,-1,-1,-1
535,8,734.336181640625,624.92138671875,96.57843017578125,233.759033203125,-1,-1,-1,-1
536,8,741.7767333984375,619.4096069335938,88.1907958984375,233.12371826171875,-1,-1,-1,-1
537,8,744.5067138671875,614.15576171875,85.536376953125,231.97882080078125,-1,-1,-1,-1
538,8,744.2694702148438,612.0885009765625,83.63848876953125,231.8358154296875,-1,-1,-1,-1
539,8,746.694091796875,611.1759643554688,81.8927001953125,232.5089111328125,-1,-1,-1,-1
540,8,750.58740234375,611.5471801757812,81.45025634765625,227.99700927734375,-1,-1,-1,-1
541,8,754.6387329101562,610.997314453125,80.37890625,226.98974609375,-1,-1,-1,-1
542,8,761.5931396484375,602.5017700195312,79.07501220703125,232.83599853515625,-1,-1,-1,-1
543,8,765.0189208984375,601.4994506835938,83.19622802734375,229.4993896484375,-1,-1,-1,-1
544,8,764.2819213867188,606.3849487304688,91.9581298828125,217.1470947265625,-1,-1,-1,-1
545,8,772.40625,612.8836669921875,91.5916748046875,213.70751953125,-1,-1,-1,-1
546,8,792.77392578125,617.8020629882812,74.1578369140625,215.82659912109375,-1,-1,-1,-1
547,8,760.6040649414062,615.527587890625,100.82952880859375,218.24395751953125,-1,-1,-1,-1
548,8,752.7176513671875,613.9221801757812,99.23846435546875,222.27294921875,-1,-1,-1,-1
549,8,752.8660888671875,613.4191284179688,86.02557373046875,223.89544677734375,-1,-1,-1,-1
550,8,752.358642578125,613.0361938476562,74.631591796875,221.6212158203125,-1,-1,-1,-1
551,8,744.8228759765625,612.350830078125,75.92108154296875,216.34844970703125,-1,-1,-1,-1
552,8,746.3569946289062,614.0455322265625,73.28350830078125,213.02734375,-1,-1,-1,-1
553,8,742.46044921875,616.3504638671875,77.57061767578125,210.10552978515625,-1,-1,-1,-1
554,8,738.6571044921875,614.631591796875,80.5767822265625,210.3880615234375,-1,-1,-1,-1
555,8,743.8460693359375,610.8702392578125,73.2244873046875,212.53179931640625,-1,-1,-1,-1
556,8,748.0883178710938,605.9463500976562,65.13555908203125,208.22174072265625,-1,-1,-1,-1
557,8,729.4498901367188,600.469482421875,77.18359375,203.47235107421875,-1,-1,-1,-1
558,8,727.302978515625,591.443359375,69.81695556640625,197.8175048828125,-1,-1,-1,-1
559,8,718.59619140625,576.25048828125,67.77276611328125,194.15765380859375,-1,-1,-1,-1
560,8,705.3819580078125,549.1535034179688,67.81719970703125,194.9993896484375,-1,-1,-1,-1
561,8,679.85009765625,526.472412109375,82.0023193359375,193.90283203125,-1,-1,-1,-1
562,8,670.045654296875,517.0776977539062,82.9949951171875,189.61822509765625,-1,-1,-1,-1
563,8,660.8550415039062,522.6209106445312,85.2650146484375,182.35687255859375,-1,-1,-1,-1
564,8,654.04931640625,528.1173095703125,87.48565673828125,170.32623291015625,-1,-1,-1,-1
565,8,646.2174682617188,534.020263671875,86.29595947265625,161.7586669921875,-1,-1,-1,-1
566,8,645.1812133789062,540.3350830078125,85.57073974609375,156.31549072265625,-1,-1,-1,-1
567,8,647.8207397460938,551.2071533203125,83.5322265625,146.896484375,-1,-1,-1,-1
568,8,654.849609375,561.497802734375,85.38916015625,150.06805419921875,-1,-1,-1,-1
569,8,656.04345703125,571.7127685546875,93.07562255859375,153.08001708984375,-1,-1,-1,-1
570,8,667.5270385742188,578.54736328125,92.3690185546875,163.86859130859375,-1,-1,-1,-1
571,8,682.5599365234375,575.6080322265625,82.28155517578125,178.73162841796875,-1,-1,-1,-1
572,8,685.6080322265625,570.6956176757812,80.549560546875,186.9232177734375,-1,-1,-1,-1
573,8,689.8538818359375,565.8644409179688,80.52557373046875,197.51361083984375,-1,-1,-1,-1
574,8,700.3322143554688,568.9556274414062,77.53399658203125,202.143310546875,-1,-1,-1,-1
575,8,723.1337890625,578.6219482421875,72.26690673828125,203.7197265625,-1,-1,-1,-1
576,8,757.6530151367188,584.4214477539062,74.25030517578125,209.90155029296875,-1,-1,-1,-1
577,8,785.4207763671875,587.7317504882812,79.63079833984375,213.7054443359375,-1,-1,-1,-1
578,8,803.9029541015625,586.7274169921875,84.61737060546875,220.88409423828125,-1,-1,-1,-1
579,8,811.9869995117188,590.12841796875,95.3670654296875,218.162353515625,-1,-1,-1,-1
580,8,815.5930786132812,591.666015625,105.87060546875,215.85845947265625,-1,-1,-1,-1
581,8,824.8009033203125,589.3255004882812,109.6187744140625,220.24603271484375,-1,-1,-1,-1
582,8,830.7529907226562,587.6502685546875,115.58978271484375,223.9288330078125,-1,-1,-1,-1
583,8,833.4235229492188,593.509033203125,115.8076171875,229.84808349609375,-1,-1,-1,-1
584,8,838.0745849609375,601.1178588867188,116.44439697265625,236.58575439453125,-1,-1,-1,-1
585,8,844.0902099609375,603.25341796875,118.0792236328125,238.3944091796875,-1,-1,-1,-1
586,8,848.8714599609375,602.40625,121.05670166015625,238.0621337890625,-1,-1,-1,-1
587,8,852.5828857421875,599.3507690429688,122.40380859375,245.17425537109375,-1,-1,-1,-1
588,8,853.1376342773438,594.423583984375,120.68023681640625,250.48248291015625,-1,-1,-1,-1
589,8,846.54345703125,590.663818359375,127.48773193359375,249.27667236328125,-1,-1,-1,-1
590,8,848.9763793945312,589.1529541015625,129.64422607421875,250.2291259765625,-1,-1,-1,-1
591,8,855.9026489257812,588.9277954101562,128.94464111328125,253.64935302734375,-1,-1,-1,-1
592,8,856.5574340820312,590.8097534179688,129.65093994140625,255.4776611328125,-1,-1,-1,-1
593,8,861.03857421875,594.7906494140625,130.52191162109375,258.46142578125,-1,-1,-1,-1
594,8,863.2323608398438,603.7261962890625,134.22796630859375,264.4100341796875,-1,-1,-1,-1
595,8,865.28955078125,614.3449096679688,138.41339111328125,268.060546875,-1,-1,-1,-1
596,8,866.55810546875,618.35986328125,145.87200927734375,264.92633056640625,-1,-1,-1,-1
597,8,865.2501831054688,610.163330078125,150.5804443359375,261.13232421875,-1,-1,-1,-1
598,8,864.1195678710938,588.555419921875,153.434326171875,261.6551513671875,-1,-1,-1,-1
599,8,856.4635620117188,551.5252075195312,150.09100341796875,261.71209716796875,-1,-1,-1,-1
600,8,822.2263793945312,497.2320861816406,152.7955322265625,266.0425720214844,-1,-1,-1,-1
601,8,765.363037109375,440.9470520019531,158.96099853515625,267.4845275878906,-1,-1,-1,-1
378,9,718.307861328125,986.93603515625,506.7601318359375,424.31201171875,-1,-1,-1,-1
379,9,732.8470458984375,1025.8739013671875,483.72412109375,383.4146728515625,-1,-1,-1,-1
380,9,779.3589477539062,1084.4063720703125,427.87432861328125,325.3553466796875,-1,-1,-1,-1
381,9,772.8634033203125,1145.539794921875,419.877197265625,264.606201171875,-1,-1,-1,-1
382,9,758.4619140625,1196.47265625,347.3133544921875,214.0419921875,-1,-1,-1,-1
383,9,562.5119018554688,1211.968017578125,561.1880493164062,200.1387939453125,-1,-1,-1,-1
388,10,747.0554809570312,501.6181640625,31.5274658203125,86.31512451171875,-1,-1,-1,-1
389,10,746.955322265625,496.0779113769531,30.3016357421875,86.59384155273438,-1,-1,-1,-1
390,10,742.632080078125,491.0987548828125,31.9747314453125,89.9766845703125,-1,-1,-1,-1
391,10,741.9991455078125,485.71051025390625,31.28973388671875,88.53387451171875,-1,-1,-1,-1
392,10,739.751708984375,483.3441467285156,32.5537109375,90.74160766601562,-1,-1,-1,-1
393,10,740.3666381835938,482.6656188964844,31.84197998046875,88.02767944335938,-1,-1,-1,-1
394,10,739.22119140625,482.9130859375,33.17852783203125,90.56597900390625,-1,-1,-1,-1
395,10,740.1952514648438,483.4726867675781,32.48553466796875,92.44259643554688,-1,-1,-1,-1
396,10,740.9660034179688,484.3974609375,32.2418212890625,90.58392333984375,-1,-1,-1,-1
397,10,741.920166015625,485.5057373046875,31.34112548828125,88.57440185546875,-1,-1,-1,-1
398,10,742.3197631835938,486.38995361328125,30.72467041015625,86.06500244140625,-1,-1,-1,-1
399,10,741.0469970703125,489.3429870605469,30.565185546875,82.45584106445312,-1,-1,-1,-1
400,10,740.4765625,490.9580078125,29.9071044921875,79.69775390625,-1,-1,-1,-1
401,10,737.603271484375,495.6901550292969,32.67388916015625,84.68820190429688,-1,-1,-1,-1
402,10,736.6321411132812,497.4278259277344,33.5238037109375,89.77346801757812,-1,-1,-1,-1
403,10,736.9761962890625,501.6202087402344,32.07781982421875,85.46102905273438,-1,-1,-1,-1
404,10,736.1103515625,511.03466796875,35.73675537109375,94.53424072265625,-1,-1,-1,-1
405,10,731.95751953125,519.744384765625,42.65753173828125,109.8929443359375,-1,-1,-1,-1
406,10,731.2945556640625,528.027587890625,43.0078125,117.66156005859375,-1,-1,-1,-1
407,10,736.5670166015625,536.7999877929688,34.02972412109375,107.34564208984375,-1,-1,-1,-1
408,10,734.8583984375,545.1731567382812,31.77587890625,80.0968017578125,-1,-1,-1,-1
409,10,735.5868530273438,557.1085815429688,29.90777587890625,68.67626953125,-1,-1,-1,-1
410,10,737.6177368164062,569.0098876953125,28.9713134765625,69.8912353515625,-1,-1,-1,-1
411,10,741.8069458007812,576.6875610351562,25.39495849609375,67.40234375,-1,-1,-1,-1
412,10,741.7418823242188,582.103271484375,30.181640625,87.4732666015625,-1,-1,-1,-1
413,10,743.7893676757812,578.4495239257812,29.0836181640625,84.8255615234375,-1,-1,-1,-1
414,10,741.9447021484375,577.4263916015625,30.600830078125,90.88262939453125,-1,-1,-1,-1
415,10,742.8138427734375,580.3283081054688,28.132080078125,76.94635009765625,-1,-1,-1,-1
416,10,742.2252807617188,584.6188354492188,29.13214111328125,78.94049072265625,-1,-1,-1,-1
417,10,746.8786010742188,591.68212890625,27.95013427734375,74.89007568359375,-1,-1,-1,-1
418,10,747.4159545898438,599.1547241210938,32.06256103515625,77.71148681640625,-1,-1,-1,-1
419,10,751.017333984375,609.411865234375,31.2987060546875,76.37744140625,-1,-1,-1,-1
420,10,752.1663208007812,618.9732666015625,30.84783935546875,75.79327392578125,-1,-1,-1,-1
421,10,752.7704467773438,626.14599609375,30.26116943359375,72.90423583984375,-1,-1,-1,-1
422,10,753.1465454101562,628.0018920898438,32.16912841796875,82.798583984375,-1,-1,-1,-1
423,10,752.6221923828125,627.492919921875,31.88751220703125,81.5374755859375,-1,-1,-1,-1
424,10,749.78759765625,629.5326538085938,32.1268310546875,78.81341552734375,-1,-1,-1,-1
425,10,744.3584594726562,629.8125,33.04010009765625,83.10418701171875,-1,-1,-1,-1
426,10,734.3402099609375,633.34375,38.208740234375,94.66156005859375,-1,-1,-1,-1
427,10,735.8779296875,630.8956298828125,35.3817138671875,92.9168701171875,-1,-1,-1,-1
428,10,733.9341430664062,630.0236206054688,39.9000244140625,105.41082763671875,-1,-1,-1,-1
429,10,732.6698608398438,624.3057861328125,43.39385986328125,109.35845947265625,-1,-1,-1,-1
430,10,729.5110473632812,620.4338989257812,47.02593994140625,113.7972412109375,-1,-1,-1,-1
431,10,723.9072265625,612.1409912109375,51.233154296875,114.4212646484375,-1,-1,-1,-1
432,10,711.764404296875,613.9705200195312,58.10546875,101.72967529296875,-1,-1,-1,-1
433,10,713.5458984375,615.3499145507812,60.89642333984375,99.17718505859375,-1,-1,-1,-1
434,10,725.5711059570312,616.9324951171875,40.01544189453125,71.419189453125,-1,-1,-1,-1
435,10,729.2597045898438,615.2955322265625,32.58050537109375,69.8253173828125,-1,-1,-1,-1
436,10,724.0122680664062,612.6585693359375,32.725341796875,72.66229248046875,-1,-1,-1,-1
437,10,719.9927368164062,609.5322875976562,31.43463134765625,71.785888671875,-1,-1,-1,-1
438,10,715.11572265625,611.5510864257812,31.9957275390625,66.546875,-1,-1,-1,-1
439,10,704.15673828125,612.613037109375,42.85357666015625,70.28936767578125,-1,-1,-1,-1
440,10,699.7525024414062,612.9468994140625,46.62139892578125,76.741943359375,-1,-1,-1,-1
441,10,678.2764892578125,613.5128784179688,63.52178955078125,81.537353515625,-1,-1,-1,-1
443,10,694.1146850585938,609.052001953125,42.09002685546875,76.84014892578125,-1,-1,-1,-1
444,10,690.5703735351562,603.4180908203125,40.87066650390625,82.61077880859375,-1,-1,-1,-1
445,10,682.690673828125,597.8931884765625,42.8021240234375,88.3594970703125,-1,-1,-1,-1
446,10,684.4393920898438,592.9359741210938,35.32757568359375,81.26123046875,-1,-1,-1,-1
447,10,680.7904052734375,581.98486328125,36.699462890625,82.54052734375,-1,-1,-1,-1
448,10,679.2288818359375,572.615234375,38.943359375,86.06591796875,-1,-1,-1,-1
449,10,680.9381103515625,567.30419921875,43.4803466796875,101.1917724609375,-1,-1,-1,-1
450,10,683.1004028320312,558.2993774414062,50.25189208984375,113.41552734375,-1,-1,-1,-1
451,10,694.8635864257812,550.5216064453125,51.63330078125,105.79327392578125,-1,-1,-1,-1
452,10,702.8239135742188,540.20361328125,57.8681640625,126.25714111328125,-1,-1,-1,-1
453,10,709.4090576171875,526.5663452148438,64.890380859375,145.6395263671875,-1,-1,-1,-1
454,10,709.681640625,535.2378540039062,130.8277587890625,163.9945068359375,-1,-1,-1,-1
455,10,405.08551025390625,292.6435852050781,655.9452514648438,456.6639709472656,-1,-1,-1,-1
456,10,344.2476806640625,266.8656005859375,729.1163330078125,480.447998046875,-1,-1,-1,-1
457,10,404.1488952636719,261.4552307128906,770.38818359375,509.0488586425781,-1,-1,-1,-1
458,10,400.695068359375,116.41240692138672,820.5537109375,631.8856201171875,-1,-1,-1,-1
459,10,399.75445556640625,95.75345611572266,842.2716674804688,684.5051879882812,-1,-1,-1,-1
460,10,435.7099304199219,47.92097473144531,801.3238525390625,670.8169555664062,-1,-1,-1,-1
461,10,646.2794189453125,118.29895782470703,415.4296875,525.0059814453125,-1,-1,-1,-1
462,10,544.9212646484375,1.1388301849365234,520.6400146484375,654.9198608398438,-1,-1,-1,-1
463,10,620.358642578125,301.8100891113281,345.333251953125,410.0596618652344,-1,-1,-1,-1
464,10,714.0438232421875,560.9540405273438,69.7061767578125,153.092041015625,-1,-1,-1,-1
452,11,100.19025421142578,873.634521484375,725.0350952148438,535.8392333984375,-1,-1,-1,-1
453,11,12.903350830078125,666.4815673828125,838.65771484375,743.053466796875,-1,-1,-1,-1
454,11,24.299636840820312,430.9246826171875,865.1011352539062,977.447021484375,-1,-1,-1,-1
455,11,37.905582427978516,144.39620971679688,838.9512329101562,1262.162353515625,-1,-1,-1,-1
456,11,11.783939361572266,13.92889404296875,977.7484130859375,1397.184326171875,-1,-1,-1,-1
457,11,7.632671356201172,14.930728912353516,1000.4483642578125,1397.4664306640625,-1,-1,-1,-1
458,11,-3.3282623291015625,7.592933654785156,1017.7161254882812,1408.1363525390625,-1,-1,-1,-1
459,11,1.78753662109375,4.316398620605469,979.4423217773438,1408.2943115234375,-1,-1,-1,-1
460,11,4.042724609375,2.956462860107422,968.7532958984375,1408.622314453125,-1,-1,-1,-1
461,11,2.568653106689453,3.171222686767578,946.2938842773438,1407.8502197265625,-1,-1,-1,-1
462,11,2.5161590576171875,5.920509338378906,886.08935546875,1404.5830078125,-1,-1,-1,-1
463,11,2.4969825744628906,11.50632095336914,850.0435180664062,1397.814208984375,-1,-1,-1,-1
464,11,3.2050857543945312,10.119319915771484,843.0327758789062,1400.9085693359375,-1,-1,-1,-1
465,11,3.6928062438964844,6.436470031738281,841.9339599609375,1403.81689453125,-1,-1,-1,-1
466,11,3.0891456604003906,7.659065246582031,866.2461547851562,1403.12109375,-1,-1,-1,-1
467,11,4.583526611328125,6.896411895751953,865.2791748046875,1403.1435546875,-1,-1,-1,-1
468,11,6.818866729736328,17.094440460205078,847.7774658203125,1392.8009033203125,-1,-1,-1,-1
469,11,3.3989906311035156,140.14024353027344,792.4204711914062,1269.3289794921875,-1,-1,-1,-1
470,11,85.98650360107422,472.21624755859375,627.2623901367188,938.1824340820312,-1,-1,-1,-1
471,11,145.43637084960938,555.62841796875,629.2955322265625,860.54296875,-1,-1,-1,-1
472,11,195.73553466796875,804.52294921875,589.7402954101562,641.00341796875,-1,-1,-1,-1
464,12,717.5980834960938,557.6141357421875,67.43084716796875,158.911376953125,-1,-1,-1,-1
465,12,716.2437133789062,559.5401000976562,75.70684814453125,158.7677001953125,-1,-1,-1,-1
466,12,720.2765502929688,550.4910888671875,84.36126708984375,168.62420654296875,-1,-1,-1,-1
467,12,724.2415771484375,556.5866088867188,73.16485595703125,160.869873046875,-1,-1,-1,-1
468,12,717.586669921875,559.9600830078125,73.76153564453125,159.32708740234375,-1,-1,-1,-1
469,12,701.939453125,573.2852172851562,77.24658203125,149.81170654296875,-1,-1,-1,-1
470,12,712.0556640625,585.8980712890625,68.1448974609375,150.837158203125,-1,-1,-1,-1
471,12,710.0740966796875,599.7874755859375,65.96539306640625,150.52008056640625,-1,-1,-1,-1
472,12,712.4754638671875,613.6643676757812,63.07611083984375,148.67803955078125,-1,-1,-1,-1
473,12,716.4312133789062,624.406005859375,58.108154296875,149.86065673828125,-1,-1,-1,-1
474,12,717.7106323242188,632.896240234375,58.1453857421875,152.24298095703125,-1,-1,-1,-1
475,12,721.0161743164062,634.4241943359375,57.8248291015625,155.288330078125,-1,-1,-1,-1
476,12,723.009521484375,636.4249877929688,58.7835693359375,159.04327392578125,-1,-1,-1,-1
477,12,720.3762817382812,645.71923828125,57.72894287109375,157.8206787109375,-1,-1,-1,-1
478,12,720.4497680664062,656.7523803710938,55.88970947265625,152.7821044921875,-1,-1,-1,-1
479,12,720.2140502929688,666.7471923828125,55.59600830078125,146.62322998046875,-1,-1,-1,-1
480,12,722.5098266601562,674.1273193359375,54.79888916015625,160.42913818359375,-1,-1,-1,-1
481,12,719.6802978515625,675.3455810546875,58.13128662109375,174.164306640625,-1,-1,-1,-1
482,12,716.4378051757812,674.1035766601562,59.16424560546875,176.29095458984375,-1,-1,-1,-1
483,12,712.9530029296875,672.4351196289062,58.30938720703125,166.40386962890625,-1,-1,-1,-1
484,12,711.7819213867188,671.9533081054688,58.160888671875,171.4114990234375,-1,-1,-1,-1
485,12,710.67236328125,673.9978637695312,55.78955078125,172.4241943359375,-1,-1,-1,-1
486,12,709.1178588867188,679.4361572265625,54.40545654296875,169.79571533203125,-1,-1,-1,-1
487,12,706.021484375,690.4806518554688,54.61346435546875,165.6763916015625,-1,-1,-1,-1
488,12,700.76416015625,700.1314697265625,56.2755126953125,165.4974365234375,-1,-1,-1,-1
489,12,698.3351440429688,703.72265625,56.1705322265625,162.795654296875,-1,-1,-1,-1
490,12,698.3665771484375,704.4935302734375,56.3563232421875,163.42755126953125,-1,-1,-1,-1
491,12,701.4283447265625,704.1878662109375,54.93621826171875,167.85284423828125,-1,-1,-1,-1
492,12,700.085693359375,701.673095703125,58.5499267578125,173.00323486328125,-1,-1,-1,-1
493,12,698.5051879882812,698.813232421875,59.7261962890625,175.00933837890625,-1,-1,-1,-1
494,12,694.5682983398438,696.3977661132812,62.5042724609375,173.42926025390625,-1,-1,-1,-1
495,12,692.0238037109375,692.04736328125,66.87188720703125,173.1614990234375,-1,-1,-1,-1
496,12,691.3753051757812,689.4667358398438,65.93048095703125,165.96942138671875,-1,-1,-1,-1
497,12,689.40234375,686.1237182617188,65.23089599609375,161.2296142578125,-1,-1,-1,-1
498,12,685.954345703125,679.5660400390625,67.58929443359375,157.24267578125,-1,-1,-1,-1
499,12,683.2423095703125,674.7804565429688,68.27362060546875,159.13958740234375,-1,-1,-1,-1
500,12,678.3766479492188,670.3244018554688,70.84161376953125,165.01416015625,-1,-1,-1,-1
501,12,674.1500854492188,667.8776245117188,69.53521728515625,169.4044189453125,-1,-1,-1,-1
502,12,670.0300903320312,669.4221801757812,70.71588134765625,174.8917236328125,-1,-1,-1,-1
503,12,668.3047485351562,673.2496337890625,71.34991455078125,175.858154296875,-1,-1,-1,-1
504,12,667.7942504882812,677.5897827148438,72.57470703125,172.6668701171875,-1,-1,-1,-1
505,12,668.5389404296875,680.99609375,71.82550048828125,170.2587890625,-1,-1,-1,-1
506,12,666.4003295898438,681.8624877929688,72.77490234375,168.35858154296875,-1,-1,-1,-1
507,12,665.8720703125,678.1221313476562,71.19256591796875,167.71722412109375,-1,-1,-1,-1
508,12,664.8923950195312,670.3587036132812,71.3330078125,171.25762939453125,-1,-1,-1,-1
509,12,670.0249633789062,663.1475830078125,62.97149658203125,174.75640869140625,-1,-1,-1,-1
510,12,669.8963623046875,660.8321533203125,64.00042724609375,178.26776123046875,-1,-1,-1,-1
511,12,666.6278076171875,660.8756103515625,68.08074951171875,179.05133056640625,-1,-1,-1,-1
512,12,661.8995971679688,658.9268188476562,69.6585693359375,176.67626953125,-1,-1,-1,-1
513,12,652.8153686523438,660.0330200195312,72.04833984375,168.1820068359375,-1,-1,-1,-1
514,12,644.2504272460938,662.7373657226562,74.14697265625,166.51983642578125,-1,-1,-1,-1
515,12,641.952880859375,665.7935180664062,71.881103515625,164.28460693359375,-1,-1,-1,-1
516,12,640.4532470703125,665.3375244140625,71.33856201171875,166.4578857421875,-1,-1,-1,-1
517,12,642.2010498046875,663.4227294921875,68.71624755859375,171.11920166015625,-1,-1,-1,-1
518,12,640.002197265625,659.4940185546875,67.65228271484375,176.8751220703125,-1,-1,-1,-1
519,12,638.6195068359375,655.1088256835938,67.03961181640625,179.03448486328125,-1,-1,-1,-1
520,12,637.4239501953125,652.41064453125,65.619384765625,176.67669677734375,-1,-1,-1,-1
521,12,636.955078125,652.6256713867188,67.66033935546875,174.09149169921875,-1,-1,-1,-1
522,12,636.3753051757812,653.8141479492188,70.11431884765625,170.39520263671875,-1,-1,-1,-1
523,12,636.27099609375,656.1022338867188,72.471923828125,165.04730224609375,-1,-1,-1,-1
524,12,636.1182861328125,656.0693969726562,72.92669677734375,161.66632080078125,-1,-1,-1,-1
525,12,636.9932250976562,654.5723876953125,70.17095947265625,160.67340087890625,-1,-1,-1,-1
526,12,637.1573486328125,652.473388671875,68.2847900390625,158.8165283203125,-1,-1,-1,-1
527,12,638.0430908203125,649.0957641601562,66.943603515625,160.15716552734375,-1,-1,-1,-1
528,12,639.5419921875,645.66845703125,65.68359375,161.71771240234375,-1,-1,-1,-1
529,12,640.8324584960938,643.4842529296875,67.29052734375,163.2510986328125,-1,-1,-1,-1
530,12,642.4946899414062,643.224609375,64.25970458984375,164.7547607421875,-1,-1,-1,-1
531,12,646.5997924804688,643.0576782226562,58.4090576171875,164.93084716796875,-1,-1,-1,-1
532,12,651.5782470703125,642.8637084960938,55.38629150390625,163.94586181640625,-1,-1,-1,-1
533,12,651.5205688476562,642.6526489257812,58.0113525390625,159.247802734375,-1,-1,-1,-1
534,12,656.0098876953125,641.48046875,57.6214599609375,160.0400390625,-1,-1,-1,-1
535,12,659.6258544921875,638.7987060546875,61.2015380859375,161.22052001953125,-1,-1,-1,-1
536,12,668.3059692382812,635.8005981445312,61.28057861328125,160.58746337890625,-1,-1,-1,-1
537,12,673.2057495117188,630.9766235351562,61.9268798828125,160.30596923828125,-1,-1,-1,-1
538,12,677.271728515625,626.279052734375,62.5723876953125,162.0977783203125,-1,-1,-1,-1
539,12,685.8671264648438,623.7662963867188,60.94293212890625,160.8531494140625,-1,-1,-1,-1
540,12,691.325927734375,621.159423828125,60.92724609375,161.48828125,-1,-1,-1,-1
541,12,702.83349609375,620.23974609375,57.6690673828125,159.9818115234375,-1,-1,-1,-1
542,12,718.319580078125,621.33984375,53.99334716796875,157.7548828125,-1,-1,-1,-1
543,12,730.96484375,624.008056640625,55.21417236328125,155.2122802734375,-1,-1,-1,-1
544,12,745.47216796875,628.28369140625,50.6087646484375,148.84527587890625,-1,-1,-1,-1
545,12,749.2142333984375,630.1904296875,53.0731201171875,149.41705322265625,-1,-1,-1,-1
546,12,741.625732421875,629.1268920898438,62.1611328125,152.36834716796875,-1,-1,-1,-1
547,12,745.1965942382812,623.8038330078125,57.697265625,156.3140869140625,-1,-1,-1,-1
548,12,736.5217895507812,621.7842407226562,57.3983154296875,158.43841552734375,-1,-1,-1,-1
549,12,718.3377685546875,620.8580322265625,62.561767578125,160.16748046875,-1,-1,-1,-1
550,12,710.7716674804688,621.0133056640625,55.05584716796875,159.9005126953125,-1,-1,-1,-1
551,12,704.4646606445312,616.3355712890625,58.52728271484375,156.71649169921875,-1,-1,-1,-1
552,12,700.54052734375,612.0948486328125,60.98590087890625,155.464599609375,-1,-1,-1,-1
553,12,693.2903442382812,611.7762451171875,68.74310302734375,154.0301513671875,-1,-1,-1,-1
554,12,691.3905639648438,612.8644409179688,63.95294189453125,147.9122314453125,-1,-1,-1,-1
555,12,690.9263305664062,611.4391479492188,57.57470703125,149.83746337890625,-1,-1,-1,-1
556,12,691.1991577148438,608.5347290039062,55.36419677734375,153.200927734375,-1,-1,-1,-1
557,12,685.0006713867188,603.7959594726562,54.3837890625,155.04022216796875,-1,-1,-1,-1
558,12,675.2577514648438,593.369384765625,60.73004150390625,160.1492919921875,-1,-1,-1,-1
559,12,670.6890869140625,580.2582397460938,59.809814453125,159.1025390625,-1,-1,-1,-1
560,12,661.7003173828125,556.1690673828125,60.96502685546875,160.39453125,-1,-1,-1,-1
561,12,644.9838256835938,537.3963623046875,67.935546875,156.0975341796875,-1,-1,-1,-1
562,12,635.5745849609375,531.6896362304688,61.40997314453125,148.84637451171875,-1,-1,-1,-1
563,12,632.6842651367188,532.4097900390625,54.9783935546875,145.85137939453125,-1,-1,-1,-1
564,12,624.75146484375,527.637451171875,56.22100830078125,147.75311279296875,-1,-1,-1,-1
565,12,620.131103515625,519.96826171875,56.859375,152.04632568359375,-1,-1,-1,-1
566,12,616.2327880859375,517.9232177734375,58.23211669921875,151.73175048828125,-1,-1,-1,-1
567,12,617.0771484375,524.1780395507812,57.48724365234375,144.65673828125,-1,-1,-1,-1
568,12,621.9100341796875,536.4833374023438,57.08428955078125,140.90087890625,-1,-1,-1,-1
569,12,629.4336547851562,551.0005493164062,58.75531005859375,141.26611328125,-1,-1,-1,-1
570,12,632.0990600585938,564.7318115234375,70.03021240234375,143.98529052734375,-1,-1,-1,-1
571,12,633.195068359375,571.065673828125,70.0167236328125,144.46661376953125,-1,-1,-1,-1
572,12,631.6513671875,574.1998291015625,65.17877197265625,145.05157470703125,-1,-1,-1,-1
573,12,633.303466796875,577.48876953125,64.432373046875,145.62158203125,-1,-1,-1,-1
574,12,645.6716918945312,585.3128662109375,59.2275390625,145.387939453125,-1,-1,-1,-1
575,12,663.09033203125,596.9556274414062,61.44647216796875,147.21826171875,-1,-1,-1,-1
576,12,692.8829956054688,604.4882202148438,63.93927001953125,146.7109375,-1,-1,-1,-1
577,12,717.1168212890625,606.1181030273438,64.106689453125,146.96258544921875,-1,-1,-1,-1
578,12,734.1536254882812,605.4922485351562,62.93359375,148.36102294921875,-1,-1,-1,-1
579,12,747.3101806640625,605.90234375,57.5576171875,147.5958251953125,-1,-1,-1,-1
580,12,745.61181640625,606.890380859375,65.045654296875,148.101806640625,-1,-1,-1,-1
581,12,756.8995971679688,609.5960693359375,60.96392822265625,149.3284912109375,-1,-1,-1,-1
582,12,762.271240234375,610.7774047851562,62.70159912109375,153.3917236328125,-1,-1,-1,-1
583,12,762.6864624023438,620.4938354492188,65.99462890625,152.15411376953125,-1,-1,-1,-1
584,12,765.101806640625,628.3695678710938,65.91986083984375,151.650634765625,-1,-1,-1,-1
585,12,768.5794677734375,628.486328125,64.05078125,151.12158203125,-1,-1,-1,-1
586,12,772.2049560546875,622.9822387695312,61.3284912109375,152.4229736328125,-1,-1,-1,-1
587,12,776.8757934570312,617.9422607421875,57.68084716796875,151.58685302734375,-1,-1,-1,-1
588,12,777.2192993164062,616.69091796875,54.3223876953125,152.1217041015625,-1,-1,-1,-1
589,12,774.974853515625,616.8635864257812,51.0604248046875,154.98736572265625,-1,-1,-1,-1
590,12,775.8851928710938,616.966796875,49.84686279296875,158.84423828125,-1,-1,-1,-1
591,12,775.8662109375,617.2037963867188,49.4530029296875,163.9322509765625,-1,-1,-1,-1
592,12,773.2674560546875,616.1542358398438,52.231689453125,164.96759033203125,-1,-1,-1,-1
593,12,771.6801147460938,615.507568359375,56.341064453125,166.60791015625,-1,-1,-1,-1
594,12,770.5801391601562,617.4327392578125,60.30712890625,169.2568359375,-1,-1,-1,-1
595,12,770.0582885742188,620.3012084960938,66.07330322265625,170.44189453125,-1,-1,-1,-1
596,12,769.6321411132812,617.8272094726562,68.58514404296875,170.37677001953125,-1,-1,-1,-1
597,12,769.3369750976562,607.0184326171875,69.39837646484375,170.24676513671875,-1,-1,-1,-1
598,12,765.306396484375,591.1583251953125,72.73193359375,167.94390869140625,-1,-1,-1,-1
599,12,751.295166015625,568.1234741210938,72.691650390625,167.21746826171875,-1,-1,-1,-1
600,12,717.08203125,532.097412109375,81.23223876953125,166.60101318359375,-1,-1,-1,-1
601,12,662.7052612304688,489.57501220703125,88.009033203125,170.74871826171875,-1,-1,-1,-1
464,13,790.8638916015625,554.0888061523438,31.6796875,87.64068603515625,-1,-1,-1,-1
465,13,798.6513671875,557.9583129882812,32.0350341796875,80.96282958984375,-1,-1,-1,-1
466,13,805.209228515625,558.959716796875,31.2874755859375,69.2877197265625,-1,-1,-1,-1
467,13,799.8653564453125,562.8132934570312,34.20025634765625,81.21002197265625,-1,-1,-1,-1
468,13,799.7272338867188,564.460693359375,31.48748779296875,81.5340576171875,-1,-1,-1,-1
469,13,797.9942626953125,575.1309204101562,34.39697265625,76.7459716796875,-1,-1,-1,-1
470,13,787.8165283203125,584.388427734375,40.26458740234375,105.53167724609375,-1,-1,-1,-1
472,13,781.2533569335938,606.0309448242188,46.040771484375,98.90728759765625,-1,-1,-1,-1
473,13,772.206298828125,618.4533081054688,55.00836181640625,123.858154296875,-1,-1,-1,-1
475,13,753.684326171875,634.028076171875,59.17987060546875,154.48583984375,-1,-1,-1,-1
476,13,749.2922973632812,638.4557495117188,76.97796630859375,168.36798095703125,-1,-1,-1,-1
477,13,751.817626953125,644.7467041015625,82.679443359375,172.8369140625,-1,-1,-1,-1
478,13,764.7435913085938,644.8436889648438,64.03497314453125,191.53802490234375,-1,-1,-1,-1
479,13,766.0025634765625,656.1752319335938,60.570068359375,188.79425048828125,-1,-1,-1,-1
480,13,772.0442504882812,656.40673828125,52.086181640625,192.2862548828125,-1,-1,-1,-1
481,13,763.6485595703125,666.5369262695312,59.99005126953125,182.30377197265625,-1,-1,-1,-1
482,13,752.8269653320312,670.2490844726562,72.0474853515625,176.23883056640625,-1,-1,-1,-1
483,13,741.100830078125,668.811767578125,85.58984375,194.394775390625,-1,-1,-1,-1
484,13,734.2640380859375,667.5859985351562,96.4482421875,233.4383544921875,-1,-1,-1,-1
471,14,512.4419555664062,571.965087890625,54.48895263671875,130.5726318359375,-1,-1,-1,-1
472,14,512.8781127929688,592.3465576171875,54.18316650390625,130.6243896484375,-1,-1,-1,-1
473,14,511.6862487792969,609.9932861328125,54.154937744140625,129.39990234375,-1,-1,-1,-1
474,14,512.4942932128906,621.9052734375,53.863983154296875,130.20672607421875,-1,-1,-1,-1
475,14,515.2454833984375,625.6668701171875,53.0947265625,128.57421875,-1,-1,-1,-1
476,14,515.468994140625,630.447998046875,52.2176513671875,129.5078125,-1,-1,-1,-1
477,14,513.8231811523438,637.921142578125,52.1883544921875,128.9232177734375,-1,-1,-1,-1
478,14,513.6759033203125,647.2012939453125,52.05938720703125,130.44390869140625,-1,-1,-1,-1
479,14,514.2996826171875,654.7100830078125,51.635986328125,128.82611083984375,-1,-1,-1,-1
480,14,513.776123046875,661.8854370117188,52.548583984375,129.67535400390625,-1,-1,-1,-1
481,14,508.03973388671875,664.2319946289062,55.492431640625,129.6431884765625,-1,-1,-1,-1
482,14,503.7274169921875,664.89453125,55.7459716796875,129.85723876953125,-1,-1,-1,-1
483,14,501.67938232421875,665.2386474609375,53.84197998046875,130.40557861328125,-1,-1,-1,-1
484,14,499.1630859375,666.153076171875,53.63818359375,129.69842529296875,-1,-1,-1,-1
485,14,498.8356018066406,669.2373657226562,52.407135009765625,128.61956787109375,-1,-1,-1,-1
486,14,497.12158203125,673.3536376953125,52.6497802734375,128.56402587890625,-1,-1,-1,-1
487,14,492.70654296875,678.1898193359375,56.07086181640625,130.8787841796875,-1,-1,-1,-1
488,14,488.3967590332031,681.6996459960938,55.181182861328125,130.1754150390625,-1,-1,-1,-1
489,14,485.8184509277344,681.1954956054688,54.532135009765625,129.85455322265625,-1,-1,-1,-1
490,14,485.61065673828125,681.2896728515625,54.990234375,129.78143310546875,-1,-1,-1,-1
491,14,487.1236877441406,684.1087646484375,55.115203857421875,129.1429443359375,-1,-1,-1,-1
492,14,486.8794250488281,683.622314453125,56.537933349609375,128.54046630859375,-1,-1,-1,-1
493,14,485.95648193359375,680.856689453125,57.181884765625,129.57659912109375,-1,-1,-1,-1
494,14,486.5220642089844,675.9429931640625,57.938385009765625,131.27978515625,-1,-1,-1,-1
495,14,486.08526611328125,667.4319458007812,59.3984375,129.99609375,-1,-1,-1,-1
496,14,485.080810546875,660.5398559570312,60.43695068359375,130.8502197265625,-1,-1,-1,-1
497,14,484.9715881347656,651.6571655273438,58.405242919921875,130.21197509765625,-1,-1,-1,-1
498,14,482.0519104003906,643.1953735351562,59.207305908203125,128.31317138671875,-1,-1,-1,-1
499,14,480.45843505859375,636.2660522460938,58.424560546875,130.6063232421875,-1,-1,-1,-1
500,14,472.7363586425781,633.7344970703125,60.117950439453125,131.50830078125,-1,-1,-1,-1
501,14,468.9915466308594,632.9409790039062,59.041229248046875,131.76861572265625,-1,-1,-1,-1
502,14,465.4098205566406,633.8737182617188,58.481292724609375,131.2608642578125,-1,-1,-1,-1
503,14,463.7098693847656,634.227294921875,58.735198974609375,131.89959716796875,-1,-1,-1,-1
504,14,464.1587219238281,634.239013671875,57.715789794921875,131.5731201171875,-1,-1,-1,-1
505,14,463.02777099609375,634.2398681640625,57.94793701171875,131.86669921875,-1,-1,-1,-1
506,14,458.5672607421875,633.865966796875,60.44189453125,132.6630859375,-1,-1,-1,-1
507,14,456.3533935546875,632.7345581054688,58.5543212890625,133.80535888671875,-1,-1,-1,-1
508,14,452.57049560546875,629.1019287109375,59.765411376953125,134.56219482421875,-1,-1,-1,-1
509,14,451.44232177734375,627.7120361328125,58.832000732421875,134.8206787109375,-1,-1,-1,-1
510,14,452.9385986328125,632.1502075195312,57.385498046875,134.12060546875,-1,-1,-1,-1
511,14,453.3873291015625,635.8313598632812,57.35845947265625,133.7960205078125,-1,-1,-1,-1
512,14,449.54449462890625,636.6768188476562,57.68988037109375,132.97576904296875,-1,-1,-1,-1
513,14,442.9252014160156,636.8662719726562,57.13824462890625,133.98834228515625,-1,-1,-1,-1
514,14,436.107421875,638.587158203125,58.074951171875,133.81390380859375,-1,-1,-1,-1
515,14,430.0589904785156,642.5128173828125,59.282073974609375,136.0445556640625,-1,-1,-1,-1
516,14,430.48284912109375,646.1438598632812,56.103240966796875,134.95452880859375,-1,-1,-1,-1
517,14,428.93267822265625,649.50244140625,55.547210693359375,135.93341064453125,-1,-1,-1,-1
518,14,428.725830078125,651.6480712890625,53.1468505859375,138.3509521484375,-1,-1,-1,-1
519,14,421.5492858886719,651.848388671875,57.977569580078125,139.26336669921875,-1,-1,-1,-1
520,14,419.44781494140625,651.5975341796875,58.93731689453125,139.1746826171875,-1,-1,-1,-1
521,14,419.2274169921875,651.2731323242188,59.095458984375,138.60205078125,-1,-1,-1,-1
522,14,421.5831298828125,650.0844116210938,58.236968994140625,137.70367431640625,-1,-1,-1,-1
523,14,421.8309020996094,648.9002075195312,58.237060546875,135.7867431640625,-1,-1,-1,-1
524,14,421.1940612792969,646.5574951171875,59.2327880859375,136.04351806640625,-1,-1,-1,-1
525,14,421.645263671875,644.6139526367188,59.829833984375,136.568115234375,-1,-1,-1,-1
526,14,425.1392822265625,642.5462036132812,57.954315185546875,138.5439453125,-1,-1,-1,-1
527,14,426.6697082519531,640.8823852539062,58.04278564453125,138.82330322265625,-1,-1,-1,-1
528,14,428.99005126953125,641.6136474609375,57.3541259765625,137.9598388671875,-1,-1,-1,-1
529,14,431.1410217285156,643.6248779296875,57.52496337890625,136.9827880859375,-1,-1,-1,-1
530,14,432.4482421875,645.80419921875,58.931365966796875,135.712646484375,-1,-1,-1,-1
531,14,436.7417297363281,647.2900390625,58.355743408203125,135.35552978515625,-1,-1,-1,-1
532,14,443.5597839355469,647.95361328125,56.358428955078125,135.15447998046875,-1,-1,-1,-1
533,14,445.9746398925781,646.11572265625,58.2840576171875,135.2430419921875,-1,-1,-1,-1
534,14,449.4615783691406,644.583251953125,60.034088134765625,135.99072265625,-1,-1,-1,-1
535,14,459.5039978027344,642.7112426757812,58.054046630859375,135.83831787109375,-1,-1,-1,-1
536,14,470.3489074707031,640.8761596679688,56.136138916015625,134.74200439453125,-1,-1,-1,-1
537,14,475.05987548828125,638.413818359375,57.91162109375,133.5291748046875,-1,-1,-1,-1
538,14,484.6487731933594,635.51904296875,52.731353759765625,133.767578125,-1,-1,-1,-1
539,14,488.616943359375,633.3743896484375,54.12286376953125,133.1768798828125,-1,-1,-1,-1
540,14,491.97784423828125,628.514892578125,56.66583251953125,134.66571044921875,-1,-1,-1,-1
541,14,501.8238525390625,625.3896484375,54.92108154296875,133.90081787109375,-1,-1,-1,-1
542,14,514.2110595703125,623.3690185546875,54.022705078125,133.2098388671875,-1,-1,-1,-1
543,14,526.9998779296875,621.8511962890625,52.48822021484375,133.4853515625,-1,-1,-1,-1
544,14,534.802734375,621.0867919921875,54.404052734375,131.94561767578125,-1,-1,-1,-1
545,14,544.5550537109375,621.77978515625,52.56878662109375,132.47479248046875,-1,-1,-1,-1
546,14,545.3177490234375,621.9208374023438,53.4642333984375,132.75982666015625,-1,-1,-1,-1
547,14,538.322509765625,620.4993896484375,53.403564453125,132.9278564453125,-1,-1,-1,-1
548,14,529.8638916015625,621.1182250976562,51.2242431640625,133.92620849609375,-1,-1,-1,-1
549,14,515.1177368164062,622.1765747070312,52.01513671875,134.65875244140625,-1,-1,-1,-1
550,14,501.4902648925781,620.962890625,53.787017822265625,135.5533447265625,-1,-1,-1,-1
551,14,492.90380859375,610.7807006835938,54.90338134765625,138.14996337890625,-1,-1,-1,-1
552,14,490.613037109375,600.73779296875,57.27874755859375,137.453125,-1,-1,-1,-1
553,14,490.1056823730469,595.503173828125,57.708343505859375,138.77093505859375,-1,-1,-1,-1
554,14,487.9469299316406,592.9312744140625,57.959930419921875,137.3131103515625,-1,-1,-1,-1
555,14,487.6275939941406,594.340087890625,57.013824462890625,138.44219970703125,-1,-1,-1,-1
556,14,486.58917236328125,597.9408569335938,54.42041015625,140.01470947265625,-1,-1,-1,-1
557,14,478.36322021484375,597.2637939453125,57.48291015625,140.3857421875,-1,-1,-1,-1
558,14,472.5988464355469,592.4215087890625,55.067962646484375,140.1593017578125,-1,-1,-1,-1
559,14,459.34515380859375,579.53515625,58.08111572265625,142.27447509765625,-1,-1,-1,-1
560,14,444.94207763671875,555.1673583984375,55.01458740234375,144.52874755859375,-1,-1,-1,-1
561,14,424.67431640625,533.3532104492188,59.386810302734375,147.09014892578125,-1,-1,-1,-1
562,14,413.6484069824219,523.000244140625,60.713653564453125,146.8585205078125,-1,-1,-1,-1
563,14,407.80316162109375,524.1922607421875,63.00189208984375,147.2080078125,-1,-1,-1,-1
564,14,402.9719543457031,521.6817626953125,65.04742431640625,149.27215576171875,-1,-1,-1,-1
565,14,401.21661376953125,518.5191650390625,61.820587158203125,149.16650390625,-1,-1,-1,-1
566,14,400.8813171386719,518.2257080078125,60.330963134765625,149.26812744140625,-1,-1,-1,-1
567,14,402.76007080078125,524.8795776367188,64.70504760742188,149.10943603515625,-1,-1,-1,-1
568,14,408.66241455078125,538.44091796875,64.848876953125,148.40771484375,-1,-1,-1,-1
569,14,416.5843200683594,556.6353149414062,63.082275390625,146.2200927734375,-1,-1,-1,-1
570,14,422.6794128417969,574.5567626953125,62.20880126953125,147.55767822265625,-1,-1,-1,-1
571,14,424.62652587890625,585.39501953125,61.383514404296875,146.458740234375,-1,-1,-1,-1
572,14,422.598388671875,591.2689819335938,62.84722900390625,147.1776123046875,-1,-1,-1,-1
573,14,424.1212158203125,598.4296875,64.61935424804688,146.14599609375,-1,-1,-1,-1
574,14,430.65673828125,607.7139282226562,66.27255249023438,146.8985595703125,-1,-1,-1,-1
575,14,456.8044128417969,620.1358032226562,59.903961181640625,145.2152099609375,-1,-1,-1,-1
576,14,486.91009521484375,627.5743408203125,63.0770263671875,142.8736572265625,-1,-1,-1,-1
577,14,515.2921752929688,632.3724975585938,59.6090087890625,141.64080810546875,-1,-1,-1,-1
578,14,530.308349609375,632.7674560546875,58.8634033203125,141.4013671875,-1,-1,-1,-1
579,14,534.6126098632812,632.4902954101562,62.40216064453125,142.8724365234375,-1,-1,-1,-1
580,14,540.691162109375,634.8954467773438,59.84478759765625,142.77056884765625,-1,-1,-1,-1
581,14,544.2166137695312,638.2537841796875,60.72027587890625,142.74615478515625,-1,-1,-1,-1
582,14,543.7249145507812,639.6339721679688,61.38226318359375,142.75775146484375,-1,-1,-1,-1
583,14,543.9111328125,646.6015014648438,57.301513671875,143.08074951171875,-1,-1,-1,-1
584,14,541.4591064453125,650.8023071289062,59.986083984375,144.00335693359375,-1,-1,-1,-1
585,14,543.3607788085938,649.6138305664062,59.1214599609375,144.383544921875,-1,-1,-1,-1
586,14,545.829833984375,644.6591796875,57.995361328125,143.21331787109375,-1,-1,-1,-1
587,14,543.5410766601562,640.0599975585938,61.38262939453125,143.746826171875,-1,-1,-1,-1
588,14,539.9275512695312,641.624755859375,60.5616455078125,142.6029052734375,-1,-1,-1,-1
589,14,534.3892822265625,643.9885864257812,62.49554443359375,144.5733642578125,-1,-1,-1,-1
590,14,531.7442626953125,647.4144287109375,63.39105224609375,144.94403076171875,-1,-1,-1,-1
591,14,529.5318603515625,650.0264892578125,63.9881591796875,145.33978271484375,-1,-1,-1,-1
592,14,528.8572387695312,651.86767578125,62.81170654296875,145.6309814453125,-1,-1,-1,-1
593,14,526.8394165039062,653.1387329101562,61.1279296875,146.20513916015625,-1,-1,-1,-1
594,14,524.201416015625,656.3565063476562,61.17083740234375,146.05712890625,-1,-1,-1,-1
595,14,524.1533203125,659.33935546875,60.62158203125,147.03314208984375,-1,-1,-1,-1
596,14,520.3206176757812,657.2739868164062,63.19970703125,147.2008056640625,-1,-1,-1,-1
597,14,516.5750732421875,648.6727905273438,65.2186279296875,146.78656005859375,-1,-1,-1,-1
598,14,510.5529479980469,639.1705932617188,68.74447631835938,146.42724609375,-1,-1,-1,-1
599,14,498.532470703125,628.2335815429688,70.9405517578125,147.427001953125,-1,-1,-1,-1
600,14,463.92193603515625,613.3797607421875,80.679931640625,147.3199462890625,-1,-1,-1,-1
601,14,408.2792663574219,592.2110595703125,92.462158203125,149.3426513671875,-1,-1,-1,-1
484,15,409.6791076660156,612.9164428710938,62.421630859375,208.17578125,-1,-1,-1,-1
485,15,409.7698669433594,615.414794921875,61.447296142578125,207.18115234375,-1,-1,-1,-1
486,15,409.7111511230469,617.8657836914062,62.915618896484375,210.5302734375,-1,-1,-1,-1
487,15,407.278076171875,622.866943359375,63.084991455078125,210.3363037109375,-1,-1,-1,-1
488,15,404.0904846191406,623.9000244140625,64.38763427734375,211.046875,-1,-1,-1,-1
489,15,399.1537170410156,624.4034423828125,66.19586181640625,215.54351806640625,-1,-1,-1,-1
490,15,402.2794189453125,622.56787109375,64.94378662109375,213.03570556640625,-1,-1,-1,-1
491,15,406.38763427734375,624.8298950195312,64.16311645507812,202.36566162109375,-1,-1,-1,-1
492,15,408.26824951171875,624.3721313476562,66.4881591796875,198.55169677734375,-1,-1,-1,-1
493,15,409.6336669921875,621.3311157226562,66.70986938476562,196.61639404296875,-1,-1,-1,-1
494,15,410.9053039550781,614.8076782226562,68.61099243164062,189.51580810546875,-1,-1,-1,-1
495,15,412.0406494140625,607.1113891601562,69.2762451171875,189.2261962890625,-1,-1,-1,-1
496,15,411.65045166015625,597.397216796875,70.40277099609375,184.4456787109375,-1,-1,-1,-1
497,15,411.7236022949219,587.5440673828125,68.95733642578125,188.60595703125,-1,-1,-1,-1
498,15,411.423095703125,577.2680053710938,67.55935668945312,187.030029296875,-1,-1,-1,-1
499,15,408.1242980957031,569.5690307617188,68.10400390625,188.6787109375,-1,-1,-1,-1
500,15,401.6111755371094,566.44140625,70.87405395507812,195.4522705078125,-1,-1,-1,-1
501,15,394.50469970703125,565.4779663085938,72.19830322265625,201.88189697265625,-1,-1,-1,-1
502,15,391.261474609375,566.4959716796875,69.88748168945312,193.8201904296875,-1,-1,-1,-1
503,15,388.1259460449219,567.297607421875,71.71121215820312,194.81304931640625,-1,-1,-1,-1
504,15,386.59930419921875,566.5472412109375,72.89089965820312,199.81561279296875,-1,-1,-1,-1
505,15,386.91876220703125,566.1387939453125,72.35421752929688,197.551025390625,-1,-1,-1,-1
506,15,383.825927734375,566.291748046875,71.7415771484375,198.20928955078125,-1,-1,-1,-1
507,15,379.8908386230469,565.3292236328125,71.9234619140625,201.47222900390625,-1,-1,-1,-1
508,15,375.49658203125,563.1839599609375,71.952392578125,196.4952392578125,-1,-1,-1,-1
509,15,371.835205078125,563.4257202148438,69.81646728515625,207.1943359375,-1,-1,-1,-1
510,15,372.8705749511719,566.041015625,69.873779296875,201.9122314453125,-1,-1,-1,-1
511,15,372.7035217285156,573.5399780273438,69.11361694335938,201.1346435546875,-1,-1,-1,-1
512,15,368.73846435546875,574.9915161132812,68.36932373046875,198.51580810546875,-1,-1,-1,-1
513,15,360.0384521484375,576.5817260742188,66.09344482421875,202.91717529296875,-1,-1,-1,-1
514,15,351.2167053222656,579.2164306640625,69.69857788085938,208.97119140625,-1,-1,-1,-1
515,15,344.73406982421875,582.2252197265625,68.71807861328125,222.6343994140625,-1,-1,-1,-1
516,15,341.34051513671875,587.3723754882812,66.95779418945312,216.71380615234375,-1,-1,-1,-1
517,15,339.38116455078125,592.581787109375,66.07199096679688,214.75579833984375,-1,-1,-1,-1
518,15,335.6300964355469,594.880859375,68.29913330078125,217.91839599609375,-1,-1,-1,-1
519,15,331.73468017578125,596.3758544921875,66.89349365234375,217.5853271484375,-1,-1,-1,-1
520,15,327.69781494140625,596.2125854492188,67.02459716796875,217.107421875,-1,-1,-1,-1
521,15,325.5882263183594,596.5379638671875,69.1195068359375,219.87225341796875,-1,-1,-1,-1
522,15,326.38104248046875,595.8724365234375,69.253662109375,222.2384033203125,-1,-1,-1,-1
523,15,326.06890869140625,594.19482421875,69.15414428710938,216.3060302734375,-1,-1,-1,-1
524,15,326.25836181640625,592.9055786132812,68.84683227539062,213.75982666015625,-1,-1,-1,-1
525,15,326.46893310546875,591.83056640625,69.2945556640625,215.7198486328125,-1,-1,-1,-1
526,15,327.1241149902344,590.7879638671875,70.75103759765625,216.4931640625,-1,-1,-1,-1
527,15,328.524658203125,589.249267578125,70.54888916015625,216.54229736328125,-1,-1,-1,-1
528,15,331.05535888671875,589.4737548828125,69.66635131835938,212.62890625,-1,-1,-1,-1
529,15,330.8771057128906,590.9774169921875,74.95358276367188,231.9986572265625,-1,-1,-1,-1
530,15,333.9801940917969,592.97021484375,72.70712280273438,240.0010986328125,-1,-1,-1,-1
531,15,337.8103942871094,593.6441040039062,73.59805297851562,238.24981689453125,-1,-1,-1,-1
532,15,344.00634765625,594.1983642578125,71.81024169921875,237.80029296875,-1,-1,-1,-1
533,15,346.1726989746094,592.6923217773438,72.76776123046875,244.46136474609375,-1,-1,-1,-1
534,15,352.98175048828125,592.1253051757812,71.42996215820312,220.62884521484375,-1,-1,-1,-1
535,15,362.10748291015625,590.5393676757812,69.27944946289062,221.72564697265625,-1,-1,-1,-1
536,15,372.41943359375,589.2943115234375,68.74996948242188,212.36529541015625,-1,-1,-1,-1
537,15,377.45166015625,587.3780517578125,72.64382934570312,236.5389404296875,-1,-1,-1,-1
538,15,380.84490966796875,585.0548095703125,74.17913818359375,243.1507568359375,-1,-1,-1,-1
539,15,385.0766296386719,581.2938232421875,76.57723999023438,257.35455322265625,-1,-1,-1,-1
540,15,391.3476257324219,578.3934326171875,78.17214965820312,242.8067626953125,-1,-1,-1,-1
541,15,401.365478515625,575.7305297851562,73.0838623046875,236.30731201171875,-1,-1,-1,-1
542,15,414.7259521484375,574.161376953125,72.30001831054688,222.03472900390625,-1,-1,-1,-1
543,15,427.85870361328125,573.9097900390625,74.10610961914062,212.2188720703125,-1,-1,-1,-1
544,15,439.7308349609375,571.5712280273438,71.095703125,207.26910400390625,-1,-1,-1,-1
545,15,448.346435546875,572.1997680664062,73.58740234375,218.69415283203125,-1,-1,-1,-1
546,15,450.9156799316406,570.5482788085938,73.85281372070312,220.74432373046875,-1,-1,-1,-1
547,15,445.741455078125,568.6360473632812,74.423583984375,217.212890625,-1,-1,-1,-1
548,15,433.0942077636719,568.3138427734375,75.08383178710938,218.9793701171875,-1,-1,-1,-1
549,15,419.6706848144531,567.818603515625,75.61764526367188,226.8497314453125,-1,-1,-1,-1
550,15,411.4770202636719,563.3024291992188,70.35391235351562,212.6063232421875,-1,-1,-1,-1
551,15,404.2647705078125,551.5521240234375,71.76123046875,232.05908203125,-1,-1,-1,-1
552,15,406.91558837890625,536.5061645507812,70.31631469726562,219.84283447265625,-1,-1,-1,-1
553,15,407.905517578125,531.5863647460938,70.41482543945312,215.7762451171875,-1,-1,-1,-1
554,15,406.8713073730469,528.0543212890625,68.61669921875,209.1031494140625,-1,-1,-1,-1
555,15,406.4483337402344,530.107421875,67.76882934570312,211.35504150390625,-1,-1,-1,-1
556,15,404.338134765625,535.748046875,68.20697021484375,206.474365234375,-1,-1,-1,-1
557,15,398.6036376953125,535.42431640625,68.48812866210938,204.88018798828125,-1,-1,-1,-1
558,15,388.95208740234375,529.9790649414062,69.90609741210938,217.34210205078125,-1,-1,-1,-1
559,15,374.6415710449219,517.66015625,71.99209594726562,223.28955078125,-1,-1,-1,-1
560,15,353.81597900390625,491.59686279296875,74.824951171875,234.31341552734375,-1,-1,-1,-1
561,15,332.111328125,469.49298095703125,80.18576049804688,234.20770263671875,-1,-1,-1,-1
562,15,320.80755615234375,460.1803894042969,81.453369140625,227.34957885742188,-1,-1,-1,-1
563,15,313.25494384765625,462.56591796875,86.49935913085938,228.74017333984375,-1,-1,-1,-1
564,15,307.17132568359375,460.2725830078125,86.36874389648438,241.0523681640625,-1,-1,-1,-1
565,15,302.0975036621094,455.70135498046875,85.88250732421875,236.2384033203125,-1,-1,-1,-1
566,15,300.3895263671875,454.4184265136719,87.05865478515625,234.17837524414062,-1,-1,-1,-1
567,15,305.24444580078125,464.0172424316406,86.70089721679688,237.66073608398438,-1,-1,-1,-1
568,15,310.6066589355469,476.2786560058594,90.67538452148438,256.5029602050781,-1,-1,-1,-1
569,15,316.28228759765625,495.715087890625,89.6090087890625,250.96649169921875,-1,-1,-1,-1
570,15,318.3861083984375,514.8770751953125,94.59408569335938,248.20941162109375,-1,-1,-1,-1
571,15,318.8751220703125,526.5841064453125,91.30386352539062,247.9443359375,-1,-1,-1,-1
572,15,314.7508544921875,532.5988159179688,94.1796875,249.228515625,-1,-1,-1,-1
573,15,313.1792907714844,538.3612060546875,99.28524780273438,253.176513671875,-1,-1,-1,-1
574,15,320.62847900390625,548.9492797851562,96.7003173828125,250.64910888671875,-1,-1,-1,-1
575,15,340.88470458984375,561.3351440429688,98.0924072265625,253.69451904296875,-1,-1,-1,-1
576,15,373.1903076171875,571.5344848632812,94.561279296875,250.9759521484375,-1,-1,-1,-1
577,15,400.304931640625,575.583984375,88.83712768554688,249.36981201171875,-1,-1,-1,-1
578,15,413.5174255371094,577.534423828125,94.07064819335938,250.22979736328125,-1,-1,-1,-1
579,15,418.6335144042969,577.8280639648438,100.87692260742188,254.33587646484375,-1,-1,-1,-1
580,15,419.5146179199219,579.0896606445312,103.78048706054688,258.99444580078125,-1,-1,-1,-1
581,15,421.6994323730469,584.0787963867188,104.11630249023438,255.74560546875,-1,-1,-1,-1
582,15,416.7359619140625,585.4352416992188,107.85162353515625,255.1148681640625,-1,-1,-1,-1
583,15,415.7298889160156,591.0562133789062,105.52096557617188,263.3193359375,-1,-1,-1,-1
584,15,414.0361328125,596.03759765625,105.9649658203125,261.274169921875,-1,-1,-1,-1
585,15,412.2879638671875,594.7225341796875,107.4473876953125,263.04827880859375,-1,-1,-1,-1
586,15,412.9960021972656,589.3156127929688,111.08712768554688,272.21588134765625,-1,-1,-1,-1
587,15,410.5528564453125,585.7718505859375,114.43731689453125,268.47235107421875,-1,-1,-1,-1
588,15,405.31390380859375,587.0159301757812,109.96612548828125,266.21710205078125,-1,-1,-1,-1
589,15,398.9659423828125,589.6454467773438,110.90524291992188,271.5711669921875,-1,-1,-1,-1
590,15,397.4132385253906,592.57568359375,108.12982177734375,268.88623046875,-1,-1,-1,-1
591,15,394.8015441894531,595.0264892578125,110.67453002929688,277.17010498046875,-1,-1,-1,-1
592,15,391.2794189453125,598.0478515625,107.96456909179688,267.322998046875,-1,-1,-1,-1
593,15,385.09716796875,599.7167358398438,112.96319580078125,282.49615478515625,-1,-1,-1,-1
594,15,383.31817626953125,602.15234375,119.64923095703125,280.88232421875,-1,-1,-1,-1
595,15,376.19683837890625,605.075927734375,120.426025390625,284.4097900390625,-1,-1,-1,-1
596,15,370.47430419921875,603.52978515625,126.93008422851562,295.784912109375,-1,-1,-1,-1
597,15,367.12353515625,595.4699096679688,127.18438720703125,300.4237060546875,-1,-1,-1,-1
598,15,359.9219970703125,587.6565551757812,132.98043823242188,301.7987060546875,-1,-1,-1,-1
599,15,343.2479248046875,583.6810302734375,145.46624755859375,285.83721923828125,-1,-1,-1,-1
600,15,306.1376647949219,580.9100952148438,155.43228149414062,282.125732421875,-1,-1,-1,-1
601,15,242.05648803710938,571.6144409179688,174.89596557617188,279.48529052734375,-1,-1,-1,-1
