1,1,1063.0029296875,748.7782592773438,104.244384765625,203.86334228515625,-1,-1,-1,-1
2,1,1059.977783203125,745.8991088867188,106.2576904296875,205.689697265625,-1,-1,-1,-1
3,1,1056.8372802734375,731.4879150390625,107.86279296875,205.4453125,-1,-1,-1,-1
4,1,1054.3006591796875,728.7583618164062,110.4219970703125,203.52215576171875,-1,-1,-1,-1
5,1,1055.0755615234375,726.1278076171875,118.3580322265625,204.385498046875,-1,-1,-1,-1
6,1,1054.816650390625,724.7015380859375,122.243896484375,205.4041748046875,-1,-1,-1,-1
7,1,1047.99365234375,727.8417358398438,121.7337646484375,208.50787353515625,-1,-1,-1,-1
8,1,1040.242919921875,731.5001220703125,122.1573486328125,206.5252685546875,-1,-1,-1,-1
9,1,1031.5291748046875,729.0958251953125,120.8909912109375,209.8477783203125,-1,-1,-1,-1
10,1,1020.5360717773438,720.4564819335938,119.28558349609375,207.74969482421875,-1,-1,-1,-1
11,1,1009.1185302734375,717.62255859375,123.5377197265625,209.906005859375,-1,-1,-1,-1
12,1,1002.25830078125,712.0457153320312,122.791015625,210.46881103515625,-1,-1,-1,-1
13,1,1001.2645874023438,707.95947265625,115.05853271484375,210.76153564453125,-1,-1,-1,-1
14,1,998.5439453125,706.6448974609375,116.2979736328125,211.88623046875,-1,-1,-1,-1
15,1,999.6968994140625,708.0706787109375,114.00146484375,214.30322265625,-1,-1,-1,-1
16,1,997.92919921875,706.677490234375,111.312744140625,214.32470703125,-1,-1,-1,-1
17,1,998.6007690429688,705.0931396484375,110.07550048828125,216.82464599609375,-1,-1,-1,-1
18,1,1001.6736450195312,709.755126953125,107.24713134765625,217.32867431640625,-1,-1,-1,-1
19,1,1003.6211547851562,714.6679077148438,107.12359619140625,220.2454833984375,-1,-1,-1,-1
20,1,999.5894775390625,711.3843994140625,106.1072998046875,219.59326171875,-1,-1,-1,-1
21,1,995.6585083007812,709.6484985351562,108.72650146484375,221.3553466796875,-1,-1,-1,-1
22,1,993.357666015625,706.4548950195312,109.0028076171875,222.87335205078125,-1,-1,-1,-1
23,1,991.8892822265625,702.539306640625,108.95947265625,224.22625732421875,-1,-1,-1,-1
24,1,991.7774047851562,699.53564453125,108.34332275390625,225.27825927734375,-1,-1,-1,-1
25,1,992.017578125,698.2188110351562,105.2301025390625,225.9852294921875,-1,-1,-1,-1
26,1,991.9727783203125,693.4463500976562,102.0947265625,226.17742919921875,-1,-1,-1,-1
27,1,991.3408203125,691.9832153320312,101.1307373046875,226.32293701171875,-1,-1,-1,-1
28,1,996.24755859375,693.1322021484375,98.2010498046875,226.6767578125,-1,-1,-1,-1
29,1,1006.4009399414062,695.2011108398438,94.90570068359375,228.76910400390625,-1,-1,-1,-1
30,1,1016.917236328125,696.3329467773438,86.811279296875,232.91864013671875,-1,-1,-1,-1
31,1,1018.775634765625,691.9168701171875,85.378662109375,236.6156005859375,-1,-1,-1,-1
32,1,1017.9320678710938,686.8175048828125,86.04876708984375,241.9315185546875,-1,-1,-1,-1
33,1,1018.0165405273438,682.5953979492188,87.08062744140625,245.22332763671875,-1,-1,-1,-1
34,1,1020.00634765625,678.2653198242188,86.84814453125,248.82232666015625,-1,-1,-1,-1
35,1,1020.5980834960938,670.42041015625,88.98126220703125,251.03582763671875,-1,-1,-1,-1
36,1,1021.5335693359375,657.493408203125,90.44873046875,251.6397705078125,-1,-1,-1,-1
37,1,1020.61279296875,644.8038330078125,90.1102294921875,253.8658447265625,-1,-1,-1,-1
38,1,1019.0294799804688,635.5365600585938,89.85906982421875,252.77117919921875,-1,-1,-1,-1
39,1,1022.6882934570312,628.550048828125,91.74847412109375,256.681640625,-1,-1,-1,-1
40,1,1019.017822265625,623.8524169921875,91.9061279296875,256.59375,-1,-1,-1,-1
41,1,1009.5132446289062,617.61181640625,92.54107666015625,254.8380126953125,-1,-1,-1,-1
42,1,1002.6013793945312,600.3246459960938,90.11395263671875,255.0877685546875,-1,-1,-1,-1
43,1,994.993408203125,588.9268188476562,90.62646484375,251.3211669921875,-1,-1,-1,-1
44,1,983.3896484375,585.4702758789062,91.1959228515625,248.79052734375,-1,-1,-1,-1
45,1,971.9588012695312,589.7633666992188,90.76287841796875,247.11846923828125,-1,-1,-1,-1
46,1,963.075439453125,595.3462524414062,91.3013916015625,245.87774658203125,-1,-1,-1,-1
47,1,957.9404907226562,598.220703125,91.68829345703125,245.144287109375,-1,-1,-1,-1
48,1,957.1885986328125,601.3460083007812,91.267822265625,243.5457763671875,-1,-1,-1,-1
49,1,952.8654174804688,614.1314086914062,91.73895263671875,244.90673828125,-1,-1,-1,-1
50,1,944.1848754882812,623.99951171875,92.74932861328125,246.8984375,-1,-1,-1,-1
51,1,933.30126953125,628.8831176757812,96.656982421875,247.30377197265625,-1,-1,-1,-1
52,1,929.3837280273438,640.916259765625,99.02410888671875,250.64251708984375,-1,-1,-1,-1
53,1,929.9290771484375,650.1405639648438,101.0928955078125,251.348876953125,-1,-1,-1,-1
54,1,933.12158203125,657.4506225585938,104.4267578125,254.1759033203125,-1,-1,-1,-1
55,1,937.460205078125,668.0352172851562,107.6455078125,255.70147705078125,-1,-1,-1,-1
56,1,936.786376953125,677.4650268554688,113.6680908203125,257.182373046875,-1,-1,-1,-1
57,1,935.2849731445312,679.575927734375,118.86248779296875,257.0150146484375,-1,-1,-1,-1
58,1,928.3233642578125,676.4088134765625,123.96044921875,256.1256103515625,-1,-1,-1,-1
59,1,922.4376220703125,675.4395141601562,126.7537841796875,256.18603515625,-1,-1,-1,-1
60,1,913.766845703125,677.0446166992188,130.92626953125,255.96685791015625,-1,-1,-1,-1
61,1,908.0011596679688,678.5289916992188,127.16217041015625,254.867431640625,-1,-1,-1,-1
62,1,904.6510009765625,678.816162109375,121.4619140625,256.6484375,-1,-1,-1,-1
63,1,902.7547607421875,680.1409912109375,113.65570068359375,256.37115478515625,-1,-1,-1,-1
64,1,897.9692993164062,682.3150024414062,108.6573486328125,258.255615234375,-1,-1,-1,-1
65,1,893.7111206054688,676.8165893554688,105.3004150390625,257.058837890625,-1,-1,-1,-1
66,1,890.16259765625,674.2937622070312,105.1929931640625,260.277587890625,-1,-1,-1,-1
67,1,889.6724853515625,670.2440795898438,102.8135986328125,259.1500244140625,-1,-1,-1,-1
68,1,885.0471801757812,666.6824951171875,105.3392333984375,260.44207763671875,-1,-1,-1,-1
69,1,880.596923828125,665.2957763671875,105.540283203125,266.2679443359375,-1,-1,-1,-1
70,1,877.07373046875,662.81640625,101.75885009765625,261.6192626953125,-1,-1,-1,-1
71,1,874.7545166015625,658.7662353515625,101.9735107421875,259.98907470703125,-1,-1,-1,-1
72,1,871.5265502929688,663.9978637695312,102.94573974609375,260.355712890625,-1,-1,-1,-1
73,1,870.7640380859375,664.7552490234375,101.24658203125,262.2926025390625,-1,-1,-1,-1
74,1,872.56298828125,660.3358154296875,99.1124267578125,262.817138671875,-1,-1,-1,-1
75,1,871.1586303710938,659.7205200195312,98.84844970703125,264.5743408203125,-1,-1,-1,-1
76,1,867.6397705078125,657.736572265625,98.0633544921875,263.687744140625,-1,-1,-1,-1
77,1,864.4905395507812,652.708740234375,100.63043212890625,266.14520263671875,-1,-1,-1,-1
78,1,864.280517578125,649.1636352539062,101.97625732421875,271.45758056640625,-1,-1,-1,-1
79,1,866.0042724609375,645.8399658203125,104.2760009765625,273.84381103515625,-1,-1,-1,-1
80,1,865.1595458984375,644.6785888671875,106.1207275390625,272.466796875,-1,-1,-1,-1
81,1,868.4717407226562,638.6341552734375,107.95965576171875,272.5740966796875,-1,-1,-1,-1
82,1,880.7938842773438,637.3737182617188,109.63824462890625,285.48101806640625,-1,-1,-1,-1
83,1,896.5693969726562,637.2493286132812,107.84326171875,285.25830078125,-1,-1,-1,-1
84,1,905.2247924804688,640.6968994140625,109.83026123046875,283.9984130859375,-1,-1,-1,-1
85,1,906.4674072265625,647.705078125,116.7811279296875,284.9044189453125,-1,-1,-1,-1
86,1,906.9773559570312,651.6323852539062,125.34307861328125,286.33416748046875,-1,-1,-1,-1
87,1,904.2366943359375,650.7169799804688,129.9217529296875,290.3466796875,-1,-1,-1,-1
88,1,902.9141235351562,642.7986450195312,130.79974365234375,290.16290283203125,-1,-1,-1,-1
89,1,901.2396850585938,642.1370849609375,130.95721435546875,291.0262451171875,-1,-1,-1,-1
90,1,897.6939697265625,639.48779296875,130.80908203125,289.7603759765625,-1,-1,-1,-1
91,1,895.2485961914062,637.485107421875,131.67987060546875,290.79180908203125,-1,-1,-1,-1
92,1,898.9143676757812,639.515869140625,133.26385498046875,290.95513916015625,-1,-1,-1,-1
93,1,900.624267578125,648.1161499023438,136.426513671875,299.95989990234375,-1,-1,-1,-1
94,1,896.0569458007812,645.5972290039062,141.28997802734375,300.7916259765625,-1,-1,-1,-1
95,1,899.3013916015625,642.8519897460938,145.1214599609375,290.0633544921875,-1,-1,-1,-1
96,1,915.1836547851562,622.1829833984375,144.94744873046875,288.9697265625,-1,-1,-1,-1
97,1,951.6099243164062,598.88818359375,139.66204833984375,296.76983642578125,-1,-1,-1,-1
98,1,1002.856689453125,586.5438842773438,127.0443115234375,303.93609619140625,-1,-1,-1,-1
99,1,950.5574951171875,662.9420166015625,141.69091796875,300.06463623046875,-1,-1,-1,-1
100,1,986.2278442382812,665.6503295898438,150.64593505859375,298.049560546875,-1,-1,-1,-1
101,1,1047.4820556640625,613.1839599609375,152.290283203125,306.29888916015625,-1,-1,-1,-1
102,1,1031.272705078125,581.5098876953125,145.4715576171875,300.7020263671875,-1,-1,-1,-1
103,1,1013.74462890625,580.18115234375,140.3604736328125,296.5479736328125,-1,-1,-1,-1
104,1,1030.28857421875,591.9229736328125,139.2283935546875,299.12664794921875,-1,-1,-1,-1
105,1,1050.46630859375,602.379150390625,134.7554931640625,302.169189453125,-1,-1,-1,-1
106,1,1063.8883056640625,613.203125,129.6370849609375,301.9918212890625,-1,-1,-1,-1
107,1,1072.84326171875,613.9005126953125,126.6795654296875,299.587890625,-1,-1,-1,-1
108,1,1065.268310546875,608.2987670898438,124.7625732421875,296.71966552734375,-1,-1,-1,-1
109,1,1056.1346435546875,614.6466064453125,121.2928466796875,293.926025390625,-1,-1,-1,-1
110,1,1039.45654296875,629.0060424804688,119.013671875,292.91094970703125,-1,-1,-1,-1
111,1,1019.8445434570312,646.514892578125,115.52178955078125,290.73333740234375,-1,-1,-1,-1
112,1,1002.6248779296875,662.3715209960938,115.1104736328125,288.4940185546875,-1,-1,-1,-1
113,1,981.04931640625,682.0577392578125,112.996826171875,284.09136962890625,-1,-1,-1,-1
114,1,960.336181640625,706.6189575195312,113.012939453125,284.28326416015625,-1,-1,-1,-1
115,1,946.58935546875,718.9102172851562,114.0587158203125,280.7677001953125,-1,-1,-1,-1
116,1,937.4830932617188,732.3338623046875,115.86029052734375,280.3121337890625,-1,-1,-1,-1
117,1,928.1304931640625,733.4443969726562,117.9290771484375,277.03814697265625,-1,-1,-1,-1
118,1,918.986083984375,734.3153686523438,116.24951171875,276.150390625,-1,-1,-1,-1
119,1,909.0648193359375,736.231201171875,118.455078125,276.81207275390625,-1,-1,-1,-1
120,1,901.0030517578125,740.28076171875,121.00030517578125,275.8231201171875,-1,-1,-1,-1
121,1,893.635498046875,745.5706176757812,127.5654296875,273.86065673828125,-1,-1,-1,-1
122,1,892.0933837890625,752.8564453125,129.17730712890625,276.59228515625,-1,-1,-1,-1
123,1,889.9296875,756.7034912109375,132.820556640625,275.650390625,-1,-1,-1,-1
124,1,883.04541015625,758.8706665039062,138.53167724609375,274.53338623046875,-1,-1,-1,-1
125,1,878.5038452148438,771.1090087890625,141.97576904296875,276.4801025390625,-1,-1,-1,-1
126,1,875.4376220703125,775.7108154296875,140.177001953125,275.5318603515625,-1,-1,-1,-1
127,1,867.9605102539062,776.2141723632812,140.9993896484375,274.51116943359375,-1,-1,-1,-1
128,1,858.269287109375,773.2353515625,138.21533203125,273.5435791015625,-1,-1,-1,-1
129,1,846.03076171875,770.2894897460938,131.19158935546875,270.81939697265625,-1,-1,-1,-1
130,1,833.0642700195312,760.5451049804688,117.46142578125,269.31280517578125,-1,-1,-1,-1
131,1,821.509765625,750.0869750976562,118.36224365234375,268.332275390625,-1,-1,-1,-1
132,1,811.73388671875,749.2960205078125,108.886474609375,266.1217041015625,-1,-1,-1,-1
133,1,798.0022583007812,730.9450073242188,106.3155517578125,264.95062255859375,-1,-1,-1,-1
134,1,788.79443359375,729.0277709960938,112.507568359375,265.31890869140625,-1,-1,-1,-1
135,1,784.5714111328125,725.9839477539062,109.940185546875,267.56488037109375,-1,-1,-1,-1
136,1,787.4314575195312,719.3568725585938,103.89453125,267.8387451171875,-1,-1,-1,-1
137,1,788.8161010742188,703.8382568359375,103.60284423828125,264.95635986328125,-1,-1,-1,-1
138,1,792.9341430664062,692.5817260742188,106.3326416015625,261.18951416015625,-1,-1,-1,-1
139,1,797.76513671875,682.2138671875,105.40673828125,264.8253173828125,-1,-1,-1,-1
140,1,805.243408203125,672.238037109375,108.92041015625,269.580810546875,-1,-1,-1,-1
141,1,807.3787841796875,660.46533203125,115.6649169921875,267.5252685546875,-1,-1,-1,-1
142,1,816.788818359375,644.4371337890625,121.12451171875,266.93780517578125,-1,-1,-1,-1
143,1,835.6856689453125,609.2610473632812,130.6689453125,265.25836181640625,-1,-1,-1,-1
144,1,849.3194580078125,617.5447998046875,127.25946044921875,266.865966796875,-1,-1,-1,-1
145,1,838.4661254882812,649.4678344726562,129.72747802734375,273.9097900390625,-1,-1,-1,-1
146,1,819.7275390625,595.4402465820312,141.45379638671875,274.648193359375,-1,-1,-1,-1
147,1,874.9969482421875,490.3162841796875,151.7801513671875,284.42498779296875,-1,-1,-1,-1
148,1,920.1488037109375,427.1324768066406,164.8638916015625,299.6216125488281,-1,-1,-1,-1
149,1,925.9052124023438,426.03302001953125,167.26019287109375,305.89398193359375,-1,-1,-1,-1
150,1,921.0629272460938,437.91009521484375,166.55657958984375,302.31719970703125,-1,-1,-1,-1
151,1,935.7677001953125,450.3684387207031,169.632080078125,298.8719787597656,-1,-1,-1,-1
152,1,950.7152709960938,430.6935729980469,173.94757080078125,304.9516906738281,-1,-1,-1,-1
153,1,987.4457397460938,404.505859375,165.87762451171875,311.4373779296875,-1,-1,-1,-1
154,1,999.883056640625,512.2957153320312,157.7974853515625,309.8280029296875,-1,-1,-1,-1
155,1,1017.2572021484375,589.5767211914062,146.285400390625,310.25714111328125,-1,-1,-1,-1
156,1,1043.323974609375,606.8662719726562,133.7398681640625,314.56097412109375,-1,-1,-1,-1
157,1,1050.6136474609375,613.925537109375,126.0234375,318.0386962890625,-1,-1,-1,-1
158,1,1043.8404541015625,633.8682861328125,122.4512939453125,325.230224609375,-1,-1,-1,-1
159,1,1031.610107421875,618.9723510742188,126.4744873046875,330.67724609375,-1,-1,-1,-1
160,1,1040.5252685546875,626.0185546875,128.9547119140625,343.85003662109375,-1,-1,-1,-1
161,1,1043.461669921875,627.7628173828125,139.71630859375,357.7042236328125,-1,-1,-1,-1
162,1,1071.9715576171875,620.973388671875,148.44091796875,389.14752197265625,-1,-1,-1,-1
163,1,1060.194580078125,623.676025390625,152.0440673828125,398.10357666015625,-1,-1,-1,-1
164,1,1053.0579833984375,609.664794921875,151.85498046875,403.4288330078125,-1,-1,-1,-1
165,1,1051.356689453125,625.347900390625,155.3134765625,410.8115234375,-1,-1,-1,-1
166,1,1057.39892578125,628.273193359375,159.472900390625,416.413818359375,-1,-1,-1,-1
167,1,1077.60791015625,626.7440185546875,160.3892822265625,424.6690673828125,-1,-1,-1,-1
168,1,1072.7320556640625,636.788818359375,162.664794921875,430.2454833984375,-1,-1,-1,-1
169,1,1066.6273193359375,611.8587036132812,160.6497802734375,427.62640380859375,-1,-1,-1,-1
170,1,1045.48046875,598.5730590820312,161.848876953125,423.32958984375,-1,-1,-1,-1
171,1,1032.0772705078125,585.874267578125,159.234619140625,419.5501708984375,-1,-1,-1,-1
172,1,1010.9440307617188,577.1329956054688,155.39276123046875,416.7120361328125,-1,-1,-1,-1
173,1,1005.8226318359375,576.0527954101562,158.565673828125,412.09661865234375,-1,-1,-1,-1
174,1,994.0792236328125,596.8146362304688,160.2440185546875,414.036376953125,-1,-1,-1,-1
175,1,978.5000610351562,613.929931640625,165.89141845703125,416.9539794921875,-1,-1,-1,-1
176,1,993.1596069335938,634.6090087890625,177.45550537109375,430.3282470703125,-1,-1,-1,-1
177,1,1012.766357421875,644.6278076171875,199.296875,434.827392578125,-1,-1,-1,-1
178,1,1025.1226806640625,649.7728881835938,214.3909912109375,440.26153564453125,-1,-1,-1,-1
179,1,1036.190185546875,634.6236572265625,217.08056640625,441.85791015625,-1,-1,-1,-1
180,1,1052.0369873046875,614.4547119140625,222.9588623046875,448.8914794921875,-1,-1,-1,-1
181,1,1064.083251953125,605.9327392578125,223.9210205078125,455.6805419921875,-1,-1,-1,-1
182,1,1081.6314697265625,604.8577880859375,215.51025390625,467.8468017578125,-1,-1,-1,-1
183,1,1107.369140625,608.537109375,210.0733642578125,483.1541748046875,-1,-1,-1,-1
184,1,1125.575439453125,599.28955078125,206.7476806640625,496.47802734375,-1,-1,-1,-1
185,1,1138.0589599609375,606.7149658203125,212.3565673828125,508.583984375,-1,-1,-1,-1
186,1,1152.71875,619.2037353515625,219.6275634765625,516.0511474609375,-1,-1,-1,-1
187,1,1166.7730712890625,630.6814575195312,227.39794921875,519.6578979492188,-1,-1,-1,-1
188,1,1170.064697265625,637.9998779296875,227.7357177734375,513.31689453125,-1,-1,-1,-1
189,1,1175.371337890625,640.656982421875,221.7296142578125,506.5111083984375,-1,-1,-1,-1
190,1,1177.2235107421875,639.7156372070312,214.69970703125,495.60150146484375,-1,-1,-1,-1
191,1,1181.1435546875,628.2218017578125,202.860107421875,482.723876953125,-1,-1,-1,-1
192,1,1186.2606201171875,624.5025634765625,195.8177490234375,477.2269287109375,-1,-1,-1,-1
193,1,1197.8565673828125,616.2937622070312,178.1058349609375,468.90740966796875,-1,-1,-1,-1
194,1,1198.0225830078125,620.2774047851562,164.4296875,459.02825927734375,-1,-1,-1,-1
195,1,1175.1851806640625,611.8942260742188,162.7926025390625,447.15850830078125,-1,-1,-1,-1
196,1,1156.1533203125,611.0001220703125,161.3692626953125,435.390380859375,-1,-1,-1,-1
197,1,1146.2166748046875,607.3992309570312,154.0877685546875,426.62518310546875,-1,-1,-1,-1
198,1,1137.0399169921875,612.617919921875,152.4317626953125,419.9384765625,-1,-1,-1,-1
199,1,1126.0606689453125,611.2473754882812,148.7655029296875,412.76788330078125,-1,-1,-1,-1
200,1,1116.02734375,605.5307006835938,144.639892578125,406.26092529296875,-1,-1,-1,-1
201,1,1101.464599609375,597.1699829101562,142.228271484375,399.3389892578125,-1,-1,-1,-1
202,1,1084.0006103515625,586.322265625,140.7791748046875,391.94781494140625,-1,-1,-1,-1
203,1,1066.9859619140625,581.8090209960938,138.07568359375,385.148681640625,-1,-1,-1,-1
204,1,1058.574951171875,587.6948852539062,138.786865234375,381.94384765625,-1,-1,-1,-1
205,1,1044.1876220703125,586.585205078125,136.378173828125,377.297607421875,-1,-1,-1,-1
206,1,1019.7659912109375,595.2069702148438,132.8204345703125,372.03564453125,-1,-1,-1,-1
207,1,1006.9136352539062,622.9710693359375,131.71026611328125,371.5155029296875,-1,-1,-1,-1
208,1,1005.7854614257812,635.7278442382812,130.63604736328125,372.3914794921875,-1,-1,-1,-1
209,1,1004.7858276367188,637.4673461914062,130.14288330078125,373.27410888671875,-1,-1,-1,-1
210,1,995.6697998046875,655.1370849609375,129.944091796875,373.504150390625,-1,-1,-1,-1
211,1,981.0764770507812,670.2816162109375,128.00006103515625,371.7625732421875,-1,-1,-1,-1
212,1,971.141357421875,663.4527587890625,127.217529296875,370.4296875,-1,-1,-1,-1
213,1,962.0198974609375,641.54541015625,125.321533203125,366.90423583984375,-1,-1,-1,-1
214,1,958.6150512695312,628.3878784179688,126.02325439453125,365.27008056640625,-1,-1,-1,-1
215,1,953.7552490234375,617.4696655273438,127.61328125,363.73846435546875,-1,-1,-1,-1
216,1,951.3179321289062,606.9549560546875,128.53802490234375,364.93695068359375,-1,-1,-1,-1
217,1,945.007080078125,598.0675048828125,128.293212890625,364.381103515625,-1,-1,-1,-1
218,1,944.8809204101562,592.7037963867188,127.38665771484375,363.9105224609375,-1,-1,-1,-1
219,1,940.5075073242188,600.49169921875,126.93121337890625,362.7821044921875,-1,-1,-1,-1
220,1,930.2076416015625,624.0372924804688,125.1827392578125,362.38970947265625,-1,-1,-1,-1
221,1,912.944580078125,628.355712890625,126.1671142578125,360.7994384765625,-1,-1,-1,-1
222,1,905.6265258789062,630.0660400390625,123.70941162109375,359.0751953125,-1,-1,-1,-1
223,1,903.2769775390625,627.5314331054688,123.9466552734375,358.619384765625,-1,-1,-1,-1
224,1,905.3178100585938,624.3582153320312,124.04620361328125,359.908935546875,-1,-1,-1,-1
225,1,913.7633056640625,610.8936767578125,128.396484375,360.227294921875,-1,-1,-1,-1
226,1,919.5609130859375,601.0399780273438,130.6424560546875,362.0391845703125,-1,-1,-1,-1
227,1,928.8868408203125,614.8628540039062,134.2265625,362.88714599609375,-1,-1,-1,-1
228,1,931.7398681640625,622.67431640625,135.6346435546875,363.6549072265625,-1,-1,-1,-1
229,1,933.343505859375,614.5892333984375,131.8829345703125,361.23236083984375,-1,-1,-1,-1
230,1,946.857177734375,630.9249267578125,132.1474609375,361.689208984375,-1,-1,-1,-1
231,1,937.1825561523438,639.2820434570312,131.85833740234375,358.61517333984375,-1,-1,-1,-1
232,1,932.2782592773438,659.167236328125,133.80279541015625,356.82928466796875,-1,-1,-1,-1
233,1,929.0755004882812,665.7595825195312,136.50042724609375,356.84185791015625,-1,-1,-1,-1
234,1,920.541259765625,659.2693481445312,133.572998046875,352.0465087890625,-1,-1,-1,-1
235,1,915.750244140625,647.312255859375,131.5428466796875,350.29449462890625,-1,-1,-1,-1
236,1,910.5499267578125,645.9689331054688,129.884765625,347.223876953125,-1,-1,-1,-1
237,1,914.2518310546875,644.2532958984375,127.2012939453125,347.01507568359375,-1,-1,-1,-1
238,1,926.9702758789062,644.7412719726562,128.26568603515625,348.3719482421875,-1,-1,-1,-1
239,1,932.6636352539062,656.3707275390625,130.64764404296875,351.36395263671875,-1,-1,-1,-1
240,1,929.514892578125,655.4611206054688,132.8487548828125,351.8031005859375,-1,-1,-1,-1
241,1,927.7401123046875,646.3638305664062,133.5179443359375,352.47735595703125,-1,-1,-1,-1
242,1,923.6205444335938,658.997314453125,139.89178466796875,355.46588134765625,-1,-1,-1,-1
243,1,918.5914306640625,663.1561279296875,146.4947509765625,357.9248046875,-1,-1,-1,-1
244,1,946.0112915039062,672.9810791015625,161.10772705078125,369.6851806640625,-1,-1,-1,-1
245,1,955.413330078125,703.392333984375,162.8489990234375,381.477294921875,-1,-1,-1,-1
246,1,935.255126953125,679.3712158203125,161.8714599609375,380.2845458984375,-1,-1,-1,-1
247,1,914.5810546875,663.2050170898438,157.7186279296875,379.15606689453125,-1,-1,-1,-1
248,1,896.2993774414062,655.0808715820312,151.26678466796875,384.69549560546875,-1,-1,-1,-1
249,1,907.223876953125,650.6099243164062,145.5697021484375,377.86553955078125,-1,-1,-1,-1
250,1,892.3882446289062,645.13427734375,155.10821533203125,376.4949951171875,-1,-1,-1,-1
251,1,874.5,623.09375,157.470947265625,373.2906494140625,-1,-1,-1,-1
252,1,877.323486328125,621.6919555664062,158.5074462890625,371.193603515625,-1,-1,-1,-1
253,1,869.0614624023438,618.4608764648438,162.78436279296875,371.1207275390625,-1,-1,-1,-1
254,1,859.6723022460938,609.6401977539062,164.03570556640625,369.59381103515625,-1,-1,-1,-1
255,1,861.5846557617188,615.5889282226562,162.52508544921875,371.96282958984375,-1,-1,-1,-1
256,1,866.7174072265625,634.6288452148438,165.0115966796875,377.6201171875,-1,-1,-1,-1
257,1,873.3396606445312,652.272216796875,163.14105224609375,382.966064453125,-1,-1,-1,-1
258,1,885.0643310546875,669.7926025390625,165.7452392578125,389.58251953125,-1,-1,-1,-1
259,1,904.3735961914062,663.7042236328125,159.44427490234375,394.8201904296875,-1,-1,-1,-1
260,1,902.6188354492188,651.4258422851562,161.92669677734375,398.30450439453125,-1,-1,-1,-1
261,1,907.978271484375,636.7830200195312,170.3814697265625,404.05303955078125,-1,-1,-1,-1
262,1,926.8821411132812,617.3944702148438,173.84991455078125,412.09710693359375,-1,-1,-1,-1
263,1,931.491943359375,593.943603515625,179.033447265625,421.3780517578125,-1,-1,-1,-1
264,1,948.9065551757812,585.2470092773438,190.67730712890625,433.71649169921875,-1,-1,-1,-1
265,1,966.9441528320312,587.1875,185.83428955078125,443.5035400390625,-1,-1,-1,-1
266,1,970.8201293945312,582.0694580078125,173.77191162109375,445.991943359375,-1,-1,-1,-1
267,1,965.6066284179688,580.6438598632812,172.69879150390625,445.99505615234375,-1,-1,-1,-1
268,1,960.8681640625,601.7781372070312,173.27294921875,447.52069091796875,-1,-1,-1,-1
269,1,959.5052490234375,601.1498413085938,171.281982421875,443.97650146484375,-1,-1,-1,-1
270,1,966.40087890625,591.34423828125,168.9119873046875,442.2158203125,-1,-1,-1,-1
271,1,965.15625,588.5250244140625,168.9012451171875,441.5936279296875,-1,-1,-1,-1
272,1,964.716552734375,594.8012084960938,170.611083984375,440.48590087890625,-1,-1,-1,-1
273,1,969.7371826171875,613.3046875,166.5928955078125,443.40576171875,-1,-1,-1,-1
274,1,973.2984619140625,632.7012939453125,169.1551513671875,443.923095703125,-1,-1,-1,-1
275,1,968.5298461914062,643.5244140625,173.46917724609375,445.195556640625,-1,-1,-1,-1
276,1,966.7799682617188,656.701171875,179.94476318359375,445.695068359375,-1,-1,-1,-1
277,1,956.2908935546875,657.126708984375,188.6319580078125,439.8768310546875,-1,-1,-1,-1
278,1,947.236328125,655.4503784179688,199.86962890625,438.74713134765625,-1,-1,-1,-1
279,1,957.0919189453125,648.316162109375,188.0888671875,449.26220703125,-1,-1,-1,-1
280,1,969.7763061523438,649.0694580078125,177.51080322265625,459.8250732421875,-1,-1,-1,-1
281,1,999.7222900390625,656.9722900390625,167.0361328125,469.5074462890625,-1,-1,-1,-1
282,1,1035.66845703125,655.4241943359375,168.296142578125,470.412353515625,-1,-1,-1,-1
283,1,1041.544189453125,637.3958129882812,167.5975341796875,462.29022216796875,-1,-1,-1,-1
284,1,1016.8980712890625,616.28857421875,169.3643798828125,449.1475830078125,-1,-1,-1,-1
285,1,1009.1144409179688,574.6377563476562,172.60638427734375,440.14300537109375,-1,-1,-1,-1
286,1,1007.3666381835938,541.1516723632812,181.62335205078125,437.33221435546875,-1,-1,-1,-1
287,1,1023.2575073242188,472.3504943847656,214.63592529296875,452.0998840332031,-1,-1,-1,-1
288,1,1050.8953857421875,428.90728759765625,237.25,471.94622802734375,-1,-1,-1,-1
289,1,1074.1318359375,385.93243408203125,240.8023681640625,497.7955322265625,-1,-1,-1,-1
290,1,1084.156982421875,342.1385498046875,265.0546875,518.2364501953125,-1,-1,-1,-1
291,1,1113.5487060546875,295.7331848144531,293.834716796875,522.9349365234375,-1,-1,-1,-1
292,1,1122.265625,363.588623046875,286.1474609375,453.46282958984375,-1,-1,-1,-1
293,1,1174.3162841796875,370.2109069824219,233.5950927734375,472.7774353027344,-1,-1,-1,-1
294,1,1217.5654296875,335.8311462402344,188.34912109375,555.9339599609375,-1,-1,-1,-1
295,1,1262.724853515625,387.47808837890625,145.6446533203125,544.7703247070312,-1,-1,-1,-1
296,1,1272.6175537109375,390.13153076171875,135.6270751953125,550.4288940429688,-1,-1,-1,-1
297,1,1247.4886474609375,385.3628234863281,160.7191162109375,579.3883056640625,-1,-1,-1,-1
298,1,1201.6973876953125,444.4842529296875,201.40625,559.7404174804688,-1,-1,-1,-1
299,1,1173.8905029296875,503.1190490722656,204.1480712890625,536.7301025390625,-1,-1,-1,-1
300,1,1138.608154296875,561.2288208007812,196.1209716796875,515.4074096679688,-1,-1,-1,-1
301,1,1119.5574951171875,601.0745239257812,191.2374267578125,500.77008056640625,-1,-1,-1,-1
302,1,1099.1312255859375,635.6605834960938,184.5721435546875,486.50640869140625,-1,-1,-1,-1
303,1,1083.709228515625,655.8236694335938,179.431640625,475.55377197265625,-1,-1,-1,-1
304,1,1065.03662109375,664.150390625,173.916748046875,464.1461181640625,-1,-1,-1,-1
305,1,1043.0167236328125,671.6973876953125,172.40283203125,450.928955078125,-1,-1,-1,-1
306,1,1027.072998046875,680.84521484375,174.2806396484375,428.95458984375,-1,-1,-1,-1
307,1,1017.1100463867188,670.62060546875,168.23956298828125,427.295654296875,-1,-1,-1,-1
308,1,1020.30810546875,659.8385620117188,160.465576171875,420.11724853515625,-1,-1,-1,-1
309,1,1018.249755859375,660.6202392578125,156.21533203125,416.22314453125,-1,-1,-1,-1
310,1,1016.8900756835938,665.7145385742188,153.57940673828125,410.96588134765625,-1,-1,-1,-1
311,1,1010.5628051757812,662.074462890625,150.36236572265625,406.41943359375,-1,-1,-1,-1
312,1,997.6167602539062,654.562255859375,148.88775634765625,399.1910400390625,-1,-1,-1,-1
313,1,990.419921875,650.2538452148438,144.963134765625,393.14154052734375,-1,-1,-1,-1
314,1,990.29150390625,657.239501953125,142.27880859375,390.13671875,-1,-1,-1,-1
315,1,988.1229248046875,658.3430786132812,139.3565673828125,385.71160888671875,-1,-1,-1,-1
316,1,977.7431640625,668.8330688476562,136.4075927734375,381.67156982421875,-1,-1,-1,-1
317,1,966.2694091796875,644.37646484375,134.6473388671875,370.630615234375,-1,-1,-1,-1
318,1,954.8868408203125,616.7439575195312,131.7286376953125,363.003662109375,-1,-1,-1,-1
319,1,948.4810180664062,594.4727172851562,128.32830810546875,355.21002197265625,-1,-1,-1,-1
320,1,949.905517578125,585.77978515625,127.153564453125,350.452880859375,-1,-1,-1,-1
321,1,947.4968872070312,574.5477294921875,124.09356689453125,345.66424560546875,-1,-1,-1,-1
322,1,947.1194458007812,567.0217895507812,122.80609130859375,340.79754638671875,-1,-1,-1,-1
323,1,943.11962890625,563.0897827148438,120.634033203125,337.15618896484375,-1,-1,-1,-1
324,1,938.132080078125,571.3217163085938,120.47607421875,335.2427978515625,-1,-1,-1,-1
325,1,935.2368774414062,582.750732421875,119.22064208984375,330.24700927734375,-1,-1,-1,-1
326,1,941.1320190429688,616.013427734375,118.75164794921875,330.3720703125,-1,-1,-1,-1
327,1,950.6673583984375,636.6749877929688,120.5604248046875,330.00616455078125,-1,-1,-1,-1
328,1,976.0140380859375,654.4376831054688,121.5849609375,334.28729248046875,-1,-1,-1,-1
329,1,998.6430053710938,677.15869140625,123.89190673828125,337.79608154296875,-1,-1,-1,-1
330,1,1009.2855224609375,687.5935668945312,122.844970703125,340.02203369140625,-1,-1,-1,-1
331,1,1015.8214111328125,693.8965454101562,121.5201416015625,339.90716552734375,-1,-1,-1,-1
332,1,1017.1565551757812,698.8351440429688,121.12799072265625,336.88885498046875,-1,-1,-1,-1
333,1,1009.9734497070312,701.7955322265625,122.89935302734375,332.6719970703125,-1,-1,-1,-1
334,1,998.298828125,693.3092041015625,122.3895263671875,326.2615966796875,-1,-1,-1,-1
335,1,982.0618286132812,693.0482177734375,124.85845947265625,318.0372314453125,-1,-1,-1,-1
336,1,970.6688842773438,698.4495849609375,128.29766845703125,313.9332275390625,-1,-1,-1,-1
337,1,955.6910400390625,715.5430908203125,124.5870361328125,313.88037109375,-1,-1,-1,-1
338,1,945.264892578125,728.5950317382812,119.4173583984375,316.05706787109375,-1,-1,-1,-1
339,1,944.048828125,727.1068115234375,118.3253173828125,314.35302734375,-1,-1,-1,-1
340,1,947.2392578125,720.71484375,117.3624267578125,315.0892333984375,-1,-1,-1,-1
341,1,938.6007080078125,714.7342529296875,118.3287353515625,311.71826171875,-1,-1,-1,-1
342,1,931.2806396484375,717.498046875,120.990966796875,311.3603515625,-1,-1,-1,-1
343,1,930.9178466796875,719.1408081054688,123.518310546875,312.71038818359375,-1,-1,-1,-1
344,1,924.8214111328125,719.104248046875,121.6065673828125,316.60693359375,-1,-1,-1,-1
345,1,919.7896728515625,706.9207763671875,121.9024658203125,321.8775634765625,-1,-1,-1,-1
346,1,919.9139404296875,693.4334106445312,121.3941650390625,326.82720947265625,-1,-1,-1,-1
347,1,921.1441650390625,687.8729248046875,126.256591796875,332.9542236328125,-1,-1,-1,-1
348,1,931.43798828125,681.43115234375,127.9827880859375,341.43927001953125,-1,-1,-1,-1
349,1,940.7998046875,697.3079223632812,129.893310546875,351.25921630859375,-1,-1,-1,-1
350,1,947.3621215820312,707.0736083984375,132.83685302734375,359.806640625,-1,-1,-1,-1
351,1,950.5972290039062,706.96240234375,134.46612548828125,372.28955078125,-1,-1,-1,-1
352,1,960.45361328125,707.7088623046875,133.43212890625,370.4122314453125,-1,-1,-1,-1
353,1,961.9182739257812,692.472412109375,135.88494873046875,370.91259765625,-1,-1,-1,-1
354,1,963.3800048828125,678.7540283203125,136.4600830078125,369.7216796875,-1,-1,-1,-1
355,1,953.861572265625,677.4837036132812,134.414794921875,364.29022216796875,-1,-1,-1,-1
356,1,949.8726196289062,680.6071166992188,132.92071533203125,363.12469482421875,-1,-1,-1,-1
357,1,953.09326171875,684.6029052734375,132.990966796875,362.209228515625,-1,-1,-1,-1
358,1,952.0029907226562,694.8682861328125,132.28778076171875,363.4481201171875,-1,-1,-1,-1
359,1,957.7745971679688,695.95166015625,131.91168212890625,364.6268310546875,-1,-1,-1,-1
360,1,961.8259887695312,687.4749755859375,134.82098388671875,365.8521728515625,-1,-1,-1,-1
361,1,963.1066284179688,685.2538452148438,137.92266845703125,369.35662841796875,-1,-1,-1,-1
362,1,961.7086791992188,686.8463745117188,138.47930908203125,371.08416748046875,-1,-1,-1,-1
363,1,951.7495727539062,682.9086303710938,138.96343994140625,371.81915283203125,-1,-1,-1,-1
364,1,916.10107421875,681.2142944335938,147.729736328125,396.68707275390625,-1,-1,-1,-1
365,1,926.9896240234375,684.149658203125,142.804931640625,385.3123779296875,-1,-1,-1,-1
366,1,980.0667724609375,669.0836791992188,148.3819580078125,386.73382568359375,-1,-1,-1,-1
367,1,969.2685546875,619.7199096679688,149.103515625,391.80419921875,-1,-1,-1,-1
368,1,958.6823120117188,584.8201293945312,145.30718994140625,389.1632080078125,-1,-1,-1,-1
369,1,971.737548828125,563.4448852539062,147.751708984375,393.63787841796875,-1,-1,-1,-1
370,1,974.644287109375,564.7318115234375,150.61083984375,402.4163818359375,-1,-1,-1,-1
371,1,976.1590576171875,565.7501220703125,149.7000732421875,408.07684326171875,-1,-1,-1,-1
372,1,988.054443359375,600.9998779296875,153.0941162109375,424.7752685546875,-1,-1,-1,-1
373,1,1012.3641967773438,608.4498291015625,159.73211669921875,440.6334228515625,-1,-1,-1,-1
374,1,1043.6912841796875,630.5443115234375,168.0621337890625,462.2645263671875,-1,-1,-1,-1
375,1,1050.619384765625,635.8321533203125,171.152099609375,473.073974609375,-1,-1,-1,-1
376,1,1068.564208984375,630.961181640625,175.3804931640625,484.0350341796875,-1,-1,-1,-1
377,1,1101.0003662109375,638.6416625976562,181.314208984375,502.10540771484375,-1,-1,-1,-1
378,1,1127.701416015625,644.2586059570312,188.162841796875,517.4338989257812,-1,-1,-1,-1
379,1,1142.44140625,668.431396484375,191.259521484375,524.8560791015625,-1,-1,-1,-1
380,1,1166.6456298828125,689.8106079101562,187.778564453125,522.2162475585938,-1,-1,-1,-1
381,1,1169.1910400390625,677.9603881835938,186.0751953125,513.6174926757812,-1,-1,-1,-1
382,1,1166.1859130859375,673.2464599609375,185.346923828125,496.0546875,-1,-1,-1,-1
383,1,1166.9595947265625,665.2350463867188,186.12548828125,484.97894287109375,-1,-1,-1,-1
384,1,1154.2066650390625,656.456787109375,191.1475830078125,478.11767578125,-1,-1,-1,-1
385,1,1147.9361572265625,647.33642578125,192.081298828125,474.9500732421875,-1,-1,-1,-1
386,1,1146.798095703125,637.0353393554688,195.216552734375,472.81463623046875,-1,-1,-1,-1
387,1,1143.5367431640625,629.4034423828125,191.1053466796875,471.345703125,-1,-1,-1,-1
388,1,1151.292724609375,633.10888671875,179.09912109375,470.103759765625,-1,-1,-1,-1
389,1,1146.635986328125,639.8217163085938,176.6964111328125,465.73114013671875,-1,-1,-1,-1
390,1,1141.1971435546875,658.0848388671875,174.605224609375,465.1593017578125,-1,-1,-1,-1
391,1,1138.772216796875,661.8939819335938,172.5970458984375,465.83258056640625,-1,-1,-1,-1
392,1,1140.2196044921875,663.6555786132812,171.2412109375,470.15362548828125,-1,-1,-1,-1
393,1,1144.033447265625,667.0946655273438,174.2659912109375,473.14923095703125,-1,-1,-1,-1
394,1,1143.135498046875,671.6361694335938,176.8341064453125,475.78643798828125,-1,-1,-1,-1
395,1,1140.095703125,683.1300048828125,178.850830078125,476.96337890625,-1,-1,-1,-1
396,1,1142.7308349609375,685.591552734375,183.9083251953125,472.235107421875,-1,-1,-1,-1
397,1,1156.185546875,696.0513916015625,187.1800537109375,467.3306884765625,-1,-1,-1,-1
398,1,1171.9810791015625,703.5875854492188,188.69140625,474.08135986328125,-1,-1,-1,-1
399,1,1190.261962890625,710.8129272460938,186.1663818359375,477.82708740234375,-1,-1,-1,-1
400,1,1200.31787109375,713.7388305664062,187.5040283203125,484.08795166015625,-1,-1,-1,-1
401,1,1209.7666015625,697.68115234375,186.7113037109375,494.37548828125,-1,-1,-1,-1
402,1,1222.0870361328125,676.23583984375,181.718994140625,505.3779296875,-1,-1,-1,-1
403,1,1226.4683837890625,661.8707885742188,180.701904296875,515.5537719726562,-1,-1,-1,-1
404,1,1254.6185302734375,661.5004272460938,154.0740966796875,555.1425170898438,-1,-1,-1,-1
405,1,1246.19140625,634.7833251953125,161.8203125,524.550048828125,-1,-1,-1,-1
406,1,1223.9171142578125,633.8146362304688,183.6336669921875,518.4913940429688,-1,-1,-1,-1
407,1,1208.998779296875,610.21142578125,196.4876708984375,544.4462890625,-1,-1,-1,-1
408,1,1186.064208984375,581.916748046875,216.8272705078125,536.36474609375,-1,-1,-1,-1
409,1,1185.2841796875,526.1871337890625,223.2381591796875,530.7535400390625,-1,-1,-1,-1
410,1,1191.120361328125,481.5849914550781,217.2684326171875,528.7601318359375,-1,-1,-1,-1
411,1,1192.3427734375,474.0740966796875,213.8262939453125,528.749267578125,-1,-1,-1,-1
412,1,1197.0997314453125,515.8207397460938,205.1788330078125,528.4860229492188,-1,-1,-1,-1
413,1,1191.54541015625,531.2113647460938,205.2586669921875,527.1788940429688,-1,-1,-1,-1
414,1,1187.336181640625,507.62506103515625,210.7855224609375,522.1132202148438,-1,-1,-1,-1
415,1,1180.581298828125,526.8925170898438,219.2352294921875,518.5582885742188,-1,-1,-1,-1
416,1,1155.4520263671875,557.3533325195312,232.0423583984375,510.08941650390625,-1,-1,-1,-1
417,1,1151.3001708984375,573.3059692382812,228.4215087890625,506.41302490234375,-1,-1,-1,-1
418,1,1152.714599609375,585.6900024414062,223.850830078125,504.17974853515625,-1,-1,-1,-1
419,1,1157.30419921875,601.5672607421875,212.2596435546875,496.923095703125,-1,-1,-1,-1
420,1,1171.306640625,608.9501342773438,193.473388671875,490.86187744140625,-1,-1,-1,-1
421,1,1177.685791015625,619.7116088867188,183.0380859375,480.05657958984375,-1,-1,-1,-1
422,1,1175.0460205078125,647.9219970703125,181.5208740234375,480.4088134765625,-1,-1,-1,-1
423,1,1168.3167724609375,667.4064331054688,189.0928955078125,507.77984619140625,-1,-1,-1,-1
424,1,1176.2720947265625,671.6126708984375,186.4207763671875,477.602783203125,-1,-1,-1,-1
425,1,1193.0582275390625,682.0215454101562,184.351806640625,482.79937744140625,-1,-1,-1,-1
426,1,1194.80419921875,667.58447265625,184.533203125,486.7916259765625,-1,-1,-1,-1
427,1,1199.5250244140625,664.818359375,182.9619140625,491.788818359375,-1,-1,-1,-1
428,1,1204.4720458984375,675.9768676757812,178.1551513671875,498.65716552734375,-1,-1,-1,-1
429,1,1204.497314453125,701.2653198242188,174.3983154296875,499.18695068359375,-1,-1,-1,-1
430,1,1200.280029296875,723.313720703125,171.253173828125,501.560791015625,-1,-1,-1,-1
431,1,1185.4927978515625,724.697998046875,172.3646240234375,496.5860595703125,-1,-1,-1,-1
432,1,1167.8179931640625,710.7423706054688,176.9322509765625,489.01251220703125,-1,-1,-1,-1
433,1,1153.8321533203125,705.2103271484375,177.2703857421875,484.0283203125,-1,-1,-1,-1
434,1,1141.0054931640625,688.664306640625,177.7869873046875,488.9669189453125,-1,-1,-1,-1
435,1,1132.615478515625,678.2841796875,172.03076171875,490.7928466796875,-1,-1,-1,-1
436,1,1127.75927734375,666.6644287109375,171.665283203125,495.04443359375,-1,-1,-1,-1
437,1,1126.6885986328125,665.6185302734375,173.4810791015625,496.048583984375,-1,-1,-1,-1
438,1,1120.9017333984375,672.2177734375,176.111572265625,496.76171875,-1,-1,-1,-1
439,1,1121.9285888671875,690.2512817382812,179.79638671875,494.58892822265625,-1,-1,-1,-1
440,1,1133.366943359375,698.5458984375,184.8402099609375,493.897705078125,-1,-1,-1,-1
441,1,1139.1663818359375,689.6591796875,189.8216552734375,494.2138671875,-1,-1,-1,-1
442,1,1128.3980712890625,684.5828857421875,201.8280029296875,497.0819091796875,-1,-1,-1,-1
443,1,1117.87744140625,676.6373291015625,212.58251953125,500.632568359375,-1,-1,-1,-1
444,1,1110.1763916015625,678.274169921875,222.880859375,502.8663330078125,-1,-1,-1,-1
445,1,1098.6787109375,685.5822143554688,237.2279052734375,505.77325439453125,-1,-1,-1,-1
446,1,1098.646728515625,688.8132934570312,245.81689453125,495.00738525390625,-1,-1,-1,-1
447,1,1111.3961181640625,706.7525024414062,243.684814453125,486.24383544921875,-1,-1,-1,-1
448,1,1118.7283935546875,696.7929077148438,245.651611328125,488.12237548828125,-1,-1,-1,-1
449,1,1132.56396484375,676.7850341796875,239.8358154296875,491.9364013671875,-1,-1,-1,-1
450,1,1148.561767578125,643.4517211914062,232.1671142578125,498.56842041015625,-1,-1,-1,-1
451,1,1151.803955078125,614.5967407226562,232.2774658203125,510.03253173828125,-1,-1,-1,-1
452,1,1175.098388671875,581.6615600585938,216.029296875,512.1785278320312,-1,-1,-1,-1
453,1,1192.950927734375,536.5358276367188,214.020263671875,553.0886840820312,-1,-1,-1,-1
454,1,1215.733642578125,485.250244140625,192.7633056640625,574.134033203125,-1,-1,-1,-1
455,1,1232.63623046875,442.630615234375,174.48095703125,586.302734375,-1,-1,-1,-1
456,1,1235.4615478515625,407.458740234375,172.419921875,590.6329345703125,-1,-1,-1,-1
457,1,1231.6668701171875,414.50238037109375,175.7440185546875,588.0936279296875,-1,-1,-1,-1
458,1,1237.2998046875,433.4996032714844,170.3868408203125,583.1065673828125,-1,-1,-1,-1
459,1,1223.1490478515625,480.9795227050781,184.692626953125,572.1260986328125,-1,-1,-1,-1
460,1,1203.43603515625,521.3238525390625,203.48095703125,561.3072509765625,-1,-1,-1,-1
461,1,1183.3175048828125,555.3226318359375,210.8905029296875,549.8787841796875,-1,-1,-1,-1
462,1,1166.032958984375,565.7799072265625,210.7904052734375,536.77099609375,-1,-1,-1,-1
463,1,1154.6387939453125,561.8521118164062,211.04150390625,535.0844116210938,-1,-1,-1,-1
464,1,1148.5635986328125,563.015869140625,208.2669677734375,529.5362548828125,-1,-1,-1,-1
465,1,1146.2581787109375,565.3965454101562,213.44677734375,511.00067138671875,-1,-1,-1,-1
466,1,1143.2169189453125,562.241455078125,257.37744140625,528.3555908203125,-1,-1,-1,-1
467,1,1145.1383056640625,572.7164916992188,204.3282470703125,526.4465942382812,-1,-1,-1,-1
468,1,1143.781982421875,582.7193603515625,201.3671875,525.3760986328125,-1,-1,-1,-1
469,1,1137.08154296875,582.1018676757812,202.7554931640625,531.3838500976562,-1,-1,-1,-1
470,1,1159.4716796875,585.4134521484375,229.6142578125,527.2813720703125,-1,-1,-1,-1
471,1,1156.5029296875,583.5781860351562,217.9337158203125,566.8533325195312,-1,-1,-1,-1
472,1,1152.154541015625,555.3839111328125,231.8096923828125,584.3951416015625,-1,-1,-1,-1
473,1,1209.8638916015625,455.8502197265625,198.801513671875,610.640625,-1,-1,-1,-1
474,1,1167.1893310546875,402.0458984375,235.99658203125,602.7554931640625,-1,-1,-1,-1
475,1,1150.4324951171875,421.6939392089844,240.9761962890625,590.807861328125,-1,-1,-1,-1
476,1,1181.840576171875,440.2500305175781,226.2376708984375,596.516357421875,-1,-1,-1,-1
477,1,1172.4461669921875,500.670654296875,229.2691650390625,584.7430419921875,-1,-1,-1,-1
478,1,1170.8876953125,545.2738037109375,227.8951416015625,569.0374755859375,-1,-1,-1,-1
479,1,1144.556640625,567.8894653320312,225.9521484375,545.9863891601562,-1,-1,-1,-1
480,1,1114.1468505859375,585.6060180664062,225.059814453125,520.5380249023438,-1,-1,-1,-1
481,1,1089.150634765625,620.9946899414062,236.16015625,499.60577392578125,-1,-1,-1,-1
482,1,1079.2138671875,653.32568359375,235.3380126953125,484.0667724609375,-1,-1,-1,-1
483,1,1070.319580078125,667.7017211914062,234.1004638671875,468.88580322265625,-1,-1,-1,-1
484,1,1064.10009765625,657.0357666015625,232.680419921875,454.4827880859375,-1,-1,-1,-1
485,1,1049.2938232421875,650.802001953125,225.1485595703125,438.3641357421875,-1,-1,-1,-1
486,1,1032.7276611328125,648.34228515625,218.9669189453125,425.980224609375,-1,-1,-1,-1
487,1,1020.2693481445312,617.8908081054688,205.40716552734375,416.17279052734375,-1,-1,-1,-1
488,1,1007.5178833007812,607.0136108398438,184.80303955078125,408.4649658203125,-1,-1,-1,-1
489,1,991.1647338867188,604.5674438476562,162.44805908203125,391.395263671875,-1,-1,-1,-1
490,1,983.012451171875,592.2349243164062,159.527587890625,389.86346435546875,-1,-1,-1,-1
491,1,975.7449951171875,588.6431274414062,151.453125,378.92462158203125,-1,-1,-1,-1
492,1,971.8097534179688,607.914306640625,146.36517333984375,372.29498291015625,-1,-1,-1,-1
493,1,973.603515625,622.931884765625,143.2054443359375,365.59014892578125,-1,-1,-1,-1
494,1,968.7379150390625,621.5887451171875,148.8492431640625,359.67529296875,-1,-1,-1,-1
495,1,968.780517578125,634.7478637695312,157.6146240234375,354.0111083984375,-1,-1,-1,-1
496,1,964.6724853515625,645.3958129882812,164.6083984375,351.18487548828125,-1,-1,-1,-1
497,1,958.316162109375,646.9415893554688,159.6549072265625,346.8455810546875,-1,-1,-1,-1
498,1,956.52197265625,644.5326538085938,146.7066650390625,344.8485107421875,-1,-1,-1,-1
499,1,960.589111328125,643.7218627929688,139.991455078125,344.3995361328125,-1,-1,-1,-1
500,1,956.3056640625,657.1692504882812,134.365234375,342.58477783203125,-1,-1,-1,-1
501,1,955.5709838867188,668.6575317382812,130.76800537109375,340.72845458984375,-1,-1,-1,-1
502,1,955.3035278320312,673.212646484375,130.86663818359375,340.35675048828125,-1,-1,-1,-1
503,1,954.1060180664062,690.0078735351562,132.71917724609375,341.07025146484375,-1,-1,-1,-1
504,1,955.234130859375,699.67138671875,130.9129638671875,342.712646484375,-1,-1,-1,-1
505,1,952.60302734375,707.0029296875,131.40478515625,342.7738037109375,-1,-1,-1,-1
506,1,953.3632202148438,703.4235229492188,130.98333740234375,342.85418701171875,-1,-1,-1,-1
507,1,961.2060546875,691.1444091796875,129.81591796875,344.1676025390625,-1,-1,-1,-1
508,1,969.1864013671875,669.43505859375,132.39794921875,346.43096923828125,-1,-1,-1,-1
509,1,979.8655395507812,657.1936645507812,133.93572998046875,349.6640625,-1,-1,-1,-1
510,1,983.6360473632812,657.0636596679688,135.70989990234375,354.4591064453125,-1,-1,-1,-1
511,1,978.2333374023438,666.0328979492188,136.84588623046875,357.02813720703125,-1,-1,-1,-1
512,1,975.4066162109375,664.5157470703125,145.6072998046875,358.2601318359375,-1,-1,-1,-1
513,1,947.115234375,650.5738525390625,147.7650146484375,352.90167236328125,-1,-1,-1,-1
514,1,926.8753662109375,616.8670043945312,142.5294189453125,346.579345703125,-1,-1,-1,-1
515,1,917.8372802734375,588.3755493164062,139.866455078125,341.82159423828125,-1,-1,-1,-1
516,1,910.5191650390625,562.0818481445312,140.7142333984375,332.99884033203125,-1,-1,-1,-1
517,1,903.8754272460938,531.2255859375,142.21673583984375,328.75946044921875,-1,-1,-1,-1
518,1,895.1923828125,512.1958923339844,134.6123046875,346.4692077636719,-1,-1,-1,-1
519,1,785.6843872070312,458.0573425292969,273.95611572265625,309.3120422363281,-1,-1,-1,-1
520,1,690.3125,514.8301391601562,174.05291748046875,440.20306396484375,-1,-1,-1,-1
521,1,701.5324096679688,540.5936889648438,168.85980224609375,518.7778930664062,-1,-1,-1,-1
522,1,696.289306640625,553.6640625,167.368408203125,526.0262451171875,-1,-1,-1,-1
523,1,692.6315307617188,563.006103515625,167.25653076171875,542.2139892578125,-1,-1,-1,-1
524,1,691.0869140625,569.0125732421875,169.5556640625,567.03466796875,-1,-1,-1,-1
525,1,691.802734375,578.348388671875,176.20068359375,596.318115234375,-1,-1,-1,-1
526,1,695.50390625,596.2476196289062,181.1326904296875,621.8236694335938,-1,-1,-1,-1
527,1,680.8509521484375,598.6605224609375,199.431396484375,621.20458984375,-1,-1,-1,-1
528,1,675.1878662109375,605.0859985351562,216.832763671875,624.7168579101562,-1,-1,-1,-1
529,1,698.149658203125,592.9832153320312,209.0703125,638.7406616210938,-1,-1,-1,-1
530,1,700.13427734375,566.0908203125,204.07098388671875,669.67138671875,-1,-1,-1,-1
531,1,697.4630737304688,527.2642822265625,212.92340087890625,715.0760498046875,-1,-1,-1,-1
532,1,697.0406494140625,496.91729736328125,228.8968505859375,760.7893676757812,-1,-1,-1,-1
533,1,700.3834838867188,484.1850280761719,246.647216796875,794.18212890625,-1,-1,-1,-1
534,1,697.3472290039062,491.9687805175781,256.922119140625,759.21533203125,-1,-1,-1,-1
535,1,737.5267333984375,507.7161865234375,248.361572265625,808.1424560546875,-1,-1,-1,-1
536,1,726.2495727539062,570.4794311523438,232.99981689453125,795.6187133789062,-1,-1,-1,-1
537,1,726.9472045898438,567.2551879882812,226.208984375,763.7130737304688,-1,-1,-1,-1
538,1,723.5269775390625,571.6360473632812,256.02142333984375,752.5723266601562,-1,-1,-1,-1
539,1,709.4513549804688,557.5617065429688,282.1427001953125,779.5899047851562,-1,-1,-1,-1
540,1,579.47265625,672.5315551757812,413.055908203125,551.7687377929688,-1,-1,-1,-1
541,1,502.29052734375,632.5635986328125,454.64410400390625,773.8829345703125,-1,-1,-1,-1
542,1,581.7545166015625,520.1748046875,431.17950439453125,888.1329345703125,-1,-1,-1,-1
543,1,575.4129028320312,574.6661376953125,511.30328369140625,835.2523193359375,-1,-1,-1,-1
544,1,527.097900390625,490.2001037597656,604.2476806640625,922.2806396484375,-1,-1,-1,-1
545,1,478.46826171875,431.1384582519531,636.82080078125,981.08203125,-1,-1,-1,-1
546,1,475.51171875,393.2084655761719,635.6412353515625,1019.3155517578125,-1,-1,-1,-1
547,1,495.39630126953125,371.1194763183594,600.1039428710938,1040.5233154296875,-1,-1,-1,-1
548,1,524.7081298828125,338.8902282714844,598.8612060546875,1073.9312744140625,-1,-1,-1,-1
549,1,547.0018920898438,334.95458984375,595.1355590820312,1078.0584716796875,-1,-1,-1,-1
550,1,559.9613037109375,345.1788330078125,586.3555908203125,1067.6717529296875,-1,-1,-1,-1
551,1,579.8577270507812,373.66302490234375,577.9492797851562,1038.765380859375,-1,-1,-1,-1
1,2,744.87744140625,766.9663696289062,163.21124267578125,562.0797729492188,-1,-1,-1,-1
2,2,740.2945556640625,760.8632202148438,166.48809814453125,465.75518798828125,-1,-1,-1,-1
3,2,734.2265625,745.1122436523438,173.95526123046875,465.34149169921875,-1,-1,-1,-1
4,2,730.9127807617188,742.2471313476562,178.822265625,466.28546142578125,-1,-1,-1,-1
5,2,733.3756713867188,741.9701538085938,182.00469970703125,466.38616943359375,-1,-1,-1,-1
6,2,736.4558715820312,743.619873046875,187.59686279296875,469.98681640625,-1,-1,-1,-1
7,2,734.2903442382812,753.1158447265625,190.05865478515625,467.1553955078125,-1,-1,-1,-1
8,2,729.2860107421875,757.43310546875,193.82965087890625,470.3785400390625,-1,-1,-1,-1
9,2,722.1192626953125,754.4793701171875,191.8765869140625,465.2672119140625,-1,-1,-1,-1
10,2,718.9710693359375,750.1263427734375,193.00299072265625,458.604248046875,-1,-1,-1,-1
11,2,715.876708984375,747.7828369140625,191.67633056640625,441.8367919921875,-1,-1,-1,-1
12,2,714.8313598632812,741.2213134765625,183.31622314453125,432.1234130859375,-1,-1,-1,-1
13,2,715.1321411132812,732.5277099609375,175.16693115234375,426.5657958984375,-1,-1,-1,-1
14,2,715.6550903320312,728.59423828125,172.01593017578125,422.4761962890625,-1,-1,-1,-1
15,2,717.4905395507812,727.7210083007812,167.0692138671875,424.86114501953125,-1,-1,-1,-1
16,2,718.5745849609375,726.3982543945312,164.82171630859375,426.04522705078125,-1,-1,-1,-1
17,2,721.1259765625,727.68017578125,164.31561279296875,428.3074951171875,-1,-1,-1,-1
18,2,726.3582153320312,733.598388671875,160.80767822265625,432.8087158203125,-1,-1,-1,-1
19,2,728.2750244140625,735.3333129882812,160.379150390625,488.34307861328125,-1,-1,-1,-1
20,2,725.6289672851562,728.2365112304688,159.31195068359375,482.52813720703125,-1,-1,-1,-1
21,2,722.32763671875,718.3724975585938,158.92694091796875,496.53765869140625,-1,-1,-1,-1
22,2,719.128173828125,706.965576171875,160.7542724609375,601.545166015625,-1,-1,-1,-1
23,2,716.3558349609375,698.7918090820312,162.82720947265625,595.4754028320312,-1,-1,-1,-1
24,2,716.0533447265625,692.898193359375,163.90582275390625,583.7445068359375,-1,-1,-1,-1
25,2,714.9873657226562,690.889404296875,164.69195556640625,570.3856201171875,-1,-1,-1,-1
26,2,712.801025390625,687.8011474609375,165.02899169921875,556.2493896484375,-1,-1,-1,-1
27,2,710.6344604492188,687.6453857421875,167.25750732421875,550.5218505859375,-1,-1,-1,-1
28,2,715.2277221679688,690.7168579101562,169.34942626953125,552.2455444335938,-1,-1,-1,-1
29,2,719.897216796875,694.8563232421875,171.68634033203125,558.18408203125,-1,-1,-1,-1
30,2,723.7608642578125,694.990478515625,171.1168212890625,567.0914306640625,-1,-1,-1,-1
31,2,723.6362915039062,687.3619995117188,169.36883544921875,581.4400024414062,-1,-1,-1,-1
32,2,722.0160522460938,680.650390625,168.87603759765625,606.207275390625,-1,-1,-1,-1
33,2,721.481689453125,674.1609497070312,170.966796875,634.9174194335938,-1,-1,-1,-1
34,2,722.091796875,679.7760009765625,180.64013671875,649.347412109375,-1,-1,-1,-1
35,2,723.5357055664062,690.8252563476562,194.549560546875,637.2874145507812,-1,-1,-1,-1
36,2,723.7395629882812,699.8137817382812,202.8546142578125,618.6563110351562,-1,-1,-1,-1
37,2,723.0226440429688,700.2130126953125,197.75439453125,605.07666015625,-1,-1,-1,-1
38,2,717.237548828125,692.6072998046875,193.59332275390625,599.07861328125,-1,-1,-1,-1
39,2,718.7970581054688,674.20947265625,185.01904296875,605.03271484375,-1,-1,-1,-1
40,2,716.510986328125,657.75341796875,182.06060791015625,608.641357421875,-1,-1,-1,-1
41,2,714.9669189453125,642.9137573242188,170.9942626953125,605.9031372070312,-1,-1,-1,-1
42,2,714.822998046875,624.9445190429688,162.32415771484375,575.9882202148438,-1,-1,-1,-1
43,2,714.7660522460938,611.9672241210938,156.15313720703125,547.0873413085938,-1,-1,-1,-1
44,2,711.92529296875,607.2653198242188,146.11834716796875,525.6907348632812,-1,-1,-1,-1
45,2,701.6585693359375,608.460693359375,143.22564697265625,492.9881591796875,-1,-1,-1,-1
46,2,695.1218872070312,609.9556274414062,149.77996826171875,464.35137939453125,-1,-1,-1,-1
47,2,690.3040771484375,610.1028442382812,147.37542724609375,452.00726318359375,-1,-1,-1,-1
48,2,688.5687866210938,612.1325073242188,145.06536865234375,387.42486572265625,-1,-1,-1,-1
49,2,688.105712890625,624.8763427734375,142.06793212890625,450.7059326171875,-1,-1,-1,-1
50,2,680.5056762695312,635.9092407226562,144.00543212890625,470.79595947265625,-1,-1,-1,-1
51,2,673.520751953125,642.9176025390625,144.915283203125,489.8416748046875,-1,-1,-1,-1
52,2,671.9632568359375,658.1190185546875,147.268798828125,513.2850341796875,-1,-1,-1,-1
53,2,672.0072021484375,672.53076171875,151.17840576171875,529.311767578125,-1,-1,-1,-1
54,2,674.1526489257812,685.5679931640625,155.5819091796875,543.7010498046875,-1,-1,-1,-1
55,2,678.0286865234375,698.547119140625,161.29595947265625,548.746826171875,-1,-1,-1,-1
56,2,681.6499633789062,704.0928955078125,162.69708251953125,557.969970703125,-1,-1,-1,-1
57,2,682.1318359375,700.483642578125,162.0042724609375,565.5328369140625,-1,-1,-1,-1
58,2,681.427978515625,690.2706298828125,163.52911376953125,570.531982421875,-1,-1,-1,-1
59,2,682.7272338867188,684.9849853515625,160.5657958984375,572.55517578125,-1,-1,-1,-1
60,2,683.7062377929688,684.2117309570312,162.0107421875,574.3045043945312,-1,-1,-1,-1
61,2,685.7959594726562,684.5625,163.34735107421875,574.2734375,-1,-1,-1,-1
62,2,687.1355590820312,686.2052001953125,167.846923828125,575.7520751953125,-1,-1,-1,-1
63,2,690.0570678710938,687.5680541992188,170.392578125,576.8340454101562,-1,-1,-1,-1
64,2,691.90869140625,691.7061767578125,173.3270263671875,461.4713134765625,-1,-1,-1,-1
65,2,694.3395385742188,686.1008911132812,168.47222900390625,446.18817138671875,-1,-1,-1,-1
66,2,698.7124633789062,685.9998168945312,161.8489990234375,424.35491943359375,-1,-1,-1,-1
67,2,702.025390625,682.4105224609375,156.30908203125,420.4642333984375,-1,-1,-1,-1
68,2,701.7509765625,678.50634765625,152.138916015625,418.8587646484375,-1,-1,-1,-1
69,2,701.1976318359375,677.4813842773438,153.78533935546875,421.65350341796875,-1,-1,-1,-1
70,2,697.2999267578125,672.6633911132812,177.4293212890625,573.6088256835938,-1,-1,-1,-1
71,2,697.5308227539062,672.6503295898438,177.18511962890625,564.9215698242188,-1,-1,-1,-1
72,2,695.0971069335938,676.6455078125,173.67816162109375,554.4002685546875,-1,-1,-1,-1
73,2,692.697265625,675.146240234375,168.00811767578125,541.0052490234375,-1,-1,-1,-1
74,2,689.7296142578125,669.7261962890625,166.1588134765625,536.9197998046875,-1,-1,-1,-1
75,2,684.79541015625,664.864990234375,155.77099609375,537.356201171875,-1,-1,-1,-1
76,2,675.7495727539062,657.2362670898438,147.9234619140625,533.3616333007812,-1,-1,-1,-1
77,2,671.6728515625,650.0615844726562,146.463134765625,521.3413696289062,-1,-1,-1,-1
78,2,666.5928955078125,646.483642578125,151.85858154296875,507.6859130859375,-1,-1,-1,-1
79,2,663.0848388671875,642.1085205078125,156.0634765625,506.4432373046875,-1,-1,-1,-1
80,2,657.7477416992188,644.5997924804688,162.077392578125,504.22369384765625,-1,-1,-1,-1
81,2,654.6936645507812,639.0313110351562,166.16314697265625,503.69927978515625,-1,-1,-1,-1
82,2,661.2410278320312,636.5156860351562,168.88812255859375,504.62738037109375,-1,-1,-1,-1
83,2,667.7789306640625,635.92431640625,171.5635986328125,518.7918701171875,-1,-1,-1,-1
84,2,672.2683715820312,635.62890625,169.788818359375,543.1756591796875,-1,-1,-1,-1
85,2,674.8148193359375,640.1626586914062,169.79547119140625,570.6069946289062,-1,-1,-1,-1
86,2,676.0026245117188,644.3397216796875,171.1396484375,589.3817138671875,-1,-1,-1,-1
87,2,677.40283203125,643.9893188476562,170.87322998046875,600.8378295898438,-1,-1,-1,-1
88,2,675.8884887695312,641.5748901367188,172.44732666015625,612.8114624023438,-1,-1,-1,-1
89,2,674.214599609375,642.301025390625,170.46014404296875,641.6192626953125,-1,-1,-1,-1
90,2,670.2948608398438,646.7298583984375,172.34661865234375,647.892333984375,-1,-1,-1,-1
91,2,665.5484619140625,645.698486328125,178.26153564453125,649.8692626953125,-1,-1,-1,-1
92,2,660.3008422851562,654.25048828125,190.037841796875,661.6453857421875,-1,-1,-1,-1
93,2,648.7666015625,668.90869140625,218.58282470703125,694.0582275390625,-1,-1,-1,-1
94,2,631.1687622070312,675.350830078125,259.06427001953125,706.3616943359375,-1,-1,-1,-1
95,2,620.6595458984375,692.1507568359375,267.8511962890625,659.8507080078125,-1,-1,-1,-1
96,2,615.1278076171875,706.4000854492188,233.3839111328125,701.4839477539062,-1,-1,-1,-1
97,2,598.568115234375,726.779541015625,264.92352294921875,682.9910888671875,-1,-1,-1,-1
98,2,629.0322875976562,759.3496704101562,261.59210205078125,650.9743041992188,-1,-1,-1,-1
99,2,494.6787414550781,802.037353515625,320.4623107910156,604.97900390625,-1,-1,-1,-1
100,2,418.0923767089844,743.3645629882812,395.6014709472656,666.5226440429688,-1,-1,-1,-1
101,2,470.868408203125,669.142333984375,384.73651123046875,681.6900634765625,-1,-1,-1,-1
102,2,490.35516357421875,587.5745239257812,350.15887451171875,714.2229614257812,-1,-1,-1,-1
103,2,502.38128662109375,544.4732055664062,320.59912109375,747.7802124023438,-1,-1,-1,-1
104,2,545.0824584960938,530.7005615234375,305.16815185546875,784.4183349609375,-1,-1,-1,-1
105,2,587.9930419921875,529.2125854492188,292.74169921875,804.4271850585938,-1,-1,-1,-1
106,2,630.6380615234375,531.8142700195312,271.554931640625,788.8410034179688,-1,-1,-1,-1
107,2,662.453369140625,534.8541259765625,254.54541015625,746.176513671875,-1,-1,-1,-1
108,2,675.009765625,545.7880859375,248.0262451171875,679.774169921875,-1,-1,-1,-1
109,2,689.1578979492188,567.5556640625,231.72137451171875,640.5743408203125,-1,-1,-1,-1
110,2,698.1656494140625,600.6026000976562,234.356201171875,567.2146606445312,-1,-1,-1,-1
111,2,686.9669189453125,637.0355224609375,259.3272705078125,558.4410400390625,-1,-1,-1,-1
112,2,711.565185546875,671.5460815429688,218.88812255859375,519.2188110351562,-1,-1,-1,-1
113,2,712.6574096679688,707.919677734375,204.029541015625,550.690185546875,-1,-1,-1,-1
114,2,710.4267578125,738.8046875,188.76434326171875,551.7554931640625,-1,-1,-1,-1
115,2,707.9843139648438,749.4246826171875,184.3861083984375,612.2054443359375,-1,-1,-1,-1
116,2,707.6438598632812,758.2048950195312,179.54217529296875,605.1874389648438,-1,-1,-1,-1
117,2,701.6204223632812,757.757568359375,174.715087890625,585.04248046875,-1,-1,-1,-1
118,2,699.1883544921875,754.9853515625,164.95928955078125,550.7713623046875,-1,-1,-1,-1
119,2,694.9177856445312,755.3099365234375,160.2386474609375,514.1494140625,-1,-1,-1,-1
120,2,690.8352661132812,756.4418334960938,161.19708251953125,491.24005126953125,-1,-1,-1,-1
121,2,690.8754272460938,757.1115112304688,161.84161376953125,483.22186279296875,-1,-1,-1,-1
122,2,692.0463256835938,759.2438354492188,165.18560791015625,486.34930419921875,-1,-1,-1,-1
123,2,692.581298828125,757.4046020507812,169.11151123046875,491.44927978515625,-1,-1,-1,-1
124,2,695.1198120117188,754.727783203125,166.013427734375,497.34716796875,-1,-1,-1,-1
125,2,700.176025390625,765.360595703125,162.27655029296875,515.156982421875,-1,-1,-1,-1
126,2,705.2012329101562,770.4353637695312,165.7139892578125,540.4756469726562,-1,-1,-1,-1
127,2,709.9695434570312,771.7222290039062,164.4759521484375,569.0703735351562,-1,-1,-1,-1
128,2,712.083984375,769.6167602539062,167.1287841796875,589.6442260742188,-1,-1,-1,-1
129,2,707.2009887695312,768.183349609375,182.95404052734375,597.6568603515625,-1,-1,-1,-1
130,2,699.8789672851562,756.0556030273438,195.80352783203125,605.3495483398438,-1,-1,-1,-1
131,2,698.7066040039062,743.632568359375,194.01177978515625,617.6302490234375,-1,-1,-1,-1
132,2,697.7437133789062,733.5370483398438,205.23980712890625,632.6362915039062,-1,-1,-1,-1
133,2,687.5260009765625,707.7694702148438,204.95233154296875,641.4686889648438,-1,-1,-1,-1
134,2,684.7303466796875,696.8319702148438,206.743408203125,652.4660034179688,-1,-1,-1,-1
135,2,672.9706420898438,695.6439208984375,210.95941162109375,654.741455078125,-1,-1,-1,-1
136,2,661.8603515625,693.8099975585938,210.7281494140625,654.5061645507812,-1,-1,-1,-1
137,2,656.63134765625,689.8689575195312,202.15472412109375,643.9116821289062,-1,-1,-1,-1
138,2,646.1019287109375,688.1555786132812,220.30108642578125,640.6116333007812,-1,-1,-1,-1
139,2,631.291748046875,691.1759033203125,273.15948486328125,659.148193359375,-1,-1,-1,-1
140,2,624.6359252929688,690.6558837890625,339.08551025390625,696.1942138671875,-1,-1,-1,-1
141,2,624.61669921875,689.6495361328125,368.6903076171875,720.2879638671875,-1,-1,-1,-1
142,2,637.415283203125,693.973876953125,322.16351318359375,716.488037109375,-1,-1,-1,-1
143,2,636.00244140625,693.2021484375,287.2000732421875,717.4178466796875,-1,-1,-1,-1
144,2,612.2071533203125,749.2568359375,266.1455078125,661.892578125,-1,-1,-1,-1
145,2,559.7523193359375,779.67236328125,307.38714599609375,630.0028076171875,-1,-1,-1,-1
146,2,501.765625,660.7073974609375,331.43109130859375,744.193115234375,-1,-1,-1,-1
147,2,561.0677490234375,491.51983642578125,322.241455078125,755.2999877929688,-1,-1,-1,-1
148,2,592.6294555664062,368.599853515625,317.8192138671875,805.8531494140625,-1,-1,-1,-1
149,2,590.4473266601562,314.5018310546875,298.73736572265625,849.4658203125,-1,-1,-1,-1
150,2,592.3984985351562,298.4603271484375,275.99176025390625,862.2662353515625,-1,-1,-1,-1
151,2,606.247802734375,279.0460510253906,261.59259033203125,817.3331298828125,-1,-1,-1,-1
152,2,608.033935546875,252.51942443847656,263.2950439453125,783.4097900390625,-1,-1,-1,-1
153,2,624.2462158203125,256.8389587402344,258.4874267578125,733.4566650390625,-1,-1,-1,-1
154,2,627.6358032226562,393.8131408691406,259.29437255859375,676.7493896484375,-1,-1,-1,-1
155,2,627.3784790039062,508.944091796875,261.10015869140625,688.797119140625,-1,-1,-1,-1
156,2,642.9923706054688,555.138916015625,256.5845947265625,708.8363037109375,-1,-1,-1,-1
157,2,647.7071533203125,575.913330078125,245.85687255859375,727.056396484375,-1,-1,-1,-1
158,2,650.772216796875,610.6961669921875,233.1405029296875,758.3590087890625,-1,-1,-1,-1
159,2,645.9576416015625,602.8966064453125,220.57879638671875,764.622314453125,-1,-1,-1,-1
160,2,648.3001098632812,601.8519287109375,218.38818359375,756.9241943359375,-1,-1,-1,-1
161,2,650.0424194335938,594.2072143554688,224.2847900390625,767.2330932617188,-1,-1,-1,-1
162,2,670.6143798828125,580.9053955078125,229.14599609375,765.5447998046875,-1,-1,-1,-1
163,2,655.7777709960938,580.5578002929688,233.365966796875,739.2435913085938,-1,-1,-1,-1
164,2,643.8233642578125,573.71484375,242.09417724609375,713.3193359375,-1,-1,-1,-1
165,2,622.4239501953125,591.9216918945312,260.5325927734375,709.0009155273438,-1,-1,-1,-1
166,2,619.73828125,627.522216796875,278.6798095703125,706.001708984375,-1,-1,-1,-1
167,2,630.0304565429688,645.1357421875,289.88079833984375,709.629638671875,-1,-1,-1,-1
168,2,654.341796875,673.4736328125,279.1170654296875,714.173095703125,-1,-1,-1,-1
169,2,688.4708251953125,667.217529296875,251.0692138671875,485.5137939453125,-1,-1,-1,-1
170,2,684.9777221679688,661.3253173828125,248.18634033203125,501.9649658203125,-1,-1,-1,-1
171,2,687.2161254882812,642.5381469726562,241.5179443359375,650.9623413085938,-1,-1,-1,-1
172,2,673.1246337890625,630.0827026367188,238.593017578125,605.8118286132812,-1,-1,-1,-1
173,2,663.6560668945312,626.970947265625,230.6331787109375,546.4090576171875,-1,-1,-1,-1
174,2,638.7869873046875,652.0809326171875,223.46527099609375,528.4224853515625,-1,-1,-1,-1
175,2,613.6699829101562,678.5404663085938,216.57623291015625,528.4246215820312,-1,-1,-1,-1
176,2,623.0633544921875,713.4923095703125,202.85546875,530.64892578125,-1,-1,-1,-1
177,2,633.2461547851562,721.7279052734375,193.823486328125,538.7987060546875,-1,-1,-1,-1
178,2,634.6119995117188,711.1884765625,182.83642578125,557.003173828125,-1,-1,-1,-1
179,2,633.93212890625,679.4039916992188,179.33404541015625,577.1220092773438,-1,-1,-1,-1
180,2,633.379150390625,644.4990234375,177.292724609375,597.369140625,-1,-1,-1,-1
181,2,629.5797119140625,620.705078125,176.31280517578125,612.6490478515625,-1,-1,-1,-1
182,2,630.4067993164062,612.7999877929688,173.32965087890625,620.1176147460938,-1,-1,-1,-1
183,2,634.7281494140625,613.8250122070312,174.403076171875,619.4533081054688,-1,-1,-1,-1
184,2,640.3674926757812,616.1923828125,177.1212158203125,614.5977783203125,-1,-1,-1,-1
185,2,643.36083984375,640.23046875,177.03826904296875,611.9918212890625,-1,-1,-1,-1
186,2,655.1982421875,657.6041259765625,175.43896484375,615.3433837890625,-1,-1,-1,-1
187,2,669.514404296875,658.5831909179688,175.33123779296875,624.0110473632812,-1,-1,-1,-1
188,2,672.04638671875,657.4208984375,172.6278076171875,633.8681640625,-1,-1,-1,-1
189,2,672.258544921875,656.7679443359375,172.695068359375,634.2799072265625,-1,-1,-1,-1
190,2,670.0126953125,651.4353637695312,171.2484130859375,623.0918579101562,-1,-1,-1,-1
191,2,671.8070678710938,647.7268676757812,171.4580078125,605.3320922851562,-1,-1,-1,-1
192,2,679.1217041015625,661.5469970703125,176.9149169921875,579.1485595703125,-1,-1,-1,-1
193,2,687.0003051757812,671.4473876953125,173.699462890625,554.3740234375,-1,-1,-1,-1
194,2,689.3353881835938,681.3993530273438,172.2542724609375,543.6211547851562,-1,-1,-1,-1
195,2,688.4246826171875,673.666015625,162.439697265625,543.57666015625,-1,-1,-1,-1
196,2,686.5736694335938,673.0015258789062,159.039794921875,547.9824829101562,-1,-1,-1,-1
197,2,687.8228149414062,667.3919677734375,161.87451171875,544.154296875,-1,-1,-1,-1
198,2,688.4856567382812,658.113037109375,169.20703125,539.6319580078125,-1,-1,-1,-1
199,2,686.5775146484375,643.152587890625,180.628173828125,530.6754150390625,-1,-1,-1,-1
200,2,687.888671875,627.6773681640625,188.1798095703125,526.1385498046875,-1,-1,-1,-1
201,2,689.17236328125,612.2672119140625,196.3089599609375,527.322509765625,-1,-1,-1,-1
202,2,687.453369140625,603.0101928710938,230.536376953125,521.4701538085938,-1,-1,-1,-1
203,2,686.9655151367188,597.2144165039062,251.82745361328125,518.8037719726562,-1,-1,-1,-1
204,2,684.1159057617188,602.2894287109375,254.64520263671875,518.2967529296875,-1,-1,-1,-1
205,2,672.598876953125,597.146728515625,249.533447265625,511.26171875,-1,-1,-1,-1
206,2,660.131591796875,605.93798828125,240.8721923828125,508.77392578125,-1,-1,-1,-1
207,2,669.4260864257812,626.8845825195312,209.95770263671875,511.73077392578125,-1,-1,-1,-1
208,2,698.8402709960938,634.0615844726562,177.30364990234375,522.2474975585938,-1,-1,-1,-1
209,2,705.973876953125,629.963134765625,176.41619873046875,530.593017578125,-1,-1,-1,-1
210,2,702.7125854492188,640.8494262695312,179.854248046875,552.8733520507812,-1,-1,-1,-1
211,2,690.801025390625,649.3560791015625,184.5084228515625,572.3084716796875,-1,-1,-1,-1
212,2,685.08740234375,644.6258544921875,188.84765625,575.9683837890625,-1,-1,-1,-1
213,2,675.9437866210938,634.7107543945312,196.94256591796875,572.2789916992188,-1,-1,-1,-1
214,2,674.2320556640625,621.9443359375,195.9122314453125,579.260009765625,-1,-1,-1,-1
215,2,673.2476196289062,607.4036865234375,190.41619873046875,583.8155517578125,-1,-1,-1,-1
216,2,673.2503662109375,589.4358520507812,189.5235595703125,588.5842895507812,-1,-1,-1,-1
217,2,671.8054809570312,574.9746704101562,188.93572998046875,588.1998901367188,-1,-1,-1,-1
218,2,673.0485229492188,556.0812377929688,198.67840576171875,592.4036254882812,-1,-1,-1,-1
219,2,673.8421630859375,560.447998046875,209.8111572265625,589.1422119140625,-1,-1,-1,-1
220,2,663.6629638671875,588.0616455078125,252.94610595703125,593.182373046875,-1,-1,-1,-1
221,2,646.9605712890625,605.2176513671875,256.2796630859375,613.1348876953125,-1,-1,-1,-1
222,2,644.1439208984375,625.29833984375,253.37359619140625,654.557861328125,-1,-1,-1,-1
223,2,638.67138671875,630.9376220703125,254.25811767578125,659.4486083984375,-1,-1,-1,-1
224,2,636.8124389648438,634.298095703125,259.17547607421875,666.5166015625,-1,-1,-1,-1
225,2,643.9515380859375,620.71240234375,260.310546875,671.030517578125,-1,-1,-1,-1
226,2,651.1318969726562,602.82470703125,262.76593017578125,681.4625244140625,-1,-1,-1,-1
227,2,661.1790161132812,600.3829345703125,263.46099853515625,698.811279296875,-1,-1,-1,-1
228,2,670.5045776367188,592.2097778320312,258.7655029296875,716.5242309570312,-1,-1,-1,-1
229,2,675.6612548828125,584.0770263671875,256.58416748046875,712.3839111328125,-1,-1,-1,-1
230,2,690.0020751953125,604.7423706054688,252.51959228515625,704.2642211914062,-1,-1,-1,-1
231,2,684.857177734375,621.4830322265625,242.7901611328125,688.8582763671875,-1,-1,-1,-1
232,2,679.1912841796875,641.6568603515625,236.6927490234375,686.5001220703125,-1,-1,-1,-1
233,2,677.4259643554688,646.0296020507812,230.75994873046875,689.9512329101562,-1,-1,-1,-1
234,2,673.6477661132812,631.9244384765625,229.5426025390625,696.31396484375,-1,-1,-1,-1
235,2,663.4859619140625,619.5723876953125,236.6092529296875,696.1156005859375,-1,-1,-1,-1
236,2,655.2059326171875,624.460693359375,223.73828125,680.363525390625,-1,-1,-1,-1
237,2,648.4146728515625,631.5368041992188,208.37188720703125,663.4703979492188,-1,-1,-1,-1
238,2,655.3231811523438,648.749267578125,210.39276123046875,646.198486328125,-1,-1,-1,-1
239,2,648.5341796875,656.807373046875,217.0159912109375,645.3134765625,-1,-1,-1,-1
240,2,643.3560180664062,642.8283081054688,217.5789794921875,656.7815551757812,-1,-1,-1,-1
241,2,647.7696533203125,618.9207153320312,214.82928466796875,672.5391235351562,-1,-1,-1,-1
242,2,644.3659057617188,607.587158203125,214.85870361328125,701.4666748046875,-1,-1,-1,-1
243,2,642.75341796875,589.5526733398438,217.08929443359375,725.7526245117188,-1,-1,-1,-1
244,2,667.8102416992188,587.0830078125,232.798095703125,743.919921875,-1,-1,-1,-1
245,2,668.758544921875,620.0918579101562,250.30401611328125,771.8711547851562,-1,-1,-1,-1
246,2,657.791015625,615.465576171875,258.3111572265625,781.178466796875,-1,-1,-1,-1
247,2,635.7896728515625,612.3737182617188,256.83306884765625,785.5172729492188,-1,-1,-1,-1
248,2,615.208740234375,612.4283447265625,248.6983642578125,783.977294921875,-1,-1,-1,-1
249,2,628.798583984375,617.2222900390625,240.4642333984375,654.3402099609375,-1,-1,-1,-1
250,2,626.354736328125,603.1504516601562,225.251220703125,617.9096069335938,-1,-1,-1,-1
251,2,616.2332153320312,575.0765380859375,209.13909912109375,762.198974609375,-1,-1,-1,-1
252,2,617.858642578125,579.8009643554688,199.94464111328125,686.4865112304688,-1,-1,-1,-1
253,2,610.3444213867188,589.5165405273438,193.16143798828125,609.7514038085938,-1,-1,-1,-1
254,2,603.3094482421875,590.7496948242188,184.6285400390625,565.7545776367188,-1,-1,-1,-1
255,2,604.195556640625,603.45068359375,178.38836669921875,562.1065673828125,-1,-1,-1,-1
256,2,609.2949829101562,609.7821044921875,176.01116943359375,582.7161865234375,-1,-1,-1,-1
257,2,615.906005859375,611.4224853515625,173.7237548828125,614.762939453125,-1,-1,-1,-1
258,2,625.8307495117188,619.362548828125,171.73297119140625,640.4600830078125,-1,-1,-1,-1
259,2,630.7655639648438,619.5022583007812,174.39788818359375,638.6878051757812,-1,-1,-1,-1
260,2,622.27587890625,611.5951538085938,181.27667236328125,634.9826049804688,-1,-1,-1,-1
261,2,620.364990234375,603.4270629882812,188.7469482421875,635.4849243164062,-1,-1,-1,-1
262,2,624.2818603515625,599.4573974609375,201.924072265625,637.1248779296875,-1,-1,-1,-1
263,2,618.080322265625,588.8045043945312,213.85528564453125,635.4967651367188,-1,-1,-1,-1
264,2,627.6483764648438,585.2208862304688,225.42694091796875,645.0689086914062,-1,-1,-1,-1
265,2,634.0472412109375,587.9267578125,224.55029296875,666.9798583984375,-1,-1,-1,-1
266,2,640.2939453125,577.4622192382812,209.24493408203125,691.7434692382812,-1,-1,-1,-1
267,2,642.0665283203125,563.5654907226562,200.0311279296875,711.8711547851562,-1,-1,-1,-1
268,2,641.941162109375,583.4462890625,198.65625,698.80615234375,-1,-1,-1,-1
269,2,642.19873046875,589.5724487304688,199.94146728515625,659.4072875976562,-1,-1,-1,-1
270,2,646.96630859375,597.0306396484375,201.64312744140625,613.58544921875,-1,-1,-1,-1
271,2,647.464111328125,611.5888061523438,197.94927978515625,591.5990600585938,-1,-1,-1,-1
272,2,651.6964111328125,627.7383422851562,193.47943115234375,577.1780395507812,-1,-1,-1,-1
273,2,655.6527099609375,647.9603881835938,185.98419189453125,577.8684692382812,-1,-1,-1,-1
274,2,659.8735961914062,648.8184204101562,178.98358154296875,597.6008911132812,-1,-1,-1,-1
275,2,656.0480346679688,646.31494140625,176.99676513671875,615.07568359375,-1,-1,-1,-1
276,2,652.922119140625,647.3467407226562,180.95025634765625,627.3284301757812,-1,-1,-1,-1
277,2,645.0265502929688,650.828125,183.64031982421875,623.3973388671875,-1,-1,-1,-1
278,2,635.4497680664062,643.6826782226562,189.99334716796875,613.6640014648438,-1,-1,-1,-1
279,2,646.861572265625,644.6508178710938,189.93914794921875,599.9402465820312,-1,-1,-1,-1
280,2,653.8322143554688,658.5313720703125,192.47412109375,596.759033203125,-1,-1,-1,-1
281,2,674.4034423828125,671.4517822265625,200.61212158203125,603.3408203125,-1,-1,-1,-1
282,2,702.1915893554688,676.2518310546875,210.61517333984375,635.102783203125,-1,-1,-1,-1
283,2,708.654541015625,664.2550659179688,217.7083740234375,683.8630981445312,-1,-1,-1,-1
284,2,690.4984130859375,641.7247314453125,220.055908203125,693.2239990234375,-1,-1,-1,-1
285,2,698.0792236328125,607.3067626953125,207.41729736328125,553.049072265625,-1,-1,-1,-1
286,2,684.1581420898438,556.0361328125,231.771240234375,649.0125732421875,-1,-1,-1,-1
287,2,707.7925415039062,431.24114990234375,229.69915771484375,794.7109985351562,-1,-1,-1,-1
288,2,714.1441040039062,315.03692626953125,264.6947021484375,910.3128051757812,-1,-1,-1,-1
289,2,716.6947021484375,199.28428649902344,274.36248779296875,1010.9222412109375,-1,-1,-1,-1
290,2,714.8515014648438,70.39515686035156,308.21954345703125,1153.4417724609375,-1,-1,-1,-1
291,2,724.0638427734375,-0.9882278442382812,409.3314208984375,1066.1077880859375,-1,-1,-1,-1
292,2,729.0747680664062,20.34172821044922,425.78033447265625,950.6990966796875,-1,-1,-1,-1
293,2,729.033447265625,-3.4944725036621094,448.60302734375,1077.5582275390625,-1,-1,-1,-1
294,2,750.9219970703125,39.98490905761719,446.9715576171875,1120.3592529296875,-1,-1,-1,-1
295,2,764.0397338867188,93.07028198242188,361.58734130859375,1091.1260986328125,-1,-1,-1,-1
296,2,784.8778076171875,146.73434448242188,302.218017578125,1028.603271484375,-1,-1,-1,-1
297,2,778.62744140625,260.88201904296875,243.0496826171875,923.2688598632812,-1,-1,-1,-1
298,2,754.6289672851562,378.2493896484375,219.0516357421875,823.6619873046875,-1,-1,-1,-1
299,2,737.4652099609375,469.3775939941406,212.6009521484375,743.9368896484375,-1,-1,-1,-1
300,2,713.5892944335938,546.5936279296875,201.65216064453125,689.4791259765625,-1,-1,-1,-1
301,2,706.735107421875,616.5180053710938,203.7310791015625,651.5925903320312,-1,-1,-1,-1
302,2,693.050537109375,667.5285034179688,204.6993408203125,621.1952514648438,-1,-1,-1,-1
303,2,688.6998291015625,690.0921630859375,201.9312744140625,601.45654296875,-1,-1,-1,-1
304,2,686.395263671875,699.3671875,201.60357666015625,589.2076416015625,-1,-1,-1,-1
305,2,676.8416137695312,705.9996948242188,211.45574951171875,584.8445434570312,-1,-1,-1,-1
306,2,666.675537109375,706.376708984375,206.8668212890625,580.0369873046875,-1,-1,-1,-1
307,2,660.1534423828125,698.556884765625,188.66802978515625,552.258056640625,-1,-1,-1,-1
308,2,665.5228271484375,692.6653442382812,169.0333251953125,516.2305297851562,-1,-1,-1,-1
309,2,664.6248779296875,698.0936279296875,169.67181396484375,486.2008056640625,-1,-1,-1,-1
310,2,665.5499267578125,704.349609375,172.104736328125,466.6712646484375,-1,-1,-1,-1
311,2,662.5642700195312,692.9200439453125,171.98272705078125,461.34423828125,-1,-1,-1,-1
312,2,659.4122924804688,673.55810546875,172.013671875,461.9990234375,-1,-1,-1,-1
313,2,651.5079345703125,657.9833984375,176.56207275390625,476.846435546875,-1,-1,-1,-1
314,2,656.8394165039062,662.6063232421875,171.29290771484375,497.975341796875,-1,-1,-1,-1
315,2,656.2377319335938,655.193359375,164.75335693359375,508.4722900390625,-1,-1,-1,-1
316,2,641.5056762695312,668.8021240234375,162.17120361328125,505.5660400390625,-1,-1,-1,-1
317,2,634.54150390625,650.3334350585938,154.018310546875,493.82586669921875,-1,-1,-1,-1
318,2,628.5436401367188,627.0050048828125,144.75054931640625,485.061279296875,-1,-1,-1,-1
319,2,621.3533325195312,607.6746215820312,143.7320556640625,477.06988525390625,-1,-1,-1,-1
320,2,620.8448486328125,602.0034790039062,143.55731201171875,467.58929443359375,-1,-1,-1,-1
321,2,615.1425170898438,588.2660522460938,140.559814453125,458.26202392578125,-1,-1,-1,-1
322,2,617.7122802734375,576.947265625,140.23443603515625,452.42138671875,-1,-1,-1,-1
323,2,612.0751342773438,565.47998046875,148.18499755859375,449.9039306640625,-1,-1,-1,-1
324,2,606.6688232421875,563.77880859375,156.037841796875,449.79669189453125,-1,-1,-1,-1
325,2,603.1759643554688,577.55029296875,159.33514404296875,448.720458984375,-1,-1,-1,-1
326,2,608.0504760742188,609.5966796875,164.03607177734375,451.81591796875,-1,-1,-1,-1
327,2,620.2315063476562,629.4824829101562,160.5972900390625,454.73126220703125,-1,-1,-1,-1
328,2,647.3734130859375,652.0657958984375,158.38995361328125,454.6651611328125,-1,-1,-1,-1
329,2,672.6704711914062,672.55029296875,156.19622802734375,467.3402099609375,-1,-1,-1,-1
330,2,687.98388671875,685.109130859375,154.5343017578125,475.822509765625,-1,-1,-1,-1
331,2,696.6730346679688,692.3426513671875,161.70550537109375,480.891845703125,-1,-1,-1,-1
332,2,705.7709350585938,698.5143432617188,176.13470458984375,484.28741455078125,-1,-1,-1,-1
333,2,708.31591796875,700.7236938476562,183.56915283203125,490.61883544921875,-1,-1,-1,-1
334,2,705.6881713867188,694.0750122070312,191.9141845703125,491.53497314453125,-1,-1,-1,-1
335,2,701.70556640625,697.40087890625,200.66070556640625,496.3724365234375,-1,-1,-1,-1
336,2,697.207275390625,709.2364501953125,213.15435791015625,501.2017822265625,-1,-1,-1,-1
337,2,687.42919921875,726.3644409179688,211.57122802734375,509.66107177734375,-1,-1,-1,-1
338,2,678.220458984375,736.3472290039062,204.523681640625,519.2787475585938,-1,-1,-1,-1
339,2,684.1741333007812,731.901123046875,195.03472900390625,520.339111328125,-1,-1,-1,-1
340,2,687.8622436523438,722.9622192382812,190.59979248046875,521.1098022460938,-1,-1,-1,-1
341,2,688.9695434570312,718.98388671875,190.38763427734375,519.9608154296875,-1,-1,-1,-1
342,2,687.1095581054688,719.7861328125,204.96929931640625,520.677490234375,-1,-1,-1,-1
343,2,687.5362548828125,718.8570556640625,227.0091552734375,528.9501953125,-1,-1,-1,-1
344,2,673.9033203125,707.9276123046875,229.57977294921875,545.5206298828125,-1,-1,-1,-1
345,2,662.2420654296875,685.0201416015625,217.8140869140625,591.0179443359375,-1,-1,-1,-1
346,2,656.9379272460938,661.551025390625,204.12469482421875,641.9537353515625,-1,-1,-1,-1
347,2,647.0543212890625,650.162109375,200.76519775390625,681.6942138671875,-1,-1,-1,-1
348,2,645.5208740234375,649.6161499023438,203.44085693359375,713.6858520507812,-1,-1,-1,-1
349,2,641.6551513671875,678.7057495117188,211.0478515625,725.0582885742188,-1,-1,-1,-1
350,2,639.756591796875,702.7772216796875,214.7216796875,708.5904541015625,-1,-1,-1,-1
351,2,645.2620849609375,707.0052490234375,213.25836181640625,704.1290283203125,-1,-1,-1,-1
352,2,659.4891967773438,701.2229614257812,209.59014892578125,709.9751586914062,-1,-1,-1,-1
353,2,672.7808837890625,676.909912109375,202.2469482421875,730.59912109375,-1,-1,-1,-1
354,2,681.4883422851562,653.436279296875,196.5009765625,740.747314453125,-1,-1,-1,-1
355,2,675.3764038085938,645.16162109375,197.58038330078125,732.3890380859375,-1,-1,-1,-1
356,2,679.463623046875,651.0982055664062,191.5543212890625,707.7328491210938,-1,-1,-1,-1
357,2,685.8729858398438,665.9364624023438,191.2520751953125,688.1044311523438,-1,-1,-1,-1
358,2,686.36279296875,691.901611328125,196.9630126953125,677.100341796875,-1,-1,-1,-1
359,2,697.5525512695312,705.1806030273438,193.1011962890625,667.4151000976562,-1,-1,-1,-1
360,2,699.908203125,693.29931640625,187.69097900390625,673.85205078125,-1,-1,-1,-1
361,2,698.509033203125,678.179931640625,183.7998046875,692.502685546875,-1,-1,-1,-1
362,2,694.0827026367188,664.2319946289062,187.73736572265625,715.5525512695312,-1,-1,-1,-1
363,2,682.821044921875,648.805419921875,191.9580078125,728.9761962890625,-1,-1,-1,-1
364,2,649.4242553710938,639.3785400390625,199.415771484375,726.4443359375,-1,-1,-1,-1
365,2,637.3020629882812,631.2450561523438,234.9586181640625,734.7223510742188,-1,-1,-1,-1
366,2,683.8892822265625,638.3987426757812,249.10906982421875,737.5726928710938,-1,-1,-1,-1
367,2,655.9281616210938,580.7578125,228.18438720703125,721.498291015625,-1,-1,-1,-1
368,2,643.716064453125,536.15478515625,216.46966552734375,732.990478515625,-1,-1,-1,-1
369,2,655.95751953125,501.66961669921875,214.31744384765625,758.3408813476562,-1,-1,-1,-1
370,2,654.82568359375,500.45550537109375,205.7093505859375,750.5319213867188,-1,-1,-1,-1
371,2,647.6594848632812,528.90869140625,199.28094482421875,702.215087890625,-1,-1,-1,-1
372,2,636.4889526367188,576.4422607421875,202.92205810546875,703.268310546875,-1,-1,-1,-1
373,2,629.162109375,602.185791015625,215.6898193359375,726.5184326171875,-1,-1,-1,-1
374,2,615.64306640625,635.1880493164062,245.57208251953125,760.2164916992188,-1,-1,-1,-1
375,2,594.8803100585938,631.9266357421875,258.16571044921875,774.7657470703125,-1,-1,-1,-1
376,2,594.1289672851562,611.490234375,264.25762939453125,766.6134033203125,-1,-1,-1,-1
377,2,615.1278686523438,607.337890625,264.2742919921875,747.6995849609375,-1,-1,-1,-1
378,2,632.6945190429688,605.962890625,263.628662109375,713.94140625,-1,-1,-1,-1
379,2,622.8173828125,635.8596801757812,280.37646484375,714.5881958007812,-1,-1,-1,-1
380,2,651.7479248046875,659.23486328125,262.3233642578125,718.84130859375,-1,-1,-1,-1
381,2,667.412841796875,663.8334350585938,243.577392578125,703.8145141601562,-1,-1,-1,-1
382,2,687.2718505859375,677.970458984375,211.0052490234375,570.6107177734375,-1,-1,-1,-1
383,2,698.1064453125,670.543701171875,193.38421630859375,603.8758544921875,-1,-1,-1,-1
384,2,688.3580932617188,668.998046875,192.11627197265625,638.93017578125,-1,-1,-1,-1
385,2,676.1702270507812,671.4396362304688,200.2947998046875,626.0870971679688,-1,-1,-1,-1
386,2,673.1520385742188,666.9608154296875,203.96807861328125,610.9815673828125,-1,-1,-1,-1
387,2,663.9956665039062,667.6854858398438,209.8565673828125,600.4229125976562,-1,-1,-1,-1
388,2,663.4610595703125,684.138427734375,204.395751953125,598.0675048828125,-1,-1,-1,-1
389,2,662.875732421875,694.8079223632812,198.05096435546875,572.8499145507812,-1,-1,-1,-1
390,2,659.9368896484375,705.9482421875,184.79351806640625,575.9112548828125,-1,-1,-1,-1
391,2,656.648193359375,695.9918212890625,166.415771484375,566.7415771484375,-1,-1,-1,-1
392,2,655.7808227539062,685.2814331054688,149.65692138671875,551.8539428710938,-1,-1,-1,-1
393,2,655.9158935546875,684.53857421875,154.7213134765625,532.693115234375,-1,-1,-1,-1
394,2,649.5860595703125,691.1163940429688,163.0556640625,515.8317260742188,-1,-1,-1,-1
395,2,645.3701782226562,706.2586669921875,168.65386962890625,506.5054931640625,-1,-1,-1,-1
396,2,647.5004272460938,721.0996704101562,171.6463623046875,505.93096923828125,-1,-1,-1,-1
397,2,658.2824096679688,732.2041015625,171.34991455078125,516.443603515625,-1,-1,-1,-1
398,2,667.1366577148438,726.9812622070312,173.583984375,528.2070922851562,-1,-1,-1,-1
399,2,674.4630737304688,717.81591796875,174.76226806640625,557.304443359375,-1,-1,-1,-1
400,2,673.8682861328125,719.638916015625,183.44281005859375,537.758056640625,-1,-1,-1,-1
401,2,675.0361938476562,690.7996826171875,190.71441650390625,543.0213623046875,-1,-1,-1,-1
402,2,673.6931762695312,680.1723022460938,192.30462646484375,570.7667846679688,-1,-1,-1,-1
403,2,664.527587890625,659.5670166015625,200.7525634765625,548.7911376953125,-1,-1,-1,-1
404,2,674.0323486328125,678.7515258789062,213.106201171875,711.2949829101562,-1,-1,-1,-1
405,2,665.3396606445312,683.7733154296875,237.19976806640625,706.4932861328125,-1,-1,-1,-1
406,2,648.9996337890625,712.8990478515625,265.83990478515625,666.599365234375,-1,-1,-1,-1
407,2,625.8497314453125,711.3961181640625,274.52093505859375,626.648193359375,-1,-1,-1,-1
408,2,635.011474609375,676.7055053710938,242.03753662109375,603.3590698242188,-1,-1,-1,-1
409,2,657.1241455078125,589.233642578125,215.26336669921875,591.1114501953125,-1,-1,-1,-1
410,2,666.7953491210938,522.291015625,203.60736083984375,613.0263671875,-1,-1,-1,-1
411,2,667.2454223632812,499.4203796386719,191.83795166015625,644.145263671875,-1,-1,-1,-1
412,2,667.3231811523438,531.3355712890625,183.91650390625,682.7530517578125,-1,-1,-1,-1
413,2,666.911865234375,540.2017822265625,177.29351806640625,693.57275390625,-1,-1,-1,-1
414,2,675.7678833007812,525.2280883789062,178.12542724609375,662.3627319335938,-1,-1,-1,-1
415,2,682.1883544921875,554.284423828125,179.46124267578125,619.4007568359375,-1,-1,-1,-1
416,2,673.5282592773438,587.5079345703125,186.1680908203125,583.534912109375,-1,-1,-1,-1
417,2,671.3724365234375,606.306884765625,190.752685546875,570.4342041015625,-1,-1,-1,-1
418,2,674.9412841796875,616.4693603515625,195.8355712890625,575.783203125,-1,-1,-1,-1
419,2,673.4385375976562,629.5629272460938,202.39337158203125,587.2024536132812,-1,-1,-1,-1
420,2,680.544189453125,637.76953125,195.521728515625,611.591064453125,-1,-1,-1,-1
421,2,682.3329467773438,644.1690673828125,196.63043212890625,654.017578125,-1,-1,-1,-1
422,2,682.7246704101562,672.3444213867188,191.04254150390625,682.4197387695312,-1,-1,-1,-1
423,2,676.1614990234375,691.5725708007812,188.08026123046875,683.1840209960938,-1,-1,-1,-1
424,2,671.0006103515625,702.2154541015625,199.76690673828125,590.4981689453125,-1,-1,-1,-1
425,2,671.0646362304688,720.9268798828125,206.1490478515625,657.76513671875,-1,-1,-1,-1
426,2,665.7261962890625,713.1748046875,208.4852294921875,648.7860107421875,-1,-1,-1,-1
427,2,670.5968627929688,707.075439453125,201.1510009765625,650.895751953125,-1,-1,-1,-1
428,2,670.4940185546875,724.2627563476562,198.812255859375,654.1381225585938,-1,-1,-1,-1
429,2,669.3648071289062,749.4404907226562,204.0040283203125,637.1627807617188,-1,-1,-1,-1
430,2,671.3656616210938,769.5755004882812,199.51116943359375,613.0170288085938,-1,-1,-1,-1
431,2,679.8867797851562,761.24267578125,181.58489990234375,593.56787109375,-1,-1,-1,-1
432,2,687.3667602539062,734.6952514648438,164.92547607421875,571.7705688476562,-1,-1,-1,-1
433,2,686.19775390625,713.0701293945312,152.52728271484375,544.9790649414062,-1,-1,-1,-1
434,2,684.1586303710938,692.23486328125,143.71051025390625,508.803466796875,-1,-1,-1,-1
435,2,676.1747436523438,682.3848876953125,141.7369384765625,474.7086181640625,-1,-1,-1,-1
436,2,672.6494140625,684.1918334960938,142.6746826171875,454.15240478515625,-1,-1,-1,-1
437,2,668.1790771484375,697.75634765625,149.00341796875,446.6116943359375,-1,-1,-1,-1
438,2,665.0025634765625,718.5731811523438,150.79376220703125,445.96319580078125,-1,-1,-1,-1
439,2,662.7582397460938,722.56298828125,153.7025146484375,447.766845703125,-1,-1,-1,-1
440,2,675.47607421875,718.9854125976562,150.336181640625,463.59539794921875,-1,-1,-1,-1
441,2,683.3765258789062,705.440673828125,149.04083251953125,494.00732421875,-1,-1,-1,-1
442,2,683.9617309570312,696.2208862304688,154.34271240234375,526.4215698242188,-1,-1,-1,-1
443,2,681.8588256835938,693.3959350585938,158.34552001953125,547.4168090820312,-1,-1,-1,-1
444,2,679.28369140625,702.462646484375,164.2149658203125,562.3074951171875,-1,-1,-1,-1
445,2,675.5130615234375,714.3935546875,167.58123779296875,589.22119140625,-1,-1,-1,-1
446,2,677.879638671875,724.3121948242188,173.46734619140625,600.0580444335938,-1,-1,-1,-1
447,2,684.9923095703125,738.123291015625,172.3917236328125,622.063232421875,-1,-1,-1,-1
448,2,689.558837890625,712.9906616210938,179.0355224609375,635.8508911132812,-1,-1,-1,-1
449,2,700.2499389648438,682.8736572265625,182.23846435546875,656.014892578125,-1,-1,-1,-1
450,2,703.1310424804688,643.4098510742188,186.64263916015625,678.3709106445312,-1,-1,-1,-1
451,2,696.8001098632812,602.6340942382812,192.8358154296875,700.3939819335938,-1,-1,-1,-1
452,2,697.3269653320312,572.9275512695312,200.979248046875,736.4102172851562,-1,-1,-1,-1
453,2,663.1064453125,447.14556884765625,422.843505859375,957.4923706054688,-1,-1,-1,-1
454,2,679.0006103515625,512.5935363769531,260.61962890625,762.3995361328125,-1,-1,-1,-1
455,2,724.6268920898438,471.0804748535156,232.38153076171875,783.552978515625,-1,-1,-1,-1
456,2,729.5580444335938,428.22906494140625,224.77423095703125,808.9628295898438,-1,-1,-1,-1
457,2,730.018798828125,402.0884704589844,223.07275390625,833.4400634765625,-1,-1,-1,-1
458,2,739.8079833984375,403.5922546386719,219.897705078125,844.6888427734375,-1,-1,-1,-1
459,2,732.1206665039062,448.0959167480469,214.33697509765625,805.9310302734375,-1,-1,-1,-1
460,2,718.4296875,504.8139343261719,210.223876953125,745.35205078125,-1,-1,-1,-1
461,2,704.8260498046875,556.6436767578125,202.51202392578125,693.8912353515625,-1,-1,-1,-1
462,2,692.2833251953125,581.6045532226562,197.1417236328125,668.5466918945312,-1,-1,-1,-1
463,2,687.621337890625,577.0548095703125,191.50714111328125,578.1561279296875,-1,-1,-1,-1
464,2,682.0052490234375,571.9406127929688,191.67266845703125,664.4331665039062,-1,-1,-1,-1
465,2,678.6144409179688,558.9911499023438,192.81573486328125,691.5335083007812,-1,-1,-1,-1
466,2,677.8057861328125,549.9052734375,195.3953857421875,733.5347900390625,-1,-1,-1,-1
467,2,679.4505004882812,554.3826904296875,198.04229736328125,774.291015625,-1,-1,-1,-1
468,2,671.9052734375,564.7583618164062,204.1572265625,791.3023071289062,-1,-1,-1,-1
469,2,653.8079223632812,581.8818359375,217.11468505859375,799.5374755859375,-1,-1,-1,-1
470,2,657.6226806640625,613.4445190429688,246.5457763671875,797.0038452148438,-1,-1,-1,-1
471,2,628.1593627929688,648.0218505859375,273.25201416015625,762.03955078125,-1,-1,-1,-1
472,2,630.3176879882812,651.9984130859375,376.28656005859375,758.0972900390625,-1,-1,-1,-1
473,2,680.8932495117188,597.9067993164062,505.13653564453125,808.9165649414062,-1,-1,-1,-1
474,2,614.3287353515625,515.4283447265625,375.6185302734375,688.8548583984375,-1,-1,-1,-1
475,2,625.05712890625,523.1971435546875,311.4210205078125,829.75146484375,-1,-1,-1,-1
476,2,677.0833740234375,594.3422241210938,305.57208251953125,815.3524780273438,-1,-1,-1,-1
477,2,682.8480224609375,658.1347045898438,282.79339599609375,751.6884155273438,-1,-1,-1,-1
478,2,698.953125,685.0924072265625,287.03912353515625,723.8590087890625,-1,-1,-1,-1
479,2,682.5775146484375,663.0880126953125,298.3072509765625,746.9862060546875,-1,-1,-1,-1
480,2,671.5956420898438,653.2947387695312,262.19561767578125,733.5112915039062,-1,-1,-1,-1
481,2,672.3909912109375,673.4019775390625,221.69439697265625,690.966552734375,-1,-1,-1,-1
482,2,682.7006225585938,696.4686279296875,185.34332275390625,637.795166015625,-1,-1,-1,-1
483,2,693.2911376953125,708.4339599609375,175.85321044921875,572.5992431640625,-1,-1,-1,-1
484,2,705.31494140625,705.0308227539062,165.2349853515625,531.9151000976562,-1,-1,-1,-1
485,2,705.528564453125,709.3351440429688,165.1822509765625,511.03045654296875,-1,-1,-1,-1
486,2,702.6073608398438,709.713623046875,160.34893798828125,504.3905029296875,-1,-1,-1,-1
487,2,699.4998168945312,675.820068359375,158.8729248046875,495.628662109375,-1,-1,-1,-1
488,2,691.4891357421875,654.9417724609375,152.60528564453125,504.6524658203125,-1,-1,-1,-1
489,2,680.31884765625,639.5840454101562,151.49591064453125,520.2804565429688,-1,-1,-1,-1
490,2,681.5069580078125,632.0845336914062,149.44976806640625,515.2306518554688,-1,-1,-1,-1
491,2,678.9673461914062,633.1455688476562,152.71942138671875,506.90362548828125,-1,-1,-1,-1
492,2,683.86181640625,657.4034423828125,148.7633056640625,503.0430908203125,-1,-1,-1,-1
493,2,690.6334838867188,674.3059692382812,154.12939453125,495.08416748046875,-1,-1,-1,-1
494,2,691.38623046875,672.9456787109375,157.6507568359375,490.33935546875,-1,-1,-1,-1
495,2,694.4039306640625,677.4588623046875,168.66943359375,490.2161865234375,-1,-1,-1,-1
496,2,693.4805297851562,686.9677124023438,161.982421875,491.94915771484375,-1,-1,-1,-1
497,2,689.6959838867188,684.5991821289062,154.22003173828125,496.52301025390625,-1,-1,-1,-1
498,2,690.5005493164062,672.9967041015625,144.6019287109375,499.4013671875,-1,-1,-1,-1
499,2,692.7838134765625,661.9381103515625,136.7357177734375,504.0306396484375,-1,-1,-1,-1
500,2,686.6427001953125,667.9293212890625,138.75006103515625,510.4537353515625,-1,-1,-1,-1
501,2,685.211181640625,674.5197143554688,143.0859375,511.13922119140625,-1,-1,-1,-1
502,2,686.361328125,675.706787109375,153.86187744140625,510.6229248046875,-1,-1,-1,-1
503,2,687.3372802734375,692.2257080078125,155.14361572265625,513.191162109375,-1,-1,-1,-1
504,2,687.9768676757812,705.0147094726562,154.64654541015625,518.8937377929688,-1,-1,-1,-1
505,2,682.693359375,716.0248413085938,161.28668212890625,525.1253051757812,-1,-1,-1,-1
506,2,682.1378784179688,711.9253540039062,174.02239990234375,514.0604858398438,-1,-1,-1,-1
507,2,685.7706298828125,689.2868041992188,180.993408203125,534.1581420898438,-1,-1,-1,-1
508,2,690.1100463867188,659.5446166992188,196.8970947265625,591.3162231445312,-1,-1,-1,-1
509,2,697.9929809570312,639.2877197265625,202.595458984375,555.2454833984375,-1,-1,-1,-1
510,2,697.4569091796875,639.2125854492188,220.6424560546875,532.8115844726562,-1,-1,-1,-1
511,2,690.293212890625,658.7063598632812,233.51116943359375,745.4253540039062,-1,-1,-1,-1
512,2,693.7072143554688,677.860595703125,247.83074951171875,730.2353515625,-1,-1,-1,-1
513,2,670.9528198242188,662.0706787109375,252.36468505859375,732.3980712890625,-1,-1,-1,-1
514,2,658.3492431640625,613.9934692382812,231.725341796875,732.8640747070312,-1,-1,-1,-1
515,2,655.2332153320312,550.0488891601562,217.10357666015625,640.2046508789062,-1,-1,-1,-1
516,2,666.33154296875,526.607666015625,208.30419921875,552.931640625,-1,-1,-1,-1
517,2,670.9134521484375,492.1868896484375,181.73748779296875,503.8262939453125,-1,-1,-1,-1
518,2,675.5426025390625,470.23956298828125,177.64666748046875,483.772216796875,-1,-1,-1,-1
519,2,487.4925537109375,539.6791381835938,92.33941650390625,304.34539794921875,-1,-1,-1,-1
520,2,495.5362854003906,613.0594482421875,51.798370361328125,111.08612060546875,-1,-1,-1,-1
521,2,491.940673828125,634.6199340820312,54.738525390625,115.47235107421875,-1,-1,-1,-1
522,2,486.2566223144531,638.6363525390625,51.094573974609375,109.80450439453125,-1,-1,-1,-1
523,2,486.3995056152344,646.5260009765625,48.231048583984375,103.35845947265625,-1,-1,-1,-1
524,2,485.6690673828125,651.31005859375,49.43701171875,110.23626708984375,-1,-1,-1,-1
525,2,487.87982177734375,663.5282592773438,51.27008056640625,105.7841796875,-1,-1,-1,-1
526,2,501.3196105957031,677.9208984375,49.136749267578125,108.18353271484375,-1,-1,-1,-1
527,2,504.9616394042969,675.4025268554688,49.107696533203125,113.16241455078125,-1,-1,-1,-1
528,2,510.9436340332031,685.8170166015625,49.450286865234375,112.2728271484375,-1,-1,-1,-1
529,2,517.3971557617188,678.8563842773438,50.31561279296875,107.672607421875,-1,-1,-1,-1
530,2,515.4298706054688,665.0015258789062,49.64239501953125,99.89471435546875,-1,-1,-1,-1
531,2,511.94927978515625,663.8609619140625,52.6441650390625,105.870849609375,-1,-1,-1,-1
532,2,510.4915466308594,678.9271850585938,51.706756591796875,103.65704345703125,-1,-1,-1,-1
533,2,525.7314453125,688.3292846679688,53.5040283203125,94.84869384765625,-1,-1,-1,-1
534,2,525.7540283203125,699.1761474609375,52.66986083984375,87.42388916015625,-1,-1,-1,-1
535,2,534.6666259765625,694.0855712890625,53.16937255859375,110.9420166015625,-1,-1,-1,-1
536,2,506.849365234375,702.5340576171875,52.565673828125,97.517822265625,-1,-1,-1,-1
537,2,490.9776611328125,667.833740234375,52.08319091796875,95.093505859375,-1,-1,-1,-1
538,2,480.329345703125,665.7970581054688,52.5052490234375,100.2489013671875,-1,-1,-1,-1
539,2,468.76129150390625,672.064697265625,53.4256591796875,97.9473876953125,-1,-1,-1,-1
540,2,606.763671875,814.1715087890625,137.65911865234375,138.9315185546875,-1,-1,-1,-1
541,2,504.1478271484375,686.678466796875,313.0396728515625,604.14599609375,-1,-1,-1,-1
542,2,589.9976806640625,524.5696411132812,369.39959716796875,861.0202026367188,-1,-1,-1,-1
103,3,811.1236572265625,591.0044555664062,38.76031494140625,89.5389404296875,-1,-1,-1,-1
104,3,824.0657348632812,603.1575317382812,40.01177978515625,96.95562744140625,-1,-1,-1,-1
105,3,841.2908325195312,616.1129150390625,37.6644287109375,94.14306640625,-1,-1,-1,-1
106,3,851.002685546875,624.9407958984375,40.0267333984375,102.31146240234375,-1,-1,-1,-1
107,3,855.48388671875,623.3336791992188,43.40576171875,97.77569580078125,-1,-1,-1,-1
108,3,843.2681274414062,620.7728271484375,40.4649658203125,95.1214599609375,-1,-1,-1,-1
109,4,456.0341491699219,955.8876342773438,657.893310546875,453.71295166015625,-1,-1,-1,-1
110,4,399.89166259765625,840.31591796875,654.1727905273438,569.0697021484375,-1,-1,-1,-1
111,4,359.9760437011719,758.8046875,612.29296875,650.3944091796875,-1,-1,-1,-1
112,4,380.85894775390625,805.6627807617188,553.4183349609375,603.2919311523438,-1,-1,-1,-1
113,4,446.3550720214844,998.4398193359375,516.9329833984375,410.523193359375,-1,-1,-1,-1
114,4,485.7840881347656,1102.5511474609375,516.736328125,313.0760498046875,-1,-1,-1,-1
126,5,624.0607299804688,728.858642578125,34.59942626953125,65.31732177734375,-1,-1,-1,-1
127,5,622.7965698242188,728.753173828125,32.246826171875,60.884521484375,-1,-1,-1,-1
128,5,618.7464599609375,726.8505859375,33.36468505859375,63.45257568359375,-1,-1,-1,-1
129,5,603.0283203125,726.7662963867188,36.8804931640625,74.55560302734375,-1,-1,-1,-1
130,5,590.5682373046875,721.5787353515625,31.8148193359375,60.66375732421875,-1,-1,-1,-1
131,5,580.768310546875,717.0200805664062,31.3511962890625,53.73492431640625,-1,-1,-1,-1
132,5,571.5848388671875,721.9699096679688,23.4552001953125,49.1837158203125,-1,-1,-1,-1
133,5,567.0325927734375,706.561279296875,25.7711181640625,49.2734375,-1,-1,-1,-1
134,5,566.9715576171875,703.1067504882812,29.8883056640625,54.71649169921875,-1,-1,-1,-1
135,5,566.3788452148438,701.5311279296875,31.71929931640625,58.77374267578125,-1,-1,-1,-1
136,5,567.011962890625,687.8673706054688,32.0057373046875,62.51483154296875,-1,-1,-1,-1
137,5,578.6892700195312,671.1633911132812,32.22528076171875,60.96942138671875,-1,-1,-1,-1
138,5,588.214599609375,652.0354614257812,35.20947265625,70.50018310546875,-1,-1,-1,-1
139,5,593.4421997070312,640.248046875,30.30389404296875,69.071044921875,-1,-1,-1,-1
140,5,608.0490112304688,628.28466796875,31.36016845703125,67.802490234375,-1,-1,-1,-1
141,5,614.65966796875,618.505615234375,32.2508544921875,73.49664306640625,-1,-1,-1,-1
142,5,628.2368774414062,602.71240234375,32.51348876953125,71.82891845703125,-1,-1,-1,-1
143,5,653.3829345703125,565.348388671875,31.607666015625,64.9964599609375,-1,-1,-1,-1
144,5,679.469482421875,556.2616577148438,29.1103515625,62.59796142578125,-1,-1,-1,-1
145,5,690.8775634765625,649.9354858398438,49.40228271484375,84.14532470703125,-1,-1,-1,-1
131,6,625.2227783203125,795.1619262695312,36.9473876953125,93.13104248046875,-1,-1,-1,-1
132,6,616.4456787109375,798.7284545898438,40.15673828125,95.8387451171875,-1,-1,-1,-1
133,6,606.7757568359375,783.704345703125,42.73712158203125,101.0675048828125,-1,-1,-1,-1
134,6,602.8851318359375,780.5889282226562,42.8310546875,95.29827880859375,-1,-1,-1,-1
135,6,602.453369140625,778.2771606445312,40.00933837890625,93.4759521484375,-1,-1,-1,-1
136,6,603.2634887695312,768.1483764648438,38.09027099609375,96.49066162109375,-1,-1,-1,-1
137,6,604.877197265625,748.3765258789062,44.49688720703125,97.59259033203125,-1,-1,-1,-1
138,6,613.6517944335938,732.2028198242188,40.7615966796875,94.43524169921875,-1,-1,-1,-1
139,6,620.4979248046875,718.721435546875,42.49859619140625,106.49066162109375,-1,-1,-1,-1
140,6,631.8989868164062,707.18701171875,40.40887451171875,97.51605224609375,-1,-1,-1,-1
141,6,638.445068359375,696.0582885742188,42.60791015625,101.8597412109375,-1,-1,-1,-1
142,6,646.3199462890625,680.2999267578125,46.5069580078125,110.98004150390625,-1,-1,-1,-1
143,6,670.8296508789062,644.3421020507812,40.49627685546875,89.3787841796875,-1,-1,-1,-1
144,6,685.7357788085938,639.3986206054688,46.81829833984375,88.48321533203125,-1,-1,-1,-1
145,6,689.9244995117188,649.8040771484375,55.80499267578125,88.520263671875,-1,-1,-1,-1
146,6,681.5680541992188,582.8388671875,65.71685791015625,118.68975830078125,-1,-1,-1,-1
147,6,844.9469604492188,557.22265625,64.10345458984375,137.13916015625,-1,-1,-1,-1
152,6,807.2883911132812,500.275634765625,90.7711181640625,151.88812255859375,-1,-1,-1,-1
136,7,635.1195678710938,680.612548828125,26.8175048828125,60.729248046875,-1,-1,-1,-1
137,7,640.8901977539062,657.8526000976562,27.01849365234375,61.46685791015625,-1,-1,-1,-1
138,7,653.6246337890625,641.1849365234375,26.7611083984375,65.823974609375,-1,-1,-1,-1
139,7,667.1378173828125,628.2039184570312,27.21246337890625,65.5303955078125,-1,-1,-1,-1
140,7,678.9576416015625,616.84765625,29.15985107421875,72.93829345703125,-1,-1,-1,-1
141,7,688.22705078125,607.6990966796875,26.79345703125,69.01251220703125,-1,-1,-1,-1
142,7,701.556640625,592.5298461914062,28.378662109375,67.2628173828125,-1,-1,-1,-1
143,7,727.6419067382812,556.6930541992188,28.36724853515625,66.828369140625,-1,-1,-1,-1
144,7,753.8684692382812,552.279052734375,28.330322265625,63.7420654296875,-1,-1,-1,-1
145,7,777.89111328125,571.9418334960938,26.5032958984375,67.16815185546875,-1,-1,-1,-1
146,7,742.08154296875,616.8985595703125,61.5286865234375,96.38824462890625,-1,-1,-1,-1
147,7,844.6257934570312,576.517578125,60.026123046875,114.341064453125,-1,-1,-1,-1
152,7,792.743896484375,495.2535095214844,103.9049072265625,173.22976684570312,-1,-1,-1,-1
169,8,790.3526611328125,603.09716796875,25.570556640625,60.78204345703125,-1,-1,-1,-1
170,8,759.9150390625,590.2411499023438,26.78948974609375,62.86614990234375,-1,-1,-1,-1
171,8,737.7756958007812,582.9900512695312,24.79156494140625,61.4888916015625,-1,-1,-1,-1
172,8,707.2445068359375,586.8156127929688,26.9007568359375,57.6546630859375,-1,-1,-1,-1
173,8,698.8739013671875,599.0901489257812,21.3460693359375,41.9989013671875,-1,-1,-1,-1
174,8,678.6448364257812,630.7254638671875,28.998046875,61.41461181640625,-1,-1,-1,-1
175,8,666.2844848632812,643.1113891601562,26.58721923828125,61.74346923828125,-1,-1,-1,-1
176,8,677.6897583007812,657.9717407226562,28.0443115234375,67.6085205078125,-1,-1,-1,-1
177,8,700.0135498046875,651.4506225585938,22.54559326171875,56.91314697265625,-1,-1,-1,-1
178,8,682.344482421875,640.4313354492188,31.6781005859375,68.4462890625,-1,-1,-1,-1
179,8,689.9699096679688,617.497314453125,32.60589599609375,65.83721923828125,-1,-1,-1,-1
180,8,697.4689331054688,595.580810546875,30.8441162109375,67.5499267578125,-1,-1,-1,-1
181,8,707.3023681640625,581.8280029296875,29.14300537109375,64.581787109375,-1,-1,-1,-1
182,8,720.1375122070312,579.3762817382812,28.96893310546875,63.2113037109375,-1,-1,-1,-1
183,8,742.4887084960938,585.9573974609375,24.71124267578125,56.21875,-1,-1,-1,-1
184,8,757.4312744140625,587.475830078125,26.20721435546875,54.031494140625,-1,-1,-1,-1
169,9,766.3871459960938,597.0870361328125,28.681640625,68.6251220703125,-1,-1,-1,-1
170,9,735.936767578125,587.3531494140625,30.77984619140625,67.268798828125,-1,-1,-1,-1
171,9,712.441650390625,580.3010864257812,29.3677978515625,66.75140380859375,-1,-1,-1,-1
172,9,684.0531616210938,584.4166870117188,28.39947509765625,66.18243408203125,-1,-1,-1,-1
173,9,674.5433959960938,597.2587280273438,23.90899658203125,46.6170654296875,-1,-1,-1,-1
174,9,656.9844360351562,628.0003662109375,27.37713623046875,64.57318115234375,-1,-1,-1,-1
175,9,643.9537963867188,642.0464477539062,26.488525390625,63.63348388671875,-1,-1,-1,-1
176,9,654.2695922851562,655.461669921875,28.43768310546875,69.80865478515625,-1,-1,-1,-1
177,9,674.2451782226562,648.9730834960938,27.07281494140625,60.22308349609375,-1,-1,-1,-1
174,10,605.8860473632812,722.5961303710938,50.62371826171875,105.22186279296875,-1,-1,-1,-1
175,10,590.3037109375,738.176513671875,53.575927734375,102.8359375,-1,-1,-1,-1
176,10,599.354248046875,753.801025390625,49.3355712890625,108.00726318359375,-1,-1,-1,-1
177,10,613.231689453125,746.8153076171875,48.790283203125,104.81805419921875,-1,-1,-1,-1
178,10,619.5828857421875,736.525634765625,46.48486328125,108.0982666015625,-1,-1,-1,-1
179,10,623.0492553710938,716.7584228515625,45.46038818359375,107.10614013671875,-1,-1,-1,-1
180,10,630.1494140625,694.9111328125,45.962158203125,103.88348388671875,-1,-1,-1,-1
181,10,633.5889892578125,683.2888793945312,43.95220947265625,101.02532958984375,-1,-1,-1,-1
182,10,642.9761352539062,681.0545043945312,42.16717529296875,96.366455078125,-1,-1,-1,-1
183,10,657.0628051757812,685.6982421875,41.064453125,95.47149658203125,-1,-1,-1,-1
184,10,667.32421875,687.0927734375,44.94879150390625,106.9923095703125,-1,-1,-1,-1
185,10,669.8619384765625,701.4978637695312,62.0579833984375,145.504150390625,-1,-1,-1,-1
186,10,680.4998168945312,676.7600708007812,81.90155029296875,204.88720703125,-1,-1,-1,-1
187,10,691.0980834960938,728.3009643554688,49.01312255859375,124.87890625,-1,-1,-1,-1
188,10,687.4142456054688,730.9505004882812,46.6492919921875,118.79736328125,-1,-1,-1,-1
189,10,686.8203125,729.3073120117188,39.94073486328125,103.40679931640625,-1,-1,-1,-1
190,10,676.947998046875,721.5349731445312,41.12310791015625,102.472900390625,-1,-1,-1,-1
191,10,670.938232421875,713.0065307617188,46.3521728515625,112.2528076171875,-1,-1,-1,-1
192,10,670.6387939453125,715.3805541992188,48.6553955078125,111.22930908203125,-1,-1,-1,-1
193,10,670.446533203125,718.026611328125,45.264892578125,108.86614990234375,-1,-1,-1,-1
194,10,662.2410888671875,730.4658813476562,46.2689208984375,114.21307373046875,-1,-1,-1,-1
195,10,642.0545043945312,735.7626953125,52.4564208984375,107.36395263671875,-1,-1,-1,-1
196,10,629.2901000976562,745.5137939453125,61.846923828125,107.00042724609375,-1,-1,-1,-1
197,10,618.6810302734375,736.401611328125,53.932861328125,104.33343505859375,-1,-1,-1,-1
198,10,613.4139404296875,722.3829345703125,55.7276611328125,105.55426025390625,-1,-1,-1,-1
199,10,602.8432006835938,702.8739624023438,53.50946044921875,103.22705078125,-1,-1,-1,-1
200,10,594.8619995117188,688.00146484375,54.62774658203125,108.17822265625,-1,-1,-1,-1
201,10,584.1982421875,684.343505859375,52.2852783203125,95.72344970703125,-1,-1,-1,-1
202,10,567.832763671875,680.1282958984375,61.5784912109375,102.53131103515625,-1,-1,-1,-1
203,10,554.677001953125,685.3603515625,56.89788818359375,100.04595947265625,-1,-1,-1,-1
204,10,547.7857666015625,694.6611328125,64.08514404296875,102.6962890625,-1,-1,-1,-1
205,10,540.0393676757812,691.3997802734375,59.18231201171875,98.8868408203125,-1,-1,-1,-1
206,10,520.426025390625,699.1594848632812,61.824462890625,100.77288818359375,-1,-1,-1,-1
207,10,515.76513671875,710.062255859375,55.69024658203125,104.735107421875,-1,-1,-1,-1
208,10,519.1578369140625,713.7078857421875,54.92791748046875,111.392578125,-1,-1,-1,-1
209,10,528.5573120117188,706.1082153320312,50.582763671875,100.56396484375,-1,-1,-1,-1
210,10,525.7501220703125,711.5099487304688,48.11627197265625,99.57147216796875,-1,-1,-1,-1
211,10,517.1348266601562,705.6065673828125,46.33428955078125,100.18853759765625,-1,-1,-1,-1
212,10,512.4046630859375,691.3833618164062,45.57476806640625,95.5487060546875,-1,-1,-1,-1
213,10,506.717041015625,673.5313720703125,45.0380859375,103.004150390625,-1,-1,-1,-1
214,10,505.8384704589844,662.7300415039062,43.126068115234375,96.244140625,-1,-1,-1,-1
215,10,507.5330810546875,657.1973266601562,43.42242431640625,98.61907958984375,-1,-1,-1,-1
216,10,506.3038024902344,656.2520751953125,47.073516845703125,102.1690673828125,-1,-1,-1,-1
217,10,506.5635986328125,657.4577026367188,44.3280029296875,98.68035888671875,-1,-1,-1,-1
218,10,512.7328796386719,655.380859375,48.657501220703125,99.04486083984375,-1,-1,-1,-1
219,10,514.8470458984375,665.2158813476562,46.62347412109375,93.59918212890625,-1,-1,-1,-1
220,10,507.7904052734375,687.0460205078125,45.55999755859375,86.2996826171875,-1,-1,-1,-1
221,10,494.17486572265625,691.73095703125,43.5616455078125,90.30517578125,-1,-1,-1,-1
222,10,486.6684265136719,694.942138671875,41.695098876953125,82.20025634765625,-1,-1,-1,-1
223,10,481.5632629394531,687.5591430664062,43.594268798828125,83.6070556640625,-1,-1,-1,-1
224,10,477.5915832519531,685.7905883789062,48.201019287109375,89.55767822265625,-1,-1,-1,-1
225,10,482.1278991699219,677.0055541992188,39.686309814453125,82.958251953125,-1,-1,-1,-1
226,10,481.8878173828125,674.4122314453125,43.9913330078125,94.13909912109375,-1,-1,-1,-1
227,10,491.26300048828125,690.8504638671875,42.4639892578125,87.505859375,-1,-1,-1,-1
228,10,494.0413513183594,702.8812866210938,43.384674072265625,88.7471923828125,-1,-1,-1,-1
229,10,496.16558837890625,701.9282836914062,42.00311279296875,88.44427490234375,-1,-1,-1,-1
230,10,509.76043701171875,713.2128295898438,44.4134521484375,83.5894775390625,-1,-1,-1,-1
231,10,503.6787414550781,711.2784423828125,45.302703857421875,90.698486328125,-1,-1,-1,-1
232,10,502.2303771972656,717.0612182617188,46.195587158203125,90.012451171875,-1,-1,-1,-1
233,10,499.37860107421875,717.7172241210938,44.10546875,80.1541748046875,-1,-1,-1,-1
234,10,493.6483154296875,708.4261474609375,42.3095703125,81.87139892578125,-1,-1,-1,-1
235,10,484.4873046875,703.982421875,41.7564697265625,80.2159423828125,-1,-1,-1,-1
236,10,481.3569641113281,705.7217407226562,40.261688232421875,78.1710205078125,-1,-1,-1,-1
237,10,483.5760192871094,707.0838012695312,39.954315185546875,81.41802978515625,-1,-1,-1,-1
238,10,494.35211181640625,713.80078125,43.481689453125,81.61322021484375,-1,-1,-1,-1
239,10,500.76971435546875,721.0072631835938,43.5255126953125,84.13433837890625,-1,-1,-1,-1
240,10,496.3810119628906,718.9525756835938,42.425750732421875,87.4862060546875,-1,-1,-1,-1
241,10,494.28955078125,712.2699584960938,48.14117431640625,92.72467041015625,-1,-1,-1,-1
242,10,490.55596923828125,715.444580078125,44.49053955078125,88.9036865234375,-1,-1,-1,-1
243,10,486.5803527832031,707.3438110351562,44.742523193359375,90.46612548828125,-1,-1,-1,-1
244,10,517.2650146484375,707.0106201171875,45.01788330078125,90.49737548828125,-1,-1,-1,-1
245,10,508.87896728515625,735.8425903320312,48.322021484375,94.31488037109375,-1,-1,-1,-1
246,10,476.06341552734375,732.4814453125,46.99786376953125,91.00323486328125,-1,-1,-1,-1
247,10,437.47882080078125,727.2061767578125,54.59033203125,99.53173828125,-1,-1,-1,-1
248,10,408.10443115234375,724.0798950195312,55.342987060546875,108.38995361328125,-1,-1,-1,-1
249,10,416.1806640625,736.155029296875,49.337158203125,93.3314208984375,-1,-1,-1,-1
250,10,407.7731018066406,721.6918334960938,50.900665283203125,104.9296875,-1,-1,-1,-1
251,10,398.26507568359375,688.2260131835938,50.78765869140625,95.50482177734375,-1,-1,-1,-1
252,10,404.5066833496094,672.3849487304688,46.4700927734375,90.88427734375,-1,-1,-1,-1
253,10,402.161376953125,664.9713745117188,50.387542724609375,102.81903076171875,-1,-1,-1,-1
254,10,397.9419250488281,651.2059936523438,53.298583984375,110.793212890625,-1,-1,-1,-1
255,10,402.3564453125,664.47509765625,50.04168701171875,103.3905029296875,-1,-1,-1,-1
256,10,408.4774475097656,682.4778442382812,51.71368408203125,98.70098876953125,-1,-1,-1,-1
257,10,412.75360107421875,699.9196166992188,49.149169921875,91.45574951171875,-1,-1,-1,-1
258,10,417.7228088378906,718.2122802734375,48.390594482421875,86.4539794921875,-1,-1,-1,-1
259,10,421.18927001953125,721.6100463867188,49.965667724609375,92.72198486328125,-1,-1,-1,-1
260,10,415.953369140625,708.8860473632812,48.67852783203125,92.83868408203125,-1,-1,-1,-1
261,10,421.55078125,690.5800170898438,49.3035888671875,82.0721435546875,-1,-1,-1,-1
262,10,431.2594909667969,681.6471557617188,52.860595703125,92.35272216796875,-1,-1,-1,-1
263,10,431.0753173828125,664.1651611328125,49.442047119140625,86.07427978515625,-1,-1,-1,-1
264,10,448.14971923828125,661.699951171875,51.11676025390625,84.53887939453125,-1,-1,-1,-1
265,10,447.57470703125,678.1998291015625,56.02435302734375,96.1197509765625,-1,-1,-1,-1
266,10,443.37176513671875,693.318603515625,48.465179443359375,85.71221923828125,-1,-1,-1,-1
267,10,432.08453369140625,694.160888671875,49.834808349609375,87.49810791015625,-1,-1,-1,-1
268,10,429.6927490234375,710.6719360351562,53.512603759765625,87.70758056640625,-1,-1,-1,-1
269,10,434.32757568359375,707.8409423828125,50.2774658203125,88.89544677734375,-1,-1,-1,-1
270,10,445.01171875,701.6870727539062,51.634124755859375,83.5697021484375,-1,-1,-1,-1
271,10,449.89495849609375,703.1730346679688,53.047393798828125,90.65557861328125,-1,-1,-1,-1
272,10,460.5182189941406,707.0855712890625,48.667694091796875,84.20465087890625,-1,-1,-1,-1
273,10,465.3966064453125,723.0609130859375,48.260406494140625,95.658447265625,-1,-1,-1,-1
274,10,470.544189453125,731.97705078125,49.07232666015625,90.3924560546875,-1,-1,-1,-1
275,10,465.0518798828125,737.0658569335938,49.37603759765625,84.0894775390625,-1,-1,-1,-1
276,10,456.8947448730469,739.680908203125,55.3154296875,86.58856201171875,-1,-1,-1,-1
277,10,452.6439514160156,740.4993286132812,52.637115478515625,87.7646484375,-1,-1,-1,-1
278,10,447.9156188964844,718.3093872070312,51.095184326171875,94.23345947265625,-1,-1,-1,-1
279,10,463.85430908203125,704.9270629882812,49.118438720703125,83.13580322265625,-1,-1,-1,-1
280,10,478.33929443359375,701.4362182617188,46.7843017578125,84.58819580078125,-1,-1,-1,-1
281,10,507.66552734375,703.23583984375,44.9129638671875,83.7823486328125,-1,-1,-1,-1
282,10,531.7500610351562,705.0657958984375,44.5460205078125,83.40484619140625,-1,-1,-1,-1
283,10,525.355712890625,694.0939331054688,49.00396728515625,90.32647705078125,-1,-1,-1,-1
284,10,489.8786315917969,657.4703369140625,53.279693603515625,87.56011962890625,-1,-1,-1,-1
285,10,472.8207092285156,602.62255859375,56.472381591796875,96.6654052734375,-1,-1,-1,-1
286,10,454.6783447265625,563.0419311523438,56.95367431640625,98.54803466796875,-1,-1,-1,-1
287,10,462.9556579589844,490.0186462402344,57.634979248046875,104.67495727539062,-1,-1,-1,-1
288,10,481.719970703125,457.0318603515625,49.285400390625,100.60955810546875,-1,-1,-1,-1
289,10,469.5318298339844,452.24072265625,51.941192626953125,109.39349365234375,-1,-1,-1,-1
290,10,471.2006530761719,404.4713134765625,55.393890380859375,114.21856689453125,-1,-1,-1,-1
291,10,509.59075927734375,272.13153076171875,58.26171875,122.34805297851562,-1,-1,-1,-1
292,10,527.910400390625,211.45774841308594,65.26513671875,151.1172332763672,-1,-1,-1,-1
293,10,543.9314575195312,241.36236572265625,68.36151123046875,124.79476928710938,-1,-1,-1,-1
294,10,574.6513061523438,325.26861572265625,62.11175537109375,119.40426635742188,-1,-1,-1,-1
295,10,570.3546142578125,397.4447937011719,53.5948486328125,115.9481201171875,-1,-1,-1,-1
296,10,563.7052612304688,464.6383056640625,54.37298583984375,114.2425537109375,-1,-1,-1,-1
297,10,521.7078247070312,543.9773559570312,60.2315673828125,113.265380859375,-1,-1,-1,-1
298,10,494.293212890625,613.1658325195312,62.2620849609375,113.0693359375,-1,-1,-1,-1
299,10,480.4300537109375,651.28173828125,62.7969970703125,113.79754638671875,-1,-1,-1,-1
300,10,467.70672607421875,681.5287475585938,59.07177734375,109.9195556640625,-1,-1,-1,-1
301,10,460.38458251953125,719.4930419921875,56.83941650390625,120.927001953125,-1,-1,-1,-1
302,10,450.67578125,744.8114624023438,57.56573486328125,113.41815185546875,-1,-1,-1,-1
303,10,445.87371826171875,759.7996826171875,57.300140380859375,109.43060302734375,-1,-1,-1,-1
304,10,438.4639587402344,776.5123291015625,56.2532958984375,113.87353515625,-1,-1,-1,-1
305,10,423.2623291015625,801.7600708007812,57.28277587890625,108.853759765625,-1,-1,-1,-1
306,10,414.6075439453125,809.288818359375,59.340728759765625,110.115478515625,-1,-1,-1,-1
307,10,407.6866455078125,787.7117309570312,63.385986328125,119.832275390625,-1,-1,-1,-1
308,10,420.3197326660156,760.190185546875,57.29937744140625,110.50537109375,-1,-1,-1,-1
309,10,424.0973815917969,747.6267700195312,54.902099609375,103.099609375,-1,-1,-1,-1
310,10,427.2775573730469,738.3775634765625,56.219390869140625,107.61102294921875,-1,-1,-1,-1
311,10,428.6720886230469,727.6087646484375,52.237274169921875,105.8441162109375,-1,-1,-1,-1
312,10,425.6285095214844,719.795654296875,53.357025146484375,101.54071044921875,-1,-1,-1,-1
313,10,422.7645568847656,722.0487060546875,52.869140625,102.42486572265625,-1,-1,-1,-1
314,10,428.8656921386719,736.8080444335938,49.570465087890625,95.5142822265625,-1,-1,-1,-1
315,10,432.74420166015625,727.3905029296875,51.8812255859375,107.58551025390625,-1,-1,-1,-1
316,10,434.42535400390625,728.2747192382812,46.267242431640625,96.2598876953125,-1,-1,-1,-1
317,10,433.010498046875,693.6029052734375,49.629119873046875,98.25018310546875,-1,-1,-1,-1
318,10,430.81793212890625,653.6942749023438,48.0499267578125,97.8038330078125,-1,-1,-1,-1
319,10,433.116943359375,627.9146728515625,48.654022216796875,95.1728515625,-1,-1,-1,-1
320,10,446.2916259765625,622.041748046875,46.81005859375,87.37158203125,-1,-1,-1,-1
321,10,449.8499755859375,612.6442260742188,48.674163818359375,95.83892822265625,-1,-1,-1,-1
322,10,460.5064697265625,614.7769165039062,48.826324462890625,87.357177734375,-1,-1,-1,-1
323,10,465.83642578125,620.6993408203125,46.7325439453125,85.6873779296875,-1,-1,-1,-1
324,10,466.89794921875,634.776611328125,53.9990234375,90.41827392578125,-1,-1,-1,-1
325,10,473.01800537109375,663.3134155273438,49.45343017578125,83.964111328125,-1,-1,-1,-1
326,10,481.4466857910156,701.0075073242188,48.957855224609375,86.58905029296875,-1,-1,-1,-1
327,10,490.7538757324219,720.6630249023438,48.437225341796875,87.9356689453125,-1,-1,-1,-1
328,10,512.1874389648438,734.689453125,48.90887451171875,95.64404296875,-1,-1,-1,-1
329,10,531.9412841796875,747.176025390625,44.403076171875,82.5999755859375,-1,-1,-1,-1
330,10,537.8587646484375,749.303466796875,43.52496337890625,90.6640625,-1,-1,-1,-1
331,10,537.2940063476562,753.8674926757812,47.69921875,99.8089599609375,-1,-1,-1,-1
332,10,534.9291381835938,760.8743896484375,46.810546875,96.95391845703125,-1,-1,-1,-1
333,10,520.3585205078125,770.5904541015625,49.62255859375,102.5225830078125,-1,-1,-1,-1
334,10,503.5617370605469,775.5701293945312,54.772491455078125,110.17315673828125,-1,-1,-1,-1
335,10,480.89471435546875,790.4055786132812,65.896728515625,126.58660888671875,-1,-1,-1,-1
336,10,464.7029724121094,806.6502685546875,69.98867797851562,120.435546875,-1,-1,-1,-1
337,10,445.10986328125,814.2095336914062,70.12890625,125.99169921875,-1,-1,-1,-1
339,10,423.692138671875,805.5654907226562,63.372589111328125,132.10626220703125,-1,-1,-1,-1
340,10,425.4467468261719,797.170654296875,57.827423095703125,118.6165771484375,-1,-1,-1,-1
341,10,415.25677490234375,803.09423828125,56.7734375,115.1546630859375,-1,-1,-1,-1
342,10,401.8724670410156,811.5098876953125,74.68887329101562,135.15228271484375,-1,-1,-1,-1
343,10,399.24017333984375,824.703125,71.19876098632812,138.46826171875,-1,-1,-1,-1
344,10,392.9909362792969,812.0325317382812,65.7200927734375,140.68133544921875,-1,-1,-1,-1
345,10,392.09588623046875,784.5646362304688,66.28927612304688,137.8975830078125,-1,-1,-1,-1
346,10,395.365478515625,759.9537353515625,56.3026123046875,122.19708251953125,-1,-1,-1,-1
347,10,403.5782470703125,742.9644165039062,52.85137939453125,117.40435791015625,-1,-1,-1,-1
348,10,418.9171142578125,733.7515258789062,52.126434326171875,112.77716064453125,-1,-1,-1,-1
349,10,428.2442932128906,748.5780029296875,51.9007568359375,105.9188232421875,-1,-1,-1,-1
350,10,440.4019775390625,761.623779296875,47.06927490234375,107.883544921875,-1,-1,-1,-1
351,10,446.0193176269531,758.9501342773438,49.251495361328125,105.90130615234375,-1,-1,-1,-1
352,10,451.8016357421875,751.8140869140625,47.031951904296875,104.02294921875,-1,-1,-1,-1
353,10,453.5402526855469,736.7640380859375,49.0379638671875,108.0177001953125,-1,-1,-1,-1
354,10,455.3725891113281,723.6043701171875,51.3367919921875,113.51202392578125,-1,-1,-1,-1
355,10,444.3210144042969,720.7852783203125,51.248748779296875,105.0841064453125,-1,-1,-1,-1
356,10,437.4422912597656,728.1979370117188,48.78057861328125,109.07330322265625,-1,-1,-1,-1
357,10,436.9843444824219,741.052490234375,51.261688232421875,111.9439697265625,-1,-1,-1,-1
358,10,431.60845947265625,757.9104614257812,51.53033447265625,110.59698486328125,-1,-1,-1,-1
359,10,434.74371337890625,756.612548828125,50.20501708984375,112.8150634765625,-1,-1,-1,-1
360,10,438.05889892578125,740.1964111328125,54.179046630859375,123.20770263671875,-1,-1,-1,-1
361,10,437.1625671386719,729.7096557617188,53.0450439453125,126.5587158203125,-1,-1,-1,-1
362,10,431.90106201171875,728.6209106445312,50.14324951171875,114.8251953125,-1,-1,-1,-1
363,10,412.5291442871094,727.183349609375,55.875274658203125,120.53558349609375,-1,-1,-1,-1
364,10,384.2481689453125,721.7166748046875,56.43707275390625,117.42236328125,-1,-1,-1,-1
365,10,389.23828125,704.7340087890625,56.358001708984375,121.3609619140625,-1,-1,-1,-1
366,10,436.6138000488281,710.43994140625,51.641021728515625,107.68280029296875,-1,-1,-1,-1
367,10,419.25982666015625,626.188232421875,58.10345458984375,117.24151611328125,-1,-1,-1,-1
368,10,400.076416015625,592.7549438476562,56.374969482421875,114.19476318359375,-1,-1,-1,-1
369,10,407.302001953125,588.1184692382812,48.141937255859375,100.04864501953125,-1,-1,-1,-1
370,10,397.975341796875,609.6715087890625,54.309722900390625,112.0623779296875,-1,-1,-1,-1
371,10,385.8734436035156,655.8612670898438,60.52716064453125,113.80902099609375,-1,-1,-1,-1
372,10,393.7674560546875,674.9031372070312,53.012054443359375,102.67144775390625,-1,-1,-1,-1
373,10,404.8818359375,676.9549560546875,55.024627685546875,90.0341796875,-1,-1,-1,-1
374,10,419.85784912109375,706.1123046875,51.303070068359375,98.82763671875,-1,-1,-1,-1
375,10,415.83209228515625,707.274658203125,48.31866455078125,90.45806884765625,-1,-1,-1,-1
376,10,419.84381103515625,701.86572265625,51.3284912109375,91.37030029296875,-1,-1,-1,-1
377,10,434.6229553222656,723.042236328125,55.80621337890625,103.82208251953125,-1,-1,-1,-1
378,10,447.646484375,734.3364868164062,55.58782958984375,94.2166748046875,-1,-1,-1,-1
379,10,445.32464599609375,776.6070556640625,57.33465576171875,102.8551025390625,-1,-1,-1,-1
380,10,452.44024658203125,789.16015625,61.047760009765625,98.171630859375,-1,-1,-1,-1
381,10,458.5137939453125,777.7623901367188,59.609130859375,103.79132080078125,-1,-1,-1,-1
382,10,462.4181213378906,764.4108276367188,56.416656494140625,101.43914794921875,-1,-1,-1,-1
383,10,469.7123107910156,742.4672241210938,55.609649658203125,97.98468017578125,-1,-1,-1,-1
384,10,468.63922119140625,732.8970336914062,51.65789794921875,95.16302490234375,-1,-1,-1,-1
385,10,469.0862121582031,730.6000366210938,49.866607666015625,92.88519287109375,-1,-1,-1,-1
386,10,471.4969482421875,722.4033203125,51.67041015625,97.44287109375,-1,-1,-1,-1
387,10,467.3944396972656,726.7527465820312,51.971771240234375,97.71728515625,-1,-1,-1,-1
388,10,468.1545715332031,755.0590209960938,51.522186279296875,94.5963134765625,-1,-1,-1,-1
389,10,458.86993408203125,775.455810546875,52.79193115234375,91.022705078125,-1,-1,-1,-1
390,10,453.5362548828125,785.1188354492188,54.548553466796875,95.12689208984375,-1,-1,-1,-1
391,10,446.9400939941406,769.8436889648438,57.585052490234375,105.36505126953125,-1,-1,-1,-1
392,10,450.5890808105469,750.2449951171875,53.6512451171875,104.60943603515625,-1,-1,-1,-1
393,10,456.7667541503906,741.0072021484375,55.548675537109375,108.45599365234375,-1,-1,-1,-1
394,10,455.7890930175781,740.1063842773438,54.810638427734375,105.20257568359375,-1,-1,-1,-1
395,10,457.6430358886719,748.77392578125,53.3258056640625,97.08782958984375,-1,-1,-1,-1
396,10,460.2698059082031,761.9605102539062,54.133819580078125,100.710693359375,-1,-1,-1,-1
397,10,467.47259521484375,773.2509155273438,56.58770751953125,106.0859375,-1,-1,-1,-1
398,10,479.349609375,765.017333984375,57.9466552734375,109.7982177734375,-1,-1,-1,-1
399,10,493.6144714355469,759.529052734375,54.076202392578125,98.472900390625,-1,-1,-1,-1
400,10,494.8221740722656,765.9193725585938,53.811431884765625,103.4151611328125,-1,-1,-1,-1
401,10,501.89031982421875,755.287353515625,50.50225830078125,98.27069091796875,-1,-1,-1,-1
402,10,500.7873229980469,738.1087646484375,57.283782958984375,108.74884033203125,-1,-1,-1,-1
403,10,508.5455017089844,724.2296142578125,52.037322998046875,102.01531982421875,-1,-1,-1,-1
404,10,522.0783081054688,747.3740844726562,51.87139892578125,104.8111572265625,-1,-1,-1,-1
405,10,513.1329345703125,725.3993530273438,53.083740234375,103.4541015625,-1,-1,-1,-1
406,10,498.7296447753906,701.3409423828125,50.708221435546875,104.62432861328125,-1,-1,-1,-1
407,10,486.0732116699219,664.5887451171875,53.091400146484375,105.776611328125,-1,-1,-1,-1
408,10,480.80596923828125,620.5125732421875,55.41876220703125,110.929443359375,-1,-1,-1,-1
409,10,494.1580505371094,551.3048706054688,54.681549072265625,120.1552734375,-1,-1,-1,-1
410,10,497.5685729980469,530.6763916015625,51.797088623046875,107.52435302734375,-1,-1,-1,-1
411,10,486.58404541015625,555.8369140625,55.3955078125,109.4644775390625,-1,-1,-1,-1
412,10,484.43670654296875,625.2300415039062,53.50830078125,103.41778564453125,-1,-1,-1,-1
413,10,478.9210510253906,643.7640991210938,54.560028076171875,100.0941162109375,-1,-1,-1,-1
414,10,482.1199645996094,627.1783447265625,57.299957275390625,104.69287109375,-1,-1,-1,-1
415,10,489.1907043457031,632.0074462890625,54.269989013671875,105.02557373046875,-1,-1,-1,-1
416,10,480.25567626953125,638.9967041015625,55.55670166015625,103.68963623046875,-1,-1,-1,-1
417,10,481.0896301269531,644.970703125,54.912384033203125,100.651611328125,-1,-1,-1,-1
418,10,487.283203125,658.2615356445312,50.70208740234375,100.60302734375,-1,-1,-1,-1
419,10,482.8638610839844,680.404052734375,56.891204833984375,107.42498779296875,-1,-1,-1,-1
420,10,484.50299072265625,711.568603515625,55.230712890625,105.15472412109375,-1,-1,-1,-1
421,10,492.2644958496094,742.0018920898438,54.350128173828125,101.64288330078125,-1,-1,-1,-1
422,10,501.65191650390625,763.001708984375,49.7279052734375,96.14892578125,-1,-1,-1,-1
423,10,504.82452392578125,752.1199951171875,52.32073974609375,102.03668212890625,-1,-1,-1,-1
424,10,521.5394287109375,731.7798461914062,52.2869873046875,95.00592041015625,-1,-1,-1,-1
425,10,542.35693359375,723.3302612304688,51.0855712890625,96.531982421875,-1,-1,-1,-1
426,10,554.6192016601562,710.525146484375,48.181884765625,99.94091796875,-1,-1,-1,-1
427,10,569.513427734375,710.146484375,45.6929931640625,92.70709228515625,-1,-1,-1,-1
428,10,570.3994750976562,736.6766967773438,51.48590087890625,102.90155029296875,-1,-1,-1,-1
429,10,576.66796875,765.5293579101562,52.812744140625,101.7711181640625,-1,-1,-1,-1
430,10,579.23583984375,782.2786254882812,48.36212158203125,101.15478515625,-1,-1,-1,-1
431,10,572.1071166992188,770.6345825195312,52.6156005859375,108.52044677734375,-1,-1,-1,-1
432,10,569.6041259765625,749.3671875,51.65435791015625,105.9202880859375,-1,-1,-1,-1
433,10,566.2164916992188,732.7992553710938,51.78057861328125,102.81781005859375,-1,-1,-1,-1
434,10,567.9133911132812,720.3761596679688,49.87060546875,96.387939453125,-1,-1,-1,-1
435,10,563.0181274414062,715.1617431640625,52.794189453125,107.3013916015625,-1,-1,-1,-1
436,10,563.726318359375,722.9962158203125,52.82080078125,106.239013671875,-1,-1,-1,-1
437,10,564.901611328125,737.1614990234375,52.7679443359375,102.773681640625,-1,-1,-1,-1
438,10,565.6215209960938,757.4295654296875,48.06207275390625,98.58758544921875,-1,-1,-1,-1
439,10,564.390380859375,752.0122680664062,52.008544921875,100.5491943359375,-1,-1,-1,-1
440,10,577.8128051757812,741.3717041015625,50.82940673828125,98.4217529296875,-1,-1,-1,-1
441,10,583.9923706054688,726.5770263671875,50.8719482421875,106.19940185546875,-1,-1,-1,-1
442,10,587.5917358398438,716.3545532226562,52.74835205078125,104.96087646484375,-1,-1,-1,-1
443,10,587.403564453125,714.0990600585938,51.42962646484375,100.003173828125,-1,-1,-1,-1
444,10,591.3872680664062,720.8370361328125,47.88421630859375,101.93072509765625,-1,-1,-1,-1
445,10,593.064453125,725.1749877929688,48.885009765625,99.52398681640625,-1,-1,-1,-1
446,10,600.191650390625,733.7890014648438,47.83612060546875,95.4736328125,-1,-1,-1,-1
447,10,607.700927734375,751.1739501953125,48.91485595703125,100.67041015625,-1,-1,-1,-1
448,10,614.8677978515625,734.7498168945312,47.66583251953125,101.818115234375,-1,-1,-1,-1
449,10,622.0608520507812,721.4160766601562,49.48443603515625,100.17120361328125,-1,-1,-1,-1
450,10,626.4371337890625,701.607666015625,48.1129150390625,97.6492919921875,-1,-1,-1,-1
451,10,625.3594970703125,682.0234375,50.8060302734375,100.6014404296875,-1,-1,-1,-1
452,10,631.9886474609375,671.7216796875,52.2545166015625,103.380126953125,-1,-1,-1,-1
453,10,645.1245727539062,660.5194702148438,60.70379638671875,112.692138671875,-1,-1,-1,-1
454,10,843.06591796875,681.6728515625,84.937744140625,164.779541015625,-1,-1,-1,-1
455,10,811.6052856445312,652.6658325195312,137.987060546875,231.87579345703125,-1,-1,-1,-1
456,10,749.4906005859375,540.6610107421875,198.15087890625,455.47589111328125,-1,-1,-1,-1
224,11,707.4591064453125,600.1353759765625,32.311279296875,74.35284423828125,-1,-1,-1,-1
225,11,714.453125,587.9235229492188,27.7113037109375,66.6265869140625,-1,-1,-1,-1
226,11,717.144775390625,582.4718627929688,25.94525146484375,62.5623779296875,-1,-1,-1,-1
227,11,724.5535278320312,600.0261840820312,25.709716796875,64.64520263671875,-1,-1,-1,-1
228,11,702.8140258789062,606.2186279296875,28.51812744140625,56.057373046875,-1,-1,-1,-1
229,11,705.5335693359375,601.0945434570312,28.7926025390625,64.27227783203125,-1,-1,-1,-1
230,11,720.4794311523438,613.7269287109375,30.8753662109375,62.96026611328125,-1,-1,-1,-1
231,11,717.5070190429688,613.7100830078125,32.60888671875,80.191162109375,-1,-1,-1,-1
232,11,719.5287475585938,622.9247436523438,30.92938232421875,78.68658447265625,-1,-1,-1,-1
233,11,719.934814453125,623.522216796875,30.2509765625,73.20855712890625,-1,-1,-1,-1
234,11,719.1575317382812,610.797607421875,25.393310546875,59.68597412109375,-1,-1,-1,-1
235,11,708.6067504882812,601.4620361328125,29.790283203125,71.92913818359375,-1,-1,-1,-1
236,11,707.096923828125,601.387939453125,27.5382080078125,68.2572021484375,-1,-1,-1,-1
237,11,709.1734008789062,603.1334838867188,28.73583984375,67.64593505859375,-1,-1,-1,-1
224,12,678.8409423828125,591.9427490234375,30.88140869140625,77.9765625,-1,-1,-1,-1
225,12,683.325927734375,581.650390625,32.48175048828125,74.61328125,-1,-1,-1,-1
226,12,686.21630859375,577.4151000976562,31.50067138671875,66.9879150390625,-1,-1,-1,-1
227,12,695.22412109375,596.4310913085938,29.7569580078125,68.1846923828125,-1,-1,-1,-1
232,13,746.905517578125,628.9385375976562,31.61895751953125,77.90252685546875,-1,-1,-1,-1
233,13,748.9896850585938,630.0570068359375,30.63348388671875,72.8419189453125,-1,-1,-1,-1
234,13,746.1721801757812,617.5929565429688,29.7303466796875,70.91925048828125,-1,-1,-1,-1
235,13,736.7590942382812,609.0570678710938,35.66082763671875,85.52398681640625,-1,-1,-1,-1
236,13,735.9744873046875,605.1179809570312,28.3843994140625,67.101318359375,-1,-1,-1,-1
237,13,739.779541015625,606.088134765625,26.6976318359375,58.24407958984375,-1,-1,-1,-1
238,13,720.7578125,609.787109375,34.65606689453125,79.577880859375,-1,-1,-1,-1
239,13,732.9348754882812,622.2521362304688,32.041259765625,73.9359130859375,-1,-1,-1,-1
240,13,733.4530029296875,622.3080444335938,29.20867919921875,59.7100830078125,-1,-1,-1,-1
241,13,730.9943237304688,615.8168334960938,37.25927734375,60.85357666015625,-1,-1,-1,-1
246,13,711.1416625976562,627.8350219726562,81.31732177734375,136.94866943359375,-1,-1,-1,-1
247,13,702.4119873046875,622.2940673828125,70.5833740234375,150.751708984375,-1,-1,-1,-1
248,13,683.879150390625,624.0459594726562,65.5550537109375,173.83624267578125,-1,-1,-1,-1
249,13,686.1669921875,627.270263671875,67.3533935546875,180.401123046875,-1,-1,-1,-1
250,13,671.7872924804688,612.592041015625,91.7021484375,204.3035888671875,-1,-1,-1,-1
252,13,664.24267578125,584.7191162109375,111.51171875,281.71539306640625,-1,-1,-1,-1
253,13,650.16845703125,593.685791015625,120.85125732421875,294.0592041015625,-1,-1,-1,-1
254,13,646.8007202148438,592.9202880859375,128.58154296875,304.36761474609375,-1,-1,-1,-1
255,13,651.88623046875,607.6815185546875,119.48516845703125,310.459228515625,-1,-1,-1,-1
256,13,645.35302734375,613.5741577148438,130.439453125,349.5794677734375,-1,-1,-1,-1
455,14,664.323486328125,632.26416015625,64.97882080078125,105.59429931640625,-1,-1,-1,-1
456,14,668.077392578125,621.6009521484375,61.66058349609375,99.7288818359375,-1,-1,-1,-1
457,14,662.5609130859375,619.5661010742188,62.98272705078125,99.4639892578125,-1,-1,-1,-1
458,14,666.2640380859375,627.6912231445312,61.61114501953125,97.91510009765625,-1,-1,-1,-1
459,14,656.4329833984375,651.0521850585938,57.6959228515625,102.20367431640625,-1,-1,-1,-1
460,14,639.8001708984375,672.5961303710938,59.77606201171875,106.947509765625,-1,-1,-1,-1
461,14,628.6603393554688,684.4328002929688,60.56292724609375,104.69744873046875,-1,-1,-1,-1
462,14,622.5402221679688,678.3510131835938,51.664306640625,104.35540771484375,-1,-1,-1,-1
463,14,612.8607177734375,661.0980224609375,57.31756591796875,106.3974609375,-1,-1,-1,-1
464,14,607.77490234375,658.10546875,58.75982666015625,98.209228515625,-1,-1,-1,-1
465,14,609.753662109375,659.1740112304688,51.19451904296875,98.94598388671875,-1,-1,-1,-1
466,14,604.3029174804688,666.1940307617188,54.77740478515625,101.74298095703125,-1,-1,-1,-1
467,14,599.0778198242188,681.2244873046875,56.64447021484375,104.88824462890625,-1,-1,-1,-1
468,14,592.3713989257812,688.2003784179688,54.57659912109375,99.90264892578125,-1,-1,-1,-1
469,14,581.1766357421875,690.2521362304688,53.00250244140625,101.5740966796875,-1,-1,-1,-1
470,14,592.7842407226562,712.2607421875,56.68328857421875,102.0111083984375,-1,-1,-1,-1
471,14,561.7032470703125,756.9935302734375,63.44012451171875,121.36236572265625,-1,-1,-1,-1
472,14,562.151123046875,798.7627563476562,68.0030517578125,120.058837890625,-1,-1,-1,-1
473,14,612.6921997070312,781.9545288085938,72.333251953125,123.43890380859375,-1,-1,-1,-1
474,14,557.0398559570312,691.8600463867188,84.78253173828125,126.5382080078125,-1,-1,-1,-1
475,14,540.3082275390625,681.2811889648438,80.97509765625,114.6591796875,-1,-1,-1,-1
476,14,571.632568359375,723.6146850585938,66.01202392578125,117.8704833984375,-1,-1,-1,-1
477,14,576.265869140625,767.4282836914062,65.509765625,108.90582275390625,-1,-1,-1,-1
478,14,583.5191650390625,784.2947387695312,65.51177978515625,111.8111572265625,-1,-1,-1,-1
479,14,572.2433471679688,757.6248168945312,62.33526611328125,115.38330078125,-1,-1,-1,-1
480,14,560.7847290039062,747.9320068359375,59.77838134765625,115.83349609375,-1,-1,-1,-1
481,14,556.116455078125,764.1522827148438,60.80120849609375,117.09637451171875,-1,-1,-1,-1
482,14,562.8935546875,785.28271484375,54.27716064453125,108.482177734375,-1,-1,-1,-1
483,14,566.6520385742188,787.8189086914062,53.10430908203125,106.87786865234375,-1,-1,-1,-1
484,14,573.4730224609375,779.2526245117188,52.8760986328125,111.229248046875,-1,-1,-1,-1
485,14,568.0248413085938,783.46142578125,54.807861328125,104.70123291015625,-1,-1,-1,-1
486,14,564.3973388671875,784.9134521484375,53.34466552734375,103.966064453125,-1,-1,-1,-1
487,14,561.0094604492188,748.7437744140625,54.4208984375,107.77801513671875,-1,-1,-1,-1
488,14,552.6416015625,722.43798828125,54.46044921875,110.40045166015625,-1,-1,-1,-1
489,14,541.8847045898438,705.9287109375,53.9906005859375,105.87176513671875,-1,-1,-1,-1
490,14,538.935791015625,689.6092529296875,55.19891357421875,101.06402587890625,-1,-1,-1,-1
491,14,538.45263671875,684.1588745117188,48.82879638671875,100.16693115234375,-1,-1,-1,-1
492,14,538.0460815429688,698.6666259765625,51.30767822265625,94.4462890625,-1,-1,-1,-1
493,14,544.1647338867188,714.8447265625,50.33282470703125,93.51776123046875,-1,-1,-1,-1
494,14,543.4644165039062,722.3416748046875,50.961669921875,92.51165771484375,-1,-1,-1,-1
495,14,549.4302368164062,735.5556640625,48.27313232421875,87.5615234375,-1,-1,-1,-1
496,14,545.599609375,748.197998046875,49.62091064453125,88.0228271484375,-1,-1,-1,-1
497,14,538.8827514648438,744.6336669921875,50.068359375,90.37176513671875,-1,-1,-1,-1
498,14,534.818359375,729.6682739257812,46.8358154296875,93.00445556640625,-1,-1,-1,-1
499,14,533.6088256835938,721.85009765625,49.081787109375,91.6182861328125,-1,-1,-1,-1
500,14,527.6603393554688,732.1085815429688,48.9638671875,88.80615234375,-1,-1,-1,-1
501,14,523.8417358398438,741.96435546875,50.54193115234375,89.05706787109375,-1,-1,-1,-1
502,14,523.456298828125,747.4473876953125,47.01715087890625,85.55596923828125,-1,-1,-1,-1
503,14,518.096923828125,765.89990234375,49.21923828125,91.10040283203125,-1,-1,-1,-1
504,14,517.938720703125,777.640869140625,47.620849609375,86.28790283203125,-1,-1,-1,-1
505,14,512.9132080078125,784.65966796875,49.25079345703125,95.76190185546875,-1,-1,-1,-1
506,14,513.8441772460938,776.469970703125,46.9217529296875,94.21466064453125,-1,-1,-1,-1
507,14,517.1497192382812,752.4617309570312,47.57342529296875,96.83074951171875,-1,-1,-1,-1
508,14,524.7255249023438,733.3079833984375,49.05596923828125,90.11151123046875,-1,-1,-1,-1
509,14,532.3822631835938,721.33642578125,46.54107666015625,91.29931640625,-1,-1,-1,-1
510,14,532.8851318359375,726.9024658203125,46.38262939453125,87.7337646484375,-1,-1,-1,-1
511,14,526.5747680664062,753.53759765625,47.27777099609375,84.833984375,-1,-1,-1,-1
512,14,522.3223266601562,776.786376953125,48.5535888671875,90.3741455078125,-1,-1,-1,-1
513,14,500.3789978027344,766.0946655273438,50.156890869140625,92.15350341796875,-1,-1,-1,-1
514,14,487.3007507324219,721.7470092773438,47.339263916015625,94.93536376953125,-1,-1,-1,-1
515,14,485.186279296875,686.1346435546875,48.84625244140625,97.3951416015625,-1,-1,-1,-1
516,14,485.09649658203125,657.6380615234375,51.85675048828125,104.77471923828125,-1,-1,-1,-1
517,14,484.17718505859375,627.7426147460938,52.7294921875,109.7764892578125,-1,-1,-1,-1
518,14,684.3096923828125,591.4257202148438,116.8121337890625,138.61468505859375,-1,-1,-1,-1
519,14,501.5712890625,568.2080688476562,96.59039306640625,207.9249267578125,-1,-1,-1,-1
517,15,401.09747314453125,728.9539794921875,959.1674194335938,440.1097412109375,-1,-1,-1,-1
518,15,621.7911987304688,622.1679077148438,726.1306762695312,523.2925415039062,-1,-1,-1,-1
519,15,667.8192749023438,434.2070007324219,692.8710327148438,753.767333984375,-1,-1,-1,-1
520,15,707.2735595703125,478.5037536621094,168.4818115234375,544.87158203125,-1,-1,-1,-1
520,16,700.0062866210938,505.2507019042969,167.39263916015625,525.4595947265625,-1,-1,-1,-1
522,17,865.5171508789062,561.9127197265625,132.25140380859375,309.091796875,-1,-1,-1,-1
523,17,877.823486328125,581.228271484375,125.6456298828125,302.0972900390625,-1,-1,-1,-1
524,17,879.2351684570312,593.7577514648438,146.80828857421875,309.47589111328125,-1,-1,-1,-1
525,17,878.9781494140625,607.903076171875,150.5213623046875,310.01922607421875,-1,-1,-1,-1
526,17,891.1032104492188,623.1666259765625,152.87066650390625,312.144775390625,-1,-1,-1,-1
527,17,891.2113037109375,622.1693115234375,156.1451416015625,313.034912109375,-1,-1,-1,-1
528,17,896.6281127929688,622.5089111328125,160.95220947265625,315.7139892578125,-1,-1,-1,-1
529,17,906.6172485351562,613.78759765625,155.94134521484375,321.94549560546875,-1,-1,-1,-1
530,17,909.9490966796875,604.4415283203125,145.945556640625,327.326171875,-1,-1,-1,-1
531,17,912.2636108398438,582.4598388671875,148.91302490234375,336.5384521484375,-1,-1,-1,-1
532,17,914.1508178710938,566.8894653320312,157.85406494140625,341.37005615234375,-1,-1,-1,-1
533,17,935.3157958984375,570.3831176757812,159.278076171875,355.36376953125,-1,-1,-1,-1
534,17,942.3436279296875,583.4921264648438,157.6051025390625,366.2608642578125,-1,-1,-1,-1
535,17,960.7559814453125,578.9425659179688,159.198486328125,375.09771728515625,-1,-1,-1,-1
536,17,934.2000122070312,624.6243286132812,145.72332763671875,376.60760498046875,-1,-1,-1,-1
537,17,921.6341552734375,594.8590698242188,140.823974609375,371.15802001953125,-1,-1,-1,-1
538,17,912.9879150390625,585.8987426757812,141.307373046875,372.6435546875,-1,-1,-1,-1
539,17,906.734619140625,586.3567504882812,145.020751953125,374.2955322265625,-1,-1,-1,-1
540,17,791.6238403320312,679.4447631835938,222.39044189453125,341.31634521484375,-1,-1,-1,-1
541,17,729.4413452148438,695.1076049804688,183.39410400390625,395.73614501953125,-1,-1,-1,-1
542,17,824.7277221679688,608.5618286132812,186.93280029296875,380.55828857421875,-1,-1,-1,-1
543,17,836.7147216796875,678.3226928710938,208.609619140625,399.25555419921875,-1,-1,-1,-1
544,17,833.7066650390625,648.314208984375,197.982177734375,403.6705322265625,-1,-1,-1,-1
545,17,832.8799438476562,627.2760620117188,193.65155029296875,409.11370849609375,-1,-1,-1,-1
546,17,844.732177734375,613.2205200195312,192.996826171875,412.29034423828125,-1,-1,-1,-1
547,17,861.6465454101562,605.4852294921875,193.55633544921875,416.97021484375,-1,-1,-1,-1
548,17,880.718017578125,582.197265625,187.8182373046875,421.2437744140625,-1,-1,-1,-1
549,17,896.4615478515625,567.914306640625,191.0589599609375,424.22540283203125,-1,-1,-1,-1
550,17,912.3101806640625,561.7916259765625,187.8843994140625,427.02508544921875,-1,-1,-1,-1
551,17,932.57763671875,563.8553466796875,186.7603759765625,429.0653076171875,-1,-1,-1,-1
