1,1,506.90509033203125,592.6641235351562,46.68743896484375,133.1026611328125,-1,-1,-1,-1
2,1,512.2805480957031,594.2250366210938,46.467987060546875,131.00927734375,-1,-1,-1,-1
3,1,514.144287109375,593.5360107421875,46.31573486328125,131.38909912109375,-1,-1,-1,-1
4,1,516.0184936523438,591.2710571289062,47.236572265625,131.84088134765625,-1,-1,-1,-1
5,1,517.997802734375,590.74560546875,47.60833740234375,132.59747314453125,-1,-1,-1,-1
6,1,518.1167602539062,593.8182373046875,47.169677734375,131.70306396484375,-1,-1,-1,-1
7,1,515.50732421875,599.4837646484375,46.1826171875,129.0966796875,-1,-1,-1,-1
8,1,507.0887451171875,602.3212890625,48.0968017578125,132.54925537109375,-1,-1,-1,-1
9,1,495.945068359375,604.374755859375,49.8548583984375,130.48150634765625,-1,-1,-1,-1
10,1,480.85284423828125,607.4908447265625,49.009033203125,129.53704833984375,-1,-1,-1,-1
11,1,465.0658264160156,612.0364379882812,48.87255859375,133.58343505859375,-1,-1,-1,-1
12,1,450.646484375,622.37109375,49.565338134765625,134.87811279296875,-1,-1,-1,-1
13,1,437.57940673828125,632.669189453125,51.165008544921875,134.1146240234375,-1,-1,-1,-1
14,1,427.4921569824219,637.2767333984375,51.9429931640625,131.93609619140625,-1,-1,-1,-1
15,1,419.1693115234375,640.2333984375,52.223114013671875,137.24639892578125,-1,-1,-1,-1
16,1,417.5168151855469,642.50830078125,52.62872314453125,137.27191162109375,-1,-1,-1,-1
17,1,420.7464599609375,643.9927978515625,51.427490234375,134.97637939453125,-1,-1,-1,-1
18,1,422.3326416015625,643.5946044921875,51.98870849609375,135.10870361328125,-1,-1,-1,-1
19,1,423.3056945800781,641.4693603515625,52.280242919921875,136.55364990234375,-1,-1,-1,-1
20,1,429.81719970703125,638.8782958984375,50.708648681640625,134.60455322265625,-1,-1,-1,-1
21,1,438.3309020996094,637.2122802734375,50.5711669921875,132.34100341796875,-1,-1,-1,-1
22,1,445.89630126953125,634.8738403320312,50.404327392578125,135.103759765625,-1,-1,-1,-1
23,1,452.40264892578125,632.4171142578125,49.7352294921875,132.155517578125,-1,-1,-1,-1
24,1,456.69134521484375,628.1167602539062,48.53955078125,135.2335205078125,-1,-1,-1,-1
25,1,458.53875732421875,625.3074951171875,48.0841064453125,135.33062744140625,-1,-1,-1,-1
26,1,461.10113525390625,624.8831787109375,48.2315673828125,136.2164306640625,-1,-1,-1,-1
27,1,463.1907043457031,625.8421020507812,48.16021728515625,136.583740234375,-1,-1,-1,-1
28,1,463.8330078125,627.9525146484375,48.286712646484375,136.1361083984375,-1,-1,-1,-1
29,1,464.2652282714844,629.6212158203125,47.857666015625,135.09698486328125,-1,-1,-1,-1
30,1,465.24969482421875,629.3974609375,47.57989501953125,135.59124755859375,-1,-1,-1,-1
31,1,466.2784118652344,629.302001953125,47.1492919921875,134.9833984375,-1,-1,-1,-1
32,1,466.72552490234375,631.5914306640625,46.70172119140625,133.40380859375,-1,-1,-1,-1
33,1,469.56170654296875,633.3584594726562,45.35223388671875,132.20367431640625,-1,-1,-1,-1
34,1,471.7322692871094,634.8977661132812,45.429656982421875,133.50933837890625,-1,-1,-1,-1
35,1,476.44091796875,634.2216186523438,44.88653564453125,133.16900634765625,-1,-1,-1,-1
36,1,480.9674377441406,634.3333740234375,46.345794677734375,132.218505859375,-1,-1,-1,-1
37,1,485.7373962402344,634.10107421875,44.319976806640625,130.71112060546875,-1,-1,-1,-1
38,1,488.20941162109375,632.2870483398438,44.28765869140625,132.0079345703125,-1,-1,-1,-1
39,1,490.6683349609375,630.6880493164062,44.14544677734375,133.52655029296875,-1,-1,-1,-1
40,1,492.64776611328125,630.2739868164062,44.61566162109375,134.224365234375,-1,-1,-1,-1
41,1,495.2256774902344,630.3869018554688,44.480682373046875,134.529296875,-1,-1,-1,-1
42,1,499.0187683105469,630.946044921875,43.276275634765625,133.17327880859375,-1,-1,-1,-1
43,1,500.17913818359375,629.81103515625,44.6895751953125,133.045166015625,-1,-1,-1,-1
44,1,502.7230224609375,626.764404296875,43.74835205078125,132.04248046875,-1,-1,-1,-1
45,1,506.0494384765625,625.9705810546875,44.870849609375,129.096435546875,-1,-1,-1,-1
46,1,511.1912841796875,625.2156982421875,43.47552490234375,130.3721923828125,-1,-1,-1,-1
47,1,515.450439453125,624.9000244140625,43.28497314453125,129.7086181640625,-1,-1,-1,-1
48,1,517.5833740234375,625.49951171875,43.56304931640625,130.0101318359375,-1,-1,-1,-1
49,1,520.3543701171875,626.814208984375,44.29669189453125,130.038818359375,-1,-1,-1,-1
50,1,523.9049072265625,627.9451293945312,43.66461181640625,128.67828369140625,-1,-1,-1,-1
51,1,527.7556762695312,629.04248046875,41.94781494140625,130.1492919921875,-1,-1,-1,-1
52,1,528.087646484375,630.97607421875,43.19598388671875,131.1998291015625,-1,-1,-1,-1
53,1,528.35986328125,632.3117065429688,43.6212158203125,131.03643798828125,-1,-1,-1,-1
54,1,528.8551025390625,633.3037109375,43.590576171875,130.01318359375,-1,-1,-1,-1
55,1,529.6270141601562,634.12255859375,43.91033935546875,129.4095458984375,-1,-1,-1,-1
56,1,530.8128662109375,633.14404296875,43.6695556640625,130.22900390625,-1,-1,-1,-1
57,1,531.8658447265625,632.3909301757812,43.4071044921875,130.5592041015625,-1,-1,-1,-1
58,1,533.0281372070312,632.44775390625,43.61175537109375,129.6339111328125,-1,-1,-1,-1
59,1,534.550537109375,631.7325439453125,43.25006103515625,130.19415283203125,-1,-1,-1,-1
60,1,535.7213134765625,630.9929809570312,44.0938720703125,132.27294921875,-1,-1,-1,-1
61,1,538.4182739257812,631.2857055664062,43.5897216796875,131.84906005859375,-1,-1,-1,-1
62,1,542.2946166992188,631.4141845703125,41.74420166015625,129.2034912109375,-1,-1,-1,-1
63,1,544.1302490234375,632.1217041015625,42.01995849609375,128.00048828125,-1,-1,-1,-1
64,1,544.5402221679688,633.177978515625,42.92608642578125,127.89044189453125,-1,-1,-1,-1
65,1,545.1943359375,633.4979248046875,42.8360595703125,127.42724609375,-1,-1,-1,-1
66,1,547.0614624023438,633.8570556640625,43.15716552734375,128.32794189453125,-1,-1,-1,-1
67,1,549.1732177734375,635.5830688476562,42.33929443359375,127.902587890625,-1,-1,-1,-1
68,1,548.9221801757812,638.5714721679688,44.406982421875,127.08795166015625,-1,-1,-1,-1
69,1,551.0940551757812,642.9627685546875,43.33197021484375,123.572509765625,-1,-1,-1,-1
70,1,549.0281982421875,649.001220703125,44.2181396484375,127.551513671875,-1,-1,-1,-1
71,1,544.2233276367188,652.2760620117188,43.95806884765625,129.50140380859375,-1,-1,-1,-1
72,1,540.7152709960938,655.2149658203125,43.81304931640625,128.79815673828125,-1,-1,-1,-1
73,1,537.7578125,657.247802734375,44.371826171875,126.91241455078125,-1,-1,-1,-1
74,1,535.1951904296875,658.14990234375,44.197998046875,127.85028076171875,-1,-1,-1,-1
75,1,534.2404174804688,656.953369140625,43.5753173828125,126.41094970703125,-1,-1,-1,-1
76,1,531.7913818359375,652.9441528320312,44.6300048828125,130.09478759765625,-1,-1,-1,-1
77,1,529.1776123046875,650.4569702148438,43.38623046875,128.86859130859375,-1,-1,-1,-1
78,1,524.0847778320312,647.24560546875,43.9940185546875,130.95916748046875,-1,-1,-1,-1
79,1,518.9259643554688,644.0377197265625,43.3134765625,129.558349609375,-1,-1,-1,-1
80,1,516.38134765625,639.0038452148438,42.89599609375,128.9449462890625,-1,-1,-1,-1
81,1,514.65966796875,635.10400390625,42.936279296875,128.45751953125,-1,-1,-1,-1
82,1,509.1595153808594,627.3494873046875,43.681976318359375,128.827880859375,-1,-1,-1,-1
83,1,500.9182434082031,622.7703857421875,43.811370849609375,130.95672607421875,-1,-1,-1,-1
84,1,492.60089111328125,621.7654418945312,44.35662841796875,132.02960205078125,-1,-1,-1,-1
85,1,487.1756286621094,622.790283203125,45.239654541015625,132.52996826171875,-1,-1,-1,-1
86,1,484.3523254394531,624.810302734375,44.720794677734375,129.905029296875,-1,-1,-1,-1
87,1,479.85357666015625,625.4662475585938,45.489501953125,129.84820556640625,-1,-1,-1,-1
88,1,477.2384033203125,624.2351684570312,45.07904052734375,129.81781005859375,-1,-1,-1,-1
89,1,475.54730224609375,621.826171875,45.73077392578125,132.20904541015625,-1,-1,-1,-1
90,1,475.2403869628906,620.78857421875,45.970428466796875,132.2657470703125,-1,-1,-1,-1
91,1,476.528564453125,619.364501953125,45.54290771484375,131.913818359375,-1,-1,-1,-1
92,1,480.8192443847656,616.2901611328125,43.555755615234375,131.7618408203125,-1,-1,-1,-1
93,1,486.4611511230469,610.7640991210938,42.135833740234375,128.85888671875,-1,-1,-1,-1
94,1,490.1346740722656,604.322021484375,44.997406005859375,129.90435791015625,-1,-1,-1,-1
95,1,494.54620361328125,597.5054931640625,43.62664794921875,128.98052978515625,-1,-1,-1,-1
96,1,496.9288330078125,594.7294921875,43.87384033203125,131.9388427734375,-1,-1,-1,-1
97,1,499.254638671875,595.2767944335938,43.83721923828125,130.94708251953125,-1,-1,-1,-1
98,1,500.0765686035156,596.3489990234375,44.424041748046875,130.197021484375,-1,-1,-1,-1
99,1,501.57666015625,597.0424194335938,43.79736328125,128.17340087890625,-1,-1,-1,-1
100,1,501.625,597.265869140625,43.8216552734375,128.12237548828125,-1,-1,-1,-1
101,1,500.4524230957031,596.8429565429688,44.636199951171875,128.863525390625,-1,-1,-1,-1
102,1,499.9977722167969,597.6138916015625,44.198699951171875,128.21173095703125,-1,-1,-1,-1
103,1,500.20062255859375,600.6937255859375,43.609375,128.9359130859375,-1,-1,-1,-1
104,1,499.50579833984375,603.2918701171875,43.67010498046875,129.49017333984375,-1,-1,-1,-1
105,1,498.0843200683594,604.7257080078125,43.387725830078125,129.8939208984375,-1,-1,-1,-1
106,1,497.0615539550781,605.6138916015625,42.067108154296875,127.5419921875,-1,-1,-1,-1
107,1,492.8162841796875,604.267822265625,44.54443359375,129.77178955078125,-1,-1,-1,-1
108,1,490.53729248046875,601.4226684570312,45.28973388671875,129.44622802734375,-1,-1,-1,-1
109,1,489.2096252441406,597.1010131835938,45.282012939453125,129.2869873046875,-1,-1,-1,-1
110,1,487.1650085449219,594.6002197265625,44.783416748046875,130.7159423828125,-1,-1,-1,-1
111,1,486.0975341796875,592.2017211914062,43.4732666015625,128.93798828125,-1,-1,-1,-1
112,1,483.4336853027344,588.6425170898438,43.558135986328125,130.06317138671875,-1,-1,-1,-1
113,1,481.616455078125,587.2346801757812,43.6593017578125,129.39166259765625,-1,-1,-1,-1
114,1,480.6803283691406,585.9821166992188,43.667449951171875,129.84832763671875,-1,-1,-1,-1
115,1,479.6369934082031,585.3370361328125,44.473114013671875,129.24041748046875,-1,-1,-1,-1
116,1,478.78515625,583.3426513671875,44.46087646484375,130.0531005859375,-1,-1,-1,-1
117,1,480.4974365234375,581.79833984375,43.66912841796875,130.46453857421875,-1,-1,-1,-1
118,1,483.1138610839844,580.5759887695312,44.664886474609375,132.1392822265625,-1,-1,-1,-1
119,1,485.6494445800781,580.8912963867188,44.393890380859375,131.82659912109375,-1,-1,-1,-1
120,1,485.72076416015625,580.3258056640625,44.65374755859375,131.48858642578125,-1,-1,-1,-1
121,1,484.6266784667969,579.2864379882812,46.041168212890625,131.8385009765625,-1,-1,-1,-1
122,1,484.877685546875,578.9523315429688,44.73040771484375,131.88873291015625,-1,-1,-1,-1
123,1,482.77386474609375,577.8761596679688,43.98895263671875,132.61578369140625,-1,-1,-1,-1
124,1,480.1175842285156,577.1204833984375,43.884185791015625,131.16961669921875,-1,-1,-1,-1
125,1,473.670654296875,577.318359375,47.97650146484375,132.7955322265625,-1,-1,-1,-1
126,1,471.7549133300781,578.577880859375,47.008026123046875,132.0113525390625,-1,-1,-1,-1
127,1,470.770263671875,578.6204223632812,45.490966796875,132.8729248046875,-1,-1,-1,-1
128,1,467.376220703125,578.4033813476562,45.677276611328125,133.78118896484375,-1,-1,-1,-1
129,1,463.7804870605469,577.8990478515625,45.2540283203125,133.49169921875,-1,-1,-1,-1
130,1,458.488525390625,577.54833984375,47.051513671875,134.01434326171875,-1,-1,-1,-1
131,1,455.735107421875,575.7916259765625,45.390899658203125,132.8773193359375,-1,-1,-1,-1
132,1,451.3580322265625,572.93359375,45.519561767578125,132.31597900390625,-1,-1,-1,-1
133,1,446.2503662109375,570.068359375,47.14105224609375,134.8677978515625,-1,-1,-1,-1
134,1,442.96612548828125,566.99169921875,46.895233154296875,134.280517578125,-1,-1,-1,-1
135,1,441.10296630859375,565.521484375,46.58843994140625,133.62945556640625,-1,-1,-1,-1
136,1,440.00250244140625,564.146728515625,44.662445068359375,134.47271728515625,-1,-1,-1,-1
137,1,438.8221130371094,563.8106079101562,44.67034912109375,134.27142333984375,-1,-1,-1,-1
138,1,436.91717529296875,565.118896484375,46.1400146484375,134.0191650390625,-1,-1,-1,-1
139,1,436.18524169921875,566.3077392578125,46.1451416015625,134.8245849609375,-1,-1,-1,-1
140,1,435.0220947265625,569.607421875,47.454925537109375,134.64892578125,-1,-1,-1,-1
141,1,434.6242980957031,572.4507446289062,47.292877197265625,133.47613525390625,-1,-1,-1,-1
142,1,433.4332275390625,575.9268798828125,47.2786865234375,135.2119140625,-1,-1,-1,-1
143,1,432.3473815917969,580.6012573242188,48.24261474609375,133.11053466796875,-1,-1,-1,-1
144,1,432.8122253417969,583.0714111328125,46.999237060546875,134.2781982421875,-1,-1,-1,-1
145,1,431.46142578125,586.8291625976562,47.58416748046875,132.88409423828125,-1,-1,-1,-1
146,1,428.65130615234375,589.0792846679688,49.1312255859375,134.6358642578125,-1,-1,-1,-1
147,1,427.7354431152344,590.359130859375,47.34490966796875,134.7890625,-1,-1,-1,-1
148,1,427.5535888671875,591.71728515625,46.6658935546875,134.48358154296875,-1,-1,-1,-1
149,1,426.6119689941406,591.989990234375,46.39874267578125,135.126953125,-1,-1,-1,-1
150,1,426.3020935058594,592.31396484375,46.08563232421875,134.8216552734375,-1,-1,-1,-1
151,1,424.61767578125,591.8551635742188,46.007232666015625,133.90264892578125,-1,-1,-1,-1
152,1,422.24029541015625,589.2337036132812,46.542755126953125,135.92315673828125,-1,-1,-1,-1
153,1,421.9756164550781,587.8016357421875,46.686279296875,136.19427490234375,-1,-1,-1,-1
154,1,422.4692687988281,586.4737548828125,46.120635986328125,134.82421875,-1,-1,-1,-1
155,1,421.7991943359375,586.7572021484375,46.83453369140625,135.30914306640625,-1,-1,-1,-1
156,1,422.2537536621094,587.171142578125,46.955169677734375,134.04559326171875,-1,-1,-1,-1
157,1,424.0353698730469,586.5068359375,47.422698974609375,136.37091064453125,-1,-1,-1,-1
158,1,427.6245422363281,587.1075439453125,45.346435546875,134.19647216796875,-1,-1,-1,-1
159,1,428.11358642578125,587.3064575195312,46.76849365234375,134.77301025390625,-1,-1,-1,-1
160,1,428.94573974609375,587.0281372070312,45.52947998046875,134.78009033203125,-1,-1,-1,-1
161,1,427.0792236328125,583.788330078125,44.77935791015625,134.7484130859375,-1,-1,-1,-1
162,1,423.4736633300781,580.7984619140625,46.5592041015625,134.5526123046875,-1,-1,-1,-1
163,1,422.8896789550781,579.6114501953125,45.72149658203125,132.69000244140625,-1,-1,-1,-1
164,1,423.0885314941406,578.681640625,46.2288818359375,134.420654296875,-1,-1,-1,-1
165,1,424.80859375,577.9198608398438,45.220794677734375,134.61468505859375,-1,-1,-1,-1
166,1,424.7239990234375,577.6839599609375,46.68768310546875,135.296142578125,-1,-1,-1,-1
167,1,426.45867919921875,576.3058471679688,45.80340576171875,135.91204833984375,-1,-1,-1,-1
168,1,429.2832946777344,574.3382568359375,46.389923095703125,135.80377197265625,-1,-1,-1,-1
169,1,436.5808410644531,572.9163208007812,46.2015380859375,133.8067626953125,-1,-1,-1,-1
170,1,443.8362731933594,570.3812255859375,46.657318115234375,136.7872314453125,-1,-1,-1,-1
171,1,444.677001953125,569.1327514648438,46.75469970703125,137.4569091796875,-1,-1,-1,-1
172,1,438.16497802734375,568.6099853515625,44.982635498046875,136.7763671875,-1,-1,-1,-1
173,1,426.3140869140625,567.89794921875,45.280975341796875,137.06268310546875,-1,-1,-1,-1
174,1,414.4021301269531,567.1650390625,46.425933837890625,138.45770263671875,-1,-1,-1,-1
175,1,407.09600830078125,565.6897583007812,46.542022705078125,135.9276123046875,-1,-1,-1,-1
176,1,404.0509948730469,565.3297119140625,47.564788818359375,136.44287109375,-1,-1,-1,-1
177,1,400.35076904296875,566.146728515625,46.81878662109375,136.002685546875,-1,-1,-1,-1
178,1,395.5168151855469,565.1048583984375,46.725311279296875,136.40069580078125,-1,-1,-1,-1
179,1,390.96978759765625,559.1338500976562,49.1480712890625,138.75238037109375,-1,-1,-1,-1
180,1,393.4607849121094,550.8847045898438,48.3848876953125,135.81658935546875,-1,-1,-1,-1
181,1,397.5511169433594,537.1441650390625,47.953094482421875,139.171630859375,-1,-1,-1,-1
182,1,398.7932434082031,524.9696655273438,48.38983154296875,137.98486328125,-1,-1,-1,-1
183,1,395.1393737792969,521.87353515625,50.458465576171875,137.92950439453125,-1,-1,-1,-1
184,1,391.7750244140625,524.0294189453125,50.960906982421875,141.22509765625,-1,-1,-1,-1
185,1,388.6506652832031,528.7039794921875,52.511474609375,140.95465087890625,-1,-1,-1,-1
186,1,394.06884765625,532.259033203125,48.3551025390625,138.54095458984375,-1,-1,-1,-1
187,1,395.94500732421875,534.6348266601562,49.04534912109375,136.634033203125,-1,-1,-1,-1
188,1,398.55877685546875,536.3712768554688,48.2049560546875,136.370849609375,-1,-1,-1,-1
189,1,398.3844299316406,537.7192993164062,49.23663330078125,137.37994384765625,-1,-1,-1,-1
190,1,395.80523681640625,535.8281860351562,51.910064697265625,137.487060546875,-1,-1,-1,-1
191,1,394.75335693359375,533.4664916992188,50.86767578125,138.489501953125,-1,-1,-1,-1
192,1,395.38616943359375,534.604248046875,50.479583740234375,137.8082275390625,-1,-1,-1,-1
193,1,397.6044921875,537.2718505859375,50.385528564453125,138.986572265625,-1,-1,-1,-1
194,1,401.87469482421875,539.811279296875,50.78179931640625,137.32757568359375,-1,-1,-1,-1
195,1,403.3457336425781,542.1324462890625,51.694976806640625,138.6038818359375,-1,-1,-1,-1
196,1,404.56756591796875,543.369384765625,50.65350341796875,138.6114501953125,-1,-1,-1,-1
197,1,403.6091613769531,545.8900756835938,48.485107421875,136.95733642578125,-1,-1,-1,-1
198,1,400.99090576171875,549.98291015625,49.342681884765625,135.4659423828125,-1,-1,-1,-1
199,1,404.64202880859375,551.0430297851562,49.406707763671875,135.57373046875,-1,-1,-1,-1
200,1,409.8089294433594,554.0769653320312,48.808197021484375,136.075439453125,-1,-1,-1,-1
201,1,411.2812805175781,556.585205078125,47.992034912109375,137.611083984375,-1,-1,-1,-1
202,1,407.8802795410156,554.2677001953125,48.438690185546875,139.4229736328125,-1,-1,-1,-1
203,1,404.99139404296875,555.0559692382812,47.70880126953125,136.338623046875,-1,-1,-1,-1
204,1,404.7375183105469,556.1705932617188,48.17742919921875,139.398681640625,-1,-1,-1,-1
205,1,408.47442626953125,558.9727783203125,48.254791259765625,139.379638671875,-1,-1,-1,-1
206,1,411.2019348144531,563.0003051757812,46.91326904296875,135.474609375,-1,-1,-1,-1
207,1,410.83740234375,564.1328125,47.57635498046875,133.798828125,-1,-1,-1,-1
208,1,412.270263671875,564.6151733398438,46.476226806640625,133.2301025390625,-1,-1,-1,-1
209,1,414.513916015625,565.5678100585938,46.51776123046875,136.28277587890625,-1,-1,-1,-1
210,1,415.69122314453125,568.12353515625,48.912109375,138.35650634765625,-1,-1,-1,-1
211,1,421.447509765625,571.2072143554688,47.544281005859375,135.42279052734375,-1,-1,-1,-1
212,1,426.6114196777344,573.7373657226562,46.230926513671875,136.73089599609375,-1,-1,-1,-1
213,1,430.4962463378906,574.810302734375,46.602264404296875,135.560791015625,-1,-1,-1,-1
214,1,436.25555419921875,573.9067993164062,46.75048828125,135.3968505859375,-1,-1,-1,-1
215,1,442.940185546875,572.5523681640625,46.627349853515625,136.2265625,-1,-1,-1,-1
216,1,447.184326171875,569.7496337890625,48.6358642578125,136.951904296875,-1,-1,-1,-1
217,1,455.9638977050781,567.1380004882812,45.3448486328125,134.9794921875,-1,-1,-1,-1
218,1,460.7727966308594,565.7849731445312,46.9599609375,132.96173095703125,-1,-1,-1,-1
219,1,466.3251953125,565.7030639648438,47.248077392578125,133.89337158203125,-1,-1,-1,-1
220,1,470.03240966796875,568.4706420898438,46.3360595703125,134.57611083984375,-1,-1,-1,-1
221,1,471.5594787597656,571.3095092773438,48.118011474609375,136.14447021484375,-1,-1,-1,-1
222,1,474.245361328125,572.8731079101562,48.12872314453125,134.07012939453125,-1,-1,-1,-1
223,1,477.60791015625,573.0474853515625,47.41259765625,132.03155517578125,-1,-1,-1,-1
224,1,479.1365661621094,572.2886962890625,45.824493408203125,132.18304443359375,-1,-1,-1,-1
225,1,477.74945068359375,570.3095092773438,47.33294677734375,134.23565673828125,-1,-1,-1,-1
226,1,476.14923095703125,569.52294921875,49.709716796875,135.77996826171875,-1,-1,-1,-1
227,1,476.336669921875,569.8878173828125,49.10015869140625,134.74542236328125,-1,-1,-1,-1
228,1,476.3613586425781,572.8273315429688,48.551544189453125,133.96697998046875,-1,-1,-1,-1
229,1,475.2261657714844,575.84326171875,49.837738037109375,133.83544921875,-1,-1,-1,-1
230,1,473.56182861328125,577.90478515625,51.3018798828125,135.095703125,-1,-1,-1,-1
231,1,473.530517578125,579.1434936523438,50.023193359375,133.1483154296875,-1,-1,-1,-1
232,1,472.0373229980469,579.461181640625,49.428558349609375,132.9593505859375,-1,-1,-1,-1
233,1,470.676513671875,580.8302612304688,48.25738525390625,131.143310546875,-1,-1,-1,-1
234,1,469.17437744140625,582.4769287109375,46.26092529296875,133.7572021484375,-1,-1,-1,-1
235,1,462.3653259277344,585.1700439453125,47.8179931640625,134.1256103515625,-1,-1,-1,-1
236,1,449.46844482421875,587.5271606445312,49.9588623046875,135.92791748046875,-1,-1,-1,-1
237,1,439.3370056152344,588.4982299804688,48.523284912109375,137.19439697265625,-1,-1,-1,-1
238,1,429.4571838378906,588.3987426757812,50.052947998046875,136.52996826171875,-1,-1,-1,-1
239,1,424.7966613769531,585.9038696289062,48.173553466796875,137.94635009765625,-1,-1,-1,-1
240,1,417.9299011230469,583.5354614257812,49.455230712890625,137.15643310546875,-1,-1,-1,-1
241,1,413.6716613769531,580.5498046875,48.36993408203125,137.03814697265625,-1,-1,-1,-1
242,1,408.6564025878906,577.9401245117188,47.07501220703125,135.0693359375,-1,-1,-1,-1
243,1,400.53973388671875,574.705810546875,48.922821044921875,137.0,-1,-1,-1,-1
244,1,392.3800964355469,572.3670043945312,50.295989990234375,140.3427734375,-1,-1,-1,-1
245,1,386.2470703125,572.2593994140625,51.7906494140625,140.4249267578125,-1,-1,-1,-1
246,1,384.5933532714844,572.7236328125,49.52783203125,140.08160400390625,-1,-1,-1,-1
247,1,381.1120910644531,573.6544189453125,48.6485595703125,140.449462890625,-1,-1,-1,-1
248,1,376.9432067871094,574.1790161132812,49.646759033203125,139.36407470703125,-1,-1,-1,-1
249,1,373.8851623535156,574.0276489257812,49.23040771484375,139.25689697265625,-1,-1,-1,-1
250,1,371.30230712890625,573.1102905273438,47.700897216796875,138.73590087890625,-1,-1,-1,-1
251,1,366.46209716796875,572.6837158203125,49.590789794921875,141.001220703125,-1,-1,-1,-1
252,1,362.69586181640625,572.714599609375,50.502777099609375,141.17266845703125,-1,-1,-1,-1
253,1,360.3421936035156,573.0700073242188,50.941436767578125,140.55743408203125,-1,-1,-1,-1
254,1,358.9671936035156,572.9669189453125,51.055145263671875,139.88543701171875,-1,-1,-1,-1
255,1,358.1477355957031,571.382568359375,50.84466552734375,141.02978515625,-1,-1,-1,-1
256,1,357.32391357421875,570.2754516601562,50.720794677734375,142.30908203125,-1,-1,-1,-1
257,1,357.0141296386719,568.495361328125,50.88873291015625,143.5439453125,-1,-1,-1,-1
258,1,358.00140380859375,567.5809326171875,49.303253173828125,142.430908203125,-1,-1,-1,-1
259,1,357.5563659667969,566.504150390625,49.821319580078125,143.25390625,-1,-1,-1,-1
260,1,358.3818664550781,567.0806274414062,50.136199951171875,143.0712890625,-1,-1,-1,-1
261,1,358.5878601074219,567.7079467773438,51.622650146484375,142.726806640625,-1,-1,-1,-1
262,1,359.9678955078125,568.0989379882812,51.12860107421875,143.1759033203125,-1,-1,-1,-1
263,1,362.86334228515625,567.757080078125,50.5635986328125,142.59088134765625,-1,-1,-1,-1
264,1,368.2730712890625,566.90771484375,48.15350341796875,138.3084716796875,-1,-1,-1,-1
265,1,371.0361328125,566.6177978515625,47.930419921875,140.36444091796875,-1,-1,-1,-1
266,1,372.2894287109375,565.8056030273438,49.93670654296875,141.3046875,-1,-1,-1,-1
267,1,374.86761474609375,565.515869140625,50.908447265625,142.55242919921875,-1,-1,-1,-1
268,1,380.6282653808594,565.8856811523438,48.967071533203125,139.40740966796875,-1,-1,-1,-1
269,1,384.75628662109375,565.7676391601562,48.02252197265625,139.70611572265625,-1,-1,-1,-1
270,1,386.6593322753906,565.4682006835938,49.756195068359375,141.64111328125,-1,-1,-1,-1
271,1,390.62835693359375,566.7603759765625,50.49835205078125,140.61175537109375,-1,-1,-1,-1
272,1,396.71612548828125,568.0462646484375,47.589202880859375,136.01123046875,-1,-1,-1,-1
273,1,399.26470947265625,568.3585815429688,47.281951904296875,137.79254150390625,-1,-1,-1,-1
274,1,399.41473388671875,568.427490234375,48.684722900390625,137.749755859375,-1,-1,-1,-1
275,1,400.767333984375,568.6275634765625,49.293670654296875,136.45330810546875,-1,-1,-1,-1
276,1,401.8297119140625,566.249267578125,49.929473876953125,138.90545654296875,-1,-1,-1,-1
277,1,402.9681701660156,564.3973388671875,50.461639404296875,137.9144287109375,-1,-1,-1,-1
278,1,406.6036071777344,562.4053344726562,49.692657470703125,136.66741943359375,-1,-1,-1,-1
279,1,407.9938659667969,558.8761596679688,48.81634521484375,139.03240966796875,-1,-1,-1,-1
280,1,407.853515625,556.3001098632812,49.08026123046875,139.3270263671875,-1,-1,-1,-1
281,1,407.91497802734375,553.7113037109375,49.6951904296875,139.6025390625,-1,-1,-1,-1
282,1,406.2514953613281,551.9628295898438,51.564483642578125,139.75213623046875,-1,-1,-1,-1
283,1,407.7331237792969,551.2946166992188,48.728729248046875,137.31976318359375,-1,-1,-1,-1
284,1,404.676513671875,551.3634033203125,50.677825927734375,136.06292724609375,-1,-1,-1,-1
285,1,404.25787353515625,550.9666137695312,50.559814453125,135.29925537109375,-1,-1,-1,-1
286,1,403.79681396484375,550.7843017578125,50.718719482421875,135.498046875,-1,-1,-1,-1
287,1,403.083251953125,550.5643310546875,49.82275390625,135.8511962890625,-1,-1,-1,-1
288,1,402.3463439941406,551.259033203125,49.324554443359375,135.58197021484375,-1,-1,-1,-1
289,1,400.7572937011719,552.3834228515625,49.47052001953125,134.86370849609375,-1,-1,-1,-1
290,1,397.0357971191406,552.2152709960938,50.884124755859375,137.84429931640625,-1,-1,-1,-1
291,1,394.3651123046875,551.6322021484375,50.930267333984375,139.26495361328125,-1,-1,-1,-1
292,1,389.2510986328125,552.3403930664062,53.39361572265625,141.01727294921875,-1,-1,-1,-1
293,1,384.30096435546875,551.3379516601562,54.255828857421875,139.41595458984375,-1,-1,-1,-1
294,1,382.1648254394531,549.415283203125,52.15966796875,138.99237060546875,-1,-1,-1,-1
295,1,378.4178161621094,549.2814331054688,53.080902099609375,139.55084228515625,-1,-1,-1,-1
296,1,374.0173034667969,547.6184692382812,51.6673583984375,138.23370361328125,-1,-1,-1,-1
297,1,369.57818603515625,545.9214477539062,51.973419189453125,139.9522705078125,-1,-1,-1,-1
298,1,366.4444274902344,542.7462158203125,53.034912109375,142.63641357421875,-1,-1,-1,-1
299,1,361.5518798828125,540.1233520507812,53.7462158203125,144.6031494140625,-1,-1,-1,-1
300,1,355.9974365234375,538.0533447265625,56.3497314453125,145.8065185546875,-1,-1,-1,-1
301,1,354.2554931640625,536.7398071289062,54.385894775390625,143.41217041015625,-1,-1,-1,-1
302,1,353.0804443359375,534.1007080078125,55.18048095703125,143.19677734375,-1,-1,-1,-1
303,1,349.8498840332031,531.7645874023438,54.0240478515625,143.124755859375,-1,-1,-1,-1
304,1,344.64599609375,529.956298828125,53.831939697265625,141.6292724609375,-1,-1,-1,-1
305,1,338.959228515625,528.7903442382812,54.890594482421875,143.11614990234375,-1,-1,-1,-1
306,1,331.19134521484375,527.2842407226562,59.26251220703125,143.70257568359375,-1,-1,-1,-1
307,1,332.8374938964844,527.1103515625,54.513458251953125,142.69451904296875,-1,-1,-1,-1
308,1,332.6529846191406,527.2854614257812,53.20880126953125,143.052001953125,-1,-1,-1,-1
309,1,329.4304504394531,528.56396484375,52.999114990234375,142.90460205078125,-1,-1,-1,-1
310,1,325.74505615234375,531.5518188476562,54.602508544921875,146.47430419921875,-1,-1,-1,-1
311,1,322.8432922363281,536.0836181640625,51.4749755859375,141.18658447265625,-1,-1,-1,-1
312,1,316.48394775390625,541.041015625,51.028472900390625,143.191650390625,-1,-1,-1,-1
313,1,311.9530029296875,549.2018432617188,50.432037353515625,144.04498291015625,-1,-1,-1,-1
314,1,305.4538879394531,554.1036376953125,51.68505859375,145.091552734375,-1,-1,-1,-1
315,1,302.1324462890625,558.9904174804688,53.0064697265625,146.6629638671875,-1,-1,-1,-1
316,1,301.537353515625,561.9013671875,53.408935546875,148.432861328125,-1,-1,-1,-1
317,1,304.39007568359375,564.3970947265625,52.153717041015625,147.13427734375,-1,-1,-1,-1
318,1,307.4215087890625,565.793701171875,52.682281494140625,146.9063720703125,-1,-1,-1,-1
319,1,312.00592041015625,566.4422607421875,50.34564208984375,145.50689697265625,-1,-1,-1,-1
320,1,313.0982360839844,565.7845458984375,51.723663330078125,146.23199462890625,-1,-1,-1,-1
321,1,316.46917724609375,563.7882690429688,52.527679443359375,144.24371337890625,-1,-1,-1,-1
322,1,328.0805358886719,563.9707641601562,50.903594970703125,143.0269775390625,-1,-1,-1,-1
323,1,342.57855224609375,565.2381591796875,49.01873779296875,141.5509033203125,-1,-1,-1,-1
324,1,356.7987365722656,568.2608642578125,49.6068115234375,143.185791015625,-1,-1,-1,-1
325,1,368.31317138671875,572.306884765625,49.694488525390625,140.4276123046875,-1,-1,-1,-1
326,1,379.535888671875,574.10791015625,49.73284912109375,138.26025390625,-1,-1,-1,-1
327,1,386.4661560058594,575.7421875,51.343841552734375,137.38458251953125,-1,-1,-1,-1
328,1,397.8919372558594,579.6709594726562,47.90283203125,136.46002197265625,-1,-1,-1,-1
329,1,407.1141052246094,584.777099609375,50.088775634765625,138.3526611328125,-1,-1,-1,-1
330,1,415.7129211425781,587.5083618164062,49.012054443359375,136.30865478515625,-1,-1,-1,-1
331,1,422.2325439453125,586.9197998046875,49.11846923828125,137.7642822265625,-1,-1,-1,-1
332,1,428.1577453613281,584.4683227539062,47.81243896484375,132.93267822265625,-1,-1,-1,-1
333,1,433.06622314453125,582.6024169921875,48.78643798828125,132.56744384765625,-1,-1,-1,-1
334,1,438.6878356933594,581.4625244140625,48.078125,133.0965576171875,-1,-1,-1,-1
335,1,440.7286682128906,582.0606689453125,49.041412353515625,134.3494873046875,-1,-1,-1,-1
336,1,443.91064453125,582.4288330078125,48.833099365234375,133.50921630859375,-1,-1,-1,-1
337,1,446.56689453125,582.597412109375,47.6533203125,132.6446533203125,-1,-1,-1,-1
338,1,448.9378356933594,581.6695556640625,47.56109619140625,133.921142578125,-1,-1,-1,-1
339,1,451.0284729003906,580.262451171875,48.652496337890625,132.5198974609375,-1,-1,-1,-1
340,1,452.599853515625,579.3905029296875,47.98162841796875,133.4840087890625,-1,-1,-1,-1
341,1,454.77392578125,578.4095458984375,46.62518310546875,134.08013916015625,-1,-1,-1,-1
342,1,456.9850158691406,577.78173828125,45.55908203125,134.07012939453125,-1,-1,-1,-1
343,1,457.8042297363281,576.9976196289062,47.141876220703125,134.48284912109375,-1,-1,-1,-1
344,1,458.6171875,577.5784912109375,48.3907470703125,134.33978271484375,-1,-1,-1,-1
345,1,460.2645263671875,578.0670166015625,46.739990234375,132.53961181640625,-1,-1,-1,-1
346,1,458.220947265625,576.205322265625,48.266204833984375,134.64886474609375,-1,-1,-1,-1
347,1,458.62579345703125,575.1189575195312,47.4859619140625,134.0244140625,-1,-1,-1,-1
348,1,458.33477783203125,574.804443359375,47.468017578125,134.56640625,-1,-1,-1,-1
349,1,457.0419006347656,575.0272827148438,48.752471923828125,135.6932373046875,-1,-1,-1,-1
350,1,457.8927307128906,576.2576904296875,47.799072265625,134.5341796875,-1,-1,-1,-1
351,1,457.89569091796875,575.6561279296875,46.43133544921875,135.0701904296875,-1,-1,-1,-1
352,1,457.0379943847656,573.872802734375,44.9530029296875,135.26837158203125,-1,-1,-1,-1
353,1,454.94122314453125,571.5093383789062,44.84271240234375,132.7054443359375,-1,-1,-1,-1
354,1,450.3828125,569.7054443359375,48.61187744140625,135.594482421875,-1,-1,-1,-1
355,1,448.9758605957031,569.2026977539062,48.281158447265625,137.46905517578125,-1,-1,-1,-1
356,1,447.6836853027344,569.3394165039062,48.23089599609375,136.730224609375,-1,-1,-1,-1
357,1,446.1976318359375,569.6651000976562,48.591827392578125,137.31671142578125,-1,-1,-1,-1
358,1,445.36920166015625,569.1109008789062,48.58892822265625,137.0408935546875,-1,-1,-1,-1
359,1,444.3732604980469,569.8797607421875,48.840423583984375,136.155517578125,-1,-1,-1,-1
360,1,443.61883544921875,570.1273193359375,49.14227294921875,137.00396728515625,-1,-1,-1,-1
361,1,442.77667236328125,570.2849731445312,48.875244140625,137.331298828125,-1,-1,-1,-1
362,1,442.6119689941406,570.6021118164062,47.612762451171875,136.3944091796875,-1,-1,-1,-1
363,1,441.8461608886719,571.6249389648438,45.332763671875,135.52935791015625,-1,-1,-1,-1
364,1,440.8321533203125,572.7013549804688,45.550445556640625,133.80999755859375,-1,-1,-1,-1
365,1,441.3393859863281,574.1962890625,46.989471435546875,137.380615234375,-1,-1,-1,-1
366,1,442.64642333984375,574.423583984375,48.03094482421875,136.8673095703125,-1,-1,-1,-1
367,1,443.5884094238281,574.43798828125,50.114044189453125,136.48291015625,-1,-1,-1,-1
368,1,448.83575439453125,577.8085327148438,48.284423828125,134.5775146484375,-1,-1,-1,-1
369,1,450.13677978515625,579.2913208007812,48.569580078125,133.84320068359375,-1,-1,-1,-1
370,1,450.13946533203125,579.3629150390625,49.39892578125,134.41961669921875,-1,-1,-1,-1
371,1,449.68597412109375,578.7152709960938,49.597320556640625,134.56640625,-1,-1,-1,-1
372,1,453.6918640136719,576.10791015625,46.55767822265625,135.77862548828125,-1,-1,-1,-1
373,1,455.77471923828125,573.7003173828125,45.629486083984375,133.652099609375,-1,-1,-1,-1
374,1,455.89080810546875,573.2838745117188,46.485015869140625,131.861572265625,-1,-1,-1,-1
375,1,455.90948486328125,573.1265258789062,47.74688720703125,133.22393798828125,-1,-1,-1,-1
376,1,456.7519836425781,573.3193969726562,47.41632080078125,133.47479248046875,-1,-1,-1,-1
377,1,456.5006103515625,572.987548828125,47.162689208984375,133.113525390625,-1,-1,-1,-1
378,1,455.35052490234375,572.0333862304688,47.24652099609375,133.59368896484375,-1,-1,-1,-1
379,1,454.81011962890625,569.47607421875,47.639404296875,133.93634033203125,-1,-1,-1,-1
380,1,452.8832092285156,565.9424438476562,49.439971923828125,134.6405029296875,-1,-1,-1,-1
381,1,454.2925720214844,562.9322509765625,46.565582275390625,135.54132080078125,-1,-1,-1,-1
382,1,450.5466613769531,559.3784790039062,48.592010498046875,135.84796142578125,-1,-1,-1,-1
383,1,446.9609375,558.0081176757812,48.353424072265625,135.8336181640625,-1,-1,-1,-1
384,1,442.1632995605469,557.3705444335938,49.47906494140625,135.07818603515625,-1,-1,-1,-1
385,1,437.7491455078125,556.3687744140625,49.72747802734375,135.66363525390625,-1,-1,-1,-1
386,1,433.7254943847656,555.8120727539062,48.555145263671875,135.5771484375,-1,-1,-1,-1
387,1,427.37445068359375,556.12451171875,49.426971435546875,133.8765869140625,-1,-1,-1,-1
388,1,425.2520751953125,555.9509887695312,48.193878173828125,135.220947265625,-1,-1,-1,-1
389,1,420.2951965332031,557.97802734375,49.686676025390625,137.57806396484375,-1,-1,-1,-1
390,1,415.0833435058594,558.6141357421875,50.726348876953125,139.35943603515625,-1,-1,-1,-1
391,1,413.73541259765625,559.8187866210938,48.684722900390625,138.98291015625,-1,-1,-1,-1
392,1,408.8603515625,559.5576782226562,49.034759521484375,139.27691650390625,-1,-1,-1,-1
393,1,402.23443603515625,558.834228515625,51.13580322265625,139.61529541015625,-1,-1,-1,-1
394,1,399.8021545410156,560.2304077148438,49.5208740234375,137.4349365234375,-1,-1,-1,-1
395,1,397.66552734375,560.7564697265625,47.697357177734375,138.119384765625,-1,-1,-1,-1
396,1,392.11328125,560.8634033203125,49.318695068359375,139.029296875,-1,-1,-1,-1
397,1,385.8359375,559.845703125,51.45916748046875,140.0689697265625,-1,-1,-1,-1
398,1,383.9604187011719,559.5266723632812,51.04046630859375,140.291015625,-1,-1,-1,-1
399,1,384.55584716796875,559.6805419921875,48.28350830078125,139.4139404296875,-1,-1,-1,-1
400,1,382.4705505371094,560.338134765625,49.04620361328125,138.5244140625,-1,-1,-1,-1
401,1,379.6388244628906,560.0315551757812,49.897918701171875,139.9527587890625,-1,-1,-1,-1
402,1,376.4637145996094,560.3675537109375,50.247283935546875,139.08905029296875,-1,-1,-1,-1
403,1,372.6515808105469,561.5908203125,50.1580810546875,137.6717529296875,-1,-1,-1,-1
404,1,369.6165771484375,563.0473022460938,47.775177001953125,137.8104248046875,-1,-1,-1,-1
405,1,362.63726806640625,562.347900390625,50.132904052734375,140.2977294921875,-1,-1,-1,-1
406,1,356.46484375,563.71142578125,51.72393798828125,141.29150390625,-1,-1,-1,-1
407,1,349.5897216796875,564.5983276367188,50.972930908203125,140.5313720703125,-1,-1,-1,-1
408,1,340.2086486816406,565.3043823242188,49.581634521484375,142.16156005859375,-1,-1,-1,-1
409,1,328.3432312011719,564.93896484375,51.841094970703125,145.216064453125,-1,-1,-1,-1
410,1,320.57794189453125,564.8493041992188,50.63275146484375,142.75054931640625,-1,-1,-1,-1
411,1,316.80108642578125,563.7538452148438,49.8026123046875,143.78564453125,-1,-1,-1,-1
412,1,315.48455810546875,562.9733276367188,50.8128662109375,144.09033203125,-1,-1,-1,-1
413,1,315.8366394042969,561.93505859375,51.140594482421875,145.47601318359375,-1,-1,-1,-1
414,1,317.837646484375,561.3097534179688,50.40228271484375,143.24456787109375,-1,-1,-1,-1
415,1,320.0714416503906,561.214111328125,50.427459716796875,142.09814453125,-1,-1,-1,-1
416,1,321.08251953125,560.7725219726562,50.793487548828125,143.919189453125,-1,-1,-1,-1
417,1,320.4354248046875,561.0258178710938,50.75439453125,142.430908203125,-1,-1,-1,-1
418,1,318.31353759765625,561.8938598632812,50.69879150390625,145.02020263671875,-1,-1,-1,-1
419,1,317.3985595703125,562.6163330078125,51.0001220703125,146.04547119140625,-1,-1,-1,-1
420,1,319.5906982421875,563.3401489257812,49.553436279296875,143.01593017578125,-1,-1,-1,-1
421,1,319.8240051269531,563.0789794921875,50.515777587890625,142.16900634765625,-1,-1,-1,-1
422,1,320.8904113769531,562.24267578125,49.829376220703125,142.44683837890625,-1,-1,-1,-1
423,1,321.58123779296875,560.06591796875,50.46820068359375,143.48089599609375,-1,-1,-1,-1
424,1,321.7271728515625,557.623291015625,51.5833740234375,143.699462890625,-1,-1,-1,-1
425,1,321.9261169433594,556.7076416015625,51.55340576171875,143.6702880859375,-1,-1,-1,-1
426,1,321.5223388671875,557.474609375,52.416961669921875,143.5045166015625,-1,-1,-1,-1
427,1,321.8961486816406,558.6102294921875,51.922393798828125,142.9410400390625,-1,-1,-1,-1
428,1,320.80426025390625,559.2061157226562,52.0404052734375,144.4071044921875,-1,-1,-1,-1
429,1,320.51702880859375,558.7678833007812,51.726470947265625,144.03607177734375,-1,-1,-1,-1
430,1,320.7896423339844,558.4723510742188,51.290313720703125,142.72149658203125,-1,-1,-1,-1
431,1,322.5599060058594,556.8541259765625,50.818115234375,142.20574951171875,-1,-1,-1,-1
432,1,323.3311462402344,555.7859497070312,51.09478759765625,143.969970703125,-1,-1,-1,-1
433,1,326.0292663574219,555.0271606445312,49.982513427734375,144.84234619140625,-1,-1,-1,-1
434,1,327.5177001953125,554.052734375,51.373046875,144.80633544921875,-1,-1,-1,-1
435,1,330.230224609375,554.1515502929688,51.330780029296875,144.76629638671875,-1,-1,-1,-1
436,1,334.6825256347656,555.0427856445312,52.322052001953125,144.233154296875,-1,-1,-1,-1
437,1,341.1399841308594,554.7903442382812,50.15826416015625,144.14068603515625,-1,-1,-1,-1
438,1,342.7752990722656,555.3564453125,51.75762939453125,143.1278076171875,-1,-1,-1,-1
439,1,346.8409423828125,556.0171508789062,50.981475830078125,143.404541015625,-1,-1,-1,-1
440,1,349.1924743652344,556.6663208007812,51.6478271484375,143.27630615234375,-1,-1,-1,-1
441,1,351.671142578125,557.885986328125,50.0684814453125,141.0775146484375,-1,-1,-1,-1
442,1,353.6996765136719,558.5565185546875,48.9547119140625,139.4727783203125,-1,-1,-1,-1
443,1,354.4555358886719,558.5120849609375,48.754058837890625,141.365478515625,-1,-1,-1,-1
444,1,353.8194274902344,558.5701904296875,49.988494873046875,142.56890869140625,-1,-1,-1,-1
445,1,354.2720947265625,558.3213500976562,50.22021484375,143.2120361328125,-1,-1,-1,-1
446,1,357.3586730957031,558.8397216796875,51.4461669921875,141.8857421875,-1,-1,-1,-1
447,1,368.6180114746094,558.727783203125,49.885101318359375,140.4892578125,-1,-1,-1,-1
448,1,381.01416015625,556.0473022460938,49.813323974609375,141.48968505859375,-1,-1,-1,-1
449,1,389.2768249511719,554.1800537109375,50.55950927734375,141.47430419921875,-1,-1,-1,-1
450,1,398.0760498046875,554.33203125,47.79339599609375,138.69293212890625,-1,-1,-1,-1
451,1,399.74078369140625,555.6962890625,49.890533447265625,138.5357666015625,-1,-1,-1,-1
452,1,399.2577819824219,558.00390625,50.88311767578125,138.2484130859375,-1,-1,-1,-1
453,1,399.7887268066406,559.564697265625,51.438018798828125,138.01116943359375,-1,-1,-1,-1
454,1,403.8108825683594,559.9893798828125,50.23455810546875,138.0313720703125,-1,-1,-1,-1
455,1,407.1236267089844,559.588134765625,49.60186767578125,139.10400390625,-1,-1,-1,-1
456,1,409.79010009765625,559.1187744140625,48.622955322265625,138.54833984375,-1,-1,-1,-1
457,1,412.257080078125,559.7410278320312,48.34210205078125,138.94757080078125,-1,-1,-1,-1
458,1,412.2955322265625,561.6911010742188,48.834869384765625,137.26654052734375,-1,-1,-1,-1
459,1,413.0843811035156,562.7245483398438,48.12127685546875,135.70831298828125,-1,-1,-1,-1
460,1,413.32928466796875,563.2814331054688,47.725677490234375,136.0362548828125,-1,-1,-1,-1
461,1,413.39404296875,564.3677368164062,46.530609130859375,134.13751220703125,-1,-1,-1,-1
462,1,413.69000244140625,565.1665649414062,47.167816162109375,134.24322509765625,-1,-1,-1,-1
463,1,414.2036437988281,565.5748291015625,47.864990234375,135.0162353515625,-1,-1,-1,-1
464,1,413.99365234375,566.1245727539062,49.096435546875,136.1802978515625,-1,-1,-1,-1
465,1,414.0461730957031,566.5682373046875,49.672271728515625,136.4420166015625,-1,-1,-1,-1
466,1,413.99322509765625,567.2161865234375,49.73822021484375,138.826416015625,-1,-1,-1,-1
467,1,414.0946044921875,568.2750244140625,49.0653076171875,137.55621337890625,-1,-1,-1,-1
468,1,412.8359680175781,567.9202270507812,49.196502685546875,138.0880126953125,-1,-1,-1,-1
469,1,412.81805419921875,566.464111328125,47.466064453125,137.5784912109375,-1,-1,-1,-1
470,1,412.4406433105469,565.3841552734375,47.80621337890625,138.7252197265625,-1,-1,-1,-1
471,1,412.3543701171875,565.1008911132812,47.892333984375,137.08343505859375,-1,-1,-1,-1
472,1,412.92633056640625,564.9835205078125,47.251251220703125,135.5772705078125,-1,-1,-1,-1
473,1,411.6213684082031,565.3377685546875,47.721893310546875,135.65582275390625,-1,-1,-1,-1
474,1,411.5922546386719,565.6035766601562,47.73699951171875,135.591064453125,-1,-1,-1,-1
475,1,411.35919189453125,566.5485229492188,48.237518310546875,136.97509765625,-1,-1,-1,-1
476,1,413.2918395996094,569.1676635742188,47.59222412109375,135.96282958984375,-1,-1,-1,-1
477,1,413.6986389160156,572.4080200195312,48.42291259765625,139.5040283203125,-1,-1,-1,-1
478,1,413.1232604980469,575.61328125,49.48638916015625,137.6571044921875,-1,-1,-1,-1
479,1,412.93658447265625,578.9454345703125,50.091705322265625,133.977294921875,-1,-1,-1,-1
480,1,413.6779479980469,582.3613891601562,50.71417236328125,135.7540283203125,-1,-1,-1,-1
481,1,413.4506530761719,586.5519409179688,50.924560546875,138.1900634765625,-1,-1,-1,-1
482,1,410.7339172363281,589.1303100585938,52.203826904296875,137.60931396484375,-1,-1,-1,-1
483,1,410.87164306640625,592.9951782226562,50.367401123046875,135.532958984375,-1,-1,-1,-1
484,1,408.9668273925781,596.7509155273438,54.262786865234375,137.02655029296875,-1,-1,-1,-1
485,1,411.1654052734375,602.0157470703125,55.16180419921875,138.2684326171875,-1,-1,-1,-1
486,1,419.1678466796875,609.8314208984375,51.55291748046875,133.032470703125,-1,-1,-1,-1
487,1,423.53076171875,615.4913330078125,53.1732177734375,133.70166015625,-1,-1,-1,-1
488,1,430.2875671386719,621.2966918945312,51.822967529296875,131.18389892578125,-1,-1,-1,-1
489,1,432.4171142578125,621.3677368164062,54.2423095703125,133.231201171875,-1,-1,-1,-1
490,1,437.6592712402344,623.2935180664062,52.280517578125,131.7156982421875,-1,-1,-1,-1
491,1,444.1705322265625,622.9547729492188,49.32904052734375,133.3748779296875,-1,-1,-1,-1
492,1,443.51141357421875,625.2960205078125,53.0504150390625,134.666015625,-1,-1,-1,-1
493,1,445.66680908203125,625.0531005859375,50.468536376953125,133.27337646484375,-1,-1,-1,-1
494,1,443.53936767578125,624.3262329101562,47.24139404296875,131.70306396484375,-1,-1,-1,-1
495,1,438.3902893066406,617.9425659179688,48.168426513671875,132.66351318359375,-1,-1,-1,-1
496,1,433.7838439941406,615.3455200195312,47.591217041015625,131.16754150390625,-1,-1,-1,-1
497,1,430.357666015625,620.2760009765625,49.0694580078125,132.12103271484375,-1,-1,-1,-1
498,1,429.14691162109375,626.1953735351562,47.348175048828125,132.85888671875,-1,-1,-1,-1
499,1,426.0318908691406,630.7904663085938,46.845306396484375,133.58953857421875,-1,-1,-1,-1
500,1,421.5462646484375,632.4365234375,48.85980224609375,134.620361328125,-1,-1,-1,-1
501,1,419.3310852050781,632.9498901367188,50.16815185546875,133.755615234375,-1,-1,-1,-1
502,1,421.0921630859375,633.0498046875,49.289154052734375,135.53643798828125,-1,-1,-1,-1
503,1,423.76885986328125,633.2315063476562,47.0152587890625,134.83392333984375,-1,-1,-1,-1
504,1,422.94207763671875,633.97998046875,47.086944580078125,134.398193359375,-1,-1,-1,-1
505,1,425.0169982910156,635.3016967773438,46.052398681640625,132.90631103515625,-1,-1,-1,-1
506,1,429.5176086425781,636.5189819335938,46.095458984375,133.21282958984375,-1,-1,-1,-1
507,1,432.34124755859375,636.81591796875,46.3948974609375,134.81707763671875,-1,-1,-1,-1
508,1,433.2108154296875,638.5518188476562,47.639404296875,137.29840087890625,-1,-1,-1,-1
509,1,432.8081970214844,640.2385864257812,47.252838134765625,138.19464111328125,-1,-1,-1,-1
510,1,433.2337646484375,640.01953125,47.587188720703125,138.00146484375,-1,-1,-1,-1
511,1,435.4068908691406,639.1570434570312,47.56201171875,135.6656494140625,-1,-1,-1,-1
512,1,441.45550537109375,638.261962890625,47.5582275390625,134.85321044921875,-1,-1,-1,-1
513,1,444.07525634765625,637.0274047851562,48.632537841796875,134.30474853515625,-1,-1,-1,-1
514,1,445.8572692871094,635.2476806640625,48.833953857421875,135.037353515625,-1,-1,-1,-1
515,1,446.7923583984375,631.1550903320312,50.124420166015625,136.3787841796875,-1,-1,-1,-1
516,1,448.43853759765625,624.5355834960938,51.137481689453125,137.76043701171875,-1,-1,-1,-1
517,1,449.2406311035156,620.043212890625,51.75341796875,135.89337158203125,-1,-1,-1,-1
518,1,447.7314147949219,619.41064453125,53.274169921875,135.1578369140625,-1,-1,-1,-1
519,1,443.1064758300781,621.3091430664062,56.737518310546875,136.02435302734375,-1,-1,-1,-1
520,1,436.3874816894531,623.9854736328125,59.628448486328125,136.0283203125,-1,-1,-1,-1
521,1,429.8516540527344,624.2713012695312,60.992431640625,136.15203857421875,-1,-1,-1,-1
522,1,423.5146484375,621.4712524414062,65.3499755859375,136.6832275390625,-1,-1,-1,-1
523,1,419.67340087890625,618.740966796875,63.95306396484375,134.1627197265625,-1,-1,-1,-1
524,1,413.5811462402344,614.9020385742188,64.76992797851562,136.877197265625,-1,-1,-1,-1
525,1,411.53515625,608.9588623046875,62.0,138.5784912109375,-1,-1,-1,-1
526,1,409.6052551269531,602.3383178710938,60.4002685546875,137.22918701171875,-1,-1,-1,-1
527,1,402.1962890625,597.4705810546875,61.4376220703125,140.2489013671875,-1,-1,-1,-1
528,1,399.28643798828125,593.44677734375,58.473052978515625,142.01788330078125,-1,-1,-1,-1
529,1,398.7630615234375,588.31884765625,56.6219482421875,140.0709228515625,-1,-1,-1,-1
530,1,398.72930908203125,582.0372314453125,56.647735595703125,143.50030517578125,-1,-1,-1,-1
531,1,396.37103271484375,580.7265625,55.9503173828125,142.89080810546875,-1,-1,-1,-1
532,1,386.0628662109375,579.0463256835938,58.091522216796875,143.59716796875,-1,-1,-1,-1
533,1,374.3834533691406,578.9122924804688,58.869171142578125,142.60791015625,-1,-1,-1,-1
534,1,362.93988037109375,579.5224609375,60.279754638671875,144.0821533203125,-1,-1,-1,-1
535,1,354.96929931640625,579.3727416992188,59.105499267578125,144.63836669921875,-1,-1,-1,-1
536,1,346.9105529785156,578.9996337890625,59.89739990234375,144.2789306640625,-1,-1,-1,-1
537,1,341.7932434082031,582.3175048828125,59.599822998046875,144.8916015625,-1,-1,-1,-1
538,1,342.00567626953125,591.5067749023438,58.9693603515625,145.614013671875,-1,-1,-1,-1
539,1,339.52239990234375,596.7752685546875,60.90679931640625,144.6484375,-1,-1,-1,-1
540,1,337.6882019042969,604.5596923828125,61.031494140625,145.1763916015625,-1,-1,-1,-1
541,1,331.97210693359375,604.8600463867188,63.683380126953125,144.38751220703125,-1,-1,-1,-1
542,1,327.11175537109375,605.0240478515625,62.331329345703125,143.67620849609375,-1,-1,-1,-1
543,1,321.4063415527344,606.6932373046875,65.63272094726562,144.5848388671875,-1,-1,-1,-1
544,1,321.1791687011719,606.5990600585938,66.25576782226562,144.631103515625,-1,-1,-1,-1
545,1,321.07177734375,605.9584350585938,65.50439453125,143.15228271484375,-1,-1,-1,-1
546,1,318.2088317871094,606.152587890625,68.12661743164062,144.25946044921875,-1,-1,-1,-1
547,1,315.4190368652344,607.7930908203125,70.83132934570312,144.37945556640625,-1,-1,-1,-1
548,1,316.62005615234375,607.4260864257812,71.72528076171875,144.08447265625,-1,-1,-1,-1
549,1,323.5272521972656,604.9224243164062,70.52117919921875,142.3248291015625,-1,-1,-1,-1
550,1,324.41937255859375,601.4427490234375,73.30807495117188,140.4813232421875,-1,-1,-1,-1
551,1,324.0657653808594,600.32177734375,75.60824584960938,140.49627685546875,-1,-1,-1,-1
552,1,324.9060363769531,604.3248901367188,74.63131713867188,140.7969970703125,-1,-1,-1,-1
553,1,322.250732421875,606.109619140625,77.3026123046875,142.20428466796875,-1,-1,-1,-1
554,1,320.7471618652344,607.0987548828125,78.95980834960938,140.49249267578125,-1,-1,-1,-1
555,1,318.51483154296875,606.1287231445312,79.44546508789062,140.3780517578125,-1,-1,-1,-1
556,1,314.91400146484375,604.6160888671875,80.68829345703125,138.5653076171875,-1,-1,-1,-1
557,1,313.9983825683594,602.3224487304688,80.81060791015625,138.69256591796875,-1,-1,-1,-1
558,1,314.84344482421875,603.4028930664062,80.98977661132812,137.66693115234375,-1,-1,-1,-1
559,1,314.767822265625,605.207763671875,80.57574462890625,137.7618408203125,-1,-1,-1,-1
560,1,309.6385498046875,607.27392578125,85.33172607421875,138.7322998046875,-1,-1,-1,-1
561,1,308.54107666015625,610.1152954101562,84.87847900390625,138.36737060546875,-1,-1,-1,-1
562,1,311.9266662597656,613.45166015625,81.58038330078125,137.94464111328125,-1,-1,-1,-1
563,1,314.93963623046875,618.315185546875,82.83523559570312,134.89093017578125,-1,-1,-1,-1
564,1,318.6304016113281,619.751953125,82.47933959960938,135.06640625,-1,-1,-1,-1
565,1,322.2638854980469,619.1865234375,85.17929077148438,133.6024169921875,-1,-1,-1,-1
566,1,320.43408203125,617.8751220703125,91.23379516601562,133.41522216796875,-1,-1,-1,-1
567,1,320.0026550292969,618.10888671875,93.98931884765625,133.3553466796875,-1,-1,-1,-1
568,1,325.7365417480469,619.6884155273438,89.25177001953125,134.62640380859375,-1,-1,-1,-1
569,1,329.1685485839844,622.9072265625,87.14373779296875,134.96856689453125,-1,-1,-1,-1
570,1,329.6907653808594,625.1467895507812,86.198974609375,133.838134765625,-1,-1,-1,-1
571,1,327.39361572265625,623.9690551757812,89.71548461914062,134.62945556640625,-1,-1,-1,-1
572,1,330.8777770996094,625.437255859375,88.92462158203125,132.64129638671875,-1,-1,-1,-1
573,1,328.14569091796875,625.1939697265625,94.46588134765625,134.001708984375,-1,-1,-1,-1
574,1,331.33746337890625,632.3915405273438,91.68157958984375,129.4794921875,-1,-1,-1,-1
575,1,332.7014465332031,633.0170288085938,91.39157104492188,130.62493896484375,-1,-1,-1,-1
576,1,333.90545654296875,632.6029052734375,90.56329345703125,130.25732421875,-1,-1,-1,-1
577,1,335.84405517578125,633.1561279296875,89.19488525390625,129.388427734375,-1,-1,-1,-1
578,1,333.18109130859375,634.0070190429688,90.79351806640625,129.54180908203125,-1,-1,-1,-1
579,1,331.9170837402344,633.666015625,91.636474609375,129.69879150390625,-1,-1,-1,-1
580,1,333.2969970703125,633.9410400390625,89.7318115234375,129.04315185546875,-1,-1,-1,-1
581,1,329.13641357421875,633.0750122070312,93.2313232421875,128.93572998046875,-1,-1,-1,-1
582,1,330.8167419433594,632.419921875,91.55227661132812,128.317138671875,-1,-1,-1,-1
583,1,332.4028015136719,632.302734375,91.65725708007812,129.2442626953125,-1,-1,-1,-1
584,1,333.53326416015625,631.9839477539062,90.61343383789062,128.85498046875,-1,-1,-1,-1
585,1,333.64227294921875,631.4335327148438,91.90585327148438,128.9852294921875,-1,-1,-1,-1
586,1,335.04071044921875,631.9972534179688,92.43609619140625,128.3448486328125,-1,-1,-1,-1
587,1,333.3390808105469,632.0110473632812,96.5611572265625,130.36895751953125,-1,-1,-1,-1
588,1,339.2315368652344,633.9242553710938,92.78244018554688,130.48199462890625,-1,-1,-1,-1
589,1,344.2081604003906,633.798828125,92.67047119140625,128.53143310546875,-1,-1,-1,-1
590,1,341.4601135253906,630.2177734375,95.24533081054688,128.54669189453125,-1,-1,-1,-1
591,1,344.40118408203125,627.3629150390625,92.77813720703125,129.61663818359375,-1,-1,-1,-1
592,1,348.8527526855469,630.2489624023438,89.19580078125,128.92974853515625,-1,-1,-1,-1
593,1,350.9411926269531,633.8475952148438,87.67257690429688,130.07342529296875,-1,-1,-1,-1
594,1,353.45892333984375,635.2630004882812,84.90396118164062,130.800537109375,-1,-1,-1,-1
595,1,354.8109436035156,634.33740234375,83.78097534179688,131.53509521484375,-1,-1,-1,-1
596,1,359.75482177734375,633.0494384765625,78.78945922851562,132.31231689453125,-1,-1,-1,-1
597,1,362.33343505859375,630.4072265625,78.7120361328125,133.255126953125,-1,-1,-1,-1
598,1,367.1014404296875,627.1123657226562,75.92440795898438,136.1744384765625,-1,-1,-1,-1
599,1,368.93548583984375,625.6427001953125,73.82406616210938,137.3966064453125,-1,-1,-1,-1
600,1,370.594482421875,626.1336059570312,72.52743530273438,138.14239501953125,-1,-1,-1,-1
601,1,373.0570983886719,626.2662963867188,70.80154418945312,138.22784423828125,-1,-1,-1,-1
1,2,803.7210693359375,606.2691650390625,176.9415283203125,226.1268310546875,-1,-1,-1,-1
2,2,819.585205078125,600.2355346679688,165.8677978515625,228.9375,-1,-1,-1,-1
3,2,838.112060546875,593.1565551757812,152.62042236328125,225.5457763671875,-1,-1,-1,-1
4,2,845.5586547851562,585.8261108398438,147.90142822265625,222.87493896484375,-1,-1,-1,-1
5,2,847.0829467773438,579.1123046875,150.30938720703125,225.4544677734375,-1,-1,-1,-1
6,2,845.6572875976562,574.6171264648438,151.3592529296875,231.61712646484375,-1,-1,-1,-1
7,2,842.7138671875,573.5677490234375,145.77862548828125,236.63433837890625,-1,-1,-1,-1
8,2,837.74755859375,571.0294189453125,155.07977294921875,240.036865234375,-1,-1,-1,-1
9,2,809.5939331054688,571.8955078125,182.16107177734375,237.09246826171875,-1,-1,-1,-1
10,2,776.4278564453125,576.0654907226562,208.712890625,232.79815673828125,-1,-1,-1,-1
11,2,781.8522338867188,579.0055541992188,191.8270263671875,232.47381591796875,-1,-1,-1,-1
12,2,791.271484375,584.6856689453125,169.77337646484375,232.6669921875,-1,-1,-1,-1
13,2,753.4418334960938,588.8429565429688,196.72613525390625,233.892822265625,-1,-1,-1,-1
14,2,749.7190551757812,590.3159790039062,190.16522216796875,233.0169677734375,-1,-1,-1,-1
15,2,749.021484375,591.7243041992188,184.642578125,233.3839111328125,-1,-1,-1,-1
16,2,760.357421875,593.4811401367188,170.3616943359375,231.69757080078125,-1,-1,-1,-1
17,2,786.9414672851562,594.485107421875,147.1644287109375,231.00018310546875,-1,-1,-1,-1
18,2,792.8123779296875,594.6641235351562,143.9951171875,229.2943115234375,-1,-1,-1,-1
19,2,794.3187866210938,596.098876953125,144.20660400390625,226.82330322265625,-1,-1,-1,-1
20,2,800.2294311523438,598.1749267578125,142.90008544921875,225.94525146484375,-1,-1,-1,-1
21,2,807.2606201171875,596.0922241210938,143.7391357421875,228.87347412109375,-1,-1,-1,-1
22,2,814.1925048828125,591.8378295898438,143.4019775390625,231.41558837890625,-1,-1,-1,-1
23,2,817.368408203125,584.8715209960938,146.95123291015625,237.224609375,-1,-1,-1,-1
24,2,813.5630493164062,576.3824462890625,151.07171630859375,243.07470703125,-1,-1,-1,-1
25,2,822.7146606445312,572.1015014648438,134.5889892578125,246.29852294921875,-1,-1,-1,-1
26,2,822.75830078125,571.2996826171875,135.62091064453125,247.78082275390625,-1,-1,-1,-1
27,2,821.1441650390625,575.9634399414062,139.77667236328125,246.11260986328125,-1,-1,-1,-1
28,2,812.5293579101562,584.09521484375,152.29583740234375,246.45751953125,-1,-1,-1,-1
29,2,808.8955078125,593.3737182617188,160.9117431640625,242.75714111328125,-1,-1,-1,-1
30,2,815.0968627929688,597.97412109375,162.71771240234375,238.28497314453125,-1,-1,-1,-1
31,2,820.6678466796875,594.2467651367188,158.493896484375,241.54327392578125,-1,-1,-1,-1
32,2,819.178955078125,586.8508911132812,158.72686767578125,249.72503662109375,-1,-1,-1,-1
33,2,826.15673828125,578.93994140625,149.0379638671875,257.5960693359375,-1,-1,-1,-1
34,2,833.0696411132812,576.9221801757812,139.0533447265625,264.92327880859375,-1,-1,-1,-1
35,2,843.92919921875,577.0327758789062,124.05645751953125,274.13153076171875,-1,-1,-1,-1
36,2,849.26123046875,580.4691162109375,117.37896728515625,276.4256591796875,-1,-1,-1,-1
37,2,853.2752685546875,585.734375,117.759521484375,273.5067138671875,-1,-1,-1,-1
38,2,856.1317749023438,589.6921997070312,113.1163330078125,270.42529296875,-1,-1,-1,-1
39,2,852.7780151367188,589.14453125,119.177490234375,271.88427734375,-1,-1,-1,-1
40,2,847.0717163085938,588.39404296875,128.34393310546875,274.51702880859375,-1,-1,-1,-1
41,2,843.4552001953125,588.0003662109375,133.95941162109375,276.14739990234375,-1,-1,-1,-1
42,2,840.9597778320312,588.2716674804688,132.08673095703125,276.656982421875,-1,-1,-1,-1
43,2,827.0957641601562,589.0463256835938,147.573974609375,275.7686767578125,-1,-1,-1,-1
44,2,808.922607421875,590.8967895507812,170.5623779296875,274.25848388671875,-1,-1,-1,-1
45,2,803.78173828125,595.313720703125,176.4947509765625,268.53936767578125,-1,-1,-1,-1
46,2,806.06689453125,599.1010131835938,177.62451171875,263.93902587890625,-1,-1,-1,-1
47,2,804.985595703125,600.1994018554688,182.376953125,261.91326904296875,-1,-1,-1,-1
48,2,806.4013061523438,601.4298706054688,182.25408935546875,261.392822265625,-1,-1,-1,-1
49,2,806.607177734375,602.6537475585938,179.17462158203125,260.7677001953125,-1,-1,-1,-1
50,2,808.6287841796875,604.557861328125,168.89068603515625,257.47625732421875,-1,-1,-1,-1
51,2,807.799560546875,607.62744140625,158.82672119140625,251.1439208984375,-1,-1,-1,-1
52,2,807.7946166992188,609.4315185546875,143.60198974609375,247.82562255859375,-1,-1,-1,-1
53,2,806.3656005859375,611.9512939453125,130.76214599609375,245.66552734375,-1,-1,-1,-1
54,2,801.8551635742188,614.0384521484375,120.44525146484375,248.329345703125,-1,-1,-1,-1
55,2,802.1298828125,615.38916015625,109.5301513671875,251.794189453125,-1,-1,-1,-1
56,2,803.3910522460938,615.796875,106.23614501953125,256.23773193359375,-1,-1,-1,-1
57,2,800.8464965820312,614.5530395507812,111.63262939453125,263.5703125,-1,-1,-1,-1
58,2,800.5545043945312,613.68505859375,110.94830322265625,269.5244140625,-1,-1,-1,-1
59,2,799.7268676757812,612.2259521484375,111.83355712890625,273.5673828125,-1,-1,-1,-1
60,2,800.781005859375,611.69873046875,112.284912109375,275.47515869140625,-1,-1,-1,-1
61,2,802.4557495117188,611.8731079101562,110.8160400390625,276.98126220703125,-1,-1,-1,-1
62,2,807.632568359375,609.3197631835938,106.8817138671875,279.7218017578125,-1,-1,-1,-1
63,2,811.1741943359375,606.3009643554688,106.87750244140625,283.01336669921875,-1,-1,-1,-1
64,2,812.30859375,603.6776123046875,103.80706787109375,286.34686279296875,-1,-1,-1,-1
65,2,815.099365234375,602.2275390625,102.58905029296875,288.13751220703125,-1,-1,-1,-1
66,2,815.4332275390625,601.6375732421875,103.93231201171875,288.43475341796875,-1,-1,-1,-1
67,2,814.8250122070312,603.7427368164062,106.52789306640625,288.42169189453125,-1,-1,-1,-1
68,2,814.0889892578125,608.845947265625,109.07232666015625,284.7567138671875,-1,-1,-1,-1
69,2,812.7393798828125,611.9031982421875,112.179443359375,282.626220703125,-1,-1,-1,-1
70,2,809.6381225585938,615.4745483398438,114.71746826171875,283.5048828125,-1,-1,-1,-1
71,2,802.20263671875,625.6396484375,114.52459716796875,276.379150390625,-1,-1,-1,-1
72,2,793.6769409179688,631.392822265625,113.00506591796875,276.02569580078125,-1,-1,-1,-1
73,2,788.0455932617188,639.1165771484375,108.83160400390625,268.22601318359375,-1,-1,-1,-1
74,2,782.6234741210938,642.6319580078125,106.92047119140625,265.636962890625,-1,-1,-1,-1
75,2,782.9769287109375,645.32275390625,101.55780029296875,263.0289306640625,-1,-1,-1,-1
76,2,777.0232543945312,642.8128662109375,106.74591064453125,267.89691162109375,-1,-1,-1,-1
77,2,771.3987426757812,638.8739013671875,110.311279296875,273.5966796875,-1,-1,-1,-1
78,2,773.621337890625,634.1710205078125,106.0760498046875,279.9183349609375,-1,-1,-1,-1
79,2,773.2565307617188,630.753173828125,103.01922607421875,284.6708984375,-1,-1,-1,-1
80,2,773.7813720703125,629.6422119140625,101.9622802734375,286.7049560546875,-1,-1,-1,-1
81,2,773.7039794921875,627.050048828125,100.0299072265625,287.0118408203125,-1,-1,-1,-1
82,2,770.2089233398438,624.5975952148438,98.70709228515625,284.63873291015625,-1,-1,-1,-1
83,2,761.2521362304688,619.3802490234375,100.529541015625,283.96026611328125,-1,-1,-1,-1
84,2,753.6375732421875,617.5057983398438,101.22515869140625,284.870361328125,-1,-1,-1,-1
85,2,748.62353515625,616.86669921875,101.560791015625,287.60443115234375,-1,-1,-1,-1
86,2,745.6790771484375,618.2174682617188,98.77691650390625,289.09356689453125,-1,-1,-1,-1
87,2,743.3291015625,622.045654296875,99.37481689453125,286.3116455078125,-1,-1,-1,-1
88,2,740.5428466796875,624.6663208007812,96.9200439453125,284.6761474609375,-1,-1,-1,-1
89,2,738.8765869140625,626.2913208007812,95.82513427734375,284.80157470703125,-1,-1,-1,-1
90,2,738.884521484375,629.4674682617188,95.77667236328125,285.0162353515625,-1,-1,-1,-1
91,2,739.5780029296875,631.978515625,96.75518798828125,288.0478515625,-1,-1,-1,-1
92,2,742.4533081054688,633.680419921875,94.08343505859375,289.3865966796875,-1,-1,-1,-1
93,2,747.9235229492188,633.5274658203125,94.0496826171875,293.460205078125,-1,-1,-1,-1
94,2,751.1544189453125,629.680908203125,94.09478759765625,295.61004638671875,-1,-1,-1,-1
95,2,756.0494995117188,626.410400390625,94.56915283203125,296.43365478515625,-1,-1,-1,-1
96,2,757.5261840820312,625.9570922851562,96.46148681640625,297.28387451171875,-1,-1,-1,-1
97,2,758.4784545898438,626.8123168945312,98.1666259765625,298.28082275390625,-1,-1,-1,-1
98,2,760.1602172851562,627.3610229492188,101.02874755859375,301.0987548828125,-1,-1,-1,-1
99,2,760.8907470703125,626.6527099609375,100.35247802734375,301.6048583984375,-1,-1,-1,-1
100,2,759.8921508789062,626.32177734375,105.406494140625,301.28961181640625,-1,-1,-1,-1
101,2,756.7457885742188,627.422607421875,108.800048828125,300.581787109375,-1,-1,-1,-1
102,2,753.5174560546875,630.4925537109375,110.94342041015625,302.02325439453125,-1,-1,-1,-1
103,2,751.3916625976562,636.8787841796875,115.98419189453125,302.0860595703125,-1,-1,-1,-1
104,2,750.4268798828125,641.4083251953125,122.261474609375,302.09600830078125,-1,-1,-1,-1
105,2,749.248779296875,642.76171875,127.51019287109375,304.1849365234375,-1,-1,-1,-1
106,2,746.5150146484375,645.093505859375,129.43896484375,309.3692626953125,-1,-1,-1,-1
107,2,743.9511108398438,645.3690185546875,128.51495361328125,313.5657958984375,-1,-1,-1,-1
108,2,745.4483642578125,642.2852172851562,126.63775634765625,316.24481201171875,-1,-1,-1,-1
109,2,744.6875,639.5343627929688,126.24249267578125,316.54705810546875,-1,-1,-1,-1
110,2,741.5574340820312,635.2176513671875,127.6240234375,318.20758056640625,-1,-1,-1,-1
111,2,737.730712890625,628.6271362304688,130.08148193359375,322.8880615234375,-1,-1,-1,-1
112,2,734.3727416992188,623.6469116210938,130.7020263671875,326.13043212890625,-1,-1,-1,-1
113,2,733.181396484375,619.82275390625,126.09124755859375,328.553955078125,-1,-1,-1,-1
114,2,731.1834106445312,616.6292724609375,123.89178466796875,329.771240234375,-1,-1,-1,-1
115,2,729.9675903320312,617.3877563476562,124.3646240234375,329.7181396484375,-1,-1,-1,-1
116,2,727.0946655273438,619.0914306640625,125.5498046875,326.34271240234375,-1,-1,-1,-1
117,2,728.35546875,621.094970703125,123.7197265625,332.32177734375,-1,-1,-1,-1
118,2,731.6466064453125,622.5669555664062,120.88916015625,339.48358154296875,-1,-1,-1,-1
119,2,734.0560302734375,623.22607421875,121.6983642578125,339.481689453125,-1,-1,-1,-1
120,2,734.1619262695312,622.5590209960938,122.71337890625,339.78253173828125,-1,-1,-1,-1
121,2,713.9193725585938,621.7090454101562,144.63629150390625,337.2373046875,-1,-1,-1,-1
122,2,726.8408813476562,622.258544921875,138.16748046875,340.39508056640625,-1,-1,-1,-1
123,2,739.6393432617188,622.256591796875,137.72021484375,352.12237548828125,-1,-1,-1,-1
124,2,737.662353515625,620.7254638671875,148.6226806640625,371.45892333984375,-1,-1,-1,-1
125,2,734.7283935546875,619.851318359375,162.564208984375,381.70074462890625,-1,-1,-1,-1
126,2,732.892333984375,619.991455078125,165.4552001953125,382.7142333984375,-1,-1,-1,-1
127,2,741.6696166992188,619.8894653320312,156.94622802734375,382.60699462890625,-1,-1,-1,-1
128,2,743.57421875,620.6993408203125,164.67950439453125,392.349609375,-1,-1,-1,-1
129,2,745.1007690429688,617.1123046875,180.97613525390625,415.146240234375,-1,-1,-1,-1
130,2,744.2437133789062,613.24658203125,203.411376953125,443.9102783203125,-1,-1,-1,-1
131,2,746.8160400390625,607.1697998046875,206.682861328125,483.4578857421875,-1,-1,-1,-1
132,2,753.8564453125,605.539794921875,214.98992919921875,491.169677734375,-1,-1,-1,-1
133,2,754.8307495117188,606.8095092773438,221.8773193359375,493.40264892578125,-1,-1,-1,-1
134,2,753.7135009765625,608.4707641601562,224.92034912109375,495.94366455078125,-1,-1,-1,-1
135,2,758.9401245117188,606.2108764648438,219.81317138671875,498.96185302734375,-1,-1,-1,-1
136,2,766.246826171875,601.7991333007812,211.09283447265625,503.15960693359375,-1,-1,-1,-1
137,2,775.7704467773438,598.0050048828125,200.32781982421875,507.8748779296875,-1,-1,-1,-1
138,2,782.8034057617188,596.7482299804688,194.01324462890625,511.58599853515625,-1,-1,-1,-1
139,2,784.2320556640625,597.90283203125,191.36444091796875,514.2564697265625,-1,-1,-1,-1
140,2,783.55810546875,600.611572265625,193.69287109375,515.48876953125,-1,-1,-1,-1
141,2,784.2796020507812,602.145751953125,192.419921875,517.21728515625,-1,-1,-1,-1
142,2,788.3202514648438,603.39306640625,185.90313720703125,518.21728515625,-1,-1,-1,-1
143,2,791.5834350585938,606.1262817382812,184.156982421875,520.0485229492188,-1,-1,-1,-1
144,2,792.8504638671875,610.438232421875,184.78973388671875,521.870361328125,-1,-1,-1,-1
145,2,791.4334716796875,615.5999145507812,186.18341064453125,519.9539184570312,-1,-1,-1,-1
146,2,790.6674194335938,621.262451171875,186.40679931640625,516.40087890625,-1,-1,-1,-1
147,2,777.697021484375,625.13916015625,198.08404541015625,513.97509765625,-1,-1,-1,-1
148,2,759.4872436523438,627.7314453125,215.30194091796875,513.689697265625,-1,-1,-1,-1
149,2,751.8133544921875,627.9783325195312,220.65625,514.2521362304688,-1,-1,-1,-1
150,2,751.8682250976562,625.5480346679688,217.225830078125,510.16522216796875,-1,-1,-1,-1
151,2,759.6258544921875,621.0189819335938,205.85015869140625,502.42950439453125,-1,-1,-1,-1
152,2,770.5134887695312,614.8037109375,184.25872802734375,494.12841796875,-1,-1,-1,-1
153,2,776.4910888671875,612.2000732421875,169.880126953125,488.1036376953125,-1,-1,-1,-1
154,2,779.1712646484375,611.2525634765625,160.3048095703125,482.5345458984375,-1,-1,-1,-1
155,2,777.1017456054688,611.8545532226562,158.96868896484375,481.22503662109375,-1,-1,-1,-1
156,2,778.2534790039062,612.280517578125,161.501708984375,481.3565673828125,-1,-1,-1,-1
157,2,780.1759033203125,611.6574096679688,163.05615234375,486.41558837890625,-1,-1,-1,-1
158,2,784.651123046875,611.1194458007812,163.79718017578125,493.62481689453125,-1,-1,-1,-1
159,2,790.6011962890625,610.9382934570312,162.924072265625,498.48223876953125,-1,-1,-1,-1
160,2,790.88037109375,609.19091796875,164.316162109375,503.2625732421875,-1,-1,-1,-1
161,2,786.90380859375,605.9151000976562,166.039794921875,504.64019775390625,-1,-1,-1,-1
162,2,783.6243896484375,600.23828125,166.03662109375,507.84326171875,-1,-1,-1,-1
163,2,786.7616577148438,594.9429931640625,160.16143798828125,511.23583984375,-1,-1,-1,-1
164,2,789.0799560546875,588.6548461914062,158.25115966796875,516.8163452148438,-1,-1,-1,-1
165,2,790.9420166015625,585.8558349609375,159.432373046875,520.010498046875,-1,-1,-1,-1
166,2,799.0243530273438,584.544677734375,154.64080810546875,521.639404296875,-1,-1,-1,-1
167,2,807.9103393554688,584.2887573242188,147.3001708984375,520.8508911132812,-1,-1,-1,-1
168,2,814.514404296875,584.9323120117188,142.85162353515625,520.7941284179688,-1,-1,-1,-1
169,2,818.1154174804688,583.263427734375,145.35150146484375,523.3868408203125,-1,-1,-1,-1
170,2,818.8522338867188,577.6913452148438,152.11138916015625,524.9137573242188,-1,-1,-1,-1
171,2,813.91552734375,571.1552124023438,161.828369140625,524.0011596679688,-1,-1,-1,-1
172,2,799.8846435546875,566.7317504882812,174.2607421875,520.7894897460938,-1,-1,-1,-1
173,2,775.290771484375,569.8688354492188,193.557861328125,511.92681884765625,-1,-1,-1,-1
174,2,755.2789916992188,579.4613647460938,206.81744384765625,503.83673095703125,-1,-1,-1,-1
175,2,745.9930419921875,585.950439453125,209.2977294921875,498.4432373046875,-1,-1,-1,-1
176,2,744.3231201171875,590.613525390625,208.12646484375,494.345947265625,-1,-1,-1,-1
177,2,744.2129516601562,590.9793701171875,205.6915283203125,491.7135009765625,-1,-1,-1,-1
178,2,742.1146850585938,590.844970703125,199.540771484375,489.9361572265625,-1,-1,-1,-1
179,2,734.0899047851562,590.6492309570312,190.2763671875,486.32537841796875,-1,-1,-1,-1
180,2,732.5575561523438,587.7711791992188,177.31744384765625,475.28179931640625,-1,-1,-1,-1
181,2,735.3284912109375,580.6470336914062,158.316650390625,455.31768798828125,-1,-1,-1,-1
182,2,735.741943359375,570.7259521484375,150.076416015625,435.40234375,-1,-1,-1,-1
183,2,736.590087890625,569.4827880859375,146.70050048828125,425.49749755859375,-1,-1,-1,-1
184,2,721.134521484375,579.064453125,145.08209228515625,414.19305419921875,-1,-1,-1,-1
185,2,685.18798828125,596.3794555664062,175.131103515625,396.69671630859375,-1,-1,-1,-1
186,2,680.3829956054688,613.22900390625,177.3287353515625,383.6851806640625,-1,-1,-1,-1
187,2,680.6785278320312,625.6945190429688,182.9293212890625,379.50921630859375,-1,-1,-1,-1
188,2,683.1311645507812,634.0006103515625,186.34588623046875,385.713134765625,-1,-1,-1,-1
189,2,685.544189453125,632.9710083007812,196.6107177734375,400.91290283203125,-1,-1,-1,-1
190,2,684.4663696289062,627.2902221679688,203.14892578125,418.83428955078125,-1,-1,-1,-1
191,2,679.9921264648438,621.2647094726562,209.618896484375,428.57611083984375,-1,-1,-1,-1
192,2,680.8572387695312,618.0384521484375,213.99371337890625,436.57373046875,-1,-1,-1,-1
193,2,692.4346923828125,616.8101806640625,205.88690185546875,443.9512939453125,-1,-1,-1,-1
194,2,715.4957275390625,612.4470825195312,188.4713134765625,450.91339111328125,-1,-1,-1,-1
195,2,734.6337280273438,602.9298706054688,170.9508056640625,460.44390869140625,-1,-1,-1,-1
196,2,738.949951171875,591.468994140625,167.522705078125,468.4432373046875,-1,-1,-1,-1
197,2,740.7171020507812,582.2855224609375,163.68927001953125,470.5294189453125,-1,-1,-1,-1
198,2,739.2357788085938,577.8661499023438,154.6929931640625,464.27056884765625,-1,-1,-1,-1
199,2,741.8054809570312,577.7769775390625,145.7763671875,453.7222900390625,-1,-1,-1,-1
200,2,747.43896484375,584.6840209960938,140.92669677734375,447.85040283203125,-1,-1,-1,-1
201,2,746.1996459960938,588.7872314453125,132.99176025390625,444.9210205078125,-1,-1,-1,-1
202,2,743.1551513671875,587.114501953125,131.21124267578125,441.063232421875,-1,-1,-1,-1
203,2,737.7086791992188,584.0630493164062,131.3519287109375,442.03460693359375,-1,-1,-1,-1
204,2,715.7095336914062,583.5580444335938,148.37896728515625,442.53778076171875,-1,-1,-1,-1
205,2,710.9236450195312,580.943359375,172.89080810546875,441.80096435546875,-1,-1,-1,-1
206,2,693.9574584960938,580.9938354492188,170.95550537109375,441.07708740234375,-1,-1,-1,-1
207,2,677.411865234375,582.4545288085938,187.7052001953125,438.23675537109375,-1,-1,-1,-1
208,2,665.410400390625,585.020263671875,200.5159912109375,435.39208984375,-1,-1,-1,-1
209,2,660.533447265625,590.2413940429688,207.9139404296875,430.71783447265625,-1,-1,-1,-1
210,2,658.8311157226562,594.467529296875,210.33563232421875,427.49066162109375,-1,-1,-1,-1
211,2,661.3201904296875,597.14404296875,207.61053466796875,424.3154296875,-1,-1,-1,-1
212,2,664.2429809570312,596.727783203125,204.73858642578125,420.90057373046875,-1,-1,-1,-1
213,2,670.1004638671875,595.78076171875,194.97906494140625,401.3048095703125,-1,-1,-1,-1
214,2,676.8040771484375,592.292724609375,180.7900390625,378.8564453125,-1,-1,-1,-1
215,2,681.4502563476562,590.0109252929688,163.02813720703125,353.52484130859375,-1,-1,-1,-1
216,2,689.740478515625,587.5154418945312,147.1551513671875,342.94451904296875,-1,-1,-1,-1
217,2,693.9031372070312,586.3599243164062,144.99603271484375,341.61126708984375,-1,-1,-1,-1
218,2,694.0277709960938,592.4017944335938,159.35546875,334.681884765625,-1,-1,-1,-1
219,2,691.5062255859375,600.389892578125,170.36517333984375,326.9779052734375,-1,-1,-1,-1
220,2,687.09619140625,618.0374755859375,173.91400146484375,308.92376708984375,-1,-1,-1,-1
221,2,689.4915771484375,634.9595947265625,171.8758544921875,282.810546875,-1,-1,-1,-1
222,2,694.0677490234375,638.7516479492188,176.48583984375,272.65887451171875,-1,-1,-1,-1
223,2,696.0897827148438,634.4607543945312,188.28082275390625,281.3585205078125,-1,-1,-1,-1
224,2,696.7892456054688,627.3093872070312,192.69036865234375,284.5511474609375,-1,-1,-1,-1
225,2,696.8055419921875,617.2161865234375,192.89306640625,292.417724609375,-1,-1,-1,-1
226,2,712.3592529296875,608.9818725585938,180.49774169921875,301.85577392578125,-1,-1,-1,-1
227,2,734.3303833007812,603.5845336914062,163.04876708984375,307.30859375,-1,-1,-1,-1
228,2,773.98193359375,600.9752807617188,129.23370361328125,311.87384033203125,-1,-1,-1,-1
229,2,802.165283203125,600.7943725585938,110.1549072265625,316.60321044921875,-1,-1,-1,-1
230,2,812.820068359375,599.6319580078125,143.373779296875,319.3074951171875,-1,-1,-1,-1
231,2,823.5765380859375,600.910400390625,142.74432373046875,320.18780517578125,-1,-1,-1,-1
232,2,827.5343017578125,601.6118774414062,134.269775390625,318.68963623046875,-1,-1,-1,-1
233,2,826.4010620117188,602.8718872070312,153.83380126953125,317.7489013671875,-1,-1,-1,-1
234,2,823.510009765625,606.5013427734375,178.3785400390625,315.78729248046875,-1,-1,-1,-1
235,2,829.4712524414062,615.0789794921875,185.52642822265625,310.76593017578125,-1,-1,-1,-1
236,2,832.7756958007812,627.1371459960938,178.66839599609375,301.24359130859375,-1,-1,-1,-1
237,2,817.458984375,632.2899169921875,182.89019775390625,294.42572021484375,-1,-1,-1,-1
238,2,815.0828857421875,623.98583984375,177.32080078125,298.61956787109375,-1,-1,-1,-1
239,2,811.8241577148438,611.0030517578125,169.04339599609375,308.41754150390625,-1,-1,-1,-1
240,2,814.8868408203125,600.7559814453125,161.37249755859375,316.0267333984375,-1,-1,-1,-1
241,2,818.5878295898438,595.0027465820312,154.7386474609375,324.50921630859375,-1,-1,-1,-1
242,2,819.3627319335938,592.10400390625,158.10919189453125,329.86517333984375,-1,-1,-1,-1
243,2,813.8264770507812,594.5313720703125,163.8017578125,325.5303955078125,-1,-1,-1,-1
244,2,806.758544921875,601.7764892578125,171.8603515625,318.93988037109375,-1,-1,-1,-1
245,2,800.513671875,610.846923828125,182.36419677734375,309.53759765625,-1,-1,-1,-1
246,2,798.3272705078125,614.79296875,184.53228759765625,305.7567138671875,-1,-1,-1,-1
247,2,797.9296875,610.8311157226562,179.9205322265625,308.16900634765625,-1,-1,-1,-1
248,2,795.7706298828125,602.1912841796875,172.372314453125,314.69952392578125,-1,-1,-1,-1
249,2,794.1641845703125,594.6665649414062,163.7069091796875,320.26019287109375,-1,-1,-1,-1
250,2,795.636474609375,591.245361328125,144.0914306640625,322.77197265625,-1,-1,-1,-1
251,2,805.6551513671875,592.2408447265625,115.3770751953125,318.60284423828125,-1,-1,-1,-1
252,2,807.8350219726562,596.130859375,105.2259521484375,319.3291015625,-1,-1,-1,-1
253,2,804.6192626953125,601.1174926757812,107.57745361328125,316.9052734375,-1,-1,-1,-1
254,2,803.77978515625,603.0579833984375,107.1041259765625,314.1710205078125,-1,-1,-1,-1
255,2,804.3216552734375,602.3070068359375,106.12408447265625,313.9072265625,-1,-1,-1,-1
256,2,806.5472412109375,600.1364135742188,102.50714111328125,312.59906005859375,-1,-1,-1,-1
257,2,796.25927734375,596.8029174804688,109.1895751953125,313.7591552734375,-1,-1,-1,-1
258,2,782.0861206054688,595.951416015625,120.8389892578125,312.079345703125,-1,-1,-1,-1
259,2,764.9584350585938,597.3931884765625,139.99786376953125,311.24945068359375,-1,-1,-1,-1
260,2,754.196044921875,601.7291259765625,153.370849609375,310.21624755859375,-1,-1,-1,-1
261,2,749.490966796875,607.598876953125,160.0345458984375,306.19091796875,-1,-1,-1,-1
262,2,745.5961303710938,611.35400390625,164.3536376953125,303.5045166015625,-1,-1,-1,-1
263,2,746.4591064453125,612.0116577148438,162.5377197265625,301.47576904296875,-1,-1,-1,-1
264,2,747.8075561523438,610.2744140625,159.78192138671875,301.22784423828125,-1,-1,-1,-1
265,2,750.6386108398438,609.054443359375,147.8094482421875,297.551513671875,-1,-1,-1,-1
266,2,752.85888671875,610.4471435546875,135.4644775390625,286.3009033203125,-1,-1,-1,-1
267,2,754.4197998046875,613.25927734375,125.4022216796875,275.23846435546875,-1,-1,-1,-1
268,2,755.6012573242188,616.92822265625,120.301025390625,265.76153564453125,-1,-1,-1,-1
269,2,760.8511352539062,619.7157592773438,114.300537109375,257.070068359375,-1,-1,-1,-1
270,2,764.2291259765625,621.9254760742188,114.94561767578125,253.23345947265625,-1,-1,-1,-1
271,2,765.828125,622.7670288085938,119.38800048828125,256.2666015625,-1,-1,-1,-1
272,2,767.7155151367188,623.0927124023438,124.86578369140625,261.80560302734375,-1,-1,-1,-1
273,2,769.2557373046875,622.7665405273438,132.4932861328125,272.83343505859375,-1,-1,-1,-1
274,2,770.964599609375,622.6382446289062,138.13641357421875,284.57989501953125,-1,-1,-1,-1
275,2,770.541748046875,622.8671875,141.1724853515625,294.679443359375,-1,-1,-1,-1
276,2,773.3080444335938,623.5864868164062,142.60504150390625,305.86004638671875,-1,-1,-1,-1
277,2,772.2988891601562,624.0292358398438,146.2313232421875,311.01800537109375,-1,-1,-1,-1
278,2,775.1746215820312,625.0949096679688,147.25921630859375,311.23150634765625,-1,-1,-1,-1
279,2,777.34228515625,626.2633666992188,147.7181396484375,311.714111328125,-1,-1,-1,-1
280,2,778.1679077148438,625.84423828125,147.08197021484375,312.23193359375,-1,-1,-1,-1
281,2,781.8375854492188,623.4949951171875,143.652587890625,312.9002685546875,-1,-1,-1,-1
282,2,786.647705078125,619.625244140625,138.29534912109375,316.0086669921875,-1,-1,-1,-1
283,2,791.86572265625,614.7362670898438,131.78021240234375,319.13525390625,-1,-1,-1,-1
284,2,798.3565063476562,611.0718383789062,123.05072021484375,321.75787353515625,-1,-1,-1,-1
285,2,803.3109741210938,610.041259765625,118.05548095703125,321.85980224609375,-1,-1,-1,-1
286,2,802.6964111328125,611.9207153320312,119.5167236328125,324.91552734375,-1,-1,-1,-1
287,2,800.5775146484375,615.1012573242188,123.70330810546875,323.8421630859375,-1,-1,-1,-1
288,2,799.7763061523438,620.8182983398438,127.266845703125,320.60711669921875,-1,-1,-1,-1
289,2,797.51708984375,626.374755859375,135.82586669921875,321.876953125,-1,-1,-1,-1
290,2,795.7271728515625,630.0183715820312,140.16302490234375,326.234130859375,-1,-1,-1,-1
291,2,792.7420043945312,632.1946411132812,145.51849365234375,332.25048828125,-1,-1,-1,-1
292,2,791.4244384765625,633.7241821289062,149.25811767578125,340.7333984375,-1,-1,-1,-1
293,2,787.1807861328125,632.0716552734375,156.502197265625,351.22314453125,-1,-1,-1,-1
294,2,783.037353515625,628.9733276367188,155.47955322265625,355.26812744140625,-1,-1,-1,-1
295,2,779.048583984375,622.8927612304688,149.2109375,358.8558349609375,-1,-1,-1,-1
296,2,779.7960815429688,619.6524658203125,148.25390625,361.57733154296875,-1,-1,-1,-1
297,2,787.7965087890625,620.4366455078125,145.0911865234375,359.35601806640625,-1,-1,-1,-1
298,2,798.7235107421875,621.9414672851562,141.50994873046875,364.42230224609375,-1,-1,-1,-1
299,2,801.00537109375,623.0359497070312,154.84173583984375,380.50555419921875,-1,-1,-1,-1
300,2,798.303955078125,621.3928833007812,196.8690185546875,407.36956787109375,-1,-1,-1,-1
301,2,799.0755615234375,623.6925048828125,215.25439453125,442.3548583984375,-1,-1,-1,-1
302,2,803.2151489257812,630.2041625976562,236.86163330078125,458.82611083984375,-1,-1,-1,-1
303,2,816.3268432617188,641.2142944335938,232.19171142578125,451.75787353515625,-1,-1,-1,-1
304,2,820.7651977539062,642.2403564453125,231.17071533203125,451.8773193359375,-1,-1,-1,-1
305,2,816.7616577148438,629.6397094726562,233.88653564453125,463.16009521484375,-1,-1,-1,-1
306,2,811.2470092773438,611.00537109375,230.80767822265625,476.60595703125,-1,-1,-1,-1
307,2,811.1318969726562,596.0733032226562,223.02484130859375,479.98468017578125,-1,-1,-1,-1
308,2,823.20458984375,586.6626586914062,195.88629150390625,468.19781494140625,-1,-1,-1,-1
309,2,845.8065185546875,584.8692626953125,154.93402099609375,456.1383056640625,-1,-1,-1,-1
310,2,871.5504150390625,587.4681396484375,126.3653564453125,450.5604248046875,-1,-1,-1,-1
311,2,872.7238159179688,592.50244140625,125.20501708984375,446.0645751953125,-1,-1,-1,-1
312,2,868.2830200195312,596.9581298828125,124.30419921875,441.1575927734375,-1,-1,-1,-1
313,2,857.9788208007812,596.15380859375,130.3319091796875,442.5970458984375,-1,-1,-1,-1
314,2,845.9151611328125,596.47119140625,137.7869873046875,443.3624267578125,-1,-1,-1,-1
315,2,835.7454223632812,595.74169921875,146.376220703125,444.295166015625,-1,-1,-1,-1
316,2,820.2203369140625,598.2271118164062,160.279296875,444.51336669921875,-1,-1,-1,-1
317,2,788.953857421875,601.4699096679688,194.1121826171875,445.69647216796875,-1,-1,-1,-1
318,2,771.5036010742188,608.5181274414062,216.04302978515625,441.98748779296875,-1,-1,-1,-1
319,2,762.6259765625,614.7620239257812,226.75408935546875,438.89385986328125,-1,-1,-1,-1
320,2,755.46923828125,622.530029296875,231.59600830078125,434.7001953125,-1,-1,-1,-1
321,2,749.7882690429688,625.4030151367188,237.11865234375,430.28863525390625,-1,-1,-1,-1
322,2,753.5687255859375,626.0010986328125,237.07080078125,430.8341064453125,-1,-1,-1,-1
323,2,763.6649169921875,624.2037353515625,233.441650390625,431.9049072265625,-1,-1,-1,-1
324,2,775.1586303710938,621.4371337890625,223.48095703125,431.490234375,-1,-1,-1,-1
325,2,787.0257568359375,618.6798706054688,207.71759033203125,421.49005126953125,-1,-1,-1,-1
326,2,796.5139770507812,612.9325561523438,178.18194580078125,412.58489990234375,-1,-1,-1,-1
327,2,805.0048828125,609.2362670898438,149.76708984375,402.81402587890625,-1,-1,-1,-1
328,2,816.2789916992188,608.1294555664062,124.8238525390625,395.42059326171875,-1,-1,-1,-1
329,2,824.9617919921875,611.262451171875,118.8575439453125,387.2052001953125,-1,-1,-1,-1
330,2,830.2368774414062,614.7157592773438,116.24554443359375,379.04766845703125,-1,-1,-1,-1
331,2,835.2664184570312,616.4563598632812,112.50872802734375,379.23291015625,-1,-1,-1,-1
332,2,835.5388793945312,617.86474609375,111.2833251953125,376.6103515625,-1,-1,-1,-1
333,2,830.2297973632812,616.91357421875,116.4552001953125,375.6092529296875,-1,-1,-1,-1
334,2,824.0475463867188,616.6345825195312,119.6622314453125,376.0648193359375,-1,-1,-1,-1
335,2,801.9894409179688,615.566650390625,138.46209716796875,375.20452880859375,-1,-1,-1,-1
336,2,788.087890625,615.6513671875,149.3800048828125,375.2252197265625,-1,-1,-1,-1
337,2,780.8392333984375,617.9617919921875,156.8587646484375,372.9898681640625,-1,-1,-1,-1
338,2,777.5636596679688,622.6337280273438,157.06634521484375,367.03741455078125,-1,-1,-1,-1
339,2,777.6272583007812,623.9631958007812,158.62042236328125,359.77581787109375,-1,-1,-1,-1
340,2,779.0078125,621.3330688476562,160.24420166015625,358.2216796875,-1,-1,-1,-1
341,2,778.892333984375,613.638671875,160.5296630859375,360.7647705078125,-1,-1,-1,-1
342,2,779.6150512695312,604.725341796875,162.74359130859375,363.400634765625,-1,-1,-1,-1
343,2,781.315185546875,598.8779296875,163.140869140625,361.58050537109375,-1,-1,-1,-1
344,2,782.2330322265625,594.3682250976562,162.9249267578125,359.75482177734375,-1,-1,-1,-1
345,2,782.505126953125,595.7991333007812,161.51580810546875,357.43719482421875,-1,-1,-1,-1
346,2,778.6412963867188,599.772216796875,164.24163818359375,353.5240478515625,-1,-1,-1,-1
347,2,773.0166625976562,606.8159790039062,166.10675048828125,347.29827880859375,-1,-1,-1,-1
348,2,773.85693359375,617.6016235351562,154.287841796875,339.24884033203125,-1,-1,-1,-1
349,2,774.7774047851562,625.4681396484375,151.4429931640625,333.26824951171875,-1,-1,-1,-1
350,2,772.8870849609375,623.1470336914062,151.7952880859375,336.77215576171875,-1,-1,-1,-1
351,2,771.9139404296875,614.280029296875,144.05352783203125,343.16510009765625,-1,-1,-1,-1
352,2,769.3094482421875,604.1764526367188,143.1805419921875,347.8001708984375,-1,-1,-1,-1
353,2,773.4998168945312,598.3887329101562,134.11834716796875,340.44842529296875,-1,-1,-1,-1
354,2,779.8877563476562,596.301513671875,125.23138427734375,336.0645751953125,-1,-1,-1,-1
355,2,785.7053833007812,599.7572631835938,113.2281494140625,332.7760009765625,-1,-1,-1,-1
356,2,780.1849975585938,603.5790405273438,121.96136474609375,331.6986083984375,-1,-1,-1,-1
357,2,777.6683959960938,607.1146850585938,140.40960693359375,329.31732177734375,-1,-1,-1,-1
358,2,781.183349609375,608.0101318359375,145.76708984375,328.6934814453125,-1,-1,-1,-1
359,2,780.9439697265625,605.8269653320312,141.640625,329.08099365234375,-1,-1,-1,-1
360,2,777.931884765625,603.0400390625,121.5841064453125,330.245849609375,-1,-1,-1,-1
361,2,772.1256103515625,601.1893310546875,117.83502197265625,330.88134765625,-1,-1,-1,-1
362,2,763.3211669921875,600.9939575195312,121.80902099609375,328.061279296875,-1,-1,-1,-1
363,2,756.4430541992188,604.8697509765625,126.86285400390625,322.20867919921875,-1,-1,-1,-1
364,2,754.1488037109375,612.2537841796875,123.8494873046875,314.03472900390625,-1,-1,-1,-1
365,2,753.959716796875,620.427001953125,120.75018310546875,306.9388427734375,-1,-1,-1,-1
366,2,757.1653442382812,626.03173828125,118.4832763671875,302.433349609375,-1,-1,-1,-1
367,2,761.6654663085938,629.2899169921875,118.9215087890625,302.81280517578125,-1,-1,-1,-1
368,2,764.2755737304688,632.01611328125,124.943359375,308.66864013671875,-1,-1,-1,-1
369,2,764.5131225585938,633.9625244140625,133.592041015625,318.973876953125,-1,-1,-1,-1
370,2,764.3861694335938,635.2071533203125,143.14581298828125,330.80633544921875,-1,-1,-1,-1
371,2,763.7891235351562,635.0426025390625,150.3736572265625,334.643798828125,-1,-1,-1,-1
372,2,763.1712036132812,633.0582275390625,162.10498046875,337.29022216796875,-1,-1,-1,-1
373,2,764.76123046875,631.8271484375,162.9864501953125,339.81329345703125,-1,-1,-1,-1
374,2,774.5330200195312,628.65576171875,162.2178955078125,344.380615234375,-1,-1,-1,-1
375,2,782.6835327148438,625.7161254882812,139.87249755859375,350.406982421875,-1,-1,-1,-1
376,2,794.07421875,621.6531372070312,128.71673583984375,354.08612060546875,-1,-1,-1,-1
377,2,806.51904296875,619.1778564453125,118.8758544921875,356.16656494140625,-1,-1,-1,-1
378,2,810.4656372070312,618.7428588867188,117.47149658203125,356.8001708984375,-1,-1,-1,-1
379,2,809.642333984375,620.2894897460938,125.458984375,357.042724609375,-1,-1,-1,-1
380,2,807.5059204101562,621.326171875,133.14129638671875,361.57965087890625,-1,-1,-1,-1
381,2,806.9950561523438,624.5618286132812,142.49560546875,366.3941650390625,-1,-1,-1,-1
382,2,804.0794677734375,626.5137939453125,160.55218505859375,373.95904541015625,-1,-1,-1,-1
383,2,799.4898681640625,629.0147705078125,180.318359375,384.23309326171875,-1,-1,-1,-1
384,2,794.146240234375,632.5728149414062,200.986083984375,394.89739990234375,-1,-1,-1,-1
385,2,790.681884765625,632.3016357421875,213.1444091796875,403.6953125,-1,-1,-1,-1
386,2,790.0435791015625,628.5245971679688,211.5245361328125,407.28509521484375,-1,-1,-1,-1
387,2,800.0746459960938,627.1996459960938,200.84161376953125,406.93951416015625,-1,-1,-1,-1
388,2,816.4508666992188,627.8714599609375,184.77398681640625,405.4810791015625,-1,-1,-1,-1
389,2,835.8275146484375,633.0509033203125,163.9791259765625,400.384033203125,-1,-1,-1,-1
390,2,838.207763671875,636.8388671875,170.633544921875,408.6363525390625,-1,-1,-1,-1
391,2,822.85205078125,639.4609985351562,210.5938720703125,420.34869384765625,-1,-1,-1,-1
392,2,827.1670532226562,641.676025390625,227.69573974609375,449.086669921875,-1,-1,-1,-1
393,2,832.080322265625,644.2042236328125,240.283935546875,459.4281005859375,-1,-1,-1,-1
394,2,835.9678955078125,646.51513671875,240.78076171875,465.09423828125,-1,-1,-1,-1
395,2,837.880615234375,639.353759765625,236.7486572265625,472.639404296875,-1,-1,-1,-1
396,2,842.4832763671875,626.166259765625,227.2293701171875,481.50341796875,-1,-1,-1,-1
397,2,849.8743286132812,612.3397216796875,213.41339111328125,491.5919189453125,-1,-1,-1,-1
398,2,870.5830078125,603.0355224609375,190.466064453125,494.517578125,-1,-1,-1,-1
399,2,893.6417236328125,600.9375610351562,171.6611328125,501.62322998046875,-1,-1,-1,-1
400,2,913.2688598632812,605.1965942382812,156.33685302734375,505.17327880859375,-1,-1,-1,-1
401,2,916.9967041015625,614.6796875,153.2210693359375,500.9659423828125,-1,-1,-1,-1
402,2,913.828369140625,625.5732421875,156.7510986328125,494.795166015625,-1,-1,-1,-1
403,2,904.3450927734375,627.1975708007812,164.8487548828125,491.40142822265625,-1,-1,-1,-1
404,2,898.3573608398438,618.4962768554688,166.54534912109375,493.61468505859375,-1,-1,-1,-1
405,2,874.8346557617188,606.1174926757812,183.93695068359375,499.44305419921875,-1,-1,-1,-1
406,2,848.0051879882812,599.34619140625,203.71478271484375,499.874755859375,-1,-1,-1,-1
407,2,821.5650024414062,599.112548828125,207.60662841796875,498.605712890625,-1,-1,-1,-1
408,2,797.31640625,603.8104248046875,212.762939453125,494.48095703125,-1,-1,-1,-1
409,2,782.16552734375,612.81640625,217.08074951171875,481.1590576171875,-1,-1,-1,-1
410,2,771.1349487304688,616.4163818359375,225.76397705078125,472.6429443359375,-1,-1,-1,-1
411,2,766.9488525390625,613.37353515625,229.58636474609375,469.9644775390625,-1,-1,-1,-1
412,2,766.0053100585938,606.2247314453125,226.9788818359375,471.755615234375,-1,-1,-1,-1
413,2,766.60546875,599.8487548828125,215.70947265625,463.055419921875,-1,-1,-1,-1
414,2,767.4796142578125,596.1832275390625,210.22216796875,444.2176513671875,-1,-1,-1,-1
415,2,768.4722900390625,592.8314819335938,202.697509765625,423.83489990234375,-1,-1,-1,-1
416,2,770.4418334960938,592.0016479492188,194.27142333984375,398.45281982421875,-1,-1,-1,-1
417,2,770.3015747070312,592.145751953125,191.59783935546875,372.47357177734375,-1,-1,-1,-1
418,2,770.082275390625,593.852294921875,189.8260498046875,365.08929443359375,-1,-1,-1,-1
419,2,767.672607421875,598.0689697265625,168.28387451171875,362.0635986328125,-1,-1,-1,-1
420,2,770.093994140625,601.9218139648438,155.03875732421875,355.67987060546875,-1,-1,-1,-1
421,2,770.4073486328125,603.671630859375,153.03753662109375,347.296875,-1,-1,-1,-1
422,2,771.5813598632812,603.7352294921875,152.76373291015625,339.9749755859375,-1,-1,-1,-1
423,2,772.2149658203125,600.6365356445312,150.98895263671875,337.96514892578125,-1,-1,-1,-1
424,2,772.0587158203125,594.8907470703125,151.16180419921875,341.2794189453125,-1,-1,-1,-1
425,2,769.4134521484375,588.8368530273438,150.55810546875,346.84552001953125,-1,-1,-1,-1
426,2,764.764892578125,587.2733154296875,155.4461669921875,348.91448974609375,-1,-1,-1,-1
427,2,764.2874145507812,590.98876953125,158.60211181640625,345.137451171875,-1,-1,-1,-1
428,2,764.6416015625,594.7863159179688,163.25994873046875,341.68426513671875,-1,-1,-1,-1
429,2,766.887939453125,598.9518432617188,164.7069091796875,336.92315673828125,-1,-1,-1,-1
430,2,765.4481201171875,600.5601196289062,164.27520751953125,333.9832763671875,-1,-1,-1,-1
431,2,765.2867431640625,604.766357421875,148.0909423828125,327.1544189453125,-1,-1,-1,-1
432,2,763.061767578125,612.9261474609375,134.67962646484375,308.082763671875,-1,-1,-1,-1
433,2,763.1527709960938,622.2837524414062,116.25189208984375,295.725830078125,-1,-1,-1,-1
434,2,762.8782348632812,630.6360473632812,108.94036865234375,284.44384765625,-1,-1,-1,-1
435,2,763.2086181640625,634.4498291015625,110.66094970703125,280.11529541015625,-1,-1,-1,-1
436,2,766.0811767578125,633.7601318359375,109.44659423828125,277.800048828125,-1,-1,-1,-1
437,2,763.0654907226562,625.5576171875,111.244873046875,284.385986328125,-1,-1,-1,-1
438,2,754.9700317382812,614.9630737304688,116.88372802734375,295.91033935546875,-1,-1,-1,-1
439,2,761.2183837890625,607.0723876953125,107.7550048828125,305.5003662109375,-1,-1,-1,-1
440,2,761.7793579101562,597.9585571289062,105.331787109375,320.73431396484375,-1,-1,-1,-1
441,2,764.7977294921875,589.8782958984375,100.0550537109375,328.26513671875,-1,-1,-1,-1
442,2,763.8299560546875,585.6943359375,98.86749267578125,333.1846923828125,-1,-1,-1,-1
443,2,762.56396484375,585.286865234375,95.4713134765625,346.6768798828125,-1,-1,-1,-1
444,2,758.955322265625,587.9071044921875,94.9202880859375,352.0657958984375,-1,-1,-1,-1
445,2,748.1461791992188,592.6599731445312,105.14599609375,361.95257568359375,-1,-1,-1,-1
446,2,734.3638305664062,598.1703491210938,116.1373291015625,373.37738037109375,-1,-1,-1,-1
447,2,728.083251953125,601.7881469726562,125.39874267578125,383.511474609375,-1,-1,-1,-1
448,2,732.4295043945312,601.979248046875,123.45794677734375,388.22412109375,-1,-1,-1,-1
449,2,745.3565673828125,597.5029296875,123.850341796875,392.8857421875,-1,-1,-1,-1
450,2,745.8715209960938,589.790283203125,117.351806640625,399.0123291015625,-1,-1,-1,-1
451,2,740.4447631835938,581.630615234375,118.25115966796875,404.867431640625,-1,-1,-1,-1
452,2,737.1759033203125,574.66845703125,147.67041015625,410.148681640625,-1,-1,-1,-1
453,2,732.8119506835938,573.2557373046875,143.1741943359375,413.2705078125,-1,-1,-1,-1
454,2,712.1619262695312,576.9114379882812,146.43023681640625,414.45184326171875,-1,-1,-1,-1
455,2,708.6906127929688,582.3896484375,145.8865966796875,415.640380859375,-1,-1,-1,-1
456,2,710.4816284179688,585.3142700195312,138.74908447265625,413.12030029296875,-1,-1,-1,-1
457,2,710.202392578125,585.2332763671875,136.134521484375,411.81414794921875,-1,-1,-1,-1
458,2,712.1179809570312,581.4845581054688,131.488525390625,409.62811279296875,-1,-1,-1,-1
459,2,714.0240478515625,577.8849487304688,126.5623779296875,409.78533935546875,-1,-1,-1,-1
460,2,711.5855712890625,577.8200073242188,122.9869384765625,410.78326416015625,-1,-1,-1,-1
461,2,711.5004272460938,582.55810546875,118.57342529296875,410.397705078125,-1,-1,-1,-1
462,2,711.287841796875,589.3456420898438,114.044921875,406.3648681640625,-1,-1,-1,-1
463,2,710.60693359375,596.4368286132812,112.770751953125,401.315185546875,-1,-1,-1,-1
464,2,707.1171875,599.7306518554688,113.31512451171875,395.77960205078125,-1,-1,-1,-1
465,2,703.02099609375,599.9609985351562,114.0928955078125,389.192138671875,-1,-1,-1,-1
466,2,698.9829711914062,599.7771606445312,114.2791748046875,380.52435302734375,-1,-1,-1,-1
467,2,687.4320068359375,598.98291015625,122.8885498046875,364.73333740234375,-1,-1,-1,-1
468,2,674.4738159179688,596.6436157226562,128.61834716796875,353.49725341796875,-1,-1,-1,-1
469,2,661.7879638671875,593.9677124023438,138.36468505859375,345.662841796875,-1,-1,-1,-1
470,2,650.8259887695312,591.71240234375,147.09686279296875,338.19757080078125,-1,-1,-1,-1
471,2,634.4387817382812,591.5142211914062,161.92071533203125,331.16485595703125,-1,-1,-1,-1
472,2,613.6095581054688,592.989501953125,169.582275390625,325.42376708984375,-1,-1,-1,-1
473,2,596.3853759765625,599.18505859375,185.8055419921875,310.16033935546875,-1,-1,-1,-1
474,2,587.2166748046875,608.3072509765625,191.46966552734375,299.45941162109375,-1,-1,-1,-1
475,2,587.0235595703125,615.0288696289062,181.17724609375,293.10491943359375,-1,-1,-1,-1
476,2,587.68408203125,620.1751708984375,177.22723388671875,290.215576171875,-1,-1,-1,-1
477,2,587.1441650390625,617.2068481445312,173.34423828125,297.60205078125,-1,-1,-1,-1
478,2,588.6868286132812,612.4693603515625,171.90399169921875,305.4681396484375,-1,-1,-1,-1
479,2,587.8348999023438,613.9611206054688,171.86700439453125,307.7850341796875,-1,-1,-1,-1
480,2,585.8831787109375,611.0039672851562,172.036865234375,317.33514404296875,-1,-1,-1,-1
481,2,585.392578125,630.0048217773438,170.7392578125,303.352294921875,-1,-1,-1,-1
482,2,582.7550659179688,639.3168334960938,172.6715087890625,298.88720703125,-1,-1,-1,-1
483,2,578.766845703125,649.33447265625,175.70867919921875,295.2454833984375,-1,-1,-1,-1
484,2,577.6676635742188,652.328857421875,180.74127197265625,297.45147705078125,-1,-1,-1,-1
485,2,578.4134521484375,655.9440307617188,183.63427734375,302.5389404296875,-1,-1,-1,-1
486,2,579.785888671875,660.8768310546875,188.1817626953125,305.486083984375,-1,-1,-1,-1
487,2,582.0054931640625,666.1838989257812,188.761474609375,308.490966796875,-1,-1,-1,-1
488,2,595.1799926757812,668.1583862304688,183.34539794921875,311.95477294921875,-1,-1,-1,-1
489,2,608.686279296875,664.8646850585938,172.90313720703125,321.55438232421875,-1,-1,-1,-1
490,2,624.9201049804688,665.7855224609375,161.75616455078125,323.54034423828125,-1,-1,-1,-1
491,2,637.8933715820312,667.7913818359375,147.88714599609375,322.376220703125,-1,-1,-1,-1
492,2,643.1837158203125,669.0265502929688,140.55413818359375,322.83270263671875,-1,-1,-1,-1
493,2,644.29541015625,665.7433471679688,137.497802734375,323.4688720703125,-1,-1,-1,-1
494,2,640.6282348632812,662.4313354492188,135.1588134765625,323.12091064453125,-1,-1,-1,-1
495,2,637.5270385742188,650.1814575195312,133.21441650390625,324.671142578125,-1,-1,-1,-1
496,2,633.797607421875,642.7137451171875,127.771240234375,326.50592041015625,-1,-1,-1,-1
497,2,632.4195556640625,641.1992797851562,124.6641845703125,328.87506103515625,-1,-1,-1,-1
498,2,628.5062255859375,641.81689453125,123.3800048828125,331.0738525390625,-1,-1,-1,-1
499,2,624.2617797851562,639.6819458007812,122.44659423828125,334.22650146484375,-1,-1,-1,-1
500,2,621.7859497070312,636.5020141601562,126.84918212890625,335.79339599609375,-1,-1,-1,-1
501,2,621.7307739257812,631.578857421875,126.24407958984375,336.12921142578125,-1,-1,-1,-1
502,2,622.9449462890625,628.77978515625,123.387939453125,335.5126953125,-1,-1,-1,-1
503,2,625.3239135742188,624.9818115234375,113.67205810546875,335.5430908203125,-1,-1,-1,-1
504,2,625.792236328125,623.9786987304688,115.28106689453125,334.0986328125,-1,-1,-1,-1
505,2,629.52880859375,626.1553955078125,112.5423583984375,331.44793701171875,-1,-1,-1,-1
506,2,634.0135498046875,624.9354248046875,111.7764892578125,336.904052734375,-1,-1,-1,-1
507,2,637.8101196289062,629.8666381835938,111.9029541015625,336.55572509765625,-1,-1,-1,-1
508,2,639.5052490234375,632.0291748046875,112.21685791015625,336.6263427734375,-1,-1,-1,-1
509,2,639.492919921875,632.2025146484375,112.661865234375,343.599609375,-1,-1,-1,-1
510,2,639.654541015625,633.5870361328125,120.705322265625,350.897705078125,-1,-1,-1,-1
511,2,640.624267578125,633.688720703125,134.8651123046875,359.48760986328125,-1,-1,-1,-1
512,2,645.8414916992188,627.9990234375,134.14190673828125,373.50714111328125,-1,-1,-1,-1
513,2,650.8389282226562,626.9251708984375,135.86077880859375,380.10693359375,-1,-1,-1,-1
514,2,653.4185791015625,623.9432983398438,138.2764892578125,385.394775390625,-1,-1,-1,-1
515,2,656.900390625,619.76171875,138.2713623046875,386.4371337890625,-1,-1,-1,-1
516,2,662.8274536132812,612.187255859375,135.36932373046875,389.070068359375,-1,-1,-1,-1
517,2,666.3323364257812,606.3709716796875,134.04681396484375,389.93646240234375,-1,-1,-1,-1
518,2,667.8629760742188,604.2807006835938,132.01641845703125,392.97857666015625,-1,-1,-1,-1
519,2,666.9153442382812,604.1439208984375,133.5787353515625,396.8226318359375,-1,-1,-1,-1
520,2,667.7312622070312,605.0771484375,131.44451904296875,399.1917724609375,-1,-1,-1,-1
521,2,670.2054443359375,606.821533203125,130.8809814453125,397.83740234375,-1,-1,-1,-1
522,2,675.0249633789062,606.1355590820312,129.26629638671875,394.894775390625,-1,-1,-1,-1
523,2,676.488525390625,608.1932373046875,129.2093505859375,390.5013427734375,-1,-1,-1,-1
524,2,679.069091796875,613.5601806640625,126.599365234375,387.90216064453125,-1,-1,-1,-1
525,2,681.843505859375,618.6967163085938,131.537353515625,385.95123291015625,-1,-1,-1,-1
526,2,683.0711669921875,621.57958984375,131.4146728515625,388.85333251953125,-1,-1,-1,-1
527,2,686.2182006835938,625.0843505859375,133.641845703125,396.75994873046875,-1,-1,-1,-1
528,2,687.131103515625,630.08056640625,134.93243408203125,406.74462890625,-1,-1,-1,-1
529,2,687.9279174804688,634.5645751953125,134.0662841796875,412.580078125,-1,-1,-1,-1
530,2,692.435546875,636.234375,130.5809326171875,419.350830078125,-1,-1,-1,-1
531,2,694.3723754882812,635.8790283203125,129.05780029296875,421.3233642578125,-1,-1,-1,-1
532,2,691.2537231445312,628.5697021484375,132.340087890625,426.540771484375,-1,-1,-1,-1
533,2,685.0980224609375,617.5348510742188,131.10186767578125,436.25408935546875,-1,-1,-1,-1
534,2,676.7823486328125,606.4722290039062,133.216064453125,448.31915283203125,-1,-1,-1,-1
535,2,670.4361572265625,598.2522583007812,130.43121337890625,452.30706787109375,-1,-1,-1,-1
536,2,663.6163940429688,593.32373046875,128.11077880859375,458.3240966796875,-1,-1,-1,-1
537,2,658.6056518554688,596.3595581054688,129.22528076171875,464.31243896484375,-1,-1,-1,-1
538,2,656.677978515625,604.9619750976562,129.469482421875,470.34161376953125,-1,-1,-1,-1
539,2,652.8335571289062,611.1636962890625,132.38671875,470.8131103515625,-1,-1,-1,-1
540,2,648.1945190429688,614.119384765625,134.6116943359375,469.1319580078125,-1,-1,-1,-1
541,2,640.9080200195312,614.1547241210938,134.59197998046875,456.98016357421875,-1,-1,-1,-1
542,2,631.7197265625,618.72998046875,135.6148681640625,443.081298828125,-1,-1,-1,-1
543,2,623.4856567382812,630.43603515625,136.48504638671875,426.2724609375,-1,-1,-1,-1
544,2,618.9727783203125,637.6060180664062,143.7698974609375,422.42279052734375,-1,-1,-1,-1
545,2,617.82666015625,634.6348266601562,151.625732421875,433.89752197265625,-1,-1,-1,-1
546,2,614.6439208984375,628.73828125,155.4976806640625,461.4228515625,-1,-1,-1,-1
547,2,609.8402709960938,624.0269165039062,156.6259765625,487.42974853515625,-1,-1,-1,-1
548,2,606.2921142578125,621.813720703125,158.76123046875,498.460205078125,-1,-1,-1,-1
549,2,605.5318603515625,619.564453125,162.067626953125,499.67822265625,-1,-1,-1,-1
550,2,605.951416015625,614.092041015625,166.44696044921875,501.5599365234375,-1,-1,-1,-1
551,2,604.549072265625,606.2322387695312,170.0203857421875,506.30950927734375,-1,-1,-1,-1
552,2,600.2293701171875,594.0725708007812,172.7021484375,519.5685424804688,-1,-1,-1,-1
553,2,596.2189331054688,577.7055053710938,174.34600830078125,533.1847534179688,-1,-1,-1,-1
554,2,593.35693359375,566.2086181640625,174.55609130859375,534.4793701171875,-1,-1,-1,-1
555,2,591.6441650390625,556.9412841796875,170.01129150390625,526.3458251953125,-1,-1,-1,-1
556,2,590.163818359375,553.8826904296875,160.48651123046875,516.4859619140625,-1,-1,-1,-1
557,2,589.3822021484375,557.1295776367188,160.4718017578125,510.83111572265625,-1,-1,-1,-1
558,2,588.6380004882812,564.714111328125,163.149169921875,508.4622802734375,-1,-1,-1,-1
559,2,588.229736328125,572.2887573242188,163.7119140625,504.39031982421875,-1,-1,-1,-1
560,2,584.3416748046875,573.6696166992188,166.473388671875,502.43927001953125,-1,-1,-1,-1
561,2,582.3922119140625,573.7362060546875,166.39056396484375,495.5399169921875,-1,-1,-1,-1
562,2,581.8024291992188,576.0997314453125,163.19866943359375,489.88818359375,-1,-1,-1,-1
563,2,578.476806640625,588.2564086914062,165.3851318359375,480.36297607421875,-1,-1,-1,-1
564,2,559.9680786132812,600.8237915039062,181.72015380859375,464.59991455078125,-1,-1,-1,-1
565,2,539.741943359375,619.6378173828125,198.29254150390625,440.9708251953125,-1,-1,-1,-1
566,2,528.304931640625,642.065185546875,211.9111328125,413.491943359375,-1,-1,-1,-1
567,2,538.7847290039062,660.8816528320312,205.38250732421875,395.65167236328125,-1,-1,-1,-1
568,2,563.0487060546875,663.3735961914062,187.4801025390625,398.51812744140625,-1,-1,-1,-1
569,2,586.6259765625,654.233154296875,170.9791259765625,415.97802734375,-1,-1,-1,-1
570,2,602.4437866210938,635.8140869140625,163.53521728515625,436.8878173828125,-1,-1,-1,-1
571,2,605.5616455078125,608.3350830078125,161.891357421875,462.43505859375,-1,-1,-1,-1
572,2,603.4482421875,594.3615112304688,159.62896728515625,469.69708251953125,-1,-1,-1,-1
573,2,598.1382446289062,593.0791625976562,152.403076171875,471.07806396484375,-1,-1,-1,-1
574,2,593.1185302734375,592.480712890625,153.40277099609375,476.7835693359375,-1,-1,-1,-1
575,2,588.6920166015625,595.1683959960938,157.8154296875,473.96954345703125,-1,-1,-1,-1
576,2,584.264892578125,596.3260498046875,169.1060791015625,480.559326171875,-1,-1,-1,-1
577,2,583.4691162109375,592.2579345703125,176.56768798828125,506.4114990234375,-1,-1,-1,-1
578,2,582.888671875,582.8760986328125,180.4840087890625,545.46728515625,-1,-1,-1,-1
579,2,581.2679443359375,574.8054809570312,184.9619140625,589.7329711914062,-1,-1,-1,-1
580,2,579.3369750976562,575.8213500976562,191.0362548828125,598.6023559570312,-1,-1,-1,-1
581,2,578.2945556640625,584.215576171875,194.3746337890625,604.8416748046875,-1,-1,-1,-1
582,2,576.2160034179688,593.2651977539062,199.22991943359375,616.6571655273438,-1,-1,-1,-1
583,2,574.75927734375,592.2354125976562,201.5657958984375,621.2557983398438,-1,-1,-1,-1
584,2,570.0225830078125,576.769775390625,204.34332275390625,630.80908203125,-1,-1,-1,-1
585,2,567.552001953125,556.622802734375,202.80718994140625,636.1890869140625,-1,-1,-1,-1
586,2,567.5120239257812,541.3385009765625,200.82452392578125,638.9869384765625,-1,-1,-1,-1
587,2,570.1677856445312,534.2162475585938,194.4129638671875,631.7134399414062,-1,-1,-1,-1
588,2,574.6836547851562,536.5540771484375,192.85760498046875,620.4508056640625,-1,-1,-1,-1
589,2,581.5281372070312,542.980712890625,196.37371826171875,611.75341796875,-1,-1,-1,-1
590,2,587.9061889648438,547.636962890625,195.67999267578125,606.6107177734375,-1,-1,-1,-1
591,2,591.18212890625,549.9878540039062,196.56195068359375,602.5967407226562,-1,-1,-1,-1
592,2,591.500732421875,552.4996337890625,194.432861328125,602.5733642578125,-1,-1,-1,-1
593,2,590.029296875,552.5009765625,194.355712890625,600.275390625,-1,-1,-1,-1
594,2,591.5396118164062,552.261474609375,192.48956298828125,589.067138671875,-1,-1,-1,-1
595,2,598.7662963867188,554.1295166015625,181.48956298828125,581.0999755859375,-1,-1,-1,-1
596,2,604.8294677734375,562.5210571289062,178.691162109375,573.0372924804688,-1,-1,-1,-1
597,2,609.8399658203125,576.8681030273438,175.8580322265625,560.8316040039062,-1,-1,-1,-1
598,2,618.033447265625,590.14013671875,168.974365234375,552.791259765625,-1,-1,-1,-1
599,2,618.0556030273438,610.2669677734375,167.08502197265625,540.0985107421875,-1,-1,-1,-1
600,2,616.229248046875,622.01611328125,161.6229248046875,529.867431640625,-1,-1,-1,-1
601,2,614.1256713867188,615.138916015625,168.5084228515625,525.9407958984375,-1,-1,-1,-1
1,3,597.3839111328125,610.7200317382812,136.431640625,231.23248291015625,-1,-1,-1,-1
2,3,604.4774780273438,611.1497192382812,144.11212158203125,230.02960205078125,-1,-1,-1,-1
3,3,602.4313354492188,610.6131591796875,125.322509765625,226.5740966796875,-1,-1,-1,-1
4,3,601.3465576171875,610.4039306640625,117.45294189453125,219.779052734375,-1,-1,-1,-1
5,3,598.9558715820312,613.2548217773438,116.8228759765625,204.3431396484375,-1,-1,-1,-1
6,3,597.1630859375,618.981201171875,124.66961669921875,192.38623046875,-1,-1,-1,-1
7,3,595.2719116210938,622.3953247070312,138.6611328125,189.28656005859375,-1,-1,-1,-1
8,3,587.4722900390625,622.9541015625,166.8240966796875,188.24755859375,-1,-1,-1,-1
9,3,580.20263671875,628.67626953125,200.1475830078125,183.10675048828125,-1,-1,-1,-1
10,3,569.9259033203125,635.2794189453125,198.230712890625,180.181884765625,-1,-1,-1,-1
11,3,561.04296875,646.8042602539062,196.189208984375,174.5615234375,-1,-1,-1,-1
12,3,560.4552001953125,657.025146484375,187.2919921875,170.708740234375,-1,-1,-1,-1
13,3,557.5023193359375,662.2261352539062,193.83892822265625,173.16912841796875,-1,-1,-1,-1
14,3,557.0845336914062,660.25,177.81170654296875,178.53277587890625,-1,-1,-1,-1
15,3,557.231689453125,656.4749145507812,166.6278076171875,187.3365478515625,-1,-1,-1,-1
16,3,561.134033203125,652.1309814453125,165.5802001953125,190.150146484375,-1,-1,-1,-1
17,3,567.1732177734375,648.0146484375,160.49420166015625,194.753173828125,-1,-1,-1,-1
18,3,572.1039428710938,645.1693115234375,156.29803466796875,196.02978515625,-1,-1,-1,-1
19,3,581.0743408203125,644.6206665039062,144.49237060546875,194.76605224609375,-1,-1,-1,-1
20,3,582.8235473632812,645.742919921875,143.4822998046875,190.4354248046875,-1,-1,-1,-1
21,3,591.3311767578125,645.0607299804688,138.830078125,186.0697021484375,-1,-1,-1,-1
22,3,596.1156616210938,642.3165893554688,136.65386962890625,186.2486572265625,-1,-1,-1,-1
23,3,602.1007690429688,635.1345825195312,129.6832275390625,189.92218017578125,-1,-1,-1,-1
24,3,604.59619140625,626.8944702148438,123.45220947265625,195.436767578125,-1,-1,-1,-1
25,3,606.2298583984375,621.2952880859375,109.7271728515625,199.953369140625,-1,-1,-1,-1
26,3,608.6067504882812,619.9926147460938,93.03033447265625,199.50860595703125,-1,-1,-1,-1
27,3,610.2537841796875,621.5811157226562,80.58984375,199.6337890625,-1,-1,-1,-1
28,3,608.9155883789062,624.0796508789062,87.70086669921875,198.8284912109375,-1,-1,-1,-1
29,3,604.6484375,627.95263671875,104.23333740234375,196.085693359375,-1,-1,-1,-1
30,3,601.8698120117188,627.498779296875,102.04986572265625,196.10284423828125,-1,-1,-1,-1
31,3,599.7606201171875,624.846435546875,99.1995849609375,198.6993408203125,-1,-1,-1,-1
32,3,597.624755859375,620.5576171875,96.38812255859375,203.48785400390625,-1,-1,-1,-1
33,3,597.5164794921875,618.0912475585938,93.33013916015625,205.02001953125,-1,-1,-1,-1
34,3,597.8793334960938,617.8739013671875,86.62957763671875,205.81072998046875,-1,-1,-1,-1
35,3,598.9411010742188,617.9216918945312,84.068115234375,205.6224365234375,-1,-1,-1,-1
36,3,600.06298828125,619.2274780273438,81.5897216796875,202.063232421875,-1,-1,-1,-1
37,3,599.6013793945312,622.2005615234375,80.486328125,199.32427978515625,-1,-1,-1,-1
38,3,600.6143798828125,625.3651123046875,79.84051513671875,195.84466552734375,-1,-1,-1,-1
39,3,600.5062866210938,629.3704223632812,80.7677001953125,191.3004150390625,-1,-1,-1,-1
40,3,601.31298828125,629.4634399414062,84.60675048828125,191.605712890625,-1,-1,-1,-1
41,3,603.0626220703125,624.624755859375,84.02972412109375,194.4896240234375,-1,-1,-1,-1
42,3,605.4853515625,620.9547119140625,81.23260498046875,195.69207763671875,-1,-1,-1,-1
43,3,606.0206909179688,615.2457275390625,74.273193359375,197.61981201171875,-1,-1,-1,-1
44,3,606.5822143554688,610.4283447265625,65.99127197265625,197.13275146484375,-1,-1,-1,-1
45,3,608.35888671875,609.6807861328125,62.76611328125,194.3741455078125,-1,-1,-1,-1
46,3,610.8155517578125,610.43017578125,61.60845947265625,189.83966064453125,-1,-1,-1,-1
47,3,613.198974609375,615.8078002929688,62.3082275390625,182.2744140625,-1,-1,-1,-1
48,3,614.6130981445312,621.718017578125,65.32855224609375,176.61279296875,-1,-1,-1,-1
49,3,617.998046875,624.8260498046875,66.676025390625,174.080078125,-1,-1,-1,-1
50,3,620.093994140625,624.5241088867188,62.40203857421875,174.75189208984375,-1,-1,-1,-1
51,3,623.355224609375,622.0150756835938,55.6822509765625,180.88433837890625,-1,-1,-1,-1
52,3,624.956298828125,619.6089477539062,53.9390869140625,186.53955078125,-1,-1,-1,-1
53,3,625.7151489257812,618.9642944335938,55.60772705078125,190.54986572265625,-1,-1,-1,-1
54,3,626.7569580078125,620.8634643554688,57.4708251953125,192.73077392578125,-1,-1,-1,-1
55,3,628.83447265625,624.1341552734375,58.3988037109375,189.468994140625,-1,-1,-1,-1
56,3,632.1351318359375,628.0006713867188,60.890625,185.01788330078125,-1,-1,-1,-1
57,3,634.986328125,631.9351196289062,62.23565673828125,180.92755126953125,-1,-1,-1,-1
58,3,636.9979858398438,630.3789672851562,61.419189453125,183.23382568359375,-1,-1,-1,-1
59,3,638.6080322265625,625.4859619140625,57.11151123046875,187.191162109375,-1,-1,-1,-1
60,3,641.3063354492188,621.1277465820312,56.05377197265625,190.01324462890625,-1,-1,-1,-1
61,3,644.6233520507812,619.4522705078125,55.4368896484375,187.96197509765625,-1,-1,-1,-1
62,3,649.40771484375,619.3635864257812,55.10723876953125,183.73773193359375,-1,-1,-1,-1
63,3,653.9423828125,622.0775146484375,51.5682373046875,177.839599609375,-1,-1,-1,-1
64,3,656.6467895507812,627.842041015625,57.95184326171875,170.7149658203125,-1,-1,-1,-1
65,3,657.1680908203125,631.8929443359375,61.0001220703125,166.93829345703125,-1,-1,-1,-1
66,3,660.1181640625,632.277099609375,62.8538818359375,166.67303466796875,-1,-1,-1,-1
67,3,661.3455200195312,629.26220703125,57.77435302734375,172.41864013671875,-1,-1,-1,-1
68,3,662.9786376953125,625.9502563476562,57.52069091796875,177.4654541015625,-1,-1,-1,-1
69,3,664.1060180664062,625.7627563476562,59.42449951171875,181.61749267578125,-1,-1,-1,-1
70,3,663.1173706054688,630.2511596679688,66.17041015625,182.57354736328125,-1,-1,-1,-1
71,3,660.23388671875,636.2972412109375,81.096435546875,181.7274169921875,-1,-1,-1,-1
72,3,659.0018920898438,643.4138793945312,81.6033935546875,177.02215576171875,-1,-1,-1,-1
73,3,657.369384765625,652.4105834960938,89.6973876953125,170.96319580078125,-1,-1,-1,-1
74,3,656.9368286132812,658.6443481445312,97.4661865234375,165.9305419921875,-1,-1,-1,-1
75,3,656.173095703125,659.0579833984375,97.5130615234375,165.03106689453125,-1,-1,-1,-1
76,3,657.0228271484375,653.0169677734375,92.5810546875,169.7723388671875,-1,-1,-1,-1
77,3,658.243896484375,646.6065063476562,93.8934326171875,170.81146240234375,-1,-1,-1,-1
78,3,662.0385131835938,642.6499633789062,95.63409423828125,168.7454833984375,-1,-1,-1,-1
79,3,665.96728515625,640.00927734375,100.25323486328125,165.76666259765625,-1,-1,-1,-1
80,3,669.884521484375,640.42822265625,105.02490234375,158.2247314453125,-1,-1,-1,-1
81,3,671.5595703125,641.6937255859375,101.8426513671875,152.64599609375,-1,-1,-1,-1
82,3,670.6207275390625,641.5402221679688,98.88446044921875,145.74896240234375,-1,-1,-1,-1
83,3,668.6873168945312,640.235595703125,93.90478515625,142.66796875,-1,-1,-1,-1
84,3,664.372802734375,638.4856567382812,89.736328125,143.18975830078125,-1,-1,-1,-1
85,3,658.9247436523438,637.5238037109375,89.79718017578125,146.71759033203125,-1,-1,-1,-1
86,3,651.030029296875,636.1805419921875,97.06005859375,152.9808349609375,-1,-1,-1,-1
87,3,643.7431640625,634.7715454101562,99.075439453125,159.8326416015625,-1,-1,-1,-1
88,3,637.9591064453125,631.38134765625,91.783447265625,163.9190673828125,-1,-1,-1,-1
89,3,636.8135986328125,626.5374755859375,80.0306396484375,168.41796875,-1,-1,-1,-1
90,3,635.210205078125,624.0194091796875,72.0904541015625,173.20050048828125,-1,-1,-1,-1
91,3,631.1493530273438,622.3268432617188,71.16925048828125,178.17645263671875,-1,-1,-1,-1
92,3,628.0398559570312,621.7612915039062,72.7611083984375,178.98394775390625,-1,-1,-1,-1
93,3,618.56298828125,620.5159301757812,84.68450927734375,175.1181640625,-1,-1,-1,-1
94,3,612.936767578125,617.5230102539062,94.14215087890625,179.9881591796875,-1,-1,-1,-1
95,3,609.55126953125,615.474609375,98.22967529296875,183.70831298828125,-1,-1,-1,-1
96,3,607.1546630859375,616.7836303710938,99.57513427734375,181.92169189453125,-1,-1,-1,-1
97,3,607.787841796875,618.9654541015625,97.8865966796875,180.08721923828125,-1,-1,-1,-1
98,3,608.1696166992188,619.0909423828125,96.9715576171875,181.6478271484375,-1,-1,-1,-1
99,3,610.1419067382812,615.5208740234375,95.150146484375,186.123779296875,-1,-1,-1,-1
100,3,612.1688842773438,611.5087280273438,94.12030029296875,190.21661376953125,-1,-1,-1,-1
101,3,611.9334716796875,609.0965576171875,95.7347412109375,193.15875244140625,-1,-1,-1,-1
102,3,613.3983154296875,609.5609741210938,95.4190673828125,193.973388671875,-1,-1,-1,-1
103,3,613.6365356445312,615.776123046875,102.9013671875,191.62188720703125,-1,-1,-1,-1
104,3,613.271728515625,621.6978759765625,110.81787109375,187.887939453125,-1,-1,-1,-1
105,3,611.7745971679688,624.3373413085938,110.5751953125,184.91766357421875,-1,-1,-1,-1
106,3,611.2905883789062,623.944091796875,109.12567138671875,185.89013671875,-1,-1,-1,-1
107,3,610.1149291992188,620.1244506835938,113.235107421875,189.06787109375,-1,-1,-1,-1
108,3,617.6842651367188,616.5234985351562,111.10797119140625,189.47906494140625,-1,-1,-1,-1
109,3,627.8369750976562,614.630859375,111.59478759765625,185.45330810546875,-1,-1,-1,-1
110,3,632.2346801757812,615.9620971679688,111.455810546875,178.62469482421875,-1,-1,-1,-1
111,3,637.0889892578125,618.711669921875,99.43963623046875,171.57135009765625,-1,-1,-1,-1
112,3,636.3257446289062,620.7177124023438,106.86407470703125,167.3328857421875,-1,-1,-1,-1
113,3,631.043701171875,621.3565673828125,115.0899658203125,167.61541748046875,-1,-1,-1,-1
114,3,629.6842041015625,619.1982421875,112.02947998046875,170.04608154296875,-1,-1,-1,-1
115,3,624.4990234375,615.7064819335938,111.7694091796875,173.5628662109375,-1,-1,-1,-1
116,3,618.4041137695312,614.3968505859375,112.26849365234375,178.82208251953125,-1,-1,-1,-1
117,3,615.4126586914062,616.9313354492188,112.39764404296875,170.47271728515625,-1,-1,-1,-1
118,3,615.412841796875,619.1096801757812,121.81451416015625,171.2139892578125,-1,-1,-1,-1
119,3,616.3861083984375,621.0443725585938,140.80810546875,168.7198486328125,-1,-1,-1,-1
120,3,616.950927734375,619.9312744140625,138.15850830078125,168.7491455078125,-1,-1,-1,-1
121,3,617.6130981445312,619.7427978515625,161.4874267578125,167.84210205078125,-1,-1,-1,-1
122,3,626.4714965820312,621.1136474609375,155.5498046875,165.05682373046875,-1,-1,-1,-1
123,3,655.0435791015625,622.9358520507812,122.255615234375,161.53668212890625,-1,-1,-1,-1
124,3,672.7833251953125,623.3603515625,112.656982421875,164.520263671875,-1,-1,-1,-1
125,3,666.4720458984375,621.0834350585938,119.022216796875,189.30169677734375,-1,-1,-1,-1
126,3,655.0738525390625,619.18017578125,134.69097900390625,202.01251220703125,-1,-1,-1,-1
127,3,670.73193359375,621.493896484375,117.20794677734375,210.92333984375,-1,-1,-1,-1
128,3,663.0398559570312,627.1288452148438,130.4781494140625,211.357421875,-1,-1,-1,-1
129,3,696.8118896484375,635.946044921875,110.751708984375,223.4322509765625,-1,-1,-1,-1
130,3,700.8758544921875,650.2998046875,116.63836669921875,217.93536376953125,-1,-1,-1,-1
131,3,699.313720703125,665.7532348632812,134.03338623046875,206.15850830078125,-1,-1,-1,-1
132,3,696.5867919921875,677.6539916992188,158.058837890625,193.16278076171875,-1,-1,-1,-1
133,3,687.8610229492188,683.8190307617188,163.57647705078125,185.2017822265625,-1,-1,-1,-1
134,3,690.1385498046875,685.6359252929688,136.5494384765625,181.39398193359375,-1,-1,-1,-1
135,3,693.2603149414062,681.0530395507812,120.37677001953125,183.47808837890625,-1,-1,-1,-1
136,3,694.8859252929688,672.5767822265625,110.69549560546875,190.2652587890625,-1,-1,-1,-1
137,3,694.3207397460938,662.2952880859375,98.23944091796875,200.78009033203125,-1,-1,-1,-1
138,3,696.094970703125,647.2490844726562,110.7264404296875,219.14849853515625,-1,-1,-1,-1
139,3,692.9712524414062,633.4775390625,95.84967041015625,235.199462890625,-1,-1,-1,-1
140,3,697.3798828125,621.94189453125,107.677001953125,249.54620361328125,-1,-1,-1,-1
141,3,694.7857666015625,615.2244873046875,113.27685546875,257.41455078125,-1,-1,-1,-1
142,3,696.3009643554688,614.2284545898438,114.0042724609375,261.27618408203125,-1,-1,-1,-1
143,3,692.6951904296875,607.2828369140625,122.876953125,271.99554443359375,-1,-1,-1,-1
144,3,693.469970703125,615.7869873046875,119.42242431640625,261.87811279296875,-1,-1,-1,-1
145,3,691.7703247070312,619.3746948242188,117.0859375,255.24322509765625,-1,-1,-1,-1
146,3,690.0443725585938,619.8225708007812,114.01336669921875,257.31463623046875,-1,-1,-1,-1
147,3,687.0244140625,621.2447509765625,115.42816162109375,256.5042724609375,-1,-1,-1,-1
148,3,685.5164184570312,622.5675048828125,116.4520263671875,255.8714599609375,-1,-1,-1,-1
149,3,682.63671875,626.1605224609375,107.17626953125,253.33367919921875,-1,-1,-1,-1
150,3,682.4764404296875,628.9312744140625,85.752197265625,252.18829345703125,-1,-1,-1,-1
151,3,684.4710083007812,633.6172485351562,79.27801513671875,247.34539794921875,-1,-1,-1,-1
152,3,683.7222900390625,633.6084594726562,77.8551025390625,246.64764404296875,-1,-1,-1,-1
153,3,681.1386108398438,627.1295776367188,81.8095703125,251.30157470703125,-1,-1,-1,-1
154,3,677.6637573242188,618.7175903320312,93.00762939453125,257.86199951171875,-1,-1,-1,-1
155,3,677.7199096679688,612.4443359375,97.428466796875,253.734130859375,-1,-1,-1,-1
156,3,676.8646240234375,607.3754272460938,98.4930419921875,251.90728759765625,-1,-1,-1,-1
157,3,654.1275024414062,597.0313110351562,123.403564453125,256.76446533203125,-1,-1,-1,-1
158,3,676.171875,592.3740234375,95.88385009765625,252.65380859375,-1,-1,-1,-1
159,3,681.3814697265625,608.5520629882812,99.3045654296875,235.47601318359375,-1,-1,-1,-1
160,3,676.6755981445312,607.5875854492188,121.5809326171875,235.58453369140625,-1,-1,-1,-1
161,3,670.410888671875,603.8174438476562,114.155029296875,237.51751708984375,-1,-1,-1,-1
162,3,665.5067749023438,600.799560546875,92.50616455078125,238.25006103515625,-1,-1,-1,-1
163,3,658.526123046875,601.616943359375,84.32025146484375,234.624267578125,-1,-1,-1,-1
164,3,654.8004760742188,602.9476318359375,82.35382080078125,231.11627197265625,-1,-1,-1,-1
165,3,653.9525146484375,605.6798095703125,85.459228515625,224.49456787109375,-1,-1,-1,-1
166,3,651.9175415039062,608.4659423828125,87.12725830078125,215.4798583984375,-1,-1,-1,-1
167,3,652.659912109375,606.484375,88.61676025390625,213.38934326171875,-1,-1,-1,-1
168,3,655.0147094726562,601.3408203125,83.684326171875,216.93389892578125,-1,-1,-1,-1
169,3,666.49755859375,592.0501098632812,74.2420654296875,222.7896728515625,-1,-1,-1,-1
170,3,674.4235229492188,581.246826171875,83.86273193359375,226.4820556640625,-1,-1,-1,-1
171,3,678.1234130859375,574.3450927734375,82.171142578125,222.86004638671875,-1,-1,-1,-1
172,3,671.3493041992188,570.66845703125,82.08636474609375,218.897216796875,-1,-1,-1,-1
173,3,661.5485229492188,572.5984497070312,77.51361083984375,212.79803466796875,-1,-1,-1,-1
174,3,651.4423217773438,578.9893798828125,76.58392333984375,206.0606689453125,-1,-1,-1,-1
175,3,645.6559448242188,584.2911376953125,79.0994873046875,202.2247314453125,-1,-1,-1,-1
176,3,644.5437622070312,586.5890502929688,79.3663330078125,200.15325927734375,-1,-1,-1,-1
177,3,642.9613647460938,584.1556396484375,80.59112548828125,211.154052734375,-1,-1,-1,-1
178,3,641.1165771484375,582.2202758789062,80.92010498046875,223.302734375,-1,-1,-1,-1
179,3,639.7314453125,581.2390747070312,82.75714111328125,232.7950439453125,-1,-1,-1,-1
180,3,641.2725830078125,582.8844604492188,84.64141845703125,236.5179443359375,-1,-1,-1,-1
181,3,645.5255737304688,582.3528442382812,88.98089599609375,234.50592041015625,-1,-1,-1,-1
182,3,647.1160888671875,575.1566772460938,91.48797607421875,232.013916015625,-1,-1,-1,-1
183,3,648.1612548828125,575.5890502929688,90.40142822265625,227.013427734375,-1,-1,-1,-1
184,3,647.4990234375,574.251708984375,90.2191162109375,230.58575439453125,-1,-1,-1,-1
185,3,647.9026489257812,569.4974365234375,91.67120361328125,239.102294921875,-1,-1,-1,-1
186,3,649.8386840820312,568.3659057617188,89.11322021484375,243.60076904296875,-1,-1,-1,-1
187,3,652.707763671875,570.44580078125,89.22882080078125,240.54095458984375,-1,-1,-1,-1
188,3,656.4959716796875,574.3694458007812,93.5191650390625,237.87432861328125,-1,-1,-1,-1
189,3,656.5062866210938,579.4475708007812,97.775634765625,230.0379638671875,-1,-1,-1,-1
190,3,655.629638671875,586.06103515625,99.91241455078125,223.088134765625,-1,-1,-1,-1
191,3,656.238037109375,588.7718505859375,100.60760498046875,219.2288818359375,-1,-1,-1,-1
192,3,658.2603149414062,593.454345703125,101.82232666015625,215.12994384765625,-1,-1,-1,-1
193,3,660.7971801757812,595.33349609375,103.7303466796875,215.913818359375,-1,-1,-1,-1
194,3,663.3780517578125,594.153564453125,98.864501953125,217.89044189453125,-1,-1,-1,-1
195,3,665.3553466796875,583.0997314453125,90.7520751953125,222.72320556640625,-1,-1,-1,-1
196,3,666.0974731445312,577.8292846679688,84.66156005859375,220.09942626953125,-1,-1,-1,-1
197,3,662.315185546875,575.9714965820312,83.8857421875,214.45745849609375,-1,-1,-1,-1
198,3,658.3221435546875,577.8228759765625,82.8568115234375,210.27520751953125,-1,-1,-1,-1
199,3,658.3328857421875,579.666259765625,82.62042236328125,206.93212890625,-1,-1,-1,-1
200,3,659.309326171875,584.5875244140625,83.10174560546875,202.82275390625,-1,-1,-1,-1
201,3,657.7944946289062,594.8260498046875,81.77459716796875,192.744384765625,-1,-1,-1,-1
202,3,656.0755615234375,592.8601684570312,79.87359619140625,191.16802978515625,-1,-1,-1,-1
203,3,653.7596435546875,582.2128295898438,79.1922607421875,200.99371337890625,-1,-1,-1,-1
204,3,651.7894287109375,582.6724243164062,77.5728759765625,203.412109375,-1,-1,-1,-1
205,3,652.9970092773438,583.5488891601562,77.2723388671875,205.69952392578125,-1,-1,-1,-1
206,3,651.5670776367188,584.634765625,77.857421875,211.19549560546875,-1,-1,-1,-1
207,3,647.015869140625,586.6793212890625,79.5052490234375,217.2373046875,-1,-1,-1,-1
208,3,643.361328125,589.7889404296875,82.7900390625,216.476318359375,-1,-1,-1,-1
209,3,642.4227905273438,593.5145263671875,86.96075439453125,214.051513671875,-1,-1,-1,-1
210,3,641.9191284179688,594.6012573242188,88.597900390625,216.17474365234375,-1,-1,-1,-1
211,3,639.9759521484375,591.7634887695312,88.84814453125,220.34912109375,-1,-1,-1,-1
212,3,637.1527099609375,585.6388549804688,89.7298583984375,227.71514892578125,-1,-1,-1,-1
213,3,635.2618408203125,579.33203125,89.34344482421875,233.566162109375,-1,-1,-1,-1
214,3,633.1314697265625,574.9898071289062,89.63323974609375,237.19317626953125,-1,-1,-1,-1
215,3,631.190185546875,573.233154296875,90.69085693359375,238.99346923828125,-1,-1,-1,-1
216,3,621.9622192382812,574.9146118164062,97.5516357421875,236.6116943359375,-1,-1,-1,-1
217,3,603.321533203125,577.7288208007812,115.0823974609375,232.6409912109375,-1,-1,-1,-1
218,3,578.9959716796875,584.0623779296875,139.2025146484375,222.5748291015625,-1,-1,-1,-1
219,3,559.6550903320312,590.1474609375,165.070556640625,217.40582275390625,-1,-1,-1,-1
220,3,555.0231323242188,599.3104858398438,184.11767578125,213.53839111328125,-1,-1,-1,-1
221,3,556.1932983398438,602.651123046875,172.4951171875,211.88458251953125,-1,-1,-1,-1
222,3,556.380859375,601.29296875,174.38250732421875,212.609619140625,-1,-1,-1,-1
223,3,556.1265258789062,602.2247924804688,162.35479736328125,208.82122802734375,-1,-1,-1,-1
224,3,557.7870483398438,601.2210083007812,138.59539794921875,209.4373779296875,-1,-1,-1,-1
225,3,557.0732421875,595.77783203125,139.63958740234375,213.7642822265625,-1,-1,-1,-1
226,3,556.3426513671875,590.7633666992188,139.5802001953125,219.283447265625,-1,-1,-1,-1
227,3,556.2433471679688,587.6538696289062,165.87548828125,223.6685791015625,-1,-1,-1,-1
228,3,554.5867919921875,586.723388671875,176.45330810546875,224.9014892578125,-1,-1,-1,-1
229,3,549.4102172851562,589.5074462890625,193.65814208984375,225.101806640625,-1,-1,-1,-1
230,3,542.4088745117188,593.1192626953125,175.84527587890625,223.0736083984375,-1,-1,-1,-1
231,3,541.0927124023438,594.8950805664062,167.4205322265625,222.15496826171875,-1,-1,-1,-1
232,3,537.6424560546875,597.2151489257812,179.02947998046875,220.00787353515625,-1,-1,-1,-1
233,3,534.474853515625,599.9854736328125,170.6446533203125,218.40472412109375,-1,-1,-1,-1
234,3,533.3887329101562,602.5639038085938,158.95697021484375,218.32867431640625,-1,-1,-1,-1
235,3,532.3497314453125,604.3660278320312,157.37335205078125,219.62548828125,-1,-1,-1,-1
236,3,525.8790893554688,605.345458984375,161.314208984375,221.9429931640625,-1,-1,-1,-1
237,3,524.4909057617188,602.9358520507812,151.16705322265625,225.92529296875,-1,-1,-1,-1
238,3,531.979248046875,597.80126953125,131.7659912109375,228.8028564453125,-1,-1,-1,-1
239,3,548.4824829101562,592.1629638671875,106.83984375,230.0914306640625,-1,-1,-1,-1
240,3,563.1712646484375,585.648193359375,92.296875,234.42138671875,-1,-1,-1,-1
241,3,573.9221801757812,581.5226440429688,84.5809326171875,233.044677734375,-1,-1,-1,-1
242,3,575.1334838867188,581.3685302734375,77.86944580078125,228.54083251953125,-1,-1,-1,-1
243,3,569.1630859375,583.9767456054688,84.91864013671875,220.19842529296875,-1,-1,-1,-1
244,3,561.907958984375,588.3433837890625,99.0609130859375,212.9033203125,-1,-1,-1,-1
245,3,556.5612182617188,591.0048828125,110.9537353515625,209.11279296875,-1,-1,-1,-1
246,3,554.7373046875,590.8818969726562,126.068603515625,209.8973388671875,-1,-1,-1,-1
247,3,556.56591796875,587.6192626953125,123.26361083984375,213.99560546875,-1,-1,-1,-1
248,3,562.46484375,585.26123046875,114.50799560546875,216.10113525390625,-1,-1,-1,-1
249,3,568.26318359375,585.2742309570312,107.57635498046875,212.4598388671875,-1,-1,-1,-1
250,3,574.3185424804688,587.9366455078125,102.327880859375,208.73150634765625,-1,-1,-1,-1
251,3,577.2067260742188,593.134033203125,102.52001953125,200.5980224609375,-1,-1,-1,-1
252,3,576.190185546875,599.4351806640625,107.90380859375,194.52679443359375,-1,-1,-1,-1
253,3,578.124267578125,603.045166015625,106.42230224609375,189.0059814453125,-1,-1,-1,-1
254,3,584.4934692382812,601.0455932617188,100.01068115234375,189.72900390625,-1,-1,-1,-1
255,3,592.3158569335938,594.0795288085938,92.53729248046875,194.24456787109375,-1,-1,-1,-1
256,3,602.7756958007812,587.0330200195312,82.5911865234375,197.764892578125,-1,-1,-1,-1
257,3,609.627685546875,581.8680419921875,76.4759521484375,200.6776123046875,-1,-1,-1,-1
258,3,615.1510620117188,579.9468383789062,71.86248779296875,199.14727783203125,-1,-1,-1,-1
259,3,617.4418334960938,580.013671875,72.22259521484375,198.5035400390625,-1,-1,-1,-1
260,3,619.9740600585938,582.6576538085938,71.94866943359375,195.1182861328125,-1,-1,-1,-1
261,3,622.48046875,584.9765625,73.2479248046875,192.76422119140625,-1,-1,-1,-1
262,3,624.9942626953125,598.4625244140625,73.35711669921875,179.32366943359375,-1,-1,-1,-1
263,3,627.6663208007812,603.4981079101562,73.10797119140625,174.74945068359375,-1,-1,-1,-1
264,3,630.6982421875,598.5792236328125,73.03369140625,180.495361328125,-1,-1,-1,-1
265,3,632.65966796875,592.0386962890625,72.66937255859375,188.60784912109375,-1,-1,-1,-1
266,3,633.5540771484375,588.1729736328125,73.8121337890625,194.220947265625,-1,-1,-1,-1
267,3,633.3308715820312,587.819580078125,76.7945556640625,200.57843017578125,-1,-1,-1,-1
268,3,633.033935546875,589.0678100585938,80.21185302734375,205.33367919921875,-1,-1,-1,-1
269,3,631.2500610351562,591.1184692382812,82.96240234375,207.05303955078125,-1,-1,-1,-1
270,3,630.5462036132812,598.4933471679688,89.08319091796875,200.17608642578125,-1,-1,-1,-1
271,3,631.5838012695312,603.2064208984375,89.72076416015625,197.453369140625,-1,-1,-1,-1
272,3,636.2459716796875,599.1621704101562,84.4383544921875,202.7100830078125,-1,-1,-1,-1
273,3,639.3084716796875,594.5541381835938,81.7437744140625,209.6446533203125,-1,-1,-1,-1
274,3,640.5618896484375,593.1778564453125,78.35791015625,210.13165283203125,-1,-1,-1,-1
275,3,640.7322387695312,591.459716796875,77.29705810546875,208.69305419921875,-1,-1,-1,-1
276,3,640.8300170898438,591.0332641601562,76.99896240234375,208.16912841796875,-1,-1,-1,-1
277,3,636.291259765625,591.7947998046875,80.62109375,203.5159912109375,-1,-1,-1,-1
278,3,631.79296875,595.2800903320312,86.5225830078125,197.3133544921875,-1,-1,-1,-1
279,3,630.490478515625,598.492919921875,88.0496826171875,191.6573486328125,-1,-1,-1,-1
280,3,632.3803100585938,597.2654418945312,87.1058349609375,192.3045654296875,-1,-1,-1,-1
281,3,632.97412109375,592.3798217773438,87.352783203125,197.79571533203125,-1,-1,-1,-1
282,3,633.3472900390625,587.4664306640625,87.114990234375,202.5357666015625,-1,-1,-1,-1
283,3,632.1474609375,585.0988159179688,87.7767333984375,205.78240966796875,-1,-1,-1,-1
284,3,631.3267822265625,585.88525390625,92.41015625,206.5611572265625,-1,-1,-1,-1
285,3,632.40087890625,588.1116333007812,96.6044921875,206.9259033203125,-1,-1,-1,-1
286,3,633.3427124023438,594.4979858398438,105.70379638671875,205.09423828125,-1,-1,-1,-1
287,3,632.3447265625,596.37744140625,111.34808349609375,206.96282958984375,-1,-1,-1,-1
288,3,629.8494873046875,595.1277465820312,113.48388671875,210.90869140625,-1,-1,-1,-1
289,3,628.9241943359375,590.7045288085938,112.845458984375,217.295654296875,-1,-1,-1,-1
290,3,627.4160766601562,589.6008911132812,108.04833984375,218.30169677734375,-1,-1,-1,-1
291,3,630.511474609375,598.484130859375,128.94073486328125,211.14208984375,-1,-1,-1,-1
292,3,627.3892822265625,607.8031616210938,140.1170654296875,206.8636474609375,-1,-1,-1,-1
293,3,617.7024536132812,614.465087890625,153.02947998046875,201.25518798828125,-1,-1,-1,-1
294,3,613.2489013671875,613.8924560546875,164.223876953125,203.9005126953125,-1,-1,-1,-1
295,3,613.5889892578125,617.6021728515625,155.23492431640625,205.46038818359375,-1,-1,-1,-1
296,3,614.4730224609375,621.0032348632812,151.8505859375,213.6209716796875,-1,-1,-1,-1
297,3,615.6254272460938,620.5672607421875,153.0350341796875,227.9100341796875,-1,-1,-1,-1
298,3,620.79638671875,629.501220703125,188.6275634765625,237.990966796875,-1,-1,-1,-1
299,3,629.8168334960938,641.5033569335938,190.28912353515625,237.51226806640625,-1,-1,-1,-1
300,3,631.1412963867188,652.484130859375,214.38531494140625,224.55364990234375,-1,-1,-1,-1
301,3,634.0183715820312,660.8954467773438,190.39605712890625,213.37841796875,-1,-1,-1,-1
302,3,632.1165161132812,664.0181884765625,227.5911865234375,206.46148681640625,-1,-1,-1,-1
303,3,630.5552978515625,660.8997802734375,214.820556640625,207.1585693359375,-1,-1,-1,-1
304,3,627.7579956054688,653.3490600585938,181.628662109375,212.12005615234375,-1,-1,-1,-1
305,3,623.7228393554688,642.8121948242188,177.51812744140625,220.91741943359375,-1,-1,-1,-1
306,3,623.717529296875,629.97412109375,157.41754150390625,233.16552734375,-1,-1,-1,-1
307,3,621.9712524414062,614.633056640625,141.3033447265625,247.3831787109375,-1,-1,-1,-1
308,3,621.3560180664062,603.1589965820312,133.70709228515625,258.62249755859375,-1,-1,-1,-1
309,3,620.6498413085938,591.5594482421875,127.04559326171875,271.599609375,-1,-1,-1,-1
310,3,619.7730102539062,580.3739013671875,122.68212890625,283.76409912109375,-1,-1,-1,-1
311,3,613.5651245117188,574.7410888671875,120.239501953125,283.23553466796875,-1,-1,-1,-1
312,3,609.470947265625,574.00439453125,121.922607421875,273.49957275390625,-1,-1,-1,-1
313,3,605.4977416992188,578.154296875,116.30999755859375,260.09765625,-1,-1,-1,-1
314,3,602.6366577148438,584.8770141601562,110.50726318359375,254.86279296875,-1,-1,-1,-1
315,3,597.3582763671875,589.3764038085938,111.80242919921875,255.04473876953125,-1,-1,-1,-1
316,3,592.3817749023438,591.3907470703125,114.13653564453125,256.34051513671875,-1,-1,-1,-1
317,3,592.0933837890625,589.5970458984375,116.37127685546875,257.9071044921875,-1,-1,-1,-1
318,3,595.2649536132812,586.494140625,115.95977783203125,253.918212890625,-1,-1,-1,-1
319,3,597.8212280273438,582.171875,114.621826171875,250.8123779296875,-1,-1,-1,-1
320,3,589.9583740234375,580.3246459960938,111.9073486328125,242.10992431640625,-1,-1,-1,-1
321,3,581.8050537109375,580.657470703125,100.4161376953125,236.5926513671875,-1,-1,-1,-1
322,3,586.9778442382812,582.3470458984375,99.15753173828125,231.67657470703125,-1,-1,-1,-1
323,3,597.0460205078125,586.365234375,95.93463134765625,228.8231201171875,-1,-1,-1,-1
324,3,605.696044921875,591.0346069335938,94.28985595703125,227.41253662109375,-1,-1,-1,-1
325,3,610.2819213867188,595.1651000976562,94.56329345703125,227.04498291015625,-1,-1,-1,-1
326,3,613.14501953125,595.7229614257812,97.0179443359375,228.09515380859375,-1,-1,-1,-1
327,3,615.5482788085938,597.47119140625,97.356201171875,226.6964111328125,-1,-1,-1,-1
328,3,617.8547973632812,602.7970581054688,95.01214599609375,221.4901123046875,-1,-1,-1,-1
329,3,621.0908203125,612.1185302734375,94.90093994140625,214.5806884765625,-1,-1,-1,-1
330,3,624.23681640625,619.0213623046875,101.71185302734375,209.3795166015625,-1,-1,-1,-1
331,3,626.5902709960938,623.5860595703125,103.86798095703125,205.15576171875,-1,-1,-1,-1
332,3,628.9871215820312,622.166748046875,102.26416015625,201.666748046875,-1,-1,-1,-1
333,3,634.9060668945312,615.7907104492188,97.12493896484375,203.10943603515625,-1,-1,-1,-1
334,3,641.3738403320312,609.2589721679688,99.18890380859375,204.428955078125,-1,-1,-1,-1
335,3,645.4676513671875,603.9613037109375,94.56317138671875,203.09197998046875,-1,-1,-1,-1
336,3,649.9758911132812,599.6220703125,86.1453857421875,202.44659423828125,-1,-1,-1,-1
337,3,650.7633666992188,598.2466430664062,82.13311767578125,200.18316650390625,-1,-1,-1,-1
338,3,651.5744018554688,598.601806640625,82.987548828125,196.5633544921875,-1,-1,-1,-1
339,3,652.158203125,601.1862182617188,87.1224365234375,190.63629150390625,-1,-1,-1,-1
340,3,652.9861450195312,603.9874267578125,87.80474853515625,186.3277587890625,-1,-1,-1,-1
341,3,652.42578125,605.0775146484375,88.0743408203125,183.54107666015625,-1,-1,-1,-1
342,3,653.4285888671875,604.4489135742188,85.31488037109375,183.57232666015625,-1,-1,-1,-1
343,3,655.0908813476562,600.5377807617188,82.67950439453125,189.16204833984375,-1,-1,-1,-1
344,3,658.2174072265625,596.7473754882812,79.646240234375,196.10137939453125,-1,-1,-1,-1
345,3,658.7736206054688,594.9649658203125,76.89556884765625,201.89447021484375,-1,-1,-1,-1
346,3,658.1654663085938,594.3458251953125,77.548095703125,206.099853515625,-1,-1,-1,-1
347,3,657.883056640625,596.222412109375,78.850830078125,204.43634033203125,-1,-1,-1,-1
348,3,657.8817749023438,600.5225219726562,80.5379638671875,199.85064697265625,-1,-1,-1,-1
349,3,653.8945922851562,603.2894287109375,83.5247802734375,197.47882080078125,-1,-1,-1,-1
350,3,654.386474609375,601.2017822265625,83.04559326171875,200.6614990234375,-1,-1,-1,-1
351,3,650.5848388671875,595.6531372070312,78.94482421875,206.14361572265625,-1,-1,-1,-1
352,3,649.3379516601562,589.8272094726562,75.73260498046875,210.47271728515625,-1,-1,-1,-1
353,3,646.59130859375,586.2371215820312,74.731689453125,210.65301513671875,-1,-1,-1,-1
354,3,643.2796020507812,586.2242431640625,75.5235595703125,206.0860595703125,-1,-1,-1,-1
355,3,639.76318359375,589.0502319335938,77.15802001953125,202.51849365234375,-1,-1,-1,-1
356,3,637.4806518554688,594.175048828125,77.2735595703125,197.49798583984375,-1,-1,-1,-1
357,3,635.1494750976562,600.088134765625,80.8438720703125,192.65032958984375,-1,-1,-1,-1
358,3,632.3096923828125,600.90869140625,80.88372802734375,191.15057373046875,-1,-1,-1,-1
359,3,623.1199951171875,596.6883544921875,91.129638671875,195.11578369140625,-1,-1,-1,-1
360,3,621.4569091796875,591.518798828125,90.6090087890625,199.33868408203125,-1,-1,-1,-1
361,3,622.0432739257812,587.0538940429688,84.37066650390625,201.4765625,-1,-1,-1,-1
362,3,620.915771484375,583.3274536132812,83.24420166015625,201.9796142578125,-1,-1,-1,-1
363,3,617.2532958984375,583.7095947265625,86.4205322265625,197.0372314453125,-1,-1,-1,-1
364,3,615.8466796875,589.0546875,86.63446044921875,191.465576171875,-1,-1,-1,-1
365,3,616.0218505859375,594.632568359375,87.34295654296875,186.94158935546875,-1,-1,-1,-1
366,3,617.5,597.76416015625,89.1053466796875,185.7039794921875,-1,-1,-1,-1
367,3,620.7501831054688,597.8909912109375,87.24713134765625,187.21380615234375,-1,-1,-1,-1
368,3,622.6840209960938,596.74755859375,88.07861328125,191.62884521484375,-1,-1,-1,-1
369,3,626.1217041015625,595.2841186523438,89.13226318359375,199.59893798828125,-1,-1,-1,-1
370,3,625.4097290039062,596.197998046875,91.26666259765625,206.66448974609375,-1,-1,-1,-1
371,3,628.1973266601562,598.1091918945312,86.34674072265625,208.2020263671875,-1,-1,-1,-1
372,3,631.4608154296875,602.0596923828125,86.3480224609375,209.4990234375,-1,-1,-1,-1
373,3,631.7686767578125,606.9366455078125,90.51513671875,207.34368896484375,-1,-1,-1,-1
374,3,637.1121215820312,611.1052856445312,93.7720947265625,204.8629150390625,-1,-1,-1,-1
375,3,643.177001953125,614.0445556640625,90.96307373046875,202.4415283203125,-1,-1,-1,-1
376,3,647.276611328125,615.6195678710938,91.4598388671875,203.48016357421875,-1,-1,-1,-1
377,3,651.1358032226562,618.1841430664062,88.260986328125,205.94091796875,-1,-1,-1,-1
378,3,647.7298583984375,622.0980834960938,88.91015625,204.80731201171875,-1,-1,-1,-1
379,3,651.4768676757812,625.669677734375,87.71551513671875,200.32598876953125,-1,-1,-1,-1
380,3,658.341552734375,628.2608642578125,87.9365234375,195.9498291015625,-1,-1,-1,-1
381,3,663.0362548828125,628.31591796875,84.597412109375,193.3787841796875,-1,-1,-1,-1
382,3,661.8185424804688,624.1712646484375,94.052001953125,194.41259765625,-1,-1,-1,-1
383,3,658.0518798828125,620.1060180664062,98.92340087890625,194.89324951171875,-1,-1,-1,-1
384,3,657.6185302734375,616.4232177734375,102.6734619140625,197.50213623046875,-1,-1,-1,-1
385,3,663.1245727539062,613.9061279296875,103.3057861328125,195.362060546875,-1,-1,-1,-1
386,3,671.325927734375,612.9033813476562,95.6168212890625,192.96044921875,-1,-1,-1,-1
387,3,677.6920776367188,614.4708251953125,96.117919921875,186.31640625,-1,-1,-1,-1
388,3,680.3278198242188,615.263427734375,102.41351318359375,182.43017578125,-1,-1,-1,-1
389,3,679.8828125,616.0357055664062,104.443603515625,186.15753173828125,-1,-1,-1,-1
390,3,677.6103515625,611.5673217773438,106.84259033203125,195.1553955078125,-1,-1,-1,-1
391,3,674.1156616210938,605.401123046875,100.2998046875,200.667236328125,-1,-1,-1,-1
392,3,670.7896728515625,597.9583740234375,94.75927734375,209.7935791015625,-1,-1,-1,-1
393,3,668.2443237304688,591.2593383789062,84.98175048828125,215.2987060546875,-1,-1,-1,-1
394,3,665.6609497070312,585.6378173828125,83.9793701171875,224.3970947265625,-1,-1,-1,-1
395,3,661.19873046875,583.2745361328125,84.923583984375,232.60723876953125,-1,-1,-1,-1
396,3,655.2546997070312,582.3421630859375,87.06158447265625,240.13720703125,-1,-1,-1,-1
397,3,647.6201171875,583.26904296875,88.55328369140625,242.7176513671875,-1,-1,-1,-1
398,3,638.7233276367188,585.3207397460938,97.4959716796875,243.7376708984375,-1,-1,-1,-1
399,3,628.6314697265625,586.8728637695312,104.9390869140625,249.30181884765625,-1,-1,-1,-1
400,3,623.2893676757812,586.6539916992188,106.5059814453125,254.131591796875,-1,-1,-1,-1
401,3,613.4168701171875,583.1321411132812,111.96893310546875,259.9422607421875,-1,-1,-1,-1
402,3,608.967041015625,582.4664916992188,112.6055908203125,265.64422607421875,-1,-1,-1,-1
403,3,599.7382202148438,582.2982177734375,114.05072021484375,276.40447998046875,-1,-1,-1,-1
404,3,592.7058715820312,583.0774536132812,113.830810546875,290.1844482421875,-1,-1,-1,-1
405,3,582.3273315429688,593.3109741210938,116.58514404296875,287.39013671875,-1,-1,-1,-1
406,3,576.519775390625,603.7371215820312,114.471435546875,277.82464599609375,-1,-1,-1,-1
407,3,567.3958740234375,611.5819091796875,115.0413818359375,272.5687255859375,-1,-1,-1,-1
408,3,558.0282592773438,609.4085693359375,113.54046630859375,275.91876220703125,-1,-1,-1,-1
409,3,553.5617065429688,600.9756469726562,108.639892578125,283.6904296875,-1,-1,-1,-1
410,3,549.89208984375,587.7424926757812,106.744384765625,294.71405029296875,-1,-1,-1,-1
411,3,552.7098999023438,578.8742065429688,100.668701171875,299.4774169921875,-1,-1,-1,-1
412,3,555.7333984375,574.8510131835938,96.91790771484375,294.73974609375,-1,-1,-1,-1
413,3,559.2738037109375,575.548828125,95.84722900390625,281.49981689453125,-1,-1,-1,-1
414,3,562.5855102539062,579.9185791015625,96.00067138671875,271.31884765625,-1,-1,-1,-1
415,3,563.4154663085938,587.9694213867188,99.25421142578125,263.81463623046875,-1,-1,-1,-1
416,3,565.79296875,594.2755126953125,104.25970458984375,254.20623779296875,-1,-1,-1,-1
417,3,564.6729736328125,594.1571655273438,106.9368896484375,256.694580078125,-1,-1,-1,-1
418,3,569.07666015625,582.6526489257812,102.458984375,266.5870361328125,-1,-1,-1,-1
419,3,576.4325561523438,577.7198486328125,94.7720947265625,263.3868408203125,-1,-1,-1,-1
420,3,583.7322998046875,577.3089599609375,88.1578369140625,253.361572265625,-1,-1,-1,-1
421,3,586.9408569335938,573.8511352539062,83.12579345703125,248.51837158203125,-1,-1,-1,-1
422,3,590.0271606445312,571.6739501953125,80.1282958984375,240.25439453125,-1,-1,-1,-1
423,3,591.73681640625,572.3550415039062,77.89007568359375,234.47576904296875,-1,-1,-1,-1
424,3,593.78955078125,571.7615966796875,75.7332763671875,229.1031494140625,-1,-1,-1,-1
425,3,594.6497192382812,578.5912475585938,74.9617919921875,218.427490234375,-1,-1,-1,-1
426,3,594.72705078125,587.835693359375,74.6536865234375,208.80377197265625,-1,-1,-1,-1
427,3,595.7638549804688,599.9959716796875,74.7257080078125,197.93304443359375,-1,-1,-1,-1
428,3,594.1743774414062,597.8980712890625,77.958740234375,200.65252685546875,-1,-1,-1,-1
429,3,590.0430908203125,584.0908203125,74.3397216796875,213.6026611328125,-1,-1,-1,-1
430,3,585.9735717773438,575.35595703125,74.84796142578125,220.5162353515625,-1,-1,-1,-1
431,3,581.907958984375,572.5023803710938,74.47100830078125,217.147216796875,-1,-1,-1,-1
432,3,577.6626586914062,571.4254760742188,75.32403564453125,218.62432861328125,-1,-1,-1,-1
433,3,572.2764282226562,572.707275390625,79.76934814453125,219.2845458984375,-1,-1,-1,-1
434,3,558.4127197265625,575.8449096679688,95.98297119140625,220.82183837890625,-1,-1,-1,-1
435,3,543.258544921875,579.5303344726562,103.209228515625,223.88092041015625,-1,-1,-1,-1
436,3,533.3055419921875,581.7269897460938,111.49224853515625,231.55731201171875,-1,-1,-1,-1
437,3,525.7779541015625,581.7991333007812,116.64501953125,237.7281494140625,-1,-1,-1,-1
438,3,521.4942626953125,584.0003051757812,119.50750732421875,236.11126708984375,-1,-1,-1,-1
439,3,522.8767700195312,584.36279296875,111.9913330078125,236.85540771484375,-1,-1,-1,-1
440,3,525.7135620117188,579.760498046875,102.94561767578125,242.29205322265625,-1,-1,-1,-1
441,3,527.2384643554688,571.8480834960938,96.26409912109375,251.96527099609375,-1,-1,-1,-1
442,3,526.5160522460938,564.94775390625,93.65692138671875,259.30364990234375,-1,-1,-1,-1
443,3,521.5763549804688,560.9651489257812,94.77325439453125,262.10540771484375,-1,-1,-1,-1
444,3,513.0894775390625,559.2858276367188,99.7457275390625,262.848388671875,-1,-1,-1,-1
445,3,499.6470947265625,561.7930908203125,110.08258056640625,262.9134521484375,-1,-1,-1,-1
446,3,488.82220458984375,567.7071533203125,119.1490478515625,256.54534912109375,-1,-1,-1,-1
447,3,490.4561767578125,578.3153076171875,123.40380859375,245.68316650390625,-1,-1,-1,-1
448,3,501.1339111328125,585.4202880859375,122.5560302734375,235.177978515625,-1,-1,-1,-1
449,3,509.2266845703125,587.722412109375,124.66204833984375,230.31494140625,-1,-1,-1,-1
450,3,515.209228515625,582.46728515625,129.97833251953125,232.54022216796875,-1,-1,-1,-1
451,3,521.8963623046875,574.8377685546875,130.18658447265625,240.5555419921875,-1,-1,-1,-1
452,3,528.656494140625,569.8627319335938,128.40576171875,246.1124267578125,-1,-1,-1,-1
453,3,536.5762329101562,567.8841552734375,126.9610595703125,243.3634033203125,-1,-1,-1,-1
454,3,555.5695190429688,568.2633666992188,113.9549560546875,242.21844482421875,-1,-1,-1,-1
455,3,572.1499633789062,571.5668334960938,106.29571533203125,233.431884765625,-1,-1,-1,-1
456,3,578.5533447265625,578.2296142578125,106.99127197265625,224.3404541015625,-1,-1,-1,-1
457,3,581.4588623046875,583.660888671875,111.62261962890625,218.93243408203125,-1,-1,-1,-1
458,3,584.4495849609375,587.6295166015625,117.39984130859375,213.42919921875,-1,-1,-1,-1
459,3,583.88134765625,586.062744140625,129.79925537109375,215.49078369140625,-1,-1,-1,-1
460,3,596.4100952148438,580.9557495117188,117.26690673828125,220.79541015625,-1,-1,-1,-1
461,3,612.8819580078125,575.5889892578125,104.71246337890625,227.16705322265625,-1,-1,-1,-1
462,3,625.3612060546875,573.560302734375,95.90142822265625,227.7587890625,-1,-1,-1,-1
463,3,632.0538940429688,573.8555908203125,93.0992431640625,226.2064208984375,-1,-1,-1,-1
464,3,639.5257568359375,576.4300537109375,89.1151123046875,222.0140380859375,-1,-1,-1,-1
465,3,641.485595703125,580.7333984375,96.88818359375,219.52349853515625,-1,-1,-1,-1
466,3,639.1785888671875,585.6492919921875,106.4063720703125,214.01611328125,-1,-1,-1,-1
467,3,640.377197265625,594.4623413085938,106.65167236328125,206.082275390625,-1,-1,-1,-1
468,3,640.308349609375,602.0016479492188,105.10382080078125,198.6766357421875,-1,-1,-1,-1
469,3,642.0537109375,602.0631103515625,103.2269287109375,198.69281005859375,-1,-1,-1,-1
470,3,642.135498046875,595.5029907226562,102.7982177734375,205.49786376953125,-1,-1,-1,-1
471,3,641.1931762695312,584.7232666015625,103.5089111328125,215.965576171875,-1,-1,-1,-1
472,3,639.3612060546875,583.5737915039062,102.5928955078125,214.38409423828125,-1,-1,-1,-1
473,3,635.6430053710938,581.5320434570312,105.20599365234375,208.372314453125,-1,-1,-1,-1
474,3,634.5162353515625,582.84521484375,105.50335693359375,205.12152099609375,-1,-1,-1,-1
475,3,631.2365112304688,586.7769165039062,111.50537109375,208.7081298828125,-1,-1,-1,-1
476,3,626.5233154296875,591.2223510742188,115.7476806640625,211.09002685546875,-1,-1,-1,-1
477,3,621.534912109375,601.8854370117188,116.55242919921875,202.083984375,-1,-1,-1,-1
478,3,617.5838623046875,607.4722290039062,119.7762451171875,195.373291015625,-1,-1,-1,-1
479,3,620.124755859375,606.60498046875,120.39459228515625,198.6884765625,-1,-1,-1,-1
480,3,623.3080444335938,604.100830078125,119.72918701171875,209.60821533203125,-1,-1,-1,-1
481,3,638.5542602539062,608.3759765625,101.93829345703125,206.27813720703125,-1,-1,-1,-1
482,3,648.9171142578125,613.8809204101562,88.0587158203125,202.16424560546875,-1,-1,-1,-1
483,3,644.656494140625,620.2354736328125,94.67364501953125,217.91229248046875,-1,-1,-1,-1
484,3,639.6324462890625,627.2666625976562,102.41448974609375,209.69384765625,-1,-1,-1,-1
485,3,626.1048583984375,636.9503173828125,116.51947021484375,197.72894287109375,-1,-1,-1,-1
486,3,614.7879638671875,647.2471313476562,127.404052734375,193.68035888671875,-1,-1,-1,-1
487,3,618.5484008789062,654.3115844726562,129.91522216796875,195.56036376953125,-1,-1,-1,-1
488,3,626.26416015625,658.5223388671875,126.35870361328125,191.83294677734375,-1,-1,-1,-1
489,3,638.3421020507812,656.4154052734375,134.5589599609375,195.66961669921875,-1,-1,-1,-1
490,3,695.3076782226562,654.3187866210938,87.13604736328125,185.97674560546875,-1,-1,-1,-1
491,3,713.0023193359375,649.7095947265625,70.41436767578125,187.71533203125,-1,-1,-1,-1
492,3,714.3025512695312,647.3800048828125,71.4722900390625,213.11724853515625,-1,-1,-1,-1
493,3,715.145263671875,646.6067504882812,72.39727783203125,211.17828369140625,-1,-1,-1,-1
494,3,715.9735717773438,649.010009765625,72.01995849609375,202.7015380859375,-1,-1,-1,-1
495,3,712.8502807617188,646.9105224609375,71.83935546875,192.48992919921875,-1,-1,-1,-1
496,3,708.0614624023438,645.3496704101562,71.54998779296875,188.0589599609375,-1,-1,-1,-1
497,3,702.4113159179688,643.7650756835938,72.1666259765625,187.21734619140625,-1,-1,-1,-1
498,3,699.8038940429688,641.60205078125,72.2386474609375,189.9559326171875,-1,-1,-1,-1
499,3,691.2551879882812,632.7373657226562,76.9637451171875,199.4595947265625,-1,-1,-1,-1
500,3,681.8916625976562,624.6439819335938,80.20782470703125,203.75408935546875,-1,-1,-1,-1
501,3,672.2769775390625,617.2954711914062,84.97930908203125,203.7720947265625,-1,-1,-1,-1
502,3,666.685791015625,611.4389038085938,79.9134521484375,233.54803466796875,-1,-1,-1,-1
503,3,662.190673828125,612.8214721679688,78.36920166015625,245.38677978515625,-1,-1,-1,-1
504,3,655.2205810546875,622.822265625,81.46173095703125,221.330322265625,-1,-1,-1,-1
505,3,653.1466064453125,625.1897583007812,86.10760498046875,213.07794189453125,-1,-1,-1,-1
506,3,654.7081298828125,623.0344848632812,85.395263671875,203.76678466796875,-1,-1,-1,-1
507,3,659.5807495117188,618.442138671875,77.69293212890625,189.75616455078125,-1,-1,-1,-1
508,3,662.5361328125,609.4801635742188,77.04925537109375,198.97979736328125,-1,-1,-1,-1
509,3,661.545654296875,603.8191528320312,79.39471435546875,215.27508544921875,-1,-1,-1,-1
510,3,661.7740478515625,601.361083984375,76.20269775390625,217.8597412109375,-1,-1,-1,-1
511,3,666.5572509765625,600.9458618164062,79.4197998046875,217.52911376953125,-1,-1,-1,-1
512,3,672.2756958007812,602.7200927734375,80.572265625,213.77667236328125,-1,-1,-1,-1
513,3,678.1719360351562,603.9871826171875,84.86279296875,214.97967529296875,-1,-1,-1,-1
514,3,681.4954223632812,605.71923828125,84.77191162109375,217.376953125,-1,-1,-1,-1
515,3,693.3204956054688,602.961181640625,79.264892578125,213.3363037109375,-1,-1,-1,-1
516,3,700.2498779296875,590.8391723632812,79.3177490234375,218.49505615234375,-1,-1,-1,-1
517,3,710.5724487304688,582.271484375,79.45623779296875,218.0518798828125,-1,-1,-1,-1
518,3,712.4837646484375,583.8722534179688,81.46484375,215.257080078125,-1,-1,-1,-1
519,3,711.1414184570312,586.6759643554688,84.66217041015625,214.92950439453125,-1,-1,-1,-1
520,3,713.8220825195312,592.6719970703125,90.70703125,209.265380859375,-1,-1,-1,-1
521,3,717.9447631835938,601.9794311523438,93.12969970703125,204.0911865234375,-1,-1,-1,-1
522,3,723.8075561523438,610.5296020507812,93.03570556640625,196.75067138671875,-1,-1,-1,-1
523,3,729.8303833007812,620.559326171875,87.78314208984375,189.5745849609375,-1,-1,-1,-1
524,3,736.5755615234375,630.588623046875,84.42919921875,180.14324951171875,-1,-1,-1,-1
525,3,732.6743774414062,632.251953125,89.30804443359375,219.46807861328125,-1,-1,-1,-1
526,3,729.714599609375,622.261474609375,87.177001953125,222.20819091796875,-1,-1,-1,-1
527,3,729.7796020507812,613.423828125,88.494140625,227.0205078125,-1,-1,-1,-1
528,3,728.9336547851562,604.339599609375,85.2442626953125,233.04632568359375,-1,-1,-1,-1
529,3,733.7926025390625,599.9515991210938,83.376953125,227.44073486328125,-1,-1,-1,-1
530,3,742.0439453125,597.0079345703125,76.253173828125,226.8924560546875,-1,-1,-1,-1
531,3,740.8659057617188,597.8455810546875,76.155029296875,230.573974609375,-1,-1,-1,-1
532,3,737.83154296875,598.21142578125,78.27630615234375,233.26629638671875,-1,-1,-1,-1
533,3,730.7346801757812,601.7802124023438,80.935791015625,233.50848388671875,-1,-1,-1,-1
534,3,726.7857666015625,604.5836791992188,79.60931396484375,227.5399169921875,-1,-1,-1,-1
535,3,721.6362915039062,602.0473022460938,76.59796142578125,224.7164306640625,-1,-1,-1,-1
536,3,714.7561645507812,596.1409912109375,70.966064453125,227.2012939453125,-1,-1,-1,-1
537,3,707.1439819335938,594.1707763671875,74.2781982421875,230.77191162109375,-1,-1,-1,-1
538,3,705.2705078125,597.8529052734375,74.4537353515625,235.06085205078125,-1,-1,-1,-1
539,3,701.8456420898438,602.5713500976562,78.1036376953125,241.26226806640625,-1,-1,-1,-1
540,3,698.4495849609375,607.37353515625,78.28857421875,244.55029296875,-1,-1,-1,-1
541,3,698.6500244140625,612.8623046875,73.52099609375,230.37158203125,-1,-1,-1,-1
542,3,695.60400390625,615.6825561523438,72.361572265625,235.1702880859375,-1,-1,-1,-1
543,3,687.0321655273438,615.0178833007812,75.80157470703125,219.96295166015625,-1,-1,-1,-1
544,3,683.551513671875,606.176513671875,76.7197265625,220.38287353515625,-1,-1,-1,-1
545,3,681.0484008789062,594.0152587890625,78.5079345703125,225.8031005859375,-1,-1,-1,-1
546,3,678.6008911132812,587.9733276367188,78.35626220703125,225.33538818359375,-1,-1,-1,-1
547,3,676.6988525390625,587.6146240234375,79.7564697265625,224.876220703125,-1,-1,-1,-1
548,3,674.6123046875,588.2518310546875,85.97723388671875,267.65667724609375,-1,-1,-1,-1
549,3,675.988037109375,587.0718994140625,88.95989990234375,267.29937744140625,-1,-1,-1,-1
550,3,677.1036987304688,587.0173950195312,91.34027099609375,263.56170654296875,-1,-1,-1,-1
551,3,675.9036254882812,586.923828125,96.94281005859375,272.5679931640625,-1,-1,-1,-1
552,3,675.9920043945312,584.9578247070312,96.8839111328125,274.0848388671875,-1,-1,-1,-1
553,3,674.2650756835938,578.569580078125,92.30108642578125,259.90350341796875,-1,-1,-1,-1
554,3,672.8270874023438,572.72119140625,89.72991943359375,223.22467041015625,-1,-1,-1,-1
555,3,670.0481567382812,568.4852294921875,90.34320068359375,242.59820556640625,-1,-1,-1,-1
556,3,665.8908081054688,565.853759765625,95.12457275390625,254.74786376953125,-1,-1,-1,-1
557,3,664.1395874023438,568.3046875,102.006591796875,249.543701171875,-1,-1,-1,-1
558,3,661.1481323242188,574.137939453125,111.2489013671875,240.3922119140625,-1,-1,-1,-1
559,3,663.3462524414062,581.601318359375,113.32415771484375,234.35968017578125,-1,-1,-1,-1
560,3,658.6984252929688,586.8796997070312,117.34326171875,229.772216796875,-1,-1,-1,-1
561,3,656.3007202148438,588.8993530273438,114.654541015625,226.80059814453125,-1,-1,-1,-1
562,3,655.3446655273438,594.766357421875,105.9954833984375,219.5721435546875,-1,-1,-1,-1
563,3,654.7991943359375,602.3905029296875,101.20684814453125,218.87969970703125,-1,-1,-1,-1
564,3,653.5350952148438,608.0970458984375,112.3941650390625,224.245849609375,-1,-1,-1,-1
565,3,663.1229858398438,605.2921142578125,117.227783203125,191.5267333984375,-1,-1,-1,-1
566,3,660.5067138671875,598.1958618164062,132.7117919921875,199.06884765625,-1,-1,-1,-1
567,3,661.2752075195312,590.7000122070312,142.09710693359375,199.47674560546875,-1,-1,-1,-1
568,3,660.269775390625,588.0348510742188,147.46923828125,195.7735595703125,-1,-1,-1,-1
569,3,655.0968017578125,587.8797607421875,144.48492431640625,223.043212890625,-1,-1,-1,-1
570,3,653.5324096679688,571.5565795898438,137.37091064453125,258.353271484375,-1,-1,-1,-1
571,3,654.8782348632812,567.458740234375,129.49114990234375,273.63104248046875,-1,-1,-1,-1
572,3,659.078125,567.87646484375,133.50079345703125,266.7889404296875,-1,-1,-1,-1
573,3,681.757568359375,604.6134033203125,127.70733642578125,176.005126953125,-1,-1,-1,-1
574,3,680.0413208007812,619.2637329101562,82.10992431640625,165.26568603515625,-1,-1,-1,-1
575,3,674.1746826171875,625.9281616210938,87.4185791015625,214.31219482421875,-1,-1,-1,-1
576,3,678.4207763671875,633.19873046875,90.7724609375,207.8515625,-1,-1,-1,-1
577,3,678.009765625,634.5084228515625,83.83197021484375,205.58056640625,-1,-1,-1,-1
578,3,681.5826416015625,629.8585815429688,87.06842041015625,210.93621826171875,-1,-1,-1,-1
579,3,678.174072265625,620.6212158203125,93.07415771484375,219.6715087890625,-1,-1,-1,-1
580,3,666.6864624023438,613.3477783203125,102.55780029296875,235.984619140625,-1,-1,-1,-1
581,3,664.7293701171875,604.9376831054688,110.61260986328125,258.83953857421875,-1,-1,-1,-1
582,3,661.1353149414062,599.8456420898438,106.88336181640625,279.01318359375,-1,-1,-1,-1
583,3,665.496826171875,596.68310546875,118.812744140625,267.9134521484375,-1,-1,-1,-1
584,3,664.919921875,596.9042358398438,127.60833740234375,223.53729248046875,-1,-1,-1,-1
585,3,673.3500366210938,601.7205810546875,122.90625,180.02685546875,-1,-1,-1,-1
586,3,681.4462280273438,604.7335815429688,107.34417724609375,180.6290283203125,-1,-1,-1,-1
587,3,686.2286376953125,603.621826171875,114.56085205078125,182.7381591796875,-1,-1,-1,-1
588,3,684.4915161132812,600.43896484375,115.09576416015625,190.71966552734375,-1,-1,-1,-1
589,3,679.08447265625,593.9351806640625,122.84881591796875,229.8895263671875,-1,-1,-1,-1
590,3,678.613037109375,586.483642578125,118.9063720703125,240.570068359375,-1,-1,-1,-1
591,3,680.4640502929688,585.9683227539062,113.74481201171875,235.46136474609375,-1,-1,-1,-1
592,3,681.9069213867188,591.31201171875,109.44342041015625,224.513427734375,-1,-1,-1,-1
593,3,679.1961059570312,599.6425170898438,103.091064453125,236.8670654296875,-1,-1,-1,-1
594,3,673.40771484375,602.19921875,95.4837646484375,269.592529296875,-1,-1,-1,-1
595,3,658.5657348632812,594.6311645507812,116.60699462890625,421.09857177734375,-1,-1,-1,-1
596,3,645.1458740234375,591.2488403320312,130.81817626953125,414.24554443359375,-1,-1,-1,-1
597,3,639.71484375,582.7798461914062,139.31842041015625,403.78216552734375,-1,-1,-1,-1
598,3,655.152587890625,576.845947265625,114.4307861328125,388.046875,-1,-1,-1,-1
599,3,665.0789184570312,581.16845703125,92.90899658203125,283.04248046875,-1,-1,-1,-1
600,3,669.1854858398438,586.8814086914062,85.0889892578125,255.90191650390625,-1,-1,-1,-1
601,3,666.20556640625,593.2373657226562,76.93548583984375,237.90704345703125,-1,-1,-1,-1
228,4,129.54348754882812,1054.681884765625,277.8338623046875,353.750732421875,-1,-1,-1,-1
229,4,122.80648040771484,1052.4425048828125,275.9791259765625,356.30419921875,-1,-1,-1,-1
230,4,126.4724349975586,1053.0057373046875,261.45709228515625,355.71728515625,-1,-1,-1,-1
231,4,125.5456771850586,1052.8115234375,268.93487548828125,356.1748046875,-1,-1,-1,-1
232,4,128.71693420410156,1059.35400390625,269.10760498046875,350.3204345703125,-1,-1,-1,-1
233,4,133.14352416992188,1072.1337890625,261.74066162109375,338.0078125,-1,-1,-1,-1
234,4,130.9895782470703,1080.525146484375,264.2769775390625,329.019775390625,-1,-1,-1,-1
235,4,125.48573303222656,1079.2574462890625,266.910888671875,331.5528564453125,-1,-1,-1,-1
236,4,117.23725891113281,1091.9219970703125,313.4544677734375,318.79541015625,-1,-1,-1,-1
237,4,95.16475677490234,1094.9019775390625,312.6824645996094,317.1612548828125,-1,-1,-1,-1
238,4,74.44825744628906,1089.7447509765625,350.73651123046875,322.8270263671875,-1,-1,-1,-1
239,4,78.6537857055664,1087.9573974609375,346.4805603027344,324.024169921875,-1,-1,-1,-1
240,4,71.50825500488281,1086.209716796875,353.35418701171875,326.18310546875,-1,-1,-1,-1
241,4,73.85810089111328,1083.7100830078125,337.3082275390625,328.5316162109375,-1,-1,-1,-1
242,4,55.109867095947266,1081.7763671875,359.388427734375,331.10205078125,-1,-1,-1,-1
243,4,50.733642578125,1083.971435546875,377.2693176269531,328.7762451171875,-1,-1,-1,-1
244,4,44.515235900878906,1072.1153564453125,369.9171447753906,340.5614013671875,-1,-1,-1,-1
245,4,39.486026763916016,1071.0919189453125,371.7845764160156,341.20654296875,-1,-1,-1,-1
246,4,36.10634994506836,1075.6429443359375,383.98492431640625,336.66259765625,-1,-1,-1,-1
247,4,21.951356887817383,1062.5211181640625,386.7048034667969,350.223876953125,-1,-1,-1,-1
248,4,19.935035705566406,1074.23193359375,398.7553405761719,338.0396728515625,-1,-1,-1,-1
249,4,33.3748779296875,1094.02685546875,369.73931884765625,317.5069580078125,-1,-1,-1,-1
250,4,24.30070686340332,1095.328857421875,377.548095703125,316.128662109375,-1,-1,-1,-1
251,4,19.948715209960938,1070.5946044921875,388.57489013671875,341.616455078125,-1,-1,-1,-1
252,4,14.934001922607422,1078.9373779296875,387.7054138183594,333.525634765625,-1,-1,-1,-1
253,4,24.550756454467773,1094.680908203125,366.4791564941406,317.2523193359375,-1,-1,-1,-1
254,4,11.967962265014648,1085.088134765625,377.3321228027344,327.0577392578125,-1,-1,-1,-1
255,4,18.89444923400879,1079.3699951171875,376.8982849121094,333.0447998046875,-1,-1,-1,-1
256,4,11.374561309814453,1075.2747802734375,378.0542907714844,337.188720703125,-1,-1,-1,-1
257,4,24.303434371948242,1112.08154296875,358.369140625,300.2679443359375,-1,-1,-1,-1
258,4,10.873832702636719,1069.76025390625,385.4823913574219,343.153076171875,-1,-1,-1,-1
259,4,26.494253158569336,1107.37158203125,345.0482177734375,304.9495849609375,-1,-1,-1,-1
260,4,17.388696670532227,1098.138916015625,366.6394958496094,313.98095703125,-1,-1,-1,-1
261,4,4.48875617980957,1079.6446533203125,368.50592041015625,332.644775390625,-1,-1,-1,-1
262,4,19.394338607788086,1086.875732421875,361.2931823730469,324.8458251953125,-1,-1,-1,-1
263,4,18.664478302001953,1085.0220947265625,354.43603515625,326.7198486328125,-1,-1,-1,-1
264,4,15.699193954467773,1081.444580078125,361.7425231933594,330.87451171875,-1,-1,-1,-1
265,4,22.260814666748047,1090.2869873046875,350.63494873046875,322.0423583984375,-1,-1,-1,-1
266,4,19.799226760864258,1074.559814453125,371.24420166015625,338.1319580078125,-1,-1,-1,-1
267,4,40.98035430908203,1109.501708984375,337.4689025878906,302.8157958984375,-1,-1,-1,-1
268,4,42.673465728759766,1107.2528076171875,314.0504455566406,304.9815673828125,-1,-1,-1,-1
269,4,45.987632751464844,1108.3861083984375,337.01348876953125,304.2138671875,-1,-1,-1,-1
270,4,58.150272369384766,1108.47021484375,308.7264709472656,303.494384765625,-1,-1,-1,-1
271,4,66.38749694824219,1118.0767822265625,327.87255859375,292.9498291015625,-1,-1,-1,-1
272,4,67.896240234375,1097.791259765625,309.9581298828125,314.4486083984375,-1,-1,-1,-1
273,4,70.8592529296875,1111.3690185546875,290.6075439453125,300.9393310546875,-1,-1,-1,-1
274,4,75.40716552734375,1088.170166015625,288.4896545410156,324.4617919921875,-1,-1,-1,-1
275,4,77.56527709960938,1100.3497314453125,274.35174560546875,311.60791015625,-1,-1,-1,-1
276,4,75.90599060058594,1092.298583984375,266.6656494140625,319.9716796875,-1,-1,-1,-1
277,4,74.55926513671875,1083.14697265625,271.47222900390625,329.1376953125,-1,-1,-1,-1
278,4,78.16686248779297,1081.7088623046875,260.552001953125,329.755126953125,-1,-1,-1,-1
279,4,78.48585510253906,1075.8314208984375,307.98828125,334.736572265625,-1,-1,-1,-1
280,4,76.0218505859375,1083.532470703125,295.02972412109375,328.8148193359375,-1,-1,-1,-1
281,4,75.77555084228516,1069.238525390625,281.6818542480469,342.1494140625,-1,-1,-1,-1
282,4,73.30474090576172,1071.619140625,271.1636657714844,339.79931640625,-1,-1,-1,-1
283,4,61.27370071411133,1054.9302978515625,292.2759704589844,356.6724853515625,-1,-1,-1,-1
284,4,64.60477447509766,1065.1990966796875,270.9003601074219,345.950439453125,-1,-1,-1,-1
285,4,65.3895034790039,1064.3446044921875,269.28204345703125,347.6185302734375,-1,-1,-1,-1
286,4,63.05354690551758,1067.6239013671875,271.07537841796875,344.0487060546875,-1,-1,-1,-1
287,4,67.03279113769531,1065.396728515625,266.55810546875,346.102783203125,-1,-1,-1,-1
288,4,56.573490142822266,1070.1107177734375,287.27459716796875,341.10009765625,-1,-1,-1,-1
289,4,59.39850616455078,1073.5540771484375,303.11724853515625,338.2310791015625,-1,-1,-1,-1
290,4,49.467803955078125,1083.8555908203125,307.03436279296875,327.48583984375,-1,-1,-1,-1
291,4,52.509281158447266,1084.485595703125,275.7840881347656,326.0377197265625,-1,-1,-1,-1
292,4,54.87556457519531,1082.918212890625,292.52667236328125,327.9810791015625,-1,-1,-1,-1
293,4,47.556663513183594,1074.328369140625,287.2978820800781,336.728271484375,-1,-1,-1,-1
294,4,45.090972900390625,1063.5218505859375,297.321533203125,347.33837890625,-1,-1,-1,-1
295,4,31.218088150024414,1070.566650390625,310.6546325683594,339.86181640625,-1,-1,-1,-1
296,4,15.591562271118164,1069.210693359375,305.55322265625,341.3250732421875,-1,-1,-1,-1
297,4,10.626237869262695,1041.4371337890625,354.4029541015625,370.0748291015625,-1,-1,-1,-1
298,4,5.217588424682617,1038.28515625,356.84259033203125,373.1422119140625,-1,-1,-1,-1
299,4,6.627962112426758,1078.68603515625,340.52880859375,332.120849609375,-1,-1,-1,-1
300,4,5.925397872924805,1090.7835693359375,359.04229736328125,320.3995361328125,-1,-1,-1,-1
301,4,1.5775079727172852,1055.4088134765625,338.3066711425781,355.6748046875,-1,-1,-1,-1
302,4,4.508247375488281,1041.0869140625,353.1940002441406,371.0618896484375,-1,-1,-1,-1
303,4,0.3917970657348633,1071.9285888671875,340.84930419921875,339.3529052734375,-1,-1,-1,-1
304,4,5.006752014160156,1071.0404052734375,335.23980712890625,340.2835693359375,-1,-1,-1,-1
305,4,1.9798784255981445,1079.1954345703125,315.3616943359375,332.1446533203125,-1,-1,-1,-1
306,4,2.061420440673828,1050.0068359375,329.532470703125,361.4859619140625,-1,-1,-1,-1
307,4,1.7595062255859375,1045.4146728515625,334.02508544921875,366.12451171875,-1,-1,-1,-1
308,4,1.3467607498168945,1055.279296875,331.1684875488281,355.834228515625,-1,-1,-1,-1
309,4,1.6714391708374023,1059.6009521484375,334.7694396972656,351.615966796875,-1,-1,-1,-1
310,4,4.781879425048828,1051.8701171875,365.4450988769531,360.2607421875,-1,-1,-1,-1
311,4,-0.05440235137939453,1075.45703125,344.6165466308594,335.018798828125,-1,-1,-1,-1
312,4,6.014996528625488,1130.6827392578125,350.9140319824219,278.4591064453125,-1,-1,-1,-1
313,4,0.2609081268310547,1061.5980224609375,350.6573486328125,349.8746337890625,-1,-1,-1,-1
314,4,0.01667022705078125,1069.1134033203125,340.7959289550781,343.2987060546875,-1,-1,-1,-1
315,4,1.7611427307128906,1050.332763671875,349.3726806640625,361.5740966796875,-1,-1,-1,-1
316,4,1.9468965530395508,1058.105712890625,324.74591064453125,352.967529296875,-1,-1,-1,-1
317,4,-1.086984634399414,1094.034912109375,342.22967529296875,317.971923828125,-1,-1,-1,-1
318,4,0.5435829162597656,1057.6746826171875,342.35528564453125,354.5238037109375,-1,-1,-1,-1
319,4,0.9094886779785156,1054.486328125,338.1070556640625,356.853271484375,-1,-1,-1,-1
320,4,1.2215890884399414,1099.4644775390625,339.0866394042969,311.7296142578125,-1,-1,-1,-1
321,4,3.3524866104125977,1078.08837890625,351.3705749511719,334.3638916015625,-1,-1,-1,-1
322,4,3.386444091796875,1089.1102294921875,315.0592956542969,321.5814208984375,-1,-1,-1,-1
323,4,10.397504806518555,1068.0457763671875,295.7555236816406,343.24609375,-1,-1,-1,-1
324,4,17.772457122802734,1062.6396484375,319.9337463378906,348.2725830078125,-1,-1,-1,-1
325,4,37.7994384765625,1072.2164306640625,304.3402099609375,338.2109375,-1,-1,-1,-1
326,4,58.836883544921875,1074.0665283203125,264.7859802246094,336.8291015625,-1,-1,-1,-1
327,4,82.63262939453125,1068.725341796875,256.5768737792969,340.5062255859375,-1,-1,-1,-1
328,4,100.7952651977539,1074.2921142578125,248.62698364257812,334.9033203125,-1,-1,-1,-1
329,4,109.9816665649414,1075.045654296875,233.70111083984375,334.00244140625,-1,-1,-1,-1
330,4,117.72408294677734,1070.38427734375,230.9273681640625,339.474365234375,-1,-1,-1,-1
331,4,127.3563461303711,1071.543701171875,228.81246948242188,338.29345703125,-1,-1,-1,-1
332,4,128.00772857666016,1053.8431396484375,235.76608276367188,356.4534912109375,-1,-1,-1,-1
333,4,128.24209594726562,1046.3138427734375,240.39276123046875,363.1688232421875,-1,-1,-1,-1
334,4,134.26177978515625,1044.302734375,232.26956176757812,365.320556640625,-1,-1,-1,-1
335,4,141.17282104492188,1042.1270751953125,230.68502807617188,366.5140380859375,-1,-1,-1,-1
336,4,139.8109588623047,1043.7872314453125,235.5738067626953,365.9510498046875,-1,-1,-1,-1
337,4,138.41775512695312,1041.222900390625,233.30838012695312,368.5081787109375,-1,-1,-1,-1
338,4,142.63099670410156,1040.169677734375,232.3795623779297,369.5260009765625,-1,-1,-1,-1
339,4,142.0079803466797,1039.0091552734375,233.74806213378906,370.9698486328125,-1,-1,-1,-1
340,4,145.09519958496094,1040.8519287109375,230.8457489013672,368.7652587890625,-1,-1,-1,-1
341,4,142.81964111328125,1034.916259765625,237.03546142578125,374.857666015625,-1,-1,-1,-1
342,4,145.2230987548828,1035.095458984375,232.40480041503906,373.9287109375,-1,-1,-1,-1
343,4,142.92733764648438,1036.384033203125,237.59759521484375,373.304443359375,-1,-1,-1,-1
344,4,145.17343139648438,1038.51025390625,239.96969604492188,371.615234375,-1,-1,-1,-1
345,4,141.95835876464844,1041.900146484375,241.36265563964844,368.127197265625,-1,-1,-1,-1
346,4,138.98814392089844,1044.6407470703125,243.3528594970703,365.2176513671875,-1,-1,-1,-1
347,4,134.1590576171875,1040.9293212890625,250.13265991210938,369.10595703125,-1,-1,-1,-1
348,4,135.50021362304688,1045.4959716796875,243.24221801757812,364.4794921875,-1,-1,-1,-1
349,4,130.57736206054688,1044.197265625,248.47518920898438,366.19580078125,-1,-1,-1,-1
350,4,131.80950927734375,1044.5257568359375,245.56793212890625,364.458740234375,-1,-1,-1,-1
351,4,126.1727523803711,1045.2113037109375,260.6441955566406,365.2056884765625,-1,-1,-1,-1
352,4,124.11962890625,1039.1978759765625,258.4638977050781,369.5765380859375,-1,-1,-1,-1
353,4,113.83393096923828,1040.1383056640625,275.57568359375,368.32958984375,-1,-1,-1,-1
354,4,105.88719940185547,1036.7255859375,278.8182373046875,372.791748046875,-1,-1,-1,-1
355,4,101.69276428222656,1043.0712890625,284.79718017578125,366.685546875,-1,-1,-1,-1
356,4,102.80029296875,1046.383056640625,256.9994812011719,362.859375,-1,-1,-1,-1
357,4,97.82720184326172,1042.632568359375,295.84661865234375,366.7052001953125,-1,-1,-1,-1
358,4,92.75048065185547,1039.53955078125,285.0138244628906,369.4649658203125,-1,-1,-1,-1
359,4,88.34961700439453,1044.3931884765625,330.439697265625,366.9481201171875,-1,-1,-1,-1
360,4,83.05630493164062,1037.3682861328125,323.5255432128906,372.5499267578125,-1,-1,-1,-1
361,4,81.48433685302734,1039.60986328125,317.33746337890625,369.9052734375,-1,-1,-1,-1
362,4,79.27882385253906,1041.675537109375,339.71209716796875,369.6348876953125,-1,-1,-1,-1
363,4,69.95217895507812,1039.6038818359375,352.76751708984375,372.2333984375,-1,-1,-1,-1
364,4,65.53800964355469,1048.0899658203125,358.50433349609375,364.041015625,-1,-1,-1,-1
365,4,67.05628967285156,1046.3084716796875,356.673095703125,365.257080078125,-1,-1,-1,-1
366,4,64.02002716064453,1053.6005859375,357.06671142578125,359.2137451171875,-1,-1,-1,-1
367,4,72.04289245605469,1048.1109619140625,345.72698974609375,363.54833984375,-1,-1,-1,-1
368,4,76.14006042480469,1047.2330322265625,344.72747802734375,364.351806640625,-1,-1,-1,-1
369,4,71.2635498046875,1054.6429443359375,343.1514892578125,357.788818359375,-1,-1,-1,-1
370,4,70.87074279785156,1046.51708984375,336.2010498046875,364.8878173828125,-1,-1,-1,-1
371,4,64.65582275390625,1044.2733154296875,324.82391357421875,367.4619140625,-1,-1,-1,-1
372,4,68.0313720703125,1043.8907470703125,337.57763671875,369.317138671875,-1,-1,-1,-1
373,4,65.46337127685547,1044.1854248046875,328.989990234375,368.7410888671875,-1,-1,-1,-1
374,4,68.68607330322266,1039.655517578125,312.8720397949219,371.8055419921875,-1,-1,-1,-1
375,4,62.19044876098633,1033.171875,330.6944274902344,379.181640625,-1,-1,-1,-1
376,4,67.32559967041016,1034.567138671875,320.0975646972656,376.0855712890625,-1,-1,-1,-1
377,4,64.34765625,1041.31982421875,320.977783203125,371.2255859375,-1,-1,-1,-1
378,4,55.858863830566406,1031.837890625,312.6200866699219,379.4149169921875,-1,-1,-1,-1
379,4,66.16458129882812,1032.6099853515625,317.2644958496094,377.3074951171875,-1,-1,-1,-1
380,4,64.17984008789062,1032.8536376953125,322.0351257324219,377.9312744140625,-1,-1,-1,-1
381,4,63.05265426635742,1028.2386474609375,323.37725830078125,383.108642578125,-1,-1,-1,-1
382,4,66.45404815673828,1026.7476806640625,343.247802734375,384.19091796875,-1,-1,-1,-1
383,4,56.056270599365234,1018.6590576171875,319.0872497558594,392.3543701171875,-1,-1,-1,-1
384,4,59.294769287109375,1022.5576782226562,331.4718017578125,387.40789794921875,-1,-1,-1,-1
385,4,55.4017219543457,1024.9520263671875,328.4061279296875,384.3863525390625,-1,-1,-1,-1
386,4,42.24110412597656,1025.888671875,321.8890380859375,383.716064453125,-1,-1,-1,-1
387,4,36.3145637512207,1024.615478515625,323.0959167480469,385.3602294921875,-1,-1,-1,-1
388,4,33.88603210449219,1027.7647705078125,349.67181396484375,383.62939453125,-1,-1,-1,-1
389,4,25.701051712036133,1031.419189453125,362.0409240722656,379.7440185546875,-1,-1,-1,-1
390,4,21.779293060302734,1032.6092529296875,364.98492431640625,378.1094970703125,-1,-1,-1,-1
391,4,13.72592544555664,1035.1031494140625,361.8931884765625,375.9532470703125,-1,-1,-1,-1
392,4,19.557968139648438,1036.9864501953125,355.60626220703125,374.0843505859375,-1,-1,-1,-1
393,4,13.980024337768555,1039.6080322265625,365.2233581542969,372.2686767578125,-1,-1,-1,-1
394,4,16.550575256347656,1036.44677734375,358.4742736816406,375.3953857421875,-1,-1,-1,-1
395,4,9.606842041015625,1035.9619140625,369.2013244628906,376.2823486328125,-1,-1,-1,-1
396,4,5.611566543579102,1030.94384765625,369.7968444824219,381.4271240234375,-1,-1,-1,-1
397,4,-0.010122299194335938,1039.341552734375,341.5860900878906,372.821044921875,-1,-1,-1,-1
398,4,1.880009651184082,1033.6495361328125,333.656005859375,378.659912109375,-1,-1,-1,-1
399,4,7.504352569580078,1034.3114013671875,369.4045715332031,378.0921630859375,-1,-1,-1,-1
400,4,6.886341094970703,1029.3724365234375,357.2146911621094,383.4500732421875,-1,-1,-1,-1
401,4,8.043601989746094,1036.8773193359375,366.1511535644531,375.9539794921875,-1,-1,-1,-1
402,4,11.486892700195312,1037.798828125,361.8856201171875,374.11767578125,-1,-1,-1,-1
403,4,9.328489303588867,1044.821044921875,354.8182678222656,366.302490234375,-1,-1,-1,-1
404,4,11.836223602294922,1042.6363525390625,380.59326171875,369.1107177734375,-1,-1,-1,-1
405,4,-0.43775367736816406,1054.4298095703125,358.5826416015625,357.4063720703125,-1,-1,-1,-1
406,4,4.164539337158203,1041.40283203125,350.26812744140625,370.769287109375,-1,-1,-1,-1
407,4,8.621770858764648,1070.9193115234375,342.2115478515625,341.2236328125,-1,-1,-1,-1
408,4,2.8085689544677734,1057.232421875,361.53515625,354.52880859375,-1,-1,-1,-1
409,4,1.8166790008544922,1067.757080078125,359.0364074707031,344.769287109375,-1,-1,-1,-1
410,4,0.81268310546875,1067.361083984375,353.48455810546875,344.8343505859375,-1,-1,-1,-1
411,4,0.9640073776245117,1069.2755126953125,349.73309326171875,342.808837890625,-1,-1,-1,-1
412,4,1.2449827194213867,1076.1934814453125,352.15814208984375,335.608642578125,-1,-1,-1,-1
413,4,-1.511521339416504,1130.634521484375,354.8548278808594,279.4031982421875,-1,-1,-1,-1
414,4,-0.011066436767578125,1090.482421875,348.8016052246094,321.128173828125,-1,-1,-1,-1
415,4,-0.5829410552978516,1135.6151123046875,360.62994384765625,274.7225341796875,-1,-1,-1,-1
416,4,-0.277313232421875,1128.060302734375,363.5903015136719,282.37890625,-1,-1,-1,-1
417,4,0.44065093994140625,1094.9329833984375,354.0860595703125,317.1141357421875,-1,-1,-1,-1
418,4,1.223592758178711,1139.3724365234375,360.3402404785156,270.82373046875,-1,-1,-1,-1
419,4,23.37453842163086,1167.36865234375,323.93304443359375,243.127685546875,-1,-1,-1,-1
420,4,8.630383491516113,1155.9324951171875,349.656005859375,253.7674560546875,-1,-1,-1,-1
421,4,2.0126819610595703,1103.7930908203125,361.78704833984375,307.63916015625,-1,-1,-1,-1
422,4,1.1896247863769531,1067.13916015625,358.5630187988281,345.1484375,-1,-1,-1,-1
423,4,-6.160423278808594,1124.22314453125,348.7176208496094,286.471923828125,-1,-1,-1,-1
424,4,2.4580421447753906,1084.612060546875,365.2758483886719,327.800048828125,-1,-1,-1,-1
425,4,5.0714569091796875,1118.3798828125,357.873779296875,292.6177978515625,-1,-1,-1,-1
426,4,0.6540260314941406,1138.63134765625,361.68115234375,271.391845703125,-1,-1,-1,-1
427,4,3.344839096069336,1124.80126953125,364.6505432128906,285.7259521484375,-1,-1,-1,-1
428,4,9.97622013092041,1152.5015869140625,337.16912841796875,256.32470703125,-1,-1,-1,-1
429,4,2.210447311401367,1133.00537109375,354.0960998535156,277.5184326171875,-1,-1,-1,-1
430,4,12.107799530029297,1140.6221923828125,361.85321044921875,270.108154296875,-1,-1,-1,-1
431,4,4.987995147705078,1094.5975341796875,368.2536315917969,317.012451171875,-1,-1,-1,-1
432,4,4.656833648681641,1079.014892578125,357.4966125488281,332.812744140625,-1,-1,-1,-1
433,4,6.045093536376953,1088.15380859375,362.4217529296875,323.504638671875,-1,-1,-1,-1
434,4,8.562604904174805,1082.5836181640625,363.5798034667969,328.7572021484375,-1,-1,-1,-1
435,4,7.710688591003418,1077.7130126953125,324.7801208496094,333.076904296875,-1,-1,-1,-1
436,4,8.13841438293457,1080.9217529296875,359.6155090332031,330.38916015625,-1,-1,-1,-1
437,4,3.40625,1065.960205078125,357.2748107910156,345.0706787109375,-1,-1,-1,-1
438,4,4.570340156555176,1057.8162841796875,345.818603515625,353.3905029296875,-1,-1,-1,-1
439,4,5.67732048034668,1062.470458984375,354.4424743652344,348.5616455078125,-1,-1,-1,-1
440,4,9.401586532592773,1066.4158935546875,378.15240478515625,345.8385009765625,-1,-1,-1,-1
441,4,25.160417556762695,1087.9482421875,341.003662109375,323.2486572265625,-1,-1,-1,-1
442,4,39.24308776855469,1080.40771484375,352.975341796875,332.039794921875,-1,-1,-1,-1
443,4,39.63322830200195,1100.6981201171875,305.0820617675781,310.9422607421875,-1,-1,-1,-1
444,4,49.524139404296875,1097.558837890625,297.9808349609375,313.41552734375,-1,-1,-1,-1
445,4,53.452423095703125,1093.9080810546875,294.5949401855469,317.2158203125,-1,-1,-1,-1
446,4,58.241790771484375,1097.9931640625,276.9162902832031,313.6494140625,-1,-1,-1,-1
447,4,55.16636657714844,1086.429931640625,308.397216796875,324.1505126953125,-1,-1,-1,-1
448,4,79.4675064086914,1090.4649658203125,266.68536376953125,320.6048583984375,-1,-1,-1,-1
449,4,89.80077362060547,1073.8447265625,259.1233825683594,337.09521484375,-1,-1,-1,-1
450,4,99.30516815185547,1069.201416015625,255.21343994140625,341.4208984375,-1,-1,-1,-1
451,4,96.3304214477539,1075.4892578125,262.3179626464844,335.0936279296875,-1,-1,-1,-1
452,4,105.66803741455078,1080.1954345703125,253.38943481445312,330.0343017578125,-1,-1,-1,-1
453,4,107.35041809082031,1082.283447265625,249.8058624267578,326.582763671875,-1,-1,-1,-1
454,4,109.21247863769531,1073.27294921875,250.57423400878906,335.62158203125,-1,-1,-1,-1
455,4,111.71456909179688,1066.8182373046875,254.77090454101562,343.19921875,-1,-1,-1,-1
456,4,108.45748138427734,1059.923828125,260.2665100097656,350.9488525390625,-1,-1,-1,-1
457,4,112.26016235351562,1059.216796875,254.01528930664062,350.3392333984375,-1,-1,-1,-1
458,4,109.13426971435547,1060.02978515625,261.04827880859375,350.65673828125,-1,-1,-1,-1
459,4,108.54768371582031,1059.6934814453125,259.97296142578125,350.409423828125,-1,-1,-1,-1
460,4,114.71343994140625,1060.3653564453125,256.6391906738281,350.6353759765625,-1,-1,-1,-1
461,4,111.35708618164062,1063.2581787109375,257.7366027832031,347.2698974609375,-1,-1,-1,-1
462,4,114.62137603759766,1067.6519775390625,255.03961181640625,342.5428466796875,-1,-1,-1,-1
463,4,111.93960571289062,1062.287109375,259.0688781738281,348.0235595703125,-1,-1,-1,-1
464,4,111.67916107177734,1058.5875244140625,259.9385681152344,352.1949462890625,-1,-1,-1,-1
465,4,113.15585327148438,1074.3221435546875,265.0921325683594,335.073486328125,-1,-1,-1,-1
466,4,112.69287872314453,1072.4940185546875,254.38095092773438,338.7098388671875,-1,-1,-1,-1
467,4,111.06584167480469,1069.4119873046875,252.43943786621094,340.0618896484375,-1,-1,-1,-1
468,4,113.55004119873047,1082.6561279296875,257.89190673828125,326.9896240234375,-1,-1,-1,-1
469,4,112.1944808959961,1080.3641357421875,252.83895874023438,329.8770751953125,-1,-1,-1,-1
470,4,109.1843490600586,1080.8607177734375,255.39492797851562,329.2647705078125,-1,-1,-1,-1
471,4,110.4314193725586,1083.6070556640625,252.4384765625,325.5028076171875,-1,-1,-1,-1
472,4,108.44808959960938,1082.5263671875,248.5091552734375,326.6383056640625,-1,-1,-1,-1
473,4,101.08079528808594,1072.4130859375,257.97021484375,337.552001953125,-1,-1,-1,-1
474,4,104.17401885986328,1078.93994140625,251.60641479492188,331.2457275390625,-1,-1,-1,-1
475,4,109.7447280883789,1084.6026611328125,244.34536743164062,324.443603515625,-1,-1,-1,-1
476,4,107.97904205322266,1082.75537109375,250.03317260742188,326.75927734375,-1,-1,-1,-1
477,4,109.3150634765625,1102.5303955078125,248.1951904296875,308.3424072265625,-1,-1,-1,-1
478,4,112.2693099975586,1085.278076171875,248.66775512695312,324.864990234375,-1,-1,-1,-1
479,4,116.57195281982422,1094.4093017578125,234.27349853515625,313.8076171875,-1,-1,-1,-1
480,4,115.47586059570312,1091.07666015625,229.69970703125,317.4161376953125,-1,-1,-1,-1
481,4,110.25344848632812,1083.251953125,251.71221923828125,326.0914306640625,-1,-1,-1,-1
482,4,98.07445526123047,1090.0159912109375,294.11602783203125,321.566650390625,-1,-1,-1,-1
483,4,100.25201416015625,1101.7760009765625,285.392333984375,309.9249267578125,-1,-1,-1,-1
484,4,89.63462829589844,1116.274169921875,297.3277587890625,295.771484375,-1,-1,-1,-1
485,4,91.29666900634766,1126.350341796875,241.45425415039062,284.49658203125,-1,-1,-1,-1
486,4,81.89684295654297,1114.1729736328125,260.2152099609375,297.3778076171875,-1,-1,-1,-1
487,4,89.47265625,1145.186279296875,231.7557373046875,265.9815673828125,-1,-1,-1,-1
488,4,74.52338409423828,1144.8988037109375,260.1602478027344,266.0982666015625,-1,-1,-1,-1
489,4,40.09132385253906,1100.00732421875,276.12933349609375,311.2359619140625,-1,-1,-1,-1
490,4,36.900630950927734,1110.5606689453125,292.07049560546875,300.64501953125,-1,-1,-1,-1
491,4,29.879531860351562,1115.9500732421875,287.12725830078125,294.9246826171875,-1,-1,-1,-1
492,4,2.7173967361450195,1084.82861328125,299.8445129394531,326.01123046875,-1,-1,-1,-1
495,4,4.697578430175781,993.79833984375,269.9361267089844,416.4345703125,-1,-1,-1,-1
