1,1,675.414794921875,609.6803588867188,83.9962158203125,198.094970703125,-1,-1,-1,-1
2,1,674.3885498046875,615.2094116210938,83.40716552734375,193.6683349609375,-1,-1,-1,-1
3,1,673.4763793945312,617.857421875,84.02655029296875,191.91552734375,-1,-1,-1,-1
4,1,675.6349487304688,616.4678344726562,80.370849609375,191.93853759765625,-1,-1,-1,-1
5,1,673.1704711914062,612.91259765625,84.2269287109375,194.2689208984375,-1,-1,-1,-1
6,1,675.1646118164062,609.0863647460938,81.46820068359375,197.5050048828125,-1,-1,-1,-1
7,1,683.6903686523438,607.8366088867188,79.71539306640625,200.00567626953125,-1,-1,-1,-1
8,1,691.78759765625,607.8196411132812,82.1688232421875,200.9493408203125,-1,-1,-1,-1
9,1,699.730712890625,609.5125732421875,81.2557373046875,199.70703125,-1,-1,-1,-1
10,1,702.491455078125,611.1574096679688,85.34246826171875,199.365234375,-1,-1,-1,-1
11,1,706.6400146484375,611.9133911132812,80.5234375,198.03472900390625,-1,-1,-1,-1
12,1,709.7482299804688,612.9805297851562,82.649169921875,198.55474853515625,-1,-1,-1,-1
13,1,717.1597290039062,613.748046875,80.0347900390625,201.73974609375,-1,-1,-1,-1
14,1,725.19189453125,615.6832275390625,75.478759765625,203.6243896484375,-1,-1,-1,-1
15,1,724.4921875,618.729736328125,78.4310302734375,204.10052490234375,-1,-1,-1,-1
16,1,725.5410766601562,622.1576538085938,79.68670654296875,203.228271484375,-1,-1,-1,-1
17,1,727.0496826171875,623.8812255859375,85.2939453125,204.80657958984375,-1,-1,-1,-1
18,1,726.7633056640625,622.8643798828125,84.60986328125,207.5050048828125,-1,-1,-1,-1
19,1,725.7861328125,619.8186645507812,89.1029052734375,209.300048828125,-1,-1,-1,-1
20,1,728.3609008789062,615.7499389648438,87.63421630859375,213.7633056640625,-1,-1,-1,-1
21,1,726.9760131835938,612.3475952148438,82.783447265625,216.30535888671875,-1,-1,-1,-1
22,1,726.3416137695312,608.4200439453125,83.63629150390625,218.94097900390625,-1,-1,-1,-1
23,1,719.9627685546875,605.8880004882812,92.2122802734375,219.95458984375,-1,-1,-1,-1
24,1,715.1150512695312,605.7544555664062,91.0074462890625,220.28106689453125,-1,-1,-1,-1
25,1,712.2776489257812,607.4757080078125,85.31982421875,219.368896484375,-1,-1,-1,-1
26,1,705.5946044921875,608.5240478515625,90.131103515625,217.44720458984375,-1,-1,-1,-1
27,1,695.802490234375,607.7568359375,91.3336181640625,219.7279052734375,-1,-1,-1,-1
28,1,695.853515625,606.4584350585938,85.6287841796875,223.09234619140625,-1,-1,-1,-1
29,1,702.6407470703125,606.3352661132812,72.39862060546875,229.33880615234375,-1,-1,-1,-1
30,1,701.31982421875,606.4610595703125,66.47509765625,231.33209228515625,-1,-1,-1,-1
31,1,698.1801147460938,607.53076171875,67.59002685546875,233.8016357421875,-1,-1,-1,-1
32,1,695.8339233398438,607.5928955078125,66.13775634765625,235.6180419921875,-1,-1,-1,-1
33,1,691.9402465820312,607.0887451171875,67.3851318359375,235.68304443359375,-1,-1,-1,-1
34,1,687.6945190429688,607.3948364257812,71.91070556640625,236.35205078125,-1,-1,-1,-1
35,1,684.3688354492188,608.521728515625,75.2232666015625,238.2591552734375,-1,-1,-1,-1
36,1,684.2196044921875,607.8532104492188,86.3441162109375,241.06488037109375,-1,-1,-1,-1
37,1,682.6419067382812,607.4620361328125,88.3997802734375,241.84185791015625,-1,-1,-1,-1
38,1,681.6797485351562,607.2320556640625,92.62921142578125,242.30279541015625,-1,-1,-1,-1
39,1,680.4154052734375,607.6956176757812,96.47674560546875,241.57177734375,-1,-1,-1,-1
40,1,677.857177734375,608.8709106445312,99.4498291015625,240.7264404296875,-1,-1,-1,-1
41,1,678.001220703125,611.6885986328125,108.2313232421875,237.94647216796875,-1,-1,-1,-1
42,1,676.8267822265625,615.0025634765625,117.42584228515625,235.441162109375,-1,-1,-1,-1
43,1,675.5108642578125,618.4801025390625,119.2967529296875,233.076171875,-1,-1,-1,-1
44,1,674.50390625,620.9163208007812,116.40301513671875,230.49615478515625,-1,-1,-1,-1
45,1,674.376708984375,619.9811401367188,112.78839111328125,231.84136962890625,-1,-1,-1,-1
46,1,675.4260864257812,617.5,106.13800048828125,235.88531494140625,-1,-1,-1,-1
47,1,677.9201049804688,612.47265625,100.781494140625,242.3558349609375,-1,-1,-1,-1
48,1,680.2142333984375,607.0256958007812,98.234619140625,248.43084716796875,-1,-1,-1,-1
49,1,682.1058959960938,604.7284545898438,95.3759765625,248.77545166015625,-1,-1,-1,-1
50,1,683.080810546875,606.6127319335938,94.4949951171875,245.2996826171875,-1,-1,-1,-1
51,1,684.4224853515625,611.6717529296875,92.965087890625,237.72564697265625,-1,-1,-1,-1
52,1,684.1873779296875,615.0804443359375,87.8968505859375,233.78863525390625,-1,-1,-1,-1
53,1,683.9658203125,616.5592041015625,88.58428955078125,232.8446044921875,-1,-1,-1,-1
54,1,681.6985473632812,615.6305541992188,88.856689453125,233.174072265625,-1,-1,-1,-1
55,1,679.2648315429688,613.0274658203125,92.69830322265625,236.7099609375,-1,-1,-1,-1
56,1,672.9930419921875,609.8489990234375,98.6376953125,241.601318359375,-1,-1,-1,-1
57,1,664.3630981445312,606.2134399414062,105.989501953125,248.9534912109375,-1,-1,-1,-1
58,1,657.9969482421875,606.4612426757812,112.43328857421875,252.8980712890625,-1,-1,-1,-1
59,1,653.8844604492188,614.3223266601562,114.76092529296875,253.0103759765625,-1,-1,-1,-1
60,1,652.491455078125,621.900390625,115.3221435546875,249.92431640625,-1,-1,-1,-1
61,1,652.9474487304688,626.0572509765625,113.423583984375,246.35357666015625,-1,-1,-1,-1
62,1,649.6314086914062,626.83642578125,118.43829345703125,249.21240234375,-1,-1,-1,-1
63,1,643.4887084960938,626.5262451171875,124.0281982421875,249.22607421875,-1,-1,-1,-1
64,1,636.1729736328125,623.7919311523438,126.2054443359375,253.37005615234375,-1,-1,-1,-1
65,1,629.5584716796875,619.5586547851562,120.55169677734375,257.83795166015625,-1,-1,-1,-1
66,1,620.9619750976562,615.0464477539062,115.64556884765625,261.74993896484375,-1,-1,-1,-1
67,1,618.5042724609375,610.9965209960938,103.28399658203125,266.63568115234375,-1,-1,-1,-1
68,1,611.9287109375,611.4743041992188,103.82928466796875,267.49554443359375,-1,-1,-1,-1
69,1,609.7236938476562,615.134521484375,105.37054443359375,264.78265380859375,-1,-1,-1,-1
70,1,604.9096069335938,620.65478515625,111.69537353515625,258.5068359375,-1,-1,-1,-1
71,1,596.3207397460938,624.8319702148438,121.81524658203125,254.66168212890625,-1,-1,-1,-1
72,1,577.6752319335938,629.5950317382812,138.75,253.1929931640625,-1,-1,-1,-1
73,1,568.2294311523438,633.3522338867188,141.18756103515625,251.11468505859375,-1,-1,-1,-1
74,1,565.090087890625,635.4992065429688,137.662353515625,248.534912109375,-1,-1,-1,-1
75,1,566.0214233398438,634.40185546875,130.53729248046875,249.76654052734375,-1,-1,-1,-1
76,1,565.808837890625,630.6852416992188,131.39569091796875,251.49505615234375,-1,-1,-1,-1
77,1,565.8584594726562,627.6400756835938,132.3619384765625,255.0604248046875,-1,-1,-1,-1
78,1,563.5564575195312,624.8510131835938,135.2374267578125,260.0167236328125,-1,-1,-1,-1
79,1,554.005615234375,622.2130126953125,146.52520751953125,262.3963623046875,-1,-1,-1,-1
80,1,550.6605224609375,620.5328369140625,152.27130126953125,263.7918701171875,-1,-1,-1,-1
81,1,557.581787109375,620.2429809570312,148.6724853515625,264.90179443359375,-1,-1,-1,-1
82,1,543.3273315429688,621.3618774414062,160.22528076171875,263.47210693359375,-1,-1,-1,-1
83,1,547.0421142578125,621.8236694335938,156.5770263671875,263.864013671875,-1,-1,-1,-1
84,1,552.6964111328125,621.2588500976562,149.17205810546875,264.44122314453125,-1,-1,-1,-1
85,1,553.8974609375,620.8054809570312,144.14056396484375,265.24658203125,-1,-1,-1,-1
86,1,551.1113891601562,620.4378662109375,141.11541748046875,265.8310546875,-1,-1,-1,-1
87,1,550.4505004882812,620.5269165039062,140.40362548828125,265.63006591796875,-1,-1,-1,-1
88,1,550.0947875976562,620.8262329101562,140.57757568359375,266.26824951171875,-1,-1,-1,-1
89,1,551.8802490234375,620.57373046875,137.72564697265625,266.942626953125,-1,-1,-1,-1
90,1,560.740966796875,621.0985107421875,128.81964111328125,266.3524169921875,-1,-1,-1,-1
91,1,569.246337890625,620.8806762695312,117.22711181640625,268.7547607421875,-1,-1,-1,-1
92,1,578.882568359375,619.517333984375,105.68402099609375,271.135498046875,-1,-1,-1,-1
93,1,578.9181518554688,618.21435546875,105.97711181640625,275.971923828125,-1,-1,-1,-1
94,1,581.12841796875,618.28466796875,107.7373046875,274.7349853515625,-1,-1,-1,-1
95,1,579.3630981445312,619.6583862304688,108.753662109375,268.39239501953125,-1,-1,-1,-1
96,1,578.4185180664062,620.719970703125,112.0089111328125,265.69085693359375,-1,-1,-1,-1
97,1,576.8159790039062,621.552490234375,112.3214111328125,264.9041748046875,-1,-1,-1,-1
98,1,573.0957641601562,622.2188110351562,114.75164794921875,264.02545166015625,-1,-1,-1,-1
99,1,570.8953857421875,622.4138793945312,112.44927978515625,262.9119873046875,-1,-1,-1,-1
100,1,578.209716796875,622.5449829101562,101.984619140625,260.55926513671875,-1,-1,-1,-1
101,1,584.646728515625,621.362060546875,99.058837890625,261.39654541015625,-1,-1,-1,-1
102,1,592.8248901367188,620.922119140625,101.05145263671875,261.56463623046875,-1,-1,-1,-1
103,1,600.2103271484375,619.4967041015625,104.21112060546875,262.4405517578125,-1,-1,-1,-1
104,1,602.5535888671875,621.11669921875,108.2513427734375,262.51068115234375,-1,-1,-1,-1
105,1,604.007568359375,623.6630859375,126.003662109375,260.36944580078125,-1,-1,-1,-1
106,1,609.1976318359375,626.0576782226562,130.78924560546875,257.32403564453125,-1,-1,-1,-1
107,1,611.033935546875,626.166748046875,125.23956298828125,257.18206787109375,-1,-1,-1,-1
108,1,613.2518310546875,629.7412109375,118.9359130859375,254.8392333984375,-1,-1,-1,-1
109,1,611.745361328125,631.4274291992188,118.31988525390625,253.66680908203125,-1,-1,-1,-1
110,1,612.0433349609375,631.2844848632812,117.15106201171875,254.32269287109375,-1,-1,-1,-1
111,1,616.3272705078125,627.4331665039062,110.56475830078125,256.90325927734375,-1,-1,-1,-1
112,1,621.3678588867188,623.536376953125,102.3668212890625,255.79327392578125,-1,-1,-1,-1
113,1,626.1248168945312,619.988525390625,95.95892333984375,252.06707763671875,-1,-1,-1,-1
114,1,628.1013793945312,616.764404296875,99.34564208984375,249.619384765625,-1,-1,-1,-1
115,1,627.9251098632812,614.9050903320312,105.6422119140625,246.29150390625,-1,-1,-1,-1
116,1,628.0908203125,614.80810546875,109.9093017578125,244.203125,-1,-1,-1,-1
117,1,629.1331176757812,614.3865966796875,108.62384033203125,245.1080322265625,-1,-1,-1,-1
118,1,629.684326171875,612.068359375,116.921142578125,247.6572265625,-1,-1,-1,-1
119,1,628.9757080078125,613.3056030273438,126.45721435546875,246.98486328125,-1,-1,-1,-1
120,1,624.4816284179688,612.8951416015625,129.37255859375,252.68255615234375,-1,-1,-1,-1
121,1,621.3665161132812,610.4566040039062,130.385986328125,260.48931884765625,-1,-1,-1,-1
122,1,617.9896850585938,610.3006591796875,124.84149169921875,267.5455322265625,-1,-1,-1,-1
123,1,615.5814819335938,617.607421875,116.82708740234375,264.70257568359375,-1,-1,-1,-1
124,1,614.5142211914062,623.85595703125,111.3245849609375,262.755859375,-1,-1,-1,-1
125,1,614.595947265625,624.6866455078125,108.76678466796875,262.8839111328125,-1,-1,-1,-1
126,1,614.1663208007812,626.3506469726562,107.89996337890625,262.2196044921875,-1,-1,-1,-1
127,1,611.7034912109375,625.5028076171875,110.7723388671875,262.2071533203125,-1,-1,-1,-1
128,1,605.81982421875,624.8889770507812,114.7001953125,261.94451904296875,-1,-1,-1,-1
129,1,598.0012817382812,623.2835083007812,107.29608154296875,262.6107177734375,-1,-1,-1,-1
130,1,592.152587890625,622.6014404296875,101.505615234375,261.2818603515625,-1,-1,-1,-1
131,1,586.460693359375,622.24267578125,100.34844970703125,261.1121826171875,-1,-1,-1,-1
132,1,579.2586669921875,620.8497924804688,104.9034423828125,262.00372314453125,-1,-1,-1,-1
133,1,571.240234375,620.05078125,108.056640625,261.333740234375,-1,-1,-1,-1
134,1,559.3710327148438,620.07861328125,112.51641845703125,260.3438720703125,-1,-1,-1,-1
135,1,547.7352905273438,619.217529296875,119.63983154296875,259.77288818359375,-1,-1,-1,-1
136,1,538.628662109375,619.5145874023438,114.318359375,257.5704345703125,-1,-1,-1,-1
137,1,534.5855712890625,617.3759155273438,111.21771240234375,255.73846435546875,-1,-1,-1,-1
138,1,529.1832275390625,614.990966796875,108.46002197265625,254.9569091796875,-1,-1,-1,-1
139,1,519.783935546875,608.3033447265625,109.12939453125,261.34918212890625,-1,-1,-1,-1
140,1,508.4193115234375,601.265380859375,108.351806640625,272.0364990234375,-1,-1,-1,-1
141,1,501.4819641113281,595.072509765625,106.09878540039062,277.2335205078125,-1,-1,-1,-1
142,1,493.6854248046875,591.2565307617188,106.18072509765625,286.56707763671875,-1,-1,-1,-1
143,1,485.5838623046875,590.4971923828125,105.78851318359375,291.1533203125,-1,-1,-1,-1
144,1,479.0282287597656,591.7590942382812,102.56369018554688,293.55584716796875,-1,-1,-1,-1
145,1,468.953369140625,594.6067504882812,102.67333984375,299.68865966796875,-1,-1,-1,-1
146,1,459.9234619140625,599.2029418945312,105.6173095703125,301.60345458984375,-1,-1,-1,-1
147,1,450.2076416015625,602.76513671875,106.739501953125,306.1588134765625,-1,-1,-1,-1
148,1,442.95343017578125,607.3455810546875,109.58001708984375,312.001953125,-1,-1,-1,-1
149,1,437.4623718261719,609.3515014648438,109.62124633789062,316.23199462890625,-1,-1,-1,-1
150,1,431.270751953125,608.740966796875,111.974609375,319.2889404296875,-1,-1,-1,-1
151,1,423.34130859375,608.306396484375,114.45635986328125,322.05072021484375,-1,-1,-1,-1
152,1,418.30731201171875,606.2313842773438,115.6099853515625,323.94793701171875,-1,-1,-1,-1
153,1,415.2823181152344,600.9080200195312,113.42648315429688,327.67413330078125,-1,-1,-1,-1
154,1,412.66497802734375,597.5945434570312,112.49774169921875,329.6890869140625,-1,-1,-1,-1
155,1,411.5006103515625,596.888671875,114.21148681640625,331.303466796875,-1,-1,-1,-1
156,1,412.92095947265625,597.15283203125,114.00665283203125,332.7677001953125,-1,-1,-1,-1
157,1,415.9771728515625,598.958740234375,112.95391845703125,333.3233642578125,-1,-1,-1,-1
158,1,419.71954345703125,598.8997802734375,115.63238525390625,333.6968994140625,-1,-1,-1,-1
159,1,422.3534851074219,598.7821655273438,116.07510375976562,333.1962890625,-1,-1,-1,-1
160,1,425.93896484375,599.7396850585938,117.0130615234375,332.09039306640625,-1,-1,-1,-1
161,1,431.22747802734375,602.3602905273438,123.32244873046875,330.10015869140625,-1,-1,-1,-1
162,1,437.92791748046875,605.7254638671875,136.35833740234375,326.069580078125,-1,-1,-1,-1
163,1,446.4396667480469,609.1510620117188,149.16622924804688,322.95526123046875,-1,-1,-1,-1
164,1,454.2157897949219,612.255126953125,160.34658813476562,319.85198974609375,-1,-1,-1,-1
165,1,463.3680114746094,614.817626953125,168.23739624023438,317.50146484375,-1,-1,-1,-1
166,1,473.7311096191406,616.3526611328125,168.28311157226562,315.94000244140625,-1,-1,-1,-1
167,1,484.1956481933594,617.3208618164062,166.88912963867188,314.32623291015625,-1,-1,-1,-1
168,1,491.4947509765625,617.3541870117188,162.6561279296875,313.96905517578125,-1,-1,-1,-1
169,1,494.4609375,615.59765625,160.6524658203125,316.01177978515625,-1,-1,-1,-1
170,1,496.74859619140625,614.0638427734375,160.0145263671875,318.185791015625,-1,-1,-1,-1
171,1,496.06671142578125,611.4207153320312,158.04913330078125,318.66204833984375,-1,-1,-1,-1
172,1,498.12994384765625,607.2823486328125,156.51580810546875,316.56317138671875,-1,-1,-1,-1
173,1,512.4884948730469,603.6183471679688,141.63320922851562,312.92156982421875,-1,-1,-1,-1
174,1,512.3538208007812,600.2010498046875,127.968505859375,310.25836181640625,-1,-1,-1,-1
175,1,482.260986328125,595.1045532226562,124.76605224609375,307.66595458984375,-1,-1,-1,-1
176,1,436.66595458984375,586.0243530273438,131.9188232421875,306.96026611328125,-1,-1,-1,-1
177,1,360.0347900390625,577.2326049804688,145.45230102539062,308.85382080078125,-1,-1,-1,-1
178,1,233.20127868652344,568.7440185546875,167.4906463623047,324.224365234375,-1,-1,-1,-1
1,2,1076.1722412109375,495.6219177246094,277.7933349609375,644.8988037109375,-1,-1,-1,-1
2,2,1059.27197265625,499.07586669921875,285.4395751953125,630.6419067382812,-1,-1,-1,-1
3,2,1036.05859375,501.1724548339844,304.5843505859375,622.7593994140625,-1,-1,-1,-1
4,2,1033.110595703125,503.27276611328125,301.2237548828125,613.9818725585938,-1,-1,-1,-1
5,2,990.1348876953125,505.0108642578125,340.5367431640625,609.6612548828125,-1,-1,-1,-1
6,2,1008.2568359375,506.02740478515625,320.581787109375,609.1292114257812,-1,-1,-1,-1
7,2,1011.815185546875,508.07086181640625,322.2711181640625,609.3053588867188,-1,-1,-1,-1
8,2,1010.0628662109375,511.6629943847656,329.5177001953125,607.9970703125,-1,-1,-1,-1
9,2,1033.7882080078125,515.298828125,306.2520751953125,605.70068359375,-1,-1,-1,-1
10,2,1037.736328125,518.812744140625,296.3563232421875,603.9725341796875,-1,-1,-1,-1
11,2,1045.5653076171875,519.8795166015625,284.300537109375,602.3902587890625,-1,-1,-1,-1
12,2,1061.5908203125,522.060546875,274.077880859375,600.5325927734375,-1,-1,-1,-1
13,2,1069.8623046875,523.5100708007812,253.48974609375,600.1132202148438,-1,-1,-1,-1
14,2,1075.824462890625,524.6663818359375,244.8370361328125,597.7232666015625,-1,-1,-1,-1
15,2,1069.9571533203125,526.7177734375,248.416748046875,591.2862548828125,-1,-1,-1,-1
16,2,1077.0596923828125,529.0282592773438,237.224365234375,581.1862182617188,-1,-1,-1,-1
17,2,1058.6409912109375,529.8956909179688,236.3568115234375,562.5803833007812,-1,-1,-1,-1
18,2,1053.7608642578125,530.1585693359375,213.8585205078125,547.6668701171875,-1,-1,-1,-1
19,2,1044.9560546875,529.2056274414062,199.83251953125,541.8782348632812,-1,-1,-1,-1
20,2,1037.58203125,530.3526611328125,182.8331298828125,541.7464599609375,-1,-1,-1,-1
21,2,1033.49853515625,531.5150146484375,176.8951416015625,541.7220458984375,-1,-1,-1,-1
22,2,1028.0574951171875,533.153564453125,168.62646484375,536.1361083984375,-1,-1,-1,-1
23,2,998.2476196289062,535.962646484375,192.29803466796875,532.0299072265625,-1,-1,-1,-1
24,2,965.9008178710938,538.9307861328125,221.84027099609375,527.51025390625,-1,-1,-1,-1
25,2,945.4769287109375,543.624755859375,233.3802490234375,523.19775390625,-1,-1,-1,-1
26,2,929.6278686523438,545.8423461914062,239.69830322265625,519.3499145507812,-1,-1,-1,-1
27,2,911.2562255859375,548.902099609375,247.0989990234375,511.89501953125,-1,-1,-1,-1
28,2,896.6258544921875,552.4398193359375,249.6055908203125,504.2235107421875,-1,-1,-1,-1
29,2,883.14306640625,555.3416748046875,254.6690673828125,498.7254638671875,-1,-1,-1,-1
30,2,875.2972412109375,557.9925537109375,251.26220703125,492.826416015625,-1,-1,-1,-1
31,2,871.1337890625,560.590087890625,234.4697265625,487.302001953125,-1,-1,-1,-1
32,2,867.9156494140625,563.8475952148438,212.6712646484375,476.58685302734375,-1,-1,-1,-1
33,2,860.3489990234375,567.8538208007812,193.894287109375,461.88275146484375,-1,-1,-1,-1
34,2,838.8035888671875,575.1054077148438,183.4390869140625,445.0203857421875,-1,-1,-1,-1
35,2,833.43896484375,583.7622680664062,168.384765625,434.2779541015625,-1,-1,-1,-1
36,2,827.2527465820312,591.0750122070312,172.49078369140625,421.3306884765625,-1,-1,-1,-1
37,2,825.7623901367188,596.5433349609375,171.34478759765625,417.31951904296875,-1,-1,-1,-1
38,2,826.6134033203125,597.7686157226562,167.86175537109375,417.8089599609375,-1,-1,-1,-1
39,2,824.1761474609375,596.1957397460938,169.68560791015625,427.19525146484375,-1,-1,-1,-1
40,2,824.31298828125,592.7026977539062,171.245849609375,448.46417236328125,-1,-1,-1,-1
41,2,831.0093994140625,589.2457885742188,175.66357421875,469.99163818359375,-1,-1,-1,-1
42,2,835.8348388671875,586.0513916015625,185.97003173828125,490.6239013671875,-1,-1,-1,-1
43,2,830.861083984375,584.1249389648438,204.7215576171875,506.99884033203125,-1,-1,-1,-1
44,2,830.9642944335938,582.23193359375,202.45587158203125,510.7266845703125,-1,-1,-1,-1
45,2,829.8045654296875,581.5550537109375,201.3157958984375,514.711181640625,-1,-1,-1,-1
46,2,828.3599243164062,581.2511596679688,203.25201416015625,517.2070922851562,-1,-1,-1,-1
47,2,828.7279052734375,581.1173706054688,202.5438232421875,518.1593627929688,-1,-1,-1,-1
48,2,830.3147583007812,579.1380615234375,200.05621337890625,521.5125732421875,-1,-1,-1,-1
49,2,832.8025512695312,574.6777954101562,194.72882080078125,525.4235229492188,-1,-1,-1,-1
50,2,842.4190063476562,569.3917846679688,181.51544189453125,530.8779907226562,-1,-1,-1,-1
51,2,852.9635009765625,566.4222412109375,168.31475830078125,533.5281982421875,-1,-1,-1,-1
52,2,863.2153930664062,566.2053833007812,157.78173828125,534.5825805664062,-1,-1,-1,-1
53,2,866.0390625,567.3942260742188,153.594970703125,534.3042602539062,-1,-1,-1,-1
54,2,863.4216918945312,569.4837646484375,156.1629638671875,533.7574462890625,-1,-1,-1,-1
55,2,861.053466796875,571.4613647460938,156.12200927734375,533.4843139648438,-1,-1,-1,-1
56,2,858.6945190429688,571.6649780273438,156.62506103515625,533.1585083007812,-1,-1,-1,-1
57,2,856.70361328125,570.7655029296875,156.7774658203125,533.8109130859375,-1,-1,-1,-1
58,2,850.6564331054688,571.6514892578125,162.6265869140625,535.30908203125,-1,-1,-1,-1
59,2,836.8171997070312,575.295166015625,175.59027099609375,533.2283935546875,-1,-1,-1,-1
60,2,831.644775390625,580.77734375,181.58990478515625,527.1549072265625,-1,-1,-1,-1
61,2,830.360595703125,585.0402221679688,185.22161865234375,523.8424682617188,-1,-1,-1,-1
62,2,827.7619018554688,588.828369140625,188.5662841796875,520.1671142578125,-1,-1,-1,-1
63,2,828.0621337890625,592.1181640625,189.526123046875,517.2884521484375,-1,-1,-1,-1
64,2,827.3074340820312,593.6729736328125,190.01666259765625,516.99462890625,-1,-1,-1,-1
65,2,825.9069213867188,594.575927734375,192.32342529296875,514.2120361328125,-1,-1,-1,-1
66,2,825.8710327148438,594.8185424804688,190.34210205078125,511.73065185546875,-1,-1,-1,-1
67,2,822.5018920898438,595.26220703125,189.43914794921875,505.2442626953125,-1,-1,-1,-1
68,2,817.2347412109375,596.0828857421875,182.52447509765625,494.47607421875,-1,-1,-1,-1
69,2,812.7625122070312,597.24072265625,166.71051025390625,486.39990234375,-1,-1,-1,-1
70,2,813.2046508789062,599.0485229492188,160.84893798828125,479.79962158203125,-1,-1,-1,-1
71,2,815.1297607421875,600.8701171875,159.19378662109375,474.9149169921875,-1,-1,-1,-1
72,2,814.0491333007812,604.20849609375,163.95263671875,471.39599609375,-1,-1,-1,-1
73,2,812.6522216796875,605.7113037109375,171.383544921875,470.47607421875,-1,-1,-1,-1
74,2,812.1253051757812,605.6409301757812,174.9989013671875,471.88262939453125,-1,-1,-1,-1
75,2,812.1378784179688,605.4442749023438,191.09259033203125,473.45050048828125,-1,-1,-1,-1
76,2,813.72998046875,606.716064453125,217.575927734375,476.1943359375,-1,-1,-1,-1
77,2,819.7426147460938,606.9299926757812,220.19451904296875,476.78179931640625,-1,-1,-1,-1
78,2,822.3096923828125,608.3946533203125,231.4901123046875,476.57861328125,-1,-1,-1,-1
79,2,829.1427612304688,609.7808837890625,229.91571044921875,475.4639892578125,-1,-1,-1,-1
80,2,830.9205322265625,611.1031494140625,236.5947265625,474.52734375,-1,-1,-1,-1
81,2,833.6766357421875,614.0156860351562,228.3472900390625,473.14947509765625,-1,-1,-1,-1
82,2,833.1686401367188,614.5079956054688,223.57110595703125,473.87799072265625,-1,-1,-1,-1
83,2,832.38037109375,616.299560546875,220.3367919921875,470.548583984375,-1,-1,-1,-1
84,2,834.8497924804688,612.0531005859375,214.38555908203125,471.7381591796875,-1,-1,-1,-1
85,2,839.2860107421875,605.7031860351562,199.9190673828125,477.22613525390625,-1,-1,-1,-1
86,2,839.6596069335938,600.6966552734375,197.12579345703125,481.1063232421875,-1,-1,-1,-1
87,2,839.0126342773438,600.8816528320312,198.26837158203125,480.63568115234375,-1,-1,-1,-1
88,2,838.7635498046875,602.7410278320312,199.223876953125,480.04278564453125,-1,-1,-1,-1
89,2,836.56689453125,607.110107421875,199.555908203125,476.7301025390625,-1,-1,-1,-1
90,2,833.393310546875,612.7222900390625,201.592041015625,470.4959716796875,-1,-1,-1,-1
91,2,829.416015625,622.7642822265625,213.3087158203125,459.171630859375,-1,-1,-1,-1
92,2,827.4204711914062,625.2584228515625,222.28802490234375,443.71435546875,-1,-1,-1,-1
93,2,824.9342041015625,632.7782592773438,232.705078125,428.87457275390625,-1,-1,-1,-1
94,2,824.1630249023438,633.3081665039062,241.22259521484375,422.32977294921875,-1,-1,-1,-1
95,2,825.3118896484375,633.7222290039062,253.7147216796875,418.81903076171875,-1,-1,-1,-1
96,2,826.5396118164062,634.1290283203125,256.65972900390625,416.123291015625,-1,-1,-1,-1
97,2,827.8468017578125,632.4203491210938,261.5479736328125,413.71551513671875,-1,-1,-1,-1
98,2,827.1286010742188,627.8438720703125,267.56256103515625,414.5634765625,-1,-1,-1,-1
99,2,827.359619140625,625.45556640625,270.0289306640625,415.9468994140625,-1,-1,-1,-1
100,2,827.5314331054688,623.9976196289062,268.31585693359375,416.22125244140625,-1,-1,-1,-1
101,2,826.698974609375,621.204833984375,266.7469482421875,417.6419677734375,-1,-1,-1,-1
102,2,824.966064453125,618.3814697265625,264.557861328125,419.119384765625,-1,-1,-1,-1
103,2,827.2951049804688,612.8302612304688,261.83209228515625,423.74468994140625,-1,-1,-1,-1
104,2,829.5198974609375,609.4859008789062,256.182373046875,426.76544189453125,-1,-1,-1,-1
105,2,832.6113891601562,603.6730346679688,260.45880126953125,432.18231201171875,-1,-1,-1,-1
106,2,838.8875732421875,597.2543334960938,251.202880859375,437.74981689453125,-1,-1,-1,-1
107,2,842.88671875,591.6947631835938,245.9298095703125,441.27960205078125,-1,-1,-1,-1
108,2,863.0188598632812,587.0885620117188,220.17730712890625,446.87127685546875,-1,-1,-1,-1
109,2,882.805419921875,583.7852783203125,199.1090087890625,452.1318359375,-1,-1,-1,-1
110,2,890.9779663085938,583.8690795898438,188.74688720703125,452.57855224609375,-1,-1,-1,-1
111,2,892.98291015625,584.479736328125,180.358154296875,452.1103515625,-1,-1,-1,-1
112,2,892.0396728515625,584.1634521484375,179.77685546875,451.9478759765625,-1,-1,-1,-1
113,2,891.1923828125,583.7109375,178.775146484375,451.89892578125,-1,-1,-1,-1
114,2,889.99755859375,581.4418334960938,180.6038818359375,452.17779541015625,-1,-1,-1,-1
115,2,884.1123046875,578.9542846679688,181.99560546875,453.02288818359375,-1,-1,-1,-1
116,2,866.249267578125,578.2147216796875,193.377197265625,454.1531982421875,-1,-1,-1,-1
117,2,837.3924560546875,578.8123168945312,219.9111328125,454.86370849609375,-1,-1,-1,-1
118,2,823.3064575195312,579.6549682617188,234.77337646484375,454.22467041015625,-1,-1,-1,-1
119,2,820.8807373046875,581.8881225585938,234.8046875,451.67608642578125,-1,-1,-1,-1
120,2,817.088623046875,583.973388671875,237.8927001953125,449.1014404296875,-1,-1,-1,-1
121,2,816.054931640625,586.051025390625,239.86279296875,446.696044921875,-1,-1,-1,-1
122,2,816.1775512695312,587.2598266601562,240.54168701171875,446.87298583984375,-1,-1,-1,-1
123,2,817.2169799804688,588.4783325195312,237.74688720703125,444.90997314453125,-1,-1,-1,-1
124,2,818.30615234375,587.5264892578125,227.801513671875,443.1055908203125,-1,-1,-1,-1
125,2,819.4114990234375,588.6320190429688,213.9129638671875,441.85809326171875,-1,-1,-1,-1
126,2,819.4660034179688,588.8668212890625,206.78424072265625,438.3179931640625,-1,-1,-1,-1
127,2,818.3012084960938,589.171875,189.73974609375,435.9306640625,-1,-1,-1,-1
128,2,815.4771118164062,590.1484985351562,180.4710693359375,425.574951171875,-1,-1,-1,-1
129,2,813.9091796875,590.6384887695312,172.99078369140625,420.80401611328125,-1,-1,-1,-1
130,2,812.3659057617188,590.7830810546875,169.42138671875,417.5418701171875,-1,-1,-1,-1
131,2,810.4549560546875,590.557373046875,171.716552734375,417.75592041015625,-1,-1,-1,-1
132,2,807.283935546875,590.1242065429688,178.95001220703125,417.83563232421875,-1,-1,-1,-1
133,2,805.79345703125,590.1181640625,183.76318359375,419.5263671875,-1,-1,-1,-1
134,2,804.2987670898438,589.32958984375,188.63531494140625,430.06585693359375,-1,-1,-1,-1
135,2,802.7700805664062,587.8734741210938,193.77142333984375,437.2845458984375,-1,-1,-1,-1
136,2,803.1719360351562,585.9556274414062,197.73577880859375,437.43084716796875,-1,-1,-1,-1
137,2,804.17822265625,583.1419677734375,203.38720703125,438.66693115234375,-1,-1,-1,-1
138,2,804.277099609375,579.4052124023438,207.87054443359375,440.5125732421875,-1,-1,-1,-1
139,2,803.789794921875,571.8908081054688,209.53485107421875,441.1392822265625,-1,-1,-1,-1
140,2,801.980224609375,564.9151611328125,207.80322265625,441.9449462890625,-1,-1,-1,-1
141,2,799.4218139648438,557.4457397460938,206.94317626953125,441.40130615234375,-1,-1,-1,-1
142,2,797.9910888671875,553.1737670898438,204.6802978515625,442.44720458984375,-1,-1,-1,-1
143,2,796.5985717773438,548.8019409179688,198.8026123046875,446.48590087890625,-1,-1,-1,-1
144,2,789.5185546875,543.8155517578125,201.3701171875,451.0667724609375,-1,-1,-1,-1
145,2,784.4500732421875,540.6251220703125,198.5496826171875,454.85919189453125,-1,-1,-1,-1
146,2,781.0580444335938,536.323974609375,195.715576171875,459.758056640625,-1,-1,-1,-1
147,2,778.4414672851562,532.933349609375,196.300048828125,462.3546142578125,-1,-1,-1,-1
148,2,781.9786987304688,530.4537353515625,192.9185791015625,466.11187744140625,-1,-1,-1,-1
149,2,811.5918579101562,528.5108032226562,165.52447509765625,468.22174072265625,-1,-1,-1,-1
150,2,827.737548828125,525.9751586914062,150.1453857421875,470.74713134765625,-1,-1,-1,-1
151,2,832.3619995117188,525.42041015625,147.58367919921875,470.5548095703125,-1,-1,-1,-1
152,2,834.3589477539062,525.0018310546875,150.7130126953125,470.331298828125,-1,-1,-1,-1
153,2,831.9407958984375,523.7094116210938,142.64306640625,469.8958740234375,-1,-1,-1,-1
154,2,827.6820678710938,523.3310546875,141.88580322265625,470.5302734375,-1,-1,-1,-1
155,2,811.9173583984375,524.377685546875,156.0438232421875,470.726318359375,-1,-1,-1,-1
156,2,803.8187255859375,527.2756958007812,166.07366943359375,470.36376953125,-1,-1,-1,-1
157,2,794.8447875976562,529.1116333007812,175.3035888671875,471.32568359375,-1,-1,-1,-1
158,2,775.798095703125,529.4542846679688,196.66339111328125,470.4215087890625,-1,-1,-1,-1
159,2,770.9545288085938,530.1765747070312,204.36956787109375,467.28411865234375,-1,-1,-1,-1
160,2,768.995849609375,532.9674682617188,208.29534912109375,465.0687255859375,-1,-1,-1,-1
161,2,771.0552978515625,535.5914916992188,207.96722412109375,463.72698974609375,-1,-1,-1,-1
162,2,772.8185424804688,536.5575561523438,210.2529296875,464.123046875,-1,-1,-1,-1
163,2,776.038818359375,537.898193359375,209.71282958984375,466.26715087890625,-1,-1,-1,-1
164,2,779.9718017578125,539.3202514648438,208.49896240234375,466.34344482421875,-1,-1,-1,-1
165,2,786.091064453125,541.3748168945312,189.67681884765625,464.78167724609375,-1,-1,-1,-1
166,2,788.3157348632812,545.4988403320312,179.403076171875,461.34869384765625,-1,-1,-1,-1
167,2,790.94775390625,549.7954711914062,171.960693359375,457.26434326171875,-1,-1,-1,-1
168,2,792.0411987304688,553.2891845703125,169.710205078125,456.06353759765625,-1,-1,-1,-1
169,2,792.6950073242188,554.7254638671875,168.74566650390625,459.21820068359375,-1,-1,-1,-1
170,2,794.2044677734375,555.2154541015625,172.8768310546875,465.36279296875,-1,-1,-1,-1
171,2,795.5524291992188,554.74560546875,181.70257568359375,470.14251708984375,-1,-1,-1,-1
172,2,796.4271850585938,553.5426025390625,198.9781494140625,473.1480712890625,-1,-1,-1,-1
173,2,794.785400390625,550.4740600585938,212.35821533203125,474.669189453125,-1,-1,-1,-1
174,2,783.2451171875,546.4954223632812,222.43408203125,472.5264892578125,-1,-1,-1,-1
175,2,747.525146484375,539.694091796875,230.7589111328125,462.6593017578125,-1,-1,-1,-1
176,2,706.3052368164062,526.681396484375,231.3544921875,457.5296630859375,-1,-1,-1,-1
177,2,640.4794921875,512.9127197265625,236.10736083984375,448.694580078125,-1,-1,-1,-1
178,2,541.1126708984375,496.1303405761719,245.854248046875,444.8272399902344,-1,-1,-1,-1
179,2,414.28564453125,471.9039306640625,273.427978515625,454.81854248046875,-1,-1,-1,-1
180,2,284.47052001953125,458.431640625,296.96881103515625,468.1329345703125,-1,-1,-1,-1
181,2,192.88328552246094,443.38726806640625,328.88232421875,491.927978515625,-1,-1,-1,-1
182,2,120.27750396728516,430.9258117675781,349.1199035644531,507.9391174316406,-1,-1,-1,-1
183,2,61.93757629394531,422.96343994140625,361.03662109375,519.487548828125,-1,-1,-1,-1
184,2,6.532205581665039,418.1161193847656,371.9393615722656,531.0889892578125,-1,-1,-1,-1
185,2,1.5917644500732422,426.2856750488281,311.1961975097656,540.822998046875,-1,-1,-1,-1
186,2,-0.28551673889160156,442.8137512207031,215.62481689453125,557.0203857421875,-1,-1,-1,-1
187,2,268.2613525390625,534.599853515625,385.94134521484375,523.8466796875,-1,-1,-1,-1
1,3,376.2013244628906,625.4429931640625,108.70822143554688,207.02392578125,-1,-1,-1,-1
2,3,373.6234130859375,629.8348999023438,111.174560546875,204.615966796875,-1,-1,-1,-1
3,3,371.4838562011719,630.8064575195312,111.76019287109375,204.67578125,-1,-1,-1,-1
4,3,369.6080017089844,629.9982299804688,112.70028686523438,204.95440673828125,-1,-1,-1,-1
5,3,370.0697937011719,628.6771240234375,112.92108154296875,204.50054931640625,-1,-1,-1,-1
6,3,372.58380126953125,627.1300048828125,112.117431640625,203.9130859375,-1,-1,-1,-1
7,3,379.9317932128906,627.855224609375,113.03732299804688,202.43212890625,-1,-1,-1,-1
8,3,389.414306640625,627.9725341796875,111.99673461914062,202.2528076171875,-1,-1,-1,-1
9,3,394.92657470703125,629.3306274414062,113.00820922851562,200.41064453125,-1,-1,-1,-1
10,3,398.75445556640625,629.2105712890625,109.9271240234375,200.1318359375,-1,-1,-1,-1
11,3,402.1138610839844,629.4129638671875,105.08349609375,199.21044921875,-1,-1,-1,-1
12,3,404.6043701171875,629.342529296875,102.05990600585938,200.8525390625,-1,-1,-1,-1
13,3,407.7958068847656,630.7869262695312,95.92578125,200.73052978515625,-1,-1,-1,-1
14,3,410.625,631.764404296875,92.03616333007812,200.6270751953125,-1,-1,-1,-1
15,3,411.3284912109375,633.2224731445312,93.00900268554688,201.29229736328125,-1,-1,-1,-1
16,3,411.25701904296875,634.85791015625,90.49038696289062,202.12896728515625,-1,-1,-1,-1
17,3,411.6214599609375,636.0844116210938,86.771240234375,201.357421875,-1,-1,-1,-1
18,3,412.03118896484375,636.8108520507812,84.967041015625,202.0704345703125,-1,-1,-1,-1
19,3,410.5576477050781,637.0109252929688,86.00076293945312,202.05517578125,-1,-1,-1,-1
20,3,409.2179870605469,637.0084228515625,84.86181640625,202.00799560546875,-1,-1,-1,-1
21,3,408.55535888671875,636.230224609375,83.74932861328125,201.9864501953125,-1,-1,-1,-1
22,3,406.1427307128906,634.7010498046875,85.37115478515625,201.5240478515625,-1,-1,-1,-1
23,3,401.4923400878906,633.6943969726562,85.15109252929688,202.91497802734375,-1,-1,-1,-1
24,3,395.9755859375,631.9551391601562,86.07711791992188,204.81402587890625,-1,-1,-1,-1
25,3,391.00152587890625,631.4749755859375,89.19992065429688,205.763671875,-1,-1,-1,-1
26,3,381.6082763671875,631.2298583984375,89.50531005859375,207.39453125,-1,-1,-1,-1
27,3,369.2289733886719,630.6373901367188,91.83627319335938,208.02392578125,-1,-1,-1,-1
28,3,356.5765075683594,630.4487915039062,98.189208984375,209.78350830078125,-1,-1,-1,-1
29,3,342.02471923828125,629.5560913085938,100.71484375,211.14337158203125,-1,-1,-1,-1
30,3,328.08575439453125,629.1939086914062,106.36810302734375,213.63201904296875,-1,-1,-1,-1
31,3,324.1767272949219,628.6849975585938,106.93374633789062,212.26824951171875,-1,-1,-1,-1
32,3,306.4662170410156,626.7388916015625,120.55429077148438,213.82720947265625,-1,-1,-1,-1
33,3,302.892578125,626.4041748046875,120.24111938476562,213.6177978515625,-1,-1,-1,-1
34,3,297.944091796875,626.5413208007812,116.57681274414062,214.17840576171875,-1,-1,-1,-1
35,3,291.2346496582031,628.8888549804688,117.25894165039062,214.6580810546875,-1,-1,-1,-1
36,3,285.5794677734375,630.3977661132812,119.47848510742188,214.97381591796875,-1,-1,-1,-1
37,3,279.845947265625,631.9730224609375,123.115966796875,215.62371826171875,-1,-1,-1,-1
38,3,273.1841735839844,633.3453979492188,121.47454833984375,215.958251953125,-1,-1,-1,-1
39,3,267.49603271484375,633.9212646484375,119.670654296875,217.10400390625,-1,-1,-1,-1
40,3,265.6499938964844,634.0716552734375,116.05813598632812,218.7366943359375,-1,-1,-1,-1
41,3,265.8735046386719,634.9080810546875,108.86895751953125,217.36468505859375,-1,-1,-1,-1
42,3,264.9862365722656,635.3995361328125,107.73922729492188,217.049072265625,-1,-1,-1,-1
43,3,257.4337463378906,636.5692749023438,112.17340087890625,219.19091796875,-1,-1,-1,-1
44,3,258.4594421386719,636.708740234375,108.48687744140625,219.35205078125,-1,-1,-1,-1
45,3,251.62371826171875,636.2408447265625,114.21551513671875,221.9278564453125,-1,-1,-1,-1
46,3,252.51095581054688,637.4063110351562,110.62704467773438,222.166015625,-1,-1,-1,-1
47,3,250.55059814453125,639.777099609375,110.1004638671875,220.8988037109375,-1,-1,-1,-1
48,3,249.48501586914062,641.2252197265625,106.11660766601562,222.40069580078125,-1,-1,-1,-1
49,3,243.5782928466797,641.5523681640625,110.89064025878906,221.95635986328125,-1,-1,-1,-1
50,3,243.85096740722656,641.0991821289062,109.20610046386719,222.70281982421875,-1,-1,-1,-1
51,3,241.9652099609375,641.9284057617188,107.16525268554688,222.32818603515625,-1,-1,-1,-1
52,3,239.41322326660156,643.4038696289062,106.30867004394531,223.0601806640625,-1,-1,-1,-1
53,3,235.0551300048828,643.04931640625,106.53996276855469,222.03106689453125,-1,-1,-1,-1
54,3,230.66134643554688,642.4739379882812,110.46279907226562,223.06414794921875,-1,-1,-1,-1
55,3,227.56382751464844,642.5311279296875,110.65531921386719,223.3555908203125,-1,-1,-1,-1
56,3,228.20654296875,642.5888061523438,111.07431030273438,224.27569580078125,-1,-1,-1,-1
57,3,227.42828369140625,642.7938842773438,111.05633544921875,224.16455078125,-1,-1,-1,-1
58,3,228.54873657226562,643.4185791015625,108.64044189453125,224.14727783203125,-1,-1,-1,-1
59,3,227.32469177246094,643.6021728515625,111.89155578613281,223.939697265625,-1,-1,-1,-1
60,3,227.5512237548828,643.96142578125,111.49314880371094,224.55755615234375,-1,-1,-1,-1
61,3,230.04502868652344,644.8355102539062,109.87648010253906,223.71966552734375,-1,-1,-1,-1
62,3,229.663330078125,644.8138427734375,110.0745849609375,223.6845703125,-1,-1,-1,-1
63,3,230.36854553222656,645.3800048828125,110.17515563964844,223.4656982421875,-1,-1,-1,-1
64,3,235.37091064453125,646.1159057617188,106.19488525390625,221.9056396484375,-1,-1,-1,-1
65,3,236.2930908203125,645.8474731445312,107.85061645507812,222.54937744140625,-1,-1,-1,-1
66,3,238.5594482421875,645.9447021484375,105.705078125,221.54864501953125,-1,-1,-1,-1
67,3,237.177490234375,646.2392578125,110.5302734375,222.30615234375,-1,-1,-1,-1
68,3,240.4478302001953,646.330322265625,109.20552062988281,222.31597900390625,-1,-1,-1,-1
69,3,241.1800537109375,646.1594848632812,109.50741577148438,221.85552978515625,-1,-1,-1,-1
70,3,241.98541259765625,645.4209594726562,113.08868408203125,222.9429931640625,-1,-1,-1,-1
71,3,239.32359313964844,644.2366943359375,114.36424255371094,223.486572265625,-1,-1,-1,-1
72,3,243.8807373046875,644.17041015625,112.66549682617188,222.6949462890625,-1,-1,-1,-1
73,3,248.51052856445312,644.5100708007812,105.25982666015625,223.0826416015625,-1,-1,-1,-1
74,3,252.43482971191406,644.5241088867188,105.20344543457031,221.05303955078125,-1,-1,-1,-1
75,3,252.6939697265625,643.0,107.0009765625,221.82171630859375,-1,-1,-1,-1
76,3,251.720703125,642.2966918945312,106.39010620117188,222.27056884765625,-1,-1,-1,-1
77,3,252.89480590820312,641.6248168945312,108.87673950195312,221.19970703125,-1,-1,-1,-1
78,3,252.41917419433594,642.5479736328125,111.24330139160156,221.75140380859375,-1,-1,-1,-1
79,3,253.39710998535156,642.5816650390625,112.21675109863281,221.80133056640625,-1,-1,-1,-1
80,3,251.7144317626953,643.0111694335938,110.78956604003906,222.3157958984375,-1,-1,-1,-1
81,3,252.23583984375,643.37939453125,110.01480102539062,221.64886474609375,-1,-1,-1,-1
82,3,250.70082092285156,643.3104248046875,107.17182922363281,222.08905029296875,-1,-1,-1,-1
83,3,245.29725646972656,642.4645385742188,111.86027526855469,222.882568359375,-1,-1,-1,-1
84,3,241.33370971679688,641.6823120117188,108.85125732421875,223.70086669921875,-1,-1,-1,-1
85,3,240.84669494628906,642.2203369140625,107.48005676269531,223.36273193359375,-1,-1,-1,-1
86,3,237.9417266845703,641.478515625,102.34742736816406,222.8521728515625,-1,-1,-1,-1
87,3,233.30921936035156,640.9730224609375,107.82502746582031,223.3262939453125,-1,-1,-1,-1
88,3,237.40817260742188,641.6016235351562,103.01742553710938,222.3983154296875,-1,-1,-1,-1
89,3,232.63302612304688,641.2216796875,108.52566528320312,222.8448486328125,-1,-1,-1,-1
90,3,228.3894500732422,641.3533935546875,111.45372009277344,224.3299560546875,-1,-1,-1,-1
91,3,227.62255859375,640.8423461914062,109.1380615234375,225.05328369140625,-1,-1,-1,-1
92,3,218.23736572265625,640.9968872070312,113.13497924804688,225.76373291015625,-1,-1,-1,-1
93,3,211.03089904785156,641.2379150390625,112.03779602050781,225.988037109375,-1,-1,-1,-1
94,3,212.60867309570312,642.375244140625,105.26632690429688,224.3341064453125,-1,-1,-1,-1
95,3,207.3116455078125,642.8991088867188,110.87503051757812,224.17218017578125,-1,-1,-1,-1
96,3,199.30499267578125,643.0216674804688,113.27545166015625,225.92742919921875,-1,-1,-1,-1
97,3,194.3137664794922,643.548828125,113.55842590332031,226.5263671875,-1,-1,-1,-1
98,3,183.09661865234375,643.1974487304688,118.30984497070312,229.7105712890625,-1,-1,-1,-1
99,3,178.6942596435547,643.5302124023438,118.31391906738281,230.132568359375,-1,-1,-1,-1
100,3,175.77120971679688,643.077880859375,116.73672485351562,230.88140869140625,-1,-1,-1,-1
101,3,171.80381774902344,642.90966796875,116.97911071777344,230.33746337890625,-1,-1,-1,-1
102,3,169.99652099609375,643.4298095703125,118.94830322265625,231.197509765625,-1,-1,-1,-1
103,3,165.7513427734375,644.0181884765625,120.63031005859375,231.41387939453125,-1,-1,-1,-1
104,3,162.09422302246094,644.8224487304688,120.14888000488281,232.69781494140625,-1,-1,-1,-1
105,3,153.1614990234375,645.3587646484375,124.14251708984375,235.61932373046875,-1,-1,-1,-1
106,3,154.16123962402344,645.0593872070312,119.40840148925781,234.246337890625,-1,-1,-1,-1
107,3,147.72500610351562,644.8034057617188,121.39755249023438,234.2952880859375,-1,-1,-1,-1
108,3,142.7096710205078,644.0390014648438,121.13157653808594,235.23577880859375,-1,-1,-1,-1
109,3,141.24249267578125,644.1553344726562,119.98663330078125,236.256103515625,-1,-1,-1,-1
110,3,139.41436767578125,644.7024536132812,119.84841918945312,236.55767822265625,-1,-1,-1,-1
111,3,138.0270233154297,645.309814453125,117.04560852050781,237.39013671875,-1,-1,-1,-1
112,3,125.30850219726562,644.5382080078125,123.35549926757812,239.08966064453125,-1,-1,-1,-1
113,3,125.85134887695312,644.5498657226562,122.98286437988281,238.64154052734375,-1,-1,-1,-1
114,3,127.57537078857422,643.7026977539062,118.82001495361328,238.76947021484375,-1,-1,-1,-1
115,3,124.02926635742188,643.55419921875,123.65496826171875,238.3984375,-1,-1,-1,-1
116,3,125.62191009521484,642.6236572265625,119.19727325439453,238.0865478515625,-1,-1,-1,-1
117,3,125.80067443847656,641.4959106445312,120.3282470703125,238.82086181640625,-1,-1,-1,-1
118,3,127.69921112060547,641.04296875,118.9527816772461,239.45050048828125,-1,-1,-1,-1
119,3,127.86782836914062,640.7966918945312,118.3087158203125,238.5755615234375,-1,-1,-1,-1
120,3,127.33509063720703,640.3356323242188,120.16728973388672,238.69891357421875,-1,-1,-1,-1
121,3,129.36224365234375,640.1441650390625,117.15371704101562,238.65234375,-1,-1,-1,-1
122,3,128.38077545166016,640.0481567382812,118.8060531616211,238.8392333984375,-1,-1,-1,-1
123,3,127.49784088134766,639.9829711914062,123.54166412353516,238.7039794921875,-1,-1,-1,-1
124,3,123.66008758544922,639.435546875,128.60828399658203,239.47119140625,-1,-1,-1,-1
125,3,127.81011962890625,639.5899658203125,128.04034423828125,238.2545166015625,-1,-1,-1,-1
126,3,132.7432861328125,639.3771362304688,121.80537414550781,238.65093994140625,-1,-1,-1,-1
127,3,138.00782775878906,639.1898193359375,119.08979797363281,237.22760009765625,-1,-1,-1,-1
128,3,137.84249877929688,638.5411987304688,119.78984069824219,237.9149169921875,-1,-1,-1,-1
129,3,137.6269073486328,637.446533203125,119.93460083007812,237.54693603515625,-1,-1,-1,-1
130,3,137.48834228515625,636.2417602539062,119.66265869140625,237.53424072265625,-1,-1,-1,-1
131,3,139.5460205078125,636.478515625,120.15960693359375,236.43231201171875,-1,-1,-1,-1
132,3,136.69369506835938,635.83203125,120.22993469238281,238.1492919921875,-1,-1,-1,-1
133,3,131.51629638671875,634.83642578125,123.57382202148438,238.28515625,-1,-1,-1,-1
134,3,131.09930419921875,635.2100219726562,121.9447021484375,237.872802734375,-1,-1,-1,-1
135,3,131.34121704101562,633.3923950195312,120.23370361328125,237.975341796875,-1,-1,-1,-1
136,3,131.39755249023438,631.2031860351562,117.53292846679688,237.43621826171875,-1,-1,-1,-1
137,3,123.06884765625,629.0115966796875,124.77606201171875,239.07073974609375,-1,-1,-1,-1
138,3,114.68641662597656,625.9324951171875,130.15411376953125,240.113525390625,-1,-1,-1,-1
139,3,108.90764617919922,622.2052001953125,129.11029052734375,243.583740234375,-1,-1,-1,-1
140,3,110.848876953125,618.1428833007812,124.03347778320312,241.62115478515625,-1,-1,-1,-1
141,3,100.72896575927734,612.845703125,132.12814331054688,242.2843017578125,-1,-1,-1,-1
142,3,97.82804107666016,611.32861328125,127.39913177490234,243.23431396484375,-1,-1,-1,-1
143,3,90.80003356933594,610.6441650390625,127.72978210449219,242.87945556640625,-1,-1,-1,-1
144,3,86.95956420898438,611.6948852539062,126.80746459960938,245.11236572265625,-1,-1,-1,-1
145,3,72.1414566040039,613.4951782226562,131.80337524414062,249.16583251953125,-1,-1,-1,-1
146,3,64.6640396118164,616.25390625,135.44342041015625,249.683837890625,-1,-1,-1,-1
147,3,62.023624420166016,618.71630859375,134.7118682861328,247.820068359375,-1,-1,-1,-1
148,3,53.28782653808594,620.3240966796875,137.32225036621094,247.97955322265625,-1,-1,-1,-1
149,3,52.34000778198242,622.2666015625,135.02381896972656,250.0714111328125,-1,-1,-1,-1
150,3,57.78310775756836,622.5064697265625,128.14987182617188,250.699462890625,-1,-1,-1,-1
151,3,58.26209259033203,623.4591064453125,121.8113784790039,251.80975341796875,-1,-1,-1,-1
152,3,51.6461181640625,622.975830078125,127.25303649902344,250.33154296875,-1,-1,-1,-1
153,3,52.54298782348633,622.0313110351562,128.23794555664062,249.340576171875,-1,-1,-1,-1
154,3,50.65114212036133,621.7933959960938,128.41346740722656,249.27691650390625,-1,-1,-1,-1
155,3,56.04593276977539,622.3672485351562,124.29754638671875,250.30548095703125,-1,-1,-1,-1
156,3,61.29466247558594,624.0254516601562,122.27218627929688,250.6246337890625,-1,-1,-1,-1
157,3,60.14568328857422,626.6123046875,128.35311126708984,248.27459716796875,-1,-1,-1,-1
158,3,62.73495864868164,626.7237548828125,130.75418090820312,248.38775634765625,-1,-1,-1,-1
159,3,69.53331756591797,627.5150756835938,127.12078094482422,247.04193115234375,-1,-1,-1,-1
160,3,74.47492980957031,626.326171875,122.74737548828125,247.54156494140625,-1,-1,-1,-1
161,3,75.66816711425781,625.78515625,124.57533264160156,246.86181640625,-1,-1,-1,-1
162,3,78.41657257080078,626.1649169921875,126.1594467163086,245.37335205078125,-1,-1,-1,-1
163,3,87.8262710571289,626.4880981445312,121.03545379638672,245.138916015625,-1,-1,-1,-1
164,3,84.637451171875,626.994140625,130.8173828125,243.79638671875,-1,-1,-1,-1
165,3,93.52252197265625,626.9205932617188,127.72587585449219,241.75860595703125,-1,-1,-1,-1
166,3,101.52180480957031,627.3364868164062,123.93174743652344,242.6351318359375,-1,-1,-1,-1
167,3,101.19691467285156,625.938232421875,129.94808959960938,241.66986083984375,-1,-1,-1,-1
168,3,103.80010986328125,625.5049438476562,129.38934326171875,241.2359619140625,-1,-1,-1,-1
169,3,103.86392211914062,624.3163452148438,129.16494750976562,242.7882080078125,-1,-1,-1,-1
170,3,108.81251525878906,624.1382446289062,123.55580139160156,242.65386962890625,-1,-1,-1,-1
171,3,111.26253509521484,624.15234375,123.41681671142578,242.095947265625,-1,-1,-1,-1
172,3,105.6651840209961,624.3541259765625,128.50749969482422,242.8626708984375,-1,-1,-1,-1
173,3,102.1806869506836,626.7922973632812,128.41339874267578,241.10882568359375,-1,-1,-1,-1
174,3,80.68327331542969,634.1658325195312,131.63792419433594,246.42022705078125,-1,-1,-1,-1
175,3,33.280479431152344,645.0879516601562,133.10430908203125,252.78814697265625,-1,-1,-1,-1
176,3,3.804765224456787,656.984130859375,109.66183471679688,256.82501220703125,-1,-1,-1,-1
177,3,2.1075782775878906,634.6273193359375,97.8690185546875,300.65350341796875,-1,-1,-1,-1
178,3,4.8037519454956055,549.2582397460938,138.17169189453125,384.45867919921875,-1,-1,-1,-1
179,3,91.65398406982422,551.3318481445312,187.98342895507812,356.4871826171875,-1,-1,-1,-1
180,4,0.07203865051269531,571.4454345703125,162.070068359375,349.861083984375,-1,-1,-1,-1
181,4,-0.49334239959716797,563.5481567382812,123.65811920166016,356.9755859375,-1,-1,-1,-1
182,4,3.020519971847534,508.36798095703125,86.74136352539062,400.66522216796875,-1,-1,-1,-1
183,4,1.2288851737976074,504.86212158203125,148.61964416503906,413.33636474609375,-1,-1,-1,-1
185,4,-13.318412780761719,427.2662048339844,301.643798828125,535.3028564453125,-1,-1,-1,-1
199,5,90.90599060058594,630.342529296875,270.8087158203125,323.58831787109375,-1,-1,-1,-1
200,5,329.74359130859375,634.595458984375,240.79833984375,278.85675048828125,-1,-1,-1,-1
201,5,479.4498291015625,640.6785278320312,206.72503662109375,247.423095703125,-1,-1,-1,-1
202,5,555.7981567382812,648.004150390625,183.93878173828125,244.19805908203125,-1,-1,-1,-1
203,5,581.1430053710938,659.6455078125,152.3466796875,241.3677978515625,-1,-1,-1,-1
204,5,612.46728515625,677.4492797851562,107.15765380859375,236.34600830078125,-1,-1,-1,-1
205,5,622.4564208984375,687.4122924804688,91.06884765625,228.83074951171875,-1,-1,-1,-1
206,5,628.1640014648438,683.13134765625,118.40350341796875,224.27532958984375,-1,-1,-1,-1
207,5,631.7529907226562,681.3299560546875,119.8568115234375,221.52178955078125,-1,-1,-1,-1
208,5,639.356201171875,683.6062622070312,143.59796142578125,221.00640869140625,-1,-1,-1,-1
209,5,642.8831176757812,688.466064453125,145.967529296875,217.25653076171875,-1,-1,-1,-1
210,5,648.7186279296875,694.0179443359375,149.28973388671875,214.7874755859375,-1,-1,-1,-1
211,5,653.4719848632812,690.5099487304688,146.87689208984375,209.39813232421875,-1,-1,-1,-1
212,5,656.0009155273438,684.4403686523438,149.09869384765625,209.37109375,-1,-1,-1,-1
213,5,662.1746826171875,678.3441162109375,164.7275390625,216.13568115234375,-1,-1,-1,-1
214,5,674.1883544921875,666.4395751953125,140.722412109375,227.6690673828125,-1,-1,-1,-1
215,5,682.8873901367188,643.9828491210938,115.1180419921875,241.2869873046875,-1,-1,-1,-1
216,5,691.9121704101562,618.5905151367188,98.3875732421875,258.567626953125,-1,-1,-1,-1
217,5,698.96533203125,601.1524047851562,93.374755859375,273.39166259765625,-1,-1,-1,-1
218,5,704.9803466796875,593.3779296875,94.74639892578125,286.2296142578125,-1,-1,-1,-1
219,5,709.7274780273438,592.8480834960938,101.38421630859375,286.56378173828125,-1,-1,-1,-1
220,5,715.904296875,596.9176635742188,105.251953125,284.87640380859375,-1,-1,-1,-1
221,5,719.052978515625,599.72705078125,111.5936279296875,290.38470458984375,-1,-1,-1,-1
222,5,720.1334228515625,599.9535522460938,118.48138427734375,291.87530517578125,-1,-1,-1,-1
223,5,719.9799194335938,599.5296020507812,118.7939453125,291.50048828125,-1,-1,-1,-1
224,5,715.8023681640625,597.9729614257812,122.63983154296875,288.6976318359375,-1,-1,-1,-1
225,5,707.96142578125,596.519775390625,120.51971435546875,284.6331787109375,-1,-1,-1,-1
226,5,703.0479125976562,595.0353393554688,120.56744384765625,277.18280029296875,-1,-1,-1,-1
227,5,683.791748046875,592.8137817382812,131.21978759765625,268.97296142578125,-1,-1,-1,-1
228,5,679.8245239257812,592.1881713867188,130.11572265625,262.0391845703125,-1,-1,-1,-1
229,5,674.9453125,593.1023559570312,122.81646728515625,258.61859130859375,-1,-1,-1,-1
230,5,670.7883911132812,592.4661254882812,102.2755126953125,260.25714111328125,-1,-1,-1,-1
231,5,662.4252319335938,595.8037719726562,102.94915771484375,260.25616455078125,-1,-1,-1,-1
232,5,661.3027954101562,601.5513305664062,105.93975830078125,258.3564453125,-1,-1,-1,-1
233,5,665.0380859375,605.5855712890625,106.910400390625,256.54388427734375,-1,-1,-1,-1
234,5,666.8922729492188,606.7638549804688,108.82049560546875,253.8240966796875,-1,-1,-1,-1
235,5,666.5262451171875,610.1211547851562,102.1121826171875,249.96728515625,-1,-1,-1,-1
236,5,663.1622924804688,611.1631469726562,92.97039794921875,249.2672119140625,-1,-1,-1,-1
237,5,658.4481201171875,610.1187133789062,106.89971923828125,248.08795166015625,-1,-1,-1,-1
238,5,653.3432006835938,609.2454833984375,98.1219482421875,246.922607421875,-1,-1,-1,-1
239,5,649.992919921875,608.2184448242188,89.3675537109375,245.16802978515625,-1,-1,-1,-1
240,5,637.7183837890625,603.1002197265625,105.22308349609375,246.49688720703125,-1,-1,-1,-1
241,5,620.9857177734375,601.5750732421875,106.04766845703125,243.92547607421875,-1,-1,-1,-1
242,5,607.8716430664062,602.9696044921875,107.16827392578125,242.01611328125,-1,-1,-1,-1
243,5,602.4532470703125,605.9497680664062,108.121826171875,238.549072265625,-1,-1,-1,-1
244,5,594.7337646484375,607.0918579101562,111.201416015625,237.5203857421875,-1,-1,-1,-1
245,5,592.8966064453125,607.077392578125,112.1805419921875,236.16845703125,-1,-1,-1,-1
246,5,592.2891845703125,605.5828857421875,115.4144287109375,235.4158935546875,-1,-1,-1,-1
247,5,590.0137939453125,601.6787719726562,110.38433837890625,236.21820068359375,-1,-1,-1,-1
248,5,586.564453125,600.5430297851562,101.05291748046875,238.53143310546875,-1,-1,-1,-1
249,5,585.7764282226562,599.2764282226562,96.962646484375,245.02838134765625,-1,-1,-1,-1
250,5,584.7490844726562,599.9071655273438,92.34332275390625,248.90399169921875,-1,-1,-1,-1
251,5,581.349853515625,602.4976196289062,93.72113037109375,250.49151611328125,-1,-1,-1,-1
252,5,569.39306640625,605.6666259765625,106.46124267578125,248.899658203125,-1,-1,-1,-1
253,5,559.0568237304688,609.3948364257812,118.18524169921875,249.47662353515625,-1,-1,-1,-1
254,5,553.5445556640625,614.0648803710938,126.52227783203125,253.19970703125,-1,-1,-1,-1
255,5,549.669677734375,617.1694946289062,136.767822265625,257.43634033203125,-1,-1,-1,-1
256,5,551.1441650390625,619.460693359375,138.669189453125,255.1201171875,-1,-1,-1,-1
257,5,555.609130859375,619.3571166992188,135.85662841796875,256.33148193359375,-1,-1,-1,-1
258,5,559.4513549804688,617.4086303710938,135.89666748046875,260.44683837890625,-1,-1,-1,-1
259,5,565.5902099609375,612.6207275390625,131.2591552734375,264.662109375,-1,-1,-1,-1
260,5,571.94091796875,606.5370483398438,120.8829345703125,269.07843017578125,-1,-1,-1,-1
261,5,575.6105346679688,596.8141479492188,116.54718017578125,276.45172119140625,-1,-1,-1,-1
262,5,576.6571044921875,590.7756958007812,114.711669921875,279.41888427734375,-1,-1,-1,-1
263,5,570.77978515625,588.3177490234375,119.4500732421875,281.32598876953125,-1,-1,-1,-1
264,5,563.3523559570312,592.1717529296875,122.86676025390625,286.341552734375,-1,-1,-1,-1
265,5,556.238525390625,592.6417236328125,130.72784423828125,285.4285888671875,-1,-1,-1,-1
266,5,558.3377685546875,590.9552001953125,129.80487060546875,276.054443359375,-1,-1,-1,-1
267,5,569.4708251953125,591.4786376953125,122.75347900390625,266.1605224609375,-1,-1,-1,-1
268,5,584.7891235351562,596.4475708007812,121.12786865234375,258.8580322265625,-1,-1,-1,-1
269,5,599.3724365234375,605.5662841796875,119.79351806640625,252.80743408203125,-1,-1,-1,-1
270,5,615.0950317382812,606.7431030273438,119.4326171875,252.48443603515625,-1,-1,-1,-1
271,5,625.9281616210938,594.4173583984375,119.43206787109375,254.45489501953125,-1,-1,-1,-1
272,5,628.7772827148438,581.6810302734375,125.08782958984375,259.3271484375,-1,-1,-1,-1
273,5,626.5909423828125,573.74951171875,126.85748291015625,264.48419189453125,-1,-1,-1,-1
274,5,623.3685913085938,571.3460693359375,125.06134033203125,269.041015625,-1,-1,-1,-1
275,5,624.2263793945312,575.5751953125,120.59820556640625,272.264892578125,-1,-1,-1,-1
276,5,639.1023559570312,579.885009765625,105.08514404296875,271.28851318359375,-1,-1,-1,-1
277,5,647.7398681640625,579.6124267578125,95.29937744140625,269.8126220703125,-1,-1,-1,-1
278,5,643.4127197265625,581.4688720703125,97.873046875,266.1190185546875,-1,-1,-1,-1
279,5,638.1675415039062,589.189208984375,98.21453857421875,260.89752197265625,-1,-1,-1,-1
280,5,634.5138549804688,596.0440673828125,98.248779296875,255.7427978515625,-1,-1,-1,-1
281,5,633.76220703125,601.4205932617188,97.93084716796875,250.6185302734375,-1,-1,-1,-1
282,5,632.87890625,606.4771118164062,111.216064453125,245.26507568359375,-1,-1,-1,-1
283,5,631.3552856445312,610.2225952148438,116.51123046875,241.648193359375,-1,-1,-1,-1
284,5,630.715087890625,610.4866943359375,114.50933837890625,239.28692626953125,-1,-1,-1,-1
285,5,627.3411254882812,611.5648193359375,109.12139892578125,238.660400390625,-1,-1,-1,-1
286,5,621.9669189453125,608.7327880859375,110.3665771484375,237.22137451171875,-1,-1,-1,-1
287,5,616.1187133789062,606.5093383789062,114.84552001953125,238.171875,-1,-1,-1,-1
288,5,613.9193115234375,603.8952026367188,118.12640380859375,240.64776611328125,-1,-1,-1,-1
289,5,618.0693359375,602.0629272460938,118.0875244140625,243.50823974609375,-1,-1,-1,-1
290,5,626.8707885742188,601.907958984375,112.275146484375,243.62359619140625,-1,-1,-1,-1
291,5,636.5508422851562,602.3116455078125,103.32000732421875,242.34173583984375,-1,-1,-1,-1
292,5,646.4359130859375,602.769775390625,95.525390625,241.3248291015625,-1,-1,-1,-1
293,5,656.3901977539062,602.7976684570312,88.66595458984375,241.52581787109375,-1,-1,-1,-1
294,5,660.7996215820312,603.2936401367188,86.61090087890625,240.080810546875,-1,-1,-1,-1
295,5,663.3633422851562,603.290771484375,88.06695556640625,240.145263671875,-1,-1,-1,-1
296,5,664.1100463867188,604.5321655273438,87.01318359375,238.94482421875,-1,-1,-1,-1
297,5,665.8939208984375,606.18603515625,85.11468505859375,236.75634765625,-1,-1,-1,-1
298,5,666.9132080078125,607.0556640625,83.42431640625,236.4722900390625,-1,-1,-1,-1
299,5,666.6707763671875,608.0490112304688,84.829833984375,235.36700439453125,-1,-1,-1,-1
300,5,664.7442626953125,609.0092163085938,85.30291748046875,236.66558837890625,-1,-1,-1,-1
301,5,664.464599609375,609.435546875,85.05560302734375,237.98291015625,-1,-1,-1,-1
302,5,665.7400512695312,611.0693359375,81.65826416015625,237.475830078125,-1,-1,-1,-1
303,5,667.3269653320312,610.1065673828125,79.30267333984375,236.5615234375,-1,-1,-1,-1
304,5,669.2052001953125,609.3977661132812,78.12152099609375,236.09039306640625,-1,-1,-1,-1
305,5,669.0999145507812,608.6041259765625,77.06549072265625,235.56072998046875,-1,-1,-1,-1
306,5,669.1974487304688,607.61962890625,76.88470458984375,233.6328125,-1,-1,-1,-1
307,5,670.0077514648438,606.0484008789062,74.784912109375,232.71795654296875,-1,-1,-1,-1
308,5,670.9312133789062,605.1316528320312,75.4593505859375,231.5872802734375,-1,-1,-1,-1
309,5,671.768798828125,604.6656494140625,76.080322265625,230.260009765625,-1,-1,-1,-1
310,5,671.8396606445312,606.0213623046875,77.60760498046875,229.2747802734375,-1,-1,-1,-1
311,5,672.3460693359375,609.2314453125,81.48638916015625,228.8770751953125,-1,-1,-1,-1
312,5,672.8102416992188,612.5548095703125,81.0595703125,228.8568115234375,-1,-1,-1,-1
313,5,673.1945190429688,615.0055541992188,78.9610595703125,232.09637451171875,-1,-1,-1,-1
314,5,673.3521118164062,616.1307373046875,79.73468017578125,234.4376220703125,-1,-1,-1,-1
315,5,673.8240966796875,615.74169921875,80.8414306640625,235.88006591796875,-1,-1,-1,-1
316,5,673.6614990234375,614.5540771484375,81.4759521484375,236.5677490234375,-1,-1,-1,-1
317,5,674.8290405273438,611.3316650390625,86.56610107421875,240.2789306640625,-1,-1,-1,-1
318,5,674.2599487304688,609.2257690429688,85.68267822265625,241.87811279296875,-1,-1,-1,-1
319,5,674.268798828125,608.968505859375,88.5882568359375,243.17645263671875,-1,-1,-1,-1
320,5,674.5592041015625,610.2520751953125,86.7080078125,244.567138671875,-1,-1,-1,-1
321,5,674.1695556640625,610.8809814453125,88.384033203125,246.65673828125,-1,-1,-1,-1
322,5,674.1823120117188,610.5894165039062,90.79254150390625,246.5242919921875,-1,-1,-1,-1
323,5,674.7293701171875,610.21826171875,89.34686279296875,247.32965087890625,-1,-1,-1,-1
324,5,676.5189208984375,610.328857421875,86.95220947265625,246.89031982421875,-1,-1,-1,-1
325,5,676.5013427734375,611.7937622070312,87.61773681640625,246.53826904296875,-1,-1,-1,-1
326,5,677.099609375,613.5528564453125,86.93951416015625,245.887451171875,-1,-1,-1,-1
327,5,678.0172729492188,615.5198364257812,85.60821533203125,243.0733642578125,-1,-1,-1,-1
328,5,679.160400390625,618.0082397460938,85.0791015625,244.19708251953125,-1,-1,-1,-1
329,5,681.4757690429688,618.3106079101562,84.2037353515625,243.99786376953125,-1,-1,-1,-1
330,5,682.901611328125,616.7921142578125,84.9307861328125,244.452392578125,-1,-1,-1,-1
331,5,684.2296142578125,614.245849609375,88.50439453125,249.188232421875,-1,-1,-1,-1
332,5,685.2850341796875,612.8492431640625,94.8575439453125,254.59197998046875,-1,-1,-1,-1
333,5,685.3107299804688,612.9735107421875,95.949462890625,257.0198974609375,-1,-1,-1,-1
334,5,683.1553955078125,612.7548217773438,93.47589111328125,260.0255126953125,-1,-1,-1,-1
335,5,682.0821533203125,612.4979248046875,93.32421875,263.63140869140625,-1,-1,-1,-1
336,5,681.3712768554688,611.96142578125,93.69903564453125,264.6102294921875,-1,-1,-1,-1
337,5,681.1657104492188,611.5370483398438,93.94744873046875,266.28924560546875,-1,-1,-1,-1
338,5,680.3643188476562,611.1082153320312,92.97003173828125,268.06085205078125,-1,-1,-1,-1
339,5,679.8982543945312,610.5913696289062,97.8212890625,269.15435791015625,-1,-1,-1,-1
340,5,680.58349609375,611.5487670898438,100.491943359375,268.8099365234375,-1,-1,-1,-1
341,5,681.9235229492188,612.6435546875,104.21258544921875,273.7835693359375,-1,-1,-1,-1
342,5,683.1790771484375,611.5811157226562,109.9366455078125,279.92633056640625,-1,-1,-1,-1
343,5,685.3929443359375,609.3638916015625,107.7562255859375,283.99188232421875,-1,-1,-1,-1
344,5,688.2791137695312,606.5276489257812,109.332275390625,278.93426513671875,-1,-1,-1,-1
345,5,688.6519165039062,607.7166748046875,108.95513916015625,279.1021728515625,-1,-1,-1,-1
346,5,689.7837524414062,613.0499267578125,100.88726806640625,273.0933837890625,-1,-1,-1,-1
347,5,690.4237670898438,614.696044921875,98.14263916015625,270.67694091796875,-1,-1,-1,-1
348,5,688.58056640625,615.2246704101562,101.190185546875,270.59619140625,-1,-1,-1,-1
349,5,688.5438842773438,612.9979858398438,102.96990966796875,274.59637451171875,-1,-1,-1,-1
350,5,689.4462890625,611.6414794921875,103.6182861328125,275.900146484375,-1,-1,-1,-1
351,5,687.1882934570312,612.501953125,107.576416015625,283.694091796875,-1,-1,-1,-1
352,5,684.2048950195312,610.9046630859375,108.886962890625,293.04827880859375,-1,-1,-1,-1
353,5,681.8192138671875,610.5404052734375,111.542724609375,301.11920166015625,-1,-1,-1,-1
354,5,676.3947143554688,610.8141479492188,115.84490966796875,302.82537841796875,-1,-1,-1,-1
355,5,672.760986328125,608.8631591796875,116.015625,305.08795166015625,-1,-1,-1,-1
356,5,669.461669921875,605.0496826171875,117.94708251953125,306.1502685546875,-1,-1,-1,-1
357,5,669.7359008789062,601.7180786132812,118.37451171875,312.76934814453125,-1,-1,-1,-1
358,5,668.4140625,599.87060546875,120.72308349609375,315.049072265625,-1,-1,-1,-1
359,5,670.2801513671875,600.218017578125,123.77227783203125,306.8533935546875,-1,-1,-1,-1
360,5,671.5252685546875,600.9506225585938,124.867919921875,277.56939697265625,-1,-1,-1,-1
361,5,678.2722778320312,602.5816650390625,121.20758056640625,261.704833984375,-1,-1,-1,-1
362,5,689.3682250976562,600.5997314453125,121.8734130859375,281.8828125,-1,-1,-1,-1
363,5,705.24658203125,593.3656616210938,128.99346923828125,305.02557373046875,-1,-1,-1,-1
364,5,719.8334350585938,580.2991943359375,125.91015625,310.65234375,-1,-1,-1,-1
365,5,726.9215087890625,561.0064086914062,124.5430908203125,308.90301513671875,-1,-1,-1,-1
366,5,733.1535034179688,552.7064819335938,124.9451904296875,312.41851806640625,-1,-1,-1,-1
367,5,733.8685302734375,557.926513671875,126.310791015625,309.11328125,-1,-1,-1,-1
368,5,735.2468872070312,567.3965454101562,124.56317138671875,308.707763671875,-1,-1,-1,-1
369,5,734.1646728515625,582.5436401367188,122.64288330078125,299.9720458984375,-1,-1,-1,-1
370,5,733.914794921875,596.1756591796875,121.2933349609375,290.16058349609375,-1,-1,-1,-1
371,5,724.3245849609375,613.1732177734375,128.1220703125,282.4576416015625,-1,-1,-1,-1
372,5,696.910400390625,622.5791015625,159.5869140625,273.28485107421875,-1,-1,-1,-1
373,5,677.7147827148438,627.0634765625,178.71710205078125,267.49542236328125,-1,-1,-1,-1
374,5,669.3963012695312,626.4237670898438,176.62255859375,251.74884033203125,-1,-1,-1,-1
375,5,674.8887939453125,623.0260009765625,156.82550048828125,273.55718994140625,-1,-1,-1,-1
376,5,672.1727294921875,619.4202270507812,161.540771484375,282.8724365234375,-1,-1,-1,-1
377,5,677.6609497070312,619.2782592773438,137.59307861328125,298.94635009765625,-1,-1,-1,-1
378,5,691.8597412109375,630.0761108398438,118.09259033203125,307.99359130859375,-1,-1,-1,-1
379,5,683.1578369140625,641.677490234375,122.2586669921875,317.517578125,-1,-1,-1,-1
380,5,678.6143798828125,650.317626953125,126.1510009765625,310.87603759765625,-1,-1,-1,-1
381,5,671.3644409179688,658.6743774414062,129.69293212890625,299.86505126953125,-1,-1,-1,-1
382,5,666.6814575195312,662.8976440429688,140.84515380859375,293.9659423828125,-1,-1,-1,-1
383,5,663.2138061523438,663.3728637695312,142.01251220703125,294.10797119140625,-1,-1,-1,-1
384,5,662.5349731445312,658.9506225585938,136.69622802734375,299.15399169921875,-1,-1,-1,-1
385,5,663.0736083984375,644.321044921875,128.20611572265625,314.22467041015625,-1,-1,-1,-1
386,5,662.2515258789062,638.3336181640625,122.7894287109375,318.6907958984375,-1,-1,-1,-1
387,5,664.4592895507812,627.1793212890625,118.36346435546875,241.7601318359375,-1,-1,-1,-1
388,5,665.3603515625,615.6718139648438,119.7930908203125,244.3436279296875,-1,-1,-1,-1
389,5,661.3237915039062,604.7994995117188,126.1588134765625,246.880615234375,-1,-1,-1,-1
390,5,662.322998046875,582.8988647460938,133.38818359375,244.5,-1,-1,-1,-1
391,5,666.7310180664062,540.5648803710938,139.9273681640625,301.63128662109375,-1,-1,-1,-1
392,5,673.1416015625,495.8168029785156,144.16229248046875,297.1761169433594,-1,-1,-1,-1
393,5,682.6802368164062,459.5042724609375,143.82745361328125,299.19171142578125,-1,-1,-1,-1
394,5,694.1535034179688,417.53167724609375,148.45965576171875,306.51251220703125,-1,-1,-1,-1
395,5,708.46435546875,378.66424560546875,148.18426513671875,316.59136962890625,-1,-1,-1,-1
396,5,720.8609008789062,346.8492736816406,149.8736572265625,328.2831115722656,-1,-1,-1,-1
397,5,728.6712646484375,323.46844482421875,150.31622314453125,337.78411865234375,-1,-1,-1,-1
398,5,736.856201171875,316.4819641113281,149.53509521484375,343.8664855957031,-1,-1,-1,-1
399,5,739.7064208984375,323.75213623046875,150.33807373046875,342.73907470703125,-1,-1,-1,-1
400,5,734.4837646484375,340.1743469238281,152.1214599609375,334.0723571777344,-1,-1,-1,-1
401,5,724.5389404296875,362.05120849609375,151.58551025390625,324.82122802734375,-1,-1,-1,-1
402,5,718.9258422851562,390.0387268066406,142.60821533203125,318.2588195800781,-1,-1,-1,-1
403,5,702.87890625,421.2529296875,139.89263916015625,311.5810546875,-1,-1,-1,-1
404,5,689.06640625,448.474365234375,131.77301025390625,311.95831298828125,-1,-1,-1,-1
405,5,675.9273071289062,468.15997314453125,128.4207763671875,313.21307373046875,-1,-1,-1,-1
406,5,666.9124145507812,488.3683166503906,125.17596435546875,297.1522521972656,-1,-1,-1,-1
407,5,655.8366088867188,506.0712890625,127.2193603515625,273.97412109375,-1,-1,-1,-1
408,5,651.1903686523438,528.3877563476562,127.38690185546875,252.76385498046875,-1,-1,-1,-1
409,5,646.997802734375,544.2254028320312,139.73651123046875,243.57818603515625,-1,-1,-1,-1
410,5,640.16455078125,557.3973999023438,148.92510986328125,241.07586669921875,-1,-1,-1,-1
411,5,633.38427734375,566.2503051757812,155.3433837890625,239.80194091796875,-1,-1,-1,-1
412,5,629.3361206054688,570.4786987304688,157.97418212890625,218.66766357421875,-1,-1,-1,-1
413,5,626.2528686523438,573.9805297851562,161.861083984375,212.38580322265625,-1,-1,-1,-1
414,5,624.6256713867188,575.0983276367188,163.0516357421875,210.6180419921875,-1,-1,-1,-1
415,5,617.19677734375,581.3778686523438,167.75921630859375,211.414794921875,-1,-1,-1,-1
416,5,612.096923828125,572.64111328125,167.879638671875,226.9609375,-1,-1,-1,-1
417,5,613.9452514648438,616.8054809570312,150.39068603515625,189.08343505859375,-1,-1,-1,-1
418,5,613.8366088867188,621.6385498046875,153.761962890625,187.138427734375,-1,-1,-1,-1
419,5,613.574951171875,621.3472290039062,158.91845703125,197.25238037109375,-1,-1,-1,-1
420,5,623.0708618164062,623.1709594726562,154.383544921875,214.3739013671875,-1,-1,-1,-1
421,5,629.3236083984375,627.927978515625,148.2869873046875,225.2354736328125,-1,-1,-1,-1
422,5,631.585205078125,635.112060546875,141.4615478515625,239.865234375,-1,-1,-1,-1
423,5,633.1234741210938,646.360107421875,112.81915283203125,231.01873779296875,-1,-1,-1,-1
424,5,630.3749389648438,655.2138671875,122.5455322265625,223.69305419921875,-1,-1,-1,-1
425,5,625.8118896484375,659.8839721679688,121.8306884765625,221.495849609375,-1,-1,-1,-1
426,5,623.6974487304688,659.5109252929688,114.55120849609375,224.98736572265625,-1,-1,-1,-1
427,5,626.2239990234375,654.2913208007812,110.5394287109375,227.07952880859375,-1,-1,-1,-1
428,5,621.2702026367188,645.1502685546875,114.45166015625,231.99542236328125,-1,-1,-1,-1
429,5,620.4599609375,633.563720703125,130.5062255859375,242.91033935546875,-1,-1,-1,-1
430,5,621.0664672851562,617.001953125,126.72698974609375,259.514892578125,-1,-1,-1,-1
431,5,622.7550659179688,604.5074462890625,130.57025146484375,271.860107421875,-1,-1,-1,-1
432,5,623.0010375976562,598.0304565429688,131.75604248046875,272.53314208984375,-1,-1,-1,-1
433,5,625.99462890625,595.36767578125,128.16845703125,267.22528076171875,-1,-1,-1,-1
434,5,626.9442749023438,597.7142333984375,128.44940185546875,258.4508056640625,-1,-1,-1,-1
435,5,626.6871948242188,603.1134033203125,129.6046142578125,256.3118896484375,-1,-1,-1,-1
436,5,628.050537109375,607.4714965820312,138.3896484375,252.95098876953125,-1,-1,-1,-1
437,5,626.2218017578125,610.5401000976562,125.68646240234375,249.38623046875,-1,-1,-1,-1
438,5,625.13525390625,608.470947265625,122.066650390625,252.05145263671875,-1,-1,-1,-1
439,5,624.5358276367188,603.6004638671875,123.488525390625,256.13653564453125,-1,-1,-1,-1
440,5,624.6055297851562,597.9835815429688,124.64990234375,254.5196533203125,-1,-1,-1,-1
441,5,623.5657348632812,591.8624267578125,123.68963623046875,252.15704345703125,-1,-1,-1,-1
442,5,623.6580200195312,590.3050537109375,120.51678466796875,247.9478759765625,-1,-1,-1,-1
443,5,623.4292602539062,591.9166259765625,119.48590087890625,245.0933837890625,-1,-1,-1,-1
444,5,621.9078369140625,594.8375244140625,118.41015625,243.282958984375,-1,-1,-1,-1
445,5,617.7099609375,599.1390380859375,123.339599609375,239.6981201171875,-1,-1,-1,-1
446,5,612.0367431640625,603.78369140625,121.75018310546875,234.02032470703125,-1,-1,-1,-1
447,5,610.8184814453125,607.699462890625,112.0504150390625,229.65716552734375,-1,-1,-1,-1
448,5,609.6351318359375,610.3106689453125,111.92498779296875,227.86236572265625,-1,-1,-1,-1
449,5,606.8194580078125,612.607177734375,110.4910888671875,225.97802734375,-1,-1,-1,-1
450,5,607.8800659179688,610.4224243164062,105.2205810546875,227.421630859375,-1,-1,-1,-1
451,5,608.67919921875,604.3798217773438,98.158447265625,228.46563720703125,-1,-1,-1,-1
452,5,605.30126953125,596.8286743164062,99.3455810546875,228.3780517578125,-1,-1,-1,-1
453,5,599.8245849609375,592.373291015625,94.22857666015625,226.7520751953125,-1,-1,-1,-1
454,5,597.3402099609375,591.368408203125,91.5560302734375,222.11572265625,-1,-1,-1,-1
455,5,596.5340576171875,594.5134887695312,91.05047607421875,217.7574462890625,-1,-1,-1,-1
456,5,594.2742919921875,602.8243408203125,93.8232421875,212.038330078125,-1,-1,-1,-1
457,5,593.8656616210938,611.0950927734375,94.43359375,207.62176513671875,-1,-1,-1,-1
458,5,597.49609375,617.296630859375,96.47674560546875,204.6317138671875,-1,-1,-1,-1
459,5,600.1503295898438,621.6710205078125,105.26318359375,201.5213623046875,-1,-1,-1,-1
460,5,603.7717895507812,621.9111328125,107.79876708984375,201.672119140625,-1,-1,-1,-1
461,5,607.2597045898438,620.5664672851562,105.68218994140625,204.2349853515625,-1,-1,-1,-1
462,5,610.1123046875,616.7203979492188,104.98992919921875,207.3511962890625,-1,-1,-1,-1
463,5,611.5939331054688,612.4862060546875,108.6412353515625,208.592529296875,-1,-1,-1,-1
464,5,612.3584594726562,608.4881591796875,116.73638916015625,216.958251953125,-1,-1,-1,-1
465,5,619.3483276367188,605.4852905273438,118.63214111328125,217.543701171875,-1,-1,-1,-1
466,5,625.8607788085938,606.5907592773438,122.4112548828125,215.34136962890625,-1,-1,-1,-1
467,5,632.279052734375,610.1033935546875,117.77862548828125,211.63677978515625,-1,-1,-1,-1
468,5,632.5107421875,615.7265625,120.49884033203125,204.42462158203125,-1,-1,-1,-1
469,5,633.83740234375,618.13134765625,121.24542236328125,202.27227783203125,-1,-1,-1,-1
470,5,640.5823974609375,617.4804077148438,113.91864013671875,203.14483642578125,-1,-1,-1,-1
471,5,648.5040893554688,613.4135131835938,104.93939208984375,208.4437255859375,-1,-1,-1,-1
472,5,660.1657104492188,605.1949462890625,89.55810546875,216.4642333984375,-1,-1,-1,-1
473,5,669.3895874023438,600.5390625,77.654296875,221.7576904296875,-1,-1,-1,-1
474,5,671.2470092773438,599.9609375,73.73736572265625,222.6451416015625,-1,-1,-1,-1
475,5,670.8750610351562,601.0302124023438,74.07501220703125,223.7052001953125,-1,-1,-1,-1
476,5,669.1062622070312,603.0082397460938,74.7021484375,221.1624755859375,-1,-1,-1,-1
477,5,664.5872802734375,608.001220703125,77.68218994140625,215.6669921875,-1,-1,-1,-1
478,5,662.6072998046875,614.445068359375,80.15386962890625,208.0396728515625,-1,-1,-1,-1
479,5,659.6882934570312,616.0280151367188,83.631591796875,206.04571533203125,-1,-1,-1,-1
480,5,655.120361328125,612.9698486328125,84.74151611328125,211.0089111328125,-1,-1,-1,-1
481,5,648.46435546875,609.4290771484375,89.15679931640625,221.68658447265625,-1,-1,-1,-1
482,5,641.7200927734375,607.7029418945312,98.1334228515625,227.36962890625,-1,-1,-1,-1
483,5,638.1101684570312,609.2138061523438,105.32257080078125,228.02191162109375,-1,-1,-1,-1
484,5,633.9308471679688,610.9671630859375,110.92999267578125,224.35107421875,-1,-1,-1,-1
485,5,626.427001953125,611.8106689453125,117.55377197265625,224.28192138671875,-1,-1,-1,-1
486,5,619.1341552734375,609.78759765625,115.79852294921875,227.64776611328125,-1,-1,-1,-1
487,5,626.8095703125,606.3243408203125,95.9974365234375,231.7437744140625,-1,-1,-1,-1
488,5,628.0779418945312,601.7411499023438,86.33416748046875,238.55877685546875,-1,-1,-1,-1
489,5,628.2272338867188,598.8417358398438,85.62109375,241.13568115234375,-1,-1,-1,-1
490,5,628.4745483398438,598.4320068359375,86.0540771484375,240.79681396484375,-1,-1,-1,-1
491,5,626.6906127929688,602.1314697265625,88.3565673828125,240.42822265625,-1,-1,-1,-1
492,5,623.2628784179688,608.010986328125,94.0592041015625,235.44805908203125,-1,-1,-1,-1
493,5,613.4705200195312,615.00732421875,106.65850830078125,233.83892822265625,-1,-1,-1,-1
494,5,607.917236328125,619.40966796875,109.60101318359375,231.45166015625,-1,-1,-1,-1
495,5,601.7615966796875,619.512451171875,114.8603515625,232.5499267578125,-1,-1,-1,-1
496,5,601.1241455078125,616.87744140625,113.70947265625,234.70892333984375,-1,-1,-1,-1
497,5,600.8941040039062,615.2738647460938,111.38629150390625,235.56658935546875,-1,-1,-1,-1
498,5,601.7754516601562,615.8368530273438,108.392578125,234.01226806640625,-1,-1,-1,-1
499,5,602.813232421875,617.3218994140625,105.271484375,231.4454345703125,-1,-1,-1,-1
500,5,604.689453125,619.6437377929688,104.117431640625,228.57427978515625,-1,-1,-1,-1
501,5,604.4253540039062,621.4009399414062,107.28057861328125,225.13104248046875,-1,-1,-1,-1
502,5,605.5889892578125,619.9915161132812,102.7078857421875,228.0081787109375,-1,-1,-1,-1
503,5,605.517578125,615.5567626953125,102.64813232421875,233.99737548828125,-1,-1,-1,-1
504,5,607.6783447265625,609.84619140625,99.41607666015625,241.89794921875,-1,-1,-1,-1
505,5,610.66845703125,605.0526123046875,96.92626953125,248.42041015625,-1,-1,-1,-1
506,5,609.4899291992188,602.781005859375,98.36676025390625,254.71337890625,-1,-1,-1,-1
507,5,604.25732421875,604.8092041015625,104.25360107421875,253.78045654296875,-1,-1,-1,-1
508,5,595.5402221679688,608.5359497070312,112.7518310546875,250.27386474609375,-1,-1,-1,-1
509,5,589.651123046875,610.8779296875,119.026611328125,250.4912109375,-1,-1,-1,-1
510,5,585.6074829101562,611.0930786132812,121.74237060546875,251.08990478515625,-1,-1,-1,-1
511,5,584.338623046875,608.7109985351562,122.37774658203125,255.3330078125,-1,-1,-1,-1
512,5,584.286865234375,604.14599609375,119.98907470703125,259.68914794921875,-1,-1,-1,-1
513,5,582.1680908203125,600.2493286132812,116.2247314453125,267.04486083984375,-1,-1,-1,-1
514,5,581.9102172851562,600.0526733398438,113.69879150390625,273.50091552734375,-1,-1,-1,-1
515,5,578.9929809570312,602.4067993164062,115.47454833984375,278.60113525390625,-1,-1,-1,-1
516,5,569.3590087890625,607.7945556640625,112.86114501953125,277.2291259765625,-1,-1,-1,-1
517,5,556.142333984375,612.07373046875,122.5252685546875,273.784912109375,-1,-1,-1,-1
518,5,541.4647216796875,614.55712890625,117.31494140625,272.3851318359375,-1,-1,-1,-1
519,5,531.4382934570312,614.2882080078125,111.660888671875,274.9432373046875,-1,-1,-1,-1
520,5,526.6915893554688,611.9127197265625,102.452880859375,277.9129638671875,-1,-1,-1,-1
521,5,523.8831787109375,609.4808959960938,97.391357421875,284.0186767578125,-1,-1,-1,-1
522,5,519.3621826171875,607.7886352539062,95.22833251953125,289.1202392578125,-1,-1,-1,-1
523,5,512.2310791015625,608.377685546875,106.93145751953125,298.2041015625,-1,-1,-1,-1
524,5,503.7851867675781,610.6131591796875,119.79458618164062,304.86505126953125,-1,-1,-1,-1
525,5,495.65570068359375,615.3275146484375,116.2236328125,302.34478759765625,-1,-1,-1,-1
526,5,493.18267822265625,615.445556640625,124.38336181640625,302.9722900390625,-1,-1,-1,-1
527,5,492.4166259765625,612.4700317382812,130.224853515625,305.59619140625,-1,-1,-1,-1
528,5,495.6764831542969,607.2905883789062,123.62667846679688,315.08074951171875,-1,-1,-1,-1
529,5,508.0159912109375,601.5213623046875,112.39093017578125,327.4327392578125,-1,-1,-1,-1
530,5,514.3392333984375,600.3605346679688,100.23382568359375,334.36309814453125,-1,-1,-1,-1
531,5,517.1387939453125,603.6537475585938,98.209228515625,338.55615234375,-1,-1,-1,-1
532,5,517.4641723632812,611.4530639648438,107.3570556640625,342.54827880859375,-1,-1,-1,-1
533,5,516.1221923828125,616.16357421875,132.982666015625,349.32989501953125,-1,-1,-1,-1
534,5,516.3385009765625,624.2589111328125,154.8946533203125,353.81689453125,-1,-1,-1,-1
535,5,515.0755004882812,631.8621826171875,175.60662841796875,366.6727294921875,-1,-1,-1,-1
536,5,518.1906127929688,638.2820434570312,175.7608642578125,369.8096923828125,-1,-1,-1,-1
537,5,520.8662719726562,653.4012451171875,162.32635498046875,356.45361328125,-1,-1,-1,-1
538,5,523.1215209960938,661.3497314453125,161.65789794921875,348.8826904296875,-1,-1,-1,-1
539,5,524.1890869140625,659.6675415039062,169.4083251953125,351.60906982421875,-1,-1,-1,-1
540,5,526.2827758789062,644.99658203125,167.74853515625,366.301513671875,-1,-1,-1,-1
541,5,534.0275268554688,644.5870971679688,177.1126708984375,362.589599609375,-1,-1,-1,-1
542,5,537.4443969726562,642.42041015625,194.08892822265625,336.3272705078125,-1,-1,-1,-1
543,5,532.9774780273438,642.2408447265625,217.68682861328125,306.165283203125,-1,-1,-1,-1
544,5,522.3037719726562,645.0270385742188,205.88427734375,290.6165771484375,-1,-1,-1,-1
545,5,527.4605712890625,644.6704711914062,173.28643798828125,278.69610595703125,-1,-1,-1,-1
546,5,548.3837890625,639.8826293945312,186.90618896484375,271.7469482421875,-1,-1,-1,-1
547,5,573.7714233398438,630.2129516601562,189.21044921875,278.33349609375,-1,-1,-1,-1
548,5,580.5211181640625,626.790771484375,196.76898193359375,281.4205322265625,-1,-1,-1,-1
549,5,582.9408569335938,617.0430297851562,198.36627197265625,287.46795654296875,-1,-1,-1,-1
550,5,608.0654907226562,625.2799682617188,174.5089111328125,285.17431640625,-1,-1,-1,-1
551,5,635.0127563476562,627.9832153320312,153.558349609375,287.4283447265625,-1,-1,-1,-1
552,5,677.749755859375,625.4644165039062,124.23956298828125,295.9423828125,-1,-1,-1,-1
553,5,704.1707153320312,617.9652709960938,110.5457763671875,305.76611328125,-1,-1,-1,-1
554,5,733.2911376953125,606.7373657226562,94.59600830078125,316.8740234375,-1,-1,-1,-1
555,5,747.4940185546875,595.8782348632812,97.09100341796875,315.86932373046875,-1,-1,-1,-1
556,5,716.5855102539062,590.66455078125,148.59228515625,323.1722412109375,-1,-1,-1,-1
557,5,708.6404418945312,590.2156372070312,178.80670166015625,327.17559814453125,-1,-1,-1,-1
558,5,778.0602416992188,596.7052001953125,146.0841064453125,325.8536376953125,-1,-1,-1,-1
559,5,800.5186157226562,606.224853515625,122.5263671875,326.60272216796875,-1,-1,-1,-1
560,5,817.9662475585938,613.9810791015625,104.78485107421875,322.1873779296875,-1,-1,-1,-1
561,5,832.4707641601562,612.51953125,99.0989990234375,323.55194091796875,-1,-1,-1,-1
562,5,841.4275512695312,603.235595703125,101.38958740234375,333.0196533203125,-1,-1,-1,-1
563,5,850.1151123046875,597.0409545898438,112.41497802734375,334.322021484375,-1,-1,-1,-1
564,5,859.6465454101562,594.69873046875,117.60675048828125,344.9361572265625,-1,-1,-1,-1
565,5,866.0320434570312,597.03515625,124.26239013671875,355.0458984375,-1,-1,-1,-1
566,5,865.8616333007812,603.0991821289062,135.1282958984375,361.03533935546875,-1,-1,-1,-1
567,5,864.74755859375,611.9381103515625,142.50567626953125,372.8919677734375,-1,-1,-1,-1
568,5,866.331298828125,616.0833740234375,167.3809814453125,375.930419921875,-1,-1,-1,-1
569,5,892.11865234375,611.863525390625,172.93798828125,390.104248046875,-1,-1,-1,-1
570,5,914.9141845703125,604.49658203125,173.5655517578125,397.626220703125,-1,-1,-1,-1
571,5,927.2222900390625,600.2374267578125,174.017578125,397.516845703125,-1,-1,-1,-1
572,5,936.541748046875,599.595458984375,182.67724609375,399.6573486328125,-1,-1,-1,-1
573,5,947.1744995117188,603.9434814453125,191.27764892578125,402.09814453125,-1,-1,-1,-1
574,5,957.8115234375,611.37158203125,192.1282958984375,403.26171875,-1,-1,-1,-1
575,5,961.0281372070312,623.555419921875,203.42779541015625,398.6754150390625,-1,-1,-1,-1
576,5,958.5751953125,635.8978881835938,209.6529541015625,387.78350830078125,-1,-1,-1,-1
577,5,958.1975708007812,641.544189453125,210.35821533203125,384.06341552734375,-1,-1,-1,-1
578,5,957.8873901367188,637.3821411132812,211.41278076171875,386.534912109375,-1,-1,-1,-1
579,5,955.0900268554688,624.0621337890625,212.25323486328125,398.1063232421875,-1,-1,-1,-1
580,5,960.3204956054688,610.7911987304688,203.62310791015625,408.05792236328125,-1,-1,-1,-1
581,5,984.3778076171875,601.7706298828125,171.0311279296875,410.14990234375,-1,-1,-1,-1
582,5,996.59716796875,597.2477416992188,144.59228515625,410.42852783203125,-1,-1,-1,-1
583,5,1000.975830078125,597.8453369140625,126.17333984375,407.143798828125,-1,-1,-1,-1
584,5,998.68017578125,606.7855224609375,117.8302001953125,398.388916015625,-1,-1,-1,-1
585,5,995.074462890625,613.3215942382812,122.137451171875,392.66290283203125,-1,-1,-1,-1
586,5,989.1740112304688,616.02978515625,130.78839111328125,390.21630859375,-1,-1,-1,-1
587,5,981.434814453125,613.9002075195312,141.8297119140625,389.83880615234375,-1,-1,-1,-1
588,5,971.762451171875,608.913818359375,152.1055908203125,389.572265625,-1,-1,-1,-1
589,5,959.6048583984375,603.598388671875,164.0283203125,391.303955078125,-1,-1,-1,-1
590,5,924.0368041992188,602.8782348632812,203.69183349609375,391.59686279296875,-1,-1,-1,-1
591,5,895.7579956054688,608.0025634765625,233.91229248046875,387.83642578125,-1,-1,-1,-1
592,5,886.5772094726562,614.9207153320312,243.25177001953125,383.02239990234375,-1,-1,-1,-1
593,5,884.88671875,623.5401000976562,245.073974609375,376.40875244140625,-1,-1,-1,-1
594,5,883.6634521484375,626.863037109375,240.9083251953125,374.29351806640625,-1,-1,-1,-1
595,5,883.7446899414062,624.7493896484375,230.22576904296875,373.7623291015625,-1,-1,-1,-1
596,5,882.310546875,619.0887451171875,205.1812744140625,372.12530517578125,-1,-1,-1,-1
597,5,880.5760498046875,613.8539428710938,174.03173828125,362.694580078125,-1,-1,-1,-1
598,5,880.1807250976562,607.155029296875,144.52874755859375,361.17047119140625,-1,-1,-1,-1
599,5,875.3180541992188,603.3302001953125,113.9796142578125,348.12591552734375,-1,-1,-1,-1
600,5,864.6497192382812,600.2460327148438,106.2081298828125,348.828857421875,-1,-1,-1,-1
601,5,840.2131958007812,597.9225463867188,119.05462646484375,346.21209716796875,-1,-1,-1,-1
199,6,226.65435791015625,719.1154174804688,386.2740478515625,308.58770751953125,-1,-1,-1,-1
200,6,455.92559814453125,687.0835571289062,330.07720947265625,320.86956787109375,-1,-1,-1,-1
201,6,585.2402954101562,666.2108764648438,330.55523681640625,347.0286865234375,-1,-1,-1,-1
202,6,642.9382934570312,648.1469116210938,330.75299072265625,376.63043212890625,-1,-1,-1,-1
203,6,668.01318359375,633.2708740234375,315.25189208984375,409.4156494140625,-1,-1,-1,-1
204,6,681.6953125,620.9701538085938,297.673583984375,448.80804443359375,-1,-1,-1,-1
205,6,699.1842041015625,605.1890258789062,276.8709716796875,481.75225830078125,-1,-1,-1,-1
206,6,725.2933959960938,580.1834716796875,244.94854736328125,506.52099609375,-1,-1,-1,-1
207,6,718.683837890625,565.132080078125,246.8326416015625,523.191650390625,-1,-1,-1,-1
208,6,716.9365844726562,559.30322265625,249.9483642578125,537.00146484375,-1,-1,-1,-1
209,6,714.441650390625,556.328125,266.125732421875,563.597412109375,-1,-1,-1,-1
210,6,728.159423828125,550.72412109375,271.4224853515625,615.75439453125,-1,-1,-1,-1
211,6,747.8017578125,536.927001953125,271.1978759765625,684.281982421875,-1,-1,-1,-1
212,6,751.3464965820312,526.1207275390625,259.6575927734375,744.6112060546875,-1,-1,-1,-1
213,6,746.9867553710938,528.8562622070312,271.46563720703125,752.8147583007812,-1,-1,-1,-1
214,6,759.8052978515625,534.3411865234375,260.88592529296875,756.6309814453125,-1,-1,-1,-1
215,6,776.422119140625,520.172119140625,246.9029541015625,763.2021484375,-1,-1,-1,-1
216,6,785.4728393554688,491.7165832519531,237.42059326171875,783.640380859375,-1,-1,-1,-1
217,6,802.7041625976562,471.9985046386719,219.1533203125,802.745361328125,-1,-1,-1,-1
218,6,835.71533203125,465.6922607421875,200.4083251953125,822.8067626953125,-1,-1,-1,-1
219,6,862.380126953125,473.74114990234375,196.9708251953125,847.5762329101562,-1,-1,-1,-1
220,6,873.0138549804688,495.1574401855469,206.56317138671875,845.840087890625,-1,-1,-1,-1
221,6,875.2278442382812,522.0845336914062,224.66094970703125,829.0164184570312,-1,-1,-1,-1
222,6,868.9974365234375,539.4822998046875,238.329833984375,814.21240234375,-1,-1,-1,-1
223,6,871.065185546875,541.5245971679688,241.6572265625,815.1780395507812,-1,-1,-1,-1
224,6,879.94482421875,535.689208984375,231.114501953125,822.810546875,-1,-1,-1,-1
225,6,870.2376098632812,531.0472412109375,237.29534912109375,829.8221435546875,-1,-1,-1,-1
226,6,865.2411499023438,529.2501220703125,242.33514404296875,828.4219970703125,-1,-1,-1,-1
227,6,854.4276733398438,532.1092529296875,236.31622314453125,821.587890625,-1,-1,-1,-1
228,6,833.60595703125,540.452880859375,237.5985107421875,810.8575439453125,-1,-1,-1,-1
229,6,808.146484375,552.7926635742188,249.20361328125,796.7078247070312,-1,-1,-1,-1
230,6,804.7799072265625,565.376220703125,249.4986572265625,781.9283447265625,-1,-1,-1,-1
231,6,801.4802856445312,573.2318115234375,248.24212646484375,772.8316650390625,-1,-1,-1,-1
232,6,800.5206909179688,579.4253540039062,249.67974853515625,767.0729370117188,-1,-1,-1,-1
233,6,801.208984375,582.6447143554688,255.057373046875,762.3029174804688,-1,-1,-1,-1
234,6,807.8388061523438,581.5254516601562,252.51519775390625,755.8550415039062,-1,-1,-1,-1
235,6,812.8226928710938,579.1647338867188,244.53863525390625,741.0017700195312,-1,-1,-1,-1
236,6,813.2545776367188,572.5527954101562,230.28778076171875,707.4785766601562,-1,-1,-1,-1
237,6,813.8682861328125,564.1603393554688,207.3443603515625,675.3442993164062,-1,-1,-1,-1
238,6,815.0013427734375,555.0274047851562,183.8924560546875,651.0479125976562,-1,-1,-1,-1
239,6,819.8294677734375,547.9449462890625,155.43267822265625,628.471435546875,-1,-1,-1,-1
240,6,818.2633666992188,543.7852172851562,153.842041015625,605.1537475585938,-1,-1,-1,-1
241,6,812.5715942382812,542.0780029296875,154.303955078125,594.211181640625,-1,-1,-1,-1
242,6,797.9249267578125,545.0223999023438,161.5947265625,589.2107543945312,-1,-1,-1,-1
243,6,772.5687866210938,553.679443359375,180.06439208984375,580.3231201171875,-1,-1,-1,-1
244,6,760.2069702148438,559.9109497070312,186.982666015625,575.3742065429688,-1,-1,-1,-1
245,6,764.1240234375,561.0257568359375,179.01416015625,572.9454345703125,-1,-1,-1,-1
246,6,761.31494140625,557.371337890625,182.218017578125,573.7879638671875,-1,-1,-1,-1
247,6,758.9361572265625,554.0875244140625,183.0177001953125,570.5806884765625,-1,-1,-1,-1
248,6,753.4033813476562,553.3797607421875,188.18212890625,567.0931396484375,-1,-1,-1,-1
249,6,742.0296020507812,557.1856689453125,199.42279052734375,560.773681640625,-1,-1,-1,-1
250,6,743.0796508789062,567.4577026367188,199.76904296875,547.6151733398438,-1,-1,-1,-1
251,6,739.58544921875,579.4600830078125,201.64898681640625,535.529541015625,-1,-1,-1,-1
252,6,744.2435302734375,588.7606201171875,198.1190185546875,523.9852294921875,-1,-1,-1,-1
253,6,748.337646484375,589.6470336914062,195.871337890625,521.9525756835938,-1,-1,-1,-1
254,6,756.0162353515625,582.8805541992188,193.97247314453125,527.4752807617188,-1,-1,-1,-1
255,6,762.9863891601562,571.5264892578125,192.133056640625,535.04345703125,-1,-1,-1,-1
256,6,771.43603515625,559.6683349609375,188.61553955078125,544.8179931640625,-1,-1,-1,-1
257,6,775.9829711914062,555.6357421875,187.6290283203125,537.830078125,-1,-1,-1,-1
258,6,780.9432373046875,558.0100708007812,187.76617431640625,535.4060668945312,-1,-1,-1,-1
259,6,787.3010864257812,567.487548828125,187.4937744140625,529.0523681640625,-1,-1,-1,-1
260,6,794.5193481445312,579.67041015625,187.56475830078125,521.1201171875,-1,-1,-1,-1
261,6,799.3506469726562,586.0643920898438,188.81304931640625,516.4502563476562,-1,-1,-1,-1
262,6,804.5733032226562,583.6531372070312,191.2943115234375,517.4465942382812,-1,-1,-1,-1
263,6,812.677490234375,573.0047607421875,186.982177734375,526.31396484375,-1,-1,-1,-1
264,6,816.0222778320312,565.9304809570312,186.9727783203125,536.3778686523438,-1,-1,-1,-1
265,6,823.7667236328125,556.8381958007812,187.98590087890625,545.1442260742188,-1,-1,-1,-1
266,6,822.7296752929688,548.0198974609375,209.62237548828125,553.2772216796875,-1,-1,-1,-1
267,6,828.524169921875,546.525634765625,230.4827880859375,552.2716064453125,-1,-1,-1,-1
268,6,838.14697265625,557.7998046875,242.6201171875,545.8848876953125,-1,-1,-1,-1
269,6,848.4364013671875,573.551513671875,251.2056884765625,541.9222412109375,-1,-1,-1,-1
270,6,863.5117797851562,570.53076171875,251.79217529296875,546.6744384765625,-1,-1,-1,-1
271,6,878.787353515625,544.0191040039062,251.042724609375,555.2044067382812,-1,-1,-1,-1
272,6,884.0310668945312,517.3359375,245.65313720703125,562.1158447265625,-1,-1,-1,-1
273,6,884.4341430664062,502.6783752441406,248.05718994140625,562.4752197265625,-1,-1,-1,-1
274,6,887.8508911132812,506.9893798828125,252.55255126953125,552.0518798828125,-1,-1,-1,-1
275,6,888.168212890625,526.7572631835938,253.1588134765625,538.1889038085938,-1,-1,-1,-1
276,6,882.940673828125,551.5241088867188,253.8868408203125,522.6149291992188,-1,-1,-1,-1
277,6,873.7799072265625,568.7235107421875,252.127197265625,511.3818359375,-1,-1,-1,-1
278,6,868.4981079101562,573.8740844726562,245.63421630859375,511.58197021484375,-1,-1,-1,-1
279,6,856.7609252929688,574.048095703125,244.86431884765625,514.5479736328125,-1,-1,-1,-1
280,6,846.273193359375,570.189453125,240.433349609375,516.56640625,-1,-1,-1,-1
281,6,847.9046020507812,567.8471069335938,221.46124267578125,501.10443115234375,-1,-1,-1,-1
282,6,850.009521484375,570.822998046875,188.6700439453125,494.05029296875,-1,-1,-1,-1
283,6,845.6272583007812,578.5363159179688,182.82025146484375,485.69488525390625,-1,-1,-1,-1
284,6,837.8916015625,582.8848266601562,182.9422607421875,481.32537841796875,-1,-1,-1,-1
285,6,830.992431640625,586.299072265625,181.2301025390625,478.8416748046875,-1,-1,-1,-1
286,6,826.802734375,584.6768188476562,179.70989990234375,475.68145751953125,-1,-1,-1,-1
287,6,818.6726684570312,582.4573974609375,183.93255615234375,473.132568359375,-1,-1,-1,-1
288,6,792.7398681640625,583.3631591796875,204.718505859375,472.7821044921875,-1,-1,-1,-1
289,6,775.7127075195312,588.0316772460938,221.06732177734375,468.25274658203125,-1,-1,-1,-1
290,6,770.1305541992188,595.804443359375,225.498291015625,462.021728515625,-1,-1,-1,-1
291,6,761.034423828125,602.611572265625,232.29425048828125,455.2406005859375,-1,-1,-1,-1
292,6,758.291015625,607.42822265625,228.55609130859375,447.775390625,-1,-1,-1,-1
293,6,753.26416015625,608.107177734375,227.2890625,444.03955078125,-1,-1,-1,-1
294,6,750.3362426757812,606.5970458984375,219.45196533203125,442.7425537109375,-1,-1,-1,-1
295,6,748.788818359375,604.830078125,201.45513916015625,429.10107421875,-1,-1,-1,-1
296,6,749.0775146484375,604.5498657226562,174.8045654296875,416.4066162109375,-1,-1,-1,-1
297,6,746.9502563476562,606.115966796875,152.3636474609375,407.84796142578125,-1,-1,-1,-1
298,6,744.1141357421875,607.0615234375,141.29766845703125,403.58648681640625,-1,-1,-1,-1
299,6,738.345947265625,610.2276611328125,140.092529296875,394.4219970703125,-1,-1,-1,-1
300,6,732.1622924804688,610.5211181640625,137.67657470703125,396.9888916015625,-1,-1,-1,-1
301,6,730.4124145507812,609.3901977539062,132.98541259765625,409.45623779296875,-1,-1,-1,-1
302,6,730.7566528320312,606.5274658203125,123.28485107421875,423.331787109375,-1,-1,-1,-1
303,6,732.45166015625,601.9304809570312,116.196533203125,437.60540771484375,-1,-1,-1,-1
304,6,732.3362426757812,599.2753295898438,113.33929443359375,447.02838134765625,-1,-1,-1,-1
305,6,731.536865234375,596.9008178710938,112.43865966796875,453.01263427734375,-1,-1,-1,-1
306,6,729.0287475585938,592.7222900390625,113.87152099609375,458.2548828125,-1,-1,-1,-1
307,6,726.6517944335938,586.5659790039062,116.19500732421875,464.99505615234375,-1,-1,-1,-1
308,6,721.7147827148438,580.7463989257812,121.9947509765625,469.26202392578125,-1,-1,-1,-1
309,6,719.781494140625,575.26611328125,125.232421875,474.3291015625,-1,-1,-1,-1
310,6,716.19580078125,571.9344482421875,131.01116943359375,477.423095703125,-1,-1,-1,-1
311,6,712.951171875,572.7813720703125,135.9013671875,478.5528564453125,-1,-1,-1,-1
312,6,705.443603515625,575.3023681640625,144.314697265625,478.2987060546875,-1,-1,-1,-1
313,6,695.2473754882812,578.0980834960938,153.88848876953125,476.92657470703125,-1,-1,-1,-1
314,6,690.4391479492188,579.0340576171875,157.53765869140625,476.91064453125,-1,-1,-1,-1
315,6,701.2706909179688,577.4503784179688,144.01226806640625,477.19122314453125,-1,-1,-1,-1
316,6,703.5598754882812,576.3790283203125,139.06817626953125,474.3150634765625,-1,-1,-1,-1
317,6,701.4913940429688,581.3155517578125,138.166015625,467.5457763671875,-1,-1,-1,-1
318,6,697.7293701171875,592.0948486328125,139.46270751953125,459.517822265625,-1,-1,-1,-1
319,6,694.8585205078125,606.4887084960938,140.5924072265625,455.35125732421875,-1,-1,-1,-1
320,6,692.4404296875,617.9561157226562,146.76263427734375,470.83673095703125,-1,-1,-1,-1
321,6,694.1041870117188,623.1886596679688,141.2689208984375,478.34173583984375,-1,-1,-1,-1
322,6,696.9545288085938,625.038330078125,142.89874267578125,481.9334716796875,-1,-1,-1,-1
323,6,699.2222290039062,622.2931518554688,146.267333984375,488.52069091796875,-1,-1,-1,-1
324,6,701.95654296875,616.14111328125,147.61907958984375,498.605224609375,-1,-1,-1,-1
325,6,697.69189453125,608.3245849609375,153.2132568359375,510.0394287109375,-1,-1,-1,-1
326,6,692.3091430664062,599.3045043945312,158.3238525390625,521.3016967773438,-1,-1,-1,-1
327,6,695.0856323242188,591.4979858398438,152.623291015625,529.5396118164062,-1,-1,-1,-1
328,6,693.552001953125,587.264404296875,151.55328369140625,535.12060546875,-1,-1,-1,-1
329,6,694.5247802734375,586.1572875976562,147.64007568359375,538.0973510742188,-1,-1,-1,-1
330,6,693.06591796875,589.6668090820312,147.88348388671875,538.2357788085938,-1,-1,-1,-1
331,6,691.8372192382812,596.7530517578125,150.9949951171875,537.9102783203125,-1,-1,-1,-1
332,6,691.7662353515625,606.5076293945312,157.0009765625,533.9268188476562,-1,-1,-1,-1
333,6,690.7329711914062,615.3743896484375,160.44342041015625,531.4217529296875,-1,-1,-1,-1
334,6,687.8458862304688,621.0757446289062,157.90631103515625,534.9765014648438,-1,-1,-1,-1
335,6,686.0166015625,626.8213500976562,155.711669921875,537.9961547851562,-1,-1,-1,-1
336,6,686.2314453125,630.66650390625,148.8233642578125,547.31201171875,-1,-1,-1,-1
337,6,685.862060546875,632.156982421875,145.25982666015625,563.626708984375,-1,-1,-1,-1
338,6,684.6387939453125,631.9375,145.24554443359375,572.2662353515625,-1,-1,-1,-1
339,6,682.6737670898438,629.4010009765625,146.96746826171875,580.5753173828125,-1,-1,-1,-1
340,6,683.0093383789062,625.8209228515625,147.80755615234375,587.287841796875,-1,-1,-1,-1
341,6,681.4574584960938,620.984619140625,152.28076171875,597.505126953125,-1,-1,-1,-1
342,6,681.67041015625,614.1962890625,156.211669921875,608.3824462890625,-1,-1,-1,-1
343,6,682.2981567382812,606.7547607421875,160.1934814453125,619.7119140625,-1,-1,-1,-1
344,6,682.65673828125,598.7369384765625,164.06793212890625,626.363525390625,-1,-1,-1,-1
345,6,685.240234375,590.2622680664062,164.94775390625,631.1001586914062,-1,-1,-1,-1
346,6,689.232666015625,584.3108520507812,163.253173828125,635.2592163085938,-1,-1,-1,-1
347,6,689.9677124023438,582.8866577148438,158.836181640625,634.7031860351562,-1,-1,-1,-1
348,6,690.870361328125,583.9998168945312,154.7890625,633.0512084960938,-1,-1,-1,-1
349,6,691.2835083007812,590.8243408203125,152.7845458984375,630.2099609375,-1,-1,-1,-1
350,6,691.3390502929688,599.337890625,152.33709716796875,629.947265625,-1,-1,-1,-1
351,6,689.7648315429688,608.281982421875,154.906494140625,631.1328125,-1,-1,-1,-1
352,6,687.9832153320312,616.835205078125,157.15521240234375,634.0382080078125,-1,-1,-1,-1
353,6,687.7055053710938,626.0120849609375,158.45111083984375,641.836669921875,-1,-1,-1,-1
354,6,684.3115234375,632.380615234375,166.2066650390625,654.8563232421875,-1,-1,-1,-1
355,6,680.8151245117188,633.4207763671875,173.73089599609375,668.04541015625,-1,-1,-1,-1
356,6,679.2776489257812,631.5814208984375,182.69049072265625,682.236328125,-1,-1,-1,-1
357,6,679.1099243164062,628.0857543945312,183.8077392578125,693.8609008789062,-1,-1,-1,-1
358,6,678.1204223632812,625.2092895507812,183.893798828125,697.4031372070312,-1,-1,-1,-1
359,6,675.330078125,622.14990234375,184.876220703125,702.983642578125,-1,-1,-1,-1
360,6,676.5635986328125,621.0458374023438,187.5380859375,704.0830688476562,-1,-1,-1,-1
361,6,682.79541015625,616.9896240234375,190.32598876953125,709.6461181640625,-1,-1,-1,-1
362,6,693.32373046875,612.1842651367188,194.9453125,714.0149536132812,-1,-1,-1,-1
363,6,707.9945678710938,604.457763671875,198.06390380859375,717.390625,-1,-1,-1,-1
364,6,723.919677734375,588.0022583007812,195.82666015625,717.9784545898438,-1,-1,-1,-1
365,6,730.5767211914062,567.5509643554688,190.2222900390625,710.7241821289062,-1,-1,-1,-1
366,6,721.68310546875,565.2244262695312,194.4814453125,687.5780639648438,-1,-1,-1,-1
367,6,712.549072265625,587.228515625,204.1710205078125,655.82080078125,-1,-1,-1,-1
368,6,703.49853515625,607.7999267578125,223.09136962890625,635.730224609375,-1,-1,-1,-1
369,6,702.5502319335938,629.6996459960938,225.9654541015625,635.6939086914062,-1,-1,-1,-1
370,6,710.1211547851562,633.1558837890625,216.69573974609375,667.1978759765625,-1,-1,-1,-1
371,6,728.5724487304688,632.0291748046875,208.44879150390625,707.757080078125,-1,-1,-1,-1
372,6,734.7958984375,623.9681396484375,214.87445068359375,744.8936767578125,-1,-1,-1,-1
373,6,739.6323852539062,611.97900390625,220.1231689453125,759.5810546875,-1,-1,-1,-1
374,6,748.529541015625,603.9222412109375,218.5650634765625,766.8841552734375,-1,-1,-1,-1
375,6,749.6490478515625,595.6820678710938,220.263671875,768.6331176757812,-1,-1,-1,-1
376,6,751.6271362304688,587.1513671875,223.921875,769.90625,-1,-1,-1,-1
377,6,752.6680908203125,586.4846801757812,235.3643798828125,772.9885864257812,-1,-1,-1,-1
378,6,755.8604125976562,581.7180786132812,244.67730712890625,779.7630004882812,-1,-1,-1,-1
379,6,761.055419921875,575.3561401367188,242.37091064453125,786.6251831054688,-1,-1,-1,-1
380,6,769.3175659179688,569.303955078125,237.44915771484375,788.30810546875,-1,-1,-1,-1
381,6,768.9548950195312,568.6387939453125,237.5958251953125,797.208984375,-1,-1,-1,-1
382,6,754.6239013671875,579.1832275390625,257.715087890625,807.549072265625,-1,-1,-1,-1
383,6,750.4879760742188,598.8595581054688,256.89520263671875,806.6382446289062,-1,-1,-1,-1
384,6,745.3577270507812,620.6447143554688,256.66571044921875,787.4365844726562,-1,-1,-1,-1
385,6,742.7798461914062,628.318603515625,265.60137939453125,781.595947265625,-1,-1,-1,-1
386,6,743.111572265625,612.564453125,274.7344970703125,794.86083984375,-1,-1,-1,-1
387,6,745.417236328125,587.423583984375,276.27142333984375,817.0615234375,-1,-1,-1,-1
388,6,757.5648193359375,564.9735107421875,278.7860107421875,823.2615966796875,-1,-1,-1,-1
389,6,761.818603515625,550.35205078125,278.360107421875,814.5810546875,-1,-1,-1,-1
390,6,782.43798828125,533.95263671875,271.081298828125,807.2760009765625,-1,-1,-1,-1
391,6,810.396240234375,498.9494934082031,249.5130615234375,803.2113037109375,-1,-1,-1,-1
392,6,813.7371215820312,454.79315185546875,260.37652587890625,797.9887084960938,-1,-1,-1,-1
393,6,816.3528442382812,410.49945068359375,272.09417724609375,802.6771850585938,-1,-1,-1,-1
394,6,827.5913696289062,357.7252197265625,277.60845947265625,812.185546875,-1,-1,-1,-1
395,6,834.721923828125,307.5703125,288.4053955078125,825.4393310546875,-1,-1,-1,-1
396,6,823.392578125,270.35687255859375,314.3201904296875,830.8630981445312,-1,-1,-1,-1
397,6,805.441650390625,247.34051513671875,342.782958984375,830.9522094726562,-1,-1,-1,-1
398,6,801.8222045898438,247.22348022460938,356.55499267578125,822.72265625,-1,-1,-1,-1
399,6,801.9716796875,264.0700988769531,335.3265380859375,805.17626953125,-1,-1,-1,-1
400,6,799.6041259765625,290.6460876464844,295.4720458984375,781.39794921875,-1,-1,-1,-1
401,6,795.3148803710938,323.6496887207031,269.20465087890625,756.493896484375,-1,-1,-1,-1
402,6,773.7761840820312,371.2828369140625,256.65850830078125,730.1221923828125,-1,-1,-1,-1
403,6,734.5302734375,428.7765197753906,279.359619140625,714.197021484375,-1,-1,-1,-1
404,6,705.6358032226562,481.50115966796875,294.737548828125,696.1795043945312,-1,-1,-1,-1
405,6,706.56884765625,523.7457885742188,283.38812255859375,668.5822143554688,-1,-1,-1,-1
406,6,720.2876586914062,562.0565795898438,264.92279052734375,631.0591430664062,-1,-1,-1,-1
407,6,717.5748901367188,595.662841796875,264.33587646484375,586.1749267578125,-1,-1,-1,-1
408,6,714.8960571289062,629.4475708007812,259.87310791015625,547.8822631835938,-1,-1,-1,-1
409,6,712.3079833984375,642.8416748046875,260.009033203125,520.9151611328125,-1,-1,-1,-1
410,6,701.5460205078125,646.1754150390625,273.73175048828125,512.448974609375,-1,-1,-1,-1
411,6,700.9891967773438,640.528076171875,274.2529296875,520.8045654296875,-1,-1,-1,-1
412,6,713.668701171875,632.4924926757812,255.73468017578125,531.6342163085938,-1,-1,-1,-1
413,6,715.9287719726562,621.3850708007812,250.87567138671875,544.8543090820312,-1,-1,-1,-1
414,6,721.9574584960938,613.87109375,249.0120849609375,552.4622802734375,-1,-1,-1,-1
415,6,728.5914306640625,607.344970703125,239.007080078125,571.146240234375,-1,-1,-1,-1
416,6,731.3114013671875,599.4815673828125,243.12689208984375,589.03076171875,-1,-1,-1,-1
417,6,731.2615966796875,598.4896850585938,250.801513671875,602.9514770507812,-1,-1,-1,-1
418,6,733.759521484375,599.50830078125,259.561279296875,615.0240478515625,-1,-1,-1,-1
419,6,740.9972534179688,600.9132080078125,264.2735595703125,623.5718994140625,-1,-1,-1,-1
420,6,747.0556640625,604.1512451171875,268.4984130859375,634.1331787109375,-1,-1,-1,-1
421,6,758.2987670898438,604.2709350585938,264.9833984375,643.1454467773438,-1,-1,-1,-1
422,6,755.9832763671875,601.593017578125,269.302734375,648.98291015625,-1,-1,-1,-1
423,6,755.8085327148438,595.362548828125,267.5499267578125,655.693359375,-1,-1,-1,-1
424,6,752.1483154296875,589.4134521484375,270.530029296875,662.4312744140625,-1,-1,-1,-1
425,6,750.4003295898438,582.9051513671875,271.54583740234375,668.2862548828125,-1,-1,-1,-1
426,6,748.2684326171875,578.9542846679688,271.4990234375,670.5661010742188,-1,-1,-1,-1
427,6,750.3534545898438,577.1251831054688,269.29095458984375,672.0641479492188,-1,-1,-1,-1
428,6,749.5957641601562,576.5783081054688,269.1483154296875,672.4795532226562,-1,-1,-1,-1
429,6,752.244384765625,577.44482421875,266.99334716796875,672.033935546875,-1,-1,-1,-1
430,6,751.57568359375,578.8822631835938,267.564208984375,670.7192993164062,-1,-1,-1,-1
431,6,755.763916015625,579.80615234375,263.2261962890625,670.655517578125,-1,-1,-1,-1
432,6,755.802490234375,580.94677734375,265.13311767578125,670.6995849609375,-1,-1,-1,-1
433,6,755.27587890625,582.7327270507812,267.92620849609375,672.5339965820312,-1,-1,-1,-1
434,6,756.5950927734375,584.0661010742188,267.55224609375,676.2586059570312,-1,-1,-1,-1
435,6,757.6682739257812,588.50732421875,268.50567626953125,674.9427490234375,-1,-1,-1,-1
436,6,759.4158325195312,591.81982421875,267.34490966796875,673.12109375,-1,-1,-1,-1
437,6,759.7702026367188,595.0576171875,269.74871826171875,673.272705078125,-1,-1,-1,-1
438,6,760.4429321289062,597.8800659179688,270.04083251953125,672.5010375976562,-1,-1,-1,-1
439,6,761.5535278320312,601.604736328125,271.21466064453125,671.5343017578125,-1,-1,-1,-1
440,6,768.35546875,605.205810546875,266.79296875,670.603271484375,-1,-1,-1,-1
441,6,773.7945556640625,610.1041870117188,264.8900146484375,668.1663208007812,-1,-1,-1,-1
442,6,775.48291015625,616.3838500976562,265.8065185546875,665.0147094726562,-1,-1,-1,-1
443,6,776.145263671875,624.5792236328125,267.6666259765625,661.95751953125,-1,-1,-1,-1
444,6,779.2179565429688,630.6605224609375,266.85516357421875,657.7701416015625,-1,-1,-1,-1
445,6,778.7679443359375,635.4442138671875,268.965087890625,653.5047607421875,-1,-1,-1,-1
446,6,778.6444091796875,634.9583129882812,267.474609375,650.2581176757812,-1,-1,-1,-1
447,6,777.0816040039062,632.4825439453125,263.98284912109375,648.0645751953125,-1,-1,-1,-1
448,6,775.0775756835938,628.5652465820312,259.03033447265625,647.3385620117188,-1,-1,-1,-1
449,6,774.8612060546875,624.172607421875,252.5963134765625,649.220947265625,-1,-1,-1,-1
450,6,775.7415161132812,619.7620239257812,246.013671875,639.2907104492188,-1,-1,-1,-1
451,6,775.9395751953125,613.3697509765625,232.42431640625,623.4981689453125,-1,-1,-1,-1
452,6,776.6403198242188,606.39404296875,212.6363525390625,602.26123046875,-1,-1,-1,-1
453,6,776.7113037109375,596.7785034179688,187.66900634765625,579.9404907226562,-1,-1,-1,-1
454,6,775.0117797851562,587.5596923828125,166.97869873046875,563.5911865234375,-1,-1,-1,-1
455,6,782.934814453125,583.1727905273438,154.0416259765625,551.2052612304688,-1,-1,-1,-1
456,6,781.0344848632812,580.624267578125,151.81158447265625,540.8004150390625,-1,-1,-1,-1
457,6,783.6270751953125,577.5848388671875,146.338623046875,540.200927734375,-1,-1,-1,-1
458,6,783.5623168945312,574.815673828125,143.50421142578125,544.647705078125,-1,-1,-1,-1
459,6,782.3135375976562,572.0552978515625,140.56097412109375,548.60693359375,-1,-1,-1,-1
460,6,778.8040161132812,570.5459594726562,154.8902587890625,550.1786499023438,-1,-1,-1,-1
461,6,778.57666015625,571.8622436523438,154.8428955078125,550.3906860351562,-1,-1,-1,-1
462,6,780.801513671875,573.6543579101562,162.04534912109375,548.8486938476562,-1,-1,-1,-1
463,6,780.8177490234375,575.4085083007812,165.54364013671875,549.3323364257812,-1,-1,-1,-1
464,6,783.9992065429688,575.9223022460938,164.05047607421875,549.5980834960938,-1,-1,-1,-1
465,6,782.8493041992188,575.2542114257812,162.59979248046875,549.4248657226562,-1,-1,-1,-1
466,6,778.431396484375,574.735107421875,168.0771484375,548.6451416015625,-1,-1,-1,-1
467,6,772.6466674804688,576.2462158203125,157.76458740234375,546.4852294921875,-1,-1,-1,-1
468,6,761.44677734375,579.316650390625,159.77972412109375,546.8055419921875,-1,-1,-1,-1
469,6,770.26708984375,580.79541015625,146.69293212890625,546.0374755859375,-1,-1,-1,-1
470,6,769.9396362304688,583.259033203125,142.87744140625,543.300048828125,-1,-1,-1,-1
471,6,765.2245483398438,585.2125854492188,137.98992919921875,542.7581176757812,-1,-1,-1,-1
472,6,762.983154296875,584.7098388671875,135.99639892578125,541.8831787109375,-1,-1,-1,-1
473,6,760.0748291015625,585.3172607421875,130.0753173828125,538.556640625,-1,-1,-1,-1
474,6,758.4094848632812,585.71533203125,131.72955322265625,534.702392578125,-1,-1,-1,-1
475,6,754.8777465820312,587.2728271484375,131.8555908203125,529.3345947265625,-1,-1,-1,-1
476,6,748.219482421875,588.5242309570312,134.9093017578125,522.3710327148438,-1,-1,-1,-1
477,6,744.5109252929688,590.507080078125,134.15985107421875,511.5009765625,-1,-1,-1,-1
478,6,741.3433227539062,591.8829345703125,134.36712646484375,498.94287109375,-1,-1,-1,-1
479,6,739.3367919921875,593.5584716796875,135.60150146484375,489.56494140625,-1,-1,-1,-1
480,6,738.8787841796875,596.2346801757812,134.60760498046875,483.98944091796875,-1,-1,-1,-1
481,6,738.6593627929688,597.1424560546875,134.82989501953125,480.6805419921875,-1,-1,-1,-1
482,6,737.1459350585938,597.6409912109375,137.66021728515625,479.751953125,-1,-1,-1,-1
483,6,734.43701171875,598.8814697265625,141.13873291015625,477.269287109375,-1,-1,-1,-1
484,6,721.1867065429688,599.5817260742188,156.00018310546875,478.35382080078125,-1,-1,-1,-1
485,6,716.7579956054688,601.390869140625,163.94854736328125,479.0704345703125,-1,-1,-1,-1
486,6,717.4027709960938,602.21826171875,161.78619384765625,482.900390625,-1,-1,-1,-1
487,6,720.8201904296875,603.1918334960938,157.25823974609375,484.54217529296875,-1,-1,-1,-1
488,6,724.9786376953125,604.1431884765625,156.0286865234375,486.61279296875,-1,-1,-1,-1
489,6,731.3485717773438,602.48583984375,155.0679931640625,486.6005859375,-1,-1,-1,-1
490,6,736.2535400390625,599.3709716796875,151.21337890625,488.425537109375,-1,-1,-1,-1
491,6,737.569580078125,597.302490234375,155.2430419921875,491.481201171875,-1,-1,-1,-1
492,6,743.965087890625,595.21630859375,154.73211669921875,493.911865234375,-1,-1,-1,-1
493,6,749.6087646484375,593.5513916015625,155.0361328125,497.2451171875,-1,-1,-1,-1
494,6,751.9164428710938,593.6879272460938,158.88946533203125,500.69976806640625,-1,-1,-1,-1
495,6,756.173095703125,594.4661865234375,160.040283203125,503.1336669921875,-1,-1,-1,-1
496,6,760.761962890625,595.6483154296875,162.31304931640625,504.1778564453125,-1,-1,-1,-1
497,6,764.1265258789062,596.6358032226562,170.3636474609375,504.05767822265625,-1,-1,-1,-1
498,6,765.7144775390625,598.1167602539062,172.5106201171875,503.14739990234375,-1,-1,-1,-1
499,6,767.5276489257812,601.5406494140625,174.934814453125,499.2650146484375,-1,-1,-1,-1
500,6,770.9063720703125,606.485107421875,175.39520263671875,493.65185546875,-1,-1,-1,-1
501,6,773.9400634765625,611.3735961914062,180.59075927734375,489.18121337890625,-1,-1,-1,-1
502,6,775.56494140625,613.8641357421875,183.990966796875,487.5035400390625,-1,-1,-1,-1
503,6,777.1315307617188,612.7442626953125,193.98809814453125,486.8074951171875,-1,-1,-1,-1
504,6,783.6890258789062,609.6192016601562,193.50421142578125,481.99053955078125,-1,-1,-1,-1
505,6,810.646728515625,604.2783813476562,182.6839599609375,475.85821533203125,-1,-1,-1,-1
506,6,845.3106079101562,599.5658569335938,144.55938720703125,470.05291748046875,-1,-1,-1,-1
507,6,869.4736938476562,595.796630859375,133.1829833984375,455.8089599609375,-1,-1,-1,-1
508,6,863.36572265625,594.2880859375,159.845703125,437.4510498046875,-1,-1,-1,-1
509,6,871.154296875,595.0284423828125,153.37255859375,429.7156982421875,-1,-1,-1,-1
510,6,874.1082153320312,598.1483154296875,160.72076416015625,426.27947998046875,-1,-1,-1,-1
511,6,869.2601318359375,600.5836181640625,160.7489013671875,410.55859375,-1,-1,-1,-1
512,6,865.7207641601562,602.785400390625,171.42230224609375,405.78460693359375,-1,-1,-1,-1
513,6,864.8506469726562,604.8550415039062,170.16680908203125,398.9542236328125,-1,-1,-1,-1
514,6,870.15234375,605.4390869140625,160.7376708984375,387.09552001953125,-1,-1,-1,-1
515,6,875.8994140625,600.9341430664062,155.44775390625,379.50836181640625,-1,-1,-1,-1
516,6,885.016845703125,597.2300415039062,138.94610595703125,376.2967529296875,-1,-1,-1,-1
517,6,883.8125,595.0703735351562,125.25823974609375,375.72491455078125,-1,-1,-1,-1
518,6,873.9654541015625,594.1044311523438,121.1226806640625,373.31182861328125,-1,-1,-1,-1
519,6,864.6139526367188,596.0722045898438,117.95440673828125,369.72137451171875,-1,-1,-1,-1
520,6,848.3605346679688,598.045654296875,124.26458740234375,365.925537109375,-1,-1,-1,-1
521,6,854.6959228515625,600.3502197265625,113.6654052734375,363.0748291015625,-1,-1,-1,-1
522,6,850.9591064453125,602.5397338867188,119.1348876953125,360.05560302734375,-1,-1,-1,-1
523,6,837.666748046875,606.4899291992188,131.68072509765625,355.49468994140625,-1,-1,-1,-1
524,6,821.2237548828125,608.8781127929688,139.27545166015625,351.49603271484375,-1,-1,-1,-1
525,6,816.1849365234375,606.7744140625,133.5980224609375,344.8399658203125,-1,-1,-1,-1
526,6,798.7911987304688,603.4454345703125,132.05718994140625,336.008056640625,-1,-1,-1,-1
527,6,777.6239013671875,601.28466796875,139.264404296875,328.4498291015625,-1,-1,-1,-1
528,6,777.9224243164062,599.8029174804688,134.08160400390625,317.6160888671875,-1,-1,-1,-1
529,6,756.4541625976562,599.5955810546875,145.19927978515625,307.2142333984375,-1,-1,-1,-1
530,6,757.9124755859375,600.3477783203125,141.00628662109375,298.728271484375,-1,-1,-1,-1
531,6,759.4527587890625,601.908935546875,139.61700439453125,293.4248046875,-1,-1,-1,-1
532,6,752.13916015625,603.5613403320312,145.78839111328125,290.05078125,-1,-1,-1,-1
533,6,747.14794921875,603.7832641601562,146.6929931640625,288.35888671875,-1,-1,-1,-1
534,6,743.3505249023438,604.4205322265625,132.35931396484375,285.70037841796875,-1,-1,-1,-1
535,6,738.85595703125,603.5570068359375,118.71099853515625,284.9097900390625,-1,-1,-1,-1
536,6,737.2449951171875,601.3118896484375,107.82135009765625,287.34112548828125,-1,-1,-1,-1
537,6,737.685791015625,598.6594848632812,96.6756591796875,287.82244873046875,-1,-1,-1,-1
538,6,732.9168701171875,597.87451171875,97.19744873046875,287.5384521484375,-1,-1,-1,-1
539,6,728.1124267578125,598.8999633789062,97.47100830078125,286.82659912109375,-1,-1,-1,-1
540,6,720.0703125,599.0982055664062,103.51751708984375,284.90411376953125,-1,-1,-1,-1
541,6,714.1181640625,598.6083984375,106.04248046875,283.776123046875,-1,-1,-1,-1
542,6,699.2128295898438,597.9000244140625,119.66668701171875,280.304931640625,-1,-1,-1,-1
543,6,684.0874633789062,597.5132446289062,147.19427490234375,272.4398193359375,-1,-1,-1,-1
544,6,667.5654296875,597.0571899414062,155.3759765625,267.5247802734375,-1,-1,-1,-1
545,6,682.067138671875,595.7108764648438,121.68310546875,258.92449951171875,-1,-1,-1,-1
546,6,688.9351196289062,593.130615234375,104.83233642578125,254.92633056640625,-1,-1,-1,-1
547,6,681.2036743164062,592.7886352539062,98.64031982421875,251.2276611328125,-1,-1,-1,-1
548,6,679.2288818359375,594.67236328125,93.6314697265625,253.8809814453125,-1,-1,-1,-1
549,6,645.8218994140625,598.6537475585938,125.92767333984375,252.51007080078125,-1,-1,-1,-1
550,6,655.6973266601562,602.6505126953125,108.91558837890625,245.76397705078125,-1,-1,-1,-1
551,6,676.7078247070312,604.6182861328125,82.47650146484375,243.350830078125,-1,-1,-1,-1
552,6,684.9054565429688,606.5098876953125,74.650634765625,247.58282470703125,-1,-1,-1,-1
553,6,680.58837890625,605.3632202148438,75.2535400390625,221.73712158203125,-1,-1,-1,-1
554,6,685.2564697265625,604.5839233398438,72.98974609375,240.9085693359375,-1,-1,-1,-1
555,6,681.8157348632812,600.6673583984375,68.154296875,238.062744140625,-1,-1,-1,-1
556,6,677.1614990234375,596.8086547851562,84.4088134765625,233.39794921875,-1,-1,-1,-1
557,6,669.6392822265625,595.9910278320312,86.92706298828125,227.55780029296875,-1,-1,-1,-1
558,6,662.3405151367188,598.3128051757812,94.8526611328125,221.233642578125,-1,-1,-1,-1
559,6,646.0332641601562,603.0996704101562,95.0887451171875,217.76043701171875,-1,-1,-1,-1
560,6,637.9461669921875,606.1942749023438,99.51885986328125,216.359375,-1,-1,-1,-1
561,6,634.60009765625,609.7540893554688,99.82037353515625,213.10882568359375,-1,-1,-1,-1
562,6,634.815185546875,611.60986328125,102.2386474609375,209.1859130859375,-1,-1,-1,-1
563,6,634.453369140625,612.5634155273438,100.45166015625,207.3275146484375,-1,-1,-1,-1
564,6,634.8043823242188,612.5142822265625,90.76849365234375,206.8968505859375,-1,-1,-1,-1
565,6,634.0244140625,611.585205078125,72.15435791015625,208.53515625,-1,-1,-1,-1
566,6,635.54541015625,610.9065551757812,58.25323486328125,208.20806884765625,-1,-1,-1,-1
567,6,632.6064453125,611.6931762695312,57.824951171875,207.7060546875,-1,-1,-1,-1
568,6,624.55712890625,614.6253662109375,65.42938232421875,204.37310791015625,-1,-1,-1,-1
569,6,612.771240234375,617.5974731445312,72.64788818359375,199.09783935546875,-1,-1,-1,-1
570,6,610.7326049804688,623.9431762695312,81.78350830078125,192.15557861328125,-1,-1,-1,-1
571,6,605.7952270507812,627.7544555664062,77.20135498046875,189.22076416015625,-1,-1,-1,-1
572,6,602.5237426757812,626.000244140625,72.0440673828125,191.2869873046875,-1,-1,-1,-1
573,6,603.1317138671875,619.8617553710938,70.7657470703125,195.397216796875,-1,-1,-1,-1
574,6,603.5704345703125,612.77099609375,68.1519775390625,201.370361328125,-1,-1,-1,-1
575,6,603.6834106445312,609.22216796875,66.4981689453125,198.97314453125,-1,-1,-1,-1
576,6,600.7658081054688,608.1260375976562,67.6427001953125,199.57452392578125,-1,-1,-1,-1
577,6,597.2579345703125,609.6964721679688,67.8941650390625,192.80999755859375,-1,-1,-1,-1
578,6,587.4819946289062,613.345703125,75.44427490234375,187.5072021484375,-1,-1,-1,-1
579,6,583.6435546875,615.8380126953125,79.396240234375,185.275146484375,-1,-1,-1,-1
580,6,575.5946655273438,615.9505615234375,86.416015625,185.4974365234375,-1,-1,-1,-1
581,6,576.5233154296875,614.1271362304688,85.84173583984375,186.38983154296875,-1,-1,-1,-1
582,6,581.556640625,611.4383544921875,79.4193115234375,188.38861083984375,-1,-1,-1,-1
583,6,584.738525390625,610.1090087890625,75.73699951171875,190.2230224609375,-1,-1,-1,-1
584,6,587.6654663085938,610.9683837890625,73.16949462890625,194.22625732421875,-1,-1,-1,-1
585,6,592.930908203125,611.4008178710938,71.2276611328125,198.67083740234375,-1,-1,-1,-1
586,6,596.050048828125,611.836669921875,70.067138671875,196.5137939453125,-1,-1,-1,-1
587,6,599.9308471679688,610.9791259765625,67.39898681640625,200.9141845703125,-1,-1,-1,-1
588,6,601.8722534179688,608.2676391601562,67.0838623046875,204.32952880859375,-1,-1,-1,-1
589,6,605.3781127929688,606.34423828125,64.8411865234375,203.90447998046875,-1,-1,-1,-1
590,6,607.37890625,604.32470703125,65.76312255859375,206.00244140625,-1,-1,-1,-1
591,6,608.7578735351562,603.8741455078125,66.88116455078125,207.23956298828125,-1,-1,-1,-1
592,6,611.0164184570312,603.702392578125,67.9603271484375,209.3807373046875,-1,-1,-1,-1
593,6,611.2366333007812,604.5792846679688,79.82086181640625,210.29150390625,-1,-1,-1,-1
594,6,615.2034301757812,606.9127197265625,71.7825927734375,209.1656494140625,-1,-1,-1,-1
595,6,613.863037109375,607.5292358398438,68.32171630859375,210.41278076171875,-1,-1,-1,-1
596,6,610.485595703125,608.8178100585938,69.78887939453125,209.86151123046875,-1,-1,-1,-1
597,6,611.529052734375,610.6345825195312,68.1822509765625,207.193115234375,-1,-1,-1,-1
598,6,610.1771850585938,611.3854370117188,67.3486328125,205.75732421875,-1,-1,-1,-1
599,6,605.7354125976562,611.6513671875,68.25,204.94549560546875,-1,-1,-1,-1
600,6,603.6649780273438,611.4307250976562,67.7216796875,204.155029296875,-1,-1,-1,-1
601,6,602.0396728515625,609.9732666015625,66.84674072265625,204.4110107421875,-1,-1,-1,-1
201,7,4.0058979988098145,784.5384521484375,135.3128204345703,239.19927978515625,-1,-1,-1,-1
202,7,43.58351516723633,770.770751953125,160.0536651611328,244.26837158203125,-1,-1,-1,-1
203,7,63.29286575317383,759.9671630859375,150.7678680419922,238.41778564453125,-1,-1,-1,-1
204,7,48.31147766113281,745.0325927734375,155.4175262451172,242.8729248046875,-1,-1,-1,-1
205,7,43.369625091552734,722.30322265625,153.52935791015625,247.63189697265625,-1,-1,-1,-1
206,7,46.026817321777344,697.8247680664062,146.2476806640625,247.94976806640625,-1,-1,-1,-1
207,7,54.937461853027344,681.6414794921875,137.34161376953125,246.52508544921875,-1,-1,-1,-1
208,7,57.61061477661133,673.490234375,141.2860565185547,242.87274169921875,-1,-1,-1,-1
209,7,66.02499389648438,666.9808959960938,133.96315002441406,240.6685791015625,-1,-1,-1,-1
210,7,67.26273345947266,651.9182739257812,132.83432006835938,241.14239501953125,-1,-1,-1,-1
211,7,78.37842559814453,631.0176391601562,123.94408416748047,236.4974365234375,-1,-1,-1,-1
212,7,75.72481536865234,610.06201171875,128.6488265991211,238.11505126953125,-1,-1,-1,-1
213,7,93.34056854248047,597.6368408203125,123.48358917236328,235.76690673828125,-1,-1,-1,-1
214,7,112.24584197998047,592.2461547851562,120.7398452758789,231.89508056640625,-1,-1,-1,-1
215,7,132.74526977539062,587.8485717773438,115.3800048828125,227.3995361328125,-1,-1,-1,-1
216,7,146.03904724121094,581.6369018554688,114.45970153808594,225.1732177734375,-1,-1,-1,-1
217,7,158.75941467285156,578.03173828125,116.04640197753906,223.36785888671875,-1,-1,-1,-1
218,7,183.62509155273438,579.2688598632812,104.4130859375,220.0814208984375,-1,-1,-1,-1
219,7,200.2247314453125,588.2666015625,102.84149169921875,219.03912353515625,-1,-1,-1,-1
220,7,215.64889526367188,598.17578125,100.75262451171875,215.6885986328125,-1,-1,-1,-1
221,7,225.29733276367188,608.690673828125,104.52511596679688,214.83514404296875,-1,-1,-1,-1
222,7,226.87515258789062,615.34326171875,109.07363891601562,213.2794189453125,-1,-1,-1,-1
223,7,238.97776794433594,618.1663818359375,98.69822692871094,211.5020751953125,-1,-1,-1,-1
224,7,232.25567626953125,618.9537353515625,103.8515625,211.908447265625,-1,-1,-1,-1
225,7,223.29571533203125,617.4151611328125,109.36737060546875,212.3372802734375,-1,-1,-1,-1
226,7,222.00982666015625,615.1156616210938,105.35003662109375,212.209716796875,-1,-1,-1,-1
227,7,218.43719482421875,609.8010864257812,104.146484375,214.10626220703125,-1,-1,-1,-1
228,7,212.21334838867188,608.729248046875,107.73403930664062,213.80535888671875,-1,-1,-1,-1
229,7,212.63926696777344,613.0277099609375,104.90782165527344,213.3375244140625,-1,-1,-1,-1
230,7,208.24691772460938,619.7671508789062,102.96282958984375,213.74749755859375,-1,-1,-1,-1
231,7,198.3602294921875,624.4779663085938,103.44418334960938,215.47418212890625,-1,-1,-1,-1
232,7,194.15565490722656,629.3558349609375,108.66349792480469,213.9954833984375,-1,-1,-1,-1
233,7,200.68838500976562,630.160888671875,109.00115966796875,214.21197509765625,-1,-1,-1,-1
234,7,217.24636840820312,628.388671875,98.54693603515625,212.0784912109375,-1,-1,-1,-1
235,7,221.676513671875,627.5431518554688,98.03759765625,212.87469482421875,-1,-1,-1,-1
236,7,220.13206481933594,627.1732177734375,100.09907531738281,212.66485595703125,-1,-1,-1,-1
237,7,221.76673889160156,624.6090087890625,98.05458068847656,212.9273681640625,-1,-1,-1,-1
238,7,223.67669677734375,622.0645751953125,96.7908935546875,213.8189697265625,-1,-1,-1,-1
239,7,224.33737182617188,618.9321899414062,99.0662841796875,213.75872802734375,-1,-1,-1,-1
240,7,216.49575805664062,615.5030517578125,107.41842651367188,214.28448486328125,-1,-1,-1,-1
241,7,205.70489501953125,612.873779296875,111.953857421875,214.75067138671875,-1,-1,-1,-1
242,7,208.63864135742188,612.6107177734375,104.2044677734375,213.81048583984375,-1,-1,-1,-1
243,7,200.61929321289062,612.5272827148438,108.44482421875,215.3880615234375,-1,-1,-1,-1
244,7,202.60894775390625,611.5016479492188,106.23394775390625,214.67572021484375,-1,-1,-1,-1
245,7,205.8463134765625,609.8389282226562,103.57183837890625,214.8541259765625,-1,-1,-1,-1
246,7,210.7627410888672,607.4690551757812,99.69288635253906,213.63006591796875,-1,-1,-1,-1
247,7,207.93319702148438,605.2411499023438,104.0081787109375,214.22491455078125,-1,-1,-1,-1
248,7,210.71649169921875,606.5675048828125,102.3729248046875,213.9647216796875,-1,-1,-1,-1
249,7,207.40235900878906,606.3941040039062,106.12699890136719,214.87158203125,-1,-1,-1,-1
250,7,209.24917602539062,605.5145263671875,105.12255859375,214.40911865234375,-1,-1,-1,-1
251,7,216.2626953125,604.3613891601562,101.62164306640625,213.72467041015625,-1,-1,-1,-1
252,7,217.58229064941406,602.6641235351562,107.35899353027344,213.660400390625,-1,-1,-1,-1
253,7,225.9750213623047,599.7976684570312,105.57936096191406,212.57073974609375,-1,-1,-1,-1
254,7,245.42694091796875,598.83837890625,96.14013671875,210.07452392578125,-1,-1,-1,-1
255,7,252.41212463378906,598.2332153320312,98.75352478027344,209.687744140625,-1,-1,-1,-1
256,7,260.3529968261719,597.1712036132812,98.94454956054688,209.5018310546875,-1,-1,-1,-1
257,7,267.87530517578125,598.2708129882812,99.4217529296875,208.20574951171875,-1,-1,-1,-1
258,7,278.52044677734375,599.45166015625,93.78936767578125,208.268798828125,-1,-1,-1,-1
259,7,282.3790588378906,599.2010498046875,97.00741577148438,207.2576904296875,-1,-1,-1,-1
260,7,293.5151672363281,597.591552734375,92.5067138671875,205.7454833984375,-1,-1,-1,-1
261,7,300.9999084472656,595.5100708007812,91.21533203125,205.330078125,-1,-1,-1,-1
262,7,303.7591247558594,592.4216918945312,94.94424438476562,204.83074951171875,-1,-1,-1,-1
263,7,303.2277526855469,591.0183715820312,100.61349487304688,204.35845947265625,-1,-1,-1,-1
264,7,309.4297790527344,591.8876342773438,103.79098510742188,204.44183349609375,-1,-1,-1,-1
265,7,327.6874084472656,586.29541015625,92.708251953125,201.8594970703125,-1,-1,-1,-1
266,7,336.0030212402344,576.5216064453125,94.78103637695312,202.124267578125,-1,-1,-1,-1
267,7,338.9928894042969,567.5595703125,103.88372802734375,201.5421142578125,-1,-1,-1,-1
268,7,362.6622619628906,567.1119995117188,96.82376098632812,198.6009521484375,-1,-1,-1,-1
269,7,388.5700988769531,570.7883911132812,90.72238159179688,196.771728515625,-1,-1,-1,-1
270,7,399.83831787109375,574.130126953125,95.39059448242188,194.96697998046875,-1,-1,-1,-1
271,7,408.6896057128906,568.2235107421875,98.200927734375,193.84979248046875,-1,-1,-1,-1
272,7,409.2232360839844,564.0187377929688,99.48980712890625,194.1448974609375,-1,-1,-1,-1
273,7,399.7186584472656,564.0291137695312,104.91488647460938,195.1829833984375,-1,-1,-1,-1
274,7,395.2026672363281,567.64599609375,102.164794921875,197.31024169921875,-1,-1,-1,-1
275,7,385.96002197265625,577.3765869140625,104.6314697265625,195.722412109375,-1,-1,-1,-1
276,7,389.47271728515625,585.156005859375,93.08731079101562,195.37554931640625,-1,-1,-1,-1
277,7,371.479736328125,587.739013671875,100.65765380859375,195.82855224609375,-1,-1,-1,-1
278,7,360.93603515625,589.90087890625,103.62884521484375,196.7027587890625,-1,-1,-1,-1
279,7,356.9422912597656,595.6361083984375,95.64715576171875,197.9091796875,-1,-1,-1,-1
280,7,346.10736083984375,598.2505493164062,95.621826171875,198.9835205078125,-1,-1,-1,-1
281,7,333.1075134277344,595.8191528320312,96.90231323242188,199.9801025390625,-1,-1,-1,-1
282,7,328.26324462890625,594.35888671875,94.999267578125,199.7423095703125,-1,-1,-1,-1
283,7,313.8818359375,590.7518310546875,100.34130859375,201.71112060546875,-1,-1,-1,-1
284,7,305.79425048828125,585.841796875,100.7696533203125,201.73175048828125,-1,-1,-1,-1
285,7,301.34716796875,582.6825561523438,98.10940551757812,202.99554443359375,-1,-1,-1,-1
286,7,298.6641845703125,576.5966186523438,95.94735717773438,204.6025390625,-1,-1,-1,-1
287,7,298.6781005859375,573.7728271484375,88.31124877929688,205.69384765625,-1,-1,-1,-1
288,7,284.12017822265625,573.6007690429688,100.41400146484375,206.40625,-1,-1,-1,-1
289,7,287.459716796875,574.912109375,97.22686767578125,205.66552734375,-1,-1,-1,-1
290,7,285.66705322265625,576.56982421875,95.97988891601562,205.33331298828125,-1,-1,-1,-1
291,7,278.7255859375,578.8668212890625,97.3243408203125,206.07147216796875,-1,-1,-1,-1
292,7,277.6065368652344,580.3338012695312,94.79681396484375,206.2152099609375,-1,-1,-1,-1
293,7,273.87139892578125,581.5159301757812,96.48348999023438,205.6978759765625,-1,-1,-1,-1
294,7,277.2744140625,581.2552490234375,91.14767456054688,205.17626953125,-1,-1,-1,-1
295,7,274.50616455078125,579.239013671875,91.61642456054688,205.93798828125,-1,-1,-1,-1
296,7,269.91143798828125,578.5595703125,93.6005859375,206.433349609375,-1,-1,-1,-1
297,7,271.5355224609375,578.6282348632812,89.17730712890625,206.474365234375,-1,-1,-1,-1
298,7,263.71630859375,579.356201171875,94.77774047851562,206.75482177734375,-1,-1,-1,-1
299,7,254.4011688232422,581.2401733398438,101.85652160644531,207.56060791015625,-1,-1,-1,-1
300,7,253.92010498046875,581.5133056640625,98.08563232421875,209.095703125,-1,-1,-1,-1
301,7,254.34043884277344,582.3087768554688,93.26707458496094,207.983642578125,-1,-1,-1,-1
302,7,248.40773010253906,581.7476196289062,98.40605163574219,208.9755859375,-1,-1,-1,-1
303,7,249.12030029296875,580.6034545898438,97.77212524414062,208.12713623046875,-1,-1,-1,-1
304,7,250.77862548828125,579.6689453125,94.62216186523438,208.8836669921875,-1,-1,-1,-1
305,7,250.71731567382812,580.4345092773438,92.92630004882812,207.62945556640625,-1,-1,-1,-1
306,7,244.85958862304688,580.6563720703125,98.16696166992188,208.513671875,-1,-1,-1,-1
307,7,242.2210693359375,580.2335815429688,100.696044921875,207.87841796875,-1,-1,-1,-1
308,7,245.9932861328125,579.0279541015625,96.57244873046875,207.29498291015625,-1,-1,-1,-1
309,7,249.6261444091797,577.414306640625,92.97959899902344,207.9151611328125,-1,-1,-1,-1
310,7,249.19497680664062,576.996826171875,93.636474609375,207.9947509765625,-1,-1,-1,-1
311,7,245.2786865234375,577.6710815429688,97.32986450195312,207.9840087890625,-1,-1,-1,-1
312,7,245.59332275390625,578.4640502929688,97.283935546875,207.78460693359375,-1,-1,-1,-1
313,7,246.2298126220703,579.4356689453125,96.34611511230469,207.887451171875,-1,-1,-1,-1
314,7,252.157958984375,579.6216430664062,91.02822875976562,207.27557373046875,-1,-1,-1,-1
315,7,249.83078002929688,578.8375244140625,93.61572265625,208.31414794921875,-1,-1,-1,-1
316,7,251.00694274902344,577.8281860351562,93.64369201660156,208.80426025390625,-1,-1,-1,-1
317,7,253.28240966796875,576.5966796875,91.806640625,208.924560546875,-1,-1,-1,-1
318,7,260.68402099609375,577.6842651367188,84.98348999023438,208.23284912109375,-1,-1,-1,-1
319,7,262.4699401855469,579.375,83.51498413085938,208.87542724609375,-1,-1,-1,-1
320,7,266.87158203125,581.9783935546875,80.45162963867188,208.3016357421875,-1,-1,-1,-1
321,7,254.55770874023438,583.5947875976562,92.78204345703125,208.5345458984375,-1,-1,-1,-1
322,7,266.4918212890625,585.6726684570312,83.3082275390625,206.5145263671875,-1,-1,-1,-1
323,7,269.3912353515625,585.9342041015625,83.49542236328125,204.95989990234375,-1,-1,-1,-1
324,7,275.4930419921875,586.989501953125,81.7022705078125,204.80426025390625,-1,-1,-1,-1
325,7,278.0705261230469,588.26806640625,86.41650390625,203.90081787109375,-1,-1,-1,-1
326,7,280.90594482421875,589.0269775390625,86.23574829101562,203.7081298828125,-1,-1,-1,-1
327,7,284.2489013671875,590.1151733398438,86.52200317382812,202.71221923828125,-1,-1,-1,-1
328,7,287.665771484375,590.9689331054688,86.66839599609375,202.5635986328125,-1,-1,-1,-1
329,7,290.51385498046875,591.2127075195312,83.71701049804688,201.13232421875,-1,-1,-1,-1
330,7,292.6809387207031,591.1015625,80.37063598632812,198.92120361328125,-1,-1,-1,-1
331,7,294.0795593261719,590.5524291992188,77.826416015625,197.8931884765625,-1,-1,-1,-1
332,7,297.38128662109375,589.954345703125,77.02438354492188,200.317138671875,-1,-1,-1,-1
333,7,297.6915588378906,589.9309692382812,78.59097290039062,198.39544677734375,-1,-1,-1,-1
334,7,298.2845153808594,589.9457397460938,78.21926879882812,198.25238037109375,-1,-1,-1,-1
335,7,300.2210388183594,589.6196899414062,84.99130249023438,193.6285400390625,-1,-1,-1,-1
336,7,303.95758056640625,590.375,80.85614013671875,196.610107421875,-1,-1,-1,-1
337,7,306.728515625,590.3905029296875,81.31625366210938,195.93328857421875,-1,-1,-1,-1
338,7,307.35137939453125,590.3952026367188,84.45040893554688,196.18804931640625,-1,-1,-1,-1
339,7,309.05999755859375,589.148193359375,81.463134765625,196.45904541015625,-1,-1,-1,-1
340,7,312.2209167480469,589.28955078125,80.28399658203125,194.11309814453125,-1,-1,-1,-1
341,7,315.67449951171875,591.0899047851562,77.76309204101562,191.32757568359375,-1,-1,-1,-1
342,7,318.3341064453125,592.8485717773438,82.8621826171875,189.29901123046875,-1,-1,-1,-1
343,7,318.42376708984375,593.45849609375,91.87445068359375,188.75994873046875,-1,-1,-1,-1
344,7,320.11309814453125,592.6365966796875,95.9241943359375,186.69091796875,-1,-1,-1,-1
345,7,319.9681396484375,592.4220581054688,98.100830078125,185.088623046875,-1,-1,-1,-1
346,7,322.2596435546875,592.0164794921875,97.16119384765625,184.3935546875,-1,-1,-1,-1
347,7,324.869140625,591.9647216796875,91.90667724609375,184.83837890625,-1,-1,-1,-1
348,7,328.4333801269531,590.6197509765625,86.84878540039062,185.7298583984375,-1,-1,-1,-1
349,7,331.9682312011719,589.91943359375,82.64056396484375,185.5592041015625,-1,-1,-1,-1
350,7,335.3001403808594,588.9025268554688,79.49066162109375,185.76446533203125,-1,-1,-1,-1
351,7,340.457763671875,587.4046630859375,74.20989990234375,184.4100341796875,-1,-1,-1,-1
352,7,345.1162109375,586.322021484375,68.51690673828125,183.5023193359375,-1,-1,-1,-1
353,7,346.5152893066406,586.688720703125,65.38699340820312,183.91864013671875,-1,-1,-1,-1
354,7,344.73895263671875,586.234375,66.4884033203125,182.82769775390625,-1,-1,-1,-1
355,7,342.1668395996094,582.0429077148438,72.31521606445312,185.63018798828125,-1,-1,-1,-1
356,7,342.223876953125,577.3177490234375,79.53350830078125,183.687255859375,-1,-1,-1,-1
357,7,339.8315734863281,572.2537841796875,83.01278686523438,184.25457763671875,-1,-1,-1,-1
358,7,340.0850830078125,568.9117431640625,82.63601684570312,184.04840087890625,-1,-1,-1,-1
359,7,344.2481689453125,568.9987182617188,80.61862182617188,181.8389892578125,-1,-1,-1,-1
360,7,348.48529052734375,569.7914428710938,80.259033203125,180.74993896484375,-1,-1,-1,-1
361,7,361.0854187011719,571.9564208984375,77.37014770507812,178.64892578125,-1,-1,-1,-1
362,7,378.469970703125,569.9943237304688,76.09426879882812,177.28363037109375,-1,-1,-1,-1
363,7,400.017333984375,565.9261474609375,77.17108154296875,175.661376953125,-1,-1,-1,-1
364,7,421.63238525390625,556.738037109375,74.74191284179688,173.3858642578125,-1,-1,-1,-1
365,7,434.2012023925781,540.4837036132812,73.35275268554688,171.03839111328125,-1,-1,-1,-1
366,7,440.8500671386719,535.5364990234375,74.32174682617188,170.42242431640625,-1,-1,-1,-1
367,7,445.6231384277344,538.6539306640625,77.32675170898438,169.453857421875,-1,-1,-1,-1
368,7,449.5324401855469,545.6727294921875,77.72634887695312,167.39947509765625,-1,-1,-1,-1
369,7,450.1878356933594,551.7125244140625,74.96322631835938,166.9853515625,-1,-1,-1,-1
370,7,448.40106201171875,556.5712280273438,69.8939208984375,165.672119140625,-1,-1,-1,-1
371,7,446.02435302734375,562.4817504882812,68.22479248046875,163.2020263671875,-1,-1,-1,-1
372,7,444.04046630859375,565.8841552734375,66.84304809570312,163.875732421875,-1,-1,-1,-1
373,7,441.1848449707031,567.0643310546875,66.83718872070312,162.285400390625,-1,-1,-1,-1
374,7,435.11798095703125,567.9715576171875,67.61825561523438,163.6009521484375,-1,-1,-1,-1
375,7,429.6354675292969,563.9951782226562,67.02593994140625,161.73016357421875,-1,-1,-1,-1
376,7,423.80755615234375,558.401123046875,67.74404907226562,159.96832275390625,-1,-1,-1,-1
377,7,424.04705810546875,559.5125122070312,67.83840942382812,163.33209228515625,-1,-1,-1,-1
378,7,428.0185241699219,561.3352661132812,66.5537109375,163.7408447265625,-1,-1,-1,-1
379,7,429.55621337890625,559.81298828125,65.73956298828125,162.64923095703125,-1,-1,-1,-1
380,7,428.6084289550781,553.9951171875,66.56436157226562,163.154541015625,-1,-1,-1,-1
381,7,424.91448974609375,550.170166015625,67.34072875976562,161.6351318359375,-1,-1,-1,-1
382,7,421.3569030761719,548.1763916015625,68.73922729492188,159.67236328125,-1,-1,-1,-1
383,7,421.1960144042969,549.7613525390625,69.16128540039062,158.377685546875,-1,-1,-1,-1
384,7,421.35791015625,552.172119140625,71.23208618164062,157.57647705078125,-1,-1,-1,-1
385,7,422.7291259765625,554.8793334960938,74.06063842773438,159.283447265625,-1,-1,-1,-1
386,7,423.4724426269531,556.0853881835938,74.22933959960938,157.30352783203125,-1,-1,-1,-1
387,7,421.6761779785156,554.6165161132812,76.45834350585938,155.6031494140625,-1,-1,-1,-1
388,7,421.9145202636719,552.44580078125,77.7607421875,153.88134765625,-1,-1,-1,-1
389,7,421.5921325683594,548.4965209960938,81.08050537109375,155.17144775390625,-1,-1,-1,-1
390,7,425.5845031738281,531.3799438476562,80.28851318359375,153.49774169921875,-1,-1,-1,-1
391,7,437.61370849609375,490.2384948730469,76.83563232421875,154.72128295898438,-1,-1,-1,-1
392,7,445.9645690917969,448.40521240234375,76.72152709960938,156.35406494140625,-1,-1,-1,-1
393,7,453.7342834472656,412.9229736328125,76.75643920898438,161.36431884765625,-1,-1,-1,-1
394,7,468.8354797363281,374.246337890625,74.30435180664062,163.39251708984375,-1,-1,-1,-1
395,7,488.5168151855469,341.5194091796875,67.50094604492188,164.67803955078125,-1,-1,-1,-1
396,7,500.0469055175781,317.67926025390625,67.96572875976562,167.2418212890625,-1,-1,-1,-1
397,7,509.4930419921875,299.2910461425781,66.5234375,169.0595703125,-1,-1,-1,-1
398,7,516.2308959960938,293.9605407714844,66.93951416015625,168.93392944335938,-1,-1,-1,-1
399,7,519.0521240234375,297.6548767089844,66.873779296875,167.55966186523438,-1,-1,-1,-1
400,7,514.4567260742188,307.8495788574219,65.8934326171875,165.8426513671875,-1,-1,-1,-1
401,7,509.18792724609375,324.17401123046875,65.40362548828125,162.6014404296875,-1,-1,-1,-1
402,7,502.3060302734375,352.33184814453125,64.2237548828125,160.11260986328125,-1,-1,-1,-1
403,7,491.06170654296875,392.5420227050781,62.82989501953125,154.58358764648438,-1,-1,-1,-1
404,7,480.22796630859375,426.2145080566406,61.166748046875,152.11654663085938,-1,-1,-1,-1
405,7,470.07586669921875,451.54052734375,59.9295654296875,155.28668212890625,-1,-1,-1,-1
406,7,459.45306396484375,467.83221435546875,61.0872802734375,155.32916259765625,-1,-1,-1,-1
407,7,452.9164123535156,479.4858703613281,60.56524658203125,151.90353393554688,-1,-1,-1,-1
408,7,452.42596435546875,490.5022277832031,60.371307373046875,151.27432250976562,-1,-1,-1,-1
409,7,451.9306335449219,498.0174255371094,62.183319091796875,150.20254516601562,-1,-1,-1,-1
410,7,455.11737060546875,506.0912780761719,60.0426025390625,147.32186889648438,-1,-1,-1,-1
411,7,458.19677734375,513.6968383789062,59.913330078125,147.32208251953125,-1,-1,-1,-1
412,7,457.53515625,517.460205078125,60.477294921875,147.091064453125,-1,-1,-1,-1
413,7,457.6922607421875,520.833740234375,62.92376708984375,147.7520751953125,-1,-1,-1,-1
414,7,461.99395751953125,527.922607421875,64.04962158203125,147.57293701171875,-1,-1,-1,-1
415,7,469.1646423339844,538.0849609375,61.581085205078125,146.5455322265625,-1,-1,-1,-1
416,7,473.9459533691406,547.438232421875,59.828399658203125,145.00640869140625,-1,-1,-1,-1
417,7,476.7131042480469,554.0274047851562,60.154327392578125,144.85205078125,-1,-1,-1,-1
418,7,479.06439208984375,560.5136108398438,60.28076171875,143.09161376953125,-1,-1,-1,-1
419,7,482.8111877441406,564.3172607421875,58.781707763671875,142.5750732421875,-1,-1,-1,-1
420,7,486.344482421875,567.2801513671875,58.92547607421875,141.01666259765625,-1,-1,-1,-1
421,7,489.7896728515625,568.6888427734375,59.1390380859375,141.8408203125,-1,-1,-1,-1
422,7,491.3035583496094,570.9541015625,57.159210205078125,140.8529052734375,-1,-1,-1,-1
423,7,490.6010437011719,571.9618530273438,55.373870849609375,141.300537109375,-1,-1,-1,-1
424,7,490.0570068359375,573.8528442382812,54.60333251953125,141.62640380859375,-1,-1,-1,-1
425,7,490.1864929199219,572.9989013671875,53.965301513671875,141.9940185546875,-1,-1,-1,-1
426,7,489.9862976074219,571.0223388671875,54.502227783203125,142.20733642578125,-1,-1,-1,-1
427,7,489.956298828125,569.7089233398438,54.96197509765625,142.011474609375,-1,-1,-1,-1
428,7,490.30029296875,569.9338989257812,54.982421875,141.18280029296875,-1,-1,-1,-1
429,7,489.87066650390625,569.489501953125,55.41766357421875,141.6663818359375,-1,-1,-1,-1
430,7,491.0751647949219,569.204345703125,54.961090087890625,142.008056640625,-1,-1,-1,-1
431,7,492.09130859375,568.781494140625,55.07586669921875,141.57196044921875,-1,-1,-1,-1
432,7,493.2718505859375,569.9715576171875,55.4180908203125,140.6217041015625,-1,-1,-1,-1
433,7,495.28472900390625,571.6814575195312,55.38140869140625,139.6849365234375,-1,-1,-1,-1
434,7,499.3213806152344,574.3099975585938,54.298614501953125,139.27569580078125,-1,-1,-1,-1
435,7,502.11138916015625,576.1163940429688,53.4522705078125,139.6943359375,-1,-1,-1,-1
436,7,504.3079833984375,577.5579833984375,53.57537841796875,138.60589599609375,-1,-1,-1,-1
437,7,506.27545166015625,577.9495849609375,55.0634765625,138.922119140625,-1,-1,-1,-1
438,7,509.04864501953125,577.6958618164062,54.982666015625,138.82879638671875,-1,-1,-1,-1
439,7,514.4874877929688,577.9557495117188,52.66644287109375,138.55322265625,-1,-1,-1,-1
440,7,518.3981323242188,578.9149169921875,52.7672119140625,139.2420654296875,-1,-1,-1,-1
441,7,520.7609252929688,580.3794555664062,54.58203125,139.0491943359375,-1,-1,-1,-1
442,7,523.383544921875,583.31982421875,53.99029541015625,138.28253173828125,-1,-1,-1,-1
443,7,526.4472045898438,586.52392578125,53.3118896484375,138.47210693359375,-1,-1,-1,-1
444,7,528.6046752929688,588.8672485351562,52.25653076171875,138.03790283203125,-1,-1,-1,-1
445,7,529.3519897460938,589.59619140625,52.25335693359375,138.5965576171875,-1,-1,-1,-1
446,7,528.9033813476562,589.7420654296875,52.34417724609375,138.1297607421875,-1,-1,-1,-1
447,7,526.9210815429688,589.057861328125,53.11968994140625,138.5478515625,-1,-1,-1,-1
448,7,527.1376342773438,589.3989868164062,53.2188720703125,139.28363037109375,-1,-1,-1,-1
449,7,528.814453125,590.9742431640625,52.6873779296875,139.2294921875,-1,-1,-1,-1
450,7,531.9583129882812,592.63671875,51.75823974609375,137.61822509765625,-1,-1,-1,-1
451,7,533.3408203125,592.8970947265625,51.7579345703125,138.2340087890625,-1,-1,-1,-1
452,7,532.6814575195312,592.753173828125,51.72772216796875,137.63226318359375,-1,-1,-1,-1
453,7,531.2845458984375,591.5902099609375,52.250244140625,137.4832763671875,-1,-1,-1,-1
454,7,531.8613891601562,591.4810180664062,51.81500244140625,137.2158203125,-1,-1,-1,-1
455,7,533.1807861328125,592.9105834960938,51.11114501953125,137.3070068359375,-1,-1,-1,-1
456,7,533.24169921875,595.1096801757812,52.14935302734375,138.09808349609375,-1,-1,-1,-1
457,7,533.8804931640625,597.9132690429688,52.14453125,139.3359375,-1,-1,-1,-1
458,7,535.415283203125,600.5525512695312,52.39031982421875,137.506591796875,-1,-1,-1,-1
459,7,537.9782104492188,602.917236328125,51.75299072265625,135.6602783203125,-1,-1,-1,-1
460,7,539.5677490234375,603.4420776367188,51.2935791015625,135.22894287109375,-1,-1,-1,-1
461,7,541.8558959960938,604.4921264648438,50.43988037109375,135.79046630859375,-1,-1,-1,-1
462,7,542.8878784179688,606.1925048828125,50.44537353515625,135.0589599609375,-1,-1,-1,-1
463,7,543.58251953125,607.2100219726562,50.0498046875,134.81060791015625,-1,-1,-1,-1
464,7,544.8389892578125,607.237060546875,50.32373046875,135.45172119140625,-1,-1,-1,-1
465,7,546.1394653320312,607.1026611328125,51.00439453125,135.343994140625,-1,-1,-1,-1
466,7,546.283447265625,606.928466796875,51.258544921875,135.4931640625,-1,-1,-1,-1
467,7,545.7655639648438,606.9725341796875,50.263671875,134.29278564453125,-1,-1,-1,-1
468,7,544.7449340820312,607.237060546875,49.7979736328125,135.30810546875,-1,-1,-1,-1
469,7,543.2734985351562,607.49365234375,50.04864501953125,136.032470703125,-1,-1,-1,-1
470,7,541.0657348632812,608.1766967773438,49.9588623046875,134.94207763671875,-1,-1,-1,-1
471,7,538.3699951171875,608.9317626953125,51.35528564453125,134.98748779296875,-1,-1,-1,-1
472,7,535.7528686523438,609.1714477539062,50.73565673828125,134.8465576171875,-1,-1,-1,-1
473,7,534.0285034179688,608.3638305664062,50.5511474609375,135.372802734375,-1,-1,-1,-1
474,7,533.4853515625,608.249267578125,50.43682861328125,135.970458984375,-1,-1,-1,-1
475,7,532.5684814453125,608.80810546875,51.35107421875,136.3509521484375,-1,-1,-1,-1
476,7,531.71728515625,609.0137939453125,51.60870361328125,136.9517822265625,-1,-1,-1,-1
477,7,529.7337646484375,608.9287719726562,51.11297607421875,136.397216796875,-1,-1,-1,-1
478,7,529.3423461914062,607.808349609375,50.83447265625,135.596435546875,-1,-1,-1,-1
479,7,529.6278076171875,607.4767456054688,50.905029296875,136.2117919921875,-1,-1,-1,-1
480,7,529.33544921875,607.7871704101562,50.3406982421875,135.48345947265625,-1,-1,-1,-1
481,7,529.394287109375,607.3026733398438,50.3074951171875,135.67010498046875,-1,-1,-1,-1
482,7,531.5258178710938,607.2510986328125,51.1920166015625,137.06268310546875,-1,-1,-1,-1
483,7,534.33642578125,607.4555053710938,51.63043212890625,135.79913330078125,-1,-1,-1,-1
484,7,538.82958984375,608.068359375,50.5257568359375,135.49835205078125,-1,-1,-1,-1
485,7,542.738525390625,608.573486328125,49.88385009765625,135.86962890625,-1,-1,-1,-1
486,7,545.376953125,610.1884765625,51.156982421875,135.81524658203125,-1,-1,-1,-1
487,7,547.5014038085938,611.9465942382812,52.07769775390625,135.80633544921875,-1,-1,-1,-1
488,7,553.5831298828125,613.900146484375,51.06268310546875,135.7852783203125,-1,-1,-1,-1
489,7,558.7113647460938,612.2684326171875,50.8292236328125,136.17279052734375,-1,-1,-1,-1
490,7,562.1248168945312,611.6688232421875,50.924072265625,135.490234375,-1,-1,-1,-1
491,7,567.2365112304688,612.3123168945312,50.66162109375,134.91680908203125,-1,-1,-1,-1
492,7,572.6842041015625,612.06591796875,50.81573486328125,134.6824951171875,-1,-1,-1,-1
493,7,576.7650756835938,614.2586059570312,51.89300537109375,134.1240234375,-1,-1,-1,-1
494,7,581.6913452148438,616.051025390625,50.99298095703125,134.100341796875,-1,-1,-1,-1
495,7,586.6258544921875,619.0087890625,49.84136962890625,132.645751953125,-1,-1,-1,-1
496,7,590.2314453125,620.9371948242188,50.77142333984375,133.4158935546875,-1,-1,-1,-1
497,7,595.3406982421875,621.8162231445312,50.0537109375,134.07989501953125,-1,-1,-1,-1
498,7,598.3948974609375,621.3087768554688,50.5433349609375,133.4249267578125,-1,-1,-1,-1
499,7,600.9981689453125,620.2564086914062,51.837646484375,144.57232666015625,-1,-1,-1,-1
500,7,602.58349609375,620.010009765625,53.298583984375,157.74334716796875,-1,-1,-1,-1
501,7,604.3961181640625,620.29736328125,54.159423828125,148.9644775390625,-1,-1,-1,-1
502,7,607.4367065429688,620.5059814453125,54.61468505859375,144.910888671875,-1,-1,-1,-1
503,7,611.1680908203125,621.1929931640625,52.160888671875,137.96429443359375,-1,-1,-1,-1
504,7,612.636962890625,620.7680053710938,47.562744140625,136.23492431640625,-1,-1,-1,-1
505,7,612.2208862304688,617.884765625,52.046142578125,179.59014892578125,-1,-1,-1,-1
506,7,613.3156127929688,615.4799194335938,53.29803466796875,177.5206298828125,-1,-1,-1,-1
507,7,612.1553344726562,613.5127563476562,59.5596923828125,185.22027587890625,-1,-1,-1,-1
508,7,610.945556640625,611.6416015625,67.0145263671875,192.31414794921875,-1,-1,-1,-1
509,7,608.3792724609375,611.7249145507812,73.15728759765625,192.06353759765625,-1,-1,-1,-1
510,7,605.10107421875,611.1624755859375,78.19683837890625,180.6353759765625,-1,-1,-1,-1
511,7,595.5380249023438,609.9948120117188,86.07568359375,184.97100830078125,-1,-1,-1,-1
512,7,596.2747192382812,608.3463134765625,92.58380126953125,191.23577880859375,-1,-1,-1,-1
513,7,596.8583984375,605.2532958984375,94.6937255859375,207.68402099609375,-1,-1,-1,-1
514,7,584.5478515625,606.5999755859375,105.6431884765625,258.5377197265625,-1,-1,-1,-1
395,8,819.6326293945312,629.8699340820312,160.27410888671875,301.27459716796875,-1,-1,-1,-1
396,8,821.0415649414062,597.9164428710938,175.9598388671875,285.74462890625,-1,-1,-1,-1
397,8,821.923828125,560.55322265625,197.3134765625,280.34912109375,-1,-1,-1,-1
536,9,548.1876220703125,616.8328247070312,54.38677978515625,122.6746826171875,-1,-1,-1,-1
537,9,549.7161254882812,616.1663818359375,55.89007568359375,141.0262451171875,-1,-1,-1,-1
538,9,554.4576416015625,614.5724487304688,51.1488037109375,136.89678955078125,-1,-1,-1,-1
539,9,559.26806640625,613.162841796875,50.81298828125,136.235107421875,-1,-1,-1,-1
540,9,562.3692016601562,611.3865966796875,51.93475341796875,134.911376953125,-1,-1,-1,-1
541,9,565.2865600585938,609.8399658203125,58.2752685546875,135.697998046875,-1,-1,-1,-1
542,9,568.0518188476562,609.4053344726562,57.8450927734375,132.14093017578125,-1,-1,-1,-1
543,9,569.65576171875,609.30859375,56.19891357421875,130.56011962890625,-1,-1,-1,-1
544,9,570.8116455078125,610.0908203125,54.69390869140625,145.4615478515625,-1,-1,-1,-1
545,9,573.0103759765625,610.5299682617188,52.5166015625,143.62127685546875,-1,-1,-1,-1
546,9,572.0206298828125,610.57275390625,55.67315673828125,139.972412109375,-1,-1,-1,-1
547,9,575.1087646484375,611.2025756835938,55.1954345703125,136.1595458984375,-1,-1,-1,-1
548,9,578.848388671875,613.1364135742188,67.14190673828125,137.237060546875,-1,-1,-1,-1
549,9,582.87451171875,613.9298706054688,79.04217529296875,139.32745361328125,-1,-1,-1,-1
550,9,585.0926513671875,615.1365356445312,68.245849609375,137.86834716796875,-1,-1,-1,-1
551,9,587.0028076171875,615.4636840820312,67.50445556640625,137.9718017578125,-1,-1,-1,-1
552,9,589.32080078125,615.4650268554688,68.03326416015625,138.7900390625,-1,-1,-1,-1
553,9,595.4356689453125,615.9642944335938,66.8050537109375,138.3541259765625,-1,-1,-1,-1
554,9,605.026123046875,616.1385498046875,60.16204833984375,138.09918212890625,-1,-1,-1,-1
555,9,613.373046875,614.1199951171875,54.1156005859375,138.688232421875,-1,-1,-1,-1
556,9,617.4020385742188,612.997802734375,51.6319580078125,138.56243896484375,-1,-1,-1,-1
557,9,618.5987548828125,611.984619140625,51.5782470703125,140.2998046875,-1,-1,-1,-1
558,9,620.7337646484375,613.8202514648438,50.10260009765625,138.23602294921875,-1,-1,-1,-1
559,9,622.2237548828125,616.6221923828125,51.328857421875,136.72015380859375,-1,-1,-1,-1
560,9,625.1065063476562,619.29541015625,52.373291015625,135.2127685546875,-1,-1,-1,-1
561,9,627.876708984375,620.7515869140625,52.87664794921875,133.77532958984375,-1,-1,-1,-1
562,9,630.6102905273438,619.2946166992188,58.07861328125,137.60223388671875,-1,-1,-1,-1
563,9,632.3118286132812,617.1419677734375,64.25555419921875,146.1273193359375,-1,-1,-1,-1
564,9,633.6992797851562,614.1371459960938,76.21533203125,198.76348876953125,-1,-1,-1,-1
569,10,652.4256591796875,617.7518310546875,44.8656005859375,139.14404296875,-1,-1,-1,-1
570,10,649.2006225585938,615.8151245117188,56.566162109375,149.69744873046875,-1,-1,-1,-1
571,10,653.5010986328125,616.3444213867188,45.7847900390625,136.86676025390625,-1,-1,-1,-1
572,10,654.988037109375,616.4547119140625,46.4073486328125,136.5418701171875,-1,-1,-1,-1
573,10,656.7193603515625,616.583251953125,47.158447265625,136.94598388671875,-1,-1,-1,-1
574,10,659.927001953125,616.5530395507812,52.66046142578125,138.358154296875,-1,-1,-1,-1
575,10,658.6748046875,616.676025390625,60.64642333984375,137.7171630859375,-1,-1,-1,-1
576,10,657.0147094726562,617.7432861328125,64.96990966796875,138.201416015625,-1,-1,-1,-1
577,10,657.0394897460938,617.908447265625,66.09124755859375,138.491943359375,-1,-1,-1,-1
578,10,658.0703735351562,618.2264404296875,65.09259033203125,138.2110595703125,-1,-1,-1,-1
579,10,659.193603515625,618.7377319335938,65.22564697265625,138.70587158203125,-1,-1,-1,-1
580,10,661.2593383789062,619.2422485351562,64.849609375,138.11260986328125,-1,-1,-1,-1
581,10,664.4664306640625,618.5962524414062,63.35321044921875,138.82318115234375,-1,-1,-1,-1
582,10,668.6954956054688,617.6906127929688,60.5584716796875,139.2694091796875,-1,-1,-1,-1
583,10,670.6248168945312,616.0701293945312,58.64068603515625,139.90008544921875,-1,-1,-1,-1
584,10,672.5914306640625,615.2968139648438,59.42205810546875,140.7371826171875,-1,-1,-1,-1
585,10,676.2059326171875,612.3626098632812,57.849365234375,144.39886474609375,-1,-1,-1,-1
586,10,678.1898193359375,609.31640625,60.15045166015625,146.7908935546875,-1,-1,-1,-1
587,10,682.96337890625,608.6923217773438,59.4150390625,144.425537109375,-1,-1,-1,-1
588,10,690.1986694335938,599.9776611328125,56.794677734375,151.25640869140625,-1,-1,-1,-1
589,10,695.8147583007812,598.0076904296875,55.43841552734375,150.85247802734375,-1,-1,-1,-1
590,10,699.27783203125,596.188232421875,54.70074462890625,151.7767333984375,-1,-1,-1,-1
591,10,701.3634033203125,597.7658081054688,55.25128173828125,152.0457763671875,-1,-1,-1,-1
592,10,704.47021484375,599.8435668945312,54.9620361328125,151.61822509765625,-1,-1,-1,-1
593,10,705.91015625,600.5308227539062,55.8250732421875,152.0880126953125,-1,-1,-1,-1
594,10,708.1719970703125,605.1804809570312,55.49896240234375,147.1494140625,-1,-1,-1,-1
595,10,709.5406494140625,605.8948364257812,54.58038330078125,146.432861328125,-1,-1,-1,-1
596,10,708.627197265625,604.305908203125,55.64263916015625,148.49066162109375,-1,-1,-1,-1
597,10,707.7755737304688,604.8467407226562,55.80413818359375,147.8748779296875,-1,-1,-1,-1
598,10,707.3646850585938,604.9911499023438,55.60589599609375,146.948486328125,-1,-1,-1,-1
599,10,706.7728271484375,604.4578247070312,55.492431640625,146.98052978515625,-1,-1,-1,-1
600,10,706.0668334960938,604.2197875976562,55.82275390625,147.3499755859375,-1,-1,-1,-1
601,10,705.2217407226562,604.2730712890625,55.78314208984375,147.597412109375,-1,-1,-1,-1
