1,1,607.3671264648438,529.3387451171875,596.7734985351562,884.1483154296875,-1,-1,-1,-1
2,1,627.0479125976562,536.9779052734375,570.5993041992188,799.50439453125,-1,-1,-1,-1
2,2,639.8903198242188,535.184814453125,215.03192138671875,585.62158203125,-1,-1,-1,-1
3,2,657.39013671875,569.6764526367188,220.0958251953125,629.0331420898438,-1,-1,-1,-1
4,2,703.577880859375,598.5894165039062,227.0672607421875,633.7030639648438,-1,-1,-1,-1
5,2,708.4375,572.55322265625,225.418701171875,660.1563720703125,-1,-1,-1,-1
6,2,670.6268310546875,522.7102661132812,228.384765625,706.5787963867188,-1,-1,-1,-1
7,2,616.0330200195312,456.84637451171875,227.1807861328125,771.2837524414062,-1,-1,-1,-1
8,2,577.3637084960938,428.1721496582031,285.21771240234375,826.7080078125,-1,-1,-1,-1
9,2,495.1629943847656,453.8451843261719,385.7715148925781,872.0572509765625,-1,-1,-1,-1
10,2,366.9564514160156,441.9339904785156,502.6723937988281,935.4578857421875,-1,-1,-1,-1
11,2,373.6829833984375,391.42120361328125,547.9207763671875,813.1992797851562,-1,-1,-1,-1
12,2,308.6820983886719,332.08001708984375,602.9071044921875,715.5208129882812,-1,-1,-1,-1
13,2,392.4063720703125,351.614013671875,453.9136962890625,941.6517333984375,-1,-1,-1,-1
14,2,505.9927978515625,423.8070068359375,330.608642578125,942.4140625,-1,-1,-1,-1
15,2,588.9927978515625,467.5,251.0888671875,874.356201171875,-1,-1,-1,-1
16,2,600.919677734375,495.52838134765625,241.2662353515625,803.9618530273438,-1,-1,-1,-1
17,2,635.7236328125,477.75421142578125,194.5205078125,741.8601684570312,-1,-1,-1,-1
18,2,640.391845703125,463.1330261230469,205.5262451171875,683.1961669921875,-1,-1,-1,-1
19,2,650.5317993164062,465.385986328125,207.90142822265625,649.36572265625,-1,-1,-1,-1
20,2,603.8868408203125,488.1643371582031,227.084228515625,622.8624267578125,-1,-1,-1,-1
21,2,605.687744140625,508.20062255859375,227.61431884765625,608.3621215820312,-1,-1,-1,-1
22,2,623.6509399414062,528.9829711914062,214.88824462890625,613.8390502929688,-1,-1,-1,-1
23,2,638.11083984375,544.3758544921875,192.11810302734375,621.8876953125,-1,-1,-1,-1
24,2,650.364990234375,560.7418212890625,179.8570556640625,636.9912109375,-1,-1,-1,-1
25,2,655.5610961914062,585.8646240234375,186.39239501953125,653.85791015625,-1,-1,-1,-1
26,2,656.1240234375,623.3609619140625,195.52728271484375,671.6663818359375,-1,-1,-1,-1
27,2,661.9014892578125,653.3026733398438,210.3817138671875,696.1654663085938,-1,-1,-1,-1
28,2,668.5276489257812,684.9285888671875,210.64990234375,696.0361328125,-1,-1,-1,-1
29,2,676.9866333007812,715.6566162109375,200.36358642578125,676.7132568359375,-1,-1,-1,-1
30,2,677.822509765625,737.5316162109375,193.09112548828125,658.9881591796875,-1,-1,-1,-1
31,2,658.7760009765625,739.881591796875,186.78228759765625,656.74072265625,-1,-1,-1,-1
32,2,647.1105346679688,713.3272705078125,178.61767578125,653.5592041015625,-1,-1,-1,-1
33,2,656.3527221679688,693.6488647460938,171.2457275390625,480.31524658203125,-1,-1,-1,-1
34,2,668.897216796875,694.063232421875,168.062744140625,485.1651611328125,-1,-1,-1,-1
35,2,673.343505859375,677.97607421875,161.97833251953125,571.4906005859375,-1,-1,-1,-1
36,2,680.4351196289062,674.4462890625,179.069580078125,538.035400390625,-1,-1,-1,-1
37,2,676.04052734375,682.6475219726562,178.9466552734375,504.74896240234375,-1,-1,-1,-1
38,2,684.73388671875,692.116943359375,172.385009765625,488.1185302734375,-1,-1,-1,-1
39,2,685.8717041015625,699.2100219726562,170.601806640625,485.84063720703125,-1,-1,-1,-1
40,2,673.0603637695312,703.2410278320312,169.8433837890625,481.39581298828125,-1,-1,-1,-1
41,2,668.0994262695312,717.614501953125,156.97637939453125,485.07373046875,-1,-1,-1,-1
42,2,666.8526000976562,737.34521484375,150.82525634765625,502.68505859375,-1,-1,-1,-1
43,2,664.9056396484375,742.388671875,149.627197265625,507.802490234375,-1,-1,-1,-1
44,2,665.01806640625,744.95654296875,153.4329833984375,509.445556640625,-1,-1,-1,-1
45,2,661.4196166992188,751.994140625,153.07763671875,506.676513671875,-1,-1,-1,-1
46,2,663.069580078125,757.088134765625,146.146728515625,512.2158203125,-1,-1,-1,-1
47,2,666.6280517578125,756.0487060546875,141.9178466796875,522.64453125,-1,-1,-1,-1
48,2,673.8276977539062,768.2009887695312,145.104248046875,533.3602905273438,-1,-1,-1,-1
49,2,670.277587890625,782.6250610351562,152.6434326171875,545.3759155273438,-1,-1,-1,-1
50,2,666.68408203125,791.037841796875,157.2401123046875,547.6640625,-1,-1,-1,-1
51,2,667.28076171875,789.25537109375,156.03826904296875,545.0001220703125,-1,-1,-1,-1
52,2,666.962890625,786.3150024414062,153.58795166015625,542.7103881835938,-1,-1,-1,-1
53,2,665.6026611328125,779.90087890625,160.49212646484375,539.2977294921875,-1,-1,-1,-1
54,2,666.3780517578125,771.7919921875,166.1141357421875,424.55029296875,-1,-1,-1,-1
55,2,665.3670043945312,769.107666015625,173.54803466796875,438.4110107421875,-1,-1,-1,-1
56,2,666.4456176757812,777.6263427734375,178.38946533203125,450.090576171875,-1,-1,-1,-1
57,2,669.4325561523438,779.4883422851562,185.7008056640625,451.35699462890625,-1,-1,-1,-1
58,2,670.0501098632812,786.92041015625,198.39556884765625,445.4893798828125,-1,-1,-1,-1
59,2,669.2177124023438,797.589599609375,195.03350830078125,437.185546875,-1,-1,-1,-1
60,2,672.4138793945312,791.4208374023438,184.02288818359375,429.38616943359375,-1,-1,-1,-1
61,2,677.1025390625,772.595458984375,174.94940185546875,424.3304443359375,-1,-1,-1,-1
62,2,681.2379150390625,753.2454833984375,159.9830322265625,534.3106689453125,-1,-1,-1,-1
63,2,687.6973876953125,742.9783325195312,153.84954833984375,529.2979125976562,-1,-1,-1,-1
64,2,687.591552734375,734.6866455078125,155.05853271484375,529.1920166015625,-1,-1,-1,-1
65,2,686.90185546875,743.180908203125,155.67120361328125,531.5606689453125,-1,-1,-1,-1
66,2,693.6561889648438,747.8416748046875,149.64300537109375,529.650634765625,-1,-1,-1,-1
67,2,701.1973266601562,750.2582397460938,149.12237548828125,523.1017456054688,-1,-1,-1,-1
68,2,704.0000610351562,741.183349609375,151.99755859375,516.1585693359375,-1,-1,-1,-1
69,2,700.8701171875,746.4766845703125,154.6951904296875,513.6285400390625,-1,-1,-1,-1
70,2,700.1452026367188,742.2700805664062,156.57861328125,515.4927368164062,-1,-1,-1,-1
71,2,696.122802734375,739.2714233398438,156.10076904296875,517.8917846679688,-1,-1,-1,-1
72,2,690.4581298828125,735.7385864257812,158.720947265625,519.8070678710938,-1,-1,-1,-1
73,2,688.0848388671875,745.2202758789062,167.550048828125,527.8002319335938,-1,-1,-1,-1
74,2,684.8214111328125,760.391845703125,168.259765625,535.4189453125,-1,-1,-1,-1
75,2,673.91650390625,761.2572021484375,173.99383544921875,425.820556640625,-1,-1,-1,-1
76,2,670.8466796875,753.7598876953125,165.10675048828125,409.6650390625,-1,-1,-1,-1
77,2,676.7296142578125,764.6950073242188,161.2958984375,405.20379638671875,-1,-1,-1,-1
78,2,677.8198852539062,748.6490478515625,152.07562255859375,395.2401123046875,-1,-1,-1,-1
79,2,685.2337036132812,730.1709594726562,142.8953857421875,385.07965087890625,-1,-1,-1,-1
80,2,696.9464721679688,725.517578125,148.91607666015625,392.604248046875,-1,-1,-1,-1
81,2,706.4057006835938,724.44384765625,143.1527099609375,387.61181640625,-1,-1,-1,-1
82,2,712.5368041992188,724.6118774414062,140.7025146484375,400.70404052734375,-1,-1,-1,-1
83,2,695.6693115234375,721.5807495117188,142.7606201171875,404.55792236328125,-1,-1,-1,-1
84,2,677.206298828125,706.1502685546875,143.30389404296875,492.6826171875,-1,-1,-1,-1
85,2,676.7996826171875,708.4993286132812,144.283447265625,505.99920654296875,-1,-1,-1,-1
86,2,678.8970947265625,721.248046875,145.07501220703125,496.6763916015625,-1,-1,-1,-1
87,2,681.0109252929688,726.7691040039062,147.95562744140625,495.89617919921875,-1,-1,-1,-1
88,2,687.9600219726562,737.4947509765625,153.40130615234375,502.67431640625,-1,-1,-1,-1
89,2,697.4664306640625,771.099365234375,158.36248779296875,508.489013671875,-1,-1,-1,-1
90,2,701.1588134765625,759.0631713867188,161.22344970703125,504.55609130859375,-1,-1,-1,-1
91,2,696.1913452148438,754.3925170898438,157.544189453125,504.10076904296875,-1,-1,-1,-1
92,2,680.8857421875,755.722900390625,164.59393310546875,508.1654052734375,-1,-1,-1,-1
93,2,677.6622924804688,753.8151245117188,170.06121826171875,515.2986450195312,-1,-1,-1,-1
94,2,671.948486328125,752.1742553710938,172.31085205078125,529.5977172851562,-1,-1,-1,-1
95,2,660.19873046875,742.0929565429688,170.8984375,533.4067993164062,-1,-1,-1,-1
96,2,653.1931762695312,746.4630126953125,171.21435546875,544.5667724609375,-1,-1,-1,-1
97,2,658.5593872070312,758.5347900390625,170.29058837890625,546.9913330078125,-1,-1,-1,-1
98,2,659.0576171875,766.864501953125,173.4443359375,548.8753662109375,-1,-1,-1,-1
99,2,660.2142944335938,760.7506103515625,174.66278076171875,527.5595703125,-1,-1,-1,-1
100,2,651.685546875,758.1773681640625,176.0242919921875,517.177490234375,-1,-1,-1,-1
101,2,645.5274047851562,757.6890258789062,174.30181884765625,515.7870483398438,-1,-1,-1,-1
102,2,648.1571655273438,768.322998046875,173.3477783203125,520.5445556640625,-1,-1,-1,-1
103,2,656.263671875,771.8951416015625,173.38031005859375,524.8695068359375,-1,-1,-1,-1
104,2,662.086669921875,781.92822265625,176.70355224609375,528.616455078125,-1,-1,-1,-1
105,2,675.3151245117188,789.4495239257812,172.162109375,530.5111694335938,-1,-1,-1,-1
106,2,688.5000610351562,779.636474609375,172.71441650390625,519.373779296875,-1,-1,-1,-1
107,2,693.6807861328125,782.1613159179688,175.47308349609375,523.7019653320312,-1,-1,-1,-1
108,2,705.3961181640625,779.7308959960938,167.608154296875,519.3818969726562,-1,-1,-1,-1
109,2,716.7313232421875,762.0645141601562,159.5189208984375,516.2737426757812,-1,-1,-1,-1
110,2,708.5418090820312,739.8561401367188,161.78656005859375,429.93902587890625,-1,-1,-1,-1
111,2,705.7673950195312,729.9404907226562,161.012939453125,533.1017456054688,-1,-1,-1,-1
112,2,699.8611450195312,716.3556518554688,159.84014892578125,532.5387573242188,-1,-1,-1,-1
113,2,678.5598754882812,716.5765380859375,167.264892578125,522.717041015625,-1,-1,-1,-1
114,2,660.0859985351562,728.0914306640625,163.38543701171875,525.218017578125,-1,-1,-1,-1
115,2,635.3632202148438,720.3646850585938,167.79742431640625,532.2581176757812,-1,-1,-1,-1
116,2,649.2599487304688,713.9332275390625,175.04742431640625,536.8349609375,-1,-1,-1,-1
117,2,665.629150390625,700.5957641601562,186.138916015625,545.7439575195312,-1,-1,-1,-1
118,2,679.3596801757812,707.3572998046875,195.62945556640625,561.6961669921875,-1,-1,-1,-1
119,2,745.07470703125,676.8543090820312,187.40167236328125,573.3998413085938,-1,-1,-1,-1
120,2,759.0001220703125,647.8605346679688,169.47210693359375,576.5913696289062,-1,-1,-1,-1
121,2,745.27001953125,621.49658203125,171.81524658203125,563.337890625,-1,-1,-1,-1
122,2,743.2527465820312,614.6024169921875,187.3697509765625,545.6966552734375,-1,-1,-1,-1
123,2,757.0143432617188,638.728759765625,222.812744140625,566.8558349609375,-1,-1,-1,-1
124,2,757.530029296875,652.0067138671875,232.10406494140625,601.319580078125,-1,-1,-1,-1
125,2,730.3773193359375,622.0474853515625,228.1234130859375,692.553466796875,-1,-1,-1,-1
126,2,713.5687255859375,669.8145751953125,245.295166015625,705.2005615234375,-1,-1,-1,-1
127,2,701.4020385742188,663.2233276367188,268.21240234375,710.2412719726562,-1,-1,-1,-1
128,2,664.031005859375,655.536865234375,302.67669677734375,730.7972412109375,-1,-1,-1,-1
129,2,623.1888427734375,638.3553466796875,350.0240478515625,771.8289794921875,-1,-1,-1,-1
130,2,638.5475463867188,552.217529296875,445.01629638671875,845.685302734375,-1,-1,-1,-1
131,2,667.252685546875,313.8411865234375,467.173583984375,802.1846923828125,-1,-1,-1,-1
132,2,529.2453002929688,105.42908477783203,598.5612182617188,949.300048828125,-1,-1,-1,-1
133,2,477.1233825683594,38.05181884765625,579.138671875,887.281494140625,-1,-1,-1,-1
134,2,426.4557800292969,47.778324127197266,582.90380859375,839.1091918945312,-1,-1,-1,-1
135,2,429.7900695800781,83.31088256835938,546.16015625,831.1314697265625,-1,-1,-1,-1
136,2,472.0113220214844,175.07235717773438,469.1039123535156,820.982666015625,-1,-1,-1,-1
137,2,506.51275634765625,308.7614440917969,414.23345947265625,790.6488037109375,-1,-1,-1,-1
138,2,569.891845703125,474.18817138671875,343.62689208984375,733.8672485351562,-1,-1,-1,-1
139,2,612.6275024414062,586.9063720703125,316.3297119140625,686.11572265625,-1,-1,-1,-1
140,2,624.183349609375,628.6849365234375,301.407470703125,649.6033935546875,-1,-1,-1,-1
141,2,644.7408447265625,630.6810302734375,283.3382568359375,615.7529296875,-1,-1,-1,-1
142,2,666.2967529296875,631.8795776367188,251.129638671875,586.3378295898438,-1,-1,-1,-1
143,2,683.5911865234375,644.7679443359375,233.48590087890625,567.2281494140625,-1,-1,-1,-1
144,2,699.9890747070312,668.1235961914062,222.24713134765625,557.8700561523438,-1,-1,-1,-1
145,2,698.470947265625,688.9313354492188,235.8748779296875,556.5647583007812,-1,-1,-1,-1
146,2,702.7764892578125,698.74853515625,242.0599365234375,563.0537109375,-1,-1,-1,-1
147,2,693.3115234375,703.5855712890625,261.103759765625,577.62939453125,-1,-1,-1,-1
148,2,673.455810546875,703.5316772460938,294.52911376953125,594.6345825195312,-1,-1,-1,-1
149,2,680.103759765625,704.4602661132812,300.02789306640625,615.1546020507812,-1,-1,-1,-1
150,2,689.400634765625,702.3384399414062,300.0054931640625,642.1005249023438,-1,-1,-1,-1
151,2,690.7781372070312,693.7891235351562,289.99151611328125,663.4356079101562,-1,-1,-1,-1
152,2,701.3048706054688,682.5296020507812,247.15081787109375,663.6782836914062,-1,-1,-1,-1
153,2,685.4739990234375,702.4634399414062,230.95947265625,652.7756958007812,-1,-1,-1,-1
154,2,700.3662719726562,706.6265869140625,215.7811279296875,630.4017333984375,-1,-1,-1,-1
155,2,711.2671508789062,698.4693603515625,201.043212890625,608.0831298828125,-1,-1,-1,-1
156,2,702.9669799804688,705.8201904296875,185.07659912109375,597.9085693359375,-1,-1,-1,-1
157,2,712.4026489257812,692.6603393554688,189.9659423828125,587.2229614257812,-1,-1,-1,-1
158,2,702.0776977539062,683.336669921875,187.96661376953125,471.1282958984375,-1,-1,-1,-1
159,2,713.373779296875,665.20166015625,171.71368408203125,570.85546875,-1,-1,-1,-1
160,2,717.5557861328125,663.8656616210938,164.605712890625,558.4039916992188,-1,-1,-1,-1
161,2,712.9367065429688,671.6011352539062,153.00714111328125,542.3226928710938,-1,-1,-1,-1
162,2,709.4701538085938,689.6613159179688,150.24005126953125,521.8694458007812,-1,-1,-1,-1
163,2,720.7140502929688,688.948486328125,142.073974609375,497.570068359375,-1,-1,-1,-1
164,2,722.95263671875,672.9022216796875,131.10968017578125,473.3428955078125,-1,-1,-1,-1
165,2,722.851318359375,674.9832763671875,127.54296875,457.4874267578125,-1,-1,-1,-1
166,2,722.5324096679688,697.33056640625,127.92633056640625,445.2132568359375,-1,-1,-1,-1
167,2,716.5216674804688,718.7085571289062,134.70196533203125,434.33123779296875,-1,-1,-1,-1
168,2,707.9398193359375,727.0330810546875,144.86138916015625,430.1607666015625,-1,-1,-1,-1
169,2,695.369384765625,722.7628173828125,145.4429931640625,426.8372802734375,-1,-1,-1,-1
170,2,691.859375,719.0955810546875,144.7125244140625,424.0238037109375,-1,-1,-1,-1
171,2,690.7885131835938,725.452880859375,155.09869384765625,436.651611328125,-1,-1,-1,-1
172,2,688.6015625,727.7548828125,164.7305908203125,451.6671142578125,-1,-1,-1,-1
173,2,690.9783935546875,718.972412109375,164.2154541015625,456.2799072265625,-1,-1,-1,-1
174,2,691.7885131835938,730.8970947265625,168.397705078125,468.418701171875,-1,-1,-1,-1
175,2,693.3629150390625,736.6638793945312,165.75762939453125,476.32769775390625,-1,-1,-1,-1
176,2,696.6681518554688,739.12841796875,160.44964599609375,486.001220703125,-1,-1,-1,-1
177,2,697.2677001953125,738.003662109375,157.86468505859375,497.6246337890625,-1,-1,-1,-1
178,2,696.898681640625,736.9920043945312,155.636474609375,508.05670166015625,-1,-1,-1,-1
179,2,691.7901000976562,728.3934326171875,155.56719970703125,519.226806640625,-1,-1,-1,-1
180,2,694.3006591796875,715.8050537109375,157.51690673828125,539.748779296875,-1,-1,-1,-1
181,2,689.0428466796875,704.9070434570312,162.568359375,557.9197387695312,-1,-1,-1,-1
182,2,686.516357421875,711.323486328125,161.75567626953125,573.47314453125,-1,-1,-1,-1
183,2,689.642578125,718.3209838867188,169.9998779296875,574.0156860351562,-1,-1,-1,-1
184,2,691.0901489257812,746.3909912109375,191.7537841796875,586.57763671875,-1,-1,-1,-1
185,2,694.5922241210938,763.104248046875,237.71112060546875,596.1571044921875,-1,-1,-1,-1
186,2,697.7977294921875,774.365234375,219.7889404296875,562.1324462890625,-1,-1,-1,-1
187,2,688.4699096679688,775.2116088867188,209.51690673828125,530.7202758789062,-1,-1,-1,-1
188,2,696.9043579101562,769.4282836914062,199.85467529296875,523.4530639648438,-1,-1,-1,-1
189,2,702.346923828125,756.9786987304688,196.865478515625,522.8648071289062,-1,-1,-1,-1
190,2,703.5232543945312,752.6693115234375,196.17645263671875,533.27685546875,-1,-1,-1,-1
191,2,715.9937744140625,764.28857421875,205.070556640625,529.8382568359375,-1,-1,-1,-1
192,2,721.98388671875,764.3410034179688,205.6090087890625,509.55450439453125,-1,-1,-1,-1
193,2,716.802001953125,752.0335083007812,184.7259521484375,477.03033447265625,-1,-1,-1,-1
194,2,714.7022705078125,739.9506225585938,152.080322265625,449.35186767578125,-1,-1,-1,-1
195,2,714.4432373046875,737.218994140625,138.41455078125,435.006591796875,-1,-1,-1,-1
196,2,714.2311401367188,732.4417724609375,134.12744140625,440.1273193359375,-1,-1,-1,-1
197,2,709.5426025390625,723.093017578125,130.323486328125,444.341796875,-1,-1,-1,-1
198,2,702.7809448242188,716.4669189453125,131.4068603515625,446.9559326171875,-1,-1,-1,-1
199,2,711.7940673828125,708.3027954101562,129.20819091796875,442.09381103515625,-1,-1,-1,-1
200,2,714.0357666015625,708.2781372070312,130.73040771484375,437.37371826171875,-1,-1,-1,-1
201,2,714.43603515625,724.0819702148438,134.38555908203125,436.40789794921875,-1,-1,-1,-1
202,2,722.916259765625,734.0043334960938,135.45697021484375,435.74786376953125,-1,-1,-1,-1
203,2,721.185302734375,751.59912109375,139.464599609375,442.5732421875,-1,-1,-1,-1
204,2,715.9760131835938,757.099853515625,154.7203369140625,458.1922607421875,-1,-1,-1,-1
205,2,709.0023803710938,743.2025756835938,169.6988525390625,484.19940185546875,-1,-1,-1,-1
206,2,703.2227783203125,737.1849365234375,192.75164794921875,509.3846435546875,-1,-1,-1,-1
207,2,706.6659545898438,736.1483764648438,223.64508056640625,530.9602661132812,-1,-1,-1,-1
208,2,705.3895874023438,743.0511474609375,240.36358642578125,552.8011474609375,-1,-1,-1,-1
209,2,713.3514404296875,712.7277221679688,244.76373291015625,613.3290405273438,-1,-1,-1,-1
210,2,727.5841064453125,754.6038208007812,241.40057373046875,582.1829223632812,-1,-1,-1,-1
211,2,722.5263671875,768.888916015625,228.6712646484375,587.822998046875,-1,-1,-1,-1
212,2,712.488037109375,758.25439453125,221.4810791015625,588.3116455078125,-1,-1,-1,-1
213,2,690.4685668945312,739.7791137695312,226.053955078125,581.2582397460938,-1,-1,-1,-1
214,2,686.8460693359375,705.3374633789062,232.7113037109375,580.0515747070312,-1,-1,-1,-1
215,2,679.2886962890625,681.9840087890625,242.5250244140625,585.129638671875,-1,-1,-1,-1
216,2,686.9432373046875,659.427978515625,243.163818359375,596.97314453125,-1,-1,-1,-1
217,2,695.09326171875,638.5150146484375,262.07159423828125,631.5655517578125,-1,-1,-1,-1
218,2,708.6170654296875,628.7745971679688,309.373291015625,743.6332397460938,-1,-1,-1,-1
219,2,702.376953125,636.9426879882812,274.94024658203125,657.0161743164062,-1,-1,-1,-1
220,2,684.3489990234375,662.9086303710938,250.301513671875,598.6329956054688,-1,-1,-1,-1
221,2,608.1074829101562,692.9373779296875,248.2493896484375,652.392822265625,-1,-1,-1,-1
222,2,587.5338745117188,692.29736328125,228.65093994140625,720.8304443359375,-1,-1,-1,-1
223,2,626.988525390625,659.4642333984375,239.572265625,751.415771484375,-1,-1,-1,-1
224,2,627.5233764648438,637.805908203125,243.9869384765625,773.0587158203125,-1,-1,-1,-1
225,2,628.1893920898438,600.3075561523438,257.78741455078125,543.6550903320312,-1,-1,-1,-1
226,2,638.8751220703125,527.4761352539062,275.48419189453125,504.74090576171875,-1,-1,-1,-1
227,2,653.1327514648438,463.5135192871094,270.786865234375,506.5936584472656,-1,-1,-1,-1
228,2,652.0638427734375,434.6669006347656,262.46551513671875,529.34423828125,-1,-1,-1,-1
229,2,655.3213500976562,436.15948486328125,246.50732421875,531.6553344726562,-1,-1,-1,-1
230,2,672.7935791015625,447.1169128417969,196.994873046875,579.388916015625,-1,-1,-1,-1
231,2,663.2339477539062,459.603759765625,200.01177978515625,564.28271484375,-1,-1,-1,-1
232,2,687.0943603515625,487.7915344238281,236.23846435546875,585.215576171875,-1,-1,-1,-1
233,2,694.6032104492188,530.8424682617188,167.10394287109375,597.7774047851562,-1,-1,-1,-1
234,2,688.7158813476562,571.244873046875,161.2139892578125,593.3941650390625,-1,-1,-1,-1
235,2,680.3160400390625,607.6261596679688,164.10015869140625,574.8667602539062,-1,-1,-1,-1
236,2,678.801513671875,659.632568359375,169.0859375,552.5535888671875,-1,-1,-1,-1
237,2,686.0194702148438,698.1141967773438,170.62030029296875,557.5982055664062,-1,-1,-1,-1
238,2,688.6993408203125,703.32568359375,169.7135009765625,574.68017578125,-1,-1,-1,-1
239,2,692.8486328125,702.2841796875,162.19342041015625,592.7901611328125,-1,-1,-1,-1
240,2,694.1305541992188,701.07861328125,160.70172119140625,588.9736328125,-1,-1,-1,-1
241,2,690.80517578125,701.173828125,160.3892822265625,580.31103515625,-1,-1,-1,-1
242,2,678.7261352539062,699.3834228515625,166.33184814453125,573.8778076171875,-1,-1,-1,-1
243,2,667.0125122070312,712.6444702148438,168.3914794921875,566.2992553710938,-1,-1,-1,-1
244,2,658.0157470703125,734.3226318359375,172.2142333984375,559.1204833984375,-1,-1,-1,-1
245,2,648.387939453125,756.9332885742188,180.16748046875,546.0985717773438,-1,-1,-1,-1
246,2,659.5928955078125,764.0556030273438,175.13226318359375,539.6089477539062,-1,-1,-1,-1
247,2,674.1732177734375,751.2823486328125,164.70220947265625,539.6982421875,-1,-1,-1,-1
248,2,671.1864013671875,725.4306640625,157.37841796875,544.9580078125,-1,-1,-1,-1
249,2,668.2705078125,705.88720703125,160.8326416015625,548.1011962890625,-1,-1,-1,-1
250,2,673.8119506835938,676.4368896484375,159.01611328125,535.896240234375,-1,-1,-1,-1
251,2,670.188232421875,672.40478515625,151.705810546875,514.3385009765625,-1,-1,-1,-1
252,2,661.6279907226562,691.8770141601562,153.57635498046875,497.27471923828125,-1,-1,-1,-1
253,2,663.1875610351562,700.3241577148438,156.01629638671875,484.63543701171875,-1,-1,-1,-1
254,2,672.8692016601562,720.392578125,163.1895751953125,484.534912109375,-1,-1,-1,-1
255,2,661.5254516601562,725.203369140625,160.39776611328125,482.861083984375,-1,-1,-1,-1
256,2,660.1364135742188,721.7002563476562,155.28973388671875,489.37847900390625,-1,-1,-1,-1
257,2,664.8609619140625,709.83740234375,152.874267578125,504.3310546875,-1,-1,-1,-1
258,2,661.7933959960938,708.3477783203125,155.17694091796875,533.5054931640625,-1,-1,-1,-1
259,2,662.7964477539062,706.9552612304688,160.21075439453125,549.3240356445312,-1,-1,-1,-1
260,2,669.9223022460938,703.1583251953125,168.47320556640625,552.0728759765625,-1,-1,-1,-1
261,2,669.4696044921875,700.8922119140625,169.75994873046875,562.938232421875,-1,-1,-1,-1
262,2,681.0311279296875,705.6250610351562,173.3221435546875,581.8136596679688,-1,-1,-1,-1
263,2,687.6043701171875,710.0299682617188,172.18145751953125,590.3557739257812,-1,-1,-1,-1
264,2,687.205078125,693.992431640625,172.0311279296875,589.14111328125,-1,-1,-1,-1
265,2,689.3890991210938,697.9664306640625,168.3154296875,592.4622802734375,-1,-1,-1,-1
266,2,689.480712890625,706.3380126953125,174.1397705078125,595.9530029296875,-1,-1,-1,-1
267,2,689.0191040039062,701.0066528320312,182.98175048828125,592.7625122070312,-1,-1,-1,-1
268,2,694.14208984375,685.3375854492188,191.9339599609375,588.3369750976562,-1,-1,-1,-1
269,2,694.4138793945312,686.18896484375,205.581787109375,594.6884765625,-1,-1,-1,-1
270,2,693.7965698242188,693.2733764648438,218.68017578125,607.7453002929688,-1,-1,-1,-1
271,2,695.0485229492188,702.3829345703125,219.93231201171875,617.1341552734375,-1,-1,-1,-1
272,2,695.7406005859375,718.022216796875,213.414794921875,623.8311767578125,-1,-1,-1,-1
273,2,700.7217407226562,722.5133666992188,203.43182373046875,620.3547973632812,-1,-1,-1,-1
274,2,699.3046264648438,708.981689453125,192.79150390625,611.6966552734375,-1,-1,-1,-1
275,2,703.9367065429688,702.098876953125,187.4508056640625,605.2431640625,-1,-1,-1,-1
276,2,716.0653076171875,702.6868896484375,181.58758544921875,603.1197509765625,-1,-1,-1,-1
277,2,719.0472412109375,694.1397705078125,178.11181640625,597.9278564453125,-1,-1,-1,-1
278,2,720.37109375,697.657470703125,176.79302978515625,593.96923828125,-1,-1,-1,-1
279,2,722.0919799804688,713.544921875,173.0992431640625,593.1585693359375,-1,-1,-1,-1
280,2,719.919921875,733.6588134765625,170.92578125,586.33056640625,-1,-1,-1,-1
281,2,721.62109375,728.0692138671875,168.15850830078125,579.0592041015625,-1,-1,-1,-1
282,2,723.2033081054688,723.8958740234375,167.802001953125,573.084716796875,-1,-1,-1,-1
283,2,717.4873657226562,709.392578125,164.84942626953125,566.651123046875,-1,-1,-1,-1
284,2,714.4513549804688,692.1027221679688,168.2657470703125,560.4985961914062,-1,-1,-1,-1
285,2,712.8333129882812,677.8402099609375,173.097900390625,568.0850830078125,-1,-1,-1,-1
286,2,714.2724609375,685.2141723632812,179.4989013671875,582.6310424804688,-1,-1,-1,-1
287,2,707.484375,713.8839721679688,196.193603515625,604.1149291992188,-1,-1,-1,-1
288,2,690.6992797851562,746.8072509765625,212.20269775390625,610.4659423828125,-1,-1,-1,-1
289,2,655.5807495117188,728.4220581054688,221.040283203125,596.1455688476562,-1,-1,-1,-1
290,2,651.9288330078125,701.1629638671875,222.537353515625,593.0028076171875,-1,-1,-1,-1
291,2,645.1048583984375,677.2474975585938,220.36419677734375,604.3445434570312,-1,-1,-1,-1
292,2,608.5202026367188,641.1112060546875,213.11090087890625,637.5272216796875,-1,-1,-1,-1
293,2,573.4599609375,597.7544555664062,205.658447265625,691.3928833007812,-1,-1,-1,-1
294,2,572.3422241210938,575.3289794921875,221.766357421875,765.5667724609375,-1,-1,-1,-1
295,2,640.9590454101562,560.9606323242188,221.09814453125,822.4490356445312,-1,-1,-1,-1
296,2,656.073974609375,559.8366088867188,235.70318603515625,848.6257934570312,-1,-1,-1,-1
297,2,645.8433227539062,547.84912109375,286.9267578125,829.338623046875,-1,-1,-1,-1
298,2,642.4249877929688,530.2050170898438,347.43804931640625,851.3331909179688,-1,-1,-1,-1
299,2,690.2308959960938,503.09857177734375,412.57379150390625,652.8316040039062,-1,-1,-1,-1
300,2,686.6442260742188,382.5621337890625,416.28607177734375,836.4757080078125,-1,-1,-1,-1
301,2,680.5260009765625,291.1665954589844,393.16552734375,1032.5404052734375,-1,-1,-1,-1
302,2,711.2559204101562,283.40057373046875,338.59002685546875,982.2933959960938,-1,-1,-1,-1
303,2,726.6414184570312,359.36224365234375,333.44183349609375,845.5465698242188,-1,-1,-1,-1
304,2,738.4255981445312,437.5060119628906,326.97808837890625,820.1253662109375,-1,-1,-1,-1
305,2,735.6320190429688,521.8634033203125,312.36627197265625,830.8321533203125,-1,-1,-1,-1
306,2,736.8359985351562,591.857421875,285.2830810546875,807.17041015625,-1,-1,-1,-1
307,2,740.5055541992188,678.4176635742188,275.16412353515625,729.3712768554688,-1,-1,-1,-1
308,2,749.4833374023438,746.67919921875,260.27392578125,659.4051513671875,-1,-1,-1,-1
309,2,743.4111938476562,807.5719604492188,253.91693115234375,600.1698608398438,-1,-1,-1,-1
310,2,744.0122680664062,846.0514526367188,241.2830810546875,563.1975708007812,-1,-1,-1,-1
311,2,748.9644165039062,846.4224243164062,223.5230712890625,560.9633178710938,-1,-1,-1,-1
312,2,747.6470947265625,856.1177368164062,214.5565185546875,547.5980834960938,-1,-1,-1,-1
313,2,756.3975830078125,858.7994384765625,207.9442138671875,539.0504150390625,-1,-1,-1,-1
314,2,754.014404296875,851.0292358398438,199.781494140625,536.1307983398438,-1,-1,-1,-1
315,2,752.7083129882812,853.5084228515625,190.8292236328125,546.443603515625,-1,-1,-1,-1
316,2,754.0465698242188,850.5074462890625,181.64715576171875,556.479248046875,-1,-1,-1,-1
317,2,742.5293579101562,805.8258056640625,176.72283935546875,575.53466796875,-1,-1,-1,-1
318,2,726.38330078125,783.1798706054688,183.500732421875,569.7753295898438,-1,-1,-1,-1
319,2,715.2822875976562,762.7350463867188,188.11651611328125,553.7528686523438,-1,-1,-1,-1
320,2,707.8511352539062,746.10791015625,186.9482421875,546.387939453125,-1,-1,-1,-1
321,2,702.6439208984375,736.6727294921875,169.0511474609375,531.6156005859375,-1,-1,-1,-1
322,2,696.4931640625,727.8717041015625,161.2200927734375,528.262451171875,-1,-1,-1,-1
323,2,691.9014892578125,724.969970703125,157.0697021484375,519.8800048828125,-1,-1,-1,-1
324,2,697.568359375,719.5010986328125,151.812744140625,512.652587890625,-1,-1,-1,-1
325,2,702.7831420898438,714.3096313476562,150.27105712890625,505.20806884765625,-1,-1,-1,-1
326,2,692.6434326171875,721.342041015625,148.9278564453125,503.203125,-1,-1,-1,-1
327,2,690.7788696289062,714.1427612304688,142.79248046875,497.43292236328125,-1,-1,-1,-1
328,2,693.5142822265625,695.2025146484375,141.2607421875,481.3330078125,-1,-1,-1,-1
329,2,700.3897094726562,681.2874755859375,143.7608642578125,467.3758544921875,-1,-1,-1,-1
330,2,704.8775024414062,675.33203125,148.58221435546875,455.7120361328125,-1,-1,-1,-1
331,2,716.7015991210938,682.4660034179688,147.46197509765625,444.19232177734375,-1,-1,-1,-1
332,2,719.7978515625,695.5260009765625,143.87799072265625,437.4761962890625,-1,-1,-1,-1
333,2,713.8287353515625,727.48876953125,145.9429931640625,452.9613037109375,-1,-1,-1,-1
334,2,710.3617553710938,762.915771484375,146.3126220703125,482.074462890625,-1,-1,-1,-1
335,2,702.9339599609375,764.4041137695312,148.8773193359375,422.91070556640625,-1,-1,-1,-1
336,2,703.5875244140625,749.8316650390625,145.1571044921875,419.177734375,-1,-1,-1,-1
337,2,709.4935302734375,747.2872924804688,145.61968994140625,414.18731689453125,-1,-1,-1,-1
338,2,713.9669799804688,737.0123901367188,147.0723876953125,400.30780029296875,-1,-1,-1,-1
339,2,711.6720581054688,721.1585083007812,147.10150146484375,497.72833251953125,-1,-1,-1,-1
340,2,715.5364990234375,723.52392578125,145.82635498046875,519.224365234375,-1,-1,-1,-1
341,2,715.6504516601562,723.2796630859375,152.50732421875,529.362060546875,-1,-1,-1,-1
342,2,713.6572875976562,728.3641967773438,149.75042724609375,546.6471557617188,-1,-1,-1,-1
343,2,712.656494140625,729.8760375976562,156.1378173828125,559.6498413085938,-1,-1,-1,-1
344,2,716.5896606445312,724.3187255859375,161.29742431640625,567.6077880859375,-1,-1,-1,-1
345,2,722.6176147460938,709.7184448242188,163.73760986328125,568.7433471679688,-1,-1,-1,-1
346,2,722.8749389648438,703.8773803710938,160.084716796875,577.8936157226562,-1,-1,-1,-1
347,2,724.6408081054688,716.0530395507812,161.60345458984375,579.5772094726562,-1,-1,-1,-1
348,2,729.9019775390625,752.6588745117188,167.08343505859375,573.6289672851562,-1,-1,-1,-1
349,2,741.9630126953125,778.0097045898438,165.0877685546875,571.6846313476562,-1,-1,-1,-1
350,2,735.5572509765625,777.5330200195312,161.834716796875,575.1980590820312,-1,-1,-1,-1
351,2,726.8701171875,771.7725219726562,154.78729248046875,582.9974975585938,-1,-1,-1,-1
352,2,720.74072265625,766.22265625,155.2689208984375,587.5667724609375,-1,-1,-1,-1
353,2,715.81982421875,747.986572265625,151.01531982421875,572.0361328125,-1,-1,-1,-1
354,2,715.0487060546875,734.3866577148438,145.4263916015625,532.4729614257812,-1,-1,-1,-1
355,2,717.1114501953125,734.255859375,144.646240234375,496.8006591796875,-1,-1,-1,-1
356,2,717.1030883789062,741.4166870117188,148.22637939453125,480.26116943359375,-1,-1,-1,-1
357,2,715.984375,757.4102783203125,150.81793212890625,477.389892578125,-1,-1,-1,-1
358,2,719.3363647460938,758.386962890625,152.86199951171875,478.31884765625,-1,-1,-1,-1
359,2,715.8119506835938,779.6484375,152.24530029296875,489.9852294921875,-1,-1,-1,-1
360,2,707.8179931640625,775.9918212890625,150.822265625,509.2347412109375,-1,-1,-1,-1
361,2,709.1259765625,760.7730102539062,152.0301513671875,530.0680541992188,-1,-1,-1,-1
362,2,705.995361328125,753.4638671875,153.6080322265625,548.9559326171875,-1,-1,-1,-1
363,2,704.6941528320312,751.5067749023438,155.93585205078125,550.1694946289062,-1,-1,-1,-1
364,2,712.806884765625,754.6315307617188,162.26690673828125,540.9973754882812,-1,-1,-1,-1
365,2,716.6055908203125,768.7642822265625,167.9765625,538.8631591796875,-1,-1,-1,-1
366,2,716.9752197265625,781.3418579101562,172.88250732421875,537.4439086914062,-1,-1,-1,-1
367,2,713.1698608398438,802.036376953125,173.89715576171875,543.5355224609375,-1,-1,-1,-1
368,2,705.0657348632812,813.167724609375,174.43060302734375,546.008056640625,-1,-1,-1,-1
369,2,702.5302734375,812.072265625,165.4095458984375,551.42919921875,-1,-1,-1,-1
370,2,700.572509765625,800.4401245117188,161.64373779296875,560.9269409179688,-1,-1,-1,-1
371,2,706.396240234375,770.0947265625,162.0428466796875,483.1748046875,-1,-1,-1,-1
372,2,715.1359252929688,769.554931640625,158.03851318359375,484.5845947265625,-1,-1,-1,-1
373,2,715.8956909179688,761.03369140625,156.69573974609375,563.5294189453125,-1,-1,-1,-1
374,2,712.1011962890625,748.1768798828125,156.0120849609375,564.414306640625,-1,-1,-1,-1
375,2,701.6064453125,737.3685302734375,157.35595703125,570.263427734375,-1,-1,-1,-1
376,2,695.214599609375,705.7469482421875,158.5086669921875,556.1322021484375,-1,-1,-1,-1
377,2,679.3796997070312,699.5899047851562,169.69677734375,555.4606323242188,-1,-1,-1,-1
378,2,652.8741455078125,697.58837890625,193.31121826171875,572.2095947265625,-1,-1,-1,-1
379,2,637.7084350585938,700.0034790039062,211.48895263671875,597.5900268554688,-1,-1,-1,-1
380,2,675.7513427734375,690.6466064453125,180.9150390625,607.2633056640625,-1,-1,-1,-1
381,2,696.22705078125,691.5101318359375,178.370849609375,612.08837890625,-1,-1,-1,-1
382,2,736.5184936523438,687.6063842773438,176.1903076171875,605.5043334960938,-1,-1,-1,-1
383,2,724.2278442382812,694.4261474609375,172.65582275390625,590.4560546875,-1,-1,-1,-1
384,2,688.7604370117188,682.0088500976562,168.23870849609375,572.6032104492188,-1,-1,-1,-1
385,2,673.7342529296875,671.6372680664062,176.42633056640625,563.2207641601562,-1,-1,-1,-1
386,2,663.27099609375,656.03955078125,186.090576171875,546.4530029296875,-1,-1,-1,-1
387,2,656.4985961914062,675.2728271484375,195.90087890625,525.5455322265625,-1,-1,-1,-1
388,2,653.7942504882812,696.1719360351562,188.60174560546875,502.33941650390625,-1,-1,-1,-1
389,2,675.9366455078125,737.1614379882812,161.53765869140625,486.20294189453125,-1,-1,-1,-1
390,2,690.1534423828125,761.7970581054688,166.26470947265625,492.86456298828125,-1,-1,-1,-1
391,2,693.8824462890625,771.4395751953125,160.6612548828125,502.7890625,-1,-1,-1,-1
392,2,699.6666259765625,793.09765625,148.454345703125,513.2275390625,-1,-1,-1,-1
393,2,705.646484375,808.7353515625,150.20440673828125,512.86474609375,-1,-1,-1,-1
394,2,700.4437866210938,793.4722290039062,153.14630126953125,494.54119873046875,-1,-1,-1,-1
395,2,694.560791015625,766.013916015625,150.6319580078125,491.7581787109375,-1,-1,-1,-1
396,2,699.71826171875,741.255859375,142.31402587890625,494.043212890625,-1,-1,-1,-1
397,2,697.7928466796875,721.8036499023438,139.29937744140625,499.33978271484375,-1,-1,-1,-1
398,2,694.2308959960938,727.665771484375,141.919189453125,500.5360107421875,-1,-1,-1,-1
399,2,691.7374877929688,735.0610961914062,142.73095703125,490.56561279296875,-1,-1,-1,-1
400,2,700.4370727539062,746.869384765625,146.39215087890625,479.72119140625,-1,-1,-1,-1
401,2,699.3463134765625,749.4013061523438,153.08673095703125,468.93475341796875,-1,-1,-1,-1
402,2,681.5422973632812,751.6255493164062,165.52142333984375,467.39727783203125,-1,-1,-1,-1
403,2,673.3367309570312,745.8001098632812,169.76263427734375,476.83587646484375,-1,-1,-1,-1
404,2,674.010986328125,734.5750732421875,167.3734130859375,504.5657958984375,-1,-1,-1,-1
405,2,666.0422973632812,716.244384765625,173.1051025390625,547.81982421875,-1,-1,-1,-1
406,2,660.1339111328125,728.8253173828125,181.84722900390625,610.5992431640625,-1,-1,-1,-1
407,2,646.350830078125,719.3385620117188,187.00384521484375,641.5111694335938,-1,-1,-1,-1
408,2,636.9766845703125,745.384521484375,211.42333984375,655.067626953125,-1,-1,-1,-1
409,2,643.377197265625,784.71435546875,213.35357666015625,626.506591796875,-1,-1,-1,-1
410,2,649.0604248046875,789.9028930664062,215.1488037109375,619.5393676757812,-1,-1,-1,-1
411,2,652.712646484375,781.2545166015625,219.34503173828125,627.3505859375,-1,-1,-1,-1
412,2,659.799560546875,766.2818603515625,214.66900634765625,628.6114501953125,-1,-1,-1,-1
413,2,663.103759765625,755.3714599609375,207.69891357421875,632.7359619140625,-1,-1,-1,-1
414,2,667.5626220703125,743.58837890625,206.84649658203125,636.0428466796875,-1,-1,-1,-1
415,2,669.7356567382812,738.1300659179688,203.3809814453125,638.1842651367188,-1,-1,-1,-1
416,2,672.39404296875,745.647705078125,208.43597412109375,634.1356201171875,-1,-1,-1,-1
417,2,662.496826171875,747.0624389648438,230.30328369140625,617.4061889648438,-1,-1,-1,-1
418,2,661.17333984375,740.3809814453125,249.2789306640625,593.160888671875,-1,-1,-1,-1
419,2,673.6005249023438,740.9522705078125,256.5323486328125,568.994140625,-1,-1,-1,-1
420,2,672.3924560546875,732.98828125,254.88739013671875,548.4097900390625,-1,-1,-1,-1
421,2,669.6806640625,724.7761840820312,252.1097412109375,527.6129760742188,-1,-1,-1,-1
422,2,663.5942993164062,719.3681640625,237.8951416015625,530.5137939453125,-1,-1,-1,-1
423,2,663.4732666015625,709.7223510742188,217.05194091796875,547.1526489257812,-1,-1,-1,-1
424,2,672.7190551757812,694.8805541992188,193.00482177734375,575.5878295898438,-1,-1,-1,-1
425,2,677.1978759765625,674.5432739257812,176.2537841796875,600.0800170898438,-1,-1,-1,-1
426,2,686.4638671875,669.300048828125,165.70068359375,613.249755859375,-1,-1,-1,-1
427,2,689.7011108398438,676.8988037109375,159.7015380859375,631.7825927734375,-1,-1,-1,-1
428,2,692.9957885742188,696.0006713867188,159.5372314453125,520.3815307617188,-1,-1,-1,-1
429,2,690.1309814453125,722.822265625,159.5489501953125,482.68017578125,-1,-1,-1,-1
430,2,681.6727294921875,743.24560546875,165.4901123046875,472.1143798828125,-1,-1,-1,-1
431,2,669.4204711914062,753.3157348632812,190.68621826171875,463.64654541015625,-1,-1,-1,-1
432,2,662.3659057617188,765.3757934570312,216.93145751953125,433.99688720703125,-1,-1,-1,-1
433,2,647.6620483398438,768.2244262695312,242.90057373046875,425.54132080078125,-1,-1,-1,-1
434,2,647.201904296875,769.8065185546875,254.88458251953125,425.91943359375,-1,-1,-1,-1
435,2,630.3971557617188,747.1817016601562,267.80133056640625,601.2697143554688,-1,-1,-1,-1
436,2,624.5851440429688,742.925048828125,294.70001220703125,602.533447265625,-1,-1,-1,-1
437,2,599.993408203125,720.6945190429688,328.9625244140625,620.4607543945312,-1,-1,-1,-1
438,2,587.060302734375,714.5260009765625,328.88458251953125,636.70361328125,-1,-1,-1,-1
439,2,590.7545776367188,736.8452758789062,308.49090576171875,641.7492065429688,-1,-1,-1,-1
440,2,611.521240234375,725.0305786132812,262.18841552734375,643.0452270507812,-1,-1,-1,-1
441,2,606.9656982421875,704.5823364257812,242.33917236328125,628.9389038085938,-1,-1,-1,-1
442,2,614.1578369140625,703.75830078125,229.47930908203125,612.88330078125,-1,-1,-1,-1
443,2,623.8265991210938,706.4925537109375,219.091064453125,604.177734375,-1,-1,-1,-1
444,2,633.2756958007812,709.4271240234375,216.38861083984375,594.4876708984375,-1,-1,-1,-1
445,2,641.5601196289062,714.3538208007812,245.46966552734375,585.5457153320312,-1,-1,-1,-1
446,2,648.2881469726562,713.7616577148438,282.17657470703125,577.6909790039062,-1,-1,-1,-1
447,2,653.7969360351562,716.0360107421875,290.50732421875,581.332275390625,-1,-1,-1,-1
448,2,634.3218383789062,724.8336181640625,291.5399169921875,589.542236328125,-1,-1,-1,-1
449,2,611.9134521484375,746.0527954101562,299.6864013671875,597.9132690429688,-1,-1,-1,-1
450,2,641.2147216796875,735.1735229492188,256.42205810546875,598.1826782226562,-1,-1,-1,-1
451,2,679.2471313476562,730.1719970703125,204.53155517578125,594.8492431640625,-1,-1,-1,-1
452,2,685.5031127929688,730.9808349609375,192.28948974609375,588.55126953125,-1,-1,-1,-1
453,2,687.641845703125,721.5732421875,190.57696533203125,570.3975830078125,-1,-1,-1,-1
454,2,686.4348754882812,723.8220825195312,218.75079345703125,555.0658569335938,-1,-1,-1,-1
455,2,678.9200439453125,733.443603515625,208.313232421875,543.6468505859375,-1,-1,-1,-1
456,2,675.006103515625,736.5875854492188,200.91314697265625,539.0734252929688,-1,-1,-1,-1
457,2,682.2281494140625,733.269775390625,200.86224365234375,546.06298828125,-1,-1,-1,-1
458,2,685.5750732421875,748.820068359375,201.01806640625,576.1793212890625,-1,-1,-1,-1
459,2,684.9122924804688,736.8419189453125,196.0557861328125,596.53125,-1,-1,-1,-1
460,2,688.8072509765625,760.627685546875,197.3480224609375,614.301513671875,-1,-1,-1,-1
461,2,693.87890625,785.2880249023438,183.82379150390625,617.7659301757812,-1,-1,-1,-1
462,2,692.1980590820312,799.721435546875,180.49090576171875,605.66796875,-1,-1,-1,-1
463,2,689.6227416992188,793.0509643554688,183.01983642578125,613.3536987304688,-1,-1,-1,-1
464,2,689.6481323242188,773.9644165039062,181.59954833984375,621.2473754882812,-1,-1,-1,-1
465,2,690.104736328125,760.9224853515625,183.59954833984375,616.3038330078125,-1,-1,-1,-1
466,2,698.2271728515625,746.305419921875,195.9669189453125,620.891845703125,-1,-1,-1,-1
467,2,702.4962158203125,733.0867919921875,211.69879150390625,628.2501220703125,-1,-1,-1,-1
468,2,697.72216796875,724.0316162109375,220.739013671875,635.4227294921875,-1,-1,-1,-1
469,2,689.2904663085938,728.2051391601562,235.4898681640625,633.1653442382812,-1,-1,-1,-1
470,2,691.0553588867188,736.484375,250.53729248046875,626.512451171875,-1,-1,-1,-1
471,2,691.4840087890625,746.2041625976562,283.30859375,628.7096557617188,-1,-1,-1,-1
472,2,690.1754150390625,757.0859375,310.59759521484375,601.9788818359375,-1,-1,-1,-1
473,2,680.7186889648438,767.8265380859375,330.22686767578125,539.6676025390625,-1,-1,-1,-1
474,2,675.0172729492188,772.5472412109375,338.07305908203125,584.1751708984375,-1,-1,-1,-1
475,2,674.1859741210938,770.2232055664062,330.70953369140625,552.1795043945312,-1,-1,-1,-1
476,2,674.7982788085938,764.4605102539062,322.05828857421875,529.7206420898438,-1,-1,-1,-1
477,2,682.0052490234375,759.6676635742188,317.945068359375,535.3314819335938,-1,-1,-1,-1
478,2,689.5241088867188,783.5877685546875,311.39300537109375,525.8369140625,-1,-1,-1,-1
479,2,688.9276123046875,789.4736938476562,306.737548828125,516.9118041992188,-1,-1,-1,-1
480,2,682.9755249023438,787.3941040039062,290.226806640625,507.05072021484375,-1,-1,-1,-1
481,2,677.5081176757812,782.55859375,292.06060791015625,561.63671875,-1,-1,-1,-1
482,2,677.2760009765625,789.47314453125,291.53656005859375,555.0714111328125,-1,-1,-1,-1
483,2,669.5625610351562,775.8467407226562,289.14208984375,554.2251586914062,-1,-1,-1,-1
484,2,669.0415649414062,764.84033203125,284.0030517578125,544.8060302734375,-1,-1,-1,-1
485,2,669.9564819335938,754.1765747070312,288.54534912109375,551.1010131835938,-1,-1,-1,-1
486,2,668.1287841796875,749.6077880859375,294.59356689453125,560.446044921875,-1,-1,-1,-1
487,2,668.3047485351562,769.255126953125,300.86883544921875,565.478759765625,-1,-1,-1,-1
488,2,671.6414794921875,776.68505859375,286.15606689453125,556.6732177734375,-1,-1,-1,-1
489,2,688.13427734375,786.852294921875,263.62664794921875,543.1412353515625,-1,-1,-1,-1
490,2,702.277587890625,782.637451171875,231.86328125,535.203369140625,-1,-1,-1,-1
491,2,698.0302734375,780.8297729492188,213.1182861328125,524.7512817382812,-1,-1,-1,-1
492,2,692.8535766601562,771.6937255859375,204.90924072265625,425.9107666015625,-1,-1,-1,-1
493,2,696.9673461914062,760.9105834960938,200.16876220703125,424.27069091796875,-1,-1,-1,-1
494,2,699.5658569335938,750.3047485351562,193.79229736328125,507.83905029296875,-1,-1,-1,-1
495,2,697.8160400390625,753.84423828125,190.8729248046875,506.009033203125,-1,-1,-1,-1
496,2,697.647216796875,760.77294921875,190.95025634765625,508.99462890625,-1,-1,-1,-1
497,2,692.8131103515625,775.6273803710938,188.1214599609375,512.5499877929688,-1,-1,-1,-1
498,2,685.5044555664062,783.5012817382812,184.44232177734375,504.20257568359375,-1,-1,-1,-1
499,2,675.4392700195312,792.1954956054688,183.249755859375,494.00787353515625,-1,-1,-1,-1
500,2,662.7908935546875,785.7371826171875,179.0924072265625,479.59765625,-1,-1,-1,-1
501,2,657.7293701171875,775.2755737304688,178.41156005859375,472.65557861328125,-1,-1,-1,-1
502,2,657.277587890625,761.517578125,181.825439453125,474.4315185546875,-1,-1,-1,-1
503,2,650.986083984375,754.884765625,189.33673095703125,477.8277587890625,-1,-1,-1,-1
504,2,648.3173217773438,766.862060546875,194.383544921875,484.157958984375,-1,-1,-1,-1
505,2,636.2918701171875,778.2980346679688,194.78924560546875,489.31048583984375,-1,-1,-1,-1
506,2,644.5157470703125,806.0413818359375,181.9368896484375,494.297119140625,-1,-1,-1,-1
507,2,647.41748046875,836.6488037109375,159.9296875,494.741943359375,-1,-1,-1,-1
508,2,654.3267822265625,838.4871215820312,157.99871826171875,442.45050048828125,-1,-1,-1,-1
509,2,659.3076782226562,832.1785278320312,159.52362060546875,428.73895263671875,-1,-1,-1,-1
510,2,672.4016723632812,829.3140258789062,154.83526611328125,403.85821533203125,-1,-1,-1,-1
511,2,675.2013549804688,823.3825073242188,157.15179443359375,398.64520263671875,-1,-1,-1,-1
512,2,674.1655883789062,806.845947265625,158.3536376953125,483.386474609375,-1,-1,-1,-1
513,2,678.1190795898438,796.4334716796875,160.1951904296875,505.016357421875,-1,-1,-1,-1
514,2,691.9464721679688,792.3118286132812,161.83135986328125,511.11944580078125,-1,-1,-1,-1
515,2,710.2442626953125,811.1241455078125,158.4437255859375,525.0865478515625,-1,-1,-1,-1
516,2,717.6209716796875,814.3397216796875,159.6956787109375,531.7781982421875,-1,-1,-1,-1
517,2,726.1762084960938,823.3016967773438,158.21746826171875,537.4586791992188,-1,-1,-1,-1
518,2,736.2233276367188,802.0147705078125,156.42034912109375,535.2742919921875,-1,-1,-1,-1
519,2,743.0712890625,776.3223876953125,153.3173828125,539.3360595703125,-1,-1,-1,-1
520,2,742.4365844726562,756.8499145507812,155.90234375,545.5382690429688,-1,-1,-1,-1
521,2,743.0924682617188,739.6106567382812,159.62921142578125,553.1209106445312,-1,-1,-1,-1
522,2,743.8705444335938,741.203857421875,167.4815673828125,569.2550048828125,-1,-1,-1,-1
523,2,737.8569946289062,775.560546875,174.78680419921875,604.2698974609375,-1,-1,-1,-1
524,2,737.623046875,742.9442749023438,176.59967041015625,613.6080932617188,-1,-1,-1,-1
525,2,756.85888671875,726.1341552734375,174.35394287109375,600.46240234375,-1,-1,-1,-1
526,2,760.5856323242188,764.8351440429688,181.9163818359375,583.6657104492188,-1,-1,-1,-1
527,2,753.4385986328125,770.9389038085938,181.05438232421875,558.6666870117188,-1,-1,-1,-1
528,2,733.5845947265625,756.0607299804688,178.649658203125,524.7728881835938,-1,-1,-1,-1
529,2,726.4227905273438,753.3687744140625,176.4195556640625,498.7691650390625,-1,-1,-1,-1
530,2,716.3995361328125,750.2378540039062,176.03375244140625,488.15924072265625,-1,-1,-1,-1
531,2,708.8531494140625,740.8988037109375,174.874755859375,484.2777099609375,-1,-1,-1,-1
532,2,712.4208374023438,729.91162109375,173.14520263671875,490.30810546875,-1,-1,-1,-1
533,2,702.4747924804688,722.4862060546875,182.97979736328125,498.8887939453125,-1,-1,-1,-1
534,2,703.119873046875,719.5724487304688,185.58013916015625,497.84954833984375,-1,-1,-1,-1
535,2,703.277587890625,747.254150390625,177.1043701171875,510.0364990234375,-1,-1,-1,-1
536,2,701.9396362304688,742.5991821289062,161.57086181640625,502.63348388671875,-1,-1,-1,-1
537,2,700.3516845703125,747.6847534179688,151.1209716796875,499.89300537109375,-1,-1,-1,-1
538,2,696.7509155273438,754.3080444335938,151.97454833984375,501.80938720703125,-1,-1,-1,-1
539,2,699.05712890625,747.5101928710938,151.435302734375,501.16265869140625,-1,-1,-1,-1
540,2,705.0068969726562,738.7429809570312,152.26141357421875,512.5300903320312,-1,-1,-1,-1
541,2,710.7108764648438,735.6192626953125,167.5732421875,535.0662841796875,-1,-1,-1,-1
542,2,715.9169311523438,755.9190673828125,180.747314453125,543.987548828125,-1,-1,-1,-1
543,2,706.807861328125,784.89013671875,185.644287109375,534.09716796875,-1,-1,-1,-1
544,2,699.676513671875,807.5946655273438,184.1824951171875,519.8124389648438,-1,-1,-1,-1
545,2,684.6234741210938,797.03955078125,184.5601806640625,513.9095458984375,-1,-1,-1,-1
546,2,668.0907592773438,778.8798828125,185.322998046875,508.4710693359375,-1,-1,-1,-1
547,2,661.0505981445312,760.438232421875,184.98345947265625,507.441650390625,-1,-1,-1,-1
548,2,661.0277709960938,756.5556030273438,177.776123046875,501.85723876953125,-1,-1,-1,-1
549,2,666.7084350585938,755.0756225585938,158.39154052734375,480.08087158203125,-1,-1,-1,-1
550,2,674.7127075195312,761.2357177734375,153.82879638671875,474.6431884765625,-1,-1,-1,-1
551,2,685.4058837890625,758.6246337890625,157.55322265625,482.2574462890625,-1,-1,-1,-1
552,2,683.6641235351562,744.0833740234375,150.31646728515625,497.1934814453125,-1,-1,-1,-1
553,2,688.3388061523438,726.6710815429688,148.21026611328125,517.9594116210938,-1,-1,-1,-1
554,2,687.521728515625,710.073486328125,145.693359375,528.0662841796875,-1,-1,-1,-1
555,2,682.9560546875,702.1275634765625,146.7904052734375,537.145263671875,-1,-1,-1,-1
556,2,688.7548217773438,703.657470703125,151.95355224609375,541.6588134765625,-1,-1,-1,-1
557,2,699.9105834960938,702.9503173828125,151.71661376953125,536.01220703125,-1,-1,-1,-1
558,2,710.3701171875,704.1176147460938,155.63360595703125,535.8375854492188,-1,-1,-1,-1
559,2,718.632080078125,711.3275756835938,160.475341796875,540.3463745117188,-1,-1,-1,-1
560,2,715.5626220703125,716.918212890625,166.0452880859375,571.016845703125,-1,-1,-1,-1
561,2,710.6555786132812,714.0382080078125,173.51318359375,617.748046875,-1,-1,-1,-1
562,2,716.3607788085938,697.9320068359375,188.28839111328125,637.06640625,-1,-1,-1,-1
563,2,702.3742065429688,695.7180786132812,225.46087646484375,648.5737915039062,-1,-1,-1,-1
564,2,700.1829223632812,783.02392578125,285.61138916015625,628.4786376953125,-1,-1,-1,-1
565,2,712.268798828125,750.1001586914062,280.81768798828125,656.0338745117188,-1,-1,-1,-1
566,2,646.1917114257812,732.2166748046875,248.62017822265625,571.900634765625,-1,-1,-1,-1
567,2,618.0293579101562,698.1243896484375,212.20758056640625,502.1837158203125,-1,-1,-1,-1
568,2,622.1934814453125,621.1944580078125,178.6246337890625,489.1590576171875,-1,-1,-1,-1
569,2,647.0524291992188,540.9655151367188,168.94488525390625,505.45050048828125,-1,-1,-1,-1
570,2,620.0982055664062,520.9432373046875,184.36810302734375,531.3511962890625,-1,-1,-1,-1
571,2,644.2564697265625,507.9681396484375,191.52130126953125,565.779052734375,-1,-1,-1,-1
572,2,634.3009033203125,509.16363525390625,196.77288818359375,596.8961791992188,-1,-1,-1,-1
573,2,613.3416137695312,512.3592529296875,226.3330078125,606.6580810546875,-1,-1,-1,-1
574,2,629.466796875,530.3162841796875,231.04443359375,610.4827880859375,-1,-1,-1,-1
575,2,632.8612670898438,544.2750244140625,250.97186279296875,647.6163330078125,-1,-1,-1,-1
576,2,631.6431274414062,503.60369873046875,284.9495849609375,657.7263793945312,-1,-1,-1,-1
577,2,641.3469848632812,518.5170288085938,296.4647216796875,666.6257934570312,-1,-1,-1,-1
578,2,661.5130615234375,597.697509765625,300.99005126953125,683.665283203125,-1,-1,-1,-1
579,2,685.195556640625,653.5928344726562,305.53167724609375,657.3571166992188,-1,-1,-1,-1
580,2,690.2573852539062,685.7222900390625,294.0247802734375,613.4820556640625,-1,-1,-1,-1
581,2,669.9692993164062,714.862060546875,239.16973876953125,551.276611328125,-1,-1,-1,-1
582,2,666.2899169921875,726.3843994140625,189.06292724609375,494.97216796875,-1,-1,-1,-1
583,2,678.359619140625,708.0049438476562,169.552001953125,474.07318115234375,-1,-1,-1,-1
584,2,677.8441772460938,683.5762939453125,164.10015869140625,471.24609375,-1,-1,-1,-1
585,2,677.6476440429688,656.4774780273438,151.75616455078125,476.20526123046875,-1,-1,-1,-1
586,2,674.9639892578125,651.6722412109375,147.2471923828125,474.1024169921875,-1,-1,-1,-1
587,2,672.5003662109375,668.3494262695312,147.06890869140625,469.46002197265625,-1,-1,-1,-1
588,2,670.25537109375,688.3062133789062,148.650390625,458.47808837890625,-1,-1,-1,-1
589,2,665.8051147460938,713.478271484375,154.84759521484375,453.2227783203125,-1,-1,-1,-1
590,2,665.3385620117188,728.5281372070312,162.04083251953125,459.11138916015625,-1,-1,-1,-1
591,2,663.7799072265625,744.6454467773438,172.0181884765625,468.37652587890625,-1,-1,-1,-1
592,2,659.7412109375,751.744384765625,173.64764404296875,485.2828369140625,-1,-1,-1,-1
593,2,655.0142211914062,755.96533203125,175.34588623046875,514.0582275390625,-1,-1,-1,-1
594,2,654.707275390625,767.0250244140625,173.7093505859375,553.18408203125,-1,-1,-1,-1
595,2,664.6669311523438,786.2948608398438,180.97381591796875,587.8021850585938,-1,-1,-1,-1
596,2,666.0128173828125,802.6256713867188,185.68408203125,598.5294799804688,-1,-1,-1,-1
597,2,661.4066162109375,818.9862060546875,187.1048583984375,589.5833740234375,-1,-1,-1,-1
598,2,659.6087646484375,832.9063720703125,188.8074951171875,577.394775390625,-1,-1,-1,-1
599,2,651.8560791015625,851.9003295898438,218.69793701171875,557.5891723632812,-1,-1,-1,-1
600,2,647.5413208007812,857.0407104492188,252.28057861328125,552.6946411132812,-1,-1,-1,-1
601,2,645.9940185546875,842.676513671875,307.51605224609375,566.1287841796875,-1,-1,-1,-1
35,3,1320.9271240234375,627.0972900390625,85.0869140625,272.52398681640625,-1,-1,-1,-1
36,3,1311.7698974609375,639.8406372070312,92.151611328125,268.456298828125,-1,-1,-1,-1
37,3,1297.40087890625,650.6713256835938,106.7841796875,263.82464599609375,-1,-1,-1,-1
38,3,1289.257080078125,660.642578125,114.928466796875,262.27166748046875,-1,-1,-1,-1
39,3,1261.8634033203125,649.2294921875,132.5101318359375,257.38397216796875,-1,-1,-1,-1
40,3,1229.947265625,653.5714111328125,135.2781982421875,250.931396484375,-1,-1,-1,-1
41,3,1208.7955322265625,668.683837890625,134.3787841796875,245.251708984375,-1,-1,-1,-1
42,3,1201.0841064453125,686.6396484375,130.9656982421875,242.50335693359375,-1,-1,-1,-1
43,3,1186.7655029296875,696.5442504882812,131.0567626953125,239.469482421875,-1,-1,-1,-1
44,3,1177.701171875,700.81396484375,123.8199462890625,237.82196044921875,-1,-1,-1,-1
45,3,1163.0386962890625,707.6000366210938,124.108154296875,234.14459228515625,-1,-1,-1,-1
46,3,1155.7996826171875,715.38818359375,124.7935791015625,234.9853515625,-1,-1,-1,-1
47,3,1147.4959716796875,717.505615234375,123.1307373046875,234.73388671875,-1,-1,-1,-1
48,3,1145.407958984375,724.7974243164062,127.5860595703125,230.1993408203125,-1,-1,-1,-1
49,3,1135.2421875,740.4960327148438,131.51416015625,231.29608154296875,-1,-1,-1,-1
50,3,1123.811767578125,743.5785522460938,133.921630859375,226.97265625,-1,-1,-1,-1
51,3,1120.91796875,737.2973022460938,132.889892578125,226.5228271484375,-1,-1,-1,-1
52,3,1114.782958984375,731.5696411132812,131.96630859375,226.35345458984375,-1,-1,-1,-1
53,3,1112.366455078125,722.7452392578125,127.915283203125,227.8070068359375,-1,-1,-1,-1
54,3,1106.822265625,717.8768310546875,125.9580078125,227.15362548828125,-1,-1,-1,-1
55,3,1097.4554443359375,723.3453979492188,131.892333984375,227.65106201171875,-1,-1,-1,-1
56,3,1091.3988037109375,738.6368408203125,129.46923828125,227.303955078125,-1,-1,-1,-1
57,3,1082.7220458984375,746.8361206054688,132.0233154296875,224.23809814453125,-1,-1,-1,-1
58,3,1070.4576416015625,751.6939697265625,128.952880859375,222.138671875,-1,-1,-1,-1
59,3,1057.569091796875,757.82421875,126.906494140625,219.65618896484375,-1,-1,-1,-1
60,3,1044.0400390625,745.8184814453125,124.7208251953125,218.28369140625,-1,-1,-1,-1
61,3,1035.764404296875,727.6204223632812,121.3455810546875,215.1414794921875,-1,-1,-1,-1
62,3,1024.5594482421875,718.5942993164062,116.7601318359375,212.6671142578125,-1,-1,-1,-1
63,3,1021.049560546875,716.6302490234375,114.278076171875,211.05560302734375,-1,-1,-1,-1
64,3,1011.2277221679688,719.2440795898438,116.91949462890625,208.36297607421875,-1,-1,-1,-1
65,3,1002.5469360351562,732.6989135742188,117.19036865234375,207.09271240234375,-1,-1,-1,-1
66,3,1007.62890625,743.250732421875,117.2061767578125,208.4208984375,-1,-1,-1,-1
67,3,1014.3917846679688,738.8319091796875,113.25128173828125,207.88128662109375,-1,-1,-1,-1
68,3,1016.3466796875,722.8174438476562,111.167724609375,208.7879638671875,-1,-1,-1,-1
69,3,1012.368896484375,725.0283813476562,106.8839111328125,209.01611328125,-1,-1,-1,-1
70,3,1009.798828125,716.9990844726562,104.123779296875,208.005859375,-1,-1,-1,-1
71,3,999.6315307617188,716.6288452148438,105.09515380859375,209.47210693359375,-1,-1,-1,-1
72,3,991.8206787109375,720.882080078125,103.311767578125,207.7401123046875,-1,-1,-1,-1
73,3,981.4309692382812,737.4783325195312,106.13726806640625,208.44189453125,-1,-1,-1,-1
74,3,968.0616455078125,760.0264892578125,107.2672119140625,208.72491455078125,-1,-1,-1,-1
75,3,941.8683471679688,753.3257446289062,105.32391357421875,202.61322021484375,-1,-1,-1,-1
76,3,921.715576171875,743.2752685546875,103.8475341796875,198.45916748046875,-1,-1,-1,-1
77,3,916.263427734375,750.1162109375,100.45233154296875,198.6424560546875,-1,-1,-1,-1
78,3,904.2296142578125,738.1654052734375,97.57110595703125,196.87774658203125,-1,-1,-1,-1
79,3,892.808349609375,720.9265747070312,94.126708984375,194.6942138671875,-1,-1,-1,-1
80,3,893.7095947265625,719.4129028320312,95.966796875,194.45440673828125,-1,-1,-1,-1
81,3,890.4441528320312,723.9638061523438,95.48388671875,193.74810791015625,-1,-1,-1,-1
82,3,882.8356323242188,730.716796875,100.6588134765625,189.9005126953125,-1,-1,-1,-1
83,3,860.6485595703125,733.4352416992188,99.1011962890625,189.04888916015625,-1,-1,-1,-1
84,3,842.0133056640625,719.166015625,99.8988037109375,187.65472412109375,-1,-1,-1,-1
85,3,844.5083618164062,713.577392578125,100.43878173828125,189.30499267578125,-1,-1,-1,-1
86,3,858.7167358398438,724.5427856445312,99.20306396484375,194.9639892578125,-1,-1,-1,-1
87,3,872.959716796875,724.93798828125,97.53302001953125,197.6558837890625,-1,-1,-1,-1
88,3,892.1271362304688,735.2501831054688,92.81146240234375,200.30096435546875,-1,-1,-1,-1
89,3,915.0106811523438,763.1705322265625,87.9320068359375,206.468505859375,-1,-1,-1,-1
90,3,920.6286010742188,735.4843139648438,91.56500244140625,206.6905517578125,-1,-1,-1,-1
91,3,922.6534423828125,722.0464477539062,90.755126953125,206.47906494140625,-1,-1,-1,-1
92,3,915.7392578125,718.6571044921875,91.0960693359375,208.88616943359375,-1,-1,-1,-1
93,3,921.3165283203125,715.6294555664062,95.67254638671875,211.28973388671875,-1,-1,-1,-1
94,3,920.01611328125,715.0513305664062,97.56927490234375,213.38934326171875,-1,-1,-1,-1
95,3,917.231689453125,709.6928100585938,96.6417236328125,215.9063720703125,-1,-1,-1,-1
96,3,922.4951171875,721.2500610351562,95.63519287109375,218.5789794921875,-1,-1,-1,-1
97,3,938.2114868164062,743.467529296875,91.86358642578125,222.7021484375,-1,-1,-1,-1
98,3,947.7821655273438,750.57421875,93.65826416015625,228.2227783203125,-1,-1,-1,-1
99,3,950.7879638671875,737.1949462890625,93.261474609375,229.479736328125,-1,-1,-1,-1
100,3,943.982421875,730.2885131835938,90.620361328125,227.0321044921875,-1,-1,-1,-1
101,3,934.9351806640625,723.1825561523438,92.4615478515625,228.8131103515625,-1,-1,-1,-1
102,3,936.367919921875,732.4778442382812,90.5413818359375,230.35260009765625,-1,-1,-1,-1
103,3,943.4551391601562,736.7154541015625,91.18206787109375,233.017333984375,-1,-1,-1,-1
104,3,947.1617431640625,749.385009765625,91.658447265625,233.6954345703125,-1,-1,-1,-1
105,3,947.9094848632812,751.8400268554688,94.60870361328125,234.5623779296875,-1,-1,-1,-1
106,3,945.76708984375,730.3598022460938,96.247314453125,230.521240234375,-1,-1,-1,-1
107,3,933.7445678710938,728.6588134765625,98.60589599609375,229.8487548828125,-1,-1,-1,-1
108,3,926.7353515625,725.52197265625,98.5350341796875,228.54400634765625,-1,-1,-1,-1
109,3,917.403076171875,714.5626220703125,95.9345703125,225.04107666015625,-1,-1,-1,-1
110,3,895.5281982421875,706.451904296875,95.30096435546875,220.95330810546875,-1,-1,-1,-1
111,3,878.1314086914062,709.641357421875,97.6478271484375,220.11614990234375,-1,-1,-1,-1
112,3,862.8786010742188,711.0664672851562,100.84979248046875,217.0714111328125,-1,-1,-1,-1
113,3,839.8245849609375,718.4254150390625,102.2978515625,216.132080078125,-1,-1,-1,-1
114,3,822.1834106445312,729.3758544921875,100.2596435546875,217.28759765625,-1,-1,-1,-1
115,3,812.3359375,724.4986572265625,90.85858154296875,219.62347412109375,-1,-1,-1,-1
116,3,843.8342895507812,715.8945922851562,89.619873046875,225.3277587890625,-1,-1,-1,-1
117,3,880.3297729492188,707.8695678710938,89.57257080078125,231.33685302734375,-1,-1,-1,-1
118,3,903.2322998046875,727.8482666015625,89.288330078125,239.7056884765625,-1,-1,-1,-1
119,3,951.3125,686.711181640625,93.1124267578125,242.417724609375,-1,-1,-1,-1
120,3,934.7677001953125,658.7939453125,93.2008056640625,239.842529296875,-1,-1,-1,-1
121,3,903.4386596679688,633.7260131835938,93.8492431640625,237.95538330078125,-1,-1,-1,-1
122,3,892.8767700195312,632.0121459960938,92.1529541015625,240.1663818359375,-1,-1,-1,-1
123,3,916.1500244140625,662.98681640625,100.45587158203125,246.944580078125,-1,-1,-1,-1
124,3,922.983642578125,672.852294921875,92.57330322265625,254.283203125,-1,-1,-1,-1
125,3,898.0650634765625,670.0054931640625,102.00390625,254.43304443359375,-1,-1,-1,-1
126,3,894.3981323242188,682.3214111328125,110.149169921875,265.4248046875,-1,-1,-1,-1
127,3,877.3433837890625,678.5211181640625,137.2799072265625,268.236572265625,-1,-1,-1,-1
128,3,848.4370727539062,683.6532592773438,153.052490234375,272.62127685546875,-1,-1,-1,-1
129,3,837.5389404296875,693.0638427734375,163.60919189453125,279.623779296875,-1,-1,-1,-1
130,3,880.3381958007812,639.3097534179688,189.04754638671875,285.7064208984375,-1,-1,-1,-1
131,3,904.9472045898438,423.0535888671875,232.46759033203125,306.68682861328125,-1,-1,-1,-1
132,3,863.6381225585938,256.24267578125,236.83111572265625,318.815185546875,-1,-1,-1,-1
133,3,831.6945190429688,165.14610290527344,249.81817626953125,324.3360595703125,-1,-1,-1,-1
134,3,814.7640380859375,154.52737426757812,260.036865234375,331.65142822265625,-1,-1,-1,-1
135,3,812.321533203125,195.22760009765625,235.0562744140625,328.99908447265625,-1,-1,-1,-1
136,3,823.8605346679688,291.47247314453125,202.86163330078125,320.0103759765625,-1,-1,-1,-1
137,3,821.9713134765625,405.2939758300781,182.900146484375,308.8821716308594,-1,-1,-1,-1
138,3,829.9047241210938,516.9255981445312,179.61822509765625,295.8021240234375,-1,-1,-1,-1
139,3,850.86767578125,590.8489379882812,180.9957275390625,289.26666259765625,-1,-1,-1,-1
140,3,865.7073364257812,621.6461181640625,170.97979736328125,287.76483154296875,-1,-1,-1,-1
141,3,878.6781005859375,628.9876708984375,152.8631591796875,285.1583251953125,-1,-1,-1,-1
142,3,887.88134765625,634.9597778320312,140.762939453125,281.105224609375,-1,-1,-1,-1
143,3,900.4583129882812,645.091552734375,140.98065185546875,278.86468505859375,-1,-1,-1,-1
144,3,915.2664184570312,666.0769653320312,141.75653076171875,279.416259765625,-1,-1,-1,-1
145,3,928.9811401367188,681.5696411132812,138.30084228515625,278.7308349609375,-1,-1,-1,-1
146,3,920.9691772460938,681.3570556640625,141.77264404296875,278.130615234375,-1,-1,-1,-1
147,3,917.4916381835938,679.977783203125,140.43011474609375,276.44561767578125,-1,-1,-1,-1
148,3,912.613525390625,678.2698974609375,141.0982666015625,277.46484375,-1,-1,-1,-1
149,3,914.6380615234375,679.6840209960938,146.71826171875,279.76934814453125,-1,-1,-1,-1
150,3,918.7596435546875,688.4998168945312,149.7183837890625,283.05426025390625,-1,-1,-1,-1
151,3,918.5162353515625,694.3213500976562,150.2783203125,286.6553955078125,-1,-1,-1,-1
152,3,920.2586669921875,692.3687744140625,146.135986328125,287.27630615234375,-1,-1,-1,-1
153,3,891.5573120117188,708.0910034179688,146.62799072265625,281.50787353515625,-1,-1,-1,-1
154,3,894.792724609375,699.6280517578125,145.41650390625,276.97015380859375,-1,-1,-1,-1
155,3,902.1005249023438,679.751220703125,141.28619384765625,274.8465576171875,-1,-1,-1,-1
156,3,891.4586791992188,682.8404541015625,140.35711669921875,272.3629150390625,-1,-1,-1,-1
157,3,899.4922485351562,668.7947387695312,137.84124755859375,270.52996826171875,-1,-1,-1,-1
158,3,899.1587524414062,659.88330078125,139.94415283203125,273.50665283203125,-1,-1,-1,-1
159,3,900.7638549804688,650.5338745117188,135.03302001953125,267.8250732421875,-1,-1,-1,-1
160,3,902.793212890625,651.7874145507812,133.2113037109375,264.3734130859375,-1,-1,-1,-1
161,3,891.1102294921875,660.304931640625,129.01885986328125,260.7275390625,-1,-1,-1,-1
162,3,887.8065185546875,679.7081298828125,123.64556884765625,257.968017578125,-1,-1,-1,-1
163,3,891.83154296875,680.5218505859375,126.50958251953125,255.04901123046875,-1,-1,-1,-1
164,3,888.90869140625,668.9280395507812,124.68890380859375,251.130859375,-1,-1,-1,-1
165,3,887.0606689453125,674.5134887695312,122.92822265625,246.6177978515625,-1,-1,-1,-1
166,3,878.6676025390625,695.1212158203125,129.65850830078125,244.2860107421875,-1,-1,-1,-1
167,3,870.2645874023438,712.9246215820312,130.3948974609375,244.550048828125,-1,-1,-1,-1
168,3,863.7207641601562,717.8309326171875,127.62994384765625,242.3660888671875,-1,-1,-1,-1
169,3,847.1840209960938,710.9445190429688,121.15234375,240.5775146484375,-1,-1,-1,-1
170,3,843.90625,705.6188354492188,117.38519287109375,238.79327392578125,-1,-1,-1,-1
171,3,846.1134033203125,712.4313354492188,115.4207763671875,239.76995849609375,-1,-1,-1,-1
172,3,845.0738525390625,713.4964599609375,116.77691650390625,240.30426025390625,-1,-1,-1,-1
173,3,849.2900390625,707.2866821289062,116.3172607421875,240.91680908203125,-1,-1,-1,-1
174,3,848.8935546875,717.4224853515625,119.7791748046875,240.0928955078125,-1,-1,-1,-1
175,3,852.539306640625,722.181640625,120.26080322265625,243.7484130859375,-1,-1,-1,-1
176,3,860.5218505859375,725.1442260742188,115.0711669921875,245.1029052734375,-1,-1,-1,-1
177,3,863.9533081054688,725.8020629882812,110.98675537109375,246.091064453125,-1,-1,-1,-1
178,3,865.3533325195312,726.27783203125,105.33331298828125,247.777099609375,-1,-1,-1,-1
179,3,863.1831665039062,722.2091674804688,103.60601806640625,249.966796875,-1,-1,-1,-1
180,3,866.4085083007812,720.6522216796875,100.14666748046875,252.11907958984375,-1,-1,-1,-1
181,3,861.7659301757812,719.4307250976562,99.856689453125,253.30023193359375,-1,-1,-1,-1
182,3,854.2410278320312,730.7247924804688,100.08966064453125,256.72662353515625,-1,-1,-1,-1
183,3,856.8903198242188,733.6314697265625,99.79827880859375,257.7852783203125,-1,-1,-1,-1
184,3,855.5421142578125,739.6766357421875,97.09588623046875,259.671875,-1,-1,-1,-1
185,3,846.333251953125,729.520751953125,93.05975341796875,255.0137939453125,-1,-1,-1,-1
186,3,839.5720825195312,709.1189575195312,91.6962890625,251.37554931640625,-1,-1,-1,-1
187,3,828.0911865234375,695.1151123046875,88.15557861328125,246.6112060546875,-1,-1,-1,-1
188,3,834.5927734375,694.6763916015625,84.576171875,242.80029296875,-1,-1,-1,-1
189,3,841.1399536132812,694.1591796875,83.38232421875,241.64129638671875,-1,-1,-1,-1
190,3,840.5890502929688,711.9902954101562,83.24957275390625,243.35418701171875,-1,-1,-1,-1
191,3,850.03271484375,736.98291015625,83.5975341796875,243.6632080078125,-1,-1,-1,-1
192,3,855.5881958007812,744.8153076171875,84.89715576171875,242.9130859375,-1,-1,-1,-1
193,3,847.4232788085938,733.1342163085938,86.69158935546875,238.19622802734375,-1,-1,-1,-1
194,3,845.3239135742188,722.5263671875,84.462646484375,236.116943359375,-1,-1,-1,-1
195,3,842.2427978515625,722.7135009765625,83.7677001953125,234.6058349609375,-1,-1,-1,-1
196,3,841.1837158203125,723.3007202148438,81.7864990234375,233.6815185546875,-1,-1,-1,-1
197,3,838.9891357421875,723.4241943359375,80.16558837890625,232.255126953125,-1,-1,-1,-1
198,3,833.0634765625,722.6964111328125,81.831298828125,231.34539794921875,-1,-1,-1,-1
199,3,839.59521484375,717.6898803710938,79.85992431640625,230.66058349609375,-1,-1,-1,-1
200,3,840.5679321289062,717.291015625,79.1673583984375,231.3922119140625,-1,-1,-1,-1
201,3,838.7392578125,730.676025390625,80.63397216796875,232.1343994140625,-1,-1,-1,-1
202,3,845.09619140625,739.3716430664062,84.057373046875,234.87957763671875,-1,-1,-1,-1
203,3,845.6803588867188,754.4935302734375,85.283203125,237.52252197265625,-1,-1,-1,-1
204,3,840.447265625,759.033935546875,87.29010009765625,238.06060791015625,-1,-1,-1,-1
205,3,838.1988525390625,749.0438232421875,87.0472412109375,235.847900390625,-1,-1,-1,-1
206,3,836.0045776367188,742.1388549804688,83.14501953125,238.9453125,-1,-1,-1,-1
207,3,839.763671875,739.1831665039062,88.325439453125,244.08038330078125,-1,-1,-1,-1
208,3,843.1672973632812,746.8016967773438,88.10333251953125,243.58160400390625,-1,-1,-1,-1
209,3,856.6103515625,753.157470703125,89.13494873046875,250.44537353515625,-1,-1,-1,-1
210,3,868.033447265625,752.8197631835938,90.9403076171875,251.21978759765625,-1,-1,-1,-1
211,3,867.4254150390625,760.2314453125,90.03192138671875,252.653564453125,-1,-1,-1,-1
212,3,864.1444091796875,742.3783569335938,86.85809326171875,252.67919921875,-1,-1,-1,-1
213,3,863.58935546875,715.0180053710938,85.903564453125,249.96209716796875,-1,-1,-1,-1
214,3,880.7659301757812,681.1492919921875,88.23699951171875,252.70306396484375,-1,-1,-1,-1
215,3,899.1565551757812,665.3047485351562,90.929931640625,249.53717041015625,-1,-1,-1,-1
216,3,923.6881713867188,651.7632446289062,93.20892333984375,255.63226318359375,-1,-1,-1,-1
217,3,950.55908203125,636.9578247070312,95.400634765625,257.1748046875,-1,-1,-1,-1
218,3,979.429931640625,626.7947998046875,96.340087890625,263.07513427734375,-1,-1,-1,-1
219,3,989.0067138671875,624.2272338867188,97.0155029296875,265.88720703125,-1,-1,-1,-1
220,3,1007.1558837890625,616.7176513671875,99.3087158203125,269.08642578125,-1,-1,-1,-1
221,3,972.2405395507812,615.69580078125,98.06988525390625,263.98773193359375,-1,-1,-1,-1
222,3,982.6431884765625,623.6737060546875,99.6832275390625,264.1241455078125,-1,-1,-1,-1
223,3,1073.859130859375,606.6320190429688,101.767578125,278.14862060546875,-1,-1,-1,-1
224,3,1118.86962890625,607.8738403320312,112.14599609375,285.57830810546875,-1,-1,-1,-1
225,3,1132.0888671875,566.8576049804688,114.2781982421875,288.67938232421875,-1,-1,-1,-1
226,3,1155.14404296875,496.4573974609375,127.5255126953125,295.3087158203125,-1,-1,-1,-1
227,3,1188.6484375,472.5403137207031,147.71142578125,300.8622741699219,-1,-1,-1,-1
228,3,1209.4700927734375,482.7492980957031,162.9461669921875,301.8323059082031,-1,-1,-1,-1
229,3,1230.669921875,520.809814453125,166.26611328125,306.4161376953125,-1,-1,-1,-1
230,3,1251.3529052734375,548.5238037109375,153.4058837890625,306.7279052734375,-1,-1,-1,-1
231,3,1278.2735595703125,562.843505859375,129.7435302734375,307.13861083984375,-1,-1,-1,-1
232,3,1295.85888671875,564.5532836914062,112.3555908203125,309.39208984375,-1,-1,-1,-1
233,3,1314.13818359375,590.4093017578125,94.5576171875,314.099365234375,-1,-1,-1,-1
234,3,1319.857421875,611.5594482421875,88.5606689453125,314.18157958984375,-1,-1,-1,-1
235,3,1316.2493896484375,616.56494140625,91.547119140625,314.1973876953125,-1,-1,-1,-1
236,3,1320.3883056640625,620.261474609375,87.0902099609375,314.0416259765625,-1,-1,-1,-1
237,3,1319.259521484375,633.9678955078125,87.75244140625,310.8612060546875,-1,-1,-1,-1
238,3,1314.504638671875,644.3943481445312,92.2647705078125,311.489501953125,-1,-1,-1,-1
239,3,1314.37646484375,655.1563720703125,92.2279052734375,311.00958251953125,-1,-1,-1,-1
240,3,1309.8094482421875,658.108154296875,95.9610595703125,309.50689697265625,-1,-1,-1,-1
241,3,1299.69921875,665.9734497070312,101.1673583984375,304.22967529296875,-1,-1,-1,-1
242,3,1281.7344970703125,667.6064453125,106.0670166015625,303.1522216796875,-1,-1,-1,-1
243,3,1260.8260498046875,676.5087890625,107.168212890625,297.13812255859375,-1,-1,-1,-1
244,3,1244.839599609375,694.1890869140625,109.5816650390625,293.71502685546875,-1,-1,-1,-1
245,3,1229.757568359375,706.2528686523438,111.945556640625,289.54656982421875,-1,-1,-1,-1
246,3,1216.5850830078125,699.6013793945312,111.110595703125,286.67120361328125,-1,-1,-1,-1
247,3,1204.3924560546875,687.5794067382812,106.135986328125,280.440673828125,-1,-1,-1,-1
248,3,1175.1077880859375,673.0482788085938,103.0184326171875,269.85565185546875,-1,-1,-1,-1
249,3,1148.47509765625,663.7784423828125,104.3277587890625,265.1361083984375,-1,-1,-1,-1
250,3,1135.163330078125,639.2832641601562,98.1934814453125,259.330810546875,-1,-1,-1,-1
251,3,1112.08447265625,640.4716186523438,101.0760498046875,253.04608154296875,-1,-1,-1,-1
252,3,1087.5384521484375,661.6292724609375,94.0648193359375,246.025390625,-1,-1,-1,-1
253,3,1066.749267578125,657.2805786132812,94.4295654296875,243.38824462890625,-1,-1,-1,-1
254,3,1066.303466796875,670.594482421875,93.3602294921875,241.4564208984375,-1,-1,-1,-1
255,3,1051.5338134765625,679.6226196289062,94.1732177734375,237.96307373046875,-1,-1,-1,-1
256,3,1046.0347900390625,674.0736694335938,89.2806396484375,235.74969482421875,-1,-1,-1,-1
257,3,1048.7130126953125,665.6578979492188,85.009765625,233.083984375,-1,-1,-1,-1
258,3,1040.9393310546875,670.6627807617188,86.0345458984375,231.50067138671875,-1,-1,-1,-1
259,3,1035.664306640625,673.3006591796875,85.874755859375,230.71563720703125,-1,-1,-1,-1
260,3,1035.406005859375,671.4361572265625,85.2379150390625,228.72119140625,-1,-1,-1,-1
261,3,1028.7938232421875,672.1937255859375,88.1898193359375,227.41845703125,-1,-1,-1,-1
262,3,1035.5703125,680.768798828125,85.3724365234375,226.7000732421875,-1,-1,-1,-1
263,3,1042.672607421875,691.5809936523438,85.0594482421875,227.92498779296875,-1,-1,-1,-1
264,3,1040.882568359375,676.5294189453125,85.3900146484375,226.8843994140625,-1,-1,-1,-1
265,3,1048.5020751953125,678.7743530273438,84.518310546875,228.4429931640625,-1,-1,-1,-1
266,3,1053.8299560546875,684.9180908203125,84.7666015625,230.4344482421875,-1,-1,-1,-1
267,3,1059.9349365234375,678.4230346679688,86.982421875,231.0203857421875,-1,-1,-1,-1
268,3,1070.9322509765625,662.711669921875,87.5126953125,232.35101318359375,-1,-1,-1,-1
269,3,1079.2802734375,666.821533203125,87.47607421875,235.83209228515625,-1,-1,-1,-1
270,3,1089.0264892578125,682.840576171875,87.84033203125,239.66668701171875,-1,-1,-1,-1
271,3,1098.5341796875,694.8046264648438,91.150634765625,240.7767333984375,-1,-1,-1,-1
272,3,1107.5474853515625,712.1251831054688,90.4324951171875,244.75213623046875,-1,-1,-1,-1
273,3,1118.4317626953125,709.3328857421875,90.058837890625,245.4000244140625,-1,-1,-1,-1
274,3,1116.0960693359375,687.09765625,92.602294921875,245.7840576171875,-1,-1,-1,-1
275,3,1119.33251953125,675.1167602539062,93.111328125,245.97772216796875,-1,-1,-1,-1
276,3,1131.939453125,674.70654296875,94.1158447265625,248.00433349609375,-1,-1,-1,-1
277,3,1133.85986328125,669.1517333984375,95.670166015625,247.3125,-1,-1,-1,-1
278,3,1134.9293212890625,675.0241088867188,97.975830078125,248.8021240234375,-1,-1,-1,-1
279,3,1133.0223388671875,689.58447265625,94.6085205078125,249.292724609375,-1,-1,-1,-1
280,3,1130.2335205078125,709.9885864257812,93.0986328125,252.66204833984375,-1,-1,-1,-1
281,3,1129.203369140625,706.51513671875,92.1236572265625,252.04644775390625,-1,-1,-1,-1
282,3,1129.9578857421875,703.916015625,94.80517578125,253.35498046875,-1,-1,-1,-1
283,3,1122.7152099609375,699.1780395507812,97.04833984375,253.26300048828125,-1,-1,-1,-1
284,3,1124.240966796875,693.8038940429688,98.640625,255.2188720703125,-1,-1,-1,-1
285,3,1131.1171875,686.9951782226562,100.03271484375,259.969970703125,-1,-1,-1,-1
286,3,1144.51904296875,696.32763671875,100.1268310546875,264.88232421875,-1,-1,-1,-1
287,3,1159.827880859375,730.7434692382812,104.67822265625,271.01715087890625,-1,-1,-1,-1
288,3,1159.985107421875,760.9607543945312,107.5194091796875,275.89154052734375,-1,-1,-1,-1
289,3,1125.0889892578125,739.4296875,109.6859130859375,271.329345703125,-1,-1,-1,-1
290,3,1109.8603515625,709.5372314453125,117.270751953125,267.6309814453125,-1,-1,-1,-1
291,3,1092.4093017578125,692.3322143554688,113.60595703125,264.763671875,-1,-1,-1,-1
292,3,1036.233154296875,672.860107421875,110.6109619140625,261.01129150390625,-1,-1,-1,-1
293,3,998.3209838867188,629.077392578125,95.25457763671875,238.31573486328125,-1,-1,-1,-1
294,3,1008.8116455078125,639.3851318359375,99.2001953125,257.57427978515625,-1,-1,-1,-1
295,3,1076.1578369140625,637.136962890625,112.3955078125,288.7183837890625,-1,-1,-1,-1
296,3,1092.015625,651.7456665039062,123.798583984375,301.18170166015625,-1,-1,-1,-1
297,3,1080.641357421875,630.5488891601562,121.3759765625,326.0567626953125,-1,-1,-1,-1
298,3,1082.473388671875,595.71240234375,117.2508544921875,316.73077392578125,-1,-1,-1,-1
299,3,1141.875732421875,568.5753784179688,128.236083984375,339.6998291015625,-1,-1,-1,-1
300,3,1180.6513671875,458.6084289550781,133.7958984375,359.2561950683594,-1,-1,-1,-1
301,3,1201.2581787109375,386.9429626464844,131.939208984375,376.2992858886719,-1,-1,-1,-1
302,3,1195.8941650390625,345.7892150878906,131.0770263671875,391.3234558105469,-1,-1,-1,-1
303,3,1193.8978271484375,386.51177978515625,135.092529296875,379.474365234375,-1,-1,-1,-1
304,3,1188.435302734375,426.58624267578125,137.584228515625,378.27435302734375,-1,-1,-1,-1
305,3,1175.490234375,501.8078308105469,137.539794921875,372.0715026855469,-1,-1,-1,-1
306,3,1170.767333984375,564.0260620117188,146.92138671875,367.53265380859375,-1,-1,-1,-1
307,3,1174.107666015625,630.1919555664062,155.5439453125,363.27752685546875,-1,-1,-1,-1
308,3,1172.46630859375,683.012939453125,160.8590087890625,357.2239990234375,-1,-1,-1,-1
309,3,1162.8907470703125,732.9878540039062,160.367431640625,351.36285400390625,-1,-1,-1,-1
310,3,1154.8575439453125,765.4088745117188,154.6177978515625,345.15191650390625,-1,-1,-1,-1
311,3,1146.6036376953125,761.6095581054688,142.3216552734375,338.99053955078125,-1,-1,-1,-1
312,3,1137.297119140625,770.6976318359375,136.9241943359375,331.8218994140625,-1,-1,-1,-1
313,3,1137.9503173828125,774.80224609375,135.85107421875,329.8079833984375,-1,-1,-1,-1
314,3,1130.46630859375,779.5637817382812,134.280029296875,321.94000244140625,-1,-1,-1,-1
315,3,1122.5570068359375,792.6494750976562,132.6925048828125,318.69683837890625,-1,-1,-1,-1
316,3,1112.4752197265625,787.8009643554688,133.5487060546875,314.65362548828125,-1,-1,-1,-1
317,3,1094.2398681640625,750.2747802734375,121.6947021484375,305.517822265625,-1,-1,-1,-1
318,3,1071.289306640625,723.7308349609375,113.8685302734375,295.9876708984375,-1,-1,-1,-1
319,3,1052.7698974609375,697.4618530273438,109.051025390625,288.36370849609375,-1,-1,-1,-1
320,3,1041.45166015625,675.5511474609375,104.13134765625,283.78765869140625,-1,-1,-1,-1
321,3,1035.6549072265625,666.7285766601562,100.4686279296875,275.864013671875,-1,-1,-1,-1
322,3,1023.4063110351562,663.91943359375,99.43634033203125,271.26556396484375,-1,-1,-1,-1
323,3,1019.120361328125,670.175537109375,95.793212890625,269.5660400390625,-1,-1,-1,-1
324,3,1021.3170776367188,677.7284545898438,96.59735107421875,265.22772216796875,-1,-1,-1,-1
325,3,1022.0032958984375,679.3719482421875,96.1351318359375,263.41387939453125,-1,-1,-1,-1
326,3,1007.111328125,691.2867431640625,94.9703369140625,259.157958984375,-1,-1,-1,-1
327,3,998.4340209960938,694.439208984375,94.23565673828125,254.889892578125,-1,-1,-1,-1
328,3,996.92236328125,684.318359375,91.166748046875,249.1678466796875,-1,-1,-1,-1
329,3,997.6286010742188,677.324951171875,90.95989990234375,244.00048828125,-1,-1,-1,-1
330,3,996.2146606445312,674.237060546875,90.61151123046875,241.12127685546875,-1,-1,-1,-1
331,3,1001.397705078125,679.9547729492188,90.1634521484375,239.53009033203125,-1,-1,-1,-1
332,3,999.2017211914062,691.0633544921875,89.75823974609375,238.14837646484375,-1,-1,-1,-1
333,3,988.5753173828125,716.8206787109375,87.5140380859375,236.5546875,-1,-1,-1,-1
334,3,980.7935180664062,742.75830078125,86.19891357421875,236.1187744140625,-1,-1,-1,-1
335,3,974.9503173828125,743.82421875,85.5518798828125,234.18853759765625,-1,-1,-1,-1
336,3,973.0016479492188,728.388916015625,84.61663818359375,232.6319580078125,-1,-1,-1,-1
337,3,976.6482543945312,723.1419677734375,84.55828857421875,229.04205322265625,-1,-1,-1,-1
338,3,978.4052734375,709.3262329101562,83.9981689453125,228.77301025390625,-1,-1,-1,-1
339,3,978.1998291015625,699.1670532226562,84.8177490234375,228.60345458984375,-1,-1,-1,-1
340,3,980.0582275390625,705.55419921875,83.3685302734375,225.8897705078125,-1,-1,-1,-1
341,3,982.71728515625,713.307373046875,88.786376953125,228.54339599609375,-1,-1,-1,-1
342,3,985.4580078125,729.8082275390625,86.578125,229.2083740234375,-1,-1,-1,-1
343,3,990.0868530273438,732.00341796875,85.02801513671875,229.63153076171875,-1,-1,-1,-1
344,3,998.09228515625,726.0454711914062,87.671875,232.567138671875,-1,-1,-1,-1
345,3,1009.0762329101562,709.3109741210938,90.25384521484375,233.61334228515625,-1,-1,-1,-1
346,3,1012.2793579101562,696.0852661132812,89.89239501953125,233.39215087890625,-1,-1,-1,-1
347,3,1016.99609375,696.7192993164062,91.5889892578125,234.27984619140625,-1,-1,-1,-1
348,3,1022.5430297851562,717.4712524414062,88.64764404296875,236.2794189453125,-1,-1,-1,-1
349,3,1034.5977783203125,736.2928466796875,88.1282958984375,237.3370361328125,-1,-1,-1,-1
350,3,1031.5673828125,739.0281982421875,90.7918701171875,237.58074951171875,-1,-1,-1,-1
351,3,1019.2236938476562,739.0498657226562,90.98883056640625,236.7457275390625,-1,-1,-1,-1
352,3,1017.2025146484375,737.700927734375,86.6331787109375,235.69244384765625,-1,-1,-1,-1
353,3,1007.9373168945312,729.6716918945312,88.16314697265625,233.7701416015625,-1,-1,-1,-1
354,3,1005.2987060546875,717.537841796875,84.4306640625,231.47900390625,-1,-1,-1,-1
355,3,1007.3958740234375,718.400146484375,84.4283447265625,230.92578125,-1,-1,-1,-1
356,3,1005.2686767578125,726.4736938476562,88.7713623046875,229.97174072265625,-1,-1,-1,-1
357,3,1003.809814453125,739.969482421875,90.70166015625,229.8658447265625,-1,-1,-1,-1
358,3,1006.776611328125,737.8531494140625,87.14111328125,229.21624755859375,-1,-1,-1,-1
359,3,1005.9343872070312,757.3589477539062,86.66778564453125,229.833251953125,-1,-1,-1,-1
360,3,996.3214721679688,749.050537109375,87.09307861328125,228.7276611328125,-1,-1,-1,-1
361,3,999.4901123046875,729.938720703125,85.0789794921875,230.05987548828125,-1,-1,-1,-1
362,3,999.8745727539062,723.9346313476562,83.02008056640625,230.68157958984375,-1,-1,-1,-1
363,3,1002.1016235351562,720.436767578125,87.53753662109375,230.55718994140625,-1,-1,-1,-1
364,3,1015.6832885742188,719.326904296875,85.98663330078125,231.35980224609375,-1,-1,-1,-1
365,3,1020.915283203125,728.68115234375,84.96923828125,232.4686279296875,-1,-1,-1,-1
366,3,1021.2410888671875,737.1929931640625,86.374755859375,233.2012939453125,-1,-1,-1,-1
367,3,1017.184814453125,751.1925659179688,87.7220458984375,233.82403564453125,-1,-1,-1,-1
368,3,1015.280517578125,759.9212646484375,88.98193359375,237.4412841796875,-1,-1,-1,-1
369,3,1016.752197265625,759.1131591796875,87.6611328125,238.37200927734375,-1,-1,-1,-1
370,3,1017.0097045898438,753.6283569335938,87.81744384765625,239.45526123046875,-1,-1,-1,-1
371,3,1023.6660766601562,746.0,88.60760498046875,239.1297607421875,-1,-1,-1,-1
372,3,1029.842529296875,736.84521484375,88.6866455078125,242.69537353515625,-1,-1,-1,-1
373,3,1029.3427734375,739.1655883789062,88.720947265625,244.5670166015625,-1,-1,-1,-1
374,3,1026.3441162109375,737.0547485351562,89.7530517578125,245.1514892578125,-1,-1,-1,-1
375,3,1019.2029418945312,738.3021850585938,88.74542236328125,245.68353271484375,-1,-1,-1,-1
376,3,1018.7040405273438,711.4713134765625,89.26422119140625,248.7568359375,-1,-1,-1,-1
377,3,1018.5218505859375,708.460693359375,90.10302734375,250.74609375,-1,-1,-1,-1
378,3,1021.6844482421875,712.7039794921875,92.18994140625,257.6226806640625,-1,-1,-1,-1
379,3,1031.00244140625,722.9940185546875,94.8916015625,262.96148681640625,-1,-1,-1,-1
380,3,1045.2908935546875,713.142333984375,96.4521484375,268.0015869140625,-1,-1,-1,-1
381,3,1057.2135009765625,706.7334594726562,99.3668212890625,270.81634521484375,-1,-1,-1,-1
382,3,1089.832275390625,694.1768798828125,100.49462890625,275.18145751953125,-1,-1,-1,-1
383,3,1061.4847412109375,689.5746459960938,97.8968505859375,267.8216552734375,-1,-1,-1,-1
384,3,1003.5211181640625,664.749755859375,93.385498046875,256.2132568359375,-1,-1,-1,-1
385,3,963.0609741210938,646.8245239257812,90.25506591796875,250.07421875,-1,-1,-1,-1
386,3,939.5972900390625,632.568115234375,90.9949951171875,245.5262451171875,-1,-1,-1,-1
387,3,929.9111938476562,648.0172119140625,92.8658447265625,244.69427490234375,-1,-1,-1,-1
388,3,931.0955810546875,666.8984375,93.14349365234375,247.19000244140625,-1,-1,-1,-1
389,3,944.3658447265625,696.8490600585938,96.2349853515625,249.601806640625,-1,-1,-1,-1
390,3,962.0722045898438,711.1275024414062,97.56988525390625,256.400390625,-1,-1,-1,-1
391,3,978.3544311523438,721.826904296875,96.20050048828125,261.8243408203125,-1,-1,-1,-1
392,3,996.2274169921875,740.0396118164062,97.81396484375,267.41748046875,-1,-1,-1,-1
393,3,1016.2671508789062,750.3982543945312,98.51373291015625,271.764892578125,-1,-1,-1,-1
394,3,1019.434326171875,738.0885620117188,96.9119873046875,274.40594482421875,-1,-1,-1,-1
395,3,1016.2600708007812,722.4588012695312,97.83367919921875,274.465087890625,-1,-1,-1,-1
396,3,1019.9346923828125,711.399169921875,98.8260498046875,278.3875732421875,-1,-1,-1,-1
397,3,1020.19189453125,708.4609375,100.9736328125,281.5484619140625,-1,-1,-1,-1
398,3,1024.0361938476562,722.3640747070312,104.48345947265625,289.15179443359375,-1,-1,-1,-1
399,3,1028.8682861328125,728.170166015625,105.5535888671875,292.70892333984375,-1,-1,-1,-1
400,3,1048.101806640625,735.9765014648438,108.6278076171875,303.16900634765625,-1,-1,-1,-1
401,3,1059.935302734375,725.2649536132812,109.44091796875,310.30218505859375,-1,-1,-1,-1
402,3,1060.2210693359375,723.0361938476562,110.79443359375,312.75946044921875,-1,-1,-1,-1
403,3,1065.1019287109375,717.6676635742188,114.3878173828125,319.77886962890625,-1,-1,-1,-1
404,3,1084.072265625,712.9078369140625,117.617431640625,329.75830078125,-1,-1,-1,-1
405,3,1093.69189453125,710.164794921875,121.6859130859375,336.6690673828125,-1,-1,-1,-1
406,3,1110.2928466796875,741.345947265625,126.7589111328125,348.927734375,-1,-1,-1,-1
407,3,1108.9266357421875,736.488037109375,126.340576171875,354.1309814453125,-1,-1,-1,-1
408,3,1106.28564453125,745.4534912109375,128.156494140625,350.6864013671875,-1,-1,-1,-1
409,3,1120.092529296875,765.1848754882812,128.2965087890625,350.65399169921875,-1,-1,-1,-1
410,3,1123.9918212890625,749.1185913085938,125.6185302734375,349.19354248046875,-1,-1,-1,-1
411,3,1126.34765625,732.638671875,124.0166015625,344.30712890625,-1,-1,-1,-1
412,3,1126.6766357421875,722.3201904296875,122.3712158203125,339.7655029296875,-1,-1,-1,-1
413,3,1128.865478515625,727.6185913085938,122.373779296875,336.03704833984375,-1,-1,-1,-1
414,3,1135.5841064453125,731.168212890625,120.4112548828125,333.67919921875,-1,-1,-1,-1
415,3,1137.4674072265625,735.7858276367188,119.5697021484375,329.62530517578125,-1,-1,-1,-1
416,3,1137.2515869140625,738.6016235351562,118.2919921875,329.36541748046875,-1,-1,-1,-1
417,3,1117.20166015625,723.7738037109375,119.3887939453125,319.578369140625,-1,-1,-1,-1
418,3,1108.24462890625,699.6227416992188,116.5626220703125,310.57086181640625,-1,-1,-1,-1
419,3,1118.5831298828125,685.3375244140625,116.0023193359375,305.388427734375,-1,-1,-1,-1
420,3,1120.15576171875,673.1001586914062,112.7841796875,301.6295166015625,-1,-1,-1,-1
421,3,1119.0029296875,661.2926635742188,108.2540283203125,295.69635009765625,-1,-1,-1,-1
422,3,1114.1585693359375,661.4896850585938,106.677978515625,292.0904541015625,-1,-1,-1,-1
423,3,1112.5289306640625,657.6588745117188,104.7359619140625,288.56591796875,-1,-1,-1,-1
424,3,1116.6541748046875,651.6820678710938,103.857666015625,285.8782958984375,-1,-1,-1,-1
425,3,1119.107177734375,646.2249755859375,105.2470703125,282.6011962890625,-1,-1,-1,-1
426,3,1127.6865234375,648.382568359375,104.3348388671875,281.96337890625,-1,-1,-1,-1
427,3,1133.6385498046875,654.4324951171875,105.673583984375,282.404541015625,-1,-1,-1,-1
428,3,1145.2816162109375,665.6469116210938,105.007080078125,285.14764404296875,-1,-1,-1,-1
429,3,1148.77734375,674.3418579101562,105.6732177734375,283.00408935546875,-1,-1,-1,-1
430,3,1148.2164306640625,680.0050048828125,106.626953125,284.00933837890625,-1,-1,-1,-1
431,3,1155.86083984375,679.3637084960938,107.303466796875,285.9678955078125,-1,-1,-1,-1
432,3,1171.0684814453125,676.0835571289062,108.72314453125,288.4990234375,-1,-1,-1,-1
433,3,1181.310791015625,661.4315185546875,108.8072509765625,290.44140625,-1,-1,-1,-1
434,3,1193.816650390625,647.5221557617188,114.576904296875,293.227294921875,-1,-1,-1,-1
435,3,1202.0230712890625,632.9795532226562,111.7301025390625,297.29296875,-1,-1,-1,-1
436,3,1225.5853271484375,635.7764282226562,113.7880859375,303.28094482421875,-1,-1,-1,-1
437,3,1239.3206787109375,646.786376953125,115.6026611328125,313.0718994140625,-1,-1,-1,-1
438,3,1235.313720703125,667.3626708984375,116.570068359375,316.3021240234375,-1,-1,-1,-1
439,3,1231.5621337890625,717.4345092773438,123.0791015625,317.74530029296875,-1,-1,-1,-1
440,3,1206.330322265625,718.4357299804688,127.6607666015625,315.34222412109375,-1,-1,-1,-1
441,3,1175.9091796875,702.8336181640625,123.05712890625,310.68585205078125,-1,-1,-1,-1
442,3,1157.2164306640625,692.6560668945312,125.906494140625,314.11627197265625,-1,-1,-1,-1
443,3,1148.26123046875,691.2354736328125,125.271484375,309.3043212890625,-1,-1,-1,-1
444,3,1142.0445556640625,686.8673095703125,123.539306640625,309.3453369140625,-1,-1,-1,-1
445,3,1131.0843505859375,688.1763916015625,127.9061279296875,306.67547607421875,-1,-1,-1,-1
446,3,1124.3187255859375,688.6640625,119.6033935546875,303.6480712890625,-1,-1,-1,-1
447,3,1113.983642578125,695.9771728515625,121.12841796875,305.22442626953125,-1,-1,-1,-1
448,3,1102.122802734375,718.6544799804688,119.4344482421875,302.09259033203125,-1,-1,-1,-1
449,3,1082.906494140625,746.4353637695312,117.8050537109375,301.29803466796875,-1,-1,-1,-1
450,3,1048.3199462890625,736.1433715820312,105.673583984375,292.77716064453125,-1,-1,-1,-1
451,3,1025.2200927734375,734.5486450195312,103.2606201171875,288.6650390625,-1,-1,-1,-1
452,3,1004.7493286132812,736.2362670898438,103.02056884765625,285.060546875,-1,-1,-1,-1
453,3,982.3547973632812,723.6168823242188,105.80694580078125,278.541015625,-1,-1,-1,-1
454,3,960.43798828125,722.6731567382812,98.412841796875,274.0538330078125,-1,-1,-1,-1
455,3,934.4393310546875,729.295654296875,98.841064453125,268.575927734375,-1,-1,-1,-1
456,3,908.8236083984375,733.6510009765625,96.290771484375,261.87237548828125,-1,-1,-1,-1
457,3,897.3914794921875,736.2247924804688,94.63763427734375,261.15966796875,-1,-1,-1,-1
458,3,885.2256469726562,759.7879028320312,92.805908203125,260.275634765625,-1,-1,-1,-1
459,3,867.1729736328125,745.5804443359375,91.65313720703125,254.8800048828125,-1,-1,-1,-1
460,3,862.7698974609375,759.23828125,89.373291015625,254.27294921875,-1,-1,-1,-1
461,3,859.0477294921875,773.7994995117188,89.1668701171875,253.49346923828125,-1,-1,-1,-1
462,3,850.4906616210938,773.3540649414062,86.609375,252.99957275390625,-1,-1,-1,-1
463,3,839.0747680664062,758.74853515625,88.50531005859375,246.71258544921875,-1,-1,-1,-1
464,3,834.120361328125,746.8826904296875,86.32733154296875,241.3089599609375,-1,-1,-1,-1
465,3,830.664306640625,737.3832397460938,84.22625732421875,240.17901611328125,-1,-1,-1,-1
466,3,827.8055419921875,737.54296875,85.84228515625,241.12127685546875,-1,-1,-1,-1
467,3,819.9942016601562,740.2039184570312,88.880126953125,239.83038330078125,-1,-1,-1,-1
468,3,808.041259765625,746.9266967773438,83.42279052734375,234.08447265625,-1,-1,-1,-1
469,3,793.295166015625,753.7861328125,84.48138427734375,223.40240478515625,-1,-1,-1,-1
470,3,789.910888671875,751.9660034179688,83.94122314453125,216.45843505859375,-1,-1,-1,-1
471,3,779.9323120117188,748.9168090820312,81.40411376953125,205.45892333984375,-1,-1,-1,-1
472,3,777.3530883789062,748.7367553710938,77.28662109375,205.7945556640625,-1,-1,-1,-1
473,3,762.0023193359375,742.3074340820312,83.3536376953125,216.46795654296875,-1,-1,-1,-1
474,3,741.3214111328125,737.036865234375,95.1673583984375,224.416748046875,-1,-1,-1,-1
475,3,741.5759887695312,729.6159057617188,91.5289306640625,214.4298095703125,-1,-1,-1,-1
476,3,740.3765258789062,731.1890258789062,90.3199462890625,207.6519775390625,-1,-1,-1,-1
477,3,740.6712646484375,742.30419921875,90.5042724609375,189.58123779296875,-1,-1,-1,-1
478,3,746.618896484375,771.501220703125,83.1552734375,160.21697998046875,-1,-1,-1,-1
479,3,741.813720703125,771.4151000976562,76.625,153.8900146484375,-1,-1,-1,-1
480,3,728.3970947265625,758.4170532226562,86.4241943359375,196.4940185546875,-1,-1,-1,-1
481,3,727.8396606445312,748.296142578125,81.55950927734375,202.16455078125,-1,-1,-1,-1
482,3,725.8797607421875,744.2819213867188,84.5069580078125,202.9136962890625,-1,-1,-1,-1
483,3,719.4714965820312,738.6610107421875,82.32257080078125,200.576904296875,-1,-1,-1,-1
484,3,717.9857788085938,735.0279541015625,87.02178955078125,203.96673583984375,-1,-1,-1,-1
485,3,716.8140869140625,738.5034790039062,75.603759765625,166.22857666015625,-1,-1,-1,-1
486,3,699.85888671875,754.8222045898438,97.095703125,182.00299072265625,-1,-1,-1,-1
487,3,698.47705078125,770.779541015625,99.39208984375,191.07342529296875,-1,-1,-1,-1
488,3,699.9703369140625,770.0172729492188,80.14453125,175.42242431640625,-1,-1,-1,-1
489,3,709.8180541992188,766.1396484375,92.09857177734375,212.95947265625,-1,-1,-1,-1
490,3,714.842529296875,757.0452880859375,89.71051025390625,223.87353515625,-1,-1,-1,-1
491,3,706.208251953125,749.7282104492188,89.8231201171875,223.725830078125,-1,-1,-1,-1
492,3,696.4758911132812,740.7188720703125,88.48974609375,213.45611572265625,-1,-1,-1,-1
493,3,690.1649780273438,737.6585693359375,84.6136474609375,214.7890625,-1,-1,-1,-1
494,3,683.35546875,739.0847778320312,78.2264404296875,217.43896484375,-1,-1,-1,-1
495,3,670.8271484375,754.2503051757812,78.7750244140625,217.83056640625,-1,-1,-1,-1
496,3,663.0916748046875,771.26123046875,78.06640625,219.47259521484375,-1,-1,-1,-1
497,3,657.3443603515625,786.3305053710938,78.3909912109375,222.77398681640625,-1,-1,-1,-1
498,3,646.4357299804688,787.41748046875,79.0150146484375,222.3046875,-1,-1,-1,-1
499,3,641.6323852539062,788.926513671875,80.94122314453125,222.1749267578125,-1,-1,-1,-1
500,3,636.4974365234375,777.1805419921875,81.91741943359375,221.76605224609375,-1,-1,-1,-1
501,3,636.6229248046875,764.9908447265625,86.9549560546875,220.59735107421875,-1,-1,-1,-1
502,3,641.53564453125,754.9600830078125,90.42510986328125,210.9991455078125,-1,-1,-1,-1
503,3,643.7439575195312,754.3314819335938,88.79864501953125,213.30609130859375,-1,-1,-1,-1
504,3,648.2112426757812,769.6968383789062,88.32568359375,220.02886962890625,-1,-1,-1,-1
505,3,648.4830932617188,782.9305419921875,85.1314697265625,222.0491943359375,-1,-1,-1,-1
506,3,657.4887084960938,802.7869873046875,84.98541259765625,214.6146240234375,-1,-1,-1,-1
507,3,663.0304565429688,818.3392333984375,84.9847412109375,221.3575439453125,-1,-1,-1,-1
508,3,668.7171020507812,806.00634765625,85.0433349609375,221.533203125,-1,-1,-1,-1
509,3,678.0194702148438,790.0401611328125,91.57073974609375,221.77447509765625,-1,-1,-1,-1
510,3,681.63818359375,781.4525146484375,88.65789794921875,223.07440185546875,-1,-1,-1,-1
511,3,684.5808715820312,775.4788208007812,86.57513427734375,219.3148193359375,-1,-1,-1,-1
512,3,683.6119384765625,764.8548583984375,84.76544189453125,223.13671875,-1,-1,-1,-1
513,3,686.5687255859375,764.0488891601562,87.7576904296875,223.93951416015625,-1,-1,-1,-1
514,3,696.9400024414062,768.3032836914062,86.17181396484375,223.8502197265625,-1,-1,-1,-1
515,3,704.8223876953125,790.8348388671875,84.2828369140625,233.00762939453125,-1,-1,-1,-1
516,3,708.5694580078125,795.5552978515625,85.925048828125,234.2401123046875,-1,-1,-1,-1
517,3,711.7250366210938,802.4473266601562,88.2275390625,238.47454833984375,-1,-1,-1,-1
518,3,718.4223022460938,780.2628173828125,90.13397216796875,237.8863525390625,-1,-1,-1,-1
519,3,720.3095703125,760.4254150390625,89.352783203125,234.2523193359375,-1,-1,-1,-1
520,3,719.3507080078125,748.0909423828125,87.8665771484375,231.45465087890625,-1,-1,-1,-1
521,3,719.389892578125,740.522216796875,88.24017333984375,233.73590087890625,-1,-1,-1,-1
522,3,720.986083984375,757.9347534179688,86.94451904296875,245.7969970703125,-1,-1,-1,-1
523,3,712.615234375,806.346923828125,87.0032958984375,257.671142578125,-1,-1,-1,-1
524,3,711.0467529296875,783.91748046875,85.20098876953125,256.718505859375,-1,-1,-1,-1
525,3,725.0294799804688,762.2459716796875,86.1632080078125,256.1754150390625,-1,-1,-1,-1
526,3,727.1632080078125,777.232421875,88.8880615234375,259.0478515625,-1,-1,-1,-1
527,3,724.618896484375,757.8592529296875,90.1649169921875,256.632568359375,-1,-1,-1,-1
528,3,706.3575439453125,721.67529296875,90.89483642578125,249.91729736328125,-1,-1,-1,-1
529,3,697.3903198242188,706.4396362304688,89.2645263671875,244.56817626953125,-1,-1,-1,-1
530,3,691.420166015625,698.9450073242188,87.77880859375,242.49041748046875,-1,-1,-1,-1
531,3,687.8758544921875,694.9789428710938,87.02630615234375,240.92730712890625,-1,-1,-1,-1
532,3,693.8338012695312,696.7550048828125,84.5606689453125,240.61968994140625,-1,-1,-1,-1
533,3,686.8460083007812,709.2932739257812,88.74365234375,239.355224609375,-1,-1,-1,-1
534,3,687.2542724609375,723.2216186523438,90.89874267578125,236.69732666015625,-1,-1,-1,-1
535,3,686.562744140625,754.0950927734375,91.18121337890625,240.64288330078125,-1,-1,-1,-1
536,3,690.7814331054688,744.7708740234375,87.46490478515625,235.3824462890625,-1,-1,-1,-1
537,3,687.3024291992188,743.138427734375,91.67236328125,238.4537353515625,-1,-1,-1,-1
538,3,683.8689575195312,742.8182373046875,92.44232177734375,238.49530029296875,-1,-1,-1,-1
539,3,682.8339233398438,733.8305053710938,91.28570556640625,241.31988525390625,-1,-1,-1,-1
540,3,684.4878540039062,730.0394287109375,88.58331298828125,241.75408935546875,-1,-1,-1,-1
541,3,681.9312133789062,735.0753784179688,87.60687255859375,245.34747314453125,-1,-1,-1,-1
542,3,681.166259765625,752.4124145507812,86.3975830078125,252.3658447265625,-1,-1,-1,-1
543,3,666.6378784179688,763.850830078125,86.8018798828125,255.0670166015625,-1,-1,-1,-1
544,3,654.8607177734375,765.392333984375,91.83642578125,255.3056640625,-1,-1,-1,-1
545,3,639.9482421875,750.3519897460938,91.42578125,250.3359375,-1,-1,-1,-1
546,3,627.018798828125,734.4212646484375,87.60693359375,247.51019287109375,-1,-1,-1,-1
547,3,619.2813110351562,721.8529663085938,88.48675537109375,247.19195556640625,-1,-1,-1,-1
548,3,620.2059326171875,722.1087036132812,87.218017578125,249.98931884765625,-1,-1,-1,-1
549,3,628.8257446289062,723.6513671875,84.42218017578125,247.00433349609375,-1,-1,-1,-1
550,3,636.0390625,737.6255493164062,85.5733642578125,248.449462890625,-1,-1,-1,-1
551,3,646.15673828125,744.4307861328125,84.694580078125,248.85888671875,-1,-1,-1,-1
552,3,643.9575805664062,739.4254150390625,86.70745849609375,247.12738037109375,-1,-1,-1,-1
553,3,646.8373413085938,732.3787841796875,86.91510009765625,247.1513671875,-1,-1,-1,-1
554,3,646.26953125,721.8825073242188,87.26263427734375,247.25506591796875,-1,-1,-1,-1
555,3,645.1685791015625,716.9334716796875,89.348876953125,248.4095458984375,-1,-1,-1,-1
556,3,655.8404541015625,719.7396240234375,88.101318359375,248.36083984375,-1,-1,-1,-1
557,3,667.5478515625,715.849365234375,87.7265625,248.68359375,-1,-1,-1,-1
558,3,676.7079467773438,717.9805297851562,88.625,247.810791015625,-1,-1,-1,-1
559,3,681.677978515625,726.2987060546875,89.86407470703125,251.09344482421875,-1,-1,-1,-1
560,3,674.7351684570312,736.0330810546875,91.93023681640625,256.58465576171875,-1,-1,-1,-1
561,3,669.7647094726562,739.6715087890625,91.63165283203125,258.159423828125,-1,-1,-1,-1
562,3,679.5585327148438,731.449951171875,92.87042236328125,258.85986328125,-1,-1,-1,-1
563,3,665.3303833007812,731.853759765625,100.53375244140625,262.67938232421875,-1,-1,-1,-1
564,3,657.78076171875,809.001220703125,102.8712158203125,283.4232177734375,-1,-1,-1,-1
565,3,657.7906494140625,741.7171630859375,105.66412353515625,265.93621826171875,-1,-1,-1,-1
566,3,588.7412109375,659.914306640625,120.51568603515625,254.7725830078125,-1,-1,-1,-1
567,3,559.53662109375,587.3185424804688,128.44744873046875,251.32537841796875,-1,-1,-1,-1
568,3,560.6766357421875,520.1121215820312,134.040771484375,254.57257080078125,-1,-1,-1,-1
569,3,583.0137329101562,476.98779296875,126.3438720703125,255.0606689453125,-1,-1,-1,-1
570,3,559.3923950195312,494.78173828125,118.2056884765625,252.55694580078125,-1,-1,-1,-1
571,3,589.8610229492188,518.7935180664062,100.36737060546875,249.31427001953125,-1,-1,-1,-1
572,3,571.3758544921875,551.47509765625,92.2454833984375,250.406005859375,-1,-1,-1,-1
573,3,548.7462158203125,576.3035278320312,96.35345458984375,252.71954345703125,-1,-1,-1,-1
574,3,563.7286376953125,606.4534912109375,110.46746826171875,259.02349853515625,-1,-1,-1,-1
575,3,569.3004150390625,630.789306640625,110.80596923828125,265.09027099609375,-1,-1,-1,-1
576,3,570.0386962890625,602.1906127929688,120.69586181640625,272.84747314453125,-1,-1,-1,-1
577,3,587.3366088867188,614.3690185546875,122.64178466796875,272.33319091796875,-1,-1,-1,-1
578,3,616.67041015625,683.0496826171875,114.25750732421875,278.3656005859375,-1,-1,-1,-1
579,3,643.09228515625,727.5048828125,120.41802978515625,279.37860107421875,-1,-1,-1,-1
580,3,649.30126953125,744.5,119.12274169921875,278.93048095703125,-1,-1,-1,-1
581,3,627.3966064453125,748.6884155273438,121.01263427734375,279.98394775390625,-1,-1,-1,-1
582,3,627.5706176757812,740.7657470703125,105.02081298828125,274.144287109375,-1,-1,-1,-1
583,3,638.0621948242188,722.8765869140625,101.07098388671875,262.10211181640625,-1,-1,-1,-1
584,3,639.59521484375,711.6845703125,98.37152099609375,253.675537109375,-1,-1,-1,-1
585,3,642.6649780273438,699.891357421875,92.9310302734375,250.5513916015625,-1,-1,-1,-1
586,3,643.6425170898438,706.0140380859375,92.744384765625,247.96038818359375,-1,-1,-1,-1
587,3,638.3428344726562,725.2247924804688,93.79901123046875,252.333251953125,-1,-1,-1,-1
588,3,636.5947265625,740.0249633789062,95.06207275390625,255.11920166015625,-1,-1,-1,-1
589,3,632.7479248046875,755.70751953125,93.5703125,260.75244140625,-1,-1,-1,-1
590,3,632.1537475585938,763.079833984375,99.02899169921875,261.783203125,-1,-1,-1,-1
591,3,633.8651733398438,775.7083740234375,103.66912841796875,272.4852294921875,-1,-1,-1,-1
592,3,630.768310546875,785.8714599609375,104.05572509765625,274.229736328125,-1,-1,-1,-1
593,3,632.7626953125,797.86181640625,97.49334716796875,275.8780517578125,-1,-1,-1,-1
594,3,636.0094604492188,813.9315185546875,97.756591796875,281.8868408203125,-1,-1,-1,-1
595,3,648.1713256835938,829.79833984375,98.73394775390625,279.9630126953125,-1,-1,-1,-1
596,3,653.3119506835938,831.7428588867188,105.454833984375,282.51934814453125,-1,-1,-1,-1
597,3,650.6318359375,825.4918212890625,111.0927734375,277.854248046875,-1,-1,-1,-1
598,3,652.0228271484375,815.1217041015625,108.41143798828125,275.8870849609375,-1,-1,-1,-1
599,3,652.7118530273438,813.6119384765625,104.9512939453125,268.7664794921875,-1,-1,-1,-1
600,3,657.2096557617188,816.1187744140625,100.98492431640625,266.26123046875,-1,-1,-1,-1
601,3,670.398193359375,810.0060424804688,98.40203857421875,258.80133056640625,-1,-1,-1,-1
57,4,816.8475952148438,792.839111328125,42.6259765625,93.7462158203125,-1,-1,-1,-1
58,4,806.30126953125,799.0489501953125,42.30535888671875,95.80615234375,-1,-1,-1,-1
59,4,791.2860107421875,800.1734619140625,40.1373291015625,92.20233154296875,-1,-1,-1,-1
60,4,781.7434692382812,787.4801025390625,40.23931884765625,92.8851318359375,-1,-1,-1,-1
61,4,772.26318359375,767.3706665039062,45.625244140625,100.50701904296875,-1,-1,-1,-1
62,4,767.0538330078125,756.6826171875,39.52130126953125,91.1422119140625,-1,-1,-1,-1
63,4,763.3868408203125,754.7235717773438,39.83868408203125,83.61444091796875,-1,-1,-1,-1
64,4,745.5703125,746.2750854492188,69.13702392578125,131.60284423828125,-1,-1,-1,-1
67,4,743.126708984375,754.5591430664062,100.79473876953125,168.2030029296875,-1,-1,-1,-1
90,5,718.7833251953125,763.79296875,145.43524169921875,387.2406005859375,-1,-1,-1,-1
91,5,726.072998046875,762.3780517578125,135.6971435546875,370.0921630859375,-1,-1,-1,-1
92,5,703.9642333984375,766.1161499023438,141.57611083984375,363.37579345703125,-1,-1,-1,-1
93,5,692.526611328125,763.1563720703125,154.15771484375,366.2662353515625,-1,-1,-1,-1
94,5,678.0836181640625,762.7820434570312,165.7216796875,377.99945068359375,-1,-1,-1,-1
97,6,650.6480102539062,778.4649047851562,48.930908203125,106.51177978515625,-1,-1,-1,-1
98,6,656.459228515625,784.01171875,46.46343994140625,105.35565185546875,-1,-1,-1,-1
99,6,657.766357421875,771.1923828125,49.81475830078125,113.7872314453125,-1,-1,-1,-1
100,6,649.6022338867188,760.9443359375,45.02752685546875,114.564697265625,-1,-1,-1,-1
101,6,644.286865234375,751.6499633789062,45.7825927734375,113.5015869140625,-1,-1,-1,-1
102,6,645.204833984375,758.7875366210938,42.1767578125,102.8505859375,-1,-1,-1,-1
103,6,650.6339721679688,762.8607177734375,40.17425537109375,96.3902587890625,-1,-1,-1,-1
104,6,649.593017578125,776.839111328125,42.6654052734375,94.1964111328125,-1,-1,-1,-1
105,6,650.3790283203125,783.442138671875,42.90911865234375,99.658447265625,-1,-1,-1,-1
106,6,649.6636352539062,764.8834228515625,39.694091796875,99.87493896484375,-1,-1,-1,-1
107,6,636.7241821289062,767.0260620117188,42.14141845703125,97.74029541015625,-1,-1,-1,-1
108,6,626.6989135742188,762.7691650390625,43.9779052734375,97.28436279296875,-1,-1,-1,-1
109,6,616.3314208984375,750.3553466796875,43.705078125,97.68505859375,-1,-1,-1,-1
110,6,595.2024536132812,743.9571533203125,43.1129150390625,93.10162353515625,-1,-1,-1,-1
111,6,574.7068481445312,754.2333984375,46.35107421875,96.96478271484375,-1,-1,-1,-1
112,6,557.5438842773438,761.6082153320312,49.425048828125,99.14111328125,-1,-1,-1,-1
113,6,531.0154418945312,772.1513671875,51.56243896484375,97.998046875,-1,-1,-1,-1
114,6,514.1050415039062,776.0274047851562,50.59515380859375,101.0230712890625,-1,-1,-1,-1
115,6,504.732421875,754.9447021484375,50.0751953125,102.903564453125,-1,-1,-1,-1
116,6,539.3901977539062,738.1265869140625,49.66180419921875,101.141845703125,-1,-1,-1,-1
117,6,580.6084594726562,724.0474243164062,43.515625,91.0911865234375,-1,-1,-1,-1
118,6,596.1448974609375,728.0004272460938,49.49566650390625,92.3358154296875,-1,-1,-1,-1
119,6,636.8828125,708.5552978515625,44.7401123046875,93.278076171875,-1,-1,-1,-1
120,6,614.5108642578125,684.1707153320312,46.86871337890625,97.2213134765625,-1,-1,-1,-1
121,6,577.9451904296875,659.583984375,49.40850830078125,96.202392578125,-1,-1,-1,-1
122,6,566.4129028320312,642.290771484375,51.319580078125,102.87481689453125,-1,-1,-1,-1
123,6,588.1683349609375,652.3336791992188,52.916015625,95.29925537109375,-1,-1,-1,-1
124,6,579.9249267578125,672.8004760742188,52.00372314453125,96.721923828125,-1,-1,-1,-1
125,6,549.1922607421875,698.47216796875,51.891845703125,102.2115478515625,-1,-1,-1,-1
126,6,538.502197265625,723.0079345703125,51.458740234375,99.7440185546875,-1,-1,-1,-1
127,6,515.9473876953125,750.41357421875,51.91729736328125,98.96221923828125,-1,-1,-1,-1
128,6,472.7344055175781,780.5488891601562,67.49099731445312,121.40679931640625,-1,-1,-1,-1
129,6,456.6455078125,814.9781494140625,66.7607421875,120.92578125,-1,-1,-1,-1
130,6,505.20819091796875,796.9436645507812,71.72760009765625,116.8505859375,-1,-1,-1,-1
131,6,566.3961791992188,672.4883422851562,156.13677978515625,188.635498046875,-1,-1,-1,-1
132,6,574.3536987304688,425.11285400390625,250.75006103515625,286.68572998046875,-1,-1,-1,-1
102,7,672.0574340820312,771.6732177734375,149.33282470703125,406.6756591796875,-1,-1,-1,-1
103,7,680.5711059570312,782.091796875,144.78265380859375,387.5155029296875,-1,-1,-1,-1
104,7,684.9688720703125,790.2730712890625,151.711181640625,383.133056640625,-1,-1,-1,-1
105,7,701.4868774414062,796.2769775390625,145.02703857421875,376.53125,-1,-1,-1,-1
106,7,717.1214599609375,784.0164794921875,142.24700927734375,364.172607421875,-1,-1,-1,-1
107,7,721.7831420898438,790.31787109375,147.23779296875,360.762451171875,-1,-1,-1,-1
108,7,718.3568115234375,785.768310546875,151.6680908203125,365.0897216796875,-1,-1,-1,-1
109,7,723.2341918945312,773.6820068359375,151.01312255859375,373.166748046875,-1,-1,-1,-1
110,7,712.88232421875,742.93115234375,155.82110595703125,370.494384765625,-1,-1,-1,-1
211,8,489.36651611328125,796.898681640625,44.47027587890625,100.32208251953125,-1,-1,-1,-1
212,8,488.4763488769531,775.8491821289062,45.799102783203125,99.25640869140625,-1,-1,-1,-1
213,8,492.51898193359375,742.1426391601562,40.52960205078125,96.84735107421875,-1,-1,-1,-1
214,8,513.8468627929688,709.18994140625,42.5682373046875,99.6248779296875,-1,-1,-1,-1
215,8,533.2532348632812,690.2254028320312,43.95330810546875,94.35528564453125,-1,-1,-1,-1
216,8,559.6376953125,678.5101928710938,43.93841552734375,92.27789306640625,-1,-1,-1,-1
217,8,588.5143432617188,674.0448608398438,41.64886474609375,80.4478759765625,-1,-1,-1,-1
218,8,614.5634765625,680.14453125,41.9215087890625,81.47088623046875,-1,-1,-1,-1
219,8,625.5374755859375,681.3292236328125,44.472900390625,84.897705078125,-1,-1,-1,-1
220,8,645.365234375,678.9259033203125,41.52911376953125,82.7510986328125,-1,-1,-1,-1
221,8,619.007080078125,665.999267578125,39.9901123046875,83.5743408203125,-1,-1,-1,-1
222,8,634.6022338867188,661.38720703125,44.99462890625,102.36798095703125,-1,-1,-1,-1
223,8,710.0835571289062,652.6494140625,46.64691162109375,102.1768798828125,-1,-1,-1,-1
224,8,756.7744140625,649.702880859375,41.09014892578125,83.12030029296875,-1,-1,-1,-1
225,8,766.9170532226562,618.566162109375,43.010986328125,89.17724609375,-1,-1,-1,-1
226,8,787.0119018554688,551.1067504882812,46.6927490234375,94.76544189453125,-1,-1,-1,-1
227,8,827.653564453125,501.6951904296875,45.1768798828125,96.2366943359375,-1,-1,-1,-1
228,8,853.6716918945312,491.36083984375,50.87530517578125,96.01824951171875,-1,-1,-1,-1
229,8,882.330078125,510.7926940917969,50.7774658203125,102.71810913085938,-1,-1,-1,-1
230,8,898.233642578125,530.1072998046875,52.9161376953125,97.064453125,-1,-1,-1,-1
231,8,921.037109375,543.193603515625,50.64520263671875,96.8990478515625,-1,-1,-1,-1
232,8,925.2484130859375,562.1384887695312,46.8251953125,94.937255859375,-1,-1,-1,-1
233,8,937.6477661132812,601.1959228515625,45.78265380859375,89.699951171875,-1,-1,-1,-1
234,8,930.589599609375,630.2647705078125,45.29779052734375,92.0477294921875,-1,-1,-1,-1
235,8,921.487060546875,647.31787109375,44.94830322265625,88.02850341796875,-1,-1,-1,-1
236,8,910.312744140625,671.0096435546875,44.443603515625,87.5228271484375,-1,-1,-1,-1
237,8,902.87548828125,695.54443359375,44.8465576171875,88.75311279296875,-1,-1,-1,-1
238,8,897.2256469726562,706.9174194335938,45.54351806640625,91.88677978515625,-1,-1,-1,-1
239,8,896.455078125,714.28857421875,43.02862548828125,86.74627685546875,-1,-1,-1,-1
240,8,890.1201782226562,717.7445068359375,42.28192138671875,86.14764404296875,-1,-1,-1,-1
241,8,881.091064453125,721.6492309570312,41.40960693359375,87.09307861328125,-1,-1,-1,-1
242,8,866.6893920898438,722.3345336914062,42.4742431640625,87.71832275390625,-1,-1,-1,-1
243,8,847.2272338867188,735.7298583984375,41.8798828125,84.46917724609375,-1,-1,-1,-1
244,8,834.5819091796875,752.357177734375,43.41571044921875,84.8194580078125,-1,-1,-1,-1
245,8,822.1176147460938,764.2476196289062,42.40423583984375,88.0130615234375,-1,-1,-1,-1
246,8,813.3444213867188,763.6541748046875,47.17193603515625,78.9246826171875,-1,-1,-1,-1
247,8,801.5941162109375,752.0303955078125,42.30584716796875,87.59259033203125,-1,-1,-1,-1
248,8,771.846923828125,736.9248657226562,48.62567138671875,121.348388671875,-1,-1,-1,-1
249,8,755.7985229492188,730.4744262695312,39.73431396484375,88.564453125,-1,-1,-1,-1
250,8,738.185546875,700.16259765625,75.1434326171875,131.17987060546875,-1,-1,-1,-1
255,8,704.0911254882812,730.130615234375,109.3779296875,170.62530517578125,-1,-1,-1,-1
256,8,679.791748046875,725.2649536132812,119.15496826171875,197.3662109375,-1,-1,-1,-1
257,8,669.931640625,710.6597900390625,123.791748046875,181.53338623046875,-1,-1,-1,-1
259,8,661.704345703125,712.823486328125,93.4610595703125,146.18939208984375,-1,-1,-1,-1
260,8,659.649658203125,730.910888671875,50.54290771484375,93.2833251953125,-1,-1,-1,-1
231,9,416.734375,428.3420104980469,839.847900390625,982.7232666015625,-1,-1,-1,-1
232,9,685.9480590820312,496.14056396484375,359.26861572265625,927.3765258789062,-1,-1,-1,-1
233,9,700.6763305664062,686.660888671875,151.4549560546875,442.353759765625,-1,-1,-1,-1
260,10,645.5841064453125,725.7230834960938,40.72406005859375,94.77142333984375,-1,-1,-1,-1
261,10,641.6773071289062,726.9234619140625,38.24371337890625,95.361572265625,-1,-1,-1,-1
262,10,645.9241943359375,740.2189331054688,39.64093017578125,94.2027587890625,-1,-1,-1,-1
263,10,652.2877197265625,750.0936889648438,36.6595458984375,87.51959228515625,-1,-1,-1,-1
264,10,651.168212890625,733.3211059570312,36.8160400390625,92.5489501953125,-1,-1,-1,-1
265,10,657.7356567382812,728.2424926757812,35.07977294921875,87.21038818359375,-1,-1,-1,-1
266,10,660.6082763671875,729.0294189453125,36.39764404296875,92.69329833984375,-1,-1,-1,-1
267,10,664.8899536132812,718.1124267578125,34.52227783203125,88.52301025390625,-1,-1,-1,-1
268,10,676.0700073242188,700.6348876953125,35.10015869140625,90.9635009765625,-1,-1,-1,-1
269,10,678.125732421875,710.9320068359375,40.977294921875,103.1773681640625,-1,-1,-1,-1
270,10,689.1487426757812,724.3131713867188,37.07452392578125,96.37451171875,-1,-1,-1,-1
271,10,695.6915893554688,736.1691284179688,37.7774658203125,93.13336181640625,-1,-1,-1,-1
272,10,703.011962890625,741.9034423828125,38.4796142578125,94.10992431640625,-1,-1,-1,-1
273,10,713.6414184570312,734.4082641601562,36.26171875,80.318603515625,-1,-1,-1,-1
274,10,710.0616455078125,713.9057006835938,42.0400390625,97.3193359375,-1,-1,-1,-1
275,10,716.139404296875,700.020751953125,44.3331298828125,100.82830810546875,-1,-1,-1,-1
276,10,723.5776977539062,705.2908935546875,46.58465576171875,104.97662353515625,-1,-1,-1,-1
277,10,728.9363403320312,698.2868041992188,45.64019775390625,102.436279296875,-1,-1,-1,-1
278,10,728.1661987304688,709.7955322265625,48.41766357421875,99.58978271484375,-1,-1,-1,-1
279,10,727.5712890625,730.8369140625,44.13525390625,97.861083984375,-1,-1,-1,-1
280,10,727.01708984375,752.4876708984375,41.8001708984375,89.13226318359375,-1,-1,-1,-1
281,10,720.9051513671875,748.5462036132812,38.0059814453125,87.0157470703125,-1,-1,-1,-1
282,10,720.8135986328125,741.5147705078125,36.1573486328125,88.92333984375,-1,-1,-1,-1
283,10,715.8978881835938,730.1514892578125,36.51580810546875,88.14044189453125,-1,-1,-1,-1
284,10,717.6561279296875,718.4384765625,49.59716796875,99.0726318359375,-1,-1,-1,-1
285,10,717.7145385742188,717.6961669921875,57.59539794921875,112.91412353515625,-1,-1,-1,-1
286,10,725.267822265625,726.7396850585938,61.54949951171875,116.75189208984375,-1,-1,-1,-1
287,10,735.3233642578125,753.2559204101562,56.0045166015625,109.9400634765625,-1,-1,-1,-1
288,10,738.8914184570312,768.3162231445312,44.0147705078125,105.87176513671875,-1,-1,-1,-1
289,10,718.3345947265625,734.5248413085938,43.349365234375,101.297119140625,-1,-1,-1,-1
290,10,705.64892578125,705.96728515625,37.59576416015625,78.69525146484375,-1,-1,-1,-1
291,10,682.3741455078125,691.2838134765625,48.39105224609375,99.9896240234375,-1,-1,-1,-1
292,10,636.3731079101562,657.1742553710938,89.85272216796875,137.37042236328125,-1,-1,-1,-1
293,10,574.5059814453125,658.1144409179688,54.74932861328125,101.24761962890625,-1,-1,-1,-1
294,10,578.2041015625,657.6445922851562,59.74420166015625,117.048828125,-1,-1,-1,-1
295,10,630.6814575195312,663.7144165039062,45.693115234375,92.9281005859375,-1,-1,-1,-1
296,10,629.2667846679688,674.988037109375,52.2435302734375,98.27301025390625,-1,-1,-1,-1
297,10,596.04248046875,680.7755737304688,58.0908203125,110.39019775390625,-1,-1,-1,-1
298,10,586.93359375,687.860107421875,62.6654052734375,118.7989501953125,-1,-1,-1,-1
299,10,629.0636596679688,698.9810791015625,61.15631103515625,115.91558837890625,-1,-1,-1,-1
300,10,644.4027099609375,645.7647094726562,60.4776611328125,122.40301513671875,-1,-1,-1,-1
301,10,647.1068725585938,588.7236938476562,90.18670654296875,174.49853515625,-1,-1,-1,-1
302,10,626.7777709960938,558.3147583007812,87.34686279296875,168.75677490234375,-1,-1,-1,-1
303,10,629.0931396484375,579.1874389648438,96.04547119140625,149.62445068359375,-1,-1,-1,-1
304,10,626.9837036132812,622.9403076171875,106.80767822265625,136.9683837890625,-1,-1,-1,-1
305,10,624.6588134765625,694.709228515625,113.90545654296875,139.89617919921875,-1,-1,-1,-1
306,10,631.929443359375,767.41796875,78.31982421875,138.14923095703125,-1,-1,-1,-1
307,10,642.15087890625,842.0540161132812,70.39776611328125,142.91876220703125,-1,-1,-1,-1
308,10,649.5097045898438,889.7607421875,61.56500244140625,136.386474609375,-1,-1,-1,-1
309,10,646.4606323242188,924.2637939453125,73.15509033203125,135.0203857421875,-1,-1,-1,-1
310,10,642.7704467773438,930.5570678710938,68.3988037109375,131.64666748046875,-1,-1,-1,-1
311,10,643.2945556640625,906.9964599609375,64.6651611328125,132.9083251953125,-1,-1,-1,-1
312,10,643.7752685546875,906.113525390625,57.6624755859375,131.0419921875,-1,-1,-1,-1
313,10,649.055419921875,911.2363891601562,62.3121337890625,128.67291259765625,-1,-1,-1,-1
314,10,644.6849365234375,908.1114501953125,66.1011962890625,136.1650390625,-1,-1,-1,-1
315,10,644.982666015625,914.2998657226562,58.84930419921875,132.70843505859375,-1,-1,-1,-1
316,10,641.8519287109375,910.377197265625,62.72344970703125,140.8153076171875,-1,-1,-1,-1
317,10,635.5167236328125,853.5415649414062,60.7392578125,129.62103271484375,-1,-1,-1,-1
318,10,620.4041137695312,814.86865234375,62.355712890625,128.11602783203125,-1,-1,-1,-1
319,10,610.875,780.6522827148438,58.8533935546875,123.00286865234375,-1,-1,-1,-1
320,10,604.5325927734375,755.204345703125,54.1798095703125,123.5364990234375,-1,-1,-1,-1
321,10,605.6866455078125,739.943359375,52.5767822265625,118.5455322265625,-1,-1,-1,-1
322,10,598.8651733398438,735.71923828125,54.33941650390625,117.78668212890625,-1,-1,-1,-1
323,10,600.7149047851562,741.0829467773438,48.29656982421875,105.552490234375,-1,-1,-1,-1
324,10,605.9573364257812,743.008056640625,51.301025390625,112.9815673828125,-1,-1,-1,-1
325,10,616.3065185546875,745.0225219726562,47.9127197265625,105.2720947265625,-1,-1,-1,-1
326,10,604.33984375,758.6957397460938,49.2742919921875,108.1541748046875,-1,-1,-1,-1
327,10,604.1405029296875,758.4193725585938,47.7491455078125,107.3203125,-1,-1,-1,-1
328,10,605.1631469726562,744.453369140625,50.65570068359375,117.65460205078125,-1,-1,-1,-1
329,10,611.5554809570312,737.2984008789062,49.14166259765625,106.0205078125,-1,-1,-1,-1
330,10,615.0157470703125,738.4609375,51.10394287109375,106.95166015625,-1,-1,-1,-1
331,10,621.7232666015625,750.4476928710938,55.37109375,101.14215087890625,-1,-1,-1,-1
332,10,620.3834228515625,759.0028076171875,55.06170654296875,101.02252197265625,-1,-1,-1,-1
333,10,612.592529296875,782.7472534179688,58.2276611328125,112.8055419921875,-1,-1,-1,-1
334,10,604.8530883789062,807.2568359375,56.19293212890625,106.0533447265625,-1,-1,-1,-1
335,10,599.9273681640625,799.0865478515625,53.98699951171875,109.2298583984375,-1,-1,-1,-1
336,10,601.7957153320312,775.4976196289062,51.3751220703125,100.7349853515625,-1,-1,-1,-1
337,10,608.9425048828125,764.725830078125,50.5911865234375,108.20849609375,-1,-1,-1,-1
338,10,613.583740234375,750.5257568359375,48.0123291015625,101.8140869140625,-1,-1,-1,-1
339,10,615.177001953125,741.8429565429688,47.447998046875,101.4677734375,-1,-1,-1,-1
340,10,618.5743408203125,749.496826171875,46.2060546875,94.8427734375,-1,-1,-1,-1
341,10,619.6412353515625,763.6756591796875,49.264404296875,92.0009765625,-1,-1,-1,-1
342,10,625.8536376953125,777.6720581054688,44.25799560546875,88.87493896484375,-1,-1,-1,-1
343,10,626.2242431640625,782.273681640625,47.58135986328125,98.95782470703125,-1,-1,-1,-1
344,10,631.5844116210938,773.9659423828125,47.78350830078125,96.47723388671875,-1,-1,-1,-1
345,10,646.1748657226562,751.9937133789062,43.541259765625,89.92938232421875,-1,-1,-1,-1
346,10,645.8566284179688,742.794189453125,51.21533203125,104.7161865234375,-1,-1,-1,-1
347,10,651.883056640625,747.3875122070312,46.57818603515625,92.67938232421875,-1,-1,-1,-1
348,10,658.6177368164062,776.196044921875,48.18890380859375,90.2939453125,-1,-1,-1,-1
349,10,666.5591430664062,793.8878173828125,48.35235595703125,95.1534423828125,-1,-1,-1,-1
350,10,663.632080078125,792.103759765625,50.27032470703125,103.65606689453125,-1,-1,-1,-1
351,10,657.0243530273438,790.7262573242188,50.0438232421875,103.2030029296875,-1,-1,-1,-1
352,10,653.5679931640625,791.885986328125,48.40789794921875,102.55596923828125,-1,-1,-1,-1
353,10,647.9735717773438,778.2513427734375,53.2086181640625,115.143798828125,-1,-1,-1,-1
354,10,646.5615234375,766.2748413085938,53.45489501953125,115.15252685546875,-1,-1,-1,-1
355,10,650.0687866210938,769.6591796875,55.667724609375,109.79833984375,-1,-1,-1,-1
356,10,653.9813842773438,778.50244140625,47.77978515625,95.02886962890625,-1,-1,-1,-1
357,10,652.7994995117188,800.1726684570312,50.3497314453125,99.06512451171875,-1,-1,-1,-1
358,10,656.8413696289062,802.3646850585938,53.2760009765625,104.3448486328125,-1,-1,-1,-1
359,10,653.389892578125,817.6290893554688,51.7335205078125,105.11578369140625,-1,-1,-1,-1
360,10,646.2874145507812,806.9913330078125,49.0557861328125,103.83514404296875,-1,-1,-1,-1
361,10,647.4364624023438,785.9137573242188,48.16278076171875,110.35699462890625,-1,-1,-1,-1
362,10,647.826904296875,772.7451171875,46.4140625,107.32550048828125,-1,-1,-1,-1
363,10,650.508056640625,763.4892578125,52.13226318359375,114.173828125,-1,-1,-1,-1
364,10,663.9501342773438,762.5897827148438,49.9962158203125,107.1793212890625,-1,-1,-1,-1
365,10,668.934326171875,774.5780029296875,46.33892822265625,97.68572998046875,-1,-1,-1,-1
366,10,666.3745727539062,785.4766845703125,49.23858642578125,100.88134765625,-1,-1,-1,-1
367,10,663.5781860351562,800.2099609375,47.30499267578125,104.95361328125,-1,-1,-1,-1
368,10,661.6470336914062,801.1362915039062,44.84686279296875,98.25457763671875,-1,-1,-1,-1
369,10,662.072509765625,793.4314575195312,41.6365966796875,93.51068115234375,-1,-1,-1,-1
370,10,660.7431030273438,784.8560791015625,44.56463623046875,96.571044921875,-1,-1,-1,-1
371,10,664.4454956054688,778.284912109375,46.54229736328125,96.41241455078125,-1,-1,-1,-1
372,10,671.4073486328125,774.6422119140625,40.959228515625,91.350341796875,-1,-1,-1,-1
373,10,665.1323852539062,782.522705078125,42.72515869140625,95.2049560546875,-1,-1,-1,-1
374,10,660.005126953125,780.69287109375,47.30987548828125,102.6595458984375,-1,-1,-1,-1
375,10,651.7813110351562,781.3325805664062,45.697509765625,103.19024658203125,-1,-1,-1,-1
376,10,650.1207885742188,760.8311767578125,44.14892578125,107.011962890625,-1,-1,-1,-1
377,10,643.2527465820312,768.7515258789062,52.99072265625,113.33489990234375,-1,-1,-1,-1
378,10,641.3106689453125,774.7011108398438,54.40118408203125,121.27789306640625,-1,-1,-1,-1
379,10,645.8834228515625,786.4653930664062,50.86505126953125,119.06036376953125,-1,-1,-1,-1
380,10,653.4124145507812,778.7866821289062,49.431884765625,115.03033447265625,-1,-1,-1,-1
381,10,661.2824096679688,776.0374145507812,50.5875244140625,108.9119873046875,-1,-1,-1,-1
382,10,683.0572509765625,759.1377563476562,49.735595703125,109.70892333984375,-1,-1,-1,-1
383,10,654.9220581054688,748.3330688476562,53.03594970703125,105.412353515625,-1,-1,-1,-1
384,10,601.1900024414062,727.384521484375,52.28253173828125,106.73638916015625,-1,-1,-1,-1
385,10,560.6375732421875,724.5009155273438,59.21173095703125,108.87677001953125,-1,-1,-1,-1
386,10,539.416015625,721.1209106445312,62.289794921875,108.1278076171875,-1,-1,-1,-1
387,10,529.756591796875,749.4840087890625,54.1334228515625,105.680908203125,-1,-1,-1,-1
388,10,525.9125366210938,764.1788940429688,71.611083984375,113.91864013671875,-1,-1,-1,-1
389,10,533.5582275390625,791.7841796875,75.68115234375,118.76861572265625,-1,-1,-1,-1
390,10,550.135009765625,802.2041015625,60.0057373046875,112.1068115234375,-1,-1,-1,-1
391,10,558.8306884765625,794.7630004882812,60.595947265625,125.9625244140625,-1,-1,-1,-1
392,10,576.0369873046875,802.6182250976562,49.5975341796875,94.5877685546875,-1,-1,-1,-1
393,10,590.1067504882812,801.0147705078125,46.05633544921875,93.34051513671875,-1,-1,-1,-1
394,10,589.9502563476562,777.365478515625,48.78021240234375,106.57220458984375,-1,-1,-1,-1
395,10,588.7017211914062,758.6915283203125,43.57757568359375,92.9813232421875,-1,-1,-1,-1
396,10,591.4199829101562,749.0303955078125,45.50640869140625,99.70947265625,-1,-1,-1,-1
397,10,591.6641235351562,746.9977416992188,43.61474609375,99.21234130859375,-1,-1,-1,-1
398,10,585.225341796875,765.137939453125,51.6405029296875,109.6920166015625,-1,-1,-1,-1
399,10,590.9309692382812,778.5172729492188,45.97283935546875,107.07708740234375,-1,-1,-1,-1
400,10,606.6055908203125,783.1925659179688,44.9097900390625,103.33880615234375,-1,-1,-1,-1
401,10,611.418212890625,770.932861328125,49.28570556640625,112.89617919921875,-1,-1,-1,-1
402,10,616.684814453125,762.6577758789062,41.4232177734375,90.44146728515625,-1,-1,-1,-1
403,10,621.8970947265625,757.83642578125,41.933349609375,89.9129638671875,-1,-1,-1,-1
404,10,635.27099609375,763.8206176757812,42.19659423828125,92.1116943359375,-1,-1,-1,-1
405,10,635.5242919921875,770.1090087890625,52.09844970703125,103.3731689453125,-1,-1,-1,-1
406,10,651.083251953125,801.1383666992188,54.91558837890625,112.07220458984375,-1,-1,-1,-1
407,10,647.2374267578125,797.0360107421875,50.8543701171875,118.983642578125,-1,-1,-1,-1
408,10,648.1546020507812,811.9182739257812,55.65179443359375,125.5113525390625,-1,-1,-1,-1
409,10,659.5235595703125,823.8475952148438,53.13299560546875,119.584228515625,-1,-1,-1,-1
410,10,664.3059692382812,804.742919921875,53.6324462890625,116.68963623046875,-1,-1,-1,-1
411,10,669.7858276367188,787.6054077148438,50.56591796875,113.21759033203125,-1,-1,-1,-1
412,10,672.4486083984375,775.250244140625,51.9796142578125,113.4990234375,-1,-1,-1,-1
413,10,676.8432006835938,775.56005859375,49.19036865234375,113.5830078125,-1,-1,-1,-1
414,10,680.0379028320312,780.6484985351562,51.8924560546875,115.4638671875,-1,-1,-1,-1
415,10,685.4622802734375,790.0051879882812,47.31195068359375,103.5869140625,-1,-1,-1,-1
416,10,682.4961547851562,808.6859130859375,49.83697509765625,115.13323974609375,-1,-1,-1,-1
417,10,670.578857421875,807.6205444335938,46.56927490234375,107.8575439453125,-1,-1,-1,-1
418,10,665.9653930664062,789.787109375,47.572998046875,109.9012451171875,-1,-1,-1,-1
419,10,676.494384765625,772.995361328125,54.0966796875,118.88226318359375,-1,-1,-1,-1
420,10,679.5951538085938,750.189453125,49.56884765625,115.92144775390625,-1,-1,-1,-1
421,10,680.173828125,733.6947021484375,47.20556640625,113.730712890625,-1,-1,-1,-1
422,10,676.4559326171875,727.5924072265625,47.0169677734375,115.916748046875,-1,-1,-1,-1
423,10,679.5821533203125,724.8361206054688,47.3199462890625,115.4190673828125,-1,-1,-1,-1
424,10,683.4296264648438,727.3753662109375,45.24627685546875,109.084716796875,-1,-1,-1,-1
425,10,688.6884765625,725.8713989257812,46.1263427734375,109.5968017578125,-1,-1,-1,-1
426,10,695.64501953125,737.4828491210938,45.2384033203125,109.5958251953125,-1,-1,-1,-1
427,10,703.947265625,748.624267578125,41.935302734375,109.52008056640625,-1,-1,-1,-1
431,10,717.061767578125,742.5665283203125,52.12762451171875,123.3548583984375,-1,-1,-1,-1
432,10,739.92236328125,734.3275146484375,42.59002685546875,95.95709228515625,-1,-1,-1,-1
433,10,747.7013549804688,716.6015625,43.55572509765625,95.81610107421875,-1,-1,-1,-1
434,10,763.2003173828125,709.2724609375,41.27215576171875,93.3970947265625,-1,-1,-1,-1
435,10,770.9378662109375,701.0762329101562,42.670166015625,85.02191162109375,-1,-1,-1,-1
436,10,789.4174194335938,701.38623046875,41.3880615234375,82.5072021484375,-1,-1,-1,-1
437,10,803.513671875,704.89453125,40.2716064453125,83.825927734375,-1,-1,-1,-1
438,10,801.8304443359375,721.2404174804688,40.6849365234375,90.55914306640625,-1,-1,-1,-1
439,10,800.9219970703125,759.0953979492188,40.19793701171875,87.15753173828125,-1,-1,-1,-1
440,10,784.3057250976562,756.4476928710938,42.10882568359375,86.17279052734375,-1,-1,-1,-1
441,10,764.783935546875,735.6000366210938,41.63018798828125,91.1444091796875,-1,-1,-1,-1
442,10,755.78173828125,724.805419921875,38.39422607421875,79.34075927734375,-1,-1,-1,-1
443,10,749.1456909179688,718.5062866210938,40.3692626953125,87.4495849609375,-1,-1,-1,-1
444,10,740.676513671875,716.37158203125,48.97607421875,105.62945556640625,-1,-1,-1,-1
293,11,1084.89794921875,688.9832763671875,35.5552978515625,91.79437255859375,-1,-1,-1,-1
294,11,1103.9879150390625,689.5897216796875,34.199462890625,87.92352294921875,-1,-1,-1,-1
295,11,1136.4984130859375,703.8615112304688,90.13330078125,108.47540283203125,-1,-1,-1,-1
297,11,1087.79931640625,634.7590942382812,110.393798828125,285.14666748046875,-1,-1,-1,-1
449,12,684.34521484375,789.078857421875,71.6612548828125,133.4127197265625,-1,-1,-1,-1
450,12,664.46826171875,779.7101440429688,46.2874755859375,98.8836669921875,-1,-1,-1,-1
451,12,645.5238647460938,772.8646240234375,43.9141845703125,90.95941162109375,-1,-1,-1,-1
452,12,627.97265625,772.8375854492188,43.79931640625,85.16387939453125,-1,-1,-1,-1
453,12,609.007080078125,757.014404296875,40.76898193359375,88.47027587890625,-1,-1,-1,-1
454,12,587.0689086914062,755.8629150390625,41.96929931640625,82.5909423828125,-1,-1,-1,-1
455,12,560.94091796875,761.1189575195312,42.8358154296875,81.13671875,-1,-1,-1,-1
456,12,534.2005004882812,769.1959838867188,41.24090576171875,82.41754150390625,-1,-1,-1,-1
457,12,519.428466796875,782.3790283203125,43.509765625,89.0797119140625,-1,-1,-1,-1
458,12,503.00152587890625,814.8639526367188,45.6981201171875,88.82110595703125,-1,-1,-1,-1
459,12,484.00189208984375,806.1901245117188,48.74163818359375,93.5048828125,-1,-1,-1,-1
460,12,474.9107360839844,818.3037109375,48.438873291015625,101.42333984375,-1,-1,-1,-1
461,12,469.75494384765625,822.3023681640625,50.1551513671875,105.295166015625,-1,-1,-1,-1
462,12,457.4661865234375,816.2554931640625,52.023284912109375,112.6690673828125,-1,-1,-1,-1
463,12,448.8084411621094,797.8674926757812,51.417205810546875,120.02960205078125,-1,-1,-1,-1
464,12,442.9895324707031,776.8374633789062,51.491455078125,116.5653076171875,-1,-1,-1,-1
465,12,435.2927551269531,765.7345581054688,53.029449462890625,112.09234619140625,-1,-1,-1,-1
466,12,431.87750244140625,771.846923828125,49.50750732421875,98.0059814453125,-1,-1,-1,-1
467,12,422.98223876953125,786.0235595703125,53.429779052734375,110.08087158203125,-1,-1,-1,-1
468,12,402.6355895996094,799.2066650390625,55.547637939453125,103.96148681640625,-1,-1,-1,-1
469,12,384.8609924316406,809.10205078125,53.5948486328125,107.9613037109375,-1,-1,-1,-1
470,12,376.1390075683594,807.4393310546875,63.12542724609375,131.16143798828125,-1,-1,-1,-1
471,12,370.1184387207031,802.64599609375,63.501312255859375,132.17449951171875,-1,-1,-1,-1
472,12,360.64996337890625,793.9998779296875,63.857147216796875,138.36553955078125,-1,-1,-1,-1
473,12,352.951171875,775.9544067382812,62.774017333984375,132.98004150390625,-1,-1,-1,-1
474,12,348.3166809082031,770.89306640625,55.761260986328125,116.6566162109375,-1,-1,-1,-1
475,12,346.9659423828125,761.8230590820312,52.74371337890625,106.17071533203125,-1,-1,-1,-1
476,12,336.62445068359375,766.0849609375,67.93365478515625,137.9163818359375,-1,-1,-1,-1
477,12,339.99188232421875,781.5989990234375,58.34918212890625,117.0899658203125,-1,-1,-1,-1
478,12,340.4691467285156,811.7140502929688,60.327850341796875,116.04583740234375,-1,-1,-1,-1
479,12,333.2033386230469,808.8539428710938,64.07449340820312,134.71527099609375,-1,-1,-1,-1
480,12,322.80120849609375,789.2833862304688,59.523834228515625,126.08453369140625,-1,-1,-1,-1
481,12,315.6433410644531,780.0977783203125,63.351348876953125,132.5345458984375,-1,-1,-1,-1
482,12,311.67193603515625,776.3558349609375,70.4083251953125,146.2882080078125,-1,-1,-1,-1
483,12,304.36114501953125,772.5972290039062,63.159210205078125,124.10345458984375,-1,-1,-1,-1
484,12,302.2447814941406,764.9111938476562,68.79681396484375,138.68194580078125,-1,-1,-1,-1
485,12,300.8595275878906,777.2734375,56.9110107421875,117.708984375,-1,-1,-1,-1
486,12,293.0433349609375,796.1716918945312,63.91827392578125,129.6944580078125,-1,-1,-1,-1
487,12,287.86224365234375,821.6390991210938,57.294921875,131.912841796875,-1,-1,-1,-1
488,12,277.7022705078125,836.9037475585938,79.4345703125,144.693359375,-1,-1,-1,-1
489,12,293.0021667480469,830.0946044921875,64.06790161132812,140.2427978515625,-1,-1,-1,-1
490,12,302.34747314453125,815.2447509765625,55.8470458984375,143.2943115234375,-1,-1,-1,-1
491,12,292.82000732421875,805.8921508789062,52.65203857421875,126.08770751953125,-1,-1,-1,-1
492,12,278.82452392578125,795.6593627929688,59.04486083984375,129.93682861328125,-1,-1,-1,-1
493,12,275.95361328125,794.3853149414062,50.425140380859375,124.84552001953125,-1,-1,-1,-1
494,12,267.02508544921875,795.8427124023438,60.624267578125,133.41796875,-1,-1,-1,-1
495,12,248.97479248046875,815.6852416992188,64.54995727539062,146.436279296875,-1,-1,-1,-1
496,12,244.318115234375,832.1019897460938,58.124114990234375,149.01544189453125,-1,-1,-1,-1
497,12,240.02967834472656,841.6195678710938,63.25971984863281,152.79949951171875,-1,-1,-1,-1
498,12,230.13632202148438,839.2369995117188,59.768646240234375,157.8565673828125,-1,-1,-1,-1
499,12,230.24644470214844,829.616943359375,65.03309631347656,165.960205078125,-1,-1,-1,-1
500,12,227.48358154296875,811.1748046875,63.614990234375,160.381103515625,-1,-1,-1,-1
501,12,235.0836639404297,795.85546875,61.77198791503906,144.31121826171875,-1,-1,-1,-1
502,12,245.9055938720703,793.0435791015625,63.37815856933594,136.816162109375,-1,-1,-1,-1
503,12,259.9752502441406,792.2008666992188,58.54449462890625,133.00250244140625,-1,-1,-1,-1
504,12,266.14697265625,812.451171875,63.418487548828125,130.51568603515625,-1,-1,-1,-1
505,12,270.92669677734375,819.6195678710938,57.81256103515625,133.97283935546875,-1,-1,-1,-1
506,12,277.40313720703125,838.9031982421875,62.7974853515625,128.1141357421875,-1,-1,-1,-1
507,12,290.5682373046875,834.3226928710938,64.13265991210938,144.669677734375,-1,-1,-1,-1
508,12,294.59063720703125,820.2162475585938,62.24920654296875,132.6011962890625,-1,-1,-1,-1
509,12,306.3708801269531,807.81884765625,63.61212158203125,125.2088623046875,-1,-1,-1,-1
510,12,304.9693908691406,799.5775756835938,65.65036010742188,132.17669677734375,-1,-1,-1,-1
511,12,313.4864501953125,786.527099609375,61.84149169921875,136.13873291015625,-1,-1,-1,-1
512,12,309.6024169921875,784.0949096679688,60.453125,120.16119384765625,-1,-1,-1,-1
513,12,307.35467529296875,786.7130737304688,59.45367431640625,124.0030517578125,-1,-1,-1,-1
514,12,318.9656982421875,792.1410522460938,60.649261474609375,119.94921875,-1,-1,-1,-1
515,12,323.647705078125,820.3232421875,65.00839233398438,139.399658203125,-1,-1,-1,-1
516,12,318.15399169921875,838.62841796875,62.918701171875,134.06903076171875,-1,-1,-1,-1
517,12,318.4164123535156,841.584228515625,68.87429809570312,152.43865966796875,-1,-1,-1,-1
518,12,322.70794677734375,814.709228515625,65.80276489257812,150.9578857421875,-1,-1,-1,-1
519,12,319.9081115722656,794.3861694335938,72.06161499023438,156.217041015625,-1,-1,-1,-1
520,12,314.9822998046875,778.04150390625,75.03134155273438,157.9141845703125,-1,-1,-1,-1
521,12,303.2982482910156,778.233154296875,69.84274291992188,140.3480224609375,-1,-1,-1,-1
522,12,301.0990905761719,790.8052368164062,65.54925537109375,136.60296630859375,-1,-1,-1,-1
523,12,283.0610656738281,830.4803466796875,67.39413452148438,149.07769775390625,-1,-1,-1,-1
524,12,269.751220703125,819.7803344726562,66.70263671875,151.290283203125,-1,-1,-1,-1
525,12,278.8671875,831.7703247070312,85.03741455078125,165.9163818359375,-1,-1,-1,-1
526,12,280.0558166503906,852.7147216796875,103.41030883789062,168.114013671875,-1,-1,-1,-1
527,12,267.3501892089844,827.8389892578125,119.09957885742188,189.38897705078125,-1,-1,-1,-1
