1,1,671.9826049804688,564.7849731445312,63.896728515625,173.48797607421875,-1,-1,-1,-1
2,1,678.7367553710938,562.3192749023438,61.8629150390625,176.06732177734375,-1,-1,-1,-1
3,1,679.7498779296875,563.3871459960938,59.38702392578125,175.9913330078125,-1,-1,-1,-1
4,1,678.568115234375,561.40625,60.36700439453125,177.4462890625,-1,-1,-1,-1
5,1,679.9549560546875,559.4114990234375,61.42626953125,179.98577880859375,-1,-1,-1,-1
6,1,677.1103515625,560.815673828125,61.7578125,180.09503173828125,-1,-1,-1,-1
7,1,674.0203857421875,564.7717895507812,61.870361328125,177.82855224609375,-1,-1,-1,-1
8,1,675.8035888671875,563.8961791992188,63.630615234375,178.06329345703125,-1,-1,-1,-1
9,1,674.416015625,562.9259033203125,64.771484375,178.4696044921875,-1,-1,-1,-1
10,1,671.0001220703125,559.2916259765625,67.65325927734375,179.6844482421875,-1,-1,-1,-1
11,1,669.0918579101562,563.4181518554688,72.16339111328125,179.86376953125,-1,-1,-1,-1
12,1,674.0145263671875,566.7288818359375,75.9033203125,181.760498046875,-1,-1,-1,-1
13,1,674.0999145507812,566.702880859375,83.475341796875,181.8648681640625,-1,-1,-1,-1
14,1,673.9531860351562,569.7356567382812,83.63568115234375,182.67950439453125,-1,-1,-1,-1
15,1,670.7731323242188,571.3616333007812,82.31231689453125,183.78436279296875,-1,-1,-1,-1
16,1,661.7593994140625,568.3941650390625,78.7987060546875,184.77325439453125,-1,-1,-1,-1
17,1,648.478515625,565.1526489257812,78.72564697265625,186.44427490234375,-1,-1,-1,-1
18,1,642.4147338867188,563.4990234375,77.79681396484375,188.38043212890625,-1,-1,-1,-1
19,1,642.230224609375,568.388671875,76.1834716796875,189.4576416015625,-1,-1,-1,-1
20,1,643.1641235351562,570.6505737304688,75.288330078125,192.17340087890625,-1,-1,-1,-1
21,1,636.6240234375,569.802490234375,70.6580810546875,192.67254638671875,-1,-1,-1,-1
22,1,617.7259521484375,572.1134033203125,73.173828125,194.3040771484375,-1,-1,-1,-1
23,1,605.3897705078125,581.97021484375,70.95233154296875,197.02410888671875,-1,-1,-1,-1
24,1,603.1920776367188,595.9656982421875,68.7955322265625,197.19232177734375,-1,-1,-1,-1
25,1,603.8395385742188,609.6953125,66.90289306640625,197.87359619140625,-1,-1,-1,-1
26,1,594.9408569335938,617.70263671875,71.7227783203125,197.8389892578125,-1,-1,-1,-1
27,1,587.4031982421875,624.7225341796875,72.55615234375,198.80145263671875,-1,-1,-1,-1
28,1,584.4630126953125,632.646240234375,78.5369873046875,199.9305419921875,-1,-1,-1,-1
29,1,585.39990234375,637.6444702148438,79.68853759765625,200.42718505859375,-1,-1,-1,-1
30,1,587.8768920898438,638.3695068359375,78.2818603515625,202.84332275390625,-1,-1,-1,-1
31,1,587.0045166015625,638.5741577148438,74.9893798828125,205.22296142578125,-1,-1,-1,-1
32,1,589.476806640625,637.3629760742188,75.18316650390625,209.24456787109375,-1,-1,-1,-1
33,1,582.9664306640625,638.0682983398438,77.25506591796875,212.89044189453125,-1,-1,-1,-1
34,1,580.3687744140625,639.02294921875,74.7119140625,213.658447265625,-1,-1,-1,-1
35,1,579.5684814453125,636.8123779296875,73.783203125,215.298583984375,-1,-1,-1,-1
36,1,579.3646850585938,635.9006958007812,72.87744140625,216.15045166015625,-1,-1,-1,-1
37,1,580.8087158203125,635.9208984375,71.52685546875,217.00421142578125,-1,-1,-1,-1
38,1,580.676513671875,637.9229125976562,70.7537841796875,217.8721923828125,-1,-1,-1,-1
39,1,577.3790283203125,641.7730102539062,74.40692138671875,218.70501708984375,-1,-1,-1,-1
40,1,573.9095458984375,646.246337890625,79.397216796875,221.01092529296875,-1,-1,-1,-1
41,1,574.5994262695312,648.0416259765625,80.3092041015625,221.11114501953125,-1,-1,-1,-1
42,1,570.9515380859375,644.1856079101562,80.59771728515625,221.67791748046875,-1,-1,-1,-1
43,1,564.2645874023438,641.6268310546875,86.81488037109375,221.10498046875,-1,-1,-1,-1
44,1,555.2233276367188,639.748779296875,86.716796875,220.358154296875,-1,-1,-1,-1
45,1,549.6885375976562,640.969482421875,84.751220703125,221.21588134765625,-1,-1,-1,-1
46,1,544.935546875,642.4121704101562,85.29583740234375,222.28314208984375,-1,-1,-1,-1
47,1,541.2977294921875,639.2307739257812,84.75872802734375,222.13153076171875,-1,-1,-1,-1
48,1,535.45068359375,634.5142822265625,88.0382080078125,222.168212890625,-1,-1,-1,-1
49,1,534.4141845703125,630.571533203125,88.0205078125,224.22235107421875,-1,-1,-1,-1
50,1,533.8064575195312,628.7006225585938,88.4443359375,225.5943603515625,-1,-1,-1,-1
51,1,530.61328125,626.4173583984375,91.91827392578125,226.06329345703125,-1,-1,-1,-1
52,1,532.6329345703125,626.4957275390625,88.9521484375,227.25750732421875,-1,-1,-1,-1
53,1,536.9384765625,628.3521118164062,83.3204345703125,228.57794189453125,-1,-1,-1,-1
54,1,533.559326171875,632.4801025390625,76.88604736328125,230.3280029296875,-1,-1,-1,-1
55,1,526.8155517578125,635.4229125976562,73.79815673828125,231.7239990234375,-1,-1,-1,-1
56,1,513.8587036132812,635.51953125,74.39654541015625,232.31591796875,-1,-1,-1,-1
57,1,497.38665771484375,627.5927124023438,78.48419189453125,234.843505859375,-1,-1,-1,-1
58,1,490.7867736816406,609.85107421875,82.89303588867188,234.4747314453125,-1,-1,-1,-1
59,1,487.5071716308594,598.0008544921875,87.97494506835938,235.6761474609375,-1,-1,-1,-1
60,1,484.6568908691406,599.629150390625,105.61923217773438,236.21929931640625,-1,-1,-1,-1
61,1,486.74310302734375,606.6109008789062,117.86468505859375,235.5623779296875,-1,-1,-1,-1
62,1,497.6891174316406,618.1815185546875,120.07095336914062,235.03057861328125,-1,-1,-1,-1
63,1,502.7279968261719,633.003173828125,120.13735961914062,236.60186767578125,-1,-1,-1,-1
64,1,499.3974304199219,649.081298828125,118.27212524414062,238.78082275390625,-1,-1,-1,-1
65,1,497.2515563964844,656.2367553710938,126.26596069335938,239.26422119140625,-1,-1,-1,-1
66,1,499.2708740234375,658.3746337890625,141.6353759765625,241.12127685546875,-1,-1,-1,-1
67,1,504.0801696777344,653.3070678710938,146.15322875976562,241.08233642578125,-1,-1,-1,-1
68,1,514.9000244140625,637.6509399414062,149.45501708984375,239.87030029296875,-1,-1,-1,-1
69,1,523.4522705078125,624.2088623046875,154.6669921875,240.22747802734375,-1,-1,-1,-1
70,1,528.5504150390625,621.8217163085938,165.978271484375,238.52374267578125,-1,-1,-1,-1
71,1,533.1029052734375,627.8134765625,179.5728759765625,237.87701416015625,-1,-1,-1,-1
72,1,541.56103515625,635.9578857421875,186.7332763671875,237.35211181640625,-1,-1,-1,-1
73,1,552.090576171875,641.7508544921875,176.794677734375,238.4708251953125,-1,-1,-1,-1
74,1,555.6627197265625,649.3711547851562,160.5419921875,237.58642578125,-1,-1,-1,-1
75,1,549.103759765625,654.241455078125,165.853271484375,237.724365234375,-1,-1,-1,-1
76,1,539.7849731445312,655.9367065429688,162.205322265625,237.96221923828125,-1,-1,-1,-1
77,1,528.986083984375,653.2872314453125,169.14080810546875,238.687255859375,-1,-1,-1,-1
78,1,518.936767578125,645.758544921875,167.34893798828125,238.66497802734375,-1,-1,-1,-1
79,1,512.7734375,637.1719970703125,166.17950439453125,239.01416015625,-1,-1,-1,-1
80,1,502.4629821777344,631.8941040039062,168.80142211914062,238.26898193359375,-1,-1,-1,-1
81,1,494.799072265625,629.34912109375,159.302490234375,239.244140625,-1,-1,-1,-1
82,1,488.8420104980469,629.8458862304688,157.27212524414062,243.65325927734375,-1,-1,-1,-1
83,1,484.05853271484375,633.0121459960938,146.73760986328125,244.898681640625,-1,-1,-1,-1
84,1,485.0039367675781,634.186767578125,139.43148803710938,246.4500732421875,-1,-1,-1,-1
85,1,485.8468322753906,632.6317138671875,132.46572875976562,248.44830322265625,-1,-1,-1,-1
86,1,485.7532043457031,629.239990234375,127.31307983398438,251.4085693359375,-1,-1,-1,-1
87,1,487.6426086425781,626.8944091796875,120.58193969726562,253.38702392578125,-1,-1,-1,-1
88,1,491.2687683105469,631.2214965820312,114.22769165039062,257.9326171875,-1,-1,-1,-1
89,1,494.439697265625,637.7547607421875,109.18878173828125,260.83026123046875,-1,-1,-1,-1
90,1,494.5027160644531,644.6998291015625,104.29141235351562,262.93231201171875,-1,-1,-1,-1
91,1,482.39892578125,647.3182373046875,107.78363037109375,262.89166259765625,-1,-1,-1,-1
92,1,468.05841064453125,650.9698486328125,112.6572265625,263.16607666015625,-1,-1,-1,-1
93,1,451.3930358886719,659.2091064453125,119.97885131835938,263.05255126953125,-1,-1,-1,-1
94,1,426.1838073730469,670.977294921875,139.36087036132812,260.16131591796875,-1,-1,-1,-1
95,1,403.5563049316406,676.3847045898438,157.65408325195312,258.1058349609375,-1,-1,-1,-1
96,1,384.33251953125,679.2103271484375,170.6943359375,260.6361083984375,-1,-1,-1,-1
97,1,371.4544372558594,678.03857421875,182.14059448242188,260.99981689453125,-1,-1,-1,-1
98,1,367.81976318359375,669.5457763671875,201.0562744140625,265.2081298828125,-1,-1,-1,-1
99,1,370.8056640625,667.2742919921875,203.71844482421875,264.89556884765625,-1,-1,-1,-1
100,1,377.2223815917969,659.1219482421875,203.71878051757812,274.51568603515625,-1,-1,-1,-1
101,1,383.788818359375,654.2733154296875,192.81488037109375,281.6715087890625,-1,-1,-1,-1
102,1,383.5985412597656,655.3662109375,187.79898071289062,281.4879150390625,-1,-1,-1,-1
103,1,381.734375,664.643310546875,182.71148681640625,272.31976318359375,-1,-1,-1,-1
104,1,386.47210693359375,693.2091064453125,171.52301025390625,244.9515380859375,-1,-1,-1,-1
105,1,391.96795654296875,702.97216796875,160.66357421875,238.82733154296875,-1,-1,-1,-1
106,1,404.6478576660156,702.0001831054688,151.24148559570312,240.526611328125,-1,-1,-1,-1
107,1,411.65740966796875,698.0769653320312,148.11639404296875,243.9754638671875,-1,-1,-1,-1
108,1,423.48284912109375,691.8348388671875,146.2442626953125,248.0997314453125,-1,-1,-1,-1
109,1,422.9696044921875,687.1327514648438,161.18731689453125,249.354248046875,-1,-1,-1,-1
110,1,419.4740905761719,685.3674926757812,163.35641479492188,248.92462158203125,-1,-1,-1,-1
111,1,412.01849365234375,682.930908203125,167.4609375,248.4058837890625,-1,-1,-1,-1
112,1,405.353271484375,677.230712890625,171.3394775390625,247.616943359375,-1,-1,-1,-1
113,1,405.070556640625,667.9624633789062,181.79193115234375,243.739013671875,-1,-1,-1,-1
114,1,420.1737060546875,657.3455200195312,175.38201904296875,243.12237548828125,-1,-1,-1,-1
115,1,440.6369934082031,651.6644897460938,158.85073852539062,243.468505859375,-1,-1,-1,-1
116,1,462.02691650390625,647.1857299804688,141.50775146484375,246.91265869140625,-1,-1,-1,-1
117,1,498.1805725097656,642.1954345703125,117.90530395507812,250.02728271484375,-1,-1,-1,-1
118,1,539.2235717773438,637.881103515625,100.78839111328125,251.7735595703125,-1,-1,-1,-1
119,1,563.95458984375,637.216064453125,94.30035400390625,249.2757568359375,-1,-1,-1,-1
120,1,577.947509765625,638.6942138671875,96.51239013671875,249.9014892578125,-1,-1,-1,-1
121,1,584.4728393554688,640.6329956054688,94.1573486328125,246.13134765625,-1,-1,-1,-1
122,1,579.6705932617188,643.7179565429688,94.3177490234375,242.82598876953125,-1,-1,-1,-1
123,1,574.0885009765625,645.0482177734375,98.72650146484375,239.1448974609375,-1,-1,-1,-1
124,1,572.90869140625,637.033203125,101.25726318359375,238.8929443359375,-1,-1,-1,-1
125,1,579.5775756835938,621.8724365234375,108.7877197265625,240.45208740234375,-1,-1,-1,-1
126,1,585.2962646484375,610.0593872070312,118.4599609375,242.58673095703125,-1,-1,-1,-1
127,1,590.4713134765625,600.49609375,124.681396484375,244.17010498046875,-1,-1,-1,-1
128,1,596.4886474609375,595.3472290039062,132.689453125,245.06207275390625,-1,-1,-1,-1
129,1,600.5863647460938,595.7297973632812,131.60272216796875,244.01544189453125,-1,-1,-1,-1
130,1,607.3502197265625,598.3627319335938,128.59051513671875,238.779296875,-1,-1,-1,-1
131,1,613.1803588867188,604.2236328125,120.74481201171875,232.45489501953125,-1,-1,-1,-1
132,1,615.7462158203125,611.0414428710938,113.04486083984375,227.039306640625,-1,-1,-1,-1
133,1,619.9202880859375,614.808837890625,113.486572265625,224.49188232421875,-1,-1,-1,-1
134,1,623.1823120117188,615.6112670898438,99.34429931640625,224.58599853515625,-1,-1,-1,-1
135,1,625.8519287109375,611.4004516601562,92.25469970703125,227.79705810546875,-1,-1,-1,-1
136,1,625.0231323242188,601.8146362304688,91.9600830078125,233.344482421875,-1,-1,-1,-1
137,1,624.9558715820312,593.4834594726562,91.09539794921875,236.73828125,-1,-1,-1,-1
138,1,626.746337890625,586.7688598632812,93.2843017578125,239.544921875,-1,-1,-1,-1
139,1,629.7896118164062,586.060546875,89.48272705078125,237.301513671875,-1,-1,-1,-1
140,1,633.1388549804688,588.86083984375,100.28863525390625,235.6845703125,-1,-1,-1,-1
141,1,628.1109008789062,594.0721435546875,115.0772705078125,231.3739013671875,-1,-1,-1,-1
142,1,638.47314453125,599.6445922851562,112.477783203125,227.5926513671875,-1,-1,-1,-1
143,1,648.309814453125,603.2814331054688,93.17144775390625,225.8408203125,-1,-1,-1,-1
144,1,648.7010498046875,605.2252807617188,102.7469482421875,227.45623779296875,-1,-1,-1,-1
145,1,645.3571166992188,603.401123046875,93.80401611328125,226.58026123046875,-1,-1,-1,-1
146,1,641.4595947265625,606.230224609375,103.33319091796875,214.8250732421875,-1,-1,-1,-1
147,1,642.1273803710938,616.2747192382812,96.3802490234375,201.493896484375,-1,-1,-1,-1
148,1,640.2496337890625,631.2470092773438,97.4390869140625,183.02838134765625,-1,-1,-1,-1
149,1,634.9746704101562,651.4937744140625,105.09552001953125,166.87615966796875,-1,-1,-1,-1
150,1,635.1742553710938,659.816650390625,105.13165283203125,158.57867431640625,-1,-1,-1,-1
151,1,635.536376953125,661.121826171875,102.66558837890625,151.96502685546875,-1,-1,-1,-1
152,1,637.70849609375,663.5261840820312,99.0877685546875,151.5455322265625,-1,-1,-1,-1
153,1,638.8255615234375,662.5729370117188,98.3641357421875,156.60113525390625,-1,-1,-1,-1
154,1,637.6669921875,657.7760620117188,98.5745849609375,164.59271240234375,-1,-1,-1,-1
155,1,633.4976806640625,641.640380859375,105.04595947265625,181.46490478515625,-1,-1,-1,-1
156,1,629.0928344726562,624.6755981445312,117.68585205078125,192.3665771484375,-1,-1,-1,-1
157,1,629.1649169921875,616.4378662109375,129.56024169921875,195.4317626953125,-1,-1,-1,-1
158,1,627.1135864257812,613.328369140625,146.4097900390625,199.7000732421875,-1,-1,-1,-1
159,1,622.0784301757812,607.7804565429688,155.54046630859375,206.53594970703125,-1,-1,-1,-1
160,1,618.0147705078125,598.4247436523438,151.09027099609375,230.45849609375,-1,-1,-1,-1
161,1,606.6846313476562,592.794189453125,150.3890380859375,265.14111328125,-1,-1,-1,-1
162,1,605.2532958984375,587.7125854492188,135.29095458984375,283.958984375,-1,-1,-1,-1
163,1,607.0784912109375,585.1788940429688,121.47113037109375,287.35552978515625,-1,-1,-1,-1
164,1,609.1138305664062,585.1117553710938,110.34405517578125,292.10302734375,-1,-1,-1,-1
165,1,606.7828369140625,585.7967529296875,109.9544677734375,302.9798583984375,-1,-1,-1,-1
166,1,600.3411254882812,586.2605590820312,112.1807861328125,328.51080322265625,-1,-1,-1,-1
167,1,598.232421875,589.9862670898438,119.57012939453125,338.81207275390625,-1,-1,-1,-1
168,1,590.4671020507812,594.8234252929688,134.79388427734375,342.62237548828125,-1,-1,-1,-1
169,1,585.6436157226562,588.8242797851562,143.43695068359375,348.88153076171875,-1,-1,-1,-1
170,1,580.5021362304688,575.9638061523438,148.49188232421875,360.83709716796875,-1,-1,-1,-1
171,1,575.0824584960938,572.3665771484375,159.05596923828125,357.6761474609375,-1,-1,-1,-1
172,1,566.01708984375,573.2101440429688,169.80657958984375,343.02117919921875,-1,-1,-1,-1
173,1,552.23486328125,577.6229248046875,170.149169921875,328.49169921875,-1,-1,-1,-1
174,1,533.5059814453125,586.2994384765625,171.20452880859375,316.03021240234375,-1,-1,-1,-1
175,1,507.0454406738281,586.7874755859375,174.63040161132812,319.5279541015625,-1,-1,-1,-1
176,1,474.9494323730469,578.5513305664062,184.84512329101562,335.846435546875,-1,-1,-1,-1
177,1,436.43438720703125,573.3623657226562,192.50335693359375,351.46173095703125,-1,-1,-1,-1
178,1,393.84930419921875,561.5159912109375,192.08880615234375,368.4461669921875,-1,-1,-1,-1
179,1,352.58251953125,543.8524780273438,191.61590576171875,384.55743408203125,-1,-1,-1,-1
180,1,316.8497314453125,533.4273071289062,188.472412109375,398.68182373046875,-1,-1,-1,-1
181,1,297.919677734375,539.6795654296875,187.717529296875,411.2406005859375,-1,-1,-1,-1
182,1,301.0032958984375,549.3875732421875,173.20925903320312,443.0885009765625,-1,-1,-1,-1
183,1,289.626953125,566.2408447265625,173.360107421875,454.1051025390625,-1,-1,-1,-1
184,1,278.1512451171875,580.7427978515625,173.17770385742188,443.538330078125,-1,-1,-1,-1
185,1,263.61724853515625,592.4308471679688,173.984375,434.17633056640625,-1,-1,-1,-1
186,1,260.68170166015625,595.2413330078125,169.89364624023438,429.0809326171875,-1,-1,-1,-1
187,1,284.94183349609375,582.4021606445312,163.30072021484375,432.40826416015625,-1,-1,-1,-1
188,1,336.5595703125,570.5031127929688,153.58917236328125,428.02716064453125,-1,-1,-1,-1
189,1,395.1147766113281,565.35888671875,141.64151000976562,426.49249267578125,-1,-1,-1,-1
190,1,438.5265197753906,571.57080078125,134.05868530273438,419.9552001953125,-1,-1,-1,-1
191,1,463.65679931640625,582.1921997070312,131.42828369140625,400.2830810546875,-1,-1,-1,-1
192,1,473.8238525390625,592.5831298828125,127.611083984375,378.668701171875,-1,-1,-1,-1
193,1,482.46575927734375,605.7925415039062,121.10113525390625,367.43145751953125,-1,-1,-1,-1
194,1,487.6912536621094,617.9202880859375,116.63546752929688,361.17950439453125,-1,-1,-1,-1
195,1,489.3333435058594,602.239501953125,114.56094360351562,385.05810546875,-1,-1,-1,-1
196,1,491.10675048828125,595.4788208007812,113.05352783203125,396.02532958984375,-1,-1,-1,-1
197,1,491.85443115234375,633.4678344726562,109.93365478515625,346.63995361328125,-1,-1,-1,-1
198,1,492.9869079589844,633.2907104492188,109.51351928710938,344.03125,-1,-1,-1,-1
199,1,496.429931640625,629.7503662109375,110.18408203125,326.3126220703125,-1,-1,-1,-1
200,1,498.3022766113281,626.7205810546875,114.86935424804688,309.30328369140625,-1,-1,-1,-1
201,1,499.9569396972656,627.0380249023438,122.72836303710938,296.15643310546875,-1,-1,-1,-1
202,1,504.73370361328125,628.7510375976562,126.58599853515625,286.84991455078125,-1,-1,-1,-1
203,1,505.32916259765625,625.6802978515625,128.001953125,277.61920166015625,-1,-1,-1,-1
204,1,506.140625,619.7495727539062,124.650390625,269.99951171875,-1,-1,-1,-1
205,1,506.096435546875,610.9075927734375,124.70294189453125,268.9925537109375,-1,-1,-1,-1
206,1,507.2454833984375,600.0763549804688,125.85406494140625,276.65899658203125,-1,-1,-1,-1
207,1,503.9453125,589.73828125,137.591552734375,285.5379638671875,-1,-1,-1,-1
208,1,492.2021484375,582.2926025390625,158.298583984375,295.69287109375,-1,-1,-1,-1
209,1,495.8861999511719,577.6044311523438,167.02554321289062,300.0440673828125,-1,-1,-1,-1
210,1,494.0913391113281,573.6118774414062,177.46853637695312,306.3453369140625,-1,-1,-1,-1
211,1,489.4367370605469,569.0426635742188,170.20193481445312,310.451904296875,-1,-1,-1,-1
212,1,492.89178466796875,560.5008544921875,158.6964111328125,315.264404296875,-1,-1,-1,-1
213,1,502.28387451171875,556.6947631835938,144.06524658203125,315.00994873046875,-1,-1,-1,-1
214,1,513.9893188476562,557.76806640625,145.13226318359375,309.754150390625,-1,-1,-1,-1
215,1,526.7679443359375,558.3251953125,146.08447265625,305.941162109375,-1,-1,-1,-1
216,1,526.779296875,561.88720703125,148.15008544921875,294.74627685546875,-1,-1,-1,-1
217,1,528.7898559570312,572.5271606445312,155.69049072265625,283.1063232421875,-1,-1,-1,-1
218,1,534.5582275390625,591.4700317382812,152.7213134765625,271.072998046875,-1,-1,-1,-1
219,1,536.7137451171875,611.4529418945312,149.352294921875,261.63128662109375,-1,-1,-1,-1
220,1,537.3336181640625,625.6575927734375,149.1444091796875,256.252197265625,-1,-1,-1,-1
221,1,539.3169555664062,631.2241821289062,150.59100341796875,255.93841552734375,-1,-1,-1,-1
222,1,539.4812622070312,632.807861328125,153.73602294921875,259.02752685546875,-1,-1,-1,-1
223,1,538.3653564453125,625.6182861328125,156.26123046875,265.781494140625,-1,-1,-1,-1
224,1,539.9584350585938,619.9368286132812,171.064697265625,272.028564453125,-1,-1,-1,-1
225,1,545.30517578125,618.2979125976562,192.6119384765625,281.05303955078125,-1,-1,-1,-1
226,1,558.9828491210938,622.0750122070312,194.56280517578125,284.2083740234375,-1,-1,-1,-1
227,1,565.1466674804688,626.8040771484375,192.93634033203125,280.1527099609375,-1,-1,-1,-1
228,1,564.3031005859375,628.7678833007812,193.9766845703125,277.34881591796875,-1,-1,-1,-1
229,1,563.8505249023438,625.2694702148438,193.93133544921875,276.76568603515625,-1,-1,-1,-1
230,1,565.5309448242188,617.3465576171875,191.51641845703125,282.31048583984375,-1,-1,-1,-1
231,1,562.2764282226562,608.2610473632812,191.23626708984375,288.420166015625,-1,-1,-1,-1
232,1,559.6243896484375,596.0289916992188,182.34759521484375,289.6439208984375,-1,-1,-1,-1
233,1,556.6746215820312,584.621826171875,170.01885986328125,289.46826171875,-1,-1,-1,-1
234,1,554.2935791015625,572.7477416992188,150.5819091796875,291.50994873046875,-1,-1,-1,-1
235,1,553.6035766601562,562.8444213867188,132.7872314453125,287.592529296875,-1,-1,-1,-1
236,1,556.7703247070312,559.2086791992188,126.51873779296875,286.43310546875,-1,-1,-1,-1
237,1,561.2330322265625,562.6138305664062,121.591796875,282.77008056640625,-1,-1,-1,-1
238,1,559.5225219726562,568.573974609375,124.2843017578125,277.96734619140625,-1,-1,-1,-1
239,1,555.7535400390625,576.755126953125,126.9425048828125,271.637451171875,-1,-1,-1,-1
240,1,556.082763671875,585.1005249023438,124.11676025390625,267.98052978515625,-1,-1,-1,-1
241,1,557.5830078125,593.7452392578125,127.9215087890625,272.7105712890625,-1,-1,-1,-1
242,1,555.95166015625,601.9977416992188,140.79803466796875,278.65228271484375,-1,-1,-1,-1
243,1,558.0712280273438,609.5123901367188,163.5062255859375,286.375,-1,-1,-1,-1
244,1,557.3555297851562,613.7172241210938,185.0640869140625,288.85296630859375,-1,-1,-1,-1
245,1,555.18408203125,613.7830810546875,195.309814453125,295.73101806640625,-1,-1,-1,-1
246,1,552.9711303710938,611.63720703125,191.87530517578125,304.1959228515625,-1,-1,-1,-1
247,1,553.5521850585938,607.5239868164062,189.3057861328125,300.87445068359375,-1,-1,-1,-1
248,1,556.7708740234375,596.9903564453125,183.75701904296875,306.3028564453125,-1,-1,-1,-1
249,1,557.4390869140625,601.1858520507812,178.49957275390625,297.48272705078125,-1,-1,-1,-1
250,1,553.7551879882812,596.7677001953125,178.468994140625,300.7359619140625,-1,-1,-1,-1
251,1,549.8944702148438,592.3167114257812,176.96929931640625,303.8553466796875,-1,-1,-1,-1
252,1,542.8701782226562,588.8553466796875,182.26611328125,307.99755859375,-1,-1,-1,-1
253,1,539.4750366210938,590.3021240234375,184.972900390625,307.631591796875,-1,-1,-1,-1
254,1,536.8854370117188,593.6235961914062,184.0836181640625,306.784423828125,-1,-1,-1,-1
255,1,537.7186889648438,597.70458984375,181.8179931640625,302.7391357421875,-1,-1,-1,-1
256,1,537.4180908203125,598.3316040039062,178.7283935546875,300.63385009765625,-1,-1,-1,-1
257,1,539.5097045898438,595.0234985351562,180.1341552734375,302.84002685546875,-1,-1,-1,-1
258,1,540.362060546875,588.1199951171875,181.056640625,308.63433837890625,-1,-1,-1,-1
259,1,540.9029541015625,579.908447265625,183.841552734375,319.4141845703125,-1,-1,-1,-1
260,1,551.4000854492188,574.9457397460938,180.42303466796875,326.79345703125,-1,-1,-1,-1
261,1,566.1539306640625,577.9700927734375,176.16961669921875,329.4345703125,-1,-1,-1,-1
262,1,568.9405517578125,582.3851318359375,189.42138671875,342.65252685546875,-1,-1,-1,-1
263,1,569.7572631835938,591.1240234375,199.51824951171875,358.6839599609375,-1,-1,-1,-1
264,1,569.4248046875,599.5352783203125,201.32757568359375,354.9281005859375,-1,-1,-1,-1
265,1,561.5056762695312,606.9707641601562,200.6546630859375,349.458984375,-1,-1,-1,-1
266,1,552.137939453125,614.0270385742188,200.8980712890625,343.14068603515625,-1,-1,-1,-1
267,1,542.3323364257812,604.54638671875,202.04449462890625,348.34332275390625,-1,-1,-1,-1
268,1,536.8101196289062,590.3189086914062,198.29510498046875,356.73828125,-1,-1,-1,-1
269,1,524.8651733398438,578.7490844726562,202.36944580078125,363.22552490234375,-1,-1,-1,-1
270,1,524.227783203125,579.8829345703125,197.80609130859375,362.81695556640625,-1,-1,-1,-1
271,1,526.6661987304688,593.5497436523438,184.67071533203125,347.0582275390625,-1,-1,-1,-1
272,1,527.2943115234375,604.8402709960938,172.80023193359375,332.20074462890625,-1,-1,-1,-1
273,1,528.5468139648438,612.306640625,170.242919921875,327.70452880859375,-1,-1,-1,-1
274,1,532.521728515625,618.8558959960938,167.78887939453125,322.14892578125,-1,-1,-1,-1
275,1,535.9867553710938,616.8529052734375,171.00872802734375,320.16204833984375,-1,-1,-1,-1
276,1,543.80224609375,596.6885375976562,166.37469482421875,335.72760009765625,-1,-1,-1,-1
277,1,551.4764404296875,593.1984252929688,164.70654296875,334.6993408203125,-1,-1,-1,-1
278,1,571.4088745117188,586.4503784179688,155.09124755859375,339.26947021484375,-1,-1,-1,-1
279,1,579.1475830078125,584.66015625,161.8963623046875,342.61968994140625,-1,-1,-1,-1
280,1,578.763671875,590.167724609375,177.651611328125,349.50860595703125,-1,-1,-1,-1
281,1,579.01806640625,591.9879150390625,193.50390625,356.22967529296875,-1,-1,-1,-1
282,1,583.6281127929688,586.1469116210938,192.3935546875,353.66046142578125,-1,-1,-1,-1
283,1,584.4241943359375,584.7366943359375,192.140380859375,350.67791748046875,-1,-1,-1,-1
284,1,583.621826171875,590.272705078125,212.7423095703125,339.4537353515625,-1,-1,-1,-1
285,1,582.2606201171875,598.8445434570312,207.49200439453125,328.59527587890625,-1,-1,-1,-1
286,1,570.5003051757812,611.8600463867188,214.2271728515625,322.24395751953125,-1,-1,-1,-1
287,1,566.3034057617188,635.1812133789062,259.79022216796875,332.6500244140625,-1,-1,-1,-1
288,1,586.7816162109375,662.1202392578125,267.77008056640625,345.3345947265625,-1,-1,-1,-1
289,1,606.5905151367188,693.4837646484375,198.3878173828125,345.959228515625,-1,-1,-1,-1
290,1,596.9681396484375,718.9231567382812,218.82196044921875,331.89129638671875,-1,-1,-1,-1
291,1,581.1658325195312,733.0111083984375,236.9757080078125,329.89013671875,-1,-1,-1,-1
292,1,559.7220458984375,743.2785034179688,251.7103271484375,313.85797119140625,-1,-1,-1,-1
293,1,536.564208984375,727.7037963867188,250.75885009765625,310.22723388671875,-1,-1,-1,-1
294,1,520.051025390625,695.3118286132812,224.52545166015625,320.67523193359375,-1,-1,-1,-1
295,1,505.52008056640625,670.2574462890625,223.845458984375,330.37835693359375,-1,-1,-1,-1
296,1,495.860107421875,634.1318359375,209.37713623046875,352.45025634765625,-1,-1,-1,-1
297,1,486.9091796875,598.5464477539062,197.474365234375,379.80023193359375,-1,-1,-1,-1
298,1,488.9178771972656,563.6408081054688,177.04446411132812,408.50054931640625,-1,-1,-1,-1
299,1,495.6917419433594,536.0963134765625,164.85842895507812,431.10394287109375,-1,-1,-1,-1
300,1,508.84979248046875,522.3171997070312,141.878662109375,432.7271728515625,-1,-1,-1,-1
301,1,521.042724609375,521.6167602539062,130.733642578125,422.32037353515625,-1,-1,-1,-1
302,1,533.3721923828125,527.8060302734375,132.80712890625,405.7625732421875,-1,-1,-1,-1
303,1,543.5966796875,537.3887329101562,145.35430908203125,395.209228515625,-1,-1,-1,-1
304,1,540.5902099609375,548.8023071289062,158.8739013671875,387.67108154296875,-1,-1,-1,-1
305,1,533.2673950195312,548.1690063476562,171.54443359375,386.33013916015625,-1,-1,-1,-1
306,1,527.560302734375,537.08154296875,169.78466796875,393.37109375,-1,-1,-1,-1
307,1,524.2098999023438,526.6319580078125,166.474853515625,396.6580810546875,-1,-1,-1,-1
308,1,527.6839599609375,518.9178466796875,151.41143798828125,388.86761474609375,-1,-1,-1,-1
309,1,526.9197998046875,520.2046508789062,141.75335693359375,377.68707275390625,-1,-1,-1,-1
310,1,522.0457763671875,530.9269409179688,132.9737548828125,361.71026611328125,-1,-1,-1,-1
311,1,494.5207214355469,546.24560546875,139.25088500976562,345.0203857421875,-1,-1,-1,-1
312,1,468.9439697265625,560.89013671875,135.63226318359375,331.336669921875,-1,-1,-1,-1
313,1,438.9735412597656,576.259033203125,141.90487670898438,315.0638427734375,-1,-1,-1,-1
314,1,410.6133728027344,589.2108154296875,151.05422973632812,299.6258544921875,-1,-1,-1,-1
315,1,399.41998291015625,599.00341796875,155.32366943359375,289.79547119140625,-1,-1,-1,-1
316,1,384.9623718261719,601.7230224609375,172.77615356445312,287.58306884765625,-1,-1,-1,-1
317,1,388.7461853027344,595.5447998046875,175.81094360351562,296.15814208984375,-1,-1,-1,-1
318,1,385.50628662109375,587.6165771484375,183.1373291015625,304.880126953125,-1,-1,-1,-1
319,1,389.4421081542969,581.4230346679688,165.58926391601562,308.39019775390625,-1,-1,-1,-1
320,1,403.1381530761719,579.555419921875,142.94534301757812,308.39727783203125,-1,-1,-1,-1
321,1,420.296875,583.07080078125,123.8277587890625,304.47198486328125,-1,-1,-1,-1
322,1,424.5054626464844,590.0648803710938,126.18777465820312,299.98480224609375,-1,-1,-1,-1
323,1,422.51507568359375,614.7015991210938,134.12371826171875,283.29644775390625,-1,-1,-1,-1
324,1,428.9956970214844,631.3339233398438,132.89291381835938,269.20538330078125,-1,-1,-1,-1
325,1,439.3182678222656,639.6992797851562,125.97994995117188,256.19744873046875,-1,-1,-1,-1
326,1,445.09246826171875,636.1226806640625,125.023681640625,250.6771240234375,-1,-1,-1,-1
327,1,448.648193359375,625.0767822265625,121.58685302734375,254.04583740234375,-1,-1,-1,-1
328,1,448.62506103515625,608.6118774414062,126.2496337890625,264.13909912109375,-1,-1,-1,-1
329,1,448.19683837890625,592.340576171875,130.00677490234375,276.09600830078125,-1,-1,-1,-1
330,1,451.8631286621094,579.0608520507812,136.32778930664062,285.12786865234375,-1,-1,-1,-1
331,1,458.5623779296875,570.3926391601562,146.2054443359375,293.1314697265625,-1,-1,-1,-1
332,1,484.353271484375,568.2737426757812,137.6868896484375,288.11444091796875,-1,-1,-1,-1
333,1,508.8018798828125,571.8919677734375,132.55352783203125,275.15692138671875,-1,-1,-1,-1
334,1,524.376708984375,577.207275390625,130.8753662109375,268.888671875,-1,-1,-1,-1
335,1,538.6032104492188,582.2828369140625,131.445068359375,262.7052001953125,-1,-1,-1,-1
336,1,547.8042602539062,584.8206787109375,136.55609130859375,259.9449462890625,-1,-1,-1,-1
337,1,574.2846069335938,581.5505981445312,124.34857177734375,258.39813232421875,-1,-1,-1,-1
338,1,606.4111938476562,573.6040649414062,107.58349609375,256.784912109375,-1,-1,-1,-1
339,1,625.6389770507812,569.9342651367188,103.06097412109375,255.22015380859375,-1,-1,-1,-1
340,1,629.2547607421875,574.7536010742188,112.04132080078125,251.18585205078125,-1,-1,-1,-1
341,1,629.39697265625,581.7513427734375,120.82720947265625,246.77691650390625,-1,-1,-1,-1
342,1,636.4222412109375,590.5845947265625,116.13641357421875,241.62921142578125,-1,-1,-1,-1
343,1,638.3024291992188,596.1425170898438,117.7144775390625,240.085693359375,-1,-1,-1,-1
344,1,637.064453125,595.9862060546875,112.1990966796875,247.6568603515625,-1,-1,-1,-1
345,1,626.349609375,593.56982421875,120.66314697265625,260.1456298828125,-1,-1,-1,-1
346,1,609.4133911132812,592.15380859375,139.95574951171875,271.3704833984375,-1,-1,-1,-1
347,1,608.468017578125,593.2235107421875,143.53765869140625,286.08978271484375,-1,-1,-1,-1
348,1,604.7567138671875,598.2194213867188,142.537109375,285.635009765625,-1,-1,-1,-1
349,1,608.7555541992188,606.1289672851562,140.45928955078125,283.26947021484375,-1,-1,-1,-1
350,1,613.8221435546875,610.1015014648438,138.8717041015625,280.55316162109375,-1,-1,-1,-1
351,1,620.6021728515625,606.0272216796875,139.3211669921875,283.3509521484375,-1,-1,-1,-1
352,1,629.0159912109375,597.1707153320312,140.378173828125,294.47137451171875,-1,-1,-1,-1
353,1,638.8338623046875,592.0858154296875,135.97943115234375,302.915771484375,-1,-1,-1,-1
354,1,648.40283203125,591.3772583007812,126.20501708984375,307.9736328125,-1,-1,-1,-1
355,1,656.0264892578125,593.803466796875,119.35552978515625,301.281005859375,-1,-1,-1,-1
356,1,660.5596923828125,600.386962890625,117.16583251953125,292.16766357421875,-1,-1,-1,-1
357,1,667.8707885742188,609.3345947265625,119.70733642578125,284.1590576171875,-1,-1,-1,-1
358,1,678.1091918945312,610.6798706054688,121.01055908203125,283.27349853515625,-1,-1,-1,-1
359,1,688.8388061523438,606.6719970703125,126.92279052734375,289.29144287109375,-1,-1,-1,-1
360,1,704.5142211914062,598.8592529296875,128.6683349609375,297.46099853515625,-1,-1,-1,-1
361,1,721.1300048828125,592.82470703125,131.703369140625,307.78143310546875,-1,-1,-1,-1
362,1,728.6810913085938,589.54638671875,144.40631103515625,320.4412841796875,-1,-1,-1,-1
363,1,732.7783203125,593.705810546875,133.67138671875,282.68804931640625,-1,-1,-1,-1
364,1,737.1851806640625,603.2557373046875,130.8099365234375,334.2899169921875,-1,-1,-1,-1
365,1,745.2003173828125,612.5447998046875,153.11419677734375,332.1859130859375,-1,-1,-1,-1
366,1,749.8262329101562,618.4570922851562,162.3253173828125,328.64154052734375,-1,-1,-1,-1
367,1,747.7603759765625,618.4259643554688,159.3819580078125,329.68743896484375,-1,-1,-1,-1
368,1,741.877197265625,618.7677612304688,161.71868896484375,330.30828857421875,-1,-1,-1,-1
369,1,725.481689453125,625.8638916015625,177.829833984375,326.7532958984375,-1,-1,-1,-1
370,1,718.6774291992188,636.539306640625,197.51904296875,321.0772705078125,-1,-1,-1,-1
371,1,711.6361694335938,642.3778076171875,208.93585205078125,324.37677001953125,-1,-1,-1,-1
372,1,699.1690063476562,634.5213012695312,204.024169921875,342.9044189453125,-1,-1,-1,-1
373,1,688.6538696289062,634.0196533203125,197.82763671875,360.55963134765625,-1,-1,-1,-1
374,1,683.8843994140625,629.1827392578125,195.16455078125,382.9559326171875,-1,-1,-1,-1
375,1,686.5310668945312,624.56982421875,191.67449951171875,386.6097412109375,-1,-1,-1,-1
376,1,702.4092407226562,622.9907836914062,184.9945068359375,387.75604248046875,-1,-1,-1,-1
377,1,712.6898803710938,624.1475219726562,170.16717529296875,402.60626220703125,-1,-1,-1,-1
378,1,724.77734375,628.9373168945312,194.532470703125,426.26959228515625,-1,-1,-1,-1
379,1,731.5121459960938,637.8396606445312,195.43994140625,422.23858642578125,-1,-1,-1,-1
380,1,732.9094848632812,640.3267822265625,194.66534423828125,419.5242919921875,-1,-1,-1,-1
381,1,730.092041015625,635.4197998046875,193.43896484375,423.6312255859375,-1,-1,-1,-1
382,1,719.3956909179688,623.4550170898438,199.33673095703125,434.41656494140625,-1,-1,-1,-1
383,1,712.0560913085938,606.0838623046875,197.41168212890625,441.029541015625,-1,-1,-1,-1
384,1,705.9500122070312,591.2578735351562,180.78729248046875,430.13641357421875,-1,-1,-1,-1
385,1,703.421630859375,585.0919189453125,168.24957275390625,414.75933837890625,-1,-1,-1,-1
386,1,710.1580810546875,592.9072875976562,169.58624267578125,394.86395263671875,-1,-1,-1,-1
387,1,716.1647338867188,608.6082763671875,173.0482177734375,380.32977294921875,-1,-1,-1,-1
388,1,715.5479125976562,624.9757690429688,176.49847412109375,370.32745361328125,-1,-1,-1,-1
389,1,717.310546875,632.6644287109375,178.12640380859375,366.5185546875,-1,-1,-1,-1
390,1,717.9678955078125,626.9696044921875,177.90234375,373.113037109375,-1,-1,-1,-1
391,1,722.2940063476562,616.7468872070312,169.4974365234375,382.89178466796875,-1,-1,-1,-1
392,1,732.803466796875,605.9322509765625,153.842041015625,388.4141845703125,-1,-1,-1,-1
393,1,737.4853515625,604.1240844726562,146.2755126953125,387.62548828125,-1,-1,-1,-1
394,1,745.3387451171875,608.9781494140625,140.00323486328125,382.787353515625,-1,-1,-1,-1
395,1,747.8515014648438,614.679443359375,141.4639892578125,377.7872314453125,-1,-1,-1,-1
396,1,747.365234375,613.6150512695312,145.2012939453125,372.16656494140625,-1,-1,-1,-1
397,1,743.7872924804688,616.5370483398438,147.23675537109375,367.96356201171875,-1,-1,-1,-1
398,1,739.8358154296875,613.2373046875,147.7965087890625,372.8072509765625,-1,-1,-1,-1
399,1,743.0235595703125,603.9075927734375,149.91424560546875,386.983642578125,-1,-1,-1,-1
400,1,749.3325805664062,598.0994873046875,121.706787109375,414.21246337890625,-1,-1,-1,-1
401,1,752.519775390625,602.4476318359375,153.5574951171875,436.635009765625,-1,-1,-1,-1
402,1,765.690185546875,616.8349609375,170.30657958984375,446.5078125,-1,-1,-1,-1
403,1,771.6990966796875,633.999267578125,193.217529296875,441.7091064453125,-1,-1,-1,-1
404,1,778.0224609375,646.7359619140625,216.2877197265625,432.7916259765625,-1,-1,-1,-1
405,1,782.4404907226562,643.8639526367188,210.38555908203125,436.21319580078125,-1,-1,-1,-1
406,1,780.4164428710938,633.3932495117188,185.0235595703125,449.20819091796875,-1,-1,-1,-1
407,1,781.201416015625,625.049072265625,159.07562255859375,465.3310546875,-1,-1,-1,-1
408,1,796.1304321289062,624.121337890625,150.2716064453125,466.4788818359375,-1,-1,-1,-1
409,1,802.6478881835938,625.0496826171875,148.38604736328125,450.6282958984375,-1,-1,-1,-1
410,1,804.7800903320312,636.2686157226562,147.37335205078125,433.33514404296875,-1,-1,-1,-1
411,1,791.3305053710938,644.7875366210938,161.9305419921875,417.90692138671875,-1,-1,-1,-1
412,1,791.456787109375,647.5617065429688,165.0577392578125,406.01593017578125,-1,-1,-1,-1
413,1,789.62109375,641.4585571289062,168.6131591796875,404.89141845703125,-1,-1,-1,-1
414,1,795.33544921875,627.064697265625,162.41192626953125,418.005615234375,-1,-1,-1,-1
415,1,811.7715454101562,614.1532592773438,149.7608642578125,425.55889892578125,-1,-1,-1,-1
416,1,817.439453125,604.9664916992188,140.46063232421875,418.5469970703125,-1,-1,-1,-1
417,1,832.4542846679688,597.5811767578125,141.3748779296875,408.4427490234375,-1,-1,-1,-1
418,1,888.2545166015625,579.3153686523438,157.9334716796875,402.00421142578125,-1,-1,-1,-1
419,1,1010.8106079101562,560.0457763671875,223.78900146484375,406.71075439453125,-1,-1,-1,-1
420,1,928.05810546875,470.73907470703125,80.19488525390625,194.9354248046875,-1,-1,-1,-1
1,2,838.5272216796875,553.04345703125,69.45794677734375,156.535888671875,-1,-1,-1,-1
2,2,848.8677978515625,549.8179931640625,65.0274658203125,157.76763916015625,-1,-1,-1,-1
3,2,851.6610717773438,552.0015258789062,56.78369140625,149.339111328125,-1,-1,-1,-1
4,2,850.3928833007812,550.6317138671875,56.63818359375,152.533203125,-1,-1,-1,-1
5,2,850.3665771484375,548.6377563476562,58.1964111328125,149.75750732421875,-1,-1,-1,-1
6,2,846.7357788085938,548.2376708984375,60.47027587890625,147.20855712890625,-1,-1,-1,-1
7,2,842.25830078125,551.5094604492188,58.5074462890625,153.24896240234375,-1,-1,-1,-1
8,2,844.0711059570312,548.43310546875,60.8048095703125,150.08648681640625,-1,-1,-1,-1
9,2,841.7310180664062,546.9590454101562,61.22503662109375,149.21624755859375,-1,-1,-1,-1
10,2,839.357666015625,542.97998046875,63.390625,153.0181884765625,-1,-1,-1,-1
11,2,837.2265014648438,548.0834350585938,64.9942626953125,153.22320556640625,-1,-1,-1,-1
12,2,842.1788940429688,551.459716796875,66.78436279296875,152.22650146484375,-1,-1,-1,-1
13,2,843.1443481445312,549.9668579101562,63.39666748046875,151.4937744140625,-1,-1,-1,-1
14,2,843.6113891601562,551.059326171875,67.0582275390625,152.070556640625,-1,-1,-1,-1
15,2,839.6683349609375,549.0650024414062,66.37982177734375,154.175048828125,-1,-1,-1,-1
16,2,827.7769775390625,543.3866577148438,71.90380859375,156.01019287109375,-1,-1,-1,-1
17,2,814.6246337890625,541.72265625,74.73370361328125,155.14764404296875,-1,-1,-1,-1
18,2,805.891357421875,539.5772705078125,75.98919677734375,158.894775390625,-1,-1,-1,-1
19,2,803.8773803710938,545.0478515625,77.6688232421875,160.65667724609375,-1,-1,-1,-1
20,2,799.2645263671875,546.9987182617188,80.708251953125,160.40582275390625,-1,-1,-1,-1
21,2,792.9716186523438,546.4998168945312,79.2545166015625,166.78265380859375,-1,-1,-1,-1
22,2,774.2228393554688,549.2285766601562,81.66943359375,166.24090576171875,-1,-1,-1,-1
23,2,758.480224609375,557.7738037109375,84.3956298828125,171.2054443359375,-1,-1,-1,-1
24,2,755.3029174804688,570.3098754882812,80.68536376953125,177.718017578125,-1,-1,-1,-1
25,2,754.0494995117188,584.8397216796875,78.36553955078125,189.74371337890625,-1,-1,-1,-1
26,2,748.31298828125,594.0573120117188,77.77325439453125,184.20941162109375,-1,-1,-1,-1
27,2,744.442626953125,606.1282958984375,73.31256103515625,179.3118896484375,-1,-1,-1,-1
28,2,745.9024047851562,618.024169921875,71.09698486328125,188.255126953125,-1,-1,-1,-1
29,2,747.1481323242188,623.4880981445312,71.30950927734375,199.14422607421875,-1,-1,-1,-1
30,2,744.4638671875,625.3284912109375,75.16925048828125,252.5726318359375,-1,-1,-1,-1
31,2,738.4520874023438,631.6485595703125,78.72625732421875,277.53179931640625,-1,-1,-1,-1
32,2,728.4866333007812,630.1676025390625,81.83038330078125,282.19232177734375,-1,-1,-1,-1
33,2,719.1430053710938,628.7615356445312,87.6634521484375,293.46356201171875,-1,-1,-1,-1
34,2,708.7027587890625,632.1187133789062,95.48291015625,276.5125732421875,-1,-1,-1,-1
35,2,713.430908203125,632.8203125,83.9765625,226.739013671875,-1,-1,-1,-1
36,2,725.1964721679688,634.7958984375,70.9405517578125,173.40802001953125,-1,-1,-1,-1
37,2,727.36572265625,637.6239624023438,68.3458251953125,165.3853759765625,-1,-1,-1,-1
38,2,724.5068359375,640.7518310546875,71.2557373046875,173.28369140625,-1,-1,-1,-1
39,2,727.605224609375,644.193115234375,66.64013671875,168.5404052734375,-1,-1,-1,-1
40,2,728.7625732421875,649.2261962890625,65.27569580078125,168.78643798828125,-1,-1,-1,-1
41,2,728.0299072265625,649.1538696289062,66.15740966796875,170.71685791015625,-1,-1,-1,-1
42,2,725.522705078125,646.9252319335938,68.995849609375,162.436767578125,-1,-1,-1,-1
43,2,721.4957885742188,645.9522094726562,68.18231201171875,158.77215576171875,-1,-1,-1,-1
44,2,715.13623046875,647.0269165039062,60.88787841796875,155.09112548828125,-1,-1,-1,-1
45,2,709.5634765625,649.7435302734375,59.993408203125,155.3763427734375,-1,-1,-1,-1
46,2,705.9644775390625,652.3677978515625,60.48785400390625,154.8311767578125,-1,-1,-1,-1
47,2,702.4707641601562,650.3646240234375,62.80267333984375,154.4102783203125,-1,-1,-1,-1
48,2,698.5023193359375,647.0653686523438,60.57904052734375,156.65191650390625,-1,-1,-1,-1
49,2,696.9282836914062,643.4715576171875,60.04345703125,160.1934814453125,-1,-1,-1,-1
50,2,697.4837646484375,641.156982421875,57.48980712890625,160.44268798828125,-1,-1,-1,-1
51,2,697.3831787109375,638.252685546875,59.074462890625,158.34381103515625,-1,-1,-1,-1
52,2,696.0274047851562,637.8894653320312,61.6402587890625,158.9827880859375,-1,-1,-1,-1
53,2,694.8997192382812,638.616455078125,64.1708984375,163.55560302734375,-1,-1,-1,-1
54,2,691.107666015625,643.5428466796875,65.91485595703125,160.4825439453125,-1,-1,-1,-1
55,2,685.1641235351562,648.8870849609375,61.82110595703125,155.620361328125,-1,-1,-1,-1
56,2,672.7313232421875,652.638916015625,63.903076171875,160.960693359375,-1,-1,-1,-1
57,2,660.66064453125,649.0618286132812,71.298583984375,166.867919921875,-1,-1,-1,-1
58,2,653.470703125,633.1497192382812,79.4521484375,192.49847412109375,-1,-1,-1,-1
59,2,644.9096069335938,616.1235961914062,90.38922119140625,233.6942138671875,-1,-1,-1,-1
60,2,646.9700317382812,613.0475463867188,80.009033203125,215.1025390625,-1,-1,-1,-1
61,2,644.0094604492188,613.875,88.48809814453125,208.7601318359375,-1,-1,-1,-1
62,2,659.0287475585938,625.0029296875,79.29351806640625,202.73291015625,-1,-1,-1,-1
63,2,666.0278930664062,639.3416748046875,77.3587646484375,196.420654296875,-1,-1,-1,-1
64,2,665.3770751953125,657.176513671875,76.3250732421875,190.150146484375,-1,-1,-1,-1
65,2,664.8471069335938,665.9166259765625,76.57318115234375,192.33447265625,-1,-1,-1,-1
67,2,672.4232177734375,663.7713623046875,70.97698974609375,183.9761962890625,-1,-1,-1,-1
68,2,681.10986328125,650.8466796875,74.838623046875,190.9056396484375,-1,-1,-1,-1
69,2,682.5551147460938,641.0103149414062,85.30035400390625,201.02423095703125,-1,-1,-1,-1
70,2,685.2116088867188,642.1126098632812,74.58026123046875,176.01910400390625,-1,-1,-1,-1
71,2,689.4660034179688,650.9208984375,71.265625,159.788330078125,-1,-1,-1,-1
72,2,696.9044799804688,659.9498901367188,74.92120361328125,164.5784912109375,-1,-1,-1,-1
73,2,705.4634399414062,666.2349853515625,74.35198974609375,166.0672607421875,-1,-1,-1,-1
74,2,704.81005859375,672.23974609375,75.4349365234375,165.5755615234375,-1,-1,-1,-1
75,2,707.2616577148438,676.5927734375,71.79083251953125,163.7467041015625,-1,-1,-1,-1
76,2,704.38720703125,677.6121826171875,73.2838134765625,165.63006591796875,-1,-1,-1,-1
77,2,699.7192993164062,673.9265747070312,74.033935546875,166.84564208984375,-1,-1,-1,-1
78,2,696.2667236328125,665.266357421875,70.2894287109375,168.455078125,-1,-1,-1,-1
79,2,694.1128540039062,658.3366088867188,71.29583740234375,163.69952392578125,-1,-1,-1,-1
80,2,689.0831298828125,653.4336547851562,76.504638671875,164.57818603515625,-1,-1,-1,-1
81,2,683.8425903320312,651.5811767578125,73.01593017578125,164.55621337890625,-1,-1,-1,-1
82,2,678.183349609375,654.4724731445312,75.19647216796875,164.66064453125,-1,-1,-1,-1
83,2,675.8847045898438,658.0249633789062,76.03472900390625,163.73382568359375,-1,-1,-1,-1
84,2,676.0753784179688,661.3779907226562,79.9779052734375,164.7659912109375,-1,-1,-1,-1
85,2,679.3677368164062,660.3297729492188,78.9833984375,167.90911865234375,-1,-1,-1,-1
86,2,681.722900390625,656.4873046875,75.646484375,177.0240478515625,-1,-1,-1,-1
87,2,682.5755004882812,653.70166015625,73.41107177734375,178.2911376953125,-1,-1,-1,-1
88,2,685.5734252929688,655.86865234375,76.25274658203125,175.490234375,-1,-1,-1,-1
89,2,685.60595703125,659.2960815429688,84.92138671875,190.29278564453125,-1,-1,-1,-1
90,2,677.8609008789062,658.677978515625,95.19183349609375,207.0042724609375,-1,-1,-1,-1
91,2,671.9861450195312,660.0335693359375,88.96075439453125,210.22406005859375,-1,-1,-1,-1
92,2,683.8049926757812,661.2694091796875,74.73974609375,194.26922607421875,-1,-1,-1,-1
93,2,680.2195434570312,665.3303833007812,71.68206787109375,185.68585205078125,-1,-1,-1,-1
94,2,678.8713989257812,670.8505249023438,74.7679443359375,165.42315673828125,-1,-1,-1,-1
95,2,680.290771484375,668.731689453125,75.41131591796875,162.93194580078125,-1,-1,-1,-1
96,2,677.7588500976562,664.0175170898438,76.6483154296875,167.27593994140625,-1,-1,-1,-1
97,2,676.3671264648438,657.9674072265625,77.4879150390625,167.3963623046875,-1,-1,-1,-1
98,2,680.4568481445312,648.4536743164062,78.17877197265625,162.73089599609375,-1,-1,-1,-1
99,2,685.5863647460938,644.0477294921875,77.86785888671875,169.1021728515625,-1,-1,-1,-1
100,2,694.116455078125,641.9012451171875,77.760986328125,171.00103759765625,-1,-1,-1,-1
101,2,703.0794677734375,640.4916381835938,78.35906982421875,172.92132568359375,-1,-1,-1,-1
102,2,710.8453369140625,639.6864624023438,76.96185302734375,171.89453125,-1,-1,-1,-1
103,2,712.8346557617188,640.0142822265625,76.86181640625,167.01214599609375,-1,-1,-1,-1
104,2,715.9772338867188,643.8839111328125,79.62225341796875,176.33685302734375,-1,-1,-1,-1
105,2,725.299560546875,649.1787719726562,76.45697021484375,170.45050048828125,-1,-1,-1,-1
106,2,731.13232421875,654.489990234375,77.095458984375,168.36309814453125,-1,-1,-1,-1
107,2,735.2457275390625,658.94921875,75.62646484375,168.138427734375,-1,-1,-1,-1
108,2,736.6959838867188,662.636474609375,74.3046875,169.73077392578125,-1,-1,-1,-1
109,2,737.1770629882812,663.9489135742188,76.30438232421875,173.70513916015625,-1,-1,-1,-1
110,2,734.2098388671875,665.2534790039062,76.0242919921875,169.552490234375,-1,-1,-1,-1
111,2,730.2517700195312,667.0084228515625,74.00225830078125,166.39056396484375,-1,-1,-1,-1
112,2,728.4642333984375,664.1326293945312,71.17950439453125,168.87664794921875,-1,-1,-1,-1
113,2,727.3607177734375,657.6552124023438,72.991943359375,171.13934326171875,-1,-1,-1,-1
114,2,727.2587280273438,648.9661254882812,74.54083251953125,183.3790283203125,-1,-1,-1,-1
115,2,729.1820678710938,645.4241333007812,75.934814453125,189.00494384765625,-1,-1,-1,-1
116,2,731.8709106445312,645.2308349609375,83.2247314453125,194.1392822265625,-1,-1,-1,-1
117,2,747.4696044921875,643.784423828125,81.6904296875,194.69110107421875,-1,-1,-1,-1
118,2,771.8375244140625,642.5321044921875,80.9495849609375,196.5552978515625,-1,-1,-1,-1
119,2,798.5718383789062,641.2735595703125,75.3673095703125,197.906494140625,-1,-1,-1,-1
120,2,811.720703125,641.739013671875,77.70947265625,195.62005615234375,-1,-1,-1,-1
121,2,814.7095947265625,640.19970703125,77.09466552734375,192.61376953125,-1,-1,-1,-1
122,2,816.85888671875,641.1483764648438,73.5069580078125,190.78009033203125,-1,-1,-1,-1
123,2,808.73095703125,641.563720703125,75.08380126953125,191.15362548828125,-1,-1,-1,-1
124,2,806.0206909179688,632.8829345703125,83.16064453125,197.96990966796875,-1,-1,-1,-1
125,2,811.3626708984375,619.1976928710938,77.98992919921875,198.9556884765625,-1,-1,-1,-1
126,2,816.5406494140625,609.6683959960938,73.05877685546875,197.6773681640625,-1,-1,-1,-1
127,2,820.39990234375,601.804931640625,70.0347900390625,193.7408447265625,-1,-1,-1,-1
128,2,824.4736938476562,594.9765625,70.0928955078125,182.5511474609375,-1,-1,-1,-1
129,2,825.4025268554688,592.3507690429688,71.14971923828125,184.1363525390625,-1,-1,-1,-1
130,2,827.331787109375,589.6488037109375,73.2259521484375,183.93743896484375,-1,-1,-1,-1
131,2,829.7593383789062,587.5511474609375,70.5511474609375,179.1068115234375,-1,-1,-1,-1
132,2,831.5154418945312,587.080810546875,69.25787353515625,174.72528076171875,-1,-1,-1,-1
133,2,834.5382080078125,587.718505859375,69.39349365234375,176.17926025390625,-1,-1,-1,-1
134,2,840.2510375976562,587.6279907226562,68.97540283203125,184.836181640625,-1,-1,-1,-1
135,2,843.39453125,586.4080200195312,70.5565185546875,183.91937255859375,-1,-1,-1,-1
136,2,846.4768676757812,582.6834106445312,72.04986572265625,187.9476318359375,-1,-1,-1,-1
137,2,853.119140625,579.6377563476562,70.578369140625,184.57598876953125,-1,-1,-1,-1
138,2,859.1687622070312,578.1475219726562,72.23382568359375,191.06695556640625,-1,-1,-1,-1
139,2,871.0101318359375,578.4369506835938,70.28289794921875,186.87530517578125,-1,-1,-1,-1
140,2,883.1726684570312,581.7509155273438,72.1883544921875,199.799560546875,-1,-1,-1,-1
141,2,894.064697265625,586.0752563476562,72.43218994140625,188.69134521484375,-1,-1,-1,-1
142,2,905.57080078125,589.7381591796875,74.1771240234375,202.75592041015625,-1,-1,-1,-1
143,2,911.5223388671875,594.2075805664062,78.84796142578125,198.69757080078125,-1,-1,-1,-1
144,2,925.0621948242188,599.0709228515625,74.50225830078125,199.59613037109375,-1,-1,-1,-1
145,2,932.91162109375,597.53076171875,77.73699951171875,206.64544677734375,-1,-1,-1,-1
146,2,942.563232421875,595.2982788085938,77.31280517578125,203.859130859375,-1,-1,-1,-1
147,2,950.0335083007812,597.9790649414062,74.68011474609375,192.92645263671875,-1,-1,-1,-1
148,2,953.0513916015625,607.70458984375,77.9786376953125,199.69000244140625,-1,-1,-1,-1
149,2,960.0400390625,616.78955078125,78.9547119140625,208.0364990234375,-1,-1,-1,-1
150,2,963.457275390625,618.1681518554688,80.6820068359375,207.69677734375,-1,-1,-1,-1
151,2,965.243408203125,616.9686889648438,80.8511962890625,195.88275146484375,-1,-1,-1,-1
152,2,966.1394653320312,620.55224609375,81.35577392578125,185.7484130859375,-1,-1,-1,-1
153,2,965.5821533203125,621.5654296875,81.0767822265625,182.1611328125,-1,-1,-1,-1
154,2,958.74365234375,618.4244995117188,83.4588623046875,185.63671875,-1,-1,-1,-1
155,2,954.6572265625,608.704833984375,82.1298828125,183.87274169921875,-1,-1,-1,-1
156,2,951.4219360351562,598.60791015625,82.93597412109375,183.5501708984375,-1,-1,-1,-1
157,2,950.2518310546875,592.1453247070312,82.4134521484375,183.293701171875,-1,-1,-1,-1
158,2,941.2135620117188,588.6968994140625,81.6904296875,207.926025390625,-1,-1,-1,-1
159,2,930.2030639648438,584.2071533203125,80.08502197265625,212.05267333984375,-1,-1,-1,-1
160,2,904.2258911132812,575.1131591796875,85.00909423828125,205.14910888671875,-1,-1,-1,-1
161,2,851.9287109375,563.3184814453125,119.53936767578125,243.03253173828125,-1,-1,-1,-1
164,2,855.2804565429688,533.6373291015625,93.1689453125,249.25775146484375,-1,-1,-1,-1
165,2,842.1343994140625,545.447021484375,69.22869873046875,198.05731201171875,-1,-1,-1,-1
166,2,826.23095703125,549.9407348632812,66.08154296875,184.20843505859375,-1,-1,-1,-1
167,2,809.2296752929688,547.392578125,71.21075439453125,183.0791015625,-1,-1,-1,-1
168,2,788.6964721679688,547.0859985351562,78.3038330078125,185.60491943359375,-1,-1,-1,-1
169,2,772.137939453125,539.8310546875,79.07940673828125,185.0279541015625,-1,-1,-1,-1
170,2,757.545166015625,531.640380859375,79.2890625,175.62255859375,-1,-1,-1,-1
171,2,738.1703491210938,528.3294067382812,80.3555908203125,176.12188720703125,-1,-1,-1,-1
172,2,715.91650390625,525.2182006835938,83.3084716796875,174.42120361328125,-1,-1,-1,-1
173,2,691.045166015625,523.2513427734375,88.698974609375,185.21044921875,-1,-1,-1,-1
174,2,661.4843139648438,524.5894775390625,96.771484375,190.97637939453125,-1,-1,-1,-1
175,2,634.2277221679688,525.6012573242188,90.125732421875,175.9136962890625,-1,-1,-1,-1
176,2,607.96923828125,530.330078125,90.09625244140625,177.4964599609375,-1,-1,-1,-1
177,2,577.22802734375,536.2100830078125,97.83636474609375,188.1600341796875,-1,-1,-1,-1
178,2,544.7244262695312,534.7398681640625,95.44793701171875,182.98291015625,-1,-1,-1,-1
179,2,510.2798156738281,528.526611328125,89.33804321289062,183.6644287109375,-1,-1,-1,-1
180,2,481.40972900390625,529.0733642578125,91.78021240234375,185.35968017578125,-1,-1,-1,-1
181,2,461.9678649902344,537.8040161132812,91.73257446289062,188.40496826171875,-1,-1,-1,-1
182,2,453.38592529296875,547.3353881835938,85.36810302734375,184.078125,-1,-1,-1,-1
183,2,445.6146545410156,553.9391479492188,86.99630737304688,184.90447998046875,-1,-1,-1,-1
184,2,430.0816650390625,554.9539184570312,84.9044189453125,185.79742431640625,-1,-1,-1,-1
185,2,408.0137939453125,554.8082885742188,83.45166015625,186.44873046875,-1,-1,-1,-1
186,2,401.6678466796875,553.75439453125,82.60614013671875,187.18585205078125,-1,-1,-1,-1
187,2,418.63800048828125,550.9840698242188,77.52926635742188,186.5107421875,-1,-1,-1,-1
188,2,461.46990966796875,547.598388671875,73.34295654296875,182.273681640625,-1,-1,-1,-1
189,2,510.71258544921875,552.3017578125,69.42926025390625,175.36505126953125,-1,-1,-1,-1
190,2,546.2886962890625,562.42333984375,68.6595458984375,174.7562255859375,-1,-1,-1,-1
191,2,563.849853515625,572.420654296875,68.6982421875,170.839111328125,-1,-1,-1,-1
192,2,574.6702270507812,578.2459716796875,64.45404052734375,173.27581787109375,-1,-1,-1,-1
193,2,578.8759155273438,583.1412353515625,64.90606689453125,172.4725341796875,-1,-1,-1,-1
194,2,579.6231689453125,589.9338989257812,62.5849609375,169.2255859375,-1,-1,-1,-1
195,2,576.9971313476562,597.5686645507812,64.5218505859375,172.7266845703125,-1,-1,-1,-1
196,2,575.8084716796875,605.6734619140625,63.45989990234375,171.2401123046875,-1,-1,-1,-1
197,2,574.67578125,614.6077880859375,62.24542236328125,169.2642822265625,-1,-1,-1,-1
198,2,575.6715087890625,619.8753662109375,62.78765869140625,166.45477294921875,-1,-1,-1,-1
199,2,575.596435546875,621.08642578125,65.205810546875,170.30035400390625,-1,-1,-1,-1
200,2,578.5530395507812,619.7633666992188,63.96624755859375,166.1436767578125,-1,-1,-1,-1
201,2,579.7765502929688,617.169921875,65.635009765625,169.0181884765625,-1,-1,-1,-1
202,2,583.3796997070312,611.6058959960938,65.11328125,168.78082275390625,-1,-1,-1,-1
203,2,584.652099609375,599.9759521484375,64.70452880859375,171.91925048828125,-1,-1,-1,-1
204,2,586.5247802734375,586.5554809570312,63.03607177734375,170.95599365234375,-1,-1,-1,-1
205,2,589.0502319335938,576.256591796875,65.67242431640625,167.09002685546875,-1,-1,-1,-1
206,2,593.7886352539062,568.1632690429688,66.40032958984375,169.32366943359375,-1,-1,-1,-1
207,2,602.3555297851562,563.5258178710938,60.6729736328125,167.52154541015625,-1,-1,-1,-1
208,2,610.3963623046875,560.3159790039062,63.97344970703125,171.21826171875,-1,-1,-1,-1
209,2,618.782470703125,560.5296630859375,70.2579345703125,169.65972900390625,-1,-1,-1,-1
210,2,629.0715942382812,562.1561279296875,64.31097412109375,167.3175048828125,-1,-1,-1,-1
211,2,635.9088745117188,562.3902587890625,66.147216796875,168.341552734375,-1,-1,-1,-1
212,2,646.0970458984375,560.3048095703125,65.74176025390625,168.88531494140625,-1,-1,-1,-1
213,2,662.0609741210938,559.1531372070312,69.16058349609375,169.44195556640625,-1,-1,-1,-1
214,2,683.8421630859375,558.6914672851562,65.81231689453125,167.1285400390625,-1,-1,-1,-1
215,2,702.5856323242188,554.1136474609375,68.6217041015625,167.2015380859375,-1,-1,-1,-1
216,2,721.571533203125,547.484375,68.7747802734375,170.50299072265625,-1,-1,-1,-1
217,2,735.1157836914062,545.8200073242188,68.76910400390625,169.2867431640625,-1,-1,-1,-1
218,2,743.8811645507812,551.5133056640625,63.50360107421875,166.24603271484375,-1,-1,-1,-1
219,2,747.2669677734375,564.2363891601562,63.7939453125,164.5826416015625,-1,-1,-1,-1
220,2,752.1982421875,574.9239501953125,63.81610107421875,167.4805908203125,-1,-1,-1,-1
221,2,755.9401245117188,580.2257080078125,66.70965576171875,171.13201904296875,-1,-1,-1,-1
222,2,758.1361694335938,585.9149780273438,62.55523681640625,168.88818359375,-1,-1,-1,-1
223,2,756.7728881835938,585.0208740234375,60.819580078125,168.19769287109375,-1,-1,-1,-1
224,2,756.1011962890625,584.1565551757812,61.75848388671875,170.03729248046875,-1,-1,-1,-1
225,2,759.52099609375,586.8663330078125,64.1318359375,168.5672607421875,-1,-1,-1,-1
226,2,764.1847534179688,588.5225219726562,63.41644287109375,171.5693359375,-1,-1,-1,-1
227,2,767.47412109375,590.0844116210938,61.39007568359375,172.31427001953125,-1,-1,-1,-1
228,2,766.7583618164062,588.4132690429688,63.73016357421875,171.3612060546875,-1,-1,-1,-1
229,2,765.2171630859375,585.4912719726562,64.78759765625,171.70263671875,-1,-1,-1,-1
230,2,764.426025390625,581.85498046875,64.429443359375,172.29217529296875,-1,-1,-1,-1
231,2,763.7479248046875,580.2798461914062,64.24041748046875,170.07220458984375,-1,-1,-1,-1
232,2,763.8798828125,576.3421630859375,61.97247314453125,170.3231201171875,-1,-1,-1,-1
233,2,763.0113525390625,572.6664428710938,62.3016357421875,170.0582275390625,-1,-1,-1,-1
234,2,760.880615234375,569.5933837890625,66.00567626953125,170.04852294921875,-1,-1,-1,-1
235,2,760.1832275390625,565.2828369140625,65.56201171875,168.60321044921875,-1,-1,-1,-1
236,2,759.7009887695312,563.0074462890625,65.3614501953125,166.998291015625,-1,-1,-1,-1
237,2,758.4090576171875,563.4046020507812,65.02496337890625,166.5408935546875,-1,-1,-1,-1
238,2,757.0901489257812,565.162841796875,64.403076171875,170.3416748046875,-1,-1,-1,-1
239,2,754.4356079101562,567.2069091796875,64.32958984375,170.08734130859375,-1,-1,-1,-1
240,2,750.4434204101562,571.9447021484375,64.4129638671875,167.55029296875,-1,-1,-1,-1
241,2,746.9962158203125,579.5484619140625,65.77239990234375,165.044189453125,-1,-1,-1,-1
242,2,745.7681884765625,586.9550170898438,66.65460205078125,164.66400146484375,-1,-1,-1,-1
243,2,739.92724609375,592.7685546875,70.8328857421875,163.31219482421875,-1,-1,-1,-1
244,2,734.73388671875,594.4346313476562,73.6932373046875,162.14056396484375,-1,-1,-1,-1
245,2,721.8573608398438,591.6528930664062,82.29400634765625,161.52294921875,-1,-1,-1,-1
246,2,723.0112915039062,584.7210083007812,75.80474853515625,160.82049560546875,-1,-1,-1,-1
247,2,720.616943359375,576.2970581054688,70.825927734375,163.71478271484375,-1,-1,-1,-1
248,2,717.9776611328125,570.4950561523438,68.8270263671875,163.3109130859375,-1,-1,-1,-1
249,2,714.5094604492188,567.8157348632812,71.31396484375,160.660888671875,-1,-1,-1,-1
250,2,711.8922729492188,565.9813842773438,62.93377685546875,160.70599365234375,-1,-1,-1,-1
251,2,701.92041015625,565.2827758789062,66.50421142578125,161.94622802734375,-1,-1,-1,-1
252,2,700.6736450195312,566.0961303710938,63.33892822265625,162.55548095703125,-1,-1,-1,-1
253,2,698.2177124023438,566.1170043945312,61.25262451171875,162.92523193359375,-1,-1,-1,-1
254,2,694.9590454101562,567.2534790039062,59.69268798828125,162.28631591796875,-1,-1,-1,-1
255,2,692.473876953125,567.603271484375,59.527587890625,163.46185302734375,-1,-1,-1,-1
256,2,690.6539306640625,566.3556518554688,59.15093994140625,165.4945068359375,-1,-1,-1,-1
257,2,689.2199096679688,564.9196166992188,59.18402099609375,165.3173828125,-1,-1,-1,-1
258,2,685.9560546875,563.9696044921875,62.13629150390625,164.27972412109375,-1,-1,-1,-1
259,2,683.2537231445312,564.803955078125,64.30804443359375,163.70892333984375,-1,-1,-1,-1
260,2,677.4949340820312,565.46533203125,69.6644287109375,162.76318359375,-1,-1,-1,-1
261,2,671.1430053710938,566.5328369140625,73.155517578125,162.9219970703125,-1,-1,-1,-1
262,2,663.148193359375,566.0496826171875,74.321533203125,174.2474365234375,-1,-1,-1,-1
263,2,656.30615234375,566.6281127929688,73.56817626953125,178.5672607421875,-1,-1,-1,-1
264,2,649.2203979492188,566.48388671875,70.7625732421875,174.959228515625,-1,-1,-1,-1
265,2,635.0758666992188,569.37646484375,69.27105712890625,166.94195556640625,-1,-1,-1,-1
266,2,625.1134033203125,570.0841674804688,67.02398681640625,166.04034423828125,-1,-1,-1,-1
267,2,611.1790771484375,566.406494140625,69.6309814453125,163.6717529296875,-1,-1,-1,-1
268,2,603.3491821289062,560.7205200195312,68.6412353515625,159.75390625,-1,-1,-1,-1
269,2,589.5673828125,555.8555297851562,75.1405029296875,168.74481201171875,-1,-1,-1,-1
270,2,577.4202270507812,561.3317260742188,86.67010498046875,194.0977783203125,-1,-1,-1,-1
271,2,568.165283203125,568.3396606445312,95.98602294921875,209.34869384765625,-1,-1,-1,-1
272,2,566.329833984375,583.737548828125,98.72222900390625,210.160400390625,-1,-1,-1,-1
273,2,565.7798461914062,578.7716674804688,98.25518798828125,228.53631591796875,-1,-1,-1,-1
274,2,565.4180908203125,580.6644897460938,98.15960693359375,230.15020751953125,-1,-1,-1,-1
275,2,573.36572265625,587.559326171875,90.92523193359375,203.37933349609375,-1,-1,-1,-1
276,2,567.7797241210938,586.5546875,100.02667236328125,169.462646484375,-1,-1,-1,-1
277,2,581.8533325195312,591.592529296875,92.74481201171875,158.8458251953125,-1,-1,-1,-1
278,2,590.3309326171875,590.0181274414062,85.11834716796875,157.158447265625,-1,-1,-1,-1
279,2,590.118408203125,588.9547729492188,82.7532958984375,156.283935546875,-1,-1,-1,-1
280,2,595.7669677734375,589.7428588867188,65.9658203125,150.8648681640625,-1,-1,-1,-1
281,2,600.8914794921875,585.4986572265625,61.78662109375,154.10986328125,-1,-1,-1,-1
282,2,604.8008422851562,577.0794677734375,65.150634765625,164.97003173828125,-1,-1,-1,-1
283,2,603.571533203125,576.7338256835938,60.7515869140625,158.19219970703125,-1,-1,-1,-1
284,2,600.1861572265625,579.1363525390625,61.15765380859375,157.00439453125,-1,-1,-1,-1
285,2,591.8523559570312,581.1417236328125,70.6875,155.82000732421875,-1,-1,-1,-1
286,2,578.503662109375,583.3858642578125,60.22039794921875,156.15570068359375,-1,-1,-1,-1
287,2,570.5632934570312,589.3168334960938,59.22784423828125,155.7200927734375,-1,-1,-1,-1
288,2,560.2850952148438,594.6867065429688,57.86322021484375,154.635009765625,-1,-1,-1,-1
289,2,549.010986328125,594.46484375,59.5926513671875,157.84765625,-1,-1,-1,-1
290,2,532.5081176757812,594.6425170898438,57.87994384765625,157.08697509765625,-1,-1,-1,-1
291,2,504.0310363769531,590.904541015625,58.319122314453125,159.33489990234375,-1,-1,-1,-1
292,2,466.712646484375,582.8776245117188,61.801025390625,162.85906982421875,-1,-1,-1,-1
293,2,431.7631530761719,562.5123291015625,63.586578369140625,165.15069580078125,-1,-1,-1,-1
294,2,400.25811767578125,540.6414184570312,67.15902709960938,167.6025390625,-1,-1,-1,-1
295,2,376.1153869628906,524.7452392578125,68.44607543945312,170.0572509765625,-1,-1,-1,-1
296,2,348.81072998046875,510.9248352050781,74.46194458007812,172.14346313476562,-1,-1,-1,-1
297,2,329.09075927734375,502.4250793457031,74.94342041015625,172.76449584960938,-1,-1,-1,-1
298,2,315.4781799316406,499.5260314941406,80.00555419921875,173.10116577148438,-1,-1,-1,-1
299,2,313.8855895996094,499.6176452636719,80.91763305664062,172.35525512695312,-1,-1,-1,-1
300,2,312.9678039550781,506.7535095214844,85.7164306640625,171.15499877929688,-1,-1,-1,-1
301,2,320.6309509277344,517.8374633789062,84.72607421875,168.12933349609375,-1,-1,-1,-1
302,2,329.8764343261719,526.0975341796875,84.19137573242188,169.28326416015625,-1,-1,-1,-1
303,2,340.10308837890625,532.9627685546875,81.7669677734375,165.74237060546875,-1,-1,-1,-1
304,2,347.2444763183594,540.0263671875,78.24996948242188,166.41357421875,-1,-1,-1,-1
305,2,349.4834899902344,540.4376831054688,77.95132446289062,166.6363525390625,-1,-1,-1,-1
306,2,347.46856689453125,539.6407470703125,75.25628662109375,167.00537109375,-1,-1,-1,-1
307,2,347.150634765625,542.9148559570312,72.12103271484375,165.84759521484375,-1,-1,-1,-1
308,2,348.1968078613281,546.84716796875,70.25717163085938,164.6953125,-1,-1,-1,-1
309,2,348.7066650390625,555.0213012695312,67.83627319335938,164.84197998046875,-1,-1,-1,-1
310,2,339.08795166015625,567.6426391601562,69.73916625976562,161.30035400390625,-1,-1,-1,-1
311,2,318.58050537109375,579.0449829101562,69.57000732421875,165.70037841796875,-1,-1,-1,-1
312,2,286.9855041503906,587.5534057617188,69.04107666015625,168.559814453125,-1,-1,-1,-1
313,2,251.2833251953125,591.5532836914062,72.80816650390625,171.628662109375,-1,-1,-1,-1
314,2,226.0560302734375,590.9074096679688,74.37786865234375,173.84588623046875,-1,-1,-1,-1
315,2,215.60809326171875,591.660400390625,75.08831787109375,175.921142578125,-1,-1,-1,-1
316,2,219.49090576171875,593.298828125,73.85122680664062,175.08709716796875,-1,-1,-1,-1
317,2,229.09356689453125,597.4100952148438,72.0093994140625,174.48760986328125,-1,-1,-1,-1
318,2,238.09207153320312,598.5830078125,74.689453125,173.6231689453125,-1,-1,-1,-1
319,2,254.5035400390625,599.1744995117188,74.02804565429688,172.96337890625,-1,-1,-1,-1
320,2,277.9517517089844,600.284423828125,70.78878784179688,169.2408447265625,-1,-1,-1,-1
321,2,300.2096862792969,601.1519165039062,71.8321533203125,166.98187255859375,-1,-1,-1,-1
322,2,319.00677490234375,605.8758544921875,71.76483154296875,164.53155517578125,-1,-1,-1,-1
323,2,333.73345947265625,614.3157348632812,71.39385986328125,162.537109375,-1,-1,-1,-1
324,2,344.6881103515625,617.1813354492188,73.8076171875,163.43304443359375,-1,-1,-1,-1
325,2,351.12213134765625,615.2572021484375,75.73565673828125,162.25390625,-1,-1,-1,-1
326,2,353.55072021484375,607.5780639648438,78.3587646484375,159.5718994140625,-1,-1,-1,-1
327,2,350.219482421875,600.0942993164062,81.23248291015625,159.39776611328125,-1,-1,-1,-1
328,2,346.04083251953125,594.7456665039062,83.45065307617188,158.033447265625,-1,-1,-1,-1
329,2,341.07318115234375,589.5799560546875,84.74740600585938,159.0960693359375,-1,-1,-1,-1
330,2,340.34906005859375,585.80517578125,83.98406982421875,159.06884765625,-1,-1,-1,-1
331,2,343.56658935546875,583.5034790039062,83.440673828125,159.19183349609375,-1,-1,-1,-1
332,2,347.7571716308594,582.4598388671875,82.79605102539062,158.6595458984375,-1,-1,-1,-1
333,2,356.45977783203125,579.8523559570312,74.79522705078125,158.18975830078125,-1,-1,-1,-1
334,2,370.62982177734375,578.6029052734375,72.66424560546875,157.463134765625,-1,-1,-1,-1
335,2,387.8680419921875,575.1021118164062,69.56637573242188,155.330810546875,-1,-1,-1,-1
336,2,404.3766174316406,572.13671875,67.77084350585938,156.06695556640625,-1,-1,-1,-1
337,2,419.69366455078125,568.1812744140625,66.00726318359375,156.489013671875,-1,-1,-1,-1
338,2,435.5920715332031,559.37646484375,64.45382690429688,155.44415283203125,-1,-1,-1,-1
339,2,447.44158935546875,555.131591796875,64.693603515625,156.098876953125,-1,-1,-1,-1
340,2,455.7857666015625,554.6991577148438,65.03662109375,156.44195556640625,-1,-1,-1,-1
341,2,459.8026123046875,556.137451171875,64.8514404296875,155.818115234375,-1,-1,-1,-1
342,2,459.2983093261719,559.132568359375,62.743927001953125,155.1976318359375,-1,-1,-1,-1
343,2,457.77496337890625,563.063720703125,61.6619873046875,153.69525146484375,-1,-1,-1,-1
344,2,455.9652404785156,565.210205078125,62.659271240234375,153.53424072265625,-1,-1,-1,-1
345,2,457.76025390625,568.7279663085938,63.58111572265625,154.22119140625,-1,-1,-1,-1
346,2,460.05572509765625,571.2857666015625,64.65325927734375,153.65875244140625,-1,-1,-1,-1
347,2,464.04412841796875,572.9114990234375,65.427001953125,152.9539794921875,-1,-1,-1,-1
348,2,469.0298156738281,574.8212890625,63.921844482421875,152.85906982421875,-1,-1,-1,-1
349,2,472.135009765625,576.4735717773438,64.39404296875,152.93951416015625,-1,-1,-1,-1
350,2,474.4220886230469,577.8306884765625,65.75595092773438,153.354736328125,-1,-1,-1,-1
351,2,477.73272705078125,577.4735107421875,66.54901123046875,155.06903076171875,-1,-1,-1,-1
352,2,483.1982421875,578.9496459960938,67.434326171875,154.90704345703125,-1,-1,-1,-1
353,2,486.4985046386719,584.6994018554688,68.84060668945312,154.12921142578125,-1,-1,-1,-1
354,2,486.9880065917969,590.7581176757812,69.17916870117188,151.984375,-1,-1,-1,-1
355,2,484.0832214355469,595.1939697265625,66.88528442382812,154.7742919921875,-1,-1,-1,-1
356,2,482.4859619140625,599.1088256835938,65.48712158203125,154.708251953125,-1,-1,-1,-1
357,2,487.56011962890625,603.41796875,63.8251953125,154.990234375,-1,-1,-1,-1
358,2,496.8620300292969,604.8038330078125,62.616058349609375,157.38922119140625,-1,-1,-1,-1
359,2,505.2965087890625,604.261962890625,62.908447265625,155.77996826171875,-1,-1,-1,-1
360,2,513.7159423828125,604.0676879882812,62.364990234375,154.63287353515625,-1,-1,-1,-1
361,2,519.7722778320312,603.8466186523438,62.7679443359375,154.68511962890625,-1,-1,-1,-1
362,2,524.1781005859375,603.90869140625,62.02789306640625,156.834228515625,-1,-1,-1,-1
363,2,527.1976318359375,604.9371337890625,61.7398681640625,155.74285888671875,-1,-1,-1,-1
364,2,528.828125,604.3335571289062,61.37652587890625,155.7615966796875,-1,-1,-1,-1
365,2,529.2484741210938,602.0706176757812,61.0140380859375,155.67950439453125,-1,-1,-1,-1
366,2,529.6783447265625,604.1469116210938,61.191162109375,155.83624267578125,-1,-1,-1,-1
367,2,527.8218383789062,606.7027587890625,62.05987548828125,156.967041015625,-1,-1,-1,-1
368,2,521.0015869140625,610.028076171875,63.1116943359375,156.1107177734375,-1,-1,-1,-1
369,2,511.6862487792969,611.0447387695312,63.339263916015625,156.36383056640625,-1,-1,-1,-1
370,2,506.50469970703125,614.3433227539062,64.47369384765625,154.9527587890625,-1,-1,-1,-1
371,2,501.824462890625,616.128662109375,63.5301513671875,155.52691650390625,-1,-1,-1,-1
372,2,488.2853088378906,617.5172729492188,64.80715942382812,158.05950927734375,-1,-1,-1,-1
373,2,472.0299377441406,616.2506103515625,64.20425415039062,157.75347900390625,-1,-1,-1,-1
374,2,459.3777770996094,613.0540771484375,65.10830688476562,157.3824462890625,-1,-1,-1,-1
375,2,452.3065185546875,612.4603881835938,65.384765625,157.26983642578125,-1,-1,-1,-1
376,2,451.5942687988281,614.1050415039062,65.27011108398438,157.6705322265625,-1,-1,-1,-1
377,2,453.1413269042969,613.7144165039062,64.62350463867188,157.23516845703125,-1,-1,-1,-1
378,2,455.2772216796875,610.6832275390625,65.2744140625,157.52337646484375,-1,-1,-1,-1
379,2,453.9301452636719,607.2023315429688,65.31307983398438,158.1905517578125,-1,-1,-1,-1
380,2,454.0906066894531,605.015869140625,64.48568725585938,157.68292236328125,-1,-1,-1,-1
381,2,452.30706787109375,605.5834350585938,65.299072265625,157.53900146484375,-1,-1,-1,-1
382,2,448.2479553222656,608.1527099609375,65.79013061523438,156.6063232421875,-1,-1,-1,-1
383,2,440.7724304199219,602.6741333007812,63.919281005859375,156.980224609375,-1,-1,-1,-1
384,2,432.1396179199219,595.7667236328125,63.962921142578125,157.81201171875,-1,-1,-1,-1
385,2,429.6286926269531,594.2464599609375,64.3265380859375,158.1123046875,-1,-1,-1,-1
386,2,435.6466064453125,598.4007568359375,65.14059448242188,156.35150146484375,-1,-1,-1,-1
387,2,445.615478515625,605.79150390625,63.257354736328125,156.08935546875,-1,-1,-1,-1
388,2,451.03759765625,615.384521484375,63.53857421875,153.8597412109375,-1,-1,-1,-1
389,2,453.83648681640625,622.65185546875,63.7177734375,155.0474853515625,-1,-1,-1,-1
390,2,454.9474182128906,626.5322875976562,62.514739990234375,154.0140380859375,-1,-1,-1,-1
391,2,456.58758544921875,629.001220703125,61.752685546875,152.8504638671875,-1,-1,-1,-1
392,2,458.5401611328125,629.0962524414062,61.02734375,152.04986572265625,-1,-1,-1,-1
393,2,458.55718994140625,631.8368530273438,62.19610595703125,150.91558837890625,-1,-1,-1,-1
394,2,461.75811767578125,634.2294311523438,61.12969970703125,150.81561279296875,-1,-1,-1,-1
395,2,465.36029052734375,635.4276733398438,62.1767578125,150.0850830078125,-1,-1,-1,-1
396,2,464.3191833496094,631.2880859375,62.179840087890625,150.8270263671875,-1,-1,-1,-1
397,2,459.2880859375,633.1016235351562,61.59307861328125,149.9091796875,-1,-1,-1,-1
398,2,453.6276550292969,632.7793579101562,62.396636962890625,151.32916259765625,-1,-1,-1,-1
399,2,452.7881774902344,629.8602294921875,61.771331787109375,150.37750244140625,-1,-1,-1,-1
400,2,456.0780944824219,626.8943481445312,61.454986572265625,152.36553955078125,-1,-1,-1,-1
401,2,459.9746398925781,627.7691040039062,60.537384033203125,151.28778076171875,-1,-1,-1,-1
402,2,467.80645751953125,631.1254272460938,60.9384765625,150.27020263671875,-1,-1,-1,-1
403,2,472.26214599609375,634.5072631835938,60.25238037109375,150.87689208984375,-1,-1,-1,-1
404,2,479.3644714355469,634.837890625,61.433258056640625,149.17437744140625,-1,-1,-1,-1
405,2,490.0614013671875,633.4159545898438,60.486572265625,148.277099609375,-1,-1,-1,-1
406,2,487.2854919433594,633.4227905273438,60.077850341796875,149.04278564453125,-1,-1,-1,-1
407,2,483.6384582519531,636.2576293945312,61.045562744140625,150.22845458984375,-1,-1,-1,-1
408,2,489.0445556640625,636.812255859375,60.310302734375,149.68316650390625,-1,-1,-1,-1
409,2,493.7394104003906,631.3567504882812,60.296844482421875,150.22930908203125,-1,-1,-1,-1
410,2,502.4390869140625,632.1272583007812,58.10675048828125,151.37652587890625,-1,-1,-1,-1
411,2,504.4125671386719,628.1351318359375,59.269317626953125,152.08843994140625,-1,-1,-1,-1
412,2,503.1231689453125,619.742919921875,59.07806396484375,152.9857177734375,-1,-1,-1,-1
413,2,504.419189453125,615.1288452148438,59.471435546875,152.078857421875,-1,-1,-1,-1
414,2,506.47186279296875,614.4243774414062,60.57122802734375,151.48394775390625,-1,-1,-1,-1
415,2,512.2351379394531,617.6354370117188,58.889068603515625,151.5755615234375,-1,-1,-1,-1
416,2,517.2215576171875,618.201904296875,59.84625244140625,152.71429443359375,-1,-1,-1,-1
417,2,532.3765258789062,613.983154296875,59.0875244140625,152.73779296875,-1,-1,-1,-1
418,2,605.6820068359375,583.8562622070312,60.74652099609375,150.22698974609375,-1,-1,-1,-1
419,2,750.8355102539062,534.1646728515625,64.81378173828125,156.90380859375,-1,-1,-1,-1
420,2,926.593505859375,474.8916015625,84.574951171875,165.169677734375,-1,-1,-1,-1
421,2,1087.3870849609375,408.9076232910156,101.0223388671875,178.21975708007812,-1,-1,-1,-1
422,2,1207.2376708984375,363.2603759765625,101.39794921875,183.762451171875,-1,-1,-1,-1
423,2,967.0804443359375,451.1311340332031,60.6954345703125,136.14212036132812,-1,-1,-1,-1
1,3,811.7515869140625,543.9351806640625,96.67327880859375,269.00933837890625,-1,-1,-1,-1
2,3,818.7923583984375,541.4225463867188,93.63824462890625,270.3408203125,-1,-1,-1,-1
3,3,815.4800415039062,542.2945556640625,92.95074462890625,270.19659423828125,-1,-1,-1,-1
4,3,812.4923095703125,541.842529296875,90.7420654296875,268.18414306640625,-1,-1,-1,-1
5,3,810.6317138671875,541.1165161132812,84.79962158203125,264.91265869140625,-1,-1,-1,-1
6,3,803.8777465820312,542.1074829101562,83.90765380859375,264.04498291015625,-1,-1,-1,-1
7,3,795.591796875,546.61767578125,89.0093994140625,262.8232421875,-1,-1,-1,-1
8,3,794.532958984375,546.3975830078125,92.365966796875,263.11346435546875,-1,-1,-1,-1
9,3,792.9181518554688,545.9866943359375,95.3431396484375,264.42022705078125,-1,-1,-1,-1
10,3,789.2144775390625,543.3533935546875,99.922607421875,267.5955810546875,-1,-1,-1,-1
11,3,789.0975341796875,547.3919677734375,103.8209228515625,273.77227783203125,-1,-1,-1,-1
12,3,792.1211547851562,549.473876953125,116.43304443359375,278.962890625,-1,-1,-1,-1
13,3,789.4390258789062,548.5214233398438,123.6036376953125,285.25787353515625,-1,-1,-1,-1
14,3,798.5286254882812,549.5171508789062,121.47833251953125,290.01556396484375,-1,-1,-1,-1
15,3,794.7279663085938,548.4016723632812,127.1812744140625,293.186279296875,-1,-1,-1,-1
16,3,788.2713623046875,545.0501098632812,126.4039306640625,295.18658447265625,-1,-1,-1,-1
17,3,778.2252807617188,543.6822509765625,125.15753173828125,295.3787841796875,-1,-1,-1,-1
18,3,772.8676147460938,542.55322265625,122.25933837890625,296.2244873046875,-1,-1,-1,-1
19,3,774.7223510742188,547.3721313476562,120.82623291015625,297.8134765625,-1,-1,-1,-1
20,3,777.9564208984375,547.5243530273438,118.58544921875,299.94110107421875,-1,-1,-1,-1
21,3,775.933349609375,544.1618041992188,113.67681884765625,303.33135986328125,-1,-1,-1,-1
22,3,758.3256225585938,545.46142578125,109.7510986328125,305.663330078125,-1,-1,-1,-1
23,3,746.8108520507812,553.2978515625,107.1964111328125,309.03521728515625,-1,-1,-1,-1
24,3,745.830810546875,567.931640625,103.314453125,313.56146240234375,-1,-1,-1,-1
25,3,744.7562255859375,582.9232788085938,99.530029296875,315.9681396484375,-1,-1,-1,-1
26,3,739.3619995117188,593.3950805664062,97.25384521484375,318.28594970703125,-1,-1,-1,-1
27,3,734.7697143554688,603.9058227539062,91.542724609375,318.17572021484375,-1,-1,-1,-1
28,3,734.9755859375,616.615478515625,90.26220703125,318.3319091796875,-1,-1,-1,-1
29,3,735.2687377929688,622.4196166992188,90.853515625,319.9163818359375,-1,-1,-1,-1
30,3,734.64111328125,624.0350341796875,91.58551025390625,322.61151123046875,-1,-1,-1,-1
31,3,731.2966918945312,623.1410522460938,93.23712158203125,324.6134033203125,-1,-1,-1,-1
32,3,724.583740234375,621.2296142578125,94.30078125,326.23486328125,-1,-1,-1,-1
33,3,713.7050170898438,624.2893676757812,99.08941650390625,326.34014892578125,-1,-1,-1,-1
34,3,702.4271850585938,629.41748046875,105.66162109375,320.94061279296875,-1,-1,-1,-1
35,3,697.8511962890625,636.577880859375,104.280029296875,311.16168212890625,-1,-1,-1,-1
36,3,694.0948486328125,646.861572265625,109.2186279296875,303.1337890625,-1,-1,-1,-1
37,3,693.35498046875,654.5072631835938,120.80401611328125,306.28289794921875,-1,-1,-1,-1
38,3,694.6693115234375,658.2001342773438,134.93585205078125,312.04644775390625,-1,-1,-1,-1
39,3,691.70166015625,657.797119140625,155.1221923828125,337.5657958984375,-1,-1,-1,-1
40,3,690.0584106445312,656.6963500976562,172.45294189453125,364.05853271484375,-1,-1,-1,-1
41,3,691.3253784179688,656.2691650390625,183.73883056640625,376.3724365234375,-1,-1,-1,-1
42,3,687.0516357421875,654.9921875,190.2415771484375,380.0389404296875,-1,-1,-1,-1
43,3,682.4160766601562,652.9456787109375,190.604736328125,386.1982421875,-1,-1,-1,-1
44,3,694.23193359375,652.3303833007812,172.53094482421875,391.99127197265625,-1,-1,-1,-1
45,3,707.9215087890625,654.9265747070312,154.00787353515625,395.91070556640625,-1,-1,-1,-1
46,3,723.6107788085938,655.8642578125,136.79632568359375,401.733642578125,-1,-1,-1,-1
47,3,725.2548217773438,650.9546508789062,133.20074462890625,407.63653564453125,-1,-1,-1,-1
48,3,725.0699462890625,643.6339111328125,130.3851318359375,412.3934326171875,-1,-1,-1,-1
49,3,725.4423828125,637.549072265625,128.1995849609375,417.183349609375,-1,-1,-1,-1
50,3,725.74951171875,634.1064453125,129.08062744140625,422.376708984375,-1,-1,-1,-1
51,3,716.6727905273438,629.7325439453125,138.5013427734375,425.1663818359375,-1,-1,-1,-1
52,3,699.0214233398438,629.4275512695312,156.46990966796875,426.94378662109375,-1,-1,-1,-1
53,3,685.8024291992188,632.14892578125,168.85406494140625,429.0440673828125,-1,-1,-1,-1
54,3,676.9366455078125,637.9808349609375,175.82623291015625,428.34033203125,-1,-1,-1,-1
55,3,664.0632934570312,643.1720581054688,175.85308837890625,432.60687255859375,-1,-1,-1,-1
56,3,643.1765747070312,647.7078857421875,172.617919921875,437.464599609375,-1,-1,-1,-1
57,3,620.6869506835938,642.8583984375,166.6063232421875,442.5516357421875,-1,-1,-1,-1
58,3,610.3963623046875,626.1995849609375,159.5615234375,442.6859130859375,-1,-1,-1,-1
59,3,605.4760131835938,610.961181640625,151.56085205078125,438.4833984375,-1,-1,-1,-1
60,3,599.8411865234375,609.6405029296875,146.8358154296875,429.9686279296875,-1,-1,-1,-1
61,3,606.1914672851562,613.6116943359375,139.53338623046875,423.7073974609375,-1,-1,-1,-1
62,3,616.0728759765625,625.1151123046875,138.5699462890625,421.3153076171875,-1,-1,-1,-1
63,3,620.01806640625,639.6981811523438,139.90277099609375,422.06988525390625,-1,-1,-1,-1
64,3,615.5650634765625,657.4474487304688,143.7559814453125,428.54656982421875,-1,-1,-1,-1
65,3,611.755615234375,665.2055053710938,146.45159912109375,437.60162353515625,-1,-1,-1,-1
66,3,616.48388671875,664.9942626953125,151.2242431640625,451.3529052734375,-1,-1,-1,-1
67,3,619.0894165039062,659.9141845703125,162.54248046875,460.262451171875,-1,-1,-1,-1
68,3,621.9850463867188,646.0711059570312,174.7669677734375,467.46795654296875,-1,-1,-1,-1
69,3,628.2916259765625,636.8662109375,169.85931396484375,469.2103271484375,-1,-1,-1,-1
70,3,627.4217529296875,639.0526123046875,171.5191650390625,471.144287109375,-1,-1,-1,-1
71,3,630.3533935546875,648.7067260742188,181.086181640625,474.39215087890625,-1,-1,-1,-1
72,3,636.7057495117188,659.18896484375,192.27392578125,476.6954345703125,-1,-1,-1,-1
73,3,651.8286743164062,665.9945068359375,195.2869873046875,480.9246826171875,-1,-1,-1,-1
74,3,665.6126098632812,669.53759765625,192.7275390625,484.64697265625,-1,-1,-1,-1
75,3,676.3895874023438,670.95361328125,191.71295166015625,488.3837890625,-1,-1,-1,-1
76,3,683.1830444335938,669.62890625,190.05194091796875,492.1820068359375,-1,-1,-1,-1
77,3,694.4649658203125,664.912109375,181.48516845703125,497.2872314453125,-1,-1,-1,-1
78,3,702.8650512695312,656.29248046875,172.4013671875,498.032470703125,-1,-1,-1,-1
79,3,703.3572998046875,650.3770751953125,172.624755859375,497.2625732421875,-1,-1,-1,-1
80,3,700.836669921875,646.4042358398438,174.92608642578125,494.23321533203125,-1,-1,-1,-1
81,3,695.2387084960938,645.695068359375,168.6014404296875,492.8511962890625,-1,-1,-1,-1
82,3,686.2064819335938,648.9199829101562,167.72979736328125,493.76275634765625,-1,-1,-1,-1
83,3,675.4158325195312,651.7468872070312,172.01226806640625,497.27154541015625,-1,-1,-1,-1
84,3,659.24560546875,652.4805297851562,185.4205322265625,498.72259521484375,-1,-1,-1,-1
85,3,638.7612915039062,648.6907958984375,199.4937744140625,500.86474609375,-1,-1,-1,-1
86,3,624.6497192382812,642.9264526367188,203.69061279296875,503.64947509765625,-1,-1,-1,-1
87,3,616.433837890625,642.6006469726562,202.4635009765625,502.67706298828125,-1,-1,-1,-1
88,3,607.3438720703125,648.1563110351562,202.2508544921875,500.56036376953125,-1,-1,-1,-1
89,3,606.7413940429688,654.1337280273438,195.83306884765625,501.14141845703125,-1,-1,-1,-1
90,3,606.8819580078125,658.857177734375,199.13323974609375,500.123779296875,-1,-1,-1,-1
91,3,607.1966552734375,658.6116943359375,199.582275390625,498.3741455078125,-1,-1,-1,-1
92,3,604.890380859375,659.497802734375,196.19744873046875,496.265380859375,-1,-1,-1,-1
93,3,595.748291015625,668.1748046875,200.341796875,492.28076171875,-1,-1,-1,-1
94,3,581.80322265625,683.738037109375,215.6064453125,487.3843994140625,-1,-1,-1,-1
95,3,580.5616455078125,694.4775390625,214.88568115234375,477.798828125,-1,-1,-1,-1
96,3,565.8230590820312,705.3551025390625,216.051513671875,458.4462890625,-1,-1,-1,-1
97,3,554.7610473632812,720.7903442382812,219.92510986328125,428.01422119140625,-1,-1,-1,-1
98,3,538.689208984375,731.9193115234375,233.83319091796875,392.855712890625,-1,-1,-1,-1
99,3,533.7650756835938,742.1122436523438,241.30145263671875,366.30621337890625,-1,-1,-1,-1
100,3,546.0634765625,740.4791259765625,240.958740234375,359.18798828125,-1,-1,-1,-1
101,3,566.4090576171875,732.1535034179688,233.1763916015625,358.06170654296875,-1,-1,-1,-1
102,3,572.796875,718.9295654296875,234.032470703125,364.4072265625,-1,-1,-1,-1
103,3,578.6626586914062,704.8886108398438,228.597900390625,374.98773193359375,-1,-1,-1,-1
104,3,590.2282104492188,693.1574096679688,221.427978515625,384.34954833984375,-1,-1,-1,-1
105,3,603.868896484375,682.4418334960938,214.509765625,400.10211181640625,-1,-1,-1,-1
106,3,610.0772705078125,672.8984985351562,205.5830078125,412.50347900390625,-1,-1,-1,-1
107,3,619.7650756835938,667.384521484375,192.6962890625,420.3839111328125,-1,-1,-1,-1
108,3,633.944091796875,665.6703491210938,180.18743896484375,426.80133056640625,-1,-1,-1,-1
109,3,639.9012451171875,665.33740234375,186.353271484375,431.468017578125,-1,-1,-1,-1
110,3,641.7969970703125,667.801513671875,189.7850341796875,441.671875,-1,-1,-1,-1
111,3,635.2793579101562,672.6053466796875,202.55682373046875,456.727783203125,-1,-1,-1,-1
112,3,628.2322387695312,670.7704467773438,211.5067138671875,462.09649658203125,-1,-1,-1,-1
113,3,625.7858276367188,665.1339111328125,218.6746826171875,461.998291015625,-1,-1,-1,-1
114,3,625.1671142578125,656.4194946289062,218.705810546875,463.65826416015625,-1,-1,-1,-1
115,3,629.6917114257812,646.7516479492188,215.3507080078125,469.21051025390625,-1,-1,-1,-1
116,3,643.1075439453125,638.65576171875,206.012939453125,477.0087890625,-1,-1,-1,-1
117,3,674.3305053710938,630.1002807617188,184.48919677734375,486.56549072265625,-1,-1,-1,-1
118,3,712.7710571289062,623.970703125,166.5648193359375,495.169677734375,-1,-1,-1,-1
119,3,740.135986328125,620.9323120117188,156.36126708984375,499.83380126953125,-1,-1,-1,-1
120,3,753.233154296875,622.9255981445312,156.67095947265625,502.48541259765625,-1,-1,-1,-1
121,3,753.2427368164062,622.748046875,156.0975341796875,503.952392578125,-1,-1,-1,-1
122,3,745.0767822265625,622.0929565429688,152.3216552734375,506.38751220703125,-1,-1,-1,-1
123,3,731.323974609375,619.3075561523438,153.04376220703125,512.1699829101562,-1,-1,-1,-1
124,3,719.5362548828125,607.943603515625,153.50567626953125,514.768310546875,-1,-1,-1,-1
125,3,716.2483520507812,591.844482421875,152.7008056640625,517.074462890625,-1,-1,-1,-1
126,3,713.9954223632812,582.2835083007812,152.44049072265625,519.3810424804688,-1,-1,-1,-1
127,3,709.722900390625,575.831787109375,156.64971923828125,518.3201904296875,-1,-1,-1,-1
128,3,701.5405883789062,571.773681640625,166.5433349609375,518.2880859375,-1,-1,-1,-1
129,3,691.869384765625,571.0457763671875,179.559326171875,516.4639892578125,-1,-1,-1,-1
130,3,687.0733642578125,572.9652709960938,186.26190185546875,511.86065673828125,-1,-1,-1,-1
131,3,686.4636840820312,576.07861328125,187.564453125,507.81689453125,-1,-1,-1,-1
132,3,683.343505859375,577.9054565429688,191.78643798828125,506.52850341796875,-1,-1,-1,-1
133,3,679.011474609375,576.66064453125,193.00250244140625,507.3028564453125,-1,-1,-1,-1
134,3,667.9712524414062,573.6143798828125,196.9984130859375,509.2493896484375,-1,-1,-1,-1
135,3,671.784912109375,568.8346557617188,186.87091064453125,497.57318115234375,-1,-1,-1,-1
136,3,674.101318359375,564.87744140625,177.2664794921875,473.837646484375,-1,-1,-1,-1
137,3,677.9964599609375,565.63671875,161.7896728515625,462.194580078125,-1,-1,-1,-1
138,3,677.3368530273438,570.9255981445312,169.805419921875,455.52947998046875,-1,-1,-1,-1
139,3,661.8242797851562,580.6370849609375,201.34820556640625,449.0426025390625,-1,-1,-1,-1
140,3,639.2037963867188,593.6021118164062,238.9815673828125,443.68707275390625,-1,-1,-1,-1
141,3,614.2767333984375,606.0418701171875,274.6553955078125,437.783447265625,-1,-1,-1,-1
142,3,636.3521728515625,620.6416015625,259.91009521484375,422.8658447265625,-1,-1,-1,-1
143,3,685.4667358398438,640.3320922851562,218.81634521484375,401.88250732421875,-1,-1,-1,-1
144,3,711.45068359375,662.0629272460938,202.3760986328125,378.20489501953125,-1,-1,-1,-1
145,3,711.855712890625,666.7783203125,216.40838623046875,360.4049072265625,-1,-1,-1,-1
146,3,715.3720703125,660.518798828125,228.0343017578125,358.34405517578125,-1,-1,-1,-1
147,3,735.269775390625,652.2771606445312,219.77642822265625,366.16241455078125,-1,-1,-1,-1
148,3,743.0492553710938,649.44775390625,223.2474365234375,377.9459228515625,-1,-1,-1,-1
149,3,733.0986938476562,647.718994140625,246.8336181640625,392.240234375,-1,-1,-1,-1
150,3,757.7063598632812,635.4868774414062,233.3011474609375,407.79461669921875,-1,-1,-1,-1
151,3,761.32568359375,621.642822265625,226.92626953125,421.6627197265625,-1,-1,-1,-1
152,3,772.0996704101562,616.885498046875,225.0618896484375,433.52392578125,-1,-1,-1,-1
153,3,797.7600708007812,615.7279052734375,212.48626708984375,440.5936279296875,-1,-1,-1,-1
154,3,822.97802734375,613.216552734375,203.6146240234375,442.441650390625,-1,-1,-1,-1
155,3,823.7401123046875,606.0693359375,213.096923828125,448.360107421875,-1,-1,-1,-1
156,3,823.827880859375,597.994873046875,221.4105224609375,461.96435546875,-1,-1,-1,-1
157,3,828.2308349609375,591.1550903320312,224.248046875,477.48431396484375,-1,-1,-1,-1
158,3,824.5609130859375,589.0999755859375,228.4144287109375,494.052001953125,-1,-1,-1,-1
159,3,816.7317504882812,583.3682861328125,234.69573974609375,498.030517578125,-1,-1,-1,-1
160,3,803.57666015625,571.4706420898438,236.5054931640625,503.64398193359375,-1,-1,-1,-1
161,3,795.478759765625,559.89111328125,243.52783203125,506.289306640625,-1,-1,-1,-1
162,3,803.0652465820312,545.746337890625,232.22125244140625,510.7965087890625,-1,-1,-1,-1
163,3,822.0511474609375,532.7603759765625,211.4287109375,516.9141845703125,-1,-1,-1,-1
164,3,845.7034912109375,528.825927734375,190.033447265625,525.78759765625,-1,-1,-1,-1
165,3,850.2168579101562,533.3114624023438,195.44683837890625,533.8568725585938,-1,-1,-1,-1
166,3,820.1289672851562,546.4867553710938,248.68951416015625,545.3645629882812,-1,-1,-1,-1
167,3,796.414306640625,557.991455078125,316.0126953125,567.1121826171875,-1,-1,-1,-1
168,3,779.9099731445312,566.7005615234375,390.96551513671875,592.693115234375,-1,-1,-1,-1
169,3,773.9297485351562,555.2793579101562,447.14080810546875,631.3710327148438,-1,-1,-1,-1
170,3,778.4371948242188,540.4605102539062,464.35968017578125,633.6116333007812,-1,-1,-1,-1
171,3,764.5372314453125,522.342041015625,477.418212890625,639.0325927734375,-1,-1,-1,-1
172,3,759.6468505859375,509.8641052246094,483.6988525390625,637.5035400390625,-1,-1,-1,-1
173,3,779.7073974609375,495.5399169921875,452.5576171875,646.4339599609375,-1,-1,-1,-1
174,3,810.8267211914062,491.30413818359375,435.58868408203125,675.1932983398438,-1,-1,-1,-1
175,3,855.4286499023438,494.8432312011719,396.44110107421875,707.556640625,-1,-1,-1,-1
176,3,885.6171264648438,507.6150817871094,373.53558349609375,690.5616455078125,-1,-1,-1,-1
177,3,885.6978759765625,513.2567138671875,355.7452392578125,675.6904296875,-1,-1,-1,-1
178,3,864.0853271484375,490.9205322265625,353.720947265625,689.85302734375,-1,-1,-1,-1
179,3,831.5306396484375,455.5213317871094,349.8902587890625,692.6461181640625,-1,-1,-1,-1
180,3,807.3074951171875,433.07293701171875,346.8099365234375,705.4268188476562,-1,-1,-1,-1
181,3,794.6327514648438,429.60430908203125,348.45404052734375,704.8901977539062,-1,-1,-1,-1
182,3,797.731689453125,437.6287841796875,346.722412109375,694.6820068359375,-1,-1,-1,-1
183,3,808.5849609375,454.2623596191406,335.889892578125,673.7391357421875,-1,-1,-1,-1
184,3,804.5155639648438,472.28302001953125,331.73577880859375,644.4462280273438,-1,-1,-1,-1
185,3,792.98876953125,493.1151428222656,327.6981201171875,608.07177734375,-1,-1,-1,-1
186,3,788.7620239257812,504.31488037109375,321.61138916015625,592.4454956054688,-1,-1,-1,-1
187,3,798.27783203125,500.4517822265625,315.5263671875,604.5528564453125,-1,-1,-1,-1
188,3,829.4937133789062,485.78326416015625,312.70184326171875,623.2791137695312,-1,-1,-1,-1
189,3,870.6270751953125,479.5110778808594,315.663330078125,640.223388671875,-1,-1,-1,-1
190,3,910.541259765625,485.4264221191406,316.9652099609375,633.5562744140625,-1,-1,-1,-1
191,3,933.869873046875,502.76068115234375,324.8743896484375,621.0930786132812,-1,-1,-1,-1
192,3,940.2596435546875,530.7360229492188,331.6787109375,602.1167602539062,-1,-1,-1,-1
193,3,944.1510009765625,557.9764404296875,330.6590576171875,577.74853515625,-1,-1,-1,-1
194,3,946.5220336914062,572.0040893554688,330.91705322265625,565.2621459960938,-1,-1,-1,-1
195,3,942.8078002929688,572.3826904296875,327.59173583984375,565.152099609375,-1,-1,-1,-1
196,3,942.2227783203125,570.6320190429688,311.4310302734375,571.7531127929688,-1,-1,-1,-1
197,3,940.7327880859375,573.8504028320312,286.4315185546875,572.9153442382812,-1,-1,-1,-1
198,3,939.8787841796875,578.5399169921875,247.2822265625,562.490966796875,-1,-1,-1,-1
199,3,936.60791015625,580.7202758789062,213.0015869140625,582.7012329101562,-1,-1,-1,-1
200,3,926.942138671875,580.7572021484375,195.8909912109375,597.297119140625,-1,-1,-1,-1
201,3,916.6162109375,580.1788330078125,195.9888916015625,617.702880859375,-1,-1,-1,-1
202,3,901.748779296875,577.1470947265625,199.018310546875,640.2730712890625,-1,-1,-1,-1
203,3,867.853515625,565.3685302734375,216.6722412109375,655.90478515625,-1,-1,-1,-1
204,3,861.43017578125,550.8428344726562,204.1263427734375,657.8690795898438,-1,-1,-1,-1
205,3,861.1265258789062,538.9614868164062,204.81573486328125,653.3911743164062,-1,-1,-1,-1
206,3,862.2737426757812,529.78515625,215.51763916015625,652.134765625,-1,-1,-1,-1
207,3,846.941162109375,522.23974609375,187.4739990234375,656.716064453125,-1,-1,-1,-1
208,3,822.0223388671875,509.4965515136719,205.734375,663.7813720703125,-1,-1,-1,-1
209,3,803.0370483398438,498.90057373046875,223.31927490234375,672.2277221679688,-1,-1,-1,-1
210,3,802.9058837890625,493.5809631347656,224.7637939453125,676.1083984375,-1,-1,-1,-1
211,3,790.5242919921875,491.7940673828125,244.8458251953125,674.633544921875,-1,-1,-1,-1
212,3,771.6368408203125,495.67840576171875,274.5802001953125,669.5385131835938,-1,-1,-1,-1
213,3,760.0656127929688,505.7867126464844,300.51202392578125,661.443115234375,-1,-1,-1,-1
214,3,766.8158569335938,512.9496459960938,306.10760498046875,658.0840454101562,-1,-1,-1,-1
215,3,780.87451171875,509.650390625,303.4442138671875,655.567138671875,-1,-1,-1,-1
216,3,796.3286743164062,503.1172790527344,285.14630126953125,653.022216796875,-1,-1,-1,-1
217,3,811.2254638671875,500.3984680175781,247.765869140625,645.5087890625,-1,-1,-1,-1
218,3,816.7881469726562,510.89215087890625,204.7274169921875,649.2256469726562,-1,-1,-1,-1
219,3,797.112060546875,531.5938110351562,196.4952392578125,663.3235473632812,-1,-1,-1,-1
220,3,768.8938598632812,557.4844970703125,220.4248046875,670.54345703125,-1,-1,-1,-1
221,3,763.1177368164062,583.2537841796875,212.599609375,677.4869384765625,-1,-1,-1,-1
222,3,763.8209228515625,602.00341796875,197.1048583984375,669.993896484375,-1,-1,-1,-1
223,3,762.4210205078125,609.4518432617188,186.88751220703125,650.1272583007812,-1,-1,-1,-1
224,3,758.5404052734375,611.2587280273438,183.0849609375,638.0452270507812,-1,-1,-1,-1
225,3,756.6620483398438,609.3410034179688,185.6444091796875,633.2338256835938,-1,-1,-1,-1
226,3,754.343994140625,605.0878295898438,190.75030517578125,632.8562622070312,-1,-1,-1,-1
227,3,756.8775634765625,598.7559814453125,188.78131103515625,629.0252685546875,-1,-1,-1,-1
228,3,758.8063354492188,588.6572265625,185.30291748046875,622.591552734375,-1,-1,-1,-1
229,3,760.5203857421875,578.3143310546875,181.4525146484375,632.1357421875,-1,-1,-1,-1
230,3,763.6644897460938,572.4029541015625,179.5189208984375,639.1265869140625,-1,-1,-1,-1
231,3,766.4623413085938,571.0677490234375,175.19232177734375,643.5313720703125,-1,-1,-1,-1
232,3,765.9503173828125,565.1697387695312,173.78643798828125,647.0817260742188,-1,-1,-1,-1
233,3,764.7766723632812,554.1990966796875,172.35955810546875,655.3419189453125,-1,-1,-1,-1
234,3,761.8770141601562,540.2425537109375,173.5257568359375,663.2890625,-1,-1,-1,-1
235,3,763.591064453125,526.4088745117188,172.69708251953125,670.4484252929688,-1,-1,-1,-1
236,3,772.0386962890625,525.4573974609375,166.50341796875,671.6815185546875,-1,-1,-1,-1
237,3,771.1737060546875,536.5023193359375,169.12127685546875,668.9405517578125,-1,-1,-1,-1
238,3,765.941162109375,553.0813598632812,183.3660888671875,659.4793090820312,-1,-1,-1,-1
239,3,762.575927734375,566.199462890625,189.14910888671875,650.390380859375,-1,-1,-1,-1
240,3,758.337158203125,565.7577514648438,189.1217041015625,654.6985473632812,-1,-1,-1,-1
241,3,770.71044921875,559.1453247070312,171.8289794921875,667.5541381835938,-1,-1,-1,-1
242,3,780.1281127929688,553.7450561523438,160.1343994140625,672.5404663085938,-1,-1,-1,-1
243,3,784.7920532226562,552.1410522460938,166.26654052734375,664.6764526367188,-1,-1,-1,-1
244,3,772.717041015625,552.3590698242188,202.0484619140625,664.8284301757812,-1,-1,-1,-1
245,3,761.2841796875,556.1595458984375,238.3843994140625,662.5892333984375,-1,-1,-1,-1
246,3,758.7147827148438,565.9898681640625,255.84765625,656.775634765625,-1,-1,-1,-1
247,3,757.3643188476562,574.8236694335938,276.79962158203125,655.9728393554688,-1,-1,-1,-1
248,3,755.2857666015625,578.296630859375,299.8236083984375,665.2431640625,-1,-1,-1,-1
249,3,754.617919921875,570.5865478515625,325.7252197265625,688.51806640625,-1,-1,-1,-1
250,3,744.1752319335938,556.5077514648438,352.08538818359375,719.5103149414062,-1,-1,-1,-1
251,3,743.763427734375,548.5407104492188,367.6815185546875,747.6998901367188,-1,-1,-1,-1
252,3,768.7123413085938,551.7652587890625,348.06610107421875,760.7373046875,-1,-1,-1,-1
253,3,804.4290771484375,564.2254638671875,324.5264892578125,756.7938232421875,-1,-1,-1,-1
254,3,825.7615966796875,580.2908935546875,302.853759765625,743.3682861328125,-1,-1,-1,-1
255,3,821.0151977539062,587.4951782226562,308.08673095703125,738.4996948242188,-1,-1,-1,-1
256,3,822.305419921875,573.90625,306.575439453125,751.3648681640625,-1,-1,-1,-1
257,3,821.9219970703125,545.860595703125,307.1314697265625,777.236572265625,-1,-1,-1,-1
258,3,824.9767456054688,519.964111328125,316.89849853515625,799.5267333984375,-1,-1,-1,-1
259,3,837.576904296875,508.1053466796875,320.2962646484375,807.5147705078125,-1,-1,-1,-1
260,3,848.9288330078125,507.6079406738281,327.7164306640625,812.843994140625,-1,-1,-1,-1
261,3,851.2646484375,521.3450317382812,346.0224609375,807.5258178710938,-1,-1,-1,-1
262,3,846.8431396484375,545.2317504882812,366.518798828125,792.8937377929688,-1,-1,-1,-1
263,3,838.812744140625,573.4251098632812,371.8135986328125,777.3412475585938,-1,-1,-1,-1
264,3,832.4625854492188,594.5936279296875,373.21380615234375,755.502197265625,-1,-1,-1,-1
265,3,822.7322998046875,597.5994873046875,373.101318359375,750.7799072265625,-1,-1,-1,-1
266,3,811.4172973632812,579.0135498046875,386.88238525390625,780.872802734375,-1,-1,-1,-1
267,3,806.6438598632812,551.6221923828125,382.26483154296875,808.0614013671875,-1,-1,-1,-1
268,3,807.3207397460938,532.4915771484375,377.85711669921875,822.0780029296875,-1,-1,-1,-1
269,3,825.017578125,529.2819213867188,361.01513671875,822.7207641601562,-1,-1,-1,-1
270,3,851.0594482421875,545.0146484375,346.88720703125,805.1832275390625,-1,-1,-1,-1
271,3,863.7596435546875,573.3129272460938,337.54833984375,746.1195678710938,-1,-1,-1,-1
272,3,865.521484375,600.2156982421875,341.7496337890625,705.9083251953125,-1,-1,-1,-1
273,3,864.274169921875,611.3051147460938,349.0418701171875,701.3886108398438,-1,-1,-1,-1
274,3,863.3240966796875,597.0612182617188,347.8126220703125,705.5908813476562,-1,-1,-1,-1
275,3,863.6322021484375,566.1029052734375,350.18505859375,731.7349853515625,-1,-1,-1,-1
276,3,862.4710693359375,539.4816284179688,346.25439453125,779.5062866210938,-1,-1,-1,-1
277,3,874.72216796875,527.387939453125,331.29541015625,810.3052978515625,-1,-1,-1,-1
278,3,896.3053588867188,525.4073486328125,329.18170166015625,797.6378173828125,-1,-1,-1,-1
279,3,917.9124755859375,536.2459106445312,309.1014404296875,786.9987182617188,-1,-1,-1,-1
280,3,913.052978515625,559.3631591796875,314.769287109375,767.404541015625,-1,-1,-1,-1
281,3,901.4157104492188,578.8755493164062,309.77899169921875,744.0430297851562,-1,-1,-1,-1
282,3,889.537109375,583.8119506835938,337.8338623046875,749.8536987304688,-1,-1,-1,-1
283,3,853.2260131835938,586.84521484375,369.65057373046875,741.9591064453125,-1,-1,-1,-1
284,3,845.7697143554688,601.0323486328125,354.55364990234375,708.7265625,-1,-1,-1,-1
285,3,823.2001342773438,624.9273681640625,345.94659423828125,665.96240234375,-1,-1,-1,-1
286,3,798.8870849609375,639.1758422851562,349.87939453125,641.3211059570312,-1,-1,-1,-1
287,3,803.6932373046875,638.32763671875,335.3443603515625,587.3704833984375,-1,-1,-1,-1
288,3,806.8278198242188,621.9818725585938,382.80352783203125,637.2941284179688,-1,-1,-1,-1
289,3,798.8887329101562,601.5733642578125,422.81854248046875,690.4893798828125,-1,-1,-1,-1
290,3,782.1734008789062,581.3564453125,441.19537353515625,726.5098876953125,-1,-1,-1,-1
291,3,779.8193359375,573.8614501953125,434.0792236328125,722.9033203125,-1,-1,-1,-1
292,3,774.9151611328125,572.4260864257812,418.6121826171875,707.5253295898438,-1,-1,-1,-1
293,3,745.7355346679688,567.2439575195312,409.56854248046875,690.2529907226562,-1,-1,-1,-1
294,3,731.9089965820312,553.9688110351562,399.28704833984375,678.2094116210938,-1,-1,-1,-1
295,3,739.4105834960938,532.8488159179688,393.62542724609375,672.3241577148438,-1,-1,-1,-1
296,3,757.336669921875,504.62420654296875,380.6148681640625,679.2557983398438,-1,-1,-1,-1
297,3,766.7930908203125,477.68438720703125,369.1673583984375,689.0819702148438,-1,-1,-1,-1
298,3,814.5564575195312,457.5050354003906,331.56854248046875,701.3094482421875,-1,-1,-1,-1
299,3,851.5921020507812,447.22943115234375,317.06146240234375,734.9954223632812,-1,-1,-1,-1
300,3,878.8408203125,454.10491943359375,313.1795654296875,762.2954711914062,-1,-1,-1,-1
301,3,884.1843872070312,473.2376403808594,334.93511962890625,773.2403564453125,-1,-1,-1,-1
302,3,895.1314086914062,502.3008728027344,348.17791748046875,761.04931640625,-1,-1,-1,-1
303,3,901.9210205078125,525.638427734375,355.865478515625,743.5244140625,-1,-1,-1,-1
304,3,907.7841186523438,521.4984130859375,360.53582763671875,749.7318115234375,-1,-1,-1,-1
305,3,911.8717041015625,490.3560791015625,366.0731201171875,773.1383056640625,-1,-1,-1,-1
306,3,916.68994140625,466.1286926269531,371.2747802734375,787.825927734375,-1,-1,-1,-1
307,3,947.8016357421875,463.9710693359375,349.2486572265625,781.9381103515625,-1,-1,-1,-1
308,3,983.2049560546875,475.1836242675781,324.2276611328125,759.6646728515625,-1,-1,-1,-1
309,3,1019.7487182617188,494.7567138671875,287.87884521484375,743.441162109375,-1,-1,-1,-1
310,3,1020.6636962890625,514.8927001953125,265.979248046875,727.1312255859375,-1,-1,-1,-1
311,3,991.7225952148438,520.4246826171875,246.90509033203125,721.6839599609375,-1,-1,-1,-1
312,3,948.5169677734375,513.9096069335938,255.44287109375,723.4791870117188,-1,-1,-1,-1
313,3,907.6404418945312,505.31939697265625,267.70050048828125,721.7349243164062,-1,-1,-1,-1
314,3,868.5717163085938,501.3982849121094,285.76861572265625,717.755126953125,-1,-1,-1,-1
315,3,819.0804443359375,504.8024597167969,325.0684814453125,712.5782470703125,-1,-1,-1,-1
316,3,788.6975708007812,517.1517333984375,360.04669189453125,701.3795166015625,-1,-1,-1,-1
317,3,782.0516967773438,534.6736450195312,372.67584228515625,689.7100219726562,-1,-1,-1,-1
318,3,786.1929931640625,550.2227783203125,381.10205078125,681.4371337890625,-1,-1,-1,-1
319,3,791.534423828125,557.8262939453125,387.3980712890625,680.209228515625,-1,-1,-1,-1
320,3,806.3250122070312,561.189453125,385.03485107421875,685.86669921875,-1,-1,-1,-1
321,3,825.2051391601562,556.7235717773438,376.48846435546875,693.1648559570312,-1,-1,-1,-1
322,3,843.5565795898438,554.1212158203125,357.78643798828125,694.8741455078125,-1,-1,-1,-1
323,3,856.17822265625,555.3470458984375,335.4647216796875,687.1107177734375,-1,-1,-1,-1
324,3,865.3831176757812,553.8600463867188,307.60919189453125,679.1383666992188,-1,-1,-1,-1
325,3,877.5980834960938,545.9415283203125,266.44830322265625,666.990234375,-1,-1,-1,-1
326,3,883.1632080078125,530.1939697265625,221.6658935546875,650.513427734375,-1,-1,-1,-1
327,3,887.4922485351562,514.6903076171875,183.17181396484375,632.2252197265625,-1,-1,-1,-1
328,3,886.36865234375,506.51434326171875,178.95947265625,614.5952758789062,-1,-1,-1,-1
329,3,847.5699462890625,501.75,211.0845947265625,598.8985595703125,-1,-1,-1,-1
330,3,816.3204345703125,499.3572692871094,241.7310791015625,588.8846435546875,-1,-1,-1,-1
331,3,790.547119140625,498.5605773925781,263.2679443359375,587.4818115234375,-1,-1,-1,-1
332,3,777.6342163085938,497.9150390625,274.22430419921875,589.3369140625,-1,-1,-1,-1
333,3,773.3004150390625,498.2362060546875,277.130126953125,591.434814453125,-1,-1,-1,-1
334,3,781.355712890625,502.7001037597656,275.042724609375,594.7684326171875,-1,-1,-1,-1
335,3,786.3729248046875,512.2896118164062,281.154541015625,597.2577514648438,-1,-1,-1,-1
336,3,795.89404296875,524.8524169921875,285.68310546875,601.17724609375,-1,-1,-1,-1
337,3,805.40283203125,537.3021240234375,290.8138427734375,601.3662109375,-1,-1,-1,-1
338,3,813.5281372070312,542.9635620117188,296.84344482421875,600.1039428710938,-1,-1,-1,-1
339,3,815.90771484375,549.4507446289062,281.544677734375,593.0221557617188,-1,-1,-1,-1
340,3,824.31591796875,558.530029296875,266.6533203125,583.3907470703125,-1,-1,-1,-1
341,3,827.414306640625,565.6425170898438,240.7017822265625,572.2601928710938,-1,-1,-1,-1
342,3,830.9736328125,570.0732421875,212.429443359375,547.95556640625,-1,-1,-1,-1
343,3,818.3637084960938,568.2504272460938,211.96868896484375,548.5665893554688,-1,-1,-1,-1
344,3,810.0079956054688,562.7171020507812,217.70428466796875,559.1106567382812,-1,-1,-1,-1
345,3,810.9755249023438,557.110107421875,212.3770751953125,571.5184326171875,-1,-1,-1,-1
346,3,813.3665161132812,555.4332275390625,207.06689453125,577.3441162109375,-1,-1,-1,-1
347,3,787.0795288085938,561.5379028320312,230.36114501953125,581.9055786132812,-1,-1,-1,-1
348,3,771.3109130859375,575.4431762695312,242.06475830078125,579.0988159179688,-1,-1,-1,-1
349,3,769.1172485351562,596.390380859375,246.146484375,576.987060546875,-1,-1,-1,-1
350,3,775.4618530273438,611.0125122070312,252.00433349609375,569.4163208007812,-1,-1,-1,-1
351,3,783.0234375,610.08837890625,257.216064453125,573.837646484375,-1,-1,-1,-1
352,3,791.59375,597.2830200195312,261.283447265625,589.9757690429688,-1,-1,-1,-1
353,3,800.7135620117188,580.7188720703125,262.06219482421875,608.555419921875,-1,-1,-1,-1
354,3,806.8369140625,569.8194580078125,262.371826171875,622.3795166015625,-1,-1,-1,-1
355,3,810.7700805664062,562.6798706054688,264.85284423828125,629.4861450195312,-1,-1,-1,-1
356,3,826.1910400390625,567.408203125,261.9541015625,636.101806640625,-1,-1,-1,-1
357,3,847.2568359375,578.3204345703125,257.0958251953125,636.462646484375,-1,-1,-1,-1
358,3,860.8165893554688,587.923095703125,265.33978271484375,632.425537109375,-1,-1,-1,-1
359,3,872.1856079101562,593.4315795898438,273.17095947265625,631.2142944335938,-1,-1,-1,-1
360,3,884.40185546875,584.3019409179688,275.5338134765625,643.7537231445312,-1,-1,-1,-1
361,3,893.704833984375,567.7490844726562,277.7918701171875,662.4743041992188,-1,-1,-1,-1
362,3,899.5075073242188,550.0029296875,280.60333251953125,679.595703125,-1,-1,-1,-1
363,3,904.1442260742188,543.715087890625,284.81378173828125,692.2386474609375,-1,-1,-1,-1
364,3,909.6279296875,547.7357177734375,294.395263671875,696.40625,-1,-1,-1,-1
365,3,911.0070190429688,557.8831176757812,317.14862060546875,692.0996704101562,-1,-1,-1,-1
366,3,912.515380859375,575.5625,343.9765625,684.3974609375,-1,-1,-1,-1
367,3,912.3657836914062,583.8724975585938,372.13482666015625,663.6476440429688,-1,-1,-1,-1
368,3,908.7286376953125,579.7021484375,402.8935546875,648.9423828125,-1,-1,-1,-1
369,3,899.2081909179688,570.6636962890625,396.40106201171875,643.52001953125,-1,-1,-1,-1
370,3,912.7154541015625,569.7520141601562,384.0162353515625,641.3379516601562,-1,-1,-1,-1
371,3,950.0367431640625,575.9105834960938,348.126220703125,648.1068725585938,-1,-1,-1,-1
372,3,962.0906982421875,587.9193725585938,327.809326171875,632.6502075195312,-1,-1,-1,-1
373,3,949.7685546875,599.2531127929688,331.26318359375,669.1746215820312,-1,-1,-1,-1
374,3,936.8009033203125,600.7342529296875,343.835693359375,625.0711669921875,-1,-1,-1,-1
375,3,943.583251953125,588.0005493164062,369.289794921875,622.9570922851562,-1,-1,-1,-1
376,3,980.827392578125,569.9547729492188,357.57080078125,633.0361938476562,-1,-1,-1,-1
377,3,1037.6605224609375,552.7129516601562,324.890869140625,658.8158569335938,-1,-1,-1,-1
378,3,1046.0487060546875,548.1595458984375,346.343017578125,720.1187744140625,-1,-1,-1,-1
379,3,1034.3455810546875,551.3133544921875,366.7318115234375,721.32666015625,-1,-1,-1,-1
380,3,1037.7171630859375,561.6990966796875,369.970703125,701.68212890625,-1,-1,-1,-1
381,3,1048.6693115234375,572.7155151367188,359.04541015625,685.9696655273438,-1,-1,-1,-1
382,3,1048.4625244140625,579.2902221679688,358.5841064453125,682.2971801757812,-1,-1,-1,-1
383,3,1049.482421875,578.73046875,357.1285400390625,669.9571533203125,-1,-1,-1,-1
384,3,1055.46337890625,570.5562133789062,351.5087890625,662.3289184570312,-1,-1,-1,-1
385,3,1077.4130859375,568.0572509765625,330.4576416015625,655.101318359375,-1,-1,-1,-1
386,3,1106.5540771484375,577.0382690429688,300.5467529296875,646.5726928710938,-1,-1,-1,-1
387,3,1112.9010009765625,591.7544555664062,294.317138671875,635.8174438476562,-1,-1,-1,-1
388,3,1112.5181884765625,622.9011840820312,298.8096923828125,604.0469360351562,-1,-1,-1,-1
404,4,1150.3929443359375,607.64453125,258.5972900390625,608.33203125,-1,-1,-1,-1
405,4,1177.45751953125,635.5557250976562,231.04345703125,576.4010620117188,-1,-1,-1,-1
406,4,1166.1903076171875,675.9022827148438,242.760009765625,532.6206665039062,-1,-1,-1,-1
407,4,1157.8914794921875,711.9777221679688,250.8526611328125,502.53497314453125,-1,-1,-1,-1
408,4,1161.111328125,726.7450561523438,247.64111328125,496.43707275390625,-1,-1,-1,-1
409,4,1161.7037353515625,723.7734985351562,246.8585205078125,505.22869873046875,-1,-1,-1,-1
410,4,1167.9332275390625,710.3702392578125,240.5755615234375,530.5460205078125,-1,-1,-1,-1
411,4,1165.4114990234375,674.2900390625,242.2564697265625,568.17431640625,-1,-1,-1,-1
412,4,1167.511962890625,712.768798828125,239.2730712890625,518.7144775390625,-1,-1,-1,-1
420,5,1185.074951171875,555.2032470703125,224.89208984375,424.6607666015625,-1,-1,-1,-1
421,5,1088.433349609375,394.4118957519531,96.9296875,211.29299926757812,-1,-1,-1,-1
437,6,1003.48876953125,448.2952880859375,91.2901611328125,178.11810302734375,-1,-1,-1,-1
438,6,770.9312744140625,459.3955078125,76.4527587890625,168.11016845703125,-1,-1,-1,-1
439,6,574.9339599609375,462.4585266113281,71.8489990234375,167.68344116210938,-1,-1,-1,-1
440,6,587.749267578125,510.8632507324219,170.64178466796875,215.47525024414062,-1,-1,-1,-1
437,7,1100.2705078125,511.960205078125,308.3599853515625,426.35687255859375,-1,-1,-1,-1
438,7,879.9561767578125,497.85076904296875,275.1590576171875,392.74761962890625,-1,-1,-1,-1
439,7,710.5067138671875,481.9180908203125,204.54095458984375,390.2960205078125,-1,-1,-1,-1
440,7,584.4090576171875,469.96563720703125,167.41558837890625,408.83258056640625,-1,-1,-1,-1
441,7,493.3504638671875,460.86248779296875,151.64801025390625,429.1658935546875,-1,-1,-1,-1
442,7,425.7557067871094,460.0646667480469,151.46237182617188,445.0090637207031,-1,-1,-1,-1
443,7,374.8066101074219,474.5146484375,155.78805541992188,449.9388427734375,-1,-1,-1,-1
444,7,329.4553527832031,498.25830078125,163.9361572265625,449.19744873046875,-1,-1,-1,-1
445,7,300.47894287109375,518.4550170898438,176.48690795898438,447.62579345703125,-1,-1,-1,-1
446,7,303.40802001953125,536.5255737304688,176.45458984375,442.7061767578125,-1,-1,-1,-1
447,7,306.2223205566406,547.321533203125,174.25985717773438,439.21734619140625,-1,-1,-1,-1
448,7,318.9111328125,550.4418334960938,169.51522827148438,438.081298828125,-1,-1,-1,-1
449,7,347.5439758300781,553.658203125,163.31219482421875,442.626220703125,-1,-1,-1,-1
450,7,382.3954162597656,568.7642211914062,161.94155883789062,456.01470947265625,-1,-1,-1,-1
451,7,396.8025207519531,588.5451049804688,190.95077514648438,454.11871337890625,-1,-1,-1,-1
452,7,419.0282897949219,601.450439453125,197.16207885742188,442.626953125,-1,-1,-1,-1
453,7,440.6429138183594,570.699462890625,192.93978881835938,466.281982421875,-1,-1,-1,-1
454,7,456.111083984375,636.405029296875,197.24700927734375,397.7880859375,-1,-1,-1,-1
455,7,464.90521240234375,646.8902587890625,226.46435546875,380.9837646484375,-1,-1,-1,-1
456,7,473.18310546875,656.3029174804688,251.15228271484375,366.2281494140625,-1,-1,-1,-1
457,7,477.20538330078125,659.3228149414062,261.63214111328125,359.05621337890625,-1,-1,-1,-1
458,7,476.63092041015625,655.3112182617188,238.51800537109375,357.8560791015625,-1,-1,-1,-1
459,7,467.2757568359375,641.0155029296875,203.26165771484375,366.532470703125,-1,-1,-1,-1
460,7,452.8065490722656,618.2337036132812,180.50796508789062,379.085693359375,-1,-1,-1,-1
461,7,412.712890625,589.6162109375,190.75006103515625,398.7169189453125,-1,-1,-1,-1
462,7,348.6764831542969,553.4485473632812,204.57937622070312,423.325927734375,-1,-1,-1,-1
463,7,279.9283142089844,527.9814453125,215.17120361328125,440.4857177734375,-1,-1,-1,-1
464,7,220.59796142578125,516.306396484375,215.34658813476562,452.0643310546875,-1,-1,-1,-1
465,7,166.97610473632812,510.31011962890625,208.66574096679688,461.46502685546875,-1,-1,-1,-1
466,7,112.97576904296875,467.1801452636719,203.32708740234375,504.0381774902344,-1,-1,-1,-1
467,7,77.00967407226562,444.7120666503906,210.20220947265625,516.155517578125,-1,-1,-1,-1
468,7,52.076908111572266,443.7745056152344,221.61102294921875,512.5594177246094,-1,-1,-1,-1
469,7,45.56547546386719,453.0970458984375,249.4594268798828,502.56005859375,-1,-1,-1,-1
470,7,61.887882232666016,457.72381591796875,289.97601318359375,503.47943115234375,-1,-1,-1,-1
471,7,120.02841186523438,491.91748046875,310.5087585449219,474.2265625,-1,-1,-1,-1
472,7,190.07684326171875,570.0449829101562,327.51531982421875,410.67633056640625,-1,-1,-1,-1
473,7,265.5223083496094,615.8819580078125,336.2057800292969,388.41900634765625,-1,-1,-1,-1
474,7,313.7412414550781,651.123046875,384.7809143066406,373.325927734375,-1,-1,-1,-1
475,7,337.2419738769531,669.3580322265625,333.5278625488281,375.10107421875,-1,-1,-1,-1
476,7,357.4292297363281,667.9844970703125,275.8506774902344,390.2955322265625,-1,-1,-1,-1
477,7,313.30865478515625,666.8193969726562,282.73602294921875,401.17218017578125,-1,-1,-1,-1
478,7,290.79119873046875,647.4178466796875,283.24688720703125,422.7342529296875,-1,-1,-1,-1
479,7,275.5069274902344,628.4052734375,279.7080993652344,439.2042236328125,-1,-1,-1,-1
480,7,272.34576416015625,620.2164306640625,262.47021484375,434.9940185546875,-1,-1,-1,-1
481,7,275.10723876953125,587.3301391601562,221.81536865234375,454.18023681640625,-1,-1,-1,-1
482,7,272.8054504394531,607.437255859375,191.94802856445312,414.6846923828125,-1,-1,-1,-1
483,7,269.6872863769531,614.0643310546875,193.81900024414062,399.6513671875,-1,-1,-1,-1
484,7,284.4983215332031,604.4277954101562,203.404052734375,397.93017578125,-1,-1,-1,-1
485,7,313.00360107421875,584.4281616210938,207.97705078125,405.82049560546875,-1,-1,-1,-1
486,7,371.0968017578125,575.0066528320312,201.485595703125,399.41473388671875,-1,-1,-1,-1
487,7,440.03741455078125,568.6414184570312,187.95062255859375,384.4190673828125,-1,-1,-1,-1
488,7,501.6202697753906,576.0526123046875,180.56851196289062,357.821044921875,-1,-1,-1,-1
489,7,544.904296875,574.5894165039062,180.46258544921875,348.067138671875,-1,-1,-1,-1
490,7,573.0091552734375,580.4273681640625,170.1671142578125,339.2825927734375,-1,-1,-1,-1
491,7,588.47607421875,595.5977783203125,157.7357177734375,329.71063232421875,-1,-1,-1,-1
492,7,590.2345581054688,608.1681518554688,149.26849365234375,325.11175537109375,-1,-1,-1,-1
493,7,590.8174438476562,622.5844116210938,157.71063232421875,315.621826171875,-1,-1,-1,-1
494,7,593.6220703125,633.6826782226562,154.36907958984375,307.97869873046875,-1,-1,-1,-1
495,7,598.4981689453125,637.1161499023438,129.17572021484375,303.25616455078125,-1,-1,-1,-1
496,7,606.03955078125,633.7672119140625,118.6011962890625,304.8486328125,-1,-1,-1,-1
497,7,611.5820922851562,628.5660400390625,107.93463134765625,304.187744140625,-1,-1,-1,-1
498,7,614.0977172851562,620.8153076171875,104.67034912109375,305.03363037109375,-1,-1,-1,-1
499,7,615.8348388671875,616.0905151367188,104.21527099609375,303.01226806640625,-1,-1,-1,-1
500,7,616.38720703125,615.2734375,105.12847900390625,297.26837158203125,-1,-1,-1,-1
501,7,617.6828002929688,616.5452880859375,103.81317138671875,292.30096435546875,-1,-1,-1,-1
502,7,618.0706787109375,622.5686645507812,106.26177978515625,284.90606689453125,-1,-1,-1,-1
503,7,619.6143188476562,630.6016235351562,110.64251708984375,277.8194580078125,-1,-1,-1,-1
504,7,621.9032592773438,634.5233764648438,113.53338623046875,273.685546875,-1,-1,-1,-1
505,7,623.8318481445312,630.09033203125,113.50885009765625,280.0001220703125,-1,-1,-1,-1
506,7,625.4170532226562,618.4415283203125,111.07110595703125,296.7698974609375,-1,-1,-1,-1
507,7,625.25634765625,615.6251220703125,114.963623046875,306.676513671875,-1,-1,-1,-1
508,7,624.3809204101562,612.3275146484375,121.33355712890625,316.92181396484375,-1,-1,-1,-1
509,7,623.7105712890625,621.1878051757812,118.5614013671875,315.9224853515625,-1,-1,-1,-1
510,7,626.2947998046875,630.716064453125,133.06365966796875,312.50701904296875,-1,-1,-1,-1
511,7,625.1478271484375,645.6519165039062,138.31439208984375,299.43121337890625,-1,-1,-1,-1
512,7,630.8666381835938,656.862060546875,139.347412109375,291.86053466796875,-1,-1,-1,-1
513,7,643.9172973632812,664.8001098632812,127.72576904296875,287.35382080078125,-1,-1,-1,-1
514,7,649.4912109375,667.4163818359375,119.68896484375,284.583984375,-1,-1,-1,-1
515,7,652.0859375,666.6303100585938,123.41802978515625,286.09930419921875,-1,-1,-1,-1
516,7,654.620849609375,662.78759765625,139.1182861328125,288.21148681640625,-1,-1,-1,-1
517,7,661.6807250976562,659.9952392578125,142.19647216796875,291.294921875,-1,-1,-1,-1
518,7,663.793701171875,664.291748046875,127.36456298828125,288.20989990234375,-1,-1,-1,-1
519,7,664.0733032226562,662.4126586914062,120.593017578125,288.03460693359375,-1,-1,-1,-1
520,7,665.2470092773438,665.6854248046875,119.40899658203125,280.25244140625,-1,-1,-1,-1
521,7,662.1547241210938,664.4713134765625,117.97906494140625,276.59735107421875,-1,-1,-1,-1
522,7,660.1258544921875,657.1426391601562,113.36962890625,280.00933837890625,-1,-1,-1,-1
523,7,659.1559448242188,645.6887817382812,106.9600830078125,282.6435546875,-1,-1,-1,-1
524,7,661.35693359375,641.4073486328125,98.888671875,278.59375,-1,-1,-1,-1
525,7,659.0543823242188,637.4395141601562,103.26385498046875,279.219970703125,-1,-1,-1,-1
526,7,656.5985717773438,637.7826538085938,122.40362548828125,276.76959228515625,-1,-1,-1,-1
527,7,649.2869873046875,641.3247680664062,123.5472412109375,272.74395751953125,-1,-1,-1,-1
528,7,647.4166870117188,646.343994140625,110.94525146484375,268.1116943359375,-1,-1,-1,-1
529,7,646.5717163085938,648.37744140625,111.222412109375,269.82037353515625,-1,-1,-1,-1
530,7,646.729248046875,647.9603881835938,120.11041259765625,276.2340087890625,-1,-1,-1,-1
531,7,649.5709228515625,652.3296508789062,103.8775634765625,279.621337890625,-1,-1,-1,-1
532,7,654.7000732421875,663.1033935546875,100.00726318359375,280.6129150390625,-1,-1,-1,-1
533,7,654.720703125,678.0916748046875,105.04278564453125,284.35638427734375,-1,-1,-1,-1
534,7,654.0684204101562,682.2640991210938,114.41400146484375,284.571044921875,-1,-1,-1,-1
535,7,650.3709106445312,681.2141723632812,117.1207275390625,281.75482177734375,-1,-1,-1,-1
536,7,641.6943359375,658.72998046875,111.65142822265625,299.04833984375,-1,-1,-1,-1
537,7,638.733642578125,656.3084106445312,117.62725830078125,295.83380126953125,-1,-1,-1,-1
538,7,643.14892578125,646.72802734375,152.6375732421875,303.9051513671875,-1,-1,-1,-1
539,7,639.2734375,637.6210327148438,172.9476318359375,318.15472412109375,-1,-1,-1,-1
540,7,638.1213989257812,656.8063354492188,157.6788330078125,297.55511474609375,-1,-1,-1,-1
541,7,634.996826171875,603.6162109375,182.14837646484375,362.411865234375,-1,-1,-1,-1
542,7,631.3328247070312,638.363037109375,188.65985107421875,274.1468505859375,-1,-1,-1,-1
543,7,625.573974609375,648.0906372070312,197.058349609375,341.888916015625,-1,-1,-1,-1
544,7,627.4663696289062,645.9487915039062,198.19989013671875,347.65765380859375,-1,-1,-1,-1
545,7,626.9656982421875,648.7765502929688,187.16162109375,344.34161376953125,-1,-1,-1,-1
546,7,623.6405029296875,650.6546020507812,206.25201416015625,342.84124755859375,-1,-1,-1,-1
547,7,621.516357421875,652.048583984375,216.2381591796875,342.41046142578125,-1,-1,-1,-1
548,7,618.358154296875,653.654296875,226.61627197265625,342.702392578125,-1,-1,-1,-1
549,7,615.4454956054688,655.9613037109375,247.6630859375,342.34429931640625,-1,-1,-1,-1
550,7,614.5157470703125,657.33251953125,248.5721435546875,341.850830078125,-1,-1,-1,-1
551,7,610.9571533203125,658.3434448242188,249.50091552734375,344.78460693359375,-1,-1,-1,-1
441,8,1070.1107177734375,561.68359375,339.6566162109375,638.634765625,-1,-1,-1,-1
442,8,962.544677734375,528.9637451171875,441.1522216796875,714.7139892578125,-1,-1,-1,-1
443,8,880.539794921875,516.547607421875,463.2327880859375,709.279541015625,-1,-1,-1,-1
444,8,830.2069091796875,520.5608520507812,432.3704833984375,689.0625610351562,-1,-1,-1,-1
445,8,795.593994140625,533.3203125,444.0272216796875,666.1492919921875,-1,-1,-1,-1
446,8,793.603759765625,541.692626953125,444.4703369140625,657.246337890625,-1,-1,-1,-1
447,8,790.6854858398438,542.473388671875,444.18572998046875,665.6536865234375,-1,-1,-1,-1
448,8,793.0224609375,530.8998413085938,434.628173828125,684.6074829101562,-1,-1,-1,-1
449,8,800.75048828125,515.6516723632812,423.8720703125,710.5538940429688,-1,-1,-1,-1
450,8,815.8327026367188,503.3815612792969,406.92730712890625,723.0455322265625,-1,-1,-1,-1
451,8,822.7366333007812,499.216796875,400.93194580078125,740.0826416015625,-1,-1,-1,-1
452,8,824.471923828125,494.30316162109375,403.6533203125,741.4022827148438,-1,-1,-1,-1
453,8,831.97607421875,505.3648376464844,405.26123046875,731.1944580078125,-1,-1,-1,-1
454,8,839.6622314453125,524.593017578125,407.7171630859375,716.5589599609375,-1,-1,-1,-1
455,8,846.613525390625,528.009521484375,406.2674560546875,713.1182861328125,-1,-1,-1,-1
456,8,849.4061279296875,508.30908203125,407.7999267578125,729.1695556640625,-1,-1,-1,-1
457,8,852.7816162109375,478.2889404296875,404.64404296875,754.0130615234375,-1,-1,-1,-1
458,8,852.5598754882812,454.95330810546875,404.67352294921875,768.5718383789062,-1,-1,-1,-1
459,8,868.950927734375,442.1968688964844,376.337646484375,749.8807373046875,-1,-1,-1,-1
460,8,893.5135498046875,436.732666015625,331.5634765625,727.43603515625,-1,-1,-1,-1
461,8,886.3111572265625,438.037841796875,292.15625,695.433349609375,-1,-1,-1,-1
462,8,819.3248901367188,427.96588134765625,299.63018798828125,658.7035522460938,-1,-1,-1,-1
463,8,754.6163940429688,411.7712707519531,298.03814697265625,637.324951171875,-1,-1,-1,-1
464,8,695.216796875,395.834228515625,303.148193359375,631.5189208984375,-1,-1,-1,-1
465,8,648.7896118164062,376.85931396484375,299.19989013671875,636.6970825195312,-1,-1,-1,-1
466,8,598.775634765625,355.7695617675781,298.08612060546875,642.837646484375,-1,-1,-1,-1
467,8,532.1264038085938,344.00372314453125,326.5704345703125,643.9580688476562,-1,-1,-1,-1
468,8,500.09307861328125,351.4872741699219,334.49603271484375,635.616455078125,-1,-1,-1,-1
469,8,508.5378112792969,374.6811828613281,315.0685119628906,611.2469482421875,-1,-1,-1,-1
470,8,504.6423034667969,408.267333984375,330.3339538574219,582.114990234375,-1,-1,-1,-1
471,8,525.3423461914062,440.5490417480469,353.2412109375,562.1162109375,-1,-1,-1,-1
472,8,576.2426147460938,468.3027038574219,386.4085693359375,554.583984375,-1,-1,-1,-1
473,8,627.2332763671875,498.02001953125,434.66796875,554.2757568359375,-1,-1,-1,-1
474,8,678.6448364257812,533.3049926757812,460.84710693359375,560.8925170898438,-1,-1,-1,-1
475,8,693.879150390625,563.25634765625,480.0545654296875,580.539306640625,-1,-1,-1,-1
476,8,690.919189453125,583.0048217773438,492.101806640625,580.8375854492188,-1,-1,-1,-1
477,8,677.5148315429688,584.021240234375,493.42120361328125,590.3714599609375,-1,-1,-1,-1
478,8,670.8309326171875,565.0028076171875,485.022705078125,612.093994140625,-1,-1,-1,-1
479,8,677.5208129882812,538.5162963867188,468.28631591796875,648.9791870117188,-1,-1,-1,-1
480,8,684.4180297851562,520.0784301757812,455.13421630859375,679.2741088867188,-1,-1,-1,-1
481,8,717.0598754882812,509.7432861328125,415.08697509765625,696.677978515625,-1,-1,-1,-1
482,8,772.805419921875,501.6310119628906,339.935791015625,703.365234375,-1,-1,-1,-1
483,8,796.9940795898438,498.77642822265625,306.69732666015625,705.2092895507812,-1,-1,-1,-1
484,8,824.9835205078125,500.37762451171875,293.811767578125,708.2236938476562,-1,-1,-1,-1
485,8,849.1766357421875,498.1365661621094,297.7449951171875,718.4547119140625,-1,-1,-1,-1
486,8,876.7706909179688,492.41375732421875,315.26739501953125,741.1289672851562,-1,-1,-1,-1
487,8,928.6611328125,482.304931640625,319.7064208984375,768.248046875,-1,-1,-1,-1
488,8,968.0625610351562,473.3935241699219,334.75640869140625,788.3560791015625,-1,-1,-1,-1
489,8,967.6441650390625,470.01580810546875,383.13330078125,727.9199829101562,-1,-1,-1,-1
490,8,959.44580078125,483.169921875,407.07421875,697.4090576171875,-1,-1,-1,-1
491,8,952.3760986328125,508.95977783203125,414.8551025390625,696.1311645507812,-1,-1,-1,-1
492,8,953.8555297851562,539.7446899414062,402.32244873046875,655.8402709960938,-1,-1,-1,-1
493,8,947.6553344726562,564.33544921875,390.10516357421875,636.6636962890625,-1,-1,-1,-1
494,8,947.8077392578125,576.4321899414062,381.751953125,643.1040649414062,-1,-1,-1,-1
495,8,950.2557373046875,576.850341796875,387.884521484375,646.1795654296875,-1,-1,-1,-1
496,8,952.5152587890625,575.9286499023438,344.9315185546875,646.2053833007812,-1,-1,-1,-1
497,8,959.8176879882812,571.796142578125,312.02471923828125,650.8448486328125,-1,-1,-1,-1
498,8,964.817626953125,564.116455078125,313.07861328125,712.794921875,-1,-1,-1,-1
499,8,971.370361328125,554.7691040039062,261.4989013671875,726.1356811523438,-1,-1,-1,-1
500,8,976.514404296875,549.0161743164062,205.69580078125,712.5289916992188,-1,-1,-1,-1
501,8,979.314697265625,549.4581298828125,189.2998046875,690.1370849609375,-1,-1,-1,-1
502,8,962.1744995117188,553.8968505859375,194.47174072265625,671.2845458984375,-1,-1,-1,-1
503,8,957.1620483398438,561.6627807617188,182.36029052734375,662.2023315429688,-1,-1,-1,-1
504,8,931.5072631835938,571.3906860351562,198.45953369140625,652.4473266601562,-1,-1,-1,-1
505,8,899.7625122070312,576.5679931640625,230.25164794921875,646.520751953125,-1,-1,-1,-1
506,8,879.09228515625,576.8551635742188,229.87451171875,647.9212036132812,-1,-1,-1,-1
507,8,876.4654541015625,574.9847412109375,201.8045654296875,649.2257080078125,-1,-1,-1,-1
508,8,846.0452880859375,572.9415283203125,214.9794921875,648.8050537109375,-1,-1,-1,-1
509,8,813.2199096679688,579.647705078125,246.86346435546875,642.2144775390625,-1,-1,-1,-1
510,8,793.0980834960938,595.6756591796875,269.39996337890625,631.0625,-1,-1,-1,-1
511,8,788.3987426757812,617.9173583984375,275.03167724609375,611.5401611328125,-1,-1,-1,-1
512,8,787.6839599609375,638.2333374023438,269.3323974609375,593.9461059570312,-1,-1,-1,-1
513,8,788.534423828125,647.3873291015625,267.45068359375,584.58740234375,-1,-1,-1,-1
514,8,791.910400390625,638.9302368164062,270.505615234375,595.7423706054688,-1,-1,-1,-1
515,8,791.257568359375,620.8851318359375,277.53125,616.9713134765625,-1,-1,-1,-1
516,8,790.6703491210938,601.0474853515625,281.90826416015625,638.97607421875,-1,-1,-1,-1
517,8,800.6504516601562,591.8485107421875,276.41473388671875,661.28369140625,-1,-1,-1,-1
518,8,822.719970703125,593.4534912109375,262.60595703125,671.3984375,-1,-1,-1,-1
519,8,846.1347045898438,602.0621337890625,242.44207763671875,672.1629638671875,-1,-1,-1,-1
520,8,848.394287109375,609.9854736328125,240.599609375,667.0728759765625,-1,-1,-1,-1
521,8,842.062255859375,612.76025390625,246.407958984375,665.4105224609375,-1,-1,-1,-1
522,8,834.7337646484375,606.8045654296875,248.1827392578125,670.3189697265625,-1,-1,-1,-1
523,8,829.9723510742188,591.9221801757812,246.42425537109375,678.9995727539062,-1,-1,-1,-1
524,8,827.6248168945312,579.1011962890625,246.30194091796875,686.1351318359375,-1,-1,-1,-1
525,8,819.6471557617188,572.65673828125,249.69757080078125,688.0909423828125,-1,-1,-1,-1
526,8,808.1549682617188,575.3858642578125,255.18182373046875,682.9140625,-1,-1,-1,-1
527,8,799.2653198242188,584.4795532226562,260.83306884765625,673.8720092773438,-1,-1,-1,-1
528,8,794.8798828125,595.4063110351562,266.6668701171875,662.1240844726562,-1,-1,-1,-1
529,8,791.51318359375,595.8306884765625,268.1920166015625,658.566162109375,-1,-1,-1,-1
530,8,792.00732421875,584.1908569335938,264.3177490234375,666.7380981445312,-1,-1,-1,-1
531,8,795.2680053710938,573.07958984375,256.74212646484375,674.779052734375,-1,-1,-1,-1
532,8,797.817138671875,569.6575927734375,253.550537109375,677.9761962890625,-1,-1,-1,-1
533,8,796.940673828125,574.1653442382812,263.740234375,686.2055053710938,-1,-1,-1,-1
534,8,794.3902587890625,584.1395874023438,281.8731689453125,682.4630737304688,-1,-1,-1,-1
535,8,787.4498901367188,600.0475463867188,292.64617919921875,670.4751586914062,-1,-1,-1,-1
536,8,787.646728515625,616.5838012695312,292.3948974609375,650.4984741210938,-1,-1,-1,-1
537,8,767.8927612304688,633.6962280273438,311.05828857421875,631.5004272460938,-1,-1,-1,-1
538,8,753.3253173828125,642.2385864257812,327.8775634765625,628.2771606445312,-1,-1,-1,-1
539,8,756.967041015625,638.3641357421875,325.5086669921875,634.8682861328125,-1,-1,-1,-1
540,8,756.53564453125,625.01318359375,315.075439453125,637.63232421875,-1,-1,-1,-1
541,8,750.5604858398438,604.4382934570312,296.45574951171875,634.7459106445312,-1,-1,-1,-1
542,8,752.1419067382812,587.1349487304688,264.577392578125,627.1425170898438,-1,-1,-1,-1
543,8,744.8177490234375,578.2325439453125,245.20819091796875,617.0640869140625,-1,-1,-1,-1
544,8,755.75634765625,570.7969970703125,215.48504638671875,602.95947265625,-1,-1,-1,-1
545,8,762.400146484375,566.0846557617188,197.0704345703125,589.4846801757812,-1,-1,-1,-1
546,8,758.1319580078125,562.4166870117188,194.012939453125,578.4175415039062,-1,-1,-1,-1
547,8,755.8907470703125,560.7998046875,193.5765380859375,567.865966796875,-1,-1,-1,-1
548,8,752.1282348632812,561.608642578125,197.154541015625,559.4779052734375,-1,-1,-1,-1
549,8,752.5928344726562,564.1194458007812,197.9722900390625,558.5631713867188,-1,-1,-1,-1
550,8,719.7052001953125,566.0036010742188,235.1904296875,559.9945678710938,-1,-1,-1,-1
551,8,731.1249389648438,569.5484619140625,228.83203125,562.658203125,-1,-1,-1,-1
441,9,295.0351867675781,477.4617919921875,77.27859497070312,185.66644287109375,-1,-1,-1,-1
442,9,215.55123901367188,490.538818359375,80.64212036132812,191.87554931640625,-1,-1,-1,-1
443,9,158.62039184570312,509.9507141113281,83.0045166015625,194.40444946289062,-1,-1,-1,-1
444,9,106.7548828125,535.0726318359375,84.40505981445312,200.7171630859375,-1,-1,-1,-1
445,9,76.6913833618164,554.2400512695312,84.06058502197266,205.72650146484375,-1,-1,-1,-1
446,9,69.68107604980469,570.4334106445312,87.37882995605469,207.76983642578125,-1,-1,-1,-1
447,9,75.3858642578125,580.6063232421875,89.21319580078125,212.3594970703125,-1,-1,-1,-1
448,9,83.54764556884766,584.2173461914062,91.1545639038086,211.6175537109375,-1,-1,-1,-1
449,9,114.83527374267578,586.6646728515625,92.9958267211914,204.54144287109375,-1,-1,-1,-1
450,9,136.30343627929688,601.9750366210938,97.99761962890625,203.47662353515625,-1,-1,-1,-1
451,9,156.99900817871094,607.072265625,96.84193420410156,202.28662109375,-1,-1,-1,-1
452,9,173.5458984375,604.518798828125,105.439453125,201.87518310546875,-1,-1,-1,-1
453,9,195.65252685546875,602.6203002929688,106.771240234375,199.2509765625,-1,-1,-1,-1
454,9,215.4782257080078,601.5843505859375,106.88835144042969,193.8607177734375,-1,-1,-1,-1
455,9,230.30313110351562,597.5111694335938,107.51553344726562,191.9063720703125,-1,-1,-1,-1
456,9,237.83984375,595.742919921875,109.0848388671875,188.50494384765625,-1,-1,-1,-1
457,9,241.1641082763672,596.5618286132812,112.24336242675781,186.402099609375,-1,-1,-1,-1
458,9,238.48423767089844,598.285400390625,111.48741149902344,185.50390625,-1,-1,-1,-1
459,9,225.14720153808594,595.7916259765625,110.28288269042969,187.0010986328125,-1,-1,-1,-1
460,9,202.00926208496094,590.7719116210938,106.60987854003906,186.96783447265625,-1,-1,-1,-1
461,9,148.3295440673828,586.385498046875,107.38386535644531,192.884765625,-1,-1,-1,-1
462,9,370.45379638671875,561.1483154296875,144.918212890625,281.0662841796875,-1,-1,-1,-1
463,9,570.4271850585938,512.0202941894531,289.08892822265625,310.4366149902344,-1,-1,-1,-1
462,10,66.48380279541016,579.9373779296875,113.06034088134766,201.519287109375,-1,-1,-1,-1
463,10,288.7801818847656,537.8240356445312,187.46658325195312,358.04913330078125,-1,-1,-1,-1
464,10,229.218994140625,520.5069580078125,194.07015991210938,385.47998046875,-1,-1,-1,-1
465,10,175.99940490722656,516.4114379882812,187.61619567871094,407.94708251953125,-1,-1,-1,-1
463,11,2.9614720344543457,579.6979370117188,91.43143463134766,216.8822021484375,-1,-1,-1,-1
464,11,-1.6421611309051514,601.6099853515625,89.89141082763672,259.81134033203125,-1,-1,-1,-1
474,12,2.2188003063201904,630.1395874023438,80.27909851074219,218.285888671875,-1,-1,-1,-1
475,12,6.184175491333008,643.0333862304688,90.14210510253906,218.2689208984375,-1,-1,-1,-1
476,12,6.6435770988464355,653.443115234375,92.06888580322266,218.22113037109375,-1,-1,-1,-1
477,12,3.06540846824646,660.14013671875,84.80097198486328,219.618408203125,-1,-1,-1,-1
478,12,2.151341676712036,659.3912963867188,65.9855728149414,226.514404296875,-1,-1,-1,-1
479,12,1.150322437286377,667.8070068359375,51.43241882324219,212.76678466796875,-1,-1,-1,-1
480,12,0.7442593574523926,672.0166625976562,51.213748931884766,203.3055419921875,-1,-1,-1,-1
481,12,1.3900835514068604,669.5966796875,49.576690673828125,209.67486572265625,-1,-1,-1,-1
484,12,0.9064071178436279,639.162353515625,59.85414505004883,230.646240234375,-1,-1,-1,-1
485,12,4.324061870574951,630.6617431640625,99.8666000366211,225.9329833984375,-1,-1,-1,-1
486,12,45.602848052978516,622.53662109375,123.18898010253906,214.9361572265625,-1,-1,-1,-1
487,12,126.65721893310547,621.8272094726562,125.12430572509766,201.76019287109375,-1,-1,-1,-1
488,12,202.3022003173828,623.1306762695312,114.33940124511719,191.096923828125,-1,-1,-1,-1
489,12,256.8941650390625,626.4141235351562,108.89996337890625,184.96783447265625,-1,-1,-1,-1
490,12,290.0611572265625,633.061767578125,105.43649291992188,179.75323486328125,-1,-1,-1,-1
491,12,305.5097351074219,641.146484375,98.74334716796875,177.05389404296875,-1,-1,-1,-1
492,12,308.1858215332031,646.030517578125,92.48440551757812,179.435791015625,-1,-1,-1,-1
493,12,309.3651428222656,648.0966186523438,87.55245971679688,179.00592041015625,-1,-1,-1,-1
494,12,314.62353515625,646.6472778320312,80.0732421875,182.15777587890625,-1,-1,-1,-1
495,12,320.1095275878906,643.656982421875,76.89791870117188,182.83135986328125,-1,-1,-1,-1
496,12,328.03399658203125,640.726318359375,73.71954345703125,183.61566162109375,-1,-1,-1,-1
497,12,335.21820068359375,641.2833251953125,73.9996337890625,182.24603271484375,-1,-1,-1,-1
498,12,341.023681640625,641.4310913085938,74.38876342773438,182.29022216796875,-1,-1,-1,-1
499,12,345.9114074707031,643.615478515625,72.53140258789062,180.33740234375,-1,-1,-1,-1
500,12,346.5939025878906,643.666748046875,72.3623046875,180.3804931640625,-1,-1,-1,-1
501,12,346.6898193359375,641.9700317382812,73.03231811523438,180.93768310546875,-1,-1,-1,-1
502,12,345.5753173828125,639.3302612304688,73.28634643554688,181.6724853515625,-1,-1,-1,-1
503,12,345.0621643066406,637.8365478515625,72.84957885742188,183.86328125,-1,-1,-1,-1
504,12,343.8797912597656,637.0946044921875,73.0372314453125,183.71435546875,-1,-1,-1,-1
505,12,341.87371826171875,636.0162353515625,74.22149658203125,186.8643798828125,-1,-1,-1,-1
506,12,337.8539733886719,634.4907836914062,76.6043701171875,190.00262451171875,-1,-1,-1,-1
507,12,334.4307861328125,629.9951782226562,78.18563842773438,191.81768798828125,-1,-1,-1,-1
508,12,332.8966979980469,621.552490234375,78.62884521484375,191.50482177734375,-1,-1,-1,-1
509,12,335.3760070800781,617.121826171875,77.8880615234375,189.44049072265625,-1,-1,-1,-1
510,12,336.6492004394531,616.9749755859375,79.1317138671875,188.2685546875,-1,-1,-1,-1
511,12,338.13421630859375,620.7562866210938,78.51611328125,187.6209716796875,-1,-1,-1,-1
512,12,334.682861328125,625.4136352539062,80.38626098632812,186.07196044921875,-1,-1,-1,-1
513,12,333.12200927734375,630.8128662109375,81.98556518554688,188.0595703125,-1,-1,-1,-1
514,12,334.3049621582031,633.6082763671875,83.34014892578125,187.80126953125,-1,-1,-1,-1
515,12,339.8099365234375,633.2748413085938,83.89947509765625,187.62432861328125,-1,-1,-1,-1
516,12,344.515869140625,633.3981323242188,84.50283813476562,186.810546875,-1,-1,-1,-1
517,12,349.9919738769531,635.2560424804688,87.97488403320312,185.80963134765625,-1,-1,-1,-1
518,12,356.1709899902344,641.9266357421875,85.38442993164062,184.374755859375,-1,-1,-1,-1
519,12,355.857421875,647.3092651367188,89.188232421875,184.1357421875,-1,-1,-1,-1
520,12,358.4169616699219,649.7322998046875,91.25283813476562,183.8758544921875,-1,-1,-1,-1
521,12,356.88616943359375,652.6425170898438,93.41241455078125,182.89996337890625,-1,-1,-1,-1
522,12,352.72650146484375,653.6039428710938,94.17337036132812,183.3563232421875,-1,-1,-1,-1
523,12,355.5901184082031,652.3402709960938,84.42776489257812,182.50994873046875,-1,-1,-1,-1
524,12,356.5220947265625,652.1260375976562,81.56549072265625,181.390380859375,-1,-1,-1,-1
525,12,355.4973449707031,652.5159912109375,80.70880126953125,183.5911865234375,-1,-1,-1,-1
526,12,351.5530090332031,651.3887329101562,81.3935546875,185.57025146484375,-1,-1,-1,-1
527,12,343.74462890625,649.5006713867188,86.74642944335938,188.05804443359375,-1,-1,-1,-1
528,12,339.8918762207031,650.4889526367188,88.7847900390625,188.52325439453125,-1,-1,-1,-1
529,12,337.05877685546875,652.071044921875,89.42379760742188,189.00238037109375,-1,-1,-1,-1
530,12,332.9476013183594,651.681884765625,92.75894165039062,187.80181884765625,-1,-1,-1,-1
531,12,332.641845703125,648.8021240234375,94.25485229492188,189.1700439453125,-1,-1,-1,-1
532,12,331.2650146484375,652.604248046875,95.92431640625,188.5657958984375,-1,-1,-1,-1
533,12,336.4537353515625,657.4112548828125,88.6837158203125,190.242919921875,-1,-1,-1,-1
534,12,324.9361877441406,657.4830932617188,95.15963745117188,191.12835693359375,-1,-1,-1,-1
535,12,326.55145263671875,652.4961547851562,85.36798095703125,190.86798095703125,-1,-1,-1,-1
536,12,315.7644348144531,642.300048828125,89.61346435546875,192.2432861328125,-1,-1,-1,-1
537,12,317.1732177734375,632.4779663085938,85.95751953125,192.56597900390625,-1,-1,-1,-1
538,12,319.798583984375,626.0961303710938,86.25335693359375,192.92108154296875,-1,-1,-1,-1
539,12,317.947021484375,623.9058227539062,89.79660034179688,194.416015625,-1,-1,-1,-1
540,12,319.71136474609375,620.970703125,87.5650634765625,193.64581298828125,-1,-1,-1,-1
541,12,308.5305480957031,616.5911254882812,94.06378173828125,196.12799072265625,-1,-1,-1,-1
542,12,305.91845703125,612.4029541015625,90.93771362304688,198.9381103515625,-1,-1,-1,-1
543,12,301.1542663574219,609.02783203125,89.86398315429688,199.89031982421875,-1,-1,-1,-1
544,12,297.1363830566406,607.0961303710938,88.08816528320312,203.73797607421875,-1,-1,-1,-1
545,12,291.70697021484375,605.2081298828125,88.55624389648438,203.7198486328125,-1,-1,-1,-1
546,12,285.36474609375,604.7640991210938,88.7674560546875,205.3883056640625,-1,-1,-1,-1
547,12,277.3955078125,605.2576293945312,92.48382568359375,208.18487548828125,-1,-1,-1,-1
548,12,269.98699951171875,605.8892822265625,97.35623168945312,207.526123046875,-1,-1,-1,-1
549,12,267.7293701171875,608.068603515625,95.3414306640625,207.09814453125,-1,-1,-1,-1
550,12,265.2574768066406,610.7229614257812,93.73037719726562,206.85906982421875,-1,-1,-1,-1
551,12,259.7665710449219,613.2822875976562,95.78146362304688,209.089111328125,-1,-1,-1,-1
