1,1,458.5650329589844,833.1113891601562,74.65609741210938,210.79852294921875,-1,-1,-1,-1
2,1,473.3849792480469,827.2424926757812,74.96304321289062,207.53448486328125,-1,-1,-1,-1
3,1,471.416015625,811.0206909179688,74.652099609375,204.5322265625,-1,-1,-1,-1
4,1,463.352294921875,784.0038452148438,74.11962890625,205.008544921875,-1,-1,-1,-1
5,1,460.7286071777344,764.6253662109375,75.18588256835938,201.7657470703125,-1,-1,-1,-1
6,1,462.10260009765625,762.5470581054688,75.0491943359375,206.1954345703125,-1,-1,-1,-1
7,1,460.40679931640625,757.0369262695312,75.26055908203125,205.346923828125,-1,-1,-1,-1
8,1,462.18292236328125,757.2426147460938,75.85931396484375,208.01287841796875,-1,-1,-1,-1
9,1,455.40350341796875,757.873291015625,78.16864013671875,210.26605224609375,-1,-1,-1,-1
10,1,436.2752685546875,754.4700927734375,80.83990478515625,212.4029541015625,-1,-1,-1,-1
11,1,425.8704833984375,755.3389892578125,81.34835815429688,214.1746826171875,-1,-1,-1,-1
12,1,420.88140869140625,759.3648681640625,82.281494140625,214.04327392578125,-1,-1,-1,-1
13,1,410.5242004394531,754.0817260742188,83.58074951171875,217.44598388671875,-1,-1,-1,-1
14,1,402.7197570800781,745.0671997070312,82.62197875976562,215.39324951171875,-1,-1,-1,-1
15,1,398.82696533203125,742.2899780273438,82.92092895507812,216.92083740234375,-1,-1,-1,-1
16,1,401.1580810546875,748.21533203125,83.16891479492188,217.64508056640625,-1,-1,-1,-1
17,1,409.3593444824219,747.69970703125,81.63775634765625,217.20465087890625,-1,-1,-1,-1
18,1,428.6136779785156,750.48681640625,79.21395874023438,211.3818359375,-1,-1,-1,-1
19,1,453.82147216796875,755.17236328125,77.65863037109375,206.92205810546875,-1,-1,-1,-1
20,1,475.8310546875,743.5260009765625,76.4151611328125,206.02606201171875,-1,-1,-1,-1
21,1,488.28399658203125,741.521240234375,74.03814697265625,200.2318115234375,-1,-1,-1,-1
22,1,495.8447265625,737.07958984375,73.72296142578125,201.7030029296875,-1,-1,-1,-1
23,1,505.82037353515625,738.2888793945312,74.44268798828125,200.8427734375,-1,-1,-1,-1
24,1,515.0371704101562,729.5626831054688,72.45343017578125,205.70294189453125,-1,-1,-1,-1
25,1,521.5198974609375,717.9725341796875,73.0064697265625,200.42822265625,-1,-1,-1,-1
26,1,529.9381103515625,711.017333984375,71.03466796875,197.365966796875,-1,-1,-1,-1
27,1,534.6867065429688,712.5704956054688,72.71661376953125,195.73785400390625,-1,-1,-1,-1
28,1,535.0455322265625,716.30615234375,74.41705322265625,196.3426513671875,-1,-1,-1,-1
29,1,536.6631469726562,715.535888671875,73.98187255859375,197.02313232421875,-1,-1,-1,-1
30,1,542.2401123046875,715.1735229492188,72.029296875,195.5902099609375,-1,-1,-1,-1
31,1,547.9382934570312,722.5621337890625,71.86273193359375,198.83837890625,-1,-1,-1,-1
32,1,550.33984375,723.0703735351562,71.35528564453125,199.588623046875,-1,-1,-1,-1
33,1,558.7975463867188,718.6429443359375,69.8101806640625,193.7869873046875,-1,-1,-1,-1
34,1,569.12548828125,705.6448974609375,70.54571533203125,196.48980712890625,-1,-1,-1,-1
35,1,573.5621337890625,700.2110595703125,71.6007080078125,195.71038818359375,-1,-1,-1,-1
36,1,575.5543212890625,696.995361328125,72.07623291015625,195.6142578125,-1,-1,-1,-1
37,1,574.77294921875,688.58837890625,73.79327392578125,197.42022705078125,-1,-1,-1,-1
38,1,573.470947265625,684.1664428710938,73.01995849609375,197.23492431640625,-1,-1,-1,-1
39,1,572.6865234375,684.5032348632812,73.44927978515625,197.73260498046875,-1,-1,-1,-1
40,1,566.4141845703125,694.0687255859375,74.14630126953125,200.2576904296875,-1,-1,-1,-1
41,1,557.7073364257812,717.9849853515625,72.58905029296875,203.939697265625,-1,-1,-1,-1
42,1,547.0361328125,742.9364624023438,75.547119140625,206.39349365234375,-1,-1,-1,-1
43,1,534.87255859375,755.9951782226562,77.6925048828125,209.62774658203125,-1,-1,-1,-1
44,1,525.8665771484375,755.3980712890625,80.1798095703125,208.306396484375,-1,-1,-1,-1
45,1,516.370849609375,747.1572265625,80.85919189453125,211.126220703125,-1,-1,-1,-1
46,1,503.7513732910156,732.9462280273438,82.94039916992188,217.8857421875,-1,-1,-1,-1
47,1,496.13763427734375,721.55859375,82.84857177734375,213.75018310546875,-1,-1,-1,-1
48,1,490.68896484375,713.3740234375,80.41302490234375,212.30419921875,-1,-1,-1,-1
49,1,482.1007080078125,707.4308471679688,82.93475341796875,214.91571044921875,-1,-1,-1,-1
50,1,472.8800964355469,705.0114135742188,82.72940063476562,214.67401123046875,-1,-1,-1,-1
51,1,463.6156311035156,701.6826171875,84.71890258789062,217.32427978515625,-1,-1,-1,-1
52,1,457.40679931640625,701.4982299804688,83.12139892578125,222.29559326171875,-1,-1,-1,-1
53,1,451.76947021484375,713.3605346679688,83.37890625,215.91961669921875,-1,-1,-1,-1
54,1,444.3025817871094,722.6192626953125,82.72714233398438,220.93927001953125,-1,-1,-1,-1
55,1,441.7439880371094,725.4369506835938,82.38558959960938,222.32342529296875,-1,-1,-1,-1
56,1,442.495361328125,722.158935546875,82.08245849609375,220.64068603515625,-1,-1,-1,-1
57,1,439.77618408203125,716.7716674804688,82.95477294921875,222.72314453125,-1,-1,-1,-1
58,1,433.3516845703125,713.919677734375,83.39794921875,221.83154296875,-1,-1,-1,-1
59,1,422.419677734375,711.4208984375,83.9820556640625,226.83990478515625,-1,-1,-1,-1
60,1,416.1089782714844,709.5336303710938,83.68698120117188,223.82568359375,-1,-1,-1,-1
61,1,407.23382568359375,707.081298828125,85.74090576171875,226.454345703125,-1,-1,-1,-1
62,1,401.5002136230469,704.6869506835938,85.89559936523438,227.3226318359375,-1,-1,-1,-1
63,1,394.3142395019531,709.5955810546875,87.49896240234375,231.213134765625,-1,-1,-1,-1
64,1,386.1959533691406,724.5872192382812,86.82034301757812,231.09796142578125,-1,-1,-1,-1
65,1,374.06060791015625,740.6123657226562,88.01473999023438,237.475341796875,-1,-1,-1,-1
66,1,360.57818603515625,750.6527709960938,90.19113159179688,251.2728271484375,-1,-1,-1,-1
67,1,351.4705505371094,760.1555786132812,90.9354248046875,255.3731689453125,-1,-1,-1,-1
68,1,347.5738220214844,763.7682495117188,92.34295654296875,252.5498046875,-1,-1,-1,-1
69,1,338.392578125,753.0733032226562,94.11325073242188,255.87835693359375,-1,-1,-1,-1
70,1,332.27191162109375,741.5704956054688,94.51715087890625,256.82489013671875,-1,-1,-1,-1
71,1,326.06787109375,733.1199951171875,94.9932861328125,254.7635498046875,-1,-1,-1,-1
72,1,320.34307861328125,724.6593627929688,94.92373657226562,258.250244140625,-1,-1,-1,-1
73,1,320.9170837402344,716.6664428710938,94.03152465820312,257.10870361328125,-1,-1,-1,-1
74,1,327.06622314453125,715.9696044921875,94.3802490234375,258.44775390625,-1,-1,-1,-1
75,1,326.7561340332031,720.6135864257812,96.37518310546875,257.59832763671875,-1,-1,-1,-1
76,1,325.5814208984375,720.2928466796875,95.324462890625,257.8748779296875,-1,-1,-1,-1
77,1,330.0193786621094,714.8378295898438,95.91012573242188,259.01422119140625,-1,-1,-1,-1
78,1,333.1419677734375,709.8635864257812,97.27127075195312,259.38922119140625,-1,-1,-1,-1
79,1,342.6384582519531,700.7672119140625,96.67544555664062,255.08331298828125,-1,-1,-1,-1
80,1,348.203369140625,691.1332397460938,95.44790649414062,251.5252685546875,-1,-1,-1,-1
81,1,351.00433349609375,686.6592407226562,94.9100341796875,253.753173828125,-1,-1,-1,-1
82,1,360.13665771484375,678.73828125,95.039794921875,249.786376953125,-1,-1,-1,-1
83,1,369.5980224609375,679.1278686523438,93.94744873046875,240.885986328125,-1,-1,-1,-1
84,1,380.8963623046875,678.146240234375,93.30703735351562,241.11187744140625,-1,-1,-1,-1
85,1,387.20245361328125,677.0514526367188,91.556884765625,241.90478515625,-1,-1,-1,-1
86,1,393.9871520996094,672.8989868164062,92.09686279296875,241.0457763671875,-1,-1,-1,-1
87,1,404.28900146484375,675.1073608398438,91.62905883789062,243.65594482421875,-1,-1,-1,-1
88,1,417.2303466796875,673.0556640625,89.91921997070312,240.85040283203125,-1,-1,-1,-1
89,1,429.4129638671875,669.9569091796875,88.833251953125,236.47625732421875,-1,-1,-1,-1
90,1,435.2814636230469,667.8764038085938,89.08804321289062,235.9508056640625,-1,-1,-1,-1
91,1,442.498779296875,668.6072387695312,87.3489990234375,235.91217041015625,-1,-1,-1,-1
92,1,446.5322570800781,664.7528076171875,87.58340454101562,238.6920166015625,-1,-1,-1,-1
93,1,455.2206115722656,663.1163940429688,87.77218627929688,237.27288818359375,-1,-1,-1,-1
94,1,464.92315673828125,660.4937744140625,86.9630126953125,240.18133544921875,-1,-1,-1,-1
95,1,474.0782165527344,657.5288696289062,86.12112426757812,230.3209228515625,-1,-1,-1,-1
96,1,477.8595886230469,649.6843872070312,88.47036743164062,234.920166015625,-1,-1,-1,-1
97,1,481.7860412597656,647.434814453125,87.97958374023438,236.7105712890625,-1,-1,-1,-1
98,1,492.1087646484375,672.4413452148438,89.3427734375,238.421630859375,-1,-1,-1,-1
99,1,490.0576477050781,680.4371337890625,91.61093139648438,241.073974609375,-1,-1,-1,-1
100,1,459.15264892578125,651.6785278320312,92.94500732421875,242.24334716796875,-1,-1,-1,-1
101,1,450.56256103515625,645.295654296875,93.7032470703125,242.7962646484375,-1,-1,-1,-1
102,1,445.272705078125,633.0287475585938,94.135009765625,245.5968017578125,-1,-1,-1,-1
103,1,450.88751220703125,635.3588256835938,94.49212646484375,246.05377197265625,-1,-1,-1,-1
104,1,445.9955749511719,626.2266235351562,95.25363159179688,249.69537353515625,-1,-1,-1,-1
105,1,439.55816650390625,619.5409545898438,97.04376220703125,246.4307861328125,-1,-1,-1,-1
106,1,441.64630126953125,616.8414916992188,97.2728271484375,246.83343505859375,-1,-1,-1,-1
107,1,435.12628173828125,620.590087890625,100.6671142578125,258.326171875,-1,-1,-1,-1
108,1,434.4537658691406,630.9633178710938,102.55471801757812,246.91607666015625,-1,-1,-1,-1
109,1,428.62677001953125,643.7199096679688,104.6263427734375,245.74395751953125,-1,-1,-1,-1
110,1,435.03216552734375,643.642333984375,106.11199951171875,244.491455078125,-1,-1,-1,-1
111,1,444.161376953125,633.9037475585938,108.15728759765625,243.13934326171875,-1,-1,-1,-1
112,1,445.1787109375,632.2837524414062,110.36376953125,240.67181396484375,-1,-1,-1,-1
113,1,449.1923522949219,638.1058959960938,111.62942504882812,242.7576904296875,-1,-1,-1,-1
114,1,448.5750427246094,639.914794921875,114.93869018554688,243.1446533203125,-1,-1,-1,-1
115,1,438.26904296875,647.150390625,116.89581298828125,250.44482421875,-1,-1,-1,-1
116,1,430.5815124511719,666.4279174804688,117.07351684570312,247.1961669921875,-1,-1,-1,-1
117,1,426.52850341796875,681.9057006835938,119.62200927734375,248.19134521484375,-1,-1,-1,-1
118,1,416.94586181640625,705.4176635742188,119.32257080078125,252.87176513671875,-1,-1,-1,-1
119,1,418.2423095703125,719.3139038085938,119.11505126953125,254.3975830078125,-1,-1,-1,-1
120,1,416.44622802734375,713.355224609375,120.72259521484375,255.1319580078125,-1,-1,-1,-1
121,1,416.7120361328125,708.2906494140625,122.28131103515625,259.1790771484375,-1,-1,-1,-1
122,1,414.76568603515625,704.0545654296875,121.94635009765625,259.08001708984375,-1,-1,-1,-1
123,1,407.6293029785156,696.5525512695312,120.52670288085938,257.9420166015625,-1,-1,-1,-1
124,1,404.16131591796875,687.0004272460938,122.98968505859375,258.28924560546875,-1,-1,-1,-1
125,1,399.1210021972656,676.7279663085938,122.21310424804688,259.8602294921875,-1,-1,-1,-1
126,1,391.9035339355469,665.30712890625,123.27102661132812,259.47247314453125,-1,-1,-1,-1
127,1,382.54571533203125,658.9950561523438,122.6270751953125,261.68505859375,-1,-1,-1,-1
128,1,371.00927734375,658.9149169921875,123.6507568359375,263.90313720703125,-1,-1,-1,-1
129,1,350.73565673828125,657.2167358398438,125.36767578125,267.11236572265625,-1,-1,-1,-1
130,1,324.0919189453125,664.8120727539062,125.29559326171875,272.6856689453125,-1,-1,-1,-1
131,1,301.43377685546875,655.4090576171875,128.81686401367188,273.661376953125,-1,-1,-1,-1
132,1,284.2174072265625,646.3717041015625,130.36279296875,279.581298828125,-1,-1,-1,-1
133,1,300.5290832519531,623.8366088867188,129.70062255859375,281.76361083984375,-1,-1,-1,-1
134,1,314.69097900390625,621.4667358398438,129.2711181640625,276.10711669921875,-1,-1,-1,-1
135,1,320.276611328125,627.00537109375,126.81878662109375,271.7989501953125,-1,-1,-1,-1
136,1,327.8915100097656,638.5770263671875,124.74920654296875,272.7388916015625,-1,-1,-1,-1
137,1,328.5181884765625,648.28515625,125.20089721679688,272.92132568359375,-1,-1,-1,-1
138,1,321.2146301269531,665.001953125,125.30270385742188,275.05975341796875,-1,-1,-1,-1
139,1,316.3922119140625,693.994384765625,128.165283203125,271.625732421875,-1,-1,-1,-1
140,1,323.98828125,714.5833740234375,128.43374633789062,272.22479248046875,-1,-1,-1,-1
141,1,327.32568359375,716.8018188476562,130.44577026367188,274.52410888671875,-1,-1,-1,-1
142,1,323.840576171875,712.3671264648438,129.343017578125,271.0491943359375,-1,-1,-1,-1
143,1,317.55914306640625,706.6702270507812,130.23211669921875,279.81280517578125,-1,-1,-1,-1
144,1,315.1539306640625,710.9364624023438,131.94692993164062,279.0556640625,-1,-1,-1,-1
145,1,308.08221435546875,721.3191528320312,131.6912841796875,277.8172607421875,-1,-1,-1,-1
146,1,294.129638671875,721.728515625,132.54412841796875,282.3477783203125,-1,-1,-1,-1
147,1,284.7099304199219,713.185302734375,133.54739379882812,286.01995849609375,-1,-1,-1,-1
148,1,275.69671630859375,687.5587158203125,134.438232421875,291.3756103515625,-1,-1,-1,-1
149,1,265.1052551269531,667.3112182617188,136.00753784179688,294.9371337890625,-1,-1,-1,-1
150,1,256.23179626464844,655.6483764648438,136.7410430908203,289.57977294921875,-1,-1,-1,-1
151,1,247.60975646972656,646.2363891601562,140.1498260498047,293.907958984375,-1,-1,-1,-1
152,1,256.33038330078125,625.4795532226562,138.33349609375,297.2637939453125,-1,-1,-1,-1
153,1,283.9102478027344,626.6731567382812,139.316650390625,293.70355224609375,-1,-1,-1,-1
154,1,274.1656799316406,619.23388671875,146.98910522460938,303.735107421875,-1,-1,-1,-1
155,1,203.19000244140625,588.073974609375,155.304931640625,315.45452880859375,-1,-1,-1,-1
156,1,279.3826904296875,588.3251342773438,151.78961181640625,313.8187255859375,-1,-1,-1,-1
157,1,280.95733642578125,593.238525390625,157.59719848632812,322.14190673828125,-1,-1,-1,-1
158,1,204.4603729248047,596.05908203125,164.27378845214844,342.77386474609375,-1,-1,-1,-1
159,1,150.1776123046875,618.8716430664062,173.44143676757812,357.39007568359375,-1,-1,-1,-1
160,1,80.59129333496094,613.8948974609375,177.7898406982422,388.21728515625,-1,-1,-1,-1
161,1,44.585060119628906,595.213134765625,182.34259033203125,401.27825927734375,-1,-1,-1,-1
162,1,20.152385711669922,523.4668579101562,186.8624267578125,401.4195556640625,-1,-1,-1,-1
163,1,26.32461166381836,494.7405700683594,199.08560180664062,402.1304016113281,-1,-1,-1,-1
164,1,49.652679443359375,477.9075622558594,203.13241577148438,403.2760925292969,-1,-1,-1,-1
165,1,66.42205810546875,460.2231750488281,209.17633056640625,405.4839782714844,-1,-1,-1,-1
166,1,98.61711883544922,481.74542236328125,240.47470092773438,440.41522216796875,-1,-1,-1,-1
167,1,125.62870025634766,499.7390441894531,189.54348754882812,391.6493835449219,-1,-1,-1,-1
168,1,148.16587829589844,525.0596313476562,237.62550354003906,423.06591796875,-1,-1,-1,-1
169,1,175.90237426757812,557.2467651367188,196.77450561523438,406.8363037109375,-1,-1,-1,-1
170,1,206.69528198242188,563.7008056640625,179.12149047851562,410.73553466796875,-1,-1,-1,-1
171,1,223.97850036621094,576.8875732421875,180.72914123535156,409.80975341796875,-1,-1,-1,-1
172,1,261.15179443359375,591.6354370117188,171.95263671875,405.5709228515625,-1,-1,-1,-1
173,1,297.33087158203125,622.7324829101562,168.50689697265625,401.42645263671875,-1,-1,-1,-1
174,1,335.4045104980469,668.6495971679688,163.10977172851562,399.15753173828125,-1,-1,-1,-1
175,1,376.26922607421875,721.0221557617188,155.36810302734375,393.99322509765625,-1,-1,-1,-1
176,1,417.84820556640625,758.4677124023438,151.03668212890625,387.69708251953125,-1,-1,-1,-1
177,1,449.57025146484375,778.6687622070312,149.9046630859375,383.29107666015625,-1,-1,-1,-1
178,1,465.2389831542969,778.7081298828125,147.27487182617188,373.9078369140625,-1,-1,-1,-1
179,1,479.0447692871094,780.0735473632812,144.95571899414062,368.81805419921875,-1,-1,-1,-1
180,1,491.98162841796875,784.8497924804688,141.75177001953125,364.26800537109375,-1,-1,-1,-1
181,1,499.9593505859375,777.68408203125,141.4320068359375,358.996826171875,-1,-1,-1,-1
182,1,511.2333984375,713.2802124023438,135.9052734375,344.33563232421875,-1,-1,-1,-1
183,1,523.2705078125,616.6456298828125,135.35137939453125,327.2862548828125,-1,-1,-1,-1
184,1,528.6205444335938,559.8529663085938,135.18426513671875,322.65216064453125,-1,-1,-1,-1
185,1,535.2962646484375,564.13330078125,133.67181396484375,319.1319580078125,-1,-1,-1,-1
186,1,552.253662109375,607.9589233398438,131.48480224609375,317.16058349609375,-1,-1,-1,-1
187,1,581.3807373046875,637.15185546875,129.84124755859375,315.05218505859375,-1,-1,-1,-1
188,1,605.3055419921875,640.810302734375,127.78375244140625,312.41552734375,-1,-1,-1,-1
189,1,626.2637329101562,643.1177368164062,126.9173583984375,309.80035400390625,-1,-1,-1,-1
190,1,649.2388916015625,635.5936889648438,124.05560302734375,305.95947265625,-1,-1,-1,-1
191,1,642.9786987304688,610.6141967773438,124.5086669921875,302.1085205078125,-1,-1,-1,-1
192,1,622.6784057617188,573.1307373046875,122.8922119140625,296.67840576171875,-1,-1,-1,-1
193,1,597.2133178710938,553.8972778320312,122.580322265625,295.367919921875,-1,-1,-1,-1
194,1,559.8560791015625,557.72021484375,125.447265625,295.24072265625,-1,-1,-1,-1
195,1,519.0929565429688,568.69873046875,125.57916259765625,293.400390625,-1,-1,-1,-1
196,1,475.3578796386719,573.8308715820312,128.51809692382812,295.8670654296875,-1,-1,-1,-1
197,1,429.70343017578125,582.933349609375,131.9552001953125,298.25042724609375,-1,-1,-1,-1
198,1,393.88177490234375,597.3908081054688,136.47760009765625,301.268310546875,-1,-1,-1,-1
199,1,366.5910949707031,608.6586303710938,134.31466674804688,302.54461669921875,-1,-1,-1,-1
200,1,340.9083557128906,607.9132080078125,134.89248657226562,298.79644775390625,-1,-1,-1,-1
201,1,329.5927734375,596.4071655273438,132.8907470703125,297.4576416015625,-1,-1,-1,-1
202,1,333.8478698730469,589.1121215820312,133.83636474609375,292.25860595703125,-1,-1,-1,-1
203,1,330.2235107421875,584.6932373046875,132.742431640625,288.84844970703125,-1,-1,-1,-1
204,1,320.3896789550781,592.6939697265625,130.70245361328125,289.135009765625,-1,-1,-1,-1
205,1,305.1073303222656,600.3440551757812,127.15274047851562,285.88531494140625,-1,-1,-1,-1
206,1,290.9956970214844,621.8226928710938,122.61102294921875,288.671630859375,-1,-1,-1,-1
207,1,276.35772705078125,650.642333984375,119.65582275390625,288.18536376953125,-1,-1,-1,-1
208,1,269.3949890136719,689.1151733398438,114.89617919921875,289.95440673828125,-1,-1,-1,-1
209,1,265.0069580078125,721.3426513671875,112.55862426757812,287.69891357421875,-1,-1,-1,-1
210,1,263.62457275390625,743.6414794921875,111.95599365234375,290.273193359375,-1,-1,-1,-1
211,1,258.2213134765625,765.7113037109375,111.82904052734375,286.6881103515625,-1,-1,-1,-1
212,1,253.4927215576172,783.5341796875,111.36759948730469,288.8834228515625,-1,-1,-1,-1
213,1,244.848388671875,773.3663330078125,110.6195068359375,289.161376953125,-1,-1,-1,-1
214,1,239.5926971435547,752.3116455078125,108.40803527832031,300.6705322265625,-1,-1,-1,-1
215,1,238.3650665283203,730.7213134765625,106.84968566894531,292.13525390625,-1,-1,-1,-1
216,1,246.6141815185547,721.61376953125,105.67387390136719,285.2386474609375,-1,-1,-1,-1
217,1,266.453857421875,718.6864624023438,104.176513671875,282.86309814453125,-1,-1,-1,-1
218,1,281.5269470214844,715.0222778320312,103.22503662109375,278.59375,-1,-1,-1,-1
219,1,296.3835754394531,713.814453125,98.42864990234375,269.07464599609375,-1,-1,-1,-1
220,1,311.47247314453125,702.5894165039062,97.23001098632812,268.03314208984375,-1,-1,-1,-1
221,1,323.7101745605469,703.8491821289062,94.08306884765625,258.45965576171875,-1,-1,-1,-1
222,1,335.32672119140625,711.138916015625,92.85906982421875,248.63226318359375,-1,-1,-1,-1
223,1,351.05364990234375,708.14111328125,91.81829833984375,240.44854736328125,-1,-1,-1,-1
224,1,360.5578308105469,705.3197631835938,90.61395263671875,237.51593017578125,-1,-1,-1,-1
225,1,369.7607421875,707.3189697265625,90.26080322265625,236.3551025390625,-1,-1,-1,-1
226,1,378.11273193359375,713.9688110351562,89.3270263671875,232.14013671875,-1,-1,-1,-1
227,1,390.53436279296875,707.7974243164062,88.4989013671875,231.1451416015625,-1,-1,-1,-1
228,1,401.5366516113281,709.1298828125,85.90716552734375,226.04644775390625,-1,-1,-1,-1
229,1,416.05224609375,723.0487060546875,84.32562255859375,223.78271484375,-1,-1,-1,-1
230,1,432.8701477050781,728.07958984375,83.08895874023438,222.6005859375,-1,-1,-1,-1
231,1,447.81640625,723.8048095703125,80.9422607421875,216.79107666015625,-1,-1,-1,-1
232,1,456.0766296386719,730.4459838867188,80.15707397460938,217.189697265625,-1,-1,-1,-1
233,1,461.17596435546875,728.926513671875,79.1807861328125,214.20343017578125,-1,-1,-1,-1
234,1,461.8092956542969,720.993408203125,78.73648071289062,212.57110595703125,-1,-1,-1,-1
235,1,459.03448486328125,725.2006225585938,77.42108154296875,211.1243896484375,-1,-1,-1,-1
236,1,456.3622131347656,729.614013671875,77.34445190429688,209.5079345703125,-1,-1,-1,-1
237,1,449.7575378417969,730.7105102539062,79.16494750976562,210.0103759765625,-1,-1,-1,-1
238,1,445.80596923828125,735.3580322265625,79.17852783203125,207.53948974609375,-1,-1,-1,-1
239,1,446.9952697753906,736.2794189453125,78.84329223632812,206.8857421875,-1,-1,-1,-1
240,1,449.35650634765625,726.0349731445312,78.22747802734375,206.6802978515625,-1,-1,-1,-1
241,1,446.880859375,695.3171997070312,77.01739501953125,203.92242431640625,-1,-1,-1,-1
242,1,437.969482421875,668.0301513671875,77.31219482421875,203.410888671875,-1,-1,-1,-1
243,1,436.1048278808594,661.8328857421875,77.53164672851562,205.36322021484375,-1,-1,-1,-1
244,1,436.6427917480469,667.7269897460938,78.01876831054688,204.93896484375,-1,-1,-1,-1
245,1,449.50714111328125,675.7139282226562,78.21014404296875,202.748046875,-1,-1,-1,-1
246,1,455.994384765625,690.1708984375,75.9952392578125,198.0936279296875,-1,-1,-1,-1
247,1,470.8542175292969,696.6212768554688,74.04208374023438,202.022216796875,-1,-1,-1,-1
248,1,484.65411376953125,705.3824462890625,72.97698974609375,194.813720703125,-1,-1,-1,-1
249,1,491.1949768066406,717.5253295898438,74.99636840820312,196.64892578125,-1,-1,-1,-1
250,1,502.5681457519531,729.4083251953125,72.80496215820312,199.7103271484375,-1,-1,-1,-1
251,1,506.9631652832031,744.1720581054688,75.25601196289062,196.279541015625,-1,-1,-1,-1
252,1,514.917724609375,758.6815795898438,72.510498046875,198.61962890625,-1,-1,-1,-1
253,1,519.62255859375,771.8367309570312,73.84716796875,197.03314208984375,-1,-1,-1,-1
254,1,527.9869384765625,782.4185180664062,71.75714111328125,198.9180908203125,-1,-1,-1,-1
255,1,530.7281494140625,789.9285888671875,71.637451171875,199.74554443359375,-1,-1,-1,-1
256,1,534.8685913085938,786.9420776367188,73.07940673828125,198.75982666015625,-1,-1,-1,-1
257,1,539.0789184570312,779.273193359375,73.05120849609375,200.60943603515625,-1,-1,-1,-1
258,1,542.7821044921875,770.5560302734375,71.17315673828125,197.40631103515625,-1,-1,-1,-1
259,1,543.8695678710938,765.0635986328125,71.08856201171875,198.040771484375,-1,-1,-1,-1
260,1,541.1116333007812,760.5225219726562,72.8946533203125,198.93939208984375,-1,-1,-1,-1
261,1,536.514892578125,763.7295532226562,73.26678466796875,199.94110107421875,-1,-1,-1,-1
262,1,533.9219970703125,770.3160400390625,73.5748291015625,199.28582763671875,-1,-1,-1,-1
263,1,526.7403564453125,781.3346557617188,73.01739501953125,202.64544677734375,-1,-1,-1,-1
264,1,520.5723876953125,799.619873046875,75.107666015625,209.82122802734375,-1,-1,-1,-1
265,1,516.5880737304688,821.0823974609375,76.25140380859375,216.46533203125,-1,-1,-1,-1
266,1,510.7847900390625,813.8521118164062,76.21307373046875,212.02435302734375,-1,-1,-1,-1
267,1,505.8795471191406,803.3955078125,77.40054321289062,211.12994384765625,-1,-1,-1,-1
268,1,502.8774719238281,784.6229248046875,75.01895141601562,211.5137939453125,-1,-1,-1,-1
269,1,491.33734130859375,767.971435546875,77.7076416015625,215.6534423828125,-1,-1,-1,-1
270,1,479.2916259765625,756.88134765625,78.77239990234375,214.8707275390625,-1,-1,-1,-1
271,1,475.1204528808594,749.5823974609375,78.53164672851562,212.78076171875,-1,-1,-1,-1
272,1,465.41455078125,749.696044921875,79.26995849609375,217.3968505859375,-1,-1,-1,-1
273,1,457.1871032714844,758.58935546875,79.76974487304688,217.84930419921875,-1,-1,-1,-1
274,1,445.9375915527344,768.7652587890625,81.68283081054688,218.7418212890625,-1,-1,-1,-1
275,1,438.8460998535156,776.82666015625,82.07382202148438,227.10003662109375,-1,-1,-1,-1
276,1,423.39849853515625,786.7977294921875,84.27932739257812,226.81591796875,-1,-1,-1,-1
277,1,420.4721374511719,794.125244140625,83.67037963867188,224.22283935546875,-1,-1,-1,-1
278,1,424.1468200683594,782.5361328125,82.75189208984375,224.6949462890625,-1,-1,-1,-1
279,1,429.06781005859375,775.08837890625,81.40402221679688,223.93682861328125,-1,-1,-1,-1
280,1,435.3030700683594,782.6398315429688,81.80862426757812,220.98974609375,-1,-1,-1,-1
281,1,444.72406005859375,791.203857421875,81.16827392578125,219.127197265625,-1,-1,-1,-1
282,1,457.0819091796875,803.4939575195312,80.2080078125,222.60357666015625,-1,-1,-1,-1
283,1,468.2685852050781,813.5578002929688,77.86813354492188,218.32281494140625,-1,-1,-1,-1
284,1,474.310302734375,793.5762939453125,77.33514404296875,216.09466552734375,-1,-1,-1,-1
285,1,477.66070556640625,764.9877319335938,76.79461669921875,206.951904296875,-1,-1,-1,-1
286,1,490.12939453125,756.8975830078125,75.22088623046875,201.677001953125,-1,-1,-1,-1
287,1,504.36614990234375,754.1773681640625,73.378173828125,200.40740966796875,-1,-1,-1,-1
288,1,517.2098388671875,762.2914428710938,72.9576416015625,201.172119140625,-1,-1,-1,-1
289,1,531.4647216796875,771.8446655273438,72.64141845703125,202.24066162109375,-1,-1,-1,-1
290,1,545.0557250976562,760.8572998046875,70.53729248046875,199.65106201171875,-1,-1,-1,-1
291,1,559.054931640625,775.22802734375,70.77978515625,196.084716796875,-1,-1,-1,-1
292,1,569.167724609375,788.1156005859375,70.357177734375,199.497314453125,-1,-1,-1,-1
293,1,575.853271484375,793.722412109375,70.93072509765625,200.118896484375,-1,-1,-1,-1
294,1,586.151611328125,780.17431640625,67.570556640625,196.8245849609375,-1,-1,-1,-1
295,1,597.1507568359375,767.875,68.2667236328125,194.4010009765625,-1,-1,-1,-1
296,1,605.2760009765625,762.3511962890625,68.2613525390625,192.2901611328125,-1,-1,-1,-1
297,1,615.4743041992188,754.02099609375,66.31689453125,188.39556884765625,-1,-1,-1,-1
298,1,620.4605102539062,762.2035522460938,67.602783203125,192.19451904296875,-1,-1,-1,-1
299,1,624.3587646484375,769.4427490234375,66.9842529296875,191.5177001953125,-1,-1,-1,-1
300,1,632.38134765625,779.5603637695312,65.79718017578125,191.6375732421875,-1,-1,-1,-1
301,1,646.4927368164062,792.2615356445312,66.58551025390625,192.02362060546875,-1,-1,-1,-1
302,1,658.5238037109375,784.2379760742188,66.39202880859375,192.8411865234375,-1,-1,-1,-1
303,1,660.64111328125,764.2803344726562,66.95062255859375,191.6080322265625,-1,-1,-1,-1
304,1,660.9815673828125,747.4129028320312,67.3343505859375,190.34869384765625,-1,-1,-1,-1
305,1,660.5589599609375,743.561279296875,67.62078857421875,188.91558837890625,-1,-1,-1,-1
306,1,659.1412353515625,739.3192138671875,66.57940673828125,187.94390869140625,-1,-1,-1,-1
307,1,652.1430053710938,737.9800415039062,68.5723876953125,189.85906982421875,-1,-1,-1,-1
308,1,645.4882202148438,749.9218139648438,67.65533447265625,190.72918701171875,-1,-1,-1,-1
309,1,635.6026611328125,747.8145751953125,68.03302001953125,192.34906005859375,-1,-1,-1,-1
310,1,624.291748046875,744.973388671875,70.6053466796875,194.3804931640625,-1,-1,-1,-1
311,1,615.361083984375,755.456298828125,68.59344482421875,195.8310546875,-1,-1,-1,-1
312,1,604.3915405273438,757.4239501953125,71.16558837890625,197.15423583984375,-1,-1,-1,-1
313,1,589.6657104492188,756.2529296875,72.8018798828125,198.705078125,-1,-1,-1,-1
314,1,567.740234375,755.0223388671875,72.8914794921875,198.86053466796875,-1,-1,-1,-1
315,1,547.2808837890625,740.7491455078125,74.6461181640625,199.422119140625,-1,-1,-1,-1
316,1,537.1093139648438,730.7129516601562,75.2119140625,196.4720458984375,-1,-1,-1,-1
317,1,525.375,726.36181640625,75.0953369140625,199.66888427734375,-1,-1,-1,-1
318,1,511.8050231933594,720.4808349609375,74.92111206054688,206.65093994140625,-1,-1,-1,-1
319,1,499.2902526855469,726.2921752929688,74.77023315429688,206.31561279296875,-1,-1,-1,-1
320,1,477.9808654785156,723.1222534179688,78.68063354492188,205.51312255859375,-1,-1,-1,-1
321,1,448.72808837890625,730.2385864257812,81.82867431640625,216.1593017578125,-1,-1,-1,-1
322,1,414.14532470703125,706.678466796875,83.59710693359375,212.13787841796875,-1,-1,-1,-1
323,1,392.4173583984375,679.5280151367188,86.04733276367188,216.2962646484375,-1,-1,-1,-1
324,1,384.5667724609375,659.4607543945312,85.03436279296875,218.364501953125,-1,-1,-1,-1
325,1,350.4583740234375,645.3240966796875,91.70745849609375,224.74688720703125,-1,-1,-1,-1
326,1,312.4066162109375,630.899658203125,92.71258544921875,235.4132080078125,-1,-1,-1,-1
327,1,275.29705810546875,609.962890625,91.32080078125,233.3236083984375,-1,-1,-1,-1
328,1,217.09579467773438,641.5615844726562,98.85440063476562,248.77947998046875,-1,-1,-1,-1
329,1,116.74462890625,641.2523193359375,107.83210754394531,259.92181396484375,-1,-1,-1,-1
330,1,25.8538761138916,569.4909057617188,122.6125259399414,271.55377197265625,-1,-1,-1,-1
331,1,40.9266357421875,598.6192626953125,144.39508056640625,256.66162109375,-1,-1,-1,-1
1,2,711.0357055664062,815.9873046875,175.3690185546875,497.125244140625,-1,-1,-1,-1
2,2,732.1117553710938,807.8859252929688,183.769775390625,498.48077392578125,-1,-1,-1,-1
3,2,732.0175170898438,783.7451171875,185.709716796875,511.60888671875,-1,-1,-1,-1
4,2,726.1490478515625,749.2177734375,180.49774169921875,518.5877685546875,-1,-1,-1,-1
5,2,725.6031494140625,721.2880249023438,178.65936279296875,517.8479614257812,-1,-1,-1,-1
6,2,730.4185180664062,709.6744384765625,176.63397216796875,522.959228515625,-1,-1,-1,-1
7,2,732.3603515625,698.9181518554688,171.61968994140625,507.12860107421875,-1,-1,-1,-1
8,2,740.70068359375,697.3385009765625,169.97174072265625,497.8406982421875,-1,-1,-1,-1
9,2,738.2001342773438,704.6394653320312,175.29034423828125,488.35626220703125,-1,-1,-1,-1
10,2,723.9393310546875,713.600830078125,177.475341796875,476.8243408203125,-1,-1,-1,-1
11,2,716.16015625,720.0869140625,183.0657958984375,470.9107666015625,-1,-1,-1,-1
12,2,709.388671875,722.6805419921875,186.6070556640625,480.8065185546875,-1,-1,-1,-1
13,2,694.1891479492188,708.2910766601562,190.22833251953125,497.27239990234375,-1,-1,-1,-1
14,2,677.9954223632812,687.2891845703125,190.69537353515625,514.335205078125,-1,-1,-1,-1
15,2,665.5088500976562,671.2630004882812,193.80096435546875,525.8125610351562,-1,-1,-1,-1
16,2,660.1084594726562,669.696533203125,184.86663818359375,524.4256591796875,-1,-1,-1,-1
17,2,656.4046020507812,677.14501953125,166.964599609375,516.0865478515625,-1,-1,-1,-1
18,2,662.1446533203125,697.9110717773438,156.1802978515625,519.3124389648438,-1,-1,-1,-1
19,2,674.1721801757812,724.9715576171875,157.746826171875,518.6741943359375,-1,-1,-1,-1
20,2,685.8209838867188,732.545654296875,158.58575439453125,510.090576171875,-1,-1,-1,-1
21,2,686.9174194335938,739.37548828125,156.64501953125,512.4483642578125,-1,-1,-1,-1
22,2,685.5912475585938,735.3045654296875,155.9578857421875,521.5511474609375,-1,-1,-1,-1
23,2,688.8323364257812,727.8555297851562,152.18017578125,526.8734741210938,-1,-1,-1,-1
24,2,690.56884765625,711.8216552734375,148.17120361328125,526.652099609375,-1,-1,-1,-1
25,2,689.1217041015625,698.039306640625,143.2037353515625,505.2169189453125,-1,-1,-1,-1
26,2,691.2858276367188,688.7013549804688,142.8299560546875,478.26055908203125,-1,-1,-1,-1
27,2,689.4920654296875,690.4959716796875,145.3585205078125,466.895751953125,-1,-1,-1,-1
28,2,683.1262817382812,690.1181030273438,150.2017822265625,467.72479248046875,-1,-1,-1,-1
29,2,674.5095825195312,683.6382446289062,152.06817626953125,476.02105712890625,-1,-1,-1,-1
30,2,670.868408203125,677.0089721679688,149.610107421875,494.90533447265625,-1,-1,-1,-1
31,2,665.6969604492188,677.0294189453125,153.56549072265625,525.34033203125,-1,-1,-1,-1
32,2,659.59765625,671.2643432617188,156.71136474609375,560.2822875976562,-1,-1,-1,-1
33,2,650.96728515625,666.3563842773438,169.1138916015625,585.5972290039062,-1,-1,-1,-1
34,2,651.5722045898438,661.0610961914062,181.7493896484375,596.3381958007812,-1,-1,-1,-1
35,2,648.2132568359375,666.6522216796875,196.40576171875,592.3292236328125,-1,-1,-1,-1
36,2,646.7354125976562,676.4530029296875,204.03173828125,585.4046630859375,-1,-1,-1,-1
37,2,648.05908203125,675.7396240234375,205.07568359375,581.1798095703125,-1,-1,-1,-1
38,2,654.9486083984375,663.2589721679688,195.1376953125,587.0281372070312,-1,-1,-1,-1
39,2,662.4898681640625,644.922607421875,182.87188720703125,604.646728515625,-1,-1,-1,-1
40,2,662.978271484375,633.972412109375,177.8492431640625,626.2196044921875,-1,-1,-1,-1
41,2,669.2049560546875,643.1216430664062,167.3485107421875,643.8333129882812,-1,-1,-1,-1
42,2,672.1410522460938,665.3414306640625,170.03033447265625,643.9571533203125,-1,-1,-1,-1
43,2,675.4029541015625,684.83154296875,173.75531005859375,628.56787109375,-1,-1,-1,-1
44,2,678.4981689453125,695.9166259765625,183.326904296875,613.1214599609375,-1,-1,-1,-1
45,2,684.0345458984375,702.4813842773438,189.1104736328125,593.9292602539062,-1,-1,-1,-1
46,2,679.44970703125,696.6820678710938,191.387451171875,586.1339721679688,-1,-1,-1,-1
47,2,675.2987060546875,679.2966918945312,187.7196044921875,597.3396606445312,-1,-1,-1,-1
48,2,676.2958984375,655.7098388671875,186.09423828125,612.0810546875,-1,-1,-1,-1
49,2,674.699951171875,633.3985595703125,185.4307861328125,625.233154296875,-1,-1,-1,-1
50,2,667.3760375976562,620.7987060546875,188.1588134765625,619.531494140625,-1,-1,-1,-1
51,2,655.4254150390625,617.3187255859375,193.32666015625,602.3651123046875,-1,-1,-1,-1
52,2,656.398193359375,626.6495361328125,191.80615234375,585.6162109375,-1,-1,-1,-1
53,2,665.2442016601562,656.1248168945312,188.777099609375,569.4625854492188,-1,-1,-1,-1
54,2,672.1961059570312,679.2626342773438,187.25579833984375,557.0418090820312,-1,-1,-1,-1
55,2,685.6547241210938,680.7794189453125,174.13372802734375,555.677490234375,-1,-1,-1,-1
56,2,692.7099609375,669.604248046875,167.91943359375,565.245849609375,-1,-1,-1,-1
57,2,696.3154296875,656.4683227539062,163.07562255859375,574.0934448242188,-1,-1,-1,-1
58,2,696.4420166015625,652.1441040039062,158.45458984375,579.1954956054688,-1,-1,-1,-1
59,2,694.9107666015625,653.3972778320312,152.02252197265625,570.1012573242188,-1,-1,-1,-1
60,2,693.8944091796875,659.45166015625,154.9176025390625,557.2462158203125,-1,-1,-1,-1
61,2,694.983642578125,667.3673706054688,161.12896728515625,544.0519409179688,-1,-1,-1,-1
62,2,695.0904541015625,676.7568359375,165.01220703125,536.0361328125,-1,-1,-1,-1
63,2,697.9556884765625,679.4109497070312,166.47991943359375,537.4003295898438,-1,-1,-1,-1
64,2,695.6212158203125,680.1314697265625,164.8612060546875,552.42626953125,-1,-1,-1,-1
65,2,692.3764038085938,681.1854248046875,166.3931884765625,569.373779296875,-1,-1,-1,-1
66,2,686.070068359375,686.0592651367188,170.36798095703125,577.5245971679688,-1,-1,-1,-1
67,2,687.7809448242188,697.3611450195312,162.71990966796875,574.4035034179688,-1,-1,-1,-1
68,2,688.5277709960938,709.9617309570312,165.91107177734375,561.3508911132812,-1,-1,-1,-1
69,2,685.5142822265625,711.9352416992188,170.9747314453125,543.2963256835938,-1,-1,-1,-1
70,2,684.1204833984375,714.8052978515625,170.8218994140625,528.089111328125,-1,-1,-1,-1
71,2,682.4514770507812,709.0426635742188,169.811279296875,523.0534057617188,-1,-1,-1,-1
72,2,678.36572265625,694.2094116210938,166.81878662109375,532.7905883789062,-1,-1,-1,-1
73,2,677.0919799804688,674.2257080078125,166.96240234375,545.00927734375,-1,-1,-1,-1
74,2,678.7940063476562,661.5745849609375,167.9317626953125,557.72705078125,-1,-1,-1,-1
75,2,678.6101684570312,659.33642578125,168.08538818359375,563.4384765625,-1,-1,-1,-1
76,2,673.6409301757812,663.1746826171875,174.62530517578125,561.9942626953125,-1,-1,-1,-1
77,2,676.7630004882812,669.5254516601562,177.45135498046875,555.6718139648438,-1,-1,-1,-1
78,2,678.6787109375,681.0065307617188,182.52703857421875,548.9996948242188,-1,-1,-1,-1
79,2,679.8132934570312,683.9938354492188,185.20709228515625,551.4099731445312,-1,-1,-1,-1
80,2,682.2108764648438,669.3543090820312,180.62109375,561.8281860351562,-1,-1,-1,-1
81,2,680.1270751953125,655.1461791992188,175.24365234375,579.4863891601562,-1,-1,-1,-1
82,2,680.93017578125,640.2722778320312,172.94720458984375,593.9188842773438,-1,-1,-1,-1
83,2,683.5734252929688,635.1475219726562,172.97882080078125,598.8572387695312,-1,-1,-1,-1
84,2,686.49658203125,639.7103881835938,177.97100830078125,592.8639526367188,-1,-1,-1,-1
85,2,685.6117553710938,652.2733764648438,182.73956298828125,584.4044799804688,-1,-1,-1,-1
86,2,687.3629150390625,663.8206176757812,185.745849609375,572.6636352539062,-1,-1,-1,-1
87,2,691.8818969726562,674.0172119140625,185.80126953125,569.1612548828125,-1,-1,-1,-1
88,2,700.23095703125,666.875244140625,181.07635498046875,575.2012939453125,-1,-1,-1,-1
89,2,709.66162109375,649.478759765625,173.635986328125,588.22021484375,-1,-1,-1,-1
90,2,709.6294555664062,634.5531005859375,174.79632568359375,600.2694091796875,-1,-1,-1,-1
91,2,710.6285400390625,628.58251953125,175.4588623046875,608.69287109375,-1,-1,-1,-1
92,2,711.040283203125,626.5725708007812,179.8760986328125,606.4314575195312,-1,-1,-1,-1
93,2,716.115234375,633.71826171875,185.60748291015625,602.09326171875,-1,-1,-1,-1
94,2,723.3287963867188,645.9231567382812,192.71142578125,599.7509155273438,-1,-1,-1,-1
95,2,729.703857421875,653.8328857421875,199.2327880859375,598.6934814453125,-1,-1,-1,-1
96,2,735.7271728515625,647.0222778320312,199.16937255859375,606.0342407226562,-1,-1,-1,-1
97,2,740.3033447265625,635.1768798828125,194.4891357421875,629.746826171875,-1,-1,-1,-1
98,2,756.1216430664062,628.4295043945312,194.68212890625,663.5604858398438,-1,-1,-1,-1
99,2,756.3593139648438,608.9779052734375,197.5784912109375,684.5885009765625,-1,-1,-1,-1
100,2,712.4031982421875,596.32275390625,197.4158935546875,659.6473388671875,-1,-1,-1,-1
101,2,695.7536010742188,595.8309936523438,204.511474609375,605.2620239257812,-1,-1,-1,-1
102,2,699.5223999023438,586.3045654296875,196.8546142578125,563.416259765625,-1,-1,-1,-1
103,2,706.2118530273438,596.9428100585938,191.75469970703125,551.8529663085938,-1,-1,-1,-1
104,2,703.3619384765625,590.701171875,190.39208984375,557.3778076171875,-1,-1,-1,-1
105,2,698.6008911132812,563.1712036132812,183.4100341796875,577.3163452148438,-1,-1,-1,-1
106,2,704.8004150390625,539.03125,173.3695068359375,597.873779296875,-1,-1,-1,-1
107,2,692.5243530273438,531.568359375,181.83978271484375,604.770263671875,-1,-1,-1,-1
108,2,695.8021240234375,540.7308349609375,171.9532470703125,586.3360595703125,-1,-1,-1,-1
109,2,690.607666015625,563.813720703125,173.118896484375,566.5631103515625,-1,-1,-1,-1
110,2,691.0889282226562,580.3841552734375,178.61865234375,551.3687744140625,-1,-1,-1,-1
111,2,695.3915405273438,587.6880493164062,183.0706787109375,534.6469116210938,-1,-1,-1,-1
112,2,700.7618408203125,591.372314453125,180.79229736328125,524.72900390625,-1,-1,-1,-1
113,2,704.109130859375,591.1006469726562,181.58477783203125,528.1426391601562,-1,-1,-1,-1
114,2,706.831787109375,577.291259765625,172.00457763671875,543.477294921875,-1,-1,-1,-1
115,2,694.3613891601562,564.9739990234375,176.3892822265625,563.4696044921875,-1,-1,-1,-1
116,2,681.0738525390625,568.7930908203125,180.5345458984375,578.7581787109375,-1,-1,-1,-1
117,2,685.357177734375,580.6609497070312,177.04229736328125,581.7440795898438,-1,-1,-1,-1
118,2,683.2792358398438,605.5617065429688,177.05303955078125,576.4685668945312,-1,-1,-1,-1
119,2,688.265869140625,631.653564453125,185.4178466796875,580.171875,-1,-1,-1,-1
120,2,688.7738647460938,637.0864868164062,186.20526123046875,585.4678344726562,-1,-1,-1,-1
121,2,689.3195190429688,639.198974609375,189.93206787109375,593.6241455078125,-1,-1,-1,-1
122,2,685.5031127929688,635.3599853515625,193.2171630859375,615.4044189453125,-1,-1,-1,-1
123,2,679.1635131835938,630.578369140625,199.125244140625,644.4295654296875,-1,-1,-1,-1
124,2,674.0564575195312,628.15625,210.13226318359375,660.5721435546875,-1,-1,-1,-1
125,2,683.2950439453125,630.447021484375,208.9708251953125,653.16650390625,-1,-1,-1,-1
126,2,673.094970703125,635.5885009765625,230.72235107421875,640.1702880859375,-1,-1,-1,-1
127,2,678.0020141601562,648.2047119140625,228.2056884765625,625.5875244140625,-1,-1,-1,-1
128,2,676.1196899414062,663.5404663085938,227.30029296875,616.6886596679688,-1,-1,-1,-1
129,2,667.6795043945312,668.998046875,225.80157470703125,615.47265625,-1,-1,-1,-1
130,2,657.1874389648438,664.988037109375,230.20623779296875,611.276123046875,-1,-1,-1,-1
131,2,646.2027587890625,635.507080078125,232.48480224609375,608.42529296875,-1,-1,-1,-1
132,2,633.3680419921875,609.0132446289062,236.32122802734375,611.2830200195312,-1,-1,-1,-1
133,2,642.0545654296875,580.2474365234375,257.84320068359375,620.967041015625,-1,-1,-1,-1
134,2,652.65771484375,569.7887573242188,241.45159912109375,623.7857055664062,-1,-1,-1,-1
135,2,641.6117553710938,570.2127685546875,250.29583740234375,630.3751220703125,-1,-1,-1,-1
136,2,621.3890380859375,574.2349853515625,268.1993408203125,633.47802734375,-1,-1,-1,-1
137,2,628.623779296875,576.550048828125,253.45098876953125,635.880615234375,-1,-1,-1,-1
138,2,636.8228149414062,588.95556640625,233.75994873046875,641.946044921875,-1,-1,-1,-1
139,2,637.0138549804688,623.2520751953125,225.82794189453125,640.4080810546875,-1,-1,-1,-1
140,2,638.2633056640625,658.7830810546875,233.1641845703125,628.3282470703125,-1,-1,-1,-1
141,2,650.4905395507812,674.1165771484375,228.9403076171875,623.0765380859375,-1,-1,-1,-1
142,2,659.0955810546875,680.89794921875,221.67401123046875,615.546142578125,-1,-1,-1,-1
143,2,658.599365234375,676.2644653320312,217.7271728515625,621.9716186523438,-1,-1,-1,-1
144,2,659.95703125,669.0913696289062,217.27813720703125,643.9103393554688,-1,-1,-1,-1
145,2,660.152587890625,667.4769287109375,216.82720947265625,669.503173828125,-1,-1,-1,-1
146,2,651.0127563476562,661.3370971679688,223.0743408203125,672.7503051757812,-1,-1,-1,-1
147,2,648.6494750976562,661.4929809570312,226.61297607421875,650.9721069335938,-1,-1,-1,-1
148,2,647.4761352539062,654.101318359375,226.39202880859375,635.2808837890625,-1,-1,-1,-1
149,2,641.9488525390625,651.9747924804688,228.857421875,621.5874633789062,-1,-1,-1,-1
150,2,634.4256591796875,648.5781860351562,228.19561767578125,624.6405639648438,-1,-1,-1,-1
151,2,630.0718383789062,626.792236328125,225.76336669921875,644.1646728515625,-1,-1,-1,-1
152,2,633.080810546875,590.5511474609375,227.23297119140625,675.5748291015625,-1,-1,-1,-1
153,2,655.1015625,576.2141723632812,230.14166259765625,568.2262573242188,-1,-1,-1,-1
154,2,643.150634765625,568.76025390625,252.66265869140625,740.297119140625,-1,-1,-1,-1
155,2,559.0546875,562.213623046875,291.02960205078125,779.8828125,-1,-1,-1,-1
156,2,581.9672241210938,568.581298828125,354.31170654296875,820.2886962890625,-1,-1,-1,-1
157,2,529.525390625,570.02880859375,446.98992919921875,838.8558349609375,-1,-1,-1,-1
158,2,540.1124877929688,505.85687255859375,418.3143310546875,904.8897094726562,-1,-1,-1,-1
159,2,562.6090087890625,495.745849609375,378.44140625,914.1546630859375,-1,-1,-1,-1
160,2,531.900390625,443.70751953125,376.61822509765625,966.7589111328125,-1,-1,-1,-1
161,2,468.2099304199219,397.36614990234375,443.2066955566406,803.7876586914062,-1,-1,-1,-1
162,2,417.80291748046875,310.795654296875,490.2816162109375,866.855224609375,-1,-1,-1,-1
163,2,259.47552490234375,289.1702880859375,656.8052978515625,1025.7591552734375,-1,-1,-1,-1
164,2,282.0761413574219,282.4587097167969,639.9031982421875,1126.765869140625,-1,-1,-1,-1
165,2,280.1378479003906,268.2909240722656,705.29150390625,1141.4959716796875,-1,-1,-1,-1
166,2,291.2432556152344,277.366455078125,601.8055419921875,1131.78125,-1,-1,-1,-1
167,2,275.7260437011719,256.0216369628906,621.919189453125,1154.3983154296875,-1,-1,-1,-1
168,2,216.31068420410156,228.57168579101562,693.0333251953125,1185.51171875,-1,-1,-1,-1
169,2,252.89950561523438,209.95518493652344,705.205078125,1201.998046875,-1,-1,-1,-1
170,2,305.6984558105469,189.3214111328125,699.2371826171875,1221.9854736328125,-1,-1,-1,-1
171,2,299.65478515625,198.98599243164062,745.76611328125,1211.83349609375,-1,-1,-1,-1
172,2,292.00299072265625,228.6295928955078,776.1755981445312,1182.4764404296875,-1,-1,-1,-1
173,2,343.58221435546875,294.96575927734375,755.1497192382812,1116.19970703125,-1,-1,-1,-1
174,2,424.6484680175781,384.5983581542969,698.6253662109375,1025.8018798828125,-1,-1,-1,-1
175,2,478.63470458984375,471.9541015625,498.07745361328125,938.3546142578125,-1,-1,-1,-1
176,2,591.8492431640625,543.8687744140625,427.97174072265625,865.1937255859375,-1,-1,-1,-1
177,2,640.2545166015625,596.7055053710938,587.8619384765625,812.9811401367188,-1,-1,-1,-1
178,2,673.4615478515625,623.8440551757812,554.1121826171875,785.4862670898438,-1,-1,-1,-1
179,2,705.2379150390625,636.841552734375,513.37353515625,772.3199462890625,-1,-1,-1,-1
180,2,733.019287109375,649.0765991210938,505.8272705078125,759.0530395507812,-1,-1,-1,-1
181,2,753.0682373046875,654.1962890625,481.560302734375,754.5643310546875,-1,-1,-1,-1
182,2,764.0302734375,610.6928100585938,472.7230224609375,796.8280639648438,-1,-1,-1,-1
183,2,774.2319946289062,535.0406494140625,447.29071044921875,820.37060546875,-1,-1,-1,-1
184,2,783.1026611328125,493.35650634765625,431.9237060546875,799.6915893554688,-1,-1,-1,-1
185,2,792.4262084960938,501.7608337402344,430.68499755859375,788.256103515625,-1,-1,-1,-1
186,2,823.0804443359375,540.242431640625,436.287353515625,770.744140625,-1,-1,-1,-1
187,2,868.805419921875,557.4480590820312,436.24609375,776.5394897460938,-1,-1,-1,-1
188,2,908.28955078125,546.9320068359375,440.835205078125,776.982666015625,-1,-1,-1,-1
189,2,945.478271484375,535.7269287109375,431.973876953125,796.5384521484375,-1,-1,-1,-1
190,2,982.8064575195312,516.44287109375,415.73870849609375,824.827392578125,-1,-1,-1,-1
191,2,985.8517456054688,489.8727111816406,415.57843017578125,848.7977294921875,-1,-1,-1,-1
192,2,965.38623046875,462.3986511230469,409.9727783203125,851.8388671875,-1,-1,-1,-1
193,2,946.0330200195312,448.8508605957031,383.18084716796875,836.2662353515625,-1,-1,-1,-1
194,2,907.119140625,460.45294189453125,348.478515625,813.0099487304688,-1,-1,-1,-1
195,2,870.1915283203125,474.28448486328125,306.9600830078125,785.8258666992188,-1,-1,-1,-1
196,2,833.260009765625,482.14324951171875,272.1851806640625,757.7568969726562,-1,-1,-1,-1
197,2,791.48095703125,494.7989196777344,251.18603515625,732.92578125,-1,-1,-1,-1
198,2,759.1128540039062,513.3484497070312,237.27508544921875,707.2816772460938,-1,-1,-1,-1
199,2,735.2540283203125,525.0822143554688,228.8359375,685.4203491210938,-1,-1,-1,-1
200,2,712.7571411132812,526.9806518554688,222.4234619140625,660.5786743164062,-1,-1,-1,-1
201,2,700.9371337890625,534.2197875976562,214.67498779296875,637.3485717773438,-1,-1,-1,-1
202,2,700.642333984375,541.540771484375,214.475830078125,630.5369873046875,-1,-1,-1,-1
203,2,690.608642578125,547.5410766601562,224.61224365234375,650.4096069335938,-1,-1,-1,-1
204,2,674.9719848632812,560.0462646484375,247.61761474609375,651.620849609375,-1,-1,-1,-1
205,2,656.8363037109375,569.5971069335938,258.97161865234375,643.3302612304688,-1,-1,-1,-1
206,2,638.3836059570312,587.6331176757812,263.681884765625,639.3746948242188,-1,-1,-1,-1
207,2,625.642578125,611.1746826171875,262.6849365234375,632.453125,-1,-1,-1,-1
208,2,618.215576171875,643.9386596679688,259.16729736328125,630.8529663085938,-1,-1,-1,-1
209,2,612.1328735351562,671.6621704101562,253.57318115234375,626.8107299804688,-1,-1,-1,-1
210,2,611.429931640625,694.3887939453125,238.4019775390625,620.7593994140625,-1,-1,-1,-1
211,2,606.3685913085938,710.617919921875,228.5396728515625,612.2784423828125,-1,-1,-1,-1
212,2,604.4800415039062,726.01806640625,219.310791015625,603.0447998046875,-1,-1,-1,-1
213,2,598.0319213867188,718.957763671875,204.79888916015625,583.99462890625,-1,-1,-1,-1
214,2,594.4131469726562,702.4650268554688,190.61798095703125,576.0394897460938,-1,-1,-1,-1
215,2,588.92431640625,685.7997436523438,188.42486572265625,580.5272827148438,-1,-1,-1,-1
216,2,588.7731323242188,678.5615234375,192.525634765625,589.5745849609375,-1,-1,-1,-1
217,2,600.3287963867188,677.0787353515625,211.002197265625,599.9852294921875,-1,-1,-1,-1
218,2,606.8633422851562,675.7549438476562,195.3414306640625,596.2523803710938,-1,-1,-1,-1
219,2,608.9320068359375,676.0861206054688,191.17474365234375,590.7507934570312,-1,-1,-1,-1
220,2,614.5631713867188,666.7960205078125,186.20196533203125,581.982666015625,-1,-1,-1,-1
221,2,615.3324584960938,667.468994140625,183.26068115234375,569.41845703125,-1,-1,-1,-1
222,2,620.50390625,681.2974243164062,175.016845703125,563.2025756835938,-1,-1,-1,-1
223,2,623.0693969726562,686.430419921875,173.971923828125,553.41064453125,-1,-1,-1,-1
224,2,622.939697265625,687.850341796875,169.88946533203125,543.4710693359375,-1,-1,-1,-1
225,2,621.0391235351562,693.1553955078125,169.86328125,536.1917724609375,-1,-1,-1,-1
226,2,615.5082397460938,702.6970825195312,173.73089599609375,528.6359252929688,-1,-1,-1,-1
227,2,614.5780639648438,699.8836669921875,174.79986572265625,519.6976318359375,-1,-1,-1,-1
228,2,609.9494018554688,700.00048828125,178.71221923828125,511.9591064453125,-1,-1,-1,-1
229,2,621.763671875,711.8470458984375,171.5201416015625,507.0147705078125,-1,-1,-1,-1
230,2,632.8788452148438,714.7586059570312,168.96649169921875,499.92071533203125,-1,-1,-1,-1
231,2,643.7779541015625,708.1736450195312,160.345458984375,492.27667236328125,-1,-1,-1,-1
232,2,648.8717041015625,712.2701416015625,162.4326171875,491.6453857421875,-1,-1,-1,-1
233,2,652.23876953125,709.1127319335938,153.91485595703125,485.18951416015625,-1,-1,-1,-1
234,2,648.6004638671875,699.7666015625,148.75823974609375,476.885009765625,-1,-1,-1,-1
235,2,640.5641479492188,703.5265502929688,150.09539794921875,473.88238525390625,-1,-1,-1,-1
236,2,637.432861328125,705.3882446289062,147.10009765625,467.88787841796875,-1,-1,-1,-1
237,2,627.4918823242188,705.4127197265625,145.900390625,459.9991455078125,-1,-1,-1,-1
238,2,624.6656494140625,709.9120483398438,139.87078857421875,455.95916748046875,-1,-1,-1,-1
239,2,623.2974243164062,707.9028930664062,134.83538818359375,450.95184326171875,-1,-1,-1,-1
240,2,628.0906372070312,693.3458251953125,128.1614990234375,442.3936767578125,-1,-1,-1,-1
241,2,623.54833984375,659.8907470703125,129.27392578125,430.29296875,-1,-1,-1,-1
242,2,614.0188598632812,628.4444580078125,128.13330078125,423.8580322265625,-1,-1,-1,-1
243,2,613.5515747070312,617.1304321289062,126.71551513671875,423.91168212890625,-1,-1,-1,-1
244,2,611.711181640625,617.1444702148438,127.75091552734375,425.41815185546875,-1,-1,-1,-1
245,2,622.1832885742188,627.063232421875,126.43768310546875,430.18017578125,-1,-1,-1,-1
246,2,623.1753540039062,643.0545654296875,126.17095947265625,434.3916015625,-1,-1,-1,-1
247,2,635.7695922851562,653.7221069335938,121.63177490234375,435.99456787109375,-1,-1,-1,-1
248,2,645.37158203125,664.263427734375,121.580078125,437.000732421875,-1,-1,-1,-1
249,2,645.4323120117188,676.1331787109375,126.60333251953125,438.064697265625,-1,-1,-1,-1
250,2,652.6475219726562,687.365234375,127.30633544921875,440.8037109375,-1,-1,-1,-1
251,2,656.4242553710938,702.1580200195312,128.31890869140625,442.57720947265625,-1,-1,-1,-1
252,2,665.1010131835938,716.0693359375,123.06414794921875,445.030517578125,-1,-1,-1,-1
253,2,657.3087768554688,730.074951171875,137.400146484375,447.5625,-1,-1,-1,-1
254,2,660.5758666992188,741.8311767578125,138.57147216796875,449.0325927734375,-1,-1,-1,-1
255,2,665.820068359375,751.1231079101562,138.3792724609375,450.50335693359375,-1,-1,-1,-1
256,2,672.9317626953125,750.8239135742188,136.0677490234375,449.32916259765625,-1,-1,-1,-1
257,2,676.1141357421875,748.0349731445312,138.16943359375,449.82708740234375,-1,-1,-1,-1
258,2,680.5203247070312,742.6068725585938,139.08746337890625,449.56219482421875,-1,-1,-1,-1
259,2,684.2113647460938,738.6351318359375,142.02880859375,450.4952392578125,-1,-1,-1,-1
260,2,685.0084838867188,733.5101318359375,146.08624267578125,455.1962890625,-1,-1,-1,-1
261,2,685.560546875,733.2430419921875,145.282958984375,462.754638671875,-1,-1,-1,-1
262,2,690.3731079101562,733.7875366210938,143.60638427734375,478.28985595703125,-1,-1,-1,-1
263,2,690.9291381835938,738.037841796875,145.45355224609375,493.5556640625,-1,-1,-1,-1
264,2,698.3399658203125,747.351318359375,141.79815673828125,506.1361083984375,-1,-1,-1,-1
265,2,705.3660888671875,765.5760498046875,148.4674072265625,518.021484375,-1,-1,-1,-1
266,2,707.9671630859375,766.0035400390625,151.52105712890625,528.3153076171875,-1,-1,-1,-1
267,2,713.5245971679688,761.3429565429688,156.2559814453125,536.4386596679688,-1,-1,-1,-1
268,2,716.0116577148438,748.8365478515625,152.9522705078125,542.243408203125,-1,-1,-1,-1
269,2,712.2946166992188,735.5693969726562,152.19293212890625,546.9231567382812,-1,-1,-1,-1
270,2,708.673095703125,724.8449096679688,152.90289306640625,554.6896362304688,-1,-1,-1,-1
271,2,714.6531982421875,715.9364624023438,155.36322021484375,570.0796508789062,-1,-1,-1,-1
272,2,716.094482421875,710.8681640625,163.1976318359375,594.3544921875,-1,-1,-1,-1
273,2,718.511474609375,713.291259765625,167.4658203125,597.490234375,-1,-1,-1,-1
274,2,717.7102661132812,715.4487915039062,170.5537109375,601.1102905273438,-1,-1,-1,-1
275,2,714.278564453125,715.46533203125,175.85125732421875,607.469482421875,-1,-1,-1,-1
276,2,695.9041137695312,714.4909057617188,184.67474365234375,614.4933471679688,-1,-1,-1,-1
277,2,682.7925415039062,714.8772583007812,189.55694580078125,625.5108032226562,-1,-1,-1,-1
278,2,675.4453735351562,707.9349365234375,181.99566650390625,631.1549072265625,-1,-1,-1,-1
279,2,667.5496826171875,704.88818359375,173.21771240234375,630.098388671875,-1,-1,-1,-1
280,2,663.8668823242188,720.1702880859375,169.256103515625,622.470458984375,-1,-1,-1,-1
281,2,659.8978881835938,745.384521484375,170.81195068359375,613.65380859375,-1,-1,-1,-1
282,2,662.7576293945312,779.7705078125,179.2080078125,599.07177734375,-1,-1,-1,-1
283,2,665.3153076171875,807.6777954101562,184.21795654296875,579.6742553710938,-1,-1,-1,-1
284,2,659.815185546875,795.0618286132812,181.0843505859375,573.2294311523438,-1,-1,-1,-1
285,2,657.6795654296875,759.19384765625,161.99822998046875,570.08984375,-1,-1,-1,-1
286,2,662.4046020507812,732.5711059570312,152.283935546875,571.0850219726562,-1,-1,-1,-1
287,2,670.02001953125,712.8709716796875,149.79620361328125,576.6468505859375,-1,-1,-1,-1
288,2,674.5682373046875,710.3031005859375,148.40411376953125,558.8834228515625,-1,-1,-1,-1
289,2,681.4404296875,715.5859985351562,146.09649658203125,530.4348754882812,-1,-1,-1,-1
290,2,685.3226318359375,710.5772094726562,147.61492919921875,503.59954833984375,-1,-1,-1,-1
291,2,687.7119750976562,732.4642333984375,156.45916748046875,498.934326171875,-1,-1,-1,-1
292,2,685.6521606445312,756.4605102539062,162.00506591796875,498.37493896484375,-1,-1,-1,-1
293,2,682.9310302734375,770.5557861328125,162.20916748046875,500.014404296875,-1,-1,-1,-1
294,2,683.9436645507812,760.266357421875,155.7628173828125,509.446533203125,-1,-1,-1,-1
295,2,687.4186401367188,746.9423828125,156.16015625,531.218017578125,-1,-1,-1,-1
296,2,690.9435424804688,739.12548828125,155.094970703125,559.843505859375,-1,-1,-1,-1
297,2,689.539794921875,726.4286499023438,160.4857177734375,567.4147338867188,-1,-1,-1,-1
298,2,683.7340698242188,734.1986694335938,166.1767578125,582.6775512695312,-1,-1,-1,-1
299,2,675.7071533203125,742.6276245117188,169.6004638671875,602.7467651367188,-1,-1,-1,-1
300,2,677.3067016601562,755.9629516601562,172.9501953125,608.8557739257812,-1,-1,-1,-1
301,2,687.7571411132812,774.5440673828125,175.9786376953125,613.0006103515625,-1,-1,-1,-1
302,2,694.4961547851562,767.9304809570312,178.87603759765625,618.2443237304688,-1,-1,-1,-1
303,2,702.8377685546875,745.8456420898438,174.85931396484375,620.2710571289062,-1,-1,-1,-1
304,2,703.9617919921875,726.803955078125,174.63287353515625,624.527587890625,-1,-1,-1,-1
305,2,703.6070556640625,723.0383911132812,176.7987060546875,627.7438354492188,-1,-1,-1,-1
306,2,698.1944580078125,721.9534301757812,180.65960693359375,629.5335083007812,-1,-1,-1,-1
307,2,690.8543090820312,724.32177734375,189.19927978515625,631.646484375,-1,-1,-1,-1
308,2,685.1188354492188,742.9093627929688,195.07049560546875,627.2814331054688,-1,-1,-1,-1
309,2,675.692138671875,743.4029541015625,203.2772216796875,624.302490234375,-1,-1,-1,-1
310,2,684.2794799804688,733.5324096679688,193.18548583984375,631.2511596679688,-1,-1,-1,-1
311,2,697.2479248046875,731.0350341796875,179.99688720703125,649.2567138671875,-1,-1,-1,-1
312,2,700.5704956054688,724.1837158203125,177.80084228515625,665.5377197265625,-1,-1,-1,-1
313,2,698.1050415039062,717.3442993164062,177.60137939453125,676.2462768554688,-1,-1,-1,-1
314,2,683.783447265625,716.6631469726562,178.5284423828125,677.8179321289062,-1,-1,-1,-1
315,2,675.3197021484375,708.5541381835938,180.0682373046875,655.8224487304688,-1,-1,-1,-1
316,2,677.06591796875,704.6634521484375,183.3359375,628.6663818359375,-1,-1,-1,-1
317,2,677.687744140625,707.3314208984375,192.50634765625,617.4085693359375,-1,-1,-1,-1
318,2,679.9393310546875,700.6038818359375,196.6026611328125,583.2265625,-1,-1,-1,-1
319,2,682.68603515625,692.0748901367188,200.8583984375,641.3666381835938,-1,-1,-1,-1
320,2,681.4707641601562,667.5673828125,200.7174072265625,569.01220703125,-1,-1,-1,-1
321,2,675.0166015625,656.6260375976562,215.5655517578125,645.5894165039062,-1,-1,-1,-1
322,2,662.510009765625,637.7999877929688,219.22613525390625,556.9503784179688,-1,-1,-1,-1
323,2,658.4843139648438,627.6315307617188,232.27630615234375,718.0805053710938,-1,-1,-1,-1
324,2,667.6981811523438,629.9639892578125,239.55108642578125,699.6690673828125,-1,-1,-1,-1
325,2,652.8626098632812,630.8193359375,287.84979248046875,685.9210205078125,-1,-1,-1,-1
326,2,629.4451904296875,627.608154296875,387.330810546875,709.2542724609375,-1,-1,-1,-1
327,2,593.3719482421875,624.8387451171875,408.27227783203125,749.8135986328125,-1,-1,-1,-1
328,2,570.6526489257812,643.3436279296875,444.9638671875,706.5509033203125,-1,-1,-1,-1
329,2,517.3585205078125,680.9677124023438,534.0946044921875,706.3746948242188,-1,-1,-1,-1
330,2,463.38470458984375,604.4489135742188,522.3319702148438,759.4537963867188,-1,-1,-1,-1
331,2,398.8250427246094,599.6160278320312,577.7030029296875,743.4331665039062,-1,-1,-1,-1
332,2,351.3731994628906,603.1577758789062,564.68310546875,721.2116088867188,-1,-1,-1,-1
333,2,340.866455078125,571.8905639648438,611.9254150390625,696.3944702148438,-1,-1,-1,-1
334,2,332.9132385253906,517.5614013671875,653.825439453125,710.9041748046875,-1,-1,-1,-1
335,2,339.896728515625,413.2681884765625,711.3427734375,741.3255615234375,-1,-1,-1,-1
336,2,318.6622314453125,249.6039276123047,984.433837890625,877.5997924804688,-1,-1,-1,-1
337,2,369.5687255859375,399.3687438964844,845.9996337890625,585.7413330078125,-1,-1,-1,-1
338,2,292.48284912109375,198.45651245117188,1070.565185546875,984.4671630859375,-1,-1,-1,-1
339,2,325.3744812011719,238.87344360351562,1061.328857421875,990.1119384765625,-1,-1,-1,-1
340,2,487.3445129394531,456.1931457519531,896.8931884765625,677.704345703125,-1,-1,-1,-1
341,2,552.51123046875,644.62255859375,746.1644287109375,494.771484375,-1,-1,-1,-1
342,2,738.1242065429688,880.12353515625,554.9515991210938,457.5989990234375,-1,-1,-1,-1
346,2,942.5048828125,1127.6834716796875,159.877685546875,216.41552734375,-1,-1,-1,-1
347,2,939.2027587890625,1168.1173095703125,157.89404296875,194.924560546875,-1,-1,-1,-1
348,2,934.3046875,1229.1173095703125,161.9808349609375,173.13525390625,-1,-1,-1,-1
349,2,971.085693359375,1294.06103515625,108.5091552734375,104.54345703125,-1,-1,-1,-1
162,3,309.00445556640625,679.54443359375,871.8753051757812,730.1597900390625,-1,-1,-1,-1
163,3,288.20648193359375,646.9526977539062,873.1272583007812,762.5597534179688,-1,-1,-1,-1
164,3,282.57061767578125,576.2990112304688,886.3803100585938,833.2511596679688,-1,-1,-1,-1
165,3,276.217041015625,522.9735717773438,887.5389404296875,887.8016967773438,-1,-1,-1,-1
166,3,231.65097045898438,506.5256652832031,744.3658447265625,903.6278076171875,-1,-1,-1,-1
167,3,233.0780029296875,440.1244812011719,658.509033203125,969.30078125,-1,-1,-1,-1
330,4,32.559654235839844,572.4364624023438,111.31433868408203,265.57781982421875,-1,-1,-1,-1
331,4,36.2038688659668,593.8909301757812,137.68673706054688,260.98834228515625,-1,-1,-1,-1
330,5,1263.0350341796875,797.4568481445312,139.7979736328125,291.67864990234375,-1,-1,-1,-1
331,5,1240.8045654296875,792.6434936523438,166.6680908203125,296.38922119140625,-1,-1,-1,-1
333,5,1011.2411499023438,742.8504638671875,394.04022216796875,413.4825439453125,-1,-1,-1,-1
334,5,981.2857055664062,778.5888671875,426.77313232421875,395.1849365234375,-1,-1,-1,-1
335,5,797.8999633789062,701.76806640625,607.4594116210938,472.123291015625,-1,-1,-1,-1
336,5,490.1250305175781,537.435302734375,836.087646484375,641.0118408203125,-1,-1,-1,-1
337,5,376.2204895019531,394.9100646972656,929.4437255859375,836.9158935546875,-1,-1,-1,-1
338,5,300.6792907714844,187.37750244140625,1066.1602783203125,1181.758544921875,-1,-1,-1,-1
339,5,321.804931640625,241.27496337890625,1065.562255859375,1091.30615234375,-1,-1,-1,-1
342,6,96.20714569091797,219.80746459960938,460.4337158203125,412.7509460449219,-1,-1,-1,-1
343,6,97.47986602783203,191.91741943359375,553.134033203125,420.46124267578125,-1,-1,-1,-1
344,6,83.53950500488281,169.75982666015625,588.0956420898438,402.60888671875,-1,-1,-1,-1
345,6,131.67312622070312,45.73149871826172,559.7584228515625,497.760009765625,-1,-1,-1,-1
346,6,180.45684814453125,3.5819854736328125,507.9739990234375,531.5764770507812,-1,-1,-1,-1
347,6,249.43385314941406,8.861581802368164,407.5926513671875,556.7483520507812,-1,-1,-1,-1
348,6,295.6607666015625,-0.08628273010253906,343.7891845703125,623.667236328125,-1,-1,-1,-1
349,6,356.9047546386719,15.133928298950195,293.5058288574219,688.114013671875,-1,-1,-1,-1
350,6,424.2926330566406,168.95274353027344,257.0777893066406,641.77734375,-1,-1,-1,-1
351,6,469.50665283203125,311.0010986328125,242.2821044921875,599.6637573242188,-1,-1,-1,-1
352,6,498.47723388671875,421.6773986816406,249.83587646484375,574.2410888671875,-1,-1,-1,-1
353,6,541.4415283203125,534.9974365234375,230.48095703125,547.60791015625,-1,-1,-1,-1
354,6,587.7440185546875,635.7091674804688,195.13641357421875,529.4334106445312,-1,-1,-1,-1
355,6,623.8565673828125,708.289306640625,180.452392578125,513.020263671875,-1,-1,-1,-1
356,6,659.557373046875,757.9315185546875,184.1094970703125,503.12060546875,-1,-1,-1,-1
357,6,690.986083984375,801.1260986328125,194.94842529296875,500.1668701171875,-1,-1,-1,-1
358,6,725.5136108398438,835.7386474609375,203.3831787109375,502.4619140625,-1,-1,-1,-1
359,6,738.0369262695312,865.4037475585938,213.13873291015625,510.14727783203125,-1,-1,-1,-1
360,6,752.5144653320312,886.9833984375,211.28570556640625,516.59375,-1,-1,-1,-1
361,6,753.20458984375,901.1290283203125,214.423583984375,507.013427734375,-1,-1,-1,-1
362,6,742.9903564453125,906.8284912109375,209.9088134765625,502.85791015625,-1,-1,-1,-1
363,6,733.6353759765625,901.4423828125,214.916259765625,505.8505859375,-1,-1,-1,-1
364,6,727.1884155273438,880.194580078125,233.6802978515625,528.659423828125,-1,-1,-1,-1
365,6,723.9100952148438,865.2091674804688,221.0030517578125,543.9255981445312,-1,-1,-1,-1
366,6,714.3272705078125,857.7581787109375,211.7578125,552.428955078125,-1,-1,-1,-1
367,6,688.275146484375,846.3294067382812,213.31719970703125,560.2188110351562,-1,-1,-1,-1
368,6,692.9126586914062,829.3705444335938,179.97509765625,569.8303833007812,-1,-1,-1,-1
369,6,688.1009521484375,813.950927734375,166.42095947265625,564.88525390625,-1,-1,-1,-1
370,6,688.441650390625,801.8186645507812,171.32696533203125,559.0925903320312,-1,-1,-1,-1
371,6,678.2919921875,795.7732543945312,188.4910888671875,551.3165893554688,-1,-1,-1,-1
372,6,668.5678100585938,795.9609985351562,196.54742431640625,546.7772827148438,-1,-1,-1,-1
373,6,653.078369140625,795.9592895507812,200.58544921875,542.4418334960938,-1,-1,-1,-1
374,6,637.2940063476562,784.021240234375,196.9339599609375,536.932861328125,-1,-1,-1,-1
375,6,635.6162109375,789.2669067382812,191.71478271484375,539.2451782226562,-1,-1,-1,-1
376,6,642.2152099609375,797.417724609375,182.71026611328125,543.728271484375,-1,-1,-1,-1
377,6,650.8246459960938,807.0977172851562,172.2381591796875,540.6290893554688,-1,-1,-1,-1
378,6,656.8369750976562,808.0979614257812,159.97833251953125,536.7809448242188,-1,-1,-1,-1
379,6,660.1043090820312,796.7304077148438,153.9947509765625,528.9522094726562,-1,-1,-1,-1
380,6,665.9937133789062,789.0186767578125,151.17425537109375,519.8887939453125,-1,-1,-1,-1
381,6,669.632080078125,781.803955078125,147.2176513671875,507.908447265625,-1,-1,-1,-1
382,6,674.908447265625,767.1433715820312,145.5576171875,489.53656005859375,-1,-1,-1,-1
383,6,685.7029418945312,744.8904418945312,138.81201171875,468.79058837890625,-1,-1,-1,-1
384,6,698.0652465820312,722.08544921875,131.751708984375,462.9405517578125,-1,-1,-1,-1
385,6,704.8577880859375,712.2899169921875,140.0296630859375,460.1080322265625,-1,-1,-1,-1
386,6,709.3797607421875,726.772705078125,148.2479248046875,455.0418701171875,-1,-1,-1,-1
387,6,718.0798950195312,738.7924194335938,149.62969970703125,441.74420166015625,-1,-1,-1,-1
388,6,720.1474609375,748.2699584960938,158.933349609375,427.82415771484375,-1,-1,-1,-1
389,6,719.7150268554688,756.4554443359375,163.1514892578125,422.7882080078125,-1,-1,-1,-1
390,6,719.9283447265625,755.4359130859375,166.08648681640625,421.888427734375,-1,-1,-1,-1
391,6,716.6890869140625,751.1341552734375,168.98480224609375,424.8565673828125,-1,-1,-1,-1
392,6,717.8308715820312,742.7283325195312,171.2860107421875,433.50323486328125,-1,-1,-1,-1
393,6,720.2028198242188,743.4522705078125,172.465576171875,450.5570068359375,-1,-1,-1,-1
394,6,720.725830078125,740.722412109375,172.039794921875,474.367431640625,-1,-1,-1,-1
395,6,724.3019409179688,746.5369873046875,174.912841796875,492.3243408203125,-1,-1,-1,-1
396,6,742.0087890625,751.3934326171875,175.35943603515625,491.7974853515625,-1,-1,-1,-1
397,6,768.6983032226562,752.1273803710938,179.55126953125,498.65130615234375,-1,-1,-1,-1
398,6,778.1570434570312,743.4955444335938,178.06549072265625,489.24212646484375,-1,-1,-1,-1
399,6,774.4010620117188,744.8311767578125,174.48956298828125,483.12548828125,-1,-1,-1,-1
400,6,771.2025756835938,735.4547119140625,173.57708740234375,485.0340576171875,-1,-1,-1,-1
401,6,761.37939453125,721.5584716796875,174.205810546875,498.601318359375,-1,-1,-1,-1
402,6,749.2640380859375,717.3056030273438,175.40643310546875,514.6154174804688,-1,-1,-1,-1
403,6,738.8265380859375,720.7493286132812,175.24468994140625,528.6909790039062,-1,-1,-1,-1
404,6,731.5626831054688,716.9426879882812,173.37481689453125,529.9321899414062,-1,-1,-1,-1
405,6,724.1555786132812,711.8281860351562,169.6536865234375,520.3444213867188,-1,-1,-1,-1
406,6,715.1429443359375,734.9263305664062,162.08148193359375,512.9717407226562,-1,-1,-1,-1
407,6,709.5776977539062,762.9764404296875,165.8782958984375,498.4317626953125,-1,-1,-1,-1
408,6,704.25732421875,779.081787109375,168.46966552734375,486.937255859375,-1,-1,-1,-1
409,6,698.493896484375,766.2803955078125,166.929931640625,486.398193359375,-1,-1,-1,-1
410,6,691.2339477539062,750.0611572265625,171.38519287109375,497.7994384765625,-1,-1,-1,-1
411,6,685.2184448242188,732.743408203125,170.1112060546875,511.6474609375,-1,-1,-1,-1
412,6,675.4456176757812,711.8302612304688,171.3858642578125,511.17547607421875,-1,-1,-1,-1
413,6,669.7803344726562,703.8455810546875,153.88360595703125,495.5177001953125,-1,-1,-1,-1
414,6,667.7854614257812,703.476318359375,139.55828857421875,474.8482666015625,-1,-1,-1,-1
415,6,665.7102661132812,718.4036254882812,141.50897216796875,462.52874755859375,-1,-1,-1,-1
416,6,664.0592041015625,739.0467529296875,147.09808349609375,459.6943359375,-1,-1,-1,-1
417,6,667.7825927734375,748.8911743164062,154.4234619140625,465.00592041015625,-1,-1,-1,-1
418,6,674.739013671875,748.4600219726562,150.35650634765625,473.65679931640625,-1,-1,-1,-1
419,6,684.9126586914062,743.8986206054688,146.09381103515625,498.25555419921875,-1,-1,-1,-1
420,6,688.8807373046875,734.135009765625,144.49383544921875,529.036376953125,-1,-1,-1,-1
421,6,687.2908325195312,723.2711181640625,163.66845703125,545.0623779296875,-1,-1,-1,-1
422,6,683.9088745117188,715.5154418945312,180.50250244140625,553.2174682617188,-1,-1,-1,-1
423,6,677.7720336914062,716.1221923828125,170.6033935546875,569.9085693359375,-1,-1,-1,-1
424,6,672.9136352539062,715.4157104492188,169.54913330078125,596.3307495117188,-1,-1,-1,-1
425,6,669.617431640625,718.6145629882812,169.6802978515625,615.4597778320312,-1,-1,-1,-1
426,6,667.1378784179688,721.5145874023438,175.93267822265625,628.9763793945312,-1,-1,-1,-1
427,6,664.4682006835938,713.6768188476562,182.2314453125,636.2077026367188,-1,-1,-1,-1
428,6,669.806640625,710.6242065429688,192.07855224609375,633.5012817382812,-1,-1,-1,-1
429,6,662.243896484375,713.736083984375,222.6640625,622.7762451171875,-1,-1,-1,-1
430,6,654.4756469726562,715.3668823242188,287.93658447265625,632.3229370117188,-1,-1,-1,-1
431,6,643.813232421875,704.777587890625,371.69879150390625,667.484130859375,-1,-1,-1,-1
432,6,646.584716796875,705.1478881835938,389.4453125,694.5136108398438,-1,-1,-1,-1
433,6,630.2128295898438,712.3760375976562,379.04376220703125,693.1932983398438,-1,-1,-1,-1
434,6,590.1270141601562,730.6185913085938,382.14501953125,674.3709106445312,-1,-1,-1,-1
435,6,634.3731689453125,731.529541015625,314.1585693359375,669.4683837890625,-1,-1,-1,-1
436,6,701.6451416015625,720.7833251953125,265.1346435546875,684.2930908203125,-1,-1,-1,-1
437,6,753.7467041015625,613.8720703125,277.908935546875,736.4892578125,-1,-1,-1,-1
438,6,714.6898193359375,448.77850341796875,275.9508056640625,767.2265014648438,-1,-1,-1,-1
439,6,649.5401611328125,265.7399597167969,278.62713623046875,879.130615234375,-1,-1,-1,-1
440,6,640.8812866210938,203.962646484375,269.5955810546875,905.8009033203125,-1,-1,-1,-1
441,6,666.821044921875,242.8027801513672,258.98382568359375,861.3356323242188,-1,-1,-1,-1
442,6,674.7916259765625,330.1420593261719,263.176513671875,795.680419921875,-1,-1,-1,-1
443,6,672.4081420898438,449.52880859375,265.08441162109375,712.908447265625,-1,-1,-1,-1
444,6,669.45751953125,563.5703125,264.12066650390625,655.4764404296875,-1,-1,-1,-1
445,6,667.0794677734375,646.4868774414062,261.7889404296875,664.8948364257812,-1,-1,-1,-1
446,6,676.9727172851562,685.9779052734375,249.85198974609375,664.7694091796875,-1,-1,-1,-1
447,6,679.567138671875,709.4371948242188,231.6590576171875,450.57611083984375,-1,-1,-1,-1
448,6,672.2899780273438,705.5159912109375,219.15081787109375,667.5045166015625,-1,-1,-1,-1
449,6,680.399658203125,700.4038696289062,201.91815185546875,645.3657836914062,-1,-1,-1,-1
450,6,688.5313720703125,692.58251953125,195.0997314453125,622.1024169921875,-1,-1,-1,-1
451,6,692.734375,683.8585205078125,192.621826171875,612.1539306640625,-1,-1,-1,-1
452,6,702.8711547851562,676.8924560546875,178.42034912109375,600.8035888671875,-1,-1,-1,-1
453,6,703.6492309570312,676.9910278320312,178.91925048828125,586.0447387695312,-1,-1,-1,-1
454,6,706.3907470703125,681.5730590820312,175.874267578125,576.7852172851562,-1,-1,-1,-1
455,6,693.8334350585938,690.5700073242188,177.04510498046875,570.6100463867188,-1,-1,-1,-1
456,6,681.8275146484375,713.9531860351562,177.3428955078125,573.4240112304688,-1,-1,-1,-1
457,6,683.97802734375,739.3656616210938,179.03179931640625,572.2378540039062,-1,-1,-1,-1
458,6,693.1110229492188,746.3616333007812,179.42919921875,566.5245971679688,-1,-1,-1,-1
459,6,698.5980834960938,774.3310546875,190.77398681640625,568.590576171875,-1,-1,-1,-1
460,6,697.588623046875,794.95458984375,193.78790283203125,572.05029296875,-1,-1,-1,-1
461,6,692.003173828125,798.49560546875,196.6834716796875,572.0108642578125,-1,-1,-1,-1
462,6,687.7997436523438,798.3507080078125,198.67535400390625,571.6451416015625,-1,-1,-1,-1
463,6,683.9547119140625,790.3201904296875,197.36431884765625,573.3016357421875,-1,-1,-1,-1
464,6,678.0782470703125,770.8013305664062,195.66217041015625,573.0230102539062,-1,-1,-1,-1
465,6,675.247314453125,748.9248657226562,195.661865234375,565.1768188476562,-1,-1,-1,-1
466,6,670.9300537109375,727.9501953125,179.25518798828125,563.7403564453125,-1,-1,-1,-1
467,6,669.5211791992188,722.1279907226562,166.87225341796875,554.4821166992188,-1,-1,-1,-1
468,6,669.5557250976562,726.9284057617188,160.71685791015625,537.2487182617188,-1,-1,-1,-1
469,6,670.7042846679688,746.6265869140625,162.8856201171875,513.9744873046875,-1,-1,-1,-1
470,6,681.037841796875,758.117431640625,172.1583251953125,498.8658447265625,-1,-1,-1,-1
471,6,694.4766845703125,764.6292114257812,170.2213134765625,486.92816162109375,-1,-1,-1,-1
472,6,693.43896484375,750.5631713867188,163.48516845703125,478.46087646484375,-1,-1,-1,-1
473,6,691.746337890625,731.699462890625,157.75567626953125,488.3782958984375,-1,-1,-1,-1
474,6,695.749267578125,717.833251953125,157.165771484375,510.6856689453125,-1,-1,-1,-1
475,6,695.4049072265625,702.0848999023438,158.76092529296875,535.6920776367188,-1,-1,-1,-1
476,6,693.5819091796875,694.5919189453125,164.9759521484375,547.1517333984375,-1,-1,-1,-1
477,6,693.5725708007812,693.2863159179688,169.7476806640625,550.0947875976562,-1,-1,-1,-1
478,6,694.8598022460938,704.2513427734375,179.36212158203125,565.5235595703125,-1,-1,-1,-1
479,6,720.0987548828125,722.987060546875,183.73046875,591.8968505859375,-1,-1,-1,-1
480,6,723.3933715820312,738.2759399414062,186.53424072265625,597.4260864257812,-1,-1,-1,-1
481,6,712.9764404296875,731.07177734375,184.98577880859375,599.9078369140625,-1,-1,-1,-1
482,6,716.5128784179688,713.5346069335938,177.42730712890625,597.4553833007812,-1,-1,-1,-1
483,6,713.2592163085938,690.99560546875,172.211669921875,598.8917236328125,-1,-1,-1,-1
484,6,705.1978759765625,672.784423828125,169.06304931640625,600.7667236328125,-1,-1,-1,-1
485,6,701.5363159179688,662.510009765625,169.37054443359375,600.99609375,-1,-1,-1,-1
486,6,699.675537109375,663.2025146484375,168.61767578125,603.9417724609375,-1,-1,-1,-1
487,6,698.3571166992188,686.8880615234375,169.63458251953125,614.508056640625,-1,-1,-1,-1
488,6,701.2998046875,717.1383056640625,170.02532958984375,610.53076171875,-1,-1,-1,-1
489,6,700.578125,728.4134521484375,171.01385498046875,600.1728515625,-1,-1,-1,-1
490,6,700.57861328125,719.7835693359375,170.3536376953125,594.0009765625,-1,-1,-1,-1
491,6,701.706787109375,710.9209594726562,169.97271728515625,604.9442749023438,-1,-1,-1,-1
492,6,698.3949584960938,692.041259765625,169.06121826171875,615.6806640625,-1,-1,-1,-1
493,6,694.6663818359375,676.74267578125,171.51751708984375,619.592041015625,-1,-1,-1,-1
494,6,692.89697265625,666.9130859375,172.7459716796875,602.00537109375,-1,-1,-1,-1
495,6,688.3368530273438,666.6869506835938,177.28717041015625,578.3057250976562,-1,-1,-1,-1
496,6,685.6967163085938,687.9093017578125,182.49749755859375,573.158203125,-1,-1,-1,-1
497,6,675.1226806640625,701.2861328125,187.56732177734375,573.285400390625,-1,-1,-1,-1
498,6,677.4019775390625,722.7021484375,192.476318359375,579.219970703125,-1,-1,-1,-1
499,6,680.8290405273438,724.8560791015625,192.78466796875,597.796875,-1,-1,-1,-1
500,6,688.7675170898438,712.6328125,196.81927490234375,632.044921875,-1,-1,-1,-1
501,6,694.8656005859375,693.3811645507812,204.30645751953125,669.3837280273438,-1,-1,-1,-1
502,6,690.656982421875,679.12939453125,205.141845703125,695.016845703125,-1,-1,-1,-1
503,6,683.55859375,668.4813232421875,208.584228515625,697.4541015625,-1,-1,-1,-1
504,6,671.6365356445312,666.6884765625,212.99169921875,688.52734375,-1,-1,-1,-1
505,6,659.9132690429688,678.7801513671875,226.81402587890625,684.6973876953125,-1,-1,-1,-1
506,6,653.56787109375,689.2479248046875,231.01654052734375,687.025146484375,-1,-1,-1,-1
507,6,656.2105102539062,687.465087890625,229.9796142578125,690.909423828125,-1,-1,-1,-1
508,6,667.6036987304688,672.22509765625,230.0665283203125,698.7772216796875,-1,-1,-1,-1
509,6,681.6915283203125,651.0736083984375,224.342529296875,704.077392578125,-1,-1,-1,-1
510,6,685.361083984375,637.2622680664062,218.89251708984375,710.6643676757812,-1,-1,-1,-1
511,6,683.4818115234375,623.294921875,217.63934326171875,703.497314453125,-1,-1,-1,-1
512,6,678.3336791992188,625.4934692382812,215.953369140625,683.6554565429688,-1,-1,-1,-1
513,6,675.8213500976562,634.413330078125,210.95318603515625,671.9114990234375,-1,-1,-1,-1
514,6,680.07861328125,651.7545166015625,204.93072509765625,662.3638916015625,-1,-1,-1,-1
515,6,678.267578125,659.6124877929688,197.056396484375,659.2935180664062,-1,-1,-1,-1
516,6,675.3763427734375,654.435546875,188.5362548828125,664.3968505859375,-1,-1,-1,-1
517,6,671.7144775390625,642.9390258789062,185.349365234375,676.2380981445312,-1,-1,-1,-1
518,6,673.6903686523438,620.3160400390625,183.0704345703125,683.6683349609375,-1,-1,-1,-1
519,6,674.3937377929688,607.0106201171875,187.04766845703125,682.4114990234375,-1,-1,-1,-1
520,6,674.6697998046875,598.2077026367188,191.8018798828125,674.2327270507812,-1,-1,-1,-1
521,6,681.9946899414062,598.2337036132812,188.41253662109375,659.8999633789062,-1,-1,-1,-1
522,6,682.7902221679688,610.5349731445312,195.89544677734375,654.6292114257812,-1,-1,-1,-1
523,6,686.965576171875,635.740966796875,204.31048583984375,648.02685546875,-1,-1,-1,-1
524,6,688.041015625,653.52783203125,200.96014404296875,635.00634765625,-1,-1,-1,-1
525,6,691.595703125,664.5078125,191.10406494140625,625.860595703125,-1,-1,-1,-1
526,6,694.5421142578125,674.2732543945312,182.59130859375,630.0878295898438,-1,-1,-1,-1
527,6,692.0362548828125,666.191162109375,175.384521484375,637.3173828125,-1,-1,-1,-1
528,6,695.013427734375,654.377197265625,169.92547607421875,638.6800537109375,-1,-1,-1,-1
529,6,696.6058349609375,640.0950927734375,167.38824462890625,630.32080078125,-1,-1,-1,-1
530,6,695.0170288085938,641.20068359375,170.38946533203125,634.7646484375,-1,-1,-1,-1
531,6,687.5179443359375,655.1253051757812,179.2835693359375,624.8152465820312,-1,-1,-1,-1
532,6,682.2001953125,685.8200073242188,181.72943115234375,604.4788208007812,-1,-1,-1,-1
533,6,682.5928955078125,697.223388671875,181.61663818359375,578.6470947265625,-1,-1,-1,-1
534,6,683.6294555664062,711.7916870117188,183.2359619140625,574.1837768554688,-1,-1,-1,-1
535,6,681.5513305664062,719.6787719726562,186.735595703125,578.1488647460938,-1,-1,-1,-1
536,6,676.260009765625,712.2035522460938,187.26300048828125,587.3015747070312,-1,-1,-1,-1
537,6,674.4802856445312,705.71875,188.17724609375,609.321533203125,-1,-1,-1,-1
538,6,677.0791015625,695.7428588867188,191.68017578125,625.5026245117188,-1,-1,-1,-1
539,6,677.8006591796875,688.8887939453125,195.29876708984375,643.9739990234375,-1,-1,-1,-1
540,6,684.6741943359375,684.4302368164062,200.89630126953125,653.3209838867188,-1,-1,-1,-1
541,6,687.53955078125,698.1845092773438,200.1776123046875,662.3399047851562,-1,-1,-1,-1
542,6,688.4781494140625,717.3346557617188,204.85504150390625,656.2634887695312,-1,-1,-1,-1
543,6,687.7246704101562,732.4815673828125,213.40936279296875,654.7379150390625,-1,-1,-1,-1
544,6,677.8294677734375,722.01904296875,214.02197265625,657.011962890625,-1,-1,-1,-1
545,6,655.8495483398438,698.6995849609375,221.1231689453125,670.38330078125,-1,-1,-1,-1
546,6,674.5814208984375,702.4729614257812,222.2847900390625,689.6671752929688,-1,-1,-1,-1
547,6,656.8180541992188,671.7680053710938,231.924072265625,711.3801879882812,-1,-1,-1,-1
548,6,666.6812744140625,634.5078125,229.3685302734375,718.2769775390625,-1,-1,-1,-1
549,6,672.6863403320312,602.2486572265625,236.0482177734375,685.7994384765625,-1,-1,-1,-1
550,6,669.6063232421875,600.1530151367188,247.33489990234375,643.2151489257812,-1,-1,-1,-1
551,6,672.2012939453125,580.995361328125,245.9971923828125,612.65576171875,-1,-1,-1,-1
552,6,660.4201049804688,584.6843872070312,237.73394775390625,626.3196411132812,-1,-1,-1,-1
553,6,654.2465209960938,605.925048828125,217.48193359375,633.618896484375,-1,-1,-1,-1
554,6,653.153564453125,634.1127319335938,196.8165283203125,644.8302612304688,-1,-1,-1,-1
555,6,656.2473754882812,624.8068237304688,191.1446533203125,668.5755004882812,-1,-1,-1,-1
556,6,653.1227416992188,618.8807373046875,193.23785400390625,703.5772705078125,-1,-1,-1,-1
557,6,658.3582153320312,609.7400512695312,200.947998046875,734.9175415039062,-1,-1,-1,-1
558,6,661.8626708984375,583.2275390625,218.81494140625,742.077880859375,-1,-1,-1,-1
559,6,660.243896484375,583.9476318359375,241.77099609375,590.229248046875,-1,-1,-1,-1
560,6,673.0052490234375,597.7652587890625,266.23583984375,549.6890869140625,-1,-1,-1,-1
561,6,675.3190307617188,638.5302124023438,295.41632080078125,555.8106079101562,-1,-1,-1,-1
562,6,689.9615478515625,673.5381469726562,314.79144287109375,548.3607788085938,-1,-1,-1,-1
563,6,727.2850952148438,668.7343139648438,325.18255615234375,739.8032836914062,-1,-1,-1,-1
564,6,702.1995239257812,658.71923828125,329.00274658203125,614.607666015625,-1,-1,-1,-1
565,6,698.6571655273438,686.0983276367188,342.79083251953125,721.5892944335938,-1,-1,-1,-1
566,6,758.4290161132812,599.727294921875,439.88079833984375,806.58203125,-1,-1,-1,-1
567,6,744.1624145507812,510.06756591796875,345.19439697265625,654.5382690429688,-1,-1,-1,-1
568,6,782.6884155273438,527.5291748046875,280.59747314453125,653.386474609375,-1,-1,-1,-1
569,6,802.052490234375,599.3056640625,263.5128173828125,740.689697265625,-1,-1,-1,-1
570,6,808.7939453125,669.5707397460938,260.6533203125,736.6514282226562,-1,-1,-1,-1
571,6,809.18310546875,695.2261962890625,250.6702880859375,703.987060546875,-1,-1,-1,-1
572,6,797.7467041015625,721.3263549804688,237.1156005859375,670.8280639648438,-1,-1,-1,-1
573,6,794.41357421875,747.8819580078125,225.6453857421875,645.3314208984375,-1,-1,-1,-1
574,6,789.3268432617188,750.4544067382812,213.17181396484375,623.1119995117188,-1,-1,-1,-1
575,6,784.570556640625,741.59375,203.193359375,599.773681640625,-1,-1,-1,-1
576,6,774.650146484375,732.8224487304688,191.4324951171875,582.6185913085938,-1,-1,-1,-1
577,6,762.8990478515625,724.391845703125,183.85986328125,572.499267578125,-1,-1,-1,-1
578,6,750.1436767578125,723.9483032226562,180.3917236328125,565.0014038085938,-1,-1,-1,-1
579,6,750.251953125,716.0012817382812,172.3592529296875,559.3062133789062,-1,-1,-1,-1
580,6,739.4392700195312,720.986083984375,172.4219970703125,561.025146484375,-1,-1,-1,-1
581,6,725.6992797851562,714.0963134765625,183.7205810546875,554.656494140625,-1,-1,-1,-1
582,6,717.9749755859375,696.3130493164062,188.79541015625,541.0751342773438,-1,-1,-1,-1
583,6,706.6388549804688,699.696533203125,183.48992919921875,532.0628662109375,-1,-1,-1,-1
584,6,715.6666259765625,700.44482421875,173.5054931640625,524.9547119140625,-1,-1,-1,-1
585,6,723.593017578125,691.5682373046875,163.949462890625,512.9801025390625,-1,-1,-1,-1
586,6,725.2183227539062,696.4506225585938,163.28558349609375,510.77838134765625,-1,-1,-1,-1
587,6,718.666015625,706.1724853515625,165.3314208984375,505.9078369140625,-1,-1,-1,-1
588,6,713.1338500976562,704.1018676757812,162.68804931640625,498.79803466796875,-1,-1,-1,-1
589,6,702.3615112304688,707.4141235351562,163.263427734375,496.15899658203125,-1,-1,-1,-1
590,6,691.2937622070312,688.22412109375,158.5828857421875,487.8734130859375,-1,-1,-1,-1
591,6,690.5359497070312,668.707275390625,152.25506591796875,486.575439453125,-1,-1,-1,-1
592,6,685.0687866210938,660.2533569335938,154.59295654296875,482.53729248046875,-1,-1,-1,-1
593,6,676.71875,653.3929443359375,167.678955078125,481.5185546875,-1,-1,-1,-1
594,6,676.1109008789062,645.2680053710938,177.00372314453125,491.63751220703125,-1,-1,-1,-1
595,6,675.759033203125,653.7552490234375,185.769287109375,509.0787353515625,-1,-1,-1,-1
596,6,681.4429931640625,662.13916015625,190.29266357421875,514.0357666015625,-1,-1,-1,-1
597,6,692.0599975585938,669.1438598632812,191.58660888671875,507.79803466796875,-1,-1,-1,-1
598,6,702.3458862304688,698.7283935546875,183.99908447265625,500.5870361328125,-1,-1,-1,-1
599,6,703.5703125,737.91357421875,186.73626708984375,492.4339599609375,-1,-1,-1,-1
600,6,705.70654296875,744.4068603515625,189.98077392578125,481.1029052734375,-1,-1,-1,-1
601,6,715.3032836914062,726.9639892578125,187.77105712890625,479.5361328125,-1,-1,-1,-1
350,7,6.48298978805542,408.8306884765625,122.3336181640625,299.4437255859375,-1,-1,-1,-1
351,7,52.49155807495117,499.710205078125,135.2222900390625,292.595458984375,-1,-1,-1,-1
352,7,111.0824966430664,594.971923828125,125.69953155517578,282.33123779296875,-1,-1,-1,-1
353,7,166.23130798339844,704.568359375,117.62425231933594,270.46429443359375,-1,-1,-1,-1
354,7,220.62384033203125,792.4422607421875,120.53033447265625,268.1707763671875,-1,-1,-1,-1
355,7,271.3850402832031,848.9105834960938,115.10433959960938,267.01837158203125,-1,-1,-1,-1
356,7,319.18780517578125,884.4912719726562,112.461669921875,256.27496337890625,-1,-1,-1,-1
357,7,361.3638916015625,917.4136962890625,112.16754150390625,266.35009765625,-1,-1,-1,-1
358,7,398.9375,949.5166015625,102.09683227539062,266.4609375,-1,-1,-1,-1
359,7,421.12481689453125,981.1514892578125,103.65521240234375,273.314697265625,-1,-1,-1,-1
360,7,441.68792724609375,1002.5859375,105.85906982421875,269.9091796875,-1,-1,-1,-1
361,7,448.1723937988281,1009.438720703125,97.53836059570312,269.6083984375,-1,-1,-1,-1
362,7,446.26116943359375,1005.5408935546875,96.3302001953125,264.7725830078125,-1,-1,-1,-1
363,7,446.8664855957031,987.1143798828125,90.14181518554688,262.6904296875,-1,-1,-1,-1
364,7,452.65838623046875,955.584716796875,85.76153564453125,257.2987060546875,-1,-1,-1,-1
365,7,458.7327880859375,935.8161010742188,83.53082275390625,247.26885986328125,-1,-1,-1,-1
366,7,463.001708984375,917.316650390625,83.07318115234375,243.751220703125,-1,-1,-1,-1
367,7,464.45037841796875,899.501708984375,81.37481689453125,236.5648193359375,-1,-1,-1,-1
368,7,464.377197265625,872.9932250976562,79.19427490234375,233.15374755859375,-1,-1,-1,-1
369,7,467.96795654296875,851.8123168945312,78.79937744140625,229.90008544921875,-1,-1,-1,-1
370,7,479.38702392578125,836.4556884765625,78.24407958984375,224.159912109375,-1,-1,-1,-1
371,7,485.0383605957031,830.1849365234375,76.14089965820312,217.2926025390625,-1,-1,-1,-1
372,7,486.837158203125,829.3327026367188,75.7772216796875,215.72064208984375,-1,-1,-1,-1
373,7,484.888427734375,825.589599609375,75.65576171875,215.060546875,-1,-1,-1,-1
374,7,486.8205871582031,810.6317138671875,74.02700805664062,207.4970703125,-1,-1,-1,-1
375,7,499.3135070800781,811.8914794921875,72.76351928710938,203.10955810546875,-1,-1,-1,-1
376,7,512.0999755859375,816.533447265625,73.608154296875,207.618896484375,-1,-1,-1,-1
377,7,522.7507934570312,820.5868530273438,73.91180419921875,204.8857421875,-1,-1,-1,-1
378,7,530.0,815.3540649414062,72.036376953125,200.5155029296875,-1,-1,-1,-1
379,7,532.4910278320312,800.6128540039062,71.67059326171875,197.58905029296875,-1,-1,-1,-1
380,7,535.8853759765625,787.946533203125,71.064697265625,197.09649658203125,-1,-1,-1,-1
381,7,539.1862182617188,779.0020751953125,70.66339111328125,196.100830078125,-1,-1,-1,-1
382,7,544.9767456054688,769.1492919921875,68.52520751953125,192.743896484375,-1,-1,-1,-1
383,7,549.849853515625,758.2618408203125,69.36474609375,195.65167236328125,-1,-1,-1,-1
384,7,560.9630126953125,749.5057373046875,67.97918701171875,190.64422607421875,-1,-1,-1,-1
385,7,568.5289306640625,745.66259765625,67.94049072265625,191.90802001953125,-1,-1,-1,-1
386,7,570.9268798828125,760.7239990234375,67.29412841796875,193.5550537109375,-1,-1,-1,-1
387,7,574.2327270507812,765.830810546875,66.99822998046875,190.74749755859375,-1,-1,-1,-1
388,7,574.4794921875,767.7654418945312,66.3990478515625,188.32208251953125,-1,-1,-1,-1
389,7,572.2052001953125,770.0801391601562,67.87567138671875,193.0869140625,-1,-1,-1,-1
390,7,567.4058227539062,767.3231201171875,69.95263671875,193.16851806640625,-1,-1,-1,-1
391,7,561.3268432617188,767.2771606445312,69.11895751953125,190.4443359375,-1,-1,-1,-1
392,7,558.66259765625,769.05224609375,69.3736572265625,191.36376953125,-1,-1,-1,-1
393,7,554.9135131835938,781.8854370117188,70.46209716796875,198.5048828125,-1,-1,-1,-1
394,7,547.4085693359375,794.549560546875,72.21026611328125,199.826171875,-1,-1,-1,-1
395,7,545.9766235351562,806.4606323242188,72.04925537109375,204.00482177734375,-1,-1,-1,-1
396,7,555.1875610351562,800.984130859375,72.31072998046875,202.88848876953125,-1,-1,-1,-1
397,7,575.7123413085938,789.731689453125,72.88348388671875,202.773193359375,-1,-1,-1,-1
398,7,579.4230346679688,765.146240234375,70.67962646484375,199.30584716796875,-1,-1,-1,-1
399,7,567.717041015625,755.8245849609375,70.7796630859375,200.41778564453125,-1,-1,-1,-1
400,7,559.0753784179688,749.88037109375,70.365478515625,200.4288330078125,-1,-1,-1,-1
401,7,544.1944580078125,750.0316162109375,71.44610595703125,202.18402099609375,-1,-1,-1,-1
402,7,525.1535034179688,762.0161743164062,72.1719970703125,204.42230224609375,-1,-1,-1,-1
403,7,505.11273193359375,779.5164794921875,74.2149658203125,209.6827392578125,-1,-1,-1,-1
404,7,489.7674255371094,782.8818359375,75.68826293945312,209.22406005859375,-1,-1,-1,-1
405,7,473.2315673828125,782.6080932617188,77.78094482421875,212.01605224609375,-1,-1,-1,-1
406,7,451.1106262207031,797.670166015625,79.26272583007812,215.8016357421875,-1,-1,-1,-1
407,7,434.8667907714844,813.8736572265625,81.79348754882812,220.498291015625,-1,-1,-1,-1
408,7,422.8061828613281,817.0245361328125,83.94955444335938,221.393798828125,-1,-1,-1,-1
409,7,415.29595947265625,804.0680541992188,82.3172607421875,223.27362060546875,-1,-1,-1,-1
410,7,408.0651550292969,798.206298828125,85.95156860351562,228.45947265625,-1,-1,-1,-1
411,7,401.3797607421875,791.1731567382812,84.15509033203125,227.3575439453125,-1,-1,-1,-1
412,7,393.4779357910156,781.12158203125,86.05892944335938,228.6282958984375,-1,-1,-1,-1
413,7,390.6348876953125,773.6038208007812,85.63198852539062,224.2996826171875,-1,-1,-1,-1
414,7,391.703125,768.389404296875,82.90676879882812,221.6275634765625,-1,-1,-1,-1
415,7,393.2294616699219,769.4981689453125,82.24331665039062,218.48583984375,-1,-1,-1,-1
416,7,399.19451904296875,775.7899169921875,80.72833251953125,214.61614990234375,-1,-1,-1,-1
417,7,412.66162109375,778.0193481445312,79.62960815429688,217.726318359375,-1,-1,-1,-1
418,7,427.4838562011719,777.0433349609375,78.67825317382812,217.72613525390625,-1,-1,-1,-1
419,7,443.15216064453125,777.6273193359375,77.16717529296875,214.5255126953125,-1,-1,-1,-1
420,7,452.0955810546875,773.0210571289062,78.19110107421875,215.86370849609375,-1,-1,-1,-1
421,7,458.1468505859375,760.3660888671875,76.75970458984375,212.65850830078125,-1,-1,-1,-1
422,7,461.7984313964844,749.6476440429688,77.66360473632812,211.8140869140625,-1,-1,-1,-1
423,7,464.85601806640625,744.84912109375,77.39129638671875,211.01702880859375,-1,-1,-1,-1
424,7,465.5396423339844,742.6998901367188,78.54769897460938,209.17449951171875,-1,-1,-1,-1
425,7,470.12725830078125,747.1693725585938,76.20379638671875,209.27337646484375,-1,-1,-1,-1
426,7,475.4679870605469,752.58837890625,76.28030395507812,208.79522705078125,-1,-1,-1,-1
427,7,485.7200927734375,740.0311279296875,76.259521484375,206.326171875,-1,-1,-1,-1
428,7,501.0086364746094,728.8193969726562,74.36685180664062,205.97235107421875,-1,-1,-1,-1
429,7,511.9288330078125,714.7449951171875,74.87310791015625,205.88525390625,-1,-1,-1,-1
430,7,526.3159790039062,693.7001342773438,73.49212646484375,201.49169921875,-1,-1,-1,-1
431,7,544.6580200195312,659.475341796875,72.80291748046875,200.26641845703125,-1,-1,-1,-1
432,7,573.5343627929688,630.8040771484375,73.703369140625,199.37091064453125,-1,-1,-1,-1
433,7,605.0535278320312,592.8196411132812,72.5926513671875,196.76397705078125,-1,-1,-1,-1
434,7,627.9639282226562,549.8297729492188,71.17425537109375,195.43408203125,-1,-1,-1,-1
435,7,653.6723022460938,526.6788940429688,73.18475341796875,199.1724853515625,-1,-1,-1,-1
436,7,685.4370727539062,534.281982421875,74.36077880859375,198.8592529296875,-1,-1,-1,-1
437,7,719.4124145507812,498.6128234863281,78.266845703125,208.07125854492188,-1,-1,-1,-1
438,7,687.6103515625,415.9851379394531,96.66455078125,221.02316284179688,-1,-1,-1,-1
439,7,648.8084716796875,282.971923828125,151.2850341796875,279.2275390625,-1,-1,-1,-1
440,7,648.6578369140625,309.7259521484375,118.7139892578125,221.7777099609375,-1,-1,-1,-1
441,7,672.0208129882812,369.4665222167969,85.6556396484375,212.59750366210938,-1,-1,-1,-1
442,7,693.1478271484375,453.33184814453125,78.3402099609375,187.6820068359375,-1,-1,-1,-1
443,7,690.1268310546875,553.3167114257812,72.530517578125,181.20086669921875,-1,-1,-1,-1
444,7,679.0426635742188,645.4225463867188,72.29656982421875,196.646484375,-1,-1,-1,-1
445,7,667.0428466796875,705.7012939453125,71.228759765625,205.0372314453125,-1,-1,-1,-1
446,7,670.6363525390625,720.17578125,69.24993896484375,202.6063232421875,-1,-1,-1,-1
447,7,658.7047119140625,723.1336669921875,70.95648193359375,196.3958740234375,-1,-1,-1,-1
448,7,645.7217407226562,708.2858276367188,69.7877197265625,194.58685302734375,-1,-1,-1,-1
449,7,635.9639892578125,694.3535766601562,69.68310546875,192.6871337890625,-1,-1,-1,-1
450,7,627.4938354492188,688.5427856445312,70.8953857421875,193.36627197265625,-1,-1,-1,-1
451,7,615.3596801757812,687.2362670898438,71.09521484375,194.79376220703125,-1,-1,-1,-1
452,7,603.797119140625,696.2484130859375,71.93548583984375,194.33636474609375,-1,-1,-1,-1
453,7,594.2628784179688,717.0894775390625,73.384521484375,197.73394775390625,-1,-1,-1,-1
454,7,580.24755859375,738.6676025390625,75.1429443359375,202.75689697265625,-1,-1,-1,-1
455,7,557.7223510742188,753.64697265625,75.38348388671875,208.63140869140625,-1,-1,-1,-1
456,7,532.7058715820312,772.5081176757812,78.789794921875,211.196044921875,-1,-1,-1,-1
457,7,517.968505859375,788.8681030273438,81.77642822265625,219.8603515625,-1,-1,-1,-1
458,7,513.1976928710938,790.0275268554688,81.11529541015625,218.6138916015625,-1,-1,-1,-1
459,7,502.3904724121094,819.2258911132812,83.62850952148438,222.19891357421875,-1,-1,-1,-1
460,7,485.3840637207031,838.25634765625,86.54440307617188,228.25341796875,-1,-1,-1,-1
461,7,463.7818298339844,837.3141479492188,91.15274047851562,230.48968505859375,-1,-1,-1,-1
462,7,447.07855224609375,831.7434692382812,91.96563720703125,237.96612548828125,-1,-1,-1,-1
463,7,431.42669677734375,821.5267944335938,94.47979736328125,234.58819580078125,-1,-1,-1,-1
464,7,417.5478210449219,807.1566772460938,93.68157958984375,235.49285888671875,-1,-1,-1,-1
465,7,404.9092712402344,799.0938720703125,94.91592407226562,241.5037841796875,-1,-1,-1,-1
466,7,391.4844665527344,793.494140625,96.38784790039062,244.5357666015625,-1,-1,-1,-1
467,7,379.3517150878906,801.734375,96.40328979492188,251.4271240234375,-1,-1,-1,-1
468,7,370.5367126464844,816.6541137695312,98.48492431640625,252.36346435546875,-1,-1,-1,-1
469,7,361.0328063964844,843.9689331054688,100.89907836914062,255.33453369140625,-1,-1,-1,-1
470,7,361.3558654785156,855.3760375976562,107.27606201171875,254.13201904296875,-1,-1,-1,-1
471,7,367.19677734375,850.332763671875,107.992431640625,256.5670166015625,-1,-1,-1,-1
472,7,359.8360900878906,820.56884765625,107.45013427734375,251.2349853515625,-1,-1,-1,-1
473,7,352.7208251953125,796.9571533203125,103.84881591796875,253.3123779296875,-1,-1,-1,-1
474,7,353.0192565917969,782.6617431640625,102.73355102539062,255.1480712890625,-1,-1,-1,-1
475,7,348.4655456542969,768.298828125,104.27789306640625,263.2498779296875,-1,-1,-1,-1
476,7,341.0478820800781,759.3642578125,103.64227294921875,271.376220703125,-1,-1,-1,-1
477,7,335.62164306640625,756.2271728515625,103.63137817382812,268.81494140625,-1,-1,-1,-1
478,7,337.65582275390625,766.7741088867188,101.364013671875,272.13482666015625,-1,-1,-1,-1
479,7,358.2568664550781,788.1779174804688,98.955078125,261.09307861328125,-1,-1,-1,-1
480,7,361.61151123046875,795.8467407226562,97.67984008789062,257.24664306640625,-1,-1,-1,-1
481,7,356.76959228515625,783.6094970703125,97.78390502929688,261.023193359375,-1,-1,-1,-1
482,7,364.76971435546875,764.9877319335938,97.57989501953125,263.75872802734375,-1,-1,-1,-1
483,7,372.188720703125,744.69482421875,96.4521484375,257.82489013671875,-1,-1,-1,-1
484,7,371.74188232421875,731.9078369140625,97.228515625,252.53704833984375,-1,-1,-1,-1
485,7,375.2269592285156,726.6913452148438,95.7391357421875,246.86767578125,-1,-1,-1,-1
486,7,379.1485290527344,729.03564453125,94.6751708984375,242.786865234375,-1,-1,-1,-1
487,7,382.7649230957031,745.5895385742188,92.97677612304688,242.62420654296875,-1,-1,-1,-1
488,7,390.5796203613281,757.3723754882812,92.27651977539062,241.5843505859375,-1,-1,-1,-1
489,7,399.22564697265625,740.1773071289062,90.70953369140625,240.42034912109375,-1,-1,-1,-1
490,7,406.4089050292969,719.7708740234375,88.92529296875,242.4276123046875,-1,-1,-1,-1
491,7,416.3744201660156,712.1777954101562,88.26626586914062,232.767578125,-1,-1,-1,-1
492,7,417.81866455078125,705.4432983398438,88.04763793945312,234.7432861328125,-1,-1,-1,-1
493,7,420.9027404785156,697.0051879882812,89.71401977539062,231.8486328125,-1,-1,-1,-1
494,7,426.8143005371094,692.7648315429688,88.87924194335938,231.53692626953125,-1,-1,-1,-1
495,7,430.6819152832031,697.2005615234375,87.11978149414062,230.705322265625,-1,-1,-1,-1
496,7,435.1742858886719,718.2039184570312,87.35696411132812,234.328857421875,-1,-1,-1,-1
497,7,432.2347412109375,733.5652465820312,87.85858154296875,234.30450439453125,-1,-1,-1,-1
498,7,443.1303405761719,748.7738037109375,87.92086791992188,232.98895263671875,-1,-1,-1,-1
499,7,455.1309814453125,745.216552734375,86.93389892578125,233.9388427734375,-1,-1,-1,-1
500,7,474.5001525878906,730.10986328125,85.12820434570312,228.2947998046875,-1,-1,-1,-1
501,7,496.84381103515625,713.1771240234375,83.10595703125,225.82666015625,-1,-1,-1,-1
502,7,510.6421813964844,699.5701293945312,83.00778198242188,222.787841796875,-1,-1,-1,-1
503,7,526.5621337890625,686.187255859375,81.42779541015625,219.6671142578125,-1,-1,-1,-1
504,7,539.3824462890625,680.322265625,81.1697998046875,216.80096435546875,-1,-1,-1,-1
505,7,556.3070068359375,688.5845947265625,79.082275390625,217.13751220703125,-1,-1,-1,-1
506,7,564.1350708007812,700.1749267578125,80.21295166015625,217.8458251953125,-1,-1,-1,-1
507,7,571.1690673828125,701.8389282226562,78.7774658203125,218.0950927734375,-1,-1,-1,-1
508,7,583.9508056640625,691.3328247070312,77.77508544921875,217.08380126953125,-1,-1,-1,-1
509,7,593.5204467773438,675.9705810546875,77.62359619140625,213.1336669921875,-1,-1,-1,-1
510,7,591.0022583007812,669.0853271484375,79.26263427734375,213.43798828125,-1,-1,-1,-1
511,7,587.0787963867188,658.535888671875,78.10888671875,212.692138671875,-1,-1,-1,-1
512,7,575.0553588867188,659.50048828125,79.51617431640625,214.3009033203125,-1,-1,-1,-1
513,7,567.1859130859375,665.4490966796875,79.25140380859375,216.39013671875,-1,-1,-1,-1
514,7,561.7572021484375,676.63720703125,80.93463134765625,215.244873046875,-1,-1,-1,-1
515,7,548.6265869140625,686.6314086914062,81.13372802734375,217.59637451171875,-1,-1,-1,-1
516,7,535.933837890625,685.5072631835938,82.20623779296875,215.74981689453125,-1,-1,-1,-1
517,7,529.4387817382812,681.5671997070312,81.89398193359375,216.36810302734375,-1,-1,-1,-1
518,7,526.8350219726562,667.2216796875,81.59857177734375,217.9273681640625,-1,-1,-1,-1
519,7,523.5782470703125,659.8015747070312,82.0704345703125,218.48065185546875,-1,-1,-1,-1
520,7,519.0180053710938,650.7654418945312,84.002197265625,219.9913330078125,-1,-1,-1,-1
521,7,516.9482421875,646.68798828125,83.5609130859375,222.7164306640625,-1,-1,-1,-1
522,7,512.901123046875,652.1740112304688,83.433349609375,220.552734375,-1,-1,-1,-1
523,7,509.1911926269531,666.313720703125,85.17404174804688,221.71466064453125,-1,-1,-1,-1
524,7,503.0377197265625,667.3029174804688,84.739990234375,225.3343505859375,-1,-1,-1,-1
525,7,495.0618896484375,666.1976928710938,86.440185546875,224.68341064453125,-1,-1,-1,-1
526,7,490.5029296875,670.14599609375,87.78515625,228.93359375,-1,-1,-1,-1
527,7,483.513916015625,665.6910400390625,87.29180908203125,229.52294921875,-1,-1,-1,-1
528,7,479.9229431152344,666.6082153320312,88.12985229492188,229.300048828125,-1,-1,-1,-1
529,7,474.31640625,670.2576293945312,87.76641845703125,229.35614013671875,-1,-1,-1,-1
530,7,463.40496826171875,687.3452758789062,88.152099609375,235.24761962890625,-1,-1,-1,-1
531,7,448.034912109375,711.500732421875,89.7210693359375,242.798583984375,-1,-1,-1,-1
532,7,433.2943115234375,743.30078125,91.16827392578125,242.9185791015625,-1,-1,-1,-1
533,7,425.1326599121094,748.5914306640625,94.01889038085938,247.4833984375,-1,-1,-1,-1
534,7,420.3467102050781,755.1998291015625,94.96517944335938,247.577880859375,-1,-1,-1,-1
535,7,413.41107177734375,751.5286865234375,94.61767578125,245.1690673828125,-1,-1,-1,-1
536,7,405.8630065917969,737.2288208007812,96.45852661132812,249.60845947265625,-1,-1,-1,-1
537,7,403.0523376464844,729.5546875,94.85693359375,249.33270263671875,-1,-1,-1,-1
538,7,402.0848388671875,722.267822265625,95.58697509765625,250.1767578125,-1,-1,-1,-1
539,7,398.9382629394531,716.9842529296875,97.09347534179688,252.25421142578125,-1,-1,-1,-1
540,7,402.8222351074219,714.825439453125,97.166748046875,254.56427001953125,-1,-1,-1,-1
541,7,400.4482421875,718.7183837890625,97.30487060546875,257.8095703125,-1,-1,-1,-1
542,7,399.203369140625,717.5430908203125,98.20840454101562,259.368408203125,-1,-1,-1,-1
543,7,398.3428955078125,710.2958984375,99.68804931640625,261.87939453125,-1,-1,-1,-1
544,7,388.7186279296875,682.955810546875,100.64215087890625,262.524169921875,-1,-1,-1,-1
545,7,364.9378356933594,669.89697265625,105.06805419921875,266.84027099609375,-1,-1,-1,-1
546,7,356.8335876464844,698.5094604492188,104.97052001953125,270.337158203125,-1,-1,-1,-1
547,7,332.3273620605469,690.1231689453125,107.68453979492188,275.7744140625,-1,-1,-1,-1
548,7,336.6443786621094,666.1629638671875,108.14401245117188,273.3896484375,-1,-1,-1,-1
549,7,333.95098876953125,629.9114990234375,108.64813232421875,276.22021484375,-1,-1,-1,-1
550,7,312.79718017578125,623.549560546875,111.14947509765625,279.46282958984375,-1,-1,-1,-1
551,7,306.88623046875,609.9014282226562,113.4486083984375,283.93963623046875,-1,-1,-1,-1
552,7,286.6313171386719,624.7438354492188,115.35214233398438,291.06744384765625,-1,-1,-1,-1
553,7,272.58074951171875,640.7914428710938,117.3668212890625,296.68475341796875,-1,-1,-1,-1
554,7,260.5969543457031,665.9349975585938,121.27365112304688,304.94354248046875,-1,-1,-1,-1
555,7,267.2551574707031,650.3541259765625,120.16336059570312,304.25518798828125,-1,-1,-1,-1
556,7,266.9440612792969,657.4026489257812,121.69857788085938,308.472412109375,-1,-1,-1,-1
557,7,279.9268493652344,653.1383056640625,121.79071044921875,306.4652099609375,-1,-1,-1,-1
558,7,284.9476623535156,626.0206909179688,122.07769775390625,309.78497314453125,-1,-1,-1,-1
559,7,278.021240234375,621.6160888671875,125.83035278320312,312.4423828125,-1,-1,-1,-1
560,7,274.5224914550781,620.8064575195312,128.55935668945312,318.255126953125,-1,-1,-1,-1
561,7,261.5525207519531,635.2908935546875,130.96224975585938,327.6121826171875,-1,-1,-1,-1
562,7,253.40045166015625,652.1353759765625,133.04498291015625,335.3577880859375,-1,-1,-1,-1
563,7,269.1070251464844,672.7758178710938,133.45089721679688,340.76141357421875,-1,-1,-1,-1
564,7,230.07749938964844,696.2164306640625,142.3251190185547,357.247802734375,-1,-1,-1,-1
565,7,223.87411499023438,766.8803100585938,140.88436889648438,374.72467041015625,-1,-1,-1,-1
566,7,278.32098388671875,689.2327270507812,143.93865966796875,362.22418212890625,-1,-1,-1,-1
567,7,282.24407958984375,623.259521484375,139.58676147460938,357.0546875,-1,-1,-1,-1
568,7,282.1639099121094,619.0726318359375,139.36279296875,354.65087890625,-1,-1,-1,-1
569,7,303.32611083984375,671.3369750976562,136.60501098632812,351.310302734375,-1,-1,-1,-1
570,7,313.8299560546875,752.57177734375,134.11700439453125,352.720703125,-1,-1,-1,-1
571,7,319.2142028808594,781.4951782226562,132.9443359375,349.87322998046875,-1,-1,-1,-1
572,7,309.4734191894531,804.5359497070312,132.01071166992188,347.35980224609375,-1,-1,-1,-1
573,7,307.1827087402344,825.37744140625,130.92657470703125,344.630126953125,-1,-1,-1,-1
574,7,307.54058837890625,819.2734375,129.75677490234375,339.6436767578125,-1,-1,-1,-1
575,7,309.8862609863281,812.294677734375,128.87701416015625,333.8681640625,-1,-1,-1,-1
576,7,303.2063903808594,805.0289916992188,129.68344116210938,328.48443603515625,-1,-1,-1,-1
577,7,299.3671875,803.0430908203125,129.39541625976562,325.4007568359375,-1,-1,-1,-1
578,7,293.954345703125,810.3598022460938,129.12921142578125,324.32098388671875,-1,-1,-1,-1
579,7,301.30816650390625,805.7857055664062,128.20623779296875,320.36126708984375,-1,-1,-1,-1
580,7,292.4396057128906,810.9482421875,129.11260986328125,315.70849609375,-1,-1,-1,-1
581,7,283.0701599121094,798.994140625,132.09475708007812,313.3265380859375,-1,-1,-1,-1
582,7,279.5805358886719,773.972412109375,133.1353759765625,304.60693359375,-1,-1,-1,-1
583,7,274.32177734375,758.7252197265625,125.56002807617188,301.904296875,-1,-1,-1,-1
584,7,287.4629821777344,750.6823120117188,121.2027587890625,296.17730712890625,-1,-1,-1,-1
585,7,299.633056640625,738.2022705078125,117.44732666015625,288.7159423828125,-1,-1,-1,-1
586,7,304.60870361328125,747.1715087890625,116.3831787109375,286.8507080078125,-1,-1,-1,-1
587,7,302.4716796875,760.0731201171875,113.99917602539062,286.260498046875,-1,-1,-1,-1
588,7,298.5751037597656,764.4734497070312,116.51171875,283.07586669921875,-1,-1,-1,-1
589,7,293.85015869140625,770.1300659179688,118.20867919921875,281.17034912109375,-1,-1,-1,-1
590,7,287.3699035644531,747.837890625,114.4326171875,278.06103515625,-1,-1,-1,-1
591,7,290.9590759277344,730.93408203125,112.91336059570312,280.45819091796875,-1,-1,-1,-1
592,7,291.2388916015625,729.2251586914062,112.38821411132812,276.27154541015625,-1,-1,-1,-1
593,7,291.31280517578125,726.0368041992188,110.03106689453125,271.15777587890625,-1,-1,-1,-1
594,7,300.10736083984375,721.1197509765625,107.79638671875,267.43426513671875,-1,-1,-1,-1
595,7,306.5909118652344,736.8409423828125,106.58425903320312,264.7816162109375,-1,-1,-1,-1
596,7,316.5726013183594,750.4264526367188,104.37738037109375,264.83148193359375,-1,-1,-1,-1
597,7,331.6104431152344,758.9047241210938,102.59979248046875,262.837646484375,-1,-1,-1,-1
598,7,337.07421875,786.0161743164062,102.30023193359375,263.36492919921875,-1,-1,-1,-1
599,7,333.05853271484375,820.588134765625,102.10543823242188,259.7528076171875,-1,-1,-1,-1
600,7,334.9894714355469,816.0596923828125,104.10552978515625,258.351318359375,-1,-1,-1,-1
601,7,347.3492736816406,791.7494506835938,101.25347900390625,255.13946533203125,-1,-1,-1,-1
