1,1,904.1527099609375,644.5526123046875,91.55596923828125,287.25579833984375,-1,-1,-1,-1
2,1,880.1854248046875,637.1190795898438,93.2203369140625,282.64447021484375,-1,-1,-1,-1
3,1,869.9739990234375,636.887451171875,91.22747802734375,275.38421630859375,-1,-1,-1,-1
4,1,865.8564453125,638.67578125,89.65008544921875,270.02081298828125,-1,-1,-1,-1
5,1,856.8214111328125,635.5701904296875,87.14111328125,261.6112060546875,-1,-1,-1,-1
6,1,846.4869384765625,630.5198974609375,85.38140869140625,254.9578857421875,-1,-1,-1,-1
7,1,830.844482421875,631.422119140625,90.21368408203125,251.031982421875,-1,-1,-1,-1
8,1,820.830322265625,638.26123046875,93.58203125,246.3538818359375,-1,-1,-1,-1
9,1,816.9794921875,645.333251953125,94.072021484375,243.19305419921875,-1,-1,-1,-1
10,1,810.126220703125,648.9906005859375,96.28692626953125,241.9029541015625,-1,-1,-1,-1
11,1,808.21337890625,650.2769775390625,95.69390869140625,241.912353515625,-1,-1,-1,-1
12,1,810.0718383789062,648.458984375,95.4434814453125,242.7408447265625,-1,-1,-1,-1
13,1,812.9827270507812,644.4071655273438,95.46728515625,245.12652587890625,-1,-1,-1,-1
14,1,812.1536865234375,639.66796875,98.6605224609375,248.14215087890625,-1,-1,-1,-1
15,1,811.1861572265625,639.4688110351562,102.48333740234375,249.88134765625,-1,-1,-1,-1
16,1,820.2090454101562,644.6016235351562,97.5947265625,251.28375244140625,-1,-1,-1,-1
17,1,828.6416625976562,651.0062866210938,97.95648193359375,250.53594970703125,-1,-1,-1,-1
18,1,844.2106323242188,656.3101806640625,94.80999755859375,252.734130859375,-1,-1,-1,-1
19,1,861.9599609375,657.5506591796875,94.3392333984375,252.44342041015625,-1,-1,-1,-1
20,1,880.0814819335938,651.40478515625,92.56317138671875,257.1295166015625,-1,-1,-1,-1
21,1,884.4671020507812,638.9036865234375,96.8458251953125,258.36883544921875,-1,-1,-1,-1
22,1,883.793212890625,622.9041137695312,98.7958984375,260.04974365234375,-1,-1,-1,-1
23,1,876.96826171875,613.0204467773438,99.2198486328125,259.59967041015625,-1,-1,-1,-1
24,1,863.9461059570312,609.4461059570312,102.49334716796875,258.4990234375,-1,-1,-1,-1
25,1,852.6332397460938,613.3179321289062,111.30645751953125,253.92999267578125,-1,-1,-1,-1
26,1,843.15576171875,617.6219482421875,117.844970703125,252.8443603515625,-1,-1,-1,-1
27,1,833.9151611328125,622.0628662109375,125.0521240234375,251.85089111328125,-1,-1,-1,-1
28,1,824.73974609375,626.513427734375,126.7239990234375,248.619140625,-1,-1,-1,-1
29,1,813.5442504882812,625.6614990234375,130.04656982421875,246.63970947265625,-1,-1,-1,-1
30,1,799.635498046875,624.2948608398438,134.03997802734375,244.720458984375,-1,-1,-1,-1
31,1,785.5039672851562,625.7111206054688,136.64447021484375,246.57171630859375,-1,-1,-1,-1
32,1,783.3660278320312,626.011962890625,132.1348876953125,251.44415283203125,-1,-1,-1,-1
33,1,779.8018798828125,628.20166015625,130.64190673828125,252.58184814453125,-1,-1,-1,-1
34,1,781.9085083007812,629.5829467773438,125.88043212890625,256.77703857421875,-1,-1,-1,-1
35,1,796.9752197265625,633.9169921875,105.28277587890625,258.8123779296875,-1,-1,-1,-1
36,1,792.4649658203125,643.6298217773438,103.642822265625,258.10107421875,-1,-1,-1,-1
37,1,799.197509765625,651.76025390625,95.373779296875,258.12530517578125,-1,-1,-1,-1
38,1,798.0667724609375,655.76708984375,96.1734619140625,257.8028564453125,-1,-1,-1,-1
39,1,795.103759765625,653.515869140625,96.8546142578125,258.0765380859375,-1,-1,-1,-1
40,1,794.7382202148438,650.2595825195312,92.080322265625,258.40325927734375,-1,-1,-1,-1
41,1,788.5885620117188,650.2467041015625,94.08612060546875,259.26220703125,-1,-1,-1,-1
42,1,774.0875244140625,650.483642578125,108.8641357421875,259.884521484375,-1,-1,-1,-1
43,1,771.965087890625,650.3426513671875,109.964599609375,259.3590087890625,-1,-1,-1,-1
44,1,771.0586547851562,650.2739868164062,109.9534912109375,257.99468994140625,-1,-1,-1,-1
45,1,771.2930908203125,651.7088012695312,108.4215087890625,255.9420166015625,-1,-1,-1,-1
46,1,770.0345458984375,651.7779541015625,108.070068359375,255.13232421875,-1,-1,-1,-1
47,1,771.41845703125,650.1550903320312,106.52685546875,256.48516845703125,-1,-1,-1,-1
48,1,774.0894775390625,649.144775390625,104.294189453125,257.31109619140625,-1,-1,-1,-1
49,1,776.1661376953125,650.1160888671875,113.0025634765625,254.5196533203125,-1,-1,-1,-1
50,1,777.12353515625,653.146728515625,120.708251953125,251.65447998046875,-1,-1,-1,-1
51,1,776.6741333007812,657.2625122070312,131.642822265625,246.20703125,-1,-1,-1,-1
52,1,765.3978881835938,660.4476318359375,143.1513671875,243.7242431640625,-1,-1,-1,-1
53,1,774.4338989257812,663.6470947265625,142.8662109375,240.473388671875,-1,-1,-1,-1
54,1,777.2783203125,665.914306640625,153.7562255859375,237.62451171875,-1,-1,-1,-1
55,1,784.8693237304688,671.5557861328125,143.09014892578125,229.6090087890625,-1,-1,-1,-1
56,1,791.9979248046875,668.2831420898438,135.4263916015625,230.52947998046875,-1,-1,-1,-1
57,1,803.3917236328125,656.431884765625,138.5308837890625,239.2742919921875,-1,-1,-1,-1
58,1,805.8131713867188,654.2543334960938,144.14569091796875,239.13031005859375,-1,-1,-1,-1
59,1,810.86376953125,647.5191650390625,155.67626953125,239.4346923828125,-1,-1,-1,-1
60,1,806.9178466796875,643.8373413085938,175.638916015625,235.23370361328125,-1,-1,-1,-1
61,1,809.19580078125,650.37158203125,184.1959228515625,220.635986328125,-1,-1,-1,-1
62,1,809.5344848632812,655.7544555664062,188.54449462890625,210.094482421875,-1,-1,-1,-1
63,1,791.3948974609375,656.7044677734375,208.537353515625,207.3206787109375,-1,-1,-1,-1
64,1,791.62939453125,660.1445922851562,206.8355712890625,205.082763671875,-1,-1,-1,-1
65,1,792.6779174804688,652.2708740234375,201.18603515625,216.07720947265625,-1,-1,-1,-1
66,1,810.40283203125,645.203125,166.313232421875,228.2508544921875,-1,-1,-1,-1
67,1,814.5917358398438,639.4530029296875,146.232177734375,238.2882080078125,-1,-1,-1,-1
68,1,823.287841796875,635.1295166015625,126.5439453125,243.9237060546875,-1,-1,-1,-1
69,1,831.6917724609375,632.7703857421875,116.533203125,247.40478515625,-1,-1,-1,-1
70,1,835.5718994140625,632.2296142578125,116.3175048828125,247.9388427734375,-1,-1,-1,-1
71,1,836.9073486328125,633.0150756835938,119.9190673828125,248.17962646484375,-1,-1,-1,-1
72,1,837.6744995117188,635.64404296875,122.74676513671875,247.5972900390625,-1,-1,-1,-1
73,1,836.434326171875,635.5259399414062,128.54736328125,249.81036376953125,-1,-1,-1,-1
74,1,837.985595703125,636.0843505859375,129.501220703125,251.58837890625,-1,-1,-1,-1
75,1,837.0449829101562,637.0662231445312,137.3729248046875,254.2779541015625,-1,-1,-1,-1
76,1,838.7726440429688,637.9993896484375,142.01824951171875,255.73651123046875,-1,-1,-1,-1
77,1,847.3109130859375,642.27294921875,147.17529296875,255.71636962890625,-1,-1,-1,-1
78,1,857.2198486328125,644.610107421875,152.0557861328125,255.075927734375,-1,-1,-1,-1
79,1,873.3148803710938,646.0872192382812,150.69610595703125,257.47613525390625,-1,-1,-1,-1
80,1,884.6339721679688,646.3870239257812,152.52471923828125,256.90728759765625,-1,-1,-1,-1
81,1,894.7265014648438,646.7659301757812,152.49761962890625,260.42486572265625,-1,-1,-1,-1
82,1,898.0712890625,645.1544189453125,152.6378173828125,261.5020751953125,-1,-1,-1,-1
83,1,907.672607421875,642.7052612304688,140.4752197265625,261.19964599609375,-1,-1,-1,-1
84,1,906.578125,640.9971313476562,125.259765625,258.0950927734375,-1,-1,-1,-1
85,1,910.1084594726562,639.5978393554688,109.25018310546875,256.09356689453125,-1,-1,-1,-1
86,1,910.0880737304688,640.1568603515625,91.91534423828125,254.50128173828125,-1,-1,-1,-1
87,1,906.3543090820312,642.2037353515625,90.1846923828125,254.60430908203125,-1,-1,-1,-1
88,1,903.9091186523438,645.039794921875,91.4952392578125,252.28662109375,-1,-1,-1,-1
89,1,901.9544067382812,647.1528930664062,92.54241943359375,251.37689208984375,-1,-1,-1,-1
90,1,901.9976806640625,647.448486328125,92.97796630859375,250.908935546875,-1,-1,-1,-1
91,1,899.8095092773438,646.1452026367188,92.61004638671875,252.49578857421875,-1,-1,-1,-1
92,1,899.746826171875,645.91259765625,88.992431640625,253.01910400390625,-1,-1,-1,-1
93,1,900.167236328125,645.575927734375,85.40606689453125,253.26629638671875,-1,-1,-1,-1
94,1,901.5950317382812,645.1898193359375,85.31744384765625,253.07366943359375,-1,-1,-1,-1
95,1,906.4686279296875,644.845703125,87.321044921875,253.421142578125,-1,-1,-1,-1
96,1,916.1795043945312,645.7999267578125,84.10589599609375,250.25506591796875,-1,-1,-1,-1
97,1,921.4047241210938,645.99560546875,82.52886962890625,250.5244140625,-1,-1,-1,-1
98,1,921.4217529296875,646.398193359375,82.519775390625,248.6016845703125,-1,-1,-1,-1
99,1,918.8904418945312,646.2451171875,85.99908447265625,245.2684326171875,-1,-1,-1,-1
100,1,917.18017578125,644.9668579101562,85.77972412109375,242.53759765625,-1,-1,-1,-1
101,1,919.20361328125,641.9448852539062,80.78570556640625,242.85650634765625,-1,-1,-1,-1
102,1,915.324951171875,638.2042236328125,78.7979736328125,244.951904296875,-1,-1,-1,-1
103,1,914.9403686523438,636.4326782226562,76.7530517578125,244.39752197265625,-1,-1,-1,-1
104,1,912.4678344726562,636.3851928710938,77.390380859375,243.2591552734375,-1,-1,-1,-1
105,1,906.8621826171875,638.0623168945312,80.31256103515625,243.06396484375,-1,-1,-1,-1
106,1,895.9793090820312,640.7118530273438,90.823974609375,236.12213134765625,-1,-1,-1,-1
107,1,885.2500610351562,644.1122436523438,102.17816162109375,231.2747802734375,-1,-1,-1,-1
108,1,877.3099975585938,647.4232788085938,109.5596923828125,234.56256103515625,-1,-1,-1,-1
109,1,876.9985961914062,650.8244018554688,107.53485107421875,234.62701416015625,-1,-1,-1,-1
110,1,876.6341552734375,651.9177856445312,105.52484130859375,236.2977294921875,-1,-1,-1,-1
111,1,875.6342163085938,652.2994995117188,106.820068359375,236.76922607421875,-1,-1,-1,-1
112,1,871.3140869140625,650.677001953125,98.67803955078125,237.69891357421875,-1,-1,-1,-1
113,1,871.3616333007812,647.7106323242188,93.8719482421875,239.2777099609375,-1,-1,-1,-1
114,1,870.443603515625,645.438232421875,91.7813720703125,243.71923828125,-1,-1,-1,-1
115,1,870.1795043945312,643.7435302734375,89.64117431640625,248.2664794921875,-1,-1,-1,-1
116,1,869.36328125,642.2547607421875,91.672119140625,248.53411865234375,-1,-1,-1,-1
117,1,863.2659912109375,643.7516479492188,94.06591796875,250.77703857421875,-1,-1,-1,-1
118,1,861.57861328125,648.880126953125,91.76947021484375,252.799072265625,-1,-1,-1,-1
119,1,858.6688232421875,657.22314453125,88.91375732421875,248.19476318359375,-1,-1,-1,-1
120,1,857.023193359375,664.6803588867188,92.14324951171875,243.9515380859375,-1,-1,-1,-1
121,1,858.1158447265625,671.9549560546875,91.84417724609375,239.054931640625,-1,-1,-1,-1
122,1,859.8997192382812,674.2278442382812,94.59735107421875,238.22393798828125,-1,-1,-1,-1
123,1,866.1048583984375,672.4578247070312,98.35089111328125,241.6773681640625,-1,-1,-1,-1
124,1,878.2061767578125,667.9085693359375,100.96380615234375,245.53851318359375,-1,-1,-1,-1
125,1,878.156494140625,662.3789672851562,115.24603271484375,246.068115234375,-1,-1,-1,-1
126,1,880.8335571289062,658.7801513671875,115.1370849609375,245.70196533203125,-1,-1,-1,-1
127,1,879.6939697265625,657.9909057617188,120.33026123046875,242.87347412109375,-1,-1,-1,-1
128,1,874.1760864257812,662.4711303710938,122.9586181640625,239.5333251953125,-1,-1,-1,-1
129,1,868.9739379882812,667.6823120117188,126.3572998046875,233.74139404296875,-1,-1,-1,-1
130,1,867.1749877929688,674.3128662109375,127.16796875,230.33642578125,-1,-1,-1,-1
131,1,866.8832397460938,674.5986938476562,124.74176025390625,228.7115478515625,-1,-1,-1,-1
132,1,863.23974609375,672.5596923828125,124.07171630859375,229.7540283203125,-1,-1,-1,-1
133,1,858.6068115234375,667.5714721679688,124.4425048828125,232.444580078125,-1,-1,-1,-1
134,1,858.0631713867188,663.91552734375,123.95928955078125,235.73675537109375,-1,-1,-1,-1
135,1,859.0714111328125,661.1094970703125,124.1783447265625,239.958984375,-1,-1,-1,-1
136,1,855.0401611328125,659.70068359375,125.6842041015625,243.275634765625,-1,-1,-1,-1
137,1,854.02685546875,659.6581420898438,124.16790771484375,243.9578857421875,-1,-1,-1,-1
138,1,853.2266845703125,662.070556640625,122.04730224609375,243.03564453125,-1,-1,-1,-1
139,1,852.4597778320312,665.7695922851562,118.447509765625,240.888671875,-1,-1,-1,-1
140,1,853.2959594726562,668.69921875,116.7254638671875,237.86688232421875,-1,-1,-1,-1
141,1,852.5880126953125,668.5341186523438,114.88580322265625,237.40869140625,-1,-1,-1,-1
142,1,850.868408203125,667.19287109375,113.6778564453125,238.26959228515625,-1,-1,-1,-1
143,1,848.793212890625,664.0874633789062,112.544921875,241.8782958984375,-1,-1,-1,-1
144,1,850.0182495117188,658.6629638671875,106.01751708984375,245.37152099609375,-1,-1,-1,-1
145,1,848.0281982421875,649.4320068359375,98.1805419921875,250.5010986328125,-1,-1,-1,-1
146,1,842.5429077148438,644.76611328125,101.70111083984375,252.77655029296875,-1,-1,-1,-1
147,1,839.6929321289062,642.545166015625,104.3895263671875,253.66162109375,-1,-1,-1,-1
148,1,838.6187744140625,644.1072998046875,102.92694091796875,254.87255859375,-1,-1,-1,-1
149,1,843.231201171875,647.016845703125,94.9381103515625,254.90655517578125,-1,-1,-1,-1
150,1,843.2247314453125,651.8408203125,92.9293212890625,251.5623779296875,-1,-1,-1,-1
151,1,841.6365356445312,660.156005859375,92.21038818359375,245.0753173828125,-1,-1,-1,-1
152,1,840.814208984375,662.4412231445312,94.51361083984375,242.498779296875,-1,-1,-1,-1
153,1,842.7443237304688,661.9236450195312,97.39263916015625,241.23077392578125,-1,-1,-1,-1
154,1,844.890380859375,658.7697143554688,100.39312744140625,244.1815185546875,-1,-1,-1,-1
155,1,843.9451904296875,654.1524658203125,105.65576171875,248.10498046875,-1,-1,-1,-1
156,1,838.6343994140625,651.67724609375,115.0989990234375,252.27728271484375,-1,-1,-1,-1
157,1,836.9635009765625,648.3833618164062,122.8375244140625,253.58392333984375,-1,-1,-1,-1
158,1,834.8770141601562,647.5844116210938,123.33819580078125,252.5069580078125,-1,-1,-1,-1
159,1,839.2455444335938,648.4020385742188,120.85009765625,254.4481201171875,-1,-1,-1,-1
160,1,858.1818237304688,649.14111328125,102.63116455078125,254.5826416015625,-1,-1,-1,-1
161,1,861.5760498046875,648.16259765625,99.88934326171875,256.8251953125,-1,-1,-1,-1
162,1,875.3511962890625,646.372314453125,87.10284423828125,257.51849365234375,-1,-1,-1,-1
163,1,882.7275390625,644.5364379882812,84.60882568359375,255.866943359375,-1,-1,-1,-1
164,1,888.4327392578125,644.6333618164062,91.09405517578125,252.1944580078125,-1,-1,-1,-1
165,1,894.4409790039062,645.343505859375,98.1612548828125,249.9639892578125,-1,-1,-1,-1
166,1,895.1118774414062,646.9678344726562,105.2296142578125,248.7635498046875,-1,-1,-1,-1
167,1,895.279541015625,649.5223388671875,114.5037841796875,249.08489990234375,-1,-1,-1,-1
168,1,898.6471557617188,653.0164794921875,114.92510986328125,247.86175537109375,-1,-1,-1,-1
169,1,901.8458251953125,654.2252807617188,113.6663818359375,245.71478271484375,-1,-1,-1,-1
170,1,904.560791015625,657.2696533203125,112.99066162109375,244.4642333984375,-1,-1,-1,-1
171,1,906.8724975585938,659.1589965820312,110.98101806640625,245.5687255859375,-1,-1,-1,-1
172,1,907.1436157226562,658.8358154296875,112.2178955078125,246.79296875,-1,-1,-1,-1
173,1,908.564208984375,657.2122192382812,117.647705078125,247.9320068359375,-1,-1,-1,-1
174,1,919.1287841796875,654.95947265625,132.9407958984375,249.23907470703125,-1,-1,-1,-1
175,1,936.7298583984375,652.6227416992188,127.5716552734375,250.5137939453125,-1,-1,-1,-1
176,1,938.0228881835938,652.8425903320312,124.77691650390625,251.404541015625,-1,-1,-1,-1
177,1,941.7591552734375,652.740966796875,124.12158203125,252.9844970703125,-1,-1,-1,-1
178,1,937.1630859375,652.9761352539062,128.00927734375,252.263427734375,-1,-1,-1,-1
179,1,936.4188842773438,653.8748779296875,127.26116943359375,251.34521484375,-1,-1,-1,-1
180,1,936.3768310546875,653.9633178710938,127.9193115234375,252.4755859375,-1,-1,-1,-1
181,1,940.2285766601562,653.639892578125,127.79400634765625,256.3297119140625,-1,-1,-1,-1
182,1,946.296630859375,652.3590698242188,119.7186279296875,258.82879638671875,-1,-1,-1,-1
183,1,950.056884765625,651.2301635742188,114.1876220703125,263.0623779296875,-1,-1,-1,-1
184,1,956.6406860351562,650.9588012695312,110.21209716796875,269.8603515625,-1,-1,-1,-1
185,1,959.5535278320312,649.0594482421875,108.40374755859375,272.30303955078125,-1,-1,-1,-1
186,1,962.1339721679688,648.8593139648438,108.54351806640625,275.83282470703125,-1,-1,-1,-1
187,1,969.0023193359375,650.544189453125,106.7474365234375,277.26300048828125,-1,-1,-1,-1
188,1,976.3536987304688,652.4585571289062,106.21820068359375,275.98309326171875,-1,-1,-1,-1
189,1,978.1500854492188,654.1361083984375,109.01885986328125,273.99102783203125,-1,-1,-1,-1
190,1,980.830810546875,655.829833984375,108.9393310546875,272.556640625,-1,-1,-1,-1
191,1,986.0219116210938,653.9533081054688,105.94146728515625,274.26141357421875,-1,-1,-1,-1
192,1,989.290283203125,649.1625366210938,101.752685546875,279.4844970703125,-1,-1,-1,-1
193,1,995.4662475585938,644.3198852539062,94.05450439453125,284.7213134765625,-1,-1,-1,-1
194,1,1000.21484375,639.4033813476562,91.5831298828125,288.67529296875,-1,-1,-1,-1
195,1,1002.8692016601562,638.1719970703125,95.36419677734375,291.920166015625,-1,-1,-1,-1
196,1,1002.8214111328125,640.63232421875,98.282958984375,294.443115234375,-1,-1,-1,-1
197,1,1000.6923217773438,645.12744140625,104.41534423828125,292.1097412109375,-1,-1,-1,-1
198,1,1000.956298828125,648.120849609375,105.959228515625,289.56268310546875,-1,-1,-1,-1
199,1,1002.7778930664062,647.2943725585938,103.02606201171875,289.93798828125,-1,-1,-1,-1
200,1,1002.43701171875,643.7567138671875,101.669677734375,292.68695068359375,-1,-1,-1,-1
201,1,995.367431640625,639.3761596679688,107.7880859375,294.517822265625,-1,-1,-1,-1
202,1,989.0431518554688,637.7874145507812,109.99639892578125,294.79290771484375,-1,-1,-1,-1
203,1,989.1740112304688,637.8860473632812,110.68878173828125,295.44244384765625,-1,-1,-1,-1
204,1,987.9306640625,639.8676147460938,108.58642578125,292.4368896484375,-1,-1,-1,-1
205,1,987.6661376953125,641.5240478515625,106.886474609375,291.079345703125,-1,-1,-1,-1
206,1,988.4695434570312,640.9389038085938,103.06475830078125,289.90582275390625,-1,-1,-1,-1
207,1,989.5781860351562,639.4114379882812,100.58477783203125,296.1650390625,-1,-1,-1,-1
208,1,988.600830078125,637.2437133789062,105.06005859375,305.82904052734375,-1,-1,-1,-1
209,1,985.284912109375,635.1735229492188,107.7664794921875,313.77520751953125,-1,-1,-1,-1
210,1,981.934326171875,634.1524047851562,120.5426025390625,318.794189453125,-1,-1,-1,-1
211,1,992.297607421875,633.3936767578125,118.6507568359375,321.619384765625,-1,-1,-1,-1
212,1,981.7039794921875,630.500244140625,128.7091064453125,320.87164306640625,-1,-1,-1,-1
213,1,922.7909545898438,630.2291259765625,138.85430908203125,311.24920654296875,-1,-1,-1,-1
214,1,835.333251953125,643.2453002929688,136.96173095703125,297.27459716796875,-1,-1,-1,-1
215,1,737.9078369140625,669.8097534179688,136.031982421875,286.36981201171875,-1,-1,-1,-1
216,1,695.95166015625,680.15087890625,134.23626708984375,284.15179443359375,-1,-1,-1,-1
217,1,729.1463623046875,676.9756469726562,143.81854248046875,283.87969970703125,-1,-1,-1,-1
218,1,782.416748046875,665.232666015625,143.92364501953125,288.0106201171875,-1,-1,-1,-1
219,1,792.8992919921875,643.0992431640625,136.6822509765625,292.51141357421875,-1,-1,-1,-1
220,1,759.2266235351562,622.8682861328125,120.48992919921875,287.7054443359375,-1,-1,-1,-1
221,1,724.9193115234375,599.6200561523438,111.17083740234375,288.37066650390625,-1,-1,-1,-1
222,1,724.8146362304688,581.7293090820312,117.378662109375,287.76763916015625,-1,-1,-1,-1
223,1,756.2196655273438,574.7100219726562,126.80023193359375,288.7711181640625,-1,-1,-1,-1
224,1,823.69384765625,572.9013671875,138.93792724609375,292.614990234375,-1,-1,-1,-1
225,1,897.5960083007812,579.8507690429688,152.46990966796875,305.20599365234375,-1,-1,-1,-1
226,1,929.075927734375,595.5234985351562,156.7974853515625,299.04583740234375,-1,-1,-1,-1
227,1,898.8026733398438,602.1383666992188,147.03643798828125,304.9788818359375,-1,-1,-1,-1
228,1,830.1470947265625,602.6309204101562,124.517333984375,294.81036376953125,-1,-1,-1,-1
229,1,762.9977416992188,601.1408081054688,106.37567138671875,286.44451904296875,-1,-1,-1,-1
230,1,726.0477294921875,597.699951171875,104.92156982421875,283.26141357421875,-1,-1,-1,-1
231,1,721.3836669921875,606.0637817382812,106.6591796875,279.71527099609375,-1,-1,-1,-1
232,1,731.44970703125,619.6688842773438,106.9510498046875,277.4171142578125,-1,-1,-1,-1
233,1,740.21044921875,627.6654663085938,117.24609375,274.8138427734375,-1,-1,-1,-1
234,1,740.5071411132812,627.4096069335938,126.85345458984375,268.9114990234375,-1,-1,-1,-1
235,1,747.350830078125,624.023681640625,129.32598876953125,266.92791748046875,-1,-1,-1,-1
236,1,757.1251831054688,625.6961669921875,135.1766357421875,267.4747314453125,-1,-1,-1,-1
237,1,794.8899536132812,626.752197265625,125.0516357421875,270.92138671875,-1,-1,-1,-1
238,1,845.2269287109375,621.8151245117188,121.44390869140625,278.15234375,-1,-1,-1,-1
239,1,912.0984497070312,620.3895874023438,121.38909912109375,290.8690185546875,-1,-1,-1,-1
240,1,977.3200073242188,621.8177490234375,122.68682861328125,301.3626708984375,-1,-1,-1,-1
241,1,1018.872314453125,621.11767578125,116.98974609375,298.61920166015625,-1,-1,-1,-1
242,1,1033.875244140625,624.7086791992188,110.4560546875,288.404052734375,-1,-1,-1,-1
243,1,1036.1307373046875,632.51611328125,114.0455322265625,276.201416015625,-1,-1,-1,-1
244,1,1030.3724365234375,639.0933837890625,118.269287109375,264.28765869140625,-1,-1,-1,-1
245,1,1019.601806640625,647.4522094726562,119.573486328125,251.50396728515625,-1,-1,-1,-1
246,1,1001.4506225585938,657.2431640625,133.08074951171875,233.5888671875,-1,-1,-1,-1
247,1,988.2166748046875,659.2518920898438,128.6337890625,219.811279296875,-1,-1,-1,-1
248,1,979.1766967773438,650.7477416992188,122.60260009765625,258.1683349609375,-1,-1,-1,-1
249,1,978.18408203125,644.2398071289062,120.987548828125,259.45062255859375,-1,-1,-1,-1
250,1,977.3124389648438,640.5357055664062,122.82525634765625,259.37347412109375,-1,-1,-1,-1
251,1,968.52978515625,639.836181640625,131.690673828125,257.55352783203125,-1,-1,-1,-1
252,1,956.3970947265625,643.8779296875,138.997314453125,252.02496337890625,-1,-1,-1,-1
253,1,945.4450073242188,649.9353637695312,143.98565673828125,244.19683837890625,-1,-1,-1,-1
254,1,941.9673461914062,656.8934326171875,143.83465576171875,236.6602783203125,-1,-1,-1,-1
255,1,936.1123046875,658.5504150390625,138.7476806640625,232.17138671875,-1,-1,-1,-1
256,1,935.369384765625,654.4445190429688,132.665771484375,228.52569580078125,-1,-1,-1,-1
257,1,921.6199951171875,636.2005615234375,132.15673828125,229.8223876953125,-1,-1,-1,-1
258,1,822.5922241210938,609.1053466796875,129.01263427734375,219.8292236328125,-1,-1,-1,-1
259,1,656.1051025390625,588.8716430664062,128.143310546875,212.6976318359375,-1,-1,-1,-1
260,1,454.3195495605469,568.08447265625,144.35830688476562,219.77996826171875,-1,-1,-1,-1
261,1,235.84738159179688,535.9689331054688,173.19992065429688,239.66925048828125,-1,-1,-1,-1
262,1,78.61263275146484,518.063232421875,175.48822021484375,238.03448486328125,-1,-1,-1,-1
263,1,44.556861877441406,503.26287841796875,163.35855102539062,249.31298828125,-1,-1,-1,-1
264,1,1.7389345169067383,497.47235107421875,178.8687286376953,247.31304931640625,-1,-1,-1,-1
1,2,605.1607055664062,608.6470947265625,57.53125,124.83392333984375,-1,-1,-1,-1
2,2,584.7354736328125,599.6737670898438,57.82928466796875,125.5089111328125,-1,-1,-1,-1
3,2,576.3173828125,596.9080810546875,57.67431640625,125.7723388671875,-1,-1,-1,-1
4,2,567.1065063476562,599.93310546875,59.494384765625,126.75347900390625,-1,-1,-1,-1
5,2,556.2488403320312,600.6598510742188,58.97515869140625,126.01727294921875,-1,-1,-1,-1
6,2,542.2044677734375,594.4476318359375,59.070068359375,128.67156982421875,-1,-1,-1,-1
7,2,528.4443969726562,589.7815551757812,61.79840087890625,128.36669921875,-1,-1,-1,-1
8,2,525.0723266601562,589.751708984375,58.69775390625,128.5322265625,-1,-1,-1,-1
9,2,520.7451171875,591.8298950195312,59.12298583984375,127.77850341796875,-1,-1,-1,-1
10,2,515.1141967773438,593.6676025390625,59.935546875,128.8958740234375,-1,-1,-1,-1
11,2,512.7599182128906,593.8593139648438,57.943634033203125,130.3323974609375,-1,-1,-1,-1
12,2,513.80126953125,594.3155517578125,57.05938720703125,130.60430908203125,-1,-1,-1,-1
13,2,514.5288696289062,595.6219482421875,56.94488525390625,129.66259765625,-1,-1,-1,-1
14,2,515.1101684570312,597.851318359375,57.50860595703125,128.761962890625,-1,-1,-1,-1
15,2,515.898681640625,603.079345703125,59.4969482421875,131.048095703125,-1,-1,-1,-1
16,2,520.7271118164062,612.4434814453125,57.681396484375,129.504638671875,-1,-1,-1,-1
17,2,529.5186157226562,622.8360595703125,56.357666015625,130.43499755859375,-1,-1,-1,-1
18,2,542.1412353515625,633.2877807617188,53.74395751953125,130.046630859375,-1,-1,-1,-1
19,2,556.9852905273438,639.005615234375,50.4791259765625,128.9114990234375,-1,-1,-1,-1
20,2,564.7066040039062,641.6223754882812,54.82373046875,128.21405029296875,-1,-1,-1,-1
21,2,573.9091796875,639.1502075195312,50.67169189453125,128.72576904296875,-1,-1,-1,-1
22,2,571.2698974609375,630.2785034179688,50.21478271484375,131.36810302734375,-1,-1,-1,-1
23,2,559.7977905273438,622.5553588867188,52.71124267578125,131.46527099609375,-1,-1,-1,-1
24,2,545.9326171875,618.53955078125,55.45318603515625,131.61102294921875,-1,-1,-1,-1
25,2,533.3997802734375,615.9627685546875,56.81591796875,132.91552734375,-1,-1,-1,-1
26,2,528.3206787109375,615.687255859375,52.86639404296875,133.09039306640625,-1,-1,-1,-1
27,2,518.4793090820312,615.3621826171875,56.127197265625,132.57177734375,-1,-1,-1,-1
28,2,509.32806396484375,613.630126953125,55.94879150390625,134.1224365234375,-1,-1,-1,-1
29,2,501.1704406738281,609.8853759765625,52.286407470703125,133.47265625,-1,-1,-1,-1
30,2,487.42877197265625,607.4774169921875,54.06744384765625,133.224609375,-1,-1,-1,-1
31,2,473.53302001953125,608.0516967773438,57.27606201171875,134.17364501953125,-1,-1,-1,-1
32,2,464.866455078125,610.1065673828125,56.901611328125,135.3477783203125,-1,-1,-1,-1
33,2,458.01983642578125,613.5033569335938,57.85491943359375,137.8707275390625,-1,-1,-1,-1
34,2,453.5243835449219,615.282958984375,57.078765869140625,137.0074462890625,-1,-1,-1,-1
35,2,447.22332763671875,616.4014282226562,58.68218994140625,137.4644775390625,-1,-1,-1,-1
36,2,445.69097900390625,620.6044311523438,57.269012451171875,136.4471435546875,-1,-1,-1,-1
37,2,444.3312072753906,622.4329223632812,58.555206298828125,137.3719482421875,-1,-1,-1,-1
38,2,445.03948974609375,621.3167114257812,57.611480712890625,135.58184814453125,-1,-1,-1,-1
39,2,441.5641784667969,617.305908203125,58.3543701171875,136.7801513671875,-1,-1,-1,-1
40,2,437.5370788574219,613.9375610351562,57.725128173828125,138.45281982421875,-1,-1,-1,-1
41,2,433.15069580078125,613.5682373046875,59.907806396484375,138.80712890625,-1,-1,-1,-1
42,2,431.13330078125,614.9682006835938,61.10614013671875,138.2215576171875,-1,-1,-1,-1
43,2,430.9804382324219,614.8547973632812,61.167572021484375,138.03533935546875,-1,-1,-1,-1
44,2,430.1094055175781,614.3438110351562,59.270660400390625,138.059814453125,-1,-1,-1,-1
45,2,426.77569580078125,614.2498168945312,60.136077880859375,138.50177001953125,-1,-1,-1,-1
46,2,425.9832763671875,614.1676635742188,59.639068603515625,138.96343994140625,-1,-1,-1,-1
47,2,425.7293395996094,614.1265869140625,60.03076171875,138.91595458984375,-1,-1,-1,-1
48,2,429.5959167480469,615.759033203125,58.684295654296875,137.23583984375,-1,-1,-1,-1
49,2,431.9857177734375,619.5411376953125,59.341644287109375,136.720703125,-1,-1,-1,-1
50,2,431.9568786621094,623.1065063476562,59.5164794921875,138.0960693359375,-1,-1,-1,-1
51,2,431.6939392089844,625.3785400390625,59.145050048828125,138.611328125,-1,-1,-1,-1
52,2,432.1267395019531,626.5269775390625,58.523162841796875,138.80413818359375,-1,-1,-1,-1
53,2,432.1043701171875,627.3096313476562,58.2587890625,138.8529052734375,-1,-1,-1,-1
54,2,430.89923095703125,628.3557739257812,58.4210205078125,138.35980224609375,-1,-1,-1,-1
55,2,431.4183349609375,629.3932495117188,56.796875,138.190185546875,-1,-1,-1,-1
56,2,429.0068054199219,628.5789184570312,57.880889892578125,139.38787841796875,-1,-1,-1,-1
57,2,426.1865234375,627.2695922851562,58.1932373046875,139.77362060546875,-1,-1,-1,-1
58,2,421.3834533691406,626.8501586914062,59.520599365234375,139.25640869140625,-1,-1,-1,-1
59,2,420.1286926269531,625.2523193359375,59.361358642578125,140.41204833984375,-1,-1,-1,-1
60,2,418.041015625,621.546142578125,60.1337890625,140.48248291015625,-1,-1,-1,-1
61,2,416.6986083984375,617.1668701171875,60.468658447265625,139.09942626953125,-1,-1,-1,-1
62,2,416.43682861328125,611.6693725585938,59.49774169921875,140.361328125,-1,-1,-1,-1
63,2,415.7537536621094,608.673828125,60.643829345703125,139.197021484375,-1,-1,-1,-1
64,2,418.1806945800781,608.5352172851562,60.5159912109375,140.40667724609375,-1,-1,-1,-1
65,2,417.7740478515625,610.111328125,60.866455078125,139.9542236328125,-1,-1,-1,-1
66,2,417.1240234375,611.7850952148438,62.019805908203125,139.85064697265625,-1,-1,-1,-1
67,2,419.52752685546875,614.599609375,61.25201416015625,138.21710205078125,-1,-1,-1,-1
68,2,428.1239013671875,615.053466796875,57.56414794921875,138.888916015625,-1,-1,-1,-1
69,2,431.7129211425781,614.8484497070312,59.888580322265625,137.96600341796875,-1,-1,-1,-1
70,2,437.83160400390625,614.1599731445312,58.245941162109375,137.5849609375,-1,-1,-1,-1
71,2,440.863525390625,614.04345703125,57.86480712890625,138.2589111328125,-1,-1,-1,-1
72,2,443.00006103515625,615.476318359375,58.703582763671875,137.5191650390625,-1,-1,-1,-1
73,2,445.5550537109375,617.0262451171875,59.989044189453125,136.31903076171875,-1,-1,-1,-1
74,2,454.76220703125,619.6180419921875,55.581146240234375,134.69451904296875,-1,-1,-1,-1
75,2,459.7602233886719,621.6427001953125,57.815093994140625,135.17138671875,-1,-1,-1,-1
76,2,468.0439453125,624.0771484375,55.63555908203125,135.87353515625,-1,-1,-1,-1
77,2,477.32269287109375,626.9593505859375,57.020751953125,136.77001953125,-1,-1,-1,-1
78,2,491.2975769042969,629.060302734375,56.846588134765625,134.93267822265625,-1,-1,-1,-1
79,2,507.62396240234375,630.0198974609375,56.069580078125,134.87835693359375,-1,-1,-1,-1
80,2,521.169677734375,632.6991577148438,55.315673828125,132.777587890625,-1,-1,-1,-1
81,2,530.036376953125,635.6627197265625,56.9368896484375,131.6868896484375,-1,-1,-1,-1
82,2,541.5904541015625,637.4765625,52.88934326171875,131.08074951171875,-1,-1,-1,-1
83,2,546.6051635742188,638.7639770507812,54.11822509765625,130.44195556640625,-1,-1,-1,-1
84,2,550.1578979492188,638.7293701171875,53.67510986328125,130.21942138671875,-1,-1,-1,-1
85,2,554.3473510742188,638.7308349609375,51.268310546875,130.36572265625,-1,-1,-1,-1
86,2,554.7884521484375,639.2026977539062,52.03515625,130.95819091796875,-1,-1,-1,-1
87,2,556.1310424804688,639.9400024414062,51.28851318359375,130.5994873046875,-1,-1,-1,-1
88,2,556.7584228515625,640.623046875,51.00201416015625,129.72265625,-1,-1,-1,-1
89,2,557.2247314453125,640.3890380859375,51.7877197265625,130.238037109375,-1,-1,-1,-1
90,2,558.224609375,640.5317993164062,52.17645263671875,130.23773193359375,-1,-1,-1,-1
91,2,557.9586181640625,639.75439453125,52.42388916015625,130.8372802734375,-1,-1,-1,-1
92,2,557.4300537109375,640.1258544921875,51.33062744140625,130.607666015625,-1,-1,-1,-1
93,2,557.189453125,640.3839111328125,50.5816650390625,130.760498046875,-1,-1,-1,-1
94,2,558.998291015625,639.4193725585938,52.54815673828125,130.83013916015625,-1,-1,-1,-1
95,2,568.7794799804688,636.5480346679688,51.6278076171875,130.87286376953125,-1,-1,-1,-1
96,2,573.7531127929688,634.1277465820312,55.38226318359375,131.546630859375,-1,-1,-1,-1
97,2,580.602294921875,632.5958862304688,52.46185302734375,131.43377685546875,-1,-1,-1,-1
98,2,581.9161376953125,632.1004028320312,52.14825439453125,131.739501953125,-1,-1,-1,-1
99,2,581.7012329101562,631.95263671875,52.4544677734375,131.58587646484375,-1,-1,-1,-1
100,2,583.6639404296875,631.7060546875,51.5040283203125,132.4312744140625,-1,-1,-1,-1
101,2,584.3929443359375,631.5944213867188,51.09521484375,132.4254150390625,-1,-1,-1,-1
102,2,585.0756225585938,630.4423217773438,50.58123779296875,132.2159423828125,-1,-1,-1,-1
103,2,584.2532348632812,630.988037109375,51.11212158203125,132.0574951171875,-1,-1,-1,-1
104,2,584.40625,632.1728515625,50.8128662109375,131.54620361328125,-1,-1,-1,-1
105,2,584.19580078125,632.4458618164062,51.00048828125,131.7340087890625,-1,-1,-1,-1
106,2,583.165771484375,632.6526489257812,51.3929443359375,131.39227294921875,-1,-1,-1,-1
107,2,582.475341796875,632.5022583007812,51.3507080078125,131.61358642578125,-1,-1,-1,-1
108,2,583.0130615234375,634.0633544921875,51.069091796875,130.56390380859375,-1,-1,-1,-1
109,2,583.3204956054688,635.6804809570312,51.25250244140625,130.7645263671875,-1,-1,-1,-1
110,2,582.8425903320312,636.3650512695312,51.567138671875,130.60931396484375,-1,-1,-1,-1
111,2,581.6879272460938,637.02392578125,51.57421875,130.0252685546875,-1,-1,-1,-1
112,2,577.9313354492188,636.66064453125,54.0269775390625,129.869384765625,-1,-1,-1,-1
113,2,576.7411499023438,636.3218383789062,55.03253173828125,130.242431640625,-1,-1,-1,-1
114,2,578.901123046875,637.3190307617188,53.81414794921875,130.02362060546875,-1,-1,-1,-1
115,2,580.37353515625,639.5662231445312,52.625732421875,129.37542724609375,-1,-1,-1,-1
116,2,579.9165649414062,641.5877075195312,53.34930419921875,129.8369140625,-1,-1,-1,-1
117,2,579.7052001953125,643.2333374023438,53.0279541015625,130.983642578125,-1,-1,-1,-1
118,2,578.6209106445312,647.2583618164062,53.88250732421875,130.89764404296875,-1,-1,-1,-1
119,2,576.1380615234375,648.7958984375,55.5079345703125,131.27783203125,-1,-1,-1,-1
120,2,576.2349243164062,650.205810546875,55.58721923828125,130.3751220703125,-1,-1,-1,-1
121,2,577.9003295898438,651.119384765625,54.81182861328125,130.58746337890625,-1,-1,-1,-1
122,2,583.2589111328125,651.4156494140625,51.59539794921875,131.031982421875,-1,-1,-1,-1
123,2,588.0230712890625,651.337890625,51.85546875,131.10418701171875,-1,-1,-1,-1
124,2,594.0218505859375,650.1257934570312,51.967529296875,130.5283203125,-1,-1,-1,-1
125,2,597.009033203125,645.6329956054688,51.9805908203125,130.4959716796875,-1,-1,-1,-1
126,2,599.4344482421875,640.82958984375,50.286865234375,129.10113525390625,-1,-1,-1,-1
127,2,598.2778930664062,637.0848388671875,51.24005126953125,130.74591064453125,-1,-1,-1,-1
128,2,592.926513671875,638.1324462890625,52.78424072265625,129.6966552734375,-1,-1,-1,-1
129,2,587.9307250976562,639.647216796875,52.97259521484375,130.20208740234375,-1,-1,-1,-1
130,2,587.22705078125,643.83837890625,51.8392333984375,129.79730224609375,-1,-1,-1,-1
131,2,584.7570190429688,643.4522094726562,51.287353515625,130.78277587890625,-1,-1,-1,-1
132,2,580.0504760742188,642.775146484375,52.56195068359375,129.82470703125,-1,-1,-1,-1
133,2,574.4647827148438,641.4854736328125,54.3531494140625,128.23736572265625,-1,-1,-1,-1
134,2,573.6319580078125,642.7620239257812,54.940673828125,128.9376220703125,-1,-1,-1,-1
135,2,574.5681762695312,643.6785888671875,54.52294921875,128.85870361328125,-1,-1,-1,-1
136,2,573.4806518554688,644.332763671875,54.7540283203125,131.3270263671875,-1,-1,-1,-1
137,2,572.8190307617188,644.1976318359375,53.9642333984375,131.40545654296875,-1,-1,-1,-1
138,2,572.4718017578125,644.0809326171875,53.15093994140625,131.38885498046875,-1,-1,-1,-1
139,2,572.4102783203125,644.0977172851562,53.01409912109375,130.70550537109375,-1,-1,-1,-1
140,2,571.4154663085938,644.0130615234375,53.40814208984375,131.1900634765625,-1,-1,-1,-1
141,2,570.9208984375,643.12890625,53.16009521484375,132.331787109375,-1,-1,-1,-1
142,2,570.93115234375,642.897216796875,51.87225341796875,130.79425048828125,-1,-1,-1,-1
143,2,571.1951904296875,643.7396240234375,50.91802978515625,131.34454345703125,-1,-1,-1,-1
144,2,570.4768676757812,642.1531372070312,51.58349609375,130.383544921875,-1,-1,-1,-1
145,2,569.1871337890625,639.1910400390625,52.40496826171875,129.7735595703125,-1,-1,-1,-1
146,2,568.91357421875,638.74365234375,52.40911865234375,130.091064453125,-1,-1,-1,-1
147,2,568.872802734375,638.544189453125,52.55816650390625,130.1400146484375,-1,-1,-1,-1
148,2,567.4158935546875,639.6947021484375,52.85748291015625,129.46942138671875,-1,-1,-1,-1
149,2,566.6900024414062,640.0693969726562,52.1427001953125,129.2318115234375,-1,-1,-1,-1
150,2,565.0703125,640.5753784179688,53.5146484375,128.9736328125,-1,-1,-1,-1
151,2,564.4379272460938,643.396728515625,53.59375,128.066650390625,-1,-1,-1,-1
152,2,564.4722900390625,642.29736328125,53.7156982421875,128.711669921875,-1,-1,-1,-1
153,2,566.68310546875,640.2639770507812,52.9732666015625,128.953369140625,-1,-1,-1,-1
154,2,568.8129272460938,637.2501220703125,51.79888916015625,130.5794677734375,-1,-1,-1,-1
155,2,565.2683715820312,636.10009765625,53.46893310546875,130.951416015625,-1,-1,-1,-1
156,2,560.8717041015625,638.9321899414062,53.9747314453125,129.9033203125,-1,-1,-1,-1
157,2,558.4276123046875,638.3499145507812,53.542236328125,130.8743896484375,-1,-1,-1,-1
158,2,557.840576171875,637.8649291992188,51.83282470703125,131.4146728515625,-1,-1,-1,-1
159,2,557.36181640625,639.4243774414062,50.284912109375,130.4345703125,-1,-1,-1,-1
160,2,554.7839965820312,639.5447998046875,51.864013671875,129.7454833984375,-1,-1,-1,-1
161,2,553.8143920898438,639.1717529296875,51.81988525390625,130.018798828125,-1,-1,-1,-1
162,2,552.4072875976562,638.7456665039062,51.85552978515625,130.30108642578125,-1,-1,-1,-1
163,2,551.4156494140625,638.55615234375,52.75506591796875,130.5186767578125,-1,-1,-1,-1
164,2,552.6293334960938,638.9029541015625,51.6456298828125,130.22979736328125,-1,-1,-1,-1
165,2,553.1337890625,639.01171875,51.7880859375,130.59027099609375,-1,-1,-1,-1
166,2,551.650390625,641.4469604492188,53.10986328125,130.03399658203125,-1,-1,-1,-1
167,2,550.393798828125,643.4199829101562,54.17352294921875,130.8282470703125,-1,-1,-1,-1
168,2,550.5975341796875,644.1862182617188,53.9029541015625,131.3631591796875,-1,-1,-1,-1
169,2,550.69091796875,643.8905639648438,53.93212890625,131.622802734375,-1,-1,-1,-1
170,2,552.2780151367188,645.1231079101562,52.5458984375,132.4073486328125,-1,-1,-1,-1
171,2,553.506591796875,648.0294799804688,52.416748046875,130.72833251953125,-1,-1,-1,-1
172,2,554.318115234375,649.1776123046875,51.7420654296875,130.45611572265625,-1,-1,-1,-1
173,2,554.103759765625,649.7905883789062,51.646728515625,130.22802734375,-1,-1,-1,-1
174,2,553.154052734375,649.3892211914062,52.326904296875,130.76678466796875,-1,-1,-1,-1
175,2,550.461181640625,648.8938598632812,54.07501220703125,131.25360107421875,-1,-1,-1,-1
176,2,550.0652465820312,649.4854736328125,54.53887939453125,131.33795166015625,-1,-1,-1,-1
177,2,552.115966796875,650.4237060546875,52.6746826171875,130.50970458984375,-1,-1,-1,-1
178,2,552.3964233398438,649.9112548828125,52.69964599609375,131.03948974609375,-1,-1,-1,-1
179,2,551.0491943359375,650.4139404296875,53.403076171875,131.13067626953125,-1,-1,-1,-1
180,2,553.5226440429688,650.1317749023438,51.75006103515625,131.11993408203125,-1,-1,-1,-1
181,2,555.379150390625,650.4719848632812,50.6707763671875,130.72515869140625,-1,-1,-1,-1
182,2,555.8845825195312,650.072998046875,50.30633544921875,131.072021484375,-1,-1,-1,-1
183,2,553.31689453125,650.1378784179688,51.9229736328125,130.8743896484375,-1,-1,-1,-1
184,2,553.6640014648438,650.5927124023438,51.67022705078125,131.1312255859375,-1,-1,-1,-1
185,2,554.5199584960938,650.0787353515625,50.8800048828125,130.95257568359375,-1,-1,-1,-1
186,2,553.663818359375,649.7001953125,51.7554931640625,130.5618896484375,-1,-1,-1,-1
187,2,554.2933349609375,648.9921875,51.70135498046875,130.49102783203125,-1,-1,-1,-1
188,2,554.2337036132812,648.4445190429688,51.614990234375,130.7440185546875,-1,-1,-1,-1
189,2,553.802978515625,648.2685546875,52.16961669921875,130.70184326171875,-1,-1,-1,-1
190,2,554.6597900390625,648.221923828125,51.67138671875,131.0189208984375,-1,-1,-1,-1
191,2,555.2229614257812,648.6812133789062,51.97210693359375,130.68841552734375,-1,-1,-1,-1
192,2,555.989013671875,649.029541015625,51.0828857421875,130.9859619140625,-1,-1,-1,-1
193,2,554.623046875,649.2611694335938,51.5157470703125,130.88641357421875,-1,-1,-1,-1
194,2,553.5347900390625,649.0946044921875,52.07208251953125,130.4708251953125,-1,-1,-1,-1
195,2,552.7047119140625,648.4160766601562,52.443115234375,130.52239990234375,-1,-1,-1,-1
196,2,552.738037109375,647.7723388671875,52.437744140625,131.1953125,-1,-1,-1,-1
197,2,552.0377807617188,648.2874755859375,52.93353271484375,130.38861083984375,-1,-1,-1,-1
198,2,550.68798828125,648.4701538085938,53.76654052734375,130.85137939453125,-1,-1,-1,-1
199,2,550.4078369140625,649.1892700195312,53.566162109375,130.57110595703125,-1,-1,-1,-1
200,2,548.7803955078125,649.64599609375,54.439208984375,130.8031005859375,-1,-1,-1,-1
201,2,547.2973022460938,649.9959716796875,55.5367431640625,130.701171875,-1,-1,-1,-1
202,2,546.86279296875,650.458740234375,55.42559814453125,131.1644287109375,-1,-1,-1,-1
203,2,546.7047729492188,650.5208129882812,54.72760009765625,132.02447509765625,-1,-1,-1,-1
204,2,546.37451171875,650.8548583984375,55.040771484375,131.477294921875,-1,-1,-1,-1
205,2,546.3822631835938,650.7060546875,55.31683349609375,131.6661376953125,-1,-1,-1,-1
206,2,546.3316040039062,650.5082397460938,55.8369140625,131.62451171875,-1,-1,-1,-1
207,2,546.2005004882812,650.4345092773438,55.265869140625,131.668701171875,-1,-1,-1,-1
208,2,545.8370971679688,650.1566162109375,54.85809326171875,131.4979248046875,-1,-1,-1,-1
209,2,544.07470703125,649.2477416992188,54.86358642578125,132.139404296875,-1,-1,-1,-1
210,2,545.4572143554688,648.8569946289062,54.90478515625,131.6463623046875,-1,-1,-1,-1
211,2,546.5984497070312,647.4693603515625,56.10699462890625,131.556884765625,-1,-1,-1,-1
212,2,534.541015625,648.3460693359375,56.46942138671875,131.72705078125,-1,-1,-1,-1
213,2,478.0142517089844,656.0023803710938,59.770355224609375,137.53167724609375,-1,-1,-1,-1
214,2,371.76177978515625,687.7432861328125,67.36398315429688,141.8115234375,-1,-1,-1,-1
215,2,568.766357421875,696.5938720703125,82.81085205078125,199.48779296875,-1,-1,-1,-1
1,3,807.05810546875,630.5033569335938,65.4921875,179.96783447265625,-1,-1,-1,-1
2,3,786.2901000976562,630.6594848632812,65.73309326171875,173.29412841796875,-1,-1,-1,-1
3,3,774.012451171875,635.708740234375,66.86920166015625,167.03961181640625,-1,-1,-1,-1
4,3,766.34521484375,639.8304443359375,68.5787353515625,168.1990966796875,-1,-1,-1,-1
5,3,760.186279296875,634.5814208984375,64.20404052734375,168.29388427734375,-1,-1,-1,-1
6,3,747.23193359375,621.0371704101562,64.94769287109375,175.7410888671875,-1,-1,-1,-1
7,3,737.5902709960938,614.3228759765625,66.2596435546875,180.40576171875,-1,-1,-1,-1
8,3,732.7811279296875,612.7867431640625,64.53131103515625,179.0548095703125,-1,-1,-1,-1
9,3,726.66650390625,615.3471069335938,67.920654296875,177.0433349609375,-1,-1,-1,-1
10,3,722.6024780273438,618.6595458984375,67.259033203125,173.15936279296875,-1,-1,-1,-1
11,3,716.350830078125,623.5086669921875,68.58660888671875,165.8160400390625,-1,-1,-1,-1
12,3,715.959228515625,626.1217041015625,69.39501953125,163.6412353515625,-1,-1,-1,-1
13,3,719.9923095703125,627.1328735351562,68.89349365234375,160.63909912109375,-1,-1,-1,-1
14,3,722.497314453125,624.2200927734375,69.4527587890625,162.951904296875,-1,-1,-1,-1
15,3,726.7892456054688,624.1262817382812,68.77886962890625,170.73291015625,-1,-1,-1,-1
16,3,739.7852172851562,628.591064453125,60.5914306640625,179.31475830078125,-1,-1,-1,-1
17,3,746.6768188476562,635.5687255859375,63.3270263671875,182.828125,-1,-1,-1,-1
18,3,759.153564453125,644.4153442382812,63.20513916015625,181.708251953125,-1,-1,-1,-1
19,3,774.6640625,651.260986328125,64.938720703125,179.91754150390625,-1,-1,-1,-1
20,3,790.8135986328125,655.0971069335938,60.765380859375,175.056884765625,-1,-1,-1,-1
21,3,793.0302734375,648.1976928710938,67.73248291015625,174.165283203125,-1,-1,-1,-1
22,3,791.0015258789062,633.3220825195312,67.82647705078125,176.30072021484375,-1,-1,-1,-1
23,3,779.4339599609375,618.4719848632812,68.64105224609375,180.70343017578125,-1,-1,-1,-1
24,3,768.572021484375,608.9995727539062,64.6868896484375,185.4046630859375,-1,-1,-1,-1
25,3,760.80078125,606.3261108398438,61.05859375,186.616455078125,-1,-1,-1,-1
26,3,752.9561767578125,607.2222900390625,61.52227783203125,183.76629638671875,-1,-1,-1,-1
27,3,741.3189697265625,609.4280395507812,63.7960205078125,181.5948486328125,-1,-1,-1,-1
28,3,737.3424072265625,614.6522216796875,64.32147216796875,175.52618408203125,-1,-1,-1,-1
29,3,722.527587890625,616.7874755859375,68.416259765625,169.8670654296875,-1,-1,-1,-1
30,3,707.2991943359375,618.4281005859375,68.9954833984375,165.0526123046875,-1,-1,-1,-1
31,3,697.6401977539062,618.9607543945312,70.66876220703125,166.28472900390625,-1,-1,-1,-1
32,3,693.6717529296875,617.9857177734375,67.031982421875,172.98541259765625,-1,-1,-1,-1
33,3,688.779541015625,617.0548095703125,66.220703125,177.20428466796875,-1,-1,-1,-1
34,3,685.3170776367188,617.6049194335938,65.03656005859375,179.04437255859375,-1,-1,-1,-1
35,3,684.5700073242188,621.09228515625,60.51580810546875,175.37841796875,-1,-1,-1,-1
36,3,681.8099365234375,629.6351318359375,63.6514892578125,172.79632568359375,-1,-1,-1,-1
37,3,679.8056030273438,638.0047607421875,68.1881103515625,171.040283203125,-1,-1,-1,-1
38,3,678.0623168945312,640.6873779296875,71.6861572265625,168.51397705078125,-1,-1,-1,-1
39,3,673.7212524414062,638.4485473632812,74.96484375,164.4732666015625,-1,-1,-1,-1
40,3,671.2943115234375,635.4663696289062,76.66314697265625,163.93310546875,-1,-1,-1,-1
41,3,671.276611328125,633.974853515625,74.2550048828125,171.5841064453125,-1,-1,-1,-1
42,3,669.3211059570312,633.3053588867188,80.43792724609375,175.8702392578125,-1,-1,-1,-1
43,3,671.6138305664062,633.397216796875,80.94586181640625,180.3673095703125,-1,-1,-1,-1
44,3,670.1981811523438,634.2109375,82.08392333984375,184.35400390625,-1,-1,-1,-1
45,3,668.7675170898438,637.4336547851562,81.19195556640625,182.6109619140625,-1,-1,-1,-1
46,3,665.6241455078125,641.515869140625,74.33599853515625,175.968994140625,-1,-1,-1,-1
47,3,666.3563842773438,644.8190307617188,90.67059326171875,173.43902587890625,-1,-1,-1,-1
48,3,670.5254516601562,649.8585815429688,83.81878662109375,170.15704345703125,-1,-1,-1,-1
49,3,681.5529174804688,657.3250122070312,79.1051025390625,174.03594970703125,-1,-1,-1,-1
50,3,687.1431884765625,669.6060180664062,77.8741455078125,168.7630615234375,-1,-1,-1,-1
51,3,689.944091796875,681.8566284179688,85.49383544921875,158.8492431640625,-1,-1,-1,-1
52,3,689.735107421875,695.3626708984375,106.68499755859375,144.07586669921875,-1,-1,-1,-1
53,3,690.2755126953125,699.4210205078125,94.73614501953125,138.8885498046875,-1,-1,-1,-1
54,3,676.2761840820312,694.2052001953125,93.37750244140625,143.83734130859375,-1,-1,-1,-1
55,3,674.1847534179688,686.2771606445312,92.38299560546875,149.9803466796875,-1,-1,-1,-1
56,3,666.6553955078125,676.4671020507812,126.22674560546875,157.83154296875,-1,-1,-1,-1
57,3,660.3973999023438,668.1333618164062,97.89447021484375,163.17242431640625,-1,-1,-1,-1
58,3,658.0006713867188,661.40625,90.6724853515625,162.75518798828125,-1,-1,-1,-1
59,3,655.630615234375,656.9964599609375,87.15338134765625,162.9658203125,-1,-1,-1,-1
60,3,653.2742309570312,648.9209594726562,93.84356689453125,165.63616943359375,-1,-1,-1,-1
61,3,642.087158203125,640.6591796875,88.24127197265625,167.8665771484375,-1,-1,-1,-1
62,3,639.6461181640625,631.4197998046875,87.69049072265625,173.4327392578125,-1,-1,-1,-1
63,3,638.2535400390625,626.0365600585938,78.27313232421875,173.72186279296875,-1,-1,-1,-1
64,3,635.0630493164062,626.2255249023438,75.6029052734375,168.9715576171875,-1,-1,-1,-1
65,3,635.6431274414062,628.8027954101562,70.65838623046875,162.14154052734375,-1,-1,-1,-1
66,3,632.6709594726562,629.9663696289062,68.79364013671875,158.68585205078125,-1,-1,-1,-1
67,3,632.8381958007812,628.285888671875,66.91912841796875,162.88751220703125,-1,-1,-1,-1
68,3,637.8287353515625,622.0620727539062,64.3748779296875,168.63641357421875,-1,-1,-1,-1
69,3,643.1241455078125,616.91943359375,63.0810546875,172.32135009765625,-1,-1,-1,-1
70,3,648.98046875,613.3165893554688,59.06683349609375,172.7745361328125,-1,-1,-1,-1
71,3,646.301025390625,612.7131958007812,64.1038818359375,171.36285400390625,-1,-1,-1,-1
72,3,641.9954833984375,615.2205810546875,71.622314453125,169.6400146484375,-1,-1,-1,-1
73,3,645.6802368164062,619.0674438476562,72.27734375,165.88824462890625,-1,-1,-1,-1
74,3,651.9384765625,622.858154296875,75.31158447265625,163.5439453125,-1,-1,-1,-1
75,3,655.7020874023438,626.0390625,78.95892333984375,164.04339599609375,-1,-1,-1,-1
76,3,661.518798828125,629.177978515625,80.56781005859375,164.401123046875,-1,-1,-1,-1
77,3,673.8734741210938,630.72265625,76.3385009765625,164.07177734375,-1,-1,-1,-1
78,3,689.4688110351562,631.2820434570312,72.67022705078125,165.8760986328125,-1,-1,-1,-1
79,3,706.10400390625,631.8330078125,68.35821533203125,168.1243896484375,-1,-1,-1,-1
80,3,718.4050903320312,634.01806640625,67.64013671875,168.012451171875,-1,-1,-1,-1
81,3,731.3816528320312,636.1602783203125,64.56268310546875,172.9730224609375,-1,-1,-1,-1
82,3,735.2123413085938,637.9828491210938,70.54974365234375,172.95257568359375,-1,-1,-1,-1
83,3,747.1962890625,639.4993896484375,64.75726318359375,175.36322021484375,-1,-1,-1,-1
84,3,746.9414672851562,639.240234375,68.01849365234375,176.44488525390625,-1,-1,-1,-1
85,3,752.7001953125,638.9534912109375,65.9647216796875,178.5224609375,-1,-1,-1,-1
86,3,760.6864013671875,638.840576171875,59.16241455078125,174.82440185546875,-1,-1,-1,-1
87,3,761.1635131835938,639.3028564453125,60.95989990234375,178.468017578125,-1,-1,-1,-1
88,3,767.9388427734375,640.718994140625,57.110595703125,181.10870361328125,-1,-1,-1,-1
89,3,768.9937133789062,642.381591796875,57.81390380859375,179.624267578125,-1,-1,-1,-1
90,3,771.4188842773438,643.877685546875,58.63128662109375,178.44415283203125,-1,-1,-1,-1
91,3,773.4324340820312,644.37646484375,57.64459228515625,177.62371826171875,-1,-1,-1,-1
92,3,773.3343505859375,645.1239624023438,57.79327392578125,177.7000732421875,-1,-1,-1,-1
93,3,769.2486572265625,644.6185913085938,60.05841064453125,179.35772705078125,-1,-1,-1,-1
94,3,769.4739379882812,643.349853515625,62.80267333984375,180.47607421875,-1,-1,-1,-1
95,3,778.9771728515625,642.0916748046875,60.10516357421875,180.58038330078125,-1,-1,-1,-1
96,3,787.796142578125,642.5787353515625,61.99481201171875,177.83624267578125,-1,-1,-1,-1
97,3,787.6851196289062,645.7225341796875,64.7275390625,172.1732177734375,-1,-1,-1,-1
98,3,786.7896118164062,648.4700927734375,66.75006103515625,168.71136474609375,-1,-1,-1,-1
99,3,786.792724609375,648.0515747070312,65.800048828125,168.62945556640625,-1,-1,-1,-1
100,3,790.9389038085938,643.1143798828125,61.765869140625,172.1688232421875,-1,-1,-1,-1
101,3,794.0498046875,637.2651977539062,59.5350341796875,174.97857666015625,-1,-1,-1,-1
102,3,795.4224243164062,633.3412475585938,58.07427978515625,175.73516845703125,-1,-1,-1,-1
103,3,793.0689086914062,632.7749633789062,59.10028076171875,176.2371826171875,-1,-1,-1,-1
104,3,792.356201171875,634.350341796875,59.584228515625,174.29754638671875,-1,-1,-1,-1
105,3,789.2006225585938,637.544189453125,62.5084228515625,171.5318603515625,-1,-1,-1,-1
106,3,781.6903076171875,642.3460083007812,67.7716064453125,165.9981689453125,-1,-1,-1,-1
107,3,778.5115356445312,646.1538696289062,70.06842041015625,161.65545654296875,-1,-1,-1,-1
108,3,775.9885864257812,648.318115234375,71.75946044921875,160.44281005859375,-1,-1,-1,-1
109,3,778.03125,646.8865356445312,68.24627685546875,162.1578369140625,-1,-1,-1,-1
110,3,779.0374145507812,641.5282592773438,65.56591796875,167.46612548828125,-1,-1,-1,-1
111,3,774.4701538085938,637.9151611328125,68.39801025390625,170.874755859375,-1,-1,-1,-1
112,3,772.6146850585938,635.64990234375,66.01409912109375,170.9896240234375,-1,-1,-1,-1
113,3,773.059814453125,635.849853515625,62.277099609375,167.625732421875,-1,-1,-1,-1
114,3,769.3935546875,638.059326171875,65.69512939453125,163.34295654296875,-1,-1,-1,-1
115,3,770.840576171875,644.3961181640625,65.43682861328125,160.4190673828125,-1,-1,-1,-1
116,3,769.8145141601562,647.453369140625,65.77154541015625,158.982421875,-1,-1,-1,-1
117,3,767.3011474609375,647.7257080078125,69.05712890625,158.5858154296875,-1,-1,-1,-1
118,3,768.5321655273438,649.3587646484375,68.14959716796875,159.1400146484375,-1,-1,-1,-1
119,3,769.8306274414062,649.1551513671875,65.58013916015625,163.397705078125,-1,-1,-1,-1
120,3,773.09130859375,650.2765502929688,63.90386962890625,166.43939208984375,-1,-1,-1,-1
121,3,768.47802734375,652.110107421875,70.71142578125,168.87847900390625,-1,-1,-1,-1
122,3,772.7443237304688,656.5758666992188,73.53326416015625,167.19049072265625,-1,-1,-1,-1
123,3,779.9610595703125,660.6803588867188,73.05474853515625,168.79638671875,-1,-1,-1,-1
124,3,787.9805297851562,661.6737060546875,72.1029052734375,168.88665771484375,-1,-1,-1,-1
125,3,791.4723510742188,658.8787231445312,72.7747802734375,170.21234130859375,-1,-1,-1,-1
126,3,792.7085571289062,654.092041015625,75.199951171875,172.2052001953125,-1,-1,-1,-1
127,3,790.8480224609375,651.220947265625,78.6610107421875,173.725341796875,-1,-1,-1,-1
128,3,791.8267822265625,651.9708251953125,75.48748779296875,172.608642578125,-1,-1,-1,-1
129,3,795.4793701171875,653.6774291992188,71.43499755859375,170.51727294921875,-1,-1,-1,-1
130,3,798.1019287109375,658.0404663085938,68.654296875,169.73699951171875,-1,-1,-1,-1
131,3,799.2532958984375,657.7996826171875,67.06781005859375,169.43597412109375,-1,-1,-1,-1
132,3,799.879638671875,658.4385375976562,66.44073486328125,168.80072021484375,-1,-1,-1,-1
133,3,799.4744262695312,657.4542236328125,64.57916259765625,168.86480712890625,-1,-1,-1,-1
134,3,802.4107666015625,658.33642578125,63.759521484375,168.817138671875,-1,-1,-1,-1
135,3,804.6798095703125,659.8799438476562,62.12200927734375,167.66253662109375,-1,-1,-1,-1
136,3,805.7733154296875,659.9634399414062,62.77679443359375,168.741455078125,-1,-1,-1,-1
137,3,805.3181762695312,658.4541625976562,62.517333984375,169.60491943359375,-1,-1,-1,-1
138,3,804.5565185546875,657.3259887695312,63.95172119140625,169.6292724609375,-1,-1,-1,-1
139,3,803.6341552734375,656.332275390625,65.3214111328125,168.47772216796875,-1,-1,-1,-1
140,3,803.6886596679688,656.4346313476562,63.489990234375,168.4384765625,-1,-1,-1,-1
141,3,801.7601928710938,656.194580078125,65.575439453125,168.4619140625,-1,-1,-1,-1
142,3,798.835205078125,656.3488159179688,67.1876220703125,167.716796875,-1,-1,-1,-1
143,3,798.9195556640625,657.15625,64.42303466796875,167.0823974609375,-1,-1,-1,-1
144,3,800.3917236328125,655.5726928710938,63.0352783203125,168.22003173828125,-1,-1,-1,-1
145,3,799.3004760742188,651.4172973632812,61.604736328125,171.48138427734375,-1,-1,-1,-1
146,3,801.7320556640625,651.0347900390625,59.22015380859375,171.75140380859375,-1,-1,-1,-1
147,3,801.6407470703125,650.6143798828125,59.8868408203125,173.44451904296875,-1,-1,-1,-1
148,3,802.3006591796875,651.197998046875,58.786376953125,174.0010986328125,-1,-1,-1,-1
149,3,801.5191650390625,650.646728515625,58.46649169921875,172.628173828125,-1,-1,-1,-1
150,3,803.6688232421875,650.9170532226562,56.2626953125,171.6033935546875,-1,-1,-1,-1
151,3,803.5911865234375,653.0676879882812,57.7884521484375,171.3792724609375,-1,-1,-1,-1
152,3,803.9666137695312,652.6363525390625,58.97540283203125,172.1663818359375,-1,-1,-1,-1
153,3,805.7992553710938,651.13232421875,59.0987548828125,172.3397216796875,-1,-1,-1,-1
154,3,807.3455810546875,650.3803100585938,56.38323974609375,172.140869140625,-1,-1,-1,-1
155,3,805.9246826171875,649.1865234375,56.70733642578125,169.99090576171875,-1,-1,-1,-1
156,3,803.1238403320312,651.1727294921875,56.79730224609375,170.9788818359375,-1,-1,-1,-1
157,3,801.84814453125,650.6109619140625,57.68280029296875,170.26953125,-1,-1,-1,-1
158,3,801.8768310546875,650.0584716796875,58.58331298828125,170.320068359375,-1,-1,-1,-1
159,3,801.5333251953125,651.5096435546875,58.837646484375,168.8033447265625,-1,-1,-1,-1
160,3,801.26123046875,651.6536865234375,60.9033203125,165.52142333984375,-1,-1,-1,-1
161,3,799.539306640625,650.5166015625,63.73187255859375,165.1334228515625,-1,-1,-1,-1
162,3,798.8103637695312,649.2385864257812,63.65545654296875,165.385986328125,-1,-1,-1,-1
163,3,797.6983032226562,647.4042358398438,66.18389892578125,166.79547119140625,-1,-1,-1,-1
164,3,797.7592163085938,646.3743286132812,66.6102294921875,168.4361572265625,-1,-1,-1,-1
165,3,795.3623046875,646.2904052734375,69.74896240234375,168.8682861328125,-1,-1,-1,-1
166,3,802.1083984375,646.6094360351562,66.15252685546875,170.47802734375,-1,-1,-1,-1
167,3,803.20556640625,647.3235473632812,64.106689453125,171.71185302734375,-1,-1,-1,-1
168,3,800.8253173828125,646.5130615234375,68.77215576171875,174.55096435546875,-1,-1,-1,-1
169,3,801.8101806640625,645.6947021484375,69.06048583984375,173.96954345703125,-1,-1,-1,-1
170,3,802.63037109375,645.8812255859375,68.56854248046875,173.9873046875,-1,-1,-1,-1
171,3,807.3558349609375,649.479736328125,65.35711669921875,173.95794677734375,-1,-1,-1,-1
172,3,810.2977905273438,649.7625122070312,63.7921142578125,177.22174072265625,-1,-1,-1,-1
173,3,811.4955444335938,647.4577026367188,63.29144287109375,180.7901611328125,-1,-1,-1,-1
174,3,811.7621459960938,649.282958984375,62.1995849609375,181.0587158203125,-1,-1,-1,-1
175,3,809.116455078125,647.7315063476562,63.74578857421875,183.81817626953125,-1,-1,-1,-1
176,3,809.6129760742188,646.90087890625,64.489013671875,186.9244384765625,-1,-1,-1,-1
177,3,813.001708984375,647.3743286132812,63.25213623046875,187.6337890625,-1,-1,-1,-1
178,3,815.006103515625,647.845458984375,62.05859375,187.45733642578125,-1,-1,-1,-1
179,3,816.164794921875,648.3410034179688,60.7713623046875,187.2891845703125,-1,-1,-1,-1
180,3,819.595703125,647.6748046875,58.25640869140625,186.28729248046875,-1,-1,-1,-1
181,3,821.3538208007812,646.4497680664062,58.284912109375,187.15020751953125,-1,-1,-1,-1
182,3,821.6603393554688,645.5079345703125,58.87567138671875,187.83782958984375,-1,-1,-1,-1
183,3,820.8600463867188,645.4306030273438,58.65679931640625,187.78759765625,-1,-1,-1,-1
184,3,821.2026977539062,645.8843383789062,58.99591064453125,187.47967529296875,-1,-1,-1,-1
185,3,822.007568359375,644.3938598632812,58.01220703125,188.50689697265625,-1,-1,-1,-1
186,3,821.5509033203125,643.6826782226562,58.2904052734375,187.86773681640625,-1,-1,-1,-1
187,3,822.3875732421875,642.5571899414062,58.75103759765625,189.01495361328125,-1,-1,-1,-1
188,3,822.4125366210938,641.712158203125,58.2984619140625,189.3419189453125,-1,-1,-1,-1
189,3,821.9511108398438,640.06396484375,58.7813720703125,189.21337890625,-1,-1,-1,-1
190,3,822.3277587890625,640.1644287109375,58.38543701171875,188.82867431640625,-1,-1,-1,-1
191,3,823.1575927734375,640.7112426757812,58.682373046875,187.88848876953125,-1,-1,-1,-1
192,3,822.868896484375,640.6744995117188,58.3758544921875,187.06781005859375,-1,-1,-1,-1
193,3,820.8487548828125,641.1093139648438,58.64178466796875,187.95452880859375,-1,-1,-1,-1
194,3,818.7316284179688,640.9060668945312,59.71160888671875,188.28363037109375,-1,-1,-1,-1
195,3,817.5785522460938,640.8880004882812,61.17926025390625,187.3536376953125,-1,-1,-1,-1
196,3,816.7615356445312,640.6988525390625,61.74725341796875,186.47528076171875,-1,-1,-1,-1
197,3,816.0300903320312,640.791015625,62.2301025390625,184.68487548828125,-1,-1,-1,-1
198,3,815.6863403320312,640.8944091796875,61.69415283203125,184.2747802734375,-1,-1,-1,-1
199,3,815.16015625,641.1882934570312,60.95245361328125,184.049072265625,-1,-1,-1,-1
200,3,814.31787109375,641.4256591796875,62.36456298828125,183.13726806640625,-1,-1,-1,-1
201,3,814.0844116210938,641.2462158203125,64.13970947265625,182.7371826171875,-1,-1,-1,-1
202,3,814.2431030273438,641.4270629882812,64.822021484375,183.29107666015625,-1,-1,-1,-1
203,3,815.5789184570312,641.847900390625,64.20989990234375,184.8516845703125,-1,-1,-1,-1
204,3,816.9132690429688,642.1369018554688,62.96246337890625,185.52459716796875,-1,-1,-1,-1
205,3,818.1669311523438,642.0445556640625,62.46697998046875,189.6236572265625,-1,-1,-1,-1
206,3,819.2429809570312,641.520751953125,64.52630615234375,187.78662109375,-1,-1,-1,-1
207,3,819.6800537109375,642.7122192382812,67.68011474609375,187.9456787109375,-1,-1,-1,-1
208,3,818.4019775390625,643.7034912109375,69.392333984375,189.41241455078125,-1,-1,-1,-1
209,3,816.2072143554688,643.7870483398438,68.173583984375,189.0452880859375,-1,-1,-1,-1
210,3,819.51416015625,643.9738159179688,67.1065673828125,187.43670654296875,-1,-1,-1,-1
211,3,821.5039672851562,640.4740600585938,68.1923828125,191.390625,-1,-1,-1,-1
212,3,811.6031494140625,637.0945434570312,68.8409423828125,192.97955322265625,-1,-1,-1,-1
213,3,762.5587158203125,641.094482421875,71.346923828125,187.9964599609375,-1,-1,-1,-1
214,3,671.2593994140625,658.9166259765625,75.0911865234375,187.01507568359375,-1,-1,-1,-1
215,3,570.7985229492188,695.555908203125,78.77099609375,190.365478515625,-1,-1,-1,-1
216,3,518.9661865234375,716.6218872070312,86.16693115234375,189.63360595703125,-1,-1,-1,-1
217,3,555.2114868164062,720.0032348632812,87.58905029296875,189.04095458984375,-1,-1,-1,-1
218,3,609.8582153320312,708.767822265625,84.96478271484375,187.05419921875,-1,-1,-1,-1
219,3,618.2652587890625,683.1778564453125,82.0836181640625,186.72503662109375,-1,-1,-1,-1
220,3,586.5407104492188,651.8723754882812,72.35321044921875,186.64630126953125,-1,-1,-1,-1
221,3,557.7889404296875,614.4876708984375,68.49444580078125,190.80792236328125,-1,-1,-1,-1
222,3,560.9776611328125,584.2584838867188,64.69500732421875,194.35626220703125,-1,-1,-1,-1
223,3,598.6724243164062,569.5276489257812,66.27606201171875,193.68975830078125,-1,-1,-1,-1
224,3,669.0916137695312,562.3681030273438,70.70709228515625,192.0467529296875,-1,-1,-1,-1
225,3,741.6941528320312,566.5520629882812,73.91473388671875,194.2861328125,-1,-1,-1,-1
226,3,768.6405639648438,578.3619384765625,78.18182373046875,194.72705078125,-1,-1,-1,-1
227,3,736.4742431640625,592.154052734375,73.40576171875,191.38714599609375,-1,-1,-1,-1
228,3,665.0546264648438,602.5470581054688,68.91845703125,188.72125244140625,-1,-1,-1,-1
229,3,592.8610229492188,613.7251586914062,67.19512939453125,186.46600341796875,-1,-1,-1,-1
230,3,555.58251953125,617.1917724609375,69.7469482421875,187.2288818359375,-1,-1,-1,-1
231,3,547.5753173828125,629.0506591796875,75.00897216796875,187.9996337890625,-1,-1,-1,-1
232,3,556.8687133789062,640.4673461914062,72.5928955078125,184.54888916015625,-1,-1,-1,-1
233,3,575.11767578125,641.7947387695312,71.5770263671875,184.4805908203125,-1,-1,-1,-1
234,3,588.0274047851562,630.69775390625,73.52032470703125,184.2218017578125,-1,-1,-1,-1
235,3,601.7651977539062,613.4108276367188,73.6243896484375,183.15386962890625,-1,-1,-1,-1
236,3,624.3220825195312,601.5702514648438,72.46795654296875,186.55780029296875,-1,-1,-1,-1
237,3,656.525146484375,597.3078002929688,74.6741943359375,183.62591552734375,-1,-1,-1,-1
238,3,706.5296630859375,589.5624389648438,75.210205078125,182.8563232421875,-1,-1,-1,-1
239,3,772.726318359375,587.9427490234375,78.68865966796875,185.7833251953125,-1,-1,-1,-1
240,3,834.5359497070312,591.2921752929688,78.62469482421875,188.35272216796875,-1,-1,-1,-1
241,3,868.2177734375,594.79150390625,81.27587890625,188.77606201171875,-1,-1,-1,-1
242,3,879.6683959960938,601.1075439453125,82.74200439453125,189.201171875,-1,-1,-1,-1
243,3,883.052490234375,611.1972045898438,82.03289794921875,188.51458740234375,-1,-1,-1,-1
244,3,883.7994384765625,617.1840209960938,81.22314453125,187.93505859375,-1,-1,-1,-1
245,3,883.8130493164062,621.748046875,79.4498291015625,187.4459228515625,-1,-1,-1,-1
246,3,885.7633056640625,626.5926513671875,80.55682373046875,186.4559326171875,-1,-1,-1,-1
247,3,890.668212890625,626.57080078125,78.00384521484375,186.0904541015625,-1,-1,-1,-1
248,3,890.8410034179688,627.1205444335938,73.31170654296875,181.40228271484375,-1,-1,-1,-1
249,3,889.8059692382812,627.04345703125,75.63067626953125,176.604736328125,-1,-1,-1,-1
250,3,895.4832153320312,629.692626953125,72.7886962890625,173.3802490234375,-1,-1,-1,-1
251,3,882.5278930664062,632.125732421875,79.8310546875,170.27313232421875,-1,-1,-1,-1
252,3,869.239013671875,633.6111450195312,84.7210693359375,169.46551513671875,-1,-1,-1,-1
253,3,865.7854614257812,634.7146606445312,84.7989501953125,168.90655517578125,-1,-1,-1,-1
254,3,857.850341796875,636.8873291015625,82.35479736328125,168.68133544921875,-1,-1,-1,-1
255,3,838.248046875,636.5740356445312,94.26348876953125,168.41717529296875,-1,-1,-1,-1
256,3,831.2272338867188,635.1685180664062,95.36492919921875,165.63037109375,-1,-1,-1,-1
257,3,818.94580078125,623.3876342773438,93.2958984375,163.6314697265625,-1,-1,-1,-1
258,3,724.0577392578125,605.9060668945312,89.57586669921875,153.37847900390625,-1,-1,-1,-1
259,3,555.7171020507812,594.3240966796875,89.84405517578125,157.7711181640625,-1,-1,-1,-1
260,3,337.1229553222656,580.5804443359375,108.31900024414062,177.09521484375,-1,-1,-1,-1
261,3,225.25213623046875,536.3668823242188,160.8094482421875,156.933349609375,-1,-1,-1,-1
262,3,134.0601806640625,520.8909912109375,171.568359375,143.40667724609375,-1,-1,-1,-1
12,4,420.4459533691406,525.0831298828125,69.139892578125,225.8876953125,-1,-1,-1,-1
13,4,423.1269836425781,527.314453125,67.60147094726562,227.48870849609375,-1,-1,-1,-1
14,4,426.2129211425781,530.9297485351562,65.69122314453125,226.51080322265625,-1,-1,-1,-1
15,4,429.7084045410156,537.4879760742188,64.00460815429688,209.580078125,-1,-1,-1,-1
16,4,434.789306640625,549.870361328125,60.21588134765625,209.31329345703125,-1,-1,-1,-1
17,4,440.5924377441406,562.12060546875,63.19573974609375,215.435546875,-1,-1,-1,-1
18,4,450.58416748046875,573.8651123046875,61.12445068359375,215.01470947265625,-1,-1,-1,-1
19,4,464.6613464355469,582.592041015625,59.522247314453125,214.6923828125,-1,-1,-1,-1
20,4,475.3034973144531,586.8467407226562,61.251861572265625,203.091796875,-1,-1,-1,-1
21,4,479.4126281738281,587.0852661132812,62.660858154296875,214.96405029296875,-1,-1,-1,-1
22,4,475.18206787109375,579.4489135742188,63.63641357421875,213.06842041015625,-1,-1,-1,-1
23,4,462.4017028808594,571.7010498046875,67.52890014648438,216.348876953125,-1,-1,-1,-1
24,4,448.70269775390625,565.286376953125,69.553955078125,232.30706787109375,-1,-1,-1,-1
25,4,437.40899658203125,563.4141845703125,70.51226806640625,239.25836181640625,-1,-1,-1,-1
26,4,429.05047607421875,561.7108154296875,67.50515747070312,217.128173828125,-1,-1,-1,-1
27,4,420.9687194824219,559.2374267578125,68.12515258789062,237.82000732421875,-1,-1,-1,-1
28,4,411.94952392578125,559.1687622070312,68.47048950195312,242.398193359375,-1,-1,-1,-1
29,4,400.9211120605469,554.0660400390625,68.8868408203125,237.8585205078125,-1,-1,-1,-1
30,4,388.1214599609375,550.5493774414062,69.72003173828125,221.08935546875,-1,-1,-1,-1
31,4,378.73358154296875,549.260498046875,68.92266845703125,223.550048828125,-1,-1,-1,-1
32,4,373.1311950683594,550.6787109375,64.53414916992188,219.27691650390625,-1,-1,-1,-1
33,4,367.0790100097656,553.0750122070312,67.11724853515625,224.74932861328125,-1,-1,-1,-1
34,4,361.6175537109375,554.8153686523438,69.73773193359375,224.078857421875,-1,-1,-1,-1
35,4,359.4766845703125,554.6952514648438,67.72772216796875,226.36932373046875,-1,-1,-1,-1
36,4,357.0051574707031,557.6813354492188,69.798583984375,229.1502685546875,-1,-1,-1,-1
37,4,359.4156494140625,559.5839233398438,68.55938720703125,226.30078125,-1,-1,-1,-1
38,4,361.74560546875,557.20166015625,66.02197265625,223.55853271484375,-1,-1,-1,-1
39,4,359.3863220214844,555.3294677734375,67.50277709960938,210.6640625,-1,-1,-1,-1
40,4,353.81964111328125,548.8599853515625,70.80557250976562,217.47369384765625,-1,-1,-1,-1
41,4,352.5770263671875,548.6393432617188,70.28289794921875,212.21185302734375,-1,-1,-1,-1
42,4,352.4273376464844,549.27490234375,69.78497314453125,211.04876708984375,-1,-1,-1,-1
43,4,353.070068359375,549.151611328125,68.33026123046875,210.3299560546875,-1,-1,-1,-1
44,4,351.5397033691406,548.6389770507812,67.20953369140625,210.29296875,-1,-1,-1,-1
45,4,347.8968200683594,549.2658081054688,68.254150390625,210.5093994140625,-1,-1,-1,-1
46,4,345.17333984375,549.2252197265625,70.06051635742188,211.0452880859375,-1,-1,-1,-1
47,4,345.3009033203125,549.09423828125,70.578125,210.93365478515625,-1,-1,-1,-1
48,4,346.1921691894531,550.5497436523438,68.85684204101562,223.03387451171875,-1,-1,-1,-1
49,4,347.9723205566406,554.0382080078125,67.79837036132812,228.6881103515625,-1,-1,-1,-1
50,4,347.7826232910156,559.695068359375,67.29232788085938,228.8472900390625,-1,-1,-1,-1
51,4,346.07025146484375,561.7598266601562,68.80133056640625,229.20123291015625,-1,-1,-1,-1
52,4,345.4210510253906,563.1668090820312,68.92544555664062,230.9888916015625,-1,-1,-1,-1
53,4,343.240478515625,564.3148193359375,70.49639892578125,230.6175537109375,-1,-1,-1,-1
54,4,338.8941345214844,567.2210693359375,71.45571899414062,227.718505859375,-1,-1,-1,-1
55,4,338.1357421875,567.8568115234375,71.29638671875,222.658935546875,-1,-1,-1,-1
56,4,337.36279296875,567.085205078125,70.21026611328125,214.56280517578125,-1,-1,-1,-1
57,4,333.99658203125,567.0379028320312,69.67352294921875,221.6802978515625,-1,-1,-1,-1
58,4,328.2939758300781,567.655029296875,69.43026733398438,227.19317626953125,-1,-1,-1,-1
59,4,326.06842041015625,565.121337890625,69.90484619140625,224.876708984375,-1,-1,-1,-1
60,4,323.1495361328125,561.8843383789062,72.214599609375,229.2113037109375,-1,-1,-1,-1
61,4,322.3453369140625,556.0828247070312,70.25613403320312,227.31396484375,-1,-1,-1,-1
62,4,321.365234375,549.9443969726562,71.61700439453125,227.62322998046875,-1,-1,-1,-1
63,4,322.2966003417969,546.7550048828125,70.19891357421875,227.88555908203125,-1,-1,-1,-1
64,4,322.6199645996094,547.0301513671875,71.79513549804688,231.402099609375,-1,-1,-1,-1
65,4,323.3797302246094,549.3319091796875,71.16152954101562,233.19317626953125,-1,-1,-1,-1
66,4,324.22528076171875,551.04248046875,69.15472412109375,231.127685546875,-1,-1,-1,-1
67,4,325.09124755859375,553.568603515625,70.136962890625,233.5491943359375,-1,-1,-1,-1
68,4,331.1674499511719,554.704345703125,69.23324584960938,229.1492919921875,-1,-1,-1,-1
69,4,338.44110107421875,552.67822265625,67.89984130859375,235.23358154296875,-1,-1,-1,-1
70,4,343.5901794433594,554.0575561523438,66.91885375976562,234.78155517578125,-1,-1,-1,-1
71,4,346.1737060546875,552.6500854492188,68.43670654296875,228.8404541015625,-1,-1,-1,-1
72,4,348.82171630859375,553.451171875,68.7735595703125,231.1153564453125,-1,-1,-1,-1
73,4,353.20477294921875,555.5338134765625,69.4849853515625,235.1949462890625,-1,-1,-1,-1
74,4,360.08941650390625,557.3535766601562,68.318359375,230.60552978515625,-1,-1,-1,-1
75,4,368.19842529296875,561.33349609375,66.1180419921875,222.56396484375,-1,-1,-1,-1
76,4,375.9850158691406,564.1688232421875,66.70660400390625,221.394775390625,-1,-1,-1,-1
77,4,386.42120361328125,568.7041015625,67.29617309570312,220.04473876953125,-1,-1,-1,-1
78,4,402.47027587890625,570.16357421875,66.19528198242188,217.2508544921875,-1,-1,-1,-1
79,4,419.51336669921875,573.1543579101562,66.21051025390625,217.1297607421875,-1,-1,-1,-1
80,4,433.3221130371094,575.7125854492188,67.29867553710938,213.4610595703125,-1,-1,-1,-1
81,4,445.45037841796875,579.413818359375,64.370849609375,206.94293212890625,-1,-1,-1,-1
82,4,454.47509765625,582.083251953125,63.68646240234375,211.46282958984375,-1,-1,-1,-1
83,4,460.0234069824219,582.8390502929688,65.99685668945312,215.26947021484375,-1,-1,-1,-1
84,4,464.4515380859375,582.9894409179688,63.95574951171875,215.02789306640625,-1,-1,-1,-1
85,4,466.7421875,583.4863891601562,64.90863037109375,214.09100341796875,-1,-1,-1,-1
86,4,467.7396240234375,583.6660766601562,65.1854248046875,217.76123046875,-1,-1,-1,-1
87,4,468.7685241699219,584.1654052734375,65.52413940429688,213.67205810546875,-1,-1,-1,-1
88,4,469.1620178222656,585.2225341796875,66.16122436523438,213.47454833984375,-1,-1,-1,-1
89,4,471.9667053222656,585.4658813476562,63.179534912109375,205.662109375,-1,-1,-1,-1
90,4,473.7931213378906,584.8781127929688,62.039154052734375,199.98297119140625,-1,-1,-1,-1
91,4,473.9949645996094,583.9129638671875,61.501007080078125,203.07708740234375,-1,-1,-1,-1
92,4,471.13616943359375,584.9796142578125,63.8411865234375,210.56951904296875,-1,-1,-1,-1
93,4,469.61334228515625,584.6663818359375,63.9140625,209.8140869140625,-1,-1,-1,-1
94,4,474.8155517578125,583.0018310546875,62.01129150390625,203.6756591796875,-1,-1,-1,-1
95,4,482.3702087402344,581.1900634765625,63.022064208984375,216.08880615234375,-1,-1,-1,-1
96,4,491.50189208984375,577.9459228515625,61.58984375,209.9251708984375,-1,-1,-1,-1
97,4,495.4197082519531,576.838134765625,64.39962768554688,210.16204833984375,-1,-1,-1,-1
98,4,496.45050048828125,577.22607421875,62.64312744140625,208.13995361328125,-1,-1,-1,-1
99,4,496.7324523925781,576.9586791992188,63.305877685546875,209.490966796875,-1,-1,-1,-1
100,4,498.0037841796875,576.0498046875,63.25946044921875,209.50347900390625,-1,-1,-1,-1
101,4,499.2859802246094,576.0499267578125,63.388519287109375,207.2239990234375,-1,-1,-1,-1
102,4,500.5439453125,575.29345703125,62.5841064453125,207.40460205078125,-1,-1,-1,-1
103,4,499.8893127441406,575.4999389648438,62.856719970703125,207.99224853515625,-1,-1,-1,-1
104,4,498.8418884277344,576.904296875,63.280670166015625,207.24127197265625,-1,-1,-1,-1
105,4,498.54705810546875,577.2752075195312,63.40069580078125,207.9775390625,-1,-1,-1,-1
106,4,497.20404052734375,577.6080322265625,63.44830322265625,207.64776611328125,-1,-1,-1,-1
107,4,496.7275695800781,577.9696655273438,63.339508056640625,208.15728759765625,-1,-1,-1,-1
108,4,497.01739501953125,579.4058837890625,63.951171875,205.19830322265625,-1,-1,-1,-1
109,4,496.2427978515625,581.4107666015625,65.668701171875,210.8118896484375,-1,-1,-1,-1
110,4,495.658447265625,582.08203125,66.8282470703125,208.656982421875,-1,-1,-1,-1
111,4,494.6527404785156,583.1405639648438,66.89871215820312,209.13983154296875,-1,-1,-1,-1
112,4,493.997802734375,583.6229248046875,65.46551513671875,208.756591796875,-1,-1,-1,-1
113,4,493.04443359375,582.5093383789062,65.98040771484375,208.648193359375,-1,-1,-1,-1
114,4,494.1783447265625,583.1697387695312,66.3587646484375,209.07550048828125,-1,-1,-1,-1
115,4,495.6280212402344,586.729248046875,64.35800170898438,210.05340576171875,-1,-1,-1,-1
116,4,494.3954162597656,589.0918579101562,65.24777221679688,213.48358154296875,-1,-1,-1,-1
117,4,494.2105712890625,590.0337524414062,66.0081787109375,213.18634033203125,-1,-1,-1,-1
118,4,493.5777282714844,594.3046264648438,65.91830444335938,212.941650390625,-1,-1,-1,-1
119,4,492.35272216796875,594.6236572265625,66.05010986328125,215.4388427734375,-1,-1,-1,-1
120,4,492.3772277832031,596.509765625,64.39712524414062,211.30987548828125,-1,-1,-1,-1
121,4,493.5394592285156,597.7627563476562,65.18606567382812,211.689697265625,-1,-1,-1,-1
122,4,494.4764099121094,598.433349609375,66.59164428710938,213.03741455078125,-1,-1,-1,-1
123,4,503.3455505371094,596.5784301757812,63.941558837890625,205.01019287109375,-1,-1,-1,-1
124,4,509.44677734375,594.9219360351562,62.5316162109375,209.58563232421875,-1,-1,-1,-1
125,4,513.3116455078125,589.2296752929688,62.07305908203125,216.279296875,-1,-1,-1,-1
126,4,515.9645385742188,585.654052734375,61.0382080078125,211.6051025390625,-1,-1,-1,-1
127,4,513.6236572265625,581.2359008789062,62.72711181640625,199.8790283203125,-1,-1,-1,-1
128,4,509.0279541015625,582.4952392578125,62.915283203125,204.4605712890625,-1,-1,-1,-1
129,4,506.2040710449219,583.4152221679688,60.399688720703125,200.47998046875,-1,-1,-1,-1
130,4,503.0575866699219,587.6844482421875,62.369354248046875,204.1651611328125,-1,-1,-1,-1
131,4,498.9246826171875,588.290771484375,65.1292724609375,207.74102783203125,-1,-1,-1,-1
132,4,493.23699951171875,588.9732055664062,65.09173583984375,207.38153076171875,-1,-1,-1,-1
133,4,490.6672058105469,585.2494506835938,64.52932739257812,213.06585693359375,-1,-1,-1,-1
134,4,489.8638916015625,586.0072021484375,64.13671875,209.81591796875,-1,-1,-1,-1
135,4,490.8933410644531,587.9742431640625,63.597015380859375,212.42144775390625,-1,-1,-1,-1
136,4,490.0201416015625,588.4434814453125,63.098876953125,207.0335693359375,-1,-1,-1,-1
137,4,489.05181884765625,587.9522705078125,62.7449951171875,208.798828125,-1,-1,-1,-1
138,4,488.5793762207031,587.92333984375,61.985137939453125,198.39178466796875,-1,-1,-1,-1
139,4,488.01470947265625,587.8384399414062,62.21990966796875,203.4208984375,-1,-1,-1,-1
140,4,487.615966796875,588.0247192382812,61.86322021484375,204.28009033203125,-1,-1,-1,-1
141,4,487.186279296875,587.94970703125,62.0521240234375,207.192626953125,-1,-1,-1,-1
142,4,485.31805419921875,587.19921875,63.2918701171875,210.7166748046875,-1,-1,-1,-1
143,4,484.8070983886719,587.3466796875,62.671295166015625,213.447509765625,-1,-1,-1,-1
144,4,485.1769104003906,586.558349609375,62.114837646484375,210.615234375,-1,-1,-1,-1
145,4,484.6159362792969,583.099365234375,62.011566162109375,210.634521484375,-1,-1,-1,-1
146,4,482.6017761230469,583.0711059570312,62.886749267578125,212.00238037109375,-1,-1,-1,-1
147,4,482.5528869628906,583.1878051757812,63.203033447265625,212.84759521484375,-1,-1,-1,-1
148,4,481.2308044433594,584.1932373046875,63.881622314453125,215.54827880859375,-1,-1,-1,-1
149,4,480.72808837890625,584.5706176757812,62.38153076171875,214.72967529296875,-1,-1,-1,-1
150,4,479.1319885253906,585.0819091796875,63.359771728515625,215.19195556640625,-1,-1,-1,-1
151,4,478.4227294921875,587.96826171875,66.09808349609375,214.857421875,-1,-1,-1,-1
152,4,478.3953857421875,587.802001953125,64.37750244140625,213.89166259765625,-1,-1,-1,-1
153,4,480.5746765136719,584.4192504882812,63.552337646484375,211.17486572265625,-1,-1,-1,-1
154,4,482.515869140625,581.5210571289062,62.5478515625,209.86651611328125,-1,-1,-1,-1
155,4,479.7625427246094,581.0150146484375,62.111541748046875,209.5740966796875,-1,-1,-1,-1
156,4,476.5310974121094,581.7640991210938,61.542266845703125,207.5771484375,-1,-1,-1,-1
157,4,473.8172607421875,581.4964599609375,63.44281005859375,203.82470703125,-1,-1,-1,-1
158,4,470.3702697753906,581.8567504882812,63.775238037109375,207.38677978515625,-1,-1,-1,-1
159,4,468.39764404296875,582.925537109375,64.5169677734375,213.06829833984375,-1,-1,-1,-1
160,4,467.2132568359375,583.6317749023438,64.0360107421875,213.505126953125,-1,-1,-1,-1
161,4,465.1494445800781,583.1143798828125,62.884368896484375,210.30859375,-1,-1,-1,-1
162,4,464.03546142578125,583.2435302734375,61.3780517578125,211.99468994140625,-1,-1,-1,-1
163,4,463.5874938964844,582.189453125,62.665374755859375,213.7471923828125,-1,-1,-1,-1
164,4,463.67633056640625,582.5918579101562,62.83074951171875,216.28131103515625,-1,-1,-1,-1
165,4,464.69091796875,582.4566650390625,63.3978271484375,214.359375,-1,-1,-1,-1
166,4,464.2181396484375,585.028564453125,63.33001708984375,214.1904296875,-1,-1,-1,-1
167,4,462.28790283203125,587.2734375,65.6715087890625,215.9652099609375,-1,-1,-1,-1
168,4,461.9678649902344,587.6753540039062,65.83590698242188,217.12530517578125,-1,-1,-1,-1
169,4,462.7267761230469,587.4882202148438,66.18612670898438,213.25872802734375,-1,-1,-1,-1
170,4,462.73382568359375,588.549072265625,65.46490478515625,225.04290771484375,-1,-1,-1,-1
171,4,464.7162780761719,591.0057373046875,63.473297119140625,217.36309814453125,-1,-1,-1,-1
172,4,465.38580322265625,592.6798706054688,63.16796875,216.1361083984375,-1,-1,-1,-1
173,4,464.38787841796875,592.6824340820312,65.2611083984375,221.904052734375,-1,-1,-1,-1
174,4,463.35479736328125,593.44287109375,65.3388671875,216.782470703125,-1,-1,-1,-1
175,4,461.94622802734375,591.9061889648438,65.60980224609375,224.73199462890625,-1,-1,-1,-1
176,4,461.4980773925781,592.20751953125,65.72030639648438,227.43804931640625,-1,-1,-1,-1
177,4,462.6434020996094,593.03466796875,65.13681030273438,222.514404296875,-1,-1,-1,-1
178,4,462.4340515136719,593.732421875,64.88546752929688,221.58294677734375,-1,-1,-1,-1
179,4,461.72259521484375,593.401123046875,65.48199462890625,225.1917724609375,-1,-1,-1,-1
180,4,463.2969970703125,594.1171875,63.9012451171875,217.6212158203125,-1,-1,-1,-1
181,4,464.44873046875,594.3372802734375,65.09686279296875,224.9600830078125,-1,-1,-1,-1
182,4,463.41058349609375,594.4017944335938,65.57147216796875,223.09906005859375,-1,-1,-1,-1
183,4,463.1584167480469,593.926513671875,64.56405639648438,223.46051025390625,-1,-1,-1,-1
184,4,462.60546875,594.5978393554688,66.19921875,223.67498779296875,-1,-1,-1,-1
185,4,462.6936340332031,594.3446044921875,65.33078002929688,227.374267578125,-1,-1,-1,-1
186,4,462.9196472167969,593.787353515625,63.848175048828125,222.9742431640625,-1,-1,-1,-1
187,4,463.814208984375,593.3475341796875,63.79736328125,218.00341796875,-1,-1,-1,-1
188,4,464.43017578125,592.7007446289062,63.1510009765625,216.281005859375,-1,-1,-1,-1
189,4,464.2474670410156,592.7328491210938,63.189788818359375,216.31781005859375,-1,-1,-1,-1
190,4,464.2233581542969,592.7550659179688,63.803253173828125,219.35174560546875,-1,-1,-1,-1
191,4,465.14471435546875,592.9317626953125,64.52593994140625,215.2877197265625,-1,-1,-1,-1
192,4,464.58135986328125,593.7493286132812,64.287109375,219.6842041015625,-1,-1,-1,-1
193,4,463.7020263671875,593.0982666015625,65.15087890625,224.36151123046875,-1,-1,-1,-1
194,4,461.9019470214844,592.4675903320312,66.52920532226562,225.8402099609375,-1,-1,-1,-1
195,4,461.38427734375,591.7716674804688,66.20733642578125,226.64984130859375,-1,-1,-1,-1
196,4,461.1484069824219,591.765869140625,64.75228881835938,227.70513916015625,-1,-1,-1,-1
197,4,461.3523864746094,591.6292724609375,66.48873901367188,226.422119140625,-1,-1,-1,-1
198,4,460.5710144042969,592.4562377929688,67.32192993164062,228.53302001953125,-1,-1,-1,-1
199,4,460.0522766113281,593.4103393554688,67.23593139648438,236.501953125,-1,-1,-1,-1
200,4,457.1315002441406,594.9324340820312,70.59384155273438,246.06976318359375,-1,-1,-1,-1
201,4,456.450439453125,594.8746948242188,69.2576904296875,241.911865234375,-1,-1,-1,-1
202,4,456.19024658203125,596.1469116210938,66.836669921875,240.84832763671875,-1,-1,-1,-1
203,4,457.0247497558594,595.9879150390625,64.47122192382812,234.27923583984375,-1,-1,-1,-1
204,4,454.6743469238281,596.70458984375,66.34890747070312,237.65557861328125,-1,-1,-1,-1
205,4,455.81988525390625,596.2100830078125,66.49761962890625,240.34246826171875,-1,-1,-1,-1
206,4,454.19085693359375,596.1546020507812,67.7081298828125,243.19354248046875,-1,-1,-1,-1
207,4,455.33843994140625,596.2296752929688,66.73297119140625,238.234130859375,-1,-1,-1,-1
208,4,453.5963134765625,595.695556640625,67.83837890625,241.41485595703125,-1,-1,-1,-1
209,4,448.929931640625,594.8108520507812,72.248291015625,247.67803955078125,-1,-1,-1,-1
210,4,451.2021484375,594.4799194335938,70.07989501953125,249.23248291015625,-1,-1,-1,-1
211,4,454.02783203125,593.5198364257812,69.2105712890625,241.97564697265625,-1,-1,-1,-1
212,4,443.051513671875,596.1481323242188,67.25796508789062,219.37213134765625,-1,-1,-1,-1
213,4,381.8517150878906,605.72802734375,70.77487182617188,218.2974853515625,-1,-1,-1,-1
214,4,263.7472839355469,636.0603637695312,85.1727294921875,230.06475830078125,-1,-1,-1,-1
216,5,192.20880126953125,782.9019775390625,77.8466796875,157.594970703125,-1,-1,-1,-1
217,5,237.70448303222656,796.795166015625,78.45344543457031,153.15924072265625,-1,-1,-1,-1
218,5,302.2214660644531,782.4843139648438,73.65802001953125,148.38818359375,-1,-1,-1,-1
219,5,314.93670654296875,748.09033203125,71.57363891601562,147.80560302734375,-1,-1,-1,-1
220,5,270.2039489746094,699.5572509765625,70.27969360351562,150.001708984375,-1,-1,-1,-1
221,5,234.890380859375,640.2830810546875,65.8321533203125,152.83612060546875,-1,-1,-1,-1
222,5,238.38723754882812,592.7200927734375,65.60671997070312,153.2921142578125,-1,-1,-1,-1
223,5,287.30999755859375,567.690185546875,65.94479370117188,148.4617919921875,-1,-1,-1,-1
224,5,378.199462890625,554.188720703125,63.344451904296875,144.21630859375,-1,-1,-1,-1
225,5,463.8123779296875,555.4081420898438,59.73870849609375,138.288330078125,-1,-1,-1,-1
226,5,499.76434326171875,567.4811401367188,56.49981689453125,134.83160400390625,-1,-1,-1,-1
227,5,459.97283935546875,585.6071166992188,59.63665771484375,136.10296630859375,-1,-1,-1,-1
228,5,372.3551025390625,609.4443969726562,64.33660888671875,142.14373779296875,-1,-1,-1,-1
229,5,287.1190490722656,637.6651611328125,64.55731201171875,145.3077392578125,-1,-1,-1,-1
230,5,242.4384765625,655.216064453125,68.12246704101562,149.48406982421875,-1,-1,-1,-1
231,5,234.16665649414062,672.9442138671875,69.26983642578125,150.595703125,-1,-1,-1,-1
232,5,247.12551879882812,682.7786865234375,70.5543212890625,147.585205078125,-1,-1,-1,-1
233,5,273.50732421875,678.16552734375,65.8299560546875,146.8253173828125,-1,-1,-1,-1
234,5,291.3851623535156,659.193359375,65.10769653320312,145.072509765625,-1,-1,-1,-1
235,5,317.54443359375,626.6583251953125,61.14007568359375,141.80340576171875,-1,-1,-1,-1
236,5,347.7508239746094,600.8485107421875,61.60009765625,140.3348388671875,-1,-1,-1,-1
237,5,390.971923828125,585.5054931640625,61.899139404296875,138.85693359375,-1,-1,-1,-1
238,5,456.5321960449219,571.2866821289062,55.904754638671875,135.5335693359375,-1,-1,-1,-1
239,5,532.9256591796875,566.565673828125,56.0579833984375,130.35333251953125,-1,-1,-1,-1
240,5,597.8965454101562,568.42333984375,53.5028076171875,127.9393310546875,-1,-1,-1,-1
241,5,630.93212890625,573.38232421875,53.22271728515625,125.7698974609375,-1,-1,-1,-1
242,5,640.8799438476562,580.8229370117188,53.60736083984375,127.3538818359375,-1,-1,-1,-1
243,5,644.0845336914062,593.3738403320312,53.478759765625,124.7496337890625,-1,-1,-1,-1
244,5,642.86083984375,600.874267578125,54.10662841796875,123.99908447265625,-1,-1,-1,-1
245,5,643.4066162109375,604.0997924804688,52.888427734375,123.704345703125,-1,-1,-1,-1
246,5,646.9354858398438,605.6115112304688,53.07623291015625,123.40069580078125,-1,-1,-1,-1
247,5,649.8094482421875,604.89794921875,53.2950439453125,122.663330078125,-1,-1,-1,-1
248,5,646.8046875,600.6591186523438,54.5513916015625,124.9898681640625,-1,-1,-1,-1
249,5,649.1746215820312,598.8327026367188,54.0107421875,126.4727783203125,-1,-1,-1,-1
250,5,654.86572265625,601.2277221679688,51.54296875,124.576171875,-1,-1,-1,-1
251,5,653.6065063476562,604.99755859375,50.6304931640625,123.029541015625,-1,-1,-1,-1
252,5,649.6175537109375,609.9794921875,50.63275146484375,124.86767578125,-1,-1,-1,-1
253,5,644.0787963867188,615.4691772460938,51.57855224609375,124.39312744140625,-1,-1,-1,-1
254,5,644.0288696289062,619.8782348632812,50.03857421875,122.408935546875,-1,-1,-1,-1
255,5,634.9549560546875,622.519775390625,50.7064208984375,123.240478515625,-1,-1,-1,-1
256,5,630.2559814453125,622.3902587890625,51.4327392578125,126.0028076171875,-1,-1,-1,-1
257,5,617.9483032226562,618.8141479492188,51.1063232421875,123.78082275390625,-1,-1,-1,-1
258,5,516.5645751953125,611.2593994140625,57.76416015625,128.42803955078125,-1,-1,-1,-1
225,6,367.2709655761719,490.5502624511719,72.0347900390625,246.30337524414062,-1,-1,-1,-1
226,6,404.3262023925781,503.6598205566406,65.4464111328125,239.73422241210938,-1,-1,-1,-1
227,6,361.4488220214844,523.1634521484375,70.99072265625,246.43316650390625,-1,-1,-1,-1
228,6,271.1056823730469,550.65576171875,73.11700439453125,247.9754638671875,-1,-1,-1,-1
229,6,170.40704345703125,582.8218994140625,93.71157836914062,262.4569091796875,-1,-1,-1,-1
230,6,122.50150299072266,605.6607666015625,98.41133880615234,252.5728759765625,-1,-1,-1,-1
231,6,115.8488998413086,625.3257446289062,100.88483428955078,253.8392333984375,-1,-1,-1,-1
232,6,132.2371826171875,633.1890258789062,102.37942504882812,276.35528564453125,-1,-1,-1,-1
233,6,159.57644653320312,628.391357421875,97.17362976074219,282.82965087890625,-1,-1,-1,-1
234,6,180.90805053710938,606.449462890625,87.25384521484375,246.07598876953125,-1,-1,-1,-1
235,6,214.0138397216797,570.8151245117188,75.32453918457031,237.0758056640625,-1,-1,-1,-1
236,6,252.43931579589844,539.5048828125,69.18220520019531,230.26007080078125,-1,-1,-1,-1
237,6,299.6905212402344,522.6117553710938,68.22781372070312,240.5338134765625,-1,-1,-1,-1
238,6,368.3597412109375,507.4637451171875,65.16635131835938,229.63360595703125,-1,-1,-1,-1
239,6,452.43280029296875,502.908447265625,65.67718505859375,214.6522216796875,-1,-1,-1,-1
240,6,521.6287231445312,506.0621032714844,61.7274169921875,195.69955444335938,-1,-1,-1,-1
241,6,560.9537353515625,514.6959228515625,60.876953125,191.39825439453125,-1,-1,-1,-1
242,6,572.5457763671875,521.5454711914062,63.0704345703125,180.3408203125,-1,-1,-1,-1
243,6,576.1099243164062,534.0001831054688,62.96484375,180.34161376953125,-1,-1,-1,-1
244,6,576.7701416015625,545.2803344726562,59.48590087890625,178.36767578125,-1,-1,-1,-1
245,6,576.3970336914062,548.1685791015625,60.17626953125,177.9598388671875,-1,-1,-1,-1
246,6,580.0015258789062,547.5647583007812,61.11151123046875,175.10577392578125,-1,-1,-1,-1
247,6,582.0877685546875,547.0064086914062,60.54083251953125,176.18035888671875,-1,-1,-1,-1
248,6,579.3162231445312,543.8633422851562,61.42022705078125,184.8148193359375,-1,-1,-1,-1
249,6,579.4139404296875,543.0648803710938,59.0792236328125,181.62066650390625,-1,-1,-1,-1
250,6,583.9324951171875,545.4715576171875,60.48114013671875,180.1634521484375,-1,-1,-1,-1
251,6,580.46630859375,549.9209594726562,58.903564453125,178.92230224609375,-1,-1,-1,-1
252,6,576.1648559570312,556.7169189453125,58.08404541015625,182.98785400390625,-1,-1,-1,-1
253,6,571.4036865234375,562.5562133789062,60.878662109375,185.09442138671875,-1,-1,-1,-1
254,6,566.9359741210938,568.5452880859375,56.72119140625,183.8916015625,-1,-1,-1,-1
255,6,554.4671020507812,572.9925537109375,59.94097900390625,188.61614990234375,-1,-1,-1,-1
256,6,549.2816772460938,574.0819091796875,57.38238525390625,189.35662841796875,-1,-1,-1,-1
257,6,531.3049926757812,571.47314453125,62.4678955078125,199.2786865234375,-1,-1,-1,-1
258,6,418.7712707519531,574.172119140625,74.22320556640625,191.48748779296875,-1,-1,-1,-1
261,7,102.88136291503906,555.238037109375,127.77655029296875,199.88037109375,-1,-1,-1,-1
262,7,47.55174255371094,514.0765991210938,212.87339782714844,244.72149658203125,-1,-1,-1,-1
263,7,79.54415893554688,500.6116638183594,248.04827880859375,239.39541625976562,-1,-1,-1,-1
264,7,217.248291015625,471.76763916015625,113.19207763671875,246.1187744140625,-1,-1,-1,-1
263,8,1.0663256645202637,504.9797058105469,158.60189819335938,252.43191528320312,-1,-1,-1,-1
264,8,3.115807056427002,496.1735534667969,123.7950439453125,261.2998962402344,-1,-1,-1,-1
265,8,-1.354574203491211,487.67120361328125,125.15361785888672,269.7843017578125,-1,-1,-1,-1
266,8,-0.37235116958618164,466.2233581542969,103.3786849975586,293.1545715332031,-1,-1,-1,-1
267,8,-3.159757614135742,466.88262939453125,96.60567474365234,286.53875732421875,-1,-1,-1,-1
270,8,-0.0611424446105957,459.1662902832031,86.66194915771484,299.5407409667969,-1,-1,-1,-1
272,8,-1.1515400409698486,450.2853698730469,89.29409790039062,321.0448303222656,-1,-1,-1,-1
275,8,-1.5101523399353027,427.6747741699219,90.41338348388672,330.2856750488281,-1,-1,-1,-1
304,9,226.1227264404297,468.7469482421875,177.72764587402344,230.7147216796875,-1,-1,-1,-1
305,9,386.711669921875,478.33203125,150.4254150390625,217.26708984375,-1,-1,-1,-1
306,9,519.378662109375,499.64581298828125,131.4835205078125,200.958984375,-1,-1,-1,-1
307,9,604.0557250976562,520.136962890625,114.22454833984375,196.90264892578125,-1,-1,-1,-1
308,9,644.8541259765625,540.615234375,109.8231201171875,194.5965576171875,-1,-1,-1,-1
309,9,665.429443359375,558.3446655273438,105.5137939453125,194.9034423828125,-1,-1,-1,-1
310,9,676.0118408203125,578.0017700195312,108.421875,191.52392578125,-1,-1,-1,-1
311,9,657.416015625,597.0411987304688,130.09478759765625,184.5595703125,-1,-1,-1,-1
312,9,664.3138427734375,609.9153442382812,120.5211181640625,178.25921630859375,-1,-1,-1,-1
313,9,686.46240234375,621.4081420898438,99.53961181640625,173.541015625,-1,-1,-1,-1
314,9,688.0531005859375,639.826416015625,101.138671875,165.73309326171875,-1,-1,-1,-1
315,9,688.6411743164062,651.9251708984375,108.20263671875,160.982421875,-1,-1,-1,-1
316,9,700.8054809570312,659.3114624023438,103.92041015625,163.79888916015625,-1,-1,-1,-1
317,9,704.3932495117188,663.4339599609375,113.5914306640625,169.42822265625,-1,-1,-1,-1
318,9,720.6116943359375,670.249267578125,114.79400634765625,171.089599609375,-1,-1,-1,-1
319,9,722.5557861328125,676.1649169921875,124.46380615234375,175.9105224609375,-1,-1,-1,-1
320,9,723.3190307617188,683.9161376953125,129.46533203125,177.53338623046875,-1,-1,-1,-1
321,9,659.9241943359375,684.7025756835938,164.20989990234375,178.29046630859375,-1,-1,-1,-1
322,9,709.216064453125,686.3637084960938,115.70257568359375,174.14190673828125,-1,-1,-1,-1
323,9,731.74072265625,686.5211181640625,87.30377197265625,175.33544921875,-1,-1,-1,-1
324,9,734.7769775390625,690.7719116210938,80.66290283203125,172.74688720703125,-1,-1,-1,-1
325,9,733.0060424804688,696.5706787109375,82.98907470703125,169.3489990234375,-1,-1,-1,-1
326,9,731.6318969726562,701.4503173828125,88.17437744140625,165.594970703125,-1,-1,-1,-1
327,9,736.4652099609375,704.9923706054688,90.46533203125,164.16912841796875,-1,-1,-1,-1
328,9,736.6318969726562,705.6331787109375,80.53057861328125,164.99078369140625,-1,-1,-1,-1
329,9,736.96044921875,703.3621826171875,78.48541259765625,167.2412109375,-1,-1,-1,-1
330,9,738.1242065429688,700.6414794921875,74.1614990234375,173.34619140625,-1,-1,-1,-1
331,9,733.8007202148438,698.4910888671875,78.2998046875,177.25848388671875,-1,-1,-1,-1
332,9,731.9715576171875,695.5938110351562,80.016845703125,185.89501953125,-1,-1,-1,-1
333,9,745.5280151367188,696.7261962890625,69.83258056640625,192.08013916015625,-1,-1,-1,-1
334,9,755.7987060546875,695.4796142578125,63.4263916015625,197.05712890625,-1,-1,-1,-1
335,9,753.6964111328125,699.1988525390625,67.72344970703125,197.44927978515625,-1,-1,-1,-1
336,9,757.2264404296875,708.0731201171875,68.4283447265625,199.288818359375,-1,-1,-1,-1
337,9,763.0257568359375,716.5736083984375,67.2139892578125,198.53240966796875,-1,-1,-1,-1
338,9,763.2761840820312,717.51513671875,72.54547119140625,201.62310791015625,-1,-1,-1,-1
339,9,765.6774291992188,712.4825439453125,73.9600830078125,206.4765625,-1,-1,-1,-1
340,9,763.2853393554688,706.0146484375,81.86920166015625,209.6392822265625,-1,-1,-1,-1
341,9,766.8310546875,701.8305053710938,83.2435302734375,213.2415771484375,-1,-1,-1,-1
342,9,773.7286987304688,702.8895263671875,83.68829345703125,215.4019775390625,-1,-1,-1,-1
343,9,775.8999633789062,709.4571533203125,86.7548828125,225.54547119140625,-1,-1,-1,-1
344,9,773.469970703125,721.1394653320312,89.37762451171875,229.33831787109375,-1,-1,-1,-1
345,9,767.4530029296875,731.772216796875,95.11163330078125,231.3912353515625,-1,-1,-1,-1
346,9,767.564697265625,744.5831298828125,93.73193359375,230.541259765625,-1,-1,-1,-1
347,9,765.4880981445312,747.8414306640625,94.82830810546875,231.2109375,-1,-1,-1,-1
348,9,765.0505981445312,743.0465698242188,94.9892578125,230.0078125,-1,-1,-1,-1
349,9,766.7019653320312,733.942138671875,90.6153564453125,230.900634765625,-1,-1,-1,-1
350,9,767.5405883789062,726.513671875,84.04351806640625,232.91107177734375,-1,-1,-1,-1
351,9,768.12060546875,720.9662475585938,75.532958984375,233.9886474609375,-1,-1,-1,-1
352,9,763.1433715820312,718.9507446289062,72.919921875,233.18365478515625,-1,-1,-1,-1
353,9,756.280029296875,714.88330078125,76.20904541015625,229.961181640625,-1,-1,-1,-1
354,9,752.2918090820312,708.247802734375,85.947021484375,225.853515625,-1,-1,-1,-1
355,9,747.3316040039062,704.3641357421875,85.47821044921875,224.54901123046875,-1,-1,-1,-1
356,9,748.1625366210938,701.6708984375,79.81573486328125,221.437744140625,-1,-1,-1,-1
357,9,750.5564575195312,696.334228515625,77.22735595703125,219.82794189453125,-1,-1,-1,-1
358,9,752.8017578125,691.6580200195312,75.2286376953125,216.03729248046875,-1,-1,-1,-1
359,9,748.5604248046875,686.46484375,79.8189697265625,213.3438720703125,-1,-1,-1,-1
360,9,749.4928588867188,681.1200561523438,79.74749755859375,217.093017578125,-1,-1,-1,-1
361,9,750.80712890625,674.2174072265625,79.11181640625,219.6629638671875,-1,-1,-1,-1
362,9,749.2249755859375,668.3273315429688,79.0621337890625,218.4302978515625,-1,-1,-1,-1
363,9,746.081298828125,663.8336791992188,79.94317626953125,217.99151611328125,-1,-1,-1,-1
364,9,742.4130249023438,663.72314453125,80.6976318359375,216.0394287109375,-1,-1,-1,-1
365,9,741.598876953125,666.21435546875,79.61199951171875,209.0350341796875,-1,-1,-1,-1
366,9,741.9113159179688,668.4821166992188,79.46282958984375,203.09698486328125,-1,-1,-1,-1
367,9,743.120361328125,665.8031005859375,80.15142822265625,201.7840576171875,-1,-1,-1,-1
368,9,742.6690063476562,659.441650390625,82.30792236328125,203.97308349609375,-1,-1,-1,-1
369,9,736.1928100585938,654.8281860351562,89.5819091796875,200.1982421875,-1,-1,-1,-1
370,9,730.452880859375,651.7871704101562,97.69915771484375,196.766845703125,-1,-1,-1,-1
371,9,734.7156372070312,651.9712524414062,99.80548095703125,193.80029296875,-1,-1,-1,-1
372,9,752.6994018554688,655.457763671875,102.85980224609375,192.5958251953125,-1,-1,-1,-1
373,9,777.9786376953125,658.1053466796875,104.1929931640625,194.5411376953125,-1,-1,-1,-1
374,9,797.1637573242188,655.65673828125,105.50921630859375,201.165771484375,-1,-1,-1,-1
375,9,807.7174072265625,649.7074584960938,102.79278564453125,206.18804931640625,-1,-1,-1,-1
376,9,807.6441040039062,645.2684326171875,101.06195068359375,214.09796142578125,-1,-1,-1,-1
377,9,801.1569213867188,643.5145874023438,104.89141845703125,222.61431884765625,-1,-1,-1,-1
378,9,797.328857421875,643.8955078125,109.0789794921875,226.97265625,-1,-1,-1,-1
379,9,796.622802734375,648.3654174804688,112.74444580078125,225.22723388671875,-1,-1,-1,-1
380,9,796.7110595703125,653.7130737304688,115.93170166015625,223.18267822265625,-1,-1,-1,-1
381,9,795.2106323242188,657.4445190429688,115.04339599609375,218.814453125,-1,-1,-1,-1
382,9,787.1884765625,659.823486328125,117.221435546875,216.68060302734375,-1,-1,-1,-1
383,9,776.3361206054688,658.1121826171875,116.70343017578125,215.9434814453125,-1,-1,-1,-1
384,9,766.9835205078125,652.4863891601562,115.01922607421875,218.280029296875,-1,-1,-1,-1
385,9,759.1533813476562,646.7567749023438,117.04180908203125,219.91839599609375,-1,-1,-1,-1
386,9,750.3017578125,645.5723876953125,114.45306396484375,220.39959716796875,-1,-1,-1,-1
387,9,739.8212890625,645.9190063476562,111.72845458984375,220.11370849609375,-1,-1,-1,-1
388,9,726.7614135742188,649.85107421875,111.96295166015625,216.68621826171875,-1,-1,-1,-1
389,9,720.399169921875,654.9567260742188,109.547607421875,212.55206298828125,-1,-1,-1,-1
390,9,717.8732299804688,659.2764892578125,106.07421875,208.1611328125,-1,-1,-1,-1
391,9,713.6107177734375,661.8463134765625,108.21240234375,204.18560791015625,-1,-1,-1,-1
392,9,712.28564453125,661.4500122070312,108.26361083984375,204.7725830078125,-1,-1,-1,-1
393,9,712.5218505859375,657.8820190429688,107.955810546875,208.75299072265625,-1,-1,-1,-1
394,9,711.6992797851562,651.8646240234375,108.62042236328125,212.5655517578125,-1,-1,-1,-1
395,9,715.3991088867188,647.845458984375,107.124755859375,215.80621337890625,-1,-1,-1,-1
396,9,720.160400390625,645.8126220703125,104.3707275390625,216.56207275390625,-1,-1,-1,-1
397,9,725.721923828125,648.85791015625,101.0616455078125,217.413330078125,-1,-1,-1,-1
398,9,730.7268676757812,655.653076171875,97.77886962890625,212.70904541015625,-1,-1,-1,-1
399,9,733.2293090820312,661.9072265625,99.37945556640625,208.91156005859375,-1,-1,-1,-1
400,9,732.7754516601562,663.8921508789062,99.39239501953125,208.02093505859375,-1,-1,-1,-1
401,9,732.1105346679688,661.9898071289062,101.52435302734375,208.77703857421875,-1,-1,-1,-1
402,9,727.8128662109375,656.9010620117188,103.1102294921875,212.890380859375,-1,-1,-1,-1
403,9,724.9360961914062,650.60693359375,98.0069580078125,217.5594482421875,-1,-1,-1,-1
404,9,717.0836181640625,644.7494506835938,104.1871337890625,218.57904052734375,-1,-1,-1,-1
405,9,708.6619873046875,642.6436157226562,114.40240478515625,210.77508544921875,-1,-1,-1,-1
406,9,699.116455078125,645.5690307617188,117.06951904296875,205.54498291015625,-1,-1,-1,-1
407,9,697.1967163085938,648.9459838867188,109.26177978515625,202.288818359375,-1,-1,-1,-1
408,9,695.611083984375,651.9930419921875,107.4403076171875,197.67413330078125,-1,-1,-1,-1
409,9,695.453857421875,652.1687622070312,105.4342041015625,196.31756591796875,-1,-1,-1,-1
410,9,695.239013671875,649.4855346679688,105.844970703125,197.261474609375,-1,-1,-1,-1
411,9,696.710205078125,644.1763916015625,104.3846435546875,200.095703125,-1,-1,-1,-1
412,9,698.0260009765625,641.0277709960938,103.62060546875,203.2745361328125,-1,-1,-1,-1
413,9,700.00732421875,641.28271484375,105.52667236328125,207.1148681640625,-1,-1,-1,-1
414,9,704.0648803710938,642.600341796875,109.53338623046875,206.0174560546875,-1,-1,-1,-1
415,9,705.6605834960938,646.0584716796875,114.10113525390625,204.24273681640625,-1,-1,-1,-1
416,9,704.8615112304688,649.4227905273438,115.43487548828125,202.71343994140625,-1,-1,-1,-1
417,9,700.485107421875,653.3880615234375,118.56951904296875,198.3917236328125,-1,-1,-1,-1
418,9,696.7640991210938,655.757080078125,121.548828125,195.47552490234375,-1,-1,-1,-1
419,9,695.80224609375,655.0858764648438,120.93499755859375,195.6649169921875,-1,-1,-1,-1
420,9,695.188232421875,652.3225708007812,122.15716552734375,197.86907958984375,-1,-1,-1,-1
421,9,690.9232177734375,648.9013671875,126.623291015625,200.8646240234375,-1,-1,-1,-1
422,9,687.0994262695312,643.2577514648438,130.68603515625,204.54949951171875,-1,-1,-1,-1
423,9,683.4281616210938,639.0087280273438,131.17364501953125,205.823974609375,-1,-1,-1,-1
424,9,683.6182861328125,637.2828369140625,121.11431884765625,204.73614501953125,-1,-1,-1,-1
425,9,680.2763061523438,633.3570556640625,112.2218017578125,204.29913330078125,-1,-1,-1,-1
426,9,677.0775756835938,629.724365234375,102.28411865234375,202.42559814453125,-1,-1,-1,-1
427,9,657.3226318359375,622.3322143554688,107.89434814453125,202.8348388671875,-1,-1,-1,-1
428,9,656.6224975585938,616.7677612304688,100.96356201171875,203.9259033203125,-1,-1,-1,-1
429,9,655.255126953125,613.260009765625,90.38262939453125,206.3175048828125,-1,-1,-1,-1
430,9,652.6743774414062,613.0028076171875,83.711181640625,206.4752197265625,-1,-1,-1,-1
431,9,651.1057739257812,614.5123291015625,77.43511962890625,205.84130859375,-1,-1,-1,-1
432,9,649.2372436523438,615.9964599609375,70.34222412109375,203.1246337890625,-1,-1,-1,-1
433,9,641.865966796875,618.4080200195312,75.74542236328125,201.58758544921875,-1,-1,-1,-1
434,9,634.5687255859375,621.974609375,85.6142578125,196.8206787109375,-1,-1,-1,-1
435,9,627.6344604492188,627.1998901367188,87.72198486328125,192.52862548828125,-1,-1,-1,-1
436,9,624.258544921875,632.250244140625,86.890625,189.48138427734375,-1,-1,-1,-1
437,9,622.58349609375,636.2105712890625,83.10491943359375,185.93389892578125,-1,-1,-1,-1
438,9,621.2582397460938,639.8330078125,86.78228759765625,186.10870361328125,-1,-1,-1,-1
439,9,620.1367797851562,641.1780395507812,89.28662109375,186.64971923828125,-1,-1,-1,-1
440,9,618.8648681640625,641.5873413085938,95.63177490234375,187.35101318359375,-1,-1,-1,-1
441,9,617.0795288085938,642.2977905273438,95.13909912109375,187.04473876953125,-1,-1,-1,-1
442,9,616.570556640625,645.8716430664062,98.8326416015625,184.8140869140625,-1,-1,-1,-1
443,9,614.2672729492188,650.1351318359375,93.11077880859375,183.89300537109375,-1,-1,-1,-1
444,9,614.158935546875,653.7841796875,95.26220703125,184.08984375,-1,-1,-1,-1
445,9,612.4094848632812,657.070068359375,90.81390380859375,183.6728515625,-1,-1,-1,-1
446,9,609.2486572265625,658.033203125,96.1419677734375,181.9281005859375,-1,-1,-1,-1
447,9,605.6729736328125,658.875732421875,99.90667724609375,181.6156005859375,-1,-1,-1,-1
448,9,603.949462890625,657.5809936523438,103.125244140625,182.45501708984375,-1,-1,-1,-1
449,9,603.7996826171875,653.9241943359375,104.8985595703125,184.1865234375,-1,-1,-1,-1
450,9,604.8968505859375,646.0783081054688,106.5059814453125,187.71112060546875,-1,-1,-1,-1
451,9,606.9161376953125,637.4951171875,108.1065673828125,193.087890625,-1,-1,-1,-1
452,9,608.9669189453125,628.6237182617188,105.8199462890625,196.3345947265625,-1,-1,-1,-1
453,9,609.3745727539062,618.7335815429688,96.455322265625,197.93359375,-1,-1,-1,-1
454,9,606.5977783203125,613.5223388671875,105.79473876953125,193.555908203125,-1,-1,-1,-1
455,9,603.448974609375,613.057861328125,104.94696044921875,188.70477294921875,-1,-1,-1,-1
456,9,598.2153930664062,615.7511596679688,86.14080810546875,186.416015625,-1,-1,-1,-1
457,9,596.1846923828125,619.89697265625,74.70849609375,183.94036865234375,-1,-1,-1,-1
458,9,592.2810668945312,623.362548828125,77.4425048828125,182.37548828125,-1,-1,-1,-1
459,9,586.7677001953125,624.5167846679688,80.781005859375,181.31268310546875,-1,-1,-1,-1
460,9,585.54248046875,624.765625,81.8345947265625,182.04193115234375,-1,-1,-1,-1
461,9,586.1294555664062,623.6771850585938,94.40545654296875,184.6036376953125,-1,-1,-1,-1
462,9,586.3607788085938,622.3744506835938,96.49688720703125,184.68621826171875,-1,-1,-1,-1
463,9,589.139404296875,619.939453125,91.504150390625,184.890380859375,-1,-1,-1,-1
464,9,589.8779296875,617.8182373046875,80.9293212890625,180.959716796875,-1,-1,-1,-1
465,9,584.5653686523438,617.725341796875,86.78338623046875,176.47564697265625,-1,-1,-1,-1
466,9,581.192138671875,620.1176147460938,90.02362060546875,174.122314453125,-1,-1,-1,-1
467,9,580.0523071289062,624.7244262695312,85.14117431640625,170.68731689453125,-1,-1,-1,-1
468,9,579.9558715820312,631.4341430664062,76.1226806640625,166.07098388671875,-1,-1,-1,-1
469,9,581.138671875,637.2745971679688,76.98797607421875,164.1455078125,-1,-1,-1,-1
470,9,582.864501953125,643.479248046875,69.13818359375,157.62396240234375,-1,-1,-1,-1
471,9,584.8540649414062,644.9786376953125,71.9476318359375,158.5181884765625,-1,-1,-1,-1
472,9,587.6948852539062,643.4100952148438,77.78448486328125,161.663818359375,-1,-1,-1,-1
473,9,590.1867065429688,640.8932495117188,85.25164794921875,165.93450927734375,-1,-1,-1,-1
474,9,589.9270629882812,638.6177978515625,84.52410888671875,169.5596923828125,-1,-1,-1,-1
475,9,587.3181762695312,639.181640625,87.1387939453125,169.84515380859375,-1,-1,-1,-1
476,9,583.5838623046875,643.8231811523438,87.73846435546875,166.6002197265625,-1,-1,-1,-1
477,9,582.079345703125,649.1773681640625,82.7474365234375,167.77471923828125,-1,-1,-1,-1
478,9,581.5484619140625,655.46337890625,86.48193359375,165.3099365234375,-1,-1,-1,-1
479,9,581.5608520507812,658.26953125,92.6368408203125,164.37188720703125,-1,-1,-1,-1
480,9,581.7218017578125,659.9285278320312,92.33062744140625,166.3011474609375,-1,-1,-1,-1
481,9,582.7333374023438,658.04541015625,86.255126953125,170.86395263671875,-1,-1,-1,-1
482,9,585.3724975585938,653.3636474609375,81.44573974609375,177.154052734375,-1,-1,-1,-1
483,9,590.0519409179688,649.72509765625,73.77911376953125,181.64007568359375,-1,-1,-1,-1
484,9,593.5595703125,647.004638671875,73.96417236328125,183.64617919921875,-1,-1,-1,-1
485,9,594.5570678710938,646.755126953125,77.65869140625,189.22222900390625,-1,-1,-1,-1
486,9,593.8744506835938,648.512939453125,80.40972900390625,193.5677490234375,-1,-1,-1,-1
487,9,591.7269287109375,650.803466796875,86.25665283203125,196.3037109375,-1,-1,-1,-1
488,9,590.41748046875,651.69970703125,79.514892578125,197.4715576171875,-1,-1,-1,-1
489,9,594.07421875,649.8425903320312,74.01025390625,199.454833984375,-1,-1,-1,-1
490,9,598.4253540039062,647.16015625,76.91607666015625,203.837646484375,-1,-1,-1,-1
491,9,606.0552368164062,645.5421142578125,80.50439453125,204.64471435546875,-1,-1,-1,-1
492,9,612.2913818359375,645.2020874023438,64.035400390625,209.86505126953125,-1,-1,-1,-1
493,9,615.5779418945312,646.11962890625,63.16815185546875,213.61358642578125,-1,-1,-1,-1
494,9,614.5778198242188,646.065673828125,70.5943603515625,222.45574951171875,-1,-1,-1,-1
495,9,615.62255859375,645.1279296875,71.5614013671875,223.45123291015625,-1,-1,-1,-1
496,9,619.763916015625,642.408935546875,71.11480712890625,225.4736328125,-1,-1,-1,-1
497,9,620.28515625,638.7763671875,72.8463134765625,228.54669189453125,-1,-1,-1,-1
498,9,620.7431030273438,637.3155517578125,77.70611572265625,233.4940185546875,-1,-1,-1,-1
499,9,626.717041015625,638.5946044921875,76.5355224609375,239.572509765625,-1,-1,-1,-1
500,9,628.5662231445312,640.9020385742188,79.0892333984375,249.92303466796875,-1,-1,-1,-1
501,9,631.6834716796875,640.9046020507812,79.68511962890625,249.8299560546875,-1,-1,-1,-1
502,9,634.2612915039062,638.6519775390625,82.1400146484375,251.655029296875,-1,-1,-1,-1
503,9,637.8223266601562,638.63037109375,84.94580078125,252.43798828125,-1,-1,-1,-1
504,9,638.0703125,640.7698364257812,90.99273681640625,259.98779296875,-1,-1,-1,-1
505,9,638.5267333984375,645.3589477539062,94.4254150390625,265.63177490234375,-1,-1,-1,-1
506,9,641.9305419921875,653.1895141601562,97.345458984375,258.0682373046875,-1,-1,-1,-1
507,9,646.9093627929688,658.1079711914062,95.51318359375,251.767822265625,-1,-1,-1,-1
508,9,655.502685546875,656.5438232421875,102.0079345703125,250.2608642578125,-1,-1,-1,-1
509,9,664.9990844726562,651.2849731445312,117.54339599609375,251.623779296875,-1,-1,-1,-1
510,9,674.1425170898438,642.1981201171875,134.19366455078125,257.197021484375,-1,-1,-1,-1
511,9,680.384033203125,637.5309448242188,135.55145263671875,256.5482177734375,-1,-1,-1,-1
512,9,681.9639892578125,635.6599731445312,138.06500244140625,247.88848876953125,-1,-1,-1,-1
513,9,682.490478515625,634.7305908203125,113.97344970703125,238.63421630859375,-1,-1,-1,-1
514,9,684.8032836914062,631.2056274414062,111.27508544921875,239.71270751953125,-1,-1,-1,-1
515,9,682.45654296875,631.79296875,129.2578125,235.8922119140625,-1,-1,-1,-1
516,9,681.6513671875,630.8009643554688,138.01531982421875,235.27838134765625,-1,-1,-1,-1
517,9,681.123291015625,629.2049560546875,134.10662841796875,236.767333984375,-1,-1,-1,-1
518,9,682.3308715820312,627.3908081054688,135.1309814453125,237.8388671875,-1,-1,-1,-1
519,9,683.4486694335938,624.0830688476562,134.47467041015625,241.94122314453125,-1,-1,-1,-1
520,9,686.6591796875,620.0200805664062,132.44378662109375,246.42657470703125,-1,-1,-1,-1
521,9,689.107177734375,616.5584716796875,127.7886962890625,250.28875732421875,-1,-1,-1,-1
522,9,686.4263305664062,615.5975952148438,130.72955322265625,250.51837158203125,-1,-1,-1,-1
523,9,686.2401733398438,615.626220703125,137.0753173828125,252.90301513671875,-1,-1,-1,-1
524,9,688.9090576171875,616.3394775390625,134.9229736328125,251.98883056640625,-1,-1,-1,-1
525,9,690.562744140625,616.3810424804688,133.00250244140625,253.28253173828125,-1,-1,-1,-1
526,9,690.64111328125,616.4321899414062,131.83331298828125,254.88604736328125,-1,-1,-1,-1
527,9,690.16943359375,616.8302612304688,132.19146728515625,255.68389892578125,-1,-1,-1,-1
528,9,689.5563354492188,620.2515869140625,128.4273681640625,253.87030029296875,-1,-1,-1,-1
529,9,687.9734497070312,623.88134765625,132.95281982421875,249.71978759765625,-1,-1,-1,-1
530,9,687.2901000976562,629.6635131835938,137.8349609375,245.00714111328125,-1,-1,-1,-1
531,9,686.220703125,635.8467407226562,139.0223388671875,239.60614013671875,-1,-1,-1,-1
532,9,686.9521484375,642.772216796875,137.1954345703125,234.12054443359375,-1,-1,-1,-1
533,9,688.3197021484375,655.7827758789062,133.6539306640625,220.53497314453125,-1,-1,-1,-1
534,9,686.5407104492188,664.1787109375,136.14263916015625,209.73828125,-1,-1,-1,-1
535,9,682.8601684570312,668.682373046875,143.9393310546875,200.84710693359375,-1,-1,-1,-1
536,9,680.8864135742188,672.320068359375,150.84222412109375,193.76470947265625,-1,-1,-1,-1
537,9,683.8214111328125,676.8219604492188,153.6888427734375,188.48260498046875,-1,-1,-1,-1
538,9,682.13525390625,682.1784057617188,155.0921630859375,183.3848876953125,-1,-1,-1,-1
539,9,680.9110107421875,686.2691650390625,156.6458740234375,178.846435546875,-1,-1,-1,-1
540,9,680.9783935546875,684.466552734375,155.18359375,179.001220703125,-1,-1,-1,-1
541,9,682.2158813476562,691.5708618164062,153.73846435546875,172.26385498046875,-1,-1,-1,-1
542,9,683.0578002929688,694.6940307617188,152.9365234375,170.33734130859375,-1,-1,-1,-1
543,9,682.6633911132812,697.3490600585938,154.901123046875,171.70257568359375,-1,-1,-1,-1
544,9,685.7022705078125,701.1976928710938,155.51025390625,173.7545166015625,-1,-1,-1,-1
545,9,691.4291381835938,703.1920166015625,151.39276123046875,175.3599853515625,-1,-1,-1,-1
546,9,697.6040649414062,704.322998046875,163.0015869140625,178.5885009765625,-1,-1,-1,-1
547,9,706.7530517578125,704.2022094726562,168.934326171875,183.83526611328125,-1,-1,-1,-1
548,9,719.0299682617188,698.8644409179688,167.14166259765625,193.3917236328125,-1,-1,-1,-1
549,9,743.8347778320312,693.6198120117188,150.3603515625,203.83233642578125,-1,-1,-1,-1
550,9,761.9490966796875,683.6394653320312,138.81085205078125,218.001953125,-1,-1,-1,-1
551,9,770.0842895507812,672.7525634765625,143.1168212890625,230.46099853515625,-1,-1,-1,-1
552,9,773.4331665039062,661.8369140625,149.2210693359375,241.6748046875,-1,-1,-1,-1
553,9,775.6044311523438,651.7013549804688,148.7103271484375,252.9459228515625,-1,-1,-1,-1
554,9,796.9180297851562,646.15966796875,149.62103271484375,261.060791015625,-1,-1,-1,-1
555,9,807.5889892578125,643.4476928710938,155.4874267578125,266.56884765625,-1,-1,-1,-1
556,9,822.8599243164062,645.4189453125,166.79473876953125,269.1336669921875,-1,-1,-1,-1
557,9,841.3824462890625,648.5987548828125,177.63970947265625,272.36187744140625,-1,-1,-1,-1
558,9,857.7569580078125,653.8277587890625,179.93310546875,274.9996337890625,-1,-1,-1,-1
559,9,867.5648803710938,656.5289306640625,180.59075927734375,284.04052734375,-1,-1,-1,-1
560,9,869.8511962890625,658.2122192382812,178.3028564453125,289.9339599609375,-1,-1,-1,-1
561,9,869.7703247070312,660.9310913085938,185.59637451171875,294.86834716796875,-1,-1,-1,-1
562,9,872.6234130859375,658.4772338867188,190.4315185546875,297.84326171875,-1,-1,-1,-1
563,9,879.519287109375,653.775634765625,185.678955078125,302.58184814453125,-1,-1,-1,-1
564,9,885.331298828125,649.7716674804688,174.3184814453125,304.6749267578125,-1,-1,-1,-1
565,9,893.2962036132812,646.2468872070312,157.09893798828125,304.9122314453125,-1,-1,-1,-1
566,9,908.6492919921875,644.1945190429688,127.998291015625,314.0855712890625,-1,-1,-1,-1
567,9,919.5479125976562,641.171630859375,106.89178466796875,316.07733154296875,-1,-1,-1,-1
568,9,917.7000732421875,636.9417114257812,101.178466796875,316.97674560546875,-1,-1,-1,-1
569,9,917.0478515625,633.8801879882812,98.5211181640625,315.2408447265625,-1,-1,-1,-1
570,9,916.3757934570312,631.9157104492188,102.70196533203125,313.70269775390625,-1,-1,-1,-1
571,9,913.9095458984375,631.845703125,109.2786865234375,314.01995849609375,-1,-1,-1,-1
572,9,913.0975952148438,631.2037353515625,114.37518310546875,316.7559814453125,-1,-1,-1,-1
573,9,912.6888427734375,631.531005859375,117.7347412109375,316.50927734375,-1,-1,-1,-1
574,9,911.0216674804688,631.2401123046875,118.70062255859375,316.27398681640625,-1,-1,-1,-1
575,9,908.2732543945312,630.5386352539062,117.1727294921875,315.44903564453125,-1,-1,-1,-1
576,9,906.3477783203125,629.7710571289062,115.39959716796875,317.506591796875,-1,-1,-1,-1
577,9,899.1748046875,629.382568359375,119.9639892578125,322.26055908203125,-1,-1,-1,-1
578,9,893.8031005859375,629.8994140625,123.0159912109375,332.5906982421875,-1,-1,-1,-1
579,9,891.3763427734375,628.94775390625,124.613037109375,340.81585693359375,-1,-1,-1,-1
580,9,882.0872802734375,627.1195068359375,134.05224609375,350.91748046875,-1,-1,-1,-1
581,9,876.8369140625,625.0677490234375,145.603271484375,355.012451171875,-1,-1,-1,-1
582,9,878.2183837890625,626.0573120117188,142.82403564453125,352.31622314453125,-1,-1,-1,-1
583,9,865.6939086914062,625.5723876953125,148.6768798828125,349.9539794921875,-1,-1,-1,-1
584,9,879.3042602539062,623.2200927734375,126.55218505859375,347.5771484375,-1,-1,-1,-1
585,9,849.480712890625,618.2901611328125,146.831787109375,347.59429931640625,-1,-1,-1,-1
586,9,840.6471557617188,614.8197021484375,152.99591064453125,349.91107177734375,-1,-1,-1,-1
587,9,835.36474609375,612.6973876953125,153.2896728515625,351.35546875,-1,-1,-1,-1
588,9,833.316162109375,614.6531982421875,150.410400390625,349.0308837890625,-1,-1,-1,-1
589,9,831.9091796875,617.072998046875,149.387939453125,347.77142333984375,-1,-1,-1,-1
590,9,828.2081298828125,622.655029296875,152.37115478515625,343.52740478515625,-1,-1,-1,-1
591,9,822.123046875,629.4452514648438,157.00360107421875,341.04425048828125,-1,-1,-1,-1
592,9,819.4524536132812,635.8496704101562,159.82843017578125,340.30712890625,-1,-1,-1,-1
593,9,822.489990234375,641.9595336914062,157.1851806640625,337.50469970703125,-1,-1,-1,-1
594,9,822.5006713867188,643.955322265625,157.47686767578125,341.77593994140625,-1,-1,-1,-1
595,9,824.963623046875,648.8162841796875,152.23876953125,340.4803466796875,-1,-1,-1,-1
596,9,825.401123046875,649.9369506835938,144.427001953125,341.97076416015625,-1,-1,-1,-1
597,9,821.6766357421875,652.7313232421875,140.068359375,339.61981201171875,-1,-1,-1,-1
598,9,811.9697265625,657.4039916992188,137.0526123046875,331.46875,-1,-1,-1,-1
599,9,823.450927734375,661.741455078125,110.6253662109375,325.60589599609375,-1,-1,-1,-1
600,9,824.5125732421875,667.6780395507812,91.2156982421875,322.72332763671875,-1,-1,-1,-1
601,9,818.241455078125,674.3860473632812,95.1744384765625,320.14886474609375,-1,-1,-1,-1
304,10,93.10919952392578,538.9609985351562,152.82647705078125,201.5550537109375,-1,-1,-1,-1
305,10,265.3388671875,547.4486083984375,123.0218505859375,186.5159912109375,-1,-1,-1,-1
306,10,402.5259704589844,560.8701782226562,108.04339599609375,169.95458984375,-1,-1,-1,-1
307,10,492.0608825683594,579.49267578125,90.86087036132812,160.11431884765625,-1,-1,-1,-1
308,10,533.0943603515625,594.968017578125,87.27142333984375,151.18670654296875,-1,-1,-1,-1
309,10,556.2962036132812,610.3485107421875,88.26580810546875,145.87725830078125,-1,-1,-1,-1
310,10,577.536376953125,629.5313720703125,92.3555908203125,142.4730224609375,-1,-1,-1,-1
311,10,581.6187133789062,644.748046875,94.38433837890625,135.8690185546875,-1,-1,-1,-1
312,10,581.97705078125,649.9163818359375,103.940673828125,134.7994384765625,-1,-1,-1,-1
313,10,583.3682861328125,650.6660766601562,110.00091552734375,138.2318115234375,-1,-1,-1,-1
314,10,583.9491577148438,652.4984130859375,95.4156494140625,145.5863037109375,-1,-1,-1,-1
315,10,582.1190185546875,653.3448486328125,103.8282470703125,152.20281982421875,-1,-1,-1,-1
316,10,589.5384521484375,653.5357055664062,102.9268798828125,157.96295166015625,-1,-1,-1,-1
317,10,595.7119750976562,656.006103515625,94.0013427734375,159.46484375,-1,-1,-1,-1
318,10,601.6661987304688,660.7908935546875,93.10516357421875,162.44329833984375,-1,-1,-1,-1
319,10,602.8935546875,667.0845947265625,92.61431884765625,164.587890625,-1,-1,-1,-1
320,10,606.693115234375,675.4589233398438,91.25067138671875,162.51531982421875,-1,-1,-1,-1
321,10,608.7968139648438,674.8927612304688,101.17938232421875,161.09735107421875,-1,-1,-1,-1
322,10,612.4110107421875,674.7633666992188,87.314697265625,156.8486328125,-1,-1,-1,-1
323,10,615.3182983398438,675.2783203125,90.902587890625,153.5926513671875,-1,-1,-1,-1
324,10,620.2910766601562,675.5657958984375,86.66265869140625,154.454345703125,-1,-1,-1,-1
325,10,623.785400390625,673.9619140625,78.3233642578125,158.90728759765625,-1,-1,-1,-1
326,10,626.2338256835938,670.2814331054688,81.09326171875,161.80975341796875,-1,-1,-1,-1
327,10,633.3030395507812,667.7700805664062,93.18817138671875,160.1729736328125,-1,-1,-1,-1
328,10,636.4506225585938,668.341552734375,102.59832763671875,160.1099853515625,-1,-1,-1,-1
329,10,635.8580322265625,670.6646728515625,109.2703857421875,158.7396240234375,-1,-1,-1,-1
330,10,634.0538940429688,674.0916748046875,106.81463623046875,158.68206787109375,-1,-1,-1,-1
331,10,635.0504150390625,678.1151123046875,85.07867431640625,156.75506591796875,-1,-1,-1,-1
332,10,637.5946044921875,680.4454345703125,83.49658203125,157.56622314453125,-1,-1,-1,-1
333,10,642.4453735351562,683.3118896484375,81.61895751953125,157.97100830078125,-1,-1,-1,-1
334,10,644.4065551757812,680.9237060546875,74.89990234375,158.22100830078125,-1,-1,-1,-1
335,10,645.9879760742188,683.34130859375,70.646728515625,157.8851318359375,-1,-1,-1,-1
336,10,647.5098266601562,690.5175170898438,69.89801025390625,159.07379150390625,-1,-1,-1,-1
337,10,648.2913818359375,698.3853149414062,71.8853759765625,157.56390380859375,-1,-1,-1,-1
338,10,648.3612060546875,701.9542846679688,75.0013427734375,155.51788330078125,-1,-1,-1,-1
339,10,650.1376953125,699.8029174804688,79.216064453125,153.92791748046875,-1,-1,-1,-1
340,10,650.262451171875,696.291015625,82.6087646484375,153.9110107421875,-1,-1,-1,-1
341,10,651.6314086914062,693.0540161132812,86.20013427734375,152.29296875,-1,-1,-1,-1
342,10,655.619140625,693.4774780273438,86.65283203125,150.53472900390625,-1,-1,-1,-1
343,10,657.76025390625,700.46728515625,89.26885986328125,150.0496826171875,-1,-1,-1,-1
344,10,655.1976318359375,709.0189819335938,94.39544677734375,149.88555908203125,-1,-1,-1,-1
345,10,693.7603149414062,716.8839111328125,53.8448486328125,151.7294921875,-1,-1,-1,-1
346,10,692.8817138671875,725.9313354492188,52.66339111328125,153.26666259765625,-1,-1,-1,-1
347,10,692.4121704101562,727.9569702148438,56.03289794921875,152.9727783203125,-1,-1,-1,-1
348,10,689.5502319335938,722.5485229492188,55.240966796875,155.43408203125,-1,-1,-1,-1
349,10,673.5257568359375,716.9761962890625,63.2254638671875,153.287109375,-1,-1,-1,-1
350,10,666.9822387695312,712.3067016601562,64.68658447265625,155.1973876953125,-1,-1,-1,-1
351,10,664.7626342773438,708.6015625,60.4783935546875,156.63348388671875,-1,-1,-1,-1
352,10,654.6298217773438,707.638916015625,62.25128173828125,155.8853759765625,-1,-1,-1,-1
353,10,650.5107421875,702.775634765625,62.4814453125,152.878173828125,-1,-1,-1,-1
354,10,649.339599609375,694.3739624023438,72.9176025390625,150.0738525390625,-1,-1,-1,-1
355,10,653.13720703125,691.2691650390625,69.37548828125,148.65972900390625,-1,-1,-1,-1
356,10,655.66552734375,687.2778930664062,68.2674560546875,150.3756103515625,-1,-1,-1,-1
357,10,653.7945556640625,681.36669921875,68.2913818359375,153.24127197265625,-1,-1,-1,-1
358,10,652.9898071289062,678.1412353515625,68.668212890625,153.50030517578125,-1,-1,-1,-1
359,10,648.6035766601562,676.44287109375,71.05621337890625,154.6982421875,-1,-1,-1,-1
360,10,645.3653564453125,676.0120849609375,76.5147705078125,154.147216796875,-1,-1,-1,-1
361,10,644.8815307617188,676.7976684570312,78.5623779296875,154.47735595703125,-1,-1,-1,-1
362,10,642.0206298828125,676.1016845703125,82.00408935546875,153.9647216796875,-1,-1,-1,-1
363,10,639.9078979492188,674.4889526367188,81.7607421875,153.22308349609375,-1,-1,-1,-1
364,10,637.1097412109375,671.139892578125,81.961669921875,154.6832275390625,-1,-1,-1,-1
365,10,638.5936889648438,665.5623779296875,73.46221923828125,158.3685302734375,-1,-1,-1,-1
366,10,642.0618896484375,661.6964111328125,69.3741455078125,160.357666015625,-1,-1,-1,-1
367,10,651.4940185546875,655.7669677734375,63.13665771484375,164.3076171875,-1,-1,-1,-1
368,10,660.0403442382812,650.11376953125,59.69781494140625,164.14801025390625,-1,-1,-1,-1
369,10,668.1647338867188,646.603515625,56.41583251953125,163.25994873046875,-1,-1,-1,-1
370,10,671.1304931640625,646.0643920898438,57.7528076171875,160.93096923828125,-1,-1,-1,-1
371,10,678.931640625,646.0075073242188,58.99102783203125,157.09405517578125,-1,-1,-1,-1
372,10,697.7466430664062,650.6895141601562,63.68084716796875,152.74981689453125,-1,-1,-1,-1
373,10,724.7118530273438,651.8553466796875,63.8096923828125,156.154296875,-1,-1,-1,-1
374,10,743.3782348632812,650.1343994140625,63.01348876953125,161.1676025390625,-1,-1,-1,-1
375,10,752.467041015625,647.772705078125,59.4683837890625,163.0806884765625,-1,-1,-1,-1
376,10,751.53271484375,646.2161865234375,58.08734130859375,163.858154296875,-1,-1,-1,-1
377,10,747.175537109375,647.2952270507812,57.75799560546875,161.34814453125,-1,-1,-1,-1
378,10,746.7112426757812,649.0255737304688,58.55712890625,159.017578125,-1,-1,-1,-1
379,10,746.6801147460938,652.5125122070312,62.24407958984375,155.3681640625,-1,-1,-1,-1
380,10,746.328857421875,658.1869506835938,64.73779296875,149.5806884765625,-1,-1,-1,-1
381,10,744.3428955078125,658.1091918945312,63.28173828125,148.52069091796875,-1,-1,-1,-1
382,10,735.0009155273438,654.2631225585938,62.571044921875,151.564697265625,-1,-1,-1,-1
383,10,726.4332885742188,650.4230346679688,58.24273681640625,155.10888671875,-1,-1,-1,-1
384,10,718.449951171875,646.0347900390625,55.997314453125,156.90472412109375,-1,-1,-1,-1
385,10,713.8990478515625,644.5161743164062,51.6162109375,155.31689453125,-1,-1,-1,-1
386,10,708.5944213867188,646.2073364257812,51.32916259765625,156.24639892578125,-1,-1,-1,-1
387,10,704.5076293945312,649.7335815429688,52.90924072265625,153.919677734375,-1,-1,-1,-1
388,10,700.1897583007812,653.8033447265625,56.3951416015625,154.63623046875,-1,-1,-1,-1
389,10,696.068603515625,657.6651000976562,53.73822021484375,149.8382568359375,-1,-1,-1,-1
390,10,690.0015869140625,658.56787109375,56.74603271484375,148.6483154296875,-1,-1,-1,-1
391,10,689.4364624023438,659.1990356445312,54.3267822265625,145.394775390625,-1,-1,-1,-1
392,10,687.8505249023438,658.197509765625,52.124755859375,145.11334228515625,-1,-1,-1,-1
393,10,687.3438110351562,654.5206298828125,47.29705810546875,140.11199951171875,-1,-1,-1,-1
394,10,685.0411376953125,650.572509765625,48.29241943359375,145.240966796875,-1,-1,-1,-1
395,10,682.8021850585938,646.6680297851562,48.52227783203125,149.27288818359375,-1,-1,-1,-1
396,10,677.701904296875,641.8861083984375,51.1666259765625,151.1224365234375,-1,-1,-1,-1
397,10,676.2327880859375,642.1949462890625,50.85296630859375,147.51690673828125,-1,-1,-1,-1
398,10,675.0250854492188,646.9012451171875,50.55450439453125,144.7171630859375,-1,-1,-1,-1
399,10,675.4207763671875,650.2230224609375,50.7130126953125,142.40576171875,-1,-1,-1,-1
400,10,675.9512939453125,650.3047485351562,51.49957275390625,141.76190185546875,-1,-1,-1,-1
401,10,675.3163452148438,648.691650390625,53.85125732421875,142.7406005859375,-1,-1,-1,-1
402,10,673.7042846679688,647.2081909179688,54.4017333984375,143.80615234375,-1,-1,-1,-1
403,10,671.0869750976562,645.1487426757812,54.69647216796875,148.66094970703125,-1,-1,-1,-1
404,10,669.447265625,642.8568725585938,52.31689453125,153.02374267578125,-1,-1,-1,-1
405,10,667.7797241210938,644.0718383789062,51.05389404296875,152.3487548828125,-1,-1,-1,-1
406,10,664.5891723632812,646.8448486328125,52.365234375,150.060546875,-1,-1,-1,-1
407,10,663.27978515625,648.6050415039062,51.9598388671875,148.76666259765625,-1,-1,-1,-1
408,10,664.71337890625,648.19580078125,51.394775390625,148.7958984375,-1,-1,-1,-1
409,10,664.868896484375,647.4445190429688,51.8177490234375,148.50433349609375,-1,-1,-1,-1
410,10,666.219970703125,646.625244140625,52.88958740234375,149.4578857421875,-1,-1,-1,-1
411,10,666.6590576171875,646.1795043945312,55.58160400390625,147.94744873046875,-1,-1,-1,-1
412,10,665.514404296875,647.7360229492188,58.01910400390625,146.102783203125,-1,-1,-1,-1
413,10,665.4510498046875,649.5803833007812,61.44671630859375,145.81005859375,-1,-1,-1,-1
414,10,665.794921875,650.9308471679688,61.4951171875,143.24981689453125,-1,-1,-1,-1
415,10,664.275634765625,650.8736572265625,64.50030517578125,142.23858642578125,-1,-1,-1,-1
416,10,664.005126953125,649.5502319335938,63.4044189453125,141.33056640625,-1,-1,-1,-1
417,10,663.7904663085938,647.4947509765625,64.50579833984375,142.494384765625,-1,-1,-1,-1
418,10,659.447265625,644.2868041992188,68.2701416015625,141.681884765625,-1,-1,-1,-1
419,10,669.4353637695312,640.5032958984375,60.47991943359375,143.877685546875,-1,-1,-1,-1
420,10,671.7015380859375,638.1675415039062,59.59539794921875,145.6484375,-1,-1,-1,-1
421,10,676.2932739257812,638.5399169921875,55.5584716796875,147.101806640625,-1,-1,-1,-1
422,10,674.34130859375,639.1953735351562,58.1646728515625,147.79571533203125,-1,-1,-1,-1
423,10,671.3699340820312,638.7699584960938,64.3427734375,147.0794677734375,-1,-1,-1,-1
424,10,674.0392456054688,638.9622192382812,66.444580078125,145.02252197265625,-1,-1,-1,-1
425,10,678.8964233398438,636.6184692382812,70.50286865234375,145.3369140625,-1,-1,-1,-1
426,10,676.4374389648438,634.8351440429688,78.727783203125,153.6639404296875,-1,-1,-1,-1
304,11,1.3946547508239746,615.3179321289062,89.42156219482422,150.67767333984375,-1,-1,-1,-1
305,11,149.5275115966797,603.7197265625,108.130859375,138.783203125,-1,-1,-1,-1
306,11,290.490966796875,601.3919677734375,94.59152221679688,131.50732421875,-1,-1,-1,-1
307,11,382.13311767578125,607.4299926757812,80.37191772460938,127.07952880859375,-1,-1,-1,-1
308,11,425.4672546386719,615.0218505859375,73.97119140625,126.0789794921875,-1,-1,-1,-1
309,11,446.263671875,620.8721313476562,67.41232299804688,126.1185302734375,-1,-1,-1,-1
310,11,461.947021484375,631.9785766601562,65.052978515625,125.54473876953125,-1,-1,-1,-1
311,11,471.3962707519531,637.9658813476562,64.09182739257812,126.18389892578125,-1,-1,-1,-1
312,11,479.7233581542969,641.3447265625,61.116729736328125,125.6070556640625,-1,-1,-1,-1
313,11,482.68218994140625,646.7879028320312,60.1898193359375,123.661865234375,-1,-1,-1,-1
314,11,489.24371337890625,650.5526123046875,57.39715576171875,126.23126220703125,-1,-1,-1,-1
315,11,496.7059631347656,654.71533203125,58.384735107421875,125.89251708984375,-1,-1,-1,-1
316,11,509.1546936035156,658.75390625,57.347747802734375,124.5338134765625,-1,-1,-1,-1
317,11,520.9347534179688,661.560791015625,56.31793212890625,124.7459716796875,-1,-1,-1,-1
318,11,532.6155395507812,665.7113037109375,52.23797607421875,125.91485595703125,-1,-1,-1,-1
319,11,536.8093872070312,671.9645385742188,54.9754638671875,124.29132080078125,-1,-1,-1,-1
320,11,542.5902099609375,677.8804321289062,56.7391357421875,123.30535888671875,-1,-1,-1,-1
321,11,552.1193237304688,675.3924560546875,54.80804443359375,123.0250244140625,-1,-1,-1,-1
322,11,558.4894409179688,672.3740234375,52.6031494140625,122.9462890625,-1,-1,-1,-1
323,11,565.7079467773438,670.0096435546875,52.01556396484375,123.87872314453125,-1,-1,-1,-1
324,11,571.6240234375,669.1605834960938,51.7086181640625,124.63909912109375,-1,-1,-1,-1
325,11,572.9249877929688,671.0359497070312,54.70037841796875,123.7039794921875,-1,-1,-1,-1
326,11,583.0238037109375,669.945068359375,51.4395751953125,123.9693603515625,-1,-1,-1,-1
327,11,586.83642578125,670.2649536132812,52.4219970703125,122.7039794921875,-1,-1,-1,-1
328,11,591.7315063476562,670.2706298828125,51.6246337890625,123.0948486328125,-1,-1,-1,-1
329,11,593.3579711914062,669.3245239257812,52.7098388671875,124.13702392578125,-1,-1,-1,-1
330,11,594.568603515625,670.7981567382812,54.12298583984375,123.38250732421875,-1,-1,-1,-1
331,11,596.8145751953125,675.2061767578125,53.6756591796875,121.2537841796875,-1,-1,-1,-1
332,11,598.9100952148438,678.1932373046875,54.67120361328125,120.65032958984375,-1,-1,-1,-1
333,11,601.8811645507812,681.426025390625,53.75042724609375,123.59417724609375,-1,-1,-1,-1
334,11,603.666748046875,680.12646484375,52.98638916015625,122.383544921875,-1,-1,-1,-1
335,11,605.3732299804688,682.7283935546875,52.6304931640625,122.64642333984375,-1,-1,-1,-1
336,11,605.6015625,688.9794921875,54.92132568359375,122.5509033203125,-1,-1,-1,-1
337,11,610.3247680664062,695.6774291992188,52.53240966796875,123.00469970703125,-1,-1,-1,-1
338,11,609.8326416015625,697.7093505859375,53.9476318359375,122.89459228515625,-1,-1,-1,-1
339,11,612.6963500976562,694.1218872070312,52.05712890625,123.24847412109375,-1,-1,-1,-1
340,11,610.311279296875,690.7359008789062,53.10028076171875,121.5296630859375,-1,-1,-1,-1
341,11,611.1673583984375,685.5399169921875,53.755859375,121.67236328125,-1,-1,-1,-1
342,11,614.766357421875,684.421142578125,54.2315673828125,122.63311767578125,-1,-1,-1,-1
343,11,614.5333862304688,689.23388671875,55.59637451171875,120.88885498046875,-1,-1,-1,-1
344,11,613.6146850585938,697.0516967773438,53.12420654296875,122.1829833984375,-1,-1,-1,-1
345,11,607.2037353515625,704.14794921875,54.1552734375,120.8994140625,-1,-1,-1,-1
346,11,601.142822265625,712.8427734375,53.3521728515625,123.48565673828125,-1,-1,-1,-1
347,11,595.603515625,715.0626831054688,53.5162353515625,122.44378662109375,-1,-1,-1,-1
348,11,589.3692626953125,712.2645874023438,55.02264404296875,123.82147216796875,-1,-1,-1,-1
349,11,583.0322875976562,707.3295288085938,52.53143310546875,123.9608154296875,-1,-1,-1,-1
350,11,569.8834228515625,704.5006713867188,53.04315185546875,123.41412353515625,-1,-1,-1,-1
351,11,558.9198608398438,701.5529174804688,53.0028076171875,123.13397216796875,-1,-1,-1,-1
352,11,546.2371215820312,698.2440185546875,57.2796630859375,125.64093017578125,-1,-1,-1,-1
353,11,540.1212768554688,692.079345703125,54.75482177734375,124.81646728515625,-1,-1,-1,-1
354,11,530.6617431640625,683.259765625,57.3604736328125,125.2105712890625,-1,-1,-1,-1
355,11,527.923095703125,678.5256958007812,54.756591796875,126.99932861328125,-1,-1,-1,-1
356,11,525.3215942382812,677.4501953125,53.655029296875,124.0897216796875,-1,-1,-1,-1
357,11,521.8432006835938,673.1900024414062,54.78411865234375,125.08197021484375,-1,-1,-1,-1
358,11,517.2630615234375,671.5867919921875,56.11370849609375,124.367919921875,-1,-1,-1,-1
359,11,515.9368896484375,669.467041015625,53.6998291015625,125.37823486328125,-1,-1,-1,-1
360,11,512.05322265625,666.6365356445312,54.7099609375,127.44879150390625,-1,-1,-1,-1
361,11,513.0924682617188,665.93017578125,52.27838134765625,127.03704833984375,-1,-1,-1,-1
362,11,508.4715576171875,664.4489135742188,53.2618408203125,127.2913818359375,-1,-1,-1,-1
363,11,504.3665771484375,662.0638427734375,52.3204345703125,126.2342529296875,-1,-1,-1,-1
364,11,497.3220520019531,660.6251220703125,53.122283935546875,123.92535400390625,-1,-1,-1,-1
365,11,489.9769592285156,657.7938842773438,57.541412353515625,125.70635986328125,-1,-1,-1,-1
366,11,489.50921630859375,657.2613525390625,57.8984375,125.63323974609375,-1,-1,-1,-1
367,11,497.8927307128906,654.8092041015625,51.595794677734375,126.21844482421875,-1,-1,-1,-1
368,11,501.124267578125,651.6784057617188,50.26434326171875,127.134765625,-1,-1,-1,-1
369,11,503.09857177734375,649.4465942382812,49.68597412109375,127.1781005859375,-1,-1,-1,-1
370,11,504.08148193359375,646.6253662109375,50.65130615234375,125.118408203125,-1,-1,-1,-1
371,11,509.9526672363281,642.2569580078125,52.610321044921875,125.1822509765625,-1,-1,-1,-1
372,11,531.2073974609375,645.2059936523438,53.3245849609375,123.831787109375,-1,-1,-1,-1
373,11,560.0515747070312,648.9963989257812,50.788330078125,123.1251220703125,-1,-1,-1,-1
374,11,577.73974609375,650.9932861328125,53.25006103515625,123.90460205078125,-1,-1,-1,-1
375,11,588.2942504882812,651.2059936523438,48.39501953125,123.26202392578125,-1,-1,-1,-1
376,11,586.4232788085938,650.2676391601562,48.55255126953125,123.185302734375,-1,-1,-1,-1
377,11,582.3442993164062,650.4887084960938,49.80389404296875,122.206787109375,-1,-1,-1,-1
378,11,580.4888916015625,649.7592163085938,51.40545654296875,120.154052734375,-1,-1,-1,-1
379,11,584.300048828125,649.3885498046875,49.234619140625,121.95599365234375,-1,-1,-1,-1
380,11,585.3984375,649.4163818359375,48.681396484375,122.8660888671875,-1,-1,-1,-1
381,11,579.2023315429688,649.0,52.33746337890625,120.26458740234375,-1,-1,-1,-1
382,11,573.5022583007812,649.636474609375,49.10400390625,121.58758544921875,-1,-1,-1,-1
383,11,560.8870239257812,650.120849609375,50.675048828125,121.019775390625,-1,-1,-1,-1
384,11,549.2276000976562,648.8611450195312,53.576171875,121.1878662109375,-1,-1,-1,-1
385,11,545.0829467773438,649.4451293945312,49.5849609375,123.34893798828125,-1,-1,-1,-1
386,11,540.117431640625,649.3231201171875,50.06085205078125,125.02960205078125,-1,-1,-1,-1
387,11,534.5023193359375,651.1702880859375,52.4093017578125,125.78582763671875,-1,-1,-1,-1
388,11,531.4276733398438,652.7438354492188,50.42877197265625,126.91717529296875,-1,-1,-1,-1
389,11,527.8651733398438,652.1484375,50.16729736328125,126.19195556640625,-1,-1,-1,-1
390,11,520.1168823242188,650.3171997070312,54.076416015625,126.78082275390625,-1,-1,-1,-1
391,11,517.21826171875,649.315673828125,53.97528076171875,126.16229248046875,-1,-1,-1,-1
392,11,516.4952392578125,649.229736328125,52.8302001953125,124.9764404296875,-1,-1,-1,-1
393,11,517.06201171875,648.2921752929688,51.88641357421875,125.01885986328125,-1,-1,-1,-1
394,11,516.4718627929688,646.365478515625,52.03594970703125,125.1986083984375,-1,-1,-1,-1
395,11,515.297607421875,642.5350952148438,51.79888916015625,125.9888916015625,-1,-1,-1,-1
396,11,514.2925415039062,639.6632690429688,50.8092041015625,127.12005615234375,-1,-1,-1,-1
397,11,508.5794677734375,640.06396484375,54.0025634765625,126.95684814453125,-1,-1,-1,-1
398,11,506.6208801269531,642.499267578125,55.181671142578125,125.831298828125,-1,-1,-1,-1
399,11,509.9298095703125,644.7991333007812,52.82574462890625,124.6778564453125,-1,-1,-1,-1
400,11,509.03857421875,643.5645751953125,53.974853515625,125.40887451171875,-1,-1,-1,-1
401,11,509.8653869628906,643.0574340820312,53.436248779296875,126.014404296875,-1,-1,-1,-1
402,11,508.9641418457031,642.9447631835938,53.326812744140625,126.19024658203125,-1,-1,-1,-1
403,11,504.84539794921875,642.5232543945312,55.8382568359375,125.933349609375,-1,-1,-1,-1
404,11,503.44732666015625,641.570556640625,54.43280029296875,126.93511962890625,-1,-1,-1,-1
405,11,502.02569580078125,640.7210693359375,52.39013671875,127.45184326171875,-1,-1,-1,-1
406,11,501.4803466796875,640.0764770507812,51.000732421875,127.31201171875,-1,-1,-1,-1
407,11,501.1878356933594,639.7867431640625,50.390655517578125,127.335693359375,-1,-1,-1,-1
408,11,501.0807189941406,639.2183837890625,50.477569580078125,127.38946533203125,-1,-1,-1,-1
409,11,501.18927001953125,638.5944213867188,50.05572509765625,127.94586181640625,-1,-1,-1,-1
410,11,500.76123046875,637.2720336914062,50.663818359375,128.3502197265625,-1,-1,-1,-1
411,11,500.9079284667969,636.5299072265625,50.888824462890625,128.3905029296875,-1,-1,-1,-1
412,11,500.9637451171875,636.7015380859375,50.5606689453125,128.4547119140625,-1,-1,-1,-1
413,11,500.2339782714844,637.4073486328125,50.824432373046875,128.47491455078125,-1,-1,-1,-1
414,11,498.89080810546875,637.521240234375,51.1322021484375,127.99224853515625,-1,-1,-1,-1
415,11,498.0922546386719,636.515869140625,51.520904541015625,128.60736083984375,-1,-1,-1,-1
416,11,494.8411560058594,635.369873046875,54.211273193359375,128.1395263671875,-1,-1,-1,-1
417,11,491.9968566894531,633.1673583984375,55.573272705078125,128.2598876953125,-1,-1,-1,-1
418,11,491.14764404296875,631.375244140625,54.11431884765625,126.77386474609375,-1,-1,-1,-1
419,11,490.3893127441406,629.9034423828125,53.868621826171875,127.85333251953125,-1,-1,-1,-1
420,11,489.51116943359375,630.1431884765625,54.90960693359375,127.87921142578125,-1,-1,-1,-1
421,11,490.4306640625,631.2815551757812,54.4063720703125,127.77581787109375,-1,-1,-1,-1
422,11,490.08203125,630.8572387695312,54.2613525390625,128.21673583984375,-1,-1,-1,-1
423,11,490.039794921875,629.7626953125,53.6329345703125,128.449462890625,-1,-1,-1,-1
424,11,490.4496765136719,627.4926147460938,52.056610107421875,128.49725341796875,-1,-1,-1,-1
425,11,489.48065185546875,623.4002685546875,51.73382568359375,129.1639404296875,-1,-1,-1,-1
426,11,487.6019592285156,621.0027465820312,51.058319091796875,128.8629150390625,-1,-1,-1,-1
427,11,484.43975830078125,617.4358520507812,51.22821044921875,129.36431884765625,-1,-1,-1,-1
428,11,480.072998046875,616.8348999023438,53.67767333984375,128.18255615234375,-1,-1,-1,-1
429,11,478.9974365234375,618.3668823242188,54.20562744140625,127.702392578125,-1,-1,-1,-1
430,11,479.4207458496094,620.357666015625,53.543243408203125,129.6956787109375,-1,-1,-1,-1
431,11,482.221923828125,621.556640625,50.12530517578125,129.159912109375,-1,-1,-1,-1
432,11,477.0760803222656,620.7101440429688,54.163360595703125,129.81689453125,-1,-1,-1,-1
433,11,477.70184326171875,620.2487182617188,53.35858154296875,130.43011474609375,-1,-1,-1,-1
434,11,477.102294921875,620.0612182617188,53.38671875,130.13885498046875,-1,-1,-1,-1
435,11,476.4703674316406,621.3704223632812,52.859649658203125,130.08001708984375,-1,-1,-1,-1
436,11,477.6666259765625,622.671142578125,51.26971435546875,130.05645751953125,-1,-1,-1,-1
437,11,475.559814453125,625.4478759765625,51.83233642578125,129.39569091796875,-1,-1,-1,-1
438,11,475.490966796875,628.6675415039062,51.86651611328125,128.6734619140625,-1,-1,-1,-1
439,11,475.74249267578125,629.7049560546875,51.04022216796875,128.9765625,-1,-1,-1,-1
440,11,474.6001281738281,629.4826049804688,50.873565673828125,129.88262939453125,-1,-1,-1,-1
441,11,474.07745361328125,628.7332153320312,50.41802978515625,129.6229248046875,-1,-1,-1,-1
442,11,473.2695007324219,629.7815551757812,50.413970947265625,129.73956298828125,-1,-1,-1,-1
443,11,469.9830627441406,632.6355590820312,52.204986572265625,129.78338623046875,-1,-1,-1,-1
444,11,463.2608642578125,634.7666625976562,56.82916259765625,128.80572509765625,-1,-1,-1,-1
445,11,461.50482177734375,635.0347290039062,56.50762939453125,129.364501953125,-1,-1,-1,-1
446,11,461.1006774902344,634.1536254882812,54.023773193359375,130.18353271484375,-1,-1,-1,-1
447,11,461.8155822753906,634.346923828125,50.7197265625,129.72998046875,-1,-1,-1,-1
448,11,458.8900146484375,632.8746337890625,51.41705322265625,130.7012939453125,-1,-1,-1,-1
449,11,457.85498046875,628.711181640625,52.399627685546875,132.17236328125,-1,-1,-1,-1
450,11,460.6173400878906,624.9556274414062,49.88323974609375,129.79547119140625,-1,-1,-1,-1
451,11,461.78814697265625,622.3095092773438,52.076507568359375,130.29510498046875,-1,-1,-1,-1
452,11,463.3905029296875,619.0401611328125,54.8905029296875,130.392578125,-1,-1,-1,-1
453,11,464.04266357421875,612.7040405273438,55.73529052734375,128.05828857421875,-1,-1,-1,-1
454,11,463.7591247558594,610.0177612304688,55.800628662109375,128.99505615234375,-1,-1,-1,-1
455,11,464.19122314453125,610.0842895507812,52.912109375,129.12542724609375,-1,-1,-1,-1
456,11,461.61627197265625,610.990234375,52.5255126953125,129.47833251953125,-1,-1,-1,-1
457,11,460.77532958984375,613.257080078125,51.620941162109375,128.656005859375,-1,-1,-1,-1
458,11,460.2448425292969,614.5333862304688,50.532135009765625,130.091552734375,-1,-1,-1,-1
459,11,458.00299072265625,614.58740234375,52.068023681640625,130.047119140625,-1,-1,-1,-1
460,11,458.15411376953125,615.6790161132812,52.24090576171875,130.9681396484375,-1,-1,-1,-1
461,11,459.44110107421875,617.51953125,52.648773193359375,130.8365478515625,-1,-1,-1,-1
462,11,459.9606018066406,618.8016967773438,54.199066162109375,130.62762451171875,-1,-1,-1,-1
463,11,462.2503967285156,619.0985717773438,54.482940673828125,130.96246337890625,-1,-1,-1,-1
464,11,461.8775634765625,619.1405639648438,55.55560302734375,130.88604736328125,-1,-1,-1,-1
465,11,462.1755065917969,619.0159912109375,55.701446533203125,130.98797607421875,-1,-1,-1,-1
466,11,461.3994140625,620.1695556640625,56.496826171875,130.9056396484375,-1,-1,-1,-1
467,11,461.6826477050781,621.5014038085938,56.806854248046875,130.46417236328125,-1,-1,-1,-1
468,11,462.8097839355469,623.0081787109375,56.041778564453125,129.74755859375,-1,-1,-1,-1
469,11,464.2525634765625,624.7525634765625,55.07769775390625,129.25311279296875,-1,-1,-1,-1
470,11,463.38287353515625,626.296142578125,56.303466796875,128.7294921875,-1,-1,-1,-1
471,11,462.6656494140625,628.6099853515625,57.63690185546875,128.97760009765625,-1,-1,-1,-1
472,11,464.2837829589844,630.81689453125,55.774322509765625,130.39007568359375,-1,-1,-1,-1
473,11,462.47857666015625,633.5608520507812,57.167724609375,129.697509765625,-1,-1,-1,-1
474,11,463.31365966796875,634.51708984375,55.48150634765625,130.02630615234375,-1,-1,-1,-1
475,11,461.77618408203125,635.120849609375,56.06939697265625,130.1295166015625,-1,-1,-1,-1
476,11,462.1248474121094,636.250732421875,54.757110595703125,130.1065673828125,-1,-1,-1,-1
477,11,463.01776123046875,638.9176025390625,53.322998046875,128.77923583984375,-1,-1,-1,-1
478,11,462.3920593261719,641.5165405273438,53.782684326171875,128.28936767578125,-1,-1,-1,-1
479,11,462.1244812011719,644.5952758789062,53.629913330078125,129.1243896484375,-1,-1,-1,-1
480,11,460.101806640625,648.5538940429688,54.1253662109375,130.142333984375,-1,-1,-1,-1
481,11,459.4715576171875,649.8006591796875,53.58544921875,130.87249755859375,-1,-1,-1,-1
482,11,460.359619140625,650.0919189453125,51.893951416015625,130.672607421875,-1,-1,-1,-1
483,11,459.66339111328125,649.5965576171875,50.64801025390625,130.8326416015625,-1,-1,-1,-1
484,11,456.1703186035156,648.069091796875,53.33233642578125,131.262451171875,-1,-1,-1,-1
485,11,454.14544677734375,647.2605590820312,54.217315673828125,130.83380126953125,-1,-1,-1,-1
486,11,450.396240234375,646.902587890625,56.058807373046875,131.08746337890625,-1,-1,-1,-1
487,11,450.7149963378906,647.0616455078125,54.53497314453125,130.76849365234375,-1,-1,-1,-1
488,11,446.7275085449219,647.0911865234375,56.898162841796875,131.3040771484375,-1,-1,-1,-1
489,11,446.3707275390625,647.3465576171875,57.24810791015625,131.1959228515625,-1,-1,-1,-1
490,11,446.2787780761719,647.5263671875,57.373321533203125,131.1160888671875,-1,-1,-1,-1
491,11,447.7044372558594,647.0350341796875,55.15472412109375,131.79742431640625,-1,-1,-1,-1
492,11,447.3808288574219,646.0722045898438,54.049285888671875,131.45111083984375,-1,-1,-1,-1
493,11,447.70904541015625,644.63037109375,52.677734375,131.1756591796875,-1,-1,-1,-1
494,11,446.82659912109375,642.912109375,53.59112548828125,129.742431640625,-1,-1,-1,-1
495,11,445.7949523925781,641.053955078125,54.312042236328125,130.59716796875,-1,-1,-1,-1
496,11,443.91009521484375,640.6829223632812,54.804412841796875,129.8695068359375,-1,-1,-1,-1
497,11,444.26141357421875,639.0637817382812,53.754486083984375,131.1263427734375,-1,-1,-1,-1
498,11,443.8406066894531,638.724365234375,52.949462890625,130.54315185546875,-1,-1,-1,-1
499,11,443.40277099609375,638.8703002929688,52.86639404296875,131.248291015625,-1,-1,-1,-1
500,11,444.21661376953125,639.0231323242188,52.20513916015625,130.86383056640625,-1,-1,-1,-1
501,11,444.759521484375,637.41552734375,50.3563232421875,130.30792236328125,-1,-1,-1,-1
502,11,441.68182373046875,635.8740234375,52.849609375,130.96875,-1,-1,-1,-1
503,11,435.8862609863281,634.5081176757812,58.064605712890625,131.029052734375,-1,-1,-1,-1
504,11,433.544921875,633.9580688476562,58.31005859375,131.16558837890625,-1,-1,-1,-1
505,11,432.12744140625,633.031982421875,56.31793212890625,131.97088623046875,-1,-1,-1,-1
506,11,429.8174743652344,631.853759765625,53.228851318359375,132.38592529296875,-1,-1,-1,-1
507,11,421.364501953125,629.7445068359375,57.88165283203125,131.83782958984375,-1,-1,-1,-1
508,11,421.46343994140625,626.6730346679688,57.3092041015625,130.54266357421875,-1,-1,-1,-1
509,11,420.85894775390625,622.8276977539062,57.779510498046875,130.8336181640625,-1,-1,-1,-1
510,11,420.18768310546875,619.822265625,59.4052734375,132.00933837890625,-1,-1,-1,-1
511,11,419.1053771972656,617.6422729492188,59.781158447265625,131.147705078125,-1,-1,-1,-1
512,11,420.72454833984375,615.63134765625,58.5797119140625,129.94171142578125,-1,-1,-1,-1
513,11,422.3124084472656,613.389404296875,56.290283203125,131.443603515625,-1,-1,-1,-1
514,11,421.9125671386719,612.8950805664062,55.87847900390625,129.37408447265625,-1,-1,-1,-1
515,11,421.61529541015625,611.4512329101562,55.82403564453125,129.42578125,-1,-1,-1,-1
516,11,421.02392578125,610.779541015625,55.351959228515625,130.1761474609375,-1,-1,-1,-1
517,11,419.37359619140625,610.9888305664062,55.906494140625,129.9736328125,-1,-1,-1,-1
518,11,418.82122802734375,611.715087890625,56.28955078125,130.04571533203125,-1,-1,-1,-1
519,11,418.35931396484375,613.3192749023438,56.976715087890625,130.25347900390625,-1,-1,-1,-1
520,11,417.56524658203125,613.6864013671875,58.268707275390625,129.52679443359375,-1,-1,-1,-1
521,11,417.1590881347656,613.7817993164062,59.17852783203125,131.22802734375,-1,-1,-1,-1
522,11,418.7532653808594,614.52734375,56.84033203125,130.6180419921875,-1,-1,-1,-1
523,11,420.6888732910156,614.3063354492188,55.748077392578125,131.28448486328125,-1,-1,-1,-1
524,11,420.5879211425781,614.6397705078125,56.3585205078125,130.6827392578125,-1,-1,-1,-1
525,11,421.0993347167969,614.751708984375,57.251983642578125,131.31842041015625,-1,-1,-1,-1
526,11,420.2157897949219,614.6821899414062,57.854461669921875,131.7547607421875,-1,-1,-1,-1
527,11,420.4017333984375,615.7885131835938,56.717864990234375,130.2139892578125,-1,-1,-1,-1
528,11,418.703369140625,615.7467041015625,58.434356689453125,131.57806396484375,-1,-1,-1,-1
529,11,419.07037353515625,616.6824951171875,57.641876220703125,132.23773193359375,-1,-1,-1,-1
530,11,418.3481140136719,617.458251953125,57.2010498046875,132.91973876953125,-1,-1,-1,-1
531,11,416.8176574707031,618.3858032226562,56.9681396484375,132.677001953125,-1,-1,-1,-1
532,11,416.79705810546875,618.3286743164062,55.25836181640625,133.43280029296875,-1,-1,-1,-1
533,11,415.41802978515625,617.4898681640625,55.745697021484375,133.35455322265625,-1,-1,-1,-1
534,11,415.0046691894531,614.7621459960938,55.355194091796875,133.44879150390625,-1,-1,-1,-1
535,11,414.25445556640625,611.8328857421875,53.853179931640625,131.99151611328125,-1,-1,-1,-1
536,11,409.70416259765625,608.51953125,57.255218505859375,131.74493408203125,-1,-1,-1,-1
537,11,410.9847717285156,607.4827880859375,55.634185791015625,132.0672607421875,-1,-1,-1,-1
538,11,413.0346374511719,606.7557373046875,54.00616455078125,132.1728515625,-1,-1,-1,-1
539,11,412.5102844238281,605.784912109375,54.735687255859375,132.74066162109375,-1,-1,-1,-1
540,11,415.97998046875,602.6163940429688,53.003936767578125,134.193603515625,-1,-1,-1,-1
541,11,416.33984375,600.96533203125,54.23876953125,134.42926025390625,-1,-1,-1,-1
542,11,417.82861328125,601.366455078125,55.81182861328125,134.20404052734375,-1,-1,-1,-1
543,11,420.63372802734375,603.1229248046875,56.55853271484375,133.43975830078125,-1,-1,-1,-1
544,11,428.0972900390625,605.1953735351562,52.98638916015625,132.5733642578125,-1,-1,-1,-1
545,11,432.20587158203125,607.3430786132812,52.88409423828125,131.35284423828125,-1,-1,-1,-1
546,11,436.18292236328125,609.2435913085938,54.336151123046875,130.12640380859375,-1,-1,-1,-1
547,11,446.10955810546875,611.4169311523438,49.92822265625,128.88580322265625,-1,-1,-1,-1
548,11,450.5440673828125,612.00341796875,52.64935302734375,129.252685546875,-1,-1,-1,-1
549,11,453.03472900390625,613.8991088867188,55.02313232421875,129.09295654296875,-1,-1,-1,-1
550,11,460.0373840332031,616.7410888671875,52.679901123046875,128.81048583984375,-1,-1,-1,-1
551,11,462.6808776855469,617.2127685546875,53.928924560546875,128.14373779296875,-1,-1,-1,-1
552,11,467.112548828125,616.1666259765625,53.9659423828125,128.50323486328125,-1,-1,-1,-1
553,11,472.02813720703125,616.955322265625,52.44964599609375,126.480224609375,-1,-1,-1,-1
554,11,477.8213195800781,617.395263671875,53.369537353515625,126.48974609375,-1,-1,-1,-1
555,11,488.589599609375,619.5501708984375,51.06304931640625,126.54193115234375,-1,-1,-1,-1
556,11,504.6370849609375,622.08544921875,52.10858154296875,127.78466796875,-1,-1,-1,-1
557,11,525.659912109375,624.7587280273438,51.812744140625,127.259521484375,-1,-1,-1,-1
558,11,543.0359497070312,628.6949462890625,50.21820068359375,124.3656005859375,-1,-1,-1,-1
559,11,548.203857421875,630.826904296875,53.97998046875,123.99835205078125,-1,-1,-1,-1
560,11,554.76708984375,631.7835693359375,49.1414794921875,124.00445556640625,-1,-1,-1,-1
561,11,549.6022338867188,631.2955322265625,52.20867919921875,124.8486328125,-1,-1,-1,-1
562,11,544.4122924804688,632.228759765625,53.5374755859375,123.0582275390625,-1,-1,-1,-1
563,11,541.364013671875,632.3392944335938,51.1619873046875,122.80108642578125,-1,-1,-1,-1
564,11,530.8029174804688,632.0450439453125,54.33331298828125,124.28546142578125,-1,-1,-1,-1
565,11,526.3186645507812,632.013916015625,50.72674560546875,124.00579833984375,-1,-1,-1,-1
566,11,517.7783203125,632.994140625,49.0843505859375,124.479736328125,-1,-1,-1,-1
567,11,507.7502746582031,630.1588134765625,51.562408447265625,126.2078857421875,-1,-1,-1,-1
568,11,501.4757080078125,627.9996337890625,51.0740966796875,125.8792724609375,-1,-1,-1,-1
569,11,497.5235900878906,624.2023315429688,51.857940673828125,128.556396484375,-1,-1,-1,-1
570,11,490.3407897949219,622.7568359375,54.923004150390625,128.980712890625,-1,-1,-1,-1
571,11,490.6792907714844,622.349853515625,51.845611572265625,128.321044921875,-1,-1,-1,-1
572,11,487.97222900390625,621.885986328125,50.74365234375,128.025390625,-1,-1,-1,-1
573,11,486.64373779296875,621.9550170898438,50.03717041015625,128.72479248046875,-1,-1,-1,-1
574,11,481.0079650878906,622.726318359375,52.017242431640625,129.41131591796875,-1,-1,-1,-1
575,11,477.6314392089844,623.04150390625,52.381500244140625,130.12652587890625,-1,-1,-1,-1
576,11,473.3594970703125,624.4664916992188,52.5928955078125,128.51507568359375,-1,-1,-1,-1
577,11,469.1588134765625,626.0224609375,53.65203857421875,128.2802734375,-1,-1,-1,-1
578,11,463.71795654296875,628.47607421875,56.20672607421875,128.69775390625,-1,-1,-1,-1
579,11,463.2212219238281,629.6497192382812,53.602325439453125,128.6866455078125,-1,-1,-1,-1
580,11,461.9521789550781,627.4508056640625,49.911529541015625,129.43560791015625,-1,-1,-1,-1
581,11,452.89617919921875,624.2053833007812,52.863372802734375,130.420654296875,-1,-1,-1,-1
582,11,446.8603515625,622.5565795898438,52.419097900390625,130.81610107421875,-1,-1,-1,-1
583,11,437.18756103515625,621.0205688476562,53.25738525390625,132.14459228515625,-1,-1,-1,-1
584,11,425.88525390625,621.6729736328125,53.003082275390625,131.5474853515625,-1,-1,-1,-1
585,11,417.2642822265625,621.6149291992188,52.707122802734375,133.26409912109375,-1,-1,-1,-1
586,11,410.28662109375,622.2457885742188,52.58331298828125,132.242431640625,-1,-1,-1,-1
587,11,405.78753662109375,623.2457275390625,52.60797119140625,133.6636962890625,-1,-1,-1,-1
588,11,399.00030517578125,624.0524291992188,56.108856201171875,135.94232177734375,-1,-1,-1,-1
589,11,399.2907409667969,627.0641479492188,52.87384033203125,135.78704833984375,-1,-1,-1,-1
590,11,396.0241394042969,630.078369140625,54.218902587890625,134.8138427734375,-1,-1,-1,-1
591,11,396.7138977050781,633.173583984375,52.207000732421875,133.57415771484375,-1,-1,-1,-1
592,11,396.4765319824219,635.3203125,52.618560791015625,133.690673828125,-1,-1,-1,-1
593,11,397.26544189453125,639.910888671875,52.4239501953125,136.2611083984375,-1,-1,-1,-1
594,11,398.36114501953125,646.32568359375,53.447235107421875,134.78656005859375,-1,-1,-1,-1
595,11,399.8910217285156,650.9495239257812,53.165069580078125,136.63031005859375,-1,-1,-1,-1
596,11,400.43634033203125,656.7487182617188,53.13458251953125,135.94281005859375,-1,-1,-1,-1
597,11,401.0258483886719,662.7701416015625,52.91253662109375,132.5078125,-1,-1,-1,-1
598,11,401.463134765625,667.6993408203125,53.647613525390625,133.44561767578125,-1,-1,-1,-1
599,11,403.26910400390625,674.6407470703125,53.38226318359375,133.6051025390625,-1,-1,-1,-1
600,11,405.96221923828125,679.6800537109375,52.749298095703125,134.53692626953125,-1,-1,-1,-1
601,11,406.1510925292969,687.340576171875,53.9205322265625,134.6143798828125,-1,-1,-1,-1
307,12,225.42018127441406,608.08837890625,150.8474884033203,188.5963134765625,-1,-1,-1,-1
308,12,273.50396728515625,608.619384765625,109.90045166015625,184.998779296875,-1,-1,-1,-1
309,12,293.53497314453125,607.7256469726562,86.87063598632812,186.4517822265625,-1,-1,-1,-1
310,12,316.3281555175781,614.5020141601562,98.09661865234375,184.6019287109375,-1,-1,-1,-1
311,12,331.1453552246094,619.5021362304688,77.70770263671875,176.968994140625,-1,-1,-1,-1
312,12,335.9235534667969,620.02734375,80.94894409179688,181.945068359375,-1,-1,-1,-1
313,12,343.98394775390625,622.3408203125,82.37359619140625,188.1387939453125,-1,-1,-1,-1
314,12,345.8787841796875,624.47705078125,86.85507202148438,194.63165283203125,-1,-1,-1,-1
315,12,360.50152587890625,625.4134521484375,85.88299560546875,205.31927490234375,-1,-1,-1,-1
316,12,378.6163330078125,625.0947265625,77.00091552734375,192.19281005859375,-1,-1,-1,-1
317,12,396.484130859375,626.113525390625,75.71292114257812,199.71337890625,-1,-1,-1,-1
318,12,405.42138671875,629.3861694335938,81.57244873046875,197.397705078125,-1,-1,-1,-1
319,12,412.4331970214844,631.6273193359375,82.40530395507812,210.3629150390625,-1,-1,-1,-1
320,12,418.93267822265625,634.6578369140625,87.38540649414062,219.62750244140625,-1,-1,-1,-1
321,12,415.8875427246094,631.0896606445312,97.66665649414062,225.27435302734375,-1,-1,-1,-1
322,12,437.6706848144531,625.1287231445312,82.10787963867188,232.4718017578125,-1,-1,-1,-1
323,12,445.7592468261719,622.6940307617188,77.88571166992188,224.89251708984375,-1,-1,-1,-1
324,12,450.9033203125,620.993408203125,78.5167236328125,220.84423828125,-1,-1,-1,-1
325,12,458.58184814453125,621.152587890625,76.6019287109375,220.86810302734375,-1,-1,-1,-1
326,12,466.01568603515625,617.9842529296875,75.14544677734375,221.050537109375,-1,-1,-1,-1
327,12,469.4781799316406,617.0804443359375,78.76260375976562,224.4822998046875,-1,-1,-1,-1
328,12,474.7082214355469,615.6943969726562,77.97488403320312,220.06072998046875,-1,-1,-1,-1
329,12,482.554931640625,615.3221435546875,72.34332275390625,218.3294677734375,-1,-1,-1,-1
330,12,484.4625549316406,615.802490234375,73.59646606445312,223.8372802734375,-1,-1,-1,-1
331,12,478.9527893066406,618.9219970703125,82.08731079101562,228.60723876953125,-1,-1,-1,-1
332,12,488.46539306640625,622.7921142578125,74.95947265625,218.4136962890625,-1,-1,-1,-1
333,12,489.82781982421875,626.18701171875,76.10601806640625,220.21600341796875,-1,-1,-1,-1
334,12,492.4953918457031,624.0960693359375,74.99166870117188,223.822509765625,-1,-1,-1,-1
335,12,498.90283203125,625.3780517578125,69.8782958984375,219.7188720703125,-1,-1,-1,-1
336,12,505.3664245605469,633.0310668945312,66.60549926757812,212.82073974609375,-1,-1,-1,-1
337,12,505.76788330078125,638.6434326171875,69.4642333984375,211.4981689453125,-1,-1,-1,-1
338,12,508.73046875,640.20263671875,67.43359375,211.52685546875,-1,-1,-1,-1
339,12,507.4355163574219,637.048828125,69.71389770507812,208.55462646484375,-1,-1,-1,-1
340,12,504.6314392089844,632.3629760742188,73.21688842773438,211.2296142578125,-1,-1,-1,-1
341,12,504.49871826171875,625.5339965820312,74.51953125,208.78460693359375,-1,-1,-1,-1
342,12,514.7068481445312,624.9849243164062,66.978759765625,195.7425537109375,-1,-1,-1,-1
343,12,514.5921020507812,630.515869140625,69.4052734375,197.51556396484375,-1,-1,-1,-1
344,12,515.478759765625,637.216552734375,66.70770263671875,200.06097412109375,-1,-1,-1,-1
345,12,508.9284362792969,644.5130615234375,68.21597290039062,205.31561279296875,-1,-1,-1,-1
346,12,501.6342468261719,652.9902954101562,68.48654174804688,213.68963623046875,-1,-1,-1,-1
347,12,492.05328369140625,653.1620483398438,73.34161376953125,215.32476806640625,-1,-1,-1,-1
348,12,487.84637451171875,653.7698364257812,71.0538330078125,207.71173095703125,-1,-1,-1,-1
349,12,484.80096435546875,648.2637939453125,65.4085693359375,200.629150390625,-1,-1,-1,-1
350,12,469.9997863769531,645.8223266601562,66.31161499023438,208.05792236328125,-1,-1,-1,-1
351,12,456.4410400390625,643.6453247070312,67.754150390625,204.003173828125,-1,-1,-1,-1
352,12,445.7273254394531,639.25390625,69.74392700195312,212.0025634765625,-1,-1,-1,-1
353,12,433.2091064453125,633.014404296875,71.91839599609375,207.89019775390625,-1,-1,-1,-1
354,12,426.3814697265625,623.7474975585938,71.77020263671875,217.48583984375,-1,-1,-1,-1
355,12,419.3228454589844,619.2085571289062,72.9976806640625,222.74615478515625,-1,-1,-1,-1
356,12,416.18841552734375,616.5906372070312,71.50180053710938,226.1177978515625,-1,-1,-1,-1
357,12,413.9027404785156,615.5689086914062,69.08139038085938,227.1964111328125,-1,-1,-1,-1
358,12,404.53460693359375,613.4359130859375,74.9188232421875,231.60693359375,-1,-1,-1,-1
359,12,399.5045166015625,611.73681640625,75.02426147460938,227.71807861328125,-1,-1,-1,-1
360,12,385.4601135253906,610.0162353515625,83.96636962890625,231.7713623046875,-1,-1,-1,-1
361,12,373.64398193359375,609.5995483398438,95.55145263671875,247.1773681640625,-1,-1,-1,-1
362,12,376.72308349609375,609.079345703125,85.6043701171875,237.031494140625,-1,-1,-1,-1
363,12,375.84552001953125,607.0071411132812,81.14501953125,237.13287353515625,-1,-1,-1,-1
364,12,363.1639099121094,605.4660034179688,87.80560302734375,236.87054443359375,-1,-1,-1,-1
365,12,364.4780578613281,602.4609375,83.48541259765625,238.427978515625,-1,-1,-1,-1
366,12,362.56109619140625,602.4697875976562,83.95938110351562,234.2894287109375,-1,-1,-1,-1
367,12,365.2602233886719,600.8121337890625,84.44985961914062,243.11773681640625,-1,-1,-1,-1
368,12,364.7406311035156,599.433349609375,82.6556396484375,235.9317626953125,-1,-1,-1,-1
369,12,368.417724609375,597.757568359375,78.98550415039062,225.816162109375,-1,-1,-1,-1
370,12,368.6983337402344,594.9156494140625,82.33145141601562,226.51055908203125,-1,-1,-1,-1
371,12,378.0297546386719,594.2315673828125,72.84719848632812,216.40966796875,-1,-1,-1,-1
372,12,400.6466064453125,594.8819580078125,75.57208251953125,213.79547119140625,-1,-1,-1,-1
373,12,431.8081359863281,600.6795043945312,72.40072631835938,208.50006103515625,-1,-1,-1,-1
374,12,453.4158630371094,604.6634521484375,73.71334838867188,207.71624755859375,-1,-1,-1,-1
375,12,451.7076416015625,604.3939819335938,82.76129150390625,220.1563720703125,-1,-1,-1,-1
376,12,459.1624450683594,602.1211547851562,76.92800903320312,220.1513671875,-1,-1,-1,-1
377,12,448.469482421875,601.4026489257812,85.9608154296875,225.2965087890625,-1,-1,-1,-1
378,12,452.35235595703125,600.68408203125,84.89520263671875,226.51904296875,-1,-1,-1,-1
379,12,459.44903564453125,600.3939819335938,74.858642578125,223.03485107421875,-1,-1,-1,-1
380,12,460.1265563964844,601.6848754882812,75.67404174804688,223.01031494140625,-1,-1,-1,-1
381,12,452.0267639160156,600.8560180664062,83.94638061523438,230.2298583984375,-1,-1,-1,-1
382,12,443.0210876464844,602.522216796875,82.31845092773438,228.0150146484375,-1,-1,-1,-1
383,12,428.7701110839844,602.4110107421875,81.42388916015625,228.01849365234375,-1,-1,-1,-1
384,12,417.04107666015625,601.151123046875,89.9796142578125,228.85540771484375,-1,-1,-1,-1
385,12,413.720703125,601.3930053710938,83.0736083984375,228.15264892578125,-1,-1,-1,-1
386,12,408.6370544433594,601.7583618164062,82.96719360351562,229.4820556640625,-1,-1,-1,-1
387,12,404.188720703125,604.1368408203125,87.82162475585938,233.26544189453125,-1,-1,-1,-1
388,12,395.6881408691406,606.1707153320312,88.51492309570312,232.97967529296875,-1,-1,-1,-1
389,12,396.4681701660156,603.5820922851562,83.97274780273438,234.23101806640625,-1,-1,-1,-1
390,12,389.46612548828125,601.6766967773438,88.62619018554688,239.99908447265625,-1,-1,-1,-1
391,12,381.85430908203125,599.9414672851562,90.41024780273438,235.87451171875,-1,-1,-1,-1
392,12,374.0264587402344,600.0462646484375,94.35638427734375,237.98388671875,-1,-1,-1,-1
393,12,375.8338928222656,597.5130615234375,96.84548950195312,245.1231689453125,-1,-1,-1,-1
394,12,387.3797302246094,595.2520141601562,81.52899169921875,236.9288330078125,-1,-1,-1,-1
395,12,388.27130126953125,593.0292358398438,79.4649658203125,231.760498046875,-1,-1,-1,-1
396,12,385.1261901855469,588.2020263671875,79.0484619140625,229.0078125,-1,-1,-1,-1
397,12,379.76519775390625,589.0750122070312,82.67251586914062,234.89801025390625,-1,-1,-1,-1
398,12,381.60498046875,590.5841064453125,80.43032836914062,237.51361083984375,-1,-1,-1,-1
399,12,381.3216857910156,592.9141845703125,80.34439086914062,238.95330810546875,-1,-1,-1,-1
400,12,384.29974365234375,592.3663330078125,77.47808837890625,232.7017822265625,-1,-1,-1,-1
401,12,381.7340087890625,591.7886962890625,81.1778564453125,235.0693359375,-1,-1,-1,-1
402,12,383.65753173828125,591.721435546875,76.8736572265625,232.8934326171875,-1,-1,-1,-1
403,12,384.39385986328125,591.5025024414062,73.2908935546875,227.8463134765625,-1,-1,-1,-1
404,12,379.33447265625,590.4366455078125,76.44598388671875,226.03936767578125,-1,-1,-1,-1
405,12,371.6363525390625,589.7701416015625,81.34234619140625,231.8902587890625,-1,-1,-1,-1
406,12,372.699951171875,588.4315185546875,78.75851440429688,226.960693359375,-1,-1,-1,-1
407,12,368.4072265625,588.3819580078125,81.93173217773438,223.237548828125,-1,-1,-1,-1
408,12,370.4742736816406,588.2962646484375,78.67416381835938,222.06103515625,-1,-1,-1,-1
409,12,370.55096435546875,587.77392578125,78.7239990234375,222.1947021484375,-1,-1,-1,-1
410,12,368.86407470703125,586.2600708007812,81.20803833007812,228.16448974609375,-1,-1,-1,-1
411,12,363.53045654296875,585.0685424804688,87.656982421875,234.44891357421875,-1,-1,-1,-1
412,12,366.72772216796875,584.8738403320312,84.92550659179688,235.65374755859375,-1,-1,-1,-1
413,12,367.5921630859375,585.6807861328125,82.22067260742188,230.58648681640625,-1,-1,-1,-1
414,12,364.29449462890625,586.5474853515625,84.30010986328125,230.960693359375,-1,-1,-1,-1
415,12,354.34930419921875,585.4801635742188,95.31591796875,237.5020751953125,-1,-1,-1,-1
416,12,352.1307067871094,582.8757934570312,97.80975341796875,236.6478271484375,-1,-1,-1,-1
417,12,363.1300964355469,580.9534301757812,82.34588623046875,221.5821533203125,-1,-1,-1,-1
418,12,362.54473876953125,578.7744140625,79.46905517578125,221.3477783203125,-1,-1,-1,-1
419,12,361.50750732421875,578.099365234375,78.72116088867188,229.97943115234375,-1,-1,-1,-1
420,12,360.2318420410156,578.0010375976562,82.264892578125,236.089599609375,-1,-1,-1,-1
421,12,358.3837585449219,578.890869140625,83.73297119140625,235.56097412109375,-1,-1,-1,-1
422,12,359.8345947265625,579.0406494140625,81.24053955078125,235.4111328125,-1,-1,-1,-1
423,12,358.05767822265625,577.55712890625,83.9769287109375,235.820068359375,-1,-1,-1,-1
424,12,356.617919921875,574.4822387695312,84.08303833007812,227.47674560546875,-1,-1,-1,-1
425,12,356.33099365234375,569.7242431640625,83.13568115234375,229.92034912109375,-1,-1,-1,-1
426,12,344.2076110839844,567.3541259765625,91.51065063476562,232.88592529296875,-1,-1,-1,-1
427,12,343.0580749511719,564.5504760742188,88.73974609375,228.91204833984375,-1,-1,-1,-1
428,12,342.4726257324219,564.1725463867188,89.55679321289062,240.0318603515625,-1,-1,-1,-1
429,12,340.53131103515625,565.6476440429688,90.95632934570312,251.84423828125,-1,-1,-1,-1
430,12,344.3590087890625,567.873046875,87.8309326171875,247.7489013671875,-1,-1,-1,-1
431,12,342.4415588378906,569.4075927734375,87.51446533203125,243.35345458984375,-1,-1,-1,-1
432,12,341.4763488769531,568.5033569335938,85.0892333984375,241.4154052734375,-1,-1,-1,-1
433,12,343.5607604980469,568.3441772460938,82.03973388671875,240.3714599609375,-1,-1,-1,-1
434,12,340.32318115234375,568.3349609375,85.46917724609375,240.36846923828125,-1,-1,-1,-1
435,12,338.408447265625,571.2191162109375,87.04458618164062,235.37213134765625,-1,-1,-1,-1
436,12,336.0080871582031,572.775390625,91.32919311523438,239.86749267578125,-1,-1,-1,-1
437,12,340.55145263671875,575.2610473632812,87.54681396484375,235.13116455078125,-1,-1,-1,-1
438,12,338.5389404296875,578.8176879882812,88.74774169921875,232.63336181640625,-1,-1,-1,-1
439,12,337.2843933105469,580.2310180664062,91.0960693359375,234.92205810546875,-1,-1,-1,-1
440,12,329.8758544921875,580.8158569335938,96.35134887695312,232.01593017578125,-1,-1,-1,-1
441,12,337.4856262207031,579.6358642578125,86.50848388671875,230.4613037109375,-1,-1,-1,-1
442,12,333.1368713378906,581.0933837890625,88.63616943359375,226.885986328125,-1,-1,-1,-1
443,12,330.8600158691406,583.6043090820312,90.10769653320312,234.734130859375,-1,-1,-1,-1
444,12,331.99822998046875,584.2001342773438,89.81808471679688,237.4544677734375,-1,-1,-1,-1
445,12,328.3971862792969,584.0861206054688,87.22247314453125,227.36627197265625,-1,-1,-1,-1
446,12,324.2776184082031,583.281494140625,87.40420532226562,230.798828125,-1,-1,-1,-1
447,12,322.2333068847656,583.2874145507812,87.51708984375,234.617919921875,-1,-1,-1,-1
448,12,321.0768737792969,583.1993408203125,83.27703857421875,235.26751708984375,-1,-1,-1,-1
449,12,323.620361328125,579.7606811523438,78.81625366210938,227.86712646484375,-1,-1,-1,-1
450,12,322.2966003417969,575.887451171875,83.57510375976562,219.6591796875,-1,-1,-1,-1
451,12,326.12567138671875,571.4647216796875,87.46182250976562,226.08538818359375,-1,-1,-1,-1
452,12,324.71661376953125,566.931396484375,89.10247802734375,234.5286865234375,-1,-1,-1,-1
453,12,328.2495422363281,561.9652709960938,91.151123046875,239.7447509765625,-1,-1,-1,-1
454,12,331.1192626953125,558.6220092773438,87.93499755859375,235.8048095703125,-1,-1,-1,-1
455,12,324.86651611328125,557.7608642578125,88.62643432617188,236.0086669921875,-1,-1,-1,-1
456,12,326.309326171875,558.7418212890625,85.0838623046875,230.28656005859375,-1,-1,-1,-1
457,12,324.10845947265625,560.5573120117188,83.61868286132812,226.9700927734375,-1,-1,-1,-1
458,12,320.0695495605469,563.392822265625,86.69049072265625,225.1483154296875,-1,-1,-1,-1
459,12,321.158447265625,563.56884765625,81.74917602539062,216.40045166015625,-1,-1,-1,-1
460,12,322.6667785644531,564.4000244140625,78.566162109375,210.951171875,-1,-1,-1,-1
461,12,321.5373840332031,566.1365356445312,87.09805297851562,222.54168701171875,-1,-1,-1,-1
462,12,323.2614440917969,566.1735229492188,89.71267700195312,229.63525390625,-1,-1,-1,-1
463,12,328.4839782714844,566.1974487304688,82.65975952148438,225.9912109375,-1,-1,-1,-1
464,12,327.6304931640625,566.41455078125,79.851318359375,224.39886474609375,-1,-1,-1,-1
465,12,326.8944091796875,565.9730224609375,82.09115600585938,222.3787841796875,-1,-1,-1,-1
466,12,329.132568359375,567.2806396484375,78.537109375,222.26043701171875,-1,-1,-1,-1
467,12,328.9931945800781,569.7015380859375,81.0389404296875,220.6025390625,-1,-1,-1,-1
468,12,331.0067138671875,572.3012084960938,84.13739013671875,223.81329345703125,-1,-1,-1,-1
469,12,328.97265625,574.3575439453125,87.9271240234375,226.82672119140625,-1,-1,-1,-1
470,12,330.6429138183594,575.825927734375,89.07626342773438,238.14825439453125,-1,-1,-1,-1
471,12,323.0682067871094,579.366455078125,95.08673095703125,235.79656982421875,-1,-1,-1,-1
472,12,322.66973876953125,581.1908569335938,98.72940063476562,239.29266357421875,-1,-1,-1,-1
473,12,325.2457275390625,582.2774047851562,94.2989501953125,236.56610107421875,-1,-1,-1,-1
474,12,328.64678955078125,583.408203125,88.30184936523438,231.5599365234375,-1,-1,-1,-1
475,12,326.27386474609375,584.4010009765625,89.79364013671875,229.05035400390625,-1,-1,-1,-1
476,12,323.7247314453125,586.02294921875,90.4918212890625,235.7369384765625,-1,-1,-1,-1
477,12,328.25640869140625,587.9054565429688,83.24136352539062,229.96063232421875,-1,-1,-1,-1
478,12,329.12030029296875,591.0907592773438,83.38616943359375,228.91131591796875,-1,-1,-1,-1
479,12,327.981689453125,593.5895385742188,83.8837890625,226.70953369140625,-1,-1,-1,-1
480,12,322.20416259765625,598.096435546875,90.77850341796875,230.44891357421875,-1,-1,-1,-1
481,12,317.47259521484375,600.1024780273438,94.72256469726562,233.770263671875,-1,-1,-1,-1
482,12,316.8572082519531,601.2477416992188,92.73910522460938,230.689453125,-1,-1,-1,-1
483,12,314.038330078125,600.838134765625,96.69308471679688,238.23681640625,-1,-1,-1,-1
484,12,317.6767272949219,599.13818359375,90.06103515625,236.85595703125,-1,-1,-1,-1
485,12,314.5856628417969,598.8351440429688,94.0386962890625,241.56475830078125,-1,-1,-1,-1
486,12,312.5909423828125,597.8368530273438,94.32977294921875,242.10272216796875,-1,-1,-1,-1
487,12,308.4911193847656,597.0993041992188,90.24386596679688,238.7374267578125,-1,-1,-1,-1
488,12,313.61328125,596.89013671875,82.02899169921875,234.57171630859375,-1,-1,-1,-1
489,12,313.9986572265625,596.8099975585938,81.82260131835938,234.33856201171875,-1,-1,-1,-1
490,12,312.15106201171875,597.21240234375,86.3070068359375,237.01416015625,-1,-1,-1,-1
491,12,312.8140563964844,596.3737182617188,84.6878662109375,236.33648681640625,-1,-1,-1,-1
492,12,312.87274169921875,595.30517578125,84.37942504882812,238.888916015625,-1,-1,-1,-1
493,12,310.901611328125,594.4528198242188,86.00091552734375,237.88336181640625,-1,-1,-1,-1
494,12,307.1663818359375,592.4240112304688,92.17764282226562,244.38232421875,-1,-1,-1,-1
495,12,309.7558898925781,590.482666015625,87.99032592773438,240.2669677734375,-1,-1,-1,-1
496,12,310.7843017578125,589.7401123046875,84.19961547851562,235.54443359375,-1,-1,-1,-1
497,12,312.6324157714844,588.89501953125,77.60086059570312,226.323486328125,-1,-1,-1,-1
498,12,303.57421875,588.4608154296875,91.48150634765625,240.890625,-1,-1,-1,-1
499,12,303.26348876953125,588.95703125,89.90869140625,236.2919921875,-1,-1,-1,-1
500,12,302.8612060546875,588.79443359375,91.02484130859375,241.37176513671875,-1,-1,-1,-1
501,12,302.5122985839844,586.7261352539062,89.82736206054688,239.50396728515625,-1,-1,-1,-1
502,12,303.3579406738281,585.5429077148438,93.32034301757812,247.8701171875,-1,-1,-1,-1
503,12,299.19268798828125,583.2386474609375,97.05279541015625,249.9068603515625,-1,-1,-1,-1
504,12,290.40948486328125,582.0631103515625,98.77032470703125,251.88714599609375,-1,-1,-1,-1
505,12,288.86529541015625,581.2324829101562,97.59622192382812,253.2493896484375,-1,-1,-1,-1
506,12,287.4372253417969,580.984375,89.54141235351562,242.55413818359375,-1,-1,-1,-1
507,12,276.36138916015625,578.7862548828125,103.02139282226562,252.932861328125,-1,-1,-1,-1
508,12,272.07745361328125,575.614501953125,108.19412231445312,255.8668212890625,-1,-1,-1,-1
509,12,275.534423828125,572.3074951171875,105.43499755859375,251.828369140625,-1,-1,-1,-1
510,12,273.73504638671875,569.7435913085938,110.20947265625,250.03857421875,-1,-1,-1,-1
511,12,268.3448486328125,565.8590698242188,112.34231567382812,250.46124267578125,-1,-1,-1,-1
512,12,265.98260498046875,563.478515625,115.08963012695312,256.40191650390625,-1,-1,-1,-1
513,12,270.67266845703125,562.2254028320312,109.11834716796875,256.40606689453125,-1,-1,-1,-1
514,12,270.7652587890625,560.733154296875,106.00985717773438,252.50384521484375,-1,-1,-1,-1
515,12,274.0546875,560.50732421875,102.80099487304688,244.576416015625,-1,-1,-1,-1
516,12,275.321533203125,560.7508544921875,95.63613891601562,236.27215576171875,-1,-1,-1,-1
517,12,272.1878356933594,561.510498046875,100.10317993164062,242.18212890625,-1,-1,-1,-1
518,12,267.1894836425781,561.6347045898438,108.56106567382812,251.99798583984375,-1,-1,-1,-1
519,12,268.96746826171875,563.305419921875,107.28509521484375,256.6455078125,-1,-1,-1,-1
520,12,269.5713806152344,563.3510131835938,102.94979858398438,253.90869140625,-1,-1,-1,-1
521,12,272.6470642089844,563.6427001953125,103.06549072265625,254.377197265625,-1,-1,-1,-1
522,12,276.6490478515625,563.7908325195312,97.25030517578125,252.77947998046875,-1,-1,-1,-1
523,12,276.79736328125,563.9503784179688,96.75900268554688,251.18133544921875,-1,-1,-1,-1
524,12,274.00396728515625,564.286376953125,101.80343627929688,253.23919677734375,-1,-1,-1,-1
525,12,275.464599609375,564.1619873046875,104.32989501953125,253.22503662109375,-1,-1,-1,-1
526,12,279.0597229003906,564.2756958007812,97.16259765625,248.22198486328125,-1,-1,-1,-1
527,12,280.9862060546875,564.6591796875,94.77923583984375,245.9039306640625,-1,-1,-1,-1
528,12,280.5130615234375,565.005615234375,91.30645751953125,240.20361328125,-1,-1,-1,-1
529,12,277.4870300292969,566.425048828125,95.73995971679688,245.8409423828125,-1,-1,-1,-1
530,12,275.6728515625,567.57470703125,97.1851806640625,245.975341796875,-1,-1,-1,-1
531,12,270.32427978515625,568.339599609375,102.46591186523438,256.65582275390625,-1,-1,-1,-1
532,12,270.7267150878906,567.7515869140625,99.43319702148438,246.59234619140625,-1,-1,-1,-1
533,12,270.51727294921875,567.33154296875,101.4781494140625,249.59674072265625,-1,-1,-1,-1
534,12,270.4273986816406,564.8763427734375,97.79916381835938,242.361572265625,-1,-1,-1,-1
535,12,265.84661865234375,562.3396606445312,102.40985107421875,248.08331298828125,-1,-1,-1,-1
536,12,265.2218322753906,559.1964111328125,102.76461791992188,250.12890625,-1,-1,-1,-1
537,12,263.1891174316406,557.6293334960938,105.07089233398438,244.94744873046875,-1,-1,-1,-1
538,12,263.2586669921875,556.1956176757812,107.15170288085938,248.921142578125,-1,-1,-1,-1
539,12,264.22686767578125,554.248779296875,104.968994140625,249.76007080078125,-1,-1,-1,-1
540,12,268.3468322753906,551.310546875,100.34756469726562,251.11126708984375,-1,-1,-1,-1
541,12,267.1876220703125,550.42626953125,99.12738037109375,248.58074951171875,-1,-1,-1,-1
542,12,269.35125732421875,550.822998046875,99.04168701171875,243.51812744140625,-1,-1,-1,-1
543,12,272.65869140625,551.3748168945312,100.484130859375,242.68792724609375,-1,-1,-1,-1
544,12,284.75775146484375,552.1448974609375,90.8570556640625,240.19207763671875,-1,-1,-1,-1
545,12,290.4683532714844,553.9324340820312,86.999755859375,241.62152099609375,-1,-1,-1,-1
546,12,285.85015869140625,553.7406005859375,100.80096435546875,249.4466552734375,-1,-1,-1,-1
547,12,302.4979553222656,555.2403564453125,93.31906127929688,250.42449951171875,-1,-1,-1,-1
548,12,311.304931640625,555.6367797851562,89.25958251953125,246.53704833984375,-1,-1,-1,-1
549,12,317.65301513671875,557.7855834960938,90.45169067382812,252.72515869140625,-1,-1,-1,-1
550,12,323.27459716796875,559.2203369140625,84.22006225585938,241.259521484375,-1,-1,-1,-1
551,12,325.5088195800781,559.9865112304688,88.53887939453125,246.175048828125,-1,-1,-1,-1
552,12,332.6837158203125,558.4749145507812,86.5096435546875,249.85205078125,-1,-1,-1,-1
553,12,336.523681640625,557.5794067382812,86.42068481445312,242.38177490234375,-1,-1,-1,-1
554,12,343.8275451660156,558.5140991210938,83.43899536132812,242.59405517578125,-1,-1,-1,-1
555,12,354.92041015625,561.1360473632812,80.24200439453125,238.7347412109375,-1,-1,-1,-1
556,12,370.96832275390625,563.7056884765625,82.89556884765625,242.87860107421875,-1,-1,-1,-1
557,12,389.8590393066406,567.41357421875,86.25579833984375,237.82476806640625,-1,-1,-1,-1
558,12,413.0492858886719,570.997314453125,82.492431640625,239.2578125,-1,-1,-1,-1
559,12,422.7796630859375,573.547607421875,81.58795166015625,234.267822265625,-1,-1,-1,-1
560,12,426.0542907714844,574.1873779296875,78.53912353515625,233.84844970703125,-1,-1,-1,-1
561,12,425.7901611328125,574.36767578125,76.3690185546875,228.79339599609375,-1,-1,-1,-1
562,12,424.03887939453125,572.7990112304688,77.10025024414062,229.33331298828125,-1,-1,-1,-1
563,12,415.283203125,572.6266479492188,78.47491455078125,233.72412109375,-1,-1,-1,-1
564,12,403.18780517578125,572.2901611328125,84.12747192382812,237.07745361328125,-1,-1,-1,-1
565,12,388.6203918457031,574.1588134765625,88.89349365234375,240.87261962890625,-1,-1,-1,-1
566,12,379.3865051269531,574.2970581054688,88.4132080078125,238.94732666015625,-1,-1,-1,-1
567,12,376.4332275390625,572.753173828125,82.30007934570312,237.426513671875,-1,-1,-1,-1
568,12,369.5172424316406,572.0337524414062,80.40725708007812,238.744140625,-1,-1,-1,-1
569,12,370.7197265625,567.2978515625,73.35452270507812,226.4278564453125,-1,-1,-1,-1
570,12,364.8136901855469,565.8758544921875,78.20904541015625,233.95733642578125,-1,-1,-1,-1
571,12,361.8364562988281,565.748291015625,76.49020385742188,230.53839111328125,-1,-1,-1,-1
572,12,358.2784118652344,565.8136596679688,73.96353149414062,228.368896484375,-1,-1,-1,-1
573,12,357.780517578125,565.3356323242188,71.20111083984375,225.3790283203125,-1,-1,-1,-1
574,12,351.944091796875,566.3615112304688,75.54287719726562,238.12445068359375,-1,-1,-1,-1
575,12,343.00439453125,566.659912109375,83.10580444335938,245.843017578125,-1,-1,-1,-1
576,12,341.1792907714844,567.5524291992188,79.16226196289062,238.6842041015625,-1,-1,-1,-1
577,12,339.20526123046875,571.8440551757812,81.59820556640625,244.5372314453125,-1,-1,-1,-1
578,12,331.56475830078125,575.0730590820312,83.85299682617188,243.90545654296875,-1,-1,-1,-1
579,12,329.5869445800781,575.6548461914062,81.86190795898438,241.4012451171875,-1,-1,-1,-1
580,12,322.85748291015625,575.1017456054688,84.3265380859375,238.28546142578125,-1,-1,-1,-1
581,12,312.3277587890625,572.3314819335938,87.9937744140625,243.92279052734375,-1,-1,-1,-1
582,12,308.9508972167969,570.7694091796875,83.29098510742188,242.1427001953125,-1,-1,-1,-1
583,12,292.84417724609375,569.38037109375,94.70901489257812,252.20111083984375,-1,-1,-1,-1
584,12,283.70770263671875,569.8023681640625,90.76284790039062,248.74658203125,-1,-1,-1,-1
585,12,273.9228515625,570.9985961914062,91.14410400390625,246.34039306640625,-1,-1,-1,-1
586,12,268.134521484375,572.468505859375,86.96865844726562,233.3138427734375,-1,-1,-1,-1
587,12,259.87109375,573.619140625,88.9765625,245.82574462890625,-1,-1,-1,-1
588,12,253.89256286621094,574.9761962890625,90.81651306152344,249.3031005859375,-1,-1,-1,-1
589,12,253.8517303466797,577.3402099609375,89.60954284667969,244.7689208984375,-1,-1,-1,-1
590,12,250.94078063964844,579.8909301757812,90.53614807128906,244.26861572265625,-1,-1,-1,-1
591,12,249.72662353515625,582.1163330078125,91.35699462890625,250.546875,-1,-1,-1,-1
592,12,250.83145141601562,584.901123046875,90.11944580078125,248.2041015625,-1,-1,-1,-1
593,12,251.42428588867188,590.426513671875,88.67794799804688,246.29315185546875,-1,-1,-1,-1
594,12,256.510498046875,596.3792114257812,88.38894653320312,254.30230712890625,-1,-1,-1,-1
595,12,257.5633850097656,602.2099609375,86.19943237304688,250.90960693359375,-1,-1,-1,-1
596,12,256.2461242675781,606.9572143554688,86.72128295898438,243.28704833984375,-1,-1,-1,-1
597,12,261.10845947265625,610.526123046875,79.85397338867188,242.18243408203125,-1,-1,-1,-1
598,12,259.41015625,617.0172729492188,81.13595581054688,249.73333740234375,-1,-1,-1,-1
599,12,263.75592041015625,622.4506225585938,83.89801025390625,250.09967041015625,-1,-1,-1,-1
600,12,264.8414611816406,630.5302734375,82.51419067382812,240.5733642578125,-1,-1,-1,-1
601,12,268.94293212890625,636.0322875976562,76.10958862304688,231.80047607421875,-1,-1,-1,-1
430,13,691.5601196289062,621.2349853515625,50.46575927734375,142.5059814453125,-1,-1,-1,-1
431,13,688.0208129882812,621.8324584960938,52.98553466796875,147.21441650390625,-1,-1,-1,-1
432,13,688.8519897460938,625.398681640625,50.57000732421875,142.7943115234375,-1,-1,-1,-1
433,13,686.681396484375,624.0770263671875,53.92791748046875,143.478759765625,-1,-1,-1,-1
434,13,686.552734375,624.9246215820312,56.3768310546875,142.03594970703125,-1,-1,-1,-1
435,13,687.6848754882812,628.2052612304688,58.10589599609375,137.162109375,-1,-1,-1,-1
436,13,687.2483520507812,632.0708618164062,60.75714111328125,133.10430908203125,-1,-1,-1,-1
437,13,686.1275024414062,636.504638671875,67.82061767578125,129.54827880859375,-1,-1,-1,-1
438,13,687.6129760742188,638.7991943359375,74.6373291015625,128.70635986328125,-1,-1,-1,-1
439,13,687.6154174804688,640.4644165039062,79.98748779296875,129.73590087890625,-1,-1,-1,-1
440,13,687.1461181640625,641.2730712890625,81.53662109375,131.81414794921875,-1,-1,-1,-1
441,13,690.02294921875,640.277587890625,77.25830078125,133.69757080078125,-1,-1,-1,-1
442,13,692.9901733398438,640.0372924804688,78.74725341796875,135.17694091796875,-1,-1,-1,-1
443,13,691.8355102539062,640.0843505859375,79.725830078125,138.20697021484375,-1,-1,-1,-1
444,13,699.4083862304688,639.8541870117188,72.3780517578125,140.99066162109375,-1,-1,-1,-1
445,13,703.6560668945312,638.6885375976562,66.17181396484375,142.33599853515625,-1,-1,-1,-1
446,13,707.678466796875,635.62353515625,60.05438232421875,144.845947265625,-1,-1,-1,-1
447,13,706.21142578125,633.6600341796875,58.23944091796875,146.60498046875,-1,-1,-1,-1
448,13,705.9698486328125,633.3322143554688,57.77545166015625,146.294677734375,-1,-1,-1,-1
449,13,705.463623046875,632.47998046875,59.827392578125,145.01708984375,-1,-1,-1,-1
450,13,707.5279541015625,630.799072265625,62.0009765625,142.52783203125,-1,-1,-1,-1
451,13,713.1077270507812,628.5639038085938,62.27294921875,142.96697998046875,-1,-1,-1,-1
452,13,718.7025756835938,628.0460205078125,68.08209228515625,140.5076904296875,-1,-1,-1,-1
453,13,720.904296875,624.48046875,71.07366943359375,141.254638671875,-1,-1,-1,-1
454,13,718.9193725585938,622.69287109375,79.1356201171875,140.9002685546875,-1,-1,-1,-1
455,13,720.0977783203125,622.6407470703125,80.49005126953125,141.50531005859375,-1,-1,-1,-1
456,13,721.041015625,624.255615234375,77.43505859375,140.569091796875,-1,-1,-1,-1
457,13,721.7216186523438,624.1893920898438,76.38262939453125,142.5467529296875,-1,-1,-1,-1
458,13,723.0961303710938,625.7125854492188,75.91583251953125,143.08294677734375,-1,-1,-1,-1
459,13,723.6204833984375,624.6211547851562,74.0660400390625,144.89447021484375,-1,-1,-1,-1
460,13,727.62353515625,622.8380126953125,70.81414794921875,147.35791015625,-1,-1,-1,-1
461,13,736.9432373046875,621.3142700195312,64.806396484375,150.4923095703125,-1,-1,-1,-1
462,13,745.1683959960938,618.7073974609375,58.33941650390625,154.7745361328125,-1,-1,-1,-1
463,13,752.1058959960938,617.1914672851562,56.420166015625,157.06146240234375,-1,-1,-1,-1
464,13,755.1583251953125,618.3926391601562,54.58935546875,155.985595703125,-1,-1,-1,-1
465,13,755.9962158203125,621.6085815429688,54.22802734375,152.01861572265625,-1,-1,-1,-1
466,13,756.23193359375,623.313720703125,61.545166015625,152.08099365234375,-1,-1,-1,-1
467,13,757.5030517578125,625.4865112304688,69.06768798828125,154.88720703125,-1,-1,-1,-1
468,13,760.80810546875,628.4689331054688,72.27001953125,156.642822265625,-1,-1,-1,-1
469,13,762.8628540039062,630.5087890625,58.60333251953125,151.5494384765625,-1,-1,-1,-1
470,13,768.5994873046875,632.6688842773438,73.43841552734375,155.79913330078125,-1,-1,-1,-1
471,13,768.9655151367188,634.5060424804688,77.41357421875,152.31719970703125,-1,-1,-1,-1
472,13,770.5455322265625,635.7066650390625,78.75164794921875,159.7657470703125,-1,-1,-1,-1
473,13,772.7496948242188,636.4688110351562,78.90087890625,164.43328857421875,-1,-1,-1,-1
474,13,774.7789916992188,635.6092529296875,75.55914306640625,164.080810546875,-1,-1,-1,-1
475,13,779.1832275390625,633.9788208007812,73.7506103515625,168.0174560546875,-1,-1,-1,-1
476,13,780.0567626953125,631.33935546875,71.6953125,173.5733642578125,-1,-1,-1,-1
477,13,784.1629638671875,631.7141723632812,67.994140625,176.42962646484375,-1,-1,-1,-1
478,13,790.7853393554688,634.3128662109375,61.00030517578125,177.608642578125,-1,-1,-1,-1
479,13,794.449951171875,637.7904052734375,58.2791748046875,178.930908203125,-1,-1,-1,-1
480,13,787.5570068359375,643.52001953125,64.5396728515625,179.3270263671875,-1,-1,-1,-1
481,13,781.9744873046875,647.8519287109375,71.722900390625,178.94403076171875,-1,-1,-1,-1
482,13,781.5001220703125,649.8674926757812,73.93829345703125,181.68206787109375,-1,-1,-1,-1
483,13,782.6475830078125,649.7903442382812,74.11700439453125,185.53411865234375,-1,-1,-1,-1
484,13,782.1719360351562,648.2622680664062,77.5849609375,186.92193603515625,-1,-1,-1,-1
485,13,781.7435302734375,646.2259521484375,79.376708984375,187.44915771484375,-1,-1,-1,-1
486,13,782.8554077148438,643.3735961914062,81.04541015625,189.9805908203125,-1,-1,-1,-1
487,13,782.9635009765625,641.285888671875,84.27935791015625,191.5672607421875,-1,-1,-1,-1
488,13,794.90576171875,639.912109375,76.6778564453125,192.69805908203125,-1,-1,-1,-1
489,13,797.95703125,641.1923828125,77.4462890625,198.1552734375,-1,-1,-1,-1
490,13,795.8952026367188,644.2091064453125,86.9710693359375,205.6400146484375,-1,-1,-1,-1
491,13,798.3228149414062,646.9010620117188,97.64093017578125,210.03857421875,-1,-1,-1,-1
492,13,803.8563232421875,647.71142578125,104.37158203125,214.677734375,-1,-1,-1,-1
493,13,804.2783813476562,647.5609130859375,108.0400390625,215.78973388671875,-1,-1,-1,-1
494,13,808.5916748046875,645.2965087890625,102.12799072265625,216.81842041015625,-1,-1,-1,-1
495,13,822.0584716796875,641.7906494140625,102.7254638671875,218.82568359375,-1,-1,-1,-1
496,13,833.4525756835938,635.5086669921875,99.224365234375,223.54931640625,-1,-1,-1,-1
497,13,841.3756713867188,629.299072265625,96.00811767578125,228.44683837890625,-1,-1,-1,-1
498,13,847.784423828125,625.4240112304688,89.13323974609375,232.16937255859375,-1,-1,-1,-1
499,13,854.9581909179688,624.4110107421875,89.933349609375,242.5631103515625,-1,-1,-1,-1
500,13,862.4854736328125,626.226806640625,96.873046875,249.15106201171875,-1,-1,-1,-1
501,13,872.1869506835938,629.345703125,112.62176513671875,253.36285400390625,-1,-1,-1,-1
502,13,876.856689453125,632.5064697265625,131.56158447265625,258.43255615234375,-1,-1,-1,-1
503,13,875.7587280273438,639.5398559570312,162.53619384765625,265.1866455078125,-1,-1,-1,-1
504,13,874.64794921875,646.7259521484375,176.153076171875,259.41693115234375,-1,-1,-1,-1
505,13,872.7501831054688,652.8806762695312,183.82965087890625,252.3134765625,-1,-1,-1,-1
506,13,866.9075927734375,653.0715942382812,186.0313720703125,249.158447265625,-1,-1,-1,-1
507,13,849.4034423828125,647.4256591796875,201.2432861328125,251.210693359375,-1,-1,-1,-1
508,13,808.2798461914062,642.12646484375,241.25543212890625,251.214111328125,-1,-1,-1,-1
509,13,783.7677001953125,643.3116455078125,263.360107421875,240.31005859375,-1,-1,-1,-1
510,13,785.4902954101562,640.0308837890625,267.62701416015625,235.2208251953125,-1,-1,-1,-1
511,13,789.8041381835938,635.0460205078125,248.01202392578125,231.61395263671875,-1,-1,-1,-1
512,13,814.1012573242188,623.4315185546875,204.739013671875,241.73583984375,-1,-1,-1,-1
513,13,820.7907104492188,609.5784301757812,181.11126708984375,255.20849609375,-1,-1,-1,-1
514,13,817.9091186523438,596.5288696289062,149.4395751953125,264.69976806640625,-1,-1,-1,-1
515,13,813.8060913085938,586.6729736328125,129.274658203125,271.37750244140625,-1,-1,-1,-1
516,13,812.7445678710938,581.6239624023438,120.12713623046875,269.43450927734375,-1,-1,-1,-1
517,13,809.4559326171875,581.8450317382812,114.1761474609375,265.392578125,-1,-1,-1,-1
518,13,797.748046875,584.880615234375,118.18603515625,260.985595703125,-1,-1,-1,-1
519,13,791.4285278320312,588.5122680664062,122.4180908203125,255.85467529296875,-1,-1,-1,-1
520,13,783.4810791015625,589.593994140625,123.67291259765625,255.394775390625,-1,-1,-1,-1
521,13,780.5126342773438,590.0736083984375,117.7501220703125,256.4146728515625,-1,-1,-1,-1
522,13,781.260986328125,590.8910522460938,115.9154052734375,256.9940185546875,-1,-1,-1,-1
523,13,774.3814697265625,591.2586059570312,111.19097900390625,255.71051025390625,-1,-1,-1,-1
524,13,766.348388671875,591.55908203125,105.42413330078125,254.01611328125,-1,-1,-1,-1
525,13,768.136474609375,592.2861328125,96.4681396484375,248.8812255859375,-1,-1,-1,-1
526,13,766.02197265625,593.2101440429688,96.4169921875,251.88604736328125,-1,-1,-1,-1
527,13,759.3309326171875,593.8472290039062,96.61676025390625,255.44720458984375,-1,-1,-1,-1
528,13,763.8782958984375,594.7433471679688,91.09283447265625,254.5374755859375,-1,-1,-1,-1
529,13,759.956298828125,596.9067993164062,96.80535888671875,254.096435546875,-1,-1,-1,-1
530,13,755.8233642578125,599.688720703125,103.0291748046875,250.3768310546875,-1,-1,-1,-1
531,13,747.8519897460938,601.2201538085938,113.40814208984375,248.50836181640625,-1,-1,-1,-1
532,13,714.0272216796875,602.2653198242188,148.42877197265625,244.52978515625,-1,-1,-1,-1
533,13,692.113037109375,601.7688598632812,167.20904541015625,240.19708251953125,-1,-1,-1,-1
534,13,688.4017944335938,597.736328125,164.33331298828125,235.87420654296875,-1,-1,-1,-1
535,13,692.2467651367188,592.891845703125,152.897216796875,232.88873291015625,-1,-1,-1,-1
536,13,691.0035400390625,589.7647094726562,148.1944580078125,233.62640380859375,-1,-1,-1,-1
537,13,683.928955078125,589.21533203125,157.36846923828125,237.1173095703125,-1,-1,-1,-1
538,13,681.32421875,589.0130615234375,157.61993408203125,237.85125732421875,-1,-1,-1,-1
539,13,683.6602783203125,589.691162109375,156.42352294921875,237.7685546875,-1,-1,-1,-1
540,13,680.2828369140625,589.4424438476562,155.70843505859375,237.2310791015625,-1,-1,-1,-1
541,13,680.8203735351562,590.3115234375,154.49853515625,232.48358154296875,-1,-1,-1,-1
542,13,681.6941528320312,591.0134887695312,148.90179443359375,233.080810546875,-1,-1,-1,-1
543,13,683.6016235351562,593.0978393554688,147.09912109375,232.53729248046875,-1,-1,-1,-1
544,13,685.3733520507812,595.1195678710938,140.9801025390625,235.31756591796875,-1,-1,-1,-1
545,13,687.0388793945312,599.064208984375,138.585693359375,237.64306640625,-1,-1,-1,-1
546,13,689.9127807617188,602.40771484375,134.7313232421875,236.8875732421875,-1,-1,-1,-1
547,13,693.9116821289062,606.6253662109375,134.9715576171875,235.0758056640625,-1,-1,-1,-1
548,13,700.0485229492188,610.2369384765625,130.3399658203125,235.5501708984375,-1,-1,-1,-1
549,13,703.6243286132812,613.6263427734375,118.76226806640625,234.626220703125,-1,-1,-1,-1
550,13,708.7476806640625,615.8656616210938,108.15179443359375,220.79864501953125,-1,-1,-1,-1
551,13,711.06884765625,619.0475463867188,94.453857421875,207.163330078125,-1,-1,-1,-1
552,13,713.72216796875,619.962158203125,91.2313232421875,205.394287109375,-1,-1,-1,-1
553,13,717.236328125,619.9566040039062,84.8369140625,208.17938232421875,-1,-1,-1,-1
554,13,723.3617553710938,621.6085815429688,78.85986328125,207.14910888671875,-1,-1,-1,-1
555,13,733.0151977539062,622.9814453125,73.58935546875,206.18719482421875,-1,-1,-1,-1
556,13,748.6875,626.6068725585938,71.06842041015625,202.24749755859375,-1,-1,-1,-1
557,13,767.459716796875,629.5263671875,69.77734375,199.47991943359375,-1,-1,-1,-1
558,13,777.6567993164062,634.92236328125,74.37750244140625,197.8197021484375,-1,-1,-1,-1
559,13,782.7371215820312,641.0059204101562,74.3236083984375,194.74591064453125,-1,-1,-1,-1
560,13,783.2186279296875,647.8873291015625,73.98614501953125,190.010986328125,-1,-1,-1,-1
561,13,781.0359497070312,653.0621337890625,71.67205810546875,184.3499755859375,-1,-1,-1,-1
562,13,778.1742553710938,654.3553466796875,68.7822265625,180.9561767578125,-1,-1,-1,-1
563,13,770.7954711914062,652.8936767578125,69.5950927734375,180.19482421875,-1,-1,-1,-1
564,13,765.1448974609375,650.376220703125,67.9564208984375,182.583251953125,-1,-1,-1,-1
565,13,753.7046508789062,646.7025146484375,70.917724609375,184.46319580078125,-1,-1,-1,-1
566,13,741.6581420898438,645.346435546875,71.25689697265625,184.973388671875,-1,-1,-1,-1
567,13,734.5432739257812,641.3306884765625,68.5029296875,186.931884765625,-1,-1,-1,-1
568,13,726.4158935546875,638.3138427734375,68.2564697265625,185.75439453125,-1,-1,-1,-1
569,13,721.1766357421875,634.0877075195312,67.157958984375,187.0711669921875,-1,-1,-1,-1
570,13,717.9751586914062,632.0274658203125,66.2874755859375,185.34613037109375,-1,-1,-1,-1
571,13,714.9647216796875,630.3394775390625,62.90234375,186.057373046875,-1,-1,-1,-1
572,13,714.0044555664062,628.9021606445312,61.7882080078125,186.9083251953125,-1,-1,-1,-1
573,13,709.846435546875,627.3099365234375,62.341064453125,188.7374267578125,-1,-1,-1,-1
574,13,708.2451171875,627.1450805664062,60.21868896484375,189.98883056640625,-1,-1,-1,-1
575,13,704.420654296875,625.7091674804688,57.0794677734375,188.38250732421875,-1,-1,-1,-1
576,13,700.0996704101562,624.3998413085938,62.08935546875,188.4869384765625,-1,-1,-1,-1
577,13,696.7503051757812,626.006103515625,62.1453857421875,186.41314697265625,-1,-1,-1,-1
578,13,695.0205688476562,627.9384155273438,57.34466552734375,185.4715576171875,-1,-1,-1,-1
579,13,693.4724731445312,627.6360473632812,52.78387451171875,185.23736572265625,-1,-1,-1,-1
580,13,688.9481201171875,624.2092895507812,56.388427734375,184.5948486328125,-1,-1,-1,-1
581,13,683.0858764648438,621.027099609375,56.99822998046875,185.007080078125,-1,-1,-1,-1
582,13,676.0379028320312,616.8858642578125,57.03509521484375,186.395751953125,-1,-1,-1,-1
583,13,667.28515625,614.4776000976562,56.3529052734375,185.285400390625,-1,-1,-1,-1
584,13,656.9404296875,614.4898681640625,52.725341796875,184.057373046875,-1,-1,-1,-1
585,13,648.026123046875,614.5119018554688,56.9779052734375,184.00927734375,-1,-1,-1,-1
586,13,641.7813720703125,614.468994140625,59.74737548828125,182.90093994140625,-1,-1,-1,-1
587,13,636.5994873046875,614.759765625,67.3494873046875,183.175537109375,-1,-1,-1,-1
588,13,634.0988159179688,615.670166015625,69.629638671875,183.04278564453125,-1,-1,-1,-1
589,13,631.9909057617188,617.967529296875,73.75042724609375,184.240234375,-1,-1,-1,-1
590,13,630.6959838867188,620.34130859375,69.624267578125,185.1134033203125,-1,-1,-1,-1
591,13,630.5225219726562,623.160400390625,67.23199462890625,186.24566650390625,-1,-1,-1,-1
592,13,631.6232299804688,628.4201049804688,67.1121826171875,187.32293701171875,-1,-1,-1,-1
593,13,633.2496337890625,635.4092407226562,64.05169677734375,187.69384765625,-1,-1,-1,-1
594,13,635.0797729492188,642.2258911132812,63.53741455078125,190.529296875,-1,-1,-1,-1
595,13,638.29052734375,649.3199462890625,61.048095703125,190.6832275390625,-1,-1,-1,-1
596,13,639.6319580078125,653.435302734375,67.40423583984375,190.2379150390625,-1,-1,-1,-1
597,13,639.46875,658.6537475585938,69.461669921875,191.83544921875,-1,-1,-1,-1
598,13,640.4749755859375,665.0083618164062,69.2249755859375,191.24627685546875,-1,-1,-1,-1
599,13,642.56103515625,672.1405029296875,65.37353515625,191.5013427734375,-1,-1,-1,-1
600,13,646.2076416015625,679.8645629882812,64.83624267578125,189.81842041015625,-1,-1,-1,-1
601,13,647.1353759765625,689.2739868164062,67.05975341796875,188.67388916015625,-1,-1,-1,-1
