1,1,540.3156127929688,509.0923767089844,128.12811279296875,283.9868469238281,-1,-1,-1,-1
2,1,543.1444091796875,503.8713684082031,130.504638671875,283.1939392089844,-1,-1,-1,-1
3,1,545.6451416015625,495.3226623535156,134.16802978515625,284.2389831542969,-1,-1,-1,-1
4,1,545.2617797851562,487.6163024902344,135.083984375,283.7911071777344,-1,-1,-1,-1
5,1,543.8024291992188,485.9320068359375,137.47247314453125,283.11932373046875,-1,-1,-1,-1
6,1,543.5222778320312,487.865234375,139.14703369140625,282.6634521484375,-1,-1,-1,-1
7,1,544.574462890625,493.689453125,140.9305419921875,281.33563232421875,-1,-1,-1,-1
8,1,551.2200317382812,509.2262268066406,140.833740234375,276.7184143066406,-1,-1,-1,-1
9,1,556.6464233398438,528.8899536132812,138.2213134765625,271.0811767578125,-1,-1,-1,-1
10,1,531.170166015625,560.2225341796875,139.2645263671875,264.95147705078125,-1,-1,-1,-1
11,1,504.49200439453125,573.49755859375,136.11273193359375,258.782470703125,-1,-1,-1,-1
12,1,502.44024658203125,529.9826049804688,135.7794189453125,251.3572998046875,-1,-1,-1,-1
13,1,501.31719970703125,510.68365478515625,134.4974365234375,245.79437255859375,-1,-1,-1,-1
14,1,489.5488586425781,535.39501953125,134.14193725585938,240.65673828125,-1,-1,-1,-1
15,1,502.4897155761719,552.0365600585938,129.00051879882812,232.669189453125,-1,-1,-1,-1
16,1,507.3117370605469,575.8849487304688,127.60263061523438,228.0372314453125,-1,-1,-1,-1
17,1,519.5081176757812,600.18896484375,125.44830322265625,222.852783203125,-1,-1,-1,-1
18,1,527.1817626953125,612.6213989257812,123.926513671875,220.83197021484375,-1,-1,-1,-1
19,1,526.2326049804688,582.2998657226562,115.08758544921875,217.9140625,-1,-1,-1,-1
20,1,542.27685546875,533.1704711914062,112.225341796875,217.77801513671875,-1,-1,-1,-1
21,1,531.4631958007812,519.7239379882812,110.6478271484375,218.1104736328125,-1,-1,-1,-1
22,1,537.359130859375,440.28411865234375,105.83343505859375,226.08734130859375,-1,-1,-1,-1
23,1,556.269775390625,379.0889892578125,103.5147705078125,229.538818359375,-1,-1,-1,-1
24,1,583.6146850585938,382.20733642578125,102.6512451171875,225.84783935546875,-1,-1,-1,-1
25,1,612.37353515625,421.9884338378906,103.57098388671875,216.83053588867188,-1,-1,-1,-1
26,1,638.2742309570312,440.9858093261719,96.73931884765625,214.01089477539062,-1,-1,-1,-1
27,1,649.0321655273438,411.7134094238281,94.31982421875,216.69210815429688,-1,-1,-1,-1
28,1,644.3185424804688,350.89996337890625,101.984619140625,224.02459716796875,-1,-1,-1,-1
29,1,641.0420532226562,235.143310546875,100.485107421875,243.26300048828125,-1,-1,-1,-1
30,1,638.7022094726562,96.48957824707031,102.92449951171875,263.10430908203125,-1,-1,-1,-1
31,1,621.868896484375,18.787887573242188,103.3258056640625,263.08203125,-1,-1,-1,-1
32,1,587.0791625976562,1.6281137466430664,108.45574951171875,249.9674072265625,-1,-1,-1,-1
33,1,549.8800048828125,3.15560245513916,114.6502685546875,227.78009033203125,-1,-1,-1,-1
34,1,508.04083251953125,5.596523284912109,146.44317626953125,251.04693603515625,-1,-1,-1,-1
35,1,481.0887451171875,9.21798324584961,203.28790283203125,290.0799255371094,-1,-1,-1,-1
36,1,457.02264404296875,4.759031295776367,229.6085205078125,408.3157958984375,-1,-1,-1,-1
37,1,434.55712890625,15.287759780883789,256.3052978515625,567.4679565429688,-1,-1,-1,-1
38,1,404.019775390625,31.532800674438477,301.682861328125,601.4837036132812,-1,-1,-1,-1
1,2,657.7302856445312,441.031982421875,243.248046875,745.96923828125,-1,-1,-1,-1
2,2,657.9143676757812,428.27569580078125,246.5247802734375,773.8124389648438,-1,-1,-1,-1
3,2,659.5349731445312,414.4275207519531,246.8582763671875,799.9810791015625,-1,-1,-1,-1
4,2,661.1707153320312,402.3847351074219,244.3974609375,825.8465576171875,-1,-1,-1,-1
5,2,664.2928466796875,396.47930908203125,241.1148681640625,851.2692260742188,-1,-1,-1,-1
6,2,666.8165283203125,398.7147216796875,240.34014892578125,875.0419921875,-1,-1,-1,-1
7,2,663.547607421875,411.451904296875,259.10504150390625,891.39794921875,-1,-1,-1,-1
8,2,653.9591064453125,444.11322021484375,294.83135986328125,888.1235961914062,-1,-1,-1,-1
9,2,632.7902221679688,489.6139831542969,316.81256103515625,861.4078369140625,-1,-1,-1,-1
10,2,596.1292114257812,549.6398315429688,342.70458984375,791.4230346679688,-1,-1,-1,-1
11,2,602.5966796875,601.6520385742188,305.17291259765625,713.2830200195312,-1,-1,-1,-1
12,2,619.2804565429688,581.6314086914062,288.516845703125,628.8350219726562,-1,-1,-1,-1
13,2,638.417724609375,567.7349243164062,281.7564697265625,560.9393920898438,-1,-1,-1,-1
14,2,628.4171142578125,588.5142211914062,329.847900390625,515.6410522460938,-1,-1,-1,-1
15,2,626.3971557617188,592.1743774414062,491.16546630859375,500.64752197265625,-1,-1,-1,-1
16,2,622.7791748046875,594.3097534179688,536.4080810546875,494.69000244140625,-1,-1,-1,-1
17,2,616.6309814453125,607.1122436523438,526.203369140625,567.2883911132812,-1,-1,-1,-1
18,2,604.5014038085938,612.76611328125,452.93829345703125,668.915771484375,-1,-1,-1,-1
19,2,590.1271362304688,595.4630126953125,384.16265869140625,763.72705078125,-1,-1,-1,-1
20,2,614.4990234375,571.9598388671875,282.47467041015625,834.8388671875,-1,-1,-1,-1
21,2,639.96875,590.5655517578125,239.39044189453125,589.31982421875,-1,-1,-1,-1
22,2,576.9235229492188,458.3276062011719,285.85784912109375,900.0220947265625,-1,-1,-1,-1
23,2,634.4435424804688,371.6632995605469,247.31549072265625,836.0006103515625,-1,-1,-1,-1
24,2,638.3462524414062,390.29522705078125,260.33990478515625,841.7890014648438,-1,-1,-1,-1
25,2,658.0331420898438,436.7093505859375,251.38177490234375,807.6072998046875,-1,-1,-1,-1
26,2,707.750244140625,458.44085693359375,230.02984619140625,910.7882690429688,-1,-1,-1,-1
27,2,716.160400390625,422.4757385253906,232.1737060546875,885.183837890625,-1,-1,-1,-1
28,2,717.069580078125,346.8841247558594,221.62493896484375,865.82470703125,-1,-1,-1,-1
29,2,700.6774291992188,215.83367919921875,196.07318115234375,872.4846801757812,-1,-1,-1,-1
30,2,687.0551147460938,237.60430908203125,190.90203857421875,715.41748046875,-1,-1,-1,-1
31,2,661.9227294921875,207.35009765625,202.49407958984375,657.4899291992188,-1,-1,-1,-1
32,2,610.4712524414062,127.24266815185547,226.45159912109375,697.8314208984375,-1,-1,-1,-1
33,2,561.6356201171875,64.20669555664062,242.47271728515625,744.184326171875,-1,-1,-1,-1
34,2,495.5518798828125,10.510486602783203,272.3680419921875,784.7429809570312,-1,-1,-1,-1
35,2,476.79351806640625,3.0969505310058594,267.58343505859375,775.1686401367188,-1,-1,-1,-1
36,2,454.0015869140625,1.8518218994140625,270.8385009765625,776.9678955078125,-1,-1,-1,-1
37,2,425.599609375,14.573131561279297,278.86663818359375,763.2115478515625,-1,-1,-1,-1
38,2,406.6868591308594,29.809833526611328,320.0649719238281,736.5189819335938,-1,-1,-1,-1
39,2,378.14788818359375,29.94709014892578,325.7435302734375,708.756591796875,-1,-1,-1,-1
40,2,368.203125,15.01744270324707,315.925048828125,684.3557739257812,-1,-1,-1,-1
41,2,367.31585693359375,9.586280822753906,299.23760986328125,655.886962890625,-1,-1,-1,-1
42,2,378.1278991699219,10.801427841186523,288.8464660644531,634.8355102539062,-1,-1,-1,-1
43,2,383.5401306152344,11.298421859741211,281.5939636230469,647.7549438476562,-1,-1,-1,-1
44,2,378.83941650390625,15.063201904296875,285.7496337890625,661.314208984375,-1,-1,-1,-1
45,2,379.11090087890625,24.69348907470703,289.50567626953125,670.0928344726562,-1,-1,-1,-1
46,2,383.05084228515625,45.98710632324219,289.56268310546875,678.067138671875,-1,-1,-1,-1
47,2,386.89794921875,93.84793853759766,285.141845703125,674.112548828125,-1,-1,-1,-1
48,2,386.29876708984375,142.313232421875,277.44317626953125,657.7545166015625,-1,-1,-1,-1
49,2,373.330078125,188.9181671142578,275.24261474609375,635.9298706054688,-1,-1,-1,-1
50,2,361.171875,239.2167510986328,269.70166015625,613.1972045898438,-1,-1,-1,-1
51,2,346.6866455078125,261.3003845214844,269.239990234375,580.671630859375,-1,-1,-1,-1
52,2,332.132568359375,265.01251220703125,267.0968017578125,551.915771484375,-1,-1,-1,-1
53,2,315.3963317871094,269.7261962890625,266.4140930175781,547.5335083007812,-1,-1,-1,-1
54,2,295.6730651855469,281.4194641113281,265.7670593261719,548.02978515625,-1,-1,-1,-1
55,2,267.36328125,294.9629821777344,270.787353515625,550.7911376953125,-1,-1,-1,-1
56,2,236.1492156982422,302.8731689453125,268.7962646484375,559.559326171875,-1,-1,-1,-1
57,2,210.94070434570312,310.0489501953125,270.3315124511719,567.8162841796875,-1,-1,-1,-1
58,2,199.08863830566406,316.33856201171875,265.486572265625,568.54931640625,-1,-1,-1,-1
59,2,205.29400634765625,321.7389831542969,256.0765380859375,550.2191162109375,-1,-1,-1,-1
60,2,228.9356231689453,335.6029357910156,246.18614196777344,537.983154296875,-1,-1,-1,-1
61,2,270.05462646484375,352.4692077636719,232.34768676757812,505.6838073730469,-1,-1,-1,-1
62,2,319.72235107421875,359.9756164550781,221.8551025390625,479.7001647949219,-1,-1,-1,-1
63,2,372.4601745605469,357.91497802734375,211.41195678710938,464.104736328125,-1,-1,-1,-1
64,2,414.79461669921875,358.896484375,204.0404052734375,464.1973876953125,-1,-1,-1,-1
65,2,454.8885498046875,360.190185546875,202.359375,463.6695556640625,-1,-1,-1,-1
66,2,490.4817810058594,360.0013122558594,200.97537231445312,465.0818176269531,-1,-1,-1,-1
67,2,514.789794921875,367.24737548828125,197.645263671875,463.987548828125,-1,-1,-1,-1
68,2,530.8839721679688,381.15301513671875,181.811279296875,457.7601318359375,-1,-1,-1,-1
69,2,536.8642578125,389.1962585449219,178.989501953125,446.0221862792969,-1,-1,-1,-1
70,2,539.4109497070312,401.2705078125,178.44842529296875,432.797119140625,-1,-1,-1,-1
71,2,548.7742309570312,414.5455627441406,170.29119873046875,404.0063781738281,-1,-1,-1,-1
72,2,563.7592163085938,438.4231262207031,159.8572998046875,377.6352844238281,-1,-1,-1,-1
73,2,577.5696411132812,466.078125,148.04534912109375,370.62628173828125,-1,-1,-1,-1
74,2,589.0347900390625,485.6483154296875,148.46038818359375,364.5841064453125,-1,-1,-1,-1
75,2,601.2235107421875,496.1658630371094,136.9652099609375,359.0964660644531,-1,-1,-1,-1
76,2,608.204345703125,499.864013671875,138.18829345703125,357.18121337890625,-1,-1,-1,-1
77,2,622.8878784179688,510.4537048339844,134.878662109375,355.9040832519531,-1,-1,-1,-1
78,2,634.9269409179688,522.4761352539062,134.94842529296875,357.28955078125,-1,-1,-1,-1
79,2,643.3953857421875,528.325439453125,132.58349609375,362.251708984375,-1,-1,-1,-1
80,2,645.4373779296875,521.3636474609375,140.19488525390625,369.12469482421875,-1,-1,-1,-1
81,2,646.7281494140625,513.602783203125,150.27227783203125,379.8734130859375,-1,-1,-1,-1
82,2,653.8004150390625,511.2618713378906,164.70233154296875,391.1919860839844,-1,-1,-1,-1
83,2,673.041015625,514.1871948242188,145.94805908203125,387.55377197265625,-1,-1,-1,-1
84,2,694.4634399414062,517.53759765625,127.8651123046875,377.38909912109375,-1,-1,-1,-1
85,2,703.5388793945312,516.354736328125,114.7896728515625,364.89215087890625,-1,-1,-1,-1
86,2,704.5571899414062,519.0195922851562,112.12738037109375,354.57379150390625,-1,-1,-1,-1
87,2,711.0355834960938,536.1359252929688,111.02606201171875,348.41729736328125,-1,-1,-1,-1
88,2,720.4508056640625,556.5399780273438,113.67626953125,342.86700439453125,-1,-1,-1,-1
89,2,724.3193969726562,573.3697509765625,115.8138427734375,335.84442138671875,-1,-1,-1,-1
90,2,732.208984375,580.4395751953125,113.425537109375,329.8172607421875,-1,-1,-1,-1
91,2,737.4542236328125,574.3585205078125,113.7459716796875,325.81280517578125,-1,-1,-1,-1
92,2,737.8685913085938,556.3541259765625,113.360595703125,321.5528564453125,-1,-1,-1,-1
93,2,736.6149291992188,530.5262451171875,115.828125,315.26568603515625,-1,-1,-1,-1
94,2,737.5908813476562,509.61993408203125,117.67877197265625,314.70025634765625,-1,-1,-1,-1
95,2,736.7108764648438,494.26409912109375,118.08697509765625,312.39666748046875,-1,-1,-1,-1
96,2,734.0927734375,484.255126953125,117.168212890625,310.3118896484375,-1,-1,-1,-1
97,2,732.7710571289062,483.3777160644531,116.9945068359375,303.9569396972656,-1,-1,-1,-1
98,2,730.0772705078125,481.0741882324219,118.36480712890625,300.6743469238281,-1,-1,-1,-1
99,2,731.0111083984375,473.91473388671875,121.7640380859375,301.51361083984375,-1,-1,-1,-1
100,2,732.8121337890625,479.6692810058594,122.561767578125,302.8496398925781,-1,-1,-1,-1
101,2,733.6301879882812,496.67352294921875,122.1534423828125,312.09674072265625,-1,-1,-1,-1
102,2,730.843505859375,511.2578430175781,125.724853515625,323.6260681152344,-1,-1,-1,-1
103,2,726.3273315429688,516.5880126953125,135.45257568359375,336.15826416015625,-1,-1,-1,-1
104,2,723.72412109375,516.6712646484375,149.40570068359375,346.647705078125,-1,-1,-1,-1
105,2,731.9771728515625,524.8255004882812,154.18963623046875,356.61016845703125,-1,-1,-1,-1
106,2,748.7952270507812,540.3827514648438,153.69183349609375,366.11083984375,-1,-1,-1,-1
107,2,760.6954956054688,550.6588745117188,154.42022705078125,377.17730712890625,-1,-1,-1,-1
108,2,760.4066162109375,549.2496948242188,163.436279296875,385.64031982421875,-1,-1,-1,-1
109,2,759.650146484375,537.99560546875,172.34576416015625,398.3541259765625,-1,-1,-1,-1
110,2,758.7984008789062,523.9555053710938,180.113037109375,413.38238525390625,-1,-1,-1,-1
111,2,757.18603515625,512.3059692382812,181.5189208984375,427.95660400390625,-1,-1,-1,-1
112,2,756.7000732421875,503.3441162109375,179.4962158203125,442.81878662109375,-1,-1,-1,-1
113,2,754.5877685546875,496.25958251953125,176.2264404296875,456.67132568359375,-1,-1,-1,-1
114,2,753.3492431640625,491.57977294921875,184.318603515625,482.32135009765625,-1,-1,-1,-1
115,2,754.2215576171875,489.7259826660156,184.07708740234375,512.8447570800781,-1,-1,-1,-1
116,2,754.2417602539062,490.03118896484375,187.3062744140625,527.9771728515625,-1,-1,-1,-1
117,2,750.145751953125,491.1494140625,191.898193359375,538.0584716796875,-1,-1,-1,-1
118,2,741.7601928710938,492.9146423339844,198.400634765625,549.8345947265625,-1,-1,-1,-1
119,2,734.8704223632812,493.4378662109375,201.96636962890625,558.2088623046875,-1,-1,-1,-1
120,2,728.1964111328125,491.6371154785156,208.70977783203125,565.9071044921875,-1,-1,-1,-1
121,2,723.2643432617188,483.4930419921875,212.16168212890625,570.2879638671875,-1,-1,-1,-1
122,2,721.8390502929688,472.68389892578125,212.26153564453125,576.2832641601562,-1,-1,-1,-1
123,2,721.5425415039062,459.9814147949219,214.3970947265625,584.01953125,-1,-1,-1,-1
124,2,723.6934204101562,450.00164794921875,222.3602294921875,587.1401977539062,-1,-1,-1,-1
125,2,726.916748046875,448.0367126464844,226.6024169921875,581.2142333984375,-1,-1,-1,-1
126,2,711.7791748046875,455.5575866699219,236.2955322265625,566.316162109375,-1,-1,-1,-1
127,2,677.2393188476562,477.6175537109375,288.00274658203125,544.674560546875,-1,-1,-1,-1
128,2,659.2862548828125,505.9274597167969,324.9183349609375,523.6273193359375,-1,-1,-1,-1
129,2,655.5537719726562,530.8150024414062,343.37939453125,507.95404052734375,-1,-1,-1,-1
130,2,679.6754760742188,546.6984252929688,338.571533203125,504.14642333984375,-1,-1,-1,-1
131,2,698.6887817382812,553.3995971679688,334.10345458984375,507.78985595703125,-1,-1,-1,-1
132,2,703.6068725585938,552.6434936523438,309.23699951171875,515.2418823242188,-1,-1,-1,-1
133,2,698.95263671875,547.2191162109375,266.4166259765625,530.0784912109375,-1,-1,-1,-1
134,2,692.939208984375,545.1748046875,227.2398681640625,545.899658203125,-1,-1,-1,-1
135,2,695.7644653320312,545.3521118164062,204.65594482421875,561.6738891601562,-1,-1,-1,-1
136,2,690.4993286132812,546.6199340820312,207.74017333984375,562.6854858398438,-1,-1,-1,-1
137,2,656.0711669921875,552.6350708007812,242.08843994140625,557.9496459960938,-1,-1,-1,-1
138,2,646.1861572265625,570.5381469726562,259.83453369140625,560.0718383789062,-1,-1,-1,-1
139,2,650.8903198242188,597.81787109375,270.70220947265625,555.9073486328125,-1,-1,-1,-1
140,2,657.4786376953125,626.4757080078125,279.9840087890625,566.7596435546875,-1,-1,-1,-1
141,2,661.6443481445312,614.2408447265625,282.43707275390625,560.160400390625,-1,-1,-1,-1
142,2,659.0081787109375,563.6140747070312,290.78021240234375,587.8994750976562,-1,-1,-1,-1
143,2,657.9756469726562,516.3483276367188,282.9873046875,620.2996215820312,-1,-1,-1,-1
144,2,636.0282592773438,483.0001220703125,303.74908447265625,657.2008056640625,-1,-1,-1,-1
145,2,636.1647338867188,469.4510192871094,313.13037109375,660.2744140625,-1,-1,-1,-1
146,2,665.5625,475.93133544921875,295.35693359375,655.3265991210938,-1,-1,-1,-1
147,2,713.9482421875,486.8710632324219,265.22711181640625,646.5673828125,-1,-1,-1,-1
148,2,718.489013671875,496.7016296386719,289.032958984375,621.3194580078125,-1,-1,-1,-1
149,2,697.0245971679688,509.7758483886719,307.52325439453125,602.401611328125,-1,-1,-1,-1
150,2,665.0455932617188,532.4119873046875,314.25262451171875,587.16259765625,-1,-1,-1,-1
151,2,659.02001953125,546.060791015625,288.33953857421875,497.009521484375,-1,-1,-1,-1
152,2,622.6549072265625,540.7770385742188,289.45343017578125,587.4819946289062,-1,-1,-1,-1
153,2,643.8543701171875,531.455078125,241.81854248046875,584.298828125,-1,-1,-1,-1
154,2,649.781494140625,533.0088500976562,218.53448486328125,576.5921020507812,-1,-1,-1,-1
155,2,652.202880859375,526.0078125,203.1209716796875,567.77392578125,-1,-1,-1,-1
156,2,650.5875244140625,520.6602172851562,201.988525390625,553.2577514648438,-1,-1,-1,-1
157,2,659.6597290039062,522.1666259765625,216.27398681640625,530.400146484375,-1,-1,-1,-1
158,2,668.314697265625,538.4650268554688,242.7308349609375,511.73797607421875,-1,-1,-1,-1
159,2,672.6829223632812,554.335205078125,260.58453369140625,499.4989013671875,-1,-1,-1,-1
160,2,672.772705078125,570.9464721679688,261.77130126953125,483.49139404296875,-1,-1,-1,-1
161,2,665.4669189453125,584.1112670898438,264.4637451171875,476.65252685546875,-1,-1,-1,-1
162,2,653.5076904296875,589.2857666015625,263.33929443359375,480.2935791015625,-1,-1,-1,-1
163,2,646.4550170898438,591.799560546875,255.80743408203125,481.7432861328125,-1,-1,-1,-1
164,2,658.4738159179688,597.7055053710938,230.73529052734375,493.37408447265625,-1,-1,-1,-1
165,2,670.2313232421875,605.91162109375,209.8544921875,498.648681640625,-1,-1,-1,-1
166,2,674.6357421875,610.1597290039062,202.14019775390625,500.89849853515625,-1,-1,-1,-1
167,2,675.1021728515625,604.8720703125,207.11383056640625,499.8568115234375,-1,-1,-1,-1
168,2,674.1937255859375,603.705078125,224.31451416015625,503.0455322265625,-1,-1,-1,-1
169,2,676.5036010742188,611.90478515625,233.995361328125,505.0799560546875,-1,-1,-1,-1
170,2,676.3867797851562,624.4666748046875,235.529541015625,497.62353515625,-1,-1,-1,-1
171,2,673.7103271484375,635.185791015625,237.30633544921875,487.783447265625,-1,-1,-1,-1
172,2,664.6400146484375,642.7352294921875,237.4404296875,478.8746337890625,-1,-1,-1,-1
173,2,660.1708984375,645.1304931640625,228.7298583984375,478.9578857421875,-1,-1,-1,-1
174,2,662.3761596679688,639.0339965820312,220.875244140625,482.64849853515625,-1,-1,-1,-1
175,2,662.5545654296875,626.04150390625,216.02520751953125,487.0692138671875,-1,-1,-1,-1
176,2,664.0521240234375,609.2069702148438,203.69384765625,486.03924560546875,-1,-1,-1,-1
177,2,669.831787109375,594.68505859375,189.709716796875,477.2293701171875,-1,-1,-1,-1
178,2,667.93115234375,587.2828369140625,185.87353515625,458.85888671875,-1,-1,-1,-1
179,2,669.5435791015625,587.3450927734375,185.27215576171875,446.34521484375,-1,-1,-1,-1
180,2,670.3763427734375,597.649658203125,192.3577880859375,443.828125,-1,-1,-1,-1
181,2,669.3666381835938,608.8704833984375,198.8719482421875,446.6583251953125,-1,-1,-1,-1
182,2,667.3336791992188,606.968505859375,202.17852783203125,453.784912109375,-1,-1,-1,-1
183,2,667.625732421875,597.9818115234375,208.14111328125,464.679931640625,-1,-1,-1,-1
184,2,665.702880859375,592.10009765625,220.40887451171875,475.1568603515625,-1,-1,-1,-1
185,2,642.4111938476562,589.4041748046875,254.8358154296875,482.4854736328125,-1,-1,-1,-1
186,2,637.241455078125,579.4984130859375,274.3250732421875,493.967529296875,-1,-1,-1,-1
187,2,651.8302612304688,565.8125,278.50885009765625,498.9403076171875,-1,-1,-1,-1
188,2,662.0343017578125,561.9515991210938,293.412353515625,508.88092041015625,-1,-1,-1,-1
189,2,661.164794921875,539.3267822265625,311.1558837890625,515.044189453125,-1,-1,-1,-1
190,2,653.4782104492188,504.96453857421875,321.41644287109375,521.2614135742188,-1,-1,-1,-1
191,2,650.1881103515625,507.7460021972656,317.46759033203125,529.1627197265625,-1,-1,-1,-1
192,2,652.7493286132812,502.7705993652344,294.87823486328125,530.7762451171875,-1,-1,-1,-1
193,2,656.3671875,491.1471862792969,268.095947265625,526.7891845703125,-1,-1,-1,-1
194,2,660.9397583007812,505.7169494628906,244.52484130859375,522.355224609375,-1,-1,-1,-1
195,2,661.9373779296875,534.4063720703125,234.185546875,506.4510498046875,-1,-1,-1,-1
196,2,656.5142211914062,551.093017578125,233.68603515625,484.4091796875,-1,-1,-1,-1
197,2,651.7240600585938,573.8050537109375,235.2939453125,469.4598388671875,-1,-1,-1,-1
198,2,648.765380859375,594.0307006835938,236.19677734375,460.22418212890625,-1,-1,-1,-1
199,2,648.4979248046875,598.9432373046875,229.666748046875,458.884521484375,-1,-1,-1,-1
200,2,657.2201538085938,592.1145629882812,215.42523193359375,472.88677978515625,-1,-1,-1,-1
201,2,663.2037353515625,585.5587768554688,208.66192626953125,498.27703857421875,-1,-1,-1,-1
202,2,665.084228515625,587.7316284179688,210.56329345703125,522.9854125976562,-1,-1,-1,-1
203,2,667.81201171875,573.4219970703125,212.744140625,537.4739990234375,-1,-1,-1,-1
204,2,683.9573364257812,552.9132690429688,205.7425537109375,541.2047729492188,-1,-1,-1,-1
205,2,686.4144287109375,575.5557861328125,208.762451171875,535.0625,-1,-1,-1,-1
206,2,684.5599365234375,611.6765747070312,209.1226806640625,529.7504272460938,-1,-1,-1,-1
207,2,687.1537475585938,621.2889404296875,208.06005859375,524.3150634765625,-1,-1,-1,-1
208,2,690.7741088867188,612.6109619140625,203.9625244140625,520.4517822265625,-1,-1,-1,-1
209,2,692.871337890625,605.3184814453125,198.46807861328125,518.58203125,-1,-1,-1,-1
210,2,692.6904296875,596.8489379882812,193.6405029296875,521.4109497070312,-1,-1,-1,-1
211,2,693.3217163085938,592.2918090820312,193.03594970703125,520.3688354492188,-1,-1,-1,-1
212,2,693.0313720703125,578.8942260742188,193.3994140625,511.74176025390625,-1,-1,-1,-1
213,2,697.994140625,555.8469848632812,191.91455078125,496.00421142578125,-1,-1,-1,-1
214,2,698.7894897460938,575.505859375,198.1275634765625,482.4683837890625,-1,-1,-1,-1
215,2,700.967529296875,624.766357421875,202.0611572265625,480.87353515625,-1,-1,-1,-1
216,2,702.9822998046875,652.9239501953125,203.5560302734375,498.27880859375,-1,-1,-1,-1
217,2,706.2046508789062,651.9819946289062,202.0762939453125,527.6506958007812,-1,-1,-1,-1
218,2,699.3890380859375,644.9412841796875,211.3507080078125,549.806640625,-1,-1,-1,-1
219,2,692.6282958984375,632.2928466796875,208.30859375,560.615234375,-1,-1,-1,-1
220,2,689.9127197265625,630.1248779296875,207.72991943359375,562.6446533203125,-1,-1,-1,-1
221,2,687.189697265625,605.5020751953125,194.64471435546875,564.2315673828125,-1,-1,-1,-1
222,2,683.339111328125,578.8955688476562,190.325927734375,547.3208618164062,-1,-1,-1,-1
223,2,683.2553100585938,550.3208618164062,187.509521484375,526.3068237304688,-1,-1,-1,-1
224,2,683.8001098632812,527.77490234375,184.2357177734375,513.3499755859375,-1,-1,-1,-1
225,2,684.7437744140625,513.5051879882812,181.9652099609375,503.76666259765625,-1,-1,-1,-1
226,2,686.0010375976562,503.426025390625,177.4041748046875,497.1116943359375,-1,-1,-1,-1
227,2,683.3667602539062,497.544677734375,173.66400146484375,489.86102294921875,-1,-1,-1,-1
228,2,680.45947265625,498.41876220703125,172.6131591796875,481.8441162109375,-1,-1,-1,-1
229,2,678.8587646484375,501.92913818359375,172.75421142578125,469.50848388671875,-1,-1,-1,-1
230,2,678.3085327148438,506.847412109375,172.362060546875,456.9261474609375,-1,-1,-1,-1
231,2,679.54052734375,513.0321655273438,172.8629150390625,456.18292236328125,-1,-1,-1,-1
232,2,676.0900268554688,520.1619262695312,181.20452880859375,475.00506591796875,-1,-1,-1,-1
233,2,674.0497436523438,528.380126953125,189.33203125,502.3885498046875,-1,-1,-1,-1
234,2,671.5486450195312,527.1621704101562,197.5595703125,511.76568603515625,-1,-1,-1,-1
235,2,667.1297607421875,512.9111328125,197.36383056640625,518.727294921875,-1,-1,-1,-1
236,2,663.443603515625,494.0116882324219,198.798583984375,532.9661865234375,-1,-1,-1,-1
237,2,659.8384399414062,482.4430236816406,205.78265380859375,550.63330078125,-1,-1,-1,-1
238,2,657.697265625,463.7747802734375,210.10223388671875,567.5362548828125,-1,-1,-1,-1
239,2,660.6653442382812,431.41351318359375,216.75238037109375,577.4264526367188,-1,-1,-1,-1
240,2,663.8267822265625,421.95184326171875,213.72991943359375,575.5134887695312,-1,-1,-1,-1
241,2,665.0869140625,440.44903564453125,215.2646484375,564.6813354492188,-1,-1,-1,-1
242,2,671.89501953125,469.3093566894531,215.326416015625,563.7137451171875,-1,-1,-1,-1
243,2,670.76416015625,487.80584716796875,231.3551025390625,563.9727172851562,-1,-1,-1,-1
244,2,671.742919921875,496.64801025390625,239.71844482421875,560.8999633789062,-1,-1,-1,-1
245,2,672.9105834960938,506.17401123046875,241.26263427734375,548.9308471679688,-1,-1,-1,-1
246,2,676.9136962890625,515.6644287109375,234.40576171875,535.567626953125,-1,-1,-1,-1
247,2,665.9593505859375,516.38525390625,234.75469970703125,525.408935546875,-1,-1,-1,-1
248,2,661.3280639648438,513.9951171875,231.73175048828125,524.3087158203125,-1,-1,-1,-1
249,2,664.1474609375,519.1015625,224.7718505859375,526.5966796875,-1,-1,-1,-1
250,2,658.0379028320312,515.42138671875,226.496826171875,534.004150390625,-1,-1,-1,-1
251,2,655.7679443359375,509.9482421875,228.591552734375,538.0472412109375,-1,-1,-1,-1
252,2,670.67529296875,508.720947265625,223.57568359375,541.5181884765625,-1,-1,-1,-1
253,2,670.775146484375,508.82305908203125,232.0196533203125,544.3762817382812,-1,-1,-1,-1
254,2,669.849853515625,510.8868408203125,244.87689208984375,543.20849609375,-1,-1,-1,-1
255,2,671.362548828125,515.771484375,256.248291015625,543.22216796875,-1,-1,-1,-1
256,2,671.7984008789062,512.8613891601562,263.34271240234375,546.3364868164062,-1,-1,-1,-1
257,2,676.2941284179688,501.3308410644531,274.876220703125,548.8275146484375,-1,-1,-1,-1
258,2,686.3030395507812,491.94146728515625,268.7933349609375,552.1406860351562,-1,-1,-1,-1
259,2,697.321044921875,485.2417907714844,266.1571044921875,566.17578125,-1,-1,-1,-1
260,2,706.1198120117188,484.6318359375,262.35003662109375,592.222412109375,-1,-1,-1,-1
261,2,714.0452880859375,488.7554931640625,255.8328857421875,608.5029296875,-1,-1,-1,-1
262,2,718.8341064453125,497.1156005859375,250.22528076171875,607.1766357421875,-1,-1,-1,-1
263,2,723.4647216796875,514.1820068359375,248.81134033203125,606.6451416015625,-1,-1,-1,-1
264,2,721.7169189453125,535.4929809570312,252.140625,591.8577270507812,-1,-1,-1,-1
265,2,719.1438598632812,556.8236694335938,255.20465087890625,569.5838012695312,-1,-1,-1,-1
266,2,719.2479248046875,569.5885009765625,259.02716064453125,555.5894775390625,-1,-1,-1,-1
267,2,719.6216430664062,566.3233032226562,253.07830810546875,555.2949829101562,-1,-1,-1,-1
268,2,721.0093994140625,549.166748046875,239.26068115234375,567.156494140625,-1,-1,-1,-1
269,2,729.2479858398438,525.9529418945312,233.03662109375,583.4963989257812,-1,-1,-1,-1
270,2,733.4352416992188,510.57086181640625,224.61004638671875,596.0587768554688,-1,-1,-1,-1
271,2,738.1653442382812,498.35406494140625,218.344970703125,583.2600708007812,-1,-1,-1,-1
272,2,738.5863647460938,488.55615234375,217.49786376953125,555.46875,-1,-1,-1,-1
273,2,734.4358520507812,483.6148986816406,223.6134033203125,524.9305419921875,-1,-1,-1,-1
274,2,732.034423828125,484.1088562011719,230.8277587890625,504.4089660644531,-1,-1,-1,-1
275,2,734.1104125976562,487.31829833984375,228.071533203125,493.2781982421875,-1,-1,-1,-1
276,2,734.87158203125,485.98577880859375,226.13714599609375,487.7357177734375,-1,-1,-1,-1
277,2,727.7672119140625,486.0834045410156,223.66455078125,486.7972106933594,-1,-1,-1,-1
278,2,723.0784301757812,491.64453125,201.97021484375,498.63134765625,-1,-1,-1,-1
279,2,719.055419921875,501.7430419921875,202.01483154296875,512.727783203125,-1,-1,-1,-1
280,2,711.124755859375,517.4268188476562,208.1268310546875,521.1854858398438,-1,-1,-1,-1
281,2,701.649169921875,531.0264892578125,220.62664794921875,526.509521484375,-1,-1,-1,-1
282,2,697.5167846679688,534.8082885742188,228.527099609375,511.83441162109375,-1,-1,-1,-1
283,2,697.4180908203125,535.9701538085938,229.1917724609375,484.70037841796875,-1,-1,-1,-1
284,2,699.2780151367188,545.5778198242188,233.58349609375,463.8876953125,-1,-1,-1,-1
285,2,695.97119140625,550.8095703125,245.886962890625,455.35595703125,-1,-1,-1,-1
286,2,694.6527709960938,551.1644897460938,248.52801513671875,455.68341064453125,-1,-1,-1,-1
287,2,687.30322265625,551.5331420898438,242.35693359375,460.14959716796875,-1,-1,-1,-1
288,2,683.65625,551.454833984375,219.943603515625,463.80029296875,-1,-1,-1,-1
289,2,674.4205932617188,550.8384399414062,201.3006591796875,464.4842529296875,-1,-1,-1,-1
290,2,670.2806396484375,553.5550537109375,181.6082763671875,456.1434326171875,-1,-1,-1,-1
291,2,673.2454833984375,566.4777221679688,175.6165771484375,446.51123046875,-1,-1,-1,-1
292,2,679.2295532226562,579.8884887695312,173.3704833984375,436.80718994140625,-1,-1,-1,-1
293,2,679.1647338867188,594.1466064453125,175.47589111328125,430.1728515625,-1,-1,-1,-1
294,2,677.7874755859375,594.5001220703125,176.0550537109375,429.184814453125,-1,-1,-1,-1
295,2,677.4629516601562,586.586181640625,170.46612548828125,434.669677734375,-1,-1,-1,-1
296,2,681.5757446289062,575.8045654296875,167.40606689453125,448.5576171875,-1,-1,-1,-1
297,2,691.75927734375,565.5118408203125,158.6851806640625,464.12060546875,-1,-1,-1,-1
298,2,698.1549072265625,565.466796875,157.07086181640625,462.4661865234375,-1,-1,-1,-1
299,2,700.6469116210938,585.861328125,158.655029296875,456.632080078125,-1,-1,-1,-1
300,2,700.8794555664062,615.3163452148438,161.077880859375,441.07061767578125,-1,-1,-1,-1
301,2,699.3204956054688,633.3431396484375,163.41851806640625,421.93408203125,-1,-1,-1,-1
302,2,700.5701904296875,639.1810913085938,164.85211181640625,424.96063232421875,-1,-1,-1,-1
303,2,703.7040405273438,648.0098266601562,158.93804931640625,435.87933349609375,-1,-1,-1,-1
304,2,705.5111083984375,652.0734252929688,156.2667236328125,450.29840087890625,-1,-1,-1,-1
305,2,707.2520751953125,649.1920776367188,152.86212158203125,458.90557861328125,-1,-1,-1,-1
306,2,702.77001953125,646.6527709960938,152.45086669921875,455.48284912109375,-1,-1,-1,-1
307,2,696.6420288085938,647.6810302734375,153.33526611328125,433.896728515625,-1,-1,-1,-1
308,2,694.1932983398438,650.4448852539062,152.771484375,406.13201904296875,-1,-1,-1,-1
309,2,690.40185546875,652.1728515625,155.9990234375,387.461669921875,-1,-1,-1,-1
310,2,688.3914794921875,648.9564819335938,155.807373046875,390.18487548828125,-1,-1,-1,-1
311,2,689.8594360351562,638.5005493164062,154.26995849609375,402.93646240234375,-1,-1,-1,-1
312,2,693.4495239257812,622.1365356445312,152.85577392578125,422.37469482421875,-1,-1,-1,-1
313,2,696.8388061523438,606.4728393554688,154.9432373046875,439.92156982421875,-1,-1,-1,-1
314,2,703.9740600585938,602.5274658203125,155.12115478515625,446.304931640625,-1,-1,-1,-1
315,2,706.8662109375,611.5201416015625,158.32489013671875,437.40087890625,-1,-1,-1,-1
316,2,704.1544189453125,627.426025390625,161.20599365234375,422.6134033203125,-1,-1,-1,-1
317,2,698.7005615234375,648.9505615234375,167.5111083984375,418.3017578125,-1,-1,-1,-1
318,2,692.706787109375,660.4959716796875,172.20068359375,418.95849609375,-1,-1,-1,-1
319,2,688.988037109375,658.2688598632812,174.79949951171875,432.47296142578125,-1,-1,-1,-1
320,2,691.8113403320312,643.7955322265625,177.2098388671875,455.046630859375,-1,-1,-1,-1
321,2,691.0955200195312,626.1456909179688,182.9637451171875,465.54449462890625,-1,-1,-1,-1
322,2,686.0615234375,616.0712280273438,188.581787109375,470.98248291015625,-1,-1,-1,-1
323,2,679.40869140625,616.5054931640625,195.67596435546875,480.75634765625,-1,-1,-1,-1
324,2,677.9769897460938,623.079833984375,214.2489013671875,492.7877197265625,-1,-1,-1,-1
325,2,688.77587890625,637.8654174804688,219.01885986328125,496.93585205078125,-1,-1,-1,-1
326,2,681.6387939453125,655.971923828125,226.65655517578125,501.8258056640625,-1,-1,-1,-1
327,2,675.5942993164062,642.0093383789062,235.85772705078125,508.51849365234375,-1,-1,-1,-1
328,2,675.9851684570312,623.5410766601562,251.69500732421875,539.9280395507812,-1,-1,-1,-1
329,2,671.8206787109375,595.0686645507812,276.0152587890625,585.8062133789062,-1,-1,-1,-1
330,2,657.4393310546875,557.3077392578125,309.6669921875,629.4730224609375,-1,-1,-1,-1
331,2,647.7050170898438,542.7399291992188,324.9857177734375,625.4732055664062,-1,-1,-1,-1
332,2,652.0316772460938,525.70068359375,295.14495849609375,610.059814453125,-1,-1,-1,-1
333,2,631.3384399414062,549.095703125,260.26776123046875,600.119873046875,-1,-1,-1,-1
334,2,615.948974609375,573.3387451171875,255.4937744140625,599.46044921875,-1,-1,-1,-1
335,2,625.677490234375,592.4332275390625,239.79949951171875,603.1904296875,-1,-1,-1,-1
336,2,626.9790649414062,599.8109130859375,240.3564453125,601.0067138671875,-1,-1,-1,-1
337,2,627.248291015625,613.3698120117188,236.32659912109375,577.7662963867188,-1,-1,-1,-1
338,2,631.7496337890625,631.4622802734375,230.112060546875,535.6396484375,-1,-1,-1,-1
339,2,642.2355346679688,645.273193359375,227.70062255859375,504.615234375,-1,-1,-1,-1
340,2,646.5881958007812,651.1890869140625,226.17889404296875,489.215087890625,-1,-1,-1,-1
341,2,643.0952758789062,641.8269653320312,233.03497314453125,485.34136962890625,-1,-1,-1,-1
342,2,648.5897216796875,634.4505004882812,224.38433837890625,484.69012451171875,-1,-1,-1,-1
343,2,658.080078125,620.00244140625,207.419189453125,485.4029541015625,-1,-1,-1,-1
344,2,663.9798583984375,609.7147827148438,193.610595703125,480.93072509765625,-1,-1,-1,-1
345,2,666.0620727539062,605.6748046875,181.09918212890625,472.8116455078125,-1,-1,-1,-1
346,2,671.3090209960938,606.8795166015625,174.39111328125,462.5325927734375,-1,-1,-1,-1
347,2,674.627685546875,619.18115234375,175.42547607421875,451.318359375,-1,-1,-1,-1
348,2,674.1134033203125,636.0360717773438,186.19580078125,447.97784423828125,-1,-1,-1,-1
349,2,670.6643676757812,629.8399658203125,197.05328369140625,449.238525390625,-1,-1,-1,-1
350,2,670.970458984375,615.362548828125,204.411376953125,474.7725830078125,-1,-1,-1,-1
351,2,664.593994140625,584.3240966796875,212.1646728515625,530.34814453125,-1,-1,-1,-1
352,2,665.4142456054688,550.095947265625,224.97235107421875,582.4647216796875,-1,-1,-1,-1
353,2,647.023681640625,526.992431640625,275.778564453125,636.9761962890625,-1,-1,-1,-1
354,2,624.4118041992188,530.9934692382812,315.42108154296875,643.2210083007812,-1,-1,-1,-1
355,2,614.5498657226562,556.5489501953125,394.096923828125,616.0732421875,-1,-1,-1,-1
356,2,617.88720703125,562.1287231445312,434.7757568359375,597.1278686523438,-1,-1,-1,-1
357,2,622.607421875,560.4732666015625,425.748046875,578.0535888671875,-1,-1,-1,-1
358,2,598.9716796875,550.1558837890625,410.63250732421875,545.5416259765625,-1,-1,-1,-1
359,2,608.3322143554688,530.5226440429688,369.255126953125,536.4603881835938,-1,-1,-1,-1
360,2,646.2203979492188,527.7930297851562,315.1722412109375,535.6796264648438,-1,-1,-1,-1
361,2,680.8485107421875,525.0838623046875,269.884033203125,538.2318115234375,-1,-1,-1,-1
362,2,686.506591796875,535.0780639648438,266.45269775390625,527.8403930664062,-1,-1,-1,-1
363,2,688.0894775390625,555.2086181640625,271.66455078125,504.520751953125,-1,-1,-1,-1
364,2,692.634765625,576.4305419921875,293.4140625,474.5135498046875,-1,-1,-1,-1
365,2,698.1336059570312,586.5462646484375,293.23760986328125,448.582763671875,-1,-1,-1,-1
366,2,688.4345703125,594.723876953125,280.1639404296875,428.0162353515625,-1,-1,-1,-1
367,2,664.0227661132812,604.6978759765625,279.2540283203125,423.4671630859375,-1,-1,-1,-1
368,2,649.6719970703125,606.6593017578125,279.01898193359375,430.9617919921875,-1,-1,-1,-1
369,2,648.0228271484375,592.6137084960938,269.60205078125,444.65826416015625,-1,-1,-1,-1
370,2,675.697509765625,580.6112670898438,229.330078125,462.25469970703125,-1,-1,-1,-1
371,2,671.73974609375,572.4891357421875,232.2891845703125,477.37939453125,-1,-1,-1,-1
372,2,667.4046630859375,568.32763671875,253.4296875,483.5419921875,-1,-1,-1,-1
373,2,662.3037109375,577.1990356445312,300.343505859375,492.56170654296875,-1,-1,-1,-1
374,2,668.4179077148438,579.06787109375,323.796875,494.314453125,-1,-1,-1,-1
375,2,666.8193359375,586.0542602539062,324.94256591796875,485.83660888671875,-1,-1,-1,-1
376,2,670.6241455078125,585.6337890625,313.73687744140625,472.2640380859375,-1,-1,-1,-1
377,2,683.2053833007812,602.8464965820312,312.3560791015625,472.90631103515625,-1,-1,-1,-1
378,2,703.2131958007812,585.7232055664062,325.97613525390625,490.97515869140625,-1,-1,-1,-1
379,2,681.8436889648438,546.883544921875,360.15924072265625,517.149658203125,-1,-1,-1,-1
380,2,648.872802734375,486.50439453125,421.55712890625,574.22314453125,-1,-1,-1,-1
381,2,616.9558715820312,438.85894775390625,474.21136474609375,657.1174926757812,-1,-1,-1,-1
382,2,619.2874145507812,459.7532653808594,533.6923217773438,691.502197265625,-1,-1,-1,-1
383,2,637.414794921875,524.33447265625,523.5416259765625,652.8707275390625,-1,-1,-1,-1
384,2,667.810302734375,590.7520751953125,506.813720703125,606.11181640625,-1,-1,-1,-1
385,2,664.9686889648438,597.5796508789062,489.84918212890625,570.7266235351562,-1,-1,-1,-1
386,2,660.7633056640625,610.1472778320312,493.2763671875,556.9046020507812,-1,-1,-1,-1
387,2,647.9945068359375,629.7333374023438,508.85498046875,565.9004516601562,-1,-1,-1,-1
388,2,665.5914306640625,602.3806762695312,477.6951904296875,591.2586059570312,-1,-1,-1,-1
389,2,651.1226196289062,563.6889038085938,456.71685791015625,622.6255493164062,-1,-1,-1,-1
390,2,619.73974609375,525.333251953125,440.912353515625,588.6429443359375,-1,-1,-1,-1
391,2,653.2378540039062,556.7476806640625,422.01959228515625,526.3341064453125,-1,-1,-1,-1
392,2,652.403076171875,585.5320434570312,380.0439453125,481.01092529296875,-1,-1,-1,-1
393,2,673.08984375,599.5374145507812,347.03033447265625,473.14215087890625,-1,-1,-1,-1
394,2,716.865478515625,611.4254150390625,317.404296875,489.9541015625,-1,-1,-1,-1
395,2,763.0160522460938,607.6320190429688,259.288818359375,509.67071533203125,-1,-1,-1,-1
396,2,770.3863525390625,606.5875244140625,252.40093994140625,501.7694091796875,-1,-1,-1,-1
397,2,770.5987548828125,588.1788940429688,255.8177490234375,503.55230712890625,-1,-1,-1,-1
398,2,760.9755249023438,560.9203491210938,233.08966064453125,516.3796997070312,-1,-1,-1,-1
399,2,752.393798828125,535.1194458007812,247.70050048828125,537.6654663085938,-1,-1,-1,-1
400,2,744.961669921875,486.05633544921875,250.2813720703125,550.1253051757812,-1,-1,-1,-1
401,2,746.140869140625,442.68231201171875,232.2161865234375,551.6964111328125,-1,-1,-1,-1
402,2,740.9769897460938,435.2811279296875,212.60986328125,526.89013671875,-1,-1,-1,-1
403,2,732.1756591796875,427.0115661621094,211.1844482421875,489.2947692871094,-1,-1,-1,-1
404,2,718.3084716796875,430.5545959472656,216.45989990234375,451.3945617675781,-1,-1,-1,-1
405,2,698.9466552734375,424.93597412109375,224.012451171875,431.165283203125,-1,-1,-1,-1
406,2,689.1708374023438,430.9930725097656,225.45660400390625,408.8464660644531,-1,-1,-1,-1
407,2,692.1730346679688,442.09869384765625,230.12725830078125,396.727783203125,-1,-1,-1,-1
408,2,693.7199096679688,423.64105224609375,258.82318115234375,403.98583984375,-1,-1,-1,-1
409,2,689.3692016601562,388.89251708984375,272.99371337890625,423.87896728515625,-1,-1,-1,-1
410,2,700.3964233398438,374.7248229980469,263.48907470703125,439.5824279785156,-1,-1,-1,-1
411,2,732.5337524414062,368.4386291503906,228.516845703125,454.0964660644531,-1,-1,-1,-1
412,2,760.0660400390625,359.81036376953125,201.00592041015625,462.84332275390625,-1,-1,-1,-1
413,2,759.8687744140625,376.52154541015625,189.5179443359375,468.108642578125,-1,-1,-1,-1
414,2,763.8369140625,414.08966064453125,181.9212646484375,469.7135009765625,-1,-1,-1,-1
415,2,765.2828369140625,437.6040344238281,187.86419677734375,468.8854675292969,-1,-1,-1,-1
416,2,754.722900390625,460.22064208984375,198.2037353515625,461.9954833984375,-1,-1,-1,-1
417,2,753.3291015625,478.6905517578125,198.1575927734375,447.38739013671875,-1,-1,-1,-1
418,2,747.0431518554688,478.32305908203125,191.08685302734375,442.0587158203125,-1,-1,-1,-1
419,2,739.2091674804688,465.97479248046875,184.90423583984375,444.86346435546875,-1,-1,-1,-1
420,2,732.3576049804688,454.06365966796875,182.267333984375,452.52691650390625,-1,-1,-1,-1
421,2,733.2178955078125,449.07904052734375,177.980712890625,455.47906494140625,-1,-1,-1,-1
422,2,730.795166015625,453.0309143066406,177.56982421875,463.7333068847656,-1,-1,-1,-1
423,2,725.2832641601562,466.7193603515625,176.82159423828125,483.03277587890625,-1,-1,-1,-1
424,2,719.6814575195312,490.58795166015625,180.94775390625,503.3369140625,-1,-1,-1,-1
425,2,711.15966796875,502.9783935546875,191.726318359375,515.00390625,-1,-1,-1,-1
426,2,703.21337890625,506.56854248046875,203.2626953125,510.087890625,-1,-1,-1,-1
427,2,703.8717651367188,504.33343505859375,202.1929931640625,513.8040161132812,-1,-1,-1,-1
428,2,704.8533325195312,492.0660095214844,204.1883544921875,522.55908203125,-1,-1,-1,-1
429,2,703.5905151367188,465.9417724609375,198.9091796875,535.90771484375,-1,-1,-1,-1
430,2,700.2945556640625,457.45587158203125,195.33441162109375,540.6512451171875,-1,-1,-1,-1
431,2,699.4550170898438,462.68359375,195.5697021484375,548.22802734375,-1,-1,-1,-1
432,2,702.0176391601562,463.1015930175781,200.91082763671875,571.1583251953125,-1,-1,-1,-1
433,2,714.4638061523438,452.5851135253906,193.74755859375,598.3428955078125,-1,-1,-1,-1
434,2,729.881591796875,460.8156433105469,192.4522705078125,620.28662109375,-1,-1,-1,-1
435,2,757.8958740234375,471.2997131347656,198.14801025390625,634.0216064453125,-1,-1,-1,-1
436,2,776.4635620117188,462.4019775390625,227.26776123046875,635.8074951171875,-1,-1,-1,-1
437,2,768.7211303710938,394.3494567871094,248.8338623046875,666.3050537109375,-1,-1,-1,-1
438,2,775.051513671875,316.4092102050781,275.330322265625,723.548828125,-1,-1,-1,-1
439,2,776.0570678710938,267.80279541015625,301.28253173828125,788.4397583007812,-1,-1,-1,-1
440,2,761.690185546875,227.35992431640625,336.0745849609375,831.2944946289062,-1,-1,-1,-1
441,2,711.859130859375,283.96417236328125,382.73828125,657.6165161132812,-1,-1,-1,-1
442,2,703.8953857421875,406.524169921875,383.15283203125,605.5147094726562,-1,-1,-1,-1
443,2,723.3234252929688,495.1879577636719,429.39776611328125,705.8331298828125,-1,-1,-1,-1
444,2,718.4069213867188,535.2509155273438,399.21478271484375,658.0048217773438,-1,-1,-1,-1
445,2,708.2300415039062,534.374267578125,356.75958251953125,628.6002197265625,-1,-1,-1,-1
446,2,719.6134033203125,547.9639282226562,330.32958984375,614.0223999023438,-1,-1,-1,-1
447,2,733.75244140625,552.8146362304688,303.4080810546875,612.4447631835938,-1,-1,-1,-1
448,2,732.2486572265625,555.231689453125,283.710205078125,602.13232421875,-1,-1,-1,-1
449,2,731.87744140625,568.7847290039062,274.35748291015625,587.3805541992188,-1,-1,-1,-1
450,2,729.6467895507812,594.0907592773438,260.99700927734375,570.1123657226562,-1,-1,-1,-1
451,2,720.8099975585938,609.6748046875,260.57452392578125,547.7579345703125,-1,-1,-1,-1
452,2,713.974365234375,620.1405639648438,255.77850341796875,528.8255004882812,-1,-1,-1,-1
453,2,704.9236450195312,624.3973388671875,253.96441650390625,530.21923828125,-1,-1,-1,-1
454,2,694.5750732421875,606.984130859375,253.8731689453125,543.7266845703125,-1,-1,-1,-1
455,2,697.6718139648438,577.7620849609375,240.19744873046875,557.2686767578125,-1,-1,-1,-1
456,2,714.4036254882812,560.7413330078125,223.09759521484375,572.8638916015625,-1,-1,-1,-1
457,2,718.7968139648438,539.7213745117188,222.78289794921875,584.0763549804688,-1,-1,-1,-1
458,2,718.02734375,539.1729125976562,223.758544921875,592.6560668945312,-1,-1,-1,-1
459,2,720.7748413085938,574.3764038085938,227.220703125,603.3484497070312,-1,-1,-1,-1
460,2,720.0603637695312,604.2891235351562,235.23797607421875,585.9319458007812,-1,-1,-1,-1
461,2,719.2913208007812,626.6837158203125,238.37982177734375,566.3956298828125,-1,-1,-1,-1
462,2,707.7826538085938,639.1494750976562,246.4952392578125,562.3709106445312,-1,-1,-1,-1
463,2,690.0196533203125,633.5855102539062,254.1231689453125,566.7369995117188,-1,-1,-1,-1
464,2,682.9619750976562,620.2139282226562,252.833984375,570.8126831054688,-1,-1,-1,-1
465,2,663.937255859375,609.0152587890625,276.62109375,544.8602294921875,-1,-1,-1,-1
466,2,670.6583862304688,606.708740234375,265.533447265625,511.8934326171875,-1,-1,-1,-1
467,2,672.1917724609375,629.09228515625,263.78594970703125,476.661865234375,-1,-1,-1,-1
468,2,672.4843139648438,651.86474609375,268.0364990234375,457.49169921875,-1,-1,-1,-1
469,2,677.2814331054688,662.9959716796875,268.798828125,463.0140380859375,-1,-1,-1,-1
470,2,682.25732421875,652.28173828125,261.30877685546875,477.0892333984375,-1,-1,-1,-1
471,2,681.5846557617188,613.9315795898438,253.14251708984375,493.52362060546875,-1,-1,-1,-1
472,2,677.824462890625,563.1083984375,244.8441162109375,496.8773193359375,-1,-1,-1,-1
473,2,680.0052490234375,501.78131103515625,235.25909423828125,502.281494140625,-1,-1,-1,-1
474,2,700.441162109375,485.69085693359375,232.7860107421875,505.90765380859375,-1,-1,-1,-1
475,2,731.3977661132812,523.2608642578125,243.81658935546875,503.6361083984375,-1,-1,-1,-1
476,2,742.5911865234375,506.54559326171875,245.5870361328125,495.12738037109375,-1,-1,-1,-1
477,2,735.7734985351562,462.40362548828125,237.3267822265625,495.00164794921875,-1,-1,-1,-1
478,2,734.4190673828125,424.49853515625,240.95599365234375,517.7025146484375,-1,-1,-1,-1
479,2,727.9491577148438,379.577880859375,241.7364501953125,549.9591674804688,-1,-1,-1,-1
480,2,735.4530029296875,361.50360107421875,224.06201171875,588.1200561523438,-1,-1,-1,-1
481,2,742.2078857421875,350.72955322265625,224.73309326171875,615.2571411132812,-1,-1,-1,-1
482,2,726.482177734375,334.622314453125,222.7459716796875,646.29931640625,-1,-1,-1,-1
483,2,686.25048828125,362.607177734375,242.9578857421875,667.3001708984375,-1,-1,-1,-1
484,2,670.701171875,428.4368896484375,271.93048095703125,664.328369140625,-1,-1,-1,-1
485,2,688.033447265625,460.4801940917969,277.28253173828125,645.514404296875,-1,-1,-1,-1
486,2,700.5922241210938,459.7705383300781,254.1903076171875,636.6585693359375,-1,-1,-1,-1
487,2,704.1856689453125,451.0521240234375,255.3167724609375,637.3380126953125,-1,-1,-1,-1
488,2,722.8698120117188,440.85394287109375,266.75921630859375,653.6797485351562,-1,-1,-1,-1
489,2,735.0809936523438,387.26263427734375,297.44610595703125,690.1841430664062,-1,-1,-1,-1
490,2,734.4911499023438,313.4913330078125,297.61737060546875,730.5594482421875,-1,-1,-1,-1
491,2,751.5326538085938,310.9852600097656,285.40423583984375,714.3062744140625,-1,-1,-1,-1
492,2,743.3388671875,345.0645751953125,282.44482421875,661.7198486328125,-1,-1,-1,-1
493,2,725.4797973632812,443.0401306152344,269.89361572265625,603.7025146484375,-1,-1,-1,-1
494,2,724.39013671875,517.4950561523438,240.6630859375,559.8120727539062,-1,-1,-1,-1
495,2,719.9356079101562,532.1725463867188,211.99700927734375,547.9950561523438,-1,-1,-1,-1
496,2,707.9131469726562,550.056884765625,187.3944091796875,541.03125,-1,-1,-1,-1
497,2,708.5570678710938,589.4354858398438,169.72503662109375,516.3762817382812,-1,-1,-1,-1
498,2,714.6439819335938,627.2353515625,162.9268798828125,481.6732177734375,-1,-1,-1,-1
499,2,717.4470825195312,641.2796020507812,166.80181884765625,437.12774658203125,-1,-1,-1,-1
500,2,719.2373657226562,654.8250732421875,169.13134765625,394.902099609375,-1,-1,-1,-1
501,2,714.4421997070312,660.2218627929688,169.27569580078125,381.86395263671875,-1,-1,-1,-1
502,2,701.2032470703125,636.0631713867188,165.75006103515625,385.29559326171875,-1,-1,-1,-1
503,2,693.0827026367188,592.8500366210938,163.20953369140625,394.02557373046875,-1,-1,-1,-1
504,2,689.0538330078125,565.8045043945312,159.0068359375,399.25299072265625,-1,-1,-1,-1
505,2,686.7110595703125,567.7325439453125,156.8614501953125,391.5751953125,-1,-1,-1,-1
506,2,682.73681640625,581.86572265625,154.9566650390625,384.292236328125,-1,-1,-1,-1
507,2,686.0348510742188,607.1570434570312,157.865966796875,375.24505615234375,-1,-1,-1,-1
508,2,688.1097412109375,647.44091796875,158.70245361328125,363.3836669921875,-1,-1,-1,-1
509,2,685.303466796875,697.8178100585938,157.81512451171875,350.81231689453125,-1,-1,-1,-1
510,2,682.3733520507812,744.4417724609375,158.7486572265625,343.929931640625,-1,-1,-1,-1
511,2,685.661865234375,752.861083984375,165.64300537109375,339.639404296875,-1,-1,-1,-1
512,2,698.3427734375,735.38623046875,165.92364501953125,346.5439453125,-1,-1,-1,-1
513,2,708.3931274414062,701.0886840820312,164.832275390625,363.51824951171875,-1,-1,-1,-1
514,2,711.78271484375,670.3987426757812,167.75885009765625,381.96197509765625,-1,-1,-1,-1
515,2,705.5066528320312,640.0811157226562,187.58526611328125,401.15960693359375,-1,-1,-1,-1
516,2,701.8819580078125,612.0158081054688,210.4306640625,424.22589111328125,-1,-1,-1,-1
517,2,704.9261474609375,585.513916015625,229.64306640625,445.734375,-1,-1,-1,-1
518,2,700.0015258789062,575.5457153320312,238.78802490234375,451.07769775390625,-1,-1,-1,-1
519,2,685.0626220703125,587.585693359375,247.63671875,446.8204345703125,-1,-1,-1,-1
520,2,680.751953125,596.6055297851562,249.36358642578125,453.96258544921875,-1,-1,-1,-1
521,2,671.6032104492188,605.8489990234375,258.47747802734375,470.7554931640625,-1,-1,-1,-1
522,2,666.6997680664062,608.4609985351562,280.36895751953125,494.92828369140625,-1,-1,-1,-1
523,2,662.1361083984375,605.5076293945312,280.63916015625,542.7650756835938,-1,-1,-1,-1
524,2,653.4382934570312,603.1239624023438,282.67822265625,537.9802856445312,-1,-1,-1,-1
525,2,639.7869262695312,595.2105102539062,400.11114501953125,568.0636596679688,-1,-1,-1,-1
526,2,600.001708984375,602.2135620117188,460.2608642578125,620.5822143554688,-1,-1,-1,-1
527,2,545.4474487304688,601.6051025390625,427.12127685546875,802.8809814453125,-1,-1,-1,-1
528,2,543.0377807617188,616.8367919921875,395.3426513671875,791.7198486328125,-1,-1,-1,-1
529,2,564.9134521484375,669.758544921875,374.04345703125,603.9862060546875,-1,-1,-1,-1
530,2,666.3886108398438,644.791015625,260.886962890625,707.121337890625,-1,-1,-1,-1
531,2,649.1636352539062,639.3274536132812,369.86676025390625,710.2975463867188,-1,-1,-1,-1
532,2,648.7022705078125,639.2467041015625,401.963623046875,690.42578125,-1,-1,-1,-1
533,2,669.9530029296875,605.1307373046875,393.9539794921875,711.8306884765625,-1,-1,-1,-1
534,2,693.3328247070312,634.8442993164062,287.37713623046875,683.6281127929688,-1,-1,-1,-1
535,2,690.147216796875,569.4978637695312,219.7349853515625,717.5399780273438,-1,-1,-1,-1
536,2,687.09716796875,541.0997314453125,201.32330322265625,696.1627197265625,-1,-1,-1,-1
537,2,691.625244140625,539.0517578125,199.70452880859375,636.713134765625,-1,-1,-1,-1
538,2,700.5614624023438,568.8853759765625,226.836181640625,605.8917236328125,-1,-1,-1,-1
539,2,699.123046875,566.4465942382812,275.3922119140625,594.3219604492188,-1,-1,-1,-1
540,2,694.38037109375,545.9658813476562,293.42498779296875,585.2289428710938,-1,-1,-1,-1
541,2,660.9384765625,529.3804321289062,323.037353515625,582.6459350585938,-1,-1,-1,-1
542,2,665.5070190429688,532.71923828125,309.55157470703125,543.0057373046875,-1,-1,-1,-1
543,2,659.4385375976562,535.5924072265625,305.19439697265625,503.488525390625,-1,-1,-1,-1
544,2,668.4392700195312,557.1669311523438,293.18670654296875,472.18206787109375,-1,-1,-1,-1
545,2,671.1354370117188,576.7865600585938,276.6683349609375,444.44354248046875,-1,-1,-1,-1
546,2,693.146240234375,606.476806640625,249.92572021484375,421.6253662109375,-1,-1,-1,-1
547,2,727.6824951171875,626.1508178710938,213.14556884765625,406.41131591796875,-1,-1,-1,-1
548,2,737.880126953125,633.9514770507812,193.13360595703125,393.80609130859375,-1,-1,-1,-1
549,2,738.8720703125,634.375,177.750244140625,377.1148681640625,-1,-1,-1,-1
550,2,736.8682861328125,630.7786865234375,163.30523681640625,360.0509033203125,-1,-1,-1,-1
551,2,738.0225830078125,603.3873901367188,163.57562255859375,345.6397705078125,-1,-1,-1,-1
552,2,735.8312377929688,573.085205078125,172.05810546875,346.2391357421875,-1,-1,-1,-1
553,2,729.6242065429688,553.2702026367188,183.755126953125,358.84759521484375,-1,-1,-1,-1
554,2,715.7514038085938,537.3637084960938,189.6954345703125,368.2611083984375,-1,-1,-1,-1
555,2,694.919921875,527.1737670898438,202.67236328125,372.00079345703125,-1,-1,-1,-1
556,2,691.50146484375,524.287353515625,200.5535888671875,372.1434326171875,-1,-1,-1,-1
557,2,680.5036010742188,528.6524047851562,207.44573974609375,370.57891845703125,-1,-1,-1,-1
558,2,669.8785400390625,533.5205078125,221.77130126953125,368.191162109375,-1,-1,-1,-1
559,2,672.8462524414062,552.6691284179688,226.05755615234375,366.02734375,-1,-1,-1,-1
560,2,678.206298828125,579.6442260742188,231.16546630859375,366.4005126953125,-1,-1,-1,-1
561,2,674.8060302734375,578.0508422851562,245.83831787109375,371.27532958984375,-1,-1,-1,-1
562,2,690.4189453125,532.5451049804688,243.1607666015625,392.10675048828125,-1,-1,-1,-1
563,2,700.49609375,507.18359375,232.99365234375,428.8375244140625,-1,-1,-1,-1
564,2,701.093505859375,482.2332458496094,231.3875732421875,466.6301574707031,-1,-1,-1,-1
565,2,701.822265625,467.4688415527344,219.22222900390625,503.2795104980469,-1,-1,-1,-1
566,2,702.4749145507812,464.5220031738281,205.57257080078125,540.704833984375,-1,-1,-1,-1
567,2,704.5503540039062,471.5740966796875,193.68194580078125,569.135986328125,-1,-1,-1,-1
568,2,705.770263671875,479.7993469238281,197.0794677734375,590.7313232421875,-1,-1,-1,-1
569,2,702.1878662109375,487.3360900878906,211.97003173828125,603.6572265625,-1,-1,-1,-1
570,2,696.3020629882812,496.33367919921875,232.4195556640625,614.9668579101562,-1,-1,-1,-1
571,2,686.0162353515625,488.8690185546875,260.2874755859375,609.37255859375,-1,-1,-1,-1
572,2,677.8557739257812,493.7948303222656,281.56878662109375,591.1339111328125,-1,-1,-1,-1
573,2,706.7723999023438,517.9635009765625,280.01300048828125,571.3914794921875,-1,-1,-1,-1
574,2,728.1302490234375,529.15478515625,262.7386474609375,559.37890625,-1,-1,-1,-1
575,2,761.236328125,531.9845581054688,241.72357177734375,520.0813598632812,-1,-1,-1,-1
576,2,765.7987060546875,545.3677368164062,257.6859130859375,502.66656494140625,-1,-1,-1,-1
577,2,744.8425903320312,521.8284301757812,281.68780517578125,501.28497314453125,-1,-1,-1,-1
578,2,764.1905517578125,529.3654174804688,289.864990234375,534.4855346679688,-1,-1,-1,-1
579,2,768.7105712890625,542.9111328125,297.1038818359375,547.3990478515625,-1,-1,-1,-1
580,2,747.4703979492188,541.7625732421875,381.67388916015625,566.7464599609375,-1,-1,-1,-1
581,2,745.7573852539062,510.70892333984375,500.37554931640625,634.5188598632812,-1,-1,-1,-1
582,2,777.7029418945312,498.7041015625,508.29779052734375,695.6126708984375,-1,-1,-1,-1
583,2,747.890869140625,477.47052001953125,466.252197265625,739.5057983398438,-1,-1,-1,-1
584,2,808.302978515625,445.6344909667969,340.7198486328125,552.4898681640625,-1,-1,-1,-1
585,2,813.4609375,412.91094970703125,256.4541015625,668.8460083007812,-1,-1,-1,-1
586,2,807.3079833984375,428.873779296875,264.4891357421875,762.091552734375,-1,-1,-1,-1
587,2,770.9713134765625,414.846435546875,312.547607421875,794.097900390625,-1,-1,-1,-1
588,2,700.55078125,482.8824462890625,383.197509765625,702.9814453125,-1,-1,-1,-1
589,2,647.5098266601562,573.8950805664062,462.52459716796875,592.5016479492188,-1,-1,-1,-1
590,2,660.1655883789062,626.76123046875,446.19024658203125,517.99267578125,-1,-1,-1,-1
591,2,703.1306762695312,632.7777099609375,403.89495849609375,478.6158447265625,-1,-1,-1,-1
592,2,798.9885864257812,610.9932861328125,383.97625732421875,504.1278076171875,-1,-1,-1,-1
593,2,980.68017578125,588.6652221679688,366.62060546875,509.33306884765625,-1,-1,-1,-1
594,2,793.323974609375,252.4525604248047,228.5361328125,383.82171630859375,-1,-1,-1,-1
595,2,1141.7239990234375,294.92034912109375,126.21875,323.63330078125,-1,-1,-1,-1
32,3,670.233154296875,2.139636993408203,110.75933837890625,273.1316223144531,-1,-1,-1,-1
33,3,629.7392578125,6.208890914916992,126.36572265625,238.7162628173828,-1,-1,-1,-1
34,3,507.65911865234375,18.137104034423828,186.99639892578125,240.6581573486328,-1,-1,-1,-1
35,3,484.1192321777344,-1.0647869110107422,231.94326782226562,538.8536987304688,-1,-1,-1,-1
36,3,455.4109802246094,2.883281707763672,264.1407775878906,592.1187133789062,-1,-1,-1,-1
37,3,425.8170166015625,15.38735580444336,274.157470703125,648.45361328125,-1,-1,-1,-1
41,4,1112.8673095703125,144.55665588378906,219.8121337890625,350.15191650390625,-1,-1,-1,-1
42,4,1112.278076171875,155.04721069335938,217.91748046875,351.3569030761719,-1,-1,-1,-1
43,4,1113.4462890625,166.76864624023438,215.7427978515625,354.1716613769531,-1,-1,-1,-1
44,4,1104.841064453125,174.24688720703125,210.221435546875,357.3038330078125,-1,-1,-1,-1
45,4,1101.3486328125,180.36520385742188,210.783447265625,364.9555358886719,-1,-1,-1,-1
46,4,1101.5169677734375,189.20523071289062,208.4805908203125,372.2853088378906,-1,-1,-1,-1
47,4,1094.5321044921875,208.7791290283203,206.2728271484375,378.47528076171875,-1,-1,-1,-1
48,4,1082.0455322265625,227.34515380859375,203.201416015625,386.97552490234375,-1,-1,-1,-1
49,4,1066.711669921875,244.37384033203125,201.20068359375,392.55657958984375,-1,-1,-1,-1
50,4,1049.471435546875,267.6004638671875,198.1920166015625,392.3253173828125,-1,-1,-1,-1
51,4,1038.9425048828125,271.8367004394531,194.0247802734375,396.0432434082031,-1,-1,-1,-1
52,4,1024.8764038085938,266.0257873535156,195.70965576171875,397.3921813964844,-1,-1,-1,-1
53,4,1015.2408447265625,261.14862060546875,193.4390869140625,399.9503173828125,-1,-1,-1,-1
54,4,993.6223754882812,260.54638671875,197.05316162109375,398.84710693359375,-1,-1,-1,-1
55,4,968.6090698242188,260.6351318359375,195.22296142578125,391.921875,-1,-1,-1,-1
56,4,940.2169799804688,258.1930847167969,194.07659912109375,385.4042663574219,-1,-1,-1,-1
57,4,919.0152587890625,252.72413635253906,193.3116455078125,386.0517578125,-1,-1,-1,-1
58,4,913.9278564453125,256.3815612792969,193.791015625,383.6029968261719,-1,-1,-1,-1
59,4,926.6241455078125,260.7196044921875,196.88818359375,384.822998046875,-1,-1,-1,-1
60,4,947.0552368164062,273.10443115234375,205.91632080078125,386.778076171875,-1,-1,-1,-1
61,4,985.3638916015625,291.55035400390625,211.6793212890625,390.58502197265625,-1,-1,-1,-1
62,4,1034.4444580078125,305.2636413574219,220.15966796875,399.4638977050781,-1,-1,-1,-1
63,4,1084.416015625,313.15911865234375,229.0521240234375,413.20806884765625,-1,-1,-1,-1
64,4,1130.6962890625,324.6424560546875,231.08349609375,420.4625244140625,-1,-1,-1,-1
65,4,1174.2034912109375,337.2711486816406,228.2294921875,427.6911926269531,-1,-1,-1,-1
66,4,1199.66015625,350.36376953125,207.3201904296875,433.6468505859375,-1,-1,-1,-1
67,4,1222.423095703125,326.59967041015625,184.093017578125,486.99188232421875,-1,-1,-1,-1
68,4,1241.970458984375,323.6510925292969,163.487548828125,516.293212890625,-1,-1,-1,-1
69,4,1262.534423828125,331.37384033203125,141.375,522.3799438476562,-1,-1,-1,-1
70,4,1255.3729248046875,348.36785888671875,149.838623046875,514.6148681640625,-1,-1,-1,-1
71,4,1260.5491943359375,377.81365966796875,146.9649658203125,499.0777587890625,-1,-1,-1,-1
72,4,1267.5672607421875,386.31109619140625,138.3822021484375,506.0474853515625,-1,-1,-1,-1
73,4,1265.131103515625,415.91522216796875,141.6361083984375,506.3426513671875,-1,-1,-1,-1
74,4,1263.6986083984375,451.66766357421875,145.6695556640625,499.95196533203125,-1,-1,-1,-1
47,5,386.02001953125,150.80882263183594,98.09475708007812,265.7794189453125,-1,-1,-1,-1
48,5,377.89837646484375,193.59471130371094,105.4970703125,277.4324951171875,-1,-1,-1,-1
49,5,366.5075988769531,239.82846069335938,106.58688354492188,269.16375732421875,-1,-1,-1,-1
50,5,357.0727233886719,290.15972900390625,105.26382446289062,264.339599609375,-1,-1,-1,-1
51,5,343.668701171875,312.8242492675781,108.68807983398438,263.6318054199219,-1,-1,-1,-1
52,5,326.46905517578125,318.6474609375,111.42550659179688,265.37274169921875,-1,-1,-1,-1
53,5,306.4677429199219,321.2414245605469,117.17465209960938,271.8769836425781,-1,-1,-1,-1
54,5,281.6645812988281,329.10101318359375,126.31109619140625,273.43701171875,-1,-1,-1,-1
55,5,245.99380493164062,336.3578186035156,133.59524536132812,280.3047180175781,-1,-1,-1,-1
56,5,204.81129455566406,342.7935485839844,139.9364776611328,288.2299499511719,-1,-1,-1,-1
57,5,172.8490753173828,347.9427490234375,150.34107971191406,297.60528564453125,-1,-1,-1,-1
58,5,158.64527893066406,353.662109375,151.68421936035156,300.92626953125,-1,-1,-1,-1
59,5,162.63006591796875,357.8634033203125,151.51544189453125,304.103759765625,-1,-1,-1,-1
60,5,181.02517700195312,372.05072021484375,148.00271606445312,302.0545654296875,-1,-1,-1,-1
61,5,218.11248779296875,390.7283935546875,148.98690795898438,298.2041015625,-1,-1,-1,-1
62,5,261.6666564941406,403.2546081542969,155.13616943359375,290.9279479980469,-1,-1,-1,-1
63,5,303.1143798828125,403.5653076171875,157.30828857421875,288.9564208984375,-1,-1,-1,-1
64,5,334.9986877441406,402.93341064453125,154.701416015625,290.49383544921875,-1,-1,-1,-1
65,5,361.2808837890625,401.0740661621094,150.73074340820312,292.0545349121094,-1,-1,-1,-1
66,5,376.2367858886719,394.1678466796875,149.21340942382812,294.66839599609375,-1,-1,-1,-1
67,5,384.3396911621094,395.43878173828125,149.25015258789062,298.3939208984375,-1,-1,-1,-1
68,5,384.6203308105469,403.5915832519531,149.58706665039062,301.5373229980469,-1,-1,-1,-1
69,5,379.5050964355469,411.87457275390625,152.07986450195312,301.62152099609375,-1,-1,-1,-1
70,5,368.88836669921875,418.46746826171875,155.79132080078125,304.81689453125,-1,-1,-1,-1
71,5,359.2598876953125,425.3484191894531,157.37017822265625,304.7225036621094,-1,-1,-1,-1
72,5,351.1649475097656,438.8162841796875,156.50991821289062,307.98992919921875,-1,-1,-1,-1
73,5,347.456787109375,452.7020263671875,153.13449096679688,308.400390625,-1,-1,-1,-1
74,5,348.3177185058594,461.8536071777344,146.31576538085938,308.7193908691406,-1,-1,-1,-1
75,5,354.12725830078125,461.368896484375,136.64572143554688,313.9952392578125,-1,-1,-1,-1
76,5,355.4534912109375,460.666748046875,137.1500244140625,319.6912841796875,-1,-1,-1,-1
77,5,367.5345458984375,464.8811950683594,129.83895874023438,322.3439025878906,-1,-1,-1,-1
78,5,374.5025939941406,471.3426513671875,128.87356567382812,326.61676025390625,-1,-1,-1,-1
79,5,382.9595031738281,477.4324645996094,127.77114868164062,326.1451721191406,-1,-1,-1,-1
80,5,389.5387878417969,469.8456726074219,127.37588500976562,328.7416687011719,-1,-1,-1,-1
81,5,393.71478271484375,465.9459533691406,129.57904052734375,329.3462829589844,-1,-1,-1,-1
82,5,391.61328125,470.7148132324219,134.9765625,331.4469299316406,-1,-1,-1,-1
83,5,387.44830322265625,485.042724609375,137.54278564453125,332.10400390625,-1,-1,-1,-1
84,5,374.33990478515625,499.6526794433594,150.408447265625,333.4374694824219,-1,-1,-1,-1
85,5,370.6313781738281,509.9662780761719,146.98361206054688,335.6420593261719,-1,-1,-1,-1
86,5,356.61181640625,520.5989990234375,151.56576538085938,335.46392822265625,-1,-1,-1,-1
87,5,369.89923095703125,539.1361083984375,139.8040771484375,333.887451171875,-1,-1,-1,-1
88,5,366.3328552246094,554.8480224609375,145.165771484375,333.50482177734375,-1,-1,-1,-1
89,5,367.5241394042969,565.8829345703125,145.68679809570312,331.23223876953125,-1,-1,-1,-1
90,5,370.65423583984375,567.8366088867188,142.89892578125,329.707275390625,-1,-1,-1,-1
91,5,375.1380615234375,559.3867797851562,138.40884399414062,327.98370361328125,-1,-1,-1,-1
92,5,369.6571960449219,542.8589477539062,137.00918579101562,325.03875732421875,-1,-1,-1,-1
93,5,362.97186279296875,514.7769165039062,137.18374633789062,329.11944580078125,-1,-1,-1,-1
94,5,358.9564514160156,491.73455810546875,137.6790771484375,331.8031005859375,-1,-1,-1,-1
95,5,352.337890625,477.24371337890625,137.43719482421875,335.5711669921875,-1,-1,-1,-1
96,5,341.86016845703125,472.3345031738281,138.39190673828125,338.8037414550781,-1,-1,-1,-1
97,5,334.8832092285156,472.6235656738281,139.43716430664062,344.7335510253906,-1,-1,-1,-1
98,5,326.4883728027344,466.37261962890625,141.5711669921875,346.529541015625,-1,-1,-1,-1
99,5,322.9311828613281,451.9619140625,142.47109985351562,345.5465087890625,-1,-1,-1,-1
100,5,320.31781005859375,458.3926086425781,148.0869140625,344.8000793457031,-1,-1,-1,-1
101,5,316.2657470703125,484.0297546386719,153.90396118164062,344.0600891113281,-1,-1,-1,-1
102,5,311.60125732421875,505.1675720214844,160.87677001953125,346.1249084472656,-1,-1,-1,-1
103,5,307.0757141113281,513.1859741210938,166.92886352539062,346.37835693359375,-1,-1,-1,-1
104,5,310.47796630859375,509.823974609375,173.114990234375,347.75299072265625,-1,-1,-1,-1
105,5,315.822265625,515.8896484375,176.1231689453125,348.8194580078125,-1,-1,-1,-1
106,5,319.473876953125,527.5651245117188,184.0511474609375,348.76214599609375,-1,-1,-1,-1
107,5,325.73211669921875,537.2069702148438,188.1539306640625,351.722900390625,-1,-1,-1,-1
108,5,327.0301818847656,544.9492797851562,196.69094848632812,352.48907470703125,-1,-1,-1,-1
109,5,331.0435791015625,546.8812255859375,202.7154541015625,353.82342529296875,-1,-1,-1,-1
110,5,337.47589111328125,540.6640625,207.285400390625,355.165771484375,-1,-1,-1,-1
111,5,343.7231140136719,538.4619140625,208.18655395507812,355.7154541015625,-1,-1,-1,-1
112,5,350.53173828125,542.3985595703125,210.65948486328125,354.4906005859375,-1,-1,-1,-1
113,5,355.7203674316406,545.5734252929688,210.88357543945312,355.9049072265625,-1,-1,-1,-1
114,5,358.6495361328125,547.6069946289062,210.86419677734375,356.99993896484375,-1,-1,-1,-1
115,5,366.8127746582031,547.2999267578125,205.77401733398438,356.08917236328125,-1,-1,-1,-1
116,5,376.6819152832031,538.802734375,199.55331420898438,357.9744873046875,-1,-1,-1,-1
117,5,385.15216064453125,529.318603515625,191.33282470703125,359.0362548828125,-1,-1,-1,-1
118,5,395.259521484375,523.1969604492188,185.2012939453125,357.31951904296875,-1,-1,-1,-1
119,5,405.9580993652344,519.0783081054688,181.68838500976562,358.7093505859375,-1,-1,-1,-1
120,5,419.5751953125,516.2645263671875,179.02886962890625,358.19561767578125,-1,-1,-1,-1
121,5,436.2384033203125,514.4901733398438,173.72076416015625,354.52252197265625,-1,-1,-1,-1
122,5,454.4676818847656,512.51220703125,164.46603393554688,353.27447509765625,-1,-1,-1,-1
123,5,476.1996765136719,511.32672119140625,163.35757446289062,349.9949951171875,-1,-1,-1,-1
124,5,499.4249267578125,511.00347900390625,158.14410400390625,346.79083251953125,-1,-1,-1,-1
125,5,522.841552734375,511.09912109375,153.31390380859375,342.309814453125,-1,-1,-1,-1
126,5,545.7828979492188,511.5409240722656,147.59832763671875,338.7362976074219,-1,-1,-1,-1
127,5,567.3463134765625,520.3784790039062,144.0970458984375,333.548583984375,-1,-1,-1,-1
128,5,583.9100952148438,532.6669921875,143.255615234375,330.96673583984375,-1,-1,-1,-1
129,5,598.760498046875,546.4309692382812,133.530517578125,327.48077392578125,-1,-1,-1,-1
130,5,617.3248291015625,557.1758422851562,130.01202392578125,326.83990478515625,-1,-1,-1,-1
131,5,637.8330688476562,568.0527954101562,132.53570556640625,325.57366943359375,-1,-1,-1,-1
132,5,658.5060424804688,575.8291625976562,128.54437255859375,325.82427978515625,-1,-1,-1,-1
133,5,676.6652221679688,580.2257080078125,124.83441162109375,329.29583740234375,-1,-1,-1,-1
134,5,690.0311279296875,587.020751953125,118.412841796875,332.5948486328125,-1,-1,-1,-1
135,5,698.97265625,588.650634765625,121.11224365234375,325.15423583984375,-1,-1,-1,-1
136,5,708.2644653320312,583.7671508789062,136.827392578125,339.87860107421875,-1,-1,-1,-1
137,5,711.539306640625,554.940185546875,154.534912109375,358.7626953125,-1,-1,-1,-1
138,5,725.3374633789062,571.6024780273438,152.92626953125,340.66815185546875,-1,-1,-1,-1
139,5,739.6702270507812,583.0933837890625,123.3978271484375,340.2119140625,-1,-1,-1,-1
140,5,742.535888671875,589.282958984375,125.23388671875,341.41094970703125,-1,-1,-1,-1
141,5,739.6372680664062,573.4994506835938,126.60858154296875,350.94091796875,-1,-1,-1,-1
142,5,734.17236328125,543.7005004882812,132.396240234375,371.585693359375,-1,-1,-1,-1
143,5,710.4940185546875,524.9290161132812,152.27606201171875,381.7926025390625,-1,-1,-1,-1
144,5,683.4868774414062,529.7626342773438,149.8433837890625,386.79962158203125,-1,-1,-1,-1
145,5,657.59814453125,534.4017944335938,142.4100341796875,379.6728515625,-1,-1,-1,-1
146,5,636.0220947265625,547.974365234375,140.3831787109375,356.003173828125,-1,-1,-1,-1
147,5,615.37646484375,561.6749877929688,148.3797607421875,350.07733154296875,-1,-1,-1,-1
148,5,591.686279296875,561.1981201171875,148.6602783203125,349.38812255859375,-1,-1,-1,-1
149,5,560.9848022460938,559.3717041015625,148.8006591796875,350.1600341796875,-1,-1,-1,-1
150,5,528.5826416015625,567.7069702148438,148.20703125,351.47674560546875,-1,-1,-1,-1
151,5,497.3939208984375,571.874267578125,154.13482666015625,355.25213623046875,-1,-1,-1,-1
152,5,454.743408203125,573.8333740234375,162.57080078125,358.02667236328125,-1,-1,-1,-1
153,5,402.4503479003906,580.9730224609375,173.71609497070312,363.6571044921875,-1,-1,-1,-1
154,5,363.51776123046875,605.087890625,181.20770263671875,368.35113525390625,-1,-1,-1,-1
155,5,334.93719482421875,611.896728515625,187.54705810546875,372.676025390625,-1,-1,-1,-1
156,5,306.0716247558594,612.9568481445312,190.51611328125,376.09173583984375,-1,-1,-1,-1
157,5,295.71624755859375,607.0818481445312,185.65673828125,377.63116455078125,-1,-1,-1,-1
158,5,284.30352783203125,609.6853637695312,179.40911865234375,377.63018798828125,-1,-1,-1,-1
159,5,267.3860778808594,607.5931396484375,181.24264526367188,380.5157470703125,-1,-1,-1,-1
160,5,243.56216430664062,607.2467041015625,184.06802368164062,384.0859375,-1,-1,-1,-1
161,5,217.45159912109375,614.3551635742188,189.08221435546875,391.2703857421875,-1,-1,-1,-1
162,5,187.69944763183594,620.7344360351562,194.3092803955078,397.2255859375,-1,-1,-1,-1
163,5,154.03707885742188,633.1500244140625,201.23159790039062,409.5572509765625,-1,-1,-1,-1
164,5,118.62203216552734,652.4486083984375,206.90341186523438,425.074462890625,-1,-1,-1,-1
165,5,84.716796875,677.9498901367188,213.36639404296875,441.34625244140625,-1,-1,-1,-1
166,5,59.77891159057617,699.2931518554688,214.1338348388672,452.96539306640625,-1,-1,-1,-1
167,5,37.57244873046875,712.9879150390625,219.58578491210938,457.255615234375,-1,-1,-1,-1
168,5,20.662662506103516,718.7532958984375,220.4925537109375,453.734375,-1,-1,-1,-1
169,5,5.816717147827148,718.8349609375,212.40919494628906,462.4088134765625,-1,-1,-1,-1
170,5,2.5759544372558594,712.395751953125,193.96694946289062,464.6058349609375,-1,-1,-1,-1
171,5,2.664126396179199,706.052001953125,170.3991241455078,466.4405517578125,-1,-1,-1,-1
172,5,1.2623443603515625,692.3184814453125,158.50502014160156,486.87255859375,-1,-1,-1,-1
173,5,3.0182619094848633,713.9717407226562,129.05691528320312,445.16998291015625,-1,-1,-1,-1
174,5,3.1465964317321777,795.3279418945312,112.260498046875,230.1129150390625,-1,-1,-1,-1
175,5,2.9819178581237793,796.555908203125,104.61695098876953,233.6002197265625,-1,-1,-1,-1
176,5,2.432720899581909,786.7874755859375,84.5748291015625,236.9002685546875,-1,-1,-1,-1
178,6,1300.4427490234375,524.8433837890625,108.450439453125,505.1165771484375,-1,-1,-1,-1
179,6,1297.325439453125,519.3038940429688,111.6190185546875,507.10235595703125,-1,-1,-1,-1
180,6,1308.9403076171875,521.8521118164062,101.1446533203125,511.79046630859375,-1,-1,-1,-1
181,6,1318.818115234375,529.00634765625,92.9073486328125,511.8863525390625,-1,-1,-1,-1
182,6,1319.5858154296875,562.1572875976562,90.8209228515625,479.27337646484375,-1,-1,-1,-1
205,7,3.1610050201416016,614.82470703125,168.73963928222656,566.49365234375,-1,-1,-1,-1
206,7,0.7160348892211914,658.548583984375,193.66085815429688,560.5892333984375,-1,-1,-1,-1
207,7,0.9222240447998047,675.9822998046875,201.11380004882812,555.4937744140625,-1,-1,-1,-1
208,7,1.580571174621582,657.6079711914062,202.4680633544922,564.7694702148438,-1,-1,-1,-1
209,7,1.8948640823364258,657.223388671875,199.09555053710938,557.15673828125,-1,-1,-1,-1
210,7,2.7002763748168945,643.5645751953125,192.2855682373047,555.517578125,-1,-1,-1,-1
211,7,2.7008743286132812,635.8218994140625,191.18521118164062,552.1690673828125,-1,-1,-1,-1
212,7,2.1953725814819336,614.7951049804688,195.38314819335938,557.4867553710938,-1,-1,-1,-1
213,7,2.854170799255371,599.5802612304688,210.00389099121094,553.3615112304688,-1,-1,-1,-1
214,7,2.8224897384643555,618.8302001953125,222.07302856445312,545.4874267578125,-1,-1,-1,-1
215,7,3.7487306594848633,661.3351440429688,233.15684509277344,535.9119262695312,-1,-1,-1,-1
216,7,5.8855133056640625,686.1885986328125,237.0494384765625,530.297119140625,-1,-1,-1,-1
217,7,10.333471298217773,690.7149658203125,244.82801818847656,530.692138671875,-1,-1,-1,-1
218,7,5.746840476989746,705.9309692382812,255.5598602294922,530.4755249023438,-1,-1,-1,-1
219,7,5.06882381439209,682.7640991210938,240.79977416992188,536.3106079101562,-1,-1,-1,-1
220,7,6.00765323638916,670.326416015625,232.9464111328125,540.8465576171875,-1,-1,-1,-1
221,7,11.929305076599121,623.4796142578125,227.4686279296875,549.9493408203125,-1,-1,-1,-1
222,7,17.886646270751953,587.3208618164062,243.12879943847656,550.7022094726562,-1,-1,-1,-1
223,7,24.998371124267578,563.5234375,251.04432678222656,545.6324462890625,-1,-1,-1,-1
224,7,35.174495697021484,549.7721557617188,251.30926513671875,542.1283569335938,-1,-1,-1,-1
225,7,45.3671760559082,544.8538818359375,252.91905212402344,528.689697265625,-1,-1,-1,-1
226,7,51.681915283203125,543.6376342773438,250.78347778320312,519.7350463867188,-1,-1,-1,-1
227,7,55.472415924072266,544.67724609375,251.9022216796875,512.0689697265625,-1,-1,-1,-1
228,7,58.515926361083984,543.0514526367188,251.70462036132812,504.09234619140625,-1,-1,-1,-1
229,7,63.65437316894531,536.7974243164062,249.54588317871094,497.83282470703125,-1,-1,-1,-1
230,7,67.6742935180664,530.3758544921875,250.38668823242188,492.62646484375,-1,-1,-1,-1
231,7,71.86626434326172,526.5144653320312,252.58160400390625,490.05218505859375,-1,-1,-1,-1
232,7,72.6871566772461,528.6781616210938,254.12997436523438,487.61956787109375,-1,-1,-1,-1
233,7,68.84107971191406,539.911376953125,256.7742156982422,486.3194580078125,-1,-1,-1,-1
234,7,62.84235382080078,544.7745361328125,259.2992248535156,484.8995361328125,-1,-1,-1,-1
235,7,52.579872131347656,534.766357421875,261.669677734375,487.8153076171875,-1,-1,-1,-1
236,7,37.458396911621094,520.7625122070312,263.78948974609375,492.4873046875,-1,-1,-1,-1
237,7,24.753620147705078,520.3203125,266.9696350097656,500.787353515625,-1,-1,-1,-1
238,7,15.206647872924805,516.6534423828125,268.1828918457031,507.153076171875,-1,-1,-1,-1
239,7,13.67934799194336,499.5121154785156,270.4458312988281,507.9969787597656,-1,-1,-1,-1
240,7,19.607608795166016,502.78253173828125,268.4884338378906,499.71710205078125,-1,-1,-1,-1
241,7,28.002094268798828,515.546142578125,268.5375671386719,491.6500244140625,-1,-1,-1,-1
242,7,41.36186981201172,534.6468505859375,263.4673156738281,481.1583251953125,-1,-1,-1,-1
243,7,56.634029388427734,546.9708251953125,254.5198974609375,471.064697265625,-1,-1,-1,-1
244,7,68.42723083496094,551.8877563476562,248.0635223388672,461.03582763671875,-1,-1,-1,-1
245,7,76.08586883544922,567.18798828125,243.13162231445312,451.71783447265625,-1,-1,-1,-1
246,7,81.93135070800781,577.9290771484375,237.5674285888672,445.72906494140625,-1,-1,-1,-1
247,7,80.9434814453125,576.3365478515625,234.7252197265625,437.986328125,-1,-1,-1,-1
248,7,74.03076171875,577.4625244140625,231.86764526367188,438.330078125,-1,-1,-1,-1
249,7,63.735023498535156,590.602783203125,230.90451049804688,437.1177978515625,-1,-1,-1,-1
250,7,47.37344741821289,597.8065795898438,234.60443115234375,438.62054443359375,-1,-1,-1,-1
251,7,38.23148727416992,599.6798706054688,236.1630401611328,440.52105712890625,-1,-1,-1,-1
252,7,34.48263168334961,595.9392700195312,237.1409912109375,441.21246337890625,-1,-1,-1,-1
253,7,28.10658836364746,582.572998046875,233.05348205566406,443.6785888671875,-1,-1,-1,-1
254,7,13.984126091003418,576.8265380859375,230.18215942382812,449.36767578125,-1,-1,-1,-1
255,7,9.686789512634277,575.6563720703125,225.97186279296875,457.1329345703125,-1,-1,-1,-1
256,7,8.50901985168457,574.8623657226562,221.78712463378906,458.20965576171875,-1,-1,-1,-1
257,7,7.724326133728027,570.853515625,221.9105224609375,461.8568115234375,-1,-1,-1,-1
258,7,10.082456588745117,566.7919921875,221.9305419921875,459.606689453125,-1,-1,-1,-1
259,7,18.01472282409668,560.6697998046875,221.53817749023438,457.31573486328125,-1,-1,-1,-1
260,7,36.22294998168945,556.156494140625,217.4857635498047,451.1070556640625,-1,-1,-1,-1
261,7,55.4017333984375,558.7703247070312,209.43048095703125,444.38409423828125,-1,-1,-1,-1
262,7,69.51138305664062,557.8453979492188,205.37966918945312,434.74835205078125,-1,-1,-1,-1
263,7,83.7120132446289,558.4133911132812,198.59109497070312,429.48870849609375,-1,-1,-1,-1
264,7,93.79646301269531,558.4423217773438,193.66148376464844,424.11444091796875,-1,-1,-1,-1
265,7,101.04277038574219,558.843994140625,190.2396697998047,420.51983642578125,-1,-1,-1,-1
266,7,101.56455993652344,563.929931640625,189.05848693847656,416.7724609375,-1,-1,-1,-1
267,7,102.52268981933594,561.7415771484375,188.59397888183594,413.76776123046875,-1,-1,-1,-1
268,7,102.25862121582031,557.3717041015625,188.0279083251953,411.72467041015625,-1,-1,-1,-1
269,7,100.7812728881836,553.3886108398438,189.58712768554688,411.8712158203125,-1,-1,-1,-1
270,7,98.87324523925781,556.4063720703125,188.6409149169922,410.05743408203125,-1,-1,-1,-1
271,7,98.0229263305664,556.0687866210938,189.19915771484375,409.77984619140625,-1,-1,-1,-1
272,7,96.93052673339844,552.1849365234375,189.0916290283203,407.60723876953125,-1,-1,-1,-1
273,7,90.63156127929688,546.1951293945312,190.27420043945312,404.650146484375,-1,-1,-1,-1
274,7,89.25640869140625,541.6918334960938,189.53005981445312,402.01507568359375,-1,-1,-1,-1
275,7,94.27564239501953,545.4495849609375,188.82260131835938,396.61224365234375,-1,-1,-1,-1
276,7,98.0596923828125,548.868408203125,188.235107421875,391.17626953125,-1,-1,-1,-1
277,7,100.63323974609375,557.9371948242188,186.5992431640625,385.33697509765625,-1,-1,-1,-1
278,7,111.79588317871094,577.1243896484375,182.5846710205078,380.12713623046875,-1,-1,-1,-1
279,7,129.6843719482422,599.5902099609375,175.67393493652344,370.60626220703125,-1,-1,-1,-1
280,7,150.65663146972656,616.0316162109375,168.1455535888672,362.94610595703125,-1,-1,-1,-1
281,7,174.95184326171875,622.2903442382812,158.97113037109375,353.609619140625,-1,-1,-1,-1
282,7,204.86427307128906,605.6077880859375,149.48460388183594,343.84375,-1,-1,-1,-1
283,7,229.14346313476562,592.624755859375,145.74429321289062,336.51885986328125,-1,-1,-1,-1
284,7,253.41232299804688,593.9255981445312,140.57769775390625,329.61358642578125,-1,-1,-1,-1
285,7,271.4945373535156,600.1929321289062,138.84521484375,326.6986083984375,-1,-1,-1,-1
286,7,286.1452331542969,600.7921142578125,133.79367065429688,323.75238037109375,-1,-1,-1,-1
287,7,298.8665771484375,604.1549682617188,128.78311157226562,320.636474609375,-1,-1,-1,-1
288,7,311.9544982910156,602.4348754882812,124.3568115234375,318.29632568359375,-1,-1,-1,-1
289,7,319.052490234375,600.4125366210938,124.68719482421875,315.63885498046875,-1,-1,-1,-1
290,7,326.0938720703125,601.7232666015625,120.20724487304688,313.4808349609375,-1,-1,-1,-1
291,7,332.9155578613281,609.9410400390625,121.14691162109375,310.2120361328125,-1,-1,-1,-1
292,7,343.5468444824219,615.6474609375,119.23043823242188,308.581787109375,-1,-1,-1,-1
293,7,348.6789245605469,619.2132568359375,117.5465087890625,308.89227294921875,-1,-1,-1,-1
294,7,344.5196838378906,612.5892333984375,118.01150512695312,310.6865234375,-1,-1,-1,-1
295,7,340.5002136230469,607.5028076171875,118.90902709960938,312.573486328125,-1,-1,-1,-1
296,7,338.4465637207031,608.64013671875,121.2740478515625,317.158203125,-1,-1,-1,-1
297,7,337.9549255371094,611.1461181640625,122.24102783203125,320.66412353515625,-1,-1,-1,-1
298,7,337.0069274902344,617.43408203125,125.21267700195312,323.671142578125,-1,-1,-1,-1
299,7,329.56231689453125,638.336669921875,128.51260375976562,329.7095947265625,-1,-1,-1,-1
300,7,320.28289794921875,663.72265625,132.28564453125,339.24664306640625,-1,-1,-1,-1
301,7,308.9747314453125,673.044189453125,136.83059692382812,344.2357177734375,-1,-1,-1,-1
302,7,300.82440185546875,679.4806518554688,142.24465942382812,349.84942626953125,-1,-1,-1,-1
303,7,289.90655517578125,695.2147216796875,148.8489990234375,354.427734375,-1,-1,-1,-1
304,7,282.734375,705.0982055664062,153.4075927734375,359.68194580078125,-1,-1,-1,-1
305,7,275.6689147949219,701.3140869140625,156.8592529296875,364.2994384765625,-1,-1,-1,-1
306,7,263.9634094238281,695.971435546875,161.22439575195312,368.288330078125,-1,-1,-1,-1
307,7,250.42115783691406,690.0431518554688,164.7321014404297,371.84869384765625,-1,-1,-1,-1
308,7,237.79177856445312,681.0615234375,167.58740234375,375.6094970703125,-1,-1,-1,-1
309,7,226.2484130859375,671.0346069335938,172.02716064453125,382.25970458984375,-1,-1,-1,-1
310,7,213.1836700439453,664.224853515625,177.78627014160156,387.6474609375,-1,-1,-1,-1
311,7,203.24359130859375,661.0745849609375,181.59701538085938,392.658935546875,-1,-1,-1,-1
312,7,193.0109100341797,659.8707885742188,187.64698791503906,400.59210205078125,-1,-1,-1,-1
313,7,183.86929321289062,656.4815673828125,193.84445190429688,407.8291015625,-1,-1,-1,-1
314,7,176.4357147216797,660.202880859375,199.4230499267578,416.69140625,-1,-1,-1,-1
315,7,159.67974853515625,667.0840454101562,213.33349609375,429.15606689453125,-1,-1,-1,-1
316,7,135.9772491455078,669.8047485351562,221.03358459472656,442.29998779296875,-1,-1,-1,-1
317,7,112.69718933105469,673.218994140625,231.00343322753906,456.142578125,-1,-1,-1,-1
318,7,86.97515869140625,672.8163452148438,241.35430908203125,468.22821044921875,-1,-1,-1,-1
319,7,67.81109619140625,672.83740234375,249.14852905273438,477.328369140625,-1,-1,-1,-1
320,7,55.114471435546875,673.6615600585938,247.91656494140625,485.36529541015625,-1,-1,-1,-1
321,7,38.097965240478516,672.3663940429688,260.172119140625,494.00701904296875,-1,-1,-1,-1
322,7,20.73282241821289,672.9598999023438,268.6275939941406,503.59185791015625,-1,-1,-1,-1
323,7,9.072921752929688,678.3761596679688,257.62542724609375,515.3129272460938,-1,-1,-1,-1
324,7,1.9787979125976562,682.626708984375,258.4837951660156,523.0484619140625,-1,-1,-1,-1
325,7,1.855661392211914,682.6149291992188,234.4378662109375,535.8630981445312,-1,-1,-1,-1
326,7,1.630253791809082,670.265380859375,214.11717224121094,549.1868896484375,-1,-1,-1,-1
327,7,1.3150482177734375,652.893310546875,200.3518829345703,550.4246826171875,-1,-1,-1,-1
328,7,1.4115285873413086,639.7733764648438,199.78329467773438,574.3057250976562,-1,-1,-1,-1
329,7,3.484067916870117,628.7529296875,199.6602783203125,601.677490234375,-1,-1,-1,-1
330,7,-0.30011940002441406,717.4853515625,190.79754638671875,325.5081787109375,-1,-1,-1,-1
336,7,28.367464065551758,743.9317016601562,147.66334533691406,276.56024169921875,-1,-1,-1,-1
337,7,33.118526458740234,746.8592529296875,148.40306091308594,284.19091796875,-1,-1,-1,-1
338,7,32.52450752258301,750.9257202148438,160.3719940185547,283.57879638671875,-1,-1,-1,-1
339,7,32.801218032836914,750.6021728515625,171.4193878173828,280.22216796875,-1,-1,-1,-1
221,8,1279.2459716796875,575.3673706054688,128.8009033203125,440.175537109375,-1,-1,-1,-1
222,8,1265.1026611328125,558.078369140625,142.5059814453125,446.937744140625,-1,-1,-1,-1
223,8,1245.9737548828125,534.214599609375,161.7357177734375,429.434814453125,-1,-1,-1,-1
224,8,1228.8453369140625,515.492431640625,178.4163818359375,418.66497802734375,-1,-1,-1,-1
225,8,1219.074462890625,511.3256530761719,180.15234375,405.8200378417969,-1,-1,-1,-1
226,8,1206.0499267578125,505.87969970703125,179.231201171875,399.4307861328125,-1,-1,-1,-1
227,8,1194.8126220703125,500.1517333984375,174.3250732421875,392.283935546875,-1,-1,-1,-1
228,8,1181.318359375,500.3305358886719,173.0484619140625,387.2941589355469,-1,-1,-1,-1
229,8,1166.509765625,501.32965087890625,179.1435546875,383.9508056640625,-1,-1,-1,-1
230,8,1141.451171875,499.25604248046875,198.2945556640625,380.17596435546875,-1,-1,-1,-1
231,8,1119.0440673828125,497.748779296875,217.7451171875,375.9942626953125,-1,-1,-1,-1
232,8,1103.423583984375,499.5674133300781,226.78173828125,373.8608093261719,-1,-1,-1,-1
233,8,1094.2276611328125,504.79803466796875,229.86181640625,374.50775146484375,-1,-1,-1,-1
234,8,1086.2049560546875,502.33221435546875,227.9725341796875,374.56427001953125,-1,-1,-1,-1
235,8,1083.47509765625,495.2850646972656,220.569091796875,374.4123840332031,-1,-1,-1,-1
236,8,1076.8115234375,493.63507080078125,216.4376220703125,374.20135498046875,-1,-1,-1,-1
237,8,1071.476318359375,496.7780456542969,207.8419189453125,375.7752990722656,-1,-1,-1,-1
238,8,1067.9326171875,490.0845031738281,198.8951416015625,376.8001403808594,-1,-1,-1,-1
239,8,1067.5751953125,470.26220703125,195.3800048828125,377.127197265625,-1,-1,-1,-1
240,8,1067.462158203125,459.7630615234375,185.6646728515625,374.28509521484375,-1,-1,-1,-1
241,8,1067.854736328125,467.70599365234375,182.4180908203125,366.1544189453125,-1,-1,-1,-1
242,8,1069.210205078125,481.48956298828125,175.9185791015625,358.2486572265625,-1,-1,-1,-1
243,8,1065.4998779296875,484.65386962890625,175.9715576171875,349.07568359375,-1,-1,-1,-1
244,8,1062.13232421875,484.5958557128906,171.7188720703125,339.5105285644531,-1,-1,-1,-1
245,8,1054.6302490234375,484.7837219238281,164.6441650390625,327.6594543457031,-1,-1,-1,-1
246,8,1044.9815673828125,489.3724060058594,161.7781982421875,320.9411926269531,-1,-1,-1,-1
247,8,1033.0,493.0282287597656,166.7227783203125,312.5409240722656,-1,-1,-1,-1
248,8,1020.671630859375,497.7511901855469,163.575927734375,308.3392028808594,-1,-1,-1,-1
249,8,1002.923828125,507.3205871582031,164.9417724609375,304.5465393066406,-1,-1,-1,-1
250,8,987.4967651367188,511.9256286621094,156.94061279296875,299.8354797363281,-1,-1,-1,-1
251,8,974.26611328125,512.3981323242188,162.7020263671875,299.16131591796875,-1,-1,-1,-1
252,8,970.5233154296875,512.6022338867188,159.5579833984375,298.60650634765625,-1,-1,-1,-1
253,8,957.391357421875,513.73828125,150.010498046875,298.2755126953125,-1,-1,-1,-1
254,8,944.0062255859375,514.6490478515625,174.430908203125,298.12384033203125,-1,-1,-1,-1
255,8,936.8634033203125,522.072998046875,159.9549560546875,294.52008056640625,-1,-1,-1,-1
256,8,935.2534790039062,526.1376342773438,127.23834228515625,292.3670654296875,-1,-1,-1,-1
257,8,932.615478515625,520.8640747070312,116.890869140625,291.89483642578125,-1,-1,-1,-1
258,8,932.40576171875,516.5653076171875,107.807373046875,288.4129638671875,-1,-1,-1,-1
259,8,933.7697143554688,515.4961547851562,103.07952880859375,285.5909423828125,-1,-1,-1,-1
260,8,936.6419067382812,519.5891723632812,99.13323974609375,282.32781982421875,-1,-1,-1,-1
261,8,937.6173095703125,523.4718017578125,96.218505859375,279.32177734375,-1,-1,-1,-1
262,8,935.5342407226562,523.0379028320312,93.53851318359375,275.74334716796875,-1,-1,-1,-1
263,8,931.5045776367188,525.6254272460938,93.10968017578125,270.0528564453125,-1,-1,-1,-1
264,8,933.1707763671875,529.8006591796875,89.27142333984375,261.53912353515625,-1,-1,-1,-1
265,8,933.8699340820312,533.6841430664062,86.95831298828125,261.58428955078125,-1,-1,-1,-1
266,8,931.1414184570312,537.3506469726562,85.55731201171875,255.15924072265625,-1,-1,-1,-1
267,8,927.8818359375,534.2935791015625,85.89483642578125,251.19793701171875,-1,-1,-1,-1
268,8,926.5039672851562,529.3882446289062,85.8646240234375,250.91259765625,-1,-1,-1,-1
269,8,914.5107421875,523.929931640625,95.41461181640625,246.80255126953125,-1,-1,-1,-1
270,8,919.9598999023438,523.8692626953125,88.53570556640625,242.5914306640625,-1,-1,-1,-1
271,8,922.296630859375,522.3263549804688,86.19580078125,240.81439208984375,-1,-1,-1,-1
272,8,922.7174682617188,516.502197265625,86.10595703125,239.2381591796875,-1,-1,-1,-1
273,8,918.2452392578125,507.7895812988281,88.076171875,240.16336059570312,-1,-1,-1,-1
274,8,916.1893920898438,499.2024230957031,89.238525390625,239.39456176757812,-1,-1,-1,-1
275,8,918.2750244140625,492.3101501464844,86.87322998046875,237.16732788085938,-1,-1,-1,-1
276,8,918.0182495117188,487.0209655761719,87.19903564453125,239.07028198242188,-1,-1,-1,-1
277,8,916.0610961914062,489.7779541015625,84.67626953125,237.976318359375,-1,-1,-1,-1
278,8,915.172607421875,502.704345703125,83.5850830078125,236.26348876953125,-1,-1,-1,-1
279,8,919.5449829101562,516.9103393554688,82.17095947265625,234.82696533203125,-1,-1,-1,-1
280,8,925.2891235351562,533.293701171875,81.650634765625,233.00067138671875,-1,-1,-1,-1
281,8,932.9471435546875,542.0089721679688,81.3856201171875,230.72509765625,-1,-1,-1,-1
282,8,945.149169921875,537.802490234375,81.773681640625,229.11328125,-1,-1,-1,-1
283,8,956.090576171875,529.2706298828125,79.7916259765625,225.736328125,-1,-1,-1,-1
284,8,965.22509765625,527.0603637695312,80.4871826171875,226.9173583984375,-1,-1,-1,-1
285,8,970.638671875,527.694091796875,81.6868896484375,225.4259033203125,-1,-1,-1,-1
286,8,976.4715576171875,531.2728271484375,81.682373046875,223.56982421875,-1,-1,-1,-1
287,8,983.9346923828125,541.0453491210938,81.1759033203125,224.47064208984375,-1,-1,-1,-1
288,8,992.6953125,550.958740234375,80.9881591796875,223.3111572265625,-1,-1,-1,-1
289,8,995.809326171875,556.9342651367188,82.9034423828125,223.05120849609375,-1,-1,-1,-1
290,8,999.848876953125,560.778564453125,82.4517822265625,222.890869140625,-1,-1,-1,-1
291,8,1006.46142578125,566.9873657226562,82.3824462890625,225.2281494140625,-1,-1,-1,-1
292,8,1017.248291015625,565.607421875,80.7391357421875,226.44036865234375,-1,-1,-1,-1
293,8,1023.4680786132812,571.7049560546875,81.61541748046875,226.10540771484375,-1,-1,-1,-1
294,8,1023.5675659179688,570.4483642578125,82.40557861328125,226.683837890625,-1,-1,-1,-1
295,8,1023.9654541015625,565.612548828125,83.128173828125,229.70758056640625,-1,-1,-1,-1
296,8,1025.6844482421875,561.3243408203125,85.5284423828125,229.9842529296875,-1,-1,-1,-1
297,8,1032.4307861328125,557.4841918945312,86.195556640625,231.92181396484375,-1,-1,-1,-1
298,8,1040.3660888671875,560.7857055664062,87.14892578125,236.030517578125,-1,-1,-1,-1
299,8,1045.055419921875,578.3863525390625,85.9080810546875,237.6396484375,-1,-1,-1,-1
300,8,1046.1495361328125,600.78564453125,89.5291748046875,241.08966064453125,-1,-1,-1,-1
301,8,1048.888916015625,610.21630859375,90.8004150390625,242.28448486328125,-1,-1,-1,-1
302,8,1051.401611328125,607.3350830078125,92.8389892578125,245.10595703125,-1,-1,-1,-1
303,8,1050.3507080078125,610.6728515625,95.2559814453125,245.977294921875,-1,-1,-1,-1
304,8,1055.7691650390625,616.6754760742188,95.0360107421875,251.50445556640625,-1,-1,-1,-1
305,8,1059.402099609375,620.9796142578125,96.19677734375,253.38287353515625,-1,-1,-1,-1
306,8,1053.944580078125,621.1144409179688,99.6387939453125,257.45208740234375,-1,-1,-1,-1
307,8,1050.666259765625,618.45654296875,98.1666259765625,256.8809814453125,-1,-1,-1,-1
308,8,1047.1221923828125,615.712158203125,98.6580810546875,256.6202392578125,-1,-1,-1,-1
309,8,1045.153076171875,613.1854248046875,99.1959228515625,259.04547119140625,-1,-1,-1,-1
310,8,1044.4825439453125,611.7644653320312,99.064208984375,260.125732421875,-1,-1,-1,-1
311,8,1046.5869140625,607.9515380859375,99.532958984375,261.84283447265625,-1,-1,-1,-1
312,8,1048.5281982421875,601.8281860351562,100.9586181640625,266.10357666015625,-1,-1,-1,-1
313,8,1052.3291015625,595.7591552734375,104.2008056640625,269.923828125,-1,-1,-1,-1
314,8,1061.5865478515625,595.185546875,104.4837646484375,271.6658935546875,-1,-1,-1,-1
315,8,1065.606689453125,600.025146484375,107.8212890625,277.46484375,-1,-1,-1,-1
316,8,1062.8421630859375,609.7263793945312,111.9686279296875,278.75164794921875,-1,-1,-1,-1
317,8,1062.2373046875,620.9909057617188,113.992431640625,279.22247314453125,-1,-1,-1,-1
318,8,1062.380859375,624.9895629882812,112.2264404296875,281.97064208984375,-1,-1,-1,-1
319,8,1064.639404296875,625.8795166015625,113.1131591796875,282.9359130859375,-1,-1,-1,-1
320,8,1071.057373046875,620.8268432617188,113.7900390625,287.42205810546875,-1,-1,-1,-1
321,8,1076.309814453125,613.3988647460938,117.16943359375,291.82757568359375,-1,-1,-1,-1
322,8,1080.34375,609.359375,119.4462890625,296.6263427734375,-1,-1,-1,-1
323,8,1084.624267578125,609.0584716796875,120.4285888671875,302.94580078125,-1,-1,-1,-1
324,8,1088.990234375,607.3629760742188,123.158447265625,309.54248046875,-1,-1,-1,-1
325,8,1100.754150390625,608.7845458984375,124.8963623046875,317.683349609375,-1,-1,-1,-1
326,8,1107.689453125,614.4336547851562,128.0224609375,324.443359375,-1,-1,-1,-1
327,8,1118.2760009765625,592.9929809570312,131.8863525390625,333.35943603515625,-1,-1,-1,-1
328,8,1132.5478515625,576.6723022460938,134.8067626953125,342.3822021484375,-1,-1,-1,-1
329,8,1147.2655029296875,557.674560546875,140.661865234375,355.74700927734375,-1,-1,-1,-1
330,8,1169.4276123046875,542.6455688476562,145.668212890625,368.90313720703125,-1,-1,-1,-1
331,8,1198.974609375,552.4498291015625,149.0738525390625,383.95513916015625,-1,-1,-1,-1
332,8,1222.1265869140625,537.1185913085938,152.1290283203125,394.14862060546875,-1,-1,-1,-1
333,8,1225.053955078125,536.5853881835938,152.0477294921875,398.16473388671875,-1,-1,-1,-1
334,8,1221.4208984375,544.9944458007812,152.303466796875,399.94573974609375,-1,-1,-1,-1
335,8,1244.501220703125,557.7613525390625,150.20703125,405.1075439453125,-1,-1,-1,-1
336,8,1260.210693359375,561.0015869140625,144.4405517578125,407.4290771484375,-1,-1,-1,-1
337,8,1268.656982421875,566.5965576171875,137.817138671875,407.1678466796875,-1,-1,-1,-1
338,8,1276.499755859375,565.5421752929688,131.48193359375,407.65435791015625,-1,-1,-1,-1
339,8,1284.5357666015625,560.4910888671875,124.21630859375,410.1820068359375,-1,-1,-1,-1
340,8,1295.131591796875,553.9703979492188,112.844482421875,413.05718994140625,-1,-1,-1,-1
341,8,1304.7825927734375,548.6395874023438,103.485595703125,412.13653564453125,-1,-1,-1,-1
342,8,1315.1217041015625,548.47119140625,93.24755859375,414.71173095703125,-1,-1,-1,-1
343,8,1326.3824462890625,547.02783203125,81.6778564453125,416.3785400390625,-1,-1,-1,-1
344,8,1336.0152587890625,548.2277221679688,71.61474609375,414.70880126953125,-1,-1,-1,-1
345,8,1341.663330078125,549.7106323242188,66.32763671875,416.02642822265625,-1,-1,-1,-1
346,8,1352.306640625,547.3826293945312,55.7005615234375,422.404052734375,-1,-1,-1,-1
347,8,1357.21533203125,548.8515014648438,52.8544921875,404.78619384765625,-1,-1,-1,-1
359,9,1331.2642822265625,459.4130859375,78.545166015625,442.10614013671875,-1,-1,-1,-1
360,9,1311.265869140625,472.7833557128906,97.6944580078125,430.1982116699219,-1,-1,-1,-1
361,9,1285.79833984375,488.711669921875,122.049072265625,423.2445068359375,-1,-1,-1,-1
362,9,1258.4910888671875,498.87603759765625,148.0592041015625,414.59906005859375,-1,-1,-1,-1
363,9,1229.1029052734375,510.19580078125,156.5010986328125,405.17144775390625,-1,-1,-1,-1
364,9,1206.1973876953125,523.2572021484375,158.3336181640625,396.41302490234375,-1,-1,-1,-1
365,9,1178.2410888671875,526.7532958984375,158.3216552734375,389.64862060546875,-1,-1,-1,-1
366,9,1144.5228271484375,539.3885498046875,161.4825439453125,378.7249755859375,-1,-1,-1,-1
367,9,1117.9749755859375,559.71435546875,162.108154296875,373.35272216796875,-1,-1,-1,-1
368,9,1102.5386962890625,576.4432983398438,161.04345703125,370.3338623046875,-1,-1,-1,-1
369,9,1083.47314453125,568.5125122070312,146.762939453125,366.01568603515625,-1,-1,-1,-1
370,9,1058.31884765625,569.1779174804688,142.30224609375,361.6025390625,-1,-1,-1,-1
371,9,1032.5423583984375,564.5682983398438,141.66162109375,357.23443603515625,-1,-1,-1,-1
372,9,1008.1533203125,558.9284057617188,138.4268798828125,353.29119873046875,-1,-1,-1,-1
373,9,986.8971557617188,560.2601318359375,138.93304443359375,351.79803466796875,-1,-1,-1,-1
374,9,972.1885986328125,550.43798828125,138.6292724609375,350.3060302734375,-1,-1,-1,-1
375,9,951.0350952148438,540.93310546875,138.79095458984375,349.61236572265625,-1,-1,-1,-1
376,9,947.189697265625,526.7142333984375,137.488525390625,353.10888671875,-1,-1,-1,-1
377,9,949.1010131835938,537.015380859375,138.84832763671875,355.50543212890625,-1,-1,-1,-1
378,9,977.6193237304688,525.1798095703125,143.37945556640625,366.73455810546875,-1,-1,-1,-1
379,9,975.146240234375,492.8660583496094,148.7669677734375,376.5758361816406,-1,-1,-1,-1
380,9,998.9367065429688,453.18609619140625,155.64874267578125,395.4246826171875,-1,-1,-1,-1
381,9,1030.5604248046875,416.1246337890625,166.2481689453125,416.11279296875,-1,-1,-1,-1
382,9,1034.5284423828125,410.60333251953125,169.4703369140625,419.88885498046875,-1,-1,-1,-1
383,9,1072.2489013671875,444.4045715332031,168.180419921875,422.7602844238281,-1,-1,-1,-1
384,9,1107.4791259765625,475.3387145996094,170.59033203125,421.1603698730469,-1,-1,-1,-1
385,9,1111.92431640625,473.34716796875,167.19873046875,416.41448974609375,-1,-1,-1,-1
386,9,1111.6055908203125,485.78369140625,164.239013671875,408.13250732421875,-1,-1,-1,-1
387,9,1093.16015625,510.3998718261719,163.7960205078125,399.2326965332031,-1,-1,-1,-1
388,9,1066.5889892578125,516.1471557617188,158.2933349609375,388.50006103515625,-1,-1,-1,-1
389,9,1033.6590576171875,527.54931640625,152.4544677734375,375.582763671875,-1,-1,-1,-1
390,9,1000.4264526367188,506.3719177246094,143.45880126953125,358.1609191894531,-1,-1,-1,-1
391,9,1007.710205078125,486.0880126953125,141.5853271484375,351.22833251953125,-1,-1,-1,-1
392,9,988.0956420898438,484.0487365722656,138.07794189453125,342.6014709472656,-1,-1,-1,-1
393,9,957.21533203125,487.4010925292969,153.1524658203125,334.5785217285156,-1,-1,-1,-1
394,9,970.4315795898438,486.6793212890625,141.25421142578125,333.0804443359375,-1,-1,-1,-1
395,9,985.8235473632812,481.0686950683594,133.79840087890625,323.9751892089844,-1,-1,-1,-1
396,9,988.9459838867188,480.5246276855469,130.85577392578125,322.8501281738281,-1,-1,-1,-1
397,9,991.1994018554688,472.1257019042969,128.83892822265625,321.8185729980469,-1,-1,-1,-1
398,9,991.9545288085938,470.5742492675781,127.57635498046875,317.6509094238281,-1,-1,-1,-1
399,9,986.8016357421875,481.2681884765625,124.2386474609375,315.276611328125,-1,-1,-1,-1
400,9,976.8916625976562,465.250244140625,122.66973876953125,309.1541748046875,-1,-1,-1,-1
401,9,974.566162109375,450.75592041015625,119.8812255859375,305.66607666015625,-1,-1,-1,-1
402,9,957.2779541015625,455.0519104003906,117.402099609375,300.2059020996094,-1,-1,-1,-1
403,9,947.7080078125,453.394287109375,118.7774658203125,294.076416015625,-1,-1,-1,-1
404,9,931.9287719726562,453.0404357910156,121.11309814453125,289.8271179199219,-1,-1,-1,-1
405,9,917.4921875,437.54681396484375,129.796630859375,287.62939453125,-1,-1,-1,-1
406,9,907.6185302734375,424.95654296875,135.0264892578125,286.41949462890625,-1,-1,-1,-1
407,9,913.8229370117188,422.66729736328125,132.53472900390625,286.75872802734375,-1,-1,-1,-1
408,9,916.4000244140625,414.38177490234375,137.594482421875,286.98333740234375,-1,-1,-1,-1
409,9,914.8818359375,402.4801025390625,137.82275390625,288.0074462890625,-1,-1,-1,-1
410,9,906.71044921875,406.4718322753906,130.924072265625,286.6267395019531,-1,-1,-1,-1
411,9,898.5252685546875,414.5921325683594,123.2366943359375,284.2113342285156,-1,-1,-1,-1
412,9,894.0521240234375,415.9053955078125,120.6182861328125,281.87994384765625,-1,-1,-1,-1
413,9,885.15625,425.9638366699219,113.1287841796875,277.9731140136719,-1,-1,-1,-1
414,9,875.170166015625,448.4967956542969,110.65087890625,272.5022277832031,-1,-1,-1,-1
415,9,868.762451171875,454.8033447265625,107.25836181640625,269.43707275390625,-1,-1,-1,-1
416,9,858.5836791992188,465.1853942871094,103.139404296875,261.3384094238281,-1,-1,-1,-1
417,9,849.20556640625,475.9986267089844,102.63470458984375,265.9832458496094,-1,-1,-1,-1
418,9,838.87939453125,480.96197509765625,99.6500244140625,255.3072509765625,-1,-1,-1,-1
419,9,827.2572021484375,483.0871276855469,98.0633544921875,248.92684936523438,-1,-1,-1,-1
420,9,820.2061767578125,487.5879821777344,93.80010986328125,241.49118041992188,-1,-1,-1,-1
421,9,819.69384765625,488.2278137207031,88.00164794921875,238.36160278320312,-1,-1,-1,-1
422,9,817.4396362304688,492.30682373046875,87.81488037109375,243.0858154296875,-1,-1,-1,-1
423,9,804.7824096679688,498.5606384277344,95.57354736328125,247.15304565429688,-1,-1,-1,-1
424,9,799.0010986328125,507.45306396484375,95.740234375,248.02679443359375,-1,-1,-1,-1
425,9,782.76220703125,507.053955078125,105.5845947265625,258.3575439453125,-1,-1,-1,-1
426,9,774.5328979492188,505.6093444824219,106.79681396484375,252.86892700195312,-1,-1,-1,-1
427,9,769.13818359375,507.84014892578125,115.922607421875,273.1995849609375,-1,-1,-1,-1
428,9,755.328857421875,497.17529296875,124.6068115234375,298.59893798828125,-1,-1,-1,-1
429,9,741.5948486328125,468.056396484375,139.17120361328125,333.5338134765625,-1,-1,-1,-1
431,9,717.9939575195312,475.7264404296875,163.98834228515625,409.1868896484375,-1,-1,-1,-1
432,9,722.6426391601562,491.25103759765625,165.89642333984375,415.49053955078125,-1,-1,-1,-1
433,9,730.0474243164062,469.7918701171875,166.325439453125,483.347900390625,-1,-1,-1,-1
434,9,736.794189453125,479.15472412109375,177.207275390625,467.7413330078125,-1,-1,-1,-1
435,9,761.2333984375,480.4748229980469,187.87713623046875,510.2008361816406,-1,-1,-1,-1
436,9,782.6090087890625,481.86395263671875,211.45355224609375,507.56280517578125,-1,-1,-1,-1
434,10,804.8710327148438,501.4089050292969,90.02288818359375,245.85165405273438,-1,-1,-1,-1
435,10,828.1904296875,506.5162658691406,96.81036376953125,251.45132446289062,-1,-1,-1,-1
436,10,842.8573608398438,495.86920166015625,100.277099609375,255.55999755859375,-1,-1,-1,-1
437,10,794.6368408203125,426.9853820800781,147.0806884765625,341.9579772949219,-1,-1,-1,-1
438,10,787.078857421875,351.41131591796875,247.4947509765625,478.392822265625,-1,-1,-1,-1
439,10,784.5202026367188,293.2942810058594,282.99334716796875,610.9378662109375,-1,-1,-1,-1
435,11,1.5362019538879395,525.7657470703125,134.97129821777344,498.484130859375,-1,-1,-1,-1
436,11,2.0962119102478027,544.5626831054688,160.14871215820312,490.47894287109375,-1,-1,-1,-1
437,11,0.6295781135559082,535.9125366210938,152.3224334716797,494.33331298828125,-1,-1,-1,-1
438,11,1.0786466598510742,551.1180419921875,166.48670959472656,491.8817138671875,-1,-1,-1,-1
439,11,0.45469236373901367,511.1559753417969,155.9175262451172,509.4690246582031,-1,-1,-1,-1
440,11,1.1046524047851562,529.2716674804688,170.76541137695312,503.40460205078125,-1,-1,-1,-1
441,11,0.7946500778198242,523.93994140625,141.79603576660156,510.730224609375,-1,-1,-1,-1
442,11,1.8409538269042969,560.1752319335938,153.98385620117188,509.13861083984375,-1,-1,-1,-1
443,11,2.811674118041992,615.01708984375,210.96524047851562,483.000244140625,-1,-1,-1,-1
444,11,11.280241966247559,610.7744750976562,216.6902313232422,473.80694580078125,-1,-1,-1,-1
445,11,21.312028884887695,573.4906005859375,208.1294403076172,461.8885498046875,-1,-1,-1,-1
446,11,41.81340026855469,598.6680297851562,203.66578674316406,448.71673583984375,-1,-1,-1,-1
447,11,62.020965576171875,617.2378540039062,195.089111328125,442.16485595703125,-1,-1,-1,-1
448,11,63.66006088256836,630.8898315429688,189.84793090820312,438.69610595703125,-1,-1,-1,-1
449,11,65.02822875976562,650.59814453125,187.58477783203125,434.276123046875,-1,-1,-1,-1
450,11,60.6227912902832,659.5671997070312,182.58291625976562,432.52923583984375,-1,-1,-1,-1
451,11,54.75281524658203,671.860595703125,186.578857421875,431.522705078125,-1,-1,-1,-1
452,11,51.51870346069336,669.9878540039062,189.2654571533203,427.35992431640625,-1,-1,-1,-1
453,11,48.4536018371582,670.4647827148438,184.4944610595703,426.83392333984375,-1,-1,-1,-1
454,11,44.28211975097656,664.3616943359375,182.08445739746094,427.7637939453125,-1,-1,-1,-1
455,11,40.939064025878906,646.8267822265625,178.09432983398438,428.2354736328125,-1,-1,-1,-1
456,11,48.60011672973633,644.8141479492188,173.74314880371094,425.27154541015625,-1,-1,-1,-1
457,11,57.35891342163086,637.6471557617188,173.33872985839844,420.11688232421875,-1,-1,-1,-1
458,11,57.07732391357422,643.3603515625,178.54888916015625,414.58984375,-1,-1,-1,-1
459,11,59.445533752441406,664.0137329101562,179.40005493164062,413.85968017578125,-1,-1,-1,-1
460,11,63.94084930419922,674.4496459960938,178.2445068359375,410.53057861328125,-1,-1,-1,-1
461,11,70.4268569946289,675.5341796875,175.24691772460938,406.0118408203125,-1,-1,-1,-1
462,11,68.46285247802734,681.1000366210938,171.06875610351562,408.71124267578125,-1,-1,-1,-1
463,11,63.2432861328125,681.101806640625,168.68484497070312,409.6015625,-1,-1,-1,-1
464,11,72.92291259765625,662.6090087890625,162.51531982421875,407.2310791015625,-1,-1,-1,-1
465,11,93.64604949951172,649.5494384765625,160.35549926757812,401.460693359375,-1,-1,-1,-1
466,11,106.64076232910156,647.0072021484375,162.27235412597656,397.5184326171875,-1,-1,-1,-1
467,11,115.60623931884766,668.8450927734375,165.78692626953125,391.423095703125,-1,-1,-1,-1
468,11,125.61661529541016,693.0845947265625,169.9571533203125,384.6741943359375,-1,-1,-1,-1
469,11,140.10015869140625,702.9420166015625,166.27789306640625,381.1207275390625,-1,-1,-1,-1
470,11,149.85995483398438,688.362060546875,157.86630249023438,378.970703125,-1,-1,-1,-1
471,11,147.27748107910156,662.5701904296875,155.90440368652344,378.4921875,-1,-1,-1,-1
472,11,137.3771209716797,625.5906982421875,160.3467254638672,379.26165771484375,-1,-1,-1,-1
473,11,134.52145385742188,566.6367797851562,162.740234375,375.33465576171875,-1,-1,-1,-1
474,11,144.5227813720703,557.3513793945312,166.71214294433594,373.03350830078125,-1,-1,-1,-1
475,11,169.80191040039062,601.8775634765625,167.53082275390625,365.916259765625,-1,-1,-1,-1
476,11,167.64166259765625,579.5526733398438,176.61917114257812,365.1673583984375,-1,-1,-1,-1
477,11,143.321044921875,533.6299438476562,186.05606079101562,369.2049560546875,-1,-1,-1,-1
478,11,137.90943908691406,509.260986328125,187.82997131347656,372.37469482421875,-1,-1,-1,-1
479,11,114.23416137695312,479.0870666503906,191.70095825195312,382.7921447753906,-1,-1,-1,-1
480,11,83.52812194824219,479.13629150390625,191.2337188720703,395.980224609375,-1,-1,-1,-1
481,11,62.612979888916016,489.6767883300781,190.03036499023438,402.2991027832031,-1,-1,-1,-1
482,11,17.238231658935547,493.0868225097656,200.52728271484375,412.3517761230469,-1,-1,-1,-1
483,11,0.8708105087280273,545.515380859375,177.3827362060547,414.9066162109375,-1,-1,-1,-1
484,11,0.9897298812866211,595.4547729492188,164.74765014648438,419.2353515625,-1,-1,-1,-1
485,11,0.5305485725402832,579.1915893554688,162.70191955566406,418.00341796875,-1,-1,-1,-1
486,11,1.2165327072143555,531.8663330078125,158.81375122070312,418.32354736328125,-1,-1,-1,-1
487,11,2.0255064964294434,514.3245849609375,166.1875762939453,419.1893310546875,-1,-1,-1,-1
488,11,10.459219932556152,516.2831420898438,189.65760803222656,414.30426025390625,-1,-1,-1,-1
489,11,25.86733627319336,517.9940185546875,210.1548614501953,406.62872314453125,-1,-1,-1,-1
490,11,31.45905303955078,502.63446044921875,220.35418701171875,409.8896484375,-1,-1,-1,-1
491,11,54.27207946777344,484.03680419921875,205.54454040527344,412.26202392578125,-1,-1,-1,-1
492,11,67.2223129272461,513.3269653320312,206.19790649414062,404.74176025390625,-1,-1,-1,-1
493,11,65.45217895507812,566.9413452148438,193.54104614257812,408.16070556640625,-1,-1,-1,-1
494,11,76.05079650878906,606.5262451171875,183.7491912841797,403.78851318359375,-1,-1,-1,-1
495,11,86.01587677001953,621.38623046875,182.88037109375,399.1434326171875,-1,-1,-1,-1
496,11,85.1345443725586,655.1195678710938,186.71713256835938,394.55059814453125,-1,-1,-1,-1
497,11,99.5379638671875,692.4796142578125,183.06881713867188,390.67041015625,-1,-1,-1,-1
498,11,120.8265380859375,720.90380859375,174.193603515625,387.0845947265625,-1,-1,-1,-1
499,11,133.25848388671875,730.0039672851562,175.2449951171875,383.77923583984375,-1,-1,-1,-1
500,11,145.30966186523438,722.5687866210938,171.57830810546875,382.25531005859375,-1,-1,-1,-1
501,11,154.57443237304688,687.3038330078125,159.2071533203125,383.7928466796875,-1,-1,-1,-1
502,11,157.1903533935547,623.3800048828125,151.4827423095703,382.22344970703125,-1,-1,-1,-1
503,11,157.2022705078125,574.99560546875,150.88897705078125,379.15557861328125,-1,-1,-1,-1
504,11,159.339111328125,553.8565063476562,155.3623046875,381.1861572265625,-1,-1,-1,-1
505,11,161.58058166503906,566.2295532226562,154.8888702392578,382.09588623046875,-1,-1,-1,-1
506,11,167.11898803710938,591.5606689453125,154.5986328125,386.35614013671875,-1,-1,-1,-1
507,11,175.35415649414062,619.451416015625,155.62261962890625,390.7965087890625,-1,-1,-1,-1
508,11,172.42337036132812,654.9680786132812,162.88211059570312,398.90509033203125,-1,-1,-1,-1
509,11,158.2253875732422,688.3333740234375,168.47669982910156,410.53076171875,-1,-1,-1,-1
510,11,151.22772216796875,711.4956665039062,169.89761352539062,420.89935302734375,-1,-1,-1,-1
511,11,146.22689819335938,720.955078125,178.75759887695312,428.876220703125,-1,-1,-1,-1
512,11,148.0579071044922,719.270751953125,184.6439971923828,429.6463623046875,-1,-1,-1,-1
513,11,143.5294647216797,706.1093139648438,190.9139862060547,431.88385009765625,-1,-1,-1,-1
514,11,132.6436767578125,690.0493774414062,197.90676879882812,435.51446533203125,-1,-1,-1,-1
515,11,117.66270446777344,670.1012573242188,203.6781768798828,440.24554443359375,-1,-1,-1,-1
516,11,99.22451782226562,644.4396362304688,209.23446655273438,445.16094970703125,-1,-1,-1,-1
517,11,73.22445678710938,620.6131591796875,217.1341552734375,453.8778076171875,-1,-1,-1,-1
518,11,43.61895751953125,601.7652587890625,223.72946166992188,461.6964111328125,-1,-1,-1,-1
519,11,20.009307861328125,605.3089599609375,220.12197875976562,476.5345458984375,-1,-1,-1,-1
520,11,7.029073715209961,614.5878295898438,218.16249084472656,483.05816650390625,-1,-1,-1,-1
521,11,2.0904579162597656,632.1199951171875,205.3107452392578,491.0570068359375,-1,-1,-1,-1
522,11,2.5220651626586914,654.5191650390625,179.43882751464844,469.9775390625,-1,-1,-1,-1
523,11,0.3207402229309082,662.799072265625,167.46780395507812,473.0797119140625,-1,-1,-1,-1
524,11,-0.9295654296875,657.134521484375,154.1779327392578,488.3033447265625,-1,-1,-1,-1
525,11,0.4830007553100586,620.034423828125,140.58909606933594,545.612060546875,-1,-1,-1,-1
526,11,0.7507057189941406,612.1173095703125,133.44549560546875,579.215576171875,-1,-1,-1,-1
527,11,-0.09689903259277344,606.0859375,135.35684204101562,579.098388671875,-1,-1,-1,-1
528,11,1.6212687492370605,662.8677368164062,159.59786987304688,566.2831420898438,-1,-1,-1,-1
529,11,0.8549489974975586,701.4559936523438,196.40859985351562,520.5999145507812,-1,-1,-1,-1
530,11,0.44605350494384766,684.4639892578125,218.34580993652344,484.9566650390625,-1,-1,-1,-1
531,11,0.6788883209228516,681.5498046875,226.89283752441406,486.3447265625,-1,-1,-1,-1
532,11,9.768719673156738,674.1015014648438,244.16734313964844,489.52264404296875,-1,-1,-1,-1
533,11,18.225664138793945,679.4401245117188,248.90794372558594,481.81121826171875,-1,-1,-1,-1
534,11,21.942922592163086,655.3081665039062,246.91505432128906,488.03167724609375,-1,-1,-1,-1
535,11,31.89779281616211,625.0601806640625,243.83526611328125,486.363525390625,-1,-1,-1,-1
536,11,36.34614944458008,601.7346801757812,241.25645446777344,488.90313720703125,-1,-1,-1,-1
537,11,47.963134765625,599.4215698242188,235.86892700195312,489.65594482421875,-1,-1,-1,-1
538,11,63.44231033325195,626.5946655273438,231.61863708496094,485.53265380859375,-1,-1,-1,-1
539,11,68.17198944091797,599.9465942382812,227.24618530273438,486.01458740234375,-1,-1,-1,-1
540,11,74.94835662841797,567.6828002929688,221.00848388671875,481.05877685546875,-1,-1,-1,-1
541,11,97.53422546386719,560.4769287109375,214.2926483154297,475.5391845703125,-1,-1,-1,-1
542,11,121.83780670166016,589.50048828125,207.32736206054688,468.352783203125,-1,-1,-1,-1
543,11,135.70814514160156,597.7129516601562,203.9886016845703,463.82073974609375,-1,-1,-1,-1
544,11,150.5309295654297,603.41552734375,196.90013122558594,460.165771484375,-1,-1,-1,-1
545,11,158.14401245117188,654.9474487304688,196.53463745117188,455.78179931640625,-1,-1,-1,-1
546,11,174.91673278808594,711.3626708984375,198.22496032714844,450.2916259765625,-1,-1,-1,-1
547,11,187.28436279296875,720.684326171875,197.67242431640625,449.52880859375,-1,-1,-1,-1
548,11,193.3274383544922,709.4544067382812,195.6240997314453,444.28570556640625,-1,-1,-1,-1
549,11,192.57196044921875,691.706298828125,194.90179443359375,443.520263671875,-1,-1,-1,-1
550,11,187.0006866455078,663.9638671875,194.10353088378906,442.7017822265625,-1,-1,-1,-1
551,11,187.87579345703125,612.6109008789062,192.40597534179688,438.73822021484375,-1,-1,-1,-1
552,11,189.8814697265625,577.5186767578125,193.9527587890625,437.3963623046875,-1,-1,-1,-1
553,11,185.43563842773438,576.149169921875,197.21368408203125,438.1239013671875,-1,-1,-1,-1
554,11,176.13845825195312,576.519287109375,201.34426879882812,442.66717529296875,-1,-1,-1,-1
555,11,162.33714294433594,573.5700073242188,203.0424346923828,448.93951416015625,-1,-1,-1,-1
556,11,146.68563842773438,572.9530029296875,207.02340698242188,459.26806640625,-1,-1,-1,-1
557,11,132.2332305908203,576.2521362304688,213.92393493652344,469.31011962890625,-1,-1,-1,-1
558,11,121.7808837890625,575.0059204101562,220.58059692382812,479.45819091796875,-1,-1,-1,-1
559,11,112.74653625488281,581.495361328125,225.4123077392578,489.578857421875,-1,-1,-1,-1
560,11,106.82904052734375,600.445556640625,227.62451171875,500.069091796875,-1,-1,-1,-1
561,11,95.74903869628906,604.396728515625,238.7642059326172,506.402587890625,-1,-1,-1,-1
562,11,92.85887145996094,581.6386108398438,247.15110778808594,506.81182861328125,-1,-1,-1,-1
563,11,85.37435150146484,568.6981811523438,248.685791015625,509.53778076171875,-1,-1,-1,-1
564,11,73.94830322265625,551.2743530273438,259.7288513183594,513.7041625976562,-1,-1,-1,-1
565,11,64.0361099243164,529.3519897460938,250.51773071289062,519.4584350585938,-1,-1,-1,-1
566,11,58.27128982543945,522.7779541015625,249.8416290283203,521.7979736328125,-1,-1,-1,-1
567,11,54.30480194091797,521.7919311523438,257.43768310546875,524.2852172851562,-1,-1,-1,-1
568,11,53.12458801269531,515.701904296875,258.7403564453125,525.3226318359375,-1,-1,-1,-1
569,11,56.387264251708984,513.184326171875,268.97515869140625,521.2540283203125,-1,-1,-1,-1
570,11,66.75923156738281,514.2162475585938,267.08258056640625,514.9330444335938,-1,-1,-1,-1
571,11,78.86542510986328,517.322021484375,260.3929443359375,501.6990966796875,-1,-1,-1,-1
572,11,97.50047302246094,534.6832885742188,250.90061950683594,489.77337646484375,-1,-1,-1,-1
573,11,146.88504028320312,536.7189331054688,242.60516357421875,472.05279541015625,-1,-1,-1,-1
574,11,166.6841583251953,528.63916015625,231.15260314941406,453.72442626953125,-1,-1,-1,-1
575,11,191.89825439453125,509.4371337890625,229.90451049804688,434.83734130859375,-1,-1,-1,-1
576,11,209.33668518066406,512.4379272460938,219.3436737060547,423.99188232421875,-1,-1,-1,-1
577,11,199.90826416015625,501.8748779296875,217.20980834960938,418.74322509765625,-1,-1,-1,-1
578,11,235.2768096923828,543.4741821289062,203.0120086669922,407.232421875,-1,-1,-1,-1
579,11,250.0806884765625,547.1333618164062,199.705810546875,399.34478759765625,-1,-1,-1,-1
580,11,249.0784454345703,537.3265380859375,190.4539031982422,387.1195068359375,-1,-1,-1,-1
581,11,293.25286865234375,506.16058349609375,180.88943481445312,370.305908203125,-1,-1,-1,-1
582,11,314.62237548828125,517.3406372070312,174.93212890625,355.6600341796875,-1,-1,-1,-1
583,11,330.4951477050781,514.4676513671875,168.03829956054688,344.843994140625,-1,-1,-1,-1
584,11,353.23126220703125,519.162841796875,163.2542724609375,333.729248046875,-1,-1,-1,-1
585,11,363.5366516113281,462.35443115234375,158.47647094726562,327.45361328125,-1,-1,-1,-1
586,11,355.0250244140625,438.5491027832031,162.5125732421875,321.4686584472656,-1,-1,-1,-1
587,11,369.66021728515625,407.2835388183594,155.77374267578125,317.1898498535156,-1,-1,-1,-1
588,11,391.41455078125,388.5741882324219,148.03143310546875,310.2824401855469,-1,-1,-1,-1
589,11,401.2129211425781,384.11138916015625,145.96145629882812,304.74114990234375,-1,-1,-1,-1
590,11,425.0468444824219,383.003173828125,138.56271362304688,298.47100830078125,-1,-1,-1,-1
591,11,482.0203857421875,365.05157470703125,128.3502197265625,293.9970703125,-1,-1,-1,-1
592,11,576.9454956054688,323.89971923828125,117.22430419921875,290.86334228515625,-1,-1,-1,-1
593,11,722.5997314453125,308.31463623046875,108.6630859375,291.1607666015625,-1,-1,-1,-1
594,11,910.1702270507812,316.1947937011719,109.00213623046875,299.8891906738281,-1,-1,-1,-1
595,11,1111.3580322265625,329.1592712402344,167.1986083984375,291.5312805175781,-1,-1,-1,-1
443,12,887.6749877929688,535.1447143554688,105.857177734375,261.5853271484375,-1,-1,-1,-1
444,12,901.6605224609375,539.5888061523438,92.32269287109375,252.5740966796875,-1,-1,-1,-1
445,12,901.6402587890625,531.028076171875,87.3636474609375,249.468017578125,-1,-1,-1,-1
446,12,904.2896728515625,547.408935546875,86.54339599609375,236.68402099609375,-1,-1,-1,-1
447,12,900.266357421875,566.0719604492188,88.70391845703125,244.401123046875,-1,-1,-1,-1
448,12,888.995361328125,580.2252807617188,85.99371337890625,226.67449951171875,-1,-1,-1,-1
449,12,880.3011474609375,592.8844604492188,85.33172607421875,219.94818115234375,-1,-1,-1,-1
450,12,874.743408203125,606.155029296875,81.863525390625,217.1019287109375,-1,-1,-1,-1
451,12,862.6785888671875,603.069580078125,79.832763671875,213.74615478515625,-1,-1,-1,-1
452,12,853.5619506835938,598.4678955078125,80.350830078125,212.63995361328125,-1,-1,-1,-1
453,12,851.5740356445312,608.7298583984375,76.9539794921875,212.70904541015625,-1,-1,-1,-1
454,12,842.9446411132812,613.4522094726562,78.07415771484375,224.08551025390625,-1,-1,-1,-1
455,12,835.7418823242188,608.70849609375,80.08050537109375,213.251708984375,-1,-1,-1,-1
456,12,836.4667358398438,614.673583984375,82.16326904296875,212.932373046875,-1,-1,-1,-1
457,12,839.613037109375,602.0462036132812,80.15045166015625,208.74969482421875,-1,-1,-1,-1
458,12,828.25,589.1920166015625,84.464599609375,211.91412353515625,-1,-1,-1,-1
459,12,832.1270751953125,600.3102416992188,76.5367431640625,211.887939453125,-1,-1,-1,-1
460,12,832.2047729492188,605.3779296875,75.541748046875,212.0274658203125,-1,-1,-1,-1
461,12,836.8173217773438,610.969482421875,73.37359619140625,205.8826904296875,-1,-1,-1,-1
462,12,832.4268798828125,622.59130859375,73.8392333984375,202.40509033203125,-1,-1,-1,-1
463,12,825.8729248046875,630.492919921875,73.97943115234375,198.92633056640625,-1,-1,-1,-1
464,12,833.3784790039062,631.9469604492188,72.15167236328125,204.5208740234375,-1,-1,-1,-1
465,12,843.9199829101562,624.1610717773438,74.71710205078125,204.86810302734375,-1,-1,-1,-1
466,12,851.3054809570312,608.3348999023438,72.77294921875,204.05792236328125,-1,-1,-1,-1
467,12,852.8238525390625,606.4093627929688,71.6273193359375,203.90399169921875,-1,-1,-1,-1
468,12,853.4972534179688,609.3200073242188,73.72674560546875,202.51959228515625,-1,-1,-1,-1
469,12,862.0278930664062,621.548095703125,75.63214111328125,203.6328125,-1,-1,-1,-1
470,12,867.7020263671875,624.771240234375,76.71026611328125,203.87115478515625,-1,-1,-1,-1
471,12,866.9639282226562,610.8244018554688,73.324462890625,202.2750244140625,-1,-1,-1,-1
472,12,855.0009765625,573.9286499023438,73.619873046875,202.50115966796875,-1,-1,-1,-1
473,12,855.5911865234375,526.1485595703125,73.03778076171875,201.5361328125,-1,-1,-1,-1
474,12,863.6959228515625,505.2542724609375,73.625244140625,206.46173095703125,-1,-1,-1,-1
475,12,878.9716796875,523.9181518554688,75.0902099609375,204.0589599609375,-1,-1,-1,-1
476,12,883.3367919921875,494.127685546875,75.90606689453125,206.2613525390625,-1,-1,-1,-1
477,12,875.53759765625,446.69854736328125,75.95477294921875,206.28857421875,-1,-1,-1,-1
478,12,878.7302856445312,425.1476745605469,79.12103271484375,216.81686401367188,-1,-1,-1,-1
479,12,872.47705078125,410.79083251953125,81.26214599609375,222.8780517578125,-1,-1,-1,-1
480,12,857.880615234375,427.9526062011719,82.16680908203125,224.24319458007812,-1,-1,-1,-1
481,12,845.531982421875,438.23236083984375,68.5670166015625,198.069580078125,-1,-1,-1,-1
483,12,865.7733764648438,489.1800842285156,52.09100341796875,116.02053833007812,-1,-1,-1,-1
484,12,827.5397338867188,508.99951171875,62.79779052734375,147.974609375,-1,-1,-1,-1
488,12,771.4421997070312,447.8057556152344,107.1776123046875,263.3994445800781,-1,-1,-1,-1
486,13,754.5438842773438,456.2815246582031,84.21136474609375,194.48171997070312,-1,-1,-1,-1
487,13,760.4498291015625,451.877685546875,87.8111572265625,188.9560546875,-1,-1,-1,-1
488,13,774.22216796875,449.570068359375,102.56805419921875,226.46185302734375,-1,-1,-1,-1
489,13,803.2152099609375,429.62310791015625,104.44390869140625,231.2852783203125,-1,-1,-1,-1
490,13,820.65625,396.3203125,117.56146240234375,233.70709228515625,-1,-1,-1,-1
491,13,856.294677734375,405.9010009765625,98.1318359375,239.28515625,-1,-1,-1,-1
492,13,864.435302734375,417.86669921875,87.29833984375,251.37451171875,-1,-1,-1,-1
493,13,854.5614013671875,487.071533203125,84.55859375,223.95654296875,-1,-1,-1,-1
494,13,861.9825439453125,539.947509765625,79.96600341796875,213.4219970703125,-1,-1,-1,-1
495,13,865.3104248046875,546.104736328125,77.93408203125,214.2781982421875,-1,-1,-1,-1
496,13,856.0579833984375,556.4412841796875,78.3021240234375,211.96588134765625,-1,-1,-1,-1
497,13,861.8670654296875,586.4447021484375,78.3848876953125,211.40411376953125,-1,-1,-1,-1
498,13,874.8421020507812,617.0940551757812,79.6153564453125,211.57659912109375,-1,-1,-1,-1
499,13,880.778076171875,620.9357299804688,82.2086181640625,212.42303466796875,-1,-1,-1,-1
500,13,889.7166748046875,619.6358032226562,81.54779052734375,212.99395751953125,-1,-1,-1,-1
501,13,902.033203125,626.96923828125,80.26007080078125,213.57763671875,-1,-1,-1,-1
502,13,908.6381225585938,617.8405151367188,81.3851318359375,214.99359130859375,-1,-1,-1,-1
503,13,911.0389404296875,592.0020751953125,83.680419921875,215.5908203125,-1,-1,-1,-1
504,13,917.1286010742188,578.5662841796875,86.02117919921875,215.04010009765625,-1,-1,-1,-1
505,13,923.3181762695312,583.9588012695312,85.9027099609375,218.00628662109375,-1,-1,-1,-1
506,13,935.2860107421875,597.173583984375,84.256103515625,220.64337158203125,-1,-1,-1,-1
507,13,950.0144653320312,617.3095092773438,85.57037353515625,223.68658447265625,-1,-1,-1,-1
508,13,962.484375,645.8651733398438,85.5693359375,228.63201904296875,-1,-1,-1,-1
509,13,967.35888671875,681.2529296875,88.4232177734375,233.1142578125,-1,-1,-1,-1
510,13,977.1797485351562,711.3380737304688,88.05743408203125,240.35943603515625,-1,-1,-1,-1
511,13,985.4409790039062,702.1839599609375,91.77105712890625,243.335205078125,-1,-1,-1,-1
512,13,995.4055786132812,680.6868896484375,95.32781982421875,245.50341796875,-1,-1,-1,-1
513,13,1004.8365478515625,656.0925903320312,94.5657958984375,248.73394775390625,-1,-1,-1,-1
514,13,1007.0079345703125,640.4072265625,95.604248046875,249.76806640625,-1,-1,-1,-1
515,13,1005.029296875,621.1102905273438,93.51318359375,250.8148193359375,-1,-1,-1,-1
516,13,996.8001708984375,597.7362060546875,96.544677734375,252.64532470703125,-1,-1,-1,-1
517,13,984.7863159179688,570.9810791015625,95.85284423828125,251.89080810546875,-1,-1,-1,-1
518,13,968.079833984375,554.532470703125,96.8114013671875,250.5098876953125,-1,-1,-1,-1
519,13,950.6409301757812,558.9720458984375,98.67218017578125,251.09490966796875,-1,-1,-1,-1
520,13,942.3651123046875,569.3767700195312,95.8892822265625,252.14849853515625,-1,-1,-1,-1
521,13,935.67578125,584.9473876953125,96.823486328125,253.00335693359375,-1,-1,-1,-1
522,13,925.581787109375,596.1343994140625,97.37469482421875,254.9874267578125,-1,-1,-1,-1
523,13,916.1412963867188,594.1726684570312,96.7979736328125,256.0233154296875,-1,-1,-1,-1
524,13,915.3690185546875,588.6224975585938,96.88531494140625,259.3031005859375,-1,-1,-1,-1
525,13,918.84521484375,583.616455078125,107.760009765625,263.06842041015625,-1,-1,-1,-1
526,13,920.2650146484375,590.1131591796875,100.61199951171875,263.56903076171875,-1,-1,-1,-1
527,13,921.0968017578125,593.2152709960938,101.95074462890625,267.02276611328125,-1,-1,-1,-1
528,13,920.4150390625,578.3655395507812,103.77569580078125,264.75750732421875,-1,-1,-1,-1
529,13,920.8698120117188,540.1221313476562,104.431640625,264.34765625,-1,-1,-1,-1
530,13,933.60693359375,509.8568420410156,102.3287353515625,262.7781066894531,-1,-1,-1,-1
531,13,944.2265625,528.8434448242188,100.8394775390625,259.8353271484375,-1,-1,-1,-1
532,13,962.6663208007812,525.246337890625,101.70745849609375,258.5374755859375,-1,-1,-1,-1
533,13,964.7861938476562,514.3028564453125,102.76983642578125,260.0086669921875,-1,-1,-1,-1
534,13,978.9597778320312,519.6688842773438,101.87286376953125,261.43072509765625,-1,-1,-1,-1
535,13,991.880859375,496.12469482421875,102.32763671875,263.40814208984375,-1,-1,-1,-1
536,13,1000.0562744140625,496.3114929199219,102.0142822265625,263.6628112792969,-1,-1,-1,-1
537,13,1005.1304931640625,506.7428283691406,102.0975341796875,263.5959777832031,-1,-1,-1,-1
538,13,1008.1347045898438,531.39111328125,101.59979248046875,262.6422119140625,-1,-1,-1,-1
539,13,1010.007568359375,535.5552368164062,102.7904052734375,260.853515625,-1,-1,-1,-1
540,13,1007.12841796875,530.2257690429688,102.7169189453125,258.96466064453125,-1,-1,-1,-1
541,13,1018.0125122070312,528.936279296875,101.87738037109375,260.09942626953125,-1,-1,-1,-1
542,13,1027.0809326171875,540.8572998046875,100.1455078125,258.67877197265625,-1,-1,-1,-1
543,13,1033.479248046875,555.4373168945312,100.866455078125,258.79339599609375,-1,-1,-1,-1
544,13,1046.2271728515625,587.9437255859375,98.48388671875,259.561767578125,-1,-1,-1,-1
545,13,1044.4052734375,588.4884033203125,100.76171875,260.06005859375,-1,-1,-1,-1
546,13,1045.0662841796875,588.2288818359375,103.6929931640625,259.0115966796875,-1,-1,-1,-1
547,13,1055.7637939453125,593.206787109375,103.0450439453125,260.8236083984375,-1,-1,-1,-1
548,13,1060.2547607421875,590.921630859375,103.3687744140625,261.3673095703125,-1,-1,-1,-1
549,13,1061.150146484375,580.6320190429688,101.1295166015625,259.07916259765625,-1,-1,-1,-1
550,13,1056.862548828125,567.1804809570312,100.1109619140625,258.39215087890625,-1,-1,-1,-1
551,13,1060.7813720703125,537.6688842773438,102.413818359375,261.18524169921875,-1,-1,-1,-1
552,13,1070.201171875,514.0199584960938,101.2655029296875,263.034912109375,-1,-1,-1,-1
553,13,1072.087158203125,502.677978515625,101.05712890625,264.95111083984375,-1,-1,-1,-1
554,13,1067.7796630859375,500.3482360839844,104.3878173828125,265.5130310058594,-1,-1,-1,-1
555,13,1064.4317626953125,505.45745849609375,104.7713623046875,265.74664306640625,-1,-1,-1,-1
556,13,1061.5035400390625,512.4898376464844,105.4825439453125,267.3946838378906,-1,-1,-1,-1
557,13,1062.4307861328125,519.3651123046875,106.3934326171875,270.09747314453125,-1,-1,-1,-1
558,13,1071.570068359375,522.0675659179688,105.60009765625,273.08740234375,-1,-1,-1,-1
559,13,1080.25537109375,532.8800048828125,109.2396240234375,278.73736572265625,-1,-1,-1,-1
560,13,1089.74560546875,547.3604736328125,112.9810791015625,282.7603759765625,-1,-1,-1,-1
561,13,1099.873291015625,536.0357666015625,112.5992431640625,288.61480712890625,-1,-1,-1,-1
562,13,1111.115234375,495.2232360839844,115.3653564453125,292.8504943847656,-1,-1,-1,-1
563,13,1118.920654296875,483.22869873046875,117.5804443359375,298.42242431640625,-1,-1,-1,-1
564,13,1121.7628173828125,470.94903564453125,119.6326904296875,299.42279052734375,-1,-1,-1,-1
565,13,1127.31298828125,467.30389404296875,120.78076171875,302.3314208984375,-1,-1,-1,-1
566,13,1129.830322265625,461.15069580078125,125.0220947265625,305.114990234375,-1,-1,-1,-1
567,13,1135.387939453125,452.760009765625,125.833740234375,308.6181640625,-1,-1,-1,-1
568,13,1143.110595703125,445.27923583984375,124.198486328125,310.75537109375,-1,-1,-1,-1
569,13,1143.338134765625,438.38665771484375,124.65380859375,310.32513427734375,-1,-1,-1,-1
570,13,1145.174072265625,441.9439392089844,125.515380859375,309.5689392089844,-1,-1,-1,-1
571,13,1143.4639892578125,433.8634033203125,123.24658203125,308.06072998046875,-1,-1,-1,-1
572,13,1137.22119140625,435.88287353515625,122.0179443359375,304.8193359375,-1,-1,-1,-1
573,13,1162.605224609375,449.3781433105469,123.1142578125,304.9725036621094,-1,-1,-1,-1
574,13,1159.6134033203125,431.08050537109375,122.401611328125,303.5836181640625,-1,-1,-1,-1
575,13,1160.2286376953125,418.7317810058594,132.78955078125,296.2703552246094,-1,-1,-1,-1
576,13,1155.507568359375,439.0047302246094,122.0919189453125,290.4452209472656,-1,-1,-1,-1
577,13,1126.94384765625,438.5098571777344,120.6168212890625,285.0444030761719,-1,-1,-1,-1
578,13,1138.255859375,457.5067138671875,112.699951171875,283.52587890625,-1,-1,-1,-1
579,13,1139.693115234375,484.6299743652344,110.0274658203125,279.1069641113281,-1,-1,-1,-1
580,13,1075.3553466796875,487.4858093261719,143.9617919921875,269.5642395019531,-1,-1,-1,-1
581,13,1127.9564208984375,461.12725830078125,133.251220703125,267.07708740234375,-1,-1,-1,-1
582,13,1127.4073486328125,458.5057067871094,129.10693359375,265.1358337402344,-1,-1,-1,-1
583,13,1117.031494140625,455.72259521484375,104.9239501953125,256.66278076171875,-1,-1,-1,-1
584,13,1113.660400390625,441.0834655761719,111.3831787109375,256.1124572753906,-1,-1,-1,-1
585,13,1119.188232421875,389.7692565917969,108.7347412109375,255.38906860351562,-1,-1,-1,-1
586,13,1104.364013671875,358.26422119140625,107.366455078125,253.8382568359375,-1,-1,-1,-1
587,13,1110.547119140625,348.3406982421875,110.400634765625,251.13067626953125,-1,-1,-1,-1
588,13,1118.1365966796875,334.5926818847656,115.809326171875,252.09432983398438,-1,-1,-1,-1
589,13,1115.822998046875,334.5298156738281,115.7685546875,248.12326049804688,-1,-1,-1,-1
590,13,1125.5740966796875,343.681884765625,113.1893310546875,244.7730712890625,-1,-1,-1,-1
591,13,1165.45068359375,347.892578125,126.1407470703125,246.61138916015625,-1,-1,-1,-1
592,13,1262.5810546875,353.2889099121094,118.0172119140625,247.40750122070312,-1,-1,-1,-1
594,13,944.1806030273438,324.7344055175781,221.11114501953125,288.8315734863281,-1,-1,-1,-1
520,14,405.2046813964844,1069.539794921875,482.3475036621094,336.7738037109375,-1,-1,-1,-1
521,14,435.9168395996094,1089.85400390625,450.0856018066406,316.3092041015625,-1,-1,-1,-1
522,14,481.5671081542969,1131.494873046875,404.2537536621094,276.2274169921875,-1,-1,-1,-1
523,14,503.68988037109375,1144.883056640625,390.95880126953125,263.6400146484375,-1,-1,-1,-1
524,14,501.52734375,1094.5653076171875,395.98974609375,313.04052734375,-1,-1,-1,-1
525,14,333.969970703125,1041.0953369140625,549.561279296875,365.1944580078125,-1,-1,-1,-1
526,14,368.82684326171875,1088.953369140625,517.6441650390625,318.2430419921875,-1,-1,-1,-1
583,15,994.7313842773438,458.2984924316406,39.38140869140625,114.79281616210938,-1,-1,-1,-1
584,15,997.4534301757812,448.84490966796875,37.06353759765625,97.74676513671875,-1,-1,-1,-1
585,15,998.3270874023438,397.5841979980469,43.82305908203125,107.07632446289062,-1,-1,-1,-1
586,15,986.0008544921875,361.9790954589844,51.4417724609375,140.33807373046875,-1,-1,-1,-1
587,15,1001.9944458007812,343.1427001953125,47.71490478515625,145.6802978515625,-1,-1,-1,-1
588,15,1008.68505859375,323.5641174316406,58.94921875,162.72433471679688,-1,-1,-1,-1
594,15,861.31494140625,281.4305114746094,71.670654296875,241.57162475585938,-1,-1,-1,-1
