1,1,809.6923828125,184.80992126464844,370.2841796875,495.73980712890625,-1,-1,-1,-1
2,1,842.417724609375,204.62762451171875,334.120361328125,512.7477416992188,-1,-1,-1,-1
3,1,848.27294921875,217.03921508789062,348.2510986328125,525.3792724609375,-1,-1,-1,-1
4,1,853.4622192382812,251.75570678710938,343.95001220703125,509.3051452636719,-1,-1,-1,-1
5,1,879.4781494140625,267.4336853027344,328.786376953125,508.0489807128906,-1,-1,-1,-1
6,1,905.6215209960938,286.2621154785156,301.57196044921875,498.8509826660156,-1,-1,-1,-1
7,1,928.197509765625,303.67254638671875,288.3150634765625,481.29498291015625,-1,-1,-1,-1
8,1,930.8258056640625,317.8387145996094,293.7716064453125,470.8011169433594,-1,-1,-1,-1
9,1,928.1890869140625,336.52203369140625,285.0045166015625,449.3714599609375,-1,-1,-1,-1
10,1,929.8528442382812,337.0311584472656,291.43634033203125,441.4604797363281,-1,-1,-1,-1
11,1,929.5848999023438,317.0220031738281,294.61358642578125,442.5508728027344,-1,-1,-1,-1
12,1,928.122314453125,263.223876953125,321.1881103515625,462.101318359375,-1,-1,-1,-1
13,1,925.9428100585938,239.45106506347656,317.40521240234375,457.21710205078125,-1,-1,-1,-1
14,1,922.3822631835938,223.4629364013672,326.96636962890625,450.27880859375,-1,-1,-1,-1
15,1,918.2664184570312,211.4870147705078,336.13226318359375,444.11065673828125,-1,-1,-1,-1
16,1,909.2627563476562,203.0664825439453,348.04168701171875,440.385986328125,-1,-1,-1,-1
17,1,906.1716918945312,199.09439086914062,341.20867919921875,432.0036315917969,-1,-1,-1,-1
18,1,913.790283203125,193.6900634765625,335.7869873046875,427.66552734375,-1,-1,-1,-1
19,1,926.9812622070312,179.1312255859375,329.66400146484375,438.961669921875,-1,-1,-1,-1
20,1,942.9813232421875,185.6298828125,315.9683837890625,438.8560791015625,-1,-1,-1,-1
21,1,958.4679565429688,181.47726440429688,300.16705322265625,460.6792907714844,-1,-1,-1,-1
22,1,973.3662109375,198.06224060058594,285.707275390625,446.0823974609375,-1,-1,-1,-1
23,1,985.1947631835938,193.59165954589844,321.41534423828125,455.49127197265625,-1,-1,-1,-1
24,1,996.9591674804688,225.6986541748047,288.55731201171875,428.5390625,-1,-1,-1,-1
25,1,1013.8611450195312,249.1749725341797,302.40533447265625,414.07818603515625,-1,-1,-1,-1
26,1,1027.1905517578125,270.3431396484375,304.5552978515625,403.3826904296875,-1,-1,-1,-1
27,1,1048.1605224609375,298.7565612792969,320.9969482421875,382.0857238769531,-1,-1,-1,-1
28,1,1057.12744140625,315.56982421875,320.572998046875,368.0438232421875,-1,-1,-1,-1
29,1,1075.7569580078125,333.2158508300781,302.578857421875,354.0585632324219,-1,-1,-1,-1
30,1,1090.13916015625,346.6875305175781,303.5081787109375,343.9560852050781,-1,-1,-1,-1
31,1,1103.8314208984375,361.22467041015625,293.8531494140625,334.3377685546875,-1,-1,-1,-1
32,1,1110.6015625,373.8446350097656,291.7005615234375,324.1357116699219,-1,-1,-1,-1
33,1,1117.5806884765625,381.0916748046875,285.3375244140625,316.54345703125,-1,-1,-1,-1
34,1,1132.6978759765625,392.490478515625,271.9964599609375,307.22222900390625,-1,-1,-1,-1
35,1,1140.105224609375,396.5239562988281,268.214599609375,297.8891906738281,-1,-1,-1,-1
36,1,1158.0064697265625,395.47259521484375,251.6236572265625,303.41925048828125,-1,-1,-1,-1
37,1,1160.054931640625,384.8509216308594,248.955810546875,318.7739562988281,-1,-1,-1,-1
38,1,1164.2301025390625,362.01806640625,243.5035400390625,349.08441162109375,-1,-1,-1,-1
39,1,1165.58447265625,352.48065185546875,242.8546142578125,361.08673095703125,-1,-1,-1,-1
40,1,1158.365234375,361.2436218261719,247.8966064453125,351.8119812011719,-1,-1,-1,-1
41,1,1153.75,346.9410705566406,251.8831787109375,366.2078552246094,-1,-1,-1,-1
42,1,1155.302978515625,336.05316162109375,248.8671875,393.12689208984375,-1,-1,-1,-1
43,1,1157.5523681640625,345.1281433105469,248.084228515625,359.4565734863281,-1,-1,-1,-1
44,1,1162.79296875,338.42095947265625,241.81982421875,362.0650634765625,-1,-1,-1,-1
45,1,1158.301025390625,313.84674072265625,247.1607666015625,386.83477783203125,-1,-1,-1,-1
46,1,1153.4208984375,310.87939453125,253.7255859375,392.8419189453125,-1,-1,-1,-1
47,1,1146.4468994140625,269.57379150390625,257.736572265625,431.494384765625,-1,-1,-1,-1
48,1,1142.8763427734375,202.27076721191406,261.5684814453125,494.50909423828125,-1,-1,-1,-1
49,1,1145.3232421875,171.25082397460938,254.4656982421875,516.61767578125,-1,-1,-1,-1
50,1,1152.7933349609375,165.54464721679688,248.1085205078125,516.035888671875,-1,-1,-1,-1
51,1,1157.0118408203125,151.81484985351562,243.1278076171875,526.6793212890625,-1,-1,-1,-1
52,1,1154.5428466796875,130.54966735839844,245.2679443359375,524.486328125,-1,-1,-1,-1
53,1,1163.092529296875,129.708740234375,238.3189697265625,497.8505859375,-1,-1,-1,-1
54,1,1152.9383544921875,189.640625,248.3450927734375,423.31011962890625,-1,-1,-1,-1
55,1,1139.8592529296875,168.9327392578125,263.6693115234375,436.65740966796875,-1,-1,-1,-1
56,1,1138.701416015625,222.2440185546875,264.10791015625,387.663818359375,-1,-1,-1,-1
57,1,1144.005126953125,175.1343231201172,260.6671142578125,451.8812255859375,-1,-1,-1,-1
58,1,1142.721435546875,159.97882080078125,262.34375,480.245849609375,-1,-1,-1,-1
59,1,1111.4464111328125,129.08502197265625,295.2352294921875,538.1358642578125,-1,-1,-1,-1
60,1,1069.87255859375,132.00209045410156,334.321044921875,566.1552124023438,-1,-1,-1,-1
61,1,1005.5075073242188,186.81948852539062,392.44512939453125,519.9075927734375,-1,-1,-1,-1
62,1,991.2832641601562,217.30355834960938,397.53509521484375,507.0692443847656,-1,-1,-1,-1
63,1,959.3570556640625,151.37911987304688,414.22119140625,591.6441650390625,-1,-1,-1,-1
64,1,937.27880859375,165.799072265625,395.20166015625,595.8834838867188,-1,-1,-1,-1
65,1,913.275634765625,171.7931671142578,384.7685546875,618.8470458984375,-1,-1,-1,-1
66,1,911.8509521484375,206.33792114257812,325.7989501953125,593.914794921875,-1,-1,-1,-1
67,1,873.4288330078125,253.2281951904297,307.82275390625,617.7915649414062,-1,-1,-1,-1
68,1,838.1246337890625,290.93798828125,279.731201171875,583.7962646484375,-1,-1,-1,-1
69,1,778.931396484375,301.8325500488281,278.282470703125,591.46728515625,-1,-1,-1,-1
70,1,705.291748046875,333.4264831542969,289.43121337890625,556.779541015625,-1,-1,-1,-1
71,1,649.174560546875,340.434326171875,286.5721435546875,540.77978515625,-1,-1,-1,-1
72,1,608.0280151367188,341.4039306640625,269.2047119140625,555.0911254882812,-1,-1,-1,-1
73,1,560.3648071289062,337.0675048828125,249.894775390625,491.4713134765625,-1,-1,-1,-1
74,1,490.6135559082031,326.5689392089844,264.7164001464844,491.3667297363281,-1,-1,-1,-1
75,1,428.9212646484375,398.58056640625,277.8565673828125,423.62939453125,-1,-1,-1,-1
76,1,369.16363525390625,405.4668884277344,279.62347412109375,405.6279602050781,-1,-1,-1,-1
77,1,326.7906494140625,376.2550048828125,274.20941162109375,421.589599609375,-1,-1,-1,-1
78,1,291.7308349609375,285.1263732910156,275.580810546875,504.7848815917969,-1,-1,-1,-1
79,1,262.0770263671875,280.12677001953125,298.85198974609375,507.33709716796875,-1,-1,-1,-1
80,1,245.77963256835938,257.1243896484375,310.0107727050781,538.09423828125,-1,-1,-1,-1
81,1,239.27980041503906,249.2002716064453,301.04266357421875,521.4234008789062,-1,-1,-1,-1
82,1,218.86172485351562,265.8258361816406,314.6152038574219,511.4143981933594,-1,-1,-1,-1
83,1,11.769840240478516,96.98893737792969,515.1107177734375,698.8760986328125,-1,-1,-1,-1
84,1,39.9632568359375,288.8541259765625,461.7572937011719,501.60028076171875,-1,-1,-1,-1
85,1,58.82255172729492,290.3389892578125,475.9444885253906,473.1787109375,-1,-1,-1,-1
86,1,65.45614624023438,275.4901428222656,505.5903625488281,488.0090026855469,-1,-1,-1,-1
87,1,24.287992477416992,269.5678405761719,597.0433959960938,508.7403259277344,-1,-1,-1,-1
88,1,30.38705825805664,301.81439208984375,564.662841796875,461.8524169921875,-1,-1,-1,-1
89,1,45.02840805053711,345.2223205566406,524.7749633789062,353.2085266113281,-1,-1,-1,-1
90,1,4.993680953979492,351.0568542480469,562.1744995117188,379.5659484863281,-1,-1,-1,-1
91,1,10.208908081054688,342.4394226074219,520.32470703125,381.5721130371094,-1,-1,-1,-1
92,1,2.1203136444091797,406.653076171875,526.6611938476562,331.0732421875,-1,-1,-1,-1
93,1,-15.272504806518555,420.65277099609375,486.1480712890625,374.789794921875,-1,-1,-1,-1
94,1,-7.086559295654297,405.7093200683594,502.27899169921875,456.6693420410156,-1,-1,-1,-1
95,1,-5.511737823486328,397.8030700683594,495.0470886230469,583.4658203125,-1,-1,-1,-1
96,1,-2.651315689086914,387.1842346191406,500.49615478515625,650.0120849609375,-1,-1,-1,-1
97,1,-2.221712112426758,368.1235656738281,537.4555053710938,693.4766845703125,-1,-1,-1,-1
98,1,-8.921794891357422,367.6811218261719,615.6119995117188,725.075439453125,-1,-1,-1,-1
99,1,-0.6574440002441406,379.69384765625,664.37744140625,794.654296875,-1,-1,-1,-1
100,1,4.443143844604492,372.6949157714844,640.5284423828125,852.4512939453125,-1,-1,-1,-1
101,1,-2.9348506927490234,354.6705017089844,588.5165405273438,799.720703125,-1,-1,-1,-1
102,1,-4.56086540222168,333.6633605957031,504.9593200683594,807.75048828125,-1,-1,-1,-1
103,1,-22.42694854736328,274.3758239746094,499.32537841796875,915.5572509765625,-1,-1,-1,-1
104,1,-14.650108337402344,219.33114624023438,437.0152282714844,970.0264892578125,-1,-1,-1,-1
1,2,653.9479370117188,54.90650177001953,417.07281494140625,667.8383178710938,-1,-1,-1,-1
2,2,656.976806640625,95.13821411132812,395.822998046875,661.2056884765625,-1,-1,-1,-1
3,2,650.49267578125,96.02385711669922,367.0263671875,681.716552734375,-1,-1,-1,-1
4,2,648.1382446289062,103.74031829833984,356.79150390625,694.70556640625,-1,-1,-1,-1
5,2,651.5779418945312,130.12692260742188,363.35882568359375,685.471435546875,-1,-1,-1,-1
6,2,643.138427734375,135.7992401123047,379.52630615234375,687.6981811523438,-1,-1,-1,-1
7,2,643.1964111328125,143.6359405517578,357.01641845703125,679.9696044921875,-1,-1,-1,-1
8,2,642.7852172851562,156.75848388671875,352.45330810546875,670.4862670898438,-1,-1,-1,-1
9,2,646.546142578125,166.98458862304688,326.6539306640625,658.217041015625,-1,-1,-1,-1
10,2,647.2570190429688,168.83084106445312,320.82379150390625,650.0772705078125,-1,-1,-1,-1
11,2,647.1438598632812,144.7111053466797,318.03216552734375,641.2637329101562,-1,-1,-1,-1
12,2,651.2849731445312,96.63618469238281,309.79522705078125,632.7771606445312,-1,-1,-1,-1
13,2,647.5948486328125,55.75003433227539,307.19696044921875,635.408203125,-1,-1,-1,-1
14,2,637.5070190429688,31.098812103271484,313.78765869140625,634.6494750976562,-1,-1,-1,-1
15,2,629.3096923828125,15.669820785522461,314.3482666015625,635.0305786132812,-1,-1,-1,-1
16,2,622.8202514648438,8.393814086914062,312.7374267578125,621.9229736328125,-1,-1,-1,-1
17,2,600.3089599609375,-0.06807136535644531,324.01171875,638.603271484375,-1,-1,-1,-1
18,2,598.3857421875,2.96917724609375,318.3968505859375,623.4452514648438,-1,-1,-1,-1
19,2,601.5753784179688,0.1579132080078125,313.80694580078125,624.115966796875,-1,-1,-1,-1
20,2,604.560546875,-0.19888687133789062,307.7220458984375,622.1932983398438,-1,-1,-1,-1
21,2,607.866943359375,1.3265037536621094,303.14166259765625,617.3404541015625,-1,-1,-1,-1
22,2,611.3067626953125,-2.337127685546875,305.120849609375,605.6153564453125,-1,-1,-1,-1
23,2,622.2872924804688,-2.9543628692626953,308.69000244140625,593.0125732421875,-1,-1,-1,-1
24,2,641.7257690429688,-0.8388862609863281,307.2459716796875,580.4669189453125,-1,-1,-1,-1
25,2,659.4370727539062,-1.5040626525878906,310.248291015625,576.3219604492188,-1,-1,-1,-1
26,2,690.42431640625,-3.351215362548828,309.15521240234375,619.6990966796875,-1,-1,-1,-1
27,2,724.6908569335938,-0.4428730010986328,304.87066650390625,611.9555053710938,-1,-1,-1,-1
28,2,760.690185546875,23.194576263427734,297.2283935546875,586.3082885742188,-1,-1,-1,-1
29,2,793.6962890625,24.148784637451172,296.3106689453125,576.2130126953125,-1,-1,-1,-1
30,2,801.8812866210938,26.735322952270508,311.83453369140625,564.916748046875,-1,-1,-1,-1
31,2,809.3605346679688,29.451250076293945,330.35076904296875,552.4163208007812,-1,-1,-1,-1
32,2,814.9863891601562,26.21015167236328,347.53778076171875,548.7418212890625,-1,-1,-1,-1
33,2,817.7571411132812,12.860990524291992,368.39141845703125,556.263671875,-1,-1,-1,-1
34,2,828.6317749023438,21.463090896606445,370.24774169921875,545.3550415039062,-1,-1,-1,-1
35,2,842.508056640625,19.6489200592041,372.242919921875,543.3915405273438,-1,-1,-1,-1
36,2,876.4439697265625,36.657745361328125,352.61181640625,526.2265625,-1,-1,-1,-1
37,2,902.4509887695312,37.49863815307617,333.13360595703125,530.0048217773438,-1,-1,-1,-1
38,2,932.8899536132812,46.182708740234375,308.10418701171875,526.700439453125,-1,-1,-1,-1
39,2,952.104736328125,52.48694610595703,320.90234375,522.03076171875,-1,-1,-1,-1
40,2,962.8568725585938,54.440391540527344,367.47161865234375,522.0584716796875,-1,-1,-1,-1
41,2,958.0064697265625,67.31425476074219,409.2071533203125,510.02215576171875,-1,-1,-1,-1
42,2,958.9114990234375,76.54261016845703,331.8887939453125,501.32550048828125,-1,-1,-1,-1
43,2,962.4898681640625,81.76612091064453,353.9676513671875,492.97845458984375,-1,-1,-1,-1
44,2,966.0454711914062,82.9694595336914,355.06304931640625,490.0825500488281,-1,-1,-1,-1
45,2,972.4843139648438,79.69019317626953,404.08013916015625,492.9703369140625,-1,-1,-1,-1
46,2,974.2506103515625,89.38092803955078,376.2049560546875,479.68121337890625,-1,-1,-1,-1
47,2,977.6897583007812,99.51238250732422,344.25372314453125,467.8265380859375,-1,-1,-1,-1
48,2,1013.6902465820312,73.73115539550781,345.24566650390625,478.4193115234375,-1,-1,-1,-1
49,2,1041.5872802734375,99.6353759765625,315.5831298828125,445.46185302734375,-1,-1,-1,-1
50,2,1068.239990234375,135.6085662841797,286.1326904296875,394.829345703125,-1,-1,-1,-1
51,2,1097.2802734375,107.98945617675781,265.4248046875,419.49603271484375,-1,-1,-1,-1
52,2,1107.2615966796875,133.81817626953125,262.7979736328125,386.0396728515625,-1,-1,-1,-1
53,2,1106.3677978515625,157.05267333984375,266.6578369140625,346.5453796386719,-1,-1,-1,-1
54,2,1115.937255859375,202.88943481445312,244.3741455078125,273.8211364746094,-1,-1,-1,-1
55,2,1119.8529052734375,182.08441162109375,256.457763671875,295.00439453125,-1,-1,-1,-1
56,2,1122.708984375,184.509521484375,264.7911376953125,300.90478515625,-1,-1,-1,-1
57,2,1124.264404296875,165.8091583251953,281.337646484375,335.10491943359375,-1,-1,-1,-1
58,2,1146.105224609375,148.44110107421875,240.828125,361.24896240234375,-1,-1,-1,-1
59,2,1126.2369384765625,130.1446075439453,275.29638671875,493.76220703125,-1,-1,-1,-1
1,3,923.0057373046875,137.21351623535156,289.2236328125,395.05218505859375,-1,-1,-1,-1
2,3,922.598388671875,192.24697875976562,269.040771484375,387.8888854980469,-1,-1,-1,-1
3,3,894.4461059570312,224.75250244140625,309.27130126953125,392.65765380859375,-1,-1,-1,-1
4,3,874.5186157226562,263.644775390625,307.52044677734375,380.83404541015625,-1,-1,-1,-1
5,3,903.6395874023438,275.9060363769531,290.16058349609375,371.1601257324219,-1,-1,-1,-1
65,4,1126.4564208984375,334.440185546875,276.061279296875,447.75750732421875,-1,-1,-1,-1
66,4,1078.8505859375,384.5993957519531,320.5743408203125,435.0607604980469,-1,-1,-1,-1
67,4,1055.8812255859375,397.80120849609375,338.21875,459.03338623046875,-1,-1,-1,-1
68,4,1030.423828125,396.8026123046875,359.9075927734375,477.01715087890625,-1,-1,-1,-1
69,4,1021.7909545898438,402.4660949707031,376.19781494140625,471.4969787597656,-1,-1,-1,-1
70,4,999.70654296875,410.413818359375,362.867919921875,457.382568359375,-1,-1,-1,-1
71,4,995.6214599609375,409.96026611328125,332.6392822265625,444.535888671875,-1,-1,-1,-1
72,4,980.1975708007812,410.6202392578125,287.66754150390625,429.3375244140625,-1,-1,-1,-1
73,4,955.5948486328125,400.729248046875,262.759521484375,417.772705078125,-1,-1,-1,-1
74,4,940.600341796875,385.5322265625,226.8187255859375,409.9251708984375,-1,-1,-1,-1
75,4,913.8641357421875,370.9384460449219,210.475830078125,433.3749694824219,-1,-1,-1,-1
76,4,875.8717651367188,358.63177490234375,214.01763916015625,432.93597412109375,-1,-1,-1,-1
77,4,849.6085815429688,347.3540954589844,216.13458251953125,430.8713684082031,-1,-1,-1,-1
78,4,831.0973510742188,338.12548828125,213.33489990234375,432.79559326171875,-1,-1,-1,-1
79,4,820.7135620117188,332.87481689453125,208.38250732421875,423.8544921875,-1,-1,-1,-1
80,4,816.2033081054688,339.10565185546875,207.07171630859375,414.75836181640625,-1,-1,-1,-1
81,4,812.95458984375,345.87530517578125,207.8818359375,401.35284423828125,-1,-1,-1,-1
82,4,820.5387573242188,360.7394104003906,200.12005615234375,393.8733825683594,-1,-1,-1,-1
83,4,823.5761108398438,373.19281005859375,192.80963134765625,386.89654541015625,-1,-1,-1,-1
84,4,812.2511596679688,380.3105773925781,196.06890869140625,395.3703918457031,-1,-1,-1,-1
85,4,804.4569702148438,389.9228210449219,193.2086181640625,369.4246520996094,-1,-1,-1,-1
86,4,792.349853515625,395.09375,190.38189697265625,357.04217529296875,-1,-1,-1,-1
87,4,767.3073120117188,406.5187072753906,193.63226318359375,346.2319641113281,-1,-1,-1,-1
88,4,757.2625122070312,415.0374755859375,176.4114990234375,335.850341796875,-1,-1,-1,-1
89,4,731.1392822265625,430.461669921875,177.2529296875,320.97113037109375,-1,-1,-1,-1
90,4,717.6377563476562,450.1374816894531,166.798095703125,304.1629943847656,-1,-1,-1,-1
91,4,703.1486206054688,461.5142517089844,160.54107666015625,291.8399353027344,-1,-1,-1,-1
92,4,687.0884399414062,473.69744873046875,150.57476806640625,278.111083984375,-1,-1,-1,-1
93,4,668.1002197265625,481.29644775390625,148.747802734375,271.084228515625,-1,-1,-1,-1
94,4,655.1918334960938,484.989501953125,147.01617431640625,274.94586181640625,-1,-1,-1,-1
95,4,646.3878173828125,488.80047607421875,141.1298828125,271.91107177734375,-1,-1,-1,-1
96,4,640.2985229492188,485.8724670410156,142.47955322265625,272.9527282714844,-1,-1,-1,-1
97,4,636.9404296875,478.2093811035156,143.9202880859375,271.4571228027344,-1,-1,-1,-1
98,4,632.5511474609375,470.9617919921875,143.67706298828125,267.1123046875,-1,-1,-1,-1
99,4,620.9741821289062,460.5036926269531,144.56304931640625,273.0496520996094,-1,-1,-1,-1
100,4,599.040771484375,467.1007385253906,147.0992431640625,260.4559020996094,-1,-1,-1,-1
101,4,574.5092163085938,455.34197998046875,154.7974853515625,262.5650634765625,-1,-1,-1,-1
102,4,550.947998046875,446.0025939941406,163.6990966796875,268.6527404785156,-1,-1,-1,-1
103,4,526.4209594726562,444.7518005371094,171.318115234375,267.0265808105469,-1,-1,-1,-1
104,4,505.9688720703125,441.292724609375,173.12884521484375,266.82928466796875,-1,-1,-1,-1
105,4,484.41473388671875,439.3920593261719,178.49774169921875,271.1199035644531,-1,-1,-1,-1
106,4,466.43499755859375,446.23187255859375,179.5401611328125,272.0787353515625,-1,-1,-1,-1
107,4,455.1233825683594,456.8302001953125,178.17141723632812,263.45062255859375,-1,-1,-1,-1
108,4,447.2418518066406,457.6046447753906,179.16824340820312,272.6968078613281,-1,-1,-1,-1
109,4,440.1848449707031,466.6316223144531,184.59756469726562,270.4368591308594,-1,-1,-1,-1
110,4,428.70001220703125,468.4595031738281,190.85821533203125,281.0206604003906,-1,-1,-1,-1
111,4,419.36907958984375,470.8204040527344,196.96209716796875,291.2028503417969,-1,-1,-1,-1
112,4,416.40460205078125,481.8514404296875,201.29144287109375,294.0960693359375,-1,-1,-1,-1
113,4,426.9256286621094,493.4981689453125,202.93338012695312,282.18798828125,-1,-1,-1,-1
114,4,441.52301025390625,503.9908447265625,205.40081787109375,287.7860107421875,-1,-1,-1,-1
115,4,457.24566650390625,515.519287109375,202.90362548828125,292.1617431640625,-1,-1,-1,-1
116,4,473.8234558105469,526.0584106445312,197.57644653320312,284.36407470703125,-1,-1,-1,-1
117,4,490.6594543457031,540.9740600585938,191.61013793945312,279.849853515625,-1,-1,-1,-1
118,4,511.15350341796875,541.574462890625,185.3724365234375,287.27972412109375,-1,-1,-1,-1
119,4,529.7242431640625,549.1427612304688,183.69207763671875,287.86053466796875,-1,-1,-1,-1
120,4,545.628662109375,578.103515625,185.22454833984375,271.5460205078125,-1,-1,-1,-1
121,4,557.3297729492188,593.3198852539062,192.587890625,261.98101806640625,-1,-1,-1,-1
122,4,570.2137451171875,592.651123046875,196.9815673828125,259.05810546875,-1,-1,-1,-1
123,4,578.325439453125,599.4554443359375,192.22607421875,259.34613037109375,-1,-1,-1,-1
124,4,583.7728881835938,580.0958862304688,192.2313232421875,279.2728271484375,-1,-1,-1,-1
125,4,592.859130859375,582.3650512695312,188.3052978515625,265.81719970703125,-1,-1,-1,-1
126,4,602.1797485351562,550.1024169921875,188.16455078125,296.07708740234375,-1,-1,-1,-1
127,4,616.2181396484375,569.4271850585938,184.27783203125,261.86358642578125,-1,-1,-1,-1
128,4,634.3931274414062,552.0176391601562,188.32037353515625,280.6900634765625,-1,-1,-1,-1
129,4,654.3939208984375,506.482177734375,187.51318359375,316.52301025390625,-1,-1,-1,-1
130,4,673.5572509765625,494.490966796875,180.27581787109375,315.2557373046875,-1,-1,-1,-1
131,4,689.0890502929688,475.97882080078125,179.13031005859375,333.940673828125,-1,-1,-1,-1
132,4,706.8035278320312,471.4850769042969,178.5867919921875,316.6214904785156,-1,-1,-1,-1
133,4,726.3071899414062,474.3511657714844,181.229248046875,322.8490905761719,-1,-1,-1,-1
134,4,745.3800659179688,485.26226806640625,179.55999755859375,311.46514892578125,-1,-1,-1,-1
135,4,762.27294921875,503.67919921875,183.237548828125,308.3341064453125,-1,-1,-1,-1
136,4,777.89306640625,519.4440307617188,184.82379150390625,321.34698486328125,-1,-1,-1,-1
137,4,792.2935180664062,530.7327270507812,191.29888916015625,307.54974365234375,-1,-1,-1,-1
138,4,810.9220581054688,524.031982421875,191.93499755859375,329.0965576171875,-1,-1,-1,-1
139,4,829.3629760742188,494.6069030761719,194.77801513671875,340.2445373535156,-1,-1,-1,-1
140,4,839.4617919921875,448.30718994140625,204.5692138671875,347.253173828125,-1,-1,-1,-1
141,4,838.2379760742188,412.23944091796875,208.39801025390625,352.38763427734375,-1,-1,-1,-1
142,4,823.1050415039062,401.26177978515625,213.37286376953125,351.46173095703125,-1,-1,-1,-1
143,4,806.8050537109375,407.2142333984375,214.7503662109375,346.99652099609375,-1,-1,-1,-1
144,4,786.520751953125,415.0790710449219,217.3946533203125,344.7260437011719,-1,-1,-1,-1
145,4,770.65625,424.0475158691406,214.13641357421875,339.0127258300781,-1,-1,-1,-1
146,4,750.1695556640625,428.04156494140625,214.49847412109375,335.570068359375,-1,-1,-1,-1
147,4,730.4956665039062,429.0040283203125,214.658935546875,331.29168701171875,-1,-1,-1,-1
148,4,713.938232421875,428.7509765625,210.09051513671875,330.7120361328125,-1,-1,-1,-1
149,4,701.5463256835938,429.7716369628906,207.1051025390625,326.3302917480469,-1,-1,-1,-1
150,4,688.35986328125,434.24267578125,208.24664306640625,326.251708984375,-1,-1,-1,-1
151,4,687.266357421875,441.560302734375,204.89996337890625,320.3134765625,-1,-1,-1,-1
152,4,687.153564453125,443.5284423828125,203.90594482421875,330.63055419921875,-1,-1,-1,-1
153,4,686.596923828125,449.82806396484375,203.0833740234375,325.28485107421875,-1,-1,-1,-1
154,4,675.5213012695312,457.1972961425781,209.63885498046875,315.0786437988281,-1,-1,-1,-1
155,4,658.7252807617188,458.01605224609375,215.9749755859375,321.63824462890625,-1,-1,-1,-1
156,4,649.40478515625,449.66119384765625,219.040771484375,321.4849853515625,-1,-1,-1,-1
157,4,653.9719848632812,444.96453857421875,218.931640625,317.25164794921875,-1,-1,-1,-1
158,4,654.4487915039062,437.3905334472656,223.76123046875,324.2833557128906,-1,-1,-1,-1
159,4,644.1514892578125,435.32757568359375,231.79974365234375,337.90234375,-1,-1,-1,-1
160,4,641.4384155273438,460.1386413574219,225.719482421875,312.3752746582031,-1,-1,-1,-1
161,4,627.8865356445312,454.2631530761719,235.70672607421875,328.7352600097656,-1,-1,-1,-1
162,4,616.11083984375,428.6456298828125,248.2789306640625,360.78765869140625,-1,-1,-1,-1
163,4,621.3773803710938,415.8348693847656,247.67364501953125,361.6515197753906,-1,-1,-1,-1
164,4,623.4754638671875,390.8741760253906,271.8446044921875,382.6535339355469,-1,-1,-1,-1
165,4,627.753173828125,353.73297119140625,281.7886962890625,417.75115966796875,-1,-1,-1,-1
166,4,637.3031005859375,318.71795654296875,280.96990966796875,449.73883056640625,-1,-1,-1,-1
167,4,644.0458984375,330.9337158203125,276.4686279296875,434.4443359375,-1,-1,-1,-1
168,4,664.2454223632812,323.545166015625,274.7535400390625,434.5333251953125,-1,-1,-1,-1
169,4,681.3557739257812,284.9129333496094,280.4078369140625,465.5758361816406,-1,-1,-1,-1
170,4,697.4401245117188,220.80567932128906,287.556884765625,521.2315063476562,-1,-1,-1,-1
171,4,716.773193359375,139.3619384765625,297.79522705078125,590.6378173828125,-1,-1,-1,-1
172,4,750.6072998046875,86.13038635253906,307.029296875,618.7340087890625,-1,-1,-1,-1
173,4,790.4833984375,43.42121124267578,324.7060546875,629.2664184570312,-1,-1,-1,-1
174,4,792.835693359375,31.090587615966797,373.138916015625,628.4525146484375,-1,-1,-1,-1
175,4,806.1640625,33.54093933105469,391.4320068359375,641.1918334960938,-1,-1,-1,-1
176,4,807.2649536132812,69.99205780029297,399.61090087890625,629.5503540039062,-1,-1,-1,-1
177,4,802.130859375,118.82484436035156,392.3162841796875,617.4686279296875,-1,-1,-1,-1
178,4,794.8223266601562,119.76006317138672,375.62640380859375,671.0874633789062,-1,-1,-1,-1
179,4,795.272216796875,170.89894104003906,349.2366943359375,674.3255615234375,-1,-1,-1,-1
180,4,799.1067504882812,225.2150115966797,324.72894287109375,675.0730590820312,-1,-1,-1,-1
181,4,806.71337890625,289.19775390625,306.0687255859375,675.5367431640625,-1,-1,-1,-1
182,4,827.4310302734375,341.82647705078125,284.140380859375,654.59375,-1,-1,-1,-1
183,4,851.55322265625,383.2468566894531,273.001220703125,631.3856201171875,-1,-1,-1,-1
184,4,873.2332153320312,398.04534912109375,258.44219970703125,622.7660522460938,-1,-1,-1,-1
185,4,874.56640625,398.3302001953125,261.8668212890625,600.602783203125,-1,-1,-1,-1
186,4,869.8722534179688,415.3589782714844,258.96405029296875,565.9049072265625,-1,-1,-1,-1
187,4,832.3837890625,393.99664306640625,286.861083984375,578.2161865234375,-1,-1,-1,-1
188,4,815.33251953125,386.577392578125,296.138427734375,582.912841796875,-1,-1,-1,-1
189,4,804.5012817382812,361.43060302734375,294.65753173828125,594.6588745117188,-1,-1,-1,-1
190,4,804.2224731445312,337.7818908691406,285.96893310546875,597.307373046875,-1,-1,-1,-1
191,4,779.9035034179688,334.4620361328125,297.90740966796875,589.3279418945312,-1,-1,-1,-1
192,4,775.34619140625,327.443603515625,287.3402099609375,593.632080078125,-1,-1,-1,-1
193,4,769.646728515625,308.5791931152344,271.9949951171875,604.89501953125,-1,-1,-1,-1
194,4,760.0943603515625,296.53143310546875,260.04547119140625,605.6251220703125,-1,-1,-1,-1
195,4,750.9049682617188,270.3807373046875,258.7628173828125,611.0191040039062,-1,-1,-1,-1
196,4,729.4369506835938,313.9715270996094,252.6737060546875,535.301513671875,-1,-1,-1,-1
197,4,700.8402099609375,175.0016326904297,244.5850830078125,627.0576171875,-1,-1,-1,-1
198,4,658.8884887695312,58.781280517578125,253.49749755859375,661.7239990234375,-1,-1,-1,-1
199,4,603.0682373046875,-3.8281517028808594,263.934326171875,639.39453125,-1,-1,-1,-1
200,4,539.1375732421875,-0.9689254760742188,275.17236328125,587.67236328125,-1,-1,-1,-1
201,4,485.07220458984375,-4.3470916748046875,280.55694580078125,619.6690063476562,-1,-1,-1,-1
202,4,447.5780334472656,-1.144765853881836,278.6799621582031,618.3427734375,-1,-1,-1,-1
203,4,423.9147644042969,-0.9459724426269531,280.5693664550781,577.2532348632812,-1,-1,-1,-1
204,4,401.8243713378906,-9.472373962402344,295.1859436035156,591.2166137695312,-1,-1,-1,-1
205,4,379.8543701171875,-20.464275360107422,309.5570068359375,600.585693359375,-1,-1,-1,-1
206,4,356.03936767578125,-24.24905014038086,330.58331298828125,595.2493286132812,-1,-1,-1,-1
207,4,329.6494445800781,-10.665428161621094,362.3811950683594,577.7937622070312,-1,-1,-1,-1
208,4,313.0544128417969,-3.957897186279297,377.2086486816406,567.868896484375,-1,-1,-1,-1
209,4,316.5467529296875,-0.5210895538330078,362.60931396484375,560.7684326171875,-1,-1,-1,-1
210,4,322.62799072265625,-0.20730018615722656,324.22216796875,558.8352661132812,-1,-1,-1,-1
211,4,329.4814147949219,-2.2670726776123047,299.2048034667969,557.777587890625,-1,-1,-1,-1
212,4,324.5331726074219,-4.215793609619141,282.8992004394531,559.40625,-1,-1,-1,-1
213,4,308.43450927734375,-5.580596923828125,274.1478271484375,565.170654296875,-1,-1,-1,-1
214,4,300.010498046875,-2.026968002319336,254.40478515625,570.8199462890625,-1,-1,-1,-1
215,4,300.2323913574219,1.3821868896484375,238.67239379882812,569.6080322265625,-1,-1,-1,-1
216,4,296.7422180175781,4.944061279296875,237.58847045898438,561.478759765625,-1,-1,-1,-1
217,4,214.73004150390625,-0.5471687316894531,318.2662353515625,561.5079956054688,-1,-1,-1,-1
218,4,89.9104232788086,5.368440628051758,452.4144592285156,550.2139892578125,-1,-1,-1,-1
219,4,97.3304214477539,9.818475723266602,453.7087707519531,538.5430297851562,-1,-1,-1,-1
220,4,83.35919952392578,1.7547225952148438,473.86212158203125,543.0455322265625,-1,-1,-1,-1
221,4,293.2191162109375,-0.3532848358154297,264.3311767578125,538.3901977539062,-1,-1,-1,-1
222,4,303.0162353515625,0.9325675964355469,263.3135986328125,534.5999755859375,-1,-1,-1,-1
223,4,319.57537841796875,-0.5178375244140625,248.96917724609375,549.7908325195312,-1,-1,-1,-1
224,4,317.68316650390625,-2.1715469360351562,253.06390380859375,555.3494262695312,-1,-1,-1,-1
225,4,284.6099548339844,-3.2651309967041016,282.5481262207031,559.6416015625,-1,-1,-1,-1
226,4,230.7379608154297,0.26871299743652344,332.5399169921875,557.194580078125,-1,-1,-1,-1
227,4,275.4646911621094,-4.09156608581543,285.8101501464844,561.22021484375,-1,-1,-1,-1
228,4,274.2295837402344,-2.8149242401123047,279.4442443847656,560.0464477539062,-1,-1,-1,-1
229,4,264.6360778808594,-3.9097042083740234,284.9600524902344,561.2216796875,-1,-1,-1,-1
230,4,224.97048950195312,-1.0643672943115234,320.3197326660156,560.652587890625,-1,-1,-1,-1
231,4,147.193359375,2.574045181274414,392.8817138671875,541.2386474609375,-1,-1,-1,-1
92,5,534.34765625,348.782470703125,32.62579345703125,81.51974487304688,-1,-1,-1,-1
93,5,515.7012939453125,350.8194274902344,29.23028564453125,75.62619018554688,-1,-1,-1,-1
94,5,503.3954162597656,349.6282043457031,28.855804443359375,69.70855712890625,-1,-1,-1,-1
95,5,492.53216552734375,348.0775146484375,28.859375,67.82598876953125,-1,-1,-1,-1
96,5,486.7772521972656,337.9814147949219,27.902374267578125,65.60888671875,-1,-1,-1,-1
97,5,483.9586486816406,325.9440002441406,29.97637939453125,74.25180053710938,-1,-1,-1,-1
98,5,479.19720458984375,311.9387512207031,33.10931396484375,82.97390747070312,-1,-1,-1,-1
99,5,465.6286926269531,304.6381530761719,32.002044677734375,82.33273315429688,-1,-1,-1,-1
100,5,441.502197265625,303.73956298828125,31.453857421875,78.72647094726562,-1,-1,-1,-1
101,5,414.44891357421875,302.59417724609375,31.26947021484375,79.90420532226562,-1,-1,-1,-1
102,5,389.56689453125,303.3706359863281,31.00494384765625,78.39974975585938,-1,-1,-1,-1
103,5,363.46337890625,305.6344299316406,32.9754638671875,77.79818725585938,-1,-1,-1,-1
104,5,336.48956298828125,306.2592468261719,32.54425048828125,78.29833984375,-1,-1,-1,-1
105,5,308.353271484375,310.8284606933594,32.522979736328125,75.503173828125,-1,-1,-1,-1
106,5,281.53076171875,315.84857177734375,32.470794677734375,75.17123413085938,-1,-1,-1,-1
107,5,261.5519104003906,322.375,33.491668701171875,76.72921752929688,-1,-1,-1,-1
108,5,243.49673461914062,325.9123229980469,32.639617919921875,79.1710205078125,-1,-1,-1,-1
109,5,230.04336547851562,335.1246337890625,34.118408203125,73.20703125,-1,-1,-1,-1
110,5,213.1501922607422,340.3614196777344,35.78105163574219,78.54049682617188,-1,-1,-1,-1
111,5,198.39564514160156,345.96014404296875,36.15419006347656,79.01797485351562,-1,-1,-1,-1
112,5,194.4972381591797,359.2913818359375,35.35523986816406,76.7222900390625,-1,-1,-1,-1
113,5,205.1016082763672,374.76922607421875,35.8167724609375,76.05657958984375,-1,-1,-1,-1
114,5,216.79051208496094,389.7227478027344,38.278411865234375,77.7542724609375,-1,-1,-1,-1
115,5,229.517333984375,410.6719970703125,39.847625732421875,75.50411987304688,-1,-1,-1,-1
116,5,241.84922790527344,426.9259033203125,43.18980407714844,76.45538330078125,-1,-1,-1,-1
117,5,260.8974914550781,445.2848205566406,39.55206298828125,71.89938354492188,-1,-1,-1,-1
118,5,278.7867736816406,460.163818359375,43.475067138671875,71.5528564453125,-1,-1,-1,-1
119,5,302.66943359375,478.64227294921875,40.05645751953125,69.88043212890625,-1,-1,-1,-1
120,5,322.17352294921875,496.0199279785156,40.1439208984375,69.09072875976562,-1,-1,-1,-1
121,5,338.01763916015625,504.4226379394531,45.707763671875,66.84548950195312,-1,-1,-1,-1
122,5,354.303466796875,505.4803466796875,45.78753662109375,67.57867431640625,-1,-1,-1,-1
123,5,369.4396667480469,503.8857727050781,45.351287841796875,68.83969116210938,-1,-1,-1,-1
124,5,377.42388916015625,501.42730712890625,45.3590087890625,68.93414306640625,-1,-1,-1,-1
125,5,391.2945251464844,492.8049621582031,43.44757080078125,65.70211791992188,-1,-1,-1,-1
126,5,404.70263671875,478.32061767578125,42.068817138671875,65.03570556640625,-1,-1,-1,-1
127,5,420.38946533203125,459.4278564453125,43.10284423828125,68.880126953125,-1,-1,-1,-1
128,5,446.2720642089844,438.5092468261719,39.640411376953125,69.83248901367188,-1,-1,-1,-1
129,5,475.383056640625,413.1605224609375,35.78009033203125,68.087646484375,-1,-1,-1,-1
130,5,502.0208740234375,384.5617980957031,38.476806640625,75.3826904296875,-1,-1,-1,-1
131,5,525.5661010742188,356.1961669921875,39.62628173828125,76.0086669921875,-1,-1,-1,-1
132,5,554.992431640625,341.9638366699219,36.87054443359375,75.22262573242188,-1,-1,-1,-1
133,5,581.2330322265625,336.5191650390625,34.53704833984375,72.61251831054688,-1,-1,-1,-1
134,5,608.487060546875,338.7875061035156,34.04095458984375,74.79937744140625,-1,-1,-1,-1
135,5,637.2974853515625,350.38134765625,32.432373046875,70.96725463867188,-1,-1,-1,-1
136,5,660.0613403320312,362.20770263671875,32.024169921875,68.34561157226562,-1,-1,-1,-1
137,5,681.569091796875,367.0638732910156,33.81396484375,71.46246337890625,-1,-1,-1,-1
138,5,705.3607177734375,354.7845458984375,32.41552734375,71.3134765625,-1,-1,-1,-1
139,5,727.3834228515625,318.5014343261719,32.91839599609375,75.26370239257812,-1,-1,-1,-1
140,5,742.1202392578125,263.9301452636719,34.06561279296875,75.21646118164062,-1,-1,-1,-1
141,5,747.13427734375,215.77713012695312,37.28497314453125,84.48577880859375,-1,-1,-1,-1
142,5,737.3460083007812,198.9554443359375,40.19287109375,89.081298828125,-1,-1,-1,-1
143,5,728.9804077148438,203.1214141845703,34.0115966796875,72.94981384277344,-1,-1,-1,-1
144,5,712.1688232421875,212.7432861328125,35.18768310546875,78.49981689453125,-1,-1,-1,-1
145,5,690.2000122070312,219.80860900878906,36.4371337890625,82.49363708496094,-1,-1,-1,-1
146,5,666.9005737304688,225.78616333007812,38.009765625,85.8380126953125,-1,-1,-1,-1
147,5,643.9939575195312,227.478271484375,34.67938232421875,78.95562744140625,-1,-1,-1,-1
148,5,621.3801879882812,225.22535705566406,31.525634765625,71.67512512207031,-1,-1,-1,-1
149,5,603.6704711914062,223.3623809814453,33.60418701171875,79.00062561035156,-1,-1,-1,-1
150,5,590.5757446289062,224.77481079101562,34.1627197265625,79.72906494140625,-1,-1,-1,-1
151,5,584.01220703125,227.87725830078125,33.677001953125,76.495849609375,-1,-1,-1,-1
152,5,576.8355712890625,233.90682983398438,37.3936767578125,81.17471313476562,-1,-1,-1,-1
153,5,571.4055786132812,241.03195190429688,35.23138427734375,77.69671630859375,-1,-1,-1,-1
154,5,563.8229370117188,246.96875,35.28948974609375,77.38815307617188,-1,-1,-1,-1
155,5,554.8399658203125,243.05624389648438,34.1566162109375,72.15631103515625,-1,-1,-1,-1
156,5,551.0686645507812,239.74322509765625,35.01605224609375,76.49996948242188,-1,-1,-1,-1
157,5,555.1170043945312,233.93887329101562,36.32061767578125,80.84591674804688,-1,-1,-1,-1
158,5,554.33984375,237.70260620117188,34.37933349609375,76.66741943359375,-1,-1,-1,-1
159,5,550.6868896484375,242.59141540527344,36.49786376953125,81.30192565917969,-1,-1,-1,-1
160,5,547.6842041015625,245.58619689941406,35.73358154296875,79.02421569824219,-1,-1,-1,-1
161,5,544.7593994140625,252.17752075195312,33.71197509765625,70.71957397460938,-1,-1,-1,-1
162,5,542.1307983398438,255.955322265625,32.97210693359375,71.70526123046875,-1,-1,-1,-1
163,5,544.39404296875,256.79022216796875,33.83099365234375,75.07846069335938,-1,-1,-1,-1
164,5,550.4370727539062,256.65106201171875,34.91461181640625,78.49139404296875,-1,-1,-1,-1
165,5,556.5148315429688,254.2794647216797,34.6405029296875,75.51170349121094,-1,-1,-1,-1
166,5,560.2922973632812,243.51419067382812,35.61810302734375,79.19906616210938,-1,-1,-1,-1
167,5,562.1773681640625,236.48402404785156,39.05511474609375,86.01182556152344,-1,-1,-1,-1
168,5,571.8694458007812,227.0940704345703,42.0872802734375,97.78846740722656,-1,-1,-1,-1
169,5,590.7496337890625,218.21197509765625,40.21917724609375,99.895263671875,-1,-1,-1,-1
170,5,608.2274780273438,208.54080200195312,35.67645263671875,78.02999877929688,-1,-1,-1,-1
132,6,74.68794250488281,472.6393127441406,65.35302734375,81.84310913085938,-1,-1,-1,-1
133,6,101.57937622070312,453.3050537109375,68.16535949707031,89.1895751953125,-1,-1,-1,-1
134,6,133.5757293701172,445.43084716796875,63.67951965332031,78.958740234375,-1,-1,-1,-1
135,6,162.4019012451172,443.7895812988281,71.75886535644531,82.45150756835938,-1,-1,-1,-1
136,6,187.5034637451172,442.0176086425781,75.26448059082031,100.13107299804688,-1,-1,-1,-1
137,6,217.05274963378906,436.814208984375,65.76203918457031,90.41265869140625,-1,-1,-1,-1
138,6,241.82037353515625,420.834228515625,68.92138671875,94.9827880859375,-1,-1,-1,-1
139,6,259.39031982421875,381.3066711425781,61.673309326171875,93.83767700195312,-1,-1,-1,-1
140,6,264.2825927734375,326.95068359375,59.187408447265625,90.9642333984375,-1,-1,-1,-1
141,6,258.3065185546875,277.9552307128906,62.64825439453125,93.50772094726562,-1,-1,-1,-1
142,6,244.60281372070312,254.75267028808594,61.402008056640625,92.63548278808594,-1,-1,-1,-1
143,6,223.7394256591797,251.2943572998047,68.16908264160156,98.47056579589844,-1,-1,-1,-1
144,6,206.19888305664062,254.88568115234375,61.355194091796875,92.12152099609375,-1,-1,-1,-1
145,6,186.86949157714844,260.8148498535156,56.48944091796875,91.44900512695312,-1,-1,-1,-1
146,6,159.90711975097656,267.1331787109375,62.25640869140625,108.0869140625,-1,-1,-1,-1
147,6,137.92832946777344,272.328369140625,52.66973876953125,96.93557739257812,-1,-1,-1,-1
148,6,109.92925262451172,276.327880859375,53.62627410888672,102.32254028320312,-1,-1,-1,-1
149,6,92.95071411132812,274.687255859375,53.65626525878906,101.27023315429688,-1,-1,-1,-1
150,6,78.94855499267578,278.5364990234375,57.346458435058594,101.88507080078125,-1,-1,-1,-1
151,6,71.96003723144531,283.4334411621094,60.06089782714844,107.84799194335938,-1,-1,-1,-1
152,6,66.53679656982422,292.6389465332031,56.91761779785156,103.77590942382812,-1,-1,-1,-1
153,6,61.95475769042969,300.6806335449219,60.635650634765625,101.91064453125,-1,-1,-1,-1
154,6,50.85919189453125,303.82781982421875,63.088172912597656,108.48825073242188,-1,-1,-1,-1
155,6,48.12726593017578,294.9454345703125,48.07481384277344,99.058837890625,-1,-1,-1,-1
156,6,44.60850524902344,283.6378173828125,44.81065368652344,84.31787109375,-1,-1,-1,-1
157,6,53.029685974121094,281.660888671875,39.462615966796875,81.97235107421875,-1,-1,-1,-1
158,6,45.93568420410156,293.27630615234375,46.517845153808594,85.737548828125,-1,-1,-1,-1
159,6,42.26626968383789,297.55450439453125,48.84525680541992,88.94171142578125,-1,-1,-1,-1
160,6,40.01506805419922,295.4409484863281,45.63642120361328,87.01803588867188,-1,-1,-1,-1
161,6,38.84389877319336,294.90460205078125,45.45670700073242,85.75155639648438,-1,-1,-1,-1
162,6,38.095375061035156,295.5946044921875,41.90660858154297,85.43331909179688,-1,-1,-1,-1
163,6,40.18092346191406,303.50689697265625,42.756988525390625,85.35183715820312,-1,-1,-1,-1
164,6,41.905548095703125,312.8658447265625,47.72859191894531,87.1800537109375,-1,-1,-1,-1
165,6,46.4187126159668,312.953369140625,50.84965896606445,95.24993896484375,-1,-1,-1,-1
166,6,54.03997039794922,298.58404541015625,45.71337127685547,89.87588500976562,-1,-1,-1,-1
167,6,53.8344841003418,282.8782653808594,53.084957122802734,97.06246948242188,-1,-1,-1,-1
168,6,64.52387237548828,273.2460021972656,49.480262756347656,96.7598876953125,-1,-1,-1,-1
169,6,79.14598083496094,270.9632873535156,49.74297332763672,91.92276000976562,-1,-1,-1,-1
170,6,89.98324584960938,266.2950134277344,56.751190185546875,102.85128784179688,-1,-1,-1,-1
176,6,113.0610122680664,202.170166015625,105.77938079833984,173.2412109375,-1,-1,-1,-1
177,6,137.7291717529297,223.1148223876953,89.48640441894531,149.53529357910156,-1,-1,-1,-1
178,6,151.66915893554688,258.7351989746094,79.65232849121094,142.37869262695312,-1,-1,-1,-1
179,6,165.6524658203125,297.56756591796875,80.81828308105469,141.095947265625,-1,-1,-1,-1
180,6,189.12322998046875,338.23602294921875,67.62333679199219,143.20745849609375,-1,-1,-1,-1
181,6,217.27804565429688,389.7873229980469,65.17205810546875,141.57321166992188,-1,-1,-1,-1
182,6,249.04051208496094,443.3990783691406,62.63975524902344,136.45388793945312,-1,-1,-1,-1
183,6,287.49212646484375,481.6044616699219,58.563995361328125,127.98886108398438,-1,-1,-1,-1
184,6,310.0633850097656,505.0233459472656,58.6151123046875,128.82919311523438,-1,-1,-1,-1
185,6,325.60833740234375,509.14337158203125,54.92205810546875,126.17401123046875,-1,-1,-1,-1
186,6,325.9610290527344,506.0703430175781,54.993682861328125,128.98971557617188,-1,-1,-1,-1
187,6,326.0553283691406,498.4293212890625,54.133270263671875,127.5487060546875,-1,-1,-1,-1
188,6,327.75299072265625,491.2840881347656,57.3924560546875,126.62844848632812,-1,-1,-1,-1
189,6,322.8489685058594,482.75518798828125,54.49658203125,125.63153076171875,-1,-1,-1,-1
190,6,321.15594482421875,474.7769775390625,52.472259521484375,124.2431640625,-1,-1,-1,-1
191,6,319.4889831542969,472.65203857421875,56.429656982421875,123.20355224609375,-1,-1,-1,-1
192,6,317.3888244628906,474.47906494140625,55.591278076171875,122.31414794921875,-1,-1,-1,-1
193,6,304.9014587402344,476.6275939941406,59.445587158203125,126.99789428710938,-1,-1,-1,-1
194,6,288.31207275390625,469.95367431640625,64.91497802734375,123.87994384765625,-1,-1,-1,-1
195,6,274.6202087402344,452.2903747558594,64.74032592773438,123.43606567382812,-1,-1,-1,-1
196,6,254.10726928710938,421.7468566894531,62.1107177734375,120.69174194335938,-1,-1,-1,-1
197,6,228.08319091796875,369.66937255859375,65.02749633789062,100.59710693359375,-1,-1,-1,-1
198,6,173.30477905273438,286.74298095703125,98.95660400390625,131.2432861328125,-1,-1,-1,-1
199,6,115.78502655029297,218.20887756347656,105.3722152709961,120.13536071777344,-1,-1,-1,-1
134,7,3.89725399017334,661.207763671875,228.06407165527344,301.8671875,-1,-1,-1,-1
135,7,6.643540382385254,650.8836059570312,209.84979248046875,269.30963134765625,-1,-1,-1,-1
136,7,7.873531341552734,642.5608520507812,237.01351928710938,298.19427490234375,-1,-1,-1,-1
137,7,10.305315017700195,627.5609741210938,246.7325897216797,306.4378662109375,-1,-1,-1,-1
138,7,19.200904846191406,606.45068359375,247.054443359375,297.8585205078125,-1,-1,-1,-1
139,7,18.18423843383789,565.2738037109375,260.5199279785156,302.611572265625,-1,-1,-1,-1
140,7,21.406463623046875,505.6385498046875,274.77545166015625,314.59613037109375,-1,-1,-1,-1
141,7,11.235825538635254,449.36737060546875,268.7967834472656,353.89862060546875,-1,-1,-1,-1
142,7,2.960333824157715,414.9648742675781,269.98114013671875,376.6737976074219,-1,-1,-1,-1
143,7,1.5464458465576172,395.3790588378906,264.69677734375,406.4488220214844,-1,-1,-1,-1
144,7,2.2506046295166016,379.90020751953125,231.7860565185547,435.3646240234375,-1,-1,-1,-1
145,7,0.22529315948486328,369.1642150878906,204.44566345214844,453.6244201660156,-1,-1,-1,-1
146,7,-0.22352886199951172,377.4746398925781,190.09951782226562,459.1085510253906,-1,-1,-1,-1
147,7,-0.5026473999023438,415.0743103027344,248.68939208984375,458.2054748535156,-1,-1,-1,-1
148,7,1.9397892951965332,449.53240966796875,151.20748901367188,472.9609375,-1,-1,-1,-1
149,7,-0.0821390151977539,575.8897094726562,298.0621337890625,444.2799072265625,-1,-1,-1,-1
150,7,1.5041799545288086,606.8089599609375,272.0949401855469,440.4962158203125,-1,-1,-1,-1
151,7,0.8468294143676758,628.18212890625,257.57855224609375,444.4693603515625,-1,-1,-1,-1
152,7,-0.3922147750854492,643.7306518554688,282.97509765625,423.73626708984375,-1,-1,-1,-1
153,7,-1.4152193069458008,652.0821533203125,268.61688232421875,419.3526611328125,-1,-1,-1,-1
175,8,2.2653751373291016,297.8607177734375,219.3369140625,395.38275146484375,-1,-1,-1,-1
176,8,0.6189146041870117,270.96630859375,253.05299377441406,429.3658447265625,-1,-1,-1,-1
177,8,1.6964797973632812,309.42193603515625,256.1622314453125,416.63372802734375,-1,-1,-1,-1
178,8,0.38811492919921875,317.1825256347656,274.5553894042969,436.0094299316406,-1,-1,-1,-1
179,8,-0.41882896423339844,350.7994079589844,271.328369140625,445.0692443847656,-1,-1,-1,-1
180,8,1.1124258041381836,379.44140625,263.66534423828125,447.99456787109375,-1,-1,-1,-1
181,8,1.4913921356201172,414.81707763671875,280.69622802734375,449.84844970703125,-1,-1,-1,-1
182,8,6.882228851318359,457.8521423339844,288.20941162109375,461.0824279785156,-1,-1,-1,-1
183,8,26.824459075927734,489.4158935546875,308.4525451660156,454.10693359375,-1,-1,-1,-1
184,8,51.466102600097656,509.31787109375,322.1292419433594,450.911376953125,-1,-1,-1,-1
185,8,65.3363037109375,512.6745300292969,294.4576416015625,450.8298034667969,-1,-1,-1,-1
186,8,69.14408111572266,504.10516357421875,309.9153137207031,455.9920654296875,-1,-1,-1,-1
187,8,75.10482025146484,496.7350769042969,335.40924072265625,462.1332702636719,-1,-1,-1,-1
188,8,79.11637115478516,486.340087890625,352.88995361328125,452.963134765625,-1,-1,-1,-1
189,8,81.34275817871094,474.7359313964844,339.05206298828125,453.2970275878906,-1,-1,-1,-1
190,8,92.0806655883789,464.7665100097656,334.6430358886719,461.2656555175781,-1,-1,-1,-1
191,8,107.38243103027344,459.00390625,324.749755859375,471.02801513671875,-1,-1,-1,-1
192,8,116.69010925292969,456.0125732421875,319.3114013671875,477.05914306640625,-1,-1,-1,-1
193,8,115.34101104736328,451.185302734375,325.6447448730469,491.8326416015625,-1,-1,-1,-1
194,8,117.13751220703125,436.23248291015625,314.49261474609375,500.84381103515625,-1,-1,-1,-1
195,8,111.47197723388672,411.2115783691406,306.40936279296875,500.9251403808594,-1,-1,-1,-1
196,8,95.4865493774414,375.25933837890625,316.5490417480469,496.63275146484375,-1,-1,-1,-1
197,8,76.93708038330078,320.3101806640625,320.33428955078125,480.888671875,-1,-1,-1,-1
198,8,36.05820846557617,247.53355407714844,344.2840881347656,498.2467041015625,-1,-1,-1,-1
199,8,2.01513671875,164.96847534179688,331.4241027832031,493.2284240722656,-1,-1,-1,-1
200,8,3.7073354721069336,176.84524536132812,272.0720520019531,452.0124816894531,-1,-1,-1,-1
201,8,1.208266258239746,208.76751708984375,234.46006774902344,421.36328125,-1,-1,-1,-1
202,8,1.435530662536621,270.36431884765625,222.7107696533203,375.61004638671875,-1,-1,-1,-1
203,8,1.771559715270996,261.6264953613281,203.87403869628906,382.0949401855469,-1,-1,-1,-1
204,8,2.1884384155273438,312.5439758300781,210.24224853515625,322.6231384277344,-1,-1,-1,-1
205,8,1.4105424880981445,258.0394592285156,216.1856231689453,372.9109802246094,-1,-1,-1,-1
206,8,0.7724628448486328,269.7350769042969,233.4712677001953,366.9702453613281,-1,-1,-1,-1
207,8,-0.06766223907470703,264.898193359375,239.35293579101562,367.7470703125,-1,-1,-1,-1
208,8,-0.982111930847168,239.30709838867188,238.45753479003906,389.7269592285156,-1,-1,-1,-1
209,8,1.0476055145263672,234.283447265625,232.21578979492188,388.4871826171875,-1,-1,-1,-1
210,8,3.317605972290039,247.3083953857422,227.62057495117188,303.08837890625,-1,-1,-1,-1
211,8,3.4619016647338867,233.0531768798828,212.1313018798828,365.0859375,-1,-1,-1,-1
212,8,2.953022003173828,221.22021484375,213.6649932861328,387.37371826171875,-1,-1,-1,-1
213,8,3.247624397277832,184.8644561767578,214.40733337402344,326.49420166015625,-1,-1,-1,-1
214,8,1.6734323501586914,164.1355743408203,214.81150817871094,401.15155029296875,-1,-1,-1,-1
215,8,14.28026008605957,185.78564453125,200.48626708984375,369.0745849609375,-1,-1,-1,-1
216,8,7.741268157958984,169.01809692382812,216.49679565429688,365.4426574707031,-1,-1,-1,-1
217,8,-0.12969207763671875,136.8657989501953,220.96578979492188,383.77740478515625,-1,-1,-1,-1
218,8,3.0773544311523438,124.01712036132812,217.782958984375,357.5166320800781,-1,-1,-1,-1
219,8,37.67774963378906,149.03269958496094,225.79859924316406,328.26177978515625,-1,-1,-1,-1
220,8,87.03705596923828,165.98471069335938,188.15863037109375,308.97021484375,-1,-1,-1,-1
221,8,85.22956848144531,117.28221893310547,196.92295837402344,351.0436096191406,-1,-1,-1,-1
222,8,98.49480438232422,115.53614044189453,201.29800415039062,358.9468994140625,-1,-1,-1,-1
223,8,107.71646881103516,137.98350524902344,191.57794189453125,343.7413330078125,-1,-1,-1,-1
224,8,117.63127899169922,142.11898803710938,191.6822509765625,338.5464782714844,-1,-1,-1,-1
225,8,98.32241821289062,89.80994415283203,241.22647094726562,357.3410339355469,-1,-1,-1,-1
226,8,94.5362548828125,83.31562042236328,279.7692565917969,364.26983642578125,-1,-1,-1,-1
227,8,99.77064514160156,27.49516487121582,310.49334716796875,391.75579833984375,-1,-1,-1,-1
228,8,106.9156494140625,38.161399841308594,333.4461669921875,373.01129150390625,-1,-1,-1,-1
229,8,131.19070434570312,26.08321762084961,315.70281982421875,389.9977111816406,-1,-1,-1,-1
230,8,103.93390655517578,23.562685012817383,344.751220703125,468.6363220214844,-1,-1,-1,-1
231,8,109.3173599243164,4.394006729125977,429.8141174316406,518.7473754882812,-1,-1,-1,-1
232,8,163.12228393554688,5.489751815795898,376.0270080566406,521.3155517578125,-1,-1,-1,-1
233,8,205.24432373046875,2.0166893005371094,334.54534912109375,509.4487609863281,-1,-1,-1,-1
234,8,207.9215087890625,2.3808116912841797,331.68353271484375,496.8550109863281,-1,-1,-1,-1
235,8,187.65492248535156,4.043710708618164,352.67724609375,488.98931884765625,-1,-1,-1,-1
236,8,212.78965759277344,7.100198745727539,330.4320068359375,485.7669982910156,-1,-1,-1,-1
237,8,179.61489868164062,5.557016372680664,361.7829895019531,483.92999267578125,-1,-1,-1,-1
238,8,121.79984283447266,4.781396865844727,423.9339294433594,491.4339904785156,-1,-1,-1,-1
239,8,112.54007720947266,2.451244354248047,432.6768493652344,503.67974853515625,-1,-1,-1,-1
240,8,105.5860595703125,10.81479263305664,417.08038330078125,514.6627807617188,-1,-1,-1,-1
241,8,94.4685287475586,12.551691055297852,421.9076843261719,531.4444580078125,-1,-1,-1,-1
242,8,88.58712005615234,14.502614974975586,398.6722106933594,526.1946411132812,-1,-1,-1,-1
243,8,75.50254821777344,6.327264785766602,383.35174560546875,562.9425659179688,-1,-1,-1,-1
244,8,71.69194030761719,6.807159423828125,415.51812744140625,617.8406982421875,-1,-1,-1,-1
245,8,59.407203674316406,5.809478759765625,406.6942138671875,619.5950927734375,-1,-1,-1,-1
246,8,68.87650299072266,-1.959493637084961,408.5074157714844,618.3648681640625,-1,-1,-1,-1
247,8,68.626708984375,0.1867198944091797,403.7596740722656,624.965087890625,-1,-1,-1,-1
248,8,73.1968994140625,-1.3050594329833984,413.6343994140625,646.9625854492188,-1,-1,-1,-1
249,8,90.91567993164062,-2.2550296783447266,415.1497497558594,670.7179565429688,-1,-1,-1,-1
250,8,129.25137329101562,7.654512405395508,400.4162902832031,670.9659423828125,-1,-1,-1,-1
251,8,175.36097717285156,33.702491760253906,384.39215087890625,650.1885375976562,-1,-1,-1,-1
252,8,239.384033203125,38.6373291015625,371.9346923828125,654.8309326171875,-1,-1,-1,-1
253,8,309.3940124511719,31.804838180541992,320.7666320800781,641.3160400390625,-1,-1,-1,-1
254,8,376.6385498046875,18.04474639892578,287.95013427734375,617.3385009765625,-1,-1,-1,-1
255,8,442.89923095703125,5.392316818237305,247.3045654296875,606.797119140625,-1,-1,-1,-1
256,8,494.3455810546875,-3.347564697265625,226.15350341796875,599.8831787109375,-1,-1,-1,-1
257,8,538.44775390625,3.3718833923339844,221.6910400390625,578.7621459960938,-1,-1,-1,-1
258,8,580.5307006835938,12.050207138061523,220.83575439453125,564.2626953125,-1,-1,-1,-1
259,8,621.0053100585938,23.830337524414062,213.6290283203125,561.4332885742188,-1,-1,-1,-1
260,8,648.3724975585938,54.20915985107422,211.3927001953125,551.8560791015625,-1,-1,-1,-1
261,8,664.0926513671875,77.82743072509766,207.5010986328125,539.3346557617188,-1,-1,-1,-1
262,8,676.074951171875,98.218017578125,195.99456787109375,528.735107421875,-1,-1,-1,-1
263,8,685.7313842773438,124.15467071533203,191.87640380859375,507.457763671875,-1,-1,-1,-1
264,8,689.8912963867188,127.64491271972656,190.67462158203125,500.83905029296875,-1,-1,-1,-1
265,8,691.303955078125,126.50540161132812,193.8607177734375,495.5235290527344,-1,-1,-1,-1
266,8,695.4500122070312,133.48422241210938,192.3834228515625,482.5513000488281,-1,-1,-1,-1
267,8,698.7922973632812,135.788818359375,192.3314208984375,500.78228759765625,-1,-1,-1,-1
268,8,697.0330810546875,140.99737548828125,195.6507568359375,555.8633422851562,-1,-1,-1,-1
269,8,693.640869140625,154.572265625,197.72723388671875,553.3465576171875,-1,-1,-1,-1
270,8,688.9005126953125,167.3179473876953,198.4124755859375,479.1929931640625,-1,-1,-1,-1
271,8,679.1976928710938,183.03353881835938,200.87164306640625,471.2473449707031,-1,-1,-1,-1
272,8,672.5499877929688,194.10621643066406,198.42431640625,467.84381103515625,-1,-1,-1,-1
273,8,659.7538452148438,198.9517059326172,203.7333984375,452.675048828125,-1,-1,-1,-1
274,8,650.9883422851562,198.40005493164062,205.91046142578125,451.7903137207031,-1,-1,-1,-1
275,8,637.3571166992188,199.6627197265625,213.11016845703125,456.13775634765625,-1,-1,-1,-1
276,8,627.966064453125,202.97406005859375,215.50775146484375,443.9600830078125,-1,-1,-1,-1
277,8,626.212890625,204.4644775390625,213.4490966796875,446.27386474609375,-1,-1,-1,-1
278,8,640.8302612304688,204.47189331054688,205.8507080078125,438.9852600097656,-1,-1,-1,-1
279,8,662.7716674804688,204.89633178710938,201.70074462890625,435.3875427246094,-1,-1,-1,-1
280,8,683.94970703125,208.24501037597656,200.4986572265625,429.9200439453125,-1,-1,-1,-1
281,8,695.5399780273438,218.82315063476562,198.0546875,438.1111755371094,-1,-1,-1,-1
282,8,703.6939697265625,231.1710205078125,194.9921875,421.10235595703125,-1,-1,-1,-1
283,8,711.4680786132812,236.5078582763672,191.54638671875,422.38836669921875,-1,-1,-1,-1
284,8,722.8861083984375,235.37315368652344,190.96160888671875,427.76416015625,-1,-1,-1,-1
285,8,734.2125244140625,229.7633819580078,192.7445068359375,429.863037109375,-1,-1,-1,-1
286,8,747.4564819335938,224.43560791015625,197.10968017578125,437.2181396484375,-1,-1,-1,-1
287,8,761.7881469726562,220.29293823242188,198.28802490234375,441.3788146972656,-1,-1,-1,-1
288,8,775.7167358398438,217.93450927734375,199.92047119140625,447.935791015625,-1,-1,-1,-1
289,8,788.0409545898438,214.8599395751953,202.22052001953125,456.379638671875,-1,-1,-1,-1
290,8,800.2279663085938,215.73843383789062,209.131591796875,451.6009216308594,-1,-1,-1,-1
291,8,801.8372192382812,220.00941467285156,221.10504150390625,451.13720703125,-1,-1,-1,-1
292,8,815.114501953125,228.9633331298828,217.58837890625,449.7275390625,-1,-1,-1,-1
293,8,806.3675537109375,238.37896728515625,235.223388671875,467.108154296875,-1,-1,-1,-1
294,8,810.6400146484375,247.41897583007812,231.80712890625,455.4692077636719,-1,-1,-1,-1
295,8,792.056396484375,255.41392517089844,246.5634765625,458.39447021484375,-1,-1,-1,-1
296,8,777.3602294921875,272.1007995605469,247.0986328125,445.1571960449219,-1,-1,-1,-1
297,8,765.5733642578125,288.7049560546875,241.30120849609375,474.9876708984375,-1,-1,-1,-1
298,8,758.545166015625,303.7094421386719,233.03582763671875,426.5685729980469,-1,-1,-1,-1
299,8,750.2962036132812,320.4322814941406,232.0706787109375,408.7922668457031,-1,-1,-1,-1
300,8,745.0789184570312,333.58642578125,230.14678955078125,387.14605712890625,-1,-1,-1,-1
301,8,743.4874267578125,342.0597839355469,232.44427490234375,375.0937805175781,-1,-1,-1,-1
302,8,728.4000854492188,346.31927490234375,246.44390869140625,374.18878173828125,-1,-1,-1,-1
303,8,685.9297485351562,352.0183410644531,276.2716064453125,363.2058410644531,-1,-1,-1,-1
304,8,679.2791137695312,363.79876708984375,268.038330078125,360.9776611328125,-1,-1,-1,-1
305,8,662.0060424804688,374.53070068359375,269.253173828125,357.78826904296875,-1,-1,-1,-1
306,8,652.9559936523438,381.93438720703125,263.00592041015625,357.82794189453125,-1,-1,-1,-1
307,8,642.72509765625,390.30816650390625,258.64434814453125,352.2569580078125,-1,-1,-1,-1
308,8,628.4683837890625,394.49017333984375,262.2830810546875,358.63250732421875,-1,-1,-1,-1
309,8,614.2305908203125,394.57806396484375,262.3994140625,362.59393310546875,-1,-1,-1,-1
310,8,650.9887084960938,396.70513916015625,219.198486328125,361.64892578125,-1,-1,-1,-1
311,8,632.5750122070312,404.11285400390625,220.61083984375,367.45965576171875,-1,-1,-1,-1
312,8,612.2250366210938,411.0137634277344,236.8983154296875,383.0550842285156,-1,-1,-1,-1
313,8,579.68994140625,419.6551818847656,243.33074951171875,384.4001159667969,-1,-1,-1,-1
314,8,552.0283813476562,426.37664794921875,265.91900634765625,392.161865234375,-1,-1,-1,-1
315,8,509.70458984375,435.11505126953125,244.4073486328125,395.23590087890625,-1,-1,-1,-1
316,8,449.2897033691406,447.19354248046875,256.4634094238281,407.75823974609375,-1,-1,-1,-1
317,8,391.15069580078125,448.4150390625,254.431640625,418.5694580078125,-1,-1,-1,-1
318,8,338.1882019042969,442.5685729980469,268.8063659667969,435.8426818847656,-1,-1,-1,-1
319,8,300.3423767089844,433.81097412109375,284.6777648925781,451.93017578125,-1,-1,-1,-1
320,8,269.01043701171875,430.4236145019531,280.395751953125,457.1954040527344,-1,-1,-1,-1
321,8,242.42562866210938,424.38031005859375,292.3208312988281,467.3778076171875,-1,-1,-1,-1
322,8,219.8656005859375,419.961181640625,298.82843017578125,470.575927734375,-1,-1,-1,-1
323,8,197.5836181640625,414.4577331542969,314.7825012207031,477.3061828613281,-1,-1,-1,-1
324,8,179.46759033203125,403.246337890625,370.2962646484375,480.55828857421875,-1,-1,-1,-1
325,8,165.86495971679688,398.6632080078125,372.4949645996094,490.696533203125,-1,-1,-1,-1
326,8,157.68951416015625,389.2293701171875,386.89642333984375,492.613037109375,-1,-1,-1,-1
327,8,159.3383026123047,382.3406066894531,344.7286376953125,490.8072204589844,-1,-1,-1,-1
328,8,160.222412109375,372.1092529296875,335.4703674316406,494.71356201171875,-1,-1,-1,-1
329,8,166.98072814941406,365.57958984375,309.84686279296875,493.88067626953125,-1,-1,-1,-1
330,8,179.80941772460938,366.6687927246094,312.0594787597656,485.3544616699219,-1,-1,-1,-1
331,8,199.1622314453125,365.6341552734375,298.1148376464844,488.45513916015625,-1,-1,-1,-1
332,8,234.93299865722656,359.0644226074219,318.85845947265625,481.8876647949219,-1,-1,-1,-1
333,8,283.62261962890625,350.09454345703125,290.4678955078125,483.72210693359375,-1,-1,-1,-1
334,8,334.3541564941406,340.1369323730469,284.3897399902344,470.3771667480469,-1,-1,-1,-1
335,8,387.7958679199219,325.37933349609375,264.5876159667969,467.77783203125,-1,-1,-1,-1
336,8,429.5060729980469,305.053955078125,279.5784606933594,464.54364013671875,-1,-1,-1,-1
337,8,469.5421142578125,277.7573547363281,274.14300537109375,468.8746032714844,-1,-1,-1,-1
338,8,504.8509216308594,261.294921875,284.7388000488281,471.050048828125,-1,-1,-1,-1
339,8,538.014404296875,261.9264831542969,276.28143310546875,467.2156066894531,-1,-1,-1,-1
340,8,562.0009155273438,264.5439453125,282.7947998046875,470.03009033203125,-1,-1,-1,-1
341,8,580.0269165039062,274.95843505859375,282.72442626953125,463.74444580078125,-1,-1,-1,-1
342,8,599.0289916992188,287.36700439453125,283.9326171875,461.0048828125,-1,-1,-1,-1
343,8,614.649169921875,298.54632568359375,289.2196044921875,461.70257568359375,-1,-1,-1,-1
344,8,637.9804077148438,305.02459716796875,281.14923095703125,460.86212158203125,-1,-1,-1,-1
345,8,655.5830688476562,306.3234558105469,268.21881103515625,458.1874694824219,-1,-1,-1,-1
346,8,666.2857666015625,298.93170166015625,292.92822265625,464.31341552734375,-1,-1,-1,-1
347,8,678.9100952148438,293.34429931640625,300.44854736328125,471.69403076171875,-1,-1,-1,-1
348,8,684.1199951171875,295.2659912109375,290.61260986328125,468.68524169921875,-1,-1,-1,-1
349,8,691.2991943359375,303.11907958984375,292.51995849609375,466.0732421875,-1,-1,-1,-1
350,8,696.2081909179688,307.68487548828125,288.51885986328125,467.34844970703125,-1,-1,-1,-1
351,8,699.984375,308.94061279296875,315.298828125,471.270263671875,-1,-1,-1,-1
352,8,701.176025390625,312.6285400390625,289.5289306640625,471.055419921875,-1,-1,-1,-1
353,8,709.730224609375,310.9645690917969,293.32330322265625,474.0173645019531,-1,-1,-1,-1
354,8,715.7909545898438,310.278564453125,335.73114013671875,477.7576904296875,-1,-1,-1,-1
355,8,712.6685180664062,315.5971374511719,297.5904541015625,474.9483337402344,-1,-1,-1,-1
356,8,717.970703125,321.8687744140625,276.19451904296875,479.3280029296875,-1,-1,-1,-1
357,8,720.9178466796875,335.0738220214844,302.98651123046875,475.8357238769531,-1,-1,-1,-1
358,8,718.1652221679688,341.2900390625,314.62408447265625,482.70611572265625,-1,-1,-1,-1
359,8,719.6278076171875,351.55401611328125,358.4005126953125,483.896484375,-1,-1,-1,-1
360,8,737.24560546875,343.2222595214844,330.399169921875,489.1659240722656,-1,-1,-1,-1
361,8,769.2266845703125,327.9653015136719,326.6368408203125,493.6050109863281,-1,-1,-1,-1
362,8,806.3397216796875,311.6145935058594,325.5157470703125,506.4591369628906,-1,-1,-1,-1
363,8,836.1609497070312,301.50152587890625,356.36492919921875,519.5672607421875,-1,-1,-1,-1
364,8,850.7582397460938,281.76287841796875,356.68988037109375,522.1940307617188,-1,-1,-1,-1
365,8,861.2576904296875,264.0660095214844,353.4632568359375,534.12841796875,-1,-1,-1,-1
366,8,860.7838745117188,257.98638916015625,366.21624755859375,542.4472045898438,-1,-1,-1,-1
367,8,852.5382080078125,250.18698120117188,363.3890380859375,546.4737548828125,-1,-1,-1,-1
368,8,841.497802734375,244.60997009277344,347.57666015625,550.5604248046875,-1,-1,-1,-1
369,8,825.0782470703125,244.48822021484375,383.0509033203125,551.7101440429688,-1,-1,-1,-1
370,8,813.93896484375,242.6240692138672,326.68310546875,553.9691772460938,-1,-1,-1,-1
371,8,804.6427612304688,241.357666015625,350.05914306640625,559.4589233398438,-1,-1,-1,-1
372,8,801.2365112304688,238.12742614746094,334.46746826171875,560.0023193359375,-1,-1,-1,-1
373,8,800.1718139648438,234.91928100585938,326.89007568359375,547.4317626953125,-1,-1,-1,-1
374,8,800.3599243164062,231.37786865234375,337.67010498046875,564.5779418945312,-1,-1,-1,-1
375,8,803.60791015625,227.413330078125,324.8958740234375,566.9949340820312,-1,-1,-1,-1
376,8,811.2766723632812,206.3160400390625,318.64752197265625,585.1112670898438,-1,-1,-1,-1
377,8,818.1373291015625,198.85507202148438,328.0562744140625,591.2679443359375,-1,-1,-1,-1
378,8,821.2627563476562,201.5377197265625,314.85638427734375,588.3958740234375,-1,-1,-1,-1
379,8,822.2175903320312,193.7873992919922,323.98248291015625,593.5497436523438,-1,-1,-1,-1
380,8,812.787353515625,184.9586181640625,333.41845703125,601.35888671875,-1,-1,-1,-1
381,8,799.1376342773438,205.47340393066406,300.29681396484375,580.85595703125,-1,-1,-1,-1
382,8,779.5560913085938,217.69229125976562,313.74237060546875,562.936767578125,-1,-1,-1,-1
383,8,755.2674560546875,226.5377655029297,301.3934326171875,548.3326416015625,-1,-1,-1,-1
384,8,731.8358154296875,234.7675018310547,297.60791015625,539.1083374023438,-1,-1,-1,-1
385,8,709.36669921875,248.2981414794922,308.5028076171875,537.0741577148438,-1,-1,-1,-1
386,8,689.2036743164062,268.0218811035156,300.7890625,529.4610595703125,-1,-1,-1,-1
387,8,672.858154296875,285.59906005859375,294.74517822265625,521.5845336914062,-1,-1,-1,-1
388,8,654.078857421875,295.3240966796875,292.76885986328125,520.6365966796875,-1,-1,-1,-1
389,8,634.5214233398438,308.528564453125,287.6678466796875,514.0360717773438,-1,-1,-1,-1
390,8,608.2625122070312,310.44775390625,296.72369384765625,531.0505981445312,-1,-1,-1,-1
391,8,583.1770629882812,315.8967590332031,301.49169921875,511.4078063964844,-1,-1,-1,-1
392,8,563.8697509765625,319.05517578125,318.21795654296875,506.07965087890625,-1,-1,-1,-1
393,8,547.1212158203125,320.37896728515625,379.93353271484375,515.1765747070312,-1,-1,-1,-1
394,8,532.8233642578125,321.76739501953125,390.32763671875,542.0360107421875,-1,-1,-1,-1
395,8,521.2107543945312,330.2939453125,360.884765625,527.7321166992188,-1,-1,-1,-1
396,8,506.6274719238281,340.103759765625,403.7009582519531,537.8790283203125,-1,-1,-1,-1
397,8,498.0603942871094,347.6839294433594,445.1676330566406,539.7779541015625,-1,-1,-1,-1
398,8,481.462646484375,353.7506408691406,432.500244140625,538.2418212890625,-1,-1,-1,-1
399,8,473.5781555175781,353.2350158691406,385.6271057128906,507.6748962402344,-1,-1,-1,-1
400,8,462.3370056152344,344.3250732421875,363.5939636230469,504.40252685546875,-1,-1,-1,-1
401,8,450.72723388671875,337.1080627441406,390.8349609375,512.0522155761719,-1,-1,-1,-1
402,8,439.7372131347656,331.6498718261719,393.3088073730469,512.9100036621094,-1,-1,-1,-1
403,8,423.850341796875,324.7598876953125,401.6632080078125,518.4974975585938,-1,-1,-1,-1
404,8,407.7367248535156,322.0498046875,414.6439514160156,524.1917114257812,-1,-1,-1,-1
405,8,389.1662902832031,317.8429870605469,417.6585388183594,531.2877197265625,-1,-1,-1,-1
406,8,369.4039001464844,312.6805725097656,428.5391540527344,540.322021484375,-1,-1,-1,-1
407,8,351.0885314941406,307.62078857421875,407.6018981933594,542.9560546875,-1,-1,-1,-1
408,8,340.2332763671875,301.73150634765625,428.547607421875,548.4194946289062,-1,-1,-1,-1
409,8,329.3797607421875,292.68212890625,428.4986572265625,554.6209716796875,-1,-1,-1,-1
410,8,315.0325927734375,285.7801818847656,434.66729736328125,569.455810546875,-1,-1,-1,-1
411,8,297.23089599609375,282.2272033691406,441.1475830078125,578.666015625,-1,-1,-1,-1
412,8,282.02191162109375,280.0109558105469,433.01904296875,580.9901123046875,-1,-1,-1,-1
413,8,268.62750244140625,278.67962646484375,447.36676025390625,589.2772827148438,-1,-1,-1,-1
414,8,250.9862518310547,267.5862731933594,451.82623291015625,605.09912109375,-1,-1,-1,-1
415,8,229.49073791503906,257.6509094238281,471.93426513671875,617.5509033203125,-1,-1,-1,-1
416,8,214.29629516601562,238.31443786621094,491.0377502441406,636.1550903320312,-1,-1,-1,-1
417,8,189.00192260742188,232.1307373046875,484.2671813964844,648.0929565429688,-1,-1,-1,-1
418,8,156.91232299804688,213.31658935546875,514.657470703125,673.3154907226562,-1,-1,-1,-1
419,8,123.46297454833984,200.15126037597656,539.5775146484375,691.9259033203125,-1,-1,-1,-1
420,8,73.10246276855469,184.8901824951172,598.3076782226562,716.7161254882812,-1,-1,-1,-1
421,8,48.02277374267578,188.2857666015625,642.1882934570312,738.2797241210938,-1,-1,-1,-1
422,8,17.275253295898438,211.4691619873047,684.341064453125,733.5916748046875,-1,-1,-1,-1
423,8,3.503223419189453,210.60513305664062,623.2107543945312,739.1669921875,-1,-1,-1,-1
424,8,0.3722953796386719,186.70904541015625,592.2600708007812,766.0886840820312,-1,-1,-1,-1
425,8,6.5105743408203125,159.79550170898438,676.4523315429688,783.5965576171875,-1,-1,-1,-1
426,8,-0.2667388916015625,91.62013244628906,749.0557250976562,858.64599609375,-1,-1,-1,-1
427,8,2.694873809814453,112.6629409790039,816.90625,762.611328125,-1,-1,-1,-1
428,8,-6.8587493896484375,68.01136016845703,726.5331420898438,797.3863525390625,-1,-1,-1,-1
429,8,0.5189933776855469,86.4703369140625,719.887451171875,810.9494018554688,-1,-1,-1,-1
430,8,-10.748197555541992,89.86210632324219,690.9727172851562,794.6707153320312,-1,-1,-1,-1
431,8,-0.5627784729003906,271.1409912109375,685.2202758789062,572.033203125,-1,-1,-1,-1
432,8,-9.384967803955078,338.18157958984375,775.0732421875,515.1387329101562,-1,-1,-1,-1
433,8,-5.128543853759766,368.2424011230469,813.6044921875,487.2324523925781,-1,-1,-1,-1
434,8,2.9189491271972656,386.22918701171875,780.9993286132812,495.87762451171875,-1,-1,-1,-1
435,8,-2.1774635314941406,350.7752380371094,750.93994140625,550.3963623046875,-1,-1,-1,-1
436,8,0.00223541259765625,228.5858154296875,732.7114868164062,653.3961181640625,-1,-1,-1,-1
437,8,3.3791427612304688,278.3867492675781,726.2711791992188,591.1097412109375,-1,-1,-1,-1
438,8,4.381145477294922,258.315673828125,743.1219482421875,600.5747680664062,-1,-1,-1,-1
439,8,-1.7319984436035156,220.35519409179688,735.6729125976562,639.7470703125,-1,-1,-1,-1
440,8,0.637115478515625,222.60476684570312,753.8504638671875,650.86572265625,-1,-1,-1,-1
441,8,3.5357437133789062,169.32916259765625,802.1492919921875,708.4019775390625,-1,-1,-1,-1
442,8,2.8931007385253906,76.10845184326172,796.6016845703125,820.1886596679688,-1,-1,-1,-1
443,8,9.13204574584961,278.5960388183594,762.6190795898438,589.4332275390625,-1,-1,-1,-1
444,8,7.963413238525391,108.57646179199219,790.036865234375,798.272705078125,-1,-1,-1,-1
445,8,19.143260955810547,303.78192138671875,792.9751586914062,572.436767578125,-1,-1,-1,-1
446,8,25.71596908569336,358.07098388671875,778.5050659179688,493.85821533203125,-1,-1,-1,-1
447,8,21.43722152709961,367.56353759765625,795.6548461914062,498.167236328125,-1,-1,-1,-1
448,8,11.435237884521484,355.9500732421875,809.4984741210938,520.7949829101562,-1,-1,-1,-1
449,8,22.279266357421875,389.88909912109375,785.6937255859375,498.819580078125,-1,-1,-1,-1
450,8,1.7855224609375,347.3689880371094,783.363525390625,550.951416015625,-1,-1,-1,-1
451,8,-3.023284912109375,389.6817932128906,767.5958251953125,532.514892578125,-1,-1,-1,-1
452,8,0.4047737121582031,363.6949462890625,759.7872314453125,564.313232421875,-1,-1,-1,-1
453,8,10.298160552978516,291.0118713378906,748.2615356445312,617.0457763671875,-1,-1,-1,-1
454,8,9.232963562011719,359.77679443359375,844.5505981445312,567.8429565429688,-1,-1,-1,-1
455,8,-1.8988380432128906,304.2632751464844,840.2457885742188,619.9320068359375,-1,-1,-1,-1
456,8,-1.1383247375488281,283.0556945800781,823.238525390625,641.7298583984375,-1,-1,-1,-1
457,8,2.4016036987304688,241.64939880371094,799.5520629882812,672.6843872070312,-1,-1,-1,-1
458,8,-2.5682525634765625,278.28973388671875,820.632568359375,639.0020141601562,-1,-1,-1,-1
459,8,-5.388370513916016,246.4872283935547,784.4804077148438,677.8928833007812,-1,-1,-1,-1
460,8,-1.9785232543945312,247.49447631835938,728.9757080078125,675.6995849609375,-1,-1,-1,-1
461,8,8.901969909667969,350.8210754394531,690.734375,564.7677001953125,-1,-1,-1,-1
462,8,3.6656150817871094,261.2221984863281,694.8848266601562,652.328125,-1,-1,-1,-1
463,8,-2.5326900482177734,170.9739227294922,675.9952392578125,743.89697265625,-1,-1,-1,-1
464,8,-3.4782333374023438,149.24700927734375,649.8036499023438,742.2958984375,-1,-1,-1,-1
465,8,7.6824798583984375,320.2218017578125,701.8829345703125,580.3180541992188,-1,-1,-1,-1
466,8,2.664997100830078,229.8811492919922,785.7383422851562,684.2514038085938,-1,-1,-1,-1
467,8,5.068498611450195,231.49493408203125,701.6358642578125,653.0549926757812,-1,-1,-1,-1
468,8,-7.153404235839844,111.35155487060547,519.0371704101562,777.1640625,-1,-1,-1,-1
469,8,2.6554508209228516,80.88276672363281,684.793212890625,811.0517578125,-1,-1,-1,-1
470,8,3.333404541015625,70.68289184570312,667.2955322265625,804.6715087890625,-1,-1,-1,-1
471,8,-0.9095077514648438,110.83643341064453,723.101806640625,775.0340576171875,-1,-1,-1,-1
472,8,-56.157752990722656,95.70744323730469,740.276123046875,765.2182006835938,-1,-1,-1,-1
473,8,2.110536575317383,93.79319763183594,631.826416015625,769.8587036132812,-1,-1,-1,-1
474,8,-2.0905399322509766,102.60862731933594,525.70703125,760.3815307617188,-1,-1,-1,-1
475,8,-5.837549209594727,188.27537536621094,502.6189270019531,679.5463256835938,-1,-1,-1,-1
476,8,-12.774211883544922,255.46051025390625,533.293212890625,598.2402954101562,-1,-1,-1,-1
477,8,-3.129070281982422,193.22967529296875,501.160888671875,652.9342041015625,-1,-1,-1,-1
478,8,-2.7451419830322266,119.35599517822266,503.4112548828125,736.5090942382812,-1,-1,-1,-1
479,8,-6.503942489624023,118.21064758300781,515.0101928710938,748.5643310546875,-1,-1,-1,-1
480,8,-5.338247299194336,108.16993713378906,496.14251708984375,754.553466796875,-1,-1,-1,-1
481,8,-4.062402725219727,100.50039672851562,505.6294250488281,766.93505859375,-1,-1,-1,-1
482,8,-2.960531234741211,95.97142791748047,515.9927978515625,766.9067993164062,-1,-1,-1,-1
483,8,-3.516460418701172,71.16788482666016,498.0918884277344,781.9708862304688,-1,-1,-1,-1
484,8,0.2788677215576172,81.25958251953125,488.73681640625,765.1384887695312,-1,-1,-1,-1
485,8,-0.6072578430175781,69.1115951538086,513.6602783203125,781.4010620117188,-1,-1,-1,-1
486,8,-4.354707717895508,84.76808166503906,679.5509033203125,800.3096313476562,-1,-1,-1,-1
487,8,-70.78760528564453,82.04661560058594,828.710205078125,820.5573120117188,-1,-1,-1,-1
489,8,-108.34963989257812,90.13430786132812,938.9556884765625,824.828125,-1,-1,-1,-1
492,8,-73.73834991455078,208.99163818359375,862.2520141601562,667.509765625,-1,-1,-1,-1
493,8,-2.2047595977783203,153.00648498535156,633.4772338867188,739.6160278320312,-1,-1,-1,-1
494,8,1.8896293640136719,144.42922973632812,757.888916015625,707.5863037109375,-1,-1,-1,-1
495,8,-69.22984313964844,184.0307159423828,811.2645263671875,647.8719482421875,-1,-1,-1,-1
496,8,-65.51708984375,193.8764190673828,863.9049072265625,672.3806762695312,-1,-1,-1,-1
497,8,-2.816875457763672,217.2615966796875,798.6724243164062,633.83544921875,-1,-1,-1,-1
498,8,-28.659767150878906,195.24310302734375,785.1924438476562,654.2313842773438,-1,-1,-1,-1
501,8,-17.366329193115234,252.2715301513672,794.789306640625,554.7922973632812,-1,-1,-1,-1
502,8,-22.988521575927734,297.8758239746094,808.98828125,495.1609191894531,-1,-1,-1,-1
503,8,-14.726184844970703,287.9433288574219,770.6187744140625,498.7999572753906,-1,-1,-1,-1
188,9,529.820556640625,451.092529296875,47.26654052734375,95.0723876953125,-1,-1,-1,-1
189,9,526.3713989257812,439.2778015136719,43.98443603515625,89.07748413085938,-1,-1,-1,-1
190,9,521.2655639648438,427.5230712890625,44.990478515625,90.1995849609375,-1,-1,-1,-1
191,9,521.0464477539062,422.5429382324219,46.40814208984375,89.40988159179688,-1,-1,-1,-1
192,9,519.2380981445312,421.4663391113281,46.552734375,88.04360961914062,-1,-1,-1,-1
193,9,511.68194580078125,421.4925537109375,46.77984619140625,85.50863647460938,-1,-1,-1,-1
194,9,502.3477478027344,412.4881896972656,46.502899169921875,90.4869384765625,-1,-1,-1,-1
195,9,487.5458068847656,393.011962890625,46.381744384765625,91.01300048828125,-1,-1,-1,-1
196,9,472.29425048828125,359.6373596191406,48.651611328125,99.28558349609375,-1,-1,-1,-1
197,9,447.7097473144531,299.35009765625,46.401947021484375,100.54925537109375,-1,-1,-1,-1
198,9,393.907470703125,196.2017822265625,60.707672119140625,122.84146118164062,-1,-1,-1,-1
241,10,208.73394775390625,1.9313812255859375,313.447021484375,442.33489990234375,-1,-1,-1,-1
242,10,260.4476623535156,6.192525863647461,287.3086853027344,439.64990234375,-1,-1,-1,-1
243,10,297.80224609375,2.240324020385742,252.986083984375,448.45245361328125,-1,-1,-1,-1
244,10,302.0096435546875,0.1440868377685547,258.6895751953125,465.4296569824219,-1,-1,-1,-1
245,10,312.78057861328125,-14.940441131591797,248.13604736328125,497.7492980957031,-1,-1,-1,-1
246,10,344.72369384765625,-25.214399337768555,225.19525146484375,527.1401977539062,-1,-1,-1,-1
247,10,376.4508972167969,-8.015695571899414,213.51187133789062,533.66064453125,-1,-1,-1,-1
248,10,412.9021301269531,-6.595460891723633,217.68093872070312,556.1694946289062,-1,-1,-1,-1
249,10,466.7721862792969,10.550455093383789,205.43576049804688,560.8875732421875,-1,-1,-1,-1
250,10,525.6298828125,101.55799865722656,187.7452392578125,485.49420166015625,-1,-1,-1,-1
251,10,585.4797973632812,127.67357635498047,180.45379638671875,478.38983154296875,-1,-1,-1,-1
252,10,651.346435546875,89.22038269042969,185.7928466796875,537.4950561523438,-1,-1,-1,-1
253,10,708.25439453125,83.30937194824219,193.29638671875,548.2491455078125,-1,-1,-1,-1
254,10,754.9427490234375,76.66506958007812,232.8194580078125,562.849365234375,-1,-1,-1,-1
255,10,803.7234497070312,87.92645263671875,262.89422607421875,557.188232421875,-1,-1,-1,-1
256,10,840.7720336914062,105.67900848388672,306.95379638671875,545.8295288085938,-1,-1,-1,-1
257,10,882.92236328125,133.3873748779297,331.7945556640625,528.4349365234375,-1,-1,-1,-1
258,10,927.7032470703125,170.17050170898438,344.7083740234375,509.2376403808594,-1,-1,-1,-1
259,10,966.6981201171875,196.178955078125,430.7728271484375,511.0819091796875,-1,-1,-1,-1
260,10,1024.6788330078125,266.5174255371094,372.3470458984375,464.2251281738281,-1,-1,-1,-1
261,10,1071.8760986328125,284.2345275878906,335.29248046875,461.0597229003906,-1,-1,-1,-1
262,10,1106.3994140625,334.63165283203125,294.73388671875,421.6907958984375,-1,-1,-1,-1
263,10,1136.8880615234375,357.2616271972656,264.7568359375,430.7683410644531,-1,-1,-1,-1
264,10,1160.618408203125,357.5923767089844,246.4246826171875,468.6393737792969,-1,-1,-1,-1
265,10,1179.5550537109375,369.4320983886719,226.77294921875,481.6747131347656,-1,-1,-1,-1
266,10,1191.200927734375,368.922607421875,214.60009765625,506.34765625,-1,-1,-1,-1
267,10,1201.4759521484375,380.4425048828125,205.1820068359375,512.7374267578125,-1,-1,-1,-1
268,10,1214.5709228515625,410.6346130371094,191.7198486328125,491.9552307128906,-1,-1,-1,-1
269,10,1225.23974609375,437.7481384277344,181.56298828125,469.9223327636719,-1,-1,-1,-1
270,10,1228.2628173828125,452.8258972167969,178.9710693359375,465.0620422363281,-1,-1,-1,-1
271,10,1229.83740234375,487.6489562988281,177.9229736328125,426.4728698730469,-1,-1,-1,-1
272,10,1227.042724609375,426.26458740234375,179.0345458984375,506.11224365234375,-1,-1,-1,-1
273,10,1221.3448486328125,467.6536865234375,184.5111083984375,486.83392333984375,-1,-1,-1,-1
274,10,1216.041259765625,477.1031188964844,188.705322265625,483.4790344238281,-1,-1,-1,-1
275,10,1211.7762451171875,589.1978759765625,195.773681640625,375.9779052734375,-1,-1,-1,-1
276,10,1197.488525390625,636.5469970703125,207.5670166015625,327.81646728515625,-1,-1,-1,-1
277,10,1189.7657470703125,645.8049926757812,216.0797119140625,321.12811279296875,-1,-1,-1,-1
278,10,1200.4564208984375,649.1973876953125,205.369873046875,329.42608642578125,-1,-1,-1,-1
279,10,1215.95361328125,651.7388916015625,189.3192138671875,340.51153564453125,-1,-1,-1,-1
280,10,1164.7813720703125,685.514404296875,248.2413330078125,395.9820556640625,-1,-1,-1,-1
281,10,1205.812744140625,647.7798461914062,195.9639892578125,431.70367431640625,-1,-1,-1,-1
282,10,1226.6002197265625,691.808837890625,175.4501953125,420.4287109375,-1,-1,-1,-1
283,10,1248.2779541015625,679.8561401367188,154.0557861328125,480.11737060546875,-1,-1,-1,-1
284,10,1278.158447265625,674.656494140625,127.329833984375,357.0196533203125,-1,-1,-1,-1
274,11,951.0709228515625,249.51162719726562,47.87890625,95.635986328125,-1,-1,-1,-1
275,11,950.9237670898438,252.27581787109375,42.16839599609375,93.80288696289062,-1,-1,-1,-1
276,11,946.0452270507812,255.04698181152344,44.61944580078125,97.05128479003906,-1,-1,-1,-1
277,11,942.1143798828125,257.82818603515625,52.11065673828125,106.14093017578125,-1,-1,-1,-1
278,11,964.7443237304688,259.8611145019531,48.52593994140625,108.25302124023438,-1,-1,-1,-1
279,11,995.9984741210938,263.29400634765625,44.97100830078125,100.40887451171875,-1,-1,-1,-1
280,11,1017.5496826171875,268.9366149902344,50.8441162109375,105.96914672851562,-1,-1,-1,-1
281,11,1035.1270751953125,279.10797119140625,53.3629150390625,110.51806640625,-1,-1,-1,-1
282,11,1037.7042236328125,287.99993896484375,64.7318115234375,127.46182250976562,-1,-1,-1,-1
283,11,1056.355712890625,293.6947937011719,55.5770263671875,116.62850952148438,-1,-1,-1,-1
284,11,1069.99853515625,293.6773986816406,56.3079833984375,113.59951782226562,-1,-1,-1,-1
285,11,1088.6480712890625,287.2848205566406,52.96630859375,115.16387939453125,-1,-1,-1,-1
286,11,1108.3048095703125,283.9626770019531,53.381591796875,119.21136474609375,-1,-1,-1,-1
287,11,1120.326904296875,283.7438659667969,62.600830078125,129.30862426757812,-1,-1,-1,-1
288,11,1139.15478515625,281.705078125,58.7177734375,131.1988525390625,-1,-1,-1,-1
289,11,1153.98779296875,281.4713134765625,56.0301513671875,115.19192504882812,-1,-1,-1,-1
290,11,1162.9300537109375,282.8653564453125,58.4859619140625,121.95156860351562,-1,-1,-1,-1
291,11,1177.6104736328125,284.923828125,47.942138671875,106.25537109375,-1,-1,-1,-1
292,11,1185.2698974609375,287.1546325683594,43.55078125,95.42739868164062,-1,-1,-1,-1
294,11,1180.790283203125,288.1936950683594,45.5836181640625,97.8681640625,-1,-1,-1,-1
295,11,1167.4473876953125,285.59552001953125,46.9678955078125,99.80221557617188,-1,-1,-1,-1
296,11,1147.9786376953125,288.89398193359375,50.550048828125,105.73654174804688,-1,-1,-1,-1
297,11,1130.2506103515625,288.4414978027344,52.8631591796875,106.19656372070312,-1,-1,-1,-1
298,11,1114.0035400390625,287.1285705566406,56.6485595703125,114.07901000976562,-1,-1,-1,-1
300,11,1109.76220703125,281.89697265625,40.9857177734375,101.36013793945312,-1,-1,-1,-1
301,11,1113.005615234375,275.9881591796875,35.789306640625,84.52047729492188,-1,-1,-1,-1
302,11,1106.8673095703125,268.12176513671875,41.516357421875,93.71630859375,-1,-1,-1,-1
303,11,1097.25341796875,263.84637451171875,37.2333984375,90.57467651367188,-1,-1,-1,-1
304,11,1080.2152099609375,265.45166015625,36.8743896484375,89.01126098632812,-1,-1,-1,-1
305,11,1059.5350341796875,271.1965637207031,36.7052001953125,87.96649169921875,-1,-1,-1,-1
306,11,1042.93505859375,274.0840759277344,36.239501953125,82.81295776367188,-1,-1,-1,-1
307,11,1025.541748046875,280.0574035644531,39.646240234375,90.27792358398438,-1,-1,-1,-1
308,11,1003.1400146484375,279.9682312011719,45.12353515625,99.29144287109375,-1,-1,-1,-1
309,11,984.296630859375,276.0732116699219,40.05218505859375,89.80075073242188,-1,-1,-1,-1
310,11,966.0042724609375,268.17462158203125,34.44781494140625,85.29275512695312,-1,-1,-1,-1
311,11,935.7947387695312,279.2437438964844,36.32080078125,86.94863891601562,-1,-1,-1,-1
312,11,897.504638671875,285.2122497558594,40.41925048828125,113.53262329101562,-1,-1,-1,-1
313,11,859.0615844726562,289.4179992675781,37.17413330078125,95.16220092773438,-1,-1,-1,-1
314,11,813.8052978515625,291.43304443359375,45.6324462890625,98.06890869140625,-1,-1,-1,-1
315,11,759.89794921875,294.5103454589844,41.134521484375,92.5118408203125,-1,-1,-1,-1
316,11,694.0795288085938,303.0923767089844,40.2705078125,91.97186279296875,-1,-1,-1,-1
317,11,631.70947265625,302.72991943359375,36.0264892578125,85.79000854492188,-1,-1,-1,-1
318,11,575.398193359375,296.59588623046875,40.1173095703125,85.10736083984375,-1,-1,-1,-1
319,11,536.1883544921875,289.6017761230469,38.451416015625,80.56210327148438,-1,-1,-1,-1
320,11,500.5672607421875,280.019287109375,39.051513671875,85.64346313476562,-1,-1,-1,-1
321,11,475.7065734863281,267.77587890625,37.344512939453125,88.7060546875,-1,-1,-1,-1
322,11,451.52142333984375,263.6571960449219,37.852081298828125,81.4063720703125,-1,-1,-1,-1
323,11,432.1534423828125,255.6070098876953,38.429290771484375,85.44352722167969,-1,-1,-1,-1
324,11,412.00311279296875,247.5901641845703,37.841156005859375,80.71669006347656,-1,-1,-1,-1
325,11,396.6360168457031,234.8759002685547,39.142333984375,86.02281188964844,-1,-1,-1,-1
326,11,392.9508361816406,223.58392333984375,37.4283447265625,89.56268310546875,-1,-1,-1,-1
327,11,392.6019287109375,220.3533477783203,40.551971435546875,90.04286193847656,-1,-1,-1,-1
328,11,394.44573974609375,210.19491577148438,41.120330810546875,95.15963745117188,-1,-1,-1,-1
329,11,399.7120666503906,203.7324981689453,40.301788330078125,91.69709777832031,-1,-1,-1,-1
330,11,407.902099609375,197.18267822265625,40.391265869140625,90.428955078125,-1,-1,-1,-1
331,11,421.7786560058594,196.47702026367188,43.5401611328125,108.47256469726562,-1,-1,-1,-1
332,11,453.7299499511719,190.53729248046875,36.622772216796875,86.2010498046875,-1,-1,-1,-1
333,11,492.3050537109375,184.01380920410156,41.65533447265625,92.89323425292969,-1,-1,-1,-1
334,11,537.4561767578125,170.40655517578125,41.49993896484375,98.98504638671875,-1,-1,-1,-1
335,11,581.865478515625,155.05123901367188,42.5550537109375,99.37918090820312,-1,-1,-1,-1
336,11,631.276611328125,127.37385559082031,46.02587890625,96.35420227050781,-1,-1,-1,-1
337,11,669.92529296875,102.57697296142578,52.453125,103.4696273803711,-1,-1,-1,-1
338,11,713.607421875,86.74153137207031,59.3394775390625,98.04765319824219,-1,-1,-1,-1
339,11,754.679931640625,84.6970443725586,60.7799072265625,108.74239349365234,-1,-1,-1,-1
341,11,812.2727661132812,94.6900863647461,44.26531982421875,100.7420883178711,-1,-1,-1,-1
342,11,828.3158569335938,108.90888214111328,52.8582763671875,107.67548370361328,-1,-1,-1,-1
343,11,857.0267333984375,117.6643295288086,44.36688232421875,88.8930435180664,-1,-1,-1,-1
344,11,879.052490234375,125.8345947265625,46.7747802734375,86.77207946777344,-1,-1,-1,-1
345,11,901.7872314453125,125.59759521484375,52.296630859375,99.82933044433594,-1,-1,-1,-1
346,11,920.5044555664062,123.4205322265625,56.0335693359375,113.69662475585938,-1,-1,-1,-1
347,11,945.0746459960938,119.94981384277344,45.10406494140625,96.99610900878906,-1,-1,-1,-1
348,11,957.9578857421875,116.59477233886719,41.46044921875,91.05824279785156,-1,-1,-1,-1
349,11,962.0431518554688,123.16938781738281,51.3431396484375,101.95022583007812,-1,-1,-1,-1
350,11,966.1678466796875,123.95361328125,48.998779296875,102.4844970703125,-1,-1,-1,-1
351,11,962.006591796875,124.9181900024414,54.98370361328125,101.5493392944336,-1,-1,-1,-1
352,11,974.0367431640625,124.14468383789062,42.6209716796875,95.1627197265625,-1,-1,-1,-1
353,11,969.6127319335938,126.25691986083984,49.77874755859375,99.6993179321289,-1,-1,-1,-1
354,11,975.7134399414062,126.12939453125,38.55401611328125,85.93508911132812,-1,-1,-1,-1
355,11,969.905029296875,128.3818588256836,40.567138671875,90.54515838623047,-1,-1,-1,-1
356,11,961.84375,139.22308349609375,43.15118408203125,94.99140930175781,-1,-1,-1,-1
357,11,949.1990356445312,156.7823486328125,44.5703125,89.12179565429688,-1,-1,-1,-1
358,11,934.507080078125,163.639404296875,50.4681396484375,102.49160766601562,-1,-1,-1,-1
359,11,911.8893432617188,169.46749877929688,63.18988037109375,117.34393310546875,-1,-1,-1,-1
360,11,919.2732543945312,163.73046875,60.34674072265625,111.92852783203125,-1,-1,-1,-1
278,12,779.1693725585938,273.06488037109375,55.296875,141.7451171875,-1,-1,-1,-1
279,12,807.7356567382812,272.5664367675781,50.07183837890625,128.67477416992188,-1,-1,-1,-1
280,12,837.2177734375,275.02508544921875,43.3336181640625,119.04229736328125,-1,-1,-1,-1
281,12,853.9808959960938,284.9877624511719,44.84674072265625,126.643310546875,-1,-1,-1,-1
282,12,865.1970825195312,294.77105712890625,44.69769287109375,123.3551025390625,-1,-1,-1,-1
283,12,878.375244140625,299.4767761230469,42.4505615234375,123.00433349609375,-1,-1,-1,-1
284,12,883.3453369140625,298.2939147949219,49.86602783203125,126.30960083007812,-1,-1,-1,-1
285,12,904.292724609375,293.1741638183594,43.2955322265625,126.19845581054688,-1,-1,-1,-1
286,12,925.0186157226562,288.3153381347656,39.60125732421875,118.43743896484375,-1,-1,-1,-1
287,12,935.8712768554688,285.436767578125,45.47967529296875,121.6788330078125,-1,-1,-1,-1
288,12,950.8421020507812,281.3865966796875,46.09149169921875,125.48477172851562,-1,-1,-1,-1
289,12,963.1575317382812,277.3118591308594,44.9088134765625,124.01113891601562,-1,-1,-1,-1
290,12,963.3663330078125,279.5448913574219,56.9342041015625,131.481689453125,-1,-1,-1,-1
291,12,971.0699462890625,279.6861267089844,57.5975341796875,139.73532104492188,-1,-1,-1,-1
292,12,935.73779296875,281.02496337890625,99.77392578125,248.90386962890625,-1,-1,-1,-1
294,12,917.8541259765625,282.5588684082031,127.7750244140625,276.7312316894531,-1,-1,-1,-1
295,12,879.3612060546875,264.86114501953125,157.08447265625,308.7432861328125,-1,-1,-1,-1
297,12,871.4783935546875,293.9444885253906,135.510009765625,288.1719055175781,-1,-1,-1,-1
298,12,855.3980102539062,300.79522705078125,137.8818359375,288.28369140625,-1,-1,-1,-1
299,12,806.7198486328125,310.9775695800781,171.73553466796875,297.7116394042969,-1,-1,-1,-1
300,12,763.45654296875,335.05438232421875,206.5069580078125,293.794677734375,-1,-1,-1,-1
313,13,1174.372802734375,534.74267578125,234.827880859375,561.673095703125,-1,-1,-1,-1
314,13,1125.40478515625,538.2935180664062,283.037353515625,523.9442749023438,-1,-1,-1,-1
315,13,1076.7216796875,564.4188842773438,329.72998046875,468.52398681640625,-1,-1,-1,-1
316,13,1008.2291870117188,577.32666015625,390.34747314453125,437.5928955078125,-1,-1,-1,-1
317,13,956.7432250976562,583.0382690429688,390.01593017578125,412.75506591796875,-1,-1,-1,-1
318,13,915.91943359375,585.2709350585938,353.8994140625,387.28857421875,-1,-1,-1,-1
319,13,896.482177734375,592.2197875976562,324.4073486328125,361.39166259765625,-1,-1,-1,-1
320,13,881.1343383789062,602.4095458984375,324.05279541015625,347.189208984375,-1,-1,-1,-1
321,13,868.697998046875,610.7188110351562,288.71875,310.23052978515625,-1,-1,-1,-1
322,13,851.2228393554688,577.249267578125,308.04156494140625,352.92724609375,-1,-1,-1,-1
323,13,838.02099609375,569.2314453125,334.3052978515625,330.9368896484375,-1,-1,-1,-1
324,13,822.3966674804688,561.2110595703125,322.49957275390625,344.18682861328125,-1,-1,-1,-1
325,13,811.9585571289062,550.2525024414062,342.27728271484375,384.7431640625,-1,-1,-1,-1
326,13,808.007080078125,549.5526733398438,343.6329345703125,377.02655029296875,-1,-1,-1,-1
327,13,808.2174682617188,547.94091796875,344.98419189453125,367.3980712890625,-1,-1,-1,-1
328,13,805.6713256835938,543.2034912109375,357.54058837890625,389.7154541015625,-1,-1,-1,-1
329,13,819.214599609375,543.9566040039062,347.286865234375,376.78778076171875,-1,-1,-1,-1
330,13,824.5786743164062,535.4677734375,362.28057861328125,369.373291015625,-1,-1,-1,-1
331,13,844.1153564453125,533.6444702148438,363.0220947265625,360.41009521484375,-1,-1,-1,-1
332,13,872.9418334960938,527.0670776367188,372.07159423828125,356.42559814453125,-1,-1,-1,-1
333,13,914.2031860351562,519.0773315429688,375.19720458984375,389.15802001953125,-1,-1,-1,-1
334,13,958.3843994140625,510.8692932128906,395.049560546875,422.2575378417969,-1,-1,-1,-1
335,13,993.768310546875,507.1583251953125,415.8824462890625,524.7662353515625,-1,-1,-1,-1
336,13,992.2213134765625,503.1127624511719,417.680908203125,654.818115234375,-1,-1,-1,-1
337,13,1052.774658203125,503.0831298828125,352.8160400390625,533.8017578125,-1,-1,-1,-1
338,13,1082.5208740234375,516.4865112304688,326.65673828125,499.4915771484375,-1,-1,-1,-1
339,13,1109.3681640625,536.2990112304688,301.2373046875,480.19281005859375,-1,-1,-1,-1
340,13,1133.66064453125,551.3401489257812,276.419189453125,494.58843994140625,-1,-1,-1,-1
341,13,1144.356689453125,579.952880859375,265.414306640625,515.3092041015625,-1,-1,-1,-1
342,13,1149.593994140625,544.3633422851562,260.54296875,566.2819213867188,-1,-1,-1,-1
343,13,1157.7135009765625,564.7893676757812,250.483154296875,581.8539428710938,-1,-1,-1,-1
344,13,1168.205078125,591.788330078125,241.060546875,621.6458740234375,-1,-1,-1,-1
345,13,1163.161865234375,626.5425415039062,244.72265625,552.9412231445312,-1,-1,-1,-1
346,13,1146.306884765625,682.8328857421875,259.01904296875,464.509765625,-1,-1,-1,-1
347,13,1167.701171875,681.6987915039062,234.934814453125,450.12518310546875,-1,-1,-1,-1
397,14,1170.020751953125,484.8128967285156,238.4708251953125,390.3058776855469,-1,-1,-1,-1
398,14,1164.9429931640625,489.767333984375,242.975830078125,364.96234130859375,-1,-1,-1,-1
399,14,1165.1202392578125,493.2413635253906,241.8154296875,349.6445007324219,-1,-1,-1,-1
400,14,1191.343994140625,491.3409423828125,216.0191650390625,348.72467041015625,-1,-1,-1,-1
401,14,1177.442626953125,497.13311767578125,229.488037109375,325.97735595703125,-1,-1,-1,-1
402,14,1166.1202392578125,503.519775390625,241.0106201171875,320.1275634765625,-1,-1,-1,-1
403,14,1161.2265625,502.80841064453125,242.4990234375,313.18719482421875,-1,-1,-1,-1
404,14,1143.22509765625,505.1318664550781,261.77734375,314.4573669433594,-1,-1,-1,-1
405,14,1125.988037109375,504.94097900390625,281.126220703125,317.23663330078125,-1,-1,-1,-1
406,14,1104.1943359375,505.0604553222656,295.030517578125,296.2842712402344,-1,-1,-1,-1
407,14,1092.7332763671875,504.3365783691406,299.776123046875,289.5389099121094,-1,-1,-1,-1
408,14,1081.100830078125,505.83416748046875,303.46240234375,290.91851806640625,-1,-1,-1,-1
409,14,1080.9549560546875,510.2701110839844,301.414794921875,283.4733581542969,-1,-1,-1,-1
410,14,1077.175048828125,521.8609619140625,305.523193359375,279.56463623046875,-1,-1,-1,-1
411,14,1070.8380126953125,516.2454223632812,324.15771484375,287.99346923828125,-1,-1,-1,-1
412,14,1065.2979736328125,521.3463134765625,312.231201171875,277.71466064453125,-1,-1,-1,-1
413,14,1058.01220703125,508.02362060546875,337.20849609375,324.56671142578125,-1,-1,-1,-1
414,14,1057.1263427734375,507.3966064453125,341.948486328125,325.3924560546875,-1,-1,-1,-1
415,14,1062.3363037109375,504.52679443359375,340.83447265625,346.16131591796875,-1,-1,-1,-1
409,15,1075.02734375,502.953369140625,275.56103515625,233.08319091796875,-1,-1,-1,-1
410,15,1072.187255859375,498.5379638671875,285.872314453125,243.9481201171875,-1,-1,-1,-1
411,15,1065.1123046875,500.5815734863281,260.22998046875,242.61575317382812,-1,-1,-1,-1
412,15,1050.9486083984375,500.06890869140625,291.4150390625,242.62591552734375,-1,-1,-1,-1
413,15,1050.2667236328125,502.703125,304.0340576171875,258.9033203125,-1,-1,-1,-1
414,15,1047.291015625,502.1593933105469,302.6904296875,258.1960754394531,-1,-1,-1,-1
415,15,1058.1572265625,499.3721618652344,296.373779296875,266.7869567871094,-1,-1,-1,-1
416,15,1057.5062255859375,490.2566223144531,338.436767578125,306.2122497558594,-1,-1,-1,-1
417,15,1054.647705078125,476.8528137207031,347.9080810546875,325.0869445800781,-1,-1,-1,-1
418,15,1054.7652587890625,464.394775390625,343.274169921875,325.4737548828125,-1,-1,-1,-1
419,15,1044.583740234375,451.58734130859375,357.924560546875,343.15057373046875,-1,-1,-1,-1
420,15,1028.7860107421875,421.4056091308594,376.3489990234375,353.5790100097656,-1,-1,-1,-1
421,15,1031.74072265625,380.5281982421875,370.81640625,364.0863037109375,-1,-1,-1,-1
422,15,1017.1460571289062,320.064208984375,389.52093505859375,398.83990478515625,-1,-1,-1,-1
423,15,980.9529418945312,261.6169738769531,404.58807373046875,420.4931335449219,-1,-1,-1,-1
424,15,949.303466796875,222.39112854003906,365.539794921875,418.47491455078125,-1,-1,-1,-1
425,15,913.4152221679688,173.52468872070312,405.89105224609375,446.0049133300781,-1,-1,-1,-1
426,15,886.1370849609375,140.32696533203125,340.2081298828125,461.93316650390625,-1,-1,-1,-1
427,15,857.6314697265625,102.88396453857422,342.0152587890625,466.05865478515625,-1,-1,-1,-1
428,15,833.7874145507812,91.04588317871094,349.13165283203125,487.22979736328125,-1,-1,-1,-1
429,15,816.2583618164062,82.58890533447266,329.34149169921875,499.0497741699219,-1,-1,-1,-1
430,15,807.6428833007812,73.4266586303711,330.79486083984375,498.9280700683594,-1,-1,-1,-1
431,15,792.6589965820312,80.25479125976562,332.05645751953125,462.1289978027344,-1,-1,-1,-1
432,15,791.8045043945312,87.36351776123047,332.35321044921875,475.7803955078125,-1,-1,-1,-1
433,15,791.760009765625,90.45399475097656,320.4100341796875,481.64776611328125,-1,-1,-1,-1
434,15,791.758544921875,80.83686065673828,331.3690185546875,482.73199462890625,-1,-1,-1,-1
435,15,801.1773071289062,73.31040954589844,328.12469482421875,492.48846435546875,-1,-1,-1,-1
436,15,804.8546752929688,69.48861694335938,333.03765869140625,518.9261474609375,-1,-1,-1,-1
437,15,808.66845703125,61.69986343383789,333.9647216796875,533.5370483398438,-1,-1,-1,-1
438,15,817.06787109375,70.3193588256836,327.776123046875,503.2083435058594,-1,-1,-1,-1
439,15,822.0427856445312,71.37922668457031,321.85272216796875,481.31695556640625,-1,-1,-1,-1
440,15,830.6766967773438,72.66790771484375,326.48321533203125,474.9508056640625,-1,-1,-1,-1
441,15,834.1279907226562,73.71965789794922,323.15093994140625,488.06280517578125,-1,-1,-1,-1
442,15,831.92919921875,67.3711929321289,328.3582763671875,498.8317565917969,-1,-1,-1,-1
443,15,833.226806640625,69.99547576904297,330.43701171875,491.7515869140625,-1,-1,-1,-1
444,15,836.7589721679688,71.72987365722656,328.07562255859375,475.80072021484375,-1,-1,-1,-1
445,15,834.6105346679688,69.44684600830078,330.81866455078125,479.70782470703125,-1,-1,-1,-1
446,15,835.2181396484375,77.0916748046875,328.95849609375,471.03436279296875,-1,-1,-1,-1
447,15,836.05224609375,73.06083679199219,330.07568359375,488.92962646484375,-1,-1,-1,-1
448,15,835.0325927734375,63.133148193359375,325.3541259765625,510.9263000488281,-1,-1,-1,-1
449,15,833.6204833984375,56.52531814575195,328.9012451171875,508.68377685546875,-1,-1,-1,-1
450,15,835.1114501953125,54.283851623535156,333.3978271484375,488.5025329589844,-1,-1,-1,-1
451,15,837.7701416015625,58.05609893798828,331.5362548828125,483.85064697265625,-1,-1,-1,-1
452,15,836.972412109375,46.785491943359375,332.6986083984375,459.7942810058594,-1,-1,-1,-1
453,15,841.1278686523438,40.57107162475586,334.81097412109375,495.9579772949219,-1,-1,-1,-1
454,15,842.364990234375,33.8808708190918,336.2203369140625,507.38238525390625,-1,-1,-1,-1
455,15,846.2650756835938,44.076717376708984,332.98907470703125,530.3375854492188,-1,-1,-1,-1
456,15,848.4713134765625,39.28444290161133,333.1373291015625,518.5108642578125,-1,-1,-1,-1
457,15,850.8604736328125,34.218055725097656,335.9320068359375,523.8466186523438,-1,-1,-1,-1
458,15,857.8992919921875,37.939971923828125,331.9271240234375,512.0744323730469,-1,-1,-1,-1
459,15,860.7180786132812,31.16471290588379,339.39031982421875,525.841796875,-1,-1,-1,-1
460,15,862.0887451171875,35.39776611328125,344.4376220703125,511.0540771484375,-1,-1,-1,-1
461,15,864.64306640625,41.247032165527344,329.1414794921875,483.0719299316406,-1,-1,-1,-1
462,15,871.9468383789062,58.06166076660156,323.49005126953125,458.49267578125,-1,-1,-1,-1
463,15,876.5399780273438,52.44439697265625,329.38092041015625,478.00579833984375,-1,-1,-1,-1
464,15,889.255126953125,52.03927993774414,320.9310302734375,453.75384521484375,-1,-1,-1,-1
465,15,897.5362548828125,57.420509338378906,334.924560546875,424.022705078125,-1,-1,-1,-1
466,15,903.3316650390625,64.35748291015625,324.37890625,421.27276611328125,-1,-1,-1,-1
467,15,902.9907836914062,66.79170227050781,329.69366455078125,413.83831787109375,-1,-1,-1,-1
468,15,903.2799072265625,70.20195007324219,328.4940185546875,378.01593017578125,-1,-1,-1,-1
469,15,906.2894287109375,83.88072204589844,320.53466796875,358.7764892578125,-1,-1,-1,-1
470,15,912.225341796875,89.09394836425781,309.39697265625,356.85479736328125,-1,-1,-1,-1
471,15,914.669677734375,91.49005126953125,312.33984375,364.926513671875,-1,-1,-1,-1
472,15,916.028564453125,90.57148742675781,319.998046875,390.43560791015625,-1,-1,-1,-1
473,15,915.4757080078125,88.59519958496094,327.2764892578125,429.8260498046875,-1,-1,-1,-1
474,15,916.440673828125,88.94935607910156,329.9285888671875,437.1348876953125,-1,-1,-1,-1
475,15,917.6616821289062,91.06269073486328,330.90130615234375,427.21295166015625,-1,-1,-1,-1
476,15,919.8278198242188,90.57612609863281,331.21368408203125,405.55303955078125,-1,-1,-1,-1
477,15,925.214599609375,89.88916778564453,330.2730712890625,392.3123474121094,-1,-1,-1,-1
478,15,925.6990966796875,89.6995620727539,326.7322998046875,414.5279235839844,-1,-1,-1,-1
479,15,925.3784790039062,87.03241729736328,336.40570068359375,457.92694091796875,-1,-1,-1,-1
480,15,926.2923583984375,90.98799896240234,334.900390625,461.9255676269531,-1,-1,-1,-1
481,15,926.9409790039062,90.42636108398438,338.14031982421875,428.6824035644531,-1,-1,-1,-1
482,15,928.3994750976562,87.72472381591797,341.89019775390625,450.0147705078125,-1,-1,-1,-1
483,15,929.0230102539062,76.12309265136719,350.14849853515625,414.5621337890625,-1,-1,-1,-1
484,15,928.7955932617188,67.27436828613281,355.44989013671875,400.98583984375,-1,-1,-1,-1
485,15,933.1123046875,59.40435028076172,348.11767578125,386.53436279296875,-1,-1,-1,-1
486,15,930.447998046875,58.59407043457031,353.3447265625,381.0755615234375,-1,-1,-1,-1
487,15,924.0934448242188,47.56707000732422,351.45770263671875,366.0470275878906,-1,-1,-1,-1
488,15,926.8468017578125,58.781219482421875,335.7769775390625,380.0127868652344,-1,-1,-1,-1
489,15,921.3350830078125,44.24622344970703,332.975341796875,386.1502990722656,-1,-1,-1,-1
490,15,920.4164428710938,35.13640594482422,337.21636962890625,433.0380859375,-1,-1,-1,-1
491,15,918.0946044921875,35.2134895324707,336.849609375,405.1175537109375,-1,-1,-1,-1
492,15,912.608642578125,38.76829528808594,324.3690185546875,398.62005615234375,-1,-1,-1,-1
493,15,892.1118774414062,39.261993408203125,363.53924560546875,387.41180419921875,-1,-1,-1,-1
494,15,882.6079711914062,42.7347412109375,336.04412841796875,394.7686462402344,-1,-1,-1,-1
495,15,875.7716674804688,36.60028076171875,401.89556884765625,410.3721923828125,-1,-1,-1,-1
496,15,849.6690673828125,37.98686218261719,368.4464111328125,389.71771240234375,-1,-1,-1,-1
497,15,851.7896728515625,32.52139663696289,396.490234375,438.4351806640625,-1,-1,-1,-1
498,15,840.1688842773438,30.438398361206055,348.84588623046875,422.1628112792969,-1,-1,-1,-1
499,15,830.9024658203125,25.4259090423584,363.5899658203125,412.86785888671875,-1,-1,-1,-1
500,15,839.3674926757812,19.087682723999023,369.15423583984375,405.3571472167969,-1,-1,-1,-1
501,15,853.4812622070312,7.373390197753906,381.38787841796875,453.2230224609375,-1,-1,-1,-1
502,15,858.6324462890625,4.9425506591796875,391.628173828125,459.89715576171875,-1,-1,-1,-1
503,15,847.236328125,8.846244812011719,350.6942138671875,407.5917053222656,-1,-1,-1,-1
504,15,863.8693237304688,4.995023727416992,394.36468505859375,435.8244934082031,-1,-1,-1,-1
505,15,876.63134765625,3.4446029663085938,395.4462890625,464.3532409667969,-1,-1,-1,-1
506,15,894.7310180664062,9.729957580566406,337.88995361328125,428.0769958496094,-1,-1,-1,-1
507,15,909.551025390625,13.703832626342773,332.114990234375,404.7090148925781,-1,-1,-1,-1
508,15,928.4961547851562,32.121145248413086,318.33843994140625,383.47906494140625,-1,-1,-1,-1
509,15,938.6918334960938,33.14960479736328,337.99285888671875,409.1896667480469,-1,-1,-1,-1
510,15,948.2391967773438,42.9580192565918,332.52020263671875,397.5552978515625,-1,-1,-1,-1
511,15,961.6845092773438,48.19966125488281,335.06439208984375,397.67236328125,-1,-1,-1,-1
512,15,977.0890502929688,71.77051544189453,339.33135986328125,386.5024719238281,-1,-1,-1,-1
513,15,987.08203125,79.59246826171875,337.83349609375,417.96075439453125,-1,-1,-1,-1
514,15,990.3951416015625,84.85003662109375,336.0465087890625,365.2581787109375,-1,-1,-1,-1
515,15,994.958740234375,91.59469604492188,329.1026611328125,339.7952880859375,-1,-1,-1,-1
516,15,997.7940673828125,98.19956970214844,342.037841796875,368.4083251953125,-1,-1,-1,-1
517,15,1003.9116821289062,99.56387329101562,341.41461181640625,367.53399658203125,-1,-1,-1,-1
518,15,1016.1315307617188,111.24656677246094,343.23565673828125,374.80267333984375,-1,-1,-1,-1
519,15,1023.2505493164062,121.9327163696289,324.16497802734375,360.48284912109375,-1,-1,-1,-1
520,15,1027.0233154296875,126.49986267089844,329.7342529296875,368.01580810546875,-1,-1,-1,-1
521,15,1031.7041015625,130.79931640625,324.013671875,348.2100830078125,-1,-1,-1,-1
522,15,1032.0653076171875,131.7037353515625,321.77978515625,348.0842590332031,-1,-1,-1,-1
523,15,1027.7032470703125,131.52540588378906,333.6141357421875,359.35675048828125,-1,-1,-1,-1
524,15,1015.8363647460938,125.39683532714844,333.90301513671875,375.0018310546875,-1,-1,-1,-1
525,15,1008.3848266601562,118.97867584228516,372.56622314453125,359.7362060546875,-1,-1,-1,-1
526,15,1012.2471923828125,117.96792602539062,354.0067138671875,347.5603332519531,-1,-1,-1,-1
527,15,1021.875732421875,117.07464599609375,350.64404296875,419.5396728515625,-1,-1,-1,-1
528,15,1051.9925537109375,122.3558349609375,310.96044921875,382.5356140136719,-1,-1,-1,-1
529,15,1082.61669921875,131.99688720703125,282.4603271484375,371.150146484375,-1,-1,-1,-1
530,15,1099.6514892578125,139.09336853027344,252.20849609375,333.5850830078125,-1,-1,-1,-1
531,15,1124.1083984375,144.0953826904297,246.486328125,336.6693115234375,-1,-1,-1,-1
532,15,1140.91943359375,141.5635528564453,236.859130859375,366.25994873046875,-1,-1,-1,-1
533,15,1149.287109375,154.4411163330078,235.625732421875,402.09698486328125,-1,-1,-1,-1
534,15,1154.2303466796875,175.1160888671875,234.466064453125,415.0465087890625,-1,-1,-1,-1
535,15,1147.1673583984375,190.71621704101562,247.236572265625,395.7614440917969,-1,-1,-1,-1
536,15,1149.9168701171875,217.10479736328125,248.8944091796875,387.98016357421875,-1,-1,-1,-1
537,15,1154.03564453125,233.04412841796875,250.3621826171875,394.25067138671875,-1,-1,-1,-1
538,15,1153.110107421875,246.6302947998047,254.2022705078125,424.59820556640625,-1,-1,-1,-1
539,15,1158.5482177734375,257.33636474609375,250.3604736328125,441.09710693359375,-1,-1,-1,-1
540,15,1161.14794921875,264.12896728515625,247.1304931640625,471.9366455078125,-1,-1,-1,-1
541,15,1155.101318359375,259.4122314453125,253.8311767578125,457.12457275390625,-1,-1,-1,-1
542,15,1159.1171875,251.15602111816406,251.4019775390625,460.8582763671875,-1,-1,-1,-1
543,15,1160.552978515625,250.16531372070312,248.570556640625,467.7359313964844,-1,-1,-1,-1
544,15,1165.134765625,236.9512481689453,244.048095703125,521.9361572265625,-1,-1,-1,-1
545,15,1166.9915771484375,232.79827880859375,241.71630859375,561.0784301757812,-1,-1,-1,-1
546,15,1167.5592041015625,231.38131713867188,240.0872802734375,587.0386962890625,-1,-1,-1,-1
547,15,1169.0498046875,229.4601593017578,239.759033203125,592.2249145507812,-1,-1,-1,-1
548,15,1167.1478271484375,240.1210479736328,241.392333984375,579.891845703125,-1,-1,-1,-1
549,15,1168.3355712890625,251.5318603515625,240.52880859375,569.59521484375,-1,-1,-1,-1
550,15,1169.6964111328125,248.7806396484375,239.009033203125,568.8758544921875,-1,-1,-1,-1
551,15,1175.336669921875,252.83848571777344,234.0399169921875,564.6392211914062,-1,-1,-1,-1
552,15,1178.5606689453125,258.0319519042969,230.1669921875,527.7498779296875,-1,-1,-1,-1
553,15,1180.2535400390625,261.8702697753906,227.8741455078125,501.4794006347656,-1,-1,-1,-1
554,15,1181.52783203125,251.54620361328125,227.5152587890625,502.19793701171875,-1,-1,-1,-1
555,15,1180.918701171875,259.21044921875,227.0498046875,495.344482421875,-1,-1,-1,-1
556,15,1182.3905029296875,263.19305419921875,225.79931640625,483.65814208984375,-1,-1,-1,-1
557,15,1187.187744140625,263.79937744140625,221.0289306640625,496.11663818359375,-1,-1,-1,-1
558,15,1188.998291015625,260.9230651855469,219.3302001953125,496.7374572753906,-1,-1,-1,-1
559,15,1187.5015869140625,263.6637878417969,220.40576171875,482.6944274902344,-1,-1,-1,-1
560,15,1187.94140625,268.41986083984375,219.87841796875,473.22589111328125,-1,-1,-1,-1
561,15,1192.6976318359375,260.1504211425781,215.569091796875,459.6975402832031,-1,-1,-1,-1
562,15,1192.6175537109375,260.4127197265625,216.088134765625,459.60272216796875,-1,-1,-1,-1
563,15,1191.57666015625,245.54306030273438,216.6934814453125,450.5116271972656,-1,-1,-1,-1
564,15,1189.64697265625,256.00018310546875,216.580810546875,400.8857421875,-1,-1,-1,-1
565,15,1192.0985107421875,245.6825408935547,212.81201171875,392.82025146484375,-1,-1,-1,-1
566,15,1194.450927734375,245.46946716308594,211.0325927734375,372.9527587890625,-1,-1,-1,-1
567,15,1193.596923828125,253.66949462890625,209.42041015625,349.4951171875,-1,-1,-1,-1
568,15,1193.942138671875,232.68576049804688,210.7454833984375,378.7055358886719,-1,-1,-1,-1
569,15,1196.8531494140625,225.9800567626953,207.6806640625,379.22186279296875,-1,-1,-1,-1
570,15,1193.737060546875,240.05181884765625,208.766357421875,354.03021240234375,-1,-1,-1,-1
571,15,1191.04150390625,235.5281524658203,214.5274658203125,382.45635986328125,-1,-1,-1,-1
572,15,1182.7607421875,232.08587646484375,223.110107421875,404.87615966796875,-1,-1,-1,-1
573,15,1178.1263427734375,237.32135009765625,227.9609375,416.17083740234375,-1,-1,-1,-1
574,15,1169.4105224609375,221.66102600097656,237.91796875,478.99127197265625,-1,-1,-1,-1
575,15,1166.50244140625,222.33428955078125,241.1893310546875,466.582763671875,-1,-1,-1,-1
576,15,1168.523681640625,219.43560791015625,237.62646484375,412.68145751953125,-1,-1,-1,-1
577,15,1169.5198974609375,212.84397888183594,238.068115234375,411.38800048828125,-1,-1,-1,-1
578,15,1158.2049560546875,200.7547607421875,244.5869140625,408.7491455078125,-1,-1,-1,-1
579,15,1136.8409423828125,179.76840209960938,263.628662109375,399.3854064941406,-1,-1,-1,-1
580,15,1106.763671875,161.28802490234375,293.6087646484375,408.30078125,-1,-1,-1,-1
581,15,1090.39208984375,147.89755249023438,303.88037109375,419.1121520996094,-1,-1,-1,-1
582,15,1069.717041015625,135.69955444335938,309.00146484375,409.6098327636719,-1,-1,-1,-1
583,15,1056.4210205078125,120.16837310791016,319.4383544921875,412.6166076660156,-1,-1,-1,-1
584,15,1039.6787109375,105.30978393554688,342.188720703125,444.2311706542969,-1,-1,-1,-1
585,15,1025.7171630859375,92.25880432128906,361.6859130859375,446.94744873046875,-1,-1,-1,-1
586,15,1001.8123779296875,87.3765640258789,388.32763671875,423.19342041015625,-1,-1,-1,-1
587,15,1003.3280029296875,84.36617279052734,365.7764892578125,409.1260681152344,-1,-1,-1,-1
588,15,994.0548706054688,81.5872802734375,373.04925537109375,426.35791015625,-1,-1,-1,-1
589,15,991.476318359375,79.56942749023438,386.01611328125,457.7875671386719,-1,-1,-1,-1
590,15,990.3731689453125,75.64374542236328,359.3316650390625,494.63311767578125,-1,-1,-1,-1
591,15,983.1864013671875,66.41944122314453,368.3013916015625,508.0413818359375,-1,-1,-1,-1
592,15,972.7854614257812,59.35687255859375,386.88079833984375,478.91998291015625,-1,-1,-1,-1
593,15,971.9381713867188,52.314842224121094,397.57940673828125,475.1418762207031,-1,-1,-1,-1
594,15,968.8107299804688,50.543914794921875,408.64642333984375,465.8130798339844,-1,-1,-1,-1
595,15,970.0538330078125,49.64887237548828,374.487548828125,400.45562744140625,-1,-1,-1,-1
596,15,970.055419921875,38.89063262939453,396.5098876953125,426.78179931640625,-1,-1,-1,-1
597,15,961.075439453125,30.68177604675293,395.304443359375,444.32470703125,-1,-1,-1,-1
598,15,953.9378662109375,25.78333854675293,366.6036376953125,406.1439514160156,-1,-1,-1,-1
599,15,954.9044799804688,20.349658966064453,349.99237060546875,393.25244140625,-1,-1,-1,-1
600,15,950.5665893554688,20.188840866088867,339.88848876953125,380.0722961425781,-1,-1,-1,-1
601,15,953.0106811523438,19.260879516601562,331.83038330078125,365.55487060546875,-1,-1,-1,-1
419,16,1040.549072265625,451.1571960449219,313.921142578125,282.6914367675781,-1,-1,-1,-1
420,16,1029.3011474609375,425.78729248046875,343.4793701171875,316.05712890625,-1,-1,-1,-1
531,17,27.78522491455078,41.31991958618164,629.6998291015625,732.4155883789062,-1,-1,-1,-1
532,17,17.591623306274414,27.750648498535156,649.0414428710938,787.3807373046875,-1,-1,-1,-1
533,17,53.52480697631836,15.882125854492188,650.625732421875,763.7012329101562,-1,-1,-1,-1
534,17,95.7287826538086,31.698780059814453,588.0050048828125,791.39306640625,-1,-1,-1,-1
535,17,126.74091339111328,16.2525634765625,521.4789428710938,751.7703247070312,-1,-1,-1,-1
536,17,141.89686584472656,8.910991668701172,513.4036254882812,763.6930541992188,-1,-1,-1,-1
537,17,151.23223876953125,3.1536407470703125,572.959228515625,771.9503784179688,-1,-1,-1,-1
538,17,152.6146697998047,2.2867965698242188,546.6181030273438,777.3156127929688,-1,-1,-1,-1
539,17,156.01605224609375,4.662036895751953,540.8324584960938,773.0185546875,-1,-1,-1,-1
540,17,152.7580108642578,5.464511871337891,538.4717407226562,765.2703857421875,-1,-1,-1,-1
541,17,157.41038513183594,5.100872039794922,593.666015625,760.1100463867188,-1,-1,-1,-1
542,17,149.48171997070312,4.289836883544922,566.4703369140625,756.6663208007812,-1,-1,-1,-1
543,17,156.17677307128906,4.020484924316406,520.4921875,752.39990234375,-1,-1,-1,-1
544,17,157.66525268554688,5.479618072509766,515.0335693359375,746.53759765625,-1,-1,-1,-1
545,17,162.1989288330078,8.82387924194336,512.1407470703125,738.981689453125,-1,-1,-1,-1
546,17,164.3282928466797,11.592761993408203,528.4059448242188,733.0384521484375,-1,-1,-1,-1
547,17,162.82545471191406,8.008312225341797,548.4451293945312,735.6202392578125,-1,-1,-1,-1
548,17,165.05189514160156,7.837444305419922,502.99755859375,737.4950561523438,-1,-1,-1,-1
549,17,165.0029296875,8.203475952148438,511.30169677734375,736.212890625,-1,-1,-1,-1
550,17,166.0585174560547,9.484859466552734,499.7728271484375,734.0518798828125,-1,-1,-1,-1
551,17,168.8232879638672,9.892139434814453,488.63348388671875,732.4575805664062,-1,-1,-1,-1
552,17,173.75393676757812,11.188838958740234,477.8683776855469,727.7003784179688,-1,-1,-1,-1
553,17,174.8173065185547,14.26412582397461,479.65771484375,719.9071044921875,-1,-1,-1,-1
554,17,179.5363311767578,15.388236999511719,523.29296875,717.1976928710938,-1,-1,-1,-1
555,17,178.6093292236328,14.296436309814453,481.8004150390625,718.2766723632812,-1,-1,-1,-1
556,17,179.6406707763672,10.12863540649414,548.174072265625,723.9952392578125,-1,-1,-1,-1
557,17,178.9214630126953,12.547683715820312,559.6258544921875,720.0451049804688,-1,-1,-1,-1
558,17,182.05682373046875,11.325927734375,471.28021240234375,719.29833984375,-1,-1,-1,-1
559,17,179.04791259765625,11.659271240234375,526.992431640625,717.075439453125,-1,-1,-1,-1
560,17,177.9320526123047,13.693195343017578,529.3469848632812,714.1690063476562,-1,-1,-1,-1
561,17,177.14808654785156,15.042095184326172,517.2840576171875,710.537353515625,-1,-1,-1,-1
562,17,176.81094360351562,14.67837142944336,503.9924011230469,704.7666625976562,-1,-1,-1,-1
563,17,174.29254150390625,11.487060546875,487.71868896484375,706.2740478515625,-1,-1,-1,-1
564,17,171.12368774414062,12.528465270996094,489.7973327636719,703.2366943359375,-1,-1,-1,-1
565,17,173.22579956054688,13.955224990844727,490.0525817871094,701.5667724609375,-1,-1,-1,-1
566,17,173.22059631347656,10.748283386230469,495.41363525390625,705.0582275390625,-1,-1,-1,-1
567,17,172.66183471679688,12.065250396728516,490.9940490722656,705.3305053710938,-1,-1,-1,-1
568,17,173.52438354492188,11.38547134399414,500.9134826660156,708.58251953125,-1,-1,-1,-1
569,17,168.55519104003906,11.232521057128906,530.7437744140625,708.4852294921875,-1,-1,-1,-1
570,17,170.33154296875,10.916885375976562,513.4144897460938,709.9698486328125,-1,-1,-1,-1
571,17,168.62501525878906,9.74481201171875,535.9243774414062,713.105712890625,-1,-1,-1,-1
572,17,170.4475555419922,6.952766418457031,580.6353759765625,727.8394775390625,-1,-1,-1,-1
573,17,165.51339721679688,5.453098297119141,515.17041015625,740.0311279296875,-1,-1,-1,-1
574,17,158.88916015625,0.5271759033203125,525.835205078125,754.4733276367188,-1,-1,-1,-1
575,17,161.27569580078125,2.6746063232421875,580.6560668945312,754.2362060546875,-1,-1,-1,-1
576,17,165.5577392578125,6.2342987060546875,533.0800170898438,745.9298095703125,-1,-1,-1,-1
577,17,168.90162658691406,7.599983215332031,614.6232299804688,735.720703125,-1,-1,-1,-1
578,17,151.05023193359375,2.971485137939453,561.02587890625,730.4672241210938,-1,-1,-1,-1
579,17,129.21270751953125,14.17147445678711,514.9476928710938,710.9246215820312,-1,-1,-1,-1
580,17,115.10823822021484,18.901268005371094,496.0603942871094,697.80517578125,-1,-1,-1,-1
581,17,81.85302734375,31.275156021118164,521.4669189453125,683.8919067382812,-1,-1,-1,-1
582,17,28.990678787231445,33.995994567871094,596.4678344726562,674.04296875,-1,-1,-1,-1
583,17,49.9463996887207,26.787334442138672,526.4496459960938,672.0618896484375,-1,-1,-1,-1
584,17,20.010021209716797,14.81915283203125,605.1165771484375,676.4193115234375,-1,-1,-1,-1
585,17,-0.7798881530761719,16.4061222076416,609.805419921875,674.9712524414062,-1,-1,-1,-1
586,17,4.663610458374023,26.176918029785156,599.7613525390625,667.3563842773438,-1,-1,-1,-1
587,17,3.4930686950683594,56.26849365234375,567.6314086914062,642.8068237304688,-1,-1,-1,-1
588,17,6.630647659301758,43.23402404785156,548.948974609375,663.9966430664062,-1,-1,-1,-1
589,17,19.73122787475586,25.317584991455078,703.4625244140625,718.4638671875,-1,-1,-1,-1
590,17,-1.3284530639648438,33.8962287902832,795.4971313476562,685.2824096679688,-1,-1,-1,-1
591,17,-1.1608161926269531,26.82669448852539,714.225341796875,635.0853881835938,-1,-1,-1,-1
592,17,-7.224885940551758,19.063533782958984,702.881591796875,621.4273681640625,-1,-1,-1,-1
593,17,-3.515726089477539,19.244388580322266,637.3912963867188,615.0177612304688,-1,-1,-1,-1
594,17,-1.4597091674804688,17.309598922729492,533.7957153320312,606.6913452148438,-1,-1,-1,-1
595,17,-3.4778976440429688,17.565900802612305,562.7100219726562,603.7681274414062,-1,-1,-1,-1
596,17,24.551427841186523,51.613304138183594,514.2725830078125,557.0436401367188,-1,-1,-1,-1
597,17,-4.359743118286133,17.602218627929688,542.6636352539062,599.7088012695312,-1,-1,-1,-1
598,17,-7.119771957397461,19.001136779785156,526.3890380859375,635.1194458007812,-1,-1,-1,-1
599,17,-10.26834487915039,40.16230010986328,599.3269653320312,650.8382568359375,-1,-1,-1,-1
600,17,-6.90557861328125,20.5150089263916,583.1314086914062,703.7745361328125,-1,-1,-1,-1
601,17,-10.024778366088867,28.954004287719727,642.780029296875,689.0304565429688,-1,-1,-1,-1
541,18,338.9881591796875,7.8540191650390625,484.32330322265625,530.276123046875,-1,-1,-1,-1
542,18,345.90338134765625,9.178895950317383,488.71881103515625,520.408935546875,-1,-1,-1,-1
543,18,369.09136962890625,10.083211898803711,489.32037353515625,516.9302368164062,-1,-1,-1,-1
544,18,367.6339111328125,-1.9951400756835938,476.39398193359375,520.45703125,-1,-1,-1,-1
545,18,415.6686096191406,13.589025497436523,439.8384704589844,502.8290710449219,-1,-1,-1,-1
546,18,419.3226318359375,12.098379135131836,421.130126953125,501.5133972167969,-1,-1,-1,-1
547,18,421.22137451171875,14.016656875610352,424.29278564453125,497.8257751464844,-1,-1,-1,-1
548,18,432.64007568359375,12.454507827758789,420.0120849609375,496.3070983886719,-1,-1,-1,-1
549,18,441.2656555175781,13.803848266601562,417.4642639160156,498.20098876953125,-1,-1,-1,-1
550,18,458.6369934082031,14.24087905883789,411.2820129394531,493.63836669921875,-1,-1,-1,-1
551,18,510.23651123046875,18.453872680664062,361.1529541015625,487.76190185546875,-1,-1,-1,-1
552,18,536.1133422851562,15.433849334716797,336.37957763671875,490.36334228515625,-1,-1,-1,-1
553,18,513.9530639648438,15.595003128051758,355.83477783203125,490.6744079589844,-1,-1,-1,-1
554,18,511.673095703125,16.086584091186523,372.061279296875,490.96844482421875,-1,-1,-1,-1
555,18,511.63372802734375,17.55952262878418,384.6903076171875,482.8228454589844,-1,-1,-1,-1
556,18,496.51068115234375,14.810676574707031,404.726806640625,484.93463134765625,-1,-1,-1,-1
557,18,466.8827209472656,22.28814125061035,416.4940490722656,489.7671203613281,-1,-1,-1,-1
558,18,469.51177978515625,23.356170654296875,414.4716796875,490.1938171386719,-1,-1,-1,-1
559,18,470.50860595703125,20.72041130065918,407.76678466796875,477.82623291015625,-1,-1,-1,-1
560,18,442.8509216308594,15.19019889831543,437.6152038574219,478.26397705078125,-1,-1,-1,-1
561,18,461.9802551269531,16.38843536376953,426.8826599121094,469.0916748046875,-1,-1,-1,-1
562,18,468.0396423339844,19.957128524780273,453.1863098144531,455.31402587890625,-1,-1,-1,-1
563,18,516.49658203125,-12.04751968383789,372.79803466796875,485.1974182128906,-1,-1,-1,-1
564,18,542.8419189453125,-15.514057159423828,345.87872314453125,482.9985656738281,-1,-1,-1,-1
565,18,544.0036010742188,7.2380218505859375,354.14324951171875,465.5687255859375,-1,-1,-1,-1
566,18,553.7235717773438,7.839962005615234,347.85986328125,456.74127197265625,-1,-1,-1,-1
567,18,538.915283203125,5.686761856079102,360.396484375,456.73565673828125,-1,-1,-1,-1
568,18,526.5807495117188,10.783740997314453,373.62921142578125,463.68115234375,-1,-1,-1,-1
569,18,516.1956787109375,7.467573165893555,386.33416748046875,464.471923828125,-1,-1,-1,-1
570,18,498.8462219238281,-10.571392059326172,391.9407043457031,482.0279235839844,-1,-1,-1,-1
571,18,457.6346130371094,7.145139694213867,424.9466247558594,479.02496337890625,-1,-1,-1,-1
572,18,410.02813720703125,-36.60969924926758,469.0645751953125,524.342041015625,-1,-1,-1,-1
573,18,388.5670471191406,-5.044368743896484,489.6424865722656,509.9834899902344,-1,-1,-1,-1
574,18,373.0549011230469,-14.081884384155273,492.0289001464844,529.5978393554688,-1,-1,-1,-1
575,18,360.1282958984375,-2.713481903076172,499.521728515625,529.5353393554688,-1,-1,-1,-1
576,18,382.4161682128906,-3.1653671264648438,482.3760070800781,523.976806640625,-1,-1,-1,-1
577,18,353.88824462890625,9.782724380493164,505.52630615234375,508.63055419921875,-1,-1,-1,-1
578,18,353.1429138183594,3.5913639068603516,473.5216369628906,501.2923889160156,-1,-1,-1,-1
579,18,323.72247314453125,7.899253845214844,498.17340087890625,483.4443359375,-1,-1,-1,-1
580,18,317.6820373535156,6.432819366455078,447.0886535644531,489.33203125,-1,-1,-1,-1
581,18,297.539794921875,13.75322151184082,464.0322265625,474.985107421875,-1,-1,-1,-1
582,18,257.07208251953125,9.850996017456055,513.5933837890625,469.4382629394531,-1,-1,-1,-1
583,18,201.75387573242188,24.447467803955078,544.63232421875,451.6193542480469,-1,-1,-1,-1
584,18,100.13167572021484,26.86542510986328,570.0924072265625,446.4084167480469,-1,-1,-1,-1
585,18,51.70396423339844,16.828550338745117,591.3032836914062,452.2604675292969,-1,-1,-1,-1
586,18,23.407573699951172,33.06761169433594,767.454345703125,476.49578857421875,-1,-1,-1,-1
587,18,1.9682655334472656,45.05593490600586,714.5107421875,497.5168151855469,-1,-1,-1,-1
588,18,6.207757949829102,54.17936706542969,611.8159790039062,492.03125,-1,-1,-1,-1
589,18,18.119354248046875,32.228965759277344,706.604736328125,570.3118286132812,-1,-1,-1,-1
590,18,-3.3289756774902344,33.97251510620117,765.5653076171875,618.5941162109375,-1,-1,-1,-1
