1,1,691.0677490234375,166.08236694335938,418.9088134765625,518.5821533203125,-1,-1,-1,-1
2,1,672.88818359375,250.71592712402344,403.0704345703125,451.93133544921875,-1,-1,-1,-1
3,1,663.9063720703125,235.32965087890625,376.8182373046875,453.52618408203125,-1,-1,-1,-1
4,1,666.0535888671875,219.30117797851562,355.0400390625,481.7902526855469,-1,-1,-1,-1
5,1,663.7175903320312,200.5432891845703,336.794921875,505.16741943359375,-1,-1,-1,-1
6,1,666.16015625,184.3199005126953,328.11810302734375,500.49200439453125,-1,-1,-1,-1
7,1,671.5365600585938,146.31619262695312,319.90313720703125,597.091064453125,-1,-1,-1,-1
8,1,677.15283203125,70.2708511352539,296.54022216796875,640.677001953125,-1,-1,-1,-1
9,1,687.3824462890625,83.94720458984375,281.04266357421875,609.2378540039062,-1,-1,-1,-1
10,1,682.9900512695312,57.62041473388672,289.49224853515625,648.8267822265625,-1,-1,-1,-1
11,1,691.731689453125,61.144500732421875,264.73162841796875,625.40185546875,-1,-1,-1,-1
12,1,695.1333618164062,47.48920822143555,249.39935302734375,632.1412963867188,-1,-1,-1,-1
13,1,696.2692260742188,37.36964797973633,244.36907958984375,642.0901489257812,-1,-1,-1,-1
14,1,693.1813354492188,31.464801788330078,239.1700439453125,635.7060546875,-1,-1,-1,-1
15,1,693.7877197265625,42.62024688720703,236.50531005859375,608.13037109375,-1,-1,-1,-1
16,1,701.724365234375,48.028900146484375,228.74041748046875,615.103515625,-1,-1,-1,-1
17,1,719.4229125976562,24.472393035888672,225.81451416015625,630.9197998046875,-1,-1,-1,-1
18,1,742.4761962890625,9.897867202758789,235.9046630859375,594.1095581054688,-1,-1,-1,-1
19,1,774.3555908203125,7.702852249145508,238.824951171875,562.8340454101562,-1,-1,-1,-1
20,1,808.094482421875,7.409917831420898,237.365234375,531.7492065429688,-1,-1,-1,-1
21,1,841.2344360351562,-2.976245880126953,246.48248291015625,506.5284423828125,-1,-1,-1,-1
22,1,878.6651000976562,-5.949230194091797,250.13275146484375,470.39825439453125,-1,-1,-1,-1
23,1,915.0343627929688,-1.666412353515625,254.27276611328125,437.8031921386719,-1,-1,-1,-1
24,1,923.2454833984375,-3.172731399536133,267.47998046875,423.07000732421875,-1,-1,-1,-1
25,1,946.8956909179688,1.6173820495605469,268.33489990234375,424.4246520996094,-1,-1,-1,-1
26,1,963.9862670898438,-1.159494400024414,264.64923095703125,427.22991943359375,-1,-1,-1,-1
27,1,961.1666870117188,2.4637069702148438,272.12860107421875,408.9647216796875,-1,-1,-1,-1
28,1,971.0230712890625,-0.9362373352050781,268.7471923828125,421.3238220214844,-1,-1,-1,-1
29,1,918.70751953125,4.182226181030273,318.0682373046875,420.07562255859375,-1,-1,-1,-1
30,1,934.593505859375,5.295867919921875,315.3177490234375,423.04052734375,-1,-1,-1,-1
31,1,927.1058959960938,6.286708831787109,337.18585205078125,438.01837158203125,-1,-1,-1,-1
32,1,948.3250732421875,18.154308319091797,331.3790283203125,437.57196044921875,-1,-1,-1,-1
33,1,969.755126953125,31.552249908447266,310.3082275390625,453.6334533691406,-1,-1,-1,-1
34,1,961.0516967773438,36.10437774658203,327.82440185546875,447.7974548339844,-1,-1,-1,-1
35,1,983.4951782226562,49.81233215332031,318.32452392578125,382.5672607421875,-1,-1,-1,-1
36,1,1008.7591552734375,64.59876251220703,281.98193359375,414.8656311035156,-1,-1,-1,-1
37,1,1003.4385986328125,80.01692962646484,292.9578857421875,390.0539855957031,-1,-1,-1,-1
38,1,1011.517822265625,96.63685607910156,330.35888671875,376.506591796875,-1,-1,-1,-1
39,1,1006.5065307617188,116.92268371582031,389.79083251953125,405.8111572265625,-1,-1,-1,-1
40,1,1020.49853515625,131.96783447265625,383.09814453125,435.21240234375,-1,-1,-1,-1
41,1,1010.2233276367188,146.26670837402344,388.20245361328125,430.31390380859375,-1,-1,-1,-1
42,1,1022.305419921875,166.3868865966797,373.842041015625,391.17291259765625,-1,-1,-1,-1
43,1,1042.4322509765625,181.71278381347656,354.4906005859375,371.2099609375,-1,-1,-1,-1
44,1,1047.778076171875,199.65223693847656,345.564697265625,346.5078125,-1,-1,-1,-1
45,1,1041.2593994140625,212.42723083496094,360.678955078125,345.10546875,-1,-1,-1,-1
46,1,1037.6932373046875,227.3913116455078,360.854248046875,335.2386474609375,-1,-1,-1,-1
47,1,1067.454833984375,239.18154907226562,323.5150146484375,324.0866394042969,-1,-1,-1,-1
48,1,1091.0079345703125,257.26336669921875,302.646484375,312.24908447265625,-1,-1,-1,-1
49,1,1114.18408203125,287.0473327636719,280.482666015625,302.2544860839844,-1,-1,-1,-1
50,1,1147.4461669921875,315.25970458984375,253.353271484375,284.61773681640625,-1,-1,-1,-1
51,1,1167.4454345703125,346.7423095703125,239.638916015625,301.11602783203125,-1,-1,-1,-1
52,1,1192.9537353515625,367.9166259765625,214.33642578125,299.6990966796875,-1,-1,-1,-1
17,2,-0.4661827087402344,183.3783416748047,837.0556030273438,1226.7376708984375,-1,-1,-1,-1
18,2,-0.5199356079101562,159.30006408691406,904.8812255859375,1251.1622314453125,-1,-1,-1,-1
19,2,-3.2630538940429688,92.23289489746094,949.6630859375,1315.906494140625,-1,-1,-1,-1
20,2,-10.540760040283203,79.50503540039062,941.456298828125,1322.806396484375,-1,-1,-1,-1
21,2,-5.259086608886719,37.35651397705078,1004.7301025390625,1375.0382080078125,-1,-1,-1,-1
22,2,-14.378910064697266,20.717201232910156,1050.9002685546875,1392.2674560546875,-1,-1,-1,-1
23,2,-0.6528282165527344,20.178874969482422,971.7261962890625,1378.3907470703125,-1,-1,-1,-1
24,2,22.51215362548828,136.93711853027344,818.4507446289062,663.225341796875,-1,-1,-1,-1
25,2,40.6565055847168,5.3742523193359375,718.8887939453125,796.1575317382812,-1,-1,-1,-1
26,2,44.361114501953125,-2.1633224487304688,616.7564697265625,786.9232788085938,-1,-1,-1,-1
27,2,48.429969787597656,5.7673492431640625,607.9024047851562,774.5713500976562,-1,-1,-1,-1
28,2,49.626670837402344,8.520915985107422,609.9420166015625,759.6541748046875,-1,-1,-1,-1
29,2,35.25182342529297,10.579891204833984,631.0773315429688,732.4494018554688,-1,-1,-1,-1
30,2,34.76909637451172,3.8385391235351562,621.5057373046875,734.0753784179688,-1,-1,-1,-1
31,2,38.821773529052734,11.332305908203125,593.2189331054688,720.3251953125,-1,-1,-1,-1
32,2,39.85900115966797,2.4044570922851562,598.879638671875,717.62744140625,-1,-1,-1,-1
33,2,31.96097755432129,4.084476470947266,606.2848510742188,718.24267578125,-1,-1,-1,-1
34,2,55.62060546875,18.25507926940918,597.45263671875,703.3226928710938,-1,-1,-1,-1
35,2,62.805702209472656,26.683500289916992,593.4522094726562,693.2420043945312,-1,-1,-1,-1
36,2,66.15225219726562,20.396530151367188,580.131591796875,697.8390502929688,-1,-1,-1,-1
37,2,60.337554931640625,21.079309463500977,587.303955078125,700.134521484375,-1,-1,-1,-1
38,2,47.18003463745117,15.804580688476562,620.1226806640625,710.8206176757812,-1,-1,-1,-1
39,2,51.228431701660156,10.527397155761719,645.0377807617188,723.758056640625,-1,-1,-1,-1
40,2,73.52684020996094,9.536178588867188,622.8428955078125,720.7514038085938,-1,-1,-1,-1
41,2,84.13412475585938,15.59259033203125,594.51025390625,713.1392822265625,-1,-1,-1,-1
42,2,96.01622009277344,3.922168731689453,593.0339965820312,730.7235717773438,-1,-1,-1,-1
43,2,111.12691497802734,6.729404449462891,582.2001953125,728.5578002929688,-1,-1,-1,-1
44,2,119.56997680664062,6.414985656738281,585.50927734375,731.6282348632812,-1,-1,-1,-1
45,2,122.85226440429688,4.155307769775391,604.2315673828125,757.5719604492188,-1,-1,-1,-1
46,2,129.6299285888672,2.267871856689453,600.1972045898438,764.8098754882812,-1,-1,-1,-1
47,2,133.79739379882812,2.7125816345214844,588.8294677734375,764.8240356445312,-1,-1,-1,-1
48,2,135.65380859375,0.20432281494140625,606.0115966796875,782.707275390625,-1,-1,-1,-1
49,2,143.86309814453125,5.969898223876953,592.947021484375,763.342041015625,-1,-1,-1,-1
50,2,141.8056640625,4.416225433349609,600.8252563476562,770.3198852539062,-1,-1,-1,-1
51,2,149.83920288085938,2.4157867431640625,602.2491455078125,778.8561401367188,-1,-1,-1,-1
52,2,162.5315704345703,5.932929992675781,583.2350463867188,775.9002685546875,-1,-1,-1,-1
53,2,168.9864501953125,4.233734130859375,630.2819213867188,770.09033203125,-1,-1,-1,-1
54,2,171.91748046875,8.12588882446289,591.5485229492188,757.0183715820312,-1,-1,-1,-1
55,2,181.84078979492188,9.821601867675781,591.1728515625,755.0867309570312,-1,-1,-1,-1
56,2,199.49188232421875,4.3614654541015625,558.0336303710938,765.7271118164062,-1,-1,-1,-1
57,2,209.87770080566406,8.649444580078125,544.71826171875,763.8333740234375,-1,-1,-1,-1
58,2,221.31036376953125,6.777534484863281,539.390380859375,767.3904418945312,-1,-1,-1,-1
59,2,243.53627014160156,8.873645782470703,557.4186401367188,766.0359497070312,-1,-1,-1,-1
60,2,274.3238525390625,4.49658203125,535.249267578125,771.4158935546875,-1,-1,-1,-1
61,2,302.6873779296875,3.4645767211914062,528.7344360351562,769.1527099609375,-1,-1,-1,-1
62,2,329.1710510253906,1.0356254577636719,478.1016540527344,772.7611694335938,-1,-1,-1,-1
63,2,350.2149963378906,1.8423385620117188,492.1865539550781,771.05712890625,-1,-1,-1,-1
64,2,388.18853759765625,0.6704330444335938,538.6432495117188,768.6787719726562,-1,-1,-1,-1
65,2,415.59112548828125,4.1100311279296875,553.3695678710938,757.6411743164062,-1,-1,-1,-1
66,2,424.6735534667969,4.1855621337890625,501.6599426269531,757.3765869140625,-1,-1,-1,-1
67,2,450.9859619140625,6.706577301025391,441.8375244140625,730.2433471679688,-1,-1,-1,-1
68,2,487.9812927246094,8.488731384277344,387.4773864746094,693.0909423828125,-1,-1,-1,-1
69,2,504.0812683105469,10.756612777709961,401.8481140136719,672.4067993164062,-1,-1,-1,-1
70,2,520.326171875,8.56743049621582,396.36553955078125,629.2001342773438,-1,-1,-1,-1
71,2,518.5535888671875,12.24415397644043,419.0430908203125,598.3515625,-1,-1,-1,-1
72,2,523.7492065429688,10.44819450378418,447.19024658203125,576.9244384765625,-1,-1,-1,-1
73,2,536.1421508789062,14.614212036132812,458.3907470703125,550.7567138671875,-1,-1,-1,-1
74,2,565.260498046875,9.894468307495117,447.04046630859375,543.4586791992188,-1,-1,-1,-1
75,2,600.2279052734375,14.007194519042969,431.7353515625,530.2147216796875,-1,-1,-1,-1
76,2,637.7074584960938,9.666322708129883,419.76275634765625,513.8867797851562,-1,-1,-1,-1
77,2,638.3282470703125,8.436006546020508,441.1646728515625,540.61865234375,-1,-1,-1,-1
78,2,645.9622802734375,-0.8370399475097656,460.7955322265625,539.2750244140625,-1,-1,-1,-1
79,2,643.3065795898438,-9.91181755065918,478.09735107421875,553.61767578125,-1,-1,-1,-1
80,2,646.9403076171875,-2.020904541015625,468.4971923828125,533.1312255859375,-1,-1,-1,-1
81,2,644.4583129882812,-21.820980072021484,524.4235229492188,552.8836669921875,-1,-1,-1,-1
82,2,646.426513671875,-17.633331298828125,544.9180908203125,548.109619140625,-1,-1,-1,-1
83,2,664.2349243164062,-21.688465118408203,593.4138793945312,550.6731567382812,-1,-1,-1,-1
84,2,704.267333984375,8.912124633789062,561.27001953125,525.8212280273438,-1,-1,-1,-1
85,2,720.889892578125,16.43696403503418,545.3907470703125,514.820556640625,-1,-1,-1,-1
86,2,766.8783569335938,16.82322120666504,514.9274291992188,517.3272705078125,-1,-1,-1,-1
87,2,811.2843627929688,12.334854125976562,476.76239013671875,516.9185180664062,-1,-1,-1,-1
88,2,834.0042114257812,17.224018096923828,481.99200439453125,543.2446899414062,-1,-1,-1,-1
89,2,839.1419067382812,10.079540252685547,444.63385009765625,520.1463012695312,-1,-1,-1,-1
90,2,840.2185668945312,16.308456420898438,453.52264404296875,519.941650390625,-1,-1,-1,-1
91,2,850.1513061523438,12.985658645629883,434.80877685546875,504.32269287109375,-1,-1,-1,-1
92,2,846.83203125,14.763511657714844,457.915771484375,500.9288635253906,-1,-1,-1,-1
93,2,855.6197509765625,13.936531066894531,489.423583984375,484.93695068359375,-1,-1,-1,-1
94,2,869.5499877929688,9.112554550170898,431.03558349609375,487.4269714355469,-1,-1,-1,-1
95,2,885.7122192382812,10.208887100219727,426.80767822265625,459.3880310058594,-1,-1,-1,-1
96,2,906.418212890625,32.756906509399414,461.2625732421875,454.21954345703125,-1,-1,-1,-1
97,2,938.7396240234375,40.08922576904297,461.001708984375,469.5047607421875,-1,-1,-1,-1
98,2,968.8541259765625,61.15113067626953,413.0638427734375,450.38470458984375,-1,-1,-1,-1
99,2,976.1531372070312,55.45313262939453,367.83258056640625,479.69122314453125,-1,-1,-1,-1
100,2,970.69921875,69.39756774902344,364.6038818359375,493.25506591796875,-1,-1,-1,-1
101,2,941.0072021484375,59.06853103637695,394.5662841796875,524.4105224609375,-1,-1,-1,-1
102,2,909.646240234375,56.88530731201172,473.953125,548.0404663085938,-1,-1,-1,-1
103,2,878.0516357421875,61.70343017578125,517.7999267578125,539.2623291015625,-1,-1,-1,-1
104,2,851.2689208984375,96.93205261230469,494.3533935546875,522.5352783203125,-1,-1,-1,-1
105,2,813.625,113.19480895996094,509.6239013671875,509.44696044921875,-1,-1,-1,-1
106,2,789.3682250976562,123.90432739257812,486.83795166015625,504.2644958496094,-1,-1,-1,-1
107,2,755.8394775390625,116.48042297363281,449.8082275390625,507.7088623046875,-1,-1,-1,-1
108,2,717.8614501953125,92.90725708007812,411.9141845703125,509.0884094238281,-1,-1,-1,-1
109,2,670.3157348632812,65.33586120605469,406.76409912109375,521.1326293945312,-1,-1,-1,-1
110,2,665.8514404296875,45.802284240722656,369.1158447265625,517.67578125,-1,-1,-1,-1
111,2,678.6997680664062,27.548959732055664,348.07147216796875,489.728515625,-1,-1,-1,-1
112,2,657.5664672851562,3.2545166015625,362.6815185546875,501.9681396484375,-1,-1,-1,-1
113,2,663.816162109375,5.064931869506836,326.559814453125,495.80206298828125,-1,-1,-1,-1
114,2,655.8082275390625,6.520015716552734,305.30926513671875,492.0125427246094,-1,-1,-1,-1
115,2,653.3527221679688,9.161209106445312,279.37506103515625,503.067626953125,-1,-1,-1,-1
116,2,641.6870727539062,4.978574752807617,269.62078857421875,517.7385864257812,-1,-1,-1,-1
117,2,634.274658203125,6.290002822875977,233.91259765625,524.3603515625,-1,-1,-1,-1
118,2,630.0413818359375,13.92083740234375,212.7711181640625,525.1880493164062,-1,-1,-1,-1
119,2,624.7059936523438,26.12755012512207,190.76165771484375,526.4404296875,-1,-1,-1,-1
120,2,622.7586669921875,41.694786071777344,173.3021240234375,514.2210083007812,-1,-1,-1,-1
121,2,624.576416015625,51.322322845458984,150.9595947265625,505.53668212890625,-1,-1,-1,-1
122,2,620.8735961914062,55.673728942871094,147.47576904296875,497.8995666503906,-1,-1,-1,-1
123,2,621.846435546875,67.58824157714844,149.53338623046875,490.28277587890625,-1,-1,-1,-1
124,2,642.7592163085938,83.25555419921875,150.4908447265625,493.46563720703125,-1,-1,-1,-1
125,2,674.02978515625,109.53721618652344,149.5572509765625,478.5771484375,-1,-1,-1,-1
126,2,705.67724609375,135.86575317382812,150.4134521484375,478.3684997558594,-1,-1,-1,-1
127,2,743.4990234375,155.84619140625,151.97589111328125,467.58355712890625,-1,-1,-1,-1
128,2,778.2420043945312,172.90084838867188,150.18096923828125,463.5793762207031,-1,-1,-1,-1
129,2,808.2966918945312,182.60794067382812,150.2528076171875,456.0608825683594,-1,-1,-1,-1
130,2,827.936279296875,188.18280029296875,148.5234375,460.5841064453125,-1,-1,-1,-1
131,2,835.4761962890625,195.39208984375,151.86712646484375,453.5213623046875,-1,-1,-1,-1
132,2,837.3363037109375,200.67422485351562,150.89208984375,450.3258972167969,-1,-1,-1,-1
133,2,830.6171264648438,204.73033142089844,145.50421142578125,444.39703369140625,-1,-1,-1,-1
134,2,808.669677734375,210.8026885986328,147.885498046875,454.2413330078125,-1,-1,-1,-1
135,2,789.823974609375,220.63125610351562,141.740478515625,441.7339782714844,-1,-1,-1,-1
136,2,771.557861328125,234.45840454101562,138.0595703125,436.7519836425781,-1,-1,-1,-1
137,2,746.3562622070312,251.94406127929688,136.44537353515625,426.3008117675781,-1,-1,-1,-1
138,2,716.751220703125,267.74237060546875,138.0770263671875,417.2310791015625,-1,-1,-1,-1
139,2,685.711669921875,285.23028564453125,137.5712890625,415.4404296875,-1,-1,-1,-1
140,2,652.12646484375,303.256103515625,140.4384765625,412.03631591796875,-1,-1,-1,-1
141,2,625.211181640625,322.2895812988281,140.49407958984375,399.9985046386719,-1,-1,-1,-1
142,2,609.828369140625,338.56842041015625,134.65216064453125,393.76507568359375,-1,-1,-1,-1
143,2,600.961181640625,350.71673583984375,129.571533203125,385.81036376953125,-1,-1,-1,-1
144,2,591.592041015625,353.00958251953125,131.81683349609375,387.6126708984375,-1,-1,-1,-1
145,2,579.347412109375,356.75909423828125,132.1072998046875,386.3133544921875,-1,-1,-1,-1
146,2,576.3507080078125,365.73126220703125,134.07733154296875,383.88629150390625,-1,-1,-1,-1
147,2,580.1530151367188,371.3951416015625,136.6824951171875,380.3631591796875,-1,-1,-1,-1
148,2,581.9186401367188,379.1976318359375,138.97723388671875,373.4566650390625,-1,-1,-1,-1
149,2,576.03564453125,389.2581481933594,146.41204833984375,363.7626647949219,-1,-1,-1,-1
150,2,564.657470703125,395.0002746582031,161.1480712890625,357.9875793457031,-1,-1,-1,-1
151,2,559.5457153320312,403.9759521484375,168.59832763671875,347.06640625,-1,-1,-1,-1
152,2,563.357177734375,403.58966064453125,179.77301025390625,335.4544677734375,-1,-1,-1,-1
153,2,576.8580322265625,394.3648376464844,182.4869384765625,326.6107482910156,-1,-1,-1,-1
154,2,593.47998046875,401.732421875,181.0887451171875,300.9248046875,-1,-1,-1,-1
155,2,604.947998046875,405.3710632324219,184.19000244140625,290.2320251464844,-1,-1,-1,-1
156,2,609.7908325195312,409.07354736328125,184.80377197265625,283.181884765625,-1,-1,-1,-1
157,2,616.0751953125,415.4035949707031,194.9078369140625,273.8919372558594,-1,-1,-1,-1
158,2,614.6182250976562,418.74688720703125,208.87982177734375,266.95135498046875,-1,-1,-1,-1
159,2,614.81494140625,418.4287414550781,217.3201904296875,260.3396301269531,-1,-1,-1,-1
160,2,615.702880859375,420.0456848144531,217.98297119140625,256.5525817871094,-1,-1,-1,-1
161,2,618.6710815429688,426.51177978515625,213.0623779296875,250.57037353515625,-1,-1,-1,-1
162,2,629.0101928710938,432.746337890625,212.8515625,247.608154296875,-1,-1,-1,-1
163,2,634.4176635742188,439.0810546875,221.07080078125,252.9853515625,-1,-1,-1,-1
164,2,640.0695190429688,449.8712158203125,205.49737548828125,257.6693115234375,-1,-1,-1,-1
165,2,644.050537109375,446.0777893066406,212.10394287109375,263.6710510253906,-1,-1,-1,-1
166,2,642.618408203125,437.73480224609375,227.57867431640625,265.01300048828125,-1,-1,-1,-1
167,2,645.5016479492188,451.70361328125,217.8216552734375,258.568115234375,-1,-1,-1,-1
168,2,649.2086791992188,454.60418701171875,232.2528076171875,259.713623046875,-1,-1,-1,-1
169,2,661.9994506835938,482.1413269042969,217.1005859375,254.66751098632812,-1,-1,-1,-1
170,2,667.3298950195312,517.4507446289062,209.7989501953125,258.13348388671875,-1,-1,-1,-1
171,2,676.99267578125,537.3721313476562,217.71728515625,252.625,-1,-1,-1,-1
172,2,696.9097290039062,530.2535400390625,207.569580078125,246.95526123046875,-1,-1,-1,-1
173,2,717.6019287109375,499.4147033691406,220.031005859375,252.87167358398438,-1,-1,-1,-1
174,2,729.7023315429688,498.1414794921875,242.85968017578125,260.6868896484375,-1,-1,-1,-1
175,2,742.073486328125,497.7044372558594,209.86151123046875,269.2735900878906,-1,-1,-1,-1
176,2,738.651611328125,506.7409362792969,227.099365234375,280.6749572753906,-1,-1,-1,-1
177,2,740.1802368164062,507.3314208984375,230.89019775390625,289.67059326171875,-1,-1,-1,-1
178,2,740.7340698242188,499.81256103515625,230.86199951171875,300.04290771484375,-1,-1,-1,-1
179,2,740.2603759765625,504.52410888671875,202.7320556640625,295.54364013671875,-1,-1,-1,-1
180,2,719.7955932617188,479.57940673828125,234.876708984375,265.50372314453125,-1,-1,-1,-1
181,2,681.6952514648438,475.0999450683594,256.77435302734375,244.70712280273438,-1,-1,-1,-1
182,2,644.28662109375,454.0431213378906,249.25518798828125,316.5411071777344,-1,-1,-1,-1
183,2,626.3179931640625,386.22442626953125,236.77239990234375,389.44110107421875,-1,-1,-1,-1
184,2,626.4713134765625,377.1407470703125,221.25885009765625,401.956787109375,-1,-1,-1,-1
185,2,622.3373413085938,367.2205505371094,214.92169189453125,419.3813781738281,-1,-1,-1,-1
186,2,606.5030517578125,351.7115783691406,209.09075927734375,421.5195617675781,-1,-1,-1,-1
187,2,585.7045288085938,356.2648620605469,188.581298828125,413.8638000488281,-1,-1,-1,-1
188,2,568.258544921875,344.8779296875,188.73260498046875,426.839111328125,-1,-1,-1,-1
189,2,556.8554077148438,338.1646728515625,190.591064453125,433.28564453125,-1,-1,-1,-1
190,2,551.456298828125,343.3763122558594,188.05389404296875,429.4375915527344,-1,-1,-1,-1
191,2,566.498291015625,406.51239013671875,174.21337890625,385.53076171875,-1,-1,-1,-1
192,2,576.6444702148438,413.02886962890625,183.09381103515625,400.05078125,-1,-1,-1,-1
193,2,573.3732299804688,389.1424255371094,190.7337646484375,433.7502746582031,-1,-1,-1,-1
194,2,554.5914306640625,330.9375305175781,195.64715576171875,503.0643615722656,-1,-1,-1,-1
195,2,542.1029663085938,313.3484802246094,191.728759765625,512.1961975097656,-1,-1,-1,-1
196,2,522.087646484375,270.4722900390625,197.8819580078125,525.9686279296875,-1,-1,-1,-1
197,2,505.5230712890625,196.92147827148438,205.429443359375,549.356201171875,-1,-1,-1,-1
198,2,488.0844421386719,151.55636596679688,211.77548217773438,564.86083984375,-1,-1,-1,-1
199,2,471.93670654296875,137.640869140625,214.7420654296875,572.7536010742188,-1,-1,-1,-1
200,2,459.87384033203125,133.9450225830078,216.8642578125,574.2267456054688,-1,-1,-1,-1
201,2,447.3050842285156,120.32254028320312,221.32150268554688,580.4755859375,-1,-1,-1,-1
202,2,437.0400390625,97.57925415039062,228.43524169921875,588.347900390625,-1,-1,-1,-1
203,2,433.0736389160156,73.31128692626953,233.04476928710938,594.4160766601562,-1,-1,-1,-1
204,2,430.7290344238281,59.20100402832031,238.14999389648438,597.8810424804688,-1,-1,-1,-1
205,2,429.07916259765625,50.31159210205078,246.82977294921875,600.3395385742188,-1,-1,-1,-1
206,2,428.1685485839844,43.1663818359375,257.1809997558594,602.2803344726562,-1,-1,-1,-1
207,2,421.857666015625,39.33612060546875,266.116943359375,608.5670166015625,-1,-1,-1,-1
208,2,401.80487060546875,50.25945281982422,274.902587890625,608.9605102539062,-1,-1,-1,-1
209,2,366.3593444824219,62.21617889404297,289.0698547363281,615.7597045898438,-1,-1,-1,-1
210,2,302.06146240234375,76.80119323730469,306.43975830078125,619.82568359375,-1,-1,-1,-1
211,2,216.3619384765625,99.64095306396484,324.53955078125,625.484130859375,-1,-1,-1,-1
212,2,130.88079833984375,130.87713623046875,345.6354064941406,627.6371459960938,-1,-1,-1,-1
213,2,61.17727279663086,153.28758239746094,353.1585998535156,633.6341552734375,-1,-1,-1,-1
214,2,9.928257942199707,174.97459411621094,349.6515197753906,638.680419921875,-1,-1,-1,-1
215,2,1.107065200805664,226.56185913085938,322.851806640625,613.908447265625,-1,-1,-1,-1
216,2,0.9052925109863281,216.19847106933594,302.97003173828125,648.7221069335938,-1,-1,-1,-1
217,2,1.46661376953125,198.0244903564453,275.4574890136719,683.8065795898438,-1,-1,-1,-1
218,2,0.5196437835693359,210.53890991210938,265.9969482421875,679.87744140625,-1,-1,-1,-1
219,2,0.19194412231445312,191.49313354492188,262.2026672363281,707.91455078125,-1,-1,-1,-1
220,2,-0.41069889068603516,158.03878784179688,290.68939208984375,747.764404296875,-1,-1,-1,-1
221,2,-0.13364696502685547,101.078369140625,310.8532409667969,797.7564697265625,-1,-1,-1,-1
222,2,0.27942371368408203,93.97845458984375,347.4256896972656,796.8447265625,-1,-1,-1,-1
223,2,3.1133365631103516,70.82245635986328,373.412841796875,825.0345458984375,-1,-1,-1,-1
224,2,3.9811878204345703,120.23588562011719,391.03607177734375,774.143798828125,-1,-1,-1,-1
225,2,9.163537979125977,22.544170379638672,407.3906555175781,868.700439453125,-1,-1,-1,-1
226,2,10.817415237426758,18.803874969482422,417.6858825683594,860.5986938476562,-1,-1,-1,-1
227,2,5.446552276611328,27.028949737548828,437.0363464355469,849.5244140625,-1,-1,-1,-1
228,2,15.642776489257812,8.801261901855469,439.52001953125,859.3750610351562,-1,-1,-1,-1
229,2,29.71676254272461,12.817665100097656,440.9918212890625,833.103271484375,-1,-1,-1,-1
230,2,47.06214141845703,0.804962158203125,433.4194030761719,821.003173828125,-1,-1,-1,-1
231,2,45.87999725341797,9.652118682861328,456.12939453125,791.110595703125,-1,-1,-1,-1
232,2,49.32075119018555,13.61447525024414,462.996826171875,769.0974731445312,-1,-1,-1,-1
233,2,67.09810638427734,8.39981460571289,446.3406982421875,766.2606811523438,-1,-1,-1,-1
234,2,46.54609680175781,10.18503189086914,468.2078857421875,764.7054443359375,-1,-1,-1,-1
235,2,77.76176452636719,17.329761505126953,432.8248291015625,768.0643920898438,-1,-1,-1,-1
236,2,68.52499389648438,15.606773376464844,433.9593200683594,777.7863159179688,-1,-1,-1,-1
237,2,72.32666015625,37.88090896606445,411.5686340332031,756.0391845703125,-1,-1,-1,-1
238,2,38.721466064453125,6.7220611572265625,441.27557373046875,783.2051391601562,-1,-1,-1,-1
239,2,17.193742752075195,14.45928955078125,452.0670471191406,773.0741577148438,-1,-1,-1,-1
240,2,35.01039505004883,38.86444854736328,425.13323974609375,742.033447265625,-1,-1,-1,-1
241,2,19.189104080200195,50.05218505859375,434.5683898925781,720.718017578125,-1,-1,-1,-1
242,2,26.891210556030273,16.843215942382812,427.6066589355469,750.1993408203125,-1,-1,-1,-1
243,2,8.90645980834961,21.930438995361328,451.2470703125,750.2593994140625,-1,-1,-1,-1
244,2,3.626800537109375,15.356388092041016,460.1876525878906,756.5079956054688,-1,-1,-1,-1
245,2,4.224460601806641,24.426193237304688,458.4291687011719,745.8381958007812,-1,-1,-1,-1
246,2,1.6882343292236328,22.152374267578125,456.18310546875,744.9796142578125,-1,-1,-1,-1
247,2,8.580249786376953,11.928203582763672,460.28509521484375,754.5433959960938,-1,-1,-1,-1
248,2,33.023780822753906,9.354232788085938,437.3653259277344,756.2440185546875,-1,-1,-1,-1
249,2,3.1100845336914062,21.10824203491211,465.6139831542969,744.7073364257812,-1,-1,-1,-1
250,2,0.7197799682617188,34.37555694580078,472.0770568847656,730.9534912109375,-1,-1,-1,-1
251,2,35.67372512817383,25.20571517944336,441.99639892578125,740.1123046875,-1,-1,-1,-1
252,2,10.00732421875,39.4959716796875,457.6930236816406,728.7823486328125,-1,-1,-1,-1
253,2,7.93787956237793,85.63847351074219,432.326171875,687.7869262695312,-1,-1,-1,-1
254,2,16.2534236907959,96.9150390625,436.28582763671875,681.1098022460938,-1,-1,-1,-1
255,2,25.400543212890625,85.47578430175781,405.6475524902344,693.887939453125,-1,-1,-1,-1
256,2,25.200910568237305,26.104576110839844,453.6754455566406,759.9766235351562,-1,-1,-1,-1
257,2,10.278438568115234,-4.2057647705078125,556.2684326171875,799.711181640625,-1,-1,-1,-1
258,2,14.476137161254883,-4.845470428466797,562.9093627929688,816.4319458007812,-1,-1,-1,-1
259,2,14.76164436340332,3.1963157653808594,568.646240234375,822.5202026367188,-1,-1,-1,-1
260,2,13.521886825561523,49.6114616394043,545.9055786132812,791.7421264648438,-1,-1,-1,-1
261,2,13.796253204345703,70.27876281738281,558.0025634765625,788.3507690429688,-1,-1,-1,-1
262,2,9.716047286987305,104.47642517089844,565.4080810546875,777.1987915039062,-1,-1,-1,-1
263,2,4.206647872924805,152.9066162109375,548.230712890625,750.406982421875,-1,-1,-1,-1
264,2,6.1648101806640625,199.209716796875,530.8466796875,732.6468505859375,-1,-1,-1,-1
265,2,4.84929084777832,246.88800048828125,523.6968994140625,717.5082397460938,-1,-1,-1,-1
266,2,-1.3107242584228516,294.4531555175781,501.4837951660156,701.2406005859375,-1,-1,-1,-1
267,2,5.094829559326172,335.5511474609375,507.7847900390625,685.955322265625,-1,-1,-1,-1
268,2,1.0590400695800781,378.9852294921875,476.4547119140625,660.3297119140625,-1,-1,-1,-1
269,2,2.590787887573242,404.8839111328125,434.3982238769531,646.2095947265625,-1,-1,-1,-1
270,2,5.349180221557617,425.3500061035156,437.35821533203125,637.7745361328125,-1,-1,-1,-1
271,2,4.780054092407227,458.2583312988281,434.8955078125,628.3162841796875,-1,-1,-1,-1
272,2,7.55430793762207,492.91046142578125,466.04339599609375,606.4786987304688,-1,-1,-1,-1
273,2,6.876543045043945,515.1792602539062,460.23809814453125,591.1992797851562,-1,-1,-1,-1
274,2,6.974145889282227,542.5548095703125,431.33087158203125,570.1239013671875,-1,-1,-1,-1
275,2,8.821319580078125,545.7824096679688,452.94354248046875,569.9856567382812,-1,-1,-1,-1
276,2,7.630069732666016,552.9351196289062,484.9260559082031,545.8665161132812,-1,-1,-1,-1
277,2,3.974515914916992,545.9747924804688,415.0014343261719,540.1661987304688,-1,-1,-1,-1
278,2,10.497982025146484,530.978759765625,491.7532958984375,540.5965576171875,-1,-1,-1,-1
279,2,11.21628189086914,518.0592041015625,490.89654541015625,537.20654296875,-1,-1,-1,-1
280,2,15.502897262573242,512.9549560546875,500.0738830566406,528.9222412109375,-1,-1,-1,-1
281,2,18.471664428710938,513.6590576171875,500.0916748046875,523.4810791015625,-1,-1,-1,-1
282,2,16.053266525268555,511.71392822265625,465.12542724609375,519.1970825195312,-1,-1,-1,-1
283,2,16.344858169555664,516.3027954101562,487.000244140625,515.4642944335938,-1,-1,-1,-1
284,2,20.978349685668945,530.1436157226562,496.0502014160156,507.63531494140625,-1,-1,-1,-1
285,2,15.38916015625,549.2168579101562,453.67523193359375,508.39678955078125,-1,-1,-1,-1
286,2,17.540996551513672,565.3043823242188,477.8418884277344,514.9221801757812,-1,-1,-1,-1
287,2,42.36228942871094,591.7728271484375,487.1895751953125,498.029296875,-1,-1,-1,-1
288,2,72.38581848144531,602.0089111328125,439.1536865234375,503.3302001953125,-1,-1,-1,-1
289,2,111.48795318603516,634.1326293945312,424.5282897949219,499.35577392578125,-1,-1,-1,-1
290,2,127.72004699707031,660.9615478515625,403.43634033203125,496.2769775390625,-1,-1,-1,-1
291,2,141.14698791503906,668.5682373046875,453.753662109375,505.5081787109375,-1,-1,-1,-1
292,2,144.03927612304688,688.6119384765625,391.1500549316406,502.748779296875,-1,-1,-1,-1
293,2,147.6194305419922,694.7642211914062,428.1370849609375,507.79962158203125,-1,-1,-1,-1
294,2,158.90321350097656,702.9542236328125,410.7835693359375,509.1865234375,-1,-1,-1,-1
295,2,159.3707733154297,698.7294311523438,421.11663818359375,515.6847534179688,-1,-1,-1,-1
296,2,175.1659393310547,696.6199340820312,419.99920654296875,515.4194946289062,-1,-1,-1,-1
297,2,196.51217651367188,689.4398803710938,462.4686584472656,515.4251098632812,-1,-1,-1,-1
298,2,203.64654541015625,695.8751831054688,395.05810546875,510.45867919921875,-1,-1,-1,-1
299,2,224.53912353515625,688.7155151367188,452.03802490234375,515.1089477539062,-1,-1,-1,-1
300,2,245.537841796875,681.281005859375,463.74969482421875,515.4788818359375,-1,-1,-1,-1
301,2,261.8659362792969,678.3564453125,457.1835021972656,513.96240234375,-1,-1,-1,-1
302,2,280.21514892578125,673.91845703125,453.2490234375,516.01220703125,-1,-1,-1,-1
303,2,295.28948974609375,661.7725219726562,456.98211669921875,519.5618286132812,-1,-1,-1,-1
304,2,311.02581787109375,649.5534057617188,439.68414306640625,522.7927856445312,-1,-1,-1,-1
305,2,320.2552490234375,642.3726806640625,399.16107177734375,527.0946044921875,-1,-1,-1,-1
306,2,328.3472595214844,640.6174926757812,417.8934631347656,534.3954467773438,-1,-1,-1,-1
307,2,327.9769592285156,652.8436279296875,429.2456359863281,536.401611328125,-1,-1,-1,-1
308,2,329.0120544433594,650.3558959960938,312.7122497558594,552.2605590820312,-1,-1,-1,-1
309,2,328.3573303222656,658.9715576171875,312.8586120605469,551.111083984375,-1,-1,-1,-1
310,2,328.9808349609375,667.6407470703125,316.94244384765625,544.3551025390625,-1,-1,-1,-1
311,2,328.66998291015625,666.3641357421875,327.25885009765625,547.34619140625,-1,-1,-1,-1
312,2,325.7954406738281,676.500244140625,347.9254455566406,537.6639404296875,-1,-1,-1,-1
313,2,319.52117919921875,675.2203369140625,355.73968505859375,534.2835693359375,-1,-1,-1,-1
314,2,311.1976623535156,675.7315063476562,341.6521911621094,525.0908813476562,-1,-1,-1,-1
315,2,296.7452697753906,673.6010131835938,350.1159362792969,521.3952026367188,-1,-1,-1,-1
316,2,270.2166748046875,674.539794921875,397.62298583984375,512.2110595703125,-1,-1,-1,-1
317,2,247.6356964111328,672.8217163085938,400.86041259765625,507.14886474609375,-1,-1,-1,-1
318,2,227.4657745361328,673.4246826171875,393.60418701171875,508.5455322265625,-1,-1,-1,-1
319,2,209.25486755371094,678.3052368164062,399.16961669921875,510.73858642578125,-1,-1,-1,-1
320,2,195.82337951660156,680.0900268554688,402.09552001953125,516.3480834960938,-1,-1,-1,-1
321,2,193.58616638183594,676.0670776367188,403.065673828125,525.2194213867188,-1,-1,-1,-1
322,2,194.72019958496094,671.83447265625,404.42535400390625,536.635986328125,-1,-1,-1,-1
323,2,196.91261291503906,656.6051025390625,392.2763671875,558.80029296875,-1,-1,-1,-1
324,2,190.3233184814453,653.1703491210938,398.5035400390625,566.8246459960938,-1,-1,-1,-1
325,2,175.20785522460938,634.4798583984375,389.6230773925781,592.8450927734375,-1,-1,-1,-1
326,2,175.39175415039062,609.4119873046875,386.5870666503906,622.6337890625,-1,-1,-1,-1
327,2,198.1923065185547,598.3157348632812,378.76715087890625,633.1067504882812,-1,-1,-1,-1
328,2,228.3866424560547,600.8055419921875,378.22967529296875,624.7926025390625,-1,-1,-1,-1
329,2,261.4111633300781,590.6738891601562,370.9945373535156,612.7085571289062,-1,-1,-1,-1
330,2,302.2599792480469,588.6997680664062,354.2947692871094,580.8832397460938,-1,-1,-1,-1
331,2,334.15802001953125,583.9168090820312,346.15069580078125,547.4722290039062,-1,-1,-1,-1
332,2,364.2069091796875,583.5110473632812,333.2777099609375,512.9266967773438,-1,-1,-1,-1
333,2,384.7304992675781,570.7682495117188,327.7781066894531,511.65484619140625,-1,-1,-1,-1
334,2,398.38189697265625,567.5955200195312,334.357421875,514.9293823242188,-1,-1,-1,-1
335,2,410.84051513671875,561.6106567382812,329.7969970703125,527.9609985351562,-1,-1,-1,-1
336,2,418.276123046875,565.9642944335938,344.611572265625,532.5044555664062,-1,-1,-1,-1
337,2,425.4383850097656,562.5054931640625,321.4747619628906,538.2899169921875,-1,-1,-1,-1
338,2,416.999267578125,533.383544921875,334.29364013671875,558.37548828125,-1,-1,-1,-1
339,2,406.6808166503906,575.0371704101562,325.8371276855469,506.11907958984375,-1,-1,-1,-1
340,2,390.01318359375,589.37060546875,329.0111083984375,493.0096435546875,-1,-1,-1,-1
341,2,370.01458740234375,589.6830444335938,344.94189453125,506.15802001953125,-1,-1,-1,-1
342,2,343.33551025390625,600.5633544921875,344.27716064453125,506.260009765625,-1,-1,-1,-1
343,2,321.9328308105469,602.6904296875,344.8718566894531,512.2257080078125,-1,-1,-1,-1
344,2,298.6053771972656,624.821044921875,336.5819396972656,496.204833984375,-1,-1,-1,-1
345,2,278.3551025390625,621.1804809570312,343.67803955078125,506.64849853515625,-1,-1,-1,-1
346,2,255.0716552734375,625.206298828125,349.23638916015625,501.663330078125,-1,-1,-1,-1
347,2,225.7640380859375,604.6497802734375,341.89837646484375,518.200927734375,-1,-1,-1,-1
348,2,185.2156524658203,628.2208251953125,360.82476806640625,491.4906005859375,-1,-1,-1,-1
349,2,154.47129821777344,637.7362670898438,370.55029296875,479.68365478515625,-1,-1,-1,-1
350,2,129.7424774169922,628.1410522460938,384.357421875,486.58074951171875,-1,-1,-1,-1
351,2,109.90589141845703,627.1354370117188,396.8733215332031,491.25079345703125,-1,-1,-1,-1
352,2,86.05609130859375,622.79541015625,419.0451965332031,503.1937255859375,-1,-1,-1,-1
353,2,66.37236022949219,616.3718872070312,437.1646728515625,512.4308471679688,-1,-1,-1,-1
354,2,62.89063262939453,612.8649291992188,443.6683349609375,515.9349975585938,-1,-1,-1,-1
355,2,70.90472412109375,585.9533081054688,441.4752197265625,536.6812133789062,-1,-1,-1,-1
356,2,94.84335327148438,559.6446533203125,431.6625671386719,548.9599609375,-1,-1,-1,-1
357,2,128.3419418334961,534.4921264648438,430.2232971191406,563.7509155273438,-1,-1,-1,-1
358,2,155.3586883544922,524.1712036132812,425.6552734375,562.5613403320312,-1,-1,-1,-1
359,2,187.15692138671875,490.8288879394531,423.8143310546875,590.2967529296875,-1,-1,-1,-1
360,2,216.15789794921875,461.92626953125,409.56756591796875,618.171875,-1,-1,-1,-1
361,2,226.8173828125,447.25799560546875,427.1348876953125,641.7211303710938,-1,-1,-1,-1
362,2,247.4188995361328,445.48846435546875,429.0401611328125,658.3541870117188,-1,-1,-1,-1
363,2,276.6279602050781,447.93194580078125,453.5052185058594,682.7993774414062,-1,-1,-1,-1
364,2,303.6578674316406,449.19305419921875,467.2962951660156,713.3234252929688,-1,-1,-1,-1
365,2,318.5971374511719,528.4810180664062,445.7862854003906,622.3659057617188,-1,-1,-1,-1
366,2,327.44677734375,519.5220336914062,442.95941162109375,638.4950561523438,-1,-1,-1,-1
367,2,334.11968994140625,522.2769775390625,440.32879638671875,643.101806640625,-1,-1,-1,-1
368,2,340.9062194824219,503.8793029785156,464.6521911621094,673.4129638671875,-1,-1,-1,-1
369,2,349.3968505859375,558.3547973632812,453.9495849609375,631.4677124023438,-1,-1,-1,-1
370,2,362.3948974609375,540.7453002929688,472.97039794921875,672.1793823242188,-1,-1,-1,-1
371,2,377.3973388671875,587.33251953125,481.7584228515625,644.2635498046875,-1,-1,-1,-1
372,2,384.69091796875,538.0072021484375,550.388427734375,707.7025146484375,-1,-1,-1,-1
373,2,377.00799560546875,614.4464721679688,518.0301513671875,643.0543823242188,-1,-1,-1,-1
374,2,355.9940490722656,671.7630004882812,567.6470947265625,595.1510620117188,-1,-1,-1,-1
375,2,327.7086181640625,677.9081420898438,609.751708984375,604.2234497070312,-1,-1,-1,-1
376,2,291.087158203125,694.1456909179688,672.118408203125,703.4042358398438,-1,-1,-1,-1
377,2,271.833251953125,709.7952270507812,661.0101928710938,697.7761840820312,-1,-1,-1,-1
378,2,222.01133728027344,734.44921875,701.6187133789062,663.9267578125,-1,-1,-1,-1
379,2,236.3896942138672,751.9821166992188,695.1485595703125,655.3766479492188,-1,-1,-1,-1
380,2,290.696533203125,756.602294921875,677.261962890625,649.4901123046875,-1,-1,-1,-1
381,2,345.8367614746094,780.9347534179688,626.310791015625,616.2096557617188,-1,-1,-1,-1
382,2,367.5307312011719,775.6319580078125,651.102294921875,620.15869140625,-1,-1,-1,-1
383,2,397.5096740722656,769.8915405273438,643.4986572265625,626.5531616210938,-1,-1,-1,-1
384,2,432.9407653808594,750.4317626953125,675.326171875,655.8648681640625,-1,-1,-1,-1
385,2,466.8336181640625,743.1199951171875,751.9022216796875,663.3699951171875,-1,-1,-1,-1
386,2,497.7483215332031,732.8269653320312,844.595947265625,675.5737915039062,-1,-1,-1,-1
387,2,534.2998046875,723.485595703125,712.9398193359375,683.07861328125,-1,-1,-1,-1
388,2,542.5097045898438,724.6290893554688,673.5215454101562,680.5237426757812,-1,-1,-1,-1
389,2,550.0021362304688,726.0682983398438,699.0861206054688,645.6370239257812,-1,-1,-1,-1
390,2,578.708740234375,705.8843994140625,719.80712890625,614.0732421875,-1,-1,-1,-1
391,2,610.9807739257812,708.177978515625,723.7077026367188,547.327880859375,-1,-1,-1,-1
392,2,633.8571166992188,710.2383422851562,735.9194946289062,540.7289428710938,-1,-1,-1,-1
393,2,660.2012329101562,732.8839721679688,729.0453491210938,540.5842895507812,-1,-1,-1,-1
394,2,637.4112548828125,742.03369140625,767.5623779296875,604.93798828125,-1,-1,-1,-1
395,2,607.190673828125,765.6219482421875,798.2833251953125,642.608154296875,-1,-1,-1,-1
396,2,615.9149780273438,751.86376953125,792.7438354492188,655.7259521484375,-1,-1,-1,-1
397,2,627.5452880859375,733.1043090820312,781.431396484375,674.1272583007812,-1,-1,-1,-1
398,2,719.4966430664062,772.59033203125,687.3045043945312,510.13427734375,-1,-1,-1,-1
399,2,726.6654663085938,778.1256103515625,675.4314575195312,538.771484375,-1,-1,-1,-1
400,2,748.92919921875,767.012451171875,657.70361328125,584.8978271484375,-1,-1,-1,-1
401,2,749.587890625,731.6312255859375,654.5867919921875,673.179931640625,-1,-1,-1,-1
402,2,739.9092407226562,736.0617065429688,664.9880981445312,670.8171997070312,-1,-1,-1,-1
403,2,713.8844604492188,728.606201171875,691.7390747070312,679.1153564453125,-1,-1,-1,-1
404,2,732.6334228515625,724.3709106445312,673.13818359375,683.4109497070312,-1,-1,-1,-1
405,2,681.51953125,767.8092041015625,724.5169677734375,640.19140625,-1,-1,-1,-1
406,2,645.872314453125,784.0743408203125,760.8128662109375,624.5897216796875,-1,-1,-1,-1
407,2,674.048583984375,751.5632934570312,726.9580078125,654.2323608398438,-1,-1,-1,-1
408,2,724.2772216796875,719.4800415039062,681.1717529296875,687.5941772460938,-1,-1,-1,-1
409,2,760.634765625,739.0335083007812,646.724365234375,668.2566528320312,-1,-1,-1,-1
410,2,741.0704956054688,768.0465087890625,667.3717651367188,640.672119140625,-1,-1,-1,-1
411,2,623.199951171875,748.0889282226562,780.1048583984375,659.2033081054688,-1,-1,-1,-1
412,2,488.68658447265625,724.76025390625,924.9097290039062,683.7613525390625,-1,-1,-1,-1
413,2,413.639892578125,754.7036743164062,1087.6180419921875,658.3359985351562,-1,-1,-1,-1
414,2,436.9988708496094,749.6414794921875,1034.927978515625,658.8160400390625,-1,-1,-1,-1
415,2,506.23516845703125,686.3693237304688,914.2639770507812,717.4011840820312,-1,-1,-1,-1
416,2,657.7822875976562,633.7291259765625,731.9491577148438,763.966552734375,-1,-1,-1,-1
417,2,815.4363403320312,556.46142578125,568.2406616210938,831.9307861328125,-1,-1,-1,-1
418,2,823.8233642578125,553.7173461914062,579.94873046875,769.1847534179688,-1,-1,-1,-1
419,2,837.3797607421875,532.0703125,566.638427734375,739.8046875,-1,-1,-1,-1
420,2,821.0377197265625,508.908447265625,586.9005126953125,741.8170166015625,-1,-1,-1,-1
421,2,829.7221069335938,503.3127136230469,577.2630004882812,724.33251953125,-1,-1,-1,-1
422,2,850.7028198242188,486.2770690917969,557.8511352539062,729.3692626953125,-1,-1,-1,-1
423,2,837.8912353515625,474.97442626953125,572.1453857421875,728.3860473632812,-1,-1,-1,-1
424,2,832.3955688476562,466.50640869140625,579.4511108398438,723.4866333007812,-1,-1,-1,-1
425,2,843.6245727539062,462.6197509765625,567.0619506835938,727.5240478515625,-1,-1,-1,-1
426,2,869.9271240234375,469.06573486328125,533.674560546875,728.2158813476562,-1,-1,-1,-1
427,2,820.2487182617188,443.42889404296875,587.9491577148438,778.9817504882812,-1,-1,-1,-1
428,2,830.921630859375,471.0361633300781,573.58837890625,747.8046875,-1,-1,-1,-1
429,2,818.78662109375,491.3513488769531,596.2957763671875,751.5955810546875,-1,-1,-1,-1
430,2,776.831298828125,552.664794921875,628.495361328125,811.2227783203125,-1,-1,-1,-1
431,2,760.50390625,597.6793212890625,645.29541015625,809.53662109375,-1,-1,-1,-1
432,2,767.0658569335938,657.0026245117188,639.0086059570312,750.1749877929688,-1,-1,-1,-1
433,2,748.9290161132812,694.74462890625,659.5787963867188,711.112060546875,-1,-1,-1,-1
434,2,658.9439086914062,718.516357421875,743.6884155273438,686.8675537109375,-1,-1,-1,-1
435,2,525.2623291015625,742.3717041015625,883.4556884765625,665.7855224609375,-1,-1,-1,-1
436,2,540.2456665039062,697.4065551757812,875.0059204101562,709.6837768554688,-1,-1,-1,-1
437,2,439.7900390625,711.0759887695312,993.6275634765625,696.8545532226562,-1,-1,-1,-1
438,2,386.01947021484375,731.6156005859375,1041.85009765625,676.0115966796875,-1,-1,-1,-1
439,2,364.50390625,796.2060546875,1046.6695556640625,610.903076171875,-1,-1,-1,-1
440,2,543.5965576171875,793.1553955078125,866.397705078125,614.048583984375,-1,-1,-1,-1
441,2,387.4902648925781,812.5549926757812,1100.1785888671875,597.7879028320312,-1,-1,-1,-1
442,2,423.9356994628906,848.0202026367188,980.427001953125,559.7984008789062,-1,-1,-1,-1
443,2,423.92095947265625,859.1080322265625,984.2395629882812,547.6439208984375,-1,-1,-1,-1
444,2,511.916748046875,871.8532104492188,901.8197021484375,537.7554321289062,-1,-1,-1,-1
445,2,591.3780517578125,829.1771850585938,810.9886474609375,578.2224731445312,-1,-1,-1,-1
446,2,778.2052612304688,798.6779174804688,645.8472290039062,611.2333374023438,-1,-1,-1,-1
447,2,774.7547607421875,825.9671020507812,635.6893310546875,583.0565795898438,-1,-1,-1,-1
448,2,771.2757568359375,808.1350708007812,638.6337890625,600.4840698242188,-1,-1,-1,-1
449,2,784.0099487304688,768.1210327148438,621.9603881835938,638.2968139648438,-1,-1,-1,-1
450,2,762.2946166992188,724.8146362304688,644.4979858398438,681.2576293945312,-1,-1,-1,-1
451,2,739.80517578125,726.5699462890625,667.959228515625,678.665771484375,-1,-1,-1,-1
452,2,712.60888671875,735.139404296875,694.489501953125,671.70947265625,-1,-1,-1,-1
453,2,713.1911010742188,767.6032104492188,693.3952026367188,638.9108276367188,-1,-1,-1,-1
454,2,730.8602905273438,745.70166015625,676.2420043945312,659.531005859375,-1,-1,-1,-1
455,2,744.815673828125,754.5794067382812,662.3397216796875,651.3645629882812,-1,-1,-1,-1
456,2,702.2771606445312,746.4766845703125,706.3353881835938,659.2249755859375,-1,-1,-1,-1
457,2,657.0528564453125,712.2855224609375,747.9715576171875,693.223388671875,-1,-1,-1,-1
458,2,499.2281494140625,704.0645751953125,910.01318359375,702.8408203125,-1,-1,-1,-1
459,2,408.867431640625,809.7700805664062,1010.244140625,598.0838012695312,-1,-1,-1,-1
460,2,457.0964050292969,863.9111938476562,947.0137939453125,545.3757934570312,-1,-1,-1,-1
461,2,472.19342041015625,823.4338989257812,944.4498901367188,582.8799438476562,-1,-1,-1,-1
462,2,390.9202575683594,750.0471801757812,1165.1630859375,659.5392456054688,-1,-1,-1,-1
463,2,391.44927978515625,684.445556640625,1157.498291015625,726.0892333984375,-1,-1,-1,-1
464,2,471.81549072265625,646.4398193359375,1023.9694213867188,763.447021484375,-1,-1,-1,-1
109,3,604.9807739257812,713.3271484375,801.2454223632812,696.388916015625,-1,-1,-1,-1
110,3,624.389892578125,651.227294921875,781.291259765625,759.30322265625,-1,-1,-1,-1
111,3,489.08349609375,556.707275390625,921.4151611328125,848.7135009765625,-1,-1,-1,-1
112,3,715.6802368164062,556.6100463867188,719.6110229492188,543.8230590820312,-1,-1,-1,-1
113,3,865.8387451171875,526.2843627929688,540.09130859375,528.1348266601562,-1,-1,-1,-1
114,3,848.869140625,456.1199645996094,561.4814453125,600.2310791015625,-1,-1,-1,-1
115,3,891.3519287109375,446.8656921386719,518.9610595703125,594.2789306640625,-1,-1,-1,-1
116,3,949.0497436523438,401.0360412597656,460.64666748046875,633.634765625,-1,-1,-1,-1
117,3,964.08544921875,382.93890380859375,444.975830078125,652.8255004882812,-1,-1,-1,-1
118,3,994.2591552734375,360.35223388671875,414.1337890625,661.20556640625,-1,-1,-1,-1
119,3,1001.8206787109375,336.3892517089844,403.445068359375,671.1182861328125,-1,-1,-1,-1
120,3,977.94482421875,416.3121032714844,422.18603515625,584.973876953125,-1,-1,-1,-1
121,3,965.887451171875,340.5903625488281,429.09228515625,654.8428955078125,-1,-1,-1,-1
122,3,933.9464721679688,375.21038818359375,454.37213134765625,611.5118408203125,-1,-1,-1,-1
123,3,945.8671875,358.7900390625,444.019775390625,622.218994140625,-1,-1,-1,-1
124,3,970.376708984375,336.68975830078125,426.374755859375,654.7728881835938,-1,-1,-1,-1
125,3,994.8624877929688,359.0515441894531,412.39691162109375,658.2196044921875,-1,-1,-1,-1
126,3,1018.82958984375,360.1905212402344,390.8533935546875,680.81884765625,-1,-1,-1,-1
127,3,1041.2198486328125,395.669189453125,369.087646484375,670.9434814453125,-1,-1,-1,-1
128,3,1070.7740478515625,422.337890625,338.6226806640625,663.4598388671875,-1,-1,-1,-1
129,3,1072.891845703125,444.5382080078125,334.7091064453125,652.4896240234375,-1,-1,-1,-1
130,3,1066.27587890625,464.196533203125,341.23193359375,647.23974609375,-1,-1,-1,-1
131,3,1057.756591796875,464.98907470703125,349.365966796875,662.0100708007812,-1,-1,-1,-1
132,3,1057.710693359375,496.02508544921875,350.910888671875,627.0907592773438,-1,-1,-1,-1
133,3,1047.379638671875,534.5469970703125,358.3267822265625,586.3404541015625,-1,-1,-1,-1
134,3,1031.3521728515625,558.4815673828125,373.510009765625,550.8575439453125,-1,-1,-1,-1
135,3,1011.7433471679688,571.8544311523438,392.12994384765625,535.9885864257812,-1,-1,-1,-1
136,3,980.3419189453125,554.6719970703125,421.3233642578125,553.3228759765625,-1,-1,-1,-1
137,3,958.9896240234375,598.7745361328125,431.7396240234375,515.9384765625,-1,-1,-1,-1
138,3,931.0989379882812,589.2203369140625,442.96942138671875,532.5687255859375,-1,-1,-1,-1
139,3,906.2132568359375,614.0784912109375,409.0662841796875,513.2430419921875,-1,-1,-1,-1
140,3,864.347412109375,637.3904418945312,403.8671875,496.62237548828125,-1,-1,-1,-1
141,3,839.5718994140625,651.2977294921875,395.6943359375,492.9739990234375,-1,-1,-1,-1
142,3,829.7201538085938,650.32421875,390.85394287109375,501.2479248046875,-1,-1,-1,-1
143,3,823.8535766601562,652.0676879882812,391.17962646484375,504.58538818359375,-1,-1,-1,-1
144,3,827.6154174804688,658.2401733398438,387.08966064453125,497.59039306640625,-1,-1,-1,-1
145,3,819.5951538085938,663.7150268554688,387.25848388671875,483.76507568359375,-1,-1,-1,-1
146,3,821.9493408203125,677.4886474609375,385.7113037109375,469.568359375,-1,-1,-1,-1
147,3,807.4824829101562,674.9345703125,411.96148681640625,469.385986328125,-1,-1,-1,-1
148,3,841.3816528320312,673.2053833007812,388.06500244140625,466.98675537109375,-1,-1,-1,-1
149,3,847.0000610351562,657.7032470703125,386.33282470703125,474.133056640625,-1,-1,-1,-1
150,3,855.1139526367188,648.6525268554688,376.23309326171875,471.73223876953125,-1,-1,-1,-1
151,3,865.926513671875,638.63134765625,370.4586181640625,468.6856689453125,-1,-1,-1,-1
152,3,887.9681396484375,627.419189453125,358.4095458984375,468.996337890625,-1,-1,-1,-1
153,3,896.087646484375,612.6461181640625,364.4913330078125,466.9310302734375,-1,-1,-1,-1
154,3,893.7724609375,603.9080200195312,396.4378662109375,467.51116943359375,-1,-1,-1,-1
155,3,890.1900024414062,603.3695678710938,415.54803466796875,469.49151611328125,-1,-1,-1,-1
156,3,914.2396240234375,604.963134765625,405.162353515625,469.774658203125,-1,-1,-1,-1
157,3,908.197509765625,611.0006713867188,412.0330810546875,467.43902587890625,-1,-1,-1,-1
158,3,920.4766845703125,618.0191650390625,405.38232421875,462.8446044921875,-1,-1,-1,-1
159,3,923.2008666992188,618.7005615234375,416.97027587890625,464.4005126953125,-1,-1,-1,-1
160,3,915.404296875,615.00830078125,437.84326171875,470.4888916015625,-1,-1,-1,-1
161,3,925.6171875,615.3652954101562,431.4188232421875,475.25616455078125,-1,-1,-1,-1
162,3,926.7440795898438,615.480224609375,441.24066162109375,481.120361328125,-1,-1,-1,-1
163,3,927.8930053710938,597.174560546875,455.48077392578125,511.196533203125,-1,-1,-1,-1
164,3,924.7858276367188,594.4458618164062,459.57244873046875,523.1637573242188,-1,-1,-1,-1
165,3,961.5010375976562,602.658935546875,421.50592041015625,518.80419921875,-1,-1,-1,-1
166,3,976.2437744140625,549.4933471679688,408.383544921875,566.1271362304688,-1,-1,-1,-1
167,3,1022.7117919921875,548.3240356445312,367.00830078125,570.6449584960938,-1,-1,-1,-1
168,3,1057.795654296875,553.5247802734375,337.7513427734375,560.253662109375,-1,-1,-1,-1
169,3,1062.67041015625,590.8875732421875,338.81689453125,532.2333984375,-1,-1,-1,-1
170,3,1003.2403564453125,629.1004028320312,398.5936279296875,520.8495483398438,-1,-1,-1,-1
171,3,1016.4489135742188,673.63330078125,387.19940185546875,485.5899658203125,-1,-1,-1,-1
172,3,953.4819946289062,674.4369506835938,452.63812255859375,469.34710693359375,-1,-1,-1,-1
173,3,779.0485229492188,632.0631713867188,636.8798217773438,527.4152221679688,-1,-1,-1,-1
174,3,647.8712158203125,507.8267822265625,607.6595458984375,620.100341796875,-1,-1,-1,-1
175,3,690.8312377929688,517.3592529296875,405.50799560546875,472.00445556640625,-1,-1,-1,-1
176,3,734.4058227539062,542.2463989257812,255.24810791015625,246.85382080078125,-1,-1,-1,-1
129,4,7.197277069091797,454.8021240234375,762.6952514648438,954.98291015625,-1,-1,-1,-1
130,4,-4.3816680908203125,310.6624755859375,669.4559936523438,1100.8206787109375,-1,-1,-1,-1
131,4,-0.5832138061523438,226.7724151611328,587.4161376953125,1183.01123046875,-1,-1,-1,-1
132,4,0.8646316528320312,118.48466491699219,518.396728515625,1297.08251953125,-1,-1,-1,-1
133,4,-54.6405029296875,243.92739868164062,710.7886352539062,1183.58544921875,-1,-1,-1,-1
134,4,-79.80854797363281,439.7353515625,722.3981323242188,980.654052734375,-1,-1,-1,-1
135,4,-32.52013397216797,621.0284423828125,518.8958740234375,790.949462890625,-1,-1,-1,-1
136,4,-11.94343376159668,748.7251586914062,569.712158203125,668.4107055664062,-1,-1,-1,-1
135,5,381.40850830078125,1167.464599609375,448.20672607421875,241.7315673828125,-1,-1,-1,-1
136,5,411.3753967285156,1183.4229736328125,400.3115539550781,225.3074951171875,-1,-1,-1,-1
137,5,325.42291259765625,1205.0462646484375,485.97100830078125,205.3548583984375,-1,-1,-1,-1
138,5,355.9517517089844,1225.439208984375,415.3670959472656,185.83447265625,-1,-1,-1,-1
139,5,382.8034362792969,1250.0302734375,324.7570495605469,157.9832763671875,-1,-1,-1,-1
187,6,1046.3638916015625,635.1304931640625,354.4227294921875,392.0408935546875,-1,-1,-1,-1
188,6,1026.8128662109375,637.666259765625,376.2301025390625,381.673095703125,-1,-1,-1,-1
189,6,1001.9234619140625,627.0986328125,397.384033203125,395.81622314453125,-1,-1,-1,-1
190,6,1014.7984008789062,615.422607421875,375.61651611328125,369.88134765625,-1,-1,-1,-1
191,6,1010.9405517578125,618.9150390625,389.2178955078125,402.92633056640625,-1,-1,-1,-1
192,6,1061.804931640625,613.6278686523438,322.93701171875,383.86968994140625,-1,-1,-1,-1
193,6,1056.2509765625,610.8126831054688,329.0833740234375,403.97772216796875,-1,-1,-1,-1
194,6,1040.4580078125,593.6966552734375,352.571533203125,412.90234375,-1,-1,-1,-1
195,6,1041.668212890625,566.0794067382812,365.7984619140625,418.41021728515625,-1,-1,-1,-1
196,6,1056.184326171875,507.8136291503906,335.3524169921875,413.8954772949219,-1,-1,-1,-1
197,6,1057.9857177734375,435.3804016113281,346.0980224609375,410.7033386230469,-1,-1,-1,-1
198,6,1069.555419921875,350.7042541503906,336.126953125,437.9582214355469,-1,-1,-1,-1
199,6,1075.185791015625,302.2553405761719,328.4677734375,458.7065734863281,-1,-1,-1,-1
200,6,1081.046875,305.53466796875,320.819580078125,431.03070068359375,-1,-1,-1,-1
201,6,1073.9967041015625,275.46844482421875,327.0093994140625,436.30303955078125,-1,-1,-1,-1
202,6,1073.22998046875,276.8209228515625,321.907470703125,410.86968994140625,-1,-1,-1,-1
203,6,1083.289794921875,252.98675537109375,319.6357421875,420.2109375,-1,-1,-1,-1
204,6,1092.2640380859375,255.0272674560547,306.7332763671875,406.46197509765625,-1,-1,-1,-1
205,6,1093.8280029296875,225.96719360351562,306.18017578125,421.7597961425781,-1,-1,-1,-1
206,6,1104.269287109375,218.50064086914062,302.652099609375,435.5811462402344,-1,-1,-1,-1
207,6,1107.419189453125,208.9840850830078,294.4140625,436.9873046875,-1,-1,-1,-1
208,6,1085.0540771484375,241.0667266845703,314.831298828125,409.98394775390625,-1,-1,-1,-1
209,6,1052.3812255859375,279.46600341796875,351.581298828125,380.6463623046875,-1,-1,-1,-1
210,6,1004.654052734375,266.69842529296875,394.0247802734375,385.5975341796875,-1,-1,-1,-1
211,6,927.569580078125,247.9771728515625,465.289794921875,401.259033203125,-1,-1,-1,-1
212,6,862.5162963867188,329.4666748046875,478.05975341796875,319.15716552734375,-1,-1,-1,-1
213,6,811.7827758789062,236.52642822265625,348.86968994140625,419.42266845703125,-1,-1,-1,-1
214,6,749.9636840820312,283.7075500488281,202.458984375,379.5971374511719,-1,-1,-1,-1
215,6,714.6785278320312,287.780517578125,190.43682861328125,379.7774658203125,-1,-1,-1,-1
216,6,688.2102661132812,271.5379943847656,198.00543212890625,401.2026062011719,-1,-1,-1,-1
217,6,662.6199951171875,278.57305908203125,183.8682861328125,392.0377197265625,-1,-1,-1,-1
218,6,646.8289794921875,253.1444091796875,180.767822265625,410.91802978515625,-1,-1,-1,-1
219,6,635.429931640625,235.96693420410156,190.83087158203125,419.051025390625,-1,-1,-1,-1
220,6,633.3966674804688,218.68930053710938,197.66217041015625,422.4042053222656,-1,-1,-1,-1
221,6,644.2061767578125,183.5179443359375,214.9901123046875,432.6168212890625,-1,-1,-1,-1
222,6,658.5289306640625,149.83871459960938,235.6180419921875,443.9063415527344,-1,-1,-1,-1
223,6,673.124755859375,124.44413757324219,247.85931396484375,451.856201171875,-1,-1,-1,-1
224,6,681.6731567382812,102.63922119140625,262.00115966796875,458.41424560546875,-1,-1,-1,-1
225,6,694.4354248046875,82.00973510742188,268.70654296875,466.9252014160156,-1,-1,-1,-1
226,6,705.8975830078125,63.31379318237305,270.07904052734375,469.50262451171875,-1,-1,-1,-1
227,6,716.682373046875,49.57231140136719,260.71893310546875,475.389404296875,-1,-1,-1,-1
228,6,729.8486328125,47.716453552246094,266.1414794921875,474.4285583496094,-1,-1,-1,-1
229,6,752.3077392578125,42.70484161376953,266.367431640625,470.4981689453125,-1,-1,-1,-1
230,6,774.251708984375,20.18198013305664,268.028564453125,474.1198425292969,-1,-1,-1,-1
231,6,797.866455078125,0.24615859985351562,262.9937744140625,463.32391357421875,-1,-1,-1,-1
232,6,814.5306396484375,0.7333965301513672,262.06982421875,448.41375732421875,-1,-1,-1,-1
233,6,827.601318359375,1.4234352111816406,259.7850341796875,445.1531677246094,-1,-1,-1,-1
234,6,826.1101684570312,3.324361801147461,265.65594482421875,445.6264953613281,-1,-1,-1,-1
235,6,816.77783203125,5.152400970458984,270.2637939453125,459.5325927734375,-1,-1,-1,-1
236,6,808.95849609375,11.661369323730469,264.230224609375,462.6920471191406,-1,-1,-1,-1
237,6,802.0084838867188,12.222061157226562,261.43963623046875,458.5137939453125,-1,-1,-1,-1
238,6,796.945556640625,5.960184097290039,261.2657470703125,455.6309814453125,-1,-1,-1,-1
239,6,788.1773681640625,1.8180427551269531,262.3431396484375,452.99591064453125,-1,-1,-1,-1
240,6,788.4969482421875,2.004730224609375,256.8209228515625,445.40875244140625,-1,-1,-1,-1
241,6,779.9564819335938,0.9016208648681641,264.06085205078125,432.86761474609375,-1,-1,-1,-1
242,6,775.9832153320312,0.2382068634033203,267.90252685546875,429.63787841796875,-1,-1,-1,-1
243,6,773.44140625,0.9611015319824219,267.1412353515625,431.3351135253906,-1,-1,-1,-1
244,6,773.392333984375,1.6476993560791016,267.0234375,424.9601745605469,-1,-1,-1,-1
245,6,775.5654296875,2.068532943725586,262.343017578125,422.21466064453125,-1,-1,-1,-1
246,6,772.2487182617188,0.7805824279785156,266.90826416015625,418.6120300292969,-1,-1,-1,-1
247,6,775.7401733398438,1.4852447509765625,266.58563232421875,411.7840576171875,-1,-1,-1,-1
248,6,773.7305297851562,1.4534378051757812,269.39971923828125,405.33349609375,-1,-1,-1,-1
249,6,775.7901000976562,2.074533462524414,265.93670654296875,407.684326171875,-1,-1,-1,-1
250,6,768.8764038085938,2.825458526611328,270.34344482421875,406.0357971191406,-1,-1,-1,-1
251,6,767.3524169921875,2.6253013610839844,269.5887451171875,404.0782470703125,-1,-1,-1,-1
252,6,769.4725952148438,2.859132766723633,266.87078857421875,406.96044921875,-1,-1,-1,-1
253,6,771.7110595703125,1.9183940887451172,264.6319580078125,407.0518798828125,-1,-1,-1,-1
254,6,761.8705444335938,3.1241207122802734,272.20050048828125,420.3574523925781,-1,-1,-1,-1
255,6,760.6650390625,2.9240055084228516,271.4642333984375,423.40606689453125,-1,-1,-1,-1
256,6,745.3968505859375,3.183412551879883,278.50189208984375,434.08355712890625,-1,-1,-1,-1
257,6,738.6055297851562,6.16340446472168,272.10003662109375,447.3351135253906,-1,-1,-1,-1
258,6,730.7933349609375,10.11676025390625,264.342529296875,458.3315124511719,-1,-1,-1,-1
259,6,730.0821533203125,20.06696319580078,251.748046875,464.3147888183594,-1,-1,-1,-1
260,6,725.0960083007812,40.732940673828125,236.44476318359375,460.4714660644531,-1,-1,-1,-1
261,6,715.9760131835938,60.97661209106445,220.4638671875,458.6275634765625,-1,-1,-1,-1
262,6,705.62353515625,96.77969360351562,205.7706298828125,437.9657287597656,-1,-1,-1,-1
263,6,694.02197265625,137.24636840820312,186.7000732421875,407.4183044433594,-1,-1,-1,-1
264,6,668.1819458007812,183.9706268310547,172.81219482421875,376.687744140625,-1,-1,-1,-1
265,6,638.4933471679688,226.75064086914062,162.2191162109375,355.3538513183594,-1,-1,-1,-1
266,6,609.8463134765625,278.49517822265625,152.744873046875,321.150634765625,-1,-1,-1,-1
267,6,585.3682250976562,320.1053161621094,147.4617919921875,298.5429992675781,-1,-1,-1,-1
268,6,567.6196899414062,356.9031982421875,144.8905029296875,278.059326171875,-1,-1,-1,-1
269,6,545.7861328125,377.7483215332031,149.8349609375,264.4012756347656,-1,-1,-1,-1
270,6,520.3922119140625,400.9136047363281,156.39324951171875,258.4445495605469,-1,-1,-1,-1
271,6,496.1751403808594,421.26593017578125,159.39492797851562,252.17645263671875,-1,-1,-1,-1
272,6,473.3575744628906,449.9316711425781,170.09268188476562,242.82516479492188,-1,-1,-1,-1
273,6,469.92681884765625,471.7368469238281,163.28631591796875,224.43380737304688,-1,-1,-1,-1
274,6,463.11724853515625,485.41558837890625,171.79229736328125,226.424072265625,-1,-1,-1,-1
275,6,468.9528503417969,491.42803955078125,173.81838989257812,224.44342041015625,-1,-1,-1,-1
276,6,470.6846008300781,489.08929443359375,177.22653198242188,222.97808837890625,-1,-1,-1,-1
277,6,479.6524963378906,475.654052734375,169.17422485351562,225.36871337890625,-1,-1,-1,-1
278,6,487.954345703125,465.21826171875,162.16888427734375,222.34405517578125,-1,-1,-1,-1
279,6,495.0914306640625,470.0086364746094,164.345703125,205.92752075195312,-1,-1,-1,-1
280,6,480.82330322265625,448.8566589355469,185.81378173828125,226.45364379882812,-1,-1,-1,-1
281,6,483.17626953125,447.3093566894531,183.497314453125,221.57931518554688,-1,-1,-1,-1
282,6,487.24603271484375,444.00140380859375,185.1539306640625,220.93341064453125,-1,-1,-1,-1
283,6,486.380859375,445.6947937011719,189.1324462890625,215.87118530273438,-1,-1,-1,-1
284,6,485.4380798339844,456.4078369140625,191.02420043945312,215.031005859375,-1,-1,-1,-1
285,6,492.4734191894531,472.05126953125,188.52981567382812,214.62518310546875,-1,-1,-1,-1
286,6,505.7746276855469,490.52850341796875,192.02200317382812,214.45989990234375,-1,-1,-1,-1
287,6,531.8038940429688,509.45770263671875,183.579345703125,208.03338623046875,-1,-1,-1,-1
288,6,548.8076171875,521.7755737304688,188.86419677734375,208.78375244140625,-1,-1,-1,-1
289,6,584.8283081054688,544.9591064453125,167.7276611328125,209.57135009765625,-1,-1,-1,-1
290,6,604.12060546875,557.9323120117188,160.34661865234375,210.78662109375,-1,-1,-1,-1
291,6,612.5523681640625,573.377685546875,163.0579833984375,198.8125,-1,-1,-1,-1
292,6,629.4423217773438,582.3930053710938,151.58197021484375,202.78680419921875,-1,-1,-1,-1
293,6,648.9996948242188,582.3955078125,138.7532958984375,207.98773193359375,-1,-1,-1,-1
294,6,664.4434814453125,591.7484741210938,137.38916015625,219.1705322265625,-1,-1,-1,-1
295,6,678.2994384765625,585.8767700195312,136.013427734375,238.98468017578125,-1,-1,-1,-1
296,6,693.836669921875,585.2702026367188,135.0650634765625,242.97796630859375,-1,-1,-1,-1
297,6,715.4246826171875,576.2493286132812,136.5447998046875,248.75592041015625,-1,-1,-1,-1
298,6,731.5452880859375,582.2781982421875,137.964599609375,241.10858154296875,-1,-1,-1,-1
299,6,754.4967041015625,585.496337890625,132.47833251953125,243.20965576171875,-1,-1,-1,-1
300,6,775.4130249023438,579.3591918945312,133.69537353515625,246.1141357421875,-1,-1,-1,-1
301,6,795.6412963867188,578.4256591796875,134.369140625,263.69683837890625,-1,-1,-1,-1
302,6,808.1082153320312,577.1055297851562,139.56634521484375,257.5010986328125,-1,-1,-1,-1
303,6,825.0120849609375,573.6659545898438,143.3560791015625,242.03228759765625,-1,-1,-1,-1
304,6,837.4146728515625,575.6608276367188,149.04107666015625,246.61614990234375,-1,-1,-1,-1
305,6,849.707763671875,579.3898315429688,150.1270751953125,241.0623779296875,-1,-1,-1,-1
306,6,852.2825317382812,586.05126953125,161.015625,233.51470947265625,-1,-1,-1,-1
307,6,848.7275390625,617.8343505859375,164.47662353515625,211.2171630859375,-1,-1,-1,-1
308,6,852.3681030273438,611.2362060546875,161.33270263671875,236.314697265625,-1,-1,-1,-1
309,6,846.4540405273438,601.161865234375,168.45697021484375,248.0679931640625,-1,-1,-1,-1
310,6,841.8698120117188,603.4362182617188,170.315185546875,222.8817138671875,-1,-1,-1,-1
311,6,837.9871215820312,602.6340942382812,171.5926513671875,222.7935791015625,-1,-1,-1,-1
312,6,825.5946655273438,598.4815673828125,180.40069580078125,231.1102294921875,-1,-1,-1,-1
313,6,812.2130737304688,593.2122192382812,185.8131103515625,223.57281494140625,-1,-1,-1,-1
314,6,800.597900390625,583.2560424804688,196.3846435546875,235.39141845703125,-1,-1,-1,-1
315,6,779.6463012695312,574.427978515625,209.15338134765625,228.57012939453125,-1,-1,-1,-1
316,6,759.1133422851562,566.316650390625,247.56927490234375,223.68450927734375,-1,-1,-1,-1
317,6,731.9226684570312,564.4230346679688,252.825439453125,233.19940185546875,-1,-1,-1,-1
318,6,714.83203125,561.9198608398438,241.6585693359375,218.36968994140625,-1,-1,-1,-1
319,6,697.544189453125,560.9444580078125,246.7142333984375,221.2762451171875,-1,-1,-1,-1
320,6,682.7318115234375,563.1135864257812,242.29986572265625,223.07373046875,-1,-1,-1,-1
321,6,676.9110717773438,565.0889892578125,242.23895263671875,215.74371337890625,-1,-1,-1,-1
322,6,680.3995361328125,566.964599609375,247.7056884765625,213.1318359375,-1,-1,-1,-1
323,6,683.6098022460938,565.2010498046875,247.11468505859375,217.44891357421875,-1,-1,-1,-1
324,6,674.3738403320312,566.98681640625,254.20745849609375,215.72119140625,-1,-1,-1,-1
325,6,666.0693359375,569.60107421875,246.09478759765625,211.24664306640625,-1,-1,-1,-1
326,6,663.1271362304688,569.000732421875,249.10992431640625,212.48590087890625,-1,-1,-1,-1
327,6,685.35986328125,562.4598388671875,234.74090576171875,216.827392578125,-1,-1,-1,-1
328,6,727.0474853515625,572.542236328125,175.5985107421875,197.357666015625,-1,-1,-1,-1
329,6,718.2572631835938,543.6793823242188,238.80572509765625,230.61358642578125,-1,-1,-1,-1
330,6,747.3712768554688,553.6776123046875,208.03033447265625,207.20159912109375,-1,-1,-1,-1
331,6,766.1494140625,532.836669921875,248.7913818359375,225.96343994140625,-1,-1,-1,-1
332,6,787.54833984375,533.1964111328125,245.5574951171875,247.52911376953125,-1,-1,-1,-1
333,6,803.3567504882812,531.5363159179688,244.81707763671875,239.45257568359375,-1,-1,-1,-1
334,6,802.2416381835938,548.9811401367188,245.63067626953125,215.07586669921875,-1,-1,-1,-1
335,6,803.87109375,534.8914184570312,247.3529052734375,233.168212890625,-1,-1,-1,-1
336,6,798.6558227539062,538.2630615234375,245.96173095703125,233.49346923828125,-1,-1,-1,-1
337,6,795.3805541992188,542.0499877929688,242.56292724609375,230.756103515625,-1,-1,-1,-1
338,6,765.05517578125,562.1275024414062,237.48577880859375,211.13824462890625,-1,-1,-1,-1
339,6,737.0244750976562,576.841064453125,235.267822265625,200.4261474609375,-1,-1,-1,-1
340,6,714.0017700195312,578.6923828125,227.17559814453125,205.791748046875,-1,-1,-1,-1
341,6,692.0838012695312,578.388916015625,220.9248046875,207.68115234375,-1,-1,-1,-1
342,6,665.3945922851562,578.2772827148438,214.57281494140625,205.953857421875,-1,-1,-1,-1
343,6,641.0222778320312,572.8541259765625,204.6087646484375,206.30401611328125,-1,-1,-1,-1
344,6,623.639892578125,567.6796875,187.0208740234375,211.81634521484375,-1,-1,-1,-1
345,6,607.7882080078125,563.7847290039062,185.82086181640625,218.4986572265625,-1,-1,-1,-1
346,6,587.1981811523438,560.8905639648438,174.48358154296875,215.63616943359375,-1,-1,-1,-1
347,6,556.6334838867188,554.2045288085938,170.658203125,220.09332275390625,-1,-1,-1,-1
348,6,526.1696166992188,550.5188598632812,162.62518310546875,247.26983642578125,-1,-1,-1,-1
349,6,500.4140319824219,542.166748046875,156.83145141601562,252.18353271484375,-1,-1,-1,-1
350,6,475.53948974609375,532.5099487304688,154.701171875,259.15447998046875,-1,-1,-1,-1
351,6,453.2024841308594,531.2623901367188,152.33193969726562,258.80303955078125,-1,-1,-1,-1
352,6,432.6794128417969,527.8264770507812,154.07766723632812,267.5123291015625,-1,-1,-1,-1
353,6,411.870361328125,525.285888671875,154.892578125,269.638916015625,-1,-1,-1,-1
354,6,408.4000244140625,517.6889038085938,150.04632568359375,277.82611083984375,-1,-1,-1,-1
355,6,413.66802978515625,505.62005615234375,153.7672119140625,280.65966796875,-1,-1,-1,-1
356,6,435.5986022949219,494.1937561035156,148.40859985351562,278.2132873535156,-1,-1,-1,-1
357,6,456.4744873046875,472.9498596191406,155.92327880859375,298.6714172363281,-1,-1,-1,-1
358,6,479.6352844238281,461.16339111328125,162.23123168945312,295.0816650390625,-1,-1,-1,-1
359,6,503.8135986328125,455.03179931640625,170.9454345703125,339.83502197265625,-1,-1,-1,-1
360,6,527.184814453125,447.262451171875,178.10394287109375,336.138671875,-1,-1,-1,-1
361,6,541.8572998046875,449.0600891113281,184.56268310546875,293.9145812988281,-1,-1,-1,-1
362,6,564.0610961914062,466.2213134765625,186.81610107421875,253.43609619140625,-1,-1,-1,-1
363,6,596.7481079101562,477.2337341308594,186.59063720703125,248.65536499023438,-1,-1,-1,-1
364,6,607.5426635742188,484.7194519042969,205.302001953125,250.05258178710938,-1,-1,-1,-1
365,6,516.3231201171875,431.5848083496094,305.17327880859375,303.5663757324219,-1,-1,-1,-1
366,6,531.1729736328125,417.4971008300781,308.2591552734375,317.9089660644531,-1,-1,-1,-1
367,6,549.0458984375,424.3257751464844,292.0030517578125,323.9038391113281,-1,-1,-1,-1
368,6,555.69482421875,465.04827880859375,284.9598388671875,300.114990234375,-1,-1,-1,-1
369,6,577.5228271484375,572.8438720703125,269.584228515625,192.86346435546875,-1,-1,-1,-1
370,6,492.17669677734375,506.9064636230469,380.1409912109375,261.3404846191406,-1,-1,-1,-1
374,6,572.4933471679688,569.3397827148438,300.44000244140625,250.28570556640625,-1,-1,-1,-1
376,6,543.1304931640625,587.1005249023438,266.4183349609375,239.65679931640625,-1,-1,-1,-1
377,6,528.193359375,596.4891357421875,235.76654052734375,301.988037109375,-1,-1,-1,-1
378,6,489.8167419433594,601.3150024414062,248.34231567382812,295.8717041015625,-1,-1,-1,-1
379,6,464.32171630859375,606.4744262695312,243.89996337890625,317.0428466796875,-1,-1,-1,-1
380,6,453.90362548828125,607.9622192382812,240.9891357421875,338.08935546875,-1,-1,-1,-1
381,6,451.8228759765625,599.7471923828125,244.67132568359375,400.16241455078125,-1,-1,-1,-1
382,6,451.03704833984375,584.3258056640625,245.301025390625,389.800048828125,-1,-1,-1,-1
383,6,461.99615478515625,571.8605346679688,228.91949462890625,311.7138671875,-1,-1,-1,-1
384,6,482.62396240234375,578.9605102539062,216.83319091796875,293.89697265625,-1,-1,-1,-1
385,6,509.822265625,563.0232543945312,220.6822509765625,298.273193359375,-1,-1,-1,-1
386,6,537.286865234375,531.1526489257812,236.97607421875,323.47308349609375,-1,-1,-1,-1
387,6,564.445068359375,534.0746459960938,245.8890380859375,311.8609619140625,-1,-1,-1,-1
388,6,581.2755737304688,512.6857604980469,257.5609130859375,323.4884338378906,-1,-1,-1,-1
389,6,609.0205078125,491.9326171875,259.21136474609375,333.9302978515625,-1,-1,-1,-1
390,6,638.6771850585938,483.2395324707031,268.65521240234375,333.3418884277344,-1,-1,-1,-1
391,6,658.476318359375,476.0118408203125,291.89862060546875,329.67877197265625,-1,-1,-1,-1
392,6,674.7720947265625,488.69732666015625,314.771484375,308.45574951171875,-1,-1,-1,-1
393,6,696.5345458984375,488.8258972167969,321.59423828125,303.5801696777344,-1,-1,-1,-1
394,6,712.2937622070312,485.2320861816406,329.51470947265625,335.1885070800781,-1,-1,-1,-1
395,6,732.728759765625,504.43316650390625,338.816162109375,315.44146728515625,-1,-1,-1,-1
396,6,753.6115112304688,501.8966979980469,340.84686279296875,307.7059020996094,-1,-1,-1,-1
397,6,767.199462890625,516.83154296875,348.9315185546875,293.7430419921875,-1,-1,-1,-1
398,6,774.6106567382812,490.64520263671875,358.29254150390625,315.15032958984375,-1,-1,-1,-1
399,6,781.8544921875,522.0310668945312,361.4600830078125,283.87860107421875,-1,-1,-1,-1
400,6,784.1735229492188,528.1551513671875,367.91302490234375,295.0418701171875,-1,-1,-1,-1
401,6,781.861328125,513.8875122070312,377.522705078125,328.255126953125,-1,-1,-1,-1
402,6,779.6774291992188,503.58282470703125,365.22662353515625,352.3310546875,-1,-1,-1,-1
403,6,774.342529296875,511.2701110839844,365.2373046875,335.4755554199219,-1,-1,-1,-1
404,6,762.386474609375,505.35760498046875,369.763427734375,352.6761474609375,-1,-1,-1,-1
405,6,751.6854858398438,505.16412353515625,376.97467041015625,345.10009765625,-1,-1,-1,-1
406,6,739.3721313476562,486.4147033691406,384.93170166015625,357.4151916503906,-1,-1,-1,-1
407,6,736.9434204101562,485.79290771484375,388.42169189453125,352.673095703125,-1,-1,-1,-1
408,6,735.0713500976562,471.3671569824219,389.49285888671875,359.8187561035156,-1,-1,-1,-1
409,6,735.0903930664062,463.145263671875,392.50994873046875,362.96490478515625,-1,-1,-1,-1
410,6,731.9006958007812,476.33331298828125,395.30755615234375,345.43084716796875,-1,-1,-1,-1
411,6,723.881591796875,475.79290771484375,384.8663330078125,345.31817626953125,-1,-1,-1,-1
412,6,710.2218627929688,488.0339050292969,363.06243896484375,329.7656555175781,-1,-1,-1,-1
413,6,686.0219116210938,492.4923095703125,347.97381591796875,319.478759765625,-1,-1,-1,-1
414,6,657.2079467773438,465.723388671875,319.74066162109375,339.9766845703125,-1,-1,-1,-1
415,6,624.1091918945312,462.00390625,310.70697021484375,347.41668701171875,-1,-1,-1,-1
416,6,594.3474731445312,458.97772216796875,293.04315185546875,366.3062744140625,-1,-1,-1,-1
417,6,571.8260498046875,453.52587890625,291.2242431640625,377.2021484375,-1,-1,-1,-1
418,6,552.1981201171875,452.6190185546875,290.825439453125,385.95751953125,-1,-1,-1,-1
419,6,534.5181274414062,439.3041687011719,292.53375244140625,401.2353820800781,-1,-1,-1,-1
420,6,517.1782836914062,432.5809326171875,302.02789306640625,404.66778564453125,-1,-1,-1,-1
421,6,499.1906433105469,412.54705810546875,305.8039855957031,423.94805908203125,-1,-1,-1,-1
422,6,483.9166259765625,395.7965393066406,323.68768310546875,430.8843078613281,-1,-1,-1,-1
423,6,472.8682861328125,394.1238708496094,317.03533935546875,415.7844543457031,-1,-1,-1,-1
424,6,465.4132995605469,368.0492248535156,330.1224060058594,429.3860778808594,-1,-1,-1,-1
425,6,457.6440124511719,349.5780944824219,336.6880187988281,442.3761291503906,-1,-1,-1,-1
426,6,455.4600830078125,365.1225891113281,358.0655517578125,428.6387634277344,-1,-1,-1,-1
427,6,454.01239013671875,360.1556396484375,347.5809326171875,434.70281982421875,-1,-1,-1,-1
428,6,451.78411865234375,352.1512145996094,351.2099609375,449.6794738769531,-1,-1,-1,-1
429,6,454.5835876464844,402.9679870605469,335.8006896972656,405.8896179199219,-1,-1,-1,-1
430,6,453.1392517089844,357.0299987792969,355.8969421386719,451.7747497558594,-1,-1,-1,-1
431,6,451.27001953125,368.5597229003906,359.246826171875,443.5861511230469,-1,-1,-1,-1
432,6,453.1692199707031,361.07611083984375,360.0503234863281,446.7401123046875,-1,-1,-1,-1
433,6,453.043212890625,260.779296875,387.23681640625,530.690673828125,-1,-1,-1,-1
434,6,466.68817138671875,184.5035858154297,409.5452880859375,565.4404296875,-1,-1,-1,-1
435,6,471.3635559082031,93.5560531616211,410.4218444824219,622.8890380859375,-1,-1,-1,-1
436,6,480.43994140625,44.23709487915039,416.18218994140625,642.275390625,-1,-1,-1,-1
437,6,483.1567077636719,-7.832008361816406,457.2299499511719,676.744384765625,-1,-1,-1,-1
438,6,484.67083740234375,-12.533708572387695,471.10968017578125,671.0691528320312,-1,-1,-1,-1
439,6,478.6977844238281,-11.83846664428711,462.6379699707031,661.5734252929688,-1,-1,-1,-1
440,6,474.20361328125,-9.94696044921875,471.06939697265625,660.2803955078125,-1,-1,-1,-1
441,6,467.46270751953125,-13.423904418945312,483.0037841796875,669.7101440429688,-1,-1,-1,-1
442,6,458.1659851074219,-4.776653289794922,482.4778137207031,662.8240356445312,-1,-1,-1,-1
443,6,445.0135192871094,-7.234809875488281,490.5502014160156,670.5198364257812,-1,-1,-1,-1
444,6,439.52374267578125,-6.775749206542969,499.84356689453125,678.9236450195312,-1,-1,-1,-1
445,6,432.1495361328125,-9.054561614990234,489.880126953125,677.238037109375,-1,-1,-1,-1
446,6,427.29534912109375,-10.741357803344727,501.88433837890625,681.2860107421875,-1,-1,-1,-1
447,6,431.9570007324219,-1.1488151550292969,516.521240234375,672.6312255859375,-1,-1,-1,-1
448,6,424.1966247558594,-6.324115753173828,535.3365478515625,678.5695190429688,-1,-1,-1,-1
449,6,410.6187438964844,-1.0116214752197266,539.985107421875,677.1240844726562,-1,-1,-1,-1
450,6,406.0638427734375,-1.0412673950195312,528.79443359375,668.0828857421875,-1,-1,-1,-1
451,6,414.65521240234375,1.7869701385498047,526.1157836914062,658.1879272460938,-1,-1,-1,-1
452,6,442.70196533203125,-1.1006011962890625,492.87603759765625,659.1802368164062,-1,-1,-1,-1
453,6,387.9986877441406,5.906410217285156,542.4263916015625,655.8169555664062,-1,-1,-1,-1
454,6,415.6251525878906,-0.7300376892089844,520.7630615234375,663.1021728515625,-1,-1,-1,-1
455,6,390.7800598144531,-3.1798019409179688,557.133056640625,665.7302856445312,-1,-1,-1,-1
456,6,386.3062438964844,-5.106241226196289,581.7108154296875,663.0626831054688,-1,-1,-1,-1
457,6,440.5742492675781,4.88531494140625,548.1148681640625,632.781494140625,-1,-1,-1,-1
458,6,383.95733642578125,1.9182052612304688,628.3499145507812,617.609375,-1,-1,-1,-1
459,6,385.1382751464844,-0.4479503631591797,620.877685546875,605.0524291992188,-1,-1,-1,-1
460,6,378.86248779296875,-0.45860862731933594,626.4447631835938,599.2933959960938,-1,-1,-1,-1
461,6,378.77423095703125,-0.7910499572753906,631.1312866210938,590.8579711914062,-1,-1,-1,-1
462,6,375.7395324707031,0.6853084564208984,640.5252685546875,580.7446899414062,-1,-1,-1,-1
463,6,382.7712097167969,-5.470447540283203,638.2476806640625,571.1346435546875,-1,-1,-1,-1
464,6,415.417724609375,-10.470830917358398,615.462646484375,564.6336669921875,-1,-1,-1,-1
465,6,425.1103210449219,-22.242128372192383,610.246337890625,560.1803588867188,-1,-1,-1,-1
466,6,391.2207946777344,-40.91379165649414,645.8900146484375,583.2338256835938,-1,-1,-1,-1
467,6,382.1849365234375,-21.61589241027832,650.7724609375,561.9144897460938,-1,-1,-1,-1
468,6,412.676025390625,-9.99462890625,602.1910400390625,556.4278564453125,-1,-1,-1,-1
469,6,365.79644775390625,-16.094785690307617,635.6962280273438,566.5525512695312,-1,-1,-1,-1
470,6,375.5442810058594,-10.601856231689453,609.4903564453125,576.0237426757812,-1,-1,-1,-1
471,6,332.5947265625,-18.266511917114258,622.2468872070312,598.1525268554688,-1,-1,-1,-1
472,6,341.6628723144531,-15.824111938476562,587.4688720703125,604.98779296875,-1,-1,-1,-1
473,6,296.4896240234375,-18.5284366607666,605.6846313476562,612.671875,-1,-1,-1,-1
474,6,271.5745849609375,-24.405881881713867,602.126708984375,627.9274291992188,-1,-1,-1,-1
475,6,240.82974243164062,-32.60399627685547,585.1956787109375,648.5224609375,-1,-1,-1,-1
476,6,188.23312377929688,-1.6286888122558594,577.5203857421875,628.8093872070312,-1,-1,-1,-1
477,6,75.70599365234375,0.5092372894287109,623.7169799804688,643.77197265625,-1,-1,-1,-1
478,6,18.404504776000977,-2.70538330078125,623.341796875,666.7865600585938,-1,-1,-1,-1
479,6,5.795463562011719,0.8406925201416016,587.244140625,691.885986328125,-1,-1,-1,-1
480,6,0.45464515686035156,9.299346923828125,542.0169677734375,711.8133544921875,-1,-1,-1,-1
481,6,-3.324359893798828,23.38445281982422,504.75555419921875,735.2799682617188,-1,-1,-1,-1
482,6,-3.2528152465820312,31.572391510009766,477.4520263671875,756.4260864257812,-1,-1,-1,-1
483,6,0.7779178619384766,48.290382385253906,447.2372741699219,750.8441772460938,-1,-1,-1,-1
484,6,-1.2663078308105469,43.952091217041016,434.4452819824219,818.35546875,-1,-1,-1,-1
485,6,-4.500566482543945,67.59233093261719,424.8138732910156,803.723388671875,-1,-1,-1,-1
486,6,-3.0747718811035156,150.5084686279297,387.7017822265625,744.4135131835938,-1,-1,-1,-1
487,6,-0.13862991333007812,242.12120056152344,366.9885559082031,669.0785522460938,-1,-1,-1,-1
488,6,-4.347951889038086,265.0638427734375,375.5049133300781,698.1680908203125,-1,-1,-1,-1
489,6,-3.77691650390625,275.08856201171875,427.3288879394531,757.7138061523438,-1,-1,-1,-1
490,6,-4.649572372436523,325.4684753417969,407.1265563964844,739.7774658203125,-1,-1,-1,-1
491,6,0.06868171691894531,371.9061584472656,433.41082763671875,694.060302734375,-1,-1,-1,-1
492,6,1.6358871459960938,511.3936462402344,410.5809020996094,557.0997314453125,-1,-1,-1,-1
416,7,568.19189453125,214.9235076904297,45.3836669921875,124.03724670410156,-1,-1,-1,-1
417,7,514.8671264648438,220.76828002929688,52.2281494140625,133.90847778320312,-1,-1,-1,-1
418,7,471.49505615234375,218.7991485595703,56.0167236328125,122.44517517089844,-1,-1,-1,-1
419,7,433.498779296875,216.10890197753906,56.189910888671875,135.9348907470703,-1,-1,-1,-1
420,7,402.7213134765625,208.4593963623047,54.944732666015625,120.00907897949219,-1,-1,-1,-1
421,7,368.46673583984375,195.41433715820312,76.40872192382812,153.70755004882812,-1,-1,-1,-1
422,7,346.5737609863281,175.53652954101562,64.20297241210938,147.49197387695312,-1,-1,-1,-1
423,7,330.57867431640625,148.3948974609375,70.8287353515625,160.74819946289062,-1,-1,-1,-1
424,7,310.73797607421875,125.39610290527344,100.60406494140625,193.4263153076172,-1,-1,-1,-1
425,7,317.9247131347656,109.96251678466797,80.44769287109375,207.5364990234375,-1,-1,-1,-1
426,7,336.9888000488281,101.64161682128906,68.64028930664062,191.38270568847656,-1,-1,-1,-1
427,7,347.5474853515625,97.25821685791016,69.21795654296875,195.85958862304688,-1,-1,-1,-1
428,7,359.21099853515625,96.68183135986328,79.99209594726562,210.43850708007812,-1,-1,-1,-1
429,7,369.8819274902344,97.49362182617188,78.0679931640625,218.31988525390625,-1,-1,-1,-1
430,7,391.2311096191406,93.18858337402344,73.46771240234375,211.64259338378906,-1,-1,-1,-1
431,7,400.224853515625,90.46832275390625,69.58499145507812,202.612060546875,-1,-1,-1,-1
432,7,407.4884338378906,87.90229034423828,64.00772094726562,162.4649658203125,-1,-1,-1,-1
433,7,406.315673828125,69.49308013916016,90.38690185546875,178.20574951171875,-1,-1,-1,-1
434,7,382.3228454589844,17.18780517578125,183.95101928710938,306.3564453125,-1,-1,-1,-1
435,7,357.83367919921875,-3.676701545715332,252.4114990234375,315.729248046875,-1,-1,-1,-1
436,7,358.0606994628906,-45.217002868652344,246.64175415039062,357.4952697753906,-1,-1,-1,-1
437,7,343.48468017578125,-50.73561096191406,244.30828857421875,346.43701171875,-1,-1,-1,-1
438,7,358.4073181152344,-69.73649597167969,222.72494506835938,349.6727294921875,-1,-1,-1,-1
439,7,347.86669921875,-54.28596878051758,210.769775390625,325.92620849609375,-1,-1,-1,-1
440,7,345.49298095703125,-59.26557159423828,213.6949462890625,336.9685974121094,-1,-1,-1,-1
441,7,349.72137451171875,-90.83656311035156,237.21441650390625,377.79974365234375,-1,-1,-1,-1
442,7,351.1712646484375,-59.255950927734375,223.95819091796875,345.6658020019531,-1,-1,-1,-1
443,7,330.2941589355469,-89.894287109375,239.70962524414062,385.01251220703125,-1,-1,-1,-1
444,7,336.1024475097656,-92.09519958496094,237.28854370117188,391.24517822265625,-1,-1,-1,-1
445,7,335.2381896972656,-96.29185485839844,245.67086791992188,394.41387939453125,-1,-1,-1,-1
446,7,344.3417663574219,-73.15814208984375,241.36312866210938,341.0702819824219,-1,-1,-1,-1
447,7,348.37701416015625,-71.51211547851562,237.1640625,356.0242614746094,-1,-1,-1,-1
448,7,360.4964599609375,-94.88658905029297,236.17071533203125,338.8028259277344,-1,-1,-1,-1
449,7,344.9508361816406,-71.00489044189453,237.35269165039062,333.7782287597656,-1,-1,-1,-1
450,7,342.0178527832031,-84.36719512939453,248.68307495117188,316.58319091796875,-1,-1,-1,-1
451,7,341.08062744140625,-87.5038833618164,246.60943603515625,308.8522033691406,-1,-1,-1,-1
452,7,354.61553955078125,-75.1231460571289,212.834228515625,280.609619140625,-1,-1,-1,-1
453,7,327.1385498046875,-73.83251190185547,228.65472412109375,301.9265441894531,-1,-1,-1,-1
454,7,323.4166259765625,-89.11003112792969,230.69891357421875,318.43267822265625,-1,-1,-1,-1
455,7,319.77191162109375,-80.09369659423828,231.78973388671875,305.5001220703125,-1,-1,-1,-1
456,7,317.0983581542969,-102.63516998291016,233.93215942382812,307.00628662109375,-1,-1,-1,-1
416,8,518.2645874023438,1221.6676025390625,179.83660888671875,189.3050537109375,-1,-1,-1,-1
417,8,520.11376953125,1242.76904296875,181.59112548828125,167.48388671875,-1,-1,-1,-1
418,8,532.740966796875,1251.730712890625,174.4027099609375,157.177734375,-1,-1,-1,-1
419,8,568.0562744140625,1260.3050537109375,131.2159423828125,148.9708251953125,-1,-1,-1,-1
420,8,568.0910034179688,1261.882080078125,132.570068359375,147.219482421875,-1,-1,-1,-1
421,8,547.7062377929688,1260.70703125,156.44775390625,147.279052734375,-1,-1,-1,-1
422,8,534.0322265625,1255.4163818359375,169.30010986328125,152.2542724609375,-1,-1,-1,-1
423,8,532.15771484375,1239.0091552734375,171.819580078125,169.1798095703125,-1,-1,-1,-1
424,8,524.32080078125,1231.43896484375,174.169677734375,177.3260498046875,-1,-1,-1,-1
425,8,490.57489013671875,1233.2039794921875,196.069091796875,174.19921875,-1,-1,-1,-1
426,8,517.3468627929688,1247.121337890625,157.731201171875,161.414794921875,-1,-1,-1,-1
427,8,495.9755859375,1262.67431640625,159.33734130859375,145.6346435546875,-1,-1,-1,-1
428,8,499.2721252441406,1286.8939208984375,142.09262084960938,120.9471435546875,-1,-1,-1,-1
429,8,491.05841064453125,1308.988037109375,127.67724609375,98.1103515625,-1,-1,-1,-1
430,8,450.77691650390625,1307.4727783203125,144.68231201171875,96.823486328125,-1,-1,-1,-1
461,9,741.5888061523438,636.9539794921875,663.5623168945312,778.8592529296875,-1,-1,-1,-1
462,9,631.684326171875,639.5367431640625,772.578125,766.5443115234375,-1,-1,-1,-1
463,9,487.5508117675781,606.4099731445312,949.6968994140625,800.8466186523438,-1,-1,-1,-1
464,9,447.7695617675781,606.7247314453125,1093.670166015625,803.60693359375,-1,-1,-1,-1
465,9,527.6871337890625,594.1282958984375,954.50439453125,820.1484375,-1,-1,-1,-1
466,9,516.1529541015625,596.1123046875,990.0980224609375,821.0595703125,-1,-1,-1,-1
467,9,469.2619934082031,659.0419311523438,943.278076171875,751.0364379882812,-1,-1,-1,-1
468,9,398.0016784667969,654.8991088867188,1052.65380859375,756.2692260742188,-1,-1,-1,-1
469,9,391.84136962890625,635.44873046875,1089.201904296875,793.3311767578125,-1,-1,-1,-1
473,9,365.0751953125,720.2594604492188,1022.9539794921875,706.3528442382812,-1,-1,-1,-1
474,9,242.7381591796875,677.4820556640625,899.3544921875,739.5347900390625,-1,-1,-1,-1
475,9,223.6495361328125,641.8969116210938,792.6942749023438,776.8153686523438,-1,-1,-1,-1
476,9,53.00297164916992,715.0565185546875,880.8992309570312,693.4835205078125,-1,-1,-1,-1
477,9,23.186519622802734,619.796630859375,861.4134521484375,786.9241943359375,-1,-1,-1,-1
478,9,21.406631469726562,604.6265258789062,819.8431396484375,804.7011108398438,-1,-1,-1,-1
479,9,44.61684799194336,606.9295043945312,778.2650756835938,805.3926391601562,-1,-1,-1,-1
480,9,10.904212951660156,646.5400390625,798.5211791992188,766.58447265625,-1,-1,-1,-1
481,9,3.748615264892578,671.37158203125,780.3931274414062,743.985107421875,-1,-1,-1,-1
482,9,-2.2685623168945312,626.8380126953125,765.4697875976562,792.4012451171875,-1,-1,-1,-1
483,9,6.4476318359375,642.6358642578125,785.2736206054688,770.1556396484375,-1,-1,-1,-1
484,9,-1.3177108764648438,666.0758666992188,727.7999267578125,746.2037963867188,-1,-1,-1,-1
485,9,3.0599193572998047,604.8079223632812,703.867431640625,807.5516967773438,-1,-1,-1,-1
486,9,11.752006530761719,615.4598999023438,710.4592895507812,799.9264526367188,-1,-1,-1,-1
487,9,34.109352111816406,591.006591796875,673.0173950195312,820.46044921875,-1,-1,-1,-1
488,9,37.943870544433594,551.54296875,664.8392333984375,864.239990234375,-1,-1,-1,-1
489,9,-0.3235130310058594,425.47515869140625,738.2647094726562,989.2515258789062,-1,-1,-1,-1
490,9,0.11469268798828125,442.5806884765625,558.0197143554688,723.45361328125,-1,-1,-1,-1
491,9,-1.3694286346435547,475.8863830566406,492.93194580078125,586.2154541015625,-1,-1,-1,-1
492,9,3.23974609375,523.3837890625,427.0335998535156,570.8822021484375,-1,-1,-1,-1
493,9,-1.9368762969970703,488.27392578125,435.43695068359375,648.0592041015625,-1,-1,-1,-1
494,9,-1.2887153625488281,517.98046875,453.51080322265625,645.8680419921875,-1,-1,-1,-1
495,9,-0.6806068420410156,434.0255126953125,497.9049377441406,742.6473388671875,-1,-1,-1,-1
496,9,0.2128620147705078,523.295166015625,507.9384460449219,651.6573486328125,-1,-1,-1,-1
497,9,20.907014846801758,521.0830078125,481.1342468261719,584.6114501953125,-1,-1,-1,-1
498,9,75.47380065917969,510.95513916015625,429.56195068359375,548.9739379882812,-1,-1,-1,-1
499,9,134.86187744140625,495.14886474609375,411.156494140625,531.2620239257812,-1,-1,-1,-1
500,9,171.0120849609375,505.21710205078125,389.6866455078125,488.9248046875,-1,-1,-1,-1
501,9,185.7935028076172,490.0151672363281,388.85968017578125,486.6346740722656,-1,-1,-1,-1
502,9,198.14163208007812,499.90911865234375,385.0418395996094,476.95416259765625,-1,-1,-1,-1
503,9,207.57725524902344,515.4578857421875,380.667724609375,464.056396484375,-1,-1,-1,-1
504,9,209.5504913330078,517.9788208007812,381.1126708984375,462.6356201171875,-1,-1,-1,-1
505,9,204.2349853515625,519.9918212890625,390.540771484375,463.5181884765625,-1,-1,-1,-1
506,9,214.43646240234375,531.5302734375,383.65606689453125,453.441162109375,-1,-1,-1,-1
507,9,230.23435974121094,532.7215576171875,381.78106689453125,450.92236328125,-1,-1,-1,-1
508,9,248.46644592285156,535.14111328125,386.86407470703125,446.74114990234375,-1,-1,-1,-1
509,9,263.36553955078125,531.3531494140625,395.256591796875,451.77105712890625,-1,-1,-1,-1
510,9,281.11767578125,544.348388671875,388.194580078125,437.654296875,-1,-1,-1,-1
511,9,284.78851318359375,554.1836547851562,392.478759765625,430.296142578125,-1,-1,-1,-1
512,9,277.88409423828125,556.9948120117188,401.67083740234375,436.5003662109375,-1,-1,-1,-1
513,9,259.62481689453125,541.4193115234375,414.19140625,461.9281005859375,-1,-1,-1,-1
514,9,242.7939910888672,563.325927734375,413.73333740234375,460.0050048828125,-1,-1,-1,-1
515,9,213.14669799804688,564.1422729492188,428.3226623535156,489.98516845703125,-1,-1,-1,-1
516,9,189.80374145507812,602.3534545898438,439.4176330566406,480.68963623046875,-1,-1,-1,-1
517,9,165.9764404296875,598.4846801757812,454.66619873046875,507.64263916015625,-1,-1,-1,-1
518,9,151.7281036376953,605.3840942382812,454.903564453125,523.3297729492188,-1,-1,-1,-1
519,9,122.15890502929688,602.5240478515625,482.2093200683594,540.9149169921875,-1,-1,-1,-1
520,9,119.38587188720703,602.2071533203125,474.9716796875,536.67578125,-1,-1,-1,-1
521,9,104.48895263671875,589.6528930664062,503.55499267578125,533.1666870117188,-1,-1,-1,-1
522,9,132.98617553710938,570.8439331054688,486.5224914550781,533.4190063476562,-1,-1,-1,-1
523,9,158.61129760742188,539.626953125,481.6838684082031,534.9696044921875,-1,-1,-1,-1
524,9,177.114013671875,532.84912109375,478.3878173828125,526.481201171875,-1,-1,-1,-1
525,9,178.9762725830078,540.311767578125,474.87774658203125,492.6591796875,-1,-1,-1,-1
526,9,137.30767822265625,498.2380676269531,508.1019287109375,512.2782897949219,-1,-1,-1,-1
527,9,79.13716125488281,458.1128845214844,548.8456420898438,545.8570556640625,-1,-1,-1,-1
528,9,46.27305603027344,431.7236328125,571.3411865234375,550.5260009765625,-1,-1,-1,-1
529,9,11.457666397094727,383.38580322265625,594.7861328125,594.3302001953125,-1,-1,-1,-1
530,9,1.6526927947998047,322.7473449707031,592.4534912109375,651.1470947265625,-1,-1,-1,-1
531,9,1.135641098022461,289.7876281738281,584.8313598632812,707.5455322265625,-1,-1,-1,-1
532,9,-6.083255767822266,226.8091278076172,579.2687377929688,789.542236328125,-1,-1,-1,-1
533,9,-4.076417922973633,217.34014892578125,567.145751953125,781.7859497070312,-1,-1,-1,-1
534,9,-4.759344100952148,191.8741912841797,555.832763671875,872.3468627929688,-1,-1,-1,-1
535,9,-4.268518447875977,163.98202514648438,548.420166015625,833.7049560546875,-1,-1,-1,-1
536,9,-6.116384506225586,162.53988647460938,533.3429565429688,822.78466796875,-1,-1,-1,-1
537,9,-4.8214263916015625,89.3727035522461,529.1267700195312,896.7032470703125,-1,-1,-1,-1
538,9,-5.681577682495117,55.817970275878906,522.749755859375,956.8341064453125,-1,-1,-1,-1
539,9,-4.954570770263672,16.67822265625,513.3800048828125,976.0053100585938,-1,-1,-1,-1
540,9,-4.405124664306641,6.456779479980469,507.34613037109375,981.4061279296875,-1,-1,-1,-1
541,9,-3.6878738403320312,22.138023376464844,499.8701171875,923.3402099609375,-1,-1,-1,-1
542,9,-3.110187530517578,9.766548156738281,492.5414733886719,946.4703979492188,-1,-1,-1,-1
543,9,-2.440248489379883,0.507537841796875,486.1421813964844,972.1383056640625,-1,-1,-1,-1
544,9,-3.5548763275146484,0.5322952270507812,481.87713623046875,1026.0323486328125,-1,-1,-1,-1
545,9,-3.6628646850585938,2.1771087646484375,479.933837890625,1044.0125732421875,-1,-1,-1,-1
546,9,-2.101491928100586,5.4269561767578125,474.17181396484375,947.1113891601562,-1,-1,-1,-1
547,9,-2.5250110626220703,10.758857727050781,475.4775390625,828.540771484375,-1,-1,-1,-1
548,9,-3.088682174682617,6.9728240966796875,480.3757629394531,793.5584716796875,-1,-1,-1,-1
549,9,-3.789379119873047,-4.107574462890625,479.0804138183594,920.031005859375,-1,-1,-1,-1
550,9,-5.90565299987793,-2.9948768615722656,482.8704528808594,969.0200805664062,-1,-1,-1,-1
551,9,-5.455047607421875,-1.3990325927734375,494.3779602050781,1036.932861328125,-1,-1,-1,-1
552,9,-4.129331588745117,-5.271465301513672,487.502685546875,1112.0706787109375,-1,-1,-1,-1
553,9,-4.651166915893555,-7.789794921875,495.21490478515625,1124.197021484375,-1,-1,-1,-1
554,9,-5.401315689086914,-3.0526580810546875,498.5407409667969,1117.5313720703125,-1,-1,-1,-1
555,9,-5.766550064086914,-3.9462318420410156,511.0257568359375,1059.2169189453125,-1,-1,-1,-1
556,9,-5.083246231079102,-11.583381652832031,528.3604736328125,1111.296142578125,-1,-1,-1,-1
557,9,-6.005458831787109,-3.886730194091797,528.8034057617188,1078.3880615234375,-1,-1,-1,-1
558,9,-7.196142196655273,-3.7800636291503906,552.9435424804688,1105.4761962890625,-1,-1,-1,-1
559,9,-5.143440246582031,-5.168113708496094,520.9203491210938,1106.5345458984375,-1,-1,-1,-1
560,9,-4.177356719970703,-6.642982482910156,521.0496826171875,1096.41748046875,-1,-1,-1,-1
561,9,-4.392494201660156,-5.731700897216797,527.7272338867188,1011.949462890625,-1,-1,-1,-1
562,9,-3.725618362426758,20.391746520996094,522.7979125976562,944.8294067382812,-1,-1,-1,-1
563,9,-3.7287445068359375,-3.290203094482422,514.1041870117188,936.8312377929688,-1,-1,-1,-1
564,9,-5.161903381347656,-6.957569122314453,507.83868408203125,939.8921508789062,-1,-1,-1,-1
565,9,-5.246372222900391,-8.73624038696289,517.36767578125,1003.2081298828125,-1,-1,-1,-1
566,9,-4.622318267822266,-11.592193603515625,499.08953857421875,968.2196044921875,-1,-1,-1,-1
567,9,-4.975530624389648,-0.3071479797363281,482.509765625,930.6815185546875,-1,-1,-1,-1
568,9,-5.68589973449707,15.47979736328125,491.64312744140625,864.9415283203125,-1,-1,-1,-1
569,9,-6.557506561279297,44.23906707763672,486.6336669921875,811.9531860351562,-1,-1,-1,-1
570,9,-3.4705543518066406,42.67767333984375,453.41986083984375,885.6336669921875,-1,-1,-1,-1
571,9,-3.174409866333008,54.83153533935547,434.4676208496094,816.4773559570312,-1,-1,-1,-1
572,9,-3.5014171600341797,123.34635925292969,399.725341796875,648.1075439453125,-1,-1,-1,-1
573,9,1.5511245727539062,211.35360717773438,387.23406982421875,485.3232727050781,-1,-1,-1,-1
574,9,1.0951061248779297,298.4880676269531,352.9732971191406,378.3640441894531,-1,-1,-1,-1
575,9,-3.461228370666504,303.6155090332031,339.6189270019531,396.5541076660156,-1,-1,-1,-1
576,9,-5.178520202636719,360.76190185546875,323.7916564941406,327.58526611328125,-1,-1,-1,-1
577,9,-0.20170879364013672,370.2296142578125,316.930908203125,369.74835205078125,-1,-1,-1,-1
578,9,2.4000930786132812,389.5059814453125,265.9981689453125,335.6341552734375,-1,-1,-1,-1
579,9,3.631699562072754,409.2345886230469,241.58778381347656,378.6049499511719,-1,-1,-1,-1
580,9,-0.2907724380493164,442.0868835449219,268.7652587890625,389.9216003417969,-1,-1,-1,-1
581,9,-0.061923980712890625,410.4437255859375,267.5408020019531,426.98309326171875,-1,-1,-1,-1
582,9,-0.08262157440185547,400.1986083984375,284.4008483886719,445.1055908203125,-1,-1,-1,-1
583,9,-2.5771799087524414,439.3564453125,269.5321044921875,417.955322265625,-1,-1,-1,-1
584,9,0.8060007095336914,448.0224609375,268.7371520996094,391.7996826171875,-1,-1,-1,-1
585,9,0.064422607421875,471.1950378417969,293.5596618652344,388.8246765136719,-1,-1,-1,-1
586,9,2.600250244140625,488.3685302734375,292.4408874511719,370.87457275390625,-1,-1,-1,-1
587,9,3.776005744934082,514.6871337890625,281.75103759765625,361.86932373046875,-1,-1,-1,-1
588,9,3.962294578552246,542.1437377929688,288.1148681640625,394.36383056640625,-1,-1,-1,-1
589,9,5.372804641723633,525.0094604492188,297.5551452636719,489.52227783203125,-1,-1,-1,-1
590,9,6.9542036056518555,556.868408203125,324.789794921875,449.51904296875,-1,-1,-1,-1
591,9,6.25247859954834,587.516845703125,281.0706787109375,343.10772705078125,-1,-1,-1,-1
592,9,0.6501760482788086,608.5360107421875,262.75091552734375,319.24920654296875,-1,-1,-1,-1
593,9,3.1757545471191406,601.068603515625,270.93646240234375,308.1097412109375,-1,-1,-1,-1
594,9,1.202580451965332,596.4015502929688,256.7160339355469,338.39630126953125,-1,-1,-1,-1
595,9,3.9441041946411133,589.9938354492188,286.9150085449219,336.90240478515625,-1,-1,-1,-1
596,9,3.303569793701172,574.8885498046875,276.6335144042969,355.01666259765625,-1,-1,-1,-1
597,9,0.6005458831787109,560.3328857421875,264.102783203125,364.51123046875,-1,-1,-1,-1
598,9,-0.3830881118774414,538.9942016601562,252.6250762939453,401.1810302734375,-1,-1,-1,-1
599,9,-0.5261144638061523,499.8961486816406,221.81166076660156,413.0890808105469,-1,-1,-1,-1
600,9,0.7124576568603516,450.2618103027344,231.50375366210938,442.7471008300781,-1,-1,-1,-1
601,9,0.6375875473022461,375.7635498046875,246.9282684326172,528.6787109375,-1,-1,-1,-1
482,10,976.150634765625,417.2313232421875,433.218994140625,536.1433715820312,-1,-1,-1,-1
483,10,920.4840087890625,387.0776672363281,486.91064453125,560.709228515625,-1,-1,-1,-1
484,10,954.10546875,358.19232177734375,453.0751953125,585.2408447265625,-1,-1,-1,-1
485,10,922.285888671875,315.9147644042969,487.41064453125,629.3817138671875,-1,-1,-1,-1
486,10,876.201416015625,342.6741638183594,535.658447265625,625.2987060546875,-1,-1,-1,-1
487,10,867.9032592773438,324.0511169433594,543.3972778320312,650.5997314453125,-1,-1,-1,-1
488,10,877.7086791992188,261.4971618652344,535.3143920898438,737.0255126953125,-1,-1,-1,-1
489,10,846.5231323242188,173.39175415039062,564.2526245117188,837.2261962890625,-1,-1,-1,-1
490,10,838.0243530273438,170.8285675048828,571.3014526367188,854.1163940429688,-1,-1,-1,-1
491,10,861.5718994140625,205.92355346679688,546.528076171875,846.4801025390625,-1,-1,-1,-1
492,10,856.7778930664062,275.0524597167969,547.6884155273438,812.177978515625,-1,-1,-1,-1
493,10,888.7459716796875,401.9402770996094,498.2103271484375,722.3470458984375,-1,-1,-1,-1
494,10,882.261962890625,380.6763610839844,486.2540283203125,788.97119140625,-1,-1,-1,-1
495,10,870.4572143554688,422.6767578125,521.0770874023438,778.8634033203125,-1,-1,-1,-1
496,10,876.59521484375,429.95941162109375,512.829345703125,779.3831176757812,-1,-1,-1,-1
497,10,882.547607421875,435.8870544433594,516.3408203125,768.4873046875,-1,-1,-1,-1
498,10,890.3890380859375,436.4688415527344,508.2476806640625,755.6259765625,-1,-1,-1,-1
499,10,896.4881591796875,457.9456787109375,510.8238525390625,723.97802734375,-1,-1,-1,-1
500,10,908.4075317382812,509.35430908203125,496.02252197265625,666.9992065429688,-1,-1,-1,-1
501,10,901.9578247070312,517.2522583007812,501.27288818359375,658.2859497070312,-1,-1,-1,-1
502,10,899.7426147460938,542.0863037109375,499.97662353515625,633.5560302734375,-1,-1,-1,-1
503,10,904.04638671875,562.4568481445312,496.9302978515625,620.4328002929688,-1,-1,-1,-1
504,10,906.75,582.9795532226562,496.8243408203125,628.4506225585938,-1,-1,-1,-1
505,10,899.69580078125,600.21484375,507.078125,631.737548828125,-1,-1,-1,-1
506,10,903.9154052734375,615.8436889648438,503.50927734375,707.9414672851562,-1,-1,-1,-1
507,10,908.8656005859375,631.2513427734375,499.8673095703125,697.7916259765625,-1,-1,-1,-1
508,10,914.311767578125,645.2660522460938,491.748291015625,710.0059204101562,-1,-1,-1,-1
509,10,933.2025756835938,665.4251708984375,472.40081787109375,674.35986328125,-1,-1,-1,-1
510,10,946.8707275390625,673.2032470703125,459.1270751953125,629.8770751953125,-1,-1,-1,-1
511,10,929.5529174804688,681.1923828125,478.22186279296875,688.810791015625,-1,-1,-1,-1
512,10,894.765380859375,692.2265014648438,510.838134765625,715.8345336914062,-1,-1,-1,-1
513,10,905.653564453125,699.373046875,502.64306640625,708.578369140625,-1,-1,-1,-1
514,10,876.8010864257812,729.9234619140625,530.0015258789062,678.85791015625,-1,-1,-1,-1
515,10,868.6416015625,744.80078125,538.341552734375,664.8299560546875,-1,-1,-1,-1
516,10,862.6129760742188,762.2791748046875,543.6301879882812,646.8223876953125,-1,-1,-1,-1
517,10,866.865478515625,740.1175537109375,539.976318359375,670.0595703125,-1,-1,-1,-1
518,10,851.5499267578125,763.5965576171875,553.6199951171875,645.4249267578125,-1,-1,-1,-1
519,10,870.6498413085938,774.6954956054688,535.7306518554688,634.5712280273438,-1,-1,-1,-1
520,10,871.7597045898438,774.0220947265625,536.5372924804688,634.53662109375,-1,-1,-1,-1
521,10,825.5931396484375,772.3324584960938,581.69091796875,635.8016967773438,-1,-1,-1,-1
522,10,825.7236328125,774.5360107421875,581.2056884765625,635.544677734375,-1,-1,-1,-1
523,10,777.380615234375,946.1298828125,619.001953125,462.120849609375,-1,-1,-1,-1
524,10,758.9326782226562,972.3817749023438,640.3095092773438,435.73797607421875,-1,-1,-1,-1
525,10,773.2422485351562,1007.4745483398438,635.9400024414062,398.44708251953125,-1,-1,-1,-1
526,10,732.2625122070312,990.6454467773438,670.7273559570312,417.12213134765625,-1,-1,-1,-1
527,10,730.4081420898438,971.8538818359375,678.1098022460938,436.382568359375,-1,-1,-1,-1
528,10,679.6651611328125,903.0421142578125,726.6490478515625,505.14013671875,-1,-1,-1,-1
529,10,663.5910034179688,883.226806640625,739.7460327148438,524.09130859375,-1,-1,-1,-1
530,10,686.1092529296875,879.9012451171875,718.38330078125,527.0919189453125,-1,-1,-1,-1
531,10,675.7333984375,871.7432861328125,726.9296875,535.770751953125,-1,-1,-1,-1
532,10,646.5294189453125,862.4751586914062,756.6419677734375,544.3820190429688,-1,-1,-1,-1
533,10,628.0010375976562,893.243896484375,780.5728149414062,514.3443603515625,-1,-1,-1,-1
534,10,639.0888061523438,897.819091796875,769.0034790039062,510.2764892578125,-1,-1,-1,-1
535,10,675.347412109375,848.44677734375,729.0504150390625,559.7462158203125,-1,-1,-1,-1
536,10,642.13232421875,885.8838500976562,762.137451171875,522.7294311523438,-1,-1,-1,-1
537,10,659.5946044921875,901.5195922851562,731.2763671875,505.67901611328125,-1,-1,-1,-1
538,10,688.2958374023438,879.8373413085938,713.8511352539062,526.6433715820312,-1,-1,-1,-1
539,10,679.7449951171875,868.449462890625,715.5523681640625,537.778076171875,-1,-1,-1,-1
540,10,622.5181274414062,843.3622436523438,765.9618530273438,563.5237426757812,-1,-1,-1,-1
541,10,598.7178344726562,853.1721801757812,797.0311889648438,552.7363891601562,-1,-1,-1,-1
542,10,630.5680541992188,849.57373046875,770.2921752929688,556.813232421875,-1,-1,-1,-1
543,10,604.6340942382812,841.304931640625,796.7053833007812,565.931640625,-1,-1,-1,-1
544,10,618.4229125976562,848.0562133789062,778.7350463867188,557.9963989257812,-1,-1,-1,-1
545,10,643.6463623046875,840.169189453125,757.845947265625,566.6114501953125,-1,-1,-1,-1
546,10,655.23046875,829.628173828125,749.386474609375,577.2431640625,-1,-1,-1,-1
547,10,635.4918212890625,826.6411743164062,772.3006591796875,580.4683227539062,-1,-1,-1,-1
548,10,637.3496704101562,820.9600830078125,760.1668090820312,585.8743896484375,-1,-1,-1,-1
549,10,646.78125,841.3143310546875,753.118408203125,565.954345703125,-1,-1,-1,-1
550,10,605.4284057617188,840.4457397460938,788.3941040039062,566.5957641601562,-1,-1,-1,-1
551,10,575.4960327148438,837.5904541015625,815.5586547851562,569.6309814453125,-1,-1,-1,-1
552,10,585.4912719726562,832.5692749023438,809.8831176757812,574.6129760742188,-1,-1,-1,-1
553,10,628.9072875976562,831.3186645507812,766.3749389648438,576.0769653320312,-1,-1,-1,-1
554,10,576.830078125,824.4111328125,817.3931884765625,584.033203125,-1,-1,-1,-1
555,10,615.981201171875,805.525390625,777.9932861328125,602.8172607421875,-1,-1,-1,-1
556,10,649.86376953125,804.8934326171875,744.0252685546875,602.453369140625,-1,-1,-1,-1
557,10,631.5242919921875,784.9791870117188,755.95068359375,624.1989135742188,-1,-1,-1,-1
558,10,658.2322387695312,794.9375610351562,741.1531372070312,614.0604858398438,-1,-1,-1,-1
559,10,686.8163452148438,798.9019165039062,713.9307250976562,610.4461059570312,-1,-1,-1,-1
560,10,651.2612915039062,797.9684448242188,748.6631469726562,613.1972045898438,-1,-1,-1,-1
561,10,655.4119262695312,819.2417602539062,743.9024047851562,588.9002075195312,-1,-1,-1,-1
562,10,678.2070922851562,798.7280883789062,722.7622680664062,610.2955932617188,-1,-1,-1,-1
563,10,687.7728881835938,815.2708740234375,718.2819213867188,593.6124267578125,-1,-1,-1,-1
564,10,677.4182739257812,802.7741088867188,726.5043334960938,605.7328491210938,-1,-1,-1,-1
565,10,710.0616455078125,843.9513549804688,698.5595703125,565.1508178710938,-1,-1,-1,-1
566,10,629.9055786132812,851.7570190429688,774.5304565429688,556.2631225585938,-1,-1,-1,-1
567,10,677.2904663085938,903.1851196289062,728.1250610351562,503.39935302734375,-1,-1,-1,-1
568,10,654.810546875,941.7752685546875,740.2908935546875,464.7823486328125,-1,-1,-1,-1
569,10,664.9714965820312,885.2741088867188,702.9595336914062,524.1384887695312,-1,-1,-1,-1
570,10,673.3536987304688,872.591064453125,671.4534301757812,536.070068359375,-1,-1,-1,-1
571,10,624.8016967773438,791.64306640625,762.9072875976562,623.1959228515625,-1,-1,-1,-1
572,10,649.37255859375,860.285400390625,678.0294189453125,549.0938720703125,-1,-1,-1,-1
573,10,609.6821899414062,911.9104614257812,632.0759887695312,496.44366455078125,-1,-1,-1,-1
574,10,593.907470703125,958.7539672851562,669.1715087890625,450.64703369140625,-1,-1,-1,-1
575,10,567.6301879882812,1034.7490234375,668.7738647460938,373.3094482421875,-1,-1,-1,-1
576,10,551.7110595703125,1072.9267578125,669.6510009765625,334.5576171875,-1,-1,-1,-1
577,10,558.445068359375,1114.19580078125,638.82080078125,293.510009765625,-1,-1,-1,-1
578,10,580.1875,1103.3900146484375,639.9833984375,304.052978515625,-1,-1,-1,-1
579,10,550.343994140625,1088.3240966796875,713.04736328125,319.9134521484375,-1,-1,-1,-1
580,10,578.4967651367188,1006.4556884765625,706.5886840820312,402.1826171875,-1,-1,-1,-1
581,10,557.630126953125,890.619873046875,744.3115234375,516.685302734375,-1,-1,-1,-1
