1,1,863.3656005859375,555.1241455078125,134.840087890625,289.883544921875,-1,-1,-1,-1
2,1,857.3131103515625,553.9310913085938,125.718505859375,293.5135498046875,-1,-1,-1,-1
3,1,846.4354858398438,549.323486328125,128.4864501953125,298.0792236328125,-1,-1,-1,-1
4,1,834.9854736328125,577.3568725585938,124.82708740234375,271.67645263671875,-1,-1,-1,-1
5,1,814.8656616210938,551.4152221679688,132.10284423828125,301.1512451171875,-1,-1,-1,-1
6,1,802.33544921875,550.1074829101562,135.50262451171875,301.89227294921875,-1,-1,-1,-1
7,1,767.6036987304688,545.77587890625,125.91754150390625,297.7236328125,-1,-1,-1,-1
8,1,719.23681640625,539.8956298828125,126.2064208984375,292.34564208984375,-1,-1,-1,-1
9,1,663.755859375,548.0045166015625,131.03863525390625,281.17578125,-1,-1,-1,-1
10,1,615.5177612304688,552.47705078125,130.986572265625,281.38604736328125,-1,-1,-1,-1
11,1,578.227783203125,553.0399780273438,131.2308349609375,289.28070068359375,-1,-1,-1,-1
12,1,551.426025390625,552.3050537109375,128.88037109375,296.30352783203125,-1,-1,-1,-1
13,1,536.2288818359375,560.509033203125,123.93377685546875,286.98486328125,-1,-1,-1,-1
14,1,531.2059326171875,542.54150390625,121.5982666015625,303.072509765625,-1,-1,-1,-1
15,1,543.2425537109375,539.9735107421875,114.9996337890625,305.6800537109375,-1,-1,-1,-1
16,1,577.220947265625,546.6635131835938,105.7939453125,301.5753173828125,-1,-1,-1,-1
17,1,619.1531982421875,578.7802734375,104.27423095703125,270.1171875,-1,-1,-1,-1
18,1,640.9970703125,594.4396362304688,110.80853271484375,264.8026123046875,-1,-1,-1,-1
19,1,637.784423828125,560.4813842773438,136.12384033203125,302.9521484375,-1,-1,-1,-1
20,1,644.806396484375,559.6237182617188,152.661376953125,294.30364990234375,-1,-1,-1,-1
21,1,656.3806762695312,587.0366821289062,157.06707763671875,274.29718017578125,-1,-1,-1,-1
22,1,671.9904174804688,599.2412719726562,156.08331298828125,273.75628662109375,-1,-1,-1,-1
23,1,682.2579956054688,602.901611328125,153.3614501953125,276.614990234375,-1,-1,-1,-1
24,1,690.6799926757812,588.2299194335938,150.37750244140625,300.9420166015625,-1,-1,-1,-1
25,1,694.5279541015625,588.2720947265625,138.87969970703125,313.0162353515625,-1,-1,-1,-1
26,1,689.8010864257812,589.591552734375,128.3231201171875,319.30242919921875,-1,-1,-1,-1
27,1,678.6282958984375,597.917724609375,125.41168212890625,322.50433349609375,-1,-1,-1,-1
28,1,668.7766723632812,601.8055419921875,123.56719970703125,326.89306640625,-1,-1,-1,-1
29,1,663.3330078125,600.4699096679688,119.40362548828125,331.13031005859375,-1,-1,-1,-1
30,1,643.3444213867188,605.5071411132812,138.2227783203125,326.9891357421875,-1,-1,-1,-1
31,1,631.3489379882812,630.033447265625,153.06793212890625,298.16827392578125,-1,-1,-1,-1
32,1,626.0664672851562,606.1603393554688,156.55035400390625,324.01409912109375,-1,-1,-1,-1
33,1,628.6988525390625,605.5503540039062,148.9130859375,325.66766357421875,-1,-1,-1,-1
34,1,626.515625,600.4395141601562,133.37103271484375,327.96697998046875,-1,-1,-1,-1
35,1,611.3406982421875,602.6280517578125,117.43701171875,329.07562255859375,-1,-1,-1,-1
36,1,578.9848022460938,603.8821411132812,114.79400634765625,337.21917724609375,-1,-1,-1,-1
37,1,546.5804443359375,606.6793823242188,118.5205078125,338.27691650390625,-1,-1,-1,-1
38,1,524.1346435546875,602.3750610351562,120.90228271484375,341.2838134765625,-1,-1,-1,-1
39,1,498.603271484375,604.7655029296875,135.36181640625,341.6719970703125,-1,-1,-1,-1
40,1,454.52020263671875,612.986328125,175.19342041015625,339.02032470703125,-1,-1,-1,-1
41,1,429.6473388671875,613.2998046875,198.3831787109375,341.36993408203125,-1,-1,-1,-1
42,1,420.59185791015625,604.9974365234375,202.56085205078125,349.60113525390625,-1,-1,-1,-1
43,1,415.508544921875,611.9910278320312,196.483154296875,348.09332275390625,-1,-1,-1,-1
44,1,402.9283142089844,616.8087158203125,187.02053833007812,358.14703369140625,-1,-1,-1,-1
45,1,400.1493835449219,607.0252075195312,165.53231811523438,360.61383056640625,-1,-1,-1,-1
46,1,393.7667236328125,587.5844116210938,154.37542724609375,369.35809326171875,-1,-1,-1,-1
47,1,385.21795654296875,579.4262084960938,156.259033203125,378.486328125,-1,-1,-1,-1
48,1,376.6122131347656,575.6566162109375,158.09976196289062,388.33447265625,-1,-1,-1,-1
49,1,374.8832702636719,571.0426635742188,160.60391235351562,400.34869384765625,-1,-1,-1,-1
50,1,377.907470703125,572.5100708007812,162.485107421875,402.54583740234375,-1,-1,-1,-1
51,1,372.5587158203125,574.5458984375,167.873779296875,409.4327392578125,-1,-1,-1,-1
52,1,377.59674072265625,576.240478515625,163.66558837890625,413.7825927734375,-1,-1,-1,-1
53,1,381.726806640625,577.026123046875,158.181884765625,415.17816162109375,-1,-1,-1,-1
54,1,386.09844970703125,576.67919921875,150.67816162109375,416.430908203125,-1,-1,-1,-1
55,1,376.4048767089844,576.358642578125,153.70559692382812,418.332763671875,-1,-1,-1,-1
56,1,372.367919921875,572.793212890625,157.53656005859375,420.4747314453125,-1,-1,-1,-1
57,1,374.7596740722656,574.5468139648438,155.07131958007812,418.9566650390625,-1,-1,-1,-1
58,1,377.58123779296875,578.5036010742188,147.95037841796875,417.69195556640625,-1,-1,-1,-1
59,1,358.4999084472656,588.742919921875,178.51339721679688,410.7486572265625,-1,-1,-1,-1
60,1,333.91229248046875,595.3189697265625,209.80859375,408.82080078125,-1,-1,-1,-1
61,1,332.8739318847656,607.0243530273438,213.39047241210938,401.18121337890625,-1,-1,-1,-1
62,1,340.5941467285156,603.967041015625,210.19564819335938,404.6036376953125,-1,-1,-1,-1
63,1,349.60028076171875,595.3243408203125,200.10333251953125,410.7271728515625,-1,-1,-1,-1
64,1,345.46551513671875,591.8180541992188,192.22772216796875,410.613037109375,-1,-1,-1,-1
65,1,335.73345947265625,589.2048950195312,182.6331787109375,415.53179931640625,-1,-1,-1,-1
66,1,325.651611328125,588.6499633789062,165.79388427734375,425.42852783203125,-1,-1,-1,-1
67,1,311.1427001953125,589.9947509765625,155.64813232421875,436.4249267578125,-1,-1,-1,-1
68,1,284.533447265625,596.9161987304688,171.89141845703125,451.35711669921875,-1,-1,-1,-1
69,1,255.62911987304688,597.056396484375,188.88107299804688,458.401611328125,-1,-1,-1,-1
70,1,242.2880401611328,575.45751953125,200.56263732910156,464.027587890625,-1,-1,-1,-1
71,1,240.07376098632812,534.76025390625,206.3370361328125,468.51495361328125,-1,-1,-1,-1
72,1,239.42706298828125,503.9465637207031,195.52581787109375,461.4996032714844,-1,-1,-1,-1
73,1,262.3932800292969,490.0894470214844,175.552978515625,455.7778625488281,-1,-1,-1,-1
74,1,321.17462158203125,489.2714538574219,166.25473022460938,441.9548645019531,-1,-1,-1,-1
75,1,411.4256286621094,504.6777648925781,164.62557983398438,428.3362731933594,-1,-1,-1,-1
76,1,521.558837890625,535.0659790039062,161.57391357421875,411.7606201171875,-1,-1,-1,-1
77,1,609.8648681640625,558.5625610351562,182.47930908203125,401.85565185546875,-1,-1,-1,-1
78,1,671.9509887695312,555.9992065429688,213.22601318359375,413.51007080078125,-1,-1,-1,-1
79,1,729.3609619140625,535.2857055664062,227.84844970703125,421.61102294921875,-1,-1,-1,-1
80,1,769.9649047851562,506.55938720703125,228.43408203125,422.3421630859375,-1,-1,-1,-1
81,1,770.9275512695312,493.90545654296875,224.76617431640625,416.74029541015625,-1,-1,-1,-1
82,1,779.0440673828125,504.6188049316406,200.985595703125,413.7148132324219,-1,-1,-1,-1
83,1,809.83251953125,515.9771728515625,177.40447998046875,416.29266357421875,-1,-1,-1,-1
84,1,838.8211669921875,529.0943603515625,157.4654541015625,408.30914306640625,-1,-1,-1,-1
85,1,829.4191284179688,535.5283203125,155.45550537109375,400.28472900390625,-1,-1,-1,-1
86,1,793.6556396484375,542.0497436523438,160.45751953125,389.5064697265625,-1,-1,-1,-1
87,1,744.9689331054688,540.300537109375,166.19268798828125,383.60699462890625,-1,-1,-1,-1
88,1,690.2547607421875,541.87451171875,179.92840576171875,383.326904296875,-1,-1,-1,-1
89,1,665.3109741210938,543.0093383789062,169.96490478515625,384.9791259765625,-1,-1,-1,-1
90,1,656.29150390625,549.9692993164062,154.1446533203125,381.584228515625,-1,-1,-1,-1
91,1,620.8082275390625,552.2569580078125,148.35003662109375,385.97857666015625,-1,-1,-1,-1
92,1,579.998291015625,560.9327392578125,132.503173828125,385.2216796875,-1,-1,-1,-1
93,1,506.15966796875,558.9521484375,128.0760498046875,396.2386474609375,-1,-1,-1,-1
94,1,423.1572570800781,559.8502197265625,139.87930297851562,404.90777587890625,-1,-1,-1,-1
95,1,364.77447509765625,558.489990234375,157.36346435546875,415.7415771484375,-1,-1,-1,-1
96,1,313.7286682128906,556.4581298828125,191.38418579101562,418.11962890625,-1,-1,-1,-1
97,1,278.77728271484375,559.0013427734375,218.736572265625,411.02960205078125,-1,-1,-1,-1
98,1,270.7320556640625,563.9720458984375,226.5810546875,411.40557861328125,-1,-1,-1,-1
99,1,279.7209167480469,568.3221435546875,222.152099609375,406.93768310546875,-1,-1,-1,-1
100,1,286.5959167480469,569.0596313476562,222.96102905273438,402.94952392578125,-1,-1,-1,-1
101,1,298.13397216796875,571.1098022460938,214.41668701171875,395.30609130859375,-1,-1,-1,-1
102,1,318.0470275878906,572.2478637695312,198.81369018554688,390.2628173828125,-1,-1,-1,-1
103,1,316.9091796875,572.576171875,178.94668579101562,393.2607421875,-1,-1,-1,-1
104,1,302.7325134277344,583.8196411132812,195.81924438476562,398.90521240234375,-1,-1,-1,-1
105,1,288.0318908691406,590.3030395507812,221.91180419921875,409.4031982421875,-1,-1,-1,-1
106,1,278.08856201171875,597.8994750976562,242.5174560546875,416.25537109375,-1,-1,-1,-1
107,1,276.99444580078125,596.3812866210938,250.42279052734375,412.5367431640625,-1,-1,-1,-1
108,1,277.4220275878906,588.261474609375,253.69937133789062,405.951904296875,-1,-1,-1,-1
109,1,290.7477722167969,591.28271484375,246.95101928710938,396.01776123046875,-1,-1,-1,-1
110,1,303.7000427246094,590.57373046875,230.46463012695312,391.0838623046875,-1,-1,-1,-1
111,1,326.85369873046875,591.0419311523438,185.00030517578125,382.1593017578125,-1,-1,-1,-1
112,1,340.3980712890625,587.13720703125,144.84201049804688,381.61669921875,-1,-1,-1,-1
113,1,338.5601806640625,580.82568359375,142.18441772460938,381.2066650390625,-1,-1,-1,-1
114,1,339.6142578125,574.5765991210938,148.78509521484375,376.13311767578125,-1,-1,-1,-1
115,1,325.9350280761719,569.8836059570312,182.0450439453125,376.93646240234375,-1,-1,-1,-1
116,1,322.5854797363281,568.8699951171875,208.70394897460938,382.468505859375,-1,-1,-1,-1
117,1,344.503662109375,570.8030395507812,212.64495849609375,388.09423828125,-1,-1,-1,-1
118,1,389.6744689941406,571.93603515625,202.49935913085938,373.54241943359375,-1,-1,-1,-1
119,1,442.2561340332031,572.672119140625,184.06802368164062,365.07708740234375,-1,-1,-1,-1
120,1,473.2897644042969,565.8646240234375,179.72042846679688,361.63812255859375,-1,-1,-1,-1
121,1,506.1409606933594,547.935546875,165.00820922851562,359.61566162109375,-1,-1,-1,-1
122,1,529.8777465820312,535.5847778320312,165.3033447265625,359.13885498046875,-1,-1,-1,-1
123,1,549.0130615234375,538.8812255859375,187.14251708984375,363.84844970703125,-1,-1,-1,-1
124,1,571.677978515625,546.2532348632812,204.100830078125,360.8035888671875,-1,-1,-1,-1
125,1,595.3416748046875,546.9268798828125,212.6746826171875,363.22802734375,-1,-1,-1,-1
126,1,601.915283203125,550.5616455078125,215.98858642578125,363.5118408203125,-1,-1,-1,-1
127,1,599.0345458984375,561.3228149414062,206.82373046875,364.47955322265625,-1,-1,-1,-1
128,1,601.6920166015625,578.4343872070312,199.893310546875,366.76226806640625,-1,-1,-1,-1
129,1,604.9046630859375,600.4766845703125,190.50567626953125,362.74884033203125,-1,-1,-1,-1
130,1,612.2938232421875,615.4296264648438,165.4609375,362.84857177734375,-1,-1,-1,-1
131,1,621.0630493164062,615.4285888671875,144.419189453125,368.2257080078125,-1,-1,-1,-1
132,1,619.3268432617188,612.7107543945312,140.46697998046875,369.78179931640625,-1,-1,-1,-1
133,1,608.2431030273438,605.7003173828125,149.4847412109375,371.38275146484375,-1,-1,-1,-1
134,1,579.2437133789062,590.94775390625,169.12933349609375,371.875732421875,-1,-1,-1,-1
135,1,532.25830078125,588.9552612304688,186.386962890625,373.42138671875,-1,-1,-1,-1
136,1,481.7343444824219,588.927490234375,208.04330444335938,389.98162841796875,-1,-1,-1,-1
137,1,449.05462646484375,591.8054809570312,214.3929443359375,398.69287109375,-1,-1,-1,-1
138,1,431.76776123046875,593.0026245117188,208.50775146484375,398.40069580078125,-1,-1,-1,-1
139,1,416.9704284667969,591.2877807617188,201.47122192382812,400.4166259765625,-1,-1,-1,-1
140,1,402.4421691894531,588.9283447265625,195.00942993164062,404.830322265625,-1,-1,-1,-1
141,1,380.657958984375,587.5238037109375,191.30841064453125,406.46685791015625,-1,-1,-1,-1
142,1,358.70867919921875,586.6153564453125,191.28582763671875,409.1220703125,-1,-1,-1,-1
143,1,329.92901611328125,584.7608642578125,227.9549560546875,414.5791015625,-1,-1,-1,-1
144,1,300.416748046875,587.0853271484375,269.434814453125,428.67822265625,-1,-1,-1,-1
145,1,269.689453125,592.2809448242188,305.457275390625,440.04937744140625,-1,-1,-1,-1
146,1,248.3944091796875,586.5204467773438,328.5372314453125,442.32379150390625,-1,-1,-1,-1
147,1,244.54385375976562,569.2496337890625,323.3844909667969,447.77227783203125,-1,-1,-1,-1
148,1,253.00985717773438,558.7947387695312,314.9141540527344,444.4527587890625,-1,-1,-1,-1
149,1,263.6046447753906,562.2726440429688,295.7985534667969,439.7042236328125,-1,-1,-1,-1
150,1,281.31976318359375,566.9993286132812,259.13116455078125,435.05401611328125,-1,-1,-1,-1
151,1,295.0987548828125,569.5184326171875,212.32745361328125,434.52264404296875,-1,-1,-1,-1
152,1,304.7086181640625,579.1597900390625,164.36416625976562,426.5570068359375,-1,-1,-1,-1
153,1,318.481689453125,599.35009765625,156.9908447265625,402.97247314453125,-1,-1,-1,-1
154,1,319.2389221191406,605.9818725585938,169.9000244140625,392.68634033203125,-1,-1,-1,-1
155,1,292.3031921386719,574.6176147460938,214.78564453125,415.6900634765625,-1,-1,-1,-1
156,1,278.1927490234375,582.8267822265625,241.3935546875,396.5068359375,-1,-1,-1,-1
157,1,290.63775634765625,577.2200927734375,248.51666259765625,395.78765869140625,-1,-1,-1,-1
158,1,293.3671875,587.6160278320312,258.1513671875,383.683349609375,-1,-1,-1,-1
159,1,301.30816650390625,593.0885009765625,243.43499755859375,380.1856689453125,-1,-1,-1,-1
160,1,309.6806640625,580.0810546875,212.10595703125,396.78009033203125,-1,-1,-1,-1
161,1,287.93133544921875,570.5466918945312,206.19232177734375,407.00970458984375,-1,-1,-1,-1
162,1,286.302978515625,567.8115234375,181.79336547851562,410.82421875,-1,-1,-1,-1
163,1,287.4366455078125,568.53662109375,164.72018432617188,422.49725341796875,-1,-1,-1,-1
164,1,281.4647216796875,574.6885375976562,198.61697387695312,432.2728271484375,-1,-1,-1,-1
165,1,277.08868408203125,579.7861328125,233.4808349609375,438.848388671875,-1,-1,-1,-1
166,1,271.0191345214844,579.947265625,264.7063903808594,440.28564453125,-1,-1,-1,-1
167,1,283.48834228515625,578.9051513671875,280.1697998046875,439.58306884765625,-1,-1,-1,-1
168,1,333.60162353515625,579.3173828125,270.65130615234375,430.31591796875,-1,-1,-1,-1
169,1,405.50262451171875,581.1051635742188,246.32354736328125,421.20159912109375,-1,-1,-1,-1
170,1,470.50909423828125,575.9523315429688,213.1053466796875,410.01416015625,-1,-1,-1,-1
171,1,507.3667907714844,565.583984375,177.28897094726562,410.1885986328125,-1,-1,-1,-1
172,1,520.9013671875,564.3955688476562,141.250732421875,409.1427001953125,-1,-1,-1,-1
173,1,523.3832397460938,569.604736328125,138.4061279296875,404.77276611328125,-1,-1,-1,-1
174,1,517.96044921875,578.3234252929688,167.6968994140625,399.48175048828125,-1,-1,-1,-1
175,1,512.1814270019531,590.9462890625,203.71658325195312,397.485595703125,-1,-1,-1,-1
176,1,524.8641967773438,604.0501098632812,219.6273193359375,395.729736328125,-1,-1,-1,-1
177,1,551.0829467773438,609.1100463867188,218.102783203125,394.86968994140625,-1,-1,-1,-1
178,1,578.4411010742188,607.0751953125,214.17144775390625,397.59942626953125,-1,-1,-1,-1
179,1,602.8243408203125,606.8596801757812,198.59649658203125,394.04510498046875,-1,-1,-1,-1
180,1,622.5712280273438,594.4063110351562,176.765869140625,393.0723876953125,-1,-1,-1,-1
181,1,635.9794921875,592.70654296875,155.11029052734375,383.2303466796875,-1,-1,-1,-1
182,1,641.5694580078125,596.0697631835938,142.29656982421875,375.79730224609375,-1,-1,-1,-1
183,1,641.9666748046875,606.2920532226562,133.04180908203125,371.52191162109375,-1,-1,-1,-1
184,1,642.884033203125,624.32080078125,144.98223876953125,370.2711181640625,-1,-1,-1,-1
185,1,640.7113647460938,639.9992065429688,167.689697265625,372.55511474609375,-1,-1,-1,-1
186,1,640.9188232421875,652.7511596679688,181.6033935546875,369.83990478515625,-1,-1,-1,-1
187,1,641.8472290039062,657.679931640625,193.4134521484375,368.6339111328125,-1,-1,-1,-1
188,1,650.0713500976562,652.1331787109375,188.14263916015625,368.10870361328125,-1,-1,-1,-1
189,1,665.2409057617188,641.9179077148438,170.8729248046875,364.22601318359375,-1,-1,-1,-1
190,1,673.784912109375,634.2335205078125,145.465087890625,359.743408203125,-1,-1,-1,-1
191,1,667.890625,626.3844604492188,120.70806884765625,363.5975341796875,-1,-1,-1,-1
192,1,643.7523803710938,617.5383911132812,116.36724853515625,369.98004150390625,-1,-1,-1,-1
193,1,630.27099609375,600.3355712890625,118.05389404296875,369.13543701171875,-1,-1,-1,-1
194,1,611.9500732421875,590.5527954101562,139.609375,368.07049560546875,-1,-1,-1,-1
195,1,591.0533447265625,601.0364990234375,172.1544189453125,359.89312744140625,-1,-1,-1,-1
196,1,583.589111328125,608.10302734375,191.48028564453125,358.77496337890625,-1,-1,-1,-1
197,1,590.8796997070312,607.928955078125,193.72894287109375,367.685791015625,-1,-1,-1,-1
198,1,601.1268920898438,618.4287719726562,192.43707275390625,363.2049560546875,-1,-1,-1,-1
199,1,607.8736572265625,620.1396484375,174.453857421875,362.23272705078125,-1,-1,-1,-1
200,1,596.668701171875,621.4967041015625,154.3289794921875,354.32666015625,-1,-1,-1,-1
201,1,566.1376953125,595.2037353515625,126.61590576171875,361.47845458984375,-1,-1,-1,-1
202,1,533.0513305664062,584.6434326171875,107.897705078125,357.62835693359375,-1,-1,-1,-1
203,1,477.79107666015625,574.7332763671875,140.80426025390625,364.01275634765625,-1,-1,-1,-1
204,1,456.48065185546875,574.5466918945312,157.95556640625,364.54400634765625,-1,-1,-1,-1
205,1,416.29046630859375,573.6871948242188,182.32965087890625,364.47027587890625,-1,-1,-1,-1
206,1,379.63446044921875,577.8120727539062,209.916015625,364.1427001953125,-1,-1,-1,-1
207,1,375.506591796875,584.7453002929688,201.083984375,361.30401611328125,-1,-1,-1,-1
208,1,359.6722412109375,589.21728515625,201.80389404296875,363.31817626953125,-1,-1,-1,-1
209,1,352.7258605957031,604.9506225585938,191.44638061523438,359.23956298828125,-1,-1,-1,-1
210,1,342.04010009765625,603.2938232421875,176.85040283203125,361.69091796875,-1,-1,-1,-1
211,1,327.6329040527344,602.508544921875,157.26626586914062,361.169921875,-1,-1,-1,-1
212,1,309.61785888671875,592.6798095703125,145.32211303710938,366.875244140625,-1,-1,-1,-1
213,1,285.177490234375,575.52783203125,147.04611206054688,370.79736328125,-1,-1,-1,-1
214,1,255.4369354248047,559.376953125,152.1267547607422,376.27984619140625,-1,-1,-1,-1
215,1,223.73057556152344,537.9432983398438,180.6420440673828,376.42132568359375,-1,-1,-1,-1
216,1,215.30419921875,533.1611938476562,196.040771484375,373.204345703125,-1,-1,-1,-1
217,1,222.2125701904297,537.5601196289062,200.0817413330078,372.870849609375,-1,-1,-1,-1
218,1,227.06576538085938,552.1039428710938,201.63787841796875,368.11895751953125,-1,-1,-1,-1
219,1,214.48419189453125,560.5545654296875,210.61532592773438,366.77923583984375,-1,-1,-1,-1
220,1,203.50640869140625,564.4710693359375,203.16848754882812,369.239501953125,-1,-1,-1,-1
221,1,202.81964111328125,572.932373046875,194.38690185546875,364.19769287109375,-1,-1,-1,-1
222,1,211.00527954101562,576.6427612304688,188.46124267578125,374.05657958984375,-1,-1,-1,-1
223,1,245.02529907226562,583.2227783203125,181.84347534179688,379.96978759765625,-1,-1,-1,-1
224,1,322.9862060546875,587.7914428710938,160.56814575195312,378.16778564453125,-1,-1,-1,-1
225,1,399.7727966308594,598.173583984375,144.93679809570312,368.844970703125,-1,-1,-1,-1
226,1,451.4462890625,603.321533203125,144.64208984375,366.1865234375,-1,-1,-1,-1
227,1,494.83502197265625,610.1423950195312,138.72735595703125,363.05548095703125,-1,-1,-1,-1
228,1,522.01953125,607.8125,143.038818359375,357.7127685546875,-1,-1,-1,-1
229,1,529.2133178710938,605.98974609375,156.10809326171875,355.4464111328125,-1,-1,-1,-1
230,1,537.195068359375,603.2523193359375,157.05462646484375,348.71759033203125,-1,-1,-1,-1
231,1,539.6982421875,598.8343505859375,153.71588134765625,349.3475341796875,-1,-1,-1,-1
232,1,538.3987426757812,597.0949096679688,144.71343994140625,349.97137451171875,-1,-1,-1,-1
233,1,536.8726196289062,595.9157104492188,137.88623046875,348.60565185546875,-1,-1,-1,-1
234,1,539.495849609375,595.9620971679688,129.26007080078125,349.80657958984375,-1,-1,-1,-1
235,1,542.2979125976562,590.2776489257812,129.25799560546875,357.80828857421875,-1,-1,-1,-1
236,1,547.585693359375,577.364501953125,137.7626953125,365.828369140625,-1,-1,-1,-1
237,1,550.1482543945312,572.2588500976562,151.58477783203125,365.85302734375,-1,-1,-1,-1
238,1,555.1663208007812,570.1197509765625,165.33526611328125,364.34661865234375,-1,-1,-1,-1
239,1,579.0681762695312,555.1146850585938,168.6068115234375,355.86029052734375,-1,-1,-1,-1
240,1,624.5458984375,536.4103393554688,166.951171875,351.8675537109375,-1,-1,-1,-1
241,1,693.4059448242188,526.1047973632812,154.30023193359375,353.3907470703125,-1,-1,-1,-1
242,1,755.4852294921875,529.8690185546875,143.9342041015625,355.7696533203125,-1,-1,-1,-1
243,1,817.1761474609375,549.6378173828125,143.7257080078125,346.86395263671875,-1,-1,-1,-1
244,1,870.3959350585938,545.8099975585938,173.99029541015625,362.01654052734375,-1,-1,-1,-1
245,1,920.9603271484375,560.4021606445312,197.416015625,363.615234375,-1,-1,-1,-1
246,1,964.6402587890625,560.4177856445312,218.520751953125,375.8414306640625,-1,-1,-1,-1
247,1,995.5747680664062,568.38818359375,236.99078369140625,379.98468017578125,-1,-1,-1,-1
248,1,1014.1842651367188,572.1917114257812,257.68829345703125,385.71014404296875,-1,-1,-1,-1
249,1,1033.2838134765625,572.1253662109375,270.2127685546875,390.8970947265625,-1,-1,-1,-1
250,1,1044.156982421875,564.9755859375,280.4456787109375,402.28631591796875,-1,-1,-1,-1
251,1,1059.237060546875,563.8851928710938,289.958251953125,403.81109619140625,-1,-1,-1,-1
252,1,1087.9549560546875,571.236083984375,272.9874267578125,407.7716064453125,-1,-1,-1,-1
253,1,1117.5291748046875,578.0341186523438,264.9718017578125,415.3409423828125,-1,-1,-1,-1
254,1,1138.365966796875,582.0425415039062,260.156005859375,424.1383056640625,-1,-1,-1,-1
255,1,1139.2347412109375,583.879150390625,264.760498046875,425.2506103515625,-1,-1,-1,-1
256,1,1153.3411865234375,583.8535766601562,255.690185546875,430.96624755859375,-1,-1,-1,-1
257,1,1153.1917724609375,584.3362426757812,255.6138916015625,431.400634765625,-1,-1,-1,-1
258,1,1117.1929931640625,559.9656982421875,250.3873291015625,440.19183349609375,-1,-1,-1,-1
259,1,1001.3674926757812,533.5213623046875,202.78497314453125,432.82421875,-1,-1,-1,-1
260,1,890.4188232421875,522.4168701171875,164.5162353515625,409.85809326171875,-1,-1,-1,-1
261,1,819.3358764648438,515.0302734375,149.33685302734375,398.33172607421875,-1,-1,-1,-1
262,1,788.4620971679688,504.78863525390625,148.53253173828125,397.371826171875,-1,-1,-1,-1
263,1,775.4385986328125,495.41094970703125,146.77349853515625,395.8865966796875,-1,-1,-1,-1
264,1,762.836669921875,497.93963623046875,152.8994140625,392.0821533203125,-1,-1,-1,-1
265,1,752.53955078125,492.17376708984375,164.16595458984375,400.2508544921875,-1,-1,-1,-1
266,1,732.576171875,491.71875,174.64666748046875,405.577880859375,-1,-1,-1,-1
267,1,722.357177734375,489.2208251953125,193.07000732421875,409.3948974609375,-1,-1,-1,-1
268,1,705.2012329101562,486.55780029296875,203.2794189453125,415.8409423828125,-1,-1,-1,-1
269,1,697.0689697265625,484.72320556640625,214.164794921875,422.58087158203125,-1,-1,-1,-1
270,1,693.7981567382812,491.48760986328125,218.4473876953125,427.67840576171875,-1,-1,-1,-1
271,1,688.97998046875,498.78314208984375,198.19244384765625,431.513671875,-1,-1,-1,-1
272,1,681.1707763671875,489.25445556640625,196.59478759765625,437.41778564453125,-1,-1,-1,-1
273,1,682.7140502929688,485.9889221191406,160.67791748046875,437.3949890136719,-1,-1,-1,-1
274,1,683.046630859375,483.158203125,152.192626953125,439.98187255859375,-1,-1,-1,-1
275,1,676.1024169921875,488.0572509765625,154.611083984375,439.22369384765625,-1,-1,-1,-1
276,1,671.247802734375,491.80316162109375,154.20928955078125,442.27996826171875,-1,-1,-1,-1
277,1,662.300537109375,492.9171142578125,172.17333984375,447.9967041015625,-1,-1,-1,-1
278,1,668.8507690429688,498.284912109375,181.5474853515625,447.4305419921875,-1,-1,-1,-1
279,1,678.8734741210938,499.11297607421875,193.81683349609375,448.64288330078125,-1,-1,-1,-1
280,1,689.08544921875,491.2772216796875,203.26080322265625,453.427001953125,-1,-1,-1,-1
281,1,704.067626953125,492.09320068359375,210.244384765625,453.83575439453125,-1,-1,-1,-1
282,1,721.2008056640625,491.47802734375,199.7125244140625,453.8619384765625,-1,-1,-1,-1
283,1,725.4978637695312,495.1819152832031,211.11517333984375,443.3792419433594,-1,-1,-1,-1
284,1,713.7922973632812,506.1734313964844,221.4471435546875,437.8592834472656,-1,-1,-1,-1
285,1,699.527099609375,515.42919921875,254.97454833984375,430.95751953125,-1,-1,-1,-1
286,1,692.3496704101562,517.4061279296875,242.269775390625,428.8768310546875,-1,-1,-1,-1
287,1,703.1220703125,516.1380615234375,219.1832275390625,427.2481689453125,-1,-1,-1,-1
288,1,705.7239990234375,512.6491394042969,203.615966796875,429.6829528808594,-1,-1,-1,-1
289,1,745.1590576171875,503.0467834472656,156.91937255859375,433.9502868652344,-1,-1,-1,-1
290,1,766.5245971679688,501.34893798828125,132.94952392578125,434.96875,-1,-1,-1,-1
291,1,773.505126953125,495.3712463378906,141.6080322265625,440.0533142089844,-1,-1,-1,-1
292,1,777.0067138671875,486.7813720703125,166.37646484375,442.025390625,-1,-1,-1,-1
293,1,794.1948852539062,487.57440185546875,181.04595947265625,442.7451171875,-1,-1,-1,-1
294,1,818.7982177734375,488.18865966796875,191.48614501953125,448.52471923828125,-1,-1,-1,-1
295,1,843.3917846679688,486.6772155761719,186.52667236328125,445.7284240722656,-1,-1,-1,-1
296,1,882.0858764648438,465.4393310546875,172.38238525390625,445.99517822265625,-1,-1,-1,-1
297,1,920.7067260742188,457.9896240234375,174.88397216796875,437.608642578125,-1,-1,-1,-1
298,1,958.961669921875,449.0145263671875,179.041015625,445.0721435546875,-1,-1,-1,-1
299,1,978.4927368164062,456.0564270019531,201.59686279296875,439.0440979003906,-1,-1,-1,-1
300,1,986.5759887695312,465.60931396484375,219.50079345703125,431.22662353515625,-1,-1,-1,-1
301,1,991.5570068359375,485.2279357910156,230.5216064453125,421.8347473144531,-1,-1,-1,-1
302,1,996.284912109375,499.2008361816406,231.423583984375,419.4948425292969,-1,-1,-1,-1
303,1,1004.0781860351562,502.7416076660156,222.33367919921875,418.7144470214844,-1,-1,-1,-1
304,1,1020.4224853515625,500.87896728515625,198.0728759765625,416.96099853515625,-1,-1,-1,-1
305,1,1031.112548828125,509.00225830078125,163.191162109375,410.152099609375,-1,-1,-1,-1
306,1,1036.8087158203125,516.628662109375,147.396240234375,407.65728759765625,-1,-1,-1,-1
307,1,1024.4306030273438,515.35791015625,148.98321533203125,407.66900634765625,-1,-1,-1,-1
308,1,1009.27587890625,511.7245178222656,150.6820068359375,405.1781921386719,-1,-1,-1,-1
309,1,996.5508422851562,513.2860107421875,179.01336669921875,401.3465576171875,-1,-1,-1,-1
310,1,984.1209106445312,514.45166015625,198.77557373046875,395.69549560546875,-1,-1,-1,-1
311,1,970.0017700195312,515.20166015625,203.27142333984375,389.32623291015625,-1,-1,-1,-1
312,1,961.5460205078125,517.3351440429688,191.14306640625,386.72998046875,-1,-1,-1,-1
313,1,956.8013305664062,521.3953857421875,166.12640380859375,376.7666015625,-1,-1,-1,-1
314,1,964.4349975585938,518.2125244140625,141.89154052734375,373.3685302734375,-1,-1,-1,-1
315,1,974.3505249023438,515.5588989257812,140.92803955078125,383.74700927734375,-1,-1,-1,-1
316,1,938.00927734375,519.3221435546875,155.7178955078125,387.33770751953125,-1,-1,-1,-1
317,1,881.051025390625,522.017578125,157.090087890625,380.25445556640625,-1,-1,-1,-1
318,1,832.6637573242188,521.4481811523438,177.71722412109375,370.6575927734375,-1,-1,-1,-1
319,1,820.4825439453125,524.7918090820312,189.501220703125,366.44866943359375,-1,-1,-1,-1
320,1,826.349853515625,523.5835571289062,185.19244384765625,361.84722900390625,-1,-1,-1,-1
321,1,833.2228393554688,520.1048583984375,179.2003173828125,363.89447021484375,-1,-1,-1,-1
322,1,851.3019409179688,517.4367065429688,164.18310546875,363.999267578125,-1,-1,-1,-1
323,1,878.7553100585938,511.7633972167969,141.413330078125,372.0188903808594,-1,-1,-1,-1
324,1,908.1813354492188,512.0335693359375,120.74957275390625,375.07568359375,-1,-1,-1,-1
325,1,932.4846801757812,519.1218872070312,110.74908447265625,374.18359375,-1,-1,-1,-1
326,1,940.2232666015625,531.2251586914062,121.547607421875,369.89544677734375,-1,-1,-1,-1
327,1,936.9090576171875,536.16845703125,154.481201171875,370.8656005859375,-1,-1,-1,-1
328,1,924.7374267578125,535.6227416992188,178.5755615234375,367.38861083984375,-1,-1,-1,-1
329,1,895.7219848632812,525.5922241210938,190.67181396484375,363.01116943359375,-1,-1,-1,-1
330,1,858.8935546875,520.0155639648438,187.858642578125,356.1741943359375,-1,-1,-1,-1
331,1,829.8394775390625,523.984130859375,167.23419189453125,347.96612548828125,-1,-1,-1,-1
332,1,818.3519287109375,520.6041259765625,141.9755859375,341.0574951171875,-1,-1,-1,-1
333,1,821.761962890625,520.4859619140625,112.80633544921875,330.98272705078125,-1,-1,-1,-1
334,1,821.9525146484375,525.2931518554688,108.16461181640625,330.6805419921875,-1,-1,-1,-1
335,1,811.410400390625,532.3648071289062,105.1395263671875,327.806884765625,-1,-1,-1,-1
336,1,795.4252319335938,541.9187622070312,125.0311279296875,321.29229736328125,-1,-1,-1,-1
337,1,783.0603637695312,556.5161743164062,141.5279541015625,311.236572265625,-1,-1,-1,-1
338,1,769.2093505859375,560.675537109375,149.30291748046875,309.1263427734375,-1,-1,-1,-1
339,1,762.4219970703125,565.686279296875,147.9884033203125,307.376708984375,-1,-1,-1,-1
340,1,763.8284301757812,572.216796875,136.7933349609375,309.39581298828125,-1,-1,-1,-1
341,1,765.228271484375,585.2745361328125,112.818603515625,304.89630126953125,-1,-1,-1,-1
342,1,774.604736328125,580.0419311523438,104.009033203125,309.32861328125,-1,-1,-1,-1
343,1,782.3209838867188,573.4290771484375,101.78240966796875,313.79656982421875,-1,-1,-1,-1
344,1,781.0940551757812,566.2760009765625,98.06085205078125,316.786865234375,-1,-1,-1,-1
345,1,775.3079833984375,558.923583984375,112.937255859375,312.1787109375,-1,-1,-1,-1
346,1,766.7646484375,564.2319946289062,137.86871337890625,300.57611083984375,-1,-1,-1,-1
347,1,761.5773315429688,551.78515625,151.97137451171875,314.0113525390625,-1,-1,-1,-1
348,1,757.2565307617188,544.5732421875,150.6650390625,322.5267333984375,-1,-1,-1,-1
349,1,761.5964965820312,557.4090576171875,138.54766845703125,312.64312744140625,-1,-1,-1,-1
350,1,772.2400512695312,571.50732421875,120.606689453125,303.669677734375,-1,-1,-1,-1
351,1,789.5524291992188,564.1541137695312,101.91229248046875,317.75689697265625,-1,-1,-1,-1
352,1,811.163330078125,564.2450561523438,97.4635009765625,329.63153076171875,-1,-1,-1,-1
353,1,816.5123901367188,565.8621826171875,110.4234619140625,336.93292236328125,-1,-1,-1,-1
354,1,816.530029296875,560.9589233398438,131.09759521484375,344.9066162109375,-1,-1,-1,-1
355,1,814.57763671875,560.7669067382812,160.58575439453125,340.24383544921875,-1,-1,-1,-1
356,1,805.3628540039062,560.8270263671875,180.940673828125,342.389892578125,-1,-1,-1,-1
357,1,798.8903198242188,570.3119506835938,174.537841796875,334.89520263671875,-1,-1,-1,-1
358,1,801.3770751953125,577.0589599609375,165.05364990234375,333.5047607421875,-1,-1,-1,-1
359,1,812.596923828125,584.5272216796875,145.2291259765625,332.96697998046875,-1,-1,-1,-1
360,1,820.8482666015625,588.19921875,119.58251953125,333.0169677734375,-1,-1,-1,-1
361,1,824.40771484375,588.77294921875,103.646484375,333.43548583984375,-1,-1,-1,-1
362,1,806.5667114257812,589.438720703125,103.66461181640625,330.22222900390625,-1,-1,-1,-1
363,1,776.781005859375,589.5776977539062,110.7481689453125,326.6507568359375,-1,-1,-1,-1
364,1,742.3790283203125,592.4628295898438,138.96258544921875,324.40679931640625,-1,-1,-1,-1
365,1,709.9694213867188,596.7391967773438,157.44232177734375,324.45867919921875,-1,-1,-1,-1
366,1,686.6887817382812,591.40087890625,161.87261962890625,325.2099609375,-1,-1,-1,-1
367,1,676.1712646484375,588.6137084960938,160.15521240234375,327.1429443359375,-1,-1,-1,-1
368,1,681.2967529296875,593.3364868164062,150.76171875,330.19244384765625,-1,-1,-1,-1
369,1,694.6129150390625,590.2059326171875,132.9024658203125,326.6868896484375,-1,-1,-1,-1
370,1,708.9571533203125,578.5755004882812,116.52783203125,325.94036865234375,-1,-1,-1,-1
371,1,715.2637329101562,573.89501953125,105.10186767578125,322.8349609375,-1,-1,-1,-1
372,1,713.4949951171875,567.4884033203125,111.76922607421875,325.30548095703125,-1,-1,-1,-1
373,1,712.2241821289062,565.0032958984375,141.8309326171875,321.91162109375,-1,-1,-1,-1
374,1,713.69287109375,567.813232421875,165.78009033203125,324.5150146484375,-1,-1,-1,-1
375,1,721.8018798828125,572.48291015625,173.54052734375,327.20391845703125,-1,-1,-1,-1
376,1,733.974853515625,573.3756103515625,180.5635986328125,328.752197265625,-1,-1,-1,-1
377,1,759.584716796875,569.565185546875,176.0609130859375,337.894287109375,-1,-1,-1,-1
378,1,807.7418823242188,565.9068603515625,165.8621826171875,343.6314697265625,-1,-1,-1,-1
379,1,861.0835571289062,561.73583984375,133.26605224609375,347.73577880859375,-1,-1,-1,-1
380,1,904.3116455078125,550.8675537109375,122.481689453125,358.0357666015625,-1,-1,-1,-1
381,1,930.0882568359375,556.92529296875,130.210205078125,357.92901611328125,-1,-1,-1,-1
382,1,945.8915405273438,557.14111328125,158.13592529296875,364.50604248046875,-1,-1,-1,-1
383,1,954.3089599609375,555.7107543945312,201.0113525390625,376.11785888671875,-1,-1,-1,-1
384,1,959.2955932617188,554.6500854492188,223.85211181640625,387.0003662109375,-1,-1,-1,-1
385,1,971.3429565429688,546.62109375,213.65557861328125,403.525146484375,-1,-1,-1,-1
386,1,986.3851318359375,543.5821533203125,208.6436767578125,400.6026611328125,-1,-1,-1,-1
387,1,1000.8304443359375,541.3351440429688,197.0078125,398.6968994140625,-1,-1,-1,-1
388,1,1019.4010620117188,541.9264526367188,191.46368408203125,399.5198974609375,-1,-1,-1,-1
389,1,1046.653564453125,533.8986206054688,196.1075439453125,407.89874267578125,-1,-1,-1,-1
390,1,1074.7333984375,526.430419921875,202.298583984375,411.73663330078125,-1,-1,-1,-1
391,1,1085.7437744140625,518.9281005859375,225.08203125,430.90618896484375,-1,-1,-1,-1
392,1,1075.2591552734375,520.1647338867188,262.4169921875,442.39801025390625,-1,-1,-1,-1
393,1,1059.992431640625,515.8583374023438,290.500244140625,443.59747314453125,-1,-1,-1,-1
394,1,1048.163330078125,504.2472229003906,303.2733154296875,446.5987243652344,-1,-1,-1,-1
395,1,1044.90869140625,500.4312438964844,295.0115966796875,444.5960998535156,-1,-1,-1,-1
396,1,1042.223876953125,494.98602294921875,275.4892578125,439.342041015625,-1,-1,-1,-1
397,1,1045.191650390625,500.3397521972656,240.5462646484375,431.5494079589844,-1,-1,-1,-1
398,1,1050.9410400390625,503.9635009765625,194.359130859375,428.2562255859375,-1,-1,-1,-1
399,1,1062.6513671875,515.242919921875,144.281982421875,423.2794189453125,-1,-1,-1,-1
400,1,1068.739990234375,519.8257446289062,146.8092041015625,427.6197509765625,-1,-1,-1,-1
401,1,1057.712646484375,527.0283203125,166.7464599609375,424.4378662109375,-1,-1,-1,-1
402,1,1050.62548828125,527.3785400390625,200.4425048828125,419.35528564453125,-1,-1,-1,-1
403,1,1039.4423828125,516.4736938476562,236.1826171875,416.7978515625,-1,-1,-1,-1
404,1,1021.0361328125,511.3519287109375,246.9771728515625,416.109375,-1,-1,-1,-1
405,1,1006.0286865234375,520.4727783203125,242.7467041015625,417.37109375,-1,-1,-1,-1
406,1,1001.2022094726562,530.3104248046875,228.24578857421875,407.928466796875,-1,-1,-1,-1
407,1,1004.616455078125,541.0939331054688,190.67041015625,401.229736328125,-1,-1,-1,-1
408,1,1006.5741577148438,537.5087890625,161.76031494140625,401.7117919921875,-1,-1,-1,-1
409,1,1008.455810546875,527.260986328125,153.8214111328125,411.65399169921875,-1,-1,-1,-1
410,1,995.9183959960938,527.2764892578125,151.06866455078125,415.67291259765625,-1,-1,-1,-1
411,1,940.305419921875,532.7296142578125,156.144775390625,409.35302734375,-1,-1,-1,-1
412,1,892.5166015625,527.633544921875,178.37451171875,405.7117919921875,-1,-1,-1,-1
413,1,864.0763549804688,526.2193603515625,195.28619384765625,404.103759765625,-1,-1,-1,-1
414,1,857.2727661132812,519.7250366210938,206.07073974609375,404.20770263671875,-1,-1,-1,-1
415,1,867.68994140625,514.0603637695312,203.510986328125,404.7022705078125,-1,-1,-1,-1
416,1,890.7208251953125,494.82843017578125,184.145751953125,410.29840087890625,-1,-1,-1,-1
417,1,912.5340576171875,476.84906005859375,160.8648681640625,413.04547119140625,-1,-1,-1,-1
418,1,923.63330078125,461.7768249511719,137.900634765625,414.1043395996094,-1,-1,-1,-1
419,1,934.2689819335938,463.06243896484375,130.72198486328125,414.134033203125,-1,-1,-1,-1
420,1,938.6964721679688,465.903564453125,158.86895751953125,418.6884765625,-1,-1,-1,-1
421,1,938.9783325195312,474.04498291015625,202.00494384765625,419.23931884765625,-1,-1,-1,-1
422,1,942.6063842773438,482.06085205078125,225.25994873046875,418.17596435546875,-1,-1,-1,-1
423,1,951.8308715820312,482.07501220703125,224.74688720703125,424.34112548828125,-1,-1,-1,-1
424,1,965.5777587890625,480.1813659667969,220.807373046875,427.9368591308594,-1,-1,-1,-1
425,1,975.9161987304688,479.6174011230469,210.52423095703125,425.0611267089844,-1,-1,-1,-1
426,1,992.0563354492188,461.33544921875,189.04388427734375,425.2591552734375,-1,-1,-1,-1
427,1,1003.32958984375,458.21514892578125,171.55419921875,426.02862548828125,-1,-1,-1,-1
428,1,1007.2235717773438,458.7551574707031,153.95074462890625,435.2154846191406,-1,-1,-1,-1
429,1,1016.06689453125,460.0039367675781,136.2540283203125,452.5925598144531,-1,-1,-1,-1
430,1,1016.3701782226562,474.5191650390625,156.71881103515625,457.240234375,-1,-1,-1,-1
431,1,1005.3887939453125,487.4336853027344,174.1060791015625,458.7340393066406,-1,-1,-1,-1
432,1,977.5331420898438,494.2855224609375,179.00103759765625,454.0606689453125,-1,-1,-1,-1
433,1,935.6979370117188,491.757080078125,179.76361083984375,449.70635986328125,-1,-1,-1,-1
434,1,910.6307983398438,491.54583740234375,170.61981201171875,444.19146728515625,-1,-1,-1,-1
435,1,895.496826171875,488.5460205078125,161.2371826171875,443.9075927734375,-1,-1,-1,-1
436,1,893.6798095703125,485.35223388671875,154.359375,447.71234130859375,-1,-1,-1,-1
437,1,883.7135620117188,483.82574462890625,168.51605224609375,447.33740234375,-1,-1,-1,-1
438,1,856.620849609375,456.3353271484375,183.4649658203125,451.0081787109375,-1,-1,-1,-1
439,1,813.1630859375,446.17083740234375,191.7257080078125,444.8311767578125,-1,-1,-1,-1
440,1,775.8367309570312,451.0553283691406,194.480224609375,440.6847839355469,-1,-1,-1,-1
441,1,740.5780639648438,455.625244140625,191.34283447265625,437.2176513671875,-1,-1,-1,-1
442,1,699.3594360351562,461.1562805175781,189.98291015625,433.4894714355469,-1,-1,-1,-1
443,1,654.46923828125,471.7509460449219,189.9930419921875,428.1377258300781,-1,-1,-1,-1
444,1,611.223876953125,471.0912170410156,194.624755859375,426.8513488769531,-1,-1,-1,-1
445,1,572.7762451171875,467.76934814453125,202.25,426.1141357421875,-1,-1,-1,-1
446,1,541.9075927734375,470.0816955566406,204.84539794921875,428.6087951660156,-1,-1,-1,-1
447,1,507.31591796875,465.1251220703125,207.5802001953125,432.2501220703125,-1,-1,-1,-1
448,1,472.8751220703125,447.6460266113281,208.06634521484375,438.9746398925781,-1,-1,-1,-1
449,1,446.6768798828125,445.6888732910156,202.51324462890625,441.1631774902344,-1,-1,-1,-1
450,1,424.6557922363281,455.9919738769531,198.63619995117188,439.1280822753906,-1,-1,-1,-1
451,1,413.10675048828125,502.2746887207031,184.5648193359375,403.7280578613281,-1,-1,-1,-1
452,1,374.0277404785156,477.77691650390625,204.81741333007812,438.89801025390625,-1,-1,-1,-1
453,1,337.7148742675781,487.2652587890625,216.72604370117188,451.4024658203125,-1,-1,-1,-1
454,1,302.9851379394531,489.61981201171875,228.59756469726562,457.63397216796875,-1,-1,-1,-1
455,1,285.1705017089844,506.13043212890625,223.79986572265625,444.81781005859375,-1,-1,-1,-1
456,1,239.61587524414062,501.7815246582031,247.75491333007812,458.0876159667969,-1,-1,-1,-1
457,1,214.50779724121094,506.9852294921875,255.3948516845703,463.459716796875,-1,-1,-1,-1
458,1,185.400146484375,521.3959350585938,268.9172058105469,462.99908447265625,-1,-1,-1,-1
459,1,165.4390411376953,540.1692504882812,268.111328125,454.02398681640625,-1,-1,-1,-1
460,1,133.0206298828125,543.9578247070312,274.59320068359375,462.31414794921875,-1,-1,-1,-1
461,1,104.44762420654297,549.1793823242188,273.6495361328125,465.7110595703125,-1,-1,-1,-1
462,1,72.9074478149414,551.6707763671875,301.0623779296875,470.660888671875,-1,-1,-1,-1
463,1,54.20423889160156,559.4404296875,324.2705078125,488.1126708984375,-1,-1,-1,-1
464,1,35.50456619262695,567.6677856445312,346.2481994628906,500.50164794921875,-1,-1,-1,-1
465,1,18.10964012145996,570.9817504882812,365.9203796386719,518.9463500976562,-1,-1,-1,-1
466,1,11.976585388183594,574.3683471679688,372.0889587402344,516.2271118164062,-1,-1,-1,-1
467,1,1.8027896881103516,583.1376953125,378.20379638671875,514.3426513671875,-1,-1,-1,-1
468,1,-15.915325164794922,583.3995361328125,348.7015380859375,518.18701171875,-1,-1,-1,-1
469,1,-6.835701942443848,569.6552124023438,271.7815246582031,529.5842895507812,-1,-1,-1,-1
470,1,-42.7502326965332,560.9124145507812,260.1143493652344,543.7581176757812,-1,-1,-1,-1
471,1,-28.370567321777344,555.4464721679688,260.664306640625,570.0812377929688,-1,-1,-1,-1
472,1,-50.982177734375,567.3137817382812,297.6678771972656,577.1682739257812,-1,-1,-1,-1
473,1,-62.08000183105469,574.7951049804688,323.3077392578125,585.9700317382812,-1,-1,-1,-1
474,1,-64.35365295410156,604.0125122070312,337.82904052734375,562.6206665039062,-1,-1,-1,-1
475,1,-62.00371551513672,626.7163696289062,346.20220947265625,544.3157348632812,-1,-1,-1,-1
476,1,-64.02836608886719,613.0035400390625,330.93914794921875,552.12548828125,-1,-1,-1,-1
477,1,-70.57545471191406,618.0645751953125,314.1009521484375,542.251953125,-1,-1,-1,-1
478,1,-30.49137306213379,613.03955078125,268.4992980957031,532.837890625,-1,-1,-1,-1
479,1,-3.494441032409668,604.0186767578125,284.7492370605469,518.4871826171875,-1,-1,-1,-1
480,1,23.408958435058594,601.0399780273438,301.8824462890625,526.8890991210938,-1,-1,-1,-1
481,1,49.407379150390625,614.097900390625,318.1266174316406,524.4869384765625,-1,-1,-1,-1
482,1,97.00060272216797,644.240234375,317.1824951171875,512.017822265625,-1,-1,-1,-1
483,1,111.13654327392578,658.1547241210938,328.58984375,505.85113525390625,-1,-1,-1,-1
484,1,96.78083801269531,662.9414672851562,338.95941162109375,499.51519775390625,-1,-1,-1,-1
485,1,88.81594848632812,665.2531127929688,328.98748779296875,490.01202392578125,-1,-1,-1,-1
486,1,71.65816497802734,655.911865234375,314.7392578125,484.7156982421875,-1,-1,-1,-1
487,1,55.956600189208984,653.3637084960938,283.2237548828125,480.68365478515625,-1,-1,-1,-1
488,1,52.7957649230957,658.115478515625,246.48377990722656,473.3994140625,-1,-1,-1,-1
489,1,32.02109909057617,670.954345703125,290.5303955078125,484.1253662109375,-1,-1,-1,-1
490,1,9.908147811889648,674.4029541015625,319.4513854980469,509.0528564453125,-1,-1,-1,-1
491,1,-2.9407567977905273,678.7665405273438,320.5216064453125,517.1389770507812,-1,-1,-1,-1
492,1,-8.750423431396484,671.4517211914062,302.3833312988281,519.3276977539062,-1,-1,-1,-1
493,1,-6.290305137634277,669.0944213867188,275.7165832519531,513.1979370117188,-1,-1,-1,-1
494,1,-45.76179122924805,663.6381225585938,297.469970703125,514.0202026367188,-1,-1,-1,-1
495,1,-49.60826110839844,669.3005981445312,284.77008056640625,500.92547607421875,-1,-1,-1,-1
496,1,-35.52108383178711,673.9439086914062,241.16404724121094,494.39837646484375,-1,-1,-1,-1
497,1,-37.83286666870117,675.344482421875,218.9095001220703,493.434326171875,-1,-1,-1,-1
498,1,-33.81340026855469,669.4598388671875,230.25294494628906,492.8905029296875,-1,-1,-1,-1
499,1,-22.00299835205078,668.8834228515625,229.90017700195312,490.5491943359375,-1,-1,-1,-1
500,1,-23.090572357177734,660.5707397460938,246.49513244628906,495.94305419921875,-1,-1,-1,-1
501,1,-8.46632194519043,649.5072631835938,254.59243774414062,508.37396240234375,-1,-1,-1,-1
502,1,-12.55640983581543,642.2023315429688,272.01605224609375,511.73028564453125,-1,-1,-1,-1
503,1,-8.833150863647461,648.3577270507812,286.6023864746094,502.92144775390625,-1,-1,-1,-1
504,1,-3.4410972595214844,665.89501953125,292.2691650390625,488.328857421875,-1,-1,-1,-1
505,1,-6.825326919555664,666.0653686523438,286.82403564453125,483.58489990234375,-1,-1,-1,-1
506,1,-4.316144943237305,663.040283203125,251.92955017089844,479.23291015625,-1,-1,-1,-1
507,1,-12.296520233154297,652.6307373046875,226.32167053222656,484.24853515625,-1,-1,-1,-1
508,1,-28.795989990234375,644.2676391601562,229.44564819335938,502.77032470703125,-1,-1,-1,-1
509,1,-29.265483856201172,636.8132934570312,242.5557403564453,520.1187133789062,-1,-1,-1,-1
510,1,-39.706626892089844,635.9348754882812,269.81640625,526.0272827148438,-1,-1,-1,-1
511,1,-51.56670379638672,624.4352416992188,296.9377746582031,531.0219116210938,-1,-1,-1,-1
512,1,-49.64398956298828,615.2380981445312,297.2856750488281,528.7129516601562,-1,-1,-1,-1
513,1,-61.294193267822266,601.3372192382812,297.05047607421875,527.0704956054688,-1,-1,-1,-1
514,1,-72.19034576416016,589.8294677734375,310.9912414550781,516.5640869140625,-1,-1,-1,-1
515,1,-21.66409683227539,592.2894287109375,254.27027893066406,489.947509765625,-1,-1,-1,-1
516,1,6.26345157623291,599.7787475585938,245.0706787109375,472.20941162109375,-1,-1,-1,-1
517,1,30.88361167907715,608.85302734375,257.6067810058594,449.965087890625,-1,-1,-1,-1
518,1,65.31535339355469,637.8271484375,256.1847381591797,418.0826416015625,-1,-1,-1,-1
519,1,78.14442443847656,626.9057006835938,279.08782958984375,419.58709716796875,-1,-1,-1,-1
520,1,100.64883422851562,610.648193359375,284.5302734375,434.624267578125,-1,-1,-1,-1
521,1,122.53701782226562,614.2675170898438,289.40911865234375,430.34259033203125,-1,-1,-1,-1
522,1,135.951416015625,608.5372314453125,285.92901611328125,420.2481689453125,-1,-1,-1,-1
523,1,168.61822509765625,614.0463256835938,255.61788940429688,395.66864013671875,-1,-1,-1,-1
524,1,168.64356994628906,593.7509765625,242.54783630371094,401.95281982421875,-1,-1,-1,-1
525,1,185.39808654785156,601.5972900390625,218.48548889160156,399.5489501953125,-1,-1,-1,-1
526,1,197.24755859375,610.6380004882812,201.45205688476562,404.102783203125,-1,-1,-1,-1
527,1,190.19332885742188,621.0797119140625,227.05447387695312,418.4161376953125,-1,-1,-1,-1
528,1,183.13568115234375,633.65771484375,238.07394409179688,423.1527099609375,-1,-1,-1,-1
529,1,162.32586669921875,626.2359008789062,249.82986450195312,432.58123779296875,-1,-1,-1,-1
530,1,147.37513732910156,623.4796142578125,253.8352508544922,430.68798828125,-1,-1,-1,-1
531,1,139.59323120117188,630.4387817382812,253.18161010742188,429.47186279296875,-1,-1,-1,-1
532,1,134.89385986328125,639.6693725585938,241.21994018554688,429.41912841796875,-1,-1,-1,-1
533,1,131.78921508789062,643.2273559570312,211.88882446289062,434.86505126953125,-1,-1,-1,-1
534,1,125.40628051757812,635.2214965820312,178.78384399414062,437.88702392578125,-1,-1,-1,-1
535,1,128.39681243896484,618.3463134765625,179.13870239257812,436.689208984375,-1,-1,-1,-1
536,1,160.37905883789062,596.84375,184.10693359375,439.181884765625,-1,-1,-1,-1
537,1,179.25132751464844,589.7817993164062,213.6604766845703,448.01177978515625,-1,-1,-1,-1
538,1,215.70645141601562,592.1920776367188,228.83734130859375,442.43096923828125,-1,-1,-1,-1
539,1,280.1880798339844,586.0911254882812,226.66207885742188,432.59722900390625,-1,-1,-1,-1
540,1,343.8693542480469,575.773193359375,217.22091674804688,416.0428466796875,-1,-1,-1,-1
541,1,399.28369140625,572.889404296875,198.02496337890625,400.82373046875,-1,-1,-1,-1
542,1,438.0970153808594,567.6271362304688,186.13211059570312,391.89813232421875,-1,-1,-1,-1
543,1,463.92498779296875,551.6087646484375,171.59588623046875,392.9586181640625,-1,-1,-1,-1
544,1,495.3739013671875,548.02392578125,156.1015625,388.5191650390625,-1,-1,-1,-1
545,1,547.6336059570312,544.6406860351562,167.3555908203125,390.47894287109375,-1,-1,-1,-1
546,1,610.7079467773438,538.3023681640625,200.47198486328125,394.26361083984375,-1,-1,-1,-1
547,1,657.8908081054688,545.88623046875,225.2171630859375,398.97015380859375,-1,-1,-1,-1
548,1,681.3985595703125,558.2383422851562,245.30841064453125,403.53228759765625,-1,-1,-1,-1
549,1,696.33154296875,585.87646484375,249.9107666015625,404.3829345703125,-1,-1,-1,-1
550,1,693.593994140625,605.09033203125,245.70953369140625,404.18707275390625,-1,-1,-1,-1
551,1,682.6900634765625,614.998779296875,221.65374755859375,400.810302734375,-1,-1,-1,-1
552,1,633.5905151367188,621.2200927734375,199.266845703125,397.0169677734375,-1,-1,-1,-1
553,1,532.5953369140625,625.983154296875,173.2880859375,400.2576904296875,-1,-1,-1,-1
554,1,421.484130859375,622.1802368164062,156.73040771484375,412.86468505859375,-1,-1,-1,-1
555,1,347.6053161621094,632.5210571289062,180.49240112304688,422.97943115234375,-1,-1,-1,-1
556,1,253.48773193359375,635.067626953125,218.88604736328125,437.4140625,-1,-1,-1,-1
557,1,148.06271362304688,631.3076171875,237.07199096679688,463.626708984375,-1,-1,-1,-1
558,1,49.498931884765625,623.7734985351562,268.1128845214844,478.15533447265625,-1,-1,-1,-1
559,1,12.831124305725098,605.353271484375,285.89630126953125,487.365478515625,-1,-1,-1,-1
560,1,5.808177947998047,612.7857666015625,294.4510498046875,482.214599609375,-1,-1,-1,-1
561,1,0.46901702880859375,616.2761840820312,285.50189208984375,474.46527099609375,-1,-1,-1,-1
562,1,-0.5281600952148438,614.0078735351562,273.8377990722656,474.68670654296875,-1,-1,-1,-1
563,1,0.5724945068359375,612.3767700195312,251.74607849121094,474.54486083984375,-1,-1,-1,-1
564,1,0.6213798522949219,613.7803955078125,216.85617065429688,470.72314453125,-1,-1,-1,-1
565,1,6.472567558288574,611.7577514648438,197.03656005859375,481.77423095703125,-1,-1,-1,-1
566,1,20.173450469970703,612.6871948242188,202.14730834960938,480.76239013671875,-1,-1,-1,-1
567,1,33.726619720458984,599.1416015625,212.03366088867188,484.7188720703125,-1,-1,-1,-1
568,1,38.372802734375,606.9037475585938,230.5491943359375,475.57965087890625,-1,-1,-1,-1
569,1,36.85407638549805,614.874755859375,252.0021209716797,471.0069580078125,-1,-1,-1,-1
570,1,43.18181228637695,617.5186767578125,245.8461151123047,467.626708984375,-1,-1,-1,-1
571,1,37.46930694580078,615.4638061523438,250.75213623046875,463.48895263671875,-1,-1,-1,-1
572,1,35.27112579345703,609.600341796875,268.5736999511719,462.5494384765625,-1,-1,-1,-1
573,1,28.378976821899414,606.835693359375,166.2133331298828,464.1300048828125,-1,-1,-1,-1
574,1,18.51534080505371,599.9063720703125,173.4919891357422,463.4661865234375,-1,-1,-1,-1
575,1,17.49085807800293,594.4531860351562,176.85952758789062,464.59332275390625,-1,-1,-1,-1
576,1,-4.504175186157227,594.6810913085938,199.9366455078125,463.49603271484375,-1,-1,-1,-1
577,1,-34.50620651245117,589.2625122070312,219.031982421875,468.20855712890625,-1,-1,-1,-1
578,1,-37.217098236083984,586.8634033203125,205.52899169921875,468.6156005859375,-1,-1,-1,-1
579,1,-80.61077117919922,557.079833984375,246.7913818359375,479.1700439453125,-1,-1,-1,-1
580,1,-90.40016174316406,561.9558715820312,259.666748046875,459.96429443359375,-1,-1,-1,-1
581,1,-55.15440368652344,545.8171997070312,225.24215698242188,466.868408203125,-1,-1,-1,-1
582,1,3.2406482696533203,543.7589111328125,193.470947265625,434.658935546875,-1,-1,-1,-1
583,1,69.07855224609375,540.818115234375,177.27293395996094,426.24322509765625,-1,-1,-1,-1
584,1,132.47036743164062,547.68017578125,155.15411376953125,417.48834228515625,-1,-1,-1,-1
585,1,173.25953674316406,557.4889526367188,144.6662139892578,408.490966796875,-1,-1,-1,-1
586,1,198.5337677001953,571.4134521484375,170.48692321777344,400.03692626953125,-1,-1,-1,-1
587,1,223.82061767578125,592.52587890625,184.08468627929688,382.110107421875,-1,-1,-1,-1
588,1,247.13119506835938,567.4486083984375,200.93545532226562,402.03326416015625,-1,-1,-1,-1
589,1,270.958984375,555.4840087890625,211.61080932617188,396.0457763671875,-1,-1,-1,-1
590,1,304.3486022949219,561.5206298828125,204.86160278320312,371.28253173828125,-1,-1,-1,-1
591,1,342.5239562988281,538.8622436523438,184.73806762695312,378.09075927734375,-1,-1,-1,-1
592,1,390.7179260253906,541.7360229492188,154.19296264648438,364.80767822265625,-1,-1,-1,-1
593,1,430.9705810546875,536.835693359375,123.84234619140625,359.19647216796875,-1,-1,-1,-1
594,1,453.6891174316406,526.677490234375,111.06472778320312,362.0399169921875,-1,-1,-1,-1
595,1,470.881103515625,519.2324829101562,111.8907470703125,358.7020263671875,-1,-1,-1,-1
596,1,482.94647216796875,517.1951904296875,119.82470703125,357.38079833984375,-1,-1,-1,-1
597,1,474.74615478515625,510.7825927734375,143.61260986328125,362.410400390625,-1,-1,-1,-1
598,1,462.4908752441406,508.043701171875,173.91061401367188,372.1435546875,-1,-1,-1,-1
599,1,475.5303039550781,507.5724792480469,180.71737670898438,376.5096740722656,-1,-1,-1,-1
600,1,500.74267578125,515.8068237304688,172.5455322265625,367.890380859375,-1,-1,-1,-1
601,1,521.513671875,512.9467163085938,163.49169921875,364.63067626953125,-1,-1,-1,-1
602,1,554.3484497070312,520.2298583984375,146.19854736328125,364.07843017578125,-1,-1,-1,-1
603,1,590.6204833984375,533.3561401367188,135.8038330078125,371.64422607421875,-1,-1,-1,-1
604,1,628.2949829101562,538.811279296875,136.0955810546875,385.8924560546875,-1,-1,-1,-1
605,1,655.9749145507812,543.7135620117188,145.61651611328125,389.36517333984375,-1,-1,-1,-1
606,1,680.8023071289062,543.91943359375,154.98419189453125,396.42724609375,-1,-1,-1,-1
607,1,702.70556640625,545.0032958984375,169.07373046875,400.07061767578125,-1,-1,-1,-1
608,1,733.4867553710938,545.3162841796875,170.057861328125,404.05224609375,-1,-1,-1,-1
609,1,774.7962646484375,538.753662109375,172.19757080078125,408.18292236328125,-1,-1,-1,-1
610,1,817.8994750976562,533.677734375,178.9058837890625,410.685546875,-1,-1,-1,-1
611,1,841.4645385742188,528.0558471679688,196.78948974609375,420.26123046875,-1,-1,-1,-1
612,1,857.7008666992188,525.943115234375,245.43096923828125,433.02398681640625,-1,-1,-1,-1
613,1,895.067626953125,544.1681518554688,268.7215576171875,445.06475830078125,-1,-1,-1,-1
614,1,928.4796142578125,569.7868041992188,271.9422607421875,456.24859619140625,-1,-1,-1,-1
615,1,960.8526611328125,554.3535766601562,265.7296142578125,503.18365478515625,-1,-1,-1,-1
616,1,981.297607421875,539.4691772460938,262.934814453125,529.0619506835938,-1,-1,-1,-1
617,1,997.1849975585938,539.11865234375,252.75726318359375,536.548095703125,-1,-1,-1,-1
618,1,1024.1314086914062,535.3546142578125,228.58282470703125,548.818115234375,-1,-1,-1,-1
619,1,1054.587890625,522.9205322265625,205.7430419921875,561.125,-1,-1,-1,-1
620,1,1061.60107421875,502.7100830078125,216.5511474609375,572.0760498046875,-1,-1,-1,-1
621,1,1068.99951171875,495.996826171875,230.9664306640625,579.1424560546875,-1,-1,-1,-1
622,1,1071.2755126953125,494.4580078125,263.4833984375,597.7926025390625,-1,-1,-1,-1
623,1,1077.8883056640625,500.4778137207031,298.3800048828125,628.151123046875,-1,-1,-1,-1
624,1,1081.202880859375,503.72808837890625,320.7244873046875,663.6038208007812,-1,-1,-1,-1
625,1,1082.852783203125,506.5629577636719,330.515869140625,683.16357421875,-1,-1,-1,-1
626,1,1085.5657958984375,505.0298156738281,335.8699951171875,694.7589111328125,-1,-1,-1,-1
627,1,1093.107421875,504.4759216308594,327.34912109375,690.8294677734375,-1,-1,-1,-1
628,1,1101.1278076171875,469.8695373535156,367.1826171875,719.907470703125,-1,-1,-1,-1
629,1,1101.8170166015625,445.3791198730469,406.5777587890625,738.055419921875,-1,-1,-1,-1
630,1,1117.584228515625,475.4347839355469,398.03466796875,702.6834716796875,-1,-1,-1,-1
631,1,1109.1348876953125,472.1222229003906,396.4285888671875,695.1055908203125,-1,-1,-1,-1
632,1,1040.4141845703125,441.6357727050781,377.85498046875,684.740234375,-1,-1,-1,-1
633,1,922.8240966796875,440.2234191894531,348.27197265625,688.7587890625,-1,-1,-1,-1
634,1,833.0446166992188,435.4955139160156,308.23785400390625,695.0577392578125,-1,-1,-1,-1
635,1,792.498779296875,435.53424072265625,283.921875,691.6354370117188,-1,-1,-1,-1
636,1,802.2819213867188,432.9256591796875,272.76641845703125,688.5899658203125,-1,-1,-1,-1
637,1,828.080322265625,417.64739990234375,272.4932861328125,695.8661499023438,-1,-1,-1,-1
638,1,853.7444458007812,408.2298583984375,274.73480224609375,698.201416015625,-1,-1,-1,-1
639,1,881.7654418945312,396.6408386230469,271.62689208984375,698.62060546875,-1,-1,-1,-1
640,1,907.2068481445312,382.6593933105469,264.54681396484375,699.596923828125,-1,-1,-1,-1
641,1,937.6019287109375,370.77606201171875,248.642333984375,690.2722778320312,-1,-1,-1,-1
642,1,971.6322021484375,369.46258544921875,230.9837646484375,684.3811645507812,-1,-1,-1,-1
643,1,979.7167358398438,378.1961669921875,250.48736572265625,678.5443115234375,-1,-1,-1,-1
644,1,970.1484985351562,402.4366760253906,274.67486572265625,667.6563720703125,-1,-1,-1,-1
645,1,960.3140869140625,425.485595703125,285.5784912109375,647.4141845703125,-1,-1,-1,-1
646,1,944.3570556640625,440.97247314453125,286.1697998046875,633.5422973632812,-1,-1,-1,-1
647,1,932.5177612304688,462.3543701171875,293.80450439453125,615.105712890625,-1,-1,-1,-1
648,1,920.3212890625,467.5694580078125,313.810302734375,608.6905517578125,-1,-1,-1,-1
649,1,935.1624755859375,465.76568603515625,298.7335205078125,600.9617309570312,-1,-1,-1,-1
650,1,967.23486328125,453.8305358886719,300.5885009765625,598.3905029296875,-1,-1,-1,-1
651,1,1013.9692993164062,473.4433288574219,302.63494873046875,594.262939453125,-1,-1,-1,-1
652,1,1075.066162109375,491.4490966796875,283.671630859375,606.233642578125,-1,-1,-1,-1
653,1,1118.81689453125,505.22137451171875,269.7646484375,611.2927856445312,-1,-1,-1,-1
654,1,1133.8033447265625,515.8052978515625,273.3721923828125,609.9862060546875,-1,-1,-1,-1
655,1,1145.62255859375,518.6273193359375,263.305908203125,587.7786865234375,-1,-1,-1,-1
656,1,1154.8768310546875,521.342529296875,255.0888671875,560.3291015625,-1,-1,-1,-1
657,1,1169.0770263671875,515.5175170898438,241.5416259765625,523.5700073242188,-1,-1,-1,-1
658,1,1204.9364013671875,505.4358825683594,204.9185791015625,528.3450927734375,-1,-1,-1,-1
659,1,1255.517578125,494.71173095703125,157.3502197265625,535.5806274414062,-1,-1,-1,-1
660,1,1281.2552490234375,508.0604248046875,137.8748779296875,531.2730712890625,-1,-1,-1,-1
661,1,1309.824462890625,500.4085693359375,106.933837890625,519.3984985351562,-1,-1,-1,-1
662,1,1319.7666015625,506.292724609375,94.3780517578125,526.416259765625,-1,-1,-1,-1
663,1,1286.57763671875,508.6854248046875,137.201171875,561.391357421875,-1,-1,-1,-1
664,1,1282.7425537109375,509.55084228515625,131.9847412109375,545.3926391601562,-1,-1,-1,-1
665,1,1254.2374267578125,516.820556640625,158.6688232421875,544.498291015625,-1,-1,-1,-1
666,1,1225.28515625,525.1250610351562,193.7822265625,538.2089233398438,-1,-1,-1,-1
667,1,1205.9521484375,528.400634765625,213.54296875,535.7625732421875,-1,-1,-1,-1
668,1,1201.572021484375,540.181640625,210.1893310546875,526.7608642578125,-1,-1,-1,-1
669,1,1213.8258056640625,539.1990966796875,197.5443115234375,523.26220703125,-1,-1,-1,-1
670,1,1234.3076171875,517.333251953125,180.052001953125,536.3323974609375,-1,-1,-1,-1
671,1,1232.9398193359375,536.7221069335938,190.8271484375,506.27593994140625,-1,-1,-1,-1
672,1,1229.9085693359375,524.2736206054688,170.8311767578125,506.75408935546875,-1,-1,-1,-1
673,1,1205.7003173828125,511.20037841796875,167.142578125,507.95672607421875,-1,-1,-1,-1
674,1,1164.0205078125,511.1069030761719,191.2998046875,506.9385070800781,-1,-1,-1,-1
675,1,1116.9656982421875,519.2503051757812,209.8575439453125,499.048583984375,-1,-1,-1,-1
676,1,1076.732666015625,526.2545166015625,223.967529296875,480.6658935546875,-1,-1,-1,-1
677,1,1045.584228515625,529.6221313476562,229.2454833984375,471.05780029296875,-1,-1,-1,-1
678,1,1028.000732421875,525.1609497070312,227.998046875,464.082763671875,-1,-1,-1,-1
679,1,1029.4942626953125,517.9612426757812,213.2645263671875,457.73931884765625,-1,-1,-1,-1
680,1,1053.3289794921875,516.25146484375,169.435302734375,448.97589111328125,-1,-1,-1,-1
681,1,1068.260498046875,510.16607666015625,148.6563720703125,444.15234375,-1,-1,-1,-1
682,1,1079.6258544921875,501.98431396484375,150.64306640625,442.58953857421875,-1,-1,-1,-1
683,1,1081.775146484375,494.36224365234375,167.4207763671875,437.96484375,-1,-1,-1,-1
684,1,1084.22607421875,492.6907653808594,171.8494873046875,431.7353210449219,-1,-1,-1,-1
685,1,1083.2861328125,486.0745544433594,188.756103515625,432.4263000488281,-1,-1,-1,-1
686,1,1062.963623046875,477.3905944824219,226.9693603515625,429.2591857910156,-1,-1,-1,-1
687,1,1031.24365234375,481.6514587402344,248.5859375,423.3990783691406,-1,-1,-1,-1
688,1,1003.1135864257812,492.58489990234375,248.81549072265625,422.9815673828125,-1,-1,-1,-1
689,1,977.6566772460938,505.54803466796875,241.24981689453125,424.39239501953125,-1,-1,-1,-1
690,1,964.9847412109375,519.034423828125,217.639892578125,414.748291015625,-1,-1,-1,-1
691,1,948.4099731445312,527.6611938476562,189.17413330078125,409.8988037109375,-1,-1,-1,-1
692,1,921.7560424804688,537.7813110351562,161.40216064453125,390.998291015625,-1,-1,-1,-1
693,1,878.610595703125,523.5390014648438,152.6795654296875,386.65679931640625,-1,-1,-1,-1
694,1,832.3578491210938,506.6724548339844,169.39404296875,386.2216491699219,-1,-1,-1,-1
695,1,805.0980224609375,493.89703369140625,189.79248046875,397.15252685546875,-1,-1,-1,-1
696,1,799.4366455078125,501.32635498046875,206.05413818359375,398.46868896484375,-1,-1,-1,-1
697,1,805.931884765625,500.9312438964844,214.8021240234375,404.7627258300781,-1,-1,-1,-1
698,1,816.02490234375,509.1169738769531,224.5804443359375,406.5697937011719,-1,-1,-1,-1
699,1,821.82763671875,521.1057739257812,230.389892578125,402.87158203125,-1,-1,-1,-1
700,1,843.58837890625,530.4342651367188,205.678955078125,401.90716552734375,-1,-1,-1,-1
701,1,867.4118041992188,537.7568969726562,172.66937255859375,397.23394775390625,-1,-1,-1,-1
702,1,888.921630859375,547.6629028320312,140.4068603515625,390.746337890625,-1,-1,-1,-1
703,1,919.9821166992188,555.5728759765625,124.40045166015625,390.8446044921875,-1,-1,-1,-1
704,1,949.9375,557.04541015625,129.1749267578125,396.38079833984375,-1,-1,-1,-1
705,1,964.85791015625,557.6793823242188,139.83837890625,401.34521484375,-1,-1,-1,-1
706,1,977.1529541015625,556.1026000976562,168.0390625,419.1636962890625,-1,-1,-1,-1
707,1,997.18310546875,560.3355712890625,214.2327880859375,430.28631591796875,-1,-1,-1,-1
708,1,1019.3237915039062,558.766845703125,240.21453857421875,437.85943603515625,-1,-1,-1,-1
709,1,1031.8800048828125,549.3228149414062,245.350341796875,455.90814208984375,-1,-1,-1,-1
710,1,1038.7032470703125,537.2900390625,239.0135498046875,457.4315185546875,-1,-1,-1,-1
711,1,1033.8333740234375,531.77197265625,230.797607421875,448.8453369140625,-1,-1,-1,-1
712,1,998.7854614257812,535.1717529296875,242.64581298828125,437.248779296875,-1,-1,-1,-1
713,1,941.5582275390625,546.3700561523438,240.9769287109375,420.06842041015625,-1,-1,-1,-1
714,1,878.55712890625,549.188232421875,249.7371826171875,411.25439453125,-1,-1,-1,-1
715,1,810.759765625,546.2219848632812,273.826904296875,412.40869140625,-1,-1,-1,-1
716,1,758.227294921875,535.7208251953125,291.6575927734375,421.339111328125,-1,-1,-1,-1
717,1,725.8369140625,534.2245483398438,306.0540771484375,419.045654296875,-1,-1,-1,-1
718,1,718.5868530273438,531.1633911132812,313.38848876953125,416.03564453125,-1,-1,-1,-1
719,1,723.7694702148438,525.2555541992188,315.66461181640625,414.1455078125,-1,-1,-1,-1
720,1,742.7354736328125,519.7525024414062,289.0252685546875,407.18206787109375,-1,-1,-1,-1
721,1,770.6741333007812,520.6898803710938,261.28350830078125,404.32000732421875,-1,-1,-1,-1
722,1,803.948486328125,530.6859130859375,226.832275390625,401.18511962890625,-1,-1,-1,-1
723,1,842.6354370117188,534.2479248046875,184.80487060546875,400.072265625,-1,-1,-1,-1
724,1,882.0623779296875,537.4930419921875,148.3739013671875,400.7454833984375,-1,-1,-1,-1
725,1,902.3228759765625,539.8720703125,146.8477783203125,401.4852294921875,-1,-1,-1,-1
726,1,904.3633422851562,543.60791015625,163.71405029296875,397.68609619140625,-1,-1,-1,-1
727,1,907.5656127929688,540.3678588867188,196.77178955078125,412.47308349609375,-1,-1,-1,-1
728,1,917.21240234375,536.6915893554688,224.137451171875,411.5472412109375,-1,-1,-1,-1
729,1,926.055419921875,530.9996948242188,240.6246337890625,422.0855712890625,-1,-1,-1,-1
730,1,933.1035766601562,521.0532836914062,259.68609619140625,423.53070068359375,-1,-1,-1,-1
731,1,962.4570922851562,516.2764892578125,241.68353271484375,417.68170166015625,-1,-1,-1,-1
732,1,995.148193359375,500.6773376464844,228.4049072265625,422.2245178222656,-1,-1,-1,-1
733,1,1030.7227783203125,475.7148132324219,210.2158203125,428.2590637207031,-1,-1,-1,-1
734,1,1054.466552734375,462.20953369140625,196.536865234375,430.2113037109375,-1,-1,-1,-1
735,1,1059.6112060546875,461.8258361816406,186.3411865234375,441.1539001464844,-1,-1,-1,-1
736,1,1029.637451171875,475.38690185546875,211.67529296875,451.2520751953125,-1,-1,-1,-1
737,1,1000.3021240234375,496.0965576171875,232.3360595703125,451.49810791015625,-1,-1,-1,-1
738,1,981.092041015625,508.4308166503906,247.62744140625,451.9541931152344,-1,-1,-1,-1
739,1,971.7335205078125,516.436767578125,248.1611328125,444.48431396484375,-1,-1,-1,-1
740,1,965.865234375,521.251708984375,246.724365234375,438.1234130859375,-1,-1,-1,-1
741,1,963.1126708984375,519.4009399414062,237.29931640625,428.488525390625,-1,-1,-1,-1
742,1,965.6309814453125,502.27154541015625,219.414306640625,427.16680908203125,-1,-1,-1,-1
743,1,966.22021484375,488.11163330078125,193.0303955078125,415.4029541015625,-1,-1,-1,-1
744,1,962.8536376953125,498.57611083984375,170.4388427734375,402.9151611328125,-1,-1,-1,-1
745,1,955.6134643554688,512.96142578125,163.04437255859375,395.267822265625,-1,-1,-1,-1
746,1,946.6455078125,523.9990844726562,185.562744140625,400.2686767578125,-1,-1,-1,-1
747,1,940.4593505859375,526.3328857421875,218.128662109375,402.60626220703125,-1,-1,-1,-1
748,1,925.9222412109375,521.22314453125,229.11669921875,406.040771484375,-1,-1,-1,-1
749,1,909.2310791015625,516.662109375,223.899658203125,411.955322265625,-1,-1,-1,-1
750,1,905.6036376953125,507.74365234375,217.9058837890625,411.89300537109375,-1,-1,-1,-1
751,1,914.717529296875,514.7708129882812,213.848876953125,400.67315673828125,-1,-1,-1,-1
752,1,924.1947021484375,505.7539367675781,188.911376953125,403.5652770996094,-1,-1,-1,-1
753,1,927.6231079101562,491.002685546875,173.87420654296875,409.240478515625,-1,-1,-1,-1
754,1,914.8121948242188,472.7799072265625,178.84124755859375,415.88018798828125,-1,-1,-1,-1
755,1,911.59375,455.0942077636719,185.183837890625,425.0596618652344,-1,-1,-1,-1
756,1,908.123291015625,451.17578125,188.2161865234375,445.6131591796875,-1,-1,-1,-1
757,1,893.315673828125,460.6786804199219,206.4801025390625,456.3775329589844,-1,-1,-1,-1
758,1,871.7040405273438,463.1554260253906,227.03240966796875,467.5102233886719,-1,-1,-1,-1
759,1,851.2921142578125,473.52044677734375,235.074462890625,468.75225830078125,-1,-1,-1,-1
760,1,846.24169921875,487.34515380859375,229.076416015625,469.42755126953125,-1,-1,-1,-1
761,1,849.1473999023438,493.7970886230469,218.25396728515625,472.3188781738281,-1,-1,-1,-1
1,2,-114.82906341552734,569.3650512695312,233.16676330566406,434.637939453125,-1,-1,-1,-1
2,2,-96.52134704589844,571.5413208007812,220.91748046875,429.65240478515625,-1,-1,-1,-1
3,2,-79.8753433227539,578.9339599609375,202.50820922851562,416.80657958984375,-1,-1,-1,-1
4,2,-85.77230834960938,585.189208984375,201.66580200195312,411.4544677734375,-1,-1,-1,-1
5,2,-102.36045837402344,560.505615234375,208.84890747070312,427.938232421875,-1,-1,-1,-1
6,2,-100.39796447753906,534.7049560546875,203.82228088378906,442.92083740234375,-1,-1,-1,-1
7,2,-104.55209350585938,507.2451477050781,212.12905883789062,458.3273010253906,-1,-1,-1,-1
8,2,-104.35867309570312,481.6978759765625,211.7421875,480.915283203125,-1,-1,-1,-1
1,3,1234.408203125,568.5899658203125,175.068603515625,434.8843994140625,-1,-1,-1,-1
2,3,1227.6258544921875,569.0626831054688,175.760986328125,436.27740478515625,-1,-1,-1,-1
3,3,1219.989501953125,568.5631103515625,171.2841796875,432.3740234375,-1,-1,-1,-1
4,3,1206.5118408203125,562.8130493164062,163.6390380859375,432.736572265625,-1,-1,-1,-1
5,3,1184.3756103515625,564.5938110351562,161.544677734375,430.55792236328125,-1,-1,-1,-1
6,3,1163.9027099609375,569.3195190429688,158.2093505859375,425.76727294921875,-1,-1,-1,-1
7,3,1138.1353759765625,560.7511596679688,148.450439453125,420.99493408203125,-1,-1,-1,-1
8,3,1093.24267578125,544.8927001953125,135.6683349609375,409.75738525390625,-1,-1,-1,-1
9,3,1042.6156005859375,533.7799072265625,122.872314453125,393.94976806640625,-1,-1,-1,-1
10,3,987.3973388671875,535.2206420898438,118.4027099609375,373.6209716796875,-1,-1,-1,-1
11,3,932.5057373046875,543.52001953125,127.893798828125,357.80609130859375,-1,-1,-1,-1
12,3,892.639404296875,546.6010131835938,144.6761474609375,349.2135009765625,-1,-1,-1,-1
13,3,866.07470703125,546.3895263671875,171.5115966796875,345.24493408203125,-1,-1,-1,-1
14,3,857.1507568359375,542.913818359375,204.9512939453125,347.1007080078125,-1,-1,-1,-1
15,3,857.667724609375,544.2386474609375,224.2064208984375,350.76361083984375,-1,-1,-1,-1
16,3,883.526123046875,554.5855712890625,230.6717529296875,354.45721435546875,-1,-1,-1,-1
17,3,925.247802734375,562.349609375,230.3331298828125,366.0870361328125,-1,-1,-1,-1
18,3,956.1297607421875,572.5499267578125,229.6778564453125,381.291748046875,-1,-1,-1,-1
19,3,979.398681640625,573.294921875,232.000732421875,391.3988037109375,-1,-1,-1,-1
20,3,1004.9783325195312,562.4735107421875,228.69390869140625,397.75762939453125,-1,-1,-1,-1
21,3,1034.4237060546875,567.21044921875,206.8843994140625,400.7171630859375,-1,-1,-1,-1
22,3,1059.473388671875,578.0924682617188,173.0880126953125,396.55255126953125,-1,-1,-1,-1
23,3,1058.958251953125,574.0547485351562,158.1162109375,402.47332763671875,-1,-1,-1,-1
24,3,1042.839111328125,585.13427734375,175.6317138671875,405.901123046875,-1,-1,-1,-1
25,3,1028.451171875,598.485595703125,193.4063720703125,410.13214111328125,-1,-1,-1,-1
26,3,1015.7855834960938,611.5945434570312,199.41571044921875,413.47509765625,-1,-1,-1,-1
27,3,998.2455444335938,621.34521484375,207.53045654296875,419.57861328125,-1,-1,-1,-1
28,3,976.0758056640625,630.2501220703125,230.977294921875,423.3505859375,-1,-1,-1,-1
29,3,968.3597412109375,633.9613037109375,237.740234375,423.864013671875,-1,-1,-1,-1
30,3,972.26513671875,638.8243408203125,242.872314453125,428.3447265625,-1,-1,-1,-1
31,3,977.5608520507812,640.4949340820312,240.34515380859375,436.44244384765625,-1,-1,-1,-1
32,3,984.3910522460938,633.413818359375,227.33599853515625,443.7222900390625,-1,-1,-1,-1
33,3,989.2821044921875,622.7418212890625,202.2415771484375,429.20458984375,-1,-1,-1,-1
34,3,991.5338134765625,602.4786376953125,171.3536376953125,416.418212890625,-1,-1,-1,-1
35,3,978.7700805664062,602.5612182617188,141.99261474609375,401.047119140625,-1,-1,-1,-1
36,3,940.4403686523438,614.6923828125,158.41119384765625,387.93975830078125,-1,-1,-1,-1
37,3,887.8671875,608.0152587890625,147.3841552734375,392.77764892578125,-1,-1,-1,-1
38,3,857.379638671875,603.0801391601562,165.0771484375,391.3370361328125,-1,-1,-1,-1
39,3,827.727783203125,607.5100708007812,193.55474853515625,390.1925048828125,-1,-1,-1,-1
40,3,805.968505859375,611.236572265625,217.1109619140625,394.68939208984375,-1,-1,-1,-1
41,3,790.3612060546875,612.9999389648438,232.61328125,396.71533203125,-1,-1,-1,-1
42,3,780.3729858398438,606.5626220703125,240.28118896484375,403.340576171875,-1,-1,-1,-1
43,3,773.0650024414062,609.39453125,234.75555419921875,408.27056884765625,-1,-1,-1,-1
44,3,760.6427612304688,628.7769165039062,218.15045166015625,402.11199951171875,-1,-1,-1,-1
45,3,755.0977172851562,621.9486083984375,197.7283935546875,392.581298828125,-1,-1,-1,-1
46,3,755.5313110351562,602.24853515625,175.43450927734375,395.59967041015625,-1,-1,-1,-1
47,3,759.1357421875,602.0665283203125,161.279296875,398.640380859375,-1,-1,-1,-1
48,3,756.1543579101562,598.811279296875,162.3251953125,401.32977294921875,-1,-1,-1,-1
49,3,751.661376953125,589.857421875,178.46612548828125,410.03497314453125,-1,-1,-1,-1
50,3,754.1531982421875,586.4474487304688,184.62615966796875,420.6328125,-1,-1,-1,-1
51,3,749.586181640625,597.7142333984375,199.94921875,420.09320068359375,-1,-1,-1,-1
52,3,757.114990234375,599.6669921875,208.54693603515625,427.8189697265625,-1,-1,-1,-1
53,3,762.3543701171875,600.5776977539062,215.00286865234375,436.90032958984375,-1,-1,-1,-1
54,3,776.8966064453125,601.1279907226562,209.66094970703125,443.09710693359375,-1,-1,-1,-1
55,3,786.2576904296875,596.4293212890625,197.45513916015625,448.7703857421875,-1,-1,-1,-1
56,3,800.8214111328125,597.8535766601562,175.9464111328125,443.71307373046875,-1,-1,-1,-1
57,3,820.8568115234375,599.8853759765625,151.5230712890625,438.7076416015625,-1,-1,-1,-1
58,3,826.5526123046875,588.5599365234375,144.4273681640625,425.30108642578125,-1,-1,-1,-1
59,3,820.6859741210938,579.5718994140625,140.861083984375,425.229248046875,-1,-1,-1,-1
60,3,792.8487548828125,584.6099853515625,173.96533203125,421.7501220703125,-1,-1,-1,-1
61,3,795.5957641601562,587.8460693359375,173.93359375,425.482177734375,-1,-1,-1,-1
62,3,776.2633056640625,587.3192749023438,199.97271728515625,432.23248291015625,-1,-1,-1,-1
63,3,761.6868896484375,583.1636352539062,229.50543212890625,437.63519287109375,-1,-1,-1,-1
64,3,765.22900390625,577.4660034179688,244.14154052734375,441.29791259765625,-1,-1,-1,-1
65,3,766.0491943359375,582.6640014648438,256.32720947265625,443.317626953125,-1,-1,-1,-1
66,3,781.557861328125,581.2734985351562,242.64971923828125,454.31219482421875,-1,-1,-1,-1
67,3,782.783935546875,589.8041381835938,218.2333984375,446.49273681640625,-1,-1,-1,-1
68,3,784.8427124023438,600.2271728515625,186.8424072265625,443.19287109375,-1,-1,-1,-1
69,3,781.21875,604.0211181640625,157.16168212890625,450.5406494140625,-1,-1,-1,-1
70,3,761.4580688476562,579.626953125,157.18133544921875,454.3486328125,-1,-1,-1,-1
71,3,746.6121826171875,544.2384643554688,168.91973876953125,459.39569091796875,-1,-1,-1,-1
72,3,744.138427734375,518.2963256835938,186.44036865234375,463.83270263671875,-1,-1,-1,-1
73,3,734.18408203125,502.6796569824219,226.14349365234375,480.4724426269531,-1,-1,-1,-1
74,3,763.7294921875,512.7061157226562,245.507080078125,491.05523681640625,-1,-1,-1,-1
75,3,839.2412719726562,531.4940185546875,269.74456787109375,521.669677734375,-1,-1,-1,-1
76,3,950.5032958984375,551.4617309570312,297.2620849609375,569.6133422851562,-1,-1,-1,-1
77,3,1083.355224609375,571.2958374023438,308.7938232421875,568.7011108398438,-1,-1,-1,-1
78,3,1211.7440185546875,585.84765625,264.169677734375,539.5833740234375,-1,-1,-1,-1
79,3,1272.98388671875,549.1954956054688,236.2979736328125,533.8633422851562,-1,-1,-1,-1
80,3,1274.331298828125,484.5284423828125,270.258544921875,560.7081298828125,-1,-1,-1,-1
81,3,1287.1663818359375,433.96636962890625,244.5936279296875,558.9470825195312,-1,-1,-1,-1
82,3,1274.366943359375,457.7762756347656,270.2388916015625,563.891845703125,-1,-1,-1,-1
83,3,1268.7296142578125,480.91845703125,281.5181884765625,535.0343017578125,-1,-1,-1,-1
84,3,1274.7060546875,498.1025390625,269.5654296875,497.7823486328125,-1,-1,-1,-1
85,3,1254.432373046875,493.5467529296875,310.093017578125,576.9169921875,-1,-1,-1,-1
86,3,1204.193603515625,449.8024597167969,409.86865234375,670.425537109375,-1,-1,-1,-1
87,3,1154.64013671875,444.7692565917969,437.7344970703125,662.6055908203125,-1,-1,-1,-1
88,3,1144.680419921875,518.575439453125,337.055419921875,572.8272705078125,-1,-1,-1,-1
89,3,1113.3951416015625,534.8135986328125,296.8721923828125,562.6636962890625,-1,-1,-1,-1
90,3,1103.107421875,519.7326049804688,286.2862548828125,593.0403442382812,-1,-1,-1,-1
91,3,1087.6951904296875,512.54248046875,258.3056640625,592.4635009765625,-1,-1,-1,-1
92,3,1030.853515625,514.060302734375,250.56298828125,586.517333984375,-1,-1,-1,-1
93,3,944.9575805664062,507.7138671875,242.72821044921875,580.61767578125,-1,-1,-1,-1
94,3,867.7114868164062,514.1071166992188,226.38519287109375,568.7315063476562,-1,-1,-1,-1
95,3,810.8602294921875,529.5646362304688,217.816650390625,562.6913452148438,-1,-1,-1,-1
96,3,756.8529052734375,532.7105712890625,233.184326171875,562.003173828125,-1,-1,-1,-1
97,3,723.2173461914062,535.2389526367188,260.44158935546875,561.2858276367188,-1,-1,-1,-1
98,3,718.9444580078125,553.6461181640625,263.35662841796875,563.458251953125,-1,-1,-1,-1
99,3,724.8143310546875,559.2933959960938,261.853515625,568.1109008789062,-1,-1,-1,-1
100,3,735.7774658203125,555.8099975585938,260.3173828125,574.5720825195312,-1,-1,-1,-1
101,3,754.4071044921875,547.7351684570312,244.543701171875,578.3201293945312,-1,-1,-1,-1
102,3,799.677978515625,550.5321044921875,199.12890625,565.812255859375,-1,-1,-1,-1
103,3,790.8031616210938,550.3015747070312,208.55718994140625,566.3036499023438,-1,-1,-1,-1
104,3,763.9973754882812,567.8482055664062,208.258056640625,530.8877563476562,-1,-1,-1,-1
105,3,736.9667358398438,582.2000122070312,221.99786376953125,524.6654663085938,-1,-1,-1,-1
106,3,716.6100463867188,588.99609375,231.621337890625,534.23974609375,-1,-1,-1,-1
107,3,709.6732177734375,587.758056640625,231.9395751953125,535.4156494140625,-1,-1,-1,-1
108,3,698.3175048828125,576.2275390625,236.504150390625,533.800048828125,-1,-1,-1,-1
109,3,698.9696044921875,576.2775268554688,249.119873046875,527.9360961914062,-1,-1,-1,-1
110,3,703.3966674804688,581.4741821289062,255.4918212890625,519.5972290039062,-1,-1,-1,-1
111,3,710.4998168945312,583.5017700195312,254.82177734375,512.4834594726562,-1,-1,-1,-1
112,3,723.2542724609375,585.4806518554688,232.4588623046875,501.32598876953125,-1,-1,-1,-1
113,3,738.6176147460938,579.4159545898438,199.6248779296875,481.18817138671875,-1,-1,-1,-1
114,3,728.5327758789062,572.4803466796875,189.8570556640625,461.2611083984375,-1,-1,-1,-1
115,3,727.5386352539062,560.355712890625,187.4110107421875,466.1224365234375,-1,-1,-1,-1
116,3,735.18603515625,551.1571655273438,181.25341796875,473.21246337890625,-1,-1,-1,-1
117,3,751.6041259765625,549.2396850585938,178.4488525390625,481.85052490234375,-1,-1,-1,-1
118,3,772.369384765625,548.394775390625,189.131591796875,493.3841552734375,-1,-1,-1,-1
119,3,782.8860473632812,557.0859375,222.69427490234375,506.7283935546875,-1,-1,-1,-1
120,3,814.8440551757812,561.3087158203125,251.45013427734375,518.7762451171875,-1,-1,-1,-1
121,3,848.740234375,557.365234375,251.4268798828125,518.9881591796875,-1,-1,-1,-1
122,3,885.4798583984375,546.5780029296875,250.9139404296875,526.5057373046875,-1,-1,-1,-1
123,3,921.8062744140625,554.4998168945312,237.78515625,532.6218872070312,-1,-1,-1,-1
124,3,955.169189453125,559.6008911132812,224.2523193359375,532.2608032226562,-1,-1,-1,-1
125,3,992.0053100585938,555.0746459960938,218.62335205078125,522.1994018554688,-1,-1,-1,-1
126,3,1002.76220703125,551.044921875,209.408203125,507.5404052734375,-1,-1,-1,-1
127,3,983.2889404296875,562.3790283203125,216.5970458984375,506.7816162109375,-1,-1,-1,-1
128,3,965.256591796875,590.8887939453125,226.6990966796875,513.2501220703125,-1,-1,-1,-1
129,3,940.474365234375,618.53564453125,255.3193359375,524.512939453125,-1,-1,-1,-1
130,3,928.4490966796875,638.2998046875,270.6671142578125,534.3365478515625,-1,-1,-1,-1
131,3,931.2818603515625,645.2061157226562,254.5098876953125,536.9087524414062,-1,-1,-1,-1
132,3,931.1774291992188,645.5646362304688,241.24603271484375,533.7329711914062,-1,-1,-1,-1
133,3,933.2135620117188,634.9132080078125,234.44085693359375,530.1785888671875,-1,-1,-1,-1
134,3,932.6228637695312,617.4417114257812,228.77508544921875,517.9224243164062,-1,-1,-1,-1
135,3,914.1652221679688,598.5780639648438,206.87237548828125,481.25177001953125,-1,-1,-1,-1
136,3,871.32080078125,582.7877197265625,188.97216796875,460.8302001953125,-1,-1,-1,-1
137,3,829.9172973632812,571.707763671875,168.360107421875,456.798583984375,-1,-1,-1,-1
138,3,800.0391845703125,569.811767578125,160.960205078125,459.2618408203125,-1,-1,-1,-1
139,3,782.0340576171875,574.4580078125,160.92230224609375,461.959716796875,-1,-1,-1,-1
140,3,761.2161254882812,579.0123291015625,182.82244873046875,465.1192626953125,-1,-1,-1,-1
141,3,733.5944213867188,587.1658325195312,213.423583984375,467.81622314453125,-1,-1,-1,-1
142,3,727.003173828125,598.0817260742188,230.74114990234375,469.42474365234375,-1,-1,-1,-1
143,3,730.7022094726562,600.8827514648438,233.52484130859375,471.86724853515625,-1,-1,-1,-1
144,3,730.8506469726562,600.7200317382812,229.7020263671875,478.69110107421875,-1,-1,-1,-1
145,3,719.7131958007812,604.9651489257812,217.0670166015625,477.04693603515625,-1,-1,-1,-1
146,3,722.06591796875,601.8082885742188,188.23480224609375,467.90631103515625,-1,-1,-1,-1
147,3,726.5886840820312,584.7080688476562,182.331298828125,457.51446533203125,-1,-1,-1,-1
148,3,731.8363037109375,574.7214965820312,160.5711669921875,446.05975341796875,-1,-1,-1,-1
149,3,738.97998046875,575.5250244140625,150.4810791015625,445.16998291015625,-1,-1,-1,-1
150,3,730.0270385742188,574.0675048828125,156.16571044921875,449.73388671875,-1,-1,-1,-1
151,3,707.1517944335938,575.0172119140625,183.75299072265625,455.35400390625,-1,-1,-1,-1
152,3,692.062744140625,584.7748413085938,202.4228515625,455.34405517578125,-1,-1,-1,-1
153,3,696.531494140625,589.5059204101562,207.26556396484375,457.51336669921875,-1,-1,-1,-1
154,3,707.6009521484375,589.5205688476562,210.14013671875,456.33416748046875,-1,-1,-1,-1
155,3,720.8125,582.6218872070312,207.5068359375,456.64483642578125,-1,-1,-1,-1
156,3,737.4492797851562,578.1029052734375,190.86871337890625,452.260498046875,-1,-1,-1,-1
157,3,749.4686889648438,573.1609497070312,176.66448974609375,434.66143798828125,-1,-1,-1,-1
158,3,736.9248657226562,560.597900390625,183.7672119140625,424.48907470703125,-1,-1,-1,-1
159,3,737.022216796875,556.890625,171.562744140625,426.8585205078125,-1,-1,-1,-1
160,3,732.7772827148438,560.7734375,163.3533935546875,430.60174560546875,-1,-1,-1,-1
161,3,729.252197265625,562.1558227539062,157.0213623046875,433.3143310546875,-1,-1,-1,-1
162,3,720.4239501953125,563.2952880859375,173.7142333984375,434.8309326171875,-1,-1,-1,-1
163,3,708.2554931640625,569.0870971679688,200.13226318359375,439.47601318359375,-1,-1,-1,-1
164,3,706.605224609375,576.5120849609375,220.37493896484375,443.284912109375,-1,-1,-1,-1
165,3,721.733642578125,584.3388671875,224.156494140625,446.4459228515625,-1,-1,-1,-1
166,3,739.453125,589.82373046875,229.2249755859375,450.4046630859375,-1,-1,-1,-1
167,3,766.8494262695312,592.4639892578125,224.6080322265625,462.2318115234375,-1,-1,-1,-1
168,3,813.4609985351562,598.42041015625,208.6602783203125,472.60107421875,-1,-1,-1,-1
169,3,878.3008422851562,598.7628784179688,185.11175537109375,476.81683349609375,-1,-1,-1,-1
170,3,926.4847412109375,576.2161254882812,171.6927490234375,481.17864990234375,-1,-1,-1,-1
171,3,942.59130859375,571.7449951171875,175.43212890625,472.4608154296875,-1,-1,-1,-1
172,3,938.979248046875,577.1932983398438,201.732421875,468.84039306640625,-1,-1,-1,-1
173,3,933.9977416992188,583.5510864257812,227.53778076171875,473.88885498046875,-1,-1,-1,-1
174,3,936.5283813476562,592.565673828125,248.36517333984375,484.906005859375,-1,-1,-1,-1
175,3,934.5064697265625,610.882080078125,275.4287109375,495.004150390625,-1,-1,-1,-1
176,3,954.3699951171875,627.6356201171875,276.8922119140625,503.1614990234375,-1,-1,-1,-1
177,3,978.8881225585938,631.6076049804688,268.78594970703125,507.98480224609375,-1,-1,-1,-1
178,3,1002.810302734375,628.0518188476562,267.3419189453125,518.4258422851562,-1,-1,-1,-1
179,3,1024.2296142578125,624.444580078125,261.4755859375,518.7845458984375,-1,-1,-1,-1
180,3,1041.33984375,611.17431640625,226.835693359375,506.3839111328125,-1,-1,-1,-1
181,3,1061.8155517578125,599.4835815429688,192.607666015625,501.15631103515625,-1,-1,-1,-1
182,3,1061.566162109375,589.8870239257812,186.059814453125,507.56951904296875,-1,-1,-1,-1
183,3,1061.776611328125,596.0421752929688,184.9180908203125,508.68048095703125,-1,-1,-1,-1
184,3,1060.328857421875,617.0245971679688,190.2593994140625,515.6240844726562,-1,-1,-1,-1
185,3,1042.7449951171875,637.3019409179688,211.1903076171875,524.1126098632812,-1,-1,-1,-1
186,3,1011.4281005859375,660.3912353515625,239.490966796875,522.6112060546875,-1,-1,-1,-1
187,3,1005.2488403320312,671.0594482421875,248.12750244140625,523.6365966796875,-1,-1,-1,-1
188,3,1012.1439208984375,671.8175659179688,250.29052734375,521.4998168945312,-1,-1,-1,-1
189,3,1028.0587158203125,657.9503173828125,244.4486083984375,525.2056884765625,-1,-1,-1,-1
190,3,1033.931884765625,643.253173828125,244.7288818359375,528.7569580078125,-1,-1,-1,-1
191,3,1020.4882202148438,644.2891845703125,226.90557861328125,516.1705322265625,-1,-1,-1,-1
192,3,1016.781005859375,635.3932495117188,198.0548095703125,498.14752197265625,-1,-1,-1,-1
193,3,1012.6709594726562,614.9177856445312,170.55548095703125,473.27996826171875,-1,-1,-1,-1
194,3,1007.3731079101562,607.576171875,161.87164306640625,468.9368896484375,-1,-1,-1,-1
195,3,1001.46630859375,608.3145751953125,166.1947021484375,476.2305908203125,-1,-1,-1,-1
196,3,973.3923950195312,613.2603759765625,192.34515380859375,481.108642578125,-1,-1,-1,-1
197,3,949.1754760742188,625.7228393554688,223.43023681640625,482.76690673828125,-1,-1,-1,-1
198,3,945.5682373046875,635.8239135742188,241.0780029296875,484.12603759765625,-1,-1,-1,-1
199,3,943.3697509765625,640.5568237304688,247.88330078125,482.85089111328125,-1,-1,-1,-1
200,3,931.7763671875,634.2284545898438,243.228515625,476.76983642578125,-1,-1,-1,-1
201,3,898.8096923828125,623.5811767578125,223.237060546875,467.33837890625,-1,-1,-1,-1
202,3,869.0488891601562,613.6468505859375,197.47784423828125,447.489990234375,-1,-1,-1,-1
203,3,849.0804443359375,592.9072875976562,169.838134765625,416.49945068359375,-1,-1,-1,-1
204,3,823.0269165039062,585.676025390625,158.83197021484375,398.4962158203125,-1,-1,-1,-1
205,3,783.9590454101562,572.5742797851562,173.28924560546875,402.790771484375,-1,-1,-1,-1
206,3,761.233642578125,581.2471313476562,150.24896240234375,399.65484619140625,-1,-1,-1,-1
207,3,748.787841796875,586.7294921875,149.6661376953125,401.1253662109375,-1,-1,-1,-1
208,3,732.607666015625,593.5615844726562,162.108642578125,402.15570068359375,-1,-1,-1,-1
209,3,714.9501953125,632.8133544921875,172.02789306640625,376.0572509765625,-1,-1,-1,-1
210,3,704.0029296875,621.89892578125,180.14019775390625,401.06927490234375,-1,-1,-1,-1
211,3,698.4973754882812,614.9967651367188,182.24652099609375,407.61614990234375,-1,-1,-1,-1
212,3,689.1296997070312,614.3403930664062,180.88433837890625,400.62847900390625,-1,-1,-1,-1
213,3,673.9691162109375,607.0330200195312,168.91796875,397.76873779296875,-1,-1,-1,-1
214,3,657.0706176757812,603.578369140625,138.39141845703125,390.5784912109375,-1,-1,-1,-1
215,3,650.1673583984375,587.0662231445312,117.692626953125,375.80047607421875,-1,-1,-1,-1
216,3,645.1990966796875,576.5758666992188,114.76287841796875,368.008544921875,-1,-1,-1,-1
217,3,638.599365234375,578.8739013671875,125.01837158203125,364.797607421875,-1,-1,-1,-1
218,3,633.2999877929688,586.4517822265625,137.39617919921875,359.12353515625,-1,-1,-1,-1
219,3,621.5908203125,587.69580078125,154.6217041015625,360.3408203125,-1,-1,-1,-1
220,3,605.9260864257812,591.43310546875,177.2576904296875,359.8316650390625,-1,-1,-1,-1
221,3,607.2652587890625,597.6920776367188,190.26983642578125,360.41766357421875,-1,-1,-1,-1
222,3,620.2362670898438,602.1096801757812,194.9149169921875,362.40557861328125,-1,-1,-1,-1
223,3,648.4823608398438,597.520751953125,193.78594970703125,375.39056396484375,-1,-1,-1,-1
224,3,704.1212768554688,596.615966796875,192.83587646484375,374.48583984375,-1,-1,-1,-1
225,3,765.3562622070312,591.1218872070312,170.57196044921875,375.45037841796875,-1,-1,-1,-1
226,3,814.8116455078125,596.4923706054688,152.95166015625,377.75970458984375,-1,-1,-1,-1
227,3,852.7330932617188,590.1043090820312,127.03173828125,388.524169921875,-1,-1,-1,-1
228,3,842.2066040039062,584.5579223632812,144.9149169921875,392.5849609375,-1,-1,-1,-1
229,3,842.0390014648438,580.6634521484375,154.86590576171875,396.8343505859375,-1,-1,-1,-1
230,3,866.8453979492188,577.00390625,139.46044921875,400.71527099609375,-1,-1,-1,-1
231,3,856.2515258789062,573.7512817382812,154.9154052734375,405.6214599609375,-1,-1,-1,-1
232,3,824.8228759765625,576.842529296875,194.10577392578125,403.02752685546875,-1,-1,-1,-1
233,3,822.1702270507812,579.1503295898438,201.27581787109375,400.88531494140625,-1,-1,-1,-1
234,3,841.5451049804688,586.576171875,178.98931884765625,398.94354248046875,-1,-1,-1,-1
235,3,833.0426635742188,583.7189331054688,192.37542724609375,398.334716796875,-1,-1,-1,-1
236,3,847.5230712890625,569.9976196289062,168.69091796875,396.293212890625,-1,-1,-1,-1
237,3,848.6898193359375,559.2914428710938,156.5660400390625,394.51153564453125,-1,-1,-1,-1
238,3,857.9631958007812,562.282470703125,120.96588134765625,370.7218017578125,-1,-1,-1,-1
239,3,873.6986694335938,549.2015991210938,130.8287353515625,367.68994140625,-1,-1,-1,-1
240,3,916.7850952148438,530.0407104492188,151.02923583984375,371.52716064453125,-1,-1,-1,-1
241,3,973.039306640625,522.5771484375,167.61767578125,387.6041259765625,-1,-1,-1,-1
242,3,1006.4216918945312,529.4784545898438,202.66143798828125,398.53631591796875,-1,-1,-1,-1
243,3,1046.7457275390625,540.1385498046875,235.3502197265625,416.36480712890625,-1,-1,-1,-1
244,3,1100.543212890625,548.343017578125,254.3165283203125,438.82989501953125,-1,-1,-1,-1
245,3,1159.14599609375,570.114990234375,249.0001220703125,449.40478515625,-1,-1,-1,-1
246,3,1209.9598388671875,574.0928344726562,213.696533203125,457.26116943359375,-1,-1,-1,-1
247,3,1244.520263671875,545.75341796875,176.0638427734375,496.1636962890625,-1,-1,-1,-1
248,3,1271.9752197265625,502.4099426269531,156.0252685546875,545.899169921875,-1,-1,-1,-1
249,3,1270.9459228515625,506.7806396484375,170.558349609375,529.0924072265625,-1,-1,-1,-1
250,3,1265.4171142578125,523.4700927734375,153.8548583984375,498.875732421875,-1,-1,-1,-1
251,3,1242.0596923828125,518.3367919921875,168.5587158203125,499.913818359375,-1,-1,-1,-1
252,3,1233.270751953125,543.1975708007812,177.350341796875,481.684326171875,-1,-1,-1,-1
253,3,1224.020751953125,567.8053588867188,186.0859375,466.43218994140625,-1,-1,-1,-1
254,3,1216.84228515625,574.559814453125,195.09130859375,466.633056640625,-1,-1,-1,-1
19,4,-89.11038208007812,583.1666259765625,181.24478149414062,408.320068359375,-1,-1,-1,-1
20,4,-85.82696533203125,574.2915649414062,174.67813110351562,412.9140625,-1,-1,-1,-1
21,4,-80.57382202148438,572.02587890625,170.19232177734375,403.71173095703125,-1,-1,-1,-1
22,4,-28.82406234741211,571.7516479492188,137.474853515625,398.4788818359375,-1,-1,-1,-1
23,4,-34.94062805175781,582.3837280273438,156.4097442626953,390.16156005859375,-1,-1,-1,-1
24,4,-2.7496371269226074,586.6051635742188,139.7508544921875,388.138671875,-1,-1,-1,-1
25,4,-0.9056577682495117,590.4524536132812,142.9632110595703,388.1014404296875,-1,-1,-1,-1
26,4,0.2630743980407715,598.1030883789062,139.28530883789062,386.43353271484375,-1,-1,-1,-1
27,4,0.0968012809753418,594.4625244140625,133.3421630859375,385.4180908203125,-1,-1,-1,-1
28,4,1.179171085357666,590.0279541015625,124.4267349243164,384.820068359375,-1,-1,-1,-1
29,4,1.0958614349365234,583.7597045898438,123.53141784667969,379.93927001953125,-1,-1,-1,-1
30,4,1.1709728240966797,578.6307373046875,135.53892517089844,381.3795166015625,-1,-1,-1,-1
31,4,2.7283225059509277,569.266845703125,146.4499969482422,386.73431396484375,-1,-1,-1,-1
32,4,3.366061210632324,573.6141357421875,153.53382873535156,397.9176025390625,-1,-1,-1,-1
33,4,4.333466529846191,591.76953125,163.3049774169922,400.69366455078125,-1,-1,-1,-1
34,4,-0.16765165328979492,608.9417114257812,171.12571716308594,396.49981689453125,-1,-1,-1,-1
35,4,-2.075648784637451,618.9111328125,160.40882873535156,402.80108642578125,-1,-1,-1,-1
36,4,-55.94877243041992,623.1854858398438,193.13027954101562,416.38055419921875,-1,-1,-1,-1
37,4,-60.11818313598633,633.953369140625,176.6989288330078,384.9508056640625,-1,-1,-1,-1
38,4,-42.53941345214844,637.9818115234375,143.68338012695312,348.1683349609375,-1,-1,-1,-1
39,4,0.020743131637573242,657.0007934570312,79.86862182617188,346.798583984375,-1,-1,-1,-1
40,4,-44.74311828613281,670.7412109375,110.53562927246094,354.06414794921875,-1,-1,-1,-1
41,4,-55.39604187011719,648.6355590820312,133.96961975097656,405.51116943359375,-1,-1,-1,-1
75,5,-98.1051025390625,498.64208984375,199.44052124023438,550.2242431640625,-1,-1,-1,-1
76,5,12.073443412780762,537.98779296875,234.72669982910156,514.7664794921875,-1,-1,-1,-1
77,5,121.21165466308594,555.1275024414062,261.3641357421875,488.35369873046875,-1,-1,-1,-1
78,5,242.99815368652344,557.3641357421875,244.57423400878906,470.3389892578125,-1,-1,-1,-1
79,5,342.7513122558594,548.6898803710938,221.78189086914062,443.12567138671875,-1,-1,-1,-1
80,5,389.9684753417969,532.0006103515625,204.25662231445312,427.08868408203125,-1,-1,-1,-1
81,5,378.92938232421875,513.7332763671875,201.84014892578125,422.61639404296875,-1,-1,-1,-1
82,5,381.0082092285156,513.2850952148438,183.46426391601562,414.26910400390625,-1,-1,-1,-1
83,5,405.82568359375,523.8495483398438,175.47796630859375,404.73052978515625,-1,-1,-1,-1
84,5,418.1082763671875,540.1978149414062,188.1705322265625,409.3929443359375,-1,-1,-1,-1
85,5,399.59722900390625,555.1419677734375,204.9102783203125,421.38238525390625,-1,-1,-1,-1
86,5,366.0281677246094,563.4295654296875,219.14193725585938,432.40087890625,-1,-1,-1,-1
87,5,320.8458251953125,569.533447265625,235.5267333984375,433.86822509765625,-1,-1,-1,-1
88,5,273.0753479003906,562.4053955078125,244.67160034179688,444.75604248046875,-1,-1,-1,-1
89,5,240.4685821533203,556.3615112304688,245.62889099121094,451.6248779296875,-1,-1,-1,-1
90,5,227.24098205566406,560.5770263671875,234.62879943847656,451.86016845703125,-1,-1,-1,-1
91,5,197.5936737060547,565.186767578125,226.0554962158203,456.994384765625,-1,-1,-1,-1
92,5,151.24122619628906,571.1118774414062,218.5515899658203,467.45269775390625,-1,-1,-1,-1
93,5,68.68655395507812,571.6353759765625,221.821044921875,487.6446533203125,-1,-1,-1,-1
78,6,1204.281982421875,574.2687377929688,299.373291015625,545.2048950195312,-1,-1,-1,-1
79,6,1296.478271484375,547.9185791015625,201.992431640625,527.51171875,-1,-1,-1,-1
94,7,-4.71014404296875,575.0027465820312,204.15052795410156,502.05914306640625,-1,-1,-1,-1
95,7,-6.843564510345459,576.3136596679688,139.53598022460938,502.73248291015625,-1,-1,-1,-1
96,7,-15.057046890258789,598.8056030273438,112.63423156738281,488.41278076171875,-1,-1,-1,-1
97,7,-66.62340545654297,578.9483032226562,165.40435791015625,511.59710693359375,-1,-1,-1,-1
98,7,-66.34469604492188,570.5042724609375,163.96783447265625,488.50732421875,-1,-1,-1,-1
99,7,-62.521202087402344,554.0016479492188,170.08370971679688,497.54815673828125,-1,-1,-1,-1
100,7,-54.05517578125,568.0472412109375,184.61456298828125,480.9578857421875,-1,-1,-1,-1
101,7,-37.80124282836914,577.4428100585938,200.37063598632812,560.4926147460938,-1,-1,-1,-1
102,7,-0.2086324691772461,583.26904296875,198.86192321777344,537.3270263671875,-1,-1,-1,-1
103,7,0.8094100952148438,581.6629638671875,203.97149658203125,530.7474365234375,-1,-1,-1,-1
104,7,0.43967533111572266,586.0665283203125,187.672119140625,523.8619384765625,-1,-1,-1,-1
105,7,0.63543701171875,585.7402954101562,158.37168884277344,522.3932495117188,-1,-1,-1,-1
106,7,1.171922206878662,585.6397094726562,134.03305053710938,516.2144165039062,-1,-1,-1,-1
107,7,0.9184737205505371,582.417724609375,129.63978576660156,511.7681884765625,-1,-1,-1,-1
108,7,1.4530706405639648,587.3233642578125,136.94061279296875,522.341552734375,-1,-1,-1,-1
109,7,-27.518184661865234,587.4609985351562,181.1815948486328,545.1882934570312,-1,-1,-1,-1
110,7,-51.64374542236328,590.4412231445312,220.66244506835938,559.5225219726562,-1,-1,-1,-1
111,7,-22.34534454345703,588.3890991210938,203.46304321289062,566.6505737304688,-1,-1,-1,-1
112,7,-11.818414688110352,582.3501586914062,193.94239807128906,563.0866088867188,-1,-1,-1,-1
113,7,-21.120880126953125,577.470947265625,198.92991638183594,557.66650390625,-1,-1,-1,-1
114,7,-21.706729888916016,565.029541015625,192.57034301757812,557.768798828125,-1,-1,-1,-1
115,7,-25.41592025756836,564.582275390625,192.4128875732422,549.1080322265625,-1,-1,-1,-1
116,7,-20.71352767944336,561.6517944335938,193.9064483642578,543.4994506835938,-1,-1,-1,-1
117,7,-13.60423469543457,554.5789794921875,218.229736328125,541.3502197265625,-1,-1,-1,-1
118,7,8.901078224182129,547.8031005859375,237.17811584472656,532.624267578125,-1,-1,-1,-1
119,7,56.33176040649414,543.4183959960938,242.54458618164062,539.1434936523438,-1,-1,-1,-1
120,7,104.26817321777344,536.814697265625,249.15721130371094,537.580810546875,-1,-1,-1,-1
121,7,122.32332611083984,527.3880615234375,282.24896240234375,532.4881591796875,-1,-1,-1,-1
122,7,145.34576416015625,524.6744384765625,299.4324035644531,529.2659912109375,-1,-1,-1,-1
123,7,177.10523986816406,529.1998901367188,299.8658447265625,526.8046264648438,-1,-1,-1,-1
124,7,194.16293334960938,536.227294921875,310.18304443359375,522.8447265625,-1,-1,-1,-1
125,7,200.28225708007812,538.9302978515625,331.0455627441406,510.6466064453125,-1,-1,-1,-1
126,7,184.0734405517578,540.6016235351562,334.97808837890625,504.13006591796875,-1,-1,-1,-1
127,7,154.20350646972656,541.817138671875,330.55059814453125,505.2647705078125,-1,-1,-1,-1
128,7,136.48843383789062,547.3480224609375,310.5374755859375,506.580810546875,-1,-1,-1,-1
129,7,128.3028564453125,552.678466796875,296.40087890625,506.864013671875,-1,-1,-1,-1
130,7,122.81327819824219,559.51513671875,308.07275390625,519.9881591796875,-1,-1,-1,-1
131,7,124.0813217163086,571.0425415039062,311.00732421875,528.5104370117188,-1,-1,-1,-1
132,7,124.83544158935547,570.9639892578125,310.9642028808594,539.17724609375,-1,-1,-1,-1
133,7,130.8518524169922,573.28564453125,302.48162841796875,535.62646484375,-1,-1,-1,-1
134,7,126.4420394897461,575.0593872070312,299.4753723144531,522.4359741210938,-1,-1,-1,-1
135,7,85.93313598632812,588.107177734375,302.6559143066406,517.7265625,-1,-1,-1,-1
136,7,23.357627868652344,605.0462036132812,305.0002746582031,517.8543090820312,-1,-1,-1,-1
137,7,-3.811356544494629,608.4445190429688,268.2426452636719,523.9769897460938,-1,-1,-1,-1
138,7,-29.64567756652832,608.948486328125,238.3800811767578,521.8062744140625,-1,-1,-1,-1
139,7,-86.36383819580078,612.4331665039062,249.69509887695312,514.4155883789062,-1,-1,-1,-1
140,7,-103.52559661865234,610.3557739257812,267.82366943359375,513.2633666992188,-1,-1,-1,-1
141,7,-92.15440368652344,609.0924682617188,256.6501159667969,505.44049072265625,-1,-1,-1,-1
142,7,-107.49400329589844,598.4242553710938,278.99212646484375,527.6168823242188,-1,-1,-1,-1
143,7,-112.24336242675781,598.6124267578125,288.73101806640625,510.326171875,-1,-1,-1,-1
144,7,-134.1878662109375,566.2916870117188,308.3883972167969,541.8986206054688,-1,-1,-1,-1
145,7,-176.38388061523438,550.6061401367188,359.00677490234375,572.3372192382812,-1,-1,-1,-1
146,7,-186.4739532470703,528.1417846679688,375.98077392578125,586.8383178710938,-1,-1,-1,-1
147,7,-173.49114990234375,533.4640502929688,350.0064697265625,564.3020629882812,-1,-1,-1,-1
148,7,-158.79730224609375,552.76611328125,320.61798095703125,526.734375,-1,-1,-1,-1
149,7,-133.53306579589844,587.0194091796875,270.08990478515625,497.6534423828125,-1,-1,-1,-1
150,7,-114.71937561035156,588.5020751953125,232.46229553222656,514.47216796875,-1,-1,-1,-1
151,7,-130.82208251953125,556.4644775390625,264.66693115234375,600.81201171875,-1,-1,-1,-1
152,7,-116.81280517578125,596.50830078125,236.64675903320312,506.408203125,-1,-1,-1,-1
153,7,-112.49540710449219,626.3876953125,228.01234436035156,448.87646484375,-1,-1,-1,-1
154,7,-122.10089111328125,634.4679565429688,247.22384643554688,430.78314208984375,-1,-1,-1,-1
155,7,-147.80845642089844,581.7114868164062,298.639404296875,476.65216064453125,-1,-1,-1,-1
156,7,-158.15084838867188,558.900390625,319.32373046875,553.7259521484375,-1,-1,-1,-1
157,7,-150.885986328125,533.3716430664062,304.7952880859375,559.9586791992188,-1,-1,-1,-1
158,7,-134.73300170898438,533.4956665039062,272.49139404296875,564.4581909179688,-1,-1,-1,-1
159,7,-120.25515747070312,531.3667602539062,243.53582763671875,566.8494262695312,-1,-1,-1,-1
160,7,-100.33960723876953,538.1317749023438,203.7082061767578,559.9362182617188,-1,-1,-1,-1
161,7,-105.96051025390625,551.38232421875,214.952880859375,539.7335205078125,-1,-1,-1,-1
162,7,-115.63262939453125,559.371826171875,234.2950439453125,548.5185546875,-1,-1,-1,-1
163,7,-115.42516326904297,546.447021484375,234.07449340820312,533.41162109375,-1,-1,-1,-1
164,7,-109.1692123413086,541.9031982421875,249.79562377929688,523.9010009765625,-1,-1,-1,-1
165,7,-75.5921401977539,589.3917236328125,234.9739990234375,469.3660888671875,-1,-1,-1,-1
166,7,-95.69112396240234,584.7260131835938,277.0357360839844,463.84075927734375,-1,-1,-1,-1
167,7,-113.63895416259766,551.0699462890625,323.2780456542969,547.9678955078125,-1,-1,-1,-1
168,7,-50.08564758300781,555.1253662109375,301.78271484375,529.7344970703125,-1,-1,-1,-1
169,7,-0.9779577255249023,564.5968627929688,304.8310852050781,510.90472412109375,-1,-1,-1,-1
170,7,54.324867248535156,554.7607421875,280.766845703125,500.0419921875,-1,-1,-1,-1
171,7,82.2003173828125,545.1441040039062,257.71881103515625,491.00531005859375,-1,-1,-1,-1
172,7,91.83584594726562,532.449951171875,230.36181640625,491.330810546875,-1,-1,-1,-1
173,7,99.3705825805664,538.5634765625,230.56793212890625,503.591064453125,-1,-1,-1,-1
174,7,117.88278198242188,548.046142578125,237.117919921875,517.5362548828125,-1,-1,-1,-1
175,7,145.12425231933594,555.88818359375,243.3674774169922,524.5791015625,-1,-1,-1,-1
176,7,172.8160400390625,569.3153686523438,250.26583862304688,515.5206909179688,-1,-1,-1,-1
177,7,205.23533630371094,581.5149536132812,247.2651824951172,504.21209716796875,-1,-1,-1,-1
178,7,227.4263458251953,581.546142578125,245.3918914794922,493.621826171875,-1,-1,-1,-1
179,7,247.26901245117188,576.4195556640625,238.56155395507812,483.027587890625,-1,-1,-1,-1
180,7,264.63238525390625,563.0664672851562,226.34423828125,471.85321044921875,-1,-1,-1,-1
181,7,280.9068298339844,562.1338500976562,201.67758178710938,461.49896240234375,-1,-1,-1,-1
182,7,299.9128723144531,576.054443359375,180.84408569335938,445.4951171875,-1,-1,-1,-1
183,7,313.8708190917969,590.1796875,162.48989868164062,438.9141845703125,-1,-1,-1,-1
184,7,327.8579406738281,605.5988159179688,168.54013061523438,431.71856689453125,-1,-1,-1,-1
185,7,329.8028869628906,617.6279296875,180.45321655273438,426.071533203125,-1,-1,-1,-1
186,7,300.6818542480469,630.6517333984375,216.96023559570312,415.3499755859375,-1,-1,-1,-1
187,7,288.619873046875,634.5690307617188,244.1158447265625,408.97991943359375,-1,-1,-1,-1
188,7,294.5208435058594,630.5189208984375,256.7295837402344,402.5960693359375,-1,-1,-1,-1
189,7,312.2071838378906,625.943359375,254.41659545898438,394.36328125,-1,-1,-1,-1
190,7,309.1335754394531,614.6483154296875,260.1863708496094,390.69500732421875,-1,-1,-1,-1
191,7,326.1246032714844,600.7652587890625,223.45364379882812,395.5469970703125,-1,-1,-1,-1
192,7,309.6003112792969,601.5144653320312,216.35452270507812,392.6346435546875,-1,-1,-1,-1
193,7,291.9681701660156,586.1160278320312,203.2659912109375,390.16546630859375,-1,-1,-1,-1
194,7,280.4258728027344,573.6317138671875,204.986083984375,402.90045166015625,-1,-1,-1,-1
195,7,281.0894470214844,583.2445068359375,211.70809936523438,394.08184814453125,-1,-1,-1,-1
196,7,283.9973449707031,588.6969604492188,220.31829833984375,401.44287109375,-1,-1,-1,-1
197,7,292.1825866699219,595.6430053710938,218.68231201171875,403.55157470703125,-1,-1,-1,-1
198,7,303.8323669433594,600.030029296875,218.66763305664062,402.20556640625,-1,-1,-1,-1
199,7,305.8169860839844,601.4415893554688,210.89419555664062,396.2489013671875,-1,-1,-1,-1
200,7,291.3514099121094,599.4841918945312,208.1663818359375,394.07574462890625,-1,-1,-1,-1
201,7,255.96670532226562,574.8048706054688,210.93130493164062,396.616455078125,-1,-1,-1,-1
202,7,219.84634399414062,558.5704345703125,190.24221801757812,398.905029296875,-1,-1,-1,-1
203,7,194.36134338378906,558.2229614257812,179.8321990966797,401.7176513671875,-1,-1,-1,-1
204,7,172.2433319091797,559.6844482421875,170.37583923339844,406.55303955078125,-1,-1,-1,-1
205,7,149.01174926757812,562.8394775390625,149.88140869140625,404.7066650390625,-1,-1,-1,-1
206,7,134.904541015625,563.9849853515625,145.30343627929688,403.56561279296875,-1,-1,-1,-1
207,7,121.60655975341797,568.9799194335938,160.19338989257812,400.46533203125,-1,-1,-1,-1
208,7,96.39800262451172,575.290283203125,180.25958251953125,407.85797119140625,-1,-1,-1,-1
209,7,68.4871826171875,586.4315185546875,204.86117553710938,418.77069091796875,-1,-1,-1,-1
210,7,44.11783981323242,590.314208984375,224.3601837158203,415.253173828125,-1,-1,-1,-1
211,7,39.216590881347656,587.8350830078125,225.91378784179688,420.1107177734375,-1,-1,-1,-1
212,7,33.08635711669922,580.2174682617188,225.29415893554688,428.2745361328125,-1,-1,-1,-1
213,7,13.713494300842285,560.9697875976562,211.88160705566406,429.82861328125,-1,-1,-1,-1
214,7,-17.95308494567871,531.9136352539062,198.346923828125,433.59442138671875,-1,-1,-1,-1
215,7,-44.65729522705078,504.06024169921875,197.0263671875,439.18121337890625,-1,-1,-1,-1
216,7,-23.252538681030273,496.1264343261719,157.0667266845703,437.7185363769531,-1,-1,-1,-1
217,7,-18.448274612426758,500.6055908203125,137.59823608398438,437.4595947265625,-1,-1,-1,-1
218,7,-10.957979202270508,516.82275390625,143.74661254882812,443.99853515625,-1,-1,-1,-1
219,7,-6.1334943771362305,530.0026245117188,150.97511291503906,456.96124267578125,-1,-1,-1,-1
220,7,-7.513802528381348,543.061767578125,160.59033203125,464.217041015625,-1,-1,-1,-1
221,7,-19.306217193603516,558.1708374023438,184.9091033935547,461.5350341796875,-1,-1,-1,-1
222,7,-15.357990264892578,568.7279663085938,196.43898010253906,458.55511474609375,-1,-1,-1,-1
223,7,-26.645492553710938,573.4104614257812,238.1345977783203,465.98309326171875,-1,-1,-1,-1
224,7,29.381351470947266,580.3787231445312,241.90390014648438,457.63275146484375,-1,-1,-1,-1
225,7,105.26283264160156,586.30859375,219.44667053222656,441.153564453125,-1,-1,-1,-1
226,7,166.29006958007812,590.6351318359375,191.96298217773438,425.64239501953125,-1,-1,-1,-1
227,7,207.29515075683594,600.147705078125,170.7856903076172,411.11956787109375,-1,-1,-1,-1
228,7,238.3909454345703,598.3740234375,154.0598602294922,403.66033935546875,-1,-1,-1,-1
229,7,246.73416137695312,600.8036499023438,155.41790771484375,391.9105224609375,-1,-1,-1,-1
230,7,258.38873291015625,599.0717163085938,160.9866943359375,400.82171630859375,-1,-1,-1,-1
231,7,236.73974609375,596.2581787109375,189.91278076171875,423.8773193359375,-1,-1,-1,-1
232,7,209.17710876464844,598.5926513671875,220.1265411376953,431.4483642578125,-1,-1,-1,-1
233,7,194.54656982421875,597.5814208984375,236.19223022460938,442.33349609375,-1,-1,-1,-1
234,7,185.2073516845703,601.491455078125,237.6499786376953,454.2261962890625,-1,-1,-1,-1
235,7,186.65829467773438,602.0992431640625,227.97976684570312,445.0845947265625,-1,-1,-1,-1
236,7,173.1884765625,594.9016723632812,227.62002563476562,441.61029052734375,-1,-1,-1,-1
237,7,161.11349487304688,576.0810546875,215.26022338867188,444.99932861328125,-1,-1,-1,-1
238,7,147.1178741455078,557.4085693359375,200.5803985595703,445.8465576171875,-1,-1,-1,-1
239,7,141.60525512695312,516.7203369140625,235.06588745117188,456.5179443359375,-1,-1,-1,-1
240,7,189.24049377441406,488.453125,257.92987060546875,478.138427734375,-1,-1,-1,-1
241,7,266.3897705078125,491.9850158691406,261.96514892578125,471.0937194824219,-1,-1,-1,-1
242,7,343.9128723144531,501.61175537109375,253.61495971679688,449.90045166015625,-1,-1,-1,-1
243,7,416.1466064453125,515.1177978515625,238.8785400390625,428.8182373046875,-1,-1,-1,-1
244,7,485.34210205078125,517.2538452148438,217.4189453125,413.87078857421875,-1,-1,-1,-1
245,7,539.6741943359375,519.47998046875,193.80126953125,404.73388671875,-1,-1,-1,-1
246,7,570.8037109375,518.1214599609375,186.04705810546875,399.33154296875,-1,-1,-1,-1
247,7,576.2332153320312,516.1860961914062,200.99456787109375,400.8179931640625,-1,-1,-1,-1
248,7,574.9130859375,519.2998046875,210.31597900390625,412.332763671875,-1,-1,-1,-1
249,7,580.11572265625,527.8135986328125,207.63409423828125,406.32135009765625,-1,-1,-1,-1
250,7,588.4374389648438,528.337158203125,193.79388427734375,404.386474609375,-1,-1,-1,-1
251,7,596.5450439453125,526.0183715820312,187.90509033203125,406.2275390625,-1,-1,-1,-1
252,7,598.2203369140625,525.693359375,186.074462890625,412.6380615234375,-1,-1,-1,-1
253,7,597.0289916992188,526.7018432617188,192.17559814453125,419.3939208984375,-1,-1,-1,-1
254,7,593.8726806640625,520.7860717773438,196.3558349609375,431.1064453125,-1,-1,-1,-1
255,7,589.51611328125,518.7721557617188,202.51666259765625,435.9954833984375,-1,-1,-1,-1
256,7,588.0390014648438,518.1758422851562,215.82745361328125,441.46124267578125,-1,-1,-1,-1
257,7,577.5325317382812,519.0054931640625,219.16546630859375,453.6153564453125,-1,-1,-1,-1
258,7,533.0486450195312,520.9876098632812,220.13702392578125,465.60888671875,-1,-1,-1,-1
259,7,411.2109069824219,518.4677734375,231.91574096679688,495.88287353515625,-1,-1,-1,-1
260,7,280.1046142578125,492.923583984375,243.1671142578125,544.419677734375,-1,-1,-1,-1
261,7,198.05288696289062,479.9248046875,240.779296875,582.524169921875,-1,-1,-1,-1
262,7,169.74075317382812,468.00787353515625,229.94808959960938,606.4192504882812,-1,-1,-1,-1
263,7,168.8788604736328,447.3692321777344,216.4488983154297,614.5660400390625,-1,-1,-1,-1
264,7,181.97837829589844,436.3365478515625,193.4249725341797,617.2811279296875,-1,-1,-1,-1
265,7,179.15963745117188,433.00665283203125,199.92626953125,619.5057983398438,-1,-1,-1,-1
266,7,169.68307495117188,436.761962890625,214.28396606445312,614.927734375,-1,-1,-1,-1
267,7,171.33082580566406,435.36102294921875,229.74388122558594,621.3705444335938,-1,-1,-1,-1
268,7,166.89019775390625,441.7789306640625,267.6626892089844,636.5084228515625,-1,-1,-1,-1
269,7,158.0828399658203,455.3651123046875,299.0751953125,652.8150634765625,-1,-1,-1,-1
270,7,151.19326782226562,486.78924560546875,307.3136901855469,669.8101196289062,-1,-1,-1,-1
271,7,142.71255493164062,508.0577697753906,313.1880187988281,682.5003662109375,-1,-1,-1,-1
272,7,132.6031951904297,494.9669189453125,316.005859375,687.9686279296875,-1,-1,-1,-1
273,7,118.47966003417969,480.2518615722656,319.6168212890625,685.8160400390625,-1,-1,-1,-1
274,7,105.94547271728516,464.37384033203125,311.2517395019531,686.1737670898438,-1,-1,-1,-1
275,7,101.56868743896484,453.7210998535156,316.6860046386719,702.0032958984375,-1,-1,-1,-1
276,7,100.87960815429688,453.2358093261719,332.5812072753906,718.97705078125,-1,-1,-1,-1
277,7,102.52084350585938,458.5190734863281,346.5359802246094,735.9686279296875,-1,-1,-1,-1
278,7,123.79249572753906,464.75701904296875,347.2919921875,750.2858276367188,-1,-1,-1,-1
279,7,144.5521240234375,465.5859375,341.9406433105469,759.0587158203125,-1,-1,-1,-1
280,7,171.54429626464844,464.9073181152344,328.14166259765625,766.4100341796875,-1,-1,-1,-1
281,7,193.02151489257812,470.69573974609375,318.84710693359375,777.0973510742188,-1,-1,-1,-1
282,7,215.66461181640625,484.0586242675781,312.27978515625,778.3779296875,-1,-1,-1,-1
283,7,228.09542846679688,492.93896484375,302.8653869628906,785.8734130859375,-1,-1,-1,-1
284,7,229.89227294921875,506.878662109375,294.41339111328125,786.706298828125,-1,-1,-1,-1
285,7,226.42384338378906,512.5353393554688,284.43975830078125,792.1956176757812,-1,-1,-1,-1
286,7,228.28683471679688,512.630126953125,276.1277770996094,789.556884765625,-1,-1,-1,-1
287,7,238.32534790039062,511.3049011230469,267.4252014160156,785.8255615234375,-1,-1,-1,-1
288,7,243.26864624023438,513.2758178710938,264.390869140625,779.9992065429688,-1,-1,-1,-1
289,7,253.36038208007812,512.7823181152344,260.7043762207031,767.3817138671875,-1,-1,-1,-1
290,7,265.6421813964844,511.98590087890625,261.7448425292969,735.2501831054688,-1,-1,-1,-1
291,7,279.0791015625,507.21771240234375,260.20068359375,692.9614868164062,-1,-1,-1,-1
292,7,303.81585693359375,484.1136779785156,252.33905029296875,669.450439453125,-1,-1,-1,-1
293,7,337.7060241699219,488.35467529296875,248.85391235351562,670.0939331054688,-1,-1,-1,-1
294,7,371.8924560546875,506.0780029296875,264.7388916015625,666.0712890625,-1,-1,-1,-1
295,7,411.0527648925781,505.34930419921875,270.1221008300781,661.0230102539062,-1,-1,-1,-1
296,7,439.58160400390625,489.2806701660156,264.7803955078125,658.2965087890625,-1,-1,-1,-1
297,7,471.75445556640625,483.0306396484375,253.27435302734375,649.227783203125,-1,-1,-1,-1
298,7,507.9813232421875,484.6124267578125,236.41778564453125,631.5546875,-1,-1,-1,-1
299,7,539.2176513671875,485.20294189453125,215.44573974609375,618.6183471679688,-1,-1,-1,-1
300,7,563.9222412109375,488.3314208984375,208.02093505859375,602.8363037109375,-1,-1,-1,-1
301,7,581.3252563476562,497.0406494140625,206.1141357421875,574.721435546875,-1,-1,-1,-1
302,7,590.186767578125,502.16156005859375,226.7967529296875,553.1902465820312,-1,-1,-1,-1
303,7,601.1846313476562,495.853515625,241.43133544921875,559.740234375,-1,-1,-1,-1
304,7,612.4695434570312,487.2802429199219,228.94622802734375,564.60888671875,-1,-1,-1,-1
305,7,609.63525390625,496.48248291015625,224.5361328125,570.9331665039062,-1,-1,-1,-1
306,7,602.3511962890625,510.1084899902344,229.66693115234375,575.3397216796875,-1,-1,-1,-1
307,7,585.3997802734375,520.6243286132812,249.3974609375,575.0470581054688,-1,-1,-1,-1
308,7,575.0921020507812,523.4063720703125,276.640869140625,575.5086669921875,-1,-1,-1,-1
309,7,575.0938720703125,526.2514038085938,268.69732666015625,569.0888061523438,-1,-1,-1,-1
310,7,579.7118530273438,520.349609375,249.0673828125,558.3436279296875,-1,-1,-1,-1
311,7,584.0797119140625,514.3343505859375,229.1160888671875,552.552490234375,-1,-1,-1,-1
312,7,577.6343383789062,516.742431640625,210.07537841796875,549.0028076171875,-1,-1,-1,-1
313,7,570.5492553710938,514.3729858398438,193.932373046875,534.6987915039062,-1,-1,-1,-1
314,7,568.1242065429688,502.9667663574219,168.51031494140625,503.9123229980469,-1,-1,-1,-1
315,7,557.9826049804688,506.2882385253906,170.61895751953125,490.4080505371094,-1,-1,-1,-1
316,7,503.5880126953125,530.0192260742188,204.10113525390625,471.39117431640625,-1,-1,-1,-1
317,7,437.6026916503906,538.3660278320312,228.11026000976562,484.51776123046875,-1,-1,-1,-1
318,7,395.7767333984375,544.149658203125,240.2532958984375,496.787109375,-1,-1,-1,-1
319,7,418.3097839355469,551.2434692382812,234.50759887695312,504.90557861328125,-1,-1,-1,-1
320,7,435.158935546875,547.720947265625,232.115478515625,506.447509765625,-1,-1,-1,-1
321,7,441.2588195800781,544.87890625,230.04025268554688,504.5355224609375,-1,-1,-1,-1
322,7,452.95355224609375,543.222412109375,221.72003173828125,495.4365234375,-1,-1,-1,-1
323,7,462.044921875,537.4736328125,218.03656005859375,487.0677490234375,-1,-1,-1,-1
324,7,480.3297424316406,526.1707763671875,206.12490844726562,480.495849609375,-1,-1,-1,-1
325,7,495.20733642578125,523.6361694335938,182.082763671875,463.2431640625,-1,-1,-1,-1
326,7,507.9419250488281,528.1734619140625,189.49972534179688,463.8138427734375,-1,-1,-1,-1
327,7,506.31103515625,530.070556640625,195.34112548828125,471.1793212890625,-1,-1,-1,-1
328,7,501.7569274902344,525.185546875,193.27206420898438,475.66351318359375,-1,-1,-1,-1
329,7,472.917236328125,515.2696533203125,203.24993896484375,484.158935546875,-1,-1,-1,-1
330,7,429.64599609375,516.6195678710938,217.33154296875,492.162353515625,-1,-1,-1,-1
331,7,389.7095947265625,518.2479858398438,222.86895751953125,503.8140869140625,-1,-1,-1,-1
332,7,359.2865295410156,515.8012084960938,228.59542846679688,510.42596435546875,-1,-1,-1,-1
333,7,341.5299377441406,519.052734375,233.92623901367188,511.94873046875,-1,-1,-1,-1
334,7,338.0867004394531,525.931396484375,227.20523071289062,506.787353515625,-1,-1,-1,-1
335,7,327.04620361328125,528.3176879882812,223.00982666015625,503.09686279296875,-1,-1,-1,-1
336,7,321.0712890625,536.160888671875,208.7833251953125,497.7919921875,-1,-1,-1,-1
337,7,312.4618835449219,543.7197265625,198.57266235351562,485.5997314453125,-1,-1,-1,-1
338,7,299.9131164550781,545.1091918945312,196.30355834960938,479.57733154296875,-1,-1,-1,-1
339,7,291.680419921875,554.9405517578125,198.2861328125,465.919677734375,-1,-1,-1,-1
340,7,269.89495849609375,566.450439453125,224.92022705078125,476.4891357421875,-1,-1,-1,-1
341,7,281.2269592285156,578.5919799804688,222.2667236328125,486.17840576171875,-1,-1,-1,-1
342,7,278.9588928222656,577.57666015625,241.17074584960938,498.1605224609375,-1,-1,-1,-1
343,7,273.6219177246094,583.6199340820312,251.02896118164062,508.07330322265625,-1,-1,-1,-1
344,7,276.10614013671875,585.8442993164062,250.53875732421875,514.4974975585938,-1,-1,-1,-1
345,7,271.2579345703125,573.105224609375,251.82025146484375,519.5535888671875,-1,-1,-1,-1
346,7,273.2178649902344,569.7074584960938,245.34744262695312,520.4231567382812,-1,-1,-1,-1
347,7,268.2226867675781,570.6275634765625,245.69680786132812,510.5880126953125,-1,-1,-1,-1
348,7,270.4108581542969,566.4882202148438,234.24118041992188,506.33587646484375,-1,-1,-1,-1
349,7,281.220947265625,558.457763671875,214.76947021484375,496.548583984375,-1,-1,-1,-1
350,7,285.97528076171875,549.059326171875,196.3853759765625,488.126953125,-1,-1,-1,-1
351,7,291.6366882324219,545.6370849609375,186.4052734375,493.6163330078125,-1,-1,-1,-1
352,7,303.15118408203125,545.7262573242188,182.21224975585938,501.66058349609375,-1,-1,-1,-1
353,7,311.7491455078125,544.7307739257812,185.90594482421875,508.45806884765625,-1,-1,-1,-1
354,7,327.0879821777344,541.9781494140625,193.18771362304688,514.2813720703125,-1,-1,-1,-1
355,7,335.48724365234375,535.2452392578125,217.72052001953125,522.02197265625,-1,-1,-1,-1
356,7,333.7023620605469,551.5631103515625,226.69473266601562,526.8671875,-1,-1,-1,-1
357,7,333.50250244140625,563.9285888671875,224.27752685546875,531.0767822265625,-1,-1,-1,-1
358,7,337.3426208496094,571.22265625,218.67477416992188,523.8001708984375,-1,-1,-1,-1
359,7,338.052001953125,574.2576904296875,212.70635986328125,522.41650390625,-1,-1,-1,-1
360,7,348.3762512207031,578.9329223632812,194.50338745117188,515.9570922851562,-1,-1,-1,-1
361,7,338.7858581542969,581.163330078125,186.24325561523438,512.373291015625,-1,-1,-1,-1
362,7,315.04815673828125,581.9511108398438,188.3480224609375,498.27496337890625,-1,-1,-1,-1
363,7,288.9333801269531,580.8424072265625,193.19509887695312,494.89501953125,-1,-1,-1,-1
364,7,251.90756225585938,588.0805053710938,214.99676513671875,504.57025146484375,-1,-1,-1,-1
365,7,217.39224243164062,599.5809936523438,249.86953735351562,517.9218139648438,-1,-1,-1,-1
366,7,193.58621215820312,597.043701171875,275.8417663574219,532.4034423828125,-1,-1,-1,-1
367,7,180.90914916992188,599.5980224609375,291.2943115234375,546.875,-1,-1,-1,-1
368,7,186.91531372070312,614.6110229492188,290.6058349609375,554.9529418945312,-1,-1,-1,-1
369,7,191.48924255371094,618.3869018554688,284.49566650390625,560.4612426757812,-1,-1,-1,-1
370,7,195.66983032226562,609.3820190429688,274.16058349609375,552.5846557617188,-1,-1,-1,-1
371,7,193.45103454589844,605.1110229492188,267.8983154296875,548.0220336914062,-1,-1,-1,-1
372,7,194.6614990234375,597.0426025390625,254.635498046875,546.6246337890625,-1,-1,-1,-1
373,7,208.69847106933594,586.93310546875,235.57667541503906,528.193359375,-1,-1,-1,-1
374,7,222.65582275390625,578.8917236328125,233.13882446289062,513.614990234375,-1,-1,-1,-1
375,7,240.9268035888672,574.5133056640625,235.7584991455078,518.1072998046875,-1,-1,-1,-1
376,7,266.7247619628906,571.2395629882812,231.54806518554688,530.0786743164062,-1,-1,-1,-1
377,7,298.59735107421875,569.648193359375,223.94512939453125,533.301513671875,-1,-1,-1,-1
378,7,342.23480224609375,562.96142578125,215.06787109375,535.1737060546875,-1,-1,-1,-1
379,7,392.22686767578125,560.4142456054688,208.55499267578125,533.3004760742188,-1,-1,-1,-1
380,7,436.5032958984375,567.4192504882812,198.2132568359375,528.4254760742188,-1,-1,-1,-1
381,7,459.3614196777344,568.2937622070312,197.94363403320312,524.2084350585938,-1,-1,-1,-1
382,7,474.8847961425781,562.435546875,200.33389282226562,517.4208984375,-1,-1,-1,-1
383,7,506.786376953125,562.801025390625,177.26116943359375,509.0096435546875,-1,-1,-1,-1
384,7,539.313720703125,558.0714111328125,155.2647705078125,494.756103515625,-1,-1,-1,-1
385,7,560.4526977539062,548.0064697265625,153.8599853515625,478.911865234375,-1,-1,-1,-1
386,7,575.4052734375,541.7612915039062,149.7877197265625,460.43377685546875,-1,-1,-1,-1
387,7,579.7457275390625,536.1083984375,166.6207275390625,453.8203125,-1,-1,-1,-1
388,7,580.5924682617188,542.1880493164062,179.9237060546875,461.72589111328125,-1,-1,-1,-1
389,7,587.66796875,545.21484375,184.26629638671875,470.0792236328125,-1,-1,-1,-1
390,7,592.015869140625,547.218994140625,190.433349609375,474.31134033203125,-1,-1,-1,-1
391,7,591.0098876953125,553.6736450195312,195.39410400390625,483.09368896484375,-1,-1,-1,-1
392,7,585.8828125,562.591552734375,196.83544921875,486.2919921875,-1,-1,-1,-1
393,7,578.4803466796875,559.1007690429688,194.774658203125,481.74786376953125,-1,-1,-1,-1
394,7,577.768798828125,547.23046875,183.85791015625,484.09765625,-1,-1,-1,-1
395,7,579.3667602539062,544.6260986328125,175.48870849609375,475.9429931640625,-1,-1,-1,-1
396,7,572.2982177734375,540.6181640625,188.7684326171875,456.986572265625,-1,-1,-1,-1
397,7,555.1378784179688,533.6446533203125,201.87579345703125,457.89727783203125,-1,-1,-1,-1
398,7,540.592529296875,537.397216796875,205.394287109375,470.0455322265625,-1,-1,-1,-1
399,7,524.377685546875,548.2833862304688,221.6103515625,479.42999267578125,-1,-1,-1,-1
400,7,508.11260986328125,554.3411865234375,239.57000732421875,490.4942626953125,-1,-1,-1,-1
401,7,496.5340881347656,559.8882446289062,252.70504760742188,497.31170654296875,-1,-1,-1,-1
402,7,496.28668212890625,560.5308227539062,253.64996337890625,500.41375732421875,-1,-1,-1,-1
403,7,497.8078308105469,562.6923828125,240.64883422851562,504.9193115234375,-1,-1,-1,-1
404,7,501.9436950683594,563.256591796875,220.20498657226562,503.7293701171875,-1,-1,-1,-1
405,7,506.580810546875,556.3430786132812,200.5333251953125,507.42193603515625,-1,-1,-1,-1
406,7,497.2772216796875,559.5463256835938,181.8505859375,499.61151123046875,-1,-1,-1,-1
407,7,482.4454650878906,571.0056762695312,168.92507934570312,478.43804931640625,-1,-1,-1,-1
408,7,459.3785400390625,566.2338256835938,177.870849609375,469.91900634765625,-1,-1,-1,-1
409,7,435.821044921875,563.2234497070312,184.79681396484375,466.29754638671875,-1,-1,-1,-1
410,7,394.64764404296875,572.45166015625,192.06689453125,482.458251953125,-1,-1,-1,-1
411,7,339.5748291015625,582.8818969726562,219.964111328125,504.72735595703125,-1,-1,-1,-1
412,7,293.1916809082031,585.3551025390625,242.74545288085938,520.7607421875,-1,-1,-1,-1
413,7,263.5920715332031,585.6978759765625,255.11099243164062,540.2109375,-1,-1,-1,-1
414,7,260.99212646484375,598.350830078125,246.657958984375,546.9781494140625,-1,-1,-1,-1
415,7,266.3252258300781,603.4786376953125,238.52755737304688,540.9041748046875,-1,-1,-1,-1
416,7,278.77886962890625,599.8277587890625,226.016357421875,534.255615234375,-1,-1,-1,-1
417,7,280.6221923828125,585.187744140625,225.54360961914062,533.60302734375,-1,-1,-1,-1
418,7,282.14581298828125,569.0977172851562,218.90802001953125,510.47088623046875,-1,-1,-1,-1
419,7,292.5430908203125,556.6510620117188,199.55648803710938,492.67388916015625,-1,-1,-1,-1
420,7,293.11029052734375,543.208984375,195.22698974609375,509.5115966796875,-1,-1,-1,-1
421,7,307.7558898925781,550.5416259765625,195.54605102539062,519.6173095703125,-1,-1,-1,-1
422,7,327.2536315917969,561.9353637695312,195.32583618164062,524.4080200195312,-1,-1,-1,-1
423,7,351.01031494140625,570.4443359375,221.47357177734375,527.7994384765625,-1,-1,-1,-1
424,7,367.83831787109375,575.4132080078125,232.38970947265625,533.11767578125,-1,-1,-1,-1
425,7,377.5011291503906,586.4281005859375,232.59646606445312,533.9384765625,-1,-1,-1,-1
426,7,387.8388366699219,587.3442993164062,227.96859741210938,534.7453002929688,-1,-1,-1,-1
427,7,402.7327880859375,579.1988525390625,213.5111083984375,528.7103271484375,-1,-1,-1,-1
428,7,406.4940490722656,559.3361206054688,197.17355346679688,520.3031616210938,-1,-1,-1,-1
429,7,413.51165771484375,547.3721923828125,178.0787353515625,504.7767333984375,-1,-1,-1,-1
430,7,421.1886291503906,558.358642578125,177.99526977539062,484.6866455078125,-1,-1,-1,-1
431,7,418.1963195800781,570.6727294921875,185.72860717773438,467.3878173828125,-1,-1,-1,-1
432,7,396.6603698730469,582.4099731445312,194.49819946289062,474.95892333984375,-1,-1,-1,-1
433,7,364.2430725097656,591.1707763671875,232.51107788085938,492.341064453125,-1,-1,-1,-1
434,7,344.1251525878906,598.5706787109375,257.9621276855469,506.155517578125,-1,-1,-1,-1
435,7,335.7375183105469,603.4119873046875,263.9337463378906,516.242431640625,-1,-1,-1,-1
436,7,338.71771240234375,614.1104125976562,260.73101806640625,515.3705444335938,-1,-1,-1,-1
437,7,334.41424560546875,622.0617065429688,260.96759033203125,504.36749267578125,-1,-1,-1,-1
438,7,312.6922607421875,608.185546875,270.357177734375,500.8331298828125,-1,-1,-1,-1
439,7,265.19683837890625,593.1719970703125,287.89935302734375,510.109375,-1,-1,-1,-1
440,7,219.993408203125,598.1607055664062,299.79034423828125,509.87115478515625,-1,-1,-1,-1
441,7,173.9828338623047,592.5903930664062,306.87774658203125,524.0409545898438,-1,-1,-1,-1
442,7,110.80560302734375,592.3070068359375,330.0550842285156,544.8477783203125,-1,-1,-1,-1
443,7,38.45293045043945,590.9935913085938,353.90313720703125,570.0457153320312,-1,-1,-1,-1
444,7,-4.482564926147461,577.6190185546875,352.50189208984375,595.5628662109375,-1,-1,-1,-1
445,7,-1.0943803787231445,567.1603393554688,316.9832458496094,609.2070922851562,-1,-1,-1,-1
446,7,-1.7212247848510742,559.956787109375,288.3796081542969,623.2867431640625,-1,-1,-1,-1
447,7,-3.9362239837646484,554.9031982421875,263.83673095703125,627.752197265625,-1,-1,-1,-1
448,7,-46.4218635559082,600.427490234375,271.07318115234375,576.9722900390625,-1,-1,-1,-1
449,7,-47.921531677246094,720.12939453125,247.66775512695312,467.620849609375,-1,-1,-1,-1
450,7,-23.874595642089844,853.1779174804688,203.57659912109375,371.80450439453125,-1,-1,-1,-1
451,7,0.8084449768066406,845.4708251953125,189.11416625976562,432.9439697265625,-1,-1,-1,-1
202,8,491.1700744628906,758.3710327148438,75.61618041992188,78.571533203125,-1,-1,-1,-1
203,8,474.9420471191406,743.9451904296875,70.11618041992188,89.022705078125,-1,-1,-1,-1
204,8,458.3982849121094,703.56298828125,103.00241088867188,151.8109130859375,-1,-1,-1,-1
205,8,419.9239196777344,594.1779174804688,160.06277465820312,331.6312255859375,-1,-1,-1,-1
258,9,1187.36376953125,559.2235107421875,245.671875,463.173828125,-1,-1,-1,-1
259,9,1053.1954345703125,525.72998046875,238.4134521484375,437.81597900390625,-1,-1,-1,-1
260,9,934.9420776367188,514.0062866210938,197.29010009765625,403.61798095703125,-1,-1,-1,-1
261,9,869.9403076171875,504.7706604003906,173.2149658203125,390.9023132324219,-1,-1,-1,-1
262,9,840.4349975585938,498.2115478515625,167.7420654296875,385.996337890625,-1,-1,-1,-1
263,9,804.621337890625,491.0655212402344,187.279296875,385.8288879394531,-1,-1,-1,-1
264,9,793.2734985351562,488.7823791503906,187.17523193359375,381.7597351074219,-1,-1,-1,-1
265,9,775.67724609375,491.1962585449219,192.4732666015625,375.6841125488281,-1,-1,-1,-1
266,9,764.224853515625,492.1304626464844,193.3939208984375,366.0910949707031,-1,-1,-1,-1
267,9,762.7601318359375,489.9512939453125,196.433837890625,358.5687255859375,-1,-1,-1,-1
268,9,765.1021728515625,492.7083740234375,194.240234375,355.283935546875,-1,-1,-1,-1
269,9,767.8236083984375,496.6388244628906,187.58843994140625,352.0149230957031,-1,-1,-1,-1
270,9,764.4490966796875,500.37811279296875,186.29840087890625,356.76446533203125,-1,-1,-1,-1
271,9,763.3635864257812,502.9306335449219,186.54205322265625,364.5379333496094,-1,-1,-1,-1
272,9,750.720458984375,499.1878662109375,198.59210205078125,356.84136962890625,-1,-1,-1,-1
273,9,777.05859375,493.8397216796875,172.411376953125,337.33056640625,-1,-1,-1,-1
274,9,756.6822509765625,486.56787109375,193.1082763671875,358.27349853515625,-1,-1,-1,-1
275,9,775.7144775390625,487.20928955078125,184.0791015625,358.76947021484375,-1,-1,-1,-1
276,9,805.3280639648438,489.6697082519531,171.08160400390625,356.7608947753906,-1,-1,-1,-1
277,9,806.5799560546875,492.1026916503906,197.61761474609375,358.4488220214844,-1,-1,-1,-1
278,9,808.698974609375,494.4217834472656,216.021484375,358.9232482910156,-1,-1,-1,-1
279,9,813.7728881835938,494.8291931152344,239.75347900390625,357.4569396972656,-1,-1,-1,-1
280,9,818.8027954101562,492.1490173339844,262.15753173828125,361.1194763183594,-1,-1,-1,-1
281,9,828.0567626953125,496.6912841796875,258.4835205078125,359.53839111328125,-1,-1,-1,-1
282,9,854.6990356445312,497.2109375,231.29473876953125,358.73565673828125,-1,-1,-1,-1
283,9,857.3135375976562,498.6006164550781,235.74298095703125,356.8973083496094,-1,-1,-1,-1
284,9,878.8009643554688,504.1492004394531,229.66302490234375,360.0339660644531,-1,-1,-1,-1
285,9,887.670654296875,512.0263671875,204.5645751953125,355.968505859375,-1,-1,-1,-1
286,9,888.2803344726562,536.9369506835938,191.00543212890625,329.44659423828125,-1,-1,-1,-1
287,9,877.7775268554688,510.37103271484375,197.60565185546875,351.23321533203125,-1,-1,-1,-1
288,9,864.47412109375,504.3256530761719,215.330810546875,353.4173278808594,-1,-1,-1,-1
289,9,859.7340087890625,498.9047546386719,220.1903076171875,351.5052185058594,-1,-1,-1,-1
290,9,855.884521484375,496.7086181640625,243.86865234375,351.713134765625,-1,-1,-1,-1
291,9,855.3948974609375,501.1986389160156,249.4815673828125,349.3690490722656,-1,-1,-1,-1
292,9,858.2938842773438,489.8638610839844,267.86297607421875,356.2032775878906,-1,-1,-1,-1
293,9,901.7136840820312,488.9620361328125,261.62799072265625,355.89105224609375,-1,-1,-1,-1
294,9,965.9812622070312,481.6796569824219,226.42498779296875,366.4343566894531,-1,-1,-1,-1
295,9,1014.2449340820312,469.7998962402344,213.29022216796875,378.2240905761719,-1,-1,-1,-1
296,9,1061.545166015625,453.8852844238281,190.279541015625,383.6348571777344,-1,-1,-1,-1
297,9,1089.3028564453125,444.09539794921875,185.5164794921875,394.13250732421875,-1,-1,-1,-1
298,9,1113.34423828125,447.03228759765625,184.2283935546875,406.87188720703125,-1,-1,-1,-1
299,9,1131.5430908203125,458.8067626953125,209.9444580078125,408.51312255859375,-1,-1,-1,-1
300,9,1140.5433349609375,474.5325927734375,226.7265625,406.77313232421875,-1,-1,-1,-1
301,9,1146.730712890625,493.68572998046875,224.9134521484375,403.77313232421875,-1,-1,-1,-1
302,9,1160.9737548828125,503.528076171875,215.4234619140625,406.44775390625,-1,-1,-1,-1
303,9,1192.0224609375,511.8337707519531,194.767333984375,401.4869079589844,-1,-1,-1,-1
304,9,1215.900146484375,510.03802490234375,180.8016357421875,400.50177001953125,-1,-1,-1,-1
305,9,1225.7955322265625,514.938720703125,170.7747802734375,395.58721923828125,-1,-1,-1,-1
306,9,1237.9373779296875,514.7733154296875,146.2178955078125,397.2650146484375,-1,-1,-1,-1
307,9,1220.625732421875,516.1639404296875,162.94091796875,388.80084228515625,-1,-1,-1,-1
308,9,1198.0787353515625,517.3767700195312,194.566162109375,383.89337158203125,-1,-1,-1,-1
309,9,1182.1932373046875,520.626953125,211.919189453125,383.11456298828125,-1,-1,-1,-1
310,9,1166.8831787109375,528.6040649414062,229.504150390625,373.8148193359375,-1,-1,-1,-1
311,9,1142.39404296875,527.7460327148438,253.8077392578125,373.54339599609375,-1,-1,-1,-1
312,9,1115.2760009765625,529.9237670898438,259.2847900390625,367.28564453125,-1,-1,-1,-1
313,9,1099.9967041015625,529.7155151367188,250.787109375,362.41131591796875,-1,-1,-1,-1
314,9,1110.9163818359375,527.398681640625,227.9730224609375,358.02001953125,-1,-1,-1,-1
315,9,1127.8582763671875,523.4590454101562,193.492919921875,356.5360107421875,-1,-1,-1,-1
316,9,1113.2740478515625,522.7278442382812,142.8243408203125,345.873779296875,-1,-1,-1,-1
317,9,1076.0836181640625,521.7959594726562,134.0283203125,334.57757568359375,-1,-1,-1,-1
318,9,1026.9205322265625,517.8158569335938,142.80615234375,331.43988037109375,-1,-1,-1,-1
319,9,1014.12548828125,519.6294555664062,160.791748046875,331.86846923828125,-1,-1,-1,-1
320,9,1011.96630859375,516.0672607421875,185.1031494140625,331.96630859375,-1,-1,-1,-1
321,9,1009.4918212890625,515.2174072265625,204.7474365234375,332.4461669921875,-1,-1,-1,-1
322,9,1010.3840942382812,514.0670166015625,227.87554931640625,335.97412109375,-1,-1,-1,-1
323,9,1027.8048095703125,517.263671875,227.6405029296875,336.23468017578125,-1,-1,-1,-1
324,9,1052.7220458984375,522.017578125,214.884765625,338.12652587890625,-1,-1,-1,-1
325,9,1076.3492431640625,531.2415771484375,193.1632080078125,338.3892822265625,-1,-1,-1,-1
326,9,1102.872802734375,535.643310546875,168.9022216796875,342.87213134765625,-1,-1,-1,-1
327,9,1126.5665283203125,542.9794311523438,133.882080078125,337.97149658203125,-1,-1,-1,-1
328,9,1117.9520263671875,541.049560546875,124.362548828125,334.94671630859375,-1,-1,-1,-1
329,9,1087.1182861328125,527.9271850585938,136.7401123046875,337.48785400390625,-1,-1,-1,-1
330,9,1033.4031982421875,522.3634033203125,179.0079345703125,337.0693359375,-1,-1,-1,-1
331,9,988.3433837890625,519.4769897460938,195.558349609375,333.53924560546875,-1,-1,-1,-1
332,9,955.108154296875,522.1427612304688,200.735595703125,329.30303955078125,-1,-1,-1,-1
333,9,936.9692993164062,524.2611694335938,199.64019775390625,326.072021484375,-1,-1,-1,-1
334,9,928.8858032226562,529.974853515625,198.62506103515625,325.24554443359375,-1,-1,-1,-1
335,9,927.07958984375,538.0496826171875,176.786865234375,321.565185546875,-1,-1,-1,-1
336,9,935.3298950195312,549.11376953125,146.33013916015625,315.5537109375,-1,-1,-1,-1
337,9,943.0260620117188,559.1613159179688,120.57293701171875,310.5037841796875,-1,-1,-1,-1
338,9,950.0576782226562,564.1919555664062,129.77362060546875,304.82305908203125,-1,-1,-1,-1
339,9,949.2404174804688,562.5894775390625,146.81109619140625,317.54522705078125,-1,-1,-1,-1
340,9,941.1416625976562,584.1083984375,170.18341064453125,308.85198974609375,-1,-1,-1,-1
341,9,930.548828125,600.77294921875,193.1934814453125,298.33514404296875,-1,-1,-1,-1
342,9,919.2415161132812,578.630615234375,212.09881591796875,319.0167236328125,-1,-1,-1,-1
343,9,913.5221557617188,593.2681884765625,215.50616455078125,301.46124267578125,-1,-1,-1,-1
344,9,907.7894897460938,569.3760375976562,216.08233642578125,322.661376953125,-1,-1,-1,-1
345,9,921.1260986328125,558.3255615234375,198.0843505859375,319.54248046875,-1,-1,-1,-1
346,9,940.9844360351562,539.2177124023438,177.64385986328125,330.15313720703125,-1,-1,-1,-1
347,9,952.8857421875,532.52880859375,167.827880859375,332.93157958984375,-1,-1,-1,-1
348,9,965.6806640625,530.9076538085938,143.385986328125,333.49566650390625,-1,-1,-1,-1
349,9,970.9742431640625,535.031982421875,128.3026123046875,331.6807861328125,-1,-1,-1,-1
350,9,980.553466796875,543.3916625976562,126.7086181640625,335.37109375,-1,-1,-1,-1
351,9,978.8812255859375,553.8419799804688,164.69580078125,348.24371337890625,-1,-1,-1,-1
352,9,975.7214965820312,563.3089599609375,196.51641845703125,358.13861083984375,-1,-1,-1,-1
353,9,975.000244140625,570.2184448242188,206.78857421875,365.86932373046875,-1,-1,-1,-1
354,9,975.3775024414062,569.7509765625,229.79132080078125,374.9949951171875,-1,-1,-1,-1
355,9,985.9954223632812,563.0118408203125,224.88238525390625,378.40966796875,-1,-1,-1,-1
356,9,994.7532348632812,560.2811889648438,202.30255126953125,374.460693359375,-1,-1,-1,-1
357,9,1006.4481811523438,560.9932861328125,168.24493408203125,369.54107666015625,-1,-1,-1,-1
358,9,1024.4827880859375,567.7849731445312,139.6005859375,368.9619140625,-1,-1,-1,-1
359,9,1044.80908203125,576.0346069335938,156.00927734375,373.2052001953125,-1,-1,-1,-1
360,9,1041.55029296875,580.4457397460938,193.24755859375,392.62109375,-1,-1,-1,-1
361,9,1018.8954467773438,586.2025146484375,225.93011474609375,405.86260986328125,-1,-1,-1,-1
362,9,984.0808715820312,587.5784912109375,254.15142822265625,404.4735107421875,-1,-1,-1,-1
363,9,946.3756103515625,585.9053344726562,267.7640380859375,402.4091796875,-1,-1,-1,-1
364,9,913.00927734375,585.6717529296875,263.412841796875,401.7467041015625,-1,-1,-1,-1
365,9,892.764892578125,585.486083984375,245.92724609375,398.02587890625,-1,-1,-1,-1
366,9,890.3819580078125,573.963134765625,226.246337890625,396.4454345703125,-1,-1,-1,-1
367,9,900.9110107421875,565.5924072265625,207.3682861328125,394.31060791015625,-1,-1,-1,-1
368,9,918.1888427734375,563.9414672851562,187.962646484375,395.52899169921875,-1,-1,-1,-1
369,9,929.5573120117188,557.4306640625,179.28558349609375,397.6314697265625,-1,-1,-1,-1
370,9,934.1019897460938,547.8885498046875,177.10760498046875,399.43310546875,-1,-1,-1,-1
371,9,938.185302734375,545.8212280273438,177.48583984375,409.69677734375,-1,-1,-1,-1
372,9,941.5758056640625,538.5402221679688,210.1357421875,427.7633056640625,-1,-1,-1,-1
373,9,939.0767211914062,538.269775390625,239.63360595703125,433.21270751953125,-1,-1,-1,-1
374,9,937.240478515625,546.0587158203125,250.5499267578125,442.17230224609375,-1,-1,-1,-1
375,9,943.498779296875,555.44384765625,255.763916015625,451.76715087890625,-1,-1,-1,-1
376,9,963.454345703125,557.0916137695312,260.4664306640625,458.09539794921875,-1,-1,-1,-1
377,9,1000.7335205078125,555.5169067382812,263.8089599609375,464.5477294921875,-1,-1,-1,-1
378,9,1053.52685546875,545.7752075195312,265.89111328125,477.32855224609375,-1,-1,-1,-1
379,9,1124.0390625,544.5475463867188,244.4427490234375,481.89825439453125,-1,-1,-1,-1
380,9,1184.4639892578125,539.5517578125,219.081787109375,484.03704833984375,-1,-1,-1,-1
381,9,1212.22021484375,549.92138671875,204.7716064453125,499.986572265625,-1,-1,-1,-1
382,9,1240.3101806640625,562.3695068359375,186.778076171875,504.116455078125,-1,-1,-1,-1
383,9,1259.3426513671875,569.5571899414062,199.6168212890625,465.85797119140625,-1,-1,-1,-1
384,9,1273.6512451171875,564.1378784179688,209.3839111328125,474.39190673828125,-1,-1,-1,-1
385,9,1287.273681640625,502.014404296875,237.8221435546875,549.955810546875,-1,-1,-1,-1
386,9,1261.14697265625,453.29779052734375,296.6807861328125,653.5321655273438,-1,-1,-1,-1
387,9,1254.4195556640625,456.229736328125,310.1368408203125,655.695068359375,-1,-1,-1,-1
388,9,1275.19384765625,488.18621826171875,268.5902099609375,538.5656127929688,-1,-1,-1,-1
389,9,1278.4498291015625,509.6890869140625,262.0792236328125,461.88818359375,-1,-1,-1,-1
390,9,1288.4444580078125,510.9300842285156,242.0899658203125,441.8350524902344,-1,-1,-1,-1
392,9,1272.550537109375,489.2574462890625,273.870361328125,478.407958984375,-1,-1,-1,-1
395,9,1254.9788818359375,462.1324768066406,308.9306640625,506.5105895996094,-1,-1,-1,-1
396,9,1254.549560546875,469.31787109375,309.845703125,522.7564697265625,-1,-1,-1,-1
397,9,1251.9234619140625,471.1683349609375,315.12451171875,532.345703125,-1,-1,-1,-1
398,9,1257.0518798828125,477.89471435546875,304.799560546875,528.9696044921875,-1,-1,-1,-1
399,9,1270.8145751953125,486.17529296875,277.3218994140625,548.45458984375,-1,-1,-1,-1
411,10,1274.5216064453125,498.6784973144531,151.0701904296875,534.82080078125,-1,-1,-1,-1
412,10,1230.7989501953125,488.70751953125,173.63916015625,523.4954833984375,-1,-1,-1,-1
413,10,1196.8115234375,481.1354064941406,191.2747802734375,534.4766845703125,-1,-1,-1,-1
414,10,1187.09716796875,474.9331359863281,199.073486328125,540.0142822265625,-1,-1,-1,-1
415,10,1183.8031005859375,464.97491455078125,211.3909912109375,505.9866943359375,-1,-1,-1,-1
416,10,1184.1986083984375,448.227294921875,218.95751953125,502.8253173828125,-1,-1,-1,-1
417,10,1187.268798828125,433.1488342285156,221.890869140625,494.6593933105469,-1,-1,-1,-1
418,10,1195.377685546875,430.249267578125,213.35107421875,493.4720458984375,-1,-1,-1,-1
419,10,1209.97119140625,451.86456298828125,200.7005615234375,529.03857421875,-1,-1,-1,-1
420,10,1228.3216552734375,446.25543212890625,180.4859619140625,555.9567260742188,-1,-1,-1,-1
421,10,1266.895263671875,446.83233642578125,141.6470947265625,558.6594848632812,-1,-1,-1,-1
422,10,1306.085693359375,440.2732238769531,140.159912109375,572.6571044921875,-1,-1,-1,-1
423,10,1327.901123046875,398.07269287109375,128.58837890625,636.0233764648438,-1,-1,-1,-1
424,10,1310.618896484375,399.132568359375,197.3082275390625,587.385986328125,-1,-1,-1,-1
425,10,1299.9532470703125,422.49072265625,218.930419921875,546.2741088867188,-1,-1,-1,-1
426,10,1300.4732666015625,430.23480224609375,218.028564453125,527.4286499023438,-1,-1,-1,-1
427,10,1306.2958984375,434.26312255859375,206.3798828125,527.4365234375,-1,-1,-1,-1
428,10,1298.6883544921875,444.71728515625,221.59814453125,560.7760620117188,-1,-1,-1,-1
429,10,1297.72607421875,454.828125,223.5177001953125,530.4253540039062,-1,-1,-1,-1
440,11,1276.2342529296875,323.62567138671875,266.506591796875,594.8743286132812,-1,-1,-1,-1
441,11,1275.83837890625,365.01873779296875,234.947021484375,544.078369140625,-1,-1,-1,-1
442,11,1237.662841796875,400.50372314453125,214.7772216796875,504.19000244140625,-1,-1,-1,-1
443,11,1189.1220703125,386.50506591796875,225.8197021484375,598.5167236328125,-1,-1,-1,-1
444,11,1153.7451171875,394.1939392089844,236.1473388671875,591.4046630859375,-1,-1,-1,-1
445,11,1132.8740234375,391.81268310546875,223.21435546875,585.3919677734375,-1,-1,-1,-1
446,11,1114.6064453125,402.65069580078125,215.76806640625,577.0964965820312,-1,-1,-1,-1
447,11,1073.16845703125,403.3116149902344,224.0860595703125,569.4571533203125,-1,-1,-1,-1
448,11,1007.2699584960938,401.13641357421875,240.49945068359375,557.1780395507812,-1,-1,-1,-1
449,11,958.5315551757812,399.828125,255.28082275390625,547.567138671875,-1,-1,-1,-1
450,11,924.2806396484375,402.5755310058594,251.7557373046875,537.6129150390625,-1,-1,-1,-1
451,11,895.4816284179688,403.0787048339844,246.34808349609375,523.4964599609375,-1,-1,-1,-1
452,11,871.961181640625,403.0648193359375,231.807861328125,501.2652587890625,-1,-1,-1,-1
453,11,849.3421020507812,412.8262634277344,194.56988525390625,481.6982727050781,-1,-1,-1,-1
454,11,829.4813842773438,417.04534912109375,170.781982421875,465.833251953125,-1,-1,-1,-1
455,11,813.4122314453125,417.46429443359375,165.4825439453125,457.77789306640625,-1,-1,-1,-1
456,11,792.3785400390625,420.611328125,164.65087890625,460.64361572265625,-1,-1,-1,-1
457,11,753.5335693359375,436.7065734863281,190.39398193359375,458.6062927246094,-1,-1,-1,-1
458,11,725.136474609375,457.3604736328125,213.069580078125,455.80029296875,-1,-1,-1,-1
459,11,709.3770751953125,489.9802551269531,219.5211181640625,432.0650329589844,-1,-1,-1,-1
460,11,705.8963012695312,476.8919677734375,212.6895751953125,450.369873046875,-1,-1,-1,-1
461,11,702.5198974609375,477.4593200683594,199.845458984375,455.4545593261719,-1,-1,-1,-1
462,11,693.8751831054688,477.2341613769531,193.2515869140625,455.1563415527344,-1,-1,-1,-1
463,11,691.95068359375,472.4651184082031,175.04241943359375,442.7604675292969,-1,-1,-1,-1
464,11,681.1565551757812,495.0404968261719,162.24676513671875,418.2301940917969,-1,-1,-1,-1
465,11,669.1817626953125,459.7755126953125,175.79705810546875,458.75457763671875,-1,-1,-1,-1
466,11,666.7056274414062,448.4227294921875,192.944091796875,473.78912353515625,-1,-1,-1,-1
467,11,663.8712158203125,445.0136413574219,192.63525390625,484.8345642089844,-1,-1,-1,-1
468,11,655.7363891601562,457.71197509765625,184.78106689453125,495.2347412109375,-1,-1,-1,-1
469,11,649.90185546875,475.9040832519531,189.4898681640625,502.3066101074219,-1,-1,-1,-1
470,11,649.0835571289062,467.6712646484375,194.82177734375,503.54656982421875,-1,-1,-1,-1
471,11,657.5173950195312,460.7370910644531,201.443359375,506.6440124511719,-1,-1,-1,-1
472,11,665.2899780273438,463.080322265625,201.71429443359375,505.1075439453125,-1,-1,-1,-1
473,11,678.6480102539062,460.7176208496094,188.003662109375,494.3514099121094,-1,-1,-1,-1
474,11,704.02880859375,460.11016845703125,161.642822265625,487.51922607421875,-1,-1,-1,-1
475,11,723.9120483398438,463.7911376953125,143.05804443359375,481.15252685546875,-1,-1,-1,-1
476,11,726.3193969726562,471.6992492675781,157.2845458984375,476.4316101074219,-1,-1,-1,-1
477,11,730.4530029296875,481.6676025390625,177.0921630859375,476.705322265625,-1,-1,-1,-1
478,11,736.3016357421875,486.84539794921875,205.87518310546875,487.92572021484375,-1,-1,-1,-1
479,11,747.5355224609375,485.9404296875,241.4598388671875,502.939453125,-1,-1,-1,-1
480,11,772.7174072265625,492.7184753417969,257.4898681640625,514.0723876953125,-1,-1,-1,-1
481,11,801.4115600585938,499.0970153808594,267.20477294921875,515.0999755859375,-1,-1,-1,-1
482,11,831.1730346679688,501.0675354003906,271.39056396484375,515.635498046875,-1,-1,-1,-1
483,11,853.6226806640625,497.9922180175781,254.7757568359375,517.215087890625,-1,-1,-1,-1
484,11,864.9872436523438,510.8637390136719,223.46990966796875,492.8414611816406,-1,-1,-1,-1
485,11,877.5490112304688,515.8538818359375,180.07513427734375,486.4429931640625,-1,-1,-1,-1
486,11,860.3096923828125,515.5000610351562,160.23681640625,494.819580078125,-1,-1,-1,-1
487,11,839.2742919921875,523.8948364257812,159.1217041015625,502.95086669921875,-1,-1,-1,-1
488,11,827.5851440429688,539.997802734375,169.32940673828125,507.66015625,-1,-1,-1,-1
489,11,814.7195434570312,549.084228515625,192.316162109375,516.15478515625,-1,-1,-1,-1
490,11,790.3400268554688,560.1879272460938,222.0101318359375,522.2958374023438,-1,-1,-1,-1
491,11,774.934814453125,576.4235229492188,235.02947998046875,523.1693725585938,-1,-1,-1,-1
492,11,760.1513671875,599.6869506835938,237.99066162109375,518.4420776367188,-1,-1,-1,-1
493,11,752.5252075195312,607.6785278320312,234.4649658203125,518.7042846679688,-1,-1,-1,-1
494,11,744.4573974609375,602.67822265625,221.21551513671875,508.98779296875,-1,-1,-1,-1
495,11,752.1449584960938,597.852294921875,192.35626220703125,492.06396484375,-1,-1,-1,-1
496,11,769.4327392578125,592.180908203125,159.4091796875,482.568603515625,-1,-1,-1,-1
497,11,768.7791137695312,594.1640625,149.84661865234375,477.961669921875,-1,-1,-1,-1
498,11,770.7298583984375,597.654296875,152.59527587890625,480.6346435546875,-1,-1,-1,-1
499,11,760.319091796875,598.002197265625,176.980712890625,486.8133544921875,-1,-1,-1,-1
500,11,734.9296875,591.2608032226562,221.2646484375,499.03851318359375,-1,-1,-1,-1
501,11,726.9319458007812,586.0564575195312,244.77850341796875,505.37689208984375,-1,-1,-1,-1
502,11,734.1958618164062,583.2922973632812,251.376708984375,505.48065185546875,-1,-1,-1,-1
503,11,753.8568115234375,573.759521484375,250.3883056640625,495.32861328125,-1,-1,-1,-1
504,11,774.9097900390625,560.5646362304688,243.55828857421875,491.13714599609375,-1,-1,-1,-1
505,11,787.5422973632812,561.1190795898438,228.1336669921875,482.13873291015625,-1,-1,-1,-1
506,11,783.6342163085938,567.95703125,196.82574462890625,465.261962890625,-1,-1,-1,-1
507,11,762.3781127929688,573.44287109375,188.27764892578125,460.0867919921875,-1,-1,-1,-1
508,11,748.0848388671875,570.8348999023438,166.42645263671875,468.16229248046875,-1,-1,-1,-1
509,11,743.1195068359375,573.8495483398438,176.72454833984375,476.97503662109375,-1,-1,-1,-1
510,11,740.2302856445312,576.5744018554688,192.20855712890625,490.14569091796875,-1,-1,-1,-1
511,11,720.0905151367188,576.9116821289062,229.773193359375,498.28045654296875,-1,-1,-1,-1
512,11,706.6464233398438,572.7052612304688,255.58447265625,504.22503662109375,-1,-1,-1,-1
513,11,706.440185546875,570.0022583007812,266.77850341796875,507.25494384765625,-1,-1,-1,-1
514,11,723.2570190429688,539.5188598632812,263.50445556640625,511.04071044921875,-1,-1,-1,-1
515,11,735.4724731445312,516.3641357421875,239.77801513671875,509.698974609375,-1,-1,-1,-1
516,11,749.4050903320312,515.5020751953125,222.92755126953125,503.1103515625,-1,-1,-1,-1
517,11,780.0150146484375,506.8375549316406,186.933349609375,506.6864318847656,-1,-1,-1,-1
518,11,812.9214477539062,504.33624267578125,152.39434814453125,505.15960693359375,-1,-1,-1,-1
519,11,830.0913696289062,514.0770263671875,156.38720703125,512.3265380859375,-1,-1,-1,-1
520,11,840.42919921875,526.996826171875,170.1810302734375,526.7952880859375,-1,-1,-1,-1
521,11,834.3484497070312,533.845703125,202.80072021484375,545.2059326171875,-1,-1,-1,-1
522,11,843.3930053710938,533.436767578125,228.02191162109375,555.7955322265625,-1,-1,-1,-1
523,11,865.4083251953125,535.5831298828125,231.12060546875,557.742431640625,-1,-1,-1,-1
524,11,878.8152465820312,548.0967407226562,233.19183349609375,542.5985717773438,-1,-1,-1,-1
525,11,891.4830322265625,549.1285400390625,242.6392822265625,537.12890625,-1,-1,-1,-1
526,11,880.7057495117188,540.6615600585938,253.48468017578125,519.3345336914062,-1,-1,-1,-1
527,11,859.3201904296875,541.1282958984375,255.2412109375,483.48297119140625,-1,-1,-1,-1
528,11,848.4284057617188,539.3500366210938,230.47198486328125,488.38275146484375,-1,-1,-1,-1
529,11,843.9337158203125,548.410400390625,196.2733154296875,499.422607421875,-1,-1,-1,-1
530,11,838.5809326171875,564.1480712890625,196.0836181640625,509.6778564453125,-1,-1,-1,-1
531,11,839.18408203125,580.7726440429688,204.119873046875,519.4724731445312,-1,-1,-1,-1
532,11,812.6982421875,601.2490234375,235.63525390625,532.2879638671875,-1,-1,-1,-1
533,11,803.7920532226562,628.887939453125,256.06732177734375,537.7786865234375,-1,-1,-1,-1
534,11,800.1119995117188,640.8121948242188,264.58050537109375,546.2660522460938,-1,-1,-1,-1
535,11,803.37158203125,645.7845458984375,258.3863525390625,552.8160400390625,-1,-1,-1,-1
536,11,823.402587890625,634.7212524414062,238.030517578125,555.1046752929688,-1,-1,-1,-1
537,11,840.465087890625,618.2017211914062,235.2235107421875,550.1331176757812,-1,-1,-1,-1
538,11,869.7247924804688,601.5546875,220.75213623046875,545.7197265625,-1,-1,-1,-1
539,11,914.314208984375,578.8372192382812,216.52783203125,538.4287719726562,-1,-1,-1,-1
540,11,958.6846313476562,569.125244140625,234.45220947265625,549.0609130859375,-1,-1,-1,-1
541,11,997.8914794921875,570.4227294921875,253.546630859375,575.486083984375,-1,-1,-1,-1
542,11,1027.5177001953125,570.4811401367188,270.7781982421875,595.8287963867188,-1,-1,-1,-1
543,11,1047.512451171875,566.1513671875,283.998779296875,608.4644775390625,-1,-1,-1,-1
544,11,1089.7115478515625,567.7576293945312,283.9053955078125,603.3248901367188,-1,-1,-1,-1
545,11,1160.3614501953125,569.3129272460938,287.4755859375,539.4413452148438,-1,-1,-1,-1
546,11,1245.6064453125,532.9430541992188,277.0626220703125,588.5774536132812,-1,-1,-1,-1
547,11,1269.677734375,459.47003173828125,277.6888427734375,601.8430786132812,-1,-1,-1,-1
552,11,1271.2813720703125,483.1650085449219,276.01806640625,639.1741943359375,-1,-1,-1,-1
553,11,1156.5302734375,600.7958984375,229.3087158203125,512.2467041015625,-1,-1,-1,-1
554,11,1025.2095947265625,610.5180053710938,242.1221923828125,591.7821655273438,-1,-1,-1,-1
555,11,968.0228271484375,612.730712890625,247.5247802734375,582.4954833984375,-1,-1,-1,-1
556,11,900.9957275390625,607.1467895507812,267.4384765625,563.3350219726562,-1,-1,-1,-1
557,11,801.536865234375,613.6064453125,256.743896484375,544.675048828125,-1,-1,-1,-1
558,11,735.9545288085938,623.4151000976562,228.49200439453125,524.3599243164062,-1,-1,-1,-1
559,11,730.0393676757812,615.150634765625,187.0345458984375,514.069580078125,-1,-1,-1,-1
560,11,732.103271484375,611.1215209960938,150.62847900390625,493.53546142578125,-1,-1,-1,-1
561,11,722.4992065429688,604.72216796875,147.59674072265625,495.498779296875,-1,-1,-1,-1
562,11,720.6444702148438,612.6465454101562,161.13751220703125,496.13909912109375,-1,-1,-1,-1
563,11,709.5746459960938,619.2059936523438,188.12237548828125,503.27899169921875,-1,-1,-1,-1
564,11,684.4208984375,628.3231201171875,219.9261474609375,511.059326171875,-1,-1,-1,-1
565,11,682.1185302734375,631.7695922851562,234.4412841796875,511.58172607421875,-1,-1,-1,-1
566,11,690.12841796875,627.705322265625,241.51007080078125,509.9305419921875,-1,-1,-1,-1
567,11,700.9129638671875,628.8671875,237.8975830078125,518.1741943359375,-1,-1,-1,-1
568,11,714.1052856445312,629.8521118164062,224.3565673828125,519.8093872070312,-1,-1,-1,-1
569,11,727.8409423828125,625.7171020507812,205.2891845703125,498.94659423828125,-1,-1,-1,-1
570,11,718.9990234375,621.1180419921875,195.67962646484375,476.639892578125,-1,-1,-1,-1
571,11,699.4322509765625,617.2200927734375,186.6087646484375,482.571533203125,-1,-1,-1,-1
572,11,692.4407958984375,622.203369140625,164.7279052734375,488.4119873046875,-1,-1,-1,-1
573,11,689.22265625,625.9148559570312,168.06085205078125,498.75103759765625,-1,-1,-1,-1
574,11,681.827392578125,630.8367309570312,183.61083984375,512.1983032226562,-1,-1,-1,-1
575,11,651.8561401367188,634.37353515625,219.1160888671875,524.2027587890625,-1,-1,-1,-1
576,11,635.1235961914062,632.1948852539062,241.75592041015625,528.8743286132812,-1,-1,-1,-1
577,11,624.0115966796875,644.3737182617188,252.13726806640625,523.2308959960938,-1,-1,-1,-1
578,11,613.634521484375,649.0217895507812,249.1795654296875,542.8552856445312,-1,-1,-1,-1
579,11,610.6460571289062,629.8056640625,231.31182861328125,553.855224609375,-1,-1,-1,-1
580,11,614.1937866210938,613.6455078125,207.087158203125,548.1009521484375,-1,-1,-1,-1
581,11,634.6962890625,611.2685546875,183.14617919921875,535.5802001953125,-1,-1,-1,-1
582,11,674.2039794921875,606.1919555664062,154.02850341796875,525.1056518554688,-1,-1,-1,-1
583,11,710.48876953125,600.8849487304688,158.510009765625,513.4634399414062,-1,-1,-1,-1
584,11,749.440185546875,593.9221801757812,169.36663818359375,523.4536743164062,-1,-1,-1,-1
585,11,762.9619750976562,585.8449096679688,196.28607177734375,537.0126342773438,-1,-1,-1,-1
586,11,749.4305419921875,575.984619140625,252.3968505859375,552.0391845703125,-1,-1,-1,-1
587,11,759.2720336914062,568.6631469726562,283.57781982421875,562.7105102539062,-1,-1,-1,-1
588,11,790.6406860351562,555.8825073242188,291.58929443359375,572.3594360351562,-1,-1,-1,-1
589,11,819.88427734375,541.71533203125,284.8841552734375,587.6651611328125,-1,-1,-1,-1
590,11,848.8882446289062,526.103271484375,268.19683837890625,603.879150390625,-1,-1,-1,-1
591,11,885.619384765625,502.2344055175781,243.5260009765625,598.583251953125,-1,-1,-1,-1
592,11,926.8087768554688,496.5786437988281,204.76617431640625,580.6734619140625,-1,-1,-1,-1
593,11,953.0753784179688,493.3977966308594,185.70404052734375,595.9052734375,-1,-1,-1,-1
594,11,928.16650390625,488.8901062011719,241.3487548828125,619.0050048828125,-1,-1,-1,-1
595,11,953.8832397460938,489.33428955078125,234.02618408203125,635.1643676757812,-1,-1,-1,-1
596,11,931.7093505859375,492.5614929199219,271.8934326171875,652.9146728515625,-1,-1,-1,-1
597,11,931.6707153320312,504.19854736328125,278.36614990234375,666.5216674804688,-1,-1,-1,-1
598,11,923.209716796875,519.50341796875,294.204345703125,675.2337646484375,-1,-1,-1,-1
599,11,936.5810546875,528.6575317382812,295.9495849609375,686.9743041992188,-1,-1,-1,-1
600,11,953.6732177734375,541.1148681640625,292.5675048828125,683.363525390625,-1,-1,-1,-1
601,11,974.2592163085938,541.692138671875,294.46820068359375,685.485595703125,-1,-1,-1,-1
602,11,997.7521362304688,554.1900634765625,308.26422119140625,682.25244140625,-1,-1,-1,-1
603,11,1040.9781494140625,569.76220703125,304.46826171875,659.7745361328125,-1,-1,-1,-1
604,11,1095.67626953125,570.3184204101562,299.076171875,639.1268920898438,-1,-1,-1,-1
605,11,1121.9019775390625,562.3931884765625,299.5555419921875,630.6700439453125,-1,-1,-1,-1
606,11,1139.4539794921875,556.4176025390625,329.8916015625,654.7279052734375,-1,-1,-1,-1
607,11,1149.49365234375,548.7601928710938,356.640380859375,632.9133911132812,-1,-1,-1,-1
608,11,1175.62646484375,488.24530029296875,379.337646484375,692.4708862304688,-1,-1,-1,-1
609,11,1194.4609375,433.2644958496094,426.046142578125,783.983154296875,-1,-1,-1,-1
526,12,-128.4017791748047,597.8568115234375,360.59283447265625,769.2218017578125,-1,-1,-1,-1
527,12,-133.03121948242188,619.2570190429688,395.0987548828125,784.8939819335938,-1,-1,-1,-1
528,12,-123.48735046386719,664.4083251953125,319.9454345703125,653.1724853515625,-1,-1,-1,-1
529,12,-138.05105590820312,651.2993774414062,299.93890380859375,579.9829711914062,-1,-1,-1,-1
530,12,-157.0130157470703,636.8604736328125,317.77691650390625,572.6693115234375,-1,-1,-1,-1
531,12,-177.10372924804688,610.7930908203125,357.2307434082031,609.2042236328125,-1,-1,-1,-1
532,12,-146.09152221679688,601.281494140625,295.20611572265625,559.325927734375,-1,-1,-1,-1
533,12,-81.71451568603516,633.37890625,166.4625701904297,453.4412841796875,-1,-1,-1,-1
534,12,-86.80599212646484,642.8872680664062,176.63955688476562,452.99005126953125,-1,-1,-1,-1
537,12,-156.69703674316406,548.8325805664062,316.45556640625,650.6466674804688,-1,-1,-1,-1
538,12,-192.28744506835938,526.3374633789062,387.60247802734375,719.7411499023438,-1,-1,-1,-1
539,12,-190.66326904296875,530.3804321289062,412.20538330078125,724.1051635742188,-1,-1,-1,-1
540,12,-70.47628784179688,561.8768920898438,347.9108581542969,622.0825805664062,-1,-1,-1,-1
541,12,-15.590133666992188,550.6727294921875,346.4415283203125,632.2928466796875,-1,-1,-1,-1
542,12,-9.626897811889648,552.8697509765625,379.01416015625,630.4927978515625,-1,-1,-1,-1
543,12,-7.379283905029297,548.680419921875,399.8446960449219,614.237060546875,-1,-1,-1,-1
544,12,22.005319595336914,543.6780395507812,396.3515625,597.4537963867188,-1,-1,-1,-1
545,12,88.41058349609375,534.6972045898438,368.879150390625,574.5707397460938,-1,-1,-1,-1
546,12,180.77627563476562,535.3304443359375,327.0235595703125,536.7703857421875,-1,-1,-1,-1
547,12,178.8795623779297,562.1181030273438,354.53533935546875,497.25115966796875,-1,-1,-1,-1
548,12,248.05722045898438,578.0960693359375,292.5704650878906,488.938720703125,-1,-1,-1,-1
549,12,264.63525390625,607.8172607421875,285.5235595703125,492.29345703125,-1,-1,-1,-1
550,12,247.69320678710938,624.1719970703125,307.2972717285156,501.7724609375,-1,-1,-1,-1
551,12,215.6048583984375,628.84765625,323.73516845703125,507.6571044921875,-1,-1,-1,-1
552,12,137.8494110107422,633.6710205078125,351.8433837890625,513.5374755859375,-1,-1,-1,-1
553,12,18.343345642089844,638.4931640625,371.27099609375,528.676513671875,-1,-1,-1,-1
554,12,-62.25155258178711,627.8755493164062,332.7797546386719,537.5653686523438,-1,-1,-1,-1
555,12,-138.64013671875,654.630126953125,346.1208801269531,511.3681640625,-1,-1,-1,-1
587,13,-116.49930572509766,589.5501708984375,236.69683837890625,410.20263671875,-1,-1,-1,-1
588,13,-100.71803283691406,572.6007080078125,269.59735107421875,488.1055908203125,-1,-1,-1,-1
589,13,-34.498046875,568.275634765625,217.73040771484375,468.573486328125,-1,-1,-1,-1
590,13,-9.9315185546875,561.8958740234375,220.302490234375,442.864013671875,-1,-1,-1,-1
591,13,8.14958667755127,570.5857543945312,219.71229553222656,420.73406982421875,-1,-1,-1,-1
592,13,31.214920043945312,576.890625,211.22938537597656,396.229736328125,-1,-1,-1,-1
593,13,50.426021575927734,588.0824584960938,193.56492614746094,379.11322021484375,-1,-1,-1,-1
594,13,98.00690460205078,609.0504150390625,173.70260620117188,355.1944580078125,-1,-1,-1,-1
595,13,105.57360076904297,616.7650756835938,196.34683227539062,326.012451171875,-1,-1,-1,-1
596,13,115.2751693725586,611.2520141601562,212.97906494140625,315.62017822265625,-1,-1,-1,-1
597,13,126.50952911376953,599.251953125,218.43606567382812,314.4033203125,-1,-1,-1,-1
598,13,142.37179565429688,566.8786010742188,214.08761596679688,332.94940185546875,-1,-1,-1,-1
599,13,155.6050262451172,544.1983032226562,201.7374725341797,341.6905517578125,-1,-1,-1,-1
600,13,175.18687438964844,535.64013671875,169.0786895751953,340.822265625,-1,-1,-1,-1
601,13,193.1287841796875,538.4349365234375,164.73965454101562,328.39300537109375,-1,-1,-1,-1
602,13,225.97296142578125,548.8667602539062,162.85501098632812,309.9691162109375,-1,-1,-1,-1
603,13,254.22702026367188,559.6004638671875,159.2303466796875,305.93560791015625,-1,-1,-1,-1
604,13,300.461181640625,564.8145751953125,149.8934326171875,303.525390625,-1,-1,-1,-1
605,13,347.3149108886719,568.0867309570312,139.17767333984375,303.56121826171875,-1,-1,-1,-1
606,13,364.0810546875,564.9591674804688,150.2183837890625,306.63079833984375,-1,-1,-1,-1
607,13,392.1306457519531,562.305419921875,153.50668334960938,304.47283935546875,-1,-1,-1,-1
608,13,433.0130615234375,562.0650024414062,138.38714599609375,299.9130859375,-1,-1,-1,-1
609,13,475.15692138671875,563.8802490234375,137.02490234375,288.8114013671875,-1,-1,-1,-1
610,13,524.4329223632812,563.6192626953125,133.562744140625,278.165283203125,-1,-1,-1,-1
611,13,565.6259765625,566.5713500976562,128.58349609375,272.136962890625,-1,-1,-1,-1
612,13,590.9846801757812,561.9518432617188,126.68218994140625,275.594482421875,-1,-1,-1,-1
613,13,619.543701171875,565.2662353515625,124.92132568359375,280.087646484375,-1,-1,-1,-1
614,13,645.4963989257812,574.3043212890625,120.702392578125,272.74365234375,-1,-1,-1,-1
615,13,655.2708129882812,565.1163330078125,125.47796630859375,284.25823974609375,-1,-1,-1,-1
616,13,668.3237915039062,563.3622436523438,125.95721435546875,286.77996826171875,-1,-1,-1,-1
617,13,680.5046997070312,582.4086303710938,120.91217041015625,264.9122314453125,-1,-1,-1,-1
618,13,697.0043334960938,574.825927734375,111.8955078125,279.97357177734375,-1,-1,-1,-1
619,13,702.946533203125,568.981201171875,102.3443603515625,283.87249755859375,-1,-1,-1,-1
620,13,698.7323608398438,547.69677734375,114.6864013671875,295.947998046875,-1,-1,-1,-1
621,13,698.602294921875,534.8036499023438,129.66925048828125,298.6727294921875,-1,-1,-1,-1
622,13,690.9818115234375,528.6446533203125,144.1241455078125,300.63153076171875,-1,-1,-1,-1
623,13,699.287109375,525.4540405273438,145.3150634765625,305.06585693359375,-1,-1,-1,-1
624,13,697.8775634765625,523.7132568359375,152.8321533203125,313.62548828125,-1,-1,-1,-1
625,13,688.1874389648438,528.598388671875,166.27069091796875,316.9305419921875,-1,-1,-1,-1
626,13,687.279052734375,525.3656005859375,165.5137939453125,324.95989990234375,-1,-1,-1,-1
627,13,687.5962524414062,529.7786865234375,158.648193359375,327.3853759765625,-1,-1,-1,-1
628,13,689.98828125,522.0026245117188,152.7537841796875,332.43634033203125,-1,-1,-1,-1
629,13,676.98828125,514.4790649414062,149.9117431640625,336.7537841796875,-1,-1,-1,-1
630,13,661.671630859375,513.72021484375,142.46234130859375,340.6405029296875,-1,-1,-1,-1
631,13,627.2965087890625,505.1064758300781,138.18927001953125,348.6446838378906,-1,-1,-1,-1
632,13,526.2001342773438,498.02459716796875,141.36590576171875,361.36376953125,-1,-1,-1,-1
633,13,371.03155517578125,494.0837707519531,159.53814697265625,387.3894348144531,-1,-1,-1,-1
634,13,225.27769470214844,486.65386962890625,177.7924346923828,428.9371337890625,-1,-1,-1,-1
635,13,128.36468505859375,482.78326416015625,199.13314819335938,471.9822998046875,-1,-1,-1,-1
636,13,102.31754302978516,483.32733154296875,211.5439453125,492.10107421875,-1,-1,-1,-1
637,13,99.72481536865234,476.6725769042969,243.87057495117188,509.8507385253906,-1,-1,-1,-1
638,13,102.13946533203125,483.019287109375,282.56268310546875,510.68621826171875,-1,-1,-1,-1
639,13,104.45130157470703,490.21514892578125,312.8210754394531,519.0935668945312,-1,-1,-1,-1
640,13,102.6890640258789,485.4180603027344,329.8499755859375,524.198486328125,-1,-1,-1,-1
641,13,97.94410705566406,461.54364013671875,340.18310546875,537.166015625,-1,-1,-1,-1
642,13,97.52616119384766,447.1944580078125,338.1902160644531,552.9525756835938,-1,-1,-1,-1
643,13,104.47445678710938,448.14398193359375,332.0236511230469,567.6161499023438,-1,-1,-1,-1
644,13,108.12068176269531,453.6474609375,318.25628662109375,584.4871826171875,-1,-1,-1,-1
645,13,108.4019775390625,464.93804931640625,299.51104736328125,602.4684448242188,-1,-1,-1,-1
646,13,110.48564147949219,466.5867919921875,274.5928955078125,631.5416259765625,-1,-1,-1,-1
647,13,113.6511459350586,476.376708984375,251.93307495117188,650.0430908203125,-1,-1,-1,-1
648,13,117.17321014404297,466.4998474121094,258.760986328125,678.490478515625,-1,-1,-1,-1
649,13,145.32044982910156,464.09417724609375,302.55340576171875,694.3735961914062,-1,-1,-1,-1
650,13,196.62518310546875,458.6457214355469,340.77532958984375,694.92529296875,-1,-1,-1,-1
651,13,254.21664428710938,468.71337890625,346.4674987792969,684.5269775390625,-1,-1,-1,-1
652,13,290.218994140625,486.7174987792969,350.168701171875,679.2720947265625,-1,-1,-1,-1
653,13,315.1605529785156,499.611572265625,347.8232116699219,680.60986328125,-1,-1,-1,-1
654,13,339.39605712890625,509.7978515625,336.722412109375,681.19189453125,-1,-1,-1,-1
655,13,382.99530029296875,514.7719116210938,308.3685302734375,680.8908081054688,-1,-1,-1,-1
656,13,418.33221435546875,518.7149658203125,286.69110107421875,677.1456298828125,-1,-1,-1,-1
657,13,481.0935363769531,521.0706176757812,235.64999389648438,675.8921508789062,-1,-1,-1,-1
658,13,506.9869079589844,532.0263061523438,241.78897094726562,671.3308715820312,-1,-1,-1,-1
659,13,529.3728637695312,546.5169067382812,252.11676025390625,656.3456420898438,-1,-1,-1,-1
660,13,542.167236328125,558.39111328125,280.22430419921875,658.8538818359375,-1,-1,-1,-1
661,13,563.3636474609375,583.1295166015625,326.08319091796875,678.3448486328125,-1,-1,-1,-1
662,13,575.6412963867188,599.0536499023438,349.608154296875,693.9888305664062,-1,-1,-1,-1
663,13,589.7021484375,593.85498046875,346.6248779296875,704.9091796875,-1,-1,-1,-1
664,13,592.8822631835938,587.486328125,331.40771484375,716.525146484375,-1,-1,-1,-1
665,13,573.29541015625,582.83984375,327.92083740234375,721.348388671875,-1,-1,-1,-1
666,13,563.23779296875,571.3743286132812,322.2728271484375,715.5191040039062,-1,-1,-1,-1
667,13,563.4439086914062,559.7789916992188,304.22125244140625,710.0734252929688,-1,-1,-1,-1
668,13,590.2804565429688,554.6033325195312,287.89984130859375,685.3674926757812,-1,-1,-1,-1
669,13,627.6060791015625,550.1912231445312,264.615478515625,643.5560913085938,-1,-1,-1,-1
670,13,656.1752319335938,539.5640258789062,247.7354736328125,647.0744018554688,-1,-1,-1,-1
671,13,653.6437377929688,530.1353149414062,240.51153564453125,652.9855346679688,-1,-1,-1,-1
672,13,639.060791015625,524.0214233398438,225.5126953125,655.5199584960938,-1,-1,-1,-1
673,13,612.3869018554688,522.9566040039062,235.1278076171875,654.4000854492188,-1,-1,-1,-1
674,13,582.7271118164062,523.2935180664062,241.65777587890625,650.1693725585938,-1,-1,-1,-1
675,13,548.8095703125,526.9061889648438,254.09429931640625,647.0480346679688,-1,-1,-1,-1
676,13,521.172119140625,538.8675537109375,261.2520751953125,633.3507080078125,-1,-1,-1,-1
677,13,495.47601318359375,540.02734375,267.1986083984375,612.9783935546875,-1,-1,-1,-1
678,13,497.1095886230469,539.7333984375,251.16275024414062,592.4127197265625,-1,-1,-1,-1
679,13,529.53271484375,534.7408447265625,223.12286376953125,567.7900390625,-1,-1,-1,-1
680,13,545.9293823242188,538.8136596679688,224.78924560546875,537.9198608398438,-1,-1,-1,-1
681,13,541.9437255859375,543.774169921875,231.9140625,518.832275390625,-1,-1,-1,-1
682,13,546.3483276367188,551.0404052734375,232.80145263671875,506.75732421875,-1,-1,-1,-1
683,13,550.256591796875,551.54736328125,237.68194580078125,515.2398681640625,-1,-1,-1,-1
684,13,551.8532104492188,562.8903198242188,249.77203369140625,516.9730834960938,-1,-1,-1,-1
685,13,556.049072265625,560.9681396484375,251.9654541015625,518.28857421875,-1,-1,-1,-1
686,13,544.5223999023438,552.10009765625,256.22149658203125,520.7613525390625,-1,-1,-1,-1
687,13,532.46142578125,550.6260375976562,246.58642578125,524.5740356445312,-1,-1,-1,-1
688,13,519.8246459960938,541.9537353515625,230.04583740234375,529.079345703125,-1,-1,-1,-1
689,13,508.92108154296875,536.9073486328125,213.1002197265625,517.5234375,-1,-1,-1,-1
690,13,504.5327453613281,529.6883544921875,192.19851684570312,517.6495361328125,-1,-1,-1,-1
691,13,482.68084716796875,528.8695068359375,183.8939208984375,495.8304443359375,-1,-1,-1,-1
692,13,432.01873779296875,515.9171142578125,181.9720458984375,483.799560546875,-1,-1,-1,-1
693,13,362.16607666015625,492.2686767578125,186.321533203125,497.80169677734375,-1,-1,-1,-1
694,13,309.0719299316406,454.4391784667969,185.18621826171875,517.027099609375,-1,-1,-1,-1
695,13,278.73162841796875,441.4608154296875,188.1224365234375,528.7123413085938,-1,-1,-1,-1
696,13,276.8781433105469,447.8254089355469,190.72775268554688,531.0382080078125,-1,-1,-1,-1
697,13,283.6072998046875,449.39837646484375,196.94900512695312,531.8617553710938,-1,-1,-1,-1
698,13,298.6905212402344,455.976806640625,194.87542724609375,520.7823486328125,-1,-1,-1,-1
699,13,313.73553466796875,460.8389892578125,191.98855590820312,511.1500244140625,-1,-1,-1,-1
700,13,330.6681213378906,472.7790832519531,182.08474731445312,495.5402526855469,-1,-1,-1,-1
701,13,347.251220703125,480.3769226074219,170.29290771484375,486.7002868652344,-1,-1,-1,-1
702,13,355.92279052734375,491.7944030761719,161.6019287109375,469.3186340332031,-1,-1,-1,-1
703,13,371.575439453125,498.5741882324219,160.83343505859375,458.2210388183594,-1,-1,-1,-1
704,13,391.72039794921875,507.3050231933594,158.24908447265625,438.0841369628906,-1,-1,-1,-1
705,13,413.49444580078125,516.5872192382812,156.54534912109375,431.84478759765625,-1,-1,-1,-1
706,13,424.7268981933594,530.4068603515625,179.61636352539062,435.1441650390625,-1,-1,-1,-1
707,13,443.0342712402344,536.4146118164062,197.67636108398438,439.2821044921875,-1,-1,-1,-1
708,13,470.89923095703125,556.54052734375,203.56756591796875,441.794921875,-1,-1,-1,-1
709,13,490.9820861816406,558.998291015625,200.83114624023438,441.504150390625,-1,-1,-1,-1
710,13,491.99346923828125,553.2167358398438,197.43878173828125,448.31524658203125,-1,-1,-1,-1
711,13,474.5656433105469,561.9202880859375,193.94595336914062,452.2364501953125,-1,-1,-1,-1
712,13,417.9762268066406,572.1942749023438,198.52505493164062,457.83978271484375,-1,-1,-1,-1
713,13,331.93377685546875,576.9938354492188,200.232421875,474.38873291015625,-1,-1,-1,-1
714,13,240.63734436035156,571.9301147460938,203.00718688964844,481.60382080078125,-1,-1,-1,-1
715,13,163.4033660888672,559.4342041015625,209.09254455566406,502.695068359375,-1,-1,-1,-1
716,13,94.80587005615234,546.67578125,219.102294921875,527.8729248046875,-1,-1,-1,-1
717,13,47.67660903930664,531.4614868164062,230.29690551757812,554.2028198242188,-1,-1,-1,-1
718,13,21.361217498779297,518.3466186523438,253.2050323486328,571.4995727539062,-1,-1,-1,-1
719,13,31.76263427734375,524.7526245117188,266.8521728515625,572.5647583007812,-1,-1,-1,-1
720,13,51.466796875,533.0723876953125,270.4835510253906,575.0631103515625,-1,-1,-1,-1
721,13,73.24860382080078,543.8947143554688,269.3726501464844,563.2240600585938,-1,-1,-1,-1
722,13,96.5563735961914,551.59521484375,252.835693359375,550.2119140625,-1,-1,-1,-1
723,13,119.65129089355469,559.2891235351562,231.6541290283203,534.6586303710938,-1,-1,-1,-1
724,13,138.77508544921875,556.5505981445312,216.5028076171875,515.0330200195312,-1,-1,-1,-1
725,13,159.16201782226562,537.1240234375,210.71377563476562,501.7437744140625,-1,-1,-1,-1
726,13,179.14752197265625,528.4556884765625,209.83236694335938,492.525390625,-1,-1,-1,-1
727,13,193.5194091796875,530.6154174804688,227.44638061523438,498.08782958984375,-1,-1,-1,-1
728,13,207.70611572265625,549.5121459960938,261.408203125,500.70404052734375,-1,-1,-1,-1
729,13,221.38710021972656,560.2259521484375,280.48199462890625,505.4979248046875,-1,-1,-1,-1
730,13,229.99502563476562,564.3513793945312,290.5889587402344,512.7416381835938,-1,-1,-1,-1
731,13,238.98443603515625,569.9646606445312,291.034423828125,521.9308471679688,-1,-1,-1,-1
732,13,263.8342590332031,558.3803100585938,274.8594665527344,531.0109252929688,-1,-1,-1,-1
733,13,278.7030029296875,547.035400390625,267.0560302734375,521.2646484375,-1,-1,-1,-1
734,13,284.801513671875,543.678955078125,255.46246337890625,513.45751953125,-1,-1,-1,-1
735,13,279.50177001953125,543.447509765625,242.6751708984375,500.4986572265625,-1,-1,-1,-1
736,13,274.4914855957031,546.9173583984375,225.46817016601562,486.82373046875,-1,-1,-1,-1
737,13,266.1271667480469,559.5764770507812,220.94461059570312,496.38446044921875,-1,-1,-1,-1
738,13,261.65765380859375,572.6300659179688,220.31100463867188,515.7341918945312,-1,-1,-1,-1
739,13,260.2132568359375,589.4322509765625,224.06982421875,532.0234375,-1,-1,-1,-1
740,13,255.77586364746094,598.7276611328125,249.7313995361328,547.2413330078125,-1,-1,-1,-1
741,13,250.68112182617188,586.273681640625,264.7760925292969,562.385986328125,-1,-1,-1,-1
742,13,241.80650329589844,579.9839477539062,269.9881591796875,569.1311645507812,-1,-1,-1,-1
743,13,226.2338409423828,572.5532836914062,274.14691162109375,573.4376831054688,-1,-1,-1,-1
744,13,203.56480407714844,560.8317260742188,266.19268798828125,575.5789184570312,-1,-1,-1,-1
745,13,192.32574462890625,555.24267578125,245.42080688476562,569.8199462890625,-1,-1,-1,-1
746,13,202.87045288085938,556.989990234375,229.34054565429688,548.1005859375,-1,-1,-1,-1
747,13,209.3441162109375,557.2200927734375,232.3739013671875,528.5391845703125,-1,-1,-1,-1
748,13,205.50595092773438,561.8648071289062,234.91311645507812,524.9678344726562,-1,-1,-1,-1
749,13,192.25399780273438,574.4519653320312,269.9825744628906,541.6878051757812,-1,-1,-1,-1
750,13,184.95315551757812,597.9332885742188,314.05841064453125,553.0989379882812,-1,-1,-1,-1
751,13,179.8638916015625,623.1856689453125,340.8955078125,566.053466796875,-1,-1,-1,-1
752,13,173.70162963867188,636.7671508789062,356.0136413574219,586.6670532226562,-1,-1,-1,-1
753,13,162.94158935546875,654.4447631835938,365.93695068359375,599.2842407226562,-1,-1,-1,-1
754,13,154.87281799316406,658.7928466796875,364.966064453125,608.378173828125,-1,-1,-1,-1
755,13,153.43296813964844,648.7836303710938,356.70416259765625,602.8226928710938,-1,-1,-1,-1
756,13,154.7931365966797,637.841796875,344.9361572265625,606.7908935546875,-1,-1,-1,-1
757,13,149.3367919921875,629.2962036132812,331.3609313964844,591.1559448242188,-1,-1,-1,-1
758,13,132.88729858398438,625.8104248046875,326.23712158203125,573.3310546875,-1,-1,-1,-1
759,13,113.81974792480469,626.400390625,320.68634033203125,591.2904052734375,-1,-1,-1,-1
760,13,104.77899169921875,626.80810546875,310.6141357421875,619.78857421875,-1,-1,-1,-1
761,13,99.29280090332031,627.8281860351562,320.8831787109375,641.2931518554688,-1,-1,-1,-1
634,14,1143.694091796875,479.41943359375,347.5841064453125,615.55712890625,-1,-1,-1,-1
635,14,1082.884521484375,454.596923828125,330.597900390625,733.5992431640625,-1,-1,-1,-1
636,14,1107.868408203125,475.80926513671875,302.5291748046875,708.4346313476562,-1,-1,-1,-1
637,14,1162.15185546875,420.84942626953125,245.4912109375,738.0775756835938,-1,-1,-1,-1
638,14,1219.5506591796875,396.5884094238281,187.8597412109375,772.8282470703125,-1,-1,-1,-1
639,14,1250.9969482421875,352.86590576171875,161.6927490234375,938.2734985351562,-1,-1,-1,-1
640,14,1298.952392578125,379.724853515625,114.4908447265625,754.8319091796875,-1,-1,-1,-1
641,14,1279.4609375,432.01263427734375,132.6920166015625,677.9418334960938,-1,-1,-1,-1
642,14,1275.875244140625,431.73974609375,148.86474609375,672.2877197265625,-1,-1,-1,-1
643,14,1264.135498046875,502.0013122558594,214.0074462890625,594.4061279296875,-1,-1,-1,-1
644,14,1245.5732421875,485.7903137207031,323.3145751953125,619.629150390625,-1,-1,-1,-1
645,14,1206.7728271484375,440.5534362792969,405.05810546875,676.1380615234375,-1,-1,-1,-1
646,14,1225.931884765625,445.8834228515625,366.7403564453125,699.248779296875,-1,-1,-1,-1
694,15,1176.8387451171875,519.9796142578125,269.1510009765625,685.0469970703125,-1,-1,-1,-1
695,15,1150.1234130859375,520.3088989257812,264.960693359375,662.0693969726562,-1,-1,-1,-1
696,15,1141.7578125,519.6905517578125,272.71533203125,639.8970947265625,-1,-1,-1,-1
697,15,1145.791015625,528.6582641601562,264.10107421875,617.8731079101562,-1,-1,-1,-1
698,15,1149.4052734375,533.962158203125,265.8719482421875,613.4324951171875,-1,-1,-1,-1
699,15,1151.7608642578125,547.804931640625,259.5592041015625,604.56640625,-1,-1,-1,-1
700,15,1168.4677734375,546.00244140625,251.1943359375,611.3577880859375,-1,-1,-1,-1
701,15,1186.955322265625,524.089111328125,284.474609375,646.497802734375,-1,-1,-1,-1
702,15,1190.9560546875,500.9938659667969,351.902587890625,872.0625,-1,-1,-1,-1
703,15,1201.390380859375,451.78839111328125,363.6055908203125,972.8617553710938,-1,-1,-1,-1
704,15,1209.9168701171875,496.8661804199219,398.930908203125,923.1038818359375,-1,-1,-1,-1
705,15,1219.298828125,505.6944885253906,380.3785400390625,922.326904296875,-1,-1,-1,-1
706,15,1220.231689453125,503.7000427246094,378.5157470703125,898.3060302734375,-1,-1,-1,-1
717,16,1169.3765869140625,540.0617065429688,263.03076171875,719.9215698242188,-1,-1,-1,-1
718,16,1161.79150390625,534.09375,274.6990966796875,694.75390625,-1,-1,-1,-1
719,16,1168.0489501953125,531.5708618164062,283.021484375,679.9686889648438,-1,-1,-1,-1
720,16,1181.847900390625,527.307373046875,229.89501953125,654.927734375,-1,-1,-1,-1
721,16,1197.0252685546875,494.40234375,221.8433837890625,676.56640625,-1,-1,-1,-1
722,16,1206.0673828125,471.5536804199219,206.495361328125,862.255859375,-1,-1,-1,-1
723,16,1198.843505859375,440.76397705078125,311.9052734375,965.7140502929688,-1,-1,-1,-1
724,16,1200.3988037109375,460.5301513671875,409.957763671875,959.2137451171875,-1,-1,-1,-1
725,16,1135.3092041015625,432.7621765136719,548.2513427734375,998.4110107421875,-1,-1,-1,-1
