1,1,819.5687255859375,513.3023071289062,125.4510498046875,278.427490234375,-1,-1,-1,-1
2,1,799.4470825195312,501.2845153808594,116.30712890625,279.1476135253906,-1,-1,-1,-1
3,1,783.982666015625,478.4974060058594,112.0477294921875,287.1006774902344,-1,-1,-1,-1
4,1,777.8522338867188,477.0259704589844,103.885986328125,277.5389709472656,-1,-1,-1,-1
5,1,767.949462890625,459.89874267578125,104.12249755859375,287.72003173828125,-1,-1,-1,-1
6,1,753.82861328125,452.951171875,103.06402587890625,286.32550048828125,-1,-1,-1,-1
7,1,741.6971435546875,447.783935546875,103.578369140625,283.89007568359375,-1,-1,-1,-1
8,1,736.4971923828125,445.3216857910156,101.27227783203125,280.4090881347656,-1,-1,-1,-1
9,1,727.7373657226562,447.5382080078125,102.2880859375,276.9803466796875,-1,-1,-1,-1
10,1,723.0750732421875,459.3842468261719,101.8212890625,266.4990539550781,-1,-1,-1,-1
11,1,720.52294921875,458.1231384277344,101.98297119140625,271.1799621582031,-1,-1,-1,-1
12,1,719.99658203125,457.167236328125,102.1630859375,275.230712890625,-1,-1,-1,-1
13,1,720.9888305664062,452.94866943359375,101.9130859375,277.87493896484375,-1,-1,-1,-1
14,1,723.7791748046875,458.37109375,100.43170166015625,277.4078369140625,-1,-1,-1,-1
15,1,726.2426147460938,462.97369384765625,96.6583251953125,276.90484619140625,-1,-1,-1,-1
16,1,717.0672607421875,463.386962890625,93.50347900390625,280.46441650390625,-1,-1,-1,-1
17,1,686.9512939453125,472.3359375,92.67236328125,281.43365478515625,-1,-1,-1,-1
18,1,656.8646240234375,484.76751708984375,92.67462158203125,287.2457275390625,-1,-1,-1,-1
19,1,640.348388671875,491.4874267578125,93.2919921875,300.3060302734375,-1,-1,-1,-1
20,1,647.9575805664062,500.5303039550781,93.4493408203125,301.7030944824219,-1,-1,-1,-1
21,1,669.4201049804688,506.03704833984375,95.83892822265625,306.06121826171875,-1,-1,-1,-1
22,1,693.8037109375,503.9910888671875,94.33416748046875,311.88916015625,-1,-1,-1,-1
23,1,708.5861206054688,502.4718322753906,94.411376953125,311.6140441894531,-1,-1,-1,-1
24,1,717.8299560546875,502.6422424316406,95.90521240234375,316.3833923339844,-1,-1,-1,-1
25,1,720.9404907226562,505.2530212402344,96.7083740234375,317.6092224121094,-1,-1,-1,-1
26,1,715.04833984375,501.3788146972656,99.2579345703125,317.1241149902344,-1,-1,-1,-1
27,1,712.4496459960938,487.360595703125,101.1781005859375,321.69146728515625,-1,-1,-1,-1
28,1,711.9039306640625,480.0916748046875,106.60443115234375,326.1922607421875,-1,-1,-1,-1
29,1,716.93359375,481.4468078613281,108.8717041015625,330.3936462402344,-1,-1,-1,-1
30,1,719.7128295898438,486.85125732421875,112.15765380859375,331.13677978515625,-1,-1,-1,-1
31,1,724.642578125,485.23388671875,116.45672607421875,337.04266357421875,-1,-1,-1,-1
32,1,732.0074462890625,487.7206726074219,116.959716796875,338.3727111816406,-1,-1,-1,-1
33,1,739.0128784179688,483.3454895019531,122.005859375,343.3637390136719,-1,-1,-1,-1
34,1,740.9576416015625,470.8271179199219,125.35089111328125,345.8536071777344,-1,-1,-1,-1
35,1,734.4633178710938,461.9722900390625,124.769287109375,345.22296142578125,-1,-1,-1,-1
36,1,727.1483154296875,461.82171630859375,124.211181640625,345.01312255859375,-1,-1,-1,-1
37,1,729.3831787109375,464.347900390625,122.2864990234375,344.21221923828125,-1,-1,-1,-1
38,1,733.2761840820312,471.7408142089844,119.13067626953125,340.3929748535156,-1,-1,-1,-1
39,1,725.8739013671875,477.8512878417969,122.5272216796875,336.6835021972656,-1,-1,-1,-1
40,1,721.1166381835938,480.37371826171875,125.03314208984375,333.85736083984375,-1,-1,-1,-1
41,1,726.134521484375,485.00079345703125,123.05810546875,328.9932861328125,-1,-1,-1,-1
42,1,729.0078125,497.8934020996094,125.3328857421875,318.1211242675781,-1,-1,-1,-1
43,1,728.909423828125,504.470458984375,127.42864990234375,306.8284912109375,-1,-1,-1,-1
44,1,724.8175659179688,504.7688903808594,125.52593994140625,301.2813415527344,-1,-1,-1,-1
45,1,722.2692260742188,498.06805419921875,123.3656005859375,294.82855224609375,-1,-1,-1,-1
46,1,717.595947265625,487.463134765625,132.5206298828125,295.03961181640625,-1,-1,-1,-1
47,1,717.75537109375,473.07080078125,154.63018798828125,302.8564453125,-1,-1,-1,-1
48,1,756.744384765625,440.1798095703125,177.1854248046875,317.3662109375,-1,-1,-1,-1
49,1,916.7748413085938,376.25189208984375,213.87896728515625,349.71112060546875,-1,-1,-1,-1
50,1,737.6443481445312,347.2604064941406,61.42596435546875,143.25283813476562,-1,-1,-1,-1
1,2,314.62060546875,578.0831298828125,143.57400512695312,246.97479248046875,-1,-1,-1,-1
2,2,282.64752197265625,571.078857421875,155.698486328125,242.28814697265625,-1,-1,-1,-1
3,2,261.6321716308594,556.5574951171875,160.75369262695312,238.98004150390625,-1,-1,-1,-1
4,2,241.74005126953125,544.766845703125,172.31008911132812,241.135498046875,-1,-1,-1,-1
5,2,225.5463409423828,535.1693115234375,177.23585510253906,244.34869384765625,-1,-1,-1,-1
6,2,203.31375122070312,535.1927490234375,173.64642333984375,242.9111328125,-1,-1,-1,-1
7,2,181.55491638183594,533.2926025390625,168.19068908691406,246.4051513671875,-1,-1,-1,-1
8,2,172.01773071289062,532.7246704101562,162.76315307617188,248.505126953125,-1,-1,-1,-1
9,2,158.82347106933594,544.35498046875,149.2100372314453,242.20404052734375,-1,-1,-1,-1
10,2,142.75396728515625,552.57275390625,144.58782958984375,242.48944091796875,-1,-1,-1,-1
11,2,136.97525024414062,555.5359497070312,144.32479858398438,236.3668212890625,-1,-1,-1,-1
12,2,135.29702758789062,552.953857421875,146.41220092773438,246.8695068359375,-1,-1,-1,-1
13,2,132.43821716308594,548.4089965820312,151.53712463378906,252.2755126953125,-1,-1,-1,-1
14,2,133.92172241210938,554.6036376953125,151.00970458984375,246.8841552734375,-1,-1,-1,-1
15,2,131.6288604736328,553.3131713867188,148.88804626464844,247.8184814453125,-1,-1,-1,-1
16,2,107.28418731689453,548.1061401367188,155.51663208007812,254.36785888671875,-1,-1,-1,-1
17,2,62.676841735839844,552.6146240234375,157.07290649414062,261.6572265625,-1,-1,-1,-1
18,2,20.715145111083984,568.2920532226562,157.8411865234375,263.59796142578125,-1,-1,-1,-1
19,2,0.36113882064819336,574.7289428710938,156.0286865234375,268.52496337890625,-1,-1,-1,-1
20,2,3.7444820404052734,574.7576904296875,158.26687622070312,267.79833984375,-1,-1,-1,-1
21,2,24.358089447021484,570.7689208984375,152.57138061523438,265.60638427734375,-1,-1,-1,-1
22,2,44.25810241699219,557.6863403320312,144.8069305419922,267.6240234375,-1,-1,-1,-1
23,2,58.54986572265625,548.3184814453125,129.5408477783203,270.43463134765625,-1,-1,-1,-1
24,2,64.47420120239258,541.44580078125,119.38566589355469,274.5162353515625,-1,-1,-1,-1
25,2,61.765926361083984,542.1102905273438,124.07308959960938,277.39166259765625,-1,-1,-1,-1
26,2,52.074256896972656,532.0419921875,123.93994903564453,281.62493896484375,-1,-1,-1,-1
27,2,45.4006462097168,518.5572509765625,128.67474365234375,288.786865234375,-1,-1,-1,-1
28,2,41.63208770751953,513.737060546875,135.49392700195312,289.1610107421875,-1,-1,-1,-1
29,2,40.84968566894531,523.1317138671875,140.18179321289062,288.33154296875,-1,-1,-1,-1
30,2,38.298255920410156,527.0139770507812,144.02529907226562,291.7899169921875,-1,-1,-1,-1
31,2,36.4736442565918,530.8585815429688,149.39964294433594,293.30126953125,-1,-1,-1,-1
32,2,34.709617614746094,537.96875,151.53298950195312,291.345458984375,-1,-1,-1,-1
33,2,35.189308166503906,541.9108276367188,162.09884643554688,286.51751708984375,-1,-1,-1,-1
34,2,32.75408935546875,541.2970581054688,168.060302734375,286.5394287109375,-1,-1,-1,-1
35,2,17.969404220581055,542.9534301757812,173.02708435058594,283.4300537109375,-1,-1,-1,-1
36,2,7.989995956420898,552.9794311523438,174.5525665283203,272.82666015625,-1,-1,-1,-1
37,2,5.3845696449279785,539.3053588867188,174.65711975097656,287.0465087890625,-1,-1,-1,-1
38,2,3.4884109497070312,538.4520263671875,175.54254150390625,294.33154296875,-1,-1,-1,-1
39,2,-6.88252067565918,539.3225708007812,180.82330322265625,295.91058349609375,-1,-1,-1,-1
40,2,-8.994420051574707,542.441162109375,182.60403442382812,296.04095458984375,-1,-1,-1,-1
41,2,-7.068033218383789,542.9824829101562,183.2473602294922,297.669921875,-1,-1,-1,-1
42,2,-8.844411849975586,545.3650512695312,183.05499267578125,301.7769775390625,-1,-1,-1,-1
43,2,-5.406403541564941,543.8324584960938,176.3702392578125,299.09112548828125,-1,-1,-1,-1
44,2,-21.95348358154297,538.8931274414062,179.60662841796875,308.27801513671875,-1,-1,-1,-1
45,2,-34.8729248046875,519.9981689453125,183.2598419189453,314.29595947265625,-1,-1,-1,-1
46,2,-40.974571228027344,498.6368408203125,190.60494995117188,310.92437744140625,-1,-1,-1,-1
47,2,-35.36216735839844,482.6601257324219,195.39288330078125,310.7432556152344,-1,-1,-1,-1
48,2,24.14476776123047,440.80596923828125,191.33523559570312,300.81134033203125,-1,-1,-1,-1
49,2,209.81637573242188,353.9346008300781,181.1654052734375,296.4562683105469,-1,-1,-1,-1
50,2,411.0951843261719,315.64837646484375,152.65872192382812,280.25531005859375,-1,-1,-1,-1
51,2,531.838623046875,280.3434753417969,138.7674560546875,287.2763366699219,-1,-1,-1,-1
52,2,586.5379028320312,231.42103576660156,133.05938720703125,297.80780029296875,-1,-1,-1,-1
53,2,592.0931396484375,245.06898498535156,134.17803955078125,294.82366943359375,-1,-1,-1,-1
54,2,604.5435180664062,265.1864013671875,133.2994384765625,292.3961181640625,-1,-1,-1,-1
55,2,624.0944213867188,251.24110412597656,129.9302978515625,297.1761474609375,-1,-1,-1,-1
56,2,630.3162841796875,251.38221740722656,128.3795166015625,298.88104248046875,-1,-1,-1,-1
57,2,627.00927734375,265.994140625,125.950927734375,302.624755859375,-1,-1,-1,-1
58,2,584.020751953125,273.8386535644531,128.5008544921875,299.1777038574219,-1,-1,-1,-1
59,2,474.0814514160156,272.8656005859375,138.22366333007812,306.91015625,-1,-1,-1,-1
60,2,658.7603149414062,363.3550109863281,67.26043701171875,130.27047729492188,-1,-1,-1,-1
61,2,561.711181640625,357.8317565917969,57.72296142578125,118.0645751953125,-1,-1,-1,-1
62,2,498.94781494140625,337.5149841308594,50.5020751953125,118.78143310546875,-1,-1,-1,-1
1,3,20.103248596191406,669.0882568359375,218.57180786132812,303.99786376953125,-1,-1,-1,-1
2,3,2.139227867126465,664.3196411132812,213.52297973632812,303.32403564453125,-1,-1,-1,-1
3,3,1.9692935943603516,654.5623779296875,202.0225372314453,296.45654296875,-1,-1,-1,-1
4,3,0.21604061126708984,644.4705200195312,191.68150329589844,296.5133056640625,-1,-1,-1,-1
5,3,0.24352550506591797,634.70751953125,174.18406677246094,296.1099853515625,-1,-1,-1,-1
6,3,-23.636032104492188,621.7603759765625,174.26698303222656,310.59271240234375,-1,-1,-1,-1
7,3,-9.80173110961914,633.1882934570312,137.3350372314453,298.5487060546875,-1,-1,-1,-1
8,3,-69.32608032226562,638.040771484375,194.19056701660156,297.47393798828125,-1,-1,-1,-1
9,3,-42.484413146972656,665.2872924804688,155.96896362304688,275.457275390625,-1,-1,-1,-1
10,3,-6.824010372161865,691.0618286132812,107.08042907714844,239.9688720703125,-1,-1,-1,-1
11,3,-7.428651809692383,696.0537109375,105.88835144042969,236.05316162109375,-1,-1,-1,-1
12,3,-4.590264797210693,693.7188110351562,101.03387451171875,241.09423828125,-1,-1,-1,-1
13,3,-14.051288604736328,675.7816772460938,113.86276245117188,267.1712646484375,-1,-1,-1,-1
14,3,-4.797272205352783,653.8565063476562,103.22493743896484,290.75360107421875,-1,-1,-1,-1
15,3,-38.13919448852539,630.4656982421875,131.04400634765625,307.3795166015625,-1,-1,-1,-1
16,3,-65.50611877441406,600.5399169921875,140.72824096679688,349.7669677734375,-1,-1,-1,-1
17,3,-85.02544403076172,560.025634765625,173.21551513671875,371.088623046875,-1,-1,-1,-1
48,4,397.7959289550781,444.7081604003906,66.8455810546875,120.50491333007812,-1,-1,-1,-1
49,4,559.5580444335938,378.68304443359375,67.40350341796875,117.48284912109375,-1,-1,-1,-1
50,4,741.3349609375,351.4903869628906,56.7506103515625,111.0816650390625,-1,-1,-1,-1
51,4,860.5014038085938,320.18304443359375,52.05609130859375,120.196044921875,-1,-1,-1,-1
50,5,-5.163298606872559,381.91741943359375,311.5293884277344,540.8370971679688,-1,-1,-1,-1
51,5,91.98300170898438,323.8802490234375,315.3453369140625,579.2225341796875,-1,-1,-1,-1
52,5,143.3261260986328,272.7198486328125,313.39166259765625,588.9890747070312,-1,-1,-1,-1
53,5,153.09495544433594,301.9214782714844,321.759033203125,579.3541259765625,-1,-1,-1,-1
54,5,165.8501739501953,318.02099609375,320.70306396484375,579.0728759765625,-1,-1,-1,-1
55,5,175.03948974609375,284.39166259765625,324.3270568847656,601.0411987304688,-1,-1,-1,-1
56,5,175.19754028320312,267.4398498535156,329.5786437988281,630.22265625,-1,-1,-1,-1
57,5,168.01382446289062,269.8275146484375,338.084716796875,655.064208984375,-1,-1,-1,-1
58,5,116.28199005126953,268.2828674316406,361.8246154785156,681.7294921875,-1,-1,-1,-1
59,5,-1.5055732727050781,279.6847839355469,382.1700134277344,710.8619384765625,-1,-1,-1,-1
60,5,306.169677734375,217.52125549316406,177.1678466796875,437.999755859375,-1,-1,-1,-1
61,5,202.04502868652344,260.03955078125,161.9272003173828,338.94635009765625,-1,-1,-1,-1
62,5,113.5679702758789,250.04263305664062,175.49642944335938,347.7292785644531,-1,-1,-1,-1
63,5,72.37884521484375,260.8587951660156,178.23330688476562,352.0495910644531,-1,-1,-1,-1
64,5,50.75625991821289,277.1137390136719,186.39236450195312,354.2750549316406,-1,-1,-1,-1
65,5,50.83656311035156,291.7378234863281,190.75714111328125,356.8928527832031,-1,-1,-1,-1
66,5,48.60615539550781,301.09954833984375,198.0848846435547,360.61651611328125,-1,-1,-1,-1
67,5,52.73157501220703,317.9619140625,203.13128662109375,366.0662841796875,-1,-1,-1,-1
68,5,64.83905792236328,314.35003662109375,211.35546875,369.5228271484375,-1,-1,-1,-1
69,5,85.58014678955078,291.05816650390625,221.08624267578125,371.63067626953125,-1,-1,-1,-1
70,5,125.98321533203125,274.1558837890625,223.94314575195312,374.4046630859375,-1,-1,-1,-1
71,5,161.8114013671875,262.2899169921875,224.26535034179688,375.5616455078125,-1,-1,-1,-1
72,5,205.7073974609375,252.23007202148438,211.8450927734375,378.1138610839844,-1,-1,-1,-1
73,5,241.42584228515625,277.4646301269531,204.46636962890625,376.0309143066406,-1,-1,-1,-1
74,5,286.5548400878906,286.54901123046875,193.00350952148438,375.38214111328125,-1,-1,-1,-1
75,5,324.5317687988281,266.763671875,181.2431640625,382.7998046875,-1,-1,-1,-1
76,5,350.7105407714844,267.9125061035156,177.98178100585938,387.6993103027344,-1,-1,-1,-1
77,5,372.4757995605469,274.9620056152344,175.93460083007812,388.1590270996094,-1,-1,-1,-1
78,5,386.8677978515625,272.7713928222656,183.93206787109375,395.0678405761719,-1,-1,-1,-1
79,5,396.37603759765625,281.2065124511719,191.7940673828125,398.6387634277344,-1,-1,-1,-1
80,5,417.4903869628906,276.4210510253906,192.70870971679688,404.4590148925781,-1,-1,-1,-1
81,5,436.7071838378906,281.2867126464844,194.75741577148438,406.4562072753906,-1,-1,-1,-1
82,5,475.9901123046875,292.89300537109375,187.3802490234375,407.96990966796875,-1,-1,-1,-1
83,5,513.121337890625,307.78363037109375,190.89544677734375,409.49835205078125,-1,-1,-1,-1
84,5,542.0681762695312,319.8249206542969,189.6673583984375,413.1133728027344,-1,-1,-1,-1
85,5,545.1544189453125,318.4110412597656,186.7855224609375,422.6792907714844,-1,-1,-1,-1
86,5,521.6489868164062,293.42755126953125,183.32672119140625,439.8701171875,-1,-1,-1,-1
87,5,474.35693359375,265.1418151855469,172.9737548828125,446.9598083496094,-1,-1,-1,-1
88,5,403.8152770996094,264.7416076660156,157.23416137695312,449.9316101074219,-1,-1,-1,-1
89,5,363.3147277832031,293.2988586425781,134.96481323242188,442.4648132324219,-1,-1,-1,-1
90,5,348.8070983886719,316.41497802734375,140.72976684570312,434.45941162109375,-1,-1,-1,-1
91,5,363.03009033203125,329.3471984863281,155.19671630859375,430.8350524902344,-1,-1,-1,-1
92,5,362.61077880859375,338.0747985839844,188.79388427734375,433.2992248535156,-1,-1,-1,-1
93,5,354.7090148925781,345.4345703125,218.31814575195312,437.0985107421875,-1,-1,-1,-1
94,5,366.85260009765625,338.5133056640625,220.6326904296875,432.4744873046875,-1,-1,-1,-1
95,5,398.917724609375,339.8287658691406,218.06640625,425.6917419433594,-1,-1,-1,-1
96,5,460.719970703125,332.64599609375,185.831787109375,415.589111328125,-1,-1,-1,-1
97,5,489.2915344238281,333.0793151855469,162.71804809570312,404.9505920410156,-1,-1,-1,-1
98,5,525.7206420898438,351.1270751953125,142.1697998046875,402.462646484375,-1,-1,-1,-1
99,5,576.996337890625,354.9432067871094,132.31475830078125,407.4996032714844,-1,-1,-1,-1
100,5,621.684326171875,364.5125732421875,136.017578125,404.54925537109375,-1,-1,-1,-1
101,5,658.2128295898438,376.08111572265625,136.44268798828125,410.28717041015625,-1,-1,-1,-1
102,5,686.9010620117188,378.19500732421875,148.99835205078125,409.82110595703125,-1,-1,-1,-1
103,5,715.1898803710938,344.4825439453125,162.39215087890625,416.8104248046875,-1,-1,-1,-1
104,5,731.796875,307.0699462890625,181.236328125,427.0386962890625,-1,-1,-1,-1
105,5,746.9464111328125,286.5593566894531,183.349609375,429.7049865722656,-1,-1,-1,-1
106,5,758.419189453125,292.5433349609375,186.847900390625,429.1016845703125,-1,-1,-1,-1
107,5,771.00732421875,317.80657958984375,174.03326416015625,419.168701171875,-1,-1,-1,-1
108,5,772.6865844726562,350.60150146484375,154.36053466796875,396.4781494140625,-1,-1,-1,-1
109,5,768.1431884765625,365.40673828125,158.65936279296875,375.4852294921875,-1,-1,-1,-1
110,5,755.8571166992188,374.0592041015625,134.7093505859375,354.80535888671875,-1,-1,-1,-1
111,5,714.43505859375,381.0162048339844,123.77178955078125,349.5132141113281,-1,-1,-1,-1
112,5,662.0045776367188,378.03680419921875,126.68994140625,343.8934326171875,-1,-1,-1,-1
113,5,619.7877807617188,360.361083984375,143.02984619140625,344.7623291015625,-1,-1,-1,-1
114,5,592.6287231445312,363.1977233886719,171.84771728515625,341.5408020019531,-1,-1,-1,-1
115,5,575.0945434570312,383.11993408203125,160.61370849609375,328.927490234375,-1,-1,-1,-1
116,5,556.5471801757812,415.190673828125,145.03857421875,323.051513671875,-1,-1,-1,-1
117,5,535.811279296875,434.9541320800781,134.98992919921875,323.9195251464844,-1,-1,-1,-1
118,5,522.4262084960938,457.9661560058594,129.73223876953125,325.0337829589844,-1,-1,-1,-1
119,5,516.2120361328125,485.7256774902344,126.4053955078125,331.5504455566406,-1,-1,-1,-1
120,5,516.529296875,514.0247192382812,126.2998046875,337.3826904296875,-1,-1,-1,-1
121,5,515.5737915039062,536.8357543945312,125.65234375,342.6722412109375,-1,-1,-1,-1
122,5,501.953857421875,537.5517578125,127.13543701171875,351.04107666015625,-1,-1,-1,-1
123,5,479.4149169921875,521.6712036132812,130.41094970703125,359.9754638671875,-1,-1,-1,-1
124,5,457.8035888671875,525.5056762695312,126.62274169921875,362.17535400390625,-1,-1,-1,-1
125,5,436.0992126464844,545.3797607421875,125.61538696289062,369.1146240234375,-1,-1,-1,-1
126,5,417.9499816894531,574.006103515625,125.45126342773438,373.9490966796875,-1,-1,-1,-1
127,5,392.6005859375,589.2401123046875,125.0184326171875,376.22357177734375,-1,-1,-1,-1
128,5,353.04522705078125,587.422119140625,134.6639404296875,382.57098388671875,-1,-1,-1,-1
129,5,309.83709716796875,588.1926879882812,138.96023559570312,389.90203857421875,-1,-1,-1,-1
130,5,273.7471923828125,580.7442626953125,140.61886596679688,398.26123046875,-1,-1,-1,-1
131,5,243.91258239746094,562.8955688476562,145.0674285888672,403.016357421875,-1,-1,-1,-1
132,5,235.7127227783203,542.6497802734375,141.35816955566406,407.422607421875,-1,-1,-1,-1
133,5,234.4247589111328,535.5934448242188,138.93458557128906,408.3218994140625,-1,-1,-1,-1
134,5,239.22503662109375,534.1600952148438,137.89337158203125,402.57574462890625,-1,-1,-1,-1
135,5,246.9996795654297,532.72412109375,134.5773468017578,397.0859375,-1,-1,-1,-1
136,5,251.08624267578125,530.3055419921875,136.06280517578125,392.862060546875,-1,-1,-1,-1
137,5,253.274658203125,524.8192138671875,134.62994384765625,392.8934326171875,-1,-1,-1,-1
138,5,256.2103271484375,525.2607421875,133.150634765625,390.401611328125,-1,-1,-1,-1
139,5,260.9999694824219,530.13037109375,130.72860717773438,380.99432373046875,-1,-1,-1,-1
140,5,276.2477111816406,543.2648315429688,131.42947387695312,369.21978759765625,-1,-1,-1,-1
141,5,290.2038269042969,561.752197265625,136.87380981445312,361.7110595703125,-1,-1,-1,-1
142,5,306.801025390625,582.5159912109375,147.21612548828125,349.1480712890625,-1,-1,-1,-1
143,5,328.4363708496094,596.5355224609375,153.97390747070312,336.428466796875,-1,-1,-1,-1
144,5,354.1590576171875,600.5066528320312,141.69766235351562,318.86041259765625,-1,-1,-1,-1
145,5,369.3821716308594,589.109619140625,138.25814819335938,307.3623046875,-1,-1,-1,-1
146,5,383.46783447265625,573.8089599609375,135.45196533203125,302.50799560546875,-1,-1,-1,-1
147,5,406.7296447753906,558.2156982421875,131.21249389648438,301.46026611328125,-1,-1,-1,-1
148,5,413.1335144042969,549.4110717773438,132.41244506835938,302.8304443359375,-1,-1,-1,-1
149,5,398.5588684082031,538.708984375,151.53463745117188,309.17510986328125,-1,-1,-1,-1
150,5,397.62469482421875,539.2930297851562,158.28155517578125,314.15936279296875,-1,-1,-1,-1
151,5,393.3376770019531,547.5914306640625,165.53817749023438,315.6484375,-1,-1,-1,-1
152,5,369.7706604003906,556.7592163085938,183.69052124023438,311.6907958984375,-1,-1,-1,-1
153,5,361.64361572265625,565.1437377929688,174.78131103515625,319.06732177734375,-1,-1,-1,-1
154,5,361.3929748535156,576.9983520507812,170.85989379882812,348.62255859375,-1,-1,-1,-1
155,5,351.4121398925781,580.218994140625,175.97720336914062,380.663330078125,-1,-1,-1,-1
156,5,341.5227355957031,578.3661499023438,182.31088256835938,404.2640380859375,-1,-1,-1,-1
157,5,317.5718078613281,572.0404663085938,231.84585571289062,418.37823486328125,-1,-1,-1,-1
158,5,293.5721130371094,564.7982788085938,256.4546813964844,411.87335205078125,-1,-1,-1,-1
159,5,256.88214111328125,543.277587890625,268.57733154296875,424.89642333984375,-1,-1,-1,-1
160,5,221.1143798828125,532.7612915039062,298.0035400390625,431.15142822265625,-1,-1,-1,-1
161,5,181.69781494140625,567.08349609375,308.51690673828125,392.9976806640625,-1,-1,-1,-1
162,5,127.15680694580078,584.524169921875,331.4591064453125,461.04345703125,-1,-1,-1,-1
163,5,42.29716491699219,588.1522216796875,379.908447265625,566.18505859375,-1,-1,-1,-1
164,5,-23.502845764160156,606.6664428710938,392.8264465332031,610.3862915039062,-1,-1,-1,-1
165,5,-172.37599182128906,643.263671875,508.80499267578125,638.832763671875,-1,-1,-1,-1
166,5,-232.93284606933594,628.8988037109375,597.70849609375,716.5665283203125,-1,-1,-1,-1
167,5,-254.1448516845703,612.9026489257812,720.7528686523438,814.2476196289062,-1,-1,-1,-1
168,5,-185.94395446777344,655.0925903320312,968.556396484375,782.7123413085938,-1,-1,-1,-1
169,5,-68.2413330078125,685.9429321289062,927.600830078125,740.5486450195312,-1,-1,-1,-1
170,5,26.797531127929688,761.21142578125,920.4473266601562,666.3685302734375,-1,-1,-1,-1
171,5,-4.699192047119141,835.9194946289062,1037.5133056640625,608.6193237304688,-1,-1,-1,-1
172,5,83.08248138427734,864.763427734375,998.1698608398438,554.8887939453125,-1,-1,-1,-1
173,5,190.92813110351562,889.8656616210938,912.656494140625,531.8694458007812,-1,-1,-1,-1
174,5,132.48974609375,829.58837890625,1009.9754638671875,634.9765625,-1,-1,-1,-1
175,5,64.29019927978516,893.1240844726562,1098.4739990234375,572.5624389648438,-1,-1,-1,-1
50,6,1129.1722412109375,342.1682434082031,224.2825927734375,398.8121643066406,-1,-1,-1,-1
51,6,1276.7353515625,367.63140869140625,140.100830078125,391.91937255859375,-1,-1,-1,-1
52,6,1303.1951904296875,255.62603759765625,196.3333740234375,529.6442260742188,-1,-1,-1,-1
53,6,1275.88623046875,257.966796875,267.203125,548.803466796875,-1,-1,-1,-1
54,6,1274.9715576171875,293.1381530761719,269.0333251953125,558.87060546875,-1,-1,-1,-1
55,6,1256.7161865234375,277.2088928222656,305.54638671875,601.860595703125,-1,-1,-1,-1
56,6,1256.6661376953125,288.2391052246094,305.6441650390625,608.9853515625,-1,-1,-1,-1
57,6,1259.712158203125,310.5608825683594,299.5509033203125,605.94775390625,-1,-1,-1,-1
58,6,1285.037109375,345.8002014160156,248.90185546875,540.9088134765625,-1,-1,-1,-1
59,6,1218.2099609375,419.9317932128906,221.2930908203125,440.7572326660156,-1,-1,-1,-1
60,6,1080.1492919921875,406.94268798828125,251.2574462890625,436.75872802734375,-1,-1,-1,-1
61,6,976.119140625,401.22869873046875,235.859130859375,427.8201904296875,-1,-1,-1,-1
62,6,904.5061645507812,390.7970275878906,229.20111083984375,430.3669128417969,-1,-1,-1,-1
63,6,877.2221069335938,389.42254638671875,221.96868896484375,438.9273681640625,-1,-1,-1,-1
64,6,879.3292236328125,401.35711669921875,205.2689208984375,436.50787353515625,-1,-1,-1,-1
65,6,888.4725341796875,416.00579833984375,206.2720947265625,424.310302734375,-1,-1,-1,-1
66,6,890.880615234375,417.55865478515625,214.7283935546875,419.4644775390625,-1,-1,-1,-1
67,6,905.0732421875,407.8911437988281,228.669921875,426.1361999511719,-1,-1,-1,-1
68,6,937.4443359375,382.9258117675781,237.96630859375,449.3122863769531,-1,-1,-1,-1
69,6,985.9696044921875,337.0254211425781,241.345947265625,475.5740051269531,-1,-1,-1,-1
70,6,1040.9110107421875,293.82037353515625,251.413330078125,503.08758544921875,-1,-1,-1,-1
71,6,1077.2081298828125,276.4654541015625,266.139404296875,533.8667602539062,-1,-1,-1,-1
72,6,1093.777587890625,291.8797607421875,290.482666015625,538.9664306640625,-1,-1,-1,-1
73,6,1117.8226318359375,324.42626953125,287.6890869140625,534.7718505859375,-1,-1,-1,-1
74,6,1154.2685546875,349.34234619140625,269.0325927734375,533.7697143554688,-1,-1,-1,-1
75,6,1191.3414306640625,387.1011657714844,253.6075439453125,510.1773986816406,-1,-1,-1,-1
76,6,1228.0087890625,398.9481506347656,207.697265625,508.4552917480469,-1,-1,-1,-1
77,6,1253.1680908203125,414.4324645996094,179.6439208984375,505.1542053222656,-1,-1,-1,-1
78,6,1266.8472900390625,369.9959716796875,212.0467529296875,551.0711669921875,-1,-1,-1,-1
79,6,1270.2659912109375,334.05657958984375,276.0919189453125,593.1436767578125,-1,-1,-1,-1
80,6,1251.0333251953125,342.90887451171875,316.887939453125,602.6376342773438,-1,-1,-1,-1
81,6,1234.7386474609375,341.74407958984375,349.4888916015625,623.036376953125,-1,-1,-1,-1
72,8,-103.66806030273438,664.264892578125,338.81378173828125,487.1883544921875,-1,-1,-1,-1
73,8,-115.14227294921875,588.6085815429688,385.33526611328125,589.3735961914062,-1,-1,-1,-1
74,8,-103.4453125,394.28680419921875,408.50299072265625,776.6434936523438,-1,-1,-1,-1
75,8,-61.95924758911133,358.6066589355469,392.56201171875,750.880859375,-1,-1,-1,-1
76,8,-13.567465782165527,336.1694641113281,378.7973937988281,709.612548828125,-1,-1,-1,-1
77,8,-9.776952743530273,319.3970947265625,399.3293762207031,702.010009765625,-1,-1,-1,-1
78,8,-2.1448593139648438,311.72808837890625,394.62518310546875,724.8319702148438,-1,-1,-1,-1
79,8,2.358928680419922,313.4194030761719,399.42901611328125,738.513671875,-1,-1,-1,-1
80,8,17.091083526611328,306.10430908203125,402.5007019042969,730.9357299804688,-1,-1,-1,-1
81,8,38.45125198364258,316.2099304199219,387.177978515625,697.8944091796875,-1,-1,-1,-1
82,8,82.50569915771484,335.873291015625,352.4207458496094,649.716796875,-1,-1,-1,-1
83,8,155.07803344726562,351.12103271484375,313.89019775390625,606.7225952148438,-1,-1,-1,-1
84,8,206.29981994628906,351.16864013671875,292.3770751953125,622.9964599609375,-1,-1,-1,-1
85,8,207.99624633789062,333.31884765625,280.4134826660156,649.0993041992188,-1,-1,-1,-1
86,8,177.62608337402344,306.5875244140625,271.989013671875,667.2682495117188,-1,-1,-1,-1
87,8,99.24272918701172,291.43505859375,277.14154052734375,675.7137451171875,-1,-1,-1,-1
88,8,-0.10602569580078125,320.27685546875,283.17388916015625,673.2747802734375,-1,-1,-1,-1
89,8,-76.59425354003906,368.3897399902344,295.72637939453125,655.939697265625,-1,-1,-1,-1
90,8,-48.93375778198242,385.3485107421875,266.6925964355469,633.7374877929688,-1,-1,-1,-1
91,8,-6.503963470458984,384.2504577636719,253.06704711914062,649.498779296875,-1,-1,-1,-1
92,8,-15.60086441040039,375.7632751464844,231.5709228515625,681.917236328125,-1,-1,-1,-1
93,8,-4.151183128356934,381.15216064453125,184.5902862548828,684.3375854492188,-1,-1,-1,-1
94,8,-19.161191940307617,367.2943115234375,209.8257293701172,657.35302734375,-1,-1,-1,-1
95,8,-7.701224327087402,368.32763671875,239.0504913330078,620.3867797851562,-1,-1,-1,-1
96,8,23.2091064453125,365.6586608886719,250.49261474609375,569.9254150390625,-1,-1,-1,-1
97,8,58.441017150878906,376.4297180175781,237.84014892578125,557.505126953125,-1,-1,-1,-1
98,8,103.22494506835938,393.596923828125,204.32049560546875,568.02587890625,-1,-1,-1,-1
99,8,149.9070281982422,390.321533203125,206.11875915527344,558.5043334960938,-1,-1,-1,-1
100,8,201.5886993408203,390.1387634277344,198.52674865722656,544.010498046875,-1,-1,-1,-1
101,8,245.58937072753906,411.103515625,186.3306121826172,509.1123046875,-1,-1,-1,-1
102,8,288.46588134765625,410.59674072265625,173.48394775390625,469.7449951171875,-1,-1,-1,-1
103,8,336.0714111328125,386.0545654296875,163.3603515625,454.4539794921875,-1,-1,-1,-1
104,8,361.92181396484375,348.6277770996094,152.64031982421875,466.6573791503906,-1,-1,-1,-1
105,8,377.1710205078125,314.3671569824219,165.66552734375,483.9299621582031,-1,-1,-1,-1
106,8,392.82464599609375,315.8899841308594,187.3414306640625,490.4850158691406,-1,-1,-1,-1
107,8,410.40802001953125,349.0303649902344,193.57000732421875,488.9096374511719,-1,-1,-1,-1
108,8,423.5395812988281,385.39251708984375,187.90139770507812,482.584228515625,-1,-1,-1,-1
109,8,426.65313720703125,404.1391906738281,183.1400146484375,466.1358947753906,-1,-1,-1,-1
110,8,420.41644287109375,410.8254089355469,167.88214111328125,448.7658996582031,-1,-1,-1,-1
111,8,379.7510681152344,405.22735595703125,173.11575317382812,442.9136962890625,-1,-1,-1,-1
112,8,334.04541015625,375.83197021484375,169.75405883789062,466.39959716796875,-1,-1,-1,-1
113,8,288.9739074707031,339.726318359375,187.63516235351562,484.26385498046875,-1,-1,-1,-1
114,8,273.64410400390625,336.2647399902344,197.96624755859375,485.6461486816406,-1,-1,-1,-1
115,8,259.3136901855469,359.3326110839844,205.21746826171875,473.5816345214844,-1,-1,-1,-1
116,8,244.18212890625,406.17535400390625,201.352294921875,445.921142578125,-1,-1,-1,-1
117,8,223.30055236816406,437.962158203125,203.9189910888672,430.5277099609375,-1,-1,-1,-1
118,8,210.93099975585938,460.4956359863281,202.494140625,432.6709289550781,-1,-1,-1,-1
119,8,210.5718536376953,492.3944091796875,198.9558563232422,443.89031982421875,-1,-1,-1,-1
120,8,215.3885040283203,522.9589233398438,200.4883270263672,455.05718994140625,-1,-1,-1,-1
121,8,217.23329162597656,547.3598022460938,216.82521057128906,463.23431396484375,-1,-1,-1,-1
122,8,205.140625,563.379638671875,226.23892211914062,463.194091796875,-1,-1,-1,-1
123,8,188.3708953857422,556.4647216796875,217.9203643798828,467.72674560546875,-1,-1,-1,-1
124,8,169.30117797851562,553.5250244140625,213.32821655273438,477.5804443359375,-1,-1,-1,-1
125,8,151.59732055664062,576.4534301757812,204.84225463867188,487.68804931640625,-1,-1,-1,-1
126,8,139.1210479736328,608.3861694335938,191.1612091064453,496.29547119140625,-1,-1,-1,-1
127,8,116.5339126586914,620.9867553710938,186.02261352539062,505.82171630859375,-1,-1,-1,-1
128,8,89.18408203125,616.134521484375,181.272705078125,516.0712890625,-1,-1,-1,-1
129,8,50.52768325805664,619.6099853515625,184.82125854492188,523.60107421875,-1,-1,-1,-1
130,8,19.259599685668945,611.4566650390625,186.4338836669922,521.959228515625,-1,-1,-1,-1
131,8,6.411198616027832,597.7322998046875,182.31517028808594,511.6280517578125,-1,-1,-1,-1
132,8,6.832472801208496,580.3599853515625,182.04159545898438,476.4156494140625,-1,-1,-1,-1
133,8,12.075599670410156,578.4529418945312,170.26272583007812,437.84326171875,-1,-1,-1,-1
134,8,23.442045211791992,569.6630249023438,161.3838348388672,438.92694091796875,-1,-1,-1,-1
135,8,38.55901336669922,558.8338623046875,162.7601318359375,444.380615234375,-1,-1,-1,-1
136,8,44.907142639160156,554.646484375,165.86837768554688,439.50079345703125,-1,-1,-1,-1
137,8,52.06755828857422,552.1921997070312,174.52645874023438,430.66064453125,-1,-1,-1,-1
138,8,55.797882080078125,557.08349609375,180.50328063964844,416.43609619140625,-1,-1,-1,-1
139,8,75.04102325439453,572.8820190429688,170.16400146484375,384.784423828125,-1,-1,-1,-1
140,8,96.22708892822266,598.8831176757812,164.38955688476562,351.2342529296875,-1,-1,-1,-1
141,8,104.63059997558594,623.0573120117188,171.31809997558594,340.54510498046875,-1,-1,-1,-1
142,8,113.45297241210938,634.1242065429688,171.70452880859375,342.2645263671875,-1,-1,-1,-1
143,8,135.9235382080078,633.4494018554688,167.6253204345703,344.5302734375,-1,-1,-1,-1
144,8,170.75241088867188,617.1747436523438,159.51925659179688,336.99481201171875,-1,-1,-1,-1
145,8,196.2895050048828,596.722412109375,166.7846221923828,325.52606201171875,-1,-1,-1,-1
146,8,225.13478088378906,579.730712890625,155.8832550048828,299.1282958984375,-1,-1,-1,-1
147,8,269.3212585449219,566.461669921875,146.21151733398438,280.21148681640625,-1,-1,-1,-1
148,8,296.3119812011719,561.2203369140625,137.83724975585938,277.818115234375,-1,-1,-1,-1
149,8,315.7057800292969,555.349853515625,133.0859375,275.10797119140625,-1,-1,-1,-1
150,8,326.01031494140625,559.8551635742188,142.0728759765625,271.9276123046875,-1,-1,-1,-1
151,8,335.21783447265625,571.1599731445312,142.56842041015625,261.48199462890625,-1,-1,-1,-1
152,8,340.4659118652344,567.6123657226562,173.35833740234375,259.768798828125,-1,-1,-1,-1
153,8,347.09027099609375,566.755615234375,156.58969116210938,253.63641357421875,-1,-1,-1,-1
154,8,370.196533203125,584.798583984375,156.412841796875,278.431396484375,-1,-1,-1,-1
155,8,362.82421875,588.5414428710938,165.086181640625,280.2705078125,-1,-1,-1,-1
156,8,356.7261657714844,566.8829345703125,176.10848999023438,296.92803955078125,-1,-1,-1,-1
157,8,397.0705871582031,551.0991821289062,145.09286499023438,227.88787841796875,-1,-1,-1,-1
158,8,443.75390625,534.8525390625,103.55975341796875,232.6998291015625,-1,-1,-1,-1
159,8,448.07977294921875,525.0855102539062,104.88543701171875,227.51239013671875,-1,-1,-1,-1
160,8,451.6178894042969,516.7809448242188,99.92562866210938,213.25897216796875,-1,-1,-1,-1
161,8,453.4564208984375,489.01678466796875,130.6724853515625,226.63714599609375,-1,-1,-1,-1
162,8,394.28717041015625,498.3818664550781,203.52325439453125,209.67013549804688,-1,-1,-1,-1
163,8,299.6850891113281,472.3514099121094,338.2366638183594,228.32089233398438,-1,-1,-1,-1
88,9,1278.02978515625,383.69244384765625,249.02392578125,558.1282958984375,-1,-1,-1,-1
89,9,1187.779296875,435.47113037109375,243.551025390625,499.560546875,-1,-1,-1,-1
90,9,1136.53466796875,437.7840881347656,266.206787109375,487.6331481933594,-1,-1,-1,-1
91,9,1106.885009765625,447.71270751953125,284.66796875,462.24078369140625,-1,-1,-1,-1
92,9,1097.894775390625,460.8941650390625,280.051513671875,442.6256103515625,-1,-1,-1,-1
93,9,1104.654296875,447.24169921875,254.486083984375,434.8037109375,-1,-1,-1,-1
94,9,1117.339599609375,467.7144775390625,247.6988525390625,419.0380859375,-1,-1,-1,-1
95,9,1145.9820556640625,476.14874267578125,248.2376708984375,421.5699462890625,-1,-1,-1,-1
96,9,1177.3878173828125,468.4428405761719,234.546142578125,431.9260559082031,-1,-1,-1,-1
97,9,1188.6807861328125,442.4653015136719,221.927001953125,453.1799621582031,-1,-1,-1,-1
98,9,1211.733154296875,438.369140625,200.9859619140625,457.867919921875,-1,-1,-1,-1
99,9,1248.783447265625,443.0303649902344,178.4117431640625,452.7969055175781,-1,-1,-1,-1
100,9,1293.675537109375,427.4741516113281,204.275634765625,480.8290710449219,-1,-1,-1,-1
101,9,1312.605712890625,368.5664367675781,193.0885009765625,557.8687744140625,-1,-1,-1,-1
102,9,1284.142822265625,368.28057861328125,250.6661376953125,569.1837768554688,-1,-1,-1,-1
103,9,1286.8671875,388.1580810546875,245.2427978515625,511.03143310546875,-1,-1,-1,-1
104,9,1282.4931640625,358.82244873046875,253.9647216796875,541.0469970703125,-1,-1,-1,-1
110,9,1303.619873046875,402.1558837890625,211.722412109375,446.32293701171875,-1,-1,-1,-1
111,9,1293.68359375,435.2109680175781,152.5103759765625,406.4635314941406,-1,-1,-1,-1
112,9,1221.1270751953125,421.80462646484375,180.5843505859375,418.145263671875,-1,-1,-1,-1
113,9,1156.3172607421875,410.06317138671875,197.6590576171875,426.857421875,-1,-1,-1,-1
114,9,1122.35693359375,387.4253234863281,200.866943359375,432.8995666503906,-1,-1,-1,-1
115,9,1094.10888671875,375.394287109375,200.450927734375,395.901123046875,-1,-1,-1,-1
116,9,1071.266357421875,373.1910400390625,188.8421630859375,398.4686279296875,-1,-1,-1,-1
117,9,1047.505859375,367.17730712890625,173.69580078125,400.97198486328125,-1,-1,-1,-1
118,9,1024.8704833984375,377.7580871582031,163.7530517578125,393.9753723144531,-1,-1,-1,-1
119,9,1008.1725463867188,400.7427978515625,152.86163330078125,390.38238525390625,-1,-1,-1,-1
120,9,998.0193481445312,432.07305908203125,146.59320068359375,375.196044921875,-1,-1,-1,-1
121,9,986.5178833007812,466.6631774902344,148.99542236328125,359.7436828613281,-1,-1,-1,-1
122,9,967.1112060546875,470.31353759765625,148.314208984375,349.16253662109375,-1,-1,-1,-1
123,9,943.1162719726562,462.09246826171875,150.29071044921875,347.05291748046875,-1,-1,-1,-1
124,9,919.1754150390625,469.1072692871094,152.05322265625,350.8638000488281,-1,-1,-1,-1
125,9,897.3576049804688,487.4421691894531,146.26824951171875,351.0114440917969,-1,-1,-1,-1
126,9,873.3649291992188,504.02069091796875,143.961181640625,356.707275390625,-1,-1,-1,-1
127,9,848.00537109375,517.0193481445312,147.71746826171875,359.84515380859375,-1,-1,-1,-1
128,9,815.9373168945312,519.2910766601562,152.61541748046875,362.44268798828125,-1,-1,-1,-1
129,9,777.611328125,527.7780151367188,156.3172607421875,357.30047607421875,-1,-1,-1,-1
130,9,745.6807250976562,534.8863525390625,156.333740234375,344.84320068359375,-1,-1,-1,-1
131,9,719.7612915039062,532.10986328125,154.3232421875,333.0859375,-1,-1,-1,-1
132,9,706.626953125,517.9730834960938,151.0164794921875,331.48028564453125,-1,-1,-1,-1
133,9,702.6702880859375,509.0447998046875,142.2060546875,336.0750732421875,-1,-1,-1,-1
134,9,703.476318359375,496.64202880859375,133.42388916015625,344.14111328125,-1,-1,-1,-1
135,9,702.4481811523438,480.3205261230469,131.17889404296875,350.1784973144531,-1,-1,-1,-1
136,9,692.720703125,462.12359619140625,133.28570556640625,353.56585693359375,-1,-1,-1,-1
137,9,678.1215209960938,443.6163024902344,138.06072998046875,352.8119201660156,-1,-1,-1,-1
138,9,657.0556030273438,447.31585693359375,151.41900634765625,345.5552978515625,-1,-1,-1,-1
139,9,620.5401611328125,463.7088623046875,189.18597412109375,333.9783935546875,-1,-1,-1,-1
140,9,589.3939208984375,484.63690185546875,231.50048828125,321.80194091796875,-1,-1,-1,-1
141,9,588.8531494140625,491.36474609375,237.97412109375,325.75146484375,-1,-1,-1,-1
142,9,599.0279541015625,505.87457275390625,230.0362548828125,320.86053466796875,-1,-1,-1,-1
143,9,627.1323852539062,508.6356201171875,196.391357421875,322.28997802734375,-1,-1,-1,-1
144,9,659.3833618164062,486.86468505859375,167.838623046875,328.30950927734375,-1,-1,-1,-1
145,9,670.526123046875,468.8034973144531,179.75872802734375,315.1760559082031,-1,-1,-1,-1
146,9,679.2489013671875,471.7210693359375,178.93963623046875,287.360107421875,-1,-1,-1,-1
147,9,692.5491943359375,484.71746826171875,175.59765625,256.43841552734375,-1,-1,-1,-1
148,9,691.19580078125,493.8868408203125,175.14453125,239.49371337890625,-1,-1,-1,-1
149,9,681.6814575195312,490.82855224609375,182.7322998046875,243.7366943359375,-1,-1,-1,-1
150,9,683.8560791015625,481.7126770019531,164.24560546875,254.68106079101562,-1,-1,-1,-1
151,9,646.5707397460938,463.5169982910156,187.21246337890625,268.3670349121094,-1,-1,-1,-1
152,9,626.1571044921875,487.50604248046875,191.75775146484375,248.999755859375,-1,-1,-1,-1
153,9,624.2247314453125,501.19921875,174.98681640625,252.30908203125,-1,-1,-1,-1
154,9,602.5250244140625,515.653076171875,202.9378662109375,269.05810546875,-1,-1,-1,-1
155,9,584.3997802734375,528.7019653320312,222.5037841796875,277.486572265625,-1,-1,-1,-1
156,9,598.5560913085938,539.9081420898438,200.93255615234375,261.7933349609375,-1,-1,-1,-1
157,9,593.5118408203125,546.6832275390625,194.66656494140625,241.8392333984375,-1,-1,-1,-1
158,9,587.5221557617188,539.447265625,176.69219970703125,234.43402099609375,-1,-1,-1,-1
159,9,556.061767578125,523.9429321289062,194.35784912109375,237.5889892578125,-1,-1,-1,-1
160,9,533.7498168945312,513.4589233398438,202.583251953125,235.17681884765625,-1,-1,-1,-1
161,9,458.0123596191406,495.2027282714844,265.6943054199219,246.21084594726562,-1,-1,-1,-1
162,9,393.3478698730469,498.82965087890625,301.9415588378906,235.8671875,-1,-1,-1,-1
163,9,296.4877014160156,471.2081298828125,369.5351867675781,281.21575927734375,-1,-1,-1,-1
164,9,193.45077514648438,457.4486389160156,452.4223937988281,325.5708923339844,-1,-1,-1,-1
165,9,76.47872161865234,472.38311767578125,551.3447265625,362.11083984375,-1,-1,-1,-1
166,9,55.47709655761719,501.79254150390625,545.2850341796875,364.2830810546875,-1,-1,-1,-1
167,9,101.0660171508789,523.5960083007812,465.4895935058594,364.07470703125,-1,-1,-1,-1
168,9,111.35608673095703,566.772216796875,390.296875,324.75946044921875,-1,-1,-1,-1
169,9,70.84251403808594,595.4778442382812,359.92584228515625,301.2095947265625,-1,-1,-1,-1
170,9,21.558218002319336,616.9608154296875,338.34368896484375,290.8228759765625,-1,-1,-1,-1
171,9,-79.73651123046875,602.470947265625,387.9931640625,319.66717529296875,-1,-1,-1,-1
172,9,-142.62420654296875,682.6362915039062,409.194580078125,322.04266357421875,-1,-1,-1,-1
173,9,-138.4793243408203,713.7804565429688,351.5633544921875,361.01336669921875,-1,-1,-1,-1
174,9,-140.60557556152344,741.6019897460938,303.8501892089844,397.14031982421875,-1,-1,-1,-1
175,9,-166.4753875732422,749.3111572265625,335.97454833984375,428.1834716796875,-1,-1,-1,-1
176,9,-181.35589599609375,566.029296875,365.73675537109375,640.19580078125,-1,-1,-1,-1
103,10,51.34801483154297,575.06787109375,51.78699493408203,80.7611083984375,-1,-1,-1,-1
104,10,56.79948043823242,551.4848022460938,50.7703971862793,70.98016357421875,-1,-1,-1,-1
105,10,57.46931838989258,535.902099609375,48.0748176574707,66.988037109375,-1,-1,-1,-1
106,10,53.857269287109375,549.0892944335938,53.87864685058594,76.98675537109375,-1,-1,-1,-1
107,10,44.153202056884766,592.1514892578125,62.26095199584961,76.70697021484375,-1,-1,-1,-1
108,10,24.96515655517578,625.5634765625,58.02429962158203,79.40008544921875,-1,-1,-1,-1
119,11,686.7720947265625,818.3890991210938,589.7408447265625,591.5932006835938,-1,-1,-1,-1
120,11,580.3553466796875,926.0703735351562,818.320068359375,488.65545654296875,-1,-1,-1,-1
121,11,500.776123046875,885.2601318359375,867.4927978515625,530.0869140625,-1,-1,-1,-1
122,11,432.5498352050781,799.0050659179688,804.1033935546875,625.1290893554688,-1,-1,-1,-1
166,12,350.8387145996094,426.5867614746094,142.9915771484375,202.97946166992188,-1,-1,-1,-1
167,12,362.6007385253906,411.78076171875,129.43914794921875,202.20989990234375,-1,-1,-1,-1
168,12,363.9148254394531,397.16229248046875,115.3642578125,209.07183837890625,-1,-1,-1,-1
169,12,368.2768249511719,398.3980407714844,113.36471557617188,202.95169067382812,-1,-1,-1,-1
170,12,361.7785949707031,398.9073181152344,129.52197265625,199.94760131835938,-1,-1,-1,-1
171,12,345.06134033203125,387.4291687011719,148.68646240234375,214.27322387695312,-1,-1,-1,-1
172,12,326.1408386230469,381.92333984375,152.02969360351562,220.09698486328125,-1,-1,-1,-1
173,12,309.88037109375,395.61474609375,147.46743774414062,219.55804443359375,-1,-1,-1,-1
174,12,286.32220458984375,412.3017578125,135.0799560546875,213.2518310546875,-1,-1,-1,-1
175,12,261.47894287109375,400.8099365234375,131.013916015625,223.79290771484375,-1,-1,-1,-1
176,12,243.5558624267578,401.84222412109375,130.32386779785156,240.26885986328125,-1,-1,-1,-1
177,12,225.71502685546875,388.0709228515625,141.44003295898438,249.5235595703125,-1,-1,-1,-1
178,12,203.83750915527344,396.4336853027344,170.9413604736328,246.93850708007812,-1,-1,-1,-1
179,12,191.10733032226562,392.5234069824219,190.40911865234375,257.8933410644531,-1,-1,-1,-1
180,12,201.05621337890625,397.59014892578125,181.80410766601562,251.695556640625,-1,-1,-1,-1
181,12,249.46543884277344,412.9104919433594,166.6036834716797,236.57699584960938,-1,-1,-1,-1
182,12,315.1803283691406,402.3206481933594,143.326171875,236.32107543945312,-1,-1,-1,-1
183,12,389.730712890625,387.8140869140625,129.262939453125,246.18914794921875,-1,-1,-1,-1
184,12,451.4044494628906,382.2468566894531,132.73971557617188,253.57882690429688,-1,-1,-1,-1
185,12,475.9371337890625,379.0284423828125,145.17047119140625,258.92303466796875,-1,-1,-1,-1
186,12,486.904052734375,364.00335693359375,139.91754150390625,262.776611328125,-1,-1,-1,-1
187,12,499.9481201171875,349.74176025390625,130.11187744140625,271.8787841796875,-1,-1,-1,-1
188,12,511.74749755859375,352.8777160644531,125.021240234375,265.7100524902344,-1,-1,-1,-1
189,12,518.28173828125,356.593505859375,120.41802978515625,266.61474609375,-1,-1,-1,-1
190,12,522.0391845703125,363.42987060546875,114.67083740234375,277.72540283203125,-1,-1,-1,-1
191,12,527.2365112304688,377.92169189453125,107.90362548828125,275.1414794921875,-1,-1,-1,-1
192,12,548.1590576171875,374.84381103515625,112.02532958984375,283.0665283203125,-1,-1,-1,-1
193,12,592.4661865234375,369.44342041015625,107.6932373046875,286.81195068359375,-1,-1,-1,-1
194,12,611.8951416015625,364.01031494140625,117.16448974609375,288.80377197265625,-1,-1,-1,-1
195,12,625.4041748046875,336.41790771484375,129.46051025390625,295.23138427734375,-1,-1,-1,-1
196,12,645.9569091796875,322.91632080078125,135.96234130859375,301.1019287109375,-1,-1,-1,-1
197,12,667.8074951171875,320.2006530761719,146.0517578125,303.8630676269531,-1,-1,-1,-1
198,12,702.09619140625,319.6192932128906,141.4434814453125,309.9543762207031,-1,-1,-1,-1
199,12,731.4766235351562,329.4256896972656,138.27813720703125,313.7039489746094,-1,-1,-1,-1
200,12,746.3223266601562,337.57049560546875,134.8560791015625,315.00506591796875,-1,-1,-1,-1
201,12,749.6612548828125,344.482421875,133.58074951171875,309.49578857421875,-1,-1,-1,-1
202,12,747.4808959960938,349.93133544921875,132.31787109375,317.49462890625,-1,-1,-1,-1
203,12,742.9522094726562,367.24127197265625,132.379150390625,313.53857421875,-1,-1,-1,-1
204,12,739.7296752929688,356.3943176269531,130.43206787109375,318.8627624511719,-1,-1,-1,-1
205,12,744.6431884765625,334.5467529296875,116.85498046875,322.56402587890625,-1,-1,-1,-1
206,12,744.6127319335938,303.493408203125,111.90618896484375,329.31640625,-1,-1,-1,-1
207,12,745.941650390625,281.6208801269531,114.78631591796875,335.8752746582031,-1,-1,-1,-1
208,12,758.019775390625,279.8358154296875,122.5115966796875,339.4248046875,-1,-1,-1,-1
209,12,778.1388549804688,308.1212463378906,121.557373046875,330.6671447753906,-1,-1,-1,-1
210,12,792.920166015625,331.4123229980469,135.60467529296875,326.7580261230469,-1,-1,-1,-1
211,12,828.1885375976562,334.04974365234375,141.74261474609375,331.22039794921875,-1,-1,-1,-1
212,12,875.3812255859375,322.1465148925781,146.4437255859375,338.4518737792969,-1,-1,-1,-1
213,12,936.0997314453125,330.5277099609375,135.3848876953125,341.63409423828125,-1,-1,-1,-1
214,12,972.6463623046875,322.95794677734375,124.0262451171875,349.7440185546875,-1,-1,-1,-1
215,12,1007.0167846679688,311.05609130859375,109.14141845703125,359.07318115234375,-1,-1,-1,-1
216,12,1006.9256591796875,320.7049255371094,125.0159912109375,367.6859436035156,-1,-1,-1,-1
217,12,1017.853515625,351.892333984375,137.657470703125,370.45477294921875,-1,-1,-1,-1
218,12,1043.849609375,404.22430419921875,153.0677490234375,373.4906005859375,-1,-1,-1,-1
219,12,1064.7877197265625,462.98236083984375,173.0008544921875,378.26177978515625,-1,-1,-1,-1
220,12,1094.81396484375,517.4441528320312,175.953857421875,381.46783447265625,-1,-1,-1,-1
221,12,1120.1907958984375,559.0886840820312,168.758056640625,384.55517578125,-1,-1,-1,-1
222,12,1145.565673828125,602.5684814453125,159.9676513671875,375.50335693359375,-1,-1,-1,-1
223,12,1162.9765625,616.8721923828125,156.08056640625,365.35113525390625,-1,-1,-1,-1
224,12,1171.927490234375,604.4300537109375,165.0150146484375,358.11212158203125,-1,-1,-1,-1
225,12,1181.0208740234375,593.6444091796875,177.303955078125,358.24847412109375,-1,-1,-1,-1
226,12,1168.1083984375,587.7708740234375,206.934814453125,368.61541748046875,-1,-1,-1,-1
227,12,1154.433349609375,608.501220703125,229.8062744140625,372.0377197265625,-1,-1,-1,-1
228,12,1148.3419189453125,651.248779296875,230.7894287109375,373.91754150390625,-1,-1,-1,-1
229,12,1154.1068115234375,687.3056030273438,236.2581787109375,372.01422119140625,-1,-1,-1,-1
230,12,1158.5863037109375,698.1980590820312,213.764892578125,373.98577880859375,-1,-1,-1,-1
231,12,1170.3114013671875,702.65771484375,211.8865966796875,373.1859130859375,-1,-1,-1,-1
232,12,1170.0697021484375,701.0193481445312,214.8489990234375,363.24285888671875,-1,-1,-1,-1
233,12,1180.2415771484375,691.5574340820312,215.4136962890625,369.46063232421875,-1,-1,-1,-1
234,12,1202.3843994140625,684.0890502929688,199.302734375,372.23370361328125,-1,-1,-1,-1
235,12,1214.943115234375,648.7265625,183.89306640625,386.143310546875,-1,-1,-1,-1
236,12,1222.131591796875,629.9765625,185.53466796875,387.18719482421875,-1,-1,-1,-1
237,12,1229.8193359375,612.5224609375,193.591796875,393.92718505859375,-1,-1,-1,-1
238,12,1237.3521728515625,591.5774536132812,204.704833984375,413.4512939453125,-1,-1,-1,-1
239,12,1244.11474609375,584.8626708984375,202.7080078125,425.5679931640625,-1,-1,-1,-1
240,12,1243.8526611328125,600.55078125,178.2017822265625,403.73486328125,-1,-1,-1,-1
241,12,1251.7520751953125,586.6088256835938,167.0628662109375,410.57598876953125,-1,-1,-1,-1
242,12,1249.0081787109375,593.40234375,169.9619140625,415.247802734375,-1,-1,-1,-1
243,12,1235.128173828125,599.7933349609375,183.2911376953125,419.01715087890625,-1,-1,-1,-1
244,12,1234.677978515625,601.3425903320312,188.707763671875,423.96258544921875,-1,-1,-1,-1
245,12,1238.880859375,597.3377075195312,213.179443359375,426.9456787109375,-1,-1,-1,-1
246,12,1244.071044921875,580.5262451171875,220.059814453125,393.585693359375,-1,-1,-1,-1
247,12,1247.0712890625,583.0782470703125,222.1639404296875,391.6776123046875,-1,-1,-1,-1
248,12,1246.7364501953125,573.8079223632812,246.41162109375,418.24786376953125,-1,-1,-1,-1
249,12,1255.637939453125,533.629638671875,234.8309326171875,476.2003173828125,-1,-1,-1,-1
250,12,1258.4185791015625,497.6827392578125,283.2774658203125,517.4331665039062,-1,-1,-1,-1
251,12,1273.0142822265625,508.7750549316406,270.978271484375,500.9944763183594,-1,-1,-1,-1
252,12,1278.1365966796875,540.2891235351562,256.4984130859375,480.95269775390625,-1,-1,-1,-1
217,13,-110.60855865478516,552.8588256835938,309.81298828125,447.30865478515625,-1,-1,-1,-1
218,13,-31.644847869873047,552.559814453125,249.9175262451172,415.8231201171875,-1,-1,-1,-1
219,13,26.59765625,531.4429321289062,219.75135803222656,407.10906982421875,-1,-1,-1,-1
220,13,75.16341400146484,516.1905517578125,192.59625244140625,399.082275390625,-1,-1,-1,-1
221,13,115.50836181640625,515.4015502929688,171.95147705078125,388.95965576171875,-1,-1,-1,-1
222,13,156.99383544921875,521.5194702148438,148.54544067382812,381.009521484375,-1,-1,-1,-1
223,13,185.2152557373047,532.0875854492188,137.43043518066406,374.70654296875,-1,-1,-1,-1
224,13,211.05665588378906,518.6898193359375,135.61753845214844,367.530517578125,-1,-1,-1,-1
225,13,241.04196166992188,503.143310546875,135.25616455078125,361.32000732421875,-1,-1,-1,-1
226,13,267.9677734375,502.6910095214844,134.66079711914062,352.1184997558594,-1,-1,-1,-1
227,13,289.6880187988281,514.8828735351562,131.44961547851562,344.918212890625,-1,-1,-1,-1
228,13,298.3990783691406,533.1290893554688,135.23861694335938,345.2227783203125,-1,-1,-1,-1
229,13,303.2761535644531,555.7885131835938,142.89215087890625,337.99969482421875,-1,-1,-1,-1
230,13,315.3348388671875,563.5907592773438,141.97256469726562,329.75103759765625,-1,-1,-1,-1
231,13,331.8800048828125,553.9068603515625,146.84576416015625,323.2333984375,-1,-1,-1,-1
232,13,340.5619812011719,548.6064453125,149.38519287109375,319.13824462890625,-1,-1,-1,-1
233,13,358.88592529296875,547.6451416015625,150.29507446289062,316.04742431640625,-1,-1,-1,-1
234,13,382.8249816894531,551.6887817382812,135.26882934570312,312.3018798828125,-1,-1,-1,-1
235,13,388.5964660644531,544.9608154296875,129.53225708007812,307.44915771484375,-1,-1,-1,-1
236,13,404.09832763671875,528.90625,124.39111328125,302.14825439453125,-1,-1,-1,-1
237,13,426.0997314453125,514.103515625,116.934326171875,299.3499755859375,-1,-1,-1,-1
238,13,439.3719177246094,507.10662841796875,117.78897094726562,295.39215087890625,-1,-1,-1,-1
239,13,448.4738464355469,510.46258544921875,110.82058715820312,291.026123046875,-1,-1,-1,-1
240,13,446.43756103515625,524.0045776367188,110.97625732421875,276.06500244140625,-1,-1,-1,-1
241,13,448.4679260253906,537.2254028320312,108.52767944335938,267.5633544921875,-1,-1,-1,-1
242,13,444.81402587890625,537.2960205078125,111.26904296875,284.490234375,-1,-1,-1,-1
243,13,437.2715759277344,534.6369018554688,109.74020385742188,288.9061279296875,-1,-1,-1,-1
244,13,444.40838623046875,538.0343627929688,97.89569091796875,264.82427978515625,-1,-1,-1,-1
245,13,452.8763732910156,502.2747497558594,107.52584838867188,286.8612976074219,-1,-1,-1,-1
246,13,440.8175048828125,493.476806640625,118.6636962890625,286.6456298828125,-1,-1,-1,-1
247,13,439.17266845703125,512.2817993164062,112.87384033203125,272.33355712890625,-1,-1,-1,-1
248,13,441.9623107910156,503.0038146972656,121.80093383789062,289.4855041503906,-1,-1,-1,-1
249,13,445.0081787109375,504.84765625,119.87646484375,291.7889404296875,-1,-1,-1,-1
250,13,452.91070556640625,502.440185546875,112.009521484375,293.65472412109375,-1,-1,-1,-1
251,13,470.1350402832031,503.0035705566406,101.72201538085938,290.2749328613281,-1,-1,-1,-1
252,13,487.5298767089844,498.0105895996094,96.68887329101562,289.8015441894531,-1,-1,-1,-1
253,13,486.1575012207031,498.2959289550781,102.85903930664062,286.2450866699219,-1,-1,-1,-1
254,13,485.9424133300781,495.9828796386719,116.02523803710938,285.6684875488281,-1,-1,-1,-1
255,13,485.1292419433594,494.6077880859375,134.46145629882812,285.05291748046875,-1,-1,-1,-1
256,13,487.53466796875,505.2388610839844,133.74169921875,277.3390808105469,-1,-1,-1,-1
257,13,497.61773681640625,510.6910400390625,143.61944580078125,272.25054931640625,-1,-1,-1,-1
258,13,507.4751281738281,518.1632080078125,126.94625854492188,265.65386962890625,-1,-1,-1,-1
259,13,518.0123291015625,531.3701782226562,128.111328125,259.30010986328125,-1,-1,-1,-1
260,13,526.4473266601562,536.2763671875,119.9539794921875,258.84100341796875,-1,-1,-1,-1
261,13,535.10595703125,537.194091796875,103.40264892578125,258.90289306640625,-1,-1,-1,-1
262,13,538.7300415039062,535.1317749023438,99.57659912109375,261.44964599609375,-1,-1,-1,-1
263,13,538.6913452148438,533.537841796875,95.8282470703125,261.519775390625,-1,-1,-1,-1
264,13,542.3912963867188,514.1530151367188,94.02349853515625,264.32391357421875,-1,-1,-1,-1
265,13,540.58935546875,504.2220458984375,95.5712890625,268.57403564453125,-1,-1,-1,-1
266,13,539.196533203125,501.62786865234375,95.7464599609375,265.9188232421875,-1,-1,-1,-1
267,13,530.9072875976562,502.5446472167969,94.72039794921875,267.8753967285156,-1,-1,-1,-1
268,13,521.2177734375,503.876953125,94.8572998046875,269.52264404296875,-1,-1,-1,-1
269,13,514.2079467773438,510.926513671875,95.806640625,264.13897705078125,-1,-1,-1,-1
270,13,509.33221435546875,505.97393798828125,99.07440185546875,261.32037353515625,-1,-1,-1,-1
271,13,503.08294677734375,506.588623046875,110.2802734375,260.6385498046875,-1,-1,-1,-1
272,13,503.2886657714844,503.95684814453125,113.77389526367188,261.8017578125,-1,-1,-1,-1
273,13,497.3539733886719,502.72479248046875,113.20199584960938,260.5953369140625,-1,-1,-1,-1
274,13,493.06842041015625,489.97802734375,117.89898681640625,265.16748046875,-1,-1,-1,-1
275,13,470.801025390625,467.7199401855469,126.70538330078125,271.6889343261719,-1,-1,-1,-1
276,13,426.1182556152344,427.4137268066406,135.06375122070312,282.4568786621094,-1,-1,-1,-1
277,13,344.4213562011719,387.2074890136719,148.26004028320312,302.1478576660156,-1,-1,-1,-1
278,13,241.64157104492188,364.28631591796875,163.26434326171875,329.85797119140625,-1,-1,-1,-1
279,13,155.12489318847656,343.3817443847656,175.57179260253906,355.8376159667969,-1,-1,-1,-1
280,13,135.21031188964844,332.1893615722656,167.48619079589844,366.2445373535156,-1,-1,-1,-1
281,13,182.4688262939453,322.5198059082031,158.4480743408203,374.7096862792969,-1,-1,-1,-1
282,13,261.5813293457031,313.48663330078125,150.53030395507812,370.756591796875,-1,-1,-1,-1
283,13,327.3611145019531,333.9847412109375,149.5814208984375,352.243896484375,-1,-1,-1,-1
284,13,379.8244934082031,360.2242126464844,146.20632934570312,333.1424865722656,-1,-1,-1,-1
285,13,417.4779968261719,399.19036865234375,139.73410034179688,314.44329833984375,-1,-1,-1,-1
286,13,444.6968688964844,437.1331481933594,128.66403198242188,299.6893005371094,-1,-1,-1,-1
287,13,460.0462646484375,455.4415588378906,119.05255126953125,295.3686218261719,-1,-1,-1,-1
288,13,464.9466552734375,458.27630615234375,113.15625,295.427734375,-1,-1,-1,-1
289,13,457.85546875,440.244140625,115.2906494140625,307.08154296875,-1,-1,-1,-1
290,13,438.05303955078125,431.3528747558594,130.32135009765625,315.7417907714844,-1,-1,-1,-1
291,13,435.81671142578125,415.9767761230469,136.71612548828125,322.8824768066406,-1,-1,-1,-1
292,13,449.88629150390625,398.62359619140625,134.45794677734375,332.5059814453125,-1,-1,-1,-1
293,13,455.0711669921875,401.839111328125,128.96490478515625,335.5338134765625,-1,-1,-1,-1
294,13,456.2607116699219,415.930419921875,133.65451049804688,335.9051513671875,-1,-1,-1,-1
295,13,454.2426452636719,435.62420654296875,143.46475219726562,333.71124267578125,-1,-1,-1,-1
296,13,455.5805969238281,470.04644775390625,143.89254760742188,317.2381591796875,-1,-1,-1,-1
297,13,454.3883361816406,502.6837463378906,144.89401245117188,308.8530578613281,-1,-1,-1,-1
298,13,455.3494567871094,545.630615234375,141.54086303710938,300.95379638671875,-1,-1,-1,-1
299,13,453.0686340332031,574.3798828125,134.40725708007812,302.721435546875,-1,-1,-1,-1
300,13,453.6070556640625,587.069091796875,118.50250244140625,308.374755859375,-1,-1,-1,-1
301,13,456.3652648925781,573.80859375,112.46163940429688,321.85772705078125,-1,-1,-1,-1
302,13,464.5898742675781,534.213623046875,119.99130249023438,331.8057861328125,-1,-1,-1,-1
303,13,473.7256164550781,504.2056579589844,120.30349731445312,340.0403137207031,-1,-1,-1,-1
304,13,478.6650390625,487.9139099121094,128.4097900390625,342.6761779785156,-1,-1,-1,-1
305,13,479.2130126953125,487.380615234375,131.804931640625,348.8155517578125,-1,-1,-1,-1
306,13,475.6758117675781,498.983642578125,143.38619995117188,346.0091552734375,-1,-1,-1,-1
307,13,472.56640625,512.4120178222656,149.9969482421875,336.4237976074219,-1,-1,-1,-1
308,13,475.9453430175781,513.3676147460938,152.87911987304688,328.57611083984375,-1,-1,-1,-1
309,13,491.41925048828125,514.1290283203125,141.14227294921875,320.3291015625,-1,-1,-1,-1
310,13,509.87237548828125,504.78759765625,129.23101806640625,322.55816650390625,-1,-1,-1,-1
311,13,524.0015258789062,489.82672119140625,120.27215576171875,332.6949462890625,-1,-1,-1,-1
312,13,537.66259765625,480.655029296875,132.0155029296875,341.17755126953125,-1,-1,-1,-1
313,13,543.0656127929688,477.2455139160156,139.93017578125,346.7903137207031,-1,-1,-1,-1
314,13,545.243408203125,473.6129455566406,135.3438720703125,353.8878479003906,-1,-1,-1,-1
315,13,549.3004150390625,469.9810485839844,132.05487060546875,360.3334045410156,-1,-1,-1,-1
316,13,561.1930541992188,479.88885498046875,141.8984375,364.35955810546875,-1,-1,-1,-1
317,13,569.451904296875,498.1120910644531,148.236328125,365.6718444824219,-1,-1,-1,-1
318,13,573.9209594726562,526.66064453125,156.8839111328125,348.521484375,-1,-1,-1,-1
319,13,576.4788208007812,549.1439208984375,159.25665283203125,340.091796875,-1,-1,-1,-1
320,13,577.6285400390625,571.0460205078125,154.67681884765625,336.41925048828125,-1,-1,-1,-1
321,13,578.9363403320312,584.7518920898438,140.32958984375,338.05963134765625,-1,-1,-1,-1
322,13,589.6468505859375,570.6162109375,127.9656982421875,345.048828125,-1,-1,-1,-1
323,13,602.0599365234375,546.871826171875,121.6268310546875,359.77459716796875,-1,-1,-1,-1
324,13,610.4445190429688,531.1954345703125,116.83624267578125,368.665283203125,-1,-1,-1,-1
325,13,617.5625610351562,522.5697021484375,119.2138671875,366.58868408203125,-1,-1,-1,-1
326,13,626.22216796875,523.5148315429688,126.72412109375,369.877685546875,-1,-1,-1,-1
327,13,636.410888671875,536.504150390625,134.072265625,369.10723876953125,-1,-1,-1,-1
328,13,645.9814453125,556.1085815429688,139.0263671875,355.20770263671875,-1,-1,-1,-1
329,13,665.9002075195312,566.2363891601562,134.447998046875,349.93243408203125,-1,-1,-1,-1
330,13,686.1554565429688,572.2940673828125,133.9154052734375,350.43109130859375,-1,-1,-1,-1
331,13,703.2468872070312,562.2611694335938,134.76385498046875,360.65081787109375,-1,-1,-1,-1
332,13,714.6005859375,542.8402099609375,134.1195068359375,363.69183349609375,-1,-1,-1,-1
333,13,718.3109130859375,521.3659057617188,142.7105712890625,370.08447265625,-1,-1,-1,-1
334,13,719.1923828125,542.9059448242188,156.662841796875,365.77130126953125,-1,-1,-1,-1
335,13,730.7590942382812,563.5518188476562,154.728271484375,365.32244873046875,-1,-1,-1,-1
336,13,743.8839721679688,575.8278198242188,151.00103759765625,362.0906982421875,-1,-1,-1,-1
337,13,754.7347412109375,577.3615112304688,145.85052490234375,357.67047119140625,-1,-1,-1,-1
338,13,761.656982421875,575.9136352539062,140.33087158203125,345.279052734375,-1,-1,-1,-1
339,13,744.7178955078125,564.580322265625,149.5050048828125,347.874755859375,-1,-1,-1,-1
340,13,717.3768310546875,551.8732299804688,187.14752197265625,354.35382080078125,-1,-1,-1,-1
341,13,709.1270751953125,534.2205200195312,217.05462646484375,367.0167236328125,-1,-1,-1,-1
342,13,686.341552734375,530.1359252929688,267.4482421875,378.64739990234375,-1,-1,-1,-1
343,13,690.9459838867188,529.3008422851562,276.57989501953125,396.0587158203125,-1,-1,-1,-1
344,13,737.36376953125,527.9765625,254.552734375,402.68817138671875,-1,-1,-1,-1
345,13,793.3641357421875,526.5570678710938,209.42242431640625,416.0128173828125,-1,-1,-1,-1
346,13,800.59521484375,533.7081298828125,203.16229248046875,402.06640625,-1,-1,-1,-1
347,13,812.9390258789062,527.6661987304688,178.636474609375,392.49200439453125,-1,-1,-1,-1
348,13,838.3001708984375,503.3598327636719,148.9638671875,398.7447814941406,-1,-1,-1,-1
349,13,842.401611328125,465.0804443359375,200.8104248046875,418.48077392578125,-1,-1,-1,-1
350,13,942.3904418945312,425.8441467285156,199.67791748046875,445.4972839355469,-1,-1,-1,-1
351,13,1041.692626953125,387.9361877441406,226.281982421875,482.2464294433594,-1,-1,-1,-1
352,13,1128.944580078125,379.42578125,257.0831298828125,531.8130493164062,-1,-1,-1,-1
353,13,1204.89111328125,428.9659729003906,248.5203857421875,575.238525390625,-1,-1,-1,-1
354,13,1229.2628173828125,437.7022399902344,247.739013671875,608.349853515625,-1,-1,-1,-1
355,13,1225.76806640625,419.7146911621094,196.2872314453125,603.881591796875,-1,-1,-1,-1
356,13,1176.81689453125,483.5398254394531,236.3167724609375,500.7483825683594,-1,-1,-1,-1
357,13,1124.0147705078125,452.931884765625,287.71826171875,495.39483642578125,-1,-1,-1,-1
358,13,1079.7344970703125,428.8669128417969,328.4190673828125,507.7374572753906,-1,-1,-1,-1
359,13,1046.5076904296875,374.3796081542969,357.2012939453125,560.7965087890625,-1,-1,-1,-1
360,13,1024.0186157226562,323.6051330566406,378.02728271484375,616.818603515625,-1,-1,-1,-1
361,13,1026.954833984375,290.3390197753906,374.8502197265625,644.59716796875,-1,-1,-1,-1
362,13,1061.3946533203125,249.6383819580078,352.3831787109375,665.3800659179688,-1,-1,-1,-1
363,13,1031.2239990234375,200.73255920410156,382.8599853515625,713.1804809570312,-1,-1,-1,-1
364,13,949.7294921875,197.14974975585938,467.3240966796875,711.0775146484375,-1,-1,-1,-1
365,13,926.267578125,300.5960388183594,489.90283203125,606.458740234375,-1,-1,-1,-1
366,13,959.5361328125,341.1153259277344,458.3004150390625,573.2359619140625,-1,-1,-1,-1
367,13,987.1974487304688,354.4837646484375,425.55181884765625,568.405517578125,-1,-1,-1,-1
368,13,1018.7432861328125,335.1280212402344,383.811767578125,588.7613525390625,-1,-1,-1,-1
369,13,1040.07958984375,288.2384338378906,368.4410400390625,632.166259765625,-1,-1,-1,-1
370,13,1063.188232421875,205.23898315429688,349.2342529296875,687.474609375,-1,-1,-1,-1
371,13,1066.7412109375,145.65744018554688,341.768798828125,716.6617431640625,-1,-1,-1,-1
372,13,1101.6441650390625,146.34246826171875,304.8045654296875,685.6182250976562,-1,-1,-1,-1
373,13,1132.1094970703125,126.02748107910156,275.089111328125,720.6817016601562,-1,-1,-1,-1
374,13,1117.5621337890625,148.3236083984375,292.48095703125,746.21435546875,-1,-1,-1,-1
375,13,1116.3668212890625,164.20802307128906,298.4219970703125,783.8839721679688,-1,-1,-1,-1
376,13,1106.9107666015625,206.26889038085938,311.635498046875,782.6944580078125,-1,-1,-1,-1
377,13,1127.6993408203125,231.4532470703125,289.359130859375,755.65185546875,-1,-1,-1,-1
378,13,1123.193115234375,223.12704467773438,296.67822265625,736.9041748046875,-1,-1,-1,-1
379,13,1074.9249267578125,199.24896240234375,340.9473876953125,720.4564819335938,-1,-1,-1,-1
380,13,995.9451904296875,83.27055358886719,417.077880859375,774.5042114257812,-1,-1,-1,-1
381,13,922.551025390625,30.061309814453125,501.906005859375,802.7813720703125,-1,-1,-1,-1
382,13,844.8607788085938,-22.065784454345703,571.7269897460938,841.6860961914062,-1,-1,-1,-1
383,13,739.41748046875,-19.437347412109375,677.138427734375,895.8780517578125,-1,-1,-1,-1
384,13,570.239990234375,-8.195354461669922,843.7332763671875,987.1145629882812,-1,-1,-1,-1
385,13,411.789794921875,-7.991420745849609,985.63037109375,988.3696899414062,-1,-1,-1,-1
386,13,276.5959777832031,-1.5134620666503906,1066.3375244140625,990.9281616210938,-1,-1,-1,-1
387,13,185.87937927246094,1.0099029541015625,1117.899169921875,974.9869384765625,-1,-1,-1,-1
388,13,190.84349060058594,-1.44854736328125,1118.6668701171875,893.4812622070312,-1,-1,-1,-1
389,13,231.1995391845703,25.663307189941406,1137.0804443359375,787.3557739257812,-1,-1,-1,-1
390,13,102.92791748046875,-27.71277618408203,850.8502807617188,898.2163696289062,-1,-1,-1,-1
391,13,116.71587371826172,238.59703063964844,453.1871337890625,560.4337158203125,-1,-1,-1,-1
392,13,-46.55249786376953,274.7129211425781,504.30682373046875,534.6837158203125,-1,-1,-1,-1
393,13,-239.3168182373047,263.24591064453125,603.7247314453125,541.5996704101562,-1,-1,-1,-1
394,13,-187.06723022460938,432.021728515625,444.6325378417969,397.49591064453125,-1,-1,-1,-1
395,13,-201.31858825683594,338.01568603515625,405.9344482421875,573.9823608398438,-1,-1,-1,-1
396,13,-210.97190856933594,327.298095703125,425.009521484375,716.80078125,-1,-1,-1,-1
219,14,451.7828369140625,572.427978515625,24.78253173828125,55.22674560546875,-1,-1,-1,-1
220,14,497.6303405761719,586.34765625,21.475555419921875,49.47821044921875,-1,-1,-1,-1
221,14,532.4837646484375,600.6724243164062,22.50408935546875,50.61639404296875,-1,-1,-1,-1
222,14,562.1904296875,622.72998046875,21.77923583984375,50.16815185546875,-1,-1,-1,-1
223,14,583.5017700195312,636.3060302734375,20.46429443359375,47.70855712890625,-1,-1,-1,-1
224,14,603.5179443359375,623.5890502929688,22.6312255859375,49.32781982421875,-1,-1,-1,-1
225,14,630.0035400390625,610.3053588867188,19.93145751953125,48.9339599609375,-1,-1,-1,-1
226,14,651.207763671875,603.4293823242188,24.303955078125,45.28692626953125,-1,-1,-1,-1
227,14,670.1612548828125,616.2601928710938,25.57373046875,48.74285888671875,-1,-1,-1,-1
228,14,683.7099609375,647.5369262695312,21.69189453125,48.15667724609375,-1,-1,-1,-1
229,14,695.034423828125,673.9437255859375,21.65411376953125,48.64935302734375,-1,-1,-1,-1
230,14,709.61083984375,684.1988525390625,22.46441650390625,46.737060546875,-1,-1,-1,-1
231,14,728.7315063476562,680.4874877929688,23.42864990234375,50.41357421875,-1,-1,-1,-1
232,14,736.4052734375,678.1913452148438,22.546630859375,50.8387451171875,-1,-1,-1,-1
233,14,753.8978271484375,676.1699829101562,21.92901611328125,46.3232421875,-1,-1,-1,-1
234,14,773.3441162109375,673.8353881835938,23.3463134765625,47.12823486328125,-1,-1,-1,-1
235,14,780.4475708007812,652.8321533203125,28.2403564453125,52.16650390625,-1,-1,-1,-1
236,14,801.163818359375,638.4022827148438,23.97772216796875,50.70513916015625,-1,-1,-1,-1
237,14,826.4229736328125,621.167236328125,23.7098388671875,50.3509521484375,-1,-1,-1,-1
238,14,841.6012573242188,613.01025390625,25.39935302734375,50.6728515625,-1,-1,-1,-1
239,14,850.3297729492188,617.17431640625,23.463623046875,46.58740234375,-1,-1,-1,-1
240,14,852.8057250976562,614.89208984375,22.35546875,49.55517578125,-1,-1,-1,-1
241,14,856.1631469726562,615.4866333007812,23.80682373046875,49.67633056640625,-1,-1,-1,-1
242,14,851.6678466796875,623.4981689453125,30.89874267578125,55.8719482421875,-1,-1,-1,-1
243,14,845.3417358398438,632.3782958984375,28.895263671875,56.55401611328125,-1,-1,-1,-1
244,14,852.9229736328125,620.69140625,27.0618896484375,55.234130859375,-1,-1,-1,-1
245,14,864.919921875,609.7604370117188,25.80963134765625,52.52923583984375,-1,-1,-1,-1
247,14,824.7069091796875,597.4864501953125,24.9864501953125,53.28863525390625,-1,-1,-1,-1
248,14,827.6063232421875,607.5450439453125,26.61553955078125,53.72625732421875,-1,-1,-1,-1
249,14,834.4724731445312,616.6741333007812,26.00799560546875,50.74310302734375,-1,-1,-1,-1
250,14,845.327880859375,616.6298828125,23.68365478515625,49.59912109375,-1,-1,-1,-1
251,14,858.8588256835938,610.9548950195312,25.61907958984375,52.0416259765625,-1,-1,-1,-1
252,14,877.6424560546875,607.9612426757812,25.23675537109375,54.091064453125,-1,-1,-1,-1
253,14,884.571044921875,604.7161865234375,24.4847412109375,51.03961181640625,-1,-1,-1,-1
254,14,892.1695556640625,592.7445678710938,28.3868408203125,57.36199951171875,-1,-1,-1,-1
255,14,901.5739135742188,593.5789184570312,25.72650146484375,54.2738037109375,-1,-1,-1,-1
256,14,906.7405395507812,590.8218994140625,28.14385986328125,58.12786865234375,-1,-1,-1,-1
258,14,934.2664184570312,594.6481323242188,29.25396728515625,56.18170166015625,-1,-1,-1,-1
259,14,947.6669311523438,606.0237426757812,30.0535888671875,56.0838623046875,-1,-1,-1,-1
260,14,959.6289672851562,612.19287109375,29.92083740234375,56.8177490234375,-1,-1,-1,-1
261,14,971.0239868164062,612.2031860351562,28.21014404296875,57.08746337890625,-1,-1,-1,-1
262,14,979.7549438476562,615.5145263671875,29.11163330078125,55.67626953125,-1,-1,-1,-1
263,14,983.3312377929688,608.38525390625,32.364013671875,60.8529052734375,-1,-1,-1,-1
264,14,997.399658203125,590.1561889648438,31.5670166015625,60.74517822265625,-1,-1,-1,-1
265,14,1003.8492431640625,586.3216552734375,29.0882568359375,57.84588623046875,-1,-1,-1,-1
266,14,1008.7870483398438,586.142822265625,30.79376220703125,55.45489501953125,-1,-1,-1,-1
267,14,1008.0890502929688,586.8377075195312,31.31793212890625,56.75445556640625,-1,-1,-1,-1
268,14,1005.0518798828125,588.0872802734375,32.0472412109375,59.39178466796875,-1,-1,-1,-1
269,14,1005.9994506835938,592.8997802734375,33.83905029296875,56.85491943359375,-1,-1,-1,-1
270,14,1010.3533325195312,589.1663818359375,29.81439208984375,57.2862548828125,-1,-1,-1,-1
271,14,1014.9774169921875,586.6890869140625,32.278564453125,61.53839111328125,-1,-1,-1,-1
272,14,1025.2132568359375,599.596923828125,33.138916015625,62.30462646484375,-1,-1,-1,-1
273,14,1032.2965087890625,594.5580444335938,34.497314453125,62.36517333984375,-1,-1,-1,-1
274,14,1039.0413818359375,585.2070922851562,36.2467041015625,62.18182373046875,-1,-1,-1,-1
275,14,1038.570068359375,567.2459716796875,33.5394287109375,62.48175048828125,-1,-1,-1,-1
276,14,1018.36572265625,535.8272094726562,35.3988037109375,62.61273193359375,-1,-1,-1,-1
277,14,963.1409912109375,517.43359375,33.390869140625,59.854248046875,-1,-1,-1,-1
278,14,884.6800537109375,519.36474609375,37.119384765625,61.53082275390625,-1,-1,-1,-1
279,14,829.616943359375,516.0381469726562,32.41400146484375,61.391357421875,-1,-1,-1,-1
280,14,822.1439819335938,515.416015625,33.493408203125,60.6512451171875,-1,-1,-1,-1
281,14,870.2227172851562,528.0945434570312,30.204345703125,59.50823974609375,-1,-1,-1,-1
282,14,866.6171875,510.9134216308594,40.63385009765625,62.157562255859375,-1,-1,-1,-1
284,14,876.4213256835938,372.0196228027344,47.57659912109375,123.93417358398438,-1,-1,-1,-1
285,14,933.545654296875,399.72564697265625,27.30242919921875,70.65731811523438,-1,-1,-1,-1
286,14,965.6533203125,417.7420654296875,26.85223388671875,74.22598266601562,-1,-1,-1,-1
287,14,968.0479125976562,440.53375244140625,28.94110107421875,72.634033203125,-1,-1,-1,-1
219,15,323.6767578125,592.755615234375,27.57366943359375,53.06378173828125,-1,-1,-1,-1
220,15,369.28399658203125,593.4598388671875,26.4576416015625,53.2587890625,-1,-1,-1,-1
221,15,408.615966796875,602.2890014648438,22.017578125,54.1263427734375,-1,-1,-1,-1
222,15,440.6513366699219,620.8883056640625,24.267425537109375,52.223876953125,-1,-1,-1,-1
223,15,464.9190368652344,633.48388671875,22.719268798828125,52.466064453125,-1,-1,-1,-1
224,15,486.21563720703125,620.47412109375,24.2965087890625,51.7314453125,-1,-1,-1,-1
225,15,512.73681640625,605.1215209960938,25.29339599609375,52.88189697265625,-1,-1,-1,-1
226,15,519.1138916015625,525.6168823242188,53.7276611328125,91.36309814453125,-1,-1,-1,-1
228,15,518.519287109375,635.8985595703125,20.868896484375,42.06048583984375,-1,-1,-1,-1
229,15,532.8424072265625,658.5142822265625,19.85882568359375,41.63922119140625,-1,-1,-1,-1
230,15,546.8528442382812,665.5059814453125,22.17962646484375,47.9700927734375,-1,-1,-1,-1
231,15,554.0665283203125,646.6439208984375,40.74359130859375,68.40838623046875,-1,-1,-1,-1
232,15,578.30908203125,656.5361328125,24.10986328125,46.26654052734375,-1,-1,-1,-1
233,15,595.4271850585938,654.7740478515625,21.45770263671875,39.4024658203125,-1,-1,-1,-1
234,15,560.3536987304688,597.6075439453125,49.033935546875,93.071044921875,-1,-1,-1,-1
235,15,561.2713012695312,580.8766479492188,56.8936767578125,116.00250244140625,-1,-1,-1,-1
236,15,582.767822265625,559.524658203125,57.88323974609375,107.63018798828125,-1,-1,-1,-1
237,15,602.5889892578125,543.3681640625,59.92938232421875,114.23345947265625,-1,-1,-1,-1
238,15,619.570556640625,535.2774658203125,60.8504638671875,106.374755859375,-1,-1,-1,-1
239,15,627.6421508789062,538.4270629882812,60.591796875,110.5040283203125,-1,-1,-1,-1
240,15,626.9085693359375,540.1130981445312,63.02508544921875,122.8179931640625,-1,-1,-1,-1
241,15,630.3330688476562,539.6429443359375,62.56414794921875,116.02471923828125,-1,-1,-1,-1
243,15,623.4454956054688,554.40869140625,59.17681884765625,111.8306884765625,-1,-1,-1,-1
244,15,633.9823608398438,547.455810546875,63.8013916015625,127.14349365234375,-1,-1,-1,-1
245,15,651.88330078125,531.876953125,55.863037109375,115.36572265625,-1,-1,-1,-1
246,15,653.4269409179688,518.0358276367188,59.4171142578125,113.48126220703125,-1,-1,-1,-1
247,15,661.8455810546875,525.700439453125,55.9793701171875,114.43072509765625,-1,-1,-1,-1
248,15,663.10888671875,529.62939453125,61.7208251953125,118.434814453125,-1,-1,-1,-1
249,15,673.2439575195312,536.469482421875,64.78607177734375,119.40826416015625,-1,-1,-1,-1
250,15,681.9956665039062,530.5829467773438,62.2867431640625,122.43157958984375,-1,-1,-1,-1
251,15,691.9193115234375,530.2403564453125,62.473876953125,131.2650146484375,-1,-1,-1,-1
252,15,700.6412963867188,492.7972412109375,59.21978759765625,137.69879150390625,-1,-1,-1,-1
253,15,729.0472412109375,510.7445373535156,25.8721923828125,56.766021728515625,-1,-1,-1,-1
254,15,738.949951171875,507.48370361328125,20.77886962890625,43.46075439453125,-1,-1,-1,-1
255,15,743.1905517578125,482.6728820800781,20.32843017578125,44.423126220703125,-1,-1,-1,-1
256,15,753.5153198242188,506.4490966796875,17.9556884765625,37.6080322265625,-1,-1,-1,-1
257,15,761.6239013671875,495.40625,22.05218505859375,41.407958984375,-1,-1,-1,-1
258,15,775.326171875,506.6795349121094,27.7391357421875,53.709564208984375,-1,-1,-1,-1
259,15,784.8963012695312,511.1391906738281,28.95281982421875,62.912994384765625,-1,-1,-1,-1
260,15,794.26708984375,521.3128662109375,27.30609130859375,56.485107421875,-1,-1,-1,-1
261,15,807.3009033203125,523.305908203125,24.15374755859375,49.4595947265625,-1,-1,-1,-1
262,15,788.2369995117188,490.5426330566406,26.35528564453125,51.730987548828125,-1,-1,-1,-1
263,15,786.17822265625,485.65325927734375,31.3951416015625,70.00531005859375,-1,-1,-1,-1
264,15,800.8988037109375,465.0213623046875,27.27001953125,77.47198486328125,-1,-1,-1,-1
266,15,814.13623046875,452.90252685546875,27.55926513671875,75.283447265625,-1,-1,-1,-1
267,15,812.9681396484375,450.37957763671875,28.50299072265625,67.79815673828125,-1,-1,-1,-1
268,15,807.7774658203125,450.07598876953125,26.83343505859375,68.92364501953125,-1,-1,-1,-1
269,15,808.2945556640625,450.2063903808594,26.13702392578125,67.52828979492188,-1,-1,-1,-1
270,15,814.4075927734375,446.61376953125,25.99200439453125,67.6649169921875,-1,-1,-1,-1
271,15,821.19384765625,448.6927490234375,24.05126953125,61.542205810546875,-1,-1,-1,-1
272,15,834.5924682617188,452.0819396972656,25.644287109375,67.64053344726562,-1,-1,-1,-1
273,15,836.9628295898438,447.2784423828125,25.92926025390625,66.93939208984375,-1,-1,-1,-1
274,15,846.0489501953125,432.689453125,27.867919921875,71.21453857421875,-1,-1,-1,-1
275,15,843.985595703125,410.172119140625,27.20172119140625,73.23321533203125,-1,-1,-1,-1
276,15,828.5418701171875,380.10357666015625,24.57257080078125,64.87298583984375,-1,-1,-1,-1
277,15,776.5391235351562,356.02545166015625,25.31005859375,63.60015869140625,-1,-1,-1,-1
278,15,707.8312377929688,361.10546875,21.9383544921875,60.707763671875,-1,-1,-1,-1
279,15,651.4329223632812,352.5843505859375,23.77825927734375,66.40554809570312,-1,-1,-1,-1
280,15,637.16943359375,353.4979248046875,28.39190673828125,77.430908203125,-1,-1,-1,-1
281,15,694.2202758789062,362.8229675292969,24.25201416015625,66.68161010742188,-1,-1,-1,-1
282,15,764.7142333984375,359.8624572753906,26.6483154296875,68.38262939453125,-1,-1,-1,-1
283,15,809.884521484375,346.9386291503906,39.0184326171875,97.26504516601562,-1,-1,-1,-1
284,15,869.7339477539062,368.8000793457031,31.41497802734375,87.5003662109375,-1,-1,-1,-1
285,15,918.3877563476562,399.0309143066406,25.72314453125,72.725830078125,-1,-1,-1,-1
286,15,948.796630859375,427.2292175292969,26.23291015625,66.30007934570312,-1,-1,-1,-1
287,15,966.5223388671875,440.475341796875,28.01422119140625,72.89083862304688,-1,-1,-1,-1
288,15,983.5138549804688,450.5539245605469,25.7825927734375,67.23629760742188,-1,-1,-1,-1
289,15,993.9901733398438,438.7870788574219,30.864990234375,75.14349365234375,-1,-1,-1,-1
290,15,995.8912963867188,444.62750244140625,31.66766357421875,82.699951171875,-1,-1,-1,-1
291,15,1005.6420288085938,435.04327392578125,28.26434326171875,72.33267211914062,-1,-1,-1,-1
299,16,1343.3704833984375,736.2263793945312,46.40966796875,81.8345947265625,-1,-1,-1,-1
300,16,1355.164306640625,759.9608154296875,47.2109375,88.67926025390625,-1,-1,-1,-1
303,16,1345.5860595703125,739.19873046875,42.711181640625,80.7320556640625,-1,-1,-1,-1
304,16,1369.712158203125,711.717041015625,46.439208984375,91.67010498046875,-1,-1,-1,-1
314,17,-69.30127716064453,553.8728637695312,141.62721252441406,357.69500732421875,-1,-1,-1,-1
315,17,-73.11152648925781,535.3233642578125,149.24658203125,364.19287109375,-1,-1,-1,-1
316,17,-48.88460922241211,543.6822509765625,122.61650085449219,315.2816162109375,-1,-1,-1,-1
317,17,-5.253267288208008,539.8839111328125,95.67967987060547,311.82061767578125,-1,-1,-1,-1
318,17,0.24640512466430664,551.2640380859375,110.99708557128906,301.6197509765625,-1,-1,-1,-1
319,17,3.8895225524902344,564.0814819335938,127.07060241699219,306.5418701171875,-1,-1,-1,-1
320,17,14.052964210510254,566.8184814453125,128.5904083251953,306.4814453125,-1,-1,-1,-1
321,17,23.072662353515625,571.9271240234375,125.78092956542969,308.29119873046875,-1,-1,-1,-1
322,17,40.232234954833984,554.7149658203125,126.34585571289062,303.43988037109375,-1,-1,-1,-1
323,17,58.728023529052734,539.56298828125,125.69927978515625,302.719482421875,-1,-1,-1,-1
324,17,76.45964050292969,530.4188232421875,124.11703491210938,299.5374755859375,-1,-1,-1,-1
325,17,93.1647720336914,523.4867553710938,123.96239471435547,292.6180419921875,-1,-1,-1,-1
326,17,115.17281341552734,529.497314453125,122.47626495361328,281.74261474609375,-1,-1,-1,-1
327,17,126.40705871582031,541.264404296875,132.4231719970703,283.3017578125,-1,-1,-1,-1
328,17,154.78695678710938,547.431396484375,124.45816040039062,273.8033447265625,-1,-1,-1,-1
329,17,199.36846923828125,544.3931274414062,109.0928955078125,264.79205322265625,-1,-1,-1,-1
330,17,236.43157958984375,548.1688232421875,104.77288818359375,262.0621337890625,-1,-1,-1,-1
331,17,263.82476806640625,553.3197021484375,102.98516845703125,260.73748779296875,-1,-1,-1,-1
332,17,274.9775695800781,550.3466186523438,105.47283935546875,257.66900634765625,-1,-1,-1,-1
333,17,288.0265197753906,549.7470092773438,104.59307861328125,256.3511962890625,-1,-1,-1,-1
334,17,302.632080078125,570.9057006835938,104.65673828125,252.408447265625,-1,-1,-1,-1
335,17,317.6872253417969,586.1069946289062,99.53817749023438,249.0013427734375,-1,-1,-1,-1
336,17,333.5740966796875,586.345947265625,99.183837890625,245.83160400390625,-1,-1,-1,-1
337,17,348.45819091796875,581.72509765625,94.37161254882812,241.73583984375,-1,-1,-1,-1
338,17,363.29339599609375,569.822265625,94.03842163085938,238.934326171875,-1,-1,-1,-1
339,17,374.8787841796875,560.3584594726562,91.88577270507812,238.5186767578125,-1,-1,-1,-1
340,17,378.16058349609375,554.7066650390625,91.53140258789062,239.6138916015625,-1,-1,-1,-1
341,17,384.4249267578125,548.8994140625,89.98416137695312,237.502685546875,-1,-1,-1,-1
342,17,389.5240783691406,553.9578857421875,93.51138305664062,238.5848388671875,-1,-1,-1,-1
343,17,395.3041076660156,557.941650390625,90.37493896484375,237.528076171875,-1,-1,-1,-1
344,17,401.05535888671875,550.122314453125,89.57955932617188,234.6224365234375,-1,-1,-1,-1
345,17,406.2696228027344,537.7486572265625,91.10614013671875,237.18701171875,-1,-1,-1,-1
346,17,411.4979248046875,522.535400390625,87.84243774414062,236.5863037109375,-1,-1,-1,-1
347,17,420.7541198730469,500.5323486328125,90.28762817382812,238.999755859375,-1,-1,-1,-1
348,17,451.763671875,472.0614013671875,87.07720947265625,239.1072998046875,-1,-1,-1,-1
349,17,509.068115234375,436.74359130859375,81.3101806640625,235.77069091796875,-1,-1,-1,-1
350,17,591.1978759765625,401.6496887207031,79.47601318359375,240.13949584960938,-1,-1,-1,-1
351,17,684.5174560546875,368.9258728027344,75.93701171875,241.13272094726562,-1,-1,-1,-1
352,17,766.8953247070312,357.2646484375,75.62628173828125,235.4896240234375,-1,-1,-1,-1
353,17,831.9539184570312,357.4139404296875,82.5523681640625,239.47161865234375,-1,-1,-1,-1
354,17,874.678466796875,331.9895935058594,91.00726318359375,250.86422729492188,-1,-1,-1,-1
355,17,877.2918701171875,294.55419921875,93.16558837890625,255.703369140625,-1,-1,-1,-1
356,17,847.9529418945312,257.550537109375,96.7652587890625,261.493408203125,-1,-1,-1,-1
357,17,806.9356689453125,231.73672485351562,93.24932861328125,261.0377502441406,-1,-1,-1,-1
358,17,772.6394653320312,223.2172088623047,93.3399658203125,267.15087890625,-1,-1,-1,-1
359,17,744.2416381835938,231.33114624023438,94.964599609375,265.5711669921875,-1,-1,-1,-1
360,17,739.0217895507812,227.55026245117188,94.5587158203125,270.634521484375,-1,-1,-1,-1
361,17,736.8013916015625,238.9955596923828,91.32403564453125,271.89599609375,-1,-1,-1,-1
362,17,748.178466796875,237.58860778808594,86.494384765625,269.436279296875,-1,-1,-1,-1
363,17,756.1531982421875,227.50636291503906,83.73248291015625,276.5567626953125,-1,-1,-1,-1
364,17,754.2352905273438,212.90017700195312,82.9615478515625,279.9954528808594,-1,-1,-1,-1
365,17,743.044189453125,202.57244873046875,85.0106201171875,286.8345031738281,-1,-1,-1,-1
366,17,744.2241821289062,202.02090454101562,85.5069580078125,287.58087158203125,-1,-1,-1,-1
367,17,765.6709594726562,207.69970703125,85.64324951171875,285.688232421875,-1,-1,-1,-1
368,17,775.8964233398438,213.40335083007812,92.5225830078125,282.8608093261719,-1,-1,-1,-1
369,17,788.2077026367188,223.22804260253906,86.18438720703125,277.42608642578125,-1,-1,-1,-1
370,17,801.9041748046875,196.43777465820312,89.25531005859375,289.46240234375,-1,-1,-1,-1
371,17,798.4724731445312,188.55715942382812,92.21966552734375,289.2395324707031,-1,-1,-1,-1
372,17,824.444091796875,156.4730224609375,93.34820556640625,292.67535400390625,-1,-1,-1,-1
373,17,863.250244140625,128.4271011352539,88.9959716796875,297.8184814453125,-1,-1,-1,-1
374,17,899.7554931640625,124.67362213134766,90.4344482421875,298.15045166015625,-1,-1,-1,-1
375,17,941.3619384765625,133.7218017578125,91.70068359375,299.41455078125,-1,-1,-1,-1
376,17,966.372802734375,166.31492614746094,89.9951171875,295.89471435546875,-1,-1,-1,-1
377,17,959.1911010742188,184.13816833496094,84.63848876953125,291.1480712890625,-1,-1,-1,-1
378,17,930.824951171875,180.88357543945312,81.4195556640625,287.68218994140625,-1,-1,-1,-1
379,17,899.6430053710938,165.39353942871094,85.29376220703125,278.606201171875,-1,-1,-1,-1
380,17,821.8080444335938,120.62096405029297,89.09466552734375,294.9880676269531,-1,-1,-1,-1
381,17,760.0166015625,106.67461395263672,85.427734375,295.07952880859375,-1,-1,-1,-1
382,17,679.5349731445312,100.4569320678711,88.04595947265625,293.1273193359375,-1,-1,-1,-1
383,17,572.428466796875,120.44247436523438,92.728759765625,286.2805480957031,-1,-1,-1,-1
384,17,452.4769287109375,119.88131713867188,105.35858154296875,287.3277587890625,-1,-1,-1,-1
385,17,351.9849548339844,91.74649810791016,131.95364379882812,291.018310546875,-1,-1,-1,-1
386,17,261.2668151855469,105.37598419189453,138.81326293945312,256.656005859375,-1,-1,-1,-1
387,17,219.6814422607422,117.61268615722656,130.1157989501953,238.47801208496094,-1,-1,-1,-1
388,17,487.3780822753906,33.54487228393555,192.22018432617188,274.55426025390625,-1,-1,-1,-1
394,17,552.7883911132812,-49.12464141845703,115.3587646484375,177.03887939453125,-1,-1,-1,-1
322,18,-9.472986221313477,587.2462158203125,63.28791809082031,254.4520263671875,-1,-1,-1,-1
323,18,-0.189652681350708,560.1281127929688,69.89628601074219,261.9559326171875,-1,-1,-1,-1
324,18,15.49682331085205,556.6947631835938,92.74040985107422,249.70196533203125,-1,-1,-1,-1
325,18,37.286399841308594,537.7506713867188,106.9310531616211,255.29949951171875,-1,-1,-1,-1
326,18,72.44746398925781,541.523193359375,107.41517639160156,250.50518798828125,-1,-1,-1,-1
327,18,106.15415954589844,553.9489135742188,108.804443359375,239.7635498046875,-1,-1,-1,-1
328,18,151.51300048828125,563.6463012695312,94.66877746582031,224.58917236328125,-1,-1,-1,-1
329,18,197.0432891845703,556.76220703125,76.22377014160156,223.884521484375,-1,-1,-1,-1
330,18,235.52352905273438,559.8225708007812,77.3582763671875,217.5357666015625,-1,-1,-1,-1
331,18,262.4743957519531,570.2503662109375,81.39620971679688,210.17108154296875,-1,-1,-1,-1
332,18,276.5390625,563.9564819335938,87.99920654296875,217.71331787109375,-1,-1,-1,-1
332,19,314.67657470703125,604.3046264648438,69.26177978515625,153.75238037109375,-1,-1,-1,-1
333,19,326.9004211425781,593.019775390625,72.16055297851562,162.1138916015625,-1,-1,-1,-1
334,19,342.84466552734375,607.0393676757812,73.76373291015625,166.794189453125,-1,-1,-1,-1
335,19,366.50341796875,612.0643310546875,67.02996826171875,174.273193359375,-1,-1,-1,-1
336,19,390.3255615234375,611.79931640625,71.99966430664062,173.0841064453125,-1,-1,-1,-1
337,19,413.817138671875,590.9036865234375,73.92703247070312,185.52191162109375,-1,-1,-1,-1
338,19,432.97247314453125,573.5199584960938,82.3736572265625,187.36151123046875,-1,-1,-1,-1
339,19,449.55975341796875,563.3087158203125,92.58123779296875,187.0560302734375,-1,-1,-1,-1
340,19,457.67578125,556.514404296875,96.47528076171875,189.07330322265625,-1,-1,-1,-1
341,19,470.8043212890625,556.970703125,86.37060546875,183.95574951171875,-1,-1,-1,-1
342,19,487.2556457519531,562.398193359375,76.25650024414062,180.66412353515625,-1,-1,-1,-1
343,19,502.87530517578125,569.1583862304688,65.5726318359375,175.68603515625,-1,-1,-1,-1
344,19,509.3512878417969,560.267333984375,70.46298217773438,179.19464111328125,-1,-1,-1,-1
345,19,515.269775390625,544.1753540039062,82.62738037109375,182.58544921875,-1,-1,-1,-1
346,19,517.4494018554688,529.6602783203125,97.23394775390625,184.12896728515625,-1,-1,-1,-1
347,19,523.7904052734375,509.59112548828125,108.32025146484375,187.03131103515625,-1,-1,-1,-1
348,19,550.58984375,489.2811279296875,117.1954345703125,183.9678955078125,-1,-1,-1,-1
349,19,601.400146484375,469.7879638671875,126.3843994140625,174.0142822265625,-1,-1,-1,-1
350,19,685.6053466796875,436.4191589355469,125.02691650390625,179.84921264648438,-1,-1,-1,-1
351,19,786.1925048828125,406.5770263671875,121.2681884765625,182.0582275390625,-1,-1,-1,-1
352,19,877.1968994140625,385.75439453125,115.2479248046875,189.09820556640625,-1,-1,-1,-1
353,19,965.1596069335938,391.94781494140625,94.76751708984375,192.04815673828125,-1,-1,-1,-1
354,19,1029.622802734375,376.0190734863281,80.457763671875,203.56143188476562,-1,-1,-1,-1
355,19,1035.1585693359375,344.80938720703125,88.098388671875,209.9951171875,-1,-1,-1,-1
356,19,1004.3861083984375,309.50994873046875,96.0736083984375,217.57763671875,-1,-1,-1,-1
357,19,962.7001953125,284.7682189941406,100.8172607421875,214.30819702148438,-1,-1,-1,-1
358,19,927.4568481445312,273.3613586425781,103.48162841796875,217.66363525390625,-1,-1,-1,-1
359,19,903.21142578125,275.06298828125,108.95660400390625,218.7618408203125,-1,-1,-1,-1
360,19,892.7700805664062,288.9785461425781,115.63140869140625,209.963134765625,-1,-1,-1,-1
361,19,893.6181030273438,303.9683837890625,113.50732421875,201.67193603515625,-1,-1,-1,-1
362,19,906.7584228515625,286.5376281738281,122.3026123046875,215.27877807617188,-1,-1,-1,-1
363,19,932.158935546875,270.5704650878906,114.1260986328125,221.57125854492188,-1,-1,-1,-1
364,19,937.93701171875,253.6855010986328,121.26904296875,226.41758728027344,-1,-1,-1,-1
365,19,927.1639404296875,249.82275390625,134.5123291015625,228.95208740234375,-1,-1,-1,-1
366,19,933.29296875,259.6126708984375,140.99853515625,224.13916015625,-1,-1,-1,-1
367,19,954.484375,270.5370788574219,144.715576171875,222.92520141601562,-1,-1,-1,-1
368,19,966.614990234375,257.9766540527344,145.86474609375,238.6024169921875,-1,-1,-1,-1
369,19,991.742919921875,252.38525390625,139.6221923828125,242.93551635742188,-1,-1,-1,-1
370,19,1028.4964599609375,227.6443634033203,125.6712646484375,239.27626037597656,-1,-1,-1,-1
371,19,1048.702392578125,208.7268829345703,106.9013671875,241.8508758544922,-1,-1,-1,-1
372,19,1087.822265625,176.10804748535156,110.1951904296875,243.6277618408203,-1,-1,-1,-1
373,19,1121.9619140625,171.44859313964844,124.65625,236.77928161621094,-1,-1,-1,-1
374,19,1162.23291015625,180.2093505859375,134.2935791015625,233.60516357421875,-1,-1,-1,-1
375,19,1211.5985107421875,211.4844512939453,126.527099609375,220.80308532714844,-1,-1,-1,-1
376,19,1244.244384765625,296.3177490234375,116.86181640625,168.3052978515625,-1,-1,-1,-1
377,19,1249.093505859375,301.3023681640625,117.1651611328125,172.90191650390625,-1,-1,-1,-1
386,20,718.07421875,45.6951789855957,93.65478515625,257.28466796875,-1,-1,-1,-1
387,20,679.3634033203125,31.484554290771484,101.37939453125,262.4859619140625,-1,-1,-1,-1
388,20,727.21826171875,0.037535667419433594,126.534912109375,241.91629028320312,-1,-1,-1,-1
389,20,814.7160034179688,-4.116286754608154,137.46319580078125,185.3048553466797,-1,-1,-1,-1
390,20,805.556640625,-29.202661514282227,138.5355224609375,190.80908203125,-1,-1,-1,-1
391,20,765.985107421875,-28.276500701904297,120.3067626953125,190.730224609375,-1,-1,-1,-1
392,20,715.7711181640625,-10.056076049804688,117.97637939453125,177.9761962890625,-1,-1,-1,-1
393,20,660.36181640625,-0.15034246444702148,93.9970703125,140.7567901611328,-1,-1,-1,-1
394,20,566.2476806640625,-21.14391326904297,100.5814208984375,149.28466796875,-1,-1,-1,-1
395,20,474.08642578125,-30.52468490600586,107.12164306640625,163.8734893798828,-1,-1,-1,-1
396,20,395.0533447265625,-20.3289852142334,124.49591064453125,149.41270446777344,-1,-1,-1,-1
397,20,351.87432861328125,-4.199302673339844,116.17864990234375,131.85275268554688,-1,-1,-1,-1
398,20,330.9117736816406,0.8433361053466797,100.19989013671875,130.5582733154297,-1,-1,-1,-1
399,20,320.0779113769531,2.210557460784912,95.72537231445312,141.1350860595703,-1,-1,-1,-1
400,20,296.51812744140625,15.081008911132812,88.60296630859375,144.56472778320312,-1,-1,-1,-1
401,20,227.6658172607422,5.059141159057617,108.76469421386719,178.34426879882812,-1,-1,-1,-1
402,20,166.891357421875,-2.0105295181274414,144.92779541015625,234.98048400878906,-1,-1,-1,-1
403,20,127.01516723632812,-6.737008094787598,162.48931884765625,265.3966064453125,-1,-1,-1,-1
404,20,123.60059356689453,10.278973579406738,156.26022338867188,265.7290344238281,-1,-1,-1,-1
405,20,132.21078491210938,93.02010345458984,135.89984130859375,206.24240112304688,-1,-1,-1,-1
406,20,129.48866271972656,101.94226837158203,146.48585510253906,234.299072265625,-1,-1,-1,-1
407,20,132.42222595214844,103.75433349609375,154.83689880371094,247.44406127929688,-1,-1,-1,-1
408,20,157.94068908691406,85.2893295288086,153.76646423339844,261.98773193359375,-1,-1,-1,-1
409,20,203.53382873535156,74.73501586914062,181.28932189941406,268.9585266113281,-1,-1,-1,-1
410,20,272.8031005859375,67.6704330444336,207.67550659179688,289.3788757324219,-1,-1,-1,-1
411,20,350.32275390625,78.69023895263672,202.0904541015625,304.8905029296875,-1,-1,-1,-1
412,20,406.7306213378906,67.19271850585938,190.07778930664062,324.76593017578125,-1,-1,-1,-1
413,20,475.56988525390625,52.49546813964844,167.98284912109375,335.37445068359375,-1,-1,-1,-1
414,20,534.4219970703125,57.361427307128906,170.789306640625,338.51910400390625,-1,-1,-1,-1
415,20,600.2263793945312,61.26543426513672,156.8983154296875,349.364501953125,-1,-1,-1,-1
416,20,661.8768920898438,78.37507629394531,139.6524658203125,360.73956298828125,-1,-1,-1,-1
417,20,706.92822265625,106.63856506347656,134.07940673828125,368.8634033203125,-1,-1,-1,-1
418,20,743.5693969726562,122.30516815185547,128.48626708984375,383.10772705078125,-1,-1,-1,-1
419,20,770.5385131835938,109.70494079589844,137.705078125,400.81494140625,-1,-1,-1,-1
420,20,789.1758422851562,111.16705322265625,166.66802978515625,405.66192626953125,-1,-1,-1,-1
421,20,807.240478515625,104.98345184326172,196.4407958984375,412.76654052734375,-1,-1,-1,-1
422,20,841.459716796875,106.22314453125,214.53076171875,417.52734375,-1,-1,-1,-1
423,20,894.735595703125,137.08651733398438,208.03564453125,419.7240295410156,-1,-1,-1,-1
424,20,936.3368530273438,162.66180419921875,224.88446044921875,430.822021484375,-1,-1,-1,-1
425,20,982.6096801757812,204.90333557128906,221.84405517578125,440.4765625,-1,-1,-1,-1
426,20,1041.94189453125,261.1438293457031,231.9937744140625,463.1190490722656,-1,-1,-1,-1
427,20,1078.4664306640625,310.6940002441406,250.1212158203125,497.1488952636719,-1,-1,-1,-1
428,20,1090.27880859375,348.4276123046875,302.0699462890625,528.2715454101562,-1,-1,-1,-1
429,20,1117.995849609375,405.3009033203125,303.0377197265625,545.8289184570312,-1,-1,-1,-1
430,20,1132.3399658203125,462.4005432128906,317.542724609375,550.744384765625,-1,-1,-1,-1
431,20,1162.4964599609375,493.1297302246094,297.389892578125,572.14013671875,-1,-1,-1,-1
432,20,1193.480712890625,516.4297485351562,286.89404296875,598.8677368164062,-1,-1,-1,-1
433,20,1215.531005859375,477.54541015625,304.9918212890625,671.726806640625,-1,-1,-1,-1
434,20,1220.70654296875,498.75714111328125,374.396484375,751.4481811523438,-1,-1,-1,-1
435,20,1194.7568359375,487.2249450683594,429.4443359375,917.7938232421875,-1,-1,-1,-1
390,21,312.2622985839844,19.36777687072754,108.3553466796875,201.0833282470703,-1,-1,-1,-1
391,21,260.4754943847656,34.507843017578125,116.79791259765625,220.0543670654297,-1,-1,-1,-1
392,21,199.0189666748047,59.06932830810547,104.10557556152344,202.07858276367188,-1,-1,-1,-1
393,21,132.76905822753906,77.6047592163086,90.6004638671875,168.4534912109375,-1,-1,-1,-1
394,21,257.4382019042969,-40.304134368896484,126.38168334960938,154.386962890625,-1,-1,-1,-1
395,21,232.31732177734375,-147.2969512939453,173.993408203125,301.8250732421875,-1,-1,-1,-1
396,21,238.29437255859375,-113.0845947265625,140.0135498046875,234.32852172851562,-1,-1,-1,-1
397,21,247.315673828125,-67.55927276611328,166.9898681640625,189.4009552001953,-1,-1,-1,-1
398,21,318.5130615234375,4.234767436981201,110.50265502929688,126.3279800415039,-1,-1,-1,-1
418,22,3.0725209712982178,243.35382080078125,61.06117248535156,234.13214111328125,-1,-1,-1,-1
419,22,6.467285633087158,224.50558471679688,71.0233383178711,231.84674072265625,-1,-1,-1,-1
420,22,9.93773365020752,211.09445190429688,78.47085571289062,234.20437622070312,-1,-1,-1,-1
421,22,11.578348159790039,184.52548217773438,88.78534698486328,245.44912719726562,-1,-1,-1,-1
422,22,43.025482177734375,185.57318115234375,81.46176147460938,227.13455200195312,-1,-1,-1,-1
423,22,73.64393615722656,173.0122528076172,87.00251770019531,238.95603942871094,-1,-1,-1,-1
424,22,95.56073760986328,183.33700561523438,97.44974517822266,254.22659301757812,-1,-1,-1,-1
425,22,121.58264923095703,211.7778778076172,115.13658905029297,265.09344482421875,-1,-1,-1,-1
426,22,167.10690307617188,230.42367553710938,134.44393920898438,281.5968322753906,-1,-1,-1,-1
427,22,208.8096923828125,282.89581298828125,143.73501586914062,274.248779296875,-1,-1,-1,-1
428,22,247.46975708007812,314.7061462402344,150.65234375,266.2748718261719,-1,-1,-1,-1
429,22,280.1112365722656,338.7785949707031,151.2469482421875,267.3273010253906,-1,-1,-1,-1
430,22,297.98052978515625,369.8635559082031,146.72750854492188,263.1689758300781,-1,-1,-1,-1
431,22,307.3354797363281,390.6201171875,139.69647216796875,264.39306640625,-1,-1,-1,-1
432,22,317.40545654296875,409.8262634277344,134.75399780273438,266.1358947753906,-1,-1,-1,-1
433,22,323.1784362792969,422.7590637207031,124.68231201171875,268.8183898925781,-1,-1,-1,-1
434,22,317.2205810546875,458.97320556640625,121.28012084960938,270.54974365234375,-1,-1,-1,-1
435,22,302.8424377441406,485.8446044921875,119.962646484375,275.55291748046875,-1,-1,-1,-1
436,22,278.7352600097656,520.3851318359375,123.08303833007812,284.3551025390625,-1,-1,-1,-1
437,22,253.88894653320312,538.1124267578125,126.62100219726562,293.36553955078125,-1,-1,-1,-1
438,22,241.9429473876953,539.437255859375,129.68565368652344,303.59747314453125,-1,-1,-1,-1
439,22,236.0548858642578,533.69482421875,136.45436096191406,315.34832763671875,-1,-1,-1,-1
440,22,239.55990600585938,536.366943359375,137.96298217773438,323.0550537109375,-1,-1,-1,-1
441,22,244.881103515625,535.7080688476562,139.80206298828125,332.9808349609375,-1,-1,-1,-1
442,22,246.22454833984375,524.7940063476562,141.66131591796875,340.08673095703125,-1,-1,-1,-1
443,22,257.5162658691406,508.4616394042969,139.38613891601562,344.4291076660156,-1,-1,-1,-1
444,22,267.6230773925781,514.0431518554688,137.02078247070312,348.6748046875,-1,-1,-1,-1
445,22,280.24505615234375,518.37646484375,139.30099487304688,351.19573974609375,-1,-1,-1,-1
446,22,289.4433288574219,519.3966674804688,147.385986328125,359.40521240234375,-1,-1,-1,-1
447,22,296.6238098144531,528.396484375,151.39013671875,360.91400146484375,-1,-1,-1,-1
448,22,300.0038757324219,535.300048828125,154.87966918945312,368.18389892578125,-1,-1,-1,-1
449,22,303.17437744140625,532.4291381835938,173.6341552734375,373.03753662109375,-1,-1,-1,-1
450,22,305.181884765625,521.50439453125,196.0621337890625,378.810791015625,-1,-1,-1,-1
451,22,304.1239318847656,509.7601623535156,203.63180541992188,385.3316955566406,-1,-1,-1,-1
452,22,301.0351257324219,507.1690979003906,203.3006591796875,396.2084655761719,-1,-1,-1,-1
453,22,289.806396484375,512.0467224121094,208.6107177734375,403.1339416503906,-1,-1,-1,-1
454,22,283.01239013671875,500.0310974121094,207.6466064453125,412.5060119628906,-1,-1,-1,-1
455,22,272.19500732421875,476.2830505371094,208.592529296875,424.2326354980469,-1,-1,-1,-1
456,22,269.3424377441406,465.7342529296875,200.12835693359375,430.4853515625,-1,-1,-1,-1
457,22,263.8018798828125,473.1691589355469,194.82345581054688,439.9872131347656,-1,-1,-1,-1
458,22,257.1669616699219,485.27447509765625,188.892822265625,445.44268798828125,-1,-1,-1,-1
459,22,258.7896728515625,479.8052978515625,186.1776123046875,451.4793701171875,-1,-1,-1,-1
460,22,262.4225769042969,463.17742919921875,185.6776123046875,456.94793701171875,-1,-1,-1,-1
461,22,264.40869140625,460.3882751464844,185.578369140625,462.6091003417969,-1,-1,-1,-1
462,22,257.2447814941406,434.26483154296875,198.21749877929688,473.60675048828125,-1,-1,-1,-1
463,22,249.8109893798828,396.0673522949219,209.17893981933594,483.9647521972656,-1,-1,-1,-1
464,22,242.7222900390625,387.50836181640625,219.141357421875,489.33905029296875,-1,-1,-1,-1
465,22,246.4245147705078,390.5635986328125,220.6232452392578,493.314453125,-1,-1,-1,-1
466,22,251.78811645507812,407.97918701171875,215.58981323242188,498.84027099609375,-1,-1,-1,-1
467,22,246.7294464111328,422.8885498046875,213.06675720214844,511.77923583984375,-1,-1,-1,-1
468,22,232.94984436035156,429.4155578613281,215.42588806152344,521.06103515625,-1,-1,-1,-1
469,22,214.46449279785156,421.2532958984375,221.4636688232422,533.050048828125,-1,-1,-1,-1
470,22,203.14988708496094,417.46673583984375,227.9005889892578,547.6541137695312,-1,-1,-1,-1
471,22,195.59349060058594,400.6047668457031,240.66835021972656,555.1787109375,-1,-1,-1,-1
472,22,196.15142822265625,373.6567687988281,248.7916259765625,562.2540283203125,-1,-1,-1,-1
473,22,202.3726043701172,356.151611328125,254.29627990722656,558.5399169921875,-1,-1,-1,-1
474,22,210.62191772460938,344.98443603515625,258.1670837402344,556.0048828125,-1,-1,-1,-1
475,22,222.86746215820312,335.2477111816406,269.4415588378906,550.4512939453125,-1,-1,-1,-1
476,22,238.09854125976562,332.3922119140625,275.3329772949219,545.8140869140625,-1,-1,-1,-1
477,22,268.2908935546875,334.8964538574219,273.5423583984375,544.54443359375,-1,-1,-1,-1
478,22,341.26116943359375,344.15814208984375,254.670654296875,537.0098266601562,-1,-1,-1,-1
479,22,463.8879089355469,352.75726318359375,230.16714477539062,523.7897338867188,-1,-1,-1,-1
480,22,595.3060302734375,347.19903564453125,211.77325439453125,516.7522583007812,-1,-1,-1,-1
481,22,713.5826416015625,318.3335266113281,195.93280029296875,529.2030029296875,-1,-1,-1,-1
482,22,800.8677978515625,281.4704895019531,193.30712890625,548.715576171875,-1,-1,-1,-1
483,22,855.3956298828125,269.98321533203125,218.649658203125,564.4996948242188,-1,-1,-1,-1
484,22,906.5079956054688,276.0548095703125,253.88604736328125,574.4239501953125,-1,-1,-1,-1
485,22,977.82421875,293.5306701660156,293.64453125,594.90234375,-1,-1,-1,-1
486,22,1049.0439453125,303.669677734375,330.3055419921875,623.837646484375,-1,-1,-1,-1
487,22,1104.8394775390625,300.2524108886719,313.8773193359375,646.467529296875,-1,-1,-1,-1
488,22,1132.680908203125,245.80593872070312,284.1578369140625,704.2388916015625,-1,-1,-1,-1
489,22,1145.30322265625,248.31344604492188,268.5587158203125,709.432373046875,-1,-1,-1,-1
490,22,1153.167724609375,300.3252258300781,262.8890380859375,673.8232421875,-1,-1,-1,-1
491,22,1155.15283203125,345.7242736816406,256.8531494140625,552.9569091796875,-1,-1,-1,-1
492,22,1155.5234375,381.1979064941406,252.509765625,503.1778869628906,-1,-1,-1,-1
493,22,1149.0064697265625,421.2893371582031,260.8074951171875,484.0574645996094,-1,-1,-1,-1
494,22,1152.2054443359375,447.31396484375,259.5389404296875,474.083984375,-1,-1,-1,-1
495,22,1166.344482421875,469.12799072265625,246.664794921875,479.53826904296875,-1,-1,-1,-1
496,22,1187.5418701171875,494.6395263671875,228.37841796875,477.14947509765625,-1,-1,-1,-1
497,22,1217.476806640625,429.4381408691406,249.8480224609375,575.3978271484375,-1,-1,-1,-1
498,22,1244.3785400390625,408.3612976074219,281.4427490234375,607.6346435546875,-1,-1,-1,-1
499,22,1273.628173828125,393.3648681640625,270.8856201171875,609.6172485351562,-1,-1,-1,-1
500,22,1260.5919189453125,412.05938720703125,297.7921142578125,583.826171875,-1,-1,-1,-1
482,23,-108.93156433105469,599.7169799804688,276.3763732910156,447.92840576171875,-1,-1,-1,-1
483,23,-70.59830474853516,519.8134155273438,342.96044921875,473.16864013671875,-1,-1,-1,-1
484,23,14.158529281616211,491.13128662109375,355.3897705078125,466.8681640625,-1,-1,-1,-1
485,23,134.30953979492188,491.139404296875,307.7967834472656,441.41107177734375,-1,-1,-1,-1
486,23,246.391845703125,488.2751159667969,260.94122314453125,415.7718200683594,-1,-1,-1,-1
487,23,303.36199951171875,482.1900329589844,245.89923095703125,408.5903625488281,-1,-1,-1,-1
488,23,310.0843811035156,449.80029296875,248.28524780273438,429.90643310546875,-1,-1,-1,-1
489,23,306.2831115722656,427.4243469238281,248.42202758789062,446.6935729980469,-1,-1,-1,-1
490,23,315.2210998535156,385.9226989746094,237.24130249023438,470.3650207519531,-1,-1,-1,-1
491,23,337.6693420410156,363.0199890136719,218.38497924804688,484.9881896972656,-1,-1,-1,-1
492,23,359.263671875,371.390380859375,212.1610107421875,491.95513916015625,-1,-1,-1,-1
493,23,381.5320129394531,402.2322998046875,205.08468627929688,487.0482177734375,-1,-1,-1,-1
494,23,407.1837158203125,434.4030456542969,197.60198974609375,466.4297180175781,-1,-1,-1,-1
495,23,446.20220947265625,457.21868896484375,185.880615234375,443.65423583984375,-1,-1,-1,-1
496,23,492.9147644042969,460.65997314453125,172.58499145507812,431.1666259765625,-1,-1,-1,-1
497,23,535.5559692382812,449.1371765136719,165.152099609375,436.5321350097656,-1,-1,-1,-1
498,23,578.081298828125,429.1075439453125,165.252197265625,443.29022216796875,-1,-1,-1,-1
499,23,615.1795043945312,413.52972412109375,165.62689208984375,447.52337646484375,-1,-1,-1,-1
500,23,643.8274536132812,404.1394958496094,169.90509033203125,457.5570983886719,-1,-1,-1,-1
501,23,678.43505859375,393.9421691894531,169.541015625,452.9978332519531,-1,-1,-1,-1
502,23,708.8577880859375,389.8993225097656,167.8194580078125,439.3005065917969,-1,-1,-1,-1
503,23,733.0977783203125,394.80230712890625,165.8138427734375,425.6861572265625,-1,-1,-1,-1
504,23,752.9912109375,405.57684326171875,164.7069091796875,410.4090576171875,-1,-1,-1,-1
505,23,765.9834594726562,419.3551330566406,167.48614501953125,399.2439880371094,-1,-1,-1,-1
506,23,783.0800170898438,429.25238037109375,172.37164306640625,400.73077392578125,-1,-1,-1,-1
507,23,803.6790771484375,423.03997802734375,173.3861083984375,413.55047607421875,-1,-1,-1,-1
508,23,826.7223510742188,416.1411437988281,175.94622802734375,426.3500671386719,-1,-1,-1,-1
509,23,862.4321899414062,382.2810974121094,185.75311279296875,447.7214050292969,-1,-1,-1,-1
510,23,963.6429443359375,350.3018493652344,234.01953125,461.4432678222656,-1,-1,-1,-1
511,23,1104.513916015625,319.625,283.67138671875,484.69482421875,-1,-1,-1,-1
512,23,971.298095703125,173.92312622070312,225.9818115234375,372.4190979003906,-1,-1,-1,-1
501,24,-76.19808959960938,616.3058471679688,175.28285217285156,324.2196044921875,-1,-1,-1,-1
502,24,-61.907318115234375,497.4133605957031,183.23931884765625,391.2692565917969,-1,-1,-1,-1
503,24,-1.0207271575927734,465.59625244140625,152.1496124267578,375.88775634765625,-1,-1,-1,-1
504,24,23.348617553710938,442.2669372558594,189.56317138671875,376.4610900878906,-1,-1,-1,-1
505,24,41.924808502197266,430.75640869140625,229.14727783203125,377.59222412109375,-1,-1,-1,-1
506,24,70.605224609375,434.8672180175781,239.99209594726562,373.1535339355469,-1,-1,-1,-1
507,24,101.20233154296875,445.0079345703125,231.43634033203125,352.0206298828125,-1,-1,-1,-1
508,24,140.06495666503906,446.3357238769531,208.4117889404297,336.7054748535156,-1,-1,-1,-1
509,24,194.40234375,420.7944030761719,182.21395874023438,333.9815979003906,-1,-1,-1,-1
510,24,324.5843200683594,359.651611328125,152.54833984375,329.7830810546875,-1,-1,-1,-1
511,24,498.7835693359375,270.27349853515625,131.4080810546875,355.94390869140625,-1,-1,-1,-1
512,24,633.9822387695312,206.8294677734375,130.40765380859375,371.26513671875,-1,-1,-1,-1
513,24,712.4000854492188,152.54632568359375,139.028076171875,388.88092041015625,-1,-1,-1,-1
514,24,768.7681274414062,137.52413940429688,125.30206298828125,397.2704772949219,-1,-1,-1,-1
515,24,786.7212524414062,148.83656311035156,152.235595703125,396.501708984375,-1,-1,-1,-1
516,24,797.7900390625,152.40037536621094,166.8585205078125,404.1260986328125,-1,-1,-1,-1
517,24,804.6216430664062,152.37814331054688,185.33441162109375,409.0732116699219,-1,-1,-1,-1
518,24,773.3948364257812,150.2267608642578,198.901123046875,409.379638671875,-1,-1,-1,-1
519,24,678.2034301757812,177.0646209716797,192.67169189453125,399.25628662109375,-1,-1,-1,-1
520,24,560.4558715820312,211.5579376220703,171.00140380859375,385.6002197265625,-1,-1,-1,-1
521,24,458.9095458984375,248.9211883544922,152.47296142578125,356.8394775390625,-1,-1,-1,-1
522,24,389.0933837890625,228.1957550048828,156.28778076171875,381.93182373046875,-1,-1,-1,-1
523,24,371.0033264160156,245.80740356445312,160.92807006835938,372.2075500488281,-1,-1,-1,-1
524,24,380.67474365234375,265.71343994140625,173.4107666015625,366.0394287109375,-1,-1,-1,-1
525,24,395.53265380859375,290.083984375,181.626953125,359.1656494140625,-1,-1,-1,-1
526,24,407.1866149902344,315.2403564453125,171.77114868164062,353.834228515625,-1,-1,-1,-1
527,24,426.72589111328125,323.54193115234375,159.86376953125,351.66546630859375,-1,-1,-1,-1
528,24,459.1780090332031,321.0948486328125,144.72067260742188,345.08270263671875,-1,-1,-1,-1
529,24,491.8941345214844,309.32830810546875,120.11911010742188,345.50164794921875,-1,-1,-1,-1
530,24,549.1952514648438,304.6234436035156,102.23040771484375,341.8000793457031,-1,-1,-1,-1
531,24,616.5261840820312,315.8520812988281,113.77020263671875,338.8671569824219,-1,-1,-1,-1
532,24,656.0405883789062,318.0048828125,148.41241455078125,336.07025146484375,-1,-1,-1,-1
533,24,679.114013671875,327.33636474609375,154.1419677734375,334.652587890625,-1,-1,-1,-1
534,24,710.3580932617188,331.7936096191406,173.48492431640625,331.7181091308594,-1,-1,-1,-1
535,24,779.0799560546875,319.5723876953125,185.82086181640625,334.62750244140625,-1,-1,-1,-1
536,24,861.5543823242188,314.17510986328125,194.68719482421875,338.60406494140625,-1,-1,-1,-1
537,24,933.4673461914062,318.9604187011719,187.88958740234375,338.9933166503906,-1,-1,-1,-1
538,24,987.4342651367188,325.8565979003906,166.15020751953125,322.9884948730469,-1,-1,-1,-1
539,24,1031.88330078125,333.0489807128906,156.412841796875,327.1481018066406,-1,-1,-1,-1
540,24,1078.329833984375,333.8299255371094,152.249755859375,329.7497253417969,-1,-1,-1,-1
541,24,1102.352783203125,318.9676513671875,159.858642578125,329.3770751953125,-1,-1,-1,-1
542,24,1119.9010009765625,303.2666931152344,158.9453125,322.4943542480469,-1,-1,-1,-1
543,24,1130.32275390625,301.8609619140625,159.108154296875,319.41265869140625,-1,-1,-1,-1
544,24,1126.8251953125,310.17388916015625,162.4091796875,316.802001953125,-1,-1,-1,-1
545,24,1122.9381103515625,324.1763000488281,163.1175537109375,311.3748474121094,-1,-1,-1,-1
546,24,1124.5518798828125,336.4983825683594,161.8033447265625,305.1698303222656,-1,-1,-1,-1
547,24,1106.2384033203125,351.8200378417969,154.9515380859375,296.3220520019531,-1,-1,-1,-1
548,24,994.916259765625,388.5016174316406,134.1732177734375,274.3063659667969,-1,-1,-1,-1
549,24,806.4879760742188,417.7664489746094,108.600830078125,257.3331604003906,-1,-1,-1,-1
550,24,679.3055419921875,432.1485290527344,86.1090087890625,251.08279418945312,-1,-1,-1,-1
551,24,639.4678955078125,418.5054016113281,98.51361083984375,255.53018188476562,-1,-1,-1,-1
552,24,648.9102783203125,423.68304443359375,104.44085693359375,252.58184814453125,-1,-1,-1,-1
553,24,638.0792236328125,431.36578369140625,112.74658203125,248.5684814453125,-1,-1,-1,-1
554,24,613.5650634765625,467.2468566894531,109.677734375,222.63540649414062,-1,-1,-1,-1
555,24,608.76318359375,465.1125183105469,110.5882568359375,245.08877563476562,-1,-1,-1,-1
556,24,622.0004272460938,491.42352294921875,98.3673095703125,243.0712890625,-1,-1,-1,-1
557,24,634.3178100585938,530.2816162109375,84.88116455078125,230.0869140625,-1,-1,-1,-1
558,24,641.334228515625,544.9725952148438,76.56768798828125,217.4990234375,-1,-1,-1,-1
559,24,628.8042602539062,517.7943115234375,77.74835205078125,227.4595947265625,-1,-1,-1,-1
560,24,617.1736450195312,506.0791931152344,91.97149658203125,224.11831665039062,-1,-1,-1,-1
561,24,608.5339965820312,509.9799499511719,88.25738525390625,215.77542114257812,-1,-1,-1,-1
562,24,595.4691772460938,521.6353759765625,92.40838623046875,214.712646484375,-1,-1,-1,-1
563,24,585.2905883789062,563.0101318359375,93.72412109375,186.7471923828125,-1,-1,-1,-1
564,24,570.443359375,561.5980834960938,102.58123779296875,208.087890625,-1,-1,-1,-1
565,24,551.3628540039062,572.7889404296875,107.52423095703125,209.38238525390625,-1,-1,-1,-1
566,24,533.8443603515625,573.0040283203125,101.4998779296875,210.06982421875,-1,-1,-1,-1
567,24,516.849365234375,576.5800170898438,92.99176025390625,211.77301025390625,-1,-1,-1,-1
568,24,500.6620178222656,586.09423828125,85.00216674804688,209.97210693359375,-1,-1,-1,-1
569,24,478.18450927734375,587.6416015625,92.234130859375,212.25982666015625,-1,-1,-1,-1
570,24,461.72491455078125,580.4249267578125,93.206298828125,215.8009033203125,-1,-1,-1,-1
571,24,452.900146484375,578.6575927734375,96.79339599609375,212.831787109375,-1,-1,-1,-1
572,24,449.3643798828125,577.6016235351562,98.8369140625,209.3248291015625,-1,-1,-1,-1
573,24,431.7966613769531,579.8857421875,98.47555541992188,208.42608642578125,-1,-1,-1,-1
574,24,408.3306579589844,586.6195678710938,99.62948608398438,204.56805419921875,-1,-1,-1,-1
575,24,387.486083984375,581.4140625,100.469970703125,207.72772216796875,-1,-1,-1,-1
576,24,381.89697265625,567.873779296875,100.6663818359375,209.5302734375,-1,-1,-1,-1
577,24,383.96905517578125,555.7749633789062,100.0743408203125,211.4810791015625,-1,-1,-1,-1
578,24,387.623046875,558.58154296875,95.435302734375,207.31024169921875,-1,-1,-1,-1
579,24,396.76568603515625,548.5838623046875,87.07077026367188,214.4676513671875,-1,-1,-1,-1
580,24,405.8995361328125,548.2002563476562,80.09664916992188,213.82025146484375,-1,-1,-1,-1
581,24,404.8835144042969,555.7001953125,84.76336669921875,205.80224609375,-1,-1,-1,-1
582,24,405.0848693847656,566.0634155273438,88.75897216796875,196.9742431640625,-1,-1,-1,-1
583,24,410.21142578125,580.6912231445312,96.87234497070312,188.06689453125,-1,-1,-1,-1
584,24,411.8428955078125,586.0214233398438,102.93035888671875,189.846923828125,-1,-1,-1,-1
585,24,413.2247314453125,596.9992065429688,107.822021484375,185.373046875,-1,-1,-1,-1
586,24,417.6510009765625,600.735595703125,103.69146728515625,178.99609375,-1,-1,-1,-1
587,24,425.66741943359375,597.4595947265625,103.44873046875,175.50225830078125,-1,-1,-1,-1
588,24,426.8077392578125,570.6605224609375,98.878173828125,190.169677734375,-1,-1,-1,-1
589,24,427.5252380371094,559.0097045898438,89.35604858398438,189.987060546875,-1,-1,-1,-1
590,24,418.99505615234375,555.8818969726562,94.27313232421875,183.2318115234375,-1,-1,-1,-1
591,24,413.304931640625,527.4896240234375,96.06793212890625,200.82659912109375,-1,-1,-1,-1
592,24,409.6723327636719,506.96484375,106.87258911132812,206.81378173828125,-1,-1,-1,-1
593,24,414.0517578125,502.1076965332031,103.25262451171875,205.64590454101562,-1,-1,-1,-1
594,24,414.1860656738281,498.70184326171875,96.71298217773438,204.224609375,-1,-1,-1,-1
595,24,415.9755859375,486.4663391113281,129.0272216796875,218.30154418945312,-1,-1,-1,-1
596,24,416.2196044921875,481.6683654785156,142.10394287109375,229.14639282226562,-1,-1,-1,-1
597,24,417.4544677734375,506.79632568359375,101.82904052734375,205.37945556640625,-1,-1,-1,-1
598,24,420.6363525390625,511.95550537109375,93.30426025390625,202.12933349609375,-1,-1,-1,-1
599,24,423.6573181152344,511.65093994140625,99.16189575195312,202.26220703125,-1,-1,-1,-1
600,24,403.47271728515625,510.7822265625,104.1939697265625,201.71343994140625,-1,-1,-1,-1
601,24,385.17657470703125,509.4323425292969,107.05084228515625,204.99337768554688,-1,-1,-1,-1
602,24,382.81048583984375,457.6305847167969,111.14544677734375,257.6230773925781,-1,-1,-1,-1
603,24,405.19537353515625,460.78387451171875,116.98736572265625,255.2723388671875,-1,-1,-1,-1
604,24,429.2330322265625,484.8293762207031,138.02801513671875,292.4018859863281,-1,-1,-1,-1
605,24,443.69830322265625,505.33074951171875,139.3016357421875,271.558349609375,-1,-1,-1,-1
606,24,454.0560302734375,508.2379455566406,145.933349609375,267.0041198730469,-1,-1,-1,-1
607,24,456.0248718261719,492.427001953125,158.63290405273438,303.10382080078125,-1,-1,-1,-1
514,25,210.81344604492188,410.140380859375,48.687225341796875,65.4515380859375,-1,-1,-1,-1
515,25,215.4051055908203,415.9090270996094,51.45335388183594,64.56109619140625,-1,-1,-1,-1
516,25,224.29673767089844,415.1790466308594,50.12852478027344,65.62374877929688,-1,-1,-1,-1
517,25,223.983642578125,414.72222900390625,50.109344482421875,67.2108154296875,-1,-1,-1,-1
518,25,171.5399627685547,415.479736328125,45.51080322265625,55.24151611328125,-1,-1,-1,-1
519,25,563.1260375976562,376.0171813964844,114.338623046875,96.0423583984375,-1,-1,-1,-1
520,26,1114.1424560546875,334.41937255859375,304.2763671875,481.871337890625,-1,-1,-1,-1
521,26,976.4286499023438,353.9087219238281,298.51141357421875,455.9113464355469,-1,-1,-1,-1
522,26,920.1554565429688,360.1423034667969,256.30804443359375,436.8397521972656,-1,-1,-1,-1
523,26,918.3815307617188,368.76739501953125,226.99957275390625,424.03369140625,-1,-1,-1,-1
524,26,936.882568359375,374.98052978515625,220.0780029296875,423.51953125,-1,-1,-1,-1
525,26,948.1109619140625,376.4933776855469,222.60986328125,434.3260192871094,-1,-1,-1,-1
526,26,953.0504760742188,377.30377197265625,220.81146240234375,446.33160400390625,-1,-1,-1,-1
527,26,955.561767578125,373.5464172363281,224.5201416015625,452.0134582519531,-1,-1,-1,-1
528,26,957.85205078125,367.9468994140625,228.8431396484375,450.0640869140625,-1,-1,-1,-1
529,26,951.1165771484375,354.0104064941406,234.434814453125,442.6310119628906,-1,-1,-1,-1
530,26,969.5221557617188,361.54180908203125,244.30584716796875,435.1358642578125,-1,-1,-1,-1
531,26,1021.2272338867188,403.01763916015625,241.52862548828125,420.7601318359375,-1,-1,-1,-1
532,26,1063.5870361328125,426.4309997558594,242.6373291015625,407.2558288574219,-1,-1,-1,-1
533,26,1092.3067626953125,437.4991455078125,239.971923828125,405.3544921875,-1,-1,-1,-1
534,26,1127.320556640625,434.83441162109375,243.6136474609375,412.00177001953125,-1,-1,-1,-1
535,26,1205.547119140625,399.79632568359375,236.936767578125,448.1048583984375,-1,-1,-1,-1
536,26,1291.578369140625,337.4863586425781,193.6455078125,513.643798828125,-1,-1,-1,-1
537,26,1263.3212890625,287.6404724121094,292.28759765625,586.865966796875,-1,-1,-1,-1
539,26,1303.5731201171875,316.63275146484375,211.8392333984375,445.76220703125,-1,-1,-1,-1
540,27,23.047780990600586,599.0574951171875,57.18571472167969,89.0667724609375,-1,-1,-1,-1
541,27,33.73158264160156,590.0123291015625,54.387115478515625,74.3465576171875,-1,-1,-1,-1
542,27,39.18192672729492,582.9555053710938,50.2983283996582,77.77056884765625,-1,-1,-1,-1
543,27,40.41045379638672,594.8826904296875,53.51402282714844,81.94525146484375,-1,-1,-1,-1
544,27,27.245393753051758,621.1660766601562,58.26716613769531,79.596923828125,-1,-1,-1,-1
546,27,-28.45826530456543,562.5831298828125,115.35650634765625,181.1748046875,-1,-1,-1,-1
549,28,1127.2996826171875,427.42388916015625,202.2664794921875,398.1080322265625,-1,-1,-1,-1
550,28,964.4716796875,461.6103515625,160.4207763671875,353.11871337890625,-1,-1,-1,-1
551,28,915.6976928710938,460.06085205078125,147.46099853515625,337.0966796875,-1,-1,-1,-1
552,28,923.455078125,449.0080871582031,146.05615234375,345.4748840332031,-1,-1,-1,-1
553,28,918.616455078125,440.10504150390625,143.7530517578125,354.8616943359375,-1,-1,-1,-1
554,28,891.3018188476562,430.56982421875,140.03277587890625,364.51470947265625,-1,-1,-1,-1
555,28,878.3867797851562,432.93780517578125,144.6072998046875,355.74993896484375,-1,-1,-1,-1
556,28,881.0818481445312,447.2580261230469,145.02960205078125,339.3769226074219,-1,-1,-1,-1
557,28,874.9785766601562,475.01153564453125,147.69580078125,317.92266845703125,-1,-1,-1,-1
558,28,865.8429565429688,489.06884765625,155.14801025390625,310.875244140625,-1,-1,-1,-1
559,28,841.7332763671875,482.1163635253906,156.25482177734375,301.2936706542969,-1,-1,-1,-1
560,28,833.5975952148438,470.8413391113281,144.959716796875,301.0909118652344,-1,-1,-1,-1
561,28,827.03125,464.9872131347656,133.3284912109375,300.5603332519531,-1,-1,-1,-1
562,28,807.783203125,463.37042236328125,134.33819580078125,305.7113037109375,-1,-1,-1,-1
563,28,789.951171875,471.83660888671875,129.80517578125,306.1837158203125,-1,-1,-1,-1
564,28,768.5280151367188,489.5496826171875,131.3868408203125,296.94134521484375,-1,-1,-1,-1
565,28,759.1363525390625,515.4193725585938,133.07550048828125,277.46588134765625,-1,-1,-1,-1
566,28,737.199951171875,515.637451171875,148.67535400390625,277.2376708984375,-1,-1,-1,-1
567,28,716.1494140625,537.9850463867188,155.56695556640625,257.10418701171875,-1,-1,-1,-1
568,28,685.6171264648438,547.54052734375,162.8641357421875,258.99713134765625,-1,-1,-1,-1
569,28,660.1084594726562,557.4105834960938,160.39093017578125,251.45733642578125,-1,-1,-1,-1
570,28,648.7576904296875,540.690185546875,149.3680419921875,260.55609130859375,-1,-1,-1,-1
571,28,649.7396850585938,515.0807495117188,141.45037841796875,278.51141357421875,-1,-1,-1,-1
572,28,646.0865478515625,504.3995361328125,144.12237548828125,277.7391357421875,-1,-1,-1,-1
573,28,630.2930908203125,507.59637451171875,145.54840087890625,266.5924072265625,-1,-1,-1,-1
574,28,609.5032348632812,510.12908935546875,151.73486328125,265.66357421875,-1,-1,-1,-1
575,28,598.0402221679688,513.8536987304688,148.7095947265625,262.104736328125,-1,-1,-1,-1
576,28,590.0001220703125,508.6800231933594,151.15594482421875,259.1914367675781,-1,-1,-1,-1
577,28,590.991455078125,504.02593994140625,151.03924560546875,256.4998779296875,-1,-1,-1,-1
578,28,589.887939453125,509.9471740722656,147.19073486328125,243.23287963867188,-1,-1,-1,-1
579,28,582.6228637695312,501.4451599121094,147.88275146484375,251.65933227539062,-1,-1,-1,-1
580,28,574.994873046875,503.09368896484375,148.09393310546875,250.24578857421875,-1,-1,-1,-1
581,28,564.490234375,484.09698486328125,148.93017578125,274.85064697265625,-1,-1,-1,-1
582,28,556.2042236328125,492.310302734375,145.520751953125,273.2802734375,-1,-1,-1,-1
583,28,548.3878173828125,503.4752502441406,144.57135009765625,277.4599914550781,-1,-1,-1,-1
584,28,541.016845703125,523.3397216796875,140.889404296875,276.84100341796875,-1,-1,-1,-1
585,28,528.534912109375,537.3451538085938,141.9429931640625,274.89892578125,-1,-1,-1,-1
586,28,524.1798095703125,557.8333129882812,136.8798828125,252.71453857421875,-1,-1,-1,-1
587,28,516.6610717773438,564.4693603515625,131.72833251953125,240.919677734375,-1,-1,-1,-1
588,28,511.47076416015625,546.8540649414062,133.37255859375,251.320556640625,-1,-1,-1,-1
589,28,506.8968200683594,533.0524291992188,138.40792846679688,258.431884765625,-1,-1,-1,-1
590,28,495.8546447753906,497.8219299316406,145.84371948242188,287.5272521972656,-1,-1,-1,-1
591,28,481.66363525390625,479.5001220703125,151.47637939453125,297.46746826171875,-1,-1,-1,-1
592,28,474.0418701171875,463.6045837402344,147.74456787109375,304.6916198730469,-1,-1,-1,-1
593,28,472.3368835449219,454.5734558105469,145.11080932617188,322.4343566894531,-1,-1,-1,-1
594,28,452.3700256347656,458.8427734375,171.32577514648438,324.7220458984375,-1,-1,-1,-1
595,28,442.375,468.0979309082031,180.1724853515625,320.8731384277344,-1,-1,-1,-1
596,28,435.9710998535156,481.74859619140625,175.44778442382812,318.4105224609375,-1,-1,-1,-1
597,28,450.9523010253906,496.3051452636719,154.32723999023438,311.2510681152344,-1,-1,-1,-1
598,28,458.8227233886719,489.5919189453125,141.76919555664062,325.3939208984375,-1,-1,-1,-1
599,28,451.33148193359375,477.7356262207031,142.311767578125,342.5671081542969,-1,-1,-1,-1
600,28,417.3435974121094,465.6454772949219,152.80496215820312,357.8082580566406,-1,-1,-1,-1
601,28,382.4053039550781,456.4898681640625,162.08865356445312,376.025390625,-1,-1,-1,-1
602,28,379.2193298339844,457.33056640625,158.62960815429688,392.152099609375,-1,-1,-1,-1
603,28,401.9093017578125,460.4916687011719,157.4954833984375,398.6665954589844,-1,-1,-1,-1
604,28,421.1223449707031,471.53759765625,158.38302612304688,403.48779296875,-1,-1,-1,-1
605,28,430.4565124511719,493.0734558105469,158.25241088867188,381.5708312988281,-1,-1,-1,-1
606,28,438.1917724609375,494.7535705566406,166.526123046875,375.5347595214844,-1,-1,-1,-1
607,28,448.0461120605469,476.903564453125,172.51113891601562,385.76385498046875,-1,-1,-1,-1
608,28,444.8292236328125,447.70068359375,185.328857421875,404.15740966796875,-1,-1,-1,-1
609,28,440.7270812988281,414.01873779296875,199.51467895507812,424.3814697265625,-1,-1,-1,-1
610,28,452.16351318359375,384.9727783203125,199.30035400390625,444.75128173828125,-1,-1,-1,-1
611,28,475.8231506347656,368.40386962890625,207.81423950195312,466.89044189453125,-1,-1,-1,-1
612,28,508.6683044433594,356.1520690917969,237.66574096679688,484.8682556152344,-1,-1,-1,-1
613,28,549.1991577148438,355.774658203125,243.96331787109375,493.08575439453125,-1,-1,-1,-1
614,28,602.3784790039062,359.5511474609375,214.74200439453125,484.88037109375,-1,-1,-1,-1
615,28,663.8961181640625,364.958251953125,191.10565185546875,480.48883056640625,-1,-1,-1,-1
616,28,721.7232666015625,349.2633056640625,188.81134033203125,497.7872314453125,-1,-1,-1,-1
617,28,779.204833984375,329.714599609375,188.1910400390625,523.5869750976562,-1,-1,-1,-1
618,28,835.4564208984375,307.154052734375,201.06982421875,557.5357666015625,-1,-1,-1,-1
619,28,885.9559936523438,295.3191833496094,210.96221923828125,582.359130859375,-1,-1,-1,-1
620,28,918.6805419921875,291.6336669921875,218.3829345703125,594.2476806640625,-1,-1,-1,-1
621,28,949.1909790039062,291.8500061035156,218.15008544921875,603.186767578125,-1,-1,-1,-1
622,28,978.11376953125,305.3072814941406,230.3280029296875,598.61279296875,-1,-1,-1,-1
623,28,1006.4244995117188,328.1697082519531,236.72747802734375,576.296630859375,-1,-1,-1,-1
624,28,1029.7835693359375,346.53759765625,242.089111328125,564.775634765625,-1,-1,-1,-1
625,28,1036.8880615234375,335.8538513183594,256.895751953125,568.1971435546875,-1,-1,-1,-1
626,28,1049.9105224609375,307.4397888183594,272.1256103515625,596.848388671875,-1,-1,-1,-1
627,28,1077.2685546875,295.1647033691406,276.6138916015625,614.891845703125,-1,-1,-1,-1
628,28,1127.65771484375,311.4953918457031,270.0672607421875,604.5458984375,-1,-1,-1,-1
629,28,1223.2764892578125,316.10491943359375,247.0355224609375,624.64501953125,-1,-1,-1,-1
630,28,1269.014892578125,317.92633056640625,241.871826171875,660.344482421875,-1,-1,-1,-1
631,28,1221.434326171875,319.8433532714844,376.052490234375,707.289306640625,-1,-1,-1,-1
632,28,1270.10546875,327.10882568359375,278.7568359375,642.7662353515625,-1,-1,-1,-1
633,28,1297.1937255859375,293.0079345703125,224.5501708984375,516.9625244140625,-1,-1,-1,-1
634,28,1307.6636962890625,318.9892578125,203.6453857421875,456.53289794921875,-1,-1,-1,-1
635,28,1297.641845703125,324.8534240722656,223.6898193359375,475.1187438964844,-1,-1,-1,-1
636,28,1252.9801025390625,291.0286865234375,310.869140625,712.6712646484375,-1,-1,-1,-1
637,28,1178.3427734375,330.5230407714844,286.81787109375,646.1080322265625,-1,-1,-1,-1
638,28,1084.82080078125,328.88385009765625,328.113037109375,628.2239990234375,-1,-1,-1,-1
639,28,1011.8189697265625,348.9836120605469,335.7916259765625,609.705322265625,-1,-1,-1,-1
640,28,961.2879638671875,351.3430480957031,332.4400634765625,599.81494140625,-1,-1,-1,-1
641,28,929.4107666015625,348.64129638671875,322.70556640625,579.239990234375,-1,-1,-1,-1
642,28,950.5032348632812,341.5020751953125,293.78448486328125,578.690185546875,-1,-1,-1,-1
643,28,938.1337280273438,323.5302429199219,322.63165283203125,587.400634765625,-1,-1,-1,-1
644,28,927.0703735351562,309.6229553222656,341.11920166015625,593.18408203125,-1,-1,-1,-1
645,28,922.2547607421875,302.7757263183594,344.1077880859375,593.048095703125,-1,-1,-1,-1
646,28,905.2332153320312,305.2953186035156,350.37213134765625,595.31689453125,-1,-1,-1,-1
647,28,882.4461059570312,304.19873046875,370.40716552734375,603.9088134765625,-1,-1,-1,-1
648,28,857.6129760742188,308.7410888671875,385.45281982421875,603.8148803710938,-1,-1,-1,-1
649,28,851.9132690429688,317.7898864746094,379.04412841796875,586.0223388671875,-1,-1,-1,-1
650,28,880.1701049804688,315.03875732421875,364.64532470703125,583.3778076171875,-1,-1,-1,-1
651,28,887.0761108398438,268.8561706542969,377.94757080078125,604.5367431640625,-1,-1,-1,-1
652,28,886.4856567382812,233.10902404785156,380.91436767578125,625.6939086914062,-1,-1,-1,-1
653,28,884.601806640625,207.73170471191406,365.200439453125,645.5719604492188,-1,-1,-1,-1
654,28,873.6658325195312,193.5644989013672,348.78167724609375,655.9197387695312,-1,-1,-1,-1
655,28,844.8679809570312,194.09849548339844,341.06427001953125,668.3408203125,-1,-1,-1,-1
656,28,809.5812377929688,200.06271362304688,327.08453369140625,676.0306396484375,-1,-1,-1,-1
657,28,752.8826293945312,203.32032775878906,316.83392333984375,654.01123046875,-1,-1,-1,-1
658,28,701.3651733398438,199.45196533203125,287.27325439453125,620.9774780273438,-1,-1,-1,-1
659,28,635.4324951171875,178.25704956054688,257.32037353515625,605.630126953125,-1,-1,-1,-1
660,28,518.9453125,122.27000427246094,251.7530517578125,623.470703125,-1,-1,-1,-1
661,28,425.3082580566406,75.94519805908203,265.7688903808594,650.3735961914062,-1,-1,-1,-1
662,28,344.2421875,70.46479797363281,274.265869140625,644.50048828125,-1,-1,-1,-1
663,28,269.3486633300781,87.81550598144531,265.4935607910156,650.4039916992188,-1,-1,-1,-1
664,28,221.01229858398438,136.29103088378906,256.3965148925781,639.6343383789062,-1,-1,-1,-1
665,28,169.4230499267578,192.10865783691406,277.1751708984375,615.6109008789062,-1,-1,-1,-1
666,28,104.12212371826172,255.16726684570312,300.26654052734375,585.7340087890625,-1,-1,-1,-1
667,28,37.78942108154297,306.2470397949219,319.45556640625,583.501220703125,-1,-1,-1,-1
668,28,-21.113800048828125,343.5726318359375,328.1618347167969,602.1627197265625,-1,-1,-1,-1
669,28,-98.93228149414062,378.9545593261719,348.8529052734375,617.162109375,-1,-1,-1,-1
670,28,-159.1125946044922,413.8758544921875,377.2770080566406,617.6116943359375,-1,-1,-1,-1
671,28,-143.6144256591797,494.241455078125,330.190673828125,556.124755859375,-1,-1,-1,-1
672,28,-143.88441467285156,560.418212890625,354.58099365234375,502.9852294921875,-1,-1,-1,-1
673,28,-120.73141479492188,640.3562622070312,333.0046081542969,462.39764404296875,-1,-1,-1,-1
674,28,-134.38217163085938,648.69775390625,337.7508544921875,473.2515869140625,-1,-1,-1,-1
675,28,-127.00173950195312,598.9271850585938,330.3257141113281,536.6261596679688,-1,-1,-1,-1
676,28,-120.12532043457031,558.6751708984375,339.91949462890625,579.797119140625,-1,-1,-1,-1
677,28,-114.77042388916016,511.32672119140625,342.13970947265625,635.5014038085938,-1,-1,-1,-1
678,28,-88.58961486816406,465.3863525390625,329.7709045410156,678.310546875,-1,-1,-1,-1
679,28,-103.62932586669922,446.2757568359375,358.7792663574219,697.4261474609375,-1,-1,-1,-1
680,28,-118.38128662109375,402.2261962890625,413.1892395019531,746.2003173828125,-1,-1,-1,-1
681,28,-65.82205963134766,389.50433349609375,394.7649841308594,814.7171020507812,-1,-1,-1,-1
682,28,-53.82177734375,373.34814453125,389.3737487792969,885.6329345703125,-1,-1,-1,-1
683,28,-68.02452087402344,433.12109375,354.128173828125,856.66162109375,-1,-1,-1,-1
684,28,-146.44761657714844,502.6020812988281,449.20709228515625,822.9432373046875,-1,-1,-1,-1
685,28,-262.42626953125,485.1831970214844,591.5746459960938,937.2044677734375,-1,-1,-1,-1
686,28,-229.79037475585938,465.26495361328125,479.5329284667969,952.3234252929688,-1,-1,-1,-1
687,28,-244.0118408203125,426.6169738769531,491.05169677734375,1012.168701171875,-1,-1,-1,-1
688,28,-260.03369140625,347.40643310546875,523.131591796875,1063.17529296875,-1,-1,-1,-1
689,28,-260.2245788574219,384.8797912597656,523.5586547851562,1032.326416015625,-1,-1,-1,-1
555,29,1322.5123291015625,521.2389526367188,123.2664794921875,250.482421875,-1,-1,-1,-1
556,29,1335.3909912109375,501.8695068359375,107.7080078125,254.2008056640625,-1,-1,-1,-1
557,29,1346.9930419921875,525.7080078125,65.4742431640625,222.371826171875,-1,-1,-1,-1
558,29,1344.43994140625,540.0397338867188,67.3575439453125,218.46649169921875,-1,-1,-1,-1
559,29,1327.3912353515625,508.39208984375,84.4088134765625,230.036865234375,-1,-1,-1,-1
560,29,1313.14453125,506.64263916015625,97.275146484375,233.3966064453125,-1,-1,-1,-1
561,29,1297.9322509765625,508.0836181640625,109.5439453125,233.33453369140625,-1,-1,-1,-1
562,29,1281.4686279296875,494.52520751953125,125.377685546875,235.21722412109375,-1,-1,-1,-1
563,29,1269.10205078125,479.05316162109375,120.1568603515625,235.2313232421875,-1,-1,-1,-1
564,29,1249.7447509765625,469.12103271484375,123.245361328125,229.34674072265625,-1,-1,-1,-1
565,29,1229.4393310546875,462.74713134765625,127.0555419921875,222.9581298828125,-1,-1,-1,-1
566,29,1209.2095947265625,460.75543212890625,127.1346435546875,219.09423828125,-1,-1,-1,-1
567,29,1186.84130859375,467.3848571777344,126.9466552734375,216.09915161132812,-1,-1,-1,-1
568,29,1161.41796875,482.26507568359375,127.0869140625,212.74359130859375,-1,-1,-1,-1
569,29,1136.4539794921875,489.4032897949219,125.261962890625,207.15249633789062,-1,-1,-1,-1
570,29,1116.3740234375,479.0090026855469,123.771240234375,210.14248657226562,-1,-1,-1,-1
571,29,1106.802734375,477.5734558105469,120.611328125,204.54330444335938,-1,-1,-1,-1
572,29,1103.7916259765625,462.7204895019531,116.780517578125,208.20639038085938,-1,-1,-1,-1
573,29,1080.618408203125,450.0714416503906,119.5731201171875,212.18325805664062,-1,-1,-1,-1
574,29,1052.4989013671875,462.464599609375,118.810546875,214.31793212890625,-1,-1,-1,-1
575,29,1031.8114013671875,467.0,114.9901123046875,218.46600341796875,-1,-1,-1,-1
576,29,1019.507568359375,463.64251708984375,115.232421875,218.09356689453125,-1,-1,-1,-1
577,29,1018.9697265625,449.183349609375,116.5919189453125,225.2362060546875,-1,-1,-1,-1
578,29,1017.259033203125,440.1199951171875,117.238037109375,225.53387451171875,-1,-1,-1,-1
579,29,1017.8409423828125,437.2197570800781,116.389404296875,220.54806518554688,-1,-1,-1,-1
580,29,1012.00732421875,430.79443359375,122.1888427734375,220.38482666015625,-1,-1,-1,-1
581,29,1009.51611328125,421.925048828125,123.2568359375,222.63299560546875,-1,-1,-1,-1
582,29,1004.6375732421875,422.58343505859375,124.355712890625,220.2802734375,-1,-1,-1,-1
583,29,999.61572265625,426.3619384765625,127.8258056640625,220.590576171875,-1,-1,-1,-1
584,29,994.8233032226562,440.4690246582031,127.73016357421875,212.14224243164062,-1,-1,-1,-1
585,29,986.095947265625,434.2391357421875,131.8438720703125,221.14056396484375,-1,-1,-1,-1
586,29,982.6280517578125,430.7854919433594,131.6424560546875,218.02304077148438,-1,-1,-1,-1
587,29,981.6227416992188,405.9620056152344,134.77398681640625,232.40078735351562,-1,-1,-1,-1
588,29,981.2474365234375,396.21697998046875,136.9637451171875,229.33929443359375,-1,-1,-1,-1
589,29,979.7513427734375,394.8982238769531,138.4462890625,226.42288208007812,-1,-1,-1,-1
590,29,977.8739013671875,384.1415710449219,134.5433349609375,233.95480346679688,-1,-1,-1,-1
591,29,970.0511474609375,365.43841552734375,136.1734619140625,248.41326904296875,-1,-1,-1,-1
592,29,968.1802368164062,351.3472900390625,134.29376220703125,253.27215576171875,-1,-1,-1,-1
593,29,972.78955078125,364.8406677246094,131.1202392578125,241.45211791992188,-1,-1,-1,-1
594,29,972.1137084960938,372.0185546875,130.60699462890625,238.01025390625,-1,-1,-1,-1
595,29,970.609375,354.5269470214844,127.9285888671875,259.8007507324219,-1,-1,-1,-1
596,29,964.3472900390625,366.3705749511719,127.6456298828125,259.9631042480469,-1,-1,-1,-1
597,29,957.9219360351562,378.2992858886719,123.28997802734375,256.5057067871094,-1,-1,-1,-1
598,29,952.5806274414062,389.4404296875,122.99114990234375,254.66326904296875,-1,-1,-1,-1
599,29,945.2582397460938,403.0567626953125,125.35137939453125,249.23614501953125,-1,-1,-1,-1
600,29,921.7476196289062,404.8875427246094,123.11810302734375,244.86813354492188,-1,-1,-1,-1
601,29,897.2527465820312,419.12738037109375,119.494384765625,235.26824951171875,-1,-1,-1,-1
602,29,889.0713500976562,429.7194519042969,124.35400390625,234.99807739257812,-1,-1,-1,-1
603,29,910.5110473632812,441.1506042480469,123.44293212890625,234.55160522460938,-1,-1,-1,-1
604,29,925.3328247070312,451.7334289550781,126.10540771484375,230.10012817382812,-1,-1,-1,-1
605,29,932.6131591796875,441.03326416015625,127.9918212890625,230.7193603515625,-1,-1,-1,-1
606,29,941.5155029296875,432.3844299316406,129.0430908203125,229.21279907226562,-1,-1,-1,-1
607,29,951.7691650390625,424.748291015625,128.3551025390625,230.1583251953125,-1,-1,-1,-1
608,29,958.0697631835938,401.2179870605469,130.00140380859375,235.56167602539062,-1,-1,-1,-1
609,29,962.8765869140625,381.0986633300781,131.9466552734375,233.89590454101562,-1,-1,-1,-1
610,29,980.2177734375,362.14813232421875,131.5721435546875,238.01898193359375,-1,-1,-1,-1
611,29,999.4556274414062,344.81365966796875,134.45391845703125,244.94476318359375,-1,-1,-1,-1
612,29,1025.022216796875,332.1166076660156,138.452880859375,252.71737670898438,-1,-1,-1,-1
613,29,1054.7265625,334.064697265625,144.8282470703125,254.96112060546875,-1,-1,-1,-1
614,29,1091.3778076171875,339.9716491699219,149.0445556640625,264.9984436035156,-1,-1,-1,-1
615,29,1130.1903076171875,361.9873962402344,161.0626220703125,269.3438415527344,-1,-1,-1,-1
616,29,1180.8555908203125,386.1619873046875,164.2884521484375,272.8687744140625,-1,-1,-1,-1
617,29,1238.275634765625,416.9232177734375,162.373291015625,277.9698486328125,-1,-1,-1,-1
618,29,1291.3865966796875,442.8372497558594,141.662109375,268.7826232910156,-1,-1,-1,-1
619,29,1326.06689453125,381.9754638671875,133.514404296875,327.416015625,-1,-1,-1,-1
620,29,1325.3289794921875,324.08984375,167.9324951171875,401.39825439453125,-1,-1,-1,-1
621,29,1316.8125,313.8536682128906,185.3380126953125,415.8055114746094,-1,-1,-1,-1
622,29,1312.31982421875,317.9427185058594,194.3385009765625,422.5757751464844,-1,-1,-1,-1
627,29,1299.2523193359375,293.94049072265625,220.4671630859375,466.74871826171875,-1,-1,-1,-1
628,29,1288.532958984375,297.54376220703125,241.9156494140625,493.917724609375,-1,-1,-1,-1
629,29,1213.866943359375,310.167236328125,255.291748046875,537.6282958984375,-1,-1,-1,-1
569,30,1307.7860107421875,441.926025390625,35.1126708984375,84.93280029296875,-1,-1,-1,-1
570,30,1286.381103515625,436.9552307128906,34.104248046875,79.40182495117188,-1,-1,-1,-1
571,30,1277.7286376953125,432.21173095703125,35.9940185546875,93.2740478515625,-1,-1,-1,-1
572,30,1270.758056640625,419.73809814453125,34.480712890625,82.39666748046875,-1,-1,-1,-1
573,30,1248.4095458984375,412.3055725097656,35.0875244140625,84.03851318359375,-1,-1,-1,-1
574,30,1220.874267578125,434.284912109375,38.742431640625,82.46832275390625,-1,-1,-1,-1
575,30,1196.386962890625,447.13531494140625,41.69677734375,81.28082275390625,-1,-1,-1,-1
576,30,1190.6533203125,448.9534912109375,42.8056640625,78.1058349609375,-1,-1,-1,-1
577,30,1194.138427734375,437.9245910644531,41.2242431640625,84.13833618164062,-1,-1,-1,-1
578,30,1192.6719970703125,425.6347351074219,37.2528076171875,81.73751831054688,-1,-1,-1,-1
579,30,1190.52099609375,417.61669921875,33.8807373046875,80.58624267578125,-1,-1,-1,-1
580,30,1185.0318603515625,404.39422607421875,37.320556640625,85.5875244140625,-1,-1,-1,-1
581,30,1177.666259765625,392.7801513671875,37.8939208984375,88.3646240234375,-1,-1,-1,-1
582,30,1171.7957763671875,389.97918701171875,36.9781494140625,83.91189575195312,-1,-1,-1,-1
583,30,1166.2415771484375,392.0860900878906,39.6658935546875,86.44964599609375,-1,-1,-1,-1
584,30,1155.833984375,397.7413024902344,39.1185302734375,86.0799560546875,-1,-1,-1,-1
585,30,1148.7698974609375,403.6416931152344,42.41455078125,83.25469970703125,-1,-1,-1,-1
586,30,1140.545654296875,393.36456298828125,40.823974609375,85.01348876953125,-1,-1,-1,-1
587,30,1141.5863037109375,380.69091796875,41.8546142578125,84.31390380859375,-1,-1,-1,-1
588,30,1144.4619140625,365.8541259765625,44.70751953125,86.373779296875,-1,-1,-1,-1
589,30,1144.4029541015625,359.35076904296875,41.865966796875,87.96295166015625,-1,-1,-1,-1
590,30,1141.9161376953125,355.1306457519531,37.148193359375,91.10800170898438,-1,-1,-1,-1
591,30,1138.080078125,349.9875793457031,34.647705078125,89.2987060546875,-1,-1,-1,-1
592,30,1138.470458984375,343.817138671875,32.991943359375,85.01431274414062,-1,-1,-1,-1
593,30,1140.513671875,343.060302734375,36.5428466796875,86.4053955078125,-1,-1,-1,-1
594,30,1140.23486328125,339.18841552734375,40.541015625,94.21429443359375,-1,-1,-1,-1
595,30,1138.049560546875,343.59490966796875,39.5760498046875,92.26394653320312,-1,-1,-1,-1
596,30,1130.7076416015625,356.77685546875,41.2591552734375,90.82305908203125,-1,-1,-1,-1
597,30,1121.5892333984375,367.88531494140625,42.994873046875,89.66879272460938,-1,-1,-1,-1
598,30,1117.42919921875,376.4124755859375,41.5338134765625,89.75674438476562,-1,-1,-1,-1
599,30,1114.2901611328125,383.3876037597656,42.336181640625,89.69125366210938,-1,-1,-1,-1
600,30,1089.122314453125,379.1652526855469,40.3046875,90.73065185546875,-1,-1,-1,-1
601,30,1065.1658935546875,387.3306579589844,36.69580078125,87.93182373046875,-1,-1,-1,-1
602,30,1064.521728515625,396.6608581542969,36.258544921875,90.935791015625,-1,-1,-1,-1
603,30,1094.3765869140625,407.080078125,37.552001953125,92.68304443359375,-1,-1,-1,-1
604,30,1112.7342529296875,409.9349670410156,38.927490234375,91.921875,-1,-1,-1,-1
605,30,1118.8193359375,392.970458984375,42.1807861328125,95.06597900390625,-1,-1,-1,-1
606,30,1126.7894287109375,376.4290466308594,43.1944580078125,96.25927734375,-1,-1,-1,-1
607,30,1139.88623046875,367.88360595703125,44.077880859375,97.43084716796875,-1,-1,-1,-1
608,30,1147.4998779296875,342.4234619140625,42.42919921875,99.1280517578125,-1,-1,-1,-1
609,30,1154.1329345703125,319.3587951660156,41.9849853515625,99.13763427734375,-1,-1,-1,-1
610,30,1170.6513671875,298.90869140625,42.361083984375,102.44064331054688,-1,-1,-1,-1
611,30,1190.6751708984375,289.9837646484375,40.712890625,99.02984619140625,-1,-1,-1,-1
612,30,1218.6400146484375,285.5657043457031,39.7578125,98.00570678710938,-1,-1,-1,-1
613,30,1251.7479248046875,298.80206298828125,38.1275634765625,93.5294189453125,-1,-1,-1,-1
614,30,1290.8363037109375,327.9049987792969,37.7423095703125,85.90237426757812,-1,-1,-1,-1
615,30,1330.4166259765625,358.2138977050781,38.370849609375,87.69256591796875,-1,-1,-1,-1
573,31,1295.700927734375,410.8753356933594,34.496826171875,81.4195556640625,-1,-1,-1,-1
574,31,1269.0992431640625,428.869873046875,36.0181884765625,80.19000244140625,-1,-1,-1,-1
575,31,1250.411376953125,442.1460266113281,35.103759765625,80.12905883789062,-1,-1,-1,-1
576,31,1242.5186767578125,440.86395263671875,35.9151611328125,82.52197265625,-1,-1,-1,-1
577,31,1247.38427734375,433.23675537109375,33.6591796875,81.58245849609375,-1,-1,-1,-1
578,31,1243.630859375,420.5870361328125,35.151123046875,85.26809692382812,-1,-1,-1,-1
579,31,1241.52685546875,411.0807800292969,35.63232421875,85.74075317382812,-1,-1,-1,-1
580,31,1237.3900146484375,399.30743408203125,38.1251220703125,85.68292236328125,-1,-1,-1,-1
581,31,1232.0400390625,391.2301940917969,36.091064453125,80.81973266601562,-1,-1,-1,-1
582,31,1225.7598876953125,384.5115661621094,35.2061767578125,82.785400390625,-1,-1,-1,-1
583,31,1221.825927734375,387.54180908203125,34.68701171875,82.267333984375,-1,-1,-1,-1
584,31,1215.389404296875,392.4010009765625,35.642578125,82.05364990234375,-1,-1,-1,-1
585,31,1207.4842529296875,393.25567626953125,37.8575439453125,82.495849609375,-1,-1,-1,-1
586,31,1202.3331298828125,380.41741943359375,35.4012451171875,85.86126708984375,-1,-1,-1,-1
587,31,1202.5128173828125,367.4783630371094,35.8046875,87.98001098632812,-1,-1,-1,-1
588,31,1203.67236328125,353.4411926269531,37.2459716796875,86.9119873046875,-1,-1,-1,-1
589,31,1204.883544921875,347.56317138671875,37.06591796875,90.4564208984375,-1,-1,-1,-1
590,31,1201.8533935546875,347.4267883300781,36.069580078125,91.3828125,-1,-1,-1,-1
591,31,1199.047119140625,346.6998291015625,35.32470703125,86.45193481445312,-1,-1,-1,-1
592,31,1199.1708984375,338.040771484375,35.549072265625,86.58465576171875,-1,-1,-1,-1
593,31,1205.0576171875,336.96142578125,34.28466796875,88.69223022460938,-1,-1,-1,-1
594,31,1203.886474609375,337.7270812988281,37.30126953125,91.04998779296875,-1,-1,-1,-1
595,31,1203.00927734375,339.15875244140625,35.4290771484375,90.50259399414062,-1,-1,-1,-1
596,31,1194.6661376953125,350.2215881347656,40.9735107421875,90.2906494140625,-1,-1,-1,-1
597,31,1190.4593505859375,359.9529113769531,34.855224609375,91.07769775390625,-1,-1,-1,-1
598,31,1185.797607421875,367.07586669921875,36.0797119140625,91.0264892578125,-1,-1,-1,-1
599,31,1181.5615234375,374.6268005371094,38.389892578125,89.66842651367188,-1,-1,-1,-1
600,31,1158.4422607421875,369.6695556640625,36.7261962890625,93.09420776367188,-1,-1,-1,-1
601,31,1135.244384765625,378.5666198730469,32.881103515625,89.71282958984375,-1,-1,-1,-1
602,31,1134.944091796875,392.4039306640625,33.44140625,89.92617797851562,-1,-1,-1,-1
603,31,1165.7174072265625,406.4349060058594,39.5367431640625,88.56964111328125,-1,-1,-1,-1
604,31,1188.369873046875,407.7913818359375,35.8807373046875,91.1793212890625,-1,-1,-1,-1
605,31,1196.281982421875,389.1512451171875,38.426513671875,92.60482788085938,-1,-1,-1,-1
606,31,1206.1539306640625,372.0167236328125,37.6556396484375,93.40707397460938,-1,-1,-1,-1
607,31,1216.6572265625,362.1315612792969,38.33740234375,96.35052490234375,-1,-1,-1,-1
608,31,1223.9095458984375,338.4959411621094,36.53564453125,94.65145874023438,-1,-1,-1,-1
609,31,1227.370361328125,314.450439453125,38.07177734375,95.55667114257812,-1,-1,-1,-1
610,31,1239.4342041015625,300.0584411621094,40.3660888671875,99.579833984375,-1,-1,-1,-1
611,31,1255.167724609375,293.63067626953125,39.7132568359375,96.12716674804688,-1,-1,-1,-1
612,31,1280.472412109375,296.7608337402344,37.784423828125,96.02536010742188,-1,-1,-1,-1
599,32,1212.2138671875,374.6910400390625,35.207275390625,90.93316650390625,-1,-1,-1,-1
600,32,1185.5731201171875,370.426513671875,36.177734375,92.21746826171875,-1,-1,-1,-1
601,32,1158.4111328125,379.02227783203125,37.076904296875,90.36578369140625,-1,-1,-1,-1
602,32,1155.6351318359375,394.3995361328125,39.407958984375,89.11373901367188,-1,-1,-1,-1
603,32,1185.4232177734375,409.4038391113281,41.3402099609375,88.24407958984375,-1,-1,-1,-1
604,32,1209.66064453125,410.345947265625,36.4901123046875,89.50613403320312,-1,-1,-1,-1
605,32,1215.926025390625,391.60394287109375,41.4444580078125,91.943603515625,-1,-1,-1,-1
606,32,1224.9208984375,372.7743225097656,43.055419921875,96.93661499023438,-1,-1,-1,-1
607,32,1240.79833984375,362.14459228515625,40.10791015625,98.53509521484375,-1,-1,-1,-1
608,32,1246.9915771484375,338.467041015625,37.4119873046875,95.72897338867188,-1,-1,-1,-1
609,32,1251.220458984375,315.0552673339844,38.45556640625,96.69168090820312,-1,-1,-1,-1
610,32,1265.7286376953125,302.9480285644531,38.173583984375,94.61962890625,-1,-1,-1,-1
611,32,1284.4310302734375,296.5990295410156,35.975341796875,91.92312622070312,-1,-1,-1,-1
612,32,1307.86962890625,306.0939025878906,32.680908203125,85.51358032226562,-1,-1,-1,-1
613,32,1310.516845703125,310.1663513183594,35.9580078125,98.125244140625,-1,-1,-1,-1
618,33,844.3597412109375,368.2283935546875,83.45263671875,226.93487548828125,-1,-1,-1,-1
619,33,881.8707275390625,382.064453125,84.4637451171875,228.30645751953125,-1,-1,-1,-1
620,33,899.3394165039062,385.3830261230469,90.80419921875,225.33724975585938,-1,-1,-1,-1
621,33,910.283447265625,386.0907287597656,94.37713623046875,222.58908081054688,-1,-1,-1,-1
622,33,929.2633056640625,379.378662109375,103.7073974609375,224.847900390625,-1,-1,-1,-1
623,33,950.1543579101562,376.19287109375,120.20648193359375,224.5897216796875,-1,-1,-1,-1
624,33,960.736572265625,375.41058349609375,134.5906982421875,224.639404296875,-1,-1,-1,-1
625,33,959.8743286132812,356.0715026855469,138.41680908203125,233.35293579101562,-1,-1,-1,-1
626,33,964.396484375,356.464111328125,134.9052734375,226.58221435546875,-1,-1,-1,-1
627,33,975.9224853515625,356.13629150390625,127.591796875,225.69903564453125,-1,-1,-1,-1
628,33,1018.0962524414062,344.4042053222656,136.87176513671875,235.87911987304688,-1,-1,-1,-1
629,33,1105.7896728515625,344.4468688964844,145.748291015625,237.02761840820312,-1,-1,-1,-1
630,33,1191.2857666015625,348.33428955078125,142.0606689453125,245.35382080078125,-1,-1,-1,-1
631,33,1258.1075439453125,367.8208312988281,125.7327880859375,242.71420288085938,-1,-1,-1,-1
632,33,1289.8638916015625,373.6430969238281,115.536865234375,248.28353881835938,-1,-1,-1,-1
633,33,1289.2110595703125,354.8783264160156,114.4403076171875,254.18740844726562,-1,-1,-1,-1
634,33,1268.8441162109375,351.0697937011719,115.4915771484375,244.95852661132812,-1,-1,-1,-1
635,33,1234.74365234375,344.3511657714844,121.8740234375,250.39151000976562,-1,-1,-1,-1
636,33,1170.3173828125,341.37982177734375,132.90625,250.91912841796875,-1,-1,-1,-1
637,33,1083.853515625,359.2767639160156,129.0269775390625,237.71102905273438,-1,-1,-1,-1
638,33,994.6497192382812,371.3012390136719,121.46514892578125,232.86587524414062,-1,-1,-1,-1
639,33,929.6171264648438,396.125732421875,112.76141357421875,223.49066162109375,-1,-1,-1,-1
640,33,891.954345703125,398.81640625,104.87945556640625,219.34490966796875,-1,-1,-1,-1
641,33,868.5775756835938,392.3129577636719,102.14593505859375,208.52700805664062,-1,-1,-1,-1
642,33,860.6597290039062,387.3092041015625,102.59173583984375,207.43536376953125,-1,-1,-1,-1
643,33,857.8983154296875,374.83837890625,111.835205078125,206.28680419921875,-1,-1,-1,-1
644,33,848.7241821289062,358.09027099609375,116.4454345703125,216.36004638671875,-1,-1,-1,-1
645,33,842.6528930664062,351.4749755859375,121.610595703125,226.98724365234375,-1,-1,-1,-1
646,33,845.744140625,372.5597229003906,110.562744140625,211.83486938476562,-1,-1,-1,-1
647,33,859.6199340820312,372.755859375,101.1217041015625,211.37591552734375,-1,-1,-1,-1
648,33,869.8091430664062,351.28082275390625,91.65704345703125,230.36114501953125,-1,-1,-1,-1
649,33,870.8509521484375,346.3623046875,89.01129150390625,229.11981201171875,-1,-1,-1,-1
650,33,878.3505249023438,333.77337646484375,89.50738525390625,233.7344970703125,-1,-1,-1,-1
651,33,878.8485107421875,309.2689208984375,97.214111328125,235.7950439453125,-1,-1,-1,-1
652,33,870.5581665039062,290.11163330078125,97.2464599609375,240.60113525390625,-1,-1,-1,-1
653,33,850.5811767578125,289.1714782714844,97.95880126953125,241.15914916992188,-1,-1,-1,-1
654,33,825.2465209960938,295.2444763183594,99.82257080078125,236.48074340820312,-1,-1,-1,-1
655,33,788.0545043945312,316.1847229003906,98.96337890625,227.56088256835938,-1,-1,-1,-1
656,33,740.8739624023438,325.5412902832031,99.28851318359375,224.46621704101562,-1,-1,-1,-1
657,33,681.1458740234375,325.9703674316406,92.72906494140625,221.47677612304688,-1,-1,-1,-1
658,33,602.7517700195312,313.12274169921875,89.06903076171875,224.04791259765625,-1,-1,-1,-1
659,33,492.6880187988281,305.3521423339844,101.74514770507812,228.23428344726562,-1,-1,-1,-1
660,33,353.84918212890625,282.69000244140625,126.97613525390625,238.8743896484375,-1,-1,-1,-1
661,33,264.4270935058594,250.0022735595703,134.32147216796875,246.25941467285156,-1,-1,-1,-1
662,33,193.6769561767578,239.47039794921875,144.4981231689453,248.00091552734375,-1,-1,-1,-1
663,33,129.91168212890625,263.5067443847656,159.76382446289062,245.46725463867188,-1,-1,-1,-1
664,33,99.34036254882812,299.8738708496094,166.46539306640625,239.68765258789062,-1,-1,-1,-1
665,33,59.4012565612793,339.5982666015625,186.43421936035156,236.4383544921875,-1,-1,-1,-1
666,33,13.485978126525879,381.2768249511719,178.77687072753906,236.55227661132812,-1,-1,-1,-1
667,33,-8.8590726852417,370.97357177734375,312.5850524902344,295.007568359375,-1,-1,-1,-1
668,33,-21.109466552734375,341.754638671875,278.8640441894531,460.376220703125,-1,-1,-1,-1
669,33,-102.57832336425781,387.68890380859375,311.4219970703125,451.95849609375,-1,-1,-1,-1
670,33,-146.92750549316406,387.3282165527344,316.4320373535156,477.0284118652344,-1,-1,-1,-1
671,33,-118.33124542236328,418.5663146972656,239.75454711914062,387.2546081542969,-1,-1,-1,-1
672,33,-93.66329956054688,500.82574462890625,190.35873413085938,255.1724853515625,-1,-1,-1,-1
673,33,-115.88714599609375,434.41082763671875,234.80003356933594,360.19683837890625,-1,-1,-1,-1
674,33,-143.9476776123047,442.0134582519531,290.9281005859375,418.0839538574219,-1,-1,-1,-1
675,33,-139.73794555664062,440.8448181152344,282.5500183105469,400.7649841308594,-1,-1,-1,-1
676,33,-165.85113525390625,427.34088134765625,334.8454895019531,408.2994384765625,-1,-1,-1,-1
678,33,-167.5421905517578,459.7564392089844,338.6650390625,414.6891784667969,-1,-1,-1,-1
679,33,-162.606689453125,452.89813232421875,334.47802734375,467.43621826171875,-1,-1,-1,-1
680,33,-196.32244873046875,411.3534851074219,407.311279296875,653.3900146484375,-1,-1,-1,-1
681,33,-246.1248779296875,391.083740234375,498.79034423828125,817.4683837890625,-1,-1,-1,-1
682,33,-211.50161743164062,366.4393310546875,461.0381164550781,965.15625,-1,-1,-1,-1
683,33,-246.269287109375,390.0899963378906,504.6304626464844,975.52099609375,-1,-1,-1,-1
684,33,-263.5038146972656,433.9556884765625,530.2901611328125,958.109375,-1,-1,-1,-1
685,33,-312.0592041015625,452.0318603515625,627.1526489257812,975.885986328125,-1,-1,-1,-1
643,34,1323.2874755859375,427.19293212890625,57.126220703125,108.39007568359375,-1,-1,-1,-1
644,34,1305.1962890625,423.3559265136719,55.7022705078125,103.47518920898438,-1,-1,-1,-1
645,34,1289.318603515625,410.4867858886719,55.1146240234375,104.05508422851562,-1,-1,-1,-1
646,34,1280.359130859375,404.4281311035156,51.5992431640625,101.41152954101562,-1,-1,-1,-1
647,34,1277.323974609375,392.0428161621094,49.1494140625,101.28964233398438,-1,-1,-1,-1
648,34,1268.2308349609375,379.62554931640625,48.9674072265625,101.48941040039062,-1,-1,-1,-1
649,34,1255.987060546875,365.4260559082031,45.407958984375,103.14981079101562,-1,-1,-1,-1
650,34,1257.429443359375,361.9919128417969,44.271484375,101.55276489257812,-1,-1,-1,-1
651,34,1259.1182861328125,340.1439514160156,40.5611572265625,101.05398559570312,-1,-1,-1,-1
652,34,1239.25390625,316.78900146484375,47.89306640625,109.94509887695312,-1,-1,-1,-1
653,34,1216.947509765625,311.8419494628906,46.4747314453125,107.027099609375,-1,-1,-1,-1
654,34,1185.110595703125,301.601318359375,44.480224609375,105.72970581054688,-1,-1,-1,-1
655,34,1173.3858642578125,302.2374267578125,49.22216796875,102.77239990234375,-1,-1,-1,-1
656,34,1106.8702392578125,294.2817687988281,46.573486328125,101.24346923828125,-1,-1,-1,-1
657,34,1020.8392944335938,275.599365234375,48.79864501953125,106.8931884765625,-1,-1,-1,-1
658,34,931.5072631835938,269.3656005859375,45.0469970703125,97.74319458007812,-1,-1,-1,-1
659,34,816.6859130859375,250.49957275390625,45.2796630859375,97.5186767578125,-1,-1,-1,-1
660,34,687.126953125,217.82432556152344,47.01495361328125,95.66246032714844,-1,-1,-1,-1
661,34,607.1951293945312,191.36732482910156,44.45025634765625,97.89524841308594,-1,-1,-1,-1
662,34,546.1483764648438,178.3286895751953,39.70721435546875,98.93208312988281,-1,-1,-1,-1
663,34,482.53363037109375,187.344970703125,41.8876953125,101.99710083007812,-1,-1,-1,-1
664,34,397.70855712890625,218.33929443359375,56.643035888671875,108.093017578125,-1,-1,-1,-1
665,34,363.2980651855469,244.01101684570312,50.330963134765625,107.66250610351562,-1,-1,-1,-1
666,34,306.9287414550781,270.5492248535156,51.030120849609375,108.99185180664062,-1,-1,-1,-1
667,34,243.6078338623047,301.9013977050781,57.35926818847656,109.1134033203125,-1,-1,-1,-1
668,34,186.05908203125,337.5287780761719,58.80790710449219,109.35015869140625,-1,-1,-1,-1
669,34,125.94580078125,369.438232421875,63.2105712890625,111.13619995117188,-1,-1,-1,-1
670,34,93.04417419433594,387.0234069824219,60.80572509765625,114.628662109375,-1,-1,-1,-1
671,34,88.06513977050781,399.36090087890625,61.51448059082031,109.96554565429688,-1,-1,-1,-1
672,34,100.59317779541016,393.3401794433594,65.0751724243164,112.57113647460938,-1,-1,-1,-1
673,34,101.67875671386719,405.4405822753906,65.458251953125,114.17800903320312,-1,-1,-1,-1
674,34,114.67760467529297,413.04833984375,65.75817108154297,110.880615234375,-1,-1,-1,-1
675,34,138.2538604736328,414.454345703125,65.88290405273438,111.043701171875,-1,-1,-1,-1
676,34,181.4851837158203,417.9146728515625,67.76087951660156,108.94866943359375,-1,-1,-1,-1
677,34,221.50027465820312,418.20477294921875,68.40524291992188,110.9923095703125,-1,-1,-1,-1
678,34,263.37646484375,414.56927490234375,66.36212158203125,107.55975341796875,-1,-1,-1,-1
679,34,302.7898864746094,411.22320556640625,68.72903442382812,107.8480224609375,-1,-1,-1,-1
680,34,377.96783447265625,416.2700500488281,62.931396484375,104.99783325195312,-1,-1,-1,-1
681,34,425.16522216796875,425.445068359375,59.010406494140625,105.26751708984375,-1,-1,-1,-1
682,34,454.574462890625,423.9555358886719,56.90655517578125,107.64376831054688,-1,-1,-1,-1
683,34,473.922607421875,425.3702087402344,52.18359375,106.26998901367188,-1,-1,-1,-1
684,34,462.9705505371094,422.27252197265625,53.126373291015625,108.4136962890625,-1,-1,-1,-1
685,34,441.1574401855469,420.01678466796875,52.8807373046875,109.1796875,-1,-1,-1,-1
686,34,429.3072204589844,449.4389953613281,56.033050537109375,109.82339477539062,-1,-1,-1,-1
687,34,431.1494140625,481.3860168457031,52.538818359375,104.68887329101562,-1,-1,-1,-1
688,34,431.5608825683594,487.4146728515625,46.862030029296875,108.8690185546875,-1,-1,-1,-1
689,34,413.67926025390625,501.340576171875,55.77423095703125,155.66748046875,-1,-1,-1,-1
690,34,365.9248352050781,526.630859375,54.43438720703125,154.749755859375,-1,-1,-1,-1
691,34,324.7694091796875,528.9146728515625,65.55508422851562,141.4283447265625,-1,-1,-1,-1
692,34,314.4976501464844,546.09814453125,56.918914794921875,121.6173095703125,-1,-1,-1,-1
693,34,351.6074523925781,546.20947265625,44.0897216796875,111.47088623046875,-1,-1,-1,-1
694,34,353.93218994140625,544.3533325195312,45.954193115234375,122.65521240234375,-1,-1,-1,-1
695,34,279.10345458984375,482.1893310546875,47.970489501953125,131.04644775390625,-1,-1,-1,-1
696,34,171.81288146972656,360.0806884765625,61.75962829589844,141.14846801757812,-1,-1,-1,-1
697,34,108.0451431274414,259.9787902832031,48.58336639404297,125.51040649414062,-1,-1,-1,-1
698,34,81.73976135253906,228.7051239013672,43.24994659423828,104.97557067871094,-1,-1,-1,-1
699,34,91.83082580566406,161.86500549316406,53.40216064453125,120.35523986816406,-1,-1,-1,-1
700,34,91.83560943603516,140.71896362304688,65.97631072998047,114.05046081542969,-1,-1,-1,-1
701,34,99.8287124633789,134.33328247070312,62.28900909423828,106.30235290527344,-1,-1,-1,-1
702,34,114.60081481933594,115.67425537109375,57.58233642578125,120.00439453125,-1,-1,-1,-1
703,34,156.94032287597656,120.70172882080078,51.79608154296875,118.22310638427734,-1,-1,-1,-1
704,34,201.62353515625,112.5943832397461,52.53814697265625,127.15674591064453,-1,-1,-1,-1
705,34,256.6668701171875,80.17597961425781,56.581878662109375,130.74302673339844,-1,-1,-1,-1
706,34,289.4850158691406,25.155765533447266,53.883209228515625,125.80950927734375,-1,-1,-1,-1
707,34,319.32806396484375,2.304598808288574,59.89111328125,104.6910629272461,-1,-1,-1,-1
708,34,337.3540954589844,1.3012690544128418,62.31353759765625,81.28360748291016,-1,-1,-1,-1
709,34,347.6443176269531,1.937077522277832,61.292236328125,65.71619415283203,-1,-1,-1,-1
710,34,363.69427490234375,2.605867862701416,60.73687744140625,54.223140716552734,-1,-1,-1,-1
645,35,1299.451171875,469.8049621582031,109.755859375,190.11862182617188,-1,-1,-1,-1
646,35,1299.24853515625,461.60162353515625,107.6263427734375,208.4307861328125,-1,-1,-1,-1
647,35,1303.3724365234375,420.6278991699219,108.9935302734375,234.62301635742188,-1,-1,-1,-1
648,35,1302.8565673828125,429.5079040527344,105.885498046875,212.89895629882812,-1,-1,-1,-1
649,35,1297.1492919921875,394.2891845703125,109.456298828125,236.59228515625,-1,-1,-1,-1
650,35,1303.77734375,403.9488525390625,107.641845703125,218.79022216796875,-1,-1,-1,-1
651,35,1303.25048828125,359.9295959472656,109.45556640625,248.90048217773438,-1,-1,-1,-1
652,35,1291.0595703125,364.19036865234375,113.4161376953125,221.58746337890625,-1,-1,-1,-1
653,35,1266.911376953125,371.8739929199219,118.3441162109375,201.08517456054688,-1,-1,-1,-1
654,35,1240.7716064453125,330.78631591796875,119.7730712890625,229.9498291015625,-1,-1,-1,-1
655,35,1195.1484375,315.8827819824219,119.3592529296875,231.53817749023438,-1,-1,-1,-1
656,35,1133.9183349609375,315.1855773925781,118.8753662109375,212.85171508789062,-1,-1,-1,-1
657,35,1062.617919921875,305.9414367675781,111.64453125,195.80368041992188,-1,-1,-1,-1
658,35,976.3152465820312,281.7113342285156,103.93792724609375,193.60556030273438,-1,-1,-1,-1
659,35,869.1072387695312,261.2559814453125,103.43011474609375,185.288818359375,-1,-1,-1,-1
660,35,750.1766357421875,223.53134155273438,97.69696044921875,184.59796142578125,-1,-1,-1,-1
661,35,673.4658813476562,201.9420623779297,96.6685791015625,183.67604064941406,-1,-1,-1,-1
662,35,608.7138061523438,191.83978271484375,96.8179931640625,184.86285400390625,-1,-1,-1,-1
663,35,543.9840698242188,199.63072204589844,104.813720703125,184.94883728027344,-1,-1,-1,-1
664,35,499.73974609375,222.97052001953125,112.3040771484375,182.85916137695312,-1,-1,-1,-1
665,35,451.5699768066406,243.2830352783203,126.39724731445312,183.08482360839844,-1,-1,-1,-1
666,35,402.5240783691406,272.0227966308594,121.88949584960938,174.96148681640625,-1,-1,-1,-1
667,35,336.27130126953125,296.60443115234375,132.296142578125,178.318603515625,-1,-1,-1,-1
668,35,278.90283203125,329.25152587890625,137.63247680664062,178.61932373046875,-1,-1,-1,-1
669,35,214.3422393798828,355.0843200683594,146.4042205810547,183.75497436523438,-1,-1,-1,-1
670,35,172.6715087890625,369.53607177734375,154.32366943359375,189.782470703125,-1,-1,-1,-1
671,35,163.0201416015625,386.8713684082031,151.52444458007812,181.92782592773438,-1,-1,-1,-1
672,35,173.52113342285156,383.5360107421875,147.55775451660156,181.66925048828125,-1,-1,-1,-1
673,35,173.08499145507812,396.51287841796875,152.67263793945312,179.68194580078125,-1,-1,-1,-1
674,35,183.40725708007812,403.807373046875,148.88580322265625,182.22479248046875,-1,-1,-1,-1
675,35,203.40782165527344,396.86468505859375,151.3977508544922,194.064697265625,-1,-1,-1,-1
676,35,241.4192657470703,407.3873291015625,151.86915588378906,183.4112548828125,-1,-1,-1,-1
677,35,280.4491882324219,408.48406982421875,146.448974609375,184.5069580078125,-1,-1,-1,-1
678,35,317.88336181640625,409.0159912109375,144.9727783203125,177.23272705078125,-1,-1,-1,-1
679,35,357.0611877441406,399.8099670410156,141.22640991210938,180.27175903320312,-1,-1,-1,-1
680,35,427.1935119628906,411.0927734375,135.15597534179688,173.845947265625,-1,-1,-1,-1
681,35,472.1035461425781,421.00030517578125,129.49899291992188,174.3099365234375,-1,-1,-1,-1
682,35,503.8330383300781,428.431884765625,118.06649780273438,172.325927734375,-1,-1,-1,-1
683,35,518.822265625,429.8608093261719,114.9361572265625,177.77761840820312,-1,-1,-1,-1
684,35,505.0176086425781,429.40203857421875,116.84951782226562,180.65228271484375,-1,-1,-1,-1
685,35,480.8139953613281,442.0937194824219,119.05892944335938,170.17190551757812,-1,-1,-1,-1
686,35,461.07421875,463.90069580078125,118.6395263671875,185.24957275390625,-1,-1,-1,-1
687,35,459.0577087402344,496.7762145996094,105.84817504882812,187.83718872070312,-1,-1,-1,-1
688,35,445.6512756347656,509.8841857910156,108.05984497070312,192.35922241210938,-1,-1,-1,-1
689,35,410.87689208984375,525.7959594726562,112.76312255859375,202.07940673828125,-1,-1,-1,-1
690,35,338.8607177734375,544.8336181640625,124.9541015625,218.26531982421875,-1,-1,-1,-1
691,35,289.35821533203125,552.35302734375,131.62255859375,220.40289306640625,-1,-1,-1,-1
692,35,243.85223388671875,574.0838012695312,145.04208374023438,225.84112548828125,-1,-1,-1,-1
693,35,268.1300964355469,572.6011352539062,144.48724365234375,225.19659423828125,-1,-1,-1,-1
694,35,262.2666320800781,572.8529052734375,145.99038696289062,226.9442138671875,-1,-1,-1,-1
695,35,189.81980895996094,507.06134033203125,149.62705993652344,245.87689208984375,-1,-1,-1,-1
696,35,99.0865478515625,396.1183776855469,155.75941467285156,257.4530944824219,-1,-1,-1,-1
697,35,40.068355560302734,290.50286865234375,162.09933471679688,269.35906982421875,-1,-1,-1,-1
698,35,6.584883213043213,287.7239990234375,166.01950073242188,242.350830078125,-1,-1,-1,-1
699,35,19.892276763916016,229.62234497070312,164.26681518554688,223.18313598632812,-1,-1,-1,-1
700,35,15.823589324951172,211.64955139160156,186.26966857910156,230.92311096191406,-1,-1,-1,-1
701,35,8.812958717346191,200.3024444580078,194.39471435546875,235.15895080566406,-1,-1,-1,-1
702,35,11.456061363220215,214.72337341308594,207.33287048339844,220.9007110595703,-1,-1,-1,-1
703,35,40.29110336303711,212.30784606933594,223.96902465820312,217.42457580566406,-1,-1,-1,-1
704,35,80.09790802001953,203.2914581298828,221.04122924804688,240.65577697753906,-1,-1,-1,-1
705,35,122.6878662109375,161.6882781982422,214.92572021484375,253.6175994873047,-1,-1,-1,-1
706,35,143.463134765625,110.09001922607422,213.98825073242188,243.85247802734375,-1,-1,-1,-1
707,35,180.7073516845703,69.92417907714844,198.9877166748047,236.8441925048828,-1,-1,-1,-1
708,35,178.61590576171875,48.413726806640625,217.85446166992188,238.00399780273438,-1,-1,-1,-1
709,35,175.3155059814453,31.713655471801758,227.5477752685547,239.71682739257812,-1,-1,-1,-1
710,35,194.52880859375,24.164960861206055,217.68588256835938,244.5038299560547,-1,-1,-1,-1
711,35,217.6742401123047,23.101516723632812,225.77687072753906,250.7764129638672,-1,-1,-1,-1
712,35,238.97528076171875,23.181001663208008,228.84796142578125,264.79168701171875,-1,-1,-1,-1
713,35,260.8248291015625,22.534130096435547,229.80413818359375,268.83905029296875,-1,-1,-1,-1
714,35,295.677490234375,15.81572151184082,230.030517578125,283.9081115722656,-1,-1,-1,-1
715,35,344.4303894042969,16.12681484222412,230.30850219726562,301.9173889160156,-1,-1,-1,-1
716,35,393.370361328125,23.71493148803711,228.11419677734375,321.11505126953125,-1,-1,-1,-1
650,36,1310.9931640625,377.63909912109375,38.5364990234375,92.05447387695312,-1,-1,-1,-1
651,36,1311.2816162109375,358.90350341796875,35.9288330078125,89.26812744140625,-1,-1,-1,-1
652,36,1293.5411376953125,339.4634704589844,39.99072265625,91.01220703125,-1,-1,-1,-1
653,36,1268.1080322265625,327.4097595214844,40.56640625,94.15499877929688,-1,-1,-1,-1
654,36,1232.546875,312.32366943359375,43.7381591796875,98.23171997070312,-1,-1,-1,-1
652,37,233.7932891845703,435.96563720703125,28.880233764648438,53.610198974609375,-1,-1,-1,-1
653,37,214.16500854492188,447.1757507324219,26.7236328125,47.871856689453125,-1,-1,-1,-1
654,37,188.41590881347656,474.87054443359375,26.998275756835938,44.13592529296875,-1,-1,-1,-1
655,37,151.0039520263672,519.2138061523438,34.69465637207031,61.51287841796875,-1,-1,-1,-1
656,37,98.31330871582031,560.4844970703125,33.19593811035156,50.2369384765625,-1,-1,-1,-1
657,37,119.51908111572266,518.7599487304688,109.36563873291016,85.36163330078125,-1,-1,-1,-1
656,38,1160.6092529296875,298.77935791015625,43.2464599609375,99.4521484375,-1,-1,-1,-1
657,38,1074.16455078125,283.7987060546875,48.5233154296875,107.72882080078125,-1,-1,-1,-1
658,38,980.835693359375,269.41259765625,45.1820068359375,103.41476440429688,-1,-1,-1,-1
659,38,862.4603881835938,243.64889526367188,42.9697265625,103.56228637695312,-1,-1,-1,-1
660,38,733.0624389648438,210.07823181152344,42.37103271484375,102.46537780761719,-1,-1,-1,-1
661,38,653.6152954101562,186.26480102539062,40.8416748046875,98.75897216796875,-1,-1,-1,-1
662,38,592.0496215820312,182.15992736816406,37.91644287109375,92.43589782714844,-1,-1,-1,-1
663,38,530.1024780273438,194.95346069335938,40.7642822265625,89.96005249023438,-1,-1,-1,-1
664,38,489.8062744140625,217.95755004882812,39.76092529296875,84.84005737304688,-1,-1,-1,-1
665,38,448.4105529785156,239.4540557861328,48.501190185546875,91.58979797363281,-1,-1,-1,-1
666,38,388.4236755371094,259.6042175292969,51.689361572265625,87.14834594726562,-1,-1,-1,-1
667,38,324.2822570800781,282.6294860839844,48.626190185546875,79.739013671875,-1,-1,-1,-1
668,38,265.177490234375,313.5354309082031,45.16766357421875,75.0406494140625,-1,-1,-1,-1
669,38,205.3313446044922,344.7018127441406,42.46794128417969,83.61679077148438,-1,-1,-1,-1
670,38,162.51617431640625,368.12786865234375,53.934906005859375,97.29833984375,-1,-1,-1,-1
671,38,143.4288787841797,393.891357421875,56.00169372558594,88.0802001953125,-1,-1,-1,-1
672,38,139.3240509033203,386.80206298828125,55.65985107421875,92.28240966796875,-1,-1,-1,-1
664,39,443.4204406738281,216.79150390625,41.814361572265625,96.43508911132812,-1,-1,-1,-1
665,39,401.3752136230469,237.32594299316406,43.041229248046875,98.37693786621094,-1,-1,-1,-1
666,39,346.407958984375,266.9561767578125,44.944305419921875,92.95831298828125,-1,-1,-1,-1
667,39,278.4824523925781,293.62359619140625,53.416412353515625,98.39691162109375,-1,-1,-1,-1
668,39,221.84426879882812,329.5188903808594,57.20611572265625,97.37521362304688,-1,-1,-1,-1
669,39,162.4882049560547,361.3785705566406,59.10911560058594,96.23739624023438,-1,-1,-1,-1
670,39,126.54193115234375,380.13812255859375,60.01445007324219,94.83837890625,-1,-1,-1,-1
671,39,123.32557678222656,388.80194091796875,57.02857971191406,95.70001220703125,-1,-1,-1,-1
672,39,135.7606201171875,382.90802001953125,58.224700927734375,97.422607421875,-1,-1,-1,-1
673,39,136.037109375,391.2467041015625,63.56427001953125,103.73587036132812,-1,-1,-1,-1
674,39,152.60003662109375,401.7499694824219,65.81048583984375,96.58834838867188,-1,-1,-1,-1
675,39,178.7270965576172,404.2510070800781,62.54573059082031,96.45181274414062,-1,-1,-1,-1
676,39,220.4339599609375,408.7787780761719,74.95858764648438,98.97805786132812,-1,-1,-1,-1
677,39,261.2190246582031,407.6364440917969,69.88607788085938,104.3948974609375,-1,-1,-1,-1
678,39,304.7012939453125,406.72991943359375,72.04318237304688,104.2890625,-1,-1,-1,-1
679,39,344.5199890136719,405.88446044921875,78.7847900390625,104.51959228515625,-1,-1,-1,-1
680,39,424.48431396484375,423.77740478515625,61.061065673828125,88.88461303710938,-1,-1,-1,-1
681,39,460.6741027832031,420.281005859375,68.36349487304688,104.1588134765625,-1,-1,-1,-1
682,39,495.3277587890625,426.2577209472656,59.45184326171875,106.80386352539062,-1,-1,-1,-1
683,39,510.7325744628906,434.49505615234375,50.607086181640625,95.53125,-1,-1,-1,-1
684,39,503.0692443847656,437.8731689453125,53.542572021484375,105.97998046875,-1,-1,-1,-1
685,39,477.78851318359375,449.9565124511719,61.75360107421875,102.43630981445312,-1,-1,-1,-1
686,39,463.09716796875,467.9450988769531,83.900634765625,123.13815307617188,-1,-1,-1,-1
687,39,467.61260986328125,482.08673095703125,42.116455078125,105.73028564453125,-1,-1,-1,-1
688,39,471.3305358886719,493.55364990234375,35.9324951171875,96.96002197265625,-1,-1,-1,-1
689,39,462.5262145996094,515.1646118164062,32.96337890625,93.37750244140625,-1,-1,-1,-1
690,39,421.5047607421875,540.8836669921875,35.26507568359375,104.3192138671875,-1,-1,-1,-1
691,39,380.1571044921875,545.060546875,48.355072021484375,112.30047607421875,-1,-1,-1,-1
692,39,347.7575378417969,566.0858154296875,55.24114990234375,112.95672607421875,-1,-1,-1,-1
693,39,357.3802490234375,548.9779663085938,61.889312744140625,127.20477294921875,-1,-1,-1,-1
683,40,9.774090766906738,494.0422058105469,219.47474670410156,265.4559020996094,-1,-1,-1,-1
684,40,-2.3998918533325195,510.768310546875,203.8093719482422,245.4720458984375,-1,-1,-1,-1
685,40,-38.86052703857422,504.73388671875,193.9178466796875,259.40728759765625,-1,-1,-1,-1
686,40,-84.38224029541016,496.8962707519531,188.8704833984375,298.5447082519531,-1,-1,-1,-1
687,40,-131.85992431640625,486.200439453125,317.2315673828125,317.51788330078125,-1,-1,-1,-1
688,40,-102.41413879394531,474.5047912597656,354.4847412109375,345.9173278808594,-1,-1,-1,-1
687,41,506.71307373046875,484.3105773925781,37.0897216796875,97.13528442382812,-1,-1,-1,-1
688,41,509.1824951171875,497.6591796875,30.74658203125,79.24884033203125,-1,-1,-1,-1
689,41,492.7846374511719,520.49658203125,33.040313720703125,91.1190185546875,-1,-1,-1,-1
690,41,448.140625,552.3616943359375,37.54937744140625,93.2479248046875,-1,-1,-1,-1
691,41,405.78094482421875,566.2149047851562,42.002410888671875,89.28302001953125,-1,-1,-1,-1
692,41,380.0132141113281,579.8925170898438,52.043426513671875,99.88787841796875,-1,-1,-1,-1
693,41,408.9327392578125,575.2122192382812,51.951690673828125,100.12640380859375,-1,-1,-1,-1
694,41,413.8605651855469,573.785888671875,52.975006103515625,98.126953125,-1,-1,-1,-1
695,41,353.679443359375,504.884033203125,44.7735595703125,106.337646484375,-1,-1,-1,-1
696,41,257.7142028808594,372.5003356933594,48.848480224609375,120.310302734375,-1,-1,-1,-1
697,41,190.5337677001953,244.86795043945312,44.59880065917969,128.79440307617188,-1,-1,-1,-1
698,41,156.01019287109375,202.32940673828125,44.21778869628906,117.33203125,-1,-1,-1,-1
699,41,177.26341247558594,137.27854919433594,46.01216125488281,104.69105529785156,-1,-1,-1,-1
700,41,186.01744079589844,100.28706359863281,47.77030944824219,98.59114074707031,-1,-1,-1,-1
701,41,181.88706970214844,84.01204681396484,56.57688903808594,98.81262969970703,-1,-1,-1,-1
702,41,207.11898803710938,88.85305786132812,46.50819396972656,88.51258850097656,-1,-1,-1,-1
703,41,246.9285125732422,81.02974700927734,50.92533874511719,99.50150299072266,-1,-1,-1,-1
704,41,296.0318298339844,78.82794189453125,50.62652587890625,116.74005126953125,-1,-1,-1,-1
705,41,356.8115539550781,53.736812591552734,52.551910400390625,121.80130004882812,-1,-1,-1,-1
706,41,390.90399169921875,3.6183924674987793,53.721710205078125,108.64185333251953,-1,-1,-1,-1
707,41,421.9501037597656,1.2952160835266113,56.241790771484375,66.39192199707031,-1,-1,-1,-1
708,41,439.7327575683594,0.7727290391921997,59.381103515625,44.675323486328125,-1,-1,-1,-1
709,41,445.74371337890625,-1.0783734321594238,64.33621215820312,32.084970474243164,-1,-1,-1,-1
710,41,457.9192810058594,-1.8831672668457031,68.27725219726562,28.39230728149414,-1,-1,-1,-1
711,41,449.4364013671875,-0.6059308052062988,57.0296630859375,38.09830093383789,-1,-1,-1,-1
712,41,476.9709167480469,-0.44513237476348877,56.407379150390625,43.22113800048828,-1,-1,-1,-1
713,41,506.792724609375,-0.39309465885162354,55.53363037109375,44.785945892333984,-1,-1,-1,-1
714,41,550.614013671875,-2.2508623600006104,55.71771240234375,49.1120719909668,-1,-1,-1,-1
694,42,388.3476257324219,561.0274047851562,44.1871337890625,82.38262939453125,-1,-1,-1,-1
695,42,319.77392578125,495.7662658691406,44.185882568359375,100.73690795898438,-1,-1,-1,-1
696,42,217.19793701171875,363.6317443847656,48.311859130859375,126.20120239257812,-1,-1,-1,-1
697,42,149.24716186523438,248.42556762695312,46.75276184082031,129.8646240234375,-1,-1,-1,-1
698,42,115.82978057861328,209.71493530273438,44.30164337158203,120.91323852539062,-1,-1,-1,-1
699,42,139.2776336669922,155.3220977783203,40.771209716796875,101.19871520996094,-1,-1,-1,-1
700,42,145.69627380371094,108.51220703125,47.4388427734375,102.53790283203125,-1,-1,-1,-1
701,42,153.0574188232422,111.1125717163086,45.30964660644531,91.20337677001953,-1,-1,-1,-1
702,42,158.44041442871094,99.74098205566406,52.247406005859375,98.96286010742188,-1,-1,-1,-1
703,42,204.99269104003906,101.22523498535156,45.628875732421875,103.50215148925781,-1,-1,-1,-1
704,42,251.71673583984375,95.81700897216797,47.078948974609375,116.54657745361328,-1,-1,-1,-1
705,42,309.48968505859375,64.0495491027832,50.613433837890625,126.50297546386719,-1,-1,-1,-1
706,42,341.6903076171875,14.702006340026855,50.850830078125,115.71703338623047,-1,-1,-1,-1
707,42,374.39373779296875,1.7114365100860596,54.9349365234375,82.28921508789062,-1,-1,-1,-1
708,42,394.9902038574219,1.6400964260101318,52.618896484375,58.94552993774414,-1,-1,-1,-1
709,42,402.5893859863281,1.5797148942947388,54.096282958984375,41.97011184692383,-1,-1,-1,-1
710,42,419.35504150390625,1.1666901111602783,51.961029052734375,37.91037368774414,-1,-1,-1,-1
711,42,395.65887451171875,2.23334002494812,61.268707275390625,51.6353645324707,-1,-1,-1,-1
712,42,425.9243469238281,1.7288033962249756,61.736572265625,54.89857864379883,-1,-1,-1,-1
713,42,455.5982666015625,1.50376558303833,60.851318359375,53.30028533935547,-1,-1,-1,-1
714,42,496.734375,-0.017460346221923828,62.1673583984375,57.80287551879883,-1,-1,-1,-1
715,42,554.5964965820312,1.3363726139068604,61.8155517578125,70.4245376586914,-1,-1,-1,-1
716,42,601.515869140625,0.5935068130493164,74.8359375,96.92115783691406,-1,-1,-1,-1
704,43,226.8799591064453,878.4874877929688,915.3508911132812,533.0261840820312,-1,-1,-1,-1
705,43,380.6724548339844,851.2305297851562,797.404052734375,573.2245483398438,-1,-1,-1,-1
706,43,403.8191833496094,955.6217041015625,861.5906982421875,451.0498046875,-1,-1,-1,-1
707,43,420.47149658203125,876.0170288085938,938.5222778320312,533.9960327148438,-1,-1,-1,-1
708,43,424.75189208984375,772.5540771484375,950.3259887695312,642.3787841796875,-1,-1,-1,-1
709,43,408.2487487792969,699.4468383789062,972.726806640625,712.3403930664062,-1,-1,-1,-1
710,43,403.13079833984375,667.1726684570312,949.8146362304688,746.0674438476562,-1,-1,-1,-1
711,43,483.9808654785156,670.0572509765625,852.1759033203125,751.3651123046875,-1,-1,-1,-1
712,43,480.0818786621094,691.5601196289062,856.4464111328125,718.2963256835938,-1,-1,-1,-1
713,43,458.91259765625,723.606201171875,916.1136474609375,685.7669677734375,-1,-1,-1,-1
714,43,439.971923828125,780.0933227539062,936.0584716796875,631.2055053710938,-1,-1,-1,-1
715,43,463.0172119140625,860.4532470703125,931.3778076171875,551.5142822265625,-1,-1,-1,-1
716,43,451.93408203125,947.6544189453125,901.4923095703125,462.8363037109375,-1,-1,-1,-1
714,44,600.6677856445312,-1.1255762577056885,63.815185546875,39.270057678222656,-1,-1,-1,-1
715,44,604.7215576171875,1.3017017841339111,60.6268310546875,62.10263442993164,-1,-1,-1,-1
716,44,657.4966430664062,1.8405709266662598,63.7060546875,88.25829315185547,-1,-1,-1,-1
716,45,711.2042846679688,1.4381873607635498,64.39337158203125,85.94593048095703,-1,-1,-1,-1
