seq,HOTA(0),LocA(0),HOTALocA(0),HOTA___5,HOTA___10,HOTA___15,HOTA___20,HOTA___25,HOTA___30,HOTA___35,HOTA___40,HOTA___45,HOTA___50,HOTA___55,HOTA___60,HOTA___65,HOTA___70,HOTA___75,HOTA___80,HOTA___85,HOTA___90,HOTA___95,HOTA___AUC,DetA___5,DetA___10,DetA___15,DetA___20,DetA___25,DetA___30,DetA___35,DetA___40,DetA___45,DetA___50,DetA___55,DetA___60,DetA___65,DetA___70,DetA___75,DetA___80,DetA___85,DetA___90,DetA___95,DetA___AUC,AssA___5,AssA___10,AssA___15,AssA___20,AssA___25,AssA___30,AssA___35,AssA___40,AssA___45,AssA___50,AssA___55,AssA___60,AssA___65,AssA___70,AssA___75,AssA___80,AssA___85,AssA___90,AssA___95,AssA___AUC,DetRe___5,DetRe___10,DetRe___15,DetRe___20,DetRe___25,DetRe___30,DetRe___35,DetRe___40,DetRe___45,DetRe___50,DetRe___55,DetRe___60,DetRe___65,DetRe___70,DetRe___75,DetRe___80,DetRe___85,DetRe___90,DetRe___95,DetRe___AUC,DetPr___5,DetPr___10,DetPr___15,DetPr___20,DetPr___25,DetPr___30,DetPr___35,DetPr___40,DetPr___45,DetPr___50,DetPr___55,DetPr___60,DetPr___65,DetPr___70,DetPr___75,DetPr___80,DetPr___85,DetPr___90,DetPr___95,DetPr___AUC,AssRe___5,AssRe___10,AssRe___15,AssRe___20,AssRe___25,AssRe___30,AssRe___35,AssRe___40,AssRe___45,AssRe___50,AssRe___55,AssRe___60,AssRe___65,AssRe___70,AssRe___75,AssRe___80,AssRe___85,AssRe___90,AssRe___95,AssRe___AUC,AssPr___5,AssPr___10,AssPr___15,AssPr___20,AssPr___25,AssPr___30,AssPr___35,AssPr___40,AssPr___45,AssPr___50,AssPr___55,AssPr___60,AssPr___65,AssPr___70,AssPr___75,AssPr___80,AssPr___85,AssPr___90,AssPr___95,AssPr___AUC,LocA___5,LocA___10,LocA___15,LocA___20,LocA___25,LocA___30,LocA___35,LocA___40,LocA___45,LocA___50,LocA___55,LocA___60,LocA___65,LocA___70,LocA___75,LocA___80,LocA___85,LocA___90,LocA___95,LocA___AUC,OWTA___5,OWTA___10,OWTA___15,OWTA___20,OWTA___25,OWTA___30,OWTA___35,OWTA___40,OWTA___45,OWTA___50,OWTA___55,OWTA___60,OWTA___65,OWTA___70,OWTA___75,OWTA___80,OWTA___85,OWTA___90,OWTA___95,OWTA___AUC,HOTA_TP___5,HOTA_TP___10,HOTA_TP___15,HOTA_TP___20,HOTA_TP___25,HOTA_TP___30,HOTA_TP___35,HOTA_TP___40,HOTA_TP___45,HOTA_TP___50,HOTA_TP___55,HOTA_TP___60,HOTA_TP___65,HOTA_TP___70,HOTA_TP___75,HOTA_TP___80,HOTA_TP___85,HOTA_TP___90,HOTA_TP___95,HOTA_TP___AUC,HOTA_FN___5,HOTA_FN___10,HOTA_FN___15,HOTA_FN___20,HOTA_FN___25,HOTA_FN___30,HOTA_FN___35,HOTA_FN___40,HOTA_FN___45,HOTA_FN___50,HOTA_FN___55,HOTA_FN___60,HOTA_FN___65,HOTA_FN___70,HOTA_FN___75,HOTA_FN___80,HOTA_FN___85,HOTA_FN___90,HOTA_FN___95,HOTA_FN___AUC,HOTA_FP___5,HOTA_FP___10,HOTA_FP___15,HOTA_FP___20,HOTA_FP___25,HOTA_FP___30,HOTA_FP___35,HOTA_FP___40,HOTA_FP___45,HOTA_FP___50,HOTA_FP___55,HOTA_FP___60,HOTA_FP___65,HOTA_FP___70,HOTA_FP___75,HOTA_FP___80,HOTA_FP___85,HOTA_FP___90,HOTA_FP___95,HOTA_FP___AUC,MOTA,MOTP,MODA,CLR_Re,CLR_Pr,MTR,PTR,MLR,sMOTA,CLR_F1,FP_per_frame,MOTAL,MOTP_sum,CLR_TP,CLR_FN,CLR_FP,IDSW,MT,PT,ML,Frag,CLR_Frames,IDF1,IDR,IDP,IDTP,IDFN,IDFP,Dets,GT_Dets,IDs,GT_IDs
fencing_001_fencing_aria01_rgb,0.8549217751290973,0.9366922099104928,0.8007985668462756,0.8549217751290973,0.8549217751290973,0.8549217751290973,0.8549217751290973,0.8549217751290973,0.8549217751290973,0.8549217751290973,0.8549217751290973,0.8549217751290973,0.852806315748712,0.8517555354877826,0.8517555354877826,0.8517555354877826,0.8451129736862091,0.8321482352892189,0.8184796637831477,0.7954364499441998,0.721835526312827,0.3725344880894531,0.8151534860778415,1.0,1.0,1.0,1.0,1.0,1.0,1.0,1.0,1.0,0.9965986394557823,0.9949022939677146,0.9949022939677146,0.9949022939677146,0.9831081081081081,0.9599332220367279,0.9356966199505359,0.8996763754045307,0.786910197869102,0.3333333333333333,0.9410507041084875,0.7308912415898867,0.7308912415898867,0.7308912415898867,0.7308912415898867,0.7308912415898867,0.7308912415898867,0.7308912415898867,0.7308912415898867,0.7308912415898867,0.7297607917446491,0.729204763757055,0.729204763757055,0.729204763757055,0.7264876898098046,0.7213738097590987,0.715946756398445,0.703274158572115,0.6621422983947517,0.41634583444821266,0.7074193055109064,1.0,1.0,1.0,1.0,1.0,1.0,1.0,1.0,1.0,0.9982964224872232,0.9974446337308348,0.9974446337308348,0.9974446337308348,0.9914821124361158,0.979557069846678,0.9667802385008518,0.9471890971039182,0.8807495741056218,0.5,0.9608625481933112,1.0,1.0,1.0,1.0,1.0,1.0,1.0,1.0,1.0,0.9982964224872232,0.9974446337308348,0.9974446337308348,0.9974446337308348,0.9914821124361158,0.979557069846678,0.9667802385008518,0.9471890971039182,0.8807495741056218,0.5,0.9608625481933112,0.7308912415898867,0.7308912415898867,0.7308912415898867,0.7308912415898867,0.7308912415898867,0.7308912415898867,0.7308912415898867,0.7308912415898867,0.7308912415898867,0.7302682129263978,0.7299603715742427,0.7299603715742427,0.7299603715742427,0.7286632722213227,0.7260763335609682,0.723055869486665,0.716309551169076,0.6949028902868415,0.5405588679890602,0.7172493308774758,1.0,1.0,1.0,1.0,1.0,1.0,1.0,1.0,1.0,0.9983043501814833,0.9974624862754666,0.9974624862754666,0.9974624862754666,0.9916498270370244,0.9803317123276678,0.9686873092302866,0.950207979729284,0.8897231315047242,0.5948306551345832,0.9666380223142871,0.9366922099104928,0.9366922099104928,0.9366922099104928,0.9366922099104928,0.9366922099104928,0.9366922099104928,0.9366922099104928,0.9366922099104928,0.9366922099104928,0.9374708560770868,0.9378288398058916,0.9378288398058916,0.9378288398058916,0.939436441158077,0.9420387593990172,0.9442160065138874,0.946591765470058,0.9516808055728166,0.9671023281343163,0.9406449142598617,0.8549217751290973,0.8549217751290973,0.8549217751290973,0.8549217751290973,0.8549217751290973,0.8549217751290973,0.8549217751290973,0.8549217751290973,0.8549217751290973,0.8535324174687958,0.8528431148226711,0.8528431148226711,0.8528431148226711,0.8487046302168139,0.8406109774156876,0.8319634462551825,0.8161700896715337,0.7636632420828536,0.4562597037040487,0.8244068330234109,1174.0,1174.0,1174.0,1174.0,1174.0,1174.0,1174.0,1174.0,1174.0,1172.0,1171.0,1171.0,1171.0,1164.0,1150.0,1135.0,1112.0,1034.0,587.0,1128.0526315789473,0.0,0.0,0.0,0.0,0.0,0.0,0.0,0.0,0.0,2.0,3.0,3.0,3.0,10.0,24.0,39.0,62.0,140.0,587.0,45.94736842105263,0.0,0.0,0.0,0.0,0.0,0.0,0.0,0.0,0.0,2.0,3.0,3.0,3.0,10.0,24.0,39.0,62.0,140.0,587.0,45.94736842105263,0.9948892674616695,0.9374708560770868,0.9965928449744463,0.9982964224872232,0.9982964224872232,1.0,0.0,0.0,0.9324666467822366,0.9982964224872232,0.0033277870216306157,0.996336431008804,1098.7158433223458,1172,2,2,2,2,0,0,3.0,601,0.778534923339012,0.778534923339012,0.778534923339012,914,260,260,1174,1174,4,2
fencing_001_fencing_aria02_rgb,1.0,0.9469259590543248,0.9469259590543248,1.0,1.0,1.0,1.0,1.0,1.0,1.0,1.0,1.0,1.0,1.0,1.0,1.0,0.9933665008291874,0.9900662251655629,0.9900662251655629,0.9640522875816994,0.8578052550231839,0.3960511033681766,0.9574425051122827,1.0,1.0,1.0,1.0,1.0,1.0,1.0,1.0,1.0,1.0,1.0,1.0,1.0,0.9933665008291874,0.9900662251655629,0.9900662251655629,0.9640522875816994,0.8578052550231839,0.39605110336817656,0.9574425051122827,1.0,1.0,1.0,1.0,1.0,1.0,1.0,1.0,1.0,1.0,1.0,1.0,1.0,0.9933665008291874,0.9900662251655629,0.9900662251655629,0.9640522875816994,0.8578052550231839,0.3960511033681766,0.9574425051122827,1.0,1.0,1.0,1.0,1.0,1.0,1.0,1.0,1.0,1.0,1.0,1.0,1.0,0.9966722129783694,0.9950083194675541,0.9950083194675541,0.9816971713810316,0.9234608985024958,0.56738768718802,0.9715386636307908,1.0,1.0,1.0,1.0,1.0,1.0,1.0,1.0,1.0,1.0,1.0,1.0,1.0,0.9966722129783694,0.9950083194675541,0.9950083194675541,0.9816971713810316,0.9234608985024958,0.56738768718802,0.9715386636307908,1.0,1.0,1.0,1.0,1.0,1.0,1.0,1.0,1.0,1.0,1.0,1.0,1.0,0.9966722129783694,0.9950083194675542,0.9950083194675542,0.9816971713810316,0.9234608985024958,0.56738768718802,0.9715386636307908,1.0,1.0,1.0,1.0,1.0,1.0,1.0,1.0,1.0,1.0,1.0,1.0,1.0,0.9966722129783694,0.9950083194675542,0.9950083194675542,0.9816971713810316,0.9234608985024958,0.56738768718802,0.9715386636307908,0.9469259590543248,0.9469259590543248,0.9469259590543248,0.9469259590543248,0.9469259590543248,0.9469259590543248,0.9469259590543248,0.9469259590543248,0.9469259590543248,0.9469259590543248,0.9469259590543248,0.9469259590543248,0.9469259590543248,0.9478551720277943,0.9482055341459307,0.9482055341459307,0.949782084627177,0.9540444461638254,0.968120072710987,0.9487500163962036,1.0,1.0,1.0,1.0,1.0,1.0,1.0,1.0,1.0,1.0,1.0,1.0,1.0,0.9950179840987827,0.9925341963194879,0.9925341963194879,0.9728347258308407,0.8900278712174535,0.47404063069354424,0.9640520844462944,601.0,601.0,601.0,601.0,601.0,601.0,601.0,601.0,601.0,601.0,601.0,601.0,601.0,599.0,598.0,598.0,590.0,555.0,341.0,583.8947368421053,0.0,0.0,0.0,0.0,0.0,0.0,0.0,0.0,0.0,0.0,0.0,0.0,0.0,2.0,3.0,3.0,11.0,46.0,260.0,17.105263157894736,0.0,0.0,0.0,0.0,0.0,0.0,0.0,0.0,0.0,0.0,0.0,0.0,0.0,2.0,3.0,3.0,11.0,46.0,260.0,17.105263157894736,1.0,0.9469259590543248,1.0,1.0,1.0,1.0,0.0,0.0,0.9469259590543248,1.0,0.0,1.0,569.1025013916492,601,0,0,0,1,0,0,0.0,601,1.0,1.0,1.0,601,0,0,601,601,1,1
fencing_001_fencing_aria03_rgb,0.8197345220882604,0.9042491948215434,0.7412442815657322,0.8197345220882604,0.8197345220882604,0.8197345220882604,0.8197345220882604,0.8197345220882604,0.8197345220882604,0.8197345220882604,0.8197345220882604,0.8197345220882604,0.8193535220603128,0.8193535220603128,0.8171446175266673,0.8139669264303792,0.8026768510523296,0.7895620303654985,0.7615360988638128,0.6767802831120573,0.41842097487869734,0.07384197622151159,0.7458025000718908,0.996386630532972,0.996386630532972,0.996386630532972,0.996386630532972,0.996386630532972,0.996386630532972,0.996386630532972,0.996386630532972,0.996386630532972,0.9945848375451264,0.9945848375451264,0.990990990990991,0.987410071942446,0.9661921708185054,0.9454225352112676,0.9084628670120898,0.8011409942950285,0.47137150466045274,0.08174253548702888,0.9004938431739374,0.674401548667741,0.674401548667741,0.674401548667741,0.674401548667741,0.674401548667741,0.674401548667741,0.674401548667741,0.674401548667741,0.674401548667741,0.6749954038809478,0.6749954038809478,0.6737955561887381,0.6709898715324593,0.666834348977881,0.6593963826508317,0.6383719697648326,0.5717240222019665,0.37141853185324303,0.06670501985057121,0.6178337078311625,0.996386630532972,0.996386630532972,0.996386630532972,0.996386630532972,0.996386630532972,0.996386630532972,0.996386630532972,0.996386630532972,0.996386630532972,0.995483288166215,0.995483288166215,0.993676603432701,0.991869918699187,0.981029810298103,0.9701897018970189,0.950316169828365,0.8879855465221319,0.6395663956639567,0.15085817524841916,0.922312556458898,1.0,1.0,1.0,1.0,1.0,1.0,1.0,1.0,1.0,0.99909338168631,0.99909338168631,0.9972801450589301,0.9954669084315503,0.9845874886672711,0.9737080689029919,0.9537624660018132,0.8912058023572076,0.641885766092475,0.1514052583862194,0.9256572982774252,0.674401548667741,0.674401548667741,0.674401548667741,0.674401548667741,0.674401548667741,0.674401548667741,0.674401548667741,0.674401548667741,0.674401548667741,0.6749954779306844,0.6749954779306844,0.6744085042590731,0.672738355683347,0.6714713319020049,0.6677615210797776,0.6554350741610059,0.6142133247071333,0.46536186632283216,0.10856775947455533,0.628924349024251,1.0,1.0,1.0,1.0,1.0,1.0,1.0,1.0,1.0,0.999243799153055,0.999243799153055,0.997434489199195,0.9956248066180564,0.9870458193500119,0.9781091033144927,0.9600186109985372,0.896785711979297,0.6533640034138539,0.16120037322045072,0.9277931850736845,0.9042491948215434,0.9042491948215434,0.9042491948215434,0.9042491948215434,0.9042491948215434,0.9042491948215434,0.9042491948215434,0.9042491948215434,0.9042491948215434,0.904620451330324,0.904620451330324,0.9051986329334261,0.9057046843513805,0.9082519802324818,0.9102678860432197,0.9130877344330862,0.9189122195294538,0.9343916364167903,0.9631893004093,0.9108677752844041,0.8197345220882604,0.8197345220882604,0.8197345220882604,0.8197345220882604,0.8197345220882604,0.8197345220882604,0.8197345220882604,0.8197345220882604,0.8197345220882604,0.8197235168960862,0.8197235168960862,0.8182511104066238,0.8158030824438446,0.8088166509648708,0.7998372208868395,0.7788807387737255,0.7125185389271248,0.48738774266509527,0.10031449334252131,0.7546772268945874,1103.0,1103.0,1103.0,1103.0,1103.0,1103.0,1103.0,1103.0,1103.0,1102.0,1102.0,1100.0,1098.0,1086.0,1074.0,1052.0,983.0,708.0,167.0,1021.0,4.0,4.0,4.0,4.0,4.0,4.0,4.0,4.0,4.0,5.0,5.0,7.0,9.0,21.0,33.0,55.0,124.0,399.0,940.0,86.0,0.0,0.0,0.0,0.0,0.0,0.0,0.0,0.0,0.0,1.0,1.0,3.0,5.0,17.0,29.0,51.0,120.0,395.0,936.0,82.0,0.99096657633243,0.904620451330324,0.994579945799458,0.995483288166215,0.99909338168631,1.0,0.0,0.0,0.8960178295989314,0.9972850678733032,0.0016638935108153079,0.9940360795019622,996.8917373660171,1102,5,1,4,2,0,0,2.0,601,0.7981900452488688,0.7967479674796748,0.7996373526745241,882,225,221,1103,1107,6,2
fencing_002_fencing_aria01_rgb,0.8216683829984649,0.9487517547559771,0.7795593201972998,0.8216683829984649,0.8216683829984649,0.8216683829984649,0.8216683829984649,0.8216683829984649,0.8216683829984649,0.8216683829984649,0.8216683829984649,0.8216683829984649,0.8216683829984649,0.8216683829984649,0.8195355400615485,0.8195355400615485,0.8195355400615485,0.8127594615449906,0.7983921832729254,0.7691828518269738,0.6958238876964626,0.4005232611915838,0.7880863409842471,0.9989550679205852,0.9989550679205852,0.9989550679205852,0.9989550679205852,0.9989550679205852,0.9989550679205852,0.9989550679205852,0.9989550679205852,0.9989550679205852,0.9989550679205852,0.9989550679205852,0.9968684759916493,0.9968684759916493,0.9968684759916493,0.9885654885654885,0.9721649484536082,0.9421319796954315,0.8465250965250966,0.4492424242424242,0.9567232164517596,0.6758451438908804,0.6758451438908804,0.6758451438908804,0.6758451438908804,0.6758451438908804,0.6758451438908804,0.6758451438908804,0.6758451438908804,0.6758451438908804,0.6758451438908804,0.6758451438908804,0.6737483605907508,0.6737483605907508,0.6737483605907508,0.6682186966586,0.6556809925365528,0.6279823552279161,0.5719510085129124,0.35708756363796795,0.6492874884813624,0.9989550679205852,0.9989550679205852,0.9989550679205852,0.9989550679205852,0.9989550679205852,0.9989550679205852,0.9989550679205852,0.9989550679205852,0.9989550679205852,0.9989550679205852,0.9989550679205852,0.9979101358411703,0.9979101358411703,0.9979101358411703,0.9937304075235109,0.9853709508881923,0.9696969696969697,0.9164054336468129,0.619644723092999,0.9719518231314964,1.0,1.0,1.0,1.0,1.0,1.0,1.0,1.0,1.0,1.0,1.0,0.9989539748953975,0.9989539748953975,0.9989539748953975,0.9947698744769874,0.9864016736401674,0.9707112970711297,0.9173640167364017,0.6202928870292888,0.9729685091389563,0.6758451438908804,0.6758451438908804,0.6758451438908804,0.6758451438908804,0.6758451438908804,0.6758451438908804,0.6758451438908804,0.6758451438908804,0.6758451438908804,0.6758451438908804,0.6758451438908804,0.674628022275612,0.674628022275612,0.674628022275612,0.6716640587738163,0.664419525696814,0.6469045836001098,0.610450383965109,0.41749880345856394,0.6562693686905753,1.0,1.0,1.0,1.0,1.0,1.0,1.0,1.0,1.0,1.0,1.0,0.9989558972192466,0.9989558972192466,0.9989558972192466,0.9949410795509396,0.9871284809530552,0.9723869890500461,0.9228145487008393,0.7049129234472751,0.9778448270189418,0.9487517547559771,0.9487517547559771,0.9487517547559771,0.9487517547559771,0.9487517547559771,0.9487517547559771,0.9487517547559771,0.9487517547559771,0.9487517547559771,0.9487517547559771,0.9487517547559771,0.9491655589982342,0.9491655589982342,0.9491655589982342,0.950108196340386,0.9515967128411595,0.9536869073710909,0.95788015681576,0.9692016079760809,0.9508547137186805,0.8216683829984649,0.8216683829984649,0.8216683829984649,0.8216683829984649,0.8216683829984649,0.8216683829984649,0.8216683829984649,0.8216683829984649,0.8216683829984649,0.8216683829984649,0.8216683829984649,0.8199636077533453,0.8199636077533453,0.8199636077533453,0.8148798916069655,0.8037966179918007,0.7803541419686809,0.7239744553373464,0.47039071471533356,0.7942967819928042,956.0,956.0,956.0,956.0,956.0,956.0,956.0,956.0,956.0,956.0,956.0,955.0,955.0,955.0,951.0,943.0,928.0,877.0,593.0,930.1578947368421,1.0,1.0,1.0,1.0,1.0,1.0,1.0,1.0,1.0,1.0,1.0,2.0,2.0,2.0,6.0,14.0,29.0,80.0,364.0,26.842105263157894,0.0,0.0,0.0,0.0,0.0,0.0,0.0,0.0,0.0,0.0,0.0,1.0,1.0,1.0,5.0,13.0,28.0,79.0,363.0,25.842105263157894,0.9947753396029259,0.9487517547559771,0.9989550679205852,0.9989550679205852,1.0,1.0,0.0,0.0,0.943580645294372,0.9994772608468374,0.0,0.9983259561219144,907.0066775467141,956,1,0,4,2,0,0,4.0,601,0.7736539466806064,0.7732497387669801,0.7740585774058577,740,217,216,956,957,6,2
fencing_002_fencing_aria02_rgb,0.7981981642744083,0.9399943257169416,0.750301745215623,0.7981981642744083,0.7981981642744083,0.7981981642744083,0.7981981642744083,0.7981981642744083,0.7981981642744083,0.7981981642744083,0.7981981642744083,0.7981981642744083,0.7981981642744083,0.7981981642744083,0.7953490675419712,0.7953490675419712,0.7925260527940174,0.785391574387668,0.7786277746581953,0.7403407795483079,0.6275713605818758,0.28119296603072075,0.7566593921106958,1.0,1.0,1.0,1.0,1.0,1.0,1.0,1.0,1.0,1.0,1.0,0.9974905897114178,0.9974905897114178,0.9949874686716792,0.9850374064837906,0.9727385377942999,0.9296969696969697,0.7968397291196389,0.33557046979865773,0.9478869347888356,0.6371203094510353,0.6371203094510353,0.6371203094510353,0.6371203094510353,0.6371203094510353,0.6371203094510353,0.6371203094510353,0.6371203094510353,0.6371203094510353,0.6371203094510353,0.6371203094510353,0.6341715358165873,0.6341715358165873,0.6312617637243049,0.6262096455006965,0.6232519715358255,0.5895517439847613,0.4942597591835862,0.23562706275255915,0.6040436011724367,1.0,1.0,1.0,1.0,1.0,1.0,1.0,1.0,1.0,1.0,1.0,0.9987437185929648,0.9987437185929648,0.9974874371859297,0.992462311557789,0.9861809045226131,0.9635678391959799,0.8869346733668342,0.5025125628140703,0.9645596403067974,1.0,1.0,1.0,1.0,1.0,1.0,1.0,1.0,1.0,1.0,1.0,0.9987437185929648,0.9987437185929648,0.9974874371859297,0.992462311557789,0.9861809045226131,0.9635678391959799,0.8869346733668342,0.5025125628140703,0.9645596403067974,0.6371203094510353,0.6371203094510353,0.6371203094510353,0.6371203094510353,0.6371203094510353,0.6371203094510353,0.6371203094510353,0.6371203094510353,0.6371203094510353,0.6371203094510353,0.6371203094510353,0.6354118732329815,0.6354118732329815,0.6337109041710441,0.6307396507797512,0.6290333719340601,0.6082385666675,0.537561863357959,0.3005719080193982,0.6115264955451087,1.0,1.0,1.0,1.0,1.0,1.0,1.0,1.0,1.0,1.0,1.0,0.9987480162228884,0.9987480162228884,0.9975046493561525,0.9924813395262194,0.9862795301376359,0.9643492757662221,0.8969376001853873,0.5326776080076566,0.966722422917108,0.9399943257169416,0.9399943257169416,0.9399943257169416,0.9399943257169416,0.9399943257169416,0.9399943257169416,0.9399943257169416,0.9399943257169416,0.9399943257169416,0.9399943257169416,0.9399943257169416,0.940449589987093,0.940449589987093,0.9407935905319749,0.9418067342613042,0.9428929647488001,0.9455704385059784,0.9512729210451025,0.9667216947452496,0.9426260582473134,0.7981981642744083,0.7981981642744083,0.7981981642744083,0.7981981642744083,0.7981981642744083,0.7981981642744083,0.7981981642744083,0.7981981642744083,0.7981981642744083,0.7981981642744083,0.7981981642744083,0.7958485018565217,0.7958485018565217,0.7935210639238424,0.7883460358836117,0.7839892811988581,0.753706242541229,0.6620997795422259,0.34410108859482014,0.7630337001271643,796.0,796.0,796.0,796.0,796.0,796.0,796.0,796.0,796.0,796.0,796.0,795.0,795.0,794.0,790.0,785.0,767.0,706.0,400.0,767.7894736842105,0.0,0.0,0.0,0.0,0.0,0.0,0.0,0.0,0.0,0.0,0.0,1.0,1.0,2.0,6.0,11.0,29.0,90.0,396.0,28.210526315789473,0.0,0.0,0.0,0.0,0.0,0.0,0.0,0.0,0.0,0.0,0.0,1.0,1.0,2.0,6.0,11.0,29.0,90.0,396.0,28.210526315789473,0.9987437185929648,0.9399943257169416,1.0,1.0,1.0,1.0,0.0,0.0,0.9387380443099065,1.0,0.0,1.0,748.2354832706856,796,0,0,1,2,0,0,0.0,601,0.6658291457286433,0.6658291457286433,0.6658291457286433,530,266,266,796,796,3,2
fencing_002_fencing_aria03_rgb,1.0,0.9116291677520975,0.9116291677520975,1.0,1.0,1.0,1.0,1.0,1.0,1.0,1.0,1.0,1.0,1.0,1.0,0.9966832595818995,0.9917163687071178,0.9769953284154367,0.9481413999832071,0.8464329375807491,0.5110073143540607,0.1043323721917381,0.9144899463586424,1.0,1.0,1.0,1.0,1.0,1.0,1.0,1.0,1.0,1.0,1.0,1.0,0.9966777408637874,0.9917149958574979,0.9769736842105263,0.9481361426256077,0.8463901689708141,0.5109993714644877,0.10427193385392743,0.9144823177814025,1.0,1.0,1.0,1.0,1.0,1.0,1.0,1.0,1.0,1.0,1.0,1.0,0.9966887783305693,0.991717741558638,0.9770169730998601,0.9481466573699583,0.846475708351808,0.5110152573670966,0.10439284556095697,0.9144975769283624,1.0,1.0,1.0,1.0,1.0,1.0,1.0,1.0,1.0,1.0,1.0,1.0,0.9983361064891847,0.9958402662229617,0.9883527454242929,0.9733777038269551,0.9168053244592346,0.6763727121464226,0.18885191347753744,0.9335756195813996,1.0,1.0,1.0,1.0,1.0,1.0,1.0,1.0,1.0,1.0,1.0,1.0,0.9983361064891847,0.9958402662229617,0.9883527454242929,0.9733777038269551,0.9168053244592346,0.6763727121464226,0.18885191347753744,0.9335756195813996,1.0,1.0,1.0,1.0,1.0,1.0,1.0,1.0,1.0,1.0,1.0,1.0,0.998338879645036,0.9958409612494911,0.9883639500943995,0.9733805480893667,0.916832502393168,0.6763819218891023,0.1890314966978677,0.933587908424128,1.0,1.0,1.0,1.0,1.0,1.0,1.0,1.0,1.0,1.0,1.0,1.0,0.998338879645036,0.9958409612494911,0.9883639500943995,0.9733805480893667,0.916832502393168,0.6763819218891023,0.1890314966978677,0.933587908424128,0.9116291677520975,0.9116291677520975,0.9116291677520975,0.9116291677520975,0.9116291677520975,0.9116291677520975,0.9116291677520975,0.9116291677520975,0.9116291677520975,0.9116291677520975,0.9116291677520975,0.9116291677520975,0.9120896565842683,0.9126760454369177,0.913996850577111,0.9160656662627127,0.9213938880666004,0.935747519985983,0.962254444864052,0.9165144255159375,1.0,1.0,1.0,1.0,1.0,1.0,1.0,1.0,1.0,1.0,1.0,1.0,0.9975121023526495,0.9937768661886774,0.9826685136348774,0.9606793514185535,0.8809389515978617,0.5879088156964355,0.1404093609327803,0.9233628400958862,1202.0,1202.0,1202.0,1202.0,1202.0,1202.0,1202.0,1202.0,1202.0,1202.0,1202.0,1202.0,1200.0,1197.0,1188.0,1170.0,1102.0,813.0,227.0,1122.157894736842,0.0,0.0,0.0,0.0,0.0,0.0,0.0,0.0,0.0,0.0,0.0,0.0,2.0,5.0,14.0,32.0,100.0,389.0,975.0,79.84210526315789,0.0,0.0,0.0,0.0,0.0,0.0,0.0,0.0,0.0,0.0,0.0,0.0,2.0,5.0,14.0,32.0,100.0,389.0,975.0,79.84210526315789,1.0,0.9116291677520975,1.0,1.0,1.0,1.0,0.0,0.0,0.9116291677520975,1.0,0.0,1.0,1095.7782596380212,1202,0,0,0,2,0,0,0.0,601,1.0,1.0,1.0,1202,0,0,1202,1202,2,2
fencing_003_fencing_aria01_rgb,1.0,0.9648898926656897,0.9648898926656897,1.0,1.0,1.0,1.0,1.0,1.0,1.0,1.0,1.0,1.0,1.0,1.0,1.0,1.0,1.0,0.9900662251655629,0.9900662251655629,0.9704918032786886,0.7195994277539342,0.9826433516507236,1.0,1.0,1.0,1.0,1.0,1.0,1.0,1.0,1.0,1.0,1.0,1.0,1.0,1.0,1.0,0.9900662251655629,0.9900662251655629,0.9704918032786886,0.7195994277539342,0.9826433516507236,1.0,1.0,1.0,1.0,1.0,1.0,1.0,1.0,1.0,1.0,1.0,1.0,1.0,1.0,1.0,0.9900662251655629,0.9900662251655629,0.9704918032786886,0.7195994277539343,0.9826433516507236,1.0,1.0,1.0,1.0,1.0,1.0,1.0,1.0,1.0,1.0,1.0,1.0,1.0,1.0,1.0,0.9950083194675541,0.9950083194675541,0.9850249584026622,0.8369384359400999,0.9901042122777826,1.0,1.0,1.0,1.0,1.0,1.0,1.0,1.0,1.0,1.0,1.0,1.0,1.0,1.0,1.0,0.9950083194675541,0.9950083194675541,0.9850249584026622,0.8369384359400999,0.9901042122777826,1.0,1.0,1.0,1.0,1.0,1.0,1.0,1.0,1.0,1.0,1.0,1.0,1.0,1.0,1.0,0.9950083194675542,0.9950083194675542,0.9850249584026624,0.8369384359400999,0.9901042122777826,1.0,1.0,1.0,1.0,1.0,1.0,1.0,1.0,1.0,1.0,1.0,1.0,1.0,1.0,1.0,0.9950083194675542,0.9950083194675542,0.9850249584026624,0.8369384359400999,0.9901042122777826,0.9648898926656897,0.9648898926656897,0.9648898926656897,0.9648898926656897,0.9648898926656897,0.9648898926656897,0.9648898926656897,0.9648898926656897,0.9648898926656897,0.9648898926656897,0.9648898926656897,0.9648898926656897,0.9648898926656897,0.9648898926656897,0.9648898926656897,0.9658385448716756,0.9658385448716756,0.9666912256912057,0.9720824086566574,0.9654631112671874,1.0,1.0,1.0,1.0,1.0,1.0,1.0,1.0,1.0,1.0,1.0,1.0,1.0,1.0,1.0,0.9925341963194879,0.9925341963194879,0.9777313783216303,0.7760543921451438,0.9862554822687236,601.0,601.0,601.0,601.0,601.0,601.0,601.0,601.0,601.0,601.0,601.0,601.0,601.0,601.0,601.0,598.0,598.0,592.0,503.0,595.0526315789474,0.0,0.0,0.0,0.0,0.0,0.0,0.0,0.0,0.0,0.0,0.0,0.0,0.0,0.0,0.0,3.0,3.0,9.0,98.0,5.947368421052632,0.0,0.0,0.0,0.0,0.0,0.0,0.0,0.0,0.0,0.0,0.0,0.0,0.0,0.0,0.0,3.0,3.0,9.0,98.0,5.947368421052632,1.0,0.9648898926656897,1.0,1.0,1.0,1.0,0.0,0.0,0.9648898926656897,1.0,0.0,1.0,579.8988254920795,601,0,0,0,1,0,0,0.0,601,1.0,1.0,1.0,601,0,0,601,601,1,1
fencing_003_fencing_aria02_rgb,1.0,0.9423097239951218,0.9423097239951218,1.0,1.0,1.0,1.0,1.0,1.0,1.0,1.0,1.0,1.0,1.0,1.0,0.9965960702406329,0.9915347106985033,0.9881898905562727,0.9700190205056509,0.9302351011057444,0.8147118396729426,0.37749810913604803,0.9509886706271471,1.0,1.0,1.0,1.0,1.0,1.0,1.0,1.0,1.0,1.0,1.0,1.0,0.9965899403239556,0.9914965986394558,0.9881154499151104,0.9697224558452481,0.929159802306425,0.811291569992266,0.36321303841676367,0.9499783608125908,1.0,1.0,1.0,1.0,1.0,1.0,1.0,1.0,1.0,1.0,1.0,1.0,0.9966022001950146,0.9915728242225371,0.9882643368054934,0.970315675862724,0.9313116443277184,0.8181465286390168,0.3923450078291971,0.9520293798885104,1.0,1.0,1.0,1.0,1.0,1.0,1.0,1.0,1.0,1.0,1.0,1.0,0.9982920580700256,0.9957301451750641,0.9940222032450897,0.9846285226302306,0.9632792485055508,0.8958155422715628,0.5328778821520068,0.9665602948447122,1.0,1.0,1.0,1.0,1.0,1.0,1.0,1.0,1.0,1.0,1.0,1.0,0.9982920580700256,0.9957301451750641,0.9940222032450897,0.9846285226302306,0.9632792485055508,0.8958155422715628,0.5328778821520068,0.9665602948447122,1.0,1.0,1.0,1.0,1.0,1.0,1.0,1.0,1.0,1.0,1.0,1.0,0.9982951390452177,0.9957494508139988,0.994060107312956,0.9847838494198274,0.9638790886451328,0.898123779396099,0.5558379749076175,0.9679331257653078,1.0,1.0,1.0,1.0,1.0,1.0,1.0,1.0,1.0,1.0,1.0,1.0,0.9982951390452177,0.9957494508139988,0.994060107312956,0.9847838494198274,0.9638790886451328,0.898123779396099,0.5558379749076175,0.9679331257653078,0.9423097239951218,0.9423097239951218,0.9423097239951218,0.9423097239951218,0.9423097239951218,0.9423097239951218,0.9423097239951218,0.9423097239951218,0.9423097239951218,0.9423097239951218,0.9423097239951218,0.9423097239951218,0.9428494374889623,0.9435602982423059,0.943940927019636,0.9455188314207742,0.9480834403691641,0.9530837916907018,0.9663662050670627,0.9447957694336878,1.0,1.0,1.0,1.0,1.0,1.0,1.0,1.0,1.0,1.0,1.0,1.0,0.9974467712664155,0.9936493104786795,0.9911390888568284,0.9774459015258429,0.9471605887453687,0.8561006811177979,0.4572438920805122,0.9589571702142866,1171.0,1171.0,1171.0,1171.0,1171.0,1171.0,1171.0,1171.0,1171.0,1171.0,1171.0,1171.0,1169.0,1166.0,1164.0,1153.0,1128.0,1049.0,624.0,1131.842105263158,0.0,0.0,0.0,0.0,0.0,0.0,0.0,0.0,0.0,0.0,0.0,0.0,2.0,5.0,7.0,18.0,43.0,122.0,547.0,39.1578947368421,0.0,0.0,0.0,0.0,0.0,0.0,0.0,0.0,0.0,0.0,0.0,0.0,2.0,5.0,7.0,18.0,43.0,122.0,547.0,39.1578947368421,1.0,0.9423097239951218,1.0,1.0,1.0,1.0,0.0,0.0,0.9423097239951218,1.0,0.0,1.0,1103.4446867982876,1171,0,0,0,2,0,0,0.0,601,1.0,1.0,1.0,1171,0,0,1171,1171,2,2
fencing_003_fencing_aria03_rgb,0.8247457280022661,0.8698276566481974,0.7173866439188227,0.8247457280022661,0.8247457280022661,0.8247457280022661,0.8247457280022661,0.82431418121673,0.8023568538699963,0.7752622564681764,0.7462290408857594,0.7311193172379916,0.7282425197406815,0.7282425197406815,0.7282425197406815,0.7282425197406815,0.7282425197406815,0.7256369949847155,0.7202090192985224,0.6666149527091781,0.4915590197103645,0.12817273633882295,0.7132457833385646,1.0,1.0,1.0,1.0,0.99833748960931,0.9640522875816994,0.9170653907496013,0.8635658914728682,0.8351145038167939,0.8253606681852695,0.8253606681852695,0.8253606681852695,0.8253606681852695,0.8253606681852695,0.8225928733889311,0.8170823885109599,0.7547445255474453,0.5479716677398584,0.14421703950499762,0.8311340736236218,0.6802055158579879,0.6802055158579879,0.6802055158579879,0.6802055158579879,0.6806254161815775,0.6677817471571543,0.6553857253438061,0.6448353124641398,0.6400744491869256,0.6425520236193417,0.6425520236193417,0.6425520236193417,0.6425520236193417,0.6425520236193417,0.6401089354459916,0.6348209663706169,0.5887760429307348,0.44095394722729525,0.11391337942429562,0.6126767422769052,1.0,1.0,1.0,1.0,0.9991680532445923,0.9816971713810316,0.956738768718802,0.9267886855241264,0.9101497504159733,0.9043261231281198,0.9043261231281198,0.9043261231281198,0.9043261231281198,0.9043261231281198,0.9026622296173045,0.8993344425956739,0.8602329450915142,0.7079866888519135,0.25207986688851913,0.8904457483142131,1.0,1.0,1.0,1.0,0.9991680532445923,0.9816971713810316,0.956738768718802,0.9267886855241264,0.9101497504159733,0.9043261231281198,0.9043261231281198,0.9043261231281198,0.9043261231281198,0.9043261231281198,0.9026622296173045,0.8993344425956739,0.8602329450915142,0.7079866888519135,0.25207986688851913,0.8904457483142131,0.7241978842804976,0.7241978842804976,0.7241978842804976,0.7241978842804976,0.72464432717605,0.7170647790405821,0.7104043984663243,0.7054012313409428,0.7033311330597692,0.7063495829551177,0.7063495829551177,0.7063495829551177,0.7063495829551177,0.7063495829551177,0.7047378792642063,0.7015150512328359,0.6725895268041336,0.5621555144090049,0.18954657528980853,0.6747331509463809,0.8480629677104992,0.8480629677104992,0.8480629677104992,0.8480629677104992,0.8480163923297419,0.8381649567105672,0.8283386240324099,0.8220276797796611,0.8208155207499992,0.8243806963861213,0.8243806963861213,0.8243806963861213,0.8243806963861213,0.8243806963861213,0.8226035786822914,0.818668536836805,0.7846055340476674,0.6573598808491293,0.24521739091511469,0.7894722867213679,0.8698276566481974,0.8698276566481974,0.8698276566481974,0.8698276566481974,0.8703650903797487,0.8808039967472931,0.8952540407229244,0.9119463411778052,0.9209226940688323,0.9238509440176498,0.9238509440176498,0.9238509440176498,0.9238509440176498,0.9238509440176498,0.9242153252971005,0.9247682875125756,0.929086603914669,0.939632947736043,0.9632688902299126,0.9083594507614706,0.8247457280022661,0.8247457280022661,0.8247457280022661,0.8247457280022661,0.8246570026835018,0.8096662598157722,0.7918541102383141,0.7730627863363877,0.7632585408464958,0.7622837925784643,0.7622837925784643,0.7622837925784643,0.7622837925784643,0.7622837925784643,0.7601329876196914,0.7555900740077028,0.7116772789752627,0.558739228114184,0.16945580403780158,0.7383418919777105,1202.0,1202.0,1202.0,1202.0,1201.0,1180.0,1150.0,1114.0,1094.0,1087.0,1087.0,1087.0,1087.0,1087.0,1085.0,1081.0,1034.0,851.0,303.0,1070.3157894736842,0.0,0.0,0.0,0.0,1.0,22.0,52.0,88.0,108.0,115.0,115.0,115.0,115.0,115.0,117.0,121.0,168.0,351.0,899.0,131.68421052631578,0.0,0.0,0.0,0.0,1.0,22.0,52.0,88.0,108.0,115.0,115.0,115.0,115.0,115.0,117.0,121.0,168.0,351.0,899.0,131.68421052631578,0.9966722129783694,0.9221025415639047,0.9983361064891847,0.9991680532445923,0.9991680532445923,1.0,0.0,0.0,0.9188395610800745,0.9991680532445923,0.0016638935108153079,0.9980856655610116,1107.4451524182496,1201,1,1,2,2,0,0,1.0,601,0.7911813643926788,0.7911813643926788,0.7911813643926788,951,251,251,1202,1202,3,2
fencing_004_fencing_aria01_rgb,0.9525099315404842,0.9460264215800147,0.9010995620546691,0.9525099315404842,0.9525099315404842,0.9525099315404842,0.9525099315404842,0.9525099315404842,0.9525099315404842,0.9525099315404842,0.9525099315404842,0.9525099315404842,0.9485813402417331,0.9446840024522934,0.9446840024522934,0.9446840024522934,0.9446840024522934,0.9283274979395805,0.908880432101929,0.8807795843662012,0.7939243594584375,0.4828941771906992,0.9102480413143216,0.9961538461538462,0.9961538461538462,0.9961538461538462,0.9961538461538462,0.9961538461538462,0.9961538461538462,0.9961538461538462,0.9961538461538462,0.9961538461538462,0.9923224568138196,0.9885057471264368,0.9885057471264368,0.9885057471264368,0.9885057471264368,0.969639468690702,0.9474671669793621,0.9186691312384473,0.8115183246073299,0.459915611814346,0.9483652507386511,0.910778162616398,0.910778162616398,0.910778162616398,0.910778162616398,0.910778162616398,0.910778162616398,0.910778162616398,0.910778162616398,0.910778162616398,0.9067683119295014,0.9028049326810206,0.9028049326810206,0.9028049326810206,0.9028049326810206,0.8887756442035449,0.87186518820634,0.8444527522008799,0.776711836847901,0.5070208107195389,0.87388514412523,0.9980732177263969,0.9980732177263969,0.9980732177263969,0.9980732177263969,0.9980732177263969,0.9980732177263969,0.9980732177263969,0.9980732177263969,0.9980732177263969,0.9961464354527938,0.9942196531791907,0.9942196531791907,0.9942196531791907,0.9942196531791907,0.9845857418111753,0.9730250481695568,0.9576107899807321,0.8959537572254336,0.630057803468208,0.9682587972822229,0.9980732177263969,0.9980732177263969,0.9980732177263969,0.9980732177263969,0.9980732177263969,0.9980732177263969,0.9980732177263969,0.9980732177263969,0.9980732177263969,0.9961464354527938,0.9942196531791907,0.9942196531791907,0.9942196531791907,0.9942196531791907,0.9845857418111753,0.9730250481695568,0.9576107899807321,0.8959537572254336,0.630057803468208,0.9682587972822229,0.910778162616398,0.910778162616398,0.910778162616398,0.910778162616398,0.910778162616398,0.910778162616398,0.910778162616398,0.910778162616398,0.910778162616398,0.908679181466712,0.9065877569133294,0.9065877569133294,0.9065877569133294,0.9065877569133294,0.8997038946464284,0.8909307437650172,0.875124227144242,0.8350454025151917,0.6245574252060888,0.8872313350497147,1.0,1.0,1.0,1.0,1.0,1.0,1.0,1.0,1.0,0.9980735949380966,0.9961554153720616,0.9961554153720616,0.9961554153720616,0.9961554153720616,0.9866648708177187,0.9755443139455646,0.9607159073065163,0.906964055420886,0.6874500208211977,0.9736860223546436,0.9460264215800147,0.9460264215800147,0.9460264215800147,0.9460264215800147,0.9460264215800147,0.9460264215800147,0.9460264215800147,0.9460264215800147,0.9460264215800147,0.946920972570758,0.9476950541929563,0.9476950541929563,0.9476950541929563,0.9476950541929563,0.9498556635381353,0.9519469627558289,0.9539603369352492,0.9592726137114882,0.9698801739724922,0.9493081439197847,0.9534271295686335,0.9534271295686335,0.9534271295686335,0.9534271295686335,0.9534271295686335,0.9534271295686335,0.9534271295686335,0.9534271295686335,0.9534271295686335,0.9504072925383726,0.9474103688785482,0.9474103688785482,0.9474103688785482,0.9474103688785482,0.9354548770260661,0.9210573634425999,0.8992536166935822,0.8342049439468366,0.5652012193145223,0.9197928923470462,518.0,518.0,518.0,518.0,518.0,518.0,518.0,518.0,518.0,517.0,516.0,516.0,516.0,516.0,511.0,505.0,497.0,465.0,327.0,502.5263157894737,1.0,1.0,1.0,1.0,1.0,1.0,1.0,1.0,1.0,2.0,3.0,3.0,3.0,3.0,8.0,14.0,22.0,54.0,192.0,16.473684210526315,1.0,1.0,1.0,1.0,1.0,1.0,1.0,1.0,1.0,2.0,3.0,3.0,3.0,3.0,8.0,14.0,22.0,54.0,192.0,16.473684210526315,0.9903660886319846,0.946920972570758,0.9922928709055877,0.9961464354527938,0.9961464354527938,1.0,0.0,0.0,0.9374916046610442,0.9961464354527938,0.006430868167202572,0.9922928709055877,489.5581428190819,517,2,2,1,2,0,0,2.0,311,0.9479768786127167,0.9479768786127167,0.9479768786127167,492,27,27,519,519,4,2
fencing_004_fencing_aria02_rgb,1.0,0.9479014001862234,0.9479014001862234,1.0,1.0,1.0,1.0,1.0,1.0,1.0,1.0,1.0,1.0,1.0,1.0,1.0,1.0,0.9936509886988928,0.9810742995969995,0.9503227758902483,0.8507394913705068,0.4444555821468217,0.9589601651422881,1.0,1.0,1.0,1.0,1.0,1.0,1.0,1.0,1.0,1.0,1.0,1.0,1.0,1.0,0.9936507936507937,0.9810725552050473,0.9503105590062112,0.8470588235294118,0.4436781609195402,0.9587247838058423,1.0,1.0,1.0,1.0,1.0,1.0,1.0,1.0,1.0,1.0,1.0,1.0,1.0,1.0,0.9936511837470303,0.9810760439920535,0.9503349929313417,0.8544361525704809,0.4452343655862152,0.9591964599382697,1.0,1.0,1.0,1.0,1.0,1.0,1.0,1.0,1.0,1.0,1.0,1.0,1.0,1.0,0.9968152866242038,0.9904458598726115,0.9745222929936306,0.9171974522292994,0.6146496815286624,0.9733489775393899,1.0,1.0,1.0,1.0,1.0,1.0,1.0,1.0,1.0,1.0,1.0,1.0,1.0,1.0,0.9968152866242038,0.9904458598726115,0.9745222929936306,0.9171974522292994,0.6146496815286624,0.9733489775393899,1.0,1.0,1.0,1.0,1.0,1.0,1.0,1.0,1.0,1.0,1.0,1.0,1.0,1.0,0.99681538477343,0.9904467488963099,0.9745287182397074,0.9207827200190545,0.6158916859648246,0.9736034346259647,1.0,1.0,1.0,1.0,1.0,1.0,1.0,1.0,1.0,1.0,1.0,1.0,1.0,1.0,0.99681538477343,0.9904467488963099,0.9745287182397074,0.9207827200190545,0.6158916859648246,0.9736034346259647,0.9479014001862234,0.9479014001862234,0.9479014001862234,0.9479014001862234,0.9479014001862234,0.9479014001862234,0.9479014001862234,0.9479014001862234,0.9479014001862234,0.9479014001862234,0.9479014001862234,0.9479014001862234,0.9479014001862234,0.9479014001862234,0.948586608941751,0.9497361524057802,0.951531327691489,0.9560280553116137,0.9675266130732803,0.9496857031595284,1.0,1.0,1.0,1.0,1.0,1.0,1.0,1.0,1.0,1.0,1.0,1.0,1.0,1.0,0.9952319777475378,0.9857498191692096,0.9623526569940651,0.8852607876949311,0.5231282452832988,0.9658801835204759,314.0,314.0,314.0,314.0,314.0,314.0,314.0,314.0,314.0,314.0,314.0,314.0,314.0,314.0,313.0,311.0,306.0,288.0,193.0,305.63157894736844,0.0,0.0,0.0,0.0,0.0,0.0,0.0,0.0,0.0,0.0,0.0,0.0,0.0,0.0,1.0,3.0,8.0,26.0,121.0,8.368421052631579,0.0,0.0,0.0,0.0,0.0,0.0,0.0,0.0,0.0,0.0,0.0,0.0,0.0,0.0,1.0,3.0,8.0,26.0,121.0,8.368421052631579,1.0,0.9479014001862234,1.0,1.0,1.0,1.0,0.0,0.0,0.9479014001862234,1.0,0.0,1.0,297.64103965847414,314,0,0,0,2,0,0,0.0,311,1.0,1.0,1.0,314,0,0,314,314,2,2
fencing_004_fencing_aria03_rgb,0.8510667217718312,0.9090545231689796,0.7736660529452787,0.8510667217718312,0.8510667217718312,0.8510667217718312,0.8510667217718312,0.8510667217718312,0.8510667217718312,0.8510667217718312,0.8510667217718312,0.8510667217718312,0.8510667217718312,0.8510667217718312,0.8510667217718312,0.8439525188055418,0.8399577793761781,0.8360020337742227,0.8104369998954423,0.6955365608347707,0.4611314969385759,0.09720550821737299,0.7787907136370569,0.9983108108108109,0.9983108108108109,0.9983108108108109,0.9983108108108109,0.9983108108108109,0.9983108108108109,0.9983108108108109,0.9983108108108109,0.9983108108108109,0.9983108108108109,0.9983108108108109,0.9983108108108109,0.9882352941176471,0.981574539363484,0.9749582637729549,0.9361702127659575,0.7816265060240963,0.5031766200762389,0.10354477611940298,0.9078429443141848,0.7255401394673625,0.7255401394673625,0.7255401394673625,0.7255401394673625,0.7255401394673625,0.7255401394673625,0.7255401394673625,0.7255401394673625,0.7255401394673625,0.7255401394673625,0.7255401394673625,0.7255401394673625,0.7207350903553401,0.7187727908998848,0.7168505837060056,0.7015905033540382,0.6189287386358757,0.4225996379493811,0.09125434601260547,0.6682743876063938,0.9983108108108109,0.9983108108108109,0.9983108108108109,0.9983108108108109,0.9983108108108109,0.9983108108108109,0.9983108108108109,0.9983108108108109,0.9983108108108109,0.9983108108108109,0.9983108108108109,0.9983108108108109,0.9932432432432432,0.9898648648648649,0.9864864864864865,0.9662162162162162,0.8766891891891891,0.668918918918919,0.1875,0.9288762446657184,1.0,1.0,1.0,1.0,1.0,1.0,1.0,1.0,1.0,1.0,1.0,1.0,0.9949238578680203,0.9915397631133672,0.988155668358714,0.9678510998307953,0.8781725888324873,0.6700507614213198,0.18781725888324874,0.930447947279366,0.7255401394673625,0.7255401394673625,0.7255401394673625,0.7255401394673625,0.7255401394673625,0.7255401394673625,0.7255401394673625,0.7255401394673625,0.7255401394673625,0.7255401394673625,0.7255401394673625,0.7255401394673625,0.723113561478485,0.7223215517436229,0.7215477356123716,0.7144577505162113,0.6683025615776118,0.5262370219666406,0.1501648942845563,0.6806645658309394,1.0,1.0,1.0,1.0,1.0,1.0,1.0,1.0,1.0,1.0,1.0,1.0,0.9949718035198131,0.9917150057235662,0.9885424948865327,0.9687542360288262,0.8830983017645578,0.6799210256314082,0.20068675105892655,0.9319836641375595,0.9090545231689796,0.9090545231689796,0.9090545231689796,0.9090545231689796,0.9090545231689796,0.9090545231689796,0.9090545231689796,0.9090545231689796,0.9090545231689796,0.9090545231689796,0.9090545231689796,0.9090545231689796,0.910419459705299,0.9112205141683951,0.9118581022837454,0.9145943962117811,0.9229506169594289,0.9365554101885604,0.9624860736747615,0.9146704658536698,0.8510667217718312,0.8510667217718312,0.8510667217718312,0.8510667217718312,0.8510667217718312,0.8510667217718312,0.8510667217718312,0.8510667217718312,0.8510667217718312,0.8510667217718312,0.8510667217718312,0.8510667217718312,0.8460882097416025,0.8434974401458822,0.8409300884472647,0.8233396149123211,0.7366193956451142,0.5316811948457708,0.13080592447348677,0.7876717120775483,591.0,591.0,591.0,591.0,591.0,591.0,591.0,591.0,591.0,591.0,591.0,591.0,588.0,586.0,584.0,572.0,519.0,396.0,111.0,549.8947368421053,1.0,1.0,1.0,1.0,1.0,1.0,1.0,1.0,1.0,1.0,1.0,1.0,4.0,6.0,8.0,20.0,73.0,196.0,481.0,42.10526315789474,0.0,0.0,0.0,0.0,0.0,0.0,0.0,0.0,0.0,0.0,0.0,0.0,3.0,5.0,7.0,19.0,72.0,195.0,480.0,41.10526315789474,0.9932432432432432,0.9090545231689796,0.9983108108108109,0.9983108108108109,1.0,1.0,0.0,0.0,0.9024513905284915,0.9991546914623838,0.0,0.997504862745406,537.251223192867,591,1,0,3,2,0,0,2.0,311,0.8385460693153001,0.8378378378378378,0.8392554991539763,496,96,95,591,592,5,2
fencing_005_fencing_aria01_rgb,0.8570880327540564,0.9462622722056481,0.8110300693541224,0.8570880327540564,0.8570880327540564,0.8570880327540564,0.8564405188747268,0.8564405188747268,0.8564405188747268,0.8564405188747268,0.8557964997751022,0.8551559573418421,0.8539924164907389,0.8533560295056712,0.8521983699091101,0.8521983699091101,0.8503118596833903,0.8469378276538582,0.8444405695333393,0.8321387554938328,0.7773707837861105,0.4427841539045155,0.8270372508814577,1.0,1.0,1.0,0.9982578397212544,0.9982578397212544,0.9982578397212544,0.9982578397212544,0.9965187119234117,0.9947826086956522,0.9930495221546481,0.9913194444444444,0.98959236773634,0.98959236773634,0.9844290657439446,0.9758828596037898,0.9724849527085124,0.9523404255319149,0.8665581773799838,0.40995697602950215,0.9531336230828158,0.7345998958902185,0.7345998958902185,0.7345998958902185,0.7347704502628553,0.7347704502628553,0.7347704502628553,0.7347704502628553,0.7349462084999011,0.7351271574159343,0.7344075306952486,0.7345931900910018,0.7338800149974878,0.7338800149974878,0.7344665896997089,0.7350305181118386,0.7332554334005469,0.7271085946058258,0.6973626829203011,0.4782399578799424,0.7186936516861737,1.0,1.0,1.0,0.999128160418483,0.999128160418483,0.999128160418483,0.999128160418483,0.998256320836966,0.997384481255449,0.9965126416739319,0.995640802092415,0.994768962510898,0.994768962510898,0.992153443766347,0.987794245858762,0.986050566695728,0.9755884917175239,0.9285091543156059,0.5815170008718396,0.9697609324094894,1.0,1.0,1.0,0.999128160418483,0.999128160418483,0.999128160418483,0.999128160418483,0.998256320836966,0.997384481255449,0.9965126416739319,0.995640802092415,0.994768962510898,0.994768962510898,0.992153443766347,0.987794245858762,0.986050566695728,0.9755884917175239,0.9285091543156059,0.5815170008718396,0.9697609324094894,0.7345998958902185,0.7345998958902185,0.7345998958902185,0.7348205895326314,0.7348205895326314,0.7348205895326314,0.7348205895326314,0.7350448677959595,0.7352727400804323,0.7348664750239553,0.7350977977072547,0.7346938775510204,0.7346938775510204,0.7354091427026401,0.736396289794348,0.735538112542398,0.7330762614672809,0.7204176207035291,0.593632641908005,0.7266958816120539,1.0,1.0,1.0,0.9991340102596648,0.9991340102596648,0.9991340102596648,0.9991340102596648,0.9982797406378192,0.99743722186904,0.9965627564292823,0.9957305261836251,0.9948583761990913,0.9948583761990913,0.9924283016196513,0.9886304925995579,0.9869841758778964,0.9778251165097265,0.9386341044313884,0.6544972159883853,0.974382233978064,0.9462622722056481,0.9462622722056481,0.9462622722056481,0.9469328432689297,0.9469328432689297,0.9469328432689297,0.9469328432689297,0.9474271667188433,0.9478684928137745,0.948272669188734,0.9486227357871017,0.9489569256051402,0.9489569256051402,0.9496737077669775,0.9506840461488638,0.9509951068830317,0.9522391293903388,0.9557783899365759,0.9685724132387014,0.9497139946724149,0.8570880327540564,0.8570880327540564,0.8570880327540564,0.8568137769089541,0.8568137769089541,0.8568137769089541,0.8568137769089541,0.8565422920733039,0.8562735652559201,0.8554802092850257,0.8552139808222449,0.8544244034006363,0.8544244034006363,0.8536413510965192,0.8520909084842172,0.8503099056446014,0.8422343955968232,0.8046785910968371,0.5273562989131911,0.8347994479456812,1147.0,1147.0,1147.0,1146.0,1146.0,1146.0,1146.0,1145.0,1144.0,1143.0,1142.0,1141.0,1141.0,1138.0,1133.0,1131.0,1119.0,1065.0,667.0,1112.3157894736842,0.0,0.0,0.0,1.0,1.0,1.0,1.0,2.0,3.0,4.0,5.0,6.0,6.0,9.0,14.0,16.0,28.0,82.0,480.0,34.68421052631579,0.0,0.0,0.0,1.0,1.0,1.0,1.0,2.0,3.0,4.0,5.0,6.0,6.0,9.0,14.0,16.0,28.0,82.0,480.0,34.68421052631579,0.990409764603313,0.948272669188734,0.993025283347864,0.9965126416739319,0.9965126416739319,1.0,0.0,0.0,0.9388628255298369,0.9965126416739319,0.0066555740432612314,0.9926093101528164,1083.875660882723,1143,4,4,3,2,0,0,5.0,601,0.8090671316477768,0.8090671316477768,0.8090671316477768,928,219,219,1147,1147,5,2
fencing_005_fencing_aria02_rgb,0.6555170863132965,0.9502215621027335,0.622886469741653,0.6555170863132965,0.6555170863132965,0.6555170863132965,0.6555170863132965,0.6555170863132965,0.6555170863132965,0.654561662709597,0.654561662709597,0.654561662709597,0.654561662709597,0.654561662709597,0.654561662709597,0.6520143208090063,0.6476350474734743,0.6467581683742607,0.6313059404857334,0.619938968333977,0.5847147993313319,0.3949915804086766,0.6335700694396749,0.9964664310954063,0.9964664310954063,0.9964664310954063,0.9964664310954063,0.9964664310954063,0.9964664310954063,0.9929453262786596,0.9929453262786596,0.9929453262786596,0.9929453262786596,0.9929453262786596,0.9929453262786596,0.9894366197183099,0.978984238178634,0.9755244755244755,0.9415807560137457,0.9152542372881356,0.8464052287581699,0.5543328748280605,0.9546309986607329,0.4312264187126762,0.4312264187126762,0.4312264187126762,0.4312264187126762,0.4312264187126762,0.4312264187126762,0.4314950269164287,0.4314950269164287,0.4314950269164287,0.4314950269164287,0.4314950269164287,0.4314950269164287,0.42966135078067064,0.42843504354708145,0.428791013299731,0.4232745709245976,0.4199099100570509,0.4039334646581714,0.2814524551554638,0.420620341168284,0.9964664310954063,0.9964664310954063,0.9964664310954063,0.9964664310954063,0.9964664310954063,0.9964664310954063,0.9946996466431095,0.9946996466431095,0.9946996466431095,0.9946996466431095,0.9946996466431095,0.9946996466431095,0.9929328621908127,0.9876325088339223,0.9858657243816255,0.9681978798586572,0.9540636042402827,0.9151943462897526,0.7120141342756183,0.9717314487632509,1.0,1.0,1.0,1.0,1.0,1.0,0.99822695035461,0.99822695035461,0.99822695035461,0.99822695035461,0.99822695035461,0.99822695035461,0.9964539007092199,0.9911347517730497,0.9893617021276596,0.9716312056737588,0.9574468085106383,0.9184397163120568,0.7145390070921985,0.9751773049645391,0.4312264187126762,0.4312264187126762,0.4312264187126762,0.4312264187126762,0.4312264187126762,0.4312264187126762,0.4315211261660753,0.4315211261660753,0.4315211261660753,0.4315211261660753,0.4315211261660753,0.4315211261660753,0.43026179544692456,0.42939466697153844,0.42976188000209964,0.4267753523072672,0.4248615844360525,0.41438952077249946,0.3183418209401149,0.4236985205341582,1.0,1.0,1.0,1.0,1.0,1.0,0.9984775437706165,0.9984775437706165,0.9984775437706165,0.9984775437706165,0.9984775437706165,0.9984775437706165,0.9967015070700456,0.992323339845019,0.9912855168493495,0.9747833841298739,0.9645833324010021,0.9329640145876229,0.7422783472264023,0.9781991949859482,0.9502215621027335,0.9502215621027335,0.9502215621027335,0.9502215621027335,0.9502215621027335,0.9502215621027335,0.9513174389593458,0.9513174389593458,0.9513174389593458,0.9513174389593458,0.9513174389593458,0.9513174389593458,0.9519382308774564,0.9533844848935322,0.9538098901451771,0.9569682727825084,0.9590327401607108,0.9624060610925919,0.9702179416864672,0.9535258751584694,0.6555170863132965,0.6555170863132965,0.6555170863132965,0.6555170863132965,0.6555170863132965,0.6555170863132965,0.65513964221533,0.65513964221533,0.65513964221533,0.65513964221533,0.65513964221533,0.65513964221533,0.653165273727425,0.6504893365234935,0.6501771781099906,0.6401668080799552,0.6329460974247673,0.6080112031306578,0.44765849282378734,0.6392923558416757,564.0,564.0,564.0,564.0,564.0,564.0,563.0,563.0,563.0,563.0,563.0,563.0,562.0,559.0,558.0,548.0,540.0,518.0,403.0,550.0,2.0,2.0,2.0,2.0,2.0,2.0,3.0,3.0,3.0,3.0,3.0,3.0,4.0,7.0,8.0,18.0,26.0,48.0,163.0,16.0,0.0,0.0,0.0,0.0,0.0,0.0,1.0,1.0,1.0,1.0,1.0,1.0,2.0,5.0,6.0,16.0,24.0,46.0,161.0,14.0,0.9823321554770318,0.9513174389593458,0.9929328621908127,0.9946996466431095,0.99822695035461,1.0,0.0,0.0,0.9339076292122115,0.9964601769911504,0.0016638935108153079,0.9915580366600996,535.5917181341117,563,3,1,6,2,0,0,5.0,601,0.5663716814159292,0.5653710247349824,0.5673758865248227,320,246,244,564,566,8,2
fencing_005_fencing_aria03_rgb,0.6739461476246229,0.9278830116384686,0.625343181140079,0.6739461476246229,0.6739461476246229,0.6739461476246229,0.6739461476246229,0.6739461476246229,0.6739461476246229,0.6739461476246229,0.6739461476246229,0.6739461476246229,0.6739461476246229,0.6729709461701178,0.6720007901914313,0.671555996270954,0.6663930793078244,0.6594075023448256,0.649375541237562,0.6269226607934617,0.5005727414586563,0.16242390379676722,0.6326886651483069,0.9973309608540926,0.9973309608540926,0.9973309608540926,0.9973309608540926,0.9973309608540926,0.9973309608540926,0.9973309608540926,0.9973309608540926,0.9973309608540926,0.9973309608540926,0.9955555555555555,0.9937833037300178,0.9920141969831411,0.9814651368049426,0.9692982456140351,0.9538729329852045,0.9155290102389079,0.7098248286367098,0.198611852642819,0.9306981406174873,0.45541894087906387,0.45541894087906387,0.45541894087906387,0.45541894087906387,0.45541894087906387,0.45541894087906387,0.45541894087906387,0.45541894087906387,0.45541894087906387,0.45541894087906387,0.4549117242747692,0.4544099909134624,0.45461794548807044,0.4524661340442715,0.4485907780357022,0.4420804689759631,0.42929499581208447,0.35300691013117363,0.13282955761973425,0.43033673232030895,0.9973309608540926,0.9973309608540926,0.9973309608540926,0.9973309608540926,0.9973309608540926,0.9973309608540926,0.9973309608540926,0.9973309608540926,0.9973309608540926,0.9973309608540926,0.99644128113879,0.9955516014234875,0.994661921708185,0.9893238434163701,0.9830960854092526,0.9750889679715302,0.9546263345195729,0.8291814946619217,0.3309608540925267,0.948539052256977,1.0,1.0,1.0,1.0,1.0,1.0,1.0,1.0,1.0,1.0,0.9991079393398751,0.9982158786797503,0.9973238180196253,0.991971454058876,0.9857270294380018,0.9776984834968778,0.9571810883140054,0.8314005352363961,0.33184656556645853,0.9510775153763088,0.45541894087906387,0.45541894087906387,0.45541894087906387,0.45541894087906387,0.45541894087906387,0.45541894087906387,0.45541894087906387,0.45541894087906387,0.45541894087906387,0.45541894087906387,0.4550704357540889,0.4547244767319207,0.45494248350198374,0.45361435395756344,0.45100383033737224,0.4464321073591729,0.43747399794721875,0.37935495127646535,0.1674162295323071,0.4344327513257227,1.0,1.0,1.0,1.0,1.0,1.0,1.0,1.0,1.0,1.0,0.999110878661088,0.9982276464715581,0.9973465143723974,0.9921136406704016,0.9860073300007756,0.9781019471224337,0.9576932897430761,0.8371753389784689,0.3828857581891818,0.9541401233794411,0.9278830116384686,0.9278830116384686,0.9278830116384686,0.9278830116384686,0.9278830116384686,0.9278830116384686,0.9278830116384686,0.9278830116384686,0.9278830116384686,0.9278830116384686,0.9282230192346106,0.9285261580394684,0.9287778059976021,0.9301277657670364,0.9314272077650739,0.932717674599794,0.9349657507950628,0.9427875725521129,0.9642338891829797,0.9316114189641278,0.6739461476246229,0.6739461476246229,0.6739461476246229,0.6739461476246229,0.6739461476246229,0.6739461476246229,0.6739461476246229,0.6739461476246229,0.6739461476246229,0.6739461476246229,0.6732702439150323,0.6725983899450919,0.6724516036877234,0.669055703770938,0.6640842098993093,0.6565575285183637,0.6401689685385301,0.5410238417746054,0.20966970176580052,0.6388600877927171,1121.0,1121.0,1121.0,1121.0,1121.0,1121.0,1121.0,1121.0,1121.0,1121.0,1120.0,1119.0,1118.0,1112.0,1105.0,1096.0,1073.0,932.0,372.0,1066.157894736842,3.0,3.0,3.0,3.0,3.0,3.0,3.0,3.0,3.0,3.0,4.0,5.0,6.0,12.0,19.0,28.0,51.0,192.0,752.0,57.8421052631579,0.0,0.0,0.0,0.0,0.0,0.0,0.0,0.0,0.0,0.0,1.0,2.0,3.0,9.0,16.0,25.0,48.0,189.0,749.0,54.8421052631579,0.994661921708185,0.9278830116384686,0.9973309608540926,0.9973309608540926,1.0,1.0,0.0,0.0,0.9227374164116755,0.9986636971046771,0.0,0.9969064757520288,1040.1568560467233,1121,3,0,3,2,0,0,2.0,601,0.4997772828507795,0.4991103202846975,0.5004460303300624,561,563,560,1121,1124,5,2
fencing_006_fencing_aria01_rgb,0.8488114765256873,0.9398197985372632,0.7977298308644883,0.8488114765256873,0.8488114765256873,0.8488114765256873,0.8488114765256873,0.8488114765256873,0.8488114765256873,0.8488114765256873,0.8488114765256873,0.8469851540185142,0.8469851540185142,0.8451644736275721,0.8451644736275721,0.8451644736275721,0.8451644736275721,0.824025418987632,0.8042311361179414,0.76219784048121,0.6682662074342947,0.3009830727275975,0.8013065100263942,0.9966555183946488,0.9966555183946488,0.9966555183946488,0.9966555183946488,0.9966555183946488,0.9966555183946488,0.9966555183946488,0.9966555183946488,0.9949874686716792,0.9949874686716792,0.993322203672788,0.993322203672788,0.993322203672788,0.993322203672788,0.9719240297274979,0.9509803921568627,0.9073482428115016,0.7995478522984175,0.3438379290939786,0.9426392813305241,0.7228986438987701,0.7228986438987701,0.7228986438987701,0.7228986438987701,0.7228986438987701,0.7228986438987701,0.7228986438987701,0.7228986438987701,0.7209978755666969,0.7209978755666969,0.7191050243728073,0.7191050243728073,0.7191050243728073,0.7191050243728073,0.698632681535944,0.6801272935129751,0.6402674525870101,0.5585403334082593,0.26346950816989634,0.6811916983699405,0.998324958123953,0.998324958123953,0.998324958123953,0.998324958123953,0.998324958123953,0.998324958123953,0.998324958123953,0.998324958123953,0.9974874371859297,0.9974874371859297,0.9966499162479062,0.9966499162479062,0.9966499162479062,0.9966499162479062,0.9857621440536013,0.9748743718592965,0.9514237855946399,0.8886097152428811,0.5117252931323283,0.9621352375914661,0.998324958123953,0.998324958123953,0.998324958123953,0.998324958123953,0.998324958123953,0.998324958123953,0.998324958123953,0.998324958123953,0.9974874371859297,0.9974874371859297,0.9966499162479062,0.9966499162479062,0.9966499162479062,0.9966499162479062,0.9857621440536013,0.9748743718592965,0.9514237855946399,0.8886097152428811,0.5117252931323283,0.9621352375914661,0.7229110125525594,0.7229110125525594,0.7229110125525594,0.7229110125525594,0.7229110125525594,0.7229110125525594,0.7229110125525594,0.7229110125525594,0.7218429207751329,0.7218429207751329,0.7207758303451575,0.7207758303451575,0.7207758303451575,0.7207758303451575,0.7092235683870232,0.6984671290756163,0.6739196073823078,0.6190749014633009,0.3278936914210215,0.6915082190042443,0.9983854628339877,0.9983854628339877,0.9983854628339877,0.9983854628339877,0.9983854628339877,0.9983854628339877,0.9983854628339877,0.9983854628339877,0.997545876040957,0.997545876040957,0.9967076792981344,0.9967076792981344,0.9967076792981344,0.9967076792981344,0.9859426656763801,0.9752671040225256,0.9525638241667319,0.8941648756942343,0.5978568243541296,0.9670948139926501,0.9398197985372632,0.9398197985372632,0.9398197985372632,0.9398197985372632,0.9398197985372632,0.9398197985372632,0.9398197985372632,0.9398197985372632,0.9402584932471663,0.9402584932471663,0.9406116302425713,0.9406116302425713,0.9406116302425713,0.9406116302425713,0.9430830367383582,0.9449050511802523,0.9478308261238751,0.9525685952374779,0.968164765657337,0.9430565353000012,0.8495220764630559,0.8495220764630559,0.8495220764630559,0.8495220764630559,0.8495220764630559,0.8495220764630559,0.8495220764630559,0.8495220764630559,0.8480485381837082,0.8480485381837082,0.846578975828367,0.846578975828367,0.846578975828367,0.846578975828367,0.8298708634822584,0.8142718637210946,0.7804906684473363,0.7045029216558134,0.36718389302864385,0.8092057790379199,1192.0,1192.0,1192.0,1192.0,1192.0,1192.0,1192.0,1192.0,1191.0,1191.0,1190.0,1190.0,1190.0,1190.0,1177.0,1164.0,1136.0,1061.0,611.0,1148.7894736842106,2.0,2.0,2.0,2.0,2.0,2.0,2.0,2.0,3.0,3.0,4.0,4.0,4.0,4.0,17.0,30.0,58.0,133.0,583.0,45.21052631578947,2.0,2.0,2.0,2.0,2.0,2.0,2.0,2.0,3.0,3.0,4.0,4.0,4.0,4.0,17.0,30.0,58.0,133.0,583.0,45.21052631578947,0.9932998324958124,0.9402584932471663,0.9949748743718593,0.9974874371859297,0.9974874371859297,1.0,0.0,0.0,0.9337084300313024,0.9974874371859297,0.004991680532445923,0.9947227554475175,1119.847865457375,1191,3,3,2,2,0,0,4.0,601,0.7772194304857621,0.7772194304857621,0.7772194304857621,928,266,266,1194,1194,4,2
fencing_006_fencing_aria02_rgb,1.0,0.9627352564181995,0.9627352564181995,1.0,1.0,1.0,1.0,1.0,1.0,1.0,1.0,1.0,1.0,1.0,1.0,0.9966777408637874,0.9900662251655629,0.9867768595041322,0.9802306425041186,0.967266775777414,0.9418416801292407,0.7220630372492837,0.9781538400628178,1.0,1.0,1.0,1.0,1.0,1.0,1.0,1.0,1.0,1.0,1.0,1.0,0.9966777408637874,0.9900662251655629,0.9867768595041322,0.9802306425041186,0.967266775777414,0.9418416801292407,0.7220630372492837,0.9781538400628178,1.0,1.0,1.0,1.0,1.0,1.0,1.0,1.0,1.0,1.0,1.0,1.0,0.9966777408637874,0.9900662251655629,0.9867768595041322,0.9802306425041186,0.967266775777414,0.9418416801292407,0.7220630372492837,0.9781538400628178,1.0,1.0,1.0,1.0,1.0,1.0,1.0,1.0,1.0,1.0,1.0,1.0,0.9983361064891847,0.9950083194675541,0.9933444259567388,0.9900166389351082,0.9833610648918469,0.9700499168053245,0.8386023294509152,0.9878273053682458,1.0,1.0,1.0,1.0,1.0,1.0,1.0,1.0,1.0,1.0,1.0,1.0,0.9983361064891847,0.9950083194675541,0.9933444259567388,0.9900166389351082,0.9833610648918469,0.9700499168053245,0.8386023294509152,0.9878273053682458,1.0,1.0,1.0,1.0,1.0,1.0,1.0,1.0,1.0,1.0,1.0,1.0,0.9983361064891847,0.9950083194675542,0.9933444259567388,0.9900166389351083,0.9833610648918469,0.9700499168053244,0.8386023294509152,0.9878273053682458,1.0,1.0,1.0,1.0,1.0,1.0,1.0,1.0,1.0,1.0,1.0,1.0,0.9983361064891847,0.9950083194675542,0.9933444259567388,0.9900166389351083,0.9833610648918469,0.9700499168053244,0.8386023294509152,0.9878273053682458,0.9627352564181995,0.9627352564181995,0.9627352564181995,0.9627352564181995,0.9627352564181995,0.9627352564181995,0.9627352564181995,0.9627352564181995,0.9627352564181995,0.9627352564181995,0.9627352564181995,0.9627352564181995,0.9633145238796842,0.9642255064807655,0.964590329177785,0.9652430751089499,0.9661232112214947,0.9673789097717107,0.9721360728403318,0.963991300289427,1.0,1.0,1.0,1.0,1.0,1.0,1.0,1.0,1.0,1.0,1.0,1.0,0.997506579045166,0.9925341963194879,0.9900551969721313,0.9851114891590338,0.9752807219785395,0.9558417460297269,0.7781540625400938,0.9828675785286409,601.0,601.0,601.0,601.0,601.0,601.0,601.0,601.0,601.0,601.0,601.0,601.0,600.0,598.0,597.0,595.0,591.0,583.0,504.0,593.6842105263158,0.0,0.0,0.0,0.0,0.0,0.0,0.0,0.0,0.0,0.0,0.0,0.0,1.0,3.0,4.0,6.0,10.0,18.0,97.0,7.315789473684211,0.0,0.0,0.0,0.0,0.0,0.0,0.0,0.0,0.0,0.0,0.0,0.0,1.0,3.0,4.0,6.0,10.0,18.0,97.0,7.315789473684211,1.0,0.9627352564181995,1.0,1.0,1.0,1.0,0.0,0.0,0.9627352564181995,1.0,0.0,1.0,578.6038891073379,601,0,0,0,1,0,0,0.0,601,1.0,1.0,1.0,601,0,0,601,601,1,1
fencing_006_fencing_aria03_rgb,0.6450457488610318,0.9177849331047193,0.5920132694679057,0.6450457488610318,0.6450457488610318,0.6450457488610318,0.6450457488610318,0.6450457488610318,0.6450457488610318,0.6450457488610318,0.6450457488610318,0.6447746002917077,0.6447746002917077,0.6447746002917077,0.6447746002917077,0.6429792624353221,0.6371565579358758,0.6209025268806323,0.596591681619461,0.5301557868290777,0.4290975910435527,0.15801713786942145,0.5975981545614961,0.9875311720698254,0.9875311720698254,0.9875311720698254,0.9875311720698254,0.9875311720698254,0.9875311720698254,0.9875311720698254,0.9875311720698254,0.9858803986710963,0.9858803986710963,0.9858803986710963,0.9858803986710963,0.9825870646766169,0.9711459192085737,0.9454841334418226,0.8961141950832673,0.7829977628635347,0.5950633755837225,0.17609444171175603,0.9049083086216992,0.4213376042111096,0.4213376042111096,0.4213376042111096,0.4213376042111096,0.4213376042111096,0.4213376042111096,0.4213376042111096,0.4213376042111096,0.42168835666244575,0.42168835666244575,0.42168835666244575,0.42168835666244575,0.4207488036268153,0.4180303611341261,0.4077487228509647,0.397183346196702,0.3589603593252464,0.30942039149824063,0.1417955934197825,0.395333780967923,0.9883527454242929,0.9883527454242929,0.9883527454242929,0.9883527454242929,0.9883527454242929,0.9883527454242929,0.9883527454242929,0.9883527454242929,0.9875207986688852,0.9875207986688852,0.9875207986688852,0.9875207986688852,0.9858569051580699,0.9800332778702163,0.9667221297836939,0.940099833610649,0.8735440931780366,0.7420965058236273,0.2978369384359401,0.9285839390489534,0.9991589571068125,0.9991589571068125,0.9991589571068125,0.9991589571068125,0.9991589571068125,0.9991589571068125,0.9991589571068125,0.9991589571068125,0.9983179142136249,0.9983179142136249,0.9983179142136249,0.9983179142136249,0.9966358284272497,0.990748528174937,0.977291841883936,0.9503784693019344,0.8830950378469302,0.7502102607232969,0.3010933557611438,0.9387366650436014,0.421337613517314,0.421337613517314,0.421337613517314,0.421337613517314,0.421337613517314,0.421337613517314,0.421337613517314,0.421337613517314,0.4216883683050014,0.4216883683050014,0.4216883683050014,0.4216883683050014,0.4211841024452916,0.4195441101277158,0.4128947451321808,0.40609603463254457,0.3792346089850249,0.3434186669452258,0.19367162736221755,0.4017630672099325,0.9994388327721663,0.9994388327721663,0.9994388327721663,0.9994388327721663,0.9994388327721663,0.9994388327721663,0.9994388327721663,0.9994388327721663,0.9990171300196575,0.9990171300196575,0.9990171300196575,0.9990171300196575,0.9985954791579373,0.9931201055056943,0.9806099603929319,0.9552306180565895,0.8950967202970764,0.7676500699626146,0.35078450753126705,0.9438245601663194,0.9177849331047193,0.9177849331047193,0.9177849331047193,0.9177849331047193,0.9177849331047193,0.9177849331047193,0.9177849331047193,0.9177849331047193,0.9182148005288417,0.9182148005288417,0.9182148005288417,0.9182148005288417,0.9187436882156005,0.9202092077897647,0.9227810883999892,0.9267394267832002,0.9343965265534053,0.9435774667225232,0.9646201220300759,0.9234845364972464,0.6453140149357863,0.6453140149357863,0.6453140149357863,0.6453140149357863,0.6453140149357863,0.6453140149357863,0.6453140149357863,0.6453140149357863,0.6453107954781697,0.6453107954781697,0.6453107954781697,0.6453107954781697,0.6440482228781419,0.6400653599997018,0.6278373306606304,0.6110580968062205,0.5599711613767575,0.47918659347004183,0.2055041737480175,0.6058645389651832,1188.0,1188.0,1188.0,1188.0,1188.0,1188.0,1188.0,1188.0,1187.0,1187.0,1187.0,1187.0,1185.0,1178.0,1162.0,1130.0,1050.0,892.0,358.0,1116.157894736842,14.0,14.0,14.0,14.0,14.0,14.0,14.0,14.0,15.0,15.0,15.0,15.0,17.0,24.0,40.0,72.0,152.0,310.0,844.0,85.84210526315789,1.0,1.0,1.0,1.0,1.0,1.0,1.0,1.0,2.0,2.0,2.0,2.0,4.0,11.0,27.0,59.0,139.0,297.0,831.0,72.84210526315789,0.9767054908485857,0.9182148005288417,0.9858569051580699,0.9875207986688852,0.9983179142136249,1.0,0.0,0.0,0.8959409053475333,0.9928900041823505,0.0033277870216306157,0.9849905218925473,1089.920968227735,1187,15,2,11,2,0,0,6.0,601,0.5236302802174823,0.5207986688851913,0.5264928511354079,626,576,563,1189,1202,13,2
fencing_008_fencing_aria01_rgb,0.8353977737630264,0.9439513681340691,0.7885748714797642,0.8353977737630264,0.8353977737630264,0.8353977737630264,0.8353977737630264,0.8353977737630264,0.8353977737630264,0.8353977737630264,0.8353977737630264,0.8353977737630264,0.8353977737630264,0.8353977737630264,0.8353977737630264,0.8353977737630264,0.8345711314594342,0.829977645141688,0.8119822095696931,0.7819511777478388,0.6934894546881345,0.34434054667623065,0.7977096433790717,0.9990706319702602,0.9990706319702602,0.9990706319702602,0.9990706319702602,0.9990706319702602,0.9990706319702602,0.9990706319702602,0.9990706319702602,0.9990706319702602,0.9990706319702602,0.9990706319702602,0.9990706319702602,0.9990706319702602,0.9972144846796658,0.9898242368177613,0.9572338489535942,0.9188224799286352,0.8106060606060606,0.40588235294117647,0.9509211410284357,0.6985386398876701,0.6985386398876701,0.6985386398876701,0.6985386398876701,0.6985386398876701,0.6985386398876701,0.6985386398876701,0.6985386398876701,0.6985386398876701,0.6985386398876701,0.6985386398876701,0.6985386398876701,0.6985386398876701,0.6984545292572832,0.695944659477731,0.688771201915201,0.6654687469430693,0.5932938909981429,0.29213000078983353,0.6692139656800513,1.0,1.0,1.0,1.0,1.0,1.0,1.0,1.0,1.0,1.0,1.0,1.0,1.0,0.9990697674418605,0.9953488372093023,0.9786046511627907,0.958139534883721,0.8958139534883721,0.5776744186046512,0.9686658506731946,0.9990706319702602,0.9990706319702602,0.9990706319702602,0.9990706319702602,0.9990706319702602,0.9990706319702602,0.9990706319702602,0.9990706319702602,0.9990706319702602,0.9990706319702602,0.9990706319702602,0.9990706319702602,0.9990706319702602,0.9981412639405205,0.9944237918215614,0.9776951672862454,0.9572490706319703,0.8949814126394052,0.5771375464684015,0.9677656036000784,0.6985388966784316,0.6985388966784316,0.6985388966784316,0.6985388966784316,0.6985388966784316,0.6985388966784316,0.6985388966784316,0.6985388966784316,0.6985388966784316,0.6985388966784316,0.6985388966784316,0.6985388966784316,0.6985388966784316,0.6985601845937042,0.6973241295671203,0.6943490593680708,0.6816728841000687,0.6389254753740735,0.3946883326915533,0.6782381959218,0.999173126614987,0.999173126614987,0.999173126614987,0.999173126614987,0.999173126614987,0.999173126614987,0.999173126614987,0.999173126614987,0.999173126614987,0.999173126614987,0.999173126614987,0.999173126614987,0.999173126614987,0.9982469702797357,0.9945422351709835,0.9781300574181211,0.958633292527509,0.8979350682353187,0.5848061044593454,0.9685023354782025,0.9439513681340691,0.9439513681340691,0.9439513681340691,0.9439513681340691,0.9439513681340691,0.9439513681340691,0.9439513681340691,0.9439513681340691,0.9439513681340691,0.9439513681340691,0.9439513681340691,0.9439513681340691,0.9439513681340691,0.9442139164426496,0.9450256963055086,0.9479311796019544,0.9505472917542034,0.9555676847349426,0.9675502467440605,0.9464317790171694,0.8357862405469895,0.8357862405469895,0.8357862405469895,0.8357862405469895,0.8357862405469895,0.8357862405469895,0.8357862405469895,0.8357862405469895,0.8357862405469895,0.8357862405469895,0.8357862405469895,0.8357862405469895,0.8357862405469895,0.8353471159427008,0.8322906388835474,0.8209961642914061,0.7985060523726073,0.7290273973422026,0.4107992555534192,0.8048519869208813,1075.0,1075.0,1075.0,1075.0,1075.0,1075.0,1075.0,1075.0,1075.0,1075.0,1075.0,1075.0,1075.0,1074.0,1070.0,1052.0,1030.0,963.0,621.0,1041.3157894736842,0.0,0.0,0.0,0.0,0.0,0.0,0.0,0.0,0.0,0.0,0.0,0.0,0.0,1.0,5.0,23.0,45.0,112.0,454.0,33.68421052631579,1.0,1.0,1.0,1.0,1.0,1.0,1.0,1.0,1.0,1.0,1.0,1.0,1.0,2.0,6.0,24.0,46.0,113.0,455.0,34.68421052631579,0.9962790697674418,0.9439513681340691,0.9990697674418605,1.0,0.9990706319702602,1.0,0.0,0.0,0.940230437901511,0.99953509995351,0.0016638935108153079,0.99862593371654,1014.7477207441243,1075,0,1,3,2,0,0,3.0,601,0.7150162715016272,0.7153488372093023,0.7146840148698885,769,306,307,1076,1075,5,2
fencing_008_fencing_aria02_rgb,0.9226145632414753,0.9513710216201956,0.8777487595927129,0.9226145632414753,0.9226145632414753,0.9226145632414753,0.9226145632414753,0.9226145632414753,0.9226145632414753,0.9226145632414753,0.9226145632414753,0.9226145632414753,0.9226145632414753,0.9226145632414753,0.9178092990278023,0.9133667517699063,0.9133667517699063,0.9074009304418584,0.8980249120042526,0.8860955861672383,0.844498898454995,0.5226787055200928,0.8922106332006464,0.9967793880837359,0.9967793880837359,0.9967793880837359,0.9967793880837359,0.9967793880837359,0.9967793880837359,0.9967793880837359,0.9967793880837359,0.9967793880837359,0.9967793880837359,0.9967793880837359,0.9903691813804173,0.984,0.984,0.9713831478537361,0.9589257503949447,0.9435736677115988,0.881638846737481,0.5252152521525215,0.9580883744816733,0.8539679316018827,0.8539679316018827,0.8539679316018827,0.8539679316018827,0.8539679316018827,0.8539679316018827,0.8539679316018827,0.8539679316018827,0.8539679316018827,0.8539679316018827,0.8539679316018827,0.850565551936673,0.8478036821531604,0.8478036821531604,0.8476330378862291,0.8409918518176204,0.8321187997215769,0.8089235089071091,0.5201544092341499,0.8310337774437047,1.0,1.0,1.0,1.0,1.0,1.0,1.0,1.0,1.0,1.0,1.0,0.9967689822294022,0.9935379644588045,0.9935379644588045,0.9870759289176091,0.9806138933764136,0.9725363489499192,0.938610662358643,0.6898222940226171,0.976447580988011,0.9967793880837359,0.9967793880837359,0.9967793880837359,0.9967793880837359,0.9967793880837359,0.9967793880837359,0.9967793880837359,0.9967793880837359,0.9967793880837359,0.9967793880837359,0.9967793880837359,0.9935587761674718,0.9903381642512077,0.9903381642512077,0.9838969404186796,0.9774557165861514,0.9694041867954911,0.9355877616747182,0.6876006441223832,0.973302822273074,0.8557860514794555,0.8557860514794555,0.8557860514794555,0.8557860514794555,0.8557860514794555,0.8557860514794555,0.8557860514794555,0.8557860514794555,0.8557860514794555,0.8557860514794555,0.8557860514794555,0.8537296170322856,0.8519148687758625,0.8519148687758625,0.8532760456710289,0.8498659772050919,0.8444200887036767,0.8316469808693883,0.6445396907319844,0.8418397212652206,0.9969265928523583,0.9969265928523583,0.9969265928523583,0.9969265928523583,0.9969265928523583,0.9969265928523583,0.9969265928523583,0.9969265928523583,0.9969265928523583,0.9969265928523583,0.9969265928523583,0.9941495038937423,0.9916716240333135,0.9916716240333135,0.9853822128709799,0.979655188755392,0.9732969945063,0.9508501229120573,0.7298570702706764,0.9769856243500903,0.9513710216201956,0.9513710216201956,0.9513710216201956,0.9513710216201956,0.9513710216201956,0.9513710216201956,0.9513710216201956,0.9513710216201956,0.9513710216201956,0.9513710216201956,0.9513710216201956,0.9525670078658244,0.9535646038347788,0.9535646038347788,0.9550530909149849,0.9562381121655632,0.9573583415337764,0.9600565612234939,0.9695357774313381,0.9538431229803521,0.9241038532556191,0.9241038532556191,0.9241038532556191,0.9241038532556191,0.9241038532556191,0.9241038532556191,0.9241038532556191,0.9241038532556191,0.9241038532556191,0.9241038532556191,0.9241038532556191,0.9207699818756623,0.917782732800705,0.917782732800705,0.9147011360290336,0.9081235015727303,0.8995920071753704,0.8713576937703478,0.5990109413223439,0.9007506901662478,619.0,619.0,619.0,619.0,619.0,619.0,619.0,619.0,619.0,619.0,619.0,617.0,615.0,615.0,611.0,607.0,602.0,581.0,427.0,604.421052631579,0.0,0.0,0.0,0.0,0.0,0.0,0.0,0.0,0.0,0.0,0.0,2.0,4.0,4.0,8.0,12.0,17.0,38.0,192.0,14.578947368421053,2.0,2.0,2.0,2.0,2.0,2.0,2.0,2.0,2.0,2.0,2.0,4.0,6.0,6.0,10.0,14.0,19.0,40.0,194.0,16.57894736842105,0.9935379644588045,0.9513710216201956,0.9967689822294022,1.0,0.9967793880837359,1.0,0.0,0.0,0.9449089860790001,0.9983870967741936,0.0033277870216306157,0.9962826655966657,588.8986623829011,619,0,2,2,2,0,0,3.0,601,0.917741935483871,0.9192245557350566,0.9162640901771336,569,50,52,621,619,4,2
fencing_008_fencing_aria03_rgb,0.8684788355588561,0.9478677866392413,0.8232031116041986,0.8684788355588561,0.8684788355588561,0.8684788355588561,0.8684788355588561,0.8684788355588561,0.8684788355588561,0.8684788355588561,0.8684788355588561,0.8684788355588561,0.8684788355588561,0.8674641136632006,0.8674641136632006,0.8647179958800393,0.8619824272467445,0.8619824272467445,0.8432464553045821,0.8146347973221684,0.7148061035294505,0.4114603107336658,0.8311866894830715,1.0,1.0,1.0,1.0,1.0,1.0,1.0,1.0,1.0,1.0,0.9983150800336984,0.9983150800336984,0.9949537426408747,0.9916036943744753,0.9916036943744753,0.9733777038269551,0.9410801963993454,0.8260200153964589,0.45879458794587946,0.9565296734224136,0.7542554878136666,0.7542554878136666,0.7542554878136666,0.7542554878136666,0.7542554878136666,0.7542554878136666,0.7542554878136666,0.7542554878136666,0.7542554878136666,0.7542554878136666,0.7537640205415727,0.7537640205415727,0.751529624295996,0.7493050995043922,0.7493050995043922,0.730512504640392,0.7051788525008131,0.6185658411651437,0.3690095562526901,0.7222889208991384,1.0,1.0,1.0,1.0,1.0,1.0,1.0,1.0,1.0,1.0,0.9991568296795953,0.9991568296795953,0.9974704890387859,0.9957841483979764,0.9957841483979764,0.9865092748735245,0.96964586846543,0.9047217537942664,0.6290050590219224,0.9724860211236354,1.0,1.0,1.0,1.0,1.0,1.0,1.0,1.0,1.0,1.0,0.9991568296795953,0.9991568296795953,0.9974704890387859,0.9957841483979764,0.9957841483979764,0.9865092748735245,0.96964586846543,0.9047217537942664,0.6290050590219224,0.9724860211236354,0.7542554878136666,0.7542554878136666,0.7542554878136666,0.7542554878136666,0.7542554878136666,0.7542554878136666,0.7542554878136666,0.7542554878136666,0.7542554878136666,0.7542554878136666,0.7539990623534927,0.7539990623534927,0.7527912859204887,0.7515851314051041,0.7515851314051041,0.7409601379054002,0.7263461331325037,0.6721740148901776,0.4805123225762643,0.7329740610567734,1.0,1.0,1.0,1.0,1.0,1.0,1.0,1.0,1.0,1.0,0.9991588403429972,0.9991588403429972,0.9974712815415036,0.9957869829255209,0.9957869829255209,0.9865603023459284,0.9699189527081283,0.9062840168311028,0.6296391263748661,0.9726192277020296,0.9478677866392413,0.9478677866392413,0.9478677866392413,0.9478677866392413,0.9478677866392413,0.9478677866392413,0.9478677866392413,0.9478677866392413,0.9478677866392413,0.9478677866392413,0.9482405321027393,0.9482405321027393,0.9487933065225947,0.9492592951520806,0.9492592951520806,0.950947697221377,0.9530816829370206,0.9584625432736625,0.9691426726935,0.9502160749236952,0.8684788355588561,0.8684788355588561,0.8684788355588561,0.8684788355588561,0.8684788355588561,0.8684788355588561,0.8684788355588561,0.8684788355588561,0.8684788355588561,0.8684788355588561,0.8678297466040578,0.8678297466040578,0.8658109619736066,0.8637975112260061,0.8637975112260061,0.8489154028752425,0.8269061378757606,0.7480842015817166,0.48177679241571686,0.8378703351563543,1186.0,1186.0,1186.0,1186.0,1186.0,1186.0,1186.0,1186.0,1186.0,1186.0,1185.0,1185.0,1183.0,1181.0,1181.0,1170.0,1150.0,1073.0,746.0,1153.3684210526317,0.0,0.0,0.0,0.0,0.0,0.0,0.0,0.0,0.0,0.0,1.0,1.0,3.0,5.0,5.0,16.0,36.0,113.0,440.0,32.63157894736842,0.0,0.0,0.0,0.0,0.0,0.0,0.0,0.0,0.0,0.0,1.0,1.0,3.0,5.0,5.0,16.0,36.0,113.0,440.0,32.63157894736842,0.9991568296795953,0.9478677866392413,1.0,1.0,1.0,1.0,0.0,0.0,0.9470246163188366,1.0,0.0,1.0,1124.1711949541402,1186,0,0,1,2,0,0,1.0,601,0.7681281618887015,0.7681281618887015,0.7681281618887015,911,275,275,1186,1186,3,2
fencing_009_fencing_aria01_rgb,0.7673228188899673,0.941420653090819,0.7223735492908813,0.7673228188899673,0.7673228188899673,0.7673228188899673,0.7673228188899673,0.7673228188899673,0.7673228188899673,0.7673228188899673,0.7637197867426619,0.7637197867426619,0.7637197867426619,0.7637197867426619,0.7637197867426619,0.7637197867426619,0.7590600093957799,0.7514375291213695,0.7436074023366819,0.7246239440999571,0.6614885242635411,0.3566808983853616,0.7342356189625491,0.9912280701754386,0.9912280701754386,0.9912280701754386,0.9912280701754386,0.9912280701754386,0.9912280701754386,0.9912280701754386,0.9842657342657343,0.9842657342657343,0.9842657342657343,0.9842657342657343,0.9842657342657343,0.9842657342657343,0.9739130434782609,0.9535283993115319,0.9368600682593856,0.8885191347753744,0.7902208201892744,0.424090338770389,0.9374380369266678,0.5939947889944602,0.5939947889944602,0.5939947889944602,0.5939947889944602,0.5939947889944602,0.5939947889944602,0.5939947889944602,0.5925919112660942,0.5925919112660942,0.5925919112660942,0.5925919112660942,0.5925919112660942,0.5925919112660942,0.591605279056705,0.5921778109385359,0.5902183127916322,0.5909606668130144,0.5537275867112068,0.29998623322062706,0.575378467373132,0.9982332155477032,0.9982332155477032,0.9982332155477032,0.9982332155477032,0.9982332155477032,0.9982332155477032,0.9982332155477032,0.9946996466431095,0.9946996466431095,0.9946996466431095,0.9946996466431095,0.9946996466431095,0.9946996466431095,0.9893992932862191,0.9787985865724381,0.9699646643109541,0.9434628975265018,0.8851590106007067,0.5971731448763251,0.9641993676771433,0.9929701230228472,0.9929701230228472,0.9929701230228472,0.9929701230228472,0.9929701230228472,0.9929701230228472,0.9929701230228472,0.9894551845342706,0.9894551845342706,0.9894551845342706,0.9894551845342706,0.9894551845342706,0.9894551845342706,0.984182776801406,0.9736379613356766,0.9648506151142355,0.9384885764499121,0.8804920913884007,0.5940246045694201,0.9591157154749792,0.5946597628101787,0.5946597628101787,0.5946597628101787,0.5946597628101787,0.5946597628101787,0.5946597628101787,0.5946597628101787,0.5938002901836091,0.5938002901836091,0.5938002901836091,0.5938002901836091,0.5938002901836091,0.5938002901836091,0.5933515779193034,0.5945395719323036,0.5941024182202288,0.5969011697444376,0.5770177033453073,0.38259786246595046,0.5823121254947599,0.9934604531645874,0.9934604531645874,0.9934604531645874,0.9934604531645874,0.9934604531645874,0.9934604531645874,0.9934604531645874,0.9902029494060459,0.9902029494060459,0.9902029494060459,0.9902029494060459,0.9902029494060459,0.9902029494060459,0.9853821749612328,0.97734529987901,0.9706063802046042,0.9532964692325789,0.8991428484790593,0.615602966494243,0.9629903688336378,0.941420653090819,0.941420653090819,0.941420653090819,0.941420653090819,0.941420653090819,0.941420653090819,0.941420653090819,0.9434736289187476,0.9434736289187476,0.9434736289187476,0.9434736289187476,0.9434736289187476,0.9434736289187476,0.944968962499417,0.9473307794165141,0.9489658914400676,0.9526073111268423,0.9574580568513498,0.9687257159757292,0.9458338453925337,0.7700294333572707,0.7700294333572707,0.7700294333572707,0.7700294333572707,0.7700294333572707,0.7700294333572707,0.7700294333572707,0.7677571000908744,0.7677571000908744,0.7677571000908744,0.7677571000908744,0.7677571000908744,0.7677571000908744,0.7650711372173834,0.7613296292317799,0.7566312890947038,0.7466923483172974,0.7000978237329472,0.42325373277971756,0.7447276102326301,565.0,565.0,565.0,565.0,565.0,565.0,565.0,563.0,563.0,563.0,563.0,563.0,563.0,560.0,554.0,549.0,534.0,501.0,338.0,545.7368421052631,1.0,1.0,1.0,1.0,1.0,1.0,1.0,3.0,3.0,3.0,3.0,3.0,3.0,6.0,12.0,17.0,32.0,65.0,228.0,20.263157894736842,4.0,4.0,4.0,4.0,4.0,4.0,4.0,6.0,6.0,6.0,6.0,6.0,6.0,9.0,15.0,20.0,35.0,68.0,231.0,23.263157894736842,0.9752650176678446,0.9434736289187476,0.9840989399293286,0.9946996466431095,0.9894551845342706,1.0,0.0,0.0,0.9190382563273055,0.9920704845814978,0.013921113689095127,0.9828640105930458,531.175653081255,563,3,6,5,2,0,0,5.0,431,0.7101321585903083,0.7120141342756183,0.7082601054481547,403,163,166,569,566,7,2
fencing_009_fencing_aria02_rgb,0.9024864693364529,0.9489998525738881,0.8564595263502226,0.9024864693364529,0.9024864693364529,0.9024864693364529,0.9024864693364529,0.9024864693364529,0.9024864693364529,0.9024864693364529,0.9024864693364529,0.9024864693364529,0.9024864693364529,0.9024864693364529,0.9024864693364529,0.9024864693364529,0.9009279006304581,0.8996576575174627,0.8901483997896226,0.8636261035902714,0.8123616888285837,0.5142082298546717,0.8743817937676293,0.9966555183946488,0.9966555183946488,0.9966555183946488,0.9966555183946488,0.9966555183946488,0.9966555183946488,0.9966555183946488,0.9966555183946488,0.9966555183946488,0.9966555183946488,0.9966555183946488,0.9966555183946488,0.9966555183946488,0.993322203672788,0.99,0.9735537190082645,0.9320388349514563,0.8397534668721109,0.48692403486924035,0.9564270525528575,0.8172149878297904,0.8172149878297904,0.8172149878297904,0.8172149878297904,0.8172149878297904,0.8172149878297904,0.8172149878297904,0.8172149878297904,0.8172149878297904,0.8172149878297904,0.8172149878297904,0.8172149878297904,0.8172149878297904,0.8171276944512745,0.8175594956866751,0.8138884975501793,0.8002349460485308,0.7858633986168847,0.5430212614607949,0.8000784281895587,0.998324958123953,0.998324958123953,0.998324958123953,0.998324958123953,0.998324958123953,0.998324958123953,0.998324958123953,0.998324958123953,0.998324958123953,0.998324958123953,0.998324958123953,0.998324958123953,0.998324958123953,0.9966499162479062,0.9949748743718593,0.9865996649916248,0.964824120603015,0.9128978224455612,0.6549413735343383,0.9731111698845103,0.998324958123953,0.998324958123953,0.998324958123953,0.998324958123953,0.998324958123953,0.998324958123953,0.998324958123953,0.998324958123953,0.998324958123953,0.998324958123953,0.998324958123953,0.998324958123953,0.998324958123953,0.9966499162479062,0.9949748743718593,0.9865996649916248,0.964824120603015,0.9128978224455612,0.6549413735343383,0.9731111698845103,0.817447642920676,0.817447642920676,0.817447642920676,0.817447642920676,0.817447642920676,0.817447642920676,0.817447642920676,0.817447642920676,0.817447642920676,0.817447642920676,0.817447642920676,0.817447642920676,0.817447642920676,0.8175761871013465,0.8181108271469717,0.816836635003294,0.8111992634109524,0.8103400211886521,0.6697057811893309,0.8089783196320702,0.9983487802279749,0.9983487802279749,0.9983487802279749,0.9983487802279749,0.9983487802279749,0.9983487802279749,0.9983487802279749,0.9983487802279749,0.9983487802279749,0.9983487802279749,0.9983487802279749,0.9983487802279749,0.9983487802279749,0.9967453648125917,0.9950964673186895,0.9874321872340457,0.9673982962497409,0.9257651692020867,0.7103116000697088,0.9769096435710809,0.9489998525738881,0.9489998525738881,0.9489998525738881,0.9489998525738881,0.9489998525738881,0.9489998525738881,0.9489998525738881,0.9489998525738881,0.9489998525738881,0.9489998525738881,0.9489998525738881,0.9489998525738881,0.9489998525738881,0.9494260105872067,0.9497650407367431,0.9512998875979961,0.9539514339591317,0.9582377848822157,0.9690107652683063,0.950983631920639,0.9032420043949696,0.9032420043949696,0.9032420043949696,0.9032420043949696,0.9032420043949696,0.9032420043949696,0.9032420043949696,0.9032420043949696,0.9032420043949696,0.9032420043949696,0.9032420043949696,0.9032420043949696,0.9032420043949696,0.902435730807855,0.9019152712491181,0.896092695553057,0.8786842311644582,0.8470023526159901,0.5963615437295416,0.8823493622239277,596.0,596.0,596.0,596.0,596.0,596.0,596.0,596.0,596.0,596.0,596.0,596.0,596.0,595.0,594.0,589.0,576.0,545.0,391.0,580.9473684210526,1.0,1.0,1.0,1.0,1.0,1.0,1.0,1.0,1.0,1.0,1.0,1.0,1.0,2.0,3.0,8.0,21.0,52.0,206.0,16.05263157894737,1.0,1.0,1.0,1.0,1.0,1.0,1.0,1.0,1.0,1.0,1.0,1.0,1.0,2.0,3.0,8.0,21.0,52.0,206.0,16.05263157894737,0.9932998324958124,0.9489998525738881,0.9966499162479062,0.998324958123953,0.998324958123953,1.0,0.0,0.0,0.9423851124523237,0.998324958123953,0.002320185614849188,0.9961456783992229,565.6039121340373,596,1,1,2,2,0,0,3.0,431,0.8257956448911222,0.8257956448911222,0.8257956448911222,493,104,104,597,597,4,2
fencing_009_fencing_aria03_rgb,0.7130501607357387,0.9545267152108832,0.6806254277076769,0.7130501607357387,0.7130501607357387,0.7130501607357387,0.7130501607357387,0.7130501607357387,0.7130501607357387,0.7130501607357387,0.7130501607357387,0.7130501607357387,0.7130501607357387,0.7130501607357387,0.7130501607357387,0.7130501607357387,0.7130501607357387,0.7108381394444291,0.7108381394444291,0.6893346893689212,0.6412858791376645,0.3972152103699101,0.6911691741087208,0.9946666666666667,0.9946666666666667,0.9946666666666667,0.9946666666666667,0.9946666666666667,0.9946666666666667,0.9946666666666667,0.9946666666666667,0.9946666666666667,0.9946666666666667,0.9946666666666667,0.9946666666666667,0.9946666666666667,0.9946666666666667,0.9920106524633822,0.9920106524633822,0.9581151832460733,0.8865069356872636,0.5234215885947047,0.9619683339888494,0.5111667544154785,0.5111667544154785,0.5111667544154785,0.5111667544154785,0.5111667544154785,0.5111667544154785,0.5111667544154785,0.5111667544154785,0.5111667544154785,0.5111667544154785,0.5111667544154785,0.5111667544154785,0.5111667544154785,0.5111667544154785,0.5093603170833585,0.5093603170833585,0.4959553112992529,0.46389662869647824,0.30143946445316366,0.49664982107538486,0.9973262032085561,0.9973262032085561,0.9973262032085561,0.9973262032085561,0.9973262032085561,0.9973262032085561,0.9973262032085561,0.9973262032085561,0.9973262032085561,0.9973262032085561,0.9973262032085561,0.9973262032085561,0.9973262032085561,0.9973262032085561,0.9959893048128342,0.9959893048128342,0.9786096256684492,0.9398395721925134,0.6871657754010695,0.9768505488319731,0.9973262032085561,0.9973262032085561,0.9973262032085561,0.9973262032085561,0.9973262032085561,0.9973262032085561,0.9973262032085561,0.9973262032085561,0.9973262032085561,0.9973262032085561,0.9973262032085561,0.9973262032085561,0.9973262032085561,0.9973262032085561,0.9959893048128342,0.9959893048128342,0.9786096256684492,0.9398395721925134,0.6871657754010695,0.9768505488319731,0.5119066393313357,0.5119066393313357,0.5119066393313357,0.5119066393313357,0.5119066393313357,0.5119066393313357,0.5119066393313357,0.5119066393313357,0.5119066393313357,0.5119066393313357,0.5119066393313357,0.5119066393313357,0.5119066393313357,0.5119066393313357,0.5107382550335571,0.5107382550335571,0.5019797784985828,0.48035158716273274,0.3511621132358143,0.5011401547159445,0.9973459792258882,0.9973459792258882,0.9973459792258882,0.9973459792258882,0.9973459792258882,0.9973459792258882,0.9973459792258882,0.9973459792258882,0.9973459792258882,0.9973459792258882,0.9973459792258882,0.9973459792258882,0.9973459792258882,0.9973459792258882,0.9960053174582195,0.9960053174582195,0.9786363608195705,0.9399717601917881,0.6997331287401196,0.9775366102015977,0.9545267152108832,0.9545267152108832,0.9545267152108832,0.9545267152108832,0.9545267152108832,0.9545267152108832,0.9545267152108832,0.9545267152108832,0.9545267152108832,0.9545267152108832,0.9545267152108832,0.9545267152108832,0.9545267152108832,0.9545267152108832,0.9548373572411886,0.9548373572411886,0.9570946719986082,0.9601417694822115,0.9703582288156242,0.9558233367226939,0.7140027999858471,0.7140027999858471,0.7140027999858471,0.7140027999858471,0.7140027999858471,0.7140027999858471,0.7140027999858471,0.7140027999858471,0.7140027999858471,0.7140027999858471,0.7140027999858471,0.7140027999858471,0.7140027999858471,0.7140027999858471,0.7122621905668579,0.7122621905668579,0.6966682435268893,0.6602941837208982,0.45512512930779964,0.6964553230258507,746.0,746.0,746.0,746.0,746.0,746.0,746.0,746.0,746.0,746.0,746.0,746.0,746.0,746.0,745.0,745.0,732.0,703.0,514.0,730.6842105263158,2.0,2.0,2.0,2.0,2.0,2.0,2.0,2.0,2.0,2.0,2.0,2.0,2.0,2.0,3.0,3.0,16.0,45.0,234.0,17.31578947368421,2.0,2.0,2.0,2.0,2.0,2.0,2.0,2.0,2.0,2.0,2.0,2.0,2.0,2.0,3.0,3.0,16.0,45.0,234.0,17.31578947368421,0.9906417112299465,0.9545267152108832,0.9946524064171123,0.9973262032085561,0.9973262032085561,1.0,0.0,0.0,0.9452900127637952,0.9973262032085561,0.004640371229698376,0.9940145437771127,712.0769295473189,746,2,2,3,2,0,0,3.0,431,0.6096256684491979,0.6096256684491979,0.6096256684491979,456,292,292,748,748,5,2
fencing_011_fencing_aria03_rgb,0.7469010589087279,0.9507000052696736,0.7100788406404525,0.7469010589087279,0.7469010589087279,0.7469010589087279,0.7469010589087279,0.7469010589087279,0.7469010589087279,0.7469010589087279,0.7469010589087279,0.7469010589087279,0.7469010589087279,0.7469010589087279,0.7469010589087279,0.7469010589087279,0.7469010589087279,0.7415829712575944,0.7363047759818329,0.7270427272922151,0.6528855782345624,0.3631101919991276,0.7198705826046066,0.9816971713810316,0.9816971713810316,0.9816971713810316,0.9816971713810316,0.9816971713810316,0.9816971713810316,0.9816971713810316,0.9816971713810316,0.9816971713810316,0.9816971713810316,0.9816971713810316,0.9816971713810316,0.9816971713810316,0.9816971713810316,0.9751243781094527,0.968595041322314,0.9556650246305419,0.8609375,0.4703703703703704,0.9460238270403748,0.568261993679977,0.568261993679977,0.568261993679977,0.568261993679977,0.568261993679977,0.568261993679977,0.568261993679977,0.568261993679977,0.568261993679977,0.568261993679977,0.568261993679977,0.568261993679977,0.568261993679977,0.568261993679977,0.5639745201791206,0.5597227943615403,0.5531133961011646,0.4951109439032204,0.2803089221581393,0.5477841309590982,1.0,1.0,1.0,1.0,1.0,1.0,1.0,1.0,1.0,1.0,1.0,1.0,1.0,1.0,0.9966101694915255,0.9932203389830508,0.9864406779661017,0.9338983050847458,0.6457627118644068,0.9766280107047279,0.9816971713810316,0.9816971713810316,0.9816971713810316,0.9816971713810316,0.9816971713810316,0.9816971713810316,0.9816971713810316,0.9816971713810316,0.9816971713810316,0.9816971713810316,0.9816971713810316,0.9816971713810316,0.9816971713810316,0.9816971713810316,0.978369384359401,0.9750415973377704,0.9683860232945092,0.9168053244592346,0.6339434276206323,0.9587529556003151,0.568261993679977,0.568261993679977,0.568261993679977,0.568261993679977,0.568261993679977,0.568261993679977,0.568261993679977,0.568261993679977,0.568261993679977,0.568261993679977,0.568261993679977,0.568261993679977,0.568261993679977,0.568261993679977,0.565548253199585,0.5628391276681899,0.5586638709301648,0.5195884216678459,0.34130076960718897,0.5528214923469817,1.0,1.0,1.0,1.0,1.0,1.0,1.0,1.0,1.0,1.0,1.0,1.0,1.0,1.0,0.996615477874318,0.9932416449836111,0.9864719303656339,0.9351294154062675,0.6585276129848189,0.9773676885060343,0.9507000052696736,0.9507000052696736,0.9507000052696736,0.9507000052696736,0.9507000052696736,0.9507000052696736,0.9507000052696736,0.9507000052696736,0.9507000052696736,0.9507000052696736,0.9507000052696736,0.9507000052696736,0.9507000052696736,0.9507000052696736,0.9514397689110463,0.9521022275052358,0.9531023163529789,0.9570333423963852,0.9674762247394078,0.9521554712463413,0.7538315419773685,0.7538315419773685,0.7538315419773685,0.7538315419773685,0.7538315419773685,0.7538315419773685,0.7538315419773685,0.7538315419773685,0.7538315419773685,0.7538315419773685,0.7538315419773685,0.7538315419773685,0.7538315419773685,0.7538315419773685,0.7497084380908455,0.7456058365868051,0.7386565869483368,0.6799876994035452,0.42545628416163855,0.7312134964670701,590.0,590.0,590.0,590.0,590.0,590.0,590.0,590.0,590.0,590.0,590.0,590.0,590.0,590.0,588.0,586.0,582.0,551.0,381.0,576.2105263157895,0.0,0.0,0.0,0.0,0.0,0.0,0.0,0.0,0.0,0.0,0.0,0.0,0.0,0.0,2.0,4.0,8.0,39.0,209.0,13.789473684210526,11.0,11.0,11.0,11.0,11.0,11.0,11.0,11.0,11.0,11.0,11.0,11.0,11.0,11.0,13.0,15.0,19.0,50.0,220.0,24.789473684210527,0.9796610169491525,0.9507000052696736,0.9813559322033898,1.0,0.9816971713810316,1.0,0.0,0.0,0.9303610222188261,0.9907640638119227,0.018302828618968387,0.9813559322033898,560.9130031091074,590,0,11,1,1,0,0,0.0,601,0.6784214945424013,0.6847457627118644,0.6722129783693843,404,186,197,601,590,4,1
fencing_014_fencing_aria03_rgb,1.0,0.9635780026275635,0.9635780026275635,1.0,1.0,1.0,1.0,1.0,1.0,1.0,1.0,1.0,1.0,1.0,1.0,1.0,1.0,1.0,0.9939759036144579,0.9879879879879881,0.9077809798270894,0.6802030456852792,0.977365679848148,1.0,1.0,1.0,1.0,1.0,1.0,1.0,1.0,1.0,1.0,1.0,1.0,1.0,1.0,1.0,0.9939759036144579,0.987987987987988,0.9077809798270894,0.6802030456852792,0.977365679848148,1.0,1.0,1.0,1.0,1.0,1.0,1.0,1.0,1.0,1.0,1.0,1.0,1.0,1.0,1.0,0.9939759036144579,0.9879879879879881,0.9077809798270893,0.6802030456852792,0.977365679848148,1.0,1.0,1.0,1.0,1.0,1.0,1.0,1.0,1.0,1.0,1.0,1.0,1.0,1.0,1.0,0.9969788519637462,0.9939577039274925,0.9516616314199395,0.8096676737160121,0.9869613611066942,1.0,1.0,1.0,1.0,1.0,1.0,1.0,1.0,1.0,1.0,1.0,1.0,1.0,1.0,1.0,0.9969788519637462,0.9939577039274925,0.9516616314199395,0.8096676737160121,0.9869613611066942,1.0,1.0,1.0,1.0,1.0,1.0,1.0,1.0,1.0,1.0,1.0,1.0,1.0,1.0,1.0,0.9969788519637464,0.9939577039274925,0.9516616314199394,0.8096676737160121,0.9869613611066942,1.0,1.0,1.0,1.0,1.0,1.0,1.0,1.0,1.0,1.0,1.0,1.0,1.0,1.0,1.0,0.9969788519637464,0.9939577039274925,0.9516616314199394,0.8096676737160121,0.9869613611066942,0.9635780026275635,0.9635780026275635,0.9635780026275635,0.9635780026275635,0.9635780026275635,0.9635780026275635,0.9635780026275635,0.9635780026275635,0.9635780026275635,0.9635780026275635,0.9635780026275635,0.9635780026275635,0.9635780026275635,0.9635780026275635,0.9635780026275635,0.9641722177241113,0.9645502377193641,0.96834497669978,0.974114025048833,0.964465868242397,1.0,1.0,1.0,1.0,1.0,1.0,1.0,1.0,1.0,1.0,1.0,1.0,1.0,1.0,1.0,0.995476245454993,0.9909683506795177,0.9294623866699712,0.7421175228052134,0.9820012897689313,331.0,331.0,331.0,331.0,331.0,331.0,331.0,331.0,331.0,331.0,331.0,331.0,331.0,331.0,331.0,330.0,329.0,315.0,268.0,326.6842105263158,0.0,0.0,0.0,0.0,0.0,0.0,0.0,0.0,0.0,0.0,0.0,0.0,0.0,0.0,0.0,1.0,2.0,16.0,63.0,4.315789473684211,0.0,0.0,0.0,0.0,0.0,0.0,0.0,0.0,0.0,0.0,0.0,0.0,0.0,0.0,0.0,1.0,2.0,16.0,63.0,4.315789473684211,1.0,0.9635780026275635,1.0,1.0,1.0,1.0,0.0,0.0,0.9635780026275635,1.0,0.0,1.0,318.94431886972353,331,0,0,0,1,0,0,0.0,331,1.0,1.0,1.0,331,0,0,331,331,1,1
legoassemble_001_legoassemble_aria02_rgb,0.7992738430498915,0.9087393613716616,0.726331601694232,0.7992738430498915,0.7980270287184801,0.7949774681895151,0.792605804053214,0.790293114377304,0.790293114377304,0.7897240026170566,0.7897240026170566,0.7892802924714459,0.7862583645004081,0.784878889351127,0.7829112307352233,0.7752948481473083,0.7677869916908302,0.7565844756691655,0.7367428165913869,0.6864573657280378,0.5918755981498378,0.28754856706246307,0.7416072535840555,0.9551166965888689,0.9516129032258065,0.9429081177520071,0.936,0.929140832595217,0.929140832595217,0.9274336283185841,0.9274336283185841,0.9257294429708223,0.9206349206349206,0.9155672823218998,0.9071803852889667,0.8889852558542931,0.8679245283018868,0.8441998306519899,0.815,0.7340764331210191,0.5967741935483871,0.2736842105263158,0.8520285854007783,0.6688592906660612,0.6692291964583938,0.670255312294628,0.6711794451056002,0.672194337738541,0.672194337738541,0.6724621377383019,0.6724621377383019,0.6729432501191887,0.6714955102077926,0.6728450031403264,0.6756649561113441,0.6761440615639149,0.6792029092241676,0.6780622881450905,0.6659999727595215,0.6419273166948157,0.5870172126617338,0.3021152673026616,0.6469607338636277,0.9879294336118849,0.9860724233983287,0.9814298978644382,0.9777158774373259,0.9740018570102136,0.9740018570102136,0.9730733519034355,0.9730733519034355,0.9721448467966574,0.9693593314763231,0.9665738161559888,0.9619312906220984,0.9517177344475395,0.9396471680594243,0.9257195914577531,0.9080779944289693,0.8560817084493965,0.755803156917363,0.43454038997214484,0.9194155304696281,0.9663941871026339,0.9645776566757494,0.9600363306085377,0.9564032697547684,0.9527702089009991,0.9527702089009991,0.9518619436875567,0.9518619436875567,0.9509536784741145,0.9482288828337875,0.9455040871934605,0.9409627611262489,0.9309718437783833,0.9191643960036331,0.9055404178019982,0.888283378746594,0.8374205267938238,0.7393278837420527,0.4250681198910082,0.8993737750370477,0.6868572947520316,0.6873290342216896,0.688583087258584,0.6896639711454526,0.6908147249424657,0.6908147249424657,0.6911134243195313,0.6911134243195313,0.6916172228493145,0.6908587793645266,0.6922811205231955,0.6952029952029952,0.6969105691056909,0.7013172246485885,0.7029688148063894,0.6977444207853417,0.6892494843553726,0.6656535081558512,0.43735584766512603,0.6777605091244286,0.9670481407330724,0.9654510071931718,0.9617099877333081,0.9589788869501199,0.9564833045241862,0.9564833045241862,0.9558965246893537,0.9558965246893537,0.9550903131561057,0.9521478154987729,0.9498547633459082,0.9461725447446996,0.9375267246998497,0.9312218634415446,0.9210443769396623,0.9069919730479759,0.864690518056494,0.79447430303531,0.489882440469223,0.9119497535511737,0.9087393613716616,0.9102729928439257,0.9139784167337877,0.9167562234936208,0.9193744730578087,0.9193744730578087,0.9199250232692657,0.9199250232692657,0.9203740101503027,0.9216493283485092,0.9228152017250357,0.9244692534223203,0.9276457215720796,0.9309286386991503,0.9339545207966272,0.9369688647530875,0.9436364297892236,0.9523147823783178,0.9677018813413352,0.9268844536880596,0.8128873108824919,0.8123474968021042,0.8110540072574784,0.8100757989776756,0.8091467933750276,0.8091467933750276,0.808922113925166,0.808922113925166,0.8088252671559929,0.8067964048410097,0.8064455110959659,0.8061905874297397,0.8021834543492946,0.7988811489766242,0.7922723927820421,0.7776759733675809,0.7413111586752452,0.6660851766062426,0.3623275949610205,0.7711314262505734,1064.0,1062.0,1057.0,1053.0,1049.0,1049.0,1048.0,1048.0,1047.0,1044.0,1041.0,1036.0,1025.0,1012.0,997.0,978.0,922.0,814.0,468.0,990.2105263157895,13.0,15.0,20.0,24.0,28.0,28.0,29.0,29.0,30.0,33.0,36.0,41.0,52.0,65.0,80.0,99.0,155.0,263.0,609.0,86.78947368421052,37.0,39.0,44.0,48.0,52.0,52.0,53.0,53.0,54.0,57.0,60.0,65.0,76.0,89.0,104.0,123.0,179.0,287.0,633.0,110.78947368421052,0.9117920148560817,0.9216493283485092,0.9164345403899722,0.9693593314763231,0.9482288828337875,1.0,0.0,0.0,0.8358420601632717,0.9586776859504132,0.09484193011647254,0.9157855431714614,962.2018987958436,1044,33,57,5,2,0,0,10.0,601,0.7502295684113865,0.7585886722376973,0.7420526793823796,817,260,284,1101,1077,7,2
legoassemble_003_legoassemble_aria01_rgb,0.47013423025097706,0.9081811478089572,0.4269670448536129,0.47013423025097706,0.47013423025097706,0.47013423025097706,0.47013423025097706,0.47013423025097706,0.47013423025097706,0.47013423025097706,0.46894567476140137,0.4665973553678961,0.4665973553678961,0.46428717951598253,0.4612972163227041,0.45268056320445355,0.442693320677281,0.42450230671201833,0.39996325555738965,0.33741420618201645,0.26236208888758045,0.12400161592648716,0.4243306184336813,0.9848293299620733,0.9848293299620733,0.9848293299620733,0.9848293299620733,0.9848293299620733,0.9848293299620733,0.9848293299620733,0.9823232323232324,0.9773299748110831,0.9773299748110831,0.9723618090452262,0.9649561952440551,0.9503105590062112,0.935881627620222,0.8961352657004831,0.8427230046948356,0.7009750812567714,0.51252408477842,0.21894409937888198,0.8855579062318428,0.22443096253255437,0.22443096253255437,0.22443096253255437,0.22443096253255437,0.22443096253255437,0.22443096253255437,0.22443096253255437,0.2238672960603103,0.22276313798561068,0.22276313798561068,0.221689686963919,0.2205230898934805,0.21563444745620458,0.20940402118012838,0.20108817865008985,0.1898258442036881,0.16241425633750448,0.1343036702659811,0.07022980201796271,0.20344859509096688,0.9974391805377721,0.9974391805377721,0.9974391805377721,0.9974391805377721,0.9974391805377721,0.9974391805377721,0.9974391805377721,0.9961587708066582,0.9935979513444302,0.9935979513444302,0.9910371318822023,0.9871959026888605,0.9795134443021767,0.971830985915493,0.9500640204865557,0.9193341869398207,0.8284250960307298,0.6811779769526248,0.36107554417413573,0.9281622750859223,0.9873257287705957,0.9873257287705957,0.9873257287705957,0.9873257287705957,0.9873257287705957,0.9873257287705957,0.9873257287705957,0.9860583016476553,0.9835234474017744,0.9835234474017744,0.9809885931558935,0.9771863117870723,0.9695817490494296,0.9619771863117871,0.9404309252217997,0.9100126742712294,0.8200253485424588,0.6742712294043093,0.3574144486692015,0.91875125075045,0.22517211147567628,0.22517211147567628,0.22517211147567628,0.22517211147567628,0.22517211147567628,0.22517211147567628,0.22517211147567628,0.2247163669154775,0.2238180177011644,0.2238180177011644,0.22293730153911623,0.2219794342478198,0.21823919912067222,0.21328027913201414,0.2066193738321347,0.19718499103259807,0.1727383735289484,0.14613328760686659,0.08039983590659869,0.2067404872944373,0.9877035427529061,0.9877035427529061,0.9877035427529061,0.9877035427529061,0.9877035427529061,0.9877035427529061,0.9877035427529061,0.9864119115834463,0.9838759361742017,0.9838759361742017,0.9814034172993528,0.977726173683961,0.9701886872912415,0.9627792116657501,0.9426084066389143,0.9145494836521547,0.8341780174212619,0.7145838813978952,0.4205539537462871,0.9256136745262636,0.9081811478089572,0.9081811478089572,0.9081811478089572,0.9081811478089572,0.9081811478089572,0.9081811478089572,0.9081811478089572,0.9088599327501451,0.9100965306698547,0.9100965306698547,0.9110853529536684,0.9123731925254946,0.9145824831590745,0.9164510790644177,0.9208755371323974,0.9256365391786517,0.9362748871986187,0.9488205856794817,0.966057062156984,0.9178146183053341,0.473134479144962,0.473134479144962,0.473134479144962,0.473134479144962,0.473134479144962,0.473134479144962,0.473134479144962,0.4722365619763562,0.4704646613057769,0.4704646613057769,0.46872455828192483,0.466582780212827,0.45958333339887736,0.451115635240182,0.43708882790643727,0.41774799597504075,0.3668079141773753,0.302464382050339,0.15924278313593274,0.4344455499463989,779.0,779.0,779.0,779.0,779.0,779.0,779.0,778.0,776.0,776.0,774.0,771.0,765.0,759.0,742.0,718.0,647.0,532.0,282.0,724.8947368421053,2.0,2.0,2.0,2.0,2.0,2.0,2.0,3.0,5.0,5.0,7.0,10.0,16.0,22.0,39.0,63.0,134.0,249.0,499.0,56.10526315789474,10.0,10.0,10.0,10.0,10.0,10.0,10.0,11.0,13.0,13.0,15.0,18.0,24.0,30.0,47.0,71.0,142.0,257.0,507.0,64.10526315789474,0.9577464788732394,0.9100965306698547,0.9769526248399488,0.9935979513444302,0.9835234474017744,1.0,0.0,0.0,0.8684185759280503,0.9885350318471338,0.021630615640599003,0.9754467461471757,706.2349077998073,776,5,13,15,2,0,0,14.0,601,0.3643312101910828,0.36619718309859156,0.36248415716096327,286,495,503,789,781,17,2
legoassemble_003_legoassemble_aria02_rgb,0.6002281700958535,0.9122804553736819,0.547576428343157,0.6002281700958535,0.6002281700958535,0.6002281700958535,0.6002281700958535,0.6002281700958535,0.6002281700958535,0.6002281700958535,0.6002281700958535,0.5964355431186129,0.5949579401016628,0.5930656663133856,0.5904088885752974,0.5882776795493445,0.5820857798848625,0.5763360878423633,0.5488728963747354,0.5118349468651276,0.4205340517269399,0.1622532903288534,0.5561520069183165,0.982695810564663,0.982695810564663,0.982695810564663,0.982695810564663,0.982695810564663,0.982695810564663,0.982695810564663,0.982695810564663,0.9737080689029919,0.966576332429991,0.9630297565374211,0.9559748427672956,0.9489704565801254,0.9316770186335404,0.9113257243195786,0.8527659574468085,0.7728013029315961,0.587892049598833,0.19615384615384615,0.8906548337273332,0.3666178814475674,0.3666178814475674,0.3666178814475674,0.3666178814475674,0.3666178814475674,0.3666178814475674,0.3666178814475674,0.3666178814475674,0.3653408741862195,0.3662152057873321,0.36522950840519824,0.3646358043268826,0.36468008656783846,0.363670937854741,0.3644836059000121,0.3532756599205383,0.33899401028263604,0.30081864312088435,0.13421164427176846,0.34813152801076785,0.9899082568807339,0.9899082568807339,0.9899082568807339,0.9899082568807339,0.9899082568807339,0.9899082568807339,0.9899082568807339,0.9899082568807339,0.9853211009174312,0.981651376146789,0.9798165137614679,0.9761467889908257,0.9724770642201835,0.963302752293578,0.9522935779816514,0.9192660550458716,0.8706422018348624,0.7394495412844037,0.3275229357798165,0.9256397875422503,0.9926402943882244,0.9926402943882244,0.9926402943882244,0.9926402943882244,0.9926402943882244,0.9926402943882244,0.9926402943882244,0.9926402943882244,0.9880404783808647,0.984360625574977,0.9825206991720331,0.9788408463661453,0.9751609935602575,0.9659613615455381,0.9549218031278749,0.921803127874885,0.8730450781968722,0.7414903403863845,0.32842686292548295,0.9281944511693215,0.3671471564366706,0.3671471564366706,0.3671471564366706,0.3671471564366706,0.3671471564366706,0.3671471564366706,0.3671471564366706,0.3671471564366706,0.36655354867287243,0.36744986337425445,0.3668133742002494,0.3665776248139515,0.36681111216614515,0.3665826861421117,0.3678337890550488,0.3610288075075312,0.3521179069561259,0.32647239318685056,0.17333401653111796,0.3536185460052434,0.986541525529307,0.986541525529307,0.986541525529307,0.986541525529307,0.986541525529307,0.986541525529307,0.986541525529307,0.986541525529307,0.987340280563897,0.9856488263418072,0.9838538111965746,0.9804556672235547,0.9769663366397026,0.9689217541201702,0.9588878454332544,0.9306670254915137,0.8897413695965406,0.7835968718678418,0.40013553221877307,0.9336077644698991,0.9122804553736819,0.9122804553736819,0.9122804553736819,0.9122804553736819,0.9122804553736819,0.9122804553736819,0.9122804553736819,0.9122804553736819,0.9145429072129065,0.9161342771016416,0.916871474447009,0.918175225078985,0.9192541474822487,0.9215510110903187,0.9236785843519312,0.9289911659578747,0.9345521572934228,0.9448224844718489,0.9647746869543594,0.9211364086543158,0.602426815443228,0.602426815443228,0.602426815443228,0.602426815443228,0.602426815443228,0.602426815443228,0.602426815443228,0.602426815443228,0.5999817266911572,0.5995795699713375,0.5982122563508676,0.5966054555104013,0.5955191180516827,0.5918827716403466,0.5891480265418672,0.5698721981627811,0.5432701828016188,0.4716356725964806,0.2096601815980469,0.5676200886032848,1079.0,1079.0,1079.0,1079.0,1079.0,1079.0,1079.0,1079.0,1074.0,1070.0,1068.0,1064.0,1060.0,1050.0,1038.0,1002.0,949.0,806.0,357.0,1008.9473684210526,11.0,11.0,11.0,11.0,11.0,11.0,11.0,11.0,16.0,20.0,22.0,26.0,30.0,40.0,52.0,88.0,141.0,284.0,733.0,81.05263157894737,8.0,8.0,8.0,8.0,8.0,8.0,8.0,8.0,13.0,17.0,19.0,23.0,27.0,37.0,49.0,85.0,138.0,281.0,730.0,78.05263157894737,0.9669724770642202,0.9155624705401262,0.9770642201834863,0.9871559633027523,0.9898804047838087,1.0,0.0,0.0,0.8836194663313539,0.9885163068442812,0.018302828618968387,0.9761088140503136,985.1452183011758,1076,14,11,11,2,0,0,8.0,601,0.5310059715204409,0.5302752293577981,0.531738730450782,578,512,509,1087,1090,13,2
legoassemble_003_legoassemble_aria03_rgb,0.6262806625424102,0.9066456061767512,0.5678146109275408,0.6262806625424102,0.6262806625424102,0.6262806625424102,0.6262806625424102,0.625161787159082,0.6240546350500745,0.6240546350500745,0.6211730650665663,0.6202067781904619,0.6181276388404907,0.6181276388404907,0.6150340274743235,0.607483448879269,0.6043757913862664,0.5895092219735296,0.5748332611954131,0.5098073546319035,0.3753807980145586,0.1435958566004178,0.5724236099222402,0.9774696707105719,0.9774696707105719,0.9774696707105719,0.9774696707105719,0.9740484429065744,0.9706390328151986,0.9706390328151986,0.9672413793103448,0.963855421686747,0.9571183533447685,0.9571183533447685,0.947098976109215,0.9338983050847458,0.924114671163575,0.8828382838283828,0.8403225806451613,0.7314112291350531,0.5274431057563588,0.19727177334732424,0.876575664428195,0.4012681723305342,0.4012681723305342,0.4012681723305342,0.4012681723305342,0.4012400645677367,0.40122452771959416,0.40122452771959416,0.39892418275085867,0.399081064502645,0.39920013712336416,0.39920013712336416,0.3993952738764938,0.395156666044879,0.39526490446673185,0.3936407484333696,0.3932219433195076,0.3553452947996632,0.26715818631467253,0.10452468532588184,0.37415131754792075,0.9912126537785588,0.9912126537785588,0.9912126537785588,0.9912126537785588,0.9894551845342706,0.9876977152899824,0.9876977152899824,0.9859402460456942,0.984182776801406,0.9806678383128296,0.9806678383128296,0.9753954305799648,0.968365553602812,0.9630931458699473,0.9402460456942003,0.9156414762741653,0.8471001757469244,0.6924428822495606,0.3304042179261863,0.9207288872444734,0.986013986013986,0.986013986013986,0.986013986013986,0.986013986013986,0.9842657342657343,0.9825174825174825,0.9825174825174825,0.9807692307692307,0.9790209790209791,0.9755244755244755,0.9755244755244755,0.9702797202797203,0.9632867132867133,0.958041958041958,0.9353146853146853,0.9108391608391608,0.8426573426573427,0.6888111888111889,0.32867132867132864,0.9158998895841004,0.40648514104269856,0.40648514104269856,0.40648514104269856,0.40648514104269856,0.4065298515395539,0.40658370781228864,0.40658370781228864,0.4049812624508925,0.405185864633119,0.4054238596627807,0.4054238596627807,0.4057907881607304,0.40301700957838515,0.40331069545290466,0.4031343088930469,0.4039055023849716,0.37812042183279565,0.30888604213550663,0.13838327935609943,0.3848000381862599,0.9879152668906309,0.9879152668906309,0.9879152668906309,0.9879152668906309,0.9861409741048893,0.9844071923581197,0.9844071923581197,0.9826973851741655,0.9809115615393161,0.9774431917074162,0.9774431917074162,0.9723883809485744,0.9655495214592515,0.9605235568085131,0.9394669570406123,0.9170842633385001,0.8521194821045716,0.7011370662687603,0.36417431703903114,0.9209239632378833,0.9066456061767512,0.9066456061767512,0.9066456061767512,0.9066456061767512,0.907882423448739,0.9089715793011167,0.9089715793011167,0.9098998933980691,0.9107226154353866,0.9122943050166208,0.9122943050166208,0.914149444502266,0.9162738940577478,0.9175748721271023,0.9222592021553403,0.926155451513373,0.9336922909538901,0.9456432277865994,0.9651809665551275,0.9178183408040064,0.6306679712595376,0.6306679712595376,0.6306679712595376,0.6306679712595376,0.6300865513002262,0.6295145346590064,0.6295145346590064,0.627148632219635,0.6267126217263174,0.6256858121509187,0.6256858121509187,0.6241540876533339,0.6185920333098307,0.6169902108582023,0.6083741917098237,0.6000419324384506,0.5486465726454849,0.4301067129774854,0.18583701705817038,0.58682963908184,564.0,564.0,564.0,564.0,563.0,562.0,562.0,561.0,560.0,558.0,558.0,555.0,551.0,548.0,535.0,521.0,482.0,394.0,188.0,523.8947368421053,5.0,5.0,5.0,5.0,6.0,7.0,7.0,8.0,9.0,11.0,11.0,14.0,18.0,21.0,34.0,48.0,87.0,175.0,381.0,45.10526315789474,8.0,8.0,8.0,8.0,9.0,10.0,10.0,11.0,12.0,14.0,14.0,17.0,21.0,24.0,37.0,51.0,90.0,178.0,384.0,48.10526315789474,0.9437609841827768,0.9122943050166208,0.9560632688927944,0.9806678383128296,0.9755244755244755,1.0,0.0,0.0,0.857750829875702,0.9780893952673094,0.02329450915141431,0.954578035079061,509.0602221992744,558,11,14,7,2,0,0,7.0,601,0.5574057843996494,0.5588752196836555,0.5559440559440559,318,251,254,572,569,10,2
legoassemble_004_legoassemble_aria01_rgb,0.565022288954064,0.9195230009634785,0.5195509907502947,0.565022288954064,0.565022288954064,0.565022288954064,0.565022288954064,0.565022288954064,0.565022288954064,0.565022288954064,0.565022288954064,0.5647052758455756,0.5628366940839479,0.5618913749198081,0.5618913749198081,0.5552664426221461,0.5500696809189156,0.537388850005816,0.5164817854754659,0.4817543530409798,0.412180862208718,0.2238486849178659,0.5288680889785031,0.9665178571428571,0.9665178571428571,0.9665178571428571,0.9665178571428571,0.9665178571428571,0.9665178571428571,0.9665178571428571,0.9665178571428571,0.9643255295429208,0.9599555061179088,0.9534368070953437,0.9534368070953437,0.9405286343612335,0.9299014238773274,0.9007551240560949,0.8488982161594963,0.7584830339321357,0.585958595859586,0.27773749093546046,0.8845031592724057,0.3303096623156367,0.3303096623156367,0.3303096623156367,0.3303096623156367,0.3303096623156367,0.3303096623156367,0.3303096623156367,0.3303096623156367,0.3306892110581981,0.3299998199796123,0.33114089456135315,0.33114089456135315,0.3278165183260489,0.3253857302472026,0.3206051993467085,0.3142348866448859,0.30598872524642223,0.28994038891415785,0.18041580764154724,0.31735975658171495,0.9741282339707537,0.9741282339707537,0.9741282339707537,0.9741282339707537,0.9741282339707537,0.9741282339707537,0.9741282339707537,0.9741282339707537,0.9730033745781778,0.9707536557930259,0.9673790776152981,0.9673790776152981,0.9606299212598425,0.9550056242969629,0.9392575928008999,0.9100112485939258,0.8548931383577053,0.7322834645669292,0.43082114735658045,0.9186549049789831,0.9919816723940436,0.9919816723940436,0.9919816723940436,0.9919816723940436,0.9919816723940436,0.9919816723940436,0.9919816723940436,0.9919816723940436,0.9908361970217641,0.9885452462772051,0.9851088201603666,0.9851088201603666,0.9782359679266895,0.9725085910652921,0.9564719358533792,0.9266895761741123,0.870561282932417,0.7457044673539519,0.43871706758304696,0.9354916500874179,0.3313546192344913,0.3313546192344913,0.3313546192344913,0.3313546192344913,0.3313546192344913,0.3313546192344913,0.3313546192344913,0.3313546192344913,0.3317353760197334,0.3313235768095393,0.3324657380283374,0.3324657380283374,0.33008040191929106,0.32834120286682356,0.3251337776888383,0.3209965904143933,0.3162207887971857,0.30749893183909266,0.21460720734023772,0.32219506755935473,0.9863875565880394,0.9863875565880394,0.9863875565880394,0.9863875565880394,0.9863875565880394,0.9863875565880394,0.9863875565880394,0.9863875565880394,0.9863718196592395,0.9863493246147127,0.9874508167867613,0.9874508167867613,0.9805087605292382,0.9748093719174221,0.9590394500822103,0.9323892884287707,0.8807977431138059,0.7867609285220668,0.538474296321846,0.9416580562877447,0.9195230009634785,0.9195230009634785,0.9195230009634785,0.9195230009634785,0.9195230009634785,0.9195230009634785,0.9195230009634785,0.9195230009634785,0.9200781906915969,0.921106902910891,0.9225345189084105,0.9225345189084105,0.9246571983950586,0.9261572357080181,0.9296342905017055,0.934517947472681,0.9415599904083425,0.9522456791448262,0.9680706148311286,0.927330583978363,0.5672424243786841,0.5672424243786841,0.5672424243786841,0.5672424243786841,0.5672424243786841,0.5672424243786841,0.5672424243786841,0.5672424243786841,0.5672404413440759,0.5659934024847366,0.5659847817225004,0.5659847817225004,0.5611687412777266,0.5574452461471466,0.5487539227903907,0.5347497373047352,0.5114564122464275,0.4607803734014095,0.27879552587765016,0.5398048821762512,866.0,866.0,866.0,866.0,866.0,866.0,866.0,866.0,865.0,863.0,860.0,860.0,854.0,849.0,835.0,809.0,760.0,651.0,383.0,816.6842105263158,23.0,23.0,23.0,23.0,23.0,23.0,23.0,23.0,24.0,26.0,29.0,29.0,35.0,40.0,54.0,80.0,129.0,238.0,506.0,72.3157894736842,7.0,7.0,7.0,7.0,7.0,7.0,7.0,7.0,8.0,10.0,13.0,13.0,19.0,24.0,38.0,64.0,113.0,222.0,490.0,56.31578947368421,0.9505061867266592,0.9208628110232243,0.9617547806524185,0.9718785151856018,0.9896907216494846,1.0,0.0,0.0,0.8735944530079481,0.9807037457434733,0.014975041597337771,0.9606299212598425,795.6254687240659,864,25,9,10,2,0,0,8.0,601,0.49375709421112374,0.48931383577052867,0.49828178694158076,435,454,438,873,889,13,2
legoassemble_004_legoassemble_aria02_rgb,0.8871157467831413,0.9290132113789608,0.8241422487838511,0.8871157467831413,0.8871157467831413,0.8871157467831413,0.8871157467831413,0.8871157467831413,0.8871157467831413,0.8871157467831413,0.8871157467831413,0.8871157467831413,0.8865481669131875,0.8848657962263904,0.8830743352809055,0.8743276541004187,0.8639091601520081,0.8474309920248936,0.8232185309673378,0.7630907460570292,0.655394764975227,0.2804832602913934,0.8287571120019507,0.9952651515151515,0.9952651515151515,0.9952651515151515,0.9952651515151515,0.9952651515151515,0.9952651515151515,0.9952651515151515,0.9952651515151515,0.9952651515151515,0.9933774834437086,0.9877358490566037,0.9858623939679547,0.9765478424015009,0.9654850746268657,0.9455216989843028,0.9137148047229791,0.840174672489083,0.7171964140179299,0.29502151198524895,0.925159163649081,0.7907182794379491,0.7907182794379491,0.7907182794379491,0.7907182794379491,0.7907182794379491,0.7907182794379491,0.7907182794379491,0.7907182794379491,0.7907182794379491,0.791207436605514,0.792709384881801,0.7910031728598027,0.7828073685000714,0.7730197561914545,0.759516452150949,0.7416852022371291,0.693079077226575,0.5989186359013146,0.2666614335147977,0.7424774965795237,0.9971537001897534,0.9971537001897534,0.9971537001897534,0.9971537001897534,0.9971537001897534,0.9971537001897534,0.9971537001897534,0.9971537001897534,0.9971537001897534,0.9962049335863378,0.9933586337760911,0.9924098671726755,0.9876660341555977,0.9819734345351043,0.9715370018975332,0.9544592030360531,0.9127134724857685,0.8349146110056926,0.45540796963946867,0.9502646559472687,0.9981006647673314,0.9981006647673314,0.9981006647673314,0.9981006647673314,0.9981006647673314,0.9981006647673314,0.9981006647673314,0.9981006647673314,0.9981006647673314,0.9971509971509972,0.9943019943019943,0.99335232668566,0.9886039886039886,0.9829059829059829,0.9724596391263058,0.9553656220322887,0.9135802469135802,0.835707502374169,0.45584045584045585,0.9511670915179686,0.7914477173148029,0.7914477173148029,0.7914477173148029,0.7914477173148029,0.7914477173148029,0.7914477173148029,0.7914477173148029,0.7914477173148029,0.7914477173148029,0.7919529473548181,0.7934972593879014,0.7925499142344912,0.78796154118577,0.7824277907623166,0.7751768345548964,0.7659934497753936,0.738551316143123,0.6779801987701368,0.3882849640086995,0.7588108248426723,0.9981134338259904,0.9981134338259904,0.9981134338259904,0.9981134338259904,0.9981134338259904,0.9981134338259904,0.9981134338259904,0.9981134338259904,0.9981134338259904,0.997201900067161,0.9946279158608785,0.9936686962752446,0.9888838493315639,0.9831483497215772,0.9727322425134194,0.9557646778701957,0.914698144618528,0.8374104867172536,0.46381681578295303,0.9518407359575098,0.9290132113789608,0.9290132113789608,0.9290132113789608,0.9290132113789608,0.9290132113789608,0.9290132113789608,0.9290132113789608,0.9290132113789608,0.9290132113789608,0.9294556391894016,0.9305960546690437,0.9309454722532237,0.932402224220904,0.9338544032222026,0.9361212711539122,0.9389538723885985,0.9442414395194973,0.950342928882686,0.9670170566646322,0.9344762770828815,0.8879570136832223,0.8879570136832223,0.8879570136832223,0.8879570136832223,0.8879570136832223,0.8879570136832223,0.8879570136832223,0.8879570136832223,0.8879570136832223,0.8878089613405649,0.88738081540434,0.8860018926113882,0.8792907648521308,0.8712547646646253,0.8590100912181324,0.841372846620857,0.7953506216020073,0.7071392507261961,0.34848205408331173,0.8397213255932925,1051.0,1051.0,1051.0,1051.0,1051.0,1051.0,1051.0,1051.0,1051.0,1050.0,1047.0,1046.0,1041.0,1035.0,1024.0,1006.0,962.0,880.0,480.0,1001.578947368421,3.0,3.0,3.0,3.0,3.0,3.0,3.0,3.0,3.0,4.0,7.0,8.0,13.0,19.0,30.0,48.0,92.0,174.0,574.0,52.421052631578945,2.0,2.0,2.0,2.0,2.0,2.0,2.0,2.0,2.0,3.0,6.0,7.0,12.0,18.0,29.0,47.0,91.0,173.0,573.0,51.421052631578945,0.99146110056926,0.9294556391894016,0.9933586337760911,0.9962049335863378,0.9971509971509972,1.0,0.0,0.0,0.9211844602930471,0.9966777408637874,0.004991680532445923,0.9930730265695786,975.9284211488716,1050,4,3,2,2,0,0,3.0,601,0.8808732795443759,0.8804554079696395,0.8812915479582146,928,126,125,1053,1054,4,2
legoassemble_005_legoassemble_aria01_rgb,0.6781217262147236,0.8768473623233605,0.5946092469655444,0.6781217262147236,0.6781217262147236,0.6781217262147236,0.6776016555665213,0.676583394390619,0.6717778144360169,0.6717778144360169,0.6701727804695269,0.6688690125526738,0.6632759533641939,0.6568134341654684,0.6516502228402691,0.6397660021725851,0.6206471747116175,0.5800087943683171,0.5307798079624214,0.4518504396183834,0.3487959576832878,0.16255108001299215,0.5988045535471096,0.9677871148459384,0.9677871148459384,0.9677871148459384,0.965034965034965,0.9595536959553695,0.9541029207232267,0.9541029207232267,0.9486823855755895,0.9432918395573997,0.9272976680384087,0.9115646258503401,0.9012178619756428,0.8733333333333333,0.8342036553524804,0.7695214105793451,0.6948130277442702,0.5680803571428571,0.3924677898909812,0.16791354945968412,0.8246601763934176,0.47515519530102407,0.47515519530102407,0.47515519530102407,0.4757796559317983,0.47706042037529006,0.47299449793775855,0.47299449793775855,0.4734266836943086,0.4742813805779409,0.474426934817826,0.4732565032323485,0.47119351584628194,0.46866473763651767,0.46176124140183866,0.4371680851495965,0.4054719662572536,0.35940130162251555,0.30998370625522154,0.15735986582627914,0.4363521358107162,0.9718706047819972,0.9718706047819972,0.9718706047819972,0.9704641350210971,0.9676511954992968,0.9648382559774965,0.9648382559774965,0.9620253164556962,0.9592123769338959,0.9507735583684951,0.9423347398030942,0.9367088607594937,0.9212376933895922,0.8987341772151899,0.8593530239099859,0.810126582278481,0.7158931082981715,0.5569620253164557,0.2841068917018284,0.8726774742764084,0.9956772334293948,0.9956772334293948,0.9956772334293948,0.9942363112391931,0.9913544668587896,0.9884726224783862,0.9884726224783862,0.9855907780979827,0.9827089337175793,0.9740634005763689,0.9654178674351584,0.9596541786743515,0.9438040345821326,0.920749279538905,0.8804034582132565,0.829971181556196,0.7334293948126801,0.5706051873198847,0.2910662824207493,0.8940543000151676,0.4751972350251342,0.4751972350251342,0.4751972350251342,0.47582236196122457,0.47710356731780296,0.47443344964368783,0.47443344964368783,0.47493151947524404,0.47581837255322706,0.476581285199336,0.4764675765375093,0.4753983765537039,0.4750383530351977,0.4721067653803134,0.4567436814862593,0.43412162831423634,0.39921815255790855,0.358888413445538,0.21225697666043883,0.4481555597284589,0.9903212688558438,0.9903212688558438,0.9903212688558438,0.9890391257672291,0.9875537743886454,0.9846246365238441,0.9846246365238441,0.981872293572376,0.9792395741117975,0.9727961248430756,0.9676359145475527,0.9624375120244718,0.9535446062620236,0.9409131348962145,0.9112201415302598,0.8701810290813422,0.794321815137489,0.6828786457214494,0.4119461299340573,0.9129364684964844,0.8768473623233605,0.8768473623233605,0.8768473623233605,0.8778652919392728,0.8797599158109601,0.8815335725128786,0.8815335725128786,0.88306689078239,0.8844224806971324,0.8880344405693321,0.8912545240758284,0.8931688996503426,0.8977403097571681,0.9032643122909426,0.9111788963537739,0.9195293506876051,0.9317994154542761,0.947467718894716,0.9655481643604488,0.8983005180694752,0.6795508568330366,0.6795508568330366,0.6795508568330366,0.6795050347528617,0.6794321791772499,0.6755465834990348,0.6755465834990348,0.6748692134032994,0.6744898593749623,0.6716193750947054,0.6678068911246554,0.6643576908756541,0.6570780941968039,0.6442054092920566,0.6129288016811121,0.5731349040441739,0.5072404902459496,0.41551071328066796,0.21144035177449202,0.6170191971482012,691.0,691.0,691.0,690.0,688.0,686.0,686.0,684.0,682.0,676.0,670.0,666.0,655.0,639.0,611.0,576.0,509.0,396.0,202.0,620.4736842105264,20.0,20.0,20.0,21.0,23.0,25.0,25.0,27.0,29.0,35.0,41.0,45.0,56.0,72.0,100.0,135.0,202.0,315.0,509.0,90.52631578947368,3.0,3.0,3.0,4.0,6.0,8.0,8.0,10.0,12.0,18.0,24.0,28.0,39.0,55.0,83.0,118.0,185.0,298.0,492.0,73.52631578947368,0.929676511954993,0.8871937134416816,0.9507735583684951,0.9634317862165963,0.9870317002881844,1.0,0.0,0.0,0.820995349799651,0.9750889679715302,0.02425876010781671,0.9491194215765743,607.7276937075519,685,26,9,15,2,0,0,12.0,371,0.6533807829181495,0.6455696202531646,0.6613832853025937,459,252,235,694,711,14,2
legoassemble_005_legoassemble_aria03_rgb,0.6192673083671931,0.8974378854226835,0.5557539437324507,0.6192673083671931,0.6192673083671931,0.6192673083671931,0.6192673083671931,0.6192673083671931,0.6176138882969133,0.6176138882969133,0.6176138882969133,0.6176138882969133,0.6155738672800513,0.6097524433301017,0.594597554364513,0.5816227442468922,0.5766469265365304,0.564291982832439,0.5480352128440217,0.4717051433188216,0.34616870679095363,0.1352838648503774,0.5584458179693852,0.9422750424448217,0.9422750424448217,0.9422750424448217,0.9422750424448217,0.9422750424448217,0.9389830508474576,0.9389830508474576,0.9389830508474576,0.9389830508474576,0.9357021996615905,0.9226890756302522,0.8971807628524047,0.8754098360655738,0.8631921824104235,0.8362760834670947,0.7987421383647799,0.6555716353111433,0.4426229508196721,0.16973415132924335,0.8349699174487428,0.4069852027676993,0.4069852027676993,0.4069852027676993,0.4069852027676993,0.4069852027676993,0.40623407916997645,0.40623407916997645,0.40623407916997645,0.40623407916997645,0.4049698570925277,0.4029505192668163,0.3940635670031882,0.3864304497030418,0.3852232268316837,0.3807659314718341,0.376019468725998,0.3394072138704197,0.27073330323113315,0.10782582023433956,0.3741185098920729,0.9585492227979274,0.9585492227979274,0.9585492227979274,0.9585492227979274,0.9585492227979274,0.9568221070811744,0.9568221070811744,0.9568221070811744,0.9568221070811744,0.9550949913644214,0.9481865284974094,0.9343696027633851,0.9222797927461139,0.9153713298791019,0.8998272884283247,0.8773747841105354,0.7823834196891192,0.6062176165803109,0.2867012089810017,0.881465321334424,0.9823008849557522,0.9823008849557522,0.9823008849557522,0.9823008849557522,0.9823008849557522,0.9805309734513274,0.9805309734513274,0.9805309734513274,0.9805309734513274,0.9787610619469026,0.9716814159292035,0.9575221238938053,0.9451327433628318,0.9380530973451328,0.9221238938053097,0.8991150442477877,0.8017699115044248,0.6212389380530974,0.2938053097345133,0.903306939916162,0.41392739144373125,0.41392739144373125,0.41392739144373125,0.41392739144373125,0.41392739144373125,0.4133653314247212,0.4133653314247212,0.4133653314247212,0.4133653314247212,0.4124440399694805,0.4111494722695123,0.4048827650454993,0.39969366994960004,0.3989744591057947,0.3961530044590524,0.39312567546703725,0.36639734137461705,0.3138511814982403,0.14172047667795362,0.38744686151233304,0.9463601167137214,0.9463601167137214,0.9463601167137214,0.9463601167137214,0.9463601167137214,0.9447800710284454,0.9447800710284454,0.9447800710284454,0.9447800710284454,0.9430446668192274,0.9392004678944311,0.928633817809393,0.9157388802717525,0.9088204760302157,0.8996462496130155,0.8815277857351993,0.8000492044301548,0.6682426594093176,0.3646321270279235,0.8821293264591062,0.8974378854226835,0.8974378854226835,0.8974378854226835,0.8974378854226835,0.8974378854226835,0.898580216912985,0.898580216912985,0.898580216912985,0.898580216912985,0.8993273683204619,0.9020866269840216,0.906863351896639,0.9106911666174808,0.9123742269434323,0.9155518134909926,0.9193447211670635,0.930483445211904,0.9456193219650891,0.9668383757283471,0.9100363533205676,0.6245921467671804,0.6245921467671804,0.6245921467671804,0.6245921467671804,0.6245921467671804,0.6234530837196954,0.6234530837196954,0.6234530837196954,0.6234530837196954,0.6219201573856878,0.6181199349801226,0.6067956975492588,0.5969899455291596,0.5938200884487129,0.5853405638106638,0.5743779245364768,0.5153121157658679,0.40512133714936827,0.1758231868115048,0.574231264246395,555.0,555.0,555.0,555.0,555.0,554.0,554.0,554.0,554.0,553.0,549.0,541.0,534.0,530.0,521.0,508.0,453.0,351.0,166.0,510.36842105263156,24.0,24.0,24.0,24.0,24.0,25.0,25.0,25.0,25.0,26.0,30.0,38.0,45.0,49.0,58.0,71.0,126.0,228.0,413.0,68.63157894736842,10.0,10.0,10.0,10.0,10.0,11.0,11.0,11.0,11.0,12.0,16.0,24.0,31.0,35.0,44.0,57.0,112.0,214.0,399.0,54.63157894736842,0.924006908462867,0.8993273683204619,0.9343696027633851,0.9550949913644214,0.9787610619469026,1.0,0.0,0.0,0.827854982178265,0.9667832167832168,0.03234501347708895,0.9330256455088365,497.32803468121546,553,26,12,6,2,0,0,5.0,371,0.5384615384615384,0.531951640759931,0.5451327433628319,308,271,257,565,579,7,2
tagging_001_tagging_aria01_rgb,0.37121575704642445,0.8952424981363455,0.3323281216858157,0.37121575704642445,0.37121575704642445,0.37121575704642445,0.37079143607941323,0.37066848005053443,0.37048995940409213,0.37048995940409213,0.3703678272192101,0.3700947585314606,0.3699693842813068,0.3669865899621045,0.3622176856298316,0.35411975653017047,0.3464334660300145,0.3350323507407873,0.31320413105483796,0.2877053923871002,0.22449155407293575,0.1060916771778867,0.3369895620892132,0.9427844882390337,0.9427844882390337,0.9427844882390337,0.9415501905972046,0.9403174603174603,0.9390862944162437,0.9390862944162437,0.937856689917565,0.935402153261558,0.9341772151898734,0.9232221522970422,0.9040498442367602,0.8748466257668711,0.8442969221484611,0.8008249852681202,0.7304643261608154,0.6509994597514857,0.4650047938638543,0.18220502901353966,0.8300917842810631,0.1461639855116198,0.1461639855116198,0.1461639855116198,0.14602120040210395,0.14611567678067736,0.14616634364211584,0.14616634364211584,0.14626150126533266,0.1464291372591703,0.146521819500456,0.1458794688547307,0.14512656865042423,0.14334032763178764,0.14214921698419458,0.14016380371213966,0.13429379669421337,0.12714971044709286,0.10837836193326876,0.06177350881780839,0.13739098646065745,0.9617380025940337,0.9617380025940337,0.9617380025940337,0.9610894941634242,0.9604409857328146,0.959792477302205,0.959792477302205,0.9591439688715954,0.9578469520103762,0.9571984435797666,0.9513618677042801,0.9409857328145266,0.9247730220492867,0.9072632944228275,0.8813229571984436,0.8365758754863813,0.7814526588845655,0.62905317769131,0.30544747081712065,0.8820397296743806,0.9795244385733157,0.9795244385733157,0.9795244385733157,0.9788639365918098,0.9782034346103038,0.9775429326287979,0.9775429326287979,0.976882430647292,0.97556142668428,0.9749009247027741,0.9689564068692206,0.9583883751651255,0.9418758256274768,0.9240422721268163,0.8976221928665786,0.8520475561426685,0.7959048877146632,0.6406869220607662,0.31109643328929987,0.8983522213724536,0.14797947533648526,0.14797947533648526,0.14797947533648526,0.1478561254960817,0.14795184363552835,0.1479992442991469,0.1479992442991469,0.1480954330122178,0.14826569395932002,0.14835925974003364,0.14785919957323646,0.14727385779494,0.14573104173359058,0.144625029451808,0.1427685841548941,0.13765449380867648,0.13153248984400515,0.11473676106157188,0.0690631881719474,0.1400899955813474,0.9178258475302352,0.9178258475302352,0.9178258475302352,0.9171033914576331,0.9167098083323513,0.9169829230677108,0.9169829230677108,0.9175395376201568,0.9165025791967134,0.917014240617185,0.9149380900093351,0.9045972019223021,0.8916556374059784,0.8830066128426104,0.8688708929772072,0.8319720740456411,0.784597029404096,0.6521098255188154,0.3814904941026816,0.8571342528515175,0.8952424981363455,0.8952424981363455,0.8952424981363455,0.8957424868315156,0.8961943048186335,0.8966144172560757,0.8966144172560757,0.8969761673930206,0.8976054465633676,0.8979047030703554,0.9002004990340624,0.9037780666360306,0.9086455498316467,0.9130947326638023,0.918608133449712,0.9263070148992615,0.9332070104210213,0.9465451948713447,0.9658819278503807,0.9094551351187022,0.37492860584000326,0.37492860584000326,0.37492860584000326,0.37461906202380313,0.37461378063046624,0.37455220872726375,0.37455220872726375,0.37454750942537185,0.37450861513349104,0.3745002771378307,0.37253746650416913,0.3695430023047076,0.3640841495665296,0.35911943264143437,0.35146774813596354,0.3351819663136006,0.3152165593766979,0.26110486967328206,0.13736288447720757,0.3480156609641628,1483.0,1483.0,1483.0,1482.0,1481.0,1480.0,1480.0,1479.0,1477.0,1476.0,1467.0,1451.0,1426.0,1399.0,1359.0,1290.0,1205.0,970.0,471.0,1360.1052631578948,59.0,59.0,59.0,60.0,61.0,62.0,62.0,63.0,65.0,66.0,75.0,91.0,116.0,143.0,183.0,252.0,337.0,572.0,1071.0,181.89473684210526,31.0,31.0,31.0,32.0,33.0,34.0,34.0,35.0,37.0,38.0,47.0,63.0,88.0,115.0,155.0,224.0,309.0,544.0,1043.0,153.89473684210526,0.9111543450064851,0.8991327954261414,0.9325551232166018,0.9571984435797666,0.9749009247027741,1.0,0.0,0.0,0.8146044137801458,0.9659685863874345,0.0632279534109817,0.9315703541245928,1327.1200060489848,1476,66,38,33,3,0,0,30.0,601,0.21924083769633507,0.2172503242542153,0.2212681638044914,335,1207,1179,1514,1542,32,3
tagging_001_tagging_aria02_rgb,0.5506250730711872,0.9044812304269836,0.49803004359537517,0.5506250730711872,0.5506250730711872,0.5496507751584709,0.5494577277387346,0.5489331463593135,0.5476336026755502,0.5476336026755502,0.5472670863684505,0.5462179151132799,0.5449764675714648,0.5427746129857983,0.5384924879588954,0.5342827683329134,0.5231246700818862,0.509677075891511,0.48890449260164026,0.4495256814451158,0.35479569470550243,0.14567309113623256,0.5036984760496149,0.9763157894736842,0.9763157894736842,0.9750164365548981,0.973718791064389,0.9711286089238845,0.9685452162516383,0.9685452162516383,0.9672560576293385,0.9633986928104575,0.9608355091383812,0.9557291666666666,0.9468567725210628,0.9368149580915538,0.910941475826972,0.8716510903426792,0.8228155339805825,0.7324106113033448,0.5310907237512742,0.17711598746081506,0.8729738119745761,0.31054293535301103,0.31054293535301103,0.3098573145082538,0.31005234503259105,0.3102859872554254,0.3096422941822517,0.3096422941822517,0.30964010146006726,0.3096890342671426,0.30910530198140024,0.3082508003071476,0.30624923220022765,0.30471127096327194,0.3004138330619412,0.2980214498294212,0.2904996235665479,0.2759017075395735,0.2370216223933022,0.11981216255748765,0.29157274978917513,0.9906542056074766,0.9906542056074766,0.9899866488651535,0.9893190921228304,0.9879839786381842,0.986648865153538,0.986648865153538,0.985981308411215,0.9839786381842457,0.9826435246995995,0.9799732977303071,0.9753004005340454,0.9699599465954606,0.9559412550066756,0.9339118825100133,0.9052069425901201,0.8477970627503337,0.6955941255006676,0.30173564753004006,0.9178905206942592,0.9853917662682603,0.9853917662682603,0.9847277556440903,0.9840637450199203,0.9827357237715804,0.9814077025232404,0.9814077025232404,0.9807436918990704,0.9787516600265604,0.9774236387782205,0.9747675962815405,0.9701195219123506,0.9648074369189907,0.950863213811421,0.9289508632138114,0.900398406374502,0.8432934926958832,0.6918990703851262,0.300132802124834,0.9130146082337318,0.31116565226642606,0.31116565226642606,0.31066601780934106,0.3108616512038218,0.3111062488569027,0.3106556556292468,0.3106556556292468,0.3106678620798349,0.31075219808970406,0.31035416764729523,0.3097238676916975,0.30825960245712514,0.30714621806467374,0.3041237658060509,0.30272929455525316,0.2971069088682563,0.2861824955805144,0.2554444277247819,0.14815876348848087,0.29615400556395155,0.9867076411912008,0.9867076411912008,0.9860268391985197,0.9854775995488562,0.9845221134490129,0.9831857192387896,0.9831857192387896,0.9825285354645125,0.9806335747159919,0.9793053135468692,0.9766323188951136,0.9720696930379783,0.967555158392538,0.9564560848754864,0.9402289869020816,0.9165386938402899,0.8680358869125085,0.7363278817908938,0.38141517137982617,0.9238705564637083,0.9044812304269836,0.9044812304269836,0.9050072679663561,0.9054914130467241,0.9064054524048446,0.9072647618808825,0.9072647618808825,0.9076123337555434,0.9086075523600602,0.9091895747688672,0.9102493830660016,0.9118480957047995,0.9133938941187865,0.916868300677643,0.921426186997993,0.9259425012264504,0.9325418504245101,0.9440468620484701,0.9650931325768877,0.9161692518820878,0.5546536441141905,0.5546536441141905,0.5538543169610418,0.553841768466588,0.5536764255450037,0.5527279784473159,0.5527279784473159,0.5525390052966203,0.552021189990726,0.5511264133049125,0.5496158233757483,0.5465208128041658,0.5436522124580845,0.5358898922340278,0.5275658946885765,0.5127984751071863,0.4836410417446518,0.4060429141770836,0.19013574217189666,0.5172465880762804,1484.0,1484.0,1483.0,1482.0,1480.0,1478.0,1478.0,1477.0,1474.0,1472.0,1468.0,1461.0,1453.0,1432.0,1399.0,1356.0,1270.0,1042.0,452.0,1375.0,14.0,14.0,15.0,16.0,18.0,20.0,20.0,21.0,24.0,26.0,30.0,37.0,45.0,66.0,99.0,142.0,228.0,456.0,1046.0,123.0,22.0,22.0,23.0,24.0,26.0,28.0,28.0,29.0,32.0,34.0,38.0,45.0,53.0,74.0,107.0,150.0,236.0,464.0,1054.0,131.0,0.9526034712950601,0.9093097358890854,0.9666221628838452,0.985981308411215,0.9807436918990704,1.0,0.0,0.0,0.8631845660268218,0.9833555259653795,0.048252911813643926,0.9657395064788158,1343.050479908179,1477,21,29,21,3,0,0,22.0,601,0.44940079893475365,0.4506008010680908,0.448207171314741,675,823,831,1506,1498,20,3
tagging_001_tagging_aria03_rgb,0.4805027482273592,0.8894180939246995,0.42736783845395765,0.4805027482273592,0.4805027482273592,0.4805027482273592,0.4805027482273592,0.4805027482273592,0.4805027482273592,0.4805027482273592,0.4805027482273592,0.4784207724447078,0.47668049548061725,0.4754406368646245,0.47014050526806267,0.46855981561837273,0.4558271535397797,0.43138404368185773,0.3919536554065183,0.32311175259489566,0.22867472577445402,0.07853850958262125,0.42751337116186233,0.9934426229508196,0.9934426229508196,0.9934426229508196,0.9934426229508196,0.9934426229508196,0.9934426229508196,0.9934426229508196,0.9934426229508196,0.9869281045751634,0.9804560260586319,0.9761646803900325,0.9655172413793104,0.9612903225806452,0.9260823653643083,0.8688524590163934,0.7657308809293321,0.6170212765957447,0.40415704387990764,0.1259259259259259,0.8697719637001029,0.23240687053294953,0.23240687053294953,0.23240687053294953,0.23240687053294953,0.23240687053294953,0.23240687053294953,0.23240687053294953,0.23240687053294953,0.23191804392389673,0.23175368270729418,0.2315631816262012,0.22892609807562744,0.22838917198597403,0.22436275829789792,0.21418158078758429,0.20062880029088145,0.16920195238801441,0.12938567074327667,0.04898353887100184,0.21044997073480243,0.9934426229508196,0.9934426229508196,0.9934426229508196,0.9934426229508196,0.9934426229508196,0.9934426229508196,0.9934426229508196,0.9934426229508196,0.9901639344262295,0.9868852459016394,0.9846994535519126,0.9792349726775956,0.9770491803278688,0.9584699453551913,0.926775956284153,0.8644808743169399,0.760655737704918,0.5737704918032787,0.22295081967213115,0.903825136612022,1.0,1.0,1.0,1.0,1.0,1.0,1.0,1.0,0.9966996699669967,0.9933993399339934,0.9911991199119912,0.9856985698569857,0.9834983498349835,0.9647964796479648,0.9328932893289329,0.8701870187018702,0.7656765676567657,0.5775577557755776,0.22442244224422442,0.9097909790979097,0.23240687053294953,0.23240687053294953,0.23240687053294953,0.23240687053294953,0.23240687053294953,0.23240687053294953,0.23240687053294953,0.23240687053294953,0.23202816472504414,0.2319482071079357,0.23180716428644743,0.22971258486225657,0.22929830937979587,0.22628388054409598,0.21803142512056842,0.20723102008498998,0.1797375800955321,0.14319894668286584,0.05657346145263645,0.21290030045293498,1.0,1.0,1.0,1.0,1.0,1.0,1.0,1.0,0.996788672278586,0.9936386951968567,0.9914625792713644,0.9860679285393851,0.983949301120665,0.9666931276407447,0.9407174433073914,0.8935993113588014,0.8139754231495506,0.6670909529988269,0.35621981443657647,0.9258001710157236,0.8894180939246995,0.8894180939246995,0.8894180939246995,0.8894180939246995,0.8894180939246995,0.8894180939246995,0.8894180939246995,0.8894180939246995,0.890895368205719,0.8922584048062225,0.8930477445125791,0.8948089084885593,0.8953980131341093,0.8995859060047345,0.905366359725683,0.914509492245975,0.9267286429227027,0.942482078976074,0.9651188179484382,0.9018707625457051,0.4805027482273592,0.4805027482273592,0.4805027482273592,0.4805027482273592,0.4805027482273592,0.4805027482273592,0.4805027482273592,0.4805027482273592,0.4792044269788424,0.4782408286075108,0.4775145426163088,0.4734685220733007,0.47238485717120166,0.46372940459445333,0.44553152453318606,0.41646099539887277,0.35875400473697505,0.2724659243550777,0.10450320637057772,0.4361200117502727,909.0,909.0,909.0,909.0,909.0,909.0,909.0,909.0,906.0,903.0,901.0,896.0,894.0,877.0,848.0,791.0,696.0,525.0,204.0,827.0,6.0,6.0,6.0,6.0,6.0,6.0,6.0,6.0,9.0,12.0,14.0,19.0,21.0,38.0,67.0,124.0,219.0,390.0,711.0,88.0,0.0,0.0,0.0,0.0,0.0,0.0,0.0,0.0,3.0,6.0,8.0,13.0,15.0,32.0,61.0,118.0,213.0,384.0,705.0,82.0,0.9595628415300547,0.8922584048062225,0.980327868852459,0.9868852459016394,0.9933993399339934,1.0,0.0,0.0,0.8532342508634086,0.9901315789473685,0.009983361064891847,0.9789303239333849,805.709339540019,903,12,6,19,3,0,0,21.0,601,0.3782894736842105,0.3770491803278688,0.3795379537953795,345,570,564,909,915,22,3
tagging_001_tagging_aria04_rgb,0.5367468434342542,0.8817914718494323,0.4732987890824278,0.5367468434342542,0.5367468434342542,0.5367468434342542,0.5367468434342542,0.5365305077254631,0.5365305077254631,0.5359221842681511,0.5359221842681511,0.5349727017153513,0.5329634160585567,0.5298313997357483,0.522100941943973,0.5166891479453467,0.5034603227926409,0.4831159329525959,0.44822597320097435,0.38064815769281285,0.27257223113923457,0.07631775786433936,0.4785679337245168,0.9827338129496402,0.9827338129496402,0.9827338129496402,0.9827338129496402,0.9813084112149533,0.9813084112149533,0.9798850574712644,0.9798850574712644,0.9770444763271162,0.9685714285714285,0.9629629629629629,0.9394792399718508,0.9245810055865922,0.8928571428571429,0.8385590393595731,0.7454084863837872,0.59675550405562,0.37662337662337664,0.09888357256778309,0.8513183381283279,0.293158910521174,0.293158910521174,0.293158910521174,0.293158910521174,0.2933481283052887,0.2933481283052887,0.29310844716005763,0.29310844716005763,0.29291992177928594,0.2932669646014223,0.29151828569001703,0.290149459382361,0.2887444950646732,0.2838889722216465,0.27833580429937393,0.2695254034826217,0.24280131305069275,0.19726768384458493,0.05890159522146513,0.27015098377123864,0.9855699855699855,0.9855699855699855,0.9855699855699855,0.9855699855699855,0.9848484848484849,0.9848484848484849,0.9841269841269841,0.9841269841269841,0.9826839826839827,0.9783549783549783,0.9754689754689755,0.9632034632034632,0.9552669552669553,0.937950937950938,0.9069264069264069,0.8492063492063492,0.7431457431457431,0.5440115440115441,0.17893217893217894,0.8892306523885471,0.997080291970803,0.997080291970803,0.997080291970803,0.997080291970803,0.9963503649635036,0.9963503649635036,0.9956204379562044,0.9956204379562044,0.9941605839416059,0.9897810218978103,0.9868613138686131,0.9744525547445255,0.9664233576642336,0.948905109489051,0.9175182481751825,0.8591240875912409,0.7518248175182481,0.5503649635036496,0.181021897810219,0.8996158278908951,0.29334037914382116,0.29334037914382116,0.29334037914382116,0.29334037914382116,0.29352891799412073,0.29352891799412073,0.29334283326768795,0.29334283326768795,0.29321499910613497,0.2936402783554594,0.2923164674319074,0.29146238620427256,0.29054384727404037,0.2868722716054769,0.2827863618209341,0.27629779147931327,0.2557082490817497,0.21944024382079483,0.07772780113804245,0.27405872191668573,0.9876738941899995,0.9876738941899995,0.9876738941899995,0.9876738941899995,0.9879484514562147,0.9879484514562147,0.9872215426561132,0.9872215426561132,0.9857715302502965,0.9823823475990859,0.9794771282639961,0.9689261733066208,0.9628807721301784,0.9459204748559141,0.9186426937513102,0.8679831943108238,0.7736101303320456,0.6005740210063528,0.21045062674922752,0.8998765609231846,0.8817914718494323,0.8817914718494323,0.8817914718494323,0.8817914718494323,0.8822605384289367,0.8822605384289367,0.8826789818825324,0.8826789818825324,0.8833584470455622,0.885124386807885,0.8861490269663379,0.890139363027103,0.892340432928988,0.8963562685925749,0.9021417543148393,0.910532358906997,0.9223271160977364,0.9386886029185684,0.9637199313756929,0.8962064535264712,0.5375208118873781,0.5375208118873781,0.5375208118873781,0.5375208118873781,0.5374974043608048,0.5374974043608048,0.5370809362896536,0.5370809362896536,0.5365144129858483,0.5356483872885782,0.5332607649851178,0.5286520255552821,0.525193368818119,0.5160173715769859,0.5024242140982088,0.4784168516156652,0.4247784860651717,0.3275910518800441,0.10266153503410114,0.49002096835545,1366.0,1366.0,1366.0,1366.0,1365.0,1365.0,1364.0,1364.0,1362.0,1356.0,1352.0,1335.0,1324.0,1300.0,1257.0,1177.0,1030.0,754.0,248.0,1232.4736842105262,20.0,20.0,20.0,20.0,21.0,21.0,22.0,22.0,24.0,30.0,34.0,51.0,62.0,86.0,129.0,209.0,356.0,632.0,1138.0,153.52631578947367,4.0,4.0,4.0,4.0,5.0,5.0,6.0,6.0,8.0,14.0,18.0,35.0,46.0,70.0,113.0,193.0,340.0,616.0,1122.0,137.52631578947367,0.9574314574314574,0.885124386807885,0.9682539682539683,0.9783549783549783,0.9897810218978103,1.0,0.0,0.0,0.8450423293733709,0.9840348330914369,0.02329450915141431,0.9674054175620088,1200.228668511492,1356,30,14,15,3,0,0,21.0,601,0.42017416545718433,0.41774891774891776,0.4226277372262774,579,807,791,1370,1386,17,3
tagging_002_tagging_aria01_rgb,0.6357949057753671,0.9139642964509068,0.581093843744054,0.6357949057753671,0.6357949057753671,0.6357949057753671,0.6357949057753671,0.6357949057753671,0.6357949057753671,0.6357949057753671,0.6357949057753671,0.6357949057753671,0.6329343144930818,0.6329343144930818,0.6329343144930818,0.6329343144930818,0.6329343144930818,0.628378963750172,0.597019253641432,0.5447850030241037,0.3562685040859012,0.09812771807540102,0.5848107982642486,0.9859154929577465,0.9859154929577465,0.9859154929577465,0.9859154929577465,0.9859154929577465,0.9859154929577465,0.9859154929577465,0.9859154929577465,0.9859154929577465,0.9789473684210527,0.9789473684210527,0.9789473684210527,0.9789473684210527,0.9789473684210527,0.972027972027972,0.9183673469387755,0.8076923076923077,0.5120643431635389,0.13709677419354838,0.9008013169863748,0.41000995024147807,0.41000995024147807,0.41000995024147807,0.41000995024147807,0.41000995024147807,0.41000995024147807,0.41000995024147807,0.41000995024147807,0.41000995024147807,0.40922102595665155,0.40922102595665155,0.40922102595665155,0.40922102595665155,0.40922102595665155,0.4062230032947829,0.38811483270466796,0.36745515178663285,0.24787362896515686,0.07023541663417575,0.3797945639653671,0.9893992932862191,0.9893992932862191,0.9893992932862191,0.9893992932862191,0.9893992932862191,0.9893992932862191,0.9893992932862191,0.9893992932862191,0.9893992932862191,0.9858657243816255,0.9858657243816255,0.9858657243816255,0.9858657243816255,0.9858657243816255,0.9823321554770318,0.9540636042402827,0.8904593639575972,0.6749116607773852,0.24028268551236748,0.9250511437604615,0.99644128113879,0.99644128113879,0.99644128113879,0.99644128113879,0.99644128113879,0.99644128113879,0.99644128113879,0.99644128113879,0.99644128113879,0.9928825622775801,0.9928825622775801,0.9928825622775801,0.9928825622775801,0.9928825622775801,0.9893238434163701,0.9608540925266904,0.896797153024911,0.6797153024911032,0.24199288256227758,0.9316351376662296,0.41321568732354497,0.41321568732354497,0.41321568732354497,0.41321568732354497,0.41321568732354497,0.41321568732354497,0.41321568732354497,0.41321568732354497,0.41321568732354497,0.41270550858436206,0.41270550858436206,0.41270550858436206,0.41270550858436206,0.41270550858436206,0.4105929384713562,0.398610075874937,0.3851633018756114,0.2920951595363762,0.09107483547687266,0.38736868631941407,0.9965062111801242,0.9965062111801242,0.9965062111801242,0.9965062111801242,0.9965062111801242,0.9965062111801242,0.9965062111801242,0.9965062111801242,0.9965062111801242,0.9930037810749407,0.9930037810749407,0.9930037810749407,0.9930037810749407,0.9930037810749407,0.9894520243275027,0.963203011460586,0.9053051707372738,0.6989566437794789,0.2791164796830437,0.9352425334728266,0.9139642964509068,0.9139642964509068,0.9139642964509068,0.9139642964509068,0.9139642964509068,0.9139642964509068,0.9139642964509068,0.9139642964509068,0.9139642964509068,0.9155327373446309,0.9155327373446309,0.9155327373446309,0.9155327373446309,0.9155327373446309,0.9162987840709048,0.9202065038772401,0.9264606460737923,0.9417635766904223,0.964400382182032,0.9196038025092478,0.6369172277535255,0.6369172277535255,0.6369172277535255,0.6369172277535255,0.6369172277535255,0.6369172277535255,0.6369172277535255,0.6369172277535255,0.6369172277535255,0.6351668939632686,0.6351668939632686,0.6351668939632686,0.6351668939632686,0.6351668939632686,0.6317008140179317,0.6085114922081011,0.5720173780077555,0.409014428336937,0.12990902403967075,0.5925917187478141,280.0,280.0,280.0,280.0,280.0,280.0,280.0,280.0,280.0,279.0,279.0,279.0,279.0,279.0,278.0,270.0,252.0,191.0,68.0,261.7894736842105,3.0,3.0,3.0,3.0,3.0,3.0,3.0,3.0,3.0,4.0,4.0,4.0,4.0,4.0,5.0,13.0,31.0,92.0,215.0,21.210526315789473,1.0,1.0,1.0,1.0,1.0,1.0,1.0,1.0,1.0,2.0,2.0,2.0,2.0,2.0,3.0,11.0,29.0,90.0,213.0,19.210526315789473,0.950530035335689,0.9155327373446309,0.9787985865724381,0.9858657243816255,0.9928825622775801,1.0,0.0,0.0,0.8672566562514206,0.9893617021276596,0.00909090909090909,0.9756074558763537,255.43363371915203,279,4,2,8,3,0,0,9.0,220,0.5283687943262412,0.5265017667844523,0.5302491103202847,149,134,132,281,283,11,3
tagging_002_tagging_aria02_rgb,0.8348730333739127,0.9101955847333925,0.7598977487899096,0.8348730333739127,0.8348730333739127,0.8348730333739127,0.8348730333739127,0.8348730333739127,0.8348730333739127,0.8340163814885702,0.8331750826920677,0.8331750826920677,0.8300907078466979,0.8277814771370361,0.8224676932852164,0.8138761231193906,0.8058396851469725,0.7750962539240751,0.7403607385507673,0.6518412759559099,0.5227281780661007,0.22937582503828516,0.7646875107992965,0.9883527454242929,0.9883527454242929,0.9883527454242929,0.9883527454242929,0.9883527454242929,0.9883527454242929,0.9850498338870431,0.9817578772802653,0.9817578772802653,0.9784768211920529,0.971947194719472,0.9622331691297209,0.9494290375203915,0.9367909238249594,0.8818897637795275,0.827217125382263,0.7219020172910663,0.5703022339027596,0.24091381100726894,0.8905149557233056,0.7052269395535858,0.7052269395535858,0.7052269395535858,0.7052269395535858,0.7052269395535858,0.7052269395535858,0.706140238455237,0.7070793466327993,0.7070793466327993,0.704207364272543,0.7049993843430408,0.7030033137495291,0.6976765167345357,0.6931937336736076,0.6812350335855898,0.6626241241489542,0.5885799441789243,0.47912270354335523,0.21839042308125098,0.6570891110712465,0.99,0.99,0.99,0.99,0.99,0.99,0.9883333333333333,0.9866666666666667,0.9866666666666667,0.985,0.9816666666666667,0.9766666666666667,0.97,0.9633333333333334,0.9333333333333333,0.9016666666666666,0.835,0.7233333333333334,0.38666666666666666,0.9241228070175439,0.9983193277310924,0.9983193277310924,0.9983193277310924,0.9983193277310924,0.9983193277310924,0.9983193277310924,0.9966386554621849,0.9949579831932773,0.9949579831932773,0.9932773109243698,0.9899159663865547,0.984873949579832,0.9781512605042016,0.9714285714285714,0.9411764705882353,0.9092436974789916,0.8420168067226891,0.7294117647058823,0.3899159663865546,0.931888544891641,0.706886543187913,0.706886543187913,0.706886543187913,0.706886543187913,0.706886543187913,0.706886543187913,0.7078123303824254,0.7087610018350826,0.7087610018350826,0.7070938226047855,0.7080656440272717,0.7074142940688951,0.7046039579955395,0.7024166628354552,0.6979526114699666,0.6876387408396413,0.6415840661634582,0.5660949582676681,0.32338322976390743,0.6743632411166661,0.9983245149911817,0.9983245149911817,0.9983245149911817,0.9983245149911817,0.9983245149911817,0.9983245149911817,0.9967558018148238,0.9954231016731019,0.9954231016731019,0.9937324069958753,0.9904094646237924,0.9855516554304204,0.979094639740388,0.9728298429540362,0.9465566135728486,0.9232580589626586,0.8616708816133609,0.7593795372286362,0.42941093759588767,0.9378654280961063,0.9101955847333925,0.9101955847333925,0.9101955847333925,0.9101955847333925,0.9101955847333925,0.9101955847333925,0.911191084755909,0.9120647390064942,0.9120647390064942,0.912836401441677,0.9141182079093768,0.9158629669285681,0.9178787563453386,0.919607399552277,0.9258684527180202,0.9309741158901672,0.9391586758064472,0.9485101666453333,0.9652036940812346,0.9203427846572471,0.8355684712565751,0.8355684712565751,0.8355684712565751,0.8355684712565751,0.8355684712565751,0.8355684712565751,0.8354052523615465,0.8352554232155746,0.8352554232155746,0.8328530805661073,0.8319100886694938,0.8286132409606869,0.8226458662343716,0.8171760092572318,0.7973828219117112,0.7729593037633398,0.7010451150884669,0.5886980739136944,0.29059300907755914,0.7791159755670952,594.0,594.0,594.0,594.0,594.0,594.0,593.0,592.0,592.0,591.0,589.0,586.0,582.0,578.0,560.0,541.0,501.0,434.0,232.0,554.4736842105264,6.0,6.0,6.0,6.0,6.0,6.0,7.0,8.0,8.0,9.0,11.0,14.0,18.0,22.0,40.0,59.0,99.0,166.0,368.0,45.526315789473685,1.0,1.0,1.0,1.0,1.0,1.0,2.0,3.0,3.0,4.0,6.0,9.0,13.0,17.0,35.0,54.0,94.0,161.0,363.0,40.526315789473685,0.97,0.912836401441677,0.9783333333333334,0.985,0.9932773109243698,1.0,0.0,0.0,0.8841438554200518,0.9891213389121339,0.01818181818181818,0.9771683833261066,539.4863132520311,591,9,4,5,3,0,0,6.0,220,0.7748953974895397,0.7716666666666666,0.7781512605042017,463,137,132,595,600,8,3
tagging_002_tagging_aria03_rgb,0.854540673375975,0.8876756254246386,0.7585549266898104,0.854540673375975,0.854540673375975,0.854540673375975,0.854540673375975,0.854540673375975,0.854540673375975,0.854540673375975,0.854540673375975,0.854540673375975,0.854540673375975,0.854540673375975,0.8486622364802634,0.8345766082475812,0.8292992603950524,0.8063671624793768,0.7282630801853672,0.5882636860588867,0.3330094124375488,0.068237143785144,0.7598224209055235,0.9886104783599089,0.9886104783599089,0.9886104783599089,0.9886104783599089,0.9886104783599089,0.9886104783599089,0.9886104783599089,0.9886104783599089,0.9886104783599089,0.9886104783599089,0.9886104783599089,0.9751131221719457,0.9530201342281879,0.9443207126948775,0.9144736842105263,0.8112033195020747,0.6471698113207547,0.36619718309859156,0.05946601941747573,0.8708252236107069,0.7386526629429645,0.7386526629429645,0.7386526629429645,0.7386526629429645,0.7386526629429645,0.7386526629429645,0.7386526629429645,0.7386526629429645,0.7386526629429645,0.7386526629429645,0.7386526629429645,0.7386092703003148,0.7308535150709257,0.7282878094764379,0.7110406914403332,0.6538029384379537,0.5347192626759821,0.30282938780046553,0.0783019922565396,0.6633486399911349,0.9977011494252873,0.9977011494252873,0.9977011494252873,0.9977011494252873,0.9977011494252873,0.9977011494252873,0.9977011494252873,0.9977011494252873,0.9977011494252873,0.9977011494252873,0.9977011494252873,0.9908045977011494,0.9793103448275862,0.9747126436781609,0.9586206896551724,0.8988505747126436,0.7885057471264367,0.5379310344827586,0.11264367816091954,0.9061101028433151,0.9908675799086758,0.9908675799086758,0.9908675799086758,0.9908675799086758,0.9908675799086758,0.9908675799086758,0.9908675799086758,0.9908675799086758,0.9908675799086758,0.9908675799086758,0.9908675799086758,0.9840182648401826,0.9726027397260274,0.9680365296803652,0.952054794520548,0.8926940639269406,0.7831050228310502,0.5342465753424658,0.11187214611872145,0.8999038692621966,0.7388075953744156,0.7388075953744156,0.7388075953744156,0.7388075953744156,0.7388075953744156,0.7388075953744156,0.7388075953744156,0.7388075953744156,0.7388075953744156,0.7388075953744156,0.7388075953744156,0.7396964340119794,0.7363849200703662,0.7355676032562825,0.7262598579145343,0.6945984015037723,0.6120014528177793,0.4062042895376229,0.13152123764368662,0.6794272497828735,0.9926666075859624,0.9926666075859624,0.9926666075859624,0.9926666075859624,0.9926666075859624,0.9926666075859624,0.9926666075859624,0.9926666075859624,0.9926666075859624,0.9926666075859624,0.9926666075859624,0.9885645771160798,0.979781921937891,0.9765168741654782,0.9626866309557567,0.915133234037148,0.8193565938571729,0.5926285211691097,0.16923868182563356,0.9117494588689397,0.8876756254246386,0.8876756254246386,0.8876756254246386,0.8876756254246386,0.8876756254246386,0.8876756254246386,0.8876756254246386,0.8876756254246386,0.8876756254246386,0.8876756254246386,0.8876756254246386,0.8898115181911075,0.8929150635855418,0.8939368256162895,0.8967159806611678,0.9045200087707038,0.9150908865209472,0.9324275055121192,0.9608927840031218,0.8974074975016855,0.8584606052954585,0.8584606052954585,0.8584606052954585,0.8584606052954585,0.8584606052954585,0.8584606052954585,0.8584606052954585,0.8584606052954585,0.8584606052954585,0.8584606052954585,0.8584606052954585,0.8554633019120358,0.8460096972627215,0.8425386258999379,0.8256017914233368,0.7665971216772013,0.649329817364968,0.4036103639047007,0.09391604982698357,0.7750596540801016,434.0,434.0,434.0,434.0,434.0,434.0,434.0,434.0,434.0,434.0,434.0,431.0,426.0,424.0,417.0,391.0,343.0,234.0,49.0,394.1578947368421,1.0,1.0,1.0,1.0,1.0,1.0,1.0,1.0,1.0,1.0,1.0,4.0,9.0,11.0,18.0,44.0,92.0,201.0,386.0,40.8421052631579,4.0,4.0,4.0,4.0,4.0,4.0,4.0,4.0,4.0,4.0,4.0,7.0,12.0,14.0,21.0,47.0,95.0,204.0,389.0,43.8421052631579,0.9770114942528736,0.8876756254246386,0.9885057471264368,0.9977011494252873,0.9908675799086758,1.0,0.0,0.0,0.864945336630559,0.9942726231386025,0.01818181818181818,0.986898919530262,385.25122143429314,434,1,4,5,3,0,0,3.0,220,0.8407789232531501,0.8436781609195402,0.8378995433789954,367,68,71,438,435,8,3
tagging_002_tagging_aria04_rgb,0.8829981105549517,0.8900490508456403,0.7859116301979285,0.8829981105549517,0.8829981105549517,0.8829981105549517,0.8779079284198102,0.8770569530384381,0.8720723765447365,0.8687822262464109,0.863877149254072,0.8598273212467867,0.8509450165713189,0.847720474838177,0.8429072669891483,0.8365256703971271,0.8317921364886912,0.8109755996229907,0.7607938122099309,0.6702622510417406,0.45258678330373353,0.13665890920007442,0.784720326688318,0.9811320754716981,0.9811320754716981,0.9811320754716981,0.971830985915493,0.96875,0.9595645412130638,0.9565217391304348,0.9474497681607419,0.9414483821263482,0.9295558958652373,0.926605504587156,0.9207317073170732,0.9148936170212766,0.9090909090909091,0.8805970149253731,0.8129496402877698,0.6935483870967742,0.45664739884393063,0.12802148612354522,0.8558738528484326,0.7946796183059919,0.7946796183059919,0.7946796183059919,0.7930621084861992,0.7940427343205875,0.7925576626361803,0.7890908546708367,0.7876763012482259,0.785282588401332,0.7789821187176246,0.7755511918527248,0.7716609030587478,0.7648705644178618,0.7610659741568637,0.7468585653104957,0.711984108255503,0.6477579553636178,0.44856227570723,0.1458790866224715,0.7199433604286568,0.9826771653543307,0.9826771653543307,0.9826771653543307,0.9779527559055118,0.9763779527559056,0.9716535433070866,0.9700787401574803,0.9653543307086614,0.9622047244094488,0.9559055118110236,0.9543307086614173,0.9511811023622048,0.9480314960629921,0.9448818897637795,0.9291338582677166,0.889763779527559,0.8125984251968504,0.6220472440944882,0.2251968503937008,0.8949854952341484,0.9984,0.9984,0.9984,0.9936,0.992,0.9872,0.9856,0.9808,0.9776,0.9712,0.9696,0.9664,0.9632,0.96,0.944,0.904,0.8256,0.632,0.2288,0.9093052631578948,0.7947886782021397,0.7947886782021397,0.7947886782021397,0.7947873382655991,0.7957797578765321,0.7958977003547506,0.793979883752611,0.7941567133247394,0.7933102903643001,0.7903971920446384,0.7884686545577635,0.7863840905231634,0.7825182569368617,0.7804473581973582,0.7733118011931571,0.7563079398477628,0.7173558031116172,0.5649142840282081,0.24316918512722707,0.7439764360059321,0.9984282544378698,0.9984282544378698,0.9984282544378698,0.993919124353907,0.9926996390706068,0.9891059034583823,0.9874870796492837,0.9845117086910199,0.9824523808515915,0.9772562573068246,0.9756213063623138,0.9723541448759802,0.969091361122098,0.9658492692816028,0.9514352357009458,0.9180103942685823,0.8494571327926175,0.6698251518974658,0.2645812896320773,0.9178390601383637,0.8900490508456403,0.8900490508456403,0.8900490508456403,0.8935078384850828,0.8945679680402874,0.8975305215688328,0.898481273927559,0.901034552602573,0.9025440523173527,0.9053009260125601,0.9059062682410791,0.9069991612160742,0.9079896506798054,0.9087324601891792,0.9117962864503167,0.9178910658827113,0.9263500958958156,0.9404519207763946,0.9629764976578158,0.9080109311831769,0.8836931111431127,0.8836931111431127,0.8836931111431127,0.8806686519902446,0.8805031625932054,0.8775485520332349,0.8749172887587001,0.8720015645665752,0.8692540575437323,0.862921375841627,0.8603094318464827,0.8567317365554017,0.851540595320981,0.8480079338639759,0.8330255580516316,0.7959256693466891,0.725511608754269,0.5282299948019181,0.1812498575052969,0.8026013880422792,624.0,624.0,624.0,621.0,620.0,617.0,616.0,613.0,611.0,607.0,606.0,604.0,602.0,600.0,590.0,565.0,516.0,395.0,143.0,568.3157894736842,11.0,11.0,11.0,14.0,15.0,18.0,19.0,22.0,24.0,28.0,29.0,31.0,33.0,35.0,45.0,70.0,119.0,240.0,492.0,66.6842105263158,1.0,1.0,1.0,4.0,5.0,8.0,9.0,12.0,14.0,18.0,19.0,21.0,23.0,25.0,35.0,60.0,109.0,230.0,482.0,56.68421052631579,0.9228346456692913,0.9053009260125601,0.9275590551181102,0.9559055118110236,0.9712,1.0,0.0,0.0,0.8323112788812976,0.9634920634920635,0.08181818181818182,0.9268076830634335,549.517662089624,607,28,18,3,3,0,0,9.0,220,0.8222222222222222,0.815748031496063,0.8288,518,117,107,625,635,6,3
tagging_003_tagging_aria01_rgb,0.5903538101300274,0.903538062632446,0.5334071378725678,0.5903538101300274,0.5903538101300274,0.5903538101300274,0.5903538101300274,0.5881331165762306,0.5881331165762306,0.5881331165762306,0.5865351041942396,0.5785720733055033,0.5764088003164716,0.5732212208454953,0.5726543428441787,0.5683667711553073,0.5618059558016998,0.5477882988169399,0.5268896137597452,0.4839472542962218,0.3778245078219123,0.17039232043474048,0.5394853080969083,0.9613466334164589,0.9613466334164589,0.9613466334164589,0.9613466334164589,0.958904109589041,0.958904109589041,0.958904109589041,0.9540372670807453,0.9395807644882861,0.9300613496932515,0.9229828850855746,0.9206349206349206,0.9020556227327691,0.8860911270983214,0.8615384615384616,0.8163972286374134,0.7210065645514223,0.5110470701248799,0.19076457229371688,0.85675245770488,0.36253065129740913,0.36253065129740913,0.36253065129740913,0.36253065129740913,0.3607248726485416,0.3607248726485416,0.3607248726485416,0.3605974738333057,0.35627128253454365,0.3572313860713104,0.35600071608818135,0.3562030822729791,0.358116260696719,0.35620030753252235,0.34829788072945017,0.34004606501572243,0.324830530615992,0.27933113612409016,0.152195675088102,0.3409273168283252,0.9661654135338346,0.9661654135338346,0.9661654135338346,0.9661654135338346,0.9649122807017544,0.9649122807017544,0.9649122807017544,0.9624060150375939,0.9548872180451128,0.949874686716792,0.9461152882205514,0.9448621553884712,0.9348370927318296,0.9260651629072681,0.9122807017543859,0.8859649122807017,0.8258145363408521,0.6666666666666666,0.3157894736842105,0.893945389790265,0.9948387096774194,0.9948387096774194,0.9948387096774194,0.9948387096774194,0.9935483870967742,0.9935483870967742,0.9935483870967742,0.9909677419354839,0.983225806451613,0.9780645161290322,0.9741935483870968,0.9729032258064516,0.9625806451612903,0.9535483870967741,0.9393548387096774,0.912258064516129,0.8503225806451613,0.6864516129032258,0.3251612903225806,0.9204753820033957,0.36275181312028,0.36275181312028,0.36275181312028,0.36275181312028,0.36150773800073177,0.36150773800073177,0.36150773800073177,0.3615232384758494,0.3588298745464177,0.35984102780027355,0.35915784556570773,0.359376428530977,0.3614419264503855,0.3603783063465868,0.3549177442110305,0.34964163268665466,0.33960006711354657,0.3062644324551682,0.19028938818305619,0.3471995988867878,0.995903771607788,0.995903771607788,0.995903771607788,0.995903771607788,0.994606514601218,0.994606514601218,0.994606514601218,0.9922226773996586,0.9861794981713571,0.9829683241791377,0.9810161162358799,0.9797120451509331,0.9760181752017162,0.9684341917228204,0.9551068890405244,0.933352192980786,0.8806152297630783,0.7452219280708672,0.438477916353219,0.9361452533949884,0.903538062632446,0.903538062632446,0.903538062632446,0.903538062632446,0.9043980044157555,0.9043980044157555,0.9043980044157555,0.9057273632361867,0.9095450326686313,0.9118647124259275,0.913384382904569,0.913815884658352,0.9168361507181597,0.9191228541078807,0.9221551671168124,0.9263183320773309,0.9334704828882275,0.9463743309419637,0.9650119024207715,0.9163669926285192,0.5918315441318177,0.5918315441318177,0.5918315441318177,0.5918315441318177,0.5899727617213817,0.5899727617213817,0.5899727617213817,0.5891020096931726,0.5832657146179387,0.5825161379136988,0.5803599918227413,0.5801403382565842,0.5786020774329407,0.574338485409714,0.5636891297971145,0.5488796609121641,0.5179283483552511,0.43153303166276863,0.2192299982508891,0.5519383887271786,771.0,771.0,771.0,771.0,770.0,770.0,770.0,768.0,762.0,758.0,755.0,754.0,746.0,739.0,728.0,707.0,659.0,532.0,252.0,713.3684210526316,27.0,27.0,27.0,27.0,28.0,28.0,28.0,30.0,36.0,40.0,43.0,44.0,52.0,59.0,70.0,91.0,139.0,266.0,546.0,84.63157894736842,4.0,4.0,4.0,4.0,5.0,5.0,5.0,7.0,13.0,17.0,20.0,21.0,29.0,36.0,47.0,68.0,116.0,243.0,523.0,61.63157894736842,0.9273182957393483,0.9087502972378195,0.9486215538847118,0.9598997493734336,0.9883870967741936,1.0,0.0,0.0,0.839727728927531,0.9739351557533376,0.028938906752411574,0.947079637943135,696.1027276841697,766,32,9,17,3,0,0,14.0,311,0.4818817546090273,0.474937343358396,0.4890322580645161,379,419,396,775,798,18,3
tagging_003_tagging_aria02_rgb,0.5723456918573128,0.9329861750599737,0.5339906178580086,0.5723456918573128,0.5723456918573128,0.5723456918573128,0.5723456918573128,0.5723456918573128,0.5723456918573128,0.5717178886427277,0.5717178886427277,0.5708491865616474,0.569580842901431,0.5680011035159288,0.5675331280850938,0.5669184222090944,0.5656812473285017,0.5585909676582833,0.5529704902876202,0.5358342868208955,0.48618841216426817,0.26684782848556116,0.5466582023393504,0.9806835066864784,0.9806835066864784,0.9806835066864784,0.9806835066864784,0.9806835066864784,0.9806835066864784,0.9777448071216617,0.9777448071216617,0.9718934911242604,0.9660766961651918,0.9602941176470589,0.9574155653450808,0.9545454545454546,0.9488304093567251,0.9318840579710145,0.9179856115107914,0.8748241912798875,0.7632275132275133,0.323733862959285,0.9163316644997082,0.33403191626465506,0.33403191626465506,0.33403191626465506,0.33403191626465506,0.33403191626465506,0.33403191626465506,0.33430128374328116,0.33430128374328116,0.3352927010768827,0.3358142659771092,0.3359650420288098,0.33642011173900166,0.33670109255624187,0.3372523376396372,0.3348312126175707,0.33309494102602993,0.3282012383685881,0.309709972486735,0.21995772365776586,0.32715972127625603,0.9836065573770492,0.9836065573770492,0.9836065573770492,0.9836065573770492,0.9836065573770492,0.9836065573770492,0.9821162444113264,0.9821162444113264,0.9791356184798807,0.9761549925484352,0.9731743666169895,0.9716840536512668,0.970193740685544,0.9672131147540983,0.9582712369597616,0.9508196721311475,0.9269746646795827,0.8599105812220567,0.4858420268256334,0.9413287316652287,0.9969788519637462,0.9969788519637462,0.9969788519637462,0.9969788519637462,0.9969788519637462,0.9969788519637462,0.9954682779456193,0.9954682779456193,0.9924471299093656,0.9894259818731118,0.986404833836858,0.9848942598187311,0.9833836858006042,0.9803625377643505,0.9712990936555891,0.9637462235649547,0.9395770392749244,0.8716012084592145,0.49244712990936557,0.9541262521863569,0.33407790850737556,0.33407790850737556,0.33407790850737556,0.33407790850737556,0.33407790850737556,0.33407790850737556,0.3343521794863954,0.3343521794863954,0.33534363814949547,0.335879038571326,0.33609102133366797,0.3365467421655279,0.3368359447463214,0.3374070411815484,0.3358965440630052,0.3347972443367536,0.3319247389709747,0.3194005261656012,0.2505707746875506,0.32967710865204297,0.9923288181352697,0.9923288181352697,0.9923288181352697,0.9923288181352697,0.9923288181352697,0.9923288181352697,0.9913416734847055,0.9913416734847055,0.9923300296698441,0.9901255848313223,0.9880664215496008,0.986821124650137,0.9853346049421564,0.98240945594492,0.9736303850176011,0.9665628820652774,0.9456767404423512,0.8898921092254339,0.5730992949729954,0.9584528888996143,0.9329861750599737,0.9329861750599737,0.9329861750599737,0.9329861750599737,0.9329861750599737,0.9329861750599737,0.9339235356150352,0.9339235356150352,0.935462394151419,0.9368372109927944,0.9380648275913093,0.9386569228463532,0.9391674685240927,0.9399598462609107,0.9418552010608513,0.9432044219838901,0.9460986742831677,0.9514504241124853,0.9665271236430744,0.939107823002119,0.5731980314089853,0.5731980314089853,0.5731980314089853,0.5731980314089853,0.5731980314089853,0.5731980314089853,0.5729945211708717,0.5729945211708717,0.5729720990071884,0.5725441225814333,0.5717976626236217,0.5717464979379981,0.5715464044852787,0.5711347336194275,0.5664442781843386,0.5627727983963988,0.5515743221762103,0.5160648045074722,0.3269016767742887,0.5547724542678585,660.0,660.0,660.0,660.0,660.0,660.0,659.0,659.0,657.0,655.0,653.0,652.0,651.0,649.0,643.0,638.0,622.0,577.0,326.0,631.6315789473684,11.0,11.0,11.0,11.0,11.0,11.0,12.0,12.0,14.0,16.0,18.0,19.0,20.0,22.0,28.0,33.0,49.0,94.0,345.0,39.36842105263158,2.0,2.0,2.0,2.0,2.0,2.0,3.0,3.0,5.0,7.0,9.0,10.0,11.0,13.0,19.0,24.0,40.0,85.0,336.0,30.36842105263158,0.9552906110283159,0.9369200231725234,0.9806259314456036,0.9836065573770492,0.9969788519637462,1.0,0.0,0.0,0.8932447321816177,0.9902475618904726,0.006430868167202572,0.9787921774644138,618.3672152938655,660,11,2,17,3,0,0,16.0,311,0.46661665416354087,0.46348733233979134,0.4697885196374622,311,360,351,662,671,18,3
tagging_003_tagging_aria03_rgb,0.8293823190573363,0.8908277866477874,0.738836815570656,0.8293823190573363,0.8275832535500134,0.8275832535500134,0.8275832535500134,0.8275832535500134,0.8275832535500134,0.8275832535500134,0.8244391087580771,0.8200037788709689,0.8165364399530624,0.8131360443281823,0.8108987531743185,0.8008265631987102,0.7912602375014697,0.7714436928270563,0.7063592432953583,0.6145592669516793,0.4470524859426643,0.13791852991596515,0.7447008413197331,0.9846350832266325,0.9820971867007673,0.9820971867007673,0.9820971867007673,0.9820971867007673,0.9820971867007673,0.9820971867007673,0.9720101781170484,0.9620253164556962,0.9546027742749055,0.9472361809045227,0.9423558897243107,0.927860696517413,0.9112207151664612,0.8787878787878788,0.7857142857142857,0.655982905982906,0.437847866419295,0.12075198843094721,0.8617692042066792,0.6986091018723103,0.6973790891889647,0.6973790891889647,0.6973790891889647,0.6973790891889647,0.6973790891889647,0.6973790891889647,0.6992723526481055,0.6989485472585636,0.698438948365361,0.6980204514087589,0.6977796765211862,0.6911847723820707,0.6870923290374363,0.6772116292995621,0.6350188480220977,0.5757514245440221,0.4564506087969116,0.1575255293212712,0.6450304607690235,0.990979381443299,0.9896907216494846,0.9896907216494846,0.9896907216494846,0.9896907216494846,0.9896907216494846,0.9896907216494846,0.9845360824742269,0.979381443298969,0.9755154639175257,0.9716494845360825,0.9690721649484536,0.961340206185567,0.9523195876288659,0.9342783505154639,0.8788659793814433,0.7912371134020618,0.6082474226804123,0.21520618556701032,0.9026722734671732,0.9935400516795866,0.9922480620155039,0.9922480620155039,0.9922480620155039,0.9922480620155039,0.9922480620155039,0.9922480620155039,0.9870801033591732,0.9819121447028424,0.9780361757105943,0.9741602067183462,0.9715762273901809,0.9638242894056848,0.9547803617571059,0.9366925064599483,0.8811369509043928,0.7932816537467701,0.6098191214470284,0.2157622739018088,0.9050047599619204,0.7035520530111257,0.7027690052475647,0.7027690052475647,0.7027690052475647,0.7027690052475647,0.7027690052475647,0.7027690052475647,0.7048192420374806,0.7051065842837481,0.7051108275195909,0.7051745780614578,0.7053326489863182,0.7013288123258166,0.6993681039771792,0.6937262105757206,0.6696321313785287,0.6317236687294605,0.5513942767420374,0.2519800378337507,0.665519116155137,0.9779520953060111,0.9767809139784945,0.9767809139784945,0.9767809139784945,0.9767809139784945,0.9767809139784945,0.9767809139784945,0.9740313973731047,0.9693412073919289,0.9660624084229573,0.9629786712389177,0.9608955385583303,0.954140417277747,0.9464920772389696,0.9320944030175274,0.8839818218154178,0.8167641245035651,0.672705251222572,0.289978685543369,0.9035843990937569,0.8908277866477874,0.8919177235467428,0.8919177235467428,0.8919177235467428,0.8919177235467428,0.8919177235467428,0.8919177235467428,0.8946712399843303,0.8970893005033652,0.8986888514660667,0.9002069754665533,0.9010555263732745,0.9032584353632704,0.905416404462723,0.9089353573333151,0.9168480594992748,0.9265444828841072,0.9416414860468993,0.9638613819419704,0.9052921910133365,0.8320500078986123,0.8307765126932073,0.8307765126932073,0.8307765126932073,0.8307765126932073,0.8307765126932073,0.8307765126932073,0.829734212057513,0.8273676552813808,0.825432004911794,0.8235479414138343,0.8223131166310176,0.8151464356752742,0.8089075864719582,0.7954270324623653,0.7470585397360885,0.6749488093132227,0.5269107195546762,0.18412079810454607,0.7630328387195541,769.0,768.0,768.0,768.0,768.0,768.0,768.0,764.0,760.0,757.0,754.0,752.0,746.0,739.0,725.0,682.0,614.0,472.0,167.0,700.4736842105264,7.0,8.0,8.0,8.0,8.0,8.0,8.0,12.0,16.0,19.0,22.0,24.0,30.0,37.0,51.0,94.0,162.0,304.0,609.0,75.52631578947368,5.0,6.0,6.0,6.0,6.0,6.0,6.0,10.0,14.0,17.0,20.0,22.0,28.0,35.0,49.0,92.0,160.0,302.0,607.0,73.52631578947368,0.9458762886597938,0.8986888514660667,0.9536082474226805,0.9755154639175257,0.9780361757105943,1.0,0.0,0.0,0.8470456965976966,0.9767741935483871,0.05466237942122187,0.9526054751928046,680.3074605598125,757,19,17,6,3,0,0,9.0,311,0.8090322580645162,0.8079896907216495,0.810077519379845,627,149,147,774,776,9,3
tagging_003_tagging_aria04_rgb,0.6085406615688147,0.906263728517317,0.5514983289077487,0.6085406615688147,0.6074938945342077,0.6066361431230741,0.6056189240241072,0.6056189240241072,0.6056189240241072,0.6046284089070746,0.6046284089070746,0.6036641316385348,0.6009543864787379,0.6000189633189388,0.5973462230489178,0.5844806455634275,0.5653884964598695,0.5450759920907056,0.537862840699709,0.5003343715857301,0.39053893789558447,0.17915993977372635,0.5554531167192868,0.9574898785425101,0.9535353535353536,0.9495967741935484,0.9456740442655935,0.9456740442655935,0.9456740442655935,0.9417670682730924,0.9417670682730924,0.9378757515030061,0.934,0.9301397205588823,0.9262948207171314,0.9072978303747534,0.8704061895551257,0.8279773156899811,0.8108614232209738,0.7423423423423423,0.5472,0.2256020278833967,0.8547987209189457,0.3867630823902953,0.38703214362010124,0.38754071216782693,0.3878442930311709,0.3878442930311709,0.3878442930311709,0.3881803953156403,0.3881803953156403,0.3885486784821074,0.38666613985871123,0.38706309211911866,0.3852148389586782,0.37652203455301775,0.3672585923274923,0.3588357211285155,0.3567766662969269,0.3372224230133461,0.2787292799938069,0.1422783488290069,0.3613866012349339,0.9772727272727273,0.9752066115702479,0.9731404958677686,0.9710743801652892,0.9710743801652892,0.9710743801652892,0.96900826446281,0.96900826446281,0.9669421487603306,0.9648760330578512,0.9628099173553719,0.9607438016528925,0.9504132231404959,0.9297520661157025,0.9049586776859504,0.8946280991735537,0.8512396694214877,0.7066115702479339,0.3677685950413223,0.9072422792518487,0.979296066252588,0.9772256728778468,0.9751552795031055,0.9730848861283644,0.9730848861283644,0.9730848861283644,0.9710144927536232,0.9710144927536232,0.968944099378882,0.9668737060041408,0.9648033126293996,0.9627329192546584,0.9523809523809523,0.9316770186335404,0.906832298136646,0.8964803312629399,0.8530020703933747,0.7080745341614907,0.36853002070393376,0.9091206276560967,0.3877585425079559,0.3880405343668855,0.3885610935845283,0.3888724235180172,0.3888724235180172,0.3888724235180172,0.3892115679933301,0.3892115679933301,0.389578705308812,0.38824129152275755,0.3886345798219494,0.38730967143203504,0.38090635161782216,0.37408391457201956,0.3678294215240623,0.36654767317181325,0.35073425492966015,0.3049797609510057,0.17490283994994063,0.36753416009484,0.984201608761898,0.9830695814107188,0.9810874219940394,0.9801015559888259,0.9801015559888259,0.9801015559888259,0.9792694263206349,0.9792694263206349,0.9785920184788065,0.976424676461115,0.9758972139165633,0.9737545794900996,0.9635055350642673,0.9440463276264158,0.9250679752840509,0.9147369660340152,0.8790108954616319,0.7569473598744039,0.45986616394700536,0.9260553602322515,0.906263728517317,0.9080207945572195,0.9097143701164183,0.9112251730346166,0.9112251730346166,0.9112251730346166,0.9124761319776522,0.9124761319776522,0.9135491686080113,0.9144906497702534,0.91531620946844,0.9160902939281863,0.919139361694346,0.9244446700890158,0.9298693906622816,0.9316110183186324,0.9369754579616396,0.9489385095326951,0.9668149956027449,0.921045600099282,0.6147950978464047,0.6143584502133331,0.61411038161551,0.6136983432077107,0.6136983432077107,0.6136983432077107,0.6133106970885932,0.6133106970885932,0.6129470564979294,0.6108067543377902,0.6104655467219451,0.6083525037626354,0.5982069210924852,0.5843453046061297,0.569852173549374,0.5649623268844542,0.5357771028024563,0.4437942476086187,0.2287476960619342,0.572591473021122,473.0,472.0,471.0,470.0,470.0,470.0,469.0,469.0,468.0,467.0,466.0,465.0,460.0,450.0,438.0,433.0,412.0,342.0,178.0,439.10526315789474,11.0,12.0,13.0,14.0,14.0,14.0,15.0,15.0,16.0,17.0,18.0,19.0,24.0,34.0,46.0,51.0,72.0,142.0,306.0,44.89473684210526,10.0,11.0,12.0,13.0,13.0,13.0,14.0,14.0,15.0,16.0,17.0,18.0,23.0,33.0,45.0,50.0,71.0,141.0,305.0,43.89473684210526,0.9132231404958677,0.9144906497702534,0.9318181818181818,0.9648760330578512,0.9668737060041408,1.0,0.0,0.0,0.8307172178568354,0.9658738366080661,0.05144694533762058,0.9298466063854559,427.0671334427083,467,17,16,9,3,0,0,13.0,311,0.531540847983454,0.53099173553719,0.5320910973084886,257,227,226,483,484,13,3
tagging_004_tagging_aria01_rgb,0.834520853088126,0.9085669886486046,0.7582180984547432,0.834520853088126,0.834520853088126,0.834520853088126,0.834520853088126,0.834520853088126,0.834520853088126,0.834520853088126,0.834520853088126,0.834520853088126,0.8317192846193984,0.8317192846193984,0.8276366026795853,0.8176872690256974,0.801478142811481,0.7877560416613436,0.7557838580131174,0.6993936262474653,0.4875941208491606,0.20481347577471187,0.7661194412681313,0.975609756097561,0.975609756097561,0.975609756097561,0.975609756097561,0.975609756097561,0.975609756097561,0.975609756097561,0.975609756097561,0.975609756097561,0.9696048632218845,0.9696048632218845,0.9636363636363636,0.9459459459459459,0.9228486646884273,0.9002932551319648,0.8514285714285714,0.7802197802197802,0.49653579676674364,0.1781818181818182,0.8820414593327071,0.7138356805949069,0.7138356805949069,0.7138356805949069,0.7138356805949069,0.7138356805949069,0.7138356805949069,0.7138356805949069,0.7138356805949069,0.7138356805949069,0.7134421398312459,0.7134421398312459,0.7108307365136852,0.7068188967796578,0.6960699386409331,0.6892860494472849,0.6708833356094538,0.626940583713207,0.4788134676991921,0.2354255910449507,0.6666565265507904,0.9907120743034056,0.9907120743034056,0.9907120743034056,0.9907120743034056,0.9907120743034056,0.9907120743034056,0.9907120743034056,0.9907120743034056,0.9907120743034056,0.9876160990712074,0.9876160990712074,0.9845201238390093,0.9752321981424149,0.9628482972136223,0.9504643962848297,0.9226006191950464,0.8792569659442725,0.6656346749226006,0.30340557275541796,0.9229265113247517,0.9846153846153847,0.9846153846153847,0.9846153846153847,0.9846153846153847,0.9846153846153847,0.9846153846153847,0.9846153846153847,0.9846153846153847,0.9846153846153847,0.9815384615384616,0.9815384615384616,0.9784615384615385,0.9692307692307692,0.9569230769230769,0.9446153846153846,0.916923076923077,0.8738461538461538,0.6615384615384615,0.30153846153846153,0.9172469635627533,0.718062725541299,0.718062725541299,0.718062725541299,0.718062725541299,0.718062725541299,0.718062725541299,0.718062725541299,0.718062725541299,0.718062725541299,0.7180707051154746,0.7180707051154746,0.716506407831626,0.7144849225442649,0.7086075540399827,0.7049343330445811,0.6949510318468912,0.6691581154332732,0.5616264967114617,0.349872972245888,0.6852025144105585,0.9852200610017123,0.9852200610017123,0.9852200610017123,0.9852200610017123,0.9852200610017123,0.9852200610017123,0.9852200610017123,0.9852200610017123,0.9852200610017123,0.9821135706719669,0.9821135706719669,0.9791280572171145,0.9708949215150292,0.959867948113607,0.947758184058185,0.922013636651279,0.8801575487136373,0.7028303305872885,0.3974334528493677,0.9258574615823607,0.9085669886486046,0.9085669886486046,0.9085669886486046,0.9085669886486046,0.9085669886486046,0.9085669886486046,0.9085669886486046,0.9085669886486046,0.9085669886486046,0.9098712454293639,0.9098712454293639,0.9109442497180888,0.9137486028758982,0.9167591099266195,0.9192225602517732,0.9237082613948373,0.9285748701870197,0.9442479362176837,0.964927646061288,0.9167883487015461,0.8409551877680305,0.8409551877680305,0.8409551877680305,0.8409551877680305,0.8409551877680305,0.8409551877680305,0.8409551877680305,0.8409551877680305,0.8409551877680305,0.839408686548543,0.839408686548543,0.8365567313344789,0.8302484847291336,0.8186633955185812,0.8094083325834179,0.7867384449999378,0.742456648877903,0.5645483565829547,0.26726285991936116,0.7843840693450068,320.0,320.0,320.0,320.0,320.0,320.0,320.0,320.0,320.0,319.0,319.0,318.0,315.0,311.0,307.0,298.0,284.0,215.0,98.0,298.10526315789474,3.0,3.0,3.0,3.0,3.0,3.0,3.0,3.0,3.0,4.0,4.0,5.0,8.0,12.0,16.0,25.0,39.0,108.0,225.0,24.894736842105264,5.0,5.0,5.0,5.0,5.0,5.0,5.0,5.0,5.0,6.0,6.0,7.0,10.0,14.0,18.0,27.0,41.0,110.0,227.0,26.894736842105264,0.9566563467492261,0.9098712454293639,0.9690402476780186,0.9876160990712074,0.9815384615384616,1.0,0.0,0.0,0.8676437377460282,0.9845679012345679,0.049586776859504134,0.9671762848565698,290.2489272919671,319,4,6,4,3,0,0,8.0,121,0.7870370370370371,0.7894736842105263,0.7846153846153846,255,68,70,325,323,7,3
tagging_004_tagging_aria02_rgb,0.7465787656412239,0.9337261618346057,0.6971001253493976,0.7465787656412239,0.7465787656412239,0.7465787656412239,0.7465787656412239,0.7465787656412239,0.7465787656412239,0.7465787656412239,0.7465787656412239,0.7465787656412239,0.7443395081870187,0.7443395081870187,0.7443395081870187,0.7377168095610561,0.7207529492203494,0.7095632294046921,0.6988620444057813,0.6919913893063,0.5943524189534265,0.35654664371118866,0.7085269947313088,0.9957983193277311,0.9957983193277311,0.9957983193277311,0.9957983193277311,0.9957983193277311,0.9957983193277311,0.9957983193277311,0.9957983193277311,0.9957983193277311,0.9874476987447699,0.9874476987447699,0.9874476987447699,0.9791666666666666,0.9628099173553719,0.9467213114754098,0.9230769230769231,0.9,0.7086330935251799,0.35714285714285715,0.9316883547066472,0.5597316670334046,0.5597316670334046,0.5597316670334046,0.5597316670334046,0.5597316670334046,0.5597316670334046,0.5597316670334046,0.5597316670334046,0.5597316670334046,0.5610842013732804,0.5610842013732804,0.5610842013732804,0.5558053696431765,0.5395507508239452,0.5318143474963836,0.5291088368702805,0.5320578698600702,0.4985016945207586,0.3559514255967972,0.5401909422227313,1.0,1.0,1.0,1.0,1.0,1.0,1.0,1.0,1.0,0.9957805907172996,0.9957805907172996,0.9957805907172996,0.9915611814345991,0.9831223628691983,0.9746835443037974,0.9620253164556962,0.9493670886075949,0.8312236286919831,0.5274261603375527,0.9582500555185431,0.9957983193277311,0.9957983193277311,0.9957983193277311,0.9957983193277311,0.9957983193277311,0.9957983193277311,0.9957983193277311,0.9957983193277311,0.9957983193277311,0.9915966386554622,0.9915966386554622,0.9915966386554622,0.9873949579831933,0.9789915966386554,0.9705882352941176,0.957983193277311,0.9453781512605042,0.8277310924369747,0.5252100840336135,0.9542237947810702,0.5617444038837859,0.5617444038837859,0.5617444038837859,0.5617444038837859,0.5617444038837859,0.5617444038837859,0.5617444038837859,0.5617444038837859,0.5617444038837859,0.5631546951601977,0.5631546951601977,0.5631546951601977,0.5596923253770374,0.5496043645730965,0.5449206442581478,0.5435767208466837,0.5471163380432785,0.5294260506264871,0.4353604453620107,0.5502558215537583,0.9958667011108241,0.9958667011108241,0.9958667011108241,0.9958667011108241,0.9958667011108241,0.9958667011108241,0.9958667011108241,0.9958667011108241,0.9958667011108241,0.9920356278104462,0.9920356278104462,0.9920356278104462,0.9880069474598349,0.9795554814317989,0.9712231141641261,0.9590477377171025,0.948935569987193,0.8573665488777553,0.6419013227724207,0.9623654692546836,0.9337261618346057,0.9337261618346057,0.9337261618346057,0.9337261618346057,0.9337261618346057,0.9337261618346057,0.9337261618346057,0.9337261618346057,0.9337261618346057,0.9356661523249553,0.9356661523249553,0.9356661523249553,0.9370761621247604,0.9394383460873487,0.941286836165916,0.9435147886753498,0.9450991517580307,0.9542228023178919,0.96682555970706,0.9388419768590882,0.7481521683677756,0.7481521683677756,0.7481521683677756,0.7481521683677756,0.7481521683677756,0.7481521683677756,0.7481521683677756,0.7481521683677756,0.7481521683677756,0.7474735831356379,0.7474735831356379,0.7474735831356379,0.7423712204625676,0.7283161463525898,0.7199657583033977,0.7134536398601082,0.7107167022659686,0.6437129697533268,0.43328754155779375,0.7193481180669814,237.0,237.0,237.0,237.0,237.0,237.0,237.0,237.0,237.0,236.0,236.0,236.0,235.0,233.0,231.0,228.0,225.0,197.0,125.0,227.10526315789474,0.0,0.0,0.0,0.0,0.0,0.0,0.0,0.0,0.0,1.0,1.0,1.0,2.0,4.0,6.0,9.0,12.0,40.0,112.0,9.894736842105264,1.0,1.0,1.0,1.0,1.0,1.0,1.0,1.0,1.0,2.0,2.0,2.0,3.0,5.0,7.0,10.0,13.0,41.0,113.0,10.894736842105264,0.9662447257383966,0.9356661523249553,0.9873417721518988,0.9957805907172996,0.9915966386554622,1.0,0.0,0.0,0.9021823288974238,0.9936842105263158,0.01652892561983471,0.9843925316272741,220.81721194868945,236,1,2,5,3,0,0,5.0,121,0.6484210526315789,0.6497890295358649,0.6470588235294118,154,83,84,238,237,8,3
tagging_004_tagging_aria03_rgb,0.691509914450461,0.8708986554962522,0.6022350547572348,0.691509914450461,0.691509914450461,0.691509914450461,0.691509914450461,0.691509914450461,0.691509914450461,0.691509914450461,0.691509914450461,0.691509914450461,0.691509914450461,0.691509914450461,0.6891063729576075,0.6854311732572163,0.6516068337544318,0.6179326883494745,0.527340193562895,0.3872748257267827,0.1833050770156733,0.04331673102139007,0.5995748923473968,0.9770114942528736,0.9770114942528736,0.9770114942528736,0.9770114942528736,0.9770114942528736,0.9770114942528736,0.9770114942528736,0.9770114942528736,0.9770114942528736,0.9770114942528736,0.9770114942528736,0.9694656488549618,0.9619771863117871,0.9040590405904059,0.8362989323843416,0.7142857142857143,0.5176470588235295,0.25547445255474455,0.05091649694501019,0.8398553140806371,0.48943739617818455,0.48943739617818455,0.48943739617818455,0.48943739617818455,0.48943739617818455,0.48943739617818455,0.48943739617818455,0.48943739617818455,0.48943739617818455,0.48943739617818455,0.48943739617818455,0.48982405288073533,0.48838569142583765,0.4696501519615263,0.45658411429769036,0.38932275164573205,0.2897375501033032,0.13152294064519723,0.03685130162049253,0.4281942059231865,0.9807692307692307,0.9807692307692307,0.9807692307692307,0.9807692307692307,0.9807692307692307,0.9807692307692307,0.9807692307692307,0.9807692307692307,0.9807692307692307,0.9807692307692307,0.9807692307692307,0.9769230769230769,0.9730769230769231,0.9423076923076923,0.9038461538461539,0.8269230769230769,0.676923076923077,0.40384615384615385,0.09615384615384616,0.873076923076923,0.99609375,0.99609375,0.99609375,0.99609375,0.99609375,0.99609375,0.99609375,0.99609375,0.99609375,0.99609375,0.99609375,0.9921875,0.98828125,0.95703125,0.91796875,0.83984375,0.6875,0.41015625,0.09765625,0.88671875,0.49059093588328906,0.49059093588328906,0.49059093588328906,0.49059093588328906,0.49059093588328906,0.49059093588328906,0.49059093588328906,0.49059093588328906,0.49059093588328906,0.49059093588328906,0.49059093588328906,0.4911018264093333,0.4901717344412294,0.47775715861749857,0.4697174904715757,0.42283410357498313,0.34021230292978827,0.17004223584962536,0.04511792026262896,0.4370239509090969,0.9628837393543276,0.9628837393543276,0.9628837393543276,0.9628837393543276,0.9628837393543276,0.9628837393543276,0.9628837393543276,0.9628837393543276,0.9628837393543276,0.9628837393543276,0.9628837393543276,0.9590193271295633,0.9550061269428858,0.9246737927125337,0.890084326280653,0.8097203052249743,0.6727769752868878,0.42567267408003817,0.26680265951335497,0.8681830168457103,0.8708986554962522,0.8708986554962522,0.8708986554962522,0.8708986554962522,0.8708986554962522,0.8708986554962522,0.8708986554962522,0.8708986554962522,0.8708986554962522,0.8708986554962522,0.8708986554962522,0.8720956651822183,0.8730927820767407,0.8793711332789671,0.8856986912105724,0.895986175442822,0.9107821323647883,0.9331996281747583,0.964803120760803,0.883942870471076,0.692838464982548,0.692838464982548,0.692838464982548,0.692838464982548,0.692838464982548,0.692838464982548,0.692838464982548,0.692838464982548,0.692838464982548,0.692838464982548,0.692838464982548,0.6917517046536134,0.6893742422570267,0.6652480371160991,0.6424031410377911,0.567397539391076,0.44286570641231887,0.23046699052597291,0.059526417552090434,0.611066152302843,255.0,255.0,255.0,255.0,255.0,255.0,255.0,255.0,255.0,255.0,255.0,254.0,253.0,245.0,235.0,215.0,176.0,105.0,25.0,227.0,5.0,5.0,5.0,5.0,5.0,5.0,5.0,5.0,5.0,5.0,5.0,6.0,7.0,15.0,25.0,45.0,84.0,155.0,235.0,33.0,1.0,1.0,1.0,1.0,1.0,1.0,1.0,1.0,1.0,1.0,1.0,2.0,3.0,11.0,21.0,41.0,80.0,151.0,231.0,29.0,0.9538461538461539,0.8708986554962522,0.9769230769230769,0.9807692307692307,0.99609375,1.0,0.0,0.0,0.8272275275059396,0.9883720930232558,0.008264462809917356,0.9739301874985244,222.0791571515443,255,5,1,6,3,0,0,8.0,121,0.627906976744186,0.6230769230769231,0.6328125,162,98,94,256,260,8,3
tagging_004_tagging_aria04_rgb,0.7746105777922723,0.8812869952061767,0.682654228557472,0.7746105777922723,0.7746105777922723,0.7715365434102733,0.7673626227567403,0.7644021725915082,0.760517836381329,0.760517836381329,0.7568896180210247,0.7568896180210247,0.7568896180210247,0.7552120405700837,0.753518477872809,0.7419225342997307,0.7300098500329513,0.7092707102062454,0.6994505277463261,0.6248730785884355,0.4372830817337866,0.15641579410394693,0.6974833219117428,0.9026548672566371,0.9026548672566371,0.8942731277533039,0.8859649122807017,0.8777292576419214,0.8695652173913043,0.8695652173913043,0.8614718614718615,0.8614718614718615,0.8614718614718615,0.853448275862069,0.8454935622317596,0.8297872340425532,0.8143459915611815,0.7622950819672131,0.7269076305220884,0.6165413533834586,0.4006514657980456,0.1345646437994723,0.7774135942397492,0.664729753301251,0.664729753301251,0.6656452255397355,0.6646373763135422,0.6657071943031816,0.6651454863722586,0.6651454863722586,0.6650036054447785,0.6650036054447785,0.6650036054447785,0.6682832953712673,0.6715486928097001,0.6633616719072192,0.6544078151885818,0.659934652940748,0.673030547792204,0.6333173958271994,0.47726393110710097,0.18181522244154494,0.6280902272222831,0.918918918918919,0.918918918918919,0.9144144144144144,0.9099099099099099,0.9054054054054054,0.9009009009009009,0.9009009009009009,0.8963963963963963,0.8963963963963963,0.8963963963963963,0.8918918918918919,0.8873873873873874,0.8783783783783784,0.8693693693693694,0.8378378378378378,0.8153153153153153,0.7387387387387387,0.5540540540540541,0.22972972972972974,0.8295400663821717,0.9807692307692307,0.9807692307692307,0.9759615384615384,0.9711538461538461,0.9663461538461539,0.9615384615384616,0.9615384615384616,0.9567307692307693,0.9567307692307693,0.9567307692307693,0.9519230769230769,0.9471153846153846,0.9375,0.9278846153846154,0.8942307692307693,0.8701923076923077,0.7884615384615384,0.5913461538461539,0.24519230769230768,0.8853744939271254,0.66579105234291,0.66579105234291,0.6668410990098832,0.6664611552248342,0.6676297234231249,0.6675063335787021,0.6675063335787021,0.6676394023855013,0.6676394023855013,0.6676394023855013,0.6708818184296653,0.6741571524032117,0.6699336875450236,0.6648118607145058,0.6738111327457676,0.6872594861763225,0.6704182638072239,0.5752370400958334,0.2813186039966226,0.6441196843458815,0.9762443438914026,0.9762443438914026,0.9729064039408867,0.9681518151815182,0.9651231024365352,0.960948717948718,0.960948717948718,0.9574023965983766,0.9574023965983766,0.9574023965983766,0.962043512043512,0.964388910581804,0.9563971071663379,0.9481998140029227,0.9230826670342798,0.9144272087642252,0.8653794037940379,0.7103276353276354,0.3401206636500754,0.907217976705218,0.8812869952061767,0.8812869952061767,0.8850374630757347,0.8884987604046465,0.8918336410209168,0.894970149923009,0.894970149923009,0.8975395989482298,0.8975395989482298,0.8975395989482298,0.8993984155725333,0.9009462060362196,0.9038089398966839,0.9061941709590375,0.9124613906090253,0.9161389517485874,0.9253425310742424,0.9412441359242358,0.9658712071766035,0.9043109947685016,0.7815578969448298,0.7815578969448298,0.7801766396910818,0.7776632530885166,0.7763600273966758,0.7740995852620874,0.7740995852620874,0.7720795525794674,0.7720795525794674,0.7720795525794674,0.7720339711621682,0.7719610352963516,0.7633364590062715,0.7542692553729631,0.7435847112025235,0.7407645464586167,0.6840000688703823,0.5142275915231154,0.2043730948834675,0.7215949619002299,204.0,204.0,203.0,202.0,201.0,200.0,200.0,199.0,199.0,199.0,198.0,197.0,195.0,193.0,186.0,181.0,164.0,123.0,51.0,184.1578947368421,18.0,18.0,19.0,20.0,21.0,22.0,22.0,23.0,23.0,23.0,24.0,25.0,27.0,29.0,36.0,41.0,58.0,99.0,171.0,37.8421052631579,4.0,4.0,5.0,6.0,7.0,8.0,8.0,9.0,9.0,9.0,10.0,11.0,13.0,15.0,22.0,27.0,44.0,85.0,157.0,23.842105263157894,0.8243243243243243,0.8975395989482298,0.8558558558558559,0.8963963963963963,0.9567307692307693,0.6666666666666666,0.3333333333333333,0.0,0.732479190048188,0.9255813953488372,0.0743801652892562,0.8520491079278637,178.61038019069773,199,23,9,7,2,1,0,9.0,121,0.7534883720930232,0.7297297297297297,0.7788461538461539,162,60,46,208,222,9,3
tagging_005_tagging_aria01_rgb,0.44643488579396357,0.9085100540154097,0.40559058220703714,0.44643488579396357,0.44643488579396357,0.44579555768749657,0.44519292834858143,0.44519292834858143,0.44407178123321184,0.44407178123321184,0.4437526270807631,0.4420125080782402,0.43971913254111367,0.4394151364393722,0.43873345904860533,0.43403449024223384,0.42937322768112485,0.41477797154448115,0.39475349017970673,0.360322274885304,0.27857196497390385,0.11417483207839953,0.40772820332696097,0.9782813975448537,0.9782813975448537,0.9764150943396226,0.9745523091423186,0.9745523091423186,0.972693032015066,0.972693032015066,0.9708372530573848,0.9671361502347418,0.9597754911131899,0.9579439252336449,0.9542910447761194,0.9416126042632067,0.9273229070837167,0.8856885688568857,0.8361086765994742,0.7400332225913622,0.5541543026706232,0.19169510807736065,0.879687780331674,0.2037288123376907,0.2037288123376907,0.20353400967066712,0.20337209361908304,0.20337209361908304,0.20273584820394103,0.20273584820394103,0.20283151828068482,0.20201401555530238,0.20145640028633183,0.2015625936402676,0.20170685782125572,0.2000673502743138,0.19881032512083016,0.19424521409438406,0.18637567384521722,0.17544096375009963,0.14003742151858198,0.068003260025133,0.18925047958971045,0.9866666666666667,0.9866666666666667,0.9857142857142858,0.9847619047619047,0.9847619047619047,0.9838095238095238,0.9838095238095238,0.9828571428571429,0.9809523809523809,0.9771428571428571,0.9761904761904762,0.9742857142857143,0.9676190476190476,0.96,0.9371428571428572,0.9085714285714286,0.8485714285714285,0.7114285714285714,0.32095238095238093,0.9179949874686715,0.9913875598086125,0.9913875598086125,0.9904306220095693,0.9894736842105263,0.9894736842105263,0.9885167464114832,0.9885167464114832,0.9875598086124402,0.9856459330143541,0.9818181818181818,0.9808612440191388,0.9789473684210527,0.9722488038277513,0.9645933014354067,0.9416267942583733,0.9129186602870814,0.8526315789473684,0.7148325358851675,0.32248803827751193,0.9223873079828759,0.21770681859967575,0.21770681859967575,0.21755736061442582,0.21743675660654627,0.21743675660654627,0.2169285402601593,0.2169285402601593,0.21704032905886103,0.21639035772075818,0.21601336042125516,0.21613518239890187,0.21631080918104376,0.21464211282893617,0.21348731924903802,0.2087180397727273,0.20098415080726403,0.19013933830853025,0.15595109514537223,0.08089796732693617,0.20360061335614804,0.8716464835812641,0.8716464835812641,0.8705959931213533,0.8695204006382117,0.8695204006382117,0.868523590952284,0.868523590952284,0.8674756486954549,0.8654559627904483,0.8618217016545219,0.8609551862415019,0.8595724138915475,0.8553058048408917,0.8494084426046731,0.8369140983391552,0.8206863990121807,0.7882688088191862,0.678575743369451,0.3513329939741552,0.8203026393525285,0.9085100540154097,0.9085100540154097,0.9092640063217606,0.9099566728991297,0.9099566728991297,0.9105474972022002,0.9105474972022002,0.9110768356357622,0.9119809905228805,0.9136948990585779,0.9140604176216551,0.9147144768438283,0.9167221337167435,0.9186227453372118,0.923393973412474,0.9279365751006935,0.9351441315779992,0.9457339348048263,0.9650944825814824,0.9192351605668092,0.44834409572691836,0.44834409572691836,0.4479133632312014,0.4475188155684011,0.4475188155684011,0.4466021252531599,0.4466021252531599,0.44649121664231006,0.44515854427914237,0.44367970718244637,0.4435803019385332,0.44330588767656715,0.4399874758809595,0.43687287866837987,0.42665620225509093,0.4115040853217762,0.3858421817782113,0.3156368526289436,0.1477356024037209,0.41680496699917063,1036.0,1036.0,1035.0,1034.0,1034.0,1033.0,1033.0,1032.0,1030.0,1026.0,1025.0,1023.0,1016.0,1008.0,984.0,954.0,891.0,747.0,337.0,963.8947368421053,14.0,14.0,15.0,16.0,16.0,17.0,17.0,18.0,20.0,24.0,25.0,27.0,34.0,42.0,66.0,96.0,159.0,303.0,713.0,86.10526315789474,9.0,9.0,10.0,11.0,11.0,12.0,12.0,13.0,15.0,19.0,20.0,22.0,29.0,37.0,61.0,91.0,154.0,298.0,708.0,81.10526315789474,0.9428571428571428,0.9137159676172847,0.959047619047619,0.9771428571428571,0.9818181818181818,1.0,0.0,0.0,0.8585453169288896,0.9794749403341289,0.04308390022675737,0.9578757629320207,937.4725827753341,1026,24,19,17,3,0,0,23.0,441,0.29403341288782814,0.29333333333333333,0.29473684210526313,308,742,737,1045,1050,17,3
tagging_005_tagging_aria02_rgb,0.6741126555241385,0.921892566384713,0.621459446033562,0.6741126555241385,0.6741126555241385,0.6741126555241385,0.6741126555241385,0.6741126555241385,0.6741126555241385,0.6741126555241385,0.6741126555241385,0.671839758584267,0.6699169884968966,0.6688058704390825,0.66832120900061,0.6652021778195673,0.6576585435777135,0.6479566639346984,0.6317232810902983,0.5975703051145995,0.5100540723133679,0.21658063520284923,0.6315016184087925,0.9868891537544696,0.9868891537544696,0.9868891537544696,0.9868891537544696,0.9868891537544696,0.9868891537544696,0.9868891537544696,0.9868891537544696,0.9821640903686087,0.9774614472123369,0.9751184834123223,0.9727810650887574,0.9658018867924528,0.9497076023391813,0.9271676300578034,0.8900226757369615,0.8139281828073993,0.6279296875,0.24402985074626865,0.9063803069525185,0.46046495759833217,0.46046495759833217,0.46046495759833217,0.46046495759833217,0.46046495759833217,0.46046495759833217,0.46046495759833217,0.46046495759833217,0.4595654286700366,0.4591370562559481,0.458714812551287,0.4591508350949286,0.45816222087272174,0.45541886668639053,0.4528284041918165,0.4483866700823643,0.43872454240751385,0.41430619042589906,0.1922189904285179,0.44107019360284644,0.9916167664670659,0.9916167664670659,0.9916167664670659,0.9916167664670659,0.9916167664670659,0.9916167664670659,0.9916167664670659,0.9916167664670659,0.9892215568862276,0.9868263473053892,0.98562874251497,0.9844311377245509,0.9808383233532935,0.9724550898203593,0.9604790419161676,0.9401197604790419,0.895808383233533,0.770059880239521,0.3916167664670659,0.9363378506145604,0.9951923076923077,0.9951923076923077,0.9951923076923077,0.9951923076923077,0.9951923076923077,0.9951923076923077,0.9951923076923077,0.9951923076923077,0.9927884615384616,0.9903846153846154,0.9891826923076923,0.9879807692307693,0.984375,0.9759615384615384,0.9639423076923077,0.9435096153846154,0.8990384615384616,0.7728365384615384,0.39302884615384615,0.939714068825911,0.4608960541535314,0.4608960541535314,0.4608960541535314,0.4608960541535314,0.4608960541535314,0.4608960541535314,0.4608960541535314,0.4608960541535314,0.4602922180284025,0.460048394131502,0.4597613792006253,0.46020131902797223,0.45966857237542313,0.4580063359129637,0.4564262279732885,0.4536159430693564,0.4474271350394182,0.43360535689426927,0.24821061257061716,0.44654904881326785,0.995291711584945,0.995291711584945,0.995291711584945,0.995291711584945,0.995291711584945,0.995291711584945,0.995291711584945,0.995291711584945,0.9929218949688651,0.9905571104548232,0.9894094703277149,0.9882906364606066,0.9847610572457258,0.9769548591640499,0.9662066802154452,0.9493316940311252,0.916108946509084,0.8451230794558223,0.4729443399300357,0.9492075506022557,0.921892566384713,0.921892566384713,0.921892566384713,0.921892566384713,0.921892566384713,0.921892566384713,0.921892566384713,0.921892566384713,0.9230723971038092,0.9241621307336071,0.9246190621799824,0.9250334381127032,0.9261184072052345,0.9282316167633955,0.9307457565703245,0.9341126261349354,0.9393640180142441,0.9490099937390412,0.9668378708254335,0.9287604130768637,0.6757253675311093,0.6757253675311093,0.6757253675311093,0.6757253675311093,0.6757253675311093,0.6757253675311093,0.6757253675311093,0.6757253675311093,0.6742492334738395,0.6731185216123579,0.6724005531436713,0.6723112218159669,0.6703603989978985,0.6654880877291495,0.6594938906544798,0.6492589382363769,0.6269075873037002,0.5648367687941889,0.2743650478562823,0.6425575363087782,828.0,828.0,828.0,828.0,828.0,828.0,828.0,828.0,826.0,824.0,823.0,822.0,819.0,812.0,802.0,785.0,748.0,643.0,327.0,781.8421052631579,7.0,7.0,7.0,7.0,7.0,7.0,7.0,7.0,9.0,11.0,12.0,13.0,16.0,23.0,33.0,50.0,87.0,192.0,508.0,53.1578947368421,4.0,4.0,4.0,4.0,4.0,4.0,4.0,4.0,6.0,8.0,9.0,10.0,13.0,20.0,30.0,47.0,84.0,189.0,505.0,50.1578947368421,0.9664670658682635,0.9241621307336071,0.9772455089820359,0.9868263473053892,0.9903846153846154,1.0,0.0,0.0,0.8916282583526853,0.9886022795440912,0.018140589569160998,0.9761027035815099,761.5095957244922,824,11,8,9,3,0,0,11.0,441,0.5734853029394121,0.5724550898203593,0.5745192307692307,478,357,354,832,835,12,3
tagging_005_tagging_aria03_rgb,0.519338020796618,0.8991432475149472,0.46695927457705627,0.519338020796618,0.519338020796618,0.519338020796618,0.519338020796618,0.519338020796618,0.519338020796618,0.519338020796618,0.5178197915636026,0.5156608977079759,0.5138367256889301,0.5126261716804336,0.5111598482671839,0.5096064313593829,0.5050225250474739,0.4880556206571468,0.46054343390820746,0.3842698846396175,0.27948588681756914,0.10616016254782691,0.4705059750242988,0.9720873786407767,0.9720873786407767,0.9720873786407767,0.9720873786407767,0.9720873786407767,0.9720873786407767,0.9720873786407767,0.9673123486682809,0.9601930036188179,0.9554753309265944,0.953125,0.9461077844311377,0.9414575866188769,0.9276393831553974,0.8851508120649652,0.8237934904601572,0.6615541922290389,0.45218945487042,0.1475988700564972,0.8645373109255591,0.2774565185920568,0.2774565185920568,0.2774565185920568,0.2774565185920568,0.2774565185920568,0.2774565185920568,0.2774565185920568,0.27719829784466526,0.27692990932326794,0.27633176087411215,0.27570947346018343,0.27616767854587704,0.27584749283875837,0.2749427799602176,0.26910475097383785,0.2574677476481245,0.22320672437039277,0.1727425531243028,0.07635546334377195,0.25653685591852154,0.9792176039119804,0.9792176039119804,0.9792176039119804,0.9792176039119804,0.9792176039119804,0.9792176039119804,0.9792176039119804,0.9767726161369193,0.9731051344743277,0.9706601466992665,0.969437652811736,0.9657701711491442,0.9633251833740831,0.9559902200488998,0.9327628361858191,0.8973105134474327,0.7909535452322738,0.6185819070904646,0.2555012224938875,0.9012997040277957,0.9925650557620818,0.9925650557620818,0.9925650557620818,0.9925650557620818,0.9925650557620818,0.9925650557620818,0.9925650557620818,0.990086741016109,0.9863692688971499,0.9838909541511772,0.9826517967781908,0.9789343246592317,0.976456009913259,0.9690210656753407,0.9454770755885997,0.909541511771995,0.8017348203221809,0.6270136307311028,0.2589838909541512,0.9135850779364769,0.2784435595992365,0.2784435595992365,0.2784435595992365,0.2784435595992365,0.2784435595992365,0.2784435595992365,0.2784435595992365,0.27831798178091915,0.278163507959205,0.2777153287561852,0.2772305282096455,0.2777222344125282,0.27748962747101336,0.27685475844116075,0.272362316075299,0.2633263467874719,0.2355485736539378,0.18998512179459479,0.09189676820510277,0.2603009479337747,0.9815865381613675,0.9815865381613675,0.9815865381613675,0.9815865381613675,0.9815865381613675,0.9815865381613675,0.9815865381613675,0.9796739833785097,0.9759293876710893,0.9734598287563032,0.9721823676494556,0.9704722698037387,0.9683970846050293,0.9639327765759637,0.942403275500447,0.9082763031729537,0.8183689878458434,0.6755535776511397,0.3430286127518664,0.9138307485522058,0.8991432475149472,0.8991432475149472,0.8991432475149472,0.8991432475149472,0.8991432475149472,0.8991432475149472,0.8991432475149472,0.9004506762984896,0.9022504351760507,0.9033075091429301,0.9037930207304102,0.9050172695714289,0.9057241504430367,0.9074385963167314,0.9119018953607471,0.9170740852998439,0.9291144590393029,0.9433054427207126,0.9648435709446045,0.9099065180867851,0.5212392035577079,0.5212392035577079,0.5212392035577079,0.5212392035577079,0.5212392035577079,0.5212392035577079,0.5212392035577079,0.5203457567564423,0.5191164769605969,0.5179036855900259,0.51699433730864,0.5164440978219361,0.5154908695817784,0.5126817811420888,0.5010098908698665,0.4806542591492274,0.4201739520251644,0.3268874698536289,0.1396743148485825,0.4808448061479966,801.0,801.0,801.0,801.0,801.0,801.0,801.0,799.0,796.0,794.0,793.0,790.0,788.0,782.0,763.0,734.0,647.0,506.0,209.0,737.2631578947369,17.0,17.0,17.0,17.0,17.0,17.0,17.0,19.0,22.0,24.0,25.0,28.0,30.0,36.0,55.0,84.0,171.0,312.0,609.0,80.73684210526316,6.0,6.0,6.0,6.0,6.0,6.0,6.0,8.0,11.0,13.0,14.0,17.0,19.0,25.0,44.0,73.0,160.0,301.0,598.0,69.73684210526316,0.9376528117359413,0.9033075091429301,0.9547677261613692,0.9706601466992665,0.9838909541511772,1.0,0.0,0.0,0.8437972643759004,0.9772307692307692,0.02947845804988662,0.9533665916434252,717.2261622594865,794,24,13,14,3,0,0,17.0,441,0.3729230769230769,0.3704156479217604,0.3754646840148699,303,515,504,807,818,16,3
tagging_005_tagging_aria04_rgb,0.5566111245627945,0.8836797335725127,0.49186597025714696,0.5566111245627945,0.5547996936630476,0.551494834707716,0.5459865765099086,0.5439694052759044,0.5425008560032184,0.5415937379332084,0.5383388729785785,0.5360714245163966,0.5343076649758295,0.5303560505528928,0.5229947211923085,0.511043149369452,0.5040158616263936,0.48827233225101674,0.47153628685579757,0.43579013293141744,0.33871440366211725,0.12633147003088668,0.49340676839994124,0.9835640138408305,0.9801381692573402,0.9750215331610681,0.9665523156089194,0.9615055603079555,0.9598290598290599,0.9564846416382252,0.9498299319727891,0.9415749364944962,0.9333895446880269,0.9220452640402347,0.9060681629260183,0.8841413311421529,0.8672638436482085,0.8227344992050875,0.7761425251742835,0.674945215485756,0.46330567964262925,0.1368368864650471,0.8453354270804277,0.31499316732545285,0.3140401116322573,0.31193829301721443,0.30841718230348353,0.3077493527769596,0.30662457627261164,0.30666856967621847,0.30511645548789534,0.3052041436584251,0.30585802302654114,0.30505827786106243,0.3018795821185409,0.29538840829900953,0.2929120020758525,0.2897774077447767,0.2864763398601628,0.2813754888590515,0.2476279749833386,0.11663258886149434,0.28967041820212364,0.9844155844155844,0.9826839826839827,0.9800865800865801,0.9757575757575757,0.9731601731601731,0.9722943722943723,0.9705627705627705,0.9670995670995671,0.9627705627705627,0.9584415584415584,0.9523809523809523,0.9437229437229437,0.9316017316017317,0.922077922077922,0.8961038961038961,0.8675324675324675,0.8,0.6285714285714286,0.23896103896103896,0.8899065846434269,0.9991212653778558,0.9973637961335676,0.9947275922671354,0.9903339191564148,0.9876977152899824,0.9868189806678384,0.9850615114235501,0.9815465729349736,0.9771528998242531,0.9727592267135325,0.9666080843585237,0.9578207381370826,0.945518453427065,0.9358523725834798,0.9094903339191565,0.8804920913884007,0.81195079086116,0.6379613356766256,0.24253075571177504,0.9032004439922302,0.32790554057350263,0.3272622603949727,0.32575393686515364,0.3231655907770713,0.322791639898927,0.32193014587113744,0.321982408462786,0.3208847290848035,0.32119022806264563,0.32193897364261986,0.32158569994810215,0.31927944271992176,0.3142644091570258,0.31248959670602733,0.31048498212154046,0.30852622042893085,0.3059471079914955,0.28175444477476,0.16178288381647885,0.3089958021735738,0.8919440047911412,0.8910378866389388,0.8893647051837813,0.8859678220177304,0.8844014837815967,0.8835805151951607,0.8834505616454629,0.8809353851909499,0.880217187915209,0.8792303264819686,0.8778962113199924,0.870476900594688,0.8586377413247572,0.8488716211978973,0.8305238290780567,0.8102511038385906,0.7639054977798932,0.645178500981888,0.30077070721410193,0.8240337890616739,0.8836797335725127,0.8850810053041965,0.8870934197747965,0.8902938535755588,0.8920385271369531,0.892567471835303,0.8936045478534782,0.895436284035879,0.8975706547502912,0.8994695389574066,0.901869504276958,0.9048290519359942,0.9084128898349291,0.9108527070720392,0.9162156363460786,0.9207382529166279,0.9284884275510124,0.9418102281578152,0.9648786097027949,0.9060489655047697,0.5568520296269034,0.5555197454828308,0.5529254333102134,0.5485803515679625,0.5472562593870967,0.5460122250618633,0.5455649334675686,0.5432108172867123,0.5420715498436803,0.5414305497950888,0.5390099193901832,0.5337515226083777,0.5245801680071757,0.5196996153796788,0.5095789085931459,0.49852535142012266,0.47444745872144917,0.3945274008095346,0.16694503470022218,0.50739417233999,1137.0,1135.0,1132.0,1127.0,1124.0,1123.0,1121.0,1117.0,1112.0,1107.0,1100.0,1090.0,1076.0,1065.0,1035.0,1002.0,924.0,726.0,276.0,1027.842105263158,18.0,20.0,23.0,28.0,31.0,32.0,34.0,38.0,43.0,48.0,55.0,65.0,79.0,90.0,120.0,153.0,231.0,429.0,879.0,127.15789473684211,1.0,3.0,6.0,11.0,14.0,15.0,17.0,21.0,26.0,31.0,38.0,48.0,62.0,73.0,103.0,136.0,214.0,412.0,862.0,110.15789473684211,0.9506493506493506,0.9001991132517589,0.9645021645021645,0.9748917748917749,0.9894551845342706,1.0,0.0,0.0,0.8533542870315849,0.9821194941125163,0.027210884353741496,0.963459636378653,1013.6242015214806,1126,29,12,16,3,0,0,17.0,441,0.4317488006977758,0.42857142857142855,0.4349736379613357,495,660,643,1138,1155,16,3
tagging_006_tagging_aria01_rgb,0.6724018033829021,0.9367345680306397,0.629862012834906,0.6724018033829021,0.6724018033829021,0.6724018033829021,0.6724018033829021,0.6724018033829021,0.6704632830819167,0.6704632830819167,0.6704632830819167,0.6704632830819167,0.6704632830819167,0.6704632830819167,0.6704632830819167,0.6704632830819167,0.6681382427352979,0.6662172771365379,0.6616618966567607,0.628015459466637,0.5335735548408068,0.2310316213535464,0.6375975438820752,0.9907407407407407,0.9907407407407407,0.9907407407407407,0.9907407407407407,0.9907407407407407,0.987673343605547,0.987673343605547,0.987673343605547,0.987673343605547,0.987673343605547,0.987673343605547,0.987673343605547,0.987673343605547,0.9846153846153847,0.9815668202764977,0.9724770642201835,0.9196428571428571,0.7551020408163265,0.30434782608695654,0.9354127603003308,0.45634964486727597,0.45634964486727597,0.45634964486727597,0.45634964486727597,0.45634964486727597,0.45513126062508197,0.45513126062508197,0.45513126062508197,0.45513126062508197,0.45513126062508197,0.45513126062508197,0.45513126062508197,0.45513126062508197,0.4533838475211214,0.4521805863712831,0.45018693149178285,0.4288658518529923,0.3770361130499276,0.17537700450010202,0.4347278233749603,0.9938080495356038,0.9938080495356038,0.9938080495356038,0.9938080495356038,0.9938080495356038,0.9922600619195047,0.9922600619195047,0.9922600619195047,0.9922600619195047,0.9922600619195047,0.9922600619195047,0.9922600619195047,0.9922600619195047,0.9907120743034056,0.9891640866873065,0.9845201238390093,0.9566563467492261,0.8591331269349846,0.46594427244582043,0.9554342512628322,0.9968944099378882,0.9968944099378882,0.9968944099378882,0.9968944099378882,0.9968944099378882,0.9953416149068323,0.9953416149068323,0.9953416149068323,0.9953416149068323,0.9953416149068323,0.9953416149068323,0.9953416149068323,0.9953416149068323,0.9937888198757764,0.9922360248447205,0.9875776397515528,0.9596273291925466,0.8618012422360248,0.4673913043478261,0.9584014383785551,0.4569519524879356,0.4569519524879356,0.4569519524879356,0.4569519524879356,0.4569519524879356,0.45611534034051726,0.45611534034051726,0.45611534034051726,0.45611534034051726,0.45611534034051726,0.45611534034051726,0.45611534034051726,0.45611534034051726,0.45492991316543313,0.45409812793100346,0.4528342799575408,0.4390138718805992,0.40462764856689243,0.22767735730356467,0.4403612465246763,0.9969346774391128,0.9969346774391128,0.9969346774391128,0.9969346774391128,0.9969346774391128,0.9953804456115426,0.9953804456115426,0.9953804456115426,0.9953804456115426,0.9953804456115426,0.9953804456115426,0.9953804456115426,0.9953804456115426,0.9938376672129831,0.9922950159304765,0.9877191789821316,0.9605843716645742,0.8680906801351556,0.5165544250023799,0.9614104363692423,0.9367345680306397,0.9367345680306397,0.9367345680306397,0.9367345680306397,0.9367345680306397,0.9377346025966425,0.9377346025966425,0.9377346025966425,0.9377346025966425,0.9377346025966425,0.9377346025966425,0.9377346025966425,0.9377346025966425,0.938139207003219,0.9384726529471501,0.9392217433607093,0.9424650641437243,0.949311760809045,0.9650516363017014,0.9399058802890468,0.6734418686655983,0.6734418686655983,0.6734418686655983,0.6734418686655983,0.6734418686655983,0.6720182831213345,0.6720182831213345,0.6720182831213345,0.6720182831213345,0.6720182831213345,0.6720182831213345,0.6720182831213345,0.6720182831213345,0.6702035899883774,0.6687905477320093,0.6657462681404933,0.6405288745085411,0.5691434043999778,0.2858599495653902,0.6444014864543925,642.0,642.0,642.0,642.0,642.0,641.0,641.0,641.0,641.0,641.0,641.0,641.0,641.0,640.0,639.0,636.0,618.0,555.0,301.0,617.2105263157895,4.0,4.0,4.0,4.0,4.0,5.0,5.0,5.0,5.0,5.0,5.0,5.0,5.0,6.0,7.0,10.0,28.0,91.0,345.0,28.789473684210527,2.0,2.0,2.0,2.0,2.0,3.0,3.0,3.0,3.0,3.0,3.0,3.0,3.0,4.0,5.0,8.0,26.0,89.0,343.0,26.789473684210527,0.9767801857585139,0.9377346025966425,0.9876160990712074,0.9922600619195047,0.9953416149068323,1.0,0.0,0.0,0.9149967186756159,0.993798449612403,0.008086253369272238,0.9863078977708758,601.0878802644479,641,5,3,7,3,0,0,10.0,371,0.5984496124031008,0.5975232198142415,0.5993788819875776,386,260,258,644,646,10,3
tagging_006_tagging_aria02_rgb,0.9089263586152212,0.9166884880286733,0.8332023294083948,0.9089263586152212,0.9089263586152212,0.9089263586152212,0.9089263586152212,0.9089263586152212,0.9089263586152212,0.9089263586152212,0.9067053743088281,0.9067053743088281,0.9050407894307049,0.9001070681839065,0.8952851693086276,0.8860821865993831,0.8720216839950576,0.8447109525502406,0.8046776648438557,0.7320417517967193,0.6058410238947027,0.25008506867973307,0.8353572956951124,0.9848771266540642,0.9848771266540642,0.9848771266540642,0.9848771266540642,0.9848771266540642,0.9848771266540642,0.9848771266540642,0.9811320754716981,0.9811320754716981,0.9792648444863337,0.9736842105263158,0.9644527595884004,0.9516728624535316,0.9301470588235294,0.8987341772151899,0.8453427065026362,0.7587939698492462,0.6166281755196305,0.24925639500297442,0.8960200630257701,0.838832685852098,0.838832685852098,0.838832685852098,0.838832685852098,0.838832685852098,0.838832685852098,0.838832685852098,0.8379245326428296,0.8379245326428296,0.8364425978786219,0.8320898351188069,0.8310780662041438,0.8250121153865317,0.8175285941551805,0.7939350827508234,0.7659688068729333,0.7062327162142272,0.595242580221826,0.2509164973512535,0.7790591978107733,0.9858088930936613,0.9858088930936613,0.9858088930936613,0.9858088930936613,0.9858088930936613,0.9858088930936613,0.9858088930936613,0.9839167455061495,0.9839167455061495,0.9829706717123936,0.9801324503311258,0.9754020813623463,0.9687795648060549,0.9574266792809839,0.9403973509933775,0.9101229895931883,0.8571428571428571,0.7578051087984863,0.39640491958372753,0.9260568640143404,0.9990412272291467,0.9990412272291467,0.9990412272291467,0.9990412272291467,0.9990412272291467,0.9990412272291467,0.9990412272291467,0.99712368168744,0.99712368168744,0.9961649089165868,0.9932885906040269,0.9884947267497604,0.9817833173537871,0.9702780441035475,0.9530201342281879,0.9223394055608821,0.8686481303930969,0.7679769894534996,0.40172579098753597,0.9384871574910431,0.8388335087610673,0.8388335087610673,0.8388335087610673,0.8388335087610673,0.8388335087610673,0.8388335087610673,0.8388335087610673,0.8386171812058908,0.8386171812058908,0.837804630713445,0.8353906617731502,0.8357448221188404,0.8329945489238584,0.8304025932040994,0.8170110008318423,0.8026176815547519,0.7674578627392058,0.6968302402975217,0.37993401009645533,0.7992240513680224,0.9991275519106613,0.9991275519106613,0.9991275519106613,0.9991275519106613,0.9991275519106613,0.9991275519106613,0.9991275519106613,0.9972320331695331,0.9972320331695331,0.9962766598955242,0.993438605769687,0.9890001813046143,0.9826825122273608,0.9733604664910989,0.9566146498669628,0.9298231245499594,0.881563439037188,0.789317827001043,0.4306961296265061,0.9426910802886126,0.9166884880286733,0.9166884880286733,0.9166884880286733,0.9166884880286733,0.9166884880286733,0.9166884880286733,0.9166884880286733,0.9177155440194135,0.9177155440194135,0.9181477938641172,0.9193008330784668,0.9209510286008572,0.922913560020826,0.9258471630187176,0.9293996933980428,0.9344289944614435,0.941150688984694,0.9491665429509686,0.9657682550872723,0.9252276346160497,0.9093562126750109,0.9093562126750109,0.9093562126750109,0.9093562126750109,0.9093562126750109,0.9093562126750109,0.9093562126750109,0.9079911778964013,0.9079911778964013,0.9067516431116122,0.9030826368559074,0.9003528616881915,0.8940105581613044,0.8847167270484071,0.8640685439706633,0.8349406089335466,0.7780374850761519,0.6716233083109107,0.3153799834402212,0.8491810632165682,1042.0,1042.0,1042.0,1042.0,1042.0,1042.0,1042.0,1040.0,1040.0,1039.0,1036.0,1031.0,1024.0,1012.0,994.0,962.0,906.0,801.0,419.0,978.8421052631579,15.0,15.0,15.0,15.0,15.0,15.0,15.0,17.0,17.0,18.0,21.0,26.0,33.0,45.0,63.0,95.0,151.0,256.0,638.0,78.15789473684211,1.0,1.0,1.0,1.0,1.0,1.0,1.0,3.0,3.0,4.0,7.0,12.0,19.0,31.0,49.0,81.0,137.0,242.0,624.0,64.15789473684211,0.9735099337748344,0.9178018437227953,0.9810785241248817,0.9839167455061495,0.99712368168744,1.0,0.0,0.0,0.8926337913639613,0.9904761904761905,0.008086253369272238,0.9802241343547853,954.513917471707,1040,17,3,8,3,0,0,11.0,371,0.9076190476190477,0.9016083254493851,0.9137104506232023,953,104,90,1043,1057,10,3
tagging_006_tagging_aria03_rgb,0.6728724359639868,0.9068667572503422,0.6102056440457992,0.6728724359639868,0.6728724359639868,0.6728724359639868,0.6728724359639868,0.6722358585215384,0.6722358585215384,0.6712346519487621,0.6678777444851296,0.6635981455381509,0.6599595515874801,0.65543214701475,0.6535769112039275,0.6518687576613708,0.6508805247023589,0.642363149202529,0.6213761924394456,0.562047820685824,0.4223728909682485,0.10079894539362884,0.6136499417752963,0.9779116465863453,0.9779116465863453,0.9779116465863453,0.9779116465863453,0.9759277833500501,0.9759277833500501,0.9719719719719719,0.9660678642714571,0.9601990049751243,0.9504950495049505,0.9428007889546351,0.9370698131760079,0.9313725490196079,0.9275929549902152,0.912621359223301,0.8761904761904762,0.7795844625112918,0.5684713375796179,0.12507138777841234,0.8796321670101341,0.46298386634475275,0.46298386634475275,0.46298386634475275,0.46298386634475275,0.4630476324087804,0.4630476324087804,0.463548302799999,0.46172810221250116,0.458615866585991,0.4582313289883992,0.45565436980243723,0.45584947124812925,0.4562437207992404,0.4567148285869495,0.45213758289041733,0.4406671643011631,0.405212992213924,0.3138220825423587,0.08123702449411445,0.4282996614559051,0.9828456104944501,0.9828456104944501,0.9828456104944501,0.9828456104944501,0.9818365287588294,0.9818365287588294,0.9798183652875883,0.9767911200807265,0.9737638748738647,0.9687184661957619,0.9646821392532795,0.9616548940464178,0.958627648839556,0.9566094853683148,0.9485368314833501,0.9283551967709385,0.8708375378405651,0.7204843592330978,0.2209889001009082,0.9118381220457805,0.9948927477017364,0.9948927477017364,0.9948927477017364,0.9948927477017364,0.9938712972420838,0.9938712972420838,0.9918283963227783,0.9887640449438202,0.9856996935648621,0.9805924412665986,0.9765066394279878,0.9734422880490297,0.9703779366700716,0.9683350357507661,0.9601634320735445,0.9397344228804902,0.881511746680286,0.7293156281920327,0.2236976506639428,0.9230148916724907,0.4634981529245037,0.4634981529245037,0.4634981529245037,0.4634981529245037,0.46359652599532525,0.46359652599532525,0.46413476971049744,0.4631085469259576,0.46124084925445114,0.46150894598050873,0.4601212601603618,0.46042484559947694,0.4609848447901472,0.4615095181327957,0.45850093801852104,0.4512386037939964,0.42710342891674313,0.3582469973570164,0.11599797442422047,0.4360687993028083,0.9950142110019862,0.9950142110019862,0.9950142110019862,0.9950142110019862,0.9939981859800181,0.9939981859800181,0.9921474359749659,0.9901167706672382,0.9871107926137953,0.9833666268227482,0.9808620961463422,0.9778934404211795,0.9772654906981522,0.9761781878118118,0.9679847962925583,0.9511966985892637,0.8958268593666052,0.7477507583293739,0.29319088318224296,0.930997055414961,0.9068667572503422,0.9068667572503422,0.9068667572503422,0.9068667572503422,0.907553339052339,0.907553339052339,0.9087603841117823,0.9103661791687636,0.9118819917108787,0.9141459328088023,0.9157833370203127,0.9168664511611935,0.9177893907468542,0.9183134042937428,0.9199236192250807,0.9228952059564619,0.9290294546850459,0.9392806130844787,0.9636544007483843,0.9174349511488331,0.6745677584695917,0.6745677584695917,0.6745677584695917,0.6745677584695917,0.6742678103352046,0.6742678103352046,0.6739385285627547,0.671574202998371,0.6682690800309483,0.6662560695261902,0.6629944435823878,0.6620950649070232,0.6613379207089116,0.6609824030446195,0.6548810199337106,0.639605856778452,0.5940325617679402,0.47550384020923286,0.1339868676043473,0.6248560270633509,974.0,974.0,974.0,974.0,973.0,973.0,971.0,968.0,965.0,960.0,956.0,953.0,950.0,948.0,940.0,920.0,863.0,714.0,219.0,903.6315789473684,17.0,17.0,17.0,17.0,18.0,18.0,20.0,23.0,26.0,31.0,35.0,38.0,41.0,43.0,51.0,71.0,128.0,277.0,772.0,87.36842105263158,5.0,5.0,5.0,5.0,6.0,6.0,8.0,11.0,14.0,19.0,23.0,26.0,29.0,31.0,39.0,59.0,116.0,265.0,760.0,75.36842105263158,0.9445005045408678,0.9135487730639519,0.9556004036326943,0.9717457114026236,0.9836567926455567,1.0,0.0,0.0,0.8604918955202681,0.9776649746192894,0.0431266846361186,0.9545495532944922,879.7474684605857,963,28,16,11,3,0,0,13.0,371,0.5796954314720812,0.5761856710393541,0.5832482124616956,571,420,408,979,991,13,3
tagging_006_tagging_aria04_rgb,0.6350164579115896,0.9163734441262055,0.5819122186132669,0.6350164579115896,0.6350164579115896,0.6350164579115896,0.6350164579115896,0.6326801483304413,0.6326801483304413,0.6326801483304413,0.6321986109264347,0.6321986109264347,0.627580060844641,0.6243510876943985,0.6141373298662818,0.6129117614038875,0.5984110757142032,0.5788393098183738,0.5652910025307731,0.5220166147535797,0.4292981094367445,0.15106287676899155,0.5803369856485487,0.988929889298893,0.988929889298893,0.988929889298893,0.988929889298893,0.9864864864864865,0.9864864864864865,0.9864864864864865,0.9840490797546012,0.9840490797546012,0.9791921664626683,0.9743589743589743,0.96,0.9552599758162031,0.9365269461077844,0.9090909090909091,0.8802325581395349,0.7986651835372637,0.6300403225806451,0.20671641791044776,0.9007031910615086,0.4077598484807298,0.4077598484807298,0.4077598484807298,0.4077598484807298,0.40576751488720214,0.40576751488720214,0.40576751488720214,0.4061536074572451,0.4061536074572451,0.4022261883411208,0.40007255125005164,0.3928798540992564,0.393255068544288,0.38236573653932715,0.36856044125011245,0.3630335126635826,0.34119597510421973,0.29251598693093656,0.11039274465180333,0.3740603796249323,0.9962825278810409,0.9962825278810409,0.9962825278810409,0.9962825278810409,0.9950433705080545,0.9950433705080545,0.9950433705080545,0.9938042131350682,0.9938042131350682,0.9913258983890955,0.9888475836431226,0.9814126394052045,0.9789343246592317,0.9690210656753407,0.9541511771995044,0.9380421313506815,0.8897149938042132,0.7744733581164808,0.34324659231722426,0.935107284940977,0.9925925925925926,0.9925925925925926,0.9925925925925926,0.9925925925925926,0.991358024691358,0.991358024691358,0.991358024691358,0.9901234567901235,0.9901234567901235,0.9876543209876543,0.9851851851851852,0.9777777777777777,0.9753086419753086,0.9654320987654321,0.9506172839506173,0.9345679012345679,0.8864197530864197,0.7716049382716049,0.3419753086419753,0.9316439246263806,0.4123981934115717,0.4123981934115717,0.4123981934115717,0.4123981934115717,0.41104160067574697,0.41104160067574697,0.41104160067574697,0.4114368188124346,0.4114368188124346,0.40873718786295,0.40725584467847903,0.40235964892341924,0.4028021551576276,0.39498282036391796,0.38477864445852256,0.3810857886720969,0.3648033916048472,0.324728253968254,0.14278308532182796,0.38525831759528106,0.9854549837258246,0.9854549837258246,0.9854549837258246,0.9854549837258246,0.9842644650985324,0.9842644650985324,0.9842644650985324,0.9830870249944514,0.9830870249944514,0.9807249227371179,0.9784200001740805,0.9715156199990626,0.9694189774142657,0.960094229759506,0.9470130932214598,0.9342329834931076,0.8953088399982998,0.8084296426347397,0.37413851360718825,0.9305307475382435,0.9163734441262055,0.9163734441262055,0.9163734441262055,0.9163734441262055,0.9172230418598843,0.9172230418598843,0.9172230418598843,0.9178815994505921,0.9178815994505921,0.9189678712684298,0.9199819747608168,0.9226126586157314,0.9233491448240563,0.9258993884367817,0.9290166631764177,0.9315087453587583,0.9371247435650473,0.9462005476788052,0.9639538128322231,0.9248179816580383,0.6373727422888209,0.6373727422888209,0.6373727422888209,0.6373727422888209,0.6354181895854405,0.6354181895854405,0.6354181895854405,0.6353244574790246,0.6353244574790246,0.6314564415008236,0.628975973774478,0.6209486730645962,0.6204602202754198,0.6087039128337154,0.5930112805739564,0.5835586774015717,0.5509693048400004,0.4759683169089714,0.19465850461327647,0.5913213557187613,804.0,804.0,804.0,804.0,803.0,803.0,803.0,802.0,802.0,800.0,798.0,792.0,790.0,782.0,770.0,757.0,718.0,625.0,277.0,754.6315789473684,3.0,3.0,3.0,3.0,4.0,4.0,4.0,5.0,5.0,7.0,9.0,15.0,17.0,25.0,37.0,50.0,89.0,182.0,530.0,52.36842105263158,6.0,6.0,6.0,6.0,7.0,7.0,7.0,8.0,8.0,10.0,12.0,18.0,20.0,28.0,40.0,53.0,92.0,185.0,533.0,55.36842105263158,0.9640644361833953,0.9189678712684298,0.9789343246592317,0.9913258983890955,0.9876543209876543,1.0,0.0,0.0,0.8837351883701906,0.9894867037724181,0.026954177897574125,0.9775970492614032,735.1742970147438,800,7,10,12,3,0,0,16.0,371,0.5553494124922697,0.5563816604708798,0.554320987654321,449,358,361,810,807,14,3
tagging_007_tagging_aria01_rgb,0.4001989534989921,0.9061170051123938,0.36262707719362086,0.4001989534989921,0.3999148026553208,0.3999148026553208,0.3999148026553208,0.3999148026553208,0.3993436551896172,0.39885560922351904,0.39885560922351904,0.3981615394056172,0.395581378033115,0.39261043270697643,0.3889805237572346,0.3826486690078985,0.37568930557478386,0.3657347986426377,0.3415883735934035,0.314008212317038,0.2518598727077993,0.10152701893621748,0.3634370085494554,0.9812850904553961,0.9788161993769471,0.9788161993769471,0.9788161993769471,0.9788161993769471,0.9775840597758406,0.9763534536403236,0.9763534536403236,0.9738968303293971,0.9677819083023544,0.959284392350401,0.947271612507664,0.928354584092289,0.9098015634395671,0.8826318909306461,0.8117512835139761,0.7317339149400218,0.5560999510044096,0.19533308242378622,0.8784622036239045,0.16321373262418726,0.16339313702066513,0.16339313702066513,0.16339313702066513,0.16339313702066513,0.1631321146713168,0.1629387353687487,0.1629387353687487,0.16278173059484238,0.1616941020535066,0.1606853536860787,0.15972805039719098,0.1577199126308838,0.15513542732292587,0.15154895751289055,0.1437418324355229,0.1347500168973637,0.11406833495636448,0.05277004512585249,0.15054840156468866,0.9868255959849436,0.9855708908406524,0.9855708908406524,0.9855708908406524,0.9855708908406524,0.9849435382685069,0.9843161856963614,0.9843161856963614,0.9830614805520702,0.9799247176913425,0.9755332496863237,0.9692597239648683,0.9592220828105396,0.9491844416562107,0.9341279799247177,0.8927227101631117,0.8419071518193224,0.7120451693851945,0.32559598494353825,0.9160668295582118,0.9943109987357776,0.993046776232617,0.993046776232617,0.993046776232617,0.993046776232617,0.9924146649810367,0.9917825537294563,0.9917825537294563,0.9905183312262958,0.9873577749683944,0.9829329962073325,0.9766118836915297,0.9664981036662452,0.9563843236409608,0.9412136536030341,0.8994943109987358,0.8482932996207333,0.7174462705436156,0.3280657395701643,0.9230155033601701,0.16348822825057055,0.1636682382501681,0.1636682382501681,0.1636682382501681,0.1636682382501681,0.16344824711150213,0.1632832232934112,0.1632832232934112,0.1631661383656862,0.16224213326642276,0.16138933861477625,0.16065387011078555,0.15897648691747943,0.15679492848578597,0.1537317515328869,0.14696594146671815,0.1388148076388393,0.11955885748680872,0.0580558932521499,0.15202768537304773,0.9649764009079173,0.9643531430420514,0.9643531430420514,0.9643531430420514,0.9643531430420514,0.9636985106591153,0.9630430438180745,0.9630430438180745,0.9620537063164027,0.9588384269351684,0.954404262245168,0.950382198987671,0.9416914515415429,0.9318324694398317,0.9179647697995644,0.880187149266815,0.8396929582969724,0.7428126333436116,0.423262230004776,0.9060682014499427,0.9061170051123938,0.907195938676218,0.907195938676218,0.907195938676218,0.907195938676218,0.9075847899303771,0.9079425526614663,0.9079425526614663,0.908584471109912,0.9099379321262072,0.9116799516054597,0.9138397877759117,0.9168105893275654,0.9193924562693984,0.9225293887515809,0.9293029318169745,0.9354892935171127,0.9456701246574482,0.9654020303062242,0.9177373480175983,0.4013271595217433,0.4012923119257404,0.4012923119257404,0.4012923119257404,0.4012923119257404,0.40084401234094863,0.4004787566155732,0.4004787566155732,0.400030560189336,0.3980553319667224,0.3959215897856249,0.39346914242088654,0.3889581251169497,0.3837344576196006,0.3762527362574435,0.3582200416163952,0.33681894681514735,0.28499439798966514,0.13107904034691018,0.37135959489060427,1573.0,1571.0,1571.0,1571.0,1571.0,1570.0,1569.0,1569.0,1567.0,1562.0,1555.0,1545.0,1529.0,1513.0,1489.0,1423.0,1342.0,1135.0,519.0,1460.2105263157894,21.0,23.0,23.0,23.0,23.0,24.0,25.0,25.0,27.0,32.0,39.0,49.0,65.0,81.0,105.0,171.0,252.0,459.0,1075.0,133.78947368421052,9.0,11.0,11.0,11.0,11.0,12.0,13.0,13.0,15.0,20.0,27.0,37.0,53.0,69.0,93.0,159.0,240.0,447.0,1063.0,121.78947368421052,0.9466750313676286,0.9100401374026563,0.9673776662484316,0.9799247176913425,0.9873577749683944,1.0,0.0,0.0,0.8585211384083746,0.9836272040302267,0.027932960893854747,0.9664250226224104,1421.482694622949,1562,32,20,33,3,0,0,34.0,716,0.25251889168765745,0.25156838143036386,0.2534766118836915,401,1193,1181,1582,1594,32,3
tagging_007_tagging_aria02_rgb,0.5539658151954456,0.9136111144001775,0.5061093257603139,0.5539658151954456,0.5539658151954456,0.5539658151954456,0.5539658151954456,0.5539658151954456,0.5539658151954456,0.5537933576080223,0.5537933576080223,0.5533339536401962,0.5522895401777763,0.5506416372386005,0.5489014034693709,0.545036563255312,0.5390137249593371,0.5288788135620149,0.5052211963251017,0.45820468863222397,0.3468597234007265,0.12256633962752483,0.5095962731935212,0.984468339307049,0.984468339307049,0.984468339307049,0.984468339307049,0.984468339307049,0.984468339307049,0.9832835820895522,0.9832835820895522,0.9821002386634845,0.9773809523809524,0.970344009489917,0.9645180366646955,0.9529688418577308,0.9415546464056107,0.9158016147635525,0.8736604624929498,0.7831454643048846,0.5796481217308607,0.18052594171997158,0.8944750279208425,0.31171964821251746,0.31171964821251746,0.31171964821251746,0.31171964821251746,0.31171964821251746,0.31171964821251746,0.31190094955011205,0.31190094955011205,0.3117588736845858,0.31208275079100467,0.31247290620178475,0.3123764815974989,0.31172567479337454,0.3085702957376522,0.30542946739287263,0.2921597899575623,0.26808753450536177,0.2075598336424715,0.0832152291607618,0.29050308557054,0.9909801563439568,0.9909801563439568,0.9909801563439568,0.9909801563439568,0.9909801563439568,0.9909801563439568,0.9903788334335538,0.9903788334335538,0.9897775105231509,0.9873722188815394,0.9837642814191221,0.9807576668671076,0.9747444377630787,0.9687312086590499,0.9549007817197835,0.931449188214071,0.8773301262778112,0.7330126277811184,0.30547203848466625,0.9270500363958604,0.9933694996986137,0.9933694996986137,0.9933694996986137,0.9933694996986137,0.9933694996986137,0.9933694996986137,0.9927667269439421,0.9927667269439421,0.9921639541892706,0.9897528631705846,0.9861362266425557,0.9831223628691983,0.9770946353224834,0.9710669077757685,0.9572031344183243,0.9336949969861362,0.8794454490657022,0.7347799879445449,0.30620855937311636,0.9292852384124869,0.3205851176203534,0.3205851176203534,0.3205851176203534,0.3205851176203534,0.3205851176203534,0.3205851176203534,0.32077181835647045,0.32077181835647045,0.3206708637112663,0.3210311462803316,0.32150470024505456,0.32161235587255327,0.3214214094262013,0.3192107221716506,0.31718947193044217,0.3075229039603525,0.28917026924180517,0.23597957439001516,0.10513244565506832,0.3023947476484107,0.9157942522422162,0.9157942522422162,0.9157942522422162,0.9157942522422162,0.9157942522422162,0.9157942522422162,0.915338349136919,0.915338349136919,0.9146832019056389,0.9124453209521001,0.9090693773371618,0.9067148952036909,0.9023132648215183,0.8966568167443281,0.8884691405374492,0.8661402276140119,0.8216415568965635,0.7125510994251205,0.3691432327877685,0.8644879129448677,0.9136111144001775,0.9136111144001775,0.9136111144001775,0.9136111144001775,0.9136111144001775,0.9136111144001775,0.9139677485147208,0.9139677485147208,0.9142698201618114,0.9153520899995388,0.9168162634973248,0.917876601135358,0.9196920172121776,0.9212050813367497,0.9239681911941597,0.927639312159788,0.9337528723886255,0.944079939553526,0.9641696871490183,0.9214960031167676,0.5557949133638448,0.5557949133638448,0.5557949133638448,0.5557949133638448,0.5557949133638448,0.5557949133638448,0.5557878179325791,0.5557878179325791,0.5554925038909444,0.5551052495907138,0.554436366080494,0.553503052634508,0.5512285076198292,0.5467373003062954,0.5400507727739228,0.5216627255083163,0.48497553598207005,0.3900563793608301,0.1594362746827288,0.5188963044462568,1648.0,1648.0,1648.0,1648.0,1648.0,1648.0,1647.0,1647.0,1646.0,1642.0,1636.0,1631.0,1621.0,1611.0,1588.0,1549.0,1459.0,1219.0,508.0,1541.6842105263158,15.0,15.0,15.0,15.0,15.0,15.0,16.0,16.0,17.0,21.0,27.0,32.0,42.0,52.0,75.0,114.0,204.0,444.0,1155.0,121.3157894736842,11.0,11.0,11.0,11.0,11.0,11.0,12.0,12.0,13.0,17.0,23.0,28.0,38.0,48.0,71.0,110.0,200.0,440.0,1151.0,117.3157894736842,0.9657245941070355,0.9153520899995388,0.9771497294046904,0.9873722188815394,0.9897528631705846,1.0,0.0,0.0,0.8821455993861952,0.9885611077664058,0.023743016759776536,0.9763807855676773,1503.0081317792426,1642,21,17,19,3,0,0,25.0,716,0.4798314268512944,0.4792543595911004,0.4804098854731766,797,866,862,1659,1663,21,3
tagging_007_tagging_aria03_rgb,0.4393007203359075,0.9086516896710621,0.3991713418069371,0.4393007203359075,0.4393007203359075,0.4393007203359075,0.4393007203359075,0.43898367510448316,0.4388165726681208,0.438662237992491,0.438662237992491,0.43774418344637916,0.43639730304627,0.4357681780614039,0.4338351679165774,0.4276252619835207,0.42237285094034266,0.41421351307956533,0.4006911338905964,0.37008133478249244,0.28558983074897737,0.09307829993570026,0.40366971910173904,0.978523489932886,0.978523489932886,0.978523489932886,0.978523489932886,0.97719651240778,0.9758713136729222,0.9745478901540523,0.9745478901540523,0.9692718770875084,0.9653333333333334,0.9614105123087159,0.9549071618037135,0.9356533158240316,0.9217731421121251,0.8958199356913183,0.8529226901319925,0.7663271420011983,0.5639257294429708,0.1574401256380055,0.8821601332365928,0.19722073601000983,0.19722073601000983,0.19722073601000983,0.19722073601000983,0.19720359678056518,0.1973210829647724,0.19745008017016297,0.19745008017016297,0.19769475899468122,0.19728170522036395,0.19751594410482073,0.1971007868091507,0.1954392311701761,0.19353875380084826,0.19152602837009852,0.1882390826695978,0.1787228806704292,0.1446317257199696,0.05502771217827853,0.18500138914916406,0.983142279163857,0.983142279163857,0.983142279163857,0.983142279163857,0.9824679703304113,0.9817936614969656,0.9811193526635199,0.9811193526635199,0.978422117329737,0.9763991908293999,0.9743762643290627,0.9710047201618341,0.9608900876601484,0.9534726904922455,0.9393122049898853,0.9150370869858395,0.8624409979770735,0.7167902899527984,0.27039784221173296,0.9146112077226106,0.995221843003413,0.995221843003413,0.995221843003413,0.995221843003413,0.9945392491467577,0.9938566552901024,0.9931740614334471,0.9931740614334471,0.990443686006826,0.9883959044368601,0.9863481228668942,0.9829351535836177,0.9726962457337884,0.9651877133105802,0.9508532423208191,0.9262798634812287,0.8730375426621161,0.7255972696245734,0.2737201365187713,0.9258487515717622,0.19745481512077345,0.19745481512077345,0.19745481512077345,0.19745481512077345,0.1974453348252944,0.19756297795247527,0.1976920613815189,0.1976920613815189,0.19794306681872728,0.1976241887301393,0.19786403647820444,0.19756270266742662,0.19625186736065975,0.1947033515908696,0.1931657012088736,0.1906062074459025,0.18281074975091294,0.152934349178206,0.06231598927823955,0.1865259950806349,0.9801189705475719,0.9801189705475719,0.9801189705475719,0.9801189705475719,0.9794319334131011,0.979211763037698,0.9795411182012977,0.9795411182012977,0.9780074041680078,0.9770461764566283,0.976814832792026,0.9737485041476052,0.9648947618340435,0.959533741119622,0.9470620214735682,0.9282293740888694,0.8863489331187967,0.7582399629269343,0.37373105388276795,0.9243083463711869,0.9086516896710621,0.9086516896710621,0.9086516896710621,0.9086516896710621,0.9091075848791537,0.9095498630630818,0.9099484775518135,0.9099484775518135,0.9113308191489689,0.9122685848110841,0.9130696402094213,0.9142357730967932,0.9172787347711001,0.9191469879183913,0.9221879084699458,0.9260272692345917,0.9319733517982871,0.9423090123026792,0.9648771307165828,0.918308756537261,0.4403362850132322,0.4403362850132322,0.4403362850132322,0.4403362850132322,0.440166124856126,0.440146099079079,0.44013872226823036,0.44013872226823036,0.43980555326253906,0.4388914414096127,0.438696760601538,0.4374766214774187,0.4333539199907421,0.42957411037097093,0.42414942652474796,0.4150249894438591,0.3926040493509235,0.32197921767590937,0.1219810421125136,0.4113406284602826,1458.0,1458.0,1458.0,1458.0,1457.0,1456.0,1455.0,1455.0,1451.0,1448.0,1445.0,1440.0,1425.0,1414.0,1393.0,1357.0,1279.0,1063.0,401.0,1356.3684210526317,25.0,25.0,25.0,25.0,26.0,27.0,28.0,28.0,32.0,35.0,38.0,43.0,58.0,69.0,90.0,126.0,204.0,420.0,1082.0,126.63157894736842,7.0,7.0,7.0,7.0,8.0,9.0,10.0,10.0,14.0,17.0,20.0,25.0,40.0,51.0,72.0,108.0,186.0,402.0,1064.0,108.63157894736842,0.947403910991234,0.9122685848110841,0.9649359406608227,0.9763991908293999,0.9883959044368601,1.0,0.0,0.0,0.8617430281904583,0.9823609226594301,0.023743016759776536,0.9639818116331957,1320.9649108064498,1448,35,17,26,3,0,0,26.0,716,0.33921302578018997,0.33715441672285906,0.3412969283276451,500,983,965,1465,1483,27,3
tagging_007_tagging_aria04_rgb,0.4621780498542688,0.9207786075493283,0.42556366118467764,0.4621780498542688,0.4621780498542688,0.46188916587302326,0.46188916587302326,0.46188916587302326,0.46188916587302326,0.46188916587302326,0.46188916587302326,0.46145184896731894,0.46145184896731894,0.46123811545488097,0.4599341957099029,0.4586226764104222,0.45051606519561666,0.4442050152491212,0.4302769156919055,0.40556601835743805,0.3236516489451116,0.1350272525434362,0.43092803665469215,0.9830769230769231,0.9830769230769231,0.9815526518063028,0.9815526518063028,0.9815526518063028,0.9815526518063028,0.9815526518063028,0.9815526518063028,0.9785111281657713,0.9785111281657713,0.9769938650306749,0.9709480122324159,0.9664378337147216,0.9427279577995479,0.9267563527653214,0.8914159941305942,0.8231966053748232,0.6337135614702155,0.22586780789348548,0.9037131580913161,0.21728569225134858,0.21728569225134858,0.21735115396843477,0.21735115396843477,0.21735115396843477,0.21735115396843477,0.21735115396843477,0.21735115396843477,0.2176140902091848,0.2176140902091848,0.217750189395192,0.2178689916640759,0.21763920241966292,0.21529511596652728,0.21291259022255443,0.20769004078494924,0.19981107085762573,0.16529611520679602,0.08072137016545047,0.2057311144955005,0.9906976744186047,0.9906976744186047,0.9899224806201551,0.9899224806201551,0.9899224806201551,0.9899224806201551,0.9899224806201551,0.9899224806201551,0.9883720930232558,0.9883720930232558,0.9875968992248062,0.9844961240310077,0.982170542635659,0.9697674418604652,0.9612403100775194,0.9418604651162791,0.9023255813953488,0.7751937984496124,0.3682170542635659,0.9352917176662587,0.9922360248447205,0.9922360248447205,0.9914596273291926,0.9914596273291926,0.9914596273291926,0.9914596273291926,0.9914596273291926,0.9914596273291926,0.9899068322981367,0.9899068322981367,0.9891304347826086,0.9860248447204969,0.9836956521739131,0.9712732919254659,0.9627329192546584,0.9433229813664596,0.9037267080745341,0.7763975155279503,0.3687888198757764,0.9367440339980385,0.21753871102802683,0.21753871102802683,0.21760750955105726,0.21760750955105726,0.21760750955105726,0.21760750955105726,0.21760750955105726,0.21760750955105726,0.2178716638580549,0.2178716638580549,0.21800819049286715,0.21818142957629075,0.2180643743057133,0.21630085998235177,0.21441924219710323,0.21032394793633205,0.20416567893771034,0.1744452623719386,0.09232508938344423,0.20751052011906626,0.980288274052803,0.980288274052803,0.9795237999219669,0.9795237999219669,0.9795237999219669,0.9795237999219669,0.9795237999219669,0.9795237999219669,0.9781322032682498,0.9781322032682498,0.9775917523550641,0.9760173091263322,0.9754929426582616,0.9656860287456804,0.9596597521274637,0.9430835252300582,0.9141929958802689,0.796706633541689,0.4265925192249456,0.9331056427928248,0.9207786075493283,0.9207786075493283,0.9213824030324913,0.9213824030324913,0.9213824030324913,0.9213824030324913,0.9213824030324913,0.9213824030324913,0.9221335701203746,0.9221335701203746,0.9224436850256738,0.9235114747994505,0.9241840006190463,0.927321751185239,0.9291402672912777,0.9321837871571077,0.9368026635786331,0.9463069072055201,0.9648511957430271,0.9274139213757543,0.463965979353926,0.463965979353926,0.4638542804611015,0.4638542804611015,0.4638542804611015,0.4638542804611015,0.4638542804611015,0.4638542804611015,0.4637711653514086,0.4637711653514086,0.4637342038844082,0.4631319227173038,0.4623405817569039,0.4569312791393377,0.4523938154362149,0.44228388893755927,0.42461116410291705,0.35796162282585675,0.1724035531491189,0.4386522107435209,1278.0,1278.0,1277.0,1277.0,1277.0,1277.0,1277.0,1277.0,1275.0,1275.0,1274.0,1270.0,1267.0,1251.0,1240.0,1215.0,1164.0,1000.0,475.0,1206.5263157894738,12.0,12.0,13.0,13.0,13.0,13.0,13.0,13.0,15.0,15.0,16.0,20.0,23.0,39.0,50.0,75.0,126.0,290.0,815.0,83.47368421052632,10.0,10.0,11.0,11.0,11.0,11.0,11.0,11.0,13.0,13.0,14.0,18.0,21.0,37.0,48.0,73.0,124.0,288.0,813.0,81.47368421052632,0.9612403100775194,0.9221970004696565,0.9782945736434109,0.9883720930232558,0.9899068322981367,1.0,0.0,0.0,0.8843419965882264,0.9891388673390225,0.018156424581005588,0.9772539359063394,1175.801175598812,1275,15,13,22,3,0,0,20.0,716,0.3126454615981381,0.3124031007751938,0.31288819875776397,403,887,885,1288,1290,24,3
tagging_008_tagging_aria01_rgb,0.6166087689925046,0.8825856435257324,0.5442100471848593,0.6166087689925046,0.6126099089493661,0.6126099089493661,0.6114731623803221,0.6103729266958403,0.6076393170617183,0.6049608283292957,0.6049608283292957,0.6049608283292957,0.6049608283292957,0.5959985060277782,0.5796520767858827,0.5676350127331233,0.5472039311035602,0.5198403037261563,0.4968878279432768,0.41905094341405297,0.33445741546881186,0.12345904825767838,0.54080749325298,0.9490445859872612,0.9428571428571428,0.9428571428571428,0.9367088607594937,0.9305993690851735,0.9245283018867925,0.9184952978056427,0.9184952978056427,0.9184952978056427,0.9184952978056427,0.9065420560747663,0.8830769230769231,0.8545454545454545,0.8214285714285714,0.7739130434782608,0.723943661971831,0.6105263157894737,0.46411483253588515,0.1590909090909091,0.815671492770929,0.40062013904534866,0.3980358036061597,0.3980358036061597,0.3991629031972967,0.4003388805318944,0.3993664000179441,0.39845343213755885,0.39845343213755885,0.39845343213755885,0.39845343213755885,0.39183424178397686,0.38048387557390495,0.3770536792006239,0.36452608617501386,0.3491786882975481,0.3410452035531383,0.28762673882309897,0.2410217362605586,0.09580771575063392,0.3588395591565019,0.9900332225913622,0.9867109634551495,0.9867109634551495,0.9833887043189369,0.9800664451827242,0.9767441860465116,0.973421926910299,0.973421926910299,0.973421926910299,0.973421926910299,0.9667774086378738,0.9534883720930233,0.9368770764119602,0.9169435215946844,0.8870431893687708,0.8538205980066446,0.770764119601329,0.6445182724252492,0.27906976744186046,0.8950865535932855,0.9581993569131833,0.954983922829582,0.954983922829582,0.9517684887459807,0.9485530546623794,0.9453376205787781,0.9421221864951769,0.9421221864951769,0.9421221864951769,0.9421221864951769,0.9356913183279743,0.9228295819935691,0.9067524115755627,0.887459807073955,0.8585209003215434,0.8263665594855305,0.7459807073954984,0.6237942122186495,0.27009646302250806,0.8663056354713149,0.4006295197960564,0.3987876177798659,0.3987876177798659,0.39991881416300024,0.40109709630797535,0.40042451088962716,0.39978702013387307,0.39978702013387307,0.39978702013387307,0.39978702013387307,0.395135725512134,0.3869148907435918,0.3849510693276155,0.37560386473429946,0.3648927213076677,0.3596808735257744,0.3167769313017909,0.2772816271078079,0.12666112956810632,0.36772063633582475,0.9920901246404601,0.9887375497131593,0.9887375497131593,0.9867689989641208,0.9857556251107304,0.9823712250914839,0.9790949914149781,0.9790949914149781,0.9790949914149781,0.9790949914149781,0.9722476841178362,0.9589482519958544,0.9461574000184222,0.9265666608504239,0.9030662637468386,0.8783645097127545,0.7929245540192005,0.676516070557123,0.31167581632231217,0.9056478026438839,0.8825856435257324,0.8852208279563942,0.8852208279563942,0.8875590090899371,0.8898881950822676,0.8920338585173659,0.8938869871908801,0.8938869871908801,0.8938869871908801,0.8938869871908801,0.896448675008414,0.9009051074975492,0.905902905211502,0.9109716782793267,0.9174951627070784,0.922920435588754,0.9332512059121769,0.9443594418838193,0.9636608371130684,0.9049458821101738,0.6297834923956535,0.6266947353104847,0.6266947353104847,0.6265239741521268,0.6263854272820569,0.6245628946069822,0.6227867272954398,0.6227867272954398,0.6227867272954398,0.6227867272954398,0.6154807006620916,0.602317981741046,0.5943508632279872,0.5781434365020887,0.5565398254636059,0.5396215522429014,0.4708421923774326,0.3941356531342848,0.16351463834674032,0.5666704743125119,298.0,297.0,297.0,296.0,295.0,294.0,293.0,293.0,293.0,293.0,291.0,287.0,282.0,276.0,267.0,257.0,232.0,194.0,84.0,269.42105263157896,3.0,4.0,4.0,5.0,6.0,7.0,8.0,8.0,8.0,8.0,10.0,14.0,19.0,25.0,34.0,44.0,69.0,107.0,217.0,31.57894736842105,13.0,14.0,14.0,15.0,16.0,17.0,18.0,18.0,18.0,18.0,20.0,24.0,29.0,35.0,44.0,54.0,79.0,117.0,227.0,41.578947368421055,0.8903654485049833,0.8938869871908801,0.9136212624584718,0.973421926910299,0.9421221864951769,1.0,0.0,0.0,0.7870727151060726,0.9575163398692811,0.08955223880597014,0.9108136277740391,261.90888724692786,293,8,18,7,2,0,0,9.0,201,0.5228758169934641,0.53156146179402,0.5144694533762058,160,141,151,311,301,11,2
tagging_008_tagging_aria03_rgb,0.7130277912872137,0.8870210390991135,0.6324706523341301,0.7130277912872137,0.7130277912872137,0.7130277912872137,0.7130277912872137,0.7130277912872137,0.7130277912872137,0.7130277912872137,0.7130277912872137,0.7130277912872137,0.7064757290162723,0.7064757290162723,0.700133851357296,0.6775682144057481,0.6489552488196118,0.6023671881455356,0.55641177777563,0.5133736603680719,0.3665103164988752,0.11780764633583327,0.6322804991223193,0.974025974025974,0.974025974025974,0.974025974025974,0.974025974025974,0.974025974025974,0.974025974025974,0.974025974025974,0.974025974025974,0.974025974025974,0.9612903225806452,0.9612903225806452,0.9487179487179487,0.9,0.8536585365853658,0.7777777777777778,0.7078651685393258,0.6344086021505376,0.44075829383886256,0.13432835820895522,0.8466488998533596,0.5219661946452004,0.5219661946452004,0.5219661946452004,0.5219661946452004,0.5219661946452004,0.5219661946452004,0.5219661946452004,0.5219661946452004,0.5219661946452004,0.519206262629573,0.519206262629573,0.5166840265632328,0.5101096501922154,0.4933388432511855,0.4665165805984616,0.4373630462511413,0.4154302357602246,0.3047697887432505,0.10331877587307196,0.47282311706835445,1.0,1.0,1.0,1.0,1.0,1.0,1.0,1.0,1.0,0.9933333333333333,0.9933333333333333,0.9866666666666667,0.96,0.9333333333333333,0.8866666666666667,0.84,0.7866666666666666,0.62,0.24,0.9073684210526315,0.974025974025974,0.974025974025974,0.974025974025974,0.974025974025974,0.974025974025974,0.974025974025974,0.974025974025974,0.974025974025974,0.974025974025974,0.9675324675324676,0.9675324675324676,0.961038961038961,0.935064935064935,0.9090909090909091,0.8636363636363636,0.8181818181818182,0.7662337662337663,0.6038961038961039,0.23376623376623376,0.8838004101161995,0.5257037037037037,0.5257037037037037,0.5257037037037037,0.5257037037037037,0.5257037037037037,0.5257037037037037,0.5257037037037037,0.5257037037037037,0.5257037037037037,0.5237882177479494,0.5237882177479494,0.521996996996997,0.5173996913580248,0.5058333333333334,0.489766081871345,0.4699294532627866,0.4537664783427495,0.36164874551971327,0.14151234567901236,0.4863559418522734,0.9752254901960784,0.9752254901960784,0.9752254901960784,0.9752254901960784,0.9752254901960784,0.9752254901960784,0.9752254901960784,0.9752254901960784,0.9752254901960784,0.969522305566522,0.969522305566522,0.9640798887122417,0.9433006535947711,0.9200768986840018,0.8796471820980675,0.8454744706595632,0.7988112055916925,0.6329472556209218,0.29072906045375657,0.8942705599111983,0.8870210390991135,0.8870210390991135,0.8870210390991135,0.8870210390991135,0.8870210390991135,0.8870210390991135,0.8870210390991135,0.8870210390991135,0.8870210390991135,0.8896271984805649,0.8896271984805649,0.8916126618681882,0.8990795367966441,0.9054160820569783,0.9148448854776488,0.9227682867152109,0.9296041575713101,0.942535621989697,0.9638602422000706,0.9016929065015211,0.7224722794994978,0.7224722794994978,0.7224722794994978,0.7224722794994978,0.7224722794994978,0.7224722794994978,0.7224722794994978,0.7224722794994978,0.7224722794994978,0.71815380493692,0.71815380493692,0.7139992340395446,0.6997894427501223,0.6785643573268786,0.6431521604285951,0.6061228908818398,0.5716687142025907,0.43469215431246894,0.1574690642937122,0.6549482180844775,150.0,150.0,150.0,150.0,150.0,150.0,150.0,150.0,150.0,149.0,149.0,148.0,144.0,140.0,133.0,126.0,118.0,93.0,36.0,136.10526315789474,0.0,0.0,0.0,0.0,0.0,0.0,0.0,0.0,0.0,1.0,1.0,2.0,6.0,10.0,17.0,24.0,32.0,57.0,114.0,13.894736842105264,4.0,4.0,4.0,4.0,4.0,4.0,4.0,4.0,4.0,5.0,5.0,6.0,10.0,14.0,21.0,28.0,36.0,61.0,118.0,17.894736842105264,0.94,0.8896271984805649,0.96,0.9933333333333333,0.9675324675324676,1.0,0.0,0.0,0.8303630171573612,0.9802631578947368,0.024875621890547265,0.9568191916352022,132.55445257360418,149,1,5,3,2,0,0,2.0,201,0.618421052631579,0.6266666666666667,0.6103896103896104,94,56,60,154,150,5,2
tagging_008_tagging_aria04_rgb,0.569355669881108,0.8945927981223872,0.5093414818457865,0.569355669881108,0.569355669881108,0.569355669881108,0.569355669881108,0.5685794060197114,0.5685794060197114,0.5685794060197114,0.567257026778716,0.5650277473106523,0.5567839641517324,0.5534484029284021,0.5508082665985793,0.5488596402891364,0.536074530087929,0.5138123441548241,0.4766656026505368,0.43339750774921604,0.3541143185446285,0.17498235112680982,0.5165469789449857,0.9220430107526881,0.9220430107526881,0.9220430107526881,0.9220430107526881,0.9168900804289544,0.9168900804289544,0.9168900804289544,0.9117647058823529,0.9066666666666666,0.8865435356200527,0.8766404199475065,0.8668407310704961,0.8571428571428571,0.8286445012787724,0.7786069651741293,0.6983372921615202,0.6067415730337079,0.49581589958158995,0.2222222222222222,0.8092005081094467,0.3515734895719669,0.3515734895719669,0.3515734895719669,0.3515734895719669,0.3525859291644692,0.3525859291644692,0.3525859291644692,0.35292058614884464,0.3521209800341365,0.34968207457482187,0.3494079530605498,0.3499947979817048,0.35145472219470697,0.3468024000225821,0.339071106237578,0.32535867595861895,0.30957726991421536,0.2529103054261609,0.13778470442639773,0.33058617482955754,0.9661971830985916,0.9661971830985916,0.9661971830985916,0.9661971830985916,0.9633802816901409,0.9633802816901409,0.9633802816901409,0.9605633802816902,0.9577464788732394,0.9464788732394366,0.9408450704225352,0.9352112676056338,0.9295774647887324,0.9126760563380282,0.8816901408450705,0.828169014084507,0.7605633802816901,0.6676056338028169,0.36619718309859156,0.8864343958487769,0.9527777777777777,0.9527777777777777,0.9527777777777777,0.9527777777777777,0.95,0.95,0.95,0.9472222222222222,0.9444444444444444,0.9333333333333333,0.9277777777777778,0.9222222222222223,0.9166666666666666,0.9,0.8694444444444445,0.8166666666666667,0.75,0.6583333333333333,0.3611111111111111,0.8741228070175439,0.35169271790348794,0.35169271790348794,0.35169271790348794,0.35169271790348794,0.35270542294536106,0.35270542294536106,0.35270542294536106,0.3530654197162737,0.35248384113003495,0.3507333804734015,0.35064839762796796,0.3513110885098837,0.35279205346050263,0.3499478916145583,0.3454697592077784,0.3375188820116792,0.3284765252902508,0.2841568541494081,0.17796517208281912,0.3368134950381365,0.9908454810495627,0.9908454810495627,0.9908454810495627,0.9908454810495627,0.992280701754386,0.992280701754386,0.992280701754386,0.9901466275659824,0.9872330316742082,0.9759317765567765,0.9702847723356706,0.9652864878316686,0.9633791332124665,0.9471713441192617,0.9188962256246928,0.8754226966396618,0.8299701517228277,0.7476909751806965,0.45885416429957054,0.9247627061170997,0.8945927981223872,0.8945927981223872,0.8945927981223872,0.8945927981223872,0.8965926263731349,0.8965926263731349,0.8965926263731349,0.898155987342271,0.8995489398922886,0.9044821172970503,0.9067514345515816,0.9087263097288298,0.9104704795615682,0.9146982974027591,0.9211255384049861,0.9307742956502776,0.93969722739129,0.9485878357092139,0.9642470693826725,0.9113376107328285,0.5828287186443171,0.5828287186443171,0.5828287186443171,0.5828287186443171,0.5828158643675088,0.5828158643675088,0.5828158643675088,0.5822392903284093,0.5807259497948137,0.5752970501711321,0.5733574366862672,0.5721180635811527,0.5715806064290354,0.5625995438863896,0.5467683708985954,0.5190876360427881,0.485235133584052,0.4109067348551203,0.22462495550365477,0.5412791178653266,343.0,343.0,343.0,343.0,342.0,342.0,342.0,341.0,340.0,336.0,334.0,332.0,330.0,324.0,313.0,294.0,270.0,237.0,130.0,314.6842105263158,12.0,12.0,12.0,12.0,13.0,13.0,13.0,14.0,15.0,19.0,21.0,23.0,25.0,31.0,42.0,61.0,85.0,118.0,225.0,40.31578947368421,17.0,17.0,17.0,17.0,18.0,18.0,18.0,19.0,20.0,24.0,26.0,28.0,30.0,36.0,47.0,66.0,90.0,123.0,230.0,45.31578947368421,0.8732394366197183,0.9042569133618488,0.895774647887324,0.9549295774647887,0.9416666666666667,1.0,0.0,0.0,0.7818115313511739,0.9482517482517483,0.1044776119402985,0.8932307324310087,306.5430936296667,339,16,21,8,2,0,0,6.0,201,0.45874125874125876,0.4619718309859155,0.45555555555555555,164,191,196,360,355,16,2
tagging_009_tagging_aria01_rgb,0.4161603018331458,0.9129825612432458,0.3799470982553877,0.4161603018331458,0.4161603018331458,0.41567128597251374,0.4148075020126656,0.4148075020126656,0.4143855297637833,0.4143855297637833,0.4143855297637833,0.4136243378022711,0.41084153784615296,0.4086330838667247,0.4053871835643764,0.4003609244710888,0.3944675532003606,0.38641514837774416,0.3735240924634434,0.35819168509621135,0.30598100183525967,0.15711354723246385,0.38606860940587284,0.9504608294930875,0.9504608294930875,0.9459770114942528,0.9415137614678899,0.9415137614678899,0.9392898052691867,0.9392898052691867,0.9392898052691867,0.9348571428571428,0.926052332195677,0.915158371040724,0.9043869516310461,0.8895089285714286,0.8686534216335541,0.8482532751091703,0.801063829787234,0.7435633367662204,0.603219696969697,0.28160484481453446,0.8560061968736945,0.18221623811075172,0.18221623811075172,0.18264991208308345,0.1827538489269929,0.1827538489269929,0.1828140434553106,0.1828140434553106,0.1828140434553106,0.183006670195075,0.1822691475972937,0.18246131217762646,0.1817128921440931,0.18019928153028478,0.17913318091265393,0.17602840009851653,0.17416870224648165,0.1725492327661684,0.1552077525890413,0.0876571095224765,0.1744960999107482,0.9903961584633854,0.9903961584633854,0.9879951980792316,0.985594237695078,0.985594237695078,0.9843937575030012,0.9843937575030012,0.9843937575030012,0.9819927971188476,0.9771908763505402,0.9711884753901561,0.9651860744297719,0.9567827130852341,0.9447779111644657,0.9327731092436975,0.9039615846338536,0.8667466986794717,0.7647058823529411,0.44657863145258103,0.9265811587793013,0.9593023255813954,0.9593023255813954,0.9569767441860465,0.9546511627906977,0.9546511627906977,0.9534883720930233,0.9534883720930233,0.9534883720930233,0.9511627906976744,0.9465116279069767,0.9406976744186046,0.9348837209302325,0.9267441860465117,0.9151162790697674,0.9034883720930232,0.8755813953488372,0.8395348837209302,0.7406976744186047,0.4325581395348837,0.8974908200734394,0.1910782018705135,0.1910782018705135,0.19153312831736227,0.19166924089614104,0.19166924089614104,0.19174463635913594,0.19174463635913594,0.19174463635913594,0.1919630421380576,0.19139586796031663,0.191675669177576,0.19112352793536047,0.1899392716941827,0.1892203973235261,0.1865291017040705,0.18550030593559214,0.18479878709202105,0.17022670029733764,0.10463484364782047,0.1846983914649442,0.8807228359738535,0.8807228359738535,0.8825930953295344,0.880006368535101,0.880006368535101,0.8788098993368376,0.8788098993368376,0.8788098993368376,0.8770533899899295,0.8740191331092314,0.8687260821234498,0.8649533868410909,0.8569413334726541,0.8463496906199727,0.8384460075039177,0.8116676050575301,0.785522908937097,0.7121421092949661,0.4533567418537065,0.8331399784821842,0.9129825612432458,0.9129825612432458,0.9149414433558598,0.9167167281591599,0.9167167281591599,0.917501124524128,0.917501124524128,0.917501124524128,0.9186692710838958,0.9208140340330218,0.9232347172126176,0.9253694065414835,0.9279804642302678,0.9312326642923752,0.9337917768792068,0.9386627574906936,0.9434220223858123,0.9520684076154231,0.9686398934182217,0.926880463732425,0.42481320863944194,0.42481320863944194,0.42480258481756,0.4244068100526204,0.4244068100526204,0.42421810800729637,0.42421810800729637,0.42421810800729637,0.42392361570956166,0.42203287558230035,0.420956439066415,0.41879201644949937,0.4152247072111145,0.4113891983060609,0.40520927688675495,0.3967893850348713,0.38672532611629173,0.34451165639440967,0.19785295551908383,0.40206865255262825,825.0,825.0,823.0,821.0,821.0,820.0,820.0,820.0,818.0,814.0,809.0,804.0,797.0,787.0,777.0,753.0,722.0,637.0,372.0,771.8421052631579,8.0,8.0,10.0,12.0,12.0,13.0,13.0,13.0,15.0,19.0,24.0,29.0,36.0,46.0,56.0,80.0,111.0,196.0,461.0,61.1578947368421,35.0,35.0,37.0,39.0,39.0,40.0,40.0,40.0,42.0,46.0,51.0,56.0,63.0,73.0,83.0,107.0,138.0,223.0,488.0,88.15789473684211,0.8991596638655462,0.9210843908926051,0.9243697478991597,0.978391356542617,0.9476744186046512,1.0,0.0,0.0,0.8219493140185752,0.9627879503839338,0.07880910683012259,0.9227824498262498,750.6837785774732,815,18,45,21,2,0,0,20.0,571,0.34613112817483754,0.3517406962785114,0.34069767441860466,293,540,567,860,833,24,2
tagging_009_tagging_aria03_rgb,0.49209163344230034,0.9248912271238378,0.45513123471182293,0.49209163344230034,0.49209163344230034,0.49209163344230034,0.49209163344230034,0.49209163344230034,0.49209163344230034,0.49209163344230034,0.49209163344230034,0.49092399700719735,0.4870028947113864,0.4870028947113864,0.47907362711260776,0.46516515401554376,0.45985684731757615,0.4532837620791826,0.43891774149906043,0.41286252458966094,0.35175392707621866,0.21005562323867952,0.4564543189945738,0.943502824858757,0.943502824858757,0.943502824858757,0.943502824858757,0.943502824858757,0.943502824858757,0.943502824858757,0.943502824858757,0.9398496240601504,0.9325842696629213,0.9325842696629213,0.9182156133828996,0.8901098901098901,0.8763636363636363,0.8561151079136691,0.823321554770318,0.7701543739279588,0.638095238095238,0.35968379446640314,0.8676368405940033,0.2566544257460617,0.2566544257460617,0.2566544257460617,0.2566544257460617,0.2566544257460617,0.2566544257460617,0.2566544257460617,0.2566544257460617,0.2564307785711242,0.2543167702614097,0.2543167702614097,0.24995386361299293,0.24309203044984834,0.24130202492463337,0.23999829820241447,0.2339897245328155,0.22132635998830671,0.19390651712569978,0.12267265173747352,0.2402390102966643,0.9940476190476191,0.9940476190476191,0.9940476190476191,0.9940476190476191,0.9940476190476191,0.9940476190476191,0.9940476190476191,0.9940476190476191,0.9920634920634921,0.9880952380952381,0.9880952380952381,0.9801587301587301,0.9642857142857143,0.9563492063492064,0.9444444444444444,0.9246031746031746,0.8908730158730159,0.7976190476190477,0.5416666666666666,0.9431913116123642,0.9488636363636364,0.9488636363636364,0.9488636363636364,0.9488636363636364,0.9488636363636364,0.9488636363636364,0.9488636363636364,0.9488636363636364,0.946969696969697,0.9431818181818182,0.9431818181818182,0.9356060606060606,0.9204545454545454,0.9128787878787878,0.9015151515151515,0.8825757575757576,0.8503787878787878,0.7613636363636364,0.5170454545454546,0.9003189792663475,0.2567011626795286,0.2567011626795286,0.2567011626795286,0.2567011626795286,0.2567011626795286,0.2567011626795286,0.2567011626795286,0.2567011626795286,0.25653274682306937,0.2549494164340647,0.2549494164340647,0.25159093877260263,0.24623977730309868,0.24483660051187825,0.24382480264833206,0.2391078163610352,0.22887343874842977,0.20600808275338847,0.13841982390369487,0.24310221905946774,0.9980384059467272,0.9980384059467272,0.9980384059467272,0.9980384059467272,0.9980384059467272,0.9980384059467272,0.9980384059467272,0.9980384059467272,0.9961214392803598,0.9921548444470718,0.9921548444470718,0.9843498328127067,0.9686086954367726,0.9609826848044474,0.9505794180699177,0.9314435859757061,0.8977081246985452,0.8136967753511152,0.58437766767268,0.9503413242405374,0.9248912271238378,0.9248912271238378,0.9248912271238378,0.9248912271238378,0.9248912271238378,0.9248912271238378,0.9248912271238378,0.9248912271238378,0.9258707877454837,0.9277355709349011,0.9277355709349011,0.9306090409635338,0.9356855553700222,0.9378964557721193,0.9405598410739209,0.9440070585505453,0.948418819773831,0.9567203956682682,0.9690864482848646,0.9338660716875313,0.5051007036531493,0.5051007036531493,0.5051007036531493,0.5051007036531493,0.5051007036531493,0.5051007036531493,0.5051007036531493,0.5051007036531493,0.5043764602574445,0.5012875319246027,0.5012875319246027,0.4949691521268569,0.48415924262529225,0.480384221251208,0.4760935406129676,0.4651318545612239,0.444042432448724,0.39327284614746444,0.25777448740672176,0.47597815423748974,501.0,501.0,501.0,501.0,501.0,501.0,501.0,501.0,500.0,498.0,498.0,494.0,486.0,482.0,476.0,466.0,449.0,402.0,273.0,475.36842105263156,3.0,3.0,3.0,3.0,3.0,3.0,3.0,3.0,4.0,6.0,6.0,10.0,18.0,22.0,28.0,38.0,55.0,102.0,231.0,28.63157894736842,27.0,27.0,27.0,27.0,27.0,27.0,27.0,27.0,28.0,30.0,30.0,34.0,42.0,46.0,52.0,62.0,79.0,126.0,255.0,52.63157894736842,0.9126984126984127,0.9277355709349011,0.9285714285714286,0.9880952380952381,0.9431818181818182,1.0,0.0,0.0,0.8412942744555173,0.9651162790697675,0.05253940455341506,0.926779583359143,462.01231432558075,498,6,30,8,2,0,0,10.0,571,0.38372093023255816,0.39285714285714285,0.375,198,306,330,528,504,14,2
tagging_009_tagging_aria04_rgb,0.418251028436371,0.9295005963178001,0.38876458034214006,0.418251028436371,0.418251028436371,0.418251028436371,0.418251028436371,0.418251028436371,0.418251028436371,0.418251028436371,0.418251028436371,0.418251028436371,0.41635188669362516,0.41475946811504755,0.4115759076188782,0.4104683253939152,0.40332445481551754,0.39793646430940083,0.3902150164474161,0.37178342329059816,0.3313182268731483,0.16901874620176705,0.39373743029929753,0.9769417475728155,0.9769417475728155,0.9769417475728155,0.9769417475728155,0.9769417475728155,0.9769417475728155,0.9769417475728155,0.9769417475728155,0.9769417475728155,0.9721549636803875,0.967391304347826,0.9579326923076923,0.9532374100719424,0.9323843416370107,0.9187279151943463,0.8941860465116279,0.8303370786516854,0.7165437302423604,0.3094855305466238,0.907624039018255,0.17906279798432248,0.17906279798432248,0.17906279798432248,0.17906279798432248,0.17906279798432248,0.17906279798432248,0.17906279798432248,0.17906279798432248,0.17906279798432248,0.1783140548879949,0.17782402593234942,0.1768336430028562,0.17674951105723943,0.1744673399025873,0.17236161763253838,0.1702864405624307,0.16646602613257339,0.15319618723233863,0.09230588750679472,0.17107210082676869,0.9962871287128713,0.9962871287128713,0.9962871287128713,0.9962871287128713,0.9962871287128713,0.9962871287128713,0.9962871287128713,0.9962871287128713,0.9962871287128713,0.9938118811881188,0.9913366336633663,0.9863861386138614,0.9839108910891089,0.9727722772277227,0.9653465346534653,0.9517326732673267,0.9146039603960396,0.8415841584158416,0.47648514851485146,0.9497133923918707,0.9805115712545676,0.9805115712545676,0.9805115712545676,0.9805115712545676,0.9805115712545676,0.9805115712545676,0.9805115712545676,0.9805115712545676,0.9805115712545676,0.9780755176613886,0.9756394640682094,0.9707673568818515,0.9683313032886723,0.9573690621193667,0.9500609013398295,0.9366626065773447,0.9001218026796589,0.8282582216808769,0.4689403166869671,0.9346752996986987,0.1791015651152951,0.1791015651152951,0.1791015651152951,0.1791015651152951,0.1791015651152951,0.1791015651152951,0.1791015651152951,0.1791015651152951,0.1791015651152951,0.178468620025938,0.17805194905135768,0.17721233351161367,0.17716588485208146,0.17526508428878856,0.17347052315473366,0.17174586673457387,0.16866761498340443,0.1571239226842942,0.09976760082023241,0.17204492032340388,0.9898556998557,0.9898556998557,0.9898556998557,0.9898556998557,0.9898556998557,0.9898556998557,0.9898556998557,0.9898556998557,0.9898556998557,0.9873694086865284,0.9849215492953888,0.9800691091234413,0.9780902473434582,0.967562406487962,0.9600239060362192,0.9476953035271559,0.9173386440571991,0.8488603748315849,0.5322394818401197,0.9480458805226504,0.9295005963178001,0.9295005963178001,0.9295005963178001,0.9295005963178001,0.9295005963178001,0.9295005963178001,0.9295005963178001,0.9295005963178001,0.9295005963178001,0.9306291392550454,0.9316836264398319,0.9335266965056882,0.9343091879714465,0.9374322758416632,0.9390915091542343,0.9414104620540732,0.9460757040952541,0.9516860689854412,0.9677498329023432,0.9357420984244853,0.42237182773368487,0.42237182773368487,0.42237182773368487,0.42237182773368487,0.42237182773368487,0.42237182773368487,0.42237182773368487,0.42237182773368487,0.42237182773368487,0.4209639252127428,0.4198612523825489,0.41764369299512877,0.4170201061386522,0.41196722143746217,0.4079076982465967,0.4025756690333631,0.3901928840615142,0.35906473553447626,0.20971977617161014,0.40306649530617156,805.0,805.0,805.0,805.0,805.0,805.0,805.0,805.0,805.0,803.0,801.0,797.0,795.0,786.0,780.0,769.0,739.0,680.0,385.0,767.3684210526316,3.0,3.0,3.0,3.0,3.0,3.0,3.0,3.0,3.0,5.0,7.0,11.0,13.0,22.0,28.0,39.0,69.0,128.0,423.0,40.63157894736842,16.0,16.0,16.0,16.0,16.0,16.0,16.0,16.0,16.0,18.0,20.0,24.0,26.0,35.0,41.0,52.0,82.0,141.0,436.0,53.63157894736842,0.9554455445544554,0.9306227476306198,0.9715346534653465,0.9938118811881188,0.9780755176613886,1.0,0.0,0.0,0.8864976068655788,0.9858809085328423,0.03152364273204904,0.9701560107025906,747.2900663473877,803,5,18,13,2,0,0,7.0,571,0.2283609576427256,0.2301980198019802,0.22655298416565164,186,622,635,821,808,18,2
tagging_010_tagging_aria01_rgb,0.37550262509969307,0.9069731550870519,0.340570800630139,0.37550262509969307,0.37550262509969307,0.37550262509969307,0.37550262509969307,0.37550262509969307,0.37550262509969307,0.37550262509969307,0.3727862401012387,0.3702635080276933,0.3702635080276933,0.3676816588037457,0.36183347343483263,0.359245564394273,0.3540516777429795,0.3462208167170236,0.33306979193632796,0.30833269458349966,0.25447445665132257,0.10706778955589627,0.3438847134565462,0.9251968503937008,0.9251968503937008,0.9251968503937008,0.9251968503937008,0.9251968503937008,0.9251968503937008,0.9251968503937008,0.9176470588235294,0.9064327485380117,0.9064327485380117,0.8953488372093024,0.8807692307692307,0.8735632183908046,0.855787476280835,0.8246268656716418,0.7846715328467153,0.7068062827225131,0.5474683544303798,0.19559902200489,0.8300805962621984,0.152402401063903,0.152402401063903,0.152402401063903,0.152402401063903,0.152402401063903,0.152402401063903,0.152402401063903,0.15144120985576362,0.1512468140610484,0.1512468140610484,0.1509912076750386,0.14864672598016632,0.14773673252257236,0.14647630864778272,0.14536132512560346,0.14137824765739263,0.13450510114727587,0.11828491740926893,0.05860720285247184,0.14277575865488182,0.9853249475890985,0.9853249475890985,0.9853249475890985,0.9853249475890985,0.9853249475890985,0.9853249475890985,0.9853249475890985,0.9811320754716981,0.9748427672955975,0.9748427672955975,0.9685534591194969,0.960167714884696,0.9559748427672956,0.9454926624737946,0.9266247379454927,0.9014675052410901,0.8490566037735849,0.7253668763102725,0.33542976939203356,0.9155908639523337,0.93812375249501,0.93812375249501,0.93812375249501,0.93812375249501,0.93812375249501,0.93812375249501,0.93812375249501,0.9341317365269461,0.9281437125748503,0.9281437125748503,0.9221556886227545,0.9141716566866267,0.9101796407185628,0.9001996007984032,0.8822355289421158,0.8582834331337326,0.8083832335329342,0.6906187624750499,0.3193612774451098,0.8717302237630004,0.16115926863734067,0.16115926863734067,0.16115926863734067,0.16115926863734067,0.16115926863734067,0.16115926863734067,0.16115926863734067,0.16035306941813465,0.1602798579961966,0.1602798579961966,0.16013935545046734,0.15818222925756437,0.15740846376985068,0.15640032837490586,0.15571662319081303,0.1522827737068235,0.14573595663109185,0.129619414455653,0.06679866564798692,0.15217428822931942,0.8792730496453901,0.8792730496453901,0.8792730496453901,0.8792730496453901,0.8792730496453901,0.8792730496453901,0.8792730496453901,0.8748397435897436,0.8703673835125447,0.8703673835125447,0.8643398268398268,0.854866990464308,0.8506603189521422,0.8422794173101613,0.8228510429264261,0.7986736376881401,0.7587957888061575,0.6860017102682588,0.3813615547963371,0.8226482182202276,0.9069731550870519,0.9069731550870519,0.9069731550870519,0.9069731550870519,0.9069731550870519,0.9069731550870519,0.9069731550870519,0.9092691570147377,0.9124463981258498,0.9124463981258498,0.9149038867738049,0.9178650684217136,0.9191791740670993,0.9217907151459948,0.9256412232368252,0.9297001554439916,0.9361012678298245,0.9464705329091406,0.9658821635252213,0.9189741171699694,0.3875124357239945,0.3875124357239945,0.3875124357239945,0.3875124357239945,0.3875124357239945,0.3875124357239945,0.3875124357239945,0.3854657293946251,0.3839815916992833,0.3839815916992833,0.3824173851831124,0.37779066585804877,0.37580925965736944,0.3721455025292196,0.3670087189726177,0.35699845407377706,0.33793852158392446,0.29291630384084116,0.1402091314341429,0.3615394687365372,470.0,470.0,470.0,470.0,470.0,470.0,470.0,468.0,465.0,465.0,462.0,458.0,456.0,451.0,442.0,430.0,405.0,346.0,160.0,436.7368421052632,7.0,7.0,7.0,7.0,7.0,7.0,7.0,9.0,12.0,12.0,15.0,19.0,21.0,26.0,35.0,47.0,72.0,131.0,317.0,40.26315789473684,31.0,31.0,31.0,31.0,31.0,31.0,31.0,33.0,36.0,36.0,39.0,43.0,45.0,50.0,59.0,71.0,96.0,155.0,341.0,64.26315789473684,0.8679245283018868,0.9117492558940697,0.9035639412997903,0.9769392033542977,0.9301397205588823,1.0,0.0,0.0,0.7817089166596153,0.9529652351738241,0.0831353919239905,0.9009843838126241,424.8751532466365,466,11,35,17,2,0,0,13.0,421,0.21063394683026584,0.21593291404612158,0.2055888223552894,103,374,398,501,477,23,2
tagging_010_tagging_aria03_rgb,0.3729709976164849,0.9174571981913645,0.3421849264798583,0.3729709976164849,0.3729709976164849,0.3729709976164849,0.3726294208542107,0.3726294208542107,0.3726294208542107,0.3714218991583937,0.3714218991583937,0.3714218991583937,0.3690299112651794,0.36806383058806913,0.3617153883359948,0.3580700418086367,0.3574209995584114,0.3449619864463077,0.336593951141446,0.3154092916300967,0.27340828239915554,0.13087766525270347,0.34561148954280363,0.9777015437392796,0.9777015437392796,0.9777015437392796,0.9743150684931506,0.9743150684931506,0.9743150684931506,0.9709401709401709,0.9709401709401709,0.9709401709401709,0.9608843537414966,0.9575551782682513,0.9378151260504202,0.9280936454849499,0.9248747913188647,0.8870703764320785,0.8596774193548387,0.7875968992248062,0.6494992846924177,0.25054229934924077,0.8901305117597458,0.14227998917850873,0.14227998917850873,0.14227998917850873,0.14251312514430295,0.14251312514430295,0.14251312514430295,0.1420831389032401,0.1420831389032401,0.1420831389032401,0.14172681122147093,0.14147590286354417,0.1395136616212194,0.13814786413481372,0.1381265573723376,0.13414806226718148,0.13178837246886738,0.1263121037481429,0.11509187253355731,0.06836755033576972,0.13449092201289792,0.9810671256454389,0.9810671256454389,0.9810671256454389,0.9793459552495697,0.9793459552495697,0.9793459552495697,0.9776247848537005,0.9776247848537005,0.9776247848537005,0.9724612736660929,0.9707401032702238,0.9604130808950087,0.955249569707401,0.9535283993115319,0.9328743545611016,0.9173838209982789,0.8743545611015491,0.7814113597246127,0.39759036144578314,0.9226379201014584,0.9965034965034965,0.9965034965034965,0.9965034965034965,0.9947552447552448,0.9947552447552448,0.9947552447552448,0.993006993006993,0.993006993006993,0.993006993006993,0.9877622377622378,0.986013986013986,0.9755244755244755,0.9702797202797203,0.9685314685314685,0.9475524475524476,0.9318181818181818,0.8881118881118881,0.7937062937062938,0.40384615384615385,0.9371549503128449,0.14230472401573946,0.14230472401573946,0.14230472401573946,0.14253792144878052,0.14253792144878052,0.14253792144878052,0.14216251421406143,0.14216251421406143,0.14216251421406143,0.14187883757084666,0.14165871912500483,0.1399536349470394,0.13875389544534525,0.13874265443957978,0.13524369069112482,0.13315549842328891,0.12835359629588766,0.1182640763616559,0.07378722062736932,0.13530564752436247,0.9982987772461456,0.9982987772461456,0.9982987772461456,0.997417052777334,0.997417052777334,0.997417052777334,0.9956833805865495,0.9956833805865495,0.9956833805865495,0.993261310960426,0.9915185287525713,0.9811007298600911,0.9759440191747729,0.9741857953826697,0.9534421987132206,0.9384005878640945,0.8960068373933385,0.8108266088373076,0.48825715465610225,0.9461653370223518,0.9174571981913645,0.9174571981913645,0.9174571981913645,0.91877493762514,0.91877493762514,0.91877493762514,0.919837130774374,0.919837130774374,0.919837130774374,0.92225155722544,0.9229869774958267,0.9266893976485961,0.9282664779597622,0.9286832858302589,0.9333250752987755,0.9361172428303208,0.9411239863806321,0.9481284471020978,0.9662893398878181,0.927477346706956,0.37361239275514363,0.37361239275514363,0.37361239275514363,0.3735902202682089,0.3735902202682089,0.3735902202682089,0.37269826683473933,0.37269826683473933,0.37269826683473933,0.37124632705666666,0.37058916950715787,0.36604746356801743,0.3632708187713091,0.36291541046593423,0.35375597097875167,0.3477075217746,0.3323274951527797,0.2998901409011287,0.1648704917478002,0.3522275499736011,570.0,570.0,570.0,569.0,569.0,569.0,568.0,568.0,568.0,565.0,564.0,558.0,555.0,554.0,542.0,533.0,508.0,454.0,231.0,536.0526315789474,11.0,11.0,11.0,12.0,12.0,12.0,13.0,13.0,13.0,16.0,17.0,23.0,26.0,27.0,39.0,48.0,73.0,127.0,350.0,44.94736842105263,2.0,2.0,2.0,3.0,3.0,3.0,4.0,4.0,4.0,7.0,8.0,14.0,17.0,18.0,30.0,39.0,64.0,118.0,341.0,35.94736842105263,0.9363166953528399,0.92225155722544,0.9604130808950087,0.9724612736660929,0.9877622377622378,1.0,0.0,0.0,0.8607093456667361,0.9800520381613183,0.0166270783847981,0.9584403992501236,521.0721298323737,565,16,7,14,2,0,0,10.0,421,0.20815264527320035,0.20654044750430292,0.2097902097902098,120,461,452,572,581,18,2
tagging_010_tagging_aria04_rgb,0.36617141008853255,0.9042295529534053,0.33110301044867185,0.36617141008853255,0.36617141008853255,0.3652976455824658,0.3644396762562151,0.36116374122343087,0.3578416392763664,0.35483672152361184,0.35427544017595813,0.35304471955255123,0.35304471955255123,0.3470605672670007,0.3438883893326254,0.3411903269064942,0.3389116164785754,0.32953448038516386,0.3223610103726489,0.307345369938389,0.26300359833778963,0.14030138385929336,0.333151782431484,0.9059701492537313,0.9059701492537313,0.9031296572280179,0.9002976190476191,0.8890532544378699,0.8751835535976505,0.8642335766423358,0.8615160349854227,0.8561046511627907,0.8561046511627907,0.840057636887608,0.82689556509299,0.8190883190883191,0.8113475177304964,0.786013986013986,0.7662517289073306,0.7210242587601078,0.5942571785268415,0.258128078817734,0.8021382929788091,0.14799770354097244,0.14799770354097244,0.14775549534899385,0.1475248571358377,0.14671702434403597,0.1463128943335538,0.1456887377956306,0.14568630462460586,0.14559034790273415,0.14559034790273415,0.1433842537256852,0.14301591314555942,0.1421224506096372,0.1415682938248344,0.13815654135292663,0.13561681766990516,0.13100970636550166,0.11639891824293895,0.07625857056307357,0.13865225694579647,0.9902120717781403,0.9902120717781403,0.9885807504078303,0.9869494290375204,0.9804241435562806,0.9722675367047309,0.965742251223491,0.964110929853181,0.9608482871125612,0.9608482871125612,0.9510603588907015,0.9429037520391517,0.9380097879282219,0.933115823817292,0.9168026101141925,0.9037520391517129,0.8727569331158238,0.7765089722675367,0.4274061990212072,0.9169743281531724,0.9141566265060241,0.9141566265060241,0.9126506024096386,0.911144578313253,0.9051204819277109,0.8975903614457831,0.891566265060241,0.8900602409638554,0.8870481927710844,0.8870481927710844,0.8780120481927711,0.8704819277108434,0.8659638554216867,0.8614457831325302,0.8463855421686747,0.8343373493975904,0.8057228915662651,0.7168674698795181,0.39457831325301207,0.846544071020926,0.1484371049892119,0.1484371049892119,0.1482263365309471,0.14802448115792505,0.1473070803437457,0.1469576977260582,0.1464087789646221,0.14641119413606918,0.14632440393408858,0.14632440393408858,0.14440489972582735,0.1441414515042944,0.1433515322826181,0.14285714015819054,0.1398667349469761,0.13765708980390187,0.13360034064034892,0.12022234544375372,0.08202126574877068,0.14005165194529737,0.966008879835306,0.966008879835306,0.9643370022992808,0.9627284684187837,0.9569340932779213,0.9534870966447326,0.948576451259019,0.947541893646936,0.9457353013220247,0.9457353013220247,0.9371388297042618,0.9325182121368091,0.9282963342721277,0.9244968089906025,0.9078770804112877,0.8982159314807037,0.8695632681657637,0.7887913290722517,0.511309628580467,0.9081737258250321,0.9042295529534053,0.9042295529534053,0.9054817417910227,0.9066838517884517,0.9112962474970477,0.9166230770891692,0.9205997147319334,0.9215090046475367,0.923141010099625,0.923141010099625,0.9272412556436038,0.9303046910264025,0.9319658601485915,0.9333102771245029,0.9370194602918004,0.9393007325453949,0.9434572809583558,0.9515185136175852,0.9679047110610345,0.9262609234772892,0.3828173358688362,0.3828173358688362,0.38218874717734563,0.3815751217244866,0.37926891902399207,0.37716743942422165,0.37509701360669506,0.37477694515338394,0.3740190321393605,0.3740190321393605,0.3692791353537667,0.3672196088259087,0.36511950065175236,0.3634551074324982,0.3558964424052487,0.3500913816597644,0.3381414342194104,0.3006406565617457,0.18053638355509893,0.35653297751535323,607.0,607.0,606.0,605.0,601.0,596.0,592.0,591.0,589.0,589.0,583.0,578.0,575.0,572.0,562.0,554.0,535.0,476.0,262.0,562.1052631578947,6.0,6.0,7.0,8.0,12.0,17.0,21.0,22.0,24.0,24.0,30.0,35.0,38.0,41.0,51.0,59.0,78.0,137.0,351.0,50.89473684210526,57.0,57.0,58.0,59.0,63.0,68.0,72.0,73.0,75.0,75.0,81.0,86.0,89.0,92.0,102.0,110.0,129.0,188.0,402.0,101.89473684210526,0.8433931484502447,0.9234967053250309,0.8743882544861338,0.9787928221859706,0.9036144578313253,1.0,0.0,0.0,0.7685122727488067,0.9397024275646045,0.15201900237529692,0.8723021964095385,554.0980231950185,600,13,64,19,2,0,0,14.0,421,0.21456538762725136,0.2234910277324633,0.2063253012048193,137,476,527,664,613,23,2
COMBINED,0.7073712545883953,0.9175882505593469,0.649075551993736,0.7073712545883953,0.7072462208366125,0.7070469066498988,0.7067340919565862,0.7064431725334752,0.705613822474493,0.7047928600659622,0.7036423346291746,0.7024103366624496,0.7009665295006031,0.6994113863319411,0.6969295238823265,0.6927662120812954,0.6864404610423912,0.6745457887716659,0.6538189941677242,0.6087958355444283,0.5034092754544034,0.24772826793739747,0.6587428039532223,0.9821818995644465,0.9818748278711099,0.9813291574889867,0.980511215081877,0.9795918367346939,0.9780954180768636,0.9763976861149734,0.9739242242413853,0.9707820550125806,0.9670784002186801,0.963120833404375,0.9569148664955726,0.9478438869245995,0.9342315251902498,0.9097211855832545,0.8695341549352947,0.7895121306787274,0.6140151674446641,0.2468217356463734,0.8949201161425635,0.5094515507156606,0.509430736677701,0.5094267549151072,0.5094006769642021,0.509459080102894,0.5090412011601291,0.5087404268402449,0.5083686417883807,0.5082297087206271,0.5080809119188401,0.5079074923565511,0.507579909420389,0.5063334070325065,0.5043723037071928,0.5001664557892697,0.4916187302226268,0.4694448064497927,0.41272742441882115,0.24863812976012797,0.48623254468216126,0.990348562699625,0.9901923343980003,0.9899145951951118,0.989497986390779,0.9890293014859047,0.9882655186779614,0.9873975836689348,0.9861303985557561,0.9845160394389668,0.9826065824191085,0.9805582557978059,0.9773295375642271,0.9725732537147619,0.9653520344396611,0.9520899875017359,0.9295931120677684,0.8817872517705874,0.7603457853075962,0.3956568532148313,0.9312202618057434,0.9916740539882846,0.991517616589317,0.9912395056578193,0.9908223392605726,0.99035302706367,0.9895882220020511,0.9887191253411204,0.9874502442161617,0.9858337244268307,0.9839217117727833,0.981870643652987,0.9786376040743251,0.9738749543724253,0.9666440701534824,0.9533642731744625,0.9308372877231406,0.8829674436390815,0.761363438841668,0.3961864038518364,0.9324666152527378,0.5122485997513423,0.512245095899073,0.5122619650237554,0.5122782221080133,0.5123634403380085,0.5120979955104237,0.5119122419174299,0.5116927692633116,0.511711942516363,0.5117764151623684,0.5118371176647581,0.5118697042874968,0.5113701962091562,0.5105579826520269,0.5085885756718089,0.5042386858873498,0.4912864287422806,0.4532301590200979,0.3163936309865406,0.49684006150587406,0.9778242742699226,0.9777202299629044,0.9775555920098781,0.9772179570763616,0.9769332209293895,0.9764881508255503,0.976128473690838,0.9756174330993581,0.9747923774533924,0.9735041730886996,0.9720643279140134,0.9693643776764117,0.9655290116570626,0.9595486231280794,0.9488278169603687,0.93020496961112,0.8918236269807011,0.797718652700821,0.5121672774302037,0.9321595034981619,0.9175882505593469,0.9177205150974871,0.9179428631213473,0.9182545133672041,0.9185822008067637,0.9190748532434491,0.9195960018202504,0.9202918822410587,0.921103117627486,0.9219651403867514,0.9227944930352076,0.9239399510773875,0.9253966616998327,0.9272618608680402,0.9300569164430438,0.9337445813861983,0.9394792764025004,0.9490805146860308,0.9669538950582749,0.9268856573119821,0.7103059981559706,0.7102354612133822,0.7101330719473272,0.7099654527666664,0.7098379801967607,0.7092727731225607,0.7087517676709952,0.7080379730918563,0.7073615058475062,0.7065717574690878,0.7057144499100023,0.7043243841801312,0.701745202436102,0.6977799291314971,0.6900749775504059,0.6760217343979824,0.6433898085432641,0.5601924291149516,0.31364849754161606,0.6728086923309509,57052.0,57043.0,57027.0,57003.0,56976.0,56932.0,56882.0,56809.0,56716.0,56606.0,56488.0,56302.0,56028.0,55612.0,54848.0,53552.0,50798.0,43802.0,22793.0,53645.73684210526,556.0,565.0,581.0,605.0,632.0,676.0,726.0,799.0,892.0,1002.0,1120.0,1306.0,1580.0,1996.0,2760.0,4056.0,6810.0,13806.0,34815.0,3962.2631578947367,479.0,488.0,504.0,528.0,555.0,599.0,649.0,722.0,815.0,925.0,1043.0,1229.0,1503.0,1919.0,2683.0,3979.0,6733.0,13729.0,34738.0,3885.2631578947367,0.9623836967087904,0.921888229998284,0.9730419386196362,0.9858526593528677,0.9871721332846639,0.9939393939393939,0.006060606060606061,0.0,0.8853770005258391,0.9865119551151217,0.02234535380143519,0.9729935396408287,52356.79824629254,56793,815,738,614,164,1,0,638.0,33027,0.6003178766534363,0.5999166782391334,0.6007196120352506,34560,23048,22971,57531,57608,771,165
