seq,HOTA(0),LocA(0),HOTALocA(0),HOTA___5,HOTA___10,HOTA___15,HOTA___20,HOTA___25,HOTA___30,HOTA___35,HOTA___40,HOTA___45,HOTA___50,HOTA___55,HOTA___60,HOTA___65,HOTA___70,HOTA___75,HOTA___80,HOTA___85,HOTA___90,HOTA___95,HOTA___AUC,DetA___5,DetA___10,DetA___15,DetA___20,DetA___25,DetA___30,DetA___35,DetA___40,DetA___45,DetA___50,DetA___55,DetA___60,DetA___65,DetA___70,DetA___75,DetA___80,DetA___85,DetA___90,DetA___95,DetA___AUC,AssA___5,AssA___10,AssA___15,AssA___20,AssA___25,AssA___30,AssA___35,AssA___40,AssA___45,AssA___50,AssA___55,AssA___60,AssA___65,AssA___70,AssA___75,AssA___80,AssA___85,AssA___90,AssA___95,AssA___AUC,DetRe___5,DetRe___10,DetRe___15,DetRe___20,DetRe___25,DetRe___30,DetRe___35,DetRe___40,DetRe___45,DetRe___50,DetRe___55,DetRe___60,DetRe___65,DetRe___70,DetRe___75,DetRe___80,DetRe___85,DetRe___90,DetRe___95,DetRe___AUC,DetPr___5,DetPr___10,DetPr___15,DetPr___20,DetPr___25,DetPr___30,DetPr___35,DetPr___40,DetPr___45,DetPr___50,DetPr___55,DetPr___60,DetPr___65,DetPr___70,DetPr___75,DetPr___80,DetPr___85,DetPr___90,DetPr___95,DetPr___AUC,AssRe___5,AssRe___10,AssRe___15,AssRe___20,AssRe___25,AssRe___30,AssRe___35,AssRe___40,AssRe___45,AssRe___50,AssRe___55,AssRe___60,AssRe___65,AssRe___70,AssRe___75,AssRe___80,AssRe___85,AssRe___90,AssRe___95,AssRe___AUC,AssPr___5,AssPr___10,AssPr___15,AssPr___20,AssPr___25,AssPr___30,AssPr___35,AssPr___40,AssPr___45,AssPr___50,AssPr___55,AssPr___60,AssPr___65,AssPr___70,AssPr___75,AssPr___80,AssPr___85,AssPr___90,AssPr___95,AssPr___AUC,LocA___5,LocA___10,LocA___15,LocA___20,LocA___25,LocA___30,LocA___35,LocA___40,LocA___45,LocA___50,LocA___55,LocA___60,LocA___65,LocA___70,LocA___75,LocA___80,LocA___85,LocA___90,LocA___95,LocA___AUC,OWTA___5,OWTA___10,OWTA___15,OWTA___20,OWTA___25,OWTA___30,OWTA___35,OWTA___40,OWTA___45,OWTA___50,OWTA___55,OWTA___60,OWTA___65,OWTA___70,OWTA___75,OWTA___80,OWTA___85,OWTA___90,OWTA___95,OWTA___AUC,HOTA_TP___5,HOTA_TP___10,HOTA_TP___15,HOTA_TP___20,HOTA_TP___25,HOTA_TP___30,HOTA_TP___35,HOTA_TP___40,HOTA_TP___45,HOTA_TP___50,HOTA_TP___55,HOTA_TP___60,HOTA_TP___65,HOTA_TP___70,HOTA_TP___75,HOTA_TP___80,HOTA_TP___85,HOTA_TP___90,HOTA_TP___95,HOTA_TP___AUC,HOTA_FN___5,HOTA_FN___10,HOTA_FN___15,HOTA_FN___20,HOTA_FN___25,HOTA_FN___30,HOTA_FN___35,HOTA_FN___40,HOTA_FN___45,HOTA_FN___50,HOTA_FN___55,HOTA_FN___60,HOTA_FN___65,HOTA_FN___70,HOTA_FN___75,HOTA_FN___80,HOTA_FN___85,HOTA_FN___90,HOTA_FN___95,HOTA_FN___AUC,HOTA_FP___5,HOTA_FP___10,HOTA_FP___15,HOTA_FP___20,HOTA_FP___25,HOTA_FP___30,HOTA_FP___35,HOTA_FP___40,HOTA_FP___45,HOTA_FP___50,HOTA_FP___55,HOTA_FP___60,HOTA_FP___65,HOTA_FP___70,HOTA_FP___75,HOTA_FP___80,HOTA_FP___85,HOTA_FP___90,HOTA_FP___95,HOTA_FP___AUC,MOTA,MOTP,MODA,CLR_Re,CLR_Pr,MTR,PTR,MLR,sMOTA,CLR_F1,FP_per_frame,MOTAL,MOTP_sum,CLR_TP,CLR_FN,CLR_FP,IDSW,MT,PT,ML,Frag,CLR_Frames,IDF1,IDR,IDP,IDTP,IDFN,IDFP,Dets,GT_Dets,IDs,GT_IDs
fencing_001_fencing_aria01_rgb,0.8549217751290973,0.9351132490013698,0.7994486787829886,0.8549217751290973,0.8549217751290973,0.8549217751290973,0.8549217751290973,0.8549217751290973,0.8549217751290973,0.8549217751290973,0.8549217751290973,0.8538617224255862,0.852806315748712,0.8517555354877826,0.8507093621351367,0.8465703512171255,0.8420716693524208,0.8273491898907718,0.8146666135843796,0.7922470758608934,0.7235732701019643,0.3503595825910834,0.8129128889172966,1.0,1.0,1.0,1.0,1.0,1.0,1.0,1.0,0.9982978723404256,0.9965986394557823,0.9949022939677146,0.9932088285229203,0.9864636209813875,0.9780960404380792,0.9517871986699917,0.930921052631579,0.8935483870967742,0.785551330798479,0.3198426082068578,0.9383798880584207,0.7308912415898867,0.7308912415898867,0.7308912415898867,0.7308912415898867,0.7308912415898867,0.7308912415898867,0.7308912415898867,0.7308912415898867,0.7303229439068346,0.7297607917446491,0.729204763757055,0.7286548387821447,0.7265157521438995,0.7249642847019205,0.7191803829358414,0.7129301560136693,0.7024302637369755,0.666485125388147,0.38378825698547525,0.7053351312008266,1.0,1.0,1.0,1.0,1.0,1.0,1.0,1.0,0.9991482112436116,0.9982964224872232,0.9974446337308348,0.9965928449744463,0.9931856899488927,0.9889267461669506,0.975298126064736,0.9642248722316865,0.9437819420783645,0.8798977853492334,0.4846678023850085,0.9590244777189993,1.0,1.0,1.0,1.0,1.0,1.0,1.0,1.0,0.9991482112436116,0.9982964224872232,0.9974446337308348,0.9965928449744463,0.9931856899488927,0.9889267461669506,0.975298126064736,0.9642248722316865,0.9437819420783645,0.8798977853492334,0.4846678023850085,0.9590244777189993,0.7308912415898867,0.7308912415898867,0.7308912415898867,0.7308912415898867,0.7308912415898867,0.7308912415898867,0.7308912415898867,0.7308912415898867,0.7305785050191258,0.7302682129263978,0.7299603715742427,0.7296549872466103,0.7284581466148196,0.7277997994747863,0.7247887087801124,0.7212519092541605,0.7159217346408276,0.6977900004297835,0.5098483891947443,0.7154447735723529,1.0,1.0,1.0,1.0,1.0,1.0,1.0,1.0,0.9991501914775571,0.9983043501814833,0.9974624862754666,0.9966246099579432,0.9933131857660159,0.9892165363230804,0.9765028426996539,0.9664823274230254,0.9471627932964237,0.8896977816210524,0.5677984799947235,0.9643008202640225,0.9351132490013698,0.9351132490013698,0.9351132490013698,0.9351132490013698,0.9351132490013698,0.9351132490013698,0.9351132490013698,0.9351132490013698,0.9355437356113276,0.9359224882059155,0.9362760558481819,0.9365652733094904,0.9376131938039495,0.9387648956901181,0.9417336675189252,0.9436114427581513,0.9460850145272894,0.95092179318029,0.9667537735281719,0.9395103855785668,0.8549217751290973,0.8549217751290973,0.8549217751290973,0.8549217751290973,0.8549217751290973,0.8549217751290973,0.8549217751290973,0.8549217751290973,0.8542252999265957,0.8535324174687958,0.8528431148226711,0.8521573791186074,0.8494498505219584,0.846721070457988,0.8375053908959902,0.8291109627742215,0.8142118879531915,0.7657929131281097,0.431288547372085,0.8224322650248944,1174.0,1174.0,1174.0,1174.0,1174.0,1174.0,1174.0,1174.0,1173.0,1172.0,1171.0,1170.0,1166.0,1161.0,1145.0,1132.0,1108.0,1033.0,569.0,1125.8947368421052,0.0,0.0,0.0,0.0,0.0,0.0,0.0,0.0,1.0,2.0,3.0,4.0,8.0,13.0,29.0,42.0,66.0,141.0,605.0,48.10526315789474,0.0,0.0,0.0,0.0,0.0,0.0,0.0,0.0,1.0,2.0,3.0,4.0,8.0,13.0,29.0,42.0,66.0,141.0,605.0,48.10526315789474,0.9948892674616695,0.9359224882059155,0.9965928449744463,0.9982964224872232,0.9982964224872232,1.0,0.0,0.0,0.930920916675752,0.9982964224872232,0.0033277870216306157,0.996336431008804,1096.901156177333,1172,2,2,2,2,0,0,3.0,601,0.778534923339012,0.778534923339012,0.778534923339012,914,260,260,1174,1174,4,2
fencing_001_fencing_aria02_rgb,1.0,0.9464139370645223,0.9464139370645223,1.0,1.0,1.0,1.0,1.0,1.0,1.0,1.0,1.0,1.0,1.0,1.0,0.9966777408637874,0.9933665008291874,0.9900662251655629,0.9900662251655629,0.9704918032786886,0.8606811145510835,0.3863898500576701,0.9572494452585023,1.0,1.0,1.0,1.0,1.0,1.0,1.0,1.0,1.0,1.0,1.0,1.0,0.9966777408637874,0.9933665008291874,0.9900662251655629,0.9900662251655629,0.9704918032786886,0.8606811145510835,0.3863898500576701,0.9572494452585023,1.0,1.0,1.0,1.0,1.0,1.0,1.0,1.0,1.0,1.0,1.0,1.0,0.9966777408637874,0.9933665008291874,0.9900662251655629,0.9900662251655629,0.9704918032786886,0.8606811145510835,0.3863898500576702,0.9572494452585023,1.0,1.0,1.0,1.0,1.0,1.0,1.0,1.0,1.0,1.0,1.0,1.0,0.9983361064891847,0.9966722129783694,0.9950083194675541,0.9950083194675541,0.9850249584026622,0.9251247920133111,0.5574043261231281,0.9711883702600926,1.0,1.0,1.0,1.0,1.0,1.0,1.0,1.0,1.0,1.0,1.0,1.0,0.9983361064891847,0.9966722129783694,0.9950083194675541,0.9950083194675541,0.9850249584026622,0.9251247920133111,0.5574043261231281,0.9711883702600926,1.0,1.0,1.0,1.0,1.0,1.0,1.0,1.0,1.0,1.0,1.0,1.0,0.9983361064891847,0.9966722129783694,0.9950083194675542,0.9950083194675542,0.9850249584026624,0.9251247920133112,0.5574043261231281,0.9711883702600926,1.0,1.0,1.0,1.0,1.0,1.0,1.0,1.0,1.0,1.0,1.0,1.0,0.9983361064891847,0.9966722129783694,0.9950083194675542,0.9950083194675542,0.9850249584026624,0.9251247920133112,0.5574043261231281,0.9711883702600926,0.9464139370645223,0.9464139370645223,0.9464139370645223,0.9464139370645223,0.9464139370645223,0.9464139370645223,0.9464139370645223,0.9464139370645223,0.9464139370645223,0.9464139370645223,0.9464139370645223,0.9464139370645223,0.9469105222668348,0.9473442476853138,0.947691548849325,0.947691548849325,0.9488712133814127,0.953305009603325,0.9680548750926846,0.9482545373948679,1.0,1.0,1.0,1.0,1.0,1.0,1.0,1.0,1.0,1.0,1.0,1.0,0.997506579045166,0.9950179840987827,0.9925341963194879,0.9925341963194879,0.9777313783216303,0.8923213754521719,0.4640855244372659,0.9637753281049469,601.0,601.0,601.0,601.0,601.0,601.0,601.0,601.0,601.0,601.0,601.0,601.0,600.0,599.0,598.0,598.0,592.0,556.0,335.0,583.6842105263158,0.0,0.0,0.0,0.0,0.0,0.0,0.0,0.0,0.0,0.0,0.0,0.0,1.0,2.0,3.0,3.0,9.0,45.0,266.0,17.31578947368421,0.0,0.0,0.0,0.0,0.0,0.0,0.0,0.0,0.0,0.0,0.0,0.0,1.0,2.0,3.0,3.0,9.0,45.0,266.0,17.31578947368421,1.0,0.9464139370645223,1.0,1.0,1.0,1.0,0.0,0.0,0.9464139370645223,1.0,0.0,1.0,568.7947761757779,601,0,0,0,1,0,0,0.0,601,1.0,1.0,1.0,601,0,0,601,601,1,1
fencing_001_fencing_aria03_rgb,0.821136353899024,0.8993691392062706,0.7385046957771407,0.821136353899024,0.821136353899024,0.821136353899024,0.821136353899024,0.821136353899024,0.821136353899024,0.821136353899024,0.820754759815298,0.8193888631665524,0.8184092351744254,0.8184092351744254,0.8145204549355177,0.8101885198210034,0.7970563413482544,0.7833710679893497,0.7602746239302691,0.6722344727102353,0.3957257932655003,0.06272175987647377,0.7432110318158144,0.997289972899729,0.997289972899729,0.997289972899729,0.997289972899729,0.997289972899729,0.997289972899729,0.997289972899729,0.9954873646209387,0.9900990099009901,0.9865229110512129,0.9865229110512129,0.9758713136729222,0.968833481745325,0.9497354497354498,0.9310043668122271,0.9011177987962167,0.7931873479318735,0.439453125,0.06914893617021277,0.8930533593045623,0.6760971533024488,0.6760971533024488,0.6760971533024488,0.6760971533024488,0.6760971533024488,0.6760971533024488,0.6760971533024488,0.6766920402008069,0.6781120901721889,0.6789438630523781,0.6789438630523781,0.6798473960786244,0.6775214213976722,0.6689218681480495,0.6591486055688337,0.6414449970519647,0.5697256612555316,0.35634950475232025,0.056891969419721744,0.6186959659614533,0.997289972899729,0.997289972899729,0.997289972899729,0.997289972899729,0.997289972899729,0.997289972899729,0.997289972899729,0.996386630532972,0.993676603432701,0.991869918699187,0.991869918699187,0.986449864498645,0.982836495031617,0.9728997289972899,0.9629629629629629,0.9467028003613369,0.8834688346883469,0.6097560975609756,0.12917795844625113,0.9173204012741882,1.0,1.0,1.0,1.0,1.0,1.0,1.0,0.9990942028985508,0.9963768115942029,0.9945652173913043,0.9945652173913043,0.9891304347826086,0.9855072463768116,0.9755434782608695,0.9655797101449275,0.9492753623188406,0.8858695652173914,0.6114130434782609,0.12952898550724637,0.9198131197559116,0.6766754966820061,0.6766754966820061,0.6766754966820061,0.6766754966820061,0.6766754966820061,0.6766754966820061,0.6766754966820061,0.6772709816330615,0.6787285213986305,0.6795959258359894,0.6795959258359894,0.6811441051098711,0.6800183783928048,0.6753438139284518,0.6696703073788305,0.6592078511271727,0.6140138637867077,0.4532588535421785,0.0937178482076348,0.6304365712079667,0.9981924951745346,0.9981924951745346,0.9981924951745346,0.9981924951745346,0.9981924951745346,0.9981924951745346,0.9981924951745346,0.9974353411961493,0.9959213851651775,0.9951796150959825,0.9951796150959825,0.9946457632687881,0.9911401118619615,0.981441663276523,0.9718050696024665,0.9556352080597287,0.8921778060813199,0.6317184546459101,0.1395445755220226,0.9225880039523029,0.8993691392062706,0.8993691392062706,0.8993691392062706,0.8993691392062706,0.8993691392062706,0.8993691392062706,0.8993691392062706,0.8998248527214019,0.9011682015930711,0.9019318101155589,0.9019318101155589,0.9036821986396735,0.9046970710840929,0.9070592433524486,0.9088885312062696,0.9111302812132955,0.9169416109328667,0.9336757046977182,0.9636144294449299,0.9079015641874095,0.821136353899024,0.821136353899024,0.821136353899024,0.821136353899024,0.821136353899024,0.821136353899024,0.821136353899024,0.82112538740692,0.8208679056394823,0.8206241491980809,0.8206241491980809,0.8189233002800176,0.8160225359114339,0.8067179830904964,0.7967030150887277,0.7792674604953452,0.7094609686525908,0.46613976807987656,0.08572740787884704,0.7531662372743719,1104.0,1104.0,1104.0,1104.0,1104.0,1104.0,1104.0,1103.0,1100.0,1098.0,1098.0,1092.0,1088.0,1077.0,1066.0,1048.0,978.0,675.0,143.0,1015.4736842105264,3.0,3.0,3.0,3.0,3.0,3.0,3.0,4.0,7.0,9.0,9.0,15.0,19.0,30.0,41.0,59.0,129.0,432.0,964.0,91.52631578947368,0.0,0.0,0.0,0.0,0.0,0.0,0.0,1.0,4.0,6.0,6.0,12.0,16.0,27.0,38.0,56.0,126.0,429.0,961.0,88.52631578947368,0.9846431797651309,0.9016871998638679,0.990063233965673,0.993676603432701,0.9963768115942029,1.0,0.0,0.0,0.8869520504519013,0.9950248756218906,0.0066555740432612314,0.9893602969734565,991.8559198502547,1100,7,4,6,2,0,0,3.0,601,0.7996381727725012,0.7985546522131888,0.8007246376811594,884,223,220,1104,1107,5,2
fencing_002_fencing_aria01_rgb,0.8216683829984649,0.9475112249205471,0.7785400160533607,0.8216683829984649,0.8216683829984649,0.8216683829984649,0.8216683829984649,0.8216683829984649,0.8216683829984649,0.8216683829984649,0.8216683829984649,0.8216683829984649,0.8216683829984649,0.8195355400615485,0.8195355400615485,0.8195355400615485,0.8132044474565118,0.8102335358977761,0.7963719870238256,0.7673167144861015,0.6988738886412706,0.38889510355972523,0.786851901433395,0.9989550679205852,0.9989550679205852,0.9989550679205852,0.9989550679205852,0.9989550679205852,0.9989550679205852,0.9989550679205852,0.9989550679205852,0.9989550679205852,0.9989550679205852,0.9968684759916493,0.9968684759916493,0.9968684759916493,0.9906347554630593,0.9844398340248963,0.9701338825952626,0.9401622718052738,0.8483091787439614,0.4361861861861862,0.9552643271578652,0.6758451438908804,0.6758451438908804,0.6758451438908804,0.6758451438908804,0.6758451438908804,0.6758451438908804,0.6758451438908804,0.6758451438908804,0.6758451438908804,0.6758451438908804,0.6737483605907508,0.6737483605907508,0.6737483605907508,0.6675532730061886,0.6668547533366175,0.6537328023423612,0.6262482105341197,0.5757626163467324,0.34673129586037105,0.6482410248477604,0.9989550679205852,0.9989550679205852,0.9989550679205852,0.9989550679205852,0.9989550679205852,0.9989550679205852,0.9989550679205852,0.9989550679205852,0.9989550679205852,0.9989550679205852,0.9979101358411703,0.9979101358411703,0.9979101358411703,0.9947753396029259,0.9916405433646813,0.9843260188087775,0.9686520376175548,0.9174503657262278,0.6071055381400209,0.9709068910520818,1.0,1.0,1.0,1.0,1.0,1.0,1.0,1.0,1.0,1.0,0.9989539748953975,0.9989539748953975,0.9989539748953975,0.99581589958159,0.9926778242677824,0.9853556485355649,0.9696652719665272,0.9184100418410042,0.6077405857740585,0.9719224840343537,0.6758451438908804,0.6758451438908804,0.6758451438908804,0.6758451438908804,0.6758451438908804,0.6758451438908804,0.6758451438908804,0.6758451438908804,0.6758451438908804,0.6758451438908804,0.674628022275612,0.674628022275612,0.674628022275612,0.6709947506854201,0.6711342107984672,0.6632297949506384,0.6457625493949566,0.613168341359371,0.4105260755032255,0.655639538338301,1.0,1.0,1.0,1.0,1.0,1.0,1.0,1.0,1.0,1.0,0.9989558972192466,0.9989558972192466,0.9989558972192466,0.9958467536870657,0.9933018700536761,0.9861174907332478,0.9714370009728623,0.9238271077408048,0.6876785731918065,0.9765829730545897,0.9475112249205471,0.9475112249205471,0.9475112249205471,0.9475112249205471,0.9475112249205471,0.9475112249205471,0.9475112249205471,0.9475112249205471,0.9475112249205471,0.9475112249205471,0.9479643152828697,0.9479643152828697,0.9479643152828697,0.9487794890850068,0.9494643527430262,0.9507779819148161,0.9528933364085151,0.9566900206122942,0.9684291358591435,0.9497915532461518,0.8216683829984649,0.8216683829984649,0.8216683829984649,0.8216683829984649,0.8216683829984649,0.8216683829984649,0.8216683829984649,0.8216683829984649,0.8216683829984649,0.8216683829984649,0.8199636077533453,0.8199636077533453,0.8199636077533453,0.8149021621383612,0.8131913735056736,0.8021759200414594,0.7788559592044105,0.7267968236988929,0.45880550341435244,0.7932264418551491,956.0,956.0,956.0,956.0,956.0,956.0,956.0,956.0,956.0,956.0,955.0,955.0,955.0,952.0,949.0,942.0,927.0,878.0,581.0,929.1578947368421,1.0,1.0,1.0,1.0,1.0,1.0,1.0,1.0,1.0,1.0,2.0,2.0,2.0,5.0,8.0,15.0,30.0,79.0,376.0,27.842105263157894,0.0,0.0,0.0,0.0,0.0,0.0,0.0,0.0,0.0,0.0,1.0,1.0,1.0,4.0,7.0,14.0,29.0,78.0,375.0,26.842105263157894,0.9947753396029259,0.9475112249205471,0.9989550679205852,0.9989550679205852,1.0,1.0,0.0,0.0,0.9423414117283626,0.9994772608468374,0.0,0.9983259561219144,905.820731024043,956,1,0,4,2,0,0,4.0,601,0.7736539466806064,0.7732497387669801,0.7740585774058577,740,217,216,956,957,6,2
fencing_002_fencing_aria02_rgb,0.797533238012859,0.9389791088229834,0.7488670490860226,0.797533238012859,0.797533238012859,0.797533238012859,0.797533238012859,0.797533238012859,0.797533238012859,0.797533238012859,0.797533238012859,0.797533238012859,0.797533238012859,0.797533238012859,0.7946861736491926,0.7946861736491926,0.7918651710630978,0.7847405324538481,0.7793286216760787,0.7360529728439175,0.6243532222220644,0.2792142187686857,0.755673300235133,0.998745294855709,0.998745294855709,0.998745294855709,0.998745294855709,0.998745294855709,0.998745294855709,0.998745294855709,0.998745294855709,0.998745294855709,0.998745294855709,0.998745294855709,0.9962406015037594,0.9962406015037594,0.9937421777221527,0.9838107098381071,0.9739776951672863,0.9262394195888755,0.7919010123734533,0.3319397993311037,0.9463310663390156,0.6368583351645912,0.6368583351645912,0.6368583351645912,0.6368583351645912,0.6368583351645912,0.6368583351645912,0.6368583351645912,0.6368583351645912,0.6368583351645912,0.6368583351645912,0.6368583351645912,0.6339092320027389,0.6339092320027389,0.6309991295530084,0.6259514123171989,0.6235800917999671,0.5849178596532232,0.4922546379006778,0.23486361117198618,0.6034645733269496,1.0,1.0,1.0,1.0,1.0,1.0,1.0,1.0,1.0,1.0,1.0,0.9987437185929648,0.9987437185929648,0.9974874371859297,0.992462311557789,0.9874371859296482,0.9623115577889447,0.8844221105527639,0.49874371859296485,0.9642290399365246,0.998745294855709,0.998745294855709,0.998745294855709,0.998745294855709,0.998745294855709,0.998745294855709,0.998745294855709,0.998745294855709,0.998745294855709,0.998745294855709,0.998745294855709,0.9974905897114178,0.9974905897114178,0.9962358845671268,0.9912170639899623,0.986198243412798,0.9611041405269761,0.8833124215809285,0.4981179422835634,0.9630192167998416,0.6371203094510353,0.6371203094510353,0.6371203094510353,0.6371203094510353,0.6371203094510353,0.6371203094510353,0.6371203094510353,0.6371203094510353,0.6371203094510353,0.6371203094510353,0.6371203094510353,0.6354118732329815,0.6354118732329815,0.6337109041710441,0.6307396507797512,0.6293676202869679,0.6053094674415794,0.5364238449871097,0.29866477788216195,0.6112296534724192,0.9987484237667739,0.9987484237667739,0.9987484237667739,0.9987484237667739,0.9987484237667739,0.9987484237667739,0.9987484237667739,0.9987484237667739,0.9987484237667739,0.9987484237667739,0.9987484237667739,0.997494865679935,0.997494865679935,0.9962499205379559,0.991239149996072,0.9862961084363605,0.9620541888201157,0.893052318439084,0.532017196240879,0.9653753302770972,0.9389791088229834,0.9389791088229834,0.9389791088229834,0.9389791088229834,0.9389791088229834,0.9389791088229834,0.9389791088229834,0.9389791088229834,0.9389791088229834,0.9389791088229834,0.9389791088229834,0.939467733483123,0.939467733483123,0.9398085205004716,0.9408350776029283,0.9416997741773202,0.944740236081621,0.9505416870361468,0.9660021310040529,0.9416491100221899,0.798034043863162,0.798034043863162,0.798034043863162,0.798034043863162,0.798034043863162,0.798034043863162,0.798034043863162,0.798034043863162,0.798034043863162,0.798034043863162,0.798034043863162,0.7956838967962251,0.7956838967962251,0.7933559759681544,0.7881834720362956,0.7846949541374095,0.750248769876678,0.6598188279986439,0.34225246646019747,0.76254193381919,796.0,796.0,796.0,796.0,796.0,796.0,796.0,796.0,796.0,796.0,796.0,795.0,795.0,794.0,790.0,786.0,766.0,704.0,397.0,767.5263157894736,0.0,0.0,0.0,0.0,0.0,0.0,0.0,0.0,0.0,0.0,0.0,1.0,1.0,2.0,6.0,10.0,30.0,92.0,399.0,28.473684210526315,1.0,1.0,1.0,1.0,1.0,1.0,1.0,1.0,1.0,1.0,1.0,2.0,2.0,3.0,7.0,11.0,31.0,93.0,400.0,29.473684210526315,0.9974874371859297,0.9389791088229834,0.9987437185929648,1.0,0.998745294855709,1.0,0.0,0.0,0.9364665460089131,0.9993722536095417,0.0016638935108153079,0.9987437185929648,747.4273706230948,796,0,1,1,2,0,0,0.0,601,0.6654111738857501,0.6658291457286433,0.6649937264742786,530,266,267,797,796,3,2
fencing_002_fencing_aria03_rgb,1.0,0.9096267739107655,0.9096267739107655,1.0,1.0,1.0,1.0,1.0,1.0,1.0,1.0,1.0,1.0,1.0,1.0,1.0,0.9917163687071178,0.9786346971705695,0.9465600167244392,0.8409051916186633,0.48493745996377857,0.09074949949315322,0.9122896438777748,1.0,1.0,1.0,1.0,1.0,1.0,1.0,1.0,1.0,1.0,1.0,1.0,1.0,0.9917149958574979,0.9786008230452675,0.9465587044534413,0.8407350689127105,0.4848672019765287,0.09074410163339383,0.912274783993623,1.0,1.0,1.0,1.0,1.0,1.0,1.0,1.0,1.0,1.0,1.0,1.0,1.0,0.991717741558638,0.9786685724684193,0.9465613289972564,0.8410753487489384,0.48500772813151655,0.09075489767400115,0.9123045061883562,1.0,1.0,1.0,1.0,1.0,1.0,1.0,1.0,1.0,1.0,1.0,1.0,1.0,0.9958402662229617,0.9891846921797005,0.9725457570715474,0.913477537437604,0.6530782029950083,0.16638935108153077,0.9310797793151764,1.0,1.0,1.0,1.0,1.0,1.0,1.0,1.0,1.0,1.0,1.0,1.0,1.0,0.9958402662229617,0.9891846921797005,0.9725457570715474,0.913477537437604,0.6530782029950083,0.16638935108153077,0.9310797793151764,1.0,1.0,1.0,1.0,1.0,1.0,1.0,1.0,1.0,1.0,1.0,1.0,1.0,0.9958409612494911,0.9892021847523542,0.9725464687454186,0.913586645208805,0.653164047182509,0.16640599001663894,0.9310919103765904,1.0,1.0,1.0,1.0,1.0,1.0,1.0,1.0,1.0,1.0,1.0,1.0,1.0,0.9958409612494911,0.9892021847523542,0.9725464687454186,0.913586645208805,0.653164047182509,0.16640599001663894,0.9310919103765904,0.9096267739107655,0.9096267739107655,0.9096267739107655,0.9096267739107655,0.9096267739107655,0.9096267739107655,0.9096267739107655,0.9096267739107655,0.9096267739107655,0.9096267739107655,0.9096267739107655,0.9096267739107655,0.9096267739107655,0.9106443010623309,0.9118395855739296,0.9141779611496377,0.9196487354797195,0.935164509217178,0.9621221869376597,0.9146708073821268,1.0,1.0,1.0,1.0,1.0,1.0,1.0,1.0,1.0,1.0,1.0,1.0,1.0,0.9937768661886774,0.9839125828055663,0.9594655826679177,0.8765291999555145,0.5628036740523488,0.12288469608314852,0.9210196106185881,1202.0,1202.0,1202.0,1202.0,1202.0,1202.0,1202.0,1202.0,1202.0,1202.0,1202.0,1202.0,1202.0,1197.0,1189.0,1169.0,1098.0,785.0,200.0,1119.157894736842,0.0,0.0,0.0,0.0,0.0,0.0,0.0,0.0,0.0,0.0,0.0,0.0,0.0,5.0,13.0,33.0,104.0,417.0,1002.0,82.84210526315789,0.0,0.0,0.0,0.0,0.0,0.0,0.0,0.0,0.0,0.0,0.0,0.0,0.0,5.0,13.0,33.0,104.0,417.0,1002.0,82.84210526315789,1.0,0.9096267739107655,1.0,1.0,1.0,1.0,0.0,0.0,0.9096267739107655,1.0,0.0,1.0,1093.37138224074,1202,0,0,0,2,0,0,0.0,601,1.0,1.0,1.0,1202,0,0,1202,1202,2,2
fencing_003_fencing_aria01_rgb,1.0,0.9633142143161108,0.9633142143161108,1.0,1.0,1.0,1.0,1.0,1.0,1.0,1.0,1.0,1.0,1.0,1.0,1.0,1.0,1.0,0.9900662251655629,0.9900662251655629,0.9737274220032841,0.6905766526019691,0.9812861328913884,1.0,1.0,1.0,1.0,1.0,1.0,1.0,1.0,1.0,1.0,1.0,1.0,1.0,1.0,1.0,0.9900662251655629,0.9900662251655629,0.9737274220032841,0.6905766526019691,0.9812861328913884,1.0,1.0,1.0,1.0,1.0,1.0,1.0,1.0,1.0,1.0,1.0,1.0,1.0,1.0,1.0,0.9900662251655629,0.9900662251655629,0.973727422003284,0.6905766526019691,0.9812861328913883,1.0,1.0,1.0,1.0,1.0,1.0,1.0,1.0,1.0,1.0,1.0,1.0,1.0,1.0,1.0,0.9950083194675541,0.9950083194675541,0.9866888519134775,0.8169717138103162,0.9891409055083633,1.0,1.0,1.0,1.0,1.0,1.0,1.0,1.0,1.0,1.0,1.0,1.0,1.0,1.0,1.0,0.9950083194675541,0.9950083194675541,0.9866888519134775,0.8169717138103162,0.9891409055083633,1.0,1.0,1.0,1.0,1.0,1.0,1.0,1.0,1.0,1.0,1.0,1.0,1.0,1.0,1.0,0.9950083194675542,0.9950083194675542,0.9866888519134777,0.8169717138103162,0.9891409055083633,1.0,1.0,1.0,1.0,1.0,1.0,1.0,1.0,1.0,1.0,1.0,1.0,1.0,1.0,1.0,0.9950083194675542,0.9950083194675542,0.9866888519134777,0.8169717138103162,0.9891409055083633,0.9633142143161108,0.9633142143161108,0.9633142143161108,0.9633142143161108,0.9633142143161108,0.9633142143161108,0.9633142143161108,0.9633142143161108,0.9633142143161108,0.9633142143161108,0.9633142143161108,0.9633142143161108,0.9633142143161108,0.9633142143161108,0.9633142143161108,0.9642367503852584,0.9642367503852584,0.9649554206319747,0.9708931893704037,0.9638965960797135,1.0,1.0,1.0,1.0,1.0,1.0,1.0,1.0,1.0,1.0,1.0,1.0,1.0,1.0,1.0,0.9925341963194879,0.9925341963194879,0.98018671287316,0.7511202243273856,0.9850723857810275,601.0,601.0,601.0,601.0,601.0,601.0,601.0,601.0,601.0,601.0,601.0,601.0,601.0,601.0,601.0,598.0,598.0,593.0,491.0,594.4736842105264,0.0,0.0,0.0,0.0,0.0,0.0,0.0,0.0,0.0,0.0,0.0,0.0,0.0,0.0,0.0,3.0,3.0,8.0,110.0,6.526315789473684,0.0,0.0,0.0,0.0,0.0,0.0,0.0,0.0,0.0,0.0,0.0,0.0,0.0,0.0,0.0,3.0,3.0,8.0,110.0,6.526315789473684,1.0,0.9633142143161108,1.0,1.0,1.0,1.0,0.0,0.0,0.9633142143161108,1.0,0.0,1.0,578.9518428039826,601,0,0,0,1,0,0,0.0,601,1.0,1.0,1.0,601,0,0,601,601,1,1
fencing_003_fencing_aria02_rgb,1.0,0.9417791309637372,0.9417791309637372,1.0,1.0,1.0,1.0,1.0,1.0,1.0,1.0,1.0,1.0,1.0,1.0,0.9965960702406329,0.9932159235824484,0.9865262375885986,0.9668989518339097,0.928725316403067,0.8142177656749927,0.3650104888213518,0.9500626712707895,1.0,1.0,1.0,1.0,1.0,1.0,1.0,1.0,1.0,1.0,1.0,1.0,0.9965899403239556,0.9931914893617021,0.9864291772688719,0.966414777497901,0.9275720164609054,0.811291569992266,0.35297515886770653,0.949182322619648,1.0,1.0,1.0,1.0,1.0,1.0,1.0,1.0,1.0,1.0,1.0,1.0,0.9966022001950146,0.9932403584043185,0.9866233074586366,0.9673833687415276,0.9298800503047843,0.817154515665801,0.3774561852369253,0.9509652624214217,1.0,1.0,1.0,1.0,1.0,1.0,1.0,1.0,1.0,1.0,1.0,1.0,0.9982920580700256,0.9965841161400513,0.9931682322801024,0.9829205807002562,0.9624252775405636,0.8958155422715628,0.5217762596071733,0.9658411614005123,1.0,1.0,1.0,1.0,1.0,1.0,1.0,1.0,1.0,1.0,1.0,1.0,0.9982920580700256,0.9965841161400513,0.9931682322801024,0.9829205807002562,0.9624252775405636,0.8958155422715628,0.5217762596071733,0.9658411614005123,1.0,1.0,1.0,1.0,1.0,1.0,1.0,1.0,1.0,1.0,1.0,1.0,0.9982951390452177,0.9965964611614727,0.9932177822027123,0.9831754971562502,0.9630702514598214,0.8977899042879298,0.5415241879913489,0.9670352222791975,1.0,1.0,1.0,1.0,1.0,1.0,1.0,1.0,1.0,1.0,1.0,1.0,0.9982951390452177,0.9965964611614727,0.9932177822027123,0.9831754971562502,0.9630702514598214,0.8977899042879298,0.5415241879913489,0.9670352222791975,0.9417791309637372,0.9417791309637372,0.9417791309637372,0.9417791309637372,0.9417791309637372,0.9417791309637372,0.9417791309637372,0.9417791309637372,0.9417791309637372,0.9417791309637372,0.9417791309637372,0.9417791309637372,0.9423188333544944,0.9428059239635351,0.9435564571925507,0.9452675120930526,0.9477324032177102,0.9527130065677666,0.9663033185670029,0.9443182645537348,1.0,1.0,1.0,1.0,1.0,1.0,1.0,1.0,1.0,1.0,1.0,1.0,0.9974467712664155,0.9949108325347531,0.9898903606940731,0.9751210297000021,0.9460127195202056,0.8555815072632272,0.44378787331169295,0.9580395312784405,1171.0,1171.0,1171.0,1171.0,1171.0,1171.0,1171.0,1171.0,1171.0,1171.0,1171.0,1171.0,1169.0,1167.0,1163.0,1151.0,1127.0,1049.0,611.0,1131.0,0.0,0.0,0.0,0.0,0.0,0.0,0.0,0.0,0.0,0.0,0.0,0.0,2.0,4.0,8.0,20.0,44.0,122.0,560.0,40.0,0.0,0.0,0.0,0.0,0.0,0.0,0.0,0.0,0.0,0.0,0.0,0.0,2.0,4.0,8.0,20.0,44.0,122.0,560.0,40.0,1.0,0.9417791309637372,1.0,1.0,1.0,1.0,0.0,0.0,0.9417791309637372,1.0,0.0,1.0,1102.8233623585363,1171,0,0,0,2,0,0,0.0,601,1.0,1.0,1.0,1171,0,0,1171,1171,2,2
fencing_003_fencing_aria03_rgb,0.8219566434741674,0.8700252143732979,0.7151230049441689,0.8219566434741674,0.8219566434741674,0.8219566434741674,0.8219566434741674,0.8215278634413371,0.8018831468593078,0.7760890363085536,0.7478677256632507,0.730298536389251,0.7274224600237402,0.7274224600237402,0.7274224600237402,0.7274224600237402,0.7274224600237402,0.7236448134179122,0.7193916522545103,0.6673979058355806,0.4883553170314345,0.12111370017523024,0.7117109774416704,1.0,1.0,1.0,1.0,0.99833748960931,0.9688779688779688,0.9232,0.8693623639191291,0.8379204892966361,0.8281368821292776,0.8281368821292776,0.8281368821292776,0.8281368821292776,0.8281368821292776,0.8239757207890743,0.8198334595003784,0.7573099415204678,0.5489690721649485,0.13449740443605473,0.8327878063558082,0.6756127237513196,0.6756127237513196,0.6756127237513196,0.6756127237513196,0.6760319405360679,0.663671382642384,0.6524200522945618,0.6433521374991932,0.636499475863125,0.6389564898818105,0.6389564898818105,0.6389564898818105,0.6389564898818105,0.6389564898818105,0.6355306385546944,0.6312554621140531,0.5881607256065317,0.4344341562491768,0.10906179514497286,0.6088237426799521,1.0,1.0,1.0,1.0,0.9991680532445923,0.9841930116472546,0.9600665557404326,0.930116472545757,0.9118136439267887,0.9059900166389351,0.9059900166389351,0.9059900166389351,0.9059900166389351,0.9059900166389351,0.9034941763727121,0.9009983361064892,0.8618968386023295,0.7088186356073212,0.23710482529118138,0.8909274016989227,1.0,1.0,1.0,1.0,0.9991680532445923,0.9841930116472546,0.9600665557404326,0.930116472545757,0.9118136439267887,0.9059900166389351,0.9059900166389351,0.9059900166389351,0.9059900166389351,0.9059900166389351,0.9034941763727121,0.9009983361064892,0.8618968386023295,0.7088186356073212,0.23710482529118138,0.8909274016989227,0.7205434093482576,0.7205434093482576,0.7205434093482576,0.7205434093482576,0.7209895802305621,0.7133602350548466,0.7074661814364851,0.7037317053569037,0.6999981782187837,0.7029927164551275,0.7029927164551275,0.7029927164551275,0.7029927164551275,0.7029927164551275,0.700581903089694,0.6981669516641239,0.6717600652708806,0.5559083843047191,0.18217006743147388,0.6711194985119547,0.8453277322660299,0.8453277322660299,0.8453277322660299,0.8453277322660299,0.8452980697775316,0.8362515153120554,0.8270535211069041,0.8217331602774469,0.8191091740468085,0.8226619885471294,0.8226619885471294,0.8226619885471294,0.8226619885471294,0.8226619885471294,0.8201960628623567,0.8169570666813368,0.7845725788108159,0.6510759580397409,0.2379277513338474,0.7870945121078217,0.8700252143732979,0.8700252143732979,0.8700252143732979,0.8700252143732979,0.8705626467569119,0.8794681568625813,0.8933836543548973,0.9100761241045946,0.9199230478347654,0.922815618146074,0.922815618146074,0.922815618146074,0.922815618146074,0.922815618146074,0.9233353195380439,0.9237311139958015,0.928019491201879,0.9386615461870094,0.9633525715870351,0.9076154010866884,0.8219566434741674,0.8219566434741674,0.8219566434741674,0.8219566434741674,0.8218695261150561,0.8081959767450624,0.7914333026240638,0.7735582852865855,0.7618194710325059,0.7608470285803691,0.7608470285803691,0.7608470285803691,0.7608470285803691,0.7608470285803691,0.7577586890564815,0.7541618665929051,0.7119928861936204,0.5549189363265227,0.16080758030575362,0.7362409598461617,1202.0,1202.0,1202.0,1202.0,1201.0,1183.0,1154.0,1118.0,1096.0,1089.0,1089.0,1089.0,1089.0,1089.0,1086.0,1083.0,1036.0,852.0,285.0,1070.8947368421052,0.0,0.0,0.0,0.0,1.0,19.0,48.0,84.0,106.0,113.0,113.0,113.0,113.0,113.0,116.0,119.0,166.0,350.0,917.0,131.10526315789474,0.0,0.0,0.0,0.0,1.0,19.0,48.0,84.0,106.0,113.0,113.0,113.0,113.0,113.0,116.0,119.0,166.0,350.0,917.0,131.10526315789474,0.9966722129783694,0.9211307167343309,0.9983361064891847,0.9991680532445923,0.9991680532445923,1.0,0.0,0.0,0.9178685447570144,0.9991680532445923,0.0016638935108153079,0.9980856655610116,1106.2779907979314,1201,1,1,2,2,0,0,1.0,601,0.7895174708818635,0.7895174708818635,0.7895174708818635,949,253,253,1202,1202,3,2
fencing_004_fencing_aria01_rgb,0.9525099315404842,0.9440823797403245,0.8992478428950339,0.9525099315404842,0.9525099315404842,0.9525099315404842,0.9525099315404842,0.9525099315404842,0.9525099315404842,0.9525099315404842,0.9525099315404842,0.9525099315404842,0.9525099315404842,0.9446840024522934,0.9446840024522934,0.9446840024522934,0.9408176422739674,0.9171950773217645,0.8981944808909396,0.8730275080682836,0.7884766157035991,0.4705122978925255,0.9077565760480423,0.9961538461538462,0.9961538461538462,0.9961538461538462,0.9961538461538462,0.9961538461538462,0.9961538461538462,0.9961538461538462,0.9961538461538462,0.9961538461538462,0.9961538461538462,0.9885057471264368,0.9885057471264368,0.9885057471264368,0.9847036328871893,0.9584905660377359,0.9365671641791045,0.9080882352941176,0.8083623693379791,0.4476987447698745,0.9458403376538825,0.910778162616398,0.910778162616398,0.910778162616398,0.910778162616398,0.910778162616398,0.910778162616398,0.910778162616398,0.910778162616398,0.910778162616398,0.910778162616398,0.9028049326810206,0.9028049326810206,0.9028049326810206,0.8988875499714449,0.8776787583219235,0.8613939889832235,0.8393204539171878,0.7690800525766038,0.4944883698119348,0.8714234525152296,0.9980732177263969,0.9980732177263969,0.9980732177263969,0.9980732177263969,0.9980732177263969,0.9980732177263969,0.9980732177263969,0.9980732177263969,0.9980732177263969,0.9980732177263969,0.9942196531791907,0.9942196531791907,0.9942196531791907,0.9922928709055877,0.9788053949903661,0.9672447013487476,0.9518304431599229,0.8940269749518305,0.6184971098265896,0.9666362437886624,0.9980732177263969,0.9980732177263969,0.9980732177263969,0.9980732177263969,0.9980732177263969,0.9980732177263969,0.9980732177263969,0.9980732177263969,0.9980732177263969,0.9980732177263969,0.9942196531791907,0.9942196531791907,0.9942196531791907,0.9922928709055877,0.9788053949903661,0.9672447013487476,0.9518304431599229,0.8940269749518305,0.6184971098265896,0.9666362437886624,0.910778162616398,0.910778162616398,0.910778162616398,0.910778162616398,0.910778162616398,0.910778162616398,0.910778162616398,0.910778162616398,0.910778162616398,0.910778162616398,0.9065877569133294,0.9065877569133294,0.9065877569133294,0.9045039329752578,0.893564717321147,0.8849077078207769,0.8726295385058906,0.8297108404299874,0.6139537562347955,0.885621862641675,1.0,1.0,1.0,1.0,1.0,1.0,1.0,1.0,1.0,1.0,0.9961554153720616,0.9961554153720616,0.9961554153720616,0.9942455092174051,0.9810392425643152,0.9700269367872639,0.9554321826701031,0.9041182556248291,0.6765511585419687,0.9720989227116877,0.9440823797403245,0.9440823797403245,0.9440823797403245,0.9440823797403245,0.9440823797403245,0.9440823797403245,0.9440823797403245,0.9440823797403245,0.9440823797403245,0.9440823797403245,0.9457075580700044,0.9457075580700044,0.9457075580700044,0.9462544932448382,0.9492144263753307,0.9512382771315306,0.9533032096839156,0.9581774030110608,0.9689532429118906,0.9476361854722013,0.9534271295686335,0.9534271295686335,0.9534271295686335,0.9534271295686335,0.9534271295686335,0.9534271295686335,0.9534271295686335,0.9534271295686335,0.9534271295686335,0.9534271295686335,0.9474103688785482,0.9474103688785482,0.9474103688785482,0.944436185023877,0.9268639078710231,0.9127862683113087,0.8938068916746975,0.8292034207001656,0.5530276915051754,0.9177171982846434,518.0,518.0,518.0,518.0,518.0,518.0,518.0,518.0,518.0,518.0,516.0,516.0,516.0,515.0,508.0,502.0,494.0,464.0,321.0,501.6842105263158,1.0,1.0,1.0,1.0,1.0,1.0,1.0,1.0,1.0,1.0,3.0,3.0,3.0,4.0,11.0,17.0,25.0,55.0,198.0,17.31578947368421,1.0,1.0,1.0,1.0,1.0,1.0,1.0,1.0,1.0,1.0,3.0,3.0,3.0,4.0,11.0,17.0,25.0,55.0,198.0,17.31578947368421,0.9942196531791907,0.9440823797403245,0.9961464354527938,0.9980732177263969,0.9980732177263969,1.0,0.0,0.0,0.9384097739990137,0.9980732177263969,0.003215434083601286,0.9961464354527938,489.0346727054881,518,1,1,1,2,0,0,1.0,311,0.9499036608863198,0.9499036608863198,0.9499036608863198,493,26,26,519,519,4,2
fencing_004_fencing_aria02_rgb,1.0,0.9463046600375681,0.9463046600375681,1.0,1.0,1.0,1.0,1.0,1.0,1.0,1.0,1.0,1.0,1.0,1.0,1.0,1.0,0.9936509886988928,0.9810742995969995,0.9503227758902483,0.8424648567248564,0.41504568846787326,0.9569767689146775,1.0,1.0,1.0,1.0,1.0,1.0,1.0,1.0,1.0,1.0,1.0,1.0,1.0,1.0,0.9936507936507937,0.9810725552050473,0.9503105590062112,0.841642228739003,0.4144144144144144,0.9568995026850245,1.0,1.0,1.0,1.0,1.0,1.0,1.0,1.0,1.0,1.0,1.0,1.0,1.0,1.0,0.9936511837470303,0.9810760439920535,0.9503349929313417,0.8432882887540194,0.415677924135882,0.9570541280821225,1.0,1.0,1.0,1.0,1.0,1.0,1.0,1.0,1.0,1.0,1.0,1.0,1.0,1.0,0.9968152866242038,0.9904458598726115,0.9745222929936306,0.9140127388535032,0.5859872611464968,0.9716728126047603,1.0,1.0,1.0,1.0,1.0,1.0,1.0,1.0,1.0,1.0,1.0,1.0,1.0,1.0,0.9968152866242038,0.9904458598726115,0.9745222929936306,0.9140127388535032,0.5859872611464968,0.9716728126047603,1.0,1.0,1.0,1.0,1.0,1.0,1.0,1.0,1.0,1.0,1.0,1.0,1.0,1.0,0.99681538477343,0.9904467488963099,0.9745287182397074,0.9146584208148005,0.5870380726035695,0.9717624918593588,1.0,1.0,1.0,1.0,1.0,1.0,1.0,1.0,1.0,1.0,1.0,1.0,1.0,1.0,0.99681538477343,0.9904467488963099,0.9745287182397074,0.9146584208148005,0.5870380726035695,0.9717624918593588,0.9463046600375681,0.9463046600375681,0.9463046600375681,0.9463046600375681,0.9463046600375681,0.9463046600375681,0.9463046600375681,0.9463046600375681,0.9463046600375681,0.9463046600375681,0.9463046600375681,0.9463046600375681,0.9463046600375681,0.9463046600375681,0.946975667084253,0.9480559512413687,0.9498699897078504,0.9542848856143549,0.9662448493704202,0.9480892938707474,1.0,1.0,1.0,1.0,1.0,1.0,1.0,1.0,1.0,1.0,1.0,1.0,1.0,1.0,0.9952319777475378,0.9857498191692096,0.9623526569940651,0.8779386302283009,0.4935402397813645,0.9639375433642355,314.0,314.0,314.0,314.0,314.0,314.0,314.0,314.0,314.0,314.0,314.0,314.0,314.0,314.0,313.0,311.0,306.0,287.0,184.0,305.10526315789474,0.0,0.0,0.0,0.0,0.0,0.0,0.0,0.0,0.0,0.0,0.0,0.0,0.0,0.0,1.0,3.0,8.0,27.0,130.0,8.894736842105264,0.0,0.0,0.0,0.0,0.0,0.0,0.0,0.0,0.0,0.0,0.0,0.0,0.0,0.0,1.0,3.0,8.0,27.0,130.0,8.894736842105264,1.0,0.9463046600375681,1.0,1.0,1.0,1.0,0.0,0.0,0.9463046600375681,1.0,0.0,1.0,297.1396632517964,314,0,0,0,2,0,0,0.0,311,1.0,1.0,1.0,314,0,0,314,314,2,2
fencing_004_fencing_aria03_rgb,0.8510667217718312,0.9070084329595798,0.7719246936583153,0.8510667217718312,0.8510667217718312,0.8510667217718312,0.8510667217718312,0.8510667217718312,0.8510667217718312,0.8510667217718312,0.8510667217718312,0.8510667217718312,0.8510667217718312,0.8510667217718312,0.8510667217718312,0.8470071246073168,0.8399577793761781,0.8360020337742227,0.8075077805477736,0.6970041278449186,0.4438207311948061,0.08984197200230601,0.7775759058215524,0.9983108108108109,0.9983108108108109,0.9983108108108109,0.9983108108108109,0.9983108108108109,0.9983108108108109,0.9983108108108109,0.9983108108108109,0.9983108108108109,0.9983108108108109,0.9983108108108109,0.9983108108108109,0.9915824915824916,0.981574539363484,0.9749582637729549,0.9330065359477124,0.7816265060240963,0.4824561403508772,0.0963855421686747,0.9063852499442117,0.7255401394673625,0.7255401394673625,0.7255401394673625,0.7255401394673625,0.7255401394673625,0.7255401394673625,0.7255401394673625,0.7255401394673625,0.7255401394673625,0.7255401394673625,0.7255401394673625,0.7255401394673625,0.7235112310127666,0.7187727908998848,0.7168505837060056,0.6988898689577182,0.6215433464559078,0.4082792713448241,0.08374264180760503,0.667266916199635,0.9983108108108109,0.9983108108108109,0.9983108108108109,0.9983108108108109,0.9983108108108109,0.9983108108108109,0.9983108108108109,0.9983108108108109,0.9983108108108109,0.9983108108108109,0.9983108108108109,0.9983108108108109,0.9949324324324325,0.9898648648648649,0.9864864864864865,0.964527027027027,0.8766891891891891,0.6503378378378378,0.17567567567567569,0.9272759601706971,1.0,1.0,1.0,1.0,1.0,1.0,1.0,1.0,1.0,1.0,1.0,1.0,0.9966159052453468,0.9915397631133672,0.988155668358714,0.9661590524534687,0.8781725888324873,0.6514382402707276,0.17597292724196278,0.9288449550271618,0.7255401394673625,0.7255401394673625,0.7255401394673625,0.7255401394673625,0.7255401394673625,0.7255401394673625,0.7255401394673625,0.7255401394673625,0.7255401394673625,0.7255401394673625,0.7255401394673625,0.7255401394673625,0.7247252766425343,0.7223215517436229,0.7215477356123716,0.7128404593008584,0.6702582961859039,0.5139638119359516,0.13812602104449556,0.6794876224249521,1.0,1.0,1.0,1.0,1.0,1.0,1.0,1.0,1.0,1.0,1.0,1.0,0.9966572587227212,0.9917150057235662,0.9885424948865327,0.9670415091015991,0.8830327595806607,0.662584360509419,0.18882452056632384,0.9304419952153067,0.9070084329595798,0.9070084329595798,0.9070084329595798,0.9070084329595798,0.9070084329595798,0.9070084329595798,0.9070084329595798,0.9070084329595798,0.9070084329595798,0.9070084329595798,0.9070084329595798,0.9070084329595798,0.9079392822493046,0.9091788905925359,0.9097964888842465,0.9127657240600138,0.9209519339162957,0.9353710702589882,0.961494800437211,0.912715757153345,0.8510667217718312,0.8510667217718312,0.8510667217718312,0.8510667217718312,0.8510667217718312,0.8510667217718312,0.8510667217718312,0.8510667217718312,0.8510667217718312,0.8510667217718312,0.8510667217718312,0.8510667217718312,0.8484366735141259,0.8434974401458822,0.8409300884472647,0.8210348150505534,0.7381736465428477,0.5152858027933632,0.12129115871495787,0.7863921203405773,591.0,591.0,591.0,591.0,591.0,591.0,591.0,591.0,591.0,591.0,591.0,591.0,589.0,586.0,584.0,571.0,519.0,385.0,104.0,548.9473684210526,1.0,1.0,1.0,1.0,1.0,1.0,1.0,1.0,1.0,1.0,1.0,1.0,3.0,6.0,8.0,21.0,73.0,207.0,488.0,43.05263157894737,0.0,0.0,0.0,0.0,0.0,0.0,0.0,0.0,0.0,0.0,0.0,0.0,2.0,5.0,7.0,20.0,72.0,206.0,487.0,42.05263157894737,0.9932432432432432,0.9070084329595798,0.9983108108108109,0.9983108108108109,1.0,1.0,0.0,0.0,0.9004087565525534,0.9991546914623838,0.0,0.997504862745406,536.0419838791116,591,1,0,3,2,0,0,2.0,311,0.8385460693153001,0.8378378378378378,0.8392554991539763,496,96,95,591,592,5,2
fencing_005_fencing_aria01_rgb,0.8568430100417247,0.9463032541814542,0.8108333287251165,0.8568430100417247,0.8568430100417247,0.8568430100417247,0.8561978323693662,0.8561978323693662,0.8561978323693662,0.8561978323693662,0.8561978323693662,0.8555561411741189,0.8543917849385232,0.8537542602280848,0.8525957901499089,0.8519624103274817,0.8501805415092499,0.8467155607873373,0.8436854426030593,0.8342363349712125,0.7806379596422337,0.43250329009805405,0.8267230372842774,0.999128160418483,0.999128160418483,0.999128160418483,0.9973867595818815,0.9973867595818815,0.9973867595818815,0.9973867595818815,0.9973867595818815,0.9956483899042646,0.9939130434782608,0.9921807124239791,0.9904513888888888,0.9887250650477016,0.9852813852813853,0.9750215331610681,0.9716251074806534,0.9564846416382252,0.8703099510603589,0.4033047735618115,0.9530139090048134,0.7348205895326314,0.7348205895326314,0.7348205895326314,0.7349954479657584,0.7349954479657584,0.7349954479657584,0.7349954479657584,0.7349954479657584,0.7351755078629025,0.7344559234435705,0.734640703785554,0.7339275703341913,0.734117070832015,0.733604596573735,0.7352937514673153,0.7325923554054445,0.7276125849696946,0.700205281224144,0.46381572500027046,0.718151583122396,0.999128160418483,0.999128160418483,0.999128160418483,0.998256320836966,0.998256320836966,0.998256320836966,0.998256320836966,0.998256320836966,0.997384481255449,0.9965126416739319,0.995640802092415,0.994768962510898,0.993897122929381,0.992153443766347,0.986922406277245,0.985178727114211,0.977332170880558,0.93025283347864,0.5745422842197035,0.9691185242967923,1.0,1.0,1.0,0.9991273996509599,0.9991273996509599,0.9991273996509599,0.9991273996509599,0.9991273996509599,0.9982547993019197,0.9973821989528796,0.9965095986038395,0.9956369982547993,0.9947643979057592,0.9930191972076788,0.987783595113438,0.9860383944153578,0.9781849912739965,0.931064572425829,0.575043630017452,0.9699641774593551,0.7348205895326314,0.7348205895326314,0.7348205895326314,0.7350448677959595,0.7350448677959595,0.7350448677959595,0.7350448677959595,0.7350448677959595,0.7352727400804323,0.7348664750239553,0.7350977977072547,0.7346938775510204,0.7349286678234047,0.7347653810746957,0.7366536584734464,0.7351371332715111,0.733206117924718,0.7219326436353042,0.5799810027563973,0.7261169264684122,1.0,1.0,1.0,0.9991333044434814,0.9991333044434814,0.9991333044434814,0.9991333044434814,0.9991333044434814,0.9982784391181337,0.9974047096514723,0.9965602023384974,0.9956887795022152,0.994854677654852,0.9931619320905508,0.9886255575409447,0.9868558730028982,0.9801412129084304,0.9404895154778412,0.6423527076605834,0.9742147436402017,0.9463032541814542,0.9463032541814542,0.9463032541814542,0.9469630623179726,0.9469630623179726,0.9469630623179726,0.9469630623179726,0.9469630623179726,0.9474180947553674,0.9478176652275218,0.9481685863577938,0.9485032088222258,0.9487833383856797,0.9492333651299065,0.9503788155029863,0.950685502919304,0.9516201086760205,0.9551736709861943,0.9679631105616947,0.9494458179715222,0.8568430100417247,0.8568430100417247,0.8568430100417247,0.8565709846347912,0.8565709846347912,0.8565709846347912,0.8565709846347912,0.8565709846347912,0.8563017240094477,0.8555083941515825,0.8552416381156762,0.8544520862514688,0.8541878274672874,0.8531402738433187,0.8518672892644402,0.8495495301581524,0.84327883124649,0.8070736935840914,0.5162186998730995,0.8342212600665362,1146.0,1146.0,1146.0,1145.0,1145.0,1145.0,1145.0,1145.0,1144.0,1143.0,1142.0,1141.0,1140.0,1138.0,1132.0,1130.0,1121.0,1067.0,659.0,1111.578947368421,1.0,1.0,1.0,2.0,2.0,2.0,2.0,2.0,3.0,4.0,5.0,6.0,7.0,9.0,15.0,17.0,26.0,80.0,488.0,35.421052631578945,0.0,0.0,0.0,1.0,1.0,1.0,1.0,1.0,2.0,3.0,4.0,5.0,6.0,8.0,14.0,16.0,25.0,79.0,487.0,34.421052631578945,0.99128160418483,0.9478176652275218,0.993897122929381,0.9965126416739319,0.9973821989528796,1.0,0.0,0.0,0.9392812479119943,0.996947230702137,0.004991680532445923,0.9934811497343334,1083.3555913550574,1143,4,3,3,2,0,0,5.0,601,0.809419973833406,0.8090671316477768,0.8097731239092496,928,219,218,1146,1147,5,2
fencing_005_fencing_aria02_rgb,0.6555457585914451,0.9479894502324658,0.6214504632893288,0.6555457585914451,0.6555457585914451,0.6555457585914451,0.6555457585914451,0.6555457585914451,0.6555457585914451,0.6545903261959898,0.6545903261959898,0.6545903261959898,0.6545903261959898,0.6545903261959898,0.6545903261959898,0.6520430456153603,0.6490338341591078,0.6467869241137579,0.6300707993677802,0.6169566356739071,0.5814095299030618,0.39088073634466036,0.6330525270474866,0.9982332155477032,0.9982332155477032,0.9982332155477032,0.9982332155477032,0.9982332155477032,0.9982332155477032,0.9947089947089947,0.9947089947089947,0.9947089947089947,0.9947089947089947,0.9947089947089947,0.9947089947089947,0.9911971830985915,0.9842105263157894,0.9772727272727273,0.9366438356164384,0.910472972972973,0.8390243902439024,0.5450819672131147,0.954818782330196,0.4305008438047683,0.4305008438047683,0.4305008438047683,0.4305008438047683,0.4305008438047683,0.4305008438047683,0.43076768927250725,0.43076768927250725,0.43076768927250725,0.43076768927250725,0.43076768927250725,0.43076768927250725,0.42893597821399926,0.4280028577423622,0.4280620071860369,0.4238422302269047,0.41806346986794646,0.40289298546354857,0.2803023384290519,0.419879635031237,0.9982332155477032,0.9982332155477032,0.9982332155477032,0.9982332155477032,0.9982332155477032,0.9982332155477032,0.9964664310954063,0.9964664310954063,0.9964664310954063,0.9964664310954063,0.9964664310954063,0.9964664310954063,0.9946996466431095,0.991166077738516,0.9876325088339223,0.9664310954063604,0.9522968197879859,0.911660777385159,0.7049469964664311,0.9724753580063232,1.0,1.0,1.0,1.0,1.0,1.0,0.9982300884955753,0.9982300884955753,0.9982300884955753,0.9982300884955753,0.9982300884955753,0.9982300884955753,0.9964601769911504,0.9929203539823008,0.9893805309734514,0.968141592920354,0.9539823008849557,0.9132743362831859,0.7061946902654868,0.9741965533302284,0.4305008438047683,0.4305008438047683,0.4305008438047683,0.4305008438047683,0.4305008438047683,0.4305008438047683,0.4307937422468885,0.4307937422468885,0.4307937422468885,0.4307937422468885,0.4307937422468885,0.4307937422468885,0.4295353563710769,0.4288839854563243,0.42903113709645135,0.4273540066064085,0.42357204631708245,0.41388151680086366,0.31758738020593263,0.4230322602717937,1.0,1.0,1.0,1.0,1.0,1.0,0.9984802431610942,0.9984802431610942,0.9984802431610942,0.9984802431610942,0.9984802431610942,0.9984802431610942,0.9967073658496725,0.9935761978134858,0.9913011062646458,0.9726555481275163,0.9624841452667922,0.9324939631397625,0.7370537229889805,0.9777449214956537,0.9479894502324658,0.9479894502324658,0.9479894502324658,0.9479894502324658,0.9479894502324658,0.9479894502324658,0.9490709941313699,0.9490709941313699,0.9490709941313699,0.9490709941313699,0.9490709941313699,0.9490709941313699,0.9496590940217691,0.9506646070781261,0.9514982023450544,0.9552896637606726,0.9572321602697729,0.9605989437275569,0.9683607050808125,0.9513508443403568,0.6555457585914451,0.6555457585914451,0.6555457585914451,0.6555457585914451,0.6555457585914451,0.6555457585914451,0.6551683310116494,0.6551683310116494,0.6551683310116494,0.6551683310116494,0.6551683310116494,0.6551683310116494,0.6531940492395668,0.6513232022347838,0.6502060858632669,0.6400111802442691,0.6309679174290685,0.6060542321696354,0.44452029377529795,0.6389769209776028,565.0,565.0,565.0,565.0,565.0,565.0,564.0,564.0,564.0,564.0,564.0,564.0,563.0,561.0,559.0,547.0,539.0,516.0,399.0,550.421052631579,1.0,1.0,1.0,1.0,1.0,1.0,2.0,2.0,2.0,2.0,2.0,2.0,3.0,5.0,7.0,19.0,27.0,50.0,167.0,15.578947368421053,0.0,0.0,0.0,0.0,0.0,0.0,1.0,1.0,1.0,1.0,1.0,1.0,2.0,4.0,6.0,18.0,26.0,49.0,166.0,14.578947368421053,0.9840989399293286,0.9490709941313699,0.9946996466431095,0.9964664310954063,0.9982300884955753,1.0,0.0,0.0,0.9333498952121777,0.9973474801061007,0.0016638935108153079,0.9933248211123964,535.2760406900926,564,2,1,6,2,0,0,5.0,601,0.5658709106984969,0.5653710247349824,0.5663716814159292,320,246,245,565,566,8,2
fencing_005_fencing_aria03_rgb,0.6737342889575201,0.9255460423669046,0.6235721047515133,0.6737342889575201,0.6737342889575201,0.6737342889575201,0.6737342889575201,0.6737342889575201,0.6737342889575201,0.6737342889575201,0.6737342889575201,0.6737342889575201,0.6737342889575201,0.6737342889575201,0.672765619651462,0.6677821477337476,0.6656486747278295,0.6581339424611865,0.64915940646589,0.6234226720210063,0.49127793711013823,0.15093153184544877,0.6310631110815489,0.998220640569395,0.998220640569395,0.998220640569395,0.998220640569395,0.998220640569395,0.998220640569395,0.998220640569395,0.998220640569395,0.998220640569395,0.998220640569395,0.998220640569395,0.9964444444444445,0.9840989399293286,0.9805996472663139,0.9667250437828371,0.9530434782608695,0.9098639455782312,0.6963746223564955,0.18148342977380327,0.9288979261924034,0.45472701491944295,0.45472701491944295,0.45472701491944295,0.45472701491944295,0.45472701491944295,0.45472701491944295,0.45472701491944295,0.45472701491944295,0.45472701491944295,0.45472701491944295,0.45472701491944295,0.45422861405721904,0.45313837739111934,0.4518542907925203,0.44804910041908874,0.4421707347204549,0.4271581810430075,0.3465864546793269,0.12552290494843849,0.4289845169560551,0.998220640569395,0.998220640569395,0.998220640569395,0.998220640569395,0.998220640569395,0.998220640569395,0.998220640569395,0.998220640569395,0.998220640569395,0.998220640569395,0.998220640569395,0.9973309608540926,0.9911032028469751,0.9893238434163701,0.9822064056939501,0.9750889679715302,0.9519572953736655,0.8202846975088968,0.3069395017793594,0.9470874695635887,1.0,1.0,1.0,1.0,1.0,1.0,1.0,1.0,1.0,1.0,1.0,0.9991087344028521,0.9928698752228164,0.9910873440285205,0.983957219251337,0.9768270944741533,0.9536541889483066,0.82174688057041,0.3074866310160428,0.9487756825218125,0.45472701491944295,0.45472701491944295,0.45472701491944295,0.45472701491944295,0.45472701491944295,0.45472701491944295,0.45472701491944295,0.45472701491944295,0.45472701491944295,0.45472701491944295,0.45472701491944295,0.4543845301135999,0.4539335645255466,0.4530499118941928,0.45056963349632173,0.4464321073591729,0.43584223408989764,0.3738045925667078,0.15897001600516864,0.4331044081139201,1.0,1.0,1.0,1.0,1.0,1.0,1.0,1.0,1.0,1.0,1.0,0.9991117033089052,0.9930718902484251,0.9912888937924939,0.9843990764269506,0.9774036344462219,0.9544636229595979,0.8284638263867505,0.363649274493861,0.9522027327401688,0.9255460423669046,0.9255460423669046,0.9255460423669046,0.9255460423669046,0.9255460423669046,0.9255460423669046,0.9255460423669046,0.9255460423669046,0.9255460423669046,0.9255460423669046,0.9255460423669046,0.9258421637862162,0.92767971333606,0.9280995519326228,0.9295791288959829,0.9307207194306479,0.9332537030304441,0.9414062549119222,0.9641375132639667,0.9295644849802007,0.6737342889575201,0.6737342889575201,0.6737342889575201,0.6737342889575201,0.6737342889575201,0.6737342889575201,0.6737342889575201,0.6737342889575201,0.6737342889575201,0.6737342889575201,0.6737342889575201,0.6730648260792633,0.6701543830828981,0.6686031884690906,0.6633827677118549,0.656624554357954,0.6376804424807428,0.533197491683253,0.19628534817140986,0.6373721147667993,1122.0,1122.0,1122.0,1122.0,1122.0,1122.0,1122.0,1122.0,1122.0,1122.0,1122.0,1121.0,1114.0,1112.0,1104.0,1096.0,1070.0,922.0,345.0,1064.5263157894738,2.0,2.0,2.0,2.0,2.0,2.0,2.0,2.0,2.0,2.0,2.0,3.0,10.0,12.0,20.0,28.0,54.0,202.0,779.0,59.473684210526315,0.0,0.0,0.0,0.0,0.0,0.0,0.0,0.0,0.0,0.0,0.0,1.0,8.0,10.0,18.0,26.0,52.0,200.0,777.0,57.473684210526315,0.9955516014234875,0.9255460423669046,0.998220640569395,0.998220640569395,1.0,1.0,0.0,0.0,0.9212301241420524,0.9991095280498664,0.0,0.9977961554673314,1038.462659535667,1122,2,0,3,2,0,0,2.0,601,0.5004452359750667,0.5,0.5008912655971479,562,562,560,1122,1124,5,2
fencing_006_fencing_aria01_rgb,0.8491701796483008,0.938709039022588,0.7971237233042948,0.8491701796483008,0.8491701796483008,0.8491701796483008,0.8491701796483008,0.8491701796483008,0.8491701796483008,0.8491701796483008,0.8491701796483008,0.847342801744552,0.847342801744552,0.8455210700858166,0.8455210700858166,0.8437049646765533,0.838290207764267,0.8191219493378235,0.7965253354499832,0.7521545233146553,0.6712160475721699,0.2946269376129539,0.7997225866618709,0.9974895397489539,0.9974895397489539,0.9974895397489539,0.9974895397489539,0.9974895397489539,0.9974895397489539,0.9974895397489539,0.9974895397489539,0.995819397993311,0.995819397993311,0.9941520467836257,0.9941520467836257,0.9924874791318865,0.9875104079933389,0.9678483099752679,0.9453952730236349,0.8974562798092209,0.802870090634441,0.33650615901455766,0.9415754319540975,0.72290481781434,0.72290481781434,0.72290481781434,0.72290481781434,0.72290481781434,0.72290481781434,0.72290481781434,0.72290481781434,0.7210040546660751,0.7210040546660751,0.719111208664706,0.719111208664706,0.7172262445491986,0.7116182945974561,0.6932499245714872,0.6710977176610518,0.6303777015889389,0.5611505370219838,0.25795971349051044,0.6792710106661531,0.998324958123953,0.998324958123953,0.998324958123953,0.998324958123953,0.998324958123953,0.998324958123953,0.998324958123953,0.998324958123953,0.9974874371859297,0.9974874371859297,0.9966499162479062,0.9966499162479062,0.9958123953098827,0.9932998324958124,0.983249581239531,0.9715242881072027,0.9455611390284757,0.890284757118928,0.5033500837520938,0.9609450762584855,0.9991617770326907,0.9991617770326907,0.9991617770326907,0.9991617770326907,0.9991617770326907,0.9991617770326907,0.9991617770326907,0.9991617770326907,0.9983235540653814,0.9983235540653814,0.9974853310980721,0.9974853310980721,0.9966471081307627,0.9941324392288349,0.9840737636211232,0.972338642078793,0.9463537300922046,0.8910310142497905,0.5037720033528919,0.9617505624917281,0.7229110125525594,0.7229110125525594,0.7229110125525594,0.7229110125525594,0.7229110125525594,0.7229110125525594,0.7229110125525594,0.7229110125525594,0.7218429207751329,0.7218429207751329,0.7207758303451575,0.7207758303451575,0.7197097437891615,0.7165175327581534,0.7060569694105895,0.6927789808170891,0.6675641335094552,0.6210469548901563,0.3233125728349959,0.6902901310879294,0.9991772070211667,0.9991772070211667,0.9991772070211667,0.9991772070211667,0.9991772070211667,0.9991772070211667,0.9991772070211667,0.9991772070211667,0.9983382850007536,0.9983382850007536,0.9975007541478129,0.9975007541478129,0.9966646179724397,0.994164612790245,0.984247554733618,0.9727680563505949,0.9479567234016947,0.8961707287258047,0.5862169688383927,0.9664886840673294,0.938709039022588,0.938709039022588,0.938709039022588,0.938709039022588,0.938709039022588,0.938709039022588,0.938709039022588,0.938709039022588,0.9391375740366772,0.9391375740366772,0.939470002345082,0.939470002345082,0.9397149234512805,0.9404026837844708,0.9426701833304368,0.9446142241715736,0.9478655723473695,0.9520615772239952,0.9677960823576849,0.9422111953479491,0.8495257041267821,0.8495257041267821,0.8495257041267821,0.8495257041267821,0.8495257041267821,0.8495257041267821,0.8495257041267821,0.8495257041267821,0.8480521721507039,0.8480521721507039,0.8465826161034786,0.8465826161034786,0.8451170241828342,0.8407439163173344,0.8256135282499018,0.8074575731275432,0.7720496470646105,0.7068124005418784,0.36033878973837186,0.8075583204602681,1192.0,1192.0,1192.0,1192.0,1192.0,1192.0,1192.0,1192.0,1191.0,1191.0,1190.0,1190.0,1189.0,1186.0,1174.0,1160.0,1129.0,1063.0,601.0,1147.3684210526317,2.0,2.0,2.0,2.0,2.0,2.0,2.0,2.0,3.0,3.0,4.0,4.0,5.0,8.0,20.0,34.0,65.0,131.0,593.0,46.63157894736842,1.0,1.0,1.0,1.0,1.0,1.0,1.0,1.0,2.0,2.0,3.0,3.0,4.0,7.0,19.0,33.0,64.0,130.0,592.0,45.63157894736842,0.9941373534338358,0.9391375740366772,0.9958123953098827,0.9974874371859297,0.9983235540653814,1.0,0.0,0.0,0.9334278481387626,0.9979053204859657,0.0033277870216306157,0.995560276385541,1118.5128506776825,1191,3,2,2,2,0,0,4.0,601,0.7775450356095518,0.7772194304857621,0.7778709136630344,928,266,265,1193,1194,4,2
fencing_006_fencing_aria02_rgb,1.0,0.9607079194609152,0.9607079194609152,1.0,1.0,1.0,1.0,1.0,1.0,1.0,1.0,1.0,1.0,1.0,1.0,0.9966777408637874,0.9966777408637874,0.9867768595041322,0.9802306425041186,0.9640522875816994,0.9418416801292407,0.6858345021037868,0.9764258659763448,1.0,1.0,1.0,1.0,1.0,1.0,1.0,1.0,1.0,1.0,1.0,1.0,0.9966777408637874,0.9966777408637874,0.9867768595041322,0.9802306425041186,0.9640522875816994,0.9418416801292407,0.6858345021037868,0.9764258659763448,1.0,1.0,1.0,1.0,1.0,1.0,1.0,1.0,1.0,1.0,1.0,1.0,0.9966777408637874,0.9966777408637874,0.9867768595041322,0.9802306425041186,0.9640522875816994,0.9418416801292407,0.6858345021037868,0.9764258659763448,1.0,1.0,1.0,1.0,1.0,1.0,1.0,1.0,1.0,1.0,1.0,1.0,0.9983361064891847,0.9983361064891847,0.9933444259567388,0.9900166389351082,0.9816971713810316,0.9700499168053245,0.8136439267886856,0.986601278570803,1.0,1.0,1.0,1.0,1.0,1.0,1.0,1.0,1.0,1.0,1.0,1.0,0.9983361064891847,0.9983361064891847,0.9933444259567388,0.9900166389351082,0.9816971713810316,0.9700499168053245,0.8136439267886856,0.986601278570803,1.0,1.0,1.0,1.0,1.0,1.0,1.0,1.0,1.0,1.0,1.0,1.0,0.9983361064891847,0.9983361064891847,0.9933444259567388,0.9900166389351083,0.9816971713810316,0.9700499168053244,0.8136439267886856,0.986601278570803,1.0,1.0,1.0,1.0,1.0,1.0,1.0,1.0,1.0,1.0,1.0,1.0,0.9983361064891847,0.9983361064891847,0.9933444259567388,0.9900166389351083,0.9816971713810316,0.9700499168053244,0.8136439267886856,0.986601278570803,0.9607079194609152,0.9607079194609152,0.9607079194609152,0.9607079194609152,0.9607079194609152,0.9607079194609152,0.9607079194609152,0.9607079194609152,0.9607079194609152,0.9607079194609152,0.9607079194609152,0.9607079194609152,0.9612586764395626,0.9612586764395626,0.9624504323097122,0.9630985056151052,0.9641301283687824,0.9651932479994505,0.9705630759883718,0.9619183040363963,1.0,1.0,1.0,1.0,1.0,1.0,1.0,1.0,1.0,1.0,1.0,1.0,0.997506579045166,0.997506579045166,0.9900551969721313,0.9851114891590338,0.9728347258308407,0.9558417460297269,0.747010761247044,0.9813614251225846,601.0,601.0,601.0,601.0,601.0,601.0,601.0,601.0,601.0,601.0,601.0,601.0,600.0,600.0,597.0,595.0,590.0,583.0,489.0,592.9473684210526,0.0,0.0,0.0,0.0,0.0,0.0,0.0,0.0,0.0,0.0,0.0,0.0,1.0,1.0,4.0,6.0,11.0,18.0,112.0,8.052631578947368,0.0,0.0,0.0,0.0,0.0,0.0,0.0,0.0,0.0,0.0,0.0,0.0,1.0,1.0,4.0,6.0,11.0,18.0,112.0,8.052631578947368,1.0,0.9607079194609152,1.0,1.0,1.0,1.0,0.0,0.0,0.9607079194609152,1.0,0.0,1.0,577.38545959601,601,0,0,0,1,0,0,0.0,601,1.0,1.0,1.0,601,0,0,601,601,1,1
fencing_006_fencing_aria03_rgb,0.6449824966066272,0.9161795616969103,0.5909197810432386,0.6449824966066272,0.6449824966066272,0.6449824966066272,0.6449824966066272,0.6449824966066272,0.6449824966066272,0.6449824966066272,0.6447113739948416,0.6447113739948416,0.6447113739948416,0.644442733826119,0.6429196488757251,0.6429196488757251,0.6340903538777721,0.6189861802923106,0.5976473235967629,0.5399451678246809,0.4261173134934889,0.14589645302151835,0.5969461274692115,0.9866999168744804,0.9866999168744804,0.9866999168744804,0.9866999168744804,0.9866999168744804,0.9866999168744804,0.9866999168744804,0.9850498338870431,0.9850498338870431,0.9850498338870431,0.983402489626556,0.9817578772802653,0.9817578772802653,0.9670781893004116,0.9462540716612378,0.8983320095313742,0.7969924812030075,0.5880398671096345,0.15514741420976316,0.9032005893150005,0.42160986720934135,0.42160986720934135,0.42160986720934135,0.42160986720934135,0.42160986720934135,0.42160986720934135,0.42160986720934135,0.42196114496881376,0.42196114496881376,0.42196114496881376,0.42231582852611393,0.4210260844105115,0.4210260844105115,0.41575808588103697,0.404905936859241,0.397606140728195,0.3658011727001005,0.3087817255510249,0.13719709808041797,0.3953458243431045,0.9875207986688852,0.9875207986688852,0.9875207986688852,0.9875207986688852,0.9875207986688852,0.9875207986688852,0.9875207986688852,0.9866888519134775,0.9866888519134775,0.9866888519134775,0.9858569051580699,0.9850249584026622,0.9850249584026622,0.9775374376039934,0.9667221297836939,0.9409317803660566,0.8818635607321131,0.7362728785357737,0.2670549084858569,0.9262632454680797,0.9991582491582491,0.9991582491582491,0.9991582491582491,0.9991582491582491,0.9991582491582491,0.9991582491582491,0.9991582491582491,0.9983164983164983,0.9983164983164983,0.9983164983164983,0.9974747474747475,0.9966329966329966,0.9966329966329966,0.9890572390572391,0.9781144781144782,0.952020202020202,0.8922558922558923,0.7449494949494949,0.2702020202020202,0.9371788055998581,0.4216098695378525,0.4216098695378525,0.4216098695378525,0.4216098695378525,0.4216098695378525,0.4216098695378525,0.4216098695378525,0.4219611496297626,0.4219611496297626,0.4219611496297626,0.422315830858555,0.4214597292800288,0.4214597292800288,0.41810740963642157,0.41076404500817626,0.40638576142621124,0.3841521991649138,0.34316252573394623,0.18998968489692675,0.4018394447862876,0.9995787700084247,0.9995787700084247,0.9995787700084247,0.9995787700084247,0.9995787700084247,0.9995787700084247,0.9995787700084247,0.9991568296795953,0.9991568296795953,0.9991568296795953,0.9995780590717299,0.9987350631881882,0.9987350631881882,0.9915736809129785,0.9806694138080183,0.9565524665892813,0.9018138913649432,0.760300367537148,0.3313591103028899,0.9428336313190065,0.9161795616969103,0.9161795616969103,0.9161795616969103,0.9161795616969103,0.9161795616969103,0.9161795616969103,0.9161795616969103,0.9166250577386532,0.9166250577386532,0.9166250577386532,0.9169709710716717,0.9172418179103824,0.9172418179103824,0.9190890568729276,0.9211498835800924,0.9250847179811075,0.9317082161308458,0.9416673116525428,0.964388428702532,0.921982859310885,0.6452507363755979,0.6452507363755979,0.6452507363755979,0.6452507363755979,0.6452507363755979,0.6452507363755979,0.6452507363755979,0.6452475166022534,0.6452475166022534,0.6452475166022534,0.6452464457166895,0.6439885102103141,0.6439885102103141,0.6375100735951471,0.6256448910065736,0.61165370421494,0.5679671862680918,0.4768098257279273,0.19141357964468234,0.605090549001612,1187.0,1187.0,1187.0,1187.0,1187.0,1187.0,1187.0,1186.0,1186.0,1186.0,1185.0,1184.0,1184.0,1175.0,1162.0,1131.0,1060.0,885.0,321.0,1113.3684210526317,15.0,15.0,15.0,15.0,15.0,15.0,15.0,16.0,16.0,16.0,17.0,18.0,18.0,27.0,40.0,71.0,142.0,317.0,881.0,88.63157894736842,1.0,1.0,1.0,1.0,1.0,1.0,1.0,2.0,2.0,2.0,3.0,4.0,4.0,13.0,26.0,57.0,128.0,303.0,867.0,74.63157894736842,0.9767054908485857,0.9163859739804472,0.9850249584026622,0.9866888519134775,0.9983164983164983,1.0,0.0,0.0,0.8942044635114894,0.9924686192468619,0.0033277870216306157,0.9841930116472546,1086.8337651408103,1186,16,2,10,2,0,0,6.0,601,0.5230125523012552,0.5199667221297837,0.5260942760942761,625,577,563,1188,1202,12,2
fencing_008_fencing_aria01_rgb,0.834966141296376,0.9431085899793339,0.7874637401985105,0.834966141296376,0.834966141296376,0.834966141296376,0.834966141296376,0.834966141296376,0.834966141296376,0.834966141296376,0.834966141296376,0.834966141296376,0.834966141296376,0.834966141296376,0.834966141296376,0.834966141296376,0.8333191718690047,0.8254975255706984,0.8114761761726583,0.7815619248396252,0.6908581369008185,0.342550111077842,0.7968327833307124,0.9981429897864438,0.9981429897864438,0.9981429897864438,0.9981429897864438,0.9981429897864438,0.9981429897864438,0.9981429897864438,0.9981429897864438,0.9981429897864438,0.9981429897864438,0.9981429897864438,0.9981429897864438,0.9981429897864438,0.9944392956441149,0.9797608095676172,0.9563636363636364,0.9180035650623886,0.8068849706129303,0.40745585349901897,0.949408789367025,0.6984655147059856,0.6984655147059856,0.6984655147059856,0.6984655147059856,0.6984655147059856,0.6984655147059856,0.6984655147059856,0.6984655147059856,0.6984655147059856,0.6984655147059856,0.6984655147059856,0.6984655147059856,0.6984655147059856,0.698303903763835,0.6955229869054245,0.6885389191495999,0.6653994228415733,0.5915154981254792,0.2879835388098662,0.6688061031986101,1.0,1.0,1.0,1.0,1.0,1.0,1.0,1.0,1.0,1.0,1.0,1.0,1.0,0.998139534883721,0.9906976744186047,0.9786046511627907,0.958139534883721,0.893953488372093,0.5795348837209302,0.9683720930232561,0.9981429897864438,0.9981429897864438,0.9981429897864438,0.9981429897864438,0.9981429897864438,0.9981429897864438,0.9981429897864438,0.9981429897864438,0.9981429897864438,0.9981429897864438,0.9981429897864438,0.9981429897864438,0.9981429897864438,0.9962859795728877,0.9888579387186629,0.9767873723305478,0.9563602599814299,0.8922934076137419,0.5784586815227484,0.9665738161559888,0.6985388966784316,0.6985388966784316,0.6985388966784316,0.6985388966784316,0.6985388966784316,0.6985388966784316,0.6985388966784316,0.6985388966784316,0.6985388966784316,0.6985388966784316,0.6985388966784316,0.6985388966784316,0.6985388966784316,0.6985853873085933,0.6974804247104717,0.6942146752032684,0.6816728841000687,0.637923945936433,0.38875114156013035,0.6778754797704514,0.9982497340021278,0.9982497340021278,0.9982497340021278,0.9982497340021278,0.9982497340021278,0.9982497340021278,0.9982497340021278,0.9982497340021278,0.9982497340021278,0.9982497340021278,0.9982497340021278,0.9982497340021278,0.9982497340021278,0.9964054090676496,0.9890439384583393,0.9772922611673859,0.9577396233014583,0.895099189053377,0.5872328333001361,0.9673715682303159,0.9431085899793339,0.9431085899793339,0.9431085899793339,0.9431085899793339,0.9431085899793339,0.9431085899793339,0.9431085899793339,0.9431085899793339,0.9431085899793339,0.9431085899793339,0.9431085899793339,0.9431085899793339,0.9431085899793339,0.943611601796584,0.9451781907107473,0.9472341625773616,0.949922076110672,0.9550555556876765,0.9670337081548731,0.9457077349878554,0.8357424930599051,0.8357424930599051,0.8357424930599051,0.8357424930599051,0.8357424930599051,0.8357424930599051,0.8357424930599051,0.8357424930599051,0.8357424930599051,0.8357424930599051,0.8357424930599051,0.8357424930599051,0.8357424930599051,0.8348680935994146,0.8300921669500837,0.82085771531149,0.7984644597684492,0.7271776557179328,0.4085296888571476,0.8044548521043833,1075.0,1075.0,1075.0,1075.0,1075.0,1075.0,1075.0,1075.0,1075.0,1075.0,1075.0,1075.0,1075.0,1073.0,1065.0,1052.0,1030.0,961.0,623.0,1041.0,0.0,0.0,0.0,0.0,0.0,0.0,0.0,0.0,0.0,0.0,0.0,0.0,0.0,2.0,10.0,23.0,45.0,114.0,452.0,34.0,2.0,2.0,2.0,2.0,2.0,2.0,2.0,2.0,2.0,2.0,2.0,2.0,2.0,4.0,12.0,25.0,47.0,116.0,454.0,36.0,0.9953488372093023,0.9431085899793339,0.998139534883721,1.0,0.9981429897864438,1.0,0.0,0.0,0.9384574271886362,0.9990706319702602,0.0033277870216306157,0.9976957011584003,1013.841734227784,1075,0,2,3,2,0,0,3.0,601,0.7146840148698885,0.7153488372093023,0.7140204271123491,769,306,308,1077,1075,5,2
fencing_008_fencing_aria02_rgb,0.9226145632414753,0.9502198595013605,0.8766866806572237,0.9226145632414753,0.9226145632414753,0.9226145632414753,0.9226145632414753,0.9226145632414753,0.9226145632414753,0.9226145632414753,0.9226145632414753,0.9226145632414753,0.9226145632414753,0.9226145632414753,0.9201642321561319,0.9201642321561319,0.9133667517699063,0.9074009304418584,0.9022127918241255,0.8873686104295831,0.8400702930097296,0.48557361722857995,0.8907937712985409,0.9967793880837359,0.9967793880837359,0.9967793880837359,0.9967793880837359,0.9967793880837359,0.9967793880837359,0.9967793880837359,0.9967793880837359,0.9967793880837359,0.9967793880837359,0.9967793880837359,0.9935691318327974,0.9935691318327974,0.984,0.9713831478537361,0.96513470681458,0.9435736677115988,0.8702865761689291,0.49038461538461536,0.9566565392905344,0.8539679316018827,0.8539679316018827,0.8539679316018827,0.8539679316018827,0.8539679316018827,0.8539679316018827,0.8539679316018827,0.8539679316018827,0.8539679316018827,0.8539679316018827,0.8539679316018827,0.8521824873701601,0.8521824873701601,0.8478036821531604,0.8476330378862291,0.8433930683289216,0.8345114724168028,0.8109031168837284,0.48080981815369683,0.8296350746412405,1.0,1.0,1.0,1.0,1.0,1.0,1.0,1.0,1.0,1.0,1.0,0.9983844911147012,0.9983844911147012,0.9935379644588045,0.9870759289176091,0.9838449111470113,0.9725363489499192,0.9321486268174475,0.6591276252019386,0.9750021256695859,0.9967793880837359,0.9967793880837359,0.9967793880837359,0.9967793880837359,0.9967793880837359,0.9967793880837359,0.9967793880837359,0.9967793880837359,0.9967793880837359,0.9967793880837359,0.9967793880837359,0.9951690821256038,0.9951690821256038,0.9903381642512077,0.9838969404186796,0.9806763285024155,0.9694041867954911,0.92914653784219,0.6570048309178744,0.9718620222052715,0.8557860514794555,0.8557860514794555,0.8557860514794555,0.8557860514794555,0.8557860514794555,0.8557860514794555,0.8557860514794555,0.8557860514794555,0.8557860514794555,0.8557860514794555,0.8557860514794555,0.8547277701362691,0.8547277701362691,0.8519148687758625,0.8532760456710289,0.8508009971027426,0.8455069220613237,0.8330219277400222,0.6119116902491457,0.840501818849825,0.9969265928523583,0.9969265928523583,0.9969265928523583,0.9969265928523583,0.9969265928523583,0.9969265928523583,0.9969265928523583,0.9969265928523583,0.9969265928523583,0.9969265928523583,0.9969265928523583,0.9955008287946958,0.9955008287946958,0.9916716240333135,0.9853822128709799,0.9825800748969767,0.9741196091074226,0.949095549286345,0.6937647362373793,0.975463578178829,0.9502198595013605,0.9502198595013605,0.9502198595013605,0.9502198595013605,0.9502198595013605,0.9502198595013605,0.9502198595013605,0.9502198595013605,0.9502198595013605,0.9502198595013605,0.9502198595013605,0.9508274981145193,0.9508274981145193,0.9522504129198543,0.9537027930742211,0.9542987657337808,0.9558404055349798,0.9589725300714707,0.9689699394634173,0.9525320156600909,0.9241038532556191,0.9241038532556191,0.9241038532556191,0.9241038532556191,0.9241038532556191,0.9241038532556191,0.9241038532556191,0.9241038532556191,0.9241038532556191,0.9241038532556191,0.9241038532556191,0.9223913372261893,0.9223913372261893,0.917782732800705,0.9147011360290336,0.9109160106025544,0.9008844213000127,0.8694148761581869,0.5629520704406566,0.8992934898734388,619.0,619.0,619.0,619.0,619.0,619.0,619.0,619.0,619.0,619.0,619.0,618.0,618.0,615.0,611.0,609.0,602.0,577.0,408.0,603.5263157894736,0.0,0.0,0.0,0.0,0.0,0.0,0.0,0.0,0.0,0.0,0.0,1.0,1.0,4.0,8.0,10.0,17.0,42.0,211.0,15.473684210526315,2.0,2.0,2.0,2.0,2.0,2.0,2.0,2.0,2.0,2.0,2.0,3.0,3.0,6.0,10.0,12.0,19.0,44.0,213.0,17.473684210526315,0.9935379644588045,0.9502198595013605,0.9967689822294022,1.0,0.9967793880837359,1.0,0.0,0.0,0.9437578239601649,0.9983870967741936,0.0033277870216306157,0.9962826655966657,588.1860930313421,619,0,2,2,2,0,0,3.0,601,0.917741935483871,0.9192245557350566,0.9162640901771336,569,50,52,621,619,4,2
fencing_008_fencing_aria03_rgb,0.8684788355588561,0.9471269676575702,0.8225597259976369,0.8684788355588561,0.8684788355588561,0.8684788355588561,0.8684788355588561,0.8684788355588561,0.8684788355588561,0.8684788355588561,0.8684788355588561,0.8684788355588561,0.8684788355588561,0.8674641136632006,0.8665369468886717,0.8647179958800393,0.8619824272467445,0.8610642525838132,0.845003357152879,0.805324955141792,0.7132411600001339,0.3920280893843927,0.8295869291331699,1.0,1.0,1.0,1.0,1.0,1.0,1.0,1.0,1.0,1.0,0.9983150800336984,0.9966329966329966,0.9949537426408747,0.9916036943744753,0.9899328859060402,0.9750208159866778,0.9300244100895037,0.8232129131437356,0.43670502725620836,0.9545474508454849,0.7542554878136666,0.7542554878136666,0.7542554878136666,0.7542554878136666,0.7542554878136666,0.7542554878136666,0.7542554878136666,0.7542554878136666,0.7542554878136666,0.7542554878136666,0.7537640205415727,0.7534230582972051,0.751529624295996,0.7493050995043922,0.7489716299293587,0.7323235175005659,0.6973454420531976,0.6179603650477647,0.35192180825574076,0.7210052338717085,1.0,1.0,1.0,1.0,1.0,1.0,1.0,1.0,1.0,1.0,0.9991568296795953,0.9983136593591906,0.9974704890387859,0.9957841483979764,0.9949409780775716,0.9873524451939292,0.9637436762225969,0.903035413153457,0.6079258010118044,0.9709328126386794,1.0,1.0,1.0,1.0,1.0,1.0,1.0,1.0,1.0,1.0,0.9991568296795953,0.9983136593591906,0.9974704890387859,0.9957841483979764,0.9949409780775716,0.9873524451939292,0.9637436762225969,0.903035413153457,0.6079258010118044,0.9709328126386794,0.7542554878136666,0.7542554878136666,0.7542554878136666,0.7542554878136666,0.7542554878136666,0.7542554878136666,0.7542554878136666,0.7542554878136666,0.7542554878136666,0.7542554878136666,0.7539990623534927,0.7538432663432663,0.7527912859204887,0.7515851314051041,0.7514325561506813,0.7420026403062079,0.7217453105845593,0.6718778520220562,0.4641711005699827,0.7318948991469739,1.0,1.0,1.0,1.0,1.0,1.0,1.0,1.0,1.0,1.0,0.9991588403429972,0.9983166065625743,0.9974712815415036,0.9957869829255209,0.9949513632654426,0.9873930693373079,0.9641444494344643,0.9046761947761232,0.6091780086147861,0.9711093050947748,0.9471269676575702,0.9471269676575702,0.9471269676575702,0.9471269676575702,0.9471269676575702,0.9471269676575702,0.9471269676575702,0.9471269676575702,0.9471269676575702,0.9471269676575702,0.947491935519898,0.9477907175503688,0.9480444435595156,0.9484922281201393,0.9486676357865071,0.9500254526979196,0.9529527131673688,0.9578433111599736,0.9691443268306003,0.9495643389983155,0.8684788355588561,0.8684788355588561,0.8684788355588561,0.8684788355588561,0.8684788355588561,0.8684788355588561,0.8684788355588561,0.8684788355588561,0.8684788355588561,0.8684788355588561,0.8678297466040578,0.86726727735703,0.8658109619736066,0.8637975112260061,0.8632395762673705,0.8503301803871264,0.8197940350608929,0.7470208120014926,0.4625390223293531,0.836443025199763,1186.0,1186.0,1186.0,1186.0,1186.0,1186.0,1186.0,1186.0,1186.0,1186.0,1185.0,1184.0,1183.0,1181.0,1180.0,1171.0,1143.0,1071.0,721.0,1151.5263157894738,0.0,0.0,0.0,0.0,0.0,0.0,0.0,0.0,0.0,0.0,1.0,2.0,3.0,5.0,6.0,15.0,43.0,115.0,465.0,34.473684210526315,0.0,0.0,0.0,0.0,0.0,0.0,0.0,0.0,0.0,0.0,1.0,2.0,3.0,5.0,6.0,15.0,43.0,115.0,465.0,34.473684210526315,0.9991568296795953,0.9471269676575702,1.0,1.0,1.0,1.0,0.0,0.0,0.9462837973371655,1.0,0.0,1.0,1123.2925836418783,1186,0,0,1,2,0,0,1.0,601,0.7681281618887015,0.7681281618887015,0.7681281618887015,911,275,275,1186,1186,3,2
fencing_009_fencing_aria01_rgb,0.7648658866610237,0.9418353353172811,0.7203777188361349,0.7648658866610237,0.7648658866610237,0.7648658866610237,0.7648658866610237,0.7648658866610237,0.7648658866610237,0.7648658866610237,0.7613121345911181,0.7613121345911181,0.7613121345911181,0.7613121345911181,0.7613121345911181,0.7613121345911181,0.7584088753422938,0.7491696436983879,0.7413920585192069,0.7217690859936109,0.6590057887191826,0.3601616560969293,0.732202164344394,0.9860383944153578,0.9860383944153578,0.9860383944153578,0.9860383944153578,0.9860383944153578,0.9860383944153578,0.9860383944153578,0.9791304347826087,0.9791304347826087,0.9791304347826087,0.9791304347826087,0.9791304347826087,0.9791304347826087,0.9722703639514731,0.9486301369863014,0.9320882852292021,0.8809917355371901,0.789308176100629,0.4296482412060301,0.9331572794007361,0.5933032911204479,0.5933032911204479,0.5933032911204479,0.5933032911204479,0.5933032911204479,0.5933032911204479,0.5933032911204479,0.5919499033899089,0.5919499033899089,0.5919499033899089,0.5919499033899089,0.5919499033899089,0.5919499033899089,0.5915885575904183,0.5916480334708935,0.5897104310244433,0.591322929015219,0.5502142796884247,0.3019130676722113,0.5748010398233788,0.9982332155477032,0.9982332155477032,0.9982332155477032,0.9982332155477032,0.9982332155477032,0.9982332155477032,0.9982332155477032,0.9946996466431095,0.9946996466431095,0.9946996466431095,0.9946996466431095,0.9946996466431095,0.9946996466431095,0.991166077738516,0.9787985865724381,0.9699646643109541,0.941696113074205,0.8869257950530035,0.6042402826855123,0.9646643109540636,0.9877622377622378,0.9877622377622378,0.9877622377622378,0.9877622377622378,0.9877622377622378,0.9877622377622378,0.9877622377622378,0.9842657342657343,0.9842657342657343,0.9842657342657343,0.9842657342657343,0.9842657342657343,0.9842657342657343,0.9807692307692307,0.9685314685314685,0.9597902097902098,0.9318181818181818,0.8776223776223776,0.5979020979020979,0.9545454545454546,0.5946597628101787,0.5946597628101787,0.5946597628101787,0.5946597628101787,0.5946597628101787,0.5946597628101787,0.5946597628101787,0.5938002901836091,0.5938002901836091,0.5938002901836091,0.5938002901836091,0.5938002901836091,0.5938002901836091,0.5937269254963232,0.5945395719323036,0.5941024182202288,0.5976899700849801,0.5747172571957183,0.38425927082763595,0.5823397628700051,0.9885091002366877,0.9885091002366877,0.9885091002366877,0.9885091002366877,0.9885091002366877,0.9885091002366877,0.9885091002366877,0.9854307223911053,0.9854307223911053,0.9854307223911053,0.9854307223911053,0.9854307223911053,0.9854307223911053,0.9823116071197913,0.9730756790951425,0.9664937144141372,0.9490935031325525,0.9004143675806635,0.6195853762496519,0.9591116991365991,0.9418353353172811,0.9418353353172811,0.9418353353172811,0.9418353353172811,0.9418353353172811,0.9418353353172811,0.9418353353172811,0.9438501337292211,0.9438501337292211,0.9438501337292211,0.9438501337292211,0.9438501337292211,0.9438501337292211,0.9447956084563724,0.9474920207094413,0.9489999171427986,0.9526313450485011,0.957164397006229,0.9681069139720166,0.9460599132595606,0.769581088703588,0.769581088703588,0.769581088703588,0.769581088703588,0.769581088703588,0.769581088703588,0.769581088703588,0.7673410973826211,0.7673410973826211,0.7673410973826211,0.7673410973826211,0.7673410973826211,0.7673410973826211,0.765743109836374,0.7609890005181895,0.7563056791200845,0.7462214844302499,0.6985694220778431,0.42711595305807437,0.7445294133821926,565.0,565.0,565.0,565.0,565.0,565.0,565.0,563.0,563.0,563.0,563.0,563.0,563.0,561.0,554.0,549.0,533.0,502.0,342.0,546.0,1.0,1.0,1.0,1.0,1.0,1.0,1.0,3.0,3.0,3.0,3.0,3.0,3.0,5.0,12.0,17.0,33.0,64.0,224.0,20.0,7.0,7.0,7.0,7.0,7.0,7.0,7.0,9.0,9.0,9.0,9.0,9.0,9.0,11.0,18.0,23.0,39.0,70.0,230.0,26.0,0.9699646643109541,0.9438501337292211,0.9787985865724381,0.9946996466431095,0.9842657342657343,1.0,0.0,0.0,0.9141124121723524,0.9894551845342706,0.02088167053364269,0.9775636572361553,531.3876252895515,563,3,9,5,2,0,0,5.0,431,0.7082601054481547,0.7120141342756183,0.7045454545454546,403,163,169,572,566,7,2
fencing_009_fencing_aria02_rgb,0.9031726841129112,0.9478502640706652,0.8560724671378344,0.9031726841129112,0.9031726841129112,0.9031726841129112,0.9031726841129112,0.9031726841129112,0.9031726841129112,0.9031726841129112,0.9031726841129112,0.9031726841129112,0.9031726841129112,0.9016085673491375,0.9016085673491375,0.9016085673491375,0.9000525472378954,0.8970090701827749,0.8905442084820202,0.86281861317871,0.8078447223088217,0.49685300825435424,0.8732460375169001,0.9983277591973244,0.9983277591973244,0.9983277591973244,0.9983277591973244,0.9983277591973244,0.9983277591973244,0.9983277591973244,0.9983277591973244,0.9983277591973244,0.9983277591973244,0.994991652754591,0.994991652754591,0.994991652754591,0.9916666666666667,0.9850498338870431,0.9752066115702479,0.9305331179321487,0.8300153139356815,0.47713226205191595,0.9556766503305645,0.8170872639899108,0.8170872639899108,0.8170872639899108,0.8170872639899108,0.8170872639899108,0.8170872639899108,0.8170872639899108,0.8170872639899108,0.8170872639899108,0.8170872639899108,0.8169897772176195,0.8169897772176195,0.8169897772176195,0.816902105333873,0.8168371226611808,0.8132317581234323,0.8000316645386882,0.7862663307592764,0.517388848848248,0.7985526211482455,1.0,1.0,1.0,1.0,1.0,1.0,1.0,1.0,1.0,1.0,0.998324958123953,0.998324958123953,0.998324958123953,0.9966499162479062,0.9932998324958124,0.9882747068676717,0.964824120603015,0.9078726968174204,0.6465661641541038,0.973287490081989,0.9983277591973244,0.9983277591973244,0.9983277591973244,0.9983277591973244,0.9983277591973244,0.9983277591973244,0.9983277591973244,0.9983277591973244,0.9983277591973244,0.9983277591973244,0.9966555183946488,0.9966555183946488,0.9966555183946488,0.9949832775919732,0.9916387959866221,0.9866220735785953,0.9632107023411371,0.9063545150501672,0.6454849498327759,0.9716599190283401,0.8173195293737765,0.8173195293737765,0.8173195293737765,0.8173195293737765,0.8173195293737765,0.8173195293737765,0.8173195293737765,0.8173195293737765,0.8173195293737765,0.8173195293737765,0.817447642920676,0.817447642920676,0.817447642920676,0.8175761871013465,0.8178955281496983,0.8162996237575256,0.8111992634109524,0.81121306314117,0.647969986047601,0.8077732565320046,0.9983515460902396,0.9983515460902396,0.9983515460902396,0.9983515460902396,0.9983515460902396,0.9983515460902396,0.9983515460902396,0.9983515460902396,0.9983515460902396,0.9983515460902396,0.9966979900136427,0.9966979900136427,0.9966979900136427,0.9950918001609246,0.9920237728266884,0.9874404708293245,0.9658540662714814,0.920727512069458,0.69593279148087,0.9752989391885303,0.9478502640706652,0.9478502640706652,0.9478502640706652,0.9478502640706652,0.9478502640706652,0.9478502640706652,0.9478502640706652,0.9478502640706652,0.9478502640706652,0.9478502640706652,0.9485489147165513,0.9485489147165513,0.9485489147165513,0.9490161527577624,0.9497375092789146,0.9506354522694512,0.9535065777594194,0.958011107426502,0.968490282045997,0.9501866561260185,0.9039287936502027,0.9039287936502027,0.9039287936502027,0.9039287936502027,0.9039287936502027,0.9039287936502027,0.9039287936502027,0.9039287936502027,0.9039287936502027,0.9039287936502027,0.9031175367184925,0.9031175367184925,0.9031175367184925,0.9023111519114361,0.9007575573458778,0.8964911474046559,0.8785726191915533,0.8448844501605898,0.5783823332155981,0.8815810424151166,597.0,597.0,597.0,597.0,597.0,597.0,597.0,597.0,597.0,597.0,596.0,596.0,596.0,595.0,593.0,590.0,576.0,542.0,386.0,581.0526315789474,0.0,0.0,0.0,0.0,0.0,0.0,0.0,0.0,0.0,0.0,1.0,1.0,1.0,2.0,4.0,7.0,21.0,55.0,211.0,15.947368421052632,1.0,1.0,1.0,1.0,1.0,1.0,1.0,1.0,1.0,1.0,2.0,2.0,2.0,3.0,5.0,8.0,22.0,56.0,212.0,16.94736842105263,0.9949748743718593,0.9478502640706652,0.998324958123953,1.0,0.9983277591973244,1.0,0.0,0.0,0.9428251384425245,0.999163179916318,0.002320185614849188,0.9978207202752698,565.8666076501871,597,0,1,2,2,0,0,3.0,431,0.8251046025104602,0.8257956448911222,0.8244147157190636,493,104,105,598,597,4,2
fencing_009_fencing_aria03_rgb,0.7136224008621437,0.9537307514536524,0.6806036286284118,0.7136224008621437,0.7136224008621437,0.7136224008621437,0.7136224008621437,0.7136224008621437,0.7136224008621437,0.7136224008621437,0.7136224008621437,0.7136224008621437,0.7136224008621437,0.7136224008621437,0.7136224008621437,0.7124886858188676,0.7102786136041835,0.7102786136041835,0.7085744548630594,0.6909547343198005,0.6343696163826418,0.3928770350090321,0.6906995033656576,0.996,0.996,0.996,0.996,0.996,0.996,0.996,0.996,0.996,0.996,0.996,0.996,0.9933422103861518,0.9906914893617021,0.9906914893617021,0.9880478087649402,0.9594240837696335,0.8735919899874843,0.5136501516683518,0.9611283801736824,0.5113021395705323,0.5113021395705323,0.5113021395705323,0.5113021395705323,0.5113021395705323,0.5113021395705323,0.5113021395705323,0.5113021395705323,0.5113021395705323,0.5113021395705323,0.5113021395705323,0.5113021395705323,0.5110425411425504,0.5092359370812051,0.5092359370812051,0.5081512793516327,0.4976094023022031,0.4606553342999694,0.3005009618631415,0.4964240562088576,0.9986631016042781,0.9986631016042781,0.9986631016042781,0.9986631016042781,0.9986631016042781,0.9986631016042781,0.9986631016042781,0.9986631016042781,0.9986631016042781,0.9986631016042781,0.9986631016042781,0.9986631016042781,0.9973262032085561,0.9959893048128342,0.9959893048128342,0.9946524064171123,0.9799465240641712,0.9331550802139037,0.679144385026738,0.9768505488319731,0.9973297730307076,0.9973297730307076,0.9973297730307076,0.9973297730307076,0.9973297730307076,0.9973297730307076,0.9973297730307076,0.9973297730307076,0.9973297730307076,0.9973297730307076,0.9973297730307076,0.9973297730307076,0.9959946595460614,0.9946595460614153,0.9946595460614153,0.9933244325767691,0.9786381842456608,0.931909212283044,0.678237650200267,0.9755463424917433,0.5120410340112679,0.5120410340112679,0.5120410340112679,0.5120410340112679,0.5120410340112679,0.5120410340112679,0.5120410340112679,0.5120410340112679,0.5120410340112679,0.5120410340112679,0.5120410340112679,0.5120410340112679,0.5119066393313357,0.5107382550335571,0.5107382550335571,0.5100123627163475,0.5031516513339802,0.47814228582811086,0.35113057391890184,0.5010690753332108,0.9973495321318776,0.9973495321318776,0.9973495321318776,0.9973495321318776,0.9973495321318776,0.9973495321318776,0.9973495321318776,0.9973495321318776,0.9973495321318776,0.9973495321318776,0.9973495321318776,0.9973495321318776,0.9960171530223679,0.9946747075953657,0.9946747075953657,0.9933572349283444,0.9786769989569489,0.9322088441297733,0.6912148076205774,0.9762641494437512,0.9537307514536524,0.9537307514536524,0.9537307514536524,0.9537307514536524,0.9537307514536524,0.9537307514536524,0.9537307514536524,0.9537307514536524,0.9537307514536524,0.9537307514536524,0.9537307514536524,0.9537307514536524,0.9541464939802722,0.9544945040283489,0.9544945040283489,0.9547059510935758,0.9566407944429353,0.9602805280837231,0.9703755169444493,0.955258279476078,0.7145758046284602,0.7145758046284602,0.7145758046284602,0.7145758046284602,0.7145758046284602,0.7145758046284602,0.7145758046284602,0.7145758046284602,0.7145758046284602,0.7145758046284602,0.7145758046284602,0.7145758046284602,0.7139160435483658,0.7121752220901971,0.7121752220901971,0.7109387405614044,0.6983055234835921,0.6556392799624277,0.4517560635392584,0.6963060921482613,747.0,747.0,747.0,747.0,747.0,747.0,747.0,747.0,747.0,747.0,747.0,747.0,746.0,745.0,745.0,744.0,733.0,698.0,508.0,730.6842105263158,1.0,1.0,1.0,1.0,1.0,1.0,1.0,1.0,1.0,1.0,1.0,1.0,2.0,3.0,3.0,4.0,15.0,50.0,240.0,17.31578947368421,2.0,2.0,2.0,2.0,2.0,2.0,2.0,2.0,2.0,2.0,2.0,2.0,3.0,4.0,4.0,5.0,16.0,51.0,241.0,18.31578947368421,0.9919786096256684,0.9537307514536524,0.9959893048128342,0.9986631016042781,0.9973297730307076,1.0,0.0,0.0,0.9457712183634737,0.9979959919839679,0.004640371229698376,0.9953514421728347,712.4368713358783,747,1,2,3,2,0,0,3.0,431,0.6092184368737475,0.6096256684491979,0.6088117489986649,456,292,293,749,748,5,2
fencing_011_fencing_aria03_rgb,0.7462804513575193,0.9505802851360005,0.7093994842428538,0.7462804513575193,0.7462804513575193,0.7462804513575193,0.7462804513575193,0.7462804513575193,0.7462804513575193,0.7462804513575193,0.7462804513575193,0.7462804513575193,0.7462804513575193,0.7462804513575193,0.7462804513575193,0.7462804513575193,0.7462804513575193,0.7409688237640433,0.7342756809938376,0.7238563248690923,0.6523761083339281,0.36221319182048345,0.7190324446729819,0.9800664451827242,0.9800664451827242,0.9800664451827242,0.9800664451827242,0.9800664451827242,0.9800664451827242,0.9800664451827242,0.9800664451827242,0.9800664451827242,0.9800664451827242,0.9800664451827242,0.9800664451827242,0.9800664451827242,0.9800664451827242,0.9735099337748344,0.9637561779242174,0.9509001636661211,0.859594383775351,0.46979038224414305,0.9441305933654108,0.568261993679977,0.568261993679977,0.568261993679977,0.568261993679977,0.568261993679977,0.568261993679977,0.568261993679977,0.568261993679977,0.568261993679977,0.568261993679977,0.568261993679977,0.568261993679977,0.568261993679977,0.568261993679977,0.5639745201791206,0.5594369074346515,0.5510231242708714,0.4951109439032204,0.27927007722478336,0.5476043939227541,1.0,1.0,1.0,1.0,1.0,1.0,1.0,1.0,1.0,1.0,1.0,1.0,1.0,1.0,0.9966101694915255,0.9915254237288136,0.9847457627118644,0.9338983050847458,0.6457627118644068,0.9764495985727029,0.9800664451827242,0.9800664451827242,0.9800664451827242,0.9800664451827242,0.9800664451827242,0.9800664451827242,0.9800664451827242,0.9800664451827242,0.9800664451827242,0.9800664451827242,0.9800664451827242,0.9800664451827242,0.9800664451827242,0.9800664451827242,0.9767441860465116,0.9717607973421927,0.9651162790697675,0.915282392026578,0.632890365448505,0.9569854869732471,0.568261993679977,0.568261993679977,0.568261993679977,0.568261993679977,0.568261993679977,0.568261993679977,0.568261993679977,0.568261993679977,0.568261993679977,0.568261993679977,0.568261993679977,0.568261993679977,0.568261993679977,0.568261993679977,0.565548253199585,0.562726350861944,0.5573120569444849,0.5195884216678459,0.33971706926464706,0.5526610559714834,1.0,1.0,1.0,1.0,1.0,1.0,1.0,1.0,1.0,1.0,1.0,1.0,1.0,1.0,0.996615477874318,0.9915298808623626,0.9847913806982276,0.9351294154062675,0.6606616084519298,0.9773014612259526,0.9505802851360005,0.9505802851360005,0.9505802851360005,0.9505802851360005,0.9505802851360005,0.9505802851360005,0.9505802851360005,0.9505802851360005,0.9505802851360005,0.9505802851360005,0.9505802851360005,0.9505802851360005,0.9505802851360005,0.9505802851360005,0.9513492885561933,0.9522118245658794,0.9530912065187214,0.9569088688720137,0.9675869927585277,0.9520669564829125,0.7538315419773685,0.7538315419773685,0.7538315419773685,0.7538315419773685,0.7538315419773685,0.7538315419773685,0.7538315419773685,0.7538315419773685,0.7538315419773685,0.7538315419773685,0.7538315419773685,0.7538315419773685,0.7538315419773685,0.7538315419773685,0.7497084380908455,0.7447791059728246,0.7366258797938026,0.6799876994035452,0.42466716662729936,0.731021572503762,590.0,590.0,590.0,590.0,590.0,590.0,590.0,590.0,590.0,590.0,590.0,590.0,590.0,590.0,588.0,585.0,581.0,551.0,381.0,576.1052631578947,0.0,0.0,0.0,0.0,0.0,0.0,0.0,0.0,0.0,0.0,0.0,0.0,0.0,0.0,2.0,5.0,9.0,39.0,209.0,13.894736842105264,12.0,12.0,12.0,12.0,12.0,12.0,12.0,12.0,12.0,12.0,12.0,12.0,12.0,12.0,14.0,17.0,21.0,51.0,221.0,25.894736842105264,0.9779661016949153,0.9505802851360005,0.9796610169491525,1.0,0.9800664451827242,1.0,0.0,0.0,0.9285463868309157,0.9899328859060402,0.019966722129783693,0.9796610169491525,560.8423682302403,590,0,12,1,1,0,0,0.0,601,0.6778523489932886,0.6847457627118644,0.6710963455149501,404,186,198,602,590,4,1
fencing_014_fencing_aria03_rgb,1.0,0.9621958613917057,0.9621958613917057,1.0,1.0,1.0,1.0,1.0,1.0,1.0,1.0,1.0,1.0,1.0,1.0,1.0,1.0,0.9939759036144579,0.9879879879879881,0.9761194029850746,0.9188405797101449,0.6844783715012722,0.9769159076736283,1.0,1.0,1.0,1.0,1.0,1.0,1.0,1.0,1.0,1.0,1.0,1.0,1.0,1.0,0.9939759036144579,0.987987987987988,0.9761194029850746,0.9188405797101449,0.6844783715012722,0.9769159076736283,1.0,1.0,1.0,1.0,1.0,1.0,1.0,1.0,1.0,1.0,1.0,1.0,1.0,1.0,0.9939759036144579,0.9879879879879881,0.9761194029850746,0.9188405797101449,0.6844783715012722,0.9769159076736283,1.0,1.0,1.0,1.0,1.0,1.0,1.0,1.0,1.0,1.0,1.0,1.0,1.0,1.0,0.9969788519637462,0.9939577039274925,0.9879154078549849,0.9577039274924471,0.8126888217522659,0.9868023533153124,1.0,1.0,1.0,1.0,1.0,1.0,1.0,1.0,1.0,1.0,1.0,1.0,1.0,1.0,0.9969788519637462,0.9939577039274925,0.9879154078549849,0.9577039274924471,0.8126888217522659,0.9868023533153124,1.0,1.0,1.0,1.0,1.0,1.0,1.0,1.0,1.0,1.0,1.0,1.0,1.0,1.0,0.9969788519637464,0.9939577039274925,0.9879154078549849,0.9577039274924471,0.8126888217522659,0.9868023533153124,1.0,1.0,1.0,1.0,1.0,1.0,1.0,1.0,1.0,1.0,1.0,1.0,1.0,1.0,0.9969788519637464,0.9939577039274925,0.9879154078549849,0.9577039274924471,0.8126888217522659,0.9868023533153124,0.9621958613917057,0.9621958613917057,0.9621958613917057,0.9621958613917057,0.9621958613917057,0.9621958613917057,0.9621958613917057,0.9621958613917057,0.9621958613917057,0.9621958613917057,0.9621958613917057,0.9621958613917057,0.9621958613917057,0.9621958613917057,0.9628427619435139,0.9634485416395955,0.9642539108795275,0.9668919002916246,0.9726294416944564,0.9632004534701366,1.0,1.0,1.0,1.0,1.0,1.0,1.0,1.0,1.0,1.0,1.0,1.0,1.0,1.0,0.995476245454993,0.9909683506795177,0.9819996935412783,0.9380710164629557,0.7458337088455299,0.9817025797360146,331.0,331.0,331.0,331.0,331.0,331.0,331.0,331.0,331.0,331.0,331.0,331.0,331.0,331.0,330.0,329.0,327.0,317.0,269.0,326.63157894736844,0.0,0.0,0.0,0.0,0.0,0.0,0.0,0.0,0.0,0.0,0.0,0.0,0.0,0.0,1.0,2.0,4.0,14.0,62.0,4.368421052631579,0.0,0.0,0.0,0.0,0.0,0.0,0.0,0.0,0.0,0.0,0.0,0.0,0.0,0.0,1.0,2.0,4.0,14.0,62.0,4.368421052631579,1.0,0.9621958613917057,1.0,1.0,1.0,1.0,0.0,0.0,0.9621958613917057,1.0,0.0,1.0,318.4868301206546,331,0,0,0,1,0,0,0.0,331,1.0,1.0,1.0,331,0,0,331,331,1,1
legoassemble_001_legoassemble_aria02_rgb,0.7929329489560885,0.9115992107377482,0.7228370504363254,0.7929329489560885,0.7925274661684528,0.7921249156383886,0.790543675215394,0.7892200455700515,0.7888380806316454,0.7880825004011636,0.7877088508834351,0.7872629352763605,0.7838006720913883,0.7830553872596031,0.7798857674258772,0.7734352446758819,0.7667185230700726,0.7542310764366598,0.736806417062218,0.6883895828221677,0.5885120210583655,0.29647961291333497,0.7400292486082395,0.9490161001788909,0.9472743521000894,0.9455357142857143,0.9386120996441281,0.9334516415261757,0.9317375886524822,0.9283185840707965,0.9266136162687887,0.9249116607773852,0.9181338028169014,0.9147627416520211,0.9013961605584643,0.8865800865800866,0.8671808054841473,0.8450465707027942,0.817347789824854,0.7390263367916999,0.5998531571218796,0.27650849443468073,0.8521740686037884,0.6625205425088995,0.6630600556627578,0.6636046343835119,0.6658334179369878,0.6672742889082249,0.6678549036049566,0.6690311258394294,0.6696267169682014,0.6700995949591829,0.6691219642344736,0.6703112310946538,0.6747552705978055,0.6747298825697281,0.6778947249536417,0.6731753448685067,0.6642015834414814,0.6412223680624317,0.5773853064173015,0.31789316654792854,0.6441892696610582,0.9851439182915506,0.9842154131847726,0.9832869080779945,0.9795728876508821,0.9767873723305478,0.9758588672237697,0.9740018570102136,0.9730733519034355,0.9721448467966574,0.968430826369545,0.9665738161559888,0.9591457753017641,0.9507892293407614,0.9396471680594243,0.9266480965645311,0.9099350046425255,0.8597957288765088,0.7585886722376973,0.4382544103992572,0.9200996921272541,0.9627949183303085,0.9618874773139746,0.9609800362976406,0.957350272232305,0.9546279491833031,0.9537205081669692,0.9519056261343013,0.9509981851179673,0.9500907441016334,0.9464609800362976,0.9446460980036298,0.9373865698729582,0.9292196007259528,0.9183303085299456,0.9056261343012704,0.8892921960072595,0.8402903811252269,0.7413793103448276,0.4283121597096189,0.8992262871334417,0.680145469777892,0.6807013531541833,0.6812621016587023,0.6835540236488103,0.685067404078811,0.6856634854731906,0.6868706127047404,0.6874816871000077,0.687978157892198,0.6877112447582246,0.6889354641516026,0.6935394604320064,0.6946772411616161,0.699153292840388,0.6980741447489377,0.6950464884485504,0.6870909896093037,0.6567924318836001,0.45607426263332257,0.6745168061134783,0.9706594382252935,0.9703622166710587,0.9701183930526447,0.969680114786629,0.9688403937734177,0.9689738561570542,0.9694049652386556,0.9697029252654645,0.9687416191041226,0.9649153070754758,0.9643355734355309,0.9593118395602279,0.9521978716820663,0.9481278570920804,0.9374351820620426,0.9261913107013355,0.8821743043292224,0.7992917135414632,0.5048803212010151,0.9244918527870949,0.9115992107377482,0.912380368633085,0.9131132478160818,0.9159326541625301,0.9179168719310595,0.918516615265895,0.9196605115278601,0.9201737621153283,0.920650482300077,0.9223438441766453,0.9230949917890277,0.9257439330101358,0.9283097797641021,0.9312998079103356,0.9342196352659488,0.9371897189626792,0.9435549442964853,0.9522089876337629,0.9673321647583671,0.9271179753714293,0.8078849442809669,0.8078328581151174,0.8077832315226601,0.8076090414940832,0.8073320873633104,0.8072992813707769,0.8072407069550186,0.8072149119065757,0.807114532194841,0.8049834388144916,0.8049256392061185,0.8044803708957005,0.8009531228865109,0.7981114324109834,0.7898079842446349,0.7774189802882338,0.7425094297853458,0.6618141377793744,0.3732533754374035,0.7697668161553761,1061.0,1060.0,1059.0,1055.0,1052.0,1051.0,1049.0,1048.0,1047.0,1043.0,1041.0,1033.0,1024.0,1012.0,998.0,980.0,926.0,817.0,472.0,990.9473684210526,16.0,17.0,18.0,22.0,25.0,26.0,28.0,29.0,30.0,34.0,36.0,44.0,53.0,65.0,79.0,97.0,151.0,260.0,605.0,86.05263157894737,41.0,42.0,43.0,47.0,50.0,51.0,53.0,54.0,55.0,59.0,61.0,69.0,78.0,90.0,104.0,122.0,176.0,285.0,630.0,111.05263157894737,0.9080779944289693,0.9223438441766453,0.9136490250696379,0.968430826369545,0.9464609800362976,1.0,0.0,0.0,0.8328733792722758,0.9573198715006884,0.09816971713810316,0.9129265076598109,962.004629476241,1043,34,59,6,2,0,0,11.0,601,0.7498852684717761,0.7585886722376973,0.7413793103448276,817,260,285,1102,1077,9,2
legoassemble_003_legoassemble_aria01_rgb,0.4693045346191813,0.9094313998666131,0.4268002798824715,0.4693045346191813,0.4693045346191813,0.4693045346191813,0.4693045346191813,0.4693045346191813,0.4693045346191813,0.46694221960359167,0.4657753984679073,0.46461808619480094,0.46347024638975975,0.46120283916098287,0.46048585228670097,0.4537298049546155,0.4418837389905297,0.425952815480877,0.39715646491691214,0.3459979184267347,0.26657244193740043,0.1282066007248345,0.42409587553951233,0.9823232323232324,0.9823232323232324,0.9823232323232324,0.9823232323232324,0.9823232323232324,0.9823232323232324,0.9773299748110831,0.9748427672955975,0.9723618090452262,0.9698870765370138,0.9649561952440551,0.9625,0.9503105590062112,0.9334975369458128,0.9007263922518159,0.8384074941451991,0.7177242888402626,0.5242718446601942,0.22560499609679938,0.8845452804641404,0.2242100552719641,0.2242100552719641,0.2242100552719641,0.2242100552719641,0.2242100552719641,0.2242100552719641,0.2230925501803777,0.22254534689711036,0.22200580484674198,0.22147389576067522,0.22043286513783528,0.22030880016229545,0.21663521882724643,0.20917167004328688,0.20143275757968696,0.18813436035196213,0.16679741986867208,0.13554202371200516,0.07285712973468285,0.20345737761759808,0.9961587708066582,0.9961587708066582,0.9961587708066582,0.9961587708066582,0.9961587708066582,0.9961587708066582,0.9935979513444302,0.9923175416133163,0.9910371318822023,0.9897567221510883,0.9871959026888605,0.9859154929577465,0.9795134443021767,0.970550576184379,0.9526248399487837,0.9167733674775929,0.8399487836107554,0.6914212548015365,0.3700384122919334,0.9282970550576184,0.9860583016476553,0.9860583016476553,0.9860583016476553,0.9860583016476553,0.9860583016476553,0.9860583016476553,0.9835234474017744,0.982256020278834,0.9809885931558935,0.9797211660329531,0.9771863117870723,0.9759188846641318,0.9695817490494296,0.9607097591888466,0.9429657794676806,0.9074778200253485,0.8314321926489227,0.6844106463878327,0.36628643852978454,0.9188846641318124,0.22505986483232884,0.22505986483232884,0.22505986483232884,0.22505986483232884,0.22505986483232884,0.22505986483232884,0.2241512917857716,0.22370358933690784,0.2232602989551369,0.22282143776361704,0.22195707188814365,0.22186187507151828,0.21907191391005804,0.2131493824026369,0.20693321326769204,0.1957476374117543,0.1767486690396723,0.14759909411750485,0.08356756137229432,0.20689116975350955,0.986412079514542,0.986412079514542,0.986412079514542,0.986412079514542,0.986412079514542,0.986412079514542,0.9838755430305741,0.9826308283612397,0.9814018972229316,0.9801888108712681,0.9778104191393403,0.976538558830245,0.9702374422826686,0.9615530765742201,0.9449029424433213,0.9120604268246407,0.8454254435518861,0.7177682948620008,0.42689346665453437,0.9252505067229537,0.9094313998666131,0.9094313998666131,0.9094313998666131,0.9094313998666131,0.9094313998666131,0.9094313998666131,0.9109167182776666,0.9115854799157638,0.9122156991853159,0.9127630959962532,0.9137227485947228,0.9141332167412883,0.9159946082601337,0.9182109464561644,0.921981085642228,0.9275471825787276,0.9364097376775029,0.9490525852882635,0.9658840572585772,0.9193160821616994,0.47259794017982415,0.47259794017982415,0.47259794017982415,0.47259794017982415,0.47259794017982415,0.47259794017982415,0.47081238388494817,0.4699315391952569,0.46905862756857497,0.46819363206916614,0.46648732167341606,0.466053494048633,0.4606485746755675,0.4505681800593123,0.43805233528631193,0.4153029870806509,0.37430106856393497,0.30613173000081884,0.16419481298497055,0.43449075411423727,778.0,778.0,778.0,778.0,778.0,778.0,776.0,775.0,774.0,773.0,771.0,770.0,765.0,758.0,744.0,716.0,656.0,540.0,289.0,725.0,3.0,3.0,3.0,3.0,3.0,3.0,5.0,6.0,7.0,8.0,10.0,11.0,16.0,23.0,37.0,65.0,125.0,241.0,492.0,56.0,11.0,11.0,11.0,11.0,11.0,11.0,13.0,14.0,15.0,16.0,18.0,19.0,24.0,31.0,45.0,73.0,133.0,249.0,500.0,64.0,0.9500640204865557,0.9127630959962532,0.969270166453265,0.9897567221510883,0.9797211660329531,1.0,0.0,0.0,0.863720708329198,0.9847133757961783,0.026622296173044926,0.9677642877604921,705.5658732051037,773,8,16,15,2,0,0,14.0,601,0.36178343949044584,0.36363636363636365,0.35994930291508237,284,497,505,789,781,17,2
legoassemble_003_legoassemble_aria02_rgb,0.5967732256218007,0.9159987540030726,0.546643531091964,0.5967732256218007,0.5967732256218007,0.5967732256218007,0.5967732256218007,0.5967732256218007,0.5967732256218007,0.5967732256218007,0.5967732256218007,0.5967732256218007,0.5959907314493813,0.595579007787418,0.594102615456955,0.5918682778168329,0.5835214144302197,0.578965325042589,0.5528507287902185,0.5202455532697118,0.42364971807699414,0.1686895238616526,0.556653785609378,0.9817684594348223,0.9817684594348223,0.9817684594348223,0.9817684594348223,0.9817684594348223,0.9817684594348223,0.9817684594348223,0.9817684594348223,0.9817684594348223,0.978161965423112,0.9763636363636363,0.9692028985507246,0.9620938628158845,0.9393398751115076,0.9187996469549867,0.8660944206008584,0.7834290401968826,0.5915080527086384,0.20443213296398893,0.8960706140317695,0.36275180710538196,0.36275180710538196,0.36275180710538196,0.36275180710538196,0.36275180710538196,0.36275180710538196,0.36275180710538196,0.36275180710538196,0.36275180710538196,0.3631351090408855,0.36330148041783045,0.36417340292789263,0.36411006433465015,0.3624856669245774,0.36482474575666957,0.3528990847347029,0.34547536765919534,0.30342627256694915,0.13919609920463755,0.34672597671139094,0.9880733944954129,0.9880733944954129,0.9880733944954129,0.9880733944954129,0.9880733944954129,0.9880733944954129,0.9880733944954129,0.9880733944954129,0.9880733944954129,0.9862385321100917,0.9853211009174312,0.981651376146789,0.9779816513761468,0.9660550458715597,0.955045871559633,0.9256880733944954,0.8761467889908257,0.7412844036697248,0.3385321100917431,0.9277160791887977,0.9935424354243543,0.9935424354243543,0.9935424354243543,0.9935424354243543,0.9935424354243543,0.9935424354243543,0.9935424354243543,0.9935424354243543,0.9935424354243543,0.9916974169741697,0.9907749077490775,0.9870848708487084,0.9833948339483395,0.9714022140221402,0.9603321033210332,0.9308118081180812,0.8809963099630996,0.7453874538745388,0.3404059040590406,0.9328510390367061,0.36305733176321314,0.36305733176321314,0.36305733176321314,0.36305733176321314,0.36305733176321314,0.36305733176321314,0.36305733176321314,0.36305733176321314,0.36305733176321314,0.3634512444858353,0.3636239978695005,0.3645131833898887,0.3646378544586753,0.3641389959954679,0.36656612912357417,0.35904510997374633,0.3556988668959836,0.32749783889916817,0.17926474849135793,0.3513659976553745,0.991928154213206,0.991928154213206,0.991928154213206,0.991928154213206,0.991928154213206,0.991928154213206,0.991928154213206,0.991928154213206,0.991928154213206,0.990150590926063,0.9893489957315924,0.9861445328085053,0.9827025864321532,0.9741244474684526,0.965154874869369,0.9383828571376998,0.8992955945828689,0.7907549930362876,0.41067370500267353,0.9396887666270799,0.9159987540030726,0.9159987540030726,0.9159987540030726,0.9159987540030726,0.9159987540030726,0.9159987540030726,0.9159987540030726,0.9159987540030726,0.9159987540030726,0.9168021013821684,0.9171823577499633,0.9185121548206716,0.9196386020972834,0.9226566879451099,0.9248519696513088,0.9295294720706924,0.9353465287091185,0.9458954196313845,0.9648274135319604,0.9231174470324902,0.5986864032245596,0.5986864032245596,0.5986864032245596,0.5986864032245596,0.5986864032245596,0.5986864032245596,0.5986864032245596,0.5986864032245596,0.5986864032245596,0.5984461854654276,0.5983047840776716,0.5979057803201311,0.596735252855633,0.5917610223634245,0.5902748235167243,0.5715544364719322,0.55017009556139,0.4742627578858773,0.2170768278289637,0.5670878734404322,1077.0,1077.0,1077.0,1077.0,1077.0,1077.0,1077.0,1077.0,1077.0,1075.0,1074.0,1070.0,1066.0,1053.0,1041.0,1009.0,955.0,808.0,369.0,1011.2105263157895,13.0,13.0,13.0,13.0,13.0,13.0,13.0,13.0,13.0,15.0,16.0,20.0,24.0,37.0,49.0,81.0,135.0,282.0,721.0,78.78947368421052,7.0,7.0,7.0,7.0,7.0,7.0,7.0,7.0,7.0,9.0,10.0,14.0,18.0,31.0,43.0,75.0,129.0,276.0,715.0,72.78947368421052,0.9605504587155963,0.9158913667970725,0.9724770642201835,0.9834862385321101,0.988929889298893,1.0,0.0,0.0,0.8778307754187722,0.9862005519779209,0.019966722129783693,0.9714550978419202,981.8355452064617,1072,18,12,13,2,0,0,10.0,601,0.5271389144434223,0.5256880733944954,0.5285977859778598,573,517,511,1084,1090,13,2
legoassemble_003_legoassemble_aria03_rgb,0.6266893338911684,0.9080345929911694,0.5690555942317742,0.6266893338911684,0.6266893338911684,0.6266893338911684,0.6266893338911684,0.6255704813668845,0.6255704813668845,0.6244633469760434,0.6215829640143843,0.6215829640143843,0.6185294199355108,0.6175696871616567,0.6135481175467155,0.6069439458191406,0.601877665959833,0.5899648205452661,0.5753741286326952,0.5232478183549286,0.3847386303251413,0.1503031722766922,0.5740855252558333,0.9792027729636048,0.9792027729636048,0.9792027729636048,0.9792027729636048,0.9757785467128027,0.9757785467128027,0.9723661485319517,0.9689655172413794,0.9689655172413794,0.9588336192109777,0.9554794520547946,0.9421768707482994,0.9323181049069373,0.9161073825503355,0.8844884488448845,0.8449111470113085,0.746177370030581,0.5390835579514824,0.20846560846560847,0.8793003647405234,0.4010808915750015,0.4010808915750015,0.4010808915750015,0.4010808915750015,0.40105250159058564,0.40105250159058564,0.4010366591898161,0.3987400730759542,0.3987400730759542,0.3990042022520891,0.39916328674651036,0.3995441877554683,0.3951236723041854,0.3954304175267927,0.39351388922666203,0.39182272487571085,0.3669211777381717,0.274584174347584,0.10836820405397454,0.37518006903421314,0.9929701230228472,0.9929701230228472,0.9929701230228472,0.9929701230228472,0.9912126537785588,0.9912126537785588,0.9894551845342706,0.9876977152899824,0.9876977152899824,0.9824253075571178,0.9806678383128296,0.9736379613356766,0.968365553602812,0.9595782073813708,0.9420035149384886,0.9191564147627417,0.8576449912126538,0.70298769771529,0.3462214411247803,0.9237813338266578,0.9860383944153578,0.9860383944153578,0.9860383944153578,0.9860383944153578,0.9842931937172775,0.9842931937172775,0.9825479930191972,0.9808027923211169,0.9808027923211169,0.9755671902268761,0.9738219895287958,0.9668411867364747,0.9616055846422339,0.9528795811518325,0.9354275741710296,0.912739965095986,0.8516579406631762,0.6980802792321117,0.343804537521815,0.9173325985119869,0.40628862671422394,0.40628862671422394,0.40628862671422394,0.40628862671422394,0.4063329095074883,0.4063329095074883,0.40638632031254135,0.4047863750541018,0.4047863750541018,0.4052180996998849,0.4054238596627807,0.40601730035902944,0.40301700957838515,0.4036144758688112,0.4029899493163016,0.4028280294071251,0.3868255603988334,0.31545618759852867,0.14320762568319856,0.3857040786244998,0.9879366557987891,0.9879366557987891,0.9879366557987891,0.9879366557987891,0.9861655468458381,0.9861655468458381,0.9844348882864355,0.9827281727450299,0.9827281727450299,0.9774830210124692,0.9757416777842249,0.9690934518951181,0.9640030001245761,0.9557202479996753,0.939462889205756,0.9188883748442015,0.862020909591598,0.7112643089597818,0.36968238179357693,0.9219646954670687,0.9080345929911694,0.9080345929911694,0.9080345929911694,0.9080345929911694,0.909264684249107,0.909264684249107,0.9103449506527774,0.9112724051237949,0.9112724051237949,0.91360172115038,0.9142764923927533,0.9167622326676346,0.9183412419469489,0.9204864468143212,0.9240197600320799,0.9277209670889703,0.9347394738319128,0.9466246024438143,0.9655131624432242,0.9192444001144894,0.6310795054898728,0.6310795054898728,0.6310795054898728,0.6310795054898728,0.6304984650307517,0.6304984650307517,0.6299268224354849,0.6275624743176416,0.6275624743176416,0.6260925060357224,0.6256569327894836,0.6237077748671672,0.6185662079942765,0.6159922168294228,0.6088443699572418,0.6001219634535354,0.5609706857376692,0.4393509947111328,0.1936992405242502,0.5885984008416665,565.0,565.0,565.0,565.0,564.0,564.0,563.0,562.0,562.0,559.0,558.0,554.0,551.0,546.0,536.0,523.0,488.0,400.0,197.0,525.6315789473684,4.0,4.0,4.0,4.0,5.0,5.0,6.0,7.0,7.0,10.0,11.0,15.0,18.0,23.0,33.0,46.0,81.0,169.0,372.0,43.36842105263158,8.0,8.0,8.0,8.0,9.0,9.0,10.0,11.0,11.0,14.0,15.0,19.0,22.0,27.0,37.0,50.0,85.0,173.0,376.0,47.36842105263158,0.945518453427065,0.91360172115038,0.9578207381370826,0.9824253075571178,0.9755671902268761,1.0,0.0,0.0,0.8606385977558214,0.978984238178634,0.02329450915141431,0.9563355043233494,510.7033621230624,559,10,14,7,2,0,0,7.0,601,0.5569176882661997,0.5588752196836555,0.5549738219895288,318,251,255,573,569,10,2
legoassemble_004_legoassemble_aria01_rgb,0.5636953288253641,0.9204226940176341,0.5188379731625977,0.5636953288253641,0.5636953288253641,0.5636953288253641,0.5636953288253641,0.5636953288253641,0.5636953288253641,0.5636953288253641,0.5633736611071972,0.5630582648674324,0.5611951392316306,0.5608819925722165,0.5594276905603942,0.5532805030467357,0.5480182791338911,0.5346005462146527,0.5151321429232483,0.4838960378031388,0.41368628849316985,0.21759907030526524,0.5273693114756063,0.9643255295429208,0.9643255295429208,0.9643255295429208,0.9643255295429208,0.9643255295429208,0.9643255295429208,0.9643255295429208,0.9621380846325167,0.9599555061179088,0.9556048834628191,0.9534368070953437,0.9512735326688815,0.9362637362637363,0.9235807860262009,0.8946236559139785,0.8430962343096234,0.7637637637637638,0.5916892502258356,0.27588703837798695,0.8821890518767916,0.32950742669868577,0.32950742669868577,0.32950742669868577,0.32950742669868577,0.32950742669868577,0.32950742669868577,0.32950742669868577,0.32987976164622196,0.3302596918451167,0.3295713424527126,0.3299522393625413,0.32898985435629774,0.32695842335328695,0.3251735406461255,0.31946142059146,0.31474594936364664,0.3065808912531784,0.28923348737861115,0.17162587875130048,0.3162623404153316,0.9730033745781778,0.9730033745781778,0.9730033745781778,0.9730033745781778,0.9730033745781778,0.9730033745781778,0.9730033745781778,0.9718785151856018,0.9707536557930259,0.968503937007874,0.9673790776152981,0.9662542182227222,0.9583802024746907,0.9516310461192351,0.9358830146231721,0.906636670416198,0.8582677165354331,0.7367829021372329,0.42857142857142855,0.9174708424604818,0.9908361970217641,0.9908361970217641,0.9908361970217641,0.9908361970217641,0.9908361970217641,0.9908361970217641,0.9908361970217641,0.9896907216494846,0.9885452462772051,0.9862542955326461,0.9851088201603666,0.983963344788087,0.9759450171821306,0.9690721649484536,0.9530355097365406,0.9232531500572738,0.8739977090492554,0.7502863688430699,0.436426116838488,0.93428588653765,0.3306470006092397,0.3306470006092397,0.3306470006092397,0.3306470006092397,0.3306470006092397,0.3306470006092397,0.3306470006092397,0.3310148171950872,0.3313960626379552,0.3309884900979014,0.3313710348538291,0.3306644780353792,0.32934917991237916,0.3282076671103089,0.32418345857227604,0.32139171509309994,0.3165849592496134,0.30650043368197966,0.20527105641357815,0.3211290714272666,0.985246351056534,0.985246351056534,0.985246351056534,0.985246351056534,0.985246351056534,0.985246351056534,0.985246351056534,0.9863639882184777,0.9863481875095768,0.9863346946518867,0.9863188047619471,0.9851450949664131,0.9782068543218135,0.9715066233341197,0.9556396194195896,0.9292417399995628,0.88458436629348,0.7891921942183053,0.5207330314408275,0.9398073503437757,0.9204226940176341,0.9204226940176341,0.9204226940176341,0.9204226940176341,0.9204226940176341,0.9204226940176341,0.9204226940176341,0.9210364092287575,0.9216110302726469,0.9226201591394124,0.9230805381814835,0.9234797658615227,0.9258894112685013,0.9276222953819375,0.9310773751475578,0.9358751527879144,0.9420498689235781,0.952410752226603,0.9683626552226005,0.9283196985139974,0.5662259603077139,0.5662259603077139,0.5662259603077139,0.5662259603077139,0.5662259603077139,0.5662259603077139,0.5662259603077139,0.5662182025849314,0.5662162159632353,0.5649700369846373,0.5649680459739623,0.5638154259367614,0.5597771699293647,0.5562780210069135,0.5467892805815936,0.5341911825910662,0.5129605067344497,0.46163003392986235,0.271208311148961,0.5385581134484072,865.0,865.0,865.0,865.0,865.0,865.0,865.0,864.0,863.0,861.0,860.0,859.0,852.0,846.0,832.0,806.0,763.0,655.0,381.0,815.6315789473684,24.0,24.0,24.0,24.0,24.0,24.0,24.0,25.0,26.0,28.0,29.0,30.0,37.0,43.0,57.0,83.0,126.0,234.0,508.0,73.36842105263158,8.0,8.0,8.0,8.0,8.0,8.0,8.0,9.0,10.0,12.0,13.0,14.0,21.0,27.0,41.0,67.0,110.0,218.0,492.0,57.36842105263158,0.9460067491563554,0.9223616891554451,0.9572553430821147,0.96962879640045,0.9873997709049256,1.0,0.0,0.0,0.8707264072575857,0.978433598183882,0.018302828618968387,0.9561304836895388,795.0757760519937,862,27,11,10,2,0,0,9.0,601,0.492622020431328,0.4881889763779528,0.49713631156930127,434,455,439,873,889,13,2
legoassemble_004_legoassemble_aria02_rgb,0.8830024505998822,0.9294460407351612,0.8207031316695054,0.8830024505998822,0.8830024505998822,0.8830024505998822,0.8830024505998822,0.8830024505998822,0.8830024505998822,0.8830024505998822,0.8830024505998822,0.8830024505998822,0.8824410066214023,0.8807766442613352,0.8784519493570151,0.8732423200989936,0.8611168677418564,0.8447017013082893,0.8272908772063822,0.7574528025169641,0.6537583641319354,0.2864800358916365,0.8259334012913027,0.9877934272300469,0.9877934272300469,0.9877934272300469,0.9877934272300469,0.9877934272300469,0.9877934272300469,0.9877934272300469,0.9877934272300469,0.9877934272300469,0.9859287054409006,0.980355472404116,0.976657329598506,0.9711359404096834,0.9583718778908418,0.9386446886446886,0.9141048824593129,0.8297320656871219,0.71417004048583,0.2995702885205648,0.9188848492953676,0.7893283213594566,0.7893283213594566,0.7893283213594566,0.7893283213594566,0.7893283213594566,0.7893283213594566,0.7893283213594566,0.7893283213594566,0.7893283213594566,0.7898158618059138,0.7913124564642369,0.7901213700473315,0.7852166909713824,0.7737312383805203,0.7601608711208636,0.7487217371244799,0.6914698994616761,0.5984569142409222,0.273961784961326,0.7424696693059875,0.9981024667931688,0.9981024667931688,0.9981024667931688,0.9981024667931688,0.9981024667931688,0.9981024667931688,0.9981024667931688,0.9981024667931688,0.9981024667931688,0.9971537001897534,0.9943074003795066,0.9924098671726755,0.9895635673624289,0.9829222011385199,0.9724857685009488,0.959203036053131,0.9108159392789373,0.8368121442125237,0.4629981024667932,0.9516628383101967,0.9896519285042333,0.9896519285042333,0.9896519285042333,0.9896519285042333,0.9896519285042333,0.9896519285042333,0.9896519285042333,0.9896519285042333,0.9896519285042333,0.9887111947318908,0.9858889934148636,0.9840075258701787,0.9811853245531514,0.9746001881467544,0.9642521166509878,0.9510818438381938,0.90310442144873,0.8297271872060207,0.4590780809031044,0.9436054859632619,0.7909472349210093,0.7909472349210093,0.7909472349210093,0.7909472349210093,0.7909472349210093,0.7909472349210093,0.7909472349210093,0.7909472349210093,0.7909472349210093,0.7914477173148029,0.7929777047358745,0.7925499142344912,0.7898065636214296,0.7833242459628221,0.7760301811488581,0.7705948950367483,0.738244816627211,0.677989265456168,0.3971408852591535,0.7594016475624548,0.990560938539129,0.990560938539129,0.990560938539129,0.990560938539129,0.990560938539129,0.990560938539129,0.990560938539129,0.990560938539129,0.990560938539129,0.9898383514207076,0.987812979083975,0.9862230765892874,0.9833344277984061,0.976602998512704,0.9663472734196197,0.9536359593310392,0.9066514922185491,0.8332027223349567,0.47101625989032886,0.9457744203921967,0.9294460407351612,0.9294460407351612,0.9294460407351612,0.9294460407351612,0.9294460407351612,0.9294460407351612,0.9294460407351612,0.9294460407351612,0.9294460407351612,0.9298866954453985,0.931035453636757,0.931726455249718,0.9325855988297234,0.9343718980772061,0.9366440701756383,0.9389183569632871,0.944918178644388,0.9505390227030547,0.9666706994350525,0.9348584629356145,0.8875981887422848,0.8875981887422848,0.8875981887422848,0.8875981887422848,0.8875981887422848,0.8875981887422848,0.8875981887422848,0.8875981887422848,0.8875981887422848,0.8874501727242639,0.8870218889491267,0.8855079016581189,0.881488417320479,0.8720766089734399,0.8597939456266971,0.8474527499564654,0.7936005329895507,0.7076694239719252,0.35615135347982263,0.8403471944384449,1052.0,1052.0,1052.0,1052.0,1052.0,1052.0,1052.0,1052.0,1052.0,1051.0,1048.0,1046.0,1043.0,1036.0,1025.0,1011.0,960.0,882.0,488.0,1003.0526315789474,2.0,2.0,2.0,2.0,2.0,2.0,2.0,2.0,2.0,3.0,6.0,8.0,11.0,18.0,29.0,43.0,94.0,172.0,566.0,50.94736842105263,11.0,11.0,11.0,11.0,11.0,11.0,11.0,11.0,11.0,12.0,15.0,17.0,20.0,27.0,38.0,52.0,103.0,181.0,575.0,59.94736842105263,0.9838709677419355,0.9298866954453985,0.9857685009487666,0.9971537001897534,0.9887111947318908,1.0,0.0,0.0,0.9139572266727836,0.992914501653283,0.019966722129783693,0.9854828937422542,977.3109169131138,1051,3,12,2,2,0,0,3.0,601,0.8767123287671232,0.8804554079696395,0.8730009407337723,928,126,135,1063,1054,4,2
legoassemble_005_legoassemble_aria01_rgb,0.6770705305634255,0.8840692064504213,0.5985772066661733,0.6770705305634255,0.6770705305634255,0.6770705305634255,0.6770705305634255,0.6765943619648097,0.6765943619648097,0.6765943619648097,0.6749784608072712,0.6736634388913151,0.6705818030245878,0.6624875919054719,0.6597496349729514,0.6478943558151105,0.6299786459619565,0.5900879755980153,0.536845536964451,0.46686111579197676,0.3428948833268665,0.1590445501923963,0.6027964842842369,0.9663865546218487,0.9663865546218487,0.9663865546218487,0.9663865546218487,0.9636363636363636,0.9636363636363636,0.9636363636363636,0.9581589958158996,0.952712100139082,0.941908713692946,0.9259259259259259,0.920656634746922,0.8896366083445492,0.849802371541502,0.7885350318471338,0.7059538274605103,0.5990888382687927,0.39285714285714285,0.17,0.8342995526335206,0.474369703474219,0.474369703474219,0.474369703474219,0.474369703474219,0.47505464500643846,0.47505464500643846,0.47505464500643846,0.4754909410058819,0.4763479217201306,0.4774135200264203,0.4740009941830079,0.4727816695380609,0.47184107798597297,0.4670181063959034,0.4415831952699688,0.4082464310667276,0.36381799745822996,0.2992866571208065,0.14879511144648036,0.4368034932701991,0.9704641350210971,0.9704641350210971,0.9704641350210971,0.9704641350210971,0.9690576652601969,0.9690576652601969,0.9690576652601969,0.9662447257383966,0.9634317862165963,0.9578059071729957,0.9493670886075949,0.9465541490857946,0.929676511954993,0.9071729957805907,0.870604781997187,0.8171589310829818,0.739803094233474,0.5569620253164557,0.2869198312236287,0.8779332296987195,0.9956709956709957,0.9956709956709957,0.9956709956709957,0.9956709956709957,0.9942279942279942,0.9942279942279942,0.9942279942279942,0.9913419913419913,0.9884559884559885,0.9826839826839827,0.974025974025974,0.9711399711399712,0.9538239538239538,0.9307359307359307,0.8932178932178932,0.8383838383838383,0.759018759018759,0.5714285714285714,0.2943722943722944,0.9007366902103745,0.47586515186280776,0.47586515186280776,0.47586515186280776,0.47586515186280776,0.47655156866288706,0.47655156866288706,0.47655156866288706,0.4770536298023672,0.4779427947948324,0.47910133247711645,0.4772694760086003,0.47655891198780603,0.47755504587452924,0.4763215943052943,0.4599499655399581,0.4368678332131632,0.403696147227632,0.35144430325217657,0.20278428016478306,0.4489295067414816,0.9816265167753361,0.9816265167753361,0.9816265167753361,0.9816265167753361,0.9830298848949622,0.9830298848949622,0.9830298848949622,0.9802849182544064,0.9776590942795882,0.9729594250666767,0.9663643519645895,0.9639212077361816,0.9534058506748287,0.9424715543999036,0.9121828788243332,0.8706118686987648,0.8063172919035384,0.6641037301349214,0.39448656759717876,0.9094928663853235,0.8840692064504213,0.8840692064504213,0.8840692064504213,0.8840692064504213,0.8850487989770438,0.8850487989770438,0.8850487989770438,0.8865516727549433,0.8879369117203186,0.8903476135617676,0.8935438051290631,0.8945440375880305,0.8994554357309745,0.9048516556908665,0.91220131452251,0.9211008719971585,0.9311415390975158,0.9486236907060503,0.9654470261032185,0.9014299367018546,0.6784974458038308,0.6784974458038308,0.6784974458038308,0.6784974458038308,0.6784949116691671,0.6784949116691671,0.6784949116691671,0.6778204879489262,0.6774427865756553,0.676217043297164,0.6708210967498173,0.6689644616218119,0.6623137984211738,0.6508964700034486,0.620035838844524,0.5775830825335255,0.5188002315510516,0.4082784622046527,0.20662107410214758,0.61922470274088,690.0,690.0,690.0,690.0,689.0,689.0,689.0,687.0,685.0,681.0,675.0,673.0,661.0,645.0,619.0,581.0,526.0,396.0,204.0,624.2105263157895,21.0,21.0,21.0,21.0,22.0,22.0,22.0,24.0,26.0,30.0,36.0,38.0,50.0,66.0,92.0,130.0,185.0,315.0,507.0,86.78947368421052,3.0,3.0,3.0,3.0,4.0,4.0,4.0,6.0,8.0,12.0,18.0,20.0,32.0,48.0,74.0,112.0,167.0,297.0,489.0,68.78947368421052,0.929676511954993,0.890074295071138,0.9493670886075949,0.9620253164556962,0.987012987012987,1.0,0.0,0.0,0.8239252008841891,0.9743589743589743,0.02425876010781671,0.9477550941832936,608.8108178286584,684,27,9,14,2,0,0,9.0,371,0.6581196581196581,0.6497890295358649,0.6666666666666666,462,249,231,693,711,14,2
legoassemble_005_legoassemble_aria03_rgb,0.621560172271993,0.8986695253628764,0.5585771850001396,0.621560172271993,0.621560172271993,0.621560172271993,0.621560172271993,0.621560172271993,0.6198735436899303,0.6198735436899303,0.6198735436899303,0.6198735436899303,0.6178474563852464,0.6126519173032362,0.5964018900618089,0.5856804424475859,0.5813332777367853,0.5671178373888854,0.5451542093002703,0.475412480487205,0.35037742811494016,0.14497917001252036,0.5612763760714826,0.9408783783783784,0.9408783783783784,0.9408783783783784,0.9408783783783784,0.9408783783783784,0.9376053962900506,0.9376053962900506,0.9376053962900506,0.9376053962900506,0.9343434343434344,0.9246231155778895,0.8929159802306426,0.8743882544861338,0.8652597402597403,0.8325358851674641,0.7869362363919129,0.6556195965417867,0.44528301886792454,0.17725409836065573,0.8338933072252462,0.41061316386146407,0.41061316386146407,0.41061316386146407,0.41061316386146407,0.41061316386146407,0.40981335185046797,0.40981335185046797,0.40981335185046797,0.40981335185046797,0.4085601346682181,0.40594093469179865,0.39835238963628017,0.3922989346045014,0.390574487728675,0.3863168509786843,0.37765844063863085,0.3447380581592967,0.27569958190759847,0.1185809520451955,0.3784757890404248,0.9620034542314335,0.9620034542314335,0.9620034542314335,0.9620034542314335,0.9620034542314335,0.9602763385146805,0.9602763385146805,0.9602763385146805,0.9602763385146805,0.9585492227979274,0.9533678756476683,0.9360967184801382,0.92573402417962,0.9205526770293609,0.9015544041450777,0.8739205526770294,0.7858376511226253,0.6113989637305699,0.2987910189982729,0.8851013544223252,0.9771929824561404,0.9771929824561404,0.9771929824561404,0.9771929824561404,0.9771929824561404,0.9754385964912281,0.9754385964912281,0.9754385964912281,0.9754385964912281,0.9736842105263158,0.968421052631579,0.9508771929824561,0.9403508771929825,0.9350877192982456,0.9157894736842105,0.887719298245614,0.7982456140350878,0.6210526315789474,0.30350877192982456,0.8990766389658357,0.41541221582056587,0.41541221582056587,0.41541221582056587,0.41541221582056587,0.41541221582056587,0.4148548481476257,0.4148548481476257,0.4148548481476257,0.4148548481476257,0.4139395604755082,0.41206216517739674,0.4071153129831952,0.4029725419742247,0.4017981690626358,0.3993259543067972,0.39357212362327454,0.36944831493851105,0.3167905747777244,0.15635544305497837,0.389992664845662,0.9791465109855043,0.9791465109855043,0.9791465109855043,0.9791465109855043,0.9791465109855043,0.9773256856028726,0.9773256856028726,0.9773256856028726,0.9773256856028726,0.9756551758494973,0.9705955967702091,0.955351527896629,0.9446175393151118,0.9392178924317452,0.9212620667023191,0.8969750378949671,0.8172529931607264,0.6827973261514213,0.3655156364998098,0.9091724257900764,0.8986695253628764,0.8986695253628764,0.8986695253628764,0.8986695253628764,0.8986695253628764,0.8997800819466626,0.8997800819466626,0.8997800819466626,0.8997800819466626,0.9005095263659502,0.9025778022978377,0.9086643638218392,0.9118632648458233,0.9131682360050547,0.916985711411251,0.9213853684986408,0.9315779972057958,0.9464360344984363,0.9664140493155957,0.9111605425719609,0.6284992299021742,0.6284992299021742,0.6284992299021742,0.6284992299021742,0.6284992299021742,0.6273229351692762,0.6273229351692762,0.6273229351692762,0.6273229351692762,0.6257994882967204,0.6221021190653099,0.6106524090980427,0.6026312897724467,0.5996202050114748,0.5901573166497985,0.5744941019419236,0.520488372470007,0.41056356228878504,0.1882310375452712,0.5787646206488293,557.0,557.0,557.0,557.0,557.0,556.0,556.0,556.0,556.0,555.0,552.0,542.0,536.0,533.0,522.0,506.0,455.0,354.0,173.0,512.4736842105264,22.0,22.0,22.0,22.0,22.0,23.0,23.0,23.0,23.0,24.0,27.0,37.0,43.0,46.0,57.0,73.0,124.0,225.0,406.0,66.52631578947368,13.0,13.0,13.0,13.0,13.0,14.0,14.0,14.0,14.0,15.0,18.0,28.0,34.0,37.0,48.0,64.0,115.0,216.0,397.0,57.526315789473685,0.9222797927461139,0.9005095263659502,0.9326424870466321,0.9585492227979274,0.9736842105263158,1.0,0.0,0.0,0.8269132765683977,0.9660574412532638,0.04043126684636118,0.9312985297920835,499.7827871331023,555,24,15,6,2,0,0,7.0,371,0.536118363794604,0.531951640759931,0.5403508771929825,308,271,262,570,579,8,2
tagging_001_tagging_aria01_rgb,0.4012765992593977,0.8938388246979789,0.3586766038608219,0.4012765992593977,0.4012765992593977,0.4012765992593977,0.4012765992593977,0.4011429177238277,0.4009573526479999,0.4000588043434031,0.3997407387288804,0.3997407387288804,0.39756828417312745,0.3936531090976511,0.3896249326171891,0.3824945214690707,0.3729833668152267,0.362952750130689,0.33930317117400516,0.30753024940315293,0.23965314113863997,0.1068788131388173,0.36312575201937647,0.9556840077071291,0.9556840077071291,0.9556840077071291,0.9556840077071291,0.9544287548138639,0.9531751122514432,0.9494238156209988,0.94693094629156,0.94693094629156,0.9394904458598726,0.928435718809373,0.910288582183187,0.8819530284301607,0.8499392466585662,0.8114217727543129,0.7350427350427351,0.6513015184381779,0.4738625363020329,0.17840557275541796,0.8386193033332515,0.16848969723738744,0.16848969723738744,0.16848969723738744,0.16848969723738744,0.16859890235742944,0.1686644946727092,0.1685728167962479,0.16874795234573617,0.16874795234573617,0.16824071099062538,0.16690737674437134,0.16676863918567672,0.16588418457416595,0.16367827755659253,0.16235046094494898,0.15662578035281557,0.14520901858904933,0.12120314153936314,0.06402872130918522,0.15779932732916857,0.9649805447470817,0.9649805447470817,0.9649805447470817,0.9649805447470817,0.9643320363164721,0.9636835278858625,0.9617380025940337,0.9604409857328146,0.9604409857328146,0.956549935149157,0.9507133592736705,0.9409857328145266,0.9254215304798963,0.9072632944228275,0.8845654993514915,0.8365758754863813,0.7788586251621271,0.6348897535667963,0.29896238651102464,0.8834391426035908,0.9900199600798403,0.9900199600798403,0.9900199600798403,0.9900199600798403,0.9893546240851631,0.9886892880904857,0.9866932801064537,0.9853626081170991,0.9853626081170991,0.9813705921490352,0.9753825681969395,0.9654025282767797,0.9494344644045243,0.9308050565535595,0.9075182967398536,0.8582834331337326,0.7990685296074518,0.6513639387890885,0.30671989354624085,0.9063627131701509,0.16891005990028568,0.16891005990028568,0.16891005990028568,0.16891005990028568,0.16901955048463313,0.16908093722016784,0.1690398069162495,0.1692159337504661,0.1692159337504661,0.16883998808734166,0.167767097743548,0.1677528312354559,0.1671474447220957,0.16530587378859307,0.16428561117854923,0.15959751843326905,0.14978128581591402,0.12847796186326393,0.07244734918003792,0.15961133493532598,0.9659206304958442,0.9659206304958442,0.9659206304958442,0.9659206304958442,0.9655614648135953,0.9658663513982614,0.9654197113699259,0.9643908754267756,0.9643908754267756,0.9619100148803241,0.9578558253444671,0.94857493212995,0.9386708529947575,0.9243728750874181,0.9106209092491385,0.871137738489363,0.8164879897207423,0.6820877741839532,0.38486131383207006,0.8992574750700469,0.8938388246979789,0.8938388246979789,0.8938388246979789,0.8938388246979789,0.8942869729472809,0.8947097708138638,0.8958527918868254,0.896565946666916,0.896565946666916,0.8982432510407179,0.9005024472910195,0.9038408925846362,0.9085554596666519,0.9132594614844497,0.9180305395196885,0.9263092460608316,0.9334268718703591,0.9458386438417692,0.9654955249337343,0.9087810034772408,0.40322361020208747,0.40322361020208747,0.40322361020208747,0.40322361020208747,0.40321870347376243,0.40316150021459474,0.4026448610342288,0.4025822272422528,0.4025822272422528,0.4011616147982391,0.3983479293685325,0.39614001332182464,0.39180709025110083,0.3853560604446855,0.37895859477746857,0.36197976369183177,0.3362994150744374,0.2773997704819667,0.13835526490829075,0.37330997248072734,1488.0,1488.0,1488.0,1488.0,1487.0,1486.0,1483.0,1481.0,1481.0,1475.0,1466.0,1451.0,1427.0,1399.0,1364.0,1290.0,1201.0,979.0,461.0,1362.2631578947369,54.0,54.0,54.0,54.0,55.0,56.0,59.0,61.0,61.0,67.0,76.0,91.0,115.0,143.0,178.0,252.0,341.0,563.0,1081.0,179.73684210526315,15.0,15.0,15.0,15.0,16.0,17.0,20.0,22.0,22.0,28.0,37.0,52.0,76.0,104.0,139.0,213.0,302.0,524.0,1042.0,140.73684210526315,0.9189364461738002,0.8989896222371748,0.9396887159533074,0.9571984435797666,0.9820359281437125,1.0,0.0,0.0,0.8222494697938197,0.9694581280788177,0.04492512479201331,0.9387126135030351,1326.9086824220701,1476,66,27,32,3,0,0,33.0,601,0.24236453201970443,0.23929961089494164,0.24550898203592814,369,1173,1134,1503,1542,33,3
tagging_001_tagging_aria02_rgb,0.5498848059778562,0.9060202487717107,0.49820676870784114,0.5498848059778562,0.548914721735213,0.548914721735213,0.548914721735213,0.548914721735213,0.548914721735213,0.548914721735213,0.5479495256839916,0.5468621603548058,0.545862634490192,0.5430283008726359,0.5387642922664437,0.5323606233695076,0.5236362444256611,0.5086482660833397,0.4867173884339749,0.45214107619392535,0.34592499983950803,0.14341562885280235,0.5030886461713642,0.9731147540983607,0.971821756225426,0.971821756225426,0.971821756225426,0.971821756225426,0.971821756225426,0.971821756225426,0.9705304518664047,0.9666666666666667,0.9640992167101827,0.958984375,0.950097213220998,0.9375402446877013,0.9153405474220242,0.874766355140187,0.8203266787658802,0.7383015597920277,0.5151057401812689,0.16627906976744186,0.8727412321406158,0.3107272791536991,0.3100438632984817,0.3100438632984817,0.3100438632984817,0.3100438632984817,0.3100438632984817,0.3100438632984817,0.30936554553225,0.30937057492544,0.30906156811259433,0.3074916997981556,0.30551290813421667,0.3022887123195177,0.299555086080756,0.2957624708235674,0.2887798511690218,0.2768943801762892,0.2323097884171376,0.1236959205269265,0.2911094192084454,0.9906542056074766,0.9899866488651535,0.9899866488651535,0.9899866488651535,0.9899866488651535,0.9899866488651535,0.9899866488651535,0.9893190921228304,0.9873164218958611,0.985981308411215,0.9833110814419226,0.9786381842456608,0.9719626168224299,0.9599465954606141,0.9372496662216289,0.9052069425901201,0.8531375166889186,0.6829105473965287,0.2863818424566088,0.9185229428711965,0.9821310390469887,0.9814692256783587,0.9814692256783587,0.9814692256783587,0.9814692256783587,0.9814692256783587,0.9814692256783587,0.9808074123097287,0.9788219722038385,0.9774983454665784,0.9748510919920582,0.9702183984116479,0.9636002647253474,0.9516876240900066,0.9291859695565851,0.8974189278623428,0.8457974851091992,0.6770350761085374,0.28391793514228986,0.9106203629523845,0.3115417941085274,0.3110424132872091,0.3110424132872091,0.3110424132872091,0.3110424132872091,0.3110424132872091,0.3110424132872091,0.3105449638034201,0.31059065656330587,0.3103813786649526,0.30920281314473547,0.3077504843556861,0.3053472165267628,0.3034809614512607,0.30089523575875937,0.29591718137250533,0.28713701044459783,0.25123024862879184,0.1534065268556584,0.2959832079685378,0.9864218405559302,0.9857457587930615,0.9857457587930615,0.9857457587930615,0.9857457587930615,0.9857457587930615,0.9857457587930615,0.9850736899225996,0.9831710464476415,0.9818661960446544,0.9791635930643326,0.9746576055808702,0.9684625293596777,0.9579757409125198,0.9379955850186873,0.913315048468252,0.870924817618003,0.7269591621012418,0.3771502892540458,0.9240848261635172,0.9060202487717107,0.9065705287164025,0.9065705287164025,0.9065705287164025,0.9065705287164025,0.9065705287164025,0.9065705287164025,0.9069457545040904,0.9079408400133048,0.9085400489544632,0.9095824241131689,0.9111642976748227,0.9130934283204978,0.9160493542078693,0.9205605848775733,0.9254580378155028,0.931226520333554,0.943916814594983,0.9648576200647048,0.916041007712877,0.5548182458162135,0.5540210151502104,0.5540210151502104,0.5540210151502104,0.5540210151502104,0.5540210151502104,0.5540210151502104,0.5532280186686587,0.552672279995343,0.552022580432429,0.5498727087817138,0.546796669412023,0.5420455034975948,0.5362433076842386,0.5265009753649776,0.5112783255315446,0.48603393285728175,0.39830491432258175,0.1882133513459326,0.5169556265585156,1484.0,1483.0,1483.0,1483.0,1483.0,1483.0,1483.0,1482.0,1479.0,1477.0,1473.0,1466.0,1456.0,1438.0,1404.0,1356.0,1278.0,1023.0,429.0,1375.9473684210527,14.0,15.0,15.0,15.0,15.0,15.0,15.0,16.0,19.0,21.0,25.0,32.0,42.0,60.0,94.0,142.0,220.0,475.0,1069.0,122.05263157894737,27.0,28.0,28.0,28.0,28.0,28.0,28.0,29.0,32.0,34.0,38.0,45.0,55.0,73.0,107.0,155.0,233.0,488.0,1082.0,135.05263157894737,0.9512683578104139,0.9085400489544632,0.9632843791722296,0.985981308411215,0.9774983454665784,1.0,0.0,0.0,0.8610905556113098,0.981721502160186,0.056572379367720464,0.9624464135479952,1341.913652305742,1477,21,34,18,3,0,0,26.0,601,0.44865403788634095,0.4506008010680908,0.44672402382528126,675,823,836,1511,1498,20,3
tagging_001_tagging_aria03_rgb,0.48034614585896673,0.8904422485954259,0.4277205022228047,0.48034614585896673,0.48034614585896673,0.48034614585896673,0.48034614585896673,0.48034614585896673,0.48034614585896673,0.48034614585896673,0.48034614585896673,0.4787176628717514,0.47652366554836584,0.47408192317457326,0.4705215311902553,0.4685198766770568,0.45729707071997017,0.4318901319896032,0.3928688025060156,0.3256350189348701,0.23312299815179405,0.08218353666925955,0.42811217817396047,0.9934426229508196,0.9934426229508196,0.9934426229508196,0.9934426229508196,0.9934426229508196,0.9934426229508196,0.9934426229508196,0.9934426229508196,0.9890948745910578,0.9804560260586319,0.9761646803900325,0.9676375404530745,0.9612903225806452,0.9342523860021209,0.8726899383983573,0.77431906614786,0.6227758007117438,0.412858249419055,0.1315136476426799,0.872136500842201,0.23225540611114504,0.23225540611114504,0.23225540611114504,0.23225540611114504,0.23225540611114504,0.23225540611114504,0.23225540611114504,0.23225540611114504,0.23169728873596943,0.23160121187737143,0.23024155083248898,0.22879487624049938,0.22835023892906106,0.22383738486763752,0.2137403880836905,0.19933113199751376,0.17026699726535097,0.13163436202075093,0.05135690341293234,0.2104681885869698,0.9934426229508196,0.9934426229508196,0.9934426229508196,0.9934426229508196,0.9934426229508196,0.9934426229508196,0.9934426229508196,0.9934426229508196,0.9912568306010929,0.9868852459016394,0.9846994535519126,0.980327868852459,0.9770491803278688,0.9628415300546448,0.9289617486338798,0.8699453551912568,0.7650273224043715,0.5825136612021858,0.23169398907103825,0.9057233247052054,1.0,1.0,1.0,1.0,1.0,1.0,1.0,1.0,0.9977997799779978,0.9933993399339934,0.9911991199119912,0.9867986798679867,0.9834983498349835,0.9691969196919692,0.935093509350935,0.8756875687568757,0.77007700770077,0.5863586358635864,0.23322332233223322,0.911701696485438,0.23225540611114504,0.23225540611114504,0.23225540611114504,0.23225540611114504,0.23225540611114504,0.23225540611114504,0.23225540611114504,0.23225540611114504,0.23180030822462025,0.23179573627801292,0.2307148167137022,0.22956555420684327,0.22924967597837578,0.225740419327875,0.2175784088006584,0.20595860358126244,0.18069505441877623,0.14528977170934823,0.05979020780968542,0.21295904241780636,1.0,1.0,1.0,1.0,1.0,1.0,1.0,1.0,0.9978468123743433,0.9936386951968567,0.9914525555110429,0.987164504950932,0.9839713335252477,0.9707869149174838,0.9415933398757235,0.8986440983029425,0.8183084999416852,0.6767568402596184,0.3585267139282057,0.9272994899360043,0.8904422485954259,0.8904422485954259,0.8904422485954259,0.8904422485954259,0.8904422485954259,0.8904422485954259,0.8904422485954259,0.8904422485954259,0.8914295471137484,0.8932885533543662,0.8941129643625673,0.8955052163701032,0.8963933679631657,0.8995885822418077,0.9058400014900532,0.9145311569797003,0.9268944226392517,0.9425337145164633,0.9649559194621241,0.9025584965924611,0.48034614585896673,0.48034614585896673,0.48034614585896673,0.48034614585896673,0.48034614585896673,0.48034614585896673,0.48034614585896673,0.48034614585896673,0.4792405659909054,0.47808348531895284,0.47614990212085184,0.4735968680525779,0.472344592192302,0.4642412413060547,0.4455969531627311,0.4164218923474754,0.3609139856139464,0.2769093970249504,0.1090829309199121,0.436597420048547,909.0,909.0,909.0,909.0,909.0,909.0,909.0,909.0,907.0,903.0,901.0,897.0,894.0,881.0,850.0,796.0,700.0,533.0,212.0,828.7368421052631,6.0,6.0,6.0,6.0,6.0,6.0,6.0,6.0,8.0,12.0,14.0,18.0,21.0,34.0,65.0,119.0,215.0,382.0,703.0,86.26315789473684,0.0,0.0,0.0,0.0,0.0,0.0,0.0,0.0,2.0,6.0,8.0,12.0,15.0,28.0,59.0,113.0,209.0,376.0,697.0,80.26315789473684,0.9595628415300547,0.8932885533543662,0.980327868852459,0.9868852459016394,0.9933993399339934,1.0,0.0,0.0,0.8542508892666586,0.9901315789473685,0.009983361064891847,0.9789303239333849,806.6395636789927,903,12,6,19,3,0,0,22.0,601,0.3782894736842105,0.3770491803278688,0.3795379537953795,345,570,564,909,915,22,3
tagging_001_tagging_aria04_rgb,0.544748174713751,0.8804316162641967,0.47961351592019885,0.544748174713751,0.544748174713751,0.5445512842885871,0.5445512842885871,0.5445512842885871,0.5439220298692418,0.5436981481642373,0.5432646507063759,0.5422957437591466,0.5394807580174369,0.5368670382284505,0.5279475848518413,0.5215060255928182,0.5071247575440797,0.4882442408013752,0.45356282098221934,0.3866969196284393,0.26902370495970895,0.06820961426699594,0.4839470652455595,0.9856218547807333,0.9856218547807333,0.9841954022988506,0.9841954022988506,0.9841954022988506,0.9827709978463748,0.9813486370157819,0.9785100286532952,0.9756795422031473,0.9686386315039202,0.9616477272727273,0.9368863955119214,0.9220598469032707,0.8866120218579235,0.8388814913448736,0.7547649301143583,0.601159420289855,0.373446046742914,0.08825847123719464,0.8512891634187144,0.3010795391910015,0.3010795391910015,0.3012979948165888,0.3012979948165888,0.3012979948165888,0.30103775470114486,0.30122595086710974,0.30161824821898997,0.3014152300818195,0.3004624003269381,0.29972120617766135,0.2975052831230331,0.29495757313695087,0.29006545520917054,0.2841670022943795,0.27256066673126844,0.24874351561857594,0.1937997589249398,0.05271506987639344,0.2761077988484287,0.9891774891774892,0.9891774891774892,0.9884559884559885,0.9884559884559885,0.9884559884559885,0.9877344877344877,0.987012987012987,0.9855699855699855,0.9841269841269841,0.9805194805194806,0.976911976911977,0.963924963924964,0.9559884559884559,0.9365079365079365,0.9090909090909091,0.8571428571428571,0.7481962481962482,0.5418470418470418,0.16161616161616163,0.8905217589428116,0.9963662790697675,0.9963662790697675,0.9956395348837209,0.9956395348837209,0.9956395348837209,0.9949127906976745,0.9941860465116279,0.9927325581395349,0.9912790697674418,0.9876453488372093,0.9840116279069767,0.9709302325581395,0.9629360465116279,0.9433139534883721,0.9156976744186046,0.8633720930232558,0.7536337209302325,0.5457848837209303,0.16279069767441862,0.8969935740514074,0.30136176765482586,0.30136176765482586,0.30158035731049077,0.30158035731049077,0.30158035731049077,0.3013786983201029,0.30156743321012436,0.301960324633035,0.3018230972315633,0.30113030076735636,0.30068404088094525,0.299143602621768,0.29722707495390005,0.29356851310586873,0.2891329605397427,0.2801736648861239,0.26190890558972735,0.21718638161931644,0.07034296588728219,0.2802469774467358,0.9845503378409285,0.9845503378409285,0.985244656822321,0.985244656822321,0.985244656822321,0.9845269816735542,0.983889104571603,0.9832380323549121,0.9817923071332518,0.9782730205669579,0.9754739641557673,0.9658346784563746,0.9583363660900035,0.9395482129052465,0.9150003995609349,0.8671919327813283,0.7728802446630608,0.5929226364160851,0.18800618157417054,0.8953551952132669,0.8804316162641967,0.8804316162641967,0.88096580393976,0.88096580393976,0.88096580393976,0.8813949525506543,0.8817955440264037,0.8825351463870569,0.883207867799021,0.8847210010719047,0.8860122515468349,0.8902070339603715,0.8923908183890746,0.8968346816843825,0.9019239048020915,0.9093906096748255,0.9213470802847772,0.9379253323174007,0.9638498728177849,0.8956471969294872,0.5457298806366299,0.5457298806366299,0.5457286938454295,0.5457286938454295,0.5457286938454295,0.5452938404461174,0.545265004865683,0.5452209575436681,0.5446382848738803,0.5427791785654693,0.5411111124801092,0.5355116892298952,0.531014156991408,0.5211991950398385,0.5082653228870094,0.4833460754229846,0.4314034830051368,0.3240521965426997,0.09230171857961506,0.4957920031201613,1371.0,1371.0,1370.0,1370.0,1370.0,1369.0,1368.0,1366.0,1364.0,1359.0,1354.0,1336.0,1325.0,1298.0,1260.0,1188.0,1037.0,751.0,224.0,1234.2631578947369,15.0,15.0,16.0,16.0,16.0,17.0,18.0,20.0,22.0,27.0,32.0,50.0,61.0,88.0,126.0,198.0,349.0,635.0,1162.0,151.73684210526315,5.0,5.0,6.0,6.0,6.0,7.0,8.0,10.0,12.0,17.0,22.0,40.0,51.0,78.0,116.0,188.0,339.0,625.0,1152.0,141.73684210526315,0.9574314574314574,0.8848304212526495,0.9682539682539683,0.9805194805194806,0.9876453488372093,1.0,0.0,0.0,0.8445054419064579,0.9840695148443157,0.028286189683860232,0.9674054175620088,1202.4845424823507,1359,27,17,15,3,0,0,25.0,601,0.4228819695872556,0.4213564213564214,0.42441860465116277,584,802,792,1376,1386,17,3
tagging_002_tagging_aria01_rgb,0.6344405725359683,0.9135073591968534,0.5795661319846721,0.6344405725359683,0.6344405725359683,0.6344405725359683,0.6344405725359683,0.6344405725359683,0.6344405725359683,0.6344405725359683,0.6344405725359683,0.6344405725359683,0.6316029753808322,0.6316029753808322,0.6316029753808322,0.6316029753808322,0.6316029753808322,0.6316029753808322,0.5969859693816291,0.5356036428190012,0.36718816681695143,0.10083500689387108,0.5842208311063243,0.9789473684210527,0.9789473684210527,0.9789473684210527,0.9789473684210527,0.9789473684210527,0.9789473684210527,0.9789473684210527,0.9789473684210527,0.9789473684210527,0.972027972027972,0.972027972027972,0.972027972027972,0.972027972027972,0.972027972027972,0.972027972027972,0.9183673469387755,0.7904761904761904,0.5120643431635389,0.1393939393939394,0.8948945246278815,0.41117107319976226,0.41117107319976226,0.41117107319976226,0.41117107319976226,0.41117107319976226,0.41117107319976226,0.41117107319976226,0.41117107319976226,0.41117107319976226,0.4104020974598459,0.4104020974598459,0.4104020974598459,0.4104020974598459,0.4104020974598459,0.4104020974598459,0.3880715585397254,0.3629094280855825,0.2633011879277315,0.07294218571836346,0.38158824230675464,0.9858657243816255,0.9858657243816255,0.9858657243816255,0.9858657243816255,0.9858657243816255,0.9858657243816255,0.9858657243816255,0.9858657243816255,0.9858657243816255,0.9823321554770318,0.9823321554770318,0.9823321554770318,0.9823321554770318,0.9823321554770318,0.9823321554770318,0.9540636042402827,0.8798586572438163,0.6749116607773852,0.24381625441696114,0.9220755067881721,0.9928825622775801,0.9928825622775801,0.9928825622775801,0.9928825622775801,0.9928825622775801,0.9928825622775801,0.9928825622775801,0.9928825622775801,0.9928825622775801,0.9893238434163701,0.9893238434163701,0.9893238434163701,0.9893238434163701,0.9893238434163701,0.9893238434163701,0.9608540925266904,0.8861209964412812,0.6797153024911032,0.24555160142348753,0.9286383217831053,0.41467019728740206,0.41467019728740206,0.41467019728740206,0.41467019728740206,0.41467019728740206,0.41467019728740206,0.41467019728740206,0.41467019728740206,0.41467019728740206,0.4141634154231281,0.4141634154231281,0.4141634154231281,0.4141634154231281,0.4141634154231281,0.4141634154231281,0.39881904765207277,0.3822562147410731,0.3072633853560247,0.09550861345770716,0.38951892259643506,0.9930013625665799,0.9930013625665799,0.9930013625665799,0.9930013625665799,0.9930013625665799,0.9930013625665799,0.9930013625665799,0.9930013625665799,0.9930013625665799,0.9896557670251759,0.9896557670251759,0.9896557670251759,0.9896557670251759,0.9896557670251759,0.9896557670251759,0.9618159969156767,0.8930626700706045,0.7009332833341547,0.28131729399719807,0.9322145320825216,0.9135073591968534,0.9135073591968534,0.9135073591968534,0.9135073591968534,0.9135073591968534,0.9135073591968534,0.9135073591968534,0.9135073591968534,0.9135073591968534,0.9150687980869961,0.9150687980869961,0.9150687980869961,0.9150687980869961,0.9150687980869961,0.9150687980869961,0.9189974901962988,0.9263004349954221,0.940883523163107,0.9631282902841903,0.9190151978911935,0.6366784651021691,0.6366784651021691,0.6366784651021691,0.6366784651021691,0.6366784651021691,0.6366784651021691,0.6366784651021691,0.6366784651021691,0.6366784651021691,0.6349418690006395,0.6349418690006395,0.6349418690006395,0.6349418690006395,0.6349418690006395,0.6349418690006395,0.6084775672475973,0.5650743332487346,0.4215507585439311,0.13335850370650434,0.5930641348773751,279.0,279.0,279.0,279.0,279.0,279.0,279.0,279.0,279.0,278.0,278.0,278.0,278.0,278.0,278.0,270.0,249.0,191.0,69.0,260.94736842105266,4.0,4.0,4.0,4.0,4.0,4.0,4.0,4.0,4.0,5.0,5.0,5.0,5.0,5.0,5.0,13.0,34.0,92.0,214.0,22.05263157894737,2.0,2.0,2.0,2.0,2.0,2.0,2.0,2.0,2.0,3.0,3.0,3.0,3.0,3.0,3.0,11.0,32.0,90.0,212.0,20.05263157894737,0.9469964664310954,0.9150687980869961,0.9717314487632509,0.9823321554770318,0.9893238434163701,1.0,0.0,0.0,0.8635658157886393,0.9858156028368794,0.013636363636363636,0.9687452366077235,254.38912586818492,278,5,3,7,3,0,0,8.0,220,0.5283687943262412,0.5265017667844523,0.5302491103202847,149,134,132,281,283,10,3
tagging_002_tagging_aria02_rgb,0.8353158026052108,0.9108196005478209,0.7608220056601604,0.8353158026052108,0.8353158026052108,0.8353158026052108,0.8353158026052108,0.8353158026052108,0.8344713564671792,0.8344713564671792,0.8336420964420167,0.8336420964420167,0.8296067685209255,0.8296067685209255,0.8259492743381232,0.8172675627114393,0.8037540225524089,0.7828377677444226,0.7446435599049134,0.6595537563186775,0.5264687152403822,0.22492756306822198,0.7661800883034151,0.9883527454242929,0.9883527454242929,0.9883527454242929,0.9883527454242929,0.9883527454242929,0.9850498338870431,0.9850498338870431,0.9817578772802653,0.9817578772802653,0.9752066115702479,0.9752066115702479,0.9654605263157895,0.9526143790849673,0.9305331179321487,0.8908227848101266,0.8300153139356815,0.7343976777939042,0.5744400527009222,0.23578076525336092,0.8915714205486039,0.705975162524031,0.705975162524031,0.705975162524031,0.705975162524031,0.705975162524031,0.7069108798449119,0.7069108798449119,0.7078722371807856,0.7078722371807856,0.7057452053852851,0.7057452053852851,0.7065977170324372,0.7011507318437417,0.6942477557432662,0.6879426313031414,0.6680527720369633,0.5923373270743861,0.4825034515327654,0.21457394361004947,0.658859936190467,0.99,0.99,0.99,0.99,0.99,0.9883333333333333,0.9883333333333333,0.9866666666666667,0.9866666666666667,0.9833333333333333,0.9833333333333333,0.9783333333333334,0.9716666666666667,0.96,0.9383333333333334,0.9033333333333333,0.8433333333333334,0.7266666666666667,0.38,0.9246491228070175,0.9983193277310924,0.9983193277310924,0.9983193277310924,0.9983193277310924,0.9983193277310924,0.9966386554621849,0.9966386554621849,0.9949579831932773,0.9949579831932773,0.9915966386554622,0.9915966386554622,0.9865546218487395,0.9798319327731092,0.9680672268907563,0.946218487394958,0.9109243697478991,0.8504201680672269,0.7327731092436974,0.3831932773109244,0.9324192835028748,0.7076347661583583,0.7076347661583583,0.7076347661583583,0.7076347661583583,0.7076347661583583,0.7085815383940227,0.7085815383940227,0.7095512657832412,0.7095512657832412,0.7086595658715709,0.7086595658715709,0.7098367159721743,0.706976368527701,0.7036982021740044,0.7019887996673192,0.6918669569845354,0.6433140804978678,0.5687860155604546,0.31770277251247153,0.6755751833045259,0.9983245149911817,0.9983245149911817,0.9983245149911817,0.9983245149911817,0.9983245149911817,0.9967650674227404,0.9967650674227404,0.9954602267102267,0.9954602267102267,0.9921246522750076,0.9921246522750076,0.9872872415269514,0.9808085604798934,0.9700863521932072,0.9510159821700103,0.9237033243360615,0.8681532751782843,0.7620720870991686,0.43126784814104885,0.9386693230998148,0.9108196005478209,0.9108196005478209,0.9108196005478209,0.9108196005478209,0.9108196005478209,0.9118686722497806,0.9118686722497806,0.9127435175955494,0.9127435175955494,0.9142134538658534,0.9142134538658534,0.9159580747518357,0.917980826714225,0.9209135961423967,0.925220243574237,0.9309842937062265,0.9382781917259673,0.9481248780373293,0.9655178211287379,0.9207751166285487,0.8360116093086212,0.8360116093086212,0.8360116093086212,0.8360116093086212,0.8360116093086212,0.8358609850009278,0.8358609850009278,0.8357236030441176,0.8357236030441176,0.8330562917927757,0.8330562917927757,0.8314373697579799,0.8253997785567321,0.8163809438696714,0.803442283162133,0.7768361071723711,0.7067798897106503,0.592131045276699,0.2855487674142874,0.780383999533646,594.0,594.0,594.0,594.0,594.0,593.0,593.0,592.0,592.0,590.0,590.0,587.0,583.0,576.0,563.0,542.0,506.0,436.0,228.0,554.7894736842105,6.0,6.0,6.0,6.0,6.0,7.0,7.0,8.0,8.0,10.0,10.0,13.0,17.0,24.0,37.0,58.0,94.0,164.0,372.0,45.21052631578947,1.0,1.0,1.0,1.0,1.0,2.0,2.0,3.0,3.0,5.0,5.0,8.0,12.0,19.0,32.0,53.0,89.0,159.0,367.0,40.21052631578947,0.9666666666666667,0.9142134538658534,0.975,0.9833333333333333,0.9915966386554622,1.0,0.0,0.0,0.8823098963014225,0.9874476987447699,0.022727272727272728,0.9738350499927733,539.3859377808535,590,10,5,5,3,0,0,6.0,220,0.7748953974895397,0.7716666666666666,0.7781512605042017,463,137,132,595,600,8,3
tagging_002_tagging_aria03_rgb,0.8491500484175578,0.8871873120850988,0.7533551490125047,0.8491500484175578,0.8491500484175578,0.8491500484175578,0.8491500484175578,0.8491500484175578,0.8491500484175578,0.8491500484175578,0.8491500484175578,0.8491500484175578,0.8491500484175578,0.8491500484175578,0.8478022752583153,0.8349214483800381,0.8271920190694788,0.8005334653256154,0.7248985032081297,0.582249868947097,0.32391166020120804,0.05776133342507464,0.7547326898109523,0.9796380090497737,0.9796380090497737,0.9796380090497737,0.9796380090497737,0.9796380090497737,0.9796380090497737,0.9796380090497737,0.9796380090497737,0.9796380090497737,0.9796380090497737,0.9796380090497737,0.9751693002257337,0.9574944071588367,0.9401330376940134,0.906318082788671,0.8078512396694215,0.6385767790262172,0.35239567233384855,0.051682692307692304,0.863454700565892,0.7360431078281132,0.7360431078281132,0.7360431078281132,0.7360431078281132,0.7360431078281132,0.7360431078281132,0.7360431078281132,0.7360431078281132,0.7360431078281132,0.7360431078281132,0.7360431078281132,0.7370706786675858,0.7280395788770193,0.7278189458064167,0.7070959316340465,0.6504636177428111,0.5308913838143073,0.2977300002563769,0.06455491171356932,0.6600073281379674,0.9954022988505747,0.9954022988505747,0.9954022988505747,0.9954022988505747,0.9954022988505747,0.9954022988505747,0.9954022988505747,0.9954022988505747,0.9954022988505747,0.9954022988505747,0.9954022988505747,0.993103448275862,0.9839080459770115,0.9747126436781609,0.9563218390804598,0.8988505747126436,0.7839080459770115,0.5241379310344828,0.09885057471264368,0.9033272837265576,0.9840909090909091,0.9840909090909091,0.9840909090909091,0.9840909090909091,0.9840909090909091,0.9840909090909091,0.9840909090909091,0.9840909090909091,0.9840909090909091,0.9840909090909091,0.9840909090909091,0.9818181818181818,0.9727272727272728,0.9636363636363636,0.9454545454545454,0.8886363636363637,0.775,0.5181818181818182,0.09772727272727273,0.8930622009569378,0.7363952957486445,0.7363952957486445,0.7363952957486445,0.7363952957486445,0.7363952957486445,0.7363952957486445,0.7363952957486445,0.7363952957486445,0.7363952957486445,0.7363952957486445,0.7363952957486445,0.7374335284057507,0.7329002081338531,0.7344062253260366,0.7229090354090354,0.6910496390036032,0.6080314385299722,0.4009824645789558,0.10987728894705638,0.6756809516615448,0.9864586742215283,0.9864586742215283,0.9864586742215283,0.9864586742215283,0.9864586742215283,0.9864586742215283,0.9864586742215283,0.9864586742215283,0.9864586742215283,0.9864586742215283,0.9864586742215283,0.985358952491628,0.9768652413325626,0.9723892330867885,0.9564926191481741,0.911649842078363,0.812301813788792,0.5809330365888232,0.1456098497595241,0.90487610551113,0.8871873120850988,0.8871873120850988,0.8871873120850988,0.8871873120850988,0.8871873120850988,0.8871873120850988,0.8871873120850988,0.8871873120850988,0.8871873120850988,0.8871873120850988,0.8871873120850988,0.8878583620817303,0.8903044223149297,0.8924379355419353,0.8955943000946421,0.9031881439606237,0.914137945745355,0.9319729733159066,0.9604154872099042,0.8965773685895323,0.8559550231088228,0.8559550231088228,0.8559550231088228,0.8559550231088228,0.8559550231088228,0.8559550231088228,0.8559550231088228,0.8559550231088228,0.8559550231088228,0.8559550231088228,0.8559550231088228,0.8555626409607945,0.8463592614527323,0.8422673736920032,0.8223206684418083,0.7646369050979629,0.6451124144766595,0.39503365216304476,0.07988297768242181,0.7719305867454989,433.0,433.0,433.0,433.0,433.0,433.0,433.0,433.0,433.0,433.0,433.0,432.0,428.0,424.0,416.0,391.0,341.0,228.0,43.0,392.94736842105266,2.0,2.0,2.0,2.0,2.0,2.0,2.0,2.0,2.0,2.0,2.0,3.0,7.0,11.0,19.0,44.0,94.0,207.0,392.0,42.05263157894737,7.0,7.0,7.0,7.0,7.0,7.0,7.0,7.0,7.0,7.0,7.0,8.0,12.0,16.0,24.0,49.0,99.0,212.0,397.0,47.05263157894737,0.967816091954023,0.8871873120850988,0.9793103448275862,0.9954022988505747,0.9840909090909091,1.0,0.0,0.0,0.8555220830640179,0.9897142857142858,0.031818181818181815,0.9777035172314114,384.1521061328478,433,2,7,5,3,0,0,3.0,220,0.8365714285714285,0.8413793103448276,0.8318181818181818,366,69,74,440,435,8,3
tagging_002_tagging_aria04_rgb,0.8823403879431787,0.8907618092607829,0.7859551203481269,0.8823403879431787,0.8823403879431787,0.8815007530557653,0.8773447476290607,0.8732373842793589,0.8724410601629308,0.8683173977443506,0.8675479826464184,0.8602298783259371,0.8545891301161209,0.8481184976944016,0.8400978907858535,0.8369094168941861,0.8353288217316188,0.807143197851692,0.7688954503729715,0.6581299568452861,0.4576722670100896,0.13154225873220515,0.7844066772507685,0.9748427672955975,0.9748427672955975,0.9717425431711146,0.9655712050078247,0.9594383775351014,0.956386292834891,0.9503105590062112,0.9472868217054263,0.9382716049382716,0.9293394777265745,0.9234303215926493,0.9146341463414634,0.9117199391171994,0.9088145896656535,0.8718330849478391,0.8229317851959361,0.6859060402684564,0.4604651162790698,0.11843276936776491,0.851905274173297,0.7986155165878668,0.7986155165878668,0.7996393521087728,0.7971797441764666,0.7947811419239991,0.795863982117551,0.7933986380346983,0.794521242086819,0.7886793543254892,0.785851240387638,0.7789488489947096,0.7716358162724383,0.7682374181312378,0.7677850337682638,0.7472532908948197,0.7184073142386798,0.6314786788109543,0.4548963571503361,0.14610285586279675,0.7227311232874423,0.9763779527559056,0.9763779527559056,0.9748031496062992,0.9716535433070866,0.968503937007874,0.9669291338582677,0.9637795275590552,0.9622047244094488,0.9574803149606299,0.952755905511811,0.9496062992125984,0.9448818897637795,0.9433070866141732,0.9417322834645669,0.9212598425196851,0.8929133858267716,0.8047244094488188,0.6236220472440945,0.2094488188976378,0.8895980107749688,0.998389694041868,0.998389694041868,0.9967793880837359,0.9935587761674718,0.9903381642512077,0.9887278582930756,0.9855072463768116,0.9838969404186796,0.9790660225442834,0.9742351046698873,0.9710144927536232,0.966183574879227,0.964573268921095,0.9629629629629629,0.9420289855072463,0.9130434782608695,0.822866344605475,0.6376811594202898,0.214170692431562,0.9096533604542757,0.7987252800962478,0.7987252800962478,0.7997588033936984,0.7988907904629137,0.7980485909754202,0.7991395412405184,0.7982978350625409,0.7994281223413793,0.7967082259845417,0.7957801152016027,0.7919066284737927,0.7878894716394718,0.7859493872849466,0.7858144085568834,0.7753176737792122,0.7602298935632269,0.7057351324474612,0.5701828895010713,0.24370892265629104,0.7468545785661825,0.9984181141439206,0.9984181141439206,0.9969010190132968,0.9939607730620363,0.9912195050559566,0.9902890807970901,0.9879159167711745,0.9873846825924039,0.983784553417473,0.9803516198403708,0.9770754753823584,0.9721549989925048,0.9705225365534272,0.9688971081268741,0.9496638376198532,0.9221709575885355,0.8411885556426487,0.6710335150072481,0.2601236295391381,0.917972315436328,0.8907618092607829,0.8907618092607829,0.8919758439070578,0.8942983571571612,0.8965060192125484,0.8974934446291608,0.8993999077239417,0.9002909185799723,0.9026787380919772,0.9048241613137203,0.9061605652011994,0.9078141598574256,0.9083230556299959,0.9087299145329972,0.9125655592880134,0.9168695294724478,0.9263929479428378,0.9396962904986877,0.9632334773434943,0.908356658363379,0.8830348708432535,0.8830348708432535,0.8828878518729161,0.8801037001863478,0.8773532156509184,0.8772366105549377,0.8744491777862675,0.8743523847852196,0.8689907689857905,0.8652886282236141,0.8600550760095421,0.8538762839480425,0.8512836194391222,0.8503222642389806,0.8297074478947855,0.8009216611876452,0.7128578447949251,0.5326193739716698,0.17493161691939682,0.801753014112454,620.0,620.0,619.0,617.0,615.0,614.0,612.0,611.0,608.0,605.0,603.0,600.0,599.0,598.0,585.0,567.0,511.0,396.0,133.0,564.8947368421053,15.0,15.0,16.0,18.0,20.0,21.0,23.0,24.0,27.0,30.0,32.0,35.0,36.0,37.0,50.0,68.0,124.0,239.0,502.0,70.10526315789474,1.0,1.0,2.0,4.0,6.0,7.0,9.0,10.0,13.0,16.0,18.0,21.0,22.0,23.0,36.0,54.0,110.0,225.0,488.0,56.10526315789474,0.9228346456692913,0.9048241613137203,0.9275590551181102,0.952755905511811,0.9742351046698873,1.0,0.0,0.0,0.832155303298899,0.9633757961783439,0.07272727272727272,0.9268076830634335,547.4186175948008,605,30,16,3,3,0,0,9.0,220,0.8264331210191083,0.8173228346456692,0.8357487922705314,519,116,102,621,635,6,3
tagging_003_tagging_aria01_rgb,0.5819287143522092,0.9090269291938927,0.5289888722173387,0.5819287143522092,0.5819287143522092,0.5819287143522092,0.5819287143522092,0.5819287143522092,0.5819287143522092,0.5797904085761785,0.5797904085761785,0.5776691470014668,0.5764783437582727,0.5739909515403985,0.5678934729703952,0.5659900479719538,0.559373132631728,0.5427407405726576,0.5262725899945592,0.48562321479688797,0.3778249228137116,0.17224311734572303,0.535644883403335,0.96,0.96,0.96,0.96,0.96,0.96,0.9575530586766542,0.9575530586766542,0.9551122194513716,0.9526774595267746,0.9454094292803971,0.9334155363748459,0.9262899262899262,0.905224787363305,0.8711217183770883,0.8317757009345794,0.7364341085271318,0.5193798449612403,0.18968133535660092,0.8653488517787666,0.35275107144543233,0.35275107144543233,0.35275107144543233,0.35275107144543233,0.35275107144543233,0.35275107144543233,0.3510582675611767,0.3510582675611767,0.34938474935341585,0.348835041176852,0.3484898735366183,0.3455084944213576,0.3458363578306125,0.34565812368177395,0.33814736249044525,0.332977795177699,0.32023218916533375,0.2748502347253006,0.1564080694455111,0.33289217130525617,0.9624060150375939,0.9624060150375939,0.9624060150375939,0.9624060150375939,0.9624060150375939,0.9624060150375939,0.9611528822055138,0.9611528822055138,0.9598997493734336,0.9586466165413534,0.9548872180451128,0.9486215538847118,0.9448621553884712,0.9335839598997494,0.9147869674185464,0.8922305764411027,0.8333333333333334,0.6716791979949874,0.3132832080200501,0.8959240205777601,0.9974025974025974,0.9974025974025974,0.9974025974025974,0.9974025974025974,0.9974025974025974,0.9974025974025974,0.9961038961038962,0.9961038961038962,0.9948051948051948,0.9935064935064936,0.9896103896103896,0.9831168831168832,0.9792207792207792,0.9675324675324676,0.948051948051948,0.9246753246753247,0.8636363636363636,0.6961038961038961,0.3246753246753247,0.9285030758714969,0.35300562111894096,0.35300562111894096,0.35300562111894096,0.35300562111894096,0.35300562111894096,0.35300562111894096,0.35182489743114925,0.35182489743114925,0.35065009424511806,0.350242810417697,0.350147018298721,0.34822221889570243,0.3486177567753851,0.348835243772095,0.3438178816427822,0.34058187820238706,0.33208169849912134,0.2985444720065648,0.19312931345870055,0.33823967935738,0.9949288881770381,0.9949288881770381,0.9949288881770381,0.9949288881770381,0.9949288881770381,0.9949288881770381,0.9936256200793214,0.9936256200793214,0.9923332167669223,0.9910334344794717,0.9897176384398064,0.98344570017286,0.9796776540856601,0.9694798738166737,0.9515042654015254,0.9312564125000594,0.8792588922622134,0.7434284901965131,0.451605618525834,0.9378718824141271,0.9090269291938927,0.9090269291938927,0.9090269291938927,0.9090269291938927,0.9090269291938927,0.9090269291938927,0.9097757431434008,0.9097757431434008,0.9103821573854161,0.9109432513442224,0.91248576413596,0.914683426728825,0.9158449909329217,0.9187549791328125,0.9226658637380659,0.9261527595618079,0.9330070516493494,0.945886988167274,0.9648775842373081,0.9183893620244273,0.5826574919882521,0.5826574919882521,0.5826574919882521,0.5826574919882521,0.5826574919882521,0.5826574919882521,0.5808792178142539,0.5808792178142539,0.5791151296065781,0.5782815334724539,0.5768609241908094,0.5725004845922452,0.5716359737381221,0.56806767191801,0.5561769505051556,0.5450623543535966,0.5165850923495355,0.4296640376259386,0.22135948535383007,0.5459480539612787,768.0,768.0,768.0,768.0,768.0,768.0,767.0,767.0,766.0,765.0,762.0,757.0,754.0,745.0,730.0,712.0,665.0,536.0,250.0,714.9473684210526,30.0,30.0,30.0,30.0,30.0,30.0,31.0,31.0,32.0,33.0,36.0,41.0,44.0,53.0,68.0,86.0,133.0,262.0,548.0,83.05263157894737,2.0,2.0,2.0,2.0,2.0,2.0,3.0,3.0,4.0,5.0,8.0,13.0,16.0,25.0,40.0,58.0,105.0,234.0,520.0,55.05263157894737,0.9360902255639098,0.911356936555039,0.949874686716792,0.9573934837092731,0.9922077922077922,1.0,0.0,0.0,0.8512239342456764,0.9744897959183674,0.01929260450160772,0.948569683351932,696.2766995280498,764,34,6,11,3,0,0,13.0,311,0.475765306122449,0.4674185463659148,0.4844155844155844,373,425,397,770,798,13,3
tagging_003_tagging_aria02_rgb,0.5766740675894256,0.93624050391478,0.5399056196345098,0.5766740675894256,0.5766740675894256,0.5766740675894256,0.5766740675894256,0.5766740675894256,0.5766740675894256,0.5766740675894256,0.5766740675894256,0.5766740675894256,0.5766740675894256,0.5761955653517329,0.5751733623974543,0.5745502051490791,0.5733418181762295,0.5633276381730146,0.5566783625293346,0.5429993671293069,0.48424371530145977,0.267058010494709,0.5515951958208725,0.9821693907875185,0.9821693907875185,0.9821693907875185,0.9821693907875185,0.9821693907875185,0.9821693907875185,0.9821693907875185,0.9821693907875185,0.9821693907875185,0.9821693907875185,0.9792284866468842,0.9762962962962963,0.9733727810650887,0.967551622418879,0.9446064139941691,0.924963924963925,0.8975817923186344,0.76221928665786,0.3286852589641434,0.9250631458526876,0.33859025067304055,0.33859025067304055,0.33859025067304055,0.33859025067304055,0.33859025067304055,0.33859025067304055,0.33859025067304055,0.33859025067304055,0.33859025067304055,0.33859025067304055,0.33904378197560014,0.3388565521211312,0.3391382465776745,0.3397450149975694,0.33594735672792686,0.3350301465221225,0.32849186026955296,0.3076437186956389,0.21698563907051416,0.32983078019411244,0.9850968703427719,0.9850968703427719,0.9850968703427719,0.9850968703427719,0.9850968703427719,0.9850968703427719,0.9850968703427719,0.9850968703427719,0.9850968703427719,0.9850968703427719,0.9836065573770492,0.9821162444113264,0.9806259314456036,0.977645305514158,0.9657228017883756,0.9552906110283159,0.940387481371088,0.8599105812220567,0.4918032786885246,0.9467409208565378,0.9969834087481146,0.9969834087481146,0.9969834087481146,0.9969834087481146,0.9969834087481146,0.9969834087481146,0.9969834087481146,0.9969834087481146,0.9969834087481146,0.9969834087481146,0.995475113122172,0.9939668174962293,0.9924585218702866,0.9894419306184012,0.9773755656108597,0.9668174962292609,0.951734539969834,0.8702865761689291,0.497737556561086,0.9581646423751686,0.3386333002035438,0.3386333002035438,0.3386333002035438,0.3386333002035438,0.3386333002035438,0.3386333002035438,0.3386333002035438,0.3386333002035438,0.3386333002035438,0.3386333002035438,0.3390873490842143,0.3389645681268307,0.3392543685919642,0.3398757095161637,0.33729237734027007,0.33700685994300494,0.3324227307384857,0.3180967696619402,0.24730310720279372,0.33240193906532134,0.9970812702011764,0.9970812702011764,0.9970812702011764,0.9970812702011764,0.9970812702011764,0.9970812702011764,0.9970812702011764,0.9970812702011764,0.9970812702011764,0.9970812702011764,0.9958647266711783,0.9943884212488281,0.992929216031052,0.9901063442237346,0.9784168778762935,0.9689433632103898,0.9547063789133917,0.881444174970941,0.571860119730673,0.9631301223625393,0.93624050391478,0.93624050391478,0.93624050391478,0.93624050391478,0.93624050391478,0.93624050391478,0.93624050391478,0.93624050391478,0.93624050391478,0.93624050391478,0.9368369888714457,0.9373954231604916,0.9378727611310345,0.9386476478680292,0.9411210371860121,0.9429436641882566,0.9448679140345275,0.9511087259793907,0.9657774004100088,0.9399461369461578,0.5775328529759903,0.5775328529759903,0.5775328529759903,0.5775328529759903,0.5775328529759903,0.5775328529759903,0.5775328529759903,0.5775328529759903,0.5775328529759903,0.5775328529759903,0.5774821964261019,0.5768851916658775,0.576686881192091,0.5763246645634827,0.5695893455751191,0.5657306367733894,0.5557963953911434,0.5143404407130376,0.32667146909885425,0.5586755658504737,661.0,661.0,661.0,661.0,661.0,661.0,661.0,661.0,661.0,661.0,660.0,659.0,658.0,656.0,648.0,641.0,631.0,577.0,330.0,635.2631578947369,10.0,10.0,10.0,10.0,10.0,10.0,10.0,10.0,10.0,10.0,11.0,12.0,13.0,15.0,23.0,30.0,40.0,94.0,341.0,35.73684210526316,2.0,2.0,2.0,2.0,2.0,2.0,2.0,2.0,2.0,2.0,3.0,4.0,5.0,7.0,15.0,22.0,32.0,86.0,333.0,27.736842105263158,0.9612518628912071,0.93624050391478,0.9821162444113264,0.9850968703427719,0.9969834087481146,1.0,0.0,0.0,0.8984425828430247,0.9910044977511244,0.006430868167202572,0.9804081549393767,618.8549730876696,661,10,2,14,3,0,0,16.0,311,0.4662668665667166,0.46348733233979134,0.46907993966817496,311,360,352,663,671,17,3
tagging_003_tagging_aria03_rgb,0.6715135183912645,0.8898456109552758,0.5975433570376016,0.6715135183912645,0.6705656998142703,0.6705656998142703,0.6705656998142703,0.6705656998142703,0.6705656998142703,0.6696486102006359,0.6666855591346609,0.6640249049402608,0.6614347901254568,0.6579449621912047,0.6552183517589457,0.6525206848409667,0.6465076440326285,0.6353575492549371,0.5952500678055407,0.5095772770478944,0.3640561734702661,0.12074000727007184,0.606489926291373,0.9808184143222506,0.9782886334610472,0.9782886334610472,0.9782886334610472,0.9782886334610472,0.9782886334610472,0.9757653061224489,0.9657360406091371,0.9582806573957017,0.9508816120906801,0.9411027568922306,0.9338327091136079,0.9266169154228856,0.9099876695437731,0.8775757575757576,0.7886836027713626,0.6478723404255319,0.43293246993524515,0.12246376811594203,0.8581049046127258,0.4597491225670042,0.4596377207987935,0.4596377207987935,0.4596377207987935,0.4596377207987935,0.4596377207987935,0.45956671991714554,0.4602392538631432,0.46012519503338994,0.4600951117630674,0.4599833228650907,0.4597301896709216,0.4595029909971015,0.45931626084798743,0.45999358107883,0.44925828555005215,0.4008027277611392,0.30613757721068224,0.1190405095307471,0.43009102382369835,0.9884020618556701,0.9871134020618557,0.9871134020618557,0.9871134020618557,0.9871134020618557,0.9871134020618557,0.9858247422680413,0.9806701030927835,0.9768041237113402,0.9729381443298969,0.9677835051546392,0.9639175257731959,0.9600515463917526,0.9510309278350515,0.9329896907216495,0.8801546391752577,0.7847938144329897,0.6030927835051546,0.21778350515463918,0.9000949538795444,0.9922380336351876,0.9909443725743855,0.9909443725743855,0.9909443725743855,0.9909443725743855,0.9909443725743855,0.9896507115135834,0.9844760672703752,0.9805950840879689,0.9767141009055628,0.9715394566623544,0.9676584734799483,0.963777490297542,0.9547218628719275,0.9366106080206986,0.8835705045278137,0.7878395860284605,0.6054333764553687,0.2186287192755498,0.9035882072581195,0.49780689830710106,0.49779525397408275,0.49779525397408275,0.49779525397408275,0.49779525397408275,0.49779525397408275,0.49784219756349757,0.49884694249975314,0.4990287319890413,0.4992713609303335,0.4988256177594932,0.49900670876866143,0.49836166400486237,0.4988924108887217,0.4988792191502705,0.48898623994786805,0.455535216402841,0.38592428339591994,0.18796017489733716,0.4733759966513745,0.8438264851605474,0.8426929411305728,0.8426929411305728,0.8426929411305728,0.8426929411305728,0.8426929411305728,0.8412052597062085,0.8376390198048881,0.8338643379912851,0.8303035649104865,0.8281082858409863,0.8243720500484278,0.8234778486557593,0.8153813321883258,0.8083812438343894,0.7808050949091587,0.7225852283415358,0.5847144578873119,0.2462362991271197,0.7807560638978576,0.8898456109552758,0.8909309475071745,0.8909309475071745,0.8909309475071745,0.8909309475071745,0.8909309475071745,0.8916482449728531,0.8943818974535865,0.8962229963769436,0.8978774283640268,0.8998285017953835,0.9011173177066042,0.9022458984395968,0.9044269487527068,0.9078814555514176,0.9154889410129361,0.9259860968244656,0.9406337312692133,0.9627078531928905,0.9044709294844092,0.6741045769623302,0.6735833684805871,0.6735833684805871,0.6735833684805871,0.6735833684805871,0.6735833684805871,0.6730915563408065,0.6718205687036639,0.6704119539000628,0.6690620929734514,0.6672063193009008,0.6656891068290338,0.6641886457012065,0.660926599346696,0.6551101197086499,0.6288217268946749,0.560845345487338,0.42968519124530524,0.16101260640397178,0.6220996448526857,767.0,766.0,766.0,766.0,766.0,766.0,765.0,761.0,758.0,755.0,751.0,748.0,745.0,738.0,724.0,683.0,609.0,468.0,169.0,698.4736842105264,9.0,10.0,10.0,10.0,10.0,10.0,11.0,15.0,18.0,21.0,25.0,28.0,31.0,38.0,52.0,93.0,167.0,308.0,607.0,77.52631578947368,6.0,7.0,7.0,7.0,7.0,7.0,8.0,12.0,15.0,18.0,22.0,25.0,28.0,35.0,49.0,90.0,164.0,305.0,604.0,74.52631578947368,0.9394329896907216,0.8978774283640268,0.9497422680412371,0.9729381443298969,0.9767141009055628,1.0,0.0,0.0,0.8400740443490209,0.9748224661071659,0.05787781350482315,0.9485784922848042,677.8974584148402,755,21,18,8,3,0,0,10.0,311,0.5693996126533247,0.5682989690721649,0.5705045278137129,441,335,332,773,776,10,3
tagging_003_tagging_aria04_rgb,0.6061796537966222,0.9098508078440665,0.5515330477054933,0.6061796537966222,0.6061796537966222,0.6061796537966222,0.6051584749385703,0.6051584749385703,0.6051584749385703,0.6041641347870214,0.6031961648433442,0.6031961648433442,0.600497997028588,0.5995590232239403,0.5968979109063095,0.5865869203359173,0.5696796348676574,0.5477367566616563,0.5367561649437719,0.5037807775970944,0.39863456350136045,0.17330658694028997,0.5556845887729407,0.951417004048583,0.951417004048583,0.951417004048583,0.9474747474747475,0.9474747474747475,0.9474747474747475,0.9435483870967742,0.9396378269617707,0.9396378269617707,0.9357429718875502,0.9318637274549099,0.928,0.9126984126984127,0.8791423001949318,0.8361904761904762,0.8086303939962477,0.7495462794918331,0.5598705501618123,0.21717171717171718,0.8567555855177998,0.3862173695796477,0.3862173695796477,0.3862173695796477,0.38651877611095575,0.38651877611095575,0.38651877611095575,0.3868527642615881,0.38721899314992336,0.38721899314992336,0.38535992817339554,0.3857549250371901,0.3839300819443066,0.3769966182935317,0.36914943839124625,0.3587885334033509,0.3562903184745768,0.33859826780595526,0.28383260232564933,0.1383014946331319,0.3608684945323989,0.9710743801652892,0.9710743801652892,0.9710743801652892,0.96900826446281,0.96900826446281,0.96900826446281,0.9669421487603306,0.9648760330578512,0.9648760330578512,0.9628099173553719,0.9607438016528925,0.9586776859504132,0.9504132231404959,0.9318181818181818,0.9070247933884298,0.890495867768595,0.8533057851239669,0.7148760330578512,0.35537190082644626,0.9053936494127882,0.9791666666666666,0.9791666666666666,0.9791666666666666,0.9770833333333333,0.9770833333333333,0.9770833333333333,0.975,0.9729166666666667,0.9729166666666667,0.9708333333333333,0.96875,0.9666666666666667,0.9583333333333334,0.9395833333333333,0.9145833333333333,0.8979166666666667,0.8604166666666667,0.7208333333333333,0.35833333333333334,0.9129385964912281,0.3872300513508864,0.3872300513508864,0.3872300513508864,0.38753920705772255,0.38753920705772255,0.38753920705772255,0.3878762274475974,0.38824129152275755,0.38824129152275755,0.38691838231758735,0.38730967143203504,0.3859993840453198,0.38090635161782216,0.37525211741382536,0.3674018470413252,0.3659223548948115,0.35176974046457826,0.309757227911263,0.17051325937636677,0.366864048538625,0.9829975370762963,0.9829975370762963,0.9829975370762963,0.9820136417514175,0.9820136417514175,0.9820136417514175,0.9811838196817189,0.9805090606311523,0.9805090606311523,0.978341367186997,0.9778168922299321,0.9756743367889998,0.9674172993275146,0.9493225044260383,0.9301336584863695,0.9161715109823959,0.8828045486746189,0.7641881411553035,0.4505739858618503,0.9278778801340625,0.9098508078440665,0.9098508078440665,0.9098508078440665,0.9114423794478859,0.9114423794478859,0.9114423794478859,0.9127436461473433,0.9138813467747057,0.9138813467747057,0.9147794835146371,0.9156315392274404,0.91640791857881,0.9188883481718361,0.9236225252239393,0.9290686010957221,0.9319210303267327,0.9364484820710893,0.9478700837242452,0.9668600860030195,0.9213623157636885,0.6124098241975098,0.6124098241975098,0.6124098241975098,0.6119966408580741,0.6119966408580741,0.6119966408580741,0.6116079161758566,0.6112432625683111,0.6112432625683111,0.6091209736962757,0.608778821236873,0.6066837747336914,0.5985838045799625,0.5864982169631328,0.5704648064344654,0.563271742880439,0.5375201026489854,0.45044991375628746,0.22169453090889418,0.5715989749641177,470.0,470.0,470.0,469.0,469.0,469.0,468.0,467.0,467.0,466.0,465.0,464.0,460.0,451.0,439.0,431.0,413.0,346.0,172.0,438.2105263157895,14.0,14.0,14.0,15.0,15.0,15.0,16.0,17.0,17.0,18.0,19.0,20.0,24.0,33.0,45.0,53.0,71.0,138.0,312.0,45.78947368421053,10.0,10.0,10.0,11.0,11.0,11.0,12.0,13.0,13.0,14.0,15.0,16.0,20.0,29.0,41.0,49.0,67.0,134.0,308.0,41.78947368421053,0.9152892561983471,0.9147794835146371,0.9338842975206612,0.9628099173553719,0.9708333333333333,1.0,0.0,0.0,0.8332380977640927,0.966804979253112,0.04501607717041801,0.9319127220879353,426.2872393178209,466,18,14,9,3,0,0,13.0,311,0.5311203319502075,0.5289256198347108,0.5333333333333333,256,228,224,480,484,12,3
tagging_004_tagging_aria01_rgb,0.834520853088126,0.9077043231802285,0.7574981861321443,0.834520853088126,0.834520853088126,0.834520853088126,0.834520853088126,0.834520853088126,0.834520853088126,0.834520853088126,0.834520853088126,0.8317192846193984,0.8317192846193984,0.8317192846193984,0.8236362960106193,0.8176872690256974,0.8044754760596865,0.7877560416613436,0.7514013143627776,0.6984122949090206,0.4707221575882327,0.18728461812086436,0.7638263234895497,0.975609756097561,0.975609756097561,0.975609756097561,0.975609756097561,0.975609756097561,0.975609756097561,0.975609756097561,0.975609756097561,0.9696048632218845,0.9696048632218845,0.9696048632218845,0.9577039274924471,0.9459459459459459,0.9285714285714286,0.9002932551319648,0.8461538461538461,0.7753424657534247,0.482837528604119,0.16756756756756758,0.8799004528245729,0.7138356805949069,0.7138356805949069,0.7138356805949069,0.7138356805949069,0.7138356805949069,0.7138356805949069,0.7138356805949069,0.7138356805949069,0.7134421398312459,0.7134421398312459,0.7134421398312459,0.7083366044893269,0.7068188967796578,0.6969639293954176,0.6892860494472849,0.6672591961763114,0.6291152042163636,0.45891078575666194,0.2093217004569493,0.6640539068932089,0.9907120743034056,0.9907120743034056,0.9907120743034056,0.9907120743034056,0.9907120743034056,0.9907120743034056,0.9907120743034056,0.9907120743034056,0.9876160990712074,0.9876160990712074,0.9876160990712074,0.9814241486068112,0.9752321981424149,0.9659442724458205,0.9504643962848297,0.9195046439628483,0.8761609907120743,0.653250773993808,0.28792569659442724,0.9209711585465211,0.9846153846153847,0.9846153846153847,0.9846153846153847,0.9846153846153847,0.9846153846153847,0.9846153846153847,0.9846153846153847,0.9846153846153847,0.9815384615384616,0.9815384615384616,0.9815384615384616,0.9753846153846154,0.9692307692307692,0.96,0.9446153846153846,0.9138461538461539,0.8707692307692307,0.6492307692307693,0.28615384615384615,0.9153036437246963,0.718062725541299,0.718062725541299,0.718062725541299,0.718062725541299,0.718062725541299,0.718062725541299,0.718062725541299,0.718062725541299,0.7180707051154746,0.7180707051154746,0.7180707051154746,0.7149866303734641,0.7144849225442649,0.709003032367744,0.7049343330445811,0.6926319412799361,0.6700615601205414,0.5473375496436443,0.31882489716187956,0.6826830940112038,0.9852200610017123,0.9852200610017123,0.9852200610017123,0.9852200610017123,0.9852200610017123,0.9852200610017123,0.9852200610017123,0.9852200610017123,0.9821135706719669,0.9821135706719669,0.9821135706719669,0.9762101344037896,0.9708949215150292,0.961738071291601,0.947758184058185,0.9188575377847851,0.8781112014761009,0.687964059552534,0.3600092291109846,0.9226128704854006,0.9077043231802285,0.9077043231802285,0.9077043231802285,0.9077043231802285,0.9077043231802285,0.9077043231802285,0.9077043231802285,0.9077043231802285,0.9092132998676216,0.9092132998676216,0.9092132998676216,0.9112592620354678,0.9131023625947073,0.9153465788138792,0.918591012052167,0.9235350686622985,0.9283476917721235,0.9447281202132373,0.9652069892570867,0.916283766865561,0.8409551877680305,0.8409551877680305,0.8409551877680305,0.8409551877680305,0.8409551877680305,0.8409551877680305,0.8409551877680305,0.8409551877680305,0.839408686548543,0.839408686548543,0.839408686548543,0.8337737396848004,0.8302484847291336,0.8205049150985245,0.8094083325834179,0.7832930036780843,0.7424326236085252,0.5475251829730264,0.24549765053131806,0.782029026035616,320.0,320.0,320.0,320.0,320.0,320.0,320.0,320.0,319.0,319.0,319.0,317.0,315.0,312.0,307.0,297.0,283.0,211.0,93.0,297.4736842105263,3.0,3.0,3.0,3.0,3.0,3.0,3.0,3.0,4.0,4.0,4.0,6.0,8.0,11.0,16.0,26.0,40.0,112.0,230.0,25.526315789473685,5.0,5.0,5.0,5.0,5.0,5.0,5.0,5.0,6.0,6.0,6.0,8.0,10.0,13.0,18.0,28.0,42.0,114.0,232.0,27.526315789473685,0.9566563467492261,0.9092132998676216,0.9690402476780186,0.9876160990712074,0.9815384615384616,1.0,0.0,0.0,0.866993940116939,0.9845679012345679,0.049586776859504134,0.9671762848565698,290.0390426577713,319,4,6,4,3,0,0,8.0,121,0.7870370370370371,0.7894736842105263,0.7846153846153846,255,68,70,325,323,7,3
tagging_004_tagging_aria02_rgb,0.7450137116238252,0.9331045913867394,0.6951757149622676,0.7450137116238252,0.7450137116238252,0.7450137116238252,0.7450137116238252,0.7450137116238252,0.7450137116238252,0.7450137116238252,0.7450137116238252,0.7450137116238252,0.7427856474349104,0.7427856474349104,0.7427856474349104,0.7276225894489888,0.7192668241955134,0.7111109974789452,0.6974500433341303,0.6892064473217853,0.5805814729554755,0.33087161274082555,0.7047152807576222,0.9916317991631799,0.9916317991631799,0.9916317991631799,0.9916317991631799,0.9916317991631799,0.9916317991631799,0.9916317991631799,0.9916317991631799,0.9916317991631799,0.9833333333333333,0.9833333333333333,0.9833333333333333,0.9669421487603306,0.9588477366255144,0.9508196721311475,0.9193548387096774,0.8888888888888888,0.7060931899641577,0.34844192634560905,0.9270565575733654,0.5597293581911159,0.5597293581911159,0.5597293581911159,0.5597293581911159,0.5597293581911159,0.5597293581911159,0.5597293581911159,0.5597293581911159,0.5597293581911159,0.5610818827477616,0.5610818827477616,0.5610818827477616,0.5475349619987236,0.539548402344879,0.5318346533597506,0.5291064368894803,0.5343812179086564,0.4773801128945315,0.3141872887280759,0.5365675234782855,1.0,1.0,1.0,1.0,1.0,1.0,1.0,1.0,1.0,0.9957805907172996,0.9957805907172996,0.9957805907172996,0.9873417721518988,0.9831223628691983,0.9789029535864979,0.9620253164556962,0.9451476793248945,0.8312236286919831,0.5189873417721519,0.9575838330002221,0.9916317991631799,0.9916317991631799,0.9916317991631799,0.9916317991631799,0.9916317991631799,0.9916317991631799,0.9916317991631799,0.9916317991631799,0.9916317991631799,0.9874476987447699,0.9874476987447699,0.9874476987447699,0.9790794979079498,0.9748953974895398,0.9707112970711297,0.9539748953974896,0.9372384937238494,0.8242677824267782,0.5146443514644351,0.9495705791675842,0.5617444038837859,0.5617444038837859,0.5617444038837859,0.5617444038837859,0.5617444038837859,0.5617444038837859,0.5617444038837859,0.5617444038837859,0.5617444038837859,0.5631546951601977,0.5631546951601977,0.5631546951601977,0.554618412443575,0.5496043645730965,0.5446509558827957,0.5435767208466837,0.5495063006868541,0.5141347974629248,0.3934452466886238,0.5470895010010115,0.9930537615890238,0.9930537615890238,0.9930537615890238,0.9930537615890238,0.9930537615890238,0.9930537615890238,0.9930537615890238,0.9930537615890238,0.9930537615890238,0.989210769053384,0.989210769053384,0.989210769053384,0.9808917291304767,0.9766942511027574,0.972578679558739,0.9561237611089154,0.9509397466389214,0.8519015613239894,0.6044306147593127,0.9578250792149725,0.9331045913867394,0.9331045913867394,0.9331045913867394,0.9331045913867394,0.9331045913867394,0.9331045913867394,0.9331045913867394,0.9331045913867394,0.9331045913867394,0.9350328378278456,0.9350328378278456,0.9350328378278456,0.9377242168358516,0.9388818480381583,0.9398560799435849,0.94280785798406,0.9448946815147138,0.9532324270365007,0.9664246891629535,0.9382558756042113,0.7481506253363128,0.7481506253363128,0.7481506253363128,0.7481506253363128,0.7481506253363128,0.7481506253363128,0.7481506253363128,0.7481506253363128,0.7481506253363128,0.7474720387033489,0.7474720387033489,0.7474720387033489,0.7352578729227878,0.7283145612958719,0.7215362173817134,0.7134520217837694,0.7106821849330244,0.6299282734610195,0.4038059259044915,0.716776252727344,237.0,237.0,237.0,237.0,237.0,237.0,237.0,237.0,237.0,236.0,236.0,236.0,234.0,233.0,232.0,228.0,224.0,197.0,123.0,226.94736842105263,0.0,0.0,0.0,0.0,0.0,0.0,0.0,0.0,0.0,1.0,1.0,1.0,3.0,4.0,5.0,9.0,13.0,40.0,114.0,10.052631578947368,2.0,2.0,2.0,2.0,2.0,2.0,2.0,2.0,2.0,3.0,3.0,3.0,5.0,6.0,7.0,11.0,15.0,42.0,116.0,12.052631578947368,0.9620253164556962,0.9350328378278456,0.9831223628691983,0.9957805907172996,0.9874476987447699,1.0,0.0,0.0,0.8973322773306817,0.9915966386554622,0.024793388429752067,0.9801731223445738,220.66774972737156,236,1,3,5,3,0,0,5.0,121,0.6470588235294118,0.6497890295358649,0.6443514644351465,154,83,85,239,237,8,3
tagging_004_tagging_aria03_rgb,0.6923237887682865,0.8720009236655882,0.6037069832816054,0.6923237887682865,0.6923237887682865,0.6923237887682865,0.6923237887682865,0.6923237887682865,0.6923237887682865,0.6923237887682865,0.6923237887682865,0.6923237887682865,0.6923237887682865,0.6923237887682865,0.6899107411166847,0.686222715815914,0.6697166264593514,0.6128390093753624,0.5291232428381671,0.3843602843015306,0.18925427126326694,0.043405222903249836,0.6010733573960357,0.9769230769230769,0.9769230769230769,0.9769230769230769,0.9769230769230769,0.9769230769230769,0.9769230769230769,0.9769230769230769,0.9769230769230769,0.9769230769230769,0.9769230769230769,0.9769230769230769,0.9693486590038314,0.9618320610687023,0.9323308270676691,0.8357142857142857,0.7190635451505016,0.5162241887905604,0.2628992628992629,0.05112474437627812,0.8418258642223652,0.49063456460064375,0.49063456460064375,0.49063456460064375,0.49063456460064375,0.49063456460064375,0.49063456460064375,0.49063456460064375,0.49063456460064375,0.49063456460064375,0.49063456460064375,0.49063456460064375,0.4910274814815542,0.4895881877534261,0.48107425683516575,0.44940197604875703,0.3893555833830782,0.2861795928130961,0.13623917692426002,0.03685130162049253,0.42929988249825846,0.9769230769230769,0.9769230769230769,0.9769230769230769,0.9769230769230769,0.9769230769230769,0.9769230769230769,0.9769230769230769,0.9769230769230769,0.9769230769230769,0.9769230769230769,0.9769230769230769,0.9730769230769231,0.9692307692307692,0.9538461538461539,0.9,0.8269230769230769,0.6730769230769231,0.4115384615384615,0.09615384615384616,0.8710526315789474,1.0,1.0,1.0,1.0,1.0,1.0,1.0,1.0,1.0,1.0,1.0,0.9960629921259843,0.9921259842519685,0.9763779527559056,0.9212598425196851,0.8464566929133859,0.6889763779527559,0.421259842519685,0.0984251968503937,0.8916286779941981,0.4917512297699957,0.4917512297699957,0.4917512297699957,0.4917512297699957,0.4917512297699957,0.4917512297699957,0.4917512297699957,0.4917512297699957,0.4917512297699957,0.4917512297699957,0.4917512297699957,0.4922687257680271,0.49133957351179064,0.48606054453984504,0.4650521656070443,0.42283410357498313,0.3372507128548857,0.17520992452900352,0.04511792026262896,0.4381261683220084,0.9663167104111986,0.9663167104111986,0.9663167104111986,0.9663167104111986,0.9663167104111986,0.9663167104111986,0.9663167104111986,0.9663167104111986,0.9663167104111986,0.9663167104111986,0.9663167104111986,0.9624505928853755,0.9584350834350833,0.9426672250961481,0.8896664012310883,0.8131029690727544,0.6695029397513325,0.4372459635754588,0.26680265951335497,0.872071455214936,0.8720009236655882,0.8720009236655882,0.8720009236655882,0.8720009236655882,0.8720009236655882,0.8720009236655882,0.8720009236655882,0.8720009236655882,0.8720009236655882,0.8720009236655882,0.8720009236655882,0.8731707714822012,0.8740749718720738,0.8772393266170623,0.8863261568994626,0.8957374003040978,0.9111320271306124,0.932521694906819,0.964685869773029,0.8845735989108858,0.6923237887682865,0.6923237887682865,0.6923237887682865,0.6923237887682865,0.6923237887682865,0.6923237887682865,0.6923237887682865,0.6923237887682865,0.6923237887682865,0.6923237887682865,0.6923237887682865,0.6912362192668159,0.6888569777700967,0.6774000513703994,0.635973095691855,0.5674214633130427,0.438885953042525,0.23678610869870773,0.059526417552090434,0.6111393664819308,254.0,254.0,254.0,254.0,254.0,254.0,254.0,254.0,254.0,254.0,254.0,253.0,252.0,248.0,234.0,215.0,175.0,107.0,25.0,226.47368421052633,6.0,6.0,6.0,6.0,6.0,6.0,6.0,6.0,6.0,6.0,6.0,7.0,8.0,12.0,26.0,45.0,85.0,153.0,235.0,33.526315789473685,0.0,0.0,0.0,0.0,0.0,0.0,0.0,0.0,0.0,0.0,0.0,1.0,2.0,6.0,20.0,39.0,79.0,147.0,229.0,27.526315789473685,0.9538461538461539,0.8720009236655882,0.9769230769230769,0.9769230769230769,1.0,1.0,0.0,0.0,0.8288009023502285,0.9883268482490273,0.0,0.9739301874985244,221.48823461105943,254,6,0,6,3,0,0,8.0,121,0.6303501945525292,0.6230769230769231,0.6377952755905512,162,98,92,254,260,8,3
tagging_004_tagging_aria04_rgb,0.7739895254364056,0.8789088524304067,0.6802662455944664,0.7739895254364056,0.7739895254364056,0.7709292707001258,0.7638257475043727,0.7599578448839539,0.7599578448839539,0.7599578448839539,0.7563450542006916,0.7563450542006916,0.7563450542006916,0.754675822496652,0.7523951442339903,0.7392049314068717,0.7306675657374841,0.7114198281669903,0.6918190340810498,0.6351035214339165,0.4345600867007711,0.1420678011534143,0.6959766579864413,0.9030837004405287,0.9030837004405287,0.8947368421052632,0.8782608695652174,0.8701298701298701,0.8701298701298701,0.8701298701298701,0.8620689655172413,0.8620689655172413,0.8620689655172413,0.8540772532188842,0.8461538461538461,0.8227848101265823,0.8151260504201681,0.7704918032786885,0.728,0.6179775280898876,0.3890675241157556,0.12207792207792208,0.7758693872091899,0.6633491283178382,0.6633491283178382,0.6642533451777841,0.6643012261714908,0.6637353179410613,0.6637353179410613,0.6637353179410613,0.6635870955760629,0.6635870955760629,0.6635870955760629,0.666843186508606,0.6690254445335939,0.6641152387489659,0.6549601639470942,0.6568767763076204,0.6574362306549956,0.6527041269356499,0.48537196565703894,0.1653309605948497,0.6268360085486705,0.9234234234234234,0.9234234234234234,0.918918918918919,0.9099099099099099,0.9054054054054054,0.9054054054054054,0.9054054054054054,0.9009009009009009,0.9009009009009009,0.9009009009009009,0.8963963963963963,0.8918918918918919,0.8783783783783784,0.8738738738738738,0.8468468468468469,0.8198198198198198,0.7432432432432432,0.545045045045045,0.21171171171171171,0.8316737790422001,0.9761904761904762,0.9761904761904762,0.9714285714285714,0.9619047619047619,0.9571428571428572,0.9571428571428572,0.9571428571428572,0.9523809523809523,0.9523809523809523,0.9523809523809523,0.9476190476190476,0.9428571428571428,0.9285714285714286,0.9238095238095239,0.8952380952380953,0.8666666666666667,0.7857142857142857,0.5761904761904761,0.22380952380952382,0.8791979949874688,0.664483424149663,0.664483424149663,0.6655219135869291,0.6662935726771058,0.6661641491963566,0.6661641491963566,0.6661641491963566,0.6662898417372102,0.6662898417372102,0.6662898417372102,0.6695091825216132,0.6717250408637969,0.6707898826319878,0.6652855193278416,0.6706555389366139,0.6751967499437135,0.6838489607149894,0.5846734061936324,0.25951084190165935,0.642596812126311,0.9722951844903064,0.9722951844903064,0.9689542483660132,0.9611703478040111,0.95699706595229,0.95699706595229,0.95699706595229,0.9534487179487181,0.9534487179487181,0.9534487179487181,0.9580466434737792,0.9553095053095054,0.949559500328731,0.9443431139307429,0.9233690216402982,0.9073741429510659,0.8748938098938097,0.7164441618987073,0.31351154755410077,0.9025738823070737,0.8789088524304067,0.8789088524304067,0.8826550501442256,0.8895664655736585,0.8927564593744195,0.8927564593744195,0.8927564593744195,0.8954407108942941,0.8954407108942941,0.8954407108942941,0.8973033256778774,0.8988414399835875,0.9031340659957856,0.9043484726613596,0.9099972683187499,0.9146599375410477,0.9240595341005481,0.9408351766236813,0.9670341742131073,0.902886532973715,0.7826570915772769,0.7826570915772769,0.7812777776431663,0.7774665708946873,0.7752093553500966,0.7752093553500966,0.7752093553500966,0.7731922220448725,0.7731922220448725,0.7731922220448725,0.7731467062258006,0.7724625359516675,0.7637699041391238,0.7565398705299773,0.7458378019268197,0.7341520633755653,0.6965040790848981,0.514343839163203,0.1870895525316077,0.7217426114108408,205.0,205.0,204.0,202.0,201.0,201.0,201.0,200.0,200.0,200.0,199.0,198.0,195.0,194.0,188.0,182.0,165.0,121.0,47.0,184.6315789473684,17.0,17.0,18.0,20.0,21.0,21.0,21.0,22.0,22.0,22.0,23.0,24.0,27.0,28.0,34.0,40.0,57.0,101.0,175.0,37.36842105263158,5.0,5.0,6.0,8.0,9.0,9.0,9.0,10.0,10.0,10.0,11.0,12.0,15.0,16.0,22.0,28.0,45.0,89.0,163.0,25.36842105263158,0.8288288288288288,0.8954407108942941,0.8558558558558559,0.9009009009009009,0.9523809523809523,0.6666666666666666,0.3333333333333333,0.0,0.7346312710759406,0.9259259259259259,0.08264462809917356,0.8523506700433169,179.08814217885882,200,22,10,6,2,1,0,9.0,121,0.75,0.7297297297297297,0.7714285714285715,162,60,48,210,222,8,3
tagging_005_tagging_aria01_rgb,0.42749098315650247,0.909425429819427,0.38877117110103165,0.42749098315650247,0.4265415982634697,0.4265415982634697,0.4265415982634697,0.4265415982634697,0.4265415982634697,0.4262379071828179,0.4252983146476592,0.4236078489432431,0.42246105025275726,0.4214685326967683,0.4195085731003823,0.41648635052871485,0.41111042261581426,0.3986329664240128,0.38055767443255323,0.35461255851534035,0.2829974937292957,0.11578892727545195,0.39257724183256115,0.9716981132075472,0.9698397737983034,0.9698397737983034,0.9698397737983034,0.9698397737983034,0.9698397737983034,0.967984934086629,0.9661335841956726,0.9624413145539906,0.9569288389513109,0.9532710280373832,0.9459962756052142,0.9351851851851852,0.9191919191919192,0.8828828828828829,0.8285214348206474,0.746031746031746,0.5585384041759881,0.19020501138952164,0.8754847127003768,0.18807131370963093,0.18759566266973143,0.18759566266973143,0.18759566266973143,0.18759566266973143,0.18759566266973143,0.1876875838889134,0.18721909620057847,0.186446287137495,0.18650638554926396,0.18634335758560447,0.18603397015715356,0.18548292137709482,0.18386995800826358,0.179987906664499,0.1747983063357482,0.16855859998676867,0.14338777935102962,0.07048749968077073,0.17646627784113006,0.9809523809523809,0.98,0.98,0.98,0.98,0.98,0.979047619047619,0.9780952380952381,0.9761904761904762,0.9733333333333334,0.9714285714285714,0.9676190476190476,0.9619047619047619,0.9533333333333334,0.9333333333333333,0.9019047619047619,0.8504761904761905,0.7133333333333334,0.3180952380952381,0.9136340852130328,0.9903846153846154,0.989423076923077,0.989423076923077,0.989423076923077,0.989423076923077,0.989423076923077,0.9884615384615385,0.9875,0.9855769230769231,0.9826923076923076,0.9807692307692307,0.9769230769230769,0.9711538461538461,0.9625,0.9423076923076923,0.9105769230769231,0.8586538461538461,0.7201923076923077,0.3211538461538462,0.9224190283400809,0.19221414255243138,0.1918264538344713,0.1918264538344713,0.1918264538344713,0.1918264538344713,0.1918264538344713,0.1919243921812623,0.19154073774326938,0.19089558256783867,0.19096379250641726,0.19085207378405908,0.19059273752002587,0.19007719075478974,0.18872119493061054,0.18510766603719406,0.1803364935179217,0.17475564515738087,0.15220964713412977,0.08064751179459263,0.18157742512390948,0.8923748066239218,0.8913069220140564,0.8913069220140564,0.8913069220140564,0.8913069220140564,0.8913069220140564,0.8902824691712252,0.8892275502409865,0.8872557856123318,0.885583424174872,0.8836848333707061,0.8808543598108104,0.8773321478715083,0.8697736560333034,0.8568538105309881,0.8390769425207716,0.8074832001579746,0.7047618808155882,0.37435677549022156,0.8418650659208154,0.909425429819427,0.9102418958272848,0.9102418958272848,0.9102418958272848,0.9102418958272848,0.9102418958272848,0.9107902821013868,0.9113128684553637,0.9122374475724452,0.9134992863794659,0.9142656187520481,0.9156236544484955,0.9173250091491305,0.9195254604538965,0.9236225053135483,0.9285354632467555,0.9348639407894961,0.9455910451915155,0.9654644601386645,0.9196469447867401,0.4295218306120244,0.4287700425826608,0.4287700425826608,0.4287700425826608,0.4287700425826608,0.4287700425826608,0.42866663286432843,0.42792301465833793,0.4266228894758197,0.42606675760333257,0.425463584404808,0.42427586901479003,0.42239425342283493,0.41867572173207984,0.40986426153894623,0.3970534282147663,0.3786226036421321,0.3198175770712649,0.14973889940056587,0.4015030282404913,1030.0,1029.0,1029.0,1029.0,1029.0,1029.0,1028.0,1027.0,1025.0,1022.0,1020.0,1016.0,1010.0,1001.0,980.0,947.0,893.0,749.0,334.0,959.3157894736842,20.0,21.0,21.0,21.0,21.0,21.0,22.0,23.0,25.0,28.0,30.0,34.0,40.0,49.0,70.0,103.0,157.0,301.0,716.0,90.6842105263158,10.0,11.0,11.0,11.0,11.0,11.0,12.0,13.0,15.0,18.0,20.0,24.0,30.0,39.0,60.0,93.0,147.0,291.0,706.0,80.6842105263158,0.939047619047619,0.9134992863794659,0.9561904761904761,0.9733333333333334,0.9826923076923076,1.0,0.0,0.0,0.8548535911236325,0.9779904306220095,0.04081632653061224,0.9549949785665682,933.5962706798141,1022,28,18,18,3,0,0,23.0,441,0.25263157894736843,0.25142857142857145,0.25384615384615383,264,786,776,1040,1050,19,3
tagging_005_tagging_aria02_rgb,0.6754006856104235,0.9203146778096363,0.6215811643699644,0.6754006856104235,0.6754006856104235,0.6754006856104235,0.6754006856104235,0.6754006856104235,0.6754006856104235,0.6754006856104235,0.6754006856104235,0.6731040519310022,0.6700567626038216,0.6689494752398164,0.6684647478686009,0.6651659034641456,0.6588275926963186,0.6510879937429149,0.6291780874810622,0.5935087654744029,0.5090980817705877,0.21290791695139333,0.6317660454793398,0.9904534606205251,0.9904534606205251,0.9904534606205251,0.9904534606205251,0.9904534606205251,0.9904534606205251,0.9904534606205251,0.9904534606205251,0.9857142857142858,0.9786476868327402,0.976303317535545,0.9739644970414201,0.9669811320754716,0.9508771929824561,0.93279258400927,0.8868778280542986,0.8012958963282938,0.622568093385214,0.2383073496659243,0.9072609236099538,0.4605628676760232,0.4605628676760232,0.4605628676760232,0.4605628676760232,0.4605628676760232,0.4605628676760232,0.4605628676760232,0.4605628676760232,0.4596352830552946,0.45877190653172034,0.45835489072517,0.45878994614321045,0.457553580369902,0.45647724028021225,0.4544585611670785,0.4463580588487669,0.43960371731472164,0.4163092513353778,0.19021562349683224,0.441106894772446,0.9940119760479041,0.9940119760479041,0.9940119760479041,0.9940119760479041,0.9940119760479041,0.9940119760479041,0.9940119760479041,0.9940119760479041,0.9916167664670659,0.9880239520958084,0.9868263473053892,0.98562874251497,0.9820359281437125,0.9736526946107784,0.9640718562874252,0.9389221556886228,0.888622754491018,0.7664670658682635,0.3844311377245509,0.9369681689253072,0.9963985594237695,0.9963985594237695,0.9963985594237695,0.9963985594237695,0.9963985594237695,0.9963985594237695,0.9963985594237695,0.9963985594237695,0.9939975990396158,0.9903961584633854,0.9891956782713085,0.9879951980792316,0.9843937575030012,0.9759903961584634,0.9663865546218487,0.9411764705882353,0.8907563025210085,0.7683073229291717,0.38535414165666265,0.9392177923801098,0.46087768059662493,0.46087768059662493,0.46087768059662493,0.46087768059662493,0.46087768059662493,0.46087768059662493,0.46087768059662493,0.46087768059662493,0.46025268424969823,0.45971166030910526,0.459424585039768,0.45986358108341113,0.4591352312760958,0.45876607679828063,0.4576059052838463,0.45229227344865475,0.4481845903872341,0.43537523267447764,0.24607384996277573,0.44651090080454464,0.99649901717007,0.99649901717007,0.99649901717007,0.99649901717007,0.99649901717007,0.99649901717007,0.99649901717007,0.99649901717007,0.9941370365971499,0.9906365365297388,0.9895204929936626,0.9884031534844315,0.984866129396253,0.9772036735565641,0.9684927428630132,0.9468383493063152,0.9123879193301799,0.8465818545182717,0.46958613843844654,0.9495076928618205,0.9203146778096363,0.9203146778096363,0.9203146778096363,0.9203146778096363,0.9203146778096363,0.9203146778096363,0.9203146778096363,0.9203146778096363,0.921477211841685,0.923118669215923,0.9235855512743926,0.9240127791226435,0.9251288239847163,0.9272616693577952,0.9293150345963797,0.9333393164629402,0.9392280167085131,0.9485812858829371,0.9664278055872559,0.9275786098164353,0.6766128924229372,0.6766128924229372,0.6766128924229372,0.6766128924229372,0.6766128924229372,0.6766128924229372,0.6766128924229372,0.6766128924229372,0.6751163256339353,0.6732589636997038,0.6725449297882486,0.6724556176400368,0.6703238433578471,0.6666710545893832,0.6619144269994859,0.6473758342904633,0.6250134927861147,0.5648781553262974,0.2704159916755517,0.6427827250089772,830.0,830.0,830.0,830.0,830.0,830.0,830.0,830.0,828.0,825.0,824.0,823.0,820.0,813.0,805.0,784.0,742.0,640.0,321.0,782.3684210526316,5.0,5.0,5.0,5.0,5.0,5.0,5.0,5.0,7.0,10.0,11.0,12.0,15.0,22.0,30.0,51.0,93.0,195.0,514.0,52.63157894736842,3.0,3.0,3.0,3.0,3.0,3.0,3.0,3.0,5.0,8.0,9.0,10.0,13.0,20.0,28.0,49.0,91.0,193.0,512.0,50.63157894736842,0.9676646706586827,0.923118669215923,0.9784431137724551,0.9880239520958084,0.9903961584633854,1.0,0.0,0.0,0.8917040743750138,0.9892086330935251,0.018140589569160998,0.977300308371929,761.5729021031365,825,10,8,9,3,0,0,11.0,441,0.5731414868105515,0.5724550898203593,0.5738295318127251,478,357,355,833,835,12,3
tagging_005_tagging_aria03_rgb,0.5197553755326153,0.8981533624017357,0.46682003816099527,0.5197553755326153,0.5197553755326153,0.5197553755326153,0.5197553755326153,0.5197553755326153,0.5197553755326153,0.5197553755326153,0.5182322907392362,0.5160788302734959,0.5142508154043599,0.513939114506211,0.5121008728536149,0.5109589169572775,0.5063752614148341,0.48804340162610427,0.46027397701197337,0.38145011306044496,0.27780863849099224,0.10211737873969058,0.470521959989818,0.9733656174334141,0.9733656174334141,0.9733656174334141,0.9733656174334141,0.9733656174334141,0.9733656174334141,0.9733656174334141,0.9685990338164251,0.9614921780986763,0.9567827130852341,0.9544364508393285,0.9497607655502392,0.9427890345649583,0.9289940828402367,0.8822170900692841,0.8212290502793296,0.6565040650406504,0.44760213143872113,0.14065780265920225,0.8644538800166413,0.2775376955551135,0.2775376955551135,0.2775376955551135,0.2775376955551135,0.2775376955551135,0.2775376955551135,0.2775376955551135,0.2772712936814019,0.2770041869535895,0.2763991212710074,0.2767427974771396,0.2761193276135202,0.27692198916868666,0.2760145732995359,0.26998611175405046,0.2579696052427274,0.2216348633649613,0.1724246472467587,0.07413708193587497,0.2565994456786868,0.9828850855745721,0.9828850855745721,0.9828850855745721,0.9828850855745721,0.9828850855745721,0.9828850855745721,0.9828850855745721,0.980440097799511,0.9767726161369193,0.9743276283618582,0.9731051344743277,0.9706601466992665,0.9669926650366748,0.9596577017114915,0.9339853300733496,0.8985330073349633,0.7897310513447433,0.6161369193154034,0.24572127139364303,0.9034873246686396,0.9901477832512315,0.9901477832512315,0.9901477832512315,0.9901477832512315,0.9901477832512315,0.9901477832512315,0.9901477832512315,0.9876847290640394,0.9839901477832512,0.9815270935960592,0.9802955665024631,0.9778325123152709,0.9741379310344828,0.9667487684729064,0.9408866995073891,0.9051724137931034,0.7955665024630542,0.6206896551724138,0.24753694581280788,0.91016333938294,0.2785291618184911,0.2785291618184911,0.2785291618184911,0.2785291618184911,0.2785291618184911,0.2785291618184911,0.2785291618184911,0.2783972027227596,0.278243606353224,0.2777902063371772,0.2781356301376136,0.27767045760293035,0.2784738505446804,0.2778590651462748,0.27325463153555946,0.26382187904588494,0.23414106008235053,0.18991199307185738,0.08941709566849526,0.2603589900514866,0.979967026235683,0.979967026235683,0.979967026235683,0.979967026235683,0.979967026235683,0.979967026235683,0.979967026235683,0.9780574934951923,0.9743208881725934,0.9718563064098664,0.9718209500108839,0.9693766127688962,0.970151444302485,0.9644239402631789,0.9407768682392306,0.9072678118809222,0.8116299091895761,0.6702869278066756,0.3336256042787544,0.9117559968667388,0.8981533624017357,0.8981533624017357,0.8981533624017357,0.8981533624017357,0.8981533624017357,0.8981533624017357,0.8981533624017357,0.899418718744671,0.9012033037486389,0.9022526120040771,0.9027246582144801,0.9035504333082731,0.9045949556865799,0.9063216992910859,0.9112887425987458,0.9164680139330983,0.9285894874024467,0.9428313268823165,0.9644886189052836,0.908989795133255,0.5222907826545068,0.5222907826545068,0.5222907826545068,0.5222907826545068,0.5222907826545068,0.5222907826545068,0.5222907826545068,0.5213903473348837,0.5201635361802459,0.5189444096522114,0.5189410729107821,0.5177045750694524,0.5174761176262007,0.5146644645315145,0.5021584089725344,0.48145010665671384,0.41836817954985467,0.32594047151077,0.13497058209364693,0.48148461845633467,804.0,804.0,804.0,804.0,804.0,804.0,804.0,802.0,799.0,797.0,796.0,794.0,791.0,785.0,764.0,735.0,646.0,504.0,201.0,739.0526315789474,14.0,14.0,14.0,14.0,14.0,14.0,14.0,16.0,19.0,21.0,22.0,24.0,27.0,33.0,54.0,83.0,172.0,314.0,617.0,78.94736842105263,8.0,8.0,8.0,8.0,8.0,8.0,8.0,10.0,13.0,15.0,16.0,18.0,21.0,27.0,48.0,77.0,166.0,308.0,611.0,72.94736842105263,0.9364303178484108,0.9022526120040771,0.9559902200488998,0.9743276283618582,0.9815270935960592,1.0,0.0,0.0,0.8411923371237768,0.9779141104294479,0.034013605442176874,0.9545181907302495,719.0953317672495,797,21,15,16,3,0,0,19.0,441,0.37300613496932516,0.37163814180929094,0.37438423645320196,304,514,508,812,818,18,3
tagging_005_tagging_aria04_rgb,0.5637539175723505,0.8959784316133607,0.5051113508823624,0.5637539175723505,0.5637539175723505,0.5637539175723505,0.5637539175723505,0.5634742630054163,0.5634742630054163,0.5630291720111497,0.5613699379124512,0.5595712940413826,0.5572192961894149,0.5545709257509904,0.5509096649181883,0.5403083948950809,0.5346289009595834,0.5197880207373996,0.5061973084903807,0.4650435612174303,0.357570605104045,0.1309044195414675,0.5148987209510104,0.9532871972318339,0.9532871972318339,0.9532871972318339,0.9532871972318339,0.9515989628349178,0.9515989628349178,0.9499136442141624,0.9448751076658053,0.9398625429553265,0.9315654405474765,0.9233390119250426,0.9151823579304496,0.8895397489539749,0.8723051409618574,0.8298217179902755,0.7863924050632911,0.6813104988830976,0.47196870925684486,0.13695871097683787,0.8415464079958744,0.3333921618805513,0.3333921618805513,0.3333921618805513,0.3333921618805513,0.333652365617991,0.333652365617991,0.3337164914583449,0.33352154653574634,0.33315513578247874,0.33330277244221457,0.3330834154262699,0.3316294903090073,0.32818450433202995,0.32766981222428704,0.3255875095152301,0.32583696570961035,0.3174257760365112,0.2709008778056373,0.12511775945661852,0.3168423913574829,0.9541125541125541,0.9541125541125541,0.9541125541125541,0.9541125541125541,0.9532467532467532,0.9532467532467532,0.9523809523809523,0.9497835497835497,0.9471861471861471,0.9428571428571428,0.9385281385281385,0.9341991341991343,0.9203463203463204,0.9108225108225109,0.8865800865800866,0.8606060606060606,0.7922077922077922,0.6268398268398269,0.2354978354978355,0.8747778537252221,0.99909338168631,0.99909338168631,0.99909338168631,0.99909338168631,0.9981867633726201,0.9981867633726201,0.9972801450589301,0.9945602901178604,0.9918404351767905,0.9873073436083409,0.9827742520398912,0.9782411604714415,0.9637352674524026,0.9537624660018132,0.928377153218495,0.9011786038077969,0.8295557570262919,0.6563916591115141,0.24660018132366274,0.9160185141003007,0.3364718987748624,0.3364718987748624,0.3364718987748624,0.3364718987748624,0.3367353249967442,0.3367353249967442,0.33681591907271197,0.33673854156244815,0.3364560245175803,0.3367161743251934,0.3366779031381975,0.3355907483535431,0.3330092502933479,0.3328157596519857,0.3317495750683951,0.3326813679642342,0.32777071664468765,0.29539097668305686,0.1680851480898367,0.32420296581358715,0.9479128856624318,0.9479128856624318,0.9479128856624318,0.9479128856624318,0.9470708446866484,0.9470708446866484,0.946132189239332,0.9434056758528389,0.9412258152173802,0.9370329333408817,0.9326700193436175,0.9280057881774492,0.9141825960743298,0.9049682209822697,0.8884905571764504,0.8693141195116161,0.8210513541900226,0.6911511214766151,0.32480029946955963,0.8804328380039678,0.8959784316133607,0.8959784316133607,0.8959784316133607,0.8959784316133607,0.8965947718192048,0.8965947718192048,0.8971063239172316,0.898526801933548,0.8998437669539958,0.9017681708397005,0.903480967260851,0.9049246146902353,0.9090080351505191,0.911389835894456,0.9164973282329187,0.9206268884604374,0.9286665207908934,0.9415043243351037,0.964795710248971,0.9092232925684586,0.5639979140856454,0.5639979140856454,0.5639979140856454,0.5639979140856454,0.5639619084995444,0.5639619084995444,0.5637599045341274,0.5628261529087117,0.5617472113656495,0.5605862107929795,0.5591137253319862,0.5566039729660351,0.54958475320615,0.5463048975534319,0.5372703252324731,0.529544396117247,0.5014650269198537,0.4120818599919715,0.1716536091504414,0.5261293431269858,1102.0,1102.0,1102.0,1102.0,1101.0,1101.0,1100.0,1097.0,1094.0,1089.0,1084.0,1079.0,1063.0,1052.0,1024.0,994.0,915.0,724.0,272.0,1010.3684210526316,53.0,53.0,53.0,53.0,54.0,54.0,55.0,58.0,61.0,66.0,71.0,76.0,92.0,103.0,131.0,161.0,240.0,431.0,883.0,144.6315789473684,1.0,1.0,1.0,1.0,2.0,2.0,3.0,6.0,9.0,14.0,19.0,24.0,40.0,51.0,79.0,109.0,188.0,379.0,831.0,92.63157894736842,0.9298701298701298,0.9020748810576736,0.9428571428571428,0.9489177489177489,0.9936536718041704,1.0,0.0,0.0,0.8369472464408747,0.970770593445527,0.015873015873015872,0.9418388820267916,988.6740696392103,1096,59,7,15,3,0,0,18.0,441,0.4437555358724535,0.43376623376623374,0.4542157751586582,501,654,602,1103,1155,15,3
tagging_006_tagging_aria01_rgb,0.672051375230601,0.9359528491196437,0.6290083994018557,0.672051375230601,0.672051375230601,0.672051375230601,0.672051375230601,0.672051375230601,0.6701153702299896,0.6701153702299896,0.6701153702299896,0.6701153702299896,0.6701153702299896,0.6701153702299896,0.6701153702299896,0.6694205477313648,0.6671006348138204,0.6671006348138204,0.6606403831065946,0.6298354671800668,0.5339769735519888,0.2205076530768745,0.6368235137914453,0.9907550077041603,0.9907550077041603,0.9907550077041603,0.9907550077041603,0.9907550077041603,0.9876923076923076,0.9876923076923076,0.9876923076923076,0.9876923076923076,0.9876923076923076,0.9876923076923076,0.9876923076923076,0.9846390168970814,0.9815950920245399,0.9815950920245399,0.9695121951219512,0.9226190476190477,0.7554347826086957,0.2907092907092907,0.9344066162827422,0.45586754287110887,0.45586754287110887,0.45586754287110887,0.45586754287110887,0.45586754287110887,0.45465030548599594,0.45465030548599594,0.45465030548599594,0.45465030548599594,0.45465030548599594,0.45465030548599594,0.45465030548599594,0.45511488173315023,0.4533674430371709,0.4533674430371709,0.4501704238349774,0.42996371768137254,0.37744013758423317,0.16725858656541828,0.43413539401215845,0.9953560371517027,0.9953560371517027,0.9953560371517027,0.9953560371517027,0.9953560371517027,0.9938080495356038,0.9938080495356038,0.9938080495356038,0.9938080495356038,0.9938080495356038,0.9938080495356038,0.9938080495356038,0.9922600619195047,0.9907120743034056,0.9907120743034056,0.9845201238390093,0.9597523219814241,0.8606811145510835,0.4504643962848297,0.9559230894573896,0.9953560371517027,0.9953560371517027,0.9953560371517027,0.9953560371517027,0.9953560371517027,0.9938080495356038,0.9938080495356038,0.9938080495356038,0.9938080495356038,0.9938080495356038,0.9938080495356038,0.9938080495356038,0.9922600619195047,0.9907120743034056,0.9907120743034056,0.9845201238390093,0.9597523219814241,0.8606811145510835,0.4504643962848297,0.9559230894573896,0.4564767681927821,0.4564767681927821,0.4564767681927821,0.4564767681927821,0.4564767681927821,0.4556407190170963,0.4556407190170963,0.4556407190170963,0.4556407190170963,0.4556407190170963,0.4556407190170963,0.4556407190170963,0.45611534034051726,0.45492991316543313,0.45492991316543313,0.4528342799575408,0.43958543094904423,0.40455013901179576,0.21939163247633092,0.4396950275341937,0.9954549260674417,0.9954549260674417,0.9954549260674417,0.9954549260674417,0.9954549260674417,0.9939008102530428,0.9939008102530428,0.9939008102530428,0.9939008102530428,0.9939008102530428,0.9939008102530428,0.9939008102530428,0.9924021446613228,0.9908547126675286,0.9908547126675286,0.9847174637162655,0.9601513425625989,0.8668935228438575,0.48952928627375353,0.9584201835527032,0.9359528491196437,0.9359528491196437,0.9359528491196437,0.9359528491196437,0.9359528491196437,0.9369589489608636,0.9369589489608636,0.9369589489608636,0.9369589489608636,0.9369589489608636,0.9369589489608636,0.9369589489608636,0.9374127780587073,0.9378262287941326,0.9378262287941326,0.9387936176514271,0.9415897571002154,0.9485591412752035,0.964761600369983,0.9392234863351614,0.673610058519223,0.673610058519223,0.673610058519223,0.673610058519223,0.673610058519223,0.6721868291746008,0.6721868291746008,0.6721868291746008,0.6721868291746008,0.6721868291746008,0.6721868291746008,0.6721868291746008,0.6720061909901007,0.6701914651149973,0.6701914651149973,0.66573406208686,0.6423851464755881,0.569961049802802,0.27448868505030416,0.6441219032344194,643.0,643.0,643.0,643.0,643.0,642.0,642.0,642.0,642.0,642.0,642.0,642.0,641.0,640.0,640.0,636.0,620.0,556.0,291.0,617.5263157894736,3.0,3.0,3.0,3.0,3.0,4.0,4.0,4.0,4.0,4.0,4.0,4.0,5.0,6.0,6.0,10.0,26.0,90.0,355.0,28.473684210526315,3.0,3.0,3.0,3.0,3.0,4.0,4.0,4.0,4.0,4.0,4.0,4.0,5.0,6.0,6.0,10.0,26.0,90.0,355.0,28.473684210526315,0.9767801857585139,0.9369589489608636,0.9876160990712074,0.9938080495356038,0.9938080495356038,1.0,0.0,0.0,0.9141294817846354,0.9938080495356038,0.01078167115902965,0.9863078977708758,601.5276452328744,642,4,4,7,3,0,0,10.0,371,0.5975232198142415,0.5975232198142415,0.5975232198142415,386,260,260,646,646,10,3
tagging_006_tagging_aria02_rgb,0.8445374336931596,0.9124996832048852,0.7706401406996748,0.8445374336931596,0.8445374336931596,0.8445374336931596,0.8445374336931596,0.8445374336931596,0.8445374336931596,0.8433126601065566,0.8429056317916541,0.837118915976249,0.834477228535583,0.8289493989006697,0.824336615626874,0.8155131742918211,0.8057336660779072,0.7848902265676029,0.7425141029203338,0.6904817775396057,0.5846907830860901,0.23776605289796865,0.7757849913935724,0.9849056603773585,0.9849056603773585,0.9849056603773585,0.9849056603773585,0.9849056603773585,0.9849056603773585,0.9793038570084666,0.9774436090225563,0.9700374531835206,0.9645191409897292,0.9572093023255814,0.9463459759481961,0.9338235294117647,0.9197080291970803,0.8903863432165319,0.8232235701906413,0.7518734388009992,0.619707467282525,0.24276432368576492,0.8887252632909215,0.7241744114210437,0.7241744114210437,0.7241744114210437,0.7241744114210437,0.7241744114210437,0.7241744114210437,0.7262059039249226,0.7268858249700743,0.7224134255697366,0.7219683004215702,0.7178754994005007,0.7180575319531626,0.7121920967899136,0.7058835195970968,0.6918936621779765,0.669717453434809,0.63410284299249,0.551652723058071,0.23287069142769,0.6777245233812778,0.9877010406811731,0.9877010406811731,0.9877010406811731,0.9877010406811731,0.9877010406811731,0.9877010406811731,0.9848628192999054,0.9839167455061495,0.9801324503311258,0.9772942289498581,0.9735099337748344,0.967833491012299,0.9612109744560076,0.9536423841059603,0.9375591296121097,0.8987701040681173,0.8543046357615894,0.7615894039735099,0.3888363292336802,0.9236667828511675,0.997134670487106,0.997134670487106,0.997134670487106,0.997134670487106,0.997134670487106,0.997134670487106,0.994269340974212,0.9933142311365807,0.9894937917860553,0.9866284622731614,0.9828080229226361,0.9770773638968482,0.9703915950334289,0.9627507163323782,0.9465138490926457,0.9073543457497613,0.8624641833810889,0.7688634192932188,0.39255014326647564,0.932488815161112,0.7242710329781575,0.7242710329781575,0.7242710329781575,0.7242710329781575,0.7242710329781575,0.7242710329781575,0.7263030321590742,0.7269830103793616,0.7246164971808999,0.7248605707168021,0.7227307246708338,0.7238716339791195,0.7206908842208146,0.7174959814729965,0.7098273903367018,0.6990841477040036,0.6796071463297052,0.6293083146854033,0.3410118947707294,0.6943167066565995,0.9981801565161261,0.9981801565161261,0.9981801565161261,0.9981801565161261,0.9981801565161261,0.9981801565161261,0.9968940922857853,0.9967308494258036,0.9929128016458657,0.9912205627425593,0.9888630834171453,0.9855931815456181,0.9791377351151964,0.9719112367200274,0.9579486246891284,0.9217405607518199,0.8812393109767406,0.7986816834818102,0.43575392491255927,0.9414583466740429,0.9124996832048852,0.9124996832048852,0.9124996832048852,0.9124996832048852,0.9124996832048852,0.9124996832048852,0.9141893959781654,0.9147146891765306,0.9165947951100085,0.9178715393481058,0.9194249839912073,0.9214182318800208,0.9234535856691138,0.9254850675328352,0.9288284640069414,0.9353083589093741,0.9408937208320454,0.9483528483537184,0.9654909856139964,0.9235276192437567,0.8457350766021479,0.8457350766021479,0.8457350766021479,0.8457350766021479,0.8457350766021479,0.8457350766021479,0.845702781083127,0.8456921042903901,0.8414635113632488,0.8399853888531265,0.8359778285815704,0.8336426859859712,0.8273855566513716,0.8204635534438333,0.8054136947530249,0.7758363392622427,0.7360142650235031,0.6481765720497463,0.30091291903281925,0.7911093505256243,1044.0,1044.0,1044.0,1044.0,1044.0,1044.0,1041.0,1040.0,1036.0,1033.0,1029.0,1023.0,1016.0,1008.0,991.0,950.0,903.0,805.0,411.0,976.3157894736842,13.0,13.0,13.0,13.0,13.0,13.0,16.0,17.0,21.0,24.0,28.0,34.0,41.0,49.0,66.0,107.0,154.0,252.0,646.0,80.6842105263158,3.0,3.0,3.0,3.0,3.0,3.0,6.0,7.0,11.0,14.0,18.0,24.0,31.0,39.0,56.0,97.0,144.0,242.0,636.0,70.6842105263158,0.9649952696310312,0.9185518329369219,0.9754020813623463,0.9829706717123936,0.9923591212989494,1.0,0.0,0.0,0.884934110143294,0.9876425855513308,0.0215633423180593,0.9744168470339091,954.3753544214618,1039,18,8,11,3,0,0,10.0,371,0.8022813688212928,0.7984862819299905,0.8061127029608405,844,213,203,1047,1057,12,3
tagging_006_tagging_aria03_rgb,0.6732609242886679,0.907726839644592,0.6111370110607495,0.6732609242886679,0.6732609242886679,0.6732609242886679,0.6732609242886679,0.6732609242886679,0.6729118424559852,0.6718915123656323,0.6675414697346004,0.6629961669307226,0.6604200014719478,0.6585062269485378,0.6568952723064573,0.6533298329626723,0.6514547945051838,0.6433613089545145,0.6205186160412623,0.5630475478212315,0.42535560186145643,0.10412952474445648,0.6146665442393684,0.9708835341365462,0.9708835341365462,0.9708835341365462,0.9708835341365462,0.9708835341365462,0.9689067201604814,0.964964964964965,0.9571286141575274,0.9512922465208747,0.9474206349206349,0.9454905847373637,0.9397233201581028,0.9301868239921337,0.9245098039215687,0.9095330739299611,0.8730916030534351,0.7780797101449275,0.5754414125200642,0.1314121037463977,0.8763999625058512,0.4668739928493643,0.4668739928493643,0.4668739928493643,0.4668739928493643,0.4668739928493643,0.46734152864840184,0.4678285956271655,0.4655713006842465,0.4620703248370111,0.4603600156763992,0.4586301100507014,0.45918983760664306,0.4588754211838234,0.45904688893898943,0.4550838069815368,0.44101140304999376,0.40744224142337854,0.31441495884450854,0.08251110525124368,0.43124986858162445,0.9757820383451059,0.9757820383451059,0.9757820383451059,0.9757820383451059,0.9757820383451059,0.9747729566094854,0.9727547931382442,0.9687184661957619,0.9656912209889001,0.963673057517659,0.9626639757820383,0.9596367305751766,0.9545913218970736,0.9515640766902119,0.9434914228052472,0.9233097880928355,0.8668012108980827,0.7235116044399597,0.23007063572149344,0.9073769185830367,0.9948559670781894,0.9948559670781894,0.9948559670781894,0.9948559670781894,0.9948559670781894,0.9938271604938271,0.9917695473251029,0.9876543209876543,0.9845679012345679,0.9825102880658436,0.9814814814814815,0.9783950617283951,0.9732510288065843,0.970164609053498,0.9619341563786008,0.941358024691358,0.8837448559670782,0.7376543209876543,0.2345679012345679,0.9251137102014294,0.46739200228956845,0.46739200228956845,0.46739200228956845,0.46739200228956845,0.46739200228956845,0.4678601124695897,0.46839299771030773,0.4670140233827493,0.4647954502854993,0.4637283015439841,0.4625927876598494,0.46322762577448384,0.4632184522181993,0.4634899848885714,0.4609818626897854,0.45168835317703826,0.4286236663286111,0.3584913588003168,0.1164841071738712,0.43881837345003677,0.9949781194580503,0.9949781194580503,0.9949781194580503,0.9949781194580503,0.9949781194580503,0.9942827896990352,0.9932476020360804,0.989225711692903,0.9861862730689944,0.9842170128455391,0.983186431827193,0.9813713777996493,0.9765515356350728,0.9739156001043249,0.9656290344979038,0.9471229082075383,0.8917589922141822,0.746077982453122,0.30100615932786723,0.930982632036824,0.907726839644592,0.907726839644592,0.907726839644592,0.907726839644592,0.907726839644592,0.9083717991078349,0.9095946560147485,0.9118156996853842,0.9132906011867205,0.9142131951936475,0.9146397741952451,0.9157077517185388,0.917253080212614,0.918029444323293,0.9196615894927546,0.9226772867796246,0.9287323244294634,0.9385432389019347,0.9630015347393823,0.9175876933791657,0.6749572256023867,0.6749572256023867,0.6749572256023867,0.6749572256023867,0.6749572256023867,0.6749458375506876,0.6745980349537484,0.6715709316994066,0.6679949522074182,0.666060465622869,0.6644596941536499,0.6638188265439489,0.6618447664626067,0.6609179442493174,0.6552615268308056,0.6381145234960679,0.5942822799283296,0.4769516446491345,0.13778019610683057,0.6254414606561449,967.0,967.0,967.0,967.0,967.0,966.0,964.0,960.0,957.0,955.0,954.0,951.0,946.0,943.0,935.0,915.0,859.0,717.0,228.0,899.2105263157895,24.0,24.0,24.0,24.0,24.0,25.0,27.0,31.0,34.0,36.0,37.0,40.0,45.0,48.0,56.0,76.0,132.0,274.0,763.0,91.78947368421052,5.0,5.0,5.0,5.0,5.0,6.0,8.0,12.0,15.0,17.0,18.0,21.0,26.0,29.0,37.0,57.0,113.0,255.0,744.0,72.78947368421052,0.9485368314833501,0.9132398209567342,0.958627648839556,0.9697275479313825,0.9886831275720165,1.0,0.0,0.0,0.8644030958016362,0.9791136016301579,0.029649595687331536,0.9576185671039354,877.6234679394215,961,30,11,10,3,0,0,14.0,371,0.5807437595517065,0.5751765893037336,0.5864197530864198,570,421,402,972,991,12,3
tagging_006_tagging_aria04_rgb,0.5540813063175647,0.9030044954067572,0.5003379104256094,0.5540813063175647,0.5540813063175647,0.5540813063175647,0.5540813063175647,0.5540813063175647,0.5540813063175647,0.5536429843661698,0.5466111250863124,0.5446311768050667,0.5372833405064784,0.5341593914745211,0.529231285842039,0.5244737505313314,0.5121087740868964,0.5024776916343145,0.4949193884585523,0.46382513675967113,0.38991146480158717,0.14036061642319725,0.5051644191937645,0.988929889298893,0.988929889298893,0.988929889298893,0.988929889298893,0.988929889298893,0.988929889298893,0.9864864864864865,0.9576271186440678,0.9505428226779252,0.9272943980929678,0.9204275534441805,0.9113475177304965,0.9023529411764706,0.8780487804878049,0.8564867967853043,0.8375,0.7672131147540984,0.6121635094715853,0.2013372956909361,0.8759161932229306,0.31044272939129436,0.31044272939129436,0.31044272939129436,0.31044272939129436,0.31044272939129436,0.31044272939129436,0.31071946583839777,0.3120042407437049,0.312056555129634,0.3113071626222192,0.30999317049208075,0.3073314498200509,0.30483938428545115,0.29867975712133715,0.29479010247187676,0.29247188187723866,0.28040938476277316,0.24835023328154804,0.09785123305193387,0.29176107357084274,0.9962825278810409,0.9962825278810409,0.9962825278810409,0.9962825278810409,0.9962825278810409,0.9962825278810409,0.9950433705080545,0.9801734820322181,0.976456009913259,0.9640644361833953,0.9603469640644362,0.9553903345724907,0.9504337050805453,0.9368029739776952,0.9244114002478315,0.9132589838909542,0.8698884758364313,0.7608426270136307,0.3358116480793061,0.9210852409834999,0.9925925925925926,0.9925925925925926,0.9925925925925926,0.9925925925925926,0.9925925925925926,0.9925925925925926,0.991358024691358,0.9765432098765432,0.9728395061728395,0.9604938271604938,0.9567901234567902,0.9518518518518518,0.9469135802469136,0.9333333333333333,0.9209876543209876,0.9098765432098765,0.8666666666666667,0.7580246913580246,0.3345679012345679,0.9176738141650421,0.3116562494582835,0.3116562494582835,0.3116562494582835,0.3116562494582835,0.3116562494582835,0.3116562494582835,0.3119358861152213,0.31349261717061816,0.31363109301642333,0.3134701092122012,0.31247195683938406,0.310440558917355,0.30849147292925716,0.30355484937124505,0.30052299838394786,0.2988590596799552,0.2890546774439051,0.26280806223604347,0.11914456644566447,0.2962008107637328,0.9813317453488549,0.9813317453488549,0.9813317453488549,0.9813317453488549,0.9813317453488549,0.9813317453488549,0.9804782772027555,0.9730862655891178,0.9713438177521376,0.9682627204323063,0.9648493251211512,0.9598238970267406,0.9553020055470353,0.9452332424455221,0.9358935473364701,0.925949207716635,0.8887200685210978,0.797884495053976,0.37291859179333897,0.9225124175595482,0.9030044954067572,0.9030044954067572,0.9030044954067572,0.9030044954067572,0.9030044954067572,0.9030044954067572,0.9037044610492692,0.9116386313504133,0.9135031404011364,0.9192723170174174,0.9207465526926437,0.9225697237948499,0.9241344296116798,0.9276897941110593,0.9303963836997236,0.9321896393986603,0.9373287802952728,0.9457454181449287,0.9633919561300351,0.9194914842177702,0.5561372737016003,0.5561372737016003,0.5561372737016003,0.5561372737016003,0.5561372737016003,0.5561372737016003,0.5560389775638949,0.5530083932984885,0.5520049806742321,0.5478322409399088,0.5456198311670671,0.5418685234152535,0.5382653857168352,0.5289651072974515,0.5220223476109326,0.5168196722841364,0.49388753003241553,0.4346900549924981,0.18127212647774113,0.5183746744042346,804.0,804.0,804.0,804.0,804.0,804.0,803.0,791.0,788.0,778.0,775.0,771.0,767.0,756.0,746.0,737.0,702.0,614.0,271.0,743.3157894736842,3.0,3.0,3.0,3.0,3.0,3.0,4.0,16.0,19.0,29.0,32.0,36.0,40.0,51.0,61.0,70.0,105.0,193.0,536.0,63.68421052631579,6.0,6.0,6.0,6.0,6.0,6.0,7.0,19.0,22.0,32.0,35.0,39.0,43.0,54.0,64.0,73.0,108.0,196.0,539.0,66.6842105263158,0.966542750929368,0.917336575060221,0.9838909541511772,0.9938042131350682,0.9901234567901235,1.0,0.0,0.0,0.8843914909520412,0.9919604205318491,0.0215633423180593,0.9824707211453801,735.7039331982972,802,5,8,14,3,0,0,16.0,371,0.4390847247990105,0.4399008674101611,0.4382716049382716,355,452,455,810,807,15,3
tagging_007_tagging_aria01_rgb,0.3944259820982795,0.906098472678439,0.3573887799639444,0.3944259820982795,0.39426925796983026,0.39426925796983026,0.39394341200848976,0.39345144252718023,0.39294281275220194,0.39237025720244634,0.3918820888073407,0.3913143477394384,0.3893569073305098,0.3879386382455491,0.3825050553598108,0.37619325397247716,0.36828726299343945,0.35916245193007457,0.3388189158385055,0.3092737465058335,0.24956507833333716,0.09910372987846748,0.3578459947085811,0.9800249687890137,0.9787897691827823,0.9787897691827823,0.9775561097256857,0.9763239875389408,0.975093399750934,0.9738643434971997,0.972636815920398,0.9714108141702921,0.9665220086794792,0.9628712871287128,0.947206875383671,0.9294403892944039,0.9051051051051051,0.8780343398460627,0.8177650429799427,0.7295528898582334,0.5571919489445263,0.19427710843373494,0.8774977354427316,0.15874274667351343,0.1588167885222875,0.1588167885222875,0.15875447999444178,0.15855806023668412,0.1583479635212905,0.15808610281823773,0.15789199937150333,0.1576335331180474,0.15684981813616708,0.1562995896290479,0.15446479663331017,0.15226513283099133,0.14985608557301,0.14691642572776717,0.1403804903565631,0.13110804111315535,0.11177966307931264,0.050554331156180625,0.14611172826388413,0.9849435382685069,0.9843161856963614,0.9843161856963614,0.9836888331242158,0.9830614805520702,0.9824341279799247,0.9818067754077792,0.9811794228356336,0.9805520702634881,0.9780426599749059,0.9761606022584692,0.9680050188205772,0.958594730238394,0.9454203262233375,0.9303638644918444,0.8952321204516939,0.8393977415307403,0.7120451693851945,0.3237139272271016,0.9143828831803473,0.9949302915082383,0.9942965779467681,0.9942965779467681,0.9936628643852978,0.9930291508238276,0.9923954372623575,0.9917617237008872,0.991128010139417,0.9904942965779467,0.9879594423320659,0.9860583016476553,0.9778200253485425,0.9683143219264893,0.9550063371356147,0.9397972116603295,0.9043092522179975,0.8479087452471483,0.7192648922686945,0.3269961977186312,0.9236541925155094,0.15935112277799265,0.15942580885070087,0.15942580885070087,0.15936964871000822,0.15920181146113385,0.15902265614524402,0.15880156507499402,0.1586351775082053,0.15841613025375292,0.15775061565611817,0.15727524074201857,0.1557596245753633,0.15390770229516376,0.15191208851479165,0.14941272393318725,0.1437468675231258,0.13542819158948777,0.1173418034788913,0.05545164467994166,0.1478755911905696,0.94447162042154,0.943856821639724,0.943856821639724,0.9433841974782382,0.9427149302243942,0.9420455852941997,0.9413746473346026,0.9407128805152795,0.9400503868520196,0.9375991558616839,0.9356639256043275,0.9297150377946567,0.9210355974320931,0.9086496418853264,0.8960639886833316,0.8656612493007178,0.8257241036973813,0.7384717682646207,0.42751223577648034,0.8878191892473865,0.906098472678439,0.9066403937579257,0.9066403937579257,0.9070980000319102,0.9075235221875738,0.9079352978122331,0.9083207195129052,0.9086624964236011,0.9089694195301768,0.9100850144018603,0.9108390300083888,0.9136711205378976,0.9165197652237814,0.9198534298924548,0.9229248549353833,0.9286920187072348,0.9354775768180866,0.945425091453989,0.9652200346192545,0.9177156132784747,0.39541451994466714,0.39538074751156477,0.39538074751156477,0.39517718706799626,0.3948066887094734,0.39441912156922104,0.3939670123814386,0.3935992642443528,0.3931512269367215,0.3916705418415803,0.3906065815434284,0.38668164990356607,0.3820478424632671,0.376400038933297,0.36971033742298104,0.3545040536467172,0.33174055164676813,0.2821208413625784,0.12792631112053005,0.36551080346114284,1570.0,1569.0,1569.0,1568.0,1567.0,1566.0,1565.0,1564.0,1563.0,1559.0,1556.0,1543.0,1528.0,1507.0,1483.0,1427.0,1338.0,1135.0,516.0,1457.5263157894738,24.0,25.0,25.0,26.0,27.0,28.0,29.0,30.0,31.0,35.0,38.0,51.0,66.0,87.0,111.0,167.0,256.0,459.0,1078.0,136.47368421052633,8.0,9.0,9.0,10.0,11.0,12.0,13.0,14.0,15.0,19.0,22.0,35.0,50.0,71.0,95.0,151.0,240.0,443.0,1062.0,120.47368421052632,0.946047678795483,0.9101685784766174,0.9661229611041405,0.9780426599749059,0.9879594423320659,1.0,0.0,0.0,0.8581887163394268,0.9829760403530895,0.02653631284916201,0.9651787013937767,1418.9528138450464,1559,35,19,32,3,0,0,34.0,716,0.25283732660781844,0.25156838143036386,0.2541191381495564,401,1193,1177,1578,1594,30,3
tagging_007_tagging_aria02_rgb,0.6069510791580937,0.9123448902147531,0.5537487156802169,0.6069510791580937,0.6069510791580937,0.6069510791580937,0.6069510791580937,0.6069510791580937,0.6069510791580937,0.6067635318953671,0.6065605078507729,0.6061114981666975,0.604136046692268,0.6030540657517273,0.6014462975805278,0.5975654374979713,0.5909822439121595,0.5794604705595986,0.5549713165710334,0.5096888163874006,0.3756470719517705,0.12455014821117506,0.5580338909461596,0.9844776119402985,0.9844776119402985,0.9844776119402985,0.9844776119402985,0.9844776119402985,0.9844776119402985,0.9832935560859188,0.9821109123434705,0.9809296781883194,0.9727002967359051,0.9668639053254438,0.9622195985832349,0.9518496770405167,0.9381924198250728,0.9147465437788018,0.8684654300168634,0.7880580957504034,0.5738636363636364,0.17414341222182975,0.8928580438895373,0.37419805998951927,0.37419805998951927,0.37419805998951927,0.37419805998951927,0.37419805998951927,0.37419805998951927,0.3744171629717979,0.3746172097877246,0.37451323614591503,0.3752238630313247,0.3761379489053082,0.3759408449027069,0.375147946892608,0.3722690625496325,0.36706827615229154,0.3546406702804575,0.3296491603236682,0.24589591276440792,0.08908025415090079,0.3489363109892557,0.9915814792543596,0.9915814792543596,0.9915814792543596,0.9915814792543596,0.9915814792543596,0.9915814792543596,0.9909801563439568,0.9903788334335538,0.9897775105231509,0.9855682501503308,0.9825616355983163,0.9801563439567047,0.9747444377630787,0.9675285628382442,0.9549007817197835,0.9290438965724594,0.8809380637402285,0.7288033674082982,0.29645219482862295,0.926385416336994,0.9927754364840458,0.9927754364840458,0.9927754364840458,0.9927754364840458,0.9927754364840458,0.9927754364840458,0.9921733895243829,0.99157134256472,0.9909692956050572,0.9867549668874173,0.983744732089103,0.9813365442504516,0.9759181216134859,0.9686935580975317,0.9560505719446116,0.930162552679109,0.8819987959060807,0.7296809151113787,0.29680915111378686,0.9275008713837574,0.3773649864621152,0.3773649864621152,0.3773649864621152,0.3773649864621152,0.3773649864621152,0.3773649864621152,0.37758602771285943,0.37778826414875005,0.3777219488995315,0.37850301068297754,0.3794321229863292,0.37942299812792996,0.37914932922212086,0.3774255658304166,0.37426693511399484,0.3660885035095965,0.3481805787506501,0.2786829146760069,0.11508911084715294,0.356501433120053,0.9847737738886784,0.9847737738886784,0.9847737738886784,0.9847737738886784,0.9847737738886784,0.9847737738886784,0.9843600039294683,0.9838108060636764,0.983197258137941,0.9800615601837861,0.977877832694435,0.9759805845753445,0.9713078495378726,0.9663843219073165,0.9570682405034254,0.9383624761626519,0.898052159603113,0.7729410140333072,0.3822690205202931,0.9305429353255107,0.9123448902147531,0.9123448902147531,0.9123448902147531,0.9123448902147531,0.9123448902147531,0.9123448902147531,0.9127044280704341,0.9130340728149645,0.9133305359350671,0.9151959900609973,0.9163658199315065,0.9171918052603533,0.9187654014551702,0.9205746047036442,0.9230774502350999,0.9270806156836481,0.9325416493460189,0.9434427103414327,0.9636745076066383,0.9205815227754469,0.6091369844776453,0.6091369844776453,0.6091369844776453,0.6091369844776453,0.6091369844776453,0.6091369844776453,0.6091305103995801,0.6091083279792681,0.6088388773152325,0.6081190065295033,0.6079298629669343,0.6070261971973135,0.6047093306472197,0.600150773620918,0.5920420456710457,0.5740006534843188,0.5388882008442237,0.4233317484605161,0.16250549793445787,0.5684527863113896,1649.0,1649.0,1649.0,1649.0,1649.0,1649.0,1648.0,1647.0,1646.0,1639.0,1634.0,1630.0,1621.0,1609.0,1588.0,1545.0,1465.0,1212.0,493.0,1540.578947368421,14.0,14.0,14.0,14.0,14.0,14.0,15.0,16.0,17.0,24.0,29.0,33.0,42.0,54.0,75.0,118.0,198.0,451.0,1170.0,122.42105263157895,12.0,12.0,12.0,12.0,12.0,12.0,13.0,14.0,15.0,22.0,27.0,31.0,40.0,52.0,73.0,116.0,196.0,449.0,1168.0,120.42105263157895,0.9609140108238123,0.9151959900609973,0.9723391461214672,0.9855682501503308,0.9867549668874173,1.0,0.0,0.0,0.8773338711424983,0.9861612515042117,0.030726256983240222,0.9715702022844541,1500.0062277099746,1639,24,22,19,3,0,0,27.0,716,0.5282791817087846,0.5279615153337343,0.5285972305839856,878,785,783,1661,1663,22,3
tagging_007_tagging_aria03_rgb,0.4500382571478028,0.9081287877784882,0.4086926969175777,0.4500382571478028,0.4500382571478028,0.4500382571478028,0.44974143625512386,0.44913219937616183,0.44881199289965723,0.4486452892873427,0.44835659821603085,0.4479244319138949,0.4464427549418816,0.4457042519363538,0.44251315032816063,0.4374769720568318,0.42920975460378624,0.42209647696254177,0.40786084948052953,0.37706931028281127,0.288406142059613,0.09547399896403637,0.412367388474114,0.9805369127516779,0.9805369127516779,0.9805369127516779,0.9792085848423877,0.9765572672471534,0.9752342704149933,0.9739130434782609,0.9725935828877005,0.9712758851035405,0.9686457638425617,0.966022651565623,0.9555997349237906,0.9376231122783979,0.9187256176853056,0.8904548366431775,0.8524795982423101,0.7681246255242661,0.5680127523910733,0.16135379771743408,0.8830229401601585,0.20655462355645554,0.20655462355645554,0.20655462355645554,0.20656207739169113,0.2065621129266717,0.20654750461634835,0.2066740936961446,0.20668822281039284,0.20656983230258738,0.20576266461894308,0.20563936039407674,0.2049162228252081,0.20411836970928665,0.20051798915891808,0.2000836297726618,0.19513718906818395,0.18510181815888585,0.14643703407637945,0.05649253136357957,0.19281444860838556,0.9851652056641942,0.9851652056641942,0.9851652056641942,0.9844908968307485,0.983142279163857,0.9824679703304113,0.9817936614969656,0.9811193526635199,0.9804450438300741,0.9790964261631827,0.9777478084962913,0.9723533378287256,0.9629130141604855,0.9527983816587997,0.9372892784895482,0.9157113958192852,0.8644639244774106,0.7208361429534726,0.27646662171274444,0.9162437448983213,0.9952316076294278,0.9952316076294278,0.9952316076294278,0.9945504087193461,0.9931880108991825,0.9925068119891008,0.9918256130790191,0.9911444141689373,0.9904632152588556,0.989100817438692,0.9877384196185286,0.9822888283378747,0.9727520435967303,0.9625340599455041,0.946866485013624,0.9250681198910081,0.8732970027247956,0.7282016348773842,0.279291553133515,0.9256059085042306,0.2067028957802378,0.2067028957802378,0.2067028957802378,0.2067163068482938,0.20672938395152665,0.20672276426377487,0.20684954308759565,0.20686863250093415,0.20677099248937889,0.20612045027344295,0.20602416652191863,0.2054954764462037,0.20497797592552264,0.2020297814036425,0.2019142540643481,0.19788846295669543,0.18964330105833363,0.15538303391899913,0.06444140474667488,0.19445708514726312,0.9953088109139331,0.9953088109139331,0.9953088109139331,0.994635239274658,0.9933128580608801,0.9926341827011806,0.992056779438384,0.9914371504061927,0.9907517895693132,0.9893778298169096,0.9880478325834835,0.9831014039349711,0.97533650955518,0.965379301800634,0.9539025339348696,0.9345090968420028,0.8914443471167867,0.7592448994689908,0.36296648552834676,0.9338981406723463,0.9081287877784882,0.9081287877784882,0.9081287877784882,0.9086185251627302,0.909548474679788,0.9099932774528207,0.9103840064658278,0.9107602475200647,0.9110963032996853,0.9117000984612932,0.9122419260591966,0.914100895536041,0.9169473762526368,0.9195492837033146,0.9228231343202414,0.9261484119571588,0.9319160970157792,0.9420614854645794,0.964049370040137,0.9182276461435135,0.45109913344727864,0.45109913344727864,0.45109913344727864,0.4509528631936696,0.4506439242812778,0.45047342611660796,0.45045678503770453,0.4503174606507125,0.4500337412748974,0.4488446162829858,0.44840097453717426,0.4463753725726208,0.44333760794939736,0.43709634585991897,0.4330545473577065,0.4227166282249593,0.40001730481759723,0.32489553217790423,0.1249731943181821,0.4203098802629027,1461.0,1461.0,1461.0,1460.0,1458.0,1457.0,1456.0,1455.0,1454.0,1452.0,1450.0,1442.0,1428.0,1413.0,1390.0,1358.0,1282.0,1069.0,410.0,1358.7894736842106,22.0,22.0,22.0,23.0,25.0,26.0,27.0,28.0,29.0,31.0,33.0,41.0,55.0,70.0,93.0,125.0,201.0,414.0,1073.0,124.21052631578948,7.0,7.0,7.0,8.0,10.0,11.0,12.0,13.0,14.0,16.0,18.0,26.0,40.0,55.0,78.0,110.0,186.0,399.0,1058.0,109.21052631578948,0.9527983816587997,0.9117000984612932,0.9683074848280513,0.9790964261631827,0.989100817438692,1.0,0.0,0.0,0.8663442636316909,0.9840731955269401,0.0223463687150838,0.9673892597194758,1323.7885429657977,1452,31,16,23,3,0,0,27.0,716,0.34564554388342933,0.34389750505731626,0.3474114441416894,510,973,958,1468,1483,26,3
tagging_007_tagging_aria04_rgb,0.4662480889487755,0.9216354842886972,0.4297107832569843,0.4662480889487755,0.4662480889487755,0.4662480889487755,0.4662480889487755,0.4662480889487755,0.4662480889487755,0.4662480889487755,0.4662480889487755,0.4658054799894998,0.4658054799894998,0.4658054799894998,0.46513657643863504,0.46149383017428464,0.45568725239414026,0.44840192767020937,0.4354476176675033,0.4069193773707264,0.32540573787850974,0.13114084890603672,0.43458075368730253,0.988399071925754,0.988399071925754,0.988399071925754,0.988399071925754,0.988399071925754,0.988399071925754,0.988399071925754,0.988399071925754,0.9853281853281853,0.9853281853281853,0.9853281853281853,0.9807395993836672,0.9701149425287356,0.9536474164133738,0.9345372460496614,0.9016272189349113,0.8285917496443812,0.6396683673469388,0.2225392296718973,0.9102443632296925,0.2199387743503616,0.2199387743503616,0.2199387743503616,0.2199387743503616,0.2199387743503616,0.2199387743503616,0.2199387743503616,0.2199387743503616,0.22020556035954666,0.22020556035954666,0.22020556035954666,0.2206008963816876,0.21953744443290327,0.21774386258548964,0.21514850220070855,0.21030268801810925,0.19983710886675557,0.16553717465104245,0.07728040704172412,0.20769026105578706,0.9906976744186047,0.9906976744186047,0.9906976744186047,0.9906976744186047,0.9906976744186047,0.9906976744186047,0.9906976744186047,0.9906976744186047,0.9891472868217054,0.9891472868217054,0.9891472868217054,0.9868217054263566,0.9813953488372092,0.9728682170542635,0.9627906976744186,0.9449612403100776,0.9031007751937985,0.7775193798449612,0.3627906976744186,0.9360669114647083,0.9976580796252927,0.9976580796252927,0.9976580796252927,0.9976580796252927,0.9976580796252927,0.9976580796252927,0.9976580796252927,0.9976580796252927,0.9960967993754879,0.9960967993754879,0.9960967993754879,0.9937548790007806,0.9882903981264637,0.9797033567525371,0.9695550351288056,0.9516003122560499,0.9094457455113193,0.7829820452771272,0.36533957845433257,0.9426434939808538,0.2202628610878183,0.2202628610878183,0.2202628610878183,0.2202628610878183,0.2202628610878183,0.2202628610878183,0.2202628610878183,0.2202628610878183,0.2205309703703383,0.2205309703703383,0.2205309703703383,0.22092643199070944,0.22016157779746778,0.21878078823026267,0.21675488918192964,0.2129573428636524,0.20456190156638845,0.17496421619622757,0.08901077551508606,0.2095691433239624,0.973842378484188,0.973842378484188,0.973842378484188,0.973842378484188,0.973842378484188,0.973842378484188,0.973842378484188,0.973842378484188,0.9724429673741839,0.9724429673741839,0.9724429673741839,0.9720140068584677,0.9685836059431522,0.9605298930290231,0.9519838233815873,0.936061406630027,0.8989850313537349,0.7776678846338284,0.3979294582435901,0.9248327915826033,0.9216354842886972,0.9216354842886972,0.9216354842886972,0.9216354842886972,0.9216354842886972,0.9216354842886972,0.9216354842886972,0.9216354842886972,0.9223972490398239,0.9223972490398239,0.9223972490398239,0.9232246035607135,0.924838732500583,0.9270333512958061,0.9292135903929337,0.9319551464717485,0.9367356136178241,0.9460248874299219,0.9648094472932078,0.9275847891574626,0.4667899230525242,0.4667899230525242,0.4667899230525242,0.4667899230525242,0.4667899230525242,0.4667899230525242,0.4667899230525242,0.4667899230525242,0.46670733074668846,0.46670733074668846,0.46670733074668846,0.46657663120430704,0.46416917913844574,0.4602565408205014,0.45512962608187396,0.44578906324643697,0.42482119524578155,0.3587594756601776,0.1674413711937111,0.44091497153955234,1278.0,1278.0,1278.0,1278.0,1278.0,1278.0,1278.0,1278.0,1276.0,1276.0,1276.0,1273.0,1266.0,1255.0,1242.0,1219.0,1165.0,1003.0,468.0,1207.5263157894738,12.0,12.0,12.0,12.0,12.0,12.0,12.0,12.0,14.0,14.0,14.0,17.0,24.0,35.0,48.0,71.0,125.0,287.0,822.0,82.47368421052632,3.0,3.0,3.0,3.0,3.0,3.0,3.0,3.0,5.0,5.0,5.0,8.0,15.0,26.0,39.0,62.0,116.0,278.0,813.0,73.47368421052632,0.9682170542635659,0.9223972490398239,0.9852713178294573,0.9891472868217054,0.9960967993754879,1.0,0.0,0.0,0.8914565037014073,0.9926098794243485,0.006983240223463687,0.9842306800923859,1176.9788897748153,1276,14,5,22,3,0,0,19.0,716,0.31349669389342666,0.3124031007751938,0.31459797033567527,403,887,878,1281,1290,22,3
tagging_008_tagging_aria01_rgb,0.6192349261527761,0.8852438117860959,0.5481738864185651,0.6192349261527761,0.6192349261527761,0.6140551766545278,0.6129408780704444,0.6101846172134433,0.6101846172134433,0.6074838986834898,0.6074838986834898,0.6074838986834898,0.6074838986834898,0.6024025195202632,0.5907597716819705,0.5675496527666002,0.5437219271718402,0.5262262074020726,0.5083151947285002,0.42215278198222445,0.3433199112467886,0.12442426369029,0.5444548929674696,0.954983922829582,0.954983922829582,0.9424920127795527,0.9363057324840764,0.9301587301587302,0.9301587301587302,0.9240506329113924,0.9240506329113924,0.9240506329113924,0.9240506329113924,0.917981072555205,0.9,0.8593272171253823,0.8149253731343283,0.788235294117647,0.7521613832853026,0.6170212765957447,0.48292682926829267,0.16030534351145037,0.8230615459199566,0.4015270672110168,0.4015270672110168,0.400071040245959,0.4012541064049896,0.40028143048270876,0.40028143048270876,0.3993684696659686,0.3993684696659686,0.3993684696659686,0.3993684696659686,0.39531184942000863,0.3877745642641488,0.3748427862357463,0.36277375062014316,0.3513088330645579,0.3435224712857469,0.2888279190607097,0.2440712636261927,0.09657443136800369,0.36039073103408065,0.9867109634551495,0.9867109634551495,0.9800664451827242,0.9767441860465116,0.973421926910299,0.973421926910299,0.9700996677740864,0.9700996677740864,0.9700996677740864,0.9700996677740864,0.9667774086378738,0.9568106312292359,0.9335548172757475,0.9069767441860465,0.8903654485049833,0.867109634551495,0.770764119601329,0.6578073089700996,0.27906976744186046,0.8940374191292184,0.9674267100977199,0.9674267100977199,0.9609120521172638,0.9576547231270358,0.9543973941368078,0.9543973941368078,0.9511400651465798,0.9511400651465798,0.9511400651465798,0.9511400651465798,0.9478827361563518,0.9381107491856677,0.9153094462540716,0.8892508143322475,0.8729641693811075,0.8501628664495114,0.755700325732899,0.6449511400651465,0.2736156351791531,0.8765643751071489,0.4015347271161225,0.4015347271161225,0.4008277493102089,0.40201313083372886,0.40134137629970634,0.40134137629970634,0.4007048423064671,0.4007048423064671,0.4007048423064671,0.4007048423064671,0.39789951783478517,0.3924149440137812,0.3832381582940219,0.3745776187636653,0.36659001504107364,0.3607472749413406,0.3178043972199946,0.279843003680213,0.12746862310815799,0.36905242153149986,0.9930735930735932,0.9930735930735932,0.9877410972656944,0.9867275830192704,0.9833349494092023,0.9833349494092023,0.9800507961800979,0.9800507961800979,0.9800507961800979,0.9800507961800979,0.9765893151630126,0.9665639497975866,0.94669585714123,0.9234214341071361,0.9099269658125003,0.8864093439152082,0.7971451757758328,0.6840161675977772,0.31502969946934134,0.9080677294079248,0.8852438117860959,0.8852438117860959,0.8904922437266445,0.8929874443181567,0.895222272190189,0.895222272190189,0.8971550945931959,0.8971550945931959,0.8971550945931959,0.8971550945931959,0.8983680705988383,0.9018844514964383,0.9086031420843222,0.9153789133454983,0.918939704674819,0.9228875476233652,0.934554897828672,0.9439758375601712,0.9639240264952565,0.9074499382146072,0.629437176643629,0.629437176643629,0.6261758556782684,0.626037231766899,0.624213682457289,0.624213682457289,0.6224365186445936,0.6224365186445936,0.6224365186445936,0.6224365186445936,0.6182059247420081,0.6091197136919985,0.5915541300772434,0.5736090613071051,0.5592792207075884,0.5457761853881227,0.47182432827389453,0.40068923260162304,0.16416760978554418,0.5675519098316056,297.0,297.0,295.0,294.0,293.0,293.0,292.0,292.0,292.0,292.0,291.0,288.0,281.0,273.0,268.0,261.0,232.0,198.0,84.0,269.10526315789474,4.0,4.0,6.0,7.0,8.0,8.0,9.0,9.0,9.0,9.0,10.0,13.0,20.0,28.0,33.0,40.0,69.0,103.0,217.0,31.894736842105264,10.0,10.0,12.0,13.0,14.0,14.0,15.0,15.0,15.0,15.0,16.0,19.0,26.0,34.0,39.0,46.0,75.0,109.0,223.0,37.89473684210526,0.8970099667774086,0.8971550945931959,0.920265780730897,0.9700996677740864,0.9511400651465798,1.0,0.0,0.0,0.7972401582100106,0.9605263157894737,0.07462686567164178,0.9174581460464643,261.9692876212132,292,9,15,7,2,0,0,9.0,201,0.5263157894736842,0.53156146179402,0.5211726384364821,160,141,147,307,301,11,2
tagging_008_tagging_aria03_rgb,0.7130277912872137,0.886737092739029,0.6322681906881551,0.7130277912872137,0.7130277912872137,0.7130277912872137,0.7130277912872137,0.7130277912872137,0.7130277912872137,0.7130277912872137,0.7130277912872137,0.7130277912872137,0.7064757290162723,0.7064757290162723,0.7064757290162723,0.682316986225896,0.6518738586863169,0.6106210553883719,0.5519395659813716,0.5064039744806423,0.3665103164988752,0.12639431646888435,0.6333019674928473,0.974025974025974,0.974025974025974,0.974025974025974,0.974025974025974,0.974025974025974,0.974025974025974,0.974025974025974,0.974025974025974,0.974025974025974,0.9612903225806452,0.9612903225806452,0.9612903225806452,0.9119496855345912,0.8536585365853658,0.788235294117647,0.6983240223463687,0.6256684491978609,0.44075829383886256,0.14285714285714285,0.8479766399186075,0.5219661946452004,0.5219661946452004,0.5219661946452004,0.5219661946452004,0.5219661946452004,0.5219661946452004,0.5219661946452004,0.5219661946452004,0.5219661946452004,0.519206262629573,0.519206262629573,0.519206262629573,0.5105067495247582,0.49778630380520345,0.4730288989418922,0.4362405913978495,0.4098736090953072,0.3047697887432505,0.11182866264945542,0.4736499549396442,1.0,1.0,1.0,1.0,1.0,1.0,1.0,1.0,1.0,0.9933333333333333,0.9933333333333333,0.9933333333333333,0.9666666666666667,0.9333333333333333,0.8933333333333333,0.8333333333333334,0.78,0.62,0.25333333333333335,0.908421052631579,0.974025974025974,0.974025974025974,0.974025974025974,0.974025974025974,0.974025974025974,0.974025974025974,0.974025974025974,0.974025974025974,0.974025974025974,0.9675324675324676,0.9675324675324676,0.9675324675324676,0.9415584415584416,0.9090909090909091,0.8701298701298701,0.8116883116883117,0.7597402597402597,0.6038961038961039,0.24675324675324675,0.8848257006151743,0.5257037037037037,0.5257037037037037,0.5257037037037037,0.5257037037037037,0.5257037037037037,0.5257037037037037,0.5257037037037037,0.5257037037037037,0.5257037037037037,0.5237882177479494,0.5237882177479494,0.5237882177479494,0.5173946360153256,0.5100793650793651,0.49432006633499176,0.4689777777777778,0.44938271604938274,0.36164874551971327,0.15160818713450291,0.48716365686780216,0.9752254901960784,0.9752254901960784,0.9752254901960784,0.9752254901960784,0.9752254901960784,0.9752254901960784,0.9752254901960784,0.9752254901960784,0.9752254901960784,0.969522305566522,0.969522305566522,0.969522305566522,0.9493711967545638,0.9190649939220972,0.8870223861742155,0.8416382664248396,0.7916086566312603,0.6329472556209218,0.3146935582913864,0.895891718014924,0.886737092739029,0.886737092739029,0.886737092739029,0.886737092739029,0.886737092739029,0.886737092739029,0.886737092739029,0.886737092739029,0.886737092739029,0.8894621988854147,0.8894621988854147,0.8894621988854147,0.8970065787348829,0.9051745755346823,0.9132668638294401,0.9233465009338255,0.9301343745565884,0.9427855673065656,0.9636682837831854,0.9012843776835094,0.7224722794994978,0.7224722794994978,0.7224722794994978,0.7224722794994978,0.7224722794994978,0.7224722794994978,0.7224722794994978,0.7224722794994978,0.7224722794994978,0.71815380493692,0.71815380493692,0.71815380493692,0.7024883329094747,0.6816161311311447,0.6500557538048233,0.6029376635812981,0.5654214490929219,0.43469215431246894,0.16831496627215115,0.6559072832321328,150.0,150.0,150.0,150.0,150.0,150.0,150.0,150.0,150.0,149.0,149.0,149.0,145.0,140.0,134.0,125.0,117.0,93.0,38.0,136.26315789473685,0.0,0.0,0.0,0.0,0.0,0.0,0.0,0.0,0.0,1.0,1.0,1.0,5.0,10.0,16.0,25.0,33.0,57.0,112.0,13.736842105263158,4.0,4.0,4.0,4.0,4.0,4.0,4.0,4.0,4.0,5.0,5.0,5.0,9.0,14.0,20.0,29.0,37.0,61.0,116.0,17.736842105263158,0.94,0.8894621988854147,0.96,0.9933333333333333,0.9675324675324676,1.0,0.0,0.0,0.8301991175595119,0.9802631578947368,0.024875621890547265,0.9568191916352022,132.52986763392678,149,1,5,3,2,0,0,2.0,201,0.618421052631579,0.6266666666666667,0.6103896103896104,94,56,60,154,150,5,2
tagging_008_tagging_aria04_rgb,0.4471163198076639,0.8933654740472987,0.39943828299925727,0.4471163198076639,0.4471163198076639,0.4471163198076639,0.4471163198076639,0.44382778942539486,0.44382778942539486,0.44382778942539486,0.4420906574574997,0.43820401324301866,0.4360638691128973,0.42867071441000776,0.4253665546408706,0.4223191864448721,0.4128360050657308,0.39160775801796327,0.37121264835168905,0.33094170014088553,0.28207222739921406,0.13913718636440192,0.402130061481889,0.9239130434782609,0.9239130434782609,0.9239130434782609,0.9239130434782609,0.9186991869918699,0.9186991869918699,0.9186991869918699,0.9135135135135135,0.9032258064516129,0.8981233243967829,0.8779840848806366,0.8680738786279684,0.8582677165354331,0.8294573643410853,0.7655860349127181,0.7019230769230769,0.6054421768707483,0.4905263157894737,0.20408163265306123,0.8088397189886718,0.21637642725091913,0.21637642725091913,0.21637642725091913,0.21637642725091913,0.21441523999952758,0.21441523999952758,0.21441523999952758,0.21394773752114085,0.2125966240675328,0.21172114427985028,0.20929602774948786,0.20843468541297858,0.2078063660129472,0.2054759827396593,0.20031273971362257,0.19631614179195309,0.18089656300162413,0.16220279913402624,0.09485986748407133,0.2006641109426923,0.9577464788732394,0.9577464788732394,0.9577464788732394,0.9577464788732394,0.9549295774647887,0.9549295774647887,0.9549295774647887,0.952112676056338,0.9464788732394366,0.9436619718309859,0.9323943661971831,0.9267605633802817,0.9211267605633803,0.9042253521126761,0.8647887323943662,0.8225352112676056,0.752112676056338,0.6563380281690141,0.3380281690140845,0.8766493699036323,0.9631728045325779,0.9631728045325779,0.9631728045325779,0.9631728045325779,0.9603399433427762,0.9603399433427762,0.9603399433427762,0.9575070821529745,0.9518413597733711,0.9490084985835694,0.9376770538243626,0.9320113314447592,0.9263456090651558,0.9093484419263456,0.8696883852691218,0.8271954674220963,0.7563739376770539,0.660056657223796,0.33994334277620397,0.8816162218577606,0.23668175826480325,0.23668175826480325,0.23668175826480325,0.23668175826480325,0.2347636963071633,0.2347636963071633,0.2347636963071633,0.2344298800746765,0.2334231040901209,0.2327517302714844,0.23096838295878633,0.23035693968109486,0.22996696593566532,0.2280639386879079,0.2239624158813659,0.22152975449208326,0.20793252609181226,0.1920014787030692,0.12442173839232663,0.22320141985479455,0.8637226105395429,0.8637226105395429,0.8637226105395429,0.8637226105395429,0.8621627263096125,0.8621627263096125,0.8621627263096125,0.859218998111881,0.853098277862547,0.8498985712293008,0.8371545746796332,0.8314750974957492,0.8252368499487593,0.8127287473640867,0.7825251094836546,0.7448906361449971,0.689664327717856,0.6123385209845841,0.3775591483088563,0.7956403937062586,0.8933654740472987,0.8933654740472987,0.8933654740472987,0.8933654740472987,0.8953840365974645,0.8953840365974645,0.8953840365974645,0.8969421644892244,0.8997504496604888,0.9010781192454443,0.9056194341714988,0.9075742364179039,0.9093036954436193,0.9135723962958162,0.9220678311812244,0.9296343454668183,0.9391602012629471,0.9481454546289184,0.9646489669844491,0.9103742790121021,0.4552293502299027,0.4552293502299027,0.4552293502299027,0.4552293502299027,0.4524947011123557,0.4524947011123557,0.4524947011123557,0.451333970478018,0.44857353154410096,0.44698231787111686,0.4417538196111854,0.4395100072595888,0.43751114814362635,0.4310412890239943,0.41620692000420445,0.40184193305836735,0.36885579579091,0.32628188020042037,0.17906788466545115,0.4193348422056664,340.0,340.0,340.0,340.0,339.0,339.0,339.0,338.0,336.0,335.0,331.0,329.0,327.0,321.0,307.0,292.0,267.0,233.0,120.0,311.2105263157895,15.0,15.0,15.0,15.0,16.0,16.0,16.0,17.0,19.0,20.0,24.0,26.0,28.0,34.0,48.0,63.0,88.0,122.0,235.0,43.78947368421053,13.0,13.0,13.0,13.0,14.0,14.0,14.0,15.0,17.0,18.0,22.0,24.0,26.0,32.0,46.0,61.0,86.0,120.0,233.0,41.78947368421053,0.8676056338028169,0.9010781192454443,0.8929577464788733,0.9436619718309859,0.9490084985835694,1.0,0.0,0.0,0.7742568167527433,0.9463276836158192,0.08955223880597014,0.8902697394100301,301.86116994722386,335,20,18,9,2,0,0,6.0,201,0.3220338983050847,0.3211267605633803,0.32294617563739375,114,241,239,353,355,15,2
tagging_009_tagging_aria01_rgb,0.4826209063877926,0.9112392930977424,0.43978313357100385,0.4826209063877926,0.4826209063877926,0.4816268613380328,0.48105445361777355,0.4807759230494484,0.4803553386235134,0.4803553386235134,0.47920339025703335,0.4784273267540738,0.4749857018035709,0.4731988582702827,0.4692870682450928,0.4628376487813609,0.4542045261829722,0.4422823678609352,0.4239405395996547,0.4077530161004117,0.34652751004890264,0.17256284035432923,0.4449800274887624,0.9560693641618497,0.9560693641618497,0.9493087557603687,0.9448275862068966,0.9425947187141217,0.9403669724770642,0.9403669724770642,0.9359267734553776,0.9315068493150684,0.9227272727272727,0.9140271493212669,0.9032620922384702,0.8905027932960894,0.8716814159292036,0.8491803278688524,0.8019169329073482,0.7515527950310559,0.6222435282837967,0.2916030534351145,0.8587228798825332,0.24362556527137477,0.24362556527137477,0.24435088389817697,0.24492657784742133,0.24522255810999605,0.24537362338056595,0.24537362338056595,0.24535668360681107,0.24572305308689116,0.24450498385183633,0.2449786744677926,0.2438166666291708,0.2405592556723529,0.23667104498858987,0.23035589320774544,0.2241199477662252,0.22122533937500993,0.1929812199925764,0.10211804547437532,0.23078469501467647,0.992797118847539,0.992797118847539,0.9891956782713085,0.9867947178871549,0.985594237695078,0.9843937575030012,0.9843937575030012,0.9819927971188476,0.9795918367346939,0.9747899159663865,0.9699879951980792,0.963985594237695,0.9567827130852341,0.9459783913565426,0.9327731092436975,0.9039615846338536,0.8715486194477791,0.7791116446578632,0.45858343337334934,0.9281607379794022,0.9627473806752037,0.9627473806752037,0.959254947613504,0.9569266589057043,0.9557625145518044,0.9545983701979045,0.9545983701979045,0.9522700814901047,0.9499417927823051,0.9452852153667055,0.940628637951106,0.9348079161816065,0.9278230500582072,0.9173457508731082,0.9045401629802096,0.8766006984866124,0.8451688009313155,0.7555296856810244,0.4447031431897555,0.9000673978310153,0.24411318700577916,0.24411318700577916,0.24484436977249885,0.2454212370031266,0.2457178061292009,0.24587329485098824,0.24587329485098824,0.24589889219507022,0.2462695641494805,0.24542033673365274,0.2459205371879716,0.24513543820386707,0.2428148163762202,0.2400875083060025,0.2352864119975851,0.23080763618875277,0.22940119073098048,0.2070044160872768,0.12192642194935242,0.23431208140655646,0.9558971220481101,0.9558971220481101,0.9567183831451029,0.9566130750748963,0.9574737487351581,0.9563167045262986,0.9563167045262986,0.9539773735589412,0.9524305792675551,0.9482877368534566,0.9450638766810682,0.9410546978693716,0.933761429579155,0.9254328139337203,0.9114475556932695,0.8824728277685914,0.8610022591326024,0.7862097170665034,0.4931862110996898,0.9068189441372578,0.9112392930977424,0.9112392930977424,0.9141581354461459,0.9159204547149046,0.9167891256785954,0.9175736450233363,0.9175736450233363,0.9188511209675063,0.9200597325971175,0.9221978881326885,0.9241740595697399,0.9263007282684428,0.9285843928376988,0.931445055709974,0.9344398483189702,0.9394838022413584,0.9438807876892753,0.9517226333954732,0.9681594668615695,0.9270417425616642,0.49180357794451224,0.49180357794451224,0.49164096486547065,0.4916220634695034,0.4916197109820339,0.49147152828187474,0.49147152828187474,0.49085486248671967,0.49062031847595183,0.48820179502158145,0.4874693562812918,0.484804862048201,0.47975299613442574,0.473165609928467,0.4635404866244133,0.4501064575528921,0.4390998054191738,0.38775496862902625,0.21640158017679736,0.46280031844993275,827.0,827.0,824.0,822.0,821.0,820.0,820.0,818.0,816.0,812.0,808.0,803.0,797.0,788.0,777.0,753.0,726.0,649.0,382.0,773.1578947368421,6.0,6.0,9.0,11.0,12.0,13.0,13.0,15.0,17.0,21.0,25.0,30.0,36.0,45.0,56.0,80.0,107.0,184.0,451.0,59.8421052631579,32.0,32.0,35.0,37.0,38.0,39.0,39.0,41.0,43.0,47.0,51.0,56.0,62.0,71.0,82.0,106.0,133.0,210.0,477.0,85.84210526315789,0.9063625450180072,0.9211103366580782,0.9303721488595438,0.9807923169267707,0.9511059371362048,1.0,0.0,0.0,0.8289881693273108,0.9657210401891253,0.07355516637478109,0.9288102881204514,752.5471450496499,817,16,42,20,2,0,0,19.0,571,0.4078014184397163,0.4141656662665066,0.40162980209545984,345,488,514,859,833,24,2
tagging_009_tagging_aria03_rgb,0.49534905759004894,0.925258216507363,0.4583257855743717,0.49534905759004894,0.49534905759004894,0.49534905759004894,0.49534905759004894,0.49534905759004894,0.49534905759004894,0.49534905759004894,0.49534905759004894,0.4930567493664096,0.4930567493664096,0.4902079589135401,0.4801112882945355,0.47575427344601723,0.4654775554933175,0.4541556326570546,0.4412481971155477,0.41655631584418223,0.3575997185048443,0.1988930115760566,0.4594163111209635,0.9561068702290076,0.9561068702290076,0.9561068702290076,0.9561068702290076,0.9561068702290076,0.9561068702290076,0.9561068702290076,0.9561068702290076,0.9486692015209125,0.9486692015209125,0.9449715370018975,0.9266917293233082,0.9158878504672897,0.8911439114391144,0.8636363636363636,0.8369175627240143,0.782608695652174,0.6479099678456591,0.34338138925294887,0.8789127564324554,0.2566352114974116,0.2566352114974116,0.2566352114974116,0.2566352114974116,0.2566352114974116,0.2566352114974116,0.2566352114974116,0.2566352114974116,0.25625893378431913,0.25625893378431913,0.25429744026427376,0.24874167088570004,0.24712865072581439,0.24313621165646931,0.2388242868858342,0.2326393663242151,0.22171893212236646,0.1973693337362052,0.11520260355360441,0.2402451608264428,0.9940476190476191,0.9940476190476191,0.9940476190476191,0.9940476190476191,0.9940476190476191,0.9940476190476191,0.9940476190476191,0.9940476190476191,0.9900793650793651,0.9900793650793651,0.9880952380952381,0.9781746031746031,0.9722222222222222,0.9583333333333334,0.9424603174603174,0.9265873015873016,0.8928571428571429,0.7996031746031746,0.5198412698412699,0.9426691729323308,0.9616122840690979,0.9616122840690979,0.9616122840690979,0.9616122840690979,0.9616122840690979,0.9616122840690979,0.9616122840690979,0.9616122840690979,0.9577735124760077,0.9577735124760077,0.9558541266794626,0.946257197696737,0.9404990403071017,0.927063339731286,0.9117082533589251,0.8963531669865643,0.8637236084452975,0.7735124760076776,0.5028790786948176,0.9119102939690878,0.2567011626795286,0.2567011626795286,0.2567011626795286,0.2567011626795286,0.2567011626795286,0.2567011626795286,0.2567011626795286,0.2567011626795286,0.2564273218969709,0.2564273218969709,0.2549494164340647,0.2506563045887786,0.24940152013884734,0.24629029222297102,0.24289499408344908,0.23800291371266022,0.22920603888345822,0.20918441600023285,0.13016461089595785,0.24301128695739946,0.9961849699615547,0.9961849699615547,0.9961849699615547,0.9961849699615547,0.9961849699615547,0.9961849699615547,0.9961849699615547,0.9961849699615547,0.9922833458735848,0.9922833458735848,0.9902902431848801,0.9804214295697732,0.9745756026669522,0.9612761587546049,0.9468785283726091,0.9321154622641438,0.8990029739755614,0.8192760204960622,0.5658974872316183,0.9486200188397798,0.925258216507363,0.925258216507363,0.925258216507363,0.925258216507363,0.925258216507363,0.925258216507363,0.925258216507363,0.925258216507363,0.9272299778231655,0.9272299778231655,0.9280645251094023,0.9315403009936426,0.9333491918674601,0.9372279765810809,0.9407721581201371,0.9435361399750489,0.9480350629485926,0.956133312251018,0.969071634919626,0.9339082100248022,0.5050817962991581,0.5050817962991581,0.5050817962991581,0.5050817962991581,0.5050817962991581,0.5050817962991581,0.5050817962991581,0.5050817962991581,0.5037029704668157,0.5037029704668157,0.5012684807415455,0.4932674580910516,0.49016728367306467,0.48270646999059696,0.4744285122499039,0.46428513080361966,0.444930705000355,0.3972620618996774,0.24471834365311912,0.47584709249630686,501.0,501.0,501.0,501.0,501.0,501.0,501.0,501.0,499.0,499.0,498.0,493.0,490.0,483.0,475.0,467.0,450.0,403.0,262.0,475.10526315789474,3.0,3.0,3.0,3.0,3.0,3.0,3.0,3.0,5.0,5.0,6.0,11.0,14.0,21.0,29.0,37.0,54.0,101.0,242.0,28.894736842105264,20.0,20.0,20.0,20.0,20.0,20.0,20.0,20.0,22.0,22.0,23.0,28.0,31.0,38.0,46.0,54.0,71.0,118.0,259.0,45.89473684210526,0.9305555555555556,0.9272299778231655,0.9464285714285714,0.9900793650793651,0.9577735124760077,1.0,0.0,0.0,0.858507458201904,0.9736585365853658,0.03852889667250438,0.9446367262162859,462.6877589337596,499,5,22,8,2,0,0,9.0,571,0.3882926829268293,0.3948412698412698,0.381957773512476,199,305,322,521,504,13,2
tagging_009_tagging_aria04_rgb,0.4272761986021212,0.9294360905737544,0.3971259196239706,0.4272761986021212,0.4272761986021212,0.4272761986021212,0.4272761986021212,0.4272761986021212,0.4272761986021212,0.4272761986021212,0.4272761986021212,0.4272761986021212,0.4255065731954999,0.4238196922635156,0.42066508929905116,0.41664837207111716,0.41312503445237503,0.40537726296498267,0.3989342479870152,0.3807238568565388,0.34284950165772965,0.16957213509209307,0.4022477659610005,0.9757575757575757,0.9757575757575757,0.9757575757575757,0.9757575757575757,0.9757575757575757,0.9757575757575757,0.9757575757575757,0.9757575757575757,0.9757575757575757,0.9709794437726723,0.9662243667068757,0.9567827130852341,0.9427890345649583,0.933570581257414,0.9131455399061033,0.8931475029036005,0.8314606741573034,0.7266949152542372,0.3019169329073482,0.9062384150702067,0.18710072504447262,0.18710072504447262,0.18710072504447262,0.18710072504447262,0.18710072504447262,0.18710072504447262,0.18710072504447262,0.18710072504447262,0.18710072504447262,0.1864672264626917,0.18590209245347408,0.18495225189046077,0.18413012835858486,0.18281670129472138,0.1799611542163131,0.17818841087231105,0.17433254474317464,0.1617539607330673,0.09524046472913549,0.17882376111337833,0.9962871287128713,0.9962871287128713,0.9962871287128713,0.9962871287128713,0.9962871287128713,0.9962871287128713,0.9962871287128713,0.9962871287128713,0.9962871287128713,0.9938118811881188,0.9913366336633663,0.9863861386138614,0.9789603960396039,0.974009900990099,0.9628712871287128,0.9517326732673267,0.9158415841584159,0.849009900990099,0.46782178217821785,0.9493877019280873,0.9793187347931873,0.9793187347931873,0.9793187347931873,0.9793187347931873,0.9793187347931873,0.9793187347931873,0.9793187347931873,0.9793187347931873,0.9793187347931873,0.9768856447688564,0.9744525547445255,0.9695863746958637,0.962287104622871,0.9574209245742092,0.9464720194647201,0.9355231143552312,0.9002433090024331,0.8345498783454988,0.45985401459854014,0.9332180817006019,0.18710370913574573,0.18710370913574573,0.18710370913574573,0.18710370913574573,0.18710370913574573,0.18710370913574573,0.18710370913574573,0.18710370913574573,0.18710370913574573,0.18656747328701184,0.1860940538409492,0.18529480018220695,0.18465643499644432,0.18354588119852616,0.1811301546438876,0.17966001591215472,0.1765495623646406,0.16570140187755655,0.10313665377992863,0.17980367443710624,0.9967761017450458,0.9967761017450458,0.9967761017450458,0.9967761017450458,0.9967761017450458,0.9967761017450458,0.9967761017450458,0.9967761017450458,0.9967761017450458,0.9943506667922463,0.9918765099956679,0.9870589755235961,0.980862192374585,0.9758511115356374,0.9645213828014114,0.9536294137831508,0.9238095974515059,0.8611767143143815,0.527105548755499,0.9542751067912155,0.9294360905737544,0.9294360905737544,0.9294360905737544,0.9294360905737544,0.9294360905737544,0.9294360905737544,0.9294360905737544,0.9294360905737544,0.9294360905737544,0.9305517140433784,0.9316075889865509,0.9334021753121374,0.9356899507347363,0.9370283392307509,0.9394707378081163,0.9413692194252712,0.9458661634405612,0.9508145969398942,0.9671914905886939,0.9356798311407304,0.43174766256999475,0.43174766256999475,0.43174766256999475,0.43174766256999475,0.43174766256999475,0.43174766256999475,0.43174766256999475,0.43174766256999475,0.43174766256999475,0.4304803655346183,0.42929192226712454,0.4271233282907524,0.4245657821595416,0.4219778159185718,0.4162684568802087,0.4118103114599747,0.39957601773374357,0.37058158910925115,0.2110818891924787,0.41202560219348516,805.0,805.0,805.0,805.0,805.0,805.0,805.0,805.0,805.0,803.0,801.0,797.0,791.0,787.0,778.0,769.0,740.0,686.0,378.0,767.1052631578947,3.0,3.0,3.0,3.0,3.0,3.0,3.0,3.0,3.0,5.0,7.0,11.0,17.0,21.0,30.0,39.0,68.0,122.0,430.0,40.89473684210526,17.0,17.0,17.0,17.0,17.0,17.0,17.0,17.0,17.0,19.0,21.0,25.0,31.0,35.0,44.0,53.0,82.0,136.0,444.0,54.89473684210526,0.9566831683168316,0.9304984777178065,0.9702970297029703,0.9938118811881188,0.9768856447688564,1.0,0.0,0.0,0.887611729712127,0.9852760736196319,0.03327495621716287,0.9690081773698537,747.1902776073986,803,5,19,11,2,0,0,6.0,571,0.2294478527607362,0.23143564356435645,0.22749391727493917,187,621,635,822,808,19,2
tagging_010_tagging_aria01_rgb,0.3695496747659761,0.9040888313285916,0.3341057335770325,0.3695496747659761,0.3695496747659761,0.3695496747659761,0.3695496747659761,0.36731338212563314,0.36537549392102603,0.36537549392102603,0.36537549392102603,0.3632211878271779,0.3621698702598431,0.3591999585309096,0.35639042711162067,0.3515312478987236,0.3487931872783078,0.3418644390418579,0.32833652071121117,0.3028892295049366,0.2510080723771615,0.09909535141363382,0.3371651607846315,0.9217221135029354,0.9217221135029354,0.9217221135029354,0.9217221135029354,0.9142300194931774,0.9067961165048544,0.9067961165048544,0.9067961165048544,0.8994197292069632,0.8957528957528957,0.8848368522072937,0.8776290630975143,0.8598484848484849,0.8493408662900188,0.8218923933209648,0.7789855072463768,0.698961937716263,0.5416012558869702,0.18170878459687123,0.8216570838521104,0.1481650056117524,0.1481650056117524,0.1481650056117524,0.1481650056117524,0.14757677806660366,0.1472208020393734,0.1472208020393734,0.1472208020393734,0.14668305241970966,0.1464321416608801,0.1458174011251287,0.1447241686465102,0.1437162714440429,0.1432365877120287,0.1421978054927243,0.1383913690690104,0.13125447953553074,0.11633106776186504,0.05404190388250862,0.13866976080956173,0.9874213836477987,0.9874213836477987,0.9874213836477987,0.9874213836477987,0.9832285115303984,0.9790356394129979,0.9790356394129979,0.9790356394129979,0.9748427672955975,0.9727463312368972,0.9664570230607966,0.9622641509433962,0.9517819706498952,0.9454926624737946,0.9287211740041929,0.9014675052410901,0.8469601677148847,0.7232704402515723,0.3165618448637317,0.9137151053734965,0.9326732673267327,0.9326732673267327,0.9326732673267327,0.9326732673267327,0.9287128712871288,0.9247524752475248,0.9247524752475248,0.9247524752475248,0.9207920792079208,0.9188118811881189,0.9128712871287129,0.9089108910891089,0.899009900990099,0.8930693069306931,0.8772277227722772,0.8514851485148515,0.8,0.6831683168316832,0.299009900990099,0.8630536737884317,0.15782108310961532,0.15782108310961532,0.15782108310961532,0.15782108310961532,0.15729422708324792,0.1569995450411194,0.1569995450411194,0.1569995450411194,0.15657524149702365,0.15634726267600715,0.15591519649154423,0.1550040687577085,0.15427209926351051,0.1539127757898911,0.15309185933492123,0.1500842931318452,0.1428660958025727,0.12786197249976694,0.062316866507848005,0.14883289086303722,0.84009768009768,0.84009768009768,0.84009768009768,0.84009768009768,0.8373688855565188,0.833937611282365,0.833937611282365,0.833937611282365,0.82948211167566,0.8282956507094438,0.8217995446690829,0.816843622539234,0.8084848058731003,0.8039637859805926,0.7919348943174275,0.7642186454459271,0.7285379811875362,0.6645698094379132,0.3467787837591388,0.7844464250204941,0.9040888313285916,0.9040888313285916,0.9040888313285916,0.9040888313285916,0.9069435800183767,0.9096469513503413,0.9096469513503413,0.9096469513503413,0.9117183840767454,0.9126165485562789,0.9151045006002854,0.9166198888408875,0.9199252612624347,0.9214980461129192,0.9250062177785838,0.9293044048049708,0.9357605515722195,0.9459432558352581,0.966373266651971,0.9185321097619116,0.38249352262403136,0.38249352262403136,0.38249352262403136,0.38249352262403136,0.3809221650611561,0.3796503813504108,0.3796503813504108,0.3796503813504108,0.37814403702318905,0.3774140015629822,0.37540145364909544,0.3731794196678362,0.36984666559192664,0.36800698726995285,0.3634035124459074,0.35320719446458015,0.3334176300088869,0.2900669277857433,0.1307960427268172,0.3559332248318648,471.0,471.0,471.0,471.0,469.0,467.0,467.0,467.0,465.0,464.0,461.0,459.0,454.0,451.0,443.0,430.0,404.0,345.0,151.0,435.8421052631579,6.0,6.0,6.0,6.0,8.0,10.0,10.0,10.0,12.0,13.0,16.0,18.0,23.0,26.0,34.0,47.0,73.0,132.0,326.0,41.1578947368421,34.0,34.0,34.0,34.0,36.0,38.0,38.0,38.0,40.0,41.0,44.0,46.0,51.0,54.0,62.0,75.0,101.0,160.0,354.0,69.15789473684211,0.8574423480083857,0.9116962948095289,0.8951781970649895,0.9769392033542977,0.9227722772277228,1.0,0.0,0.0,0.771174996606374,0.9490835030549898,0.09263657957244656,0.8925465985217961,424.8504733812404,466,11,39,18,2,0,0,13.0,421,0.20977596741344195,0.21593291404612158,0.20396039603960395,103,374,402,505,477,22,2
tagging_010_tagging_aria03_rgb,0.37136016974923536,0.919837804566388,0.3415911232455378,0.37136016974923536,0.37136016974923536,0.37136016974923536,0.37136016974923536,0.37136016974923536,0.37136016974923536,0.37136016974923536,0.370261096001123,0.3678634627722823,0.36697986784248876,0.36604540885640147,0.3643633252263615,0.3582881443063313,0.3554882588290487,0.3450022859720202,0.3371532820924624,0.3191677755260926,0.2759910323139535,0.12927333169863056,0.3450209715622023,0.9708904109589042,0.9708904109589042,0.9708904109589042,0.9708904109589042,0.9708904109589042,0.9708904109589042,0.9708904109589042,0.9675213675213675,0.9608177172061328,0.9574829931972789,0.9541595925297114,0.9475465313028765,0.9312080536912751,0.9215358931552587,0.8868852459016393,0.8624595469255664,0.7984375,0.6561151079136691,0.249728555917481,0.8889542622091887,0.14204319469998172,0.14204319469998172,0.14204319469998172,0.14204319469998172,0.14204319469998172,0.14204319469998172,0.14204319469998172,0.14169535042224807,0.1408420398786029,0.14065442870371941,0.14042644688988737,0.1401098820840655,0.13785361267186091,0.13713182861778975,0.13420741620852303,0.13180019402756973,0.1275842742033963,0.11609403441407147,0.06691903625945866,0.13419057406742446,0.9759036144578314,0.9759036144578314,0.9759036144578314,0.9759036144578314,0.9759036144578314,0.9759036144578314,0.9759036144578314,0.9741824440619621,0.9707401032702238,0.9690189328743546,0.9672977624784854,0.963855421686747,0.955249569707401,0.9500860585197934,0.9311531841652324,0.9173838209982789,0.8795180722891566,0.7848537005163512,0.3958691910499139,0.920554398043301,0.9947368421052631,0.9947368421052631,0.9947368421052631,0.9947368421052631,0.9947368421052631,0.9947368421052631,0.9947368421052631,0.9929824561403509,0.9894736842105263,0.987719298245614,0.9859649122807017,0.9824561403508771,0.9736842105263158,0.968421052631579,0.9491228070175438,0.9350877192982456,0.8964912280701754,0.8,0.40350877192982454,0.9383194829178209,0.14211364423053807,0.14211364423053807,0.14211364423053807,0.14211364423053807,0.14211364423053807,0.14211364423053807,0.14211364423053807,0.1418064507925858,0.14105908323311234,0.14089364511541905,0.14069380261881817,0.14041789220692566,0.13845359514504493,0.13784490398257165,0.13529440603168175,0.13315549842328891,0.129476299786174,0.11915944138417722,0.07227494166842802,0.13501713000010493,0.994842605953717,0.994842605953717,0.994842605953717,0.994842605953717,0.994842605953717,0.994842605953717,0.994842605953717,0.993187172074098,0.9897435602222836,0.9881106164409896,0.9863545855093897,0.9829385049474334,0.9741463350515075,0.9725334493665172,0.9535589800129599,0.9399588802051435,0.9026723806739954,0.8169235587928843,0.47985092382097505,0.9444145888839051,0.919837804566388,0.919837804566388,0.919837804566388,0.919837804566388,0.919837804566388,0.919837804566388,0.919837804566388,0.9207689979391899,0.9225459381182697,0.9233201125013613,0.9240553571255955,0.925301883192347,0.9280659165108786,0.9294301367857933,0.9335954427413524,0.9360441716020349,0.9404292217013048,0.9477242408417859,0.9658070951163906,0.9282080603232113,0.3723176964862799,0.3723176964862799,0.3723176964862799,0.3723176964862799,0.3723176964862799,0.3723176964862799,0.3723176964862799,0.371533474651426,0.36975805107738213,0.36918397095016214,0.36855689909346684,0.36748560445086464,0.36288373370462046,0.3609529589144376,0.3535076561280602,0.3477231162941665,0.334981603825915,0.3018556484774744,0.16276112788338548,0.3514425116239643,567.0,567.0,567.0,567.0,567.0,567.0,567.0,566.0,564.0,563.0,562.0,560.0,555.0,552.0,541.0,533.0,511.0,456.0,230.0,534.8421052631579,14.0,14.0,14.0,14.0,14.0,14.0,14.0,15.0,17.0,18.0,19.0,21.0,26.0,29.0,40.0,48.0,70.0,125.0,351.0,46.1578947368421,3.0,3.0,3.0,3.0,3.0,3.0,3.0,4.0,6.0,7.0,8.0,10.0,15.0,18.0,29.0,37.0,59.0,114.0,340.0,35.1578947368421,0.9294320137693631,0.9234014369576831,0.9569707401032702,0.9690189328743546,0.987719298245614,1.0,0.0,0.0,0.8552065559503882,0.9782797567332754,0.0166270783847981,0.9548982444360483,519.8750090071755,563,18,7,16,2,0,0,11.0,421,0.20851433536055602,0.20654044750430292,0.21052631578947367,120,461,450,570,581,18,2
tagging_010_tagging_aria04_rgb,0.35088971452529405,0.9052469502979266,0.3176418439649325,0.35088971452529405,0.35088971452529405,0.35021080946562216,0.3477033972779826,0.3452742284945167,0.34380390134405603,0.34050586601980604,0.34050586601980604,0.34050586601980604,0.3390028782729272,0.3330003549125383,0.3311609038757136,0.3279855659719508,0.3236802360147895,0.31552824048381606,0.3108930324471957,0.29457607099797983,0.26197706489286954,0.1345871182404995,0.3201410963053929,0.8913362701908958,0.8913362701908958,0.8885630498533724,0.8802919708029197,0.872093023255814,0.8639652677279306,0.8532374100719424,0.8532374100719424,0.8532374100719424,0.8452722063037249,0.8243626062322946,0.8166431593794076,0.8089887640449438,0.796373779637378,0.7716643741403026,0.7595628415300546,0.7059602649006622,0.6019900497512438,0.2468538238141336,0.7907878922090422,0.13813371661996118,0.13813371661996118,0.138029159649172,0.13733812926679215,0.13669905581564804,0.13681235461031968,0.13588743698441683,0.13588743698441683,0.13588743698441683,0.13595969513758596,0.13451512178444122,0.13429065436502208,0.1329740736423436,0.13155743931485975,0.1290173213629678,0.12725013960597836,0.12291777019039059,0.11400849990501187,0.07337821272690001,0.1299303879774003,0.9902120717781403,0.9902120717781403,0.9885807504078303,0.9836867862969005,0.9787928221859706,0.9738988580750407,0.967373572593801,0.967373572593801,0.967373572593801,0.9624796084828712,0.9494290375203915,0.9445350734094616,0.9396411092985318,0.9314845024469821,0.9151712887438825,0.9070146818923328,0.8694942903752039,0.7895595432300163,0.4159869494290375,0.9174894822701125,0.8992592592592593,0.8992592592592593,0.8977777777777778,0.8933333333333333,0.8888888888888888,0.8844444444444445,0.8785185185185185,0.8785185185185185,0.8785185185185185,0.8740740740740741,0.8622222222222222,0.8577777777777778,0.8533333333333334,0.845925925925926,0.8311111111111111,0.8237037037037037,0.7896296296296297,0.717037037037037,0.37777777777777777,0.8332163742690059,0.13922469677058052,0.13922469677058052,0.1391330420757127,0.1385284357441059,0.1379662329615861,0.1380898216044923,0.13729144710245217,0.13729144710245217,0.13729144710245217,0.13736224326070803,0.13611997797383657,0.135956684290205,0.13479241637488834,0.1335541754223509,0.13129668703779132,0.12970734547487803,0.12585712800421592,0.11778618926598683,0.07927386395035234,0.13188147254155935,0.927015654723361,0.927015654723361,0.9256358820500714,0.9214517688563792,0.9176223538241891,0.917007755578488,0.9111379460663452,0.9111379460663452,0.9111379460663452,0.9099046481430838,0.8986551697755834,0.8967909200782526,0.8916257889503952,0.8843892114289436,0.869108148933296,0.8614737124514299,0.8362577482373661,0.7761277579376309,0.48749105644977847,0.8726835300179284,0.9052469502979266,0.9052469502979266,0.9065040438520783,0.9100957375981719,0.9135350351311371,0.9167867906436339,0.9207460383313446,0.9207460383313446,0.9207460383313446,0.9230224167770075,0.9285604934461059,0.9303826024234196,0.9320748386629598,0.9342481230850214,0.9380606668717615,0.9395536552695845,0.9444439492301748,0.9508893543579546,0.9682261234036791,0.9267955708601355,0.3698400650506463,0.3698400650506463,0.3693954117529625,0.36755639433218823,0.36578689784074503,0.3650224594809857,0.3625657393993954,0.3625657393993954,0.3625657393993954,0.3617436027706285,0.3573689446604731,0.35614917250903555,0.3534797109668904,0.35006244571990464,0.3436174446416114,0.33973187206306005,0.3269194080598398,0.30002749725540245,0.17471227451675544,0.34520794130894533,607.0,607.0,606.0,603.0,600.0,597.0,593.0,593.0,593.0,590.0,582.0,579.0,576.0,571.0,561.0,556.0,533.0,484.0,255.0,562.421052631579,6.0,6.0,7.0,10.0,13.0,16.0,20.0,20.0,20.0,23.0,31.0,34.0,37.0,42.0,52.0,57.0,80.0,129.0,358.0,50.578947368421055,68.0,68.0,69.0,72.0,75.0,78.0,82.0,82.0,82.0,85.0,93.0,96.0,99.0,104.0,114.0,119.0,142.0,191.0,420.0,112.57894736842105,0.8238172920065253,0.9237139423739178,0.8531810766721044,0.9771615008156607,0.8874074074074074,1.0,0.0,0.0,0.7492734934453128,0.9301242236024845,0.18052256532066507,0.8511333238089668,553.3046514819767,599,14,76,18,2,0,0,13.0,421,0.1972049689440994,0.20717781402936378,0.18814814814814815,127,486,548,675,613,22,2
COMBINED,0.7042440076327021,0.9174248766206876,0.6460909718132903,0.7042440076327021,0.7041809570886767,0.7040922750640887,0.7038993345127641,0.7036587789689821,0.7030669958639155,0.7021689178254841,0.7009742334356028,0.6996933712199642,0.6983334361326747,0.69679009478117,0.6943660682065674,0.6902638440984037,0.683741781856286,0.6718944102402574,0.6520182896927648,0.6077609557728543,0.501391375741928,0.24141304850970427,0.6559974829813048,0.9811531841652323,0.9809827037260133,0.9806418308526198,0.9800285552096055,0.9792795116499011,0.9781230129405901,0.9760854263592508,0.9730707257705098,0.9702675407815683,0.9664975313071259,0.962775390491781,0.9564700083286591,0.9471369364797428,0.9331082896681445,0.908619088678119,0.8694374066133957,0.7902636285869818,0.612973291107312,0.24122499595621932,0.894112582035409,0.505486431977014,0.5054837546501947,0.5055321078582765,0.505571261667515,0.5056122091086218,0.5053589314773993,0.5051209411037209,0.5049631675555257,0.5045730101769667,0.5045740648311089,0.5042883739863278,0.5040871459410933,0.5030573258397001,0.5010166873796332,0.4968441717077199,0.48896889742738603,0.46740526325675075,0.41012115097910906,0.24160124766392907,0.48261400760989437,0.9895327037911401,0.9894459102902374,0.9892723232884322,0.9889598666851827,0.9885779752812109,0.9879877794750729,0.986946257464241,0.9854013331481739,0.9839605610331899,0.9820163866129704,0.9800895708929316,0.9768087765588113,0.9719136231079016,0.9644667407304541,0.9512046937925288,0.9292632967643383,0.8819955561727538,0.7593216219969449,0.38831412303846685,0.9302883736907885,0.9914430318103553,0.9913560707515174,0.9911821486338418,0.9908690888220255,0.9904864601631389,0.9898951249630416,0.9888515922569873,0.9873036854096735,0.9858601318329652,0.9839122041149974,0.981981668608797,0.9786945405847262,0.9737899368662712,0.9663286780179835,0.9530410282275597,0.9310572725533506,0.8836982799102562,0.7607875193488356,0.3890637772405517,0.932084328427204,0.5081851711033122,0.5081896948269448,0.508243130308152,0.5083050270909952,0.5083695495653128,0.5082112882424632,0.5080946328031639,0.5080587920472471,0.5078617895634353,0.5080211968226345,0.5079837545379124,0.5081066470446,0.5077575206760839,0.5069136807511515,0.5049478606549789,0.5009491846496487,0.4884034951663894,0.4496041865349957,0.3092969045184292,0.4929212372056765,0.9799312104664878,0.9798612534573707,0.97981619288626,0.9796457501455005,0.9794433577437602,0.9791387268543588,0.978662937556327,0.9780325685025226,0.9771070865085145,0.975805316572048,0.9743390435981117,0.9716895645030276,0.967600823691648,0.9613213631936954,0.9503489588147973,0.9323472599398465,0.8944359442095405,0.7985674793970676,0.5053665302700817,0.9338663878058404,0.9174248766206876,0.9174990873826481,0.9176384440405775,0.9178717618277362,0.9181399451725477,0.9185203576244235,0.9191454310536685,0.9199958865862656,0.9207217878665532,0.9216009768119582,0.9223786861716116,0.9235397727715962,0.9250340462080702,0.9269569282608977,0.9297390025736991,0.9333184144274328,0.9389606959567149,0.9485648789169916,0.9665995199916823,0.9265079210666191,0.7072449050816492,0.7072120147146744,0.7071837970696553,0.7070994891375366,0.7069915798353341,0.7066034591963524,0.7060646021357625,0.7054015725102545,0.7046133281282249,0.7039176087611847,0.7030275784537575,0.7017098747386574,0.6992340582293136,0.6951359086744143,0.6874594593223984,0.6740777771434068,0.6420664802995172,0.5580446734596711,0.306295897151134,0.6699675823180473,57005.0,57000.0,56990.0,56972.0,56950.0,56916.0,56856.0,56767.0,56684.0,56572.0,56461.0,56272.0,55990.0,55561.0,54797.0,53533.0,50810.0,43743.0,22370.0,53592.05263157895,603.0,608.0,618.0,636.0,658.0,692.0,752.0,841.0,924.0,1036.0,1147.0,1336.0,1618.0,2047.0,2811.0,4075.0,6798.0,13865.0,35238.0,4015.9473684210525,492.0,497.0,507.0,525.0,547.0,581.0,641.0,730.0,813.0,925.0,1036.0,1225.0,1507.0,1936.0,2700.0,3964.0,6687.0,13754.0,35127.0,3904.9473684210525,0.9614810442994028,0.9215151816529552,0.9720004166088043,0.9850368004443827,0.9869384489625546,0.9939393939393939,0.006060606060606061,0.0,0.8841706099513713,0.9859867077885409,0.022738971144820905,0.9719521165007609,52292.3004980786,56746,862,751,606,164,1,0,654.0,33027,0.5950393119325833,0.5944660463824469,0.5956136841922187,34246,23362,23251,57497,57608,763,165
