seq,HOTA(0),LocA(0),HOTALocA(0),HOTA___5,HOTA___10,HOTA___15,HOTA___20,HOTA___25,HOTA___30,HOTA___35,HOTA___40,HOTA___45,HOTA___50,HOTA___55,HOTA___60,HOTA___65,HOTA___70,HOTA___75,HOTA___80,HOTA___85,HOTA___90,HOTA___95,HOTA___AUC,DetA___5,DetA___10,DetA___15,DetA___20,DetA___25,DetA___30,DetA___35,DetA___40,DetA___45,DetA___50,DetA___55,DetA___60,DetA___65,DetA___70,DetA___75,DetA___80,DetA___85,DetA___90,DetA___95,DetA___AUC,AssA___5,AssA___10,AssA___15,AssA___20,AssA___25,AssA___30,AssA___35,AssA___40,AssA___45,AssA___50,AssA___55,AssA___60,AssA___65,AssA___70,AssA___75,AssA___80,AssA___85,AssA___90,AssA___95,AssA___AUC,DetRe___5,DetRe___10,DetRe___15,DetRe___20,DetRe___25,DetRe___30,DetRe___35,DetRe___40,DetRe___45,DetRe___50,DetRe___55,DetRe___60,DetRe___65,DetRe___70,DetRe___75,DetRe___80,DetRe___85,DetRe___90,DetRe___95,DetRe___AUC,DetPr___5,DetPr___10,DetPr___15,DetPr___20,DetPr___25,DetPr___30,DetPr___35,DetPr___40,DetPr___45,DetPr___50,DetPr___55,DetPr___60,DetPr___65,DetPr___70,DetPr___75,DetPr___80,DetPr___85,DetPr___90,DetPr___95,DetPr___AUC,AssRe___5,AssRe___10,AssRe___15,AssRe___20,AssRe___25,AssRe___30,AssRe___35,AssRe___40,AssRe___45,AssRe___50,AssRe___55,AssRe___60,AssRe___65,AssRe___70,AssRe___75,AssRe___80,AssRe___85,AssRe___90,AssRe___95,AssRe___AUC,AssPr___5,AssPr___10,AssPr___15,AssPr___20,AssPr___25,AssPr___30,AssPr___35,AssPr___40,AssPr___45,AssPr___50,AssPr___55,AssPr___60,AssPr___65,AssPr___70,AssPr___75,AssPr___80,AssPr___85,AssPr___90,AssPr___95,AssPr___AUC,LocA___5,LocA___10,LocA___15,LocA___20,LocA___25,LocA___30,LocA___35,LocA___40,LocA___45,LocA___50,LocA___55,LocA___60,LocA___65,LocA___70,LocA___75,LocA___80,LocA___85,LocA___90,LocA___95,LocA___AUC,OWTA___5,OWTA___10,OWTA___15,OWTA___20,OWTA___25,OWTA___30,OWTA___35,OWTA___40,OWTA___45,OWTA___50,OWTA___55,OWTA___60,OWTA___65,OWTA___70,OWTA___75,OWTA___80,OWTA___85,OWTA___90,OWTA___95,OWTA___AUC,HOTA_TP___5,HOTA_TP___10,HOTA_TP___15,HOTA_TP___20,HOTA_TP___25,HOTA_TP___30,HOTA_TP___35,HOTA_TP___40,HOTA_TP___45,HOTA_TP___50,HOTA_TP___55,HOTA_TP___60,HOTA_TP___65,HOTA_TP___70,HOTA_TP___75,HOTA_TP___80,HOTA_TP___85,HOTA_TP___90,HOTA_TP___95,HOTA_TP___AUC,HOTA_FN___5,HOTA_FN___10,HOTA_FN___15,HOTA_FN___20,HOTA_FN___25,HOTA_FN___30,HOTA_FN___35,HOTA_FN___40,HOTA_FN___45,HOTA_FN___50,HOTA_FN___55,HOTA_FN___60,HOTA_FN___65,HOTA_FN___70,HOTA_FN___75,HOTA_FN___80,HOTA_FN___85,HOTA_FN___90,HOTA_FN___95,HOTA_FN___AUC,HOTA_FP___5,HOTA_FP___10,HOTA_FP___15,HOTA_FP___20,HOTA_FP___25,HOTA_FP___30,HOTA_FP___35,HOTA_FP___40,HOTA_FP___45,HOTA_FP___50,HOTA_FP___55,HOTA_FP___60,HOTA_FP___65,HOTA_FP___70,HOTA_FP___75,HOTA_FP___80,HOTA_FP___85,HOTA_FP___90,HOTA_FP___95,HOTA_FP___AUC,MOTA,MOTP,MODA,CLR_Re,CLR_Pr,MTR,PTR,MLR,sMOTA,CLR_F1,FP_per_frame,MOTAL,MOTP_sum,CLR_TP,CLR_FN,CLR_FP,IDSW,MT,PT,ML,Frag,CLR_Frames,IDF1,IDR,IDP,IDTP,IDFN,IDFP,Dets,GT_Dets,IDs,GT_IDs
fencing_001_fencing_aria01_rgb,0.8545579011925765,0.9245886546198855,0.7901145401584373,0.8545579011925765,0.8545579011925765,0.8545579011925765,0.8545579011925765,0.8545579011925765,0.853498608770031,0.8524439591078586,0.8513939326120133,0.8513939326120133,0.848505097761324,0.848505097761324,0.8454116205469352,0.8409192397015638,0.831801145290683,0.8127776154006218,0.7914855790785983,0.7589443568041545,0.6683382322331872,0.3091654137329271,0.8019670177566378,0.9991489361702127,0.9991489361702127,0.9991489361702127,0.9991489361702127,0.9991489361702127,0.9974489795918368,0.9957519116397621,0.9940577249575552,0.9940577249575552,0.9889923793395428,0.9889923793395428,0.9839527027027027,0.975609756097561,0.9591326105087573,0.9285714285714286,0.8897827835880934,0.8394675019577134,0.7096069868995634,0.2601931330472103,0.9211243517920993,0.7308912415898867,0.7308912415898867,0.7308912415898867,0.7308912415898867,0.7308912415898867,0.7303229439068346,0.7297607917446491,0.729204763757055,0.729204763757055,0.7279741643790519,0.7279741643790519,0.7263771990184218,0.7248237968927624,0.7213738097590987,0.7114234099498841,0.7040475871686297,0.68614512816946,0.6294695527396258,0.367355017902448,0.6999954369196558,1.0,1.0,1.0,1.0,1.0,0.9991482112436116,0.9982964224872232,0.9974446337308348,0.9974446337308348,0.9948892674616695,0.9948892674616695,0.9923339011925043,0.9880749574105622,0.979557069846678,0.9633730834752982,0.9420783645655877,0.9131175468483816,0.8304940374787053,0.4131175468483816,0.9475925759885234,0.9991489361702127,0.9991489361702127,0.9991489361702127,0.9991489361702127,0.9991489361702127,0.9982978723404256,0.9974468085106383,0.9965957446808511,0.9965957446808511,0.9940425531914894,0.9940425531914894,0.9914893617021276,0.9872340425531915,0.9787234042553191,0.9625531914893617,0.9412765957446808,0.9123404255319149,0.8297872340425532,0.4127659574468085,0.9467861142217244,0.7308912415898867,0.7308912415898867,0.7308912415898867,0.7308912415898867,0.7308912415898867,0.7305785050191259,0.7302682129263979,0.7299603715742427,0.7299603715742427,0.7293355088574912,0.7293355088574912,0.7284407792733075,0.7277817897334056,0.7260763335609682,0.7205639168474774,0.7168665611006998,0.7076680424744238,0.6772832498929493,0.5044796578009202,0.712792369339083,1.0,1.0,1.0,1.0,1.0,0.9991501914775571,0.9983043501814833,0.9974624862754666,0.9974624862754666,0.9949349454128046,0.9949349454128046,0.9924530693270088,0.9883491808912819,0.9803317123276678,0.965273442570703,0.9465518686248061,0.9195006242156052,0.8456721660622137,0.5359556975886509,0.9555966929812382,0.9245886546198855,0.9245886546198855,0.9245886546198855,0.9245886546198855,0.9245886546198855,0.9251538324254592,0.925678678663086,0.9261702550849671,0.9261702550849671,0.9273020267546558,0.9273020267546558,0.9282021191343752,0.9295286880716773,0.9317527310665153,0.9352774456978232,0.9388379186590706,0.9424468008024118,0.9485358586730481,0.9669862702066665,0.9316993779041478,0.8549217751290973,0.8549217751290973,0.8549217751290973,0.8549217751290973,0.8549217751290973,0.8542252999265957,0.8535324174687958,0.8528431148226711,0.8528431148226711,0.8510309530975333,0.8510309530975333,0.8490045463006866,0.8462743303710554,0.8406109774156876,0.8278684461313469,0.8144126714977921,0.791537210885291,0.7230288447390233,0.3895648903819524,0.8143377182423223,1174.0,1174.0,1174.0,1174.0,1174.0,1173.0,1172.0,1171.0,1171.0,1168.0,1168.0,1165.0,1160.0,1150.0,1131.0,1106.0,1072.0,975.0,485.0,1112.4736842105262,0.0,0.0,0.0,0.0,0.0,1.0,2.0,3.0,3.0,6.0,6.0,9.0,14.0,24.0,43.0,68.0,102.0,199.0,689.0,61.526315789473685,1.0,1.0,1.0,1.0,1.0,2.0,3.0,4.0,4.0,7.0,7.0,10.0,15.0,25.0,44.0,69.0,103.0,200.0,690.0,62.526315789473685,0.9863713798977853,0.9273188522665591,0.9889267461669506,0.9948892674616695,0.9940425531914894,1.0,0.0,0.0,0.9140616860709889,0.9944657300979141,0.011647254575707155,0.9885203396467466,1083.108419447341,1168,6,7,3,2,0,0,5.0,601,0.7756492124308216,0.7759795570698467,0.7753191489361703,911,263,264,1175,1174,5,2
fencing_001_fencing_aria02_rgb,1.0,0.9388731525048609,0.9388731525048609,1.0,1.0,1.0,1.0,1.0,1.0,1.0,1.0,1.0,1.0,1.0,1.0,0.9966777408637874,0.9900662251655629,0.9867768595041322,0.9769736842105262,0.932475884244373,0.7886904761904762,0.30227518959913324,0.9459966347251573,1.0,1.0,1.0,1.0,1.0,1.0,1.0,1.0,1.0,1.0,1.0,1.0,0.9966777408637874,0.9900662251655629,0.9867768595041322,0.9769736842105263,0.932475884244373,0.7886904761904762,0.30227518959913324,0.9459966347251573,1.0,1.0,1.0,1.0,1.0,1.0,1.0,1.0,1.0,1.0,1.0,1.0,0.9966777408637874,0.9900662251655629,0.9867768595041322,0.9769736842105262,0.932475884244373,0.7886904761904762,0.30227518959913324,0.9459966347251573,1.0,1.0,1.0,1.0,1.0,1.0,1.0,1.0,1.0,1.0,1.0,1.0,0.9983361064891847,0.9950083194675541,0.9933444259567388,0.9883527454242929,0.9650582362728786,0.8818635607321131,0.46422628951747086,0.9624310359926438,1.0,1.0,1.0,1.0,1.0,1.0,1.0,1.0,1.0,1.0,1.0,1.0,0.9983361064891847,0.9950083194675541,0.9933444259567388,0.9883527454242929,0.9650582362728786,0.8818635607321131,0.46422628951747086,0.9624310359926438,1.0,1.0,1.0,1.0,1.0,1.0,1.0,1.0,1.0,1.0,1.0,1.0,0.9983361064891847,0.9950083194675542,0.9933444259567388,0.9883527454242929,0.9650582362728785,0.8818635607321131,0.46422628951747086,0.9624310359926438,1.0,1.0,1.0,1.0,1.0,1.0,1.0,1.0,1.0,1.0,1.0,1.0,0.9983361064891847,0.9950083194675542,0.9933444259567388,0.9883527454242929,0.9650582362728785,0.8818635607321131,0.46422628951747086,0.9624310359926438,0.9388731525048609,0.9388731525048609,0.9388731525048609,0.9388731525048609,0.9388731525048609,0.9388731525048609,0.9388731525048609,0.9388731525048609,0.9388731525048609,0.9388731525048609,0.9388731525048609,0.9388731525048609,0.9393684436814539,0.9402578291324212,0.9406070037206908,0.9414769945959048,0.943962465481287,0.9497698200822988,0.9671066289591712,0.9415277376690296,1.0,1.0,1.0,1.0,1.0,1.0,1.0,1.0,1.0,1.0,1.0,1.0,0.997506579045166,0.9925341963194879,0.9900551969721313,0.9826467437470903,0.9486271829416799,0.8339768531852902,0.3745985713811461,0.9536813328206312,601.0,601.0,601.0,601.0,601.0,601.0,601.0,601.0,601.0,601.0,601.0,601.0,600.0,598.0,597.0,594.0,580.0,530.0,279.0,578.421052631579,0.0,0.0,0.0,0.0,0.0,0.0,0.0,0.0,0.0,0.0,0.0,0.0,1.0,3.0,4.0,7.0,21.0,71.0,322.0,22.57894736842105,0.0,0.0,0.0,0.0,0.0,0.0,0.0,0.0,0.0,0.0,0.0,0.0,1.0,3.0,4.0,7.0,21.0,71.0,322.0,22.57894736842105,1.0,0.9388731525048609,1.0,1.0,1.0,1.0,0.0,0.0,0.9388731525048609,1.0,0.0,1.0,564.2627646554214,601,0,0,0,1,0,0,0.0,601,1.0,1.0,1.0,601,0,0,601,601,1,1
fencing_001_fencing_aria03_rgb,0.7869225084582456,0.9014472584348087,0.7093691378503281,0.7869225084582456,0.7869225084582456,0.7869225084582456,0.7869225084582456,0.7869225084582456,0.7869225084582456,0.7852867292245213,0.7852867292245213,0.7852867292245213,0.7852867292245213,0.784865736017226,0.7827806352657309,0.7812275720803046,0.7743928653183649,0.7611727745852626,0.7394485807280727,0.6465497980952043,0.38450359357119673,0.06642725522641542,0.7149500409755439,0.983754512635379,0.983754512635379,0.983754512635379,0.983754512635379,0.983754512635379,0.983754512635379,0.981965734896303,0.981965734896303,0.981965734896303,0.981965734896303,0.9801801801801802,0.9766187050359713,0.9713004484304932,0.9572573463935886,0.9331574318381706,0.8981001727115717,0.7797570850202429,0.44131147540983606,0.07271839921913129,0.8863574347177196,0.629473132132647,0.629473132132647,0.629473132132647,0.629473132132647,0.629473132132647,0.629473132132647,0.6280007796415302,0.6280007796415302,0.6280007796415302,0.6280007796415302,0.6284703935358334,0.6274153052643533,0.6283498791385167,0.6264609115983941,0.6208855794338297,0.608823180480963,0.5360985484422977,0.33500831432462874,0.060680381915701465,0.5768965476577116,0.9846431797651309,0.9846431797651309,0.9846431797651309,0.9846431797651309,0.9846431797651309,0.9846431797651309,0.983739837398374,0.983739837398374,0.983739837398374,0.983739837398374,0.982836495031617,0.981029810298103,0.978319783197832,0.971093044263776,0.9584462511291779,0.9394760614272809,0.8699186991869918,0.6079494128274616,0.13459801264679314,0.908762420957543,0.999083409715857,0.999083409715857,0.999083409715857,0.999083409715857,0.999083409715857,0.999083409715857,0.998166819431714,0.998166819431714,0.998166819431714,0.998166819431714,0.997250229147571,0.995417048579285,0.9926672777268561,0.9853345554537122,0.9725022914757103,0.9532538955087076,0.8826764436296975,0.6168652612282309,0.13657195233730524,0.922089825847846,0.629473132132647,0.629473132132647,0.629473132132647,0.629473132132647,0.629473132132647,0.629473132132647,0.6285842434347084,0.6285842434347084,0.6285842434347084,0.6285842434347084,0.6290572767001513,0.6285180053308546,0.6295240153166017,0.6292397244603322,0.6268807186456885,0.6208923248414521,0.5750183256353496,0.42170317349228775,0.09824049445563127,0.5868552539691086,1.0,1.0,1.0,1.0,1.0,1.0,0.9990837992069266,0.9990837992069266,0.9990837992069266,0.9990837992069266,0.9981925618900211,0.9963582102627553,0.993952374654439,0.9891261157949914,0.976680937478337,0.9594780394098822,0.8893242279436295,0.6304257433904286,0.1466337848689799,0.9250793259221668,0.9014472584348087,0.9014472584348087,0.9014472584348087,0.9014472584348087,0.9014472584348087,0.9014472584348087,0.9019735080105205,0.9019735080105205,0.9019735080105205,0.9019735080105205,0.9023023273272588,0.9028868094064739,0.9036582917375883,0.9053903201832647,0.9077672630421986,0.91043189239426,0.9169218113276437,0.9334481649831053,0.9622473135366062,0.9085069356099651,0.7872778584463086,0.7872778584463086,0.7872778584463086,0.7872778584463086,0.7872778584463086,0.7872778584463086,0.7859957918784369,0.7859957918784369,0.7859957918784369,0.7859957918784369,0.7859285201682781,0.7845464408826381,0.7840453542564854,0.7799691235916617,0.7714178219282476,0.756290158407397,0.6829071327032381,0.45129603143167096,0.09037399411612737,0.7239170997724919,1090.0,1090.0,1090.0,1090.0,1090.0,1090.0,1089.0,1089.0,1089.0,1089.0,1088.0,1086.0,1083.0,1075.0,1061.0,1040.0,963.0,673.0,149.0,1006.0,17.0,17.0,17.0,17.0,17.0,17.0,18.0,18.0,18.0,18.0,19.0,21.0,24.0,32.0,46.0,67.0,144.0,434.0,958.0,101.0,1.0,1.0,1.0,1.0,1.0,1.0,2.0,2.0,2.0,2.0,3.0,5.0,8.0,16.0,30.0,51.0,128.0,418.0,942.0,85.0,0.978319783197832,0.9019735080105205,0.98193315266486,0.983739837398374,0.998166819431714,1.0,0.0,0.0,0.8818872179073683,0.9909008189262967,0.0033277870216306157,0.9813892863673641,982.2491502234568,1089,18,2,4,2,0,0,4.0,601,0.7661510464058234,0.7606142728093948,0.7717690192483959,842,265,249,1091,1107,7,2
fencing_002_fencing_aria01_rgb,0.8216683829984649,0.9397449279987898,0.7721586954197744,0.8216683829984649,0.8216683829984649,0.8216683829984649,0.8216683829984649,0.8216683829984649,0.8216683829984649,0.8216683829984649,0.8216683829984649,0.8216683829984649,0.8216683829984649,0.8195355400615485,0.8195355400615485,0.811116355098246,0.800840198641186,0.7868520032607497,0.764992118708138,0.7358659528677999,0.6423301658790684,0.3515367301433159,0.7762783386687498,0.9989550679205852,0.9989550679205852,0.9989550679205852,0.9989550679205852,0.9989550679205852,0.9989550679205852,0.9989550679205852,0.9989550679205852,0.9989550679205852,0.9989550679205852,0.9968684759916493,0.9968684759916493,0.9885654885654885,0.9782833505687694,0.9620512820512821,0.9381965552178319,0.9015904572564613,0.782851817334576,0.37526959022286127,0.9426366406529696,0.6758451438908804,0.6758451438908804,0.6758451438908804,0.6758451438908804,0.6758451438908804,0.6758451438908804,0.6758451438908804,0.6758451438908804,0.6758451438908804,0.6758451438908804,0.6737483605907508,0.6737483605907508,0.6655196333654733,0.655582069741634,0.6435582869504994,0.6237636862242479,0.6006038509300718,0.5270321060286933,0.32930478743685365,0.6395427674088305,0.9989550679205852,0.9989550679205852,0.9989550679205852,0.9989550679205852,0.9989550679205852,0.9989550679205852,0.9989550679205852,0.9989550679205852,0.9989550679205852,0.9989550679205852,0.9979101358411703,0.9979101358411703,0.9937304075235109,0.9885057471264368,0.9801462904911181,0.96760710553814,0.9477533960292581,0.877742946708464,0.5454545454545454,0.9624374415662983,1.0,1.0,1.0,1.0,1.0,1.0,1.0,1.0,1.0,1.0,0.9989539748953975,0.9989539748953975,0.9947698744769874,0.9895397489539749,0.9811715481171548,0.9686192468619247,0.948744769874477,0.8786610878661087,0.5460251046025104,0.9634441752917859,0.6758451438908804,0.6758451438908804,0.6758451438908804,0.6758451438908804,0.6758451438908804,0.6758451438908804,0.6758451438908804,0.6758451438908804,0.6758451438908804,0.6758451438908804,0.674628022275612,0.674628022275612,0.669789722949736,0.6638104878281301,0.6566583056675698,0.6439682385090891,0.6287900765926087,0.5759861690034104,0.3897021758793459,0.6492848768363114,1.0,1.0,1.0,1.0,1.0,1.0,1.0,1.0,1.0,1.0,0.9989558972192466,0.9989558972192466,0.9948181347103155,0.9897338101882034,0.9817517631487234,0.9700342026250958,0.9520618415502077,0.8891050432213353,0.6622502820968517,0.970403519577854,0.9397449279987898,0.9397449279987898,0.9397449279987898,0.9397449279987898,0.9397449279987898,0.9397449279987898,0.9397449279987898,0.9397449279987898,0.9397449279987898,0.9397449279987898,0.940187450016722,0.940187450016722,0.9414913065834359,0.942874264655467,0.9447310312169461,0.9469589937769591,0.9495304248921305,0.9549267667706482,0.9693618462843863,0.9435630954842796,0.8216683829984649,0.8216683829984649,0.8216683829984649,0.8216683829984649,0.8216683829984649,0.8216683829984649,0.8216683829984649,0.8216683829984649,0.8216683829984649,0.8216683829984649,0.8199636077533453,0.8199636077533453,0.8132324984155327,0.805013443150268,0.7942173932050032,0.7768900662045082,0.7544695748585399,0.6801460973611426,0.42381693353071054,0.7844419501166865,956.0,956.0,956.0,956.0,956.0,956.0,956.0,956.0,956.0,956.0,955.0,955.0,951.0,946.0,938.0,926.0,907.0,840.0,522.0,921.0526315789474,1.0,1.0,1.0,1.0,1.0,1.0,1.0,1.0,1.0,1.0,2.0,2.0,6.0,11.0,19.0,31.0,50.0,117.0,435.0,35.94736842105263,0.0,0.0,0.0,0.0,0.0,0.0,0.0,0.0,0.0,0.0,1.0,1.0,5.0,10.0,18.0,30.0,49.0,116.0,434.0,34.94736842105263,0.9947753396029259,0.9397449279987898,0.9989550679205852,0.9989550679205852,1.0,1.0,0.0,0.0,0.9345832300593971,0.9994772608468374,0.0,0.9983259561219144,898.3961511668431,956,1,0,4,2,0,0,4.0,601,0.7736539466806064,0.7732497387669801,0.7740585774058577,740,217,216,956,957,6,2
fencing_002_fencing_aria02_rgb,0.7074822031496592,0.9329778353960201,0.6600652144757764,0.7074822031496592,0.7074822031496592,0.7074822031496592,0.7074822031496592,0.7065022336215359,0.7065022336215359,0.7065022336215359,0.7065022336215359,0.7055365278541401,0.7055365278541401,0.7055365278541401,0.7055365278541401,0.7055365278541401,0.7038782730946362,0.6978616461253879,0.6907411294559864,0.6716043414036121,0.5672472752969802,0.24714583378819577,0.6716894150273831,0.9962453066332916,0.9962453066332916,0.9962453066332916,0.9962453066332916,0.99375,0.99375,0.99375,0.99375,0.9912609238451935,0.9912609238451935,0.9912609238451935,0.9912609238451935,0.9912609238451935,0.9887780548628429,0.9691358024691358,0.9451219512195121,0.9033412887828163,0.7393675027262814,0.28732849071832123,0.9341767861335811,0.5024174913957575,0.5024174913957575,0.5024174913957575,0.5024174913957575,0.5022846853959438,0.5022846853959438,0.5022846853959438,0.5022846853959438,0.5021702966011551,0.5021702966011551,0.5021702966011551,0.5021702966011551,0.5021702966011551,0.5010675761846396,0.5025207776784679,0.5048272419305136,0.49931559311313944,0.43519558290752886,0.21258268891525456,0.48342998162642764,1.0,1.0,1.0,1.0,0.9987437185929648,0.9987437185929648,0.9987437185929648,0.9987437185929648,0.9974874371859297,0.9974874371859297,0.9974874371859297,0.9974874371859297,0.9974874371859297,0.9962311557788944,0.9861809045226131,0.9736180904522613,0.9510050251256281,0.8517587939698492,0.4472361809045226,0.9572864321608041,0.9962453066332916,0.9962453066332916,0.9962453066332916,0.9962453066332916,0.9949937421777222,0.9949937421777222,0.9949937421777222,0.9949937421777222,0.9937421777221527,0.9937421777221527,0.9937421777221527,0.9937421777221527,0.9937421777221527,0.9924906132665833,0.9824780976220275,0.9699624530663329,0.9474342928660826,0.8485607008760951,0.4455569461827284,0.9536921151439298,0.5136197414473852,0.5136197414473852,0.5136197414473852,0.5136197414473852,0.5135898503327655,0.5135898503327655,0.5135898503327655,0.5135898503327655,0.5135716544475705,0.5135716544475705,0.5135716544475705,0.5135716544475705,0.5135716544475705,0.5128520822087118,0.514703460707549,0.517664659926423,0.5148394772511935,0.4654235260424409,0.2690367469894735,0.4984850838149604,0.9614740368509211,0.9614740368509211,0.9614740368509211,0.9614740368509211,0.9601894021542688,0.9601894021542688,0.9601894021542688,0.9601894021542688,0.9589449607689857,0.9589449607689857,0.9589449607689857,0.9589449607689857,0.9589449607689857,0.9576361455328332,0.95500805793185,0.9568508315380897,0.9486312776758787,0.8708644982053239,0.49757300509892965,0.9298917039920312,0.9329778353960201,0.9329778353960201,0.9329778353960201,0.9329778353960201,0.933866952440433,0.933866952440433,0.933866952440433,0.933866952440433,0.9344920385591813,0.9344920385591813,0.9344920385591813,0.9344920385591813,0.9344920385591813,0.9348051781039189,0.9368310312856178,0.9388915450687296,0.9415128643166436,0.9487162391266366,0.965165171342072,0.9371453354413335,0.7088141444664867,0.7088141444664867,0.7088141444664867,0.7088141444664867,0.7082751403830593,0.7082751403830593,0.7082751403830593,0.7082751403830593,0.7077489400822755,0.7077489400822755,0.7077489400822755,0.7077489400822755,0.7077489400822755,0.7065261003995201,0.7039718709382914,0.701076982432506,0.6890947962176025,0.6088363202358433,0.30834180695596997,0.6802605114204892,796.0,796.0,796.0,796.0,795.0,795.0,795.0,795.0,794.0,794.0,794.0,794.0,794.0,793.0,785.0,775.0,757.0,678.0,356.0,762.0,0.0,0.0,0.0,0.0,1.0,1.0,1.0,1.0,2.0,2.0,2.0,2.0,2.0,3.0,11.0,21.0,39.0,118.0,440.0,34.0,3.0,3.0,3.0,3.0,4.0,4.0,4.0,4.0,5.0,5.0,5.0,5.0,5.0,6.0,14.0,24.0,42.0,121.0,443.0,37.0,0.9874371859296482,0.9344920385591813,0.9912060301507538,0.9974874371859297,0.9937421777221527,1.0,0.0,0.0,0.9220938173567713,0.9956112852664577,0.008319467554076539,0.9906066315895481,741.98667861599,794,2,5,3,2,0,0,1.0,601,0.5918495297805643,0.592964824120603,0.590738423028786,472,324,327,799,796,5,2
fencing_002_fencing_aria03_rgb,0.9408446094930493,0.9054783896891574,0.8519144619514903,0.9408446094930493,0.9408446094930493,0.9408446094930493,0.9408446094930493,0.9408446094930493,0.9408446094930493,0.9408446094930493,0.9408446094930493,0.9408446094930493,0.9408446094930493,0.9408446094930493,0.9408446094930493,0.9342260241203543,0.9310423918026016,0.9102992579030206,0.8659373086718959,0.7510720575221755,0.4463331972830817,0.09041145945365375,0.8536556321407041,0.9983361064891847,0.9983361064891847,0.9983361064891847,0.9983361064891847,0.9983361064891847,0.9983361064891847,0.9983361064891847,0.9983361064891847,0.9983361064891847,0.9983361064891847,0.9983361064891847,0.9983361064891847,0.9917081260364843,0.9884105960264901,0.964022894521668,0.9169992019154031,0.7885331347728965,0.4601823708206687,0.09132212630622444,0.9042743014878973,0.8866638935108153,0.8866638935108153,0.8866638935108153,0.8866638935108153,0.8866638935108153,0.8866638935108153,0.8866638935108153,0.8866638935108153,0.8866638935108153,0.8866638935108153,0.8866638935108153,0.8866638935108153,0.8800757412686723,0.877003887674103,0.8595695638016456,0.8177187297258988,0.7153906547669195,0.43290081417432436,0.0895098737969544,0.8059018940704369,0.9983361064891847,0.9983361064891847,0.9983361064891847,0.9983361064891847,0.9983361064891847,0.9983361064891847,0.9983361064891847,0.9983361064891847,0.9983361064891847,0.9983361064891847,0.9983361064891847,0.9983361064891847,0.9950083194675541,0.9933444259567388,0.980865224625624,0.9559068219633944,0.8810316139767055,0.629783693843594,0.16722129783693843,0.9254312987126719,1.0,1.0,1.0,1.0,1.0,1.0,1.0,1.0,1.0,1.0,1.0,1.0,0.9966666666666667,0.995,0.9825,0.9575,0.8825,0.6308333333333334,0.1675,0.9269736842105264,0.8866638935108153,0.8866638935108153,0.8866638935108153,0.8866638935108153,0.8866638935108153,0.8866638935108153,0.8866638935108153,0.8866638935108153,0.8866638935108153,0.8866638935108153,0.8866638935108153,0.8866638935108153,0.8831740855541768,0.8815374710490891,0.872725553537432,0.849661646023671,0.7906699410331223,0.5779117586936788,0.1591791458679978,0.8239382275731028,1.0,1.0,1.0,1.0,1.0,1.0,1.0,1.0,1.0,1.0,1.0,1.0,0.9966696410956603,0.9950035888872882,0.9833345613619277,0.9583576807617669,0.8835856802708928,0.6345148482580005,0.17093955252734513,0.9274950291138359,0.9054783896891574,0.9054783896891574,0.9054783896891574,0.9054783896891574,0.9054783896891574,0.9054783896891574,0.9054783896891574,0.9054783896891574,0.9054783896891574,0.9054783896891574,0.9054783896891574,0.9054783896891574,0.9063945269148913,0.9067730270256785,0.909090174299466,0.9124181363576273,0.9193011861535813,0.9351008063013432,0.9633596622279709,0.9114830629237078,0.9408446094930493,0.9408446094930493,0.9408446094930493,0.9408446094930493,0.9408446094930493,0.9408446094930493,0.9408446094930493,0.9408446094930493,0.9408446094930493,0.9408446094930493,0.9408446094930493,0.9408446094930493,0.9357791856650283,0.9333632322753345,0.9182166918977517,0.8841170240371055,0.7939028802020756,0.5221435375628097,0.12234360328822787,0.8631579720444696,1200.0,1200.0,1200.0,1200.0,1200.0,1200.0,1200.0,1200.0,1200.0,1200.0,1200.0,1200.0,1196.0,1194.0,1179.0,1149.0,1059.0,757.0,201.0,1112.3684210526317,2.0,2.0,2.0,2.0,2.0,2.0,2.0,2.0,2.0,2.0,2.0,2.0,6.0,8.0,23.0,53.0,143.0,445.0,1001.0,89.63157894736842,0.0,0.0,0.0,0.0,0.0,0.0,0.0,0.0,0.0,0.0,0.0,0.0,4.0,6.0,21.0,51.0,141.0,443.0,999.0,87.63157894736842,0.9966722129783694,0.9054783896891574,0.9983361064891847,0.9983361064891847,1.0,1.0,0.0,0.0,0.9023078765615548,0.9991673605328892,0.0,0.9980856655610116,1086.5740676269888,1200,2,0,2,2,0,0,2.0,601,0.9350541215653622,0.9342762063227953,0.9358333333333333,1123,79,77,1200,1202,4,2
fencing_003_fencing_aria01_rgb,0.9729902834384678,0.9590087139479678,0.9331061604041937,0.9729902834384678,0.9729902834384678,0.9729902834384678,0.9729902834384678,0.9729902834384678,0.9729902834384678,0.9697429960801713,0.9697429960801713,0.9697429960801713,0.9697429960801713,0.9697429960801713,0.9697429960801713,0.9665063844623037,0.9665063844623037,0.9624672733145837,0.9592556882918679,0.9592556882918679,0.916186321701194,0.6421031660456258,0.9488779254569253,0.983633387888707,0.983633387888707,0.983633387888707,0.983633387888707,0.983633387888707,0.983633387888707,0.9803921568627451,0.9803921568627451,0.9803921568627451,0.9803921568627451,0.9803921568627451,0.9803921568627451,0.9771615008156607,0.9771615008156607,0.9707317073170731,0.9675324675324676,0.9675324675324676,0.9177215189873418,0.6422764227642277,0.9581195186459794,0.9624623394471288,0.9624623394471288,0.9624623394471288,0.9624623394471288,0.9624623394471288,0.9624623394471288,0.9592095080154782,0.9592095080154782,0.9592095080154782,0.9592095080154782,0.9592095080154782,0.9592095080154782,0.9559674531043736,0.9559674531043736,0.9542731995041707,0.9510497129538724,0.9510497129538724,0.914653692547817,0.6419299560637396,0.9397327507898874,1.0,1.0,1.0,1.0,1.0,1.0,0.9983361064891847,0.9983361064891847,0.9983361064891847,0.9983361064891847,0.9983361064891847,0.9983361064891847,0.9966722129783694,0.9966722129783694,0.9933444259567388,0.9916805324459235,0.9916805324459235,0.9650582362728786,0.7886855241264559,0.9849373850599877,0.983633387888707,0.983633387888707,0.983633387888707,0.983633387888707,0.983633387888707,0.983633387888707,0.9819967266775778,0.9819967266775778,0.9819967266775778,0.9819967266775778,0.9819967266775778,0.9819967266775778,0.9803600654664485,0.9803600654664485,0.9770867430441899,0.9754500818330606,0.9754500818330606,0.9492635024549918,0.7757774140752864,0.9688172969247999,0.964064329832974,0.964064329832974,0.964064329832974,0.964064329832974,0.964064329832974,0.964064329832974,0.9624015529672768,0.9624015529672768,0.9624015529672768,0.9624015529672768,0.9624015529672768,0.9624015529672768,0.9607387798299439,0.9607387798299439,0.9606239740020123,0.9589610157567366,0.9589610157567366,0.9420448677491537,0.7722221052114268,0.9512150439440766,0.9955231020883022,0.9955231020883022,0.9955231020883022,0.9955231020883022,0.9955231020883022,0.9955231020883022,0.9938574341620027,0.9938574341620027,0.9938574341620027,0.9938574341620027,0.9938574341620027,0.9938574341620027,0.9921918543140036,0.9921918543140036,0.9894796992468089,0.9878097464374848,0.9878097464374848,0.9643404381370423,0.7892563503949483,0.9810191003570318,0.9590087139479678,0.9590087139479678,0.9590087139479678,0.9590087139479678,0.9590087139479678,0.9590087139479678,0.960092779312338,0.960092779312338,0.960092779312338,0.960092779312338,0.960092779312338,0.960092779312338,0.9606345863233069,0.9606345863233069,0.9614285838196803,0.96171040168286,0.96171040168286,0.9638772410652257,0.9702876728322082,0.9607838122784885,0.9810516497346757,0.9810516497346757,0.9810516497346757,0.9810516497346757,0.9810516497346757,0.9810516497346757,0.9785772762227718,0.9785772762227718,0.9785772762227718,0.9785772762227718,0.9785772762227718,0.9785772762227718,0.9761076769602991,0.9761076769602991,0.9736128406956077,0.9711526583007631,0.9711526583007631,0.9395180037288652,0.7115341621107192,0.9619452227790526,601.0,601.0,601.0,601.0,601.0,601.0,600.0,600.0,600.0,600.0,600.0,600.0,599.0,599.0,597.0,596.0,596.0,580.0,474.0,591.9473684210526,0.0,0.0,0.0,0.0,0.0,0.0,1.0,1.0,1.0,1.0,1.0,1.0,2.0,2.0,4.0,5.0,5.0,21.0,127.0,9.052631578947368,10.0,10.0,10.0,10.0,10.0,10.0,11.0,11.0,11.0,11.0,11.0,11.0,12.0,12.0,14.0,15.0,15.0,31.0,137.0,19.05263157894737,0.9816971713810316,0.9601745589673797,0.9833610648918469,1.0,0.983633387888707,1.0,0.0,0.0,0.9418717303484113,0.9917491749174917,0.016638935108153077,0.9833610648918469,577.0649099393952,601,0,10,1,1,0,0,0.0,601,0.971947194719472,0.9800332778702163,0.9639934533551555,589,12,22,611,601,4,1
fencing_003_fencing_aria02_rgb,1.0,0.9296319759614077,0.9296319759614077,1.0,1.0,1.0,1.0,1.0,1.0,1.0,1.0,1.0,1.0,0.9982950505215648,0.9932159235824484,0.9881898905562727,0.9750420328806505,0.9621291797099627,0.9260801885736252,0.863804117675331,0.735855834232031,0.288378627747112,0.9332100444988946,1.0,1.0,1.0,1.0,1.0,1.0,1.0,1.0,1.0,1.0,0.9982935153583617,0.9931914893617021,0.9881154499151104,0.9747048903878583,0.9614740368509213,0.924404272801972,0.8587301587301587,0.7258658806190126,0.27421109902067464,0.9315258312129352,1.0,1.0,1.0,1.0,1.0,1.0,1.0,1.0,1.0,1.0,0.9982965856871285,0.9932403584043185,0.9882643368054934,0.9753792919882884,0.9627847689795668,0.9277591427276792,0.8689080570038817,0.7459832776704497,0.3032781431470694,0.9349417874954671,1.0,1.0,1.0,1.0,1.0,1.0,1.0,1.0,1.0,1.0,0.9991460290350128,0.9965841161400513,0.9940222032450897,0.9871904355251921,0.9803586678052946,0.9607173356105893,0.92399658411614,0.8411614005123825,0.430401366353544,0.9533462178075419,1.0,1.0,1.0,1.0,1.0,1.0,1.0,1.0,1.0,1.0,0.9991460290350128,0.9965841161400513,0.9940222032450897,0.9871904355251921,0.9803586678052946,0.9607173356105893,0.92399658411614,0.8411614005123825,0.430401366353544,0.9533462178075419,1.0,1.0,1.0,1.0,1.0,1.0,1.0,1.0,1.0,1.0,0.9991467986204828,0.9965964611614727,0.994060107312956,0.9873656893097797,0.9807062601920978,0.9616594824091103,0.9271668615348904,0.8489788192535105,0.458467826758614,0.9554814898185743,1.0,1.0,1.0,1.0,1.0,1.0,1.0,1.0,1.0,1.0,0.9991467986204828,0.9965964611614727,0.994060107312956,0.9873656893097797,0.9807062601920978,0.9616594824091103,0.9271668615348904,0.8489788192535105,0.458467826758614,0.9554814898185743,0.9296319759614077,0.9296319759614077,0.9296319759614077,0.9296319759614077,0.9296319759614077,0.9296319759614077,0.9296319759614077,0.9296319759614077,0.9296319759614077,0.9296319759614077,0.929961045287937,0.9308621019189065,0.9316527674772002,0.9334337445616333,0.934829478770554,0.9380997016903301,0.9425321394673453,0.9489689917893751,0.9652373273024797,0.9343103714673598,1.0,1.0,1.0,1.0,1.0,1.0,1.0,1.0,1.0,1.0,0.9987212170513381,0.9949108325347531,0.9911390888568284,0.9812670931301896,0.9715319827468556,0.9440944294347363,0.8960290601217011,0.7921441400427659,0.36129119446184177,0.9437436335990005,1171.0,1171.0,1171.0,1171.0,1171.0,1171.0,1171.0,1171.0,1171.0,1171.0,1170.0,1167.0,1164.0,1156.0,1148.0,1125.0,1082.0,985.0,504.0,1116.3684210526317,0.0,0.0,0.0,0.0,0.0,0.0,0.0,0.0,0.0,0.0,1.0,4.0,7.0,15.0,23.0,46.0,89.0,186.0,667.0,54.63157894736842,0.0,0.0,0.0,0.0,0.0,0.0,0.0,0.0,0.0,0.0,1.0,4.0,7.0,15.0,23.0,46.0,89.0,186.0,667.0,54.63157894736842,1.0,0.9296319759614077,1.0,1.0,1.0,1.0,0.0,0.0,0.9296319759614077,1.0,0.0,1.0,1088.5990438508084,1171,0,0,0,2,0,0,0.0,601,1.0,1.0,1.0,1171,0,0,1171,1171,2,2
fencing_003_fencing_aria03_rgb,0.7476095199668565,0.8601545233048545,0.6430597102652627,0.7476095199668565,0.7476095199668565,0.7476095199668565,0.7476095199668565,0.7456138992544552,0.7089111098568274,0.6704813167534277,0.6497087301433095,0.6387157763039263,0.6356943900048758,0.6352118585371672,0.6352118585371672,0.6352118585371672,0.6352118585371672,0.6310895281936006,0.6242577957302705,0.582071732620879,0.43016679052118445,0.10436404328237907,0.6290716119305909,0.9908561928512053,0.9908561928512053,0.9908561928512053,0.9908561928512053,0.9875518672199171,0.9298952457695407,0.8740219092331768,0.8437259430331023,0.8185269552012149,0.8075471698113208,0.8048229088168802,0.8048229088168802,0.8048229088168802,0.8048229088168802,0.7980480480480481,0.7833209233060313,0.7205459770114943,0.5091367359798362,0.11759216052263183,0.8090857548320345,0.5640778130848353,0.5640778130848353,0.5640778130848353,0.5640778130848353,0.5629477349138879,0.5404425541100022,0.5143408779189743,0.5003063346694681,0.49840489712307723,0.5004133165101534,0.5013452037782989,0.5013452037782989,0.5013452037782989,0.5013452037782989,0.4990601675798379,0.4974944290844217,0.4702094144241781,0.3634455237475243,0.09262397664808651,0.4895463839043236,0.9916805324459235,0.9916805324459235,0.9916805324459235,0.9916805324459235,0.9900166389351082,0.9600665557404326,0.9292845257903494,0.9118136439267887,0.8968386023294509,0.8901830282861897,0.8885191347753744,0.8885191347753744,0.8885191347753744,0.8885191347753744,0.8843594009983361,0.8752079866888519,0.8344425956738769,0.6722129783693843,0.2096505823627288,0.8723618530519313,0.9991617770326907,0.9991617770326907,0.9991617770326907,0.9991617770326907,0.9974853310980721,0.9673093042749371,0.9362950544844929,0.9186923721709975,0.90360435875943,0.8968985750209556,0.8952221290863369,0.8952221290863369,0.8952221290863369,0.8952221290863369,0.8910310142497905,0.8818105616093881,0.8407376362112322,0.6772841575859179,0.2112321877619447,0.8789429567212247,0.6049760466336865,0.6049760466336865,0.6049760466336865,0.6049760466336865,0.6043233266684377,0.5904053613705638,0.5723748988927735,0.5620771949427353,0.5620533495503782,0.5646601458628143,0.5657113300554008,0.5657113300554008,0.5657113300554008,0.5657113300554008,0.5641381642073496,0.5640567368707414,0.5456724667926337,0.46245943229930314,0.1540950268071732,0.5488981900537502,0.8573219438006288,0.8573219438006288,0.8573219438006288,0.8573219438006288,0.8564420414769396,0.8412318648877564,0.8260978016787994,0.818552418432721,0.8205604335252245,0.8246150033410269,0.8261277529302627,0.8261277529302627,0.8261277529302627,0.8261277529302627,0.8215099240444328,0.8179509128190748,0.7788932476558156,0.6339477276094339,0.20604133556611373,0.7884021841032055,0.8601545233048545,0.8601545233048545,0.8601545233048545,0.8601545233048545,0.8612038059797186,0.879413482258395,0.8977876993621523,0.9077854399365213,0.9159723713472627,0.9193167333777764,0.9200922780960373,0.9200922780960373,0.9200922780960373,0.9200922780960373,0.9209250943310974,0.9223883450196168,0.9270137883183768,0.9384488931152618,0.9633274649387671,0.9039247538730798,0.7479204409700951,0.7479204409700951,0.7479204409700951,0.7479204409700951,0.746543786000245,0.720319943844367,0.6913530348754723,0.6754155329089072,0.6685721736133013,0.6674274803195804,0.6674240081723746,0.6674240081723746,0.6674240081723746,0.6674240081723746,0.6643406888510102,0.6598568766542457,0.6263886687053054,0.4942800805144226,0.13935089036322348,0.6534329975378925,1192.0,1192.0,1192.0,1192.0,1190.0,1154.0,1117.0,1096.0,1078.0,1070.0,1068.0,1068.0,1068.0,1068.0,1063.0,1052.0,1003.0,808.0,252.0,1048.578947368421,10.0,10.0,10.0,10.0,12.0,48.0,85.0,106.0,124.0,132.0,134.0,134.0,134.0,134.0,139.0,150.0,199.0,394.0,950.0,153.42105263157896,1.0,1.0,1.0,1.0,3.0,39.0,76.0,97.0,115.0,123.0,125.0,125.0,125.0,125.0,130.0,141.0,190.0,385.0,941.0,144.42105263157896,0.9866888519134775,0.9162547233262087,0.9891846921797005,0.9908485856905158,0.9983235540653814,1.0,0.0,0.0,0.9037099629629904,0.9945720250521921,0.0033277870216306157,0.9887877526999005,1091.2593754815146,1191,11,2,3,2,0,0,2.0,601,0.6755741127348643,0.673044925124792,0.6781223805532272,809,393,384,1193,1202,4,2
fencing_004_fencing_aria01_rgb,0.9521572773913968,0.9396300487144076,0.8946755889390559,0.9521572773913968,0.9521572773913968,0.9521572773913968,0.9521572773913968,0.9521572773913968,0.9521572773913968,0.9521572773913968,0.9521572773913968,0.948227904826088,0.940462652166197,0.940462652166197,0.940462652166197,0.940462652166197,0.9345028021206071,0.9269406507153708,0.897846664150209,0.8408451469701439,0.766864252742725,0.44737244221341055,0.9021951942912905,0.9942307692307693,0.9942307692307693,0.9942307692307693,0.9942307692307693,0.9942307692307693,0.9942307692307693,0.9942307692307693,0.9942307692307693,0.9904030710172744,0.982791586998088,0.982791586998088,0.982791586998088,0.982791586998088,0.9714828897338403,0.9640151515151515,0.9347014925373134,0.8651079136690647,0.7756849315068494,0.4166666666666667,0.9370039272886668,0.9118642360976529,0.9118642360976529,0.9118642360976529,0.9118642360976529,0.9118642360976529,0.9118642360976529,0.9118642360976529,0.9118642360976529,0.9078487191758617,0.8999568289153435,0.8999568289153435,0.8999568289153435,0.8999568289153435,0.8989303840549633,0.891291976685421,0.8624450038454148,0.8172628524280313,0.7581438780720535,0.48034104492477925,0.8690002665067958,0.9961464354527938,0.9961464354527938,0.9961464354527938,0.9961464354527938,0.9961464354527938,0.9961464354527938,0.9961464354527938,0.9961464354527938,0.9942196531791907,0.9903660886319846,0.9903660886319846,0.9903660886319846,0.9903660886319846,0.9845857418111753,0.9807321772639692,0.9653179190751445,0.9267822736030829,0.8728323699421965,0.5876685934489403,0.9601460298144203,0.9980694980694981,0.9980694980694981,0.9980694980694981,0.9980694980694981,0.9980694980694981,0.9980694980694981,0.9980694980694981,0.9980694980694981,0.9961389961389961,0.9922779922779923,0.9922779922779923,0.9922779922779923,0.9922779922779923,0.9864864864864865,0.9826254826254827,0.9671814671814671,0.9285714285714286,0.8745173745173745,0.5888030888030888,0.961999593578541,0.9118642621458641,0.9118642621458641,0.9118642621458641,0.9118642621458641,0.9118642621458641,0.9118642621458641,0.9118642621458641,0.9118642621458641,0.9097633180473018,0.9055841649345823,0.9055841649345823,0.9055841649345823,0.9055841649345823,0.9064091417721767,0.9022712045294722,0.8862063025651483,0.8610211680436733,0.8211458880412502,0.6013156430688026,0.8844938643670034,0.9990328820116054,0.9990328820116054,0.9990328820116054,0.9990328820116054,0.9990328820116054,0.9990328820116054,0.9990328820116054,0.9990328820116054,0.9971008693468912,0.9932615510641315,0.9932615510641315,0.9932615510641315,0.9932615510641315,0.9877469478892631,0.9839286090988851,0.9687868036136615,0.9344576730385653,0.8905308364871168,0.659110168055057,0.9677353246252004,0.9396300487144076,0.9396300487144076,0.9396300487144076,0.9396300487144076,0.9396300487144076,0.9396300487144076,0.9396300487144076,0.9396300487144076,0.9405944102988333,0.9424288402925401,0.9424288402925401,0.9424288402925401,0.9424288402925401,0.9439102648606517,0.9447893516122411,0.9475586979962851,0.9526163787143088,0.9572724188625797,0.9689430816779245,0.9443389660478024,0.9530741358391601,0.9530741358391601,0.9530741358391601,0.9530741358391601,0.9530741358391601,0.9530741358391601,0.9530741358391601,0.9530741358391601,0.9500531767844355,0.9440798295644987,0.9440798295644987,0.9440798295644987,0.9440798295644987,0.9407837365842167,0.9349431645146137,0.9124328010482804,0.8703015135598648,0.8134694326493148,0.5313015586714754,0.9133788309886041,517.0,517.0,517.0,517.0,517.0,517.0,517.0,517.0,516.0,514.0,514.0,514.0,514.0,511.0,509.0,501.0,481.0,453.0,305.0,498.3157894736842,2.0,2.0,2.0,2.0,2.0,2.0,2.0,2.0,3.0,5.0,5.0,5.0,5.0,8.0,10.0,18.0,38.0,66.0,214.0,20.68421052631579,1.0,1.0,1.0,1.0,1.0,1.0,1.0,1.0,2.0,4.0,4.0,4.0,4.0,7.0,9.0,17.0,37.0,65.0,213.0,19.68421052631579,0.9788053949903661,0.9424288402925401,0.9826589595375722,0.9903660886319846,0.9922779922779923,1.0,0.0,0.0,0.9217888707328817,0.991321118611379,0.012861736334405145,0.9820789402781042,484.4084239103656,514,5,4,2,2,0,0,2.0,311,0.9450337512054002,0.9441233140655106,0.9459459459459459,490,29,28,518,519,4,2
fencing_004_fencing_aria02_rgb,1.0,0.9403998740263997,0.9403998740263997,1.0,1.0,1.0,1.0,1.0,1.0,1.0,1.0,1.0,1.0,1.0,1.0,1.0,0.9952267030562386,0.9888825372656379,0.9516516407517625,0.909945567182443,0.7872194328270151,0.3796992756919792,0.9480329029881619,1.0,1.0,1.0,1.0,1.0,1.0,1.0,1.0,1.0,1.0,1.0,1.0,1.0,0.9936507936507937,0.9873417721518988,0.9503105590062112,0.9088145896656535,0.7840909090909091,0.37719298245614036,0.9474421897906108,1.0,1.0,1.0,1.0,1.0,1.0,1.0,1.0,1.0,1.0,1.0,1.0,1.0,0.9968051118210862,0.9904257067718606,0.9529946150367905,0.9110779521481863,0.7903604393768534,0.38222222222222224,0.9486255814408948,1.0,1.0,1.0,1.0,1.0,1.0,1.0,1.0,1.0,1.0,1.0,1.0,1.0,0.9968152866242038,0.9936305732484076,0.9745222929936306,0.9522292993630573,0.8789808917197452,0.5477707006369427,0.9654710023466309,1.0,1.0,1.0,1.0,1.0,1.0,1.0,1.0,1.0,1.0,1.0,1.0,1.0,0.9968152866242038,0.9936305732484076,0.9745222929936306,0.9522292993630573,0.8789808917197452,0.5477707006369427,0.9654710023466309,1.0,1.0,1.0,1.0,1.0,1.0,1.0,1.0,1.0,1.0,1.0,1.0,1.0,0.9978700745473907,0.9946684255365926,0.9754604235406201,0.9530553793100975,0.8822483184988429,0.5530546623794212,0.9661240675691034,1.0,1.0,1.0,1.0,1.0,1.0,1.0,1.0,1.0,1.0,1.0,1.0,1.0,0.9978700745473907,0.9946684255365926,0.9754604235406201,0.9530553793100975,0.8822483184988429,0.5530546623794212,0.9661240675691034,0.9403998740263997,0.9403998740263997,0.9403998740263997,0.9403998740263997,0.9403998740263997,0.9403998740263997,0.9403998740263997,0.9403998740263997,0.9403998740263997,0.9403998740263997,0.9403998740263997,0.9403998740263997,0.9403998740263997,0.9412624819869121,0.9419469701359063,0.9449916764461049,0.9477126060053096,0.9531367138199064,0.9661737817126763,0.9431801364447373,1.0,1.0,1.0,1.0,1.0,1.0,1.0,1.0,1.0,1.0,1.0,1.0,1.0,0.9968101992096629,0.9920268457958601,0.9636983435994042,0.9314263900272509,0.8334936855090602,0.4575698137614367,0.9565802777843514,314.0,314.0,314.0,314.0,314.0,314.0,314.0,314.0,314.0,314.0,314.0,314.0,314.0,313.0,312.0,306.0,299.0,276.0,172.0,303.1578947368421,0.0,0.0,0.0,0.0,0.0,0.0,0.0,0.0,0.0,0.0,0.0,0.0,0.0,1.0,2.0,8.0,15.0,38.0,142.0,10.842105263157896,0.0,0.0,0.0,0.0,0.0,0.0,0.0,0.0,0.0,0.0,0.0,0.0,0.0,1.0,2.0,8.0,15.0,38.0,142.0,10.842105263157896,1.0,0.9403998740263997,1.0,1.0,1.0,1.0,0.0,0.0,0.9403998740263997,1.0,0.0,1.0,295.2855604442895,314,0,0,0,2,0,0,0.0,311,1.0,1.0,1.0,314,0,0,314,314,2,2
fencing_004_fencing_aria03_rgb,0.8469885509426958,0.8959685099183661,0.7588750699060433,0.8469885509426958,0.8469885509426958,0.8469885509426958,0.8469885509426958,0.8469885509426958,0.8469885509426958,0.8469885509426958,0.8459965721285698,0.844044329226308,0.844044329226308,0.844044329226308,0.844044329226308,0.8369662131109592,0.8322696283848985,0.8259470475276015,0.7796702279250234,0.6690399479655816,0.3873114202742985,0.05739594601796829,0.7652470619388949,0.9949409780775716,0.9949409780775716,0.9949409780775716,0.9949409780775716,0.9949409780775716,0.9949409780775716,0.9949409780775716,0.9915824915824916,0.9848993288590604,0.9848993288590604,0.9848993288590604,0.9848993288590604,0.9749582637729549,0.9651162790697675,0.9489291598023064,0.8928,0.7474150664697193,0.42358604091456076,0.05719392314566577,0.8897771256177215,0.7210373491844211,0.7210373491844211,0.7210373491844211,0.7210373491844211,0.7210373491844211,0.7210373491844211,0.7210373491844211,0.7217858384238617,0.7233336533230947,0.7233336533230947,0.7233336533230947,0.7233336533230947,0.718505055978922,0.7177090982234529,0.7189035327586356,0.6808755200634609,0.5988833675617681,0.3541432478535146,0.05759868248428025,0.6583684421542749,0.9966216216216216,0.9966216216216216,0.9966216216216216,0.9966216216216216,0.9966216216216216,0.9966216216216216,0.9966216216216216,0.9949324324324325,0.9915540540540541,0.9915540540540541,0.9915540540540541,0.9915540540540541,0.9864864864864865,0.981418918918919,0.972972972972973,0.9425675675675675,0.8547297297297297,0.5945945945945946,0.10810810810810811,0.914651493598862,0.9983079526226735,0.9983079526226735,0.9983079526226735,0.9983079526226735,0.9983079526226735,0.9983079526226735,0.9983079526226735,0.9966159052453468,0.9932318104906938,0.9932318104906938,0.9932318104906938,0.9932318104906938,0.988155668358714,0.9830795262267343,0.9746192893401016,0.9441624365482234,0.856175972927242,0.5956006768189509,0.10829103214890017,0.9161991272597739,0.722590948324244,0.722590948324244,0.722590948324244,0.722590948324244,0.722590948324244,0.722590948324244,0.722590948324244,0.7233552558882862,0.7249269297907429,0.7249269297907429,0.7249269297907429,0.7249269297907429,0.7224805813549726,0.7228578031828485,0.725263727132019,0.7037721579287263,0.6558909888824401,0.464305362369989,0.09806748116008221,0.6723072481753708,0.9711931399477458,0.9711931399477458,0.9711931399477458,0.9711931399477458,0.9711931399477458,0.9711931399477458,0.9711931399477458,0.9701595120019864,0.9682861202200511,0.9682861202200511,0.9682861202200511,0.9682861202200511,0.9639389486503304,0.9599096462680521,0.9568044482452225,0.9300765706250497,0.8577452968229909,0.6050736989782763,0.12979835907846138,0.8971054179570944,0.8959685099183661,0.8959685099183661,0.8959685099183661,0.8959685099183661,0.8959685099183661,0.8959685099183661,0.8959685099183661,0.8968133763091977,0.8984928915422578,0.8984928915422578,0.8984928915422578,0.8984928915422578,0.8998569905366782,0.9010097843786531,0.9026832495499798,0.9065168941563911,0.9144900374131212,0.9301407359514566,0.9605980291830329,0.9040979070040054,0.8477036110539657,0.8477036110539657,0.8477036110539657,0.8477036110539657,0.8477036110539657,0.8477036110539657,0.8477036110539657,0.8474244154603615,0.8468910298180305,0.8468910298180305,0.8468910298180305,0.8468910298180305,0.8418999514166889,0.8392694962148531,0.8363454474969914,0.8011062243938184,0.7154602846389871,0.4588808787538151,0.07891061140870195,0.7758308792860052,590.0,590.0,590.0,590.0,590.0,590.0,590.0,589.0,587.0,587.0,587.0,587.0,584.0,581.0,576.0,558.0,506.0,352.0,64.0,541.4736842105264,2.0,2.0,2.0,2.0,2.0,2.0,2.0,3.0,5.0,5.0,5.0,5.0,8.0,11.0,16.0,34.0,86.0,240.0,528.0,50.526315789473685,1.0,1.0,1.0,1.0,1.0,1.0,1.0,2.0,4.0,4.0,4.0,4.0,7.0,10.0,15.0,33.0,85.0,239.0,527.0,49.526315789473685,0.9847972972972973,0.8985200037234689,0.9915540540540541,0.9949324324324325,0.9966159052453468,1.0,0.0,0.0,0.883831557758654,0.9957734573119188,0.006430868167202572,0.9905370608254597,529.2282821931232,589,3,2,4,2,0,0,2.0,311,0.8385460693153001,0.8378378378378378,0.8392554991539763,496,96,95,591,592,5,2
fencing_005_fencing_aria01_rgb,0.8542459452405805,0.9416423918538919,0.804394195107829,0.8542459452405805,0.8542459452405805,0.8542459452405805,0.8542459452405805,0.8542459452405805,0.8542459452405805,0.8542459452405805,0.8536193031707657,0.8536193031707657,0.8536193031707657,0.8506740639455505,0.8500556237676038,0.8485273966416325,0.8485273966416325,0.8444121422351681,0.8352997362728465,0.8135469693388859,0.7378621287095618,0.38683865323110284,0.8187538756305444,0.9939077458659704,0.9939077458659704,0.9939077458659704,0.9939077458659704,0.9939077458659704,0.9939077458659704,0.9939077458659704,0.9921739130434782,0.9921739130434782,0.9921739130434782,0.986990459670425,0.9852686308492201,0.9818339100346021,0.9818339100346021,0.9732988802756245,0.961472602739726,0.9317032040472175,0.8125,0.3524203069657615,0.9421683086741793,0.7342091235280287,0.7342091235280287,0.7342091235280287,0.7342091235280287,0.7342091235280287,0.7342091235280287,0.7342091235280287,0.7344134986482079,0.7344134986482079,0.7344134986482079,0.7331847597709078,0.7333985279487821,0.7333203054944922,0.7333203054944922,0.7325929171440795,0.725684379803762,0.7103750083132095,0.6700806412108381,0.4246183908130803,0.7125936629807614,0.995640802092415,0.995640802092415,0.995640802092415,0.995640802092415,0.995640802092415,0.995640802092415,0.995640802092415,0.994768962510898,0.994768962510898,0.994768962510898,0.992153443766347,0.99128160418483,0.9895379250217959,0.9895379250217959,0.985178727114211,0.979075850043592,0.963382737576286,0.8953792502179599,0.5204882301656495,0.9610425365943193,0.9982517482517482,0.9982517482517482,0.9982517482517482,0.9982517482517482,0.9982517482517482,0.9982517482517482,0.9982517482517482,0.9973776223776224,0.9973776223776224,0.9973776223776224,0.9947552447552448,0.9938811188811189,0.9921328671328671,0.9921328671328671,0.9877622377622378,0.9816433566433567,0.9659090909090909,0.8977272727272727,0.5218531468531469,0.9635627530364372,0.7342991217772303,0.7342991217772303,0.7342991217772303,0.7342991217772303,0.7342991217772303,0.7342991217772303,0.7342991217772303,0.7345462016802946,0.7345462016802946,0.7345462016802946,0.7339832106967431,0.7342373252663489,0.7344661212502622,0.7344661212502622,0.7344533048072871,0.7308380162579826,0.7233569137763504,0.7060363048435507,0.5529718045081886,0.722554820007288,0.998276485141634,0.998276485141634,0.998276485141634,0.998276485141634,0.998276485141634,0.998276485141634,0.998276485141634,0.9974333291598849,0.9974333291598849,0.9974333291598849,0.9948498938918587,0.9940286788217801,0.9924456843372713,0.9924456843372713,0.9883045628496739,0.9823312698834824,0.9679564918093242,0.9135546118150365,0.6051028749013009,0.9690134282167417,0.9416423918538919,0.9416423918538919,0.9416423918538919,0.9416423918538919,0.9416423918538919,0.9416423918538919,0.9416423918538919,0.9421394575869815,0.9421394575869815,0.9421394575869815,0.9432296687460614,0.9435712669452455,0.9440969326528476,0.9440969326528476,0.9450686902995438,0.9461331662414761,0.9479810492657936,0.9530626113227979,0.9676368707749284,0.9448838055073544,0.8549903862927439,0.8549903862927439,0.8549903862927439,0.8549903862927439,0.8549903862927439,0.8549903862927439,0.8549903862927439,0.8547349028232535,0.8547349028232535,0.8547349028232535,0.8528961157865054,0.8526455707337379,0.8518499007896693,0.8518499007896693,0.8495498558677359,0.8429116507794426,0.8272623648000413,0.7745813721701098,0.47011580991292584,0.8275157870604635,1142.0,1142.0,1142.0,1142.0,1142.0,1142.0,1142.0,1141.0,1141.0,1141.0,1138.0,1137.0,1135.0,1135.0,1130.0,1123.0,1105.0,1027.0,597.0,1102.3157894736842,5.0,5.0,5.0,5.0,5.0,5.0,5.0,6.0,6.0,6.0,9.0,10.0,12.0,12.0,17.0,24.0,42.0,120.0,550.0,44.68421052631579,2.0,2.0,2.0,2.0,2.0,2.0,2.0,3.0,3.0,3.0,6.0,7.0,9.0,9.0,14.0,21.0,39.0,117.0,547.0,41.68421052631579,0.988666085440279,0.9421394575869815,0.992153443766347,0.994768962510898,0.9973776223776224,1.0,0.0,0.0,0.9311082136937627,0.9960715844609341,0.004991680532445923,0.9916285440354595,1074.9811211067458,1141,6,3,4,2,0,0,4.0,601,0.8109995635093845,0.8099389712292938,0.8120629370629371,929,218,215,1144,1147,6,2
fencing_005_fencing_aria02_rgb,0.6522847183552247,0.9434094699763569,0.6153715804171798,0.6522847183552247,0.6522847183552247,0.6522847183552247,0.6522847183552247,0.6522847183552247,0.6522847183552247,0.6513302765800763,0.6513302765800763,0.6513302765800763,0.6513302765800763,0.6513302765800763,0.6513302765800763,0.6497759099835648,0.6468439152123086,0.6369228420525251,0.6274242835852194,0.6073664146729767,0.570645378262198,0.32734811683081194,0.6256850963269164,0.991166077738516,0.991166077738516,0.991166077738516,0.991166077738516,0.991166077738516,0.991166077738516,0.9876543209876543,0.9876543209876543,0.9876543209876543,0.9876543209876543,0.9876543209876543,0.9876543209876543,0.9841549295774648,0.9737302977232924,0.9498269896193772,0.9264957264957265,0.8941176470588236,0.8206785137318255,0.4541935483870968,0.940848423418454,0.4292674692525155,0.4292674692525155,0.4292674692525155,0.4292674692525155,0.4292674692525155,0.4292674692525155,0.42953401830475213,0.42953401830475213,0.42953401830475213,0.42953401830475213,0.42953401830475213,0.42953401830475213,0.4290063693286992,0.4296950106466627,0.42709957830407597,0.4248926577582456,0.4125787729234214,0.3967889280435281,0.23592759072251746,0.4162525175300398,0.991166077738516,0.991166077738516,0.991166077738516,0.991166077738516,0.991166077738516,0.991166077738516,0.9893992932862191,0.9893992932862191,0.9893992932862191,0.9893992932862191,0.9893992932862191,0.9893992932862191,0.9876325088339223,0.9823321554770318,0.9699646643109541,0.9575971731448764,0.9399293286219081,0.8975265017667845,0.6219081272084805,0.9600148781848615,1.0,1.0,1.0,1.0,1.0,1.0,0.9982174688057041,0.9982174688057041,0.9982174688057041,0.9982174688057041,0.9982174688057041,0.9982174688057041,0.9964349376114082,0.9910873440285205,0.9786096256684492,0.966131907308378,0.948306595365419,0.9055258467023173,0.6274509803921569,0.9685711605216251,0.4292674692525155,0.4292674692525155,0.4292674692525155,0.4292674692525155,0.4292674692525155,0.4292674692525155,0.42956025737180753,0.42956025737180753,0.42956025737180753,0.42956025737180753,0.42956025737180753,0.42956025737180753,0.42919694287475446,0.4300132309578856,0.42870042077775394,0.4279963578856567,0.4193365425168336,0.40909945665468245,0.27688260551275196,0.4196943114171714,1.0,1.0,1.0,1.0,1.0,1.0,0.998469387755102,0.998469387755102,0.998469387755102,0.998469387755102,0.998469387755102,0.998469387755102,0.9967895476616406,0.9928442959917778,0.9822058008829079,0.9767127092970159,0.9591989909686954,0.924963711471372,0.6574046532530172,0.972680844003002,0.9434094699763569,0.9434094699763569,0.9434094699763569,0.9434094699763569,0.9434094699763569,0.9434094699763569,0.9445281031387296,0.9445281031387296,0.9445281031387296,0.9445281031387296,0.9445281031387296,0.9445281031387296,0.9450558301044157,0.9465234785372425,0.9492767161017098,0.9515614710547875,0.9539644471977131,0.9575380757541078,0.9674800152447488,0.9473171301413288,0.6522847183552247,0.6522847183552247,0.6522847183552247,0.6522847183552247,0.6522847183552247,0.6522847183552247,0.6519054027641676,0.6519054027641676,0.6519054027641676,0.6519054027641676,0.6519054027641676,0.6519054027641676,0.6509229116000108,0.6496947175452963,0.6436392616186982,0.6378683312089646,0.622731795428467,0.5967650949299064,0.3830473679625664,0.6320952740531719,561.0,561.0,561.0,561.0,561.0,561.0,560.0,560.0,560.0,560.0,560.0,560.0,559.0,556.0,549.0,542.0,532.0,508.0,352.0,543.3684210526316,5.0,5.0,5.0,5.0,5.0,5.0,6.0,6.0,6.0,6.0,6.0,6.0,7.0,10.0,17.0,24.0,34.0,58.0,214.0,22.63157894736842,0.0,0.0,0.0,0.0,0.0,0.0,1.0,1.0,1.0,1.0,1.0,1.0,2.0,5.0,12.0,19.0,29.0,53.0,209.0,17.63157894736842,0.9770318021201413,0.9445281031387296,0.9876325088339223,0.9893992932862191,0.9982174688057041,1.0,0.0,0.0,0.9221479465683544,0.9937888198757764,0.0016638935108153079,0.9862576833032091,528.9357377576886,560,6,1,6,2,0,0,5.0,601,0.5643300798580302,0.5618374558303887,0.5668449197860963,318,248,243,561,566,8,2
fencing_005_fencing_aria03_rgb,0.6152292008794583,0.9183098195446556,0.564971016438218,0.6152292008794583,0.6142246202500795,0.6142246202500795,0.6142246202500795,0.6142246202500795,0.6142246202500795,0.6142246202500795,0.6142246202500795,0.6142246202500795,0.6142246202500795,0.6142246202500795,0.608775855055402,0.6059358530546227,0.6059358530546227,0.6004928145791896,0.5952396185977424,0.5737663867505912,0.4144710820377219,0.10654147005893866,0.572033386135215,0.9831261101243339,0.9813664596273292,0.9813664596273292,0.9813664596273292,0.9813664596273292,0.9813664596273292,0.9813664596273292,0.9813664596273292,0.9813664596273292,0.9813664596273292,0.9813664596273292,0.970873786407767,0.965669014084507,0.965669014084507,0.9536307961504812,0.9434290687554395,0.9004255319148936,0.612274368231047,0.12323943661971831,0.906947459086631,0.3850034758683277,0.38443527432619023,0.38443527432619023,0.38443527432619023,0.38443527432619023,0.38443527432619023,0.38443527432619023,0.38443527432619023,0.38443527432619023,0.38443527432619023,0.38443527432619023,0.3817262829493888,0.3802112863330445,0.3802112863330445,0.37812497437880166,0.3755557415840364,0.3656136514306938,0.2805707486038269,0.09210594557768002,0.36123558612214457,0.9848754448398577,0.9839857651245552,0.9839857651245552,0.9839857651245552,0.9839857651245552,0.9839857651245552,0.9839857651245552,0.9839857651245552,0.9839857651245552,0.9839857651245552,0.9839857651245552,0.9786476868327402,0.9759786476868327,0.9759786476868327,0.9697508896797153,0.9644128113879004,0.9412811387900356,0.7544483985765125,0.2179715302491103,0.92648436036711,0.9981965734896303,0.9972948602344455,0.9972948602344455,0.9972948602344455,0.9972948602344455,0.9972948602344455,0.9972948602344455,0.9972948602344455,0.9972948602344455,0.9972948602344455,0.9972948602344455,0.9918845807033363,0.9891794409377818,0.9891794409377818,0.9828674481514879,0.9774571686203787,0.9540126239855726,0.7646528403967539,0.22091974752028856,0.9390157087940771,0.38500349850678517,0.3845933276353903,0.3845933276353903,0.3845933276353903,0.3845933276353903,0.3845933276353903,0.3845933276353903,0.3845933276353903,0.3845933276353903,0.3845933276353903,0.3845933276353903,0.38273007046145346,0.38163501314721276,0.38163501314721276,0.380159853322551,0.3782910423139186,0.3711801984398312,0.30402751990499133,0.11848443024626264,0.36468841662337487,0.999096657633243,0.9981954967534202,0.9981954967534202,0.9981954967534202,0.9981954967534202,0.9981954967534202,0.9981954967534202,0.9981954967534202,0.9981954967534202,0.9981954967534202,0.9981954967534202,0.9939389420172922,0.9912451095263916,0.9912451095263916,0.9849715286430512,0.9796614906563933,0.9582582899735782,0.7775169102223137,0.2868696184616089,0.9444609802207612,0.9183098195446556,0.9190783144596604,0.9190783144596604,0.9190783144596604,0.9190783144596604,0.9190783144596604,0.9190783144596604,0.9190783144596604,0.9190783144596604,0.9190783144596604,0.9190783144596604,0.9209616643660237,0.9217508089873221,0.9217508089873221,0.9230173339038413,0.923804095145646,0.9261116291996231,0.9374041756248318,0.9638155016824187,0.923563630633594,0.6157763145499433,0.6150437688073301,0.6150437688073301,0.6150437688073301,0.6150437688073301,0.6150437688073301,0.6150437688073301,0.6150437688073301,0.6150437688073301,0.6150437688073301,0.6150437688073301,0.6112082654968595,0.609161798761705,0.609161798761705,0.6055468853143929,0.6018228714280709,0.5866389299866371,0.4600827664361821,0.1416914743469352,0.5785015154292491,1107.0,1106.0,1106.0,1106.0,1106.0,1106.0,1106.0,1106.0,1106.0,1106.0,1106.0,1100.0,1097.0,1097.0,1090.0,1084.0,1058.0,848.0,245.0,1041.3684210526317,17.0,18.0,18.0,18.0,18.0,18.0,18.0,18.0,18.0,18.0,18.0,24.0,27.0,27.0,34.0,40.0,66.0,276.0,879.0,82.63157894736842,2.0,3.0,3.0,3.0,3.0,3.0,3.0,3.0,3.0,3.0,3.0,9.0,12.0,12.0,19.0,25.0,51.0,261.0,864.0,67.63157894736842,0.9795373665480427,0.9187886683161434,0.9848754448398577,0.9857651245551602,0.9990982867448152,1.0,0.0,0.0,0.8994820680554153,0.9923869234214062,0.0016638935108153079,0.984183139456954,1018.0178444942868,1108,16,1,6,2,0,0,4.0,601,0.4693237796686073,0.46619217081850534,0.47249774571686204,524,600,585,1109,1124,7,2
fencing_006_fencing_aria01_rgb,0.6559269010612775,0.9188611136066821,0.6027057227537455,0.6559269010612775,0.6559269010612775,0.6459098879954293,0.6410226027788394,0.6410226027788394,0.6398570548558498,0.6398570548558498,0.6398570548558498,0.6386964280624728,0.6386964280624728,0.6383693662311795,0.634918716476376,0.634918716476376,0.6237847986311019,0.6088616089487865,0.5881362039537448,0.5539411439927269,0.4895616355655749,0.23422523690838676,0.602288965450127,0.9925,0.9925,0.9760330578512396,0.9662828947368421,0.9662828947368421,0.9646672144617913,0.9646672144617913,0.9646672144617913,0.9630541871921182,0.9630541871921182,0.9614438063986874,0.9566284779050737,0.9566284779050737,0.9407467532467533,0.9158653846153846,0.8797169811320755,0.8237986270022883,0.7127507163323782,0.2617414248021108,0.9012120797070716,0.4334912841671041,0.4334912841671041,0.4274441117073871,0.4252481126505556,0.4252481126505556,0.42441273478670527,0.42441273478670527,0.42441273478670527,0.4235827356808777,0.4235827356808777,0.42385779078326186,0.42139846956553867,0.42139846956553867,0.4136155385711796,0.40476740913991943,0.39319940596803016,0.3724827657513425,0.33626145793429807,0.20960175351023563,0.403258402202838,0.9974874371859297,0.9974874371859297,0.9891122278056952,0.9840871021775545,0.9840871021775545,0.983249581239531,0.983249581239531,0.983249581239531,0.9824120603015075,0.9824120603015075,0.981574539363484,0.9790619765494137,0.9790619765494137,0.9706867671691792,0.957286432160804,0.9371859296482412,0.9045226130653267,0.8333333333333334,0.4154103852596315,0.9381556907343734,0.9949874686716792,0.9949874686716792,0.9866332497911445,0.9816207184628237,0.9816207184628237,0.9807852965747702,0.9807852965747702,0.9807852965747702,0.9799498746867168,0.9799498746867168,0.9791144527986633,0.9766081871345029,0.9766081871345029,0.9682539682539683,0.9548872180451128,0.9348370927318296,0.9022556390977443,0.8312447786131997,0.4143692564745196,0.9358044233390493,0.45224549198173225,0.45224549198173225,0.44755250528751916,0.44584044233741243,0.44584044233741243,0.44528054373832127,0.44528054373832127,0.44528054373832127,0.44472252748349544,0.44472252748349544,0.444969951059415,0.443306457255618,0.443306457255618,0.4378030784703899,0.43167422456672966,0.4232266316581709,0.40714258323442565,0.37709851584285864,0.2602961500547194,0.4283071110266162,0.8695066392321849,0.8695066392321849,0.8624133812697634,0.8583944208957615,0.8583944208957615,0.8574245797280344,0.8574245797280344,0.8574245797280344,0.8564582205842206,0.8564582205842206,0.8569839442557776,0.8541047353976216,0.8541047353976216,0.845118196497865,0.834868058480327,0.8216133138520956,0.7956360147977481,0.7384787867394095,0.48894416158761594,0.8259609278360148,0.9188611136066821,0.9188611136066821,0.9255002049139568,0.9294211353011704,0.9294211353011704,0.9299654419120412,0.9299654419120412,0.9299654419120412,0.9303760820673209,0.9303760820673209,0.9307294378067112,0.9316227734618342,0.9316227734618342,0.9338068466950175,0.936744919480845,0.9401595502624326,0.9442333958257378,0.9494374911682469,0.9676928660685621,0.9336191182542971,0.6575728933633762,0.6575728933633762,0.6502231905994434,0.6469012157082096,0.6469012157082096,0.6459904362695721,0.6459904362695721,0.6459904362695721,0.6450835512306913,0.6450835512306913,0.6450178414150296,0.6423201838084603,0.6423201838084603,0.6336332772089841,0.6224775891150829,0.6070427915882739,0.5804473142320535,0.5293561009489879,0.2950775240115406,0.6150001382183993,1191.0,1191.0,1181.0,1175.0,1175.0,1174.0,1174.0,1174.0,1173.0,1173.0,1172.0,1169.0,1169.0,1159.0,1143.0,1119.0,1080.0,995.0,496.0,1120.157894736842,3.0,3.0,13.0,19.0,19.0,20.0,20.0,20.0,21.0,21.0,22.0,25.0,25.0,35.0,51.0,75.0,114.0,199.0,698.0,73.84210526315789,6.0,6.0,16.0,22.0,22.0,23.0,23.0,23.0,24.0,24.0,25.0,28.0,28.0,38.0,54.0,78.0,117.0,202.0,701.0,76.84210526315789,0.9857621440536013,0.929618285375203,0.9891122278056952,0.9958123953098827,0.9933166248955723,1.0,0.0,0.0,0.9156751602270656,0.9945629443747386,0.013311148086522463,0.9886079899570118,1105.3161413111163,1189,5,8,4,2,0,0,3.0,601,0.5512337933918863,0.551926298157454,0.5505430242272348,659,535,538,1197,1194,5,2
fencing_006_fencing_aria02_rgb,1.0,0.9531951914133441,0.9531951914133441,1.0,1.0,0.9966777408637874,0.9966777408637874,0.9966777408637874,0.9966777408637874,0.9933665008291874,0.9933665008291874,0.9933665008291874,0.9933665008291874,0.9867768595041322,0.9867768595041322,0.9867768595041322,0.9867768595041322,0.9737274220032841,0.9640522875816994,0.9355877616747182,0.9049128367670366,0.6177658142664872,0.9633331856358764,1.0,1.0,0.9966777408637874,0.9966777408637874,0.9966777408637874,0.9966777408637874,0.9933665008291874,0.9933665008291874,0.9933665008291874,0.9933665008291874,0.9867768595041322,0.9867768595041322,0.9867768595041322,0.9867768595041322,0.9737274220032841,0.9640522875816994,0.9355877616747182,0.9049128367670365,0.6177658142664872,0.9633331856358764,1.0,1.0,0.9966777408637874,0.9966777408637874,0.9966777408637874,0.9966777408637874,0.9933665008291874,0.9933665008291874,0.9933665008291874,0.9933665008291874,0.9867768595041322,0.9867768595041322,0.9867768595041322,0.9867768595041322,0.973727422003284,0.9640522875816994,0.9355877616747184,0.9049128367670366,0.6177658142664872,0.9633331856358764,1.0,1.0,0.9983361064891847,0.9983361064891847,0.9983361064891847,0.9983361064891847,0.9966722129783694,0.9966722129783694,0.9966722129783694,0.9966722129783694,0.9933444259567388,0.9933444259567388,0.9933444259567388,0.9933444259567388,0.9866888519134775,0.9816971713810316,0.9667221297836939,0.9500831946755408,0.7637271214642263,0.9790699711007967,1.0,1.0,0.9983361064891847,0.9983361064891847,0.9983361064891847,0.9983361064891847,0.9966722129783694,0.9966722129783694,0.9966722129783694,0.9966722129783694,0.9933444259567388,0.9933444259567388,0.9933444259567388,0.9933444259567388,0.9866888519134775,0.9816971713810316,0.9667221297836939,0.9500831946755408,0.7637271214642263,0.9790699711007967,1.0,1.0,0.9983361064891847,0.9983361064891847,0.9983361064891847,0.9983361064891847,0.9966722129783694,0.9966722129783694,0.9966722129783694,0.9966722129783694,0.9933444259567388,0.9933444259567388,0.9933444259567388,0.9933444259567388,0.9866888519134777,0.9816971713810316,0.9667221297836939,0.9500831946755408,0.7637271214642263,0.9790699711007967,1.0,1.0,0.9983361064891847,0.9983361064891847,0.9983361064891847,0.9983361064891847,0.9966722129783694,0.9966722129783694,0.9966722129783694,0.9966722129783694,0.9933444259567388,0.9933444259567388,0.9933444259567388,0.9933444259567388,0.9866888519134777,0.9816971713810316,0.9667221297836939,0.9500831946755408,0.7637271214642263,0.9790699711007967,0.9531951914133441,0.9531951914133441,0.954567092086682,0.954567092086682,0.954567092086682,0.954567092086682,0.955577497875584,0.955577497875584,0.955577497875584,0.955577497875584,0.9570897266514378,0.9570897266514378,0.9570897266514378,0.9570897266514378,0.95855484228738,0.9594282740938012,0.9613586582249091,0.962852312532348,0.9695888464579985,0.9572163464672601,1.0,1.0,0.997506579045166,0.997506579045166,0.997506579045166,0.997506579045166,0.9950179840987827,0.9950179840987827,0.9950179840987827,0.9950179840987827,0.9900551969721313,0.9900551969721313,0.9900551969721313,0.9900551969721313,0.98018671287316,0.9728347258308407,0.9510275461655896,0.9272229930596697,0.6868802712764053,0.9709721731405255,601.0,601.0,600.0,600.0,600.0,600.0,599.0,599.0,599.0,599.0,597.0,597.0,597.0,597.0,593.0,590.0,581.0,571.0,459.0,588.421052631579,0.0,0.0,1.0,1.0,1.0,1.0,2.0,2.0,2.0,2.0,4.0,4.0,4.0,4.0,8.0,11.0,20.0,30.0,142.0,12.578947368421053,0.0,0.0,1.0,1.0,1.0,1.0,2.0,2.0,2.0,2.0,4.0,4.0,4.0,4.0,8.0,11.0,20.0,30.0,142.0,12.578947368421053,0.9933444259567388,0.955577497875584,0.9933444259567388,0.9966722129783694,0.9966722129783694,1.0,0.0,0.0,0.9490697524583607,0.9966722129783694,0.0033277870216306157,0.9933444259567388,572.3909212274748,599,2,2,0,1,0,0,2.0,601,0.9966722129783694,0.9966722129783694,0.9966722129783694,599,2,2,601,601,1,1
fencing_006_fencing_aria03_rgb,0.7738026173829023,0.9022158463803943,0.6981369833734796,0.7738026173829023,0.7738026173829023,0.7738026173829023,0.7738026173829023,0.7738026173829023,0.7734782530424013,0.7734782530424013,0.7731560821830565,0.7731560821830565,0.7731560821830565,0.7725877464747898,0.764904528367171,0.7575265805794623,0.748925177003586,0.725396279779639,0.6752116159459701,0.5961608558536874,0.4416568372177895,0.13299114459636815,0.7026736108087867,0.959234608985025,0.959234608985025,0.959234608985025,0.959234608985025,0.959234608985025,0.9576059850374065,0.9576059850374065,0.9559800664451827,0.9559800664451827,0.9559800664451827,0.9543568464730291,0.9478908188585607,0.9382716049382716,0.9224489795918367,0.884,0.8045977011494253,0.696685878962536,0.4811320754716981,0.12089481199428843,0.8594528385144805,0.6242169382339061,0.6242169382339061,0.6242169382339061,0.6242169382339061,0.6242169382339061,0.6247544577597384,0.6247544577597384,0.6252958073063862,0.6252958073063862,0.6252958073063862,0.6254388263770503,0.6172429628774649,0.6115995808294398,0.6080432990429817,0.5952486003598874,0.5666319026975435,0.5101406197315979,0.40542040700567505,0.14629779598720655,0.5753971065008955,0.959234608985025,0.959234608985025,0.959234608985025,0.959234608985025,0.959234608985025,0.9584026622296173,0.9584026622296173,0.9575707154742097,0.9575707154742097,0.9575707154742097,0.956738768718802,0.9534109816971714,0.9484193011647255,0.940099833610649,0.9193011647254575,0.8735440931780366,0.8044925124792013,0.6364392678868552,0.2113144758735441,0.885760574481128,1.0,1.0,1.0,1.0,1.0,0.9991326973113617,0.9991326973113617,0.9982653946227233,0.9982653946227233,0.9982653946227233,0.997398091934085,0.9939288811795317,0.9887250650477016,0.9800520381613183,0.95836947094536,0.9106678230702515,0.8386816999132697,0.6634865568083261,0.22029488291413704,0.9234034783402564,0.6242169382339061,0.6242169382339061,0.6242169382339061,0.6242169382339061,0.6242169382339061,0.6247544601589943,0.6247544601589943,0.6252958073063862,0.6252958073063862,0.6252958073063862,0.625476379946466,0.6207019714089084,0.6176723005517121,0.6162060283009143,0.6104652125793361,0.5972109975437763,0.5647997907658211,0.4982654182027775,0.24347871657473766,0.5916188341726909,1.0,1.0,1.0,1.0,1.0,0.9995659722222222,0.9995659722222222,1.0,1.0,1.0,0.9991373360938577,0.9956671542793277,0.9905337850079072,0.9818773533175442,0.961217936425972,0.9238274717363435,0.8584781545457861,0.687258939689169,0.2681556664374059,0.9297518811567241,0.9022158463803943,0.9022158463803943,0.9022158463803943,0.9022158463803943,0.9022158463803943,0.9027505393005479,0.9027505393005479,0.9032150636193838,0.9032150636193838,0.9032150636193838,0.903538022972208,0.9047124078660446,0.9062040137148182,0.9082068433768115,0.9123107381996511,0.9192552205260047,0.9270848391659398,0.9392569804593638,0.9634083584272845,0.9110633118983865,0.7738026173829023,0.7738026173829023,0.7738026173829023,0.7738026173829023,0.7738026173829023,0.7737999325127616,0.7737999325127616,0.7737990395350719,0.7737990395350719,0.7737990395350719,0.7735512734505139,0.767128554534815,0.7616120055795446,0.756056482187923,0.7397382858903836,0.7035466946888963,0.6406280581472918,0.5079620724238009,0.17582617006717524,0.713897877237663,1153.0,1153.0,1153.0,1153.0,1153.0,1152.0,1152.0,1151.0,1151.0,1151.0,1150.0,1146.0,1140.0,1130.0,1105.0,1050.0,967.0,765.0,254.0,1064.6842105263158,49.0,49.0,49.0,49.0,49.0,50.0,50.0,51.0,51.0,51.0,52.0,56.0,62.0,72.0,97.0,152.0,235.0,437.0,948.0,137.31578947368422,0.0,0.0,0.0,0.0,0.0,1.0,1.0,2.0,2.0,2.0,3.0,7.0,13.0,23.0,48.0,103.0,186.0,388.0,899.0,88.3157894736842,0.9500831946755408,0.9032150636193838,0.9559068219633944,0.9575707154742097,0.9982653946227233,1.0,0.0,0.0,0.8574047738984282,0.9774946921443737,0.0033277870216306157,0.9552037453910031,1039.6005382259107,1151,51,2,7,2,0,0,7.0,601,0.6437367303609342,0.6306156405990017,0.6574154379878577,758,444,395,1153,1202,10,2
fencing_008_fencing_aria01_rgb,0.8325610138943131,0.9362452948680915,0.7794813319491585,0.8325610138943131,0.8325610138943131,0.8325610138943131,0.8325610138943131,0.8325610138943131,0.8325610138943131,0.8325610138943131,0.8325610138943131,0.8325610138943131,0.8325610138943131,0.8325610138943131,0.8300554471964635,0.8274964249577537,0.8245992441963539,0.8155855161843237,0.790463302089708,0.7532547034638325,0.6726258116899281,0.2818174661875763,0.7870562667791255,0.9888475836431226,0.9888475836431226,0.9888475836431226,0.9888475836431226,0.9888475836431226,0.9888475836431226,0.9888475836431226,0.9888475836431226,0.9888475836431226,0.9888475836431226,0.9888475836431226,0.9833178869323448,0.977818853974122,0.974169741697417,0.9597069597069597,0.9279279279279279,0.8838028169014085,0.7863105175292153,0.3161131611316113,0.9308679624144924,0.7009754115017274,0.7009754115017274,0.7009754115017274,0.7009754115017274,0.7009754115017274,0.7009754115017274,0.7009754115017274,0.7009754115017274,0.7009754115017274,0.7009754115017274,0.7009754115017274,0.700680883137363,0.7002834221643932,0.6979932597212601,0.6931071276306656,0.673362890742842,0.641990088105457,0.5753776306759432,0.2512425739063719,0.6655140738212261,0.9897674418604652,0.9897674418604652,0.9897674418604652,0.9897674418604652,0.9897674418604652,0.9897674418604652,0.9897674418604652,0.9897674418604652,0.9897674418604652,0.9897674418604652,0.9897674418604652,0.9869767441860465,0.9841860465116279,0.9823255813953489,0.9748837209302326,0.958139534883721,0.933953488372093,0.8762790697674419,0.4781395348837209,0.9506487148102816,0.9990610328638497,0.9990610328638497,0.9990610328638497,0.9990610328638497,0.9990610328638497,0.9990610328638497,0.9990610328638497,0.9990610328638497,0.9990610328638497,0.9990610328638497,0.9990610328638497,0.996244131455399,0.9934272300469483,0.9915492957746479,0.984037558685446,0.9671361502347418,0.9427230046948357,0.8845070422535212,0.48262910798122066,0.9595749938225847,0.7009754115017274,0.7009754115017274,0.7009754115017274,0.7009754115017274,0.7009754115017274,0.7009754115017274,0.7009754115017274,0.7009754115017274,0.7009754115017274,0.7009754115017274,0.7009754115017274,0.7010116765064929,0.7009656158994534,0.6997295127029975,0.6973391310223371,0.6865280787610885,0.6684847267516592,0.6278602478177849,0.3570414582087734,0.6762994723257677,1.0,1.0,1.0,1.0,1.0,1.0,1.0,1.0,1.0,1.0,1.0,0.9972011363277464,0.9944386766819028,0.9925845000024291,0.9852831813836903,0.9689325167589317,0.9452713342469279,0.8895041991000775,0.5010001869484901,0.961800827971063,0.9362452948680915,0.9362452948680915,0.9362452948680915,0.9362452948680915,0.9362452948680915,0.9362452948680915,0.9362452948680915,0.9362452948680915,0.9362452948680915,0.9362452948680915,0.9362452948680915,0.9372936433919624,0.9382145928844949,0.9387052594393952,0.9403349680398245,0.9432068810811274,0.9462617999123418,0.950667464248358,0.9660734321524597,0.939971383405209,0.8329481615617814,0.8329481615617814,0.8329481615617814,0.8329481615617814,0.8329481615617814,0.8329481615617814,0.8329481615617814,0.8329481615617814,0.8329481615617814,0.8329481615617814,0.8329481615617814,0.8315983025189014,0.8301862277209899,0.828043860351444,0.822009036195983,0.8032282408782104,0.7743312484243413,0.7100643456572863,0.34659631768179755,0.7951835450846605,1064.0,1064.0,1064.0,1064.0,1064.0,1064.0,1064.0,1064.0,1064.0,1064.0,1064.0,1061.0,1058.0,1056.0,1048.0,1030.0,1004.0,942.0,514.0,1021.9473684210526,11.0,11.0,11.0,11.0,11.0,11.0,11.0,11.0,11.0,11.0,11.0,14.0,17.0,19.0,27.0,45.0,71.0,133.0,561.0,53.05263157894737,1.0,1.0,1.0,1.0,1.0,1.0,1.0,1.0,1.0,1.0,1.0,4.0,7.0,9.0,17.0,35.0,61.0,123.0,551.0,43.05263157894737,0.986046511627907,0.9362452948680915,0.9888372093023255,0.9897674418604652,0.9990610328638497,1.0,0.0,0.0,0.9229441802229297,0.994392523364486,0.0016638935108153079,0.988393375577005,996.1649937396494,1064,11,1,3,2,0,0,3.0,601,0.7186915887850467,0.7153488372093023,0.7220657276995305,769,306,296,1065,1075,6,2
fencing_008_fencing_aria02_rgb,0.9226145632414753,0.9396310414285797,0.8669172828957616,0.9226145632414753,0.9226145632414753,0.9226145632414753,0.9226145632414753,0.9226145632414753,0.9226145632414753,0.9226145632414753,0.9226145632414753,0.9201642321561319,0.9178092990278023,0.9124214735452995,0.9102442899587126,0.9102442899587126,0.9050385801835354,0.8932476995004622,0.8746708166661703,0.8558292093109306,0.8090758041480509,0.36056865440977864,0.8763279397261784,0.9967793880837359,0.9967793880837359,0.9967793880837359,0.9967793880837359,0.9967793880837359,0.9967793880837359,0.9967793880837359,0.9967793880837359,0.9935691318327974,0.9903691813804173,0.984,0.9808306709265175,0.9808306709265175,0.9745222929936306,0.9558359621451105,0.9284603421461898,0.8960244648318043,0.8262150220913107,0.3686534216335541,0.9396603297672493,0.8539679316018827,0.8539679316018827,0.8539679316018827,0.8539679316018827,0.8539679316018827,0.8539679316018827,0.8539679316018827,0.8539679316018827,0.8521824873701601,0.850565551936673,0.84604974124652,0.8447377227914137,0.8447377227914137,0.8405090755845677,0.8347577244030666,0.8239975395815079,0.8174370949204631,0.7922921265712237,0.3526611904666102,0.8174563910778253,1.0,1.0,1.0,1.0,1.0,1.0,1.0,1.0,0.9983844911147012,0.9967689822294022,0.9935379644588045,0.9919224555735057,0.9919224555735057,0.9886914378029079,0.9789983844911146,0.9644588045234249,0.9466882067851373,0.9063004846526656,0.5395799676898223,0.9630133492049995,0.9967793880837359,0.9967793880837359,0.9967793880837359,0.9967793880837359,0.9967793880837359,0.9967793880837359,0.9967793880837359,0.9967793880837359,0.9951690821256038,0.9935587761674718,0.9903381642512077,0.9887278582930756,0.9887278582930756,0.9855072463768116,0.9758454106280193,0.961352657004831,0.9436392914653784,0.9033816425120773,0.537842190016103,0.9599118569370284,0.8557860514794555,0.8557860514794555,0.8557860514794555,0.8557860514794555,0.8557860514794555,0.8557860514794555,0.8557860514794555,0.8557860514794555,0.8547277701362691,0.8537296170322856,0.8511469342116784,0.850265810549572,0.850265810549572,0.8477930572026289,0.8453618559867585,0.8405027993692109,0.8381138231382539,0.826489651621237,0.4925743996679383,0.8314347337526868,0.9969265928523583,0.9969265928523583,0.9969265928523583,0.9969265928523583,0.9969265928523583,0.9969265928523583,0.9969265928523583,0.9969265928523583,0.9955008287946958,0.9941495038937423,0.9912384437235998,0.9900324683598383,0.9900324683598383,0.9872592632696583,0.9787311247413161,0.9657895480637998,0.9527967811986094,0.9251080738958992,0.5613878136622823,0.963549424251692,0.9396310414285797,0.9396310414285797,0.9396310414285797,0.9396310414285797,0.9396310414285797,0.9396310414285797,0.9396310414285797,0.9396310414285797,0.9404477062529673,0.9412139264067385,0.9425275077610712,0.9430958121296806,0.9430958121296806,0.9439217618786642,0.9460313751279386,0.9485410517430528,0.9507259396797839,0.9538851782622377,0.9678202179177553,0.9441239274062214,0.9241038532556191,0.9241038532556191,0.9241038532556191,0.9241038532556191,0.9241038532556191,0.9241038532556191,0.9241038532556191,0.9241038532556191,0.9223913372261893,0.9207699818756623,0.9168328843082395,0.9153765980768955,0.9153765980768955,0.9115942773109643,0.9040057873885993,0.8914660296135937,0.8796920242618466,0.8473811057003755,0.4362211752739977,0.8870494013241164,619.0,619.0,619.0,619.0,619.0,619.0,619.0,619.0,618.0,617.0,615.0,614.0,614.0,612.0,606.0,597.0,586.0,561.0,334.0,596.1052631578947,0.0,0.0,0.0,0.0,0.0,0.0,0.0,0.0,1.0,2.0,4.0,5.0,5.0,7.0,13.0,22.0,33.0,58.0,285.0,22.894736842105264,2.0,2.0,2.0,2.0,2.0,2.0,2.0,2.0,3.0,4.0,6.0,7.0,7.0,9.0,15.0,24.0,35.0,60.0,287.0,24.894736842105264,0.9870759289176091,0.9412139264067385,0.9903069466882067,0.9967689822294022,0.9935587761674718,1.0,0.0,0.0,0.928479794172791,0.9951612903225806,0.0066555740432612314,0.9898206300554702,580.7289925929576,617,2,4,2,2,0,0,3.0,601,0.9145161290322581,0.9159935379644588,0.9130434782608695,567,52,54,621,619,4,2
fencing_008_fencing_aria03_rgb,0.8679650411868575,0.9383267138522153,0.8144347848354667,0.8679650411868575,0.8679650411868575,0.8679650411868575,0.8679650411868575,0.8679650411868575,0.8679650411868575,0.8679650411868575,0.8679650411868575,0.8679650411868575,0.867037206670791,0.865217353674051,0.8615946853744894,0.8615946853744894,0.8606720841109418,0.8543640107664396,0.8297683331510591,0.7823135413209813,0.6770209366789165,0.3090150610533745,0.8200149088872237,0.9991568296795953,0.9991568296795953,0.9991568296795953,0.9991568296795953,0.9991568296795953,0.9991568296795953,0.9991568296795953,0.9991568296795953,0.9991568296795953,0.9974726200505476,0.9957912457912458,0.992436974789916,0.992436974789916,0.9907640638119227,0.9841004184100418,0.959504132231405,0.9028892455858748,0.7707244212098581,0.33352080989876265,0.9427395986150447,0.7539990623534927,0.7539990623534927,0.7539990623534927,0.7539990623534927,0.7539990623534927,0.7539990623534927,0.7539990623534927,0.7539990623534927,0.7539990623534927,0.753658298624169,0.7517650634736167,0.7480025641151758,0.7480025641151758,0.747661792978081,0.7417310766641462,0.7175742798512897,0.6778400340088726,0.594709777045968,0.28630989468634965,0.7133287845654884,0.9991568296795953,0.9991568296795953,0.9991568296795953,0.9991568296795953,0.9991568296795953,0.9991568296795953,0.9991568296795953,0.9991568296795953,0.9991568296795953,0.9983136593591906,0.9974704890387859,0.9957841483979764,0.9957841483979764,0.9949409780775716,0.9915682967959528,0.978920741989882,0.948566610455312,0.8701517706576728,0.5,0.9612585426466674,1.0,1.0,1.0,1.0,1.0,1.0,1.0,1.0,1.0,0.99915611814346,0.9983122362869198,0.9966244725738397,0.9966244725738397,0.9957805907172996,0.9924050632911392,0.979746835443038,0.9493670886075949,0.8708860759493671,0.5004219409282701,0.962069731290251,0.7539990623534927,0.7539990623534927,0.7539990623534927,0.7539990623534927,0.7539990623534927,0.7539990623534927,0.7539990623534927,0.7539990623534927,0.7539990623534927,0.7538432663432663,0.7527912859204887,0.7506904338628491,0.7506904338628491,0.7505342030991372,0.7472310041242772,0.7333604089476087,0.7099266970370686,0.657366545939854,0.4019746615549563,0.726021079045989,1.0,1.0,1.0,1.0,1.0,1.0,1.0,1.0,1.0,0.9991584766584767,0.9983138632773856,0.9966287988189956,0.9966287988189956,0.9957877292340194,0.9924257036046912,0.9799238369063854,0.9500946260324409,0.8738876748114005,0.5052225003780337,0.9625301057126748,0.9383267138522153,0.9383267138522153,0.9383267138522153,0.9383267138522153,0.9383267138522153,0.9383267138522153,0.9383267138522153,0.9383267138522153,0.9383267138522153,0.9387003149854651,0.9390349317436825,0.9396574631493323,0.9396574631493323,0.9398786334244725,0.9406017409395553,0.9426629936427602,0.9462401831329093,0.9522006184051401,0.9668476964252178,0.9416011822983057,0.8679650411868575,0.8679650411868575,0.8679650411868575,0.8679650411868575,0.8679650411868575,0.8679650411868575,0.8679650411868575,0.8679650411868575,0.8679650411868575,0.8674026596719172,0.865946571969254,0.863046404492211,0.863046404492211,0.8624844088891362,0.8575995687781657,0.8381219162299002,0.8018581068310713,0.7193662248979853,0.378358226213168,0.827837677007723,1185.0,1185.0,1185.0,1185.0,1185.0,1185.0,1185.0,1185.0,1185.0,1184.0,1183.0,1181.0,1181.0,1180.0,1176.0,1161.0,1125.0,1032.0,593.0,1140.0526315789473,1.0,1.0,1.0,1.0,1.0,1.0,1.0,1.0,1.0,2.0,3.0,5.0,5.0,6.0,10.0,25.0,61.0,154.0,593.0,45.94736842105263,0.0,0.0,0.0,0.0,0.0,0.0,0.0,0.0,0.0,1.0,2.0,4.0,4.0,5.0,9.0,24.0,60.0,153.0,592.0,44.94736842105263,0.9966273187183811,0.9387003149854651,0.9974704890387859,0.9983136593591906,0.99915611814346,1.0,0.0,0.0,0.935431005853955,0.9987347110923661,0.0016638935108153079,0.9974704890387859,1111.4211729427907,1184,2,1,1,2,0,0,2.0,601,0.7676086039645719,0.7672849915682968,0.7679324894514767,910,276,275,1185,1186,3,2
fencing_009_fencing_aria01_rgb,0.7485686109722556,0.9408675521196469,0.7043039165990703,0.7485686109722556,0.7485686109722556,0.7485686109722556,0.7485686109722556,0.7485686109722556,0.7485686109722556,0.7485686109722556,0.7485686109722556,0.7485686109722556,0.7485686109722556,0.7485686109722556,0.7485686109722556,0.7485686109722556,0.7444269730423514,0.7408761982247613,0.7293584344014787,0.7015582983481244,0.656380684892204,0.32517617796621795,0.7173246689218138,0.946917808219178,0.946917808219178,0.946917808219178,0.946917808219178,0.946917808219178,0.946917808219178,0.946917808219178,0.946917808219178,0.946917808219178,0.946917808219178,0.946917808219178,0.946917808219178,0.946917808219178,0.9336734693877551,0.9206081081081081,0.895,0.8548123980424144,0.7710280373831776,0.37318840579710144,0.8978022066088353,0.5917672689953568,0.5917672689953568,0.5917672689953568,0.5917672689953568,0.5917672689953568,0.5917672689953568,0.5917672689953568,0.5917672689953568,0.5917672689953568,0.5917672689953568,0.5917672689953568,0.5917672689953568,0.5917672689953568,0.5935388938023364,0.5962336593189314,0.5943728780252249,0.5757801911954659,0.5587807221145793,0.2833409212991652,0.5734221980365969,0.9770318021201413,0.9770318021201413,0.9770318021201413,0.9770318021201413,0.9770318021201413,0.9770318021201413,0.9770318021201413,0.9770318021201413,0.9770318021201413,0.9770318021201413,0.9770318021201413,0.9770318021201413,0.9770318021201413,0.9699646643109541,0.9628975265017667,0.9487632508833922,0.9257950530035336,0.8745583038869258,0.5459363957597173,0.9436488748372698,0.968476357267951,0.968476357267951,0.968476357267951,0.968476357267951,0.968476357267951,0.968476357267951,0.968476357267951,0.968476357267951,0.968476357267951,0.968476357267951,0.968476357267951,0.968476357267951,0.968476357267951,0.9614711033274956,0.9544658493870403,0.9404553415061296,0.9176882661996497,0.8669001751313485,0.5411558669001751,0.9353857498386949,0.5921989764224362,0.5921989764224362,0.5921989764224362,0.5921989764224362,0.5921989764224362,0.5921989764224362,0.5921989764224362,0.5921989764224362,0.5921989764224362,0.5921989764224362,0.5921989764224362,0.5921989764224362,0.5921989764224362,0.5941326856450339,0.596910273983641,0.5970085663909221,0.587072418996494,0.5806717413895879,0.3683314365733129,0.5801428324458243,0.9877934718191074,0.9877934718191074,0.9877934718191074,0.9877934718191074,0.9877934718191074,0.9877934718191074,0.9877934718191074,0.9877934718191074,0.9877934718191074,0.9877934718191074,0.9877934718191074,0.9877934718191074,0.9877934718191074,0.9817553433030772,0.9785567051876113,0.9686086275517078,0.9518229541092562,0.9139398867814494,0.5856402561207926,0.9590336266685417,0.9408675521196469,0.9408675521196469,0.9408675521196469,0.9408675521196469,0.9408675521196469,0.9408675521196469,0.9408675521196469,0.9408675521196469,0.9408675521196469,0.9408675521196469,0.9408675521196469,0.9408675521196469,0.9408675521196469,0.942852952111551,0.944558205883755,0.9469577374372793,0.949823963752349,0.953998473677798,0.9664435684379231,0.9439954252029509,0.7603784855335189,0.7603784855335189,0.7603784855335189,0.7603784855335189,0.7603784855335189,0.7603784855335189,0.7603784855335189,0.7603784855335189,0.7603784855335189,0.7603784855335189,0.7603784855335189,0.7603784855335189,0.7603784855335189,0.7587567158730644,0.7577017327255469,0.7509455000145685,0.7301057818057538,0.6990610277917358,0.39330156539900013,0.7355154018708113,553.0,553.0,553.0,553.0,553.0,553.0,553.0,553.0,553.0,553.0,553.0,553.0,553.0,549.0,545.0,537.0,524.0,495.0,309.0,534.1052631578947,13.0,13.0,13.0,13.0,13.0,13.0,13.0,13.0,13.0,13.0,13.0,13.0,13.0,17.0,21.0,29.0,42.0,71.0,257.0,31.894736842105264,18.0,18.0,18.0,18.0,18.0,18.0,18.0,18.0,18.0,18.0,18.0,18.0,18.0,22.0,26.0,34.0,47.0,76.0,262.0,36.89473684210526,0.9363957597173145,0.9408675521196469,0.9452296819787986,0.9770318021201413,0.968476357267951,1.0,0.0,0.0,0.8786214776009977,0.9727352682497801,0.04176334106728538,0.9439947526425159,520.2997563221647,553,13,18,5,2,0,0,4.0,431,0.6948109058927001,0.6978798586572438,0.691768826619965,395,171,176,571,566,9,2
fencing_009_fencing_aria02_rgb,0.901803846146059,0.9379734484800483,0.8458680634221899,0.901803846146059,0.901803846146059,0.901803846146059,0.901803846146059,0.901803846146059,0.901803846146059,0.901803846146059,0.901803846146059,0.901803846146059,0.901803846146059,0.9005312548534818,0.8989902690821584,0.8959763936735466,0.8881102599557953,0.8854705782462122,0.8684309023759331,0.849466939142408,0.7603633701821464,0.41303755852131807,0.86202189407861,0.9949832775919732,0.9949832775919732,0.9949832775919732,0.9949832775919732,0.9949832775919732,0.9949832775919732,0.9949832775919732,0.9949832775919732,0.9949832775919732,0.9949832775919732,0.991652754590985,0.9883333333333333,0.9817275747508306,0.9686468646864687,0.962171052631579,0.93042071197411,0.8936507936507937,0.7700296735905044,0.3839907192575406,0.9379187502308355,0.817350597983945,0.817350597983945,0.817350597983945,0.817350597983945,0.817350597983945,0.817350597983945,0.817350597983945,0.817350597983945,0.817350597983945,0.817350597983945,0.8177827744778181,0.817723612719472,0.8177153404537955,0.8142697432815719,0.8148843626039767,0.8105711991313271,0.8074676213827034,0.7508184093983483,0.44428163544971166,0.7931063515125356,0.9966499162479062,0.9966499162479062,0.9966499162479062,0.9966499162479062,0.9966499162479062,0.9966499162479062,0.9966499162479062,0.9966499162479062,0.9966499162479062,0.9966499162479062,0.9949748743718593,0.9932998324958124,0.9899497487437185,0.983249581239531,0.9798994974874372,0.9631490787269682,0.9430485762144054,0.8693467336683417,0.5544388609715243,0.9598871550736136,0.9983221476510067,0.9983221476510067,0.9983221476510067,0.9983221476510067,0.9983221476510067,0.9983221476510067,0.9983221476510067,0.9983221476510067,0.9983221476510067,0.9983221476510067,0.9966442953020134,0.9949664429530202,0.9916107382550335,0.9848993288590604,0.9815436241610739,0.964765100671141,0.9446308724832215,0.8708053691275168,0.5553691275167785,0.9614977039915225,0.8175761871013465,0.8175761871013465,0.8175761871013465,0.8175761871013465,0.8175761871013465,0.8175761871013465,0.8175761871013465,0.8175761871013465,0.8175761871013465,0.8175761871013465,0.8181108271469717,0.8182612405778256,0.8186247528183802,0.8173209206585668,0.818158636091155,0.8179200246967898,0.8191982363232856,0.7945057323832837,0.5917534895893991,0.804716617436796,0.9983464353483329,0.9983464353483329,0.9983464353483329,0.9983464353483329,0.9983464353483329,0.9983464353483329,0.9983464353483329,0.9983464353483329,0.9983464353483329,0.9983464353483329,0.996700233259373,0.9950899252155849,0.9920167073433817,0.986058692146626,0.9831278911886652,0.96904453073537,0.9526819245189381,0.8921839553387839,0.6168033886800153,0.9666932422057929,0.9379734484800483,0.9379734484800483,0.9379734484800483,0.9379734484800483,0.9379734484800483,0.9379734484800483,0.9379734484800483,0.9379734484800483,0.9379734484800483,0.9379734484800483,0.9387084975611607,0.9392821710456803,0.9403444279813736,0.9421455029691557,0.9428597394493707,0.9458631659811477,0.9483458428553846,0.953933377224932,0.9664767625249916,0.9419838932838779,0.9025588097325709,0.9025588097325709,0.9025588097325709,0.9025588097325709,0.9025588097325709,0.9025588097325709,0.9025588097325709,0.9025588097325709,0.9025588097325709,0.9025588097325709,0.9020384211881097,0.9012462080597744,0.8997205654124613,0.8947795170306627,0.8935909452462056,0.8835728061036915,0.8726288963151467,0.8079118341678836,0.49631341298548853,0.8724942475702703,595.0,595.0,595.0,595.0,595.0,595.0,595.0,595.0,595.0,595.0,594.0,593.0,591.0,587.0,585.0,575.0,563.0,519.0,331.0,573.0526315789474,2.0,2.0,2.0,2.0,2.0,2.0,2.0,2.0,2.0,2.0,3.0,4.0,6.0,10.0,12.0,22.0,34.0,78.0,266.0,23.94736842105263,1.0,1.0,1.0,1.0,1.0,1.0,1.0,1.0,1.0,1.0,2.0,3.0,5.0,9.0,11.0,21.0,33.0,77.0,265.0,22.94736842105263,0.9916247906197655,0.9379734484800483,0.9949748743718593,0.9966499162479062,0.9983221476510067,1.0,0.0,0.0,0.9298060332422592,0.9974853310980721,0.002320185614849188,0.9944706365231759,558.0942018456287,595,2,1,2,2,0,0,3.0,431,0.8248113998323554,0.8241206030150754,0.825503355704698,492,105,104,596,597,4,2
fencing_009_fencing_aria03_rgb,0.7136224008621437,0.9463019391595598,0.6753022617635474,0.7136224008621437,0.7136224008621437,0.7136224008621437,0.7136224008621437,0.7136224008621437,0.7136224008621437,0.7136224008621437,0.7136224008621437,0.7136224008621437,0.7136224008621437,0.7136224008621437,0.7136224008621437,0.7122314064577612,0.711098839963153,0.7066013587836644,0.6977964811699596,0.6901096921388236,0.6189012129421293,0.31400060731058593,0.6849583373216738,0.996,0.996,0.996,0.996,0.996,0.996,0.996,0.996,0.996,0.996,0.996,0.996,0.9933422103861518,0.9906914893617021,0.9827814569536424,0.9697368421052631,0.9568627450980393,0.8435960591133005,0.396455223880597,0.9518666329946681,0.5113021395705323,0.5113021395705323,0.5113021395705323,0.5113021395705323,0.5113021395705323,0.5113021395705323,0.5113021395705323,0.5113021395705323,0.5113021395705323,0.5113021395705323,0.5113021395705323,0.5113021395705323,0.5106735332908113,0.5104127426417453,0.5080330695112738,0.5021155307207804,0.49772173660616875,0.4540546476519211,0.24869487259199718,0.49301746357163606,0.9986631016042781,0.9986631016042781,0.9986631016042781,0.9986631016042781,0.9986631016042781,0.9986631016042781,0.9986631016042781,0.9986631016042781,0.9986631016042781,0.9986631016042781,0.9986631016042781,0.9986631016042781,0.9973262032085561,0.9959893048128342,0.9919786096256684,0.9852941176470589,0.9786096256684492,0.9157754010695187,0.5681818181818182,0.9693216999718546,0.9973297730307076,0.9973297730307076,0.9973297730307076,0.9973297730307076,0.9973297730307076,0.9973297730307076,0.9973297730307076,0.9973297730307076,0.9973297730307076,0.9973297730307076,0.9973297730307076,0.9973297730307076,0.9959946595460614,0.9946595460614153,0.9906542056074766,0.9839786381842457,0.9773030707610146,0.9145527369826435,0.5674232309746329,0.9680275454992622,0.5120410340112679,0.5120410340112679,0.5120410340112679,0.5120410340112679,0.5120410340112679,0.5120410340112679,0.5120410340112679,0.5120410340112679,0.5120410340112679,0.5120410340112679,0.5120410340112679,0.5120410340112679,0.5116342418029849,0.5114991206976994,0.5101258342101849,0.5062473243892351,0.5032874550714473,0.47376946797298874,0.30239068889587917,0.49807613374608606,0.9973495321318776,0.9973495321318776,0.9973495321318776,0.9973495321318776,0.9973495321318776,0.9973495321318776,0.9973495321318776,0.9973495321318776,0.9973495321318776,0.9973495321318776,0.9973495321318776,0.9973495321318776,0.9960142579761728,0.9946782981240252,0.9907113167052158,0.9840246248130997,0.9774543070988823,0.9152994669492837,0.5932700325975986,0.9694550889393057,0.9463019391595598,0.9463019391595598,0.9463019391595598,0.9463019391595598,0.9463019391595598,0.9463019391595598,0.9463019391595598,0.9463019391595598,0.9463019391595598,0.9463019391595598,0.9463019391595598,0.9463019391595598,0.9467551115823003,0.9471497494722905,0.9480157088680707,0.9491657736162769,0.9499661340698584,0.9547731753475539,0.9684804880999776,0.9484173374195287,0.7145758046284602,0.7145758046284602,0.7145758046284602,0.7145758046284602,0.7145758046284602,0.7145758046284602,0.7145758046284602,0.7145758046284602,0.7145758046284602,0.7145758046284602,0.7145758046284602,0.7145758046284602,0.713658248768991,0.71299763864361,0.7098999492447186,0.7033715083783363,0.6979077892868177,0.6448349223335512,0.3759041166066376,0.6912359909896938,747.0,747.0,747.0,747.0,747.0,747.0,747.0,747.0,747.0,747.0,747.0,747.0,746.0,745.0,742.0,737.0,732.0,685.0,425.0,725.0526315789474,1.0,1.0,1.0,1.0,1.0,1.0,1.0,1.0,1.0,1.0,1.0,1.0,2.0,3.0,6.0,11.0,16.0,63.0,323.0,22.94736842105263,2.0,2.0,2.0,2.0,2.0,2.0,2.0,2.0,2.0,2.0,2.0,2.0,3.0,4.0,7.0,12.0,17.0,64.0,324.0,23.94736842105263,0.9919786096256684,0.9463019391595598,0.9959893048128342,0.9986631016042781,0.9973297730307076,1.0,0.0,0.0,0.9383523376366193,0.9979959919839679,0.004640371229698376,0.9953514421728347,706.8875485521912,747,1,2,3,2,0,0,3.0,431,0.6092184368737475,0.6096256684491979,0.6088117489986649,456,292,293,749,748,5,2
fencing_011_fencing_aria03_rgb,0.7450438631818117,0.9430089689254637,0.7025830452233245,0.7450438631818117,0.7450438631818117,0.7450438631818117,0.7450438631818117,0.7450438631818117,0.7450438631818117,0.7450438631818117,0.7450438631818117,0.7450438631818117,0.7450438631818117,0.7450438631818117,0.7450438631818117,0.7450438631818117,0.7409676618425545,0.7383248897771677,0.7304557609065486,0.7149800314404792,0.6117455138502412,0.2877932656515756,0.7110440707806379,0.9768211920529801,0.9768211920529801,0.9768211920529801,0.9768211920529801,0.9768211920529801,0.9768211920529801,0.9768211920529801,0.9768211920529801,0.9768211920529801,0.9768211920529801,0.9768211920529801,0.9768211920529801,0.9768211920529801,0.9702970297029703,0.9670510708401977,0.9573770491803278,0.9383116883116883,0.8063540090771558,0.36926605504587157,0.9319648630972083,0.568261993679977,0.568261993679977,0.568261993679977,0.568261993679977,0.568261993679977,0.568261993679977,0.568261993679977,0.568261993679977,0.568261993679977,0.568261993679977,0.568261993679977,0.568261993679977,0.568261993679977,0.5658402108728432,0.5636968504578048,0.5573202523482099,0.5448045161607529,0.4641045614000133,0.2242961751361347,0.5424983412744977,1.0,1.0,1.0,1.0,1.0,1.0,1.0,1.0,1.0,1.0,1.0,1.0,1.0,0.9966101694915255,0.9949152542372881,0.9898305084745763,0.9796610169491525,0.9033898305084745,0.5457627118644067,0.9689562890276536,0.9768211920529801,0.9768211920529801,0.9768211920529801,0.9768211920529801,0.9768211920529801,0.9768211920529801,0.9768211920529801,0.9768211920529801,0.9768211920529801,0.9768211920529801,0.9768211920529801,0.9768211920529801,0.9768211920529801,0.9735099337748344,0.9718543046357616,0.9668874172185431,0.956953642384106,0.8824503311258278,0.5331125827814569,0.9464970372952248,0.568261993679977,0.568261993679977,0.568261993679977,0.568261993679977,0.568261993679977,0.568261993679977,0.568261993679977,0.568261993679977,0.568261993679977,0.568261993679977,0.568261993679977,0.568261993679977,0.568261993679977,0.5667992620777125,0.5654404758467357,0.5613710239145576,0.5532637381971731,0.49710624224886313,0.2836614380461101,0.5481604262195185,1.0,1.0,1.0,1.0,1.0,1.0,1.0,1.0,1.0,1.0,1.0,1.0,1.0,0.9966119925027392,0.9949152935846424,0.9898411944044604,0.979766230613462,0.9062645249576098,0.5641870713819529,0.9700834898655192,0.9430089689254637,0.9430089689254637,0.9430089689254637,0.9430089689254637,0.9430089689254637,0.9430089689254637,0.9430089689254637,0.9430089689254637,0.9430089689254637,0.9430089689254637,0.9430089689254637,0.9430089689254637,0.9430089689254637,0.9438965406915522,0.9443013300405899,0.9452127375223192,0.9464360955533362,0.9519431250272279,0.9659007030924723,0.9450951119978171,0.7538315419773685,0.7538315419773685,0.7538315419773685,0.7538315419773685,0.7538315419773685,0.7538315419773685,0.7538315419773685,0.7538315419773685,0.7538315419773685,0.7538315419773685,0.7538315419773685,0.7538315419773685,0.7538315419773685,0.7509474738376212,0.7488862365446339,0.7427331881402687,0.730563991954527,0.6475085644695119,0.3498749616693238,0.7247539190695619,590.0,590.0,590.0,590.0,590.0,590.0,590.0,590.0,590.0,590.0,590.0,590.0,590.0,588.0,587.0,584.0,578.0,533.0,322.0,571.6842105263158,0.0,0.0,0.0,0.0,0.0,0.0,0.0,0.0,0.0,0.0,0.0,0.0,0.0,2.0,3.0,6.0,12.0,57.0,268.0,18.31578947368421,14.0,14.0,14.0,14.0,14.0,14.0,14.0,14.0,14.0,14.0,14.0,14.0,14.0,16.0,17.0,20.0,26.0,71.0,282.0,32.31578947368421,0.9745762711864406,0.9430089689254637,0.976271186440678,1.0,0.9768211920529801,1.0,0.0,0.0,0.9175852401119045,0.9882747068676717,0.02329450915141431,0.976271186440678,556.3752916660236,590,0,14,1,1,0,0,0.0,601,0.6767169179229481,0.6847457627118644,0.6688741721854304,404,186,200,604,590,3,1
fencing_014_fencing_aria03_rgb,0.8286869081270952,0.9547400633240608,0.7911805911410831,0.8286869081270952,0.8286869081270952,0.8286869081270952,0.8286869081270952,0.8286869081270952,0.8286869081270952,0.8286869081270952,0.8286869081270952,0.8286869081270952,0.8286869081270952,0.8286869081270952,0.8286869081270952,0.8286869081270952,0.8240837162652862,0.8240837162652862,0.8240837162652862,0.8059043143935576,0.7367266321301196,0.49416577838723663,0.8043146147031057,0.6867219917012448,0.6867219917012448,0.6867219917012448,0.6867219917012448,0.6867219917012448,0.6867219917012448,0.6867219917012448,0.6867219917012448,0.6867219917012448,0.6867219917012448,0.6867219917012448,0.6867219917012448,0.6867219917012448,0.6832298136645962,0.6832298136645962,0.6832298136645962,0.6694045174537988,0.6163021868787276,0.4238178633975482,0.6677157842547392,1.0,1.0,1.0,1.0,1.0,1.0,1.0,1.0,1.0,1.0,1.0,1.0,1.0,0.9939759036144579,0.9939759036144579,0.9939759036144579,0.9702380952380952,0.8806818181818181,0.5761904761904761,0.9688967421291452,1.0,1.0,1.0,1.0,1.0,1.0,1.0,1.0,1.0,1.0,1.0,1.0,1.0,0.9969788519637462,0.9969788519637462,0.9969788519637462,0.9848942598187311,0.9365558912386707,0.7311178247734139,0.98123708061695,0.6867219917012448,0.6867219917012448,0.6867219917012448,0.6867219917012448,0.6867219917012448,0.6867219917012448,0.6867219917012448,0.6867219917012448,0.6867219917012448,0.6867219917012448,0.6867219917012448,0.6867219917012448,0.6867219917012448,0.6846473029045643,0.6846473029045643,0.6846473029045643,0.6763485477178424,0.6431535269709544,0.5020746887966805,0.6738370823323869,1.0,1.0,1.0,1.0,1.0,1.0,1.0,1.0,1.0,1.0,1.0,1.0,1.0,0.9969788519637464,0.9969788519637464,0.9969788519637464,0.9848942598187312,0.9365558912386708,0.7311178247734139,0.9812370806169503,1.0,1.0,1.0,1.0,1.0,1.0,1.0,1.0,1.0,1.0,1.0,1.0,1.0,0.9969788519637464,0.9969788519637464,0.9969788519637464,0.9848942598187312,0.9365558912386708,0.7311178247734139,0.9812370806169503,0.9547400633240608,0.9547400633240608,0.9547400633240608,0.9547400633240608,0.9547400633240608,0.9547400633240608,0.9547400633240608,0.9547400633240608,0.9547400633240608,0.9547400633240608,0.9547400633240608,0.9547400633240608,0.9547400633240608,0.955538086194912,0.955538086194912,0.955538086194912,0.9571751119504734,0.9609818374421586,0.9677405958668519,0.9560069803714214,1.0,1.0,1.0,1.0,1.0,1.0,1.0,1.0,1.0,1.0,1.0,1.0,1.0,0.995476245454993,0.995476245454993,0.995476245454993,0.9775387105672385,0.9081892672372679,0.6490478623395493,0.9748002408688968,331.0,331.0,331.0,331.0,331.0,331.0,331.0,331.0,331.0,331.0,331.0,331.0,331.0,330.0,330.0,330.0,326.0,310.0,242.0,324.7894736842105,0.0,0.0,0.0,0.0,0.0,0.0,0.0,0.0,0.0,0.0,0.0,0.0,0.0,1.0,1.0,1.0,5.0,21.0,89.0,6.2105263157894735,151.0,151.0,151.0,151.0,151.0,151.0,151.0,151.0,151.0,151.0,151.0,151.0,151.0,152.0,152.0,152.0,156.0,172.0,240.0,157.21052631578948,0.5438066465256798,0.9547400633240608,0.5438066465256798,1.0,0.6867219917012448,1.0,0.0,0.0,0.49854670984974053,0.8142681426814268,0.4561933534743202,0.5438066465256798,316.0189609602641,331,0,151,0,1,0,0,0.0,331,0.8142681426814268,1.0,0.6867219917012448,331,0,151,482,331,5,1
legoassemble_001_legoassemble_aria02_rgb,0.6304458322326063,0.8864124893060698,0.5588350595219413,0.6304458322326063,0.6283608088017636,0.6258685896490763,0.6223467913610683,0.6207983223289439,0.6207983223289439,0.6207983223289439,0.620101291405132,0.6193739875875938,0.6141747727900707,0.6094484551800451,0.6056260179066879,0.6002984665764778,0.594884269444713,0.5816932042326447,0.5581737006759666,0.5269880485749956,0.41906247843190947,0.1564123993058691,0.5724028463759713,0.9202453987730062,0.9168853893263342,0.9118673647469459,0.9019097222222222,0.9002601908065915,0.9002601908065915,0.9002601908065915,0.896969696969697,0.8936905790838375,0.8790737564322469,0.8662691652470187,0.8505067567567568,0.8334728033472804,0.8167495854063018,0.7726537216828478,0.7130570758405004,0.6375186846038864,0.4724462365591398,0.14532148457919497,0.796285157578789,0.43190864948568375,0.43062885572656623,0.4295706882963495,0.4294393542660871,0.428087969391537,0.428087969391537,0.428087969391537,0.42869409401609165,0.42925834229272863,0.4291001167668322,0.42876675567163935,0.431252157201158,0.43235753767471324,0.4332873874147416,0.43792836862737744,0.43693259723853317,0.4356208061783118,0.37171078366186056,0.1683497710435664,0.41416158809141324,0.9749303621169917,0.9730733519034355,0.9702878365831012,0.9647168059424327,0.9637883008356546,0.9637883008356546,0.9637883008356546,0.9619312906220984,0.9600742804085423,0.9517177344475395,0.9442896935933147,0.9350046425255338,0.924791086350975,0.914577530176416,0.8867223769730733,0.8467966573816156,0.7920148560817084,0.6527390900649953,0.25812441968430827,0.8843766798612128,0.9425493716337523,0.940754039497307,0.9380610412926391,0.9326750448833034,0.9317773788150808,0.9317773788150808,0.9317773788150808,0.9299820466786356,0.9281867145421903,0.9201077199281867,0.9129263913824057,0.9039497307001796,0.8940754039497307,0.8842010771992819,0.8572710951526032,0.8186714542190305,0.7657091561938959,0.6310592459605027,0.2495511669658887,0.8550033071907777,0.4419184580215508,0.44108574133560363,0.4404923999527659,0.4408692864166506,0.43992507359112454,0.43992507359112454,0.43992507359112454,0.4405646240697787,0.44116424972773055,0.44162075367707754,0.44186603436671856,0.4445333565799582,0.4462298219222825,0.4477598529647303,0.45374740550645987,0.45598174044660755,0.4589465313386949,0.416048994290991,0.23855854398018606,0.43216647449321893,0.9551062145597221,0.9534031086919051,0.9505921073515303,0.9488328830980396,0.9479238121640436,0.9479238121640436,0.9479238121640436,0.947519740943506,0.9474670760812159,0.9391612736410792,0.9320899744031437,0.9264709051732366,0.9194133234709001,0.9129307495498741,0.8986704412748174,0.8718517952710675,0.8427770365008592,0.7273061768222002,0.348646300107003,0.8876847654438017,0.8864124893060698,0.8879412760851831,0.8901488026924995,0.8943195017512723,0.8949408524236444,0.8949408524236444,0.8949408524236444,0.8959499871583119,0.8968550986487966,0.9005886779999108,0.9035229189501469,0.9067053661724982,0.9098355598483423,0.9124331139703391,0.918189325320521,0.9246514463202442,0.9314937098813948,0.942391526138952,0.9642429007010709,0.907921276748236,0.648907432569961,0.6473279416711368,0.6456060825353016,0.6436515844721897,0.6423287138436636,0.6423287138436636,0.6423287138436636,0.6421637354592442,0.641965648680718,0.6390478784727355,0.636301837445227,0.6349982433694081,0.6323293421613698,0.6295037002578827,0.6231539809494989,0.6082705506948841,0.587382456421294,0.4925750284929081,0.20845907740994812,0.6046647717155104,1050.0,1048.0,1045.0,1039.0,1038.0,1038.0,1038.0,1036.0,1034.0,1025.0,1017.0,1007.0,996.0,985.0,955.0,912.0,853.0,703.0,278.0,952.4736842105264,27.0,29.0,32.0,38.0,39.0,39.0,39.0,41.0,43.0,52.0,60.0,70.0,81.0,92.0,122.0,165.0,224.0,374.0,799.0,124.52631578947368,64.0,66.0,69.0,75.0,76.0,76.0,76.0,78.0,80.0,89.0,97.0,107.0,118.0,129.0,159.0,202.0,261.0,411.0,836.0,161.52631578947367,0.8802228412256268,0.8985936010957086,0.8876508820798514,0.9610027855153204,0.9290843806104129,1.0,0.0,0.0,0.782771009409525,0.9447740757644911,0.1314475873544093,0.8868123584150492,930.0443771340584,1035,42,79,8,2,0,0,17.0,601,0.5924235508900045,0.6025998142989787,0.5825852782764811,649,428,465,1114,1077,10,2
legoassemble_003_legoassemble_aria01_rgb,0.4200657959616198,0.8743484937467718,0.3672838959735811,0.4200657959616198,0.4200657959616198,0.4198023831205017,0.41886546521344437,0.41886546521344437,0.4179380288537087,0.4179380288537087,0.41702003478176675,0.4161114437631023,0.4161114437631023,0.4154580761791016,0.4061327504262125,0.39580362857836,0.3722400751565119,0.35915519928416423,0.31797997769744807,0.26696988102865676,0.1752966498950113,0.04157829512125246,0.3649157062554072,0.9503722084367245,0.9503722084367245,0.9479553903345725,0.9455445544554455,0.9455445544554455,0.9431396786155748,0.9431396786155748,0.9407407407407408,0.938347718865598,0.938347718865598,0.933579335793358,0.9077669902912622,0.8871548619447779,0.8450704225352113,0.8068965517241379,0.6957928802588996,0.5548961424332344,0.33787234042553194,0.07157464212678936,0.8149530852292212,0.18566964750276316,0.18566964750276316,0.18590963527455892,0.18555262903451303,0.18555262903451303,0.18520289191790018,0.18520289191790018,0.1848603997658827,0.18452512874431998,0.18452512874431998,0.18488564007874025,0.1817028078051583,0.17658755998064732,0.16396583037048867,0.1598624469236147,0.14531805237622836,0.1284437067158577,0.09094830143749782,0.024153171763368387,0.16360727088900187,0.9807938540332907,0.9807938540332907,0.9795134443021767,0.9782330345710627,0.9782330345710627,0.9769526248399488,0.9769526248399488,0.9756722151088348,0.9743918053777209,0.9743918053777209,0.971830985915493,0.9577464788732394,0.9462227912932138,0.9218950064020487,0.8988476312419974,0.8258642765685019,0.7183098591549296,0.5083226632522407,0.13444302176696543,0.8768111058696677,0.9683944374209861,0.9683944374209861,0.9671302149178256,0.965865992414665,0.965865992414665,0.9646017699115044,0.9646017699115044,0.9633375474083439,0.9620733249051833,0.9620733249051833,0.9595448798988622,0.9456384323640961,0.934260429835651,0.9102402022756005,0.8874841972187105,0.8154235145385588,0.7092288242730721,0.5018963337547409,0.13274336283185842,0.8657262625590526,0.1864072899007333,0.1864072899007333,0.1866481423418927,0.1863480112770757,0.1863480112770757,0.18605274270596509,0.18605274270596509,0.18576235577223682,0.18547686972019073,0.18547686972019073,0.18584141575613114,0.18345343920129883,0.1793742319088169,0.16867183439694453,0.16523702267270743,0.1524660868523995,0.13691951395630986,0.10020946353059673,0.028170437651836543,0.16638546164468948,0.9759965065830406,0.9759965065830406,0.9771996973686974,0.9758744473369163,0.9758744473369163,0.9745727465274647,0.9745727465274647,0.9732946876538165,0.9720403639167696,0.9720403639167696,0.9696396352759261,0.9571353593770283,0.9460890822552098,0.9257243098913901,0.9075362821973398,0.8410083598741739,0.7559959154265937,0.5738158700849932,0.18953235871641913,0.8849441940447352,0.8743484937467718,0.8743484937467718,0.8753313442223549,0.876238370232846,0.876238370232846,0.8770331771864456,0.8770331771864456,0.8776698841450604,0.8782808476467842,0.8782808476467842,0.879230461418896,0.8838048392675417,0.8868439704443174,0.8924372137240277,0.8966295122364194,0.9072245012015872,0.9190452657736853,0.9358236277425888,0.9613090773862518,0.8909027092204433,0.4267360415423539,0.4267360415423539,0.42673292253673684,0.42604425987574385,0.42604425987574385,0.4253639046594597,0.4253639046594597,0.4246918361888812,0.4240280336660942,0.4240280336660942,0.42388393916181716,0.4171633066039861,0.40876787289676514,0.38879207841611035,0.37906725226777455,0.3464289078556198,0.30374723188928787,0.21501414559274115,0.056984431181892045,0.37871675810941663,766.0,766.0,765.0,764.0,764.0,763.0,763.0,762.0,761.0,761.0,759.0,748.0,739.0,720.0,702.0,645.0,561.0,397.0,105.0,684.7894736842105,15.0,15.0,16.0,17.0,17.0,18.0,18.0,19.0,20.0,20.0,22.0,33.0,42.0,61.0,79.0,136.0,220.0,384.0,676.0,96.21052631578948,25.0,25.0,26.0,27.0,27.0,28.0,28.0,29.0,30.0,30.0,32.0,43.0,52.0,71.0,89.0,146.0,230.0,394.0,686.0,106.21052631578948,0.9142125480153649,0.8782808476467842,0.9359795134443022,0.9743918053777209,0.9620733249051833,1.0,0.0,0.0,0.7956104034048691,0.9681933842239185,0.04991680532445923,0.9344040346717307,668.3717250592027,761,20,30,17,2,0,0,14.0,601,0.30025445292620867,0.30217669654289375,0.29835651074589126,236,545,555,791,781,21,2
legoassemble_003_legoassemble_aria02_rgb,0.7407259517072449,0.8903446436598063,0.6595013835223578,0.7407259517072449,0.7407259517072449,0.7407259517072449,0.7407259517072449,0.7407259517072449,0.7407259517072449,0.7402228367064315,0.7388299762400048,0.7388299762400048,0.7388299762400048,0.7366093465709869,0.7338135814161717,0.7250869321671687,0.7126271938455726,0.6792958823133266,0.634340063600264,0.5571110807750891,0.38181650820163054,0.08624645379139739,0.6656850272816591,0.9672727272727273,0.9672727272727273,0.9672727272727273,0.9672727272727273,0.9672727272727273,0.9672727272727273,0.9654859218891917,0.9601449275362319,0.9601449275362319,0.9601449275362319,0.951307484220018,0.9460431654676259,0.928698752228164,0.908289241622575,0.8607050730868444,0.7913907284768212,0.6620583717357911,0.42555994729907776,0.08962739174219536,0.8533282749480717,0.5672391250806993,0.5672391250806993,0.5672391250806993,0.5672391250806993,0.5672391250806993,0.5672391250806993,0.5675171802708088,0.5685284774575942,0.5685284774575942,0.5685284774575942,0.5703658790202952,0.5691942946436893,0.5661158238214463,0.5591143152824429,0.5361219657657132,0.5084559394104303,0.46879968530365307,0.34256947078910804,0.08299305209045511,0.5200140941713168,0.9761467889908257,0.9761467889908257,0.9761467889908257,0.9761467889908257,0.9761467889908257,0.9761467889908257,0.9752293577981651,0.9724770642201835,0.9724770642201835,0.9724770642201835,0.9678899082568807,0.9651376146788991,0.9559633027522936,0.944954128440367,0.918348623853211,0.8770642201834863,0.7908256880733945,0.5926605504587156,0.163302752293578,0.8908256880733946,0.9906890130353817,0.9906890130353817,0.9906890130353817,0.9906890130353817,0.9906890130353817,0.9906890130353817,0.9897579143389199,0.9869646182495344,0.9869646182495344,0.9869646182495344,0.9823091247672253,0.9795158286778398,0.9702048417132216,0.9590316573556797,0.9320297951582868,0.8901303538175046,0.8026070763500931,0.6014897579143389,0.16573556797020483,0.9040968342644321,0.5680951623671942,0.5680951623671942,0.5680951623671942,0.5680951623671942,0.5680951623671942,0.5680951623671942,0.5683891148041517,0.5694286387294086,0.5694286387294086,0.5694286387294086,0.5712725275472754,0.5708716206929837,0.5700698010541264,0.5667849432750962,0.5542140114070332,0.539239845641776,0.5190627198224271,0.4280412224041918,0.13723135781486864,0.533791266045017,0.947633656288163,0.947633656288163,0.947633656288163,0.947633656288163,0.947633656288163,0.947633656288163,0.9466585920098575,0.944021769636896,0.944021769636896,0.944021769636896,0.9411102791933269,0.9387633861116641,0.9317977758132776,0.9221221609435477,0.9001562308417619,0.8683563899129696,0.809476265676188,0.6371258862180548,0.19314654990108338,0.874030566487442,0.8903446436598063,0.8903446436598063,0.8903446436598063,0.8903446436598063,0.8903446436598063,0.8903446436598063,0.8908740529746616,0.8923244119015269,0.8923244119015269,0.8923244119015269,0.8940654318761607,0.8949549036095602,0.8975809184438054,0.9001115089097254,0.9051029958145148,0.911197741608093,0.9204305740266301,0.9348408355980299,0.9623316350695377,0.9016069313470598,0.7441160195409651,0.7441160195409651,0.7441160195409651,0.7441160195409651,0.7441160195409651,0.7441160195409651,0.7439485299769913,0.7435596174373189,0.7435596174373189,0.7435596174373189,0.7430016004813238,0.7411820449938388,0.7356534188601894,0.7268682002235711,0.701674332919782,0.6677937645685762,0.6088832677113506,0.4505856312935685,0.1164173261487121,0.6805991098281922,1064.0,1064.0,1064.0,1064.0,1064.0,1064.0,1063.0,1060.0,1060.0,1060.0,1055.0,1052.0,1042.0,1030.0,1001.0,956.0,862.0,646.0,178.0,971.0,26.0,26.0,26.0,26.0,26.0,26.0,27.0,30.0,30.0,30.0,35.0,38.0,48.0,60.0,89.0,134.0,228.0,444.0,912.0,119.0,10.0,10.0,10.0,10.0,10.0,10.0,11.0,14.0,14.0,14.0,19.0,22.0,32.0,44.0,73.0,118.0,212.0,428.0,896.0,103.0,0.9513761467889909,0.8912470354628705,0.9596330275229358,0.9724770642201835,0.9869646182495344,1.0,0.0,0.0,0.8456163831106814,0.9796672828096118,0.02329450915141431,0.9587575756794134,944.7218575906428,1060,30,14,9,2,0,0,8.0,601,0.6940850277264325,0.6889908256880733,0.6992551210428305,751,339,323,1074,1090,9,2
legoassemble_003_legoassemble_aria03_rgb,0.6021601090625095,0.8859514716258923,0.5334846347783381,0.6021601090625095,0.6021601090625095,0.6021601090625095,0.6021601090625095,0.6010780938835308,0.6010780938835308,0.5972556414352258,0.5972556414352258,0.5972556414352258,0.5961981183053564,0.5951519959364027,0.586879758949958,0.583457852492201,0.5741741673197396,0.5616221208974639,0.5278915493272714,0.4502881706671297,0.23904623165133673,0.06377495790473336,0.5358446564091773,0.9262981574539364,0.9262981574539364,0.9262981574539364,0.9262981574539364,0.9230769230769231,0.9230769230769231,0.9166666666666666,0.9166666666666666,0.9166666666666666,0.913477537437604,0.9102990033222591,0.8945634266886326,0.8821603927986906,0.8578352180936996,0.819620253164557,0.7503805175038052,0.6312056737588653,0.34032634032634035,0.08082706766917293,0.8095811529859588,0.39144717500337334,0.39144717500337334,0.39144717500337334,0.39144717500337334,0.39140278119221356,0.39140278119221356,0.38914287406494874,0.38914287406494874,0.38914287406494874,0.3891197995606184,0.3891093991912125,0.3850233993358243,0.3858970187437281,0.3843115407990938,0.3848360328622065,0.3713708996312447,0.32122562434413215,0.16790678268367293,0.05032033665254122,0.3550075641261601,0.9718804920913884,0.9718804920913884,0.9718804920913884,0.9718804920913884,0.9701230228471002,0.9701230228471002,0.9666080843585237,0.9666080843585237,0.9666080843585237,0.9648506151142355,0.9630931458699473,0.9543057996485061,0.9472759226713533,0.9332161687170475,0.9103690685413005,0.8664323374340949,0.7820738137082601,0.5131810193321616,0.15114235500878734,0.8796596059568957,0.9518072289156626,0.9518072289156626,0.9518072289156626,0.9518072289156626,0.9500860585197934,0.9500860585197934,0.9466437177280551,0.9466437177280551,0.9466437177280551,0.9449225473321858,0.9432013769363167,0.9345955249569707,0.927710843373494,0.9139414802065404,0.891566265060241,0.8485370051635112,0.76592082616179,0.5025817555938038,0.14802065404475043,0.8614910770903161,0.408003933174051,0.408003933174051,0.408003933174051,0.408003933174051,0.40805228607597294,0.40805228607597294,0.40647826133112525,0.40647826133112525,0.40647826133112525,0.4065424983805223,0.4066161861217977,0.40391000026774304,0.4050338554504908,0.40451891084626784,0.406211866471982,0.3979943829719299,0.3605928414495019,0.2143672751747421,0.06979222253452662,0.37595448044794894,0.9527895507077759,0.9527895507077759,0.9527895507077759,0.9527895507077759,0.950963011920944,0.950963011920944,0.9475575636255467,0.9475575636255467,0.9475575636255467,0.9458061367667755,0.9440957156967935,0.9355012345837156,0.9286239315391054,0.9157446995401892,0.8948134492381892,0.8552345302154376,0.7763739290023887,0.5267604249079884,0.18770413384109197,0.8666534264674371,0.8859514716258923,0.8859514716258923,0.8859514716258923,0.8859514716258923,0.8871599919937448,0.8871599919937448,0.8892295763970707,0.8892295763970707,0.8892295763970707,0.8899599603447472,0.8905936300994673,0.8933536683402693,0.8952869823099567,0.8987103322709191,0.9030052904602596,0.9093036363220534,0.9180329159134979,0.9381949178478292,0.9653525694965411,0.8993478159519902,0.6167980812794917,0.6167980812794917,0.6167980812794917,0.6167980812794917,0.6162052005955097,0.6162052005955097,0.6133095858061329,0.6133095858061329,0.6133095858061329,0.6127336109266331,0.6121671302468223,0.6061600968280244,0.6046080999181119,0.5988703897324326,0.5918976438353984,0.5672457638647485,0.5012206590830354,0.29354143470793187,0.08720971383108696,0.5586940014053479,553.0,553.0,553.0,553.0,552.0,552.0,550.0,550.0,550.0,549.0,548.0,543.0,539.0,531.0,518.0,493.0,445.0,292.0,86.0,500.5263157894737,16.0,16.0,16.0,16.0,17.0,17.0,19.0,19.0,19.0,20.0,21.0,26.0,30.0,38.0,51.0,76.0,124.0,277.0,483.0,68.47368421052632,28.0,28.0,28.0,28.0,29.0,29.0,31.0,31.0,31.0,32.0,33.0,38.0,42.0,50.0,63.0,88.0,136.0,289.0,495.0,80.47368421052632,0.8963093145869947,0.8899599603447472,0.9086115992970123,0.9648506151142355,0.9449225473321858,1.0,0.0,0.0,0.7901371146384293,0.9547826086956521,0.05324459234608985,0.907126365483279,488.58801822926625,549,20,32,7,2,0,0,6.0,601,0.551304347826087,0.5571177504393673,0.5456110154905336,317,252,264,581,569,9,2
legoassemble_004_legoassemble_aria01_rgb,0.5681893498918907,0.8850191199013866,0.5028584383786622,0.5681893498918907,0.5681893498918907,0.5681893498918907,0.5681893498918907,0.5681893498918907,0.5681893498918907,0.5678712912920448,0.5678712912920448,0.5647454869751231,0.5641997553118575,0.5603030311473475,0.5547581225964967,0.5425034510487887,0.5156548495804723,0.49448389688083916,0.4619754267578218,0.3979846140040528,0.31576018761712665,0.11864358162958068,0.5071521623939442,0.9587973273942093,0.9587973273942093,0.9587973273942093,0.9587973273942093,0.9587973273942093,0.9587973273942093,0.9566184649610678,0.9566184649610678,0.9479512735326688,0.9457964601769911,0.9372246696035242,0.9224043715846995,0.8954741379310345,0.8418848167539267,0.7912423625254582,0.7211350293542075,0.5889792231255646,0.42544570502431117,0.13998703823720027,0.8328182095861567,0.33671259619378785,0.33671259619378785,0.33671259619378785,0.33671259619378785,0.33671259619378785,0.33671259619378785,0.3371017968870364,0.3371017968870364,0.33644921839727604,0.3365643426434383,0.3349671609110671,0.3336460494631665,0.328663868595736,0.31583883995092754,0.3090258255309139,0.2959519177971359,0.2689258750816534,0.23435304412887567,0.100554305878259,0.309969453648171,0.968503937007874,0.968503937007874,0.968503937007874,0.968503937007874,0.968503937007874,0.968503937007874,0.9673790776152981,0.9673790776152981,0.9628796400449944,0.9617547806524185,0.9572553430821147,0.9493813273340832,0.9347581552305961,0.9043869516310461,0.8740157480314961,0.829021372328459,0.7334083239595051,0.5905511811023622,0.24296962879640044,0.8782191699721745,0.9896551724137931,0.9896551724137931,0.9896551724137931,0.9896551724137931,0.9896551724137931,0.9896551724137931,0.9885057471264368,0.9885057471264368,0.9839080459770115,0.9827586206896551,0.9781609195402299,0.9701149425287356,0.9551724137931035,0.9241379310344827,0.8931034482758621,0.8471264367816091,0.7494252873563219,0.603448275862069,0.2482758620689655,0.8973986690865093,0.33791469833905097,0.33791469833905097,0.33791469833905097,0.33791469833905097,0.33791469833905097,0.33791469833905097,0.3383052968254917,0.3383052968254917,0.3380232083223218,0.3381542296186052,0.3371302777014189,0.3363962219325284,0.33290822529303127,0.3234187353719833,0.31876930253794006,0.30894411792405113,0.2883275348147681,0.2610177108581222,0.13029989050747406,0.31670990729302806,0.9852038113032796,0.9852038113032796,0.9852038113032796,0.9852038113032796,0.9852038113032796,0.9852038113032796,0.9851866064327021,0.9851866064327021,0.9851440954179697,0.9840176255154538,0.9806107028023663,0.9731005223039404,0.958588646187373,0.9282118865082094,0.8989017362327416,0.8589801605247883,0.7741207685923034,0.6630872665406079,0.3239748311329111,0.9058070696023026,0.8850191199013866,0.8850191199013866,0.8850191199013866,0.8850191199013866,0.8850191199013866,0.8850191199013866,0.8856698178580711,0.8856698178580711,0.8878198460335089,0.8882852798415293,0.8900169011979073,0.8925888118710892,0.8969107228699944,0.9042444547378048,0.9104077784303947,0.9177831774407166,0.9297042813092871,0.9420357573795417,0.962222867744545,0.9001828544200411,0.5710582063623866,0.5710582063623866,0.5710582063623866,0.5710582063623866,0.5710582063623866,0.5710582063623866,0.5710562365783608,0.5710562365783608,0.5691749311975967,0.5689396853221486,0.566258867073325,0.5628119839689931,0.5542754112347951,0.5344534831675299,0.5197051453107351,0.49532864346353006,0.4441086300816261,0.3720181003731425,0.15630624547061545,0.5216759388418463,861.0,861.0,861.0,861.0,861.0,861.0,860.0,860.0,856.0,855.0,851.0,844.0,831.0,804.0,777.0,737.0,652.0,525.0,216.0,780.7368421052631,28.0,28.0,28.0,28.0,28.0,28.0,29.0,29.0,33.0,34.0,38.0,45.0,58.0,85.0,112.0,152.0,237.0,364.0,673.0,108.26315789473684,9.0,9.0,9.0,9.0,9.0,9.0,10.0,10.0,14.0,15.0,19.0,26.0,39.0,66.0,93.0,133.0,218.0,345.0,654.0,89.26315789473684,0.9381327334083239,0.8881471786254196,0.9471316085489314,0.9628796400449944,0.9839080459770115,1.0,0.0,0.0,0.830431929025151,0.9732802728823196,0.02329450915141431,0.9461157592947221,760.2539849033592,856,33,14,8,2,0,0,10.0,601,0.4866401364411598,0.4814398200224972,0.49195402298850577,428,461,442,870,889,11,2
legoassemble_004_legoassemble_aria02_rgb,0.879615092750198,0.9003817811697641,0.7919894039542306,0.879615092750198,0.879615092750198,0.879615092750198,0.879615092750198,0.879615092750198,0.879615092750198,0.879615092750198,0.879615092750198,0.8772885314470222,0.8744243788435073,0.870448980937322,0.8618584341921778,0.8460561018262587,0.8311101558840472,0.810565588925414,0.7449152958529185,0.6586957218240961,0.4593988957351196,0.1374202102449992,0.789952791458656,0.9831618334892422,0.9831618334892422,0.9831618334892422,0.9831618334892422,0.9831618334892422,0.9831618334892422,0.9831618334892422,0.9831618334892422,0.9794584500466853,0.9739292364990689,0.968430826369545,0.9593345656192237,0.9413919413919414,0.9220308250226654,0.8945487042001787,0.8181818181818182,0.7110573042776432,0.484593837535014,0.13612004287245444,0.8765459063121144,0.7869739091152439,0.7869739091152439,0.7869739091152439,0.7869739091152439,0.7869739091152439,0.7869739091152439,0.7869739091152439,0.7869739091152439,0.7857762290700424,0.7850857800145571,0.7823805353813651,0.7742866641198692,0.7603750318693479,0.7491550959769977,0.7344670791708826,0.6782096419946724,0.6101899964168735,0.43551388617771725,0.13873279632650817,0.7121033689179359,0.9971537001897534,0.9971537001897534,0.9971537001897534,0.9971537001897534,0.9971537001897534,0.9971537001897534,0.9971537001897534,0.9971537001897534,0.9952561669829222,0.9924098671726755,0.9895635673624289,0.9848197343453511,0.9753320683111955,0.9648956356736242,0.9497153700189753,0.905123339658444,0.8358633776091081,0.6565464895635673,0.2409867172675522,0.9193548387096775,0.9859287054409006,0.9859287054409006,0.9859287054409006,0.9859287054409006,0.9859287054409006,0.9859287054409006,0.9859287054409006,0.9859287054409006,0.9840525328330206,0.9812382739212008,0.9784240150093808,0.9737335834896811,0.9643527204502814,0.9540337711069419,0.9390243902439024,0.8949343339587242,0.8264540337711069,0.649155722326454,0.23827392120075047,0.9090056285178238,0.7914477173148029,0.7914477173148029,0.7914477173148029,0.7914477173148029,0.7914477173148029,0.7914477173148029,0.7914477173148029,0.7914477173148029,0.7910068393066767,0.7910854848679657,0.7898065636214295,0.785221725145994,0.7774720073071499,0.7716732502819014,0.7641974847717097,0.7310788444677824,0.6894269227519999,0.5558153162669752,0.22813933698050431,0.737184500752027,0.9915547749384732,0.9915547749384732,0.9915547749384732,0.9915547749384732,0.9915547749384732,0.9915547749384732,0.9915547749384732,0.9915547749384732,0.9896920431188273,0.986986797806924,0.984228167611203,0.9794622656269709,0.9700626147124414,0.959782588790303,0.9450794249523603,0.9010260961164966,0.835222351150973,0.6624556598748009,0.2594182262946917,0.9160976018717778,0.9003817811697641,0.9003817811697641,0.9003817811697641,0.9003817811697641,0.9003817811697641,0.9003817811697641,0.9003817811697641,0.9003817811697641,0.9012719733195894,0.9024971041567054,0.9035942751929372,0.9051753145634327,0.9079534687240516,0.9104974846572834,0.9134564286550392,0.9202025707503506,0.9276751514553608,0.9406073436715752,0.9635175433739166,0.9105001530462292,0.8858521013279023,0.8858521013279023,0.8858521013279023,0.8858521013279023,0.8858521013279023,0.8858521013279023,0.8858521013279023,0.8858521013279023,0.8843351388758365,0.8826816383404625,0.8798950355735112,0.8732312333315144,0.8611725451530153,0.8502096697585015,0.8351854128644314,0.7834943370253391,0.7141676773617646,0.5347290090561454,0.18284627741376944,0.8088823571251321,1051.0,1051.0,1051.0,1051.0,1051.0,1051.0,1051.0,1051.0,1049.0,1046.0,1043.0,1038.0,1028.0,1017.0,1001.0,954.0,881.0,692.0,254.0,969.0,3.0,3.0,3.0,3.0,3.0,3.0,3.0,3.0,5.0,8.0,11.0,16.0,26.0,37.0,53.0,100.0,173.0,362.0,800.0,85.0,15.0,15.0,15.0,15.0,15.0,15.0,15.0,15.0,17.0,20.0,23.0,28.0,38.0,49.0,65.0,112.0,185.0,374.0,812.0,97.0,0.9715370018975332,0.9024971041567054,0.9734345351043643,0.9924098671726755,0.9812382739212008,1.0,0.0,0.0,0.874774165984738,0.9867924528301887,0.033277870216306155,0.9731489278978519,944.0119709479138,1046,8,20,2,2,0,0,6.0,601,0.8735849056603774,0.8785578747628083,0.8686679174484052,926,128,140,1066,1054,6,2
legoassemble_005_legoassemble_aria01_rgb,0.6097220354283558,0.8497544252370554,0.51811399776979,0.6097220354283558,0.6097220354283558,0.6097220354283558,0.6097220354283558,0.6092576707715254,0.6079370526069133,0.606184480898271,0.6034042113519338,0.5939080764328603,0.5920483637211261,0.5862530478123882,0.5723534597484757,0.5353498131942362,0.5049531078426456,0.46268584470116647,0.3981569668620727,0.3068740612591409,0.19871184923380847,0.06490212014242538,0.5095720141206532,0.9413407821229051,0.9413407821229051,0.9413407821229051,0.9413407821229051,0.9386331938633193,0.9305555555555556,0.919889502762431,0.9119669876203577,0.8989071038251366,0.8963165075034106,0.8860244233378561,0.8657718120805369,0.814621409921671,0.7707006369426752,0.6992665036674817,0.5922107674684994,0.4479166666666667,0.27056672760511885,0.07751937984496124,0.7729594898503841,0.39492707375165925,0.39492707375165925,0.39492707375165925,0.39492707375165925,0.3954632244211859,0.39716861365867806,0.3994606132349853,0.39924322614714947,0.3923951671437627,0.39106862592679525,0.38790424622218167,0.3783773949614066,0.3518191628607715,0.33083875748621144,0.30614678347102886,0.267690118061283,0.21024377184821352,0.14593959639985232,0.054338479066865474,0.33620031978510573,0.9479606188466948,0.9479606188466948,0.9479606188466948,0.9479606188466948,0.9465541490857946,0.9423347398030942,0.9367088607594937,0.9324894514767933,0.9254571026722925,0.9240506329113924,0.9184247538677919,0.9071729957805907,0.8776371308016878,0.8509142053445851,0.8045007032348804,0.7271448663853727,0.6047819971870605,0.41631504922644164,0.14064697609001406,0.8235250573691614,0.9926362297496318,0.9926362297496318,0.9926362297496318,0.9926362297496318,0.9911634756995582,0.9867452135493373,0.9808541973490427,0.9764359351988218,0.9690721649484536,0.96759941089838,0.9617083946980854,0.9499263622974963,0.9189985272459499,0.8910162002945509,0.8424153166421208,0.7614138438880707,0.6332842415316642,0.43593519882179677,0.14727540500736377,0.862336253003643,0.3961535433720728,0.3961535433720728,0.3961535433720728,0.3961535433720728,0.3966857006491391,0.3983886728105302,0.4006760290457338,0.4008738261551068,0.39595052325503255,0.39498161944689225,0.39299324644733513,0.3863108802446653,0.36686100413635714,0.35087330299140307,0.33180950414583277,0.29865902904167996,0.24409565699084163,0.17901960047338736,0.07142918271287978,0.3470643132650057,0.9663434249879972,0.9663434249879972,0.9663434249879972,0.9663434249879972,0.9673850851700757,0.9690956620539913,0.9741806271138241,0.975563331533775,0.968198891666323,0.9667584442193591,0.9628369636664679,0.9507554418397843,0.922623673796264,0.8947492777835376,0.8466651815235439,0.7764664424460365,0.6681071570932021,0.5016117558256387,0.22732362470558623,0.8651418558099683,0.8497544252370554,0.8497544252370554,0.8497544252370554,0.8497544252370554,0.8506648259420563,0.8531786771161411,0.8562883449482502,0.8584715704434598,0.8617906811868106,0.8624129105521586,0.8644257026973635,0.8680002689826305,0.876186871204527,0.8825092103796063,0.8916364382644335,0.9037219697646521,0.9192846293592968,0.9384857115081762,0.9635835930588348,0.8762978477029799,0.6118621684929844,0.6118621684929844,0.6118621684929844,0.6118621684929844,0.6118229775733502,0.6117726556573169,0.611701149207382,0.6101557972811377,0.6026150466819399,0.6011382630472325,0.5968759183120714,0.5858786179088592,0.5556703705023143,0.5305802469217729,0.49628147516861776,0.4411909962027288,0.35658329775033387,0.24648904693574428,0.08742163785977221,0.5259803247885532,674.0,674.0,674.0,674.0,673.0,670.0,666.0,663.0,658.0,657.0,653.0,645.0,624.0,605.0,572.0,517.0,430.0,296.0,100.0,585.5263157894736,37.0,37.0,37.0,37.0,38.0,41.0,45.0,48.0,53.0,54.0,58.0,66.0,87.0,106.0,139.0,194.0,281.0,415.0,611.0,125.47368421052632,5.0,5.0,5.0,5.0,6.0,9.0,13.0,16.0,21.0,22.0,26.0,34.0,55.0,74.0,107.0,162.0,249.0,383.0,579.0,93.47368421052632,0.9156118143459916,0.8607515749696414,0.9268635724331927,0.9409282700421941,0.9852724594992637,1.0,0.0,0.0,0.7845890346760761,0.962589928057554,0.026954177897574125,0.9255934036751168,575.8428036546901,669,42,10,8,2,0,0,9.0,371,0.5669064748201439,0.5541490857946554,0.5802650957290133,394,317,285,679,711,10,2
legoassemble_005_legoassemble_aria03_rgb,0.6032062505607358,0.8820614228987259,0.5320649636710081,0.6032062505607358,0.6032062505607358,0.6032062505607358,0.6032062505607358,0.6032062505607358,0.6032062505607358,0.6032062505607358,0.6011377011310689,0.6011377011310689,0.6011377011310689,0.5945099792725806,0.5885243408340098,0.5730090826240892,0.5665131970452132,0.538671686376428,0.5051333023619304,0.396718257792492,0.23791770827448463,0.07156550608009501,0.5314957851568252,0.8355932203389831,0.8355932203389831,0.8355932203389831,0.8355932203389831,0.8355932203389831,0.8355932203389831,0.8355932203389831,0.8324873096446701,0.8324873096446701,0.8324873096446701,0.8201680672268907,0.8110367892976589,0.7900826446280992,0.7754098360655738,0.7300319488817891,0.6738794435857806,0.5168067226890757,0.3016826923076923,0.07654075546719682,0.7285396511292973,0.4354484596798567,0.4354484596798567,0.4354484596798567,0.4354484596798567,0.4354484596798567,0.4354484596798567,0.4354484596798567,0.4340805337625965,0.4340805337625965,0.4340805337625965,0.430938644867904,0.4270594186658871,0.41557602992817716,0.4138936437211353,0.39747189989161735,0.3786428797966282,0.3045343049080212,0.18763037242073655,0.06691365442159893,0.38805482461413116,0.8514680483592401,0.8514680483592401,0.8514680483592401,0.8514680483592401,0.8514680483592401,0.8514680483592401,0.8514680483592401,0.8497409326424871,0.8497409326424871,0.8497409326424871,0.842832469775475,0.8376511226252159,0.8255613126079447,0.8169257340241797,0.7892918825561313,0.7530224525043178,0.6373056994818653,0.43350604490500866,0.13298791018998274,0.7672938823743296,0.9781746031746031,0.9781746031746031,0.9781746031746031,0.9781746031746031,0.9781746031746031,0.9781746031746031,0.9781746031746031,0.9761904761904762,0.9761904761904762,0.9761904761904762,0.9682539682539683,0.9623015873015873,0.9484126984126984,0.9384920634920635,0.9067460317460317,0.8650793650793651,0.7321428571428571,0.498015873015873,0.1527777777777778,0.8814745196324144,0.43948179376926944,0.43948179376926944,0.43948179376926944,0.43948179376926944,0.43948179376926944,0.43948179376926944,0.43948179376926944,0.43851190581622596,0.43851190581622596,0.43851190581622596,0.43644304260866457,0.4336253172517575,0.4255590195166863,0.4247184567978001,0.4130138140027873,0.3998298554895965,0.3422725850352185,0.23358635176071316,0.08978534174612605,0.39951273989699543,0.9861260257990958,0.9861260257990958,0.9861260257990958,0.9861260257990958,0.9861260257990958,0.9861260257990958,0.9861260257990958,0.9841848663584675,0.9841848663584675,0.9841848663584675,0.9762679801810573,0.9706229023952357,0.9566404866901084,0.9466782838608021,0.9160657145446583,0.8765304380366581,0.7502343802145686,0.5276126482247392,0.20918542044450034,0.8939618439084949,0.8820614228987259,0.8820614228987259,0.8820614228987259,0.8820614228987259,0.8820614228987259,0.8820614228987259,0.8820614228987259,0.8830487396745992,0.8830487396745992,0.8830487396745992,0.8859197403025761,0.8878889302977566,0.8917999649075387,0.8940071965849948,0.8998742032241175,0.9055717331350397,0.919200197220511,0.9386619931328514,0.9642348464772834,0.8953018412946078,0.6089092297909803,0.6089092297909803,0.6089092297909803,0.6089092297909803,0.6089092297909803,0.6089092297909803,0.6089092297909803,0.6073351608472684,0.6073351608472684,0.6073351608472684,0.6026683021162734,0.5981026680037068,0.5857332949012753,0.581481185168386,0.5601083324934711,0.5339724618065566,0.4405467605210939,0.28519975570145095,0.09433295852830621,0.5456060952799572,493.0,493.0,493.0,493.0,493.0,493.0,493.0,492.0,492.0,492.0,488.0,485.0,478.0,473.0,457.0,436.0,369.0,251.0,77.0,444.2631578947368,86.0,86.0,86.0,86.0,86.0,86.0,86.0,87.0,87.0,87.0,91.0,94.0,101.0,106.0,122.0,143.0,210.0,328.0,502.0,134.73684210526315,11.0,11.0,11.0,11.0,11.0,11.0,11.0,12.0,12.0,12.0,16.0,19.0,26.0,31.0,47.0,68.0,135.0,253.0,427.0,59.73684210526316,0.8203799654576857,0.8830885223438677,0.8290155440414507,0.8497409326424871,0.9761904761904762,0.5,0.5,0.0,0.7210354973975525,0.9085872576177285,0.03234501347708895,0.827808341961423,434.4795529931829,492,87,12,5,1,1,0,5.0,371,0.566943674976916,0.5302245250431779,0.6091269841269841,307,272,197,504,579,9,2
tagging_001_tagging_aria01_rgb,0.36828948533393285,0.8866261835804776,0.32653510083444315,0.36828948533393285,0.36828948533393285,0.3674860063148481,0.3665467799219581,0.36480385613740113,0.3632657116807793,0.36100731909619366,0.35791573584348896,0.356501896439856,0.3551238792557635,0.3529738158071457,0.3502221420268544,0.34577858705133135,0.3417663367691498,0.3352513286653851,0.317990984808378,0.28628345253233667,0.22788081662486087,0.10674649777576206,0.3312696903904926,0.8727390180878553,0.8727390180878553,0.8703225806451613,0.866709594333548,0.8583333333333333,0.8523961661341853,0.8464968152866242,0.8383005707038681,0.8324905183312263,0.8267170762444864,0.8186951066499373,0.8062305295950156,0.7872996300863132,0.7698412698412699,0.7442839951865222,0.691365227537923,0.60431654676259,0.43799603174603174,0.17320922703358965,0.7563411713488071,0.15541547037132594,0.15541547037132594,0.1551677134897826,0.1550191006878944,0.1550468195565643,0.1548129643536776,0.153959568527015,0.15281353543255444,0.15266672636702225,0.1525467094384373,0.1521818240190484,0.15213458714778552,0.1518644575637705,0.1517250809023102,0.15100882740833296,0.14625882585894953,0.13562133228503595,0.11856195677983777,0.06578641901785655,0.14568459945150142,0.8761348897535668,0.8761348897535668,0.8748378728923476,0.8728923476005188,0.8683527885862516,0.8651102464332037,0.8618677042801557,0.8573281452658884,0.8540856031128404,0.8508430609597925,0.8463035019455253,0.8391699092088197,0.8281452658884566,0.817769130998703,0.8022049286640727,0.7684824902723736,0.708171206225681,0.5726329442282749,0.2775616083009079,0.7956857123353129,0.9955784819454679,0.9955784819454679,0.9941046425939573,0.9918938835666913,0.9867354458364038,0.9830508474576272,0.9793662490788504,0.974207811348563,0.9705232129697863,0.9668386145910096,0.9616801768607222,0.9535740604274134,0.9410464259395726,0.9292557111274871,0.9115696389093588,0.8732498157700811,0.8047162859248342,0.6507000736919676,0.3154016212232867,0.9041616569057132,0.15607789544420458,0.15607789544420458,0.15586678564984477,0.15575370155384446,0.15584209370341362,0.15566685074613995,0.15493581670039028,0.1539828895742001,0.15388681073504798,0.15383221014821247,0.15356012580118564,0.153607123805675,0.15348581690540686,0.15347084366780742,0.15299166287621135,0.14907373433939758,0.14002300601222872,0.1250809238183627,0.07403301788382007,0.1477499581478736,0.9508123996514655,0.9508123996514655,0.9493641516484942,0.9477370611334787,0.9471408100098004,0.9463248641521341,0.9425499922005731,0.9376921087099772,0.9352422205140606,0.9334424736124534,0.9303249665566028,0.9268995239713137,0.9183749579141932,0.9117960087415292,0.9023740588077964,0.8737750322666045,0.8139074031331985,0.687850499316005,0.3860963178913915,0.8838166973622388,0.8866261835804776,0.8866261835804776,0.8877261191873981,0.8893286159886428,0.8928201742091684,0.8951664657057943,0.8972995419410289,0.9000599107611342,0.9018651795865525,0.9034975435402963,0.905522884526049,0.9083377873464368,0.912046506870914,0.9151038791169842,0.9187826076705131,0.9251090631374571,0.9331584676764757,0.946084463963296,0.9654382762035566,0.9089789397154028,0.36900530619461336,0.36900530619461336,0.3684380441959959,0.36785185431417544,0.3669268838929249,0.3659648640826942,0.3642702017436257,0.36195489346590554,0.3610961825669736,0.3602683849548057,0.3588760379292247,0.35730486658360594,0.3546347862070992,0.35224435774074525,0.3480517570976291,0.3352571352266779,0.3099082484772353,0.2605618590360147,0.13512876920535352,0.3403552494268376,1351.0,1351.0,1349.0,1346.0,1339.0,1334.0,1329.0,1322.0,1317.0,1312.0,1305.0,1294.0,1277.0,1261.0,1237.0,1185.0,1092.0,883.0,428.0,1226.9473684210527,191.0,191.0,193.0,196.0,203.0,208.0,213.0,220.0,225.0,230.0,237.0,248.0,265.0,281.0,305.0,357.0,450.0,659.0,1114.0,315.05263157894734,6.0,6.0,8.0,11.0,18.0,23.0,28.0,35.0,40.0,45.0,52.0,63.0,80.0,96.0,120.0,172.0,265.0,474.0,929.0,130.05263157894737,0.833981841763943,0.9037568908367516,0.8540856031128404,0.8670557717250325,0.9852616064848931,0.6666666666666666,0.3333333333333333,0.0,0.750533698475186,0.9223870300103484,0.033277870216306155,0.8531184424813008,1208.322963048737,1337,205,20,31,2,1,0,37.0,601,0.2387030010348396,0.2243839169909209,0.25497420781134855,346,1196,1011,1357,1542,26,3
tagging_001_tagging_aria02_rgb,0.5455220909968856,0.887653798716653,0.4842347563572372,0.5455220909968856,0.5436935589807654,0.543483108677185,0.543483108677185,0.5425124665899016,0.5405858348734635,0.5372948165297864,0.5363453606332231,0.5332559990719629,0.5284891740355907,0.5236623721437279,0.5183899293015822,0.5139102832297042,0.49961743610129183,0.4837426430100523,0.4568008191066745,0.4119432743656281,0.31372976005363595,0.11614952288443638,0.4859269241717201,0.9612606697307945,0.9574049803407602,0.9561231172233137,0.9561231172233137,0.9548429319371727,0.9522875816993464,0.9421326397919376,0.9408706952566601,0.9358392741412832,0.9270967741935484,0.9159717767799872,0.902547770700637,0.890506329113924,0.8552795031055901,0.8191230207064556,0.7612028301886793,0.6612903225806451,0.45565302144249514,0.13964135826020602,0.8360630376008816,0.309587566761633,0.30875407183693576,0.30892871858931203,0.30892871858931203,0.3082389433499257,0.30687478287215814,0.3064172789231999,0.30574482479158277,0.3038576905282854,0.3012639185545389,0.29937852557335215,0.29774392838252656,0.29657709392366094,0.29185498021412476,0.28567985363728493,0.27412797228408425,0.2566153707388942,0.2160116529716323,0.09660971387247452,0.283326084547101,0.9773030707610146,0.9753004005340454,0.9746328437917223,0.9746328437917223,0.9739652870493992,0.972630173564753,0.9672897196261683,0.9666221628838452,0.9639519359145527,0.959279038718291,0.9532710280373832,0.9459279038718291,0.9392523364485982,0.9192256341789052,0.8978638184245661,0.8618157543391188,0.7937249666221629,0.6241655540720962,0.24432576769025366,0.8886936968589698,0.9832102081934184,0.9811954331766286,0.9805238415043653,0.9805238415043653,0.9798522498321021,0.9785090664875755,0.9731363331094695,0.9724647414372062,0.9697783747481531,0.9650772330423103,0.9590329079919409,0.951645399597045,0.9449294828744124,0.9247817327065144,0.9032907991940899,0.8670248488918737,0.7985224983210208,0.6279382135661518,0.2458025520483546,0.8940652504329999,0.3110693554241941,0.3104947125944675,0.3106710010598654,0.3106710010598654,0.3101654551056483,0.30916023123829706,0.3090211502353358,0.30852129016449104,0.3071044664065842,0.3051719343388816,0.3037955798866615,0.3027383801053753,0.3019584787588089,0.29853558706605304,0.29368070460527584,0.2846668886123172,0.2707754006893973,0.23802895396823293,0.12339904248947083,0.28998050598995917,0.9772877754649661,0.9754634798615411,0.9748074046194372,0.9748074046194372,0.9741172439476085,0.9727491098696944,0.96809064043705,0.9674107619121268,0.9646659082894234,0.9606306608727142,0.9551730003898969,0.9507490384003051,0.9468615760739749,0.9297136425373175,0.9122262909939542,0.8806523701897617,0.8272753731326492,0.6810185677285597,0.3204828210528029,0.9007464773891171,0.887653798716653,0.8893136031945489,0.8898257733362485,0.8898257733362485,0.8902701376587464,0.8911185771539223,0.8942088355771658,0.89457439653411,0.8958825788395584,0.8979132405113543,0.9002221274682435,0.9028000665850977,0.9047831614030314,0.9097510268384511,0.9141852772989352,0.9201251423327252,0.928426134615824,0.9418769004858204,0.9629689935775835,0.9055645023928562,0.5500553423661791,0.5487512823940194,0.5487185758908057,0.5487185758908057,0.5479179052920372,0.5463292718934187,0.5444210537977343,0.5436356535682534,0.5412062536845502,0.5375836327414587,0.534218003108867,0.5307016959323263,0.5277885262156936,0.5179580864081578,0.5064598742583106,0.48605329462874863,0.45131145185388627,0.3671880077876567,0.1536367225250138,0.5017185900125224,1464.0,1461.0,1460.0,1460.0,1459.0,1457.0,1449.0,1448.0,1444.0,1437.0,1428.0,1417.0,1407.0,1377.0,1345.0,1291.0,1189.0,935.0,366.0,1331.2631578947369,34.0,37.0,38.0,38.0,39.0,41.0,49.0,50.0,54.0,61.0,70.0,81.0,91.0,121.0,153.0,207.0,309.0,563.0,1132.0,166.73684210526315,25.0,28.0,29.0,29.0,30.0,32.0,40.0,41.0,45.0,52.0,61.0,72.0,82.0,112.0,144.0,198.0,300.0,554.0,1123.0,157.73684210526315,0.9198931909212283,0.8975087763763299,0.9339118825100133,0.9639519359145527,0.9697783747481531,1.0,0.0,0.0,0.8210965774949401,0.9668563776364245,0.07487520798668885,0.9330292261049841,1296.0026730874204,1444,54,45,21,3,0,0,33.0,601,0.44124539671911617,0.43991989319092123,0.4425789120214909,659,839,830,1489,1498,21,3
tagging_001_tagging_aria03_rgb,0.474156848552705,0.8724747602299778,0.41368988275242324,0.474156848552705,0.474156848552705,0.474156848552705,0.474156848552705,0.4734103833325949,0.46976153763092804,0.4656126849555569,0.46183792666751045,0.45913669528136497,0.45656503440890833,0.4551755770074172,0.44984161818206975,0.4449301021993398,0.4294059664082091,0.4087655127226247,0.3677440469111025,0.29956639840230265,0.20803360473112364,0.06806419407163074,0.41128835142755277,0.967391304347826,0.967391304347826,0.967391304347826,0.967391304347826,0.9631236442516269,0.9567567567567568,0.9441460794844253,0.9337606837606838,0.9275825346112886,0.921443736730361,0.9173728813559322,0.9052631578947369,0.893305439330544,0.8488253319713994,0.8027888446215139,0.704331450094162,0.5523156089193825,0.3650075414781297,0.10838946723821188,0.8217883355731821,0.232403078277616,0.232403078277616,0.232403078277616,0.232403078277616,0.23269846232594538,0.23064995431589916,0.22962037030319413,0.228424985350112,0.2272644180846217,0.22622285261222214,0.2258457930408882,0.2235344271816626,0.2216070641990842,0.21722900700751105,0.20813598184733972,0.19200574391570263,0.1624796141961395,0.11856736034046708,0.042741556284607116,0.20613894232188743,0.9726775956284153,0.9726775956284153,0.9726775956284153,0.9726775956284153,0.9704918032786886,0.9672131147540983,0.9606557377049181,0.9551912568306011,0.9519125683060109,0.9486338797814208,0.946448087431694,0.9398907103825137,0.9333333333333333,0.9081967213114754,0.8808743169398907,0.8174863387978142,0.7038251366120218,0.5289617486338798,0.19344262295081968,0.8682772505033075,0.994413407821229,0.994413407821229,0.994413407821229,0.994413407821229,0.9921787709497206,0.9888268156424581,0.982122905027933,0.976536312849162,0.9731843575418995,0.9698324022346368,0.9675977653631285,0.9608938547486033,0.9541899441340782,0.9284916201117318,0.9005586592178771,0.8357541899441341,0.7195530726256983,0.5407821229050279,0.19776536312849163,0.8876800940899736,0.23248075051615583,0.23248075051615583,0.23248075051615583,0.23248075051615583,0.23278402678543428,0.2311499260287747,0.2304252301322535,0.2295068085409646,0.22855200537232584,0.22768841068922974,0.22739820838190059,0.22542195324455655,0.22404243416771832,0.22065564105804575,0.21337050049490236,0.20022846269179817,0.17462033206307567,0.13275829696941946,0.048922812487506885,0.20933937111434367,0.9952565107569027,0.9952565107569027,0.9952565107569027,0.9952565107569027,0.9939789353306796,0.9906780438047365,0.9871998431917421,0.9841035845345776,0.9810420848929544,0.9780585259282051,0.9758589896220835,0.9702379895843779,0.9637706133763608,0.9417490657214821,0.9181004679344426,0.863662723641726,0.7655175615595886,0.6279409122021504,0.3307670548792704,0.908089075749052,0.8724747602299778,0.8724747602299778,0.8724747602299778,0.8724747602299778,0.8739116806421846,0.8759444047037972,0.8797043047004233,0.8825914513948746,0.8841601540391275,0.8855726085863231,0.8864351962038892,0.8886018841584967,0.8904219354673539,0.8962196369639843,0.9015779374514725,0.9113386978306001,0.9251750288849571,0.9410322332758981,0.9652668743417726,0.8935712141876352,0.4754505940638984,0.4754505940638984,0.4754505940638984,0.4754505940638984,0.47521779251505797,0.47232156496583055,0.46966597303369917,0.46710764160746193,0.46511918462207436,0.46325226644750783,0.46233247655560905,0.4583644091317749,0.45478924780511826,0.4441696431972463,0.42818412025714925,0.3961843921986307,0.3381674683618554,0.2504348183791479,0.0909287564893224,0.42305484904331997,890.0,890.0,890.0,890.0,888.0,885.0,879.0,874.0,871.0,868.0,866.0,860.0,854.0,831.0,806.0,748.0,644.0,484.0,177.0,794.4736842105264,25.0,25.0,25.0,25.0,27.0,30.0,36.0,41.0,44.0,47.0,49.0,55.0,61.0,84.0,109.0,167.0,271.0,431.0,738.0,120.52631578947368,5.0,5.0,5.0,5.0,7.0,10.0,16.0,21.0,24.0,27.0,29.0,35.0,41.0,64.0,89.0,147.0,251.0,411.0,718.0,100.52631578947368,0.9191256830601093,0.8834036104852402,0.9431693989071038,0.9606557377049181,0.982122905027933,1.0,0.0,0.0,0.8071166924770777,0.9712707182320443,0.026622296173044926,0.9417022702941834,776.5117736165262,879,36,16,22,3,0,0,26.0,601,0.36906077348066296,0.3650273224043716,0.37318435754189944,334,581,561,895,915,23,3
tagging_001_tagging_aria04_rgb,0.5082226825752262,0.8712625310227725,0.4427953807436747,0.5082226825752262,0.5082226825752262,0.5082226825752262,0.5065419810611149,0.5061158160706246,0.5061158160706246,0.505624149252832,0.5054317560212062,0.5043588655349927,0.4988016258879828,0.49384758283819563,0.4869506599891409,0.4795065639714072,0.46541243957446377,0.44280766758302526,0.40229854554927696,0.3286758752804215,0.22040308637189407,0.05058635338796774,0.44358667537741303,0.9596832253419726,0.9596832253419726,0.9596832253419726,0.9554597701149425,0.9540559942569993,0.9540559942569993,0.9512544802867383,0.9498567335243553,0.9470672389127325,0.9318665720369056,0.9209597741707833,0.9021663172606569,0.8837370242214533,0.8504418762746431,0.7966996699669967,0.7001873828856965,0.5404640633842671,0.3382497541789577,0.07546424338206242,0.8174229771126897,0.26914120020376536,0.26914120020376536,0.26914120020376536,0.2685458735185172,0.2684886639974644,0.2684886639974644,0.26875645330005415,0.2689471485313525,0.2685953592226248,0.26699429881324427,0.26481659885169123,0.26283506791059913,0.2601752994271388,0.2547014028277953,0.24611360825396295,0.23114401045624708,0.19987976687090844,0.14361435561178768,0.03390982317462174,0.2412331576514089,0.9617604617604618,0.9617604617604618,0.9617604617604618,0.9595959595959596,0.9588744588744589,0.9588744588744589,0.9574314574314574,0.9567099567099567,0.9552669552669553,0.9473304473304474,0.9415584415584416,0.9314574314574314,0.9213564213564214,0.9025974025974026,0.8708513708513709,0.8088023088023089,0.689033189033189,0.4963924963924964,0.1378066378066378,0.8568010936431989,0.9977544910179641,0.9977544910179641,0.9977544910179641,0.9955089820359282,0.9947604790419161,0.9947604790419161,0.9932634730538922,0.9925149700598802,0.9910179640718563,0.9827844311377245,0.9767964071856288,0.9663173652694611,0.9558383233532934,0.936377245508982,0.9034431137724551,0.8390718562874252,0.7148203592814372,0.5149700598802395,0.14296407185628743,0.8888670028364324,0.2695637754470303,0.2695637754470303,0.2695637754470303,0.26915779805330425,0.26910784291808665,0.26910784291808665,0.26938084452808253,0.26957181199060143,0.2693105841575898,0.26810360467748223,0.2663668831856144,0.2648934050403031,0.2628253193249637,0.2585187534422731,0.2517534751509468,0.2397570102746778,0.21368702491073624,0.16203357967845652,0.042062530235440966,0.2449647177277756,0.975926382892799,0.975926382892799,0.975926382892799,0.974237619038745,0.9738192101514128,0.9738192101514128,0.9732787924370423,0.9735885803649736,0.9720727060206072,0.9653060103545679,0.9602888543994454,0.9508380468420647,0.9410345516961436,0.924314748476289,0.895221584835184,0.8392255024242725,0.7371529634512297,0.5566004593420014,0.1730609308795875,0.8795599431338619,0.8712625310227725,0.8712625310227725,0.8712625310227725,0.872791717075911,0.8732690677472279,0.8732690677472279,0.8740656781762275,0.8744341405158159,0.8751082246536832,0.8784373617799699,0.8805705291078972,0.883904415201407,0.8867638581505692,0.8910691977150954,0.8969569640605117,0.906208485771878,0.9197057465256158,0.9362126043671011,0.9628932745877002,0.889444627697482,0.5087724098128144,0.5087724098128144,0.5087724098128144,0.5076372082447628,0.5073922766504187,0.5073922766504187,0.5072631297237956,0.5072518258505301,0.5065375316829256,0.502923282946246,0.4993398683397966,0.494792559819715,0.4896061507023007,0.47947140126422844,0.46295612441476663,0.43237692968385544,0.37111156434456793,0.26700016573016394,0.06835933528284363,0.4546173084615673,1333.0,1333.0,1333.0,1330.0,1329.0,1329.0,1327.0,1326.0,1324.0,1313.0,1305.0,1291.0,1277.0,1251.0,1207.0,1121.0,955.0,688.0,191.0,1187.5263157894738,53.0,53.0,53.0,56.0,57.0,57.0,59.0,60.0,62.0,73.0,81.0,95.0,109.0,135.0,179.0,265.0,431.0,698.0,1195.0,198.47368421052633,3.0,3.0,3.0,6.0,7.0,7.0,9.0,10.0,12.0,23.0,31.0,45.0,59.0,85.0,129.0,215.0,381.0,648.0,1145.0,148.47368421052633,0.9199134199134199,0.8784373617799699,0.9307359307359307,0.9473304473304474,0.9827844311377245,1.0,0.0,0.0,0.8047534314697695,0.964731814842028,0.03826955074875208,0.9298873800439713,1153.3882560171005,1313,73,23,15,3,0,0,26.0,601,0.3886847905951506,0.38167388167388167,0.39595808383233533,529,857,807,1336,1386,16,3
tagging_002_tagging_aria01_rgb,0.630784228715516,0.904108138203109,0.5702971546318693,0.630784228715516,0.630784228715516,0.630784228715516,0.630784228715516,0.630784228715516,0.630784228715516,0.630784228715516,0.630784228715516,0.6279009415263882,0.6279009415263882,0.6279009415263882,0.6279009415263882,0.6261850232815039,0.6229222417968557,0.6201359414041845,0.5707454347961655,0.4881615937546813,0.31531345290340645,0.08543642452250372,0.5729883004362621,0.9685314685314685,0.9685314685314685,0.9685314685314685,0.9685314685314685,0.9685314685314685,0.9685314685314685,0.9685314685314685,0.9685314685314685,0.9616724738675958,0.9616724738675958,0.9616724738675958,0.9616724738675958,0.9548611111111112,0.9413793103448276,0.9347079037800687,0.8642384105960265,0.7112462006079028,0.4623376623376623,0.11264822134387352,0.8724400244128214,0.41081653629646686,0.41081653629646686,0.41081653629646686,0.41081653629646686,0.41081653629646686,0.41081653629646686,0.41081653629646686,0.41081653629646686,0.40997283699315584,0.40997283699315584,0.40997283699315584,0.40997283699315584,0.4106436829601185,0.41219529159089346,0.4114318326249446,0.37692186247080656,0.3350481751796126,0.2150432069046037,0.06479802830536623,0.37644766938845814,0.9787985865724381,0.9787985865724381,0.9787985865724381,0.9787985865724381,0.9787985865724381,0.9787985865724381,0.9787985865724381,0.9787985865724381,0.9752650176678446,0.9752650176678446,0.9752650176678446,0.9752650176678446,0.9717314487632509,0.9646643109540636,0.9611307420494699,0.9222614840989399,0.8268551236749117,0.6289752650176679,0.20141342756183744,0.9057095034405803,0.9892857142857143,0.9892857142857143,0.9892857142857143,0.9892857142857143,0.9892857142857143,0.9892857142857143,0.9892857142857143,0.9892857142857143,0.9857142857142858,0.9857142857142858,0.9857142857142858,0.9857142857142858,0.9821428571428571,0.975,0.9714285714285714,0.9321428571428572,0.8357142857142857,0.6357142857142857,0.20357142857142857,0.9154135338345867,0.4152675282378329,0.4152675282378329,0.4152675282378329,0.4152675282378329,0.4152675282378329,0.4152675282378329,0.4152675282378329,0.4152675282378329,0.4147055614185121,0.4147055614185121,0.4147055614185121,0.4147055614185121,0.41543243686070735,0.4170649631923419,0.41655580660277125,0.39271851589387086,0.36390990981258514,0.2598491405439851,0.08882096869634705,0.38606916911470107,0.9894078335727998,0.9894078335727998,0.9894078335727998,0.9894078335727998,0.9894078335727998,0.9894078335727998,0.9894078335727998,0.9894078335727998,0.9860180068828462,0.9860180068828462,0.9860180068828462,0.9860180068828462,0.9825732238775717,0.9770731498156247,0.973771948160535,0.9344363961383282,0.8440594233453292,0.6500783349282303,0.22915566005026736,0.9184464648647195,0.904108138203109,0.904108138203109,0.904108138203109,0.904108138203109,0.904108138203109,0.904108138203109,0.904108138203109,0.904108138203109,0.9058530124482845,0.9058530124482845,0.9058530124482845,0.9058530124482845,0.906831743440181,0.9084073899458243,0.9090589800056418,0.9147342254695344,0.924652294169121,0.9395394605481916,0.9633604831565556,0.9117295648501611,0.6341187941289601,0.6341187941289601,0.6341187941289601,0.6341187941289601,0.6341187941289601,0.6341187941289601,0.6341187941289601,0.6341187941289601,0.6323228337751742,0.6323228337751742,0.6323228337751742,0.6323228337751742,0.6316924734143292,0.6305791678616085,0.6288400294141478,0.589593517833823,0.5263423793741029,0.36777283484927525,0.11424181800125895,0.5837528373095223,277.0,277.0,277.0,277.0,277.0,277.0,277.0,277.0,276.0,276.0,276.0,276.0,275.0,273.0,272.0,261.0,234.0,178.0,57.0,256.3157894736842,6.0,6.0,6.0,6.0,6.0,6.0,6.0,6.0,7.0,7.0,7.0,7.0,8.0,10.0,11.0,22.0,49.0,105.0,226.0,26.68421052631579,3.0,3.0,3.0,3.0,3.0,3.0,3.0,3.0,4.0,4.0,4.0,4.0,5.0,7.0,8.0,19.0,46.0,102.0,223.0,23.68421052631579,0.9363957597173145,0.9058530124482845,0.9611307420494699,0.9752650176678446,0.9857142857142858,1.0,0.0,0.0,0.8445774962393163,0.9804618117229129,0.01818181818181818,0.9581445298939426,250.01543143572653,276,7,4,7,3,0,0,8.0,220,0.5293072824156305,0.5265017667844523,0.5321428571428571,149,134,131,280,283,10,3
tagging_002_tagging_aria02_rgb,0.6700277604268557,0.892358577542811,0.5979050192087043,0.6700277604268557,0.6700277604268557,0.6700277604268557,0.6700277604268557,0.6700277604268557,0.6694373305112221,0.6628192435454259,0.6514197192724456,0.6486121668151235,0.643695467425603,0.6273776028128479,0.6189095204659718,0.6080716801759145,0.6009246770554223,0.5937743019303938,0.5502484709890076,0.5071316495051932,0.41031340074249706,0.14250205875886907,0.5939671627442219,0.9467554076539102,0.9467554076539102,0.9467554076539102,0.9467554076539102,0.9467554076539102,0.9435215946843853,0.9306930693069307,0.9148936170212766,0.9024390243902439,0.8932038834951457,0.8690095846645367,0.8541996830427893,0.839622641509434,0.8252730109204368,0.8083462132921174,0.7514970059880239,0.6858789625360231,0.541501976284585,0.17117117117117117,0.8244751829777185,0.4741849860198935,0.4741849860198935,0.4741849860198935,0.4741849860198935,0.4741849860198935,0.47497200064816686,0.4720453650109275,0.4638218507181074,0.46617858001527,0.46388496785629724,0.4529324687058979,0.4484302700264888,0.4403777958717722,0.43756485758744584,0.4361595512361443,0.40289366080397376,0.3749677770826083,0.3109076129029552,0.11863467785827868,0.42814191402230534,0.9483333333333334,0.9483333333333334,0.9483333333333334,0.9483333333333334,0.9483333333333334,0.9466666666666667,0.94,0.9316666666666666,0.925,0.92,0.9066666666666666,0.8983333333333333,0.89,0.8816666666666667,0.8716666666666667,0.8366666666666667,0.7933333333333333,0.685,0.285,0.8659649122807017,0.9982456140350877,0.9982456140350877,0.9982456140350877,0.9982456140350877,0.9982456140350877,0.9964912280701754,0.9894736842105263,0.980701754385965,0.9736842105263158,0.968421052631579,0.9543859649122807,0.9456140350877194,0.9368421052631579,0.9280701754385965,0.9175438596491228,0.8807017543859649,0.8350877192982457,0.7210526315789474,0.3,0.9115420129270545,0.5078613567728536,0.5078613567728536,0.5078613567728536,0.5078613567728536,0.5078613567728536,0.5086992051644965,0.5061042896759045,0.49883288243644375,0.5011336292518701,0.49917398013264913,0.4910764753510153,0.4886918650392894,0.4829432511897294,0.48079666066617543,0.4800073207456158,0.45734822694094474,0.43656017081189596,0.38366224084915374,0.1761513988180149,0.47002570425986656,0.8672684960031182,0.8672684960031182,0.8672684960031182,0.8672684960031182,0.8672684960031182,0.868515287529372,0.8653274916572788,0.8594540522089718,0.8608796608796611,0.8600597771793425,0.8512104238955299,0.8475334800247428,0.8428201230004209,0.8397261879984876,0.836370684986675,0.8103584158634937,0.7766906732774848,0.6803187948688546,0.3064172173240344,0.8127381447742074,0.892358577542811,0.892358577542811,0.892358577542811,0.892358577542811,0.892358577542811,0.8934597802718504,0.8974778480965353,0.9021823134627048,0.9055751912809086,0.9079249172159498,0.913706971108751,0.9168975800520793,0.9196941413294454,0.9220933268836489,0.9242736906375302,0.9303817411803313,0.935943415291037,0.944391417561844,0.9640391626025733,0.9126228623520655,0.6705858844390222,0.6705858844390222,0.6705858844390222,0.6705858844390222,0.6705858844390222,0.6705521311677399,0.6661250956916965,0.6573639460646616,0.6566697697580762,0.6532795499843795,0.6408266314898912,0.6346966671099372,0.6260481118299753,0.6211170175092597,0.6165920386777948,0.5805925388824691,0.5454121711930675,0.4614885858160788,0.18387735910005185,0.6088195282352732,569.0,569.0,569.0,569.0,569.0,568.0,564.0,559.0,555.0,552.0,544.0,539.0,534.0,529.0,523.0,502.0,476.0,411.0,171.0,519.578947368421,31.0,31.0,31.0,31.0,31.0,32.0,36.0,41.0,45.0,48.0,56.0,61.0,66.0,71.0,77.0,98.0,124.0,189.0,429.0,80.42105263157895,1.0,1.0,1.0,1.0,1.0,2.0,6.0,11.0,15.0,18.0,26.0,31.0,36.0,41.0,47.0,68.0,94.0,159.0,399.0,50.421052631578945,0.9166666666666666,0.906880331529062,0.93,0.94,0.9894736842105263,1.0,0.0,0.0,0.829134178303985,0.9641025641025641,0.02727272727272727,0.9284948500216801,511.480506982391,564,36,6,8,3,0,0,9.0,220,0.6410256410256411,0.625,0.6578947368421053,375,225,195,570,600,9,3
tagging_002_tagging_aria03_rgb,0.8453444949816807,0.8750387549972969,0.7397091944325886,0.8453444949816807,0.8453444949816807,0.8453444949816807,0.8453444949816807,0.8453444949816807,0.8453444949816807,0.842176415985424,0.842176415985424,0.842176415985424,0.842176415985424,0.8411274662975963,0.8240866831246285,0.8052833371521104,0.7951679526917983,0.760850965730463,0.6974072032715715,0.540560247986997,0.27770395382655155,0.05061872462875369,0.7386094299232763,0.9772209567198178,0.9772209567198178,0.9772209567198178,0.9772209567198178,0.9772209567198178,0.9772209567198178,0.9727272727272728,0.9727272727272728,0.9727272727272728,0.9727272727272728,0.9682539682539683,0.950561797752809,0.9118942731277533,0.8910675381263616,0.8428874734607219,0.7606490872210954,0.5897435897435898,0.2955223880597015,0.052121212121212124,0.8429966399523794,0.7312648283705607,0.7312648283705607,0.7312648283705607,0.7312648283705607,0.7312648283705607,0.7312648283705607,0.7291469413142612,0.7291469413142612,0.7291469413142612,0.7291469413142612,0.7306919855294013,0.7144394640188926,0.711136446630573,0.7095893924242598,0.6867989029142385,0.6394233758328318,0.49547869071507744,0.26095987677021537,0.04915954903510038,0.6474660220711052,0.9862068965517241,0.9862068965517241,0.9862068965517241,0.9862068965517241,0.9862068965517241,0.9862068965517241,0.9839080459770115,0.9839080459770115,0.9839080459770115,0.9839080459770115,0.9816091954022989,0.9724137931034482,0.9517241379310345,0.9402298850574713,0.9126436781609195,0.8620689655172413,0.7402298850574712,0.45517241379310347,0.09885057471264368,0.8825166364186326,0.9907621247113164,0.9907621247113164,0.9907621247113164,0.9907621247113164,0.9907621247113164,0.9907621247113164,0.9884526558891455,0.9884526558891455,0.9884526558891455,0.9884526558891455,0.9861431870669746,0.976905311778291,0.9561200923787528,0.9445727482678984,0.9168591224018475,0.8660508083140878,0.74364896073903,0.45727482678983833,0.09930715935334873,0.8865929257323447,0.7313521495339678,0.7313521495339678,0.7313521495339678,0.7313521495339678,0.7313521495339678,0.7313521495339678,0.7301226551226551,0.7301226551226551,0.7301226551226551,0.7301226551226551,0.7316714597745044,0.7221994798826951,0.7236350159055472,0.7244384113577268,0.7118154678608078,0.6839937790604457,0.5827791371269633,0.36480910597072214,0.08202736109712853,0.6650511966174193,0.9941460055096419,0.9941460055096419,0.9941460055096419,0.9941460055096419,0.9941460055096419,0.9941460055096419,0.9918515090828175,0.9918515090828175,0.9918515090828175,0.9918515090828175,0.9903687257317234,0.9810607841849426,0.9685242442420023,0.9641285677620052,0.9432749292840467,0.9045360171100105,0.785269048161419,0.5090246889180523,0.1505207605909102,0.9015257808091702,0.8750387549972969,0.8750387549972969,0.8750387549972969,0.8750387549972969,0.8750387549972969,0.8750387549972969,0.8763507364507331,0.8763507364507331,0.8763507364507331,0.8763507364507331,0.8771215700298787,0.8799691017651667,0.8854132356271551,0.8880833570979305,0.8930083296072687,0.8998801483582564,0.9118063929185379,0.9321058704845235,0.9615313348387251,0.8886607798165346,0.8492222423751982,0.8492222423751982,0.8492222423751982,0.8492222423751982,0.8492222423751982,0.8492222423751982,0.8470026813762925,0.8470026813762925,0.8470026813762925,0.8470026813762925,0.8469084791182716,0.83350512244941,0.8226820294748276,0.8168091287914593,0.7917087071092087,0.7424466634929081,0.605613849145186,0.3446472646237741,0.06970975308186123,0.7556513251075403,429.0,429.0,429.0,429.0,429.0,429.0,428.0,428.0,428.0,428.0,427.0,423.0,414.0,409.0,397.0,375.0,322.0,198.0,43.0,383.89473684210526,6.0,6.0,6.0,6.0,6.0,6.0,7.0,7.0,7.0,7.0,8.0,12.0,21.0,26.0,38.0,60.0,113.0,237.0,392.0,51.10526315789474,4.0,4.0,4.0,4.0,4.0,4.0,5.0,5.0,5.0,5.0,6.0,10.0,19.0,24.0,36.0,58.0,111.0,235.0,390.0,49.10526315789474,0.960919540229885,0.8763507364507331,0.9724137931034482,0.9839080459770115,0.9884526558891455,1.0,0.0,0.0,0.8392600349446293,0.9861751152073732,0.022727272727272728,0.9708069655072734,375.07811520091377,428,7,5,5,3,0,0,5.0,220,0.8341013824884793,0.832183908045977,0.836027713625866,362,73,71,433,435,9,3
tagging_002_tagging_aria04_rgb,0.8735478719655462,0.8867364792447041,0.774606764438432,0.8735478719655462,0.8735478719655462,0.8735478719655462,0.8727136635787643,0.8710824103718008,0.8710824103718008,0.8710824103718008,0.866209714268278,0.8628527590693922,0.8505782684851265,0.841802024465639,0.8282609433669338,0.8180567015329564,0.8014196018005121,0.7702974741544906,0.7245664191775718,0.6557279548276544,0.43072604395695685,0.10040277536079377,0.7714476416345848,0.9449685534591195,0.9449685534591195,0.9449685534591195,0.9419152276295133,0.9358372456964006,0.9358372456964006,0.9358372456964006,0.926791277258567,0.9237947122861586,0.9089506172839507,0.897239263803681,0.882800608828006,0.8714069591527988,0.8545727136431784,0.8111273792093704,0.7621082621082621,0.6738836265223275,0.4284064665127021,0.09955555555555555,0.8223668456452964,0.8075251624217633,0.8075251624217633,0.8075251624217633,0.8085962688105546,0.81080825661571,0.81080825661571,0.81080825661571,0.8095881861471157,0.8059310947896382,0.7959545623952683,0.7897900559883423,0.7770907535030235,0.767972713430712,0.7515725319756332,0.7315228334015204,0.6888739066382537,0.6380614305194313,0.4330581805942688,0.10125720502382829,0.7239089463331585,0.9464566929133859,0.9464566929133859,0.9464566929133859,0.9448818897637795,0.9417322834645669,0.9417322834645669,0.9417322834645669,0.937007874015748,0.9354330708661417,0.9275590551181102,0.9212598425196851,0.9133858267716536,0.9070866141732283,0.8976377952755905,0.8724409448818897,0.84251968503937,0.784251968503937,0.584251968503937,0.1763779527559055,0.8583506009117283,0.9983388704318937,0.9983388704318937,0.9983388704318937,0.9966777408637874,0.9933554817275747,0.9933554817275747,0.9933554817275747,0.9883720930232558,0.9867109634551495,0.978405315614618,0.9717607973421927,0.9634551495016611,0.9568106312292359,0.946843853820598,0.920265780730897,0.8887043189368771,0.8272425249169435,0.6162790697674418,0.18604651162790697,0.9054030424899456,0.8076383959911414,0.8076383959911414,0.8076383959911414,0.8087195027195028,0.8109440169640838,0.8109440169640838,0.8109440169640838,0.8113265166206343,0.8093330350906108,0.8044607627799478,0.8016311039387962,0.7950058275058275,0.7903631669256669,0.781051609209504,0.7714168202435351,0.7457018059821797,0.713880931652016,0.5562849100584949,0.1720310939060939,0.7482607539736045,0.9983681044413156,0.9983681044413156,0.9983681044413156,0.9968028846153846,0.9942838307177772,0.9942838307177772,0.9942838307177772,0.9909014460485048,0.9892102792144879,0.9819324542929785,0.9765752280177841,0.9696522726805404,0.9646044530487158,0.9545040912477673,0.9295318511064459,0.9000316245170624,0.8471064191171365,0.6533071717582467,0.2071898802640082,0.9125950453371758,0.8867364792447041,0.8867364792447041,0.8867364792447041,0.8878929160197335,0.8901474679618772,0.8901474679618772,0.8901474679618772,0.892799971403011,0.8935930220523531,0.8971548868369573,0.89972820412711,0.9025476370761777,0.9045116116422837,0.9069118932847295,0.9122194464811937,0.9168433892032152,0.9232991127767936,0.9385621314019711,0.9619737762960298,0.9036152547484897,0.8742354343482349,0.8742354343482349,0.8742354343482349,0.8740869353386183,0.8738216699960222,0.8738216699960222,0.8738216699960222,0.8709710127954744,0.8682710400016707,0.859240863676946,0.8529958162871806,0.8424866054513664,0.8346363090611932,0.8213646635887745,0.798880762051196,0.7618332014638781,0.7073902267569874,0.5030060581036127,0.13363958441976623,0.788051283791023,601.0,601.0,601.0,600.0,598.0,598.0,598.0,595.0,594.0,589.0,585.0,580.0,576.0,570.0,554.0,535.0,498.0,371.0,112.0,545.0526315789474,34.0,34.0,34.0,35.0,37.0,37.0,37.0,40.0,41.0,46.0,50.0,55.0,59.0,65.0,81.0,100.0,137.0,264.0,523.0,89.94736842105263,1.0,1.0,1.0,2.0,4.0,4.0,4.0,7.0,8.0,13.0,17.0,22.0,26.0,32.0,48.0,67.0,104.0,231.0,490.0,56.94736842105263,0.9023622047244094,0.8971548868369573,0.9070866141732283,0.9275590551181102,0.978405315614618,1.0,0.0,0.0,0.8069672887353825,0.952303961196443,0.05909090909090909,0.9063352421185517,528.4242283469679,589,46,13,3,3,0,0,9.0,220,0.8342764753435732,0.8125984251968504,0.8571428571428571,516,119,86,602,635,6,3
tagging_003_tagging_aria01_rgb,0.5866177443463566,0.9038694989420974,0.5302258866528847,0.5866177443463566,0.5843969266704734,0.5843969266704734,0.5833388421844392,0.5833388421844392,0.5833388421844392,0.5833388421844392,0.5833388421844392,0.5833388421844392,0.5789487367060818,0.5749895883966009,0.5728377143693415,0.564298319897605,0.5514010821763362,0.5307847994529487,0.5146238703652386,0.474528048158374,0.3589938422750053,0.16386495068277193,0.5337218738565391,0.9176029962546817,0.9152119700748129,0.9152119700748129,0.912826899128269,0.912826899128269,0.912826899128269,0.912826899128269,0.912826899128269,0.912826899128269,0.9080745341614906,0.900990099009901,0.8986402966625463,0.8823529411764706,0.8595641646489104,0.8134592680047226,0.779837775202781,0.6916299559471366,0.4755043227665706,0.180630284396618,0.821877472271109,0.3750209833518204,0.37315920144048975,0.37315920144048975,0.3727806500071881,0.3727806500071881,0.3727806500071881,0.3727806500071881,0.3727806500071881,0.3727806500071881,0.3691124760403862,0.3669441286067444,0.3651550550565998,0.3608902730178278,0.35371780947780823,0.3463387958211466,0.3396061801197464,0.32557419838854856,0.27103135054912647,0.14865570384259458,0.3476341714313925,0.9210526315789473,0.9197994987468672,0.9197994987468672,0.918546365914787,0.918546365914787,0.918546365914787,0.918546365914787,0.918546365914787,0.918546365914787,0.9160401002506265,0.9122807017543859,0.9110275689223057,0.9022556390977443,0.8897243107769424,0.8634085213032582,0.843358395989975,0.7869674185463659,0.6203007518796992,0.29448621553884713,0.8532515499274501,0.9959349593495935,0.994579945799458,0.994579945799458,0.9932249322493225,0.9932249322493225,0.9932249322493225,0.9932249322493225,0.9932249322493225,0.9932249322493225,0.9905149051490515,0.986449864498645,0.9850948509485095,0.975609756097561,0.962059620596206,0.9336043360433605,0.9119241192411924,0.8509485094850948,0.6707317073170732,0.31842818428184283,0.922621594636999,0.37789542489077727,0.3766203599336144,0.3766203599336144,0.3763519929849109,0.3763519929849109,0.3763519929849109,0.3763519929849109,0.3763519929849109,0.3763519929849109,0.37381547784708014,0.37224003549487894,0.3709828596199727,0.36799573534787383,0.36284782580922087,0.357741905065014,0.3529229583084816,0.3431362159467032,0.30069112007392346,0.18445338451491994,0.3566355589839758,0.9502040410577471,0.9487809343045482,0.9487809343045482,0.9474088135402359,0.9474088135402359,0.9474088135402359,0.9474088135402359,0.9474088135402359,0.9474088135402359,0.9445862450639492,0.9417052917869817,0.9403144055567687,0.9319249399213542,0.923640475385975,0.8993460175237253,0.8885645886543072,0.8463087524315446,0.7100488499944445,0.43334746177371886,0.8943160957368961,0.9038694989420974,0.9050228289699122,0.9050228289699122,0.9060472908306186,0.9060472908306186,0.9060472908306186,0.9060472908306186,0.9060472908306186,0.9060472908306186,0.9072045000686113,0.9087478590370038,0.9092080695365541,0.911831590939177,0.9152119603336439,0.9209862758243986,0.9244126106774242,0.9314952906546133,0.9456643961717329,0.9642170613611746,0.915219921919472,0.5877193748835569,0.5858597498017284,0.5858597498017284,0.5851634911265865,0.5851634911265865,0.5851634911265865,0.5851634911265865,0.5851634911265865,0.5851634911265865,0.5814824413134007,0.5785810635943873,0.576772331243364,0.5706270970834277,0.5609913851808892,0.5468380633879533,0.5351726107846625,0.506178117317549,0.41002554862909885,0.20922967199436443,0.54454306061977,735.0,734.0,734.0,733.0,733.0,733.0,733.0,733.0,733.0,731.0,728.0,727.0,720.0,710.0,689.0,673.0,628.0,495.0,235.0,680.8947368421053,63.0,64.0,64.0,65.0,65.0,65.0,65.0,65.0,65.0,67.0,70.0,71.0,78.0,88.0,109.0,125.0,170.0,303.0,563.0,117.10526315789474,3.0,4.0,4.0,5.0,5.0,5.0,5.0,5.0,5.0,7.0,10.0,11.0,18.0,28.0,49.0,65.0,110.0,243.0,503.0,57.10526315789474,0.8959899749373433,0.9071534257563967,0.9072681704260651,0.9160401002506265,0.9905149051490515,0.6666666666666666,0.3333333333333333,0.0,0.8109387897593057,0.9518229166666666,0.022508038585209004,0.9060723778077202,663.1291542279259,731,67,7,9,2,1,0,17.0,311,0.48046875,0.462406015037594,0.5,369,429,369,738,798,12,3
tagging_003_tagging_aria02_rgb,0.5774033543281597,0.928029339463075,0.5358472535209259,0.5774033543281597,0.5774033543281597,0.5774033543281597,0.5774033543281597,0.5774033543281597,0.5774033543281597,0.5752385392649698,0.5745294544512837,0.5745294544512837,0.5724043293245312,0.5703167536757983,0.5655465487117713,0.5632039124287652,0.555264028766781,0.551388922983886,0.5418602180174382,0.5238087224599756,0.4738989948936893,0.22801821048801915,0.5439172745203763,0.9467455621301775,0.9467455621301775,0.9467455621301775,0.9467455621301775,0.9467455621301775,0.9467455621301775,0.9438700147710487,0.9410029498525073,0.9410029498525073,0.9381443298969072,0.9352941176470588,0.9267935578330894,0.9183673469387755,0.898989898989899,0.8880918220946915,0.8666666666666667,0.8277777777777777,0.7202614379084967,0.2789115646258503,0.8792446214545442,0.3521480817288147,0.3521480817288147,0.3521480817288147,0.3521480817288147,0.3521480817288147,0.3521480817288147,0.3505772742827955,0.3507790215576125,0.3507790215576125,0.3492497964204202,0.3477635466601333,0.345106950794535,0.345394082261741,0.342960629467296,0.3423404391589061,0.3387836490806604,0.33146042946662624,0.31180380559229665,0.18641143254100773,0.33717360890602793,0.9538002980625931,0.9538002980625931,0.9538002980625931,0.9538002980625931,0.9538002980625931,0.9538002980625931,0.9523099850968704,0.9508196721311475,0.9508196721311475,0.9493293591654247,0.9478390461997019,0.9433681073025335,0.9388971684053651,0.9284649776453056,0.9225037257824144,0.910581222056632,0.8882265275707899,0.8211624441132638,0.4277198211624441,0.9081496587967682,0.9922480620155039,0.9922480620155039,0.9922480620155039,0.9922480620155039,0.9922480620155039,0.9922480620155039,0.9906976744186047,0.9891472868217054,0.9891472868217054,0.9875968992248062,0.986046511627907,0.9813953488372092,0.9767441860465116,0.9658914728682171,0.9596899224806201,0.9472868217054263,0.924031007751938,0.8542635658914729,0.4449612403100775,0.9447572419420646,0.35226992368263915,0.35226992368263915,0.35226992368263915,0.35226992368263915,0.35226992368263915,0.35226992368263915,0.3511414989414018,0.3513593990774836,0.3513593990774836,0.35024693345594116,0.34915193387542115,0.34735314766038744,0.3477383404772567,0.34636516266892087,0.34608389697688346,0.3438132373862381,0.33902207181077815,0.3251828143485945,0.2224314097532889,0.341308883558206,0.9929828902714932,0.9929828902714932,0.9929828902714932,0.9929828902714932,0.9929828902714932,0.9929828902714932,0.9914262839636433,0.9900263010472611,0.9900263010472611,0.9884989279516321,0.9870055746859299,0.9826668848228183,0.9783519676485091,0.9682999397848953,0.9620555139644084,0.9520303292639816,0.929899238058073,0.8706317263801798,0.5106746240562874,0.9504995239107284,0.928029339463075,0.928029339463075,0.928029339463075,0.928029339463075,0.928029339463075,0.928029339463075,0.9289697531149078,0.9298139666052797,0.9298139666052797,0.930519842307682,0.9311420661388886,0.9328370958456367,0.9343422280420033,0.9373092244024374,0.9385498674790468,0.9406462716674351,0.9433781057215438,0.9484788292174893,0.9652975633003906,0.9346986745908668,0.5795506408547176,0.5795506408547176,0.5795506408547176,0.5795506408547176,0.5795506408547176,0.5795506408547176,0.5778046718810349,0.5775184795899555,0.5775184795899555,0.5758064652506539,0.57412879075114,0.5705811870259911,0.569464244548785,0.564293304205865,0.561970044228408,0.5554187872161626,0.5425974071927216,0.5060055089462834,0.2823683137129144,0.5533041857509566,640.0,640.0,640.0,640.0,640.0,640.0,639.0,638.0,638.0,637.0,636.0,633.0,630.0,623.0,619.0,611.0,596.0,551.0,287.0,609.3684210526316,31.0,31.0,31.0,31.0,31.0,31.0,32.0,33.0,33.0,34.0,35.0,38.0,41.0,48.0,52.0,60.0,75.0,120.0,384.0,61.63157894736842,5.0,5.0,5.0,5.0,5.0,5.0,6.0,7.0,7.0,8.0,9.0,12.0,15.0,22.0,26.0,34.0,49.0,94.0,358.0,35.63157894736842,0.9210134128166915,0.9304590618017088,0.9433681073025335,0.9523099850968704,0.9906976744186047,1.0,0.0,0.0,0.8547888829974544,0.9711246200607903,0.01929260450160772,0.9416153632502895,594.5633404912919,639,32,6,15,3,0,0,19.0,311,0.4848024316109423,0.47540983606557374,0.4945736434108527,319,352,326,645,671,17,3
tagging_003_tagging_aria03_rgb,0.8152222393108518,0.8869498314767683,0.7230612277728737,0.8152222393108518,0.8152222393108518,0.8144060578633391,0.8136007477624443,0.8136007477624443,0.8107322966162709,0.8078824974979045,0.8045140858262496,0.8045140858262496,0.8045140858262496,0.8037262326230497,0.7993249894181834,0.7914367386714567,0.7819348622965301,0.7444118636324867,0.6878443204747041,0.5915751057999784,0.41339375580545634,0.10685870125600463,0.727616613346353,0.95,0.95,0.9475032010243278,0.9450127877237852,0.9450127877237852,0.9425287356321839,0.9400510204081632,0.9351145038167938,0.9351145038167938,0.9351145038167938,0.9326556543837357,0.9204545454545454,0.9036295369211514,0.8824257425742574,0.8303249097472925,0.7523041474654378,0.6180851063829788,0.40184331797235023,0.09424460431654676,0.8295484004832065,0.6995655783863156,0.6995655783863156,0.7000052626391864,0.700462666070384,0.700462666070384,0.6973653236533207,0.6942964962476882,0.6921536471213293,0.6921536471213293,0.6921536471213293,0.6926198902780228,0.6941357852634241,0.6931735691742527,0.6928879104218124,0.6673881708371797,0.6289076177544853,0.566202133311739,0.4252761952127323,0.12116112234676996,0.6394703635483158,0.9548969072164949,0.9548969072164949,0.9536082474226805,0.9523195876288659,0.9523195876288659,0.9510309278350515,0.9497422680412371,0.9471649484536082,0.9471649484536082,0.9471649484536082,0.9458762886597938,0.9394329896907216,0.9304123711340206,0.9188144329896907,0.8891752577319587,0.8414948453608248,0.7487113402061856,0.5618556701030928,0.16881443298969073,0.8660472056429733,0.9946308724832215,0.9946308724832215,0.9932885906040269,0.9919463087248322,0.9919463087248322,0.9906040268456375,0.9892617449664429,0.9865771812080537,0.9865771812080537,0.9865771812080537,0.9852348993288591,0.978523489932886,0.9691275167785235,0.9570469798657718,0.9261744966442953,0.876510067114094,0.7798657718120805,0.5852348993288591,0.17583892617449665,0.9020840692334864,0.6996109777351727,0.6996109777351727,0.7000897878674895,0.7005820299756255,0.7005820299756255,0.6988259574229051,0.6970744448527197,0.6962308270102171,0.6962308270102171,0.6962308270102171,0.6967333836408991,0.6986271119053045,0.6995275418145444,0.7005524021999667,0.6878038920296935,0.667085686130107,0.6317359529345656,0.5244466625617339,0.19794995589611977,0.6573437513530683,0.9951955979493865,0.9951955979493865,0.9938724041974816,0.992615023251772,0.992615023251772,0.9912546593620276,0.9898999292910811,0.9879910612491307,0.9879910612491307,0.9879910612491307,0.9867869688641909,0.98125840491366,0.9750186320871139,0.9667759297541121,0.9379365424659154,0.8929511729671814,0.8136482744753047,0.6624454887756822,0.23744004603219043,0.91415173049135,0.8869498314767683,0.8869498314767683,0.8879868072881321,0.8889286903417052,0.8889286903417052,0.8897525514605958,0.8905290082063823,0.8918949834797723,0.8918949834797723,0.8918949834797723,0.89236380350484,0.8945792233516873,0.8971167935448771,0.8999047579270608,0.9054625033098269,0.9124868443743975,0.9230086282929151,0.938064060195613,0.9629035823489238,0.9011368714674483,0.8173206269244715,0.8173206269244715,0.8170255759105756,0.816740054914392,0.816740054914392,0.8143807406821508,0.8120361623963329,0.8096812172069022,0.8096812172069022,0.8096812172069022,0.8094027003093885,0.8075234089494466,0.8030798615971194,0.7978943617670382,0.7703408653391106,0.727476816502461,0.651092895107475,0.4888188229192319,0.14301659403497385,0.7441712537270387,741.0,741.0,740.0,739.0,739.0,738.0,737.0,735.0,735.0,735.0,734.0,729.0,722.0,713.0,690.0,653.0,581.0,436.0,131.0,672.0526315789474,35.0,35.0,36.0,37.0,37.0,38.0,39.0,41.0,41.0,41.0,42.0,47.0,54.0,63.0,86.0,123.0,195.0,340.0,645.0,103.94736842105263,4.0,4.0,5.0,6.0,6.0,7.0,8.0,10.0,10.0,10.0,11.0,16.0,23.0,32.0,55.0,92.0,164.0,309.0,614.0,72.94736842105263,0.9265463917525774,0.8918949834797723,0.9342783505154639,0.9471649484536082,0.9865771812080537,1.0,0.0,0.0,0.8241531093526193,0.9664694280078896,0.03215434083601286,0.933275578285588,655.5428128576326,735,41,10,6,3,0,0,9.0,311,0.7823800131492439,0.7667525773195877,0.7986577181208053,595,181,150,745,776,9,3
tagging_003_tagging_aria04_rgb,0.5705080025794195,0.9037013225121272,0.5155688364347735,0.5705080025794195,0.569677971186879,0.569677971186879,0.5688740880085801,0.5688740880085801,0.568095875128512,0.5664425971337466,0.5641839574360119,0.5641839574360119,0.5641839574360119,0.5619578162067295,0.5604632942347058,0.5539941184824425,0.5454137723587221,0.5254015668803249,0.5142520138808387,0.4711728708864727,0.3696709345690077,0.16697180759613833,0.5233684558229482,0.922920892494929,0.9190283400809717,0.9190283400809717,0.9151515151515152,0.9151515151515152,0.9112903225806451,0.9036144578313253,0.8997995991983968,0.8997995991983968,0.8997995991983968,0.896,0.8884462151394422,0.8772277227722772,0.8551859099804305,0.8195777351247601,0.7920604914933838,0.6989247311827957,0.5192307692307693,0.20918367346938777,0.8242853383873848,0.3526622743659986,0.3531262059089552,0.3531262059089552,0.3536220206705495,0.3536220206705495,0.354149402601024,0.3550819855380371,0.3537493660941018,0.3537493660941018,0.3537493660941018,0.35245154820963875,0.3535600679385158,0.34986295501836345,0.3478497243779182,0.3368158926843948,0.333882495870844,0.3176363124019117,0.2631904886291268,0.13327801385991903,0.33290345857563197,0.9400826446280992,0.9380165289256198,0.9380165289256198,0.9359504132231405,0.9359504132231405,0.9338842975206612,0.9297520661157025,0.9276859504132231,0.9276859504132231,0.9276859504132231,0.9256198347107438,0.9214876033057852,0.9152892561983471,0.9028925619834711,0.8822314049586777,0.8657024793388429,0.8057851239669421,0.6694214876033058,0.33884297520661155,0.871683340582862,0.9806034482758621,0.978448275862069,0.978448275862069,0.9762931034482759,0.9762931034482759,0.9741379310344828,0.9698275862068966,0.9676724137931034,0.9676724137931034,0.9676724137931034,0.9655172413793104,0.9612068965517241,0.9547413793103449,0.9418103448275862,0.9202586206896551,0.9030172413793104,0.8405172413793104,0.6982758620689655,0.35344827586206895,0.9092558983666061,0.3537146007789392,0.3541790445188551,0.3541790445188551,0.35467296121181346,0.35467296121181346,0.35519654647475946,0.35614027715750435,0.3551580287517956,0.3551580287517956,0.3551580287517956,0.3541924532600437,0.3553072621889597,0.3525066256494156,0.35128556474362677,0.3433067192565034,0.34129930664415475,0.328904407431889,0.2863006583155157,0.16375105021586545,0.3381622931491527,0.9848438551244674,0.9841986262199447,0.9841986262199447,0.9837958270136604,0.9837958270136604,0.9836370665522847,0.981882243638196,0.9796409228130747,0.9796409228130747,0.9796409228130747,0.9774421170998161,0.9756967155322519,0.9693178193022883,0.9622174487350534,0.940479455405503,0.9288654677425933,0.8789645185147029,0.7669555435641845,0.46205571087283404,0.9309089282626637,0.9037013225121272,0.9054763441423159,0.9054763441423159,0.9070685404359157,0.9070685404359157,0.9084927675026174,0.9110531743089109,0.9121951316819982,0.9121951316819982,0.9121951316819982,0.9130961488539692,0.914534151915119,0.9163810791727625,0.9196547861992408,0.9242748846649375,0.9270931917804665,0.9342441372600525,0.9457605698573194,0.9650138930285148,0.9181565932241313,0.5757878806874527,0.5755329859698676,0.5755329859698676,0.5753022478414306,0.5753022478414306,0.5750952669475025,0.5745765481591256,0.5728597707057828,0.5728597707057828,0.5728597707057828,0.5711708534207183,0.5707899960837554,0.5658849740628511,0.560420314432679,0.5451142616143563,0.5376271054208769,0.5059116675519322,0.4197444084453669,0.21250957330417605,0.5386780331510913,455.0,454.0,454.0,453.0,453.0,452.0,450.0,449.0,449.0,449.0,448.0,446.0,443.0,437.0,427.0,419.0,390.0,324.0,164.0,421.89473684210526,29.0,30.0,30.0,31.0,31.0,32.0,34.0,35.0,35.0,35.0,36.0,38.0,41.0,47.0,57.0,65.0,94.0,160.0,320.0,62.10526315789474,9.0,10.0,10.0,11.0,11.0,12.0,14.0,15.0,15.0,15.0,16.0,18.0,21.0,27.0,37.0,45.0,74.0,140.0,300.0,42.10526315789474,0.8739669421487604,0.9121951316819982,0.8966942148760331,0.9276859504132231,0.9676724137931034,1.0,0.0,0.0,0.7925115994322669,0.9472573839662447,0.04823151125401929,0.8945425770967805,409.57561412521716,449,35,15,11,3,0,0,13.0,311,0.4936708860759494,0.4834710743801653,0.5043103448275862,234,250,230,464,484,14,3
tagging_004_tagging_aria01_rgb,0.6421036731758764,0.9017679727933536,0.5790285276829761,0.6421036731758764,0.6421036731758764,0.6421036731758764,0.6421036731758764,0.6421036731758764,0.6421036731758764,0.6393445085532301,0.6369607841424123,0.635130047669839,0.635130047669839,0.635130047669839,0.629190221702999,0.6265348763547114,0.6265348763547114,0.600973530208145,0.5855825774163912,0.5549834850250065,0.34250094799069164,0.14546927452702102,0.5866361718073736,0.9418960244648318,0.9418960244648318,0.9418960244648318,0.9418960244648318,0.9418960244648318,0.9418960244648318,0.9359756097560976,0.9300911854103343,0.9242424242424242,0.9242424242424242,0.9242424242424242,0.9069069069069069,0.9011976047904192,0.9011976047904192,0.8621700879765396,0.8352601156069365,0.7787114845938375,0.43018018018018017,0.13392857142857142,0.8441959353135005,0.43773104079106,0.43773104079106,0.43773104079106,0.43773104079106,0.43773104079106,0.43773104079106,0.43672227818381826,0.4362142625363373,0.4364549460967881,0.4364549460967881,0.4364549460967881,0.43651705822470455,0.4355825505995472,0.4355825505995472,0.4189071147880834,0.4105391225635772,0.3955337435547808,0.2726924781271622,0.15800444674125297,0.40905508889239656,0.9535603715170279,0.9535603715170279,0.9535603715170279,0.9535603715170279,0.9535603715170279,0.9535603715170279,0.9504643962848297,0.9473684210526315,0.9442724458204335,0.9442724458204335,0.9442724458204335,0.934984520123839,0.9318885448916409,0.9318885448916409,0.9102167182662538,0.8947368421052632,0.8606811145510835,0.5913312693498453,0.23219814241486067,0.8810493726576502,0.9871794871794872,0.9871794871794872,0.9871794871794872,0.9871794871794872,0.9871794871794872,0.9871794871794872,0.9839743589743589,0.9807692307692307,0.9775641025641025,0.9775641025641025,0.9775641025641025,0.967948717948718,0.9647435897435898,0.9647435897435898,0.9423076923076923,0.9262820512820513,0.8910256410256411,0.6121794871794872,0.2403846153846154,0.9121120107962215,0.48286698960837554,0.48286698960837554,0.48286698960837554,0.48286698960837554,0.48286698960837554,0.48286698960837554,0.4823338145773347,0.4821915653799877,0.48267020363844104,0.48267020363844104,0.48267020363844104,0.48353099598194993,0.4830466792083764,0.4830466792083764,0.4706807610542808,0.4647296495374537,0.4542701103255459,0.3402995018948509,0.22494988523420398,0.4586469574193651,0.8626571806172021,0.8626571806172021,0.8626571806172021,0.8626571806172021,0.8626571806172021,0.8626571806172021,0.8590382000637522,0.8554149852421179,0.8518261819150428,0.8518261819150428,0.8518261819150428,0.8418219545227541,0.8382364705458233,0.8382364705458233,0.8177555599336809,0.8025620668484637,0.7706891653306746,0.5554068299407612,0.3151336010121068,0.8013535228123314,0.9017679727933536,0.9017679727933536,0.9017679727933536,0.9017679727933536,0.9017679727933536,0.9017679727933536,0.9037219699461575,0.9053808916148478,0.906931046296856,0.906931046296856,0.906931046296856,0.9103167023725074,0.91133487586064,0.91133487586064,0.9158032801129266,0.9180224151047544,0.9216091283983456,0.9416255170097875,0.9625153718678969,0.9122666317789051,0.6460673137384823,0.6460673137384823,0.6460673137384823,0.6460673137384823,0.6460673137384823,0.6460673137384823,0.6442739917753302,0.6428496069374919,0.6419753729242575,0.6419753729242575,0.6419753729242575,0.6388557679242595,0.6371141100763674,0.6371141100763674,0.6174919102958306,0.6060729973222703,0.5834624437316349,0.4015614389269589,0.1915420032959004,0.6001404411350568,308.0,308.0,308.0,308.0,308.0,308.0,307.0,306.0,305.0,305.0,305.0,302.0,301.0,301.0,294.0,289.0,278.0,191.0,75.0,284.57894736842104,15.0,15.0,15.0,15.0,15.0,15.0,16.0,17.0,18.0,18.0,18.0,21.0,22.0,22.0,29.0,34.0,45.0,132.0,248.0,38.421052631578945,4.0,4.0,4.0,4.0,4.0,4.0,5.0,6.0,7.0,7.0,7.0,10.0,11.0,11.0,18.0,23.0,34.0,121.0,237.0,27.42105263157895,0.9009287925696594,0.9069541232147903,0.9226006191950464,0.9442724458204335,0.9775641025641025,1.0,0.0,0.0,0.8130681349241828,0.9606299212598425,0.05785123966942149,0.9199842165943831,276.62100758051105,305,18,7,7,3,0,0,10.0,121,0.5952755905511811,0.5851393188854489,0.6057692307692307,189,134,123,312,323,9,3
tagging_004_tagging_aria02_rgb,0.7411879786590903,0.924414892421592,0.6851652055563202,0.7411879786590903,0.7411879786590903,0.7411879786590903,0.7411879786590903,0.7411879786590903,0.7411879786590903,0.7411879786590903,0.7411879786590903,0.7411879786590903,0.7411879786590903,0.7411879786590903,0.7411879786590903,0.730389204450748,0.7041847458633904,0.6727820641868899,0.6609196458550306,0.6452578927194238,0.5519301364836035,0.29711224770091865,0.6924648253246888,0.9832635983263598,0.9832635983263598,0.9832635983263598,0.9832635983263598,0.9832635983263598,0.9832635983263598,0.9832635983263598,0.9832635983263598,0.9832635983263598,0.9832635983263598,0.9832635983263598,0.9832635983263598,0.966804979253112,0.9346938775510204,0.8884462151394422,0.8588235294117647,0.8301158301158301,0.6631578947368421,0.2845528455284553,0.9066188606133043,0.5587104217463438,0.5587104217463438,0.5587104217463438,0.5587104217463438,0.5587104217463438,0.5587104217463438,0.5587104217463438,0.5587104217463438,0.5587104217463438,0.5587104217463438,0.5587104217463438,0.5587104217463438,0.551784901222083,0.5305225253062816,0.5094688886941018,0.5086199473089976,0.5015658454057128,0.4593579869537599,0.3102259883219635,0.5303195339036331,0.9915611814345991,0.9915611814345991,0.9915611814345991,0.9915611814345991,0.9915611814345991,0.9915611814345991,0.9915611814345991,0.9915611814345991,0.9915611814345991,0.9915611814345991,0.9915611814345991,0.9915611814345991,0.9831223628691983,0.9662447257383966,0.9409282700421941,0.9240506329113924,0.9071729957805907,0.7974683544303798,0.4430379746835443,0.9400399733510993,0.9915611814345991,0.9915611814345991,0.9915611814345991,0.9915611814345991,0.9915611814345991,0.9915611814345991,0.9915611814345991,0.9915611814345991,0.9915611814345991,0.9915611814345991,0.9915611814345991,0.9915611814345991,0.9831223628691983,0.9662447257383966,0.9409282700421941,0.9240506329113924,0.9071729957805907,0.7974683544303798,0.4430379746835443,0.9400399733510993,0.5607426167640579,0.5607426167640579,0.5607426167640579,0.5607426167640579,0.5607426167640579,0.5607426167640579,0.5607426167640579,0.5607426167640579,0.5607426167640579,0.5607426167640579,0.5607426167640579,0.5607426167640579,0.557075585086248,0.5437456770424824,0.5304306188316856,0.5312013096940424,0.5275294958457514,0.501655961455261,0.4005013355088849,0.5432132307701606,0.9929946446663772,0.9929946446663772,0.9929946446663772,0.9929946446663772,0.9929946446663772,0.9929946446663772,0.9929946446663772,0.9929946446663772,0.9929946446663772,0.9929946446663772,0.9929946446663772,0.9929946446663772,0.9848387988271915,0.9680605794988929,0.947355760290479,0.9371568312284461,0.9211389309928582,0.8309267431057868,0.5771124101956504,0.9517118836913596,0.924414892421592,0.924414892421592,0.924414892421592,0.924414892421592,0.924414892421592,0.924414892421592,0.924414892421592,0.924414892421592,0.924414892421592,0.924414892421592,0.924414892421592,0.924414892421592,0.9270772878541966,0.9314684756061777,0.9372873265152073,0.9404527212451013,0.942683807568968,0.9511456293643804,0.9659878067775837,0.9310043033679327,0.7443087839510076,0.7443087839510076,0.7443087839510076,0.7443087839510076,0.7443087839510076,0.7443087839510076,0.7443087839510076,0.7443087839510076,0.7443087839510076,0.7443087839510076,0.7443087839510076,0.7443087839510076,0.7365270367644364,0.7159710831888462,0.6923681680141428,0.6855585928439949,0.6745420598879844,0.6052466092019573,0.3707315653682103,0.7059289748779823,235.0,235.0,235.0,235.0,235.0,235.0,235.0,235.0,235.0,235.0,235.0,235.0,233.0,229.0,223.0,219.0,215.0,189.0,105.0,222.78947368421052,2.0,2.0,2.0,2.0,2.0,2.0,2.0,2.0,2.0,2.0,2.0,2.0,4.0,8.0,14.0,18.0,22.0,48.0,132.0,14.210526315789474,2.0,2.0,2.0,2.0,2.0,2.0,2.0,2.0,2.0,2.0,2.0,2.0,4.0,8.0,14.0,18.0,22.0,48.0,132.0,14.210526315789474,0.9620253164556962,0.924414892421592,0.9831223628691983,0.9915611814345991,0.9915611814345991,1.0,0.0,0.0,0.8870780578863887,0.9915611814345991,0.01652892561983471,0.9801731223445738,217.23749971907412,235,2,2,5,3,0,0,5.0,121,0.6455696202531646,0.6455696202531646,0.6455696202531646,153,84,84,237,237,8,3
tagging_004_tagging_aria03_rgb,0.5714376142771908,0.864987230871446,0.4942862395894127,0.5714376142771908,0.5714376142771908,0.5714376142771908,0.5714376142771908,0.5714376142771908,0.5714376142771908,0.5714376142771908,0.5714376142771908,0.5714376142771908,0.5701911820893768,0.5678336425737849,0.5628326465920834,0.5495378186100708,0.5369497611964476,0.4959587166680093,0.45564694615344986,0.31330893284895656,0.1672753263696156,0.043781086834150475,0.4950660309700348,0.9018867924528302,0.9018867924528302,0.9018867924528302,0.9018867924528302,0.9018867924528302,0.9018867924528302,0.9018867924528302,0.9018867924528302,0.9018867924528302,0.8947368421052632,0.8876404494382022,0.8805970149253731,0.8529411764705882,0.8327272727272728,0.75,0.6688741721854304,0.4608695652173913,0.22627737226277372,0.05219206680584551,0.7696756349586111,0.36206422994922155,0.36206422994922155,0.36206422994922155,0.36206422994922155,0.36206422994922155,0.36206422994922155,0.36206422994922155,0.36206422994922155,0.36206422994922155,0.3633671587363021,0.3632496083776778,0.35973388814711676,0.3540593682349073,0.34622985879237356,0.3279667315186383,0.31039341653845237,0.2129940764403675,0.12365812158878751,0.03672557309350976,0.3187871511058488,0.9192307692307692,0.9192307692307692,0.9192307692307692,0.9192307692307692,0.9192307692307692,0.9192307692307692,0.9192307692307692,0.9192307692307692,0.9192307692307692,0.9153846153846154,0.9115384615384615,0.9076923076923077,0.8923076923076924,0.8807692307692307,0.8307692307692308,0.7769230769230769,0.6115384615384616,0.3576923076923077,0.09615384615384616,0.8133603238866397,0.9795081967213115,0.9795081967213115,0.9795081967213115,0.9795081967213115,0.9795081967213115,0.9795081967213115,0.9795081967213115,0.9795081967213115,0.9795081967213115,0.9754098360655737,0.9713114754098361,0.9672131147540983,0.9508196721311475,0.9385245901639344,0.8852459016393442,0.8278688524590164,0.6516393442622951,0.38114754098360654,0.10245901639344263,0.866695427092321,0.4033458981853049,0.4033458981853049,0.4033458981853049,0.4033458981853049,0.4033458981853049,0.4033458981853049,0.4033458981853049,0.4033458981853049,0.4033458981853049,0.4048240473719971,0.4050096984483851,0.4017896189773687,0.3969857784229436,0.3895616755432153,0.3695757465970357,0.3534936722923206,0.2641081578918394,0.1585786755762539,0.044687599176895756,0.3588804081034736,0.8267741092008873,0.8267741092008873,0.8267741092008873,0.8267741092008873,0.8267741092008873,0.8267741092008873,0.8267741092008873,0.8267741092008873,0.8267741092008873,0.8232451488754009,0.8185143501599198,0.815764273391392,0.8017093060196508,0.7952725076550109,0.7720739625165237,0.7400553894093079,0.5845077846740783,0.42210336086771294,0.25771426313799195,0.7511540699744724,0.864987230871446,0.864987230871446,0.864987230871446,0.864987230871446,0.864987230871446,0.864987230871446,0.864987230871446,0.864987230871446,0.864987230871446,0.8666369774129575,0.8681770779638842,0.869430563684284,0.8733589370914465,0.875911974105515,0.8842360823810267,0.8918847428611496,0.9095945196422541,0.9326971750669659,0.9655116431861334,0.8801223563809807,0.5769060414029038,0.5769060414029038,0.5769060414029038,0.5769060414029038,0.5769060414029038,0.5769060414029038,0.5769060414029038,0.5769060414029038,0.5769060414029038,0.576732786343234,0.575426788718632,0.5714260084099978,0.5620764163435517,0.5522215193180163,0.5219814836386804,0.491072100850497,0.36090728701863006,0.21031300215628462,0.05942478527639094,0.5091440289842132,239.0,239.0,239.0,239.0,239.0,239.0,239.0,239.0,239.0,238.0,237.0,236.0,232.0,229.0,216.0,202.0,159.0,93.0,25.0,211.47368421052633,21.0,21.0,21.0,21.0,21.0,21.0,21.0,21.0,21.0,22.0,23.0,24.0,28.0,31.0,44.0,58.0,101.0,167.0,235.0,48.526315789473685,5.0,5.0,5.0,5.0,5.0,5.0,5.0,5.0,5.0,6.0,7.0,8.0,12.0,15.0,28.0,42.0,85.0,151.0,219.0,32.526315789473685,0.8576923076923076,0.8672763893161448,0.8923076923076924,0.9153846153846154,0.9754098360655737,1.0,0.0,0.0,0.7361991563740096,0.9444444444444444,0.049586776859504134,0.8886375288098487,206.41178065724247,238,22,6,9,3,0,0,8.0,121,0.5555555555555556,0.5384615384615384,0.5737704918032787,140,120,104,244,260,11,3
tagging_004_tagging_aria04_rgb,0.7562260138838763,0.8667133726542351,0.6554311989821628,0.7562260138838763,0.7562260138838763,0.7531884840528464,0.7531884840528464,0.7439464632534075,0.7439464632534075,0.7407218175440837,0.7407218175440837,0.7407218175440837,0.7377244330599905,0.726337346460402,0.7247655691203113,0.7169684715727229,0.6984353724433813,0.6702906818386508,0.6301645502958304,0.5708700578048606,0.3716258374230796,0.11179647870628309,0.6677824301967382,0.8540772532188842,0.8540772532188842,0.8461538461538461,0.8461538461538461,0.8227848101265823,0.8227848101265823,0.8151260504201681,0.8151260504201681,0.8151260504201681,0.8075313807531381,0.7925311203319502,0.7851239669421488,0.763265306122449,0.7349397590361446,0.7007874015748031,0.6425855513307985,0.5428571428571428,0.33746130030959753,0.09923664122137404,0.7209331337230881,0.6695855461779111,0.6695855461779111,0.6704370547843386,0.6704370547843386,0.672662321150662,0.672662321150662,0.6731091598691907,0.6731091598691907,0.6731091598691907,0.6739519380981893,0.6656722081047973,0.6690473763374414,0.6734798308084757,0.663744155194268,0.641121111980729,0.6179836437765127,0.6003285158649669,0.40924918772523744,0.12594594594594596,0.6202748019826295,0.8963963963963963,0.8963963963963963,0.8918918918918919,0.8918918918918919,0.8783783783783784,0.8783783783783784,0.8738738738738738,0.8738738738738738,0.8738738738738738,0.8693693693693694,0.8603603603603603,0.8558558558558559,0.8423423423423423,0.8243243243243243,0.8018018018018018,0.7612612612612613,0.6846846846846847,0.49099099099099097,0.17567567567567569,0.7958748221906117,0.9476190476190476,0.9476190476190476,0.9428571428571428,0.9428571428571428,0.9285714285714286,0.9285714285714286,0.9238095238095239,0.9238095238095239,0.9238095238095239,0.919047619047619,0.9095238095238095,0.9047619047619048,0.8904761904761904,0.8714285714285714,0.8476190476190476,0.8047619047619048,0.7238095238095238,0.5190476190476191,0.18571428571428572,0.8413533834586465,0.6726273528111666,0.6726273528111666,0.6737384425781555,0.6737384425781555,0.6767608347567862,0.6767608347567862,0.6774737177273802,0.6774737177273802,0.6774737177273802,0.6784596981965403,0.6743030598500425,0.6777170705564057,0.6824307834017938,0.6783507907105836,0.6662298449628432,0.6568118842643913,0.6574851164532606,0.5207572887437687,0.20302526982688926,0.6407497484442567,0.9740638122117438,0.9740638122117438,0.9691118847252098,0.9691118847252098,0.9555442198592883,0.9555442198592883,0.9514490869719651,0.9514490869719651,0.9514490869719651,0.948175075332787,0.9388941982734568,0.9420813607205101,0.933090282242359,0.9192484798929892,0.8971553573408274,0.8659653300955887,0.8313314149200955,0.6364418539861546,0.249144398512154,0.8849113076750158,0.8667133726542351,0.8667133726542351,0.8703960567067717,0.8703960567067717,0.8804628060678551,0.8804628060678551,0.8834362365631352,0.8834362365631352,0.8834362365631352,0.885660552282005,0.8896224350003706,0.8911737836687461,0.8955275962334571,0.900226231639284,0.9053664942951452,0.9122591548307372,0.9207830124646602,0.938718313945116,0.9637216002115534,0.8941322292167475,0.7747348389436172,0.7747348389436172,0.773277035211852,0.773277035211852,0.7686690047403724,0.7686690047403724,0.7669501346729645,0.7669501346729645,0.7669501346729645,0.7654496530861368,0.7567813296104233,0.7567087384743193,0.7531935861407317,0.7396894295951068,0.7169742413499408,0.6858913967241009,0.6411206911278325,0.4482607101268997,0.14874689627910287,0.702475201806588,199.0,199.0,198.0,198.0,195.0,195.0,194.0,194.0,194.0,193.0,191.0,190.0,187.0,183.0,178.0,169.0,152.0,109.0,39.0,176.68421052631578,23.0,23.0,24.0,24.0,27.0,27.0,28.0,28.0,28.0,29.0,31.0,32.0,35.0,39.0,44.0,53.0,70.0,113.0,183.0,45.31578947368421,11.0,11.0,12.0,12.0,15.0,15.0,16.0,16.0,16.0,17.0,19.0,20.0,23.0,27.0,32.0,41.0,58.0,101.0,171.0,33.31578947368421,0.7702702702702703,0.8863541461556975,0.7927927927927928,0.8693693693693694,0.919047619047619,0.6666666666666666,0.3333333333333333,0.0,0.6714700459822055,0.8935185185185185,0.14049586776859505,0.7896442792597477,171.0663502080496,193,29,17,5,2,1,0,7.0,121,0.7361111111111112,0.7162162162162162,0.7571428571428571,159,63,51,210,222,10,3
tagging_005_tagging_aria01_rgb,0.3836435693849575,0.8922595340361833,0.3423096324554003,0.3836435693849575,0.3833955735124809,0.3833955735124809,0.382257530327572,0.38202408315848824,0.38202408315848824,0.38202408315848824,0.3797410010934873,0.3766548620641597,0.37367809902220966,0.3685125247161286,0.36522333288181164,0.3623064161279358,0.35436388999799734,0.34223251610693595,0.32587832466445626,0.30130307368013975,0.23832101856410715,0.09536025070358299,0.34538630557031097,0.8990566037735849,0.8972667295004713,0.8972667295004713,0.8919172932330827,0.8901408450704226,0.8901408450704226,0.8901408450704226,0.8813084112149533,0.8725581395348837,0.8638888888888889,0.8484848484848485,0.8366788321167883,0.8266787658802178,0.7989276139410187,0.7596153846153846,0.7102803738317757,0.6419249592169658,0.48123620309050774,0.16224018475750576,0.7863027629890851,0.16370758827938775,0.16382215115765855,0.16382215115765855,0.1638277681134154,0.1639542786080527,0.1639542786080527,0.1639542786080527,0.16362402318694358,0.16258960714319196,0.16163574214786763,0.16005174531420086,0.1594256693979316,0.15878711850993504,0.15717790240729285,0.15418736567610067,0.14951375034229036,0.1414239170881274,0.11802293244914394,0.056050092816659604,0.15208065057957704,0.9076190476190477,0.9066666666666666,0.9066666666666666,0.9038095238095238,0.9028571428571428,0.9028571428571428,0.9028571428571428,0.8980952380952381,0.8933333333333333,0.8885714285714286,0.88,0.8733333333333333,0.8676190476190476,0.8514285714285714,0.8276190476190476,0.7961904761904762,0.7495238095238095,0.6228571428571429,0.26761904761904765,0.8289223057644111,0.9896157840083074,0.9885773624091381,0.9885773624091381,0.9854620976116303,0.9844236760124611,0.9844236760124611,0.9844236760124611,0.9792315680166147,0.9740394600207685,0.9688473520249221,0.9595015576323987,0.952232606438214,0.9460020768431984,0.9283489096573209,0.9023883696780893,0.8681204569055037,0.8172377985462098,0.6791277258566978,0.29179646936656284,0.9038093676558999,0.1690055583189109,0.1691256403129434,0.1691256403129434,0.1691358441786524,0.1692675583251137,0.1692675583251137,0.1692675583251137,0.16897185142976504,0.16788573511154803,0.16683994428668866,0.1652094196838515,0.16455267004442303,0.16398467236660155,0.16262766991584107,0.1600139671414125,0.1557505997043228,0.14817746579976568,0.12667027003322875,0.06420577309700976,0.15784659982701316,0.8479425445136675,0.8474545639931986,0.8474545639931986,0.8457925095144306,0.8455639151151843,0.8455639151151843,0.8455639151151843,0.8427154552907734,0.8409454302288129,0.8396632798534825,0.8347877188111075,0.8308366833592882,0.8277248651093656,0.8139902634986551,0.7953053346019443,0.7778270290007699,0.7512638885495385,0.6469694948218638,0.3392848972404824,0.7929815930382175,0.8922595340361833,0.8931287106544827,0.8931287106544827,0.8953428102561888,0.8960660775390411,0.8960660775390411,0.8960660775390411,0.8987768017415768,0.9012483158645301,0.903523736655482,0.9071895255276096,0.90976636894078,0.9116686335823494,0.9162015123415045,0.9216148913804609,0.9272625585524177,0.9336943124671646,0.944770091201185,0.9652002538330106,0.9106828947529754,0.3854661144149367,0.38539860367712425,0.38539860367712425,0.38479747541448744,0.38474315009272153,0.38474315009272153,0.38474315009272153,0.38334052233253246,0.3811124712136626,0.3789787623449813,0.3752939326401331,0.3731377108711924,0.3711694067885481,0.36582202900697597,0.35722318056887664,0.3450238021963878,0.32557732275708734,0.2711299070499147,0.12247478294960831,0.35503021464114415,953.0,952.0,952.0,949.0,948.0,948.0,948.0,943.0,938.0,933.0,924.0,917.0,911.0,894.0,869.0,836.0,787.0,654.0,281.0,870.3684210526316,97.0,98.0,98.0,101.0,102.0,102.0,102.0,107.0,112.0,117.0,126.0,133.0,139.0,156.0,181.0,214.0,263.0,396.0,769.0,179.6315789473684,10.0,11.0,11.0,14.0,15.0,15.0,15.0,20.0,25.0,30.0,39.0,46.0,52.0,69.0,94.0,127.0,176.0,309.0,682.0,92.63157894736842,0.8533333333333334,0.9055259775748079,0.8752380952380953,0.8961904761904762,0.9771547248182763,1.0,0.0,0.0,0.7686666141884707,0.934923000496771,0.049886621315192746,0.8739412115847451,852.0999448978943,941,109,22,23,3,0,0,26.0,441,0.2593144560357675,0.24857142857142858,0.27102803738317754,261,789,702,963,1050,23,3
tagging_005_tagging_aria02_rgb,0.6614336006483176,0.9160143281279292,0.6058826552991057,0.6614336006483176,0.6614336006483176,0.6614336006483176,0.6614336006483176,0.6614336006483176,0.6614336006483176,0.6614336006483176,0.6614336006483176,0.6602825127408126,0.6591475303565636,0.6573170052058499,0.6552847298385561,0.6521616412037733,0.6441334706593711,0.6310253793844663,0.6160171150443422,0.5788653444363631,0.4808985311721347,0.1998074061978087,0.617179445864557,0.9773539928486293,0.9773539928486293,0.9773539928486293,0.9773539928486293,0.9773539928486293,0.9773539928486293,0.9773539928486293,0.9773539928486293,0.975,0.9726516052318668,0.9679715302491103,0.9609929078014184,0.9540636042402827,0.9358226371061844,0.9025229357798165,0.8598654708520179,0.7686567164179104,0.5845272206303725,0.22164948453608246,0.8906608450333737,0.44763147361936073,0.44763147361936073,0.44763147361936073,0.44763147361936073,0.44763147361936073,0.44763147361936073,0.44763147361936073,0.44763147361936073,0.44715179141673994,0.4466917696306931,0.4463619350680634,0.44682751940591964,0.44579292655889097,0.44336171361134624,0.4411999004582135,0.4413214611950176,0.43593593841343226,0.3956417924115064,0.1801177189969825,0.42902401348008906,0.9820359281437125,0.9820359281437125,0.9820359281437125,0.9820359281437125,0.9820359281437125,0.9820359281437125,0.9820359281437125,0.9820359281437125,0.9808383233532935,0.9796407185628743,0.9772455089820359,0.9736526946107784,0.9700598802395209,0.9604790419161676,0.9425149700598803,0.918562874251497,0.8634730538922155,0.732934131736527,0.36047904191616764,0.9219035612984556,0.9951456310679612,0.9951456310679612,0.9951456310679612,0.9951456310679612,0.9951456310679612,0.9951456310679612,0.9951456310679612,0.9951456310679612,0.9939320388349514,0.9927184466019418,0.9902912621359223,0.9866504854368932,0.9830097087378641,0.9733009708737864,0.9550970873786407,0.9308252427184466,0.875,0.7427184466019418,0.36529126213592233,0.9342105263157895,0.4478132048959431,0.4478132048959431,0.4478132048959431,0.4478132048959431,0.4478132048959431,0.4478132048959431,0.4478132048959431,0.4478132048959431,0.4474870265490175,0.4471714758765401,0.44701014197921213,0.44758480206560414,0.4470059879537144,0.4457114450896287,0.4449368839082462,0.44618899525550576,0.4447160980886005,0.4207670701729969,0.2348382134840603,0.43452230418898274,0.9952788307992106,0.9952788307992106,0.9952788307992106,0.9952788307992106,0.9952788307992106,0.9952788307992106,0.9952788307992106,0.9952788307992106,0.9940679221835649,0.9928858059991452,0.9905364980842549,0.987105376784306,0.9836336283733416,0.9744930039134055,0.9590459383915004,0.9398935273923809,0.9012256499857187,0.8176188239274055,0.45082723817161047,0.9449244241894904,0.9160143281279292,0.9160143281279292,0.9160143281279292,0.9160143281279292,0.9160143281279292,0.9160143281279292,0.9160143281279292,0.9160143281279292,0.9166294252303198,0.9171680444998918,0.9180764578319032,0.9193139369020052,0.9204370280216667,0.9227639819715955,0.9265601791840561,0.9303687489080456,0.9369968711654085,0.946698157593243,0.9650129948403765,0.9235863395353654,0.6630159799447723,0.6630159799447723,0.6630159799447723,0.6630159799447723,0.6630159799447723,0.6630159799447723,0.6630159799447723,0.6630159799447723,0.6622564558972731,0.6615114860507972,0.6604583230044089,0.6595868542472807,0.6576061381627633,0.6525638925896345,0.6448546432885439,0.6366957749696207,0.6135298982471964,0.5384973292411122,0.25481103346628803,0.6287631404591105,820.0,820.0,820.0,820.0,820.0,820.0,820.0,820.0,819.0,818.0,816.0,813.0,810.0,802.0,787.0,767.0,721.0,612.0,301.0,769.7894736842105,15.0,15.0,15.0,15.0,15.0,15.0,15.0,15.0,16.0,17.0,19.0,22.0,25.0,33.0,48.0,68.0,114.0,223.0,534.0,65.21052631578948,4.0,4.0,4.0,4.0,4.0,4.0,4.0,4.0,5.0,6.0,8.0,11.0,14.0,22.0,37.0,57.0,103.0,212.0,523.0,54.21052631578947,0.9604790419161676,0.9171680444998918,0.9724550898203593,0.9796407185628743,0.9927184466019418,1.0,0.0,0.0,0.8793334855100736,0.9861362266425557,0.013605442176870748,0.9712574850299401,750.2434604009114,818,17,6,10,3,0,0,12.0,441,0.5750452079566004,0.5712574850299401,0.5788834951456311,477,358,347,824,835,13,3
tagging_005_tagging_aria03_rgb,0.4943835729391433,0.8827778511118034,0.43643086814419246,0.4943835729391433,0.4943835729391433,0.4943835729391433,0.4943835729391433,0.4943835729391433,0.4943835729391433,0.4931273547766783,0.4871861020690797,0.48359177454024244,0.4829548676025788,0.47947447014140476,0.47672712570013137,0.4690353858450914,0.4616042766446191,0.4427579476147336,0.41264993121931076,0.3404938218966827,0.23959728911463968,0.07660486472558753,0.43747929734345464,0.8967193195625759,0.8967193195625759,0.8967193195625759,0.8967193195625759,0.8967193195625759,0.8967193195625759,0.8944174757281553,0.880722891566265,0.8739495798319328,0.8717026378896883,0.8627684964200477,0.8561236623067776,0.8364705882352941,0.8172293364377182,0.771850170261067,0.7116228070175439,0.5704225352112676,0.37533039647577093,0.10007047216349542,0.7791051035221305,0.2725659098225966,0.2725659098225966,0.2725659098225966,0.2725659098225966,0.2725659098225966,0.2725659098225966,0.2718804077828117,0.26949486645812437,0.2675909569611029,0.26757450763908436,0.26646286746827824,0.26546252881966353,0.26300290323294756,0.2607328184587766,0.25398012169862627,0.23928401964652593,0.20324590210460497,0.1529502046466681,0.0586417269025963,0.2460894363555469,0.902200488997555,0.902200488997555,0.902200488997555,0.902200488997555,0.902200488997555,0.902200488997555,0.9009779951100244,0.8936430317848411,0.8899755501222494,0.8887530562347188,0.8838630806845966,0.8801955990220048,0.8691931540342298,0.8581907090464548,0.8312958435207825,0.793398533007335,0.6931540342298288,0.5207823960880196,0.17359413202933985,0.8152747394157767,0.9932705248990579,0.9932705248990579,0.9932705248990579,0.9932705248990579,0.9932705248990579,0.9932705248990579,0.9919246298788694,0.9838492597577388,0.9798115746971736,0.9784656796769852,0.9730820995962315,0.9690444145356663,0.9569313593539704,0.9448183041722745,0.9152086137281292,0.873485868102288,0.7631224764468372,0.5733512786002691,0.1911170928667564,0.8975703053056601,0.2775293699620224,0.2775293699620224,0.2775293699620224,0.2775293699620224,0.2775293699620224,0.2775293699620224,0.27694114908186196,0.27497554676939506,0.27329528303324335,0.27330881699800497,0.27237019968904697,0.2715465703961577,0.26952073717635966,0.2676021808880667,0.2623155131283406,0.2502888644702423,0.219973058090002,0.171601601335339,0.07172452613275074,0.2537179087874181,0.9401958807992256,0.9401958807992256,0.9401958807992256,0.9401958807992256,0.9401958807992256,0.9401958807992256,0.939185883679022,0.9319939082706552,0.9291692279568137,0.9277822530296566,0.9233257457357349,0.9196708091022651,0.9092007066163769,0.9016591128149121,0.8747204009977497,0.8385822748655307,0.7433653216722788,0.6177533648129793,0.27725341451739355,0.8618335636245643,0.8827778511118034,0.8827778511118034,0.8827778511118034,0.8827778511118034,0.8827778511118034,0.8827778511118034,0.8835178147158929,0.8876640601651955,0.889617262450788,0.8901932128424824,0.8922173241133388,0.8935020851353809,0.8968431258683585,0.8996800730724692,0.90529748822923,0.9114611458960759,0.9234108551635914,0.939232800671676,0.9641969322865195,0.8986053309095694,0.49589222329656485,0.49589222329656485,0.49589222329656485,0.49589222329656485,0.49589222329656485,0.49589222329656485,0.4949325860295052,0.4907465838007323,0.48800554210910013,0.48765526905257195,0.4853006191306207,0.4833828188633932,0.4781216612758776,0.47303116424271463,0.4594916968836004,0.4357150332036433,0.3753408011187803,0.28223000205159754,0.10089529068473807,0.4479053899066455,738.0,738.0,738.0,738.0,738.0,738.0,737.0,731.0,728.0,727.0,723.0,720.0,711.0,702.0,680.0,649.0,567.0,426.0,142.0,666.8947368421053,80.0,80.0,80.0,80.0,80.0,80.0,81.0,87.0,90.0,91.0,95.0,98.0,107.0,116.0,138.0,169.0,251.0,392.0,676.0,151.10526315789474,5.0,5.0,5.0,5.0,5.0,5.0,6.0,12.0,15.0,16.0,20.0,23.0,32.0,41.0,63.0,94.0,176.0,317.0,601.0,76.10526315789474,0.871638141809291,0.8903263186610996,0.8863080684596577,0.8973105134474327,0.9878869448183042,0.6666666666666666,0.3333333333333333,0.0,0.7732267944954121,0.9404228058936579,0.02040816326530612,0.8849887759828269,653.4995178972471,734,84,9,12,2,1,0,15.0,441,0.3779628443305573,0.3606356968215159,0.39703903095558546,295,523,448,743,818,14,3
tagging_005_tagging_aria04_rgb,0.518860638345093,0.8834961283509842,0.4584113651316099,0.518860638345093,0.518860638345093,0.518860638345093,0.5186286159957514,0.5181396071707488,0.517767357339677,0.5171084143706172,0.5145857676853369,0.5131061979134022,0.510636091050305,0.5080134184899984,0.5026768261378942,0.49124272240923933,0.4866238743403344,0.4738901688468326,0.4530618428680486,0.4134688463907284,0.32718083007127186,0.11906281563747056,0.47061975325015454,0.907439446366782,0.907439446366782,0.907439446366782,0.905790838375108,0.9041450777202072,0.902502157031924,0.9008620689655172,0.8927038626609443,0.8878424657534246,0.8797953964194374,0.8702290076335878,0.8529411764705882,0.8178070898598516,0.8,0.762589928057554,0.6974595842956121,0.5932080924855492,0.4189189189189189,0.11702127659574468,0.7855860673865429,0.2966769442322233,0.2966769442322233,0.2966769442322233,0.29695116127712456,0.2969309451929982,0.297044205642857,0.2968280288679014,0.29662525657165223,0.2965368074771342,0.29637483731368014,0.2965628944818609,0.29625019697331967,0.2950810959115017,0.2960034938474969,0.2944857830757118,0.2943038393691248,0.2881897416796355,0.2555322539320439,0.12113997112246333,0.2844669129175356,0.9082251082251083,0.9082251082251083,0.9082251082251083,0.9073593073593074,0.9064935064935065,0.9056277056277057,0.9047619047619048,0.9004329004329005,0.8978354978354979,0.8935064935064935,0.8883116883116883,0.8787878787878788,0.8588744588744589,0.8484848484848485,0.825974025974026,0.7844155844155845,0.7108225108225108,0.5636363636363636,0.2,0.8210526315789474,0.9990476190476191,0.9990476190476191,0.9990476190476191,0.9980952380952381,0.9971428571428571,0.9961904761904762,0.9952380952380953,0.9904761904761905,0.9876190476190476,0.9828571428571429,0.9771428571428571,0.9666666666666667,0.9447619047619048,0.9333333333333333,0.9085714285714286,0.8628571428571429,0.7819047619047619,0.62,0.22,0.9031578947368422,0.32279276727971823,0.32279276727971823,0.32279276727971823,0.32309191312092345,0.32311367273467484,0.3232587570310548,0.3229540062186357,0.3228316239950184,0.3227224540764774,0.3224234005004032,0.32253940439118234,0.3222873012912409,0.3213375745465628,0.3220988683460433,0.3203758336196873,0.319695114016328,0.31338337788078124,0.28670262308759414,0.16259287585117685,0.31156774223931255,0.8078321834206763,0.8078321834206763,0.8078321834206763,0.8071717179468412,0.8061946243830413,0.8050814373745221,0.804963937455781,0.8006002746440484,0.7985553263007203,0.7957237716875949,0.7922046547524414,0.7855245709534174,0.7703630355271723,0.766256086235475,0.7546755761208149,0.7386420013036044,0.711513825543056,0.6207828927838053,0.30708272856669694,0.7520438427284769,0.8834961283509842,0.8834961283509842,0.8834961283509842,0.8841690784762968,0.8848018513773387,0.8853799922272045,0.8859015105888504,0.8883253418970446,0.8896375091914459,0.8916743769470079,0.8937958512182791,0.8972489653022637,0.9035059133409387,0.9062514799788872,0.9111858899859023,0.918284689471464,0.9274680973529369,0.9401153779632736,0.9640087908614492,0.9011706895386071,0.5190852047431186,0.5190852047431186,0.5190852047431186,0.5190774508837325,0.518812079364419,0.5186631492851067,0.5182264879232286,0.5168086107220603,0.5159857286473938,0.5145996906836456,0.5132643427005065,0.5102363003439434,0.5034258799218345,0.5011531498735483,0.49319124874551395,0.48047530441686837,0.45260551893896445,0.3795092494235959,0.15565344270041914,0.48257596046337564,1049.0,1049.0,1049.0,1048.0,1047.0,1046.0,1045.0,1040.0,1037.0,1032.0,1026.0,1015.0,992.0,980.0,954.0,906.0,821.0,651.0,231.0,948.3157894736842,106.0,106.0,106.0,107.0,108.0,109.0,110.0,115.0,118.0,123.0,129.0,140.0,163.0,175.0,201.0,249.0,334.0,504.0,924.0,206.68421052631578,1.0,1.0,1.0,2.0,3.0,4.0,5.0,10.0,13.0,18.0,24.0,35.0,58.0,70.0,96.0,144.0,229.0,399.0,819.0,101.6842105263158,0.8770562770562771,0.8913211576494382,0.8883116883116883,0.8987012987012987,0.9885714285714285,1.0,0.0,0.0,0.7793864602944734,0.9414965986394558,0.027210884353741496,0.8873472351928079,925.1913616401168,1038,117,12,13,3,0,0,23.0,441,0.4163265306122449,0.3974025974025974,0.43714285714285717,459,696,591,1050,1155,13,3
tagging_006_tagging_aria01_rgb,0.6704015449917061,0.9296103010603985,0.6232121820710963,0.6704015449917061,0.6704015449917061,0.6704015449917061,0.6704015449917061,0.6698832051821476,0.6698832051821476,0.6698832051821476,0.6679531872958215,0.6679531872958215,0.6679531872958215,0.6679531872958215,0.6679531872958215,0.6649656040577959,0.6607687219357081,0.6586805572833276,0.6441131279546884,0.5954906988688465,0.49319919415085517,0.20572567790892032,0.629156069165922,0.9877112135176651,0.9877112135176651,0.9877112135176651,0.9877112135176651,0.9846625766871165,0.9846625766871165,0.9846625766871165,0.9816232771822359,0.9816232771822359,0.9816232771822359,0.9816232771822359,0.9816232771822359,0.9755725190839695,0.969558599695586,0.9606060606060606,0.937125748502994,0.8645533141210374,0.6981627296587927,0.2773938795656466,0.920837990593541,0.45502999801594174,0.45502999801594174,0.45502999801594174,0.45502999801594174,0.4557332828621339,0.4557332828621339,0.4557332828621339,0.45451393705674936,0.45451393705674936,0.45451393705674936,0.45451393705674936,0.45451393705674936,0.4532510356022955,0.4503237906668396,0.451652445612665,0.4427172364715441,0.4101646094547987,0.3484079495763578,0.15257385857739833,0.42994633957346384,0.9953560371517027,0.9953560371517027,0.9953560371517027,0.9953560371517027,0.9938080495356038,0.9938080495356038,0.9938080495356038,0.9922600619195047,0.9922600619195047,0.9922600619195047,0.9922600619195047,0.9922600619195047,0.9891640866873065,0.9860681114551083,0.9814241486068112,0.9690402476780186,0.9287925696594427,0.8235294117647058,0.43498452012383904,0.9493237738308619,0.9922839506172839,0.9922839506172839,0.9922839506172839,0.9922839506172839,0.9907407407407407,0.9907407407407407,0.9907407407407407,0.9891975308641975,0.9891975308641975,0.9891975308641975,0.9891975308641975,0.9891975308641975,0.9861111111111112,0.9830246913580247,0.9783950617283951,0.9660493827160493,0.9259259259259259,0.8209876543209876,0.43364197530864196,0.9463937621832358,0.45624677235461153,0.45624677235461153,0.45624677235461153,0.45624677235461153,0.4569519524879357,0.4569519524879357,0.4569519524879357,0.4561153403405175,0.4561153403405175,0.4561153403405175,0.4561153403405175,0.4561153403405175,0.4554159283704135,0.45340124187104375,0.45477401380963967,0.44863387832273327,0.42745112584606215,0.3834641541849657,0.20170172424590513,0.4369085113281897,0.9924661341768651,0.9924661341768651,0.9924661341768651,0.9924661341768651,0.9924543991833712,0.9924543991833712,0.9924543991833712,0.9908931778421416,0.9908931778421416,0.9908931778421416,0.9908931778421416,0.9908931778421416,0.9878540179546215,0.9847709978591342,0.9804109005010312,0.968257386915534,0.9286171472999672,0.8293963806117718,0.472206596334355,0.9501687921549842,0.9296103010603985,0.9296103010603985,0.9296103010603985,0.9296103010603985,0.9307431676299375,0.9307431676299375,0.9307431676299375,0.9315875842408705,0.9315875842408705,0.9315875842408705,0.9315875842408705,0.9315875842408705,0.9324756164989698,0.9332852246205424,0.9342406356745021,0.936288758838448,0.9407730529224813,0.9482919684271821,0.9638697465382545,0.9346228227292703,0.6729909773617287,0.6729909773617287,0.6729909773617287,0.6729909773617287,0.6729869277702761,0.6729869277702761,0.6729869277702761,0.6715623778378357,0.6715623778378357,0.6715623778378357,0.6715623778378357,0.6715623778378357,0.6695816952931288,0.6663707149974074,0.6657797059850907,0.6549891758508022,0.6172178234617697,0.5356530535419034,0.2576184517008285,0.6387340633040975,643.0,643.0,643.0,643.0,642.0,642.0,642.0,641.0,641.0,641.0,641.0,641.0,639.0,637.0,634.0,626.0,600.0,532.0,281.0,613.2631578947369,3.0,3.0,3.0,3.0,4.0,4.0,4.0,5.0,5.0,5.0,5.0,5.0,7.0,9.0,12.0,20.0,46.0,114.0,365.0,32.73684210526316,5.0,5.0,5.0,5.0,6.0,6.0,6.0,7.0,7.0,7.0,7.0,7.0,9.0,11.0,14.0,22.0,48.0,116.0,367.0,34.73684210526316,0.9705882352941176,0.9315875842408705,0.9814241486068112,0.9922600619195047,0.9891975308641975,1.0,0.0,0.0,0.9027053273969009,0.990726429675425,0.018867924528301886,0.9801159473064794,597.147641498398,641,5,7,7,3,0,0,10.0,371,0.5965996908809892,0.5975232198142415,0.595679012345679,386,260,262,648,646,11,3
tagging_006_tagging_aria02_rgb,0.9321036122518056,0.896475995146015,0.8356085133726326,0.9321036122518056,0.9284338976573902,0.9230087842387884,0.9212213279343439,0.9194442166368971,0.9194442166368971,0.9194442166368971,0.9124378995215885,0.9107115268707774,0.9072885819699511,0.889011511980981,0.8761638871395245,0.8553620771860051,0.8263113955522322,0.7861471005324113,0.7366731565537888,0.6714264997159717,0.5755172519241373,0.21904991857202694,0.8225895305006535,0.9707271010387157,0.9670122525918945,0.9614661654135338,0.9596244131455399,0.9577861163227017,0.9577861163227017,0.9577861163227017,0.9504672897196261,0.9486461251167133,0.9450139794967382,0.9252767527675276,0.9111721611721612,0.8869801084990958,0.8518189884649512,0.8053633217993079,0.7464435146443514,0.6722756410256411,0.5762839879154078,0.22118197776477472,0.8512164278707413,0.8950168827502564,0.8913946023009456,0.8860896476950265,0.8843550908207324,0.882637212108229,0.882637212108229,0.882637212108229,0.8759301129962677,0.8742938628176664,0.8710691998560917,0.8541676488367155,0.8425006709378554,0.8248711285374931,0.8015676237153658,0.767389384327495,0.7270306847605079,0.6705784309439934,0.5747515360619917,0.21693841112787693,0.7950450818321563,0.9725638599810785,0.9706717123935666,0.967833491012299,0.9668874172185431,0.9659413434247871,0.9659413434247871,0.9659413434247871,0.9621570482497634,0.9612109744560076,0.9593188268684958,0.9489120151371807,0.9413434247871334,0.9280983916745507,0.9082308420056765,0.8807947019867549,0.8438978240302744,0.793755912961211,0.7218543046357616,0.3576158940397351,0.8938405616690733,0.9980582524271845,0.996116504854369,0.9932038834951457,0.9922330097087378,0.9912621359223301,0.9912621359223301,0.9912621359223301,0.987378640776699,0.9864077669902913,0.9844660194174757,0.9737864077669903,0.9660194174757282,0.9524271844660194,0.9320388349514563,0.903883495145631,0.8660194174757282,0.8145631067961165,0.7407766990291262,0.36699029126213595,0.917271333673991,0.8959718321523162,0.8940536485892605,0.8912042039056094,0.8902618540911473,0.8893232550955741,0.8893232550955741,0.8893232550955741,0.8856065885894183,0.8846869100348803,0.8828590172116185,0.8732426168170442,0.8663704853220064,0.8564917328364657,0.8430569302128331,0.8219684708593163,0.7967701849182808,0.758155045815509,0.6912418132481023,0.3419250686740803,0.8285176930823478,0.998154423397614,0.996213322090515,0.9933318717776196,0.9923794893951451,0.9914311773763292,0.9914311773763292,0.9914311773763292,0.9876788730771032,0.9867510933947943,0.9849079749967324,0.9746763128160174,0.9674014225943979,0.954281518790173,0.9351801640155378,0.9095897281541805,0.8766967978394866,0.8315963108278458,0.7586694491188418,0.38440099510300785,0.9213791199746314,0.896475995146015,0.8980588859028766,0.9003128894441278,0.9010247106782118,0.9016799087342507,0.9016799087342507,0.9016799087342507,0.9037922720189486,0.9042535343888448,0.9050911254472219,0.9092768928383299,0.9119802437974337,0.9159407027573122,0.921087964228875,0.9272318252381282,0.9339318519101205,0.9408207971411519,0.947176946274133,0.9653480232836479,0.9150970729841122,0.9329850343043139,0.930188972754376,0.9260600612695353,0.9247009298512292,0.9233502988684908,0.9233502988684908,0.9233502988684908,0.9180317706885588,0.916722889339999,0.9141296860551161,0.9002943657063702,0.890551776690215,0.8749637522402964,0.8532341049275374,0.8221389809980642,0.7832876948303433,0.7295721997623305,0.64411712475478,0.2785329852047246,0.8426085908412244,1028.0,1026.0,1023.0,1022.0,1021.0,1021.0,1021.0,1017.0,1016.0,1014.0,1003.0,995.0,981.0,960.0,931.0,892.0,839.0,763.0,378.0,944.7894736842105,29.0,31.0,34.0,35.0,36.0,36.0,36.0,40.0,41.0,43.0,54.0,62.0,76.0,97.0,126.0,165.0,218.0,294.0,679.0,112.21052631578948,2.0,4.0,7.0,8.0,9.0,9.0,9.0,13.0,14.0,16.0,27.0,35.0,49.0,70.0,99.0,138.0,191.0,267.0,652.0,85.21052631578948,0.9621570482497634,0.9047459860904313,0.9668874172185431,0.9706717123935666,0.996116504854369,1.0,0.0,0.0,0.8696966714558018,0.9832295160517489,0.01078167115902965,0.9662261400148192,928.2693817287825,1026,31,4,5,3,0,0,10.0,371,0.9295639674173455,0.9176915799432356,0.941747572815534,970,87,60,1030,1057,7,3
tagging_006_tagging_aria03_rgb,0.551121692968281,0.8958022442277491,0.4936960494035826,0.551121692968281,0.551121692968281,0.551121692968281,0.5489454512904527,0.5486684171217204,0.5472620784255587,0.5469865421442097,0.5458884412949054,0.5441605188587981,0.5420692479535362,0.5390016017917837,0.5367087210322732,0.5329496144274837,0.529940210501422,0.5205439131783535,0.49502263402134883,0.4557689188800284,0.31881314146433765,0.08074269948159679,0.49930722267224487,0.9388164493480441,0.9388164493480441,0.9388164493480441,0.933,0.9310689310689311,0.9272183449651047,0.9252988047808764,0.9214711729622267,0.9157581764122894,0.9081934846989141,0.8969578017664377,0.8913894324853229,0.8803501945525292,0.8712487899322362,0.8515325670498084,0.8048552754435108,0.7274352100089365,0.47782874617737003,0.1102814474439977,0.8310704067259275,0.32352982382355067,0.32352982382355067,0.32352982382355067,0.32298082367896974,0.323324108346353,0.3230045912151725,0.3233488206631075,0.32338959598858436,0.32335028822211953,0.32354236682762183,0.32389787586658275,0.32315421378617415,0.3226389830728385,0.32233803931955457,0.31820975031620097,0.3044614549595917,0.28555849999963295,0.2127159991597289,0.05911586826865032,0.3002958290085018,0.9445005045408678,0.9445005045408678,0.9445005045408678,0.941473259334006,0.9404641775983855,0.9384460141271443,0.9374369323915237,0.9354187689202825,0.9323915237134208,0.9283551967709385,0.922300706357215,0.9192734611503531,0.9132189707366297,0.9081735620585267,0.8970736629667003,0.8698284561049445,0.8213925327951564,0.6306760847628657,0.19374369323915236,0.8664825535078867,0.9936305732484076,0.9936305732484076,0.9936305732484076,0.9904458598726115,0.9893842887473461,0.9872611464968153,0.9861995753715499,0.9840764331210191,0.9808917197452229,0.9766454352441614,0.970276008492569,0.9670912951167728,0.9607218683651805,0.9554140127388535,0.9437367303609342,0.9150743099787686,0.8641188959660298,0.6634819532908705,0.20382165605095542,0.9115543636160465,0.3260527723977378,0.3260527723977378,0.3260527723977378,0.3256644902812087,0.32601065441919513,0.32578355702601225,0.326130777825735,0.326209606302262,0.32621373063845466,0.32643972073567157,0.326850639699397,0.32636243643268464,0.32607803383956335,0.3259686632426137,0.3227424193972921,0.31233072245483984,0.2975886774887938,0.23586246338854944,0.07616793870884428,0.30581909731970164,0.9229260449876769,0.9229260449876769,0.9229260449876769,0.919591402045515,0.9195051267258214,0.9174108725180633,0.9173219714120547,0.9162423249744581,0.9146683333476487,0.9132150279646883,0.9112003407459508,0.9093215824277158,0.9059000068889572,0.9038045604986579,0.8940991051167514,0.8691001365550765,0.8274154078103594,0.6600403082257466,0.245509916302209,0.8585855030801423,0.8958022442277491,0.8958022442277491,0.8958022442277491,0.8980721693772162,0.8987821808309787,0.9001499803506604,0.9007838501267097,0.9019333232020973,0.9034708479496852,0.9053493578518951,0.9078097984544619,0.9088906062249258,0.9107203834626806,0.9119928014766086,0.9142423062219237,0.9185588595223643,0.9239004096582681,0.9371858070221746,0.962779708406141,0.9101067959380021,0.5527875557891673,0.5527875557891673,0.5527875557891673,0.5514325060888428,0.5514297250363678,0.5505655012536168,0.5505625546065046,0.5500042706754822,0.5490802017270299,0.5480531339386647,0.546563115933879,0.5450386156893267,0.5428075534121559,0.541053495835487,0.5342823095591632,0.5146156209356326,0.48430942544605116,0.36627161167155564,0.10702021606877613,0.51007644869716,936.0,936.0,936.0,933.0,932.0,930.0,929.0,927.0,924.0,920.0,914.0,911.0,905.0,900.0,889.0,862.0,814.0,625.0,192.0,858.6842105263158,55.0,55.0,55.0,58.0,59.0,61.0,62.0,64.0,67.0,71.0,77.0,80.0,86.0,91.0,102.0,129.0,177.0,366.0,799.0,132.31578947368422,6.0,6.0,6.0,9.0,10.0,12.0,13.0,15.0,18.0,22.0,28.0,31.0,37.0,42.0,53.0,80.0,128.0,317.0,750.0,83.3157894736842,0.9112008072653885,0.9043943708396692,0.9243188698284561,0.9374369323915237,0.9861995753715499,1.0,0.0,0.0,0.8215765595459664,0.9612002069322297,0.03504043126684636,0.9231948099371273,840.1823705100527,929,62,13,13,3,0,0,16.0,371,0.45318158303155714,0.4419778002018164,0.46496815286624205,438,553,504,942,991,13,3
tagging_006_tagging_aria04_rgb,0.5354088051479438,0.9018145550440744,0.4828394533811724,0.5354088051479438,0.5354088051479438,0.5354088051479438,0.5354088051479438,0.5342421235740442,0.5342421235740442,0.5333915684505626,0.5333915684505626,0.531800792124866,0.5293940696631116,0.5236372750917626,0.5156545812000201,0.5043856414969149,0.49892491054340643,0.4900622431775636,0.4802899683831632,0.4428043506677888,0.35640303644408644,0.12834677593560403,0.4883476973352251,0.9544895448954489,0.9544895448954489,0.9544895448954489,0.9544895448954489,0.952088452088452,0.952088452088452,0.9473039215686274,0.9473039215686274,0.9378048780487804,0.9307411907654921,0.9190821256038647,0.9029940119760479,0.8782505910165485,0.8628370457209847,0.8391203703703703,0.8139269406392694,0.7366120218579235,0.5472249269717624,0.1564774381368268,0.8495691825265169,0.30033077906720146,0.30033077906720146,0.30033077906720146,0.30033077906720146,0.29977744817178853,0.29977744817178853,0.3003329330918853,0.3003329330918853,0.30156815039505935,0.3011127945932768,0.2983367734253032,0.29446446331431614,0.28967230759707024,0.2884971937577669,0.28620566329741626,0.28341420121604755,0.2661858443143096,0.23212232872776167,0.10527329108404716,0.28149457318518567,0.9615861214374225,0.9615861214374225,0.9615861214374225,0.9615861214374225,0.9603469640644362,0.9603469640644362,0.9578686493184635,0.9578686493184635,0.952912019826518,0.9491945477075588,0.942998760842627,0.9343246592317225,0.9206939281288724,0.9120198265179678,0.8983890954151177,0.8835192069392813,0.8351920693928129,0.6964064436183395,0.2664188351920694,0.888149742385704,0.9923273657289002,0.9923273657289002,0.9923273657289002,0.9923273657289002,0.9910485933503836,0.9910485933503836,0.9884910485933504,0.9884910485933504,0.9833759590792839,0.979539641943734,0.9731457800511509,0.9641943734015346,0.9501278772378516,0.9411764705882353,0.9271099744245525,0.9117647058823529,0.8618925831202046,0.7186700767263428,0.2749360613810742,0.9165432763494414,0.30115207021225215,0.30115207021225215,0.30115207021225215,0.30115207021225215,0.3007179042873378,0.3007179042873378,0.3012795969416911,0.3012795969416911,0.3025204907097371,0.3022724495824779,0.3000957151607371,0.29702679720289055,0.29307976199594715,0.29216518054398327,0.29046173922330354,0.28819702021905014,0.2745625177346516,0.2466080315035484,0.12965895074233136,0.2855395756803013,0.9852707525824371,0.9852707525824371,0.9852707525824371,0.9852707525824371,0.9840565009219324,0.9840565009219324,0.9818259773896377,0.9818259773896377,0.9797308439320264,0.9770807041631813,0.9711188687786462,0.962712584784859,0.9504448460438031,0.946949022934058,0.936665275646975,0.9257512240508967,0.8813001697873503,0.7724010323272468,0.3527771530648919,0.9226199838140432,0.9018145550440744,0.9018145550440744,0.9018145550440744,0.9018145550440744,0.9026649957264128,0.9026649957264128,0.9041649728550037,0.9041649728550037,0.9067010484330873,0.9084163639814098,0.9108752547150608,0.913968599560104,0.918176553125353,0.9204934703567885,0.9235730245168251,0.9261068182943244,0.9317464791279714,0.9418833575919264,0.9628156807671513,0.9150355162004806,0.5373954865753058,0.5373954865753058,0.5373954865753058,0.5373954865753058,0.5365541559309377,0.5365541559309377,0.5363576241339136,0.5363576241339136,0.5360670809780276,0.5346163324038319,0.5304066436743119,0.5245239835717719,0.516429602900242,0.5129475222689736,0.5070740054000497,0.500401728907617,0.4715043013122376,0.4020590571467177,0.16747175161037609,0.49994250087395165,776.0,776.0,776.0,776.0,775.0,775.0,773.0,773.0,769.0,766.0,761.0,754.0,743.0,736.0,725.0,713.0,674.0,562.0,215.0,716.7368421052631,31.0,31.0,31.0,31.0,32.0,32.0,34.0,34.0,38.0,41.0,46.0,53.0,64.0,71.0,82.0,94.0,133.0,245.0,592.0,90.26315789473684,6.0,6.0,6.0,6.0,7.0,7.0,9.0,9.0,13.0,16.0,21.0,28.0,39.0,46.0,57.0,69.0,108.0,220.0,567.0,65.26315789473684,0.9157372986369269,0.908404674278933,0.9318463444857497,0.9504337050805453,0.9808184143222506,1.0,0.0,0.0,0.8286820138437938,0.9653870358716173,0.04043126684636118,0.9304659933676496,696.7463851719416,767,40,15,13,3,0,0,17.0,371,0.4254247954688483,0.4188351920693928,0.4322250639386189,338,469,444,782,807,15,3
tagging_007_tagging_aria01_rgb,0.36874976783949287,0.8945941957070176,0.3298814019775206,0.36874976783949287,0.3685052336525203,0.3685052336525203,0.3685052336525203,0.36798005079277313,0.36798005079277313,0.36635847856258147,0.36490476678105066,0.36282539332925523,0.3594570532114794,0.3558234238992979,0.353105093500117,0.3460958051293045,0.3355054278115187,0.32741303382652376,0.3100022113486168,0.2828976591990311,0.2153476213591516,0.08387137630360535,0.3302017323496913,0.9555416405760802,0.9543178973717147,0.9543178973717147,0.9543178973717147,0.9530956848030019,0.9530956848030019,0.949438202247191,0.9457943925233645,0.9409571162212554,0.9313543599257885,0.9194837123540258,0.9112607099143207,0.8858695652173914,0.8556149732620321,0.8305978898007034,0.7714123652864435,0.6808396124865447,0.4793936522974893,0.14186471663619743,0.8404509458142092,0.1423029468393465,0.14229651105076663,0.14229651105076663,0.14229651105076663,0.14207316216046034,0.14207316216046034,0.14136626743795697,0.14078692987835997,0.13990251391390143,0.13873277311309942,0.13769717428846753,0.13682495656753316,0.13521438260350108,0.1315590488813448,0.12906280648655413,0.12457846848922079,0.11754763399856202,0.0967359450897915,0.04958532276281382,0.13015436988545653,0.9573400250941029,0.9567126725219574,0.9567126725219574,0.9567126725219574,0.9560853199498118,0.9560853199498118,0.9542032622333751,0.9523212045169385,0.9498117942283564,0.944792973651192,0.9385194479297365,0.9341279799247177,0.9203262233375157,0.903387703889586,0.8889585947302384,0.8531994981179423,0.7936010037641155,0.6348808030112923,0.24341279799247176,0.876378524730899,0.9980379332897319,0.9973839110529757,0.9973839110529757,0.9973839110529757,0.9967298888162197,0.9967298888162197,0.9947678221059516,0.9928057553956835,0.9901896664486592,0.9849574885546108,0.9784172661870504,0.973839110529758,0.9594506213211249,0.9417920209287116,0.9267495094833225,0.8894702419882276,0.8273381294964028,0.6618705035971223,0.2537606278613473,0.9136346425252143,0.14609944650179937,0.14609893381902916,0.14609893381902916,0.14609893381902916,0.1459088786759396,0.1459088786759396,0.1453087931879997,0.14477910034786448,0.14402022669532086,0.14302452729048828,0.14206863617273638,0.14123138897696447,0.13992142538536523,0.13668100782251824,0.13448212327656128,0.1303665554104127,0.12381814554284647,0.10438285658480984,0.05675750815286909,0.1348977000082907,0.9015555496018545,0.9008529807996438,0.9008529807996438,0.9008529807996438,0.900137775611144,0.900137775611144,0.8979943064497854,0.8966153259923774,0.8938666006343235,0.8893290076729935,0.8844756329876213,0.8813797294180713,0.8698509994229867,0.8541961781293768,0.8398615392409107,0.8122735409758433,0.7722257443677435,0.6586302131820712,0.33704021835957054,0.8364278463187763,0.8945941957070176,0.8951214769002843,0.8951214769002843,0.8951214769002843,0.8955613947917758,0.8955613947917758,0.8966922786243842,0.8977049880328389,0.8989395114202786,0.9011761105262607,0.9037118319560961,0.9052323049814924,0.9094554877380494,0.9137995174772581,0.9168057460367414,0.9225268113211068,0.9294824700914189,0.942080426210381,0.9643655502708839,0.9091081289830848,0.3690966088954825,0.36896730936212924,0.36896730936212924,0.36896730936212924,0.3685567319972126,0.3685567319972126,0.3672766716782517,0.3661616837436729,0.36452854175992905,0.3620410877958486,0.3594877967256987,0.35750807023299064,0.35276244426298276,0.34474458240096517,0.33872037300143,0.3260219115202306,0.3054274387335815,0.24782210252248105,0.10986219619621806,0.3376566790289777,1526.0,1525.0,1525.0,1525.0,1524.0,1524.0,1521.0,1518.0,1514.0,1506.0,1496.0,1489.0,1467.0,1440.0,1417.0,1360.0,1265.0,1012.0,388.0,1396.9473684210527,68.0,69.0,69.0,69.0,70.0,70.0,73.0,76.0,80.0,88.0,98.0,105.0,127.0,154.0,177.0,234.0,329.0,582.0,1206.0,197.05263157894737,3.0,4.0,4.0,4.0,5.0,5.0,8.0,11.0,15.0,23.0,33.0,40.0,62.0,89.0,112.0,169.0,264.0,517.0,1141.0,132.05263157894737,0.9127979924717692,0.901072822021508,0.9316185696361355,0.9454203262233375,0.9856115107913669,1.0,0.0,0.0,0.819270227594989,0.9650976625040025,0.030726256983240222,0.9306918938176163,1357.9167427864124,1507,87,22,30,3,0,0,36.0,716,0.22350304194684598,0.2189460476787955,0.22825376062786135,349,1245,1180,1529,1594,30,3
tagging_007_tagging_aria02_rgb,0.6600219692807345,0.9044009606260224,0.5969245030517754,0.6600219692807345,0.6600219692807345,0.6600219692807345,0.6600219692807345,0.6600219692807345,0.6600219692807345,0.6597415276093198,0.6586445162355682,0.6578482516759446,0.6557171184441758,0.6527164151180439,0.6509570484980982,0.6458337849659624,0.6331610638647274,0.6188793843994111,0.5912935396074602,0.530414876469129,0.3862604896890251,0.11199301293418586,0.6007154129050241,0.9778443113772455,0.9778443113772455,0.9778443113772455,0.9778443113772455,0.9778443113772455,0.9778443113772455,0.9766606822262118,0.9719402985074627,0.968414779499404,0.9614014251781473,0.9532820816085157,0.9486725663716814,0.9372434017595308,0.9136732329084588,0.8841985168282943,0.8360200111172874,0.7347689075630253,0.5284590467376215,0.146875,0.8751934641352165,0.44549934469594343,0.44549934469594343,0.44549934469594343,0.44549934469594343,0.44549934469594343,0.44549934469594343,0.44566029038882227,0.4463366725645185,0.4468790970505457,0.4472272748514606,0.44691778727832204,0.4466715851287048,0.44502983645488176,0.4387705783151459,0.43317386892764087,0.4182053603169899,0.38289581701663017,0.28232493476241205,0.08539530176052235,0.4125518143680136,0.9819603126879134,0.9819603126879134,0.9819603126879134,0.9819603126879134,0.9819603126879134,0.9819603126879134,0.9813589897775106,0.9789536981358989,0.9771497294046904,0.973541791942273,0.9693325315694528,0.9669272399278412,0.9609140108238123,0.9482862297053518,0.9320505111244738,0.9043896572459411,0.841250751653638,0.6867107636800962,0.25435959110042095,0.9087888090641517,0.9957317073170732,0.9957317073170732,0.9957317073170732,0.9957317073170732,0.9957317073170732,0.9957317073170732,0.9951219512195122,0.9926829268292683,0.9908536585365854,0.9871951219512195,0.9829268292682927,0.9804878048780488,0.974390243902439,0.9615853658536585,0.9451219512195121,0.9170731707317074,0.8530487804878049,0.6963414634146341,0.2579268292682927,0.9215340179717586,0.4487907582516607,0.4487907582516607,0.4487907582516607,0.4487907582516607,0.4487907582516607,0.4487907582516607,0.44895828158995404,0.449657038755164,0.4502117016088304,0.4507958641507544,0.45094850689726224,0.4509918812710294,0.45021132302280265,0.44651963936370964,0.4436197126303636,0.4339254788835392,0.4094179597037152,0.3272145297586225,0.11505201299897663,0.4221193936918257,0.9874961535166259,0.9874961535166259,0.9874961535166259,0.9874961535166259,0.9874961535166259,0.9874961535166259,0.9868937686625955,0.9847103259837402,0.9834332301149681,0.9821930080725586,0.9793322907096822,0.9779914441818428,0.9735355507184622,0.9637059785364996,0.9515360440844327,0.9286363163807635,0.8767774204918486,0.7481454926045892,0.34796327189967485,0.9268332138706007,0.9044009606260224,0.9044009606260224,0.9044009606260224,0.9044009606260224,0.9044009606260224,0.9044009606260224,0.9047421114334754,0.9060273746079931,0.9069041066272501,0.9085067636399486,0.9101806923156185,0.9110359453132157,0.912816609525725,0.9160109991358629,0.9193333348013326,0.9236825740335712,0.9306374526171772,0.942014200167062,0.9635671042488927,0.9148350016959609,0.6614096127362296,0.6614096127362296,0.6614096127362296,0.6614096127362296,0.6614096127362296,0.6614096127362296,0.6613264945243965,0.6610165929995306,0.6608084357509013,0.6598442562941276,0.6581883849977255,0.6571901726005132,0.6539383801889331,0.6450427097612269,0.6354053241355265,0.6149964247664353,0.5675485828281787,0.4403130381406271,0.14738084691608852,0.6121819642274521,1633.0,1633.0,1633.0,1633.0,1633.0,1633.0,1632.0,1628.0,1625.0,1619.0,1612.0,1608.0,1598.0,1577.0,1550.0,1504.0,1399.0,1142.0,423.0,1511.3157894736842,30.0,30.0,30.0,30.0,30.0,30.0,31.0,35.0,38.0,44.0,51.0,55.0,65.0,86.0,113.0,159.0,264.0,521.0,1240.0,151.68421052631578,7.0,7.0,7.0,7.0,7.0,7.0,8.0,12.0,15.0,21.0,28.0,32.0,42.0,63.0,90.0,136.0,241.0,498.0,1217.0,128.68421052631578,0.9500901984365604,0.9085067636399486,0.9609140108238123,0.973541791942273,0.9871951219512195,1.0,0.0,0.0,0.8610177091599981,0.9803209203754163,0.029329608938547486,0.960159186707695,1470.8724503330768,1619,44,21,18,3,0,0,27.0,716,0.6291250378443839,0.6247745039085989,0.6335365853658537,1039,624,601,1640,1663,20,3
tagging_007_tagging_aria03_rgb,0.3974074877762236,0.9027042169586701,0.35874141506654816,0.3974074877762236,0.3974074877762236,0.3974074877762236,0.396687565245785,0.396687565245785,0.396687565245785,0.396687565245785,0.39623554772787495,0.39431897946039,0.39417557679851706,0.3923012469201743,0.3881403220880775,0.38599931542598426,0.3821778183057963,0.37442382383431483,0.3631996289811763,0.3230619067974379,0.23992834614015066,0.07367895134507071,0.36245337832298813,0.9169457468184863,0.9169457468184863,0.9169457468184863,0.91438127090301,0.91438127090301,0.91438127090301,0.91438127090301,0.9131016042780749,0.9092728485657104,0.908,0.9016611295681063,0.8878627968337731,0.8779527559055118,0.86328125,0.8405144694533762,0.8056782334384858,0.702558001189768,0.490625,0.12721543914927136,0.8229518869710304,0.17223779257233723,0.17223779257233723,0.17223779257233723,0.1720956338762548,0.1720956338762548,0.1720956338762548,0.1720956338762548,0.17194429245071802,0.17100198010745601,0.1711171644762595,0.17068526443947013,0.16968039450226227,0.16970784647250867,0.16919154076956752,0.16679451092125028,0.16373033925600755,0.14855569995196077,0.11733118222990666,0.042672398158682075,0.15986886983989898,0.9231287929871881,0.9231287929871881,0.9231287929871881,0.9217801753202967,0.9217801753202967,0.9217801753202967,0.9217801753202967,0.921105866486851,0.9190829399865138,0.9184086311530681,0.9150370869858395,0.9076196898179366,0.9022252191503709,0.8941335131490222,0.8813216453135536,0.8610923803101821,0.7963587322993931,0.6351989211058665,0.21780175320296696,0.8539943925897008,0.9927483683828862,0.9927483683828862,0.9927483683828862,0.9912980420594634,0.9912980420594634,0.9912980420594634,0.9912980420594634,0.990572878897752,0.9883973894126178,0.9876722262509064,0.9840464104423495,0.9760696156635243,0.9702683103698332,0.9615663524292966,0.9477882523567803,0.9260333575054387,0.8564176939811458,0.6831036983321247,0.23422770123277736,0.9184000610663716,0.1733707315237783,0.1733707315237783,0.1733707315237783,0.17327188493409648,0.17327188493409648,0.17327188493409648,0.17327188493409648,0.17314335980644768,0.17236207636932288,0.17247828603843235,0.1721194418920314,0.17134806838221997,0.17138804847473482,0.1710226791827829,0.1690805448121153,0.16652488182546413,0.1534268422592523,0.12465935004854004,0.047894367524575494,0.16203408846966527,0.9405200074341751,0.9405200074341751,0.9405200074341751,0.9402565194639431,0.9402565194639431,0.9402565194639431,0.9402565194639431,0.93948953901902,0.9371857664097527,0.9365889865025645,0.9327946336617662,0.9255992856063502,0.9228246897328389,0.9152807163993091,0.904587700444713,0.8853838484092466,0.82532397764122,0.6846591287764838,0.31994416754814603,0.8795920284373531,0.9027042169586701,0.9027042169586701,0.9027042169586701,0.9037810745798518,0.9037810745798518,0.9037810745798518,0.9037810745798518,0.9041744549485424,0.9052273403928659,0.9055339177169263,0.906904860579792,0.9096214304171608,0.9113115410804428,0.9134420463795521,0.9161642552460615,0.9194122753421818,0.9266689350736349,0.9384004636330598,0.9623191443562286,0.9127588218085193,0.39874511353003356,0.39874511353003356,0.39874511353003356,0.39828927121667707,0.39828927121667707,0.39828927121667707,0.39828927121667707,0.3979684616716344,0.3964404149688526,0.3964284056338999,0.3952003886183571,0.3924350481625315,0.39129873367440976,0.3889470744759362,0.3834052852979283,0.3754822866114315,0.3439529457492587,0.2729993413261514,0.09640603265530645,0.3694924654896056,1369.0,1369.0,1369.0,1367.0,1367.0,1367.0,1367.0,1366.0,1363.0,1362.0,1357.0,1346.0,1338.0,1326.0,1307.0,1277.0,1181.0,942.0,323.0,1266.4736842105262,114.0,114.0,114.0,116.0,116.0,116.0,116.0,117.0,120.0,121.0,126.0,137.0,145.0,157.0,176.0,206.0,302.0,541.0,1160.0,216.52631578947367,10.0,10.0,10.0,12.0,12.0,12.0,12.0,13.0,16.0,17.0,22.0,33.0,41.0,53.0,72.0,102.0,198.0,437.0,1056.0,112.52631578947368,0.8927848954821308,0.9055339177169263,0.9069453809844908,0.9184086311530681,0.9876722262509064,1.0,0.0,0.0,0.80602643016214,0.9517819706498952,0.023743016759776536,0.9060537968342994,1233.3371959304536,1362,121,17,21,3,0,0,23.0,716,0.27393431167016075,0.2643290627107215,0.28426395939086296,392,1091,987,1379,1483,22,3
tagging_007_tagging_aria04_rgb,0.4625160188241381,0.9085200854749744,0.42020509295565084,0.4625160188241381,0.4625160188241381,0.4625160188241381,0.4625160188241381,0.4625160188241381,0.4625160188241381,0.4625160188241381,0.4625160188241381,0.4625160188241381,0.46015382200515675,0.4586047702651782,0.45446198652526654,0.45081789497394403,0.4439275177016024,0.43529599154899634,0.41423275308986285,0.3737009561429498,0.283538066225972,0.1051981911435449,0.4232934799494588,0.9675425038639877,0.9675425038639877,0.9675425038639877,0.9675425038639877,0.9675425038639877,0.9675425038639877,0.9675425038639877,0.9675425038639877,0.9675425038639877,0.9614791987673343,0.9554531490015361,0.9420289855072463,0.9317147192716236,0.9099774943735934,0.8887240356083086,0.8382671480144405,0.7426420260095825,0.5374396135265701,0.16681943171402383,0.872759386135271,0.22109733351724925,0.22109733351724925,0.22109733351724925,0.22109733351724925,0.22109733351724925,0.22109733351724925,0.22109733351724925,0.22109733351724925,0.22109733351724925,0.22022477467782664,0.22012417409452567,0.2192455862547372,0.21813197776634913,0.2165675988595365,0.21320746673507932,0.20469461810455133,0.1880480766386804,0.14958673118945512,0.06633915069825452,0.20558137666706522,0.9705426356589147,0.9705426356589147,0.9705426356589147,0.9705426356589147,0.9705426356589147,0.9705426356589147,0.9705426356589147,0.9705426356589147,0.9705426356589147,0.9674418604651163,0.9643410852713178,0.9573643410852714,0.951937984496124,0.9403100775193799,0.9286821705426357,0.9,0.8410852713178295,0.689922480620155,0.28217054263565894,0.9030599755201958,0.9968152866242038,0.9968152866242038,0.9968152866242038,0.9968152866242038,0.9968152866242038,0.9968152866242038,0.9968152866242038,0.9968152866242038,0.9968152866242038,0.9936305732484076,0.9904458598726115,0.98328025477707,0.9777070063694268,0.9657643312101911,0.9538216560509554,0.9243630573248408,0.8638535031847133,0.7085987261146497,0.2898089171974522,0.9275058665772713,0.22332564174854175,0.22332564174854175,0.22332564174854175,0.22332564174854175,0.22332564174854175,0.22332564174854175,0.22332564174854175,0.22332564174854175,0.22332564174854175,0.2226338024848358,0.22260171513757007,0.22196052707850686,0.22107938822330953,0.22000665251317783,0.21733581679207178,0.21042795881661394,0.19649778709771626,0.16209193381947473,0.0775866019977798,0.20958699787883858,0.9693707534092232,0.9693707534092232,0.9693707534092232,0.9693707534092232,0.9693707534092232,0.9693707534092232,0.9693707534092232,0.9693707534092232,0.9693707534092232,0.9665769185857709,0.9666237741965423,0.9601050311069838,0.9551438580721876,0.9476660553442866,0.9374771716953632,0.9104710870045,0.8562669196245473,0.7102422907853695,0.3442065717747475,0.9094271820459637,0.9085200854749744,0.9085200854749744,0.9085200854749744,0.9085200854749744,0.9085200854749744,0.9085200854749744,0.9085200854749744,0.9085200854749744,0.9085200854749744,0.909872389404516,0.9111282858985909,0.9135992736392506,0.9151954563663538,0.9181628677041963,0.9204811139128245,0.9250298844002811,0.9317025635465472,0.9430917140350266,0.9643865747735754,0.9173332048924174,0.46323254290797533,0.46323254290797533,0.46323254290797533,0.46323254290797533,0.46323254290797533,0.46323254290797533,0.46323254290797533,0.46323254290797533,0.46323254290797533,0.4615784502496056,0.46073287807662194,0.4581461625077967,0.45568422758424687,0.4512656597524309,0.4449741261954792,0.42921458071004087,0.39769896600373567,0.3212526243473961,0.13681722899735702,0.4308661995050784,1252.0,1252.0,1252.0,1252.0,1252.0,1252.0,1252.0,1252.0,1252.0,1248.0,1244.0,1235.0,1228.0,1213.0,1198.0,1161.0,1085.0,890.0,364.0,1164.9473684210527,38.0,38.0,38.0,38.0,38.0,38.0,38.0,38.0,38.0,42.0,46.0,55.0,62.0,77.0,92.0,129.0,205.0,400.0,926.0,125.05263157894737,4.0,4.0,4.0,4.0,4.0,4.0,4.0,4.0,4.0,8.0,12.0,21.0,28.0,43.0,58.0,95.0,171.0,366.0,892.0,91.05263157894737,0.9457364341085271,0.910218330136019,0.9612403100775194,0.9674418604651163,0.9936305732484076,1.0,0.0,0.0,0.8588778883796525,0.9803613511390417,0.0111731843575419,0.9602317596932837,1135.9524760097518,1248,42,8,20,3,0,0,20.0,716,0.31893165750196384,0.3147286821705426,0.3232484076433121,406,884,850,1256,1290,21,3
tagging_008_tagging_aria01_rgb,0.5948692312109404,0.8602553198668514,0.5117394207743156,0.5948692312109404,0.5917212981072081,0.5898526776840424,0.5860494244032984,0.5835353977235205,0.5810733750900426,0.5810733750900426,0.5773354068690042,0.573657334100719,0.5700385122015886,0.5592451568593533,0.5509508335467119,0.5224406732276884,0.5008964499112464,0.4854431229026747,0.4367567139254249,0.370692695351307,0.2790652535665571,0.0893173287206439,0.5065270663416849,0.8888888888888888,0.8720238095238095,0.8609467455621301,0.855457227138643,0.85,0.844574780058651,0.844574780058651,0.8391812865497076,0.8338192419825073,0.8284883720930233,0.8126801152737753,0.8022922636103151,0.7520891364902507,0.728021978021978,0.7,0.6295336787564767,0.5230024213075061,0.3824175824175824,0.11327433628318584,0.7348035075798465,0.39810307752168217,0.40151896176421936,0.4041204443416143,0.4014857984100872,0.400604188701585,0.3997825594734024,0.3997825594734024,0.3971920934927272,0.3946691565729635,0.3922129945796219,0.38484409744082615,0.3783494304430359,0.36291477140108713,0.3446286803255211,0.3366500365335734,0.30301226700966705,0.26273888760071934,0.20364496646790747,0.07042711943019112,0.3492990574202018,0.9833887043189369,0.973421926910299,0.9667774086378738,0.9634551495016611,0.9601328903654485,0.9568106312292359,0.9568106312292359,0.9534883720930233,0.9501661129568106,0.946843853820598,0.9368770764119602,0.9302325581395349,0.8970099667774086,0.8803986710963455,0.8604651162790697,0.8073089700996677,0.717607973421927,0.5780730897009967,0.21262458471760798,0.8648365098793496,0.9024390243902439,0.8932926829268293,0.8871951219512195,0.8841463414634146,0.8810975609756098,0.8780487804878049,0.8780487804878049,0.875,0.8719512195121951,0.8689024390243902,0.8597560975609756,0.8536585365853658,0.823170731707317,0.8079268292682927,0.7896341463414634,0.7408536585365854,0.6585365853658537,0.5304878048780488,0.1951219512195122,0.793645699614891,0.3981052273203436,0.40152657618329496,0.40412637523642075,0.4022520716385993,0.40165231619323516,0.401088770456503,0.401088770456503,0.3992248062015504,0.3973884642489293,0.39558003535971714,0.3903801748309418,0.3857004429678848,0.37401665231122594,0.3605163083223636,0.3550926341624016,0.3284524834912432,0.29439420040195236,0.23784861445246366,0.0939922480620155,0.35907511433145206,0.9949324324324325,0.9890297415894685,0.9915316642120765,0.9880962393367777,0.9846640463933063,0.9813469076655051,0.9813469076655051,0.9779250688972793,0.9745645817597037,0.9712660920594167,0.9608575247904763,0.9540497964854358,0.924783735263513,0.9072676985093232,0.8962703823216327,0.8408155080757914,0.7602487631802858,0.6323506923186629,0.254561319871369,0.8929425843593664,0.8602553198668514,0.8683233351750416,0.8735421198583451,0.8759621802688771,0.8781848788339294,0.8803126086499486,0.8803126086499486,0.882008343281382,0.883656951024312,0.8851038086509956,0.8888791273187856,0.8911564886581292,0.9011571206590369,0.9056054219037559,0.9097325571350985,0.9181550912894171,0.9298129116919208,0.9419629109539523,0.9642686536359331,0.8957048651318769,0.6256916729423753,0.6251778638527992,0.6250556102925339,0.6219433735718907,0.6201880824319009,0.6184789431210942,0.6184789431210942,0.6154007171206419,0.6123734631782108,0.609396802835629,0.6004595014526465,0.5932562334705479,0.5705595210295943,0.5508272253440964,0.5382152105164014,0.49459531053896966,0.4342159838954384,0.3431059238313427,0.1223704908125393,0.5494626775452498,296.0,293.0,291.0,290.0,289.0,288.0,288.0,287.0,286.0,285.0,282.0,280.0,270.0,265.0,259.0,243.0,216.0,174.0,64.0,260.3157894736842,5.0,8.0,10.0,11.0,12.0,13.0,13.0,14.0,15.0,16.0,19.0,21.0,31.0,36.0,42.0,58.0,85.0,127.0,237.0,40.68421052631579,32.0,35.0,37.0,38.0,39.0,40.0,40.0,41.0,42.0,43.0,46.0,48.0,58.0,63.0,69.0,85.0,112.0,154.0,264.0,67.6842105263158,0.7807308970099668,0.8851038086509956,0.8039867109634552,0.946843853820598,0.8689024390243902,1.0,0.0,0.0,0.6719421444037667,0.9062003179650239,0.21393034825870647,0.8011790762790224,252.25458546553375,285,16,43,7,2,0,0,11.0,201,0.49920508744038156,0.521594684385382,0.47865853658536583,157,144,171,328,301,12,2
tagging_008_tagging_aria03_rgb,0.6656466401927692,0.8649935072704487,0.5757800219031338,0.6656466401927692,0.6656466401927692,0.6656466401927692,0.6656466401927692,0.6656466401927692,0.6656466401927692,0.6656466401927692,0.6618364743662668,0.6581829347035566,0.6546813642107897,0.639145572567194,0.6257640373420948,0.6070693224516764,0.5654332825693273,0.5220278778810831,0.5042255288440957,0.4787738202835336,0.34492052638736914,0.0757404953131501,0.5788067220141853,0.9375,0.9375,0.9375,0.9375,0.9375,0.9375,0.9375,0.9254658385093167,0.9135802469135802,0.901840490797546,0.8674698795180723,0.8452380952380952,0.8023255813953488,0.7318435754189944,0.6756756756756757,0.6402116402116402,0.5816326530612245,0.40271493212669685,0.08771929824561403,0.7862219951111477,0.4726244795732501,0.4726244795732501,0.4726244795732501,0.4726244795732501,0.4726244795732501,0.4726244795732501,0.4726244795732501,0.4733049028661262,0.4741836056531607,0.4752588656402641,0.4709178642135616,0.4632784923405212,0.45933118774676274,0.436862203585079,0.40331939582183995,0.3971239633413421,0.39410505889317815,0.29542030859166407,0.06539749798520696,0.4272039317732346,1.0,1.0,1.0,1.0,1.0,1.0,1.0,0.9933333333333333,0.9866666666666667,0.98,0.96,0.9466666666666667,0.92,0.8733333333333333,0.8333333333333334,0.8066666666666666,0.76,0.5933333333333334,0.16666666666666666,0.8852631578947369,0.9375,0.9375,0.9375,0.9375,0.9375,0.9375,0.9375,0.93125,0.925,0.91875,0.9,0.8875,0.8625,0.81875,0.78125,0.75625,0.7125,0.55625,0.15625,0.8299342105263158,0.47533333333333333,0.47533333333333333,0.47533333333333333,0.47533333333333333,0.47533333333333333,0.47533333333333333,0.47533333333333333,0.4760626398210291,0.47695195195195195,0.4780045351473923,0.4758487654320988,0.471244131455399,0.4696457326892109,0.4556827820186599,0.4318222222222223,0.42809917355371907,0.4282163742690059,0.34556803995006247,0.09133333333333332,0.43977963237775886,0.9485926773455379,0.9485926773455379,0.9485926773455379,0.9485926773455379,0.9485926773455379,0.9485926773455379,0.9485926773455379,0.9453296576720469,0.9426100872039087,0.940445056741232,0.9305793173629999,0.9227310700293976,0.9109688864899154,0.8872258148341949,0.8480409098137006,0.8414445767961997,0.8282971484219125,0.7039314412703838,0.21424041465836702,0.8713680590901591,0.8649935072704487,0.8649935072704487,0.8649935072704487,0.8649935072704487,0.8649935072704487,0.8649935072704487,0.8649935072704487,0.868424981657545,0.8714814288873665,0.8741046404133833,0.8816426667699547,0.8857057476391041,0.89313247758103,0.904659332554953,0.9130614285088401,0.9176830899696525,0.9235704680234295,0.9369547995024615,0.9627915379451001,0.8888509026497874,0.6874768938468042,0.6874768938468042,0.6874768938468042,0.6874768938468042,0.6874768938468042,0.6874768938468042,0.6874768938468042,0.6856745123212753,0.6840037701488094,0.6824614921938518,0.6723698012589643,0.6622464088859675,0.6500651449870404,0.6176781722420683,0.5797408873955674,0.5659917523798522,0.547284062218895,0.41866778766828244,0.10440106799039219,0.6148906903483471,150.0,150.0,150.0,150.0,150.0,150.0,150.0,149.0,148.0,147.0,144.0,142.0,138.0,131.0,125.0,121.0,114.0,89.0,25.0,132.78947368421052,0.0,0.0,0.0,0.0,0.0,0.0,0.0,1.0,2.0,3.0,6.0,8.0,12.0,19.0,25.0,29.0,36.0,61.0,125.0,17.210526315789473,10.0,10.0,10.0,10.0,10.0,10.0,10.0,11.0,12.0,13.0,16.0,18.0,22.0,29.0,35.0,39.0,46.0,71.0,135.0,27.210526315789473,0.8666666666666667,0.8741046404133833,0.8933333333333333,0.98,0.91875,1.0,0.0,0.0,0.7432892142717823,0.9483870967741935,0.06467661691542288,0.8893196000578136,128.49338214076735,147,3,13,4,2,0,0,3.0,201,0.6064516129032258,0.6266666666666667,0.5875,94,56,66,160,150,6,2
tagging_008_tagging_aria04_rgb,0.7132257743599172,0.8933747417450656,0.6371778919747154,0.7132257743599172,0.7132257743599172,0.7132257743599172,0.7132257743599172,0.7054788074734453,0.7054788074734453,0.7054788074734453,0.7054788074734453,0.7039406398770491,0.6977714174526345,0.6916666593324975,0.6900021938962712,0.6620716870787678,0.6440920888788414,0.6055989109010163,0.5648741651519096,0.5040526220951994,0.403195990115015,0.11239523823960947,0.6291831547553821,0.9267605633802817,0.9267605633802817,0.9267605633802817,0.9267605633802817,0.9159663865546218,0.9159663865546218,0.9159663865546218,0.9159663865546218,0.9106145251396648,0.9052924791086351,0.9,0.8947368421052632,0.8637602179836512,0.8288770053475936,0.7766233766233767,0.7185929648241206,0.6285714285714286,0.49671772428884026,0.14381270903010032,0.8125530038295942,0.5488915101824096,0.5488915101824096,0.5488915101824096,0.5488915101824096,0.5433609301605906,0.5433609301605906,0.5433609301605906,0.5433609301605906,0.5441736440504367,0.5378206074276162,0.531558630702419,0.5321151484736282,0.5074775495618189,0.5005020241601926,0.47223667471749625,0.4440383333479532,0.4042007547471185,0.32728247552989453,0.08784126009541006,0.4872766770624202,0.9267605633802817,0.9267605633802817,0.9267605633802817,0.9267605633802817,0.9211267605633803,0.9211267605633803,0.9211267605633803,0.9211267605633803,0.9183098591549296,0.9154929577464789,0.9126760563380282,0.9098591549295775,0.8929577464788733,0.8732394366197183,0.8422535211267606,0.8056338028169014,0.7436619718309859,0.6394366197183099,0.24225352112676057,0.8467012601927353,1.0,1.0,1.0,1.0,0.993920972644377,0.993920972644377,0.993920972644377,0.993920972644377,0.9908814589665653,0.9878419452887538,0.9848024316109423,0.9817629179331308,0.9635258358662614,0.9422492401215805,0.9088145896656535,0.8693009118541033,0.8024316109422492,0.6899696048632219,0.2613981762917933,0.9136138217885137,0.5488915101824096,0.5488915101824096,0.5488915101824096,0.5488915101824096,0.5459244164721768,0.5459244164721768,0.5459244164721768,0.5459244164721768,0.5467952518430684,0.5428916181857357,0.5390006311166442,0.5396594466663671,0.5243536617400042,0.5210457790154185,0.50349171289069,0.4853613409763142,0.4590673735058762,0.39946128631668926,0.1302946654348843,0.50372034075316,1.0,1.0,1.0,1.0,0.9940366109093672,0.9940366109093672,0.9940366109093672,0.9940366109093672,0.991073533028721,0.9880290839595187,0.9850059253682442,0.981963399021137,0.9639375516020605,0.9429261327280601,0.9102311762266637,0.8726417940086179,0.8161110494758334,0.7249444322166764,0.3267090961051951,0.9199852430199051,0.8933747417450656,0.8933747417450656,0.8933747417450656,0.8933747417450656,0.8974159563512847,0.8974159563512847,0.8974159563512847,0.8974159563512847,0.8988096372120897,0.9000528666253175,0.9012102219639644,0.9021652961724794,0.9073066791651513,0.9124866692381796,0.9191124120608322,0.9257174213340889,0.9343209505710918,0.9436177890203286,0.9652231382243562,0.9091150459985936,0.7132257743599172,0.7132257743599172,0.7132257743599172,0.7132257743599172,0.7074632806128739,0.7074632806128739,0.7074632806128739,0.7074632806128739,0.7069087794219148,0.7016915124404144,0.6965205200006143,0.6958087663398916,0.6731686334384146,0.661103702610018,0.630668694391916,0.5981072571801737,0.5482597288610708,0.4574673757175218,0.1458761617205659,0.642017755369141,329.0,329.0,329.0,329.0,327.0,327.0,327.0,327.0,326.0,325.0,324.0,323.0,317.0,310.0,299.0,286.0,264.0,227.0,86.0,300.57894736842104,26.0,26.0,26.0,26.0,28.0,28.0,28.0,28.0,29.0,30.0,31.0,32.0,38.0,45.0,56.0,69.0,91.0,128.0,269.0,54.421052631578945,0.0,0.0,0.0,0.0,2.0,2.0,2.0,2.0,3.0,4.0,5.0,6.0,12.0,19.0,30.0,43.0,65.0,102.0,243.0,28.42105263157895,0.8929577464788733,0.8937727027223582,0.9098591549295775,0.9183098591549296,0.9908814589665653,1.0,0.0,0.0,0.7954081720774331,0.9532163742690059,0.014925373134328358,0.9076671795763841,291.36990108748876,326,29,3,6,2,0,0,6.0,201,0.6491228070175439,0.6253521126760564,0.6747720364741642,222,133,107,329,355,7,2
tagging_009_tagging_aria01_rgb,0.48192629458008523,0.9015778852273753,0.4344940895029783,0.48192629458008523,0.4803974905726995,0.48012379925565335,0.48012379925565335,0.479729469381867,0.479729469381867,0.479729469381867,0.47933650658336013,0.47627620344012883,0.47627620344012883,0.47353837788333464,0.4706919458717206,0.4603449892339562,0.4507707924687906,0.4380679242786926,0.4121405513106999,0.3733352206654884,0.30948939581368107,0.14349536799501292,0.4381854353049836,0.9249146757679181,0.9140271493212669,0.911864406779661,0.911864406779661,0.909706546275395,0.909706546275395,0.909706546275395,0.9075535512965051,0.898989898989899,0.898989898989899,0.8905027932960894,0.8841870824053452,0.8613861386138614,0.8371335504885994,0.8115631691648822,0.7479338842975206,0.6669950738916256,0.5423883318140383,0.23593864134404674,0.8197553837930002,0.2511074367101605,0.25248894315657855,0.25279949617266345,0.25279949617266345,0.2529830798026789,0.2529830798026789,0.2529830798026789,0.2531679659181611,0.25232655252102193,0.25232655252102193,0.25181122060087824,0.25057017040533885,0.24601917724590733,0.2427262737520741,0.23646157634200626,0.2271054134607426,0.20896584164577425,0.17659614063002643,0.08727235402698794,0.23439441319421284,0.9759903961584634,0.9699879951980792,0.9687875150060024,0.9687875150060024,0.9675870348139256,0.9675870348139256,0.9675870348139256,0.9663865546218487,0.9615846338535414,0.9615846338535414,0.9567827130852341,0.9531812725090036,0.9399759903961584,0.9255702280912365,0.9099639855942377,0.8691476590636255,0.8127250900360145,0.7142857142857143,0.3877551020408163,0.9023820054337525,0.9464493597206054,0.940628637951106,0.9394644935972061,0.9394644935972061,0.9383003492433062,0.9383003492433062,0.9383003492433062,0.9371362048894063,0.9324796274738067,0.9324796274738067,0.9278230500582072,0.9243306169965075,0.9115250291036089,0.8975552968568102,0.8824214202561118,0.8428405122235157,0.7881257275902211,0.6926658905704307,0.3760186263096624,0.875068929599902,0.25153986904112313,0.25292613444456474,0.25323714826110555,0.25323714826110555,0.25342390256627495,0.25342390256627495,0.25342390256627495,0.2536063059889823,0.25309761387266483,0.25309761387266483,0.25289914116532847,0.25200379333643413,0.2487475959360533,0.2465080803233823,0.24176668313928493,0.23515958404044085,0.22105144632779264,0.19385654342435382,0.1056500696259414,0.23835034098737093,0.949229628551423,0.9516024820063137,0.9527164484289392,0.9527164484289392,0.9516310020784832,0.9516310020784832,0.9516310020784832,0.9515240395356531,0.9484580264000121,0.9484580264000121,0.9456217566554641,0.9417866276539093,0.931478114832398,0.9168574851375587,0.9015637976934348,0.864231543509829,0.8197462468249571,0.736355883599014,0.4334252469279295,0.8947718320432231,0.9015778852273753,0.9066216881439805,0.9076211870588387,0.9076211870588387,0.9084578534466154,0.9084578534466154,0.9084578534466154,0.9091047992435033,0.9114677349198196,0.9114677349198196,0.9133722547904148,0.9145934538926656,0.9187191257741536,0.9224319032765566,0.9258288708718558,0.9329387489757046,0.940349282299564,0.9488151133883164,0.967217678685037,0.9192169583613837,0.4950539835544057,0.49488508138974185,0.4948828100589917,0.4948828100589917,0.4947556447827238,0.4947556447827238,0.4947556447827238,0.49462927362245085,0.4925782532932745,0.4925782532932745,0.49084480524073254,0.48871136049795155,0.48088680558752056,0.4739833462901868,0.4638658410015423,0.44428384898629975,0.4121065183493382,0.35516207631167335,0.18395733348001364,0.4598715439665558,813.0,808.0,807.0,807.0,806.0,806.0,806.0,805.0,801.0,801.0,797.0,794.0,783.0,771.0,758.0,724.0,677.0,595.0,323.0,751.6842105263158,20.0,25.0,26.0,26.0,27.0,27.0,27.0,28.0,32.0,32.0,36.0,39.0,50.0,62.0,75.0,109.0,156.0,238.0,510.0,81.3157894736842,46.0,51.0,52.0,52.0,53.0,53.0,53.0,54.0,58.0,58.0,62.0,65.0,76.0,88.0,101.0,135.0,182.0,264.0,536.0,107.3157894736842,0.8715486194477791,0.9114677349198196,0.8919567827130852,0.9615846338535414,0.9324796274738067,1.0,0.0,0.0,0.7864173537464292,0.9468085106382979,0.10157618213660245,0.8904796531556083,730.0856556707755,801,32,58,17,2,0,0,19.0,571,0.4066193853427896,0.4129651860744298,0.40046565774155995,344,489,515,859,833,23,2
tagging_009_tagging_aria03_rgb,0.5012916955182264,0.915910086642916,0.45913812027547296,0.5012916955182264,0.5012916955182264,0.5012916955182264,0.5012916955182264,0.5012916955182264,0.5012916955182264,0.5012916955182264,0.5012916955182264,0.5000839517035112,0.4989426471215259,0.49478959340427686,0.4882463039048213,0.47340221749290856,0.4643630222633036,0.4529040981591033,0.423425148663032,0.39040280697828444,0.33427800659504375,0.18840546326478705,0.4589250959840216,0.9823182711198428,0.9823182711198428,0.9823182711198428,0.9823182711198428,0.9823182711198428,0.9823182711198428,0.9823182711198428,0.9823182711198428,0.9784313725490196,0.974559686888454,0.9668615984405458,0.9478764478764479,0.9109848484848485,0.8930581613508443,0.8616236162361623,0.8050089445438283,0.7307032590051458,0.6118210862619808,0.3206806282722513,0.8873766220456983,0.2558166445474579,0.2558166445474579,0.2558166445474579,0.2558166445474579,0.2558166445474579,0.2558166445474579,0.2558166445474579,0.2558166445474579,0.25559683158960694,0.2554422971377525,0.253207638131492,0.2514931706666813,0.24600810858703376,0.24145461715432043,0.2380646470965448,0.22271660176634156,0.20858583811989032,0.18263801003633348,0.11069149633161851,0.23749644278933046,0.9920634920634921,0.9920634920634921,0.9920634920634921,0.9920634920634921,0.9920634920634921,0.9920634920634921,0.9920634920634921,0.9920634920634921,0.9900793650793651,0.9880952380952381,0.9841269841269841,0.9742063492063492,0.9543650793650794,0.9444444444444444,0.9265873015873016,0.8928571428571429,0.8452380952380952,0.7599206349206349,0.4861111111111111,0.9306599832915623,0.9900990099009901,0.9900990099009901,0.9900990099009901,0.9900990099009901,0.9900990099009901,0.9900990099009901,0.9900990099009901,0.9900990099009901,0.9881188118811881,0.9861386138613861,0.9821782178217822,0.9722772277227723,0.9524752475247524,0.9425742574257425,0.9247524752475248,0.8910891089108911,0.8435643564356435,0.7584158415841584,0.48514851485148514,0.9288170922355394,0.25592375366568915,0.25592375366568915,0.25592375366568915,0.25592375366568915,0.25592375366568915,0.25592375366568915,0.25592375366568915,0.25592375366568915,0.2557534423686082,0.25564624087748844,0.2539583530413395,0.2526757291063184,0.24846970814712754,0.24491116094531654,0.2422855689589129,0.22998588030846095,0.21832247968095309,0.19587541378579873,0.12560795579228756,0.24057273485990135,0.995117816091954,0.995117816091954,0.995117816091954,0.995117816091954,0.995117816091954,0.995117816091954,0.995117816091954,0.995117816091954,0.9933545251422384,0.9913677699302959,0.9874152572723901,0.9778349484845389,0.9592696705972052,0.9492663542189531,0.9326530075241112,0.899201921074703,0.8564113868699923,0.7814376273722962,0.5444705820994324,0.9386118725958835,0.915910086642916,0.915910086642916,0.915910086642916,0.915910086642916,0.915910086642916,0.915910086642916,0.915910086642916,0.915910086642916,0.9168731103659671,0.9177761792297783,0.9193285701956472,0.9227191912845569,0.9288619812937428,0.9314395821278658,0.9354312424544041,0.9414456375717768,0.9478492717087027,0.9554878891458388,0.9690003670958245,0.9270259850324963,0.5037721247922677,0.5037721247922677,0.5037721247922677,0.5037721247922677,0.5037721247922677,0.5037721247922677,0.5037721247922677,0.5037721247922677,0.5030518350394276,0.502395578613031,0.4991878096190471,0.49498105382480745,0.48454261739925164,0.4775358329558717,0.46966762604688933,0.44593060975890386,0.41988652813122945,0.3725458261039195,0.23196630417436614,0.4700983484213098,500.0,500.0,500.0,500.0,500.0,500.0,500.0,500.0,499.0,498.0,496.0,491.0,481.0,476.0,467.0,450.0,426.0,383.0,245.0,469.05263157894734,4.0,4.0,4.0,4.0,4.0,4.0,4.0,4.0,5.0,6.0,8.0,13.0,23.0,28.0,37.0,54.0,78.0,121.0,259.0,34.94736842105263,5.0,5.0,5.0,5.0,5.0,5.0,5.0,5.0,6.0,7.0,9.0,14.0,24.0,29.0,38.0,55.0,79.0,122.0,260.0,35.94736842105263,0.9563492063492064,0.9177761792297783,0.9742063492063492,0.9880952380952381,0.9861386138613861,1.0,0.0,0.0,0.8751042405881538,0.9871159563924677,0.012259194395796848,0.9723130108939696,457.05253725642956,498,6,7,9,2,0,0,9.0,571,0.39444995044598613,0.3948412698412698,0.3940594059405941,199,305,306,505,504,12,2
tagging_009_tagging_aria04_rgb,0.4125341790733307,0.9186880210356718,0.37899020858245364,0.4125341790733307,0.4125341790733307,0.4125341790733307,0.4125341790733307,0.4125341790733307,0.41154247824209444,0.41154247824209444,0.41154247824209444,0.4097147099508008,0.40809833649879307,0.4068501207766616,0.40349405943668865,0.4012899941571991,0.39488384779146785,0.3912337966450376,0.378731340960564,0.3513243543422171,0.2956674112619028,0.14100508365582115,0.38313638871421524,0.963985594237695,0.963985594237695,0.963985594237695,0.963985594237695,0.963985594237695,0.9616306954436451,0.9616306954436451,0.9616306954436451,0.9569377990430622,0.9499404052443385,0.9453032104637337,0.936094674556213,0.9269729093050648,0.9067599067599068,0.895712630359212,0.8590909090909091,0.7763300760043431,0.623015873015873,0.24980901451489687,0.8805677613619455,0.17654252295988523,0.17654252295988523,0.17654252295988523,0.17654252295988523,0.17654252295988523,0.17612500536862313,0.17612500536862313,0.17612500536862313,0.1754201200098219,0.17532073731535247,0.17510468487119832,0.1739219978768519,0.17371991974545295,0.17196752093262035,0.1708850343841938,0.16696420263319114,0.15899010713232395,0.14031619717670973,0.07959053701642728,0.1670151942104968,0.9938118811881188,0.9938118811881188,0.9938118811881188,0.9938118811881188,0.9938118811881188,0.9925742574257426,0.9925742574257426,0.9925742574257426,0.9900990099009901,0.9863861386138614,0.9839108910891089,0.9789603960396039,0.974009900990099,0.9628712871287128,0.9566831683168316,0.9356435643564357,0.8849009900990099,0.7772277227722773,0.40470297029702973,0.9359041167274623,0.9698067632850241,0.9698067632850241,0.9698067632850241,0.9698067632850241,0.9698067632850241,0.9685990338164251,0.9685990338164251,0.9685990338164251,0.966183574879227,0.9625603864734299,0.9601449275362319,0.9553140096618358,0.9504830917874396,0.9396135265700483,0.9335748792270532,0.9130434782608695,0.8635265700483091,0.7584541062801933,0.39492753623188404,0.9132977370963641,0.17659020493915956,0.17659020493915956,0.17659020493915956,0.17659020493915956,0.17659020493915956,0.1762375001330245,0.1762375001330245,0.1762375001330245,0.17563937094989726,0.17558836786995013,0.1754320676187608,0.17443087108666988,0.17429556353651854,0.17283926600121974,0.17191459587864572,0.16855920247733114,0.16166994819626399,0.1450209445113904,0.08689452368834309,0.16810253931104535,0.9977716541692058,0.9977716541692058,0.9977716541692058,0.9977716541692058,0.9977716541692058,0.9965381861731414,0.9965381861731414,0.9965381861731414,0.9940603242773222,0.9926368792411432,0.9902456495412931,0.9853553270386943,0.9807008772339694,0.9707653951465011,0.9646616002540237,0.9438823218228262,0.8976123878350972,0.8011679956740569,0.46433085083926096,0.9454680230668231,0.9186880210356718,0.9186880210356718,0.9186880210356718,0.9186880210356718,0.9186880210356718,0.9194654848751594,0.9194654848751594,0.9194654848751594,0.9206779100195435,0.9223448519436995,0.9233293420248375,0.9250685312174306,0.9266417700118559,0.929494802352607,0.9308350442915992,0.9342887624551627,0.9403948129786599,0.9488475227550156,0.9664496329834381,0.9273794496230362,0.4188675886869981,0.4188675886869981,0.4188675886869981,0.4188675886869981,0.4188675886869981,0.4181114043145272,0.4181114043145272,0.4181114043145272,0.4167532688995223,0.41585327352255586,0.41507518177493863,0.4126290681974818,0.4113452586712002,0.40691840487341685,0.4043301078482794,0.39524547014690653,0.37508732745500895,0.3302387596871693,0.17947291366132054,0.395348483742967,803.0,803.0,803.0,803.0,803.0,802.0,802.0,802.0,800.0,797.0,795.0,791.0,787.0,778.0,773.0,756.0,715.0,628.0,327.0,756.2105263157895,5.0,5.0,5.0,5.0,5.0,6.0,6.0,6.0,8.0,11.0,13.0,17.0,21.0,30.0,35.0,52.0,93.0,180.0,481.0,51.78947368421053,25.0,25.0,25.0,25.0,25.0,26.0,26.0,26.0,28.0,31.0,33.0,37.0,41.0,50.0,55.0,72.0,113.0,200.0,501.0,71.78947368421052,0.9331683168316832,0.9223448519436995,0.948019801980198,0.9863861386138614,0.9625603864734299,1.0,0.0,0.0,0.8565703551969412,0.9743276283618582,0.0542907180385289,0.9466841816261787,735.1088469991286,797,11,31,12,2,0,0,7.0,571,0.2176039119804401,0.2202970297029703,0.21497584541062803,178,630,650,828,808,18,2
tagging_010_tagging_aria01_rgb,0.3580537218281962,0.8959960202412408,0.3208147097906281,0.3580537218281962,0.3580537218281962,0.3580537218281962,0.3580537218281962,0.3574508325036324,0.3561428908692184,0.3561428908692184,0.3549173899460234,0.3486924902663387,0.34812168811621785,0.34430113353018327,0.34218488147154447,0.3358240016177098,0.3278102484279997,0.322862976667054,0.3106406629304347,0.28467170437184897,0.23128256628576774,0.09000356597170575,0.3233297269030359,0.8255395683453237,0.8255395683453237,0.8255395683453237,0.8255395683453237,0.822262118491921,0.8189964157706093,0.8189964157706093,0.815742397137746,0.799645390070922,0.7964601769911505,0.7838312829525483,0.7775831873905429,0.7590987868284229,0.738013698630137,0.7232597623089984,0.6832504145936982,0.6085578446909667,0.46888567293777134,0.15079365079365079,0.7298702888811047,0.15529536394238116,0.15529536394238116,0.15529536394238116,0.15529536394238116,0.1553897410376631,0.15486973602606058,0.15486973602606058,0.15441928006694863,0.1520504642155906,0.15215915778075595,0.15123569718171795,0.15058259361372478,0.14856796245680526,0.14560645577973388,0.1441259518841807,0.14123316928134355,0.13316397114414893,0.11408244814259819,0.05372004620213273,0.14353988771626264,0.9622641509433962,0.9622641509433962,0.9622641509433962,0.9622641509433962,0.960167714884696,0.9580712788259959,0.9580712788259959,0.9559748427672956,0.9454926624737946,0.9433962264150944,0.9350104821802935,0.9308176100628931,0.9182389937106918,0.9035639412997903,0.8930817610062893,0.8637316561844863,0.8050314465408805,0.6792452830188679,0.27882599580712786,0.8830409356725146,0.8531598513011153,0.8531598513011153,0.8531598513011153,0.8531598513011153,0.8513011152416357,0.8494423791821561,0.8494423791821561,0.8475836431226765,0.8382899628252788,0.8364312267657993,0.828996282527881,0.8252788104089219,0.8141263940520446,0.8011152416356877,0.79182156133829,0.7657992565055762,0.7137546468401487,0.6022304832713755,0.24721189591078066,0.7829191938955194,0.16105769584365814,0.16105769584365814,0.16105769584365814,0.16105769584365814,0.16113387372912666,0.16069605566280523,0.16069605566280523,0.16025939551269702,0.15825068740396694,0.15834275019840563,0.1574997573876458,0.1569445498232677,0.15521175249424826,0.15253445711853245,0.15129058348527613,0.14875188156174712,0.14087851318657238,0.12201360564810096,0.059572459096285536,0.1499109032287429,0.8810355210240278,0.8810355210240278,0.8810355210240278,0.8810355210240278,0.8817048822378218,0.8793034341318506,0.8793034341318506,0.8782163802593328,0.8665838517791415,0.8673275605750573,0.8606923411319811,0.8563937948989575,0.8466526949683335,0.8361234607822934,0.8247783131174636,0.7985522549697884,0.7601828811033187,0.6708707372926922,0.37923225831713414,0.8215821244101646,0.8959960202412408,0.8959960202412408,0.8959960202412408,0.8959960202412408,0.8974811150409764,0.8987966488209459,0.8987966488209459,0.8999535560504408,0.9051491516602198,0.9060818777854651,0.9093998284667051,0.9109281618720148,0.9149911932296699,0.9189897019901755,0.9211618591464671,0.9261577454924284,0.9332824467941494,0.9442726475971123,0.9662701846281543,0.9124050972821492,0.38656844352515524,0.38656844352515524,0.38656844352515524,0.38656844352515524,0.38626443347615846,0.3851963733551138,0.3851963733551138,0.3842147146872959,0.37916038590756707,0.378875144691314,0.37604117081079164,0.374386070660487,0.36935199518072825,0.3627185452427681,0.3587704822242652,0.3492671745405783,0.32741591946223736,0.27837019376381594,0.12238686766608,0.35599419048025976,459.0,459.0,459.0,459.0,458.0,457.0,457.0,456.0,451.0,450.0,446.0,444.0,438.0,431.0,426.0,412.0,384.0,324.0,133.0,421.2105263157895,18.0,18.0,18.0,18.0,19.0,20.0,20.0,21.0,26.0,27.0,31.0,33.0,39.0,46.0,51.0,65.0,93.0,153.0,344.0,55.78947368421053,79.0,79.0,79.0,79.0,80.0,81.0,81.0,82.0,87.0,88.0,92.0,94.0,100.0,107.0,112.0,126.0,154.0,214.0,405.0,116.78947368421052,0.7316561844863732,0.906028100116735,0.7631027253668763,0.9454926624737946,0.8382899628252788,1.0,0.0,0.0,0.6428064426680241,0.8886699507389163,0.20665083135391923,0.7606371252430698,408.6186731526475,451,26,87,15,2,0,0,16.0,421,0.2187192118226601,0.23270440251572327,0.20631970260223048,111,366,427,538,477,21,2
tagging_010_tagging_aria03_rgb,0.3670761784035834,0.9135445681316761,0.3353404488711277,0.3670761784035834,0.3670761784035834,0.36642050049107544,0.36642050049107544,0.36642050049107544,0.36642050049107544,0.36642050049107544,0.36642050049107544,0.3641798296377584,0.3632988287823812,0.3597037819543859,0.3558576095250707,0.35019281938008956,0.3420775120611232,0.3381480754669122,0.3310023963435717,0.3146591171198998,0.26579224034620574,0.11527865331729956,0.3385719065099115,0.9623931623931624,0.9623931623931624,0.9557069846678024,0.9557069846678024,0.9557069846678024,0.9557069846678024,0.9557069846678024,0.9557069846678024,0.9490662139219015,0.9457627118644067,0.9359190556492412,0.9229480737018425,0.9069767441860465,0.8788870703764321,0.8666666666666667,0.8397435897435898,0.7881619937694704,0.6306818181818182,0.21868365180467092,0.8706592538241698,0.14001026401342265,0.14001026401342265,0.14048655637564428,0.14048655637564428,0.14048655637564428,0.14048655637564428,0.14048655637564428,0.14048655637564428,0.13974467362706117,0.139555130836637,0.13824572752451716,0.1372066770224463,0.1352129605654146,0.13314227527298686,0.1319355241638191,0.13047147691671115,0.12562184014119612,0.11201451031507129,0.060768913455497245,0.13193997769063523,0.9690189328743546,0.9690189328743546,0.9655765920826161,0.9655765920826161,0.9655765920826161,0.9655765920826161,0.9655765920826161,0.9655765920826161,0.9621342512908778,0.9604130808950087,0.955249569707401,0.9483648881239243,0.9397590361445783,0.9242685025817556,0.9173838209982789,0.9018932874354562,0.8709122203098106,0.7641996557659209,0.35456110154905335,0.9068756227919196,0.9929453262786596,0.9929453262786596,0.9894179894179894,0.9894179894179894,0.9894179894179894,0.9894179894179894,0.9894179894179894,0.9894179894179894,0.9858906525573192,0.9841269841269841,0.9788359788359788,0.9717813051146384,0.9629629629629629,0.9470899470899471,0.9400352733686067,0.9241622574955908,0.892416225749559,0.783068783068783,0.36331569664902996,0.9292676134781396,0.14010607163409794,0.14010607163409794,0.1405827055564646,0.1405827055564646,0.1405827055564646,0.1405827055564646,0.1405827055564646,0.1405827055564646,0.1399298470159873,0.13976090275706538,0.1386253639971112,0.13772240349129952,0.13596031466706332,0.13415023465178186,0.13308275672009048,0.13183401112258342,0.12753723029300854,0.11513646725077954,0.06579049957753895,0.13280202148164702,0.9931849051585756,0.9931849051585756,0.9931606089202817,0.9931606089202817,0.9931606089202817,0.9931606089202817,0.9931606089202817,0.9931606089202817,0.9897146944395181,0.9881676935756634,0.9828788982566873,0.9757711934117869,0.9675936157188108,0.9559336133479589,0.9489103531143546,0.9330607870965816,0.9015136175587697,0.8043512710398318,0.44539732085581796,0.9388750801186643,0.9135445681316761,0.9135445681316761,0.9162809372714661,0.9162809372714661,0.9162809372714661,0.9162809372714661,0.9162809372714661,0.9162809372714661,0.9180608798572506,0.9188930039194373,0.9209604092695245,0.9233250747178815,0.9259750592105325,0.9300274412187692,0.9316002421297919,0.9343993857972378,0.9378508292406645,0.9458963510873785,0.9647524726962559,0.9250797846861512,0.3683376122876178,0.3683376122876178,0.36830765718162434,0.36830765718162434,0.36830765718162434,0.36830765718162434,0.36830765718162434,0.36830765718162434,0.3666785198672818,0.3661018617291103,0.3633994657834291,0.36072426436857236,0.3564654281907418,0.35079796378669514,0.34790158850286257,0.34303257750973426,0.33076516702454206,0.2925772551371102,0.14678655556528394,0.34588167448054447,563.0,563.0,561.0,561.0,561.0,561.0,561.0,561.0,559.0,558.0,555.0,551.0,546.0,537.0,533.0,524.0,506.0,444.0,206.0,526.8947368421053,18.0,18.0,20.0,20.0,20.0,20.0,20.0,20.0,22.0,23.0,26.0,30.0,35.0,44.0,48.0,57.0,75.0,137.0,375.0,54.10526315789474,4.0,4.0,6.0,6.0,6.0,6.0,6.0,6.0,8.0,9.0,12.0,16.0,21.0,30.0,34.0,43.0,61.0,123.0,361.0,40.10526315789474,0.919104991394148,0.9188930039194373,0.9449225473321858,0.9604130808950087,0.9841269841269841,1.0,0.0,0.0,0.8412087714062754,0.9721254355400697,0.021377672209026127,0.9428982938742586,512.742296187046,558,23,9,15,2,0,0,11.0,421,0.2073170731707317,0.20481927710843373,0.20987654320987653,119,462,448,567,581,18,2
tagging_010_tagging_aria04_rgb,0.3565216445225923,0.8984808872894468,0.3203278835085514,0.3565216445225923,0.355930083833118,0.3552356563773168,0.351566448421369,0.34868575998265894,0.34752185699342286,0.3448488702362882,0.34374484084313445,0.3419858684035538,0.3403257888277772,0.3389534745031906,0.33416919431600317,0.3330195258707477,0.3284671007008419,0.32260685141096657,0.30848349953143694,0.2921824253504455,0.25115524448259174,0.13200926210345726,0.32249544193215324,0.9201228878648233,0.9171779141104295,0.9142419601837672,0.9025875190258752,0.8882175226586103,0.8825301204819277,0.8740629685157422,0.8712574850299402,0.8656716417910447,0.8601190476190477,0.8518518518518519,0.8382352941176471,0.8328445747800587,0.8195050946142649,0.8011527377521613,0.7580872011251758,0.7029972752043597,0.5723270440251572,0.24378109452736318,0.8061458544883816,0.1381420728573021,0.13812611776671851,0.13802951194283164,0.13693848524407948,0.1368828649661923,0.1368468206186626,0.13605512141211656,0.1356206605240371,0.13510242052720864,0.13465768821404706,0.13487023316087812,0.13321921805661147,0.1331605055366604,0.1316534051488726,0.12990679014504394,0.1255291862755626,0.12143798090661394,0.11021488061699516,0.0714839898265501,0.12936199756563074,0.9771615008156607,0.9755301794453507,0.9738988580750407,0.967373572593801,0.9592169657422512,0.9559543230016313,0.9510603588907015,0.9494290375203915,0.9461663947797716,0.9429037520391517,0.9380097879282219,0.9298531810766721,0.9265905383360522,0.9184339314845025,0.9070146818923328,0.8792822185970636,0.8417618270799347,0.7422512234910277,0.399673735725938,0.8990297930797629,0.9403453689167975,0.9387755102040817,0.9372056514913658,0.9309262166405023,0.9230769230769231,0.9199372056514914,0.9152276295133438,0.9136577708006279,0.9105180533751962,0.9073783359497645,0.902668759811617,0.8948194662480377,0.8916797488226059,0.8838304552590267,0.8728414442700158,0.8461538461538461,0.8100470957613815,0.7142857142857143,0.38461538461538464,0.8651573989919855,0.13944126857346895,0.1394320041185092,0.13934905355862046,0.13838697807378114,0.13837227313333908,0.13834689482348128,0.13763772211743913,0.13725985198441945,0.13679259591048254,0.13639081604600609,0.13661324758213958,0.13518585085520057,0.13514894317491358,0.1337933325665698,0.13221978395497486,0.12833809813054955,0.12463416710060632,0.11434435496206052,0.07699560501991061,0.13150962324665647,0.9170491913420584,0.9158653271135334,0.9143750587241833,0.9084640063317674,0.9044677635917305,0.90241152918609,0.900012902744823,0.898150603664072,0.8954869703291687,0.8931373386817543,0.8927138939786914,0.8834888493032098,0.8802604192781979,0.8730357918237889,0.8619098010391475,0.8427912341108315,0.8202511239456473,0.7403019813335389,0.4807878486645871,0.859208507115096,0.8984808872894468,0.8998421869325224,0.9010996092608312,0.9059576975233748,0.9117110868093885,0.9139141378446105,0.9169809284812063,0.9178843270331777,0.9195221655250357,0.9210847892237255,0.9230805685410589,0.9261052023405786,0.9271105774533404,0.92928927408737,0.9318480695977364,0.9367710413827661,0.9414948314958023,0.9496079151174399,0.9661411908799764,0.9230487624641784,0.36740592706028524,0.367077916049245,0.36664258353576296,0.3639652067109556,0.3623539242163348,0.3616895212187371,0.3597174343830523,0.3588344927528795,0.35753233442060817,0.3563274329292417,0.3556818786571297,0.35195782942063814,0.35126238698487916,0.3477282767969857,0.34325991018332025,0.3322282068203432,0.31972152990508723,0.28601945735366013,0.16902743344963925,0.3409701938341466,599.0,598.0,597.0,593.0,588.0,586.0,583.0,582.0,580.0,578.0,575.0,570.0,568.0,563.0,556.0,539.0,516.0,455.0,245.0,551.1052631578947,14.0,15.0,16.0,20.0,25.0,27.0,30.0,31.0,33.0,35.0,38.0,43.0,45.0,50.0,57.0,74.0,97.0,158.0,368.0,61.89473684210526,38.0,39.0,40.0,44.0,49.0,51.0,54.0,55.0,57.0,59.0,62.0,67.0,69.0,74.0,81.0,98.0,121.0,182.0,392.0,85.89473684210526,0.8401305057096248,0.9210232355046459,0.8694942903752039,0.9543230016313213,0.9183673469387755,1.0,0.0,0.0,0.7647611627572884,0.936,0.12351543942992874,0.8674465375120664,538.7985927702179,585,28,52,18,2,0,0,16.0,421,0.1888,0.19249592169657423,0.18524332810047095,118,495,519,637,613,19,2
COMBINED,0.6883978186999131,0.9062125148532714,0.6238347185035547,0.6883978186999131,0.6881068348410232,0.6876026323023041,0.6871374013179442,0.6866736905724257,0.685528990337367,0.6839341765895945,0.6824147917575292,0.6809885178943872,0.679306725899112,0.6764266063874905,0.6724934550039936,0.6661851798726683,0.6573601301068602,0.642963115118029,0.6165796810170744,0.5670529056078292,0.4543076992015227,0.20173339104856924,0.6318523022934546,0.9566498244412092,0.9559463068862788,0.9549756139300077,0.9537051288628939,0.9524029258955428,0.9502697350450696,0.9471450485767854,0.9438980397495236,0.9403322236564984,0.9363855176622143,0.9302019092675509,0.9219535994885513,0.9090422954161862,0.8909358757903797,0.8630885398829036,0.8150172383660889,0.7272301179316601,0.5422488626085078,0.1908579172313145,0.8569624589836404,0.495365748974662,0.4953113085369747,0.4950884326808685,0.4950773504310844,0.49508537248663453,0.4945437903172628,0.4938694011125,0.49336891104578323,0.4931718278256084,0.4928073097540521,0.4918856317863056,0.49053167889803795,0.48820907027081023,0.4850206983423556,0.4789793263369787,0.4664570086950142,0.44215577687130186,0.38062871088545625,0.21322857156945757,0.46740978562216573,0.9695528398833495,0.9691883071795584,0.968684904874323,0.9680252742674629,0.9673482849604221,0.9662373281488682,0.9646056103318984,0.9629044577142064,0.961029718094709,0.9589466740730455,0.9556658797389251,0.9512567698930704,0.9442785724204972,0.9343320372170532,0.9186571309540341,0.8904666018608527,0.8349361199833356,0.6972295514511874,0.31782044160533257,0.9000613949816911,0.9862795995126344,0.9859087778778408,0.9853966908583638,0.9847256802811181,0.984037011530787,0.9829068884533206,0.9812470201832918,0.9795165192209214,0.9776094365276968,0.9754904557574473,0.9721530610443043,0.9676678850806095,0.9605692995002737,0.9504511663223323,0.9345058360262047,0.9058289629354946,0.8493404672352598,0.7092581801486818,0.323303491020819,0.9155892857640736,0.4994180609134328,0.4994221299002772,0.4992999027002082,0.499339038244072,0.49941069651362185,0.4990761637753389,0.49864810121097386,0.49835212120467415,0.49832924194545253,0.4982284075632336,0.49782770758099854,0.497227207863696,0.49611513412452185,0.49455319799045616,0.4913258102349583,0.48429416658914615,0.46958895621624736,0.4259454137406447,0.28092872013496256,0.4803857988656272,0.9662061307191457,0.966014277502782,0.965697606882834,0.9652533717799309,0.9648884561606499,0.9643601322957346,0.9635060756712618,0.9624763210301532,0.9614517668992197,0.9601274806160233,0.9577126069618388,0.9540662378303291,0.9483366094825292,0.9401923397904678,0.9272692732220201,0.9048251073017514,0.8615205761076555,0.7541910303395337,0.4503540589343714,0.9125499715541174,0.9062125148532714,0.9065230899689144,0.9069262195921096,0.9074245629961147,0.9079009492993746,0.9086273426350624,0.909613167420614,0.9105535989467285,0.9114991005423226,0.9124467327526123,0.9137714903673108,0.9153371554945174,0.9174727735944265,0.9200351434409678,0.9233353844973433,0.9279644410989528,0.9345959413329084,0.945532774602778,0.9656793049888839,0.9184974572855377,0.6930247244502363,0.6928563549884221,0.6925205349416325,0.6922769589800453,0.6920404511182404,0.6912645445911183,0.6902095298417519,0.6892511325660542,0.6884422871000131,0.687441583443665,0.685622574768361,0.6830970504977842,0.6789737579008918,0.6731793053671888,0.6633383553805893,0.644487693790058,0.607595119112343,0.5151558845243935,0.26032364237440914,0.6484790255651157,55854.0,55833.0,55804.0,55766.0,55727.0,55663.0,55569.0,55471.0,55363.0,55243.0,55054.0,54800.0,54398.0,53825.0,52922.0,51298.0,48099.0,40166.0,18309.0,51850.73684210526,1754.0,1775.0,1804.0,1842.0,1881.0,1945.0,2039.0,2137.0,2245.0,2365.0,2554.0,2808.0,3210.0,3783.0,4686.0,6310.0,9509.0,17442.0,39299.0,5757.263157894737,777.0,798.0,827.0,865.0,904.0,968.0,1062.0,1160.0,1268.0,1388.0,1577.0,1831.0,2233.0,2806.0,3709.0,5333.0,8532.0,16465.0,38322.0,4780.263157894737,0.933967504513262,0.9121964992966345,0.9444000833217608,0.9637203166226913,0.9803464533559358,0.9696969696969697,0.030303030303030304,0.0,0.8493494870148339,0.9719622895858683,0.033699700245253886,0.944351845672962,50643.32524795055,55518,2090,1113,601,160,5,0,714.0,33027,0.5857369199660362,0.5807700319400083,0.5907894969186488,33457,24151,23174,56631,57608,758,165
