seq,HOTA(0),LocA(0),HOTALocA(0),HOTA___5,HOTA___10,HOTA___15,HOTA___20,HOTA___25,HOTA___30,HOTA___35,HOTA___40,HOTA___45,HOTA___50,HOTA___55,HOTA___60,HOTA___65,HOTA___70,HOTA___75,HOTA___80,HOTA___85,HOTA___90,HOTA___95,HOTA___AUC,DetA___5,DetA___10,DetA___15,DetA___20,DetA___25,DetA___30,DetA___35,DetA___40,DetA___45,DetA___50,DetA___55,DetA___60,DetA___65,DetA___70,DetA___75,DetA___80,DetA___85,DetA___90,DetA___95,DetA___AUC,AssA___5,AssA___10,AssA___15,AssA___20,AssA___25,AssA___30,AssA___35,AssA___40,AssA___45,AssA___50,AssA___55,AssA___60,AssA___65,AssA___70,AssA___75,AssA___80,AssA___85,AssA___90,AssA___95,AssA___AUC,DetRe___5,DetRe___10,DetRe___15,DetRe___20,DetRe___25,DetRe___30,DetRe___35,DetRe___40,DetRe___45,DetRe___50,DetRe___55,DetRe___60,DetRe___65,DetRe___70,DetRe___75,DetRe___80,DetRe___85,DetRe___90,DetRe___95,DetRe___AUC,DetPr___5,DetPr___10,DetPr___15,DetPr___20,DetPr___25,DetPr___30,DetPr___35,DetPr___40,DetPr___45,DetPr___50,DetPr___55,DetPr___60,DetPr___65,DetPr___70,DetPr___75,DetPr___80,DetPr___85,DetPr___90,DetPr___95,DetPr___AUC,AssRe___5,AssRe___10,AssRe___15,AssRe___20,AssRe___25,AssRe___30,AssRe___35,AssRe___40,AssRe___45,AssRe___50,AssRe___55,AssRe___60,AssRe___65,AssRe___70,AssRe___75,AssRe___80,AssRe___85,AssRe___90,AssRe___95,AssRe___AUC,AssPr___5,AssPr___10,AssPr___15,AssPr___20,AssPr___25,AssPr___30,AssPr___35,AssPr___40,AssPr___45,AssPr___50,AssPr___55,AssPr___60,AssPr___65,AssPr___70,AssPr___75,AssPr___80,AssPr___85,AssPr___90,AssPr___95,AssPr___AUC,LocA___5,LocA___10,LocA___15,LocA___20,LocA___25,LocA___30,LocA___35,LocA___40,LocA___45,LocA___50,LocA___55,LocA___60,LocA___65,LocA___70,LocA___75,LocA___80,LocA___85,LocA___90,LocA___95,LocA___AUC,OWTA___5,OWTA___10,OWTA___15,OWTA___20,OWTA___25,OWTA___30,OWTA___35,OWTA___40,OWTA___45,OWTA___50,OWTA___55,OWTA___60,OWTA___65,OWTA___70,OWTA___75,OWTA___80,OWTA___85,OWTA___90,OWTA___95,OWTA___AUC,HOTA_TP___5,HOTA_TP___10,HOTA_TP___15,HOTA_TP___20,HOTA_TP___25,HOTA_TP___30,HOTA_TP___35,HOTA_TP___40,HOTA_TP___45,HOTA_TP___50,HOTA_TP___55,HOTA_TP___60,HOTA_TP___65,HOTA_TP___70,HOTA_TP___75,HOTA_TP___80,HOTA_TP___85,HOTA_TP___90,HOTA_TP___95,HOTA_TP___AUC,HOTA_FN___5,HOTA_FN___10,HOTA_FN___15,HOTA_FN___20,HOTA_FN___25,HOTA_FN___30,HOTA_FN___35,HOTA_FN___40,HOTA_FN___45,HOTA_FN___50,HOTA_FN___55,HOTA_FN___60,HOTA_FN___65,HOTA_FN___70,HOTA_FN___75,HOTA_FN___80,HOTA_FN___85,HOTA_FN___90,HOTA_FN___95,HOTA_FN___AUC,HOTA_FP___5,HOTA_FP___10,HOTA_FP___15,HOTA_FP___20,HOTA_FP___25,HOTA_FP___30,HOTA_FP___35,HOTA_FP___40,HOTA_FP___45,HOTA_FP___50,HOTA_FP___55,HOTA_FP___60,HOTA_FP___65,HOTA_FP___70,HOTA_FP___75,HOTA_FP___80,HOTA_FP___85,HOTA_FP___90,HOTA_FP___95,HOTA_FP___AUC,MOTA,MOTP,MODA,CLR_Re,CLR_Pr,MTR,PTR,MLR,sMOTA,CLR_F1,FP_per_frame,MOTAL,MOTP_sum,CLR_TP,CLR_FN,CLR_FP,IDSW,MT,PT,ML,Frag,CLR_Frames,IDF1,IDR,IDP,IDTP,IDFN,IDFP,Dets,GT_Dets,IDs,GT_IDs
fencing_001_fencing_aria01_rgb,0.7156363496592829,0.790642359158132,0.5658124117939293,0.7156363496592829,0.7148747740650546,0.7139062101307874,0.7125882350927236,0.7125882350927236,0.7125882350927236,0.7119486374310191,0.7114537636614628,0.7103262799465104,0.7093671835829779,0.7033850125897337,0.7010549347779086,0.6844273237658789,0.638398476353102,0.5356554097208589,0.3254337010479404,0.10036126921969539,0.006374707022507845,0.0,0.5694930914869943,0.795630725863284,0.7931034482758621,0.7893258426966292,0.7855641205325858,0.7855641205325858,0.7855641205325858,0.7843137254901961,0.7830650804758572,0.7805730258560447,0.7780879274249826,0.7694444444444445,0.7669902912621359,0.75,0.7020708082832331,0.5728395061728395,0.2920892494929006,0.08057675996607294,0.00473186119873817,0.0,0.6210281609737356,0.6436847752429128,0.6443622754453183,0.64569288029657,0.6463915287377227,0.6463915287377227,0.6463915287377227,0.6462603494833531,0.6463913031602312,0.6464013068211009,0.6467158574349698,0.6429970084364965,0.6407878002832296,0.6245876820230976,0.5805007269943989,0.500885003340968,0.3625847030030264,0.12500359115493329,0.008587929340287355,0.0,0.5234009357196874,0.9616695059625213,0.9599659284497445,0.9574105621805792,0.954855195911414,0.954855195911414,0.954855195911414,0.9540034071550255,0.9531516183986372,0.9514480408858603,0.9497444633730835,0.9437819420783645,0.9420783645655877,0.9301533219761499,0.8952299829642248,0.7904599659284497,0.4906303236797274,0.16183986371379896,0.010221465076660987,0.0,0.77454496548014,0.8216885007278021,0.8202328966521106,0.8180494905385735,0.8158660844250364,0.8158660844250364,0.8158660844250364,0.8151382823871907,0.8144104803493449,0.8129548762736536,0.8114992721979621,0.8064046579330422,0.8049490538573508,0.7947598253275109,0.764919941775837,0.6754002911208151,0.4192139737991266,0.13828238719068414,0.008733624454148471,0.0,0.6618018846242242,0.643685356854125,0.6444095507540597,0.6457739437188301,0.6465665005534512,0.6465665005534512,0.6465665005534512,0.6465376464722014,0.6467114897837916,0.6468632478231863,0.6472816346974073,0.6456263091272214,0.644394971895066,0.6353878800107163,0.6103319342711571,0.5635996559264078,0.4812602460768476,0.21616799532086306,0.01692302629222771,0.0,0.5407712837202349,0.9976274832342147,0.9974714959537264,0.9982352031623797,0.9956308293988363,0.9956308293988363,0.9956308293988363,0.9947386499653782,0.9938873275604745,0.9921602267936329,0.9903953691267724,0.9843200913600468,0.9825419448018955,0.9702955038014248,0.9341851997786808,0.8271806813496266,0.5701145364007449,0.2318499522780183,0.017515056027564677,0.0,0.8141795373574258,0.790642359158132,0.7918898176961641,0.7936704280922987,0.7953468477661798,0.7953468477661798,0.7953468477661798,0.7957491708990563,0.7961361285483537,0.7968039760530315,0.7973797756150719,0.7990860418279288,0.7994889321975065,0.8017144296491401,0.8065668168671005,0.8162612471390609,0.8389871567321796,0.8689206669732843,0.9146830002791165,1.0,0.8207379205803139,0.7867731692193427,0.786489561282192,0.786252620676546,0.7856273351967437,0.7856273351967437,0.7856273351967437,0.785197156971621,0.7849260581264826,0.7842303596526956,0.7837185751112697,0.7790051125459801,0.7769635274093665,0.7622088344405143,0.7208894894072988,0.6292293243921273,0.42177606640928866,0.14223418771958396,0.009369163240790472,0.0,0.6366392216944912,1129.0,1127.0,1124.0,1121.0,1121.0,1121.0,1120.0,1119.0,1117.0,1115.0,1108.0,1106.0,1092.0,1051.0,928.0,576.0,190.0,12.0,0.0,909.3157894736842,45.0,47.0,50.0,53.0,53.0,53.0,54.0,55.0,57.0,59.0,66.0,68.0,82.0,123.0,246.0,598.0,984.0,1162.0,1174.0,264.6842105263158,245.0,247.0,250.0,253.0,253.0,253.0,254.0,255.0,257.0,259.0,266.0,268.0,282.0,323.0,446.0,798.0,1184.0,1362.0,1374.0,464.6842105263158,0.7257240204429302,0.7973797756150719,0.7291311754684838,0.9497444633730835,0.8114992721979621,1.0,0.0,0.0,0.5332865841659329,0.8751962323390895,0.43094841930116473,0.7286183475371995,889.0784498108052,1115,59,259,4,2,0,0,8.0,601,0.6224489795918368,0.6754684838160137,0.5771470160116449,793,381,581,1374,1174,14,2
fencing_001_fencing_aria02_rgb,0.7079908491890599,0.8039921923745267,0.5692191150206152,0.7079908491890599,0.7079908491890599,0.7079908491890599,0.7079908491890599,0.7079908491890599,0.7079908491890599,0.7079908491890599,0.7079908491890599,0.7059312080025175,0.7038768188992657,0.6977449536544194,0.687628273308679,0.6638603161525809,0.6147089780046022,0.5026244110992042,0.3454387717290619,0.11470048689604843,0.012392039927415244,0.0,0.5638333184834879,0.5012510425354462,0.5012510425354462,0.5012510425354462,0.5012510425354462,0.5012510425354462,0.5012510425354462,0.5012510425354462,0.5012510425354462,0.5,0.4987510407993339,0.4950166112956811,0.48883374689826303,0.4742014742014742,0.44346431435445066,0.3709063214013709,0.2631578947368421,0.09157064887810794,0.010101010101010102,0.0,0.40242165278684755,1.0,1.0,1.0,1.0,1.0,1.0,1.0,1.0,0.9966777408637874,0.9933665008291874,0.9834983498349834,0.967266775777414,0.9293739967897271,0.8520801232665639,0.681118881118881,0.4534461910519952,0.14367269267364416,0.015202702702702705,0.0,0.7903002081530993,1.0,1.0,1.0,1.0,1.0,1.0,1.0,1.0,0.9983361064891847,0.9966722129783694,0.9916805324459235,0.9833610648918469,0.9633943427620633,0.9201331114808652,0.8103161397670549,0.6239600665557404,0.2512479201331115,0.029950083194675542,0.0,0.819423767405202,0.5012510425354462,0.5012510425354462,0.5012510425354462,0.5012510425354462,0.5012510425354462,0.5012510425354462,0.5012510425354462,0.5012510425354462,0.5004170141784821,0.49958298582151794,0.4970809007506255,0.49291075896580483,0.4829024186822352,0.46121768140116765,0.4061718098415346,0.3127606338615513,0.12593828190158465,0.015012510425354461,0.0,0.4107370176901804,1.0,1.0,1.0,1.0,1.0,1.0,1.0,1.0,0.9983361064891847,0.9966722129783694,0.9916805324459236,0.9833610648918469,0.9633943427620633,0.9201331114808652,0.8103161397670549,0.6239600665557404,0.2512479201331115,0.02995008319467554,0.0,0.819423767405202,1.0,1.0,1.0,1.0,1.0,1.0,1.0,1.0,0.9983361064891847,0.9966722129783694,0.9916805324459236,0.9833610648918469,0.9633943427620633,0.9201331114808652,0.8103161397670549,0.6239600665557404,0.2512479201331115,0.02995008319467554,0.0,0.819423767405202,0.8039921923745267,0.8039921923745267,0.8039921923745267,0.8039921923745267,0.8039921923745267,0.8039921923745267,0.8039921923745267,0.8039921923745267,0.8045947730713418,0.8051759395017413,0.806531503991232,0.8084250068888993,0.8121752882962145,0.8184596621240278,0.8307002031312871,0.8465504754995176,0.8749088398380555,0.909922310279316,1.0,0.8289148179798866,1.0,1.0,1.0,1.0,1.0,1.0,1.0,1.0,0.997506579045166,0.9950179840987827,0.9875809674269971,0.9752807219785395,0.9462312882257652,0.8854530676734158,0.7429142766636722,0.531913823422789,0.1899933293938943,0.021338280407049316,0.0,0.8038542272808459,601.0,601.0,601.0,601.0,601.0,601.0,601.0,601.0,600.0,599.0,596.0,591.0,579.0,553.0,487.0,375.0,151.0,18.0,0.0,492.4736842105263,0.0,0.0,0.0,0.0,0.0,0.0,0.0,0.0,1.0,2.0,5.0,10.0,22.0,48.0,114.0,226.0,450.0,583.0,601.0,108.52631578947368,598.0,598.0,598.0,598.0,598.0,598.0,598.0,598.0,599.0,600.0,603.0,608.0,620.0,646.0,712.0,824.0,1048.0,1181.0,1199.0,706.5263157894736,-0.0016638935108153079,0.8051759395017413,-0.0016638935108153079,0.9966722129783694,0.49958298582151794,1.0,0.0,0.0,-0.1958396210290466,0.6655555555555556,0.9983361064891847,-0.0016638935108153079,482.300387761543,599,2,600,0,1,0,0,2.0,601,0.6655555555555556,0.9966722129783694,0.49958298582151794,599,2,600,1199,601,6,1
fencing_001_fencing_aria03_rgb,0.5518343150232903,0.7340681776280387,0.4050840099817637,0.5518343150232903,0.5518343150232903,0.5518343150232903,0.5518343150232903,0.5518343150232903,0.5518343150232903,0.551010047777472,0.5487744445497682,0.5421127787189963,0.5317151542605613,0.5149931435659064,0.4823867229812326,0.42151469181119033,0.3247358113960701,0.19991271612270997,0.09716359043716587,0.02002112813705672,0.0011591466651769088,0.0,0.3971844877138447,0.5757097791798107,0.5757097791798107,0.5757097791798107,0.5757097791798107,0.5757097791798107,0.5757097791798107,0.5748817656332107,0.5724029380902413,0.5658307210031348,0.5568831168831169,0.5416666666666666,0.5136363636363637,0.44712699179140514,0.3481781376518219,0.20313127258129265,0.09699853587115666,0.0235655737704918,0.000667779632721202,0.0,0.41574887043634146,0.5289489986969863,0.5289489986969863,0.5289489986969863,0.5289489986969863,0.5289489986969863,0.5289489986969863,0.5281295927299323,0.5261213228493749,0.5193890220902362,0.507684640993834,0.4896331161598049,0.4530383107246543,0.3973695139737214,0.3028718227808931,0.19674515676341903,0.09732892586318512,0.01700979470240494,0.002012072434607646,0.0,0.37952775180252557,0.989159891598916,0.989159891598916,0.989159891598916,0.989159891598916,0.989159891598916,0.989159891598916,0.988256549232159,0.985546522131888,0.978319783197832,0.9683830171635049,0.9512195121951219,0.9186991869918699,0.8364950316169828,0.6991869918699187,0.45709123757904246,0.23938572719060525,0.06233062330623306,0.0018066847335140017,0.0,0.7379831693053773,0.5793650793650794,0.5793650793650794,0.5793650793650794,0.5793650793650794,0.5793650793650794,0.5793650793650794,0.5788359788359788,0.5772486772486772,0.573015873015873,0.5671957671957671,0.5571428571428572,0.5380952380952381,0.48994708994708996,0.4095238095238095,0.2677248677248677,0.1402116402116402,0.03650793650793651,0.0010582010582010583,0.0,0.4322472848788639,0.5341572489571906,0.5341572489571906,0.5341572489571906,0.5341572489571906,0.5341572489571906,0.5341572489571906,0.5336256446428033,0.5324950376665705,0.5282955565219096,0.5209402005353729,0.5093963876275869,0.48438168438944884,0.4432118080555841,0.36038872171066755,0.2505416491322764,0.13559301470094634,0.025483209263948335,0.0036101083032490976,0.0,0.3964687640154477,0.9344378234173424,0.9344378234173424,0.9344378234173424,0.9344378234173424,0.9344378234173424,0.9344378234173424,0.933466775948761,0.9305704874858161,0.9228988603839624,0.9134710415273619,0.895034789282711,0.8629419130553809,0.8028025988363892,0.6840235407913233,0.4830172821320564,0.26581527467889177,0.07012123708342236,0.004524886877828055,0.0,0.7039639804519977,0.7340681776280387,0.7340681776280387,0.7340681776280387,0.7340681776280387,0.7340681776280387,0.7340681776280387,0.7344260635844455,0.7353779564833187,0.7376799600649363,0.7402902977775726,0.7441410943451928,0.7500914130547642,0.7620024917593828,0.7786818667803578,0.8060097253636659,0.8343476677275778,0.8667680172818589,0.9180881113804743,1.0,0.779595459545883,0.7233361142736247,0.7233361142736247,0.7233361142736247,0.7233361142736247,0.7233361142736247,0.7233361142736247,0.7224455196474461,0.720081273158544,0.7128313653920216,0.7011655898667446,0.6824577451447871,0.645140238815492,0.5765393517836169,0.46017826838338616,0.2998841229419689,0.15264060958486464,0.03256119018266932,0.001906614945480598,0.0,0.5288341355520405,1095.0,1095.0,1095.0,1095.0,1095.0,1095.0,1094.0,1091.0,1083.0,1072.0,1053.0,1017.0,926.0,774.0,506.0,265.0,69.0,2.0,0.0,816.9473684210526,12.0,12.0,12.0,12.0,12.0,12.0,13.0,16.0,24.0,35.0,54.0,90.0,181.0,333.0,601.0,842.0,1038.0,1105.0,1107.0,290.05263157894734,795.0,795.0,795.0,795.0,795.0,795.0,796.0,799.0,807.0,818.0,837.0,873.0,964.0,1116.0,1384.0,1625.0,1821.0,1888.0,1890.0,1073.0526315789473,0.22493224932249323,0.7402902977775726,0.22944896115627822,0.9683830171635049,0.5671957671957671,1.0,0.0,0.0,-0.026566215702296475,0.715382048715382,1.3610648918469217,0.2288175519382692,793.5911992175578,1072,35,818,5,2,0,0,12.0,601,0.48848848848848847,0.6612466124661247,0.3873015873015873,732,375,1158,1890,1107,12,2
fencing_002_fencing_aria01_rgb,0.6423900976028469,0.8125443670691819,0.5219704552682152,0.6423900976028469,0.6423900976028469,0.6423900976028469,0.6421088320689123,0.6421088320689123,0.6415052495354743,0.6415052495354743,0.6415052495354743,0.6384746746955341,0.6382139553555585,0.6367113728618188,0.6296284815333387,0.6134974383668986,0.6007557214410643,0.5615573254205442,0.4028658432826207,0.10248162121420941,0.004058512550043482,0.0,0.5244288764354958,0.6434841323430115,0.6434841323430115,0.6434841323430115,0.6423751686909581,0.6423751686909581,0.641267700606878,0.641267700606878,0.641267700606878,0.6390572390572391,0.6379542395693136,0.636852723604573,0.6291834002677377,0.6151293961512939,0.6013157894736842,0.553286534779834,0.3892694063926941,0.09344115004492363,0.0032976092333058533,0.0,0.5230417539371676,0.6412979229116759,0.6412979229116759,0.6412979229116759,0.6418426058732959,0.6418426058732959,0.6417428864608516,0.6417428864608516,0.6417428864608516,0.6378926413993031,0.6384737768739788,0.6365700534921462,0.6300738776472541,0.61186981021823,0.6001961750581442,0.5699517517789565,0.4169371777449377,0.11239676182970164,0.004994989689044432,0.0,0.5259034029260985,0.9958202716823407,0.9958202716823407,0.9958202716823407,0.9947753396029259,0.9947753396029259,0.9937304075235109,0.9937304075235109,0.9937304075235109,0.9916405433646813,0.9905956112852664,0.9895506792058516,0.9822361546499477,0.9686520376175548,0.955067920585162,0.9059561128526645,0.7126436781609196,0.2173458725182863,0.008359456635318705,0.0,0.8252763570367927,0.6452268111035884,0.6452268111035884,0.6452268111035884,0.6445497630331753,0.6445497630331753,0.6438727149627623,0.6438727149627623,0.6438727149627623,0.6425186188219364,0.6418415707515234,0.6411645226811103,0.6364251861882194,0.6276235612728503,0.6188219363574814,0.5870006770480705,0.4617467840216655,0.14082599864590387,0.005416384563303994,0.0,0.534725439190393,0.6413189119380096,0.6413189119380096,0.6413189119380096,0.6418671845395985,0.6418671845395985,0.641873136472288,0.641873136472288,0.641873136472288,0.6395811031016875,0.6401634321592855,0.6390215926883442,0.6354500818330606,0.624263117383305,0.6174059284109839,0.6007946851700581,0.48308162916060576,0.1629680167312793,0.008305702917771883,0.0,0.5360182002034984,0.9912945474330573,0.9912945474330573,0.9912945474330573,0.9902806533241315,0.9902806533241315,0.989224592397454,0.989224592397454,0.989224592397454,0.9871072916605698,0.9868592801304416,0.985805584037525,0.9792958473566307,0.9658649679997806,0.9531774693178443,0.9134442091962464,0.7510991159486183,0.2760533557991515,0.012508320352006885,0.0,0.8280702193651901,0.8125443670691819,0.8125443670691819,0.8125443670691819,0.8132128269328172,0.8132128269328172,0.8137872785724516,0.8137872785724516,0.8137872785724516,0.8146345934073926,0.8149689128680928,0.8152832779282024,0.8169582134812847,0.8195481062482418,0.8216088529720628,0.826581709410317,0.8389477852055214,0.868560040296635,0.9091944932435496,1.0,0.8343003460974651,0.7991354527382863,0.7991354527382863,0.7991354527382863,0.799055189726739,0.799055189726739,0.7985733655012895,0.7985733655012895,0.7985733655012895,0.7953365360182675,0.7952793982570476,0.7936739436287792,0.786690118614452,0.7698629348296715,0.7571182951533727,0.7185758648571702,0.5450941605907969,0.1562977039757991,0.006461841819437473,0.0,0.6587172437851052,953.0,953.0,953.0,952.0,952.0,951.0,951.0,951.0,949.0,948.0,947.0,940.0,927.0,914.0,867.0,682.0,208.0,8.0,0.0,789.7894736842105,4.0,4.0,4.0,5.0,5.0,6.0,6.0,6.0,8.0,9.0,10.0,17.0,30.0,43.0,90.0,275.0,749.0,949.0,957.0,167.21052631578948,524.0,524.0,524.0,525.0,525.0,526.0,526.0,526.0,528.0,529.0,530.0,537.0,550.0,563.0,610.0,795.0,1269.0,1469.0,1477.0,687.2105263157895,0.43260188087774293,0.8150231583882822,0.4399164054336468,0.9916405433646813,0.6425186188219364,1.0,0.0,0.0,0.24917134515201653,0.7797863599013969,0.8785357737104825,0.43903333538138534,773.4569773104798,949,8,528,7,2,0,0,7.0,601,0.589975349219392,0.7502612330198537,0.4861205145565335,718,239,759,1477,957,17,2
fencing_002_fencing_aria02_rgb,0.6102659311497243,0.8107531008702461,0.49477499603510705,0.6102659311497243,0.6102659311497243,0.6102659311497243,0.6102659311497243,0.6102659311497243,0.6102659311497243,0.6082620305753468,0.6082620305753468,0.6062764592226968,0.60430904049508,0.5965373229819763,0.5947351870354398,0.592950583415461,0.542984105713771,0.44747401903304307,0.3299445779634567,0.1624614660582209,0.012522301566605453,0.0,0.49306919534393634,0.5888888888888889,0.5888888888888889,0.5888888888888889,0.5888888888888889,0.5888888888888889,0.5888888888888889,0.5877128053293856,0.5877128053293856,0.5865384615384616,0.5853658536585366,0.5795287187039765,0.5772058823529411,0.5748898678414097,0.5321428571428571,0.4473684210526316,0.31433823529411764,0.14035087719298245,0.010362694300518135,0.0,0.4766763585826599,0.6324189736789358,0.6324189736789358,0.6324189736789358,0.6324189736789358,0.6324189736789358,0.6324189736789358,0.6295297541326942,0.6295297541326942,0.6266786734555979,0.6238652530578106,0.614045113253955,0.6127968434004946,0.6115786936598542,0.5540462210481839,0.44757964193907057,0.3463257482043922,0.1880553116707286,0.015131975524663405,0.0,0.5101935171344082,0.9987437185929648,0.9987437185929648,0.9987437185929648,0.9987437185929648,0.9987437185929648,0.9987437185929648,0.9974874371859297,0.9974874371859297,0.9962311557788944,0.9949748743718593,0.9886934673366834,0.9861809045226131,0.9836683417085427,0.9359296482412061,0.8329145728643216,0.6444723618090452,0.3316582914572864,0.02763819095477387,0.0,0.8268315260513092,0.5893254262416605,0.5893254262416605,0.5893254262416605,0.5893254262416605,0.5893254262416605,0.5893254262416605,0.5885841363973313,0.5885841363973313,0.5878428465530022,0.5871015567086731,0.5833951074870274,0.5819125277983692,0.5804299481097109,0.5522609340252038,0.49147516679021497,0.38028169014084506,0.19570051890289103,0.01630837657524092,0.0,0.4878857633334634,0.6354118732329815,0.6354118732329815,0.6354118732329815,0.6354118732329815,0.6354118732329815,0.6354118732329815,0.6337109041710441,0.6337109041710441,0.6320174305142376,0.6303314806542477,0.6243712512220555,0.6236506263975375,0.6229438753982678,0.5852705719452008,0.49517579852305516,0.38928767984486096,0.23849889685952888,0.02280537332083724,0.0,0.5233813701273583,0.9950107295903108,0.9950107295903108,0.9950107295903108,0.9950107295903108,0.9950107295903108,0.9950107295903108,0.9937742894688294,0.9937742894688294,0.9925464615104481,0.9913272783369971,0.9851771551018029,0.9826676720479696,0.9801834927157882,0.9352153630261818,0.8540640273113511,0.7410185218801644,0.45940104885426486,0.04292977002215619,0.0,0.8380075656466657,0.8107531008702461,0.8107531008702461,0.8107531008702461,0.8107531008702461,0.8107531008702461,0.8107531008702461,0.8113621141002463,0.8113621141002463,0.8118658275002598,0.8122772307474861,0.8141518891501477,0.8147559105405714,0.8152974122929986,0.8221529524741538,0.8337736674222568,0.8506231263720285,0.8739611724260558,0.9097620489814843,1.0,0.8339928458594427,0.794748059123674,0.794748059123674,0.794748059123674,0.794748059123674,0.794748059123674,0.794748059123674,0.7924317138290905,0.7924317138290905,0.7901372153991069,0.7878643612869941,0.7791677560860686,0.7773857120588864,0.7756227171870778,0.7201029681753828,0.6105699028681704,0.4724376920828495,0.24974007161082767,0.020450438358959735,0.0,0.649306874606029,795.0,795.0,795.0,795.0,795.0,795.0,794.0,794.0,793.0,792.0,787.0,785.0,783.0,745.0,663.0,513.0,264.0,22.0,0.0,658.1578947368421,1.0,1.0,1.0,1.0,1.0,1.0,2.0,2.0,3.0,4.0,9.0,11.0,13.0,51.0,133.0,283.0,532.0,774.0,796.0,137.8421052631579,554.0,554.0,554.0,554.0,554.0,554.0,555.0,555.0,556.0,557.0,562.0,564.0,566.0,604.0,686.0,836.0,1085.0,1327.0,1349.0,690.8421052631579,0.29396984924623115,0.8122772307474861,0.2952261306532663,0.9949748743718593,0.5871015567086731,1.0,0.0,0.0,0.10719041049247363,0.7384615384615385,0.9267886855241264,0.2952261306532663,643.323566752009,792,4,557,1,2,0,0,1.0,601,0.49044289044289047,0.6608040201005025,0.3899184581171238,526,270,823,1349,796,11,2
fencing_002_fencing_aria03_rgb,0.7793678730485126,0.7565385492717237,0.5896218400251106,0.7793678730485126,0.7793678730485126,0.7793678730485126,0.7793678730485126,0.7793678730485126,0.7793678730485126,0.7793678730485126,0.7793678730485126,0.7781749798124937,0.7711586045815535,0.7664938360865373,0.7446379214194659,0.6809121327186226,0.5265649973550676,0.32851850668371196,0.14233613634274092,0.03109508180072235,0.004784394791708175,0.0,0.5794536618937224,0.6205472379969025,0.6205472379969025,0.6205472379969025,0.6205472379969025,0.6205472379969025,0.6205472379969025,0.6205472379969025,0.6205472379969025,0.6197110423116615,0.6147119341563786,0.6113963039014374,0.595831215048297,0.5493583415597236,0.43333333333333335,0.2791361043194784,0.12508960573476702,0.028505897771952816,0.004158669225847729,0.0,0.4645058079651631,0.9788364919661353,0.9788364919661353,0.9788364919661353,0.9788364919661353,0.9788364919661353,0.9788364919661353,0.9788364919661353,0.9788364919661353,0.977159123948016,0.9674215846098813,0.9609361342383382,0.9306085683526285,0.8439688585906696,0.6398554533220207,0.3866372266561902,0.1619605049514394,0.03391944080936679,0.005504268860973952,0.0,0.7230875315825583,1.0,1.0,1.0,1.0,1.0,1.0,1.0,1.0,0.9991680532445923,0.9941763727121464,0.9908485856905158,0.9750415973377704,0.9259567387687188,0.7895174708818635,0.569883527454243,0.29034941763727123,0.0723793677204659,0.010815307820299502,0.0,0.769375602066731,0.6205472379969025,0.6205472379969025,0.6205472379969025,0.6205472379969025,0.6205472379969025,0.6205472379969025,0.6205472379969025,0.6205472379969025,0.6200309757356737,0.6169334021683015,0.6148683531233867,0.6050593701600413,0.5745998967475477,0.4899328859060403,0.3536396489416624,0.18017552916881777,0.04491481672689726,0.006711409395973154,0.0,0.4774339048447138,0.9788372678923922,0.9788372678923922,0.9788372678923922,0.9788372678923922,0.9788372678923922,0.9788372678923922,0.9788372678923922,0.9788372678923922,0.977988392922703,0.9730351784682433,0.9697090351792632,0.9538567688664513,0.9054705170926562,0.7710805138608116,0.5517640914777076,0.27591549900118717,0.06458584351750912,0.010879303724561628,0.0,0.751841225644749,0.9985579589572934,0.9985579589572934,0.9985579589572934,0.9985579589572934,0.9985579589572934,0.9985579589572934,0.9985579589572934,0.9985579589572934,0.9977255042133034,0.9927270732992617,0.9893950365190872,0.9735716354426356,0.9247656063709657,0.7901610045349605,0.570928126062964,0.2971390926823032,0.09200151726687959,0.01101796151712957,0.0,0.7698892752404125,0.7565385492717237,0.7565385492717237,0.7565385492717237,0.7565385492717237,0.7565385492717237,0.7565385492717237,0.7565385492717237,0.7565385492717237,0.7568047460321261,0.758157724900067,0.7588870151981395,0.7617993176093509,0.7688090295913472,0.7842751316993104,0.8062201581728508,0.8360570086119015,0.8755477226815593,0.9097631208786484,1.0,0.7930857562920576,0.9893616588316607,0.9893616588316607,0.9893616588316607,0.9893616588316607,0.9893616588316607,0.9893616588316607,0.9893616588316607,0.9893616588316607,0.9881023123064384,0.9807077453915047,0.9757777459795695,0.9525660423208265,0.8840128120807833,0.7107580877040865,0.469401945641425,0.21685280328575146,0.0495486395293931,0.007715592139111723,0.0,0.7447545787911672,1202.0,1202.0,1202.0,1202.0,1202.0,1202.0,1202.0,1202.0,1201.0,1195.0,1191.0,1172.0,1113.0,949.0,685.0,349.0,87.0,13.0,0.0,924.7894736842105,0.0,0.0,0.0,0.0,0.0,0.0,0.0,0.0,1.0,7.0,11.0,30.0,89.0,253.0,517.0,853.0,1115.0,1189.0,1202.0,277.2105263157895,735.0,735.0,735.0,735.0,735.0,735.0,735.0,735.0,736.0,742.0,746.0,765.0,824.0,988.0,1252.0,1588.0,1850.0,1924.0,1937.0,1012.2105263157895,0.3777038269550749,0.7584511212068132,0.3785357737104825,0.9950083194675541,0.6174496644295302,1.0,0.0,0.0,0.13736068299779416,0.7620261229690984,1.232945091514143,0.3785357737104825,907.1075409633486,1196,6,741,1,2,0,0,3.0,601,0.7531060847403632,0.9833610648918469,0.6102219927723284,1182,20,755,1937,1202,7,2
fencing_003_fencing_aria01_rgb,0.7112610321761315,0.8211232535270798,0.5840329728474941,0.7112610321761315,0.7112610321761315,0.7112610321761315,0.7112610321761315,0.7112610321761315,0.7112610321761315,0.7112610321761315,0.7112610321761315,0.7112610321761315,0.7112610321761315,0.7071225477074001,0.7050612294239283,0.6907779508394767,0.6494032589103301,0.6082831602217115,0.44991297368860583,0.13858692344775478,0.010336870889178926,0.0,0.5827418545731421,0.5058922558922558,0.5058922558922558,0.5058922558922558,0.5058922558922558,0.5058922558922558,0.5058922558922558,0.5058922558922558,0.5058922558922558,0.5058922558922558,0.5058922558922558,0.5033613445378151,0.5020990764063812,0.493322203672788,0.46759639048400325,0.44157937147461723,0.33707025411061287,0.11049037864680322,0.008455467869222097,0.0,0.41699458137498957,1.0,1.0,1.0,1.0,1.0,1.0,1.0,1.0,1.0,1.0,0.9933665008291874,0.9900662251655629,0.967266775777414,0.9018987341772151,0.8379204892966361,0.6005326231691078,0.173828125,0.012636899747262006,0.0,0.8146061249032834,1.0,1.0,1.0,1.0,1.0,1.0,1.0,1.0,1.0,1.0,0.9966722129783694,0.9950083194675541,0.9833610648918469,0.9484193011647255,0.9118136439267887,0.7504159733777038,0.2961730449251248,0.024958402662229616,0.0,0.8372011559681233,0.5058922558922558,0.5058922558922558,0.5058922558922558,0.5058922558922558,0.5058922558922558,0.5058922558922558,0.5058922558922558,0.5058922558922558,0.5058922558922558,0.5058922558922558,0.5042087542087542,0.5033670033670034,0.49747474747474746,0.4797979797979798,0.4612794612794613,0.37962962962962965,0.14983164983164984,0.012626262626262626,0.0,0.42353358142831826,1.0,1.0,1.0,1.0,1.0,1.0,1.0,1.0,1.0,1.0,0.9966722129783694,0.9950083194675542,0.9833610648918469,0.9484193011647255,0.9118136439267887,0.7504159733777039,0.2961730449251248,0.024958402662229616,0.0,0.8372011559681233,1.0,1.0,1.0,1.0,1.0,1.0,1.0,1.0,1.0,1.0,0.9966722129783694,0.9950083194675542,0.9833610648918469,0.9484193011647255,0.9118136439267887,0.7504159733777039,0.2961730449251248,0.024958402662229616,0.0,0.8372011559681233,0.8211232535270798,0.8211232535270798,0.8211232535270798,0.8211232535270798,0.8211232535270798,0.8211232535270798,0.8211232535270798,0.8211232535270798,0.8211232535270798,0.8211232535270798,0.822118877066513,0.822504047483886,0.8247555097308527,0.8300560009511082,0.8338366817144448,0.8449751059544478,0.8707476749238642,0.9141976274613942,1.0,0.8407591610819637,1.0,1.0,1.0,1.0,1.0,1.0,1.0,1.0,1.0,1.0,0.9950179840987827,0.9925341963194879,0.9752807219785395,0.9248665672353525,0.8740865716086041,0.6713041583071804,0.22689910769960117,0.017759415313979027,0.0,0.8251446696085015,601.0,601.0,601.0,601.0,601.0,601.0,601.0,601.0,601.0,601.0,599.0,598.0,591.0,570.0,548.0,451.0,178.0,15.0,0.0,503.1578947368421,0.0,0.0,0.0,0.0,0.0,0.0,0.0,0.0,0.0,0.0,2.0,3.0,10.0,31.0,53.0,150.0,423.0,586.0,601.0,97.84210526315789,587.0,587.0,587.0,587.0,587.0,587.0,587.0,587.0,587.0,587.0,589.0,590.0,597.0,618.0,640.0,737.0,1010.0,1173.0,1188.0,684.8421052631579,0.02329450915141431,0.8211232535270798,0.02329450915141431,1.0,0.5058922558922558,1.0,0.0,0.0,-0.15558223732150592,0.6718837339295696,0.9767054908485857,0.02329450915141431,493.49507536977495,601,0,587,0,1,0,0,0.0,601,0.6718837339295696,1.0,0.5058922558922558,601,0,587,1188,601,4,1
fencing_003_fencing_aria02_rgb,0.8679001796429866,0.8011684037172568,0.6953342015104921,0.8679001796429866,0.8679001796429866,0.8679001796429866,0.8679001796429866,0.8679001796429866,0.8679001796429866,0.8676186407283357,0.8676186407283357,0.8676186407283357,0.8676186407283357,0.8648330278307064,0.8269347488577491,0.7867298366037385,0.7179746160829605,0.6231686539859163,0.43355208513285315,0.12502063003171013,0.018667757599192644,0.0,0.6881451050997941,0.7564766839378239,0.7564766839378239,0.7564766839378239,0.7564766839378239,0.7564766839378239,0.7564766839378239,0.7553398058252427,0.7553398058252427,0.7553398058252427,0.7553398058252427,0.7530704589528119,0.7219047619047619,0.688667496886675,0.631768953068592,0.5523755008586148,0.38792221084953943,0.10558499796167957,0.012696041822255415,0.0,0.6007478815385707,0.99573554323353,0.99573554323353,0.99573554323353,0.99573554323353,0.99573554323353,0.99573554323353,0.996587363639413,0.996587363639413,0.996587363639413,0.996587363639413,0.9931821878484994,0.9472455577992743,0.8987556964727734,0.8159431495259112,0.7030347484763221,0.48454923504225517,0.14803388961752373,0.027448332217316792,0.0,0.7883660795241426,0.9974380871050385,0.9974380871050385,0.9974380871050385,0.9974380871050385,0.9974380871050385,0.9974380871050385,0.9965841161400513,0.9965841161400513,0.9965841161400513,0.9965841161400513,0.9948761742100769,0.9709649871904356,0.9444918872758327,0.89666951323655,0.8240819812126388,0.6473099914602903,0.22117847993168233,0.029035012809564473,0.0,0.8157670007640793,0.7579493835171967,0.7579493835171967,0.7579493835171967,0.7579493835171967,0.7579493835171967,0.7579493835171967,0.7573004542504866,0.7573004542504866,0.7573004542504866,0.7573004542504866,0.7560025957170668,0.7378325762491889,0.7177157689811811,0.6813757300454251,0.6262167423750811,0.4918883841661259,0.16807268007787152,0.022063595068137574,0.0,0.6198982205676424,0.9957355455999194,0.9957355455999194,0.9957355455999194,0.9957355455999194,0.9957355455999194,0.9957355455999194,0.996587363639413,0.996587363639413,0.996587363639413,0.996587363639413,0.9948761927169799,0.9711318519497547,0.9448236315635865,0.8969391976891756,0.8241466658378205,0.6503506784777457,0.2542681973630393,0.053345129977728896,0.0,0.818454961775421,0.9995719178082192,0.9995719178082192,0.9995719178082192,0.9995719178082192,0.9995719178082192,0.9995719178082192,1.0,1.0,1.0,1.0,0.9982889842632332,0.9744175706049055,0.9480010907316513,0.8999601578903166,0.8270006579488445,0.652421495814196,0.2548337793575889,0.053434225542068677,0.0,0.8213573404737958,0.8011684037172568,0.8011684037172568,0.8011684037172568,0.8011684037172568,0.8011684037172568,0.8011684037172568,0.801593268776386,0.801593268776386,0.801593268776386,0.801593268776386,0.8020621395647379,0.8075654443902662,0.8127026795906928,0.8200122431426771,0.8284860899072329,0.8417985353204817,0.8726255550104096,0.9139296607868594,1.0,0.8269771497432865,0.9965864515963221,0.9965864515963221,0.9965864515963221,0.9965864515963221,0.9965864515963221,0.9965864515963221,0.9965857398884094,0.9965857398884094,0.9965857398884094,0.9965857398884094,0.9940288201759088,0.9590319446685649,0.9213400370989395,0.8553545152240072,0.7611558765362695,0.5600478204558004,0.18094725939891532,0.028230527404406992,0.0,0.8013683405312834,1168.0,1168.0,1168.0,1168.0,1168.0,1168.0,1167.0,1167.0,1167.0,1167.0,1165.0,1137.0,1106.0,1050.0,965.0,758.0,259.0,34.0,0.0,955.2631578947369,3.0,3.0,3.0,3.0,3.0,3.0,4.0,4.0,4.0,4.0,6.0,34.0,65.0,121.0,206.0,413.0,912.0,1137.0,1171.0,215.73684210526315,373.0,373.0,373.0,373.0,373.0,373.0,374.0,374.0,374.0,374.0,376.0,404.0,435.0,491.0,576.0,783.0,1282.0,1507.0,1541.0,585.7368421052631,0.677198975234842,0.801593268776386,0.677198975234842,0.9965841161400513,0.7573004542504866,1.0,0.0,0.0,0.47946997836212,0.8606194690265486,0.6222961730449251,0.677198975234842,935.4593446620426,1167,4,374,0,2,0,0,0.0,601,0.8606194690265486,0.9965841161400513,0.7573004542504866,1167,4,374,1541,1171,12,2
fencing_003_fencing_aria03_rgb,0.7622053424440594,0.7576158273488305,0.5774588311254547,0.7622053424440594,0.7622053424440594,0.7622053424440594,0.7622053424440594,0.7622053424440594,0.7622053424440594,0.7622053424440594,0.7599418431828366,0.757692750690921,0.7565568191859865,0.7442355664700916,0.70520820400928,0.6509418857735909,0.5385044988235044,0.342436443336111,0.1534853130554546,0.043429091742165235,0.006625396760025605,0.0,0.5681313268493886,0.5809569840502659,0.5809569840502659,0.5809569840502659,0.5809569840502659,0.5809569840502659,0.5809569840502659,0.5809569840502659,0.5794302269435055,0.5779064158224795,0.577145612343298,0.5688249400479616,0.5421970768505422,0.5045998160073597,0.42465156794425085,0.27673692427790786,0.12521499828001376,0.03676703645007924,0.004298434141848327,0.0,0.4360248388137425,1.0,1.0,1.0,1.0,1.0,1.0,1.0,0.9966887783305693,0.9934105051118256,0.9917397073034582,0.9737382090742296,0.917228499074113,0.8397255116087846,0.6828824314884521,0.4237335441616988,0.18813833524199378,0.05129828758731354,0.010212063458271938,0.0,0.7404629406547742,1.0,1.0,1.0,1.0,1.0,1.0,1.0,0.9983361064891847,0.9966722129783694,0.9958402662229617,0.9866888519134775,0.956738768718802,0.9126455906821963,0.8111480865224625,0.5898502495840267,0.30282861896838603,0.09650582362728785,0.011647254575707155,0.0,0.7715211489622559,0.5809569840502659,0.5809569840502659,0.5809569840502659,0.5809569840502659,0.5809569840502659,0.5809569840502659,0.5809569840502659,0.5799903334944417,0.5790236829386177,0.5785403576607057,0.5732237796036733,0.55582406959884,0.5302078298695022,0.4712421459642339,0.34267762203963265,0.17593040115998065,0.05606573223779604,0.006766553890768487,0.0,0.4482205998321081,1.0,1.0,1.0,1.0,1.0,1.0,1.0,0.998338879645036,0.9966833241203449,0.9958465214617243,0.9866916578047269,0.9567850683643203,0.9127737575023093,0.8113946840735526,0.5936626543912473,0.31467700352891703,0.09753858511675943,0.02020442120275731,0.0,0.7728735030111419,1.0,1.0,1.0,1.0,1.0,1.0,1.0,0.998338879645036,0.9966833241203449,0.9958465214617243,0.9866916578047269,0.9567850683643203,0.9127737575023093,0.8113946840735526,0.5936626543912473,0.31467700352891703,0.09753858511675943,0.02020442120275731,0.0,0.7728735030111419,0.7576158273488305,0.7576158273488305,0.7576158273488305,0.7576158273488305,0.7576158273488305,0.7576158273488305,0.7576158273488305,0.758236573764373,0.758788688625762,0.759040449522176,0.7611925867757817,0.7669502345038205,0.7735615314435337,0.7858471152166643,0.8072255128569619,0.8383552843545956,0.8741307051097537,0.9109465833227504,1.0,0.7946097924704203,1.0,1.0,1.0,1.0,1.0,1.0,1.0,0.9975121023526495,0.9950400225748525,0.9937878718041179,0.9801921421720016,0.9367753545210088,0.8754266305939685,0.7442571985689251,0.49993933310042954,0.23869158392441114,0.07036038298846284,0.01090607641829864,0.0,0.7548888788957434,1202.0,1202.0,1202.0,1202.0,1202.0,1202.0,1202.0,1200.0,1198.0,1197.0,1186.0,1150.0,1097.0,975.0,709.0,364.0,116.0,14.0,0.0,927.3684210526316,0.0,0.0,0.0,0.0,0.0,0.0,0.0,2.0,4.0,5.0,16.0,52.0,105.0,227.0,493.0,838.0,1086.0,1188.0,1202.0,274.63157894736844,867.0,867.0,867.0,867.0,867.0,867.0,867.0,869.0,871.0,872.0,883.0,919.0,972.0,1094.0,1360.0,1705.0,1953.0,2055.0,2069.0,1141.6315789473683,0.2703826955074875,0.759040449522176,0.2703826955074875,0.9958402662229617,0.5785403576607057,1.0,0.0,0.0,0.03042547261068606,0.731886273310914,1.4509151414309485,0.2703826955074875,908.5714180780446,1197,5,872,0,2,0,0,3.0,601,0.731886273310914,0.9958402662229617,0.5785403576607057,1197,5,872,2069,1202,4,2
fencing_004_fencing_aria01_rgb,0.7279379936250744,0.7981959008294907,0.5810371225695783,0.7279379936250744,0.7279379936250744,0.723154006598189,0.7184604181533298,0.7161470381985279,0.7115861563738572,0.7071118704555001,0.7041803741533063,0.696919489262068,0.6940956752971371,0.688681091818907,0.686604087608497,0.6812461849666237,0.6607760116364783,0.5895366908341668,0.39152594423774567,0.13045768271415825,0.003076574535139079,0.0,0.5768123833733569,0.7923076923076923,0.7923076923076923,0.7868098159509203,0.7813455657492355,0.7786259541984732,0.7732115677321156,0.7678300455235205,0.762481089258699,0.7518796992481203,0.7466266866566716,0.7414050822122571,0.7388059701492538,0.7336309523809523,0.71071953010279,0.6293706293706294,0.4172749391727494,0.11911623439000961,0.0025817555938037868,0.0,0.6224384685423994,0.6687979022638528,0.6687979022638528,0.6646481864578494,0.660636464939921,0.6586815884508688,0.6548723261190911,0.6511951443605751,0.6503374396141236,0.6459767101026914,0.645260630347285,0.6397064946111329,0.6380906383653873,0.6326019411059256,0.6143421125504501,0.5522239100786344,0.36736585550803025,0.14287898762333107,0.0036662304104164573,0.0,0.5347410771143905,0.9922928709055877,0.9922928709055877,0.9884393063583815,0.9845857418111753,0.9826589595375722,0.9788053949903661,0.9749518304431599,0.9710982658959537,0.9633911368015414,0.9595375722543352,0.9556840077071291,0.953757225433526,0.9499036608863198,0.9325626204238922,0.8670520231213873,0.6608863198458574,0.23892100192678228,0.005780346820809248,0.0,0.8080316397931245,0.7972136222910217,0.7972136222910217,0.7941176470588235,0.7910216718266254,0.7894736842105263,0.7863777089783281,0.7832817337461301,0.7801857585139319,0.7739938080495357,0.7708978328173375,0.7678018575851393,0.7662538699690402,0.7631578947368421,0.7492260061919505,0.6965944272445821,0.5309597523219814,0.19195046439628483,0.0046439628482972135,0.0,0.6491771223724947,0.6709213589920855,0.6709213589920855,0.6684230372310869,0.6659685420394102,0.6647578905341609,0.6623701063995365,0.6600274557183293,0.6598230764978057,0.6572959930935938,0.6571579841633741,0.6537589775119269,0.6526669108325456,0.6492767644377804,0.6386675042168638,0.6024263713582598,0.4541872995583427,0.20739805080318663,0.006127450980392157,0.0,0.5527461122821457,0.9750909106825394,0.9750909106825394,0.9711429997637591,0.9672602319191982,0.9653435161463463,0.9615599064929927,0.9578433824443581,0.9552797452573389,0.9478400375576973,0.9454124351011196,0.9415433506305206,0.9397892645693292,0.9359400915878296,0.9197375516835435,0.8579800988082165,0.6653209865239083,0.3053402089012549,0.014429063209551016,0.0,0.8001023522085285,0.7981959008294907,0.7981959008294907,0.8007402235452032,0.803165401166517,0.8043183474620261,0.8063670788112739,0.8083118271142231,0.8100726480970021,0.8131528373517489,0.8144850577542958,0.8156401258074808,0.8161209516525223,0.816865158417008,0.8193899100872499,0.8262627316028673,0.8401750779931835,0.8661827249680101,0.919962872760379,1.0,0.8304002513815775,0.8146431062084999,0.8146431062084999,0.8105333999254768,0.8065068157804897,0.8045243093739841,0.8006201133092128,0.7967960203025869,0.7946958914304829,0.7888778340739152,0.7868620074159991,0.7818933856519357,0.7801176557561553,0.7751844295006904,0.7569098297134194,0.6919587115209136,0.492734277561169,0.18476144315644047,0.004603485994027239,0.0,0.6572034643623105,515.0,515.0,513.0,511.0,510.0,508.0,506.0,504.0,500.0,498.0,496.0,495.0,493.0,484.0,450.0,343.0,124.0,3.0,0.0,419.36842105263156,4.0,4.0,6.0,8.0,9.0,11.0,13.0,15.0,19.0,21.0,23.0,24.0,26.0,35.0,69.0,176.0,395.0,516.0,519.0,99.63157894736842,131.0,131.0,133.0,135.0,136.0,138.0,140.0,142.0,146.0,148.0,150.0,151.0,153.0,162.0,196.0,303.0,522.0,643.0,646.0,226.6315789473684,0.6685934489402697,0.8145105944228542,0.6782273603082851,0.9614643545279383,0.7724458204334366,1.0,0.0,0.0,0.49025199733526836,0.8566523605150215,0.47266881028938906,0.6768805972941502,406.4407866170043,499,20,147,5,2,0,0,5.0,311,0.6763948497854078,0.7591522157996147,0.6099071207430341,394,125,252,646,519,10,2
fencing_004_fencing_aria02_rgb,0.7325557528505818,0.8050082248108736,0.58971340617724,0.7325557528505818,0.7325557528505818,0.7325557528505818,0.7325557528505818,0.7325557528505818,0.7325557528505818,0.7325557528505818,0.7325557528505818,0.7325557528505818,0.7284043113640972,0.7284043113640972,0.7079560767538919,0.6647053102595719,0.5281834249247047,0.46387572362799334,0.36071153455292093,0.18892797024749924,0.034749078676879215,0.002692397307614808,0.5790322060386582,0.5379310344827586,0.5379310344827586,0.5379310344827586,0.5379310344827586,0.5379310344827586,0.5379310344827586,0.5379310344827586,0.5379310344827586,0.5379310344827586,0.5352839931153184,0.5352839931153184,0.5221843003412969,0.49413735343383586,0.4025157232704403,0.3576864535768645,0.28345323741007195,0.1524547803617571,0.02883506343713956,0.0022471910112359553,0.4292348104956898,0.9975961538461539,0.9975961538461539,0.9975961538461539,0.9975961538461539,0.9975961538461539,0.9975961538461539,0.9975961538461539,0.9975961538461539,0.9975961538461539,0.9911987797839887,0.9911987797839887,0.9598178388074472,0.894150475403059,0.6930852988760219,0.601590261022154,0.45902743023283527,0.23412698412698413,0.04187604690117253,0.0032258064516129032,0.7814559518949816,0.9936305732484076,0.9936305732484076,0.9936305732484076,0.9936305732484076,0.9936305732484076,0.9936305732484076,0.9936305732484076,0.9936305732484076,0.9936305732484076,0.9904458598726115,0.9904458598726115,0.9745222929936306,0.9394904458598726,0.8152866242038217,0.7484076433121019,0.6273885350318471,0.37579617834394907,0.07961783439490445,0.006369426751592357,0.8152866242038216,0.5397923875432526,0.5397923875432526,0.5397923875432526,0.5397923875432526,0.5397923875432526,0.5397923875432526,0.5397923875432526,0.5397923875432526,0.5397923875432526,0.5380622837370242,0.5380622837370242,0.5294117647058824,0.5103806228373703,0.4429065743944637,0.40657439446366783,0.3408304498269896,0.2041522491349481,0.04325259515570934,0.0034602076124567475,0.44290657439446374,0.9978632478632478,0.9978632478632478,0.9978632478632478,0.9978632478632478,0.9978632478632478,0.9978632478632478,0.9978632478632478,0.9978632478632478,0.9978632478632478,0.9946512822103437,0.9946512822103437,0.978591793988049,0.9432630297745562,0.8180349008574491,0.7506282638936399,0.6287180156800017,0.37942122186495175,0.08038585209003216,0.006430868167202572,0.8187129337634631,0.9983974358974359,0.9983974358974359,0.9983974358974359,0.9983974358974359,0.9983974358974359,0.9983974358974359,0.9983974358974359,0.9983974358974359,0.9983974358974359,0.995187187890944,0.995187187890944,0.9791364562974172,0.9438280015259687,0.8186859425241158,0.7513374837517959,0.6295640393686651,0.37942122186495175,0.08038585209003216,0.006430868167202572,0.8191969033920504,0.8050082248108736,0.8050082248108736,0.8050082248108736,0.8050082248108736,0.8050082248108736,0.8050082248108736,0.8050082248108736,0.8050082248108736,0.8050082248108736,0.8060327891988356,0.8060327891988356,0.8095821051276211,0.8164793270296087,0.837620742029501,0.8476122886379603,0.8611548729170553,0.8821021837591473,0.9178499958056057,0.9544105806223022,0.830734299874965,0.9956113891557089,0.9956113891557089,0.9956113891557089,0.9956113891557089,0.9956113891557089,0.9956113891557089,0.9956113891557089,0.9956113891557089,0.9956113891557089,0.9908222483108844,0.9908222483108844,0.9671421204408504,0.916540140311507,0.7517068402016366,0.6709953423766087,0.5366456437848088,0.2966210138916578,0.057741494328522595,0.00453282890790756,0.7970564433298236,312.0,312.0,312.0,312.0,312.0,312.0,312.0,312.0,312.0,311.0,311.0,306.0,295.0,256.0,235.0,197.0,118.0,25.0,2.0,256.0,2.0,2.0,2.0,2.0,2.0,2.0,2.0,2.0,2.0,3.0,3.0,8.0,19.0,58.0,79.0,117.0,196.0,289.0,312.0,58.0,266.0,266.0,266.0,266.0,266.0,266.0,266.0,266.0,266.0,267.0,267.0,272.0,283.0,322.0,343.0,381.0,460.0,553.0,576.0,322.0,0.14012738853503184,0.8060327891988356,0.14012738853503184,0.9904458598726115,0.5380622837370242,0.5,0.5,0.0,-0.051986632354019485,0.6973094170403588,0.8585209003215434,0.14012738853503184,250.67619744083788,311,3,267,0,1,1,0,1.0,311,0.6973094170403588,0.9904458598726115,0.5380622837370242,311,3,267,578,314,4,2
fencing_004_fencing_aria03_rgb,0.6717727416827503,0.7317822288663595,0.4915913542002681,0.6717727416827503,0.6717727416827503,0.6717727416827503,0.6717727416827503,0.6717727416827503,0.6693241026965511,0.6661384843799439,0.6661384843799439,0.6578251646377896,0.6421738851717061,0.6275846160380701,0.5754833193079095,0.4793578192714547,0.3568273589215519,0.26453354691968617,0.15940167817422296,0.07154882744895757,0.017312472007339794,0.001118010930012254,0.48492797256309955,0.6505494505494506,0.6505494505494506,0.6505494505494506,0.6505494505494506,0.6505494505494506,0.6469298245614035,0.6397379912663755,0.6397379912663755,0.6202804746494067,0.5944798301486199,0.5793901156677181,0.5310907237512742,0.44701348747591524,0.33629893238434166,0.2527105921601334,0.15095785440613027,0.05551651440618412,0.011447811447811448,0.0006662225183211193,0.4610002957293296,0.6936884138274371,0.6936884138274371,0.6936884138274371,0.6936884138274371,0.6936884138274371,0.6924935865405009,0.6936284641992492,0.6936284641992492,0.697642381013724,0.6936943490470096,0.6797880040354938,0.623586585098691,0.5140424737387039,0.3786088857677812,0.2769096334575771,0.16831780701121776,0.09221102520713119,0.026181570894253655,0.001876172607879925,0.5105816564187183,1.0,1.0,1.0,1.0,1.0,0.9966216216216216,0.9898648648648649,0.9898648648648649,0.9712837837837838,0.9459459459459459,0.9307432432432432,0.8800675675675675,0.7837837837837838,0.6385135135135135,0.5118243243243243,0.3327702702702703,0.13344594594594594,0.028716216216216218,0.0016891891891891893,0.7439544807965861,0.6505494505494506,0.6505494505494506,0.6505494505494506,0.6505494505494506,0.6505494505494506,0.6483516483516484,0.643956043956044,0.643956043956044,0.6318681318681318,0.6153846153846154,0.6054945054945055,0.5725274725274725,0.5098901098901099,0.4153846153846154,0.33296703296703295,0.2164835164835165,0.08681318681318681,0.01868131868131868,0.001098901098901099,0.4839791787160208,0.7512530628367579,0.7512530628367579,0.7512530628367579,0.7512530628367579,0.7512530628367579,0.7507889348624599,0.7528349312223169,0.7528349312223169,0.7583116653593733,0.7573399830359181,0.7478299954120246,0.7117422228495011,0.6309871368837162,0.5108038485750293,0.4021486437294106,0.2639843136891232,0.1516255662092669,0.04641806482812353,0.0034482758620689655,0.578808622522339,0.854977806514749,0.854977806514749,0.854977806514749,0.854977806514749,0.854977806514749,0.8546095392000986,0.8567942565924987,0.8567942565924987,0.8638700248782866,0.8664593316425103,0.8561270885022243,0.8151829380097196,0.7261838798360821,0.5923115814887122,0.472492522988184,0.3298908609606264,0.20569982884109503,0.059358098192947885,0.004098360655737705,0.6649874526818403,0.7317822288663595,0.7317822288663595,0.7317822288663595,0.7317822288663595,0.7317822288663595,0.7333076686103442,0.7360249592153403,0.7360249592153403,0.7420109342417464,0.7492957303158023,0.7528351736299069,0.7629562781892847,0.7796775215337878,0.8033943962313574,0.8226462535349984,0.8481782593421197,0.8831222191415381,0.9196009983919344,0.9509378516647334,0.7831012814521068,0.8328795914341023,0.8328795914341023,0.8328795914341023,0.8328795914341023,0.8328795914341023,0.8307551270865361,0.828612361711442,0.828612361711442,0.8231699287261033,0.8100600948118791,0.795429501334874,0.7408092393562401,0.6347425896318111,0.49167762802371073,0.3764692365165057,0.23666677445391893,0.11092874958914432,0.02741962163633155,0.0017802276501289538,0.6158700736531884,592.0,592.0,592.0,592.0,592.0,590.0,586.0,586.0,575.0,560.0,551.0,521.0,464.0,378.0,303.0,197.0,79.0,17.0,1.0,440.42105263157896,0.0,0.0,0.0,0.0,0.0,2.0,6.0,6.0,17.0,32.0,41.0,71.0,128.0,214.0,289.0,395.0,513.0,575.0,591.0,151.57894736842104,318.0,318.0,318.0,318.0,318.0,320.0,324.0,324.0,335.0,350.0,359.0,389.0,446.0,532.0,607.0,713.0,831.0,893.0,909.0,469.57894736842104,0.36993243243243246,0.7494119935131008,0.375,0.956081081081081,0.621978021978022,1.0,0.0,0.0,0.13034998028448494,0.7536617842876165,1.1061093247588425,0.37419405193459515,424.1671883284151,566,26,344,3,2,0,0,7.0,311,0.6617842876165113,0.839527027027027,0.5461538461538461,497,95,413,910,592,8,2
fencing_005_fencing_aria01_rgb,0.6923190585883762,0.7917701894782712,0.5481575921979369,0.6923190585883762,0.6923190585883762,0.6923190585883762,0.6923190585883762,0.692105804698875,0.692105804698875,0.692105804698875,0.692105804698875,0.692105804698875,0.6887460389010062,0.6752323169328582,0.6610445906677229,0.6428068284163128,0.6159689336882597,0.5296472525409155,0.3096004645522514,0.07037774254819343,0.004611888293983715,0.0,0.5488337533889148,0.6611472501478415,0.6611472501478415,0.6611472501478415,0.6611472501478415,0.6601654846335697,0.6601654846335697,0.6601654846335697,0.6601654846335697,0.6601654846335697,0.6572271386430678,0.6475073313782991,0.6379008746355685,0.6246385193753615,0.5897000565930957,0.47919957872564506,0.26077199281867147,0.05800376647834275,0.003931379556826304,0.0,0.5212787927349523,0.7249605572397316,0.7249605572397316,0.7249605572397316,0.7249605572397316,0.7255914706957998,0.7255914706957998,0.7255914706957998,0.7255914706957998,0.7255914706957998,0.7217765034493677,0.7041444316313674,0.6850279851092901,0.6615035830192469,0.6434079885646969,0.5854057987074094,0.36757186465810815,0.08539146588056726,0.0054101908321857175,0.0,0.5782862839100086,0.974716652136007,0.974716652136007,0.974716652136007,0.974716652136007,0.97384481255449,0.97384481255449,0.97384481255449,0.97384481255449,0.97384481255449,0.9712292938099389,0.962510897994769,0.953792502179599,0.941586748038361,0.9084568439407149,0.7933740191804708,0.5065387968613775,0.13426329555361813,0.00959023539668701,0.0,0.7868122791722112,0.6726835138387485,0.6726835138387485,0.6726835138387485,0.6726835138387485,0.6720818291215404,0.6720818291215404,0.6720818291215404,0.6720818291215404,0.6720818291215404,0.6702767749699158,0.6642599277978339,0.6582430806257521,0.6498194945848376,0.6269554753309265,0.5475330926594465,0.34957882069795426,0.09265944645006016,0.006618531889290012,0.0,0.5430046234720375,0.725282916248927,0.725282916248927,0.725282916248927,0.725282916248927,0.7259141932373804,0.7259141932373804,0.7259141932373804,0.7259141932373804,0.7259141932373804,0.7239144717307983,0.7139737066489581,0.702705135341783,0.6884669814994275,0.6804729655879851,0.6542531657879704,0.4959961726452457,0.15038200449419847,0.009607973834263352,0.0,0.5973934320396442,0.9976255290779182,0.9976255290779182,0.9976255290779182,0.9976255290779182,0.9968773573641713,0.9968773573641713,0.9968773573641713,0.9968773573641713,0.9968773573641713,0.9942055471627435,0.9853111546460004,0.9765228159530579,0.9644139333533798,0.9341021991750353,0.8417755968217643,0.570266381717306,0.1673594655507718,0.01280057411424227,0.0,0.8116656090329911,0.7917701894782712,0.7917701894782712,0.7917701894782712,0.7917701894782712,0.7922806650574948,0.7922806650574948,0.7922806650574948,0.7922806650574948,0.7922806650574948,0.7931171595203736,0.7954452940530063,0.7975750152764003,0.7998354201930186,0.804149874026418,0.8145995697235212,0.8358248271272077,0.8700515497411877,0.9070005522068108,1.0,0.8182149128983423,0.8406135421722429,0.8406135421722429,0.8406135421722429,0.8406135421722429,0.8406030512500462,0.8406030512500462,0.8406030512500462,0.8406030512500462,0.8406030512500462,0.8372636882928439,0.8232537210408002,0.8083158763629716,0.7892167050632017,0.7645314844123349,0.6815025688668026,0.4314967092389132,0.10707445830486045,0.007203124573520787,0.0,0.6744909347944974,1118.0,1118.0,1118.0,1118.0,1117.0,1117.0,1117.0,1117.0,1117.0,1114.0,1104.0,1094.0,1080.0,1042.0,910.0,581.0,154.0,11.0,0.0,902.4736842105264,29.0,29.0,29.0,29.0,30.0,30.0,30.0,30.0,30.0,33.0,43.0,53.0,67.0,105.0,237.0,566.0,993.0,1136.0,1147.0,244.52631578947367,544.0,544.0,544.0,544.0,545.0,545.0,545.0,545.0,545.0,548.0,558.0,568.0,582.0,620.0,752.0,1081.0,1508.0,1651.0,1662.0,759.5263157894736,0.4891020052310375,0.7931171595203736,0.4934612031386225,0.9712292938099389,0.6702767749699158,1.0,0.0,0.0,0.28817133017061575,0.7931648273406906,0.9118136439267887,0.49285181342254925,883.5325157056963,1114,33,548,5,2,0,0,7.0,601,0.6457814168743325,0.7907585004359198,0.5457280385078219,907,240,755,1662,1147,17,2
fencing_005_fencing_aria02_rgb,0.48608997560289535,0.8109177206375435,0.394178975040659,0.48608997560289535,0.48608997560289535,0.48608997560289535,0.48608997560289535,0.48608997560289535,0.48608997560289535,0.48608997560289535,0.48608997560289535,0.4857022533128014,0.48398050937121384,0.4822656818391095,0.46879437430974585,0.4407277869301359,0.4178083650636037,0.37969371942006375,0.2953279189259132,0.11842842692527532,0.014549319703679772,0.0008879146028037539,0.3935203197488163,0.541871921182266,0.541871921182266,0.541871921182266,0.541871921182266,0.541871921182266,0.541871921182266,0.541871921182266,0.541871921182266,0.5403543307086615,0.5388397246804326,0.537328094302554,0.5238558909444986,0.49474689589302767,0.4722483537158984,0.4292237442922374,0.3240270727580372,0.12347451543431442,0.011635423400129283,0.0006393861892583121,0.4384920421987988,0.43605039335881407,0.43605039335881407,0.43605039335881407,0.43605039335881407,0.43605039335881407,0.43605039335881407,0.43605039335881407,0.43605039335881407,0.43657775179435854,0.4347065049633036,0.4328457609900851,0.4195202710963693,0.3926067728463997,0.3696441259001996,0.3358791830232151,0.26917065587985617,0.11358855918293849,0.018192952380016735,0.0012330456226880395,0.3532825647657864,0.9717314487632509,0.9717314487632509,0.9717314487632509,0.9717314487632509,0.9717314487632509,0.9717314487632509,0.9717314487632509,0.9717314487632509,0.9699646643109541,0.9681978798586572,0.9664310954063604,0.950530035335689,0.9151943462897526,0.8869257950530035,0.8303886925795053,0.676678445229682,0.303886925795053,0.03180212014134275,0.0017667844522968198,0.803979914450437,0.5505505505505506,0.5505505505505506,0.5505505505505506,0.5505505505505506,0.5505505505505506,0.5505505505505506,0.5505505505505506,0.5505505505505506,0.5495495495495496,0.5485485485485485,0.5475475475475475,0.5385385385385385,0.5185185185185185,0.5025025025025025,0.47047047047047047,0.3833833833833834,0.17217217217217218,0.018018018018018018,0.001001001001001001,0.45550813971866594,0.43703254468659275,0.43703254468659275,0.43703254468659275,0.43703254468659275,0.43703254468659275,0.43703254468659275,0.43703254468659275,0.43703254468659275,0.4375683833055899,0.43628791504459863,0.43500983715916786,0.4257097689262297,0.40644347027325745,0.3891988199257602,0.3628396566248212,0.3038772634668101,0.1480764587783744,0.027938964109176876,0.0019342359767891683,0.36163921742543775,0.9897083756667747,0.9897083756667747,0.9897083756667747,0.9897083756667747,0.9897083756667747,0.9897083756667747,0.9897083756667747,0.9897083756667747,0.988323509320084,0.9864835701591872,0.9846492978770749,0.9686837927591331,0.9332427188822783,0.905334240103396,0.8525063801537233,0.7470374110850093,0.3509261356929763,0.0495415947765486,0.003389830508474576,0.8256729203501096,0.8109177206375435,0.8109177206375435,0.8109177206375435,0.8109177206375435,0.8109177206375435,0.8109177206375435,0.8109177206375435,0.8109177206375435,0.8116522162049984,0.8122959608484619,0.8128470198089361,0.8167426525565035,0.8240280809246576,0.8288224300330022,0.8357172305914605,0.8489098348613558,0.873919112308644,0.912439378457577,0.9561919369200069,0.832679348348208,0.6509407657170857,0.6509407657170857,0.6509407657170857,0.6509407657170857,0.6509407657170857,0.6509407657170857,0.6509407657170857,0.6509407657170857,0.6507418785239244,0.6487541263577731,0.646773223731199,0.6314797052235881,0.5994259744322815,0.5725791737835975,0.5281195656812195,0.42678095192057813,0.18579041432644638,0.02405357473048486,0.001475983006385195,0.5328158261817981,550.0,550.0,550.0,550.0,550.0,550.0,550.0,550.0,549.0,548.0,547.0,538.0,518.0,502.0,470.0,383.0,172.0,18.0,1.0,455.05263157894734,16.0,16.0,16.0,16.0,16.0,16.0,16.0,16.0,17.0,18.0,19.0,28.0,48.0,64.0,96.0,183.0,394.0,548.0,565.0,110.94736842105263,449.0,449.0,449.0,449.0,449.0,449.0,449.0,449.0,450.0,451.0,452.0,461.0,481.0,497.0,529.0,616.0,827.0,981.0,998.0,543.9473684210526,0.1625441696113074,0.8118600804425405,0.17491166077738515,0.9699646643109541,0.5495495495495496,1.0,0.0,0.0,-0.01994490430573368,0.7015974440894569,0.7487520798668885,0.17341855469962147,445.71118416295474,549,17,450,7,2,0,0,5.0,601,0.40766773162939296,0.5636042402826855,0.31931931931931934,319,247,680,999,566,14,2
fencing_005_fencing_aria03_rgb,0.465028444392456,0.7548029751311537,0.35100485334803805,0.465028444392456,0.465028444392456,0.465028444392456,0.465028444392456,0.465028444392456,0.465028444392456,0.465028444392456,0.465028444392456,0.465028444392456,0.45991958855422616,0.4533544457249428,0.43221881014340907,0.3974313482758168,0.3265199937018878,0.24942850881137626,0.10837415662140912,0.021899312926589243,0.0019054770291518773,0.0,0.34927934954320594,0.5024719101123596,0.5024719101123596,0.5024719101123596,0.5024719101123596,0.5024719101123596,0.5024719101123596,0.5024719101123596,0.5024719101123596,0.5024719101123596,0.49708911777877296,0.48975044563279857,0.4675153643546971,0.42924326635314236,0.35125303152789006,0.2629391764261428,0.10952538997676735,0.02014037229173024,0.0014979029358897543,0.0,0.3763790135941615,0.43037521051815764,0.43037521051815764,0.43037521051815764,0.43037521051815764,0.43037521051815764,0.43037521051815764,0.43037521051815764,0.43037521051815764,0.43037521051815764,0.4255293877304859,0.4196632290819212,0.3995870811639292,0.36797706329628316,0.3035285014433119,0.23661206311468888,0.10723502400578595,0.023811869001726306,0.0024239505922783603,0.0,0.3241971086365173,0.994661921708185,0.994661921708185,0.994661921708185,0.994661921708185,0.994661921708185,0.994661921708185,0.994661921708185,0.994661921708185,0.994661921708185,0.9875444839857651,0.9777580071174378,0.947508896797153,0.8932384341637011,0.7731316725978647,0.6192170818505338,0.29359430604982206,0.05871886120996441,0.004448398576512456,0.0,0.7635324967222326,0.5038305543037405,0.5038305543037405,0.5038305543037405,0.5038305543037405,0.5038305543037405,0.5038305543037405,0.5038305543037405,0.5038305543037405,0.5038305543037405,0.5002253267237494,0.4952681388012618,0.4799459215863001,0.45245606128886884,0.39161784587652093,0.31365479945921587,0.1487156376746282,0.029743127534925643,0.002253267237494367,0.0,0.38675553236403304,0.43075946608232607,0.43075946608232607,0.43075946608232607,0.43075946608232607,0.43075946608232607,0.43075946608232607,0.43075946608232607,0.43075946608232607,0.43075946608232607,0.4273952029537136,0.4233182302599858,0.4089865076986743,0.3853347123158834,0.3328113286300736,0.27153443763174134,0.13615033311841823,0.03205036689079242,0.003214285714285714,0.0,0.33145424210286856,0.9975539062393314,0.9975539062393314,0.9975539062393314,0.9975539062393314,0.9975539062393314,0.9975539062393314,0.9975539062393314,0.9975539062393314,0.9975539062393314,0.990433799139966,0.9806679223198378,0.9523409661378035,0.8989863748495857,0.7841443393751186,0.6441732545837329,0.3344100392615246,0.08784762764271051,0.010720290852828643,0.0,0.7716689352798469,0.7548029751311537,0.7548029751311537,0.7548029751311537,0.7548029751311537,0.7548029751311537,0.7548029751311537,0.7548029751311537,0.7548029751311537,0.7548029751311537,0.7567898622881777,0.7590689346863242,0.7648643787824592,0.773367171253011,0.7880856362620029,0.8027360185284843,0.8314419202734513,0.8693353032444212,0.9082631272992323,1.0,0.7919567962525236,0.6542765729793139,0.6542765729793139,0.6542765729793139,0.6542765729793139,0.6542765729793139,0.6542765729793139,0.6542765729793139,0.6542765729793139,0.6542765729793139,0.6482508770739005,0.6405693424818332,0.6153148092220998,0.5733160174170342,0.48442491472052834,0.38277177436758836,0.17743616445700897,0.03739259059041271,0.003283701929869333,0.0,0.4974341762670579,1118.0,1118.0,1118.0,1118.0,1118.0,1118.0,1118.0,1118.0,1118.0,1110.0,1099.0,1065.0,1004.0,869.0,696.0,330.0,66.0,5.0,0.0,858.2105263157895,6.0,6.0,6.0,6.0,6.0,6.0,6.0,6.0,6.0,14.0,25.0,59.0,120.0,255.0,428.0,794.0,1058.0,1119.0,1124.0,265.7894736842105,1101.0,1101.0,1101.0,1101.0,1101.0,1101.0,1101.0,1101.0,1101.0,1109.0,1120.0,1154.0,1215.0,1350.0,1523.0,1889.0,2153.0,2214.0,2219.0,1360.7894736842106,-0.0017793594306049821,0.7567682261392572,0.0026690391459074734,0.9884341637010676,0.5006759801712483,1.0,0.0,0.0,-0.24219795441217554,0.6646724498953036,1.843594009983361,0.0020471797114448233,840.7694992407147,1111,13,1108,5,2,0,0,5.0,601,0.33263535746335626,0.49466192170818507,0.2505633168093736,556,568,1663,2219,1124,13,2
fencing_006_fencing_aria01_rgb,0.4889419678755266,0.7867427881011443,0.3846715670260519,0.4889419678755266,0.4889419678755266,0.4889419678755266,0.4889419678755266,0.4880861595860624,0.48661489079290643,0.4861980746020202,0.4857843686233086,0.4857843686233086,0.4853737598497253,0.4808032762369004,0.4728407842783822,0.4589607563132591,0.43097401631309773,0.3873913575006062,0.21666356535700504,0.0530391715359294,0.005898161946500188,0.0006450873209705584,0.3884645089674783,0.714987714987715,0.714987714987715,0.714987714987715,0.714987714987715,0.7128834355828221,0.709736680955297,0.7086903304773562,0.7076452599388379,0.7076452599388379,0.706601466992665,0.7003654080389768,0.6859903381642513,0.6648777579010137,0.6045977011494252,0.4938469769930444,0.2565256525652565,0.0652422739412438,0.005039596832253419,0.00035829451809387314,0.5573682786284334,0.33436133647988636,0.33436133647988636,0.33436133647988636,0.33436133647988636,0.33417538869409463,0.3336364856085363,0.33355692547333915,0.33348128809503086,0.33348128809503086,0.33340956360214347,0.3300731129588741,0.3259206359601274,0.31681760042723434,0.30721023646621054,0.30388373495759236,0.18299573584075587,0.04311857247267665,0.00690299551831164,0.0011614401858304297,0.27143528159343866,0.9748743718592965,0.9748743718592965,0.9748743718592965,0.9748743718592965,0.9731993299832495,0.9706867671691792,0.9698492462311558,0.9690117252931323,0.9690117252931323,0.9681742043551089,0.9631490787269682,0.9514237855946399,0.9338358458961474,0.88107202680067,0.7730318257956449,0.47738693467336685,0.14321608040201006,0.011725293132328308,0.0008375209380234506,0.7818478356695758,0.7284105131414268,0.7284105131414268,0.7284105131414268,0.7284105131414268,0.7271589486858573,0.7252816020025031,0.7246558197747184,0.7240300375469336,0.7240300375469336,0.723404255319149,0.7196495619524406,0.7108886107634543,0.6977471839799749,0.6583229036295369,0.5775969962453066,0.3566958698372966,0.10700876095118898,0.008760951188986232,0.0006257822277847309,0.584184177590409,0.34166659410882594,0.34166659410882594,0.34166659410882594,0.34166659410882594,0.34156161022671155,0.34114398878338803,0.34110092230129974,0.341060657594542,0.341060657594542,0.3410232019341581,0.3387548991776177,0.3360809694061821,0.32957405476161067,0.3233602160830721,0.32530349475822273,0.220538621837779,0.060304132685641734,0.010357346284258427,0.0016863406408094434,0.28208302581605993,0.9201440666291615,0.9201440666291615,0.9201440666291615,0.9201440666291615,0.9183136664729689,0.9159611004717602,0.9150886752491998,0.9142289108668968,0.9142289108668968,0.913381840181703,0.9082926651442598,0.8981405514721004,0.8807310109708546,0.8373022964727902,0.7789369886099086,0.5127556829703916,0.1403182525411017,0.020398765869851572,0.0037174721189591076,0.7448617398313836,0.7867427881011443,0.7867427881011443,0.7867427881011443,0.7867427881011443,0.7877040479391815,0.7890312276686957,0.7894408801598229,0.78979456523766,0.78979456523766,0.7900755316633268,0.7913934126930916,0.7941389701954927,0.7973554867652394,0.8044511656596737,0.8153134187543258,0.838291877324352,0.8730855226939181,0.9200145941841101,0.9651442079661899,0.8148421382393325,0.5709293282665238,0.5709293282665238,0.5709293282665238,0.5709293282665238,0.5702799877025188,0.5690839319687708,0.5687705448996984,0.5684604457039575,0.5684604457039575,0.5681536226804238,0.5638347405569136,0.5568560363941446,0.5439261272358168,0.5202637270627246,0.48467700426559074,0.29556686788494346,0.0785829048971006,0.008996646372029555,0.0009862709941465542,0.46055876933625434,1164.0,1164.0,1164.0,1164.0,1162.0,1159.0,1158.0,1157.0,1157.0,1156.0,1150.0,1136.0,1115.0,1052.0,923.0,570.0,171.0,14.0,1.0,933.5263157894736,30.0,30.0,30.0,30.0,32.0,35.0,36.0,37.0,37.0,38.0,44.0,58.0,79.0,142.0,271.0,624.0,1023.0,1180.0,1193.0,260.4736842105263,434.0,434.0,434.0,434.0,436.0,439.0,440.0,441.0,441.0,442.0,448.0,462.0,483.0,546.0,675.0,1028.0,1427.0,1584.0,1597.0,664.4736842105264,0.5954773869346733,0.7895348012954708,0.6013400335008375,0.9698492462311558,0.7246558197747184,1.0,0.0,0.0,0.3913578726131953,0.829512893982808,0.7321131447587355,0.600632246197643,914.2812999001552,1158,36,440,7,2,0,0,6.0,601,0.38825214899713467,0.4539363484087102,0.33917396745932415,542,652,1056,1598,1194,18,2
fencing_006_fencing_aria02_rgb,0.5009717250749621,0.8225086330296385,0.412053568777907,0.5009717250749621,0.4995809535082279,0.4995809535082279,0.4995809535082279,0.4995809535082279,0.4981952344442547,0.4981952344442547,0.4971181474874101,0.4946635588864084,0.4932859719452901,0.4922171480543696,0.4887192216104591,0.47904445312082444,0.45915924453631557,0.42453381976589344,0.33919591268028926,0.16530949137332443,0.02266746365726078,0.0,0.4132421284796962,0.4971002485501243,0.4958609271523179,0.4958609271523179,0.4958609271523179,0.4958609271523179,0.4946236559139785,0.4946236559139785,0.4933884297520661,0.4909240924092409,0.4896949711459192,0.48846787479406917,0.4847986852917009,0.4738988580750408,0.45374094931617054,0.41836734693877553,0.3345642540620384,0.16205787781350484,0.019751693002257337,0.0,0.4094445421888493,0.5048733531246202,0.5033288880846306,0.5033288880846306,0.5033288880846306,0.5033288880846306,0.5017926026290397,0.5017926026290397,0.5008760596301348,0.49843150962366845,0.49690330604906663,0.4959951991539216,0.492671463058569,0.48424591905113135,0.46464224170398577,0.43079118254273097,0.34389169130327935,0.16862634699903464,0.02601366417524394,0.0,0.4170980365269467,0.9983361064891847,0.9966722129783694,0.9966722129783694,0.9966722129783694,0.9966722129783694,0.9950083194675541,0.9950083194675541,0.9933444259567388,0.9900166389351082,0.9883527454242929,0.9866888519134775,0.9816971713810316,0.9667221297836939,0.9384359400998337,0.8868552412645591,0.7537437603993344,0.4193011647254576,0.05823627287853577,0.0,0.8388650494789387,0.4975124378109453,0.4966832504145937,0.4966832504145937,0.4966832504145937,0.4966832504145937,0.49585406301824214,0.49585406301824214,0.49502487562189057,0.49336650082918737,0.4925373134328358,0.4917081260364842,0.4892205638474295,0.48175787728026537,0.46766169154228854,0.4419568822553897,0.3756218905472637,0.208955223880597,0.02902155887230514,0.0,0.4180413720869338,0.5080421519689406,0.5070041861227392,0.5070041861227392,0.5070041861227392,0.5070041861227392,0.5059683136800983,0.5059683136800983,0.5053693314046661,0.5037346719053678,0.50269752432814,0.5021002096000762,0.49987309286781917,0.494199283466168,0.48064101202487575,0.4563532324175155,0.3883336455429325,0.22000369754113513,0.039600665557404324,0.0,0.4284685205513787,0.9901734104046243,0.9885502812973455,0.9885502812973455,0.9885502812973455,0.9885502812973455,0.9869313897964314,0.9869313897964314,0.9852408999197858,0.9819319137170207,0.9803104410040826,0.9786233266874467,0.973637059031886,0.9588058261120451,0.9308822833789013,0.8802833779782885,0.7483295003813321,0.4185786275381651,0.07012449977767898,0.0,0.8328939510901844,0.8225086330296385,0.8237249271493466,0.8237249271493466,0.8237249271493466,0.8237249271493466,0.8246612819084423,0.8246612819084423,0.8253808254711404,0.8267123902399124,0.827306050527312,0.827799866989632,0.8290345369868488,0.8321502673417559,0.8367444112402833,0.8434156477947398,0.8547681179183476,0.8751989623454836,0.9176073016489458,1.0,0.8454131202078058,0.7099530249450119,0.7082753114031652,0.7082753114031652,0.7082753114031652,0.7082753114031652,0.7066030103694513,0.7066030103694513,0.7053668846272623,0.7024638694601852,0.7007965087983834,0.6995662467613625,0.6954525014008877,0.6842011737816385,0.6603309616423979,0.618101462648794,0.5091229876690119,0.2659045386978086,0.0389222153208177,0.0,0.5913941916897435,600.0,599.0,599.0,599.0,599.0,598.0,598.0,597.0,595.0,594.0,593.0,590.0,581.0,564.0,533.0,453.0,252.0,35.0,0.0,504.1578947368421,1.0,2.0,2.0,2.0,2.0,3.0,3.0,4.0,6.0,7.0,8.0,11.0,20.0,37.0,68.0,148.0,349.0,566.0,601.0,96.84210526315789,606.0,607.0,607.0,607.0,607.0,608.0,608.0,609.0,611.0,612.0,613.0,616.0,625.0,642.0,673.0,753.0,954.0,1171.0,1206.0,701.8421052631579,-0.03161397670549085,0.827306050527312,-0.029950083194675542,0.9883527454242929,0.4925373134328358,1.0,0.0,0.0,-0.20229651578498611,0.6574432761483121,1.0183028286189684,-0.029950083194675542,491.41979401322334,594,7,612,1,1,0,0,1.0,601,0.37188710570005534,0.5590682196339434,0.27860696517412936,336,265,870,1206,601,7,1
fencing_006_fencing_aria03_rgb,0.464712298349932,0.7698812080402462,0.35777326564480494,0.464712298349932,0.4643850250998145,0.4643850250998145,0.4643850250998145,0.4643850250998145,0.4643850250998145,0.4643850250998145,0.4631587663713703,0.4631587663713703,0.4631587663713703,0.4567221490314932,0.438403280978211,0.41606188257770427,0.35431759185553763,0.2690706172636688,0.12492781276239266,0.02616007628575037,0.0012431521453940538,0.0,0.354073963734899,0.5293048614266243,0.5272232304900182,0.5272232304900182,0.5272232304900182,0.5272232304900182,0.5272232304900182,0.5272232304900182,0.5258386219401632,0.5258386219401632,0.5258386219401632,0.5196388261851016,0.5020080321285141,0.48151408450704225,0.42265426880811496,0.3283346487766377,0.15273972602739727,0.030934150076569678,0.0008920606601248885,0.0,0.4057303109135119,0.40800214767650245,0.4090363228807656,0.4090363228807656,0.4090363228807656,0.4090363228807656,0.4090363228807656,0.4090363228807656,0.407950336692956,0.407950336692956,0.407950336692956,0.40142327883259715,0.3828572940507408,0.359506597426584,0.29702990165539517,0.22050367618649944,0.1021800863960957,0.022122786292248023,0.0017324239546461769,0.0,0.30912774420183,0.9692179700499168,0.9667221297836939,0.9667221297836939,0.9667221297836939,0.9667221297836939,0.9667221297836939,0.9667221297836939,0.9650582362728786,0.9650582362728786,0.9650582362728786,0.9575707154742097,0.9359400998336106,0.9101497504159733,0.831946755407654,0.6921797004991681,0.37104825291181365,0.08402662229617304,0.0024958402662229617,0.0,0.7605306944566074,0.538354898336414,0.5369685767097967,0.5369685767097967,0.5369685767097967,0.5369685767097967,0.5369685767097967,0.5369685767097967,0.5360443622920518,0.5360443622920518,0.5360443622920518,0.5318853974121996,0.5198706099815157,0.5055452865064695,0.46210720887245843,0.3844731977818854,0.20609981515711645,0.0466728280961183,0.0013863216266173752,0.0,0.42243895320556474,0.4165289610306142,0.41758285817384105,0.41758285817384105,0.41758285817384105,0.41758285817384105,0.41758285817384105,0.41758285817384105,0.4170004016294681,0.4170004016294681,0.4170004016294681,0.41291013673995414,0.4006522462562397,0.3843989450854305,0.3363128119800333,0.2679268526814284,0.13828223513874482,0.03019719609232138,0.002773155851358846,0.0,0.323498994462504,0.8866326192374034,0.8887518356200709,0.8887518356200709,0.8887518356200709,0.8887518356200709,0.8887518356200709,0.8887518356200709,0.8885505842577217,0.8885505842577217,0.8885505842577217,0.8808835572630715,0.8603589942960007,0.8348208809538035,0.7565815154660229,0.632422952490194,0.3473150774163302,0.10031768140200638,0.005835408287045905,0.0,0.7001753396476563,0.7698812080402462,0.7716787386954074,0.7716787386954074,0.7716787386954074,0.7716787386954074,0.7716787386954074,0.7716787386954074,0.7723938253729815,0.7723938253729815,0.7723938253729815,0.7743128072303934,0.7789364318253243,0.7832604416497815,0.7933447102954164,0.8064592643810744,0.8331021645197261,0.8683718644583973,0.9048335619107286,1.0,0.8031450717159199,0.628842598228703,0.628827850221493,0.628827850221493,0.628827850221493,0.628827850221493,0.628827850221493,0.628827850221493,0.627451856651832,0.627451856651832,0.627451856651832,0.6199928840879815,0.59860796354198,0.5720182164238314,0.4971046800637272,0.3906765523316401,0.19471451548266627,0.043114997482519686,0.0020793877618604834,0.0,0.48434076140470333,1165.0,1162.0,1162.0,1162.0,1162.0,1162.0,1162.0,1160.0,1160.0,1160.0,1151.0,1125.0,1094.0,1000.0,832.0,446.0,101.0,3.0,0.0,914.1578947368421,37.0,40.0,40.0,40.0,40.0,40.0,40.0,42.0,42.0,42.0,51.0,77.0,108.0,202.0,370.0,756.0,1101.0,1199.0,1202.0,287.8421052631579,999.0,1002.0,1002.0,1002.0,1002.0,1002.0,1002.0,1004.0,1004.0,1004.0,1013.0,1039.0,1070.0,1164.0,1332.0,1718.0,2063.0,2161.0,2164.0,1249.842105263158,0.12396006655574043,0.7724110025583574,0.129783693843594,0.9650582362728786,0.5360443622920518,1.0,0.0,0.0,-0.09567656991040391,0.6892453951277481,1.6705490848585691,0.1290806172712028,895.9967629676945,1160,42,1004,7,2,0,0,6.0,601,0.3511586452762923,0.49168053244592347,0.27310536044362294,591,611,1573,2164,1202,15,2
fencing_008_fencing_aria01_rgb,0.6897777980559918,0.7831567696321622,0.5402041520895164,0.6897777980559918,0.6897777980559918,0.6897777980559918,0.6891648161976356,0.6891648161976356,0.6888622008566164,0.6883515902812818,0.6863421992684168,0.6841600164813639,0.6819862981333074,0.679737145066002,0.6725749475574989,0.6459404049731617,0.5926866377932732,0.513922184379882,0.3782570368939771,0.11739910440363295,0.020552700595877705,0.001726772075590264,0.5526401192275332,0.6975349766822119,0.6975349766822119,0.6975349766822119,0.6952761144377911,0.6952761144377911,0.6941489361702128,0.6930232558139535,0.6885354539430086,0.686300463269358,0.6840713813615333,0.6818481848184819,0.6763157894736842,0.6417525773195877,0.5433070866141733,0.39082969432314413,0.26955655206776286,0.08564124414145718,0.013927576601671309,0.0011787819253438114,0.5386102177245049,0.6821068858138967,0.6821068858138967,0.6821068858138967,0.6831072346973545,0.6831072346973545,0.6836157300580536,0.6837114164174192,0.684155930967642,0.6820262453590548,0.6799075703413517,0.677632641209541,0.6688547970083639,0.6501555607607797,0.6465541482402061,0.6757828676636177,0.530791720187323,0.1609335531371999,0.030329289428076254,0.002529510961214165,0.5720797951882233,0.9739534883720931,0.9739534883720931,0.9739534883720931,0.9720930232558139,0.9720930232558139,0.9711627906976744,0.9702325581395349,0.9665116279069768,0.9646511627906976,0.9627906976744186,0.9609302325581396,0.9562790697674418,0.9265116279069767,0.8344186046511628,0.666046511627907,0.5032558139534884,0.1869767441860465,0.03255813953488372,0.0027906976744186047,0.7774296205630354,0.7107942973523421,0.7107942973523421,0.7107942973523421,0.7094365241004752,0.7094365241004752,0.7087576374745418,0.7080787508486083,0.7053632043448744,0.7040054310930075,0.7026476578411406,0.7012898845892735,0.6978954514596063,0.6761710794297352,0.6089613034623218,0.4860828241683639,0.3672776646300068,0.1364562118126273,0.02376103190767142,0.002036659877800407,0.5673705649051346,0.6843328424035204,0.6843328424035204,0.6843328424035204,0.68534812793186,0.68534812793186,0.68586320358351,0.6860204746110786,0.6867446304404918,0.6856301041450512,0.6845185410402802,0.6832811527874451,0.6782639623106548,0.6692445914333464,0.6776858833715023,0.7331920544211048,0.6561304592727883,0.2721905881109861,0.058922558922558925,0.005050505050505051,0.5940228153987149,0.9934455510218194,0.9934455510218194,0.9934455510218194,0.9916198613184112,0.9916198613184112,0.9907800134340116,0.9898787773675347,0.9862726038746554,0.9843478454293042,0.9824337603425434,0.9805083484081061,0.9756835795851186,0.9475100880120204,0.8844671653459505,0.8355721975760201,0.7024163381358258,0.2820061883885986,0.0588235294117647,0.005042016806722689,0.819437833043182,0.7831567696321622,0.7831567696321622,0.7831567696321622,0.7843197912874732,0.7843197912874732,0.7847963784294409,0.7852335454430754,0.786787751228818,0.7874480511533322,0.7880565966893727,0.788578315666886,0.7895908573681854,0.7945571573756973,0.8073659187354104,0.8283218618784389,0.8451318359647719,0.8783534226288839,0.919327315310206,0.9602049905904697,0.8137823099965484,0.8150707827428668,0.8150707827428668,0.8150707827428668,0.8148888126516832,0.8148888126516832,0.8148019146811127,0.8144685853855121,0.8131695165103946,0.8111210826007335,0.809078910862883,0.8069434252204244,0.7997573651381082,0.776129297857801,0.7345044657495378,0.6708970275871373,0.5168404194552159,0.1734670913916693,0.03142395960398976,0.0026568967531458085,0.6658026280173491,1047.0,1047.0,1047.0,1045.0,1045.0,1044.0,1043.0,1039.0,1037.0,1035.0,1033.0,1028.0,996.0,897.0,716.0,541.0,201.0,35.0,3.0,835.7368421052631,28.0,28.0,28.0,30.0,30.0,31.0,32.0,36.0,38.0,40.0,42.0,47.0,79.0,178.0,359.0,534.0,874.0,1040.0,1072.0,239.26315789473685,426.0,426.0,426.0,428.0,428.0,429.0,430.0,434.0,436.0,438.0,440.0,445.0,477.0,576.0,757.0,932.0,1272.0,1438.0,1470.0,637.2631578947369,0.5525581395348838,0.7880565966893727,0.5553488372093023,0.9627906976744186,0.7026476578411406,1.0,0.0,0.0,0.34850100239395415,0.8124018838304553,0.7287853577371048,0.5549050034839816,815.6385775735007,1035,40,438,3,2,0,0,6.0,601,0.5886970172684458,0.6976744186046512,0.5091649694501018,750,325,723,1473,1075,15,2
fencing_008_fencing_aria02_rgb,0.63972087820101,0.79925615850607,0.5113008516270687,0.63972087820101,0.63972087820101,0.63972087820101,0.63972087820101,0.638622244279695,0.638622244279695,0.638622244279695,0.6375789208532479,0.6346315028507712,0.6326803186743234,0.6230854598826941,0.6116745912114442,0.5955973845030725,0.5491799866155631,0.4534555091414362,0.33315656604571736,0.11665896243798714,0.014952762585185311,0.0,0.5093369584444509,0.48724082934609253,0.48724082934609253,0.48724082934609253,0.48724082934609253,0.4860557768924303,0.4860557768924303,0.4860557768924303,0.48487261146496813,0.4825119236883943,0.4813343923749007,0.4743083003952569,0.4638932496075353,0.4491064491064491,0.4139499620924943,0.34559884559884557,0.25928426738690075,0.09641387419165197,0.014138118542686243,0.0,0.38802856013219705,0.8399189422518237,0.8399189422518237,0.8399189422518237,0.8399189422518237,0.8390773040417824,0.8390773040417824,0.8390773040417824,0.8383787219661551,0.834709205384795,0.8316139298977638,0.8185298254188232,0.8065342745345476,0.7898711878502102,0.7285872335257755,0.5949727592822895,0.42807571249107684,0.14115513593048895,0.015814346743087678,0.0,0.6686921060082976,0.9870759289176091,0.9870759289176091,0.9870759289176091,0.9870759289176091,0.9854604200323102,0.9854604200323102,0.9854604200323102,0.9838449111470113,0.9806138933764136,0.9789983844911146,0.9693053311793215,0.9547657512116317,0.9337641357027464,0.8820678513731826,0.7738287560581584,0.6203554119547657,0.2649434571890145,0.0420032310177706,0.0,0.8046934784457104,0.49036918138041735,0.49036918138041735,0.49036918138041735,0.49036918138041735,0.4895666131621188,0.4895666131621188,0.4895666131621188,0.4887640449438202,0.4871589085072231,0.48635634028892455,0.48154093097913325,0.47431781701444625,0.463884430176565,0.43820224719101125,0.38443017656500805,0.30818619582664525,0.13162118780096307,0.02086677367576244,0.0,0.39976345357776466,0.8400315648262023,0.8400315648262023,0.8400315648262023,0.8400315648262023,0.8396407454692798,0.8396407454692798,0.8396407454692798,0.8393130362068738,0.8373652776886794,0.8356820613710088,0.8285776834207862,0.8235447738352748,0.8162923961436028,0.7819412073243889,0.6960656752336029,0.5628693011829144,0.23474641488337003,0.027636596350349454,0.0,0.6927938378607105,0.9944624388159576,0.9944624388159576,0.9944624388159576,0.9944624388159576,0.9928725645938762,0.9928725645938762,0.9928725645938762,0.9913947574046096,0.9883688122687757,0.9867088120868839,0.9776291003157733,0.9636473997398258,0.9452776989680695,0.9011623232486253,0.8008089005011746,0.6499916839258463,0.27858901284370413,0.0652463720662063,0.0,0.8160680169692082,0.79925615850607,0.79925615850607,0.79925615850607,0.79925615850607,0.8001932289343893,0.8001932289343893,0.8001932289343893,0.8009292967118907,0.8021474265567492,0.8026527301262535,0.8054955302187112,0.8090841482414782,0.8131737744031187,0.8208726316792034,0.8341784300641216,0.8479788986773253,0.8763568201451082,0.9092833879181769,1.0,0.8273556523983993,0.9105293900466446,0.9105293900466446,0.9105293900466446,0.9105293900466446,0.909328033484393,0.909328033484393,0.909328033484393,0.9082040735541417,0.9047250652709453,0.9023018862277845,0.890733025944219,0.8775256705669104,0.8588092844394809,0.8016628815244049,0.6785329986109034,0.5153242522628174,0.19338596048681772,0.025773118935143256,0.0,0.7330042041296487,611.0,611.0,611.0,611.0,610.0,610.0,610.0,609.0,607.0,606.0,600.0,591.0,578.0,546.0,479.0,384.0,164.0,26.0,0.0,498.10526315789474,8.0,8.0,8.0,8.0,9.0,9.0,9.0,10.0,12.0,13.0,19.0,28.0,41.0,73.0,140.0,235.0,455.0,593.0,619.0,120.89473684210526,635.0,635.0,635.0,635.0,636.0,636.0,636.0,637.0,639.0,640.0,646.0,655.0,668.0,700.0,767.0,862.0,1082.0,1220.0,1246.0,747.8947368421053,-0.05977382875605816,0.8026527301262535,-0.05492730210016155,0.9789983844911146,0.48635634028892455,1.0,0.0,0.0,-0.25297648714618803,0.6498659517426274,1.064891846921797,-0.05569809572652611,486.4075544565096,606,13,640,3,2,0,0,5.0,601,0.5919571045576407,0.8917609046849758,0.44301765650080255,552,67,694,1246,619,15,2
fencing_008_fencing_aria03_rgb,0.6848818023269143,0.7936089148209504,0.5435283039252792,0.6848818023269143,0.6848818023269143,0.6848818023269143,0.6848818023269143,0.6848818023269143,0.6848818023269143,0.6848818023269143,0.6828198715447672,0.6828198715447672,0.6798594140245202,0.6751819962279217,0.6616302494917776,0.6392851454717078,0.6063293112300165,0.5204271591419769,0.3036565490118429,0.08505433947066197,0.005758067215770643,0.0,0.5440523468770596,0.6884100174723354,0.6884100174723354,0.6884100174723354,0.6884100174723354,0.6884100174723354,0.6884100174723354,0.6884100174723354,0.6854651162790698,0.6854651162790698,0.681554524361949,0.6757225433526012,0.657518582046884,0.6332394366197183,0.5946094609460946,0.5044110015568241,0.27991169977924946,0.0825242718446602,0.005898681471200555,0.0,0.5423784503601933,0.6813716698673874,0.6813716698673874,0.6813716698673874,0.6813716698673874,0.6813716698673874,0.6813716698673874,0.6813716698673874,0.6801848349443843,0.6801848349443843,0.6781685196360044,0.6746418815162154,0.6657676284673246,0.6453885743477662,0.6182801616908596,0.5369518649209651,0.3294156686930215,0.08766197509028617,0.005620804958397694,0.0,0.5458878125411221,0.9966273187183811,0.9966273187183811,0.9966273187183811,0.9966273187183811,0.9966273187183811,0.9966273187183811,0.9966273187183811,0.9940978077571669,0.9940978077571669,0.9907251264755481,0.9856661045531198,0.96964586846543,0.9477234401349073,0.9114671163575042,0.8195615514333895,0.5345699831365935,0.18634064080944351,0.01433389544688027,0.0,0.806558977545043,0.6900175131348512,0.6900175131348512,0.6900175131348512,0.6900175131348512,0.6900175131348512,0.6900175131348512,0.6900175131348512,0.6882661996497373,0.6882661996497373,0.6859311150029188,0.6824284880326912,0.6713368359603036,0.6561587857559836,0.6310566258026854,0.5674255691768827,0.37011091652072386,0.1290134267367192,0.0099241097489784,0.0,0.5584232033674378,0.6815583054423565,0.6815583054423565,0.6815583054423565,0.6815583054423565,0.6815583054423565,0.6815583054423565,0.6815583054423565,0.6809133068937551,0.6809133068937551,0.6799663287743438,0.6779747751880026,0.6730788460456405,0.6611162302773556,0.6452995544414256,0.5934527244668778,0.4314727595253742,0.1418167642499638,0.009137276652202755,0.0,0.5603184216581679,0.9991570416145564,0.9991570416145564,0.9991570416145564,0.9991570416145564,0.9991570416145564,0.9991570416145564,0.9991570416145564,0.9966564639647946,0.9966564639647946,0.9933233790413617,0.9884246076500297,0.9727621263411813,0.9515279413793939,0.9164508498914773,0.8283549510801966,0.5676332979110688,0.20743746041706793,0.03075845554241141,0.0,0.8128465941308248,0.7936089148209504,0.7936089148209504,0.7936089148209504,0.7936089148209504,0.7936089148209504,0.7936089148209504,0.7936089148209504,0.7946510114214427,0.7946510114214427,0.7957354860029034,0.7971107645113971,0.8006369290251638,0.8046141201554672,0.8098208912423288,0.8187288891875604,0.8410704883798932,0.8721578634219903,0.9110067559286095,1.0,0.8208129797076238,0.8240592335448953,0.8240592335448953,0.8240592335448953,0.8240592335448953,0.8240592335448953,0.8240592335448953,0.8240592335448953,0.8222957213119152,0.8222957213119152,0.8196820068710279,0.8154579298299057,0.8034667574339145,0.7820804817310226,0.7506943692858095,0.6633740298351134,0.41963761563777646,0.1278084058774907,0.008975969618987062,0.0,0.6633780865031129,1182.0,1182.0,1182.0,1182.0,1182.0,1182.0,1182.0,1179.0,1179.0,1175.0,1169.0,1150.0,1124.0,1081.0,972.0,634.0,221.0,17.0,0.0,956.578947368421,4.0,4.0,4.0,4.0,4.0,4.0,4.0,7.0,7.0,11.0,17.0,36.0,62.0,105.0,214.0,552.0,965.0,1169.0,1186.0,229.42105263157896,531.0,531.0,531.0,531.0,531.0,531.0,531.0,534.0,534.0,538.0,544.0,563.0,589.0,632.0,741.0,1079.0,1492.0,1696.0,1713.0,756.421052631579,0.5354131534569984,0.7957354860029034,0.5370994940978078,0.9907251264755481,0.6859311150029188,1.0,0.0,0.0,0.3330431669927585,0.8106243532252501,0.8951747088186356,0.5368456745399124,934.9891960534115,1175,11,538,2,2,0,0,5.0,601,0.5946878233873749,0.7268128161888702,0.5032107413893754,862,324,851,1713,1186,11,2
fencing_009_fencing_aria01_rgb,0.5616155291701095,0.805395055269248,0.45232237015602833,0.5616155291701095,0.5616155291701095,0.5616155291701095,0.5616155291701095,0.5616155291701095,0.5611941364823428,0.5600816740789817,0.5600816740789817,0.5586600529736119,0.5586600529736119,0.5573653023051134,0.5494253754409001,0.5467261933010867,0.5372688528044193,0.4912199917375791,0.3789625818243604,0.09818682476543365,0.01568096990755853,0.0018688528419780806,0.4622873779666582,0.5393145161290323,0.5393145161290323,0.5393145161290323,0.5393145161290323,0.5393145161290323,0.5377643504531722,0.5331325301204819,0.5331325301204819,0.5285285285285285,0.5285285285285285,0.5239520958083832,0.5118811881188119,0.5029527559055118,0.4897560975609756,0.43380281690140843,0.31072961373390556,0.08297872340425531,0.012599469496021221,0.0013114754098360656,0.4330328044597611,0.5848387038956671,0.5848387038956671,0.5848387038956671,0.5848387038956671,0.5848387038956671,0.5856447318546953,0.588393061605571,0.588393061605571,0.5905093820713831,0.5905093820713831,0.5929093188078053,0.58972326036781,0.5943093599384759,0.5893909675271337,0.5562367759762785,0.4621787949247999,0.11618222312906279,0.019516124652661494,0.002663115845539281,0.4942501620977107,0.9452296819787986,0.9452296819787986,0.9452296819787986,0.9452296819787986,0.9452296819787986,0.9434628975265018,0.9381625441696113,0.9381625441696113,0.9328621908127208,0.9328621908127208,0.9275618374558304,0.9134275618374559,0.9028268551236749,0.8869257950530035,0.8162544169611308,0.6395759717314488,0.2067137809187279,0.03356890459363958,0.0035335689045936395,0.775897340524456,0.5567117585848075,0.5567117585848075,0.5567117585848075,0.5567117585848075,0.5567117585848075,0.5556711758584808,0.5525494276795005,0.5525494276795005,0.5494276795005203,0.5494276795005203,0.54630593132154,0.5379812695109261,0.5317377731529657,0.522372528616025,0.48074921956295524,0.37669094693028093,0.12174817898022892,0.019771071800208116,0.002081165452653486,0.45698011939317595,0.589491309486464,0.589491309486464,0.589491309486464,0.589491309486464,0.589491309486464,0.5903137149398364,0.593094926800026,0.593094926800026,0.5952888088979813,0.5952888088979813,0.5977553657998038,0.5971960083031126,0.6018371128344534,0.6005538686539508,0.5852213167410433,0.5324347924393094,0.18189780137270997,0.034127358942387546,0.004842615012106538,0.5079159986245815,0.9732142672549489,0.9732142672549489,0.9732142672549489,0.9732142672549489,0.9732142672549489,0.9717235996482526,0.9682802494700136,0.9682802494700136,0.9658054431951492,0.9658054431951492,0.9660821661998132,0.956675642532964,0.9562756609493112,0.9507955107673879,0.8999251293368941,0.7773539308777554,0.2657386554512528,0.04619741672203609,0.0058823529411764705,0.8174154098437849,0.805395055269248,0.805395055269248,0.805395055269248,0.805395055269248,0.805395055269248,0.8063501604127011,0.8090177090142645,0.8090177090142645,0.8112538603916678,0.8112538603916678,0.8129463976546043,0.8167291587365316,0.818920723428186,0.821390562238713,0.8294254431739639,0.843250318881312,0.8757668773270124,0.9144040661914247,0.9557135641606058,0.8296008256506926,0.7435098533928075,0.7435098533928075,0.7435098533928075,0.7435098533928075,0.7435098533928075,0.7433263587662973,0.7429726318294836,0.7429726318294836,0.7422020451700309,0.7422020451700309,0.7415929187890433,0.7339410602198271,0.7325015019805886,0.7230117927607143,0.6738180208831286,0.5436896650458779,0.15497247051832092,0.02559560365576032,0.0030676217728279674,0.6191271387029186,535.0,535.0,535.0,535.0,535.0,534.0,531.0,531.0,528.0,528.0,525.0,517.0,511.0,502.0,462.0,362.0,117.0,19.0,2.0,439.1578947368421,31.0,31.0,31.0,31.0,31.0,32.0,35.0,35.0,38.0,38.0,41.0,49.0,55.0,64.0,104.0,204.0,449.0,547.0,564.0,126.84210526315789,426.0,426.0,426.0,426.0,426.0,427.0,430.0,430.0,433.0,433.0,436.0,444.0,450.0,459.0,499.0,599.0,844.0,942.0,959.0,521.8421052631579,0.15371024734982333,0.8112538603916678,0.16784452296819788,0.9328621908127208,0.5494276795005203,0.5,0.5,0.0,-0.022363889952649166,0.6915520628683693,1.0046403712296983,0.16624895762015557,428.3420382868006,528,38,433,8,1,1,0,4.0,431,0.5055664702030125,0.6819787985865724,0.4016649323621228,386,180,575,961,566,15,2
fencing_009_fencing_aria02_rgb,0.7550111178849445,0.8090264586681778,0.6108239709575587,0.7550111178849445,0.7550111178849445,0.7550111178849445,0.7550111178849445,0.7550111178849445,0.7550111178849445,0.7550111178849445,0.7550111178849445,0.7540102669365478,0.7540102669365478,0.7521366354240732,0.7428686212490939,0.7300158402336515,0.6889939397593963,0.5499154589405457,0.36064810020171545,0.1480980581451115,0.016050288710012527,0.0036264210918111866,0.6073927810898979,0.6948748510131109,0.6948748510131109,0.6948748510131109,0.6948748510131109,0.6948748510131109,0.6948748510131109,0.6948748510131109,0.6948748510131109,0.6928571428571428,0.6928571428571428,0.6888361045130641,0.6808510638297872,0.6690140845070423,0.6382488479262672,0.5127659574468085,0.3377234242709313,0.13942307692307693,0.0135424091233072,0.0028208744710860366,0.5593652072016075,0.8203517328318419,0.8203517328318419,0.8203517328318419,0.8203517328318419,0.8203517328318419,0.8203517328318419,0.8203517328318419,0.8203517328318419,0.8205609027876429,0.8205609027876429,0.8212541628417449,0.8105352517661532,0.7965798319249503,0.7437736089419703,0.5897564134084721,0.38512890380610115,0.1573128015131513,0.019022595265667474,0.004662004662004662,0.659576907492644,0.9765494137353434,0.9765494137353434,0.9765494137353434,0.9765494137353434,0.9765494137353434,0.9765494137353434,0.9765494137353434,0.9765494137353434,0.9748743718592965,0.9748743718592965,0.9715242881072027,0.964824120603015,0.9547738693467337,0.9279731993299832,0.8073701842546064,0.6013400335008375,0.2914572864321608,0.031825795644891124,0.006700167504187605,0.8063122630697347,0.7066666666666667,0.7066666666666667,0.7066666666666667,0.7066666666666667,0.7066666666666667,0.7066666666666667,0.7066666666666667,0.7066666666666667,0.7054545454545454,0.7054545454545454,0.703030303030303,0.6981818181818182,0.6909090909090909,0.6715151515151515,0.5842424242424242,0.4351515151515152,0.2109090909090909,0.02303030303030303,0.0048484848484848485,0.5834768740031898,0.8203517328318419,0.8203517328318419,0.8203517328318419,0.8203517328318419,0.8203517328318419,0.8203517328318419,0.8203517328318419,0.8203517328318419,0.8207158531031342,0.8207158531031342,0.8216555878687162,0.8161339771304863,0.808992521557717,0.7787548713957575,0.6826284641990477,0.5188082825261454,0.2585434143968465,0.03655947517018863,0.009280742459396751,0.6808212055560688,1.0,1.0,1.0,1.0,1.0,1.0,1.0,1.0,0.9983154773937066,0.9983154773937066,0.9950038636144114,0.9881849846151403,0.9780779743818397,0.9504163813946758,0.8270404751885495,0.6165774836126391,0.30105659208406177,0.04030377568050055,0.009280742459396751,0.82645122251677,0.8090264586681778,0.8090264586681778,0.8090264586681778,0.8090264586681778,0.8090264586681778,0.8090264586681778,0.8090264586681778,0.8090264586681778,0.8097152733767964,0.8097152733767964,0.8106516600043658,0.812274313012855,0.814138177351101,0.8180591823817711,0.831540678120709,0.849668270756271,0.8738064224607689,0.9235299941742937,0.9591003869679333,0.830758489543636,0.8950497213863085,0.8950497213863085,0.8950497213863085,0.8950497213863085,0.8950497213863085,0.8950497213863085,0.8950497213863085,0.8950497213863085,0.8943957707175278,0.8943957707175278,0.8932347764781121,0.8843211868450411,0.8720972470834635,0.8307839523408526,0.6900374947486071,0.48124154841088035,0.21412604290479054,0.02460506512002369,0.005588936584068095,0.7286960822653349,583.0,583.0,583.0,583.0,583.0,583.0,583.0,583.0,582.0,582.0,580.0,576.0,570.0,554.0,482.0,359.0,174.0,19.0,4.0,481.36842105263156,14.0,14.0,14.0,14.0,14.0,14.0,14.0,14.0,15.0,15.0,17.0,21.0,27.0,43.0,115.0,238.0,423.0,578.0,593.0,115.63157894736842,242.0,242.0,242.0,242.0,242.0,242.0,242.0,242.0,243.0,243.0,245.0,249.0,255.0,271.0,343.0,466.0,651.0,806.0,821.0,343.63157894736844,0.5644891122278057,0.8097152733767964,0.5678391959798995,0.9748743718592965,0.7054545454545454,1.0,0.0,0.0,0.3789854088865921,0.8185654008438819,0.5638051044083526,0.5673349581312161,471.25428910529547,582,15,243,2,2,0,0,2.0,431,0.6891701828410689,0.8207705192629816,0.593939393939394,490,107,335,825,597,12,2
fencing_009_fencing_aria03_rgb,0.6023985914753259,0.7801512889478873,0.4699620375998673,0.6023985914753259,0.6023985914753259,0.6023985914753259,0.6023985914753259,0.6023985914753259,0.6023985914753259,0.6023985914753259,0.6023985914753259,0.6010583079632095,0.597093602642497,0.5906883742051244,0.5787854196426466,0.5454384296213232,0.4674911083136213,0.3806568179779818,0.24519275681664188,0.07744109493971052,0.004887691656840715,0.0,0.4688380176622212,0.7153846153846154,0.7153846153846154,0.7153846153846154,0.7153846153846154,0.7153846153846154,0.7153846153846154,0.7153846153846154,0.7153846153846154,0.7137367915465899,0.7088122605363985,0.699047619047619,0.6782690498588899,0.6351970669110908,0.540587219343696,0.43063352044907777,0.2554539057002111,0.07147147147147147,0.003374578177727784,0.0,0.5505084424273523,0.507257292381606,0.507257292381606,0.507257292381606,0.507257292381606,0.507257292381606,0.507257292381606,0.507257292381606,0.507257292381606,0.5061685117685488,0.5029833570412517,0.49912587628358,0.49389333342072433,0.46836343554687254,0.4042787704408324,0.33648010708041637,0.23534378083026194,0.08390932860330247,0.007079263977353149,0.0,0.39977284758136794,0.9946524064171123,0.9946524064171123,0.9946524064171123,0.9946524064171123,0.9946524064171123,0.9946524064171123,0.9946524064171123,0.9946524064171123,0.9933155080213903,0.9893048128342246,0.9812834224598931,0.963903743315508,0.9264705882352942,0.8368983957219251,0.7179144385026738,0.4852941176470588,0.1590909090909091,0.008021390374331552,0.0,0.7904587672389529,0.7181467181467182,0.7181467181467182,0.7181467181467182,0.7181467181467182,0.7181467181467182,0.7181467181467182,0.7181467181467182,0.7181467181467182,0.7171814671814671,0.7142857142857143,0.7084942084942085,0.6959459459459459,0.668918918918919,0.6042471042471043,0.5183397683397684,0.3503861003861004,0.11486486486486487,0.005791505791505791,0.0,0.5707173338752286,0.508984532229314,0.508984532229314,0.508984532229314,0.508984532229314,0.508984532229314,0.508984532229314,0.508984532229314,0.508984532229314,0.5082553026104606,0.5060991472756179,0.5035699194218187,0.5005488514911701,0.48377202120517626,0.4375971707300405,0.3842151385693942,0.29589281242173804,0.12526400934705434,0.011586452762923352,0.0,0.4120356359826266,0.991372138950607,0.991372138950607,0.991372138950607,0.991372138950607,0.991372138950607,0.991372138950607,0.991372138950607,0.991372138950607,0.9900484481929911,0.9861373991883138,0.978333946045567,0.9618385647770822,0.9264008524888784,0.8442790705543146,0.737233885519927,0.5369791928631535,0.2067399883637564,0.09942084942084943,0.0,0.79991522679051,0.7801512889478873,0.7801512889478873,0.7801512889478873,0.7801512889478873,0.7801512889478873,0.7801512889478873,0.7801512889478873,0.7801512889478873,0.7806257685605078,0.7818753057510864,0.7838966929385405,0.787516838987271,0.7939665491624738,0.806464238137017,0.8198075439499741,0.8396571626125796,0.8691267016990118,0.9094119879395887,1.0,0.8112399527011132,0.7103130905030492,0.7103130905030492,0.7103130905030492,0.7103130905030492,0.7103130905030492,0.7103130905030492,0.7103130905030492,0.7103130905030492,0.7090733617982043,0.7054104166344763,0.6998456602121961,0.689975095842459,0.6587297986572448,0.5816702282276144,0.491491533133539,0.33795110957318186,0.11553878729113964,0.007535618085153509,0.0,0.5620908596568213,744.0,744.0,744.0,744.0,744.0,744.0,744.0,744.0,743.0,740.0,734.0,721.0,693.0,626.0,537.0,363.0,119.0,6.0,0.0,591.2631578947369,4.0,4.0,4.0,4.0,4.0,4.0,4.0,4.0,5.0,8.0,14.0,27.0,55.0,122.0,211.0,385.0,629.0,742.0,748.0,156.73684210526315,292.0,292.0,292.0,292.0,292.0,292.0,292.0,292.0,293.0,296.0,302.0,315.0,343.0,410.0,499.0,673.0,917.0,1030.0,1036.0,444.7368421052632,0.5882352941176471,0.7818753057510864,0.5935828877005348,0.9893048128342246,0.7142857142857143,1.0,0.0,0.0,0.3724434842992032,0.8295964125560538,0.6867749419953596,0.592777994664,578.587726255804,740,8,296,4,2,0,0,4.0,431,0.5056053811659192,0.6029411764705882,0.43532818532818535,451,297,585,1036,748,12,2
fencing_011_fencing_aria03_rgb,0.4386300145658619,0.7635846909776549,0.33493116412579793,0.4386300145658619,0.4386300145658619,0.4386300145658619,0.4386300145658619,0.4386300145658619,0.4386300145658619,0.4386300145658619,0.4386300145658619,0.4386300145658619,0.4366975324069222,0.4366975324069222,0.4261986956497027,0.40839353455158217,0.3593523622609645,0.2232091825102243,0.09275298250596292,0.014767133628399702,0.0,0.0,0.33398626773754936,0.3394812680115274,0.3394812680115274,0.3394812680115274,0.3394812680115274,0.3394812680115274,0.3394812680115274,0.3394812680115274,0.3394812680115274,0.3394812680115274,0.3379389752446747,0.3379389752446747,0.33180515759312323,0.3212052302444571,0.28967813540510545,0.18753193663771078,0.07992565055762081,0.010434782608695653,0.0,0.0,0.26062053977051625,0.5667360994760843,0.5667360994760843,0.5667360994760843,0.5667360994760843,0.5667360994760843,0.5667360994760843,0.5667360994760843,0.5667360994760843,0.5667360994760843,0.5643170772836155,0.5643170772836155,0.5474457645298295,0.5192483289783308,0.44578483661511287,0.2656738902725322,0.10763898327670435,0.020898205911572112,0.0,0.0,0.4282078452334775,0.9983050847457627,0.9983050847457627,0.9983050847457627,0.9983050847457627,0.9983050847457627,0.9983050847457627,0.9983050847457627,0.9983050847457627,0.9983050847457627,0.9949152542372881,0.9949152542372881,0.9813559322033898,0.9576271186440678,0.8847457627118644,0.6220338983050847,0.29152542372881357,0.04067796610169491,0.0,0.0,0.7764495985727029,0.33967704728950404,0.33967704728950404,0.33967704728950404,0.33967704728950404,0.33967704728950404,0.33967704728950404,0.33967704728950404,0.33967704728950404,0.33967704728950404,0.33852364475201846,0.33852364475201846,0.33391003460207613,0.32583621683967706,0.30103806228373703,0.2116493656286044,0.09919261822376009,0.01384083044982699,0.0,0.0,0.2641898864809082,0.5669045495093666,0.5669045495093666,0.5669045495093666,0.5669045495093666,0.5669045495093666,0.5669045495093666,0.5669045495093666,0.5669045495093666,0.5669045495093666,0.5654404758467357,0.5654404758467357,0.5546119844266854,0.5358482075896205,0.4829014871095526,0.3261672747425299,0.14773354355538038,0.027259887005649717,0.0,0.0,0.4372391727214311,0.9983112862369828,0.9983112862369828,0.9983112862369828,0.9983112862369828,0.9983112862369828,0.9983112862369828,0.9983112862369828,0.9983112862369828,0.9983112862369828,0.9949299348618564,0.9949299348618564,0.9813858081695385,0.958113354798549,0.8888550288798931,0.637218377794049,0.3125359702739342,0.08302150095318976,0.0,0.0,0.7808311308803007,0.7635846909776549,0.7635846909776549,0.7635846909776549,0.7635846909776549,0.7635846909776549,0.7635846909776549,0.7635846909776549,0.7635846909776549,0.7635846909776549,0.7645589191307413,0.7645589191307413,0.7670714306002611,0.7704605554168257,0.7781943071095454,0.7992138017209961,0.8269622616756623,0.866926522325676,1.0,1.0,0.8005373124162812,0.7521805167750327,0.7521805167750327,0.7521805167750327,0.7521805167750327,0.7521805167750327,0.7521805167750327,0.7521805167750327,0.7521805167750327,0.7521805167750327,0.7492981171843899,0.7492981171843899,0.7329659941504573,0.7051569195152707,0.6280177109575986,0.40651957596664456,0.17714259851735242,0.029156414588511575,0.0,0.0,0.5761673736336794,589.0,589.0,589.0,589.0,589.0,589.0,589.0,589.0,589.0,587.0,587.0,579.0,565.0,522.0,367.0,172.0,24.0,0.0,0.0,458.10526315789474,1.0,1.0,1.0,1.0,1.0,1.0,1.0,1.0,1.0,3.0,3.0,11.0,25.0,68.0,223.0,418.0,566.0,590.0,590.0,131.89473684210526,1145.0,1145.0,1145.0,1145.0,1145.0,1145.0,1145.0,1145.0,1145.0,1147.0,1147.0,1155.0,1169.0,1212.0,1367.0,1562.0,1710.0,1734.0,1734.0,1275.8947368421052,-0.9508474576271186,0.7645589191307413,-0.9491525423728814,0.9949152542372881,0.33852364475201846,1.0,0.0,0.0,-1.1850913804580592,0.5051635111876076,1.9084858569051582,-0.9491525423728814,448.7960855297451,587,3,1147,1,1,0,0,2.0,601,0.3459552495697074,0.6813559322033899,0.23183391003460208,402,188,1332,1734,590,10,1
fencing_014_fencing_aria03_rgb,0.5846268269369866,0.7682630977317909,0.449147217079717,0.5846268269369866,0.5846268269369866,0.5846268269369866,0.5846268269369866,0.5846268269369866,0.5836945784700698,0.5836945784700698,0.5836945784700698,0.5836945784700698,0.5836945784700698,0.5661158374786159,0.5213257359063634,0.44705922069726994,0.38921065755058065,0.30461319573015627,0.21713398795823188,0.09987510734876322,0.019997235141340188,0.0,0.44247042130771597,0.3480546792849632,0.3480546792849632,0.3480546792849632,0.3480546792849632,0.3480546792849632,0.3438155136268344,0.3438155136268344,0.3438155136268344,0.3438155136268344,0.3438155136268344,0.33541666666666664,0.3135245901639344,0.27562189054726366,0.2446601941747573,0.19701213818860877,0.14464285714285716,0.06922435362802336,0.014240506329113924,0.0,0.26598390323159016,0.9819966433911277,0.9819966433911277,0.9819966433911277,0.9819966433911277,0.9819966433911277,0.9909365558912386,0.9909365558912386,0.9909365558912386,0.9909365558912386,0.9909365558912386,0.9554896142433235,0.8668555240793202,0.725130890052356,0.6191646191646192,0.47098214285714285,0.32595573440643866,0.1440972222222222,0.028081123244929798,0.0,0.7368643614043254,1.0,1.0,1.0,1.0,1.0,0.9909365558912386,0.9909365558912386,0.9909365558912386,0.9909365558912386,0.9909365558912386,0.972809667673716,0.9244712990936556,0.8368580060422961,0.7613293051359517,0.6374622356495468,0.48942598187311176,0.25075528700906347,0.054380664652567974,0.0,0.783272380346637,0.3480546792849632,0.3480546792849632,0.3480546792849632,0.3480546792849632,0.3480546792849632,0.3449001051524711,0.3449001051524711,0.3449001051524711,0.3449001051524711,0.3449001051524711,0.33859095688748686,0.3217665615141956,0.2912723449001052,0.26498422712933756,0.22187171398527866,0.17034700315457413,0.08727655099894847,0.01892744479495268,0.0,0.27262161713431843,0.9820374038207025,0.9820374038207025,0.9820374038207025,0.9820374038207025,0.9820374038207025,0.9909365558912386,0.9909365558912386,0.9909365558912386,0.9909365558912386,0.9909365558912386,0.9728096676737159,0.9244712990936554,0.8368580060422961,0.7613293051359517,0.6374622356495468,0.48942598187311176,0.25075528700906347,0.054380664652567974,0.0,0.778545381352085,0.9910192012782486,0.9910192012782486,0.9910192012782486,0.9910192012782486,0.9910192012782486,1.0,1.0,1.0,1.0,1.0,0.9817073170731708,0.9329268292682927,0.8445121951219512,0.7682926829268293,0.6432926829268293,0.49390243902439024,0.2530487804878049,0.054878048780487805,0.0,0.785666156947421,0.7682630977317909,0.7682630977317909,0.7682630977317909,0.7682630977317909,0.7682630977317909,0.7729475279111981,0.7729475279111981,0.7729475279111981,0.7729475279111981,0.7729475279111981,0.7774465377369174,0.7879946089098095,0.8049381759592119,0.8173065535861402,0.8354751539563127,0.8545277573026292,0.8780920871961627,0.9093665451235816,1.0,0.8090105551571426,0.9909574377293546,0.9909574377293546,0.9909574377293546,0.9909574377293546,0.9909574377293546,0.9909365558912386,0.9909365558912386,0.9909365558912386,0.9909365558912386,0.9909365558912386,0.9641107478385119,0.8952000069661085,0.7789939606754921,0.6865771400748539,0.5479355160388205,0.39941357683364054,0.190087191350554,0.03907774489719128,0.0,0.7584666238304284,331.0,331.0,331.0,331.0,331.0,328.0,328.0,328.0,328.0,328.0,322.0,306.0,277.0,252.0,211.0,162.0,83.0,18.0,0.0,259.2631578947368,0.0,0.0,0.0,0.0,0.0,3.0,3.0,3.0,3.0,3.0,9.0,25.0,54.0,79.0,120.0,169.0,248.0,313.0,331.0,71.73684210526316,620.0,620.0,620.0,620.0,620.0,623.0,623.0,623.0,623.0,623.0,629.0,645.0,674.0,699.0,740.0,789.0,868.0,933.0,951.0,691.7368421052631,-0.8912386706948641,0.7729475279111981,-0.8912386706948641,0.9909365558912386,0.3449001051524711,1.0,0.0,0.0,-1.116233265393133,0.5117004680187207,1.8821752265861027,-0.8912386706948641,253.526789154873,328,3,623,0,1,0,0,1.0,331,0.5117004680187207,0.9909365558912386,0.3449001051524711,328,3,623,951,331,7,1
legoassemble_001_legoassemble_aria02_rgb,0.42599011168818857,0.6236355108503091,0.2656625609198437,0.42599011168818857,0.42308606243988767,0.41941651162287463,0.41075777646847506,0.3901795606020521,0.36088610062984916,0.35575668587971643,0.34814841805865676,0.337839495312969,0.32032283352429913,0.29837147814859255,0.28225308402948707,0.2599221703839142,0.2191529560297718,0.14528105744582367,0.07013821259151279,0.01944423185619534,0.003046887866444019,0.0,0.2678944018199321,0.6715893108298172,0.6576011157601116,0.6393103448275862,0.6126187245590231,0.5815036593479708,0.5335483870967742,0.5198209718670077,0.5034788108791903,0.48099688473520247,0.43886198547215494,0.3868144690781797,0.34521788341822296,0.303894679100384,0.24842436974789917,0.1663395485770363,0.0843978102189781,0.022365591397849462,0.0025305778152678194,0.0,0.37891132235413977,0.2702061696483728,0.27220424652714115,0.27515620800620966,0.2754110251050123,0.26180418139124767,0.24409928092275374,0.24347386195972753,0.24073966645207823,0.2372895297568409,0.23380178979650104,0.23015048838460836,0.2307725273538113,0.222312331552103,0.19333054235108207,0.12688855917389782,0.05828787326079285,0.016904455855964323,0.003668539894198543,0.0,0.19139480407328122,0.8867223769730733,0.8755803156917363,0.8607242339832869,0.8384401114206128,0.8115134633240483,0.7678737233054782,0.754874651810585,0.7390900649953575,0.7168059424326834,0.6731662024141133,0.6155988857938719,0.5663881151346333,0.5143918291550603,0.4391829155060353,0.3147632311977716,0.17177344475394615,0.04828226555246054,0.005571030640668524,0.0,0.5579338317939695,0.7346153846153847,0.7253846153846154,0.713076923076923,0.6946153846153846,0.6723076923076923,0.6361538461538462,0.6253846153846154,0.6123076923076923,0.5938461538461538,0.5576923076923077,0.51,0.46923076923076923,0.42615384615384616,0.3638461538461538,0.26076923076923075,0.1423076923076923,0.04,0.004615384615384616,0.0,0.46222672064777326,0.2840940303886275,0.2855497724122753,0.2881522775660833,0.2890735280330102,0.27821310369495034,0.2636028820598561,0.26338680037846923,0.2610554987789096,0.25811458422697137,0.25519854068592074,0.25285413102271803,0.25458208927196585,0.24874420636451228,0.22402574600652234,0.1572687308569071,0.07668397544686205,0.02236180200097726,0.0044621472456524,0.0,0.20881178139164164,0.8756193983797612,0.8833137990980341,0.8915757097457929,0.8980357845325402,0.8715217694439545,0.826071586861312,0.818279042319239,0.8070714178324703,0.7879993346007357,0.755958595643943,0.7224528325913949,0.7141535442260617,0.6794821665814429,0.5901977595384676,0.4329281772873596,0.23566299611801753,0.081876179238561,0.022688994952819837,0.0,0.6260467941574689,0.6236355108503091,0.6305050664612686,0.63933890848217,0.6516112624520769,0.6656201165779492,0.6874944056175335,0.6938100888630087,0.7005766596579065,0.7089632509359574,0.7239950719209715,0.7422976281575062,0.7569547311982,0.7702126392600535,0.7857049467595688,0.8093940111022461,0.8370797115034098,0.8721916717856906,0.9141567726755144,1.0,0.7480811818032285,0.4894873410246629,0.4881973782261284,0.4866555417971635,0.48053683581543644,0.46093125078858427,0.4329404389732435,0.42870997979033304,0.4218154759193019,0.4124203498940863,0.39672088797406846,0.3764045486102425,0.361533977369736,0.3381651177617415,0.29138886602976316,0.19984957565030184,0.10006152496033537,0.02856895914550469,0.004520790656190015,0.0,0.3262583600203591,955.0,943.0,927.0,903.0,874.0,827.0,813.0,796.0,772.0,725.0,663.0,610.0,554.0,473.0,339.0,185.0,52.0,6.0,0.0,600.8947368421053,122.0,134.0,150.0,174.0,203.0,250.0,264.0,281.0,305.0,352.0,414.0,467.0,523.0,604.0,738.0,892.0,1025.0,1071.0,1077.0,476.10526315789474,345.0,357.0,373.0,397.0,426.0,473.0,487.0,504.0,528.0,575.0,637.0,690.0,746.0,827.0,961.0,1115.0,1248.0,1294.0,1300.0,699.1052631578947,0.13556174558960074,0.7244895671485122,0.14298978644382543,0.6750232126276694,0.5592307692307692,0.5,0.5,0.0,-0.050414191906250336,0.6116954143878839,0.9534109816971714,0.14215126277902326,526.7039153169684,727,350,573,8,1,1,0,25.0,601,0.26756415649978965,0.29526462395543174,0.24461538461538462,318,759,982,1300,1077,19,2
legoassemble_003_legoassemble_aria01_rgb,0.3050357336165834,0.7100978727592486,0.2166052255566927,0.3050357336165834,0.3047120825513277,0.3042657434910153,0.3019973338787593,0.3006877238091346,0.2992863268684589,0.29773610276417495,0.29659270734287063,0.29027100828213476,0.28080929824389783,0.2701709541735473,0.2500118477459505,0.2248778910396502,0.1883750729133214,0.13733955978109344,0.07242275293790858,0.031156621909065582,0.005953818822178004,0.0010213673419530113,0.2190907340796329,0.5333926981300089,0.5306666666666666,0.526595744680851,0.5185185185185185,0.5158450704225352,0.5131810193321616,0.5105263157894737,0.50920245398773,0.49869451697127937,0.48065348237317285,0.4543918918918919,0.4149548069022186,0.35590551181102364,0.28029739776951673,0.1908713692946058,0.09541984732824428,0.03237410071942446,0.005253940455341506,0.0005810575246949448,0.3667013900299663,0.17444333060653944,0.17496756266224964,0.17580400828770085,0.1758903229347663,0.1752718256577695,0.1745432938400191,0.17363803617472037,0.17275492951786403,0.1689556539759984,0.16405553038105172,0.16063742725499866,0.15063308816681195,0.14208845943721193,0.12659827874776755,0.09882128865409467,0.05496817789974401,0.029984928298009042,0.006746928113980111,0.0017953321364452424,0.1317157054077759,0.7669654289372599,0.764404609475032,0.7605633802816901,0.7528809218950064,0.7503201024327785,0.7477592829705506,0.7451984635083226,0.7439180537772087,0.7336747759282971,0.7157490396927016,0.6888604353393086,0.646606914212548,0.5787451984635084,0.4827144686299616,0.353393085787452,0.19206145966709348,0.06914212548015365,0.011523687580025609,0.0012804097311139564,0.5529348338836849,0.6365568544102019,0.6344314558979809,0.6312433581296493,0.6248671625929861,0.6227417640807651,0.620616365568544,0.6184909670563231,0.6174282678002125,0.6089266737513284,0.594048884165781,0.5717321997874601,0.536663124335813,0.48034006376195537,0.40063761955366634,0.29330499468650373,0.1594048884165781,0.057385759829968117,0.009564293304994687,0.0010626992561105207,0.4589182840203591,0.18313474386314477,0.1836742839801823,0.1845435138395815,0.1848519369403369,0.18429851981530684,0.18363327880132144,0.18287197593193383,0.1820302335665485,0.17842287524710068,0.17421616538756346,0.17165977467096546,0.16282330615308888,0.1558036204201157,0.1419807222713857,0.11493353776581743,0.06722193516806266,0.038919759801136926,0.008346477392218717,0.0021551724137931034,0.14134325439103185,0.8807684647195442,0.8833106178457364,0.8874513527747219,0.8865144488998167,0.8868818532624587,0.8845436585709042,0.8812495225010379,0.8802552805267041,0.8738410391727292,0.8508278846166824,0.8167259305655646,0.7713843017692812,0.7062803084526793,0.6198287418979672,0.48799752491096987,0.2922947793405303,0.12364251403514899,0.036208336920637255,0.010638297872340425,0.6663497294029186,0.7100978727592486,0.7122693078129748,0.7152405319251834,0.7207388714776974,0.7224470429970805,0.7239870070123209,0.725376264719371,0.7259774308575137,0.7302555589480125,0.7364779465721586,0.7443925205862891,0.7554653673087021,0.7707920242735934,0.7897623305258962,0.812828355204091,0.8437589095251856,0.8795162563241326,0.9180540720947911,0.9511178439453855,0.7730818692036646,0.36577589297804847,0.3657130178263212,0.36566390416660494,0.3639017291571136,0.36264303961487765,0.36127049180514426,0.3597148839900904,0.3584906009191151,0.3520774084951483,0.3426697948849805,0.33265112065144903,0.3120903656280484,0.28676299213176615,0.24720602916433163,0.18687632310959842,0.10274856924875063,0.045532644057800456,0.008817567221768043,0.001516166461206057,0.2695853969216928,599.0,597.0,594.0,588.0,586.0,584.0,582.0,581.0,573.0,559.0,538.0,505.0,452.0,377.0,276.0,150.0,54.0,9.0,1.0,431.8421052631579,182.0,184.0,187.0,193.0,195.0,197.0,199.0,200.0,208.0,222.0,243.0,276.0,329.0,404.0,505.0,631.0,727.0,772.0,780.0,349.1578947368421,342.0,344.0,347.0,353.0,355.0,357.0,359.0,360.0,368.0,382.0,403.0,436.0,489.0,564.0,665.0,791.0,887.0,932.0,940.0,509.1578947368421,0.2112676056338028,0.7359522847815687,0.22919334186939821,0.7170294494238156,0.5951115834218916,0.0,1.0,0.0,0.021937617769114542,0.6504065040650406,0.6339434276206323,0.22772582837941327,412.13327947767846,560,221,381,14,0,2,0,17.0,601,0.2346109175377468,0.2586427656850192,0.2146652497343252,202,579,739,941,781,19,2
legoassemble_003_legoassemble_aria02_rgb,0.4393724944489494,0.7045817610418456,0.3095738458921893,0.4393724944489494,0.4393724944489494,0.4393724944489494,0.43877238757185716,0.4385024106459956,0.4377474946921703,0.42910483287678514,0.4188176760046329,0.4068025460096979,0.3788903430326517,0.3572632124257782,0.33040881105549014,0.2948626003795923,0.23357651004218563,0.17221091141907804,0.09955154959327474,0.04039807319495804,0.011013055892884033,0.002000962472096654,0.3056863610871567,0.711781206171108,0.711781206171108,0.711781206171108,0.7093837535014006,0.708187543736879,0.705800139762404,0.6927877947295423,0.6742112482853223,0.6582880434782609,0.6122853368560106,0.5687660668380463,0.5114551083591331,0.43167155425219944,0.3180345572354212,0.216243148978575,0.11257976298997266,0.042271562766865924,0.009511993382961124,0.0012305168170631665,0.47937114476228326,0.27121844072950196,0.27121844072950196,0.27121844072950196,0.2713921867328583,0.2715161624104913,0.2714973521736314,0.2657826234801043,0.2601680796338329,0.25139194472614995,0.23446240404930774,0.2244103690333741,0.21344978403548506,0.2014122826629875,0.17154735170210253,0.13714468251074105,0.08803101697154005,0.03860761729737646,0.012750997106142904,0.0032537960954446853,0.19634073541105662,0.9311926605504587,0.9311926605504587,0.9311926605504587,0.9293577981651376,0.9284403669724771,0.926605504587156,0.9165137614678899,0.9018348623853211,0.8889908256880734,0.8504587155963302,0.8119266055045872,0.7577981651376147,0.6752293577981652,0.5403669724770642,0.3981651376146789,0.22660550458715598,0.0908256880733945,0.02110091743119266,0.0027522935779816515,0.6663447609850315,0.7512953367875648,0.7512953367875648,0.7512953367875648,0.7498149518874907,0.7490747594374537,0.7475943745373798,0.7394522575869726,0.7276091783863805,0.7172464840858623,0.6861584011843079,0.6550703182827535,0.6113989637305699,0.5447816432272391,0.4359733530717987,0.32124352331606215,0.18282753515914138,0.07327905255366396,0.017024426350851222,0.0022205773501110288,0.5376134637110911,0.2838744134271263,0.2838744134271263,0.2838744134271263,0.28408765191236374,0.28422893981496633,0.28426938587206213,0.2793996014463606,0.2746258858218271,0.2668349497706535,0.2531075630147412,0.2449103261689197,0.23560605070071547,0.2254032948257454,0.19714941981635062,0.16178910019211146,0.10982202746601441,0.052265146076074694,0.018886012420838566,0.004991680532445923,0.21205264611229316,0.8909993425843034,0.8909993425843034,0.8909993425843034,0.8888995476939555,0.8878298549827554,0.8858742466007171,0.8769744910579028,0.86391748820809,0.8534875067852749,0.812227436311774,0.7778740583883211,0.7376513484664935,0.687265667605962,0.5922625881504552,0.49201734306602624,0.31901395612166367,0.13566629714829107,0.038729442069529184,0.009259259259259259,0.659576239982599,0.7045817610418456,0.7045817610418456,0.7045817610418456,0.7056206276824952,0.706109050884029,0.7070041392791737,0.7111958422558486,0.7165845765545874,0.7207805071141237,0.7318055872370207,0.7415341740901685,0.7533451247580625,0.7690646148653711,0.7922108529588797,0.8162897349906778,0.8471600584708903,0.8830667634509308,0.9228636221813274,0.9643301597522088,0.7685637220869123,0.5025501183098575,0.5025501183098575,0.5025501183098575,0.5022155364992914,0.5020822297864715,0.5015684808726766,0.4935518533837699,0.4843848101392435,0.47274214167284745,0.4465429374689539,0.42685448242849594,0.402183856825595,0.36878108177507096,0.30446432151522007,0.23367976246352756,0.14123849694809246,0.059216242754066256,0.016402979519041593,0.0029925577851654226,0.36139748035616326,1015.0,1015.0,1015.0,1013.0,1012.0,1010.0,999.0,983.0,969.0,927.0,885.0,826.0,736.0,589.0,434.0,247.0,99.0,23.0,3.0,726.3157894736842,75.0,75.0,75.0,77.0,78.0,80.0,91.0,107.0,121.0,163.0,205.0,264.0,354.0,501.0,656.0,843.0,991.0,1067.0,1087.0,363.6842105263158,336.0,336.0,336.0,338.0,339.0,341.0,352.0,368.0,382.0,424.0,466.0,525.0,615.0,762.0,917.0,1104.0,1252.0,1328.0,1348.0,624.6842105263158,0.45321100917431195,0.7303763792627942,0.4614678899082569,0.8504587155963302,0.6861584011843079,1.0,0.0,0.0,0.22390725098771577,0.7595247849242114,0.7054908485856906,0.46059243806473454,677.0589035766102,927,163,424,9,2,0,0,19.0,601,0.3310118803768947,0.3706422018348624,0.2990377498149519,404,686,947,1351,1090,18,2
legoassemble_003_legoassemble_aria03_rgb,0.25387407615556756,0.6453362762860648,0.16383415095179882,0.25387407615556756,0.25292224970453264,0.2516615064964652,0.22158681803549352,0.20605621496941828,0.20164192951136445,0.19955309766550847,0.1956864008319351,0.19357006932278958,0.18452408469660295,0.1749836152799101,0.1645583012219868,0.15096611088633324,0.12543766533608744,0.09445025118603553,0.0678053551346954,0.039510856696582324,0.009704308711751382,0.0010921926027272271,0.15734658444451513,0.3456577815993121,0.3421955403087479,0.34104541559554413,0.31072026800670016,0.29125412541254125,0.2848932676518883,0.28173628173628174,0.2754686226568867,0.27132412672623885,0.2570281124497992,0.24206349206349206,0.22265625,0.19374523264683446,0.15327929255711129,0.11071682044002838,0.07412491420727522,0.034368803701255786,0.0077269800386349004,0.0006393861892583121,0.21266551126251737,0.18646201524997344,0.18693891901070642,0.1857040468979049,0.1580222566171195,0.1457804714950652,0.14271824698486016,0.14134295569774957,0.13901099552181406,0.1380981934401856,0.13247242688197902,0.12649270385802872,0.12161991635566548,0.11763265771647895,0.10265318701875933,0.08057357421980281,0.062024573439451246,0.045422232628970556,0.01218763438006902,0.0018656716417910447,0.11721171995033552,0.7065026362038664,0.7012302284710018,0.6994727592267135,0.6520210896309314,0.6203866432337434,0.6098418277680141,0.6045694200351494,0.5940246045694201,0.5869947275922671,0.562390158172232,0.5360281195079086,0.5008787346221442,0.44639718804920914,0.3655536028119508,0.2741652021089631,0.18980667838312829,0.0913884007029877,0.0210896309314587,0.0017574692442882249,0.46128942743501977,0.4036144578313253,0.4006024096385542,0.39959839357429716,0.37248995983935745,0.35441767068273095,0.34839357429718876,0.3453815261044177,0.3393574297188755,0.3353413654618474,0.321285140562249,0.30622489959839355,0.286144578313253,0.25502008032128515,0.20883534136546184,0.1566265060240964,0.10843373493975904,0.05220883534136546,0.012048192771084338,0.001004016064257028,0.2635277953920947,0.22254807297081475,0.22333403281075934,0.22234068397689974,0.1981190305435043,0.18640572321654375,0.1799705673953979,0.17709801503406156,0.170774509814083,0.16928920229255973,0.16249443495650143,0.15803529466942715,0.15402345122454644,0.15061641171627063,0.1360846824177749,0.11245832416352648,0.09294656585119014,0.06618485881491662,0.027180523929078843,0.0025252525252525255,0.14802261254332155,0.7505440636805666,0.7472958316589249,0.7448076587422833,0.6895417062051854,0.6608463115750853,0.661236198132457,0.6590894090548399,0.6624065780518686,0.6591817004252402,0.6346932493369386,0.5934544798183505,0.555399329288175,0.5193389366627912,0.4419277959482898,0.3500530703433999,0.29570801936307123,0.2458212391749715,0.03558374249863611,0.0070921985815602835,0.521790606239086,0.6453362762860648,0.6496657266010896,0.6509300816130185,0.6849845737776968,0.708469192831147,0.7159260743126626,0.7192905857629754,0.7253772289452314,0.7289207943495234,0.7403188733896303,0.7506557983770213,0.7628699259814031,0.7790045369575594,0.8017073382197778,0.8270198907522024,0.8519133449856369,0.8824176659153349,0.9210679364841442,0.9762312956917999,0.7643214284859958,0.36295441218697394,0.36205969243758657,0.3604093812364553,0.32098885330402505,0.3007328671094264,0.2950178919948653,0.29232110555387936,0.2873603167551968,0.28471549209589203,0.27294905954704374,0.26039133276760557,0.2468133501435381,0.22915254226691728,0.1937143318261105,0.14862863203506174,0.10850197354275472,0.06442876063002208,0.016032239737579185,0.0018107624168809335,0.23205173671514812,402.0,399.0,398.0,371.0,353.0,347.0,344.0,338.0,334.0,320.0,305.0,285.0,254.0,208.0,156.0,108.0,52.0,12.0,1.0,262.4736842105263,167.0,170.0,171.0,198.0,216.0,222.0,225.0,231.0,235.0,249.0,264.0,284.0,315.0,361.0,413.0,461.0,517.0,557.0,568.0,306.5263157894737,594.0,597.0,598.0,625.0,643.0,649.0,652.0,658.0,662.0,676.0,691.0,711.0,742.0,788.0,840.0,888.0,944.0,984.0,995.0,733.5263157894736,-0.6379613356766256,0.7403188733896303,-0.6256590509666081,0.562390158172232,0.321285140562249,0.0,1.0,0.0,-0.7840034455453748,0.40894568690095845,1.124792013311148,-0.6271442847803413,236.9020394846817,320,249,676,7,0,2,0,10.0,601,0.15335463258785942,0.210896309314587,0.12048192771084337,120,449,876,996,569,15,2
legoassemble_004_legoassemble_aria01_rgb,0.4793748858548046,0.7239564966820232,0.3470465629607891,0.4793748858548046,0.4793748858548046,0.4793748858548046,0.4789856416889914,0.47747539039473236,0.47509825626670305,0.4709612143591857,0.464769491262096,0.4552068323971405,0.44426354684416214,0.4167052356014838,0.39356172100940595,0.366009593626768,0.31817653608691393,0.2447315030755722,0.1365179900466514,0.040754103201478244,0.010824578419574281,0.0013890716910000811,0.3491344928176986,0.7020905923344948,0.7020905923344948,0.7020905923344948,0.700609225413403,0.6947094535993061,0.6859361518550474,0.67008547008547,0.6517328825021133,0.6283333333333333,0.601639344262295,0.5582137161084529,0.5241809672386896,0.47918243754731266,0.4108303249097473,0.3000665335994677,0.1528023598820059,0.0454788657035848,0.011910926980838944,0.0010245901639344263,0.4854214926414993,0.32730858908706745,0.32730858908706745,0.32730858908706745,0.3274682042744135,0.3281699237737705,0.32906612736072965,0.3310092149922121,0.331440511607648,0.32978237707327057,0.3280538431152005,0.31106948533660134,0.29549113364384105,0.27956580235394135,0.2464187816186821,0.19960076146837272,0.1219690692000388,0.036520192446792304,0.009837311415812263,0.001883211678832117,0.252066932559019,0.906636670416198,0.906636670416198,0.906636670416198,0.905511811023622,0.9010123734533183,0.8942632170978627,0.8818897637795275,0.8672665916760405,0.8481439820022497,0.8256467941507312,0.7874015748031497,0.7559055118110236,0.7120359955005624,0.6400449943757031,0.5073115860517435,0.29133858267716534,0.09561304836895389,0.025871766029246346,0.0022497187851518562,0.6663903854123497,0.7568075117370892,0.7568075117370892,0.7568075117370892,0.755868544600939,0.752112676056338,0.7464788732394366,0.7361502347417841,0.723943661971831,0.707981220657277,0.6892018779342723,0.6572769953051644,0.6309859154929578,0.5943661971830986,0.5342723004694836,0.42347417840375584,0.2431924882629108,0.07981220657276995,0.0215962441314554,0.0018779342723004694,0.5562638991845812,0.3301697551142778,0.3301697551142778,0.3301697551142778,0.33034387903367446,0.331094659952694,0.3320840536127144,0.3340734615182834,0.33514138817480715,0.3343690821190156,0.3337736528372197,0.3220202791039295,0.31049495042232833,0.29915626002591,0.2724751853474955,0.23040870045998896,0.1514636083016546,0.04712862543474972,0.01320442606460266,0.002285347043701799,0.2615803591997686,0.9366552160407755,0.9366552160407755,0.9366552160407755,0.9353601707604948,0.9306678370314586,0.9249808921472581,0.9190966518737702,0.9138674112211868,0.9043185997450505,0.8908128881401913,0.8590353573294572,0.8268912849787236,0.7840514774948822,0.7120735655811901,0.5870986729619441,0.3873329833721188,0.16546559123102056,0.06374204762711227,0.023731162307292566,0.7178153811539726,0.7239564966820232,0.7239564966820232,0.7239564966820232,0.7246432869666151,0.7270416905004753,0.7303690214576877,0.7359935803620847,0.7421651050119442,0.7492816572520256,0.75662437135859,0.7676493827617059,0.7757042522044941,0.7850310577205598,0.7968962759689917,0.8151139238626459,0.8441080253217499,0.8844645118658503,0.9234372823438083,0.9689076565001152,0.7841737142897586,0.5447476199200161,0.5447476199200161,0.5447476199200161,0.5445423093802515,0.5437694014151583,0.542468186801347,0.5402903278963346,0.5361411034842675,0.5288694909758844,0.5204388570013697,0.4949107016697509,0.47261334789938725,0.44616243049701315,0.39713865046756275,0.31821341718673,0.1885054263176326,0.05909151315424794,0.015953326277197772,0.0020583237574021192,0.4097584038916624,806.0,806.0,806.0,805.0,801.0,795.0,784.0,771.0,754.0,734.0,700.0,672.0,633.0,569.0,451.0,259.0,85.0,23.0,2.0,592.421052631579,83.0,83.0,83.0,84.0,88.0,94.0,105.0,118.0,135.0,155.0,189.0,217.0,256.0,320.0,438.0,630.0,804.0,866.0,887.0,296.57894736842104,259.0,259.0,259.0,260.0,264.0,270.0,281.0,294.0,311.0,331.0,365.0,393.0,432.0,496.0,614.0,806.0,980.0,1042.0,1063.0,472.57894736842104,0.4611923509561305,0.7551253345511801,0.4735658042744657,0.8357705286839145,0.6976525821596244,1.0,0.0,0.0,0.2565333223526736,0.7604912998976459,0.5357737104825291,0.47239438393120564,561.0581235715268,743,146,322,11,2,0,0,21.0,601,0.44012282497441146,0.48368953880764903,0.40375586854460094,430,459,635,1065,889,20,2
legoassemble_004_legoassemble_aria02_rgb,0.6627353677217713,0.7278530944025616,0.48237398816631083,0.6627353677217713,0.6627353677217713,0.6623092411447463,0.6623092411447463,0.6607851371668578,0.6581593577357939,0.6419069940635141,0.6267769565293952,0.609078737866712,0.5947533600163007,0.5643692644237362,0.5213724054323543,0.46149773714322984,0.3733548185324903,0.2701533330312416,0.15076308854284415,0.07177501966928805,0.0266158346742492,0.004863603830857975,0.4677007824416789,0.828688524590164,0.828688524590164,0.8271908271908271,0.8271908271908271,0.8227124183006536,0.8182559087204564,0.7962962962962963,0.7720413026211279,0.7348367029548989,0.7056574923547401,0.6711610486891386,0.62372634643377,0.5536211699164345,0.4347266881028939,0.3085043988269795,0.17544783983140147,0.0814348036839554,0.024334251606978878,0.002696629213483146,0.5703795790060626,0.5300159886327992,0.5300159886327992,0.5302930309266298,0.5302930309266298,0.5307285848468348,0.5293866326643043,0.5174513443603126,0.5088449956012762,0.5048426506590482,0.5012793927409411,0.47456965395754735,0.4358148195928152,0.3847037883693458,0.32064702797458833,0.23656979811435486,0.12955137486343313,0.0632610777637533,0.02911133931087494,0.008771929824561403,0.384008023671729,0.959203036053131,0.959203036053131,0.9582542694497154,0.9582542694497154,0.9554079696394687,0.952561669829222,0.9383301707779886,0.9222011385199241,0.896584440227704,0.8757115749525617,0.8500948766603416,0.8130929791271347,0.75426944971537,0.6413662239089184,0.4990512333965844,0.3159392789373814,0.15939278937381404,0.05028462998102467,0.0056925996204933585,0.7086787176670329,0.8589634664401019,0.8589634664401019,0.8581138487680544,0.8581138487680544,0.8555649957519117,0.8530161427357689,0.8402718776550552,0.8258283772302464,0.8028887000849617,0.784197111299915,0.7612574341546304,0.7281223449447749,0.675446049277825,0.5743415463041631,0.4468988954970263,0.2829226847918437,0.1427357689039932,0.045029736618521665,0.005097706032285472,0.6346196842999599,0.5505961003817983,0.5505961003817983,0.5509062758865528,0.5509062758865528,0.5514303263608922,0.5506883704284427,0.5432065498355926,0.5382520285649314,0.5377128247992616,0.5371385608663686,0.518157877676664,0.48798843487599,0.443195134873867,0.38316336318391636,0.30418407375622325,0.17799971286027064,0.0860452685462429,0.037034797642898465,0.010869565217391304,0.4163195601066134,0.9245473392879278,0.9245473392879278,0.9235553360711481,0.9235553360711481,0.9218380232689768,0.9198157864826165,0.9076308912212743,0.8945647526733242,0.8820214741573756,0.8725327667119317,0.8526033404651379,0.8243048300310015,0.7757902162226281,0.689299505420786,0.5595545325152315,0.3939736918993389,0.24459096002623765,0.13004410223803833,0.043478260869565216,0.7162236044695586,0.7278530944025616,0.7278530944025616,0.7284274889999021,0.7284274889999021,0.7298970685693802,0.7312616067662912,0.7373102079778947,0.743695100877331,0.7527740465134529,0.7592946743047779,0.7662559165003814,0.7749192841832927,0.7861357597565339,0.8050649273645781,0.8269243269422061,0.8566656883005839,0.8890048334884643,0.9242207810599821,0.9598157837850504,0.7871474301681646,0.7130167918452431,0.7130167918452431,0.7128503075294792,0.7128503075294792,0.7120830848139443,0.7101221125947133,0.6968071528930454,0.6850236742432065,0.6727808449593471,0.6625527650749284,0.6351607918061238,0.5952797409709798,0.5386745907844221,0.45348889020534894,0.34359925717811113,0.20231255017842928,0.10041593321559283,0.03826033096432131,0.0070664760942277735,0.5213348628803257,1011.0,1011.0,1010.0,1010.0,1007.0,1004.0,989.0,972.0,945.0,923.0,896.0,857.0,795.0,676.0,526.0,333.0,168.0,53.0,6.0,746.9473684210526,43.0,43.0,44.0,44.0,47.0,50.0,65.0,82.0,109.0,131.0,158.0,197.0,259.0,378.0,528.0,721.0,886.0,1001.0,1048.0,307.05263157894734,166.0,166.0,167.0,167.0,170.0,173.0,188.0,205.0,232.0,254.0,281.0,320.0,382.0,501.0,651.0,844.0,1009.0,1124.0,1171.0,430.05263157894734,0.6309297912713473,0.7592946743047779,0.6347248576850095,0.8757115749525617,0.784197111299915,1.0,0.0,0.0,0.42014135140731507,0.8274316450022412,0.4226289517470882,0.6341536432719849,700.8289843833101,923,131,254,4,2,0,0,15.0,601,0.6185567010309279,0.6546489563567363,0.5862361937128292,690,364,487,1177,1054,10,2
legoassemble_005_legoassemble_aria01_rgb,0.6024081679196526,0.72464600488725,0.4365326721944238,0.6024081679196526,0.6024081679196526,0.5989609802948737,0.5966698409923175,0.5887972433068522,0.5839474793975845,0.5791523920884014,0.5767535533953592,0.5582815546015308,0.5387592996643253,0.49120594660585426,0.46283708277056906,0.4198124904846321,0.35508027407341824,0.259934689367265,0.17510786689910304,0.09798672895207979,0.02763277408755397,0.0011409802140765364,0.4272040796334264,0.6837696335078534,0.6837696335078534,0.6802507836990596,0.6784968684759917,0.6680497925311203,0.6611570247933884,0.654320987654321,0.6492307692307693,0.6308316430020284,0.6063936063936064,0.5491329479768786,0.5056179775280899,0.4486486486486487,0.3696763202725724,0.2592012529365701,0.15517241379310345,0.08209959623149395,0.024203821656050957,0.0006222775357809583,0.4731918947039569,0.5307278694354952,0.5307278694354952,0.5273852886504098,0.5247111898238552,0.518946637813077,0.5157544212758736,0.5126191878150775,0.5123673693843904,0.4940752380858292,0.47866860717919124,0.4393895556074203,0.4236759267043063,0.3928297292274484,0.3410605281482193,0.26067020113128403,0.19760448587748122,0.11694818843756007,0.03154750578749623,0.0020920502092050207,0.3869369394752166,0.9184247538677919,0.9184247538677919,0.9156118143459916,0.9142053445850914,0.9057665260196905,0.90014064697609,0.8945147679324894,0.890295358649789,0.8748241912798875,0.8537271448663853,0.8016877637130801,0.759493670886076,0.70042194092827,0.6104078762306611,0.46554149085794655,0.3037974683544304,0.17158931082981715,0.053445850914205346,0.0014064697609001407,0.6765119549929677,0.7279821627647715,0.7279821627647715,0.725752508361204,0.7246376811594203,0.717948717948718,0.7134894091415831,0.7090301003344481,0.705685618729097,0.693422519509476,0.6767001114827201,0.6354515050167224,0.6020066889632107,0.5551839464882943,0.483835005574136,0.3690078037904125,0.2408026755852843,0.13600891861761427,0.042363433667781496,0.0011148272017837235,0.5362318840579711,0.5778639691772915,0.5778639691772915,0.5756531156547721,0.57378284673535,0.5702941517810078,0.5683489561046926,0.5664337891310063,0.5667671181575873,0.5540918474001122,0.5439881833137242,0.5163884071897044,0.5072695288356392,0.4861949581237516,0.4466394809473197,0.37414748769844197,0.3108692953401269,0.20186311440336147,0.059053817684991246,0.0029239766081871343,0.4516020007086504,0.8915997127589488,0.8915997127589488,0.8885327952489361,0.8871587362277349,0.8775347401818826,0.8739973680960847,0.870524267794967,0.8662052694062309,0.850299912103137,0.8299829472121152,0.7832627668506443,0.7428164147050434,0.6881465404607692,0.6003970236491751,0.4797647469312213,0.3879760205593424,0.2810780287119182,0.09342810667298378,0.0072992700729927005,0.6732423358106884,0.72464600488725,0.72464600488725,0.7264820231230088,0.7272927365906493,0.7319784358639327,0.7348099800689253,0.7374451469730188,0.739148925986784,0.7446485400686149,0.7512667948533357,0.7658075695331796,0.7762476443519221,0.7890536768450049,0.8058037978823774,0.8305826144619465,0.8598222385238131,0.8854488135861005,0.9170459250456505,0.9667112397782991,0.7862572691216348,0.6981644597493288,0.6981644597493288,0.6948958202497596,0.6925992882616693,0.685597909362003,0.6813600505225146,0.677159828863279,0.6753949147621152,0.6574412297611502,0.6392592458027183,0.5935092503354913,0.5672558372010937,0.5245441462830523,0.4562740762448182,0.3483572793223916,0.2450137599096377,0.1416582474012598,0.04106194455981784,0.0017153440930412986,0.5115487943386563,653.0,653.0,651.0,650.0,644.0,640.0,636.0,633.0,622.0,607.0,570.0,540.0,498.0,434.0,331.0,216.0,122.0,38.0,1.0,481.0,58.0,58.0,60.0,61.0,67.0,71.0,75.0,78.0,89.0,104.0,141.0,171.0,213.0,277.0,380.0,495.0,589.0,673.0,710.0,230.0,244.0,244.0,246.0,247.0,253.0,257.0,261.0,264.0,275.0,290.0,327.0,357.0,399.0,463.0,566.0,681.0,775.0,859.0,896.0,416.0,0.4641350210970464,0.7498096097895897,0.4739803094233474,0.8677918424753868,0.6878483835005574,0.5,0.5,0.0,0.24702184140671848,0.7674129353233831,0.7547169811320755,0.47279170458507136,462.63252924017684,617,94,280,7,1,1,0,19.0,371,0.5323383084577115,0.6019690576652602,0.47714604236343366,428,283,469,897,711,15,2
legoassemble_005_legoassemble_aria03_rgb,0.4364731709126735,0.6711074269620464,0.2929203866691698,0.4364731709126735,0.4321560006235225,0.4280117680865631,0.4280117680865631,0.41740168078533496,0.40478060831159635,0.3884995273408261,0.37107464386607536,0.3439639517490839,0.33316478269935884,0.31796317065647167,0.2941623855413096,0.2575424241507421,0.20803265538554136,0.1501878093061672,0.0968575575554751,0.04616387229910824,0.014612911136119004,0.002773927772077526,0.28272813769813737,0.5548387096774193,0.5481798715203426,0.5415778251599147,0.5415778251599147,0.5301587301587302,0.5157232704402516,0.4953464322647363,0.4725050916496945,0.43310208126858274,0.412109375,0.38904899135446686,0.35774647887323946,0.3133514986376022,0.24440619621342513,0.16612903225806452,0.1004566210045662,0.0455531453362256,0.010482180293501049,0.0013850415512465374,0.35124623146431183,0.3433589358560164,0.34068892087729175,0.3382599233387984,0.3382599233387984,0.32862641547043797,0.317703990214047,0.3046996463747219,0.2914177936995014,0.27317162678208634,0.26934299281862006,0.2598659298458447,0.24187941510953304,0.2116731546707891,0.17707237532131845,0.13577625630869025,0.09338743789904842,0.046782787223995245,0.02037144619659937,0.005555555555555556,0.22831023825798394,0.8911917098445595,0.8842832469775475,0.8773747841105354,0.8773747841105354,0.8652849740932642,0.8497409326424871,0.8272884283246977,0.8013816925734024,0.7547495682210709,0.7288428324697754,0.6994818652849741,0.6580310880829016,0.5958549222797928,0.4905008635578584,0.35578583765112265,0.22797927461139897,0.10880829015544041,0.025906735751295335,0.0034542314335060447,0.6064903190619034,0.5951557093425606,0.5905420991926182,0.5859284890426759,0.5859284890426759,0.5778546712802768,0.5674740484429066,0.552479815455594,0.5351787773933102,0.5040369088811996,0.4867358708189158,0.4671280276816609,0.43944636678200694,0.39792387543252594,0.3275663206459054,0.23760092272202998,0.1522491349480969,0.0726643598615917,0.01730103806228374,0.002306805074971165,0.4050264068475688,0.38014009221259565,0.37780515273238924,0.3756278626936339,0.3756278626936339,0.36668493079201075,0.3559607311759392,0.3429844310723594,0.3294328938471941,0.30790495705019866,0.3017227849538973,0.2914421223450514,0.2746590499716947,0.24671802805931822,0.21313505579592293,0.17026196670685534,0.12296989502871856,0.06481366209035054,0.0285838779956427,0.00784313725490196,0.2597009733932794,0.819760806662305,0.8150764782869349,0.8107247817735732,0.8107247817735732,0.8019480377619819,0.7919226969893353,0.7771920259253313,0.7608120293688277,0.7424297176162548,0.7390560834852934,0.7270145811605344,0.7005843668253809,0.6464432081605701,0.5400949707616562,0.4068890019234109,0.2754449254838275,0.1429338137886761,0.0659511606873681,0.018691588785046728,0.5996681609063096,0.6711074269620464,0.6757297940030039,0.68006233676177,0.68006233676177,0.6861763009391937,0.6940009927792262,0.7039844751415373,0.7146364126672432,0.7325862644015371,0.7418629989481588,0.7508018550418124,0.7619447024513392,0.7764303564100618,0.7982629035793162,0.8247229809433916,0.8521956383913232,0.8838896476314196,0.9250067389929337,0.9788920636136769,0.7648608540221453,0.553171435574842,0.5488765846368819,0.5447758504308212,0.5447758504308212,0.5332499408314081,0.5195826064724683,0.5020702058083459,0.4832565413534648,0.4540662587817192,0.4430673874161914,0.4263466961670815,0.3989538503503655,0.35514291647881924,0.2947102865652095,0.21978914687472828,0.14591230362804272,0.07134672442760569,0.0229729770270862,0.0043806591548064015,0.3719183274953005,516.0,512.0,508.0,508.0,501.0,492.0,479.0,464.0,437.0,422.0,405.0,381.0,345.0,284.0,206.0,132.0,63.0,15.0,2.0,351.1578947368421,63.0,67.0,71.0,71.0,78.0,87.0,100.0,115.0,142.0,157.0,174.0,198.0,234.0,295.0,373.0,447.0,516.0,564.0,577.0,227.8421052631579,351.0,355.0,359.0,359.0,366.0,375.0,388.0,403.0,430.0,445.0,462.0,486.0,522.0,583.0,661.0,735.0,804.0,852.0,865.0,515.8421052631579,-0.04145077720207254,0.7408842069897653,-0.03281519861830743,0.7322970639032815,0.48904267589388695,0.0,1.0,0.0,-0.23120051163443786,0.5864453665283541,1.1940700808625337,-0.03402240069833509,314.1349037636605,424,155,443,5,0,2,0,12.0,371,0.28769017980636236,0.3592400690846287,0.23990772779700115,208,371,659,867,579,12,2
tagging_001_tagging_aria01_rgb,0.34093855496893666,0.7441107559634413,0.25369604587501876,0.34093855496893666,0.34093855496893666,0.34045069869172967,0.3395782146665922,0.3388837004858196,0.33571648936808396,0.3337856971869611,0.3319137300784866,0.32997149294013856,0.32625850285339175,0.31885164737160554,0.30828551471822224,0.29481196415743943,0.26833417273918625,0.20986894543599582,0.11631324341592504,0.0418891721168653,0.006650488902263883,0.0007628510766116593,0.259168612428589,0.8487690504103166,0.8487690504103166,0.8444444444444444,0.8401400233372228,0.836924868957484,0.8252314814814815,0.8147295742232451,0.8053806525472238,0.7951052931132613,0.7779030439684329,0.7512493059411438,0.7067099567099567,0.6530398322851153,0.5621594848935116,0.3949579831932773,0.1742367833209233,0.0527369826435247,0.006381620931716656,0.0003171582619727244,0.6073256100565564,0.13695020831416238,0.13695020831416238,0.1372579084417345,0.1372549345025843,0.13721920176421082,0.13657448093388086,0.13674830909729233,0.13678839175759167,0.13693933004371783,0.1368353183722162,0.13532973971166862,0.13448226911579356,0.13309156641523345,0.12808327564421124,0.1115181263138643,0.07764589276773926,0.03327271779080095,0.006930684713552465,0.001834862385321101,0.11219512770524938,0.9390402075226978,0.9390402075226978,0.9364461738002594,0.933852140077821,0.9319066147859922,0.9247730220492867,0.9182879377431906,0.9124513618677043,0.9059662775616083,0.8949416342412452,0.877431906614786,0.8469520103761349,0.808041504539559,0.7360570687418937,0.579118028534371,0.3035019455252918,0.10246433203631647,0.01297016861219196,0.0006485084306095979,0.7107311079254557,0.8982630272952854,0.8982630272952854,0.8957816377171216,0.8933002481389578,0.891439205955335,0.8846153846153846,0.8784119106699751,0.8728287841191067,0.8666253101736973,0.8560794044665012,0.8393300248138957,0.8101736972704715,0.7729528535980149,0.7040942928039702,0.5539702233250621,0.2903225806451613,0.09801488833746898,0.01240694789081886,0.0006203473945409429,0.6798680945540029,0.13809156700295364,0.13809156700295364,0.13840225529398958,0.1384175074517691,0.13839679395424345,0.13787613239857516,0.13808722502251544,0.1381673113279801,0.1383533366283759,0.13833672984946377,0.13710050192030182,0.13657537076073856,0.13561820130078533,0.13159114894066645,0.11719965388619638,0.08511956375419644,0.038238815631126764,0.008359523636543088,0.0020325203252032522,0.11442398558360936,0.9364710467699687,0.9364710467699687,0.9376920937778549,0.9353122500735418,0.9335360520337973,0.9278559719673266,0.9230568612141602,0.9184109733154855,0.9131191902064992,0.9059345050583971,0.8925565916142817,0.8706072614205623,0.8462436691419696,0.7918730365527373,0.6601515645651006,0.4679238111848887,0.22988624228678953,0.04425104029175324,0.018518518518518517,0.7415721961454527,0.7441107559634413,0.7441107559634413,0.7458476904241681,0.747431398858047,0.7485167259562783,0.7521618592951405,0.7552004987209947,0.7575480193923191,0.7598805289849326,0.763313523625621,0.768048286708115,0.774902762302165,0.7820031703262491,0.7919890549552986,0.8089257696094291,0.8397756667302257,0.8769671050573514,0.9148171534062659,0.9591052308683093,0.791297681955147,0.3586108643580221,0.3586108643580221,0.35851728435891145,0.35801650006875313,0.3575968145827389,0.3553876692684169,0.3543646748066474,0.3532884860095324,0.3522249495584996,0.3499423144547573,0.34459052734643203,0.33749078237422386,0.3279382709713703,0.30704494854261666,0.25413019784498664,0.1535111706588711,0.05838892706213467,0.009481147047310089,0.0010908362507219727,0.28159090683805094,1448.0,1448.0,1444.0,1440.0,1437.0,1426.0,1416.0,1407.0,1397.0,1380.0,1353.0,1306.0,1246.0,1135.0,893.0,468.0,158.0,20.0,1.0,1095.9473684210527,94.0,94.0,98.0,102.0,105.0,116.0,126.0,135.0,145.0,162.0,189.0,236.0,296.0,407.0,649.0,1074.0,1384.0,1522.0,1541.0,446.05263157894734,164.0,164.0,168.0,172.0,175.0,186.0,196.0,205.0,215.0,232.0,259.0,306.0,366.0,477.0,719.0,1144.0,1454.0,1592.0,1611.0,516.0526315789474,0.7237354085603113,0.7628199035589204,0.748378728923476,0.896887159533074,0.857940446650124,1.0,0.0,0.0,0.5110116255654908,0.8769816106531388,0.3810316139767055,0.7473542259425312,1054.9799266219868,1383,159,229,38,3,0,0,41.0,601,0.20672162333544705,0.21141374837872892,0.2022332506203474,326,1216,1286,1612,1542,47,3
tagging_001_tagging_aria02_rgb,0.44079444859104006,0.7272788584224563,0.32058048337024775,0.44079444859104006,0.44079444859104006,0.4383369370841047,0.43551536222016424,0.431711550582746,0.42853005184728754,0.42586252846267997,0.4176478417773703,0.41043245884284724,0.39781338670108873,0.3795315501771649,0.35857986421096305,0.3292238197163496,0.2854248333711549,0.23269751840429012,0.14586065686533492,0.040589085009349185,0.004927120322624549,0.0,0.3181196559356632,0.901863354037267,0.901863354037267,0.8936301793444651,0.8808353808353808,0.8659354052407069,0.8557575757575757,0.8479179239589619,0.8269689737470167,0.8001175778953556,0.761795166858458,0.7182940516273849,0.6695747001090513,0.6048218029350105,0.5106068080907745,0.3899228325011348,0.2267628205128205,0.05768566493955095,0.005252790544977019,0.0,0.6168213875249032,0.21544255572518822,0.21544255572518822,0.21500982716723022,0.21533380113532125,0.21522952148463276,0.21459115354447186,0.21388732095891447,0.21092655864820414,0.21053756088560405,0.20774021354219738,0.20053653131824176,0.19203162693663814,0.1792070374160603,0.1595500377473785,0.1388688493161204,0.09382195534996941,0.028559501283769016,0.004621641480990377,0.0,0.16480727629821687,0.9692923898531375,0.9692923898531375,0.9646194926568759,0.9572763684913218,0.9485981308411215,0.9425901201602136,0.937917222963952,0.9252336448598131,0.9085447263017357,0.8838451268357811,0.8544726301735648,0.8197596795727636,0.7703604806408545,0.6909212283044058,0.5734312416555407,0.37783711615487314,0.11148197596795728,0.010680907877169559,0.0,0.7166397301665378,0.928388746803069,0.928388746803069,0.9239130434782609,0.9168797953964194,0.9085677749360613,0.9028132992327366,0.8983375959079284,0.8861892583120204,0.8702046035805626,0.8465473145780051,0.8184143222506394,0.7851662404092071,0.7378516624040921,0.6617647058823529,0.5492327365728901,0.3618925831202046,0.10677749360613811,0.010230179028132993,0.0,0.6863979001211469,0.21636880287906685,0.21636880287906685,0.21605081787021738,0.21642150100781496,0.2164169076724978,0.21592159525084684,0.2154017707800282,0.21310046655668777,0.2129797980690351,0.21096148759144567,0.2050643216217813,0.19791742832091683,0.18629938476754598,0.16817367743033945,0.14946310839885513,0.10698440112551591,0.03557831595305035,0.005888909114715566,0.0,0.1687032366994436,0.9560430104851152,0.9560430104851152,0.9521840098377743,0.9463716269670208,0.9401054587158671,0.9360422854976588,0.9325456471535235,0.922887069299687,0.9103267719065053,0.8964661344820526,0.8770990048956866,0.8525775381095901,0.8130569301394386,0.7449307492365583,0.6554071828357948,0.46938294428482846,0.174337523058507,0.024714958853989208,0.0,0.7347643082234059,0.7272788584224563,0.7272788584224563,0.730141610643372,0.734374272780454,0.7390616436437839,0.7420188978089207,0.7440687417403261,0.749014072747593,0.7549609175926532,0.7627724089144432,0.7709095438765369,0.779110494447596,0.7886370431215778,0.8015890551367358,0.8169448471888445,0.8375353514579098,0.873279182864259,0.9136069578455943,1.0,0.7890833030871323,0.4569757430268432,0.4569757430268432,0.4554148333094742,0.45401977838443647,0.45184767541966137,0.4497460407883571,0.4478935164757183,0.4417650378377798,0.43735888081876895,0.42849757920797604,0.41394803703047256,0.39676162234446893,0.371556213079609,0.33201883690000644,0.28219095784702086,0.18828015572928475,0.056425788747468855,0.007025903991641482,0.0,0.34361591284030696,1452.0,1452.0,1445.0,1434.0,1421.0,1412.0,1405.0,1386.0,1361.0,1324.0,1280.0,1228.0,1154.0,1035.0,859.0,566.0,167.0,16.0,0.0,1073.5263157894738,46.0,46.0,53.0,64.0,77.0,86.0,93.0,112.0,137.0,174.0,218.0,270.0,344.0,463.0,639.0,932.0,1331.0,1482.0,1498.0,424.4736842105263,112.0,112.0,119.0,130.0,143.0,152.0,159.0,178.0,203.0,240.0,284.0,336.0,410.0,529.0,705.0,998.0,1397.0,1548.0,1564.0,490.4736842105263,0.7042723631508678,0.7627724089144432,0.7236315086782377,0.8838451268357811,0.8465473145780051,1.0,0.0,0.0,0.49459991281890703,0.8647942521227956,0.39933444259567386,0.7226552750347804,1009.9106694027228,1324,174,240,29,3,0,0,40.0,601,0.30176355323318094,0.308411214953271,0.29539641943734013,462,1036,1102,1564,1498,39,3
tagging_001_tagging_aria03_rgb,0.43982441108916004,0.7582201061970801,0.33348371168409113,0.43982441108916004,0.43982441108916004,0.43982441108916004,0.4386246145346394,0.436770798891923,0.434341622147636,0.4311167242973341,0.4284507032928071,0.42083132599608114,0.40986151760600564,0.4024940740594975,0.38636694313716535,0.366181121883926,0.3312127361348684,0.2650893722453368,0.1819104743431111,0.07407536740208692,0.017511256710434887,0.0015470396547448064,0.33399257503184626,0.9211065573770492,0.9211065573770492,0.9211065573770492,0.9171779141104295,0.9093686354378818,0.9016227180527383,0.8901209677419355,0.880641925777332,0.849112426035503,0.8133462282398453,0.7925430210325047,0.7490671641791045,0.6952983725135624,0.6039349871685201,0.4602803738317757,0.29132231404958675,0.10750147666863556,0.021241830065359478,0.0010678056593699946,0.6656298859313281,0.21001426060930833,0.21001426060930833,0.21001426060930833,0.20976470269921568,0.2097815158017069,0.20923679156762884,0.20880491158449907,0.2084502222513038,0.20856955982436073,0.20653745942590276,0.20440717456821572,0.1992870891794482,0.19285046438326756,0.1816451752402533,0.15267297776009464,0.11359040856068137,0.051042648210943925,0.014435861252784274,0.002241355130825019,0.16859795259310825,0.9825136612021858,0.9825136612021858,0.9825136612021858,0.980327868852459,0.9759562841530055,0.9715846994535519,0.9650273224043716,0.9595628415300547,0.940983606557377,0.9191256830601093,0.9060109289617486,0.8775956284153006,0.8404371584699454,0.7715846994535519,0.6459016393442623,0.46229508196721314,0.1989071038251366,0.04262295081967213,0.002185792349726776,0.7582973828012655,0.9364583333333333,0.9364583333333333,0.9364583333333333,0.934375,0.9302083333333333,0.9260416666666667,0.9197916666666667,0.9145833333333333,0.896875,0.8760416666666667,0.8635416666666667,0.8364583333333333,0.8010416666666667,0.7354166666666667,0.615625,0.440625,0.18958333333333333,0.040625,0.0020833333333333333,0.7227521929824562,0.2106368190820365,0.2106368190820365,0.2106368190820365,0.2104408584053445,0.21050679522486906,0.21008578494085176,0.20980571949311122,0.20955325393832133,0.2100700999025563,0.2088109519562718,0.20730130994801074,0.2033461331671385,0.1984562329424364,0.18968843153077306,0.16510269674172512,0.12882404439409387,0.06124568701616146,0.01768333173847066,0.0026109660574412533,0.1723917239286151,0.9608684908972904,0.9608684908972904,0.9608684908972904,0.9587385173738472,0.9569252238585952,0.9530345179349684,0.9490396219688412,0.9448832901977944,0.9381398593855915,0.9258319281148509,0.9176851135138793,0.8963256707717551,0.8679485071145434,0.8115504649667942,0.708815352519309,0.5495668231125534,0.2941414383086341,0.10852387922637775,0.01775067750677507,0.7727108609772094,0.7582201061970801,0.7582201061970801,0.7582201061970801,0.7594871744086418,0.7619037912472617,0.7640840024776177,0.7670127317737259,0.7692438917383402,0.7760995444467623,0.7832259348164101,0.7870121230593732,0.7937969389995339,0.8011845432666089,0.811999965589632,0.828691671860686,0.8490442943258153,0.8825153354552364,0.9234123830236263,0.9605276744729597,0.8049422273449196,0.4542486985076804,0.4542486985076804,0.4542486985076804,0.45347346554963036,0.45247937924928566,0.45087832643614634,0.4488902368411132,0.4472371715108579,0.4430130208262637,0.43569930396126694,0.43034304237084564,0.41820267605969946,0.40258998533977813,0.37437232529253367,0.31402504138812753,0.22915559612684439,0.10076083230702368,0.024805221309575826,0.0022133993986576807,0.35741500628898376,899.0,899.0,899.0,897.0,893.0,889.0,883.0,878.0,861.0,841.0,829.0,803.0,769.0,706.0,591.0,423.0,182.0,39.0,2.0,693.8421052631579,16.0,16.0,16.0,18.0,22.0,26.0,32.0,37.0,54.0,74.0,86.0,112.0,146.0,209.0,324.0,492.0,733.0,876.0,913.0,221.1578947368421,61.0,61.0,61.0,63.0,67.0,71.0,77.0,82.0,99.0,119.0,131.0,157.0,191.0,254.0,369.0,537.0,778.0,921.0,958.0,266.1578947368421,0.766120218579235,0.7836195147078988,0.7890710382513662,0.9191256830601093,0.8760416666666667,1.0,0.0,0.0,0.5672393572342544,0.8970666666666667,0.19800332778702162,0.7876259898418209,659.0240118693429,841,74,119,21,3,0,0,28.0,601,0.3157333333333333,0.32349726775956283,0.30833333333333335,296,619,664,960,915,27,3
tagging_001_tagging_aria04_rgb,0.5441157811738772,0.7557499501309907,0.4112154744876427,0.5441157811738772,0.5423390338847205,0.5415234830160015,0.5387333167137299,0.5383003167580187,0.5368410117269418,0.5352186267583843,0.5334568279447055,0.5288083423945804,0.5244441886528516,0.5092373335641783,0.4969626994819224,0.4669690253929699,0.42089883634024944,0.3263421831228991,0.18596009967287278,0.059333142877573734,0.008870963394160292,0.0,0.4125450112037177,0.8387301587301588,0.8329113924050633,0.8294377763739734,0.8213836477987422,0.8190954773869347,0.8145363408521303,0.8077403245942572,0.8054862842892768,0.7942998760842627,0.7810578105781057,0.7572815533980582,0.7248362120309708,0.6672423719055843,0.5859802847754655,0.43224530168150344,0.23444160272804773,0.06981898780938309,0.008005569091541943,0.0,0.6118174196059716,0.35298836013086465,0.3531367566310934,0.35354994794156,0.353347168908444,0.3537649016769011,0.3538188014674786,0.35464241378938743,0.35329737182542315,0.35205628428983743,0.3521400122843322,0.3424388996825909,0.34072790594215907,0.3268078884944015,0.30232387511204106,0.24638606844567373,0.14750436043750698,0.05042212661893479,0.00982990598678035,0.0,0.27890437103502164,0.9531024531024531,0.9494949494949495,0.9473304473304474,0.9422799422799423,0.9408369408369408,0.937950937950938,0.9336219336219336,0.9321789321789322,0.924963924963925,0.9163059163059163,0.9004329004329005,0.8780663780663781,0.8362193362193362,0.772005772005772,0.6305916305916306,0.3968253968253968,0.13636363636363635,0.016594516594516596,0.0,0.7339561023771551,0.8748344370860928,0.871523178807947,0.8695364238410596,0.8649006622516556,0.8635761589403973,0.8609271523178808,0.856953642384106,0.8556291390728477,0.8490066225165563,0.8410596026490066,0.8264900662251655,0.8059602649006623,0.7675496688741722,0.7086092715231788,0.5788079470198676,0.36423841059602646,0.1251655629139073,0.015231788079470199,0.0,0.6736842105263158,0.35465546088708444,0.35493105882399967,0.3553857352491094,0.3553708249024364,0.355794714796453,0.3559337568093465,0.35681626613219825,0.3559326365528739,0.35531561752225416,0.3556350916878394,0.349539655124495,0.34951843899023727,0.3412513811634694,0.3252905338433151,0.28499857363253805,0.19395009635801916,0.0748758163743322,0.016530418545492802,0.0,0.28903821459976287,0.9732110149625799,0.9722352040602932,0.9727221593374049,0.9677305568896819,0.9666159650376043,0.9648045650687748,0.9621706308187337,0.9606702433979007,0.9532543504794412,0.9445377656221879,0.929136111009061,0.9111083215327109,0.8718738133037801,0.8122512670139382,0.67832652413381,0.44906086647574067,0.186577142604614,0.03085894999826682,0.0,0.7635339711445539,0.7557499501309907,0.758352179535279,0.7598040232695579,0.7629354349315934,0.76377774695333,0.7652814236371521,0.7673210330568493,0.7679267659224737,0.7705736608745373,0.7733419168871809,0.7777057935178653,0.7828718826857896,0.7907038207086968,0.8001912620005227,0.8170928602717511,0.8411221895466172,0.8747049510041628,0.9095692117576543,1.0,0.8020540056153687,0.5800293716333159,0.5790523006622548,0.5787301878571174,0.5770198869396354,0.5769186145975677,0.57607697116019,0.5754145775928846,0.5738783554115333,0.5706481950597438,0.5680387104979481,0.5552866391893887,0.546975061841738,0.5227648377502366,0.4831105221392387,0.3941687362744774,0.2419369264169694,0.08292010937610762,0.01277194339245851,0.0,0.4524074709364635,1321.0,1316.0,1313.0,1306.0,1304.0,1300.0,1294.0,1292.0,1282.0,1270.0,1248.0,1217.0,1159.0,1070.0,874.0,550.0,189.0,23.0,0.0,1017.2631578947369,65.0,70.0,73.0,80.0,82.0,86.0,92.0,94.0,104.0,116.0,138.0,169.0,227.0,316.0,512.0,836.0,1197.0,1363.0,1386.0,368.7368421052632,189.0,194.0,197.0,204.0,206.0,210.0,216.0,218.0,228.0,240.0,262.0,293.0,351.0,440.0,636.0,960.0,1321.0,1487.0,1510.0,492.7368421052632,0.7308802308802309,0.773597161564977,0.7445887445887446,0.9170274170274171,0.8417218543046358,1.0,0.0,0.0,0.5232626207424861,0.8777624309392266,0.39767054908485855,0.7436661229430355,983.2419923490858,1271,115,239,19,3,0,0,29.0,601,0.43232044198895025,0.45165945165945165,0.41456953642384103,626,760,884,1510,1386,29,3
tagging_002_tagging_aria01_rgb,0.5641169629659838,0.769694437237446,0.4341976883462001,0.5641169629659838,0.5641169629659838,0.5641169629659838,0.5641169629659838,0.5574819897036412,0.5512445644902868,0.5471477147759708,0.5433561278097141,0.5394781329982509,0.5352037645764697,0.5268150685509176,0.49836761305700944,0.4708033803145133,0.4216886467630503,0.3475165995946888,0.24754377421966636,0.09661767028594498,0.014602265461065439,0.0,0.4291755349718486,0.7580645161290323,0.7580645161290323,0.7580645161290323,0.7580645161290323,0.744,0.7301587301587301,0.7210526315789474,0.7120418848167539,0.703125,0.689922480620155,0.6812339331619537,0.6432160804020101,0.6068796068796068,0.5497630331753555,0.4501108647450111,0.3106212424849699,0.1141396933560477,0.013953488372093023,0.0,0.5632882491719876,0.41979005893978383,0.41979005893978383,0.41979005893978383,0.41979005893978383,0.41772334522033683,0.41617056309663947,0.41518553386180834,0.41463274552219104,0.41391879962066264,0.4151815278715781,0.4073991369809352,0.38613816618034436,0.365238542213109,0.3234508398678267,0.26830675829669315,0.19727536875679783,0.08178552033046056,0.015281207889338767,0.0,0.327202541656203,0.9964664310954063,0.9964664310954063,0.9964664310954063,0.9964664310954063,0.9858657243816255,0.9752650176678446,0.9681978798586572,0.9611307420494699,0.9540636042402827,0.9434628975265018,0.9363957597173145,0.9045936395759717,0.872791519434629,0.8197879858657244,0.7173144876325088,0.5477031802120141,0.23674911660777384,0.03180212014134275,0.0,0.7811047052259624,0.7601078167115903,0.7601078167115903,0.7601078167115903,0.7601078167115903,0.7520215633423181,0.7439353099730458,0.738544474393531,0.7331536388140162,0.7277628032345014,0.7196765498652291,0.7142857142857143,0.6900269541778976,0.6657681940700808,0.6253369272237197,0.5471698113207547,0.41778975741239893,0.18059299191374664,0.02425876010781671,0.0,0.595829195630586,0.4286722611197793,0.4286722611197793,0.4286722611197793,0.4286722611197793,0.4271486255364396,0.42575289803623184,0.4249676393844281,0.42438869773502175,0.42380117917229077,0.4249841304155916,0.42026122644380054,0.4056360401111033,0.3901298649117216,0.3560613801658963,0.30878464920872833,0.23552791060391787,0.1089023668959465,0.021579321052672643,0.0,0.34276920916594245,0.9311519625776735,0.9311519625776735,0.9311519625776735,0.9311519625776735,0.9231519845456553,0.9178047850339489,0.913419064267357,0.9107014186522308,0.9067896592161832,0.9044703571043448,0.8973917084459033,0.881158770437546,0.8583056841672609,0.8161043069904147,0.7274882230364643,0.5888627457644007,0.26889322298112056,0.053078680298093844,0.0,0.7522225505921905,0.769694437237446,0.769694437237446,0.769694437237446,0.769694437237446,0.7756252504114136,0.7811563533616753,0.7843699354956978,0.787265347661183,0.7898475154297643,0.7932523648235025,0.7953108144877539,0.8027492851542614,0.8091787471963645,0.8175955225936337,0.8306120148823842,0.8467135840518264,0.8748314804498875,0.9170652331728922,1.0,0.8149658525327381,0.6467663425388311,0.6467663425388311,0.6467663425388311,0.6467663425388311,0.6417313521457115,0.6370844461853397,0.6340203101107942,0.6312814573403471,0.628414562075785,0.6258660937334752,0.6176461967675678,0.5910144914672305,0.564603491146015,0.5149379696058766,0.4387030030167697,0.3287070836559443,0.1391497383739677,0.022044836338734435,0.0,0.5053826527430992,282.0,282.0,282.0,282.0,279.0,276.0,274.0,272.0,270.0,267.0,265.0,256.0,247.0,232.0,203.0,155.0,67.0,9.0,0.0,221.05263157894737,1.0,1.0,1.0,1.0,4.0,7.0,9.0,11.0,13.0,16.0,18.0,27.0,36.0,51.0,80.0,128.0,216.0,274.0,283.0,61.94736842105263,89.0,89.0,89.0,89.0,92.0,95.0,97.0,99.0,101.0,104.0,106.0,115.0,124.0,139.0,168.0,216.0,304.0,362.0,371.0,149.94736842105263,0.5512367491166078,0.7932523648235025,0.5759717314487632,0.9434628975265018,0.7196765498652291,1.0,0.0,0.0,0.3561780261762373,0.8165137614678899,0.4727272727272727,0.5729855192932358,211.79838140787515,267,16,104,7,3,0,0,9.0,220,0.4525993883792049,0.5229681978798587,0.39892183288409705,148,135,223,371,283,16,3
tagging_002_tagging_aria02_rgb,0.6108173877886258,0.7674649714008841,0.46878094905036044,0.6108173877886258,0.6098155005262651,0.6098155005262651,0.6098155005262651,0.6072804518963614,0.6054518353928107,0.6030859444057385,0.5996506989242169,0.5972451927284503,0.5920872339385809,0.5783994461946521,0.5634327067739028,0.5370870689657902,0.5014948034320706,0.4006272075134738,0.2604601895387844,0.1310955123479584,0.010823911353561894,0.0,0.47518347856704074,0.9142857142857143,0.9112519809825673,0.9112519809825673,0.9112519809825673,0.9022082018927445,0.8962264150943396,0.8873239436619719,0.8785046728971962,0.8697674418604651,0.8553846153846154,0.8162650602409639,0.7735294117647059,0.717948717948718,0.6385869565217391,0.50186799501868,0.2981700753498385,0.12186046511627907,0.008361204013377926,0.0,0.6744235175788974,0.40807580758975687,0.4080923305989646,0.4080923305989646,0.4080923305989646,0.40876323944048,0.4090170952414257,0.4098983904781439,0.40931024252204556,0.41011171845458516,0.4098358636429422,0.40984961338357573,0.41039992821776683,0.4017870809414384,0.3938336593018238,0.3198095136432639,0.2275195129993659,0.14103042640921176,0.01401198401597602,0.0,0.3372384772672998,0.96,0.9583333333333334,0.9583333333333334,0.9583333333333334,0.9533333333333334,0.95,0.945,0.94,0.935,0.9266666666666666,0.9033333333333333,0.8766666666666667,0.84,0.7833333333333333,0.6716666666666666,0.46166666666666667,0.21833333333333332,0.016666666666666666,0.0,0.7503508771929825,0.9504950495049505,0.9488448844884488,0.9488448844884488,0.9488448844884488,0.9438943894389439,0.9405940594059405,0.9356435643564357,0.9306930693069307,0.9257425742574258,0.9174917491749175,0.8943894389438944,0.8679867986798679,0.8316831683168316,0.7755775577557755,0.665016501650165,0.4570957095709571,0.21617161716171618,0.0165016501650165,0.0,0.7429216605871114,0.40926644562001147,0.40933748108607826,0.40933748108607826,0.40933748108607826,0.41008443211038736,0.41041332402543645,0.4113716034507358,0.4110904345614189,0.4119643458673951,0.4120317403508443,0.4133221370837665,0.4153904758597711,0.4109530117422279,0.40718117064739956,0.35485183209675614,0.28003386720431794,0.19616887036161987,0.022990810359231412,0.0,0.34763826024208183,0.9716457630120444,0.9700154236275593,0.9700154236275593,0.9700154236275593,0.9659137161575588,0.9628169753423754,0.9588413993820288,0.9546100823344384,0.9504267620875178,0.9442685925663111,0.9297980939190008,0.9188127068728978,0.8915489950190741,0.8499663702316127,0.7399739589257874,0.5506189764473043,0.35317511606493823,0.037435414626798225,0.0,0.7836789049406508,0.7674649714008841,0.7686957773703031,0.7686957773703031,0.7686957773703031,0.7715679678212665,0.7733280980525958,0.7756866689654287,0.7778352174026849,0.7797450518807223,0.7825453169710587,0.7889417739743437,0.795515042525565,0.8027890628978424,0.8119115883603224,0.8259832947120254,0.8475620484186434,0.8736215754855299,0.9120071855025931,1.0,0.8101364313938114,0.62590156996621,0.6253706768714651,0.6253706768714651,0.6253706768714651,0.6242496468560669,0.623350816538612,0.6223776819599542,0.6202835061249999,0.6192369956285212,0.616263931803947,0.6084659542021751,0.5998199205352461,0.5809484899634461,0.5554304935090997,0.46347102390231354,0.32409593513038787,0.17547547720221354,0.015281788734730423,0.0,0.5026718559301221,576.0,575.0,575.0,575.0,572.0,570.0,567.0,564.0,561.0,556.0,542.0,526.0,504.0,470.0,403.0,277.0,131.0,10.0,0.0,450.2105263157895,24.0,25.0,25.0,25.0,28.0,30.0,33.0,36.0,39.0,44.0,58.0,74.0,96.0,130.0,197.0,323.0,469.0,590.0,600.0,149.78947368421052,30.0,31.0,31.0,31.0,34.0,36.0,39.0,42.0,45.0,50.0,64.0,80.0,102.0,136.0,203.0,329.0,475.0,596.0,606.0,155.78947368421052,0.8266666666666667,0.7825453169710587,0.8433333333333334,0.9266666666666666,0.9174917491749175,1.0,0.0,0.0,0.625158660393181,0.9220563847429519,0.22727272727272727,0.8416666666666667,435.09519623590865,556,44,50,10,3,0,0,12.0,220,0.5240464344941956,0.5266666666666666,0.5214521452145214,316,284,290,606,600,15,3
tagging_002_tagging_aria03_rgb,0.7188748971487537,0.7857135984970122,0.5648297823079168,0.7188748971487537,0.7188748971487537,0.7178235896079033,0.7178235896079033,0.7170357199979264,0.7156711237136508,0.7156711237136508,0.7129715118601959,0.7116742041206615,0.7072978304279998,0.7072978304279998,0.7015889438495434,0.6886042347562408,0.5688609534494834,0.4062265918359369,0.23594483766541383,0.08985216561599958,0.018857388169067235,0.0,0.5563658649008991,0.880085653104925,0.880085653104925,0.8760683760683761,0.8760683760683761,0.8720682302771855,0.8680851063829788,0.8680851063829788,0.8641188959660298,0.8601694915254238,0.8562367864693446,0.8562367864693446,0.848421052631579,0.8253638253638254,0.7015503875968992,0.5111876075731497,0.30074074074074075,0.10025062656641603,0.018561484918793503,0.0,0.6770202203795417,0.5871941167628828,0.5871941167628828,0.5881626593006472,0.5881626593006472,0.5895642174575331,0.590017215537385,0.590017215537385,0.5882620772410431,0.5888143880952875,0.5842662086395496,0.5842662086395496,0.5801683546219875,0.574505178870916,0.46126805726375397,0.3228169882639944,0.18510949425688164,0.08053228136720306,0.019158008646109496,0.0,0.4573410235034546,0.9448275862068966,0.9448275862068966,0.9425287356321839,0.9425287356321839,0.9402298850574713,0.9379310344827586,0.9379310344827586,0.9356321839080459,0.9333333333333333,0.9310344827586207,0.9310344827586207,0.9264367816091954,0.9126436781609195,0.832183908045977,0.6827586206896552,0.4666666666666667,0.1839080459770115,0.0367816091954023,0.0,0.7559588626739262,0.927765237020316,0.927765237020316,0.9255079006772009,0.9255079006772009,0.9232505643340858,0.9209932279909706,0.9209932279909706,0.9187358916478555,0.9164785553047404,0.9142212189616253,0.9142212189616253,0.909706546275395,0.8961625282167043,0.8171557562076749,0.6704288939051919,0.4582392776523702,0.18058690744920994,0.03611738148984198,0.0,0.7423072353570156,0.5873290897621798,0.5873290897621798,0.5883144452656648,0.5883144452656648,0.5897158216229121,0.5902328018749587,0.5902328018749587,0.5891304527668165,0.5897231759300726,0.5869595425150981,0.5869595425150981,0.5843520279004151,0.5812627898270216,0.5040678423275108,0.38839930489762137,0.2429439835843777,0.10856872294372293,0.026527176527176528,0.0,0.4689664766928131,0.990306260379253,0.990306260379253,0.9882500967866821,0.9882500967866821,0.9894438623044979,0.9874922191098661,0.9874922191098661,0.9850306233284956,0.9834103609651246,0.9809155046699921,0.9809155046699921,0.9759992414018953,0.9639382983180436,0.8792899921676224,0.7304998652516382,0.5330772058997613,0.2667886946255741,0.06882914498162726,0.0,0.8036966026913615,0.7857135984970122,0.7857135984970122,0.7872869181641108,0.7872869181641108,0.7886304975853381,0.7899310257000457,0.7899310257000457,0.7909158502336878,0.7917774470375863,0.7925805737755595,0.7925805737755595,0.793653233327701,0.7961820527536391,0.8073798775261609,0.8247957233668094,0.8469678076909056,0.8805110686285309,0.9171127667357257,1.0,0.8183658187978705,0.7448470983872899,0.7448470983872899,0.74455369693307,0.74455369693307,0.7445306551204554,0.7439055432859848,0.7439055432859848,0.7418874119698492,0.7413232058661064,0.7375445663511212,0.7375445663511212,0.7331366197698056,0.7240984184261485,0.6195642457005781,0.46947426089436833,0.29391228394405605,0.12169853945020542,0.026545477712471816,0.0,0.5872564699352093,411.0,411.0,410.0,410.0,409.0,408.0,408.0,407.0,406.0,405.0,405.0,403.0,397.0,362.0,297.0,203.0,80.0,16.0,0.0,328.8421052631579,24.0,24.0,25.0,25.0,26.0,27.0,27.0,28.0,29.0,30.0,30.0,32.0,38.0,73.0,138.0,232.0,355.0,419.0,435.0,106.15789473684211,32.0,32.0,33.0,33.0,34.0,35.0,35.0,36.0,37.0,38.0,38.0,40.0,46.0,81.0,146.0,240.0,363.0,427.0,443.0,114.15789473684211,0.8344827586206897,0.7928067596901526,0.8482758620689655,0.9333333333333333,0.9164785553047404,0.6666666666666666,0.3333333333333333,0.0,0.6411024009981654,0.9248291571753986,0.16818181818181818,0.8464870086198077,321.87954443420193,406,29,37,6,2,1,0,4.0,220,0.6697038724373576,0.6758620689655173,0.6636568848758465,294,141,149,443,435,12,3
tagging_002_tagging_aria04_rgb,0.736004547708877,0.7503671821501763,0.552273658514025,0.736004547708877,0.7313380167569988,0.7313380167569988,0.7268692417837425,0.725237123906447,0.7222517589981757,0.7222517589981757,0.7192943829521663,0.7160985694521987,0.7092631249267728,0.6827675553149546,0.6318934720907983,0.5486922144236082,0.44003224618374837,0.3497981496142994,0.2175594656828715,0.09179302830591062,0.027814353771995006,0.001681256494555332,0.5385251728485945,0.9119878603945372,0.889055472263868,0.889055472263868,0.8834080717488789,0.8805970149253731,0.8777943368107303,0.8777943368107303,0.875,0.8694362017804155,0.8556701030927835,0.8208092485549133,0.7573221757322176,0.6600790513833992,0.5365853658536586,0.4318181818181818,0.26506024096385544,0.09375,0.012861736334405145,0.0007942811755361397,0.6520462711530184,0.5939801589176872,0.601599463070756,0.601599463070756,0.5980689010519483,0.5972867009283115,0.5942708690412029,0.5942708690412029,0.5912964678246144,0.5898042433951899,0.5879066927342942,0.5679413766493057,0.5272384367787872,0.45610165257950863,0.3608528856791869,0.2833570947809401,0.17857118418099874,0.08987690715274355,0.06015037593984962,0.0035587188612099642,0.44619644535149977,0.9464566929133859,0.9338582677165355,0.9338582677165355,0.9307086614173228,0.9291338582677166,0.9275590551181102,0.9275590551181102,0.925984251968504,0.9228346456692913,0.9149606299212598,0.8944881889763779,0.8551181102362204,0.7889763779527559,0.6929133858267716,0.5984251968503937,0.415748031496063,0.1700787401574803,0.025196850393700787,0.0015748031496062992,0.7229175300455865,0.9616,0.9488,0.9488,0.9456,0.944,0.9424,0.9424,0.9408,0.9376,0.9296,0.9088,0.8688,0.8016,0.704,0.608,0.4224,0.1728,0.0256,0.0016,0.7344842105263159,0.5943807717518199,0.6019850863021182,0.6019850863021182,0.5998369087201574,0.5993672711469321,0.5975372109497746,0.5975372109497746,0.5957163867878154,0.5948091442118746,0.5943361859024509,0.5825529810565021,0.5576148222557061,0.5076178645040921,0.4303954757363848,0.35681327444485333,0.23357173129900408,0.11943796943796944,0.08205128205128205,0.005128205128205128,0.4659302562599386,0.976852071943586,0.9853298401991489,0.9853298401991489,0.9819252178962488,0.9802581127717013,0.9785359795258223,0.9785359795258223,0.97682637441654,0.9735696914529149,0.9676873773122808,0.9487746744914971,0.9130323740400261,0.8546580163489448,0.7653998513739891,0.6803884378934287,0.5287388339902708,0.2856414104833645,0.1839080459770115,0.011494252873563218,0.7872045464587005,0.7503671821501763,0.7594421015054886,0.7594421015054886,0.7613609538877615,0.7622962023604338,0.7631162471925234,0.7631162471925234,0.7637966229763409,0.7650094807157498,0.7674853075724212,0.7728997395158698,0.7819304995748196,0.7951448711435465,0.8117551712118575,0.8247551314350149,0.8457015378741981,0.875597352411734,0.9175965116336021,0.9683947035838341,0.8004846297601782,0.7497843002260061,0.7495389465814662,0.7495389465814662,0.7460750004747432,0.7449559026717741,0.7424428097652211,0.7424428097652211,0.7399535238447035,0.7377613367260747,0.7334244868553915,0.7127530101260803,0.6714544926517176,0.5998778457573233,0.5000397932178261,0.41178638299880654,0.27247131648151723,0.12363717538745962,0.03893070797816616,0.00236733640853952,0.5668019012894475,601.0,593.0,593.0,591.0,590.0,589.0,589.0,588.0,586.0,581.0,568.0,543.0,501.0,440.0,380.0,264.0,108.0,16.0,1.0,459.05263157894734,34.0,42.0,42.0,44.0,45.0,46.0,46.0,47.0,49.0,54.0,67.0,92.0,134.0,195.0,255.0,371.0,527.0,619.0,634.0,175.94736842105263,24.0,32.0,32.0,34.0,35.0,36.0,36.0,37.0,39.0,44.0,57.0,82.0,124.0,185.0,245.0,361.0,517.0,609.0,624.0,165.94736842105263,0.8346456692913385,0.7674853075724212,0.8456692913385827,0.9149606299212598,0.9296,1.0,0.0,0.0,0.621903879841853,0.9222222222222223,0.2,0.8443384282834421,445.9089636995767,581,54,44,7,3,0,0,8.0,220,0.6968253968253968,0.6913385826771653,0.7024,439,196,186,625,635,10,3
tagging_003_tagging_aria01_rgb,0.5058623447644294,0.7561931858924855,0.38252965811045675,0.5058623447644294,0.5052603937002589,0.5040855045166192,0.5030322696991854,0.5030322696991854,0.4987943081446288,0.4944918619458125,0.4930345171214009,0.48866649621413216,0.4849834194805542,0.4774725695457868,0.45637277890474137,0.43714712942859946,0.3977552869643047,0.3250139859905057,0.15669256746940555,0.05229787368841885,0.01406004580170661,0.002634042674102279,0.3842468245133567,0.9106933019976499,0.9062133645955451,0.9017543859649123,0.8995327102803738,0.8995327102803738,0.8885017421602788,0.8754325259515571,0.8711162255466053,0.8604118993135011,0.8519362186788155,0.831081081081081,0.7751091703056768,0.722457627118644,0.6374622356495468,0.47952684258416745,0.2161555721765146,0.060665362035225046,0.009937888198757764,0.0012315270935960591,0.6630922311059381,0.28099109907720254,0.2817085638061396,0.2817864817944581,0.28130323830007686,0.28130323830007686,0.2800171907739468,0.2793158744757073,0.2790477641724604,0.27753561371329744,0.2760874722943622,0.2743174641541555,0.268705520853403,0.26451047866961214,0.2481861033647709,0.22028817098157658,0.11358745209725321,0.045084501280017245,0.01989204184957507,0.005633802816901409,0.22417379330394704,0.9711779448621554,0.968671679197995,0.9661654135338346,0.9649122807017544,0.9649122807017544,0.9586466165413534,0.9511278195488722,0.9486215538847118,0.9423558897243107,0.9373433583959899,0.924812030075188,0.8897243107769424,0.8546365914786967,0.793233082706767,0.6604010025062657,0.36215538847117795,0.11654135338345864,0.020050125313283207,0.002506265664160401,0.7472628940772985,0.9359903381642513,0.9335748792270532,0.9311594202898551,0.9299516908212561,0.9299516908212561,0.9239130434782609,0.9166666666666666,0.9142512077294686,0.9082125603864735,0.9033816425120773,0.8913043478260869,0.857487922705314,0.8236714975845411,0.7644927536231884,0.6364734299516909,0.34903381642512077,0.11231884057971014,0.01932367149758454,0.0024154589371980675,0.720188151538266,0.28179957017197926,0.28251835558853156,0.2826607408081703,0.2822832439347609,0.2822832439347609,0.2812524154637463,0.2807357980002753,0.28060928251777345,0.27950587466272375,0.27835623959402794,0.2771243604993894,0.2726687702947577,0.2692978798070439,0.2561451001073055,0.2334667584618233,0.13253663063765253,0.054073378220270925,0.02379581116391157,0.006896551724137931,0.22831631608384437,0.978383466777425,0.9807916541491154,0.9806377753264192,0.9793339083013686,0.9793339083013686,0.9737522127129243,0.9682814901959426,0.968199548153897,0.9627117464149338,0.958064441498274,0.9481294960966187,0.9218337564316244,0.900769462380662,0.8500246675191654,0.7635545252816404,0.46018399573936153,0.25524071831915474,0.1226496948541025,0.029850746268656716,0.7885119586696134,0.7561931858924855,0.7579589910289497,0.759572897951314,0.7603341245813757,0.7603341245813757,0.7634780291674329,0.7670256431911546,0.7680426798067997,0.7702955120782166,0.7718963306485027,0.7752720513795672,0.7830268586917678,0.7893361100988924,0.7981674024564532,0.8120967255460827,0.8405143125739951,0.8773631716780375,0.9162891539171973,0.9629672329227545,0.7994823441153871,0.5223910011919768,0.5223821470404102,0.5217780684459504,0.5209922736825531,0.5209922736825531,0.5181095757741395,0.5154271031440488,0.5145004603081847,0.5114071960688245,0.5087128448264868,0.5036785591123392,0.48895177097874726,0.4754580253824683,0.4436997045942419,0.38141647703855797,0.2028208762423929,0.0724859213626445,0.01997092716478266,0.0037576331059125698,0.4088912020603797,775.0,773.0,771.0,770.0,770.0,765.0,759.0,757.0,752.0,748.0,738.0,710.0,682.0,633.0,527.0,289.0,93.0,16.0,2.0,596.3157894736842,23.0,25.0,27.0,28.0,28.0,33.0,39.0,41.0,46.0,50.0,60.0,88.0,116.0,165.0,271.0,509.0,705.0,782.0,796.0,201.68421052631578,53.0,55.0,57.0,58.0,58.0,63.0,69.0,71.0,76.0,80.0,90.0,118.0,146.0,195.0,301.0,539.0,735.0,812.0,826.0,231.68421052631578,0.818295739348371,0.7718963306485027,0.8370927318295739,0.9373433583959899,0.9033816425120773,1.0,0.0,0.0,0.6044842798559901,0.9200492004920049,0.2572347266881029,0.8356189332593287,577.37845532508,748,50,80,15,3,0,0,15.0,311,0.34317343173431736,0.34962406015037595,0.33695652173913043,279,519,549,828,798,22,3
tagging_003_tagging_aria02_rgb,0.5349158877660365,0.791975239802006,0.42364013848740967,0.5349158877660365,0.5349158877660365,0.5349158877660365,0.5338914200423559,0.5323997079752815,0.5285459377004467,0.5281676520408598,0.5266457713282142,0.5262329350188675,0.5253491457406372,0.517998871991288,0.5131770348112084,0.5013002424066456,0.4750755539050967,0.41424131700618455,0.27910065314731736,0.11045378371780722,0.021644741945192687,0.001256194176559991,0.4284330855922144,0.8985115020297699,0.8985115020297699,0.8985115020297699,0.893387314439946,0.885752688172043,0.8756684491978609,0.8731642189586115,0.8656914893617021,0.8632138114209827,0.8582781456953642,0.8412073490813649,0.8339869281045752,0.8103225806451613,0.75375,0.6257242178447276,0.37954768928220256,0.12781350482315113,0.02408759124087591,0.0007132667617689016,0.6951496711115606,0.31845447313488773,0.31845447313488773,0.31845447313488773,0.31905540160208284,0.320009696653734,0.31902577798200626,0.31948293643440934,0.32038638691295396,0.32080244573788375,0.3215644325963966,0.3189734750620844,0.31577313766313864,0.3101257931586708,0.2994318831419362,0.27423561981677924,0.20523685636073202,0.09545187227641312,0.019449634842647202,0.0022123893805309734,0.2650832188961612,0.9895678092399404,0.9895678092399404,0.9895678092399404,0.9865871833084948,0.9821162444113264,0.9761549925484352,0.9746646795827124,0.970193740685544,0.9687034277198212,0.9657228017883756,0.9552906110283159,0.9508196721311475,0.9359165424739195,0.8986587183308494,0.8047690014903129,0.5752608047690015,0.23695976154992549,0.04918032786885246,0.0014903129657228018,0.8000627500196094,0.907103825136612,0.907103825136612,0.907103825136612,0.9043715846994536,0.9002732240437158,0.894808743169399,0.8934426229508197,0.889344262295082,0.8879781420765027,0.8852459016393442,0.8756830601092896,0.8715846994535519,0.8579234972677595,0.8237704918032787,0.7377049180327869,0.5273224043715847,0.21721311475409835,0.045081967213114756,0.001366120218579235,0.733390854184642,0.3209668364456482,0.3209668364456482,0.3209668364456482,0.32157359465204033,0.32253660943211465,0.3219274017199787,0.32238906441374016,0.32329952266071765,0.323710326455154,0.3244845738907042,0.32276107524372627,0.3203182433535909,0.3162968662496446,0.3083612340843427,0.28952130500406364,0.23282686999142244,0.12422911145097223,0.027238258084653064,0.0034482758620689655,0.2719906758887305,0.9261884270861455,0.9261884270861455,0.9261884270861455,0.9254231740577435,0.9239820632591269,0.9193937515663602,0.9185059744280825,0.9173660516443372,0.9182645635186617,0.9182793876700726,0.9105387690361788,0.9060840598658633,0.8924605561529663,0.8619251615834129,0.7944488241129256,0.6199639607844376,0.331998215380338,0.07808898564615241,0.006134969325153374,0.7695486183836974,0.791975239802006,0.791975239802006,0.791975239802006,0.7938070482574306,0.7963966557737312,0.7996121732449255,0.8003399595087388,0.8023096067886333,0.8029103333036135,0.8039138767511008,0.8069188273333062,0.8080554087317061,0.8108853318898657,0.8164073666281202,0.8268656447178038,0.8469880329685567,0.8770535795596639,0.9174564456218504,0.9535453109557005,0.8231258590231981,0.5613664536848905,0.5613664536848905,0.5613664536848905,0.5610489907182433,0.5606128088554283,0.5580489278986065,0.5580221625276076,0.5575274586814579,0.5574606970963871,0.5572630481222323,0.5520075777504181,0.5479446242282966,0.538750276162384,0.5187360333847313,0.46978327549310067,0.34360547021014476,0.1503936597537037,0.030927971457741066,0.0018158063164976455,0.460423586826929,664.0,664.0,664.0,662.0,659.0,655.0,654.0,651.0,650.0,648.0,641.0,638.0,628.0,603.0,540.0,386.0,159.0,33.0,1.0,536.8421052631579,7.0,7.0,7.0,9.0,12.0,16.0,17.0,20.0,21.0,23.0,30.0,33.0,43.0,68.0,131.0,285.0,512.0,638.0,670.0,134.1578947368421,68.0,68.0,68.0,70.0,73.0,77.0,78.0,81.0,82.0,84.0,91.0,94.0,104.0,129.0,192.0,346.0,573.0,699.0,731.0,195.1578947368421,0.8077496274217586,0.8037136150430354,0.8435171385991058,0.9672131147540983,0.8866120218579235,1.0,0.0,0.0,0.6178988616437108,0.925160370634355,0.26688102893890675,0.8414601918901468,521.61013616293,649,22,83,24,3,0,0,17.0,311,0.4276550249465431,0.44709388971684055,0.4098360655737705,300,371,432,732,671,27,3
tagging_003_tagging_aria03_rgb,0.7307147193232268,0.7532654929405733,0.5504221832499432,0.7307147193232268,0.7307147193232268,0.7302026951925152,0.7292855370606309,0.7292855370606309,0.7255469410245089,0.7251358469739815,0.7246371890755624,0.723408536894414,0.7212800056496431,0.7102710642001497,0.6996174083101949,0.6695407710512891,0.5963245968082332,0.3783535391527416,0.18689313288306872,0.06562855747816475,0.0039042029086290473,0.0,0.5568813158089901,0.8260869565217391,0.8260869565217391,0.8240534521158129,0.82,0.82,0.8119469026548672,0.8099447513812155,0.8079470198675497,0.8059536934950385,0.7980241492864983,0.7785016286644951,0.7575107296137339,0.688659793814433,0.5765158806544755,0.3582089552238806,0.16005665722379603,0.051347881899871634,0.003676470588235294,0.0,0.60655378313302,0.6463532644115426,0.6463532644115426,0.6470405223076205,0.6486065787387961,0.6486065787387961,0.6483408729176297,0.6492072399629462,0.6499176838073049,0.6493175916625268,0.6519161694731825,0.6480204614413558,0.646148627175564,0.6509525430792755,0.616813927753061,0.39963099331208946,0.21822924284873413,0.08388091966604648,0.004146041695675323,0.0,0.5133411854422995,0.9548969072164949,0.9548969072164949,0.9536082474226805,0.9510309278350515,0.9510309278350515,0.9458762886597938,0.9445876288659794,0.9432989690721649,0.9420103092783505,0.9368556701030928,0.9239690721649485,0.9097938144329897,0.8608247422680413,0.7719072164948454,0.5567010309278351,0.2912371134020619,0.10309278350515463,0.007731958762886598,0.0,0.7317552902875747,0.8596287703016241,0.8596287703016241,0.8584686774941995,0.8561484918793504,0.8561484918793504,0.851508120649652,0.8503480278422274,0.8491879350348028,0.8480278422273781,0.8433874709976799,0.8317865429234339,0.8190255220417634,0.7749419953596288,0.6948955916473318,0.5011600928074246,0.26218097447795824,0.09280742459396751,0.0069605568445475635,0.0,0.6587495420686287,0.648573108661099,0.648573108661099,0.6492495830474244,0.6508067326881148,0.6508067326881148,0.6515885586664487,0.6524591393538542,0.6531784083987731,0.6528511877787792,0.6555150563256951,0.6541252147597441,0.6543325211696339,0.6647790747286464,0.6541803027627748,0.49976649173765925,0.3172242762047095,0.14051223326172985,0.007110893332375013,0.0,0.5318754012750881,0.9736019316020237,0.9736019316020237,0.9738299368490797,0.9752509465643445,0.9752509465643445,0.9759210050460819,0.9764338577132664,0.9752632300143318,0.9738750812181818,0.9712624319652716,0.9600314952842685,0.9474445265876471,0.920234911376651,0.8520109763123077,0.6451862687399438,0.3934284606951205,0.16883256896585547,0.012744034778737619,0.0,0.7707476074673412,0.7532654929405733,0.7532654929405733,0.7540869899771497,0.7557001203770067,0.7557001203770067,0.7582660763779907,0.7588741873467545,0.7594120149957536,0.7598883973960256,0.7614695382883885,0.7647934868091232,0.7676973073106719,0.7755785038037388,0.7864641860953727,0.8099352842767625,0.8406266502100048,0.8737643605637271,0.9070918621978553,1.0,0.7945200038044464,0.7856212402652231,0.7856212402652231,0.7855082294217075,0.7853947519418981,0.7853947519418981,0.7831029681094169,0.7830920299934269,0.7829857477101355,0.7820894228551429,0.7815058283869928,0.7737899356426596,0.7667216080225573,0.7485693388891529,0.6900167549176744,0.47167254103620976,0.25210405539614567,0.09299202918177986,0.00566189221198797,0.0,0.6127286508520648,741.0,741.0,740.0,738.0,738.0,734.0,733.0,732.0,731.0,727.0,717.0,706.0,668.0,599.0,432.0,226.0,80.0,6.0,0.0,567.8421052631579,35.0,35.0,36.0,38.0,38.0,42.0,43.0,44.0,45.0,49.0,59.0,70.0,108.0,177.0,344.0,550.0,696.0,770.0,776.0,208.1578947368421,121.0,121.0,122.0,124.0,124.0,128.0,129.0,130.0,131.0,135.0,145.0,156.0,194.0,263.0,430.0,636.0,782.0,856.0,862.0,294.1578947368421,0.7525773195876289,0.7614695382883885,0.7628865979381443,0.9368556701030928,0.8433874709976799,1.0,0.0,0.0,0.5291087040407969,0.8876678876678876,0.4340836012861736,0.7617228221817114,553.5883543356584,727,49,135,8,3,0,0,8.0,311,0.7081807081807082,0.7474226804123711,0.6728538283062645,580,196,282,862,776,17,3
tagging_003_tagging_aria04_rgb,0.5310600632508756,0.7525708404503453,0.399660318130325,0.5310600632508756,0.5295048835693872,0.5250203306614013,0.5227182807879872,0.5192126289401341,0.5098935945947612,0.5036438253446173,0.5009345706933854,0.4910856101698257,0.4777474915021881,0.4649653730013131,0.4554709382426977,0.44159236732384355,0.40778596319718413,0.3221019622498547,0.1823809813605742,0.07543490051724476,0.0117762805037441,0.0022638692063261102,0.3933996797430181,0.7775947281713345,0.7688524590163934,0.7630718954248366,0.7544715447154472,0.7487844408427877,0.7347266881028939,0.7264,0.7208931419457735,0.7072784810126582,0.6859375,0.6651234567901234,0.6473282442748092,0.6176911544227887,0.556998556998557,0.4348404255319149,0.2488425925925926,0.0866062437059416,0.012195121951219513,0.0009276437847866419,0.5609770694360452,0.3626886610243106,0.36466739286041894,0.36123247266804714,0.3621533548664195,0.3600258490247206,0.3538614862079933,0.3491975534247788,0.3480896536738618,0.34097612608060374,0.33274557177094605,0.3250416082656198,0.3204769410549825,0.31569793007785707,0.29854546244558045,0.23859252266689765,0.1336701326549202,0.06570454937830567,0.011371824165234799,0.0055248618784530384,0.27632968179947115,0.9752066115702479,0.96900826446281,0.9648760330578512,0.9586776859504132,0.9545454545454546,0.9442148760330579,0.9380165289256198,0.9338842975206612,0.9235537190082644,0.9070247933884298,0.890495867768595,0.8760330578512396,0.8512396694214877,0.7975206611570248,0.6756198347107438,0.44421487603305787,0.17768595041322313,0.026859504132231406,0.002066115702479339,0.7479338842975207,0.7932773109243697,0.788235294117647,0.7848739495798319,0.7798319327731092,0.7764705882352941,0.7680672268907563,0.7630252100840336,0.7596638655462185,0.7512605042016807,0.7378151260504202,0.7243697478991596,0.7126050420168067,0.692436974789916,0.6487394957983194,0.5495798319327732,0.36134453781512604,0.14453781512605043,0.021848739495798318,0.0016806722689075631,0.6084033613445378,0.3723772669325776,0.3744016378013275,0.37192442773332784,0.37301087586351794,0.37144336715120735,0.36695067454128494,0.3633853026734821,0.3626365914169823,0.35701920576611573,0.35039379510696417,0.3442446498053867,0.3405130749545829,0.3369113446697731,0.32037275207003646,0.2705064705689371,0.16802439200993105,0.08998953889447431,0.015383632692902587,0.006211180124223602,0.2924052726724755,0.8942161014910428,0.896126301061599,0.8915651072822323,0.8921630090371541,0.888194552105138,0.8771311587025964,0.8708289621740868,0.8674425704557311,0.8574647271588255,0.8455583733216219,0.832999491693958,0.8213491130437136,0.7990899791758055,0.7621663893275834,0.670140938594035,0.46272691980241354,0.22114023483329698,0.05191234393197479,0.047619047619047616,0.7078860695164134,0.7525708404503453,0.7569225416020976,0.7596710695949977,0.7635426779959403,0.765858925088772,0.7711869579628085,0.7741791283885595,0.7759154669051183,0.7797886328206696,0.7853471337826005,0.7902900295608919,0.7939836059471493,0.798665595360451,0.8069916578186429,0.821824085222668,0.8445644694587635,0.8770367188359874,0.9147765049390162,0.9597348132058612,0.8048868871021758,0.5947237847711054,0.5944457228896951,0.5903766215219095,0.5892269004403294,0.586226097768954,0.5780322476581683,0.5723225288007014,0.5701538929933081,0.5611682183933553,0.5493709889377644,0.5380039117082633,0.5298569567753242,0.5183961821199332,0.487950996100048,0.40149450896298544,0.24367655079352174,0.10804987414502985,0.017476886397672014,0.003378609755668938,0.45443849899651245,472.0,469.0,467.0,464.0,462.0,457.0,454.0,452.0,447.0,439.0,431.0,424.0,412.0,386.0,327.0,215.0,86.0,13.0,1.0,362.0,12.0,15.0,17.0,20.0,22.0,27.0,30.0,32.0,37.0,45.0,53.0,60.0,72.0,98.0,157.0,269.0,398.0,471.0,483.0,122.0,123.0,126.0,128.0,131.0,133.0,138.0,141.0,143.0,148.0,156.0,164.0,171.0,183.0,209.0,268.0,380.0,509.0,582.0,594.0,233.0,0.5640495867768595,0.7854456993910272,0.5888429752066116,0.9090909090909091,0.7394957983193278,1.0,0.0,0.0,0.3690002225868842,0.8155699721964782,0.4983922829581994,0.5866132618883314,345.59610773205196,440,44,155,12,3,0,0,16.0,311,0.42446709916589437,0.4731404958677686,0.38487394957983195,229,255,366,595,484,22,3
tagging_004_tagging_aria01_rgb,0.6912647087874291,0.7401904908305764,0.5116675640912226,0.6912647087874291,0.6912647087874291,0.6912647087874291,0.6912647087874291,0.6804069147226043,0.6743101559512068,0.6628352791444476,0.6506004309639366,0.6417488426355507,0.6351453511054024,0.6144926541441441,0.6070256906530284,0.5400599183858769,0.4589328834416404,0.3877496964264854,0.22586473405889776,0.04966419808387185,0.0,0.0,0.5049418728877267,0.9202279202279202,0.9202279202279202,0.9202279202279202,0.9202279202279202,0.8932584269662921,0.88268156424581,0.8670360110803325,0.8516483516483516,0.8415300546448088,0.8265582655826558,0.7925531914893617,0.7736842105263158,0.6724565756823822,0.528344671201814,0.4279661016949153,0.24814814814814815,0.046583850931677016,0.0,0.0,0.6491242686712919,0.5192701580893317,0.5192701580893317,0.5192701580893317,0.5192701580893317,0.518275065340977,0.5151282238543696,0.5067270582349448,0.49701372632402413,0.4893961597104193,0.4880595038831705,0.4764364411775676,0.476266911098159,0.4337301857015677,0.39864013585102875,0.35131246723370546,0.20558234454782218,0.05294823253087517,0.0,0.0,0.39403142567610305,1.0,1.0,1.0,1.0,0.9845201238390093,0.978328173374613,0.9690402476780186,0.9597523219814241,0.9535603715170279,0.9442724458204335,0.9226006191950464,0.9102167182662538,0.8390092879256966,0.7213622291021672,0.6253869969040248,0.4148606811145511,0.09287925696594428,0.0,0.0,0.7534626038781163,0.9202279202279202,0.9202279202279202,0.9202279202279202,0.9202279202279202,0.905982905982906,0.9002849002849003,0.8917378917378918,0.8831908831908832,0.8774928774928775,0.8689458689458689,0.8490028490028491,0.8376068376068376,0.7720797720797721,0.6638176638176638,0.5754985754985755,0.3817663817663818,0.08547008547008547,0.0,0.0,0.6933573249362723,0.5313641412213814,0.5313641412213814,0.5313641412213814,0.5313641412213814,0.5320060728523027,0.5301328324499355,0.5243924790553225,0.5178590761255432,0.512463765134638,0.5122428661466019,0.5049551393253398,0.5060092780609033,0.4740828447240778,0.448170924658936,0.4096575911145098,0.2730276358832927,0.07887237910931137,0.0,0.0,0.41838576050138104,0.9604370252975901,0.9604370252975901,0.9604370252975901,0.9604370252975901,0.9494221249116823,0.9432303161018607,0.9347636414321022,0.9252746674826948,0.9193763728550904,0.9133649122291769,0.8927137828836808,0.8890338991908611,0.8267401289128322,0.7492392188284086,0.6762518368245486,0.4632960432609042,0.16790758153086696,0.0,0.0,0.7417032961913195,0.7401904908305764,0.7401904908305764,0.7401904908305764,0.7401904908305764,0.7482718136782108,0.7512406487834282,0.7552491971799538,0.7589952399347898,0.7611444953154249,0.7639097989990123,0.769474591769823,0.7722546279733108,0.7848114465937063,0.802420110567698,0.814363102926254,0.8325843834786956,0.8636498857520465,1.0,1.0,0.7967963845407716,0.7206040230871125,0.7206040230871125,0.7206040230871125,0.7206040230871125,0.7143194184061983,0.709904538862201,0.7007416885109267,0.6906591618853124,0.683131600698192,0.6788675433673853,0.6629936316719099,0.6584118049052371,0.6032442741189944,0.5362498829902799,0.46872833161462585,0.29204114690268534,0.07012697409077141,0.0,0.0,0.5448334784406931,323.0,323.0,323.0,323.0,318.0,316.0,313.0,310.0,308.0,305.0,298.0,294.0,271.0,233.0,202.0,134.0,30.0,0.0,0.0,243.3684210526316,0.0,0.0,0.0,0.0,5.0,7.0,10.0,13.0,15.0,18.0,25.0,29.0,52.0,90.0,121.0,189.0,293.0,323.0,323.0,79.63157894736842,28.0,28.0,28.0,28.0,33.0,35.0,38.0,41.0,43.0,46.0,53.0,57.0,80.0,118.0,149.0,217.0,321.0,351.0,351.0,107.63157894736842,0.7739938080495357,0.7633164185614192,0.8018575851393189,0.9442724458204335,0.8689458689458689,1.0,0.0,0.0,0.5505000237189871,0.9050445103857567,0.38016528925619836,0.7989032739645842,232.81150766123284,305,18,46,9,3,0,0,10.0,121,0.6023738872403561,0.628482972136223,0.5783475783475783,203,120,148,351,323,14,3
tagging_004_tagging_aria02_rgb,0.702562374799139,0.785263026381531,0.5516962566565673,0.702562374799139,0.702562374799139,0.702562374799139,0.702562374799139,0.702562374799139,0.700588654500547,0.700588654500547,0.6850335299178189,0.6817746455151739,0.6804696091709285,0.657949801302234,0.6473849270792807,0.6122921488158583,0.5578581050966492,0.4985931952524922,0.38311943676932886,0.13259150538226683,0.015118025083499105,0.0,0.5508512690727536,0.8935361216730038,0.8935361216730038,0.8935361216730038,0.8935361216730038,0.8935361216730038,0.8863636363636364,0.8863636363636364,0.8721804511278195,0.8651685393258427,0.8582089552238806,0.8241758241758241,0.7978339350180506,0.7473684210526316,0.6711409395973155,0.5611285266457681,0.3871866295264624,0.13439635535307518,0.012195121951219513,0.0,0.6827048200047464,0.5524050774346201,0.5524050774346201,0.5524050774346201,0.5524050774346201,0.5524050774346201,0.5537506759962825,0.5537506759962825,0.5380434020332047,0.5372556283999136,0.5395409663191447,0.5252495017874944,0.5253063644127441,0.5016290024316394,0.46369644147881595,0.44302715429227174,0.37909496774194784,0.13081089329654524,0.018741483958875264,0.0,0.4458906602799085,0.9915611814345991,0.9915611814345991,0.9915611814345991,0.9915611814345991,0.9915611814345991,0.9873417721518988,0.9873417721518988,0.9789029535864979,0.9746835443037974,0.9704641350210971,0.9493670886075949,0.9324894514767933,0.8987341772151899,0.8438818565400844,0.7552742616033755,0.5864978902953587,0.2489451476793249,0.02531645569620253,0.0,0.7945813901843216,0.9003831417624522,0.9003831417624522,0.9003831417624522,0.9003831417624522,0.9003831417624522,0.896551724137931,0.896551724137931,0.8888888888888888,0.8850574712643678,0.8812260536398467,0.8620689655172413,0.8467432950191571,0.8160919540229885,0.7662835249042146,0.685823754789272,0.5325670498084292,0.2260536398467433,0.022988505747126436,0.0,0.7215164347650735,0.5643224538792926,0.5643224538792926,0.5643224538792926,0.5643224538792926,0.5643224538792926,0.5657558162349707,0.5657558162349707,0.555676644314271,0.5551791915394664,0.5575418632162363,0.5487063845036297,0.5496170607834353,0.5339907617453954,0.5047078338931172,0.4899355670406267,0.45270874293693564,0.19639210533233545,0.031732043262564326,0.0,0.4699637947597063,0.9522821089751181,0.9522821089751181,0.9522821089751181,0.9522821089751181,0.9522821089751181,0.9489701832558975,0.9489701832558975,0.9405992365598278,0.937621001962375,0.9395237019709071,0.9199087473373186,0.9080989038972231,0.8801625336434189,0.8334281385281386,0.7878129372622588,0.6657514804482944,0.2956724631300902,0.044551638837353115,0.0,0.7796042997349786,0.785263026381531,0.785263026381531,0.785263026381531,0.785263026381531,0.785263026381531,0.7873617741053647,0.7873617741053647,0.7907397603670311,0.7923334305923889,0.7937204723477578,0.7997746956093309,0.8037763946822851,0.8103398323158769,0.8190217676595205,0.8299382222900049,0.8452471374656606,0.8721614170723333,0.9090721811079536,1.0,0.8193244206120278,0.7400969066355724,0.7400969066355724,0.7400969066355724,0.7400969066355724,0.7400969066355724,0.7394194843040596,0.7394194843040596,0.7257356787481456,0.7236395650363457,0.7236056641481987,0.7061547920283365,0.6998875935523563,0.6714395942805845,0.6255437745723106,0.5784522511221996,0.4715277285613641,0.18045702299930827,0.02178228519522128,0.0,0.595134181685808,235.0,235.0,235.0,235.0,235.0,234.0,234.0,232.0,231.0,230.0,225.0,221.0,213.0,200.0,179.0,139.0,59.0,6.0,0.0,188.31578947368422,2.0,2.0,2.0,2.0,2.0,3.0,3.0,5.0,6.0,7.0,12.0,16.0,24.0,37.0,58.0,98.0,178.0,231.0,237.0,48.68421052631579,26.0,26.0,26.0,26.0,26.0,27.0,27.0,29.0,30.0,31.0,36.0,40.0,48.0,61.0,82.0,122.0,202.0,255.0,261.0,72.6842105263158,0.8227848101265823,0.7937204723477578,0.8396624472573839,0.9704641350210971,0.8812260536398467,1.0,0.0,0.0,0.6225979267509886,0.9236947791164659,0.256198347107438,0.8371221097412322,182.5557086399843,230,7,31,4,3,0,0,5.0,121,0.6104417670682731,0.6413502109704642,0.5823754789272031,152,85,109,261,237,10,3
tagging_004_tagging_aria03_rgb,0.7389423764686031,0.7480586706905592,0.5527722518580259,0.7389423764686031,0.7389423764686031,0.7389423764686031,0.7389423764686031,0.732548179317968,0.732548179317968,0.7278444877593446,0.7195766014745303,0.7126856115191998,0.6756465596006902,0.6441961714730144,0.6055390764509823,0.5253701187338383,0.45346567208780597,0.3559056301016825,0.25774486013793874,0.10205078619188883,0.02210557348977397,0.004220686900936723,0.5382746158122093,0.8698630136986302,0.8698630136986302,0.8698630136986302,0.8698630136986302,0.8571428571428571,0.8571428571428571,0.8508474576271187,0.8383838383838383,0.8322147651006712,0.7901639344262295,0.7556270096463023,0.70625,0.6106194690265486,0.5294117647058824,0.3787878787878788,0.2437357630979499,0.092,0.018656716417910446,0.001834862385321101,0.6232774330887308,0.6277262363637459,0.6277262363637459,0.6277262363637459,0.6277262363637459,0.6260646408590814,0.6260646408590814,0.6226234721780498,0.6176055187177574,0.6103241641057087,0.5777260307783235,0.5491978212037967,0.5191894840482952,0.4520225372086961,0.38841432977275275,0.33440567830051976,0.272559152104521,0.11319959741720226,0.026191981931112364,0.009708737864077669,0.4661159333054716,0.9769230769230769,0.9769230769230769,0.9769230769230769,0.9769230769230769,0.9692307692307692,0.9692307692307692,0.9653846153846154,0.9576923076923077,0.9538461538461539,0.926923076923077,0.9038461538461539,0.8692307692307693,0.7961538461538461,0.7269230769230769,0.5769230769230769,0.4115384615384615,0.17692307692307693,0.038461538461538464,0.0038461538461538464,0.7449392712550607,0.8881118881118881,0.8881118881118881,0.8881118881118881,0.8881118881118881,0.8811188811188811,0.8811188811188811,0.8776223776223776,0.8706293706293706,0.8671328671328671,0.8426573426573427,0.8216783216783217,0.7902097902097902,0.7237762237762237,0.6608391608391608,0.5244755244755245,0.3741258741258741,0.16083916083916083,0.03496503496503497,0.0034965034965034965,0.6772175193227824,0.6550772968149813,0.6550772968149813,0.6550772968149813,0.6550772968149813,0.6549580444660248,0.6549580444660248,0.652844064522426,0.650658346487024,0.6459402159608382,0.6249555927517516,0.6050313957158413,0.5848103961984202,0.5347441409807625,0.48187678522926297,0.44254566260688366,0.3902357837559283,0.18462689308710237,0.045839091991796255,0.017543859649122806,0.515361973954165,0.9364342908445772,0.9364342908445772,0.9364342908445772,0.9364342908445772,0.930969483629058,0.930969483629058,0.9270424032185496,0.924950374328739,0.9211970724882529,0.8946219191871174,0.8724796965018784,0.8409303300519643,0.7779812842563383,0.7157288819227353,0.6069502333757653,0.48836525927398866,0.24447261162108525,0.05769639934533551,0.02127659574468085,0.7316510101027818,0.7480586706905592,0.7480586706905592,0.7480586706905592,0.7480586706905592,0.7520945844276301,0.7520945844276301,0.7538447262475975,0.75688323156195,0.7582587856348204,0.7664500167665211,0.7726495343216655,0.7801591137106458,0.7948134357801725,0.8064906497202079,0.8276468592039018,0.8487162299193803,0.8813594045593675,0.9185214143572413,0.9602891298155454,0.7959213885903429,0.7830965753301526,0.7830965753301526,0.7830965753301526,0.7830965753301526,0.7789743984548098,0.7789743984548098,0.7752877667150697,0.7690748042058808,0.7629910592736976,0.7317838410812306,0.7045497416050476,0.6717852890588077,0.599899559548866,0.531363660518316,0.43923382481963347,0.3349157717028598,0.1415189778139491,0.031739311908537,0.006110752775004222,0.5889783925924805,254.0,254.0,254.0,254.0,252.0,252.0,251.0,249.0,248.0,241.0,235.0,226.0,207.0,189.0,150.0,107.0,46.0,10.0,1.0,193.68421052631578,6.0,6.0,6.0,6.0,8.0,8.0,9.0,11.0,12.0,19.0,25.0,34.0,53.0,71.0,110.0,153.0,214.0,250.0,259.0,66.3157894736842,32.0,32.0,32.0,32.0,34.0,34.0,35.0,37.0,38.0,45.0,51.0,60.0,79.0,97.0,136.0,179.0,240.0,276.0,285.0,92.3157894736842,0.7269230769230769,0.7656342644815961,0.7615384615384615,0.9307692307692308,0.8461538461538461,1.0,0.0,0.0,0.5087826615559471,0.8864468864468864,0.36363636363636365,0.757868298040618,185.28349200454625,242,18,44,9,3,0,0,10.0,121,0.6996336996336996,0.7346153846153847,0.6678321678321678,191,69,95,286,260,14,3
tagging_004_tagging_aria04_rgb,0.5927902680509358,0.7052682994898836,0.41807618430243576,0.5927902680509358,0.5918058538333278,0.585141269474467,0.5558845596916785,0.5545764548207333,0.5522856954432149,0.5477769658863195,0.5376342844405471,0.5262865512143006,0.510397271330812,0.48500551251242024,0.4771670289803293,0.4574955838397341,0.4203935249963535,0.34311200325461255,0.20332602580805073,0.06418691137244177,0.011959315624828038,0.0,0.4219592147671109,0.6537216828478964,0.6483870967741936,0.6378205128205128,0.6069182389937107,0.6018808777429467,0.5919003115264797,0.5869565217391305,0.5674846625766872,0.5438066465256798,0.5118343195266272,0.45170454545454547,0.4394366197183099,0.41944444444444445,0.3810810810810811,0.31362467866323906,0.17471264367816092,0.05578512396694215,0.009881422924901186,0.0,0.4313884963687099,0.5375380855734317,0.5401621506255333,0.5368129408822288,0.5091421279676082,0.5109898912137966,0.5153224004977567,0.5112126592725411,0.5093540722201249,0.5093309097242951,0.5089642578537298,0.5207615232889137,0.5181370039025617,0.4989986445286708,0.46376145296296517,0.37537175734759004,0.23662553493868166,0.07385409045564106,0.01447415329768271,0.0,0.41530598192388174,0.9099099099099099,0.9054054054054054,0.8963963963963963,0.8693693693693694,0.8648648648648649,0.8558558558558559,0.8513513513513513,0.8333333333333334,0.8108108108108109,0.7792792792792793,0.7162162162162162,0.7027027027027027,0.6801801801801802,0.6351351351351351,0.5495495495495496,0.34234234234234234,0.12162162162162163,0.02252252252252252,0.0,0.6498340445708868,0.698961937716263,0.6955017301038062,0.6885813148788927,0.6678200692041523,0.6643598615916955,0.657439446366782,0.6539792387543253,0.6401384083044983,0.6228373702422145,0.5986159169550173,0.5501730103806228,0.5397923875432526,0.5224913494809689,0.48788927335640137,0.42214532871972316,0.2629757785467128,0.09342560553633218,0.01730103806228374,0.0,0.4991804771444181,0.6156589697431283,0.6186654141878023,0.6158153822726687,0.586914682899139,0.5887696071289822,0.5933477487424856,0.5887310220643555,0.5882714606398817,0.5880935706593602,0.5885708197086353,0.6029398136895654,0.5984363252581877,0.5801324706431016,0.5540464512468991,0.48832990420565914,0.352020901536137,0.12889863547758285,0.028875598086124398,0.0,0.4898167777994576,0.850666688355972,0.8544842672366816,0.8501643731838825,0.8351435764952985,0.8376903980074936,0.8440790418731595,0.8418535030346421,0.8329425983837747,0.8349003098390354,0.8076001669379771,0.797213662113773,0.7982607753818161,0.78009677041134,0.728424451249858,0.6333854128032045,0.43704205366357074,0.15463568143306705,0.02875816993464052,0.0,0.6709127315967993,0.7052682994898836,0.708464256818652,0.7141716619426021,0.730816572024593,0.733439946418191,0.738178309644592,0.7402395278999739,0.7484627778316862,0.7575315343259242,0.7684129963762365,0.7896656477341366,0.7938266610401429,0.7992353522522817,0.8078858647695204,0.8199681073129761,0.8453148369340784,0.8759120389622697,0.9097010274677538,1.0,0.7887629168023945,0.6993648768827805,0.6993323465790544,0.6936837793589969,0.6653063735682819,0.6647835762200599,0.664109700365611,0.6597132621825907,0.6515072730600204,0.6426282034618179,0.6297819464220674,0.6107191234610053,0.603403905367384,0.5825881804029129,0.5427257070547695,0.45418650372285496,0.2846171812960666,0.09477475531282048,0.018055316215494607,0.0,0.5190148426807679,202.0,201.0,199.0,193.0,192.0,190.0,189.0,185.0,180.0,173.0,159.0,156.0,151.0,141.0,122.0,76.0,27.0,5.0,0.0,144.26315789473685,20.0,21.0,23.0,29.0,30.0,32.0,33.0,37.0,42.0,49.0,63.0,66.0,71.0,81.0,100.0,146.0,195.0,217.0,222.0,77.73684210526316,87.0,88.0,90.0,96.0,97.0,99.0,100.0,104.0,109.0,116.0,130.0,133.0,138.0,148.0,167.0,213.0,262.0,284.0,289.0,144.73684210526315,0.24324324324324326,0.7679020996472861,0.26576576576576577,0.7837837837837838,0.6020761245674741,0.3333333333333333,0.6666666666666666,0.0,0.06132867269652148,0.6810176125244618,0.9504132231404959,0.26261725223272064,133.61496533862777,174,48,115,5,1,2,0,8.0,121,0.5675146771037182,0.6531531531531531,0.5017301038062284,145,77,144,289,222,12,3
tagging_005_tagging_aria01_rgb,0.4733438137710755,0.7486159129814584,0.35435271130035906,0.4733438137710755,0.4733438137710755,0.4680257038156596,0.46444749824205656,0.45701677397266616,0.4538337490277905,0.4486391323602675,0.4415223185386693,0.43722437635962563,0.4342236316264681,0.42499519537201985,0.40501193182376477,0.3858221631564181,0.35592340422823326,0.29318892544971464,0.1524960804093196,0.03689269280406048,0.00481043807832372,0.0,0.34793482330564257,0.856898029134533,0.856898029134533,0.8473998294970162,0.8411214953271028,0.8256107834877844,0.8179530201342282,0.8073394495412844,0.7923904052936311,0.780608052588332,0.7762295081967213,0.7560777957860616,0.7212073073868149,0.6772445820433437,0.5992619926199262,0.4533869885982562,0.21947101857062465,0.04282964388835419,0.004170528266913809,0.0,0.6145314978681821,0.2614714451632495,0.2614714451632495,0.2584943397524189,0.2564569801410405,0.25298159359067207,0.25180550311168254,0.24930909941206955,0.2460175646568105,0.24489262524156666,0.24290517208100526,0.23889197261971903,0.2274445408962543,0.21980056471410905,0.21139580223263107,0.18959464688680513,0.10595956902037301,0.03177870882799623,0.005548533189180524,0.0,0.19769579508951754,0.9523809523809523,0.9523809523809523,0.9466666666666667,0.9428571428571428,0.9333333333333333,0.9285714285714286,0.9219047619047619,0.9123809523809524,0.9047619047619048,0.9019047619047619,0.8885714285714286,0.8647619047619047,0.8333333333333334,0.7733333333333333,0.6438095238095238,0.37142857142857144,0.08476190476190476,0.008571428571428572,0.0,0.7245112781954887,0.8952551477170994,0.8952551477170994,0.8898836168307968,0.8863025962399284,0.8773500447627574,0.8728737690241719,0.8666069829901522,0.8576544315129812,0.8504923903312444,0.8478066248880931,0.8352730528200537,0.8128916741271263,0.7833482542524619,0.7269471799462847,0.6051924798567592,0.34914950760966873,0.07967770814682185,0.008057296329453895,0.0,0.6810535739527871,0.2657679788961039,0.2657679788961039,0.2634532370086318,0.26188083486378944,0.25939400841505433,0.25863174325674326,0.25679994398679834,0.25434746077687104,0.2536487525632263,0.2521066111598715,0.249105772643755,0.23988208469210673,0.23397074829931974,0.2280562930501354,0.21122268156522966,0.13010414932289932,0.043552929982003004,0.007293921356421355,0.0,0.20710458582816124,0.9184346878078855,0.9184346878078855,0.913208659250147,0.9096586440760803,0.9009225516806932,0.8976350103982909,0.8925710104433627,0.8864513328481012,0.8812158076655205,0.8780703969898279,0.8688115219765076,0.8470797299430087,0.8240412874114152,0.777354736978476,0.6662455992766514,0.4107557663710171,0.13079336464303024,0.03193347710713735,0.0,0.7133483301407916,0.7486159129814584,0.7486159129814584,0.7523453676013463,0.7546590706376068,0.7599652977625108,0.7624353062644506,0.7655997886296679,0.7696250671148026,0.7726026156090203,0.7735405844134337,0.7771559563267173,0.7826278986295642,0.7884650044005311,0.7970648585536163,0.810692322522021,0.834884093279736,0.8719858260487946,0.9087881870247918,1.0,0.7989299510937645,0.49901946251123264,0.49901946251123264,0.4946796690441434,0.4917339682811759,0.485917846984406,0.4835487521921263,0.4794155253370239,0.473773933373316,0.47071171440246007,0.46805697451395195,0.460730486710995,0.44349224842509005,0.4279803000860642,0.40432588390212504,0.3493749265889423,0.19838450380618003,0.05190013382579007,0.0068962929104890575,0.0,0.37836642554772343,1000.0,1000.0,994.0,990.0,980.0,975.0,968.0,958.0,950.0,947.0,933.0,908.0,875.0,812.0,676.0,390.0,89.0,9.0,0.0,760.7368421052631,50.0,50.0,56.0,60.0,70.0,75.0,82.0,92.0,100.0,103.0,117.0,142.0,175.0,238.0,374.0,660.0,961.0,1041.0,1050.0,289.2631578947368,117.0,117.0,123.0,127.0,137.0,142.0,149.0,159.0,167.0,170.0,184.0,209.0,242.0,305.0,441.0,727.0,1028.0,1108.0,1117.0,356.2631578947368,0.7171428571428572,0.7736957994682936,0.74,0.9019047619047619,0.8478066248880931,1.0,0.0,0.0,0.513038021044261,0.8740193816335948,0.3854875283446712,0.7386855131031319,732.689922096474,947,103,170,24,3,0,0,30.0,441,0.37932625749884635,0.3914285714285714,0.36794986571172783,411,639,706,1117,1050,29,3
tagging_005_tagging_aria02_rgb,0.6201449445681515,0.7667626938545798,0.47550400827737493,0.6201449445681515,0.6201449445681515,0.6176911180448864,0.6132357737248023,0.6090043084738784,0.6071237682423345,0.6050948340578358,0.6018566964267521,0.5991013623598151,0.5954657308094424,0.5909600014703532,0.5830540524985289,0.555820458810034,0.5113690011817358,0.4208483190335559,0.22487376411867532,0.06697173663636763,0.00988488438253689,0.0016453066452895512,0.47654163189753307,0.9248554913294798,0.9248554913294798,0.9204152249134948,0.9115958668197475,0.9006849315068494,0.8963553530751709,0.8898978433598184,0.8792325056433409,0.8686868686868687,0.8582589285714286,0.8418141592920354,0.819672131147541,0.7563291139240507,0.6700100300902708,0.5402405180388529,0.2857142857142857,0.08187134502923976,0.00909090909090909,0.0006009615384615385,0.6831674715316488,0.4158268571456523,0.4158268571456523,0.41453281843246453,0.4125272260039942,0.4117824499620003,0.41122002417924997,0.41144021298120637,0.4119859999587665,0.4131781604157822,0.41313806913564016,0.41485845715822234,0.414741474324648,0.408468187650409,0.39029006078367856,0.3278415848487544,0.17698873426115572,0.054783679277397045,0.01074820331817339,0.0045045045045045045,0.3334043979730186,0.9580838323353293,0.9580838323353293,0.9556886227544911,0.9508982035928144,0.9449101796407186,0.9425149700598803,0.9389221556886228,0.932934131736527,0.9269461077844311,0.9209580838323354,0.911377245508982,0.8982035928143712,0.858682634730539,0.8,0.6994011976047905,0.4431137724550898,0.15089820359281436,0.017964071856287425,0.0011976047904191617,0.7479357075323039,0.963855421686747,0.963855421686747,0.9614457831325302,0.9566265060240964,0.9506024096385542,0.9481927710843373,0.944578313253012,0.9385542168674699,0.9325301204819277,0.9265060240963855,0.9168674698795181,0.9036144578313253,0.863855421686747,0.8048192771084337,0.7036144578313253,0.4457831325301205,0.15180722891566265,0.018072289156626505,0.0012048192771084338,0.752441344324667,0.4192133531542346,0.4192133531542346,0.41815062160012684,0.416508198998835,0.415966134536186,0.4155121867342586,0.41579810149378443,0.4164537705674731,0.4177343390260806,0.41788091662232674,0.41979734861505597,0.41998451868656783,0.4177979037672838,0.40767565536087313,0.36282852784302905,0.22388327962658658,0.07476193474007072,0.014949995867427061,0.005405405405405406,0.34313239714736,0.9700226895358284,0.9700226895358284,0.9682497655626382,0.9644960819102001,0.9607468885661414,0.9587524346206194,0.956057767241008,0.9519561928414615,0.9468747863308759,0.9423652140403855,0.9342363831776086,0.926106356751201,0.8957971734886215,0.8541562042339723,0.7654077144647021,0.49819186978084956,0.18971930453548522,0.04033443050427946,0.02631578947368421,0.7747268282418628,0.7667626938545798,0.7667626938545798,0.7683676432000422,0.7713257874019762,0.7748558204829282,0.7761114061772484,0.7778309560598795,0.7804214908542385,0.7827401924797374,0.7847663117254279,0.7873937027567532,0.7904776082403306,0.7978395835845344,0.8065347969837601,0.8177977124773174,0.8403588085828283,0.8717938793443778,0.9126488982982874,0.9681485461101081,0.8075230806562598,0.6311869682447999,0.6311869682447999,0.6294158389604281,0.6263157335883597,0.6237767459327808,0.6225600603775744,0.6215386807828619,0.6199643547488328,0.618864999510346,0.6168329145800749,0.6148923141176564,0.6103460349076809,0.5922368948109037,0.5587772799845596,0.47884527466382226,0.2800466848947013,0.09092171791802058,0.013895376811502944,0.002322631303728443,0.49915407759912805,800.0,800.0,798.0,794.0,789.0,787.0,784.0,779.0,774.0,769.0,761.0,750.0,717.0,668.0,584.0,370.0,126.0,15.0,1.0,624.5263157894736,35.0,35.0,37.0,41.0,46.0,48.0,51.0,56.0,61.0,66.0,74.0,85.0,118.0,167.0,251.0,465.0,709.0,820.0,834.0,210.47368421052633,30.0,30.0,32.0,36.0,41.0,43.0,46.0,51.0,56.0,61.0,69.0,80.0,113.0,162.0,246.0,460.0,704.0,815.0,829.0,205.47368421052633,0.8347305389221557,0.7847663117254279,0.8479041916167664,0.9209580838323354,0.9265060240963855,0.6666666666666666,0.3333333333333333,0.0,0.6365093337926395,0.9237237237237237,0.1383219954648526,0.8466570147483135,603.485293716854,769,66,61,11,2,1,0,16.0,441,0.5093093093093093,0.5077844311377245,0.5108433734939759,424,411,406,830,835,15,3
tagging_005_tagging_aria03_rgb,0.5072826387067411,0.7653327209240633,0.3882400021589687,0.5072826387067411,0.5063094324100008,0.503730935203077,0.5008253741029766,0.4971460404464673,0.49511932320564706,0.4909791914151769,0.48361144902588393,0.47834575330030277,0.473305466314983,0.4700216297416828,0.45863057859358436,0.4368450109996233,0.39435823554167676,0.3184877254572227,0.2084117855138583,0.07390871051382537,0.015440082746671177,0.0017209284902677325,0.3849726469331404,0.8638799571275455,0.8618843683083511,0.855923159018143,0.8480340063761955,0.8402116402116402,0.8363252375923971,0.8247639034627492,0.809573361082206,0.7983453981385729,0.7872559095580678,0.778118609406953,0.7530241935483871,0.7015655577299413,0.6176744186046511,0.4762308998302207,0.29582712369597614,0.09371069182389936,0.01636469900642899,0.0011514104778353484,0.6347297128947452,0.297883604556507,0.2974288092154198,0.2964575177188165,0.29577358155389555,0.29415705960625,0.29311939086919475,0.2922782694424605,0.2888929464233772,0.2866111087180308,0.2845555831640537,0.2839160119732943,0.27932968080336984,0.27201102096964674,0.2517805712123652,0.21299422465673115,0.14682721380786387,0.058291080596027806,0.014567707913869807,0.002572145143392281,0.2341814488602404,0.9853300733496333,0.9841075794621027,0.980440097799511,0.9755501222493888,0.9706601466992665,0.9682151589242054,0.960880195599022,0.9511002444987775,0.9437652811735942,0.9364303178484108,0.9303178484107579,0.91320293398533,0.8765281173594132,0.8117359413202934,0.6858190709046454,0.48533007334963324,0.1821515892420538,0.034229828850855744,0.0024449877750611247,0.7672757688843135,0.8751357220412594,0.8740499457111836,0.8707926167209555,0.8664495114006515,0.8621064060803475,0.8599348534201955,0.8534201954397395,0.8447339847991314,0.8382193268186754,0.8317046688382194,0.8262757871878393,0.8110749185667753,0.7785016286644951,0.7209554831704669,0.6091205211726385,0.43105320304017375,0.16178067318132464,0.03040173724212812,0.002171552660152009,0.6814675124292817,0.30288795541062336,0.302542801884538,0.3017782049772031,0.30133754093105575,0.3000745830344433,0.29920635245146493,0.2986247576017319,0.2956399515322785,0.2935170158195595,0.2917697538530122,0.291372460992765,0.2877655864280782,0.28223808003860673,0.26639071283607885,0.2333804813854435,0.17209907896985752,0.07376098014981095,0.02001527135301136,0.0036686828471531024,0.2430563290787745,0.9493273962538743,0.9480342734391141,0.944573126494444,0.9397331036519331,0.9354719480173173,0.9333174924223198,0.9272348367935426,0.9203995562240787,0.9163073160323906,0.9100621466446839,0.9054203198775447,0.8889719839834328,0.8576329920237018,0.8002897956646549,0.7009369021155302,0.5084387301724923,0.22487145750300974,0.05371284622677717,0.008747135217723453,0.7512359662504506,0.7653327209240633,0.7661643569005256,0.7685646393787582,0.77151818516631,0.7743111892078951,0.7755166705167316,0.7789367863440217,0.7830324857417109,0.7857696966731019,0.7881096361366711,0.7898429300267684,0.7937456942079826,0.800745484705232,0.8105001684870932,0.8258153469889238,0.8455505486864032,0.8795978038845429,0.9197247682403296,0.95917427571942,0.8095764941019202,0.5417690226723157,0.5410193577860984,0.5391278490911379,0.5371610127727462,0.534346829905472,0.5327312996381794,0.529947545245013,0.524181411323643,0.5200900052940336,0.5162039085360113,0.5139378691907789,0.5050590896705286,0.4882881404575953,0.45208333189715194,0.38219824863823576,0.2669450551088985,0.10304277252288542,0.022330475781787998,0.002507760640746435,0.4238405782196452,806.0,805.0,802.0,798.0,794.0,792.0,786.0,778.0,772.0,766.0,761.0,747.0,717.0,664.0,561.0,397.0,149.0,28.0,2.0,627.6315789473684,12.0,13.0,16.0,20.0,24.0,26.0,32.0,40.0,46.0,52.0,57.0,71.0,101.0,154.0,257.0,421.0,669.0,790.0,816.0,190.3684210526316,115.0,116.0,119.0,123.0,127.0,129.0,135.0,143.0,149.0,155.0,160.0,174.0,204.0,257.0,360.0,524.0,772.0,893.0,919.0,293.36842105263156,0.7347188264058679,0.7880130366697091,0.7493887530562348,0.9376528117359413,0.8327904451682954,1.0,0.0,0.0,0.5359486541878569,0.8821161587119034,0.3492063492063492,0.7480694605794039,604.4059991256669,767,51,154,12,3,0,0,17.0,441,0.3588269120184014,0.38141809290953543,0.33876221498371334,312,506,609,921,818,20,3
tagging_005_tagging_aria04_rgb,0.5064003124253008,0.7491527292901338,0.37937117616679056,0.5064003124253008,0.5061632568333511,0.5037162218917571,0.5007057109751996,0.4987458738522363,0.4978190283695094,0.4934142499164299,0.4898925402001835,0.4867558325174864,0.4844706776519678,0.4785861591514458,0.46615727845888016,0.45075716483483846,0.41643947032543227,0.3346292376222926,0.180015945146932,0.05091175822005584,0.004258195872516739,0.0,0.3868336270666219,0.8584905660377359,0.8570306362922231,0.851213782302271,0.8396887159533074,0.8339798293250582,0.8283062645011601,0.815668202764977,0.8045801526717558,0.7922668688400303,0.7828054298642534,0.7628635346756152,0.7255474452554744,0.6777856635911994,0.5951417004048583,0.43099273607748184,0.22107438016528927,0.05394560855996433,0.002969876962240136,0.0,0.6175974418023629,0.2987118164944053,0.29894058825778963,0.2980802678155003,0.29857041572667875,0.2982655430478968,0.29919342111460673,0.298476293663665,0.29828563400034425,0.29905483847467434,0.2998341970433934,0.30024336112582367,0.2995015828133403,0.2997732654500188,0.2913958681217474,0.25981116918765446,0.1465829757519376,0.04804852877275869,0.006105381576158532,0.0,0.24415132360202077,0.9454545454545454,0.9445887445887445,0.9411255411255411,0.9341991341991343,0.9307359307359307,0.9272727272727272,0.9194805194805195,0.9125541125541126,0.9047619047619048,0.8987012987012987,0.8857142857142857,0.8606060606060606,0.8268398268398268,0.7636363636363637,0.6164502164502165,0.37056277056277054,0.10476190476190476,0.006060606060606061,0.0,0.7207108680792891,0.9032258064516129,0.902398676592225,0.8990901571546733,0.8924731182795699,0.8891645988420182,0.8858560794044665,0.8784119106699751,0.8717948717948718,0.8643507030603805,0.858560794044665,0.8461538461538461,0.8221670802315963,0.7899090157154673,0.7295285359801489,0.5889164598842018,0.35401157981803144,0.1000827129859388,0.005789909015715467,0.0,0.6885203082147056,0.29947899395129085,0.29970895329461594,0.2990979747933353,0.2997471840749881,0.29958456396235256,0.3005187050045806,0.3001329712611363,0.30017364097283805,0.30109849464623534,0.30195840455730977,0.30267774852547563,0.3032869569961088,0.3049529449520872,0.3011724149108818,0.2833559275834538,0.18536646392911338,0.0699724084021843,0.008471297421660176,0.0,0.2505661078547183,0.9315427023133543,0.9306550237636874,0.9275554855053955,0.9246907727690558,0.9222164411113966,0.9218516608218542,0.9142266015634294,0.9093090009802929,0.9058414457724345,0.9005870991054044,0.8896953783207039,0.8725940101761361,0.8533439878237479,0.8050759035113073,0.6799608409654084,0.4318756082776486,0.18159689252144431,0.03976190476190476,0.0,0.7338095136876109,0.7491527292901338,0.7497603481173839,0.7520457947361188,0.7563544060314328,0.7583641111702033,0.7601531620909583,0.7638424655270566,0.7668406379932884,0.7697472264901449,0.7717253374134135,0.7753017252341492,0.780990733063729,0.7873927559491534,0.7963812850611348,0.8122925660165597,0.8364839603908286,0.8721585416904778,0.9083627946440159,1.0,0.7982816095215887,0.5314305643126104,0.5313905484378192,0.529651728352423,0.5281327710617273,0.5268837232399024,0.5267199441629289,0.523873207513504,0.5217296062356678,0.5201667283541019,0.519096698388613,0.5156838509591077,0.5076936845483392,0.4978598948458321,0.47172076603765556,0.40020076396967735,0.23306263881620626,0.070948258577934,0.0060829526204614634,0.0,0.4190699121281322,1092.0,1091.0,1087.0,1079.0,1075.0,1071.0,1062.0,1054.0,1045.0,1038.0,1023.0,994.0,955.0,882.0,712.0,428.0,121.0,7.0,0.0,832.421052631579,63.0,64.0,68.0,76.0,80.0,84.0,93.0,101.0,110.0,117.0,132.0,161.0,200.0,273.0,443.0,727.0,1034.0,1148.0,1155.0,322.57894736842104,117.0,118.0,122.0,130.0,134.0,138.0,147.0,155.0,164.0,171.0,186.0,215.0,254.0,327.0,497.0,781.0,1088.0,1202.0,1209.0,376.57894736842104,0.7281385281385281,0.7717253374134135,0.7506493506493507,0.8987012987012987,0.858560794044665,1.0,0.0,0.0,0.5229877924113621,0.8781725888324873,0.3877551020408163,0.7494242654995924,801.0509002351232,1038,117,171,26,3,0,0,25.0,441,0.3739424703891709,0.3826839826839827,0.3655913978494624,442,713,767,1209,1155,33,3
tagging_006_tagging_aria01_rgb,0.6165749735325814,0.7871047851449344,0.4853091120681061,0.6165749735325814,0.6165749735325814,0.6140731065834812,0.6140731065834812,0.6128434338199944,0.6073900780295733,0.6003194326675317,0.5991876189870309,0.5977420520251452,0.5955153627736268,0.5912458056559328,0.5871265767300188,0.5661466496917863,0.5353712879187759,0.4826936443755289,0.32752009421643896,0.10791742356010696,0.010574270815035125,0.0013326866929383695,0.48864329358903086,0.9147727272727273,0.9147727272727273,0.9093484419263456,0.9093484419263456,0.9066478076379066,0.8959212376933896,0.88268156424581,0.8800557880055788,0.874826147426982,0.869625520110957,0.8567493112947658,0.8465753424657534,0.7997329773030708,0.7326478149100257,0.6047619047619047,0.3940020682523268,0.12239800166527894,0.008227374719521317,0.0007423904974016332,0.7012546099678325,0.41558376922770063,0.41558376922770063,0.4146768860463175,0.4146768860463175,0.4142480367925604,0.41178028979264725,0.4082824835547458,0.4079580040726593,0.4084189319330483,0.40780604880840604,0.40802087389768843,0.4071907127588653,0.40078630999827775,0.3912144554242724,0.38526427092371035,0.27225596198354873,0.09515000367163053,0.013590629706508517,0.0023923444976076554,0.3418358246507481,0.9969040247678018,0.9969040247678018,0.9938080495356038,0.9938080495356038,0.9922600619195047,0.9860681114551083,0.978328173374613,0.9767801857585139,0.9736842105263158,0.9705882352941176,0.9628482972136223,0.9566563467492261,0.9272445820433437,0.8823529411764706,0.7863777089783281,0.5897832817337462,0.22755417956656346,0.017027863777089782,0.0015479876160990713,0.8005540166204986,0.9173789173789174,0.9173789173789174,0.9145299145299145,0.9145299145299145,0.9131054131054132,0.9074074074074074,0.9002849002849003,0.8988603988603988,0.896011396011396,0.8931623931623932,0.886039886039886,0.8803418803418803,0.8532763532763533,0.811965811965812,0.7236467236467237,0.5427350427350427,0.2094017094017094,0.01566951566951567,0.0014245014245014246,0.7366921577447892,0.4202442918379844,0.4202442918379844,0.4195570619981572,0.4195570619981572,0.41922831842851177,0.41739959218900663,0.4148287142939162,0.41456539067870385,0.41507940965834883,0.41483556272351485,0.4152235720717021,0.4148166024284591,0.41101439854998245,0.40562405397095136,0.4050633124024859,0.31977533035457856,0.1352517936089184,0.022987727436300995,0.0035211267605633804,0.3530956638541172,0.9341270334570035,0.9341270334570035,0.9315853731250939,0.9315853731250939,0.9303535970361255,0.9251838866939709,0.9185701549241352,0.9175115680673772,0.9151174344333456,0.9133481163367435,0.9081449927560183,0.9040120671952748,0.8827683131264976,0.8484706739946624,0.7995814694872935,0.6408257705933654,0.2692562404179963,0.034537838905263525,0.007407407407407408,0.765606018133667,0.7871047851449344,0.7871047851449344,0.7891813038178552,0.7891813038178552,0.7900464841503392,0.793308614205943,0.7969861326293335,0.7976737670619396,0.798889465860374,0.7999811510081561,0.8021615051550682,0.8036461216711986,0.8090735007797843,0.8157378162332194,0.8263886093072924,0.8424823154204472,0.8705524415641536,0.9242343282689961,0.954574082814338,0.8199109744240086,0.6436591739199156,0.6436591739199156,0.6419573407238122,0.6419573407238122,0.641125403207375,0.637215358172002,0.6320081141543713,0.6312569167936021,0.6306116596632442,0.6291357192651023,0.6267872076390866,0.6241326619382369,0.6096121180743105,0.5875280634781269,0.550420961374286,0.40071438048844144,0.14714544172774563,0.01521247485740886,0.001924401116124028,0.5229507321703641,644.0,644.0,642.0,642.0,641.0,637.0,632.0,631.0,629.0,627.0,622.0,618.0,599.0,570.0,508.0,381.0,147.0,11.0,1.0,517.1578947368421,2.0,2.0,4.0,4.0,5.0,9.0,14.0,15.0,17.0,19.0,24.0,28.0,47.0,76.0,138.0,265.0,499.0,635.0,645.0,128.8421052631579,58.0,58.0,60.0,60.0,61.0,65.0,70.0,71.0,73.0,75.0,80.0,84.0,103.0,132.0,194.0,321.0,555.0,691.0,701.0,184.8421052631579,0.8421052631578947,0.7995671621945247,0.8544891640866873,0.9705882352941176,0.8931623931623932,1.0,0.0,0.0,0.6475675088172864,0.93026706231454,0.20215633423180593,0.8530911919706007,501.32861069596703,627,19,75,8,3,0,0,13.0,371,0.5103857566765578,0.5325077399380805,0.49002849002849,344,302,358,702,646,15,3
tagging_006_tagging_aria02_rgb,0.7313833473298236,0.7778777358054165,0.5689268222267096,0.7313833473298236,0.7283412563776777,0.7272318223915016,0.7261343725843714,0.7253834034429543,0.7246389223457014,0.7214946758687943,0.7179715012405297,0.7164026871025332,0.7121727089292401,0.7054492315545154,0.6904729051518318,0.6702021467327508,0.6297716960487932,0.5139326410573993,0.30567901637940587,0.07034316803628757,0.0059546409310401276,0.0,0.5696294812371133,0.9193697868396663,0.9105166051660517,0.9069981583793738,0.9034926470588235,0.9017447199265382,0.9,0.8930530164533821,0.8844404003639672,0.8810172570390554,0.8725135623869801,0.8607367475292004,0.8311229000884174,0.7884283246977547,0.7215295095594347,0.5881901840490797,0.3562540929927963,0.08033385498174231,0.005828071879553181,0.0,0.6950299915469378,0.5818350879140485,0.5826153885958727,0.5830950356545859,0.5835920510974228,0.5835144585413816,0.583446186420377,0.5828932411810401,0.5828352892760743,0.5825456947490627,0.5812975169762021,0.5781774970447319,0.5736249508924518,0.5697041866898657,0.5496828388714756,0.4490499275693359,0.26228375446782726,0.061594968777559246,0.0060839587003063645,0.0,0.4672564228115591,0.9385052034058656,0.9337748344370861,0.9318826868495743,0.9299905392620624,0.9290444654683065,0.9280983916745507,0.924314096499527,0.9195837275307474,0.9176915799432356,0.912961210974456,0.9063386944181646,0.8893093661305582,0.8637653736991485,0.8211920529801324,0.7256385998107853,0.5146641438032167,0.1456953642384106,0.011352885525070956,0.0,0.7444106956132052,0.9783037475345168,0.9733727810650887,0.9714003944773175,0.9694280078895463,0.9684418145956607,0.9674556213017751,0.9635108481262328,0.9585798816568047,0.9566074950690335,0.9516765285996055,0.9447731755424064,0.9270216962524654,0.9003944773175543,0.8560157790927022,0.7564102564102564,0.5364891518737672,0.15187376725838264,0.011834319526627219,0.0,0.7759784075573549,0.5853780471900685,0.5864461881516911,0.587015819382719,0.5875995481857483,0.5876014680049657,0.587609216698141,0.5876557382227563,0.5881775423864657,0.5881660279493096,0.5877005452477048,0.5862047888899174,0.5850345759232309,0.5861379177993243,0.5772353671172842,0.5115537075508035,0.34306688509979255,0.09909536008047756,0.008210704918795877,0.0,0.4826257604631156,0.9863304335553218,0.9843192739819783,0.9840359779035811,0.983897529571069,0.9829665207945137,0.9820524911218991,0.9799816836250707,0.9755441125395746,0.9735518345411016,0.9690065401563734,0.9622616004645328,0.9464106385379221,0.9297130986189313,0.8929191759228302,0.7997012438511677,0.5800229116620849,0.18212440433518073,0.030025860772288818,0.0,0.7960455437871274,0.7778777358054165,0.7813777345855706,0.7826941115693867,0.7839293579656588,0.7844958526037528,0.785018612649054,0.7869110157113937,0.7890381702557911,0.7897923637153883,0.791372732956733,0.7933621721772327,0.7975187290967102,0.8027027967614068,0.8092149107440635,0.819559335218513,0.8365376154588366,0.8688687185475606,0.9117589771034321,1.0,0.815370049627679,0.7389555179653534,0.7375849700384421,0.7371405351182662,0.7367055628330393,0.7362817926776447,0.7358637558987411,0.7340139232861553,0.7320968841956328,0.7311615956841532,0.7284930233262621,0.7238954605559317,0.7142338842948008,0.7014918030270498,0.6718594934514317,0.5708309387958466,0.3674071909022433,0.09473173391899899,0.00831086557849648,0.0,0.5895294174499204,992.0,987.0,985.0,983.0,982.0,981.0,977.0,972.0,970.0,965.0,958.0,940.0,913.0,868.0,767.0,544.0,154.0,12.0,0.0,786.8421052631579,65.0,70.0,72.0,74.0,75.0,76.0,80.0,85.0,87.0,92.0,99.0,117.0,144.0,189.0,290.0,513.0,903.0,1045.0,1057.0,270.1578947368421,22.0,27.0,29.0,31.0,32.0,33.0,37.0,42.0,44.0,49.0,56.0,74.0,101.0,146.0,247.0,470.0,860.0,1002.0,1014.0,227.1578947368421,0.8741721854304636,0.7911098640168588,0.8874172185430463,0.923368022705771,0.9625246548323472,1.0,0.0,0.0,0.6812897136049709,0.9425398358281024,0.10242587601078167,0.8863328968442022,772.1232272804542,976,81,38,14,3,0,0,15.0,371,0.6721390632544665,0.6584673604541155,0.6863905325443787,696,361,318,1014,1057,15,3
tagging_006_tagging_aria03_rgb,0.5390403643523564,0.7448017874533505,0.4014782268791403,0.5390403643523564,0.5354973436598984,0.5335628244567483,0.5317396980349761,0.5317396980349761,0.5290903199218772,0.5279273967742715,0.5249748684200944,0.5195042680634697,0.5140890458275671,0.501180577947499,0.4889120290597228,0.47056337585206026,0.42407614901417795,0.31038950156101985,0.15697962362802592,0.04142977497021776,0.006378941953505559,0.0,0.4045829369227613,0.8878760255241568,0.8657657657657658,0.862410071942446,0.8590664272890485,0.8590664272890485,0.8507596067917784,0.8458110516934046,0.8392539964476021,0.826278659611993,0.8166666666666667,0.7899740708729472,0.7610544217687075,0.7186721991701245,0.6205007824726134,0.4233676975945017,0.17871371656232213,0.046488125315816066,0.003877847794474067,0.0,0.6345054505564957,0.32725797977210463,0.33121823061826866,0.3301089550137604,0.3291329954059446,0.3291329954059446,0.3290430862023144,0.32951489071567114,0.3283852250203758,0.32662671532978343,0.32361740453865107,0.3179622989830854,0.3140839410718784,0.30810972088384664,0.28983135113231345,0.2275602111986674,0.13788870103769096,0.03692182126989156,0.0104931659525621,0.0,0.2593099836606713,0.9828456104944501,0.9697275479313825,0.9677093844601413,0.9656912209889001,0.9656912209889001,0.9606458123107972,0.9576185671039354,0.9535822401614531,0.9455095862764884,0.9394550958627649,0.922300706357215,0.9031281533804238,0.8738647830474269,0.8002018163471241,0.6215943491422805,0.3168516649848638,0.09283551967709384,0.008072653884964682,0.0,0.7445961017579266,0.9018518518518519,0.8898148148148148,0.887962962962963,0.8861111111111111,0.8861111111111111,0.8814814814814815,0.8787037037037037,0.875,0.8675925925925926,0.862037037037037,0.8462962962962963,0.8287037037037037,0.8018518518518518,0.7342592592592593,0.5703703703703704,0.29074074074074074,0.08518518518518518,0.007407407407407408,0.0,0.6832358674463939,0.32900794237253894,0.33297384428716476,0.33215275094283375,0.33144491359732786,0.33144491359732786,0.33150395989581743,0.33201083511074486,0.3313303413334073,0.3302856333960961,0.3283198917858971,0.3244723654087829,0.321757053586717,0.3179729444866325,0.3051218665007167,0.25455611271784223,0.17220576368484153,0.0495887341460245,0.015273311897106111,0.0,0.26691700940777996,0.9469029512071004,0.9534037195376855,0.9513982711242789,0.9492711866101317,0.9492711866101317,0.946336814692805,0.9459700219318827,0.9438505336259895,0.938424317627077,0.9335620294088998,0.9175097222859222,0.900671025291174,0.8775813648374227,0.8194413993159027,0.6662530380170352,0.4326402636927255,0.1774554425432356,0.03509362404836543,0.0,0.7518440480214613,0.7448017874533505,0.7537622729174832,0.7550707595693297,0.7562742824812247,0.7562742824812247,0.7587818616785141,0.7601851281222057,0.7617852180486276,0.7646705525567997,0.7665036450521322,0.7708066135933368,0.7749363221010452,0.7799374776062153,0.7892816706653625,0.8068848588318903,0.8373294636414264,0.8710653632119889,0.9114540109754438,1.0,0.7957792405782947,0.5671367285922281,0.5667375429664289,0.5651986674269027,0.5637737526714957,0.5637737526714957,0.56222225394418,0.5617379971895714,0.5595912066060839,0.5557235738011407,0.5513837318997701,0.5415319500704124,0.5325955780014433,0.5188894240538786,0.4815844407893784,0.3760985793255746,0.2090221627158051,0.0585461908668289,0.009203678443564267,0.0,0.4391974322124307,974.0,961.0,959.0,957.0,957.0,952.0,949.0,945.0,937.0,931.0,914.0,895.0,866.0,793.0,616.0,314.0,92.0,8.0,0.0,737.8947368421053,17.0,30.0,32.0,34.0,34.0,39.0,42.0,46.0,54.0,60.0,77.0,96.0,125.0,198.0,375.0,677.0,899.0,983.0,991.0,253.10526315789474,106.0,119.0,121.0,123.0,123.0,128.0,131.0,135.0,143.0,149.0,166.0,185.0,214.0,287.0,464.0,766.0,988.0,1072.0,1080.0,342.10526315789474,0.7769929364278506,0.7658838927688539,0.79313824419778,0.941473259334006,0.8638888888888889,1.0,0.0,0.0,0.5565788818903539,0.9010140028971512,0.39622641509433965,0.7919231887157862,714.5696719533407,933,58,147,16,3,0,0,15.0,371,0.45388701110574603,0.47426841574167505,0.4351851851851852,470,521,610,1080,991,25,3
tagging_006_tagging_aria04_rgb,0.5407893664677885,0.7670711814014893,0.4148239382258095,0.5407893664677885,0.5401595093687278,0.5375596323438802,0.5345944122551819,0.5328091460460344,0.5315988015114412,0.5315988015114412,0.5264982038513479,0.5234776560824875,0.520358988764091,0.5177552549856517,0.503217284937661,0.48245748505002195,0.42743110704696,0.35807176925037404,0.20258850812043097,0.05744031095870191,0.007269702951319674,0.0,0.41450926007913386,0.8521358159912377,0.850109409190372,0.8460698689956332,0.8400435255712732,0.834056399132321,0.8281081081081081,0.8281081081081081,0.8163265306122449,0.8085561497326204,0.798936170212766,0.7875264270613108,0.7596253902185224,0.7202441505595117,0.6259615384615385,0.5031111111111111,0.2609992542878449,0.07093096896770108,0.00535077288941736,0.0,0.6334841946953497,0.343200148845333,0.3432173463876174,0.3415443202920385,0.3402099735488236,0.340367373723928,0.3412565134931731,0.3412565134931731,0.33957043935690195,0.3389113501990346,0.3389175346955155,0.3403955662358836,0.3333585726869725,0.3231754464093484,0.2918667362860912,0.25484508114108617,0.1572498884506327,0.04651549768810816,0.009876812582524055,0.0,0.27188079555348343,0.9640644361833953,0.9628252788104089,0.9603469640644362,0.9566294919454771,0.952912019826518,0.9491945477075588,0.9491945477075588,0.9417596034696406,0.9368029739776952,0.9306071871127634,0.9231722428748451,0.9045848822800495,0.8773234200743495,0.8066914498141264,0.701363073110285,0.43370508054522927,0.13878562577447337,0.011152416356877323,0.0,0.7526902758755625,0.8800904977375565,0.8789592760180995,0.8766968325791855,0.8733031674208145,0.8699095022624435,0.8665158371040724,0.8665158371040724,0.8597285067873304,0.8552036199095022,0.8495475113122172,0.8427601809954751,0.8257918552036199,0.8009049773755657,0.7364253393665159,0.6402714932126696,0.39592760180995473,0.12669683257918551,0.010180995475113122,0.0,0.6871278875922839,0.34609624042209935,0.34614256180022723,0.345018807837848,0.34422044972207677,0.3444717718935502,0.3453748759209897,0.3453748759209897,0.34427941041628457,0.34389420063418313,0.3441542809355238,0.34569466529996074,0.34079514899845664,0.3336567450748155,0.30928478284398814,0.280079035047039,0.19222483546264033,0.061918372531939596,0.011609024820406934,0.0,0.28022579397805364,0.9500437085350157,0.9488801011242929,0.9472394486361453,0.9458559031921876,0.9436795793889247,0.9433191301474416,0.9433191301474416,0.9370730175630749,0.9334473829052878,0.9305130962569129,0.9268596148838935,0.9126344476335381,0.8940151642834324,0.849230813998333,0.771419099005237,0.5494246288703335,0.21704605067769842,0.06287231840706387,0.0,0.7687827702976977,0.7670711814014893,0.7679933480398093,0.7696150634912312,0.7718663095239706,0.7739659581445796,0.7759159338711915,0.7759159338711915,0.7790687311944989,0.7808926546200399,0.7829738521742007,0.7850432813021574,0.7891457906534844,0.7941161495448831,0.8041956611445475,0.8157986940919322,0.8395829467748315,0.8720378276741634,0.9122203408207845,1.0,0.8082852451757362,0.5752104467015818,0.574855057582541,0.5727137601681233,0.5704865416035643,0.5695087019337944,0.5691386667389687,0.5691386667389687,0.5655030701232024,0.5634653146212745,0.5616040363335951,0.5605744717222089,0.5491367090543942,0.532474776799713,0.4852281944066567,0.4227752704169819,0.26115144176552035,0.08034726165125455,0.010495252555281984,0.0,0.45230566531145405,778.0,777.0,775.0,772.0,769.0,766.0,766.0,760.0,756.0,751.0,745.0,730.0,708.0,651.0,566.0,350.0,112.0,9.0,0.0,607.421052631579,29.0,30.0,32.0,35.0,38.0,41.0,41.0,47.0,51.0,56.0,62.0,77.0,99.0,156.0,241.0,457.0,695.0,798.0,807.0,199.57894736842104,106.0,107.0,109.0,112.0,115.0,118.0,118.0,124.0,128.0,133.0,139.0,154.0,176.0,233.0,318.0,534.0,772.0,875.0,884.0,276.57894736842104,0.748451053283767,0.7825378987725423,0.7707558859975217,0.9330855018587361,0.8518099547511312,1.0,0.0,0.0,0.5455403194246895,0.8905972797161443,0.353099730458221,0.7692004058177159,589.2510377757244,753,54,131,18,3,0,0,15.0,371,0.44470727380248376,0.46592317224287483,0.4253393665158371,376,431,508,884,807,24,3
tagging_007_tagging_aria01_rgb,0.3160179142880612,0.7542562700455381,0.2383584932984836,0.3160179142880612,0.3152968586313564,0.31521814047034336,0.3138055390643257,0.3124217688685833,0.31045548051563165,0.30903402695152205,0.3078089984497429,0.30489009820890206,0.30033215313703177,0.296734262090529,0.2918016291954618,0.2780916283127114,0.2449436681970822,0.19199259809526303,0.1149941721242922,0.037205737064450066,0.0040088048936734256,0.0,0.2402659725557349,0.75,0.7482859941234085,0.7474302496328928,0.7431640625,0.7363813229571985,0.7288135593220338,0.7246376811594203,0.7204819277108434,0.7097701149425287,0.6927453769559033,0.6784203102961918,0.658151416627961,0.6153846153846154,0.5191489361702127,0.3880248833592535,0.21346023113528212,0.058091286307053944,0.002527379949452401,0.0,0.5492062815018027,0.1331564295346352,0.13285309339413662,0.13293879412879517,0.13250629479604584,0.13255002350004988,0.13224590040812356,0.13179280114314618,0.13150417225268574,0.13096912652255144,0.13020570791000333,0.12978860001990278,0.12937477402598718,0.12566929982362474,0.11556876343125361,0.09499689144740038,0.061949055110742106,0.023829165413761955,0.006358567764621996,0.0,0.10569776108565619,0.9598494353826851,0.958594730238394,0.9579673776662484,0.9548306148055207,0.9498117942283564,0.9441656210790464,0.9410288582183187,0.937892095357591,0.9297365119196989,0.9165621079046424,0.9052697616060226,0.8889585947302384,0.8531994981179423,0.7653701380175659,0.6260978670012547,0.39397741530740277,0.12296110414052698,0.0056461731493099125,0.0,0.7374694578353035,0.7742914979757085,0.7732793522267206,0.7727732793522267,0.770242914979757,0.7661943319838057,0.7616396761133604,0.7591093117408907,0.756578947368421,0.75,0.7393724696356275,0.7302631578947368,0.7171052631578947,0.6882591093117408,0.6174089068825911,0.5050607287449392,0.31781376518218624,0.09919028340080972,0.004554655870445344,0.0,0.5949019816748349,0.13401234405328516,0.13374608418761028,0.13383235665130322,0.1334579847458915,0.13353395474074164,0.13327688816488492,0.13288969663084024,0.1326411188779111,0.1322045733320554,0.13156704567962724,0.13124052912891543,0.130951263003284,0.12783343126661548,0.118863157003643,0.09979988273934418,0.06680246917662304,0.026137502245242736,0.007309968954425876,0.0,0.1073736973990655,0.9345869030589654,0.9332348013710942,0.9337368106276132,0.9318010976127867,0.9284078220881772,0.923560206664214,0.9202214668963133,0.917282326457835,0.9099964136715664,0.9036678274861255,0.8964980315437747,0.8878190915504276,0.8634231474446488,0.795990053210944,0.6865067070424514,0.5078033059864652,0.2690556705031033,0.047062495398337754,0.0,0.7468765357165708,0.7542562700455381,0.755139317087479,0.7555490005958855,0.7574838480157744,0.7603159777109202,0.7632282719263206,0.7646847375429137,0.7659997496873991,0.7689332873137859,0.7731587929548405,0.7762313143575762,0.779962333986452,0.7863105713136544,0.7989780057700779,0.8145770445331604,0.8378935517383767,0.8688451452445045,0.9198713592738539,1.0,0.8000746620578164,0.3575054177301288,0.3568645054127526,0.3568627579359818,0.35569799960881143,0.3548204836894189,0.3533582214891762,0.3521659114410831,0.35119328533207606,0.3489509691378528,0.34545856206382963,0.3427735331077894,0.33912949932390685,0.3274461536472063,0.2974102896974111,0.24387978822970777,0.1562258897022706,0.054130033161115164,0.00599179226781739,0.0,0.2789402680514914,1530.0,1528.0,1527.0,1522.0,1514.0,1505.0,1500.0,1495.0,1482.0,1461.0,1443.0,1417.0,1360.0,1220.0,998.0,628.0,196.0,9.0,0.0,1175.5263157894738,64.0,66.0,67.0,72.0,80.0,89.0,94.0,99.0,112.0,133.0,151.0,177.0,234.0,374.0,596.0,966.0,1398.0,1585.0,1594.0,418.4736842105263,446.0,448.0,449.0,454.0,462.0,471.0,476.0,481.0,494.0,515.0,533.0,559.0,616.0,756.0,978.0,1348.0,1780.0,1967.0,1976.0,800.4736842105264,0.5715181932245922,0.7727906349935988,0.5997490589711418,0.9196988707653702,0.7419028340080972,1.0,0.0,0.0,0.36255399680088823,0.8212885154061624,0.7122905027932961,0.5987119118483216,1132.9110709006159,1466,128,510,45,3,0,0,40.0,716,0.18823529411764706,0.2107904642409034,0.1700404858299595,336,1258,1640,1976,1594,70,3
tagging_007_tagging_aria02_rgb,0.5149524219621282,0.7511633651665112,0.38681339418171745,0.5149524219621282,0.5141722228116918,0.5108379824156769,0.5087501091999092,0.507446989795857,0.5056186422523633,0.5014392440395036,0.49907780571199706,0.49569836383536275,0.4912351100458159,0.4833504791556514,0.46660414001363326,0.44144793085304335,0.38509419022302055,0.306734230658114,0.18174425235963718,0.05630459566600857,0.004099689636234475,0.0,0.3881372842439815,0.921724333522405,0.9184597961494904,0.903370786516854,0.8948545861297539,0.8874651810584958,0.8822222222222222,0.869757174392936,0.8594950603732162,0.8503549972692518,0.8353196099674973,0.8146759507230852,0.7728937728937729,0.7137076378351037,0.6049265750828992,0.47176368375325806,0.26276556093924713,0.06876971608832808,0.004149377593360996,0.0,0.6598250538163778,0.28769555846625144,0.28784392721321267,0.28886858881577404,0.2892388077602025,0.290154986301264,0.28977983659170153,0.289093695189588,0.28979649521911754,0.2889579866033917,0.288885751588083,0.2867737601590374,0.2816938512296512,0.27304776539249803,0.24514964534861317,0.19943435982375002,0.1257051081872956,0.04609888877599675,0.004050596682341055,0.0,0.2290668215446195,0.9771497294046904,0.9753457606734817,0.9669272399278412,0.9621166566446182,0.957907396271798,0.9549007817197835,0.9476849067949489,0.94167167769092,0.936259771497294,0.9272399278412508,0.9146121467227901,0.8881539386650631,0.8484666265784726,0.7678893565844859,0.6530366806975346,0.4239326518340349,0.13108839446782922,0.00841852074564041,0.0,0.7464632718296041,0.9420289855072463,0.9402898550724638,0.9321739130434783,0.927536231884058,0.9234782608695652,0.9205797101449276,0.9136231884057971,0.9078260869565218,0.9026086956521739,0.8939130434782608,0.8817391304347826,0.856231884057971,0.8179710144927537,0.7402898550724638,0.6295652173913043,0.40869565217391307,0.1263768115942029,0.008115942028985508,0.0,0.7196338672768877,0.2894441275739029,0.28960665552756315,0.2906584755294256,0.291092705409586,0.29200208626474294,0.2917823917989511,0.29144662998352694,0.29224796635739314,0.29168674998113925,0.29189228613683676,0.2905842126096847,0.28720480988272995,0.28133241482404947,0.26072615549616107,0.22271521810437048,0.1521836105289878,0.061728427991023106,0.004956205304843324,0.0,0.2354363752265746,0.966878477025162,0.9655707682092808,0.9620452356554752,0.9609781326412059,0.9615162881409531,0.960285965162741,0.9564215806146918,0.9546607799247988,0.9514139237058707,0.9457610318659055,0.9358360222996367,0.9118641673232505,0.8759992352357476,0.8082945118230127,0.7132336702517065,0.5104988034747818,0.21387018444090414,0.0257649924588011,0.0,0.7674154615923119,0.7511633651665112,0.752395698175238,0.7578674993807579,0.7608125830307496,0.7631450894078374,0.764687978531727,0.7680341943270724,0.7705189034400665,0.7725439470973007,0.7754588507099823,0.7788811816271475,0.7848222485952336,0.7922406223676507,0.8044513695367891,0.8178219406071399,0.8388684412071565,0.871385425737939,0.9111251525997536,1.0,0.8019065521866344,0.5302090503812896,0.5298559749054579,0.5285025139821824,0.5275239091208298,0.5272016762521938,0.5260332617696784,0.5234211799122692,0.5223917608863439,0.5201343465967323,0.5175581160187709,0.5121393993853858,0.5001874683229729,0.48132308940810536,0.4338753316721999,0.3608849572319959,0.2308473518646564,0.077736923764685,0.005839523285552545,0.0,0.4134560965663843,1625.0,1622.0,1608.0,1600.0,1593.0,1588.0,1576.0,1566.0,1557.0,1542.0,1521.0,1477.0,1411.0,1277.0,1086.0,705.0,218.0,14.0,0.0,1241.3684210526317,38.0,41.0,55.0,63.0,70.0,75.0,87.0,97.0,106.0,121.0,142.0,186.0,252.0,386.0,577.0,958.0,1445.0,1649.0,1663.0,421.63157894736844,100.0,103.0,117.0,125.0,132.0,137.0,149.0,159.0,168.0,183.0,204.0,248.0,314.0,448.0,639.0,1020.0,1507.0,1711.0,1725.0,483.63157894736844,0.8039687312086591,0.7752825676309191,0.8184004810583283,0.9278412507516537,0.8944927536231884,0.6666666666666666,0.3333333333333333,0.0,0.5954666276936308,0.91086186540732,0.2541899441340782,0.8175705284174916,1196.261001854508,1543,120,182,24,2,1,0,25.0,716,0.39787485242030696,0.4052916416115454,0.39072463768115945,674,989,1051,1725,1663,31,3
tagging_007_tagging_aria03_rgb,0.3607601385651962,0.7460071050373245,0.26912962658388606,0.3607601385651962,0.36010089675898865,0.35870055618107255,0.35665327964558036,0.35460884780806584,0.35397345991479723,0.3511771054084611,0.34807582198202697,0.34471608548098576,0.33996149438250023,0.33369988112459126,0.32441354627550495,0.30601604033067387,0.2641628663232895,0.19840648826224538,0.1135171800660733,0.04227956577794742,0.005831176347619318,0.0006649931375472894,0.2693536538827983,0.7199602780536246,0.7174020823004462,0.7123084527928819,0.7055637616937469,0.6997055937193327,0.6972072513473787,0.69140625,0.6815533980582524,0.6742387626872886,0.6621880998080614,0.647954329210276,0.624765478424015,0.5817351598173516,0.48097477554510476,0.3415956622773044,0.17703024125042474,0.054490106544901065,0.0055152394775036286,0.00028876696505919725,0.5197833521038396,0.18077091409741053,0.18075310770051714,0.18063254549363467,0.18028358142514828,0.17971477728989554,0.1797130051099025,0.17836888133867085,0.17776564271213338,0.17624198750561476,0.17453321449944872,0.17185719061139093,0.16845384811038205,0.16097671828717858,0.14508457302163055,0.11523897675433666,0.07279067169052052,0.032805252103862044,0.006165211453778183,0.0015313935681470138,0.14019376277755805,0.9777478084962913,0.9757248819959542,0.9716790289952798,0.9662845583277141,0.961564396493594,0.959541469993257,0.9548213081591369,0.9467296021577882,0.9406608226567768,0.930546190155091,0.9184086311530681,0.8981793661496965,0.8590694538098449,0.758597437626433,0.5947403910991234,0.35131490222521916,0.12070128118678354,0.012811867835468645,0.0006743088334457181,0.742094616176314,0.7319535588086825,0.7304391721352852,0.7274103987884907,0.723372034326098,0.7198384654215043,0.718324078748107,0.7147905098435133,0.7087329631499243,0.7041898031297325,0.6966178697627461,0.6875315497223624,0.6723876829883897,0.6431095406360424,0.5678950025239778,0.4452296819787986,0.2629984856133266,0.09035840484603735,0.009591115598182737,0.0005047955577990914,0.5555407954515263,0.18247609883292373,0.18248105232668219,0.1824066123914857,0.1821362871643145,0.18168197983667858,0.181699466287675,0.18056794595453138,0.18010339409448967,0.1788664885615921,0.17743889391194326,0.17517156364475592,0.17227963766887233,0.16576223792875688,0.15150431936474998,0.12402770613795813,0.08214028873032003,0.038290827099979684,0.007336349602664103,0.001949317738791423,0.14359581406732444,0.9461873309124912,0.9456344507774928,0.943607765496811,0.939746235237746,0.9361003050448345,0.9351711570164097,0.9307215383728747,0.9237470992699963,0.917281883703389,0.9081830174987736,0.896181047299786,0.8778965076005406,0.8438819069895196,0.7604496229631078,0.6276063186458399,0.4358560135848657,0.24227036053786372,0.06760382130869207,0.0070921985815602835,0.7413272937285577,0.7460071050373245,0.7473653051781882,0.7499349603798593,0.7531325202867684,0.7556701899272059,0.7567076950879116,0.7588430863091971,0.7621289399575656,0.764351963223169,0.7674433264888558,0.770545168668611,0.7748720341291528,0.7816988125833748,0.7953919796241875,0.8141767051584153,0.8404333167751763,0.8736444466998424,0.9180869050726516,0.9545022153189978,0.7939440355740239,0.4204145158038843,0.41995869401822017,0.41894731937345137,0.4173790134292067,0.4157010119854642,0.41526146113028783,0.412686816623298,0.41023895012807055,0.4071657315562018,0.40300275161341426,0.39728469286296375,0.3889752826610712,0.37187387842529057,0.33175410371739794,0.26179624539847196,0.15991387590782496,0.06292563832486385,0.008887512268544196,0.0010161851260884942,0.3223780884396851,1450.0,1447.0,1441.0,1433.0,1426.0,1423.0,1416.0,1404.0,1395.0,1380.0,1362.0,1332.0,1274.0,1125.0,882.0,521.0,179.0,19.0,1.0,1100.5263157894738,33.0,36.0,42.0,50.0,57.0,60.0,67.0,79.0,88.0,103.0,121.0,151.0,209.0,358.0,601.0,962.0,1304.0,1464.0,1482.0,382.4736842105263,531.0,534.0,540.0,548.0,555.0,558.0,565.0,577.0,586.0,601.0,619.0,649.0,707.0,856.0,1099.0,1460.0,1802.0,1962.0,1980.0,880.4736842105264,0.5165205664194201,0.7672511583659017,0.5306810519217802,0.933243425488874,0.6986370519939424,1.0,0.0,0.0,0.2993092401742468,0.7990762124711316,0.8337988826815642,0.5297894677715888,1061.875603178408,1384,99,597,21,3,0,0,28.0,716,0.22113163972286373,0.25826028320971006,0.193336698637052,383,1100,1598,1981,1483,44,3
tagging_007_tagging_aria04_rgb,0.4196675642535065,0.7564063868689062,0.31743922596306934,0.4196675642535065,0.41526616974045755,0.41311289134077744,0.41173996617608444,0.4103826188613236,0.4094341993163137,0.40808627709680423,0.40645869256611583,0.40480643588829535,0.40429155824717394,0.4015394028960624,0.39116769102471205,0.3666110483732641,0.32113023350060005,0.24953873730089618,0.14606319692026587,0.048173299093571466,0.005382779517019318,0.0,0.3175185664270128,0.8050314465408805,0.79375,0.7892768079800498,0.7848258706467661,0.7815021725636251,0.7781908302354399,0.772699197035207,0.7661538461538462,0.759656652360515,0.7564259485924113,0.7478684531059683,0.7226890756302521,0.665699361578642,0.5717415115005476,0.4207920792079208,0.22023809523809523,0.06021425932766901,0.005253940455341506,0.0,0.5895794499027988,0.21877513635428816,0.2172547927318558,0.21622611898188543,0.2160094437342841,0.21550022479274322,0.2154180659248746,0.21552294889616894,0.21563380460976214,0.21571357274024974,0.2160841578400181,0.21559124657352072,0.21172613183361563,0.20189843726245796,0.18036931864103617,0.1479818287714422,0.09686996916452664,0.0385401526394318,0.0055147780175897314,0.0,0.1716121120794606,0.9922480620155039,0.9844961240310077,0.9813953488372092,0.9782945736434109,0.975968992248062,0.9736434108527132,0.9697674418604652,0.9651162790697675,0.9604651162790697,0.958139534883721,0.951937984496124,0.9333333333333333,0.8891472868217054,0.8093023255813954,0.6589147286821705,0.4015503875968992,0.1263565891472868,0.011627906976744186,0.0,0.7643002855977151,0.810126582278481,0.8037974683544303,0.8012658227848102,0.7987341772151899,0.7968354430379747,0.7949367088607595,0.7917721518987342,0.7879746835443038,0.7841772151898734,0.7822784810126582,0.7772151898734178,0.7620253164556962,0.7259493670886076,0.660759493670886,0.5379746835443038,0.3278481012658228,0.10316455696202531,0.00949367088607595,0.0,0.6240173217854763,0.2213416940179967,0.2200559915818787,0.21920758571037716,0.21909466826279736,0.21868880866911386,0.2186636168599474,0.21884528838220724,0.21905225533495673,0.2192233532605987,0.21960753422791265,0.21926680901306236,0.21627824365538334,0.20830339452885055,0.19014373239659113,0.1617106834980858,0.11237569906251946,0.047061874294873345,0.007330825314660411,0.0,0.17664484516167434,0.9339426628667284,0.9281203114328915,0.9250373991609614,0.9247413924437934,0.9237669654294801,0.922731971659604,0.9219998233940288,0.9212972066740347,0.9198892111906053,0.9202668312073063,0.9162299632162123,0.9022795656846878,0.8614059492344484,0.7885949175554249,0.6645523958844203,0.4510297344892496,0.19210120254427013,0.02784598677700004,0.0,0.7392543942550077,0.7564063868689062,0.7617025956276062,0.76373008218194,0.7656007523476405,0.7668498700845576,0.7680433713671588,0.7698100341450764,0.7717352989554507,0.7733899950660689,0.7741138661247596,0.7757591389366653,0.7796550631840835,0.7870459737816724,0.7978923793960704,0.8144177939563878,0.839815830586885,0.8705940798195586,0.9107356970438041,1.0,0.8024893794460153,0.46591759471468774,0.4624786496387395,0.46065530222276113,0.4596964940707965,0.4586082611774503,0.45797421375705155,0.45717298565560666,0.45619260750984436,0.45517618756360434,0.45501513654885756,0.4530226227664621,0.4445346514930431,0.423694993722438,0.38206453517661426,0.31226175967419745,0.19722619923457266,0.0697839683074444,0.008007829030762777,0.0,0.36207810485604913,1280.0,1270.0,1266.0,1262.0,1259.0,1256.0,1251.0,1245.0,1239.0,1236.0,1228.0,1204.0,1147.0,1044.0,850.0,518.0,163.0,15.0,0.0,985.9473684210526,10.0,20.0,24.0,28.0,31.0,34.0,39.0,45.0,51.0,54.0,62.0,86.0,143.0,246.0,440.0,772.0,1127.0,1275.0,1290.0,304.05263157894734,300.0,310.0,314.0,318.0,321.0,324.0,329.0,335.0,341.0,344.0,352.0,376.0,433.0,536.0,730.0,1062.0,1417.0,1565.0,1580.0,594.0526315789474,0.686046511627907,0.7733672963624467,0.7054263565891473,0.9651162790697675,0.7879746835443038,1.0,0.0,0.0,0.4673195999777102,0.867595818815331,0.46787709497206703,0.7043426821638201,962.8422839712462,1245,45,335,25,3,0,0,20.0,716,0.289198606271777,0.32170542635658916,0.2626582278481013,415,875,1165,1580,1290,47,3
tagging_008_tagging_aria01_rgb,0.35624150298865126,0.6911994058083817,0.2462339151900406,0.35624150298865126,0.3546685130741457,0.3540503793152201,0.3514734125269654,0.34156718626106686,0.33854522057102043,0.33405394626924867,0.33016313851912327,0.3234704315251376,0.3110448526371971,0.2936229949017551,0.27239454766605237,0.2512218870786207,0.2110034667908046,0.14538078884787325,0.08046927376867864,0.018838042445458905,0.002179502870244797,0.0,0.24580995200301392,0.4099290780141844,0.4019746121297602,0.3980309423347398,0.3902097902097902,0.38055555555555554,0.3786407766990291,0.3748271092669433,0.3691460055096419,0.36164383561643837,0.3487109905020353,0.32710280373831774,0.3078947368421053,0.2776349614395887,0.23478260869565218,0.15715948777648428,0.08043478260869565,0.014285714285714285,0.0010070493454179255,0.0,0.2744195179247418,0.30958528013282816,0.31292959896089073,0.31492946341802697,0.3165824200539266,0.3065732217730573,0.3026955188785264,0.2977160302954095,0.29529697303998204,0.28932643049951845,0.2774472356400564,0.2635699301558041,0.24098752177190982,0.22732164645293082,0.18963271276814408,0.13448487307421994,0.080503779718782,0.024841029022383793,0.0047169811320754715,0.0,0.2204810866730775,0.9601328903654485,0.946843853820598,0.9401993355481728,0.9269102990033222,0.9102990033222591,0.9069767441860465,0.9003322259136213,0.8903654485049833,0.8770764119601329,0.8538205980066446,0.813953488372093,0.7774086378737541,0.717607973421927,0.627906976744186,0.4485049833887043,0.24584717607973422,0.046511627906976744,0.0033222591362126247,0.0,0.6733694701870956,0.417027417027417,0.41125541125541126,0.4083694083694084,0.4025974025974026,0.3953823953823954,0.3939393939393939,0.39105339105339104,0.38672438672438675,0.38095238095238093,0.3708513708513709,0.35353535353535354,0.33766233766233766,0.3116883116883117,0.2727272727272727,0.19480519480519481,0.10678210678210678,0.020202020202020204,0.001443001443001443,0.0,0.29247360826308194,0.32222177516697514,0.3256629946960424,0.3277179718958008,0.32974910394265233,0.32222175069314773,0.3191711389385808,0.31529076918676163,0.31346176096262873,0.3088736199201315,0.29914336560793897,0.28797658598323045,0.26742529649506397,0.25671116853287396,0.22145318075550635,0.16734137238013208,0.11036036036036036,0.03502214839424142,0.007751937984496124,0.0,0.23881875273139816,0.820691937546567,0.8234384910559924,0.8279729102025494,0.8286904848589004,0.8134097232894807,0.8098917753022277,0.8021336990231954,0.7964561436074932,0.7887274848887034,0.7753096874886927,0.7519407736724741,0.7282525074335544,0.69240578542569,0.6156215541745623,0.4423283616577644,0.2707870767296997,0.09081087725701309,0.011904761904761904,0.0,0.6153038966062802,0.6911994058083817,0.6998873940348691,0.7037916347392156,0.7112828421182233,0.7200035919136841,0.7215933003027377,0.7246713115305854,0.7286238884941504,0.7331276902870489,0.7402555759778513,0.7507252930171467,0.7591750071280319,0.7697263688205416,0.782616971483818,0.8055331806675631,0.831645526614051,0.866520770452588,0.9078133174446165,1.0,0.770957530043953,0.5451999723299051,0.5443302926116311,0.5441474728877931,0.5417042603038862,0.5282738856174021,0.5239635447167597,0.5177290181610773,0.5127594190679559,0.5037473449535496,0.4867136372133859,0.4631777888460388,0.43283458855002804,0.403890859052323,0.34506767939933747,0.24559547179088018,0.14068271716030914,0.03399112676442964,0.003958665641523707,0.0,0.38514567079306394,289.0,285.0,283.0,279.0,274.0,273.0,271.0,268.0,264.0,257.0,245.0,234.0,216.0,189.0,135.0,74.0,14.0,1.0,0.0,202.68421052631578,12.0,16.0,18.0,22.0,27.0,28.0,30.0,33.0,37.0,44.0,56.0,67.0,85.0,112.0,166.0,227.0,287.0,300.0,301.0,98.3157894736842,404.0,408.0,410.0,414.0,419.0,420.0,422.0,425.0,429.0,436.0,448.0,459.0,477.0,504.0,558.0,619.0,679.0,692.0,693.0,490.3157894736842,-0.6312292358803987,0.7396771624580786,-0.5813953488372093,0.8604651162790697,0.37373737373737376,1.0,0.0,0.0,-0.8552279565560055,0.5211267605633803,2.1592039800995027,-0.5853026287676268,191.57638507664234,259,42,434,15,2,0,0,13.0,201,0.24346076458752516,0.4019933554817276,0.1746031746031746,121,180,572,693,301,29,2
tagging_008_tagging_aria03_rgb,0.3086062977637831,0.6877908057493827,0.2122565741982863,0.3086062977637831,0.3086062977637831,0.3086062977637831,0.3086062977637831,0.3057452196313898,0.2934538502339703,0.2914964637516759,0.28622794277832864,0.27909994229065327,0.26946953085804415,0.2646205560107772,0.25683124220320325,0.24628124925521108,0.21825471103236124,0.17148794782789115,0.07349346641626484,0.021916282644718746,0.0,0.0,0.22172650505208538,0.22305389221556887,0.22305389221556887,0.22305389221556887,0.22305389221556887,0.21940298507462686,0.20501474926253688,0.203240058910162,0.19444444444444445,0.18234442836468887,0.17385057471264367,0.17048710601719197,0.16381766381766383,0.153954802259887,0.14106145251396648,0.11156462585034013,0.04878048780487805,0.013647642679900745,0.0,0.0,0.15125403108290558,0.4269723611342627,0.4269723611342627,0.4269723611342627,0.4269723611342627,0.4260659411523084,0.4200437408864886,0.4180779558683921,0.4213359525965872,0.42719582103628867,0.41767953992028656,0.41072923518563126,0.40265674307905736,0.3939757178364481,0.33769054577899765,0.2635971395599124,0.11072643692051225,0.03519460878548539,0.0,0.0,0.3259399380601814,0.9933333333333333,0.9933333333333333,0.9933333333333333,0.9933333333333333,0.98,0.9266666666666666,0.92,0.8866666666666667,0.84,0.8066666666666666,0.7933333333333333,0.7666666666666667,0.7266666666666667,0.6733333333333333,0.5466666666666666,0.25333333333333335,0.07333333333333333,0.0,0.0,0.6929824561403509,0.22338830584707647,0.22338830584707647,0.22338830584707647,0.22338830584707647,0.22038980509745126,0.20839580209895053,0.20689655172413793,0.19940029985007496,0.1889055472263868,0.18140929535232383,0.17841079460269865,0.1724137931034483,0.1634182908545727,0.15142428785607195,0.12293853073463268,0.05697151424287856,0.01649175412293853,0.0,0.0,0.15584313106604591,0.44261744966442945,0.44261744966442945,0.44261744966442945,0.44261744966442945,0.4425547996976569,0.43876898481215026,0.437037037037037,0.43939014202172094,0.4443121693121693,0.43746556473829207,0.43338001867413634,0.4285507246376811,0.4240570846075433,0.38008800880088006,0.314159891598916,0.14766081871345027,0.0494949494949495,0.0,0.0,0.34670473646338423,0.8488253305442296,0.8488253305442296,0.8488253305442296,0.8488253305442296,0.8447709078737375,0.8294171972920645,0.8249029671827247,0.8267030199586798,0.8330660829551435,0.8212370732504188,0.8181475765639896,0.802554725365606,0.793706912167418,0.7256543163027105,0.6054860343899606,0.3027416101228681,0.10800337873508604,0.0,0.0,0.6595627960177539,0.6877908057493827,0.6877908057493827,0.6877908057493827,0.6877908057493827,0.6939662563907327,0.7178552258022862,0.7207373509163773,0.7339107893957907,0.7506846465358223,0.762244864488369,0.7662378713360873,0.7729198031723957,0.7813037266348669,0.7893262103399699,0.8023891799402221,0.8326113082510027,0.8703879472150813,1.0,1.0,0.7760914949166597,0.6512494750298851,0.6512494750298851,0.6512494750298851,0.6512494750298851,0.6461769280384918,0.6238914434591001,0.6201868423297294,0.6112156285924311,0.599036300795271,0.5804551336687138,0.5708285147461254,0.5556109277428561,0.5350598299515849,0.4768420082422742,0.3796047544829825,0.1674834241147357,0.05080293276575932,0.0,0.0,0.47485224047629443,149.0,149.0,149.0,149.0,147.0,139.0,138.0,133.0,126.0,121.0,119.0,115.0,109.0,101.0,82.0,38.0,11.0,0.0,0.0,103.94736842105263,1.0,1.0,1.0,1.0,3.0,11.0,12.0,17.0,24.0,29.0,31.0,35.0,41.0,49.0,68.0,112.0,139.0,150.0,150.0,46.05263157894737,518.0,518.0,518.0,518.0,520.0,528.0,529.0,534.0,541.0,546.0,548.0,552.0,558.0,566.0,585.0,629.0,656.0,667.0,667.0,563.0526315789474,-2.82,0.7574741028498797,-2.7933333333333334,0.8266666666666667,0.18590704647676162,0.5,0.5,0.0,-3.0204880749774325,0.30354957160342716,2.701492537313433,-2.797347066608853,93.92678875338508,124,26,543,4,1,1,0,4.0,201,0.193390452876377,0.5266666666666666,0.1184407796101949,79,71,588,667,150,18,2
tagging_008_tagging_aria04_rgb,0.41224606361462257,0.7266582121573133,0.29956198755509167,0.41224606361462257,0.41107455792874315,0.41107455792874315,0.4102512210779723,0.4102512210779723,0.40903630350138215,0.4081181610037138,0.4077395300255322,0.4064039266027041,0.40466279773824093,0.3913049011087592,0.371861992474633,0.3467511983116788,0.27811691477823897,0.20108648611234908,0.1044791738863061,0.02586352351035049,0.002044310220956003,0.0,0.3059140442580473,0.5259938837920489,0.5213414634146342,0.5213414634146342,0.5190258751902588,0.5190258751902588,0.5167173252279635,0.5144157814871017,0.5121212121212121,0.5075528700906344,0.5030120481927711,0.48955223880597015,0.45269286754002913,0.40365682137834036,0.3011734028683181,0.20386007237635706,0.09429824561403509,0.022540983606557378,0.0010030090270812437,0.0,0.3752276547020108,0.32309656481279486,0.32412977680602456,0.32412977680602456,0.3242729745107053,0.3242729745107053,0.32379540885001534,0.3237856211556168,0.3246331540473126,0.3254127033674393,0.32554285819131157,0.31277464077214334,0.305463927891412,0.29786785993117093,0.2568255282475441,0.19835063544155573,0.11575928804279151,0.02967580563679826,0.004166666666666667,0.0,0.25073453503621224,0.9690140845070423,0.9633802816901409,0.9633802816901409,0.9605633802816902,0.9605633802816902,0.9577464788732394,0.9549295774647887,0.952112676056338,0.9464788732394366,0.9408450704225352,0.923943661971831,0.8760563380281691,0.8084507042253521,0.6507042253521127,0.476056338028169,0.24225352112676057,0.061971830985915494,0.0028169014084507044,0.0,0.7163825055596739,0.5349922239502333,0.5318818040435459,0.5318818040435459,0.5303265940902022,0.5303265940902022,0.5287713841368584,0.5272161741835147,0.5256609642301711,0.5225505443234837,0.5194401244167963,0.5101088646967341,0.48367029548989116,0.4463452566096423,0.359253499222395,0.26283048211508553,0.13374805598755832,0.03421461897356143,0.0015552099533437014,0.0,0.395514447081935,0.33494625387152743,0.3360919194897523,0.3360919194897523,0.33630910375347156,0.33630910375347156,0.3357051109213739,0.33579623858124635,0.33661568446636314,0.3372506199449477,0.33731677210895245,0.3279091708745583,0.3238617428848183,0.3179658781472678,0.28724203179894553,0.23992900010999557,0.15712923647260174,0.04354903118272102,0.0053475935828877,0.0,0.2665982321807712,0.852376265524881,0.851793552445961,0.851793552445961,0.8489694431721521,0.8489694431721521,0.8483176231953228,0.8450220491003848,0.8472415593456317,0.8493576741041244,0.8465900743026007,0.8319452957535647,0.8029727720126482,0.7548072989041626,0.6486993279284736,0.5190005502760784,0.310818811032496,0.08967788569217926,0.018518518518518517,0.0,0.6561511419435417,0.7266582121573133,0.7304963999652249,0.7304963999652249,0.7321622627867446,0.7321622627867446,0.7335519913912381,0.7346956614619954,0.7357881791244846,0.7375786056090831,0.7391220594237615,0.7429476375176685,0.7519400133129781,0.7627187972050319,0.7842719160064155,0.8060268951526859,0.8347160161564113,0.8699239843728356,0.9167384327500483,1.0,0.7790524066918889,0.5595400986162123,0.558802501500799,0.558802501500799,0.5581081835361326,0.5581081835361326,0.5568787235129594,0.556050776817466,0.555956240217336,0.5549740974324955,0.5534305677684943,0.5375743176221667,0.5173041755758899,0.49072546411150675,0.40880002006967336,0.30728826393773545,0.1674607271317462,0.04288430961662482,0.0034259435491376584,0.0,0.4234797418975425,344.0,342.0,342.0,341.0,341.0,340.0,339.0,338.0,336.0,334.0,328.0,311.0,287.0,231.0,169.0,86.0,22.0,1.0,0.0,254.31578947368422,11.0,13.0,13.0,14.0,14.0,15.0,16.0,17.0,19.0,21.0,27.0,44.0,68.0,124.0,186.0,269.0,333.0,354.0,355.0,100.6842105263158,299.0,301.0,301.0,302.0,302.0,303.0,304.0,305.0,307.0,309.0,315.0,332.0,356.0,412.0,474.0,557.0,621.0,642.0,643.0,388.6842105263158,0.04788732394366197,0.7391220594237615,0.07042253521126761,0.9408450704225352,0.5194401244167963,1.0,0.0,0.0,-0.19755840042947506,0.6693386773547094,1.537313432835821,0.06787861975495227,246.86676784753635,334,21,309,8,2,0,0,9.0,201,0.3226452905811623,0.4535211267605634,0.25038880248833595,161,194,482,643,355,18,2
tagging_009_tagging_aria01_rgb,0.36890551887464984,0.7393702462219535,0.2727577643229874,0.36890551887464984,0.36862325147028985,0.3648687787609336,0.3614098048829849,0.3565012238129075,0.3544081092590635,0.34972095149268656,0.348770752452707,0.34586866660594573,0.3408578654997479,0.3363024202808187,0.3262965616615636,0.3060616671959019,0.2884948811524519,0.23587320470314396,0.14072746518181084,0.044183571989444864,0.003041652633694709,0.0,0.2758377025216182,0.5822064056939502,0.579957356076759,0.5699152542372882,0.55890603085554,0.5480501392757661,0.5405405405405406,0.5288858321870702,0.5236463331048663,0.5122448979591837,0.5030425963488844,0.4919463087248322,0.4751161247511613,0.4425697598961713,0.4159235668789809,0.3423913043478261,0.20684039087947884,0.053055423969682616,0.0027063599458728013,0.0,0.41462866450915026,0.23375091810259824,0.23429843608457315,0.23359477523138175,0.23370126614238973,0.23190053878656253,0.23236944963088096,0.23124980188482358,0.23229617028955185,0.2335311391413931,0.23096271631133392,0.22990175122951878,0.224091418088412,0.21165870923650829,0.20010719054874843,0.16249293714659285,0.09574638382905226,0.03679525838606045,0.0034184849499308938,0.0,0.18378249184317433,0.9819927971188476,0.9795918367346939,0.9687875150060024,0.9567827130852341,0.9447779111644657,0.936374549819928,0.9231692677070829,0.9171668667466987,0.9039615846338536,0.8931572629051621,0.879951980792317,0.8595438175270108,0.8187274909963985,0.7839135654261705,0.680672268907563,0.45738295318127253,0.13445378151260504,0.007202881152460984,0.0,0.7382953181272508,0.5884892086330935,0.5870503597122302,0.5805755395683453,0.5733812949640288,0.5661870503597123,0.5611510791366906,0.5532374100719425,0.5496402877697841,0.541726618705036,0.5352517985611511,0.5273381294964029,0.5151079136690647,0.4906474820143885,0.4697841726618705,0.4079136690647482,0.2741007194244604,0.08057553956834532,0.004316546762589928,0.0,0.4424460431654676,0.23570905901064365,0.23625827752053066,0.23603344976436985,0.23654678284709177,0.23544557555620332,0.23606271244467267,0.2355766342795021,0.2366400155789026,0.2380514135471417,0.23640440374289157,0.23595839693308018,0.23185077331534387,0.22239406101883943,0.2131237223173359,0.1806859502695791,0.11437622595246168,0.048370573377909586,0.004521963824289405,0.0,0.19021105217372572,0.8828555916108051,0.8847988651196552,0.8810350451373081,0.8762728965938207,0.8700304101892796,0.8691654242226158,0.8628080494874231,0.8642784539205814,0.857412092196677,0.8507600419836616,0.8434106597729585,0.8286223932098857,0.7908254732589197,0.7585673165286244,0.6631242415459927,0.48062885570582975,0.1977217076519881,0.022014842053752554,0.0,0.6991753873784096,0.7393702462219535,0.7409754377228432,0.7478028906425317,0.7549048872657196,0.7616910215168033,0.7660502428252794,0.772370160678626,0.7749494943085116,0.7800877022549486,0.783756269105297,0.7875393948408589,0.7926041170793355,0.8008143719866635,0.8063659847108272,0.8178498627284982,0.8368949937430664,0.8692927255009704,0.9113909223766713,1.0,0.8023531960794426,0.47910512196872734,0.4790791535311814,0.47571388650616037,0.47286502458013324,0.46807532153776565,0.4664599005166688,0.4620418923251663,0.46157810894985674,0.459459659382195,0.4541872163918448,0.44978050355927784,0.43888084143507,0.4162821206354444,0.39606406200321115,0.3325724525709028,0.20926720668121787,0.07033677296933107,0.004962150825582468,0.0,0.3682479682299862,818.0,816.0,807.0,797.0,787.0,780.0,769.0,764.0,753.0,744.0,733.0,716.0,682.0,653.0,567.0,381.0,112.0,6.0,0.0,615.0,15.0,17.0,26.0,36.0,46.0,53.0,64.0,69.0,80.0,89.0,100.0,117.0,151.0,180.0,266.0,452.0,721.0,827.0,833.0,218.0,572.0,574.0,583.0,593.0,603.0,610.0,621.0,626.0,637.0,646.0,657.0,674.0,708.0,737.0,823.0,1009.0,1278.0,1384.0,1390.0,775.0,0.09603841536614646,0.783628324205998,0.11764705882352941,0.8931572629051621,0.5352517985611511,1.0,0.0,0.0,-0.09721551835622748,0.6693657219973009,1.1313485113835378,0.11614012904549423,583.0194732092625,744,89,646,18,2,0,0,20.0,571,0.29239766081871343,0.39015606242497,0.23381294964028776,325,508,1065,1390,833,37,2
tagging_009_tagging_aria03_rgb,0.34376786374268936,0.7508683542687699,0.25812441009896386,0.34376786374268936,0.3435925414636089,0.3432549309485244,0.3432549309485244,0.34233905057130226,0.3382064016138052,0.3341928016231927,0.33036484428814594,0.3251799599001807,0.32332540014443306,0.31524153489676277,0.30489550553565203,0.2933636278960865,0.2757997189791285,0.2360621857554275,0.11548373819374491,0.02469320538341167,0.0011406921616206312,0.0,0.25969257547611796,0.4830917874396135,0.48166023166023164,0.47880539499036606,0.47880539499036606,0.4745437079731028,0.46749521988527726,0.46190476190476193,0.4549763033175355,0.4467483506126296,0.4426691729323308,0.4332399626517274,0.41866913123844735,0.4056776556776557,0.37298747763864043,0.3108454312553373,0.14296351451973194,0.024699599465954607,0.000651890482398957,0.0,0.3568649994019005,0.24462503237437933,0.2451018929723467,0.24607898919528035,0.24607898919528035,0.24696571375192128,0.24467323991168957,0.2417918970919517,0.23988266981315648,0.23669255001317474,0.23615675265134917,0.2293814834527492,0.22203994123200832,0.2121443391517156,0.20393576071382324,0.1792703058834909,0.09328599560526825,0.024686812956130053,0.001996007984031936,0.0,0.18919938810261824,0.9920634920634921,0.9900793650793651,0.9861111111111112,0.9861111111111112,0.9801587301587301,0.9702380952380952,0.9623015873015873,0.9523809523809523,0.9404761904761905,0.9345238095238095,0.9206349206349206,0.8988095238095238,0.878968253968254,0.8273809523809523,0.7222222222222222,0.38095238095238093,0.07341269841269842,0.001984126984126984,0.0,0.7578320802005012,0.48496605237633367,0.483996120271581,0.48205625606207564,0.48205625606207564,0.47914645974781767,0.4742967992240543,0.47041707080504364,0.4655674102812803,0.4597478176527643,0.4568380213385063,0.45004849660523766,0.4393792434529583,0.4296799224054316,0.40446168768186225,0.3530552861299709,0.18622696411251213,0.03588748787584869,0.0009699321047526673,0.0,0.37046301495737405,0.24624046920821116,0.2467177757274079,0.24769978620501107,0.24769978620501107,0.24862178003094812,0.24694251039986245,0.24478388809948504,0.24332029977191266,0.2408651645074675,0.24047595328671967,0.23506442343344455,0.22921535370798352,0.2209933383202152,0.21450464262021465,0.1933040078201368,0.11026851173020528,0.03049457081715146,0.002688172043010753,0.0,0.1942052859965473,0.9527251363158519,0.954559254825503,0.9583359362470598,0.9583359362470598,0.9604058466102723,0.9505234853801208,0.9426893549139951,0.9335102124563955,0.9239945151069969,0.9181758266419524,0.9037654332839782,0.8871063849539119,0.8672692363662444,0.826319263719645,0.7455835183499971,0.42787656206428953,0.13842751381941593,0.007692307692307693,0.0,0.7503839855260526,0.7508683542687699,0.7521850768757338,0.7547387950099697,0.7547387950099697,0.7579779621035029,0.7628695056222919,0.7664735615848924,0.7704612549964076,0.7747826566237397,0.7766663857871224,0.7805460130665915,0.7853874891161431,0.7888458870433982,0.7958053272102326,0.8051915995311868,0.8289947872686093,0.8656155749123732,0.9083375496378464,1.0,0.798972977666778,0.4926292356970621,0.4926158001666324,0.4926065625389668,0.4926065625389668,0.49200162640364065,0.48722817883169606,0.4823657599459638,0.4779745657839332,0.4718089737918152,0.4697809150364783,0.4595395563100549,0.44673438847422087,0.4318195680761035,0.4107706950647004,0.3598235660620804,0.18851398392517274,0.04257141710489647,0.001990058617641869,0.0,0.3785990218089487,500.0,499.0,497.0,497.0,494.0,489.0,485.0,480.0,474.0,471.0,464.0,453.0,443.0,417.0,364.0,192.0,37.0,1.0,0.0,381.94736842105266,4.0,5.0,7.0,7.0,10.0,15.0,19.0,24.0,30.0,33.0,40.0,51.0,61.0,87.0,140.0,312.0,467.0,503.0,504.0,122.05263157894737,531.0,532.0,534.0,534.0,537.0,542.0,546.0,551.0,557.0,560.0,567.0,578.0,588.0,614.0,667.0,839.0,994.0,1030.0,1031.0,649.0526315789474,-0.19642857142857142,0.7766663857871224,-0.1765873015873016,0.9345238095238095,0.4568380213385063,1.0,0.0,0.0,-0.40513915137751055,0.6136807817589577,0.9807355516637478,-0.17857142857142858,365.8098677057347,471,33,560,10,2,0,0,11.0,571,0.247557003257329,0.376984126984127,0.1842870999030068,190,314,841,1031,504,20,2
tagging_009_tagging_aria04_rgb,0.34785450497906456,0.7330202460642892,0.2549843948343254,0.34785450497906456,0.34785450497906456,0.3446126608583963,0.34287038226630884,0.3405386334895387,0.33816886356061976,0.33541754127054346,0.33203831427026714,0.32792725894098984,0.3250762126219323,0.318840780477596,0.3046867624197876,0.2729140629874048,0.2462005709078938,0.18166594929709148,0.08623745767202425,0.024679061028200867,0.001122008732443937,0.0,0.253616080566272,0.6312893081761006,0.6312893081761006,0.624902114330462,0.6198282591725215,0.6147859922178989,0.6072811773818745,0.6023166023166023,0.5949269792467333,0.5863914373088684,0.5803503427265804,0.5672205438066465,0.540460282108389,0.4779202279202279,0.4212328767123288,0.296875,0.12344342176502436,0.023680315737543166,0.00048216007714561236,0.0,0.44971980785163407,0.19167559955011287,0.19167559955011287,0.1900423815194555,0.1896656005848926,0.18862915285457627,0.18831174839784243,0.1867870262238588,0.18531592277599007,0.18338652359943775,0.1820875016910364,0.17922383877939393,0.17176844676115216,0.15584627187766847,0.14389836232267372,0.11116637350404518,0.0602454063521536,0.025719929581346557,0.0026109660574412533,0.0,0.14358192905174685,0.9938118811881188,0.9938118811881188,0.9876237623762376,0.9826732673267327,0.9777227722772277,0.9702970297029703,0.9653465346534653,0.9579207920792079,0.9492574257425742,0.943069306930693,0.9294554455445545,0.900990099009901,0.8304455445544554,0.7611386138613861,0.5878712871287128,0.28217821782178215,0.0594059405940594,0.0012376237623762376,0.0,0.7407503908285565,0.6337805840568271,0.6337805840568271,0.6298342541436464,0.6266771902131019,0.6235201262825573,0.6187845303867403,0.6156274664561957,0.6108918705603789,0.6053670086819258,0.601420678768745,0.5927387529597474,0.574585635359116,0.5295974743488555,0.48539857932123126,0.3749013417521705,0.17995264404104183,0.037884767166535126,0.0007892659826361484,0.0,0.47239646076517255,0.1923366087461257,0.1923366087461257,0.19096033112653607,0.19070608192708152,0.18982426530461172,0.1896504614173787,0.1883469056100635,0.18713255891550465,0.18552498563203293,0.1844142360346256,0.18198422123854882,0.17544208754735072,0.1610286763349749,0.15007230079887335,0.11910199396071973,0.06795854025770923,0.02979927295716769,0.003003003003003003,0.0,0.14629595471360174,0.9813381545124437,0.9813381545124437,0.9753138068671182,0.9729992728773922,0.9683045073182716,0.9637363325663363,0.9590902418309123,0.9521978073822039,0.9459511269293411,0.9399107038063643,0.9285854427326709,0.9018712408636967,0.838289792124637,0.777706873290912,0.6197196212392647,0.33408833067145244,0.1480387675083635,0.0196078431372549,0.0,0.7477941063247937,0.7330202460642892,0.7330202460642892,0.7368550710754813,0.7396278674727355,0.7423101147316777,0.7459177508000678,0.748055163952641,0.7510057895307439,0.7539857846145115,0.7558544650079162,0.759184135568176,0.7649072147682062,0.7768148533640725,0.7858976344349218,0.8028698476233979,0.8311921135558332,0.8666648817246215,0.9358338548409901,1.0,0.7875272123786617,0.4364510146245031,0.4364510146245031,0.43323246859761677,0.4317167073744581,0.4294496690664475,0.4274556469724076,0.4246342055033108,0.42132882114859616,0.4172301754522102,0.4143924878910175,0.40814283397470913,0.3933975976720084,0.3597524733983522,0.330948032227423,0.25563943177306253,0.13038382336931134,0.03908857389049727,0.0017976077535010512,0.0,0.3258680308059966,803.0,803.0,798.0,794.0,790.0,784.0,780.0,774.0,767.0,762.0,751.0,728.0,671.0,615.0,475.0,228.0,48.0,1.0,0.0,598.5263157894736,5.0,5.0,10.0,14.0,18.0,24.0,28.0,34.0,41.0,46.0,57.0,80.0,137.0,193.0,333.0,580.0,760.0,807.0,808.0,209.47368421052633,464.0,464.0,469.0,473.0,477.0,483.0,487.0,493.0,500.0,505.0,516.0,539.0,596.0,652.0,792.0,1039.0,1219.0,1266.0,1267.0,668.4736842105264,0.30198019801980197,0.7558544650079162,0.3180693069306931,0.943069306930693,0.601420678768745,1.0,0.0,0.0,0.07173403754459422,0.7344578313253012,0.8844133099824869,0.31669066416793706,575.9611023360321,762,46,505,13,2,0,0,15.0,571,0.18602409638554218,0.23886138613861385,0.15232833464877663,193,615,1074,1267,808,28,2
tagging_010_tagging_aria01_rgb,0.28250414037568483,0.7612698848625816,0.2150618944170002,0.28250414037568483,0.2816376574184153,0.27981102815448516,0.27734758847515234,0.2755766024814337,0.2734090503736729,0.2722795816485451,0.2697174496728481,0.2675422397704686,0.26667656186040695,0.2631421067122938,0.25922265991046345,0.250893682336892,0.23923881210813513,0.20221195174614964,0.1497077354738462,0.06413247914444765,0.010708840690443887,0.0015761033433146544,0.22038611956300516,0.5257847533632287,0.5189732142857143,0.5105438401775805,0.5055309734513275,0.4988986784140969,0.4923245614035088,0.4890590809628009,0.48257080610021785,0.4761388286334056,0.47294372294372294,0.46344086021505376,0.45250800426894344,0.4281217208814271,0.40309278350515465,0.33170254403131116,0.23727272727272727,0.09141940657578188,0.011144130757800892,0.0007352941176470588,0.38906347007165537,0.1517894705369487,0.15283981502841903,0.1533545316101303,0.1521601818140397,0.15222021448646972,0.15183583084526736,0.1515893957776151,0.15074990392791712,0.15033189010617268,0.15036966386410802,0.14941230752258775,0.14849767689660204,0.14703210971629097,0.1419901609778625,0.1232721128154126,0.09445841634780773,0.04499017260414586,0.010290553065615389,0.0033783783783783786,0.1252927782274627,0.9832285115303984,0.9748427672955975,0.9643605870020965,0.9580712788259959,0.949685534591195,0.9412997903563941,0.9371069182389937,0.9287211740041929,0.9203354297693921,0.9161425576519916,0.9035639412997903,0.8888888888888888,0.8553459119496856,0.8197064989517819,0.710691823899371,0.5471698113207547,0.2389937106918239,0.031446540880503145,0.0020964360587002098,0.7616683217477657,0.5305429864253394,0.5260180995475113,0.5203619909502263,0.5169683257918553,0.5124434389140271,0.5079185520361991,0.505656108597285,0.501131221719457,0.49660633484162897,0.49434389140271495,0.48755656108597284,0.4796380090497738,0.46153846153846156,0.4423076923076923,0.3834841628959276,0.29524886877828055,0.12895927601809956,0.016968325791855202,0.0011312217194570137,0.4109907120743034,0.15238152316892795,0.15343766203446316,0.15401974219883413,0.1530175840836513,0.15314507761412433,0.15288415186363863,0.15269615050512253,0.15201513051456533,0.1516993541876941,0.15177859255171144,0.15105384543908032,0.15034239640945563,0.14942771554448153,0.14509052014376633,0.12833996816914067,0.1010573329352286,0.050139585308817694,0.011611764566528078,0.0038022813688212928,0.12726001992673963,0.9541952883314755,0.9563393226508748,0.9548755098426225,0.9488882283399587,0.9429816958722937,0.9389618027092386,0.9368759859698094,0.9292810288508094,0.9235016085299993,0.9222380926334192,0.9138107035295376,0.9020279781041987,0.8864187221713703,0.8558907215587191,0.7570622510109101,0.6207848689487487,0.3100656479253806,0.08290761093658286,0.029411764705882353,0.7771852017169385,0.7612698848625816,0.7672182640592802,0.7740871541598962,0.7779629646341671,0.782844632449426,0.7874496155800054,0.7895702597121094,0.7932693489391206,0.7965741442495847,0.7980871641420908,0.8019380831869178,0.8057440215062921,0.8125526485520487,0.8183527317798209,0.8321720396649369,0.8483890523083905,0.8766847529962135,0.9228872556048887,0.9663528609312169,0.8164950989115257,0.38632076721557607,0.38599843035335163,0.3845634747645398,0.3818118646362015,0.38021222464588034,0.3780516310548588,0.37690246949956696,0.37417192272664507,0.3719620473770267,0.37116040797172073,0.367428324253596,0.3633152006442915,0.354631236598198,0.34116016435211716,0.2959873015734199,0.22734289927483384,0.10369362707192019,0.017988949320648533,0.0026613068692590814,0.30870338158966587,469.0,465.0,460.0,457.0,453.0,449.0,447.0,443.0,439.0,437.0,431.0,424.0,408.0,391.0,339.0,261.0,114.0,15.0,1.0,363.3157894736842,8.0,12.0,17.0,20.0,24.0,28.0,30.0,34.0,38.0,40.0,46.0,53.0,69.0,86.0,138.0,216.0,363.0,462.0,476.0,113.6842105263158,415.0,419.0,424.0,427.0,431.0,435.0,437.0,441.0,445.0,447.0,453.0,460.0,476.0,493.0,545.0,623.0,770.0,869.0,883.0,520.6842105263158,-0.05450733752620545,0.7974185995661496,-0.012578616352201259,0.9203354297693921,0.49660633484162897,1.0,0.0,0.0,-0.2409501777577785,0.6451138868479059,1.0570071258907363,-0.015306142548561805,350.06676520953965,439,38,445,20,2,0,0,17.0,421,0.16164584864070536,0.23060796645702306,0.1244343891402715,110,367,774,884,477,38,2
tagging_010_tagging_aria03_rgb,0.301723460900279,0.7658930605242751,0.23108790490089115,0.301723460900279,0.30128449724248396,0.30036197889678584,0.3001528364066571,0.2972206396530216,0.2948676086600807,0.2930403938342501,0.2930403938342501,0.28979608921670313,0.28497336489799785,0.28135480438466104,0.2770399573937002,0.2698713826037914,0.24784590046096378,0.20768152118920052,0.13981401879247526,0.04469206326256735,0.006997051954866456,0.0,0.23325041913603867,0.720253164556962,0.718078381795196,0.7137452711223203,0.7115869017632241,0.7008760951188986,0.6881987577639752,0.6777777777777778,0.6777777777777778,0.6695331695331695,0.6552984165651644,0.6393244873341375,0.6275449101796408,0.6101895734597157,0.5531428571428572,0.4426751592356688,0.27605633802816903,0.07515822784810126,0.005177514792899409,0.0,0.5348628832524029,0.1263958998550744,0.1264100836063682,0.1263998824467615,0.1266067784268166,0.12604240499993802,0.126339819210679,0.12669738553553964,0.12669738553553964,0.12543332749869804,0.1239279947095855,0.12381901134495149,0.12230381722119693,0.11935727242197822,0.1110519454099023,0.09743400627659388,0.0708114872150044,0.026575673427294385,0.009456030164557693,0.0,0.10219790554244632,0.9793459552495697,0.9776247848537005,0.9741824440619621,0.9724612736660929,0.963855421686747,0.9535283993115319,0.9449225473321858,0.9449225473321858,0.9380378657487092,0.9259896729776248,0.9122203098106713,0.9018932874354562,0.8864027538726333,0.8330464716006885,0.7177280550774526,0.5060240963855421,0.16351118760757316,0.012048192771084338,0.0,0.7635655403569165,0.7313624678663239,0.7300771208226221,0.7275064267352185,0.7262210796915167,0.7197943444730077,0.712082262210797,0.705655526992288,0.705655526992288,0.7005141388174807,0.6915167095115681,0.6812339331619537,0.6735218508997429,0.6619537275064268,0.622107969151671,0.5359897172236504,0.37789203084832906,0.12210796915167095,0.008997429305912597,0.0,0.5702205384927614,0.12763396326485552,0.12765578074298428,0.1276647651545848,0.12787370211129134,0.12739767589906997,0.12773605672663554,0.12812717084762912,0.12812717084762912,0.1270186809314056,0.12571884061360436,0.12567020608859708,0.12436798335323405,0.12175267196200534,0.11416722007293147,0.10137463377882194,0.07560027156415898,0.029859177540648877,0.010859648406116806,0.0,0.10413713788980022,0.9253928701283954,0.9236109913786215,0.9223940054187649,0.9231416054283557,0.9180930578332611,0.9140422557471543,0.9071901312097521,0.9071901312097521,0.8995515891723664,0.8907317038382759,0.8837513744871413,0.8760140464753964,0.8603591371121846,0.8108496293875418,0.7232343854067381,0.5495379422659754,0.21037098162543905,0.06796736289823847,0.0,0.7428117474222818,0.7658930605242751,0.7670881560273545,0.7693632271751725,0.7704308658195546,0.7753011429033015,0.7806755370093155,0.7848114711526616,0.7848114711526616,0.787360232620559,0.7915442399475647,0.7957112055632737,0.7981498391236159,0.8011478314716907,0.8088936072828387,0.8215247631770713,0.839317596598961,0.8703346343964186,0.9057812372933916,1.0,0.8114810589073516,0.3518313705217271,0.3515417909566571,0.35090817375936234,0.3508848657376133,0.3485493586590384,0.34708587637826327,0.34600464777307566,0.34600464777307566,0.34301779956824047,0.3387566136533749,0.3360806702111008,0.33212195317312354,0.32526699028577677,0.3041569188562236,0.26444492777004447,0.1892942651843657,0.06591979917724211,0.01067370948975938,0.0,0.27908128310147706,569.0,568.0,566.0,565.0,560.0,554.0,549.0,549.0,545.0,538.0,530.0,524.0,515.0,484.0,417.0,294.0,95.0,7.0,0.0,443.63157894736844,12.0,13.0,15.0,16.0,21.0,27.0,32.0,32.0,36.0,43.0,51.0,57.0,66.0,97.0,164.0,287.0,486.0,574.0,581.0,137.3684210526316,209.0,210.0,212.0,213.0,218.0,224.0,229.0,229.0,233.0,240.0,248.0,254.0,263.0,294.0,361.0,484.0,683.0,771.0,778.0,334.36842105263156,0.4802065404475043,0.7915442399475647,0.5129087779690189,0.9259896729776248,0.6915167095115681,1.0,0.0,0.0,0.28717865936624754,0.7917586460632818,0.5700712589073634,0.5107078251274478,425.85080109178983,538,43,240,19,2,0,0,17.0,421,0.16335540838852097,0.19104991394148021,0.14267352185089974,111,470,667,778,581,30,2
tagging_010_tagging_aria04_rgb,0.29110737478315313,0.7617360187142795,0.22174697268568472,0.29110737478315313,0.29057026800150837,0.28984515250597925,0.285051701854986,0.28083449775947844,0.27624205605007085,0.2729125164123789,0.2700312304295526,0.2689573234478503,0.26573403097654275,0.26040244412735275,0.25312472078152654,0.24675026849647316,0.23417574343342173,0.21090564262418535,0.15694467594808997,0.04619976217342622,0.005732266953294352,0.0,0.2213432461452248,0.5731939163498099,0.5702087286527514,0.5672348484848485,0.5569143932267169,0.5481758652946679,0.5395348837209303,0.5324074074074074,0.5267527675276753,0.5239410681399632,0.5155677655677655,0.5018148820326679,0.484304932735426,0.46850044365572313,0.44038294168842473,0.38725901089689857,0.27405696689761355,0.0684312459651388,0.00424757281553398,0.0,0.42541734952947163,0.14784438779950648,0.14807048086751698,0.14810481523766675,0.1459011900547982,0.14387356344012628,0.14143603283720388,0.13989520164121727,0.13842711401315444,0.1380652257190641,0.13696468230762712,0.13512838167100177,0.13229707141085045,0.12995867096301697,0.12452407580172438,0.11486160125157935,0.08987777828561185,0.031190693590008426,0.007735920218638955,0.0,0.11548194142685861,0.9836867862969005,0.9804241435562806,0.9771615008156607,0.965742251223491,0.9559543230016313,0.9461663947797716,0.9380097879282219,0.9314845024469821,0.9282218597063622,0.9184339314845025,0.9021207177814029,0.8809135399673735,0.8613376835236541,0.8254486133768353,0.7536704730831973,0.5807504078303426,0.1729200652528548,0.011419249592169658,0.0,0.7638876964025071,0.5786948176583493,0.5767754318618042,0.5748560460652591,0.5681381957773513,0.5623800383877159,0.5566218809980806,0.5518234165067178,0.5479846449136276,0.5460652591170825,0.5403071017274472,0.5307101727447217,0.5182341650671785,0.5067178502879078,0.4856046065259117,0.44337811900191937,0.3416506717850288,0.1017274472168906,0.0067178502879078695,0.0,0.44938882715425804,0.15659704345624403,0.15685837500019778,0.156935628572043,0.15475982028323818,0.15279252262600648,0.15038355994908226,0.14880337993016113,0.14727990749697528,0.14702665284839317,0.1459975790133658,0.1442321416650942,0.14150881018478495,0.139338031586724,0.13433959769017145,0.12559087802776744,0.10170860924579125,0.03748219968648611,0.009048215983895071,0.0,0.12372015543402219,0.7919900914036846,0.7912978787294872,0.7875403869500642,0.7810427861386234,0.7749607250066809,0.769396215172197,0.7660512883891648,0.7633497568524568,0.7625221302550682,0.7545193544313319,0.7432385448796713,0.7283348290469522,0.7151202597732743,0.6862778096406147,0.6279757815070866,0.48965881911404335,0.18609576429490687,0.07522596363526987,0.0,0.6312946518537145,0.7617360187142795,0.7639908672429259,0.7661115335214563,0.7729917037218185,0.7785772366695141,0.7838720117240323,0.7878617408404743,0.790843131603899,0.7921186137279025,0.7955572537821769,0.8002543572033086,0.8055046917540309,0.8096651381635127,0.8155323162896776,0.8237590911136438,0.8376953778180267,0.8708438715425474,0.9135188984322747,1.0,0.8142333607297632,0.3813562254723649,0.3810142705864204,0.3804238735090959,0.3753704087161204,0.3708592117451556,0.36581692317541925,0.3622472476412403,0.35908593876914036,0.3579876542252936,0.3546731053326709,0.34914483050115963,0.3413828957400307,0.334571816806344,0.32060602879946803,0.29422405978160826,0.2284656569251803,0.07344043008361305,0.009398851195851007,0.0,0.29684575942137775,603.0,601.0,599.0,592.0,586.0,580.0,575.0,571.0,569.0,563.0,553.0,540.0,528.0,506.0,462.0,356.0,106.0,7.0,0.0,468.2631578947368,10.0,12.0,14.0,21.0,27.0,33.0,38.0,42.0,44.0,50.0,60.0,73.0,85.0,107.0,151.0,257.0,507.0,606.0,613.0,144.73684210526315,439.0,441.0,443.0,450.0,456.0,462.0,467.0,471.0,473.0,479.0,489.0,502.0,514.0,536.0,580.0,686.0,936.0,1035.0,1042.0,573.7368421052631,0.12071778140293637,0.7953921545794836,0.14355628058727568,0.9216965742251223,0.5422264875239923,1.0,0.0,0.0,-0.06786856878073691,0.6827794561933535,1.1330166270783848,0.14168657742956242,449.39656733740827,565,48,477,14,2,0,0,16.0,421,0.15347432024169183,0.20717781402936378,0.1218809980806142,127,486,915,1042,613,34,2
COMBINED,0.5566686454068233,0.7588646273880875,0.4224361441752803,0.5566686454068233,0.5561077133491367,0.5551452773531803,0.5536453343403988,0.5518749266240396,0.5498120544148121,0.5476465714813795,0.5450453744627654,0.541340801267227,0.5362368655226482,0.5269213171981443,0.5105378711853998,0.4829581998811385,0.43156939689382656,0.3488731262745602,0.2206470706833783,0.07543697478058216,0.011311532963293286,0.0011472228679102216,0.4264698040500339,0.6798572580842275,0.677765843179377,0.6751282644990677,0.6712382064001556,0.6669819787043101,0.662124088562135,0.6573343943668765,0.651718336938236,0.6439155653889852,0.6335417013286431,0.6180621770196937,0.5940254197977549,0.554809008336444,0.485320337572804,0.3744775313481191,0.21554270352487576,0.06611236931095461,0.007483417011763843,0.0003274846991871102,0.5018824255828216,0.4558015334752469,0.4562870672202909,0.456485523082355,0.4566533211522221,0.4566329291654082,0.45655081940349684,0.4562620940353805,0.45583259421379474,0.4551060400902311,0.45387695133961053,0.44922029666439295,0.43878411466509604,0.4204124650603807,0.38377156264827056,0.3250193884755125,0.2258723167380936,0.08607673909371223,0.017097908318958233,0.004018875727394461,0.36367171266157095,0.9656644910429107,0.9638939036244966,0.9616546313012082,0.9583391195667268,0.9546937925288155,0.9505103457853076,0.9463616164421608,0.9414664629912513,0.9346097764199417,0.92539230662408,0.911418552978753,0.8891820580474934,0.8514268851548396,0.7796313012081655,0.6500833217608666,0.42310095820024995,0.14796556033884184,0.01772323288432162,0.0007811415081238717,0.7459947083372923,0.6966987275824066,0.6954213004708947,0.6938057308886885,0.6914136860034065,0.6887836890091174,0.6857654543632903,0.682772267307885,0.679240557058411,0.6742936579501052,0.6676435226931169,0.6575618675483419,0.6415188858831781,0.6142796312994689,0.5624812143071837,0.46901613064823167,0.30525498447049393,0.10675283037771767,0.012786794910329627,0.000563570784490532,0.53821339492404,0.46099549522196426,0.46150121943514477,0.46179637874994617,0.4620788706164821,0.46223155469925664,0.46233497715161914,0.462316879877538,0.46222224089354236,0.46199590204650604,0.4616028714810769,0.4590975741668599,0.45303480915151956,0.4415614105396759,0.4164163923578954,0.37213815985697646,0.28662958952232026,0.12880536208067045,0.0275026476783701,0.005896415122075192,0.37948203950786524,0.9500801198313423,0.950217218351228,0.9495156544390981,0.9480329178887805,0.945775926979206,0.9433396589241647,0.9407223166130361,0.9378039715906757,0.9339107497917756,0.9281990301830518,0.9182034862861455,0.9014289685655034,0.8723108538707349,0.8145904748501377,0.7128301815325453,0.5247834125398141,0.24093484267169335,0.058854453243583855,0.01721269777111631,0.762565628206507,0.7588646273880875,0.760112747367701,0.7615864651530737,0.7636051059841468,0.76565507883544,0.7678107757110535,0.7697487498973168,0.771795294634499,0.7743325635825787,0.7772995438397784,0.7811227991675934,0.7862272014286058,0.7932761143401565,0.803938123849027,0.8191310078430349,0.8417884278742083,0.8742109846319288,0.9161023486202657,0.9613570903823125,0.8025244763437268,0.6634390370184381,0.6631834756659271,0.662556727680054,0.6615351402157276,0.6602610263664406,0.6587535785252201,0.6571064851548856,0.6550962526152837,0.6521859814317508,0.6480850553157876,0.6398653864326052,0.6246270584248311,0.5982896251871895,0.5469920682735374,0.45966257591503645,0.30913879349379264,0.11285562871271164,0.017407762951386855,0.0017718099916919226,0.5206743931248576,55630.0,55528.0,55399.0,55208.0,54998.0,54757.0,54518.0,54236.0,53841.0,53310.0,52505.0,51224.0,49049.0,44913.0,37450.0,24374.0,8524.0,1021.0,45.0,42975.26315789474,1978.0,2080.0,2209.0,2400.0,2610.0,2851.0,3090.0,3372.0,3767.0,4298.0,5103.0,6384.0,8559.0,12695.0,20158.0,33234.0,49084.0,56587.0,57563.0,14632.736842105263,24218.0,24320.0,24449.0,24640.0,24850.0,25091.0,25330.0,25612.0,26007.0,26538.0,27343.0,28624.0,30799.0,34935.0,42398.0,55474.0,71324.0,78827.0,79803.0,36872.73684210526,0.4551104013331482,0.7771146194401759,0.46785168726565757,0.9269545896403277,0.668770664262098,0.9030303030303031,0.09696969696969697,0.0,0.24850577485948816,0.7769759050168781,0.8007993459896449,0.46780194250694496,41497.920678105394,53400,4208,26448,734,149,16,0,887.0,33027,0.44632464206727973,0.5324781280377725,0.3841674180943793,30675,26933,49173,79848,57608,1371,165
