seq,HOTA(0),LocA(0),HOTALocA(0),HOTA___5,HOTA___10,HOTA___15,HOTA___20,HOTA___25,HOTA___30,HOTA___35,HOTA___40,HOTA___45,HOTA___50,HOTA___55,HOTA___60,HOTA___65,HOTA___70,HOTA___75,HOTA___80,HOTA___85,HOTA___90,HOTA___95,HOTA___AUC,DetA___5,DetA___10,DetA___15,DetA___20,DetA___25,DetA___30,DetA___35,DetA___40,DetA___45,DetA___50,DetA___55,DetA___60,DetA___65,DetA___70,DetA___75,DetA___80,DetA___85,DetA___90,DetA___95,DetA___AUC,AssA___5,AssA___10,AssA___15,AssA___20,AssA___25,AssA___30,AssA___35,AssA___40,AssA___45,AssA___50,AssA___55,AssA___60,AssA___65,AssA___70,AssA___75,AssA___80,AssA___85,AssA___90,AssA___95,AssA___AUC,DetRe___5,DetRe___10,DetRe___15,DetRe___20,DetRe___25,DetRe___30,DetRe___35,DetRe___40,DetRe___45,DetRe___50,DetRe___55,DetRe___60,DetRe___65,DetRe___70,DetRe___75,DetRe___80,DetRe___85,DetRe___90,DetRe___95,DetRe___AUC,DetPr___5,DetPr___10,DetPr___15,DetPr___20,DetPr___25,DetPr___30,DetPr___35,DetPr___40,DetPr___45,DetPr___50,DetPr___55,DetPr___60,DetPr___65,DetPr___70,DetPr___75,DetPr___80,DetPr___85,DetPr___90,DetPr___95,DetPr___AUC,AssRe___5,AssRe___10,AssRe___15,AssRe___20,AssRe___25,AssRe___30,AssRe___35,AssRe___40,AssRe___45,AssRe___50,AssRe___55,AssRe___60,AssRe___65,AssRe___70,AssRe___75,AssRe___80,AssRe___85,AssRe___90,AssRe___95,AssRe___AUC,AssPr___5,AssPr___10,AssPr___15,AssPr___20,AssPr___25,AssPr___30,AssPr___35,AssPr___40,AssPr___45,AssPr___50,AssPr___55,AssPr___60,AssPr___65,AssPr___70,AssPr___75,AssPr___80,AssPr___85,AssPr___90,AssPr___95,AssPr___AUC,LocA___5,LocA___10,LocA___15,LocA___20,LocA___25,LocA___30,LocA___35,LocA___40,LocA___45,LocA___50,LocA___55,LocA___60,LocA___65,LocA___70,LocA___75,LocA___80,LocA___85,LocA___90,LocA___95,LocA___AUC,OWTA___5,OWTA___10,OWTA___15,OWTA___20,OWTA___25,OWTA___30,OWTA___35,OWTA___40,OWTA___45,OWTA___50,OWTA___55,OWTA___60,OWTA___65,OWTA___70,OWTA___75,OWTA___80,OWTA___85,OWTA___90,OWTA___95,OWTA___AUC,HOTA_TP___5,HOTA_TP___10,HOTA_TP___15,HOTA_TP___20,HOTA_TP___25,HOTA_TP___30,HOTA_TP___35,HOTA_TP___40,HOTA_TP___45,HOTA_TP___50,HOTA_TP___55,HOTA_TP___60,HOTA_TP___65,HOTA_TP___70,HOTA_TP___75,HOTA_TP___80,HOTA_TP___85,HOTA_TP___90,HOTA_TP___95,HOTA_TP___AUC,HOTA_FN___5,HOTA_FN___10,HOTA_FN___15,HOTA_FN___20,HOTA_FN___25,HOTA_FN___30,HOTA_FN___35,HOTA_FN___40,HOTA_FN___45,HOTA_FN___50,HOTA_FN___55,HOTA_FN___60,HOTA_FN___65,HOTA_FN___70,HOTA_FN___75,HOTA_FN___80,HOTA_FN___85,HOTA_FN___90,HOTA_FN___95,HOTA_FN___AUC,HOTA_FP___5,HOTA_FP___10,HOTA_FP___15,HOTA_FP___20,HOTA_FP___25,HOTA_FP___30,HOTA_FP___35,HOTA_FP___40,HOTA_FP___45,HOTA_FP___50,HOTA_FP___55,HOTA_FP___60,HOTA_FP___65,HOTA_FP___70,HOTA_FP___75,HOTA_FP___80,HOTA_FP___85,HOTA_FP___90,HOTA_FP___95,HOTA_FP___AUC,MOTA,MOTP,MODA,CLR_Re,CLR_Pr,MTR,PTR,MLR,sMOTA,CLR_F1,FP_per_frame,MOTAL,MOTP_sum,CLR_TP,CLR_FN,CLR_FP,IDSW,MT,PT,ML,Frag,CLR_Frames,IDF1,IDR,IDP,IDTP,IDFN,IDFP,Dets,GT_Dets,IDs,GT_IDs
fencing_001_fencing_aria01_rgb,0.8549217751290973,0.937417517313789,0.8014186479390157,0.8549217751290973,0.8549217751290973,0.8549217751290973,0.8549217751290973,0.8549217751290973,0.8549217751290973,0.8549217751290973,0.8549217751290973,0.8549217751290973,0.8549217751290973,0.8517555354877826,0.8517555354877826,0.8481946803113782,0.8440947415202259,0.8331208184947075,0.8148052925731638,0.7965315475156097,0.7279195177185244,0.3860913458812733,0.8159729876990222,1.0,1.0,1.0,1.0,1.0,1.0,1.0,1.0,1.0,1.0,0.9949022939677146,0.9949022939677146,0.9881456392887383,0.9814345991561182,0.9615705931495405,0.930921052631579,0.8996763754045307,0.7951070336391437,0.34555873925501435,0.9416957168663208,0.7308912415898867,0.7308912415898867,0.7308912415898867,0.7308912415898867,0.7308912415898867,0.7308912415898867,0.7308912415898867,0.7308912415898867,0.7308912415898867,0.7308912415898867,0.729204763757055,0.729204763757055,0.7280649603699774,0.7259739296686026,0.7218297888414611,0.7131728978826597,0.7052119223452235,0.666409428992735,0.43137825912255506,0.7083875331913784,1.0,1.0,1.0,1.0,1.0,1.0,1.0,1.0,1.0,1.0,0.9974446337308348,0.9974446337308348,0.9940374787052811,0.9906303236797275,0.9804088586030665,0.9642248722316865,0.9471890971039182,0.8858603066439523,0.5136286201022147,0.9616246749753429,1.0,1.0,1.0,1.0,1.0,1.0,1.0,1.0,1.0,1.0,0.9974446337308348,0.9974446337308348,0.9940374787052811,0.9906303236797275,0.9804088586030665,0.9642248722316865,0.9471890971039182,0.8858603066439523,0.5136286201022147,0.9616246749753429,0.7308912415898867,0.7308912415898867,0.7308912415898867,0.7308912415898867,0.7308912415898867,0.7308912415898867,0.7308912415898867,0.7308912415898867,0.7308912415898867,0.7308912415898867,0.7299603715742427,0.7299603715742427,0.729549223781986,0.728372941736107,0.7263416135601033,0.721467746796326,0.717468298709988,0.6972297982353214,0.5528395757427182,0.7180053872426265,1.0,1.0,1.0,1.0,1.0,1.0,1.0,1.0,1.0,1.0,0.9974624862754666,0.9974624862754666,0.9941195728605305,0.9908346656332019,0.9811100431390168,0.9663258016686691,0.9503188038896748,0.8945992713018601,0.6120277101946167,0.9675926758546581,0.937417517313789,0.937417517313789,0.937417517313789,0.937417517313789,0.937417517313789,0.937417517313789,0.937417517313789,0.937417517313789,0.937417517313789,0.937417517313789,0.9384836441590683,0.9384836441590683,0.939502645162914,0.9404289848492569,0.9426120410624002,0.9453970305694304,0.9474375228399031,0.9522040591039256,0.9676622748513599,0.9413887905208009,0.8549217751290973,0.8549217751290973,0.8549217751290973,0.8549217751290973,0.8549217751290973,0.8549217751290973,0.8549217751290973,0.8549217751290973,0.8549217751290973,0.8549217751290973,0.8528431148226711,0.8528431148226711,0.8507196115876445,0.8480399689464239,0.841242128868823,0.8292521005942699,0.8172937317715648,0.768339548063176,0.47071033553047625,0.8252895476999313,1174.0,1174.0,1174.0,1174.0,1174.0,1174.0,1174.0,1174.0,1174.0,1174.0,1171.0,1171.0,1167.0,1163.0,1151.0,1132.0,1112.0,1040.0,603.0,1128.9473684210527,0.0,0.0,0.0,0.0,0.0,0.0,0.0,0.0,0.0,0.0,3.0,3.0,7.0,11.0,23.0,42.0,62.0,134.0,571.0,45.05263157894737,0.0,0.0,0.0,0.0,0.0,0.0,0.0,0.0,0.0,0.0,3.0,3.0,7.0,11.0,23.0,42.0,62.0,134.0,571.0,45.05263157894737,0.9982964224872232,0.937417517313789,1.0,1.0,1.0,1.0,0.0,0.0,0.9357139398010121,1.0,0.0,0.9997435860343576,1100.5281653263883,1174,0,0,2,2,0,0,2.0,601,0.7802385008517888,0.7802385008517888,0.7802385008517888,916,258,258,1174,1174,4,2
fencing_001_fencing_aria02_rgb,1.0,0.9485456767362612,0.9485456767362612,1.0,1.0,1.0,1.0,1.0,1.0,1.0,1.0,1.0,1.0,1.0,1.0,1.0,0.9933665008291874,0.9900662251655629,0.9900662251655629,0.9640522875816994,0.8664596273291926,0.41411764705882353,0.9588488691121066,1.0,1.0,1.0,1.0,1.0,1.0,1.0,1.0,1.0,1.0,1.0,1.0,1.0,0.9933665008291874,0.9900662251655629,0.9900662251655629,0.9640522875816994,0.8664596273291926,0.41411764705882353,0.9588488691121066,1.0,1.0,1.0,1.0,1.0,1.0,1.0,1.0,1.0,1.0,1.0,1.0,1.0,0.9933665008291874,0.9900662251655629,0.9900662251655629,0.9640522875816994,0.8664596273291926,0.41411764705882353,0.9588488691121066,1.0,1.0,1.0,1.0,1.0,1.0,1.0,1.0,1.0,1.0,1.0,1.0,1.0,0.9966722129783694,0.9950083194675541,0.9950083194675541,0.9816971713810316,0.9284525790349417,0.5856905158069884,0.9727646904282338,1.0,1.0,1.0,1.0,1.0,1.0,1.0,1.0,1.0,1.0,1.0,1.0,1.0,0.9966722129783694,0.9950083194675541,0.9950083194675541,0.9816971713810316,0.9284525790349417,0.5856905158069884,0.9727646904282338,1.0,1.0,1.0,1.0,1.0,1.0,1.0,1.0,1.0,1.0,1.0,1.0,1.0,0.9966722129783694,0.9950083194675542,0.9950083194675542,0.9816971713810316,0.9284525790349417,0.5856905158069884,0.9727646904282338,1.0,1.0,1.0,1.0,1.0,1.0,1.0,1.0,1.0,1.0,1.0,1.0,1.0,0.9966722129783694,0.9950083194675542,0.9950083194675542,0.9816971713810316,0.9284525790349417,0.5856905158069884,0.9727646904282338,0.9485456767362612,0.9485456767362612,0.9485456767362612,0.9485456767362612,0.9485456767362612,0.9485456767362612,0.9485456767362612,0.9485456767362612,0.9485456767362612,0.9485456767362612,0.9485456767362612,0.9485456767362612,0.9485456767362612,0.9494725886239525,0.9498195804719357,0.9498195804719357,0.9513596661253533,0.9552707199326435,0.9686303612485219,0.9502876997076704,1.0,1.0,1.0,1.0,1.0,1.0,1.0,1.0,1.0,1.0,1.0,1.0,1.0,0.9950179840987827,0.9925341963194879,0.9925341963194879,0.9728347258308407,0.8969206629482026,0.49248835347717485,0.9653857957365249,601.0,601.0,601.0,601.0,601.0,601.0,601.0,601.0,601.0,601.0,601.0,601.0,601.0,599.0,598.0,598.0,590.0,558.0,352.0,584.6315789473684,0.0,0.0,0.0,0.0,0.0,0.0,0.0,0.0,0.0,0.0,0.0,0.0,0.0,2.0,3.0,3.0,11.0,43.0,249.0,16.36842105263158,0.0,0.0,0.0,0.0,0.0,0.0,0.0,0.0,0.0,0.0,0.0,0.0,0.0,2.0,3.0,3.0,11.0,43.0,249.0,16.36842105263158,1.0,0.9485456767362612,1.0,1.0,1.0,1.0,0.0,0.0,0.9485456767362612,1.0,0.0,1.0,570.075951718493,601,0,0,0,1,0,0,0.0,601,1.0,1.0,1.0,601,0,0,601,601,1,1
fencing_001_fencing_aria03_rgb,0.8214721796830377,0.9060619452402212,0.7443046810843377,0.8214721796830377,0.8214721796830377,0.8214721796830377,0.8214721796830377,0.8214721796830377,0.8214721796830377,0.8214721796830377,0.8214721796830377,0.8214721796830377,0.8210924224177778,0.8210924224177778,0.8188850702159727,0.8157110200991969,0.8042196827206305,0.795628413297273,0.7624032829360652,0.6789132922135183,0.4344274305395828,0.08205701608413793,0.7488252457941722,0.995483288166215,0.995483288166215,0.995483288166215,0.995483288166215,0.995483288166215,0.995483288166215,0.995483288166215,0.995483288166215,0.995483288166215,0.9936823104693141,0.9936823104693141,0.9900900900900901,0.9865107913669064,0.9653024911032029,0.9531388152077808,0.909248055315471,0.803265306122449,0.49055330634278005,0.09032576505429418,0.9018499386861861,0.6778783230367272,0.6778783230367272,0.6778783230367272,0.6778783230367272,0.6778783230367272,0.6778783230367272,0.6778783230367272,0.6778783230367272,0.6778783230367272,0.678479187008446,0.678479187008446,0.6772845874677947,0.6744827062553646,0.670017226761848,0.6641473014693449,0.6392741369460695,0.5738119832028888,0.3847231074890537,0.0745452184610349,0.621902607863202,0.995483288166215,0.995483288166215,0.995483288166215,0.995483288166215,0.995483288166215,0.995483288166215,0.995483288166215,0.995483288166215,0.995483288166215,0.994579945799458,0.994579945799458,0.992773261065944,0.99096657633243,0.980126467931346,0.973803071364047,0.950316169828365,0.8888888888888888,0.6567299006323396,0.16531165311653118,0.9235487091713022,1.0,1.0,1.0,1.0,1.0,1.0,1.0,1.0,1.0,0.9990925589836661,0.9990925589836661,0.9972776769509982,0.9954627949183303,0.984573502722323,0.9782214156079855,0.9546279491833031,0.8929219600725953,0.6597096188747731,0.16606170598911071,0.9277390390677238,0.6778783230367272,0.6778783230367272,0.6778783230367272,0.6778783230367272,0.6778783230367272,0.6778783230367272,0.6778783230367272,0.6778783230367272,0.6778783230367272,0.6784792344433218,0.6784792344433218,0.6778980665400033,0.6762327575048296,0.674686549693915,0.671464287116219,0.6569278470810757,0.6165139347346301,0.477631549633451,0.12130447629671146,0.6331854128851591,1.0,1.0,1.0,1.0,1.0,1.0,1.0,1.0,1.0,0.9992733878292461,0.9992733878292461,0.9974624853980417,0.9956512041932174,0.9862802882537227,0.9812752619475309,0.9595667381677222,0.8973254100585519,0.6685257241532021,0.17342682048564403,0.9293716162271645,0.9060619452402212,0.9060619452402212,0.9060619452402212,0.9060619452402212,0.9060619452402212,0.9060619452402212,0.9060619452402212,0.9060619452402212,0.9060619452402212,0.9064379361837795,0.9064379361837795,0.9070173761403163,0.9075169734774684,0.9100277697784473,0.9112542606301929,0.9146124501127946,0.9203198569580529,0.9349199025069471,0.9637677588325503,0.912466827787701,0.8214721796830377,0.8214721796830377,0.8214721796830377,0.8214721796830377,0.8214721796830377,0.8214721796830377,0.8214721796830377,0.8214721796830377,0.8214721796830377,0.8214632024874399,0.8214632024874399,0.8199939198372785,0.8175511104593466,0.8103712839922488,0.8042068651839474,0.7794309137395837,0.7141814168545312,0.5026521343357164,0.11100987927084074,0.7576617655681953,1102.0,1102.0,1102.0,1102.0,1102.0,1102.0,1102.0,1102.0,1102.0,1101.0,1101.0,1099.0,1097.0,1085.0,1078.0,1052.0,984.0,727.0,183.0,1022.3684210526316,5.0,5.0,5.0,5.0,5.0,5.0,5.0,5.0,5.0,6.0,6.0,8.0,10.0,22.0,29.0,55.0,123.0,380.0,924.0,84.63157894736842,0.0,0.0,0.0,0.0,0.0,0.0,0.0,0.0,0.0,1.0,1.0,3.0,5.0,17.0,24.0,50.0,118.0,375.0,919.0,79.63157894736842,0.99096657633243,0.9064379361837795,0.993676603432701,0.994579945799458,0.9990925589836661,1.0,0.0,0.0,0.897911623973208,0.996831145314622,0.0016638935108153079,0.9932455995892325,997.9881677383413,1101,6,1,3,2,0,0,2.0,601,0.8003621548211861,0.7985546522131888,0.8021778584392014,884,223,218,1102,1107,5,2
fencing_002_fencing_aria01_rgb,0.8216683829984649,0.949576942578219,0.7802373509408713,0.8216683829984649,0.8216683829984649,0.8216683829984649,0.8216683829984649,0.8216683829984649,0.8216683829984649,0.8216683829984649,0.8216683829984649,0.8216683829984649,0.8216683829984649,0.8195355400615485,0.8195355400615485,0.8195355400615485,0.8174139781404073,0.8127594615449906,0.7943624482422313,0.7673167144861015,0.7057984584547959,0.41496842791518174,0.7888373652080528,0.9989550679205852,0.9989550679205852,0.9989550679205852,0.9989550679205852,0.9989550679205852,0.9989550679205852,0.9989550679205852,0.9989550679205852,0.9989550679205852,0.9989550679205852,0.9968684759916493,0.9968684759916493,0.9968684759916493,0.9947862356621481,0.9885654885654885,0.9681069958847737,0.9401622718052738,0.859086491739553,0.4681504221028396,0.957842842786362,0.6758451438908804,0.6758451438908804,0.6758451438908804,0.6758451438908804,0.6758451438908804,0.6758451438908804,0.6758451438908804,0.6758451438908804,0.6758451438908804,0.6758451438908804,0.6737483605907508,0.6737483605907508,0.6737483605907508,0.6716675278629914,0.6682186966586,0.65179954474009,0.6262482105341197,0.5798618285202761,0.3678279203357636,0.6497536973333103,0.9989550679205852,0.9989550679205852,0.9989550679205852,0.9989550679205852,0.9989550679205852,0.9989550679205852,0.9989550679205852,0.9989550679205852,0.9989550679205852,0.9989550679205852,0.9979101358411703,0.9979101358411703,0.9979101358411703,0.9968652037617555,0.9937304075235109,0.9832810867293625,0.9686520376175548,0.9237199582027168,0.6374085684430512,0.9729967552109112,1.0,1.0,1.0,1.0,1.0,1.0,1.0,1.0,1.0,1.0,0.9989539748953975,0.9989539748953975,0.9989539748953975,0.997907949790795,0.9947698744769874,0.9843096234309623,0.9696652719665272,0.9246861924686193,0.6380753138075314,0.9740145342435585,0.6758451438908804,0.6758451438908804,0.6758451438908804,0.6758451438908804,0.6758451438908804,0.6758451438908804,0.6758451438908804,0.6758451438908804,0.6758451438908804,0.6758451438908804,0.674628022275612,0.674628022275612,0.674628022275612,0.6734139098810537,0.6716640587738163,0.662043173214341,0.6457625493949566,0.6158329032490368,0.428108448928121,0.656797923640893,1.0,1.0,1.0,1.0,1.0,1.0,1.0,1.0,1.0,1.0,0.9989558972192466,0.9989558972192466,0.9989558972192466,0.997915647146249,0.9949410795509396,0.98511047682409,0.9714370009728623,0.9297448211499824,0.7158550093910263,0.9785195645627837,0.949576942578219,0.949576942578219,0.949576942578219,0.949576942578219,0.949576942578219,0.949576942578219,0.949576942578219,0.949576942578219,0.949576942578219,0.949576942578219,0.9500170660366486,0.9500170660366486,0.9500170660366486,0.9502855995115062,0.9510475582378489,0.952921241635048,0.9548907050707491,0.9584971937308754,0.96989573718325,0.9517557189084953,0.8216683829984649,0.8216683829984649,0.8216683829984649,0.8216683829984649,0.8216683829984649,0.8216683829984649,0.8216683829984649,0.8216683829984649,0.8216683829984649,0.8216683829984649,0.8199636077533453,0.8199636077533453,0.8199636077533453,0.8182676744337977,0.8148798916069655,0.800563654359689,0.7788559592044105,0.7318674360866867,0.4842072574162884,0.795011396123817,956.0,956.0,956.0,956.0,956.0,956.0,956.0,956.0,956.0,956.0,955.0,955.0,955.0,954.0,951.0,941.0,927.0,884.0,610.0,931.1578947368421,1.0,1.0,1.0,1.0,1.0,1.0,1.0,1.0,1.0,1.0,2.0,2.0,2.0,3.0,6.0,16.0,30.0,73.0,347.0,25.842105263157894,0.0,0.0,0.0,0.0,0.0,0.0,0.0,0.0,0.0,0.0,1.0,1.0,1.0,2.0,5.0,15.0,29.0,72.0,346.0,24.842105263157894,0.9947753396029259,0.949576942578219,0.9989550679205852,0.9989550679205852,1.0,1.0,0.0,0.0,0.944404970851387,0.9994772608468374,0.0,0.9983259561219144,907.7955571047773,956,1,0,4,2,0,0,4.0,601,0.7736539466806064,0.7732497387669801,0.7740585774058577,740,217,216,956,957,6,2
fencing_002_fencing_aria02_rgb,0.7981981642744083,0.9413249879642542,0.7513638773786971,0.7981981642744083,0.7981981642744083,0.7981981642744083,0.7981981642744083,0.7981981642744083,0.7981981642744083,0.7981981642744083,0.7981981642744083,0.7981981642744083,0.7981981642744083,0.7953490675419712,0.7953490675419712,0.7953490675419712,0.7925260527940174,0.7867644988099071,0.7758582576189725,0.7467073541563685,0.6292874053697272,0.2942893440255101,0.7575506188497104,1.0,1.0,1.0,1.0,1.0,1.0,1.0,1.0,1.0,1.0,0.9974905897114178,0.9974905897114178,0.9974905897114178,0.9949874686716792,0.9875156054931336,0.9702970297029703,0.9367396593673966,0.7968397291196389,0.3525913338997451,0.9490232944941482,0.6371203094510353,0.6371203094510353,0.6371203094510353,0.6371203094510353,0.6371203094510353,0.6371203094510353,0.6371203094510353,0.6371203094510353,0.6371203094510353,0.6371203094510353,0.6341715358165873,0.6341715358165873,0.6341715358165873,0.6312617637243049,0.6268238933586233,0.6203832615047995,0.5952260771447921,0.4969664840814015,0.24562775564866957,0.6047372072327739,1.0,1.0,1.0,1.0,1.0,1.0,1.0,1.0,1.0,1.0,0.9987437185929648,0.9987437185929648,0.9987437185929648,0.9974874371859297,0.9937185929648241,0.9849246231155779,0.9673366834170855,0.8869346733668342,0.5213567839195979,0.9656836815657234,1.0,1.0,1.0,1.0,1.0,1.0,1.0,1.0,1.0,1.0,0.9987437185929648,0.9987437185929648,0.9987437185929648,0.9974874371859297,0.9937185929648241,0.9849246231155779,0.9673366834170855,0.8869346733668342,0.5213567839195979,0.9656836815657234,0.6371203094510353,0.6371203094510353,0.6371203094510353,0.6371203094510353,0.6371203094510353,0.6371203094510353,0.6371203094510353,0.6371203094510353,0.6371203094510353,0.6371203094510353,0.6354118732329815,0.6354118732329815,0.6354118732329815,0.6337109041710441,0.6310913512312355,0.6273264123069018,0.6118749189276216,0.5404823388113629,0.31279576345656257,0.612353705427054,1.0,1.0,1.0,1.0,1.0,1.0,1.0,1.0,1.0,1.0,0.9987480162228884,0.9987480162228884,0.9987480162228884,0.9975046493561525,0.9937408091406126,0.9850282416306352,0.9679368832455693,0.8957554663806204,0.5474744441716579,0.9675623443470481,0.9413249879642542,0.9413249879642542,0.9413249879642542,0.9413249879642542,0.9413249879642542,0.9413249879642542,0.9413249879642542,0.9413249879642542,0.9413249879642542,0.9413249879642542,0.9418484032014033,0.9418484032014033,0.9418484032014033,0.9421668073244834,0.9429509170003043,0.9444831298681331,0.9466457680783694,0.9527451369593405,0.9672403292254501,0.9439487988264649,0.7981981642744083,0.7981981642744083,0.7981981642744083,0.7981981642744083,0.7981981642744083,0.7981981642744083,0.7981981642744083,0.7981981642744083,0.7981981642744083,0.7981981642744083,0.7958485018565217,0.7958485018565217,0.7958485018565217,0.7935210639238424,0.7892316246483437,0.7816845591572266,0.7588043353517463,0.6639102395904146,0.3578542953862357,0.7639228034932346,796.0,796.0,796.0,796.0,796.0,796.0,796.0,796.0,796.0,796.0,795.0,795.0,795.0,794.0,791.0,784.0,770.0,706.0,415.0,768.6842105263158,0.0,0.0,0.0,0.0,0.0,0.0,0.0,0.0,0.0,0.0,1.0,1.0,1.0,2.0,5.0,12.0,26.0,90.0,381.0,27.31578947368421,0.0,0.0,0.0,0.0,0.0,0.0,0.0,0.0,0.0,0.0,1.0,1.0,1.0,2.0,5.0,12.0,26.0,90.0,381.0,27.31578947368421,0.9987437185929648,0.9413249879642542,1.0,1.0,1.0,1.0,0.0,0.0,0.940068706557219,1.0,0.0,1.0,749.2946904195463,796,0,0,1,2,0,0,0.0,601,0.6658291457286433,0.6658291457286433,0.6658291457286433,530,266,266,796,796,3,2
fencing_002_fencing_aria03_rgb,1.0,0.9126626032073362,0.9126626032073362,1.0,1.0,1.0,1.0,1.0,1.0,1.0,1.0,1.0,1.0,1.0,1.0,0.9966832595818995,0.9900717075177071,0.9802523573022585,0.9481413999832071,0.8510850143245092,0.5282907853377745,0.10738318623123459,0.915889879488347,1.0,1.0,1.0,1.0,1.0,1.0,1.0,1.0,1.0,1.0,1.0,1.0,0.9966777408637874,0.9900662251655629,0.9802306425041186,0.9481361426256077,0.850654349499615,0.5282898919262555,0.10732381391064026,0.9158620424471361,1.0,1.0,1.0,1.0,1.0,1.0,1.0,1.0,1.0,1.0,1.0,1.0,0.9966887783305693,0.9900771899002092,0.9802740725814406,0.9481466573699583,0.8515158971841333,0.5282916787508044,0.10744259139703191,0.9159177297639025,1.0,1.0,1.0,1.0,1.0,1.0,1.0,1.0,1.0,1.0,1.0,1.0,0.9983361064891847,0.9950083194675541,0.9900166389351082,0.9733777038269551,0.9193011647254575,0.6913477537437605,0.19384359400998336,0.9348016463788423,1.0,1.0,1.0,1.0,1.0,1.0,1.0,1.0,1.0,1.0,1.0,1.0,0.9983361064891847,0.9950083194675541,0.9900166389351082,0.9733777038269551,0.9193011647254575,0.6913477537437605,0.19384359400998336,0.9348016463788423,1.0,1.0,1.0,1.0,1.0,1.0,1.0,1.0,1.0,1.0,1.0,1.0,0.998338879645036,0.9950111018981742,0.9900278247738364,0.9733805480893667,0.9195729590953238,0.691348754883057,0.19401855276970426,0.9348262432186579,1.0,1.0,1.0,1.0,1.0,1.0,1.0,1.0,1.0,1.0,1.0,1.0,0.998338879645036,0.9950111018981742,0.9900278247738364,0.9733805480893667,0.9195729590953238,0.691348754883057,0.19401855276970426,0.9348262432186579,0.9126626032073362,0.9126626032073362,0.9126626032073362,0.9126626032073362,0.9126626032073362,0.9126626032073362,0.9126626032073362,0.9126626032073362,0.9126626032073362,0.9126626032073362,0.9126626032073362,0.9126626032073362,0.9131486841890591,0.9139373042418489,0.9148377676161342,0.9171794078004855,0.9223352723061752,0.9362300187426821,0.9633733805644595,0.9175259512604671,1.0,1.0,1.0,1.0,1.0,1.0,1.0,1.0,1.0,1.0,1.0,1.0,0.9975121023526495,0.9925396923376745,0.9851333120813184,0.9606793514185535,0.8847596035441586,0.604345319685599,0.14431582749701014,0.9246992215219454,1202.0,1202.0,1202.0,1202.0,1202.0,1202.0,1202.0,1202.0,1202.0,1202.0,1202.0,1202.0,1200.0,1196.0,1190.0,1170.0,1105.0,831.0,233.0,1123.6315789473683,0.0,0.0,0.0,0.0,0.0,0.0,0.0,0.0,0.0,0.0,0.0,0.0,2.0,6.0,12.0,32.0,97.0,371.0,969.0,78.36842105263158,0.0,0.0,0.0,0.0,0.0,0.0,0.0,0.0,0.0,0.0,0.0,0.0,2.0,6.0,12.0,32.0,97.0,371.0,969.0,78.36842105263158,1.0,0.9126626032073362,1.0,1.0,1.0,1.0,0.0,0.0,0.9126626032073362,1.0,0.0,1.0,1097.020449055218,1202,0,0,0,2,0,0,0.0,601,1.0,1.0,1.0,1202,0,0,1202,1202,2,2
fencing_003_fencing_aria01_rgb,1.0,0.9673150002458472,0.9673150002458472,1.0,1.0,1.0,1.0,1.0,1.0,1.0,1.0,1.0,1.0,1.0,1.0,1.0,1.0,1.0,0.9900662251655629,0.9900662251655629,0.967266775777414,0.7676470588235295,0.9850024360490565,1.0,1.0,1.0,1.0,1.0,1.0,1.0,1.0,1.0,1.0,1.0,1.0,1.0,1.0,1.0,0.9900662251655629,0.9900662251655629,0.967266775777414,0.7676470588235295,0.9850024360490565,1.0,1.0,1.0,1.0,1.0,1.0,1.0,1.0,1.0,1.0,1.0,1.0,1.0,1.0,1.0,0.9900662251655629,0.9900662251655629,0.967266775777414,0.7676470588235295,0.9850024360490565,1.0,1.0,1.0,1.0,1.0,1.0,1.0,1.0,1.0,1.0,1.0,1.0,1.0,1.0,1.0,0.9950083194675541,0.9950083194675541,0.9833610648918469,0.8685524126455907,0.9916805324459235,1.0,1.0,1.0,1.0,1.0,1.0,1.0,1.0,1.0,1.0,1.0,1.0,1.0,1.0,1.0,0.9950083194675541,0.9950083194675541,0.9833610648918469,0.8685524126455907,0.9916805324459235,1.0,1.0,1.0,1.0,1.0,1.0,1.0,1.0,1.0,1.0,1.0,1.0,1.0,1.0,1.0,0.9950083194675542,0.9950083194675542,0.9833610648918469,0.8685524126455907,0.9916805324459235,1.0,1.0,1.0,1.0,1.0,1.0,1.0,1.0,1.0,1.0,1.0,1.0,1.0,1.0,1.0,0.9950083194675542,0.9950083194675542,0.9833610648918469,0.8685524126455907,0.9916805324459235,0.9673150002458472,0.9673150002458472,0.9673150002458472,0.9673150002458472,0.9673150002458472,0.9673150002458472,0.9673150002458472,0.9673150002458472,0.9673150002458472,0.9673150002458472,0.9673150002458472,0.9673150002458472,0.9673150002458472,0.9673150002458472,0.9673150002458472,0.9682967028672501,0.9682967028672501,0.9693515262834137,0.9736915083399662,0.9678611286339784,1.0,1.0,1.0,1.0,1.0,1.0,1.0,1.0,1.0,1.0,1.0,1.0,1.0,1.0,1.0,0.9925341963194879,0.9925341963194879,0.9752807219785395,0.8165425310426079,0.9882574550347433,601.0,601.0,601.0,601.0,601.0,601.0,601.0,601.0,601.0,601.0,601.0,601.0,601.0,601.0,601.0,598.0,598.0,591.0,522.0,596.0,0.0,0.0,0.0,0.0,0.0,0.0,0.0,0.0,0.0,0.0,0.0,0.0,0.0,0.0,0.0,3.0,3.0,10.0,79.0,5.0,0.0,0.0,0.0,0.0,0.0,0.0,0.0,0.0,0.0,0.0,0.0,0.0,0.0,0.0,0.0,3.0,3.0,10.0,79.0,5.0,1.0,0.9673150002458472,1.0,1.0,1.0,1.0,0.0,0.0,0.9673150002458472,1.0,0.0,1.0,581.3563151477541,601,0,0,0,1,0,0,0.0,601,1.0,1.0,1.0,601,0,0,601,601,1,1
fencing_003_fencing_aria02_rgb,1.0,0.9439401837387804,0.9439401837387804,1.0,1.0,1.0,1.0,1.0,1.0,1.0,1.0,1.0,1.0,1.0,1.0,0.9932159235824484,0.9915347106985033,0.986484721447191,0.96832483043936,0.9332703782302223,0.8248279643306408,0.39725348113332465,0.9523637899927205,1.0,1.0,1.0,1.0,1.0,1.0,1.0,1.0,1.0,1.0,1.0,1.0,0.9931914893617021,0.9914965986394558,0.9864291772688719,0.9680672268907563,0.9323432343234324,0.822568093385214,0.38744075829383884,0.95165981990333,1.0,1.0,1.0,1.0,1.0,1.0,1.0,1.0,1.0,1.0,1.0,1.0,0.9932403584043185,0.9915728242225371,0.98654026875311,0.9685825025364968,0.9341984441105862,0.8270940439008989,0.4073147310765375,0.953081219631815,1.0,1.0,1.0,1.0,1.0,1.0,1.0,1.0,1.0,1.0,1.0,1.0,0.9965841161400513,0.9957301451750641,0.9931682322801024,0.9837745516652434,0.9649871904355252,0.9026473099914603,0.5584970111016225,0.9681783450941616,1.0,1.0,1.0,1.0,1.0,1.0,1.0,1.0,1.0,1.0,1.0,1.0,0.9965841161400513,0.9957301451750641,0.9931682322801024,0.9837745516652434,0.9649871904355252,0.9026473099914603,0.5584970111016225,0.9681783450941616,1.0,1.0,1.0,1.0,1.0,1.0,1.0,1.0,1.0,1.0,1.0,1.0,0.9965964611614727,0.9957494508139988,0.993196585387611,0.9839098071602561,0.9655017836287448,0.9041434480626974,0.5733697008196454,0.969077223001812,1.0,1.0,1.0,1.0,1.0,1.0,1.0,1.0,1.0,1.0,1.0,1.0,0.9965964611614727,0.9957494508139988,0.993196585387611,0.9839098071602561,0.9655017836287448,0.9041434480626974,0.5733697008196454,0.969077223001812,0.9439401837387804,0.9439401837387804,0.9439401837387804,0.9439401837387804,0.9439401837387804,0.9439401837387804,0.9439401837387804,0.9439401837387804,0.9439401837387804,0.9439401837387804,0.9439401837387804,0.9439401837387804,0.9449912008752097,0.9452025920264986,0.9457579120050463,0.9473446245495456,0.9496326460187302,0.9543860014359808,0.9669193035164899,0.9463956044890983,1.0,1.0,1.0,1.0,1.0,1.0,1.0,1.0,1.0,1.0,1.0,1.0,0.9949108325347531,0.9936493104786795,0.9898487029797348,0.9761489728436135,0.9494680257341547,0.8640452614516818,0.47695289063376833,0.9602644208766519,1171.0,1171.0,1171.0,1171.0,1171.0,1171.0,1171.0,1171.0,1171.0,1171.0,1171.0,1171.0,1167.0,1166.0,1163.0,1152.0,1130.0,1057.0,654.0,1133.7368421052631,0.0,0.0,0.0,0.0,0.0,0.0,0.0,0.0,0.0,0.0,0.0,0.0,4.0,5.0,8.0,19.0,41.0,114.0,517.0,37.26315789473684,0.0,0.0,0.0,0.0,0.0,0.0,0.0,0.0,0.0,0.0,0.0,0.0,4.0,5.0,8.0,19.0,41.0,114.0,517.0,37.26315789473684,1.0,0.9439401837387804,1.0,1.0,1.0,1.0,0.0,0.0,0.9439401837387804,1.0,0.0,1.0,1105.3539551581118,1171,0,0,0,2,0,0,0.0,601,1.0,1.0,1.0,1171,0,0,1171,1171,2,2
fencing_003_fencing_aria03_rgb,0.9134017650094084,0.9242438500076395,0.8442059638960688,0.9134017650094084,0.9134017650094084,0.9134017650094084,0.9134017650094084,0.9134017650094084,0.9134017650094084,0.9134017650094084,0.9134017650094084,0.9134017650094084,0.9134017650094084,0.9120200010483236,0.9120200010483236,0.9120200010483236,0.9120200010483236,0.9054296814528645,0.887037019411206,0.8135899873558575,0.5766959689646084,0.15914890645910904,0.8486315377858434,1.0,1.0,1.0,1.0,1.0,1.0,1.0,1.0,1.0,1.0,0.99833748960931,0.99833748960931,0.99833748960931,0.99833748960931,0.9917149958574979,0.9737274220032841,0.8988941548183255,0.6398362892223738,0.173828125,0.9300711023862483,0.8343027843223025,0.8343027843223025,0.8343027843223025,0.8343027843223025,0.8343027843223025,0.8343027843223025,0.8343027843223025,0.8343027843223025,0.8343027843223025,0.8343027843223025,0.8331656288272754,0.8331656288272754,0.8331656288272754,0.8331656288272754,0.826651720988633,0.8080646144145077,0.7363811011314075,0.5197864613528378,0.1457093000751762,0.7743307134997204,1.0,1.0,1.0,1.0,1.0,1.0,1.0,1.0,1.0,1.0,0.9991680532445923,0.9991680532445923,0.9991680532445923,0.9991680532445923,0.9958402662229617,0.9866888519134775,0.9467554076539102,0.7803660565723793,0.2961730449251248,0.9474997810666433,1.0,1.0,1.0,1.0,1.0,1.0,1.0,1.0,1.0,1.0,0.9991680532445923,0.9991680532445923,0.9991680532445923,0.9991680532445923,0.9958402662229617,0.9866888519134775,0.9467554076539102,0.7803660565723793,0.2961730449251248,0.9474997810666433,0.8343027843223025,0.8343027843223025,0.8343027843223025,0.8343027843223025,0.8343027843223025,0.8343027843223025,0.8343027843223025,0.8343027843223025,0.8343027843223025,0.8343027843223025,0.8336826909355902,0.8336826909355902,0.8336826909355902,0.8336826909355902,0.830152196909356,0.8198870348183045,0.7775851027432311,0.6233853314837744,0.21450204714988128,0.7864879115826282,1.0,1.0,1.0,1.0,1.0,1.0,1.0,1.0,1.0,1.0,0.9991691134580831,0.9991691134580831,0.9991691134580831,0.9991691134580831,0.9958424361689465,0.9867623485427899,0.9478766050046703,0.7897890657317946,0.37939422237409726,0.952439006929191,0.9242438500076395,0.9242438500076395,0.9242438500076395,0.9242438500076395,0.9242438500076395,0.9242438500076395,0.9242438500076395,0.9242438500076395,0.9242438500076395,0.9242438500076395,0.9245956140997195,0.9245956140997195,0.9245956140997195,0.9245956140997195,0.9252915231891145,0.9267205714272637,0.9308951334751692,0.9420019501854664,0.965222755952975,0.9279448889844876,0.9134017650094084,0.9134017650094084,0.9134017650094084,0.9134017650094084,0.9134017650094084,0.9134017650094084,0.9134017650094084,0.9134017650094084,0.9134017650094084,0.9134017650094084,0.9123992982163321,0.9123992982163321,0.9123992982163321,0.9123992982163321,0.907310900354994,0.892921243262001,0.834968735696314,0.6368859482714511,0.20773821766149256,0.8559705204318773,1202.0,1202.0,1202.0,1202.0,1202.0,1202.0,1202.0,1202.0,1202.0,1202.0,1201.0,1201.0,1201.0,1201.0,1197.0,1186.0,1138.0,938.0,356.0,1138.8947368421052,0.0,0.0,0.0,0.0,0.0,0.0,0.0,0.0,0.0,0.0,1.0,1.0,1.0,1.0,5.0,16.0,64.0,264.0,846.0,63.10526315789474,0.0,0.0,0.0,0.0,0.0,0.0,0.0,0.0,0.0,0.0,1.0,1.0,1.0,1.0,5.0,16.0,64.0,264.0,846.0,63.10526315789474,0.9991680532445923,0.9242438500076395,1.0,1.0,1.0,1.0,0.0,0.0,0.9234119032522319,1.0,0.0,1.0,1110.9411077091827,1202,0,0,1,2,0,0,0.0,601,0.8951747088186356,0.8951747088186356,0.8951747088186356,1076,126,126,1202,1202,3,2
fencing_004_fencing_aria01_rgb,0.9525099315404842,0.9460463135941831,0.9011185093957228,0.9525099315404842,0.9525099315404842,0.9525099315404842,0.9525099315404842,0.9525099315404842,0.9525099315404842,0.9525099315404842,0.9525099315404842,0.9525099315404842,0.9485813402417331,0.9485813402417331,0.9446840024522934,0.9446840024522934,0.9446840024522934,0.9320976890581038,0.9017283000992667,0.8773818643312216,0.796100856559654,0.4941602485369983,0.9108038436994712,0.9961538461538462,0.9961538461538462,0.9961538461538462,0.9961538461538462,0.9961538461538462,0.9961538461538462,0.9961538461538462,0.9961538461538462,0.9961538461538462,0.9923224568138196,0.9923224568138196,0.9885057471264368,0.9885057471264368,0.9885057471264368,0.973384030418251,0.9401869158878504,0.915129151291513,0.8146853146853147,0.4702549575070821,0.9489045863253459,0.910778162616398,0.910778162616398,0.910778162616398,0.910778162616398,0.910778162616398,0.910778162616398,0.910778162616398,0.910778162616398,0.910778162616398,0.9067683119295014,0.9067683119295014,0.9028049326810206,0.9028049326810206,0.9028049326810206,0.8925625187975832,0.864842845033705,0.841191579102163,0.7779403438244389,0.5192807589497243,0.874461733218803,0.9980732177263969,0.9980732177263969,0.9980732177263969,0.9980732177263969,0.9980732177263969,0.9980732177263969,0.9980732177263969,0.9980732177263969,0.9980732177263969,0.9961464354527938,0.9961464354527938,0.9942196531791907,0.9942196531791907,0.9942196531791907,0.9865125240847784,0.9691714836223507,0.9556840077071291,0.8978805394990366,0.6396917148362236,0.9687658452489608,0.9980732177263969,0.9980732177263969,0.9980732177263969,0.9980732177263969,0.9980732177263969,0.9980732177263969,0.9980732177263969,0.9980732177263969,0.9980732177263969,0.9961464354527938,0.9961464354527938,0.9942196531791907,0.9942196531791907,0.9942196531791907,0.9865125240847784,0.9691714836223507,0.9556840077071291,0.8978805394990366,0.6396917148362236,0.9687658452489608,0.910778162616398,0.910778162616398,0.910778162616398,0.910778162616398,0.910778162616398,0.910778162616398,0.910778162616398,0.910778162616398,0.910778162616398,0.908679181466712,0.908679181466712,0.9065877569133294,0.9065877569133294,0.9065877569133294,0.9017659292018934,0.8869072715410324,0.8731583436724566,0.8365859577745365,0.6343172463610096,0.8877294655669433,1.0,1.0,1.0,1.0,1.0,1.0,1.0,1.0,1.0,0.9980735949380966,0.9980735949380966,0.9961554153720616,0.9961554153720616,0.9961554153720616,0.9885570597165992,0.9718572773883019,0.9589225877060261,0.9079458657595038,0.6977057573634123,0.9741895781013802,0.9460463135941831,0.9460463135941831,0.9460463135941831,0.9460463135941831,0.9460463135941831,0.9460463135941831,0.9460463135941831,0.9460463135941831,0.9460463135941831,0.946915840631533,0.946915840631533,0.9476572953684178,0.9476572953684178,0.9476572953684178,0.9494307722917185,0.952613161209019,0.9543020441815678,0.9593467329336247,0.9699280835408116,0.9493074307301427,0.9534271295686335,0.9534271295686335,0.9534271295686335,0.9534271295686335,0.9534271295686335,0.9534271295686335,0.9534271295686335,0.9534271295686335,0.9534271295686335,0.9504072925383726,0.9504072925383726,0.9474103688785482,0.9474103688785482,0.9474103688785482,0.938362458393595,0.9155222680096267,0.8966121455600764,0.8357616260699896,0.5763502400225099,0.9203420313624151,518.0,518.0,518.0,518.0,518.0,518.0,518.0,518.0,518.0,517.0,517.0,516.0,516.0,516.0,512.0,503.0,496.0,466.0,332.0,502.7894736842105,1.0,1.0,1.0,1.0,1.0,1.0,1.0,1.0,1.0,2.0,2.0,3.0,3.0,3.0,7.0,16.0,23.0,53.0,187.0,16.210526315789473,1.0,1.0,1.0,1.0,1.0,1.0,1.0,1.0,1.0,2.0,2.0,3.0,3.0,3.0,7.0,16.0,23.0,53.0,187.0,16.210526315789473,0.9903660886319846,0.946915840631533,0.9922928709055877,0.9961464354527938,0.9961464354527938,1.0,0.0,0.0,0.9374864924980781,0.9961464354527938,0.006430868167202572,0.9922928709055877,489.55548960650253,517,2,2,1,2,0,0,2.0,311,0.9479768786127167,0.9479768786127167,0.9479768786127167,492,27,27,519,519,4,2
fencing_004_fencing_aria02_rgb,1.0,0.9505932620183802,0.9505932620183802,1.0,1.0,1.0,1.0,1.0,1.0,1.0,1.0,1.0,1.0,1.0,1.0,1.0,1.0,0.9936509886988928,0.9810742995969995,0.9625069134087408,0.8699911962677994,0.4821112064477832,0.96259655812738,1.0,1.0,1.0,1.0,1.0,1.0,1.0,1.0,1.0,1.0,1.0,1.0,1.0,1.0,0.9936507936507937,0.9810725552050473,0.9625,0.8690476190476191,0.4811320754716981,0.9624948970197453,1.0,1.0,1.0,1.0,1.0,1.0,1.0,1.0,1.0,1.0,1.0,1.0,1.0,1.0,0.9936511837470303,0.9810760439920535,0.9625138268671392,0.8709357979864664,0.4830923300107633,0.9626983780317605,1.0,1.0,1.0,1.0,1.0,1.0,1.0,1.0,1.0,1.0,1.0,1.0,1.0,1.0,0.9968152866242038,0.9904458598726115,0.9808917197452229,0.9299363057324841,0.6496815286624203,0.9761984579282599,1.0,1.0,1.0,1.0,1.0,1.0,1.0,1.0,1.0,1.0,1.0,1.0,1.0,1.0,0.9968152866242038,0.9904458598726115,0.9808917197452229,0.9299363057324841,0.6496815286624203,0.9761984579282599,1.0,1.0,1.0,1.0,1.0,1.0,1.0,1.0,1.0,1.0,1.0,1.0,1.0,1.0,0.99681538477343,0.9904467488963099,0.980895310477304,0.9306552731650736,0.6511674337473469,0.9763147447926033,1.0,1.0,1.0,1.0,1.0,1.0,1.0,1.0,1.0,1.0,1.0,1.0,1.0,1.0,0.99681538477343,0.9904467488963099,0.980895310477304,0.9306552731650736,0.6511674337473469,0.9763147447926033,0.9505932620183802,0.9505932620183802,0.9505932620183802,0.9505932620183802,0.9505932620183802,0.9505932620183802,0.9505932620183802,0.9505932620183802,0.9505932620183802,0.9505932620183802,0.9505932620183802,0.9505932620183802,0.9505932620183802,0.9505932620183802,0.9512640031210213,0.9523587991671643,0.9535064190414742,0.957917257129864,0.968642448303587,0.9522102418431807,1.0,1.0,1.0,1.0,1.0,1.0,1.0,1.0,1.0,1.0,1.0,1.0,1.0,1.0,0.9952319777475378,0.9857498191692096,0.9716593245136198,0.8999526757056215,0.5602286706751834,0.9690959193584827,314.0,314.0,314.0,314.0,314.0,314.0,314.0,314.0,314.0,314.0,314.0,314.0,314.0,314.0,313.0,311.0,308.0,292.0,204.0,306.5263157894737,0.0,0.0,0.0,0.0,0.0,0.0,0.0,0.0,0.0,0.0,0.0,0.0,0.0,0.0,1.0,3.0,6.0,22.0,110.0,7.473684210526316,0.0,0.0,0.0,0.0,0.0,0.0,0.0,0.0,0.0,0.0,0.0,0.0,0.0,0.0,1.0,3.0,6.0,22.0,110.0,7.473684210526316,1.0,0.9505932620183802,1.0,1.0,1.0,1.0,0.0,0.0,0.9505932620183802,1.0,0.0,1.0,298.4862842737714,314,0,0,0,2,0,0,0.0,311,1.0,1.0,1.0,314,0,0,314,314,2,2
fencing_004_fencing_aria03_rgb,0.8510153894336097,0.9106415630254188,0.7749699843925077,0.8510153894336097,0.8510153894336097,0.8510153894336097,0.8510153894336097,0.8510153894336097,0.8510153894336097,0.8510153894336097,0.8510153894336097,0.8510153894336097,0.8510153894336097,0.8510153894336097,0.85003265176799,0.8439010147368972,0.8389547150763609,0.8329677443474964,0.8160234459536121,0.7174118209343981,0.4781052131604816,0.11371717889967019,0.7816991088761376,0.9966216216216216,0.9966216216216216,0.9966216216216216,0.9966216216216216,0.9966216216216216,0.9966216216216216,0.9966216216216216,0.9966216216216216,0.9966216216216216,0.9966216216216216,0.9966216216216216,0.9932546374367622,0.9865546218487395,0.9765886287625418,0.97,0.9408866995073891,0.8073394495412844,0.5231958762886598,0.11825922421948912,0.9094166829180371,0.7266822004869157,0.7266822004869157,0.7266822004869157,0.7266822004869157,0.7266822004869157,0.7266822004869157,0.7266822004869157,0.7266822004869157,0.7266822004869157,0.7266822004869157,0.7266822004869157,0.7274625074355356,0.7218748023696916,0.7207180108585907,0.7152940856941816,0.7077305532054426,0.6375010178294157,0.43690060493732547,0.10934958234546296,0.6721229142121957,0.9966216216216216,0.9966216216216216,0.9966216216216216,0.9966216216216216,0.9966216216216216,0.9966216216216216,0.9966216216216216,0.9966216216216216,0.9966216216216216,0.9966216216216216,0.9966216216216216,0.9949324324324325,0.9915540540540541,0.9864864864864865,0.9831081081081081,0.9679054054054054,0.8918918918918919,0.6858108108108109,0.21114864864864866,0.9302987197724041,1.0,1.0,1.0,1.0,1.0,1.0,1.0,1.0,1.0,1.0,1.0,0.9983050847457627,0.9949152542372881,0.9898305084745763,0.9864406779661017,0.9711864406779661,0.8949152542372881,0.688135593220339,0.211864406779661,0.9334522747546832,0.7266822004869157,0.7266822004869157,0.7266822004869157,0.7266822004869157,0.7266822004869157,0.7266822004869157,0.7266822004869157,0.7266822004869157,0.7266822004869157,0.7266822004869157,0.7266822004869157,0.7274885808987253,0.7242573254027567,0.7242992708036802,0.7211003940236477,0.7183944711531755,0.6800054668631969,0.5379049358953446,0.1772614752226536,0.6844324276641712,1.0,1.0,1.0,1.0,1.0,1.0,1.0,1.0,1.0,1.0,1.0,0.9983480934244942,0.9949632375973596,0.9902056994677139,0.9868482856694789,0.9721447311431004,0.8989803620951162,0.6979826763231431,0.22841133236280775,0.9351518114780638,0.9106415630254188,0.9106415630254188,0.9106415630254188,0.9106415630254188,0.9106415630254188,0.9106415630254188,0.9106415630254188,0.9106415630254188,0.9106415630254188,0.9106415630254188,0.9106415630254188,0.9112180922184222,0.912159305445583,0.9133061599524778,0.9138846104764424,0.9160642162553253,0.9233531432129998,0.9373530015102105,0.9624392463624261,0.9161492088796576,0.8510153894336097,0.8510153894336097,0.8510153894336097,0.8510153894336097,0.8510153894336097,0.8510153894336097,0.8510153894336097,0.8510153894336097,0.8510153894336097,0.8510153894336097,0.8510153894336097,0.8507502818255389,0.8460365753376959,0.8431954567473787,0.8385770181251845,0.8276570715085481,0.7540437579311192,0.5473857489155165,0.1519507043173497,0.7905666262356863,590.0,590.0,590.0,590.0,590.0,590.0,590.0,590.0,590.0,590.0,590.0,589.0,587.0,584.0,582.0,573.0,528.0,406.0,125.0,550.7368421052631,2.0,2.0,2.0,2.0,2.0,2.0,2.0,2.0,2.0,2.0,2.0,3.0,5.0,8.0,10.0,19.0,64.0,186.0,467.0,41.26315789473684,0.0,0.0,0.0,0.0,0.0,0.0,0.0,0.0,0.0,0.0,0.0,1.0,3.0,6.0,8.0,17.0,62.0,184.0,465.0,39.26315789473684,0.9915540540540541,0.9106415630254188,0.9966216216216216,0.9966216216216216,1.0,1.0,0.0,0.0,0.9024975036908734,0.9983079526226735,0.0,0.9958156735562167,537.2785221849971,590,2,0,3,2,0,0,2.0,311,0.8392554991539763,0.8378378378378378,0.8406779661016949,496,96,94,590,592,5,2
fencing_005_fencing_aria01_rgb,0.8568430100417247,0.9471801525348873,0.8115846929497728,0.8568430100417247,0.8568430100417247,0.8568430100417247,0.8561978323693662,0.8561978323693662,0.8561978323693662,0.8561978323693662,0.8561978323693662,0.8555561411741189,0.8543917849385232,0.8537542602280848,0.8537542602280848,0.8519624103274817,0.8498080691097981,0.8473273452786452,0.8436854426030593,0.8347764471105834,0.7776078437329826,0.45701015339977297,0.8279553868475337,0.999128160418483,0.999128160418483,0.999128160418483,0.9973867595818815,0.9973867595818815,0.9973867595818815,0.9973867595818815,0.9973867595818815,0.9956483899042646,0.9939130434782608,0.9921807124239791,0.9921807124239791,0.9887250650477016,0.9835640138408305,0.9767241379310345,0.9716251074806534,0.9564846416382252,0.8672638436482085,0.4233395406579764,0.9539982888231566,0.7348205895326314,0.7348205895326314,0.7348205895326314,0.7349954479657584,0.7349954479657584,0.7349954479657584,0.7349954479657584,0.7349954479657584,0.7351755078629025,0.7344559234435705,0.734640703785554,0.734640703785554,0.734117070832015,0.734241741423647,0.7350730899082695,0.7325923554054445,0.7285550507711566,0.697220301599861,0.4933587823756448,0.7196584336642265,0.999128160418483,0.999128160418483,0.999128160418483,0.998256320836966,0.998256320836966,0.998256320836966,0.998256320836966,0.998256320836966,0.997384481255449,0.9965126416739319,0.995640802092415,0.995640802092415,0.993897122929381,0.99128160418483,0.987794245858762,0.985178727114211,0.977332170880558,0.9285091543156059,0.5945945945945946,0.9701280227596015,1.0,1.0,1.0,0.9991273996509599,0.9991273996509599,0.9991273996509599,0.9991273996509599,0.9991273996509599,0.9982547993019197,0.9973821989528796,0.9965095986038395,0.9965095986038395,0.9947643979057592,0.9921465968586387,0.9886561954624782,0.9860383944153578,0.9781849912739965,0.9293193717277487,0.5951134380453752,0.9709745568108754,0.7348205895326314,0.7348205895326314,0.7348205895326314,0.7350448677959595,0.7350448677959595,0.7350448677959595,0.7350448677959595,0.7350448677959595,0.7352727400804323,0.7348664750239553,0.7350977977072547,0.7350977977072547,0.7349286678234047,0.735403558622556,0.736396289794348,0.7351371332715111,0.7338792479466437,0.7204590055800479,0.6038910367717195,0.7273745188372011,1.0,1.0,1.0,0.9991333044434814,0.9991333044434814,0.9991333044434814,0.9991333044434814,0.9991333044434814,0.9982784391181337,0.9974047096514723,0.9965602023384974,0.9965602023384974,0.994854677654852,0.9925695796414952,0.9893901967947135,0.9868558730028982,0.9803005954649324,0.939578272668386,0.667033137820916,0.9755290741427474,0.9471801525348873,0.9471801525348873,0.9471801525348873,0.9478501875761811,0.9478501875761811,0.9478501875761811,0.9478501875761811,0.9478501875761811,0.9482866162943724,0.948700740826721,0.9490502196268599,0.9490502196268599,0.9496141410016894,0.9503093861754572,0.9511310711306714,0.9515862268671319,0.952535864013252,0.9562787501722028,0.9687150284899005,0.9503184031426678,0.8568430100417247,0.8568430100417247,0.8568430100417247,0.8565709846347912,0.8565709846347912,0.8565709846347912,0.8565709846347912,0.8565709846347912,0.8563017240094477,0.8555083941515825,0.8552416381156762,0.8552416381156762,0.8541878274672874,0.8531355878744573,0.8521155840007909,0.8495495301581524,0.8438247977964203,0.8045964408386098,0.541616529655742,0.8355107181833145,1146.0,1146.0,1146.0,1145.0,1145.0,1145.0,1145.0,1145.0,1144.0,1143.0,1142.0,1142.0,1140.0,1137.0,1133.0,1130.0,1121.0,1065.0,682.0,1112.7368421052631,1.0,1.0,1.0,2.0,2.0,2.0,2.0,2.0,3.0,4.0,5.0,5.0,7.0,10.0,14.0,17.0,26.0,82.0,465.0,34.26315789473684,0.0,0.0,0.0,1.0,1.0,1.0,1.0,1.0,2.0,3.0,4.0,4.0,6.0,9.0,13.0,16.0,25.0,81.0,464.0,33.26315789473684,0.99128160418483,0.948700740826721,0.993897122929381,0.9965126416739319,0.9973821989528796,1.0,0.0,0.0,0.94016124391015,0.996947230702137,0.004991680532445923,0.9934811497343334,1084.364946764942,1143,4,3,3,2,0,0,5.0,601,0.809419973833406,0.8090671316477768,0.8097731239092496,928,219,218,1146,1147,5,2
fencing_005_fencing_aria02_rgb,0.6555170863132965,0.9520796592452891,0.6241044841666281,0.6555170863132965,0.6555170863132965,0.6555170863132965,0.6555170863132965,0.6555170863132965,0.6555170863132965,0.654561662709597,0.654561662709597,0.654561662709597,0.654561662709597,0.654561662709597,0.654561662709597,0.6520143208090063,0.6476350474734743,0.6476350474734743,0.6323103538675517,0.6174783952231794,0.5862238681154879,0.41373649883262065,0.6346055803122187,0.9964664310954063,0.9964664310954063,0.9964664310954063,0.9964664310954063,0.9964664310954063,0.9964664310954063,0.9929453262786596,0.9929453262786596,0.9929453262786596,0.9929453262786596,0.9929453262786596,0.9929453262786596,0.9894366197183099,0.978984238178634,0.978984238178634,0.9382504288164666,0.9120135363790186,0.8494271685761048,0.5782122905027933,0.955883108662861,0.4312264187126762,0.4312264187126762,0.4312264187126762,0.4312264187126762,0.4312264187126762,0.4312264187126762,0.4314950269164287,0.4314950269164287,0.4314950269164287,0.4314950269164287,0.4314950269164287,0.4314950269164287,0.42966135078067064,0.42843504354708145,0.42843504354708145,0.4261297105000498,0.41806349726035114,0.40457667974566874,0.2960467864102729,0.4214566729245161,0.9964664310954063,0.9964664310954063,0.9964664310954063,0.9964664310954063,0.9964664310954063,0.9964664310954063,0.9946996466431095,0.9946996466431095,0.9946996466431095,0.9946996466431095,0.9946996466431095,0.9946996466431095,0.9929328621908127,0.9876325088339223,0.9876325088339223,0.9664310954063604,0.9522968197879859,0.9169611307420494,0.7314487632508834,0.9727543239724753,1.0,1.0,1.0,1.0,1.0,1.0,0.99822695035461,0.99822695035461,0.99822695035461,0.99822695035461,0.99822695035461,0.99822695035461,0.9964539007092199,0.9911347517730497,0.9911347517730497,0.9698581560283688,0.9556737588652482,0.9202127659574468,0.7340425531914894,0.9762038073908176,0.4312264187126762,0.4312264187126762,0.4312264187126762,0.4312264187126762,0.4312264187126762,0.4312264187126762,0.4315211261660753,0.4315211261660753,0.4315211261660753,0.4315211261660753,0.4315211261660753,0.4315211261660753,0.43026179544692456,0.42939466697153844,0.42939466697153844,0.42907975816962657,0.42357204631708245,0.4148470313763636,0.33123452615985977,0.42443525056239173,1.0,1.0,1.0,1.0,1.0,1.0,0.9984775437706165,0.9984775437706165,0.9984775437706165,0.9984775437706165,0.9984775437706165,0.9984775437706165,0.9967015070700456,0.992323339845019,0.992323339845019,0.9744664382568151,0.9627315169427354,0.934613908399949,0.7623594109424214,0.9792834065224053,0.9520796592452891,0.9520796592452891,0.9520796592452891,0.9520796592452891,0.9520796592452891,0.9520796592452891,0.9531757247030477,0.9531757247030477,0.9531757247030477,0.9531757247030477,0.9531757247030477,0.9531757247030477,0.9537607664474654,0.9552320502309312,0.9552320502309312,0.959307434483325,0.9613489312749572,0.9643413805645689,0.9719758984901192,0.955406885021701,0.6555170863132965,0.6555170863132965,0.6555170863132965,0.6555170863132965,0.6555170863132965,0.6555170863132965,0.65513964221533,0.65513964221533,0.65513964221533,0.65513964221533,0.65513964221533,0.65513964221533,0.653165273727425,0.6504893365234935,0.6504893365234935,0.6417359292604383,0.6309679381002459,0.6090821699339527,0.4653418697948773,0.640274327633457,564.0,564.0,564.0,564.0,564.0,564.0,563.0,563.0,563.0,563.0,563.0,563.0,562.0,559.0,559.0,547.0,539.0,519.0,414.0,550.578947368421,2.0,2.0,2.0,2.0,2.0,2.0,3.0,3.0,3.0,3.0,3.0,3.0,4.0,7.0,7.0,19.0,27.0,47.0,152.0,15.421052631578947,0.0,0.0,0.0,0.0,0.0,0.0,1.0,1.0,1.0,1.0,1.0,1.0,2.0,5.0,5.0,17.0,25.0,45.0,150.0,13.421052631578947,0.9823321554770318,0.9531757247030477,0.9929328621908127,0.9946996466431095,0.99822695035461,1.0,0.0,0.0,0.9357560653848336,0.9964601769911504,0.0016638935108153079,0.9915580366600996,536.6379330078158,563,3,1,6,2,0,0,5.0,601,0.5663716814159292,0.5653710247349824,0.5673758865248227,320,246,244,564,566,8,2
fencing_005_fencing_aria03_rgb,0.6729729207179678,0.9275608861647276,0.6242233587060232,0.6729729207179678,0.6729729207179678,0.6729729207179678,0.6729729207179678,0.6729729207179678,0.6729729207179678,0.6729729207179678,0.6729729207179678,0.6729729207179678,0.6729729207179678,0.6729729207179678,0.6720038320582796,0.6694854651114183,0.667130548417171,0.6588619495069452,0.649113001215148,0.6251079757011455,0.4921929514429963,0.16653286361510736,0.6317437218403081,0.99644128113879,0.99644128113879,0.99644128113879,0.99644128113879,0.99644128113879,0.99644128113879,0.99644128113879,0.99644128113879,0.99644128113879,0.99644128113879,0.99644128113879,0.9946666666666667,0.9875996457041629,0.9823321554770318,0.968421052631579,0.9530026109660574,0.9130434782608695,0.6987130961392884,0.20450885668276972,0.9296390344765851,0.45451002541974234,0.45451002541974234,0.45451002541974234,0.45451002541974234,0.45451002541974234,0.45451002541974234,0.45451002541974234,0.45451002541974234,0.45451002541974234,0.45451002541974234,0.45451002541974234,0.4540105398468624,0.4538385467684892,0.45306790188016144,0.44825447291596493,0.44212647845677694,0.4279752175980586,0.3467144136681165,0.13560877075787067,0.42953719060576145,0.99644128113879,0.99644128113879,0.99644128113879,0.99644128113879,0.99644128113879,0.99644128113879,0.99644128113879,0.99644128113879,0.99644128113879,0.99644128113879,0.99644128113879,0.9955516014234875,0.9919928825622776,0.9893238434163701,0.9822064056939501,0.9741992882562278,0.952846975088968,0.8211743772241993,0.3389679715302491,0.9477430230380219,1.0,1.0,1.0,1.0,1.0,1.0,1.0,1.0,1.0,1.0,1.0,0.9991071428571429,0.9955357142857143,0.9928571428571429,0.9857142857142858,0.9776785714285714,0.95625,0.8241071428571428,0.34017857142857144,0.9511278195488723,0.45451002541974234,0.45451002541974234,0.45451002541974234,0.45451002541974234,0.45451002541974234,0.45451002541974234,0.45451002541974234,0.45451002541974234,0.45451002541974234,0.45451002541974234,0.45451002541974234,0.4541667345735853,0.45427542355554945,0.4538188218422222,0.45056963349632173,0.44626834927111814,0.4362739540260549,0.3736278692339525,0.17091101644209372,0.43365905695042445,1.0,1.0,1.0,1.0,1.0,1.0,1.0,1.0,1.0,1.0,1.0,0.9991101156472589,0.995654812643576,0.9930787998832821,0.9860525211964211,0.9781372437869945,0.957041803689918,0.8311824712780967,0.3861151482620876,0.9540196271782967,0.9275608861647276,0.9275608861647276,0.9275608861647276,0.9275608861647276,0.9275608861647276,0.9275608861647276,0.9275608861647276,0.9275608861647276,0.9275608861647276,0.9275608861647276,0.9275608861647276,0.927854475202984,0.9289334143707652,0.9296169922690655,0.9311464386431215,0.9323168594304747,0.9347207732827757,0.9430304884455147,0.9646840699440078,0.9313406978631953,0.6729729207179678,0.6729729207179678,0.6729729207179678,0.6729729207179678,0.6729729207179678,0.6729729207179678,0.6729729207179678,0.6729729207179678,0.6729729207179678,0.6729729207179678,0.6729729207179678,0.6723026996879352,0.6709728818862567,0.6695004690190084,0.6635347878438824,0.6562920848462401,0.6385882018181616,0.5335850379448144,0.21439923028198116,0.6379935537487329,1120.0,1120.0,1120.0,1120.0,1120.0,1120.0,1120.0,1120.0,1120.0,1120.0,1120.0,1119.0,1115.0,1112.0,1104.0,1095.0,1071.0,923.0,381.0,1065.2631578947369,4.0,4.0,4.0,4.0,4.0,4.0,4.0,4.0,4.0,4.0,4.0,5.0,9.0,12.0,20.0,29.0,53.0,201.0,743.0,58.73684210526316,0.0,0.0,0.0,0.0,0.0,0.0,0.0,0.0,0.0,0.0,0.0,1.0,5.0,8.0,16.0,25.0,49.0,197.0,739.0,54.73684210526316,0.9937722419928826,0.9275608861647276,0.99644128113879,0.99644128113879,1.0,1.0,0.0,0.0,0.9215909185983052,0.9982174688057041,0.0,0.9960167960367263,1038.868192504495,1120,4,0,3,2,0,0,2.0,601,0.5,0.4991103202846975,0.5008928571428571,561,563,559,1120,1124,5,2
fencing_006_fencing_aria01_rgb,0.6487690880926462,0.9397002645920375,0.6096484837397945,0.6487690880926462,0.6487690880926462,0.6487690880926462,0.6477979290262444,0.6477979290262444,0.6477979290262444,0.6477979290262444,0.6477979290262444,0.6466229945603613,0.6466229945603613,0.6454530371751623,0.6454530371751623,0.6454530371751623,0.6442880405482457,0.6315120578949056,0.6221160988927189,0.5857478116241672,0.5245673788204465,0.2762999822898055,0.615759651585561,0.998326359832636,0.998326359832636,0.998326359832636,0.9966555183946488,0.9966555183946488,0.9966555183946488,0.9966555183946488,0.9966555183946488,0.9949874686716792,0.9949874686716792,0.993322203672788,0.993322203672788,0.993322203672788,0.9916597164303587,0.9719240297274979,0.9557739557739557,0.8982511923688394,0.7954887218045112,0.3522083805209513,0.9428160113925784,0.42160694798755555,0.42160694798755555,0.42160694798755555,0.4210503520079083,0.4210503520079083,0.4210503520079083,0.4210503520079083,0.4210503520079083,0.4202277016135753,0.4202277016135753,0.41941036016132144,0.41941036016132144,0.41941036016132144,0.4185983077821733,0.41032783125906847,0.4049372115272714,0.38196498010504965,0.3459143132769343,0.2167514586121712,0.40248701001452586,0.9991624790619765,0.9991624790619765,0.9991624790619765,0.998324958123953,0.998324958123953,0.998324958123953,0.998324958123953,0.998324958123953,0.9974874371859297,0.9974874371859297,0.9966499162479062,0.9966499162479062,0.9966499162479062,0.9958123953098827,0.9857621440536013,0.9773869346733668,0.9463986599664992,0.8860971524288107,0.5209380234505863,0.9624437979370536,0.9991624790619765,0.9991624790619765,0.9991624790619765,0.998324958123953,0.998324958123953,0.998324958123953,0.998324958123953,0.998324958123953,0.9974874371859297,0.9974874371859297,0.9966499162479062,0.9966499162479062,0.9966499162479062,0.9958123953098827,0.9857621440536013,0.9773869346733668,0.9463986599664992,0.8860971524288107,0.5209380234505863,0.9624437979370536,0.5052483066875544,0.5052483066875544,0.5052483066875544,0.5049266177521357,0.5049266177521357,0.5049266177521357,0.5049266177521357,0.5049266177521357,0.5044271156590233,0.5044271156590233,0.503929570526277,0.503929570526277,0.503929570526277,0.5034339872915592,0.49788223748805593,0.4936538950840138,0.47732167698237277,0.44829238099694074,0.30978268209875576,0.48902041114010086,0.7514717879897622,0.7514717879897622,0.7514717879897622,0.7504275427437703,0.7504275427437703,0.7504275427437703,0.7504275427437703,0.7504275427437703,0.7493809001667594,0.7493809001667594,0.7483375760863187,0.7483375760863187,0.7483375760863187,0.747297578875442,0.7365868459647287,0.7297830208477274,0.6981418276145445,0.6446394559729433,0.43546683805965103,0.7232759565060868,0.9397002645920375,0.9397002645920375,0.9397002645920375,0.9403297584148564,0.9403297584148564,0.9403297584148564,0.9403297584148564,0.9403297584148564,0.9407772423158578,0.9407772423158578,0.9411174744275811,0.9411174744275811,0.9411174744275811,0.941321106936526,0.9435208219494796,0.9448737575533365,0.9486863971168739,0.9532004534914561,0.9686088945538335,0.9434667329140188,0.6490407100798838,0.6490407100798838,0.6490407100798838,0.6483402463493769,0.6483402463493769,0.6483402463493769,0.6483402463493769,0.6483402463493769,0.6474348253817204,0.6474348253817204,0.646533294060163,0.646533294060163,0.646533294060163,0.6456356430257157,0.6359918574217783,0.6291107532937428,0.6012413370066545,0.5536367834411465,0.336026898371925,0.6223650614469173,1193.0,1193.0,1193.0,1192.0,1192.0,1192.0,1192.0,1192.0,1191.0,1191.0,1190.0,1190.0,1190.0,1189.0,1177.0,1167.0,1130.0,1058.0,622.0,1149.157894736842,1.0,1.0,1.0,2.0,2.0,2.0,2.0,2.0,3.0,3.0,4.0,4.0,4.0,5.0,17.0,27.0,64.0,136.0,572.0,44.8421052631579,1.0,1.0,1.0,2.0,2.0,2.0,2.0,2.0,3.0,3.0,4.0,4.0,4.0,5.0,17.0,27.0,64.0,136.0,572.0,44.8421052631579,0.9932998324958124,0.9407772423158578,0.9949748743718593,0.9974874371859297,0.9974874371859297,1.0,0.0,0.0,0.9342258757103741,0.9974874371859297,0.004991680532445923,0.9947227554475175,1120.4656955981866,1191,3,3,2,2,0,0,4.0,601,0.551926298157454,0.551926298157454,0.551926298157454,659,535,535,1194,1194,3,2
fencing_006_fencing_aria02_rgb,1.0,0.9650361454775156,0.9650361454775156,1.0,1.0,1.0,1.0,1.0,1.0,1.0,1.0,1.0,1.0,1.0,1.0,0.9966777408637874,0.9933665008291874,0.9867768595041322,0.9802306425041186,0.9704918032786886,0.9387096774193548,0.7650513950073421,0.9805949799687688,1.0,1.0,1.0,1.0,1.0,1.0,1.0,1.0,1.0,1.0,1.0,1.0,0.9966777408637874,0.9933665008291874,0.9867768595041322,0.9802306425041186,0.9704918032786886,0.9387096774193548,0.7650513950073421,0.9805949799687688,1.0,1.0,1.0,1.0,1.0,1.0,1.0,1.0,1.0,1.0,1.0,1.0,0.9966777408637874,0.9933665008291874,0.9867768595041322,0.9802306425041186,0.9704918032786886,0.938709677419355,0.7650513950073421,0.9805949799687688,1.0,1.0,1.0,1.0,1.0,1.0,1.0,1.0,1.0,1.0,1.0,1.0,0.9983361064891847,0.9966722129783694,0.9933444259567388,0.9900166389351082,0.9850249584026622,0.9683860232945092,0.8668885191347754,0.9894036255363867,1.0,1.0,1.0,1.0,1.0,1.0,1.0,1.0,1.0,1.0,1.0,1.0,0.9983361064891847,0.9966722129783694,0.9933444259567388,0.9900166389351082,0.9850249584026622,0.9683860232945092,0.8668885191347754,0.9894036255363867,1.0,1.0,1.0,1.0,1.0,1.0,1.0,1.0,1.0,1.0,1.0,1.0,0.9983361064891847,0.9966722129783694,0.9933444259567388,0.9900166389351083,0.9850249584026624,0.9683860232945092,0.8668885191347754,0.9894036255363867,1.0,1.0,1.0,1.0,1.0,1.0,1.0,1.0,1.0,1.0,1.0,1.0,0.9983361064891847,0.9966722129783694,0.9933444259567388,0.9900166389351083,0.9850249584026624,0.9683860232945092,0.8668885191347754,0.9894036255363867,0.9650361454775156,0.9650361454775156,0.9650361454775156,0.9650361454775156,0.9650361454775156,0.9650361454775156,0.9650361454775156,0.9650361454775156,0.9650361454775156,0.9650361454775156,0.9650361454775156,0.9650361454775156,0.9656057914496938,0.9660638912145042,0.9668634598895274,0.9675138666567662,0.9681794260511501,0.9697781076503016,0.9736184460051199,0.9662135123498552,1.0,1.0,1.0,1.0,1.0,1.0,1.0,1.0,1.0,1.0,1.0,1.0,0.997506579045166,0.9950179840987827,0.9900551969721313,0.9851114891590338,0.9777313783216303,0.95343239484727,0.8143796847170912,0.9849070898505844,601.0,601.0,601.0,601.0,601.0,601.0,601.0,601.0,601.0,601.0,601.0,601.0,600.0,599.0,597.0,595.0,592.0,582.0,521.0,594.6315789473684,0.0,0.0,0.0,0.0,0.0,0.0,0.0,0.0,0.0,0.0,0.0,0.0,1.0,2.0,4.0,6.0,9.0,19.0,80.0,6.368421052631579,0.0,0.0,0.0,0.0,0.0,0.0,0.0,0.0,0.0,0.0,0.0,0.0,1.0,2.0,4.0,6.0,9.0,19.0,80.0,6.368421052631579,1.0,0.9650361454775156,1.0,1.0,1.0,1.0,0.0,0.0,0.9650361454775156,1.0,0.0,1.0,579.9867234319869,601,0,0,0,1,0,0,0.0,601,1.0,1.0,1.0,601,0,0,601,601,1,1
fencing_006_fencing_aria03_rgb,0.6450585356982526,0.9175565541076209,0.5918776872129964,0.6450585356982526,0.6450585356982526,0.6450585356982526,0.6450585356982526,0.6447897520247513,0.6447897520247513,0.6447897520247513,0.6447897520247513,0.6447897520247513,0.6447897520247513,0.6447897520247513,0.6432635182196177,0.6427200527485255,0.6371768681731502,0.6183753863003685,0.5954747531597239,0.5331106162950573,0.43455729541253685,0.15650465713309072,0.5976287133899125,0.9833887043189369,0.9833887043189369,0.9833887043189369,0.9833887043189369,0.9817427385892116,0.9817427385892116,0.9817427385892116,0.9817427385892116,0.9817427385892116,0.9817427385892116,0.9817427385892116,0.9800995024875622,0.9768211920529801,0.9670510708401977,0.9398862713241267,0.8997613365155132,0.7874251497005988,0.6059179556153329,0.17001469867711905,0.901722692874403,0.42312923938388275,0.42312923938388275,0.42312923938388275,0.42312923938388275,0.423485509975443,0.423485509975443,0.423485509975443,0.423485509975443,0.423485509975443,0.423485509975443,0.423485509975443,0.42218973973770746,0.4228911796404419,0.41982721862063216,0.4068450939744183,0.394093597113039,0.3609319937451315,0.31165942723133944,0.1440681770160541,0.39681168181275767,0.9850249584026622,0.9850249584026622,0.9850249584026622,0.9850249584026622,0.9841930116472546,0.9841930116472546,0.9841930116472546,0.9841930116472546,0.9841930116472546,0.9841930116472546,0.9841930116472546,0.9833610648918469,0.9816971713810316,0.9767054908485857,0.9625623960066556,0.9409317803660566,0.8752079866888519,0.7495840266222962,0.28868552412645593,0.9256940187406956,0.9983136593591906,0.9983136593591906,0.9983136593591906,0.9983136593591906,0.9974704890387859,0.9974704890387859,0.9974704890387859,0.9974704890387859,0.9974704890387859,0.9974704890387859,0.9974704890387859,0.9966273187183811,0.9949409780775716,0.9898819561551433,0.975548060708263,0.9536256323777403,0.8870151770657673,0.7596964586846543,0.2925801011804384,0.9381823022987487,0.4231292440527049,0.4231292440527049,0.4231292440527049,0.4231292440527049,0.4234855123118274,0.4234855123118274,0.4234855123118274,0.4234855123118274,0.4234855123118274,0.4234855123118274,0.4234855123118274,0.42262613636043705,0.42332835105332917,0.421344890826476,0.4127476965069741,0.40409662057490386,0.3808987555594921,0.3451240163914748,0.19697718020398278,0.40337153736161485,0.9991554054054054,0.9991554054054054,0.9991554054054054,0.9991554054054054,0.9995773457311918,0.9995773457311918,0.9995773457311918,0.9995773457311918,0.9995773457311918,0.9995773457311918,0.9995773457311918,0.9987329183323369,0.9984765334481545,0.9934093463167463,0.9795157391425985,0.9577452466129207,0.8967296442522831,0.7755894828439377,0.35310058830568103,0.9445769758418224,0.9175565541076209,0.9175565541076209,0.9175565541076209,0.9175565541076209,0.9181270804163396,0.9181270804163396,0.9181270804163396,0.9181270804163396,0.9181270804163396,0.9181270804163396,0.9181270804163396,0.9184004100982025,0.9188976612587078,0.9201315029429766,0.9230208274675012,0.9263353649847434,0.9338925364241452,0.9427236144965736,0.9645183101803038,0.9234229477472639,0.6455949670056755,0.6455949670056755,0.6455949670056755,0.6455949670056755,0.6455938966964485,0.6455938966964485,0.6455938966964485,0.6455938966964485,0.6455938966964485,0.6455938966964485,0.6455938966964485,0.6443329512409588,0.6443221824949142,0.6403495526932622,0.6257905308164778,0.608945966373401,0.5620414251434407,0.4833372822355688,0.20393723836470526,0.6060312775926616,1184.0,1184.0,1184.0,1184.0,1183.0,1183.0,1183.0,1183.0,1183.0,1183.0,1183.0,1182.0,1180.0,1174.0,1157.0,1131.0,1052.0,901.0,347.0,1112.6842105263158,18.0,18.0,18.0,18.0,19.0,19.0,19.0,19.0,19.0,19.0,19.0,20.0,22.0,28.0,45.0,71.0,150.0,301.0,855.0,89.3157894736842,2.0,2.0,2.0,2.0,3.0,3.0,3.0,3.0,3.0,3.0,3.0,4.0,6.0,12.0,29.0,55.0,134.0,285.0,839.0,73.3157894736842,0.9758735440931781,0.9181270804163396,0.9816971713810316,0.9841930116472546,0.9974704890387859,1.0,0.0,0.0,0.8952947887957818,0.990787269681742,0.004991680532445923,0.9809940948086403,1086.1443361325298,1183,19,3,7,2,0,0,4.0,601,0.52428810720268,0.5207986688851913,0.5278246205733558,626,576,560,1186,1202,10,2
fencing_008_fencing_aria01_rgb,0.8357863941692468,0.9450463887102873,0.7898569135428395,0.8357863941692468,0.8357863941692468,0.8357863941692468,0.8357863941692468,0.8357863941692468,0.8357863941692468,0.8357863941692468,0.8357863941692468,0.8357863941692468,0.8357863941692468,0.8357863941692468,0.8357863941692468,0.8357863941692468,0.8341364603602323,0.8278839360054142,0.8118572145486004,0.7787765537413637,0.6951585825051738,0.3579287052845152,0.7984718198234478,1.0,1.0,1.0,1.0,1.0,1.0,1.0,1.0,1.0,1.0,1.0,1.0,1.0,0.9962859795728877,0.9852262234533703,0.959890610756609,0.9179304192685103,0.8143459915611815,0.42762284196547146,0.9527001087672649,0.6985388966784316,0.6985388966784316,0.6985388966784316,0.6985388966784316,0.6985388966784316,0.6985388966784316,0.6985388966784316,0.6985388966784316,0.6985388966784316,0.6985388966784316,0.6985388966784316,0.6985388966784316,0.6985388966784316,0.6983774225153535,0.695669476897816,0.6866533846967041,0.6607177493263415,0.5934154030821389,0.2995933460378477,0.6692332862829374,1.0,1.0,1.0,1.0,1.0,1.0,1.0,1.0,1.0,1.0,1.0,1.0,1.0,0.998139534883721,0.9925581395348837,0.9795348837209302,0.9572093023255814,0.8976744186046511,0.5990697674418605,0.9696940024479804,1.0,1.0,1.0,1.0,1.0,1.0,1.0,1.0,1.0,1.0,1.0,1.0,1.0,0.998139534883721,0.9925581395348837,0.9795348837209302,0.9572093023255814,0.8976744186046511,0.5990697674418605,0.9696940024479804,0.6985388966784316,0.6985388966784316,0.6985388966784316,0.6985388966784316,0.6985388966784316,0.6985388966784316,0.6985388966784316,0.6985388966784316,0.6985388966784316,0.6985388966784316,0.6985388966784316,0.6985388966784316,0.6985388966784316,0.6985853873085933,0.6973655122671056,0.6929735339042082,0.6785830901477161,0.6388422155261534,0.3998977422890466,0.6782764809611809,1.0,1.0,1.0,1.0,1.0,1.0,1.0,1.0,1.0,1.0,1.0,1.0,1.0,0.9981589374438962,0.9926441158222256,0.9797926141620755,0.9582658804340465,0.9003213270512613,0.6076834532819462,0.9703613856944976,0.9450463887102873,0.9450463887102873,0.9450463887102873,0.9450463887102873,0.9450463887102873,0.9450463887102873,0.9450463887102873,0.9450463887102873,0.9450463887102873,0.9450463887102873,0.9450463887102873,0.9450463887102873,0.9450463887102873,0.9455645035714806,0.9467797818870117,0.9490565372283869,0.9519410669503303,0.9567485338546725,0.9683161908455352,0.9475794561879552,0.8357863941692468,0.8357863941692468,0.8357863941692468,0.8357863941692468,0.8357863941692468,0.8357863941692468,0.8357863941692468,0.8357863941692468,0.8357863941692468,0.8357863941692468,0.8357863941692468,0.8357863941692468,0.8357863941692468,0.8349120406861832,0.8309587244387666,0.8201225172713338,0.7952642176451772,0.7298587719229,0.4236476320458103,0.8052624751689674,1075.0,1075.0,1075.0,1075.0,1075.0,1075.0,1075.0,1075.0,1075.0,1075.0,1075.0,1075.0,1075.0,1073.0,1067.0,1053.0,1029.0,965.0,644.0,1042.421052631579,0.0,0.0,0.0,0.0,0.0,0.0,0.0,0.0,0.0,0.0,0.0,0.0,0.0,2.0,8.0,22.0,46.0,110.0,431.0,32.578947368421055,0.0,0.0,0.0,0.0,0.0,0.0,0.0,0.0,0.0,0.0,0.0,0.0,0.0,2.0,8.0,22.0,46.0,110.0,431.0,32.578947368421055,0.9972093023255814,0.9450463887102873,1.0,1.0,1.0,1.0,0.0,0.0,0.9422556910358688,1.0,0.0,0.9995561662746795,1015.9248678635589,1075,0,0,3,2,0,0,3.0,601,0.7153488372093023,0.7153488372093023,0.7153488372093023,769,306,306,1075,1075,5,2
fencing_008_fencing_aria02_rgb,0.9213458260589635,0.953282217697327,0.8783025923316645,0.9213458260589635,0.9213458260589635,0.9213458260589635,0.9213458260589635,0.9213458260589635,0.9213458260589635,0.9213458260589635,0.9213458260589635,0.9213458260589635,0.9213458260589635,0.9189500932061815,0.9166479452690977,0.9166479452690977,0.9144346688244634,0.9063398498479536,0.9001424891158032,0.8900890740788443,0.8487639656554119,0.5356731883978418,0.8926919726449647,0.9951690821256038,0.9951690821256038,0.9951690821256038,0.9951690821256038,0.9951690821256038,0.9951690821256038,0.9951690821256038,0.9951690821256038,0.9951690821256038,0.9951690821256038,0.9919614147909968,0.9887640449438202,0.9887640449438202,0.9855769230769231,0.9697933227344993,0.9635499207606973,0.9481132075471698,0.8858447488584474,0.5391304347826087,0.9585888886155275,0.8529988988234403,0.8529988988234403,0.8529988988234403,0.8529988988234403,0.8529988988234403,0.8529988988234403,0.8529988988234403,0.8529988988234403,0.8529988988234403,0.8529988988234403,0.851312622862026,0.8497916766520367,0.8497916766520367,0.8484277015512491,0.847038130873273,0.8409076512319338,0.8356159934151308,0.8132353556573566,0.532238112070252,0.8314919952210367,0.9983844911147012,0.9983844911147012,0.9983844911147012,0.9983844911147012,0.9983844911147012,0.9983844911147012,0.9983844911147012,0.9983844911147012,0.9983844911147012,0.9983844911147012,0.9967689822294022,0.9951534733441034,0.9951534733441034,0.9935379644588045,0.9854604200323102,0.9822294022617124,0.9741518578352181,0.9402261712439418,0.7011308562197092,0.9761925006377009,0.9967741935483871,0.9967741935483871,0.9967741935483871,0.9967741935483871,0.9967741935483871,0.9967741935483871,0.9967741935483871,0.9967741935483871,0.9967741935483871,0.9967741935483871,0.9951612903225806,0.9935483870967742,0.9935483870967742,0.9919354838709677,0.9838709677419355,0.9806451612903225,0.9725806451612903,0.9387096774193548,0.7,0.9746179966044142,0.8547277701362691,0.8547277701362691,0.8547277701362691,0.8547277701362691,0.8547277701362691,0.8547277701362691,0.8547277701362691,0.8547277701362691,0.8547277701362691,0.8547277701362691,0.8537296170322856,0.8527918849998385,0.8527918849998385,0.8519148687758625,0.8524569225057836,0.8491454159035742,0.8460883010154053,0.8346562767210364,0.6540568521820359,0.8418373539735974,0.9969255663430421,0.9969255663430421,0.9969255663430421,0.9969255663430421,0.9969255663430421,0.9969255663430421,0.9969255663430421,0.9969255663430421,0.9969255663430421,0.9969255663430421,0.9955024311183145,0.9941558441558441,0.9941558441558441,0.9928861788617886,0.9853942348912802,0.9820815421435912,0.9759432589891763,0.951891897041443,0.739595851314226,0.9779401445316804,0.953282217697327,0.953282217697327,0.953282217697327,0.953282217697327,0.953282217697327,0.953282217697327,0.953282217697327,0.953282217697327,0.953282217697327,0.953282217697327,0.9539407289476237,0.9545443998488086,0.9545443998488086,0.9549883852733664,0.9568361130309607,0.9574055271266112,0.9585142554307342,0.9612042889690796,0.9702048730768524,0.9555265867645324,0.9228330680698654,0.9228330680698654,0.9228330680698654,0.9228330680698654,0.9228330680698654,0.9228330680698654,0.9228330680698654,0.9228330680698654,0.9228330680698654,0.9228330680698654,0.9211742596540703,0.9196048818047801,0.9196048818047801,0.9181204341423244,0.9136315188486869,0.9088257366661899,0.9022288359513738,0.8744284789334813,0.6108752435879009,0.9008855237943285,618.0,618.0,618.0,618.0,618.0,618.0,618.0,618.0,618.0,618.0,617.0,616.0,616.0,615.0,610.0,608.0,603.0,582.0,434.0,604.2631578947369,1.0,1.0,1.0,1.0,1.0,1.0,1.0,1.0,1.0,1.0,2.0,3.0,3.0,4.0,9.0,11.0,16.0,37.0,185.0,14.736842105263158,2.0,2.0,2.0,2.0,2.0,2.0,2.0,2.0,2.0,2.0,3.0,4.0,4.0,5.0,10.0,12.0,17.0,38.0,186.0,15.736842105263158,0.9919224555735057,0.953282217697327,0.9951534733441034,0.9983844911147012,0.9967741935483871,1.0,0.0,0.0,0.9452801462632441,0.9975786924939467,0.0033277870216306157,0.9946671567113669,589.1284105369481,618,1,2,2,2,0,0,3.0,601,0.9168684422921711,0.9176090468497576,0.9161290322580645,568,51,52,620,619,4,2
fencing_008_fencing_aria03_rgb,0.8684788355588561,0.9480153764128773,0.8233312901989462,0.8684788355588561,0.8684788355588561,0.8684788355588561,0.8684788355588561,0.8684788355588561,0.8684788355588561,0.8684788355588561,0.8684788355588561,0.8684788355588561,0.8684788355588561,0.8674641136632006,0.8674641136632006,0.8647179958800393,0.8619824272467445,0.8610642525838132,0.845003357152879,0.8104016487107786,0.7151209614014099,0.41498720684200147,0.8312102333017173,1.0,1.0,1.0,1.0,1.0,1.0,1.0,1.0,1.0,1.0,0.9983150800336984,0.9983150800336984,0.9949537426408747,0.9916036943744753,0.9899328859060402,0.9750208159866778,0.9363265306122449,0.8232129131437356,0.4641975308641975,0.956414645978718,0.7542554878136666,0.7542554878136666,0.7542554878136666,0.7542554878136666,0.7542554878136666,0.7542554878136666,0.7542554878136666,0.7542554878136666,0.7542554878136666,0.7542554878136666,0.7537640205415727,0.7537640205415727,0.751529624295996,0.7493050995043922,0.7489716299293587,0.7323235175005659,0.7014121791504851,0.6212220207804067,0.37099374811820784,0.7224126704473276,1.0,1.0,1.0,1.0,1.0,1.0,1.0,1.0,1.0,1.0,0.9991568296795953,0.9991568296795953,0.9974704890387859,0.9957841483979764,0.9949409780775716,0.9873524451939292,0.9671163575042159,0.903035413153457,0.6340640809443507,0.97253039850892,1.0,1.0,1.0,1.0,1.0,1.0,1.0,1.0,1.0,1.0,0.9991568296795953,0.9991568296795953,0.9974704890387859,0.9957841483979764,0.9949409780775716,0.9873524451939292,0.9671163575042159,0.903035413153457,0.6340640809443507,0.97253039850892,0.7542554878136666,0.7542554878136666,0.7542554878136666,0.7542554878136666,0.7542554878136666,0.7542554878136666,0.7542554878136666,0.7542554878136666,0.7542554878136666,0.7542554878136666,0.7539990623534927,0.7539990623534927,0.7527912859204887,0.7515851314051041,0.7514325561506813,0.7420026403062079,0.7241210327142376,0.6743282518102262,0.4818248379148652,0.7330862494244981,1.0,1.0,1.0,1.0,1.0,1.0,1.0,1.0,1.0,1.0,0.9991588403429972,0.9991588403429972,0.9974712815415036,0.9957869829255209,0.9949513632654426,0.9873930693373079,0.9674422006764044,0.9045440383194979,0.6346852920150241,0.9726627320403524,0.9480153764128773,0.9480153764128773,0.9480153764128773,0.9480153764128773,0.9480153764128773,0.9480153764128773,0.9480153764128773,0.9480153764128773,0.9480153764128773,0.9480153764128773,0.9483905629909046,0.9483905629909046,0.9489476612144526,0.9494250299794343,0.9495959796401374,0.9509251131529508,0.953421157938027,0.9587257326821094,0.9691260186928307,0.9503737675479221,0.8684788355588561,0.8684788355588561,0.8684788355588561,0.8684788355588561,0.8684788355588561,0.8684788355588561,0.8684788355588561,0.8684788355588561,0.8684788355588561,0.8684788355588561,0.8678297466040578,0.8678297466040578,0.8658109619736066,0.8637975112260061,0.8632395762673705,0.8503301803871264,0.823618353249314,0.7489896422484492,0.4850090823238998,0.8379601661301289,1186.0,1186.0,1186.0,1186.0,1186.0,1186.0,1186.0,1186.0,1186.0,1186.0,1185.0,1185.0,1183.0,1181.0,1180.0,1171.0,1147.0,1071.0,752.0,1153.421052631579,0.0,0.0,0.0,0.0,0.0,0.0,0.0,0.0,0.0,0.0,1.0,1.0,3.0,5.0,6.0,15.0,39.0,115.0,434.0,32.578947368421055,0.0,0.0,0.0,0.0,0.0,0.0,0.0,0.0,0.0,0.0,1.0,1.0,3.0,5.0,6.0,15.0,39.0,115.0,434.0,32.578947368421055,0.9991568296795953,0.9480153764128773,1.0,1.0,1.0,1.0,0.0,0.0,0.9471722060924725,1.0,0.0,1.0,1124.3462364256725,1186,0,0,1,2,0,0,1.0,601,0.7681281618887015,0.7681281618887015,0.7681281618887015,911,275,275,1186,1186,3,2
fencing_009_fencing_aria01_rgb,0.7663708022371896,0.9446328509845149,0.7239390358286062,0.7663708022371896,0.7663708022371896,0.7663708022371896,0.7663708022371896,0.7663708022371896,0.7663708022371896,0.7663708022371896,0.7645738702564288,0.7645738702564288,0.7645738702564288,0.7645738702564288,0.7645738702564288,0.7645738702564288,0.7610725693431052,0.7512984477978678,0.7427899683924554,0.725338282860003,0.664937018648693,0.38673306395512996,0.7360109572734818,0.9894736842105263,0.9894736842105263,0.9894736842105263,0.9894736842105263,0.9894736842105263,0.9894736842105263,0.9894736842105263,0.9859894921190894,0.9859894921190894,0.9859894921190894,0.9859894921190894,0.9859894921190894,0.9859894921190894,0.9790575916230366,0.9518072289156626,0.9351535836177475,0.89,0.8,0.4519846350832266,0.939487146390942,0.5935723363782871,0.5935723363782871,0.5935723363782871,0.5935723363782871,0.5935723363782871,0.5935723363782871,0.5935723363782871,0.5928797494814364,0.5928797494814364,0.5928797494814364,0.5928797494814364,0.5928797494814364,0.5928797494814364,0.5916214334708261,0.5930290719755608,0.5899960678223657,0.5911411512160649,0.5526765484617655,0.33090165272671895,0.5769289882742068,0.9964664310954063,0.9964664310954063,0.9964664310954063,0.9964664310954063,0.9964664310954063,0.9964664310954063,0.9964664310954063,0.9946996466431095,0.9946996466431095,0.9946996466431095,0.9946996466431095,0.9946996466431095,0.9946996466431095,0.991166077738516,0.9770318021201413,0.9681978798586572,0.9434628975265018,0.8904593639575972,0.6236749116607774,0.9651292542309837,0.9929577464788732,0.9929577464788732,0.9929577464788732,0.9929577464788732,0.9929577464788732,0.9929577464788732,0.9929577464788732,0.9911971830985915,0.9911971830985915,0.9911971830985915,0.9911971830985915,0.9911971830985915,0.9911971830985915,0.9876760563380281,0.9735915492957746,0.9647887323943662,0.9401408450704225,0.8873239436619719,0.6214788732394366,0.9617309117865086,0.5942191998809381,0.5942191998809381,0.5942191998809381,0.5942191998809381,0.5942191998809381,0.5942191998809381,0.5942191998809381,0.5938002901836091,0.5938002901836091,0.5938002901836091,0.5938002901836091,0.5938002901836091,0.5938002901836091,0.5930278936554229,0.5951773829749307,0.5937672442064377,0.5969011697444376,0.5755579067785306,0.41277278824975683,0.5836600276777758,0.9934504620674832,0.9934504620674832,0.9934504620674832,0.9934504620674832,0.9934504620674832,0.9934504620674832,0.9934504620674832,0.9917971903762313,0.9917971903762313,0.9917971903762313,0.9917971903762313,0.9917971903762313,0.9917971903762313,0.9886350132339438,0.9774470518932544,0.9699252548564217,0.9544415778739143,0.9053950023260307,0.6478350073832305,0.9657165939103455,0.9446328509845149,0.9446328509845149,0.9446328509845149,0.9446328509845149,0.9446328509845149,0.9446328509845149,0.9446328509845149,0.945611450629902,0.945611450629902,0.945611450629902,0.945611450629902,0.945611450629902,0.945611450629902,0.9465679992016012,0.9497225722118345,0.9512266778871263,0.9544829621830283,0.958951215420506,0.9694682748917071,0.9482378085508852,0.7690740586106345,0.7690740586106345,0.7690740586106345,0.7690740586106345,0.7690740586106345,0.7690740586106345,0.7690740586106345,0.7679435378405369,0.7679435378405369,0.7679435378405369,0.7679435378405369,0.7679435378405369,0.7679435378405369,0.7657643865571949,0.7611887170090721,0.7557995382312422,0.7468063627028498,0.7015240607545431,0.4542852177132134,0.7461341010676726,564.0,564.0,564.0,564.0,564.0,564.0,564.0,563.0,563.0,563.0,563.0,563.0,563.0,561.0,553.0,548.0,534.0,504.0,353.0,546.2631578947369,2.0,2.0,2.0,2.0,2.0,2.0,2.0,3.0,3.0,3.0,3.0,3.0,3.0,5.0,13.0,18.0,32.0,62.0,213.0,19.736842105263158,4.0,4.0,4.0,4.0,4.0,4.0,4.0,5.0,5.0,5.0,5.0,5.0,5.0,7.0,15.0,20.0,34.0,64.0,215.0,21.736842105263158,0.9770318021201413,0.945611450629902,0.9858657243816255,0.9946996466431095,0.9911971830985915,1.0,0.0,0.0,0.9229315312802736,0.9929453262786596,0.01160092807424594,0.9846307950453427,532.3792467046349,563,3,5,5,2,0,0,5.0,431,0.7107583774250441,0.7120141342756183,0.7095070422535211,403,163,165,568,566,7,2
fencing_009_fencing_aria02_rgb,0.901803846146059,0.9502195372030127,0.8569116333328051,0.901803846146059,0.901803846146059,0.901803846146059,0.901803846146059,0.901803846146059,0.901803846146059,0.901803846146059,0.901803846146059,0.901803846146059,0.901803846146059,0.901803846146059,0.901803846146059,0.901803846146059,0.898739674776845,0.8972414778078768,0.8895382294618734,0.8665129512860961,0.8188458803122974,0.5122425171678046,0.8740300384585031,0.9949832775919732,0.9949832775919732,0.9949832775919732,0.9949832775919732,0.9949832775919732,0.9949832775919732,0.9949832775919732,0.9949832775919732,0.9949832775919732,0.9949832775919732,0.9949832775919732,0.9949832775919732,0.9949832775919732,0.9883333333333333,0.9850249584026622,0.971900826446281,0.93354943273906,0.8582554517133957,0.4893882646691635,0.955854467157871,0.817350597983945,0.817350597983945,0.817350597983945,0.817350597983945,0.817350597983945,0.817350597983945,0.817350597983945,0.817350597983945,0.817350597983945,0.817350597983945,0.817350597983945,0.817350597983945,0.817350597983945,0.8172677939473751,0.8172810877851628,0.8141553542735878,0.8042902372545406,0.7812459266828284,0.5361640548773501,0.799787485716428,0.9966499162479062,0.9966499162479062,0.9966499162479062,0.9966499162479062,0.9966499162479062,0.9966499162479062,0.9966499162479062,0.9966499162479062,0.9966499162479062,0.9966499162479062,0.9966499162479062,0.9966499162479062,0.9966499162479062,0.9932998324958124,0.9916247906197655,0.9849246231155779,0.964824120603015,0.9229480737018425,0.6566164154103853,0.972141408798378,0.9983221476510067,0.9983221476510067,0.9983221476510067,0.9983221476510067,0.9983221476510067,0.9983221476510067,0.9983221476510067,0.9983221476510067,0.9983221476510067,0.9983221476510067,0.9983221476510067,0.9983221476510067,0.9983221476510067,0.9949664429530202,0.9932885906040269,0.9865771812080537,0.9664429530201343,0.924496644295302,0.6577181208053692,0.9737725185446839,0.8175761871013465,0.8175761871013465,0.8175761871013465,0.8175761871013465,0.8175761871013465,0.8175761871013465,0.8175761871013465,0.8175761871013465,0.8175761871013465,0.8175761871013465,0.8175761871013465,0.8175761871013465,0.8175761871013465,0.8178955281496983,0.8180865353305112,0.8170681209615202,0.8135580071640001,0.8053206843738367,0.6632970396667878,0.8086166498928347,0.9983464353483329,0.9983464353483329,0.9983464353483329,0.9983464353483329,0.9983464353483329,0.9983464353483329,0.9983464353483329,0.9983464353483329,0.9983464353483329,0.9983464353483329,0.9983464353483329,0.9983464353483329,0.9983464353483329,0.995185769460915,0.9936791630340017,0.9874264878753651,0.9691519356803959,0.9317482244926025,0.7091432523516904,0.9770967627591209,0.9502195372030127,0.9502195372030127,0.9502195372030127,0.9502195372030127,0.9502195372030127,0.9502195372030127,0.9502195372030127,0.9502195372030127,0.9502195372030127,0.9502195372030127,0.9502195372030127,0.9502195372030127,0.9502195372030127,0.9511480137873853,0.9514910174057213,0.9527625287239354,0.9554373833408576,0.9588612442686388,0.9700364826044477,0.9522416133563238,0.9025588097325709,0.9025588097325709,0.9025588097325709,0.9025588097325709,0.9025588097325709,0.9025588097325709,0.9025588097325709,0.9025588097325709,0.9025588097325709,0.9025588097325709,0.9025588097325709,0.9025588097325709,0.9025588097325709,0.9009949849095443,0.9002422938034272,0.8954784505868598,0.8809078390323829,0.8491462907646288,0.5933414866545763,0.8817566248565706,595.0,595.0,595.0,595.0,595.0,595.0,595.0,595.0,595.0,595.0,595.0,595.0,595.0,593.0,592.0,588.0,576.0,551.0,392.0,580.3684210526316,2.0,2.0,2.0,2.0,2.0,2.0,2.0,2.0,2.0,2.0,2.0,2.0,2.0,4.0,5.0,9.0,21.0,46.0,205.0,16.63157894736842,1.0,1.0,1.0,1.0,1.0,1.0,1.0,1.0,1.0,1.0,1.0,1.0,1.0,3.0,4.0,8.0,20.0,45.0,204.0,15.631578947368421,0.9916247906197655,0.9502195372030127,0.9949748743718593,0.9966499162479062,0.9983221476510067,1.0,0.0,0.0,0.942011096542366,0.9974853310980721,0.002320185614849188,0.9944706365231759,565.3806246357925,595,2,1,2,2,0,0,3.0,431,0.8248113998323554,0.8241206030150754,0.825503355704698,492,105,104,596,597,4,2
fencing_009_fencing_aria03_rgb,0.7130501607357387,0.9544868595930922,0.6805970086530049,0.7130501607357387,0.7130501607357387,0.7130501607357387,0.7130501607357387,0.7130501607357387,0.7130501607357387,0.7130501607357387,0.7130501607357387,0.7130501607357387,0.7130501607357387,0.7130501607357387,0.7130501607357387,0.7130501607357387,0.7108381394444291,0.7108381394444291,0.7074384226910744,0.691489946518199,0.6343430161391902,0.39376251878786556,0.690440119609989,0.9946666666666667,0.9946666666666667,0.9946666666666667,0.9946666666666667,0.9946666666666667,0.9946666666666667,0.9946666666666667,0.9946666666666667,0.9946666666666667,0.9946666666666667,0.9946666666666667,0.9946666666666667,0.9946666666666667,0.9920106524633822,0.9920106524633822,0.9867197875166003,0.963254593175853,0.87468671679198,0.5187817258883248,0.9609542523666417,0.5111667544154785,0.5111667544154785,0.5111667544154785,0.5111667544154785,0.5111667544154785,0.5111667544154785,0.5111667544154785,0.5111667544154785,0.5111667544154785,0.5111667544154785,0.5111667544154785,0.5111667544154785,0.5111667544154785,0.5093603170833585,0.5093603170833585,0.5072049108888631,0.4963987190128545,0.4600402114260785,0.29887120818812474,0.4961264995307293,0.9973262032085561,0.9973262032085561,0.9973262032085561,0.9973262032085561,0.9973262032085561,0.9973262032085561,0.9973262032085561,0.9973262032085561,0.9973262032085561,0.9973262032085561,0.9973262032085561,0.9973262032085561,0.9973262032085561,0.9959893048128342,0.9959893048128342,0.9933155080213903,0.9812834224598931,0.9331550802139037,0.6831550802139037,0.9762172811708415,0.9973262032085561,0.9973262032085561,0.9973262032085561,0.9973262032085561,0.9973262032085561,0.9973262032085561,0.9973262032085561,0.9973262032085561,0.9973262032085561,0.9973262032085561,0.9973262032085561,0.9973262032085561,0.9973262032085561,0.9959893048128342,0.9959893048128342,0.9933155080213903,0.9812834224598931,0.9331550802139037,0.6831550802139037,0.9762172811708415,0.5119066393313357,0.5119066393313357,0.5119066393313357,0.5119066393313357,0.5119066393313357,0.5119066393313357,0.5119066393313357,0.5119066393313357,0.5119066393313357,0.5119066393313357,0.5119066393313357,0.5119066393313357,0.5119066393313357,0.5107382550335571,0.5107382550335571,0.5092917137490013,0.5022075216016553,0.4776596233700565,0.34889647016963704,0.5007535868560435,0.9973459792258882,0.9973459792258882,0.9973459792258882,0.9973459792258882,0.9973459792258882,0.9973459792258882,0.9973459792258882,0.9973459792258882,0.9973459792258882,0.9973459792258882,0.9973459792258882,0.9973459792258882,0.9973459792258882,0.9960053174582195,0.9960053174582195,0.9933839340698671,0.9813519691278098,0.9333885919644618,0.6954073938415721,0.9768968554661419,0.9544868595930922,0.9544868595930922,0.9544868595930922,0.9544868595930922,0.9544868595930922,0.9544868595930922,0.9544868595930922,0.9544868595930922,0.9544868595930922,0.9544868595930922,0.9544868595930922,0.9544868595930922,0.9544868595930922,0.9548318691326946,0.9548318691326946,0.9552910560999139,0.9569268401225559,0.9607657945414788,0.9707508967950181,0.9558803947649767,0.7140027999858471,0.7140027999858471,0.7140027999858471,0.7140027999858471,0.7140027999858471,0.7140027999858471,0.7140027999858471,0.7140027999858471,0.7140027999858471,0.7140027999858471,0.7140027999858471,0.7140027999858471,0.7140027999858471,0.7122621905668579,0.7122621905668579,0.7097989178144153,0.6979311097075704,0.6552013891887924,0.45185770349014154,0.695860521113192,746.0,746.0,746.0,746.0,746.0,746.0,746.0,746.0,746.0,746.0,746.0,746.0,746.0,745.0,745.0,743.0,734.0,698.0,511.0,730.2105263157895,2.0,2.0,2.0,2.0,2.0,2.0,2.0,2.0,2.0,2.0,2.0,2.0,2.0,3.0,3.0,5.0,14.0,50.0,237.0,17.789473684210527,2.0,2.0,2.0,2.0,2.0,2.0,2.0,2.0,2.0,2.0,2.0,2.0,2.0,3.0,3.0,5.0,14.0,50.0,237.0,17.789473684210527,0.9906417112299465,0.9544868595930922,0.9946524064171123,0.9973262032085561,0.9973262032085561,1.0,0.0,0.0,0.9452502637118273,0.9973262032085561,0.004640371229698376,0.9940145437771127,712.0471972564468,746,2,2,3,2,0,0,3.0,431,0.6096256684491979,0.6096256684491979,0.6096256684491979,456,292,292,748,748,5,2
fencing_011_fencing_aria03_rgb,0.7462804513575193,0.9531125055985008,0.7112892308725454,0.7462804513575193,0.7462804513575193,0.7462804513575193,0.7462804513575193,0.7462804513575193,0.7462804513575193,0.7462804513575193,0.7462804513575193,0.7462804513575193,0.7462804513575193,0.7462804513575193,0.7462804513575193,0.7462804513575193,0.7462804513575193,0.738327963050389,0.7316561820301157,0.7264465461937643,0.6641234343966583,0.38876978138626483,0.7209079066348665,0.9800664451827242,0.9800664451827242,0.9800664451827242,0.9800664451827242,0.9800664451827242,0.9800664451827242,0.9800664451827242,0.9800664451827242,0.9800664451827242,0.9800664451827242,0.9800664451827242,0.9800664451827242,0.9800664451827242,0.9800664451827242,0.9702479338842975,0.9605263157894737,0.9540983606557377,0.8742138364779874,0.5050505050505051,0.9465824833903232,0.568261993679977,0.568261993679977,0.568261993679977,0.568261993679977,0.568261993679977,0.568261993679977,0.568261993679977,0.568261993679977,0.568261993679977,0.568261993679977,0.568261993679977,0.568261993679977,0.568261993679977,0.568261993679977,0.5618442070160009,0.5573202523482099,0.5531133961011646,0.5045217974262963,0.2992610469798658,0.5490383479679587,1.0,1.0,1.0,1.0,1.0,1.0,1.0,1.0,1.0,1.0,1.0,1.0,1.0,1.0,0.9949152542372881,0.9898305084745763,0.9864406779661017,0.9423728813559322,0.6779661016949152,0.97850133809099,0.9800664451827242,0.9800664451827242,0.9800664451827242,0.9800664451827242,0.9800664451827242,0.9800664451827242,0.9800664451827242,0.9800664451827242,0.9800664451827242,0.9800664451827242,0.9800664451827242,0.9800664451827242,0.9800664451827242,0.9800664451827242,0.9750830564784053,0.9700996677740864,0.9667774086378738,0.9235880398671097,0.6644518272425249,0.958996328029376,0.568261993679977,0.568261993679977,0.568261993679977,0.568261993679977,0.568261993679977,0.568261993679977,0.568261993679977,0.568261993679977,0.568261993679977,0.568261993679977,0.568261993679977,0.568261993679977,0.568261993679977,0.568261993679977,0.5641931106170416,0.5613710239145576,0.5586638709301648,0.5262102182660652,0.3593305084745763,0.5539703496695833,1.0,1.0,1.0,1.0,1.0,1.0,1.0,1.0,1.0,1.0,1.0,1.0,1.0,1.0,0.994927218445865,0.9898411944044604,0.9864719303656339,0.94321420857565,0.6901346082188864,0.9791889031584473,0.9531125055985008,0.9531125055985008,0.9531125055985008,0.9531125055985008,0.9531125055985008,0.9531125055985008,0.9531125055985008,0.9531125055985008,0.9531125055985008,0.9531125055985008,0.9531125055985008,0.9531125055985008,0.9531125055985008,0.9531125055985008,0.9542414603615584,0.9551641346455919,0.955663128924295,0.9589233122905266,0.9689320538092809,0.9545525878110666,0.7538315419773685,0.7538315419773685,0.7538315419773685,0.7538315419773685,0.7538315419773685,0.7538315419773685,0.7538315419773685,0.7538315419773685,0.7538315419773685,0.7538315419773685,0.7538315419773685,0.7538315419773685,0.7538315419773685,0.7538315419773685,0.7476545807156351,0.7427331881402687,0.7386565869483368,0.6895271277821438,0.4504318432460992,0.7327707849745075,590.0,590.0,590.0,590.0,590.0,590.0,590.0,590.0,590.0,590.0,590.0,590.0,590.0,590.0,587.0,584.0,582.0,556.0,400.0,577.3157894736842,0.0,0.0,0.0,0.0,0.0,0.0,0.0,0.0,0.0,0.0,0.0,0.0,0.0,0.0,3.0,6.0,8.0,34.0,190.0,12.68421052631579,12.0,12.0,12.0,12.0,12.0,12.0,12.0,12.0,12.0,12.0,12.0,12.0,12.0,12.0,15.0,18.0,20.0,46.0,202.0,24.68421052631579,0.9779661016949153,0.9531125055985008,0.9796610169491525,1.0,0.9800664451827242,1.0,0.0,0.0,0.9310786072934161,0.9899328859060402,0.019966722129783693,0.9796610169491525,562.3363783031155,590,0,12,1,1,0,0,0.0,601,0.6778523489932886,0.6847457627118644,0.6710963455149501,404,186,198,602,590,5,1
fencing_014_fencing_aria03_rgb,0.9969788519637464,0.9654748995245012,0.9625580569277505,0.9969788519637464,0.9969788519637464,0.9969788519637464,0.9969788519637464,0.9969788519637464,0.9969788519637464,0.9969788519637464,0.9969788519637464,0.9969788519637464,0.9969788519637464,0.9969788519637464,0.9969788519637464,0.9969788519637464,0.9969788519637464,0.9969788519637464,0.9909638554216867,0.9790419161676646,0.9215116279069767,0.699228791773779,0.9760752089855949,0.9969788519637462,0.9969788519637462,0.9969788519637462,0.9969788519637462,0.9969788519637462,0.9969788519637462,0.9969788519637462,0.9969788519637462,0.9969788519637462,0.9969788519637462,0.9969788519637462,0.9969788519637462,0.9969788519637462,0.9969788519637462,0.9969788519637462,0.9909638554216867,0.9790419161676647,0.9215116279069767,0.699228791773779,0.9760752089855949,0.9969788519637464,0.9969788519637464,0.9969788519637464,0.9969788519637464,0.9969788519637464,0.9969788519637464,0.9969788519637464,0.9969788519637464,0.9969788519637464,0.9969788519637464,0.9969788519637464,0.9969788519637464,0.9969788519637464,0.9969788519637464,0.9969788519637464,0.9909638554216867,0.9790419161676646,0.9215116279069767,0.699228791773779,0.9760752089855949,0.9969788519637462,0.9969788519637462,0.9969788519637462,0.9969788519637462,0.9969788519637462,0.9969788519637462,0.9969788519637462,0.9969788519637462,0.9969788519637462,0.9969788519637462,0.9969788519637462,0.9969788519637462,0.9969788519637462,0.9969788519637462,0.9969788519637462,0.9939577039274925,0.9879154078549849,0.9577039274924471,0.8217522658610272,0.9850532676101128,1.0,1.0,1.0,1.0,1.0,1.0,1.0,1.0,1.0,1.0,1.0,1.0,1.0,1.0,1.0,0.996969696969697,0.990909090909091,0.9606060606060606,0.8242424242424242,0.9880382775119617,0.9969788519637464,0.9969788519637464,0.9969788519637464,0.9969788519637464,0.9969788519637464,0.9969788519637464,0.9969788519637464,0.9969788519637464,0.9969788519637464,0.9969788519637464,0.9969788519637464,0.9969788519637464,0.9969788519637464,0.9969788519637464,0.9969788519637464,0.9939577039274925,0.9879154078549849,0.9577039274924471,0.8217522658610272,0.9850532676101128,1.0,1.0,1.0,1.0,1.0,1.0,1.0,1.0,1.0,1.0,1.0,1.0,1.0,1.0,1.0,0.996969696969697,0.990909090909091,0.9606060606060606,0.8242424242424242,0.9880382775119617,0.9654748995245012,0.9654748995245012,0.9654748995245012,0.9654748995245012,0.9654748995245012,0.9654748995245012,0.9654748995245012,0.9654748995245012,0.9654748995245012,0.9654748995245012,0.9654748995245012,0.9654748995245012,0.9654748995245012,0.9654748995245012,0.9654748995245012,0.9660612792249346,0.9669176626432604,0.9695066153905461,0.9750832195986386,0.9662995931434157,0.9969788519637464,0.9969788519637464,0.9969788519637464,0.9969788519637464,0.9969788519637464,0.9969788519637464,0.9969788519637464,0.9969788519637464,0.9969788519637464,0.9969788519637464,0.9969788519637464,0.9969788519637464,0.9969788519637464,0.9969788519637464,0.9969788519637464,0.992459650771796,0.9834686542630142,0.9394335023174712,0.7580190261433886,0.980424400681677,330.0,330.0,330.0,330.0,330.0,330.0,330.0,330.0,330.0,330.0,330.0,330.0,330.0,330.0,330.0,329.0,327.0,317.0,272.0,326.05263157894734,1.0,1.0,1.0,1.0,1.0,1.0,1.0,1.0,1.0,1.0,1.0,1.0,1.0,1.0,1.0,2.0,4.0,14.0,59.0,4.947368421052632,0.0,0.0,0.0,0.0,0.0,0.0,0.0,0.0,0.0,0.0,0.0,0.0,0.0,0.0,0.0,1.0,3.0,13.0,58.0,3.9473684210526314,0.9969788519637462,0.9654748995245012,0.9969788519637462,0.9969788519637462,1.0,1.0,0.0,0.0,0.9625580569277504,0.9984871406959153,0.0,0.9969788519637462,318.6067168430854,330,1,0,0,1,0,0,0.0,331,0.9984871406959153,0.9969788519637462,1.0,330,1,0,330,331,1,1
legoassemble_001_legoassemble_aria02_rgb,0.7946006275514873,0.912910171099081,0.7253989948534654,0.7946006275514873,0.7931122987766699,0.7921366666956492,0.7911741222265899,0.7902245115773003,0.7896747755145681,0.7896747755145681,0.7896747755145681,0.7892053495616983,0.7857138539119898,0.7844970911044201,0.7814027410591714,0.7727687464677365,0.7670454798132887,0.7534153459891705,0.7338626700361739,0.6893219504471921,0.5940601099079464,0.29386489753674766,0.7408121468003651,0.9463327370304114,0.9411239964317574,0.93766696349065,0.9342222222222222,0.9307897071872228,0.9290780141843972,0.9290780141843972,0.9290780141843972,0.9273693534100974,0.9205648720211828,0.9154929577464789,0.9054290718038529,0.8856152512998267,0.8694158075601375,0.8440677966101695,0.8148457047539617,0.7408,0.6070901033973413,0.27549824150058616,0.8517662541588995,0.6671967824832072,0.6683785780149594,0.6691933523900365,0.6700295462808201,0.6708870692013116,0.6711882549835243,0.6711882549835243,0.6711882549835243,0.671625692057316,0.6706167908338632,0.6722451338852626,0.6743656270262341,0.6743013228835456,0.6767288597536819,0.6724989223041549,0.6609280939085711,0.6414211006591809,0.5813097795680306,0.31345600441554705,0.6457235484534893,0.9823584029712163,0.9795728876508821,0.9777158774373259,0.9758588672237697,0.9740018570102136,0.9730733519034355,0.9730733519034355,0.9730733519034355,0.9721448467966574,0.968430826369545,0.9656453110492108,0.9600742804085423,0.9489322191272052,0.9396471680594243,0.924791086350975,0.9071494893221913,0.8597957288765088,0.7632311977715878,0.436397400185701,0.9186825001221718,0.9626933575978162,0.9599636032757052,0.9581437670609645,0.9563239308462238,0.9545040946314831,0.9535941765241128,0.9535941765241128,0.9535941765241128,0.9526842584167425,0.9490445859872612,0.9463148316651502,0.9408553230209281,0.9299363057324841,0.9208371246587808,0.9062784349408554,0.8889899909008189,0.8425841674249318,0.7479526842584168,0.42766151046405826,0.9002921316028925,0.6850356113116036,0.6862884771889511,0.6871468723320575,0.6880239118107814,0.6889197022657461,0.6892628575834683,0.6892628575834683,0.6892628575834683,0.6897185802629928,0.689415729684186,0.6910994560994561,0.6935310552331828,0.6953287286079265,0.6988449755696404,0.6984671268642204,0.6936167700067286,0.6877905887491513,0.6596050428280094,0.4509353238460499,0.6763977118637414,0.9678721281437466,0.9660366934370465,0.964933882471748,0.9639283649629724,0.9630206974033213,0.9620657024374021,0.9620657024374021,0.9620657024374021,0.9616474270815637,0.9583262553474018,0.9562060426224425,0.9530096143434292,0.9450203038596827,0.9397469535817663,0.9299784284065531,0.916238616068662,0.8765309528242765,0.8023731323747745,0.5021566335726207,0.9185906965165376,0.912910171099081,0.9152447139401462,0.9167461863291786,0.9181486937501417,0.9194574292080204,0.9200907863494987,0.9200907863494987,0.9200907863494987,0.9205581437802686,0.9222697673114068,0.9234146287967555,0.925471070936498,0.9289877877569043,0.9314981736764654,0.9348114391131978,0.9379810094931145,0.9441486453902095,0.9525346085835203,0.9682439844659474,0.9280367796147027,0.8095840695738383,0.8091511192046292,0.8088763599631592,0.8086125611441226,0.8083596051549193,0.8081555574485866,0.8081555574485866,0.8081555574485866,0.8080330782274686,0.8058821085770117,0.8056986790431971,0.8046372437934173,0.7999164023098245,0.7974248281886077,0.7886196858610108,0.774312974751069,0.7426244830047235,0.6660884020428862,0.3698531943887228,0.7701127088197035,1058.0,1055.0,1053.0,1051.0,1049.0,1048.0,1048.0,1048.0,1047.0,1043.0,1040.0,1034.0,1022.0,1012.0,996.0,977.0,926.0,822.0,470.0,989.421052631579,19.0,22.0,24.0,26.0,28.0,29.0,29.0,29.0,30.0,34.0,37.0,43.0,55.0,65.0,81.0,100.0,151.0,255.0,607.0,87.57894736842105,41.0,44.0,46.0,48.0,50.0,51.0,51.0,51.0,52.0,56.0,59.0,65.0,77.0,87.0,103.0,122.0,173.0,277.0,629.0,109.57894736842105,0.9117920148560817,0.9222697673114068,0.9164345403899722,0.968430826369545,0.9490445859872612,1.0,0.0,0.0,0.8365156613795703,0.9586397058823529,0.09317803660565724,0.9157855431714614,961.9273673057972,1043,34,56,5,2,0,0,11.0,601,0.7509191176470589,0.7585886722376973,0.7434030937215651,817,260,282,1099,1077,8,2
legoassemble_003_legoassemble_aria01_rgb,0.47013423025097706,0.9083527531048164,0.4270477223772887,0.47013423025097706,0.47013423025097706,0.47013423025097706,0.47013423025097706,0.47013423025097706,0.47013423025097706,0.46776672875888176,0.46776672875888176,0.46543751783310994,0.46428717951598253,0.4620148545444947,0.46058790587000287,0.45176313684991387,0.4395360965522362,0.4242029559830458,0.39472478554102053,0.334935970395564,0.26570818966632853,0.12770964266837234,0.42353931970756303,0.9848293299620733,0.9848293299620733,0.9848293299620733,0.9848293299620733,0.9848293299620733,0.9848293299620733,0.9798234552332913,0.9798234552332913,0.9748427672955975,0.9723618090452262,0.9674185463659147,0.9625,0.9478908188585607,0.9263803680981595,0.8961352657004831,0.8298368298368298,0.6972972972972973,0.5272373540856031,0.22274143302180685,0.8838560726233947,0.22443096253255437,0.22443096253255437,0.22443096253255437,0.22443096253255437,0.22443096253255437,0.22443096253255437,0.2233113642719327,0.2233113642719327,0.22222258837456,0.221689686963919,0.22064671658572144,0.2204064613337295,0.21530953539800796,0.2085449852191881,0.20080467174126176,0.18775697910520672,0.16088131231776243,0.13390713216479488,0.07322280641377842,0.20308428312405905,0.9974391805377721,0.9974391805377721,0.9974391805377721,0.9974391805377721,0.9974391805377721,0.9974391805377721,0.9948783610755442,0.9948783610755442,0.9923175416133163,0.9910371318822023,0.9884763124199744,0.9859154929577465,0.9782330345710627,0.9667093469910372,0.9500640204865557,0.911651728553137,0.8258642765685019,0.6939820742637645,0.36619718309859156,0.9276231551991375,0.9873257287705957,0.9873257287705957,0.9873257287705957,0.9873257287705957,0.9873257287705957,0.9873257287705957,0.9847908745247148,0.9847908745247148,0.982256020278834,0.9809885931558935,0.9784537389100126,0.9759188846641318,0.9683143219264893,0.9569074778200254,0.9404309252217997,0.9024081115335868,0.8174904942965779,0.6869455006337135,0.36248415716096327,0.9182175972250016,0.22517211147567628,0.22517211147567628,0.22517211147567628,0.22517211147567628,0.22517211147567628,0.22517211147567628,0.22426499668694821,0.22426499668694821,0.22337544695648512,0.22293730153911623,0.22207435547378077,0.22188986432364546,0.21797477579401126,0.2126720914199762,0.20636402125958372,0.19547101742654713,0.17148087059837405,0.14581259033927224,0.08396657459803332,0.20650429326088315,0.9877035427529061,0.9877035427529061,0.9877035427529061,0.9877035427529061,0.9877035427529061,0.9877035427529061,0.9851360224377651,0.9851360224377651,0.982631713965203,0.9814034172993528,0.9789948481444,0.9764913097165747,0.9688541228526604,0.9577758550930044,0.9422528712136495,0.9072905672533211,0.830327450892636,0.7199284589729954,0.4223372027680766,0.9244621641876231,0.9083527531048164,0.9083527531048164,0.9083527531048164,0.9083527531048164,0.9083527531048164,0.9083527531048164,0.9098223955729512,0.9098223955729512,0.9110642010177921,0.9116048480327202,0.9126067814698339,0.9134426134178999,0.9156204807531363,0.9184230179869097,0.9218725354021637,0.9276397691324608,0.9378121241978757,0.9491332383728054,0.965998443738755,0.9186831243840606,0.473134479144962,0.473134479144962,0.473134479144962,0.473134479144962,0.473134479144962,0.473134479144962,0.4713466283918919,0.4713466283918919,0.46959064363208014,0.46872455828192483,0.4670161161654158,0.46615678154127116,0.45893670607664294,0.44900154396115033,0.4367806014087464,0.4137257238185425,0.36450806384866175,0.30484282727076983,0.1637497647244085,0.43392281380964054,779.0,779.0,779.0,779.0,779.0,779.0,777.0,777.0,775.0,774.0,772.0,770.0,764.0,755.0,742.0,712.0,645.0,542.0,286.0,724.4736842105264,2.0,2.0,2.0,2.0,2.0,2.0,4.0,4.0,6.0,7.0,9.0,11.0,17.0,26.0,39.0,69.0,136.0,239.0,495.0,56.526315789473685,10.0,10.0,10.0,10.0,10.0,10.0,12.0,12.0,14.0,15.0,17.0,19.0,25.0,34.0,47.0,77.0,144.0,247.0,503.0,64.52631578947368,0.9526248399487837,0.9116048480327202,0.971830985915493,0.9910371318822023,0.9809885931558935,1.0,0.0,0.0,0.8650219620708393,0.9859872611464968,0.024958402662229616,0.9703251072227199,705.5821523773254,774,7,15,15,2,0,0,14.0,601,0.36178343949044584,0.36363636363636365,0.35994930291508237,284,497,505,789,781,17,2
legoassemble_003_legoassemble_aria02_rgb,0.596542954899751,0.9161889835014215,0.5465460834645371,0.596542954899751,0.596542954899751,0.596542954899751,0.596542954899751,0.596542954899751,0.596542954899751,0.596542954899751,0.596542954899751,0.596542954899751,0.5950545898968289,0.5946272120419972,0.5928155698178156,0.5898941968267672,0.5869402016400453,0.5775239246494398,0.5517179883109624,0.5183068486293312,0.4250905861173393,0.16709422015950776,0.5562079964309364,0.9781221513217867,0.9781221513217867,0.9781221513217867,0.9781221513217867,0.9781221513217867,0.9781221513217867,0.9781221513217867,0.9781221513217867,0.9781221513217867,0.9709355131698456,0.969147005444646,0.960252935862692,0.954954954954955,0.9427036705461056,0.9203539823008849,0.8610634648370498,0.7860082304526749,0.5967623252391464,0.20756816917084028,0.8933078744144697,0.3638231651942752,0.3638231651942752,0.3638231651942752,0.3638231651942752,0.3638231651942752,0.3638231651942752,0.3638231651942752,0.3638231651942752,0.3638231651942752,0.36468947747237496,0.3648378618665954,0.3659768032916204,0.3643890862541373,0.36543699899003246,0.36239739269520743,0.3535079016312688,0.3417801225584536,0.30280397867470704,0.1345123316462551,0.3470916022015331,0.9844036697247707,0.9844036697247707,0.9844036697247707,0.9844036697247707,0.9844036697247707,0.9844036697247707,0.9844036697247707,0.9844036697247707,0.9844036697247707,0.9807339449541285,0.9798165137614679,0.9752293577981651,0.9724770642201835,0.9660550458715597,0.9541284403669725,0.9211009174311927,0.8761467889908257,0.7440366972477064,0.3422018348623853,0.9248189280540803,0.9935185185185185,0.9935185185185185,0.9935185185185185,0.9935185185185185,0.9935185185185185,0.9935185185185185,0.9935185185185185,0.9935185185185185,0.9935185185185185,0.9898148148148148,0.9888888888888889,0.9842592592592593,0.9814814814814815,0.975,0.9629629629629629,0.9296296296296296,0.8842592592592593,0.7509259259259259,0.3453703703703704,0.9333820662768032,0.36422568604740124,0.36422568604740124,0.36422568604740124,0.36422568604740124,0.36422568604740124,0.36422568604740124,0.36422568604740124,0.36422568604740124,0.36422568604740124,0.36511030279242174,0.3652664322817592,0.3664247014603753,0.3653530786909215,0.366506920390643,0.364871542290823,0.35978903545432955,0.35271631118911423,0.3266016172365738,0.17166145336719887,0.3517017141884617,0.9883293926400392,0.9883293926400392,0.9883293926400392,0.9883293926400392,0.9883293926400392,0.9883293926400392,0.9883293926400392,0.9883293926400392,0.9883293926400392,0.9865922547660526,0.985802370473469,0.9834215347562386,0.9807038940035332,0.9753911939066516,0.9638319796360331,0.9344226966282336,0.8971641484179577,0.7930176481522937,0.4135220240145547,0.9373070672902827,0.9161889835014215,0.9161889835014215,0.9161889835014215,0.9161889835014215,0.9161889835014215,0.9161889835014215,0.9161889835014215,0.9161889835014215,0.9161889835014215,0.9178226584147625,0.9181859430290182,0.9197679854391575,0.9206034504164612,0.922270666738217,0.924705946024273,0.9300115739821703,0.9351090500499881,0.9453950786125244,0.9644992538964716,0.9233722346376755,0.5984553942844245,0.5984553942844245,0.5984553942844245,0.5984553942844245,0.5984553942844245,0.5984553942844245,0.5984553942844245,0.5984553942844245,0.5984553942844245,0.5980496216241108,0.5978914298619069,0.5974205577674009,0.5952814702594889,0.5941651763798353,0.5880252197698118,0.5706281210313223,0.5472198433175464,0.4746548980118018,0.21454688695240068,0.5665253565018655,1073.0,1073.0,1073.0,1073.0,1073.0,1073.0,1073.0,1073.0,1073.0,1069.0,1068.0,1063.0,1060.0,1053.0,1040.0,1004.0,955.0,811.0,373.0,1008.0526315789474,17.0,17.0,17.0,17.0,17.0,17.0,17.0,17.0,17.0,21.0,22.0,27.0,30.0,37.0,50.0,86.0,135.0,279.0,717.0,81.94736842105263,7.0,7.0,7.0,7.0,7.0,7.0,7.0,7.0,7.0,11.0,12.0,17.0,20.0,27.0,40.0,76.0,125.0,269.0,707.0,71.94736842105263,0.9623853211009175,0.9165438300249301,0.9724770642201835,0.981651376146789,0.9907407407407407,1.0,0.0,0.0,0.8804604569969497,0.9861751152073732,0.016638935108153077,0.9715216580870109,980.7018981266752,1070,20,10,11,2,0,0,9.0,601,0.5271889400921659,0.5247706422018349,0.5296296296296297,572,518,508,1080,1090,11,2
legoassemble_003_legoassemble_aria03_rgb,0.624813088537395,0.907705651571301,0.5671463716411131,0.624813088537395,0.624813088537395,0.624813088537395,0.624813088537395,0.6236941269992248,0.6225869072510924,0.6225869072510924,0.6197082837043417,0.6197082837043417,0.6176256044474299,0.6166632072128861,0.6126327886856608,0.6060252805001075,0.60203024130787,0.5872331326436033,0.572869808411137,0.5224546035031303,0.3724953387922963,0.15136428556396614,0.5720490081119873,0.9740034662045061,0.9740034662045061,0.9740034662045061,0.9740034662045061,0.9705882352941176,0.9671848013816926,0.9671848013816926,0.9637931034482758,0.9637931034482758,0.9570446735395189,0.9536878216123499,0.9403747870528109,0.9305084745762712,0.9175084175084175,0.8764415156507414,0.8370967741935483,0.7523076923076923,0.5227272727272727,0.2065677966101695,0.874885428186888,0.400811094778661,0.400811094778661,0.400811094778661,0.400811094778661,0.4007820720549411,0.40076566187428236,0.40076566187428236,0.3984655581345848,0.3984655581345848,0.3985826344534809,0.3987400305554647,0.39911632993589813,0.3946945682278471,0.39502679706574684,0.39345780170897143,0.39204525391365685,0.3628286876667659,0.2654400959377154,0.1109134498226136,0.37438602844607793,0.9876977152899824,0.9876977152899824,0.9876977152899824,0.9876977152899824,0.9859402460456942,0.984182776801406,0.984182776801406,0.9824253075571178,0.9824253075571178,0.9789103690685413,0.9771528998242531,0.9701230228471002,0.9648506151142355,0.9578207381370826,0.9349736379613357,0.9121265377855887,0.859402460456942,0.687170474516696,0.3427065026362039,0.91869392285635,0.9859649122807017,0.9859649122807017,0.9859649122807017,0.9859649122807017,0.9842105263157894,0.9824561403508771,0.9824561403508771,0.980701754385965,0.980701754385965,0.9771929824561404,0.9754385964912281,0.968421052631579,0.9631578947368421,0.956140350877193,0.9333333333333333,0.9105263157894737,0.8578947368421053,0.6859649122807018,0.34210526315789475,0.9170821791320406,0.4067797521426181,0.4067797521426181,0.4067797521426181,0.4067797521426181,0.4068251471886599,0.40687972311888493,0.40687972311888493,0.4052720740447585,0.4052720740447585,0.40551080590359967,0.40571783246025356,0.4063155535416153,0.40330596253872414,0.4038682952985334,0.40375475055654547,0.4038652420155311,0.3838608910242656,0.30788250017882063,0.14674722622699501,0.38574088472796325,0.9861916376771029,0.9861916376771029,0.9861916376771029,0.9861916376771029,0.984407947004044,0.9826648784883557,0.9826648784883557,0.9809588593299898,0.9809588593299898,0.9774844324527565,0.9756763853516113,0.9688850137785653,0.96374322403465,0.9570650910846255,0.9360158933416282,0.9154983718143193,0.863755871891096,0.6975883491884144,0.37397182665201684,0.9203213912073069,0.907705651571301,0.907705651571301,0.907705651571301,0.907705651571301,0.9089531959527926,0.9100438399495262,0.9100438399495262,0.910984454337904,0.910984454337904,0.9125966692474716,0.9133204289185534,0.9158487489833842,0.9174434576812845,0.9192767456521765,0.9239350530232804,0.9276150680805442,0.9336389490062273,0.9472423083808518,0.9655591894545257,0.9188583689074292,0.6291901164002499,0.6291901164002499,0.6291901164002499,0.6291901164002499,0.6286073295249999,0.6280339656022471,0.6280339656022471,0.6256697599383304,0.6256697599383304,0.624641236068488,0.6242034741438753,0.6222474913288555,0.6171072005226368,0.6151136954656766,0.6065250796530238,0.5979923746232354,0.5584047518647938,0.42708617008898475,0.19496348500174077,0.5863715897351824,562.0,562.0,562.0,562.0,561.0,560.0,560.0,559.0,559.0,557.0,556.0,552.0,549.0,545.0,532.0,519.0,489.0,391.0,195.0,522.7368421052631,7.0,7.0,7.0,7.0,8.0,9.0,9.0,10.0,10.0,12.0,13.0,17.0,20.0,24.0,37.0,50.0,80.0,178.0,374.0,46.26315789473684,8.0,8.0,8.0,8.0,9.0,10.0,10.0,11.0,11.0,13.0,14.0,18.0,21.0,25.0,38.0,51.0,81.0,179.0,375.0,47.26315789473684,0.9437609841827768,0.9125966692474716,0.9560632688927944,0.9789103690685413,0.9771929824561404,1.0,0.0,0.0,0.8582009574179994,0.9780509218612818,0.021630615640599003,0.954578035079061,508.3163447708417,557,12,13,7,2,0,0,7.0,601,0.5583845478489904,0.5588752196836555,0.5578947368421052,318,251,252,570,569,9,2
legoassemble_004_legoassemble_aria01_rgb,0.5653486961023303,0.9211042993300146,0.5207451146004743,0.5653486961023303,0.5653486961023303,0.5653486961023303,0.5653486961023303,0.5653486961023303,0.5653486961023303,0.5653486961023303,0.5653486961023303,0.5653486961023303,0.5634823885059983,0.5628455578815685,0.5619804251457727,0.5588043119921733,0.5487104713690232,0.5397603488329364,0.5214453147534831,0.48367920986670027,0.41094515130589643,0.22529254539274507,0.5297412626298563,0.9664804469273743,0.9664804469273743,0.9664804469273743,0.9664804469273743,0.9664804469273743,0.9664804469273743,0.9664804469273743,0.9664804469273743,0.9664804469273743,0.9620958751393534,0.9577308120133482,0.9533851276359601,0.9469026548672567,0.927710843373494,0.9027027027027027,0.8565400843881856,0.7635270541082164,0.5898825654923215,0.27906976744186046,0.886203763658372,0.3307042053470769,0.3307042053470769,0.3307042053470769,0.3307042053470769,0.3307042053470769,0.3307042053470769,0.3307042053470769,0.3307042053470769,0.3307042053470769,0.3300215813839085,0.33077678827210877,0.3312638188830828,0.3297722923216655,0.3245442085113155,0.32274328336447217,0.31744599141857677,0.3064011639122847,0.2862873515186547,0.18187828611752588,0.3177617165172256,0.9730033745781778,0.9730033745781778,0.9730033745781778,0.9730033745781778,0.9730033745781778,0.9730033745781778,0.9730033745781778,0.9730033745781778,0.9730033745781778,0.9707536557930259,0.968503937007874,0.9662542182227222,0.9628796400449944,0.952755905511811,0.9392575928008999,0.9133858267716536,0.8571428571428571,0.734533183352081,0.43194600674915634,0.9186549049789831,0.9931113662456946,0.9931113662456946,0.9931113662456946,0.9931113662456946,0.9931113662456946,0.9931113662456946,0.9931113662456946,0.9931113662456946,0.9931113662456946,0.9908151549942594,0.9885189437428243,0.9862227324913893,0.9827784156142365,0.9724454649827784,0.9586681974741676,0.9322617680826636,0.8748564867967853,0.7497129735935706,0.44087256027554533,0.937639736539972,0.3317353760197334,0.3317353760197334,0.3317353760197334,0.3317353760197334,0.3317353760197334,0.3317353760197334,0.3317353760197334,0.3317353760197334,0.3317353760197334,0.33133615325268756,0.3320885560820353,0.33258967951614693,0.3315074898493621,0.3277625370656453,0.3267965210966242,0.32341883951524053,0.3164887557435783,0.3042634233141876,0.21633658686803767,0.32253720665690244,0.9875079567929845,0.9875079567929845,0.9875079567929845,0.9875079567929845,0.9875079567929845,0.9875079567929845,0.9875079567929845,0.9875079567929845,0.9875079567929845,0.9863520667512443,0.9874590310838404,0.9874365598567559,0.9839735054952597,0.9736490357876111,0.9601235136576473,0.9368342959044722,0.8836781132459572,0.784060384537306,0.5319727507957909,0.942268993065934,0.9211042993300146,0.9211042993300146,0.9211042993300146,0.9211042993300146,0.9211042993300146,0.9211042993300146,0.9211042993300146,0.9211042993300146,0.9211042993300146,0.9221184449798134,0.9230289450182062,0.9238358120909652,0.9248621943744325,0.927467046557345,0.9304573859288044,0.9348539457107617,0.9420060661259448,0.9526441967667135,0.9680440986365353,0.9283819384294554,0.5672533012595876,0.5672533012595876,0.5672533012595876,0.5672533012595876,0.5672533012595876,0.5672533012595876,0.5672533012595876,0.5672533012595876,0.5672533012595876,0.5660120640225126,0.5660023159955773,0.5657606051505766,0.5634989140428737,0.5560678117449457,0.5505806747658083,0.5384706763856357,0.5124739691610419,0.45857121547741486,0.2802884218137557,0.5401582305208648,865.0,865.0,865.0,865.0,865.0,865.0,865.0,865.0,865.0,863.0,861.0,859.0,856.0,847.0,835.0,812.0,762.0,653.0,384.0,816.6842105263158,24.0,24.0,24.0,24.0,24.0,24.0,24.0,24.0,24.0,26.0,28.0,30.0,33.0,42.0,54.0,77.0,127.0,236.0,505.0,72.3157894736842,6.0,6.0,6.0,6.0,6.0,6.0,6.0,6.0,6.0,8.0,10.0,12.0,15.0,24.0,36.0,59.0,109.0,218.0,487.0,54.31578947368421,0.953880764904387,0.9218366290582845,0.9640044994375703,0.9718785151856018,0.9919632606199771,1.0,0.0,0.0,0.8779154640116511,0.9818181818181818,0.011647254575707155,0.9629311107880323,796.4668475063578,864,25,7,9,2,0,0,7.0,601,0.4943181818181818,0.48931383577052867,0.49942594718714123,435,454,436,871,889,12,2
legoassemble_004_legoassemble_aria02_rgb,0.8847535349872769,0.9298818502103132,0.8227162540940842,0.8847535349872769,0.8847535349872769,0.8847535349872769,0.8847535349872769,0.8847535349872769,0.8847535349872769,0.8847535349872769,0.8847535349872769,0.8847535349872769,0.8841858859551857,0.8836216502551991,0.8807208534309283,0.8749442679499578,0.8610929210001986,0.8480765243153918,0.8231759737368932,0.763816776852018,0.6561940603705909,0.29003903557368965,0.8278236718066078,0.9933899905571294,0.9933899905571294,0.9933899905571294,0.9933899905571294,0.9933899905571294,0.9933899905571294,0.9933899905571294,0.9933899905571294,0.9933899905571294,0.9915094339622641,0.9896324222431668,0.9840225563909775,0.9765917602996255,0.9618959107806692,0.9456221198156682,0.9156079854809437,0.8404533565823888,0.7176566314076485,0.30147965474722566,0.9244727235118286,0.7879974885125086,0.7879974885125086,0.7879974885125086,0.7879974885125086,0.7879974885125086,0.7879974885125086,0.7879974885125086,0.7879974885125086,0.7879974885125086,0.788479316629589,0.7889668964461947,0.7882636598422743,0.7838766444062749,0.7708536966280193,0.760593239120799,0.7400751134578056,0.6941682890922142,0.5999953543535996,0.27903256764390383,0.7413832723280659,0.9981024667931688,0.9981024667931688,0.9981024667931688,0.9981024667931688,0.9981024667931688,0.9981024667931688,0.9981024667931688,0.9981024667931688,0.9981024667931688,0.9971537001897534,0.9962049335863378,0.9933586337760911,0.9895635673624289,0.9819734345351043,0.9734345351043643,0.9573055028462998,0.9146110056925996,0.8368121442125237,0.4639468690702087,0.9519624488165385,0.9952696310312205,0.9952696310312205,0.9952696310312205,0.9952696310312205,0.9952696310312205,0.9952696310312205,0.9952696310312205,0.9952696310312205,0.9952696310312205,0.9943235572374646,0.9933774834437086,0.9905392620624409,0.9867549668874173,0.97918637653737,0.9706717123935666,0.9545884578997161,0.9120151371807,0.8344370860927153,0.46263008514664145,0.9492605686401435,0.7909472349210093,0.7909472349210093,0.7909472349210093,0.7909472349210093,0.7909472349210093,0.7909472349210093,0.7909472349210093,0.7909472349210093,0.7909472349210093,0.7914477173148029,0.7919529473548181,0.7920307681693805,0.7898065636214296,0.7824277907623166,0.7770219162899776,0.765749057603916,0.7404016593437424,0.6798277821050086,0.40326864203775864,0.7596031557311702,0.9952775095137942,0.9952775095137942,0.9952775095137942,0.9952775095137942,0.9952775095137942,0.9952775095137942,0.9952775095137942,0.9952775095137942,0.9952775095137942,0.9943635182260422,0.993475797206986,0.9908261530039,0.9871508612361846,0.9795218915780131,0.9710584103876275,0.9549750078305503,0.913305545060404,0.8363060503616497,0.4748265436203272,0.9501740717966228,0.9298818502103132,0.9298818502103132,0.9298818502103132,0.9298818502103132,0.9298818502103132,0.9298818502103132,0.9298818502103132,0.9298818502103132,0.9298818502103132,0.9303174479671804,0.9307193535898245,0.9317811981844104,0.9329727078233607,0.9349207655180196,0.9367767098596155,0.9395064214815728,0.9448722113634723,0.9508823226384837,0.9671241947771928,0.9352005255313659,0.886849613582346,0.886849613582346,0.886849613582346,0.886849613582346,0.886849613582346,0.886849613582346,0.886849613582346,0.886849613582346,0.886849613582346,0.8866989726509684,0.8865510220376492,0.8848889829782395,0.8807359244465752,0.8700332476416619,0.8604578584260112,0.841711339256373,0.79680233245551,0.7085784353155187,0.3598003420329258,0.8398897357622392,1052.0,1052.0,1052.0,1052.0,1052.0,1052.0,1052.0,1052.0,1052.0,1051.0,1050.0,1047.0,1043.0,1035.0,1026.0,1009.0,964.0,882.0,489.0,1003.3684210526316,2.0,2.0,2.0,2.0,2.0,2.0,2.0,2.0,2.0,3.0,4.0,7.0,11.0,19.0,28.0,45.0,90.0,172.0,565.0,50.63157894736842,5.0,5.0,5.0,5.0,5.0,5.0,5.0,5.0,5.0,6.0,7.0,10.0,14.0,22.0,31.0,48.0,93.0,175.0,568.0,53.63157894736842,0.9895635673624289,0.9303174479671804,0.99146110056926,0.9971537001897534,0.9943235572374646,1.0,0.0,0.0,0.9200793527642378,0.995736617716722,0.009983361064891847,0.9911754933627476,977.7636378135066,1051,3,6,2,2,0,0,3.0,601,0.8792041686404548,0.8804554079696395,0.8779564806054873,928,126,129,1057,1054,4,2
legoassemble_005_legoassemble_aria01_rgb,0.6919014304650652,0.8813240522907889,0.6097893724832648,0.6919014304650652,0.6919014304650652,0.6919014304650652,0.6919014304650652,0.6914142534790246,0.6914142534790246,0.6914142534790246,0.6882722780579559,0.6846974474585877,0.6783010404575629,0.6713584540581039,0.6661025795939639,0.6550139769074638,0.6341279689439323,0.6002438057742111,0.5341916808661575,0.4611965016194374,0.34348661357732885,0.16433703861859994,0.6117462035910862,0.9635343618513323,0.9635343618513323,0.9635343618513323,0.9635343618513323,0.9607843137254902,0.9607843137254902,0.9607843137254902,0.9525801952580195,0.941747572815534,0.9310344827586207,0.9178082191780822,0.9047619047619048,0.8817204301075269,0.8348623853211009,0.7834394904458599,0.6949152542372882,0.5783540022547914,0.3888888888888889,0.17252931323283083,0.8273227646232763,0.4968453730698069,0.4968453730698069,0.4968453730698069,0.4968453730698069,0.49756606460432246,0.49756606460432246,0.49756606460432246,0.49730062739208525,0.49780918803401514,0.49417321270698367,0.4910853535817308,0.49039713565138904,0.48659790030249056,0.48165816075459666,0.45988571008242674,0.41064108201195193,0.36777166281682044,0.30338499524611173,0.1565337608774071,0.4535430776605371,0.9662447257383966,0.9662447257383966,0.9662447257383966,0.9662447257383966,0.9648382559774965,0.9648382559774965,0.9648382559774965,0.960618846694796,0.9549929676511955,0.9493670886075949,0.9423347398030942,0.9353023909985936,0.9226441631504922,0.8959212376933896,0.8649789029535865,0.8073136427566807,0.7215189873417721,0.5513361462728551,0.28973277074542897,0.871345029239766,0.9970972423802612,0.9970972423802612,0.9970972423802612,0.9970972423802612,0.9956458635703919,0.9956458635703919,0.9956458635703919,0.9912917271407837,0.9854862119013063,0.9796806966618288,0.9724238026124818,0.965166908563135,0.9521044992743106,0.9245283018867925,0.8925979680696662,0.8330914368650217,0.7445573294629898,0.5689404934687954,0.29898403483309144,0.8991673668932854,0.4984152580359788,0.4984152580359788,0.4984152580359788,0.4984152580359788,0.4991375485336869,0.4991375485336869,0.4991375485336869,0.4991337603134835,0.49986934060488586,0.49759732061258244,0.4957202647438886,0.4956890514690664,0.49392059429259255,0.4927784483992076,0.47887779134530756,0.44351832386836615,0.41043175538967863,0.3562712312139233,0.21173108000880728,0.46666382315825083,0.9885232341692447,0.9885232341692447,0.9885232341692447,0.9885232341692447,0.9899424730337271,0.9899424730337271,0.9899424730337271,0.9857554773742185,0.9804964685680446,0.9750293683844468,0.9685068174654732,0.9629383501200689,0.9519103264554044,0.9362203554452215,0.911643998959299,0.8580221514779208,0.7844197149223197,0.6576889049134829,0.39968316784823793,0.9103281819848577,0.8813240522907889,0.8813240522907889,0.8813240522907889,0.8813240522907889,0.8822615826264453,0.8822615826264453,0.8822615826264453,0.8845231938758501,0.8871688426051338,0.8896182743114364,0.8923436456272815,0.8947440187878236,0.8984362571567159,0.9051042053306962,0.9115609772651999,0.9212328803391016,0.9325498377109809,0.9496145051146514,0.9660104462739066,0.900262528496909,0.6928738855204654,0.6928738855204654,0.6928738855204654,0.6928738855204654,0.6928713978844998,0.6928713978844998,0.6928713978844998,0.6911702794145473,0.6894956662696554,0.6849465557366434,0.680269644250389,0.6772515142202384,0.6700423214360255,0.656907737455101,0.6307070928657206,0.5757743896567594,0.5151254582415743,0.40898302423939276,0.21296234468612893,0.6286181981161861,687.0,687.0,687.0,687.0,686.0,686.0,686.0,683.0,679.0,675.0,670.0,665.0,656.0,637.0,615.0,574.0,513.0,392.0,206.0,619.5263157894736,24.0,24.0,24.0,24.0,25.0,25.0,25.0,28.0,32.0,36.0,41.0,46.0,55.0,74.0,96.0,137.0,198.0,319.0,505.0,91.47368421052632,2.0,2.0,2.0,2.0,3.0,3.0,3.0,6.0,10.0,14.0,19.0,24.0,33.0,52.0,74.0,115.0,176.0,297.0,483.0,69.47368421052632,0.9212376933895922,0.8897229675511353,0.9381153305203939,0.9535864978902954,0.9840348330914369,1.0,0.0,0.0,0.8160790042189447,0.9685714285714285,0.029649595687331536,0.9365974947312974,603.2321719996697,678,33,11,12,2,0,0,11.0,371,0.66,0.6497890295358649,0.6705370101596516,462,249,227,689,711,10,2
legoassemble_005_legoassemble_aria03_rgb,0.6123556120313036,0.8998396887705548,0.5510218833471509,0.6123556120313036,0.611833096707401,0.611833096707401,0.6101332882872619,0.6101332882872619,0.6101332882872619,0.6101332882872619,0.6101332882872619,0.6101332882872619,0.6101332882872619,0.6032031321543528,0.5871459843598315,0.5789165698232681,0.566550519513196,0.5586016793588798,0.5369309955255535,0.47341874971886116,0.3608357221669984,0.13974777477677067,0.5532792605712974,0.9084745762711864,0.9052453468697124,0.9052453468697124,0.902027027027027,0.902027027027027,0.902027027027027,0.902027027027027,0.902027027027027,0.902027027027027,0.902027027027027,0.889261744966443,0.8611570247933884,0.8489326765188834,0.8308943089430895,0.8102893890675241,0.7621283255086072,0.6510263929618768,0.4661458333333333,0.17536534446764093,0.8067555526189782,0.41275717051469624,0.41352296316243303,0.41352296316243303,0.4126956491571655,0.4126956491571655,0.4126956491571655,0.4126956491571655,0.4126956491571655,0.4126956491571655,0.4126956491571655,0.40916414171684845,0.4003223535598362,0.3947832426361833,0.38630604122077,0.38509184544752534,0.3782760518232517,0.3442645567189688,0.2793169199019175,0.11136430983182466,0.3798716896735183,0.92573402417962,0.924006908462867,0.924006908462867,0.9222797927461139,0.9222797927461139,0.9222797927461139,0.9222797927461139,0.9222797927461139,0.9222797927461139,0.9222797927461139,0.9153713298791019,0.8998272884283247,0.8929188255613126,0.8825561312607945,0.8704663212435233,0.8411053540587219,0.7668393782383419,0.6183074265975821,0.29015544041450775,0.8530133624215981,0.979890310786106,0.9780621572212066,0.9780621572212066,0.9762340036563071,0.9762340036563071,0.9762340036563071,0.9762340036563071,0.9762340036563071,0.9762340036563071,0.9762340036563071,0.9689213893967094,0.9524680073126143,0.9451553930530164,0.9341864716636198,0.9213893967093236,0.8903107861060329,0.8117001828153565,0.6544789762340036,0.3071297989031079,0.9029154238429712,0.4169780861487768,0.41775171543175943,0.41775171543175943,0.41717576613111607,0.41717576613111607,0.41717576613111607,0.41717576613111607,0.41717576613111607,0.41717576613111607,0.41717576613111607,0.4146990312547101,0.4087336235411205,0.40488053950715613,0.3987222286174744,0.3983580160459245,0.39435549411794535,0.36915240403802496,0.3194490086537408,0.14590076771449323,0.3908927891274051,0.9787548277182201,0.9801169862747027,0.9801169862747027,0.9782229629835901,0.9782229629835901,0.9782229629835901,0.9782229629835901,0.9782229629835901,0.9782229629835901,0.9782229629835901,0.9711872383601917,0.9571229511486021,0.9497759743716098,0.9387981421116147,0.9263582623448738,0.8998954594302645,0.8287517406551642,0.7001353581799385,0.37563768421572424,0.912326965893197,0.8998396887705548,0.9013353544828435,0.9013353544828435,0.9026583078801268,0.9026583078801268,0.9026583078801268,0.9026583078801268,0.9026583078801268,0.9026583078801268,0.9026583078801268,0.9055369251909983,0.9112738798970103,0.9135344603684351,0.916268642373335,0.9188267089308677,0.9236216147447301,0.9325378336022073,0.9455707952693249,0.9675578888596787,0.913465647480722,0.6181450933798337,0.6181408211484853,0.6181408211484853,0.6169447769224515,0.6169447769224515,0.6169447769224515,0.6169447769224515,0.6169447769224515,0.6169447769224515,0.6169447769224515,0.6119943827701304,0.6001841200006816,0.593725011571845,0.5838979065063308,0.5789727817847631,0.5640656101028776,0.5138050395080535,0.4155763779977365,0.1797580606418271,0.5692115507904321,536.0,535.0,535.0,534.0,534.0,534.0,534.0,534.0,534.0,534.0,530.0,521.0,517.0,511.0,504.0,487.0,444.0,358.0,168.0,493.89473684210526,43.0,44.0,44.0,45.0,45.0,45.0,45.0,45.0,45.0,45.0,49.0,58.0,62.0,68.0,75.0,92.0,135.0,221.0,411.0,85.10526315789474,11.0,12.0,12.0,13.0,13.0,13.0,13.0,13.0,13.0,13.0,17.0,26.0,30.0,36.0,43.0,60.0,103.0,189.0,379.0,53.10526315789474,0.8894645941278065,0.9026583078801268,0.8998272884283247,0.9222797927461139,0.9762340036563071,1.0,0.0,0.0,0.7996883184939338,0.9484902309058615,0.03504043126684636,0.8984833311737761,482.0195364079877,534,45,13,6,2,0,0,4.0,371,0.5488454706927176,0.533678756476684,0.5648994515539305,309,270,238,547,579,8,2
tagging_001_tagging_aria01_rgb,0.3820197786294976,0.8985908172028267,0.34327946506632323,0.3820197786294976,0.3820197786294976,0.3820197786294976,0.3815939292865397,0.3814656548488236,0.3810919855240841,0.38096468292211816,0.38096468292211816,0.3805440815926032,0.380127697706355,0.37750734479598996,0.3741120392817804,0.3672904170293719,0.36064435615066975,0.3496523267408936,0.32657214403363666,0.2970005413982956,0.230681701272374,0.11237023550311605,0.3478233240472243,0.9457364341085271,0.9457364341085271,0.9457364341085271,0.9444803098773402,0.9432258064516129,0.9407216494845361,0.9394719896973599,0.9394719896973599,0.9382239382239382,0.9344894026974951,0.927063339731286,0.9123809523809524,0.8872180451127819,0.8592592592592593,0.8133654425045154,0.7420474262579526,0.6622516556291391,0.47574718275355216,0.19571258435887257,0.8364389619180809,0.15431266682846573,0.15431266682846573,0.15431266682846573,0.1541735972105671,0.15427487758914146,0.154382650287965,0.15448474379816615,0.15448474379816615,0.15434886292636166,0.1546267578277818,0.15372390349965326,0.15340063552437475,0.15205084159944168,0.15136799542370433,0.1503097417304423,0.1437231118724379,0.13319607560222985,0.11185362568816908,0.0645184358910302,0.14515045267131735,0.9494163424124513,0.9494163424124513,0.9494163424124513,0.9487678339818417,0.9481193255512321,0.9468223086900129,0.9461738002594033,0.9461738002594033,0.9455252918287937,0.943579766536965,0.9396887159533074,0.9319066147859922,0.9182879377431906,0.9027237354085603,0.8761348897535668,0.8320363164721142,0.7782101167315175,0.6297016861219196,0.31971465629053175,0.8737797801897741,0.9959183673469387,0.9959183673469387,0.9959183673469387,0.9952380952380953,0.9945578231292517,0.9931972789115646,0.992517006802721,0.992517006802721,0.9918367346938776,0.9897959183673469,0.9857142857142858,0.9775510204081632,0.963265306122449,0.9469387755102041,0.919047619047619,0.8727891156462585,0.8163265306122449,0.6605442176870748,0.33537414965986395,0.9165771571786608,0.15585050326047042,0.15585050326047042,0.15585050326047042,0.15573093153418602,0.15583327994086085,0.15594515611305773,0.15604810951843526,0.15604810951843526,0.1559308861044998,0.15621216069572846,0.15544339542101476,0.1552376930975223,0.15408927622693583,0.15352334902400472,0.15256761913224293,0.14698130623485728,0.13792969668449812,0.11890169632451165,0.07272791037527604,0.1477211624067094,0.9257972503022277,0.9257972503022277,0.9257972503022277,0.9250708603522453,0.9246776119667134,0.9232835981580272,0.923852161282193,0.923852161282193,0.9231377133534571,0.9227117218557456,0.9190198063726486,0.9113423991052878,0.8996330165017568,0.8907019505720573,0.8778104861029618,0.8378302727897493,0.7867425286526066,0.6500803328109903,0.3860179062967598,0.8633240146506358,0.8985908172028267,0.8985908172028267,0.8985908172028267,0.8990723706555104,0.8995448793984429,0.9003973617309761,0.9007863131329177,0.9007863131329177,0.9011022303586739,0.9019798779748782,0.9035506949991732,0.9062271720609701,0.9103707320285968,0.9143730111304471,0.920016168744518,0.9275512282584905,0.9343163853663521,0.9475198177191491,0.9661395635379573,0.9120792932546553,0.3827622861884294,0.3827622861884294,0.3827622861884294,0.3824590826253949,0.38245390949670743,0.38232569540554545,0.38232109165152156,0.38232109165152156,0.38202192824743786,0.3819720932889027,0.3800692272348806,0.3780939922261922,0.3736662331071244,0.369653191857168,0.3628933851696503,0.345807531141606,0.3219542413800311,0.2653948317030498,0.14362273342094362,0.35606932200910346,1464.0,1464.0,1464.0,1463.0,1462.0,1460.0,1459.0,1459.0,1458.0,1455.0,1449.0,1437.0,1416.0,1392.0,1351.0,1283.0,1200.0,971.0,493.0,1347.3684210526317,78.0,78.0,78.0,79.0,80.0,82.0,83.0,83.0,84.0,87.0,93.0,105.0,126.0,150.0,191.0,259.0,342.0,571.0,1049.0,194.6315789473684,6.0,6.0,6.0,7.0,8.0,10.0,11.0,11.0,12.0,15.0,21.0,33.0,54.0,78.0,119.0,187.0,270.0,499.0,977.0,122.63157894736842,0.9169909208819714,0.9026486313049921,0.9364461738002594,0.9448767833981842,0.991156462585034,1.0,0.0,0.0,0.8250058727700217,0.9674634794156707,0.021630615640599003,0.9354882482135412,1315.1590558113735,1457,85,13,30,3,0,0,30.0,601,0.2197875166002656,0.2146562905317769,0.22517006802721087,331,1211,1139,1470,1542,28,3
tagging_001_tagging_aria02_rgb,0.5512768402949753,0.9079501694631517,0.5005319005669335,0.5512768402949753,0.5503019028060561,0.5503019028060561,0.5503019028060561,0.5503019028060561,0.5493318771090736,0.5493318771090736,0.5485983859673179,0.5472729490678018,0.5462738751734504,0.5436100755941642,0.5403010754148396,0.5347323818984514,0.5272283296047512,0.5108250190078812,0.4876146164949802,0.4526321932253837,0.35846484124095207,0.16069110413009888,0.5057575290819694,0.9775577557755776,0.9762532981530343,0.9762532981530343,0.9762532981530343,0.9762532981530343,0.974950560316414,0.974950560316414,0.9723502304147466,0.9697567389875082,0.9671700590938936,0.9620170268500328,0.954337899543379,0.9404145077720207,0.9229781771501926,0.8807281858129316,0.8246041412911084,0.7428737638161722,0.5356227575602255,0.19315013938669853,0.87886714193155,0.3108830683916959,0.3101983724970679,0.3101983724970679,0.3101983724970679,0.3101983724970679,0.30951878330142424,0.30951878330142424,0.3095182987282007,0.3088482593006521,0.3085446493004474,0.3071795051851611,0.3058929675056491,0.3040560496330728,0.3011660713323488,0.29628006034977394,0.28834200838145907,0.27578831333545206,0.23990213371666294,0.13368683568409848,0.29210101460188403,0.9886515353805073,0.9879839786381842,0.9879839786381842,0.9879839786381842,0.9879839786381842,0.9873164218958611,0.9873164218958611,0.985981308411215,0.9846461949265688,0.9833110814419226,0.9806408544726302,0.9766355140186916,0.9692923898531375,0.9599465954606141,0.9365821094793058,0.9038718291054739,0.8524699599465955,0.6975967957276369,0.32376502002670227,0.9194715761366034,0.9886515353805073,0.9879839786381842,0.9879839786381842,0.9879839786381842,0.9879839786381842,0.9873164218958611,0.9873164218958611,0.985981308411215,0.9846461949265688,0.9833110814419226,0.9806408544726302,0.9766355140186916,0.9692923898531375,0.9599465954606141,0.9365821094793058,0.9038718291054739,0.8524699599465955,0.6975967957276369,0.32376502002670227,0.9194715761366034,0.3115899231100381,0.31108956254989384,0.31108956254989384,0.31108956254989384,0.31108956254989384,0.31059113591993265,0.31059113591993265,0.3106185814924103,0.3101395479197557,0.30993534623388114,0.30892832628707373,0.3079906821114679,0.3067470758086594,0.3046828472599032,0.3012231043063591,0.29547076032995884,0.2861105224381047,0.2574610708736345,0.16324998789248873,0.29682569990016716,0.9879240867115421,0.9872476495438537,0.9872476495438537,0.9872476495438537,0.9872476495438537,0.9865752329277118,0.9865752329277118,0.9852862873548833,0.9840007363905834,0.9826858409281569,0.9799806546363626,0.9761223548660258,0.9700031618483191,0.9609781959681202,0.9414353794260428,0.9149319166490991,0.8709011929650325,0.739806347930824,0.4080587889172704,0.9275924215064789,0.9079501694631517,0.9085099166104228,0.9085099166104228,0.9085099166104228,0.9085099166104228,0.9089551014495473,0.9089551014495473,0.9096525928787079,0.910309105933664,0.9108889340661565,0.9119279674334448,0.9132861934658408,0.9153856792246899,0.9177090675223912,0.9224257607077342,0.9275312358193917,0.9334167778276669,0.9453319259964122,0.9652125291653396,0.9180514636234409,0.5543960884505349,0.553598249840751,0.553598249840751,0.553598249840751,0.553598249840751,0.5528046469040601,0.5528046469040601,0.5524303188251389,0.5514583060668153,0.5508133738179762,0.5488467659021561,0.5465765596461145,0.5428804794778915,0.5376833127815449,0.5267737692017772,0.5105136810347939,0.48487240839504564,0.409090405373882,0.20804595894313496,0.5181254590046279,1481.0,1480.0,1480.0,1480.0,1480.0,1479.0,1479.0,1477.0,1475.0,1473.0,1469.0,1463.0,1452.0,1438.0,1403.0,1354.0,1277.0,1045.0,485.0,1377.3684210526317,17.0,18.0,18.0,18.0,18.0,19.0,19.0,21.0,23.0,25.0,29.0,35.0,46.0,60.0,95.0,144.0,221.0,453.0,1013.0,120.63157894736842,17.0,18.0,18.0,18.0,18.0,19.0,19.0,21.0,23.0,25.0,29.0,35.0,46.0,60.0,95.0,144.0,221.0,453.0,1013.0,120.63157894736842,0.9552736982643525,0.9108889340661565,0.9666221628838452,0.9833110814419226,0.9833110814419226,1.0,0.0,0.0,0.8676497996525023,0.9833110814419226,0.04159733777038269,0.9658007684102949,1341.7393998794485,1473,25,25,17,3,0,0,21.0,601,0.4485981308411215,0.4485981308411215,0.4485981308411215,672,826,826,1498,1498,18,3
tagging_001_tagging_aria03_rgb,0.4601739599750865,0.8898141689206389,0.4094693097541509,0.4601739599750865,0.4601739599750865,0.4601739599750865,0.4601739599750865,0.4601739599750865,0.4601739599750865,0.4601739599750865,0.4601739599750865,0.45732154454060114,0.4552315511341364,0.4541506291751261,0.45135811671774756,0.4496834697348107,0.4374459602985718,0.4180962530424875,0.38270810042222414,0.3220478677223395,0.2311466077178299,0.07973437215772894,0.41159558697180504,0.9934426229508196,0.9934426229508196,0.9934426229508196,0.9934426229508196,0.9934426229508196,0.9934426229508196,0.9934426229508196,0.9934426229508196,0.984766050054407,0.9761646803900325,0.9718918918918918,0.9634015069967707,0.9570815450643777,0.92,0.8669396110542477,0.7657308809293321,0.6213333333333333,0.41067285382830626,0.13081215127092374,0.8692808151800094,0.21315782969947694,0.21315782969947694,0.21315782969947694,0.21315782969947694,0.21315782969947694,0.21315782969947694,0.21315782969947694,0.21315782969947694,0.21237835635118224,0.21229590591742117,0.21221783585278164,0.21146339096153674,0.21128317017035003,0.20799887845819529,0.20163397147766218,0.19127541251964245,0.16692300821540582,0.13010052590862944,0.048600761027315566,0.19533862391873358,0.9934426229508196,0.9934426229508196,0.9934426229508196,0.9934426229508196,0.9934426229508196,0.9934426229508196,0.9934426229508196,0.9934426229508196,0.9890710382513661,0.9846994535519126,0.9825136612021858,0.9781420765027322,0.9748633879781421,0.9551912568306011,0.9256830601092896,0.8644808743169399,0.7639344262295082,0.580327868852459,0.23060109289617486,0.9040552200172564,1.0,1.0,1.0,1.0,1.0,1.0,1.0,1.0,0.9955995599559956,0.9911991199119912,0.988998899889989,0.9845984598459846,0.9812981298129813,0.9614961496149615,0.9317931793179318,0.8701870187018702,0.768976897689769,0.5841584158415841,0.23212321232123212,0.910022581205489,0.21559431971265008,0.21559431971265008,0.21559431971265008,0.21559431971265008,0.21559431971265008,0.21559431971265008,0.21559431971265008,0.21559431971265008,0.2150013402133303,0.21494662084839958,0.21486958239064582,0.2141532199259032,0.2139835273099168,0.21135145747711476,0.20587285697973598,0.19748946755570063,0.17645297816919264,0.14330511323940226,0.05621904210619902,0.19938946125877588,0.9539633533245797,0.9539633533245797,0.9539633533245797,0.9539633533245797,0.9539633533245797,0.9539633533245797,0.9539633533245797,0.9539633533245797,0.9515804448078763,0.9478462876843748,0.9467913450301628,0.9436877535593405,0.9410728183280209,0.9251139858971061,0.9061690470353054,0.8709433353879976,0.8108981214574078,0.6795003382520528,0.36216542070093843,0.8903934591966959,0.8898141689206389,0.8898141689206389,0.8898141689206389,0.8898141689206389,0.8898141689206389,0.8898141689206389,0.8898141689206389,0.8898141689206389,0.8918386805822219,0.8936663410501174,0.8945218580130234,0.8959505500886635,0.8968246516095515,0.9012437549980191,0.9065929694863673,0.9157250340922009,0.9274945235718863,0.9429316451603219,0.9655352007682572,0.9026757137255654,0.4601739599750865,0.4601739599750865,0.4601739599750865,0.4601739599750865,0.4601739599750865,0.4601739599750865,0.4601739599750865,0.4601739599750865,0.45832006438555845,0.4572173034216803,0.45662558280950594,0.45479802147703613,0.45384163217473755,0.4457339005885002,0.43202910982876086,0.40663735176482974,0.35709695112887696,0.27477438187927755,0.10586495458122482,0.42022794388635165,909.0,909.0,909.0,909.0,909.0,909.0,909.0,909.0,905.0,901.0,899.0,895.0,892.0,874.0,847.0,791.0,699.0,531.0,211.0,827.2105263157895,6.0,6.0,6.0,6.0,6.0,6.0,6.0,6.0,10.0,14.0,16.0,20.0,23.0,41.0,68.0,124.0,216.0,384.0,704.0,87.78947368421052,0.0,0.0,0.0,0.0,0.0,0.0,0.0,0.0,4.0,8.0,10.0,14.0,17.0,35.0,62.0,118.0,210.0,378.0,698.0,81.78947368421052,0.9551912568306011,0.8933362228848918,0.9781420765027322,0.985792349726776,0.9922992299229924,1.0,0.0,0.0,0.8500429213575654,0.9890350877192983,0.011647254575707155,0.9766970280931869,805.7892730421723,902,13,7,21,3,0,0,23.0,601,0.34539473684210525,0.3442622950819672,0.3465346534653465,315,600,594,909,915,23,3
tagging_001_tagging_aria04_rgb,0.5487101207738448,0.8809051127582526,0.48336155081187815,0.5487101207738448,0.5487101207738448,0.5487101207738448,0.5484899934955109,0.5478588066420939,0.5478588066420939,0.5472318988515883,0.5469898279201229,0.5461002347215825,0.5444820177467435,0.5378125527315964,0.5288472665462473,0.5219554018327236,0.5087746309683505,0.49087515564556145,0.4530966154259092,0.38835417154668533,0.27734673703608387,0.07578126871243515,0.4872624078308874,0.9870503597122302,0.9870503597122302,0.9870503597122302,0.9856218547807333,0.9841954022988506,0.9841954022988506,0.9827709978463748,0.9813486370157819,0.9770937723693629,0.9728571428571429,0.9588652482269504,0.9368863955119214,0.9207232267037552,0.8891928864569083,0.8425617078052035,0.7503168567807351,0.6039488966318235,0.3837675350701403,0.09559698532328441,0.8532154751112899,0.30503286248477396,0.30503286248477396,0.30503286248477396,0.30522991297877855,0.30496918733233325,0.30496918733233325,0.304712645954095,0.3048843811083563,0.3052168326073741,0.3047319638101257,0.3016506671928279,0.2985201115879355,0.29589504598217037,0.2911085199392512,0.28598311102664387,0.2736131289802649,0.24972139761959675,0.20043699770097526,0.06007303125977904,0.27930603736142956,0.98989898989899,0.98989898989899,0.98989898989899,0.9891774891774892,0.9884559884559885,0.9884559884559885,0.9877344877344877,0.987012987012987,0.9848484848484849,0.9826839826839827,0.9754689754689755,0.963924963924964,0.9552669552669553,0.937950937950938,0.9112554112554112,0.8542568542568543,0.7503607503607503,0.5526695526695526,0.1738816738816739,0.892268550163287,0.997093023255814,0.997093023255814,0.997093023255814,0.9963662790697675,0.9956395348837209,0.9956395348837209,0.9949127906976745,0.9941860465116279,0.9920058139534884,0.9898255813953488,0.9825581395348837,0.9709302325581395,0.9622093023255814,0.9447674418604651,0.9178779069767442,0.8604651162790697,0.7558139534883721,0.5566860465116279,0.1751453488372093,0.8987530599755202,0.3052797112317686,0.3052797112317686,0.3052797112317686,0.3054761334511318,0.305274700414279,0.305274700414279,0.30507573999445636,0.3052475658619075,0.3055935700083424,0.3052696815483683,0.3029660921242903,0.30055858271323543,0.2985975561891548,0.29498200499450444,0.2911509849502114,0.28156526489279754,0.2633500185951023,0.22336392629420385,0.07974667871302007,0.2836490702555048,0.9877282946736533,0.9877282946736533,0.9877282946736533,0.9880016900557593,0.9872864002543776,0.9872864002543776,0.9865794303457773,0.9863809763357019,0.9847723391245338,0.9828420775122284,0.9767900862748784,0.9656214503695335,0.9578003503006576,0.9422277704990333,0.9200386585313385,0.8679120767082058,0.7771189621041841,0.6057322613002961,0.2090260926184647,0.899400100347911,0.8809051127582526,0.8809051127582526,0.8809051127582526,0.8814149532115483,0.8818840180505303,0.8818840180505303,0.8822804086119865,0.882636421058688,0.8836118970877823,0.8845419122907225,0.8871605441122794,0.8909000087005572,0.8932778115742467,0.8972595883999855,0.9022443624696462,0.9105724924538876,0.9221246709044042,0.9380817117109702,0.9635442928348086,0.8961123394630175,0.5495013398160875,0.5495013398160875,0.5495013398160875,0.5494784426546793,0.5490433676069687,0.5490433676069687,0.5486120571566836,0.5485661707500424,0.5482630163923389,0.5472250175641147,0.54244895361326,0.5364242610036173,0.5316566181794068,0.5225375673791598,0.5104935430058702,0.48346239858551154,0.4328754269983177,0.3328294245673392,0.10220371436790593,0.4991403877305498,1372.0,1372.0,1372.0,1371.0,1370.0,1370.0,1369.0,1368.0,1365.0,1362.0,1352.0,1336.0,1324.0,1300.0,1263.0,1184.0,1040.0,766.0,241.0,1236.6842105263158,14.0,14.0,14.0,15.0,16.0,16.0,17.0,18.0,21.0,24.0,34.0,50.0,62.0,86.0,123.0,202.0,346.0,620.0,1145.0,149.31578947368422,4.0,4.0,4.0,5.0,6.0,6.0,7.0,8.0,11.0,14.0,24.0,40.0,52.0,76.0,113.0,192.0,336.0,610.0,1135.0,139.31578947368422,0.9624819624819625,0.8845419122907225,0.9725829725829725,0.9826839826839827,0.9898255813953488,1.0,0.0,0.0,0.8490231490187332,0.9862418537291817,0.02329450915141431,0.9717560403782985,1204.7460845399642,1362,24,14,14,3,0,0,22.0,601,0.42867487328023174,0.42712842712842713,0.43023255813953487,592,794,784,1376,1386,16,3
tagging_002_tagging_aria01_rgb,0.6314727657751348,0.9160909915896776,0.5784865121608194,0.6314727657751348,0.6314727657751348,0.6314727657751348,0.6314727657751348,0.6314727657751348,0.6314727657751348,0.6314727657751348,0.6314727657751348,0.6314727657751348,0.6314727657751348,0.6314727657751348,0.6314727657751348,0.6314727657751348,0.6314727657751348,0.626895887117286,0.5987948836131005,0.5410929453415373,0.3742949692867433,0.1038663159122069,0.5834507222169875,0.971830985915493,0.971830985915493,0.971830985915493,0.971830985915493,0.971830985915493,0.971830985915493,0.971830985915493,0.971830985915493,0.971830985915493,0.971830985915493,0.971830985915493,0.971830985915493,0.971830985915493,0.971830985915493,0.9649122807017544,0.9243986254295533,0.8006430868167203,0.5342465753424658,0.14754098360655737,0.8935460713007344,0.4103160525799214,0.4103160525799214,0.4103160525799214,0.4103160525799214,0.4103160525799214,0.4103160525799214,0.4103160525799214,0.4103160525799214,0.4103160525799214,0.4103160525799214,0.4103160525799214,0.4103160525799214,0.4103160525799214,0.4103160525799214,0.4072893061312806,0.387879538953892,0.365683011967856,0.26223232960091225,0.07312010071684846,0.3810857380784046,0.9752650176678446,0.9752650176678446,0.9752650176678446,0.9752650176678446,0.9752650176678446,0.9752650176678446,0.9752650176678446,0.9752650176678446,0.9752650176678446,0.9752650176678446,0.9752650176678446,0.9752650176678446,0.9752650176678446,0.9752650176678446,0.9717314487632509,0.950530035335689,0.8798586572438163,0.6890459363957597,0.254416961130742,0.9157522782220568,0.9963898916967509,0.9963898916967509,0.9963898916967509,0.9963898916967509,0.9963898916967509,0.9963898916967509,0.9963898916967509,0.9963898916967509,0.9963898916967509,0.9963898916967509,0.9963898916967509,0.9963898916967509,0.9963898916967509,0.9963898916967509,0.9927797833935018,0.9711191335740073,0.8989169675090253,0.703971119133574,0.259927797833935,0.9355880676420291,0.41356824961969935,0.41356824961969935,0.41356824961969935,0.41356824961969935,0.41356824961969935,0.41356824961969935,0.41356824961969935,0.41356824961969935,0.41356824961969935,0.41356824961969935,0.41356824961969935,0.41356824961969935,0.41356824961969935,0.41356824961969935,0.4114357705274073,0.3980160894098321,0.3838243501356031,0.3050810358358985,0.09475505864219204,0.3885825157487749,0.9964555765595462,0.9964555765595462,0.9964555765595462,0.9964555765595462,0.9964555765595462,0.9964555765595462,0.9964555765595462,0.9964555765595462,0.9964555765595462,0.9964555765595462,0.9964555765595462,0.9964555765595462,0.9964555765595462,0.9964555765595462,0.9928776253584438,0.9719217093241376,0.9054249498994206,0.7186703766466703,0.3009452671377224,0.9389588421157917,0.9160909915896776,0.9160909915896776,0.9160909915896776,0.9160909915896776,0.9160909915896776,0.9160909915896776,0.9160909915896776,0.9160909915896776,0.9160909915896776,0.9160909915896776,0.9160909915896776,0.9160909915896776,0.9160909915896776,0.9160909915896776,0.9167526027198439,0.9197880840199408,0.9269000987276029,0.9410223941614212,0.9632493020135531,0.9206834928367289,0.6325874581974869,0.6325874581974869,0.6325874581974869,0.6325874581974869,0.6325874581974869,0.6325874581974869,0.6325874581974869,0.6325874581974869,0.6325874581974869,0.6325874581974869,0.6325874581974869,0.6325874581974869,0.6325874581974869,0.6325874581974869,0.6291071669538733,0.6071994333559887,0.5672295513166713,0.4250766061583513,0.136392792412042,0.5905910507874601,276.0,276.0,276.0,276.0,276.0,276.0,276.0,276.0,276.0,276.0,276.0,276.0,276.0,276.0,275.0,269.0,249.0,195.0,72.0,259.1578947368421,7.0,7.0,7.0,7.0,7.0,7.0,7.0,7.0,7.0,7.0,7.0,7.0,7.0,7.0,8.0,14.0,34.0,88.0,211.0,23.842105263157894,1.0,1.0,1.0,1.0,1.0,1.0,1.0,1.0,1.0,1.0,1.0,1.0,1.0,1.0,2.0,8.0,28.0,82.0,205.0,17.842105263157894,0.9469964664310954,0.9160909915896776,0.9717314487632509,0.9752650176678446,0.9963898916967509,1.0,0.0,0.0,0.865162945861311,0.9857142857142858,0.004545454545454545,0.9687452366077235,252.84111367875101,276,7,1,7,3,0,0,8.0,220,0.5285714285714286,0.5229681978798587,0.5342960288808665,148,135,129,277,283,10,3
tagging_002_tagging_aria02_rgb,0.8431535757060973,0.9111592520449139,0.7682471813993623,0.8431535757060973,0.8431535757060973,0.8431535757060973,0.8431535757060973,0.8431535757060973,0.8431535757060973,0.8415714916017234,0.8415714916017234,0.8369428091727406,0.8359876430012411,0.8314213689086222,0.8275021714129401,0.8171368143182434,0.8113909731235373,0.7864495748210427,0.7478825819931297,0.658344226513489,0.5404151085915598,0.2275484781565324,0.7717413782870056,0.9883527454242929,0.9883527454242929,0.9883527454242929,0.9883527454242929,0.9883527454242929,0.9883527454242929,0.9850498338870431,0.9850498338870431,0.9784768211920529,0.9752066115702479,0.9686985172981878,0.9590163934426229,0.9462540716612378,0.9367909238249594,0.8938193343898574,0.8300153139356815,0.726878612716763,0.5869853917662683,0.24349635796045785,0.8918870784251673,0.7192856553666876,0.7192856553666876,0.7192856553666876,0.7192856553666876,0.7192856553666876,0.7192856553666876,0.7189916196239515,0.7189916196239515,0.7158813072062249,0.7166433563503664,0.7135981735637372,0.714023084876598,0.7056377280807208,0.7027772094313921,0.6919775730275558,0.6738771526955866,0.5962716648983732,0.4975396214124494,0.21264511036244058,0.6681352185975513,0.99,0.99,0.99,0.99,0.99,0.99,0.9883333333333333,0.9883333333333333,0.985,0.9833333333333333,0.98,0.975,0.9683333333333334,0.9633333333333334,0.94,0.9033333333333333,0.8383333333333334,0.7366666666666667,0.39,0.9252631578947369,0.9983193277310924,0.9983193277310924,0.9983193277310924,0.9983193277310924,0.9983193277310924,0.9983193277310924,0.9966386554621849,0.9966386554621849,0.9932773109243698,0.9915966386554622,0.9882352941176471,0.9831932773109243,0.9764705882352941,0.9714285714285714,0.9478991596638655,0.9109243697478991,0.8453781512605042,0.7428571428571429,0.39327731092436974,0.9330384785493145,0.7209452590010148,0.7209452590010148,0.7209452590010148,0.7209452590010148,0.7209452590010148,0.7209452590010148,0.7208888665795793,0.7208888665795793,0.719205319621439,0.7199986480402695,0.7183389059266375,0.7191698580643546,0.7143174880118742,0.7128258366128306,0.708504526642556,0.6987722891957522,0.6489020330358746,0.5810448039974313,0.31474683958461896,0.6854355703104676,0.9983245149911817,0.9983245149911817,0.9983245149911817,0.9983245149911817,0.9983245149911817,0.9983245149911817,0.9966612926140752,0.9966612926140752,0.9933530908805185,0.9917074423662723,0.9884361277300713,0.9838525466813307,0.9773422957032973,0.9728819771960746,0.9513736617277712,0.9232491659483237,0.8633691411732841,0.7672628776233931,0.43115620018839085,0.9382765369681035,0.9111592520449139,0.9111592520449139,0.9111592520449139,0.9111592520449139,0.9111592520449139,0.9111592520449139,0.9121550855671687,0.9121550855671687,0.9138269498213965,0.9145486233842901,0.9158026634116004,0.9175127809641102,0.9195035450494975,0.9207618688724492,0.9256167921469349,0.931538572411888,0.9396538776402725,0.9480077928702393,0.9651479120667465,0.9212203716864866,0.8438559111679084,0.8438559111679084,0.8438559111679084,0.8438559111679084,0.8438559111679084,0.8438559111679084,0.8429729438491321,0.8429729438491321,0.8397279842890384,0.8394636980901519,0.8362572631029654,0.8343695271009621,0.8266151059339314,0.8228053911784008,0.8065103338742179,0.7802151591719299,0.7070179717704986,0.6054096583640737,0.2879784593356799,0.7860764161535561,594.0,594.0,594.0,594.0,594.0,594.0,593.0,593.0,591.0,590.0,588.0,585.0,581.0,578.0,564.0,542.0,503.0,442.0,234.0,555.1578947368421,6.0,6.0,6.0,6.0,6.0,6.0,7.0,7.0,9.0,10.0,12.0,15.0,19.0,22.0,36.0,58.0,97.0,158.0,366.0,44.8421052631579,1.0,1.0,1.0,1.0,1.0,1.0,2.0,2.0,4.0,5.0,7.0,10.0,14.0,17.0,31.0,53.0,92.0,153.0,361.0,39.8421052631579,0.9683333333333334,0.9145486233842901,0.975,0.9833333333333333,0.9915966386554622,1.0,0.0,0.0,0.8843061463278853,0.9874476987447699,0.022727272727272728,0.9739965666811201,539.5836877967312,590,10,5,4,3,0,0,6.0,220,0.7748953974895397,0.7716666666666666,0.7781512605042017,463,137,132,595,600,7,3
tagging_002_tagging_aria03_rgb,0.8531612384303565,0.8889435853512435,0.7584122101729882,0.8531612384303565,0.8531612384303565,0.8531612384303565,0.8531612384303565,0.8531612384303565,0.8531612384303565,0.8531612384303565,0.8531612384303565,0.8531612384303565,0.8531612384303565,0.8531612384303565,0.8468104220289738,0.8357108382116728,0.8279200285851278,0.8022293288138654,0.7324855754560405,0.5898171851453443,0.3366958572778481,0.06732774692627225,0.759145821325214,0.9885844748858448,0.9885844748858448,0.9885844748858448,0.9885844748858448,0.9885844748858448,0.9885844748858448,0.9885844748858448,0.9885844748858448,0.9885844748858448,0.9885844748858448,0.9885844748858448,0.9795454545454545,0.9617117117117117,0.9441964285714286,0.9142857142857143,0.8221757322175732,0.6496212121212122,0.3673469387755102,0.06219512195121951,0.8723951335749536,0.7362892269212207,0.7362892269212207,0.7362892269212207,0.7362892269212207,0.7362892269212207,0.7362892269212207,0.7362892269212207,0.7362892269212207,0.7362892269212207,0.7362892269212207,0.7362892269212207,0.7320618839374271,0.7262182591718473,0.7259628960570087,0.7039067612600024,0.6525796094759739,0.5355187075200771,0.3086022730608438,0.07288393951093906,0.6608903066382921,0.9954022988505747,0.9954022988505747,0.9954022988505747,0.9954022988505747,0.9954022988505747,0.9954022988505747,0.9954022988505747,0.9954022988505747,0.9954022988505747,0.9954022988505747,0.9954022988505747,0.9908045977011494,0.9816091954022989,0.9724137931034482,0.9563218390804598,0.903448275862069,0.7885057471264367,0.5379310344827586,0.11724137931034483,0.9051421657592256,0.9931192660550459,0.9931192660550459,0.9931192660550459,0.9931192660550459,0.9931192660550459,0.9931192660550459,0.9931192660550459,0.9931192660550459,0.9931192660550459,0.9931192660550459,0.9931192660550459,0.9885321100917431,0.9793577981651376,0.9701834862385321,0.9541284403669725,0.9013761467889908,0.786697247706422,0.536697247706422,0.11697247706422019,0.903066151617576,0.7363952957486445,0.7363952957486445,0.7363952957486445,0.7363952957486445,0.7363952957486445,0.7363952957486445,0.7363952957486445,0.7363952957486445,0.7363952957486445,0.7363952957486445,0.7363952957486445,0.7339065162731057,0.7316714597745043,0.733169417921191,0.7203595016095016,0.6918315592615847,0.6120014528177793,0.4149580871803094,0.12374633355025512,0.6769469779801747,0.9941301000769824,0.9941301000769824,0.9941301000769824,0.9941301000769824,0.9941301000769824,0.9941301000769824,0.9941301000769824,0.9941301000769824,0.9941301000769824,0.9941301000769824,0.9941301000769824,0.989678321552546,0.9821265181634987,0.977204743709568,0.9612095243863048,0.9190822295428873,0.8209245691805354,0.5907589927095953,0.15393696236933171,0.9121238401295302,0.8889435853512435,0.8889435853512435,0.8889435853512435,0.8889435853512435,0.8889435853512435,0.8889435853512435,0.8889435853512435,0.8889435853512435,0.8889435853512435,0.8889435853512435,0.8889435853512435,0.8903924450923256,0.8928873790867388,0.8949817685455926,0.8976283318504173,0.9046141637777625,0.9156503511280806,0.9330146870527681,0.9612852596574416,0.8983596750028844,0.8560981188487073,0.8560981188487073,0.8560981188487073,0.8560981188487073,0.8560981188487073,0.8560981188487073,0.8560981188487073,0.8560981188487073,0.8560981188487073,0.8560981188487073,0.8560981188487073,0.851663243545809,0.8443118624490213,0.8402001746055282,0.8204641420984439,0.7678358698600964,0.6498150341237898,0.4074392469943838,0.09243924273723922,0.7732235854605312,433.0,433.0,433.0,433.0,433.0,433.0,433.0,433.0,433.0,433.0,433.0,431.0,427.0,423.0,416.0,393.0,343.0,234.0,51.0,393.7368421052632,2.0,2.0,2.0,2.0,2.0,2.0,2.0,2.0,2.0,2.0,2.0,4.0,8.0,12.0,19.0,42.0,92.0,201.0,384.0,41.26315789473684,3.0,3.0,3.0,3.0,3.0,3.0,3.0,3.0,3.0,3.0,3.0,5.0,9.0,13.0,20.0,43.0,93.0,202.0,385.0,42.26315789473684,0.9770114942528736,0.8889435853512435,0.9885057471264368,0.9954022988505747,0.9931192660550459,1.0,0.0,0.0,0.8664656838093987,0.9942594718714122,0.013636363636363636,0.986898919530262,384.91257245708846,433,2,3,5,3,0,0,3.0,220,0.8404133180252583,0.8413793103448276,0.8394495412844036,366,69,70,436,435,8,3
tagging_002_tagging_aria04_rgb,0.8824089235892139,0.8904647954109415,0.7857540816126584,0.8824089235892139,0.8815494909628863,0.8807026416906868,0.8798681866497319,0.8782357198172751,0.8774373466022065,0.8708365810429491,0.8700566514201791,0.8652055261692695,0.8570148555023839,0.8497970697289783,0.8449741285222662,0.8338125102709055,0.8338125102709055,0.8053391322963919,0.7649543202199268,0.6580101624439593,0.46222687562097065,0.1386123147254575,0.7860449972392918,0.9764150943396226,0.9733124018838305,0.9702194357366771,0.9671361502347418,0.9609984399375975,0.9579439252336449,0.9518633540372671,0.9488372093023256,0.9398148148148148,0.9308755760368663,0.9220183486238532,0.9161585365853658,0.9045454545454545,0.9045454545454545,0.8705357142857143,0.8191027496382055,0.6895161290322581,0.46332945285215366,0.13447653429602888,0.8527181461032566,0.7974533709523358,0.7984378946706135,0.7994450683128415,0.8004747063692972,0.8026006573049709,0.8036966224557883,0.7967071614492284,0.797817127383855,0.796519261788128,0.7890146454145273,0.7832328508405514,0.7793206627021761,0.768610685942408,0.768610685942408,0.7450252842757477,0.7143854812861893,0.627943793696622,0.4611269221741019,0.14287528968625915,0.7249104301393711,0.9779527559055118,0.9763779527559056,0.9748031496062992,0.9732283464566929,0.9700787401574803,0.968503937007874,0.9653543307086614,0.9637795275590552,0.9590551181102362,0.9543307086614173,0.9496062992125984,0.9464566929133859,0.9401574803149606,0.9401574803149606,0.9212598425196851,0.8913385826771654,0.8078740157480315,0.6267716535433071,0.2346456692913386,0.8916701201823457,0.9983922829581994,0.9967845659163987,0.9951768488745981,0.9935691318327974,0.9903536977491961,0.9887459807073955,0.9855305466237942,0.9839228295819936,0.9790996784565916,0.9742765273311897,0.9694533762057878,0.9662379421221865,0.9598070739549839,0.9598070739549839,0.9405144694533762,0.909967845659164,0.8247588424437299,0.639871382636656,0.2395498392282958,0.9103063124048063,0.7975629577078852,0.7985598541243702,0.7995765408527927,0.8006131139626285,0.8027463067235794,0.8038431216479996,0.7999998098693041,0.8011142724378019,0.8014472117920394,0.7974101256279473,0.7947047976898723,0.7926305807337422,0.7866754128060662,0.7866754128060662,0.7740559440559441,0.7576826295024175,0.7036753045524975,0.5742271965890056,0.23770826488947294,0.7479425714932333,0.9984206614641397,0.9968948166528813,0.9955435427971777,0.9943676873288523,0.9925456487956488,0.9919011882426516,0.9886419177967591,0.988169473581104,0.9861117258849897,0.9811714504178154,0.9779437872981727,0.9746531613473185,0.9681005464244998,0.9681005464244998,0.9484299421741132,0.921671920002029,0.8444250814372111,0.6780152471797399,0.26587628274943803,0.9189991909473181,0.8904647954109415,0.8917406655660906,0.8930060831670427,0.8941705543035675,0.896370555318911,0.8974214367116881,0.8993090815610045,0.9001681868984999,0.9024947989343862,0.9045987374224582,0.906557762361932,0.9076676861067914,0.9095743016462586,0.9095743016462586,0.9132661617936051,0.9178419993790119,0.92695574823064,0.9405390298288434,0.9629694425305823,0.9086679646746585,0.8831034604331348,0.8829366664723065,0.882780590253649,0.8826350745694383,0.8823751098529308,0.8822603601025957,0.8769861507524604,0.8768807296939158,0.8740170906173925,0.8677447238114921,0.8624168649257905,0.8588324965557428,0.8500676948565731,0.8500676948565731,0.8284695987572863,0.7979720185412372,0.7122495870674432,0.5376069972613803,0.18309851985645914,0.8038158646967265,621.0,620.0,619.0,618.0,616.0,615.0,613.0,612.0,609.0,606.0,603.0,601.0,597.0,597.0,585.0,566.0,513.0,398.0,149.0,566.2105263157895,14.0,15.0,16.0,17.0,19.0,20.0,22.0,23.0,26.0,29.0,32.0,34.0,38.0,38.0,50.0,69.0,122.0,237.0,486.0,68.78947368421052,1.0,2.0,3.0,4.0,6.0,7.0,9.0,10.0,13.0,16.0,19.0,21.0,25.0,25.0,37.0,56.0,109.0,224.0,473.0,55.78947368421053,0.9212598425196851,0.9046381890936698,0.9291338582677166,0.9543307086614173,0.9742765273311897,1.0,0.0,0.0,0.8302531379382108,0.964200477326969,0.07272727272727272,0.9280331181034078,548.2107425907639,606,29,16,5,3,0,0,8.0,220,0.8273667462211615,0.8188976377952756,0.8360128617363344,520,115,102,622,635,6,3
tagging_003_tagging_aria01_rgb,0.6010840010871611,0.9102731620932405,0.5471506343532669,0.6010840010871611,0.6010840010871611,0.6010840010871611,0.6010840010871611,0.5988815606017935,0.5988815606017935,0.5966962463332999,0.5966962463332999,0.594527949864706,0.587903065589333,0.587903065589333,0.5861170038277363,0.5831007430327033,0.5721015014884254,0.556451853624023,0.5378330152686802,0.49599570932784864,0.3895018072753494,0.18220304649622499,0.5510068620843787,0.9586983729662077,0.9586983729662077,0.9586983729662077,0.9586983729662077,0.95625,0.95625,0.9538077403245943,0.9538077403245943,0.9513715710723192,0.9416873449131513,0.9416873449131513,0.9368811881188119,0.9320987654320988,0.9085365853658537,0.874251497005988,0.8347010550996483,0.7447045707915273,0.5313111545988258,0.19923371647509577,0.8658617771737099,0.37686720510965704,0.37686720510965704,0.37686720510965704,0.37686720510965704,0.3750683645791788,0.3750683645791788,0.37328949570809994,0.37328949570809994,0.37153042398768676,0.36703266365038806,0.36703266365038806,0.36667738293026436,0.364775160245676,0.36024980532128176,0.3541757337128018,0.34654844455476036,0.3303481049003851,0.28554201536633556,0.16662817288084503,0.3518276374849473,0.9598997493734336,0.9598997493734336,0.9598997493734336,0.9598997493734336,0.9586466165413534,0.9586466165413534,0.9573934837092731,0.9573934837092731,0.956140350877193,0.9511278195488722,0.9511278195488722,0.9486215538847118,0.9461152882205514,0.9335839598997494,0.9147869674185464,0.8922305764411027,0.8370927318295739,0.6804511278195489,0.3258145363408521,0.8951985226223453,0.9986962190352021,0.9986962190352021,0.9986962190352021,0.9986962190352021,0.9973924380704041,0.9973924380704041,0.9960886571056062,0.9960886571056062,0.9947848761408083,0.9895697522816167,0.9895697522816167,0.9869621903520208,0.984354628422425,0.9713168187744459,0.9517601043024772,0.9282920469361148,0.8709256844850065,0.7079530638852672,0.3389830508474576,0.9313799492211623,0.37708955564442237,0.37708955564442237,0.37708955564442237,0.37708955564442237,0.3758560914620328,0.3758560914620328,0.3746284252159775,0.3746284252159775,0.3734065797028607,0.37022471845777505,0.37022471845777505,0.3700078833155553,0.3686781231729084,0.36564166254830394,0.3616543226361874,0.3563862462040641,0.34514484778868404,0.31158898552142567,0.20659690133188366,0.3583622234247965,0.998705580386777,0.998705580386777,0.998705580386777,0.998705580386777,0.9974035070713785,0.9974035070713785,0.9961116595675452,0.9961116595675452,0.9948300780816136,0.9897128013740947,0.9897128013740947,0.9871249071393347,0.9845431485302963,0.972134546841321,0.9539805752399061,0.9326175766522248,0.8826136669709058,0.751444391211633,0.4662041060172987,0.9414090133819828,0.9102731620932405,0.9102731620932405,0.9102731620932405,0.9102731620932405,0.9111475681113488,0.9111475681113488,0.9118859099224158,0.9118859099224158,0.9125439050204704,0.9148213597130816,0.9148213597130816,0.915687224672542,0.9164461173610479,0.9196692831434942,0.923641599999183,0.9272882301137172,0.9338787443624811,0.9465178103126201,0.9655030343601668,0.9198935933269673,0.6014605022209074,0.6014605022209074,0.6014605022209074,0.6014605022209074,0.599631569111841,0.599631569111841,0.597816803651466,0.597816803651466,0.5960161322926915,0.5908425992436633,0.5908425992436633,0.5897779826084447,0.5874685999026124,0.5799339960762397,0.5692058901455366,0.5560585566735408,0.5258630977600406,0.4407917721508535,0.2330018903109927,0.5610811510957119,766.0,766.0,766.0,766.0,765.0,765.0,764.0,764.0,763.0,759.0,759.0,757.0,755.0,745.0,730.0,712.0,668.0,543.0,260.0,714.3684210526316,32.0,32.0,32.0,32.0,33.0,33.0,34.0,34.0,35.0,39.0,39.0,41.0,43.0,53.0,68.0,86.0,130.0,255.0,538.0,83.63157894736842,1.0,1.0,1.0,1.0,2.0,2.0,3.0,3.0,4.0,8.0,8.0,10.0,12.0,22.0,37.0,55.0,99.0,224.0,507.0,52.63157894736842,0.931077694235589,0.9148213597130816,0.9411027568922306,0.9511278195488722,0.9895697522816167,1.0,0.0,0.0,0.8500619198273546,0.9699680511182108,0.02572347266881029,0.939971065179208,694.349412022229,759,39,8,8,3,0,0,12.0,311,0.4817891373801917,0.4724310776942356,0.4915254237288136,377,421,390,767,798,11,3
tagging_003_tagging_aria02_rgb,0.5765762787207186,0.9379837801831398,0.5408191974783872,0.5765762787207186,0.5765762787207186,0.5765762787207186,0.5765762787207186,0.5765762787207186,0.5765762787207186,0.5765762787207186,0.5765762787207186,0.5765762787207186,0.5765762787207186,0.5760971292811197,0.5744700036349929,0.5744700036349929,0.5732142790874449,0.5666840952977498,0.5564094435520691,0.5430954696294196,0.489746807565592,0.2771588341040176,0.5524794133155044,0.9821428571428571,0.9821428571428571,0.9821428571428571,0.9821428571428571,0.9821428571428571,0.9821428571428571,0.9821428571428571,0.9821428571428571,0.9821428571428571,0.9821428571428571,0.9791976225854383,0.9733333333333334,0.9733333333333334,0.9675036927621861,0.9530791788856305,0.9248554913294798,0.8947368421052632,0.7712765957446809,0.3440968718466196,0.9264653438607651,0.33848457255040326,0.33848457255040326,0.33848457255040326,0.33848457255040326,0.33848457255040326,0.33848457255040326,0.33848457255040326,0.33848457255040326,0.33848457255040326,0.33848457255040326,0.3389386317030082,0.33905731343464596,0.33905731343464596,0.33961070351232586,0.3369403833151672,0.33474577571992953,0.3296530055004703,0.31098044053716917,0.22324242272141134,0.3303721955464635,0.9836065573770492,0.9836065573770492,0.9836065573770492,0.9836065573770492,0.9836065573770492,0.9836065573770492,0.9836065573770492,0.9836065573770492,0.9836065573770492,0.9836065573770492,0.9821162444113264,0.9791356184798807,0.9791356184798807,0.9761549925484352,0.9687034277198212,0.9538002980625931,0.9374068554396423,0.8643815201192251,0.5081967213114754,0.9465840458075143,0.9984871406959153,0.9984871406959153,0.9984871406959153,0.9984871406959153,0.9984871406959153,0.9984871406959153,0.9984871406959153,0.9984871406959153,0.9984871406959153,0.9984871406959153,0.9969742813918305,0.9939485627836612,0.9939485627836612,0.9909228441754917,0.983358547655068,0.9682299546142209,0.9515885022692889,0.8774583963691377,0.5158850226928896,0.9609045306154949,0.33851001732506436,0.33851001732506436,0.33851001732506436,0.33851001732506436,0.33851001732506436,0.33851001732506436,0.33851001732506436,0.33851001732506436,0.33851001732506436,0.33851001732506436,0.3389645681268307,0.3391517623544076,0.3391517623544076,0.3397246985707107,0.33788718867339557,0.33674203705776984,0.33338250186120366,0.3205809822361546,0.2525733477093574,0.3328031064313095,0.998533724340176,0.998533724340176,0.998533724340176,0.998533724340176,0.998533724340176,0.998533724340176,0.998533724340176,0.998533724340176,0.998533724340176,0.998533724340176,0.9973175387928925,0.9943835170083513,0.9943835170083513,0.9915127935349555,0.9841632425953244,0.970169686148739,0.9555201918009547,0.8893321915703919,0.5858675830703812,0.9656835528911634,0.9379837801831398,0.9379837801831398,0.9379837801831398,0.9379837801831398,0.9379837801831398,0.9379837801831398,0.9379837801831398,0.9379837801831398,0.9379837801831398,0.9379837801831398,0.9386025324554386,0.939694200287731,0.939694200287731,0.9405043105023139,0.9420294138652296,0.9446192397646849,0.9465586154543235,0.9522610329611056,0.9667151719625352,0.9416061325985521,0.5770057583174921,0.5770057583174921,0.5770057583174921,0.5770057583174921,0.5770057583174921,0.5770057583174921,0.5770057583174921,0.5770057583174921,0.5770057583174921,0.5770057583174921,0.5769550554887894,0.5761797395691373,0.5761797395691373,0.5757713815017583,0.571310164669449,0.5650492196763595,0.555894762767579,0.5184647971838248,0.33682498019691426,0.5590888117788352,660.0,660.0,660.0,660.0,660.0,660.0,660.0,660.0,660.0,660.0,659.0,657.0,657.0,655.0,650.0,640.0,629.0,580.0,341.0,635.1578947368421,11.0,11.0,11.0,11.0,11.0,11.0,11.0,11.0,11.0,11.0,12.0,14.0,14.0,16.0,21.0,31.0,42.0,91.0,330.0,35.8421052631579,1.0,1.0,1.0,1.0,1.0,1.0,1.0,1.0,1.0,1.0,2.0,4.0,4.0,6.0,11.0,21.0,32.0,81.0,320.0,25.842105263157894,0.9612518628912071,0.9379837801831398,0.9821162444113264,0.9836065573770492,0.9984871406959153,1.0,0.0,0.0,0.9002523024156069,0.990990990990991,0.003215434083601286,0.9804081549393767,619.0692949208723,660,11,1,14,3,0,0,16.0,311,0.466966966966967,0.46348733233979134,0.47049924357034795,311,360,350,661,671,17,3
tagging_003_tagging_aria03_rgb,0.8965515760939308,0.8937949574129896,0.8013332777734236,0.8965515760939308,0.8965515760939308,0.8947340815511995,0.8947340815511995,0.8929350130830319,0.8929350130830319,0.8902210215357065,0.8883811462167229,0.8838962741732427,0.8803751945597917,0.8795170443301369,0.8754627803995387,0.869549284699784,0.8581660676519189,0.8379993598975978,0.7729775839905909,0.6601706505096001,0.4716104897911791,0.1616380431874411,0.8051792780210304,0.9884020618556701,0.9884020618556701,0.9858429858429858,0.9858429858429858,0.9832904884318766,0.9832904884318766,0.9807445442875481,0.9756722151088348,0.9681122448979592,0.9606099110546379,0.9581218274111675,0.9506953223767383,0.9433249370277078,0.9239401496259352,0.8955773955773956,0.8110328638497653,0.6681081081081081,0.451552210724365,0.14042867701404288,0.8706837620697511,0.8132365963375394,0.8132365963375394,0.8120452122553024,0.8120452122553024,0.8108823862022281,0.8108823862022281,0.8080528938958061,0.8088998013183167,0.8070062408720878,0.8068420638563525,0.8073610360775753,0.806183707677033,0.8015434860699511,0.7970743559172262,0.7841231038843208,0.7367079337769107,0.652327493866826,0.49255977226704917,0.18605072383365392,0.7456347896264868,0.9884020618556701,0.9884020618556701,0.9871134020618557,0.9871134020618557,0.9858247422680413,0.9858247422680413,0.9845360824742269,0.9819587628865979,0.9780927835051546,0.9742268041237113,0.9729381443298969,0.9690721649484536,0.9652061855670103,0.9548969072164949,0.9394329896907216,0.8904639175257731,0.7963917525773195,0.6185567010309279,0.24484536082474226,0.9049104720564298,1.0,1.0,0.9986962190352021,0.9986962190352021,0.9973924380704041,0.9973924380704041,0.9960886571056062,0.9934810951760105,0.9895697522816167,0.9856584093872229,0.984354628422425,0.9804432855280313,0.9765319426336375,0.9661016949152542,0.9504563233376793,0.9009126466753585,0.8057366362451108,0.6258148631029987,0.24771838331160365,0.915528717491251,0.8132365963375394,0.8132365963375394,0.812594695372672,0.812594695372672,0.8119628399083743,0.8119628399083743,0.8104213112673518,0.8113949580596335,0.8108789075687359,0.811326614340057,0.8118844846515697,0.8117064882785607,0.8091334090587156,0.8075515016374617,0.8012536044635304,0.776489449512548,0.7266316126318515,0.6110438409495309,0.2991767218350853,0.7670779561837792,1.0,1.0,0.9987034586358596,0.9987034586358596,0.9974214343271556,0.9974214343271556,0.9961136721677173,0.9935837867928294,0.9899356921788172,0.9865019007130487,0.9855038899855162,0.9820456905764547,0.97819340200464,0.9687826046167,0.955669862251873,0.9111542591395319,0.8303490173818184,0.6843688665481958,0.3214435307474555,0.9250471558437171,0.8937949574129896,0.8937949574129896,0.8948144451833957,0.8948144451833957,0.8956809281505896,0.8956809281505896,0.896411325504146,0.8977912835256472,0.8996405753049878,0.9013406839468141,0.9018524067481796,0.9031289852225278,0.9042590048370985,0.906784314557251,0.9097549984740668,0.9169157904872581,0.9275552843947893,0.9421152569477039,0.9632321464422992,0.9073348798887746,0.8965515760939308,0.8965515760939308,0.8953103998599442,0.8953103998599442,0.8940849620631732,0.8940849620631732,0.8919401496670833,0.8912386034063768,0.888440757980301,0.8865930099562898,0.8862913450133534,0.8838835844978419,0.8795764496367906,0.8724241154891003,0.8582721664877732,0.8099455739636496,0.7207691975209347,0.5519747709760393,0.21343302604975517,0.8214040329831256,767.0,767.0,766.0,766.0,765.0,765.0,764.0,762.0,759.0,756.0,755.0,752.0,749.0,741.0,729.0,691.0,618.0,480.0,190.0,702.2105263157895,9.0,9.0,10.0,10.0,11.0,11.0,12.0,14.0,17.0,20.0,21.0,24.0,27.0,35.0,47.0,85.0,158.0,296.0,586.0,73.78947368421052,0.0,0.0,1.0,1.0,2.0,2.0,3.0,5.0,8.0,11.0,12.0,15.0,18.0,26.0,38.0,76.0,149.0,287.0,577.0,64.78947368421052,0.9548969072164949,0.9013406839468141,0.9600515463917526,0.9742268041237113,0.9856584093872229,1.0,0.0,0.0,0.8587803570409684,0.9799092676604018,0.03536977491961415,0.9592756958874641,681.4135570637915,756,20,11,4,3,0,0,8.0,311,0.8736228127025275,0.8685567010309279,0.878748370273794,674,102,93,767,776,7,3
tagging_003_tagging_aria04_rgb,0.6083834330947908,0.9096453811172455,0.5534131798629291,0.6083834330947908,0.6083834330947908,0.6073345925973973,0.6073345925973973,0.6063130240191291,0.6063130240191291,0.6053182510893369,0.6053182510893369,0.6043498059917237,0.6016308721035489,0.6006913974579182,0.5980096094934753,0.5876166622911002,0.5667415128027786,0.5504882590007291,0.5415973669059361,0.4970707493898753,0.39892398322748285,0.1823317061936678,0.5570605540241866,0.9533468559837728,0.9533468559837728,0.9493927125506073,0.9493927125506073,0.9454545454545454,0.9454545454545454,0.9415322580645161,0.9415322580645161,0.937625754527163,0.9337349397590361,0.9298597194388778,0.926,0.9107142857142857,0.8735408560311284,0.8377862595419847,0.8169811320754717,0.7414104882459313,0.5658536585365853,0.22988505747126436,0.8569918366025585,0.3882431660009627,0.3882431660009627,0.38851710413332746,0.38851710413332746,0.3888240686584069,0.3888240686584069,0.3891637083737031,0.3891637083737031,0.3895356822684772,0.38764716929355325,0.3880479468426581,0.3861938369833033,0.37914563021410674,0.3676942413355608,0.3617119758723703,0.3590385338450459,0.3332557791076921,0.2812394017309191,0.14461510221319887,0.3625063891599835,0.9710743801652892,0.9710743801652892,0.96900826446281,0.96900826446281,0.9669421487603306,0.9669421487603306,0.9648760330578512,0.9648760330578512,0.9628099173553719,0.9607438016528925,0.9586776859504132,0.9566115702479339,0.9483471074380165,0.9276859504132231,0.9070247933884298,0.8946280991735537,0.8471074380165289,0.71900826446281,0.371900826446281,0.9051761635493694,0.9812108559498957,0.9812108559498957,0.9791231732776617,0.9791231732776617,0.9770354906054279,0.9770354906054279,0.9749478079331941,0.9749478079331941,0.9728601252609603,0.9707724425887265,0.9686847599164927,0.9665970772442589,0.9582463465553236,0.9373695198329853,0.9164926931106472,0.9039665970772442,0.8559498956158664,0.7265135699373695,0.3757828810020877,0.9146247665091748,0.38924245127009865,0.38924245127009865,0.38952941089947374,0.38952941089947374,0.3898441403568557,0.3898441403568557,0.3901868180351439,0.3901868180351439,0.39055762385850723,0.3892165629562756,0.389613648341743,0.3882851314242693,0.38311870925392133,0.3744882293397726,0.37029020463573226,0.3683033915657484,0.34829912668855023,0.30720234119360024,0.1782558032660576,0.368696653349859,0.9841085902446084,0.9841085902446084,0.982969123446583,0.982969123446583,0.9819830650683825,0.9819830650683825,0.9811514006030678,0.9811514006030678,0.9804751240028677,0.9783025097733239,0.9777768207378736,0.9756289904970866,0.9673475357221077,0.9491460397166114,0.9315202698103542,0.9224290009725276,0.8778300999021786,0.7714469165983471,0.4646444486803658,0.9293143218494174,0.9096453811172455,0.9096453811172455,0.9113710769319482,0.9113710769319482,0.9128149610151196,0.9128149610151196,0.9140525813753124,0.9140525813753124,0.9151247150269082,0.9160435875228378,0.9168703756077753,0.9176340449221838,0.920097759543209,0.9253139292375676,0.9298751891731114,0.9320182211497323,0.9379561072493224,0.9488870340549941,0.9671830151405749,0.9222511568161823,0.6140138367966917,0.6140138367966917,0.6135766331847656,0.6135766331847656,0.6131642361050539,0.6131642361050539,0.61277625210651,0.61277625210651,0.6124122941710763,0.6102701165279771,0.6099286087050914,0.6078136991025066,0.599634606832621,0.5840417636906189,0.5727841916304581,0.5667503516221698,0.531322359066621,0.4496815029964065,0.23191049141792197,0.5728216790605007,470.0,470.0,469.0,469.0,468.0,468.0,467.0,467.0,466.0,465.0,464.0,463.0,459.0,449.0,439.0,433.0,410.0,348.0,180.0,438.10526315789474,14.0,14.0,15.0,15.0,16.0,16.0,17.0,17.0,18.0,19.0,20.0,21.0,25.0,35.0,45.0,51.0,74.0,136.0,304.0,45.89473684210526,9.0,9.0,10.0,10.0,11.0,11.0,12.0,12.0,13.0,14.0,15.0,16.0,20.0,30.0,40.0,46.0,69.0,131.0,299.0,40.89473684210526,0.9132231404958677,0.9160435875228378,0.9318181818181818,0.9607438016528925,0.9707724425887265,1.0,0.0,0.0,0.8325625375994206,0.9657320872274143,0.04501607717041801,0.9298466063854559,425.96026819811954,465,19,14,9,3,0,0,13.0,311,0.5337487019730011,0.53099173553719,0.5365344467640919,257,227,222,479,484,12,3
tagging_004_tagging_aria01_rgb,0.8011683201217357,0.9072984085588862,0.7268987418342471,0.8011683201217357,0.8011683201217357,0.8011683201217357,0.8011683201217357,0.8011683201217357,0.8011683201217357,0.7972359315563585,0.7933783669042834,0.7905683082372187,0.7905683082372187,0.7905683082372187,0.7867907467776702,0.7810735126928035,0.777446405797223,0.7520094105825109,0.7221309892712885,0.6815245288394157,0.4898066864826371,0.19838862076113678,0.7346578971109157,0.9785932721712538,0.9785932721712538,0.9785932721712538,0.9785932721712538,0.9785932721712538,0.9785932721712538,0.9725609756097561,0.9665653495440729,0.9606060606060606,0.9606060606060606,0.9606060606060606,0.9546827794561934,0.9429429429429429,0.937125748502994,0.8918128654970761,0.8433048433048433,0.7774725274725275,0.5152224824355972,0.18281535648994515,0.8809412466369293,0.6559115982297051,0.6559115982297051,0.6559115982297051,0.6559115982297051,0.6559115982297051,0.6559115982297051,0.6535169994519354,0.6512226342156977,0.6506290930485461,0.6506290930485461,0.6506290930485461,0.6484244741144084,0.6469912488301962,0.6449752499625074,0.6341219951894825,0.6183685173943964,0.5974174867885607,0.4656446453752902,0.21528850531585866,0.6138594013243266,0.9907120743034056,0.9907120743034056,0.9907120743034056,0.9907120743034056,0.9907120743034056,0.9907120743034056,0.9876160990712074,0.9845201238390093,0.9814241486068112,0.9814241486068112,0.9814241486068112,0.978328173374613,0.9721362229102167,0.9690402476780186,0.9442724458204335,0.9164086687306502,0.8761609907120743,0.6811145510835913,0.30959752321981426,0.9214599967410786,0.9876543209876543,0.9876543209876543,0.9876543209876543,0.9876543209876543,0.9876543209876543,0.9876543209876543,0.9845679012345679,0.9814814814814815,0.9783950617283951,0.9783950617283951,0.9783950617283951,0.9753086419753086,0.9691358024691358,0.9660493827160493,0.941358024691358,0.9135802469135802,0.8734567901234568,0.6790123456790124,0.30864197530864196,0.918615984405458,0.6740771601844425,0.6740771601844425,0.6740771601844425,0.6740771601844425,0.6740771601844425,0.6740771601844425,0.6722717594326696,0.6705092221331194,0.6703672409998507,0.6703672409998507,0.6703672409998507,0.6686420827708017,0.6677886800933706,0.6661489171455582,0.6596140396890214,0.6512366221258471,0.63850596804231,0.5481357963846516,0.32454018570188287,0.6433135767171284,0.925337643678161,0.925337643678161,0.925337643678161,0.925337643678161,0.925337643678161,0.925337643678161,0.923013728245595,0.9207474878912745,0.9174180147420656,0.9174180147420656,0.9174180147420656,0.9151924715761469,0.9103602543587169,0.9082377227634473,0.8963448978860871,0.8765923729677648,0.8475123153736912,0.6984361474064482,0.3765248563945385,0.8724864295346776,0.9072984085588862,0.9072984085588862,0.9072984085588862,0.9072984085588862,0.9072984085588862,0.9072984085588862,0.9091888377640791,0.9108461673856276,0.9124101800836614,0.9124101800836614,0.9124101800836614,0.913466992156346,0.9153112659319453,0.9160971320630358,0.9211518319018367,0.9254595683191997,0.9299622039918354,0.9442087547129042,0.9648800591779845,0.9174523055267946,0.8061138505458227,0.8061138505458227,0.8061138505458227,0.8061138505458227,0.8061138505458227,0.8061138505458227,0.8033827914982004,0.8007132998051204,0.7990889210244321,0.7990889210244321,0.7990889210244321,0.7964746896993923,0.7930722721755887,0.790573827020513,0.7738112995725158,0.7527803596071996,0.7234873164702909,0.5631672430098087,0.2581720124713089,0.7520834198777985,320.0,320.0,320.0,320.0,320.0,320.0,319.0,318.0,317.0,317.0,317.0,316.0,314.0,313.0,305.0,296.0,283.0,220.0,100.0,297.63157894736844,3.0,3.0,3.0,3.0,3.0,3.0,4.0,5.0,6.0,6.0,6.0,7.0,9.0,10.0,18.0,27.0,40.0,103.0,223.0,25.36842105263158,4.0,4.0,4.0,4.0,4.0,4.0,5.0,6.0,7.0,7.0,7.0,8.0,10.0,11.0,19.0,28.0,41.0,104.0,224.0,26.36842105263158,0.9504643962848297,0.9122620164457491,0.9659442724458205,0.9845201238390093,0.9814814814814815,1.0,0.0,0.0,0.8640845858506138,0.9829984544049459,0.049586776859504134,0.9637802786243466,290.0993212297482,318,5,6,5,3,0,0,9.0,121,0.7449768160741885,0.7461300309597523,0.7438271604938271,241,82,83,324,323,7,3
tagging_004_tagging_aria02_rgb,0.7465787656412239,0.934053503154182,0.6973445114277103,0.7465787656412239,0.7465787656412239,0.7465787656412239,0.7465787656412239,0.7465787656412239,0.7465787656412239,0.7465787656412239,0.7465787656412239,0.7465787656412239,0.7443395081870187,0.7443395081870187,0.7443395081870187,0.729132174163014,0.7207529492203494,0.7095632294046921,0.696840421950209,0.6919913893063,0.5810090288734481,0.3437988140661242,0.7065955485429584,0.9957983193277311,0.9957983193277311,0.9957983193277311,0.9957983193277311,0.9957983193277311,0.9957983193277311,0.9957983193277311,0.9957983193277311,0.9957983193277311,0.9874476987447699,0.9874476987447699,0.9874476987447699,0.970954356846473,0.9628099173553719,0.9467213114754098,0.9153225806451613,0.9,0.6964285714285714,0.35327635327635326,0.9300021611163807,0.5597316670334046,0.5597316670334046,0.5597316670334046,0.5597316670334046,0.5597316670334046,0.5597316670334046,0.5597316670334046,0.5597316670334046,0.5597316670334046,0.5610842013732804,0.5610842013732804,0.5610842013732804,0.5475373004415547,0.5395507508239452,0.5318143474963836,0.5305086795973958,0.5320578698600702,0.4847180392671324,0.33457553401773377,0.5379789541539315,1.0,1.0,1.0,1.0,1.0,1.0,1.0,1.0,1.0,0.9957805907172996,0.9957805907172996,0.9957805907172996,0.9873417721518988,0.9831223628691983,0.9746835443037974,0.9578059071729957,0.9493670886075949,0.8227848101265823,0.5232067510548524,0.9571396846546748,0.9957983193277311,0.9957983193277311,0.9957983193277311,0.9957983193277311,0.9957983193277311,0.9957983193277311,0.9957983193277311,0.9957983193277311,0.9957983193277311,0.9915966386554622,0.9915966386554622,0.9915966386554622,0.9831932773109243,0.9789915966386554,0.9705882352941176,0.9537815126050421,0.9453781512605042,0.819327731092437,0.5210084033613446,0.9531180893409995,0.5617444038837859,0.5617444038837859,0.5617444038837859,0.5617444038837859,0.5617444038837859,0.5617444038837859,0.5617444038837859,0.5617444038837859,0.5617444038837859,0.5631546951601977,0.5631546951601977,0.5631546951601977,0.554618412443575,0.5496043645730965,0.5449206442581478,0.5450690443873809,0.5471163380432785,0.5199003634710657,0.4147493364266404,0.5484811696862026,0.9958667011108241,0.9958667011108241,0.9958667011108241,0.9958667011108241,0.9958667011108241,0.9958667011108241,0.9958667011108241,0.9958667011108241,0.9958667011108241,0.9920356278104462,0.9920356278104462,0.9920356278104462,0.9837407319794795,0.9795554814317989,0.9712231141641261,0.955783630834799,0.948935569987193,0.8473618898964739,0.6277439724450863,0.9606974517983006,0.934053503154182,0.934053503154182,0.934053503154182,0.934053503154182,0.934053503154182,0.934053503154182,0.934053503154182,0.934053503154182,0.934053503154182,0.9360136445926358,0.9360136445926358,0.9360136445926358,0.9386397489333586,0.9397948197891297,0.9415978734578156,0.9446108727361647,0.9457683668054514,0.9555619147935441,0.9677253815498832,0.939380075801626,0.7481521683677756,0.7481521683677756,0.7481521683677756,0.7481521683677756,0.7481521683677756,0.7481521683677756,0.7481521683677756,0.7481521683677756,0.7481521683677756,0.7474735831356379,0.7474735831356379,0.7474735831356379,0.735259443011262,0.7283161463525898,0.7199657583033977,0.7128284135224492,0.7107167022659686,0.631520894272974,0.4183923734198088,0.7175152629402813,237.0,237.0,237.0,237.0,237.0,237.0,237.0,237.0,237.0,236.0,236.0,236.0,234.0,233.0,231.0,227.0,225.0,195.0,124.0,226.8421052631579,0.0,0.0,0.0,0.0,0.0,0.0,0.0,0.0,0.0,1.0,1.0,1.0,3.0,4.0,6.0,10.0,12.0,42.0,113.0,10.157894736842104,1.0,1.0,1.0,1.0,1.0,1.0,1.0,1.0,1.0,2.0,2.0,2.0,4.0,5.0,7.0,11.0,13.0,43.0,114.0,11.157894736842104,0.9662447257383966,0.9360136445926358,0.9873417721518988,0.9957805907172996,0.9915966386554622,1.0,0.0,0.0,0.9025283549530044,0.9936842105263158,0.01652892561983471,0.9843925316272741,220.89922012386205,236,1,2,5,3,0,0,5.0,121,0.6484210526315789,0.6497890295358649,0.6470588235294118,154,83,84,238,237,8,3
tagging_004_tagging_aria03_rgb,0.6923237887682865,0.872811276212514,0.6042680096271311,0.6923237887682865,0.6923237887682865,0.6923237887682865,0.6923237887682865,0.6923237887682865,0.6923237887682865,0.6923237887682865,0.6923237887682865,0.6923237887682865,0.6923237887682865,0.6899107411166847,0.6899107411166847,0.6805727737240623,0.6717409398728608,0.6127914977488826,0.5228722383804435,0.40456268965448694,0.18488811997902171,0.04808226471843561,0.6015036786312857,0.9769230769230769,0.9769230769230769,0.9769230769230769,0.9769230769230769,0.9769230769230769,0.9769230769230769,0.9769230769230769,0.9769230769230769,0.9769230769230769,0.9769230769230769,0.9693486590038314,0.9693486590038314,0.9543726235741445,0.9323308270676691,0.8357142857142857,0.707641196013289,0.5389221556886228,0.2567237163814181,0.05761316872427984,0.8416445294948495,0.49063456460064375,0.49063456460064375,0.49063456460064375,0.49063456460064375,0.49063456460064375,0.49063456460064375,0.49063456460064375,0.49063456460064375,0.49063456460064375,0.49063456460064375,0.4910274814815542,0.4910274814815542,0.4853233306293384,0.48398688233927006,0.4493322970928601,0.3863474585838572,0.303700577407766,0.1331533268184309,0.040128051132160954,0.430019606998591,0.9769230769230769,0.9769230769230769,0.9769230769230769,0.9769230769230769,0.9769230769230769,0.9769230769230769,0.9769230769230769,0.9769230769230769,0.9769230769230769,0.9769230769230769,0.9730769230769231,0.9730769230769231,0.9653846153846154,0.9538461538461539,0.9,0.8192307692307692,0.6923076923076923,0.40384615384615385,0.1076923076923077,0.8714574898785424,1.0,1.0,1.0,1.0,1.0,1.0,1.0,1.0,1.0,1.0,0.9960629921259843,0.9960629921259843,0.9881889763779528,0.9763779527559056,0.9212598425196851,0.8385826771653543,0.7086614173228346,0.41338582677165353,0.11023622047244094,0.8920430998756733,0.4917512297699957,0.4917512297699957,0.4917512297699957,0.4917512297699957,0.4917512297699957,0.4917512297699957,0.4917512297699957,0.4917512297699957,0.4917512297699957,0.4917512297699957,0.4922687257680271,0.4922687257680271,0.4884915815058205,0.48806412423753165,0.46484347576189217,0.4204766655994875,0.3526316832193735,0.17109095763463641,0.05024743340553289,0.4388366142421202,0.9663167104111986,0.9663167104111986,0.9663167104111986,0.9663167104111986,0.9663167104111986,0.9663167104111986,0.9663167104111986,0.9663167104111986,0.9663167104111986,0.9663167104111986,0.9624505928853755,0.9624505928853755,0.9543529489170653,0.9429791511871883,0.8920405702719238,0.8077009492603291,0.6920344609734344,0.43303122889622014,0.26066914934536206,0.872151407828119,0.872811276212514,0.872811276212514,0.872811276212514,0.872811276212514,0.872811276212514,0.872811276212514,0.872811276212514,0.872811276212514,0.872811276212514,0.872811276212514,0.8741136539781864,0.8741136539781864,0.8760415347385456,0.8785099111729229,0.887401107368293,0.8980527380208437,0.9108804498346262,0.9348546063249202,0.9652899235228526,0.8856510705823432,0.6923237887682865,0.6923237887682865,0.6923237887682865,0.6923237887682865,0.6923237887682865,0.6923237887682865,0.6923237887682865,0.6923237887682865,0.6923237887682865,0.6923237887682865,0.6912362192668159,0.6912362192668159,0.6844878938862136,0.679447589024572,0.6359237905469287,0.5625901933788093,0.45853489060014196,0.23189104964927656,0.06573798315751202,0.6118065113926289,254.0,254.0,254.0,254.0,254.0,254.0,254.0,254.0,254.0,254.0,253.0,253.0,251.0,248.0,234.0,213.0,180.0,105.0,28.0,226.57894736842104,6.0,6.0,6.0,6.0,6.0,6.0,6.0,6.0,6.0,6.0,7.0,7.0,9.0,12.0,26.0,47.0,80.0,155.0,232.0,33.421052631578945,0.0,0.0,0.0,0.0,0.0,0.0,0.0,0.0,0.0,0.0,1.0,1.0,3.0,6.0,20.0,41.0,74.0,149.0,226.0,27.42105263157895,0.9538461538461539,0.872811276212514,0.9769230769230769,0.9769230769230769,1.0,1.0,0.0,0.0,0.8295925544537637,0.9883268482490273,0.0,0.9739301874985244,221.69406415797854,254,6,0,6,3,0,0,8.0,121,0.6303501945525292,0.6230769230769231,0.6377952755905512,162,98,92,254,260,8,3
tagging_004_tagging_aria04_rgb,0.7736221185516591,0.8807412336456895,0.6813608990687801,0.7736221185516591,0.7736221185516591,0.7705485154082216,0.7665698183147786,0.7665698183147786,0.7599115178745082,0.7599115178745082,0.7564608461286175,0.7564608461286175,0.7564608461286175,0.7564608461286175,0.754784168478266,0.732899496245019,0.7270767962304614,0.7116459256619915,0.692269857175159,0.6196203692288764,0.4295976559614565,0.15266529830545417,0.6956399145626984,0.9026548672566371,0.9026548672566371,0.8942731277533039,0.8859649122807017,0.8859649122807017,0.8695652173913043,0.8695652173913043,0.8614718614718615,0.8614718614718615,0.8614718614718615,0.8614718614718615,0.853448275862069,0.8220338983050848,0.8067226890756303,0.7695473251028807,0.7269076305220884,0.6165413533834586,0.3870967741935484,0.13157894736842105,0.7773898663848009,0.6630343490323173,0.6630343490323173,0.6639414695256347,0.6632647390498159,0.6632647390498159,0.6640853422480899,0.6640853422480899,0.6642503804453224,0.6642503804453224,0.6642503804453224,0.6642503804453224,0.6675262662051472,0.6534300747252776,0.655294160899932,0.6581010770761977,0.6592826034982068,0.6227147617210095,0.476764877186243,0.17713086913086915,0.6248398180215923,0.918918918918919,0.918918918918919,0.9144144144144144,0.9099099099099099,0.9099099099099099,0.9009009009009009,0.9009009009009009,0.8963963963963963,0.8963963963963963,0.8963963963963963,0.8963963963963963,0.8918918918918919,0.8738738738738738,0.8648648648648649,0.8423423423423423,0.8153153153153153,0.7387387387387387,0.5405405405405406,0.22522522522522523,0.8290659080132765,0.9807692307692307,0.9807692307692307,0.9759615384615384,0.9711538461538461,0.9711538461538461,0.9615384615384616,0.9615384615384616,0.9567307692307693,0.9567307692307693,0.9567307692307693,0.9567307692307693,0.9519230769230769,0.9326923076923077,0.9230769230769231,0.8990384615384616,0.8701923076923077,0.7884615384615384,0.5769230769230769,0.2403846153846154,0.8848684210526317,0.6640956480739763,0.6640956480739763,0.6651373429957822,0.6650028363160203,0.6650028363160203,0.6662898417372102,0.6662898417372102,0.6666744962698414,0.6666744962698414,0.6666744962698414,0.6666744962698414,0.6699120390507951,0.6634351360341594,0.6655129227497648,0.671653834016626,0.676787683577448,0.6621347709842574,0.5771373911176544,0.2748995215311005,0.6412676462837562,0.9762443438914028,0.9762443438914028,0.9729064039408867,0.9681753889674682,0.9681753889674682,0.9610439560439561,0.9610439560439561,0.9576177591252969,0.9576177591252969,0.9576177591252969,0.9576177591252969,0.9622599622599622,0.9514368792719308,0.9461233211233212,0.9251046339281633,0.9120781305864178,0.8590316864707108,0.7106010887260886,0.33333333333333326,0.9060144133656661,0.8807412336456895,0.8807412336456895,0.8844949591343408,0.8879369790317971,0.8879369790317971,0.8942120519645975,0.8942120519645975,0.8967094623573062,0.8967094623573062,0.8967094623573062,0.8967094623573062,0.8984354995514162,0.9043576698132544,0.9066415078849506,0.9113189275879894,0.9160332560559444,0.925267377580718,0.9419429341605532,0.9666802003565728,0.9035679321494282,0.7805605724214401,0.7805605724214401,0.7791775472007192,0.7768598065000132,0.7768598065000132,0.773482438783446,0.773482438783446,0.7716421757110755,0.7716421757110755,0.7716421757110755,0.7716421757110755,0.7715965684561068,0.7556556561727525,0.7528219549889965,0.7445444263187944,0.7331597395882036,0.6782503355456396,0.5076521884371191,0.19973567506667378,0.7195246542120581,204.0,204.0,203.0,202.0,202.0,200.0,200.0,199.0,199.0,199.0,199.0,198.0,194.0,192.0,187.0,181.0,164.0,120.0,50.0,184.05263157894737,18.0,18.0,19.0,20.0,20.0,22.0,22.0,23.0,23.0,23.0,23.0,24.0,28.0,30.0,35.0,41.0,58.0,102.0,172.0,37.94736842105263,4.0,4.0,5.0,6.0,6.0,8.0,8.0,9.0,9.0,9.0,9.0,10.0,14.0,16.0,21.0,27.0,44.0,88.0,158.0,23.94736842105263,0.8288288288288288,0.8967094623573062,0.8558558558558559,0.8963963963963963,0.9567307692307693,0.6666666666666666,0.3333333333333333,0.0,0.7362395631040718,0.9255813953488372,0.0743801652892562,0.8523506700433169,178.44518300910394,199,23,9,6,2,1,0,9.0,121,0.7488372093023256,0.7252252252252253,0.7740384615384616,161,61,47,208,222,8,3
tagging_005_tagging_aria01_rgb,0.462015221818662,0.910652963679146,0.4207355310140426,0.462015221818662,0.462015221818662,0.4606956105723227,0.4606956105723227,0.4606956105723227,0.4606956105723227,0.46037169925356997,0.45906246195843264,0.45906246195843264,0.4568940709991073,0.45583664470553725,0.4542118359500059,0.45163998912558645,0.44524209799828013,0.43092285182407664,0.4118783871417592,0.3791497756317287,0.2981369674740174,0.12361686213783675,0.42383363116236766,0.9716446124763705,0.9716446124763705,0.9697828139754485,0.9697828139754485,0.9697828139754485,0.9697828139754485,0.9679245283018868,0.9660697455230914,0.9660697455230914,0.9568480300187617,0.9513564078578111,0.9458955223880597,0.9386617100371747,0.9225806451612903,0.8860759493670886,0.8346525945470537,0.7485331098072087,0.561377245508982,0.20369301788805538,0.8774820385675838,0.2196873861607899,0.2196873861607899,0.21885358509351602,0.21885358509351602,0.21885358509351602,0.21885358509351602,0.21896552393960686,0.2181398858166605,0.2181398858166605,0.2181665066604611,0.21841135975977774,0.2181090691667697,0.21730797964399923,0.21487609443102143,0.20956951191016304,0.20325079788023487,0.1920483549466709,0.15833497364862667,0.07502038490687524,0.20500681269595641,0.979047619047619,0.979047619047619,0.9780952380952381,0.9780952380952381,0.9780952380952381,0.9780952380952381,0.9771428571428571,0.9761904761904762,0.9761904761904762,0.9714285714285714,0.9685714285714285,0.9657142857142857,0.9619047619047619,0.9533333333333334,0.9333333333333333,0.9038095238095238,0.8504761904761905,0.7142857142857143,0.3361904761904762,0.9136340852130328,0.9922779922779923,0.9922779922779923,0.9913127413127413,0.9913127413127413,0.9913127413127413,0.9913127413127413,0.9903474903474904,0.9893822393822393,0.9893822393822393,0.9845559845559846,0.9816602316602316,0.9787644787644788,0.974903474903475,0.9662162162162162,0.9459459459459459,0.916023166023166,0.861969111969112,0.7239382239382239,0.3407335907335907,0.9259804917699656,0.22393969924368756,0.22393969924368756,0.22329814831792683,0.22329814831792683,0.22329814831792683,0.22329814831792683,0.2234167990472815,0.22277856746911626,0.22277856746911626,0.22286581678125797,0.22310012791207479,0.22287538850038852,0.22207789528952895,0.22012643065808649,0.21573562704302499,0.21035261114456316,0.20069830493787663,0.17101558441558443,0.08778221306549919,0.21087768028907797,0.8912790792275094,0.8912790792275094,0.8902052344681799,0.8902052344681799,0.8902052344681799,0.8902052344681799,0.8891722961002151,0.8881057783977017,0.8881057783977017,0.8844824017749036,0.8830979977107057,0.8801053936936731,0.8783104315564864,0.8709984767923998,0.8566720551568356,0.8402753686962101,0.8079341713587139,0.706058200014601,0.3736217896170595,0.8415957492418392,0.910652963679146,0.910652963679146,0.9114407542869288,0.9114407542869288,0.9114407542869288,0.9114407542869288,0.9120223779748575,0.9125438365329105,0.9125438365329105,0.9147182087655369,0.9158713597969469,0.916886331843694,0.9180358123473745,0.9201832186917359,0.9243925569903965,0.9292641440394918,0.9357941257820916,0.9464616934884506,0.9651892129508813,0.9205776663285941,0.46377194002603933,0.46377194002603933,0.46266580748963826,0.46266580748963826,0.46266580748963826,0.46266580748963826,0.4625587505151428,0.4614608098327548,0.4614608098327548,0.46036200744493855,0.4599423906738279,0.4589455784057569,0.45719752888600124,0.4526019701211803,0.4422648653421976,0.4286023878212076,0.4041442233934118,0.33629809655872134,0.15881164606487524,0.43278200920544224,1028.0,1028.0,1027.0,1027.0,1027.0,1027.0,1026.0,1025.0,1025.0,1020.0,1017.0,1014.0,1010.0,1001.0,980.0,949.0,893.0,750.0,353.0,959.3157894736842,22.0,22.0,23.0,23.0,23.0,23.0,24.0,25.0,25.0,30.0,33.0,36.0,40.0,49.0,70.0,101.0,157.0,300.0,697.0,90.6842105263158,8.0,8.0,9.0,9.0,9.0,9.0,10.0,11.0,11.0,16.0,19.0,22.0,26.0,35.0,56.0,87.0,143.0,286.0,683.0,76.6842105263158,0.94,0.9147182087655369,0.9561904761904761,0.9714285714285714,0.9845559845559846,1.0,0.0,0.0,0.8571548313722358,0.9779482262703739,0.036281179138321996,0.9550186200748778,933.0125729408476,1020,30,16,17,3,0,0,23.0,441,0.3077660594439118,0.3057142857142857,0.30984555984555984,321,729,715,1036,1050,17,3
tagging_005_tagging_aria02_rgb,0.6744733926260501,0.9227012265288713,0.6223374266371454,0.6744733926260501,0.6744733926260501,0.6744733926260501,0.6744733926260501,0.6744733926260501,0.6744733926260501,0.6744733926260501,0.6721981449108422,0.6712285099200902,0.6702732637792319,0.6691609956399617,0.6691609956399617,0.6649223435187623,0.6579125652782557,0.6497086123971684,0.6251601294131598,0.5939637300142133,0.5154086480495016,0.22255433787538195,0.6317350539378358,0.9856801909307876,0.9856801909307876,0.9856801909307876,0.9856801909307876,0.9856801909307876,0.9856801909307876,0.9856801909307876,0.9809523809523809,0.9785969084423306,0.9762470308788599,0.9739027283511269,0.9739027283511269,0.9645808736717828,0.9484777517564403,0.9303944315545244,0.8781038374717833,0.8047722342733189,0.6361848574237955,0.2501878287002254,0.905056048860169,0.46152328264902415,0.46152328264902415,0.46152328264902415,0.46152328264902415,0.46152328264902415,0.46152328264902415,0.46152328264902415,0.4606241391482101,0.46040173297369025,0.4601973004033773,0.45977531949620476,0.45977531949620476,0.4583563026991176,0.4563617256698357,0.45370142673550184,0.44507855532568197,0.4383760989107146,0.4175611402634415,0.19797299318863726,0.4420444754133571,0.9892215568862276,0.9892215568862276,0.9892215568862276,0.9892215568862276,0.9892215568862276,0.9892215568862276,0.9892215568862276,0.9868263473053892,0.98562874251497,0.9844311377245509,0.9832335329341317,0.9832335329341317,0.9784431137724551,0.9700598802395209,0.9604790419161676,0.9317365269461078,0.888622754491018,0.7748502994011977,0.39880239520958083,0.9342578001890955,0.9963811821471653,0.9963811821471653,0.9963811821471653,0.9963811821471653,0.9963811821471653,0.9963811821471653,0.9963811821471653,0.9939686369119421,0.9927623642943305,0.991556091676719,0.9903498190591074,0.9903498190591074,0.985524728588661,0.97708082026538,0.9674306393244874,0.9384800965018094,0.8950542822677925,0.7804583835946924,0.4016887816646562,0.9410196178020444,0.4618083638499499,0.4618083638499499,0.4618083638499499,0.4618083638499499,0.4618083638499499,0.4618083638499499,0.4618083638499499,0.46120527644708137,0.46107864791208675,0.4609630808580198,0.46067648085633284,0.46067648085633284,0.45985455326833574,0.45883046040123976,0.4571139189504427,0.4515127702580134,0.44721328000841176,0.4356284516653024,0.25431442667817344,0.4474592829004959,0.9964370305265722,0.9964370305265722,0.9964370305265722,0.9964370305265722,0.9964370305265722,0.9964370305265722,0.9964370305265722,0.9940642418287581,0.9928618817855646,0.9916964830138547,0.9905474349601994,0.9905474349601994,0.9858375781657392,0.9777182996556172,0.9689666843209661,0.9446562972502145,0.9136511961655684,0.8510883253887872,0.487287297533479,0.9507359141428923,0.9227012265288713,0.9227012265288713,0.9227012265288713,0.9227012265288713,0.9227012265288713,0.9227012265288713,0.9227012265288713,0.9240033699175871,0.9245898660642222,0.9251245176130239,0.9256322510907896,0.9256322510907896,0.9270137366315092,0.9291319464804871,0.9310778299796122,0.9357373832998223,0.9408177319031402,0.9495000296492876,0.9674522194410045,0.9297169325717565,0.6756839351363255,0.6756839351363255,0.6756839351363255,0.6756839351363255,0.6756839351363255,0.6756839351363255,0.6756839351363255,0.6742077103655204,0.6736357926376622,0.6730769287487602,0.6723589158657544,0.6723589158657544,0.669683184819624,0.6653556950603052,0.6601293143520541,0.6439689024769302,0.6241401897947817,0.5688122489463752,0.28098417014208926,0.6425526060542047,826.0,826.0,826.0,826.0,826.0,826.0,826.0,824.0,823.0,822.0,821.0,821.0,817.0,810.0,802.0,778.0,742.0,647.0,333.0,780.1052631578947,9.0,9.0,9.0,9.0,9.0,9.0,9.0,11.0,12.0,13.0,14.0,14.0,18.0,25.0,33.0,57.0,93.0,188.0,502.0,54.89473684210526,3.0,3.0,3.0,3.0,3.0,3.0,3.0,5.0,6.0,7.0,8.0,8.0,12.0,19.0,27.0,51.0,87.0,182.0,496.0,48.89473684210526,0.9652694610778443,0.9251245176130239,0.9760479041916168,0.9844311377245509,0.991556091676719,1.0,0.0,0.0,0.891559704763959,0.9879807692307693,0.015873015873015872,0.9749050987910907,760.4523534779057,822,13,7,9,3,0,0,11.0,441,0.5745192307692307,0.5724550898203593,0.5765983112183354,478,357,351,829,835,12,3
tagging_005_tagging_aria03_rgb,0.5096996024205215,0.9022394381901705,0.4598710829336446,0.5096996024205215,0.5096996024205215,0.5096996024205215,0.5096996024205215,0.5096996024205215,0.5090403312687662,0.5090403312687662,0.5080767957922059,0.5075379488937314,0.5038165448680129,0.5038165448680129,0.5031793806174976,0.5018085469941659,0.49646525820029735,0.48366064344439547,0.4573629995442862,0.38268108292739644,0.2845386305121795,0.11290172215692379,0.4638118301820655,0.9659367396593674,0.9659367396593674,0.9659367396593674,0.9659367396593674,0.9659367396593674,0.9635479951397327,0.9635479951397327,0.9611650485436893,0.9587878787878787,0.9493365500603136,0.9493365500603136,0.946987951807229,0.9399759903961584,0.9238095238095239,0.8900584795321638,0.8301245753114382,0.6676986584107327,0.4677565849227975,0.15676449534717252,0.8630832618718796,0.2689551748484611,0.2689551748484611,0.2689551748484611,0.2689551748484611,0.2689551748484611,0.26892491102182997,0.26892491102182997,0.2685720114496456,0.2686671111162909,0.267377370929852,0.267377370929852,0.2673629464825,0.2678917551184136,0.26680581466998177,0.26282275086015094,0.25198737583894354,0.21932770028182352,0.1730862479832524,0.08131177176164796,0.2497482065109642,0.9706601466992665,0.9706601466992665,0.9706601466992665,0.9706601466992665,0.9706601466992665,0.969437652811736,0.969437652811736,0.9682151589242054,0.9669926650366748,0.9621026894865525,0.9621026894865525,0.960880195599022,0.9572127139364304,0.9486552567237164,0.9303178484107579,0.8960880195599022,0.7909535452322738,0.6295843520782396,0.26772616136919314,0.8964740702612277,0.9949874686716792,0.9949874686716792,0.9949874686716792,0.9949874686716792,0.9949874686716792,0.993734335839599,0.993734335839599,0.9924812030075187,0.9912280701754386,0.9862155388471178,0.9862155388471178,0.9849624060150376,0.981203007518797,0.9724310776942355,0.9536340852130326,0.918546365914787,0.8107769423558897,0.6453634085213033,0.2744360902255639,0.9189420920722858,0.26914185159868675,0.26914185159868675,0.26914185159868675,0.26914185159868675,0.26914185159868675,0.2691347482907724,0.2691347482907724,0.2688562417429623,0.2689620205755258,0.26798212551396466,0.26798212551396466,0.26798788382803895,0.2685285035154849,0.2677488267823847,0.26471015700166417,0.25631637758662623,0.2301321077158226,0.18846450864872102,0.0962264388819121,0.25251979325695,0.9852591175672178,0.9852591175672178,0.9852591175672178,0.9852591175672178,0.9852591175672178,0.9840201732823292,0.9840201732823292,0.9827584142418607,0.9815273607337842,0.9764984215401591,0.9764984215401591,0.9753260796036027,0.9741225881020082,0.966888985599735,0.9502223364911334,0.9187833786087489,0.8265666142236545,0.7026774075627881,0.38602988832051155,0.9216966226825734,0.9022394381901705,0.9022394381901705,0.9022394381901705,0.9022394381901705,0.9022394381901705,0.9030252712191464,0.9030252712191464,0.9036757555827264,0.904301326341892,0.9064820536088585,0.9064820536088585,0.9068793787587934,0.9079768439494085,0.9100241888053924,0.9136248176001597,0.9187566786160504,0.9307022533066339,0.9440218331374278,0.9656769172414897,0.9124132544182546,0.5109442919476976,0.5109442919476976,0.5109442919476976,0.5109442919476976,0.5109442919476976,0.5105937078770241,0.5105937078770241,0.50993675367472,0.5097049399270588,0.5071927519981473,0.5071927519981473,0.5068567453551698,0.5063885800036276,0.5030971462959534,0.49447820588334557,0.47518719318771174,0.4165069292407389,0.33010966858029084,0.1475441917795274,0.4731634070219461,794.0,794.0,794.0,794.0,794.0,793.0,793.0,792.0,791.0,787.0,787.0,786.0,783.0,776.0,761.0,733.0,647.0,515.0,219.0,733.3157894736842,24.0,24.0,24.0,24.0,24.0,25.0,25.0,26.0,27.0,31.0,31.0,32.0,35.0,42.0,57.0,85.0,171.0,303.0,599.0,84.6842105263158,4.0,4.0,4.0,4.0,4.0,5.0,5.0,6.0,7.0,11.0,11.0,12.0,15.0,22.0,37.0,65.0,151.0,283.0,579.0,64.6842105263158,0.9315403422982885,0.9064820536088585,0.9486552567237164,0.9621026894865525,0.9862155388471178,1.0,0.0,0.0,0.841566474560112,0.974009900990099,0.024943310657596373,0.9472541222057723,713.4013761901716,787,31,11,14,3,0,0,18.0,441,0.375,0.3704156479217604,0.37969924812030076,303,515,495,798,818,16,3
tagging_005_tagging_aria04_rgb,0.5626695833090284,0.894341896351169,0.5032189821557185,0.5626695833090284,0.5619509654766796,0.5619509654766796,0.5612387863428702,0.5605330064031209,0.5602603521429235,0.5591058232137291,0.5579362651477788,0.5561685035521524,0.5530108010773642,0.5505020509435473,0.5468227624228924,0.5407565411384437,0.5332869291505113,0.5227392922994886,0.5093752085285571,0.46876995953630296,0.36863290356638306,0.13554381938069548,0.5142765536373236,0.9636992221261884,0.9620034542314335,0.9620034542314335,0.9603106125970664,0.9586206896551724,0.9569336778639104,0.9535683576956148,0.9485420240137221,0.9435414884516681,0.9319727891156463,0.922165820642978,0.9124579124579124,0.8964941569282137,0.871499176276771,0.8411669367909238,0.7946287519747235,0.6892193308550186,0.4839973873285434,0.14400805639476336,0.847201752612195,0.32852268914636507,0.3282616982414717,0.3282616982414717,0.3280073875719866,0.32775972254504726,0.3280181996353069,0.32782056894895995,0.3281803737591169,0.32783232971666554,0.3281436429044491,0.32863125189540127,0.32770293229014574,0.3261790771575867,0.32632841951472397,0.32485390920885576,0.3265211615093489,0.31883214112851377,0.2807664279797823,0.12757707750699618,0.31411582678432604,0.9653679653679653,0.9645021645021645,0.9645021645021645,0.9636363636363636,0.9627705627705627,0.9619047619047619,0.9601731601731601,0.9575757575757575,0.9549783549783549,0.9489177489177489,0.9437229437229437,0.9385281385281385,0.9298701298701298,0.9160173160173161,0.8987012987012987,0.870995670995671,0.8025974025974026,0.6415584415584416,0.24761904761904763,0.8838915470494417,0.9982094897045658,0.9973142345568488,0.9973142345568488,0.9964189794091316,0.9955237242614146,0.9946284691136974,0.9928379588182632,0.990152193375112,0.9874664279319606,0.981199641897941,0.9758281110116384,0.9704565801253358,0.9615040286481648,0.9471799462846912,0.9292748433303492,0.900626678603402,0.8299015219337511,0.6633840644583706,0.25604297224709044,0.9139612684351882,0.33370620066684253,0.3334983809265934,0.3334983809265934,0.33329478351341846,0.33309541981848795,0.3333590091450405,0.333226834921013,0.33361696350234465,0.33331434913261854,0.33374670807930207,0.3343135385701737,0.33361503551660054,0.33243919422381196,0.3327901668468904,0.3319901165700191,0.33397988293345493,0.3295326014898392,0.30351335944130686,0.171144915909641,0.32303557063863114,0.9188945644422418,0.9181323513043982,0.9181323513043982,0.9173831440728658,0.9166469778355214,0.9158004468910503,0.9141486927588293,0.9130355473452816,0.9111814385173491,0.905572074467259,0.9024967890559009,0.899479062723709,0.892432532341214,0.8844507918605125,0.8759660490384635,0.8617601655942535,0.8179308894013316,0.7050666390366089,0.32956040259172026,0.8588458373991004,0.894341896351169,0.8950668290914172,0.8950668290914172,0.8957356037018133,0.8963547497908145,0.8969245663935553,0.8979394715475979,0.8993619666575112,0.9006672547671285,0.9033182377106806,0.9053980893332759,0.9072120273314996,0.9098273002240719,0.9133937207525306,0.9168946651078335,0.9212829899830398,0.9290542971350796,0.9417304417992662,0.9647306743909566,0.9097000847979293,0.5631565324121163,0.5626802986395169,0.5626802986395169,0.5622097884293127,0.5617449710751479,0.5617136888314442,0.5610387791030903,0.5605868086424096,0.5595290688977141,0.5580155257217845,0.5568993198398471,0.55457950109293,0.5507305882529535,0.5467380387206018,0.5403208584667007,0.533290275706506,0.5058595144250166,0.4244149761455639,0.17773720609457044,0.5265224231124602,1115.0,1114.0,1114.0,1113.0,1112.0,1111.0,1109.0,1106.0,1103.0,1096.0,1090.0,1084.0,1074.0,1058.0,1038.0,1006.0,927.0,741.0,286.0,1020.8947368421053,40.0,41.0,41.0,42.0,43.0,44.0,46.0,49.0,52.0,59.0,65.0,71.0,81.0,97.0,117.0,149.0,228.0,414.0,869.0,134.10526315789474,2.0,3.0,3.0,4.0,5.0,6.0,8.0,11.0,14.0,21.0,27.0,33.0,43.0,59.0,79.0,111.0,190.0,376.0,831.0,96.10526315789474,0.9376623376623376,0.9025669192064169,0.9515151515151515,0.9593073593073593,0.9919427036705462,1.0,0.0,0.0,0.8441940662170648,0.9753521126760564,0.02040816326530612,0.95047262339164,1000.0441464807099,1108,47,9,16,3,0,0,18.0,441,0.44454225352112675,0.43722943722943725,0.4521038495971352,505,650,612,1117,1155,15,3
tagging_006_tagging_aria01_rgb,0.6724018033829021,0.9385569664345986,0.63108739680821,0.6724018033829021,0.6724018033829021,0.6724018033829021,0.6724018033829021,0.6724018033829021,0.6704632830819167,0.6704632830819167,0.6704632830819167,0.6704632830819167,0.6704632830819167,0.6704632830819167,0.6704632830819167,0.6704632830819167,0.6681382427352979,0.6673664885945494,0.6616618966567607,0.6369616543408348,0.5411709918849269,0.23874421551037775,0.6389346721732944,0.9907407407407407,0.9907407407407407,0.9907407407407407,0.9907407407407407,0.9907407407407407,0.987673343605547,0.987673343605547,0.987673343605547,0.987673343605547,0.987673343605547,0.987673343605547,0.987673343605547,0.987673343605547,0.9846153846153847,0.9815668202764977,0.9724770642201835,0.9282511210762332,0.7671232876712328,0.3149847094801223,0.9370583599940912,0.45634964486727597,0.45634964486727597,0.45634964486727597,0.45634964486727597,0.45634964486727597,0.45513126062508197,0.45513126062508197,0.45513126062508197,0.45513126062508197,0.45513126062508197,0.45513126062508197,0.45513126062508197,0.45513126062508197,0.4533838475211214,0.4537419367675451,0.45018693149178285,0.4370801606252983,0.38177180534666494,0.1809573567356377,0.43578528146447815,0.9938080495356038,0.9938080495356038,0.9938080495356038,0.9938080495356038,0.9938080495356038,0.9922600619195047,0.9922600619195047,0.9922600619195047,0.9922600619195047,0.9922600619195047,0.9922600619195047,0.9922600619195047,0.9922600619195047,0.9907120743034056,0.9891640866873065,0.9845201238390093,0.9613003095975232,0.8668730650154799,0.47832817337461303,0.9567378197816523,0.9968944099378882,0.9968944099378882,0.9968944099378882,0.9968944099378882,0.9968944099378882,0.9953416149068323,0.9953416149068323,0.9953416149068323,0.9953416149068323,0.9953416149068323,0.9953416149068323,0.9953416149068323,0.9953416149068323,0.9937888198757764,0.9922360248447205,0.9875776397515528,0.9642857142857143,0.8695652173913043,0.4798136645962733,0.9597090552468128,0.4569519524879356,0.4569519524879356,0.4569519524879356,0.4569519524879356,0.4569519524879356,0.45611534034051726,0.45611534034051726,0.45611534034051726,0.45611534034051726,0.45611534034051726,0.45611534034051726,0.45611534034051726,0.45611534034051726,0.45492991316543313,0.45530764491994274,0.4528342799575408,0.4446191495278293,0.4079890772665337,0.2334767783500896,0.44120206991322025,0.9969346774391128,0.9969346774391128,0.9969346774391128,0.9969346774391128,0.9969346774391128,0.9953804456115426,0.9953804456115426,0.9953804456115426,0.9953804456115426,0.9953804456115426,0.9953804456115426,0.9953804456115426,0.9953804456115426,0.9938376672129831,0.9923119828111254,0.9877191789821316,0.9652710103177717,0.8766459672832567,0.5315124947329044,0.9628955396541095,0.9385569664345986,0.9385569664345986,0.9385569664345986,0.9385569664345986,0.9385569664345986,0.9395564587104691,0.9395564587104691,0.9395564587104691,0.9395564587104691,0.9395564587104691,0.9395564587104691,0.9395564587104691,0.9395564587104691,0.9399746718347126,0.9402736191529607,0.9409769982423543,0.9436766557792249,0.9504641953595965,0.9662971133326482,0.941626302924118,0.6734418686655983,0.6734418686655983,0.6734418686655983,0.6734418686655983,0.6734418686655983,0.6720182831213345,0.6720182831213345,0.6720182831213345,0.6720182831213345,0.6720182831213345,0.6720182831213345,0.6720182831213345,0.6720182831213345,0.6702035899883774,0.6699441980302526,0.6657462681404933,0.6482015841758136,0.5752805359451653,0.2942057135849945,0.6456282893770402,642.0,642.0,642.0,642.0,642.0,641.0,641.0,641.0,641.0,641.0,641.0,641.0,641.0,640.0,639.0,636.0,621.0,560.0,309.0,618.0526315789474,4.0,4.0,4.0,4.0,4.0,5.0,5.0,5.0,5.0,5.0,5.0,5.0,5.0,6.0,7.0,10.0,25.0,86.0,337.0,27.94736842105263,2.0,2.0,2.0,2.0,2.0,3.0,3.0,3.0,3.0,3.0,3.0,3.0,3.0,4.0,5.0,8.0,23.0,84.0,335.0,25.94736842105263,0.9767801857585139,0.9395564587104691,0.9876160990712074,0.9922600619195047,0.9953416149068323,1.0,0.0,0.0,0.9168044737359299,0.993798449612403,0.008086253369272238,0.9863078977708758,602.2556900334107,641,5,3,7,3,0,0,10.0,371,0.5984496124031008,0.5975232198142415,0.5993788819875776,386,260,258,644,646,10,3
tagging_006_tagging_aria02_rgb,0.9132089674949055,0.9172825006591345,0.8376706053280732,0.9132089674949055,0.9132089674949055,0.9132089674949055,0.9132089674949055,0.9132089674949055,0.9132089674949055,0.9132089674949055,0.9109608699576753,0.9109608699576753,0.9092673978540015,0.9053752026067817,0.898894655542142,0.8901165622517927,0.878082501753935,0.8548470499847085,0.8004407929348101,0.7322731533687995,0.614087412668693,0.2518326027732025,0.8394527286378187,0.9839319470699432,0.9839319470699432,0.9839319470699432,0.9839319470699432,0.9839319470699432,0.9839319470699432,0.9839319470699432,0.980188679245283,0.980188679245283,0.9783223374175306,0.9727443609022557,0.9616822429906542,0.9507434944237918,0.932780847145488,0.9064486830154405,0.8380035026269702,0.7594300083822296,0.6246130030959752,0.253134328358209,0.896094936649406,0.8475694084296561,0.8475694084296561,0.8475694084296561,0.8475694084296561,0.8475694084296561,0.8475694084296561,0.8475694084296561,0.8466224148120186,0.8466224148120186,0.8450867052495168,0.8426718164009357,0.8402064274884178,0.833355683254121,0.826591671822985,0.8061829561454731,0.7645617959658003,0.7060874145426155,0.6037391929546264,0.2505375712210033,0.7865922065093224,0.9848628192999054,0.9848628192999054,0.9848628192999054,0.9848628192999054,0.9848628192999054,0.9848628192999054,0.9848628192999054,0.9829706717123936,0.9829706717123936,0.9820245979186376,0.97918637653737,0.9735099337748344,0.967833491012299,0.9583727530747398,0.9441816461684012,0.9053926206244087,0.8571428571428571,0.7634815515610217,0.4011352885525071,0.925907483941642,0.9990403071017274,0.9990403071017274,0.9990403071017274,0.9990403071017274,0.9990403071017274,0.9990403071017274,0.9990403071017274,0.9971209213051824,0.9971209213051824,0.9961612284069098,0.9932821497120922,0.9875239923224568,0.9817658349328215,0.972168905950096,0.9577735124760077,0.918426103646833,0.8694817658349329,0.77447216890595,0.4069097888675624,0.9392362864935853,0.847570232129124,0.847570232129124,0.847570232129124,0.847570232129124,0.847570232129124,0.847570232129124,0.847570232129124,0.8473431601153666,0.8473431601153666,0.8465052027964576,0.8454617503425358,0.8450469195997268,0.8415476630706977,0.839034140529184,0.8278028687124191,0.8048160586340615,0.769175703397444,0.7052294991956743,0.3802036351792645,0.8069737571890561,0.9991267138241201,0.9991267138241201,0.9991267138241201,0.9991267138241201,0.9991267138241201,0.9991267138241201,0.9991267138241201,0.9972300270711887,0.9972300270711887,0.9962735374776487,0.9934830921105995,0.988491723509136,0.9829443485686243,0.9744749066424917,0.9615085760251209,0.925103849002429,0.8803938322251187,0.7935019605474048,0.43106765472277603,0.942925817460135,0.9172825006591345,0.9172825006591345,0.9172825006591345,0.9172825006591345,0.9172825006591345,0.9172825006591345,0.9172825006591345,0.9183335085558529,0.9183335085558529,0.9187603607810388,0.9199238553830148,0.9219147452524469,0.9236117792087388,0.9260951304626223,0.9291514282827307,0.9356761771010363,0.9418373743387027,0.9495109594131484,0.9665244069528144,0.9258237231001022,0.9136408469077901,0.9136408469077901,0.9136408469077901,0.9136408469077901,0.9136408469077901,0.9136408469077901,0.9136408469077901,0.9122527082856694,0.9122527082856694,0.9109862413500234,0.9083681866466902,0.9044054973193384,0.8980810320782727,0.8900465921476505,0.8724581082472331,0.8320027692735045,0.7779574434978243,0.6789283730815772,0.3170164994522863,0.8531706362115932,1041.0,1041.0,1041.0,1041.0,1041.0,1041.0,1041.0,1039.0,1039.0,1038.0,1035.0,1029.0,1023.0,1013.0,998.0,957.0,906.0,807.0,424.0,978.6842105263158,16.0,16.0,16.0,16.0,16.0,16.0,16.0,18.0,18.0,19.0,22.0,28.0,34.0,44.0,59.0,100.0,151.0,250.0,633.0,78.3157894736842,1.0,1.0,1.0,1.0,1.0,1.0,1.0,3.0,3.0,4.0,7.0,13.0,19.0,29.0,44.0,85.0,136.0,235.0,618.0,63.31578947368421,0.9744560075685903,0.9183928919335693,0.9801324503311258,0.9829706717123936,0.9971209213051824,1.0,0.0,0.0,0.8942386137360251,0.9899952358265841,0.008086253369272238,0.9793962618255595,954.2102147189785,1039,18,3,6,3,0,0,9.0,371,0.9128156264888042,0.9063386944181646,0.9193857965451055,958,99,84,1042,1057,8,3
tagging_006_tagging_aria03_rgb,0.6743375121510929,0.9092927570664835,0.6131702156172206,0.6743375121510929,0.6743375121510929,0.6743375121510929,0.6736995694489445,0.6736995694489445,0.6733499241827561,0.6723283574757941,0.6690237619507747,0.6627725962556615,0.6608462984086723,0.658287828091886,0.6573186665543845,0.6543657489973802,0.6512626939817222,0.6448324343415113,0.6255937857920331,0.571685384952681,0.4339299233204377,0.09918501893258384,0.6160628472941814,0.9738430583501007,0.9738430583501007,0.9738430583501007,0.9718592964824121,0.9718592964824121,0.9698795180722891,0.9659318637274549,0.9600399600399601,0.9502982107355865,0.9483614697120158,0.9444995044598612,0.9406528189910979,0.9330049261083744,0.9235294117647059,0.9141463414634147,0.8811121764141898,0.793418647166362,0.587378640776699,0.12629161882893225,0.8791469934882143,0.4669449316243395,0.4669449316243395,0.4669449316243395,0.4670131895825385,0.4670131895825385,0.46748086947757317,0.467968225545194,0.46622308725163547,0.46224175672965995,0.4604972302945414,0.4588068734474899,0.4593276293630319,0.45894134262176967,0.45926322558787364,0.45486028824788616,0.4441745277137512,0.4119189541810295,0.32056865074953295,0.07789644373774783,0.43184369889404267,0.9767911200807265,0.9767911200807265,0.9767911200807265,0.9757820383451059,0.9757820383451059,0.9747729566094854,0.9727547931382442,0.9697275479313825,0.9646821392532795,0.963673057517659,0.9616548940464178,0.9596367305751766,0.9556004036326943,0.9505549949545913,0.9455095862764884,0.9273461150353178,0.875882946518668,0.7325933400605449,0.22199798183652875,0.9083328907536249,0.9969104016477858,0.9969104016477858,0.9969104016477858,0.995880535530381,0.995880535530381,0.9948506694129763,0.9927909371781668,0.9897013388259527,0.984552008238929,0.9835221421215242,0.9814624098867147,0.9794026776519053,0.9752832131822863,0.9701338825952626,0.964984552008239,0.9464469618949537,0.893923789907312,0.7476828012358393,0.22657054582904224,0.9270421161038539,0.46728909852172307,0.46728909852172307,0.46728909852172307,0.46739200228956845,0.46739200228956845,0.4678601124695897,0.46839299771030773,0.4673678838734894,0.4648674001330663,0.4637283015439841,0.4626686317284186,0.46322762577448384,0.4631112544097952,0.46360449325861885,0.4606342941341831,0.45381420249646115,0.43180664180910405,0.3636646735612033,0.11040059472022255,0.43904212672459125,0.99697137090603,0.99697137090603,0.99697137090603,0.9959510656459774,0.9959510656459774,0.9952567430776328,0.9942235760648411,0.9912000610021028,0.9862212582076184,0.9851862671888209,0.9832467392545905,0.982344708922503,0.9785761816262786,0.9739144901578226,0.9685934268324523,0.9520232606858373,0.9014060581767788,0.7566406174538897,0.2903708547143219,0.932737920388186,0.9092927570664835,0.9092927570664835,0.9092927570664835,0.9100402628960532,0.9100402628960532,0.9106839600740865,0.9118884390913363,0.9135736496478002,0.916118252295831,0.9165616441345231,0.9173930687940625,0.9181140659259315,0.9193246193700598,0.9205947334720059,0.9215844497835106,0.9243064043583373,0.9299436389570167,0.9402029542144245,0.9647224528581769,0.9196300594720347,0.675357433347229,0.675357433347229,0.675357433347229,0.6750578360888042,0.6750578360888042,0.6750464497344068,0.6746986990023669,0.6723907875555163,0.6677696958788729,0.6661597210101751,0.664239320781986,0.663918417054977,0.662242049595987,0.6607230532390334,0.6558008561711879,0.6417971039767898,0.6006602927736845,0.4846095939736466,0.1315022939040332,0.6261971740458925,968.0,968.0,968.0,967.0,967.0,966.0,964.0,961.0,956.0,955.0,953.0,951.0,947.0,942.0,937.0,919.0,868.0,726.0,220.0,900.1578947368421,23.0,23.0,23.0,24.0,24.0,25.0,27.0,30.0,35.0,36.0,38.0,40.0,44.0,49.0,54.0,72.0,123.0,265.0,771.0,90.84210526315789,3.0,3.0,3.0,4.0,4.0,5.0,7.0,10.0,15.0,16.0,18.0,20.0,24.0,29.0,34.0,52.0,103.0,245.0,751.0,70.84210526315789,0.9495459132189707,0.915727585515862,0.9596367305751766,0.9697275479313825,0.9897013388259527,1.0,0.0,0.0,0.8678246313630104,0.9796126401630989,0.026954177897574125,0.958627648839556,880.0142096807433,961,30,10,10,3,0,0,14.0,371,0.581039755351682,0.5751765893037336,0.5870236869207003,570,421,401,971,991,12,3
tagging_006_tagging_aria04_rgb,0.5545820302839684,0.91755344932135,0.5088586548186925,0.5545820302839684,0.5545820302839684,0.5545820302839684,0.5545820302839684,0.5545820302839684,0.5545820302839684,0.5545820302839684,0.5545820302839684,0.5541341839943204,0.5512387732508831,0.5488395931334765,0.5438574131476911,0.5374598520231053,0.52818896162303,0.5235521957371666,0.506205975014158,0.47561170804298614,0.3991605478496498,0.15894416604651565,0.5138868216913015,0.9889162561576355,0.9889162561576355,0.9889162561576355,0.9889162561576355,0.9889162561576355,0.9889162561576355,0.9889162561576355,0.9889162561576355,0.986469864698647,0.9815950920245399,0.9767441860465116,0.9671132764920828,0.9504830917874396,0.9318181818181818,0.9226190476190477,0.8822843822843823,0.8004459308807135,0.6296670030272452,0.22534142640364188,0.9034690280180797,0.31100836536846505,0.31100836536846505,0.31100836536846505,0.31100836536846505,0.31100836536846505,0.31100836536846505,0.31100836536846505,0.31100836536846505,0.31127630438549214,0.3095616386064224,0.30839692039546573,0.3058389260341415,0.3039118686408973,0.2993970118033718,0.29709651276827753,0.2904329876910825,0.28260059561884027,0.2530371485144165,0.11211097898603717,0.29272251665221927,0.9950433705080545,0.9950433705080545,0.9950433705080545,0.9950433705080545,0.9950433705080545,0.9950433705080545,0.9950433705080545,0.9950433705080545,0.9938042131350682,0.9913258983890955,0.9888475836431226,0.9838909541511772,0.9752168525402726,0.9653035935563816,0.9603469640644362,0.9380421313506815,0.8897149938042132,0.7732342007434945,0.3680297397769517,0.9362160046957543,0.9938118811881188,0.9938118811881188,0.9938118811881188,0.9938118811881188,0.9938118811881188,0.9938118811881188,0.9938118811881188,0.9938118811881188,0.9925742574257426,0.9900990099009901,0.9876237623762376,0.9826732673267327,0.974009900990099,0.9641089108910891,0.9591584158415841,0.9368811881188119,0.8886138613861386,0.7722772277227723,0.36757425742574257,0.9350573215216258,0.311938227436891,0.311938227436891,0.311938227436891,0.311938227436891,0.311938227436891,0.311938227436891,0.311938227436891,0.311938227436891,0.3122098752827571,0.3109172292392567,0.31002032338395347,0.30806174856233987,0.3067126083654193,0.3030916604668522,0.30127804940491804,0.29593231913164575,0.29020914752770693,0.2661703906273266,0.13476539331891635,0.2965723455161169,0.9869738480697384,0.9869738480697384,0.9869738480697384,0.9869738480697384,0.9869738480697384,0.9869738480697384,0.9869738480697384,0.9869738480697384,0.9857997862486639,0.9833059523809523,0.9810049926403308,0.9761731446859035,0.9683515378763026,0.9593953659767448,0.9548582684139924,0.9388851139996826,0.9022719511220629,0.816561443883009,0.4115409792053846,0.9354704905784704,0.91755344932135,0.91755344932135,0.91755344932135,0.91755344932135,0.91755344932135,0.91755344932135,0.91755344932135,0.91755344932135,0.9181976038495324,0.9193107575668464,0.9202951963147267,0.9220755186779815,0.924701496965219,0.9271813772004496,0.9282719892032776,0.9318740309486472,0.9375306072915681,0.946776389007593,0.9640270178564426,0.9252983989185833,0.5562974133792444,0.5562974133792444,0.5562974133792444,0.5562974133792444,0.5562974133792444,0.5562974133792444,0.5562974133792444,0.5562974133792444,0.5561903475856228,0.5539643215030298,0.5522296166777337,0.5485546032550477,0.544407913228315,0.5375955834954722,0.5341495427978445,0.5219562996921191,0.5014319367372639,0.4423312981125773,0.20312600626795813,0.5234903566519441,803.0,803.0,803.0,803.0,803.0,803.0,803.0,803.0,802.0,800.0,798.0,794.0,787.0,779.0,775.0,757.0,718.0,624.0,297.0,755.5263157894736,4.0,4.0,4.0,4.0,4.0,4.0,4.0,4.0,5.0,7.0,9.0,13.0,20.0,28.0,32.0,50.0,89.0,183.0,510.0,51.473684210526315,5.0,5.0,5.0,5.0,5.0,5.0,5.0,5.0,6.0,8.0,10.0,14.0,21.0,29.0,33.0,51.0,90.0,184.0,511.0,52.473684210526315,0.9653035935563816,0.9193107575668464,0.9814126394052045,0.9913258983890955,0.9900990099009901,1.0,0.0,0.0,0.8853142578110003,0.9907120743034056,0.0215633423180593,0.9800322882871043,735.4486060534772,800,7,8,13,3,0,0,16.0,371,0.43839009287925695,0.43866171003717475,0.4381188118811881,354,453,454,808,807,15,3
tagging_007_tagging_aria01_rgb,0.41152856004524,0.9074284687376397,0.373432731083658,0.41152856004524,0.411398571405246,0.411398571405246,0.411398571405246,0.4105774678355837,0.4105774678355837,0.41001808851172333,0.40953589941661356,0.4085027752269913,0.4064320721469007,0.40340116241438717,0.4008703078906537,0.39526673721613753,0.387054134351479,0.37220933218332625,0.3553284861877374,0.3210701405535065,0.25618142638675195,0.10922715973740384,0.3737882595871451,0.9800124921923797,0.978776529338327,0.978776529338327,0.978776529338327,0.9763092269326683,0.9763092269326683,0.9750778816199377,0.9738480697384807,0.9713930348258707,0.966501240694789,0.9567901234567902,0.949569495694957,0.9341061622940817,0.9119420989143546,0.8724158298877732,0.8239355581127733,0.7341356673960613,0.5546836684649338,0.20440729483282674,0.8788298242108593,0.17280979281605283,0.172918719933643,0.172918719933643,0.172918719933643,0.17266441045927505,0.17266441045927505,0.17241169764563954,0.17222363335999055,0.17178887575415575,0.17091238201709438,0.17008170741702686,0.16923143011322087,0.16725699910360287,0.16427677052843495,0.15880017557932133,0.15323811656540728,0.14041823566574405,0.11831774929876049,0.05836666658133547,0.15916943227185615,0.9843161856963614,0.9836888331242158,0.9836888331242158,0.9836888331242158,0.9824341279799247,0.9824341279799247,0.9818067754077792,0.9811794228356336,0.9799247176913425,0.9774153074027604,0.972396486825596,0.9686323713927227,0.9604767879548306,0.9485570890840652,0.9265997490589711,0.8983688833124216,0.8419071518193224,0.7095357590966123,0.33751568381430364,0.9149772171960642,0.9955583756345178,0.9949238578680203,0.9949238578680203,0.9949238578680203,0.9936548223350253,0.9936548223350253,0.993020304568528,0.9923857868020305,0.9911167512690355,0.9885786802030457,0.983502538071066,0.9796954314720813,0.9714467005076142,0.9593908629441624,0.9371827411167513,0.9086294416243654,0.8515228426395939,0.7176395939086294,0.3413705583756345,0.9254274646005877,0.17325615615229964,0.17336536794038487,0.17336536794038487,0.17336536794038487,0.1731479265548673,0.1731479265548673,0.17293586121650842,0.17277637607809435,0.17240858798360414,0.17167016655522738,0.17098291560539225,0.1702994905850307,0.16867366264258055,0.16617593600228034,0.16148273085843415,0.15672139628915266,0.14502883736842262,0.12411756077191906,0.06375117408408736,0.16087751626968014,0.9671884832136622,0.9671675575014261,0.9671675575014261,0.9671675575014261,0.9660554850347879,0.9660554850347879,0.9653998888641625,0.9647434143786204,0.9634482276947606,0.9608710612032643,0.9571384593009739,0.9538071655564362,0.9469137414727403,0.9354029994536536,0.9152041656095693,0.8918967363116446,0.848899617566216,0.760890169899899,0.46589926559838485,0.9121745809840969,0.9074284687376397,0.9079474723918032,0.9079474723918032,0.9079474723918032,0.9088306755327454,0.9088306755327454,0.9091964373212356,0.9095511906299101,0.9101928469791076,0.9113058104090703,0.9132807973045809,0.9146164436858666,0.9170816144195176,0.9201882029821744,0.9247851497215791,0.929376001235448,0.9361489897012144,0.9466844349223538,0.9660114764812656,0.9188079806722036,0.4124311774292477,0.4124296471361611,0.4124296471361611,0.4124296471361611,0.41186333840574557,0.41186333840574557,0.41143039861931247,0.411074549417513,0.4102927803116991,0.40872041594245856,0.4066778267444831,0.40487410569799465,0.40080726697752433,0.3947478882230825,0.3835937992751182,0.37103147529524183,0.34383006973335095,0.2897424271025883,0.14035549644798703,0.3816118576546093,1569.0,1568.0,1568.0,1568.0,1566.0,1566.0,1565.0,1564.0,1562.0,1558.0,1550.0,1544.0,1531.0,1512.0,1477.0,1432.0,1342.0,1131.0,538.0,1458.4736842105262,25.0,26.0,26.0,26.0,28.0,28.0,29.0,30.0,32.0,36.0,44.0,50.0,63.0,82.0,117.0,162.0,252.0,463.0,1056.0,135.52631578947367,7.0,8.0,8.0,8.0,10.0,10.0,11.0,12.0,14.0,18.0,26.0,32.0,45.0,64.0,99.0,144.0,234.0,445.0,1038.0,117.52631578947368,0.9485570890840652,0.9113058104090703,0.9661229611041405,0.9774153074027604,0.9885786802030457,1.0,0.0,0.0,0.861866030500208,0.9829652996845426,0.025139664804469275,0.9652150827908769,1419.8144526173317,1558,36,18,28,3,0,0,33.0,716,0.25362776025236594,0.2521957340025094,0.2550761421319797,402,1192,1174,1576,1594,29,3
tagging_007_tagging_aria02_rgb,0.5544508797398485,0.9142284717718695,0.5068947804571303,0.5544508797398485,0.5544508797398485,0.5544508797398485,0.5544508797398485,0.5544508797398485,0.5542808095484281,0.5542808095484281,0.5540908908939327,0.5528414287899059,0.5520830290922837,0.5507599587798533,0.5493859348459018,0.5452672891119589,0.5400750528284759,0.5294667091784844,0.5066885029058957,0.4596998867351293,0.3511926199746887,0.1373342421476531,0.5110369243726454,0.9850388988629563,0.9850388988629563,0.9850388988629563,0.9850388988629563,0.9850388988629563,0.9838516746411483,0.9838516746411483,0.9826658696951583,0.9779367918902803,0.9744047619047619,0.9685459940652819,0.9615612063867534,0.9523248969982343,0.9409011117612639,0.9195601851851852,0.876131221719457,0.7833333333333333,0.5855640535372849,0.20094134685010862,0.8956194008907464,0.3120849119757059,0.3120849119757059,0.3120849119757059,0.3120849119757059,0.3120849119757059,0.31226985098716165,0.31226985098716165,0.31243246035081534,0.31252903860554954,0.3128019103846518,0.31318753477260286,0.3138904766558431,0.312200612955366,0.3100018259535118,0.30485769245417965,0.29303057876782934,0.26977530110334985,0.21062812100509662,0.0938616883081772,0.29179797385104345,0.9897775105231509,0.9897775105231509,0.9897775105231509,0.9897775105231509,0.9897775105231509,0.9891761876127481,0.9891761876127481,0.9885748647023451,0.9861695730607336,0.9843656043295249,0.9813589897775106,0.9777510523150932,0.9729404690318701,0.9669272399278412,0.9555021046301864,0.931449188214071,0.8761274804570054,0.7366205652435358,0.3337342152736019,0.9273032249897142,0.9951632406287787,0.9951632406287787,0.9951632406287787,0.9951632406287787,0.9951632406287787,0.9945586457073761,0.9945586457073761,0.9939540507859734,0.9915356711003628,0.9897218863361548,0.9866989117291415,0.9830713422007256,0.9782345828295043,0.9721886336154776,0.9607013301088271,0.9365175332527207,0.880894800483676,0.7406287787182587,0.3355501813784764,0.932349010373576,0.3205252796672775,0.3205252796672775,0.3205252796672775,0.3205252796672775,0.3205252796672775,0.32071535375635096,0.32071535375635096,0.32088336636946246,0.32104825191253816,0.32134396795659104,0.3218001038402563,0.32254086726855796,0.32147937324834874,0.3200628711248955,0.3164530518803249,0.3079885232414625,0.2901476721629669,0.2387241714646145,0.1181167849636014,0.30340242690961633,0.9175603468235229,0.9175603468235229,0.9175603468235229,0.9175603468235229,0.9175603468235229,0.9172062801650569,0.9172062801650569,0.9166152323495317,0.9142307304618736,0.9128008947001462,0.9100784863266719,0.9078492647601127,0.9031705877470925,0.899310065135199,0.8903576993808413,0.8689946262727384,0.8253500109418224,0.7153563386613462,0.39609052503601305,0.8674957240116378,0.9142284717718695,0.9142284717718695,0.9142284717718695,0.9142284717718695,0.9142284717718695,0.9146113957255442,0.9146113957255442,0.9149419854123707,0.916121535234919,0.9169533562457676,0.9181273764739285,0.9193855937128632,0.9208562069056022,0.9223883833158356,0.9246880572830494,0.9284987072812608,0.9349667328389059,0.9451211715758744,0.964182887390671,0.9224524812621834,0.5557828957849916,0.5557828957849916,0.5557828957849916,0.5557828957849916,0.5557828957849916,0.5557786436216144,0.5557786436216144,0.5557543317149477,0.5551636052288698,0.5548976856603546,0.5543910197102316,0.5539916460217941,0.551137560687739,0.5474935706853735,0.5397148939511218,0.5224395608251676,0.4861661802770817,0.39389466301405773,0.1769882959175124,0.5201318305190756,1646.0,1646.0,1646.0,1646.0,1646.0,1645.0,1645.0,1644.0,1640.0,1637.0,1632.0,1626.0,1618.0,1608.0,1589.0,1549.0,1457.0,1225.0,555.0,1542.1052631578948,17.0,17.0,17.0,17.0,17.0,18.0,18.0,19.0,23.0,26.0,31.0,37.0,45.0,55.0,74.0,114.0,206.0,438.0,1108.0,120.89473684210526,8.0,8.0,8.0,8.0,8.0,9.0,9.0,10.0,14.0,17.0,22.0,28.0,36.0,46.0,65.0,105.0,197.0,429.0,1099.0,111.89473684210526,0.962717979555021,0.9169533562457676,0.9741431148526759,0.9843656043295249,0.9897218863361548,1.0,0.0,0.0,0.8809697198883473,0.9870364787458547,0.023743016759776536,0.9733741710156628,1501.0526441743216,1637,26,17,19,3,0,0,27.0,716,0.47995176364184505,0.47865303668069753,0.48125755743651755,796,867,858,1654,1663,21,3
tagging_007_tagging_aria03_rgb,0.45818986122747896,0.9102200858968762,0.4170536148435537,0.45818986122747896,0.45818986122747896,0.45818986122747896,0.45772900047108045,0.4572724530187978,0.45650463350943354,0.45650463350943354,0.45650463350943354,0.4541664611853116,0.45312931438931375,0.45192981371479984,0.4492496447598851,0.4447398837038406,0.4360909199471387,0.4285580205390402,0.4145601212926179,0.38413901451117505,0.30128965522906,0.10867752325473205,0.42029554264355423,0.9711602951039571,0.9711602951039571,0.9711602951039571,0.9698391420911529,0.9685197588747488,0.9658862876254181,0.9658862876254181,0.9658862876254181,0.9593333333333334,0.9567243675099867,0.9528239202657808,0.9450694904037061,0.931011826544021,0.9096816114359974,0.8851828094932649,0.8472658705216844,0.7672880336740829,0.57502679528403,0.17795591182364728,0.8766769799707138,0.21617229410020697,0.21617229410020697,0.21617229410020697,0.21603153428155047,0.21589450744171107,0.21575674392056474,0.21575674392056474,0.21575674392056474,0.2150109532302875,0.21461372003445522,0.2143528853340739,0.2135559822491668,0.21245010913677517,0.20905698001318995,0.20748479861858168,0.20284080847058217,0.19231732542866195,0.1578630023722773,0.06636927056678638,0.20176994690739025,0.9763991908293999,0.9763991908293999,0.9763991908293999,0.9757248819959542,0.9750505731625084,0.973701955495617,0.973701955495617,0.973701955495617,0.9703304113283884,0.968981793661497,0.9669588671611599,0.9629130141604855,0.9554956169925826,0.9440323668240054,0.930546190155091,0.908968307484828,0.8604180714767363,0.7235333782872556,0.2993931220498989,0.9101394754587075,0.9945054945054945,0.9945054945054945,0.9945054945054945,0.9938186813186813,0.9931318681318682,0.9917582417582418,0.9917582417582418,0.9917582417582418,0.9883241758241759,0.9869505494505495,0.9848901098901099,0.9807692307692307,0.9732142857142857,0.9615384615384616,0.9478021978021978,0.9258241758241759,0.8763736263736264,0.7369505494505495,0.30494505494505497,0.927017061885483,0.21643671959651165,0.21643671959651165,0.21643671959651165,0.21632070776830598,0.21620731843056562,0.21609990117707234,0.21609990117707234,0.21609990117707234,0.21549828961935522,0.21518914882675041,0.2150162767116634,0.2144050190414391,0.21356084390662786,0.21085578532248764,0.20964400290318727,0.2058686644809961,0.19727436927212244,0.1670605649477403,0.07534018659974721,0.20367637053430215,0.9946083746967352,0.9946083746967352,0.9946083746967352,0.9939349373848818,0.993274827653995,0.9919435136154146,0.9919435136154146,0.9919435136154146,0.988627681363287,0.9872674900482145,0.9858974449968002,0.9820924945445467,0.9754986263559281,0.9646050514892064,0.9522601538026249,0.9330599167131252,0.8897537893197073,0.7667393933684257,0.40346117760920586,0.9355857183992841,0.9102200858968762,0.9102200858968762,0.9102200858968762,0.9107126112847833,0.9111728681950354,0.9120685155189161,0.9120685155189161,0.9120685155189161,0.9137582762661332,0.9143944092589524,0.9151984211589627,0.916592920260292,0.9188144263883796,0.9217288895150144,0.9245794017563643,0.9279333901457562,0.9335087534547344,0.943393171630863,0.9650095965821162,0.9201927863234086,0.4594240449075093,0.4594240449075093,0.4594240449075093,0.45911582775403287,0.4588115770375436,0.45834786294562446,0.45834786294562446,0.45834786294562446,0.4567621554902001,0.4560227926138701,0.45526961591496756,0.4534708750951359,0.45054982866469334,0.44424830404057875,0.4394020810938627,0.42939010976541975,0.40678409784170916,0.3379632397361921,0.14096277211790578,0.42852994740660594,1448.0,1448.0,1448.0,1447.0,1446.0,1444.0,1444.0,1444.0,1439.0,1437.0,1434.0,1428.0,1417.0,1400.0,1380.0,1348.0,1276.0,1073.0,444.0,1349.7368421052631,35.0,35.0,35.0,36.0,37.0,39.0,39.0,39.0,44.0,46.0,49.0,55.0,66.0,83.0,103.0,135.0,207.0,410.0,1039.0,133.26315789473685,8.0,8.0,8.0,9.0,10.0,12.0,12.0,12.0,17.0,19.0,22.0,28.0,39.0,56.0,76.0,108.0,180.0,383.0,1012.0,106.26315789473684,0.9440323668240054,0.9142548441472859,0.9588671611598112,0.9703304113283884,0.9883241758241759,1.0,0.0,0.0,0.8608312344760245,0.9792446410343655,0.023743016759776536,0.9579619536879149,1315.6127207279444,1439,44,17,22,3,0,0,26.0,716,0.3470568220483157,0.34389750505731626,0.35027472527472525,510,973,946,1456,1483,24,3
tagging_007_tagging_aria04_rgb,0.46747172460572656,0.9220399394850667,0.43102760066644386,0.46747172460572656,0.46747172460572656,0.46747172460572656,0.46747172460572656,0.46747172460572656,0.46747172460572656,0.46747172460572656,0.46747172460572656,0.4672478946648258,0.4670273562863209,0.4665391550862233,0.465609277622646,0.46195840489291407,0.45550108716653276,0.4485903330635417,0.4359066202551283,0.4106207723795608,0.32883358324713746,0.13739815366372243,0.4360529702723351,0.9891472868217054,0.9891472868217054,0.9891472868217054,0.9891472868217054,0.9891472868217054,0.9891472868217054,0.9891472868217054,0.9891472868217054,0.9876065065840434,0.9860681114551083,0.9829984544049459,0.9799382716049383,0.9708141321044547,0.9513307984790874,0.9336850037678975,0.8979289940828402,0.8328571428571429,0.6448717948717949,0.23306102835175396,0.9112809754282972,0.22092747583428637,0.22092747583428637,0.22092747583428637,0.22092747583428637,0.22092747583428637,0.22092747583428637,0.22092747583428637,0.22092747583428637,0.22106030449702538,0.2211962327814512,0.22142332193220585,0.22123026081349115,0.21982124156825128,0.21809578828058326,0.21552588518181168,0.2116142621904449,0.20244698644375808,0.16767910510437098,0.08100132726483701,0.20886918540697486,0.9891472868217054,0.9891472868217054,0.9891472868217054,0.9891472868217054,0.9891472868217054,0.9891472868217054,0.9891472868217054,0.9891472868217054,0.9883720930232558,0.9875968992248062,0.986046511627907,0.9844961240310077,0.9798449612403101,0.9697674418604652,0.9604651162790697,0.9410852713178295,0.9038759689922481,0.7798449612403101,0.375968992248062,0.9352917176662587,1.0,1.0,1.0,1.0,1.0,1.0,1.0,1.0,0.9992163009404389,0.9984326018808778,0.9968652037617555,0.9952978056426333,0.9905956112852664,0.9804075235109718,0.9710031347962382,0.95141065830721,0.9137931034482759,0.7884012539184952,0.38009404388714735,0.9455535390199636,0.2211192467157582,0.2211192467157582,0.2211192467157582,0.2211192467157582,0.2211192467157582,0.2211192467157582,0.2211192467157582,0.2211192467157582,0.22125269976566522,0.22138912129641078,0.22161884870946952,0.22148020281737485,0.2204259870370151,0.21910693357109015,0.21711732172929477,0.21417182374693206,0.20689243079623967,0.176935999950703,0.09298339890752177,0.2106488811607254,0.9789333463628391,0.9789333463628391,0.9789333463628391,0.9789333463628391,0.9789333463628391,0.9789333463628391,0.9789333463628391,0.9789333463628391,0.9781847973534504,0.977539730475392,0.9762355200769891,0.9747529393949046,0.9716952295324284,0.9621394350395741,0.9542093447193051,0.9375314257632269,0.9048610900168953,0.7837849668994309,0.41807402672137417,0.930025014573457,0.9220399394850667,0.9220399394850667,0.9220399394850667,0.9220399394850667,0.9220399394850667,0.9220399394850667,0.9220399394850667,0.9220399394850667,0.9224226291860899,0.9227885249266592,0.9234002366208329,0.9239231020068337,0.9253012549830291,0.9277866770547588,0.9297330591338566,0.9328095525748259,0.9372042782885132,0.9464672044598879,0.9650541412391279,0.9280636934923658,0.46747172460572656,0.46747172460572656,0.46747172460572656,0.46747172460572656,0.46747172460572656,0.46747172460572656,0.46747172460572656,0.46747172460572656,0.4674289634159219,0.4673892527809873,0.46726191176289406,0.4666908337317661,0.46410207489758115,0.45989367758363764,0.4549781251580104,0.44625896668662823,0.42776975821277075,0.3616126452724352,0.17451070850385153,0.4419826692027524,1276.0,1276.0,1276.0,1276.0,1276.0,1276.0,1276.0,1276.0,1275.0,1274.0,1272.0,1270.0,1264.0,1251.0,1239.0,1214.0,1166.0,1006.0,485.0,1206.5263157894738,14.0,14.0,14.0,14.0,14.0,14.0,14.0,14.0,15.0,16.0,18.0,20.0,26.0,39.0,51.0,76.0,124.0,284.0,805.0,83.47368421052632,0.0,0.0,0.0,0.0,0.0,0.0,0.0,0.0,1.0,2.0,4.0,6.0,12.0,25.0,37.0,62.0,110.0,270.0,791.0,69.47368421052632,0.9697674418604652,0.9227885249266592,0.986046511627907,0.9875968992248062,0.9984326018808778,1.0,0.0,0.0,0.8935136284934603,0.9929851909586905,0.002793296089385475,0.9850215354304388,1175.6325807565638,1274,16,2,21,3,0,0,19.0,716,0.31488698363211226,0.31317829457364343,0.3166144200626959,404,886,872,1276,1290,22,3
tagging_008_tagging_aria01_rgb,0.6192367159537945,0.8824637640377239,0.5464539631909443,0.6192367159537945,0.6192367159537945,0.6152080650888783,0.6140559832067641,0.6101846301672782,0.6101846301672782,0.6074839116537386,0.6064195814285379,0.6064195814285379,0.6024891407321209,0.5935413563962278,0.5849755643834946,0.5630743924946137,0.5403958122236466,0.5179893619629304,0.49972204636526024,0.42496269420693134,0.3403557686479417,0.12106108485634838,0.5419472124904272,0.954983922829582,0.954983922829582,0.9487179487179487,0.9424920127795527,0.9301587301587302,0.9301587301587302,0.9240506329113924,0.917981072555205,0.917981072555205,0.9119496855345912,0.9,0.8823529411764706,0.8480243161094225,0.8095238095238095,0.7674418604651163,0.7321937321937322,0.6170212765957447,0.47572815533980584,0.155893536121673,0.8169282820292786,0.4015293883158577,0.4015293883158577,0.3989393938017745,0.40007209122123416,0.40028144747815386,0.40028144747815386,0.3993684867196173,0.40060162429748564,0.40060162429748564,0.3980407806022108,0.39143482416963776,0.38782259904922656,0.37387226458052203,0.3607400183085853,0.3496199424724497,0.34106017662195576,0.2926856792750983,0.24350471577446767,0.09401150702718887,0.3597893368319454,0.9867109634551495,0.9867109634551495,0.9833887043189369,0.9800664451827242,0.973421926910299,0.973421926910299,0.9700996677740864,0.9667774086378738,0.9667774086378738,0.9634551495016611,0.9568106312292359,0.946843853820598,0.9269102990033222,0.9036544850498339,0.8770764119601329,0.8538205980066446,0.770764119601329,0.6511627906976745,0.2724252491694352,0.8900157370169609,0.9674267100977199,0.9674267100977199,0.9641693811074918,0.9609120521172638,0.9543973941368078,0.9543973941368078,0.9511400651465798,0.9478827361563518,0.9478827361563518,0.9446254071661238,0.9381107491856677,0.9283387622149837,0.9087947882736156,0.8859934853420195,0.8599348534201955,0.8371335504885994,0.755700325732899,0.6384364820846905,0.2671009771986971,0.8726212926452941,0.4015347271161225,0.4015347271161225,0.39968966059082345,0.4008277493102089,0.40134137629970634,0.40134137629970634,0.4007048423064671,0.40194198034044604,0.40194198034044604,0.40010024057738575,0.3954430447889751,0.39310485516115873,0.3827762496179601,0.37294089147286824,0.36582393704486726,0.3596808735257744,0.32153000534616416,0.27943561145388385,0.1249290981281906,0.3687696435177515,0.9949494949494949,0.9949494949494949,0.9915952537903757,0.9887419043681961,0.9836112373988007,0.9836112373988007,0.9803280303614416,0.9796876914050663,0.9796876914050663,0.9762955295335448,0.9694421437580978,0.9633723720007662,0.9437627430494936,0.9207922488863185,0.9068473388383084,0.8819158654041881,0.8015222283209887,0.6851461556986852,0.2961851076522497,0.9064444089036514,0.8824637640377239,0.8824637640377239,0.8849996908657553,0.8874528831296792,0.8918843699632603,0.8918843699632603,0.8938471446358108,0.8955747908571818,0.8955747908571818,0.8969427546716151,0.899425319941,0.9028953727638808,0.9088020540163484,0.914660156682729,0.9204192576780167,0.9242521663450581,0.9343831883820357,0.9444839789026587,0.9648711181475655,0.9061726808357099,0.6294389959326454,0.6294389959326454,0.6263485400098807,0.6261766781508343,0.624213695708952,0.624213695708952,0.6224365319340923,0.6223283701025096,0.6223283701025096,0.6192692788947801,0.6119877459548158,0.6059764387189408,0.5886816223999021,0.5709503791762576,0.5537539207025484,0.5396333977429585,0.47496486175967595,0.3981974513626957,0.16003470944353304,0.5658091410389016,297.0,297.0,296.0,295.0,293.0,293.0,292.0,291.0,291.0,290.0,288.0,285.0,279.0,272.0,264.0,257.0,232.0,196.0,82.0,267.89473684210526,4.0,4.0,5.0,6.0,8.0,8.0,9.0,10.0,10.0,11.0,13.0,16.0,22.0,29.0,37.0,44.0,69.0,105.0,219.0,33.10526315789474,10.0,10.0,11.0,12.0,14.0,14.0,15.0,16.0,16.0,17.0,19.0,22.0,28.0,35.0,43.0,50.0,75.0,111.0,225.0,39.10526315789474,0.8837209302325582,0.8969427546716151,0.9069767441860465,0.9634551495016611,0.9446254071661238,1.0,0.0,0.0,0.7844298965274696,0.9539473684210527,0.0845771144278607,0.9041691095016138,260.1133988547684,290,11,17,7,2,0,0,9.0,201,0.5230263157894737,0.5282392026578073,0.5179153094462541,159,142,148,307,301,11,2
tagging_008_tagging_aria03_rgb,0.715673614549191,0.8881597541445084,0.6356325015457212,0.715673614549191,0.715673614549191,0.715673614549191,0.715673614549191,0.715673614549191,0.715673614549191,0.715673614549191,0.715673614549191,0.715673614549191,0.715673614549191,0.7090861069421867,0.7090861069421867,0.6799707816501954,0.6512231548923041,0.6095465504611103,0.5616349276139111,0.5052992947311273,0.387770433196852,0.11860802048809818,0.6362611327584148,0.9803921568627451,0.9803921568627451,0.9803921568627451,0.9803921568627451,0.9803921568627451,0.9803921568627451,0.9803921568627451,0.9803921568627451,0.9803921568627451,0.9803921568627451,0.9675324675324676,0.9675324675324676,0.9056603773584906,0.8588957055214724,0.7823529411764706,0.711864406779661,0.6290322580645161,0.463768115942029,0.13059701492537312,0.8537451222873894,0.5224324970131422,0.5224324970131422,0.5224324970131422,0.5224324970131422,0.5224324970131422,0.5224324970131422,0.5224324970131422,0.5224324970131422,0.5224324970131422,0.5224324970131422,0.5196756945436083,0.5196756945436083,0.5105227913873503,0.4937637884804671,0.47490969564238045,0.4431093743580263,0.4059050612784111,0.32422649098298517,0.10771963304171919,0.47493858917841997,1.0,1.0,1.0,1.0,1.0,1.0,1.0,1.0,1.0,1.0,0.9933333333333333,0.9933333333333333,0.96,0.9333333333333333,0.8866666666666667,0.84,0.78,0.64,0.23333333333333334,0.908421052631579,0.9803921568627451,0.9803921568627451,0.9803921568627451,0.9803921568627451,0.9803921568627451,0.9803921568627451,0.9803921568627451,0.9803921568627451,0.9803921568627451,0.9803921568627451,0.9738562091503268,0.9738562091503268,0.9411764705882353,0.9150326797385621,0.869281045751634,0.8235294117647058,0.7647058823529411,0.6274509803921569,0.22875816993464052,0.890608875128999,0.5257037037037037,0.5257037037037037,0.5257037037037037,0.5257037037037037,0.5257037037037037,0.5257037037037037,0.5257037037037037,0.5257037037037037,0.5257037037037037,0.5257037037037037,0.5237882177479494,0.5237882177479494,0.5173996913580248,0.5058333333333334,0.49490392648287385,0.47363315696649033,0.44596391263057933,0.3769097222222222,0.1484126984126984,0.4877721007336399,0.9814999999999999,0.9814999999999999,0.9814999999999999,0.9814999999999999,0.9814999999999999,0.9814999999999999,0.9814999999999999,0.9814999999999999,0.9814999999999999,0.9814999999999999,0.9758389261744966,0.9758389261744966,0.9490451388888889,0.9259855121293801,0.8896399275916437,0.8557495398067189,0.7936817330800303,0.6642057711113668,0.29353822891328646,0.9020275633615952,0.8881597541445084,0.8881597541445084,0.8881597541445084,0.8881597541445084,0.8881597541445084,0.8881597541445084,0.8881597541445084,0.8881597541445084,0.8881597541445084,0.8881597541445084,0.8907196039310203,0.8907196039310203,0.8997764906122341,0.906107485166798,0.9157406556874009,0.9236372282497489,0.9311790998711083,0.9418015697763015,0.9648570229417369,0.9024282264006555,0.7227949204394993,0.7227949204394993,0.7227949204394993,0.7227949204394993,0.7227949204394993,0.7227949204394993,0.7227949204394993,0.7227949204394993,0.7227949204394993,0.7227949204394993,0.718478385139955,0.718478385139955,0.7000727674548242,0.6788565405015771,0.648911855958042,0.6100916934861038,0.562677481153423,0.4555271168976777,0.15853889441732527,0.6568201223444147,150.0,150.0,150.0,150.0,150.0,150.0,150.0,150.0,150.0,150.0,149.0,149.0,144.0,140.0,133.0,126.0,117.0,96.0,35.0,136.26315789473685,0.0,0.0,0.0,0.0,0.0,0.0,0.0,0.0,0.0,0.0,1.0,1.0,6.0,10.0,17.0,24.0,33.0,54.0,115.0,13.736842105263158,3.0,3.0,3.0,3.0,3.0,3.0,3.0,3.0,3.0,3.0,4.0,4.0,9.0,13.0,20.0,27.0,36.0,57.0,118.0,16.736842105263158,0.96,0.8881597541445084,0.98,1.0,0.9803921568627451,1.0,0.0,0.0,0.8481597541445084,0.9900990099009901,0.014925373134328358,0.9768191916352023,133.22396312167626,150,0,3,3,2,0,0,1.0,201,0.6204620462046204,0.6266666666666667,0.6143790849673203,94,56,59,153,150,5,2
tagging_008_tagging_aria04_rgb,0.5670377823502516,0.9015188249618625,0.5111952352533792,0.5670377823502516,0.5670377823502516,0.5670377823502516,0.5670377823502516,0.5670377823502516,0.5670377823502516,0.5670377823502516,0.5670377823502516,0.5640770203104654,0.5602251400428422,0.5580218847212873,0.5537402844461088,0.5530044230319006,0.5425527157270843,0.5181325753407967,0.47975125918245826,0.4228218021857997,0.36039895631872504,0.17063247777732488,0.5168242525203582,0.9066666666666666,0.9066666666666666,0.9066666666666666,0.9066666666666666,0.9066666666666666,0.9066666666666666,0.9066666666666666,0.9066666666666666,0.901595744680851,0.8915343915343915,0.881578947368421,0.8717277486910995,0.8668407310704961,0.8427835051546392,0.7875,0.7023809523809523,0.6103603603603603,0.5052631578947369,0.2222222222222222,0.8072168997206054,0.35463071317576245,0.35463071317576245,0.35463071317576245,0.35463071317576245,0.35463071317576245,0.35463071317576245,0.35463071317576245,0.35463071317576245,0.35291081032659954,0.352036007265924,0.35321671956597356,0.35174778258333556,0.3527913270932522,0.3492752854587759,0.34090332143401453,0.3276872328427281,0.2929061059897399,0.2570688277705103,0.13101949112593173,0.33150571667699397,0.9577464788732394,0.9577464788732394,0.9577464788732394,0.9577464788732394,0.9577464788732394,0.9577464788732394,0.9577464788732394,0.9577464788732394,0.9549295774647887,0.9492957746478873,0.9436619718309859,0.9380281690140845,0.9352112676056338,0.9211267605633803,0.8873239436619719,0.8309859154929577,0.7633802816901408,0.676056338028169,0.36619718309859156,0.8856931060044478,0.9444444444444444,0.9444444444444444,0.9444444444444444,0.9444444444444444,0.9444444444444444,0.9444444444444444,0.9444444444444444,0.9444444444444444,0.9416666666666667,0.9361111111111111,0.9305555555555556,0.925,0.9222222222222223,0.9083333333333333,0.875,0.8194444444444444,0.7527777777777778,0.6666666666666666,0.3611111111111111,0.873391812865497,0.35464600278614117,0.35464600278614117,0.35464600278614117,0.35464600278614117,0.35464600278614117,0.35464600278614117,0.35464600278614117,0.35464600278614117,0.3533732881728717,0.35278570559596917,0.35402808341789904,0.35303896333308094,0.3540862264949791,0.35163017111209227,0.3466022772745462,0.33808908771520935,0.31242394643197763,0.28513814616755795,0.16701411333764274,0.33712515954436606,0.9933634992458521,0.9933634992458521,0.9933634992458521,0.9933634992458521,0.9933634992458521,0.9933634992458521,0.9933634992458521,0.9933634992458521,0.990433932911809,0.9847467874174105,0.9837712569055854,0.9779096444561911,0.9798511393692116,0.9655729654506413,0.9317394334102929,0.8788224882641257,0.8156003006647023,0.7392384812054623,0.44777588404874324,0.9285458056879469,0.9015188249618625,0.9015188249618625,0.9015188249618625,0.9015188249618625,0.9015188249618625,0.9015188249618625,0.9015188249618625,0.9015188249618625,0.9029316585475344,0.9054269188446006,0.9078141968506775,0.9097918288441519,0.9106532066078342,0.9140817244754815,0.9213071669943936,0.9310855266812904,0.9398694873109967,0.9482662715453114,0.9643060439473994,0.9140886647549775,0.5827918297680503,0.5827918297680503,0.5827918297680503,0.5827918297680503,0.5827918297680503,0.5827918297680503,0.5827918297680503,0.5827918297680503,0.5805212924501011,0.5780884830382409,0.5773362850794145,0.5744121590386214,0.5743991854199954,0.5672096722019928,0.5499924359318904,0.5218270548555033,0.47286229041784444,0.4168848885768412,0.21904102031657705,0.5418373371300751,340.0,340.0,340.0,340.0,340.0,340.0,340.0,340.0,339.0,337.0,335.0,333.0,332.0,327.0,315.0,295.0,271.0,240.0,130.0,314.42105263157896,15.0,15.0,15.0,15.0,15.0,15.0,15.0,15.0,16.0,18.0,20.0,22.0,23.0,28.0,40.0,60.0,84.0,115.0,225.0,40.578947368421055,20.0,20.0,20.0,20.0,20.0,20.0,20.0,20.0,21.0,23.0,25.0,27.0,28.0,33.0,45.0,65.0,89.0,120.0,230.0,45.578947368421055,0.856338028169014,0.9071291582217909,0.8788732394366198,0.9464788732394366,0.9333333333333333,1.0,0.0,0.0,0.7684377384859767,0.9398601398601398,0.11940298507462686,0.8763293239803045,304.79539716252174,336,19,24,8,2,0,0,7.0,201,0.5006993006993007,0.504225352112676,0.49722222222222223,179,176,181,360,355,15,2
tagging_009_tagging_aria01_rgb,0.48173447488855475,0.9130030515335763,0.4398250456021755,0.48173447488855475,0.4814439409792172,0.4808779984807177,0.4808779984807177,0.48042942674483163,0.47954999395760967,0.47954999395760967,0.47954999395760967,0.4791791149729948,0.4744750753182418,0.4722644844081031,0.46690544851703997,0.4600891512057588,0.4542381500167497,0.43893857604132935,0.4260091827392519,0.4093778957032629,0.3467793732165249,0.17434942556943797,0.4445589315345034,0.9582366589327146,0.9559675550405562,0.9514450867052023,0.9514450867052023,0.9491916859122402,0.9447004608294931,0.9447004608294931,0.9447004608294931,0.9424626006904487,0.9269406392694064,0.9160045402951191,0.90304396843292,0.8881431767337807,0.8797327394209354,0.8448087431693989,0.8072805139186295,0.7601668404588112,0.6199616122840691,0.294478527607362,0.8622848083192249,0.24218245266741245,0.24246457642149427,0.24304466190855442,0.24304466190855442,0.24316735756122904,0.24342974968258208,0.24342974968258208,0.24342974968258208,0.2436304889531831,0.24287056534244836,0.24348541237731663,0.24140651560211582,0.23834223197628285,0.2345397501819165,0.22805999002138258,0.22480887454748863,0.22046510393597243,0.19397319334885546,0.10322559829191787,0.2294210886365195,0.9915966386554622,0.9903961584633854,0.9879951980792316,0.9879951980792316,0.9867947178871549,0.9843937575030012,0.9843937575030012,0.9843937575030012,0.9831932773109243,0.9747899159663865,0.9687875150060024,0.9615846338535414,0.9531812725090036,0.9483793517406963,0.9279711884753902,0.9051620648259304,0.8751500600240096,0.7755102040816326,0.460984393757503,0.9280343716433943,0.9660818713450292,0.9649122807017544,0.9625730994152046,0.9625730994152046,0.9614035087719298,0.9590643274853801,0.9590643274853801,0.9590643274853801,0.9578947368421052,0.9497076023391813,0.9438596491228071,0.9368421052631579,0.928654970760234,0.9239766081871345,0.904093567251462,0.8818713450292398,0.8526315789473684,0.7555555555555555,0.44912280701754387,0.9041551246537396,0.24258617052274076,0.24286846900521605,0.24344925272335208,0.24344925272335208,0.2435780268760267,0.24385069780563548,0.24385069780563548,0.24385069780563548,0.24405214633371036,0.24366767006626322,0.24431045314833327,0.24288124975710026,0.2407389013818147,0.2378153065100121,0.23308787211657572,0.23099155517527434,0.22832853426539204,0.20762361661359077,0.12283549700845296,0.23283242461284814,0.9570462552129846,0.957869610943209,0.9599273472732992,0.9599273472732992,0.9586958449923394,0.9564270814706405,0.9564270814706405,0.9564270814706405,0.9558990450757464,0.9487983709016943,0.9450449159919109,0.9401979590675841,0.931677187269032,0.926603408958617,0.9091905604740771,0.8876184408938124,0.8653692349500662,0.7822234977740427,0.501124552761022,0.9082365696960347,0.9130030515335763,0.9139996057649294,0.9159585451363563,0.9159585451363563,0.9168248953025712,0.9183791933956039,0.9183791933956039,0.9183791933956039,0.9189568945846269,0.9227707712010887,0.925225223329314,0.9278091828244878,0.9304298115224819,0.9317400432786522,0.9361872950872734,0.9401457564764345,0.9440890823207984,0.9525453018709927,0.9687795251633816,0.9278716374063227,0.4900482690575917,0.49003671806437105,0.490027508293608,0.490027508293608,0.4898533086588248,0.48952091475038323,0.48952091475038323,0.48952091475038323,0.48942400726439955,0.48656734167109283,0.48568058186140434,0.48180161468712385,0.47663754779474665,0.4716276669523861,0.4600359768364079,0.4510969575120169,0.4392494154153945,0.38785073257676966,0.21814075696406507,0.46140361348184006,826.0,825.0,823.0,823.0,822.0,820.0,820.0,820.0,819.0,812.0,807.0,801.0,794.0,790.0,773.0,754.0,729.0,646.0,384.0,773.0526315789474,7.0,8.0,10.0,10.0,11.0,13.0,13.0,13.0,14.0,21.0,26.0,32.0,39.0,43.0,60.0,79.0,104.0,187.0,449.0,59.94736842105263,29.0,30.0,32.0,32.0,33.0,35.0,35.0,35.0,36.0,43.0,48.0,54.0,61.0,65.0,82.0,101.0,126.0,209.0,471.0,81.94736842105263,0.9003601440576231,0.9228828581727871,0.9231692677070829,0.9747899159663865,0.9497076023391813,1.0,0.0,0.0,0.8251871318563063,0.9620853080568721,0.07530647985989491,0.921634149338592,749.3808808363032,812,21,43,19,2,0,0,19.0,571,0.4075829383886256,0.4129651860744298,0.4023391812865497,344,489,511,855,833,22,2
tagging_009_tagging_aria03_rgb,0.4868237766557283,0.928227760315552,0.45188334387350515,0.4868237766557283,0.4868237766557283,0.4868237766557283,0.4868237766557283,0.4868237766557283,0.4868237766557283,0.4868237766557283,0.4868237766557283,0.4856750726856101,0.4845961557006095,0.48180396310203427,0.47313327926258897,0.4672287623181818,0.4562052795221918,0.44871016807020375,0.4331086338401002,0.40982396859418857,0.3564427609291802,0.21865618571905254,0.45315654963104035,0.9242144177449169,0.9242144177449169,0.9242144177449169,0.9242144177449169,0.9242144177449169,0.9242144177449169,0.9242144177449169,0.9242144177449169,0.9206642066420664,0.9171270718232044,0.9136029411764706,0.8996350364963503,0.8858695652173914,0.8622540250447227,0.8392226148409894,0.8072916666666666,0.7614213197969543,0.6367924528301887,0.3751651254953765,0.8533032298941955,0.25643117545776883,0.25643117545776883,0.25643117545776883,0.25643117545776883,0.25643117545776883,0.25643117545776883,0.25643117545776883,0.25643117545776883,0.25620663269673266,0.25605332274509335,0.25408746885370137,0.24882879263748986,0.24642760617225717,0.24137116327537747,0.23991347631610152,0.23236098730137353,0.22058179994103483,0.1995178197451047,0.12743862449921137,0.24074932093924362,0.9920634920634921,0.9920634920634921,0.9920634920634921,0.9920634920634921,0.9920634920634921,0.9920634920634921,0.9920634920634921,0.9920634920634921,0.9900793650793651,0.9880952380952381,0.9861111111111112,0.9781746031746031,0.9702380952380952,0.9563492063492064,0.9424603174603174,0.9226190476190477,0.8928571428571429,0.8035714285714286,0.5634920634920635,0.9437134502923975,0.931098696461825,0.931098696461825,0.931098696461825,0.931098696461825,0.931098696461825,0.931098696461825,0.931098696461825,0.931098696461825,0.9292364990689013,0.9273743016759777,0.925512104283054,0.9180633147113594,0.9106145251396648,0.8975791433891993,0.8845437616387337,0.8659217877094972,0.8379888268156425,0.7541899441340782,0.5288640595903166,0.8857198863079487,0.25647800586510267,0.25647800586510267,0.25647800586510267,0.25647800586510267,0.25647800586510267,0.25647800586510267,0.25647800586510267,0.25647800586510267,0.2563088052938722,0.2562027189893494,0.2547213879562812,0.2506563045887786,0.24881758411344793,0.24483660051187828,0.24372125327982716,0.2377400435152776,0.22815575105897684,0.2110187900510481,0.1429050844657387,0.24352149319712094,0.9980344827586207,0.9980344827586207,0.9980344827586207,0.9980344827586207,0.9980344827586207,0.9980344827586207,0.9980344827586207,0.9980344827586207,0.996113666613587,0.994132451846366,0.9921390594258386,0.9843039420950231,0.9763816790258493,0.9630273056475528,0.9505786976910658,0.9317499107680307,0.9014157884803177,0.8257615446805845,0.6100900595123353,0.9531563140976588,0.928227760315552,0.928227760315552,0.928227760315552,0.928227760315552,0.928227760315552,0.928227760315552,0.928227760315552,0.928227760315552,0.9292128222485823,0.9301673073674797,0.9309399780522561,0.9338232127647287,0.9362956203610127,0.9402014405013376,0.9433550671218764,0.9468170462401819,0.9508864419360575,0.9589219710178952,0.9703382051195107,0.9366726944871229,0.5043768505776015,0.5043768505776015,0.5043768505776015,0.5043768505776015,0.5043768505776015,0.5043768505776015,0.5043768505776015,0.5043768505776015,0.5036515662931101,0.5029960923336183,0.50055816468292,0.4933538339737437,0.48897183070873756,0.48045303665810246,0.475509128252951,0.46301260545239464,0.44378827796781456,0.4004083158952004,0.26797509863353136,0.47661540818278614,500.0,500.0,500.0,500.0,500.0,500.0,500.0,500.0,499.0,498.0,497.0,493.0,489.0,482.0,475.0,465.0,450.0,405.0,284.0,475.63157894736844,4.0,4.0,4.0,4.0,4.0,4.0,4.0,4.0,5.0,6.0,7.0,11.0,15.0,22.0,29.0,39.0,54.0,99.0,220.0,28.36842105263158,37.0,37.0,37.0,37.0,37.0,37.0,37.0,37.0,38.0,39.0,40.0,44.0,48.0,55.0,62.0,72.0,87.0,132.0,253.0,61.36842105263158,0.8948412698412699,0.9301673073674797,0.9107142857142857,0.9880952380952381,0.9273743016759777,1.0,0.0,0.0,0.825839918787708,0.9567723342939481,0.06830122591943957,0.9089224405020002,463.22331906900484,498,6,39,8,2,0,0,9.0,571,0.38232468780019213,0.3948412698412698,0.37057728119180633,199,305,338,537,504,15,2
tagging_009_tagging_aria04_rgb,0.43519371668816464,0.9304602865848418,0.4049304703495921,0.43519371668816464,0.43519371668816464,0.43519371668816464,0.43519371668816464,0.43519371668816464,0.43519371668816464,0.43519371668816464,0.43519371668816464,0.43519371668816464,0.4343039598190036,0.4316784109810884,0.4294362199130585,0.425332234744497,0.4188369715987878,0.4117527498706081,0.40466760273278146,0.38616151869737364,0.3467476972466055,0.17448465175089745,0.4094813403972728,0.9817073170731707,0.9817073170731707,0.9817073170731707,0.9817073170731707,0.9817073170731707,0.9817073170731707,0.9817073170731707,0.9817073170731707,0.9817073170731707,0.9792935444579781,0.9720873786407767,0.9649334945586457,0.953125,0.9345238095238095,0.9162735849056604,0.8939393939393939,0.840317100792752,0.7342582710779082,0.3157894736842105,0.9126266792231404,0.1929226437972472,0.1929226437972472,0.1929226437972472,0.1929226437972472,0.1929226437972472,0.1929226437972472,0.1929226437972472,0.1929226437972472,0.1929226437972472,0.1926081618549467,0.1916970167514329,0.19111728218903543,0.18980460056419451,0.1877152909217284,0.18503242898076502,0.18318453108980934,0.17745767446834312,0.16374887458784404,0.09640883003933454,0.1839514992432978,0.9962871287128713,0.9962871287128713,0.9962871287128713,0.9962871287128713,0.9962871287128713,0.9962871287128713,0.9962871287128713,0.9962871287128713,0.9962871287128713,0.995049504950495,0.9913366336633663,0.9876237623762376,0.9814356435643564,0.9715346534653465,0.9616336633663366,0.9492574257425742,0.9183168316831684,0.8514851485148515,0.48267326732673266,0.950364773319437,0.98531211750306,0.98531211750306,0.98531211750306,0.98531211750306,0.98531211750306,0.98531211750306,0.98531211750306,0.98531211750306,0.98531211750306,0.9840881272949816,0.9804161566707467,0.9767441860465116,0.9706242350061199,0.9608323133414932,0.9510403916768666,0.9388004895960832,0.9082007343941249,0.8421052631578947,0.4773561811505508,0.939895638729627,0.1929231932160994,0.1929231932160994,0.1929231932160994,0.1929231932160994,0.1929231932160994,0.1929231932160994,0.1929231932160994,0.1929231932160994,0.1929231932160994,0.19265891185765502,0.19189761020630328,0.1914110549013596,0.1903365288697472,0.18860671734422996,0.18633702997856622,0.18481644754615315,0.17989278823439697,0.16790526756867027,0.10433954602375654,0.18497424428819645,0.9988706945228685,0.9988706945228685,0.9988706945228685,0.9988706945228685,0.9988706945228685,0.9988706945228685,0.9988706945228685,0.9988706945228685,0.9988706945228685,0.9976437997179877,0.993943586361742,0.9904212977806223,0.984588614984892,0.9751429639436013,0.9651895261095724,0.9530270188133985,0.9257301072272481,0.8624166437992822,0.534233236958865,0.9564301603370015,0.9304602865848418,0.9304602865848418,0.9304602865848418,0.9304602865848418,0.9304602865848418,0.9304602865848418,0.9304602865848418,0.9304602865848418,0.9304602865848418,0.9310222573495589,0.9325309515738313,0.9338895675968752,0.9358336964272199,0.9385881274179219,0.9407534747492571,0.9428893949318284,0.9468119053067788,0.9519696026634521,0.9681443581480785,0.9366618902857041,0.43841344282817724,0.43841344282817724,0.43841344282817724,0.43841344282817724,0.43841344282817724,0.43841344282817724,0.43841344282817724,0.43841344282817724,0.43841344282817724,0.4377838006404412,0.43593150295622757,0.4344559463175251,0.43160282703684394,0.4270502430812891,0.4218215410838386,0.41700033143652654,0.4036859786710853,0.37340291214393356,0.2157173265971773,0.4181143892325517,805.0,805.0,805.0,805.0,805.0,805.0,805.0,805.0,805.0,804.0,801.0,798.0,793.0,785.0,777.0,767.0,742.0,688.0,390.0,767.8947368421053,3.0,3.0,3.0,3.0,3.0,3.0,3.0,3.0,3.0,4.0,7.0,10.0,15.0,23.0,31.0,41.0,66.0,120.0,418.0,40.10526315789474,12.0,12.0,12.0,12.0,12.0,12.0,12.0,12.0,12.0,13.0,16.0,19.0,24.0,32.0,40.0,50.0,75.0,129.0,427.0,49.10526315789474,0.9665841584158416,0.9310222573495589,0.9789603960396039,0.995049504950495,0.9840881272949816,1.0,0.0,0.0,0.8979478897389175,0.9895384615384616,0.02276707530647986,0.9777227722772277,748.5418949090454,804,4,13,10,2,0,0,5.0,571,0.23015384615384615,0.23143564356435645,0.22888616891064872,187,621,630,817,808,16,2
tagging_010_tagging_aria01_rgb,0.4220136500417903,0.9082956452119215,0.383313160552946,0.4220136500417903,0.4220136500417903,0.4220136500417903,0.4220136500417903,0.4220136500417903,0.4220136500417903,0.4220136500417903,0.4220136500417903,0.4173887359817782,0.4161403631671163,0.4120529318926285,0.4107450324510114,0.4070197483070278,0.4006874450287281,0.3905249498385741,0.3764993092938486,0.3370800632998805,0.26816973805176203,0.10876648148446,0.38532547363848096,0.9122807017543859,0.9122807017543859,0.9122807017543859,0.9122807017543859,0.9122807017543859,0.9122807017543859,0.9122807017543859,0.9122807017543859,0.8974854932301741,0.8938223938223938,0.8793103448275862,0.875717017208413,0.8650190114068441,0.847457627118644,0.8166666666666667,0.7836363636363637,0.6972318339100346,0.5400313971742543,0.19053398058252427,0.8202714601904728,0.19522009013136338,0.19522009013136338,0.19522009013136338,0.19522009013136338,0.19522009013136338,0.19522009013136338,0.19522009013136338,0.19522009013136338,0.1941127274352354,0.19374408501480167,0.19309180163756953,0.1926552509176952,0.1915161092731164,0.18944950575230698,0.1867466160568418,0.1808896785250807,0.16296296805190402,0.13316819870668659,0.06208943653169255,0.18116774205020197,0.9811320754716981,0.9811320754716981,0.9811320754716981,0.9811320754716981,0.9811320754716981,0.9811320754716981,0.9811320754716981,0.9811320754716981,0.9727463312368972,0.9706498951781971,0.9622641509433962,0.960167714884696,0.9538784067085954,0.9433962264150944,0.9245283018867925,0.9035639412997903,0.8448637316561844,0.7211740041928721,0.32914046121593293,0.9123910404943173,0.9285714285714286,0.9285714285714286,0.9285714285714286,0.9285714285714286,0.9285714285714286,0.9285714285714286,0.9285714285714286,0.9285714285714286,0.9206349206349206,0.9186507936507936,0.9107142857142857,0.9087301587301587,0.9027777777777778,0.8928571428571429,0.875,0.8551587301587301,0.7996031746031746,0.6825396825396826,0.3115079365079365,0.8635129490392648,0.19549338237817682,0.19549338237817682,0.19549338237817682,0.19549338237817682,0.19549338237817682,0.19549338237817682,0.19549338237817682,0.19549338237817682,0.19456892875654494,0.1942582719248634,0.19377463425503022,0.19340904015943416,0.19243632242814926,0.19079749199467763,0.18871916533691166,0.18397791499237637,0.16874749742589226,0.14123123134911156,0.06870565580017098,0.18287227439203038,0.9847248514368079,0.9847248514368079,0.9847248514368079,0.9847248514368079,0.9847248514368079,0.9847248514368079,0.9847248514368079,0.9847248514368079,0.9771591071347444,0.9750908058354767,0.967701418878194,0.9654929794725422,0.9595420174324345,0.9523137024989529,0.9342947367700265,0.9138542781028427,0.8644958119287514,0.7630734361141119,0.417073272551144,0.9246258093796675,0.9082956452119215,0.9082956452119215,0.9082956452119215,0.9082956452119215,0.9082956452119215,0.9082956452119215,0.9082956452119215,0.9082956452119215,0.9125618586696637,0.9135509234986257,0.9168656096529871,0.9176477375836065,0.919652205016357,0.9222534238834823,0.9262839648390895,0.9297235410780424,0.9369648436772579,0.9470973440045537,0.9669557608467221,0.9197853881287241,0.43764905141489396,0.43764905141489396,0.43764905141489396,0.43764905141489396,0.43764905141489396,0.43764905141489396,0.43764905141489396,0.43764905141489396,0.43453704497892126,0.4336561723428054,0.4310514105729229,0.43009458498588554,0.42741441385670365,0.4227599186570684,0.4155147793113222,0.4042837999086458,0.37105457996108765,0.309899085336587,0.14295504809792023,0.4065480657541591,468.0,468.0,468.0,468.0,468.0,468.0,468.0,468.0,464.0,463.0,459.0,458.0,455.0,450.0,441.0,431.0,403.0,344.0,157.0,435.2105263157895,9.0,9.0,9.0,9.0,9.0,9.0,9.0,9.0,13.0,14.0,18.0,19.0,22.0,27.0,36.0,46.0,74.0,133.0,320.0,41.78947368421053,36.0,36.0,36.0,36.0,36.0,36.0,36.0,36.0,40.0,41.0,45.0,46.0,49.0,54.0,63.0,73.0,101.0,160.0,347.0,68.78947368421052,0.8574423480083857,0.9127439170133848,0.8888888888888888,0.9727463312368972,0.9206349206349206,1.0,0.0,0.0,0.7725643134050535,0.9459734964322121,0.09501187648456057,0.8864232887650825,423.51317749421054,464,13,40,15,2,0,0,13.0,421,0.2793068297655454,0.28721174004192873,0.2718253968253968,137,340,367,504,477,23,2
tagging_010_tagging_aria03_rgb,0.36749548171848606,0.9221664337031151,0.3388919977783446,0.36749548171848606,0.36749548171848606,0.36749548171848606,0.36749548171848606,0.36749548171848606,0.36749548171848606,0.36639336285558877,0.36639336285558877,0.36639336285558877,0.3642245613195374,0.3638784688605736,0.3596654575519625,0.3557929019992993,0.3523468226970339,0.34519586897755733,0.3376658195334498,0.31820520335257924,0.28378443910874995,0.14570197289326237,0.3437165523774573,0.9658119658119658,0.9658119658119658,0.9658119658119658,0.9658119658119658,0.9658119658119658,0.9658119658119658,0.962457337883959,0.962457337883959,0.962457337883959,0.9524617996604414,0.9491525423728814,0.9327731092436975,0.9230769230769231,0.913477537437604,0.8883415435139573,0.86084142394822,0.796875,0.6788321167883211,0.2849162011173184,0.8875258950359493,0.13983356374132522,0.13983356374132522,0.13983356374132522,0.13983356374132522,0.13983356374132522,0.13983356374132522,0.13948056818785728,0.13948056818785728,0.13948056818785728,0.1392806841342124,0.13950080117711805,0.13868242992226526,0.1371376382058399,0.13590731942127815,0.13413780862686708,0.13244972013341977,0.12706453514121577,0.11863552988813648,0.07450985525476518,0.13340786362719162,0.9724612736660929,0.9724612736660929,0.9724612736660929,0.9724612736660929,0.9724612736660929,0.9724612736660929,0.9707401032702238,0.9707401032702238,0.9707401032702238,0.9655765920826161,0.963855421686747,0.955249569707401,0.9500860585197934,0.9449225473321858,0.9311531841652324,0.9156626506024096,0.8777969018932874,0.8003442340791739,0.4388984509466437,0.920554398043301,0.9929701230228472,0.9929701230228472,0.9929701230228472,0.9929701230228472,0.9929701230228472,0.9929701230228472,0.9912126537785588,0.9912126537785588,0.9912126537785588,0.9859402460456942,0.984182776801406,0.9753954305799648,0.9701230228471002,0.9648506151142355,0.9507908611599297,0.9349736379613357,0.8963093145869947,0.8172231985940246,0.44815465729349735,0.9399685505503653,0.1399042626507508,0.1399042626507508,0.1399042626507508,0.1399042626507508,0.1399042626507508,0.1399042626507508,0.13959206253113948,0.13959206253113948,0.13959206253113948,0.13944116177332883,0.13966154663180685,0.13898292058143358,0.13763166478789962,0.13654166056810946,0.1350365492400757,0.13358574714596044,0.12884071033808625,0.12130766463420259,0.07993850004018384,0.1341668362757374,0.9948243496916062,0.9948243496916062,0.9948243496916062,0.9948243496916062,0.9948243496916062,0.9948243496916062,0.9931630131098218,0.9931630131098218,0.9931630131098218,0.9884322451167372,0.98796515984016,0.9813932731605144,0.9761420804489114,0.9713099228044113,0.9607743065086198,0.9477898212898275,0.9103255738409545,0.8421712243135597,0.5294839559892726,0.9496959316206353,0.9221664337031151,0.9221664337031151,0.9221664337031151,0.9221664337031151,0.9221664337031151,0.9221664337031151,0.9232301892874165,0.9232301892874165,0.9232301892874165,0.9255652516359226,0.926304546965976,0.9293855549651782,0.9310686898418652,0.9324512229128153,0.9354882490688707,0.9382332922570916,0.9427393809725932,0.9490158514770378,0.966264689482356,0.930484521034771,0.3687583565116293,0.3687583565116293,0.3687583565116293,0.3687583565116293,0.3687583565116293,0.3687583565116293,0.3679665489781239,0.3679665489781239,0.3679665489781239,0.3667235584595679,0.3666859740216554,0.36397298183961496,0.36096060471705205,0.3583600012119701,0.35341596967292505,0.34825172190373227,0.33397133902098536,0.3081383817425176,0.18083766214916372,0.35040884109175435,565.0,565.0,565.0,565.0,565.0,565.0,564.0,564.0,564.0,561.0,560.0,555.0,552.0,549.0,541.0,532.0,510.0,465.0,255.0,534.8421052631579,16.0,16.0,16.0,16.0,16.0,16.0,17.0,17.0,17.0,20.0,21.0,26.0,29.0,32.0,40.0,49.0,71.0,116.0,326.0,46.1578947368421,4.0,4.0,4.0,4.0,4.0,4.0,5.0,5.0,5.0,8.0,9.0,14.0,17.0,20.0,28.0,37.0,59.0,104.0,314.0,34.1578947368421,0.9208261617900172,0.9257273146091217,0.9518072289156626,0.9655765920826161,0.9859402460456942,1.0,0.0,0.0,0.8491101953454686,0.9756521739130435,0.019002375296912115,0.9496466910411302,519.3330234957173,561,20,8,18,2,0,0,13.0,421,0.20869565217391303,0.20654044750430292,0.210896309314587,120,461,449,569,581,20,2
tagging_010_tagging_aria04_rgb,0.3524249262489973,0.9181357768989504,0.32357393346017843,0.3524249262489973,0.3524249262489973,0.35207050699777137,0.35207050699777137,0.35207050699777137,0.35124993995468495,0.350909485414909,0.3493353929105425,0.3493353929105425,0.34738961644823024,0.3440101853897123,0.33849057117434866,0.33849057117434866,0.3363852884522414,0.32860870207929094,0.3188073926901299,0.3057684042254629,0.2679556040424897,0.1433916060688986,0.32795734349616534,0.8791848617176128,0.8791848617176128,0.876453488372093,0.876453488372093,0.876453488372093,0.8710144927536232,0.8683068017366136,0.862914862914863,0.862914862914863,0.8575539568345324,0.8416547788873039,0.826025459688826,0.826025459688826,0.8183098591549296,0.7980501392757661,0.7709190672153635,0.7259358288770054,0.6177944862155389,0.2681728880157171,0.800174901722383,0.14127100459732927,0.14127100459732927,0.14142637748854964,0.14142637748854964,0.14142637748854964,0.14164692016561922,0.14181331610886994,0.14142208227557598,0.14142208227557598,0.14072530906569414,0.14060753959992678,0.13870742775543377,0.13870742775543377,0.1382789917794137,0.13530939193899752,0.13184023843255796,0.12879143486720884,0.11622021131591251,0.07667125801998728,0.13468340910613236,0.9853181076672104,0.9853181076672104,0.9836867862969005,0.9836867862969005,0.9836867862969005,0.9804241435562806,0.9787928221859706,0.9755301794453507,0.9755301794453507,0.9722675367047309,0.9624796084828712,0.9526916802610114,0.9526916802610114,0.9477977161500816,0.9347471451876019,0.9168026101141925,0.8858075040783034,0.8042414355628059,0.4453507340946166,0.9266763973555422,0.8908554572271387,0.8908554572271387,0.8893805309734514,0.8893805309734514,0.8893805309734514,0.8864306784660767,0.8849557522123894,0.8820058997050148,0.8820058997050148,0.8790560471976401,0.8702064896755162,0.8613569321533924,0.8613569321533924,0.8569321533923304,0.8451327433628318,0.8289085545722714,0.8008849557522124,0.7271386430678466,0.4026548672566372,0.8378357397919577,0.14152215396964535,0.14152215396964535,0.14167489617415358,0.14167489617415358,0.14167489617415358,0.14189331288002027,0.14205712731621567,0.14171673365557014,0.14171673365557014,0.14111924805756715,0.1410954490638916,0.13945888590119979,0.13945888590119979,0.13909324511671653,0.1364704096672682,0.13344814998613988,0.130859468600026,0.11942859232154984,0.08207462115130483,0.13568209788084162,0.9584601733561815,0.9584601733561815,0.958965337567641,0.958965337567641,0.958965337567641,0.959746793163425,0.9603848326904922,0.9582610904595809,0.9582610904595809,0.9548376772448874,0.9524901582595373,0.9433158251843641,0.9433158251843641,0.9384486916743888,0.9254656320662136,0.9108478532467454,0.8872282507265297,0.8191436219817125,0.5326609054089612,0.9178012951140035,0.9181357768989504,0.9181357768989504,0.9194200702180418,0.9194200702180418,0.9194200702180418,0.9215196237350917,0.9225538188395738,0.9243978328291113,0.9243978328291113,0.9259001026674537,0.9299620549454735,0.9336246842245634,0.9336246842245634,0.9349343610370586,0.9379247345750729,0.941066898416762,0.9450315189398962,0.9516568053037112,0.9683324282823151,0.931024165542199,0.37309097941130426,0.37309097941130426,0.37298694182145803,0.37298694182145803,0.37298694182145803,0.37265810120103665,0.37256657914760954,0.371431702066245,0.371431702066245,0.36989545765974796,0.3678748287989779,0.3635181046564353,0.3635181046564353,0.3620228067402166,0.35564036305240754,0.3476657514237585,0.33776385162770994,0.30572718163441426,0.18478528362171892,0.35324434750736533,604.0,604.0,603.0,603.0,603.0,601.0,600.0,598.0,598.0,596.0,590.0,584.0,584.0,581.0,573.0,562.0,543.0,493.0,273.0,568.0526315789474,9.0,9.0,10.0,10.0,10.0,12.0,13.0,15.0,15.0,17.0,23.0,29.0,29.0,32.0,40.0,51.0,70.0,120.0,340.0,44.94736842105263,74.0,74.0,75.0,75.0,75.0,77.0,78.0,80.0,80.0,82.0,88.0,94.0,94.0,97.0,105.0,116.0,135.0,185.0,405.0,109.94736842105263,0.8091353996737357,0.9258454439564994,0.8384991843393148,0.9722675367047309,0.8790560471976401,1.0,0.0,0.0,0.7370373321338884,0.9233152594887684,0.19477434679334918,0.8364514314761773,551.8038845980736,596,17,82,18,2,0,0,12.0,421,0.21068938807126258,0.22185970636215335,0.20058997050147492,136,477,542,678,613,22,2
COMBINED,0.7072572226668179,0.9206655775608803,0.65114737939065,0.7072572226668179,0.70716709237786,0.7070341434538877,0.7068845405253409,0.7066695512322307,0.706478927548197,0.7061265276858218,0.7057151521606563,0.7048938040813827,0.7036050111607577,0.7019489509602818,0.6997220987980048,0.6955101438938778,0.6892963650733013,0.6779666031675615,0.6563832542154341,0.6124771319311202,0.5081972069373983,0.25657887755006065,0.6610480318642101,0.9799834631020464,0.9796765470797953,0.979301556688249,0.978858569338039,0.978211482858323,0.9775648194346472,0.9768505778756191,0.975831127307732,0.9737953772710101,0.9705806717070411,0.9665349278858492,0.9608318122110578,0.9522394143723355,0.938444414463033,0.9151254623612917,0.8745535495865747,0.7970919324577861,0.6245759837177748,0.2576399146561628,0.8977732423354932,0.5104298162654745,0.5104595981528836,0.5104630709462968,0.5104779886349045,0.5105050016174153,0.5105671410702987,0.5104308523684198,0.510368917379371,0.5102460810861303,0.5100658051018332,0.5097925750412542,0.5095699469188018,0.5079965741369087,0.506294748608131,0.5022685237328653,0.4926387602201288,0.47062104365036667,0.4135035734189773,0.2555222101074946,0.48801169623462926,0.9875364532703791,0.9873802249687543,0.9871892792667685,0.9869636161644216,0.9866338008609915,0.9863039855575615,0.9859394528537703,0.9854186918483544,0.9843771698375225,0.9827280933203721,0.9806450492987085,0.9776940702680184,0.9732155256214414,0.9659422302457992,0.9534092487154562,0.9308602971809471,0.884981252603805,0.767080960977642,0.40874531315095125,0.9317391955795613,0.9922559040011163,0.99209892908222,0.9919070708480134,0.9916803292984965,0.9913489378030488,0.9910175463076011,0.9906512714968431,0.9901280217671887,0.9890815223078802,0.9874245648306414,0.9853315659120243,0.9823664841106499,0.9778665364356228,0.9705584818781177,0.9579656050511041,0.9353088917570725,0.8892105905745282,0.7707468517807933,0.41069871280566506,0.9361919904236119,0.5135264925573296,0.5135630036693372,0.5135825464026189,0.5136095935928371,0.5136587057863493,0.5137347735468387,0.5136730554297725,0.5136665700074443,0.5136655942971146,0.5136805158205213,0.5136683133681317,0.513742892938801,0.5129988278188679,0.5123477110544985,0.5104576126523669,0.5053287031395653,0.4923399482372674,0.4539900541168519,0.32292997386292943,0.49864025727891814,0.9793040215579123,0.9792467873826501,0.9791733135253626,0.9789969459325004,0.9787930003475107,0.9785454603046216,0.9782751295495273,0.9778533405819773,0.9769611597192324,0.9755360101239522,0.973958152707007,0.9715379590828022,0.9677037927513864,0.9616080124899338,0.9513814375467026,0.9326621278677036,0.8951222992163652,0.8019496851376775,0.5229678817095303,0.9348198167123345,0.9206655775608803,0.920796734727338,0.920952283542771,0.9211213767020372,0.9213535201774111,0.921569968605947,0.9217894699923374,0.9220769630747984,0.9226015376410467,0.9233504390330858,0.9241945297051724,0.9252436059989236,0.926612040070082,0.9284877116349709,0.9311339724266383,0.9348432720392225,0.9403781425358536,0.9497795346677549,0.9674338606242545,0.9286518179347646,0.7099774999239468,0.7099420489460067,0.7098758138574494,0.7098050448083937,0.7097052135248388,0.7096297669435557,0.7094039154838401,0.7091735125651836,0.7087133364204825,0.7079943475167334,0.707054145651835,0.7058353317093877,0.7031288309495943,0.6993221565432303,0.6920024970081917,0.6771837732413281,0.6453609848072717,0.5631968736293891,0.32317720493161495,0.6742359104453829,56890.0,56881.0,56870.0,56857.0,56838.0,56819.0,56798.0,56768.0,56708.0,56613.0,56493.0,56323.0,56065.0,55646.0,54924.0,53625.0,50982.0,44190.0,23547.0,53675.63157894737,718.0,727.0,738.0,751.0,770.0,789.0,810.0,840.0,900.0,995.0,1115.0,1285.0,1543.0,1962.0,2684.0,3983.0,6626.0,13418.0,34061.0,3932.3684210526317,444.0,453.0,464.0,477.0,496.0,515.0,536.0,566.0,626.0,721.0,841.0,1011.0,1269.0,1688.0,2410.0,3709.0,6352.0,13144.0,33787.0,3658.3684210526317,0.9613942507985002,0.9232931673053368,0.9712539925010415,0.9832488543257881,0.9879478145602958,0.9939393939393939,0.006060606060606061,0.0,0.8859723454325127,0.9855927337265752,0.020922275713809915,0.9712061805940893,52298.09487567619,56643,965,691,568,164,1,0,629.0,33027,0.5996415583511684,0.5982155256214414,0.6010744061115568,34462,23146,22872,57334,57608,727,165
