1,1,723.0794677734375,621.1444091796875,148.19482421875,488.0843505859375,-1,-1,-1,-1
2,1,728.18603515625,618.9857177734375,143.594970703125,494.0753173828125,-1,-1,-1,-1
3,1,734.059326171875,618.9859008789062,140.9559326171875,497.60394287109375,-1,-1,-1,-1
4,1,744.6350708007812,659.8524169921875,139.23614501953125,507.5010986328125,-1,-1,-1,-1
5,1,749.2389526367188,745.1905517578125,144.751953125,526.3165283203125,-1,-1,-1,-1
6,1,754.76025390625,794.2216796875,143.815673828125,527.88232421875,-1,-1,-1,-1
7,1,758.77099609375,819.1334228515625,150.05645751953125,519.962646484375,-1,-1,-1,-1
8,1,759.0325927734375,811.1788940429688,150.9053955078125,508.13360595703125,-1,-1,-1,-1
9,1,755.8226318359375,764.4437255859375,145.11248779296875,486.558837890625,-1,-1,-1,-1
10,1,755.4077758789062,703.4600219726562,137.648193359375,469.30902099609375,-1,-1,-1,-1
11,1,749.8915405273438,656.1846313476562,134.13226318359375,480.83831787109375,-1,-1,-1,-1
12,1,747.7850341796875,608.9889526367188,129.57159423828125,497.36358642578125,-1,-1,-1,-1
13,1,743.9929809570312,596.9048461914062,130.27801513671875,520.7755737304688,-1,-1,-1,-1
14,1,733.2477416992188,606.450439453125,139.4130859375,534.109130859375,-1,-1,-1,-1
15,1,727.935302734375,615.24560546875,137.0537109375,436.9156494140625,-1,-1,-1,-1
16,1,727.1173095703125,622.4404296875,142.4114990234375,441.2918701171875,-1,-1,-1,-1
17,1,726.406494140625,628.8092041015625,151.35858154296875,456.3740234375,-1,-1,-1,-1
18,1,721.0508422851562,626.566650390625,160.9010009765625,594.6097412109375,-1,-1,-1,-1
19,1,714.359619140625,614.983642578125,169.033203125,610.0601806640625,-1,-1,-1,-1
20,1,715.5949096679688,571.892822265625,169.2490234375,612.3807373046875,-1,-1,-1,-1
21,1,715.327880859375,549.9763793945312,167.62994384765625,615.4225463867188,-1,-1,-1,-1
22,1,714.470947265625,552.95166015625,168.02337646484375,613.2191162109375,-1,-1,-1,-1
23,1,719.2163696289062,554.6123657226562,165.869384765625,604.8198852539062,-1,-1,-1,-1
24,1,717.421630859375,564.3933715820312,164.96490478515625,587.1637573242188,-1,-1,-1,-1
25,1,717.449462890625,574.4165649414062,165.05548095703125,573.6965942382812,-1,-1,-1,-1
26,1,716.883056640625,578.5648803710938,166.4959716796875,557.3744506835938,-1,-1,-1,-1
27,1,715.77099609375,571.6061401367188,169.32855224609375,548.5752563476562,-1,-1,-1,-1
28,1,714.1019287109375,571.1369018554688,169.14794921875,541.9778442382812,-1,-1,-1,-1
29,1,711.10595703125,572.2191162109375,164.8040771484375,537.5277099609375,-1,-1,-1,-1
30,1,709.6826171875,541.606689453125,162.2899169921875,534.4444580078125,-1,-1,-1,-1
31,1,704.9815063476562,540.2709350585938,157.3958740234375,530.0383911132812,-1,-1,-1,-1
32,1,701.58837890625,557.4180297851562,156.4716796875,520.3090209960938,-1,-1,-1,-1
33,1,703.1505737304688,568.5646362304688,147.34320068359375,506.74908447265625,-1,-1,-1,-1
34,1,705.5127563476562,571.925048828125,140.05291748046875,482.7396240234375,-1,-1,-1,-1
35,1,709.4700317382812,576.1012573242188,130.7427978515625,457.82952880859375,-1,-1,-1,-1
36,1,707.4923706054688,582.281005859375,127.342041015625,450.087158203125,-1,-1,-1,-1
37,1,705.762939453125,583.4134521484375,127.1217041015625,449.68896484375,-1,-1,-1,-1
38,1,706.7870483398438,580.1881713867188,130.7696533203125,452.28765869140625,-1,-1,-1,-1
39,1,707.3072509765625,584.9915771484375,127.76416015625,463.2183837890625,-1,-1,-1,-1
40,1,704.7045288085938,579.3460083007812,128.23297119140625,483.59686279296875,-1,-1,-1,-1
41,1,700.7345581054688,571.5648193359375,130.651123046875,509.0771484375,-1,-1,-1,-1
42,1,698.3402099609375,568.03515625,140.0362548828125,522.95068359375,-1,-1,-1,-1
43,1,698.67724609375,559.038330078125,150.860595703125,530.6351318359375,-1,-1,-1,-1
44,1,705.416748046875,562.5651245117188,144.1995849609375,540.3075561523438,-1,-1,-1,-1
45,1,707.8384399414062,572.1507568359375,148.19732666015625,556.95458984375,-1,-1,-1,-1
46,1,711.9163818359375,567.2218627929688,156.92333984375,582.8789672851562,-1,-1,-1,-1
47,1,715.2987060546875,533.8389892578125,173.7867431640625,622.91748046875,-1,-1,-1,-1
48,1,732.8334350585938,475.4163818359375,209.0001220703125,675.20849609375,-1,-1,-1,-1
49,1,743.4397583007812,401.46685791015625,251.89788818359375,746.7490844726562,-1,-1,-1,-1
50,1,738.7742919921875,313.9958801269531,260.74658203125,825.3526611328125,-1,-1,-1,-1
51,1,754.0272827148438,269.177001953125,296.15472412109375,886.6602783203125,-1,-1,-1,-1
52,1,772.7734375,231.99903869628906,323.9931640625,740.0820922851562,-1,-1,-1,-1
53,1,765.9454345703125,244.784423828125,373.09814453125,881.67919921875,-1,-1,-1,-1
54,1,754.2431640625,280.66009521484375,409.3955078125,833.1644897460938,-1,-1,-1,-1
55,1,750.0945434570312,316.0549011230469,399.11126708984375,755.5062255859375,-1,-1,-1,-1
56,1,729.82080078125,343.3074645996094,388.488037109375,699.21337890625,-1,-1,-1,-1
57,1,716.388916015625,337.384033203125,319.1412353515625,682.2115478515625,-1,-1,-1,-1
58,1,715.916259765625,375.716064453125,287.80059814453125,648.8656616210938,-1,-1,-1,-1
59,1,712.9696044921875,424.4554443359375,274.56878662109375,610.617431640625,-1,-1,-1,-1
60,1,720.8115844726562,437.430908203125,270.56646728515625,573.3756103515625,-1,-1,-1,-1
61,1,710.0208129882812,459.83184814453125,251.90069580078125,528.6591186523438,-1,-1,-1,-1
62,1,700.6580810546875,458.7103271484375,247.12847900390625,483.05535888671875,-1,-1,-1,-1
63,1,713.5769653320312,513.8511962890625,240.9415283203125,400.56134033203125,-1,-1,-1,-1
64,1,715.906982421875,503.11712646484375,232.034912109375,392.9595947265625,-1,-1,-1,-1
65,1,719.2208862304688,477.5269775390625,186.6859130859375,397.85247802734375,-1,-1,-1,-1
66,1,722.1655883789062,446.5976867675781,165.0501708984375,409.4265441894531,-1,-1,-1,-1
67,1,723.1885986328125,416.88763427734375,137.2999267578125,408.24688720703125,-1,-1,-1,-1
68,1,728.1659545898438,395.90966796875,128.55841064453125,408.38690185546875,-1,-1,-1,-1
69,1,730.6344604492188,391.4346923828125,128.12744140625,404.30267333984375,-1,-1,-1,-1
70,1,731.6566772460938,414.4100646972656,125.07794189453125,395.4990539550781,-1,-1,-1,-1
71,1,723.8720092773438,430.98541259765625,126.3653564453125,388.09576416015625,-1,-1,-1,-1
72,1,718.983154296875,445.6617736816406,127.76416015625,387.6485290527344,-1,-1,-1,-1
73,1,721.066650390625,462.3164978027344,125.9384765625,393.7154235839844,-1,-1,-1,-1
74,1,720.6070556640625,476.021728515625,127.6356201171875,400.83428955078125,-1,-1,-1,-1
75,1,711.85107421875,492.8545837402344,132.0931396484375,401.0269470214844,-1,-1,-1,-1
76,1,711.9033813476562,493.6557312011719,136.36614990234375,403.0820617675781,-1,-1,-1,-1
77,1,713.2958374023438,482.3407287597656,142.730224609375,407.5941467285156,-1,-1,-1,-1
78,1,703.3732299804688,468.5701599121094,154.6280517578125,410.9993591308594,-1,-1,-1,-1
79,1,678.0802612304688,460.1482849121094,158.05108642578125,412.3142395019531,-1,-1,-1,-1
80,1,642.336181640625,453.95159912109375,169.245849609375,416.1968994140625,-1,-1,-1,-1
81,1,595.4487915039062,446.8409729003906,172.94964599609375,422.7120056152344,-1,-1,-1,-1
82,1,570.6580200195312,446.38653564453125,170.41363525390625,433.19000244140625,-1,-1,-1,-1
83,1,578.5828857421875,456.8202209472656,164.5712890625,440.7532043457031,-1,-1,-1,-1
84,1,606.5868530273438,457.494140625,162.9708251953125,449.062744140625,-1,-1,-1,-1
85,1,642.8536376953125,458.94903564453125,159.4990234375,456.80511474609375,-1,-1,-1,-1
86,1,676.8345947265625,455.9694519042969,162.6986083984375,463.9729309082031,-1,-1,-1,-1
87,1,703.9231567382812,452.95928955078125,165.3477783203125,469.98895263671875,-1,-1,-1,-1
88,1,727.3714599609375,449.17901611328125,170.068603515625,478.24127197265625,-1,-1,-1,-1
89,1,734.26171875,445.31805419921875,173.2774658203125,486.19891357421875,-1,-1,-1,-1
90,1,739.5693359375,432.675048828125,173.26495361328125,498.8284912109375,-1,-1,-1,-1
91,1,735.21044921875,410.0317077636719,176.3182373046875,525.5875244140625,-1,-1,-1,-1
92,1,725.33984375,395.89593505859375,178.009765625,549.0376586914062,-1,-1,-1,-1
93,1,716.0360107421875,392.78973388671875,176.1710205078125,562.3867797851562,-1,-1,-1,-1
94,1,714.574462890625,391.72113037109375,174.45458984375,567.52392578125,-1,-1,-1,-1
95,1,714.4370727539062,397.3834533691406,174.719970703125,569.4813232421875,-1,-1,-1,-1
96,1,713.86279296875,406.29180908203125,177.93994140625,566.9208374023438,-1,-1,-1,-1
97,1,714.7791748046875,412.3412780761719,181.52197265625,567.1082763671875,-1,-1,-1,-1
98,1,722.3433227539062,430.82537841796875,185.15252685546875,563.7977905273438,-1,-1,-1,-1
99,1,720.144775390625,445.0946960449219,185.853759765625,557.51025390625,-1,-1,-1,-1
100,1,712.1643676757812,436.9835205078125,185.6026611328125,557.05908203125,-1,-1,-1,-1
101,1,709.9910278320312,433.63934326171875,181.40911865234375,555.849609375,-1,-1,-1,-1
102,1,709.68896484375,435.39776611328125,180.58349609375,557.54150390625,-1,-1,-1,-1
103,1,706.35595703125,435.87060546875,183.97467041015625,558.3639526367188,-1,-1,-1,-1
104,1,702.2942504882812,435.6164855957031,193.61395263671875,552.5438232421875,-1,-1,-1,-1
105,1,702.0004272460938,443.2996826171875,213.92388916015625,544.6956787109375,-1,-1,-1,-1
106,1,699.8226928710938,431.3819580078125,241.638916015625,535.6929931640625,-1,-1,-1,-1
107,1,695.2236938476562,419.871337890625,254.56011962890625,526.8394165039062,-1,-1,-1,-1
108,1,691.1190185546875,436.59454345703125,255.21282958984375,512.5933227539062,-1,-1,-1,-1
109,1,683.084228515625,466.4476623535156,250.2841796875,499.2369079589844,-1,-1,-1,-1
110,1,684.1589965820312,487.5043640136719,234.51239013671875,486.2001037597656,-1,-1,-1,-1
111,1,682.4014282226562,489.3970947265625,220.15234375,485.58392333984375,-1,-1,-1,-1
112,1,675.0155029296875,480.43682861328125,210.04693603515625,486.76708984375,-1,-1,-1,-1
113,1,669.6677856445312,467.5159912109375,205.08544921875,484.1317138671875,-1,-1,-1,-1
114,1,679.7852172851562,450.37689208984375,186.9454345703125,477.27069091796875,-1,-1,-1,-1
115,1,688.774658203125,440.31951904296875,173.64324951171875,466.23138427734375,-1,-1,-1,-1
116,1,695.2075805664062,434.23895263671875,168.384765625,453.21478271484375,-1,-1,-1,-1
117,1,692.3859252929688,446.9653625488281,182.13421630859375,438.4359436035156,-1,-1,-1,-1
118,1,690.9080200195312,460.9681701660156,177.68597412109375,422.1966857910156,-1,-1,-1,-1
119,1,689.03369140625,482.1638488769531,172.65277099609375,411.6537170410156,-1,-1,-1,-1
120,1,685.5120239257812,509.82635498046875,174.45379638671875,402.298583984375,-1,-1,-1,-1
121,1,683.7421875,524.0347900390625,176.62860107421875,406.5982666015625,-1,-1,-1,-1
122,1,676.1309814453125,523.5632934570312,186.43145751953125,425.34307861328125,-1,-1,-1,-1
123,1,663.4320678710938,520.300537109375,203.89178466796875,457.90631103515625,-1,-1,-1,-1
124,1,630.72216796875,519.7728271484375,246.19775390625,493.89031982421875,-1,-1,-1,-1
125,1,609.6699829101562,510.2944030761719,281.125,528.960205078125,-1,-1,-1,-1
126,1,612.7615356445312,502.6426696777344,295.63336181640625,545.60888671875,-1,-1,-1,-1
127,1,626.1720581054688,511.67242431640625,304.7652587890625,543.3032836914062,-1,-1,-1,-1
128,1,632.7337036132812,520.9069213867188,314.1669921875,537.2825317382812,-1,-1,-1,-1
129,1,625.64599609375,528.8731689453125,327.34796142578125,531.0843505859375,-1,-1,-1,-1
130,1,620.2755126953125,532.9750366210938,334.22845458984375,527.8220825195312,-1,-1,-1,-1
131,1,619.7715454101562,530.3081665039062,339.61358642578125,529.5629272460938,-1,-1,-1,-1
132,1,623.0623779296875,520.201904296875,339.70550537109375,539.7860107421875,-1,-1,-1,-1
133,1,627.5922241210938,507.9037780761719,333.61505126953125,549.02099609375,-1,-1,-1,-1
134,1,632.2468872070312,494.902099609375,325.25543212890625,558.533203125,-1,-1,-1,-1
135,1,638.3843383789062,490.0696105957031,314.8096923828125,567.6614990234375,-1,-1,-1,-1
136,1,642.2366333007812,491.20697021484375,304.8560791015625,567.8981323242188,-1,-1,-1,-1
137,1,639.1633911132812,500.7084045410156,297.3800048828125,564.202392578125,-1,-1,-1,-1
138,1,627.9528198242188,516.5181884765625,292.70465087890625,552.02294921875,-1,-1,-1,-1
139,1,623.2233276367188,532.3885498046875,285.04205322265625,462.94378662109375,-1,-1,-1,-1
140,1,598.8635864257812,545.47412109375,294.65667724609375,542.212890625,-1,-1,-1,-1
141,1,590.9528198242188,543.9237670898438,294.02069091796875,535.7459106445312,-1,-1,-1,-1
142,1,607.8587646484375,538.9819946289062,269.10736083984375,467.31085205078125,-1,-1,-1,-1
143,1,596.895263671875,524.1740112304688,271.59771728515625,548.5999145507812,-1,-1,-1,-1
144,1,612.76171875,511.2364501953125,249.6923828125,555.434326171875,-1,-1,-1,-1
145,1,636.222900390625,499.2599182128906,216.9228515625,552.1619873046875,-1,-1,-1,-1
146,1,636.7301635742188,497.5814514160156,204.9423828125,548.0638427734375,-1,-1,-1,-1
147,1,632.2730712890625,505.4130859375,202.6546630859375,539.003173828125,-1,-1,-1,-1
148,1,625.2379150390625,519.9419555664062,208.434814453125,523.6049194335938,-1,-1,-1,-1
149,1,621.5107421875,537.74072265625,206.080078125,508.58154296875,-1,-1,-1,-1
150,1,621.4546508789062,554.8614501953125,206.39898681640625,491.8453369140625,-1,-1,-1,-1
151,1,622.009521484375,567.2149658203125,208.15826416015625,482.626708984375,-1,-1,-1,-1
152,1,621.1200561523438,570.9117431640625,210.67437744140625,482.0172119140625,-1,-1,-1,-1
153,1,613.5773315429688,572.5306396484375,217.0133056640625,490.3424072265625,-1,-1,-1,-1
154,1,603.2803955078125,567.28759765625,228.495849609375,512.5218505859375,-1,-1,-1,-1
155,1,603.6412353515625,559.0219116210938,239.99285888671875,524.1478881835938,-1,-1,-1,-1
156,1,606.2958984375,548.4903564453125,250.3179931640625,528.63427734375,-1,-1,-1,-1
157,1,608.1846313476562,542.7587890625,260.89764404296875,524.1099853515625,-1,-1,-1,-1
158,1,607.7760009765625,544.079345703125,266.18701171875,512.8970947265625,-1,-1,-1,-1
159,1,606.569580078125,541.1140747070312,249.6923828125,505.95050048828125,-1,-1,-1,-1
160,1,605.6353759765625,544.0797729492188,218.3876953125,498.97442626953125,-1,-1,-1,-1
161,1,605.09033203125,548.744384765625,199.4737548828125,496.90380859375,-1,-1,-1,-1
162,1,610.1956176757812,550.2494506835938,196.720947265625,495.12310791015625,-1,-1,-1,-1
163,1,613.7149658203125,549.3734741210938,201.236083984375,493.85906982421875,-1,-1,-1,-1
164,1,618.0910034179688,549.3638305664062,185.05999755859375,494.01336669921875,-1,-1,-1,-1
165,1,619.5095825195312,549.2197265625,182.3455810546875,494.6402587890625,-1,-1,-1,-1
166,1,615.110107421875,551.248779296875,186.88519287109375,491.2261962890625,-1,-1,-1,-1
167,1,607.9568481445312,555.96923828125,180.06573486328125,485.5228271484375,-1,-1,-1,-1
168,1,597.41650390625,564.3317260742188,172.52056884765625,483.96490478515625,-1,-1,-1,-1
169,1,580.8590698242188,569.4995727539062,175.80035400390625,483.13543701171875,-1,-1,-1,-1
170,1,563.4896850585938,577.2891845703125,174.1192626953125,485.7049560546875,-1,-1,-1,-1
171,1,537.4591674804688,584.0675659179688,184.95648193359375,494.31182861328125,-1,-1,-1,-1
172,1,521.4762573242188,584.915771484375,178.8377685546875,501.9215087890625,-1,-1,-1,-1
173,1,504.3268737792969,592.3735961914062,169.55325317382812,515.1533813476562,-1,-1,-1,-1
174,1,496.383544921875,598.4356689453125,147.54052734375,520.029541015625,-1,-1,-1,-1
175,1,479.5429382324219,595.0556030273438,151.83840942382812,524.8786010742188,-1,-1,-1,-1
176,1,452.3924560546875,592.425537109375,176.686279296875,533.69140625,-1,-1,-1,-1
177,1,437.69903564453125,587.6007080078125,197.00433349609375,543.51611328125,-1,-1,-1,-1
178,1,425.9757995605469,590.8504638671875,211.35842895507812,551.40625,-1,-1,-1,-1
179,1,417.6205139160156,593.01318359375,224.37588500976562,553.1434326171875,-1,-1,-1,-1
180,1,405.4068603515625,593.001708984375,233.660888671875,555.3878173828125,-1,-1,-1,-1
181,1,395.24517822265625,592.3519897460938,235.2406005859375,559.7608032226562,-1,-1,-1,-1
182,1,388.59173583984375,594.7520141601562,229.494873046875,564.7730102539062,-1,-1,-1,-1
183,1,386.57684326171875,598.0220947265625,215.907958984375,567.8524169921875,-1,-1,-1,-1
184,1,387.9050598144531,600.959228515625,207.10592651367188,568.7142333984375,-1,-1,-1,-1
185,1,390.9064636230469,605.7117919921875,188.08609008789062,568.21875,-1,-1,-1,-1
186,1,400.657958984375,610.13525390625,237.92535400390625,562.912353515625,-1,-1,-1,-1
187,1,409.79443359375,621.8531494140625,153.5672607421875,555.5147705078125,-1,-1,-1,-1
188,1,420.4986572265625,632.175537109375,152.051513671875,548.901123046875,-1,-1,-1,-1
189,1,425.7602844238281,639.9951782226562,149.30990600585938,539.3342895507812,-1,-1,-1,-1
190,1,436.9387512207031,638.1991577148438,161.79507446289062,529.6830444335938,-1,-1,-1,-1
191,1,459.25396728515625,633.4155883789062,172.47625732421875,520.8665161132812,-1,-1,-1,-1
192,1,501.82049560546875,627.896484375,120.9298095703125,504.613525390625,-1,-1,-1,-1
193,1,543.5242919921875,617.5228271484375,125.51312255859375,479.1134033203125,-1,-1,-1,-1
194,1,578.5398559570312,619.5980834960938,110.7578125,454.30853271484375,-1,-1,-1,-1
195,1,600.874267578125,622.207763671875,116.3856201171875,431.056884765625,-1,-1,-1,-1
196,1,618.3721313476562,627.95947265625,121.44879150390625,414.8043212890625,-1,-1,-1,-1
197,1,628.8486328125,625.2174072265625,155.7220458984375,404.8408203125,-1,-1,-1,-1
198,1,640.6741333007812,617.472900390625,140.52392578125,403.0084228515625,-1,-1,-1,-1
199,1,655.9688110351562,611.083251953125,146.38653564453125,405.48126220703125,-1,-1,-1,-1
200,1,665.4768676757812,603.334228515625,137.25311279296875,410.06890869140625,-1,-1,-1,-1
201,1,668.7516479492188,599.525634765625,131.57373046875,416.1219482421875,-1,-1,-1,-1
202,1,671.9134521484375,603.572998046875,133.76373291015625,420.6259765625,-1,-1,-1,-1
203,1,676.058349609375,611.603271484375,124.44427490234375,419.9476318359375,-1,-1,-1,-1
204,1,681.5306396484375,616.3317260742188,123.83074951171875,421.66741943359375,-1,-1,-1,-1
205,1,683.56982421875,618.5139770507812,131.4586181640625,423.98773193359375,-1,-1,-1,-1
206,1,685.1627197265625,619.0750122070312,144.82275390625,430.14556884765625,-1,-1,-1,-1
207,1,685.3523559570312,615.9622802734375,135.94512939453125,437.3275146484375,-1,-1,-1,-1
208,1,689.5377807617188,615.9810180664062,139.2281494140625,445.22808837890625,-1,-1,-1,-1
209,1,686.9678344726562,620.818359375,114.58685302734375,450.7706298828125,-1,-1,-1,-1
210,1,675.7677001953125,627.5060424804688,114.0848388671875,456.44097900390625,-1,-1,-1,-1
211,1,648.7958984375,628.7006225585938,105.640625,465.52777099609375,-1,-1,-1,-1
212,1,610.237548828125,632.235107421875,106.74249267578125,470.7978515625,-1,-1,-1,-1
213,1,578.3727416992188,632.3294677734375,104.5560302734375,479.56396484375,-1,-1,-1,-1
214,1,555.3878173828125,632.7621459960938,102.62310791015625,487.46722412109375,-1,-1,-1,-1
215,1,538.3623657226562,635.0050048828125,101.75384521484375,494.0247802734375,-1,-1,-1,-1
216,1,529.6561279296875,635.327880859375,101.19970703125,498.9134521484375,-1,-1,-1,-1
217,1,521.3986206054688,633.786865234375,103.63531494140625,500.609375,-1,-1,-1,-1
218,1,514.4949951171875,636.5567626953125,101.84716796875,495.12939453125,-1,-1,-1,-1
219,1,510.06170654296875,632.6927490234375,102.77130126953125,494.8094482421875,-1,-1,-1,-1
220,1,503.8465270996094,626.702392578125,101.36477661132812,491.218994140625,-1,-1,-1,-1
221,1,494.99224853515625,627.55859375,104.23468017578125,492.9703369140625,-1,-1,-1,-1
222,1,491.0562438964844,631.2285766601562,106.08126831054688,492.48101806640625,-1,-1,-1,-1
223,1,491.7185974121094,635.8164672851562,107.05270385742188,491.39239501953125,-1,-1,-1,-1
224,1,496.80462646484375,640.7523803710938,110.36810302734375,488.03253173828125,-1,-1,-1,-1
225,1,507.6446228027344,646.0211791992188,112.40170288085938,485.13629150390625,-1,-1,-1,-1
226,1,522.2282104492188,650.01904296875,111.107666015625,482.1802978515625,-1,-1,-1,-1
227,1,540.0279541015625,655.3834228515625,111.714111328125,481.624755859375,-1,-1,-1,-1
228,1,571.7205200195312,668.1209716796875,110.3179931640625,478.1533203125,-1,-1,-1,-1
229,1,622.3898315429688,674.7804565429688,111.59466552734375,473.32757568359375,-1,-1,-1,-1
230,1,676.2481689453125,666.6270141601562,111.3624267578125,466.13946533203125,-1,-1,-1,-1
231,1,704.2858276367188,648.8388061523438,119.1441650390625,458.37518310546875,-1,-1,-1,-1
232,1,714.1804809570312,635.0462036132812,124.55474853515625,450.34417724609375,-1,-1,-1,-1
233,1,717.2765502929688,627.0236206054688,144.2138671875,441.09893798828125,-1,-1,-1,-1
234,1,723.4962768554688,619.7802124023438,134.79327392578125,435.46258544921875,-1,-1,-1,-1
235,1,725.2998657226562,616.1475830078125,130.37353515625,433.5726318359375,-1,-1,-1,-1
236,1,727.015869140625,613.6161499023438,124.67230224609375,437.45147705078125,-1,-1,-1,-1
237,1,724.3119506835938,598.835693359375,127.46319580078125,443.49169921875,-1,-1,-1,-1
238,1,716.0130004882812,581.6301879882812,139.83441162109375,452.62335205078125,-1,-1,-1,-1
239,1,701.6239013671875,572.4756469726562,154.96875,464.12103271484375,-1,-1,-1,-1
240,1,686.2023315429688,570.2166137695312,160.07672119140625,465.82598876953125,-1,-1,-1,-1
241,1,675.4835815429688,565.8635864257812,168.10595703125,471.38909912109375,-1,-1,-1,-1
242,1,671.765380859375,559.891845703125,174.517822265625,475.6923828125,-1,-1,-1,-1
243,1,682.1304931640625,555.6007690429688,166.22674560546875,474.60455322265625,-1,-1,-1,-1
244,1,688.86181640625,552.4896240234375,158.17413330078125,480.231201171875,-1,-1,-1,-1
245,1,686.559326171875,555.7319946289062,162.5054931640625,493.95697021484375,-1,-1,-1,-1
246,1,689.7975463867188,552.1587524414062,170.907470703125,522.9771118164062,-1,-1,-1,-1
247,1,697.1039428710938,541.045166015625,177.0699462890625,556.8701171875,-1,-1,-1,-1
248,1,692.1744995117188,518.1951293945312,176.439208984375,584.8712768554688,-1,-1,-1,-1
249,1,694.98388671875,505.18621826171875,178.6363525390625,612.4713745117188,-1,-1,-1,-1
250,1,690.4312744140625,496.83612060546875,214.9683837890625,635.4255981445312,-1,-1,-1,-1
251,1,673.5265502929688,500.65313720703125,202.579833984375,656.5559692382812,-1,-1,-1,-1
252,1,659.80322265625,526.073486328125,208.55517578125,665.4468994140625,-1,-1,-1,-1
253,1,654.810546875,550.0509033203125,215.709716796875,673.8065185546875,-1,-1,-1,-1
254,1,659.489013671875,564.8737182617188,211.9473876953125,638.5715942382812,-1,-1,-1,-1
255,1,674.2332153320312,556.162353515625,198.42327880859375,613.553955078125,-1,-1,-1,-1
256,1,688.0514526367188,546.7896728515625,184.4779052734375,602.704833984375,-1,-1,-1,-1
257,1,697.5829467773438,531.376220703125,177.84979248046875,604.52001953125,-1,-1,-1,-1
258,1,698.9570922851562,514.011474609375,173.1610107421875,612.443603515625,-1,-1,-1,-1
259,1,694.1427001953125,516.9678955078125,165.91436767578125,598.7552490234375,-1,-1,-1,-1
260,1,690.5811767578125,521.8656005859375,163.04931640625,561.42919921875,-1,-1,-1,-1
261,1,693.6324462890625,528.684326171875,160.760986328125,522.0947265625,-1,-1,-1,-1
262,1,698.716552734375,540.8924560546875,159.19000244140625,484.72723388671875,-1,-1,-1,-1
263,1,701.40380859375,548.046875,155.9708251953125,466.56005859375,-1,-1,-1,-1
264,1,702.2317504882812,549.2828369140625,154.59478759765625,464.26220703125,-1,-1,-1,-1
265,1,706.2237548828125,530.7550659179688,155.130615234375,465.6622314453125,-1,-1,-1,-1
266,1,715.9732055664062,519.956298828125,154.50372314453125,476.92333984375,-1,-1,-1,-1
267,1,721.1593627929688,533.8389892578125,156.54302978515625,495.6981201171875,-1,-1,-1,-1
268,1,722.4602661132812,543.9619140625,162.398681640625,502.89013671875,-1,-1,-1,-1
269,1,719.8173217773438,560.458984375,170.705078125,496.3033447265625,-1,-1,-1,-1
270,1,719.837158203125,572.3026123046875,183.490478515625,489.1527099609375,-1,-1,-1,-1
271,1,718.564697265625,571.8814086914062,191.326416015625,484.23138427734375,-1,-1,-1,-1
272,1,720.0869750976562,565.4677734375,193.42852783203125,485.4876708984375,-1,-1,-1,-1
273,1,726.0575561523438,550.2720336914062,192.818359375,490.69549560546875,-1,-1,-1,-1
274,1,721.2215576171875,530.7216796875,199.5850830078125,493.62396240234375,-1,-1,-1,-1
275,1,706.0679931640625,531.3582763671875,251.30169677734375,491.873779296875,-1,-1,-1,-1
276,1,689.0699462890625,539.1677856445312,291.763916015625,480.91900634765625,-1,-1,-1,-1
277,1,678.3436279296875,558.790283203125,305.73284912109375,468.1973876953125,-1,-1,-1,-1
278,1,667.9842529296875,577.1766967773438,305.45526123046875,452.93841552734375,-1,-1,-1,-1
279,1,667.56982421875,583.6602783203125,294.446533203125,442.03729248046875,-1,-1,-1,-1
280,1,677.3268432617188,587.1195068359375,277.45733642578125,436.35919189453125,-1,-1,-1,-1
281,1,688.511474609375,577.970947265625,267.665771484375,441.399658203125,-1,-1,-1,-1
282,1,697.5232543945312,555.3807373046875,264.37005615234375,454.2559814453125,-1,-1,-1,-1
283,1,701.7172241210938,536.1712646484375,254.22821044921875,456.9737548828125,-1,-1,-1,-1
284,1,702.7280883789062,535.3399047851562,250.78472900390625,459.42889404296875,-1,-1,-1,-1
285,1,708.8548583984375,553.40087890625,254.191162109375,458.76019287109375,-1,-1,-1,-1
286,1,708.5606689453125,566.2864379882812,257.0269775390625,450.38970947265625,-1,-1,-1,-1
287,1,706.8610229492188,563.324951171875,259.77490234375,445.1114501953125,-1,-1,-1,-1
288,1,718.3087158203125,564.7067260742188,263.30712890625,445.71173095703125,-1,-1,-1,-1
289,1,739.0440673828125,565.3340454101562,265.10125732421875,450.56170654296875,-1,-1,-1,-1
290,1,755.6331176757812,557.113525390625,270.48992919921875,454.7420654296875,-1,-1,-1,-1
291,1,758.517578125,534.6956787109375,259.49615478515625,460.542236328125,-1,-1,-1,-1
292,1,753.397216796875,521.8495483398438,238.682861328125,470.7374267578125,-1,-1,-1,-1
293,1,746.3551025390625,530.1653442382812,223.7410888671875,481.73492431640625,-1,-1,-1,-1
294,1,746.9169921875,542.4939575195312,205.6900634765625,495.65570068359375,-1,-1,-1,-1
295,1,745.3662719726562,539.385009765625,213.20843505859375,515.2659912109375,-1,-1,-1,-1
296,1,741.7073364257812,529.226318359375,222.78936767578125,538.83740234375,-1,-1,-1,-1
297,1,735.2307739257812,526.734375,226.2789306640625,566.1656494140625,-1,-1,-1,-1
298,1,731.90966796875,521.2744750976562,229.2767333984375,585.9103393554688,-1,-1,-1,-1
299,1,731.3101196289062,501.947998046875,231.49359130859375,591.108154296875,-1,-1,-1,-1
300,1,727.9330444335938,498.2264404296875,231.3330078125,590.6500244140625,-1,-1,-1,-1
301,1,728.6097412109375,505.6035461425781,229.881103515625,592.0091552734375,-1,-1,-1,-1
302,1,720.4799194335938,502.5328369140625,228.66552734375,591.93408203125,-1,-1,-1,-1
303,1,719.4466552734375,488.1578674316406,229.421875,597.4134521484375,-1,-1,-1,-1
304,1,724.2874145507812,471.9199523925781,228.9205322265625,602.7415771484375,-1,-1,-1,-1
305,1,733.8258056640625,462.3372497558594,225.3514404296875,608.999267578125,-1,-1,-1,-1
306,1,755.4891357421875,451.72222900390625,224.28240966796875,617.6261596679688,-1,-1,-1,-1
307,1,785.8067016601562,444.3803405761719,228.4591064453125,656.0792236328125,-1,-1,-1,-1
308,1,792.3994140625,375.12591552734375,244.0035400390625,728.4102172851562,-1,-1,-1,-1
309,1,799.5184936523438,283.895751953125,291.77557373046875,841.110107421875,-1,-1,-1,-1
310,1,794.3977661132812,238.59872436523438,351.91607666015625,886.46142578125,-1,-1,-1,-1
311,1,765.632080078125,252.0367431640625,394.8192138671875,942.0931396484375,-1,-1,-1,-1
312,1,697.34130859375,298.15673828125,378.572021484375,904.6707763671875,-1,-1,-1,-1
313,1,638.5180053710938,392.1049499511719,495.64910888671875,836.510009765625,-1,-1,-1,-1
314,1,599.4835815429688,436.5423278808594,596.4849243164062,764.7615966796875,-1,-1,-1,-1
315,1,595.5390625,442.0950622558594,600.326904296875,708.53662109375,-1,-1,-1,-1
316,1,636.9175415039062,458.8547668457031,490.00018310546875,663.79248046875,-1,-1,-1,-1
317,1,691.4548950195312,464.1554870605469,376.88128662109375,629.728271484375,-1,-1,-1,-1
318,1,762.1820678710938,422.6295166015625,281.21014404296875,615.78564453125,-1,-1,-1,-1
319,1,761.199951171875,410.7470703125,416.0848388671875,606.7156982421875,-1,-1,-1,-1
320,1,715.6558837890625,409.978271484375,527.9901123046875,567.3895263671875,-1,-1,-1,-1
321,1,694.537353515625,417.0909118652344,476.07666015625,539.765625,-1,-1,-1,-1
322,1,690.4581298828125,440.53216552734375,397.56982421875,521.799072265625,-1,-1,-1,-1
323,1,696.3344116210938,480.3172607421875,324.509033203125,558.2099609375,-1,-1,-1,-1
324,1,736.514892578125,508.77459716796875,263.090576171875,615.6371459960938,-1,-1,-1,-1
325,1,776.4937133789062,517.7078857421875,322.26458740234375,623.9339599609375,-1,-1,-1,-1
326,1,801.5438842773438,502.51824951171875,312.78582763671875,590.0530395507812,-1,-1,-1,-1
327,1,830.0547485351562,501.33038330078125,259.20306396484375,575.5841674804688,-1,-1,-1,-1
328,1,845.0291748046875,476.55865478515625,245.9732666015625,577.0468139648438,-1,-1,-1,-1
329,1,863.0816040039062,460.17584228515625,249.54168701171875,595.3511352539062,-1,-1,-1,-1
330,1,868.1358642578125,437.5664367675781,254.76220703125,612.1356201171875,-1,-1,-1,-1
331,1,871.4891967773438,414.2657165527344,272.24969482421875,633.365234375,-1,-1,-1,-1
332,1,915.9559326171875,398.8556213378906,251.6063232421875,501.7160949707031,-1,-1,-1,-1
333,1,927.2730712890625,395.3249206542969,248.99853515625,514.8560791015625,-1,-1,-1,-1
334,1,937.3431396484375,412.1283264160156,254.583251953125,515.4356689453125,-1,-1,-1,-1
335,1,912.4785766601562,429.0552673339844,286.96881103515625,535.256103515625,-1,-1,-1,-1
336,1,898.7845458984375,435.67779541015625,293.6800537109375,514.7234497070312,-1,-1,-1,-1
337,1,896.5466918945312,426.39013671875,284.01470947265625,498.879150390625,-1,-1,-1,-1
338,1,898.7705078125,415.6256408691406,262.7674560546875,504.0422058105469,-1,-1,-1,-1
339,1,910.451416015625,407.70166015625,232.17626953125,514.4974365234375,-1,-1,-1,-1
340,1,919.7186889648438,401.38531494140625,208.26531982421875,519.5905151367188,-1,-1,-1,-1
341,1,920.0809326171875,394.8127136230469,204.1669921875,524.6712646484375,-1,-1,-1,-1
342,1,907.0735473632812,389.71868896484375,208.72174072265625,526.0879516601562,-1,-1,-1,-1
343,1,891.2958984375,399.22406005859375,205.2821044921875,522.02783203125,-1,-1,-1,-1
344,1,868.587158203125,408.3643798828125,201.5245361328125,514.6824951171875,-1,-1,-1,-1
345,1,848.0853271484375,432.41644287109375,194.980224609375,504.97601318359375,-1,-1,-1,-1
346,1,827.097412109375,449.7075500488281,187.1962890625,495.3914489746094,-1,-1,-1,-1
347,1,798.7396240234375,454.8944396972656,186.58233642578125,481.3921203613281,-1,-1,-1,-1
348,1,797.6205444335938,449.6058044433594,172.61285400390625,475.0841369628906,-1,-1,-1,-1
349,1,777.8219604492188,441.6860656738281,181.4754638671875,468.4289855957031,-1,-1,-1,-1
350,1,770.8207397460938,437.57391357421875,183.92974853515625,456.511962890625,-1,-1,-1,-1
351,1,764.0133666992188,436.82708740234375,189.68756103515625,445.9853515625,-1,-1,-1,-1
352,1,745.3501586914062,439.0999755859375,206.11956787109375,435.9476318359375,-1,-1,-1,-1
353,1,742.3087158203125,447.3079833984375,205.92315673828125,425.591552734375,-1,-1,-1,-1
354,1,747.641845703125,453.3116455078125,210.6212158203125,423.24139404296875,-1,-1,-1,-1
355,1,734.558837890625,460.4901428222656,213.98046875,421.5900573730469,-1,-1,-1,-1
356,1,728.7468872070312,466.75054931640625,205.60992431640625,419.70391845703125,-1,-1,-1,-1
357,1,725.514404296875,470.9753112792969,194.67626953125,424.2832946777344,-1,-1,-1,-1
358,1,732.1905517578125,481.9765319824219,182.8870849609375,432.0281066894531,-1,-1,-1,-1
359,1,731.0878295898438,487.7348937988281,182.4149169921875,445.5782165527344,-1,-1,-1,-1
360,1,737.0392456054688,480.70379638671875,177.110107421875,464.95892333984375,-1,-1,-1,-1
361,1,741.3305053710938,478.6914367675781,175.822021484375,487.0475769042969,-1,-1,-1,-1
362,1,753.232666015625,482.0325622558594,175.68609619140625,504.2899475097656,-1,-1,-1,-1
363,1,768.9021606445312,476.6999816894531,190.57696533203125,517.6007080078125,-1,-1,-1,-1
364,1,810.8087158203125,463.8911437988281,193.07684326171875,517.9267578125,-1,-1,-1,-1
365,1,846.019775390625,464.0058288574219,197.287109375,510.8310852050781,-1,-1,-1,-1
366,1,836.392822265625,459.3876953125,201.649169921875,505.4302978515625,-1,-1,-1,-1
367,1,795.9410400390625,460.44775390625,204.6334228515625,521.3657836914062,-1,-1,-1,-1
368,1,760.78466796875,473.3340759277344,215.57672119140625,549.4591064453125,-1,-1,-1,-1
369,1,744.4108276367188,485.61212158203125,237.3084716796875,578.9728393554688,-1,-1,-1,-1
370,1,734.623779296875,499.2593994140625,264.3179931640625,579.9398193359375,-1,-1,-1,-1
371,1,726.4244384765625,511.32733154296875,265.25933837890625,578.4973754882812,-1,-1,-1,-1
372,1,717.4197998046875,492.7290954589844,253.5595703125,575.0767822265625,-1,-1,-1,-1
373,1,712.0040893554688,473.0982360839844,256.80133056640625,576.420166015625,-1,-1,-1,-1
374,1,706.4475708007812,465.5929870605469,250.32501220703125,583.0244140625,-1,-1,-1,-1
375,1,703.6455688476562,452.394775390625,242.9261474609375,596.1781005859375,-1,-1,-1,-1
376,1,705.4267578125,445.35552978515625,237.7869873046875,591.3209838867188,-1,-1,-1,-1
377,1,702.2994995117188,432.7538146972656,242.21197509765625,578.89404296875,-1,-1,-1,-1
378,1,698.490478515625,429.1882019042969,247.83416748046875,556.2098388671875,-1,-1,-1,-1
379,1,691.9208984375,439.5887145996094,256.9617919921875,536.7603759765625,-1,-1,-1,-1
380,1,683.7400512695312,436.9319763183594,257.67547607421875,518.607421875,-1,-1,-1,-1
381,1,668.7363891601562,441.2547912597656,258.06121826171875,500.0033874511719,-1,-1,-1,-1
382,1,667.9965209960938,470.09027099609375,254.3504638671875,487.6981201171875,-1,-1,-1,-1
383,1,673.8099975585938,480.0063171386719,246.081787109375,490.3182067871094,-1,-1,-1,-1
384,1,681.7159423828125,464.81793212890625,229.726318359375,501.8763427734375,-1,-1,-1,-1
385,1,678.8880004882812,453.7696838378906,225.25677490234375,510.6313781738281,-1,-1,-1,-1
386,1,680.8783569335938,453.4960632324219,225.93988037109375,522.2213134765625,-1,-1,-1,-1
387,1,684.7634887695312,458.3504638671875,238.802978515625,533.16259765625,-1,-1,-1,-1
388,1,685.6441650390625,459.0898742675781,240.31884765625,520.6783447265625,-1,-1,-1,-1
389,1,680.9833374023438,465.04864501953125,228.41900634765625,500.47784423828125,-1,-1,-1,-1
390,1,678.3048706054688,472.0816650390625,220.87591552734375,478.551513671875,-1,-1,-1,-1
391,1,676.3442993164062,469.9267883300781,213.41668701171875,462.7308654785156,-1,-1,-1,-1
392,1,676.806884765625,459.25457763671875,206.2506103515625,458.0137939453125,-1,-1,-1,-1
393,1,673.4341430664062,455.02813720703125,203.96258544921875,457.5123291015625,-1,-1,-1,-1
394,1,667.408203125,452.3537292480469,202.228515625,458.0687561035156,-1,-1,-1,-1
395,1,666.6779174804688,453.29351806640625,193.64739990234375,450.9168701171875,-1,-1,-1,-1
396,1,667.5505981445312,461.3516540527344,179.471923828125,428.4053039550781,-1,-1,-1,-1
397,1,669.609619140625,483.6231689453125,169.31597900390625,406.139404296875,-1,-1,-1,-1
398,1,666.6666870117188,506.385986328125,168.95928955078125,390.16180419921875,-1,-1,-1,-1
399,1,663.3572998046875,525.4461669921875,175.208740234375,382.14556884765625,-1,-1,-1,-1
400,1,658.9180908203125,536.568359375,178.4046630859375,380.64990234375,-1,-1,-1,-1
401,1,656.973876953125,533.6170043945312,181.32861328125,391.55767822265625,-1,-1,-1,-1
402,1,659.054931640625,527.6776123046875,183.51409912109375,418.374267578125,-1,-1,-1,-1
403,1,660.0781860351562,513.8635864257812,191.327392578125,458.6610107421875,-1,-1,-1,-1
404,1,662.177001953125,508.11962890625,200.7945556640625,494.40478515625,-1,-1,-1,-1
405,1,666.4545288085938,513.7771606445312,213.28887939453125,519.5618286132812,-1,-1,-1,-1
406,1,667.8305053710938,522.0117797851562,225.17401123046875,523.6901245117188,-1,-1,-1,-1
407,1,665.802734375,523.8218994140625,231.31011962890625,521.7420654296875,-1,-1,-1,-1
408,1,668.0084228515625,517.842041015625,228.391845703125,524.3253173828125,-1,-1,-1,-1
409,1,673.8652954101562,511.31585693359375,232.95953369140625,535.0657348632812,-1,-1,-1,-1
410,1,673.9205322265625,495.0601806640625,238.11553955078125,551.0543212890625,-1,-1,-1,-1
411,1,668.9010620117188,479.27728271484375,243.6302490234375,570.7614135742188,-1,-1,-1,-1
412,1,669.9691772460938,472.69598388671875,241.13104248046875,580.5402221679688,-1,-1,-1,-1
413,1,671.3294677734375,471.201171875,238.953857421875,560.118408203125,-1,-1,-1,-1
414,1,662.6428833007812,475.4595947265625,243.7344970703125,534.3052978515625,-1,-1,-1,-1
415,1,658.0263671875,500.52825927734375,249.422119140625,506.427978515625,-1,-1,-1,-1
416,1,658.9583740234375,525.1036987304688,252.75384521484375,482.66644287109375,-1,-1,-1,-1
417,1,663.2899169921875,545.479248046875,254.8154296875,462.663818359375,-1,-1,-1,-1
418,1,658.2210693359375,555.2869873046875,255.39947509765625,455.3905029296875,-1,-1,-1,-1
419,1,650.4342651367188,559.6293334960938,255.27862548828125,457.23785400390625,-1,-1,-1,-1
420,1,652.4241943359375,554.2919311523438,257.6568603515625,471.57684326171875,-1,-1,-1,-1
421,1,651.143310546875,546.4801635742188,271.76690673828125,496.03887939453125,-1,-1,-1,-1
422,1,631.2051391601562,528.0209350585938,292.48370361328125,522.5042114257812,-1,-1,-1,-1
423,1,625.9075927734375,523.5597534179688,289.3448486328125,527.9738159179688,-1,-1,-1,-1
424,1,657.7251586914062,531.3211669921875,249.63580322265625,525.3607177734375,-1,-1,-1,-1
425,1,672.2666015625,526.642333984375,234.19915771484375,525.3504638671875,-1,-1,-1,-1
426,1,683.4741821289062,512.002685546875,225.91033935546875,525.201416015625,-1,-1,-1,-1
427,1,687.786865234375,490.7542724609375,209.04937744140625,533.777587890625,-1,-1,-1,-1
428,1,685.3687133789062,483.30474853515625,197.66046142578125,541.8434448242188,-1,-1,-1,-1
429,1,679.250244140625,486.9507141113281,194.29571533203125,550.36572265625,-1,-1,-1,-1
430,1,671.8796997070312,492.07525634765625,193.640625,549.9348754882812,-1,-1,-1,-1
431,1,666.6590576171875,510.75897216796875,198.080322265625,565.3743286132812,-1,-1,-1,-1
432,1,664.0950317382812,529.1823120117188,237.68609619140625,577.9649047851562,-1,-1,-1,-1
433,1,666.0193481445312,538.1170654296875,273.29095458984375,581.6142578125,-1,-1,-1,-1
434,1,665.422607421875,546.89990234375,299.2818603515625,582.5457763671875,-1,-1,-1,-1
435,1,665.4610595703125,550.0709838867188,305.58782958984375,573.8825073242188,-1,-1,-1,-1
436,1,667.0223388671875,551.4427490234375,298.298095703125,568.5458984375,-1,-1,-1,-1
437,1,666.4921875,545.3392333984375,287.66888427734375,566.3502197265625,-1,-1,-1,-1
438,1,663.4546508789062,536.6953735351562,279.71173095703125,564.0033569335938,-1,-1,-1,-1
439,1,657.539306640625,530.4713134765625,278.42071533203125,560.6494140625,-1,-1,-1,-1
440,1,655.2685546875,534.9979858398438,275.858642578125,550.8112182617188,-1,-1,-1,-1
441,1,647.5870971679688,547.6251220703125,281.18035888671875,533.962890625,-1,-1,-1,-1
442,1,640.404052734375,557.822509765625,283.4117431640625,518.083251953125,-1,-1,-1,-1
443,1,638.7999877929688,572.195068359375,280.68377685546875,502.009521484375,-1,-1,-1,-1
444,1,635.5999755859375,592.3140869140625,280.273681640625,490.3118896484375,-1,-1,-1,-1
445,1,637.3571166992188,607.9457397460938,281.7515869140625,482.34942626953125,-1,-1,-1,-1
446,1,633.1900024414062,617.7168579101562,284.74530029296875,479.69097900390625,-1,-1,-1,-1
447,1,632.9425048828125,621.4567260742188,288.33087158203125,481.53570556640625,-1,-1,-1,-1
448,1,637.437255859375,622.7588500976562,293.2962646484375,485.67218017578125,-1,-1,-1,-1
449,1,646.9772338867188,620.4240112304688,295.57763671875,501.78057861328125,-1,-1,-1,-1
450,1,651.925537109375,604.0203247070312,294.68804931640625,523.4120483398438,-1,-1,-1,-1
451,1,644.250732421875,576.9046020507812,298.3079833984375,545.6961059570312,-1,-1,-1,-1
452,1,658.0581665039062,557.1216430664062,284.50274658203125,565.6486206054688,-1,-1,-1,-1
453,1,677.3776245117188,541.6001586914062,263.12872314453125,580.9804077148438,-1,-1,-1,-1
454,1,678.1250610351562,527.2674560546875,253.91357421875,585.579345703125,-1,-1,-1,-1
455,1,678.486572265625,522.898681640625,258.982666015625,588.4427490234375,-1,-1,-1,-1
456,1,686.8131713867188,524.777587890625,286.534423828125,586.3775634765625,-1,-1,-1,-1
457,1,704.3160400390625,510.429443359375,312.2034912109375,574.6669921875,-1,-1,-1,-1
458,1,724.0203247070312,486.3923645019531,315.04461669921875,569.4566650390625,-1,-1,-1,-1
459,1,743.8153076171875,552.6755981445312,320.8563232421875,469.31591796875,-1,-1,-1,-1
460,1,710.91943359375,459.2666015625,309.948486328125,550.879638671875,-1,-1,-1,-1
461,1,667.8973388671875,457.4822082519531,323.73992919921875,549.974853515625,-1,-1,-1,-1
462,1,653.572509765625,445.45751953125,304.14385986328125,548.5108032226562,-1,-1,-1,-1
463,1,657.1100463867188,433.48419189453125,276.821044921875,551.0430908203125,-1,-1,-1,-1
464,1,663.3939208984375,436.6205749511719,248.80364990234375,555.8084716796875,-1,-1,-1,-1
465,1,671.1459350585938,456.3849182128906,239.75030517578125,569.4559326171875,-1,-1,-1,-1
466,1,666.1767578125,481.5950622558594,245.5487060546875,576.79345703125,-1,-1,-1,-1
467,1,645.0523681640625,484.69232177734375,250.47021484375,563.5595092773438,-1,-1,-1,-1
468,1,621.8848266601562,507.99853515625,254.88104248046875,534.1182861328125,-1,-1,-1,-1
469,1,597.9408569335938,550.5859985351562,266.6448974609375,507.67974853515625,-1,-1,-1,-1
470,1,584.0943603515625,584.2853393554688,272.78460693359375,486.49505615234375,-1,-1,-1,-1
471,1,581.6694946289062,592.1402587890625,263.7305908203125,476.7806396484375,-1,-1,-1,-1
472,1,577.7769775390625,593.1868896484375,270.0489501953125,471.9862060546875,-1,-1,-1,-1
473,1,594.4994506835938,591.7500610351562,256.74224853515625,474.06878662109375,-1,-1,-1,-1
474,1,602.1719360351562,601.95654296875,250.5379638671875,483.1929931640625,-1,-1,-1,-1
475,1,583.3033447265625,608.4523315429688,242.44696044921875,491.32684326171875,-1,-1,-1,-1
476,1,573.3124389648438,609.2870483398438,251.93212890625,490.97247314453125,-1,-1,-1,-1
477,1,592.3848266601562,622.2591552734375,245.63629150390625,487.757080078125,-1,-1,-1,-1
478,1,616.5311279296875,634.4752807617188,241.74786376953125,481.61700439453125,-1,-1,-1,-1
479,1,615.639404296875,638.3261108398438,262.7337646484375,483.43804931640625,-1,-1,-1,-1
480,1,603.0062255859375,634.8253784179688,292.5003662109375,497.11114501953125,-1,-1,-1,-1
481,1,599.7822265625,620.4500732421875,291.83587646484375,512.517822265625,-1,-1,-1,-1
482,1,596.8457641601562,606.234619140625,270.6806640625,526.5335693359375,-1,-1,-1,-1
483,1,598.1369018554688,608.573486328125,251.09564208984375,536.3699951171875,-1,-1,-1,-1
484,1,595.2702026367188,597.5425415039062,226.1453857421875,555.1206665039062,-1,-1,-1,-1
485,1,609.5516357421875,565.2418212890625,211.86962890625,572.4307861328125,-1,-1,-1,-1
486,1,594.544189453125,557.8098754882812,233.95166015625,577.6364135742188,-1,-1,-1,-1
487,1,578.6544799804688,557.0934448242188,263.28765869140625,582.1823120117188,-1,-1,-1,-1
488,1,589.3872680664062,553.0220336914062,264.12066650390625,581.5043334960938,-1,-1,-1,-1
489,1,599.4180908203125,549.0944213867188,268.41851806640625,591.3584594726562,-1,-1,-1,-1
490,1,599.7747192382812,552.516357421875,253.10943603515625,602.47900390625,-1,-1,-1,-1
491,1,589.1123657226562,546.6996459960938,238.26470947265625,609.3246459960938,-1,-1,-1,-1
492,1,563.7343139648438,557.576416015625,254.69500732421875,637.99951171875,-1,-1,-1,-1
493,1,533.4281005859375,554.4796752929688,299.18310546875,656.1546020507812,-1,-1,-1,-1
494,1,545.447021484375,547.7852172851562,314.46685791015625,664.4215698242188,-1,-1,-1,-1
495,1,559.66064453125,555.1586303710938,312.761962890625,653.9457397460938,-1,-1,-1,-1
496,1,542.1779174804688,550.00048828125,315.44677734375,640.7379150390625,-1,-1,-1,-1
497,1,535.2066650390625,537.08837890625,268.564453125,616.829345703125,-1,-1,-1,-1
498,1,537.5635986328125,536.2376098632812,260.41729736328125,618.5435180664062,-1,-1,-1,-1
499,1,530.7147216796875,539.9359130859375,269.42315673828125,632.9512939453125,-1,-1,-1,-1
500,1,520.6949462890625,540.6856689453125,284.21435546875,631.720458984375,-1,-1,-1,-1
501,1,534.7717895507812,541.2979736328125,291.53759765625,628.893798828125,-1,-1,-1,-1
502,1,539.1068725585938,537.9010620117188,293.05389404296875,625.3782348632812,-1,-1,-1,-1
503,1,546.1642456054688,522.8607788085938,301.2828369140625,630.1078491210938,-1,-1,-1,-1
504,1,525.292236328125,552.5797729492188,343.36767578125,630.4880981445312,-1,-1,-1,-1
505,1,576.7088623046875,595.8101196289062,332.3211669921875,570.2095336914062,-1,-1,-1,-1
506,1,601.7811279296875,659.1346435546875,363.635498046875,623.9439697265625,-1,-1,-1,-1
507,1,671.023681640625,683.1219482421875,411.9649658203125,631.081787109375,-1,-1,-1,-1
508,1,686.3128051757812,590.4054565429688,468.51995849609375,786.2308959960938,-1,-1,-1,-1
509,1,752.625,495.7956848144531,581.814453125,829.06298828125,-1,-1,-1,-1
510,1,757.8028564453125,438.14617919921875,641.0445556640625,902.9524536132812,-1,-1,-1,-1
511,1,669.3344116210938,468.7806396484375,697.1751098632812,940.1063232421875,-1,-1,-1,-1
512,1,649.0462646484375,511.7308044433594,673.790283203125,897.8336181640625,-1,-1,-1,-1
513,1,633.6137084960938,551.9930419921875,606.9963989257812,857.132080078125,-1,-1,-1,-1
514,1,655.374267578125,544.13427734375,542.3817138671875,861.202392578125,-1,-1,-1,-1
515,1,632.6429443359375,548.2404174804688,550.1141357421875,850.5064086914062,-1,-1,-1,-1
516,1,627.331787109375,537.30419921875,547.0692138671875,862.543212890625,-1,-1,-1,-1
517,1,611.6043090820312,507.01519775390625,553.2422485351562,890.2200317382812,-1,-1,-1,-1
518,1,601.874267578125,441.2072448730469,555.1231689453125,936.0419921875,-1,-1,-1,-1
519,1,594.6056518554688,371.97100830078125,545.2979125976562,974.9274291992188,-1,-1,-1,-1
520,1,591.6061401367188,338.13360595703125,586.6682739257812,998.7213745117188,-1,-1,-1,-1
521,1,582.7485961914062,309.7862243652344,664.3814086914062,1010.3814697265625,-1,-1,-1,-1
522,1,576.5552978515625,277.384521484375,724.2196044921875,1007.28173828125,-1,-1,-1,-1
523,1,569.4119262695312,276.35986328125,761.3756713867188,1012.2113037109375,-1,-1,-1,-1
524,1,548.541015625,268.6856994628906,806.26611328125,1137.866455078125,-1,-1,-1,-1
525,1,526.4786376953125,261.60174560546875,830.0919189453125,1147.227294921875,-1,-1,-1,-1
526,1,524.7837524414062,253.0263214111328,796.7227172851562,1156.8446044921875,-1,-1,-1,-1
527,1,540.4325561523438,248.40830993652344,706.9740600585938,1159.0950927734375,-1,-1,-1,-1
528,1,554.1309204101562,253.42416381835938,609.7841186523438,1056.1112060546875,-1,-1,-1,-1
529,1,564.1148071289062,270.29339599609375,529.7455444335938,1038.964111328125,-1,-1,-1,-1
530,1,547.1558227539062,295.32952880859375,541.4419555664062,1014.4861450195312,-1,-1,-1,-1
531,1,522.434814453125,325.5426330566406,556.979248046875,972.46435546875,-1,-1,-1,-1
532,1,509.52618408203125,355.1032409667969,570.0639038085938,925.03857421875,-1,-1,-1,-1
533,1,496.1312561035156,414.91650390625,576.11279296875,830.7799072265625,-1,-1,-1,-1
534,1,498.54473876953125,449.9345703125,567.9657592773438,774.028564453125,-1,-1,-1,-1
535,1,507.4588928222656,504.2061767578125,558.7137451171875,713.2781982421875,-1,-1,-1,-1
536,1,516.574462890625,534.1388549804688,550.7821044921875,684.8796997070312,-1,-1,-1,-1
537,1,512.2410278320312,553.2484130859375,551.7902221679688,659.7515869140625,-1,-1,-1,-1
538,1,523.1607055664062,570.1405029296875,535.0664672851562,635.1331787109375,-1,-1,-1,-1
539,1,546.89453125,587.88134765625,508.8309326171875,615.58251953125,-1,-1,-1,-1
540,1,544.610595703125,607.415283203125,502.3648681640625,597.88037109375,-1,-1,-1,-1
541,1,560.1594848632812,620.3484497070312,481.04754638671875,584.7202758789062,-1,-1,-1,-1
542,1,570.185791015625,594.9944458007812,471.32421875,569.6879272460938,-1,-1,-1,-1
543,1,583.5204467773438,561.0404052734375,457.41790771484375,560.70654296875,-1,-1,-1,-1
544,1,586.9920654296875,549.4168090820312,450.463623046875,567.9882202148438,-1,-1,-1,-1
545,1,587.5659790039062,537.0673217773438,445.02081298828125,592.9497680664062,-1,-1,-1,-1
546,1,595.0491333007812,511.4050598144531,433.45635986328125,625.18603515625,-1,-1,-1,-1
547,1,597.4700927734375,468.838623046875,415.226318359375,663.783935546875,-1,-1,-1,-1
548,1,602.7315063476562,402.5458984375,390.0283203125,701.467041015625,-1,-1,-1,-1
549,1,605.4609375,372.80902099609375,361.6444091796875,683.6878051757812,-1,-1,-1,-1
550,1,614.724365234375,368.4393005371094,324.8228759765625,659.9866943359375,-1,-1,-1,-1
551,1,618.635498046875,374.83294677734375,285.9561767578125,632.802490234375,-1,-1,-1,-1
552,1,620.573486328125,382.7994079589844,246.29248046875,604.738037109375,-1,-1,-1,-1
553,1,628.6487426757812,364.4226379394531,219.6107177734375,587.84521484375,-1,-1,-1,-1
554,1,619.032470703125,354.7535705566406,225.84619140625,567.14697265625,-1,-1,-1,-1
555,1,595.3433837890625,353.6319580078125,247.197021484375,552.3865966796875,-1,-1,-1,-1
556,1,590.5515747070312,357.28765869140625,248.30242919921875,553.5647583007812,-1,-1,-1,-1
557,1,598.84912109375,359.04559326171875,244.50811767578125,552.8123168945312,-1,-1,-1,-1
558,1,621.5211791992188,354.0107727050781,227.15289306640625,557.4337158203125,-1,-1,-1,-1
559,1,643.17236328125,365.37689208984375,218.18634033203125,546.7957153320312,-1,-1,-1,-1
560,1,662.3713989257812,360.59686279296875,214.316162109375,537.0026245117188,-1,-1,-1,-1
561,1,640.9777221679688,353.59967041015625,243.89984130859375,525.6619262695312,-1,-1,-1,-1
562,1,615.8455200195312,365.45867919921875,272.91571044921875,511.47528076171875,-1,-1,-1,-1
563,1,611.8142700195312,375.55206298828125,266.3599853515625,494.5357666015625,-1,-1,-1,-1
564,1,630.4568481445312,396.4087219238281,234.39501953125,467.9230651855469,-1,-1,-1,-1
565,1,655.02099609375,434.183837890625,198.3480224609375,450.9505615234375,-1,-1,-1,-1
566,1,676.600830078125,475.7676696777344,176.75360107421875,440.8696594238281,-1,-1,-1,-1
567,1,681.1217041015625,507.60693359375,137.59130859375,431.453369140625,-1,-1,-1,-1
568,1,679.1651611328125,532.6163330078125,124.01092529296875,424.53558349609375,-1,-1,-1,-1
569,1,670.6671752929688,548.7901611328125,134.324951171875,416.1771240234375,-1,-1,-1,-1
570,1,695.3240356445312,552.9464111328125,118.1407470703125,407.20294189453125,-1,-1,-1,-1
571,1,701.5247192382812,547.673583984375,112.80523681640625,397.92919921875,-1,-1,-1,-1
572,1,695.8638916015625,541.3448486328125,117.317626953125,389.57684326171875,-1,-1,-1,-1
573,1,685.9489135742188,527.4241943359375,123.84527587890625,380.91558837890625,-1,-1,-1,-1
574,1,677.940185546875,507.5627136230469,128.87799072265625,374.6271057128906,-1,-1,-1,-1
575,1,674.5230712890625,487.8517150878906,131.413818359375,364.8919372558594,-1,-1,-1,-1
576,1,675.4253540039062,479.4386901855469,129.5733642578125,356.2203674316406,-1,-1,-1,-1
577,1,675.8778076171875,485.5580139160156,124.1422119140625,351.7041320800781,-1,-1,-1,-1
578,1,680.9470825195312,502.8594665527344,116.99530029296875,348.9334411621094,-1,-1,-1,-1
579,1,684.403076171875,527.2420043945312,114.3406982421875,346.3739013671875,-1,-1,-1,-1
580,1,688.9656372070312,548.6889038085938,110.60504150390625,341.74151611328125,-1,-1,-1,-1
581,1,690.9121704101562,560.0444946289062,109.22027587890625,337.5289306640625,-1,-1,-1,-1
582,1,692.6026611328125,564.638916015625,109.31951904296875,332.361572265625,-1,-1,-1,-1
583,1,704.11181640625,566.2444458007812,101.4951171875,328.44281005859375,-1,-1,-1,-1
584,1,705.712158203125,566.5250854492188,102.58551025390625,331.98162841796875,-1,-1,-1,-1
585,1,707.4968872070312,565.7620849609375,98.05853271484375,333.13287353515625,-1,-1,-1,-1
586,1,704.4389038085938,557.093994140625,97.2120361328125,337.266845703125,-1,-1,-1,-1
587,1,704.0045166015625,559.1214599609375,93.7657470703125,338.7296142578125,-1,-1,-1,-1
588,1,703.6474609375,565.404541015625,93.01593017578125,343.22869873046875,-1,-1,-1,-1
589,1,702.267578125,572.4444580078125,93.88226318359375,344.444091796875,-1,-1,-1,-1
590,1,700.2910766601562,581.580810546875,96.05926513671875,348.0987548828125,-1,-1,-1,-1
591,1,697.3941040039062,585.7059936523438,99.443115234375,357.2315673828125,-1,-1,-1,-1
592,1,697.1826171875,583.1802368164062,101.49114990234375,366.1959228515625,-1,-1,-1,-1
593,1,694.4503784179688,584.1758422851562,104.80157470703125,373.18634033203125,-1,-1,-1,-1
594,1,688.70654296875,589.180908203125,106.37799072265625,310.227294921875,-1,-1,-1,-1
595,1,679.0391845703125,581.085693359375,116.9901123046875,403.8209228515625,-1,-1,-1,-1
596,1,686.4237060546875,571.408935546875,113.69464111328125,414.0992431640625,-1,-1,-1,-1
597,1,686.6354370117188,558.3977661132812,118.67437744140625,426.02789306640625,-1,-1,-1,-1
598,1,673.26123046875,547.2400512695312,137.90142822265625,435.8070068359375,-1,-1,-1,-1
599,1,666.8195190429688,536.0877685546875,153.04290771484375,387.259521484375,-1,-1,-1,-1
600,1,689.1925048828125,528.038818359375,143.2318115234375,449.3270263671875,-1,-1,-1,-1
601,1,691.9494018554688,522.6254272460938,149.88775634765625,453.51165771484375,-1,-1,-1,-1
1,2,929.7761840820312,617.7401123046875,90.410400390625,181.69415283203125,-1,-1,-1,-1
2,2,939.4771728515625,629.82080078125,84.8212890625,181.13372802734375,-1,-1,-1,-1
3,2,950.0219116210938,635.9330444335938,85.54315185546875,184.142333984375,-1,-1,-1,-1
4,2,967.51416015625,674.911376953125,82.3443603515625,185.9178466796875,-1,-1,-1,-1
5,2,976.6553344726562,744.5968017578125,82.86212158203125,189.859375,-1,-1,-1,-1
6,2,984.4976196289062,779.1947631835938,82.09490966796875,191.92279052734375,-1,-1,-1,-1
7,2,993.46435546875,788.9047241210938,85.9989013671875,193.86572265625,-1,-1,-1,-1
8,2,994.1770629882812,769.8367309570312,84.52056884765625,193.337890625,-1,-1,-1,-1
9,2,993.5239868164062,725.6936645507812,79.94415283203125,192.05267333984375,-1,-1,-1,-1
10,2,994.0745849609375,673.5791015625,78.7113037109375,189.82952880859375,-1,-1,-1,-1
11,2,990.9931030273438,635.6004028320312,76.70489501953125,187.92681884765625,-1,-1,-1,-1
12,2,993.5477294921875,601.4219970703125,77.6982421875,186.295654296875,-1,-1,-1,-1
13,2,991.4679565429688,592.1458740234375,77.90936279296875,187.771484375,-1,-1,-1,-1
14,2,982.6162109375,598.4601440429688,78.40576171875,187.04193115234375,-1,-1,-1,-1
15,2,979.9984130859375,603.2369384765625,77.6988525390625,188.63616943359375,-1,-1,-1,-1
16,2,981.62744140625,607.8349609375,78.1171875,190.28350830078125,-1,-1,-1,-1
17,2,987.7954711914062,616.280029296875,78.08404541015625,191.7669677734375,-1,-1,-1,-1
18,2,990.7195434570312,621.7346801757812,77.33441162109375,192.26654052734375,-1,-1,-1,-1
19,2,989.99658203125,621.7733764648438,75.6693115234375,193.5284423828125,-1,-1,-1,-1
20,2,994.711669921875,592.519775390625,79.253173828125,194.755126953125,-1,-1,-1,-1
21,2,992.7470092773438,567.3941040039062,77.68536376953125,197.37481689453125,-1,-1,-1,-1
22,2,988.472900390625,557.0214233398438,77.2734375,196.314453125,-1,-1,-1,-1
23,2,992.2178344726562,549.1215209960938,77.22247314453125,194.93115234375,-1,-1,-1,-1
24,2,984.89306640625,543.305419921875,78.6357421875,196.48809814453125,-1,-1,-1,-1
25,2,980.0470581054688,544.3080444335938,78.17193603515625,195.44989013671875,-1,-1,-1,-1
26,2,979.4686889648438,542.5755004882812,78.54107666015625,194.21234130859375,-1,-1,-1,-1
27,2,978.810791015625,537.7335815429688,79.3382568359375,192.70330810546875,-1,-1,-1,-1
28,2,977.9625854492188,543.9760131835938,80.99761962890625,194.01959228515625,-1,-1,-1,-1
29,2,972.6427001953125,551.1336669921875,84.9000244140625,192.57696533203125,-1,-1,-1,-1
30,2,976.0238647460938,528.8114013671875,82.84442138671875,193.27197265625,-1,-1,-1,-1
31,2,973.7234497070312,523.1787109375,83.75140380859375,193.10015869140625,-1,-1,-1,-1
32,2,969.241943359375,532.7681884765625,85.99853515625,192.4111328125,-1,-1,-1,-1
33,2,972.8971557617188,538.9437255859375,84.44647216796875,192.0098876953125,-1,-1,-1,-1
34,2,975.80859375,541.618896484375,83.34521484375,190.99737548828125,-1,-1,-1,-1
35,2,979.30908203125,548.7581176757812,84.4134521484375,192.7862548828125,-1,-1,-1,-1
36,2,979.0862426757812,558.2037963867188,85.69830322265625,191.38299560546875,-1,-1,-1,-1
37,2,978.80029296875,562.24560546875,85.7254638671875,191.4290771484375,-1,-1,-1,-1
38,2,981.358642578125,559.0631103515625,88.8294677734375,192.00164794921875,-1,-1,-1,-1
39,2,983.3486938476562,564.4241943359375,89.37701416015625,192.41497802734375,-1,-1,-1,-1
40,2,985.229248046875,560.029052734375,90.6068115234375,193.68194580078125,-1,-1,-1,-1
41,2,984.541259765625,554.2799072265625,91.002197265625,193.986328125,-1,-1,-1,-1
42,2,985.9633178710938,552.113037109375,90.24102783203125,194.46923828125,-1,-1,-1,-1
43,2,990.4321899414062,544.9187622070312,91.70269775390625,198.29998779296875,-1,-1,-1,-1
44,2,1006.7451782226562,552.8890991210938,93.24371337890625,201.08721923828125,-1,-1,-1,-1
45,2,1016.04541015625,565.6532592773438,90.7044677734375,203.9127197265625,-1,-1,-1,-1
46,2,1030.4415283203125,568.2236938476562,90.8792724609375,206.008056640625,-1,-1,-1,-1
47,2,1049.6915283203125,546.305419921875,96.38134765625,211.75390625,-1,-1,-1,-1
48,2,1080.99609375,495.1720886230469,99.7952880859375,220.70675659179688,-1,-1,-1,-1
49,2,1111.3359375,440.8710632324219,109.0802001953125,233.61276245117188,-1,-1,-1,-1
50,2,1130.048828125,419.1329650878906,106.3846435546875,241.28060913085938,-1,-1,-1,-1
51,2,1169.135498046875,412.85076904296875,111.2327880859375,250.49609375,-1,-1,-1,-1
52,2,1203.6263427734375,349.589599609375,129.15380859375,259.25738525390625,-1,-1,-1,-1
53,2,1202.42236328125,363.25732421875,125.6357421875,258.55828857421875,-1,-1,-1,-1
54,2,1199.9671630859375,400.3998107910156,119.9715576171875,256.1989440917969,-1,-1,-1,-1
55,2,1202.3856201171875,414.62725830078125,119.3857421875,251.760009765625,-1,-1,-1,-1
56,2,1188.7237548828125,424.75885009765625,112.459716796875,251.05035400390625,-1,-1,-1,-1
57,2,1167.270263671875,409.84564208984375,111.123291015625,246.68487548828125,-1,-1,-1,-1
58,2,1160.6513671875,431.20489501953125,111.9305419921875,242.78448486328125,-1,-1,-1,-1
59,2,1146.8751220703125,463.3907470703125,109.4783935546875,235.59686279296875,-1,-1,-1,-1
60,2,1150.9085693359375,464.67462158203125,108.33251953125,232.9686279296875,-1,-1,-1,-1
61,2,1132.0625,464.9812316894531,100.493408203125,226.84408569335938,-1,-1,-1,-1
62,2,1112.757080078125,442.9407653808594,95.7685546875,221.46261596679688,-1,-1,-1,-1
63,2,1118.8768310546875,439.5664978027344,96.75927734375,220.41848754882812,-1,-1,-1,-1
64,2,1119.0372314453125,450.01910400390625,94.352294921875,215.91729736328125,-1,-1,-1,-1
65,2,1116.5048828125,445.8078918457031,89.1131591796875,213.01626586914062,-1,-1,-1,-1
66,2,1117.43408203125,431.4082336425781,86.666015625,212.31222534179688,-1,-1,-1,-1
67,2,1118.3306884765625,406.33123779296875,86.712890625,212.27691650390625,-1,-1,-1,-1
68,2,1120.36083984375,386.09088134765625,90.4945068359375,214.14654541015625,-1,-1,-1,-1
69,2,1128.5693359375,381.2627868652344,91.6251220703125,214.34951782226562,-1,-1,-1,-1
70,2,1129.1119384765625,402.04913330078125,90.5992431640625,213.59649658203125,-1,-1,-1,-1
71,2,1120.2716064453125,423.2078857421875,92.5958251953125,209.80438232421875,-1,-1,-1,-1
72,2,1110.7381591796875,439.9304504394531,89.968994140625,207.60372924804688,-1,-1,-1,-1
73,2,1109.208740234375,460.8343505859375,88.427001953125,204.76312255859375,-1,-1,-1,-1
74,2,1107.07080078125,478.80242919921875,84.7366943359375,204.05401611328125,-1,-1,-1,-1
75,2,1094.0108642578125,489.22265625,84.22607421875,200.93011474609375,-1,-1,-1,-1
76,2,1092.672119140625,490.6670837402344,83.847900390625,199.78225708007812,-1,-1,-1,-1
77,2,1093.9403076171875,479.0517578125,85.3822021484375,200.88140869140625,-1,-1,-1,-1
78,2,1083.6395263671875,463.0489196777344,86.6787109375,201.00735473632812,-1,-1,-1,-1
79,2,1053.40234375,456.9422912597656,85.4781494140625,198.25491333007812,-1,-1,-1,-1
80,2,1010.2981567382812,458.5318908691406,84.59393310546875,193.63735961914062,-1,-1,-1,-1
81,2,959.87109375,462.4440612792969,83.866943359375,188.99685668945312,-1,-1,-1,-1
82,2,927.01318359375,470.8699035644531,81.5992431640625,186.37362670898438,-1,-1,-1,-1
83,2,936.9100341796875,482.0055847167969,81.1361083984375,188.30545043945312,-1,-1,-1,-1
84,2,967.2625122070312,484.72027587890625,83.42083740234375,190.6337890625,-1,-1,-1,-1
85,2,1009.151611328125,484.87615966796875,83.1297607421875,195.63494873046875,-1,-1,-1,-1
86,2,1050.9114990234375,480.22796630859375,86.0833740234375,201.5322265625,-1,-1,-1,-1
87,2,1085.0194091796875,474.5924072265625,88.8031005859375,204.94061279296875,-1,-1,-1,-1
88,2,1115.231201171875,464.2098693847656,88.7269287109375,211.60250854492188,-1,-1,-1,-1
89,2,1124.8701171875,458.4866943359375,90.4349365234375,213.06268310546875,-1,-1,-1,-1
90,2,1130.4102783203125,451.06097412109375,90.2574462890625,214.22991943359375,-1,-1,-1,-1
91,2,1128.2607421875,435.3884582519531,92.0740966796875,216.25076293945312,-1,-1,-1,-1
92,2,1117.3143310546875,422.8292541503906,90.822021484375,216.55685424804688,-1,-1,-1,-1
93,2,1105.5357666015625,419.83428955078125,92.8226318359375,215.220947265625,-1,-1,-1,-1
94,2,1102.9775390625,417.17340087890625,88.58447265625,214.404541015625,-1,-1,-1,-1
95,2,1097.212890625,421.9668273925781,90.8536376953125,212.45480346679688,-1,-1,-1,-1
96,2,1096.045166015625,431.7544250488281,90.27734375,209.95663452148438,-1,-1,-1,-1
97,2,1093.6519775390625,435.6249084472656,89.0450439453125,208.71865844726562,-1,-1,-1,-1
98,2,1104.285400390625,451.65826416015625,86.5472412109375,207.9661865234375,-1,-1,-1,-1
99,2,1104.307861328125,462.133056640625,84.2738037109375,205.9676513671875,-1,-1,-1,-1
100,2,1098.621826171875,450.8037109375,87.1300048828125,206.165771484375,-1,-1,-1,-1
101,2,1098.861328125,445.98638916015625,87.20361328125,206.29083251953125,-1,-1,-1,-1
102,2,1098.21337890625,448.04486083984375,88.160400390625,205.23834228515625,-1,-1,-1,-1
103,2,1092.6990966796875,452.3128356933594,85.838623046875,204.70846557617188,-1,-1,-1,-1
104,2,1089.0966796875,456.8269348144531,84.7764892578125,203.57473754882812,-1,-1,-1,-1
105,2,1082.1712646484375,464.51513671875,85.31982421875,200.9476318359375,-1,-1,-1,-1
106,2,1078.1998291015625,454.3673095703125,84.4656982421875,201.363037109375,-1,-1,-1,-1
107,2,1064.42724609375,437.06787109375,83.304443359375,199.76995849609375,-1,-1,-1,-1
108,2,1046.455322265625,438.3708801269531,82.2821044921875,196.90579223632812,-1,-1,-1,-1
109,2,1023.3621826171875,448.6526794433594,81.1162109375,192.90121459960938,-1,-1,-1,-1
110,2,1007.5881958007812,454.1334228515625,80.98077392578125,192.19097900390625,-1,-1,-1,-1
111,2,992.9271240234375,456.05340576171875,81.724365234375,190.540283203125,-1,-1,-1,-1
112,2,980.6468505859375,457.3624572753906,80.5234375,188.59115600585938,-1,-1,-1,-1
113,2,974.3414916992188,460.73858642578125,77.51495361328125,188.29248046875,-1,-1,-1,-1
114,2,959.7164916992188,456.8563232421875,77.44757080078125,186.79730224609375,-1,-1,-1,-1
115,2,952.3442993164062,457.74993896484375,79.01617431640625,185.70208740234375,-1,-1,-1,-1
116,2,950.9822387695312,454.0001525878906,77.63812255859375,186.44168090820312,-1,-1,-1,-1
117,2,937.0166625976562,458.4003601074219,79.20257568359375,184.59451293945312,-1,-1,-1,-1
118,2,929.5072631835938,458.3086853027344,75.768310546875,184.01248168945312,-1,-1,-1,-1
119,2,922.5740966796875,462.4852600097656,74.9168701171875,184.39474487304688,-1,-1,-1,-1
120,2,910.2268676757812,474.66558837890625,78.56817626953125,182.6380615234375,-1,-1,-1,-1
121,2,907.4855346679688,485.36773681640625,77.465087890625,182.498779296875,-1,-1,-1,-1
122,2,906.0503540039062,494.4778747558594,76.08721923828125,181.32620239257812,-1,-1,-1,-1
123,2,907.2896728515625,505.79351806640625,75.86279296875,182.16900634765625,-1,-1,-1,-1
124,2,910.865478515625,514.9137573242188,81.28643798828125,184.74749755859375,-1,-1,-1,-1
125,2,922.0894775390625,510.56304931640625,81.4473876953125,186.94757080078125,-1,-1,-1,-1
126,2,935.5908203125,497.8583679199219,82.68707275390625,189.89126586914062,-1,-1,-1,-1
127,2,953.7599487304688,494.4729309082031,85.41766357421875,191.90219116210938,-1,-1,-1,-1
128,2,969.0130615234375,493.2255859375,85.4239501953125,194.5472412109375,-1,-1,-1,-1
129,2,978.1693115234375,492.6806640625,82.881591796875,194.85089111328125,-1,-1,-1,-1
130,2,981.5198364257812,493.2912902832031,83.71319580078125,194.88473510742188,-1,-1,-1,-1
131,2,984.278564453125,495.3618469238281,82.9002685546875,194.16775512695312,-1,-1,-1,-1
132,2,985.2252197265625,499.59930419921875,84.185791015625,194.2100830078125,-1,-1,-1,-1
133,2,977.4532470703125,501.7049560546875,82.7447509765625,192.23468017578125,-1,-1,-1,-1
134,2,966.376953125,500.97918701171875,83.2470703125,192.12420654296875,-1,-1,-1,-1
135,2,953.0518798828125,500.80560302734375,84.426025390625,190.38958740234375,-1,-1,-1,-1
136,2,940.0810546875,500.7959289550781,83.15673828125,188.41354370117188,-1,-1,-1,-1
137,2,926.37841796875,505.4813537597656,81.57147216796875,186.47494506835938,-1,-1,-1,-1
138,2,913.1331787109375,511.76837158203125,81.0947265625,187.00079345703125,-1,-1,-1,-1
139,2,901.9025268554688,521.2409057617188,79.01416015625,183.8740234375,-1,-1,-1,-1
140,2,889.1256103515625,529.7745971679688,78.720947265625,184.3511962890625,-1,-1,-1,-1
141,2,878.8788452148438,535.2073364257812,78.953857421875,184.00775146484375,-1,-1,-1,-1
142,2,869.8764038085938,535.8502197265625,79.018310546875,183.697265625,-1,-1,-1,-1
143,2,860.893798828125,533.17822265625,78.8284912109375,183.13702392578125,-1,-1,-1,-1
144,2,851.200439453125,533.2094116210938,79.67608642578125,184.6219482421875,-1,-1,-1,-1
145,2,841.0493774414062,535.29736328125,78.9130859375,184.4949951171875,-1,-1,-1,-1
146,2,832.0352783203125,541.8832397460938,78.38922119140625,185.25201416015625,-1,-1,-1,-1
147,2,823.8331298828125,549.8336791992188,78.1280517578125,182.5076904296875,-1,-1,-1,-1
148,2,812.3169555664062,554.3102416992188,79.19256591796875,183.2357177734375,-1,-1,-1,-1
149,2,803.8626098632812,557.1044311523438,81.5252685546875,181.211181640625,-1,-1,-1,-1
150,2,798.4369506835938,557.573974609375,81.47930908203125,180.45513916015625,-1,-1,-1,-1
151,2,797.25927734375,559.2120971679688,82.00347900390625,180.00592041015625,-1,-1,-1,-1
152,2,797.0471801757812,560.3621826171875,81.47174072265625,179.2447509765625,-1,-1,-1,-1
153,2,795.9798583984375,562.6517944335938,80.60546875,178.3236083984375,-1,-1,-1,-1
154,2,798.2289428710938,562.4071655273438,81.1121826171875,178.21856689453125,-1,-1,-1,-1
155,2,806.3223876953125,562.5357055664062,82.1151123046875,177.03631591796875,-1,-1,-1,-1
156,2,813.87255859375,561.7998657226562,83.15960693359375,177.6009521484375,-1,-1,-1,-1
157,2,825.0531616210938,561.6005859375,80.59808349609375,177.63671875,-1,-1,-1,-1
158,2,834.81201171875,561.2242431640625,79.581787109375,176.402587890625,-1,-1,-1,-1
159,2,842.1741943359375,558.8994140625,79.2701416015625,177.16546630859375,-1,-1,-1,-1
160,2,846.9622802734375,562.570556640625,78.85400390625,175.8135986328125,-1,-1,-1,-1
161,2,851.5324096679688,568.5151977539062,76.51324462890625,175.366943359375,-1,-1,-1,-1
162,2,857.8338012695312,571.46337890625,77.92987060546875,173.99017333984375,-1,-1,-1,-1
163,2,866.606201171875,570.0723266601562,76.76348876953125,174.5767822265625,-1,-1,-1,-1
164,2,874.3286743164062,568.5750122070312,76.20037841796875,175.49725341796875,-1,-1,-1,-1
165,2,881.8728637695312,568.4694213867188,74.55499267578125,175.60089111328125,-1,-1,-1,-1
166,2,885.9114379882812,569.35205078125,75.89117431640625,175.6094970703125,-1,-1,-1,-1
167,2,884.781494140625,569.55859375,76.90814208984375,175.0386962890625,-1,-1,-1,-1
168,2,877.7869873046875,569.26806640625,75.19744873046875,176.1632080078125,-1,-1,-1,-1
169,2,863.52734375,570.738037109375,77.00433349609375,173.9996337890625,-1,-1,-1,-1
170,2,846.4561767578125,577.3812866210938,79.2044677734375,173.7403564453125,-1,-1,-1,-1
171,2,829.1844482421875,588.7321166992188,79.0262451171875,172.20391845703125,-1,-1,-1,-1
172,2,815.137451171875,597.05419921875,77.551513671875,172.44036865234375,-1,-1,-1,-1
173,2,807.8924560546875,608.6359252929688,76.53369140625,171.96246337890625,-1,-1,-1,-1
174,2,807.1271362304688,617.297607421875,78.84796142578125,172.15264892578125,-1,-1,-1,-1
175,2,803.2312622070312,615.3228149414062,81.16522216796875,173.20538330078125,-1,-1,-1,-1
176,2,798.6598510742188,611.4251708984375,81.2520751953125,174.43426513671875,-1,-1,-1,-1
177,2,795.7399291992188,605.8054809570312,81.11956787109375,175.74932861328125,-1,-1,-1,-1
178,2,793.9892578125,605.313232421875,79.95831298828125,175.700439453125,-1,-1,-1,-1
179,2,793.9190673828125,605.8896484375,79.28302001953125,175.46905517578125,-1,-1,-1,-1
180,2,788.719482421875,605.8904418945312,79.81927490234375,176.14410400390625,-1,-1,-1,-1
181,2,783.9014282226562,606.600830078125,80.18670654296875,176.8978271484375,-1,-1,-1,-1
182,2,780.28955078125,608.0674438476562,77.9830322265625,175.7867431640625,-1,-1,-1,-1
183,2,775.564453125,609.9310302734375,80.3548583984375,175.9859619140625,-1,-1,-1,-1
184,2,772.4935302734375,612.2694091796875,83.026123046875,174.88775634765625,-1,-1,-1,-1
185,2,768.7760009765625,615.6578369140625,79.11102294921875,175.8704833984375,-1,-1,-1,-1
186,2,768.8132934570312,616.4002685546875,79.10662841796875,177.02117919921875,-1,-1,-1,-1
187,2,769.958251953125,620.0340576171875,78.13140869140625,175.8333740234375,-1,-1,-1,-1
188,2,773.8175659179688,624.64599609375,80.56048583984375,174.901611328125,-1,-1,-1,-1
189,2,780.6312866210938,628.6608276367188,79.7353515625,176.484375,-1,-1,-1,-1
190,2,790.99755859375,630.5908203125,78.83642578125,175.56256103515625,-1,-1,-1,-1
191,2,807.3875732421875,632.7260131835938,78.74505615234375,175.9697265625,-1,-1,-1,-1
192,2,837.2474975585938,634.075927734375,79.17926025390625,176.60540771484375,-1,-1,-1,-1
193,2,874.2982177734375,631.5873413085938,82.03082275390625,178.9495849609375,-1,-1,-1,-1
194,2,910.1992797851562,630.6300659179688,85.75567626953125,182.06512451171875,-1,-1,-1,-1
195,2,937.8658447265625,629.5992431640625,85.96734619140625,184.82989501953125,-1,-1,-1,-1
196,2,957.2412719726562,632.3623046875,86.38995361328125,186.81689453125,-1,-1,-1,-1
197,2,972.9840698242188,626.639892578125,82.63555908203125,188.30987548828125,-1,-1,-1,-1
198,2,983.96875,616.6470336914062,84.922119140625,189.14923095703125,-1,-1,-1,-1
199,2,992.9195556640625,610.7755126953125,84.2921142578125,189.448974609375,-1,-1,-1,-1
200,2,996.3482666015625,609.0193481445312,84.1817626953125,188.69683837890625,-1,-1,-1,-1
201,2,996.73828125,609.7026977539062,84.4564208984375,189.92620849609375,-1,-1,-1,-1
202,2,995.6901245117188,614.8314819335938,86.79718017578125,190.19378662109375,-1,-1,-1,-1
203,2,997.02685546875,619.3453369140625,86.98193359375,190.7615966796875,-1,-1,-1,-1
204,2,998.7677001953125,620.4927978515625,86.7191162109375,190.42120361328125,-1,-1,-1,-1
205,2,996.8243408203125,619.5020141601562,88.9998779296875,191.5789794921875,-1,-1,-1,-1
206,2,993.1063842773438,621.429443359375,87.62921142578125,192.00848388671875,-1,-1,-1,-1
207,2,991.7716064453125,621.5191650390625,88.631591796875,192.63970947265625,-1,-1,-1,-1
208,2,988.3296508789062,622.7559204101562,91.28253173828125,193.3594970703125,-1,-1,-1,-1
209,2,982.04541015625,624.90576171875,90.6656494140625,194.9368896484375,-1,-1,-1,-1
210,2,968.7672729492188,626.932861328125,93.89373779296875,195.087158203125,-1,-1,-1,-1
211,2,938.7088623046875,627.4271240234375,94.7491455078125,192.9739990234375,-1,-1,-1,-1
212,2,898.173828125,628.1221923828125,90.5159912109375,189.65496826171875,-1,-1,-1,-1
213,2,864.680908203125,629.2350463867188,89.80316162109375,185.73602294921875,-1,-1,-1,-1
214,2,841.01806640625,629.2801513671875,89.35302734375,187.9149169921875,-1,-1,-1,-1
215,2,825.5908203125,631.639404296875,88.96539306640625,186.55181884765625,-1,-1,-1,-1
216,2,815.15478515625,632.4747314453125,87.66259765625,187.176513671875,-1,-1,-1,-1
217,2,805.000732421875,633.455322265625,89.59698486328125,186.06591796875,-1,-1,-1,-1
218,2,796.22021484375,635.2586059570312,93.76953125,186.34033203125,-1,-1,-1,-1
219,2,790.3699340820312,632.2532958984375,96.79095458984375,186.32977294921875,-1,-1,-1,-1
220,2,785.3896484375,628.6987915039062,92.56390380859375,184.3780517578125,-1,-1,-1,-1
221,2,778.1846923828125,628.4569091796875,93.115234375,184.53656005859375,-1,-1,-1,-1
222,2,773.3037109375,628.8366088867188,91.39532470703125,184.178466796875,-1,-1,-1,-1
223,2,770.2593994140625,629.4390869140625,94.235595703125,184.41162109375,-1,-1,-1,-1
224,2,776.730712890625,630.6881713867188,96.09417724609375,186.40594482421875,-1,-1,-1,-1
225,2,783.953125,631.8822631835938,102.767333984375,187.5794677734375,-1,-1,-1,-1
226,2,793.9986572265625,633.86279296875,98.17352294921875,187.6790771484375,-1,-1,-1,-1
227,2,809.0880126953125,638.4991455078125,95.39715576171875,187.0108642578125,-1,-1,-1,-1
228,2,839.769287109375,647.680419921875,87.92999267578125,189.6761474609375,-1,-1,-1,-1
229,2,891.90625,651.4135131835938,89.44781494140625,192.52752685546875,-1,-1,-1,-1
230,2,949.2986450195312,638.604248046875,87.68035888671875,197.36212158203125,-1,-1,-1,-1
231,2,983.9264526367188,619.7868041992188,86.47711181640625,198.18206787109375,-1,-1,-1,-1
232,2,1000.1567993164062,603.7949829101562,84.93267822265625,198.8673095703125,-1,-1,-1,-1
233,2,1010.2388305664062,589.6891479492188,82.11053466796875,199.0867919921875,-1,-1,-1,-1
234,2,1019.8406982421875,578.492431640625,80.13427734375,199.87005615234375,-1,-1,-1,-1
235,2,1024.3379516601562,571.2261352539062,80.36676025390625,200.55596923828125,-1,-1,-1,-1
236,2,1031.692138671875,570.5573120117188,78.5604248046875,199.219482421875,-1,-1,-1,-1
237,2,1035.1707763671875,566.4361572265625,80.1944580078125,199.56591796875,-1,-1,-1,-1
238,2,1034.709228515625,561.740478515625,80.5416259765625,196.66485595703125,-1,-1,-1,-1
239,2,1026.9647216796875,562.3857421875,83.9921875,195.36029052734375,-1,-1,-1,-1
240,2,1018.260986328125,565.1997680664062,84.7513427734375,194.78265380859375,-1,-1,-1,-1
241,2,1010.1184692382812,567.739501953125,87.77288818359375,195.069580078125,-1,-1,-1,-1
242,2,1007.8059692382812,568.5213623046875,86.42254638671875,193.40985107421875,-1,-1,-1,-1
243,2,1006.9546508789062,566.5613403320312,85.51397705078125,193.1663818359375,-1,-1,-1,-1
244,2,1008.388916015625,561.985107421875,83.51123046875,192.2772216796875,-1,-1,-1,-1
245,2,1012.5156860351562,556.5671997070312,80.79779052734375,192.7183837890625,-1,-1,-1,-1
246,2,1021.2794799804688,552.4828491210938,80.29644775390625,192.01068115234375,-1,-1,-1,-1
247,2,1027.2188720703125,548.2269287109375,85.1341552734375,193.577392578125,-1,-1,-1,-1
248,2,1025.327880859375,536.6016845703125,87.8056640625,193.32366943359375,-1,-1,-1,-1
249,2,1030.1226806640625,530.545166015625,86.707275390625,195.00335693359375,-1,-1,-1,-1
250,2,1032.548095703125,520.3043823242188,87.876708984375,194.49517822265625,-1,-1,-1,-1
251,2,1021.3573608398438,512.87109375,92.71539306640625,194.66619873046875,-1,-1,-1,-1
252,2,1015.0790405273438,514.9042358398438,90.11383056640625,192.59259033203125,-1,-1,-1,-1
253,2,1007.951904296875,518.0151977539062,94.96826171875,191.86358642578125,-1,-1,-1,-1
254,2,1011.4086303710938,518.2360229492188,97.42828369140625,190.85552978515625,-1,-1,-1,-1
255,2,1017.2159423828125,508.24786376953125,100.7022705078125,191.02142333984375,-1,-1,-1,-1
256,2,1016.9312133789062,503.5482177734375,101.67559814453125,189.02789306640625,-1,-1,-1,-1
257,2,1017.1760864257812,502.4364013671875,101.36700439453125,190.15728759765625,-1,-1,-1,-1
258,2,1013.8767700195312,500.7807312011719,101.10723876953125,189.20462036132812,-1,-1,-1,-1
259,2,1007.5062866210938,512.0543823242188,97.13372802734375,186.43353271484375,-1,-1,-1,-1
260,2,995.6466674804688,517.4207763671875,95.76947021484375,183.771484375,-1,-1,-1,-1
261,2,997.450439453125,521.9092407226562,92.7548828125,184.11163330078125,-1,-1,-1,-1
262,2,998.4710083007812,525.2767333984375,92.37762451171875,184.5738525390625,-1,-1,-1,-1
263,2,995.6876220703125,528.9005126953125,95.6951904296875,184.7191162109375,-1,-1,-1,-1
264,2,996.4785766601562,537.546630859375,94.88018798828125,183.65509033203125,-1,-1,-1,-1
265,2,1000.0930786132812,536.0338134765625,96.71185302734375,180.8634033203125,-1,-1,-1,-1
266,2,1006.4091796875,532.1240234375,94.7117919921875,181.107666015625,-1,-1,-1,-1
267,2,1009.597412109375,544.0020141601562,89.926513671875,182.18292236328125,-1,-1,-1,-1
268,2,1013.0596923828125,553.65673828125,84.9837646484375,177.1920166015625,-1,-1,-1,-1
269,2,1008.1683349609375,562.8895874023438,84.4744873046875,177.65557861328125,-1,-1,-1,-1
270,2,997.49853515625,573.4889526367188,95.3284912109375,179.8060302734375,-1,-1,-1,-1
271,2,993.37890625,572.6097412109375,96.544921875,179.4091796875,-1,-1,-1,-1
272,2,981.355224609375,573.9977416992188,101.4578857421875,180.45220947265625,-1,-1,-1,-1
273,2,984.28564453125,571.0634765625,100.691162109375,179.53558349609375,-1,-1,-1,-1
274,2,962.190185546875,554.1271362304688,103.412841796875,178.57891845703125,-1,-1,-1,-1
275,2,936.5050659179688,550.4237060546875,104.31829833984375,175.95941162109375,-1,-1,-1,-1
276,2,926.3206787109375,550.4358520507812,101.7686767578125,175.3216552734375,-1,-1,-1,-1
277,2,927.7377319335938,559.78662109375,95.40020751953125,173.8997802734375,-1,-1,-1,-1
278,2,918.2973022460938,565.3944702148438,98.21142578125,173.06036376953125,-1,-1,-1,-1
279,2,918.5746459960938,565.6729125976562,96.1573486328125,174.010986328125,-1,-1,-1,-1
280,2,915.8866577148438,572.2618408203125,95.63836669921875,172.4957275390625,-1,-1,-1,-1
281,2,922.027587890625,575.6585083007812,99.21783447265625,173.85003662109375,-1,-1,-1,-1
282,2,920.675537109375,565.1732177734375,102.619873046875,174.47845458984375,-1,-1,-1,-1
283,2,920.9544677734375,551.13330078125,107.150146484375,178.10919189453125,-1,-1,-1,-1
284,2,925.2352294921875,548.3888549804688,107.827880859375,176.24237060546875,-1,-1,-1,-1
285,2,943.9949340820312,560.35595703125,101.81512451171875,174.9317626953125,-1,-1,-1,-1
286,2,951.1845703125,568.7760620117188,108.219482421875,176.41839599609375,-1,-1,-1,-1
287,2,964.9833374023438,563.8817749023438,109.02886962890625,177.71380615234375,-1,-1,-1,-1
288,2,983.0850219726562,566.036865234375,113.11029052734375,179.318115234375,-1,-1,-1,-1
289,2,1011.1030883789062,570.3443603515625,107.31610107421875,182.609375,-1,-1,-1,-1
290,2,1030.9505615234375,565.4539794921875,112.9903564453125,187.487060546875,-1,-1,-1,-1
291,2,1046.9061279296875,548.2933959960938,114.3629150390625,185.38433837890625,-1,-1,-1,-1
292,2,1067.14990234375,540.0557861328125,111.031494140625,188.97509765625,-1,-1,-1,-1
293,2,1076.3516845703125,544.36572265625,113.8885498046875,190.0849609375,-1,-1,-1,-1
294,2,1088.276123046875,554.92333984375,115.04931640625,189.82958984375,-1,-1,-1,-1
295,2,1107.997314453125,556.5527954101562,117.21240234375,192.74468994140625,-1,-1,-1,-1
296,2,1115.009765625,547.9983520507812,119.0897216796875,194.42889404296875,-1,-1,-1,-1
297,2,1111.91259765625,548.3004150390625,126.94677734375,194.0958251953125,-1,-1,-1,-1
298,2,1122.479736328125,545.3401489257812,127.1878662109375,197.50506591796875,-1,-1,-1,-1
299,2,1133.1259765625,528.1951904296875,128.1976318359375,199.866943359375,-1,-1,-1,-1
300,2,1139.2042236328125,517.3153686523438,121.54345703125,199.56207275390625,-1,-1,-1,-1
301,2,1144.507568359375,516.6619873046875,121.694091796875,200.325927734375,-1,-1,-1,-1
302,2,1131.062255859375,513.381103515625,129.930419921875,201.49615478515625,-1,-1,-1,-1
303,2,1150.454833984375,522.0516357421875,124.381103515625,201.9925537109375,-1,-1,-1,-1
304,2,1165.9915771484375,515.1227416992188,124.9007568359375,206.38592529296875,-1,-1,-1,-1
305,2,1183.72412109375,513.833740234375,133.4052734375,211.309814453125,-1,-1,-1,-1
306,2,1214.8016357421875,504.4263916015625,135.088134765625,214.72833251953125,-1,-1,-1,-1
307,2,1274.657470703125,485.52947998046875,114.22802734375,220.35369873046875,-1,-1,-1,-1
308,2,1295.236083984375,430.7144775390625,107.505859375,225.65362548828125,-1,-1,-1,-1
309,2,1131.080078125,446.89007568359375,173.1180419921875,207.65667724609375,-1,-1,-1,-1
65,3,1004.5577392578125,460.4420166015625,54.4473876953125,138.07843017578125,-1,-1,-1,-1
66,3,1005.4755249023438,445.1611328125,55.83331298828125,146.16656494140625,-1,-1,-1,-1
67,3,1009.6926879882812,414.24298095703125,53.47052001953125,146.32171630859375,-1,-1,-1,-1
68,3,1015.9984130859375,390.6265563964844,55.0465087890625,151.44442749023438,-1,-1,-1,-1
69,3,1026.122802734375,381.1391906738281,54.0478515625,153.83639526367188,-1,-1,-1,-1
70,3,1027.46875,399.291748046875,57.4150390625,154.087646484375,-1,-1,-1,-1
71,3,1022.8270874023438,421.0475158691406,55.85968017578125,149.96151733398438,-1,-1,-1,-1
72,3,1012.3778686523438,438.1973876953125,54.96636962890625,149.37530517578125,-1,-1,-1,-1
73,3,1014.4755249023438,461.4794006347656,52.51153564453125,143.81936645507812,-1,-1,-1,-1
74,3,1009.508056640625,481.3271789550781,52.4986572265625,141.48379516601562,-1,-1,-1,-1
75,3,995.8857421875,493.54437255859375,54.058837890625,145.55401611328125,-1,-1,-1,-1
76,3,995.1270141601562,493.1190490722656,53.96893310546875,145.06680297851562,-1,-1,-1,-1
77,3,999.4380493164062,481.46966552734375,51.16802978515625,141.08612060546875,-1,-1,-1,-1
78,3,988.9706420898438,464.6437683105469,52.91009521484375,144.81491088867188,-1,-1,-1,-1
79,3,959.7559204101562,456.37542724609375,52.58380126953125,142.254150390625,-1,-1,-1,-1
80,3,917.7493896484375,458.0123596191406,54.047607421875,148.88333129882812,-1,-1,-1,-1
81,3,871.2613525390625,460.539794921875,52.0836181640625,141.519287109375,-1,-1,-1,-1
82,3,841.280029296875,471.3828125,48.40643310546875,133.7740478515625,-1,-1,-1,-1
83,3,849.3089599609375,482.66131591796875,49.24737548828125,132.97991943359375,-1,-1,-1,-1
84,3,878.256103515625,486.4925842285156,51.34326171875,135.57638549804688,-1,-1,-1,-1
85,3,916.4791259765625,484.9253845214844,49.75927734375,134.93563842773438,-1,-1,-1,-1
86,3,953.5741577148438,482.7900390625,52.2415771484375,141.9083251953125,-1,-1,-1,-1
87,3,985.1316528320312,475.6911926269531,53.17266845703125,144.38595581054688,-1,-1,-1,-1
88,3,1011.15283203125,467.6706237792969,52.4842529296875,140.59439086914062,-1,-1,-1,-1
89,3,1016.9913330078125,461.9246826171875,54.5589599609375,145.41119384765625,-1,-1,-1,-1
90,3,1020.1605224609375,454.30322265625,56.852783203125,154.926513671875,-1,-1,-1,-1
91,3,1019.2799682617188,439.2661437988281,56.55841064453125,157.09957885742188,-1,-1,-1,-1
92,3,1007.6378173828125,426.4371643066406,55.0894775390625,146.52224731445312,-1,-1,-1,-1
93,3,999.1101684570312,424.9661865234375,55.00726318359375,150.51605224609375,-1,-1,-1,-1
94,3,995.4215698242188,420.98101806640625,52.38848876953125,145.5247802734375,-1,-1,-1,-1
95,3,990.7269897460938,427.70501708984375,54.66339111328125,143.15789794921875,-1,-1,-1,-1
96,3,990.6244506835938,440.42010498046875,54.73626708984375,142.51531982421875,-1,-1,-1,-1
97,3,991.1082763671875,449.2549133300781,51.706787109375,135.72744750976562,-1,-1,-1,-1
98,3,999.0256958007812,467.5416259765625,51.04986572265625,139.75439453125,-1,-1,-1,-1
99,3,997.939208984375,474.0669250488281,51.4879150390625,139.53494262695312,-1,-1,-1,-1
100,3,993.1701049804688,460.3396301269531,53.59173583984375,145.94039916992188,-1,-1,-1,-1
101,3,993.7587890625,451.6257019042969,52.27685546875,144.15805053710938,-1,-1,-1,-1
102,3,994.6482543945312,453.3537292480469,52.12359619140625,144.52554321289062,-1,-1,-1,-1
103,3,990.0113525390625,459.5887145996094,51.572021484375,139.04684448242188,-1,-1,-1,-1
104,3,986.2528686523438,464.6819152832031,51.49700927734375,143.17391967773438,-1,-1,-1,-1
105,3,982.6978759765625,475.4234619140625,47.8046875,128.7745361328125,-1,-1,-1,-1
106,3,976.9496459960938,467.8841247558594,50.47601318359375,136.01889038085938,-1,-1,-1,-1
107,3,963.5082397460938,452.6217041015625,50.36151123046875,138.00030517578125,-1,-1,-1,-1
108,3,947.230224609375,454.3717041015625,48.5579833984375,133.480712890625,-1,-1,-1,-1
109,3,923.595458984375,463.7803955078125,51.015625,145.11761474609375,-1,-1,-1,-1
110,3,910.8120727539062,466.91259765625,50.25360107421875,140.84808349609375,-1,-1,-1,-1
111,3,898.2011108398438,466.76751708984375,51.28082275390625,147.150390625,-1,-1,-1,-1
112,3,886.1318969726562,465.8345642089844,52.79058837890625,143.46255493164062,-1,-1,-1,-1
113,3,881.5263671875,467.164306640625,48.659423828125,139.44610595703125,-1,-1,-1,-1
114,3,867.60546875,466.83697509765625,48.0323486328125,131.7176513671875,-1,-1,-1,-1
115,3,862.2203369140625,468.9161682128906,48.8260498046875,131.45553588867188,-1,-1,-1,-1
116,3,858.0330200195312,465.99737548828125,49.78515625,136.03240966796875,-1,-1,-1,-1
117,3,844.4010009765625,470.501220703125,53.05047607421875,141.77117919921875,-1,-1,-1,-1
118,3,838.5858154296875,467.78179931640625,49.75628662109375,142.3345947265625,-1,-1,-1,-1
119,3,827.3790893554688,472.4337463378906,55.78704833984375,160.85775756835938,-1,-1,-1,-1
120,3,817.2355346679688,486.7828369140625,56.1024169921875,161.9560546875,-1,-1,-1,-1
121,3,813.970703125,499.47662353515625,51.739013671875,159.16864013671875,-1,-1,-1,-1
122,3,812.718994140625,510.4017028808594,49.46435546875,149.69998168945312,-1,-1,-1,-1
123,3,813.6141967773438,522.90966796875,48.703857421875,131.554931640625,-1,-1,-1,-1
124,3,818.7234497070312,532.3545532226562,56.58355712890625,138.001708984375,-1,-1,-1,-1
125,3,826.0964965820312,528.3209838867188,52.77569580078125,137.04437255859375,-1,-1,-1,-1
126,3,837.36328125,516.6648559570312,52.97674560546875,138.6834716796875,-1,-1,-1,-1
127,3,854.8280639648438,514.4774780273438,48.11041259765625,131.78076171875,-1,-1,-1,-1
128,3,866.9573364257812,513.4976806640625,53.7454833984375,133.39031982421875,-1,-1,-1,-1
129,3,873.10205078125,511.8088073730469,53.49908447265625,136.47769165039062,-1,-1,-1,-1
130,3,877.2389526367188,512.7444763183594,52.83831787109375,138.56387329101562,-1,-1,-1,-1
131,3,880.5408325195312,513.177734375,49.1463623046875,133.2760009765625,-1,-1,-1,-1
132,3,881.7137451171875,516.269775390625,47.96136474609375,127.52569580078125,-1,-1,-1,-1
133,3,868.5556640625,519.0478515625,55.35650634765625,144.08074951171875,-1,-1,-1,-1
134,3,861.1410522460938,518.2066040039062,51.1646728515625,135.45928955078125,-1,-1,-1,-1
135,3,849.1961669921875,519.0485229492188,52.952880859375,139.390869140625,-1,-1,-1,-1
136,3,835.0729370117188,518.5711059570312,53.9415283203125,152.1578369140625,-1,-1,-1,-1
137,3,819.3613891601562,521.4094848632812,56.55511474609375,165.39788818359375,-1,-1,-1,-1
138,3,809.724853515625,525.8757934570312,54.23675537109375,156.106201171875,-1,-1,-1,-1
139,3,801.4061889648438,534.788330078125,50.53692626953125,131.62408447265625,-1,-1,-1,-1
140,3,785.1676635742188,543.5440063476562,50.12939453125,128.700927734375,-1,-1,-1,-1
141,3,774.47265625,547.6886596679688,63.843505859375,134.40582275390625,-1,-1,-1,-1
142,3,757.7349853515625,547.7041015625,68.415771484375,145.61761474609375,-1,-1,-1,-1
143,3,725.5252685546875,530.7823486328125,90.18988037109375,179.28564453125,-1,-1,-1,-1
144,3,702.3804321289062,516.52001953125,107.6685791015625,219.62774658203125,-1,-1,-1,-1
145,3,692.2162475585938,502.7593994140625,108.56610107421875,244.29949951171875,-1,-1,-1,-1
146,3,683.5706176757812,501.1683044433594,111.90802001953125,266.1756286621094,-1,-1,-1,-1
147,3,679.7193603515625,509.675048828125,106.77764892578125,266.73468017578125,-1,-1,-1,-1
148,3,664.7638549804688,523.3281860351562,108.415283203125,267.84442138671875,-1,-1,-1,-1
149,3,660.0624389648438,539.5942993164062,113.61773681640625,251.10455322265625,-1,-1,-1,-1
150,3,665.084228515625,558.2532958984375,108.40692138671875,209.650146484375,-1,-1,-1,-1
151,3,665.4229736328125,570.3117065429688,95.994140625,183.23590087890625,-1,-1,-1,-1
152,3,664.4102172851562,573.70263671875,98.34368896484375,177.36627197265625,-1,-1,-1,-1
153,3,666.7022705078125,576.271728515625,95.4462890625,185.5330810546875,-1,-1,-1,-1
154,3,662.931884765625,573.135986328125,97.6790771484375,192.12640380859375,-1,-1,-1,-1
155,3,665.45361328125,568.2032470703125,105.19708251953125,204.123046875,-1,-1,-1,-1
156,3,702.2066650390625,575.8588256835938,72.40924072265625,149.797607421875,-1,-1,-1,-1
157,3,718.6775512695312,576.6333618164062,68.2513427734375,143.17767333984375,-1,-1,-1,-1
158,3,730.802734375,574.3114013671875,56.31707763671875,129.4317626953125,-1,-1,-1,-1
159,3,741.9951782226562,572.5432739257812,52.98175048828125,128.8612060546875,-1,-1,-1,-1
160,3,743.0653076171875,573.5895385742188,53.8194580078125,144.47265625,-1,-1,-1,-1
161,3,747.4933471679688,579.4480590820312,54.29248046875,147.2078857421875,-1,-1,-1,-1
162,3,755.2067260742188,580.1966552734375,52.78302001953125,136.91473388671875,-1,-1,-1,-1
163,3,771.05615234375,589.2002563476562,51.9998779296875,128.327392578125,-1,-1,-1,-1
164,3,769.437744140625,578.9269409179688,54.6898193359375,139.363525390625,-1,-1,-1,-1
165,3,777.9135131835938,583.509521484375,58.424560546875,143.376708984375,-1,-1,-1,-1
166,3,781.709716796875,577.2377319335938,58.93511962890625,147.50799560546875,-1,-1,-1,-1
167,3,781.6181640625,577.287841796875,58.1376953125,147.3609619140625,-1,-1,-1,-1
168,3,769.3651733398438,580.736328125,59.63037109375,139.76153564453125,-1,-1,-1,-1
169,3,757.0756225585938,580.8387451171875,60.53790283203125,137.41143798828125,-1,-1,-1,-1
170,3,741.665771484375,586.9493408203125,51.97320556640625,126.98760986328125,-1,-1,-1,-1
171,3,725.91943359375,597.21630859375,55.8546142578125,133.26556396484375,-1,-1,-1,-1
172,3,714.8724365234375,605.073974609375,45.2086181640625,122.3289794921875,-1,-1,-1,-1
173,3,702.6787719726562,619.3934326171875,54.0408935546875,132.0035400390625,-1,-1,-1,-1
174,3,702.021728515625,625.2875366210938,55.537109375,137.09234619140625,-1,-1,-1,-1
175,3,696.1707763671875,623.6427612304688,57.0283203125,139.6444091796875,-1,-1,-1,-1
176,3,690.1187744140625,627.1460571289062,63.87213134765625,141.05731201171875,-1,-1,-1,-1
177,3,682.23193359375,614.7147827148438,63.94671630859375,141.04644775390625,-1,-1,-1,-1
178,3,681.6915283203125,619.7776489257812,64.4541015625,139.467529296875,-1,-1,-1,-1
179,3,681.9541625976562,616.9564208984375,64.60113525390625,144.34161376953125,-1,-1,-1,-1
180,3,681.2116088867188,612.8094482421875,54.86834716796875,135.091796875,-1,-1,-1,-1
181,3,671.7151489257812,613.9925537109375,59.18157958984375,137.2646484375,-1,-1,-1,-1
182,3,667.2052001953125,612.4908447265625,60.5697021484375,143.96612548828125,-1,-1,-1,-1
183,3,665.1767578125,616.7037353515625,61.5401611328125,144.0892333984375,-1,-1,-1,-1
184,3,659.2197875976562,619.1018676757812,65.81536865234375,145.67425537109375,-1,-1,-1,-1
185,3,657.59130859375,621.8801879882812,59.20208740234375,137.68707275390625,-1,-1,-1,-1
186,3,656.9100952148438,622.8587646484375,60.233154296875,138.75640869140625,-1,-1,-1,-1
187,3,659.0263061523438,626.0828247070312,62.69110107421875,142.8111572265625,-1,-1,-1,-1
188,3,662.0890502929688,630.7220458984375,61.28424072265625,137.6087646484375,-1,-1,-1,-1
189,3,670.8837890625,635.6564331054688,60.13519287109375,140.6510009765625,-1,-1,-1,-1
190,3,685.2998046875,635.1179809570312,51.919189453125,130.7061767578125,-1,-1,-1,-1
191,3,699.2098999023438,636.7604370117188,56.98651123046875,141.977783203125,-1,-1,-1,-1
192,3,727.83837890625,637.3622436523438,52.45361328125,128.49688720703125,-1,-1,-1,-1
193,3,768.8860473632812,635.9364624023438,46.012451171875,125.00286865234375,-1,-1,-1,-1
194,3,798.6067504882812,637.9800415039062,53.48968505859375,131.03076171875,-1,-1,-1,-1
195,3,824.8209838867188,638.26953125,53.17376708984375,125.1463623046875,-1,-1,-1,-1
196,3,844.9022216796875,642.6228637695312,58.13079833984375,132.9527587890625,-1,-1,-1,-1
197,3,858.9905395507812,630.1663208007812,54.515869140625,131.64825439453125,-1,-1,-1,-1
198,3,867.8177490234375,621.5789794921875,58.4742431640625,141.4188232421875,-1,-1,-1,-1
199,3,873.808837890625,615.9432373046875,57.0272216796875,139.5533447265625,-1,-1,-1,-1
200,3,881.2927856445312,614.5776977539062,52.59796142578125,137.1683349609375,-1,-1,-1,-1
201,3,882.9041137695312,616.450439453125,53.89874267578125,133.336669921875,-1,-1,-1,-1
202,3,881.0050048828125,622.1506958007812,51.876220703125,135.15362548828125,-1,-1,-1,-1
203,3,882.4032592773438,625.2657470703125,46.893310546875,130.521240234375,-1,-1,-1,-1
204,3,883.6763305664062,625.8145141601562,47.22161865234375,131.60430908203125,-1,-1,-1,-1
205,3,879.73486328125,626.81201171875,47.08551025390625,132.144775390625,-1,-1,-1,-1
206,3,872.0767822265625,629.7001342773438,58.82666015625,141.60455322265625,-1,-1,-1,-1
207,3,866.087890625,629.6461791992188,59.7891845703125,147.7384033203125,-1,-1,-1,-1
208,3,866.1818237304688,632.98095703125,55.1083984375,142.30548095703125,-1,-1,-1,-1
209,3,864.7763671875,648.5179443359375,62.850341796875,143.00885009765625,-1,-1,-1,-1
210,3,842.3148803710938,645.722900390625,65.8980712890625,151.5242919921875,-1,-1,-1,-1
211,3,816.7404174804688,646.2424926757812,62.6512451171875,145.4842529296875,-1,-1,-1,-1
212,3,771.1329956054688,639.783935546875,64.22381591796875,153.342529296875,-1,-1,-1,-1
213,3,743.30712890625,638.39990234375,61.4498291015625,146.5267333984375,-1,-1,-1,-1
214,3,718.2894287109375,637.893310546875,62.17578125,149.04595947265625,-1,-1,-1,-1
215,3,703.6801147460938,641.22412109375,61.40802001953125,149.007080078125,-1,-1,-1,-1
216,3,696.8345947265625,638.7352905273438,48.90814208984375,135.04840087890625,-1,-1,-1,-1
217,3,686.3864135742188,643.690673828125,61.17169189453125,143.56475830078125,-1,-1,-1,-1
218,3,709.2460327148438,694.4775390625,44.0946044921875,101.3199462890625,-1,-1,-1,-1
219,3,686.5070190429688,669.21923828125,60.4097900390625,126.21905517578125,-1,-1,-1,-1
162,4,473.70404052734375,597.2523193359375,42.5899658203125,95.2786865234375,-1,-1,-1,-1
163,4,481.8034362792969,594.2883911132812,42.205963134765625,102.73419189453125,-1,-1,-1,-1
164,4,488.694091796875,593.0513305664062,44.2587890625,108.64495849609375,-1,-1,-1,-1
165,4,494.6230163574219,591.03125,42.428436279296875,104.6707763671875,-1,-1,-1,-1
166,4,501.1800842285156,588.6093139648438,43.398834228515625,103.170654296875,-1,-1,-1,-1
167,4,498.81732177734375,590.6787109375,43.93365478515625,104.86846923828125,-1,-1,-1,-1
168,4,488.19781494140625,595.8699340820312,44.390869140625,103.940185546875,-1,-1,-1,-1
169,4,474.1829528808594,599.5397338867188,44.060577392578125,102.95367431640625,-1,-1,-1,-1
170,4,454.8576354980469,603.9616088867188,45.889678955078125,108.8248291015625,-1,-1,-1,-1
171,4,435.57537841796875,610.0620727539062,47.36492919921875,119.103271484375,-1,-1,-1,-1
172,4,419.02777099609375,613.623779296875,44.14666748046875,104.5164794921875,-1,-1,-1,-1
173,4,409.41717529296875,625.0610961914062,45.3824462890625,106.5408935546875,-1,-1,-1,-1
174,4,407.57861328125,634.2842407226562,42.697235107421875,99.88714599609375,-1,-1,-1,-1
175,4,403.0379943847656,634.3685913085938,43.9564208984375,101.60546875,-1,-1,-1,-1
176,4,394.8777770996094,632.2876586914062,43.56903076171875,96.67718505859375,-1,-1,-1,-1
177,4,389.6000061035156,629.1971435546875,43.47613525390625,102.3853759765625,-1,-1,-1,-1
178,4,384.3236389160156,629.5679931640625,48.520751953125,105.26739501953125,-1,-1,-1,-1
179,4,383.03466796875,627.4839477539062,48.0877685546875,111.20220947265625,-1,-1,-1,-1
180,4,379.8958435058594,622.3812255859375,45.053436279296875,109.19818115234375,-1,-1,-1,-1
181,4,372.2510986328125,622.2152709960938,46.84881591796875,114.0443115234375,-1,-1,-1,-1
182,4,366.6534423828125,624.7301635742188,44.51904296875,103.60888671875,-1,-1,-1,-1
183,4,362.52911376953125,629.3076782226562,43.49853515625,101.93084716796875,-1,-1,-1,-1
184,4,359.35723876953125,631.4644775390625,44.395416259765625,101.67767333984375,-1,-1,-1,-1
185,4,352.85516357421875,633.5186157226562,48.755126953125,102.16705322265625,-1,-1,-1,-1
186,4,352.5448303222656,632.824951171875,46.3695068359375,105.18011474609375,-1,-1,-1,-1
187,4,354.9635009765625,637.4696655273438,48.771514892578125,106.6214599609375,-1,-1,-1,-1
188,4,360.18798828125,643.0465698242188,45.84686279296875,100.656494140625,-1,-1,-1,-1
189,4,368.2134094238281,644.398193359375,50.268707275390625,115.5294189453125,-1,-1,-1,-1
190,4,383.4901123046875,642.3796997070312,47.76678466796875,101.4063720703125,-1,-1,-1,-1
191,4,400.9894714355469,642.13232421875,47.9637451171875,109.271240234375,-1,-1,-1,-1
192,4,436.0130310058594,643.0596313476562,43.069488525390625,100.507080078125,-1,-1,-1,-1
193,4,478.53631591796875,643.5052490234375,42.67230224609375,101.0665283203125,-1,-1,-1,-1
194,4,513.4046630859375,648.7573852539062,44.86993408203125,104.0826416015625,-1,-1,-1,-1
195,4,539.071044921875,649.378662109375,45.5587158203125,98.1016845703125,-1,-1,-1,-1
196,4,560.1962890625,645.3558959960938,42.4024658203125,93.69073486328125,-1,-1,-1,-1
197,4,575.354248046875,636.1083984375,39.91436767578125,87.81341552734375,-1,-1,-1,-1
198,4,584.4102172851562,628.6421508789062,43.9246826171875,93.39910888671875,-1,-1,-1,-1
199,4,590.7928466796875,626.1297607421875,41.7279052734375,98.05535888671875,-1,-1,-1,-1
200,4,594.1605834960938,625.6856689453125,39.54534912109375,92.08099365234375,-1,-1,-1,-1
201,4,593.9949951171875,627.6160888671875,40.95892333984375,95.5775146484375,-1,-1,-1,-1
202,4,595.248291015625,631.9569091796875,39.83197021484375,91.92431640625,-1,-1,-1,-1
203,4,594.5933227539062,636.95703125,39.6671142578125,94.11529541015625,-1,-1,-1,-1
204,4,595.8115234375,640.2904663085938,39.909912109375,99.34173583984375,-1,-1,-1,-1
205,4,592.3903198242188,642.7689819335938,38.78631591796875,90.41015625,-1,-1,-1,-1
206,4,586.2601928710938,645.7957763671875,43.15399169921875,93.926025390625,-1,-1,-1,-1
207,4,579.9524536132812,645.5278930664062,42.7396240234375,94.19354248046875,-1,-1,-1,-1
208,4,577.04248046875,648.7996215820312,40.3380126953125,94.188232421875,-1,-1,-1,-1
209,4,569.0838623046875,654.6023559570312,43.03009033203125,103.3681640625,-1,-1,-1,-1
210,4,554.0227661132812,657.123046875,45.67352294921875,108.1982421875,-1,-1,-1,-1
211,4,522.4608764648438,657.0609130859375,45.04827880859375,103.4586181640625,-1,-1,-1,-1
212,4,480.0702209472656,656.7984008789062,47.160369873046875,103.65484619140625,-1,-1,-1,-1
213,4,441.7275390625,656.582275390625,47.646942138671875,110.4727783203125,-1,-1,-1,-1
214,4,414.4016418457031,654.1893920898438,48.666259765625,117.60577392578125,-1,-1,-1,-1
215,4,395.33160400390625,655.8748779296875,48.8828125,116.90118408203125,-1,-1,-1,-1
216,4,382.33404541015625,657.9085693359375,49.168487548828125,112.6583251953125,-1,-1,-1,-1
217,4,373.20068359375,659.414794921875,48.29876708984375,107.2698974609375,-1,-1,-1,-1
218,4,365.7597961425781,660.03662109375,46.802764892578125,110.94329833984375,-1,-1,-1,-1
219,4,359.1065673828125,657.4093627929688,48.00787353515625,110.21759033203125,-1,-1,-1,-1
220,4,353.5666198730469,650.2222290039062,50.93463134765625,119.3834228515625,-1,-1,-1,-1
221,4,341.57958984375,651.7532348632812,52.46429443359375,121.97430419921875,-1,-1,-1,-1
222,4,337.9346923828125,655.1815795898438,52.26092529296875,122.58074951171875,-1,-1,-1,-1
223,4,338.56890869140625,661.62939453125,48.575408935546875,118.84844970703125,-1,-1,-1,-1
224,4,345.98248291015625,668.59228515625,47.1307373046875,117.61651611328125,-1,-1,-1,-1
225,4,359.9354553222656,673.6661987304688,47.02239990234375,115.3017578125,-1,-1,-1,-1
226,4,373.9770202636719,677.3629760742188,48.51629638671875,117.02392578125,-1,-1,-1,-1
227,4,393.1555480957031,685.5562744140625,44.865997314453125,114.895751953125,-1,-1,-1,-1
228,4,429.4037780761719,698.3696899414062,45.60784912109375,115.306884765625,-1,-1,-1,-1
229,4,486.6861572265625,704.2551879882812,47.87677001953125,115.5489501953125,-1,-1,-1,-1
230,4,542.7208251953125,697.887939453125,42.79754638671875,106.0389404296875,-1,-1,-1,-1
231,4,574.6845703125,679.0711059570312,43.628662109375,112.46246337890625,-1,-1,-1,-1
232,4,589.777587890625,662.9091186523438,42.27105712890625,103.69384765625,-1,-1,-1,-1
233,4,597.6138916015625,649.481689453125,39.87896728515625,106.21435546875,-1,-1,-1,-1
234,4,603.7384643554688,635.6549682617188,42.6717529296875,101.01800537109375,-1,-1,-1,-1
235,4,610.0012817382812,627.9686279296875,40.05572509765625,98.2230224609375,-1,-1,-1,-1
236,4,613.9906616210938,619.138916015625,41.45550537109375,103.16278076171875,-1,-1,-1,-1
237,4,617.7957763671875,604.2779541015625,41.10638427734375,101.91558837890625,-1,-1,-1,-1
238,4,619.412109375,590.3860473632812,38.7523193359375,95.51348876953125,-1,-1,-1,-1
239,4,616.154541015625,586.9296875,40.83807373046875,93.27423095703125,-1,-1,-1,-1
240,4,610.5174560546875,586.3560791015625,42.28057861328125,95.6575927734375,-1,-1,-1,-1
241,4,606.2863159179688,586.2380981445312,41.90203857421875,99.820068359375,-1,-1,-1,-1
242,4,605.9434204101562,584.576904296875,39.23345947265625,91.90972900390625,-1,-1,-1,-1
243,4,605.509033203125,580.0184326171875,38.50390625,88.8095703125,-1,-1,-1,-1
244,4,604.7765502929688,573.133544921875,47.09967041015625,105.47711181640625,-1,-1,-1,-1
245,4,607.4879760742188,564.8233642578125,41.338623046875,102.47998046875,-1,-1,-1,-1
246,4,613.2675170898438,561.3355102539062,43.333251953125,93.25341796875,-1,-1,-1,-1
247,4,619.9534301757812,560.29296875,41.01953125,93.66302490234375,-1,-1,-1,-1
248,4,620.4998168945312,551.089599609375,39.96331787109375,92.9747314453125,-1,-1,-1,-1
249,4,626.7901000976562,549.4994506835938,44.1015625,91.31787109375,-1,-1,-1,-1
250,4,629.1879272460938,545.1395874023438,43.772705078125,96.74737548828125,-1,-1,-1,-1
251,4,626.4739990234375,545.3356323242188,43.483154296875,96.4962158203125,-1,-1,-1,-1
252,4,622.450927734375,554.8637084960938,40.61492919921875,92.645263671875,-1,-1,-1,-1
253,4,623.315185546875,559.1434936523438,45.9661865234375,98.73382568359375,-1,-1,-1,-1
254,4,634.0076904296875,555.3091430664062,46.55767822265625,104.91259765625,-1,-1,-1,-1
255,4,644.386962890625,543.4154663085938,45.4315185546875,105.8958740234375,-1,-1,-1,-1
256,4,649.5267333984375,544.5982055664062,43.365234375,101.0670166015625,-1,-1,-1,-1
257,4,655.2993774414062,543.4210205078125,46.14532470703125,107.08074951171875,-1,-1,-1,-1
258,4,657.2266845703125,539.340087890625,45.93206787109375,111.06976318359375,-1,-1,-1,-1
259,4,649.7880249023438,548.3328247070312,42.17041015625,99.05987548828125,-1,-1,-1,-1
260,4,645.73095703125,549.661865234375,45.87615966796875,114.5355224609375,-1,-1,-1,-1
261,4,649.6951293945312,550.5291748046875,42.96600341796875,101.18084716796875,-1,-1,-1,-1
262,4,655.9947509765625,557.4832153320312,44.78338623046875,103.55792236328125,-1,-1,-1,-1
263,4,657.402587890625,565.195556640625,46.5748291015625,105.46807861328125,-1,-1,-1,-1
264,4,658.3408813476562,572.915283203125,44.81829833984375,96.363037109375,-1,-1,-1,-1
265,4,665.4631958007812,566.6726684570312,45.44671630859375,99.762939453125,-1,-1,-1,-1
266,4,675.0435791015625,558.5922241210938,46.58367919921875,108.02215576171875,-1,-1,-1,-1
267,4,679.7211303710938,573.023193359375,46.82647705078125,99.248046875,-1,-1,-1,-1
268,4,683.7182006835938,577.005126953125,44.06939697265625,96.24188232421875,-1,-1,-1,-1
269,4,685.9043579101562,582.470458984375,45.70867919921875,94.9227294921875,-1,-1,-1,-1
270,4,691.701904296875,587.4736938476562,45.7530517578125,102.97686767578125,-1,-1,-1,-1
271,4,692.8741455078125,588.618408203125,42.67852783203125,98.22247314453125,-1,-1,-1,-1
272,4,686.9679565429688,598.576416015625,47.40087890625,97.34716796875,-1,-1,-1,-1
273,4,689.3070678710938,595.0131225585938,48.7794189453125,103.01568603515625,-1,-1,-1,-1
274,4,678.0452270507812,583.01220703125,47.2611083984375,94.48858642578125,-1,-1,-1,-1
275,4,658.7098388671875,580.4425048828125,47.9420166015625,93.2052001953125,-1,-1,-1,-1
276,4,649.4804077148438,573.5073852539062,48.0057373046875,98.48004150390625,-1,-1,-1,-1
277,4,645.4110717773438,577.0772705078125,45.4119873046875,95.5428466796875,-1,-1,-1,-1
278,4,643.64697265625,582.4561767578125,42.8731689453125,87.74853515625,-1,-1,-1,-1
279,4,642.79931640625,581.5487060546875,43.1722412109375,86.8297119140625,-1,-1,-1,-1
280,4,641.962890625,589.184814453125,44.89080810546875,94.45782470703125,-1,-1,-1,-1
281,4,649.1943969726562,592.7789916992188,42.215087890625,90.7344970703125,-1,-1,-1,-1
282,4,655.1698608398438,586.13134765625,47.05230712890625,93.3145751953125,-1,-1,-1,-1
283,4,657.9921264648438,568.2327880859375,49.96295166015625,98.5234375,-1,-1,-1,-1
284,4,662.9824829101562,561.627685546875,43.73614501953125,91.28594970703125,-1,-1,-1,-1
285,4,675.6947631835938,573.34423828125,46.00787353515625,91.47802734375,-1,-1,-1,-1
286,4,688.7330322265625,575.736083984375,46.50921630859375,94.46875,-1,-1,-1,-1
287,4,701.4913940429688,567.21728515625,46.1986083984375,92.30426025390625,-1,-1,-1,-1
288,4,720.3222045898438,573.0869140625,45.06329345703125,97.843017578125,-1,-1,-1,-1
289,4,738.873291015625,584.0689697265625,48.20703125,101.60748291015625,-1,-1,-1,-1
290,4,761.1165161132812,583.7273559570312,44.72637939453125,103.67425537109375,-1,-1,-1,-1
291,4,775.1160278320312,564.8637084960938,52.2022705078125,109.55511474609375,-1,-1,-1,-1
292,4,786.1715087890625,537.6072387695312,75.42926025390625,159.51934814453125,-1,-1,-1,-1
210,5,737.2498168945312,672.258544921875,60.03887939453125,165.08306884765625,-1,-1,-1,-1
211,5,679.4476318359375,636.8699951171875,69.32684326171875,199.4332275390625,-1,-1,-1,-1
212,5,644.0702514648438,644.5103149414062,67.05621337890625,196.9339599609375,-1,-1,-1,-1
213,5,606.9437866210938,643.0226440429688,70.27191162109375,199.39471435546875,-1,-1,-1,-1
214,5,573.2047119140625,638.8463134765625,80.97283935546875,209.560791015625,-1,-1,-1,-1
215,5,545.4314575195312,638.68603515625,89.80767822265625,220.894775390625,-1,-1,-1,-1
216,5,552.2581176757812,642.9462280273438,74.463623046875,208.44024658203125,-1,-1,-1,-1
217,5,539.5457153320312,643.192138671875,77.68267822265625,205.056884765625,-1,-1,-1,-1
218,5,532.2786254882812,643.8434448242188,77.5421142578125,204.2613525390625,-1,-1,-1,-1
220,5,522.7628173828125,633.8925170898438,76.3704833984375,214.03533935546875,-1,-1,-1,-1
221,5,514.6403198242188,634.1896362304688,74.26507568359375,202.03167724609375,-1,-1,-1,-1
222,5,499.0457763671875,635.0076904296875,88.5880126953125,210.894775390625,-1,-1,-1,-1
223,5,507.0921630859375,641.722900390625,79.90765380859375,206.32098388671875,-1,-1,-1,-1
224,5,512.135009765625,645.8004150390625,81.59576416015625,206.76727294921875,-1,-1,-1,-1
225,5,525.6097412109375,652.5685424804688,77.4449462890625,199.48712158203125,-1,-1,-1,-1
226,5,540.9777221679688,656.718505859375,77.39794921875,205.9520263671875,-1,-1,-1,-1
227,5,562.620361328125,661.5874633789062,69.76519775390625,201.07476806640625,-1,-1,-1,-1
228,5,589.2861328125,674.4061889648438,78.41998291015625,202.19256591796875,-1,-1,-1,-1
229,5,629.0823364257812,679.7555541992188,93.2874755859375,210.9041748046875,-1,-1,-1,-1
230,5,694.6615600585938,674.763671875,109.53955078125,198.21966552734375,-1,-1,-1,-1
231,5,706.8743286132812,654.0699462890625,111.75787353515625,201.2030029296875,-1,-1,-1,-1
232,5,730.3573608398438,641.9505615234375,92.69683837890625,197.35394287109375,-1,-1,-1,-1
233,5,731.0928344726562,631.5140380859375,96.56805419921875,191.0660400390625,-1,-1,-1,-1
234,5,730.196533203125,624.12548828125,99.52838134765625,178.9989013671875,-1,-1,-1,-1
235,5,735.58056640625,619.3592529296875,93.889892578125,174.87017822265625,-1,-1,-1,-1
236,5,740.0712280273438,616.7815551757812,98.01385498046875,172.41778564453125,-1,-1,-1,-1
237,5,745.7223510742188,603.5849609375,101.172119140625,179.0205078125,-1,-1,-1,-1
238,5,746.8688354492188,588.3648681640625,107.91162109375,185.2144775390625,-1,-1,-1,-1
239,5,766.1182861328125,600.0033569335938,100.3648681640625,170.93914794921875,-1,-1,-1,-1
240,5,763.2944946289062,626.9312744140625,85.24847412109375,143.83721923828125,-1,-1,-1,-1
241,5,761.2064208984375,625.6531372070312,85.775634765625,144.353271484375,-1,-1,-1,-1
242,5,756.56494140625,621.894775390625,88.65740966796875,148.92022705078125,-1,-1,-1,-1
254,6,933.0760498046875,530.7742919921875,52.357177734375,144.5140380859375,-1,-1,-1,-1
255,6,943.9592895507812,521.4227294921875,51.14453125,143.5853271484375,-1,-1,-1,-1
256,6,944.9202270507812,518.8002319335938,53.3946533203125,142.1812744140625,-1,-1,-1,-1
257,6,946.9581909179688,516.6558227539062,55.55975341796875,146.36474609375,-1,-1,-1,-1
258,6,942.703369140625,513.0714111328125,59.5726318359375,155.0162353515625,-1,-1,-1,-1
259,6,935.8006591796875,524.0182495117188,57.522216796875,148.76727294921875,-1,-1,-1,-1
260,6,931.0980224609375,523.6494750976562,57.48126220703125,148.31787109375,-1,-1,-1,-1
261,6,935.4821166992188,528.731689453125,59.3780517578125,149.771728515625,-1,-1,-1,-1
262,6,936.0087890625,531.374267578125,62.78790283203125,154.67144775390625,-1,-1,-1,-1
263,6,931.9736938476562,537.761962890625,68.30096435546875,159.538818359375,-1,-1,-1,-1
264,6,937.2505493164062,548.5848388671875,64.82366943359375,158.4781494140625,-1,-1,-1,-1
265,6,935.3223876953125,544.67333984375,72.7200927734375,161.71746826171875,-1,-1,-1,-1
266,6,949.2928466796875,538.91259765625,72.8580322265625,164.1697998046875,-1,-1,-1,-1
267,6,959.5115356445312,553.37158203125,65.92279052734375,160.90325927734375,-1,-1,-1,-1
268,6,963.2957153320312,553.966064453125,63.63018798828125,165.85736083984375,-1,-1,-1,-1
269,6,963.6185302734375,562.5253295898438,69.7801513671875,169.27581787109375,-1,-1,-1,-1
270,6,969.174072265625,575.960693359375,72.62841796875,171.3370361328125,-1,-1,-1,-1
271,6,977.1551513671875,574.7848510742188,75.2977294921875,171.7371826171875,-1,-1,-1,-1
272,6,975.4961547851562,578.998779296875,83.73431396484375,167.6212158203125,-1,-1,-1,-1
273,6,973.7688598632812,574.7520751953125,85.84783935546875,167.554931640625,-1,-1,-1,-1
274,6,963.64208984375,558.9568481445312,94.914794921875,170.57318115234375,-1,-1,-1,-1
302,7,853.5843505859375,526.1409912109375,43.48016357421875,91.78045654296875,-1,-1,-1,-1
303,7,868.9672241210938,523.0535278320312,41.07696533203125,88.01971435546875,-1,-1,-1,-1
304,7,884.3219604492188,518.6024169921875,44.43603515625,93.2322998046875,-1,-1,-1,-1
305,7,901.782958984375,523.3882446289062,42.602294921875,92.1163330078125,-1,-1,-1,-1
306,7,934.4967651367188,523.6307983398438,43.04656982421875,86.75469970703125,-1,-1,-1,-1
307,7,965.6676635742188,523.766845703125,45.71063232421875,103.81219482421875,-1,-1,-1,-1
308,7,969.4163208007812,475.9603576660156,62.45587158203125,139.18875122070312,-1,-1,-1,-1
309,7,965.2886352539062,452.657470703125,86.96392822265625,192.203369140625,-1,-1,-1,-1
312,7,757.68408203125,355.6775817871094,236.84722900390625,415.8390808105469,-1,-1,-1,-1
313,7,682.5782470703125,396.5802917480469,330.7674560546875,492.3014831542969,-1,-1,-1,-1
314,7,633.31884765625,439.7060241699219,424.9339599609375,437.3032531738281,-1,-1,-1,-1
315,7,597.8004150390625,446.0943908691406,495.85791015625,486.0347595214844,-1,-1,-1,-1
316,7,645.1141357421875,466.2916259765625,423.863037109375,496.92822265625,-1,-1,-1,-1
317,7,699.3767700195312,471.22222900390625,352.15716552734375,493.65533447265625,-1,-1,-1,-1
320,8,931.5751342773438,406.0613708496094,50.6507568359375,94.74740600585938,-1,-1,-1,-1
321,8,934.555908203125,415.2422180175781,51.052734375,97.95327758789062,-1,-1,-1,-1
322,8,944.5923461914062,436.5572509765625,50.20306396484375,91.4482421875,-1,-1,-1,-1
323,8,947.4526977539062,459.0723876953125,52.52655029296875,102.9833984375,-1,-1,-1,-1
324,8,968.5582885742188,465.5751037597656,46.43597412109375,91.97055053710938,-1,-1,-1,-1
325,8,980.7783813476562,441.04351806640625,50.56793212890625,102.6065673828125,-1,-1,-1,-1
326,8,1024.8309936523438,404.9322204589844,51.42132568359375,96.10452270507812,-1,-1,-1,-1
327,8,1045.91552734375,399.82354736328125,57.2955322265625,114.68658447265625,-1,-1,-1,-1
328,8,1062.7554931640625,392.6400451660156,63.5576171875,120.70138549804688,-1,-1,-1,-1
329,8,1093.5140380859375,408.8871154785156,54.6805419921875,106.94143676757812,-1,-1,-1,-1
330,8,1101.149658203125,416.86468505859375,57.0162353515625,129.5079345703125,-1,-1,-1,-1
331,8,1111.313720703125,427.5123291015625,57.7127685546875,130.128662109375,-1,-1,-1,-1
332,8,1133.189208984375,425.69091796875,48.7518310546875,108.85443115234375,-1,-1,-1,-1
333,8,1128.969482421875,425.65850830078125,47.336181640625,130.30084228515625,-1,-1,-1,-1
334,8,1122.1151123046875,433.89337158203125,55.7723388671875,161.7442626953125,-1,-1,-1,-1
322,9,1268.4466552734375,418.8875427246094,82.282958984375,211.43356323242188,-1,-1,-1,-1
323,9,1268.360595703125,440.0467224121094,80.57177734375,211.91409301757812,-1,-1,-1,-1
324,9,1286.04296875,451.5957336425781,77.6524658203125,209.60568237304688,-1,-1,-1,-1
325,9,1293.384521484375,436.0091552734375,92.92822265625,206.3330078125,-1,-1,-1,-1
326,9,1319.6590576171875,415.81341552734375,83.6949462890625,209.63201904296875,-1,-1,-1,-1
345,10,1153.0478515625,426.3511047363281,73.8760986328125,193.44949340820312,-1,-1,-1,-1
346,10,1116.486328125,441.0137634277344,77.4345703125,187.17300415039062,-1,-1,-1,-1
347,10,1090.01953125,446.98541259765625,73.368896484375,183.70672607421875,-1,-1,-1,-1
348,10,1076.9293212890625,446.4400634765625,71.5340576171875,183.0596923828125,-1,-1,-1,-1
349,10,1069.55517578125,443.9842224121094,72.09716796875,182.56851196289062,-1,-1,-1,-1
350,10,1064.626220703125,442.96044921875,72.2774658203125,182.97113037109375,-1,-1,-1,-1
351,10,1065.614013671875,443.76422119140625,71.3238525390625,182.495361328125,-1,-1,-1,-1
352,10,1064.4111328125,443.9497375488281,71.3258056640625,182.59115600585938,-1,-1,-1,-1
353,10,1062.125732421875,439.7722473144531,69.43212890625,184.72109985351562,-1,-1,-1,-1
354,10,1063.9111328125,441.93475341796875,74.463623046875,184.159423828125,-1,-1,-1,-1
355,10,1050.9163818359375,441.9245910644531,72.4464111328125,182.16085815429688,-1,-1,-1,-1
356,10,1038.164306640625,446.1477355957031,76.450439453125,181.16958618164062,-1,-1,-1,-1
357,10,1033.6285400390625,448.704345703125,78.1517333984375,180.4306640625,-1,-1,-1,-1
358,10,1035.214599609375,458.8005676269531,76.6201171875,181.59646606445312,-1,-1,-1,-1
359,10,1034.7823486328125,467.6714172363281,72.7314453125,180.91519165039062,-1,-1,-1,-1
360,10,1035.0999755859375,472.06085205078125,72.18359375,181.7373046875,-1,-1,-1,-1
361,10,1037.292236328125,483.943603515625,71.047607421875,182.019775390625,-1,-1,-1,-1
362,10,1049.201171875,496.16400146484375,76.0360107421875,183.095947265625,-1,-1,-1,-1
363,10,1082.385498046875,492.0401611328125,71.042236328125,186.634765625,-1,-1,-1,-1
364,10,1126.073486328125,454.87994384765625,72.264892578125,194.54534912109375,-1,-1,-1,-1
365,10,1155.4879150390625,415.0376892089844,81.553466796875,201.83810424804688,-1,-1,-1,-1
366,10,1148.6815185546875,402.52838134765625,82.3087158203125,201.02288818359375,-1,-1,-1,-1
367,10,1106.8677978515625,409.94720458984375,74.380126953125,195.25543212890625,-1,-1,-1,-1
368,10,1065.6895751953125,433.5936279296875,72.2630615234375,189.7098388671875,-1,-1,-1,-1
369,10,1040.23779296875,455.80999755859375,69.795654296875,186.02838134765625,-1,-1,-1,-1
370,10,1026.150390625,475.64788818359375,67.260009765625,183.3883056640625,-1,-1,-1,-1
371,10,1014.1804809570312,489.96209716796875,70.94049072265625,182.07452392578125,-1,-1,-1,-1
372,10,1003.8861694335938,473.1283264160156,69.95880126953125,183.19717407226562,-1,-1,-1,-1
373,10,981.4371948242188,450.64471435546875,70.92572021484375,183.1051025390625,-1,-1,-1,-1
374,10,966.625732421875,446.9825439453125,69.7548828125,181.36370849609375,-1,-1,-1,-1
375,10,955.2810668945312,446.4501953125,69.68316650390625,180.29498291015625,-1,-1,-1,-1
376,10,945.2076416015625,448.02313232421875,68.940673828125,179.10107421875,-1,-1,-1,-1
377,10,942.1228637695312,446.27215576171875,68.76171875,178.93206787109375,-1,-1,-1,-1
378,10,941.7542114257812,449.3411865234375,65.74481201171875,178.19219970703125,-1,-1,-1,-1
379,10,940.7113037109375,458.7550048828125,64.11907958984375,178.0355224609375,-1,-1,-1,-1
380,10,932.860107421875,450.7891540527344,64.7174072265625,178.03317260742188,-1,-1,-1,-1
381,10,924.2767333984375,440.9786071777344,63.7235107421875,175.95370483398438,-1,-1,-1,-1
382,10,911.4898681640625,452.392578125,62.3258056640625,173.82586669921875,-1,-1,-1,-1
383,10,903.4871826171875,460.0054016113281,65.6671142578125,175.18307495117188,-1,-1,-1,-1
384,10,902.5210571289062,459.4903259277344,62.22039794921875,171.72415161132812,-1,-1,-1,-1
385,10,890.6527709960938,461.8812255859375,64.526123046875,172.94195556640625,-1,-1,-1,-1
386,10,878.0399169921875,472.0107116699219,66.6942138671875,170.95156860351562,-1,-1,-1,-1
387,10,874.1312255859375,482.0350646972656,61.879150390625,170.08651733398438,-1,-1,-1,-1
388,10,864.08349609375,482.2101745605469,64.5660400390625,169.33956909179688,-1,-1,-1,-1
389,10,854.8739013671875,482.38763427734375,59.93634033203125,167.4407958984375,-1,-1,-1,-1
390,10,844.0830688476562,479.77752685546875,57.05572509765625,164.3087158203125,-1,-1,-1,-1
391,10,831.80029296875,473.0223388671875,57.748779296875,163.81805419921875,-1,-1,-1,-1
392,10,830.9276123046875,463.0880432128906,60.1790771484375,166.80087280273438,-1,-1,-1,-1
393,10,829.0430908203125,461.0797119140625,60.98419189453125,164.3182373046875,-1,-1,-1,-1
394,10,829.4442138671875,458.92901611328125,60.689453125,162.95458984375,-1,-1,-1,-1
395,10,832.2467651367188,458.65728759765625,59.71221923828125,162.1815185546875,-1,-1,-1,-1
396,10,834.741943359375,458.18902587890625,62.775634765625,163.45306396484375,-1,-1,-1,-1
397,10,845.209228515625,470.4632568359375,56.86236572265625,160.72021484375,-1,-1,-1,-1
398,10,850.2536010742188,483.52978515625,56.53460693359375,159.94635009765625,-1,-1,-1,-1
399,10,851.8177490234375,496.9937438964844,56.35028076171875,159.04574584960938,-1,-1,-1,-1
400,10,848.0834350585938,505.42138671875,57.18048095703125,160.1053466796875,-1,-1,-1,-1
401,10,851.58984375,508.788330078125,57.4708251953125,158.52496337890625,-1,-1,-1,-1
402,10,851.5375366210938,511.75372314453125,57.09552001953125,157.8079833984375,-1,-1,-1,-1
403,10,852.3037719726562,512.9017944335938,59.51080322265625,158.73858642578125,-1,-1,-1,-1
404,10,859.146728515625,516.6820068359375,58.46832275390625,159.16241455078125,-1,-1,-1,-1
405,10,859.6556396484375,527.5122680664062,57.40887451171875,159.23114013671875,-1,-1,-1,-1
406,10,859.0330810546875,533.0751953125,58.29107666015625,159.821044921875,-1,-1,-1,-1
407,10,853.8740234375,526.2568969726562,59.9736328125,160.0152587890625,-1,-1,-1,-1
408,10,853.3394775390625,513.7123413085938,62.80902099609375,162.82562255859375,-1,-1,-1,-1
409,10,853.9488525390625,508.4481506347656,59.07037353515625,162.76626586914062,-1,-1,-1,-1
410,10,845.416015625,502.2747802734375,59.0892333984375,163.6243896484375,-1,-1,-1,-1
411,10,844.42529296875,502.97418212890625,59.4500732421875,165.1783447265625,-1,-1,-1,-1
412,10,848.4339599609375,507.9930725097656,60.6312255859375,165.72457885742188,-1,-1,-1,-1
413,10,857.0139770507812,510.1060791015625,62.8365478515625,165.3641357421875,-1,-1,-1,-1
414,10,857.3543701171875,509.727294921875,62.28564453125,164.1409912109375,-1,-1,-1,-1
415,10,846.954345703125,515.3215942382812,63.998046875,163.48895263671875,-1,-1,-1,-1
416,10,842.205322265625,520.2799682617188,63.011962890625,161.580810546875,-1,-1,-1,-1
417,10,840.6357421875,522.8909301757812,63.50372314453125,159.909912109375,-1,-1,-1,-1
418,10,831.6466064453125,526.5518188476562,61.162109375,158.6668701171875,-1,-1,-1,-1
419,10,822.9779052734375,530.1949462890625,61.57806396484375,159.31280517578125,-1,-1,-1,-1
420,10,819.5523681640625,535.486083984375,61.1173095703125,159.50921630859375,-1,-1,-1,-1
421,10,816.3441772460938,541.69677734375,62.02655029296875,156.76708984375,-1,-1,-1,-1
422,10,805.046630859375,540.22509765625,61.08587646484375,157.26727294921875,-1,-1,-1,-1
423,10,788.0135498046875,545.2198486328125,58.97723388671875,148.51409912109375,-1,-1,-1,-1
424,10,782.6444702148438,556.6351318359375,48.01837158203125,130.49310302734375,-1,-1,-1,-1
425,10,735.8297119140625,540.05029296875,78.7822265625,174.7330322265625,-1,-1,-1,-1
428,10,692.7136840820312,551.3484497070312,73.11968994140625,223.2818603515625,-1,-1,-1,-1
429,10,676.9898071289062,569.470947265625,61.70892333984375,177.19500732421875,-1,-1,-1,-1
430,10,658.5764770507812,572.4105224609375,52.52105712890625,155.95343017578125,-1,-1,-1,-1
431,10,640.7344360351562,581.7191162109375,56.30706787109375,152.2098388671875,-1,-1,-1,-1
432,10,625.777099609375,590.5625,54.14129638671875,149.8251953125,-1,-1,-1,-1
433,10,614.58642578125,590.4099731445312,58.22027587890625,151.8646240234375,-1,-1,-1,-1
434,10,596.872314453125,593.7333984375,62.96832275390625,154.0341796875,-1,-1,-1,-1
435,10,579.8800048828125,592.9786376953125,65.80938720703125,154.44854736328125,-1,-1,-1,-1
436,10,562.2655029296875,592.8755493164062,67.8243408203125,154.13134765625,-1,-1,-1,-1
437,10,542.509033203125,589.2108764648438,67.21319580078125,156.589111328125,-1,-1,-1,-1
438,10,520.888671875,587.838623046875,71.32220458984375,157.0250244140625,-1,-1,-1,-1
439,10,508.1278076171875,583.1502075195312,68.4410400390625,158.453857421875,-1,-1,-1,-1
440,10,496.6463623046875,584.3361206054688,72.901611328125,159.29705810546875,-1,-1,-1,-1
441,10,480.3828430175781,590.5484619140625,75.04177856445312,159.5263671875,-1,-1,-1,-1
442,10,467.94317626953125,589.2566528320312,75.6837158203125,160.45953369140625,-1,-1,-1,-1
443,10,460.538330078125,586.7440185546875,72.663330078125,161.05902099609375,-1,-1,-1,-1
444,10,456.9944763183594,587.4638671875,72.67727661132812,161.23974609375,-1,-1,-1,-1
445,10,461.8114013671875,585.0104370117188,68.794189453125,162.20941162109375,-1,-1,-1,-1
446,10,460.7218933105469,583.4530639648438,67.52371215820312,161.92022705078125,-1,-1,-1,-1
447,10,458.7561340332031,584.7589721679688,68.78823852539062,162.32623291015625,-1,-1,-1,-1
448,10,461.05523681640625,591.3136596679688,66.776123046875,161.80926513671875,-1,-1,-1,-1
449,10,460.9790954589844,602.2391357421875,68.05191040039062,163.17999267578125,-1,-1,-1,-1
450,10,452.62762451171875,609.024658203125,70.50555419921875,162.72998046875,-1,-1,-1,-1
451,10,435.701416015625,605.8633422851562,73.0626220703125,165.7540283203125,-1,-1,-1,-1
452,10,419.4136962890625,607.0374755859375,71.42971801757812,166.59039306640625,-1,-1,-1,-1
453,10,395.1420593261719,610.6070556640625,74.45584106445312,168.9544677734375,-1,-1,-1,-1
454,10,366.82080078125,610.792724609375,73.83026123046875,171.51434326171875,-1,-1,-1,-1
455,10,342.2533874511719,606.1678466796875,78.672119140625,174.72674560546875,-1,-1,-1,-1
456,10,319.3797302246094,600.0296630859375,78.51272583007812,178.71466064453125,-1,-1,-1,-1
457,10,303.8319091796875,577.5267944335938,78.94821166992188,179.38751220703125,-1,-1,-1,-1
458,10,301.4283447265625,538.5862426757812,81.86492919921875,182.5380859375,-1,-1,-1,-1
459,10,307.7218322753906,481.0838928222656,70.58682250976562,183.26901245117188,-1,-1,-1,-1
460,10,398.1878967285156,691.37548828125,97.99606323242188,222.32965087890625,-1,-1,-1,-1
346,11,805.98486328125,461.9748840332031,66.14801025390625,169.46701049804688,-1,-1,-1,-1
347,11,784.1927490234375,466.1922607421875,57.0760498046875,152.73876953125,-1,-1,-1,-1
348,11,773.6049194335938,463.1847229003906,49.5006103515625,134.09494018554688,-1,-1,-1,-1
349,11,764.40185546875,461.3193054199219,56.984619140625,145.44107055664062,-1,-1,-1,-1
350,11,757.2847290039062,461.947265625,50.1195068359375,121.75469970703125,-1,-1,-1,-1
351,11,759.8234252929688,464.57122802734375,47.14056396484375,100.3984375,-1,-1,-1,-1
352,11,761.2648315429688,467.93511962890625,43.78277587890625,91.35906982421875,-1,-1,-1,-1
353,11,755.2156982421875,475.7967224121094,47.18988037109375,98.90084838867188,-1,-1,-1,-1
354,11,758.417724609375,478.802734375,47.09423828125,106.7755126953125,-1,-1,-1,-1
355,11,744.010986328125,479.5669250488281,50.42816162109375,108.91604614257812,-1,-1,-1,-1
356,11,731.632568359375,480.5101013183594,50.0679931640625,118.27566528320312,-1,-1,-1,-1
357,11,727.8627319335938,481.96142578125,54.01788330078125,144.171875,-1,-1,-1,-1
358,11,728.5441284179688,493.4910583496094,50.3187255859375,129.28616333007812,-1,-1,-1,-1
359,11,726.3935546875,510.3007507324219,51.0504150390625,112.67752075195312,-1,-1,-1,-1
360,11,724.0615844726562,520.482177734375,44.6903076171875,100.0723876953125,-1,-1,-1,-1
361,11,725.5831298828125,534.9747924804688,43.515380859375,97.784912109375,-1,-1,-1,-1
362,11,735.9038696289062,547.398193359375,43.2705078125,116.2459716796875,-1,-1,-1,-1
363,11,762.363525390625,543.1222534179688,40.45172119140625,101.47894287109375,-1,-1,-1,-1
364,11,796.1998291015625,517.0487060546875,52.6717529296875,104.423095703125,-1,-1,-1,-1
365,11,818.8873901367188,501.8964538574219,48.79119873046875,99.69015502929688,-1,-1,-1,-1
366,11,811.1241455078125,479.5707092285156,53.80474853515625,112.29684448242188,-1,-1,-1,-1
367,11,773.927490234375,471.4212951660156,47.34417724609375,107.81509399414062,-1,-1,-1,-1
368,11,740.3780517578125,487.6070861816406,47.30889892578125,106.01712036132812,-1,-1,-1,-1
369,11,720.1610717773438,506.3599548339844,47.7822265625,108.00411987304688,-1,-1,-1,-1
370,11,709.39404296875,525.3710327148438,44.675048828125,99.07232666015625,-1,-1,-1,-1
371,11,700.4816284179688,537.3668212890625,42.9776611328125,99.09246826171875,-1,-1,-1,-1
372,11,688.6445922851562,517.45654296875,47.17431640625,102.578857421875,-1,-1,-1,-1
373,11,668.4493408203125,501.4553527832031,59.86529541015625,116.87246704101562,-1,-1,-1,-1
374,11,650.8515014648438,497.85931396484375,61.35479736328125,122.31195068359375,-1,-1,-1,-1
375,11,642.5729370117188,494.5616455078125,58.0880126953125,112.8243408203125,-1,-1,-1,-1
376,11,632.5654296875,497.50616455078125,62.46392822265625,116.2640380859375,-1,-1,-1,-1
377,11,630.825927734375,492.1206970214844,51.69940185546875,106.36062622070312,-1,-1,-1,-1
378,11,629.6378784179688,491.7213439941406,46.951904296875,102.32943725585938,-1,-1,-1,-1
379,11,628.1854858398438,500.56787109375,53.51739501953125,105.9844970703125,-1,-1,-1,-1
380,11,621.5883178710938,489.79302978515625,53.04229736328125,114.00335693359375,-1,-1,-1,-1
381,11,610.3167724609375,478.3462219238281,56.92718505859375,110.91885375976562,-1,-1,-1,-1
382,11,600.0062255859375,493.66241455078125,48.64923095703125,102.3291015625,-1,-1,-1,-1
383,11,596.0020751953125,500.366943359375,54.65777587890625,110.24102783203125,-1,-1,-1,-1
384,11,591.9722290039062,494.4871826171875,45.1865234375,102.3028564453125,-1,-1,-1,-1
385,11,582.924072265625,491.8911437988281,55.49261474609375,110.08676147460938,-1,-1,-1,-1
386,11,571.3334350585938,501.4804992675781,64.191162109375,119.23934936523438,-1,-1,-1,-1
387,11,567.59423828125,513.4319458007812,51.20465087890625,106.53887939453125,-1,-1,-1,-1
388,11,559.0646362304688,512.0320129394531,58.190185546875,114.27859497070312,-1,-1,-1,-1
389,11,549.2516479492188,509.9766845703125,64.15753173828125,132.1363525390625,-1,-1,-1,-1
390,11,538.9830322265625,510.9880065917969,56.96917724609375,122.02694702148438,-1,-1,-1,-1
391,11,530.9552612304688,507.50714111328125,47.39666748046875,107.02801513671875,-1,-1,-1,-1
392,11,531.3997802734375,496.3609619140625,42.996826171875,100.2811279296875,-1,-1,-1,-1
393,11,529.5101928710938,492.6604309082031,47.51470947265625,107.81814575195312,-1,-1,-1,-1
394,11,530.41455078125,493.0338439941406,42.458251953125,101.37124633789062,-1,-1,-1,-1
395,11,532.6492919921875,487.70611572265625,47.6668701171875,107.38665771484375,-1,-1,-1,-1
396,11,539.9141235351562,488.24212646484375,51.95465087890625,112.59661865234375,-1,-1,-1,-1
397,11,548.3445434570312,500.63323974609375,49.813232421875,111.12115478515625,-1,-1,-1,-1
398,11,558.2633666992188,515.366455078125,43.91778564453125,104.40521240234375,-1,-1,-1,-1
399,11,560.4552001953125,529.4962158203125,48.2496337890625,106.75738525390625,-1,-1,-1,-1
400,11,560.3712768554688,537.4708862304688,45.59393310546875,98.416015625,-1,-1,-1,-1
401,11,561.1146850585938,536.80517578125,42.63665771484375,96.9306640625,-1,-1,-1,-1
402,11,560.4378662109375,539.8450927734375,47.1986083984375,99.36883544921875,-1,-1,-1,-1
403,11,560.3964233398438,538.456298828125,50.25006103515625,107.42822265625,-1,-1,-1,-1
404,11,565.9471435546875,541.0673828125,43.953369140625,96.96356201171875,-1,-1,-1,-1
405,11,568.106689453125,552.9271240234375,48.7406005859375,103.5318603515625,-1,-1,-1,-1
406,11,566.9444580078125,563.407958984375,46.6241455078125,105.821044921875,-1,-1,-1,-1
407,11,561.68115234375,558.9580078125,50.2681884765625,108.9473876953125,-1,-1,-1,-1
408,11,558.0039672851562,548.1659545898438,53.8621826171875,112.65789794921875,-1,-1,-1,-1
409,11,556.406982421875,548.0830688476562,69.15771484375,121.9317626953125,-1,-1,-1,-1
410,11,545.9553833007812,546.1513061523438,81.61505126953125,128.12457275390625,-1,-1,-1,-1
411,11,544.9527587890625,548.566162109375,71.736083984375,112.6943359375,-1,-1,-1,-1
412,11,549.4661865234375,553.499755859375,71.087158203125,122.26751708984375,-1,-1,-1,-1
413,11,554.86279296875,551.2105102539062,81.58807373046875,129.41766357421875,-1,-1,-1,-1
414,11,554.4191284179688,550.9598999023438,73.20635986328125,122.0894775390625,-1,-1,-1,-1
415,11,544.5503540039062,560.818603515625,69.677490234375,120.36199951171875,-1,-1,-1,-1
416,11,539.20361328125,566.190185546875,65.01312255859375,119.7454833984375,-1,-1,-1,-1
417,11,537.455810546875,571.0675048828125,76.87548828125,124.7005615234375,-1,-1,-1,-1
418,11,530.9659423828125,571.3333129882812,51.1324462890625,110.00848388671875,-1,-1,-1,-1
419,11,519.9122924804688,570.430419921875,58.2301025390625,120.4207763671875,-1,-1,-1,-1
420,11,517.7664184570312,570.8829345703125,46.33917236328125,113.2664794921875,-1,-1,-1,-1
421,11,513.2384643554688,578.43994140625,40.96343994140625,101.023193359375,-1,-1,-1,-1
422,11,502.7528381347656,574.9820556640625,44.139068603515625,106.79443359375,-1,-1,-1,-1
423,11,485.42864990234375,579.1095581054688,43.6002197265625,107.98553466796875,-1,-1,-1,-1
424,11,472.46221923828125,590.0825805664062,43.9290771484375,107.12451171875,-1,-1,-1,-1
425,11,451.49468994140625,599.1311645507812,50.119171142578125,113.222900390625,-1,-1,-1,-1
426,11,432.09771728515625,596.4852905273438,63.766326904296875,134.62274169921875,-1,-1,-1,-1
427,11,403.3708190917969,590.6868896484375,92.283935546875,159.011962890625,-1,-1,-1,-1
428,11,375.9564208984375,596.2848510742188,84.65151977539062,148.4637451171875,-1,-1,-1,-1
429,11,352.5017395019531,605.6900024414062,100.0709228515625,158.47021484375,-1,-1,-1,-1
430,11,325.20648193359375,611.0250244140625,89.92608642578125,155.1824951171875,-1,-1,-1,-1
431,11,308.7564697265625,619.0761108398438,96.2847900390625,143.141357421875,-1,-1,-1,-1
432,11,321.62310791015625,625.6539916992188,73.03787231445312,137.86737060546875,-1,-1,-1,-1
433,11,312.35101318359375,633.3814697265625,69.97760009765625,130.94439697265625,-1,-1,-1,-1
434,11,275.16766357421875,640.3795166015625,87.69131469726562,141.29315185546875,-1,-1,-1,-1
435,11,262.66455078125,640.018310546875,75.03662109375,141.9527587890625,-1,-1,-1,-1
436,11,239.79220581054688,644.0033569335938,78.99163818359375,141.59197998046875,-1,-1,-1,-1
438,11,230.73785400390625,622.9957275390625,93.40896606445312,166.373291015625,-1,-1,-1,-1
462,12,152.1334991455078,378.67047119140625,73.87855529785156,195.43896484375,-1,-1,-1,-1
463,12,94.83680725097656,355.3255920410156,70.67529296875,211.30392456054688,-1,-1,-1,-1
464,12,45.61306381225586,372.41180419921875,67.19622802734375,213.83837890625,-1,-1,-1,-1
465,12,23.745988845825195,386.10626220703125,63.991249084472656,215.86370849609375,-1,-1,-1,-1
466,12,8.09118127822876,378.4373779296875,64.57157516479492,218.35357666015625,-1,-1,-1,-1
467,12,7.848215103149414,407.715087890625,72.83663177490234,192.1087646484375,-1,-1,-1,-1
468,13,1205.4962158203125,658.057373046875,186.1893310546875,301.57379150390625,-1,-1,-1,-1
469,13,1168.806640625,661.5897827148438,174.3277587890625,292.8553466796875,-1,-1,-1,-1
470,13,1141.123046875,661.0445556640625,156.1461181640625,286.62286376953125,-1,-1,-1,-1
471,13,1110.686279296875,639.620849609375,135.6590576171875,282.40386962890625,-1,-1,-1,-1
472,13,1087.63037109375,618.6188354492188,113.093505859375,273.90966796875,-1,-1,-1,-1
473,13,1062.779296875,608.1806030273438,109.02734375,266.8817138671875,-1,-1,-1,-1
474,13,1049.244140625,600.3766479492188,105.219482421875,264.96307373046875,-1,-1,-1,-1
475,13,1033.3216552734375,588.5249633789062,101.4813232421875,258.57476806640625,-1,-1,-1,-1
476,13,1022.927734375,572.7130126953125,101.701416015625,254.8988037109375,-1,-1,-1,-1
477,13,1023.7732543945312,565.7030639648438,101.22052001953125,253.11627197265625,-1,-1,-1,-1
478,13,1026.8642578125,561.454833984375,100.523681640625,250.642578125,-1,-1,-1,-1
479,13,1022.813720703125,556.201171875,100.3773193359375,250.865966796875,-1,-1,-1,-1
480,13,1020.0614624023438,556.9129028320312,100.19488525390625,247.08001708984375,-1,-1,-1,-1
481,13,1020.651611328125,553.8674926757812,100.7972412109375,247.428955078125,-1,-1,-1,-1
482,13,1025.037353515625,551.0902709960938,99.64599609375,244.795166015625,-1,-1,-1,-1
483,13,1026.7205810546875,552.6770629882812,99.3311767578125,243.92138671875,-1,-1,-1,-1
484,13,1031.890380859375,539.5032348632812,99.560302734375,243.77239990234375,-1,-1,-1,-1
485,13,1049.2657470703125,511.6322326660156,99.042236328125,244.36593627929688,-1,-1,-1,-1
486,13,1064.96923828125,504.5030822753906,99.1351318359375,245.50057983398438,-1,-1,-1,-1
487,13,1078.2320556640625,505.5645751953125,98.91455078125,245.4290771484375,-1,-1,-1,-1
488,13,1083.6630859375,514.093017578125,97.52099609375,241.54833984375,-1,-1,-1,-1
489,13,1090.73681640625,531.8433837890625,96.8851318359375,239.94287109375,-1,-1,-1,-1
490,13,1098.457763671875,555.4414672851562,95.897216796875,240.074462890625,-1,-1,-1,-1
491,13,1095.025146484375,562.6507568359375,94.7896728515625,235.6571044921875,-1,-1,-1,-1
492,13,1081.87060546875,564.5282592773438,93.49951171875,231.71551513671875,-1,-1,-1,-1
493,13,1071.51708984375,538.0479125976562,90.4700927734375,228.5245361328125,-1,-1,-1,-1
494,13,1063.213134765625,515.6446533203125,88.33935546875,224.7607421875,-1,-1,-1,-1
495,13,1050.9283447265625,519.724853515625,88.244873046875,220.5201416015625,-1,-1,-1,-1
496,13,1051.7265625,522.115966796875,86.8509521484375,217.209228515625,-1,-1,-1,-1
497,13,1064.9388427734375,513.5847778320312,84.40185546875,214.97320556640625,-1,-1,-1,-1
498,13,1078.5267333984375,510.0768737792969,84.7911376953125,214.74929809570312,-1,-1,-1,-1
499,13,1086.6087646484375,512.2410888671875,86.1270751953125,213.132080078125,-1,-1,-1,-1
500,13,1092.3092041015625,515.0858764648438,83.0009765625,210.2359619140625,-1,-1,-1,-1
501,13,1097.90283203125,526.8208618164062,83.8419189453125,208.1031494140625,-1,-1,-1,-1
502,13,1108.799560546875,535.9678344726562,83.6361083984375,207.3355712890625,-1,-1,-1,-1
503,13,1118.9771728515625,517.5357666015625,81.7283935546875,205.27862548828125,-1,-1,-1,-1
504,13,1143.8736572265625,549.394287109375,82.6934814453125,204.6954345703125,-1,-1,-1,-1
505,13,1184.1729736328125,570.2256469726562,85.6649169921875,207.76336669921875,-1,-1,-1,-1
506,13,1269.24951171875,625.0751953125,88.9083251953125,221.7918701171875,-1,-1,-1,-1
507,13,1264.7200927734375,777.8369750976562,149.579833984375,226.49365234375,-1,-1,-1,-1
509,14,2.517354965209961,629.885009765625,158.23716735839844,356.34466552734375,-1,-1,-1,-1
510,14,1.7451868057250977,679.9278564453125,153.8585968017578,342.04620361328125,-1,-1,-1,-1
511,14,-14.434137344360352,701.5848388671875,197.2599639892578,342.96337890625,-1,-1,-1,-1
519,15,1.9325194358825684,425.4739685058594,105.73426818847656,316.2294616699219,-1,-1,-1,-1
520,15,10.342927932739258,366.7859191894531,163.32150268554688,315.6535949707031,-1,-1,-1,-1
521,15,65.02737426757812,321.04571533203125,172.65846252441406,322.427978515625,-1,-1,-1,-1
522,15,120.38553619384766,283.0499267578125,162.44342041015625,321.5721435546875,-1,-1,-1,-1
523,15,169.41233825683594,268.6097106933594,158.79710388183594,317.7394104003906,-1,-1,-1,-1
524,15,224.17800903320312,254.17759704589844,147.78524780273438,314.45867919921875,-1,-1,-1,-1
525,15,276.9011535644531,246.45730590820312,139.14077758789062,309.0981750488281,-1,-1,-1,-1
526,15,325.14178466796875,238.68991088867188,128.78005981445312,303.4457702636719,-1,-1,-1,-1
527,15,363.3843688964844,235.5276336669922,124.658203125,299.04412841796875,-1,-1,-1,-1
528,15,395.65338134765625,235.6864013671875,117.98382568359375,295.33251953125,-1,-1,-1,-1
529,15,425.5692138671875,232.7360076904297,113.89898681640625,292.34454345703125,-1,-1,-1,-1
530,15,459.2713317871094,223.34922790527344,105.13558959960938,289.53118896484375,-1,-1,-1,-1
531,15,490.15625,208.2821044921875,96.546875,288.8858337402344,-1,-1,-1,-1
532,15,516.2570190429688,189.59214782714844,96.44293212890625,313.62176513671875,-1,-1,-1,-1
533,15,541.582275390625,157.66714477539062,94.9080810546875,286.2505798339844,-1,-1,-1,-1
534,15,566.7544555664062,141.5171661376953,96.45172119140625,289.42108154296875,-1,-1,-1,-1
535,15,591.045654296875,143.89291381835938,95.72235107421875,285.7948913574219,-1,-1,-1,-1
536,15,615.5875854492188,157.24774169921875,93.36077880859375,281.79345703125,-1,-1,-1,-1
537,15,639.3193969726562,159.9629669189453,89.917724609375,279.35516357421875,-1,-1,-1,-1
538,15,665.6753540039062,159.33407592773438,89.99365234375,278.36041259765625,-1,-1,-1,-1
539,15,690.8692626953125,165.20579528808594,90.2425537109375,274.991943359375,-1,-1,-1,-1
540,15,717.4895629882812,175.12301635742188,91.53131103515625,270.365478515625,-1,-1,-1,-1
541,15,746.8525390625,180.63690185546875,92.3837890625,270.2463073730469,-1,-1,-1,-1
542,15,768.8126220703125,149.91943359375,94.30029296875,273.849365234375,-1,-1,-1,-1
543,15,788.2669677734375,119.27495574951172,93.87799072265625,276.19573974609375,-1,-1,-1,-1
544,15,805.1318969726562,131.92770385742188,93.6353759765625,272.515380859375,-1,-1,-1,-1
545,15,819.92724609375,161.30638122558594,90.98663330078125,266.82061767578125,-1,-1,-1,-1
546,15,837.8367309570312,186.9207305908203,92.45379638671875,262.50396728515625,-1,-1,-1,-1
547,15,851.721435546875,204.73974609375,93.8582763671875,258.76947021484375,-1,-1,-1,-1
548,15,859.2567138671875,208.9220733642578,95.70245361328125,257.05029296875,-1,-1,-1,-1
549,15,867.3994140625,229.3130645751953,90.7220458984375,253.3054656982422,-1,-1,-1,-1
550,15,866.8685913085938,269.06036376953125,87.27734375,245.424072265625,-1,-1,-1,-1
551,15,861.921142578125,312.6117248535156,88.70086669921875,238.27420043945312,-1,-1,-1,-1
552,15,865.4620971679688,349.23089599609375,88.74603271484375,231.177978515625,-1,-1,-1,-1
553,15,875.168701171875,358.6999816894531,92.40875244140625,231.27194213867188,-1,-1,-1,-1
554,15,885.40673828125,365.1432800292969,97.58349609375,229.54489135742188,-1,-1,-1,-1
555,15,902.3641967773438,374.83099365234375,101.07440185546875,231.38592529296875,-1,-1,-1,-1
556,15,911.9529418945312,381.43133544921875,101.77081298828125,227.29754638671875,-1,-1,-1,-1
557,15,928.0218505859375,382.9178466796875,103.4840087890625,229.55078125,-1,-1,-1,-1
558,15,947.7017822265625,383.9578552246094,98.729736328125,230.38101196289062,-1,-1,-1,-1
559,15,959.184326171875,390.50140380859375,106.1802978515625,230.9302978515625,-1,-1,-1,-1
560,15,981.5132446289062,385.47052001953125,101.48480224609375,232.97576904296875,-1,-1,-1,-1
561,15,988.693359375,384.0706787109375,102.52294921875,233.81494140625,-1,-1,-1,-1
562,15,994.4717407226562,388.4965515136719,94.82818603515625,232.05624389648438,-1,-1,-1,-1
563,15,1001.25390625,396.50347900390625,87.693359375,230.48876953125,-1,-1,-1,-1
564,15,1004.6975708007812,414.7359313964844,85.11370849609375,227.49057006835938,-1,-1,-1,-1
565,15,1008.4320678710938,444.7335510253906,82.24871826171875,223.94223022460938,-1,-1,-1,-1
566,15,1015.5149536132812,478.6365661621094,79.81536865234375,221.24380493164062,-1,-1,-1,-1
567,15,1018.342529296875,505.02972412109375,77.7021484375,217.84490966796875,-1,-1,-1,-1
568,15,1015.96728515625,526.0269165039062,75.8785400390625,214.52301025390625,-1,-1,-1,-1
569,15,1017.1746826171875,539.72265625,75.2598876953125,212.2705078125,-1,-1,-1,-1
570,15,1021.3829345703125,544.558837890625,76.6787109375,211.7105712890625,-1,-1,-1,-1
571,15,1020.2022705078125,543.2625732421875,78.0469970703125,210.69854736328125,-1,-1,-1,-1
572,15,1015.3218383789062,540.1663818359375,75.10150146484375,207.935791015625,-1,-1,-1,-1
573,15,1006.8577880859375,528.0537109375,74.0772705078125,207.4315185546875,-1,-1,-1,-1
574,15,996.199951171875,510.0121765136719,78.3265380859375,207.01834106445312,-1,-1,-1,-1
575,15,994.0316162109375,496.1466979980469,80.0072021484375,205.49020385742188,-1,-1,-1,-1
576,15,992.1428833007812,489.46649169921875,79.03021240234375,206.57757568359375,-1,-1,-1,-1
577,15,981.9642333984375,494.090576171875,83.2855224609375,204.19696044921875,-1,-1,-1,-1
578,15,980.27197265625,506.0204772949219,80.3770751953125,202.28994750976562,-1,-1,-1,-1
579,15,980.2452392578125,524.2279663085938,78.3929443359375,201.33349609375,-1,-1,-1,-1
580,15,979.6441650390625,538.27685546875,74.8511962890625,200.1259765625,-1,-1,-1,-1
581,15,980.584716796875,542.2373657226562,71.5343017578125,200.06817626953125,-1,-1,-1,-1
582,15,980.804931640625,540.7696533203125,71.0394287109375,200.4888916015625,-1,-1,-1,-1
583,15,982.534423828125,541.4039306640625,71.8359375,200.56219482421875,-1,-1,-1,-1
584,15,984.488525390625,544.956787109375,70.7747802734375,199.43731689453125,-1,-1,-1,-1
585,15,980.8715209960938,546.7496948242188,69.28106689453125,200.49554443359375,-1,-1,-1,-1
586,15,975.0315551757812,543.5399780273438,71.01312255859375,199.79205322265625,-1,-1,-1,-1
587,15,972.161865234375,548.0078125,70.5452880859375,198.5855712890625,-1,-1,-1,-1
588,15,967.7118530273438,552.6251220703125,73.10662841796875,198.750732421875,-1,-1,-1,-1
589,15,965.748046875,554.2166748046875,73.02001953125,199.7884521484375,-1,-1,-1,-1
590,15,964.6300048828125,557.3643798828125,71.3900146484375,201.37054443359375,-1,-1,-1,-1
591,15,962.8018188476562,558.8103637695312,70.79205322265625,201.81964111328125,-1,-1,-1,-1
592,15,963.5578002929688,555.8426513671875,71.51898193359375,202.979736328125,-1,-1,-1,-1
593,15,962.65966796875,561.37255859375,72.0963134765625,203.77886962890625,-1,-1,-1,-1
594,15,960.9532470703125,567.6569213867188,72.408203125,205.00439453125,-1,-1,-1,-1
595,15,962.833251953125,567.7041015625,73.6663818359375,207.91552734375,-1,-1,-1,-1
596,15,968.1050415039062,561.9774780273438,75.69830322265625,209.12353515625,-1,-1,-1,-1
597,15,974.43994140625,553.0921020507812,75.335205078125,211.5455322265625,-1,-1,-1,-1
598,15,978.4034423828125,545.0620727539062,75.2823486328125,214.16094970703125,-1,-1,-1,-1
599,15,980.3303833007812,540.0176391601562,77.92108154296875,215.2838134765625,-1,-1,-1,-1
600,15,987.6488647460938,536.4574584960938,75.65313720703125,218.1964111328125,-1,-1,-1,-1
601,15,989.3176879882812,534.1624145507812,76.20574951171875,219.31536865234375,-1,-1,-1,-1
541,16,543.5872802734375,1202.06787109375,87.18914794921875,145.312255859375,-1,-1,-1,-1
542,16,544.9232788085938,1182.0595703125,99.05218505859375,136.18798828125,-1,-1,-1,-1
543,16,582.7357177734375,1200.95654296875,173.18719482421875,178.578125,-1,-1,-1,-1
544,16,560.5222778320312,1227.802490234375,276.93115234375,180.8326416015625,-1,-1,-1,-1
545,16,553.9361572265625,1311.9014892578125,189.01446533203125,94.7894287109375,-1,-1,-1,-1
546,16,746.6068115234375,1318.5794677734375,72.903564453125,84.6690673828125,-1,-1,-1,-1
547,16,735.4395751953125,1314.0013427734375,70.46856689453125,94.63134765625,-1,-1,-1,-1
548,16,719.7357788085938,1294.2183837890625,73.7017822265625,112.399658203125,-1,-1,-1,-1
549,16,705.1917724609375,1289.1343994140625,76.576171875,115.151123046875,-1,-1,-1,-1
550,16,700.8092651367188,1308.408935546875,78.24053955078125,100.876708984375,-1,-1,-1,-1
551,16,703.0186767578125,1328.14208984375,70.185546875,80.4451904296875,-1,-1,-1,-1
552,16,698.9352416992188,1348.7227783203125,66.84149169921875,59.4984130859375,-1,-1,-1,-1
553,16,697.1110229492188,1356.605712890625,72.7041015625,53.028076171875,-1,-1,-1,-1
574,17,630.9973754882812,527.9957885742188,48.66766357421875,102.83245849609375,-1,-1,-1,-1
575,17,629.6476440429688,507.58489990234375,45.15570068359375,100.6536865234375,-1,-1,-1,-1
576,17,628.2970581054688,498.19610595703125,46.09521484375,103.08319091796875,-1,-1,-1,-1
577,17,625.4992065429688,504.02886962890625,45.9775390625,98.86029052734375,-1,-1,-1,-1
578,17,622.837646484375,522.0488891601562,48.88385009765625,102.21722412109375,-1,-1,-1,-1
579,17,621.6499633789062,544.96337890625,51.43072509765625,109.4534912109375,-1,-1,-1,-1
580,17,619.7825927734375,561.3080444335938,47.46142578125,103.9136962890625,-1,-1,-1,-1
581,17,617.1861572265625,567.452880859375,49.09710693359375,112.797607421875,-1,-1,-1,-1
582,17,617.0399780273438,567.72265625,52.350830078125,114.15850830078125,-1,-1,-1,-1
583,17,620.1929931640625,568.6603393554688,51.51849365234375,110.11798095703125,-1,-1,-1,-1
584,17,622.57470703125,572.53857421875,47.16094970703125,103.8748779296875,-1,-1,-1,-1
585,17,617.5691528320312,573.79736328125,49.69866943359375,113.51080322265625,-1,-1,-1,-1
586,17,614.8661499023438,568.6783447265625,47.70611572265625,109.49774169921875,-1,-1,-1,-1
587,17,611.1171875,571.668212890625,48.25,113.18463134765625,-1,-1,-1,-1
588,17,608.0903930664062,577.3314208984375,48.0794677734375,104.47930908203125,-1,-1,-1,-1
589,17,604.3896484375,580.9102783203125,58.67401123046875,112.79864501953125,-1,-1,-1,-1
590,17,601.1296997070312,587.6571655273438,55.286865234375,107.09124755859375,-1,-1,-1,-1
591,17,598.6576538085938,591.7340698242188,48.227294921875,101.5257568359375,-1,-1,-1,-1
592,17,598.4055786132812,589.55859375,45.67572021484375,100.8369140625,-1,-1,-1,-1
593,17,594.193359375,593.32275390625,54.999267578125,113.5831298828125,-1,-1,-1,-1
594,17,589.8251953125,600.1675415039062,63.697509765625,113.50103759765625,-1,-1,-1,-1
595,17,586.8785400390625,600.0126342773438,71.05078125,128.4765625,-1,-1,-1,-1
596,17,589.5576782226562,593.7261962890625,61.74114990234375,118.60272216796875,-1,-1,-1,-1
597,17,592.9338989257812,585.5302734375,58.53704833984375,120.06292724609375,-1,-1,-1,-1
598,17,594.0814208984375,580.60302734375,58.67431640625,110.33740234375,-1,-1,-1,-1
599,17,598.1722412109375,576.4945068359375,49.49884033203125,98.30108642578125,-1,-1,-1,-1
600,17,599.4271850585938,574.1485595703125,53.22454833984375,113.5087890625,-1,-1,-1,-1
601,17,598.9783325195312,571.0623168945312,53.97332763671875,106.48663330078125,-1,-1,-1,-1
