1,1,897.5568237304688,538.5118408203125,73.00335693359375,202.42572021484375,-1,-1,-1,-1
2,1,891.8272094726562,546.41650390625,74.6358642578125,200.1148681640625,-1,-1,-1,-1
3,1,873.0624389648438,553.3201293945312,74.34747314453125,196.44622802734375,-1,-1,-1,-1
4,1,856.783935546875,554.6259155273438,74.2698974609375,195.80474853515625,-1,-1,-1,-1
5,1,851.0618896484375,552.2684936523438,72.12451171875,195.37591552734375,-1,-1,-1,-1
6,1,836.960205078125,558.5383911132812,76.2799072265625,192.34381103515625,-1,-1,-1,-1
7,1,827.68896484375,568.8704833984375,74.31475830078125,193.15826416015625,-1,-1,-1,-1
8,1,822.68115234375,578.0084838867188,72.965087890625,189.33282470703125,-1,-1,-1,-1
9,1,820.9949951171875,586.907470703125,67.8172607421875,191.317626953125,-1,-1,-1,-1
10,1,815.60498046875,584.4375610351562,71.10955810546875,190.83074951171875,-1,-1,-1,-1
11,1,810.6238403320312,572.1961669921875,75.12457275390625,190.1678466796875,-1,-1,-1,-1
12,1,813.3358764648438,578.3436279296875,74.2362060546875,188.61846923828125,-1,-1,-1,-1
13,1,816.5802612304688,590.1404418945312,74.4752197265625,188.57794189453125,-1,-1,-1,-1
14,1,824.0536499023438,596.2630615234375,75.66204833984375,187.89569091796875,-1,-1,-1,-1
15,1,833.5289916992188,596.9400024414062,73.24945068359375,186.8800048828125,-1,-1,-1,-1
16,1,849.0294799804688,595.2071533203125,73.96478271484375,188.15692138671875,-1,-1,-1,-1
17,1,860.656982421875,590.6160278320312,74.205322265625,189.39520263671875,-1,-1,-1,-1
18,1,868.9678955078125,590.5799560546875,71.66766357421875,189.71856689453125,-1,-1,-1,-1
19,1,883.12109375,583.7374267578125,70.0723876953125,191.2650146484375,-1,-1,-1,-1
20,1,899.9856567382812,565.551025390625,69.77764892578125,191.770263671875,-1,-1,-1,-1
21,1,904.0206909179688,558.6458129882812,72.5166015625,192.53204345703125,-1,-1,-1,-1
22,1,915.1820068359375,561.244873046875,74.4342041015625,192.50531005859375,-1,-1,-1,-1
23,1,932.2527465820312,550.8424072265625,70.4822998046875,193.32098388671875,-1,-1,-1,-1
24,1,951.65576171875,543.220458984375,70.6314697265625,196.02947998046875,-1,-1,-1,-1
25,1,970.6292724609375,527.8734741210938,72.14453125,197.4276123046875,-1,-1,-1,-1
26,1,982.2144165039062,516.5975341796875,72.18927001953125,197.5833740234375,-1,-1,-1,-1
27,1,991.2535400390625,514.157958984375,73.1341552734375,199.04058837890625,-1,-1,-1,-1
28,1,999.70849609375,514.8013305664062,72.670166015625,198.34149169921875,-1,-1,-1,-1
29,1,1001.6445922851562,519.405517578125,71.39910888671875,197.197265625,-1,-1,-1,-1
30,1,1006.7560424804688,522.1673583984375,72.57318115234375,198.9744873046875,-1,-1,-1,-1
31,1,1016.0784912109375,516.826904296875,72.621337890625,200.32415771484375,-1,-1,-1,-1
32,1,1029.0374755859375,521.517333984375,71.5491943359375,201.615478515625,-1,-1,-1,-1
33,1,1044.5650634765625,530.1973876953125,72.448486328125,204.134033203125,-1,-1,-1,-1
34,1,1059.3311767578125,532.6182861328125,72.6749267578125,206.33197021484375,-1,-1,-1,-1
35,1,1074.385009765625,533.6192016601562,74.9970703125,208.27001953125,-1,-1,-1,-1
36,1,1087.538330078125,545.0232543945312,74.4029541015625,210.73406982421875,-1,-1,-1,-1
37,1,1097.2889404296875,526.7477416992188,75.3822021484375,212.42108154296875,-1,-1,-1,-1
38,1,1078.4522705078125,515.1582641601562,77.8818359375,211.849365234375,-1,-1,-1,-1
39,1,1058.84375,518.6239013671875,73.69873046875,207.5013427734375,-1,-1,-1,-1
40,1,1058.05126953125,522.9901123046875,72.6708984375,207.6116943359375,-1,-1,-1,-1
41,1,1045.1700439453125,521.1244506835938,72.701904296875,205.95123291015625,-1,-1,-1,-1
42,1,1023.5286254882812,518.38232421875,72.66180419921875,203.6708984375,-1,-1,-1,-1
43,1,1007.4205322265625,521.9175415039062,72.3330078125,200.18560791015625,-1,-1,-1,-1
44,1,990.83544921875,530.2257080078125,72.9912109375,198.06634521484375,-1,-1,-1,-1
45,1,971.0849609375,539.6920166015625,69.511962890625,195.68902587890625,-1,-1,-1,-1
46,1,950.345947265625,531.3847045898438,71.69384765625,194.188232421875,-1,-1,-1,-1
47,1,935.75634765625,527.71435546875,69.8153076171875,192.86932373046875,-1,-1,-1,-1
48,1,919.5731201171875,533.2734375,71.33477783203125,189.6707763671875,-1,-1,-1,-1
49,1,906.8348999023438,536.2346801757812,70.50933837890625,188.54718017578125,-1,-1,-1,-1
50,1,891.88525390625,543.6837158203125,70.30609130859375,187.31085205078125,-1,-1,-1,-1
51,1,884.782958984375,549.8704223632812,68.696044921875,185.58599853515625,-1,-1,-1,-1
52,1,878.9674072265625,554.615234375,68.39495849609375,185.36834716796875,-1,-1,-1,-1
53,1,879.8028564453125,566.974609375,69.2447509765625,184.38623046875,-1,-1,-1,-1
54,1,880.2110595703125,560.4901123046875,67.0098876953125,183.932373046875,-1,-1,-1,-1
55,1,865.6830444335938,554.708251953125,67.989990234375,183.40667724609375,-1,-1,-1,-1
56,1,846.7977294921875,557.652587890625,69.74847412109375,180.91094970703125,-1,-1,-1,-1
57,1,834.13916015625,553.8458251953125,68.36773681640625,182.67523193359375,-1,-1,-1,-1
58,1,823.5933227539062,556.9815063476562,67.452880859375,182.09368896484375,-1,-1,-1,-1
59,1,812.87890625,564.33203125,68.1466064453125,180.135498046875,-1,-1,-1,-1
60,1,805.9646606445312,566.7133178710938,67.74658203125,181.74285888671875,-1,-1,-1,-1
61,1,799.759033203125,572.0504150390625,64.732177734375,174.8387451171875,-1,-1,-1,-1
62,1,787.0680541992188,572.9967041015625,62.96160888671875,163.70452880859375,-1,-1,-1,-1
63,1,778.8201293945312,570.4208984375,60.4073486328125,154.9454345703125,-1,-1,-1,-1
64,1,764.85009765625,571.0808715820312,62.1763916015625,152.09234619140625,-1,-1,-1,-1
65,1,748.766845703125,566.228759765625,65.685791015625,169.4608154296875,-1,-1,-1,-1
66,1,738.0606689453125,561.6582641601562,75.07379150390625,161.07000732421875,-1,-1,-1,-1
67,1,750.8284301757812,561.4524536132812,73.37164306640625,164.06671142578125,-1,-1,-1,-1
1,2,678.01513671875,518.6033325195312,250.55126953125,436.318603515625,-1,-1,-1,-1
2,2,708.7572631835938,521.9300537109375,214.27215576171875,441.807861328125,-1,-1,-1,-1
3,2,714.9383544921875,527.1842041015625,192.0430908203125,445.83685302734375,-1,-1,-1,-1
4,2,711.0547485351562,528.205322265625,181.94879150390625,450.62518310546875,-1,-1,-1,-1
5,2,713.9024047851562,493.7995300292969,194.43524169921875,483.1213073730469,-1,-1,-1,-1
6,2,716.089111328125,526.0588989257812,214.90936279296875,456.13812255859375,-1,-1,-1,-1
7,2,717.2279663085938,561.831787109375,210.5953369140625,427.013671875,-1,-1,-1,-1
8,2,719.0353393554688,576.0617065429688,201.51654052734375,414.4466552734375,-1,-1,-1,-1
9,2,719.4110107421875,583.259521484375,195.156982421875,408.15435791015625,-1,-1,-1,-1
10,2,716.5805053710938,568.7393188476562,190.49169921875,415.62542724609375,-1,-1,-1,-1
11,2,711.23828125,547.2688598632812,190.322509765625,429.9659423828125,-1,-1,-1,-1
12,2,706.6405029296875,553.3135986328125,200.97003173828125,453.27813720703125,-1,-1,-1,-1
13,2,698.1619873046875,574.9058837890625,215.0980224609375,468.55419921875,-1,-1,-1,-1
14,2,687.4381103515625,593.7874755859375,236.2467041015625,478.6036376953125,-1,-1,-1,-1
15,2,684.3777465820312,607.587890625,246.8009033203125,473.7022705078125,-1,-1,-1,-1
16,2,688.1785888671875,612.4240112304688,252.401611328125,461.64324951171875,-1,-1,-1,-1
17,2,688.9947509765625,611.5775146484375,256.9273681640625,449.290771484375,-1,-1,-1,-1
18,2,680.56982421875,606.0549926757812,269.1617431640625,447.23150634765625,-1,-1,-1,-1
19,2,672.9077758789062,586.8937377929688,279.22711181640625,449.90679931640625,-1,-1,-1,-1
20,2,671.906982421875,555.1237182617188,266.5472412109375,455.84356689453125,-1,-1,-1,-1
21,2,667.7887573242188,544.8325805664062,250.818603515625,464.01446533203125,-1,-1,-1,-1
22,2,669.0556640625,541.8873291015625,218.2509765625,471.2999267578125,-1,-1,-1,-1
23,2,670.3091430664062,528.7937622070312,171.64300537109375,472.56622314453125,-1,-1,-1,-1
24,2,674.841796875,517.6468505859375,175.09429931640625,472.8341064453125,-1,-1,-1,-1
25,2,681.8007202148438,501.4263916015625,183.29022216796875,470.42535400390625,-1,-1,-1,-1
26,2,667.9839477539062,499.90924072265625,191.837646484375,465.1937255859375,-1,-1,-1,-1
27,2,641.2508544921875,507.9553527832031,216.15240478515625,464.1811828613281,-1,-1,-1,-1
28,2,623.0208129882812,520.358154296875,230.99481201171875,458.38995361328125,-1,-1,-1,-1
29,2,619.4818115234375,536.6891479492188,223.89398193359375,452.57568359375,-1,-1,-1,-1
30,2,621.7105102539062,545.5991821289062,213.76544189453125,446.6082763671875,-1,-1,-1,-1
31,2,624.7978515625,545.921142578125,207.60748291015625,442.819091796875,-1,-1,-1,-1
32,2,637.563232421875,554.2528686523438,204.78668212890625,447.0035400390625,-1,-1,-1,-1
33,2,648.8744506835938,561.38232421875,204.7037353515625,454.85992431640625,-1,-1,-1,-1
34,2,659.8800659179688,556.7376708984375,210.16009521484375,466.0946044921875,-1,-1,-1,-1
35,2,666.0192260742188,543.1646728515625,224.46197509765625,480.69659423828125,-1,-1,-1,-1
36,2,671.5132446289062,544.782958984375,246.30426025390625,506.8240966796875,-1,-1,-1,-1
37,2,679.3363037109375,527.9276123046875,263.477294921875,521.6524658203125,-1,-1,-1,-1
38,2,667.4921264648438,535.9401245117188,274.71954345703125,516.7557983398438,-1,-1,-1,-1
39,2,660.3164672851562,562.5923461914062,279.72149658203125,504.36529541015625,-1,-1,-1,-1
40,2,662.65966796875,581.26708984375,277.189697265625,491.5848388671875,-1,-1,-1,-1
41,2,657.3411254882812,583.7531127929688,273.93011474609375,486.57305908203125,-1,-1,-1,-1
42,2,637.7477416992188,572.6689453125,273.818603515625,484.36474609375,-1,-1,-1,-1
43,2,617.1275024414062,553.2426147460938,278.41326904296875,493.52679443359375,-1,-1,-1,-1
44,2,633.0240478515625,541.1342163085938,249.29864501953125,503.22576904296875,-1,-1,-1,-1
45,2,659.240478515625,532.2517700195312,206.56951904296875,512.2647094726562,-1,-1,-1,-1
46,2,665.0911865234375,518.093017578125,192.1513671875,510.944580078125,-1,-1,-1,-1
47,2,668.9359130859375,525.6401977539062,187.22125244140625,505.47833251953125,-1,-1,-1,-1
48,2,669.19091796875,547.3306884765625,185.9854736328125,495.076171875,-1,-1,-1,-1
49,2,670.4258422851562,567.548828125,186.0135498046875,479.2838134765625,-1,-1,-1,-1
50,2,668.5721435546875,578.5101318359375,195.3780517578125,475.564208984375,-1,-1,-1,-1
51,2,667.931640625,580.6376342773438,201.81646728515625,471.14398193359375,-1,-1,-1,-1
52,2,672.7990112304688,579.2872314453125,196.2713623046875,471.26123046875,-1,-1,-1,-1
53,2,687.4627075195312,582.8133544921875,191.0467529296875,474.7398681640625,-1,-1,-1,-1
54,2,696.3700561523438,568.3649291992188,187.9368896484375,468.78973388671875,-1,-1,-1,-1
55,2,698.4866333007812,564.48291015625,182.61798095703125,471.64990234375,-1,-1,-1,-1
56,2,695.355224609375,568.5665283203125,175.31646728515625,477.3477783203125,-1,-1,-1,-1
57,2,693.1519775390625,566.7911987304688,201.444091796875,471.54913330078125,-1,-1,-1,-1
58,2,691.4940185546875,566.674560546875,228.59893798828125,469.65576171875,-1,-1,-1,-1
59,2,689.5401000976562,567.3900146484375,247.43035888671875,470.2977294921875,-1,-1,-1,-1
60,2,687.4698486328125,562.64453125,259.8133544921875,469.7904052734375,-1,-1,-1,-1
61,2,688.6295776367188,563.5697021484375,265.43389892578125,468.7197265625,-1,-1,-1,-1
62,2,687.9552001953125,563.2591552734375,262.4930419921875,462.39208984375,-1,-1,-1,-1
63,2,687.5588989257812,564.6314086914062,251.84649658203125,456.5107421875,-1,-1,-1,-1
64,2,688.231201171875,571.294677734375,240.79681396484375,454.10211181640625,-1,-1,-1,-1
65,2,688.531005859375,568.6563720703125,231.323974609375,454.5086669921875,-1,-1,-1,-1
66,2,682.6022338867188,558.6475830078125,228.4254150390625,460.4378662109375,-1,-1,-1,-1
67,2,675.1123657226562,549.5006103515625,227.97821044921875,467.39892578125,-1,-1,-1,-1
68,2,675.6080932617188,534.3630981445312,221.89337158203125,479.077880859375,-1,-1,-1,-1
69,2,693.2728881835938,527.783447265625,203.44342041015625,489.5859375,-1,-1,-1,-1
70,2,702.2387084960938,521.7786865234375,192.68914794921875,494.0994873046875,-1,-1,-1,-1
71,2,708.5714111328125,523.963134765625,188.265380859375,500.40460205078125,-1,-1,-1,-1
72,2,709.6224365234375,536.318359375,188.26385498046875,518.4542236328125,-1,-1,-1,-1
73,2,701.5551147460938,540.374267578125,191.48077392578125,538.1746826171875,-1,-1,-1,-1
74,2,694.7733764648438,542.67333984375,193.142822265625,559.01708984375,-1,-1,-1,-1
75,2,689.4852294921875,549.9802856445312,197.71417236328125,570.9608764648438,-1,-1,-1,-1
76,2,686.31201171875,550.1165771484375,201.84521484375,583.5352783203125,-1,-1,-1,-1
77,2,685.0851440429688,547.1124877929688,208.23126220703125,591.9414672851562,-1,-1,-1,-1
78,2,681.182861328125,540.6583251953125,218.509521484375,597.6292724609375,-1,-1,-1,-1
79,2,680.8865356445312,532.4541015625,227.62860107421875,602.179443359375,-1,-1,-1,-1
80,2,679.0577392578125,547.4105224609375,240.6131591796875,605.0,-1,-1,-1,-1
81,2,676.3387451171875,556.7303466796875,242.27996826171875,603.7347412109375,-1,-1,-1,-1
82,2,669.47216796875,550.2413330078125,242.677734375,599.717041015625,-1,-1,-1,-1
83,2,664.5609741210938,542.1046752929688,245.1527099609375,602.4307250976562,-1,-1,-1,-1
84,2,667.5855712890625,534.0552978515625,248.1107177734375,606.16796875,-1,-1,-1,-1
85,2,675.4840698242188,525.0325927734375,249.3021240234375,608.1968994140625,-1,-1,-1,-1
86,2,675.7817993164062,518.0675659179688,252.94384765625,604.7384643554688,-1,-1,-1,-1
87,2,678.5966186523438,525.061279296875,256.12127685546875,600.4752197265625,-1,-1,-1,-1
88,2,681.3883056640625,539.3959350585938,258.347412109375,597.7318725585938,-1,-1,-1,-1
89,2,681.3406982421875,552.5765991210938,257.375732421875,593.1480102539062,-1,-1,-1,-1
90,2,671.799072265625,544.438720703125,265.1251220703125,593.3909912109375,-1,-1,-1,-1
91,2,673.5982666015625,542.4808959960938,262.1328125,606.4494018554688,-1,-1,-1,-1
92,2,671.539306640625,547.385009765625,271.45623779296875,628.7274169921875,-1,-1,-1,-1
93,2,662.6521606445312,551.613525390625,279.72540283203125,655.500244140625,-1,-1,-1,-1
94,2,652.0812377929688,550.0034790039062,289.41680908203125,674.4725952148438,-1,-1,-1,-1
95,2,644.2283935546875,545.0438232421875,299.61480712890625,694.594970703125,-1,-1,-1,-1
96,2,639.3414306640625,528.8878784179688,311.49066162109375,706.2593383789062,-1,-1,-1,-1
97,2,626.7244262695312,528.237548828125,328.3846435546875,696.2525634765625,-1,-1,-1,-1
98,2,614.55615234375,548.2376708984375,337.2550048828125,683.568359375,-1,-1,-1,-1
99,2,643.1182250976562,540.4310302734375,314.20672607421875,639.8426513671875,-1,-1,-1,-1
100,2,700.6809692382812,548.1197509765625,268.46807861328125,595.844482421875,-1,-1,-1,-1
101,2,701.8240966796875,562.188720703125,268.23052978515625,562.9127197265625,-1,-1,-1,-1
102,2,698.8746948242188,569.216796875,265.621337890625,538.5528564453125,-1,-1,-1,-1
103,2,692.509765625,577.82958984375,260.86798095703125,516.5963134765625,-1,-1,-1,-1
104,2,686.89697265625,590.6011352539062,260.362548828125,500.04327392578125,-1,-1,-1,-1
105,2,686.3450927734375,598.8988037109375,252.37774658203125,487.5810546875,-1,-1,-1,-1
106,2,687.3775024414062,604.7051391601562,244.14215087890625,478.14715576171875,-1,-1,-1,-1
107,2,690.615234375,597.2222900390625,234.4461669921875,475.2254638671875,-1,-1,-1,-1
108,2,688.8900756835938,593.7434692382812,222.38995361328125,477.78851318359375,-1,-1,-1,-1
109,2,685.2637939453125,586.19580078125,215.3773193359375,490.072021484375,-1,-1,-1,-1
110,2,686.1973876953125,571.5995483398438,201.048095703125,502.82025146484375,-1,-1,-1,-1
111,2,686.5796508789062,565.0787353515625,183.404541015625,504.20703125,-1,-1,-1,-1
112,2,694.805419921875,566.940673828125,164.63555908203125,504.0400390625,-1,-1,-1,-1
113,2,699.8031005859375,575.641845703125,153.12451171875,498.1702880859375,-1,-1,-1,-1
114,2,695.2518920898438,590.8412475585938,151.04302978515625,494.30084228515625,-1,-1,-1,-1
115,2,694.5538330078125,605.0963134765625,152.7308349609375,484.7850341796875,-1,-1,-1,-1
116,2,693.4000854492188,611.4475708007812,161.4774169921875,484.39361572265625,-1,-1,-1,-1
117,2,690.3192138671875,605.0712890625,167.4775390625,490.83203125,-1,-1,-1,-1
118,2,682.0452880859375,601.3941040039062,174.09442138671875,499.65643310546875,-1,-1,-1,-1
119,2,682.2300415039062,597.3104248046875,175.4725341796875,507.822265625,-1,-1,-1,-1
120,2,690.1129760742188,592.5659790039062,176.48236083984375,516.7684936523438,-1,-1,-1,-1
121,2,690.4368896484375,583.149169921875,178.9166259765625,527.2537841796875,-1,-1,-1,-1
122,2,687.26171875,564.9955444335938,181.5968017578125,536.5525512695312,-1,-1,-1,-1
123,2,682.8184814453125,557.772216796875,187.35968017578125,550.360595703125,-1,-1,-1,-1
124,2,682.3900146484375,554.6630249023438,194.393310546875,568.4677124023438,-1,-1,-1,-1
125,2,686.054443359375,537.7955322265625,202.49224853515625,589.0360107421875,-1,-1,-1,-1
126,2,695.0733642578125,513.8834838867188,216.47589111328125,611.3761596679688,-1,-1,-1,-1
127,2,702.8035888671875,474.153564453125,239.26904296875,637.09765625,-1,-1,-1,-1
128,2,702.9837036132812,458.2041931152344,264.08465576171875,643.677978515625,-1,-1,-1,-1
129,2,711.0216064453125,444.741455078125,273.67730712890625,650.023681640625,-1,-1,-1,-1
130,2,721.2674560546875,439.3535461425781,240.4993896484375,633.7691650390625,-1,-1,-1,-1
131,2,705.6968383789062,437.94403076171875,241.1187744140625,585.7619018554688,-1,-1,-1,-1
132,2,689.8926391601562,448.9464416503906,262.11236572265625,539.0115966796875,-1,-1,-1,-1
133,2,696.5208740234375,467.1502685546875,252.61468505859375,520.1905517578125,-1,-1,-1,-1
134,2,671.2360229492188,474.9649963378906,278.46282958984375,610.502685546875,-1,-1,-1,-1
135,2,671.1074829101562,501.24609375,282.67205810546875,460.57958984375,-1,-1,-1,-1
136,2,666.3108520507812,515.2184448242188,316.84765625,613.1027221679688,-1,-1,-1,-1
137,2,661.6748046875,519.2396850585938,253.04254150390625,455.75927734375,-1,-1,-1,-1
138,2,670.9683837890625,510.5949401855469,246.9356689453125,463.9298400878906,-1,-1,-1,-1
139,2,687.7655639648438,507.7865295410156,233.29742431640625,463.4298400878906,-1,-1,-1,-1
140,2,700.3566284179688,495.0967712402344,231.71295166015625,464.2649230957031,-1,-1,-1,-1
141,2,713.7396850585938,477.7095947265625,232.10040283203125,462.799072265625,-1,-1,-1,-1
142,2,717.0368041992188,482.8612060546875,247.6053466796875,472.4866943359375,-1,-1,-1,-1
143,2,720.6896362304688,485.89312744140625,218.45025634765625,458.0751953125,-1,-1,-1,-1
144,2,721.6842041015625,491.5692138671875,233.48895263671875,518.3927001953125,-1,-1,-1,-1
145,2,718.8985595703125,476.1214904785156,234.259033203125,564.4129638671875,-1,-1,-1,-1
146,2,717.5538330078125,456.79791259765625,226.521484375,560.9480590820312,-1,-1,-1,-1
147,2,728.609375,445.9710693359375,205.05792236328125,518.99853515625,-1,-1,-1,-1
148,2,729.7384033203125,433.24432373046875,200.1090087890625,524.69775390625,-1,-1,-1,-1
149,2,730.0131225585938,423.5711364746094,203.07073974609375,539.9443359375,-1,-1,-1,-1
150,2,732.7526245117188,424.45526123046875,205.738037109375,543.791748046875,-1,-1,-1,-1
151,2,725.3004150390625,440.9033508300781,217.74609375,544.9814453125,-1,-1,-1,-1
152,2,691.1976318359375,463.4246520996094,256.8408203125,562.53271484375,-1,-1,-1,-1
153,2,703.016845703125,479.6727294921875,255.55682373046875,602.044189453125,-1,-1,-1,-1
154,2,679.5296630859375,495.8514099121094,390.27978515625,666.5772705078125,-1,-1,-1,-1
155,2,635.46142578125,475.80419921875,507.499755859375,626.863525390625,-1,-1,-1,-1
156,2,638.61376953125,467.4232177734375,538.15576171875,830.948486328125,-1,-1,-1,-1
157,2,592.650634765625,504.1873474121094,549.6751708984375,803.544189453125,-1,-1,-1,-1
158,2,494.9404602050781,496.14080810546875,559.486572265625,761.3250122070312,-1,-1,-1,-1
159,2,459.8752746582031,481.94403076171875,523.7286376953125,676.4816284179688,-1,-1,-1,-1
160,2,610.1605224609375,519.4076538085938,260.12908935546875,625.9771118164062,-1,-1,-1,-1
161,2,602.7819213867188,576.0289306640625,338.15625,564.935302734375,-1,-1,-1,-1
162,2,584.683349609375,559.5543212890625,430.55853271484375,568.2098388671875,-1,-1,-1,-1
163,2,603.7101440429688,522.880615234375,461.54071044921875,658.665283203125,-1,-1,-1,-1
164,2,616.9605712890625,501.1263427734375,377.06414794921875,805.181884765625,-1,-1,-1,-1
165,2,594.8197021484375,480.934326171875,476.4678955078125,764.971435546875,-1,-1,-1,-1
166,2,579.3919677734375,513.83349609375,496.06982421875,879.07470703125,-1,-1,-1,-1
167,2,587.2372436523438,578.9849243164062,506.62457275390625,827.8170776367188,-1,-1,-1,-1
168,2,584.007568359375,625.2974243164062,490.3067626953125,780.7296752929688,-1,-1,-1,-1
169,2,607.580810546875,667.2210083007812,500.75439453125,741.0955200195312,-1,-1,-1,-1
170,2,621.7825927734375,672.8464965820312,499.1055908203125,734.9262084960938,-1,-1,-1,-1
171,2,632.5882568359375,657.8610229492188,508.7264404296875,750.2758178710938,-1,-1,-1,-1
172,2,646.6160278320312,632.9739990234375,514.1477661132812,775.8829345703125,-1,-1,-1,-1
173,2,646.7957153320312,601.8929443359375,508.60943603515625,806.929931640625,-1,-1,-1,-1
174,2,638.4552612304688,563.4727172851562,503.35052490234375,845.0286254882812,-1,-1,-1,-1
175,2,624.2969360351562,531.9844360351562,487.85101318359375,877.0679321289062,-1,-1,-1,-1
176,2,609.92431640625,496.22503662109375,446.3492431640625,914.4866333007812,-1,-1,-1,-1
177,2,582.10107421875,456.6515808105469,404.43121337890625,953.4007568359375,-1,-1,-1,-1
178,2,563.3699951171875,443.9471435546875,374.62213134765625,965.5035400390625,-1,-1,-1,-1
179,2,564.6624145507812,463.3504638671875,339.92864990234375,946.4205322265625,-1,-1,-1,-1
180,2,594.1812744140625,471.5202331542969,311.27496337890625,935.876708984375,-1,-1,-1,-1
181,2,594.3114624023438,466.35772705078125,317.697021484375,940.7924194335938,-1,-1,-1,-1
182,2,609.6575317382812,454.84228515625,306.56304931640625,914.7567138671875,-1,-1,-1,-1
183,2,628.899169921875,447.4937744140625,304.6346435546875,875.322509765625,-1,-1,-1,-1
184,2,647.838623046875,451.8055114746094,300.38226318359375,797.81396484375,-1,-1,-1,-1
185,2,656.3075561523438,473.7138671875,301.6546630859375,777.938720703125,-1,-1,-1,-1
186,2,647.72412109375,498.3448181152344,318.47174072265625,772.7152099609375,-1,-1,-1,-1
187,2,626.7138061523438,507.85955810546875,338.068359375,763.2157592773438,-1,-1,-1,-1
188,2,605.5440673828125,522.908447265625,348.847900390625,760.46435546875,-1,-1,-1,-1
189,2,599.2293090820312,533.5126953125,347.119140625,762.8668212890625,-1,-1,-1,-1
190,2,602.1793212890625,532.5565185546875,331.71038818359375,764.343994140625,-1,-1,-1,-1
191,2,617.74169921875,524.2779541015625,289.0355224609375,744.3341064453125,-1,-1,-1,-1
192,2,641.3597412109375,512.0462341308594,255.4761962890625,702.5093994140625,-1,-1,-1,-1
193,2,665.4690551757812,506.68267822265625,244.62310791015625,682.3259887695312,-1,-1,-1,-1
194,2,684.8516235351562,502.1778564453125,232.66510009765625,697.0816650390625,-1,-1,-1,-1
195,2,692.3317260742188,499.1634826660156,234.5283203125,704.2501220703125,-1,-1,-1,-1
196,2,690.7640991210938,506.6288146972656,241.47540283203125,708.518310546875,-1,-1,-1,-1
197,2,690.0964965820312,506.79205322265625,242.401611328125,709.4962768554688,-1,-1,-1,-1
198,2,688.9237060546875,504.2327880859375,233.11358642578125,704.6759033203125,-1,-1,-1,-1
199,2,691.584716796875,506.2380676269531,215.4200439453125,702.80712890625,-1,-1,-1,-1
200,2,695.1221923828125,507.4089660644531,233.2581787109375,704.0684814453125,-1,-1,-1,-1
201,2,696.9803466796875,508.84002685546875,235.4573974609375,705.2168579101562,-1,-1,-1,-1
202,2,697.2250366210938,507.0465087890625,236.1463623046875,687.2288818359375,-1,-1,-1,-1
203,2,696.0114135742188,507.8657531738281,226.38653564453125,653.579833984375,-1,-1,-1,-1
204,2,696.0007934570312,510.7201843261719,219.64166259765625,628.23828125,-1,-1,-1,-1
205,2,687.2010498046875,525.4380493164062,227.98760986328125,593.0908813476562,-1,-1,-1,-1
206,2,684.0552978515625,546.4214477539062,220.60284423828125,595.2160034179688,-1,-1,-1,-1
207,2,683.97412109375,562.2699584960938,218.78558349609375,593.7749633789062,-1,-1,-1,-1
208,2,680.34130859375,577.5236206054688,208.36114501953125,594.1087036132812,-1,-1,-1,-1
209,2,677.7731323242188,608.1909790039062,206.2840576171875,598.9887084960938,-1,-1,-1,-1
210,2,667.0523071289062,634.3037109375,203.92547607421875,601.807373046875,-1,-1,-1,-1
211,2,661.57666015625,656.6705322265625,199.67303466796875,590.0982666015625,-1,-1,-1,-1
212,2,653.6171875,665.1820068359375,197.00347900390625,585.3138427734375,-1,-1,-1,-1
213,2,644.1905517578125,671.4780883789062,191.6669921875,567.0101928710938,-1,-1,-1,-1
214,2,632.4085083007812,687.6815185546875,193.47918701171875,533.909912109375,-1,-1,-1,-1
215,2,610.4568481445312,700.7332763671875,195.9053955078125,533.650146484375,-1,-1,-1,-1
216,2,593.1320190429688,711.4537353515625,209.70367431640625,535.7650146484375,-1,-1,-1,-1
217,2,581.7420654296875,718.5723266601562,234.0941162109375,531.2546997070312,-1,-1,-1,-1
218,2,581.1235961914062,719.2157592773438,251.13201904296875,527.9446411132812,-1,-1,-1,-1
219,2,591.2958374023438,712.1661376953125,252.31524658203125,525.03564453125,-1,-1,-1,-1
220,2,615.1295776367188,697.2953491210938,236.60772705078125,517.5125122070312,-1,-1,-1,-1
221,2,651.2539672851562,682.4064331054688,202.02239990234375,505.24249267578125,-1,-1,-1,-1
222,2,638.9598999023438,670.6903686523438,212.55609130859375,503.39752197265625,-1,-1,-1,-1
223,2,649.5220947265625,655.599365234375,205.3516845703125,495.1123046875,-1,-1,-1,-1
224,2,664.1988525390625,637.9269409179688,198.24346923828125,487.13482666015625,-1,-1,-1,-1
225,2,685.6419067382812,627.2352294921875,180.59344482421875,473.4915771484375,-1,-1,-1,-1
226,2,702.8673706054688,621.3886108398438,167.9434814453125,456.83343505859375,-1,-1,-1,-1
227,2,709.7578735351562,616.2791748046875,167.4617919921875,446.3375244140625,-1,-1,-1,-1
228,2,712.9085693359375,610.2384643554688,165.4736328125,449.97894287109375,-1,-1,-1,-1
229,2,714.2188720703125,600.4693603515625,165.567626953125,452.7386474609375,-1,-1,-1,-1
230,2,709.4680786132812,591.4315795898438,167.86962890625,450.80694580078125,-1,-1,-1,-1
231,2,712.127197265625,585.5418701171875,160.78228759765625,451.745361328125,-1,-1,-1,-1
232,2,706.7489624023438,583.0510864257812,163.33258056640625,447.34881591796875,-1,-1,-1,-1
233,2,713.5028076171875,581.0647583007812,156.8624267578125,434.4615478515625,-1,-1,-1,-1
234,2,721.177490234375,573.0439453125,153.396240234375,422.89910888671875,-1,-1,-1,-1
235,2,719.0509643554688,561.1547241210938,151.39044189453125,413.6651611328125,-1,-1,-1,-1
236,2,716.9994506835938,551.6460571289062,142.4638671875,399.93377685546875,-1,-1,-1,-1
237,2,722.1068725585938,545.1830444335938,141.16119384765625,389.03564453125,-1,-1,-1,-1
238,2,723.4534912109375,531.8475952148438,145.68634033203125,386.51898193359375,-1,-1,-1,-1
239,2,712.3193969726562,516.58154296875,151.2806396484375,384.9996337890625,-1,-1,-1,-1
240,2,699.3814697265625,508.7294006347656,155.7550048828125,381.5494689941406,-1,-1,-1,-1
241,2,690.5233764648438,508.05029296875,158.23040771484375,375.44561767578125,-1,-1,-1,-1
242,2,684.5711669921875,505.31036376953125,159.24847412109375,368.70281982421875,-1,-1,-1,-1
243,2,679.66552734375,503.58282470703125,161.22235107421875,364.23187255859375,-1,-1,-1,-1
244,2,677.07568359375,508.6142578125,160.80059814453125,359.340087890625,-1,-1,-1,-1
245,2,675.4780883789062,509.86053466796875,152.09912109375,355.98583984375,-1,-1,-1,-1
246,2,677.4436645507812,506.18817138671875,143.5809326171875,355.4703369140625,-1,-1,-1,-1
247,2,680.101806640625,505.82415771484375,136.4312744140625,359.01361083984375,-1,-1,-1,-1
248,2,689.4111328125,506.5404357910156,127.0078125,358.6906433105469,-1,-1,-1,-1
249,2,693.4404296875,514.3610229492188,124.65277099609375,355.37005615234375,-1,-1,-1,-1
250,2,697.6495971679688,524.0466918945312,123.88043212890625,351.2481689453125,-1,-1,-1,-1
251,2,702.1166381835938,531.3419189453125,124.49334716796875,350.693603515625,-1,-1,-1,-1
252,2,705.515625,534.2015991210938,129.2044677734375,350.27008056640625,-1,-1,-1,-1
253,2,706.8901977539062,536.1705932617188,136.10955810546875,347.01373291015625,-1,-1,-1,-1
254,2,709.6585693359375,532.5377197265625,142.5233154296875,349.072509765625,-1,-1,-1,-1
255,2,716.7815551757812,528.3411254882812,142.58929443359375,352.06597900390625,-1,-1,-1,-1
256,2,720.1336669921875,523.109619140625,146.4595947265625,357.9627685546875,-1,-1,-1,-1
257,2,726.5618286132812,515.9014892578125,148.83984375,367.108642578125,-1,-1,-1,-1
258,2,712.4859619140625,499.50177001953125,179.97979736328125,378.3994140625,-1,-1,-1,-1
259,2,717.2529907226562,482.1814880371094,190.10174560546875,384.9491271972656,-1,-1,-1,-1
260,2,716.66357421875,471.1385498046875,198.47210693359375,384.4512939453125,-1,-1,-1,-1
261,2,714.0418090820312,471.5916442871094,206.177978515625,384.3690490722656,-1,-1,-1,-1
262,2,712.9561767578125,480.353759765625,208.7977294921875,380.0546875,-1,-1,-1,-1
263,2,709.4163818359375,497.6852722167969,213.28912353515625,373.5644226074219,-1,-1,-1,-1
264,2,705.4720458984375,516.4547119140625,217.23406982421875,376.28790283203125,-1,-1,-1,-1
265,2,700.013916015625,530.5929565429688,220.8492431640625,384.6219482421875,-1,-1,-1,-1
266,2,693.3357543945312,535.672607421875,221.72845458984375,399.42938232421875,-1,-1,-1,-1
267,2,709.513916015625,534.8699951171875,198.9476318359375,418.106689453125,-1,-1,-1,-1
268,2,718.2600708007812,536.86572265625,182.73114013671875,430.6185302734375,-1,-1,-1,-1
269,2,713.326171875,540.1734619140625,195.78778076171875,441.9595947265625,-1,-1,-1,-1
270,2,709.39453125,544.250244140625,220.31939697265625,450.60467529296875,-1,-1,-1,-1
271,2,703.4525756835938,555.7484130859375,249.54339599609375,453.201416015625,-1,-1,-1,-1
272,2,700.5703125,578.7457885742188,252.714599609375,450.29290771484375,-1,-1,-1,-1
273,2,701.7462768554688,596.2594604492188,251.10821533203125,437.54974365234375,-1,-1,-1,-1
274,2,701.5667114257812,582.360107421875,243.0206298828125,427.558837890625,-1,-1,-1,-1
275,2,694.9865112304688,580.646728515625,244.48828125,419.474365234375,-1,-1,-1,-1
276,2,688.1467895507812,592.4825439453125,255.00177001953125,426.21307373046875,-1,-1,-1,-1
277,2,679.5609741210938,604.9298706054688,272.5714111328125,444.86822509765625,-1,-1,-1,-1
278,2,673.2677612304688,614.7011108398438,287.46881103515625,467.34271240234375,-1,-1,-1,-1
279,2,664.316650390625,616.4488525390625,299.37213134765625,477.7725830078125,-1,-1,-1,-1
280,2,658.0458374023438,604.7142333984375,282.74053955078125,481.6165771484375,-1,-1,-1,-1
281,2,652.7437744140625,571.8173217773438,252.87677001953125,485.32830810546875,-1,-1,-1,-1
282,2,647.9627075195312,538.203857421875,220.515380859375,493.059814453125,-1,-1,-1,-1
283,2,641.510009765625,477.970703125,196.48126220703125,503.170654296875,-1,-1,-1,-1
284,2,636.6867065429688,459.420166015625,194.92767333984375,499.774169921875,-1,-1,-1,-1
285,2,641.3460083007812,492.7924499511719,199.233642578125,494.3960266113281,-1,-1,-1,-1
286,2,650.6471557617188,544.7376098632812,193.551513671875,487.90277099609375,-1,-1,-1,-1
287,2,665.2872314453125,598.1754150390625,187.41119384765625,472.1524658203125,-1,-1,-1,-1
288,2,665.0455322265625,630.2195434570312,197.2991943359375,450.89837646484375,-1,-1,-1,-1
289,2,654.556640625,639.030517578125,211.4176025390625,425.3994140625,-1,-1,-1,-1
290,2,646.1109619140625,632.6858520507812,214.979736328125,412.16998291015625,-1,-1,-1,-1
291,2,648.3460693359375,612.0841674804688,203.29833984375,410.6322021484375,-1,-1,-1,-1
292,2,653.9679565429688,574.0786743164062,190.0262451171875,415.18011474609375,-1,-1,-1,-1
293,2,659.054931640625,552.4004516601562,190.484619140625,425.0023193359375,-1,-1,-1,-1
294,2,661.2620849609375,539.671630859375,196.04541015625,434.041748046875,-1,-1,-1,-1
295,2,649.2600708007812,530.6718139648438,199.25927734375,435.31170654296875,-1,-1,-1,-1
296,2,645.666748046875,537.08642578125,194.28656005859375,428.50518798828125,-1,-1,-1,-1
297,2,638.122802734375,555.0040893554688,204.70947265625,424.930908203125,-1,-1,-1,-1
298,2,635.5037231445312,572.2780151367188,213.5098876953125,418.93304443359375,-1,-1,-1,-1
299,2,639.3075561523438,585.6353149414062,218.4302978515625,423.7225341796875,-1,-1,-1,-1
300,2,647.677490234375,593.1779174804688,218.81597900390625,431.69207763671875,-1,-1,-1,-1
301,2,667.689208984375,575.4700927734375,212.6793212890625,446.56915283203125,-1,-1,-1,-1
302,2,675.681396484375,559.1121215820312,210.5792236328125,462.2958984375,-1,-1,-1,-1
303,2,672.0782470703125,544.3588256835938,208.34515380859375,476.9581298828125,-1,-1,-1,-1
304,2,668.6452026367188,533.4840087890625,210.5123291015625,488.1009521484375,-1,-1,-1,-1
305,2,663.2625732421875,530.5225219726562,230.8594970703125,499.60052490234375,-1,-1,-1,-1
306,2,656.4027709960938,532.5341186523438,258.13055419921875,507.77069091796875,-1,-1,-1,-1
307,2,657.0433959960938,542.7009887695312,281.07879638671875,501.49029541015625,-1,-1,-1,-1
308,2,654.63671875,559.5398559570312,296.80413818359375,501.89959716796875,-1,-1,-1,-1
309,2,653.3643798828125,566.4998779296875,302.84490966796875,499.730224609375,-1,-1,-1,-1
310,2,659.4247436523438,568.3795776367188,303.86566162109375,500.10382080078125,-1,-1,-1,-1
311,2,662.356689453125,557.8948974609375,299.43646240234375,508.6883544921875,-1,-1,-1,-1
312,2,667.832763671875,542.0945434570312,288.70599365234375,521.5326538085938,-1,-1,-1,-1
313,2,704.1176147460938,527.742919921875,246.418212890625,539.0867919921875,-1,-1,-1,-1
314,2,722.1320190429688,515.0955810546875,226.65643310546875,555.781982421875,-1,-1,-1,-1
315,2,741.0223388671875,508.2236022949219,227.2725830078125,567.3721923828125,-1,-1,-1,-1
316,2,765.3778076171875,503.57135009765625,237.245849609375,574.0818481445312,-1,-1,-1,-1
317,2,787.26025390625,513.697265625,276.6285400390625,567.5098876953125,-1,-1,-1,-1
318,2,808.2274169921875,528.7059326171875,317.156982421875,566.2030029296875,-1,-1,-1,-1
319,2,826.459716796875,540.5887451171875,329.0015869140625,563.0107421875,-1,-1,-1,-1
320,2,845.6605224609375,541.8088989257812,313.0599365234375,561.3880004882812,-1,-1,-1,-1
321,2,854.0364379882812,552.95068359375,303.70220947265625,570.751953125,-1,-1,-1,-1
322,2,853.63916015625,544.2044677734375,306.573974609375,599.3050537109375,-1,-1,-1,-1
323,2,872.6841430664062,522.8870849609375,308.31854248046875,635.6688232421875,-1,-1,-1,-1
324,2,904.654541015625,488.5748291015625,313.073974609375,669.6685791015625,-1,-1,-1,-1
325,2,916.4254150390625,465.9282531738281,405.2178955078125,702.57763671875,-1,-1,-1,-1
326,2,878.000244140625,436.4578857421875,527.7696533203125,741.48095703125,-1,-1,-1,-1
327,2,942.0478515625,421.4205322265625,469.830078125,789.5418701171875,-1,-1,-1,-1
328,2,1018.2473754882812,403.64739990234375,389.08624267578125,855.3743286132812,-1,-1,-1,-1
329,2,1053.1783447265625,388.6701354980469,350.9071044921875,771.056884765625,-1,-1,-1,-1
330,2,1121.522216796875,581.2779541015625,289.8992919921875,289.34295654296875,-1,-1,-1,-1
331,2,1189.712646484375,602.4232788085938,219.2247314453125,270.008056640625,-1,-1,-1,-1
66,3,441.86529541015625,515.2117309570312,32.13580322265625,71.2532958984375,-1,-1,-1,-1
67,3,436.80908203125,513.765380859375,32.05792236328125,70.67462158203125,-1,-1,-1,-1
68,3,429.78326416015625,513.799072265625,33.917266845703125,72.18096923828125,-1,-1,-1,-1
69,3,426.2945251464844,523.3805541992188,33.022216796875,70.9150390625,-1,-1,-1,-1
70,3,421.31121826171875,524.2975463867188,36.477752685546875,78.185546875,-1,-1,-1,-1
71,3,421.61602783203125,523.0292358398438,38.24029541015625,86.6259765625,-1,-1,-1,-1
72,3,413.2218017578125,528.2559204101562,41.65960693359375,100.6300048828125,-1,-1,-1,-1
73,3,390.66717529296875,524.06640625,52.492523193359375,152.0843505859375,-1,-1,-1,-1
74,3,375.1865539550781,518.6054077148438,61.435882568359375,213.76312255859375,-1,-1,-1,-1
75,3,366.0574951171875,522.1902465820312,75.9195556640625,226.45526123046875,-1,-1,-1,-1
76,3,388.37969970703125,618.87548828125,56.185546875,126.7452392578125,-1,-1,-1,-1
77,3,395.74920654296875,625.26123046875,65.66461181640625,128.54486083984375,-1,-1,-1,-1
78,3,401.8390197753906,629.1085205078125,68.75888061523438,136.5501708984375,-1,-1,-1,-1
79,3,414.1322021484375,620.1951904296875,74.12518310546875,150.66705322265625,-1,-1,-1,-1
80,3,428.8713073730469,632.01806640625,57.5025634765625,118.0103759765625,-1,-1,-1,-1
81,3,430.81622314453125,634.7042236328125,61.65283203125,127.6416015625,-1,-1,-1,-1
82,3,436.4595031738281,623.609375,59.833526611328125,127.24859619140625,-1,-1,-1,-1
83,3,443.4068908691406,615.2454833984375,66.31625366210938,139.56072998046875,-1,-1,-1,-1
84,3,458.00921630859375,612.7793579101562,57.07403564453125,122.53399658203125,-1,-1,-1,-1
85,3,476.09686279296875,614.5400390625,52.00225830078125,109.68701171875,-1,-1,-1,-1
86,3,485.1881103515625,616.5218505859375,53.045166015625,119.35662841796875,-1,-1,-1,-1
87,3,494.84283447265625,621.2806396484375,59.74676513671875,128.32183837890625,-1,-1,-1,-1
88,3,506.2779541015625,625.5418701171875,64.84478759765625,138.85113525390625,-1,-1,-1,-1
89,3,510.15313720703125,627.1699829101562,60.08697509765625,132.11749267578125,-1,-1,-1,-1
90,3,511.22796630859375,615.5587158203125,57.80181884765625,120.62396240234375,-1,-1,-1,-1
91,3,518.230712890625,607.9776611328125,53.66455078125,107.33544921875,-1,-1,-1,-1
92,3,530.3943481445312,615.3659057617188,47.97552490234375,101.95697021484375,-1,-1,-1,-1
93,3,531.5247802734375,623.45947265625,56.486083984375,107.77655029296875,-1,-1,-1,-1
94,3,536.49853515625,630.7133178710938,56.7908935546875,109.8189697265625,-1,-1,-1,-1
95,3,543.3915405273438,630.0584106445312,65.82757568359375,119.04547119140625,-1,-1,-1,-1
96,3,551.9789428710938,610.8538208007812,62.18603515625,116.82183837890625,-1,-1,-1,-1
97,3,554.5366821289062,597.5822143554688,74.86663818359375,132.395263671875,-1,-1,-1,-1
98,3,544.1334228515625,589.1526489257812,69.56964111328125,143.03955078125,-1,-1,-1,-1
99,3,542.1135864257812,560.32373046875,72.934814453125,147.73248291015625,-1,-1,-1,-1
100,3,547.4444580078125,549.6454467773438,63.0557861328125,136.324951171875,-1,-1,-1,-1
101,3,549.4921264648438,561.5420532226562,70.40234375,134.35784912109375,-1,-1,-1,-1
102,3,548.209716796875,574.2698974609375,55.3726806640625,111.5400390625,-1,-1,-1,-1
103,3,547.3174438476562,579.505615234375,52.71038818359375,108.994140625,-1,-1,-1,-1
104,3,540.7570190429688,578.9012451171875,49.56243896484375,110.045166015625,-1,-1,-1,-1
105,3,534.4022216796875,570.61376953125,61.83612060546875,123.58868408203125,-1,-1,-1,-1
106,3,534.5521850585938,562.9494018554688,63.51629638671875,119.1260986328125,-1,-1,-1,-1
107,3,535.81640625,551.7360229492188,62.40789794921875,124.64373779296875,-1,-1,-1,-1
108,3,536.5498046875,550.999267578125,64.62835693359375,129.5400390625,-1,-1,-1,-1
109,3,539.0752563476562,559.4044799804688,55.08880615234375,120.63275146484375,-1,-1,-1,-1
110,3,542.3853759765625,567.7894287109375,52.80072021484375,115.72833251953125,-1,-1,-1,-1
111,3,544.8057861328125,578.3239135742188,45.42236328125,101.37255859375,-1,-1,-1,-1
112,3,554.7686767578125,586.240234375,48.66326904296875,103.07757568359375,-1,-1,-1,-1
113,3,556.352294921875,586.9807739257812,52.32623291015625,112.4852294921875,-1,-1,-1,-1
114,3,553.2015380859375,591.62890625,53.45526123046875,112.95941162109375,-1,-1,-1,-1
115,3,552.4199829101562,592.316162109375,60.56207275390625,117.0338134765625,-1,-1,-1,-1
116,3,555.8378295898438,595.3677368164062,46.56024169921875,105.43475341796875,-1,-1,-1,-1
117,3,558.3480834960938,590.6502075195312,48.19561767578125,107.02490234375,-1,-1,-1,-1
118,3,555.8357543945312,593.0184936523438,49.94598388671875,112.32672119140625,-1,-1,-1,-1
119,3,557.327880859375,599.7897338867188,52.76702880859375,116.58502197265625,-1,-1,-1,-1
120,3,569.6682739257812,606.866943359375,43.67578125,100.728759765625,-1,-1,-1,-1
121,3,571.0150146484375,599.947998046875,52.22735595703125,112.11846923828125,-1,-1,-1,-1
122,3,570.3467407226562,585.9557495117188,49.2691650390625,104.8997802734375,-1,-1,-1,-1
123,3,566.904296875,586.8457641601562,52.45880126953125,108.32293701171875,-1,-1,-1,-1
124,3,565.5181884765625,593.7467651367188,57.71807861328125,122.64862060546875,-1,-1,-1,-1
125,3,569.6432495117188,594.0086059570312,51.73992919921875,112.17437744140625,-1,-1,-1,-1
126,3,579.9550170898438,589.3194580078125,43.08648681640625,92.2991943359375,-1,-1,-1,-1
127,3,583.9874267578125,569.2656860351562,54.7200927734375,109.341796875,-1,-1,-1,-1
128,3,583.631103515625,563.9554443359375,49.2364501953125,113.07940673828125,-1,-1,-1,-1
129,3,586.4718017578125,553.2064819335938,50.03558349609375,119.61724853515625,-1,-1,-1,-1
130,3,584.0199584960938,545.0589599609375,47.90826416015625,116.75018310546875,-1,-1,-1,-1
131,3,571.3751831054688,535.7955322265625,52.78594970703125,111.61181640625,-1,-1,-1,-1
132,3,562.6189575195312,530.6829833984375,58.29156494140625,114.1920166015625,-1,-1,-1,-1
133,3,559.1303100585938,529.559326171875,75.443603515625,120.9085693359375,-1,-1,-1,-1
134,3,564.1096801757812,533.0194091796875,65.6697998046875,115.105224609375,-1,-1,-1,-1
135,3,564.7714233398438,542.1390380859375,74.7967529296875,126.5213623046875,-1,-1,-1,-1
136,3,560.0276489257812,544.1864013671875,66.9422607421875,117.743896484375,-1,-1,-1,-1
137,3,555.6599731445312,535.4510498046875,49.4571533203125,111.4180908203125,-1,-1,-1,-1
138,3,554.6865844726562,524.0603637695312,46.61083984375,108.559814453125,-1,-1,-1,-1
139,3,553.8115844726562,525.9971923828125,44.77496337890625,107.34478759765625,-1,-1,-1,-1
140,3,559.0556030273438,522.106689453125,46.77490234375,107.3817138671875,-1,-1,-1,-1
141,3,559.2059326171875,516.1126708984375,48.25750732421875,111.342529296875,-1,-1,-1,-1
142,3,549.1961669921875,528.2808837890625,47.37945556640625,109.831787109375,-1,-1,-1,-1
143,3,544.8726806640625,528.2344970703125,47.67120361328125,111.8531494140625,-1,-1,-1,-1
144,3,542.7380981445312,529.6611328125,43.4290771484375,102.0902099609375,-1,-1,-1,-1
145,3,530.716552734375,520.7637939453125,44.54278564453125,104.1319580078125,-1,-1,-1,-1
146,3,528.5838623046875,508.6549377441406,45.6583251953125,112.62265014648438,-1,-1,-1,-1
147,3,527.5730590820312,513.7505493164062,43.8314208984375,112.57110595703125,-1,-1,-1,-1
148,3,524.3688354492188,522.0880737304688,40.24749755859375,101.767822265625,-1,-1,-1,-1
149,3,522.647705078125,528.972900390625,40.65850830078125,102.7618408203125,-1,-1,-1,-1
150,3,530.6661987304688,524.2990112304688,42.49603271484375,99.97491455078125,-1,-1,-1,-1
151,3,527.0775756835938,518.962646484375,42.83526611328125,102.4384765625,-1,-1,-1,-1
152,3,517.7869262695312,510.87420654296875,44.49005126953125,108.20263671875,-1,-1,-1,-1
153,3,522.7135620117188,506.3666687011719,43.655517578125,106.35702514648438,-1,-1,-1,-1
154,3,526.4024047851562,506.09710693359375,44.7196044921875,115.560302734375,-1,-1,-1,-1
155,3,517.5712890625,499.9884948730469,48.79296875,110.96115112304688,-1,-1,-1,-1
156,3,552.0057983398438,517.4356079101562,46.71002197265625,112.05389404296875,-1,-1,-1,-1
157,3,558.7089233398438,545.8356323242188,47.73870849609375,113.88580322265625,-1,-1,-1,-1
158,3,498.9647521972656,522.9764404296875,59.557037353515625,122.66473388671875,-1,-1,-1,-1
159,3,445.1387939453125,495.02154541015625,57.773468017578125,111.33477783203125,-1,-1,-1,-1
161,3,424.3369445800781,560.322021484375,98.82589721679688,134.94769287109375,-1,-1,-1,-1
162,3,425.8493957519531,561.7335205078125,89.75381469726562,123.305419921875,-1,-1,-1,-1
163,3,470.0614013671875,548.98486328125,92.486572265625,112.49224853515625,-1,-1,-1,-1
164,3,512.75830078125,544.1956787109375,41.07208251953125,94.23291015625,-1,-1,-1,-1
165,3,524.6173095703125,518.82470703125,38.20733642578125,90.18609619140625,-1,-1,-1,-1
166,3,543.660888671875,515.3069458007812,37.66741943359375,93.958251953125,-1,-1,-1,-1
167,3,588.28515625,519.9200439453125,37.57257080078125,93.6256103515625,-1,-1,-1,-1
168,3,633.7171630859375,506.23516845703125,38.695556640625,93.0316162109375,-1,-1,-1,-1
169,3,677.3804321289062,506.1407165527344,40.03607177734375,97.82711791992188,-1,-1,-1,-1
170,3,718.2815551757812,491.1376953125,38.75054931640625,94.44830322265625,-1,-1,-1,-1
171,3,758.226806640625,468.6733093261719,39.03790283203125,93.35513305664062,-1,-1,-1,-1
172,3,796.4338989257812,453.5247497558594,38.90362548828125,100.90426635742188,-1,-1,-1,-1
173,3,815.8488159179688,441.3558044433594,39.05218505859375,98.49740600585938,-1,-1,-1,-1
174,3,832.1190185546875,425.90924072265625,36.78472900390625,90.76751708984375,-1,-1,-1,-1
175,3,841.3970947265625,424.7068786621094,41.8607177734375,111.68600463867188,-1,-1,-1,-1
176,3,830.8550415039062,432.2290954589844,39.0072021484375,93.07962036132812,-1,-1,-1,-1
177,3,810.62158203125,442.4375305175781,33.756103515625,78.45443725585938,-1,-1,-1,-1
82,4,775.5419921875,580.6060180664062,54.230224609375,148.41583251953125,-1,-1,-1,-1
83,4,778.216064453125,574.035888671875,60.04693603515625,160.13037109375,-1,-1,-1,-1
84,4,791.4166259765625,573.7525024414062,61.1956787109375,169.8055419921875,-1,-1,-1,-1
85,4,808.310791015625,572.1749267578125,60.110107421875,169.25323486328125,-1,-1,-1,-1
86,4,814.2874145507812,571.829345703125,61.09564208984375,173.3465576171875,-1,-1,-1,-1
87,4,822.4899291992188,576.4860229492188,64.57525634765625,180.8656005859375,-1,-1,-1,-1
88,4,835.4801635742188,581.7721557617188,65.57781982421875,176.17681884765625,-1,-1,-1,-1
89,4,838.4078369140625,581.4080200195312,68.16632080078125,183.96295166015625,-1,-1,-1,-1
90,4,839.2149047851562,567.7127685546875,70.687255859375,182.96240234375,-1,-1,-1,-1
91,4,844.4745483398438,563.14404296875,71.71429443359375,182.44287109375,-1,-1,-1,-1
92,4,853.902587890625,569.2955322265625,74.03192138671875,184.7427978515625,-1,-1,-1,-1
93,4,856.336669921875,578.2262573242188,70.60601806640625,182.285888671875,-1,-1,-1,-1
94,4,858.9825439453125,584.6484985351562,72.888916015625,183.72265625,-1,-1,-1,-1
95,4,864.2452392578125,582.6442260742188,71.348388671875,181.22857666015625,-1,-1,-1,-1
96,4,872.4201049804688,564.8143920898438,72.9158935546875,185.189697265625,-1,-1,-1,-1
97,4,877.8655395507812,551.1235961914062,70.472900390625,181.27862548828125,-1,-1,-1,-1
98,4,869.3570556640625,543.1460571289062,67.1826171875,179.6656494140625,-1,-1,-1,-1
99,4,864.4314575195312,516.1825561523438,66.7327880859375,186.7117919921875,-1,-1,-1,-1
100,4,867.2562255859375,510.175537109375,64.1761474609375,186.75506591796875,-1,-1,-1,-1
101,4,865.3358154296875,521.969970703125,61.92413330078125,175.94744873046875,-1,-1,-1,-1
102,4,860.1932373046875,530.6676635742188,60.411865234375,172.94195556640625,-1,-1,-1,-1
103,4,856.8204956054688,538.4423828125,59.9271240234375,176.1641845703125,-1,-1,-1,-1
104,4,848.38134765625,540.4007568359375,56.63818359375,166.710205078125,-1,-1,-1,-1
105,4,844.7816162109375,534.5357666015625,57.1015625,168.302001953125,-1,-1,-1,-1
106,4,845.045654296875,527.8438110351562,56.454833984375,169.57257080078125,-1,-1,-1,-1
107,4,846.3349609375,516.9392700195312,61.46337890625,179.34783935546875,-1,-1,-1,-1
108,4,846.3839111328125,521.1080322265625,60.08807373046875,174.16900634765625,-1,-1,-1,-1
109,4,846.0667724609375,531.391845703125,59.99774169921875,165.9278564453125,-1,-1,-1,-1
110,4,847.129638671875,539.725830078125,62.2828369140625,165.61358642578125,-1,-1,-1,-1
111,4,846.825927734375,547.3765869140625,61.4674072265625,164.31005859375,-1,-1,-1,-1
112,4,855.8018798828125,554.5924072265625,60.7427978515625,162.94781494140625,-1,-1,-1,-1
113,4,858.8483276367188,553.116455078125,59.7037353515625,162.08807373046875,-1,-1,-1,-1
114,4,854.5867919921875,551.8566284179688,61.70343017578125,161.45294189453125,-1,-1,-1,-1
115,4,854.4099731445312,549.3158569335938,60.7001953125,161.8673095703125,-1,-1,-1,-1
116,4,858.2717895507812,551.4907836914062,60.6893310546875,161.24932861328125,-1,-1,-1,-1
117,4,860.4263916015625,549.7711181640625,61.32275390625,162.35528564453125,-1,-1,-1,-1
118,4,860.1207275390625,556.6859130859375,60.3443603515625,162.1021728515625,-1,-1,-1,-1
119,4,860.7381591796875,563.6715698242188,61.057373046875,161.489990234375,-1,-1,-1,-1
120,4,870.4484252929688,567.8739624023438,60.8062744140625,162.0009765625,-1,-1,-1,-1
121,4,873.0253295898438,568.1099243164062,59.5341796875,161.19195556640625,-1,-1,-1,-1
122,4,873.1973876953125,557.02587890625,59.33782958984375,163.0501708984375,-1,-1,-1,-1
123,4,872.5252685546875,557.6259765625,60.22637939453125,163.62432861328125,-1,-1,-1,-1
124,4,871.9002075195312,566.0086669921875,60.76483154296875,164.07330322265625,-1,-1,-1,-1
125,4,872.9708251953125,564.1749267578125,64.0289306640625,166.7030029296875,-1,-1,-1,-1
126,4,885.00927734375,559.8555908203125,62.39544677734375,167.46807861328125,-1,-1,-1,-1
127,4,891.5170288085938,539.2957763671875,69.161865234375,170.70050048828125,-1,-1,-1,-1
128,4,893.0728759765625,536.7680053710938,66.396240234375,171.63787841796875,-1,-1,-1,-1
129,4,901.326904296875,531.880615234375,60.4517822265625,159.653076171875,-1,-1,-1,-1
130,4,896.8727416992188,517.9326782226562,61.35211181640625,169.09307861328125,-1,-1,-1,-1
131,4,882.929931640625,501.7964172363281,66.2261962890625,171.66262817382812,-1,-1,-1,-1
132,4,875.8916625976562,494.5774230957031,68.20849609375,171.49807739257812,-1,-1,-1,-1
133,4,871.8901977539062,490.2098388671875,68.2554931640625,172.4090576171875,-1,-1,-1,-1
134,4,877.7178955078125,494.0556640625,66.7945556640625,171.0279541015625,-1,-1,-1,-1
135,4,876.5330200195312,497.063232421875,72.1204833984375,177.05645751953125,-1,-1,-1,-1
136,4,872.2977294921875,505.6310119628906,64.752197265625,169.69229125976562,-1,-1,-1,-1
137,4,869.3541259765625,501.5903015136719,62.5362548828125,166.68814086914062,-1,-1,-1,-1
138,4,864.4578857421875,491.60198974609375,65.580810546875,169.92462158203125,-1,-1,-1,-1
139,4,865.6756591796875,490.7618408203125,64.04473876953125,167.76708984375,-1,-1,-1,-1
140,4,871.6512451171875,488.0269775390625,62.1673583984375,166.24078369140625,-1,-1,-1,-1
141,4,873.144775390625,480.3779602050781,67.197021484375,156.98233032226562,-1,-1,-1,-1
142,4,864.0357666015625,492.2877197265625,61.96923828125,141.2088623046875,-1,-1,-1,-1
143,4,859.1088256835938,491.0997314453125,62.415283203125,165.1324462890625,-1,-1,-1,-1
144,4,855.5107421875,494.8647155761719,63.206298828125,169.24264526367188,-1,-1,-1,-1
145,4,843.3978881835938,479.61090087890625,59.70068359375,165.69635009765625,-1,-1,-1,-1
146,4,843.9385986328125,473.2628173828125,57.898681640625,161.89263916015625,-1,-1,-1,-1
147,4,843.2940063476562,477.7745666503906,58.4967041015625,154.51327514648438,-1,-1,-1,-1
148,4,838.0723876953125,484.7717590332031,59.961181640625,153.31460571289062,-1,-1,-1,-1
149,4,837.447998046875,489.6338195800781,55.99310302734375,154.94857788085938,-1,-1,-1,-1
150,4,842.5802001953125,487.157470703125,58.37689208984375,151.01318359375,-1,-1,-1,-1
151,4,838.4495239257812,483.3901062011719,63.09722900390625,155.16055297851562,-1,-1,-1,-1
152,4,827.0792236328125,475.26776123046875,63.53717041015625,170.0679931640625,-1,-1,-1,-1
153,4,834.0785522460938,469.4696044921875,61.42108154296875,166.09503173828125,-1,-1,-1,-1
154,4,835.9114379882812,470.9035339355469,66.220703125,180.09829711914062,-1,-1,-1,-1
155,4,828.8435668945312,460.826416015625,65.505859375,176.562744140625,-1,-1,-1,-1
156,4,860.6742553710938,464.6714172363281,60.01409912109375,159.41000366210938,-1,-1,-1,-1
157,4,856.6380004882812,486.2464294433594,69.1861572265625,173.69033813476562,-1,-1,-1,-1
158,4,808.148681640625,471.3749084472656,62.65277099609375,154.71762084960938,-1,-1,-1,-1
159,4,750.1428833007812,424.1231689453125,61.59112548828125,162.89080810546875,-1,-1,-1,-1
160,4,719.4486694335938,441.28424072265625,56.74139404296875,162.5606689453125,-1,-1,-1,-1
161,4,717.474365234375,485.8780822753906,66.30224609375,153.98001098632812,-1,-1,-1,-1
162,4,715.5914306640625,483.3639221191406,64.8421630859375,152.94729614257812,-1,-1,-1,-1
163,4,757.4002075195312,478.682373046875,63.70654296875,152.96728515625,-1,-1,-1,-1
164,4,794.007080078125,479.0317077636719,54.6885986328125,153.50900268554688,-1,-1,-1,-1
165,4,808.7033081054688,467.10174560546875,58.25921630859375,155.35711669921875,-1,-1,-1,-1
166,4,825.4713134765625,469.4331359863281,58.24072265625,153.27780151367188,-1,-1,-1,-1
167,4,870.8233032226562,485.9490051269531,57.43438720703125,152.80471801757812,-1,-1,-1,-1
168,4,917.6300048828125,477.50811767578125,57.764404296875,157.0643310546875,-1,-1,-1,-1
169,4,964.8848266601562,476.2711181640625,61.22857666015625,158.968505859375,-1,-1,-1,-1
170,4,1009.5397338867188,462.85211181640625,64.00323486328125,161.27093505859375,-1,-1,-1,-1
171,4,1059.0848388671875,442.21630859375,66.6466064453125,167.32666015625,-1,-1,-1,-1
172,4,1102.2779541015625,427.6682434082031,70.295166015625,171.37899780273438,-1,-1,-1,-1
173,4,1122.311279296875,418.7677917480469,76.1265869140625,174.89382934570312,-1,-1,-1,-1
174,4,1144.6451416015625,409.06549072265625,69.9151611328125,177.1014404296875,-1,-1,-1,-1
175,4,1155.625244140625,410.2329406738281,73.659912109375,177.61349487304688,-1,-1,-1,-1
176,4,1137.4091796875,420.43609619140625,79.29931640625,178.44110107421875,-1,-1,-1,-1
177,4,1104.978271484375,433.520751953125,82.9158935546875,176.20550537109375,-1,-1,-1,-1
178,4,1058.528076171875,451.3346252441406,85.97509765625,171.02651977539062,-1,-1,-1,-1
179,4,1013.7101440429688,480.31072998046875,73.07977294921875,164.71026611328125,-1,-1,-1,-1
180,4,993.0125732421875,496.7227478027344,67.80224609375,161.23123168945312,-1,-1,-1,-1
181,4,979.2172241210938,505.59967041015625,63.92596435546875,160.508544921875,-1,-1,-1,-1
182,4,951.7963256835938,510.27691650390625,64.73284912109375,158.781005859375,-1,-1,-1,-1
183,4,934.6939697265625,513.6889038085938,63.9849853515625,156.9998779296875,-1,-1,-1,-1
184,4,915.5518188476562,517.32763671875,61.91607666015625,154.6971435546875,-1,-1,-1,-1
185,4,893.959716796875,530.651123046875,61.08856201171875,153.30596923828125,-1,-1,-1,-1
186,4,877.705078125,540.9609985351562,56.93408203125,153.677734375,-1,-1,-1,-1
187,4,850.88427734375,545.2395629882812,65.6510009765625,151.5625,-1,-1,-1,-1
188,4,818.750732421875,548.3861083984375,72.3890380859375,150.870361328125,-1,-1,-1,-1
189,4,805.9161987304688,557.4029541015625,65.21343994140625,150.184814453125,-1,-1,-1,-1
190,4,799.785888671875,560.1597290039062,59.24444580078125,149.910400390625,-1,-1,-1,-1
191,4,796.1647338867188,559.8770141601562,53.69952392578125,148.96875,-1,-1,-1,-1
192,4,788.0947875976562,555.9176635742188,49.40093994140625,152.9093017578125,-1,-1,-1,-1
193,4,785.5028076171875,561.75927734375,49.36383056640625,148.50311279296875,-1,-1,-1,-1
194,4,778.7930297851562,556.8365478515625,52.42132568359375,151.142333984375,-1,-1,-1,-1
195,4,778.9740600585938,550.22607421875,48.69110107421875,149.292724609375,-1,-1,-1,-1
196,4,774.7037353515625,548.6056518554688,50.19195556640625,146.77325439453125,-1,-1,-1,-1
197,4,764.3291015625,529.677490234375,62.38470458984375,155.038818359375,-1,-1,-1,-1
198,4,769.8722534179688,526.509765625,55.39459228515625,139.13824462890625,-1,-1,-1,-1
199,4,760.7144165039062,518.8792724609375,65.13037109375,150.0089111328125,-1,-1,-1,-1
82,5,826.5665893554688,617.3110961914062,25.973876953125,71.99871826171875,-1,-1,-1,-1
83,5,833.8833618164062,613.99951171875,29.99127197265625,72.22930908203125,-1,-1,-1,-1
84,5,846.3895263671875,613.05224609375,31.01953125,79.22882080078125,-1,-1,-1,-1
85,5,862.6105346679688,612.544189453125,30.725341796875,75.34912109375,-1,-1,-1,-1
86,5,869.7867431640625,609.9443359375,29.33624267578125,75.12255859375,-1,-1,-1,-1
87,5,857.2205810546875,609.0263671875,44.3756103515625,101.4039306640625,-1,-1,-1,-1
88,5,838.1530151367188,585.2723999023438,61.8741455078125,164.14251708984375,-1,-1,-1,-1
133,6,677.0169067382812,466.61907958984375,179.3817138671875,218.76416015625,-1,-1,-1,-1
134,6,679.588134765625,490.0494689941406,172.37384033203125,199.61581420898438,-1,-1,-1,-1
135,6,673.2365112304688,504.86260986328125,183.39483642578125,195.19879150390625,-1,-1,-1,-1
136,6,666.4521484375,520.38134765625,174.00225830078125,184.809814453125,-1,-1,-1,-1
137,6,664.9013671875,521.3522338867188,193.26904296875,214.864013671875,-1,-1,-1,-1
138,6,717.6213989257812,514.631591796875,118.8525390625,198.29449462890625,-1,-1,-1,-1
139,6,722.3754272460938,513.3475341796875,112.71856689453125,211.8594970703125,-1,-1,-1,-1
140,6,728.5836181640625,500.2028503417969,110.4110107421875,208.01602172851562,-1,-1,-1,-1
141,6,727.4105224609375,484.7381286621094,116.3692626953125,202.65042114257812,-1,-1,-1,-1
142,6,718.3150024414062,489.4684143066406,120.50048828125,202.78073120117188,-1,-1,-1,-1
143,6,733.0675659179688,489.15496826171875,115.07513427734375,195.93218994140625,-1,-1,-1,-1
144,6,739.1915283203125,497.00323486328125,89.5943603515625,174.105224609375,-1,-1,-1,-1
145,6,737.7027587890625,482.0069885253906,89.87176513671875,178.47866821289062,-1,-1,-1,-1
146,6,747.5646362304688,463.3079528808594,96.7652587890625,190.08004760742188,-1,-1,-1,-1
147,6,742.345703125,450.3173828125,101.31207275390625,208.57965087890625,-1,-1,-1,-1
148,6,737.29443359375,436.6150817871094,112.20733642578125,243.49374389648438,-1,-1,-1,-1
149,6,732.2254638671875,427.7240905761719,122.26068115234375,272.0817565917969,-1,-1,-1,-1
150,6,751.9813842773438,432.2585754394531,109.91064453125,255.20462036132812,-1,-1,-1,-1
151,6,758.2637939453125,447.1119384765625,98.3126220703125,214.38299560546875,-1,-1,-1,-1
152,6,738.4071044921875,468.5523376464844,102.18804931640625,192.28866577148438,-1,-1,-1,-1
153,6,765.9757080078125,484.89813232421875,83.4942626953125,163.36834716796875,-1,-1,-1,-1
154,6,769.697509765625,499.76153564453125,83.432861328125,159.52606201171875,-1,-1,-1,-1
155,6,762.1399536132812,481.276611328125,83.62774658203125,164.40325927734375,-1,-1,-1,-1
156,6,778.69970703125,484.2462158203125,62.12286376953125,169.7640380859375,-1,-1,-1,-1
157,6,727.5610961914062,549.9981079101562,49.73040771484375,133.98077392578125,-1,-1,-1,-1
158,6,669.7161865234375,534.4423217773438,55.1246337890625,125.40216064453125,-1,-1,-1,-1
159,6,746.5850830078125,459.3415832519531,66.4949951171875,136.60800170898438,-1,-1,-1,-1
182,7,671.498291015625,525.7156372070312,36.935791015625,102.86212158203125,-1,-1,-1,-1
183,7,650.4031982421875,530.3961181640625,38.3599853515625,92.39306640625,-1,-1,-1,-1
184,7,631.45361328125,535.9736328125,41.70880126953125,98.240234375,-1,-1,-1,-1
185,7,611.518310546875,548.2972412109375,41.41912841796875,102.8826904296875,-1,-1,-1,-1
186,7,596.4952392578125,556.829833984375,38.60076904296875,93.96392822265625,-1,-1,-1,-1
187,7,573.26806640625,555.697265625,40.23651123046875,95.519287109375,-1,-1,-1,-1
188,7,547.5418701171875,557.84716796875,43.052734375,91.9639892578125,-1,-1,-1,-1
189,7,528.2698364257812,567.4800415039062,42.4532470703125,98.53436279296875,-1,-1,-1,-1
190,7,514.8671875,571.0462036132812,42.207763671875,100.3505859375,-1,-1,-1,-1
191,7,500.7864074707031,573.4398193359375,41.811492919921875,106.48333740234375,-1,-1,-1,-1
192,7,488.7452392578125,573.9820556640625,44.2982177734375,112.80718994140625,-1,-1,-1,-1
193,7,483.53302001953125,578.2457275390625,40.45135498046875,105.13751220703125,-1,-1,-1,-1
194,7,479.8464660644531,576.375,42.442840576171875,104.0657958984375,-1,-1,-1,-1
195,7,474.18707275390625,574.85595703125,45.69671630859375,105.7921142578125,-1,-1,-1,-1
196,7,470.6695861816406,580.0281372070312,44.519989013671875,106.86663818359375,-1,-1,-1,-1
197,7,470.78955078125,578.7178955078125,42.531219482421875,103.53228759765625,-1,-1,-1,-1
198,7,466.748046875,570.700927734375,73.32012939453125,139.2325439453125,-1,-1,-1,-1
199,7,454.18243408203125,566.29443359375,94.1358642578125,160.10406494140625,-1,-1,-1,-1
200,7,454.3195495605469,568.721435546875,97.02767944335938,160.0224609375,-1,-1,-1,-1
201,7,456.2447509765625,574.2872924804688,93.43798828125,157.04840087890625,-1,-1,-1,-1
202,7,455.4790954589844,577.7330932617188,82.21841430664062,132.90020751953125,-1,-1,-1,-1
203,7,457.59771728515625,584.5292358398438,86.23321533203125,127.36669921875,-1,-1,-1,-1
204,7,459.4993896484375,585.8800048828125,53.73828125,121.03717041015625,-1,-1,-1,-1
205,7,448.6809997558594,594.4300537109375,64.996826171875,140.43829345703125,-1,-1,-1,-1
206,7,441.3872985839844,604.4591064453125,76.26193237304688,141.6044921875,-1,-1,-1,-1
207,7,442.98883056640625,606.04736328125,47.85369873046875,109.55926513671875,-1,-1,-1,-1
208,7,441.670166015625,606.5490112304688,46.581024169921875,108.07611083984375,-1,-1,-1,-1
209,7,436.85650634765625,625.1799926757812,53.183197021484375,119.28070068359375,-1,-1,-1,-1
210,7,434.4540100097656,647.9425659179688,44.62066650390625,104.74835205078125,-1,-1,-1,-1
211,7,431.9440002441406,669.3430786132812,47.276763916015625,110.2381591796875,-1,-1,-1,-1
212,7,425.64349365234375,683.8468627929688,47.503509521484375,106.818115234375,-1,-1,-1,-1
213,7,414.8511962890625,705.3157348632812,44.899627685546875,99.86993408203125,-1,-1,-1,-1
214,7,392.1376037597656,739.1006469726562,55.83575439453125,122.3638916015625,-1,-1,-1,-1
215,7,372.05615234375,765.922119140625,68.9647216796875,138.2608642578125,-1,-1,-1,-1
216,7,360.86676025390625,788.6126708984375,78.79803466796875,136.6524658203125,-1,-1,-1,-1
217,7,353.65960693359375,803.1821899414062,94.51324462890625,142.74078369140625,-1,-1,-1,-1
218,7,357.84918212890625,803.5526733398438,104.96035766601562,156.6895751953125,-1,-1,-1,-1
219,7,382.81109619140625,789.8221435546875,107.37213134765625,165.7720947265625,-1,-1,-1,-1
220,7,412.5000915527344,761.4548950195312,108.17630004882812,179.12762451171875,-1,-1,-1,-1
221,7,440.8868713378906,736.015380859375,102.07333374023438,175.488525390625,-1,-1,-1,-1
222,7,473.1391906738281,716.896240234375,84.17318725585938,127.777099609375,-1,-1,-1,-1
223,7,499.13592529296875,688.5272216796875,67.43865966796875,130.65789794921875,-1,-1,-1,-1
224,7,527.8095092773438,663.0238037109375,51.34185791015625,96.8780517578125,-1,-1,-1,-1
225,7,549.0451049804688,647.0689697265625,46.3831787109375,101.6470947265625,-1,-1,-1,-1
226,7,568.6710205078125,636.664306640625,44.439453125,88.9271240234375,-1,-1,-1,-1
227,7,587.9678344726562,626.2003173828125,40.74859619140625,83.47222900390625,-1,-1,-1,-1
228,7,601.10302734375,621.0751342773438,40.886474609375,80.435546875,-1,-1,-1,-1
229,7,610.3922119140625,609.9445190429688,42.7694091796875,85.692138671875,-1,-1,-1,-1
230,7,615.0932006835938,598.5198364257812,47.1580810546875,103.67926025390625,-1,-1,-1,-1
231,7,616.6458740234375,594.4179077148438,51.875244140625,111.314697265625,-1,-1,-1,-1
232,7,624.1729125976562,588.3629150390625,49.73687744140625,109.37432861328125,-1,-1,-1,-1
233,7,630.5838623046875,586.9169311523438,45.587158203125,94.60125732421875,-1,-1,-1,-1
234,7,634.5318603515625,581.4134521484375,44.578369140625,89.5621337890625,-1,-1,-1,-1
235,7,632.529541015625,575.8458251953125,47.52642822265625,94.90350341796875,-1,-1,-1,-1
236,7,630.023193359375,567.8243408203125,51.48675537109375,106.32373046875,-1,-1,-1,-1
237,7,638.2376708984375,565.8441162109375,44.67864990234375,90.5557861328125,-1,-1,-1,-1
238,7,643.5836181640625,554.4348754882812,46.39404296875,96.87152099609375,-1,-1,-1,-1
239,7,629.3258056640625,543.0205078125,57.68536376953125,127.7728271484375,-1,-1,-1,-1
240,7,615.8544311523438,536.6326904296875,62.93292236328125,137.6417236328125,-1,-1,-1,-1
241,7,607.3285522460938,532.7146606445312,66.631591796875,135.17828369140625,-1,-1,-1,-1
242,7,604.3627319335938,525.7741088867188,63.6737060546875,131.35980224609375,-1,-1,-1,-1
243,7,607.1702880859375,519.380859375,65.048583984375,124.658935546875,-1,-1,-1,-1
244,7,610.9065551757812,520.8558349609375,53.91265869140625,105.3092041015625,-1,-1,-1,-1
245,7,615.3116455078125,522.1675415039062,48.8487548828125,101.0758056640625,-1,-1,-1,-1
246,7,621.5792236328125,522.2401733398438,47.87890625,103.763916015625,-1,-1,-1,-1
247,7,628.2943115234375,522.9718017578125,47.0028076171875,102.74169921875,-1,-1,-1,-1
248,7,639.5216674804688,524.6123046875,43.36187744140625,97.1494140625,-1,-1,-1,-1
249,7,646.878662109375,530.21337890625,50.72210693359375,123.2080078125,-1,-1,-1,-1
250,7,655.3865966796875,535.6039428710938,54.48907470703125,132.03204345703125,-1,-1,-1,-1
251,7,665.5068359375,541.0363159179688,59.0361328125,139.621826171875,-1,-1,-1,-1
252,7,669.8517456054688,543.0074462890625,62.14215087890625,144.13616943359375,-1,-1,-1,-1
253,7,677.679443359375,540.676025390625,62.45184326171875,155.3804931640625,-1,-1,-1,-1
254,7,690.4666137695312,538.2250366210938,45.3353271484375,120.3017578125,-1,-1,-1,-1
255,7,701.1393432617188,536.236328125,42.65740966796875,94.2978515625,-1,-1,-1,-1
256,7,708.2120971679688,535.7203369140625,41.88458251953125,90.0115966796875,-1,-1,-1,-1
257,7,708.5601196289062,531.5924072265625,47.60162353515625,109.21905517578125,-1,-1,-1,-1
258,7,706.1145629882812,517.3214721679688,49.90447998046875,108.44866943359375,-1,-1,-1,-1
259,7,699.9149780273438,496.554443359375,48.175537109375,113.2540283203125,-1,-1,-1,-1
260,7,688.8462524414062,484.8446044921875,41.98394775390625,98.06884765625,-1,-1,-1,-1
261,7,680.3714599609375,478.5439758300781,47.18853759765625,101.41799926757812,-1,-1,-1,-1
262,7,671.2752685546875,480.568603515625,47.694580078125,100.49969482421875,-1,-1,-1,-1
263,7,661.3005981445312,494.5373840332031,53.85601806640625,108.30538940429688,-1,-1,-1,-1
264,7,652.2818603515625,517.540771484375,51.6136474609375,100.7393798828125,-1,-1,-1,-1
265,7,640.4628295898438,542.109619140625,56.634033203125,101.7789306640625,-1,-1,-1,-1
266,7,627.2600708007812,563.2163696289062,55.26800537109375,102.75933837890625,-1,-1,-1,-1
267,7,614.0916748046875,577.4788208007812,54.93939208984375,99.89569091796875,-1,-1,-1,-1
268,7,597.0126342773438,590.6357421875,53.9442138671875,98.075439453125,-1,-1,-1,-1
269,7,580.5264282226562,597.5554809570312,69.44256591796875,109.39739990234375,-1,-1,-1,-1
270,7,561.7572021484375,600.8895874023438,73.61761474609375,120.73834228515625,-1,-1,-1,-1
271,7,544.828369140625,605.5619506835938,65.8193359375,108.37615966796875,-1,-1,-1,-1
272,7,532.52587890625,616.8995361328125,73.66693115234375,108.862548828125,-1,-1,-1,-1
273,7,520.3485107421875,625.4878540039062,60.29534912109375,104.265625,-1,-1,-1,-1
274,7,512.2376708984375,599.5003662109375,65.14453125,133.56170654296875,-1,-1,-1,-1
275,7,494.87255859375,593.7055053710938,74.94134521484375,140.10003662109375,-1,-1,-1,-1
276,7,485.6824951171875,611.3240356445312,66.23370361328125,115.91058349609375,-1,-1,-1,-1
277,7,489.1632385253906,630.7265014648438,72.08407592773438,115.88922119140625,-1,-1,-1,-1
279,7,512.0867614746094,649.0386962890625,58.078216552734375,106.5960693359375,-1,-1,-1,-1
280,7,527.825927734375,636.39013671875,53.73529052734375,104.48388671875,-1,-1,-1,-1
281,7,543.8161010742188,612.851806640625,57.40533447265625,107.3648681640625,-1,-1,-1,-1
282,7,558.1817626953125,596.1170654296875,57.58111572265625,116.95526123046875,-1,-1,-1,-1
283,7,572.590576171875,555.5408325195312,56.71441650390625,121.5762939453125,-1,-1,-1,-1
284,7,581.2029418945312,540.2195434570312,69.49163818359375,119.74774169921875,-1,-1,-1,-1
285,7,599.208984375,563.6920166015625,49.04364013671875,104.8189697265625,-1,-1,-1,-1
286,7,619.9384765625,591.2965087890625,68.82073974609375,119.38037109375,-1,-1,-1,-1
287,7,639.3290405273438,623.635009765625,63.1529541015625,116.79864501953125,-1,-1,-1,-1
288,7,658.4266357421875,637.2616577148438,56.031005859375,116.60552978515625,-1,-1,-1,-1
289,7,672.3944091796875,636.9072265625,58.2806396484375,118.01092529296875,-1,-1,-1,-1
290,7,680.1459350585938,630.3618774414062,51.818603515625,113.4647216796875,-1,-1,-1,-1
291,7,692.8271484375,616.8991088867188,51.82843017578125,107.58331298828125,-1,-1,-1,-1
292,7,696.9918212890625,581.9122314453125,59.88763427734375,134.04931640625,-1,-1,-1,-1
293,7,706.670166015625,557.0224609375,107.82666015625,204.25506591796875,-1,-1,-1,-1
294,7,703.4786987304688,543.0957641601562,117.20831298828125,256.98468017578125,-1,-1,-1,-1
296,7,677.6483154296875,543.6422119140625,137.5328369140625,324.62127685546875,-1,-1,-1,-1
297,7,676.3749389648438,560.0648803710938,137.90631103515625,317.49639892578125,-1,-1,-1,-1
298,7,682.6827392578125,574.4232788085938,129.74749755859375,254.37200927734375,-1,-1,-1,-1
300,7,722.3719482421875,599.9306640625,107.830078125,208.4144287109375,-1,-1,-1,-1
301,7,774.8635864257812,599.96337890625,71.8187255859375,160.546142578125,-1,-1,-1,-1
302,7,788.4994506835938,586.0573120117188,61.9619140625,144.3203125,-1,-1,-1,-1
303,7,782.18017578125,576.7659301757812,52.6300048828125,114.3050537109375,-1,-1,-1,-1
304,7,774.2083740234375,571.5101318359375,57.124755859375,117.766357421875,-1,-1,-1,-1
305,7,766.656494140625,570.193359375,61.739013671875,117.81298828125,-1,-1,-1,-1
306,7,764.128173828125,571.0796508789062,68.039306640625,122.76312255859375,-1,-1,-1,-1
307,7,759.677001953125,581.40234375,68.7568359375,113.87139892578125,-1,-1,-1,-1
308,7,748.2208251953125,596.5621337890625,80.847412109375,127.1568603515625,-1,-1,-1,-1
212,8,749.118896484375,675.3768920898438,59.90582275390625,151.03399658203125,-1,-1,-1,-1
213,8,734.3641967773438,684.620361328125,61.228759765625,138.5960693359375,-1,-1,-1,-1
214,8,720.04931640625,700.7876586914062,63.52020263671875,143.77008056640625,-1,-1,-1,-1
215,8,702.5758056640625,713.4865112304688,58.77081298828125,130.76123046875,-1,-1,-1,-1
216,8,684.4284057617188,720.7763061523438,66.041748046875,154.415771484375,-1,-1,-1,-1
217,8,673.645263671875,723.8462524414062,70.25201416015625,155.6646728515625,-1,-1,-1,-1
218,8,682.1257934570312,719.9324951171875,73.57342529296875,157.9549560546875,-1,-1,-1,-1
219,8,699.6729125976562,711.5498657226562,66.7125244140625,151.40289306640625,-1,-1,-1,-1
220,8,724.8301391601562,694.6322631835938,72.088623046875,160.4296875,-1,-1,-1,-1
221,8,749.4805297851562,678.6331787109375,71.3885498046875,166.9140625,-1,-1,-1,-1
222,8,771.9462890625,670.0518188476562,75.29888916015625,166.28179931640625,-1,-1,-1,-1
223,8,799.0667114257812,660.0387573242188,67.15057373046875,166.58026123046875,-1,-1,-1,-1
224,8,821.9678344726562,648.5457153320312,70.01702880859375,168.10479736328125,-1,-1,-1,-1
225,8,841.259521484375,643.5966186523438,67.6463623046875,168.2755126953125,-1,-1,-1,-1
226,8,857.6216430664062,640.9855346679688,67.93621826171875,171.367431640625,-1,-1,-1,-1
227,8,874.1093139648438,638.311279296875,69.52325439453125,174.40582275390625,-1,-1,-1,-1
228,8,886.6005249023438,636.1429443359375,68.80706787109375,174.95208740234375,-1,-1,-1,-1
229,8,897.92626953125,627.051513671875,69.0572509765625,177.5491943359375,-1,-1,-1,-1
230,8,907.2723388671875,615.5722045898438,68.8785400390625,178.93115234375,-1,-1,-1,-1
231,8,909.4846801757812,608.7645263671875,74.62646484375,178.58428955078125,-1,-1,-1,-1
232,8,921.08544921875,604.408203125,68.259521484375,178.713623046875,-1,-1,-1,-1
233,8,930.679443359375,599.2208862304688,68.5303955078125,179.14385986328125,-1,-1,-1,-1
234,8,935.1526489257812,586.7735595703125,71.3614501953125,179.92559814453125,-1,-1,-1,-1
235,8,937.7068481445312,572.7691040039062,74.69073486328125,179.78448486328125,-1,-1,-1,-1
236,8,938.7454833984375,562.7009887695312,74.86260986328125,178.20550537109375,-1,-1,-1,-1
237,8,949.5812377929688,554.5328979492188,80.32281494140625,180.6695556640625,-1,-1,-1,-1
238,8,956.598876953125,538.83642578125,78.2769775390625,180.787109375,-1,-1,-1,-1
239,8,951.5625610351562,518.9688720703125,75.43951416015625,180.4080810546875,-1,-1,-1,-1
240,8,940.9625244140625,505.1685485839844,76.6968994140625,180.35879516601562,-1,-1,-1,-1
241,8,934.0885009765625,496.8780517578125,79.66973876953125,182.1505126953125,-1,-1,-1,-1
242,8,932.638427734375,488.8028564453125,73.12542724609375,184.05419921875,-1,-1,-1,-1
243,8,936.7401123046875,481.0660095214844,76.9078369140625,180.94650268554688,-1,-1,-1,-1
244,8,942.8408203125,482.2978515625,75.39990234375,179.0377197265625,-1,-1,-1,-1
245,8,946.0399169921875,483.0180969238281,76.00885009765625,179.60556030273438,-1,-1,-1,-1
246,8,953.1563720703125,484.0924987792969,78.937744140625,185.81661987304688,-1,-1,-1,-1
247,8,957.2169189453125,487.4510498046875,84.75830078125,185.2452392578125,-1,-1,-1,-1
248,8,966.3661499023438,494.0713195800781,89.76861572265625,184.48947143554688,-1,-1,-1,-1
249,8,978.3056640625,506.5936279296875,89.03857421875,184.55133056640625,-1,-1,-1,-1
250,8,993.4638061523438,517.3486938476562,84.70025634765625,184.88519287109375,-1,-1,-1,-1
251,8,1008.6554565429688,524.2984008789062,81.03363037109375,186.62841796875,-1,-1,-1,-1
252,8,1023.9487915039062,529.1338500976562,77.88812255859375,185.99627685546875,-1,-1,-1,-1
253,8,1035.67822265625,531.479736328125,77.9447021484375,187.70941162109375,-1,-1,-1,-1
254,8,1051.2125244140625,530.809326171875,75.3350830078125,189.689697265625,-1,-1,-1,-1
255,8,1062.1351318359375,531.1875610351562,74.550048828125,190.89691162109375,-1,-1,-1,-1
256,8,1072.8167724609375,533.564697265625,72.03076171875,191.94781494140625,-1,-1,-1,-1
257,8,1074.927490234375,531.5842895507812,74.0740966796875,192.87420654296875,-1,-1,-1,-1
258,8,1072.3009033203125,519.8849487304688,75.47021484375,193.50115966796875,-1,-1,-1,-1
259,8,1064.49462890625,499.76483154296875,77.8477783203125,194.58428955078125,-1,-1,-1,-1
260,8,1056.541015625,481.23712158203125,76.1949462890625,193.9947509765625,-1,-1,-1,-1
261,8,1049.23876953125,468.1064758300781,76.7322998046875,195.96804809570312,-1,-1,-1,-1
262,8,1042.84619140625,463.3005676269531,73.8773193359375,195.65921020507812,-1,-1,-1,-1
263,8,1033.2711181640625,469.0163269042969,71.98095703125,195.07046508789062,-1,-1,-1,-1
264,8,1022.7391967773438,482.39056396484375,69.71807861328125,193.392333984375,-1,-1,-1,-1
265,8,1010.1253662109375,499.2680969238281,68.8018798828125,193.65133666992188,-1,-1,-1,-1
266,8,994.5506591796875,513.2813110351562,69.41943359375,192.73687744140625,-1,-1,-1,-1
267,8,977.0704956054688,524.945556640625,69.04217529296875,189.55548095703125,-1,-1,-1,-1
268,8,958.51123046875,535.358154296875,70.8076171875,188.5750732421875,-1,-1,-1,-1
269,8,942.6126708984375,545.065673828125,69.83758544921875,187.5225830078125,-1,-1,-1,-1
270,8,928.6993408203125,551.0211181640625,67.8751220703125,185.515869140625,-1,-1,-1,-1
271,8,912.4884643554688,557.56787109375,67.873291015625,187.0360107421875,-1,-1,-1,-1
272,8,898.6603393554688,571.3660278320312,67.85699462890625,187.42584228515625,-1,-1,-1,-1
273,8,886.6449584960938,574.6734619140625,70.2142333984375,187.5726318359375,-1,-1,-1,-1
274,8,882.7661743164062,549.6611938476562,69.94085693359375,188.3782958984375,-1,-1,-1,-1
275,8,868.4909057617188,537.0670166015625,72.55047607421875,188.0933837890625,-1,-1,-1,-1
276,8,855.7758178710938,543.123046875,78.77545166015625,186.577880859375,-1,-1,-1,-1
277,8,860.3917236328125,559.6286010742188,82.2449951171875,186.32830810546875,-1,-1,-1,-1
278,8,870.3109130859375,577.8226318359375,78.8995361328125,187.09490966796875,-1,-1,-1,-1
279,8,883.96044921875,587.5457763671875,77.58746337890625,188.32452392578125,-1,-1,-1,-1
280,8,902.6964721679688,586.4037475585938,71.9329833984375,191.10699462890625,-1,-1,-1,-1
281,8,924.5745849609375,567.3270263671875,73.1624755859375,194.8526611328125,-1,-1,-1,-1
282,8,943.281005859375,550.1525268554688,72.44293212890625,197.25079345703125,-1,-1,-1,-1
283,8,961.1378173828125,510.7181396484375,74.9622802734375,201.47882080078125,-1,-1,-1,-1
284,8,971.4937133789062,488.3419189453125,74.37298583984375,202.50665283203125,-1,-1,-1,-1
285,8,988.2567749023438,506.3756103515625,74.91094970703125,202.0357666015625,-1,-1,-1,-1
286,8,1014.8179321289062,537.771728515625,75.67645263671875,202.59539794921875,-1,-1,-1,-1
287,8,1037.825439453125,570.6820068359375,77.904541015625,203.70831298828125,-1,-1,-1,-1
288,8,1058.5621337890625,589.65869140625,78.556396484375,205.438720703125,-1,-1,-1,-1
289,8,1074.09326171875,592.1427612304688,83.06640625,207.3089599609375,-1,-1,-1,-1
290,8,1081.341064453125,588.0936279296875,86.3416748046875,208.3323974609375,-1,-1,-1,-1
291,8,1090.57177734375,583.1995239257812,91.5355224609375,209.60906982421875,-1,-1,-1,-1
292,8,1101.067138671875,557.64892578125,96.582763671875,211.4322509765625,-1,-1,-1,-1
293,8,1115.1568603515625,543.6762084960938,98.2657470703125,213.9454345703125,-1,-1,-1,-1
294,8,1126.6328125,534.6083374023438,102.975830078125,216.61956787109375,-1,-1,-1,-1
295,8,1136.9078369140625,522.1377563476562,104.1971435546875,218.9664306640625,-1,-1,-1,-1
296,8,1143.3184814453125,519.419921875,103.5938720703125,220.5699462890625,-1,-1,-1,-1
297,8,1151.888671875,526.607666015625,105.1800537109375,223.256103515625,-1,-1,-1,-1
298,8,1169.047119140625,534.8271484375,104.0594482421875,224.91290283203125,-1,-1,-1,-1
299,8,1187.9857177734375,542.2738647460938,103.123291015625,229.24212646484375,-1,-1,-1,-1
300,8,1202.7115478515625,551.8617553710938,107.201171875,231.72601318359375,-1,-1,-1,-1
301,8,1228.1187744140625,542.9046020507812,102.730224609375,235.26995849609375,-1,-1,-1,-1
302,8,1237.2347412109375,527.6973876953125,102.601318359375,237.718994140625,-1,-1,-1,-1
303,8,1231.25830078125,516.94140625,100.196533203125,238.1795654296875,-1,-1,-1,-1
304,8,1222.4931640625,509.3019714355469,100.951416015625,238.13558959960938,-1,-1,-1,-1
305,8,1217.1068115234375,510.5907897949219,100.203857421875,238.97409057617188,-1,-1,-1,-1
306,8,1210.5118408203125,512.1119079589844,101.2769775390625,237.87130737304688,-1,-1,-1,-1
307,8,1203.8623046875,517.0873413085938,101.1573486328125,236.60321044921875,-1,-1,-1,-1
308,8,1200.753662109375,530.9300537109375,101.436279296875,237.4193115234375,-1,-1,-1,-1
309,8,1200.2979736328125,532.7821044921875,101.40869140625,236.09588623046875,-1,-1,-1,-1
310,8,1193.8819580078125,521.1431274414062,100.3529052734375,236.3255615234375,-1,-1,-1,-1
311,8,1192.874755859375,518.6716918945312,101.8892822265625,237.38995361328125,-1,-1,-1,-1
312,8,1187.2115478515625,513.94140625,100.480712890625,237.40093994140625,-1,-1,-1,-1
313,8,1173.715576171875,507.64471435546875,100.5299072265625,234.65423583984375,-1,-1,-1,-1
314,8,1166.3311767578125,505.6829833984375,99.83642578125,233.54058837890625,-1,-1,-1,-1
315,8,1168.403076171875,509.00042724609375,98.019775390625,234.202880859375,-1,-1,-1,-1
316,8,1177.81494140625,514.5088500976562,98.77490234375,234.47607421875,-1,-1,-1,-1
317,8,1181.943603515625,517.7003784179688,97.7357177734375,236.33270263671875,-1,-1,-1,-1
318,8,1186.49462890625,523.7945556640625,96.2353515625,237.45098876953125,-1,-1,-1,-1
319,8,1187.458251953125,523.9112548828125,96.4822998046875,238.16424560546875,-1,-1,-1,-1
320,8,1185.11767578125,516.4400024414062,96.8702392578125,239.48590087890625,-1,-1,-1,-1
321,8,1182.5211181640625,528.405517578125,97.5462646484375,239.0753173828125,-1,-1,-1,-1
322,8,1178.538330078125,538.390869140625,98.1910400390625,239.370361328125,-1,-1,-1,-1
323,8,1178.840576171875,546.3218383789062,98.8853759765625,242.83111572265625,-1,-1,-1,-1
324,8,1174.648681640625,542.0720825195312,99.5111083984375,242.98944091796875,-1,-1,-1,-1
325,8,1186.073974609375,539.3557739257812,110.668701171875,250.8875732421875,-1,-1,-1,-1
326,8,1169.2197265625,525.9590454101562,169.9952392578125,257.87445068359375,-1,-1,-1,-1
327,8,1089.265869140625,606.1874389648438,196.60986328125,209.955322265625,-1,-1,-1,-1
328,8,1056.893798828125,420.0272521972656,342.475341796875,408.0697937011719,-1,-1,-1,-1
329,8,1099.9517822265625,443.0432434082031,300.5511474609375,391.0801696777344,-1,-1,-1,-1
330,8,1169.205322265625,580.130615234375,239.2041015625,271.623046875,-1,-1,-1,-1
331,8,1210.01416015625,572.5850219726562,197.365966796875,298.02227783203125,-1,-1,-1,-1
332,8,1267.6488037109375,621.697998046875,138.7930908203125,250.93115234375,-1,-1,-1,-1
333,8,1340.793212890625,699.0820922851562,63.7447509765625,241.38946533203125,-1,-1,-1,-1
332,9,1353.12890625,554.6848754882812,54.078369140625,221.95806884765625,-1,-1,-1,-1
333,9,1347.059326171875,601.9241943359375,59.337158203125,247.204345703125,-1,-1,-1,-1
334,9,1341.4571533203125,608.3024291992188,64.4078369140625,288.4869384765625,-1,-1,-1,-1
335,9,1312.0352783203125,593.980712890625,92.4073486328125,281.98583984375,-1,-1,-1,-1
336,9,1291.31005859375,574.4618530273438,104.0577392578125,275.1624755859375,-1,-1,-1,-1
337,9,1249.948486328125,581.1554565429688,106.63720703125,266.05096435546875,-1,-1,-1,-1
338,9,1220.40966796875,555.0352783203125,104.183837890625,260.57684326171875,-1,-1,-1,-1
339,9,1203.310546875,536.1395874023438,104.02099609375,256.5916748046875,-1,-1,-1,-1
340,9,1186.18505859375,543.3993530273438,102.0308837890625,251.88006591796875,-1,-1,-1,-1
341,9,1166.7374267578125,546.3810424804688,101.75537109375,247.483154296875,-1,-1,-1,-1
342,9,1156.1981201171875,551.6736450195312,99.0966796875,243.62860107421875,-1,-1,-1,-1
343,9,1139.2686767578125,539.2715454101562,98.0306396484375,238.68829345703125,-1,-1,-1,-1
344,9,1124.8494873046875,513.3155517578125,97.418212890625,234.2354736328125,-1,-1,-1,-1
345,9,1110.7388916015625,494.16400146484375,93.96337890625,226.36431884765625,-1,-1,-1,-1
346,9,1098.4322509765625,493.4097900390625,94.6494140625,222.0357666015625,-1,-1,-1,-1
347,9,1088.217041015625,511.43145751953125,90.6837158203125,219.76104736328125,-1,-1,-1,-1
348,9,1083.2462158203125,524.7603149414062,91.1820068359375,218.24554443359375,-1,-1,-1,-1
349,9,1065.2608642578125,529.9014892578125,90.757080078125,215.7174072265625,-1,-1,-1,-1
350,9,1026.1121826171875,528.2060546875,88.35107421875,216.90692138671875,-1,-1,-1,-1
351,9,995.83837890625,530.9376831054688,83.95654296875,212.273681640625,-1,-1,-1,-1
352,9,975.7407836914062,532.9597778320312,83.53375244140625,208.93170166015625,-1,-1,-1,-1
353,9,948.5094604492188,543.7110595703125,83.70086669921875,190.88238525390625,-1,-1,-1,-1
354,9,929.996826171875,555.6275024414062,75.70751953125,175.750244140625,-1,-1,-1,-1
355,9,913.7719116210938,569.9873046875,86.7991943359375,173.6610107421875,-1,-1,-1,-1
356,9,901.3714599609375,584.1725463867188,89.17254638671875,190.01434326171875,-1,-1,-1,-1
357,9,909.7196655273438,584.6969604492188,73.27496337890625,177.61090087890625,-1,-1,-1,-1
358,9,900.38671875,583.0372314453125,73.66534423828125,167.91943359375,-1,-1,-1,-1
359,9,898.40283203125,600.8929443359375,78.56866455078125,192.6258544921875,-1,-1,-1,-1
360,9,904.909912109375,612.4669799804688,77.09765625,201.43780517578125,-1,-1,-1,-1
361,9,910.53662109375,608.7199096679688,77.7510986328125,191.927001953125,-1,-1,-1,-1
362,9,920.628173828125,601.81005859375,75.912353515625,191.28741455078125,-1,-1,-1,-1
363,9,929.3052978515625,590.4010620117188,77.30828857421875,191.8243408203125,-1,-1,-1,-1
364,9,940.7373046875,579.0882568359375,78.72222900390625,193.19219970703125,-1,-1,-1,-1
365,9,951.82666015625,578.4216918945312,80.06884765625,194.59552001953125,-1,-1,-1,-1
366,9,965.1718139648438,589.4679565429688,81.58660888671875,197.84234619140625,-1,-1,-1,-1
367,9,982.4378051757812,588.6257934570312,79.14324951171875,199.9326171875,-1,-1,-1,-1
368,9,996.2272338867188,577.7153930664062,80.92950439453125,203.1510009765625,-1,-1,-1,-1
369,9,1011.591064453125,562.8408203125,82.56787109375,205.6558837890625,-1,-1,-1,-1
370,9,1026.60595703125,549.7548217773438,82.701416015625,208.02716064453125,-1,-1,-1,-1
371,9,1036.6737060546875,538.3327026367188,84.13037109375,212.37957763671875,-1,-1,-1,-1
372,9,1044.3121337890625,530.9508666992188,85.8392333984375,214.74908447265625,-1,-1,-1,-1
373,9,1053.6761474609375,527.7389526367188,85.626220703125,214.84356689453125,-1,-1,-1,-1
374,9,1065.26171875,530.708984375,84.8939208984375,215.152099609375,-1,-1,-1,-1
375,9,1068.494384765625,544.2684936523438,87.389892578125,215.771240234375,-1,-1,-1,-1
376,9,1069.171630859375,568.430908203125,87.2320556640625,213.583984375,-1,-1,-1,-1
377,9,1075.48876953125,594.0213623046875,85.227294921875,213.1549072265625,-1,-1,-1,-1
378,9,1082.4547119140625,607.7552490234375,86.44873046875,211.09368896484375,-1,-1,-1,-1
379,9,1087.5780029296875,609.3197631835938,85.569091796875,210.7296142578125,-1,-1,-1,-1
380,9,1085.231689453125,612.5107421875,85.2415771484375,208.906982421875,-1,-1,-1,-1
381,9,1087.5614013671875,616.8197021484375,85.2489013671875,207.6656494140625,-1,-1,-1,-1
382,9,1089.17724609375,614.260009765625,84.4482421875,206.32708740234375,-1,-1,-1,-1
383,9,1092.0025634765625,615.0283203125,85.6566162109375,205.824951171875,-1,-1,-1,-1
384,9,1101.5316162109375,606.8126220703125,90.8875732421875,205.099365234375,-1,-1,-1,-1
385,9,1123.041259765625,589.0577392578125,101.19873046875,207.90618896484375,-1,-1,-1,-1
386,9,1161.711669921875,566.9097290039062,114.5181884765625,212.61175537109375,-1,-1,-1,-1
387,9,1215.4583740234375,560.5039672851562,124.5623779296875,202.268310546875,-1,-1,-1,-1
388,9,902.6458740234375,656.483642578125,216.224609375,270.818115234375,-1,-1,-1,-1
390,9,790.8289184570312,565.6738891601562,231.9212646484375,396.21649169921875,-1,-1,-1,-1
391,9,782.3358764648438,557.8058471679688,231.97564697265625,402.95770263671875,-1,-1,-1,-1
392,9,770.2742919921875,551.5044555664062,234.79150390625,392.39495849609375,-1,-1,-1,-1
393,9,742.0711059570312,566.6740112304688,244.78924560546875,377.7181396484375,-1,-1,-1,-1
394,9,716.5624389648438,593.4157104492188,240.14227294921875,370.81475830078125,-1,-1,-1,-1
395,9,689.8629760742188,608.85693359375,248.97821044921875,377.5208740234375,-1,-1,-1,-1
396,9,679.3418579101562,621.031005859375,250.0460205078125,394.14794921875,-1,-1,-1,-1
397,9,703.7664184570312,629.9915771484375,227.38116455078125,417.00146484375,-1,-1,-1,-1
398,9,745.1831665039062,635.7678833007812,186.44708251953125,433.95758056640625,-1,-1,-1,-1
399,9,765.8916015625,633.0094604492188,163.97003173828125,441.46759033203125,-1,-1,-1,-1
400,9,764.36376953125,630.3005981445312,161.33453369140625,444.31781005859375,-1,-1,-1,-1
401,9,771.9652709960938,634.2393798828125,159.84185791015625,447.2354736328125,-1,-1,-1,-1
402,9,778.1483154296875,644.5922241210938,188.776123046875,447.23651123046875,-1,-1,-1,-1
403,9,782.6849975585938,652.5371704101562,213.7620849609375,444.32147216796875,-1,-1,-1,-1
404,9,782.4454345703125,653.8765869140625,227.156005859375,441.6824951171875,-1,-1,-1,-1
405,9,788.0855102539062,654.0318603515625,224.82391357421875,436.7486572265625,-1,-1,-1,-1
406,9,800.8135986328125,657.9588012695312,223.924072265625,435.26947021484375,-1,-1,-1,-1
407,9,820.2764892578125,655.0050659179688,219.3250732421875,439.95123291015625,-1,-1,-1,-1
408,9,829.9213256835938,620.3842163085938,215.98309326171875,441.10638427734375,-1,-1,-1,-1
409,9,829.6911010742188,614.4983520507812,214.93572998046875,443.56060791015625,-1,-1,-1,-1
410,9,831.691650390625,622.1255493164062,213.7772216796875,446.43841552734375,-1,-1,-1,-1
411,9,842.27880859375,627.23828125,218.3323974609375,444.665771484375,-1,-1,-1,-1
412,9,860.0458374023438,636.9415283203125,223.25567626953125,441.8917236328125,-1,-1,-1,-1
413,9,868.3070068359375,646.6204833984375,235.702392578125,433.1536865234375,-1,-1,-1,-1
414,9,862.8117065429688,649.1393432617188,244.48846435546875,428.35809326171875,-1,-1,-1,-1
415,9,858.2591552734375,643.7611083984375,237.1597900390625,427.9132080078125,-1,-1,-1,-1
416,9,844.8206787109375,623.3828125,239.6717529296875,433.0419921875,-1,-1,-1,-1
417,9,827.3668823242188,589.0380859375,246.65985107421875,432.6148681640625,-1,-1,-1,-1
418,9,803.1871337890625,574.6138305664062,239.7530517578125,429.03436279296875,-1,-1,-1,-1
419,9,784.1934204101562,563.6904907226562,210.2596435546875,442.2130126953125,-1,-1,-1,-1
420,9,767.7428588867188,563.0936889648438,178.39666748046875,456.20721435546875,-1,-1,-1,-1
421,9,755.7957763671875,567.9545288085938,181.45513916015625,471.96270751953125,-1,-1,-1,-1
422,9,748.3599853515625,576.2821044921875,187.125,487.5115966796875,-1,-1,-1,-1
423,9,745.0092163085938,591.750732421875,195.5576171875,508.59033203125,-1,-1,-1,-1
424,9,740.305908203125,611.2659912109375,207.0858154296875,523.6058349609375,-1,-1,-1,-1
425,9,734.5852661132812,625.7534790039062,217.9210205078125,533.4166870117188,-1,-1,-1,-1
426,9,729.0418701171875,622.3869018554688,221.5206298828125,542.1414184570312,-1,-1,-1,-1
427,9,724.0653686523438,603.9612426757812,217.5029296875,554.7896118164062,-1,-1,-1,-1
428,9,711.4822998046875,586.5975341796875,215.353515625,577.2164306640625,-1,-1,-1,-1
429,9,706.0977783203125,559.4281005859375,215.57421875,608.640869140625,-1,-1,-1,-1
430,9,697.5316772460938,515.8970336914062,236.3927001953125,649.9191284179688,-1,-1,-1,-1
431,9,692.4732055664062,481.7653503417969,289.66436767578125,702.8209228515625,-1,-1,-1,-1
432,9,683.977294921875,459.1308898925781,375.782958984375,761.4232177734375,-1,-1,-1,-1
433,9,647.31396484375,400.7362365722656,481.9683837890625,852.8253173828125,-1,-1,-1,-1
434,9,613.036376953125,376.3498229980469,597.9937744140625,912.125244140625,-1,-1,-1,-1
435,9,590.6185302734375,360.78564453125,601.9239501953125,913.262939453125,-1,-1,-1,-1
436,9,600.0991821289062,391.2563781738281,509.15997314453125,857.358154296875,-1,-1,-1,-1
437,9,626.8973999023438,515.7637939453125,334.4217529296875,779.45947265625,-1,-1,-1,-1
438,9,658.9937744140625,620.4024047851562,248.24029541015625,702.5108032226562,-1,-1,-1,-1
439,9,652.7219848632812,646.2996826171875,222.06884765625,583.403564453125,-1,-1,-1,-1
440,9,635.39794921875,677.946044921875,218.865478515625,529.8238525390625,-1,-1,-1,-1
441,9,628.7681274414062,673.16015625,216.37384033203125,495.805419921875,-1,-1,-1,-1
442,9,623.5560302734375,668.36962890625,227.4410400390625,479.9385986328125,-1,-1,-1,-1
443,9,632.3257446289062,670.7095336914062,244.683837890625,478.46942138671875,-1,-1,-1,-1
444,9,640.106689453125,657.315185546875,260.1153564453125,484.943603515625,-1,-1,-1,-1
445,9,649.2807006835938,640.2025146484375,274.9254150390625,502.2379150390625,-1,-1,-1,-1
446,9,654.1151123046875,610.9547119140625,282.814697265625,516.2734375,-1,-1,-1,-1
447,9,647.5844116210938,573.9273681640625,276.3463134765625,523.686279296875,-1,-1,-1,-1
448,9,644.3935546875,547.5247192382812,266.13671875,526.4147338867188,-1,-1,-1,-1
449,9,651.766357421875,529.7471923828125,253.589599609375,532.7880859375,-1,-1,-1,-1
450,9,659.495361328125,535.4476928710938,240.03057861328125,547.3818969726562,-1,-1,-1,-1
451,9,664.3651733398438,549.1470336914062,220.95416259765625,575.3296508789062,-1,-1,-1,-1
452,9,663.5762939453125,565.3971557617188,212.91143798828125,594.4509887695312,-1,-1,-1,-1
453,9,676.9589233398438,576.3070678710938,193.015625,607.2208862304688,-1,-1,-1,-1
454,9,685.6663818359375,578.645263671875,193.04095458984375,609.0584716796875,-1,-1,-1,-1
455,9,688.441162109375,571.8521728515625,196.14361572265625,617.4051513671875,-1,-1,-1,-1
456,9,687.6795654296875,563.3925170898438,194.03826904296875,621.8789672851562,-1,-1,-1,-1
457,9,682.4067993164062,556.53271484375,201.4759521484375,613.0928955078125,-1,-1,-1,-1
458,9,681.2432250976562,551.54833984375,221.17706298828125,597.2230224609375,-1,-1,-1,-1
459,9,682.8035888671875,521.1022338867188,234.84857177734375,581.4678344726562,-1,-1,-1,-1
460,9,686.819091796875,503.43292236328125,236.52197265625,567.1206665039062,-1,-1,-1,-1
461,9,693.318603515625,487.7638854980469,231.764892578125,557.2822265625,-1,-1,-1,-1
462,9,702.2503662109375,479.9859924316406,221.97430419921875,546.0966796875,-1,-1,-1,-1
463,9,708.794189453125,486.999755859375,206.936767578125,535.4600830078125,-1,-1,-1,-1
464,9,709.0330200195312,507.7424621582031,226.06195068359375,526.252197265625,-1,-1,-1,-1
465,9,706.4609375,529.6135864257812,257.965576171875,511.28118896484375,-1,-1,-1,-1
466,9,706.1126708984375,550.2742919921875,265.030029296875,488.8895263671875,-1,-1,-1,-1
467,9,704.1009521484375,565.342529296875,265.1903076171875,468.7882080078125,-1,-1,-1,-1
468,9,695.1963500976562,569.16259765625,267.970458984375,456.798095703125,-1,-1,-1,-1
469,9,683.9400634765625,559.6220703125,262.3485107421875,457.86981201171875,-1,-1,-1,-1
470,9,670.0841064453125,551.5440063476562,257.52044677734375,473.31280517578125,-1,-1,-1,-1
471,9,693.7608032226562,538.8980712890625,216.45306396484375,485.66668701171875,-1,-1,-1,-1
472,9,698.0551147460938,518.238525390625,199.65875244140625,483.322998046875,-1,-1,-1,-1
473,9,695.4636840820312,502.16009521484375,197.45111083984375,479.88006591796875,-1,-1,-1,-1
474,9,698.4879150390625,501.4925231933594,189.30596923828125,476.9436950683594,-1,-1,-1,-1
475,9,700.17041015625,514.6773071289062,189.0733642578125,465.451904296875,-1,-1,-1,-1
476,9,699.6234741210938,526.5191650390625,196.4639892578125,452.080810546875,-1,-1,-1,-1
477,9,697.7349853515625,548.0675659179688,193.77679443359375,438.69964599609375,-1,-1,-1,-1
478,9,696.0958251953125,581.6174926757812,193.17486572265625,431.81378173828125,-1,-1,-1,-1
479,9,694.9890747070312,608.4580078125,194.01702880859375,438.2833251953125,-1,-1,-1,-1
480,9,691.502197265625,622.3167114257812,200.59368896484375,458.84222412109375,-1,-1,-1,-1
481,9,686.7495727539062,609.8875122070312,209.50836181640625,480.58575439453125,-1,-1,-1,-1
482,9,676.7620849609375,599.5986328125,223.1064453125,492.012451171875,-1,-1,-1,-1
483,9,668.7935180664062,588.2943725585938,227.5450439453125,498.95758056640625,-1,-1,-1,-1
484,9,663.6297607421875,583.463134765625,217.73370361328125,500.3902587890625,-1,-1,-1,-1
485,9,657.7900390625,585.2496337890625,215.21697998046875,498.32666015625,-1,-1,-1,-1
486,9,653.7393798828125,603.1552124023438,227.27227783203125,487.63177490234375,-1,-1,-1,-1
487,9,654.8048095703125,619.6358032226562,241.783935546875,486.66119384765625,-1,-1,-1,-1
488,9,655.4961547851562,624.3145751953125,256.84564208984375,497.420166015625,-1,-1,-1,-1
489,9,660.7289428710938,625.1569213867188,264.94696044921875,519.3842163085938,-1,-1,-1,-1
490,9,663.8140258789062,619.5839233398438,275.1907958984375,540.3982543945312,-1,-1,-1,-1
491,9,666.1193237304688,639.1273803710938,265.14532470703125,557.2390747070312,-1,-1,-1,-1
492,9,668.8781127929688,669.9829711914062,243.67462158203125,571.8705444335938,-1,-1,-1,-1
493,9,668.8306274414062,686.453857421875,221.749267578125,574.0230712890625,-1,-1,-1,-1
494,9,663.6777954101562,693.4017944335938,218.24896240234375,551.2675170898438,-1,-1,-1,-1
495,9,655.509033203125,677.6912841796875,219.71484375,529.206298828125,-1,-1,-1,-1
496,9,649.5679931640625,656.3678588867188,221.35809326171875,507.22308349609375,-1,-1,-1,-1
497,9,648.7572021484375,630.017333984375,214.6807861328125,497.3253173828125,-1,-1,-1,-1
498,9,649.5554809570312,615.1388549804688,209.4190673828125,502.55645751953125,-1,-1,-1,-1
499,9,642.2327270507812,601.4083251953125,222.15057373046875,515.806396484375,-1,-1,-1,-1
500,9,624.6395263671875,596.9917602539062,240.54962158203125,532.9241333007812,-1,-1,-1,-1
501,9,602.2637939453125,615.8635864257812,262.77783203125,557.0280151367188,-1,-1,-1,-1
502,9,574.9561767578125,629.2112426757812,300.71270751953125,579.7637329101562,-1,-1,-1,-1
503,9,560.0162353515625,639.9453735351562,323.65869140625,597.7918090820312,-1,-1,-1,-1
504,9,568.470458984375,662.678955078125,341.359375,595.4666748046875,-1,-1,-1,-1
505,9,583.2958374023438,653.72509765625,352.12109375,585.38525390625,-1,-1,-1,-1
506,9,602.2423095703125,648.0477905273438,360.194091796875,588.6132202148438,-1,-1,-1,-1
507,9,625.597412109375,653.8175048828125,364.83154296875,601.0391845703125,-1,-1,-1,-1
508,9,643.5402221679688,643.861083984375,359.81866455078125,614.8277587890625,-1,-1,-1,-1
509,9,658.6416625976562,633.8220825195312,347.3876953125,621.3265991210938,-1,-1,-1,-1
510,9,667.3399047851562,623.0272827148438,333.93414306640625,607.9395141601562,-1,-1,-1,-1
511,9,666.4113159179688,612.9535522460938,331.82159423828125,583.2767944335938,-1,-1,-1,-1
512,9,668.09033203125,598.6994018554688,326.62359619140625,556.0834350585938,-1,-1,-1,-1
513,9,664.9741821289062,588.5365600585938,322.4482421875,540.5733032226562,-1,-1,-1,-1
514,9,662.9186401367188,596.3519897460938,313.46527099609375,524.8904418945312,-1,-1,-1,-1
515,9,665.9515380859375,587.5260620117188,304.40838623046875,520.6364135742188,-1,-1,-1,-1
516,9,672.68115234375,578.2291870117188,297.282958984375,525.9297485351562,-1,-1,-1,-1
517,9,672.97998046875,583.629638671875,295.83160400390625,540.4376220703125,-1,-1,-1,-1
518,9,685.1112060546875,591.5092163085938,284.36041259765625,548.3410034179688,-1,-1,-1,-1
519,9,690.05224609375,591.9558715820312,284.4080810546875,551.0848999023438,-1,-1,-1,-1
520,9,695.3564453125,585.8082275390625,284.46868896484375,556.732666015625,-1,-1,-1,-1
521,9,699.7020263671875,577.2880859375,286.76507568359375,570.6142578125,-1,-1,-1,-1
522,9,700.35888671875,580.40673828125,278.56109619140625,560.7972412109375,-1,-1,-1,-1
523,9,690.3744506835938,570.3815307617188,272.228271484375,553.5490112304688,-1,-1,-1,-1
524,9,682.83447265625,528.8925170898438,262.2642822265625,556.3213500976562,-1,-1,-1,-1
525,9,681.8150024414062,491.20916748046875,254.4874267578125,559.6178588867188,-1,-1,-1,-1
526,9,691.6926879882812,463.8701171875,238.40069580078125,552.973876953125,-1,-1,-1,-1
527,9,696.008056640625,458.07806396484375,226.86590576171875,539.9014892578125,-1,-1,-1,-1
528,9,685.4147338867188,469.1453857421875,237.47698974609375,525.136474609375,-1,-1,-1,-1
529,9,678.116943359375,481.22991943359375,255.93304443359375,506.5228271484375,-1,-1,-1,-1
530,9,676.1849975585938,498.0491638183594,257.762451171875,482.5820007324219,-1,-1,-1,-1
531,9,672.3972778320312,513.3237915039062,254.04083251953125,467.75848388671875,-1,-1,-1,-1
532,9,668.8065185546875,511.5924987792969,245.111572265625,470.1095886230469,-1,-1,-1,-1
533,9,662.569580078125,493.53082275390625,239.7576904296875,482.24627685546875,-1,-1,-1,-1
534,9,661.9253540039062,472.8750915527344,224.75909423828125,496.6440124511719,-1,-1,-1,-1
535,9,662.9360961914062,460.0638427734375,206.4639892578125,513.1796264648438,-1,-1,-1,-1
536,9,653.3350830078125,451.9053649902344,198.59033203125,517.682861328125,-1,-1,-1,-1
537,9,649.0375366210938,447.20343017578125,198.91259765625,517.9041748046875,-1,-1,-1,-1
538,9,649.9877319335938,453.83111572265625,209.35333251953125,517.4854125976562,-1,-1,-1,-1
539,9,653.783935546875,466.2791442871094,207.39971923828125,513.753173828125,-1,-1,-1,-1
540,9,652.296875,469.64111328125,213.20355224609375,514.0169677734375,-1,-1,-1,-1
541,9,647.871337890625,448.20758056640625,225.999755859375,537.650634765625,-1,-1,-1,-1
542,9,637.1378784179688,424.22589111328125,263.00872802734375,611.9840698242188,-1,-1,-1,-1
543,9,624.7099609375,419.3779602050781,322.2120361328125,699.224609375,-1,-1,-1,-1
544,9,602.8681640625,436.42633056640625,430.539794921875,775.3705444335938,-1,-1,-1,-1
545,9,589.1040649414062,463.5205078125,509.52142333984375,764.9927978515625,-1,-1,-1,-1
546,9,587.611572265625,476.4720764160156,492.549072265625,723.7679443359375,-1,-1,-1,-1
547,9,610.8352661132812,465.2135925292969,464.00201416015625,689.937255859375,-1,-1,-1,-1
548,9,642.9073486328125,413.85150146484375,376.75128173828125,674.0640258789062,-1,-1,-1,-1
549,9,681.702392578125,404.95489501953125,315.67120361328125,670.4102172851562,-1,-1,-1,-1
550,9,715.2699584960938,454.22857666015625,270.5223388671875,661.6452026367188,-1,-1,-1,-1
551,9,722.0809326171875,457.65966796875,230.48333740234375,646.4417724609375,-1,-1,-1,-1
552,9,710.6148681640625,469.0679626464844,217.62493896484375,614.412841796875,-1,-1,-1,-1
553,9,707.5369873046875,484.72607421875,226.41607666015625,590.566162109375,-1,-1,-1,-1
554,9,693.7904052734375,496.2641906738281,264.812744140625,588.468994140625,-1,-1,-1,-1
555,9,664.2674560546875,503.2803955078125,297.3248291015625,590.765869140625,-1,-1,-1,-1
556,9,643.3764038085938,494.9864501953125,306.78900146484375,594.0313720703125,-1,-1,-1,-1
557,9,652.690185546875,475.9482727050781,283.154541015625,593.5814208984375,-1,-1,-1,-1
558,9,630.0986938476562,459.92437744140625,299.25054931640625,621.4591674804688,-1,-1,-1,-1
559,9,663.4874877929688,452.6499328613281,266.52740478515625,702.538330078125,-1,-1,-1,-1
560,9,662.5513305664062,456.2102355957031,287.53460693359375,795.9444580078125,-1,-1,-1,-1
561,9,667.959228515625,469.8623352050781,329.4942626953125,891.640380859375,-1,-1,-1,-1
562,9,665.9176635742188,511.6864929199219,378.13604736328125,890.9071044921875,-1,-1,-1,-1
563,9,639.5457153320312,535.107421875,405.32550048828125,872.4434814453125,-1,-1,-1,-1
564,9,736.1458129882812,553.6673583984375,353.92010498046875,803.4149169921875,-1,-1,-1,-1
565,9,798.938720703125,548.4099731445312,284.9481201171875,697.6369018554688,-1,-1,-1,-1
566,9,778.3689575195312,545.7855834960938,273.51593017578125,648.7587280273438,-1,-1,-1,-1
567,9,783.3013916015625,546.6281127929688,282.9390869140625,598.5244750976562,-1,-1,-1,-1
568,9,771.9368286132812,522.2587890625,287.81512451171875,591.4256591796875,-1,-1,-1,-1
569,9,762.2205200195312,496.7586669921875,250.1180419921875,592.4832763671875,-1,-1,-1,-1
570,9,769.31396484375,463.7136535644531,203.08203125,610.9671630859375,-1,-1,-1,-1
571,9,770.4279174804688,434.9607849121094,159.7275390625,625.0548095703125,-1,-1,-1,-1
572,9,763.7313232421875,430.6453857421875,147.57275390625,589.5103759765625,-1,-1,-1,-1
573,9,756.7403564453125,426.5716552734375,145.09637451171875,562.8160400390625,-1,-1,-1,-1
574,9,749.9271240234375,426.1985778808594,147.5928955078125,526.213134765625,-1,-1,-1,-1
575,9,738.2750854492188,429.6863708496094,149.5115966796875,495.0893859863281,-1,-1,-1,-1
576,9,725.7516479492188,430.29754638671875,157.5106201171875,468.31005859375,-1,-1,-1,-1
577,9,720.203857421875,469.0652160644531,169.63409423828125,452.4640808105469,-1,-1,-1,-1
578,9,724.2968139648438,547.9808349609375,189.6439208984375,440.01898193359375,-1,-1,-1,-1
579,9,730.1140747070312,595.3220825195312,199.32794189453125,448.00506591796875,-1,-1,-1,-1
580,9,721.7996826171875,581.0435791015625,198.0174560546875,463.233154296875,-1,-1,-1,-1
581,9,712.8990478515625,538.2575073242188,188.469970703125,472.96337890625,-1,-1,-1,-1
582,9,715.2999877929688,484.5950622558594,182.98944091796875,457.7531433105469,-1,-1,-1,-1
583,9,719.6075439453125,444.7921142578125,177.77056884765625,436.45477294921875,-1,-1,-1,-1
584,9,713.8135375976562,431.48297119140625,175.783935546875,421.24822998046875,-1,-1,-1,-1
585,9,709.3687744140625,431.52301025390625,177.73638916015625,418.64434814453125,-1,-1,-1,-1
586,9,710.928955078125,421.0633544921875,180.4022216796875,418.91851806640625,-1,-1,-1,-1
587,9,710.7533569335938,429.52496337890625,175.26348876953125,423.11126708984375,-1,-1,-1,-1
588,9,712.3935546875,432.7029113769531,172.200927734375,438.6289367675781,-1,-1,-1,-1
589,9,719.594970703125,437.7971496582031,164.231689453125,453.9410095214844,-1,-1,-1,-1
590,9,724.116455078125,464.9715270996094,163.2620849609375,464.4450988769531,-1,-1,-1,-1
591,9,731.85791015625,507.4071960449219,157.070556640625,461.0937805175781,-1,-1,-1,-1
592,9,736.8062744140625,547.2747192382812,159.46875,448.68841552734375,-1,-1,-1,-1
593,9,738.9483642578125,575.358154296875,161.953369140625,433.63726806640625,-1,-1,-1,-1
594,9,741.1425170898438,588.969970703125,164.361328125,426.4176025390625,-1,-1,-1,-1
595,9,737.50146484375,597.1102905273438,169.31451416015625,409.43902587890625,-1,-1,-1,-1
596,9,728.6001586914062,597.0220947265625,172.4949951171875,402.1370849609375,-1,-1,-1,-1
597,9,719.9228515625,585.5374755859375,175.69281005859375,402.48638916015625,-1,-1,-1,-1
598,9,717.9984130859375,579.9153442382812,175.62750244140625,412.94512939453125,-1,-1,-1,-1
599,9,715.3013305664062,585.5799560546875,171.45684814453125,438.83392333984375,-1,-1,-1,-1
600,9,713.5177001953125,582.967529296875,163.78411865234375,453.6729736328125,-1,-1,-1,-1
601,9,707.3359985351562,585.5717163085938,160.33935546875,450.00262451171875,-1,-1,-1,-1
340,10,979.2896728515625,599.3263549804688,428.4068603515625,809.6143188476562,-1,-1,-1,-1
341,10,958.01123046875,610.1925048828125,446.5260009765625,797.5404052734375,-1,-1,-1,-1
342,10,1092.8558349609375,631.6472778320312,302.3192138671875,669.9794311523438,-1,-1,-1,-1
343,10,1112.4940185546875,648.920166015625,249.1112060546875,557.0330810546875,-1,-1,-1,-1
344,10,1105.053955078125,653.79248046875,250.672119140625,371.5338134765625,-1,-1,-1,-1
345,10,1051.315185546875,651.90673828125,296.630859375,344.26995849609375,-1,-1,-1,-1
346,10,1024.1483764648438,650.0582885742188,305.61053466796875,325.51910400390625,-1,-1,-1,-1
347,10,1002.2103271484375,655.9013061523438,307.143798828125,328.606689453125,-1,-1,-1,-1
348,10,982.7848510742188,666.7977294921875,305.32562255859375,357.9036865234375,-1,-1,-1,-1
347,11,990.8742065429688,678.2075805664062,299.03387451171875,423.00091552734375,-1,-1,-1,-1
348,11,982.229736328125,664.25927734375,302.5869140625,427.4097900390625,-1,-1,-1,-1
349,11,963.8462524414062,636.4824829101562,293.14544677734375,449.04925537109375,-1,-1,-1,-1
350,11,919.1311645507812,620.5224609375,286.82623291015625,448.6759033203125,-1,-1,-1,-1
351,11,888.6153564453125,611.458740234375,272.1947021484375,453.0308837890625,-1,-1,-1,-1
352,11,872.089111328125,599.697998046875,259.783203125,459.1845703125,-1,-1,-1,-1
353,11,848.795654296875,590.2189331054688,248.1302490234375,462.04241943359375,-1,-1,-1,-1
354,11,832.4529418945312,577.6495361328125,233.83258056640625,467.4588623046875,-1,-1,-1,-1
355,11,831.8306884765625,569.8253173828125,227.3782958984375,471.728515625,-1,-1,-1,-1
356,11,835.099609375,577.6251831054688,224.01611328125,468.94415283203125,-1,-1,-1,-1
357,11,831.205078125,572.8363647460938,207.7880859375,467.31329345703125,-1,-1,-1,-1
358,11,818.0968017578125,575.7060546875,177.78985595703125,461.26025390625,-1,-1,-1,-1
359,11,813.901611328125,598.789794921875,180.46771240234375,463.4637451171875,-1,-1,-1,-1
360,11,799.93408203125,612.7688598632812,192.8907470703125,465.47918701171875,-1,-1,-1,-1
361,11,798.0965576171875,604.6219482421875,193.83673095703125,473.7813720703125,-1,-1,-1,-1
362,11,793.5374755859375,590.0031127929688,203.11236572265625,485.01849365234375,-1,-1,-1,-1
363,11,788.9140014648438,574.0044555664062,209.3321533203125,485.66815185546875,-1,-1,-1,-1
364,11,788.2353515625,565.3841552734375,205.560791015625,479.9305419921875,-1,-1,-1,-1
365,11,787.2774658203125,572.9797973632812,209.3023681640625,478.27874755859375,-1,-1,-1,-1
366,11,785.8662719726562,587.7283935546875,230.01318359375,483.514892578125,-1,-1,-1,-1
367,11,781.8995361328125,581.2222290039062,229.82269287109375,488.46319580078125,-1,-1,-1,-1
368,11,780.4651489257812,565.7313842773438,214.62432861328125,487.55780029296875,-1,-1,-1,-1
369,11,776.6419067382812,547.2760620117188,207.986328125,482.22198486328125,-1,-1,-1,-1
370,11,755.18310546875,535.6148071289062,214.71417236328125,471.14898681640625,-1,-1,-1,-1
371,11,733.0614624023438,530.6787109375,243.48956298828125,465.19964599609375,-1,-1,-1,-1
372,11,719.25830078125,530.4213256835938,267.0020751953125,456.08978271484375,-1,-1,-1,-1
373,11,721.9594116210938,535.2736206054688,273.13787841796875,448.67413330078125,-1,-1,-1,-1
374,11,730.4012451171875,547.8421630859375,266.81524658203125,434.707763671875,-1,-1,-1,-1
375,11,732.1869506835938,567.3939819335938,251.7978515625,428.1710205078125,-1,-1,-1,-1
376,11,719.8677978515625,588.7265014648438,234.73065185546875,437.71051025390625,-1,-1,-1,-1
377,11,718.822021484375,602.4033813476562,209.2552490234375,442.42437744140625,-1,-1,-1,-1
378,11,717.3934326171875,607.7490234375,186.4781494140625,442.1942138671875,-1,-1,-1,-1
379,11,718.2243041992188,601.4749145507812,158.5234375,436.49908447265625,-1,-1,-1,-1
380,11,718.9099731445312,599.98193359375,145.02618408203125,429.476318359375,-1,-1,-1,-1
381,11,711.001220703125,604.2955322265625,148.8492431640625,415.9210205078125,-1,-1,-1,-1
382,11,698.2003784179688,606.0841674804688,157.39886474609375,398.68316650390625,-1,-1,-1,-1
383,11,694.117919921875,610.10546875,160.53472900390625,377.30499267578125,-1,-1,-1,-1
384,11,697.90380859375,604.1353759765625,167.259765625,358.82562255859375,-1,-1,-1,-1
385,11,719.0408935546875,578.4968872070312,168.6927490234375,349.27734375,-1,-1,-1,-1
386,11,748.694091796875,532.0857543945312,187.99530029296875,356.9825439453125,-1,-1,-1,-1
387,11,803.733642578125,494.52874755859375,199.9073486328125,387.55938720703125,-1,-1,-1,-1
388,11,514.453369140625,380.70257568359375,414.13720703125,518.9163818359375,-1,-1,-1,-1
390,11,788.2232666015625,581.6787109375,226.3564453125,328.14373779296875,-1,-1,-1,-1
387,12,834.36865234375,499.1756896972656,55.5849609375,102.21926879882812,-1,-1,-1,-1
388,12,624.9163818359375,452.2777099609375,145.62127685546875,130.96173095703125,-1,-1,-1,-1
389,13,1221.3466796875,638.255859375,137.694091796875,222.1064453125,-1,-1,-1,-1
390,13,1191.854248046875,666.1309204101562,133.5537109375,208.44122314453125,-1,-1,-1,-1
391,13,1170.73046875,657.8248291015625,132.380126953125,208.042724609375,-1,-1,-1,-1
392,13,1149.8995361328125,637.0330200195312,131.70703125,206.227294921875,-1,-1,-1,-1
393,13,1119.6424560546875,633.3799438476562,126.510009765625,203.324951171875,-1,-1,-1,-1
394,13,1084.094482421875,646.9561157226562,120.3482666015625,198.55584716796875,-1,-1,-1,-1
395,13,1055.117431640625,660.4178466796875,111.105712890625,199.10748291015625,-1,-1,-1,-1
396,13,1032.083984375,677.1392211914062,105.0242919921875,199.07000732421875,-1,-1,-1,-1
397,13,1023.10302734375,695.3433837890625,96.6806640625,201.65966796875,-1,-1,-1,-1
398,13,1020.9485473632812,703.22021484375,91.15179443359375,201.2662353515625,-1,-1,-1,-1
399,13,1009.9939575195312,703.724609375,91.08416748046875,200.8699951171875,-1,-1,-1,-1
400,13,998.521240234375,693.79296875,89.4039306640625,201.097900390625,-1,-1,-1,-1
401,13,996.40869140625,680.8758544921875,87.0972900390625,199.9215087890625,-1,-1,-1,-1
402,13,996.1536254882812,668.467529296875,83.82110595703125,199.01507568359375,-1,-1,-1,-1
403,13,987.9794311523438,660.395751953125,84.46063232421875,198.03472900390625,-1,-1,-1,-1
404,13,977.2826538085938,654.78857421875,82.84002685546875,197.7861328125,-1,-1,-1,-1
405,13,972.6321411132812,652.071533203125,82.50738525390625,197.81854248046875,-1,-1,-1,-1
406,13,977.3858642578125,655.697021484375,82.0228271484375,199.2672119140625,-1,-1,-1,-1
407,13,986.6077880859375,658.6920776367188,82.95849609375,200.30059814453125,-1,-1,-1,-1
408,13,985.0469970703125,630.0729370117188,81.8431396484375,199.64300537109375,-1,-1,-1,-1
409,13,978.8770751953125,626.1734619140625,80.14599609375,198.184326171875,-1,-1,-1,-1
410,13,979.9886474609375,630.0419921875,79.3319091796875,198.10675048828125,-1,-1,-1,-1
411,13,990.7620849609375,627.6378173828125,80.028076171875,199.17401123046875,-1,-1,-1,-1
412,13,1011.7310791015625,629.6405029296875,81.7952880859375,200.97308349609375,-1,-1,-1,-1
413,13,1022.73681640625,628.9398193359375,82.51904296875,201.5980224609375,-1,-1,-1,-1
414,13,1023.4652099609375,631.00048828125,83.3839111328125,201.80609130859375,-1,-1,-1,-1
415,13,1027.1832275390625,630.3662109375,80.1165771484375,201.4111328125,-1,-1,-1,-1
416,13,1032.0426025390625,618.8945922851562,78.1976318359375,202.1744384765625,-1,-1,-1,-1
417,13,1025.6888427734375,588.2482299804688,79.1051025390625,200.53546142578125,-1,-1,-1,-1
418,13,1015.3700561523438,577.919677734375,81.77435302734375,200.93206787109375,-1,-1,-1,-1
419,13,1006.9066772460938,574.0193481445312,83.98956298828125,200.906982421875,-1,-1,-1,-1
420,13,1004.091552734375,576.82763671875,85.28515625,201.43634033203125,-1,-1,-1,-1
421,13,1007.5870971679688,582.9430541992188,85.03057861328125,202.49884033203125,-1,-1,-1,-1
422,13,1015.375732421875,592.2533569335938,86.9957275390625,203.2899169921875,-1,-1,-1,-1
423,13,1029.178466796875,605.655029296875,86.84765625,205.4273681640625,-1,-1,-1,-1
424,13,1042.733154296875,617.15087890625,87.8277587890625,207.8555908203125,-1,-1,-1,-1
425,13,1050.8721923828125,625.19189453125,90.62451171875,211.5177001953125,-1,-1,-1,-1
426,13,1061.564208984375,619.0641479492188,89.3184814453125,213.02838134765625,-1,-1,-1,-1
427,13,1074.563720703125,604.6029663085938,91.1075439453125,216.632080078125,-1,-1,-1,-1
428,13,1085.0196533203125,599.0477294921875,93.304931640625,219.48779296875,-1,-1,-1,-1
429,13,1108.180908203125,590.7586669921875,98.2408447265625,223.83319091796875,-1,-1,-1,-1
430,13,1133.08642578125,556.4346923828125,99.1251220703125,233.118408203125,-1,-1,-1,-1
431,13,1168.8013916015625,526.2096557617188,97.492431640625,241.751220703125,-1,-1,-1,-1
432,13,1204.6605224609375,494.4593505859375,98.0152587890625,256.050048828125,-1,-1,-1,-1
433,13,1240.072998046875,462.55242919921875,104.84375,268.38922119140625,-1,-1,-1,-1
434,13,1252.5155029296875,438.3324890136719,114.395751953125,276.0171203613281,-1,-1,-1,-1
435,13,1267.2159423828125,405.0041809082031,120.96728515625,280.0849914550781,-1,-1,-1,-1
436,13,1288.087646484375,426.0720520019531,108.950927734375,279.5730285644531,-1,-1,-1,-1
437,13,1311.6402587890625,488.3812255859375,92.315185546875,277.35894775390625,-1,-1,-1,-1
438,13,1344.0146484375,502.2257385253906,61.8702392578125,281.1054992675781,-1,-1,-1,-1
439,13,1345.2882080078125,510.3277282714844,61.6727294921875,275.0389099121094,-1,-1,-1,-1
440,13,1325.303466796875,521.7083740234375,80.5283203125,268.52154541015625,-1,-1,-1,-1
441,13,1310.87158203125,507.1349182128906,93.339111328125,263.8275451660156,-1,-1,-1,-1
442,13,1306.807861328125,502.18994140625,96.5616455078125,261.7196044921875,-1,-1,-1,-1
443,13,1316.6005859375,514.0037841796875,89.1700439453125,260.5703125,-1,-1,-1,-1
444,13,1315.32421875,514.8026733398438,90.06640625,257.95831298828125,-1,-1,-1,-1
445,13,1321.7738037109375,534.90771484375,84.020263671875,253.619140625,-1,-1,-1,-1
446,13,1317.018310546875,542.787109375,88.1583251953125,250.2806396484375,-1,-1,-1,-1
447,13,1286.459228515625,534.4627075195312,105.6077880859375,244.52679443359375,-1,-1,-1,-1
448,13,1263.9093017578125,535.0848388671875,107.7388916015625,238.75543212890625,-1,-1,-1,-1
449,13,1247.427734375,533.1563110351562,105.47412109375,233.299560546875,-1,-1,-1,-1
450,13,1230.8707275390625,542.4548950195312,107.6004638671875,229.5009765625,-1,-1,-1,-1
451,13,1211.8812255859375,550.1214599609375,106.861328125,223.8497314453125,-1,-1,-1,-1
452,13,1190.974609375,547.49072265625,106.32275390625,219.7769775390625,-1,-1,-1,-1
453,13,1175.052490234375,547.9907836914062,104.6685791015625,215.16082763671875,-1,-1,-1,-1
454,13,1161.3001708984375,545.260498046875,104.51318359375,212.35589599609375,-1,-1,-1,-1
455,13,1147.336669921875,538.458984375,100.608642578125,209.72491455078125,-1,-1,-1,-1
456,13,1134.4639892578125,539.1314697265625,97.532470703125,207.87677001953125,-1,-1,-1,-1
457,13,1121.3963623046875,544.1814575195312,91.8056640625,203.40289306640625,-1,-1,-1,-1
458,13,1113.3104248046875,543.2455444335938,89.2542724609375,201.23834228515625,-1,-1,-1,-1
459,13,1108.65234375,518.7066650390625,86.7115478515625,199.43878173828125,-1,-1,-1,-1
460,13,1096.16357421875,508.6318359375,83.3675537109375,197.15252685546875,-1,-1,-1,-1
461,13,1082.0576171875,505.1193542480469,82.6934814453125,193.75448608398438,-1,-1,-1,-1
462,13,1066.43896484375,502.86962890625,81.0780029296875,191.1051025390625,-1,-1,-1,-1
463,13,1045.9271240234375,507.9033508300781,76.7320556640625,187.33053588867188,-1,-1,-1,-1
464,13,1021.5603637695312,522.2418823242188,75.53240966796875,182.3697509765625,-1,-1,-1,-1
465,13,998.527587890625,535.7838745117188,77.76171875,179.52825927734375,-1,-1,-1,-1
466,13,981.9967651367188,540.89453125,77.44146728515625,178.29345703125,-1,-1,-1,-1
467,13,966.735107421875,543.0873413085938,75.8983154296875,176.62945556640625,-1,-1,-1,-1
468,13,952.5979614257812,544.0247802734375,75.52227783203125,173.5589599609375,-1,-1,-1,-1
469,13,935.3556518554688,542.4190063476562,73.57366943359375,172.9434814453125,-1,-1,-1,-1
470,13,912.6119384765625,551.2550659179688,73.2828369140625,170.3306884765625,-1,-1,-1,-1
471,13,893.57421875,555.6849975585938,67.70782470703125,169.26824951171875,-1,-1,-1,-1
472,13,880.9014892578125,554.197509765625,66.2435302734375,169.09112548828125,-1,-1,-1,-1
473,13,869.5609130859375,548.906005859375,65.43011474609375,167.16217041015625,-1,-1,-1,-1
474,13,859.4214477539062,550.1021728515625,63.38055419921875,167.166748046875,-1,-1,-1,-1
475,13,845.7990112304688,555.025146484375,64.39617919921875,169.6844482421875,-1,-1,-1,-1
476,13,836.5953979492188,560.6019287109375,64.23370361328125,169.72021484375,-1,-1,-1,-1
477,13,828.113525390625,567.8731689453125,64.1971435546875,167.00274658203125,-1,-1,-1,-1
478,13,816.4461669921875,591.0156860351562,64.5892333984375,165.678955078125,-1,-1,-1,-1
479,13,810.7809448242188,615.5167846679688,63.81707763671875,162.49078369140625,-1,-1,-1,-1
480,13,808.9299926757812,636.7040405273438,64.04974365234375,167.75653076171875,-1,-1,-1,-1
481,13,808.7012329101562,634.7970581054688,65.6397705078125,169.58795166015625,-1,-1,-1,-1
482,13,806.182861328125,629.2882080078125,69.4027099609375,168.89764404296875,-1,-1,-1,-1
483,13,808.9359741210938,618.0289306640625,70.99908447265625,166.243408203125,-1,-1,-1,-1
484,13,812.9887084960938,605.1062622070312,71.63909912109375,168.2769775390625,-1,-1,-1,-1
485,13,825.42333984375,597.9938354492188,69.2061767578125,170.5462646484375,-1,-1,-1,-1
486,13,838.737548828125,603.6651000976562,66.765380859375,171.10748291015625,-1,-1,-1,-1
487,13,851.495849609375,616.42236328125,66.6348876953125,173.51324462890625,-1,-1,-1,-1
488,13,864.3814697265625,630.5965576171875,68.6846923828125,176.66058349609375,-1,-1,-1,-1
489,13,877.3521118164062,649.6917724609375,69.0325927734375,176.058349609375,-1,-1,-1,-1
490,13,883.5426025390625,651.5798950195312,71.77679443359375,177.43267822265625,-1,-1,-1,-1
491,13,895.724609375,671.556884765625,72.73614501953125,178.6533203125,-1,-1,-1,-1
492,13,908.4395141601562,697.05029296875,73.809326171875,182.0819091796875,-1,-1,-1,-1
493,13,920.290283203125,710.75146484375,73.7872314453125,183.21148681640625,-1,-1,-1,-1
494,13,927.5875854492188,706.674072265625,72.75732421875,183.6551513671875,-1,-1,-1,-1
495,13,933.2445678710938,686.47119140625,71.0892333984375,182.30047607421875,-1,-1,-1,-1
496,13,936.2803955078125,657.091796875,70.7427978515625,181.967041015625,-1,-1,-1,-1
497,13,939.0123291015625,628.3934326171875,72.94415283203125,182.3016357421875,-1,-1,-1,-1
498,13,948.6648559570312,621.0632934570312,72.91204833984375,181.41741943359375,-1,-1,-1,-1
499,13,955.9846801757812,614.3323974609375,73.56451416015625,183.45355224609375,-1,-1,-1,-1
500,13,964.1922607421875,616.5852661132812,74.7017822265625,184.6954345703125,-1,-1,-1,-1
501,13,979.2925415039062,640.2548217773438,76.26776123046875,186.93145751953125,-1,-1,-1,-1
502,13,1001.1710205078125,652.6795654296875,77.155517578125,189.64453125,-1,-1,-1,-1
503,13,1033.0965576171875,660.9432373046875,79.216552734375,194.7003173828125,-1,-1,-1,-1
504,13,1065.3614501953125,675.9199829101562,80.9788818359375,200.23419189453125,-1,-1,-1,-1
505,13,1095.7071533203125,658.4146728515625,83.1796875,204.04302978515625,-1,-1,-1,-1
506,13,1123.506591796875,640.432373046875,84.460693359375,208.7332763671875,-1,-1,-1,-1
507,13,1146.4058837890625,641.29150390625,84.4993896484375,212.59307861328125,-1,-1,-1,-1
508,13,1163.5126953125,636.0874633789062,85.2889404296875,217.01312255859375,-1,-1,-1,-1
509,13,1167.05810546875,620.1032104492188,85.312744140625,216.97894287109375,-1,-1,-1,-1
510,13,1162.1207275390625,602.4651489257812,85.849609375,217.52490234375,-1,-1,-1,-1
511,13,1155.1639404296875,594.7798461914062,82.96142578125,215.446044921875,-1,-1,-1,-1
512,13,1145.808349609375,579.1368408203125,80.9329833984375,212.2239990234375,-1,-1,-1,-1
513,13,1133.544921875,568.9280395507812,81.4000244140625,212.26727294921875,-1,-1,-1,-1
514,13,1122.9775390625,576.3565673828125,81.4259033203125,208.68804931640625,-1,-1,-1,-1
515,13,1117.039306640625,569.7932739257812,80.40234375,208.47186279296875,-1,-1,-1,-1
516,13,1106.575927734375,558.1778564453125,79.7962646484375,208.19146728515625,-1,-1,-1,-1
517,13,1093.7724609375,561.8026733398438,79.0750732421875,206.27740478515625,-1,-1,-1,-1
518,13,1083.76513671875,566.8250122070312,78.96484375,203.4443359375,-1,-1,-1,-1
519,13,1073.49365234375,564.4996337890625,79.2342529296875,203.658935546875,-1,-1,-1,-1
520,13,1069.1646728515625,562.4326171875,77.65478515625,204.16412353515625,-1,-1,-1,-1
521,13,1065.05224609375,560.787353515625,77.3280029296875,199.93115234375,-1,-1,-1,-1
522,13,1057.5736083984375,564.9346923828125,76.7950439453125,200.43359375,-1,-1,-1,-1
523,13,1044.20654296875,566.8101806640625,76.034423828125,198.53546142578125,-1,-1,-1,-1
524,13,1030.709228515625,549.0073852539062,74.9532470703125,194.949951171875,-1,-1,-1,-1
525,13,1025.05908203125,531.9542846679688,74.913818359375,194.94891357421875,-1,-1,-1,-1
526,13,1022.7330322265625,513.1237182617188,73.79443359375,194.94525146484375,-1,-1,-1,-1
527,13,1008.819091796875,501.368896484375,74.0379638671875,191.3367919921875,-1,-1,-1,-1
528,13,992.3104858398438,496.7574157714844,71.47039794921875,188.99606323242188,-1,-1,-1,-1
529,13,981.2130126953125,493.0091552734375,71.9400634765625,186.66265869140625,-1,-1,-1,-1
530,13,973.0885009765625,490.89056396484375,72.0264892578125,184.14111328125,-1,-1,-1,-1
531,13,962.0904541015625,493.2581787109375,70.3385009765625,182.1715087890625,-1,-1,-1,-1
532,13,949.2863159179688,496.931396484375,68.89886474609375,183.01116943359375,-1,-1,-1,-1
533,13,936.417236328125,498.6438903808594,68.2630615234375,180.52182006835938,-1,-1,-1,-1
534,13,921.732177734375,499.42633056640625,67.37969970703125,178.59259033203125,-1,-1,-1,-1
535,13,899.4866333007812,502.5707702636719,67.31048583984375,176.82308959960938,-1,-1,-1,-1
536,13,883.0394287109375,501.57666015625,67.2430419921875,175.23284912109375,-1,-1,-1,-1
537,13,872.3921508789062,496.10968017578125,67.68902587890625,174.7041015625,-1,-1,-1,-1
538,13,868.523681640625,496.2102355957031,67.07440185546875,175.30801391601562,-1,-1,-1,-1
539,13,867.5632934570312,497.6864318847656,66.76519775390625,177.00210571289062,-1,-1,-1,-1
540,13,863.0399780273438,499.75103759765625,68.31024169921875,176.204345703125,-1,-1,-1,-1
541,13,858.9005737304688,496.6423034667969,70.0799560546875,178.29074096679688,-1,-1,-1,-1
542,13,860.5992431640625,501.4201965332031,72.23431396484375,180.43429565429688,-1,-1,-1,-1
543,13,863.86865234375,506.4444274902344,72.68829345703125,186.29812622070312,-1,-1,-1,-1
544,13,880.8248291015625,519.1254272460938,76.525146484375,181.4967041015625,-1,-1,-1,-1
545,13,902.911865234375,523.0654296875,73.2249755859375,180.32659912109375,-1,-1,-1,-1
546,13,904.96142578125,515.601318359375,76.83837890625,180.93450927734375,-1,-1,-1,-1
547,13,903.4208984375,490.01873779296875,76.12445068359375,181.74652099609375,-1,-1,-1,-1
548,13,899.0369873046875,440.4039001464844,85.13043212890625,187.03213500976562,-1,-1,-1,-1
549,13,922.787353515625,436.11676025390625,75.11859130859375,183.88555908203125,-1,-1,-1,-1
550,13,938.8739013671875,475.4013977050781,75.25518798828125,180.84487915039062,-1,-1,-1,-1
551,13,939.4947509765625,471.26971435546875,74.027587890625,179.30523681640625,-1,-1,-1,-1
552,13,934.6822509765625,472.1723937988281,71.9677734375,176.56991577148438,-1,-1,-1,-1
553,13,930.0277099609375,487.4765625,69.76287841796875,174.78948974609375,-1,-1,-1,-1
554,13,920.5233764648438,507.2335510253906,68.383056640625,171.69247436523438,-1,-1,-1,-1
555,13,912.9219360351562,522.5860595703125,66.15924072265625,171.55035400390625,-1,-1,-1,-1
556,13,910.9801635742188,520.501220703125,64.96759033203125,169.54547119140625,-1,-1,-1,-1
557,13,913.2655639648438,502.1651611328125,64.71514892578125,169.617919921875,-1,-1,-1,-1
558,13,917.6611328125,493.34869384765625,64.748046875,170.277587890625,-1,-1,-1,-1
559,13,926.89306640625,494.904296875,64.5360107421875,170.49139404296875,-1,-1,-1,-1
560,13,937.7974853515625,510.59368896484375,66.16357421875,170.96478271484375,-1,-1,-1,-1
561,13,964.738037109375,545.2349853515625,67.1236572265625,170.86004638671875,-1,-1,-1,-1
562,13,986.83203125,567.9378051757812,71.74658203125,172.26824951171875,-1,-1,-1,-1
563,13,994.7824096679688,560.0068359375,70.31536865234375,171.4730224609375,-1,-1,-1,-1
564,13,1036.8504638671875,529.7114868164062,69.47900390625,173.62457275390625,-1,-1,-1,-1
565,13,1020.7257080078125,464.6872253417969,68.4444580078125,173.35751342773438,-1,-1,-1,-1
566,13,1002.349365234375,463.15020751953125,68.8768310546875,180.6787109375,-1,-1,-1,-1
567,13,1000.7868041992188,448.373046875,66.39849853515625,183.75482177734375,-1,-1,-1,-1
568,13,987.4600219726562,442.46429443359375,65.00274658203125,170.79376220703125,-1,-1,-1,-1
569,13,975.969970703125,438.7943115234375,62.7369384765625,167.31414794921875,-1,-1,-1,-1
570,13,976.6681518554688,434.5780944824219,63.57562255859375,166.29367065429688,-1,-1,-1,-1
571,13,970.8524169921875,432.7436218261719,62.8011474609375,164.60189819335938,-1,-1,-1,-1
572,13,960.2750244140625,446.83355712890625,60.3958740234375,161.960693359375,-1,-1,-1,-1
573,13,952.5758056640625,462.5003967285156,60.58740234375,161.97976684570312,-1,-1,-1,-1
574,13,948.8701171875,470.6439514160156,59.88214111328125,161.16012573242188,-1,-1,-1,-1
575,13,939.6888427734375,476.2011413574219,60.707763671875,160.08078002929688,-1,-1,-1,-1
576,13,931.4432983398438,470.62530517578125,59.60552978515625,161.1031494140625,-1,-1,-1,-1
577,13,924.3133544921875,492.5658264160156,60.31903076171875,161.68429565429688,-1,-1,-1,-1
578,13,924.17333984375,547.4834594726562,61.091796875,158.224609375,-1,-1,-1,-1
579,13,925.0270385742188,588.1801147460938,61.78131103515625,156.95440673828125,-1,-1,-1,-1
580,13,918.8541870117188,583.0418090820312,62.90875244140625,159.1033935546875,-1,-1,-1,-1
581,13,914.7738647460938,552.7061157226562,64.0960693359375,161.79449462890625,-1,-1,-1,-1
582,13,922.4234008789062,511.0699768066406,63.70916748046875,165.46066284179688,-1,-1,-1,-1
583,13,930.9771118164062,478.6432800292969,63.9945068359375,168.54464721679688,-1,-1,-1,-1
584,13,928.737548828125,461.2786865234375,64.55511474609375,171.006103515625,-1,-1,-1,-1
585,13,925.0438232421875,452.8529968261719,65.33526611328125,175.53671264648438,-1,-1,-1,-1
586,13,933.2413330078125,435.53179931640625,68.3673095703125,179.94915771484375,-1,-1,-1,-1
587,13,932.242431640625,440.0535888671875,68.32293701171875,178.95843505859375,-1,-1,-1,-1
588,13,933.8499755859375,448.291259765625,68.67999267578125,180.86297607421875,-1,-1,-1,-1
589,13,938.99072265625,461.84307861328125,67.067138671875,181.27471923828125,-1,-1,-1,-1
590,13,943.4251708984375,490.696044921875,67.82366943359375,181.63531494140625,-1,-1,-1,-1
591,13,949.1707763671875,527.0695190429688,67.208984375,181.14447021484375,-1,-1,-1,-1
592,13,952.7251586914062,555.0843505859375,66.70562744140625,180.70843505859375,-1,-1,-1,-1
593,13,953.302490234375,567.1983642578125,67.81573486328125,180.433837890625,-1,-1,-1,-1
594,13,954.6323852539062,567.8323974609375,69.23907470703125,182.23046875,-1,-1,-1,-1
595,13,953.8675537109375,560.0009765625,66.8106689453125,183.0987548828125,-1,-1,-1,-1
596,13,946.4087524414062,553.2965087890625,68.84698486328125,183.0255126953125,-1,-1,-1,-1
597,13,950.7960815429688,547.2076416015625,66.6727294921875,183.8330078125,-1,-1,-1,-1
598,13,951.0115966796875,549.9389038085938,67.31256103515625,184.4620361328125,-1,-1,-1,-1
599,13,944.946044921875,569.965087890625,68.327880859375,185.0118408203125,-1,-1,-1,-1
600,13,947.7420654296875,582.9060668945312,69.12091064453125,185.3409423828125,-1,-1,-1,-1
601,13,944.4467163085938,590.8896484375,69.08685302734375,181.58685302734375,-1,-1,-1,-1
391,15,820.2257080078125,562.33349609375,49.459716796875,86.51171875,-1,-1,-1,-1
392,15,791.8912353515625,542.712890625,61.68109130859375,92.37548828125,-1,-1,-1,-1
393,15,759.9273071289062,542.39453125,64.02960205078125,91.60308837890625,-1,-1,-1,-1
394,15,729.0166015625,564.0598754882812,57.89599609375,89.3834228515625,-1,-1,-1,-1
395,15,699.8999633789062,588.6211547851562,55.37884521484375,86.39898681640625,-1,-1,-1,-1
396,15,671.5448608398438,618.7750854492188,58.98516845703125,94.53924560546875,-1,-1,-1,-1
397,15,654.9371337890625,650.4664306640625,56.353759765625,106.86920166015625,-1,-1,-1,-1
398,15,647.9481811523438,673.6710205078125,54.73980712890625,101.3123779296875,-1,-1,-1,-1
399,15,639.7655639648438,676.6954956054688,46.9483642578125,92.92022705078125,-1,-1,-1,-1
400,15,627.1991577148438,666.0169677734375,54.40679931640625,104.70806884765625,-1,-1,-1,-1
401,15,626.4230346679688,662.56591796875,44.8380126953125,94.5958251953125,-1,-1,-1,-1
402,15,621.165771484375,664.2713012695312,43.93505859375,94.361572265625,-1,-1,-1,-1
403,15,611.99462890625,665.2808227539062,45.2882080078125,93.494384765625,-1,-1,-1,-1
404,15,601.615478515625,663.4486083984375,43.2213134765625,91.21124267578125,-1,-1,-1,-1
405,15,596.888427734375,665.1263427734375,44.959716796875,92.80523681640625,-1,-1,-1,-1
406,15,598.8360595703125,674.2450561523438,47.96905517578125,100.3455810546875,-1,-1,-1,-1
407,15,607.068603515625,683.9835815429688,49.036865234375,101.70599365234375,-1,-1,-1,-1
408,15,601.632080078125,666.2191772460938,59.73834228515625,125.11102294921875,-1,-1,-1,-1
409,15,597.6929931640625,670.0523681640625,54.81964111328125,111.12457275390625,-1,-1,-1,-1
410,15,601.7221069335938,676.470458984375,43.5216064453125,91.678466796875,-1,-1,-1,-1
411,15,609.858642578125,679.5037841796875,52.64154052734375,105.84454345703125,-1,-1,-1,-1
412,15,625.8256225585938,683.229248046875,58.76788330078125,115.6385498046875,-1,-1,-1,-1
413,15,636.950927734375,696.8748779296875,56.66583251953125,105.30645751953125,-1,-1,-1,-1
414,15,638.9689331054688,703.4085083007812,50.75384521484375,96.79156494140625,-1,-1,-1,-1
415,15,642.0924682617188,690.4276123046875,43.4425048828125,93.6328125,-1,-1,-1,-1
416,15,643.259765625,664.2421875,46.96929931640625,100.82275390625,-1,-1,-1,-1
417,15,638.639892578125,634.4105834960938,45.95166015625,93.5196533203125,-1,-1,-1,-1
418,15,627.08056640625,617.3753662109375,55.17071533203125,102.2777099609375,-1,-1,-1,-1
419,15,619.9732055664062,607.22900390625,55.88031005859375,112.8311767578125,-1,-1,-1,-1
420,15,617.0423583984375,607.1798706054688,51.97772216796875,109.7659912109375,-1,-1,-1,-1
421,15,617.834228515625,616.0827026367188,51.186767578125,104.4085693359375,-1,-1,-1,-1
422,15,622.8248901367188,624.463134765625,57.12445068359375,108.6085205078125,-1,-1,-1,-1
423,15,632.0886840820312,640.291748046875,51.485107421875,94.94024658203125,-1,-1,-1,-1
424,15,639.8853759765625,659.2907104492188,56.43048095703125,101.10968017578125,-1,-1,-1,-1
425,15,645.035888671875,665.9927978515625,51.340576171875,98.34466552734375,-1,-1,-1,-1
426,15,651.880859375,663.0924072265625,53.11297607421875,101.40191650390625,-1,-1,-1,-1
427,15,653.5158081054688,650.2150268554688,58.61041259765625,111.23345947265625,-1,-1,-1,-1
428,15,664.3865356445312,649.3324584960938,54.90826416015625,107.49664306640625,-1,-1,-1,-1
429,15,681.222412109375,646.3084716796875,48.90863037109375,98.0445556640625,-1,-1,-1,-1
430,15,693.7872924804688,633.968017578125,43.02020263671875,102.1446533203125,-1,-1,-1,-1
431,15,807.5529174804688,628.3866577148438,107.06109619140625,149.524658203125,-1,-1,-1,-1
434,15,610.7472534179688,402.1711120605469,486.37677001953125,641.509765625,-1,-1,-1,-1
435,15,584.6226196289062,386.25982666015625,539.8114624023438,661.9308471679688,-1,-1,-1,-1
436,15,595.6732177734375,396.859375,493.0364990234375,794.7032470703125,-1,-1,-1,-1
461,16,687.6923828125,554.4685668945312,41.2188720703125,94.59173583984375,-1,-1,-1,-1
462,16,677.6792602539062,555.4108276367188,39.51202392578125,90.79901123046875,-1,-1,-1,-1
463,16,661.4271850585938,562.9384155273438,42.0390625,95.95367431640625,-1,-1,-1,-1
464,16,644.367431640625,573.1820068359375,40.55645751953125,86.30999755859375,-1,-1,-1,-1
465,16,629.5816650390625,577.3350830078125,41.320068359375,95.43408203125,-1,-1,-1,-1
466,16,616.5320434570312,573.3603515625,40.60076904296875,93.08697509765625,-1,-1,-1,-1
467,16,603.1517944335938,572.775390625,43.0858154296875,102.51373291015625,-1,-1,-1,-1
468,16,594.3846435546875,570.51416015625,37.3946533203125,88.26287841796875,-1,-1,-1,-1
469,16,577.7889404296875,571.5932006835938,40.0421142578125,91.19329833984375,-1,-1,-1,-1
470,16,559.3460693359375,581.1459350585938,41.51318359375,90.3876953125,-1,-1,-1,-1
471,16,541.5089111328125,586.5108032226562,43.40679931640625,94.3897705078125,-1,-1,-1,-1
472,16,529.0557250976562,577.0916748046875,43.03558349609375,99.025146484375,-1,-1,-1,-1
473,16,517.717041015625,564.8762817382812,43.04827880859375,102.69720458984375,-1,-1,-1,-1
474,16,508.11865234375,564.6033935546875,37.92498779296875,95.9063720703125,-1,-1,-1,-1
475,16,493.614990234375,571.8746337890625,42.527099609375,106.73382568359375,-1,-1,-1,-1
476,16,482.41094970703125,577.5994873046875,42.44134521484375,103.1407470703125,-1,-1,-1,-1
477,16,473.26763916015625,586.060791015625,44.8021240234375,107.18035888671875,-1,-1,-1,-1
478,16,460.1116943359375,614.3295288085938,44.45147705078125,108.724609375,-1,-1,-1,-1
479,16,452.33251953125,640.8387451171875,43.2100830078125,109.9287109375,-1,-1,-1,-1
480,16,448.5064392089844,663.6609497070312,43.608795166015625,104.2418212890625,-1,-1,-1,-1
481,16,446.91986083984375,667.1902465820312,46.8116455078125,110.10272216796875,-1,-1,-1,-1
482,16,445.6220397949219,666.8855590820312,47.4129638671875,109.64117431640625,-1,-1,-1,-1
483,16,445.3888244628906,654.6885375976562,50.444183349609375,116.9569091796875,-1,-1,-1,-1
484,16,451.0960998535156,642.1340942382812,49.22589111328125,110.08343505859375,-1,-1,-1,-1
485,16,460.8436279296875,634.80126953125,46.975982666015625,103.09130859375,-1,-1,-1,-1
486,16,470.6538391113281,641.558837890625,52.300689697265625,111.215087890625,-1,-1,-1,-1
487,16,483.97857666015625,656.9703979492188,51.01361083984375,108.18170166015625,-1,-1,-1,-1
488,16,495.82427978515625,675.0867919921875,47.45123291015625,109.2606201171875,-1,-1,-1,-1
489,16,506.2127685546875,694.03271484375,48.04412841796875,108.0244140625,-1,-1,-1,-1
490,16,514.14111328125,705.9172973632812,46.322998046875,104.16326904296875,-1,-1,-1,-1
491,16,524.9886474609375,730.0895385742188,60.5478515625,114.77691650390625,-1,-1,-1,-1
492,16,530.4328002929688,759.5826416015625,58.01104736328125,110.162109375,-1,-1,-1,-1
493,16,541.3347778320312,766.494140625,63.4285888671875,120.25830078125,-1,-1,-1,-1
494,16,546.5499267578125,755.3817749023438,58.6458740234375,122.59466552734375,-1,-1,-1,-1
495,16,551.8396606445312,724.4295654296875,65.20831298828125,135.80322265625,-1,-1,-1,-1
496,16,554.8474731445312,697.4159545898438,59.70758056640625,129.6163330078125,-1,-1,-1,-1
497,16,558.3878784179688,672.0968627929688,57.71392822265625,114.04144287109375,-1,-1,-1,-1
498,16,570.2923583984375,663.5980224609375,48.5958251953125,93.8948974609375,-1,-1,-1,-1
499,16,573.6361083984375,654.3978881835938,49.4810791015625,100.88385009765625,-1,-1,-1,-1
500,16,582.781494140625,653.5474853515625,56.55963134765625,114.7266845703125,-1,-1,-1,-1
501,16,593.7636108398438,670.806884765625,51.12261962890625,101.41375732421875,-1,-1,-1,-1
502,16,612.355224609375,682.5568237304688,47.1763916015625,95.57452392578125,-1,-1,-1,-1
503,16,635.1922607421875,691.8113403320312,49.55926513671875,99.02886962890625,-1,-1,-1,-1
504,16,661.0504150390625,707.5382690429688,49.115478515625,100.942626953125,-1,-1,-1,-1
505,16,676.373046875,665.0719604492188,87.6876220703125,166.4100341796875,-1,-1,-1,-1
467,17,881.2152709960938,552.83251953125,46.5294189453125,127.65899658203125,-1,-1,-1,-1
468,17,868.4776611328125,552.9598999023438,45.10302734375,132.863037109375,-1,-1,-1,-1
469,17,853.5177001953125,551.0289306640625,42.24481201171875,124.2462158203125,-1,-1,-1,-1
470,17,834.4424438476562,560.0592041015625,46.700439453125,117.35107421875,-1,-1,-1,-1
471,17,814.348388671875,566.07666015625,41.9210205078125,105.28289794921875,-1,-1,-1,-1
472,17,800.6263427734375,562.4379272460938,49.61981201171875,135.8028564453125,-1,-1,-1,-1
473,17,787.0392456054688,552.7620849609375,68.48895263671875,174.08807373046875,-1,-1,-1,-1
479,17,809.2182006835938,622.6689453125,55.45025634765625,141.56597900390625,-1,-1,-1,-1
495,18,839.2234497070312,700.1567993164062,46.65631103515625,147.419189453125,-1,-1,-1,-1
496,18,842.78564453125,672.6726684570312,44.67156982421875,152.89654541015625,-1,-1,-1,-1
497,18,846.8214721679688,646.0848388671875,44.1173095703125,133.9093017578125,-1,-1,-1,-1
498,18,856.4678955078125,639.6664428710938,43.48785400390625,124.52374267578125,-1,-1,-1,-1
499,18,859.024169921875,630.5054931640625,45.5750732421875,133.20782470703125,-1,-1,-1,-1
500,18,870.2029418945312,632.783203125,43.6004638671875,128.4990234375,-1,-1,-1,-1
501,18,884.067626953125,656.1749267578125,43.34674072265625,121.901611328125,-1,-1,-1,-1
502,18,904.7024536132812,665.6549682617188,41.19561767578125,121.27069091796875,-1,-1,-1,-1
503,18,931.5921020507812,676.4580688476562,46.4501953125,128.27545166015625,-1,-1,-1,-1
504,18,963.0657958984375,692.4156494140625,43.65673828125,122.1986083984375,-1,-1,-1,-1
505,18,986.025390625,676.544921875,51.6019287109375,139.76910400390625,-1,-1,-1,-1
506,18,1008.4146118164062,660.0689086914062,53.32513427734375,147.78314208984375,-1,-1,-1,-1
507,18,1025.65576171875,663.7789306640625,61.715576171875,152.4267578125,-1,-1,-1,-1
508,18,1046.7138671875,657.7612915039062,53.0283203125,142.90802001953125,-1,-1,-1,-1
509,18,1050.41162109375,641.2669677734375,51.6590576171875,147.3238525390625,-1,-1,-1,-1
510,18,1044.625732421875,623.9341430664062,55.4835205078125,150.0960693359375,-1,-1,-1,-1
511,18,1036.176025390625,613.0325927734375,55.9083251953125,162.1728515625,-1,-1,-1,-1
512,18,1027.674560546875,596.1666870117188,54.504150390625,157.7266845703125,-1,-1,-1,-1
513,18,1018.0180053710938,587.837890625,53.16473388671875,145.1859130859375,-1,-1,-1,-1
514,18,1008.6192016601562,595.3021240234375,53.62493896484375,148.80218505859375,-1,-1,-1,-1
515,18,1005.433837890625,587.9478149414062,53.384765625,142.13433837890625,-1,-1,-1,-1
516,18,994.5775756835938,578.2124633789062,52.46026611328125,147.489990234375,-1,-1,-1,-1
517,18,983.2210693359375,582.9313354492188,53.3760986328125,148.81573486328125,-1,-1,-1,-1
518,18,972.1411743164062,587.5186157226562,55.17340087890625,150.83544921875,-1,-1,-1,-1
519,18,963.2399291992188,585.9225463867188,55.21697998046875,144.35369873046875,-1,-1,-1,-1
520,18,961.799560546875,582.9078369140625,49.80242919921875,137.6434326171875,-1,-1,-1,-1
521,18,958.6060180664062,581.41845703125,50.79388427734375,141.95166015625,-1,-1,-1,-1
522,18,950.7948608398438,586.9608764648438,52.012451171875,142.3919677734375,-1,-1,-1,-1
523,18,940.2485961914062,588.1901245117188,52.752685546875,142.65753173828125,-1,-1,-1,-1
524,18,926.2711181640625,571.03466796875,54.74029541015625,148.2236328125,-1,-1,-1,-1
525,18,923.6646728515625,553.3890380859375,52.10430908203125,139.32464599609375,-1,-1,-1,-1
526,18,923.7763061523438,534.1992797851562,49.33282470703125,138.08294677734375,-1,-1,-1,-1
527,18,911.1824340820312,522.2011108398438,50.0157470703125,139.37957763671875,-1,-1,-1,-1
528,18,895.695556640625,515.760498046875,52.5615234375,133.6920166015625,-1,-1,-1,-1
529,18,887.4730834960938,509.3045654296875,55.2337646484375,139.455078125,-1,-1,-1,-1
530,18,880.6121215820312,505.4415283203125,51.51092529296875,149.74652099609375,-1,-1,-1,-1
531,18,869.34423828125,507.29248046875,53.90863037109375,158.48516845703125,-1,-1,-1,-1
532,18,853.400146484375,511.96337890625,56.1370849609375,152.61669921875,-1,-1,-1,-1
533,18,843.9116821289062,513.1118774414062,55.40264892578125,154.08685302734375,-1,-1,-1,-1
534,18,832.0471801757812,511.47125244140625,49.453125,134.412841796875,-1,-1,-1,-1
535,18,808.1751098632812,514.533935546875,56.555908203125,147.96075439453125,-1,-1,-1,-1
536,18,793.7937622070312,512.4512939453125,57.19183349609375,149.8848876953125,-1,-1,-1,-1
537,18,781.634033203125,508.04974365234375,60.35137939453125,152.74676513671875,-1,-1,-1,-1
538,18,781.3274536132812,506.60626220703125,63.786376953125,158.684326171875,-1,-1,-1,-1
539,18,778.8644409179688,509.8709411621094,63.4344482421875,150.48910522460938,-1,-1,-1,-1
540,18,763.862548828125,510.57879638671875,68.435791015625,158.51055908203125,-1,-1,-1,-1
541,18,749.4590454101562,511.0028076171875,77.43975830078125,170.16064453125,-1,-1,-1,-1
542,18,746.9950561523438,517.7929077148438,84.56280517578125,187.68487548828125,-1,-1,-1,-1
543,18,735.9580688476562,508.07073974609375,139.45318603515625,246.21221923828125,-1,-1,-1,-1
544,18,724.7965087890625,502.927490234375,204.718505859375,331.0804443359375,-1,-1,-1,-1
545,18,722.0798950195312,510.5765686035156,230.73883056640625,438.1887512207031,-1,-1,-1,-1
546,18,669.4572143554688,483.5802001953125,310.58428955078125,498.66357421875,-1,-1,-1,-1
547,18,660.9593505859375,488.27655029296875,377.421875,466.1044921875,-1,-1,-1,-1
597,19,571.5089111328125,578.1599731445312,38.42242431640625,93.31280517578125,-1,-1,-1,-1
598,19,570.3515625,583.8377685546875,37.0867919921875,92.22503662109375,-1,-1,-1,-1
599,19,562.8428955078125,615.7808227539062,39.8809814453125,89.58050537109375,-1,-1,-1,-1
600,19,564.9552612304688,625.5641479492188,38.26959228515625,93.59375,-1,-1,-1,-1
601,19,558.9175415039062,635.8695068359375,38.3109130859375,87.74273681640625,-1,-1,-1,-1
