1,1,725.4686279296875,622.0166625976562,155.76373291015625,505.88555908203125,-1,-1,-1,-1
2,1,716.6488037109375,608.8866577148438,152.68475341796875,510.14324951171875,-1,-1,-1,-1
3,1,708.9712524414062,593.0831909179688,152.655517578125,513.5006713867188,-1,-1,-1,-1
4,1,703.7408447265625,584.1953735351562,159.5592041015625,520.3589477539062,-1,-1,-1,-1
5,1,696.5193481445312,577.639892578125,169.0283203125,529.65478515625,-1,-1,-1,-1
6,1,688.9478149414062,576.6857299804688,172.10943603515625,538.9116821289062,-1,-1,-1,-1
7,1,690.7369995117188,571.5097045898438,171.57501220703125,543.3203735351562,-1,-1,-1,-1
8,1,692.423095703125,557.6393432617188,174.57965087890625,556.3159790039062,-1,-1,-1,-1
9,1,694.5252685546875,563.87939453125,174.7799072265625,579.7451171875,-1,-1,-1,-1
10,1,700.4581298828125,574.7943115234375,172.276123046875,604.54931640625,-1,-1,-1,-1
11,1,704.7535400390625,562.314697265625,176.7720947265625,625.170166015625,-1,-1,-1,-1
12,1,710.3306274414062,550.0921630859375,178.6636962890625,646.276123046875,-1,-1,-1,-1
13,1,719.4171752929688,552.5755004882812,174.82318115234375,671.6878051757812,-1,-1,-1,-1
14,1,734.7786865234375,549.1915893554688,171.2479248046875,691.8363647460938,-1,-1,-1,-1
15,1,749.1852416992188,563.580078125,175.1090087890625,671.1168212890625,-1,-1,-1,-1
16,1,776.4805297851562,565.795654296875,183.0863037109375,645.8763427734375,-1,-1,-1,-1
17,1,785.4630126953125,541.101806640625,169.98046875,619.298583984375,-1,-1,-1,-1
18,1,769.5891723632812,483.4826354980469,164.82806396484375,591.543701171875,-1,-1,-1,-1
19,1,751.31396484375,458.7433166503906,171.7470703125,584.8587646484375,-1,-1,-1,-1
20,1,746.019287109375,439.17608642578125,169.8873291015625,574.9326171875,-1,-1,-1,-1
21,1,745.171142578125,429.7921142578125,167.958984375,541.9597778320312,-1,-1,-1,-1
22,1,746.4950561523438,439.4378967285156,173.11016845703125,513.87548828125,-1,-1,-1,-1
23,1,746.9334106445312,445.6530456542969,178.09197998046875,492.8287658691406,-1,-1,-1,-1
24,1,748.5826416015625,448.330078125,171.67291259765625,470.98876953125,-1,-1,-1,-1
25,1,753.2159423828125,475.1610412597656,169.96942138671875,449.9638366699219,-1,-1,-1,-1
26,1,749.4810791015625,503.37249755859375,176.360107421875,437.23736572265625,-1,-1,-1,-1
27,1,745.7091064453125,513.614013671875,174.96270751953125,432.3614501953125,-1,-1,-1,-1
28,1,744.6682739257812,535.2866821289062,159.11962890625,440.79559326171875,-1,-1,-1,-1
29,1,737.7677001953125,546.7396850585938,155.623046875,452.69305419921875,-1,-1,-1,-1
30,1,731.119140625,543.6795654296875,150.3956298828125,351.4134521484375,-1,-1,-1,-1
31,1,729.981201171875,556.5700073242188,133.260498046875,461.20086669921875,-1,-1,-1,-1
32,1,732.6195678710938,584.089111328125,130.49774169921875,458.755859375,-1,-1,-1,-1
33,1,731.0206909179688,611.9122314453125,129.15728759765625,462.1507568359375,-1,-1,-1,-1
34,1,728.2764892578125,627.417724609375,128.4354248046875,468.8780517578125,-1,-1,-1,-1
35,1,725.7056274414062,621.965576171875,130.85711669921875,477.9769287109375,-1,-1,-1,-1
36,1,720.6844482421875,606.6326293945312,134.71337890625,484.28045654296875,-1,-1,-1,-1
37,1,719.5509643554688,594.2568359375,135.58782958984375,481.1376953125,-1,-1,-1,-1
38,1,717.9898071289062,573.9564819335938,133.30767822265625,468.89056396484375,-1,-1,-1,-1
39,1,715.8881225585938,587.5640869140625,132.6307373046875,458.13623046875,-1,-1,-1,-1
40,1,723.578857421875,627.7386474609375,137.98773193359375,450.40478515625,-1,-1,-1,-1
41,1,734.6134643554688,659.6799926757812,149.31011962890625,461.09832763671875,-1,-1,-1,-1
42,1,738.8240356445312,667.5853271484375,154.6629638671875,490.5015869140625,-1,-1,-1,-1
43,1,733.065673828125,652.2557373046875,173.21234130859375,520.3330078125,-1,-1,-1,-1
44,1,726.069091796875,636.5072631835938,206.5126953125,539.2271118164062,-1,-1,-1,-1
45,1,717.5642700195312,609.41796875,196.32855224609375,538.018798828125,-1,-1,-1,-1
46,1,708.7620239257812,569.0525512695312,173.01617431640625,529.9476928710938,-1,-1,-1,-1
47,1,701.80859375,528.6668701171875,169.29931640625,522.568359375,-1,-1,-1,-1
48,1,695.5709838867188,492.9873046875,171.525634765625,523.328125,-1,-1,-1,-1
49,1,689.467041015625,475.492919921875,180.00494384765625,533.75830078125,-1,-1,-1,-1
50,1,679.9519653320312,466.90631103515625,189.85882568359375,544.6825561523438,-1,-1,-1,-1
51,1,665.2034912109375,461.70166015625,199.68145751953125,552.2518310546875,-1,-1,-1,-1
52,1,658.1712646484375,440.1459045410156,209.26885986328125,550.8778076171875,-1,-1,-1,-1
53,1,644.324462890625,427.8912658691406,229.78271484375,544.3857421875,-1,-1,-1,-1
54,1,642.5515747070312,451.1956787109375,241.02545166015625,530.0111083984375,-1,-1,-1,-1
55,1,640.0909423828125,491.5377197265625,256.15142822265625,519.8407592773438,-1,-1,-1,-1
56,1,646.0964965820312,539.50830078125,268.81732177734375,517.6893310546875,-1,-1,-1,-1
57,1,648.6235961914062,580.7794189453125,276.75244140625,514.8421630859375,-1,-1,-1,-1
58,1,650.5011596679688,601.9861450195312,260.62945556640625,516.9776000976562,-1,-1,-1,-1
59,1,656.5877075195312,602.0722045898438,221.39373779296875,516.9636840820312,-1,-1,-1,-1
60,1,659.5142211914062,589.4340209960938,186.61944580078125,500.29840087890625,-1,-1,-1,-1
61,1,659.81787109375,569.0404052734375,158.250732421875,482.9794921875,-1,-1,-1,-1
62,1,668.3545532226562,526.40234375,140.4273681640625,474.75799560546875,-1,-1,-1,-1
63,1,677.1531982421875,496.2591552734375,138.78839111328125,472.64581298828125,-1,-1,-1,-1
64,1,680.47998046875,502.8055114746094,136.7113037109375,474.4981994628906,-1,-1,-1,-1
65,1,678.3759155273438,517.2669067382812,146.53045654296875,476.74615478515625,-1,-1,-1,-1
66,1,666.8856811523438,514.3634033203125,168.3040771484375,481.628662109375,-1,-1,-1,-1
67,1,665.443359375,511.63275146484375,177.517333984375,488.634521484375,-1,-1,-1,-1
68,1,667.7018432617188,525.2113647460938,182.716064453125,486.46881103515625,-1,-1,-1,-1
69,1,676.7750854492188,537.1646728515625,182.186767578125,482.3753662109375,-1,-1,-1,-1
70,1,683.319091796875,548.86181640625,187.70257568359375,478.7054443359375,-1,-1,-1,-1
71,1,683.6203002929688,553.9134521484375,193.9669189453125,476.2572021484375,-1,-1,-1,-1
72,1,666.225341796875,543.7669677734375,221.53759765625,467.5635986328125,-1,-1,-1,-1
73,1,674.941162109375,530.2625122070312,238.96807861328125,472.99578857421875,-1,-1,-1,-1
74,1,669.720703125,521.7859497070312,261.7047119140625,480.8526611328125,-1,-1,-1,-1
75,1,627.7144775390625,513.5056762695312,268.229736328125,488.74163818359375,-1,-1,-1,-1
76,1,591.0196533203125,486.60479736328125,268.17669677734375,493.65802001953125,-1,-1,-1,-1
77,1,583.8353881835938,485.3406982421875,267.977783203125,501.1180419921875,-1,-1,-1,-1
78,1,592.4452514648438,487.60040283203125,268.28656005859375,502.39129638671875,-1,-1,-1,-1
79,1,606.1689453125,481.89349365234375,262.21441650390625,500.94793701171875,-1,-1,-1,-1
80,1,648.6768798828125,481.6728515625,225.79266357421875,498.6954345703125,-1,-1,-1,-1
81,1,681.2354125976562,481.2034912109375,196.97528076171875,498.614501953125,-1,-1,-1,-1
82,1,677.8829345703125,475.4591064453125,190.0740966796875,508.89630126953125,-1,-1,-1,-1
83,1,674.7117309570312,474.0448913574219,188.802978515625,520.9052734375,-1,-1,-1,-1
84,1,675.4304809570312,466.4427795410156,183.51507568359375,535.3590087890625,-1,-1,-1,-1
85,1,681.66455078125,473.55938720703125,179.9617919921875,535.1370239257812,-1,-1,-1,-1
86,1,681.9736938476562,474.249755859375,175.34521484375,529.7096557617188,-1,-1,-1,-1
87,1,677.7686157226562,487.9415588378906,175.11773681640625,525.9742431640625,-1,-1,-1,-1
88,1,675.07421875,496.3928527832031,178.85955810546875,522.427490234375,-1,-1,-1,-1
89,1,679.99853515625,504.166259765625,178.8485107421875,527.16943359375,-1,-1,-1,-1
90,1,681.97314453125,517.4410400390625,177.68597412109375,540.2957763671875,-1,-1,-1,-1
91,1,684.4859619140625,515.9343872070312,176.450927734375,572.7213745117188,-1,-1,-1,-1
92,1,689.2011108398438,489.5804443359375,184.88360595703125,609.328857421875,-1,-1,-1,-1
93,1,708.9060668945312,480.087158203125,195.8929443359375,655.4259033203125,-1,-1,-1,-1
94,1,724.9147338867188,493.59735107421875,224.34417724609375,682.5641479492188,-1,-1,-1,-1
95,1,728.6316528320312,498.7606506347656,270.38079833984375,708.6549072265625,-1,-1,-1,-1
96,1,705.4738159179688,507.77362060546875,344.12762451171875,678.8362426757812,-1,-1,-1,-1
97,1,677.2300415039062,489.93450927734375,449.98333740234375,757.2019653320312,-1,-1,-1,-1
98,1,630.7417602539062,483.0062255859375,516.7875366210938,636.0552978515625,-1,-1,-1,-1
99,1,622.1705932617188,440.5859375,492.80389404296875,786.0955810546875,-1,-1,-1,-1
100,1,616.6201782226562,445.270263671875,477.21771240234375,818.97021484375,-1,-1,-1,-1
101,1,718.052490234375,474.6549072265625,392.6697998046875,809.8038330078125,-1,-1,-1,-1
102,1,820.720458984375,468.7362060546875,335.249267578125,765.540283203125,-1,-1,-1,-1
103,1,804.1168212890625,477.7645568847656,291.5198974609375,659.7152099609375,-1,-1,-1,-1
104,1,816.521728515625,448.6476745605469,243.587890625,628.7703857421875,-1,-1,-1,-1
105,1,795.2374877929688,445.520751953125,234.51116943359375,612.3609619140625,-1,-1,-1,-1
106,1,773.1273803710938,409.142578125,208.9061279296875,606.3193359375,-1,-1,-1,-1
107,1,771.1660766601562,371.7789306640625,189.89581298828125,623.734130859375,-1,-1,-1,-1
108,1,761.4107666015625,351.802001953125,185.5015869140625,597.9952392578125,-1,-1,-1,-1
109,1,760.9224243164062,329.4819030761719,180.64361572265625,566.040771484375,-1,-1,-1,-1
110,1,762.2941284179688,314.69635009765625,178.6829833984375,548.7622680664062,-1,-1,-1,-1
111,1,771.3509521484375,309.3046569824219,172.52471923828125,515.83642578125,-1,-1,-1,-1
112,1,777.7315673828125,293.0859680175781,171.45989990234375,485.6701354980469,-1,-1,-1,-1
113,1,778.6173706054688,297.6085510253906,167.40673828125,465.4119567871094,-1,-1,-1,-1
114,1,776.8612670898438,335.7679443359375,164.944091796875,453.99969482421875,-1,-1,-1,-1
115,1,768.7389526367188,375.95086669921875,164.6666259765625,447.50091552734375,-1,-1,-1,-1
116,1,762.6593627929688,415.2083435058594,171.9283447265625,442.7408752441406,-1,-1,-1,-1
117,1,753.7413330078125,467.38800048828125,180.0450439453125,438.95721435546875,-1,-1,-1,-1
118,1,746.5296630859375,518.63671875,183.5814208984375,436.8538818359375,-1,-1,-1,-1
119,1,744.136962890625,568.7688598632812,182.31488037109375,436.69183349609375,-1,-1,-1,-1
120,1,744.9075927734375,621.7054443359375,180.890625,438.02099609375,-1,-1,-1,-1
121,1,774.9119262695312,655.845458984375,154.48687744140625,449.2796630859375,-1,-1,-1,-1
122,1,780.8203735351562,669.6002197265625,156.14202880859375,456.064453125,-1,-1,-1,-1
123,1,785.71923828125,654.6021728515625,146.09100341796875,452.1854248046875,-1,-1,-1,-1
124,1,780.0729370117188,610.2421875,139.0804443359375,441.14697265625,-1,-1,-1,-1
125,1,774.8280029296875,551.8023681640625,135.011962890625,430.2886962890625,-1,-1,-1,-1
126,1,772.3922119140625,479.5375061035156,132.40277099609375,422.1452331542969,-1,-1,-1,-1
127,1,769.5421142578125,408.1117858886719,129.31890869140625,417.1827087402344,-1,-1,-1,-1
128,1,759.185546875,352.8580322265625,131.488037109375,421.203125,-1,-1,-1,-1
129,1,746.599853515625,314.5245056152344,134.5928955078125,430.4586486816406,-1,-1,-1,-1
130,1,730.5811157226562,290.774169921875,138.3089599609375,439.53021240234375,-1,-1,-1,-1
131,1,717.365966796875,283.6303405761719,139.93389892578125,454.2762145996094,-1,-1,-1,-1
132,1,710.922119140625,294.62908935546875,139.39666748046875,473.96295166015625,-1,-1,-1,-1
133,1,701.8567504882812,309.92071533203125,140.97454833984375,495.84375,-1,-1,-1,-1
134,1,697.0457153320312,329.224609375,145.53265380859375,512.569580078125,-1,-1,-1,-1
135,1,691.0304565429688,354.6361389160156,146.962646484375,526.6563720703125,-1,-1,-1,-1
136,1,688.6228637695312,380.1100158691406,150.813720703125,541.4449462890625,-1,-1,-1,-1
137,1,688.2442016601562,407.2322692871094,157.24749755859375,554.03662109375,-1,-1,-1,-1
138,1,687.9035034179688,426.2601318359375,162.61041259765625,565.9039306640625,-1,-1,-1,-1
139,1,686.2417602539062,432.4336853027344,166.3687744140625,581.66796875,-1,-1,-1,-1
140,1,683.909912109375,420.47528076171875,169.789794921875,593.7156372070312,-1,-1,-1,-1
141,1,678.3489990234375,419.518310546875,169.1219482421875,596.9228515625,-1,-1,-1,-1
142,1,674.6295776367188,434.4382019042969,169.2454833984375,588.73046875,-1,-1,-1,-1
143,1,679.8170776367188,441.6291809082031,168.3143310546875,577.9915771484375,-1,-1,-1,-1
144,1,689.142333984375,456.72833251953125,167.4193115234375,562.0700073242188,-1,-1,-1,-1
145,1,694.1588134765625,485.0094909667969,164.72015380859375,545.658935546875,-1,-1,-1,-1
146,1,690.9585571289062,517.9931030273438,164.66156005859375,529.5490112304688,-1,-1,-1,-1
147,1,697.442626953125,533.5855712890625,162.7379150390625,519.7576904296875,-1,-1,-1,-1
148,1,705.0457153320312,550.8223876953125,164.05084228515625,514.896240234375,-1,-1,-1,-1
149,1,707.7005615234375,577.6050415039062,169.3546142578125,511.86053466796875,-1,-1,-1,-1
150,1,711.2203369140625,589.9368896484375,170.988037109375,510.31884765625,-1,-1,-1,-1
151,1,717.396484375,604.8255615234375,160.513427734375,499.745849609375,-1,-1,-1,-1
152,1,721.437255859375,609.7421875,151.29541015625,486.135498046875,-1,-1,-1,-1
153,1,724.3740234375,613.2925415039062,151.58837890625,470.51605224609375,-1,-1,-1,-1
154,1,729.3496704101562,621.5181884765625,146.074951171875,465.281005859375,-1,-1,-1,-1
155,1,732.6268310546875,605.3843994140625,143.04608154296875,462.0902099609375,-1,-1,-1,-1
156,1,735.8907470703125,597.9784545898438,139.9349365234375,470.85809326171875,-1,-1,-1,-1
157,1,737.8751831054688,606.9603271484375,135.74835205078125,485.4619140625,-1,-1,-1,-1
158,1,730.0807495117188,608.02001953125,138.51239013671875,499.8939208984375,-1,-1,-1,-1
159,1,725.0944213867188,609.4661865234375,141.44775390625,516.014404296875,-1,-1,-1,-1
160,1,693.2498168945312,605.8671875,173.6005859375,535.52392578125,-1,-1,-1,-1
161,1,669.0106811523438,598.3062744140625,190.1214599609375,552.293212890625,-1,-1,-1,-1
162,1,712.7665405273438,600.8726806640625,148.1890869140625,566.129150390625,-1,-1,-1,-1
163,1,710.7544555664062,587.494140625,150.65545654296875,591.1793212890625,-1,-1,-1,-1
164,1,701.9566650390625,533.8524780273438,158.38726806640625,624.7951049804688,-1,-1,-1,-1
165,1,704.314453125,546.8209228515625,159.35302734375,583.8822021484375,-1,-1,-1,-1
166,1,702.8631591796875,518.4344482421875,168.18048095703125,605.5672607421875,-1,-1,-1,-1
167,1,705.2152099609375,573.5418090820312,170.6070556640625,562.7356567382812,-1,-1,-1,-1
168,1,702.048095703125,591.2264404296875,171.7962646484375,556.4293212890625,-1,-1,-1,-1
169,1,702.9739379882812,608.0001220703125,166.90313720703125,541.3575439453125,-1,-1,-1,-1
170,1,702.8563842773438,624.6376953125,163.30657958984375,533.7188720703125,-1,-1,-1,-1
171,1,703.2523193359375,639.3855590820312,155.2158203125,532.3703002929688,-1,-1,-1,-1
172,1,707.0880126953125,649.4739379882812,150.8924560546875,527.1430053710938,-1,-1,-1,-1
173,1,713.0426025390625,647.4806518554688,147.2552490234375,518.7767944335938,-1,-1,-1,-1
174,1,718.21533203125,644.1177978515625,139.9525146484375,506.931884765625,-1,-1,-1,-1
175,1,723.4049682617188,640.15185546875,132.263671875,491.997314453125,-1,-1,-1,-1
176,1,725.1925659179688,624.6148681640625,128.40380859375,465.3525390625,-1,-1,-1,-1
177,1,723.292236328125,634.6324462890625,127.2603759765625,456.3604736328125,-1,-1,-1,-1
178,1,723.7802124023438,660.3011474609375,131.176513671875,452.159423828125,-1,-1,-1,-1
179,1,727.1517944335938,680.188720703125,137.3974609375,459.4195556640625,-1,-1,-1,-1
180,1,730.2864379882812,687.804931640625,141.42156982421875,473.08056640625,-1,-1,-1,-1
181,1,729.0010986328125,681.346923828125,142.8223876953125,487.4224853515625,-1,-1,-1,-1
182,1,725.8432006835938,671.84228515625,160.07598876953125,493.8780517578125,-1,-1,-1,-1
183,1,725.7288818359375,652.0831298828125,155.06060791015625,500.42578125,-1,-1,-1,-1
184,1,726.819091796875,650.4569091796875,153.7666015625,510.3477783203125,-1,-1,-1,-1
185,1,727.922119140625,653.4065551757812,154.878173828125,516.2030639648438,-1,-1,-1,-1
186,1,725.2969360351562,651.083251953125,157.76544189453125,520.640869140625,-1,-1,-1,-1
187,1,723.9558715820312,650.5888671875,158.376708984375,529.8970947265625,-1,-1,-1,-1
188,1,721.2813720703125,649.61083984375,163.48382568359375,540.8482666015625,-1,-1,-1,-1
189,1,723.8325805664062,638.419677734375,166.9095458984375,556.57177734375,-1,-1,-1,-1
190,1,730.4618530273438,637.1442260742188,168.9326171875,570.6088256835938,-1,-1,-1,-1
191,1,732.0753173828125,628.3786010742188,178.369140625,585.9971313476562,-1,-1,-1,-1
192,1,740.4904174804688,619.2178344726562,178.2984619140625,488.38970947265625,-1,-1,-1,-1
193,1,756.2780151367188,566.4352416992188,195.70111083984375,625.1693725585938,-1,-1,-1,-1
194,1,754.9173583984375,524.8356323242188,232.6171875,640.4666137695312,-1,-1,-1,-1
195,1,740.0087280273438,478.7736511230469,285.73760986328125,655.6864013671875,-1,-1,-1,-1
196,1,717.197021484375,439.9795837402344,329.9271240234375,668.872802734375,-1,-1,-1,-1
197,1,695.4884643554688,419.378662109375,350.96539306640625,685.4993896484375,-1,-1,-1,-1
198,1,703.4417114257812,398.7330322265625,342.71234130859375,720.4261474609375,-1,-1,-1,-1
199,1,710.1871337890625,415.63873291015625,333.027099609375,694.6925659179688,-1,-1,-1,-1
200,1,733.6324462890625,446.4346923828125,283.18585205078125,633.7540283203125,-1,-1,-1,-1
201,1,733.863525390625,491.4107666015625,249.25543212890625,591.65966796875,-1,-1,-1,-1
202,1,749.9411010742188,505.94134521484375,200.31439208984375,596.3737182617188,-1,-1,-1,-1
203,1,752.8788452148438,579.49072265625,197.13525390625,531.257568359375,-1,-1,-1,-1
204,1,747.0719604492188,610.9638671875,201.046875,514.157470703125,-1,-1,-1,-1
205,1,746.3765869140625,633.5087890625,201.72747802734375,502.216796875,-1,-1,-1,-1
206,1,747.00732421875,647.9334106445312,203.010498046875,493.43609619140625,-1,-1,-1,-1
207,1,745.7572021484375,650.69287109375,209.5523681640625,477.008544921875,-1,-1,-1,-1
208,1,744.9768676757812,669.3798217773438,212.5032958984375,440.37591552734375,-1,-1,-1,-1
209,1,748.7034912109375,662.2939453125,201.27130126953125,427.877197265625,-1,-1,-1,-1
210,1,752.7680053710938,666.675048828125,185.30169677734375,428.594970703125,-1,-1,-1,-1
211,1,752.4652099609375,668.2171630859375,176.5184326171875,428.4674072265625,-1,-1,-1,-1
212,1,753.6956787109375,664.8023681640625,167.068359375,418.7652587890625,-1,-1,-1,-1
213,1,753.1727294921875,658.1967163085938,161.16015625,408.49273681640625,-1,-1,-1,-1
214,1,752.9464111328125,643.5646362304688,160.388916015625,400.99163818359375,-1,-1,-1,-1
215,1,753.1715698242188,634.02978515625,159.3331298828125,405.7763671875,-1,-1,-1,-1
216,1,749.161376953125,617.4596557617188,158.54693603515625,425.99285888671875,-1,-1,-1,-1
217,1,743.67822265625,598.856689453125,156.34381103515625,447.384765625,-1,-1,-1,-1
218,1,737.1079711914062,618.3795166015625,158.56689453125,464.1041259765625,-1,-1,-1,-1
219,1,731.9168701171875,621.488037109375,163.92242431640625,476.83544921875,-1,-1,-1,-1
220,1,726.726318359375,620.1876831054688,176.739013671875,490.20452880859375,-1,-1,-1,-1
221,1,715.40625,616.9212646484375,190.64056396484375,509.790771484375,-1,-1,-1,-1
222,1,705.62841796875,620.2327880859375,209.2265625,509.4061279296875,-1,-1,-1,-1
223,1,703.0000610351562,629.637451171875,220.01702880859375,510.349365234375,-1,-1,-1,-1
224,1,701.7802124023438,644.3760375976562,230.60504150390625,520.9669799804688,-1,-1,-1,-1
225,1,705.5889892578125,633.6737060546875,218.5311279296875,528.26318359375,-1,-1,-1,-1
226,1,705.6940307617188,598.7463989257812,199.68231201171875,533.7240600585938,-1,-1,-1,-1
227,1,711.9956665039062,593.176025390625,186.80828857421875,538.7235107421875,-1,-1,-1,-1
228,1,720.494873046875,595.3831787109375,179.5299072265625,539.190185546875,-1,-1,-1,-1
229,1,723.9251098632812,599.9957275390625,174.38092041015625,511.6357421875,-1,-1,-1,-1
230,1,719.4244995117188,593.4907836914062,166.0823974609375,501.17083740234375,-1,-1,-1,-1
231,1,718.6524658203125,583.1769409179688,137.49932861328125,495.23602294921875,-1,-1,-1,-1
232,1,718.9840698242188,580.2986450195312,140.04840087890625,488.55950927734375,-1,-1,-1,-1
233,1,718.9472045898438,586.4219360351562,147.1451416015625,487.81256103515625,-1,-1,-1,-1
234,1,717.9512329101562,569.3512573242188,145.78839111328125,485.47467041015625,-1,-1,-1,-1
235,1,725.3258056640625,554.9322509765625,144.84259033203125,484.661865234375,-1,-1,-1,-1
236,1,732.6851196289062,556.97705078125,142.79132080078125,470.997314453125,-1,-1,-1,-1
237,1,734.3040161132812,567.0679321289062,146.6259765625,451.0228271484375,-1,-1,-1,-1
238,1,728.7916259765625,587.30517578125,154.573486328125,436.6373291015625,-1,-1,-1,-1
239,1,721.3026123046875,607.5421142578125,150.96630859375,425.2403564453125,-1,-1,-1,-1
240,1,716.210205078125,624.81005859375,156.72784423828125,418.9814453125,-1,-1,-1,-1
241,1,709.5263061523438,637.8792724609375,161.6507568359375,408.9439697265625,-1,-1,-1,-1
242,1,707.65966796875,630.3632202148438,164.4512939453125,402.16375732421875,-1,-1,-1,-1
243,1,711.6724853515625,610.205078125,175.665771484375,407.7685546875,-1,-1,-1,-1
244,1,715.3247680664062,593.2158203125,163.25872802734375,429.8828125,-1,-1,-1,-1
245,1,716.9977416992188,569.532958984375,167.3726806640625,462.16552734375,-1,-1,-1,-1
246,1,715.9290771484375,559.122802734375,168.5762939453125,487.443359375,-1,-1,-1,-1
247,1,715.4176635742188,562.9658813476562,171.3370361328125,501.54217529296875,-1,-1,-1,-1
248,1,716.2398681640625,568.2103271484375,173.45843505859375,517.127197265625,-1,-1,-1,-1
249,1,713.5501098632812,576.3594360351562,181.66497802734375,543.1870727539062,-1,-1,-1,-1
250,1,708.053466796875,582.60546875,197.972412109375,563.389892578125,-1,-1,-1,-1
251,1,708.98974609375,578.4037475585938,213.96868896484375,579.6681518554688,-1,-1,-1,-1
252,1,713.4563598632812,556.1544189453125,221.70867919921875,587.58935546875,-1,-1,-1,-1
253,1,713.5096435546875,561.8032836914062,238.49432373046875,587.8193969726562,-1,-1,-1,-1
254,1,717.8201293945312,580.3321533203125,262.71307373046875,585.9237060546875,-1,-1,-1,-1
255,1,728.6668701171875,595.7886962890625,265.15814208984375,605.6563720703125,-1,-1,-1,-1
256,1,717.8271484375,577.6417846679688,265.91796875,669.7810668945312,-1,-1,-1,-1
257,1,718.705322265625,566.6591796875,286.46478271484375,738.8857421875,-1,-1,-1,-1
258,1,699.7066040039062,546.7020263671875,338.94927978515625,812.2205810546875,-1,-1,-1,-1
259,1,674.12353515625,525.6350708007812,373.60986328125,820.9292602539062,-1,-1,-1,-1
260,1,632.5811767578125,598.5545654296875,364.291748046875,760.5748291015625,-1,-1,-1,-1
261,1,654.1207275390625,603.7361450195312,342.92547607421875,623.5460815429688,-1,-1,-1,-1
262,1,712.0966186523438,605.0894165039062,307.15069580078125,742.7859497070312,-1,-1,-1,-1
263,1,761.1654663085938,594.2108154296875,265.35577392578125,687.327880859375,-1,-1,-1,-1
264,1,762.4239501953125,575.8518676757812,377.8218994140625,663.3764038085938,-1,-1,-1,-1
265,1,756.5933837890625,568.5243530273438,310.6593017578125,655.4035034179688,-1,-1,-1,-1
266,1,762.8938598632812,540.3941650390625,246.86029052734375,660.0882568359375,-1,-1,-1,-1
267,1,784.27099609375,520.9324340820312,220.6380615234375,659.3472290039062,-1,-1,-1,-1
268,1,754.8551635742188,449.9526062011719,252.30157470703125,683.361572265625,-1,-1,-1,-1
269,1,746.134033203125,422.52294921875,275.3380126953125,683.62890625,-1,-1,-1,-1
270,1,773.3408203125,406.1765441894531,283.1083984375,674.156982421875,-1,-1,-1,-1
271,1,786.10302734375,378.9024353027344,270.014892578125,638.5146484375,-1,-1,-1,-1
272,1,785.90380859375,351.3282165527344,243.97509765625,622.3892822265625,-1,-1,-1,-1
273,1,780.8056640625,334.5268859863281,223.45928955078125,605.8685302734375,-1,-1,-1,-1
274,1,770.7659912109375,324.7451171875,203.3160400390625,584.291015625,-1,-1,-1,-1
275,1,758.9224243164062,310.9463806152344,192.9781494140625,559.28125,-1,-1,-1,-1
276,1,747.4484252929688,309.40802001953125,183.23785400390625,532.14208984375,-1,-1,-1,-1
277,1,732.0488891601562,330.13665771484375,177.67340087890625,508.432861328125,-1,-1,-1,-1
278,1,722.4585571289062,360.10931396484375,171.59619140625,495.53961181640625,-1,-1,-1,-1
279,1,715.7174072265625,397.7667236328125,173.46282958984375,493.0201416015625,-1,-1,-1,-1
280,1,712.6529541015625,448.16748046875,175.346923828125,499.24420166015625,-1,-1,-1,-1
281,1,715.1764526367188,493.7041931152344,171.5389404296875,511.3747863769531,-1,-1,-1,-1
282,1,722.6127319335938,522.6591186523438,161.74859619140625,528.4686889648438,-1,-1,-1,-1
283,1,729.9743041992188,517.2718505859375,157.1627197265625,543.7542724609375,-1,-1,-1,-1
284,1,735.4324340820312,490.4715881347656,156.26641845703125,556.753662109375,-1,-1,-1,-1
285,1,709.1688842773438,455.9866943359375,186.48284912109375,561.536376953125,-1,-1,-1,-1
286,1,730.9360961914062,415.5462646484375,167.18048095703125,561.8809814453125,-1,-1,-1,-1
287,1,729.4922485351562,386.8292541503906,162.68621826171875,563.5845947265625,-1,-1,-1,-1
288,1,727.4052734375,384.0574951171875,165.02276611328125,557.2277221679688,-1,-1,-1,-1
289,1,722.326904296875,394.2828674316406,160.48138427734375,549.7462158203125,-1,-1,-1,-1
290,1,718.4271240234375,407.61572265625,157.9151611328125,546.9341430664062,-1,-1,-1,-1
291,1,713.8709716796875,417.030517578125,152.74395751953125,543.189697265625,-1,-1,-1,-1
292,1,703.0685424804688,434.0916748046875,149.22479248046875,510.642333984375,-1,-1,-1,-1
293,1,699.39208984375,454.94085693359375,144.2022705078125,467.72283935546875,-1,-1,-1,-1
294,1,701.8427734375,474.2054748535156,141.9146728515625,436.0817565917969,-1,-1,-1,-1
295,1,703.7338256835938,503.4371337890625,149.41302490234375,408.0635986328125,-1,-1,-1,-1
296,1,712.9606323242188,543.1405639648438,171.6611328125,387.32366943359375,-1,-1,-1,-1
297,1,722.563232421875,580.8074951171875,144.62255859375,387.89581298828125,-1,-1,-1,-1
298,1,729.5252685546875,607.1203002929688,141.5101318359375,362.971435546875,-1,-1,-1,-1
299,1,731.8876953125,630.7576293945312,141.9111328125,363.598876953125,-1,-1,-1,-1
300,1,727.14697265625,634.4715576171875,145.97186279296875,387.76861572265625,-1,-1,-1,-1
301,1,719.8174438476562,630.7606811523438,160.14581298828125,414.73858642578125,-1,-1,-1,-1
302,1,717.0478515625,626.3552856445312,169.9136962890625,438.20587158203125,-1,-1,-1,-1
303,1,713.550537109375,627.922119140625,172.78118896484375,446.3857421875,-1,-1,-1,-1
304,1,707.3682250976562,628.3495483398438,163.43817138671875,448.54046630859375,-1,-1,-1,-1
305,1,699.1541137695312,627.8140869140625,176.11212158203125,447.18115234375,-1,-1,-1,-1
306,1,695.74072265625,626.1460571289062,186.7423095703125,455.58465576171875,-1,-1,-1,-1
307,1,688.8012084960938,611.4305419921875,195.50897216796875,469.2139892578125,-1,-1,-1,-1
308,1,683.22265625,600.862548828125,209.03570556640625,483.8743896484375,-1,-1,-1,-1
309,1,681.739501953125,606.3080444335938,210.61962890625,503.55780029296875,-1,-1,-1,-1
310,1,685.81689453125,614.9821166992188,204.073974609375,541.4779663085938,-1,-1,-1,-1
311,1,691.2378540039062,612.4541015625,212.07757568359375,565.88916015625,-1,-1,-1,-1
312,1,702.003662109375,571.052001953125,210.72125244140625,571.563720703125,-1,-1,-1,-1
313,1,674.3027954101562,528.6727294921875,241.5145263671875,571.4776611328125,-1,-1,-1,-1
314,1,646.9959106445312,511.0980529785156,263.25775146484375,568.5677490234375,-1,-1,-1,-1
315,1,639.2332153320312,495.148681640625,271.44818115234375,563.96142578125,-1,-1,-1,-1
316,1,642.4415283203125,478.6765441894531,287.4248046875,551.807861328125,-1,-1,-1,-1
317,1,670.345703125,473.0572814941406,277.84295654296875,523.7420654296875,-1,-1,-1,-1
318,1,698.9363403320312,485.74212646484375,275.03253173828125,500.83380126953125,-1,-1,-1,-1
319,1,688.2032470703125,488.3203430175781,272.41796875,486.7392272949219,-1,-1,-1,-1
320,1,662.25537109375,479.8665771484375,270.47906494140625,489.4423828125,-1,-1,-1,-1
321,1,642.0211791992188,465.0784912109375,267.7015380859375,496.670166015625,-1,-1,-1,-1
322,1,637.6624145507812,461.12359619140625,264.1688232421875,494.7274169921875,-1,-1,-1,-1
323,1,644.92236328125,474.2486572265625,267.63421630859375,486.9429931640625,-1,-1,-1,-1
324,1,647.4149169921875,472.2798156738281,263.6719970703125,513.62109375,-1,-1,-1,-1
325,1,659.7620239257812,465.13519287109375,258.9176025390625,496.88250732421875,-1,-1,-1,-1
326,1,648.6080322265625,472.939208984375,272.2830810546875,488.06573486328125,-1,-1,-1,-1
327,1,634.615478515625,472.9509582519531,277.90509033203125,482.5885314941406,-1,-1,-1,-1
328,1,622.8583984375,459.7183532714844,277.3963623046875,491.0699768066406,-1,-1,-1,-1
329,1,607.3819580078125,440.3128662109375,277.60833740234375,501.00732421875,-1,-1,-1,-1
330,1,649.7581787109375,418.4785461425781,250.0478515625,494.2071838378906,-1,-1,-1,-1
331,1,690.3005981445312,376.1973876953125,228.869140625,491.5284423828125,-1,-1,-1,-1
332,1,677.1383056640625,355.1640625,213.8037109375,469.08349609375,-1,-1,-1,-1
333,1,658.0697631835938,362.3514099121094,205.25323486328125,436.6790466308594,-1,-1,-1,-1
334,1,658.0608520507812,399.36981201171875,189.77581787109375,404.4232177734375,-1,-1,-1,-1
335,1,664.409912109375,427.24249267578125,179.11358642578125,389.41058349609375,-1,-1,-1,-1
336,1,665.8140869140625,427.78594970703125,174.107177734375,389.1488037109375,-1,-1,-1,-1
337,1,652.150146484375,411.8348693847656,169.16168212890625,403.7044982910156,-1,-1,-1,-1
338,1,652.578369140625,409.0652770996094,164.18841552734375,425.4189758300781,-1,-1,-1,-1
339,1,666.7509155273438,415.2408142089844,167.9263916015625,445.0266418457031,-1,-1,-1,-1
340,1,674.6008911132812,434.2049865722656,171.0712890625,456.6763610839844,-1,-1,-1,-1
341,1,666.92626953125,459.1837158203125,202.26641845703125,455.97705078125,-1,-1,-1,-1
342,1,658.1036987304688,471.668701171875,209.49530029296875,445.61065673828125,-1,-1,-1,-1
343,1,648.8001708984375,478.0098571777344,211.29205322265625,432.1662902832031,-1,-1,-1,-1
344,1,642.190185546875,484.878662109375,218.64239501953125,432.17999267578125,-1,-1,-1,-1
345,1,630.297119140625,482.0556640625,236.66204833984375,456.23089599609375,-1,-1,-1,-1
346,1,616.7659912109375,466.8680419921875,260.58734130859375,486.3173828125,-1,-1,-1,-1
347,1,610.0831298828125,451.63836669921875,283.00390625,498.41802978515625,-1,-1,-1,-1
348,1,616.8617553710938,444.58978271484375,262.2777099609375,512.6347045898438,-1,-1,-1,-1
349,1,633.0101318359375,446.9109802246094,230.0184326171875,524.1376953125,-1,-1,-1,-1
350,1,645.770751953125,430.045166015625,189.77825927734375,529.7658081054688,-1,-1,-1,-1
351,1,648.1200561523438,421.6425476074219,184.75128173828125,531.1561279296875,-1,-1,-1,-1
352,1,643.9388427734375,445.3001403808594,182.0115966796875,525.1197509765625,-1,-1,-1,-1
353,1,588.5773315429688,478.1698913574219,230.084228515625,517.82666015625,-1,-1,-1,-1
354,1,559.0481567382812,516.6249389648438,261.258544921875,512.7246704101562,-1,-1,-1,-1
355,1,548.405029296875,550.5076904296875,280.57177734375,511.30029296875,-1,-1,-1,-1
356,1,552.7399291992188,570.2346801757812,289.26068115234375,504.81134033203125,-1,-1,-1,-1
357,1,558.8001708984375,567.3939819335938,277.308837890625,520.4884643554688,-1,-1,-1,-1
358,1,547.7213134765625,574.989501953125,260.6553955078125,532.6285400390625,-1,-1,-1,-1
359,1,525.2335815429688,584.5130004882812,245.49639892578125,543.6132202148438,-1,-1,-1,-1
360,1,500.569580078125,588.8223266601562,232.42840576171875,572.0203247070312,-1,-1,-1,-1
361,1,461.7039794921875,593.682373046875,252.48175048828125,607.850830078125,-1,-1,-1,-1
362,1,439.7108154296875,609.5709838867188,275.3394775390625,623.8106079101562,-1,-1,-1,-1
363,1,422.3091735839844,625.1256103515625,296.9554748535156,610.008056640625,-1,-1,-1,-1
364,1,406.6336364746094,622.0903930664062,311.4399719238281,609.7393188476562,-1,-1,-1,-1
365,1,417.5717468261719,621.3501586914062,317.4529113769531,643.1709594726562,-1,-1,-1,-1
366,1,420.26336669921875,621.5797729492188,345.201171875,696.7162475585938,-1,-1,-1,-1
367,1,424.1401062011719,609.2738647460938,365.6053161621094,753.1033325195312,-1,-1,-1,-1
368,1,444.48272705078125,572.1298217773438,435.56439208984375,803.3176879882812,-1,-1,-1,-1
369,1,435.1771545410156,486.7180480957031,492.3608093261719,854.0584716796875,-1,-1,-1,-1
370,1,461.83905029296875,478.1387634277344,494.28472900390625,869.9144287109375,-1,-1,-1,-1
371,1,440.63726806640625,444.6668701171875,675.1520385742188,849.656982421875,-1,-1,-1,-1
372,1,410.50384521484375,463.4211730957031,478.1077880859375,820.2322998046875,-1,-1,-1,-1
373,1,437.90576171875,535.5137329101562,497.1531982421875,816.3106079101562,-1,-1,-1,-1
374,1,393.3370361328125,558.5604248046875,525.73779296875,813.3165283203125,-1,-1,-1,-1
375,1,393.1590881347656,596.997802734375,550.1241455078125,809.1982421875,-1,-1,-1,-1
376,1,406.1993408203125,622.3819580078125,699.4708251953125,783.42333984375,-1,-1,-1,-1
377,1,388.7541198730469,655.869873046875,493.0926208496094,748.814208984375,-1,-1,-1,-1
378,1,380.2435607910156,680.4949951171875,530.27001953125,725.9158935546875,-1,-1,-1,-1
379,1,409.08544921875,711.0283203125,572.7095336914062,693.9189453125,-1,-1,-1,-1
380,1,424.11566162109375,722.785400390625,414.10491943359375,682.9605712890625,-1,-1,-1,-1
381,1,434.75531005859375,689.4583740234375,376.521484375,661.1436767578125,-1,-1,-1,-1
382,1,440.24334716796875,683.6911010742188,342.34686279296875,627.6570434570312,-1,-1,-1,-1
383,1,452.298095703125,680.6904296875,322.58935546875,612.353515625,-1,-1,-1,-1
384,1,447.24700927734375,674.756103515625,321.89581298828125,614.356689453125,-1,-1,-1,-1
385,1,447.5486145019531,648.5797119140625,317.5459289550781,625.0948486328125,-1,-1,-1,-1
386,1,440.843994140625,595.98876953125,307.38775634765625,642.4432373046875,-1,-1,-1,-1
387,1,416.32769775390625,528.312744140625,306.9278564453125,671.9891357421875,-1,-1,-1,-1
388,1,376.5887145996094,469.21820068359375,316.5212707519531,716.9859008789062,-1,-1,-1,-1
389,1,344.0846252441406,426.15753173828125,336.9887390136719,768.9777221679688,-1,-1,-1,-1
390,1,404.3865051269531,389.6806335449219,264.4209899902344,782.061279296875,-1,-1,-1,-1
391,1,397.3380432128906,361.2339172363281,269.8039245605469,760.7891845703125,-1,-1,-1,-1
392,1,378.2784118652344,320.5610656738281,286.8357849121094,736.9205322265625,-1,-1,-1,-1
393,1,347.94378662109375,274.33245849609375,282.56219482421875,720.1495971679688,-1,-1,-1,-1
394,1,323.33209228515625,236.01205444335938,286.84796142578125,688.8846435546875,-1,-1,-1,-1
395,1,310.0555725097656,208.10922241210938,302.1604919433594,660.17236328125,-1,-1,-1,-1
396,1,312.68951416015625,202.23333740234375,300.42083740234375,646.2294921875,-1,-1,-1,-1
397,1,328.8641052246094,201.41334533691406,309.0218200683594,640.6669921875,-1,-1,-1,-1
398,1,342.15484619140625,193.7245330810547,323.87847900390625,633.711181640625,-1,-1,-1,-1
399,1,364.613525390625,180.16598510742188,324.8798828125,627.8958740234375,-1,-1,-1,-1
400,1,372.25775146484375,159.18138122558594,313.43231201171875,635.986572265625,-1,-1,-1,-1
401,1,381.40277099609375,133.2499237060547,300.1856689453125,653.3974609375,-1,-1,-1,-1
402,1,381.1414794921875,110.53511047363281,289.602294921875,670.0718994140625,-1,-1,-1,-1
403,1,390.8148498535156,100.04325866699219,273.9839172363281,540.021728515625,-1,-1,-1,-1
404,1,409.6661376953125,102.44617462158203,250.7430419921875,624.5574340820312,-1,-1,-1,-1
405,1,416.66473388671875,120.427490234375,268.394287109375,571.2559204101562,-1,-1,-1,-1
406,1,414.7746276855469,158.52174377441406,275.1153869628906,540.1924438476562,-1,-1,-1,-1
407,1,449.3548278808594,204.39891052246094,244.30490112304688,517.9140625,-1,-1,-1,-1
408,1,466.7261962890625,259.76123046875,223.42437744140625,501.5108642578125,-1,-1,-1,-1
409,1,486.9449157714844,291.13525390625,192.05947875976562,484.75616455078125,-1,-1,-1,-1
410,1,504.9192810058594,290.09112548828125,174.31338500976562,484.61968994140625,-1,-1,-1,-1
411,1,523.2808227539062,306.5158386230469,165.43304443359375,483.2038879394531,-1,-1,-1,-1
412,1,544.9125366210938,345.6728515625,159.03173828125,451.8609619140625,-1,-1,-1,-1
413,1,572.0623168945312,382.92413330078125,149.9820556640625,428.88275146484375,-1,-1,-1,-1
414,1,601.4202880859375,413.9990234375,151.49176025390625,405.99688720703125,-1,-1,-1,-1
415,1,618.1121215820312,442.23095703125,150.849853515625,395.4486083984375,-1,-1,-1,-1
416,1,626.9067993164062,460.634033203125,143.7696533203125,328.465087890625,-1,-1,-1,-1
417,1,633.9036865234375,475.6556396484375,130.91644287109375,310.42047119140625,-1,-1,-1,-1
418,1,640.4292602539062,491.8104248046875,123.0802001953125,294.1427001953125,-1,-1,-1,-1
419,1,644.6948852539062,498.7272644042969,121.991943359375,304.1227111816406,-1,-1,-1,-1
420,1,646.2908935546875,499.30548095703125,124.6724853515625,312.42681884765625,-1,-1,-1,-1
421,1,640.7684326171875,498.00787353515625,134.6600341796875,372.3074951171875,-1,-1,-1,-1
422,1,642.3338623046875,499.1226501464844,138.605712890625,359.4882507324219,-1,-1,-1,-1
423,1,653.0750122070312,511.4795837402344,136.15081787109375,344.4133605957031,-1,-1,-1,-1
424,1,655.6097412109375,540.3572387695312,149.44091796875,334.4329833984375,-1,-1,-1,-1
425,1,662.67529296875,583.3755493164062,170.4560546875,325.7391357421875,-1,-1,-1,-1
426,1,672.5950927734375,613.5296630859375,189.734375,324.0299072265625,-1,-1,-1,-1
427,1,687.5823974609375,639.548828125,199.90869140625,321.15380859375,-1,-1,-1,-1
428,1,695.1079711914062,658.1646728515625,198.75762939453125,317.75469970703125,-1,-1,-1,-1
429,1,678.6109008789062,649.947021484375,197.004638671875,316.99188232421875,-1,-1,-1,-1
430,1,651.2171630859375,615.4824829101562,193.942138671875,316.24615478515625,-1,-1,-1,-1
431,1,648.9336547851562,589.3162841796875,177.66937255859375,321.95458984375,-1,-1,-1,-1
432,1,665.568115234375,572.533447265625,146.7911376953125,329.08319091796875,-1,-1,-1,-1
433,1,668.0313720703125,572.0877685546875,142.20849609375,328.13134765625,-1,-1,-1,-1
434,1,669.47265625,582.3634033203125,145.72528076171875,325.41961669921875,-1,-1,-1,-1
435,1,668.5227661132812,594.2657470703125,175.1328125,321.17156982421875,-1,-1,-1,-1
436,1,671.288330078125,606.87939453125,203.6536865234375,322.3663330078125,-1,-1,-1,-1
437,1,668.05712890625,618.0250244140625,225.397705078125,319.8109130859375,-1,-1,-1,-1
438,1,670.99365234375,624.4819946289062,222.3411865234375,325.49249267578125,-1,-1,-1,-1
439,1,673.1828002929688,615.2130126953125,209.0013427734375,331.9063720703125,-1,-1,-1,-1
440,1,664.3535766601562,598.2091674804688,199.54046630859375,286.1326904296875,-1,-1,-1,-1
441,1,652.5623168945312,585.7328491210938,191.8509521484375,294.34295654296875,-1,-1,-1,-1
442,1,647.8192749023438,559.03857421875,182.1053466796875,369.68194580078125,-1,-1,-1,-1
443,1,644.7952270507812,553.1716918945312,178.88714599609375,363.68243408203125,-1,-1,-1,-1
444,1,645.8955078125,553.5361328125,193.766357421875,359.2451171875,-1,-1,-1,-1
445,1,647.367431640625,553.0755615234375,211.674560546875,359.01983642578125,-1,-1,-1,-1
446,1,659.6156005859375,568.75634765625,206.2120361328125,350.30438232421875,-1,-1,-1,-1
447,1,665.391845703125,587.44873046875,192.60272216796875,341.5179443359375,-1,-1,-1,-1
448,1,665.720458984375,600.0126342773438,184.41259765625,334.0220947265625,-1,-1,-1,-1
449,1,659.636962890625,602.1654663085938,176.95318603515625,341.02313232421875,-1,-1,-1,-1
450,1,645.7490844726562,597.2872314453125,185.1187744140625,366.64727783203125,-1,-1,-1,-1
451,1,637.8820190429688,579.9846801757812,191.44830322265625,406.36517333984375,-1,-1,-1,-1
452,1,636.3356323242188,564.9058227539062,199.8482666015625,435.54296875,-1,-1,-1,-1
453,1,633.84326171875,566.5142211914062,190.05877685546875,450.15350341796875,-1,-1,-1,-1
454,1,633.0067138671875,565.9061279296875,171.81317138671875,456.93670654296875,-1,-1,-1,-1
455,1,633.4558715820312,557.5383911132812,163.15362548828125,472.87823486328125,-1,-1,-1,-1
456,1,634.2493896484375,556.3848876953125,166.471435546875,501.1246337890625,-1,-1,-1,-1
457,1,634.8535766601562,563.899169921875,177.32684326171875,433.8779296875,-1,-1,-1,-1
458,1,634.657958984375,574.5239868164062,188.83599853515625,424.96240234375,-1,-1,-1,-1
459,1,640.8857421875,578.4558715820312,206.85321044921875,520.8666381835938,-1,-1,-1,-1
460,1,649.9937744140625,570.8338623046875,229.5377197265625,537.181640625,-1,-1,-1,-1
461,1,642.9022827148438,526.0191040039062,244.59637451171875,557.2410278320312,-1,-1,-1,-1
462,1,643.5775756835938,492.0738220214844,250.79248046875,571.3055419921875,-1,-1,-1,-1
463,1,660.0432739257812,511.712890625,264.58709716796875,568.18603515625,-1,-1,-1,-1
464,1,665.9334716796875,542.1148071289062,290.74066162109375,549.6699829101562,-1,-1,-1,-1
465,1,667.1406860351562,570.9693603515625,299.62054443359375,525.7347412109375,-1,-1,-1,-1
466,1,654.954345703125,603.4921875,295.697021484375,513.3751220703125,-1,-1,-1,-1
467,1,648.6296997070312,614.7777709960938,285.62127685546875,500.55804443359375,-1,-1,-1,-1
468,1,638.458984375,601.0068969726562,282.2415771484375,499.67584228515625,-1,-1,-1,-1
469,1,624.1329956054688,571.4412841796875,280.13104248046875,500.3121337890625,-1,-1,-1,-1
470,1,645.302490234375,552.0498046875,247.235595703125,509.9794921875,-1,-1,-1,-1
471,1,675.1231689453125,554.15625,210.912841796875,506.103271484375,-1,-1,-1,-1
472,1,675.2197265625,576.0665283203125,219.61712646484375,487.8045654296875,-1,-1,-1,-1
473,1,673.3563842773438,597.5416259765625,236.91375732421875,466.541748046875,-1,-1,-1,-1
474,1,675.586181640625,620.939453125,231.29156494140625,445.8717041015625,-1,-1,-1,-1
475,1,676.0770874023438,637.1678466796875,220.18377685546875,430.5164794921875,-1,-1,-1,-1
476,1,674.5820922851562,637.2618408203125,212.06866455078125,422.8609619140625,-1,-1,-1,-1
477,1,665.2644653320312,623.7433471679688,220.641845703125,436.42535400390625,-1,-1,-1,-1
478,1,660.5062255859375,609.3273315429688,232.9364013671875,456.11309814453125,-1,-1,-1,-1
479,1,637.0891723632812,608.266845703125,269.6351318359375,477.1822509765625,-1,-1,-1,-1
480,1,617.6459350585938,603.9342041015625,291.9970703125,509.5355224609375,-1,-1,-1,-1
481,1,619.3327026367188,599.310791015625,273.45623779296875,526.72900390625,-1,-1,-1,-1
482,1,635.6459350585938,595.6554565429688,261.32080078125,518.8667602539062,-1,-1,-1,-1
483,1,652.9334716796875,596.3436279296875,266.06378173828125,511.476318359375,-1,-1,-1,-1
484,1,669.9064331054688,590.788818359375,274.10308837890625,516.9012451171875,-1,-1,-1,-1
485,1,676.9694213867188,572.1061401367188,278.25299072265625,531.9215698242188,-1,-1,-1,-1
486,1,665.5365600585938,518.0098876953125,286.0296630859375,571.3994140625,-1,-1,-1,-1
487,1,666.647216796875,483.8494567871094,298.67822265625,609.4949951171875,-1,-1,-1,-1
488,1,664.6761474609375,469.3910217285156,317.8389892578125,629.2393798828125,-1,-1,-1,-1
489,1,687.0975341796875,458.3544921875,344.6739501953125,624.668212890625,-1,-1,-1,-1
490,1,673.4235229492188,482.864013671875,371.56097412109375,596.557373046875,-1,-1,-1,-1
491,1,672.0562133789062,538.8244018554688,383.59564208984375,557.8919067382812,-1,-1,-1,-1
492,1,659.1004638671875,581.43896484375,377.8658447265625,516.6483154296875,-1,-1,-1,-1
493,1,662.8524780273438,586.5328369140625,362.9278564453125,493.722412109375,-1,-1,-1,-1
494,1,673.2080078125,590.8275756835938,356.273193359375,485.75921630859375,-1,-1,-1,-1
495,1,667.107666015625,569.0677490234375,349.9207763671875,506.1419677734375,-1,-1,-1,-1
496,1,680.5471801757812,562.6718139648438,317.65850830078125,520.8640747070312,-1,-1,-1,-1
497,1,700.9501953125,559.5015869140625,278.76898193359375,530.612060546875,-1,-1,-1,-1
498,1,712.0775756835938,566.8836669921875,249.90106201171875,528.2635498046875,-1,-1,-1,-1
499,1,719.4417114257812,584.6585693359375,233.53497314453125,519.052490234375,-1,-1,-1,-1
500,1,717.3916015625,587.5382080078125,227.275634765625,498.340576171875,-1,-1,-1,-1
501,1,709.9678955078125,575.123291015625,233.102783203125,485.009521484375,-1,-1,-1,-1
502,1,701.6102294921875,563.4735107421875,242.488037109375,486.5809326171875,-1,-1,-1,-1
503,1,688.4921264648438,556.7288818359375,257.38092041015625,496.656494140625,-1,-1,-1,-1
504,1,684.2765502929688,553.2420654296875,240.1282958984375,507.95947265625,-1,-1,-1,-1
505,1,684.15576171875,545.2192993164062,213.61224365234375,522.3405151367188,-1,-1,-1,-1
506,1,689.1727905273438,536.85888671875,199.74017333984375,532.582275390625,-1,-1,-1,-1
507,1,697.8783569335938,531.8387451171875,208.25927734375,551.5655517578125,-1,-1,-1,-1
508,1,660.9259033203125,534.3551635742188,264.15625,562.1127319335938,-1,-1,-1,-1
509,1,625.396484375,536.2259521484375,320.56768798828125,568.2796630859375,-1,-1,-1,-1
510,1,622.5718383789062,534.9462890625,334.5596923828125,571.6337890625,-1,-1,-1,-1
511,1,630.7817993164062,536.5892944335938,326.35113525390625,566.1388549804688,-1,-1,-1,-1
512,1,643.1348876953125,526.1544799804688,327.0762939453125,574.7753295898438,-1,-1,-1,-1
513,1,658.4047241210938,512.6849670410156,329.62420654296875,587.2406005859375,-1,-1,-1,-1
514,1,678.5989990234375,496.08880615234375,286.18426513671875,606.8289184570312,-1,-1,-1,-1
515,1,682.5387573242188,495.88616943359375,240.83697509765625,610.9640502929688,-1,-1,-1,-1
516,1,678.0699462890625,501.53021240234375,238.32244873046875,609.7879028320312,-1,-1,-1,-1
517,1,662.7377319335938,513.4969482421875,249.34613037109375,601.0660400390625,-1,-1,-1,-1
518,1,656.5862426757812,527.8536376953125,252.9661865234375,558.417236328125,-1,-1,-1,-1
519,1,654.0455932617188,550.512939453125,251.69378662109375,546.2584228515625,-1,-1,-1,-1
520,1,666.5203247070312,566.457275390625,243.95025634765625,525.84326171875,-1,-1,-1,-1
521,1,676.9283447265625,566.6102294921875,235.3587646484375,525.3336181640625,-1,-1,-1,-1
522,1,676.0706176757812,562.8134765625,231.17181396484375,541.49462890625,-1,-1,-1,-1
523,1,672.8548583984375,551.8936767578125,231.055419921875,551.6981201171875,-1,-1,-1,-1
524,1,686.9415893554688,543.5983276367188,217.9390869140625,554.8464965820312,-1,-1,-1,-1
525,1,697.3095703125,545.125,222.47894287109375,551.021728515625,-1,-1,-1,-1
526,1,688.9238891601562,548.6878051757812,238.76239013671875,543.4161987304688,-1,-1,-1,-1
527,1,692.3853759765625,537.8248901367188,248.9329833984375,538.0957641601562,-1,-1,-1,-1
528,1,697.6275634765625,520.1383666992188,254.52301025390625,540.5813598632812,-1,-1,-1,-1
529,1,696.3507080078125,465.2218017578125,244.01629638671875,550.697998046875,-1,-1,-1,-1
530,1,700.9873657226562,425.8450012207031,243.62371826171875,581.495849609375,-1,-1,-1,-1
531,1,711.6763305664062,419.89739990234375,237.73583984375,611.9451293945312,-1,-1,-1,-1
532,1,714.514892578125,413.782470703125,254.6373291015625,646.450439453125,-1,-1,-1,-1
533,1,701.3802490234375,410.7214660644531,286.5699462890625,660.9677734375,-1,-1,-1,-1
534,1,701.5343627929688,437.0884094238281,304.49627685546875,629.1314697265625,-1,-1,-1,-1
535,1,706.614013671875,482.9775390625,311.55010986328125,588.816162109375,-1,-1,-1,-1
536,1,692.7132568359375,501.92724609375,318.8214111328125,559.123291015625,-1,-1,-1,-1
537,1,700.8870239257812,522.6099853515625,306.44097900390625,548.8388671875,-1,-1,-1,-1
538,1,703.0311279296875,520.753173828125,278.37689208984375,566.0076904296875,-1,-1,-1,-1
539,1,705.786376953125,504.9309997558594,260.04498291015625,582.0225830078125,-1,-1,-1,-1
540,1,705.1485595703125,501.4914855957031,222.10626220703125,579.26513671875,-1,-1,-1,-1
541,1,708.0104370117188,492.8861389160156,196.82586669921875,552.2470703125,-1,-1,-1,-1
542,1,716.9357299804688,495.8958435058594,183.5101318359375,527.328125,-1,-1,-1,-1
543,1,716.9974365234375,509.95654296875,177.0506591796875,512.0833740234375,-1,-1,-1,-1
544,1,715.201416015625,523.149169921875,168.1141357421875,510.848388671875,-1,-1,-1,-1
545,1,714.7071533203125,521.2940063476562,160.44207763671875,510.97003173828125,-1,-1,-1,-1
546,1,715.48388671875,529.4298706054688,155.4964599609375,508.67437744140625,-1,-1,-1,-1
547,1,717.1615600585938,568.7662963867188,150.54620361328125,486.38372802734375,-1,-1,-1,-1
548,1,720.3515625,603.9994506835938,151.8963623046875,454.17059326171875,-1,-1,-1,-1
549,1,720.407958984375,631.210205078125,155.89935302734375,432.8748779296875,-1,-1,-1,-1
550,1,720.8440551757812,651.5673828125,156.95672607421875,424.4136962890625,-1,-1,-1,-1
551,1,726.0800170898438,663.5191650390625,155.7662353515625,425.811279296875,-1,-1,-1,-1
552,1,721.2374877929688,664.4271850585938,154.0076904296875,434.73992919921875,-1,-1,-1,-1
553,1,717.2542114257812,641.32470703125,153.29840087890625,451.3084716796875,-1,-1,-1,-1
554,1,713.1212768554688,635.2890014648438,160.836181640625,476.93560791015625,-1,-1,-1,-1
555,1,705.5391235351562,641.4561157226562,167.716552734375,497.51324462890625,-1,-1,-1,-1
556,1,696.043701171875,645.4381103515625,187.810302734375,508.2901611328125,-1,-1,-1,-1
557,1,683.914306640625,643.4322509765625,230.01953125,513.71044921875,-1,-1,-1,-1
558,1,671.4052734375,637.7106323242188,287.00390625,529.6087036132812,-1,-1,-1,-1
559,1,659.2613525390625,623.5882568359375,317.08331298828125,556.14501953125,-1,-1,-1,-1
560,1,646.5084228515625,634.9486083984375,335.11279296875,587.5565185546875,-1,-1,-1,-1
561,1,643.3392333984375,631.228271484375,340.7554931640625,588.06494140625,-1,-1,-1,-1
562,1,684.9468994140625,642.3272094726562,294.310546875,575.3872680664062,-1,-1,-1,-1
563,1,674.7391967773438,612.1272583007812,239.706298828125,573.5919799804688,-1,-1,-1,-1
564,1,671.2766723632812,569.6278076171875,236.61328125,571.587890625,-1,-1,-1,-1
565,1,677.3256225585938,538.46923828125,279.91802978515625,619.938720703125,-1,-1,-1,-1
566,1,661.0953979492188,534.502197265625,280.14874267578125,662.519775390625,-1,-1,-1,-1
567,1,659.870361328125,561.822265625,194.09271240234375,667.7811279296875,-1,-1,-1,-1
568,1,664.4261474609375,571.8131713867188,160.21685791015625,680.8445434570312,-1,-1,-1,-1
569,1,628.9766845703125,565.1834716796875,186.36309814453125,728.92236328125,-1,-1,-1,-1
570,1,587.7940673828125,591.570556640625,253.68212890625,694.6376953125,-1,-1,-1,-1
571,1,564.4224243164062,635.89306640625,368.49078369140625,636.0113525390625,-1,-1,-1,-1
572,1,558.541015625,660.1343383789062,361.50042724609375,615.2846069335938,-1,-1,-1,-1
573,1,613.3731079101562,673.5015869140625,345.77532958984375,622.4979248046875,-1,-1,-1,-1
574,1,711.9482421875,677.4462890625,273.74603271484375,659.2900390625,-1,-1,-1,-1
575,1,725.1558837890625,656.9884643554688,282.3939208984375,709.7163696289062,-1,-1,-1,-1
576,1,747.3965454101562,607.6312255859375,287.11041259765625,772.572509765625,-1,-1,-1,-1
577,1,787.077392578125,549.5626220703125,337.1510009765625,849.1248779296875,-1,-1,-1,-1
578,1,788.35498046875,488.7587890625,374.53076171875,900.6510009765625,-1,-1,-1,-1
579,1,762.5027465820312,393.298095703125,377.85479736328125,957.80517578125,-1,-1,-1,-1
580,1,761.6732788085938,347.6377258300781,321.93267822265625,779.4356689453125,-1,-1,-1,-1
581,1,690.3638916015625,296.8697509765625,351.4217529296875,957.0565185546875,-1,-1,-1,-1
582,1,647.9619140625,339.4074401855469,406.1929931640625,851.33984375,-1,-1,-1,-1
583,1,720.3846435546875,351.9263610839844,368.0357666015625,789.1552734375,-1,-1,-1,-1
584,1,763.150146484375,357.4382019042969,354.7535400390625,784.3638916015625,-1,-1,-1,-1
585,1,793.03466796875,377.7386169433594,470.8682861328125,796.1302490234375,-1,-1,-1,-1
586,1,833.5824584960938,367.6013488769531,568.6940307617188,810.392822265625,-1,-1,-1,-1
587,1,872.4766845703125,303.34893798828125,488.0423583984375,869.8126831054688,-1,-1,-1,-1
588,1,903.5748901367188,221.1688995361328,326.99884033203125,916.2708129882812,-1,-1,-1,-1
589,1,925.994384765625,156.4163818359375,351.3665771484375,927.921630859375,-1,-1,-1,-1
590,1,913.04345703125,99.88343048095703,400.93310546875,956.0823974609375,-1,-1,-1,-1
591,1,831.1762084960938,142.56668090820312,456.55120849609375,951.240234375,-1,-1,-1,-1
592,1,764.1675415039062,162.21417236328125,478.87457275390625,939.6528930664062,-1,-1,-1,-1
593,1,692.399658203125,169.8352508544922,483.2100830078125,928.6130981445312,-1,-1,-1,-1
594,1,650.2116088867188,168.97369384765625,449.19586181640625,921.5487670898438,-1,-1,-1,-1
595,1,611.52099609375,187.4065399169922,371.29998779296875,900.7328491210938,-1,-1,-1,-1
596,1,576.4996337890625,224.5384521484375,314.23577880859375,869.7691650390625,-1,-1,-1,-1
597,1,524.1883544921875,277.0141296386719,317.80615234375,836.7021484375,-1,-1,-1,-1
598,1,463.1758728027344,336.4585876464844,342.5979309082031,747.507080078125,-1,-1,-1,-1
599,1,399.9239807128906,405.7180480957031,381.9153747558594,840.370361328125,-1,-1,-1,-1
600,1,326.88543701171875,461.98297119140625,420.513427734375,854.9287719726562,-1,-1,-1,-1
601,1,267.89227294921875,478.546142578125,432.01092529296875,882.3818359375,-1,-1,-1,-1
1,2,948.4862670898438,597.1640625,80.79998779296875,199.08203125,-1,-1,-1,-1
2,2,944.0531005859375,584.3865356445312,78.65411376953125,199.58270263671875,-1,-1,-1,-1
3,2,944.3175048828125,570.1138916015625,75.1243896484375,200.27978515625,-1,-1,-1,-1
4,2,946.1798095703125,567.7536010742188,74.96868896484375,199.00018310546875,-1,-1,-1,-1
5,2,945.6090698242188,571.2852172851562,73.10943603515625,198.978515625,-1,-1,-1,-1
6,2,938.9671630859375,580.0897827148438,77.427001953125,196.89208984375,-1,-1,-1,-1
7,2,945.5538940429688,579.5391845703125,73.48846435546875,199.61492919921875,-1,-1,-1,-1
8,2,949.2144165039062,564.836181640625,76.62030029296875,200.19464111328125,-1,-1,-1,-1
9,2,951.2097778320312,561.1341552734375,73.86004638671875,201.48046875,-1,-1,-1,-1
10,2,952.99365234375,558.4463500976562,73.3026123046875,198.96197509765625,-1,-1,-1,-1
11,2,952.8145751953125,537.1661987304688,73.8604736328125,198.90020751953125,-1,-1,-1,-1
12,2,951.3373413085938,518.71923828125,74.76715087890625,200.374755859375,-1,-1,-1,-1
13,2,957.76708984375,517.5609130859375,73.500244140625,201.2540283203125,-1,-1,-1,-1
14,2,972.0317993164062,511.0351257324219,74.26715087890625,202.62588500976562,-1,-1,-1,-1
15,2,980.0624389648438,510.52947998046875,77.24163818359375,203.261962890625,-1,-1,-1,-1
16,2,1003.5994262695312,495.80438232421875,76.33258056640625,204.89862060546875,-1,-1,-1,-1
17,2,1005.3924560546875,469.423583984375,78.2421875,203.8482666015625,-1,-1,-1,-1
18,2,994.5060424804688,419.71331787109375,76.73626708984375,205.14776611328125,-1,-1,-1,-1
19,2,979.6954345703125,415.9748229980469,77.276611328125,201.05282592773438,-1,-1,-1,-1
20,2,974.47412109375,419.068359375,74.92578125,198.66864013671875,-1,-1,-1,-1
21,2,967.7218627929688,418.844482421875,74.37506103515625,196.7958984375,-1,-1,-1,-1
22,2,959.8483276367188,423.4983825683594,72.57220458984375,193.47512817382812,-1,-1,-1,-1
23,2,954.4410400390625,416.0555114746094,74.0826416015625,193.11184692382812,-1,-1,-1,-1
24,2,957.126220703125,402.66046142578125,73.4395751953125,193.69287109375,-1,-1,-1,-1
25,2,955.7188720703125,417.020751953125,73.163330078125,192.57867431640625,-1,-1,-1,-1
26,2,946.5380859375,445.696044921875,72.39459228515625,189.5401611328125,-1,-1,-1,-1
27,2,943.7198486328125,465.82855224609375,69.36968994140625,184.587158203125,-1,-1,-1,-1
28,2,937.9495239257812,499.89434814453125,69.11370849609375,183.8250732421875,-1,-1,-1,-1
29,2,929.310546875,521.5409545898438,68.0262451171875,177.85174560546875,-1,-1,-1,-1
30,2,920.9902954101562,519.8992919921875,70.32586669921875,178.78082275390625,-1,-1,-1,-1
31,2,918.6724853515625,528.5197143554688,70.31549072265625,178.22357177734375,-1,-1,-1,-1
32,2,917.4439697265625,543.3873291015625,70.54254150390625,178.6578369140625,-1,-1,-1,-1
33,2,914.6159057617188,568.4137573242188,70.03448486328125,175.494140625,-1,-1,-1,-1
34,2,910.8004150390625,591.0006103515625,70.961181640625,174.66937255859375,-1,-1,-1,-1
35,2,910.9042358398438,598.265625,71.81231689453125,174.93011474609375,-1,-1,-1,-1
36,2,906.477294921875,598.7047729492188,71.6741943359375,173.1226806640625,-1,-1,-1,-1
37,2,903.27587890625,594.2754516601562,70.17730712890625,172.73699951171875,-1,-1,-1,-1
38,2,902.9202880859375,571.1041870117188,69.40386962890625,172.67852783203125,-1,-1,-1,-1
39,2,899.6820068359375,568.0901489257812,67.4127197265625,171.43145751953125,-1,-1,-1,-1
40,2,900.034423828125,585.359375,67.3026123046875,170.6715087890625,-1,-1,-1,-1
41,2,905.6016235351562,609.807373046875,71.71746826171875,170.670166015625,-1,-1,-1,-1
42,2,909.2105712890625,619.7865600585938,72.69134521484375,171.06146240234375,-1,-1,-1,-1
43,2,907.1831665039062,616.3384399414062,70.6385498046875,170.29840087890625,-1,-1,-1,-1
44,2,900.5017700195312,607.3789672851562,67.07855224609375,170.083251953125,-1,-1,-1,-1
45,2,898.8795166015625,586.6025390625,63.95611572265625,169.85552978515625,-1,-1,-1,-1
46,2,896.398681640625,546.7801513671875,64.2374267578125,170.1964111328125,-1,-1,-1,-1
47,2,897.6861572265625,502.0792236328125,64.90289306640625,172.23541259765625,-1,-1,-1,-1
48,2,901.232666015625,468.004638671875,64.59326171875,175.27008056640625,-1,-1,-1,-1
49,2,904.2134399414062,460.67431640625,66.5653076171875,178.39263916015625,-1,-1,-1,-1
50,2,903.763427734375,464.78570556640625,64.8017578125,177.2548828125,-1,-1,-1,-1
51,2,900.0277709960938,471.5523681640625,64.51617431640625,177.3048095703125,-1,-1,-1,-1
52,2,906.788330078125,455.2080993652344,66.71649169921875,181.28195190429688,-1,-1,-1,-1
53,2,910.1581420898438,434.2109375,67.16900634765625,182.46368408203125,-1,-1,-1,-1
54,2,907.2989501953125,435.5161437988281,68.39447021484375,182.27859497070312,-1,-1,-1,-1
55,2,917.6474609375,459.31878662109375,67.7496337890625,181.21044921875,-1,-1,-1,-1
56,2,931.254638671875,498.275634765625,66.51812744140625,180.21600341796875,-1,-1,-1,-1
57,2,935.3674926757812,544.8662719726562,67.15472412109375,177.60504150390625,-1,-1,-1,-1
58,2,946.0361328125,576.4249877929688,67.60797119140625,175.208740234375,-1,-1,-1,-1
59,2,958.64501953125,586.6438598632812,68.289794921875,177.1602783203125,-1,-1,-1,-1
60,2,969.5408935546875,582.9850463867188,66.4150390625,177.0740966796875,-1,-1,-1,-1
61,2,975.6876220703125,564.7300415039062,70.4501953125,177.04608154296875,-1,-1,-1,-1
62,2,998.1001586914062,524.4190673828125,70.21038818359375,180.2747802734375,-1,-1,-1,-1
63,2,1014.4392700195312,487.30096435546875,74.68426513671875,185.0303955078125,-1,-1,-1,-1
64,2,1023.2509765625,482.60650634765625,73.291259765625,186.1614990234375,-1,-1,-1,-1
65,2,1036.7698974609375,495.5729064941406,72.7574462890625,185.47518920898438,-1,-1,-1,-1
66,2,1056.076171875,497.7286071777344,76.9580078125,187.99331665039062,-1,-1,-1,-1
67,2,1069.0894775390625,499.029541015625,78.3701171875,188.36480712890625,-1,-1,-1,-1
68,2,1078.332275390625,509.9003601074219,76.6181640625,190.66293334960938,-1,-1,-1,-1
69,2,1090.7159423828125,521.2643432617188,76.751220703125,191.55657958984375,-1,-1,-1,-1
70,2,1099.152099609375,523.48486328125,77.3662109375,190.72869873046875,-1,-1,-1,-1
71,2,1098.8436279296875,517.3800659179688,77.5723876953125,190.73944091796875,-1,-1,-1,-1
72,2,1094.1748046875,504.38812255859375,77.091552734375,193.102783203125,-1,-1,-1,-1
73,2,1102.1646728515625,498.2890930175781,78.2943115234375,194.97653198242188,-1,-1,-1,-1
74,2,1097.1995849609375,497.51556396484375,79.5614013671875,193.8721923828125,-1,-1,-1,-1
75,2,1047.150634765625,499.53131103515625,78.8416748046875,191.0299072265625,-1,-1,-1,-1
76,2,1006.288818359375,481.8113708496094,74.6727294921875,189.80160522460938,-1,-1,-1,-1
77,2,991.4661254882812,479.1615295410156,74.14190673828125,187.35287475585938,-1,-1,-1,-1
78,2,997.638671875,474.0336608886719,73.87939453125,186.18984985351562,-1,-1,-1,-1
79,2,999.3714599609375,464.2107238769531,74.277587890625,186.81448364257812,-1,-1,-1,-1
80,2,987.6385498046875,462.90557861328125,74.221435546875,186.1641845703125,-1,-1,-1,-1
81,2,974.5761108398438,465.8319091796875,72.95172119140625,185.6121826171875,-1,-1,-1,-1
82,2,945.2212524414062,471.6783752441406,74.70635986328125,183.79141235351562,-1,-1,-1,-1
83,2,924.8156127929688,491.7613525390625,73.20111083984375,181.03656005859375,-1,-1,-1,-1
84,2,917.4898681640625,501.1601867675781,74.39215087890625,181.68148803710938,-1,-1,-1,-1
85,2,915.31591796875,511.27886962890625,70.61053466796875,180.5469970703125,-1,-1,-1,-1
86,2,906.5162963867188,507.7438659667969,71.58203125,179.37490844726562,-1,-1,-1,-1
87,2,893.3853149414062,511.64520263671875,72.55389404296875,178.58306884765625,-1,-1,-1,-1
88,2,884.7359619140625,512.5453186035156,70.68487548828125,179.73379516601562,-1,-1,-1,-1
89,2,882.7083740234375,519.0149536132812,69.0966796875,179.631103515625,-1,-1,-1,-1
90,2,877.1100463867188,530.8807373046875,68.4849853515625,180.1884765625,-1,-1,-1,-1
91,2,874.0296630859375,531.2083740234375,67.31756591796875,180.33770751953125,-1,-1,-1,-1
92,2,876.72998046875,508.00469970703125,68.83758544921875,183.46722412109375,-1,-1,-1,-1
93,2,888.8862915039062,505.1242370605469,69.77532958984375,184.11300659179688,-1,-1,-1,-1
94,2,893.9102783203125,518.0524291992188,70.6031494140625,184.43048095703125,-1,-1,-1,-1
95,2,888.35791015625,523.5358276367188,74.647216796875,190.06427001953125,-1,-1,-1,-1
96,2,897.8589477539062,533.8932495117188,72.521484375,191.6112060546875,-1,-1,-1,-1
97,2,912.6441650390625,510.5140686035156,70.440185546875,190.92691040039062,-1,-1,-1,-1
98,2,903.908203125,490.8804931640625,70.56707763671875,183.94769287109375,-1,-1,-1,-1
99,2,894.0235595703125,438.7925109863281,69.0875244140625,187.17813110351562,-1,-1,-1,-1
100,2,885.278076171875,418.95855712890625,67.96295166015625,186.71905517578125,-1,-1,-1,-1
101,2,894.2316284179688,436.0992431640625,64.87286376953125,193.9654541015625,-1,-1,-1,-1
102,2,894.9906005859375,425.5050964355469,66.12298583984375,208.20352172851562,-1,-1,-1,-1
103,2,867.6259155273438,373.4468688964844,68.24322509765625,203.82241821289062,-1,-1,-1,-1
104,2,877.688232421875,347.5368957519531,68.45050048828125,206.43276977539062,-1,-1,-1,-1
105,2,862.79296875,359.8233947753906,67.6015625,184.57937622070312,-1,-1,-1,-1
106,2,839.9788818359375,356.8622741699219,64.4586181640625,179.70352172851562,-1,-1,-1,-1
107,2,840.494384765625,363.1098327636719,59.9892578125,166.74105834960938,-1,-1,-1,-1
108,2,831.2391357421875,360.8962097167969,68.82672119140625,147.91973876953125,-1,-1,-1,-1
109,2,856.8619384765625,361.3851318359375,46.9720458984375,125.1826171875,-1,-1,-1,-1
110,2,856.6488647460938,350.2488098144531,47.45562744140625,132.63351440429688,-1,-1,-1,-1
111,2,848.098876953125,348.9626159667969,71.2911376953125,152.02273559570312,-1,-1,-1,-1
112,2,838.00244140625,306.4627380371094,97.9512939453125,237.98190307617188,-1,-1,-1,-1
118,2,868.4047241210938,556.5357666015625,41.57525634765625,97.7049560546875,-1,-1,-1,-1
119,2,849.9747924804688,597.146240234375,47.231201171875,95.70831298828125,-1,-1,-1,-1
120,2,848.88330078125,634.44189453125,51.1507568359375,94.116943359375,-1,-1,-1,-1
121,2,818.8687744140625,658.4996948242188,63.5010986328125,131.673583984375,-1,-1,-1,-1
122,2,817.0685424804688,669.46484375,67.18682861328125,145.5626220703125,-1,-1,-1,-1
123,2,818.5180053710938,653.2821655273438,71.0677490234375,158.2030029296875,-1,-1,-1,-1
124,2,820.69873046875,614.4202270507812,68.001708984375,149.450439453125,-1,-1,-1,-1
125,2,812.3017578125,554.775390625,75.440185546875,152.822998046875,-1,-1,-1,-1
126,2,815.105712890625,484.771728515625,75.95648193359375,176.87762451171875,-1,-1,-1,-1
127,2,808.7125244140625,410.5692138671875,85.167724609375,210.63531494140625,-1,-1,-1,-1
128,2,808.2294921875,356.8323669433594,80.82568359375,211.68838500976562,-1,-1,-1,-1
129,2,794.0855712890625,318.81982421875,81.74664306640625,196.3309326171875,-1,-1,-1,-1
130,2,778.3222045898438,295.07525634765625,82.57366943359375,185.779052734375,-1,-1,-1,-1
131,2,772.555419921875,292.2606201171875,72.38018798828125,177.23916625976562,-1,-1,-1,-1
132,2,769.3070068359375,304.0548095703125,68.0679931640625,183.49911499023438,-1,-1,-1,-1
133,2,756.80322265625,318.53759765625,68.63043212890625,183.09182739257812,-1,-1,-1,-1
134,2,749.2333984375,337.9681396484375,74.041015625,200.70611572265625,-1,-1,-1,-1
135,2,750.269287109375,364.5727233886719,62.88232421875,175.82754516601562,-1,-1,-1,-1
136,2,742.7760009765625,388.1800842285156,68.3387451171875,171.99136352539062,-1,-1,-1,-1
137,2,737.3527221679688,413.8125,73.5728759765625,174.44891357421875,-1,-1,-1,-1
138,2,729.1346435546875,431.3377685546875,81.9718017578125,179.25543212890625,-1,-1,-1,-1
150,3,764.3700561523438,590.6223754882812,79.1986083984375,184.0128173828125,-1,-1,-1,-1
151,3,784.68603515625,603.8792724609375,68.25836181640625,163.258056640625,-1,-1,-1,-1
152,3,791.0338134765625,607.1723022460938,69.8604736328125,170.795654296875,-1,-1,-1,-1
153,3,794.6805419921875,611.5743408203125,74.33343505859375,173.495849609375,-1,-1,-1,-1
154,3,796.6357421875,623.3984375,72.21533203125,171.3524169921875,-1,-1,-1,-1
155,3,801.33251953125,609.9593505859375,70.77789306640625,169.24530029296875,-1,-1,-1,-1
156,3,808.171142578125,604.6182861328125,66.37628173828125,164.93853759765625,-1,-1,-1,-1
157,3,806.3464965820312,610.9453735351562,67.53778076171875,165.80096435546875,-1,-1,-1,-1
158,3,806.0907592773438,609.2073974609375,67.55242919921875,166.7879638671875,-1,-1,-1,-1
159,3,806.05224609375,607.7073974609375,65.90380859375,165.179931640625,-1,-1,-1,-1
160,3,804.5973510742188,603.2260131835938,65.75726318359375,166.89495849609375,-1,-1,-1,-1
161,3,804.2350463867188,601.4923706054688,63.74798583984375,164.3779296875,-1,-1,-1,-1
162,3,803.9053344726562,610.0601806640625,62.7366943359375,168.63720703125,-1,-1,-1,-1
163,3,793.5892333984375,619.17333984375,66.052978515625,173.1287841796875,-1,-1,-1,-1
164,3,789.1484985351562,604.798583984375,67.727783203125,175.58294677734375,-1,-1,-1,-1
165,3,794.3013916015625,586.9911499023438,62.4698486328125,170.14385986328125,-1,-1,-1,-1
166,3,795.5570678710938,579.0740356445312,61.81317138671875,176.3441162109375,-1,-1,-1,-1
167,3,797.2125244140625,587.3571166992188,60.15972900390625,172.959228515625,-1,-1,-1,-1
168,3,797.130859375,590.8698120117188,57.684326171875,174.83074951171875,-1,-1,-1,-1
169,3,790.0392456054688,591.1203002929688,63.373046875,167.7314453125,-1,-1,-1,-1
170,3,788.6237182617188,600.3519287109375,63.06683349609375,157.3948974609375,-1,-1,-1,-1
171,3,789.57666015625,614.9266967773438,63.44769287109375,157.5672607421875,-1,-1,-1,-1
172,3,793.2413330078125,630.6046142578125,64.20941162109375,159.3406982421875,-1,-1,-1,-1
173,3,801.3132934570312,642.5568237304688,64.838623046875,159.7269287109375,-1,-1,-1,-1
174,3,806.4739990234375,644.7417602539062,64.53985595703125,208.5523681640625,-1,-1,-1,-1
175,3,812.5608520507812,641.8744506835938,64.36767578125,205.0228271484375,-1,-1,-1,-1
176,3,813.2440795898438,620.506591796875,63.35638427734375,208.7862548828125,-1,-1,-1,-1
177,3,808.723876953125,622.7544555664062,64.61962890625,215.34857177734375,-1,-1,-1,-1
178,3,805.0963134765625,634.7079467773438,64.83441162109375,223.19219970703125,-1,-1,-1,-1
179,3,807.5301513671875,654.0067749023438,62.17022705078125,170.91937255859375,-1,-1,-1,-1
180,3,805.2998046875,662.9013671875,65.74200439453125,171.86102294921875,-1,-1,-1,-1
181,3,802.59619140625,663.9307861328125,65.75042724609375,165.18341064453125,-1,-1,-1,-1
182,3,795.3735961914062,656.4773559570312,72.17822265625,167.17462158203125,-1,-1,-1,-1
183,3,795.856689453125,639.4697875976562,70.7169189453125,166.90838623046875,-1,-1,-1,-1
184,3,794.8248901367188,635.9540405273438,71.6861572265625,167.55999755859375,-1,-1,-1,-1
185,3,792.8174438476562,634.1835327148438,75.05950927734375,169.911376953125,-1,-1,-1,-1
186,3,791.0641479492188,629.511962890625,74.37481689453125,166.3267822265625,-1,-1,-1,-1
187,3,787.6190185546875,630.5293579101562,77.02899169921875,168.0584716796875,-1,-1,-1,-1
188,3,784.623046875,633.1639404296875,79.39276123046875,168.853271484375,-1,-1,-1,-1
189,3,785.400634765625,631.6373291015625,82.39208984375,168.5181884765625,-1,-1,-1,-1
190,3,789.5430908203125,637.639404296875,81.2423095703125,171.5159912109375,-1,-1,-1,-1
191,3,794.3270263671875,633.8992919921875,76.65838623046875,176.84771728515625,-1,-1,-1,-1
192,3,791.382568359375,628.1195068359375,81.49017333984375,191.94677734375,-1,-1,-1,-1
193,3,789.9227294921875,574.09375,108.0186767578125,259.786865234375,-1,-1,-1,-1
194,3,794.2400512695312,530.3001708984375,122.03594970703125,265.6502685546875,-1,-1,-1,-1
170,4,725.6639404296875,607.9669799804688,59.1044921875,152.8365478515625,-1,-1,-1,-1
171,4,725.4083862304688,623.32861328125,59.82757568359375,154.19158935546875,-1,-1,-1,-1
172,4,729.895263671875,638.491943359375,56.228271484375,146.6591796875,-1,-1,-1,-1
173,4,729.2159423828125,652.4948120117188,64.24139404296875,151.52789306640625,-1,-1,-1,-1
174,4,732.4686889648438,648.9171142578125,67.38507080078125,169.38671875,-1,-1,-1,-1
175,4,738.99560546875,643.3563232421875,72.55035400390625,170.92645263671875,-1,-1,-1,-1
176,4,746.5415649414062,627.1118774414062,75.4027099609375,168.08447265625,-1,-1,-1,-1
177,4,738.6995239257812,635.9641723632812,65.94354248046875,157.32244873046875,-1,-1,-1,-1
178,4,745.0051879882812,642.759033203125,54.25555419921875,156.0054931640625,-1,-1,-1,-1
179,4,746.2034301757812,662.5128173828125,55.33514404296875,144.952880859375,-1,-1,-1,-1
180,4,747.6263427734375,671.5155029296875,54.8536376953125,140.0992431640625,-1,-1,-1,-1
181,4,746.8796997070312,673.2212524414062,50.48590087890625,127.701904296875,-1,-1,-1,-1
182,4,737.127197265625,672.2871704101562,58.81024169921875,132.27801513671875,-1,-1,-1,-1
183,4,742.9779052734375,648.93701171875,54.97613525390625,143.37396240234375,-1,-1,-1,-1
184,4,745.3212890625,642.8077392578125,51.9161376953125,144.365234375,-1,-1,-1,-1
185,4,747.5845336914062,642.209228515625,51.4453125,141.62109375,-1,-1,-1,-1
186,4,745.0081176757812,636.6771850585938,52.22027587890625,143.1800537109375,-1,-1,-1,-1
187,4,743.4075317382812,637.1380615234375,52.6494140625,144.2242431640625,-1,-1,-1,-1
188,4,742.7021484375,641.9722900390625,54.11004638671875,142.93017578125,-1,-1,-1,-1
189,4,745.6229858398438,641.0501098632812,54.74249267578125,144.14178466796875,-1,-1,-1,-1
190,4,749.420654296875,647.0850219726562,61.6290283203125,156.44964599609375,-1,-1,-1,-1
191,4,755.6500854492188,637.7108764648438,72.63189697265625,174.3533935546875,-1,-1,-1,-1
192,4,766.78466796875,628.0565185546875,99.6104736328125,188.7125244140625,-1,-1,-1,-1
193,4,782.4254760742188,572.4613647460938,117.70867919921875,281.72393798828125,-1,-1,-1,-1
194,4,791.4510498046875,529.7019653320312,127.857666015625,293.94989013671875,-1,-1,-1,-1
196,4,737.2874755859375,448.96026611328125,302.6751708984375,441.2818603515625,-1,-1,-1,-1
197,4,705.4122314453125,428.0141296386719,337.35986328125,468.2284240722656,-1,-1,-1,-1
198,4,704.0950317382812,420.987060546875,340.70758056640625,494.6851806640625,-1,-1,-1,-1
175,5,524.554931640625,677.598388671875,35.627197265625,94.10955810546875,-1,-1,-1,-1
176,5,528.2321166992188,652.640869140625,35.37933349609375,91.412841796875,-1,-1,-1,-1
177,5,525.2645263671875,655.7425537109375,38.10577392578125,103.07855224609375,-1,-1,-1,-1
178,5,522.743408203125,672.7099609375,39.60137939453125,99.29473876953125,-1,-1,-1,-1
179,5,526.6820068359375,693.6732177734375,36.0345458984375,90.85821533203125,-1,-1,-1,-1
180,5,528.168701171875,704.8456420898438,38.54376220703125,97.80291748046875,-1,-1,-1,-1
181,5,526.9822387695312,708.325439453125,39.33001708984375,99.79656982421875,-1,-1,-1,-1
182,5,521.192626953125,705.2101440429688,39.11224365234375,95.57318115234375,-1,-1,-1,-1
183,5,523.2953491210938,681.1878051757812,37.381591796875,90.79449462890625,-1,-1,-1,-1
184,5,523.56494140625,675.3258666992188,40.690185546875,98.47039794921875,-1,-1,-1,-1
185,5,522.0670776367188,674.4935913085938,40.68463134765625,96.14996337890625,-1,-1,-1,-1
186,5,518.2366943359375,669.4029541015625,40.5648193359375,94.2332763671875,-1,-1,-1,-1
187,5,515.6616821289062,671.5527954101562,45.480224609375,101.79541015625,-1,-1,-1,-1
188,5,515.9732666015625,674.2081298828125,45.0845947265625,101.56646728515625,-1,-1,-1,-1
189,5,516.697265625,672.3843994140625,42.8690185546875,100.63323974609375,-1,-1,-1,-1
190,5,527.728515625,674.239013671875,39.46551513671875,95.68035888671875,-1,-1,-1,-1
191,5,529.8761596679688,671.266357421875,41.29400634765625,100.9117431640625,-1,-1,-1,-1
192,5,531.7399291992188,670.1294555664062,44.14862060546875,109.9969482421875,-1,-1,-1,-1
193,5,555.4677124023438,643.83837890625,38.45172119140625,96.9141845703125,-1,-1,-1,-1
194,5,559.0198974609375,612.537109375,41.989013671875,94.42095947265625,-1,-1,-1,-1
195,5,561.8189086914062,583.8248291015625,46.9693603515625,99.434814453125,-1,-1,-1,-1
196,5,557.688720703125,563.9947509765625,53.963134765625,110.1395263671875,-1,-1,-1,-1
197,5,548.4100341796875,560.114990234375,71.54766845703125,123.2547607421875,-1,-1,-1,-1
198,5,556.8446655273438,572.8553466796875,51.57952880859375,99.67437744140625,-1,-1,-1,-1
199,5,562.7681274414062,596.9681396484375,54.0316162109375,103.87359619140625,-1,-1,-1,-1
200,5,566.9721069335938,620.3914794921875,59.83709716796875,101.93817138671875,-1,-1,-1,-1
201,5,564.511474609375,643.490234375,46.8492431640625,92.54229736328125,-1,-1,-1,-1
202,5,556.0016479492188,651.3214721679688,49.58740234375,97.64935302734375,-1,-1,-1,-1
203,5,556.5836181640625,656.1677856445312,54.04052734375,104.51690673828125,-1,-1,-1,-1
204,5,558.5608520507812,670.3744506835938,57.41876220703125,105.79437255859375,-1,-1,-1,-1
205,5,562.0619506835938,682.7081298828125,73.4908447265625,120.53167724609375,-1,-1,-1,-1
206,5,566.7138061523438,693.9512939453125,68.920166015625,121.31268310546875,-1,-1,-1,-1
207,5,570.771728515625,695.139404296875,65.1387939453125,106.0997314453125,-1,-1,-1,-1
208,5,574.4407958984375,703.4421997070312,46.13458251953125,90.21331787109375,-1,-1,-1,-1
209,5,576.9327392578125,698.720703125,40.47369384765625,85.89739990234375,-1,-1,-1,-1
210,5,579.7258911132812,701.4979858398438,40.1900634765625,91.2088623046875,-1,-1,-1,-1
211,5,574.7928466796875,704.1470336914062,41.0635986328125,89.97406005859375,-1,-1,-1,-1
212,5,578.4705200195312,685.2169799804688,43.00762939453125,98.2930908203125,-1,-1,-1,-1
213,5,583.0818481445312,664.2083129882812,40.06689453125,93.49005126953125,-1,-1,-1,-1
214,5,586.5671997070312,647.16455078125,37.84912109375,89.7213134765625,-1,-1,-1,-1
215,5,585.9718627929688,644.2230224609375,40.13427734375,88.96014404296875,-1,-1,-1,-1
216,5,581.5614013671875,636.7474365234375,37.70770263671875,92.2867431640625,-1,-1,-1,-1
217,5,577.388916015625,622.084716796875,38.4097900390625,88.8253173828125,-1,-1,-1,-1
218,5,571.7869873046875,638.0679321289062,41.41375732421875,91.4803466796875,-1,-1,-1,-1
219,5,566.29052734375,636.0187377929688,39.5294189453125,91.14202880859375,-1,-1,-1,-1
220,5,567.0352783203125,621.513427734375,42.93731689453125,106.44073486328125,-1,-1,-1,-1
221,5,559.2369384765625,611.6790771484375,42.81414794921875,97.6500244140625,-1,-1,-1,-1
222,5,555.2119750976562,609.7543334960938,38.9378662109375,92.6666259765625,-1,-1,-1,-1
223,5,557.9747314453125,619.6904907226562,42.8568115234375,102.226318359375,-1,-1,-1,-1
224,5,559.5689086914062,647.3384399414062,39.88824462890625,90.476318359375,-1,-1,-1,-1
225,5,552.5897216796875,644.0790405273438,44.53900146484375,97.78265380859375,-1,-1,-1,-1
226,5,545.0679931640625,619.2135620117188,43.93109130859375,101.02947998046875,-1,-1,-1,-1
227,5,544.6622314453125,617.0485229492188,44.5098876953125,96.26348876953125,-1,-1,-1,-1
228,5,556.2872924804688,617.775390625,41.4383544921875,95.48883056640625,-1,-1,-1,-1
229,5,557.8598022460938,613.84375,48.80987548828125,104.5091552734375,-1,-1,-1,-1
230,5,559.299560546875,605.1538696289062,41.7486572265625,101.72344970703125,-1,-1,-1,-1
231,5,562.0802001953125,592.9551391601562,40.46246337890625,97.12408447265625,-1,-1,-1,-1
232,5,565.7628173828125,594.1577758789062,39.857177734375,92.96600341796875,-1,-1,-1,-1
233,5,570.8554077148438,606.89892578125,42.6461181640625,104.2244873046875,-1,-1,-1,-1
234,5,572.791748046875,596.285400390625,42.30352783203125,106.3284912109375,-1,-1,-1,-1
235,5,584.28662109375,592.2542114257812,39.290283203125,93.50030517578125,-1,-1,-1,-1
236,5,595.771484375,596.8421020507812,48.4913330078125,97.3013916015625,-1,-1,-1,-1
237,5,601.0823974609375,605.5404052734375,39.06915283203125,90.70458984375,-1,-1,-1,-1
238,5,599.5023803710938,623.459716796875,50.08984375,97.578857421875,-1,-1,-1,-1
239,5,598.8433837890625,636.7880859375,51.81951904296875,96.613525390625,-1,-1,-1,-1
240,5,596.4712524414062,652.3679809570312,58.03912353515625,106.62628173828125,-1,-1,-1,-1
241,5,595.1929321289062,662.2631225585938,42.805908203125,90.61102294921875,-1,-1,-1,-1
242,5,597.238525390625,647.0732421875,41.13348388671875,91.10345458984375,-1,-1,-1,-1
243,5,600.9599609375,626.9891967773438,45.714599609375,99.44744873046875,-1,-1,-1,-1
244,5,607.966552734375,615.1362915039062,39.69677734375,89.81158447265625,-1,-1,-1,-1
245,5,613.0524291992188,595.917724609375,41.3489990234375,98.0802001953125,-1,-1,-1,-1
246,5,613.3384399414062,588.4033203125,43.073974609375,92.88037109375,-1,-1,-1,-1
247,5,614.8756713867188,590.0391235351562,41.28936767578125,93.39520263671875,-1,-1,-1,-1
248,5,619.1144409179688,591.63525390625,37.95416259765625,88.97430419921875,-1,-1,-1,-1
249,5,623.5510864257812,596.9541015625,39.425048828125,92.230712890625,-1,-1,-1,-1
250,5,625.5375366210938,607.4063110351562,36.8167724609375,88.025146484375,-1,-1,-1,-1
251,5,629.1687622070312,611.5130615234375,41.42413330078125,91.117431640625,-1,-1,-1,-1
252,5,635.91015625,595.7507934570312,42.3475341796875,95.53924560546875,-1,-1,-1,-1
253,5,636.4901733398438,594.8887329101562,41.01300048828125,92.06976318359375,-1,-1,-1,-1
254,5,636.2582397460938,593.8041381835938,37.61114501953125,82.79779052734375,-1,-1,-1,-1
255,5,640.4049072265625,586.8592529296875,38.96124267578125,86.1292724609375,-1,-1,-1,-1
256,5,651.0305786132812,580.3248901367188,39.12646484375,83.90093994140625,-1,-1,-1,-1
257,5,659.053955078125,590.3021850585938,43.37860107421875,89.4075927734375,-1,-1,-1,-1
258,5,670.2314453125,588.7550048828125,40.97967529296875,88.38232421875,-1,-1,-1,-1
259,5,703.5825805664062,567.3467407226562,45.11590576171875,92.62298583984375,-1,-1,-1,-1
260,5,713.6826171875,559.9425048828125,45.378662109375,97.59844970703125,-1,-1,-1,-1
261,5,750.801513671875,517.2439575195312,52.64794921875,94.07537841796875,-1,-1,-1,-1
262,5,791.81640625,475.5389099121094,49.578369140625,103.00064086914062,-1,-1,-1,-1
263,5,802.729736328125,447.03887939453125,45.083740234375,103.59619140625,-1,-1,-1,-1
264,5,814.643798828125,441.46356201171875,50.61163330078125,110.022216796875,-1,-1,-1,-1
265,5,814.4237670898438,464.43792724609375,49.7037353515625,106.09613037109375,-1,-1,-1,-1
266,5,825.5091552734375,465.5237731933594,43.5198974609375,102.56082153320312,-1,-1,-1,-1
267,5,848.2708129882812,464.9847412109375,40.80230712890625,91.48699951171875,-1,-1,-1,-1
268,5,830.985107421875,431.8726806640625,41.47857666015625,91.05029296875,-1,-1,-1,-1
269,5,831.46435546875,414.3249206542969,43.67413330078125,103.52999877929688,-1,-1,-1,-1
270,5,847.7061157226562,399.1753234863281,56.57470703125,116.99868774414062,-1,-1,-1,-1
276,5,779.7177734375,334.57476806640625,131.40631103515625,256.63140869140625,-1,-1,-1,-1
277,5,732.02685546875,340.9970703125,164.36297607421875,331.32232666015625,-1,-1,-1,-1
278,5,730.6348876953125,369.6192626953125,156.4322509765625,356.40399169921875,-1,-1,-1,-1
279,5,723.7432861328125,407.1009216308594,159.85931396484375,356.1159973144531,-1,-1,-1,-1
280,5,718.381103515625,457.3102111816406,163.597412109375,349.6972961425781,-1,-1,-1,-1
203,6,820.3974609375,595.1625366210938,107.62109375,183.09051513671875,-1,-1,-1,-1
204,6,823.214111328125,617.571044921875,103.886962890625,175.7760009765625,-1,-1,-1,-1
205,6,829.654541015625,634.8921508789062,92.97442626953125,176.95867919921875,-1,-1,-1,-1
206,6,829.1738891601562,648.832275390625,82.2811279296875,177.6668701171875,-1,-1,-1,-1
207,6,837.4522705078125,651.9876098632812,79.96697998046875,176.04632568359375,-1,-1,-1,-1
208,6,836.0529174804688,655.1028442382812,86.6214599609375,176.160888671875,-1,-1,-1,-1
209,6,836.6278076171875,655.267333984375,74.78436279296875,177.18682861328125,-1,-1,-1,-1
210,6,839.7323608398438,659.8157348632812,77.25897216796875,179.42974853515625,-1,-1,-1,-1
211,6,836.3783569335938,657.5298461914062,73.49517822265625,179.483642578125,-1,-1,-1,-1
212,6,839.546875,647.02392578125,70.0574951171875,175.97747802734375,-1,-1,-1,-1
213,6,844.8974609375,633.2730712890625,73.93255615234375,174.5059814453125,-1,-1,-1,-1
214,6,849.0184936523438,617.2821044921875,75.32623291015625,174.220703125,-1,-1,-1,-1
215,6,849.4320678710938,611.92578125,74.96917724609375,171.96173095703125,-1,-1,-1,-1
216,6,843.5029907226562,601.82421875,71.8779296875,171.5135498046875,-1,-1,-1,-1
217,6,842.1039428710938,589.1255493164062,72.200439453125,170.07196044921875,-1,-1,-1,-1
218,6,837.117919921875,607.8482666015625,73.6888427734375,170.36114501953125,-1,-1,-1,-1
219,6,830.0654907226562,605.7301635742188,74.3861083984375,172.21124267578125,-1,-1,-1,-1
220,6,833.1226806640625,594.822265625,69.44146728515625,177.11199951171875,-1,-1,-1,-1
221,6,827.4694213867188,583.984130859375,71.4410400390625,182.18798828125,-1,-1,-1,-1
222,6,823.3663330078125,581.3746337890625,73.7623291015625,181.96142578125,-1,-1,-1,-1
223,6,823.95654296875,590.754150390625,76.3009033203125,180.15234375,-1,-1,-1,-1
224,6,824.1828002929688,614.0716552734375,73.9219970703125,181.88970947265625,-1,-1,-1,-1
225,6,818.24755859375,613.4019775390625,67.985595703125,179.8055419921875,-1,-1,-1,-1
226,6,810.9541625976562,586.66064453125,70.617919921875,179.23284912109375,-1,-1,-1,-1
227,6,809.6369018554688,580.8091430664062,76.64630126953125,185.425048828125,-1,-1,-1,-1
228,6,821.4552001953125,584.7100219726562,71.30157470703125,181.66064453125,-1,-1,-1,-1
229,6,824.6661376953125,583.55859375,75.477783203125,181.7833251953125,-1,-1,-1,-1
230,6,824.9716796875,578.4476318359375,75.90325927734375,179.2806396484375,-1,-1,-1,-1
231,6,821.0955810546875,569.3801879882812,79.361572265625,183.8167724609375,-1,-1,-1,-1
232,6,824.0193481445312,567.5874633789062,78.873291015625,184.68365478515625,-1,-1,-1,-1
233,6,827.5760498046875,580.6818237304688,75.48284912109375,203.58416748046875,-1,-1,-1,-1
234,6,832.9652099609375,568.732177734375,74.9044189453125,183.982666015625,-1,-1,-1,-1
235,6,843.7186279296875,559.5567016601562,75.725341796875,176.4149169921875,-1,-1,-1,-1
236,6,854.418701171875,562.988037109375,78.9053955078125,175.121337890625,-1,-1,-1,-1
237,6,859.440185546875,570.862548828125,80.91229248046875,175.704833984375,-1,-1,-1,-1
238,6,858.366943359375,589.8760375976562,80.86199951171875,173.486083984375,-1,-1,-1,-1
239,6,858.5882568359375,606.7279663085938,79.6497802734375,174.4901123046875,-1,-1,-1,-1
240,6,855.856201171875,619.49658203125,80.7369384765625,172.8052978515625,-1,-1,-1,-1
241,6,851.8162231445312,625.0169067382812,80.627685546875,171.9696044921875,-1,-1,-1,-1
242,6,854.7391357421875,614.9275512695312,79.0760498046875,172.7078857421875,-1,-1,-1,-1
243,6,861.0958251953125,596.7481079101562,78.5797119140625,172.861572265625,-1,-1,-1,-1
244,6,867.785400390625,583.0529174804688,79.22479248046875,173.9154052734375,-1,-1,-1,-1
245,6,874.0772705078125,565.327880859375,75.57562255859375,175.3463134765625,-1,-1,-1,-1
246,6,875.263427734375,557.8964233398438,77.77508544921875,176.6373291015625,-1,-1,-1,-1
247,6,877.9955444335938,561.9520874023438,78.54315185546875,176.90460205078125,-1,-1,-1,-1
248,6,882.14501953125,564.8949584960938,80.13421630859375,177.88421630859375,-1,-1,-1,-1
249,6,888.8217163085938,570.8626708984375,76.105224609375,180.55029296875,-1,-1,-1,-1
250,6,890.64208984375,581.2206420898438,78.7742919921875,179.53839111328125,-1,-1,-1,-1
251,6,896.44775390625,585.49755859375,80.77215576171875,181.6395263671875,-1,-1,-1,-1
252,6,903.7600708007812,566.0552368164062,82.267333984375,184.95098876953125,-1,-1,-1,-1
253,6,904.5936889648438,563.2342529296875,82.9041748046875,183.88330078125,-1,-1,-1,-1
254,6,903.7423095703125,561.7630004882812,82.7520751953125,185.237060546875,-1,-1,-1,-1
255,6,908.8556518554688,552.8154907226562,80.42303466796875,188.1357421875,-1,-1,-1,-1
256,6,918.0592041015625,549.424072265625,82.82574462890625,188.1455078125,-1,-1,-1,-1
257,6,927.1396484375,559.2255859375,82.54644775390625,186.596435546875,-1,-1,-1,-1
258,6,937.6634521484375,560.3805541992188,87.71514892578125,188.20794677734375,-1,-1,-1,-1
259,6,974.5885620117188,537.8740844726562,83.44134521484375,192.51580810546875,-1,-1,-1,-1
260,6,989.1929931640625,526.2020263671875,82.068603515625,191.30780029296875,-1,-1,-1,-1
261,6,1031.26806640625,482.66204833984375,81.6884765625,196.4677734375,-1,-1,-1,-1
262,6,1081.408935546875,445.7466735839844,82.623291015625,202.67062377929688,-1,-1,-1,-1
263,6,1086.6212158203125,424.2974548339844,83.3033447265625,206.06796264648438,-1,-1,-1,-1
264,6,1098.7386474609375,423.9646911621094,85.1771240234375,204.67849731445312,-1,-1,-1,-1
265,6,1094.0015869140625,434.41839599609375,84.9410400390625,201.50634765625,-1,-1,-1,-1
266,6,1104.66259765625,437.2130432128906,82.06640625,198.69680786132812,-1,-1,-1,-1
267,6,1125.1973876953125,441.05206298828125,83.105712890625,200.16253662109375,-1,-1,-1,-1
268,6,1105.9332275390625,414.1539306640625,81.459228515625,200.748779296875,-1,-1,-1,-1
269,6,1103.733154296875,406.4416809082031,81.6126708984375,199.90713500976562,-1,-1,-1,-1
270,6,1125.9444580078125,388.7534484863281,86.7861328125,202.35952758789062,-1,-1,-1,-1
271,6,1132.849853515625,373.57415771484375,84.27490234375,203.60107421875,-1,-1,-1,-1
272,6,1126.4022216796875,361.5965270996094,89.048583984375,204.70736694335938,-1,-1,-1,-1
273,6,1116.0677490234375,359.9130859375,85.5753173828125,202.6507568359375,-1,-1,-1,-1
274,6,1101.823974609375,359.9192199707031,85.295166015625,201.82485961914062,-1,-1,-1,-1
275,6,1087.529052734375,353.2367858886719,84.6981201171875,201.23477172851562,-1,-1,-1,-1
276,6,1075.89208984375,351.3086853027344,83.9522705078125,199.17080688476562,-1,-1,-1,-1
277,6,1055.018310546875,366.6801452636719,81.10791015625,196.70132446289062,-1,-1,-1,-1
278,6,1043.8404541015625,392.7552490234375,82.668212890625,195.56744384765625,-1,-1,-1,-1
279,6,1037.8680419921875,428.5232849121094,78.7978515625,191.30496215820312,-1,-1,-1,-1
280,6,1032.993408203125,475.2212219238281,79.1737060546875,188.89419555664062,-1,-1,-1,-1
281,6,1027.6871337890625,521.5565795898438,81.063720703125,186.76055908203125,-1,-1,-1,-1
282,6,1023.983154296875,551.1837768554688,80.6270751953125,187.008544921875,-1,-1,-1,-1
283,6,1025.9141845703125,551.3263549804688,81.08837890625,188.88446044921875,-1,-1,-1,-1
284,6,1028.419189453125,524.8515625,79.7864990234375,190.7540283203125,-1,-1,-1,-1
285,6,1026.0355224609375,481.6610107421875,83.898681640625,192.8726806640625,-1,-1,-1,-1
286,6,1025.0179443359375,431.7299499511719,83.3272705078125,198.99246215820312,-1,-1,-1,-1
287,6,1018.7088012695312,395.10614013671875,84.73455810546875,202.34442138671875,-1,-1,-1,-1
288,6,1013.3074951171875,375.8125915527344,87.8160400390625,203.53555297851562,-1,-1,-1,-1
289,6,1006.5618896484375,373.4485168457031,88.1932373046875,203.63162231445312,-1,-1,-1,-1
290,6,999.3124389648438,381.9752197265625,87.21392822265625,204.36236572265625,-1,-1,-1,-1
291,6,990.7625122070312,397.2803039550781,86.53680419921875,201.05166625976562,-1,-1,-1,-1
292,6,980.6839599609375,417.7871398925781,83.2091064453125,197.30819702148438,-1,-1,-1,-1
293,6,977.0597534179688,439.33782958984375,84.77642822265625,194.71539306640625,-1,-1,-1,-1
294,6,978.2042846679688,458.7655944824219,83.27105712890625,192.14346313476562,-1,-1,-1,-1
295,6,978.8235473632812,481.43243408203125,83.85736083984375,190.26605224609375,-1,-1,-1,-1
296,6,983.1013793945312,506.24591064453125,85.21978759765625,188.380615234375,-1,-1,-1,-1
297,6,991.1355590820312,529.21484375,83.96343994140625,187.321533203125,-1,-1,-1,-1
298,6,1000.1132202148438,548.5682983398438,84.70318603515625,187.2236328125,-1,-1,-1,-1
299,6,1008.0286254882812,566.4547119140625,84.38641357421875,188.640625,-1,-1,-1,-1
300,6,1014.026611328125,579.127197265625,84.243896484375,188.5943603515625,-1,-1,-1,-1
301,6,1019.6941528320312,587.380126953125,81.59320068359375,189.39434814453125,-1,-1,-1,-1
302,6,1032.7850341796875,596.8829956054688,81.5753173828125,189.65362548828125,-1,-1,-1,-1
303,6,1047.9052734375,603.4749145507812,79.8197021484375,192.52398681640625,-1,-1,-1,-1
304,6,1060.703857421875,604.50732421875,82.6875,194.2581787109375,-1,-1,-1,-1
305,6,1078.534423828125,606.8850708007812,85.84716796875,195.42913818359375,-1,-1,-1,-1
306,6,1099.0477294921875,611.2589111328125,81.810791015625,198.3380126953125,-1,-1,-1,-1
307,6,1116.161376953125,606.674560546875,81.9705810546875,203.0068359375,-1,-1,-1,-1
308,6,1132.6611328125,603.619873046875,86.3275146484375,207.3758544921875,-1,-1,-1,-1
309,6,1156.847412109375,610.5753173828125,85.9842529296875,208.2181396484375,-1,-1,-1,-1
310,6,1192.484619140625,625.4046630859375,93.0748291015625,216.388427734375,-1,-1,-1,-1
311,6,1232.0267333984375,624.028564453125,101.3780517578125,222.7965087890625,-1,-1,-1,-1
312,6,1280.91162109375,584.7186889648438,96.4881591796875,229.74249267578125,-1,-1,-1,-1
313,6,1320.57421875,539.383056640625,82.707275390625,237.90338134765625,-1,-1,-1,-1
314,6,1346.0262451171875,519.4068603515625,59.539794921875,236.56842041015625,-1,-1,-1,-1
315,6,1309.300537109375,519.4041137695312,93.6776123046875,201.376953125,-1,-1,-1,-1
305,7,822.3909912109375,632.559814453125,40.05975341796875,105.41387939453125,-1,-1,-1,-1
306,7,836.3026733398438,632.5054321289062,38.19366455078125,96.460693359375,-1,-1,-1,-1
307,7,848.3880615234375,624.596923828125,38.3206787109375,102.8802490234375,-1,-1,-1,-1
308,7,862.2964477539062,622.131591796875,38.90380859375,96.05389404296875,-1,-1,-1,-1
309,7,883.1007690429688,632.6152954101562,37.46600341796875,86.85211181640625,-1,-1,-1,-1
310,7,913.5314331054688,647.7980346679688,39.5330810546875,85.52777099609375,-1,-1,-1,-1
311,7,942.7129516601562,646.6533203125,43.49725341796875,92.27215576171875,-1,-1,-1,-1
312,7,979.4653930664062,603.84033203125,49.06036376953125,107.66241455078125,-1,-1,-1,-1
313,7,1014.2333984375,556.2440185546875,52.0794677734375,111.6934814453125,-1,-1,-1,-1
314,7,1041.729736328125,530.16845703125,44.240966796875,106.05572509765625,-1,-1,-1,-1
315,7,1067.331787109375,500.158935546875,53.39794921875,125.83599853515625,-1,-1,-1,-1
316,7,1101.592041015625,464.9971618652344,62.783935546875,158.03573608398438,-1,-1,-1,-1
329,8,1293.018798828125,472.3360595703125,101.9376220703125,238.41180419921875,-1,-1,-1,-1
330,8,1276.510498046875,450.15301513671875,100.7801513671875,239.1561279296875,-1,-1,-1,-1
331,8,1281.7705078125,411.14190673828125,103.0184326171875,238.93450927734375,-1,-1,-1,-1
332,8,1230.4669189453125,380.6967468261719,109.45263671875,234.68637084960938,-1,-1,-1,-1
333,8,1162.0845947265625,370.0507507324219,123.387939453125,232.14669799804688,-1,-1,-1,-1
334,8,1133.7774658203125,388.24200439453125,122.639404296875,228.85760498046875,-1,-1,-1,-1
335,8,1118.289306640625,410.8588562011719,112.5548095703125,223.07589721679688,-1,-1,-1,-1
336,8,1113.9425048828125,407.8381042480469,107.4107666015625,224.40133666992188,-1,-1,-1,-1
337,8,1090.2843017578125,402.37542724609375,105.4754638671875,223.14697265625,-1,-1,-1,-1
338,8,1083.0714111328125,408.01190185546875,100.3184814453125,221.53729248046875,-1,-1,-1,-1
339,8,1094.2364501953125,423.0190124511719,96.2840576171875,222.88589477539062,-1,-1,-1,-1
340,8,1094.7181396484375,441.3888244628906,93.57861328125,220.73355102539062,-1,-1,-1,-1
341,8,1083.5966796875,463.4434814453125,89.55810546875,220.27850341796875,-1,-1,-1,-1
342,8,1067.9490966796875,469.5274658203125,89.099609375,216.68316650390625,-1,-1,-1,-1
343,8,1056.531005859375,460.442138671875,87.4583740234375,216.4063720703125,-1,-1,-1,-1
344,8,1053.683837890625,455.97900390625,83.0399169921875,216.18328857421875,-1,-1,-1,-1
345,8,1052.01953125,455.66827392578125,81.4981689453125,215.25421142578125,-1,-1,-1,-1
346,8,1057.2015380859375,455.06787109375,83.521240234375,214.86639404296875,-1,-1,-1,-1
347,8,1072.968994140625,457.5498046875,83.81201171875,215.4263916015625,-1,-1,-1,-1
348,8,1100.688232421875,470.95947265625,84.1572265625,215.51995849609375,-1,-1,-1,-1
349,8,1137.0133056640625,488.2726745605469,86.7933349609375,215.04910278320312,-1,-1,-1,-1
350,8,1171.588623046875,472.5416564941406,88.7032470703125,220.07394409179688,-1,-1,-1,-1
351,8,1198.294677734375,456.6611328125,87.3890380859375,222.08624267578125,-1,-1,-1,-1
352,8,1211.5489501953125,450.7284851074219,86.316650390625,225.53170776367188,-1,-1,-1,-1
353,8,1226.6826171875,446.9646911621094,87.60107421875,225.54830932617188,-1,-1,-1,-1
354,8,1230.7843017578125,453.747802734375,92.424560546875,222.64251708984375,-1,-1,-1,-1
355,8,1232.989990234375,477.2450256347656,93.6998291015625,221.61062622070312,-1,-1,-1,-1
356,8,1238.5684814453125,496.15863037109375,94.71875,219.58294677734375,-1,-1,-1,-1
357,8,1247.9932861328125,506.12628173828125,94.2777099609375,218.12274169921875,-1,-1,-1,-1
358,8,1256.1253662109375,521.866455078125,92.9334716796875,217.9320068359375,-1,-1,-1,-1
359,8,1258.82470703125,529.2443237304688,92.5230712890625,218.5859375,-1,-1,-1,-1
360,8,1258.3729248046875,535.7029418945312,86.48388671875,216.69866943359375,-1,-1,-1,-1
361,8,1262.265625,535.5560913085938,83.4261474609375,221.03515625,-1,-1,-1,-1
362,8,1271.639892578125,534.0106201171875,83.2086181640625,223.888427734375,-1,-1,-1,-1
363,8,1279.706787109375,532.1253051757812,83.0733642578125,224.12701416015625,-1,-1,-1,-1
364,8,1296.13623046875,541.6785278320312,100.8212890625,226.93829345703125,-1,-1,-1,-1
365,8,1316.447265625,542.59375,85.5009765625,229.77557373046875,-1,-1,-1,-1
366,8,1347.0521240234375,553.7894287109375,58.87744140625,231.1126708984375,-1,-1,-1,-1
367,8,1288.61865234375,551.7455444335938,117.4671630859375,220.3719482421875,-1,-1,-1,-1
333,9,905.083251953125,361.04473876953125,40.43267822265625,82.17230224609375,-1,-1,-1,-1
334,9,886.1119995117188,378.40997314453125,40.152099609375,91.56210327148438,-1,-1,-1,-1
335,9,875.6864624023438,397.94171142578125,37.83380126953125,82.7896728515625,-1,-1,-1,-1
336,9,864.2716674804688,400.1218566894531,40.04364013671875,85.731689453125,-1,-1,-1,-1
337,9,844.4774169921875,394.7267761230469,40.5335693359375,86.03314208984375,-1,-1,-1,-1
338,9,837.1826782226562,401.179931640625,40.8369140625,85.88653564453125,-1,-1,-1,-1
339,9,845.066650390625,413.7425537109375,39.3497314453125,89.59759521484375,-1,-1,-1,-1
340,9,842.2083740234375,433.71368408203125,39.4910888671875,83.290771484375,-1,-1,-1,-1
341,9,830.94482421875,457.2081604003906,38.95703125,84.90646362304688,-1,-1,-1,-1
342,9,817.8057250976562,461.73004150390625,37.80474853515625,80.98504638671875,-1,-1,-1,-1
343,9,808.0285034179688,455.64605712890625,36.39630126953125,80.87640380859375,-1,-1,-1,-1
344,9,802.560546875,453.596435546875,36.42755126953125,79.24237060546875,-1,-1,-1,-1
345,9,802.1328735351562,456.6087341308594,36.9720458984375,77.20767211914062,-1,-1,-1,-1
346,9,806.0645751953125,459.7776794433594,38.24200439453125,81.91751098632812,-1,-1,-1,-1
347,9,821.6329345703125,467.84039306640625,37.69097900390625,82.59808349609375,-1,-1,-1,-1
348,9,846.4450073242188,485.92364501953125,38.57177734375,81.1217041015625,-1,-1,-1,-1
349,9,880.8578491210938,511.20233154296875,41.42266845703125,86.64483642578125,-1,-1,-1,-1
350,9,908.9737548828125,499.9389953613281,43.349365234375,88.14138793945312,-1,-1,-1,-1
351,9,931.5999755859375,477.7195739746094,38.10504150390625,83.86422729492188,-1,-1,-1,-1
352,9,943.1151733398438,469.7432861328125,39.55755615234375,88.5914306640625,-1,-1,-1,-1
353,9,957.0361328125,470.0876159667969,39.6280517578125,85.16427612304688,-1,-1,-1,-1
354,9,963.40380859375,482.00384521484375,36.64764404296875,81.31640625,-1,-1,-1,-1
355,9,966.2684326171875,509.7948913574219,39.8740234375,89.30068969726562,-1,-1,-1,-1
356,9,971.0946655273438,532.30615234375,42.33807373046875,94.17529296875,-1,-1,-1,-1
357,9,980.1829833984375,541.5469360351562,40.09564208984375,85.29095458984375,-1,-1,-1,-1
358,9,987.54931640625,559.5789184570312,41.063720703125,91.33514404296875,-1,-1,-1,-1
359,9,987.826171875,566.7399291992188,39.9412841796875,88.884521484375,-1,-1,-1,-1
360,9,985.9837646484375,567.1297607421875,40.998291015625,88.0460205078125,-1,-1,-1,-1
361,9,986.311767578125,563.7593994140625,42.435302734375,100.21630859375,-1,-1,-1,-1
362,9,994.7355346679688,563.61962890625,39.61480712890625,91.455078125,-1,-1,-1,-1
363,9,998.8135375976562,564.357421875,39.38787841796875,90.6910400390625,-1,-1,-1,-1
364,9,1011.9466552734375,572.3527221679688,40.60498046875,89.00445556640625,-1,-1,-1,-1
365,9,1023.2032470703125,588.87451171875,44.3941650390625,101.245849609375,-1,-1,-1,-1
366,9,1050.3421630859375,613.0423583984375,45.7498779296875,102.1197509765625,-1,-1,-1,-1
367,9,1061.0849609375,603.3948364257812,61.9520263671875,127.00286865234375,-1,-1,-1,-1
399,10,771.478759765625,1318.54638671875,79.73187255859375,91.609375,-1,-1,-1,-1
400,10,775.1176147460938,1297.521728515625,84.34490966796875,112.688720703125,-1,-1,-1,-1
401,10,787.9955444335938,1274.726806640625,85.805419921875,129.638427734375,-1,-1,-1,-1
402,10,796.1317138671875,1260.7398681640625,87.5343017578125,138.5335693359375,-1,-1,-1,-1
403,10,794.0856323242188,1263.073974609375,88.86456298828125,138.91015625,-1,-1,-1,-1
404,10,799.6534423828125,1264.634033203125,93.89910888671875,136.440185546875,-1,-1,-1,-1
407,10,649.8375244140625,1243.623779296875,286.9530029296875,159.476806640625,-1,-1,-1,-1
406,11,1101.7801513671875,168.75454711914062,88.841552734375,231.986083984375,-1,-1,-1,-1
407,11,1076.4061279296875,191.86277770996094,87.8955078125,227.1457061767578,-1,-1,-1,-1
408,11,1048.753173828125,224.9649658203125,84.4521484375,222.6251220703125,-1,-1,-1,-1
409,11,1035.019775390625,258.2503662109375,81.761474609375,218.0606689453125,-1,-1,-1,-1
410,11,1021.1754150390625,269.944580078125,93.5892333984375,217.3861083984375,-1,-1,-1,-1
411,11,1005.623046875,299.17193603515625,108.2664794921875,215.11328125,-1,-1,-1,-1
412,11,1010.1945190429688,339.5269470214844,102.83734130859375,210.11245727539062,-1,-1,-1,-1
413,11,1023.9320068359375,372.8597412109375,91.8082275390625,207.44873046875,-1,-1,-1,-1
414,11,1042.1968994140625,402.0855712890625,83.2398681640625,207.208251953125,-1,-1,-1,-1
415,11,1045.794677734375,424.0960693359375,81.479248046875,205.54266357421875,-1,-1,-1,-1
416,11,1041.314453125,433.7293701171875,77.2186279296875,202.6795654296875,-1,-1,-1,-1
417,11,1034.914794921875,435.8670349121094,77.0511474609375,203.56881713867188,-1,-1,-1,-1
418,11,1026.9805908203125,444.17352294921875,81.4947509765625,202.702880859375,-1,-1,-1,-1
419,11,1012.9071044921875,454.2010192871094,90.3575439453125,202.89547729492188,-1,-1,-1,-1
420,11,1021.6751708984375,464.7623596191406,78.3731689453125,200.66366577148438,-1,-1,-1,-1
421,11,1011.8322143554688,468.093994140625,81.09588623046875,202.0006103515625,-1,-1,-1,-1
422,11,1000.782470703125,469.54937744140625,82.966064453125,200.9622802734375,-1,-1,-1,-1
423,11,989.7789306640625,476.5351257324219,83.6656494140625,197.29306030273438,-1,-1,-1,-1
424,11,973.5751953125,492.8267822265625,86.812744140625,195.61285400390625,-1,-1,-1,-1
425,11,958.1583862304688,521.775390625,90.40533447265625,192.83270263671875,-1,-1,-1,-1
426,11,952.751953125,542.7469482421875,93.3604736328125,191.6414794921875,-1,-1,-1,-1
427,11,954.0636596679688,562.8038330078125,91.70989990234375,189.92431640625,-1,-1,-1,-1
428,11,944.9417114257812,582.7417602539062,91.69439697265625,188.43817138671875,-1,-1,-1,-1
429,11,927.530029296875,583.6199951171875,88.56195068359375,187.241943359375,-1,-1,-1,-1
430,11,905.9675903320312,563.3011474609375,80.56689453125,187.744873046875,-1,-1,-1,-1
431,11,888.0748901367188,549.27197265625,74.93109130859375,184.97991943359375,-1,-1,-1,-1
432,11,870.0743408203125,540.9755859375,74.68603515625,186.2210693359375,-1,-1,-1,-1
433,11,847.7417602539062,543.9650268554688,76.2386474609375,185.087890625,-1,-1,-1,-1
434,11,836.0614624023438,557.37744140625,77.0491943359375,183.52728271484375,-1,-1,-1,-1
435,11,822.605712890625,570.7591552734375,77.2322998046875,183.41461181640625,-1,-1,-1,-1
436,11,809.3150634765625,581.8419799804688,79.4444580078125,182.55157470703125,-1,-1,-1,-1
437,11,792.3048706054688,587.73291015625,78.932373046875,180.82244873046875,-1,-1,-1,-1
438,11,775.3786010742188,591.2977294921875,83.31439208984375,180.08331298828125,-1,-1,-1,-1
439,11,758.55078125,578.8546752929688,82.91375732421875,181.702880859375,-1,-1,-1,-1
440,11,734.8055419921875,566.267578125,83.95989990234375,184.74468994140625,-1,-1,-1,-1
441,11,707.7923583984375,559.2471313476562,86.4366455078125,194.13031005859375,-1,-1,-1,-1
442,11,692.540771484375,553.5023193359375,80.05023193359375,206.7467041015625,-1,-1,-1,-1
443,11,685.3716430664062,552.5316772460938,77.33001708984375,201.15020751953125,-1,-1,-1,-1
444,11,664.7183227539062,554.69384765625,102.54791259765625,226.72821044921875,-1,-1,-1,-1
445,11,649.337158203125,554.9644165039062,130.62646484375,233.33685302734375,-1,-1,-1,-1
446,11,653.8458862304688,564.225830078125,110.29217529296875,241.71856689453125,-1,-1,-1,-1
447,11,651.950927734375,572.6145629882812,80.86163330078125,191.6566162109375,-1,-1,-1,-1
448,11,643.8692016601562,574.7760620117188,85.95330810546875,198.60369873046875,-1,-1,-1,-1
449,11,628.4208374023438,577.0846557617188,85.652099609375,198.1650390625,-1,-1,-1,-1
450,11,614.30712890625,578.00830078125,86.66259765625,197.69012451171875,-1,-1,-1,-1
451,11,608.2149658203125,577.1803588867188,86.06109619140625,199.34619140625,-1,-1,-1,-1
452,11,609.2257080078125,577.0015869140625,87.79425048828125,201.17718505859375,-1,-1,-1,-1
453,11,609.0324096679688,587.738525390625,85.09283447265625,204.218017578125,-1,-1,-1,-1
454,11,607.5241088867188,590.4646606445312,87.344482421875,205.49774169921875,-1,-1,-1,-1
455,11,607.247314453125,578.8563232421875,84.078369140625,208.723388671875,-1,-1,-1,-1
456,11,612.8942260742188,569.3037719726562,83.04376220703125,209.12548828125,-1,-1,-1,-1
457,11,616.2801513671875,562.2929077148438,81.53216552734375,209.8353271484375,-1,-1,-1,-1
458,11,621.7379150390625,560.8713989257812,78.98223876953125,211.1292724609375,-1,-1,-1,-1
459,11,631.3372802734375,571.3528442382812,80.6407470703125,212.49383544921875,-1,-1,-1,-1
460,11,639.9515380859375,585.3196411132812,83.952392578125,212.87689208984375,-1,-1,-1,-1
461,11,627.7896728515625,568.2442626953125,81.65435791015625,209.1416015625,-1,-1,-1,-1
462,11,610.5528564453125,553.4818115234375,82.72833251953125,209.25732421875,-1,-1,-1,-1
463,11,595.399658203125,570.75732421875,89.678955078125,208.67510986328125,-1,-1,-1,-1
464,11,577.3203125,586.8439331054688,108.943359375,206.31219482421875,-1,-1,-1,-1
465,11,562.6216430664062,597.482177734375,121.72674560546875,208.01220703125,-1,-1,-1,-1
466,11,543.2040405273438,616.6923217773438,124.4893798828125,203.90716552734375,-1,-1,-1,-1
467,11,527.3153076171875,623.9906616210938,126.008544921875,205.71051025390625,-1,-1,-1,-1
468,11,516.8538818359375,620.1405029296875,125.016845703125,202.193603515625,-1,-1,-1,-1
469,11,506.4119873046875,608.259521484375,127.76568603515625,204.09332275390625,-1,-1,-1,-1
470,11,497.2156677246094,609.30224609375,126.97836303710938,203.4156494140625,-1,-1,-1,-1
471,11,485.7660217285156,619.4324951171875,128.38699340820312,203.21240234375,-1,-1,-1,-1
472,11,474.38372802734375,631.594970703125,128.82177734375,202.505126953125,-1,-1,-1,-1
473,11,461.77044677734375,638.0535278320312,129.10467529296875,202.49554443359375,-1,-1,-1,-1
474,11,455.25152587890625,642.8657836914062,130.0091552734375,205.09130859375,-1,-1,-1,-1
475,11,448.1534118652344,643.0956420898438,129.80563354492188,204.9832763671875,-1,-1,-1,-1
476,11,444.52447509765625,639.2115478515625,127.243896484375,204.521484375,-1,-1,-1,-1
477,11,443.3722229003906,636.372802734375,126.89053344726562,202.3995361328125,-1,-1,-1,-1
478,11,456.7318115234375,634.177734375,125.21820068359375,201.19647216796875,-1,-1,-1,-1
479,11,468.2295227050781,641.105712890625,124.21725463867188,203.3590087890625,-1,-1,-1,-1
480,11,477.57476806640625,637.30322265625,123.53436279296875,199.37530517578125,-1,-1,-1,-1
481,11,495.3655700683594,625.8040771484375,120.98208618164062,200.350830078125,-1,-1,-1,-1
482,11,516.2973022460938,617.1564331054688,119.30145263671875,198.545654296875,-1,-1,-1,-1
483,11,536.0693359375,612.8829956054688,114.4656982421875,199.3428955078125,-1,-1,-1,-1
484,11,561.1304321289062,612.3071899414062,107.570068359375,197.61102294921875,-1,-1,-1,-1
485,11,564.791259765625,608.878662109375,108.87054443359375,198.7655029296875,-1,-1,-1,-1
486,11,555.6129150390625,580.9982299804688,110.66033935546875,204.73455810546875,-1,-1,-1,-1
487,11,558.2589721679688,576.7286987304688,108.38641357421875,206.5902099609375,-1,-1,-1,-1
488,11,552.4754638671875,581.9554443359375,108.75152587890625,207.9710693359375,-1,-1,-1,-1
489,11,554.7015380859375,580.7377319335938,113.25885009765625,209.35260009765625,-1,-1,-1,-1
490,11,554.2604370117188,579.8114013671875,112.46649169921875,209.1798095703125,-1,-1,-1,-1
491,11,561.54345703125,595.1187744140625,110.50299072265625,204.2021484375,-1,-1,-1,-1
492,11,549.0899658203125,597.7942504882812,112.62744140625,205.87677001953125,-1,-1,-1,-1
493,11,549.3499145507812,589.0878295898438,113.8282470703125,202.85284423828125,-1,-1,-1,-1
494,11,563.7240600585938,593.1834106445312,111.22711181640625,199.19927978515625,-1,-1,-1,-1
495,11,562.1160888671875,596.3310546875,108.035400390625,198.419921875,-1,-1,-1,-1
496,11,555.2179565429688,599.7749633789062,108.20574951171875,199.7313232421875,-1,-1,-1,-1
497,11,554.4005126953125,600.71435546875,106.130859375,198.257080078125,-1,-1,-1,-1
498,11,561.3336181640625,597.7513427734375,102.41302490234375,195.487060546875,-1,-1,-1,-1
499,11,562.0615844726562,597.9888305664062,101.06195068359375,194.76751708984375,-1,-1,-1,-1
500,11,564.0968627929688,582.9273071289062,99.74822998046875,194.17657470703125,-1,-1,-1,-1
501,11,572.4308471679688,562.8436279296875,95.69195556640625,193.0089111328125,-1,-1,-1,-1
502,11,583.9546508789062,552.839111328125,93.29168701171875,193.9815673828125,-1,-1,-1,-1
503,11,594.9961547851562,554.5380249023438,90.58734130859375,192.91448974609375,-1,-1,-1,-1
504,11,607.5947265625,563.2508544921875,90.5103759765625,191.2635498046875,-1,-1,-1,-1
505,11,627.8526000976562,564.751708984375,81.38446044921875,189.66461181640625,-1,-1,-1,-1
506,11,654.4395751953125,562.1331787109375,79.624755859375,189.30487060546875,-1,-1,-1,-1
507,11,680.0523681640625,557.0660400390625,79.463623046875,192.88519287109375,-1,-1,-1,-1
508,11,710.2603759765625,554.0968627929688,79.58148193359375,202.23785400390625,-1,-1,-1,-1
509,11,743.09423828125,547.3878173828125,83.8863525390625,210.5855712890625,-1,-1,-1,-1
510,11,772.4991455078125,539.9139404296875,84.08056640625,204.00372314453125,-1,-1,-1,-1
511,11,797.1250610351562,537.211181640625,75.0445556640625,199.41058349609375,-1,-1,-1,-1
512,11,803.3426513671875,531.0230712890625,110.8922119140625,204.09759521484375,-1,-1,-1,-1
513,11,806.5767822265625,517.9766235351562,123.77264404296875,258.08868408203125,-1,-1,-1,-1
514,11,850.599365234375,541.5047607421875,88.29571533203125,206.73681640625,-1,-1,-1,-1
515,11,874.3252563476562,544.644287109375,88.07330322265625,203.31719970703125,-1,-1,-1,-1
516,11,893.6880493164062,547.9664306640625,91.37017822265625,205.8153076171875,-1,-1,-1,-1
517,11,916.0323486328125,547.7328491210938,91.036865234375,205.27001953125,-1,-1,-1,-1
518,11,937.587158203125,545.0628662109375,91.4251708984375,208.241455078125,-1,-1,-1,-1
519,11,956.1263427734375,550.1053466796875,91.479248046875,208.14715576171875,-1,-1,-1,-1
520,11,981.6758422851562,552.7012329101562,90.82647705078125,210.12628173828125,-1,-1,-1,-1
521,11,994.542236328125,555.300537109375,93.7569580078125,213.427978515625,-1,-1,-1,-1
522,11,1004.357177734375,566.1422119140625,89.6839599609375,211.0133056640625,-1,-1,-1,-1
523,11,1004.0369873046875,567.2907104492188,96.177978515625,212.9581298828125,-1,-1,-1,-1
524,11,1009.4689331054688,567.378173828125,99.54949951171875,213.7369384765625,-1,-1,-1,-1
525,11,1013.64013671875,570.7830200195312,101.4564208984375,214.7362060546875,-1,-1,-1,-1
526,11,1006.5333862304688,580.2999267578125,103.95306396484375,212.3623046875,-1,-1,-1,-1
527,11,1009.7656860351562,560.9891357421875,107.02264404296875,215.8900146484375,-1,-1,-1,-1
528,11,1022.810302734375,540.7485961914062,104.7296142578125,218.41888427734375,-1,-1,-1,-1
529,11,1019.8786010742188,509.2597961425781,122.83978271484375,224.72714233398438,-1,-1,-1,-1
530,11,1019.603271484375,486.07574462890625,120.6021728515625,226.82257080078125,-1,-1,-1,-1
531,11,1015.7230834960938,497.3938903808594,117.72943115234375,226.49472045898438,-1,-1,-1,-1
532,11,1024.6006469726562,497.7322998046875,118.49957275390625,228.61456298828125,-1,-1,-1,-1
533,11,1011.7747192382812,489.4674987792969,120.20037841796875,228.28530883789062,-1,-1,-1,-1
534,11,1000.3027954101562,485.45745849609375,120.56683349609375,228.11370849609375,-1,-1,-1,-1
535,11,989.82861328125,495.49346923828125,118.1185302734375,222.848388671875,-1,-1,-1,-1
536,11,974.5792236328125,495.21380615234375,116.0953369140625,219.761962890625,-1,-1,-1,-1
537,11,974.0262451171875,506.5849609375,111.894775390625,216.97857666015625,-1,-1,-1,-1
538,11,963.2650756835938,514.1542358398438,109.15692138671875,213.8023681640625,-1,-1,-1,-1
539,11,962.691162109375,511.9601135253906,106.012451171875,210.94589233398438,-1,-1,-1,-1
540,11,946.8885498046875,505.1752624511719,106.082763671875,205.93331909179688,-1,-1,-1,-1
541,11,937.3140869140625,483.79034423828125,104.306640625,204.32122802734375,-1,-1,-1,-1
542,11,944.9010009765625,484.778076171875,103.323974609375,202.3773193359375,-1,-1,-1,-1
543,11,940.1834106445312,503.6361083984375,100.22259521484375,198.9881591796875,-1,-1,-1,-1
544,11,935.4271240234375,528.5436401367188,91.198486328125,194.63677978515625,-1,-1,-1,-1
545,11,929.3414306640625,538.8692016601562,92.923095703125,192.61553955078125,-1,-1,-1,-1
546,11,927.9775390625,547.4443969726562,91.22039794921875,190.0760498046875,-1,-1,-1,-1
547,11,925.021240234375,572.1644287109375,84.15411376953125,190.4210205078125,-1,-1,-1,-1
548,11,926.5894775390625,593.8740234375,77.72711181640625,187.1806640625,-1,-1,-1,-1
549,11,917.6201171875,610.0726318359375,79.283203125,186.1329345703125,-1,-1,-1,-1
550,11,916.9904174804688,624.0549926757812,76.36370849609375,185.3974609375,-1,-1,-1,-1
551,11,915.85888671875,637.5158081054688,77.4959716796875,184.83612060546875,-1,-1,-1,-1
552,11,911.67919921875,648.82470703125,76.5291748046875,184.09466552734375,-1,-1,-1,-1
553,11,906.306396484375,637.7057495117188,79.5643310546875,184.80230712890625,-1,-1,-1,-1
554,11,905.3988037109375,633.4423828125,76.9329833984375,184.45477294921875,-1,-1,-1,-1
555,11,900.8141479492188,633.0172119140625,73.93927001953125,183.2900390625,-1,-1,-1,-1
556,11,893.07421875,625.0128173828125,76.86383056640625,183.59185791015625,-1,-1,-1,-1
557,11,893.334228515625,611.248046875,74.9698486328125,183.06329345703125,-1,-1,-1,-1
558,11,896.484619140625,604.8975219726562,72.37811279296875,184.47235107421875,-1,-1,-1,-1
559,11,900.6458740234375,602.8617553710938,72.748046875,189.1693115234375,-1,-1,-1,-1
560,11,906.2352294921875,626.3031616210938,72.34375,189.25531005859375,-1,-1,-1,-1
561,11,909.5990600585938,630.83837890625,73.080078125,188.17120361328125,-1,-1,-1,-1
562,11,905.9375,630.6867065429688,78.73114013671875,187.5706787109375,-1,-1,-1,-1
563,11,875.7774658203125,596.6810913085938,83.42864990234375,185.33966064453125,-1,-1,-1,-1
564,11,864.7965698242188,538.73291015625,98.35125732421875,184.8887939453125,-1,-1,-1,-1
565,11,883.2249755859375,515.8157958984375,88.9332275390625,185.40142822265625,-1,-1,-1,-1
566,11,871.719482421875,518.7816772460938,85.484619140625,181.95709228515625,-1,-1,-1,-1
567,11,872.69091796875,527.593505859375,75.896728515625,179.46307373046875,-1,-1,-1,-1
568,11,878.6754760742188,524.473876953125,81.29486083984375,177.56646728515625,-1,-1,-1,-1
569,11,884.9183959960938,510.9271240234375,78.07952880859375,178.31146240234375,-1,-1,-1,-1
570,11,901.939697265625,491.32733154296875,85.9625244140625,179.93841552734375,-1,-1,-1,-1
571,11,929.814697265625,474.21197509765625,89.11578369140625,181.94232177734375,-1,-1,-1,-1
572,11,929.8775634765625,466.85736083984375,86.64288330078125,183.21990966796875,-1,-1,-1,-1
573,11,941.56884765625,475.3702697753906,91.1669921875,183.64938354492188,-1,-1,-1,-1
574,11,970.3057861328125,491.2550964355469,90.201904296875,184.55752563476562,-1,-1,-1,-1
575,11,985.7636108398438,491.54498291015625,91.47259521484375,186.6905517578125,-1,-1,-1,-1
576,11,1024.9552001953125,474.8548889160156,93.2181396484375,195.10476684570312,-1,-1,-1,-1
577,11,1086.22412109375,448.8505554199219,89.5960693359375,202.38546752929688,-1,-1,-1,-1
578,11,1104.174072265625,422.11346435546875,85.642333984375,209.7945556640625,-1,-1,-1,-1
579,11,1081.154541015625,400.98065185546875,93.2359619140625,213.70233154296875,-1,-1,-1,-1
580,11,1080.8931884765625,403.550537109375,97.209716796875,214.174560546875,-1,-1,-1,-1
581,11,1086.279052734375,388.5379333496094,105.57177734375,216.73934936523438,-1,-1,-1,-1
582,11,1115.561279296875,360.1103210449219,101.1575927734375,222.52346801757812,-1,-1,-1,-1
583,11,1135.956298828125,327.3752746582031,99.70166015625,230.31478881835938,-1,-1,-1,-1
584,11,1123.0272216796875,302.98199462890625,109.5390625,235.60968017578125,-1,-1,-1,-1
585,11,1111.5205078125,286.26202392578125,123.7890625,236.66973876953125,-1,-1,-1,-1
586,11,1131.81884765625,248.32852172851562,131.2666015625,245.03952026367188,-1,-1,-1,-1
587,11,1207.923583984375,246.99331665039062,103.224609375,247.70669555664062,-1,-1,-1,-1
588,11,1260.757080078125,247.74649047851562,98.600830078125,235.58453369140625,-1,-1,-1,-1
589,11,1284.498291015625,247.95831298828125,114.3734130859375,228.5372314453125,-1,-1,-1,-1
590,11,1224.11669921875,234.7154083251953,187.17236328125,247.94544982910156,-1,-1,-1,-1
592,11,1254.744140625,293.345703125,133.669921875,244.63702392578125,-1,-1,-1,-1
593,11,1189.0828857421875,301.7629089355469,148.312255859375,253.47030639648438,-1,-1,-1,-1
594,11,1121.5400390625,310.24371337890625,147.425048828125,256.93609619140625,-1,-1,-1,-1
595,11,1066.150390625,329.8631591796875,144.5255126953125,255.49072265625,-1,-1,-1,-1
596,11,1012.836669921875,359.96875,136.9599609375,251.328125,-1,-1,-1,-1
597,11,969.053466796875,387.0159912109375,121.1563720703125,246.2774658203125,-1,-1,-1,-1
598,11,932.5159912109375,424.77288818359375,111.737548828125,241.32220458984375,-1,-1,-1,-1
599,11,901.5384521484375,468.9164733886719,106.2720947265625,235.77267456054688,-1,-1,-1,-1
600,11,861.7090454101562,503.1535949707031,96.98529052734375,233.25643920898438,-1,-1,-1,-1
601,11,820.602294921875,516.5838623046875,90.99554443359375,230.58935546875,-1,-1,-1,-1
420,12,759.8789672851562,496.227783203125,47.56488037109375,98.33544921875,-1,-1,-1,-1
421,12,753.2975463867188,506.0268249511719,47.763916015625,99.58023071289062,-1,-1,-1,-1
422,12,741.681640625,511.5269470214844,47.55963134765625,99.11502075195312,-1,-1,-1,-1
423,12,729.9688720703125,521.3552856445312,49.73614501953125,97.16552734375,-1,-1,-1,-1
424,12,711.6189575195312,545.0293579101562,47.42218017578125,100.59796142578125,-1,-1,-1,-1
425,12,701.0385131835938,576.6344604492188,63.96478271484375,124.1060791015625,-1,-1,-1,-1
426,12,689.1734008789062,600.2315063476562,68.73919677734375,124.1085205078125,-1,-1,-1,-1
427,12,693.08984375,617.246337890625,50.34423828125,110.6619873046875,-1,-1,-1,-1
428,12,685.1452026367188,640.0043334960938,40.2008056640625,98.5413818359375,-1,-1,-1,-1
429,12,668.8768920898438,634.6801147460938,40.37725830078125,92.79425048828125,-1,-1,-1,-1
430,12,643.5406494140625,607.8643798828125,44.2796630859375,94.43646240234375,-1,-1,-1,-1
431,12,620.8071899414062,588.98046875,43.9495849609375,95.88751220703125,-1,-1,-1,-1
432,12,599.9305419921875,583.819091796875,56.79150390625,109.07391357421875,-1,-1,-1,-1
433,12,580.138916015625,592.7138671875,83.61419677734375,124.75347900390625,-1,-1,-1,-1
434,12,559.260498046875,609.3966064453125,90.021728515625,108.4459228515625,-1,-1,-1,-1
435,12,548.082763671875,627.9432983398438,86.9737548828125,103.16448974609375,-1,-1,-1,-1
436,12,529.9278564453125,643.7572021484375,91.2381591796875,113.041015625,-1,-1,-1,-1
437,12,509.67291259765625,658.0308227539062,83.88128662109375,106.27911376953125,-1,-1,-1,-1
438,12,490.0650329589844,664.5214233398438,85.38558959960938,112.0697021484375,-1,-1,-1,-1
439,12,470.39947509765625,659.31201171875,87.93316650390625,113.7802734375,-1,-1,-1,-1
440,12,438.4300537109375,652.4397583007812,99.75543212890625,132.33465576171875,-1,-1,-1,-1
441,12,411.49090576171875,648.2838745117188,98.54269409179688,127.7386474609375,-1,-1,-1,-1
442,12,391.57989501953125,638.0222778320312,107.78558349609375,146.6776123046875,-1,-1,-1,-1
540,13,701.7814331054688,532.31591796875,48.7623291015625,107.59820556640625,-1,-1,-1,-1
541,13,697.6666259765625,511.48193359375,51.0694580078125,114.98712158203125,-1,-1,-1,-1
542,13,705.4761962890625,508.04412841796875,50.8997802734375,119.89581298828125,-1,-1,-1,-1
543,13,706.171630859375,527.9000854492188,45.93829345703125,104.04180908203125,-1,-1,-1,-1
544,13,700.9287719726562,557.212158203125,50.78057861328125,106.1846923828125,-1,-1,-1,-1
545,13,700.2410278320312,563.52734375,49.68780517578125,108.5155029296875,-1,-1,-1,-1
546,13,701.7267456054688,567.45947265625,48.7100830078125,103.95184326171875,-1,-1,-1,-1
547,13,696.2396850585938,596.6004028320312,45.74432373046875,109.2896728515625,-1,-1,-1,-1
548,13,693.8887329101562,618.0552368164062,41.1907958984375,109.8548583984375,-1,-1,-1,-1
549,13,689.5809326171875,635.4523315429688,39.7716064453125,97.56109619140625,-1,-1,-1,-1
550,13,688.5914916992188,650.4335327148438,39.5416259765625,97.657958984375,-1,-1,-1,-1
551,13,688.2005004882812,665.7212524414062,37.28009033203125,93.5966796875,-1,-1,-1,-1
552,13,684.8799438476562,678.5150756835938,42.0821533203125,104.81317138671875,-1,-1,-1,-1
553,13,682.49951171875,664.203857421875,47.3499755859375,103.870849609375,-1,-1,-1,-1
554,13,680.8222045898438,659.7303466796875,43.5762939453125,103.2674560546875,-1,-1,-1,-1
555,13,673.6470336914062,657.458740234375,51.409423828125,117.0992431640625,-1,-1,-1,-1
556,13,666.4310913085938,646.8832397460938,45.5433349609375,113.69549560546875,-1,-1,-1,-1
557,13,664.3886108398438,630.103759765625,42.51953125,103.4775390625,-1,-1,-1,-1
558,13,664.5419921875,623.3514404296875,44.18475341796875,105.75225830078125,-1,-1,-1,-1
559,13,666.7802124023438,623.7858276367188,48.3961181640625,107.09674072265625,-1,-1,-1,-1
560,13,671.3902587890625,650.3359375,47.5565185546875,108.20001220703125,-1,-1,-1,-1
561,13,672.3040161132812,653.1480712890625,52.63446044921875,111.6759033203125,-1,-1,-1,-1
562,13,675.7938842773438,660.6647338867188,51.8128662109375,116.079345703125,-1,-1,-1,-1
563,13,653.934814453125,629.1185913085938,47.155029296875,102.28936767578125,-1,-1,-1,-1
564,13,657.0285034179688,563.7202758789062,45.00653076171875,99.79193115234375,-1,-1,-1,-1
565,13,666.0675659179688,542.94384765625,46.04345703125,96.58984375,-1,-1,-1,-1
566,13,654.977294921875,544.396728515625,42.3504638671875,95.61431884765625,-1,-1,-1,-1
567,13,651.2161865234375,556.6109008789062,48.48486328125,110.91925048828125,-1,-1,-1,-1
568,13,661.3002319335938,553.625732421875,47.6588134765625,114.3719482421875,-1,-1,-1,-1
569,13,663.150634765625,544.6309204101562,44.48126220703125,113.54766845703125,-1,-1,-1,-1
570,13,685.6176147460938,526.8226318359375,43.19390869140625,88.92095947265625,-1,-1,-1,-1
571,13,713.5108642578125,509.0288391113281,39.889892578125,88.96383666992188,-1,-1,-1,-1
572,13,712.1187744140625,503.67169189453125,49.8853759765625,94.23004150390625,-1,-1,-1,-1
573,13,725.2574462890625,508.5546875,47.425048828125,96.85528564453125,-1,-1,-1,-1
574,13,747.3992309570312,523.09130859375,46.774169921875,100.67193603515625,-1,-1,-1,-1
575,13,759.250732421875,525.0548706054688,47.8525390625,91.69573974609375,-1,-1,-1,-1
576,13,790.7728271484375,516.362548828125,51.78973388671875,98.03436279296875,-1,-1,-1,-1
577,13,837.3353271484375,505.8490295410156,43.2752685546875,76.36972045898438,-1,-1,-1,-1
578,13,833.267333984375,495.3775329589844,65.98236083984375,88.49856567382812,-1,-1,-1,-1
599,14,620.4810791015625,526.0965576171875,57.74835205078125,118.208740234375,-1,-1,-1,-1
600,14,578.7176513671875,564.3642578125,46.84210205078125,104.127685546875,-1,-1,-1,-1
601,14,537.294677734375,575.2665405273438,49.9677734375,102.89825439453125,-1,-1,-1,-1
