1,1,509.72296142578125,466.39288330078125,109.4801025390625,250.11212158203125,-1,-1,-1,-1
2,1,464.6024169921875,462.6041259765625,110.41650390625,258.771240234375,-1,-1,-1,-1
3,1,427.10528564453125,467.62335205078125,103.335205078125,267.35101318359375,-1,-1,-1,-1
4,1,387.82049560546875,482.9544982910156,102.94656372070312,274.5393371582031,-1,-1,-1,-1
5,1,369.24981689453125,446.9575500488281,109.031005859375,279.9530944824219,-1,-1,-1,-1
6,1,342.0054931640625,426.510498046875,118.38189697265625,285.60498046875,-1,-1,-1,-1
7,1,322.5764465332031,426.63812255859375,120.04507446289062,288.0303955078125,-1,-1,-1,-1
8,1,307.822021484375,414.7186584472656,117.96792602539062,290.7082214355469,-1,-1,-1,-1
9,1,305.4987487792969,388.5380859375,113.16476440429688,293.93695068359375,-1,-1,-1,-1
10,1,331.7514953613281,344.70806884765625,114.93038940429688,294.42523193359375,-1,-1,-1,-1
11,1,376.3113098144531,319.0655517578125,127.74957275390625,288.89599609375,-1,-1,-1,-1
12,1,436.7824401855469,316.52813720703125,138.96383666992188,282.621826171875,-1,-1,-1,-1
13,1,508.35870361328125,334.36663818359375,146.72125244140625,275.37200927734375,-1,-1,-1,-1
14,1,595.2384643554688,370.8509216308594,151.4202880859375,264.4885559082031,-1,-1,-1,-1
15,1,681.1326293945312,419.1809387207031,160.30279541015625,255.02133178710938,-1,-1,-1,-1
16,1,759.5201416015625,476.4306335449219,174.56085205078125,248.90933227539062,-1,-1,-1,-1
17,1,825.6195068359375,530.5537719726562,200.0513916015625,246.25579833984375,-1,-1,-1,-1
18,1,882.36083984375,578.2613525390625,231.7158203125,247.31494140625,-1,-1,-1,-1
19,1,941.72119140625,643.176025390625,229.3326416015625,246.96990966796875,-1,-1,-1,-1
20,1,1015.162841796875,695.153076171875,271.902587890625,257.151611328125,-1,-1,-1,-1
21,1,1104.4642333984375,755.0885009765625,256.0472412109375,257.95880126953125,-1,-1,-1,-1
22,1,1192.3577880859375,801.3099975585938,211.91748046875,291.02166748046875,-1,-1,-1,-1
23,1,1127.648681640625,871.8214111328125,245.6778564453125,287.4542236328125,-1,-1,-1,-1
1,2,2.1419029235839844,405.87908935546875,257.5502014160156,851.9044799804688,-1,-1,-1,-1
2,2,-22.16221809387207,517.2412109375,219.35409545898438,687.76953125,-1,-1,-1,-1
3,2,-9.814351081848145,489.2672424316406,348.0616455078125,773.6947021484375,-1,-1,-1,-1
1,3,179.67698669433594,462.6265869140625,61.19862365722656,124.1312255859375,-1,-1,-1,-1
2,3,124.45277404785156,476.9122314453125,64.65351867675781,137.14544677734375,-1,-1,-1,-1
3,3,76.72554779052734,504.16021728515625,64.63048553466797,149.07073974609375,-1,-1,-1,-1
4,3,68.19159698486328,549.682861328125,92.97966766357422,149.18115234375,-1,-1,-1,-1
14,4,63.224159240722656,429.09320068359375,58.41636657714844,134.6627197265625,-1,-1,-1,-1
15,4,179.71798706054688,436.88153076171875,54.146881103515625,140.14599609375,-1,-1,-1,-1
16,4,301.22283935546875,453.0323791503906,49.66436767578125,130.69076538085938,-1,-1,-1,-1
17,4,393.82586669921875,480.3393249511719,44.99493408203125,116.58926391601562,-1,-1,-1,-1
18,4,472.9873046875,495.30914306640625,43.76806640625,118.4002685546875,-1,-1,-1,-1
19,4,553.45751953125,529.1892700195312,44.00115966796875,108.2491455078125,-1,-1,-1,-1
20,4,634.4192504882812,566.010498046875,43.64453125,101.45452880859375,-1,-1,-1,-1
21,4,717.5681762695312,598.4255981445312,49.42327880859375,101.4061279296875,-1,-1,-1,-1
22,4,800.4541625976562,621.3047485351562,59.0338134765625,113.4185791015625,-1,-1,-1,-1
23,4,889.1986083984375,657.5315551757812,56.80029296875,99.1912841796875,-1,-1,-1,-1
24,4,993.836181640625,663.7438354492188,66.00634765625,110.89923095703125,-1,-1,-1,-1
16,5,2.513683319091797,327.0114440917969,232.62681579589844,596.1246337890625,-1,-1,-1,-1
17,5,5.641600608825684,277.66546630859375,270.9602966308594,647.6336059570312,-1,-1,-1,-1
18,5,11.003620147705078,261.777099609375,289.6662902832031,643.0966796875,-1,-1,-1,-1
19,5,13.49920654296875,229.34078979492188,299.087890625,663.9544677734375,-1,-1,-1,-1
20,5,94.16170501708984,232.82643127441406,283.3299865722656,662.8522338867188,-1,-1,-1,-1
21,5,198.95306396484375,261.2230224609375,264.6380615234375,632.2691650390625,-1,-1,-1,-1
22,5,287.3605651855469,297.42266845703125,253.87094116210938,589.0191650390625,-1,-1,-1,-1
23,5,324.06689453125,325.4869689941406,291.52294921875,543.838623046875,-1,-1,-1,-1
24,5,400.75469970703125,343.7719421386719,297.65869140625,521.54736328125,-1,-1,-1,-1
25,5,499.02008056640625,351.632568359375,280.98370361328125,509.311767578125,-1,-1,-1,-1
26,5,584.6592407226562,347.9258117675781,257.99188232421875,510.4859313964844,-1,-1,-1,-1
27,5,642.0625610351562,344.83599853515625,253.04742431640625,511.67596435546875,-1,-1,-1,-1
28,5,680.9212036132812,345.0696716308594,246.6473388671875,509.5865173339844,-1,-1,-1,-1
29,5,726.6389770507812,342.4353942871094,213.6859130859375,494.9411315917969,-1,-1,-1,-1
30,5,767.00634765625,328.3945007324219,186.49407958984375,486.6874694824219,-1,-1,-1,-1
31,5,722.04833984375,327.2167663574219,221.640869140625,495.3775939941406,-1,-1,-1,-1
32,5,717.5211791992188,328.9521789550781,207.816162109375,498.6144104003906,-1,-1,-1,-1
33,5,716.916015625,341.0171813964844,200.543701171875,496.8773498535156,-1,-1,-1,-1
34,5,681.835693359375,369.43743896484375,229.806884765625,487.114501953125,-1,-1,-1,-1
35,5,651.9563598632812,404.182373046875,256.44818115234375,477.56097412109375,-1,-1,-1,-1
36,5,650.773193359375,436.8365478515625,270.7144775390625,466.94775390625,-1,-1,-1,-1
37,5,663.4818115234375,463.480224609375,274.80035400390625,462.88409423828125,-1,-1,-1,-1
38,5,675.5224609375,479.71905517578125,265.2900390625,465.83001708984375,-1,-1,-1,-1
39,5,678.6223754882812,487.02740478515625,255.0133056640625,475.17694091796875,-1,-1,-1,-1
40,5,680.828369140625,486.387939453125,239.649169921875,474.50018310546875,-1,-1,-1,-1
41,5,646.7265014648438,485.95849609375,232.1141357421875,474.70294189453125,-1,-1,-1,-1
42,5,669.2813110351562,485.7236633300781,212.78472900390625,476.2073669433594,-1,-1,-1,-1
43,5,687.990234375,486.5538330078125,204.10675048828125,475.37835693359375,-1,-1,-1,-1
44,5,704.6664428710938,485.1690979003906,196.62176513671875,471.1520080566406,-1,-1,-1,-1
45,5,683.2044677734375,484.8003845214844,223.31170654296875,453.9638366699219,-1,-1,-1,-1
46,5,666.61181640625,488.2379150390625,243.74755859375,434.944091796875,-1,-1,-1,-1
47,5,659.546875,491.8776550292969,252.16156005859375,418.9023742675781,-1,-1,-1,-1
48,5,663.0321044921875,481.92547607421875,242.5223388671875,409.8583984375,-1,-1,-1,-1
49,5,673.2034912109375,464.9567565917969,240.73992919921875,411.0307922363281,-1,-1,-1,-1
50,5,688.2824096679688,458.6776428222656,241.33831787109375,418.9583435058594,-1,-1,-1,-1
51,5,703.0211791992188,460.2652282714844,239.052734375,423.6826477050781,-1,-1,-1,-1
52,5,698.0551147460938,475.8838806152344,221.7406005859375,430.4718322753906,-1,-1,-1,-1
53,5,695.6679077148438,517.2434692382812,191.45361328125,436.447021484375,-1,-1,-1,-1
54,5,702.6038818359375,569.9014892578125,177.51092529296875,436.18280029296875,-1,-1,-1,-1
55,5,724.046630859375,622.0536499023438,163.279052734375,441.97552490234375,-1,-1,-1,-1
56,5,749.0673217773438,660.46337890625,151.25836181640625,438.564208984375,-1,-1,-1,-1
57,5,756.8507690429688,675.953857421875,158.34588623046875,419.453369140625,-1,-1,-1,-1
58,5,764.8828125,667.5781860351562,158.26416015625,390.90899658203125,-1,-1,-1,-1
59,5,774.848876953125,640.706298828125,159.57098388671875,365.4591064453125,-1,-1,-1,-1
60,5,779.5711059570312,593.90673828125,169.20501708984375,356.54791259765625,-1,-1,-1,-1
61,5,775.8809814453125,550.775390625,178.20733642578125,357.62469482421875,-1,-1,-1,-1
62,5,768.4732666015625,527.164794921875,178.1070556640625,362.30657958984375,-1,-1,-1,-1
63,5,760.5740356445312,511.1427001953125,183.73565673828125,374.728759765625,-1,-1,-1,-1
64,5,753.4718017578125,496.0380859375,184.14923095703125,386.56195068359375,-1,-1,-1,-1
65,5,760.2713012695312,512.2402648925781,185.573974609375,395.3255310058594,-1,-1,-1,-1
66,5,765.653564453125,533.11962890625,195.46533203125,398.9735107421875,-1,-1,-1,-1
67,5,763.73828125,554.8805541992188,193.6029052734375,390.3470458984375,-1,-1,-1,-1
68,5,755.520751953125,568.7877197265625,189.73016357421875,373.707275390625,-1,-1,-1,-1
69,5,743.9144897460938,533.3689575195312,184.12109375,366.537353515625,-1,-1,-1,-1
70,5,731.7811279296875,518.518310546875,183.78936767578125,362.9964599609375,-1,-1,-1,-1
71,5,719.8194580078125,543.9331665039062,194.4842529296875,363.625,-1,-1,-1,-1
72,5,707.6063842773438,585.3843994140625,221.2957763671875,373.81787109375,-1,-1,-1,-1
73,5,694.6663208007812,616.9785766601562,253.39373779296875,387.31793212890625,-1,-1,-1,-1
74,5,696.5572509765625,629.6597290039062,255.6212158203125,390.833740234375,-1,-1,-1,-1
75,5,695.9112548828125,634.3325805664062,260.0213623046875,386.59954833984375,-1,-1,-1,-1
76,5,691.4093627929688,632.3799438476562,264.62286376953125,383.439697265625,-1,-1,-1,-1
77,5,690.9579467773438,595.113525390625,256.33038330078125,384.40118408203125,-1,-1,-1,-1
78,5,683.2918701171875,545.190673828125,240.99114990234375,390.215087890625,-1,-1,-1,-1
79,5,677.8616943359375,517.8331298828125,213.29986572265625,401.9132080078125,-1,-1,-1,-1
80,5,673.2267456054688,499.83197021484375,187.87786865234375,415.83172607421875,-1,-1,-1,-1
81,5,671.9686279296875,492.366943359375,171.1773681640625,429.567138671875,-1,-1,-1,-1
82,5,673.6851196289062,489.7748107910156,164.8819580078125,452.9639587402344,-1,-1,-1,-1
83,5,680.6121215820312,494.3504943847656,165.7515869140625,471.3767395019531,-1,-1,-1,-1
84,5,688.0940551757812,508.1712341308594,170.2730712890625,477.4313049316406,-1,-1,-1,-1
85,5,696.661376953125,523.320068359375,175.713134765625,480.60931396484375,-1,-1,-1,-1
86,5,705.7483520507812,519.7652587890625,177.958251953125,492.55126953125,-1,-1,-1,-1
87,5,707.1142578125,498.7938232421875,194.404052734375,511.06036376953125,-1,-1,-1,-1
88,5,709.5884399414062,483.19439697265625,207.2008056640625,532.8020629882812,-1,-1,-1,-1
89,5,710.1224975585938,464.6024169921875,228.74847412109375,547.455078125,-1,-1,-1,-1
90,5,706.9033813476562,454.70391845703125,263.49090576171875,555.7048950195312,-1,-1,-1,-1
91,5,700.20703125,458.993408203125,286.1611328125,551.6764526367188,-1,-1,-1,-1
92,5,692.5122680664062,471.7589111328125,289.90576171875,540.1356201171875,-1,-1,-1,-1
93,5,686.0704345703125,489.697021484375,284.1353759765625,524.6098022460938,-1,-1,-1,-1
94,5,678.773193359375,495.9280700683594,280.8406982421875,515.9239501953125,-1,-1,-1,-1
95,5,677.1512451171875,480.365234375,277.465576171875,514.5336303710938,-1,-1,-1,-1
96,5,688.5819702148438,464.9390869140625,258.67352294921875,520.6337280273438,-1,-1,-1,-1
97,5,711.6057739257812,457.9179382324219,232.73651123046875,532.7607421875,-1,-1,-1,-1
98,5,729.927490234375,457.01141357421875,216.10943603515625,532.2525024414062,-1,-1,-1,-1
99,5,727.5031127929688,461.8358154296875,221.303955078125,525.4785766601562,-1,-1,-1,-1
100,5,739.9845581054688,476.355224609375,217.11602783203125,513.0849609375,-1,-1,-1,-1
101,5,743.2106323242188,491.57421875,219.69512939453125,496.5975341796875,-1,-1,-1,-1
102,5,743.9908447265625,504.4953918457031,220.99530029296875,483.2852478027344,-1,-1,-1,-1
103,5,743.4261474609375,505.49993896484375,216.4609375,475.968017578125,-1,-1,-1,-1
104,5,735.7837524414062,493.7020263671875,214.6549072265625,481.9515380859375,-1,-1,-1,-1
105,5,706.22119140625,474.9981689453125,233.2255859375,498.72332763671875,-1,-1,-1,-1
106,5,700.0665283203125,459.6823425292969,225.90509033203125,522.2757568359375,-1,-1,-1,-1
107,5,662.602294921875,445.665283203125,257.87890625,545.1280517578125,-1,-1,-1,-1
108,5,634.8577270507812,441.785888671875,291.11138916015625,571.33544921875,-1,-1,-1,-1
109,5,622.2202758789062,449.58013916015625,309.84210205078125,574.3060302734375,-1,-1,-1,-1
110,5,630.8052978515625,461.9717712402344,313.10687255859375,556.2225341796875,-1,-1,-1,-1
111,5,641.6221923828125,477.1513977050781,313.91607666015625,537.47607421875,-1,-1,-1,-1
112,5,647.7200317382812,474.5043029785156,314.30792236328125,526.78076171875,-1,-1,-1,-1
113,5,657.1007690429688,474.6248474121094,306.54754638671875,522.1270751953125,-1,-1,-1,-1
114,5,654.7321166992188,485.7322998046875,287.00604248046875,521.241943359375,-1,-1,-1,-1
115,5,657.826416015625,498.9469299316406,256.2025146484375,524.5577392578125,-1,-1,-1,-1
116,5,657.2089233398438,510.1119689941406,228.828857421875,531.9857177734375,-1,-1,-1,-1
117,5,655.8882446289062,511.7607116699219,195.64593505859375,531.33837890625,-1,-1,-1,-1
118,5,667.9783935546875,508.50823974609375,180.99761962890625,524.0216674804688,-1,-1,-1,-1
119,5,672.3282470703125,513.6317138671875,175.11541748046875,514.1453857421875,-1,-1,-1,-1
120,5,672.9244384765625,527.736328125,178.36859130859375,503.388671875,-1,-1,-1,-1
121,5,648.0823364257812,539.056396484375,206.13873291015625,487.3037109375,-1,-1,-1,-1
122,5,637.6697387695312,550.5177001953125,217.1444091796875,475.8641357421875,-1,-1,-1,-1
123,5,645.9654541015625,562.8236083984375,215.70428466796875,466.905517578125,-1,-1,-1,-1
124,5,651.873291015625,567.3146362304688,213.8475341796875,468.00482177734375,-1,-1,-1,-1
125,5,655.7542114257812,559.5477294921875,210.175537109375,471.18896484375,-1,-1,-1,-1
126,5,655.9935302734375,552.3724975585938,214.40081787109375,475.92120361328125,-1,-1,-1,-1
127,5,658.3486938476562,545.7601318359375,217.55828857421875,484.302978515625,-1,-1,-1,-1
128,5,662.85107421875,552.7821655273438,213.4375,490.39617919921875,-1,-1,-1,-1
129,5,665.0158081054688,555.0958862304688,203.35699462890625,495.93682861328125,-1,-1,-1,-1
130,5,671.5545654296875,538.4285888671875,195.57757568359375,489.2359619140625,-1,-1,-1,-1
131,5,672.6951293945312,557.2667846679688,205.248291015625,481.85614013671875,-1,-1,-1,-1
132,5,677.684326171875,585.1868896484375,208.28668212890625,480.77587890625,-1,-1,-1,-1
133,5,680.7899169921875,596.8650512695312,209.48309326171875,478.78692626953125,-1,-1,-1,-1
134,5,679.8764038085938,594.5206298828125,216.68463134765625,480.1195068359375,-1,-1,-1,-1
135,5,674.0740966796875,588.2921142578125,241.45361328125,477.7325439453125,-1,-1,-1,-1
136,5,666.1378784179688,586.3235473632812,269.299072265625,473.23675537109375,-1,-1,-1,-1
137,5,657.8604736328125,587.9907836914062,283.0076904296875,463.48236083984375,-1,-1,-1,-1
138,5,650.898681640625,584.4244995117188,283.4444580078125,459.12066650390625,-1,-1,-1,-1
139,5,643.04052734375,568.9596557617188,278.5252685546875,448.62530517578125,-1,-1,-1,-1
140,5,634.0197143554688,575.5762329101562,273.50994873046875,446.13983154296875,-1,-1,-1,-1
141,5,630.8193359375,595.039794921875,267.1824951171875,445.462890625,-1,-1,-1,-1
142,5,649.4238891601562,602.5166625976562,245.25543212890625,449.06170654296875,-1,-1,-1,-1
143,5,661.5863037109375,592.6758422851562,228.7520751953125,455.84857177734375,-1,-1,-1,-1
144,5,662.768798828125,571.3182373046875,218.4112548828125,459.1279296875,-1,-1,-1,-1
145,5,661.4450073242188,562.1295776367188,213.9248046875,458.5411376953125,-1,-1,-1,-1
146,5,659.3980102539062,562.6425170898438,215.83526611328125,448.326171875,-1,-1,-1,-1
147,5,658.8207397460938,551.539794921875,233.91033935546875,438.1219482421875,-1,-1,-1,-1
148,5,663.3949584960938,556.1538696289062,262.69775390625,430.46246337890625,-1,-1,-1,-1
149,5,666.2380981445312,570.7435302734375,285.0784912109375,423.8203125,-1,-1,-1,-1
150,5,669.3968505859375,571.79345703125,291.61798095703125,422.26214599609375,-1,-1,-1,-1
151,5,671.378173828125,573.7228393554688,293.5721435546875,428.2203369140625,-1,-1,-1,-1
152,5,672.7710571289062,574.2797241210938,289.5498046875,436.7498779296875,-1,-1,-1,-1
153,5,671.5682983398438,569.6759643554688,286.0618896484375,445.97332763671875,-1,-1,-1,-1
154,5,666.11279296875,566.4986572265625,284.16973876953125,453.78887939453125,-1,-1,-1,-1
155,5,660.0936889648438,560.9911499023438,284.47906494140625,463.98541259765625,-1,-1,-1,-1
156,5,648.7806396484375,542.6895141601562,283.3585205078125,474.39324951171875,-1,-1,-1,-1
157,5,635.4310302734375,522.9885864257812,286.9847412109375,500.4808349609375,-1,-1,-1,-1
158,5,631.234619140625,493.008544921875,289.14990234375,537.026123046875,-1,-1,-1,-1
159,5,635.5242919921875,465.09765625,288.27801513671875,566.5501708984375,-1,-1,-1,-1
160,5,633.9822387695312,458.28369140625,294.73956298828125,570.773681640625,-1,-1,-1,-1
161,5,631.3004760742188,467.85980224609375,294.39630126953125,560.9492797851562,-1,-1,-1,-1
162,5,628.9488525390625,484.2283935546875,296.12310791015625,549.0289306640625,-1,-1,-1,-1
163,5,636.5145263671875,504.3659362792969,301.85125732421875,544.488525390625,-1,-1,-1,-1
164,5,650.7573852539062,514.106201171875,289.34649658203125,546.126220703125,-1,-1,-1,-1
165,5,655.59228515625,522.0880126953125,269.02783203125,551.620849609375,-1,-1,-1,-1
166,5,663.848388671875,522.443603515625,249.14434814453125,546.43505859375,-1,-1,-1,-1
167,5,670.8554077148438,516.1551513671875,233.94378662109375,528.73388671875,-1,-1,-1,-1
168,5,674.1439208984375,518.6116943359375,220.5462646484375,504.63671875,-1,-1,-1,-1
169,5,681.5435791015625,527.817138671875,213.150146484375,478.297119140625,-1,-1,-1,-1
170,5,688.7904052734375,546.1610717773438,204.29638671875,448.39715576171875,-1,-1,-1,-1
171,5,690.2343139648438,571.8385009765625,191.99749755859375,429.9320068359375,-1,-1,-1,-1
172,5,688.1141967773438,581.5899047851562,182.82879638671875,417.11895751953125,-1,-1,-1,-1
173,5,683.0654296875,573.8687744140625,179.4281005859375,416.4017333984375,-1,-1,-1,-1
174,5,681.95458984375,557.1064453125,176.05078125,429.82257080078125,-1,-1,-1,-1
175,5,680.9049072265625,544.8595581054688,176.179443359375,454.3450927734375,-1,-1,-1,-1
176,5,681.6851806640625,543.591552734375,178.73974609375,486.318359375,-1,-1,-1,-1
177,5,683.1862182617188,550.9669189453125,183.94061279296875,506.8402099609375,-1,-1,-1,-1
178,5,683.5712280273438,567.5023193359375,194.25469970703125,511.009033203125,-1,-1,-1,-1
179,5,683.27099609375,584.56396484375,201.77752685546875,504.04150390625,-1,-1,-1,-1
180,5,679.0108642578125,585.5697631835938,209.476806640625,506.37310791015625,-1,-1,-1,-1
181,5,667.9797973632812,579.5614013671875,222.62249755859375,516.96923828125,-1,-1,-1,-1
182,5,660.4024047851562,562.8966674804688,222.9725341796875,534.5801391601562,-1,-1,-1,-1
183,5,649.0989990234375,552.23779296875,229.08868408203125,550.9029541015625,-1,-1,-1,-1
184,5,642.8370361328125,556.2352905273438,245.54962158203125,570.4555053710938,-1,-1,-1,-1
185,5,646.3599243164062,549.2866821289062,264.7515869140625,589.8870239257812,-1,-1,-1,-1
186,5,672.0977783203125,551.6541137695312,265.13946533203125,616.2260131835938,-1,-1,-1,-1
187,5,694.1820678710938,561.5957641601562,253.49737548828125,626.3630981445312,-1,-1,-1,-1
188,5,695.1354370117188,560.410888671875,254.2684326171875,613.5989990234375,-1,-1,-1,-1
189,5,692.7116088867188,550.2366943359375,300.70703125,604.8687744140625,-1,-1,-1,-1
190,5,672.5868530273438,570.6071166992188,331.01605224609375,620.9937133789062,-1,-1,-1,-1
191,5,658.0027465820312,588.0940551757812,280.71221923828125,634.9307250976562,-1,-1,-1,-1
192,5,671.5276489257812,610.2067260742188,209.92950439453125,647.5596313476562,-1,-1,-1,-1
193,5,677.627685546875,639.1077880859375,172.52783203125,652.62744140625,-1,-1,-1,-1
194,5,675.7952270507812,647.300048828125,181.21710205078125,591.231689453125,-1,-1,-1,-1
195,5,680.4625854492188,624.490478515625,193.42498779296875,544.262939453125,-1,-1,-1,-1
196,5,679.1111450195312,601.2607421875,199.1383056640625,523.294677734375,-1,-1,-1,-1
197,5,688.22314453125,579.2923583984375,196.15631103515625,515.7650146484375,-1,-1,-1,-1
198,5,737.2546997070312,540.3265380859375,176.64752197265625,510.8272705078125,-1,-1,-1,-1
199,5,853.5095825195312,493.78326416015625,272.68487548828125,522.0620727539062,-1,-1,-1,-1
200,5,930.496826171875,693.259033203125,456.3062744140625,633.8404541015625,-1,-1,-1,-1
44,6,0.5810441970825195,583.92529296875,67.4911880493164,302.55865478515625,-1,-1,-1,-1
45,6,1.914696216583252,583.2485961914062,94.30209350585938,295.1015625,-1,-1,-1,-1
46,6,5.760011196136475,582.88134765625,121.98171997070312,286.9622802734375,-1,-1,-1,-1
47,6,19.963539123535156,573.3353271484375,133.7620849609375,285.17572021484375,-1,-1,-1,-1
48,6,36.03779602050781,555.742919921875,138.1300506591797,282.09368896484375,-1,-1,-1,-1
49,6,53.509830474853516,551.873779296875,142.23414611816406,274.80267333984375,-1,-1,-1,-1
50,6,74.40673828125,566.2366943359375,144.40634155273438,273.78350830078125,-1,-1,-1,-1
51,6,94.67848205566406,591.4120483398438,145.27395629882812,273.19659423828125,-1,-1,-1,-1
52,6,119.06085968017578,626.5115356445312,142.32937622070312,268.56591796875,-1,-1,-1,-1
53,6,154.56143188476562,678.90869140625,140.29489135742188,259.28680419921875,-1,-1,-1,-1
54,6,200.73956298828125,737.1178588867188,133.80355834960938,251.6085205078125,-1,-1,-1,-1
55,6,247.7693634033203,783.3468627929688,126.10054016113281,253.07232666015625,-1,-1,-1,-1
56,6,290.037109375,801.68017578125,122.8927001953125,244.0416259765625,-1,-1,-1,-1
57,6,328.2530212402344,785.9151611328125,114.5250244140625,242.095703125,-1,-1,-1,-1
58,6,360.879638671875,743.9102783203125,108.163818359375,236.06427001953125,-1,-1,-1,-1
59,6,389.5496520996094,690.2259521484375,99.92254638671875,226.5562744140625,-1,-1,-1,-1
60,6,406.1446228027344,635.9235229492188,99.00711059570312,224.17852783203125,-1,-1,-1,-1
61,6,410.0810852050781,589.5201416015625,96.80377197265625,220.31048583984375,-1,-1,-1,-1
62,6,406.88665771484375,565.86767578125,94.7078857421875,221.7655029296875,-1,-1,-1,-1
63,6,402.36907958984375,551.5918579101562,94.95932006835938,221.32489013671875,-1,-1,-1,-1
64,6,395.018310546875,539.8995971679688,93.5240478515625,225.347412109375,-1,-1,-1,-1
65,6,392.66119384765625,551.5809326171875,91.5411376953125,220.509765625,-1,-1,-1,-1
66,6,389.5747985839844,561.1433715820312,88.4169921875,222.48431396484375,-1,-1,-1,-1
67,6,381.0121765136719,574.217529296875,89.64041137695312,222.59442138671875,-1,-1,-1,-1
68,6,369.0210876464844,578.6435546875,89.09518432617188,218.65850830078125,-1,-1,-1,-1
69,6,359.2212829589844,533.2877807617188,89.77291870117188,223.26202392578125,-1,-1,-1,-1
70,6,342.6933288574219,526.6718139648438,93.51760864257812,223.94342041015625,-1,-1,-1,-1
71,6,338.611328125,562.6378173828125,92.41427612304688,222.5460205078125,-1,-1,-1,-1
72,6,352.50201416015625,612.6174926757812,92.84274291992188,217.73724365234375,-1,-1,-1,-1
73,6,371.53607177734375,642.4188232421875,89.30731201171875,215.74041748046875,-1,-1,-1,-1
74,6,387.0257873535156,648.2144165039062,87.415283203125,214.78717041015625,-1,-1,-1,-1
75,6,400.33123779296875,647.1661376953125,86.5513916015625,210.43896484375,-1,-1,-1,-1
76,6,408.18817138671875,647.2732543945312,87.86968994140625,210.533935546875,-1,-1,-1,-1
77,6,418.24981689453125,615.450927734375,86.45452880859375,210.9569091796875,-1,-1,-1,-1
78,6,416.7336120605469,568.0297241210938,86.31259155273438,211.32806396484375,-1,-1,-1,-1
79,6,415.24798583984375,544.2274169921875,85.1820068359375,211.94195556640625,-1,-1,-1,-1
80,6,410.61541748046875,535.408447265625,87.47503662109375,214.47412109375,-1,-1,-1,-1
81,6,409.9573974609375,534.6002807617188,88.202880859375,213.46142578125,-1,-1,-1,-1
82,6,414.04766845703125,536.9041748046875,87.26321411132812,215.6331787109375,-1,-1,-1,-1
83,6,424.8964538574219,540.3988037109375,86.82571411132812,214.742431640625,-1,-1,-1,-1
84,6,437.91497802734375,548.6412353515625,85.43524169921875,214.74261474609375,-1,-1,-1,-1
85,6,448.93096923828125,558.0059814453125,86.29608154296875,213.6378173828125,-1,-1,-1,-1
86,6,458.1646728515625,554.9779663085938,84.947998046875,214.35162353515625,-1,-1,-1,-1
87,6,466.52630615234375,543.32958984375,86.78668212890625,216.0966796875,-1,-1,-1,-1
88,6,471.12689208984375,540.8579711914062,85.8431396484375,215.5966796875,-1,-1,-1,-1
89,6,473.40399169921875,531.631591796875,87.00579833984375,220.1640625,-1,-1,-1,-1
90,6,474.7745361328125,525.921875,88.299072265625,220.11517333984375,-1,-1,-1,-1
91,6,471.3751220703125,527.6759033203125,88.223876953125,219.77783203125,-1,-1,-1,-1
92,6,462.5098876953125,533.259033203125,92.224853515625,220.15582275390625,-1,-1,-1,-1
93,6,453.71392822265625,543.1200561523438,94.9468994140625,219.14422607421875,-1,-1,-1,-1
94,6,450.30828857421875,548.122802734375,93.70867919921875,216.49884033203125,-1,-1,-1,-1
95,6,456.0150146484375,540.537109375,94.29071044921875,216.39227294921875,-1,-1,-1,-1
96,6,461.1791076660156,540.4982299804688,92.59286499023438,213.6844482421875,-1,-1,-1,-1
97,6,467.6174621582031,549.7391357421875,89.42068481445312,212.0640869140625,-1,-1,-1,-1
98,6,474.54302978515625,553.3853759765625,87.04779052734375,209.4278564453125,-1,-1,-1,-1
99,6,474.44219970703125,555.8712158203125,86.98162841796875,208.6016845703125,-1,-1,-1,-1
100,6,475.8125305175781,555.4821166992188,86.29757690429688,207.10308837890625,-1,-1,-1,-1
101,6,477.07470703125,548.322509765625,86.006591796875,208.624267578125,-1,-1,-1,-1
102,6,475.833251953125,542.7280883789062,86.72247314453125,208.85601806640625,-1,-1,-1,-1
103,6,474.8486022949219,530.7115478515625,86.98709106445312,212.68218994140625,-1,-1,-1,-1
104,6,477.98699951171875,520.5438842773438,86.58819580078125,211.5885009765625,-1,-1,-1,-1
105,6,488.3385925292969,515.778564453125,85.51290893554688,213.1839599609375,-1,-1,-1,-1
106,6,501.46661376953125,517.0213012695312,84.2142333984375,210.256103515625,-1,-1,-1,-1
107,6,510.5165100097656,510.7747802734375,82.58993530273438,211.3135986328125,-1,-1,-1,-1
108,6,512.7800598144531,513.0831298828125,82.81039428710938,210.052490234375,-1,-1,-1,-1
109,6,520.7194213867188,510.9009704589844,83.97137451171875,211.65054321289062,-1,-1,-1,-1
110,6,543.78076171875,511.86834716796875,80.19696044921875,207.66949462890625,-1,-1,-1,-1
111,6,562.467529296875,520.4252319335938,81.57843017578125,205.65130615234375,-1,-1,-1,-1
112,6,578.8324584960938,522.3927612304688,77.98236083984375,203.49468994140625,-1,-1,-1,-1
113,6,591.9388427734375,532.4964599609375,75.9832763671875,198.27569580078125,-1,-1,-1,-1
114,6,604.0941162109375,553.3115844726562,77.15289306640625,193.14398193359375,-1,-1,-1,-1
115,6,624.7599487304688,570.001953125,79.67431640625,193.35260009765625,-1,-1,-1,-1
116,6,637.121826171875,583.4155883789062,76.862548828125,189.44952392578125,-1,-1,-1,-1
117,6,643.3833618164062,583.9144287109375,75.04888916015625,199.48193359375,-1,-1,-1,-1
118,6,658.7308959960938,574.8175659179688,74.662841796875,208.9317626953125,-1,-1,-1,-1
119,6,668.9116821289062,572.1898803710938,73.8948974609375,209.00201416015625,-1,-1,-1,-1
120,6,678.5156860351562,574.7229614257812,72.80596923828125,209.1612548828125,-1,-1,-1,-1
121,6,692.4238891601562,573.982421875,73.06671142578125,195.9398193359375,-1,-1,-1,-1
122,6,700.1594848632812,556.0438232421875,111.44915771484375,258.36297607421875,-1,-1,-1,-1
123,6,705.4696044921875,564.5685424804688,119.33026123046875,263.32073974609375,-1,-1,-1,-1
124,6,700.9026489257812,565.4935302734375,137.1387939453125,270.49725341796875,-1,-1,-1,-1
125,6,698.7935180664062,561.0886840820312,128.75335693359375,274.2740478515625,-1,-1,-1,-1
126,6,696.2119140625,555.0811767578125,128.177978515625,277.2923583984375,-1,-1,-1,-1
127,6,705.402099609375,551.14501953125,112.60693359375,270.20208740234375,-1,-1,-1,-1
128,6,739.1868286132812,586.473876953125,88.4073486328125,213.0914306640625,-1,-1,-1,-1
129,6,755.3685913085938,593.4103393554688,75.907958984375,193.5770263671875,-1,-1,-1,-1
130,6,767.4476318359375,574.3997802734375,76.8453369140625,195.514404296875,-1,-1,-1,-1
131,6,765.2415771484375,577.1748657226562,76.49310302734375,196.13140869140625,-1,-1,-1,-1
132,6,763.708740234375,592.94189453125,76.91656494140625,201.4847412109375,-1,-1,-1,-1
133,6,763.671630859375,600.2972412109375,76.3031005859375,202.114990234375,-1,-1,-1,-1
134,6,760.5084838867188,600.3374633789062,73.09368896484375,188.0552978515625,-1,-1,-1,-1
135,6,752.9291381835938,596.450927734375,72.9964599609375,185.22821044921875,-1,-1,-1,-1
136,6,737.3272705078125,595.5767822265625,79.6748046875,180.59326171875,-1,-1,-1,-1
137,6,719.8065185546875,595.0303955078125,92.9052734375,186.51611328125,-1,-1,-1,-1
138,6,713.0673828125,589.1555786132812,108.4769287109375,215.24200439453125,-1,-1,-1,-1
139,6,699.6710815429688,569.7325439453125,143.29913330078125,248.16326904296875,-1,-1,-1,-1
140,6,683.5960083007812,577.5078735351562,136.5140380859375,248.58770751953125,-1,-1,-1,-1
141,6,690.6434326171875,596.1219482421875,122.9122314453125,223.451904296875,-1,-1,-1,-1
142,6,685.519775390625,606.7077026367188,100.47589111328125,193.69659423828125,-1,-1,-1,-1
143,6,681.3321533203125,609.7486572265625,76.21514892578125,185.6258544921875,-1,-1,-1,-1
144,6,670.5318603515625,600.03759765625,77.15570068359375,196.01080322265625,-1,-1,-1,-1
145,6,659.6576538085938,599.6466674804688,77.49432373046875,197.880615234375,-1,-1,-1,-1
146,6,648.7896118164062,602.0316162109375,72.42742919921875,186.96270751953125,-1,-1,-1,-1
147,6,645.3883056640625,583.2640380859375,69.1485595703125,183.2843017578125,-1,-1,-1,-1
148,6,640.333251953125,580.507080078125,68.83392333984375,178.7640380859375,-1,-1,-1,-1
149,6,631.8660278320312,586.9921264648438,68.7662353515625,179.6285400390625,-1,-1,-1,-1
150,6,621.5107421875,582.7610473632812,70.26202392578125,178.99139404296875,-1,-1,-1,-1
151,6,614.0416870117188,584.417236328125,71.0394287109375,181.57720947265625,-1,-1,-1,-1
152,6,604.5899047851562,590.4110107421875,71.61553955078125,181.69873046875,-1,-1,-1,-1
153,6,592.8590087890625,591.8834838867188,73.16815185546875,184.60455322265625,-1,-1,-1,-1
154,6,581.1788940429688,593.6287841796875,72.9498291015625,186.8740234375,-1,-1,-1,-1
155,6,564.1307373046875,592.8759155273438,75.14154052734375,188.92230224609375,-1,-1,-1,-1
156,6,545.5844116210938,582.0704956054688,76.6751708984375,188.259521484375,-1,-1,-1,-1
157,6,521.5359497070312,573.951416015625,81.56671142578125,193.61566162109375,-1,-1,-1,-1
158,6,516.8060302734375,553.0927124023438,81.668212890625,199.814208984375,-1,-1,-1,-1
159,6,519.5595092773438,530.8140258789062,82.08294677734375,197.19830322265625,-1,-1,-1,-1
160,6,521.2844848632812,519.8322143554688,82.81536865234375,198.1083984375,-1,-1,-1,-1
161,6,518.5767822265625,520.2320556640625,82.0223388671875,195.78350830078125,-1,-1,-1,-1
162,6,513.849365234375,525.5421142578125,82.1129150390625,198.46588134765625,-1,-1,-1,-1
163,6,513.2650146484375,543.3382568359375,81.585205078125,196.12786865234375,-1,-1,-1,-1
164,6,512.4476318359375,558.6509399414062,81.359619140625,194.6241455078125,-1,-1,-1,-1
165,6,502.2264099121094,577.0691528320312,81.32864379882812,194.47705078125,-1,-1,-1,-1
166,6,494.88067626953125,589.5161743164062,80.3192138671875,194.28753662109375,-1,-1,-1,-1
167,6,490.0890197753906,593.859375,78.71987915039062,190.380615234375,-1,-1,-1,-1
168,6,482.06939697265625,599.943603515625,78.74627685546875,189.8438720703125,-1,-1,-1,-1
169,6,477.1959228515625,608.0800170898438,79.6610107421875,190.74072265625,-1,-1,-1,-1
170,6,475.8912658691406,614.3982543945312,79.94485473632812,188.63909912109375,-1,-1,-1,-1
171,6,468.8216857910156,622.4217529296875,78.97811889648438,189.113037109375,-1,-1,-1,-1
172,6,459.8656311035156,619.1672973632812,79.81246948242188,187.9342041015625,-1,-1,-1,-1
173,6,449.9886169433594,611.1278076171875,83.07553100585938,186.58880615234375,-1,-1,-1,-1
174,6,448.45062255859375,600.2811889648438,82.11309814453125,185.63970947265625,-1,-1,-1,-1
175,6,451.54705810546875,595.290771484375,80.44921875,186.33221435546875,-1,-1,-1,-1
176,6,459.0696105957031,599.4551391601562,78.51174926757812,184.6611328125,-1,-1,-1,-1
177,6,464.3672790527344,605.4051513671875,79.08767700195312,186.0552978515625,-1,-1,-1,-1
178,6,475.2989501953125,613.2103271484375,77.8150634765625,183.8931884765625,-1,-1,-1,-1
179,6,481.71929931640625,617.7813720703125,77.73394775390625,184.23583984375,-1,-1,-1,-1
180,6,482.7672119140625,614.9650268554688,77.00750732421875,182.63262939453125,-1,-1,-1,-1
181,6,481.48260498046875,613.4982299804688,77.28369140625,184.22039794921875,-1,-1,-1,-1
182,6,485.7796936035156,608.392333984375,76.30642700195312,186.6181640625,-1,-1,-1,-1
183,6,488.37945556640625,611.845947265625,75.76275634765625,185.8983154296875,-1,-1,-1,-1
184,6,491.8960266113281,629.4371337890625,76.50985717773438,185.73590087890625,-1,-1,-1,-1
185,6,500.7119140625,620.9788818359375,75.4425048828125,189.791259765625,-1,-1,-1,-1
186,6,507.5383605957031,610.7252807617188,76.30758666992188,190.47686767578125,-1,-1,-1,-1
187,6,516.2730102539062,596.772705078125,76.86053466796875,186.345458984375,-1,-1,-1,-1
188,6,520.2738647460938,569.9022827148438,76.029296875,186.48162841796875,-1,-1,-1,-1
189,6,529.1212158203125,551.291748046875,74.05718994140625,182.10369873046875,-1,-1,-1,-1
190,6,532.434326171875,569.5911865234375,73.1805419921875,179.54925537109375,-1,-1,-1,-1
191,6,540.0008544921875,578.5726318359375,71.91436767578125,176.44525146484375,-1,-1,-1,-1
192,6,546.1002807617188,589.8003540039062,68.77496337890625,173.9854736328125,-1,-1,-1,-1
193,6,546.0519409179688,591.9365234375,66.50823974609375,172.16546630859375,-1,-1,-1,-1
194,6,552.258544921875,568.3877563476562,67.97454833984375,173.76275634765625,-1,-1,-1,-1
195,6,557.32470703125,534.0492553710938,66.71533203125,170.09576416015625,-1,-1,-1,-1
196,6,555.8839111328125,510.90380859375,67.07666015625,172.498779296875,-1,-1,-1,-1
197,6,574.6376953125,490.21044921875,67.335205078125,171.72515869140625,-1,-1,-1,-1
198,6,622.78955078125,459.59429931640625,68.19500732421875,177.018310546875,-1,-1,-1,-1
199,6,763.5323486328125,425.0993347167969,74.900390625,183.82760620117188,-1,-1,-1,-1
200,6,735.891845703125,528.5125122070312,133.991455078125,166.1103515625,-1,-1,-1,-1
200,7,1108.8470458984375,479.2747497558594,301.687744140625,566.6920166015625,-1,-1,-1,-1
201,7,870.88916015625,694.7118530273438,442.5111083984375,679.0416870117188,-1,-1,-1,-1
202,8,190.5106964111328,532.3544921875,256.9042205810547,446.0201416015625,-1,-1,-1,-1
203,8,331.4527587890625,522.5787963867188,219.2850341796875,428.27777099609375,-1,-1,-1,-1
204,8,342.2857360839844,515.499755859375,208.45761108398438,437.556640625,-1,-1,-1,-1
205,8,284.4346008300781,503.094970703125,221.74356079101562,446.607421875,-1,-1,-1,-1
206,8,137.39108276367188,518.4392700195312,268.0065002441406,457.35614013671875,-1,-1,-1,-1
207,8,213.26455688476562,581.263427734375,429.7503967285156,479.994873046875,-1,-1,-1,-1
207,9,0.8258695602416992,552.9141845703125,212.93499755859375,539.00146484375,-1,-1,-1,-1
208,9,-5.062150001525879,800.3839111328125,316.21435546875,593.8814697265625,-1,-1,-1,-1
209,10,1102.990966796875,505.7434997558594,303.681396484375,509.9601135253906,-1,-1,-1,-1
210,10,926.2152709960938,502.02569580078125,276.57122802734375,488.40863037109375,-1,-1,-1,-1
211,10,797.9390869140625,506.7210388183594,234.51318359375,474.7380065917969,-1,-1,-1,-1
212,10,711.7547607421875,503.6808776855469,199.36688232421875,386.1399230957031,-1,-1,-1,-1
213,10,662.7613525390625,513.530517578125,182.20159912109375,386.3924560546875,-1,-1,-1,-1
214,10,640.264404296875,525.6748657226562,169.11834716796875,518.2435913085938,-1,-1,-1,-1
215,10,632.5738525390625,537.8645629882812,167.47705078125,513.3251342773438,-1,-1,-1,-1
216,10,630.6270141601562,541.3734741210938,171.62249755859375,511.68548583984375,-1,-1,-1,-1
217,10,631.7723999023438,538.3391723632812,171.939208984375,522.9081420898438,-1,-1,-1,-1
218,10,636.2843017578125,535.568115234375,172.91314697265625,553.0665283203125,-1,-1,-1,-1
219,10,645.9450073242188,530.824951171875,176.48382568359375,580.375244140625,-1,-1,-1,-1
220,10,666.686767578125,518.8790893554688,179.13287353515625,575.7510375976562,-1,-1,-1,-1
221,10,675.2238159179688,529.6022338867188,175.13262939453125,540.7777709960938,-1,-1,-1,-1
222,10,674.9459838867188,530.8253173828125,166.6513671875,495.3409423828125,-1,-1,-1,-1
223,10,677.4064331054688,541.3532104492188,161.3773193359375,469.68365478515625,-1,-1,-1,-1
224,10,683.2545166015625,564.4622802734375,159.25982666015625,450.5810546875,-1,-1,-1,-1
225,10,693.62744140625,591.0069580078125,153.1680908203125,433.408447265625,-1,-1,-1,-1
226,10,699.3861083984375,618.9530639648438,147.9764404296875,427.14898681640625,-1,-1,-1,-1
227,10,700.7735595703125,640.0133666992188,144.72943115234375,433.75103759765625,-1,-1,-1,-1
228,10,704.0581665039062,653.12939453125,142.03515625,435.034912109375,-1,-1,-1,-1
229,10,703.1685180664062,650.742431640625,140.76580810546875,422.422119140625,-1,-1,-1,-1
230,10,701.6708374023438,634.6763916015625,133.60357666015625,403.3812255859375,-1,-1,-1,-1
231,10,696.4390869140625,622.0822143554688,140.0614013671875,381.6636962890625,-1,-1,-1,-1
232,10,692.1781005859375,613.4790649414062,146.94268798828125,361.88580322265625,-1,-1,-1,-1
233,10,694.1781616210938,612.6223754882812,163.569580078125,349.25604248046875,-1,-1,-1,-1
234,10,697.1439208984375,628.1463012695312,166.464111328125,338.39398193359375,-1,-1,-1,-1
235,10,689.862060546875,638.8914184570312,171.018310546875,328.89532470703125,-1,-1,-1,-1
236,10,669.9546508789062,646.4291381835938,184.0274658203125,325.51055908203125,-1,-1,-1,-1
237,10,654.5199584960938,641.8256225585938,201.06011962890625,346.0546875,-1,-1,-1,-1
238,10,640.23486328125,625.8555297851562,225.63458251953125,385.17889404296875,-1,-1,-1,-1
239,10,621.7351684570312,608.0779418945312,254.503662109375,418.15240478515625,-1,-1,-1,-1
240,10,617.1441650390625,588.8885498046875,254.85394287109375,438.306884765625,-1,-1,-1,-1
241,10,617.0282592773438,577.7156372070312,224.21246337890625,457.48211669921875,-1,-1,-1,-1
242,10,627.4121704101562,557.24072265625,221.8834228515625,488.1397705078125,-1,-1,-1,-1
243,10,646.3919677734375,549.8905029296875,242.5699462890625,523.587646484375,-1,-1,-1,-1
244,10,647.806640625,550.7626953125,285.273193359375,561.0869140625,-1,-1,-1,-1
245,10,684.31689453125,577.6060791015625,366.4324951171875,617.66796875,-1,-1,-1,-1
246,10,754.932373046875,585.4877319335938,329.41064453125,639.2633666992188,-1,-1,-1,-1
247,10,848.3750610351562,585.7365112304688,306.34600830078125,678.9199829101562,-1,-1,-1,-1
248,10,855.2308349609375,591.5496215820312,494.3692626953125,750.9971313476562,-1,-1,-1,-1
249,10,773.3031005859375,596.2015380859375,549.170166015625,753.9200439453125,-1,-1,-1,-1
250,10,700.4642944335938,569.7965087890625,538.0311889648438,711.60888671875,-1,-1,-1,-1
251,10,509.62493896484375,591.984619140625,688.8565063476562,742.134765625,-1,-1,-1,-1
252,10,472.4457702636719,580.369873046875,744.7073974609375,715.51416015625,-1,-1,-1,-1
253,10,569.6031494140625,566.7364501953125,613.82080078125,736.4283447265625,-1,-1,-1,-1
254,10,673.636474609375,574.56103515625,462.297119140625,763.1224365234375,-1,-1,-1,-1
255,10,672.1165771484375,549.5244750976562,581.724365234375,743.1578979492188,-1,-1,-1,-1
256,10,659.5447998046875,560.8168334960938,640.92431640625,810.9530639648438,-1,-1,-1,-1
257,10,669.70947265625,571.4760131835938,584.4444580078125,818.7901000976562,-1,-1,-1,-1
258,10,675.1201782226562,558.9000244140625,543.3087768554688,836.5384521484375,-1,-1,-1,-1
259,10,668.3185424804688,586.2078247070312,508.77264404296875,817.0220336914062,-1,-1,-1,-1
260,10,679.4007568359375,596.721923828125,448.7852783203125,762.5076904296875,-1,-1,-1,-1
261,10,692.8621826171875,569.5281372070312,400.3731689453125,768.3662719726562,-1,-1,-1,-1
262,10,713.7206420898438,522.73876953125,363.02056884765625,745.4210205078125,-1,-1,-1,-1
263,10,748.481689453125,460.015869140625,311.7325439453125,724.120849609375,-1,-1,-1,-1
264,10,779.1649169921875,392.0953369140625,290.270263671875,711.554931640625,-1,-1,-1,-1
265,10,819.2713012695312,315.3414611816406,303.52142333984375,709.0003662109375,-1,-1,-1,-1
266,10,889.22265625,255.28762817382812,308.84326171875,703.8839111328125,-1,-1,-1,-1
267,10,933.5089721679688,203.72677612304688,303.23162841796875,708.4744873046875,-1,-1,-1,-1
268,10,926.5391845703125,173.93087768554688,292.83447265625,704.5093994140625,-1,-1,-1,-1
269,10,887.3049926757812,139.65585327148438,278.67315673828125,697.9473876953125,-1,-1,-1,-1
270,10,825.3961181640625,143.59396362304688,271.7418212890625,681.4864501953125,-1,-1,-1,-1
271,10,813.2612915039062,187.99826049804688,242.32672119140625,640.5537109375,-1,-1,-1,-1
272,10,800.99853515625,219.97268676757812,219.59814453125,623.4002685546875,-1,-1,-1,-1
273,10,749.2784423828125,240.782470703125,224.04376220703125,595.2454223632812,-1,-1,-1,-1
274,10,720.5681762695312,229.77285766601562,231.67974853515625,575.578125,-1,-1,-1,-1
275,10,720.6893920898438,221.94070434570312,228.08612060546875,562.395751953125,-1,-1,-1,-1
276,10,712.031494140625,250.46376037597656,227.93865966796875,525.1322021484375,-1,-1,-1,-1
277,10,682.7573852539062,291.88214111328125,247.67620849609375,495.664306640625,-1,-1,-1,-1
278,10,669.7808227539062,334.28887939453125,266.6005859375,465.70880126953125,-1,-1,-1,-1
279,10,678.642333984375,348.5070495605469,270.495849609375,450.4551696777344,-1,-1,-1,-1
280,10,717.13037109375,352.3968811035156,260.0931396484375,444.3999328613281,-1,-1,-1,-1
281,10,740.2997436523438,369.5481262207031,246.33917236328125,435.5616149902344,-1,-1,-1,-1
282,10,727.0587158203125,362.7083435058594,228.000244140625,418.5410461425781,-1,-1,-1,-1
283,10,712.8806762695312,353.9168701171875,195.67340087890625,403.620849609375,-1,-1,-1,-1
284,10,706.2154541015625,365.95611572265625,164.69195556640625,386.4932861328125,-1,-1,-1,-1
285,10,709.09814453125,395.9661865234375,147.160400390625,370.63067626953125,-1,-1,-1,-1
286,10,700.6204833984375,416.7760314941406,142.4263916015625,354.0542297363281,-1,-1,-1,-1
287,10,701.0048828125,424.669677734375,137.8558349609375,341.6826171875,-1,-1,-1,-1
288,10,700.6776123046875,442.0030212402344,130.408935546875,330.7012634277344,-1,-1,-1,-1
289,10,707.460205078125,479.4138488769531,126.868896484375,322.9019470214844,-1,-1,-1,-1
290,10,701.2142333984375,510.2353820800781,121.336669921875,321.3150939941406,-1,-1,-1,-1
291,10,698.8041381835938,527.0655517578125,118.36370849609375,323.8780517578125,-1,-1,-1,-1
292,10,707.730712890625,542.68505859375,116.1787109375,328.430419921875,-1,-1,-1,-1
293,10,705.205078125,555.0663452148438,112.33642578125,323.751220703125,-1,-1,-1,-1
294,10,705.3750610351562,571.789306640625,109.477783203125,313.6181640625,-1,-1,-1,-1
295,10,708.28515625,588.7749633789062,107.55596923828125,308.16290283203125,-1,-1,-1,-1
296,10,697.656005859375,606.7208251953125,107.2454833984375,301.1962890625,-1,-1,-1,-1
297,10,701.5703735351562,613.949951171875,105.84759521484375,299.4215087890625,-1,-1,-1,-1
298,10,709.8699951171875,611.2920532226562,101.1099853515625,298.9019775390625,-1,-1,-1,-1
299,10,703.5324096679688,605.2916259765625,100.24969482421875,301.70770263671875,-1,-1,-1,-1
300,10,703.2979736328125,604.9924926757812,97.860595703125,302.9073486328125,-1,-1,-1,-1
301,10,703.5104370117188,604.4625854492188,95.9940185546875,302.53173828125,-1,-1,-1,-1
302,10,701.6057739257812,600.7977905273438,95.30755615234375,299.19854736328125,-1,-1,-1,-1
303,10,699.2626953125,594.6849365234375,93.97845458984375,292.62591552734375,-1,-1,-1,-1
304,10,700.7738037109375,584.8654174804688,95.3531494140625,285.4794921875,-1,-1,-1,-1
305,10,707.2808837890625,580.146728515625,98.0216064453125,280.4154052734375,-1,-1,-1,-1
306,10,714.7384643554688,586.734619140625,97.9114990234375,278.50982666015625,-1,-1,-1,-1
307,10,715.1119995117188,598.0347290039062,99.2467041015625,281.29425048828125,-1,-1,-1,-1
308,10,712.3067016601562,598.1163330078125,96.763427734375,293.60443115234375,-1,-1,-1,-1
309,10,707.3397216796875,589.5817260742188,95.383544921875,311.53741455078125,-1,-1,-1,-1
310,10,704.1162719726562,581.2123413085938,96.549072265625,328.6944580078125,-1,-1,-1,-1
311,10,700.2243041992188,579.435546875,96.4036865234375,338.38067626953125,-1,-1,-1,-1
312,10,696.7794799804688,597.1582641601562,98.7235107421875,343.9493408203125,-1,-1,-1,-1
313,10,697.16455078125,614.4948120117188,104.32989501953125,288.10272216796875,-1,-1,-1,-1
314,10,701.1640625,614.6964721679688,104.85443115234375,270.52838134765625,-1,-1,-1,-1
315,10,698.103515625,591.3381958007812,109.990234375,280.16192626953125,-1,-1,-1,-1
316,10,691.683837890625,575.4431762695312,110.4578857421875,342.02398681640625,-1,-1,-1,-1
317,10,686.4369506835938,570.9407958984375,109.41680908203125,359.5770263671875,-1,-1,-1,-1
318,10,683.158935546875,573.1747436523438,109.05670166015625,375.837890625,-1,-1,-1,-1
319,10,687.9835205078125,567.7548828125,109.58575439453125,390.1124267578125,-1,-1,-1,-1
320,10,694.2283935546875,554.5778198242188,112.750244140625,403.10577392578125,-1,-1,-1,-1
321,10,698.3598022460938,545.6582641601562,116.5953369140625,409.68939208984375,-1,-1,-1,-1
322,10,706.2606201171875,550.3394165039062,124.5718994140625,408.52423095703125,-1,-1,-1,-1
323,10,706.9590454101562,555.048095703125,130.40203857421875,407.2017822265625,-1,-1,-1,-1
324,10,705.5404663085938,541.9927368164062,134.79730224609375,406.9664306640625,-1,-1,-1,-1
325,10,704.2431640625,527.4705200195312,137.572509765625,417.2763671875,-1,-1,-1,-1
326,10,702.5805053710938,516.15185546875,137.756591796875,439.68975830078125,-1,-1,-1,-1
327,10,700.8419189453125,511.7190856933594,139.2587890625,475.7514953613281,-1,-1,-1,-1
328,10,697.0779418945312,510.7623596191406,139.8033447265625,503.9627990722656,-1,-1,-1,-1
329,10,695.726318359375,526.4254150390625,142.9522705078125,518.36083984375,-1,-1,-1,-1
330,10,692.6454467773438,542.409423828125,145.07171630859375,530.473388671875,-1,-1,-1,-1
331,10,693.0296630859375,554.839599609375,145.5418701171875,520.362548828125,-1,-1,-1,-1
332,10,698.3939208984375,554.6288452148438,150.2757568359375,507.82952880859375,-1,-1,-1,-1
333,10,696.4293212890625,556.8073120117188,151.2459716796875,502.45611572265625,-1,-1,-1,-1
334,10,700.6690673828125,554.8414916992188,154.177978515625,507.35821533203125,-1,-1,-1,-1
335,10,698.4154052734375,557.0299072265625,152.84405517578125,514.5213623046875,-1,-1,-1,-1
336,10,690.1209106445312,560.1458129882812,151.35870361328125,518.7492065429688,-1,-1,-1,-1
337,10,685.7816162109375,565.5160522460938,148.059814453125,509.11236572265625,-1,-1,-1,-1
338,10,684.5286865234375,577.1915283203125,147.67193603515625,495.72216796875,-1,-1,-1,-1
339,10,683.5687866210938,602.8663940429688,150.10528564453125,483.33734130859375,-1,-1,-1,-1
340,10,683.5789794921875,611.0569458007812,151.72698974609375,473.59405517578125,-1,-1,-1,-1
341,10,684.3262329101562,603.0437622070312,154.15643310546875,468.35052490234375,-1,-1,-1,-1
342,10,685.4718017578125,585.6640014648438,158.72735595703125,477.33392333984375,-1,-1,-1,-1
343,10,689.9278564453125,557.8709716796875,159.5833740234375,504.142578125,-1,-1,-1,-1
344,10,690.023193359375,562.8262939453125,161.95892333984375,538.5699462890625,-1,-1,-1,-1
345,10,686.0691528320312,569.8985595703125,163.3211669921875,568.0162353515625,-1,-1,-1,-1
346,10,681.0941162109375,574.0950317382812,173.3857421875,571.9894409179688,-1,-1,-1,-1
347,10,678.3585205078125,582.584716796875,177.6712646484375,556.6317138671875,-1,-1,-1,-1
348,10,677.8102416992188,581.3712768554688,180.37738037109375,539.0957641601562,-1,-1,-1,-1
349,10,678.1871337890625,565.35205078125,179.1622314453125,532.60009765625,-1,-1,-1,-1
350,10,680.2515258789062,548.1754150390625,172.32659912109375,536.854248046875,-1,-1,-1,-1
351,10,682.6283569335938,513.4204711914062,160.0203857421875,546.5396118164062,-1,-1,-1,-1
352,10,685.4788208007812,477.0453186035156,150.71319580078125,545.570556640625,-1,-1,-1,-1
353,10,689.177490234375,478.8092346191406,147.2662353515625,533.6168212890625,-1,-1,-1,-1
354,10,688.5403442382812,502.55767822265625,143.49969482421875,504.8994140625,-1,-1,-1,-1
355,10,689.095947265625,523.5032958984375,141.237548828125,478.87908935546875,-1,-1,-1,-1
356,10,688.8517456054688,544.0673828125,144.3505859375,458.24798583984375,-1,-1,-1,-1
357,10,689.744873046875,568.6407470703125,145.2489013671875,440.40179443359375,-1,-1,-1,-1
358,10,689.7230834960938,577.90087890625,140.87530517578125,436.45318603515625,-1,-1,-1,-1
359,10,689.5111694335938,570.6919555664062,133.97900390625,446.99310302734375,-1,-1,-1,-1
360,10,689.6094970703125,557.5175170898438,128.6883544921875,451.8443603515625,-1,-1,-1,-1
361,10,689.073974609375,548.1232299804688,124.22723388671875,433.7373046875,-1,-1,-1,-1
362,10,686.1424560546875,550.3812255859375,124.2183837890625,414.49603271484375,-1,-1,-1,-1
363,10,682.3082275390625,546.2286376953125,127.43603515625,396.91015625,-1,-1,-1,-1
364,10,683.365966796875,545.8234252929688,129.807861328125,382.4921875,-1,-1,-1,-1
365,10,686.6522827148438,555.3955688476562,131.654541015625,374.341552734375,-1,-1,-1,-1
366,10,687.3997802734375,566.3162841796875,133.77838134765625,368.090087890625,-1,-1,-1,-1
367,10,685.7901000976562,569.5112915039062,138.08416748046875,369.00604248046875,-1,-1,-1,-1
368,10,682.86669921875,571.8681030273438,139.8616943359375,379.975341796875,-1,-1,-1,-1
369,10,679.4608764648438,551.8782348632812,143.1473388671875,398.8135986328125,-1,-1,-1,-1
370,10,678.2473754882812,523.4408569335938,147.3944091796875,430.88702392578125,-1,-1,-1,-1
371,10,680.134033203125,512.1149597167969,158.8790283203125,473.2225646972656,-1,-1,-1,-1
372,10,676.7885131835938,509.5799560546875,175.80511474609375,522.105224609375,-1,-1,-1,-1
373,10,669.8668212890625,515.5623779296875,201.398681640625,545.037109375,-1,-1,-1,-1
374,10,675.1949462890625,521.112548828125,209.47320556640625,532.1658935546875,-1,-1,-1,-1
375,10,674.4597778320312,529.4896850585938,214.82794189453125,516.4801635742188,-1,-1,-1,-1
376,10,684.7734375,537.4334716796875,210.58245849609375,507.1195068359375,-1,-1,-1,-1
377,10,687.5423583984375,527.5110473632812,201.12225341796875,510.36126708984375,-1,-1,-1,-1
378,10,688.5087280273438,507.72015380859375,190.79595947265625,510.9410400390625,-1,-1,-1,-1
379,10,698.4544677734375,500.53955078125,182.86944580078125,494.793212890625,-1,-1,-1,-1
380,10,704.577880859375,515.996826171875,177.37127685546875,468.00872802734375,-1,-1,-1,-1
381,10,706.27392578125,537.4759521484375,166.9908447265625,448.58428955078125,-1,-1,-1,-1
382,10,712.9845581054688,565.2742919921875,161.08978271484375,434.8682861328125,-1,-1,-1,-1
383,10,718.3450927734375,591.3233032226562,160.45684814453125,425.36761474609375,-1,-1,-1,-1
384,10,716.097412109375,593.5838012695312,163.33026123046875,420.785400390625,-1,-1,-1,-1
385,10,713.9370727539062,587.4547729492188,159.63323974609375,418.96624755859375,-1,-1,-1,-1
386,10,710.0526733398438,578.8475341796875,159.14434814453125,418.11376953125,-1,-1,-1,-1
387,10,710.349853515625,572.5150756835938,155.93841552734375,411.87310791015625,-1,-1,-1,-1
388,10,708.5944213867188,561.0679931640625,155.9139404296875,402.27655029296875,-1,-1,-1,-1
389,10,709.843017578125,549.1719970703125,153.9365234375,391.277099609375,-1,-1,-1,-1
390,10,709.4868774414062,560.3458862304688,156.54180908203125,382.28936767578125,-1,-1,-1,-1
391,10,710.1937866210938,574.9947509765625,160.45849609375,371.9796142578125,-1,-1,-1,-1
392,10,708.4160766601562,575.6746215820312,167.9375,365.23052978515625,-1,-1,-1,-1
393,10,699.6790771484375,578.5437622070312,174.3404541015625,369.04046630859375,-1,-1,-1,-1
394,10,683.1354370117188,571.8844604492188,190.3621826171875,394.20855712890625,-1,-1,-1,-1
395,10,669.521484375,559.212158203125,216.3118896484375,437.08074951171875,-1,-1,-1,-1
396,10,653.4954223632812,558.2249755859375,254.15863037109375,490.487548828125,-1,-1,-1,-1
397,10,646.7544555664062,575.032470703125,302.424560546875,551.56982421875,-1,-1,-1,-1
398,10,661.3631591796875,566.1881103515625,322.01153564453125,581.3360595703125,-1,-1,-1,-1
399,10,680.8321533203125,566.5272216796875,298.189208984375,564.052978515625,-1,-1,-1,-1
400,10,710.41748046875,578.1749877929688,253.6668701171875,534.6704711914062,-1,-1,-1,-1
401,10,718.4769897460938,566.624755859375,222.28436279296875,514.794189453125,-1,-1,-1,-1
402,10,715.307861328125,533.5907592773438,186.55908203125,497.89788818359375,-1,-1,-1,-1
403,10,727.2938842773438,516.994384765625,168.54962158203125,497.37823486328125,-1,-1,-1,-1
404,10,726.2584228515625,513.2888793945312,167.8148193359375,490.615966796875,-1,-1,-1,-1
405,10,725.3367309570312,519.2105102539062,162.57440185546875,471.10968017578125,-1,-1,-1,-1
406,10,727.6183471679688,541.0625610351562,155.96075439453125,449.67633056640625,-1,-1,-1,-1
407,10,713.09228515625,578.2703247070312,174.89471435546875,430.537109375,-1,-1,-1,-1
408,10,699.682373046875,607.8944702148438,185.6162109375,430.43194580078125,-1,-1,-1,-1
409,10,705.8887329101562,614.7152099609375,179.05694580078125,419.5712890625,-1,-1,-1,-1
410,10,707.8237915039062,612.5216674804688,177.57855224609375,413.68499755859375,-1,-1,-1,-1
411,10,691.60888671875,607.547607421875,192.328369140625,421.427978515625,-1,-1,-1,-1
412,10,691.2119140625,600.5347290039062,183.5550537109375,437.24114990234375,-1,-1,-1,-1
413,10,691.8287963867188,597.3972778320312,169.3690185546875,447.57977294921875,-1,-1,-1,-1
414,10,698.2391357421875,594.922607421875,158.2598876953125,451.29052734375,-1,-1,-1,-1
415,10,699.5836791992188,608.4086303710938,156.463134765625,454.75335693359375,-1,-1,-1,-1
416,10,696.9207153320312,620.685546875,163.172119140625,464.7044677734375,-1,-1,-1,-1
417,10,690.9107666015625,616.8046875,183.97637939453125,482.2034912109375,-1,-1,-1,-1
418,10,683.703125,605.3914184570312,220.1817626953125,508.28387451171875,-1,-1,-1,-1
419,10,679.045654296875,590.937744140625,240.0806884765625,538.6239013671875,-1,-1,-1,-1
420,10,675.4127197265625,584.5941162109375,272.95208740234375,583.2572021484375,-1,-1,-1,-1
421,10,674.6671142578125,592.1162109375,255.007080078125,621.568359375,-1,-1,-1,-1
422,10,693.0640258789062,595.638427734375,231.56854248046875,654.322509765625,-1,-1,-1,-1
423,10,715.8458251953125,583.77392578125,228.181640625,657.613037109375,-1,-1,-1,-1
424,10,705.7727661132812,564.028076171875,272.31524658203125,626.7515869140625,-1,-1,-1,-1
425,10,700.3526000976562,531.2788696289062,274.07562255859375,590.2916870117188,-1,-1,-1,-1
426,10,702.3151245117188,499.7892761230469,274.81463623046875,578.9647216796875,-1,-1,-1,-1
427,10,674.1547241210938,482.25579833984375,296.98101806640625,565.2706909179688,-1,-1,-1,-1
428,10,659.2284545898438,455.2464904785156,296.58251953125,562.8028564453125,-1,-1,-1,-1
429,10,660.0679321289062,452.86553955078125,290.04669189453125,541.0745849609375,-1,-1,-1,-1
430,10,665.8875122070312,473.8805847167969,265.35693359375,515.18505859375,-1,-1,-1,-1
431,10,681.5474853515625,481.0889892578125,249.1002197265625,521.7347412109375,-1,-1,-1,-1
432,10,678.1259155273438,476.81744384765625,249.26702880859375,530.8228149414062,-1,-1,-1,-1
433,10,692.9598388671875,476.57275390625,241.2369384765625,535.7982788085938,-1,-1,-1,-1
434,10,704.0731201171875,487.3599548339844,253.72113037109375,526.9498291015625,-1,-1,-1,-1
435,10,737.8804321289062,472.887939453125,248.471435546875,547.7598876953125,-1,-1,-1,-1
436,10,755.2752685546875,451.24359130859375,227.70465087890625,560.5137329101562,-1,-1,-1,-1
437,10,757.3260498046875,433.7154541015625,205.9300537109375,549.8309326171875,-1,-1,-1,-1
438,10,753.7728271484375,445.87628173828125,186.65167236328125,525.130126953125,-1,-1,-1,-1
439,10,742.5164794921875,476.7574768066406,188.68634033203125,512.4823913574219,-1,-1,-1,-1
440,10,722.4228515625,471.7384338378906,205.62200927734375,518.132080078125,-1,-1,-1,-1
441,10,720.160400390625,465.4796142578125,230.4091796875,540.593017578125,-1,-1,-1,-1
442,10,718.61279296875,462.16656494140625,247.8900146484375,572.0801391601562,-1,-1,-1,-1
443,10,720.003173828125,463.615966796875,252.98486328125,595.4322509765625,-1,-1,-1,-1
444,10,717.00146484375,472.7337341308594,250.1336669921875,609.0494384765625,-1,-1,-1,-1
445,10,723.0239868164062,500.8350830078125,253.89404296875,600.6817626953125,-1,-1,-1,-1
446,10,720.8088989257812,519.8523559570312,253.08807373046875,585.8663940429688,-1,-1,-1,-1
447,10,704.8485717773438,524.69873046875,244.41387939453125,575.4129638671875,-1,-1,-1,-1
448,10,705.018798828125,520.7951049804688,228.14422607421875,582.4760131835938,-1,-1,-1,-1
449,10,712.1439208984375,506.827880859375,204.997802734375,596.779052734375,-1,-1,-1,-1
450,10,718.5904541015625,501.358154296875,185.67950439453125,603.101318359375,-1,-1,-1,-1
451,10,718.3834838867188,498.9447937011719,172.694580078125,567.8507080078125,-1,-1,-1,-1
452,10,712.4821166992188,526.10205078125,169.8045654296875,512.235595703125,-1,-1,-1,-1
453,10,716.07275390625,557.9346923828125,164.73211669921875,486.9278564453125,-1,-1,-1,-1
454,10,716.3892211914062,570.0499267578125,161.40655517578125,471.5950927734375,-1,-1,-1,-1
455,10,714.853759765625,575.6497192382812,162.156494140625,458.09344482421875,-1,-1,-1,-1
456,10,709.46875,577.5696411132812,165.09747314453125,457.92193603515625,-1,-1,-1,-1
457,10,704.7247924804688,579.3349609375,163.90496826171875,467.2625732421875,-1,-1,-1,-1
458,10,698.54443359375,573.2739868164062,163.1358642578125,466.31341552734375,-1,-1,-1,-1
459,10,698.445556640625,574.0673217773438,154.98065185546875,452.63092041015625,-1,-1,-1,-1
460,10,702.9876098632812,569.8257446289062,168.4205322265625,437.01165771484375,-1,-1,-1,-1
461,10,700.0317993164062,575.0594482421875,154.6807861328125,420.390625,-1,-1,-1,-1
462,10,696.1846923828125,591.7600708007812,164.6817626953125,407.7274169921875,-1,-1,-1,-1
463,10,694.6265258789062,607.1148071289062,175.50921630859375,390.80059814453125,-1,-1,-1,-1
464,10,691.8220825195312,619.1725463867188,180.293701171875,373.90966796875,-1,-1,-1,-1
465,10,688.22119140625,632.110595703125,194.39117431640625,370.098876953125,-1,-1,-1,-1
466,10,676.4136962890625,630.946044921875,222.47906494140625,379.21142578125,-1,-1,-1,-1
467,10,657.810791015625,621.728515625,247.7352294921875,426.8077392578125,-1,-1,-1,-1
468,10,626.72509765625,619.3549194335938,283.86566162109375,462.84649658203125,-1,-1,-1,-1
469,10,624.0808715820312,610.6881103515625,284.2459716796875,463.9078369140625,-1,-1,-1,-1
470,10,636.82421875,610.9015502929688,283.9349365234375,449.60577392578125,-1,-1,-1,-1
471,10,649.9083862304688,608.3247680664062,286.012939453125,450.81805419921875,-1,-1,-1,-1
472,10,637.289794921875,600.5795288085938,311.94195556640625,457.57659912109375,-1,-1,-1,-1
473,10,597.13037109375,590.723876953125,329.6732177734375,474.3701171875,-1,-1,-1,-1
474,10,548.289306640625,579.6602172851562,341.9898681640625,507.55474853515625,-1,-1,-1,-1
475,10,536.3912963867188,559.2901611328125,379.02447509765625,529.035888671875,-1,-1,-1,-1
476,10,553.929931640625,550.4155883789062,413.0372314453125,532.4884643554688,-1,-1,-1,-1
477,10,587.5224609375,561.114013671875,400.29595947265625,534.8076171875,-1,-1,-1,-1
478,10,624.954833984375,574.5361328125,368.50115966796875,523.5994873046875,-1,-1,-1,-1
479,10,645.9442138671875,569.7705078125,341.65106201171875,494.612548828125,-1,-1,-1,-1
480,10,650.8071899414062,580.5630493164062,330.89471435546875,487.82745361328125,-1,-1,-1,-1
481,10,642.884033203125,586.66357421875,331.1107177734375,501.123291015625,-1,-1,-1,-1
482,10,636.485107421875,585.6231689453125,329.32269287109375,506.031494140625,-1,-1,-1,-1
483,10,626.8848876953125,584.8692626953125,338.67047119140625,508.9267578125,-1,-1,-1,-1
484,10,606.6405639648438,591.5745849609375,357.34283447265625,511.911865234375,-1,-1,-1,-1
485,10,619.1766357421875,590.5328369140625,338.21923828125,513.5361328125,-1,-1,-1,-1
486,10,655.816162109375,593.6984252929688,313.20703125,501.59454345703125,-1,-1,-1,-1
487,10,702.2116088867188,586.5587158203125,306.04290771484375,497.5833740234375,-1,-1,-1,-1
488,10,709.827880859375,582.4194946289062,306.532958984375,495.26666259765625,-1,-1,-1,-1
489,10,676.2863159179688,576.00732421875,297.97393798828125,494.5767822265625,-1,-1,-1,-1
490,10,634.6666259765625,577.8380737304688,281.4029541015625,505.46453857421875,-1,-1,-1,-1
491,10,620.7610473632812,581.80810546875,261.193359375,437.2845458984375,-1,-1,-1,-1
492,10,640.2947387695312,577.8546142578125,244.58154296875,518.0653076171875,-1,-1,-1,-1
493,10,687.7149658203125,578.2327880859375,235.7696533203125,501.314697265625,-1,-1,-1,-1
494,10,717.4326782226562,584.9143676757812,237.7489013671875,478.17620849609375,-1,-1,-1,-1
495,10,718.3807373046875,592.148193359375,222.69189453125,449.8116455078125,-1,-1,-1,-1
496,10,708.7642822265625,603.5863037109375,212.86669921875,424.4141845703125,-1,-1,-1,-1
497,10,709.4910888671875,609.2994384765625,209.54443359375,425.7542724609375,-1,-1,-1,-1
498,10,707.6317749023438,620.4032592773438,218.1690673828125,437.20819091796875,-1,-1,-1,-1
499,10,699.4884033203125,620.7886352539062,229.51678466796875,459.43511962890625,-1,-1,-1,-1
500,10,678.7515258789062,612.0369262695312,259.3038330078125,494.45770263671875,-1,-1,-1,-1
501,10,651.2034912109375,602.59130859375,280.77655029296875,442.0699462890625,-1,-1,-1,-1
502,10,621.236572265625,592.5111083984375,281.03729248046875,576.3709716796875,-1,-1,-1,-1
503,10,616.253173828125,605.0499877929688,292.8822021484375,587.5989379882812,-1,-1,-1,-1
504,10,619.2275390625,608.4742431640625,307.6973876953125,585.5657958984375,-1,-1,-1,-1
505,10,628.2901000976562,592.6382446289062,313.74847412109375,588.6906127929688,-1,-1,-1,-1
506,10,638.6329345703125,574.3729858398438,311.43939208984375,588.6448364257812,-1,-1,-1,-1
507,10,653.15478515625,584.8843383789062,319.93511962890625,575.3364868164062,-1,-1,-1,-1
508,10,671.1063232421875,605.1629638671875,336.61346435546875,555.4954833984375,-1,-1,-1,-1
509,10,672.5762329101562,608.5074462890625,359.75482177734375,537.5987548828125,-1,-1,-1,-1
510,10,676.2346801757812,591.9635620117188,351.15802001953125,536.4146118164062,-1,-1,-1,-1
511,10,690.1047973632812,566.4901123046875,329.62078857421875,563.219482421875,-1,-1,-1,-1
512,10,715.863037109375,563.0316772460938,335.52685546875,582.0763549804688,-1,-1,-1,-1
513,10,734.5922241210938,569.8668823242188,343.53900146484375,601.8142700195312,-1,-1,-1,-1
514,10,733.3631591796875,616.3234252929688,329.5291748046875,568.6613159179688,-1,-1,-1,-1
515,10,736.7032470703125,602.1439819335938,278.97857666015625,569.1647338867188,-1,-1,-1,-1
516,10,742.8272705078125,575.6626586914062,251.08636474609375,577.5504760742188,-1,-1,-1,-1
517,10,740.5823974609375,543.2568969726562,244.73870849609375,614.7655639648438,-1,-1,-1,-1
518,10,728.5316772460938,504.5085144042969,291.52886962890625,711.560791015625,-1,-1,-1,-1
519,10,735.6892700195312,502.94659423828125,367.07843017578125,835.4793090820312,-1,-1,-1,-1
520,10,759.0846557617188,548.3221435546875,429.25689697265625,818.1754150390625,-1,-1,-1,-1
521,10,852.059814453125,532.2130126953125,330.735595703125,788.521484375,-1,-1,-1,-1
522,10,841.885498046875,514.9035034179688,282.44677734375,764.6517944335938,-1,-1,-1,-1
523,10,810.2958374023438,467.74163818359375,245.48468017578125,759.2033081054688,-1,-1,-1,-1
524,10,789.890625,423.4605712890625,214.61126708984375,757.349365234375,-1,-1,-1,-1
525,10,801.475830078125,390.0196838378906,191.08367919921875,725.013671875,-1,-1,-1,-1
526,10,803.0166015625,374.89630126953125,175.2235107421875,653.2521362304688,-1,-1,-1,-1
527,10,798.4552001953125,383.4609069824219,170.2633056640625,569.867431640625,-1,-1,-1,-1
528,10,796.5076904296875,403.37615966796875,171.923095703125,499.38507080078125,-1,-1,-1,-1
529,10,792.3156127929688,418.1922302246094,170.72821044921875,461.7351989746094,-1,-1,-1,-1
530,10,793.8221435546875,400.1816711425781,172.8326416015625,451.7449035644531,-1,-1,-1,-1
531,10,796.98486328125,381.7817687988281,166.0013427734375,453.7321472167969,-1,-1,-1,-1
532,10,797.4750366210938,361.0735168457031,159.976806640625,470.7665100097656,-1,-1,-1,-1
533,10,788.1271362304688,367.3974609375,153.09228515625,473.66448974609375,-1,-1,-1,-1
534,10,784.280517578125,381.2915344238281,144.36724853515625,457.1701965332031,-1,-1,-1,-1
535,10,788.2767944335938,374.05560302734375,142.9893798828125,433.06964111328125,-1,-1,-1,-1
536,10,783.6529541015625,372.8748779296875,143.771240234375,423.580810546875,-1,-1,-1,-1
537,10,770.2371215820312,384.93231201171875,146.2491455078125,414.29461669921875,-1,-1,-1,-1
538,10,764.1050415039062,387.2611999511719,158.00341796875,410.0265197753906,-1,-1,-1,-1
539,10,761.8087768554688,385.3676452636719,162.2822265625,412.0521545410156,-1,-1,-1,-1
540,10,756.642822265625,385.8197326660156,163.1568603515625,409.1443786621094,-1,-1,-1,-1
541,10,748.3671264648438,382.48291015625,163.7862548828125,405.1353759765625,-1,-1,-1,-1
542,10,740.9742431640625,378.1675720214844,164.3721923828125,403.6868591308594,-1,-1,-1,-1
543,10,731.4437255859375,387.10064697265625,157.63604736328125,398.83416748046875,-1,-1,-1,-1
544,10,723.4393310546875,392.6942138671875,151.368408203125,392.62615966796875,-1,-1,-1,-1
545,10,720.32861328125,386.63726806640625,150.2301025390625,386.91583251953125,-1,-1,-1,-1
546,10,719.993408203125,402.7330627441406,152.16925048828125,376.4825134277344,-1,-1,-1,-1
547,10,717.1433715820312,422.3197937011719,155.53375244140625,368.9767150878906,-1,-1,-1,-1
548,10,711.5037841796875,436.7568359375,159.677734375,364.668701171875,-1,-1,-1,-1
549,10,704.2615356445312,442.5216064453125,156.146728515625,380.13232421875,-1,-1,-1,-1
550,10,698.8787841796875,445.6497802734375,150.9617919921875,408.890869140625,-1,-1,-1,-1
551,10,694.8860473632812,452.67352294921875,148.27655029296875,448.77154541015625,-1,-1,-1,-1
552,10,692.953369140625,467.932861328125,146.01922607421875,480.25042724609375,-1,-1,-1,-1
553,10,692.8124389648438,480.2394104003906,150.68035888671875,492.5621032714844,-1,-1,-1,-1
554,10,692.77294921875,491.1214904785156,158.65283203125,490.8157653808594,-1,-1,-1,-1
555,10,693.5120849609375,497.91436767578125,165.74066162109375,489.88250732421875,-1,-1,-1,-1
556,10,690.412841796875,500.13330078125,172.69659423828125,497.339599609375,-1,-1,-1,-1
557,10,680.9939575195312,498.0106201171875,178.09808349609375,511.149169921875,-1,-1,-1,-1
558,10,678.4713134765625,503.82501220703125,168.84954833984375,528.8978881835938,-1,-1,-1,-1
559,10,685.576171875,509.0771789550781,159.367919921875,546.1619873046875,-1,-1,-1,-1
560,10,690.0621948242188,516.4500732421875,158.00677490234375,552.8865966796875,-1,-1,-1,-1
561,10,686.5958862304688,538.453857421875,157.37030029296875,546.9249267578125,-1,-1,-1,-1
562,10,686.5225219726562,562.958251953125,152.79669189453125,540.948486328125,-1,-1,-1,-1
563,10,687.0835571289062,576.9822387695312,162.20281982421875,539.0576782226562,-1,-1,-1,-1
564,10,690.5751342773438,582.2943115234375,170.48211669921875,550.9149169921875,-1,-1,-1,-1
565,10,692.7247314453125,593.1215209960938,168.0196533203125,569.6942749023438,-1,-1,-1,-1
566,10,688.5999145507812,595.248291015625,174.55731201171875,591.9229736328125,-1,-1,-1,-1
567,10,688.7498779296875,556.753173828125,159.926513671875,571.4342041015625,-1,-1,-1,-1
568,10,686.3256225585938,547.6040649414062,162.834228515625,543.2612915039062,-1,-1,-1,-1
569,10,686.244384765625,556.3892822265625,163.03985595703125,504.2991943359375,-1,-1,-1,-1
570,10,681.8438110351562,561.7847900390625,158.72357177734375,475.657470703125,-1,-1,-1,-1
571,10,682.5623779296875,560.3883056640625,154.34991455078125,455.4190673828125,-1,-1,-1,-1
572,10,680.8062744140625,567.2160034179688,151.72039794921875,445.207763671875,-1,-1,-1,-1
573,10,678.5900268554688,585.6643676757812,150.13385009765625,440.47979736328125,-1,-1,-1,-1
574,10,679.9482421875,591.6806030273438,150.368896484375,449.34332275390625,-1,-1,-1,-1
575,10,678.5203247070312,576.55810546875,161.02740478515625,465.77880859375,-1,-1,-1,-1
576,10,674.4840087890625,566.5596313476562,196.43255615234375,486.54937744140625,-1,-1,-1,-1
577,10,670.8094482421875,557.0574951171875,183.6470947265625,489.8604736328125,-1,-1,-1,-1
578,10,671.7537841796875,557.77734375,178.051513671875,480.9708251953125,-1,-1,-1,-1
579,10,674.6340942382812,569.0719604492188,205.19622802734375,464.88421630859375,-1,-1,-1,-1
580,10,675.5988159179688,578.962646484375,235.55438232421875,458.851806640625,-1,-1,-1,-1
581,10,671.657958984375,590.3146362304688,252.529296875,462.13226318359375,-1,-1,-1,-1
582,10,663.7261962890625,605.7105712890625,253.75946044921875,470.43359375,-1,-1,-1,-1
583,10,649.83544921875,610.1525268554688,258.265869140625,498.27178955078125,-1,-1,-1,-1
584,10,641.2183227539062,583.52099609375,258.4644775390625,525.779296875,-1,-1,-1,-1
585,10,641.7642822265625,560.8147583007812,260.38287353515625,541.7973022460938,-1,-1,-1,-1
586,10,637.5844116210938,540.547607421875,267.240234375,543.4232177734375,-1,-1,-1,-1
587,10,637.7869873046875,537.0109252929688,276.0294189453125,530.5945434570312,-1,-1,-1,-1
588,10,636.0590209960938,549.5828857421875,310.61407470703125,523.5865478515625,-1,-1,-1,-1
589,10,642.5422973632812,569.0602416992188,339.3948974609375,512.1808471679688,-1,-1,-1,-1
590,10,653.978515625,585.0283813476562,342.75592041015625,505.61138916015625,-1,-1,-1,-1
591,10,656.5353393554688,587.39208984375,326.13818359375,511.9361572265625,-1,-1,-1,-1
592,10,655.3687744140625,563.2913208007812,313.33123779296875,535.8451538085938,-1,-1,-1,-1
593,10,653.1173706054688,547.541748046875,295.6925048828125,553.9376220703125,-1,-1,-1,-1
594,10,652.1734619140625,537.5050659179688,283.1732177734375,569.0046997070312,-1,-1,-1,-1
595,10,651.8638916015625,543.24951171875,295.7608642578125,563.6431884765625,-1,-1,-1,-1
596,10,657.3408813476562,553.6402587890625,324.82293701171875,558.2930908203125,-1,-1,-1,-1
597,10,661.22802734375,569.632568359375,370.870849609375,550.3634033203125,-1,-1,-1,-1
598,10,667.9609985351562,583.07177734375,398.93524169921875,525.8431396484375,-1,-1,-1,-1
599,10,664.750244140625,561.9391479492188,396.5284423828125,545.7337036132812,-1,-1,-1,-1
600,10,639.3101196289062,546.4495849609375,396.34271240234375,557.10791015625,-1,-1,-1,-1
601,10,629.4917602539062,509.6004943847656,403.60821533203125,587.5076904296875,-1,-1,-1,-1
209,11,1029.1190185546875,467.46337890625,79.6207275390625,171.614501953125,-1,-1,-1,-1
210,11,841.303955078125,491.4718322753906,67.5599365234375,163.23104858398438,-1,-1,-1,-1
211,11,712.237060546875,512.8703002929688,62.2430419921875,158.98065185546875,-1,-1,-1,-1
212,11,625.60888671875,515.282470703125,58.58074951171875,155.01251220703125,-1,-1,-1,-1
213,11,570.7882690429688,521.252685546875,60.41351318359375,158.95574951171875,-1,-1,-1,-1
214,11,546.5781860351562,523.8182983398438,60.35015869140625,158.7733154296875,-1,-1,-1,-1
215,11,537.8013916015625,521.661376953125,61.670654296875,161.7418212890625,-1,-1,-1,-1
216,11,538.3601684570312,517.6762084960938,61.55413818359375,159.38385009765625,-1,-1,-1,-1
217,11,543.8969116210938,523.814697265625,61.39910888671875,161.20697021484375,-1,-1,-1,-1
218,11,556.059814453125,546.9631958007812,60.16302490234375,155.228515625,-1,-1,-1,-1
219,11,567.5545654296875,572.7213134765625,59.728759765625,154.6634521484375,-1,-1,-1,-1
220,11,584.3889770507812,575.9872436523438,59.53558349609375,155.56573486328125,-1,-1,-1,-1
221,11,586.789306640625,586.3677368164062,59.86566162109375,154.6876220703125,-1,-1,-1,-1
222,11,585.1356201171875,576.5133056640625,58.44268798828125,152.60748291015625,-1,-1,-1,-1
223,11,586.7724609375,575.0602416992188,58.571044921875,153.49761962890625,-1,-1,-1,-1
224,11,590.7870483398438,583.9976806640625,58.78350830078125,153.1806640625,-1,-1,-1,-1
225,11,593.8817749023438,597.8184204101562,57.7061767578125,154.36456298828125,-1,-1,-1,-1
226,11,596.8126831054688,617.009765625,56.911865234375,151.09130859375,-1,-1,-1,-1
227,11,595.9993286132812,634.6497802734375,58.0570068359375,152.225830078125,-1,-1,-1,-1
228,11,596.2369384765625,655.1586303710938,57.0595703125,147.50677490234375,-1,-1,-1,-1
229,11,594.5011596679688,662.0667114257812,58.3973388671875,150.4620361328125,-1,-1,-1,-1
230,11,594.335693359375,652.286376953125,57.81170654296875,149.8470458984375,-1,-1,-1,-1
231,11,591.213623046875,644.9085693359375,57.49267578125,151.1763916015625,-1,-1,-1,-1
232,11,588.543212890625,635.1614990234375,57.85809326171875,150.2183837890625,-1,-1,-1,-1
233,11,591.90576171875,628.83984375,57.268310546875,152.14874267578125,-1,-1,-1,-1
234,11,595.58349609375,632.5534057617188,57.2783203125,150.31927490234375,-1,-1,-1,-1
235,11,591.09326171875,631.5247802734375,58.17706298828125,151.876220703125,-1,-1,-1,-1
236,11,583.038330078125,630.6810302734375,58.552490234375,152.46148681640625,-1,-1,-1,-1
237,11,585.083251953125,623.3504638671875,59.10589599609375,156.95635986328125,-1,-1,-1,-1
238,11,595.33154296875,618.6328735351562,57.8470458984375,154.69091796875,-1,-1,-1,-1
239,11,606.5298461914062,619.361328125,58.39080810546875,155.76190185546875,-1,-1,-1,-1
240,11,624.4536743164062,618.3060302734375,65.19085693359375,173.9464111328125,-1,-1,-1,-1
241,11,662.6482543945312,620.8785400390625,60.1451416015625,148.7080078125,-1,-1,-1,-1
242,11,632.3980102539062,591.50341796875,94.87603759765625,196.99322509765625,-1,-1,-1,-1
248,11,599.3927001953125,612.7180786132812,94.095703125,185.0230712890625,-1,-1,-1,-1
249,11,586.456787109375,566.9332885742188,92.9876708984375,220.0789794921875,-1,-1,-1,-1
250,11,568.7312622070312,516.2081909179688,93.12237548828125,195.31707763671875,-1,-1,-1,-1
251,11,583.2852783203125,497.4787292480469,91.61883544921875,225.31082153320312,-1,-1,-1,-1
252,11,622.3328857421875,474.75848388671875,103.1375732421875,197.1915283203125,-1,-1,-1,-1
253,11,703.3681030273438,448.8883056640625,107.60662841796875,290.400390625,-1,-1,-1,-1
254,11,767.1241455078125,430.4966125488281,98.106689453125,264.5458068847656,-1,-1,-1,-1
255,11,818.3108520507812,366.63037109375,115.58123779296875,317.6324462890625,-1,-1,-1,-1
256,11,806.1206665039062,370.85003662109375,159.79254150390625,347.3306884765625,-1,-1,-1,-1
245,12,909.0036010742188,591.078857421875,75.08319091796875,180.8482666015625,-1,-1,-1,-1
246,12,995.8650512695312,562.9249877929688,89.56280517578125,196.1812744140625,-1,-1,-1,-1
247,12,1112.29150390625,520.7708129882812,119.4906005859375,215.2034912109375,-1,-1,-1,-1
248,12,840.99609375,662.9681396484375,95.49615478515625,216.51153564453125,-1,-1,-1,-1
248,13,1230.1336669921875,504.95269775390625,111.7734375,230.74029541015625,-1,-1,-1,-1
249,13,1253.6727294921875,488.237548828125,97.0703125,235.38641357421875,-1,-1,-1,-1
250,13,1258.2454833984375,432.7564697265625,95.3736572265625,247.80560302734375,-1,-1,-1,-1
251,13,1306.3619384765625,464.94903564453125,88.8038330078125,253.42974853515625,-1,-1,-1,-1
252,13,1280.89306640625,531.5303344726562,121.0987548828125,232.42889404296875,-1,-1,-1,-1
255,14,1.0102753639221191,579.0737915039062,122.52169036865234,350.7342529296875,-1,-1,-1,-1
256,14,15.512044906616211,536.680419921875,155.8658447265625,328.201416015625,-1,-1,-1,-1
257,14,90.2225341796875,511.4329528808594,158.53224182128906,313.1183166503906,-1,-1,-1,-1
258,14,206.18138122558594,499.1897277832031,134.4717559814453,287.2024841308594,-1,-1,-1,-1
259,14,303.4490661621094,515.349365234375,115.34030151367188,266.56634521484375,-1,-1,-1,-1
260,14,387.00592041015625,506.9571533203125,104.72537231445312,251.98846435546875,-1,-1,-1,-1
261,14,454.7747497558594,474.8439636230469,96.44021606445312,241.12564086914062,-1,-1,-1,-1
262,14,521.208740234375,436.5988464355469,90.66143798828125,234.67654418945312,-1,-1,-1,-1
263,14,586.4598999023438,397.3077087402344,84.00665283203125,230.62710571289062,-1,-1,-1,-1
264,14,641.9675903320312,357.25421142578125,80.016357421875,230.84906005859375,-1,-1,-1,-1
265,14,702.9624633789062,290.2400207519531,84.40875244140625,238.94650268554688,-1,-1,-1,-1
266,14,798.4867553710938,216.57159423828125,82.49774169921875,247.9742431640625,-1,-1,-1,-1
267,14,864.4448852539062,167.11170959472656,90.5294189453125,253.61875915527344,-1,-1,-1,-1
268,14,888.5772705078125,151.63052368164062,99.2154541015625,253.25149536132812,-1,-1,-1,-1
269,14,884.6425170898438,141.42123413085938,112.189697265625,247.34481811523438,-1,-1,-1,-1
270,14,833.9794921875,150.4819793701172,149.96514892578125,255.6266632080078,-1,-1,-1,-1
271,14,815.7096557617188,180.30715942382812,163.48931884765625,263.6837158203125,-1,-1,-1,-1
272,14,800.8131103515625,223.67904663085938,132.567626953125,256.7431945800781,-1,-1,-1,-1
273,14,751.011962890625,246.8619842529297,128.415283203125,268.47802734375,-1,-1,-1,-1
274,14,721.7108154296875,235.6399383544922,151.3795166015625,264.82440185546875,-1,-1,-1,-1
275,14,722.6778564453125,233.9365234375,145.3414306640625,256.98272705078125,-1,-1,-1,-1
276,14,708.1460571289062,255.98773193359375,127.02783203125,234.39498901367188,-1,-1,-1,-1
277,14,693.4168701171875,298.1356506347656,128.79486083984375,222.32992553710938,-1,-1,-1,-1
278,14,689.8042602539062,339.094482421875,109.525634765625,181.824951171875,-1,-1,-1,-1
279,14,710.1258544921875,354.1603698730469,79.763916015625,151.46664428710938,-1,-1,-1,-1
280,14,762.1791381835938,361.5535888671875,91.17413330078125,151.49386596679688,-1,-1,-1,-1
281,14,750.792236328125,374.2725524902344,86.1907958984375,140.50619506835938,-1,-1,-1,-1
272,15,909.575927734375,254.65089416503906,77.945556640625,214.44065856933594,-1,-1,-1,-1
273,15,874.608642578125,267.5145263671875,83.405029296875,232.50729370117188,-1,-1,-1,-1
274,15,865.0093994140625,251.364013671875,82.60791015625,223.016845703125,-1,-1,-1,-1
275,15,875.53515625,244.0764617919922,82.1473388671875,219.5906219482422,-1,-1,-1,-1
276,15,876.9630126953125,258.8616943359375,81.235595703125,215.42404174804688,-1,-1,-1,-1
277,15,875.5667724609375,297.3302001953125,81.3232421875,207.01300048828125,-1,-1,-1,-1
278,15,886.8468017578125,334.068359375,76.32568359375,199.1375732421875,-1,-1,-1,-1
279,15,908.8086547851562,344.22528076171875,79.63385009765625,198.0078125,-1,-1,-1,-1
280,15,962.162109375,342.3874816894531,80.740478515625,199.87698364257812,-1,-1,-1,-1
281,15,991.6350708007812,356.2431640625,80.63885498046875,199.65185546875,-1,-1,-1,-1
282,15,981.3861694335938,346.1386413574219,81.06939697265625,199.29739379882812,-1,-1,-1,-1
283,15,964.1632690429688,341.65130615234375,84.80023193359375,198.25567626953125,-1,-1,-1,-1
284,15,964.0265502929688,364.0476379394531,77.72723388671875,193.04635620117188,-1,-1,-1,-1
285,15,967.5675048828125,395.5270690917969,76.5322265625,191.68222045898438,-1,-1,-1,-1
286,15,963.80859375,409.6085510253906,75.171630859375,187.13784790039062,-1,-1,-1,-1
287,15,971.8243408203125,413.4625244140625,74.859619140625,188.70245361328125,-1,-1,-1,-1
288,15,976.6423950195312,428.5958251953125,73.50518798828125,185.75213623046875,-1,-1,-1,-1
289,15,987.4493408203125,457.91998291015625,70.8720703125,184.9293212890625,-1,-1,-1,-1
290,15,973.43310546875,479.49273681640625,71.6412353515625,180.1964111328125,-1,-1,-1,-1
291,15,972.4542236328125,502.78704833984375,68.9296875,177.89739990234375,-1,-1,-1,-1
292,15,981.6505126953125,524.7410888671875,70.9239501953125,176.729736328125,-1,-1,-1,-1
293,15,980.9342041015625,539.82373046875,69.216064453125,176.62774658203125,-1,-1,-1,-1
294,15,982.887939453125,556.1851806640625,68.630859375,177.22686767578125,-1,-1,-1,-1
295,15,985.8201904296875,568.0181274414062,71.2991943359375,178.31036376953125,-1,-1,-1,-1
296,15,974.4239501953125,578.767333984375,69.77685546875,176.4298095703125,-1,-1,-1,-1
297,15,977.0432739257812,585.2490844726562,73.26153564453125,176.15618896484375,-1,-1,-1,-1
298,15,983.1373291015625,586.5527954101562,72.9036865234375,178.70294189453125,-1,-1,-1,-1
299,15,977.88623046875,591.5217895507812,71.0947265625,177.9403076171875,-1,-1,-1,-1
300,15,974.0341186523438,598.3267822265625,73.95843505859375,179.9605712890625,-1,-1,-1,-1
301,15,976.0357666015625,600.0812377929688,73.01416015625,183.51922607421875,-1,-1,-1,-1
302,15,975.1612548828125,594.8092651367188,73.0989990234375,182.12518310546875,-1,-1,-1,-1
303,15,973.92431640625,583.1069946289062,71.3485107421875,183.36572265625,-1,-1,-1,-1
304,15,975.6856689453125,562.7069091796875,72.9505615234375,183.65008544921875,-1,-1,-1,-1
305,15,984.3278198242188,544.8650512695312,74.26007080078125,187.13995361328125,-1,-1,-1,-1
306,15,988.6476440429688,543.485595703125,75.96588134765625,189.58465576171875,-1,-1,-1,-1
307,15,988.644775390625,553.199462890625,76.50634765625,189.43603515625,-1,-1,-1,-1
308,15,987.506591796875,560.2045288085938,76.5166015625,189.88507080078125,-1,-1,-1,-1
309,15,983.6083984375,561.601806640625,77.398681640625,191.0548095703125,-1,-1,-1,-1
310,15,982.046142578125,558.9695434570312,76.7896728515625,191.2950439453125,-1,-1,-1,-1
311,15,975.5682373046875,560.259033203125,77.68408203125,191.28497314453125,-1,-1,-1,-1
312,15,970.933837890625,574.3667602539062,75.20654296875,189.0140380859375,-1,-1,-1,-1
313,15,971.3602294921875,588.5961303710938,75.0257568359375,189.09112548828125,-1,-1,-1,-1
314,15,974.1380615234375,582.8533325195312,76.3275146484375,190.14117431640625,-1,-1,-1,-1
315,15,973.6902465820312,563.4364013671875,81.45159912109375,193.50616455078125,-1,-1,-1,-1
316,15,973.9347534179688,554.37939453125,79.06195068359375,192.7969970703125,-1,-1,-1,-1
317,15,971.13427734375,559.97314453125,77.3388671875,193.1090087890625,-1,-1,-1,-1
318,15,972.4674682617188,568.8663330078125,77.00262451171875,195.68255615234375,-1,-1,-1,-1
319,15,981.0104370117188,570.8890991210938,77.60528564453125,196.10369873046875,-1,-1,-1,-1
320,15,995.473876953125,561.7431640625,77.222412109375,198.86651611328125,-1,-1,-1,-1
321,15,1004.9481201171875,553.0076904296875,80.994873046875,203.24359130859375,-1,-1,-1,-1
322,15,1019.4273681640625,551.1561279296875,81.8148193359375,205.45904541015625,-1,-1,-1,-1
323,15,1025.7906494140625,540.579833984375,79.156005859375,207.01275634765625,-1,-1,-1,-1
324,15,1027.699951171875,524.7047119140625,80.1754150390625,209.472412109375,-1,-1,-1,-1
325,15,1032.0325927734375,514.6752319335938,81.6826171875,211.58685302734375,-1,-1,-1,-1
326,15,1036.0928955078125,509.1851806640625,80.530029296875,211.61395263671875,-1,-1,-1,-1
327,15,1035.29150390625,505.37255859375,81.0311279296875,213.8316650390625,-1,-1,-1,-1
328,15,1032.9339599609375,502.166015625,81.87353515625,212.742431640625,-1,-1,-1,-1
329,15,1031.27734375,514.0128784179688,82.32958984375,211.87847900390625,-1,-1,-1,-1
330,15,1029.8953857421875,523.42578125,81.2857666015625,210.419921875,-1,-1,-1,-1
331,15,1030.550537109375,530.9571533203125,81.1304931640625,210.25640869140625,-1,-1,-1,-1
332,15,1033.451416015625,531.2659912109375,83.3687744140625,210.1231689453125,-1,-1,-1,-1
333,15,1030.6383056640625,535.283447265625,80.0863037109375,208.45391845703125,-1,-1,-1,-1
334,15,1035.7933349609375,544.4457397460938,80.2554931640625,209.0130615234375,-1,-1,-1,-1
335,15,1035.1309814453125,558.0347290039062,79.866455078125,207.75811767578125,-1,-1,-1,-1
336,15,1022.5361938476562,565.112548828125,79.72064208984375,205.463134765625,-1,-1,-1,-1
337,15,1013.3670043945312,564.2705078125,79.42462158203125,201.6910400390625,-1,-1,-1,-1
338,15,1009.0778198242188,568.9282836914062,79.21624755859375,201.02001953125,-1,-1,-1,-1
339,15,998.7007446289062,584.955322265625,80.25067138671875,199.23126220703125,-1,-1,-1,-1
340,15,993.8261108398438,592.4886474609375,80.12896728515625,195.758056640625,-1,-1,-1,-1
341,15,994.2607421875,592.631103515625,78.2962646484375,195.80242919921875,-1,-1,-1,-1
342,15,999.0626220703125,588.0965576171875,80.7012939453125,197.47442626953125,-1,-1,-1,-1
343,15,1002.2808227539062,566.8784790039062,79.98260498046875,197.60430908203125,-1,-1,-1,-1
344,15,999.1114501953125,565.5809326171875,82.884033203125,196.734130859375,-1,-1,-1,-1
345,15,990.9066772460938,566.6642456054688,79.31927490234375,193.99383544921875,-1,-1,-1,-1
346,15,982.6891479492188,557.6786499023438,77.88507080078125,195.31268310546875,-1,-1,-1,-1
347,15,980.3157958984375,554.8027954101562,78.5460205078125,192.0230712890625,-1,-1,-1,-1
348,15,979.0258178710938,545.5040893554688,77.48187255859375,192.57305908203125,-1,-1,-1,-1
349,15,979.8489379882812,536.5596923828125,76.73883056640625,191.2904052734375,-1,-1,-1,-1
350,15,980.4093627929688,538.3587646484375,76.59832763671875,190.13043212890625,-1,-1,-1,-1
351,15,979.6528930664062,529.1575317382812,78.30267333984375,191.01373291015625,-1,-1,-1,-1
352,15,978.8680419921875,506.0198059082031,77.8597412109375,190.91641235351562,-1,-1,-1,-1
353,15,979.2242431640625,509.58203125,77.171142578125,188.75726318359375,-1,-1,-1,-1
354,15,970.7431640625,521.7798461914062,78.3602294921875,187.20880126953125,-1,-1,-1,-1
355,15,966.222412109375,522.52783203125,78.668212890625,185.3526611328125,-1,-1,-1,-1
356,15,960.1627807617188,519.8400268554688,79.48577880859375,184.10760498046875,-1,-1,-1,-1
357,15,954.96044921875,526.34326171875,78.8963623046875,183.72271728515625,-1,-1,-1,-1
358,15,953.95458984375,538.0071411132812,79.2510986328125,181.7615966796875,-1,-1,-1,-1
359,15,952.6785888671875,548.1095581054688,79.150390625,180.21673583984375,-1,-1,-1,-1
360,15,954.5676879882812,551.4284057617188,80.97479248046875,178.21331787109375,-1,-1,-1,-1
361,15,955.07080078125,551.2747192382812,80.99267578125,177.86700439453125,-1,-1,-1,-1
362,15,952.5221557617188,555.5195922851562,79.40081787109375,179.548828125,-1,-1,-1,-1
363,15,951.8744506835938,550.722412109375,78.32965087890625,179.06036376953125,-1,-1,-1,-1
364,15,955.0662231445312,541.927734375,76.18609619140625,181.54986572265625,-1,-1,-1,-1
365,15,960.0143432617188,539.837646484375,76.66046142578125,183.2069091796875,-1,-1,-1,-1
366,15,963.9182739257812,543.26904296875,74.81414794921875,183.728759765625,-1,-1,-1,-1
367,15,968.5167846679688,548.0252685546875,75.00531005859375,182.4273681640625,-1,-1,-1,-1
368,15,974.3936767578125,554.1265869140625,75.63330078125,185.121337890625,-1,-1,-1,-1
369,15,986.8480834960938,546.2059326171875,75.07257080078125,186.60650634765625,-1,-1,-1,-1
370,15,1000.3699340820312,528.9866943359375,74.58367919921875,188.59857177734375,-1,-1,-1,-1
371,15,1016.1085205078125,528.1103515625,75.9996337890625,192.0257568359375,-1,-1,-1,-1
372,15,1040.2139892578125,534.9189453125,75.72314453125,193.93310546875,-1,-1,-1,-1
373,15,1061.3006591796875,538.1362915039062,79.0606689453125,198.85577392578125,-1,-1,-1,-1
374,15,1072.8193359375,520.6046752929688,81.69482421875,200.59912109375,-1,-1,-1,-1
375,15,1073.266357421875,512.2437438964844,82.555908203125,202.88717651367188,-1,-1,-1,-1
376,15,1077.5374755859375,512.187255859375,84.909423828125,201.4000244140625,-1,-1,-1,-1
377,15,1073.946533203125,510.0406799316406,80.492919921875,198.70980834960938,-1,-1,-1,-1
378,15,1060.9398193359375,503.6525573730469,80.3189697265625,197.34469604492188,-1,-1,-1,-1
379,15,1049.1171875,506.7735290527344,84.3446044921875,194.94424438476562,-1,-1,-1,-1
380,15,1039.4404296875,520.7005004882812,80.58544921875,191.86566162109375,-1,-1,-1,-1
381,15,1029.3653564453125,538.2041015625,78.154296875,188.94659423828125,-1,-1,-1,-1
382,15,1020.9913330078125,550.6810302734375,78.920654296875,187.1705322265625,-1,-1,-1,-1
383,15,1016.9175415039062,555.576171875,76.24981689453125,186.8310546875,-1,-1,-1,-1
384,15,1005.900390625,550.3685302734375,75.099853515625,185.5860595703125,-1,-1,-1,-1
385,15,990.9990844726562,554.6372680664062,77.16558837890625,185.07403564453125,-1,-1,-1,-1
386,15,984.7361450195312,562.9978637695312,74.01751708984375,182.32464599609375,-1,-1,-1,-1
387,15,980.1334228515625,570.89501953125,75.9742431640625,182.362548828125,-1,-1,-1,-1
388,15,979.3873291015625,567.4486694335938,74.7283935546875,181.59527587890625,-1,-1,-1,-1
389,15,977.6265869140625,556.3223876953125,75.7882080078125,181.42462158203125,-1,-1,-1,-1
390,15,974.9008178710938,558.7053833007812,74.56719970703125,181.748779296875,-1,-1,-1,-1
391,15,976.243408203125,560.89404296875,73.61181640625,181.70452880859375,-1,-1,-1,-1
392,15,977.13134765625,550.8597412109375,74.268798828125,183.55596923828125,-1,-1,-1,-1
393,15,970.593017578125,550.1627197265625,75.6639404296875,183.62481689453125,-1,-1,-1,-1
394,15,968.193603515625,551.0767211914062,77.7908935546875,184.404052734375,-1,-1,-1,-1
395,15,974.7072143554688,549.3777465820312,78.33636474609375,185.75933837890625,-1,-1,-1,-1
396,15,979.3427734375,556.3756103515625,76.4332275390625,187.04095458984375,-1,-1,-1,-1
397,15,982.4219360351562,574.1829223632812,76.51141357421875,189.529541015625,-1,-1,-1,-1
398,15,992.1981811523438,561.098388671875,78.29168701171875,190.6922607421875,-1,-1,-1,-1
399,15,984.6285400390625,541.1678466796875,77.96923828125,190.4837646484375,-1,-1,-1,-1
400,15,978.6071166992188,528.2567138671875,77.94158935546875,189.9853515625,-1,-1,-1,-1
401,15,979.0389404296875,508.89910888671875,76.6331787109375,189.190185546875,-1,-1,-1,-1
402,15,973.8497314453125,478.91387939453125,75.1549072265625,188.07537841796875,-1,-1,-1,-1
403,15,974.12060546875,477.5312805175781,75.6962890625,186.70626831054688,-1,-1,-1,-1
404,15,968.9326782226562,487.6289367675781,74.24835205078125,184.94155883789062,-1,-1,-1,-1
405,15,965.56982421875,496.32110595703125,74.2421875,183.80596923828125,-1,-1,-1,-1
406,15,958.378173828125,510.66455078125,74.1673583984375,181.07464599609375,-1,-1,-1,-1
407,15,957.5886840820312,532.335205078125,72.57708740234375,178.55926513671875,-1,-1,-1,-1
408,15,951.96923828125,557.5779418945312,72.4681396484375,178.22320556640625,-1,-1,-1,-1
409,15,946.6461791992188,552.8123168945312,71.2069091796875,175.2291259765625,-1,-1,-1,-1
410,15,950.7913818359375,548.9481201171875,68.6873779296875,174.8455810546875,-1,-1,-1,-1
411,15,953.8162841796875,551.9050903320312,72.208740234375,176.0440673828125,-1,-1,-1,-1
412,15,955.3659057617188,561.1832275390625,72.51678466796875,174.71771240234375,-1,-1,-1,-1
413,15,957.6761474609375,566.7791748046875,71.98486328125,174.69598388671875,-1,-1,-1,-1
414,15,959.9342041015625,570.6581420898438,71.343017578125,173.12591552734375,-1,-1,-1,-1
415,15,964.9956665039062,580.8870849609375,70.66448974609375,174.5775146484375,-1,-1,-1,-1
416,15,963.0459594726562,583.5590209960938,73.30841064453125,173.78912353515625,-1,-1,-1,-1
417,15,962.578125,571.1873779296875,70.9078369140625,175.90887451171875,-1,-1,-1,-1
418,15,962.3212280273438,559.8240356445312,75.95709228515625,176.7408447265625,-1,-1,-1,-1
419,15,972.1849975585938,551.341064453125,72.07196044921875,176.6435546875,-1,-1,-1,-1
420,15,976.6550903320312,555.399169921875,75.59405517578125,178.37603759765625,-1,-1,-1,-1
421,15,981.1622314453125,563.9605102539062,72.521728515625,178.94049072265625,-1,-1,-1,-1
422,15,988.040283203125,557.0448608398438,72.7467041015625,180.59588623046875,-1,-1,-1,-1
423,15,985.938720703125,530.332275390625,74.2652587890625,180.3065185546875,-1,-1,-1,-1
424,15,976.075927734375,482.59576416015625,73.9884033203125,180.44091796875,-1,-1,-1,-1
425,15,976.4165649414062,447.5157165527344,73.21856689453125,182.30569458007812,-1,-1,-1,-1
426,15,979.788330078125,424.8668212890625,74.52099609375,182.73968505859375,-1,-1,-1,-1
427,15,954.3033447265625,417.35845947265625,74.869873046875,181.77374267578125,-1,-1,-1,-1
428,15,953.6954345703125,411.1362609863281,74.1094970703125,178.71798706054688,-1,-1,-1,-1
429,15,954.91455078125,413.9684143066406,73.094970703125,177.67263793945312,-1,-1,-1,-1
430,15,957.6257934570312,420.9607849121094,72.77178955078125,179.72817993164062,-1,-1,-1,-1
431,15,968.2607421875,435.16217041015625,68.1500244140625,175.56817626953125,-1,-1,-1,-1
432,15,970.9886474609375,437.51336669921875,72.293212890625,177.38287353515625,-1,-1,-1,-1
433,15,985.2802124023438,437.27349853515625,71.17791748046875,176.77935791015625,-1,-1,-1,-1
434,15,992.1301879882812,431.044189453125,76.29388427734375,178.9139404296875,-1,-1,-1,-1
435,15,1019.677978515625,420.2970275878906,76.2635498046875,182.31564331054688,-1,-1,-1,-1
436,15,1026.4793701171875,407.9935302734375,72.896240234375,184.1986083984375,-1,-1,-1,-1
437,15,1019.3871459960938,394.2193603515625,80.72283935546875,185.716796875,-1,-1,-1,-1
438,15,1006.52001953125,397.8338928222656,75.3560791015625,183.97470092773438,-1,-1,-1,-1
439,15,989.1502685546875,431.2124328613281,71.04345703125,182.31484985351562,-1,-1,-1,-1
440,15,974.6024780273438,438.59661865234375,70.40203857421875,179.18511962890625,-1,-1,-1,-1
441,15,976.181640625,447.6219177246094,73.8387451171875,180.02822875976562,-1,-1,-1,-1
442,15,982.4725341796875,459.4847106933594,72.6776123046875,180.72842407226562,-1,-1,-1,-1
443,15,985.422119140625,464.7115478515625,70.721435546875,180.1134033203125,-1,-1,-1,-1
444,15,978.2868041992188,473.342041015625,74.23028564453125,179.0098876953125,-1,-1,-1,-1
445,15,984.7507934570312,489.1361083984375,74.07830810546875,179.226318359375,-1,-1,-1,-1
446,15,984.9238891601562,491.4483337402344,72.82073974609375,178.73812866210938,-1,-1,-1,-1
447,15,966.29638671875,487.64361572265625,72.565673828125,178.35107421875,-1,-1,-1,-1
448,15,960.4973754882812,498.943115234375,71.30169677734375,175.07696533203125,-1,-1,-1,-1
449,15,960.2876586914062,508.350830078125,71.07403564453125,176.02685546875,-1,-1,-1,-1
450,15,957.6815795898438,519.128173828125,70.66461181640625,174.33551025390625,-1,-1,-1,-1
451,15,946.41650390625,518.4486694335938,70.1202392578125,171.34765625,-1,-1,-1,-1
452,15,932.4302368164062,526.5027465820312,69.5069580078125,170.9757080078125,-1,-1,-1,-1
453,15,921.9366455078125,535.7189331054688,67.681640625,169.70782470703125,-1,-1,-1,-1
454,15,914.9706420898438,529.4702758789062,69.48614501953125,169.107177734375,-1,-1,-1,-1
455,15,912.8299560546875,526.0931396484375,67.95538330078125,168.22113037109375,-1,-1,-1,-1
456,15,907.74755859375,532.8344116210938,66.818359375,166.5174560546875,-1,-1,-1,-1
457,15,900.9159545898438,549.1467895507812,65.5418701171875,165.62554931640625,-1,-1,-1,-1
458,15,895.8289184570312,562.2237548828125,66.23529052734375,164.9456787109375,-1,-1,-1,-1
459,15,893.0169067382812,576.7196044921875,67.39630126953125,164.118408203125,-1,-1,-1,-1
460,15,895.7827758789062,576.7218017578125,69.08984375,165.0916748046875,-1,-1,-1,-1
461,15,890.8845825195312,575.5735473632812,68.5880126953125,165.55615234375,-1,-1,-1,-1
462,15,883.8009643554688,586.2122192382812,71.4732666015625,165.67193603515625,-1,-1,-1,-1
463,15,884.0384521484375,593.6813354492188,69.65081787109375,165.30670166015625,-1,-1,-1,-1
464,15,882.4371337890625,594.1368408203125,68.696044921875,166.87213134765625,-1,-1,-1,-1
465,15,885.0206298828125,598.2069702148438,68.700927734375,169.08929443359375,-1,-1,-1,-1
466,15,888.0794677734375,594.659912109375,67.90216064453125,168.90679931640625,-1,-1,-1,-1
467,15,890.8685302734375,577.8015747070312,68.69207763671875,170.82305908203125,-1,-1,-1,-1
468,15,900.3003540039062,560.7451171875,69.1229248046875,174.38079833984375,-1,-1,-1,-1
469,15,916.0494995117188,543.9822387695312,70.06707763671875,177.11383056640625,-1,-1,-1,-1
470,15,936.60107421875,531.0916748046875,72.09295654296875,177.93939208984375,-1,-1,-1,-1
471,15,947.5333251953125,530.4109497070312,71.77490234375,179.63525390625,-1,-1,-1,-1
472,15,950.8226928710938,543.7671508789062,72.4310302734375,180.2366943359375,-1,-1,-1,-1
473,15,922.9913940429688,561.3353881835938,71.91015625,176.49884033203125,-1,-1,-1,-1
474,15,877.3792114257812,573.67138671875,70.2379150390625,174.34686279296875,-1,-1,-1,-1
475,15,865.1893310546875,562.653076171875,67.61700439453125,173.44696044921875,-1,-1,-1,-1
476,15,864.7940673828125,555.5382690429688,74.785400390625,176.29107666015625,-1,-1,-1,-1
477,15,862.4417724609375,564.4298095703125,74.5020751953125,176.2479248046875,-1,-1,-1,-1
478,15,861.9608764648438,571.2215576171875,72.308837890625,177.6549072265625,-1,-1,-1,-1
479,15,862.0015869140625,556.2120971679688,70.22119140625,180.1231689453125,-1,-1,-1,-1
480,15,856.2697143554688,560.1831665039062,69.30621337890625,179.758056640625,-1,-1,-1,-1
481,15,843.6766357421875,564.339111328125,68.9444580078125,177.80975341796875,-1,-1,-1,-1
482,15,833.7057495117188,564.1171875,70.6021728515625,176.1939697265625,-1,-1,-1,-1
483,15,833.0050659179688,561.2152099609375,68.6771240234375,174.01495361328125,-1,-1,-1,-1
484,15,839.4071655273438,558.0762329101562,71.11126708984375,175.32373046875,-1,-1,-1,-1
485,15,863.2236328125,548.83447265625,68.910400390625,174.77850341796875,-1,-1,-1,-1
486,15,903.3106689453125,540.7348022460938,71.99981689453125,177.83331298828125,-1,-1,-1,-1
487,15,945.9371948242188,533.2042846679688,72.37139892578125,179.2451171875,-1,-1,-1,-1
488,15,949.8671875,536.7785034179688,72.97900390625,178.7738037109375,-1,-1,-1,-1
489,15,899.9393920898438,549.8792114257812,69.15179443359375,173.09796142578125,-1,-1,-1,-1
490,15,838.3899536132812,561.8961791992188,67.49664306640625,167.38665771484375,-1,-1,-1,-1
491,15,799.81396484375,574.0333251953125,66.22406005859375,165.510498046875,-1,-1,-1,-1
492,15,802.0267944335938,572.3755493164062,66.6298828125,165.697265625,-1,-1,-1,-1
493,15,823.518310546875,569.0204467773438,67.16229248046875,167.7373046875,-1,-1,-1,-1
494,15,839.3534545898438,572.2294921875,66.68463134765625,168.08770751953125,-1,-1,-1,-1
495,15,828.0980834960938,572.0735473632812,65.98199462890625,168.0125732421875,-1,-1,-1,-1
496,15,808.3224487304688,570.3591918945312,68.15478515625,172.3587646484375,-1,-1,-1,-1
497,15,805.8038330078125,575.9566650390625,65.6624755859375,176.97979736328125,-1,-1,-1,-1
498,15,805.5134887695312,587.1929321289062,65.08404541015625,176.0067138671875,-1,-1,-1,-1
499,15,806.4608154296875,591.402099609375,66.16644287109375,178.00299072265625,-1,-1,-1,-1
500,15,813.3579711914062,590.0067138671875,66.42999267578125,171.647216796875,-1,-1,-1,-1
501,15,821.0794067382812,584.9774169921875,65.81146240234375,170.8978271484375,-1,-1,-1,-1
502,15,829.5149536132812,577.0593872070312,66.96343994140625,174.68621826171875,-1,-1,-1,-1
503,15,840.8118896484375,586.0905151367188,66.5,172.83673095703125,-1,-1,-1,-1
504,15,853.0693969726562,585.5107421875,68.872802734375,174.463623046875,-1,-1,-1,-1
505,15,859.1821899414062,571.9716186523438,70.322509765625,176.66571044921875,-1,-1,-1,-1
506,15,865.3638916015625,557.605712890625,68.9810791015625,178.01434326171875,-1,-1,-1,-1
507,15,872.9044189453125,559.6424560546875,67.04766845703125,180.00067138671875,-1,-1,-1,-1
508,15,876.8387451171875,561.0259399414062,68.19757080078125,204.1593017578125,-1,-1,-1,-1
509,15,881.3699951171875,552.16552734375,65.8388671875,190.5867919921875,-1,-1,-1,-1
510,15,885.1652221679688,547.1992797851562,66.06622314453125,181.1473388671875,-1,-1,-1,-1
511,15,885.8339233398438,557.8770751953125,65.35308837890625,167.88031005859375,-1,-1,-1,-1
512,15,888.450439453125,568.0205078125,64.69549560546875,169.31036376953125,-1,-1,-1,-1
513,15,889.5283203125,573.0575561523438,66.62164306640625,172.48980712890625,-1,-1,-1,-1
514,15,887.1489868164062,570.6494140625,67.54412841796875,180.91400146484375,-1,-1,-1,-1
515,15,886.63427734375,555.525390625,67.3961181640625,190.3917236328125,-1,-1,-1,-1
516,15,887.0577392578125,527.654052734375,67.5218505859375,183.432861328125,-1,-1,-1,-1
517,15,877.0593872070312,499.12945556640625,68.06951904296875,187.6788330078125,-1,-1,-1,-1
518,15,879.8286743164062,470.19952392578125,69.13604736328125,190.9296875,-1,-1,-1,-1
519,15,909.4598388671875,477.29278564453125,71.36468505859375,184.1083984375,-1,-1,-1,-1
520,15,926.5869750976562,501.6017150878906,77.4776611328125,192.14999389648438,-1,-1,-1,-1
521,15,926.9534912109375,462.4453430175781,71.730224609375,188.81149291992188,-1,-1,-1,-1
522,15,902.5578002929688,442.3820495605469,73.9327392578125,184.09481811523438,-1,-1,-1,-1
523,15,883.8858032226562,413.7349853515625,75.70001220703125,196.14813232421875,-1,-1,-1,-1
524,15,874.6180419921875,397.7157287597656,75.4732666015625,201.63235473632812,-1,-1,-1,-1
525,15,854.902099609375,391.96136474609375,104.187255859375,199.189697265625,-1,-1,-1,-1
527,15,828.24755859375,385.0523376464844,130.66510009765625,236.00668334960938,-1,-1,-1,-1
529,15,854.3497924804688,403.8734436035156,71.26043701171875,165.49417114257812,-1,-1,-1,-1
530,15,855.9882202148438,371.4621276855469,69.8443603515625,170.24343872070312,-1,-1,-1,-1
531,15,861.070068359375,355.9799499511719,66.59747314453125,167.06216430664062,-1,-1,-1,-1
532,15,858.7313842773438,359.3185119628906,68.68463134765625,153.72134399414062,-1,-1,-1,-1
533,15,855.8154296875,375.26959228515625,65.567626953125,171.49395751953125,-1,-1,-1,-1
534,15,837.9690551757812,392.77667236328125,72.4063720703125,190.65838623046875,-1,-1,-1,-1
535,15,843.7044067382812,382.0409240722656,71.50799560546875,191.65084838867188,-1,-1,-1,-1
536,15,849.08935546875,382.92413330078125,64.04132080078125,173.53369140625,-1,-1,-1,-1
537,15,841.654296875,387.12744140625,52.338623046875,152.44189453125,-1,-1,-1,-1
538,15,833.4281616210938,381.8516845703125,57.1181640625,169.061767578125,-1,-1,-1,-1
539,15,832.220703125,379.8336486816406,56.7420654296875,170.19808959960938,-1,-1,-1,-1
540,15,829.3885498046875,388.3780517578125,59.2235107421875,168.9234619140625,-1,-1,-1,-1
541,15,822.8162841796875,398.161865234375,63.4483642578125,176.01409912109375,-1,-1,-1,-1
542,15,824.7175903320312,411.9310607910156,57.318603515625,174.96994018554688,-1,-1,-1,-1
543,15,817.4508056640625,430.2867736816406,61.88201904296875,174.31161499023438,-1,-1,-1,-1
544,15,811.5347900390625,435.6628112792969,61.69488525390625,177.03817749023438,-1,-1,-1,-1
545,15,810.6729736328125,422.4229736328125,61.75299072265625,179.63580322265625,-1,-1,-1,-1
546,15,804.9437255859375,421.264404296875,69.30303955078125,183.0361328125,-1,-1,-1,-1
547,15,801.5577392578125,424.6692810058594,69.60345458984375,184.64022827148438,-1,-1,-1,-1
548,15,797.7952880859375,430.7562255859375,71.94696044921875,188.1280517578125,-1,-1,-1,-1
549,15,796.2799072265625,439.9397888183594,69.086669921875,188.20639038085938,-1,-1,-1,-1
550,15,796.0360107421875,452.10791015625,68.0223388671875,185.11651611328125,-1,-1,-1,-1
551,15,797.2896728515625,467.2440490722656,66.48553466796875,182.89492797851562,-1,-1,-1,-1
552,15,799.4508666992188,483.2183837890625,70.61895751953125,181.62469482421875,-1,-1,-1,-1
553,15,804.0550537109375,491.10205078125,72.84326171875,181.66827392578125,-1,-1,-1,-1
554,15,807.2710571289062,491.293701171875,75.477783203125,183.4710693359375,-1,-1,-1,-1
555,15,812.86669921875,491.4601135253906,74.689208984375,185.04055786132812,-1,-1,-1,-1
556,15,814.482666015625,497.0379638671875,73.16168212890625,185.3570556640625,-1,-1,-1,-1
557,15,810.5087890625,505.3839416503906,73.04364013671875,183.31051635742188,-1,-1,-1,-1
558,15,810.4122314453125,524.0133666992188,72.535400390625,181.0986328125,-1,-1,-1,-1
559,15,815.4644165039062,538.0316772460938,71.487060546875,183.02813720703125,-1,-1,-1,-1
560,15,820.8077392578125,542.9146118164062,75.77685546875,183.60064697265625,-1,-1,-1,-1
561,15,817.944091796875,552.0692138671875,78.958740234375,184.72869873046875,-1,-1,-1,-1
562,15,816.7957153320312,558.6224365234375,77.06591796875,185.442138671875,-1,-1,-1,-1
563,15,819.4521484375,557.9662475585938,75.73809814453125,186.14007568359375,-1,-1,-1,-1
564,15,830.282470703125,565.0280151367188,76.0347900390625,187.62799072265625,-1,-1,-1,-1
565,15,833.6298828125,579.6763305664062,73.8338623046875,187.69647216796875,-1,-1,-1,-1
566,15,831.1165771484375,595.4655151367188,75.11285400390625,189.65472412109375,-1,-1,-1,-1
567,15,828.2144775390625,567.4539184570312,80.5150146484375,192.77667236328125,-1,-1,-1,-1
568,15,827.6248168945312,557.1508178710938,84.4381103515625,192.17205810546875,-1,-1,-1,-1
569,15,832.362548828125,555.6874389648438,81.848388671875,194.42694091796875,-1,-1,-1,-1
570,15,826.8331298828125,553.1508178710938,81.5830078125,195.7601318359375,-1,-1,-1,-1
571,15,823.83251953125,541.9210815429688,80.725830078125,195.9581298828125,-1,-1,-1,-1
572,15,819.4570922851562,539.9890747070312,81.907958984375,196.7001953125,-1,-1,-1,-1
573,15,812.974609375,553.8643188476562,84.62286376953125,195.73712158203125,-1,-1,-1,-1
574,15,811.280517578125,568.59130859375,86.90509033203125,194.25140380859375,-1,-1,-1,-1
575,15,806.2551879882812,569.1194458007812,90.7353515625,194.00946044921875,-1,-1,-1,-1
576,15,795.0038452148438,572.9818115234375,92.17193603515625,193.28271484375,-1,-1,-1,-1
577,15,787.36865234375,570.7791137695312,89.96258544921875,193.3011474609375,-1,-1,-1,-1
578,15,778.2352294921875,572.0088500976562,93.72705078125,194.89080810546875,-1,-1,-1,-1
579,15,765.6394653320312,580.3942260742188,85.5467529296875,202.51544189453125,-1,-1,-1,-1
580,15,757.1210327148438,585.30712890625,78.320556640625,204.0478515625,-1,-1,-1,-1
581,15,742.2711181640625,593.1600952148438,75.70013427734375,197.52130126953125,-1,-1,-1,-1
582,15,713.9994506835938,606.4249267578125,79.733154296875,204.01019287109375,-1,-1,-1,-1
583,15,677.78955078125,615.1765747070312,94.02496337890625,202.82220458984375,-1,-1,-1,-1
584,15,662.3583984375,594.1934814453125,133.7752685546875,264.1451416015625,-1,-1,-1,-1
586,15,627.4208374023438,549.1986694335938,159.86016845703125,347.74407958984375,-1,-1,-1,-1
587,15,604.793212890625,587.3582763671875,92.41644287109375,207.3243408203125,-1,-1,-1,-1
588,15,578.4260864257812,590.7660522460938,83.3851318359375,208.21368408203125,-1,-1,-1,-1
589,15,557.433837890625,595.8504638671875,110.28985595703125,211.376708984375,-1,-1,-1,-1
590,15,531.6365966796875,605.4349365234375,111.996337890625,210.60107421875,-1,-1,-1,-1
591,15,503.54742431640625,607.3720703125,113.71636962890625,215.56341552734375,-1,-1,-1,-1
592,15,475.598388671875,605.9033203125,114.00189208984375,220.5662841796875,-1,-1,-1,-1
593,15,445.3052673339844,608.308837890625,114.67251586914062,223.43658447265625,-1,-1,-1,-1
594,15,413.55279541015625,609.8086547851562,113.17822265625,228.8515625,-1,-1,-1,-1
595,15,377.7222595214844,618.9351196289062,117.705322265625,235.74310302734375,-1,-1,-1,-1
596,15,346.7340087890625,623.0182495117188,117.94345092773438,240.529296875,-1,-1,-1,-1
597,15,309.86541748046875,622.5018920898438,124.08859252929688,247.005859375,-1,-1,-1,-1
598,15,273.5970764160156,620.8211059570312,128.04281616210938,250.28973388671875,-1,-1,-1,-1
599,15,235.1943359375,611.8292236328125,131.15725708007812,257.23272705078125,-1,-1,-1,-1
600,15,193.49169921875,605.4804077148438,133.51455688476562,265.59967041015625,-1,-1,-1,-1
601,15,162.16488647460938,616.6603393554688,138.085205078125,271.81243896484375,-1,-1,-1,-1
395,16,685.862060546875,581.9456176757812,44.14892578125,92.27740478515625,-1,-1,-1,-1
396,16,689.043212890625,593.126220703125,43.5050048828125,97.0057373046875,-1,-1,-1,-1
397,16,691.098876953125,613.3886108398438,45.33984375,104.485107421875,-1,-1,-1,-1
398,16,698.904296875,600.8338623046875,49.8984375,111.77923583984375,-1,-1,-1,-1
399,16,691.071044921875,586.3211669921875,71.67877197265625,125.70745849609375,-1,-1,-1,-1
400,16,684.7483520507812,578.3790283203125,77.91339111328125,121.85882568359375,-1,-1,-1,-1
401,16,685.000244140625,555.217041015625,72.3021240234375,126.06793212890625,-1,-1,-1,-1
402,16,682.91259765625,523.919189453125,54.25604248046875,116.65283203125,-1,-1,-1,-1
403,16,688.0043334960938,521.6065063476562,46.07086181640625,93.3385009765625,-1,-1,-1,-1
404,16,686.9085083007812,532.0606689453125,50.86578369140625,96.5692138671875,-1,-1,-1,-1
405,16,682.8063354492188,540.10400390625,61.5240478515625,112.052001953125,-1,-1,-1,-1
406,16,683.9873046875,556.9195556640625,49.01739501953125,100.0789794921875,-1,-1,-1,-1
407,16,687.0945434570312,579.1716918945312,39.76031494140625,87.82891845703125,-1,-1,-1,-1
408,16,682.53857421875,598.76416015625,51.38555908203125,107.581787109375,-1,-1,-1,-1
409,16,676.4990234375,589.7388305664062,59.56103515625,112.72918701171875,-1,-1,-1,-1
410,16,679.79541015625,580.6822509765625,47.4918212890625,100.36248779296875,-1,-1,-1,-1
411,16,685.6719360351562,580.8936767578125,44.01507568359375,92.852783203125,-1,-1,-1,-1
412,16,690.881103515625,587.03173828125,42.41473388671875,96.16802978515625,-1,-1,-1,-1
413,16,691.622802734375,596.7890625,45.45318603515625,99.57281494140625,-1,-1,-1,-1
414,16,696.34716796875,600.574462890625,41.69879150390625,108.27557373046875,-1,-1,-1,-1
415,16,698.5283813476562,612.0556030273438,40.88519287109375,101.57275390625,-1,-1,-1,-1
416,16,698.4226684570312,614.320068359375,40.70159912109375,103.33319091796875,-1,-1,-1,-1
417,16,696.3800048828125,601.5625,44.75091552734375,115.28436279296875,-1,-1,-1,-1
418,16,697.8319702148438,587.2145385742188,44.45556640625,114.1494140625,-1,-1,-1,-1
419,16,701.0130615234375,580.532958984375,49.25543212890625,113.0870361328125,-1,-1,-1,-1
420,16,703.9324951171875,586.1925659179688,53.48919677734375,118.63641357421875,-1,-1,-1,-1
421,16,707.6264038085938,598.421630859375,52.1029052734375,117.872802734375,-1,-1,-1,-1
422,16,714.5376586914062,593.4871826171875,46.90032958984375,116.0465087890625,-1,-1,-1,-1
423,16,713.2529296875,571.4376220703125,55.213623046875,125.982177734375,-1,-1,-1,-1
424,16,702.5001831054688,529.2960205078125,51.363037109375,106.70550537109375,-1,-1,-1,-1
425,16,702.6902465820312,492.86126708984375,45.06597900390625,87.855712890625,-1,-1,-1,-1
426,16,704.0719604492188,468.5187072753906,43.41400146484375,89.89187622070312,-1,-1,-1,-1
427,16,686.6502685546875,454.0472412109375,41.6563720703125,97.99639892578125,-1,-1,-1,-1
428,16,679.1995239257812,445.3296813964844,48.45330810546875,110.29171752929688,-1,-1,-1,-1
429,16,685.3104248046875,446.10162353515625,45.97283935546875,115.5885009765625,-1,-1,-1,-1
430,16,691.88818359375,450.8937683105469,44.17401123046875,105.11410522460938,-1,-1,-1,-1
431,16,699.4923706054688,466.6147155761719,43.02105712890625,93.77432250976562,-1,-1,-1,-1
432,16,704.1615600585938,467.1705322265625,43.5665283203125,92.26202392578125,-1,-1,-1,-1
433,16,715.9464721679688,467.92730712890625,44.45233154296875,100.4100341796875,-1,-1,-1,-1
434,16,727.4918823242188,467.29583740234375,41.1019287109375,93.85498046875,-1,-1,-1,-1
435,16,744.6342163085938,464.39044189453125,46.876708984375,98.9835205078125,-1,-1,-1,-1
436,16,745.4888305664062,451.94732666015625,50.03338623046875,116.57989501953125,-1,-1,-1,-1
437,16,741.4136962890625,429.7701416015625,52.19085693359375,122.3377685546875,-1,-1,-1,-1
438,16,725.5512084960938,438.34521484375,45.9210205078125,107.82818603515625,-1,-1,-1,-1
439,16,712.9910888671875,466.8778381347656,45.6448974609375,103.82479858398438,-1,-1,-1,-1
440,16,701.4329833984375,470.0374450683594,43.589599609375,92.28164672851562,-1,-1,-1,-1
441,16,701.98779296875,481.6212463378906,43.68109130859375,92.76351928710938,-1,-1,-1,-1
442,16,707.25146484375,496.3477783203125,46.9581298828125,105.86663818359375,-1,-1,-1,-1
443,16,705.8929443359375,508.3197326660156,53.7222900390625,113.41146850585938,-1,-1,-1,-1
444,16,701.5953369140625,512.985595703125,47.588623046875,107.7667236328125,-1,-1,-1,-1
445,16,713.182373046875,524.23095703125,47.608642578125,94.31353759765625,-1,-1,-1,-1
446,16,712.3082885742188,525.7938842773438,45.19671630859375,88.750732421875,-1,-1,-1,-1
447,16,695.2105102539062,524.2381591796875,45.56109619140625,91.169189453125,-1,-1,-1,-1
448,16,691.761962890625,532.3286743164062,45.99481201171875,95.05072021484375,-1,-1,-1,-1
449,16,693.09912109375,544.4422607421875,52.768798828125,105.12591552734375,-1,-1,-1,-1
450,16,690.1921997070312,559.7036743164062,52.98223876953125,104.01580810546875,-1,-1,-1,-1
451,16,683.0504760742188,562.5076293945312,53.53009033203125,107.2491455078125,-1,-1,-1,-1
452,16,670.2657470703125,575.104736328125,54.0687255859375,107.247314453125,-1,-1,-1,-1
453,16,658.842529296875,583.4681396484375,52.43212890625,99.88385009765625,-1,-1,-1,-1
454,16,655.02783203125,578.2710571289062,44.75653076171875,91.00103759765625,-1,-1,-1,-1
455,16,649.8555297851562,567.7228393554688,51.00103759765625,105.77166748046875,-1,-1,-1,-1
456,16,646.03515625,571.2649536132812,48.024169921875,97.4490966796875,-1,-1,-1,-1
457,16,641.946044921875,590.5140991210938,42.3270263671875,87.9364013671875,-1,-1,-1,-1
458,16,635.8564453125,600.2484741210938,51.81854248046875,96.3856201171875,-1,-1,-1,-1
459,16,634.9907836914062,613.3438110351562,49.64739990234375,94.95550537109375,-1,-1,-1,-1
460,16,635.5919799804688,614.9374389648438,56.63995361328125,106.490966796875,-1,-1,-1,-1
461,16,631.6194458007812,618.9255981445312,53.25628662109375,95.12451171875,-1,-1,-1,-1
462,16,623.2179565429688,626.8156127929688,58.74005126953125,106.28961181640625,-1,-1,-1,-1
463,16,619.0233764648438,632.3828735351562,57.90948486328125,110.85308837890625,-1,-1,-1,-1
464,16,616.6689453125,634.5646362304688,52.78399658203125,107.51348876953125,-1,-1,-1,-1
465,16,618.6412353515625,641.4031982421875,46.46075439453125,92.959228515625,-1,-1,-1,-1
466,16,618.9168701171875,639.362548828125,51.420654296875,106.46258544921875,-1,-1,-1,-1
467,16,618.2583618164062,629.890869140625,59.09832763671875,117.206787109375,-1,-1,-1,-1
468,16,626.9661865234375,619.6266479492188,54.4837646484375,105.53643798828125,-1,-1,-1,-1
469,16,637.9073486328125,597.2132568359375,48.1717529296875,104.3951416015625,-1,-1,-1,-1
470,16,653.6776123046875,583.1898193359375,48.01678466796875,103.47418212890625,-1,-1,-1,-1
471,16,660.5184936523438,581.6986083984375,48.785400390625,100.990478515625,-1,-1,-1,-1
472,16,661.7997436523438,584.160888671875,43.256591796875,105.24847412109375,-1,-1,-1,-1
473,16,638.28955078125,594.5139770507812,39.15631103515625,80.698486328125,-1,-1,-1,-1
474,16,597.4995727539062,606.0284423828125,41.57635498046875,91.38623046875,-1,-1,-1,-1
475,16,584.4881591796875,597.7577514648438,43.4654541015625,95.9078369140625,-1,-1,-1,-1
476,16,585.8405151367188,594.0845947265625,49.74786376953125,104.18255615234375,-1,-1,-1,-1
477,16,586.9287719726562,601.0142211914062,46.810302734375,91.3138427734375,-1,-1,-1,-1
478,16,584.4219360351562,610.209228515625,47.651611328125,99.9224853515625,-1,-1,-1,-1
479,16,577.4130859375,594.3080444335938,64.58367919921875,112.32330322265625,-1,-1,-1,-1
480,16,572.4013671875,602.8141479492188,53.0093994140625,107.93206787109375,-1,-1,-1,-1
481,16,562.3435668945312,607.7254028320312,47.11798095703125,96.358642578125,-1,-1,-1,-1
482,16,553.1590576171875,605.5352172851562,58.3885498046875,109.9228515625,-1,-1,-1,-1
483,16,549.0487670898438,601.0137939453125,59.62652587890625,122.2496337890625,-1,-1,-1,-1
484,16,560.5367431640625,594.551025390625,43.54193115234375,91.64947509765625,-1,-1,-1,-1
485,16,585.592041015625,584.4606323242188,41.73052978515625,83.9298095703125,-1,-1,-1,-1
486,16,621.025634765625,577.5947875976562,45.869384765625,91.11163330078125,-1,-1,-1,-1
487,16,660.4215698242188,570.9745483398438,46.7021484375,95.9425048828125,-1,-1,-1,-1
488,16,664.616455078125,578.0919799804688,39.3956298828125,84.2506103515625,-1,-1,-1,-1
489,16,617.4634399414062,592.4668579101562,43.18634033203125,80.29998779296875,-1,-1,-1,-1
490,16,559.8665161132812,604.3262329101562,46.87811279296875,92.2288818359375,-1,-1,-1,-1
491,16,520.1401977539062,615.0650024414062,42.7110595703125,89.4144287109375,-1,-1,-1,-1
492,16,523.3873901367188,610.8685302734375,47.33294677734375,94.41522216796875,-1,-1,-1,-1
493,16,543.1549682617188,611.9744262695312,54.62359619140625,101.61688232421875,-1,-1,-1,-1
494,16,554.48291015625,620.473876953125,52.2447509765625,107.0010986328125,-1,-1,-1,-1
495,16,545.6731567382812,618.5768432617188,49.88275146484375,106.798095703125,-1,-1,-1,-1
496,16,527.3505859375,613.4409790039062,49.7642822265625,110.2086181640625,-1,-1,-1,-1
497,16,524.2215576171875,619.9059448242188,47.25518798828125,106.1522216796875,-1,-1,-1,-1
498,16,523.3656005859375,633.2914428710938,44.8555908203125,105.250244140625,-1,-1,-1,-1
499,16,524.7196655273438,634.4271850585938,43.39666748046875,101.83929443359375,-1,-1,-1,-1
500,16,530.2232666015625,630.466064453125,37.9566650390625,96.8541259765625,-1,-1,-1,-1
501,16,532.5131225585938,624.2037963867188,45.03851318359375,99.3773193359375,-1,-1,-1,-1
502,16,539.568115234375,615.48583984375,47.68536376953125,106.205078125,-1,-1,-1,-1
503,16,549.1290283203125,625.5863037109375,51.3983154296875,113.566162109375,-1,-1,-1,-1
504,16,559.837646484375,625.8761596679688,49.5570068359375,111.82769775390625,-1,-1,-1,-1
505,16,566.735595703125,617.6564331054688,52.6378173828125,115.77081298828125,-1,-1,-1,-1
506,16,572.4984130859375,603.927490234375,41.614501953125,96.58447265625,-1,-1,-1,-1
507,16,577.81298828125,605.9736328125,41.60650634765625,96.6873779296875,-1,-1,-1,-1
508,16,585.234619140625,607.48388671875,38.8043212890625,96.64306640625,-1,-1,-1,-1
509,16,587.4640502929688,594.263671875,41.23480224609375,96.3846435546875,-1,-1,-1,-1
510,16,589.117919921875,585.8898315429688,45.76068115234375,96.45635986328125,-1,-1,-1,-1
511,16,590.2813720703125,594.90966796875,49.11590576171875,98.02838134765625,-1,-1,-1,-1
512,16,595.326904296875,606.56005859375,39.9837646484375,96.23309326171875,-1,-1,-1,-1
513,16,597.885986328125,609.43896484375,42.21722412109375,100.79949951171875,-1,-1,-1,-1
514,16,596.7412109375,605.6871337890625,37.77764892578125,97.97979736328125,-1,-1,-1,-1
515,16,595.7862548828125,587.4129638671875,36.48785400390625,94.87689208984375,-1,-1,-1,-1
516,16,590.60009765625,565.9436645507812,43.3150634765625,107.25042724609375,-1,-1,-1,-1
517,16,579.7474975585938,550.727783203125,40.872314453125,96.78240966796875,-1,-1,-1,-1
518,16,577.3910522460938,524.3110961914062,42.165283203125,103.52032470703125,-1,-1,-1,-1
519,16,603.103271484375,537.289306640625,41.75,101.7093505859375,-1,-1,-1,-1
520,16,627.76025390625,577.0352172851562,46.89776611328125,98.82177734375,-1,-1,-1,-1
521,16,622.9755859375,534.911376953125,41.290771484375,101.34326171875,-1,-1,-1,-1
522,16,600.14208984375,513.9820556640625,46.042236328125,104.5997314453125,-1,-1,-1,-1
523,16,578.9758911132812,473.0365295410156,40.93994140625,95.48373413085938,-1,-1,-1,-1
524,16,568.9774169921875,457.63336181640625,39.1470947265625,105.96075439453125,-1,-1,-1,-1
525,16,570.9641723632812,451.26861572265625,35.84783935546875,102.365478515625,-1,-1,-1,-1
526,16,563.8357543945312,443.3699645996094,39.45361328125,100.89920043945312,-1,-1,-1,-1
527,16,555.8869018554688,450.6320495605469,36.85198974609375,98.29660034179688,-1,-1,-1,-1
528,16,556.3755493164062,454.66973876953125,40.87640380859375,108.4620361328125,-1,-1,-1,-1
529,16,553.5653686523438,449.4501953125,39.2379150390625,103.99481201171875,-1,-1,-1,-1
530,16,550.2603149414062,411.49212646484375,41.50823974609375,104.4962158203125,-1,-1,-1,-1
531,16,551.54150390625,390.99151611328125,43.965576171875,111.1844482421875,-1,-1,-1,-1
532,16,552.0407104492188,389.46746826171875,45.76318359375,125.10516357421875,-1,-1,-1,-1
533,16,546.2122192382812,410.7275085449219,43.071533203125,113.15945434570312,-1,-1,-1,-1
534,16,539.7769165039062,429.96221923828125,46.08172607421875,123.2449951171875,-1,-1,-1,-1
535,16,547.6890869140625,417.8559875488281,41.39227294921875,101.63357543945312,-1,-1,-1,-1
536,16,539.9684448242188,406.9610290527344,47.1370849609375,117.66970825195312,-1,-1,-1,-1
537,16,527.00634765625,410.77862548828125,40.75506591796875,97.88906860351562,-1,-1,-1,-1
538,16,521.9932250976562,404.6627197265625,42.7012939453125,103.99188232421875,-1,-1,-1,-1
539,16,519.65380859375,405.9376220703125,43.018310546875,102.13619995117188,-1,-1,-1,-1
540,16,514.4248046875,416.21942138671875,47.41375732421875,113.6392822265625,-1,-1,-1,-1
541,16,508.1243591308594,426.4429016113281,44.952362060546875,121.33023071289062,-1,-1,-1,-1
542,16,504.6023864746094,440.10211181640625,42.777618408203125,118.17047119140625,-1,-1,-1,-1
543,16,500.05950927734375,461.59637451171875,42.3304443359375,118.78521728515625,-1,-1,-1,-1
544,16,495.7963562011719,472.45953369140625,39.682098388671875,106.54425048828125,-1,-1,-1,-1
545,16,491.13311767578125,466.2011413574219,45.65155029296875,117.14822387695312,-1,-1,-1,-1
546,16,488.1686096191406,469.3927307128906,71.03756713867188,140.11929321289062,-1,-1,-1,-1
547,16,479.7036437988281,477.3841552734375,65.18417358398438,146.1522216796875,-1,-1,-1,-1
548,16,479.89520263671875,483.1463928222656,45.593017578125,128.43991088867188,-1,-1,-1,-1
549,16,476.1846923828125,489.76904296875,42.477783203125,112.48162841796875,-1,-1,-1,-1
550,16,474.6297302246094,498.90130615234375,44.919952392578125,114.1033935546875,-1,-1,-1,-1
551,16,475.9492492675781,512.8424987792969,41.907012939453125,106.97763061523438,-1,-1,-1,-1
552,16,482.05596923828125,527.9364624023438,38.55462646484375,100.74774169921875,-1,-1,-1,-1
553,16,488.12396240234375,534.8836059570312,40.19561767578125,107.5770263671875,-1,-1,-1,-1
554,16,492.969482421875,535.83251953125,40.22418212890625,104.6641845703125,-1,-1,-1,-1
555,16,496.4135437011719,536.4315185546875,37.486480712890625,96.87030029296875,-1,-1,-1,-1
556,16,495.4517822265625,541.0230102539062,38.2559814453125,95.23590087890625,-1,-1,-1,-1
557,16,490.29901123046875,548.4580688476562,40.0577392578125,100.6197509765625,-1,-1,-1,-1
558,16,487.9565734863281,568.63232421875,40.562957763671875,102.75262451171875,-1,-1,-1,-1
559,16,492.72564697265625,582.7601318359375,40.14208984375,101.69219970703125,-1,-1,-1,-1
560,16,498.2447814941406,585.1707763671875,40.048797607421875,101.43133544921875,-1,-1,-1,-1
561,16,494.78582763671875,591.4185180664062,38.3721923828125,99.16119384765625,-1,-1,-1,-1
562,16,491.1436462402344,597.8261108398438,41.472015380859375,102.802978515625,-1,-1,-1,-1
563,16,491.259033203125,599.5829467773438,41.42950439453125,98.802734375,-1,-1,-1,-1
564,16,501.64031982421875,607.6641235351562,43.3126220703125,98.09613037109375,-1,-1,-1,-1
565,16,503.891845703125,630.7545166015625,39.70849609375,96.1688232421875,-1,-1,-1,-1
566,16,502.02923583984375,654.5394287109375,40.81195068359375,98.09307861328125,-1,-1,-1,-1
567,16,502.78216552734375,631.134765625,40.43988037109375,97.44647216796875,-1,-1,-1,-1
568,16,501.62933349609375,631.737548828125,46.28131103515625,104.2642822265625,-1,-1,-1,-1
569,16,500.3169860839844,627.74365234375,42.279937744140625,103.87640380859375,-1,-1,-1,-1
570,16,493.605712890625,620.29345703125,41.99468994140625,106.0936279296875,-1,-1,-1,-1
571,16,489.2630615234375,605.5420532226562,42.6695556640625,103.89776611328125,-1,-1,-1,-1
572,16,482.92254638671875,599.6051635742188,44.7156982421875,106.52349853515625,-1,-1,-1,-1
573,16,477.9853210449219,613.404541015625,42.801849365234375,102.39324951171875,-1,-1,-1,-1
574,16,475.78265380859375,624.4498901367188,43.89739990234375,102.8748779296875,-1,-1,-1,-1
575,16,473.230712890625,627.5836791992188,41.87823486328125,96.3629150390625,-1,-1,-1,-1
576,16,459.5848388671875,631.0451049804688,44.745269775390625,102.3890380859375,-1,-1,-1,-1
577,16,451.49188232421875,622.720947265625,43.42919921875,104.58746337890625,-1,-1,-1,-1
578,16,439.449462890625,623.2314453125,47.009307861328125,107.57647705078125,-1,-1,-1,-1
579,16,423.72760009765625,631.9838256835938,48.09234619140625,109.2396240234375,-1,-1,-1,-1
580,16,408.4217529296875,637.84033203125,47.54901123046875,110.3773193359375,-1,-1,-1,-1
581,16,387.9924621582031,650.66162109375,46.741485595703125,110.52972412109375,-1,-1,-1,-1
582,16,355.7284851074219,670.0535278320312,50.860595703125,112.45770263671875,-1,-1,-1,-1
583,16,320.998779296875,690.9007568359375,50.97247314453125,112.779296875,-1,-1,-1,-1
584,16,288.0723876953125,691.5283203125,53.58612060546875,119.38275146484375,-1,-1,-1,-1
585,16,262.8301696777344,690.2637329101562,64.03567504882812,131.02105712890625,-1,-1,-1,-1
586,16,238.04917907714844,677.91796875,59.23963928222656,129.34332275390625,-1,-1,-1,-1
587,16,195.1577606201172,671.3367919921875,61.05760192871094,138.46380615234375,-1,-1,-1,-1
588,16,154.93734741210938,678.9431762695312,67.00428771972656,147.03076171875,-1,-1,-1,-1
589,16,121.41682434082031,691.1141967773438,61.86457824707031,137.39080810546875,-1,-1,-1,-1
590,16,128.86299896240234,700.8206787109375,95.04778289794922,167.16455078125,-1,-1,-1,-1
496,17,747.0982666015625,581.6502075195312,62.49200439453125,146.06182861328125,-1,-1,-1,-1
497,17,748.8213500976562,587.818359375,57.28216552734375,152.9417724609375,-1,-1,-1,-1
498,17,749.483154296875,599.3204956054688,52.32916259765625,153.02130126953125,-1,-1,-1,-1
499,17,747.8051147460938,600.5516967773438,56.74554443359375,155.7188720703125,-1,-1,-1,-1
500,17,747.2000732421875,599.669677734375,60.5201416015625,141.78955078125,-1,-1,-1,-1
501,17,743.2667236328125,598.9703369140625,69.3472900390625,141.3369140625,-1,-1,-1,-1
502,17,764.3045654296875,590.0523681640625,52.712890625,138.6944580078125,-1,-1,-1,-1
503,17,744.2183837890625,607.24072265625,65.97882080078125,138.16259765625,-1,-1,-1,-1
504,17,733.6939697265625,610.9207153320312,82.7982177734375,148.45770263671875,-1,-1,-1,-1
505,17,726.2532348632812,597.6464233398438,86.65338134765625,158.1319580078125,-1,-1,-1,-1
506,17,739.0643920898438,582.0750122070312,71.90582275390625,153.046875,-1,-1,-1,-1
507,17,747.2019653320312,591.4539794921875,75.7303466796875,141.856201171875,-1,-1,-1,-1
508,17,749.4542846679688,618.5018310546875,60.04913330078125,131.93341064453125,-1,-1,-1,-1
509,17,747.0218505859375,613.521728515625,65.0655517578125,129.17828369140625,-1,-1,-1,-1
510,17,749.72607421875,607.2210693359375,64.41650390625,129.43463134765625,-1,-1,-1,-1
511,17,743.9265747070312,614.9547119140625,69.56317138671875,128.940673828125,-1,-1,-1,-1
512,17,756.8433837890625,628.6365356445312,60.09075927734375,126.71710205078125,-1,-1,-1,-1
513,17,760.8687133789062,635.7774047851562,61.82830810546875,125.023681640625,-1,-1,-1,-1
514,17,760.28173828125,630.178955078125,59.63873291015625,131.3450927734375,-1,-1,-1,-1
515,17,759.1771240234375,614.5750122070312,56.05389404296875,128.4942626953125,-1,-1,-1,-1
516,17,753.201904296875,589.3527221679688,61.4920654296875,128.45758056640625,-1,-1,-1,-1
517,17,748.5120849609375,567.2784423828125,63.97271728515625,128.3931884765625,-1,-1,-1,-1
518,17,748.6577758789062,538.2673950195312,59.44305419921875,131.4923095703125,-1,-1,-1,-1
519,17,770.1166381835938,550.431396484375,59.032470703125,129.33905029296875,-1,-1,-1,-1
520,17,790.410888671875,574.031982421875,70.55316162109375,131.341552734375,-1,-1,-1,-1
521,17,788.9207153320312,535.1109008789062,65.88616943359375,130.853515625,-1,-1,-1,-1
522,17,763.766845703125,510.3226623535156,71.085205078125,135.77206420898438,-1,-1,-1,-1
523,17,747.0247192382812,485.0872802734375,66.08673095703125,130.0455322265625,-1,-1,-1,-1
524,17,742.3311157226562,468.05810546875,60.41937255859375,131.18035888671875,-1,-1,-1,-1
525,17,743.4926147460938,464.70697021484375,57.1239013671875,125.88446044921875,-1,-1,-1,-1
526,17,736.5782470703125,451.9847412109375,62.30029296875,136.7330322265625,-1,-1,-1,-1
527,17,726.6808471679688,466.1429443359375,59.79766845703125,129.016845703125,-1,-1,-1,-1
528,17,726.1697998046875,471.4273376464844,61.0048828125,128.23928833007812,-1,-1,-1,-1
529,17,722.6934814453125,465.10198974609375,63.1346435546875,127.908935546875,-1,-1,-1,-1
530,17,721.0868530273438,428.86627197265625,68.47320556640625,135.62939453125,-1,-1,-1,-1
531,17,724.9937133789062,408.2755126953125,68.70733642578125,134.71087646484375,-1,-1,-1,-1
532,17,727.400146484375,410.5893249511719,63.000732421875,134.86233520507812,-1,-1,-1,-1
533,17,719.5203857421875,435.57769775390625,57.0950927734375,129.08270263671875,-1,-1,-1,-1
534,17,717.8145751953125,454.9434509277344,53.75958251953125,123.71847534179688,-1,-1,-1,-1
535,17,717.6796264648438,440.5057373046875,66.09161376953125,130.587890625,-1,-1,-1,-1
536,17,711.893310546875,437.81781005859375,62.642822265625,127.55889892578125,-1,-1,-1,-1
537,17,702.265625,437.7358093261719,57.77313232421875,122.31008911132812,-1,-1,-1,-1
538,17,696.181884765625,428.28448486328125,59.276123046875,130.41455078125,-1,-1,-1,-1
539,17,693.3391723632812,429.4615478515625,61.982421875,133.92578125,-1,-1,-1,-1
540,17,691.1734619140625,434.7967529296875,67.01629638671875,135.18182373046875,-1,-1,-1,-1
541,17,690.5121459960938,452.4415283203125,58.9720458984375,125.74786376953125,-1,-1,-1,-1
542,17,682.2615356445312,466.38800048828125,60.1173095703125,125.201416015625,-1,-1,-1,-1
543,17,678.3263549804688,480.450439453125,64.39202880859375,133.61700439453125,-1,-1,-1,-1
544,17,672.090576171875,491.24285888671875,59.7276611328125,129.50341796875,-1,-1,-1,-1
545,17,673.8936157226562,482.0751037597656,60.39324951171875,131.86325073242188,-1,-1,-1,-1
546,17,674.9230346679688,480.07958984375,66.1280517578125,136.5657958984375,-1,-1,-1,-1
547,17,668.2420654296875,490.8138732910156,65.767333984375,131.57608032226562,-1,-1,-1,-1
548,17,670.3861694335938,496.30230712890625,61.92987060546875,133.12115478515625,-1,-1,-1,-1
549,17,662.5186157226562,506.9237060546875,61.18548583984375,132.214599609375,-1,-1,-1,-1
550,17,655.930419921875,511.65472412109375,65.51861572265625,140.83599853515625,-1,-1,-1,-1
551,17,659.0562744140625,530.6602172851562,56.86553955078125,134.92034912109375,-1,-1,-1,-1
552,17,664.2315063476562,536.3455810546875,61.6182861328125,146.6126708984375,-1,-1,-1,-1
553,17,670.9093017578125,550.3836059570312,59.2489013671875,140.28668212890625,-1,-1,-1,-1
554,17,678.4896240234375,550.4068603515625,62.85198974609375,138.66070556640625,-1,-1,-1,-1
555,17,683.4837036132812,552.159912109375,60.47723388671875,136.3629150390625,-1,-1,-1,-1
556,17,679.8392944335938,560.6512451171875,56.70587158203125,135.7294921875,-1,-1,-1,-1
557,17,668.8010864257812,569.5333251953125,54.2200927734375,145.5260009765625,-1,-1,-1,-1
558,17,665.7154541015625,577.58056640625,66.518310546875,154.7095947265625,-1,-1,-1,-1
559,17,669.809326171875,590.3826904296875,65.30426025390625,157.51007080078125,-1,-1,-1,-1
560,17,675.9486083984375,613.8539428710938,46.01788330078125,135.86309814453125,-1,-1,-1,-1
561,17,672.1235961914062,631.2877197265625,55.462646484375,125.13006591796875,-1,-1,-1,-1
562,17,673.6961059570312,618.8327026367188,62.9287109375,145.41644287109375,-1,-1,-1,-1
563,17,678.0680541992188,586.0969848632812,71.8106689453125,179.38568115234375,-1,-1,-1,-1
564,17,695.7478637695312,589.09228515625,83.26080322265625,180.8421630859375,-1,-1,-1,-1
565,17,698.0216674804688,600.521240234375,80.34539794921875,186.08001708984375,-1,-1,-1,-1
566,17,698.7584228515625,599.5170288085938,96.98162841796875,210.19140625,-1,-1,-1,-1
567,17,701.5789184570312,559.6790771484375,110.6776123046875,215.74053955078125,-1,-1,-1,-1
568,17,701.1743774414062,548.998291015625,103.80072021484375,192.40301513671875,-1,-1,-1,-1
569,17,708.19384765625,557.6727905273438,99.9932861328125,186.64776611328125,-1,-1,-1,-1
570,17,705.02734375,562.9434814453125,88.75897216796875,173.6492919921875,-1,-1,-1,-1
571,17,688.9855346679688,563.9667358398438,92.4580078125,162.27117919921875,-1,-1,-1,-1
572,17,697.576171875,570.7371826171875,76.90509033203125,151.43719482421875,-1,-1,-1,-1
573,17,694.4154663085938,589.5867919921875,66.49102783203125,137.70977783203125,-1,-1,-1,-1
574,17,700.1770629882812,595.1173706054688,62.53533935546875,142.24639892578125,-1,-1,-1,-1
575,17,692.8905639648438,579.6447143554688,87.47442626953125,173.26409912109375,-1,-1,-1,-1
576,17,690.767822265625,569.537353515625,99.3780517578125,207.6051025390625,-1,-1,-1,-1
577,17,695.5258178710938,561.1978759765625,105.79571533203125,223.033447265625,-1,-1,-1,-1
578,17,691.5322875976562,562.2667236328125,105.01849365234375,230.09033203125,-1,-1,-1,-1
579,17,690.0418701171875,573.481201171875,93.2176513671875,223.66259765625,-1,-1,-1,-1
580,17,691.014892578125,582.5047607421875,81.5340576171875,186.0802001953125,-1,-1,-1,-1
581,17,691.1463623046875,594.7258911132812,76.193115234375,169.25140380859375,-1,-1,-1,-1
582,17,683.873779296875,609.65576171875,71.8414306640625,159.27593994140625,-1,-1,-1,-1
583,17,677.876708984375,615.5924072265625,94.96527099609375,173.7860107421875,-1,-1,-1,-1
584,17,748.4871215820312,647.6392211914062,63.12896728515625,154.49932861328125,-1,-1,-1,-1
