1,1,679.2254028320312,458.02685546875,335.2901611328125,542.9169921875,-1,-1,-1,-1
2,1,674.7361450195312,475.2182312011719,313.1939697265625,525.7315673828125,-1,-1,-1,-1
3,1,664.81689453125,508.168701171875,330.97784423828125,510.2171630859375,-1,-1,-1,-1
4,1,671.2575073242188,547.3157958984375,336.83624267578125,506.1729736328125,-1,-1,-1,-1
5,1,679.9487915039062,563.75537109375,374.51898193359375,521.733154296875,-1,-1,-1,-1
6,1,685.5768432617188,569.5344848632812,420.19207763671875,542.8067016601562,-1,-1,-1,-1
7,1,693.2496948242188,575.2612915039062,389.81622314453125,575.4976196289062,-1,-1,-1,-1
8,1,684.8641357421875,589.1124267578125,304.6434326171875,618.1226806640625,-1,-1,-1,-1
9,1,728.2203979492188,620.3497314453125,218.5113525390625,644.5592041015625,-1,-1,-1,-1
10,1,773.4154663085938,631.020751953125,179.23773193359375,640.833251953125,-1,-1,-1,-1
11,1,784.7484741210938,644.668701171875,184.75701904296875,595.4306640625,-1,-1,-1,-1
12,1,800.0294799804688,615.9401245117188,196.171142578125,576.6537475585938,-1,-1,-1,-1
13,1,829.4790649414062,574.41259765625,183.40350341796875,596.5235595703125,-1,-1,-1,-1
14,1,853.1446533203125,522.6732177734375,188.690185546875,633.1832275390625,-1,-1,-1,-1
15,1,853.3055419921875,439.0228576660156,260.48974609375,687.158203125,-1,-1,-1,-1
16,1,837.755126953125,390.3501281738281,346.7342529296875,743.87255859375,-1,-1,-1,-1
17,1,845.93017578125,359.5392761230469,376.9036865234375,775.16650390625,-1,-1,-1,-1
18,1,840.6342163085938,382.8623046875,395.45745849609375,776.61865234375,-1,-1,-1,-1
19,1,834.599609375,419.6849060058594,395.555908203125,750.5965576171875,-1,-1,-1,-1
20,1,850.4337158203125,452.55633544921875,346.5985107421875,735.2261352539062,-1,-1,-1,-1
21,1,847.087890625,499.2799072265625,303.94091796875,723.8333740234375,-1,-1,-1,-1
22,1,825.5350341796875,529.557373046875,282.904541015625,708.7691650390625,-1,-1,-1,-1
23,1,810.267578125,535.4232788085938,264.094970703125,692.5126342773438,-1,-1,-1,-1
24,1,791.3927001953125,531.2141723632812,245.8963623046875,662.2648315429688,-1,-1,-1,-1
25,1,779.6181640625,526.438232421875,231.28179931640625,619.5264892578125,-1,-1,-1,-1
26,1,769.9375,531.9529418945312,224.38397216796875,580.3662719726562,-1,-1,-1,-1
27,1,765.1551513671875,546.8121337890625,221.9031982421875,578.4189453125,-1,-1,-1,-1
28,1,767.5870361328125,559.6728515625,224.02392578125,583.4259033203125,-1,-1,-1,-1
29,1,764.29150390625,564.5073852539062,227.221435546875,586.2802124023438,-1,-1,-1,-1
30,1,756.6832885742188,543.6215209960938,225.48785400390625,585.0372924804688,-1,-1,-1,-1
31,1,746.698974609375,543.0751342773438,218.3250732421875,592.4445190429688,-1,-1,-1,-1
32,1,743.026611328125,562.9813842773438,206.28131103515625,601.7047729492188,-1,-1,-1,-1
33,1,741.8362426757812,602.2764892578125,204.54107666015625,588.6600341796875,-1,-1,-1,-1
34,1,742.1910400390625,634.008056640625,205.97552490234375,433.0050048828125,-1,-1,-1,-1
35,1,747.1724853515625,649.1995239257812,203.47430419921875,424.15924072265625,-1,-1,-1,-1
36,1,752.76416015625,650.4534301757812,202.049560546875,416.13238525390625,-1,-1,-1,-1
37,1,752.1583862304688,653.7449340820312,190.317626953125,502.12994384765625,-1,-1,-1,-1
38,1,746.9248046875,628.4117431640625,185.1331787109375,408.6578369140625,-1,-1,-1,-1
39,1,731.362060546875,556.9961547851562,195.79315185546875,469.82012939453125,-1,-1,-1,-1
40,1,724.1256103515625,492.7052001953125,195.1954345703125,363.83984375,-1,-1,-1,-1
41,1,720.7681884765625,450.4122619628906,188.9752197265625,377.2108459472656,-1,-1,-1,-1
42,1,717.98193359375,424.3316650390625,179.4193115234375,458.99462890625,-1,-1,-1,-1
43,1,718.8009643554688,426.7249755859375,170.10015869140625,452.5706787109375,-1,-1,-1,-1
44,1,717.5795288085938,437.4079895019531,168.3055419921875,443.7756042480469,-1,-1,-1,-1
45,1,716.2168579101562,444.4344482421875,164.97381591796875,434.895263671875,-1,-1,-1,-1
46,1,712.9501953125,472.0789794921875,166.7474365234375,425.95306396484375,-1,-1,-1,-1
47,1,711.1044311523438,505.8021545410156,170.708251953125,419.5085754394531,-1,-1,-1,-1
48,1,715.0716552734375,525.328369140625,171.0672607421875,417.94891357421875,-1,-1,-1,-1
49,1,712.4520263671875,521.1216430664062,172.85455322265625,425.3504638671875,-1,-1,-1,-1
50,1,705.628173828125,511.163818359375,169.18658447265625,449.3583984375,-1,-1,-1,-1
51,1,698.7048950195312,498.6004638671875,166.4466552734375,484.2950439453125,-1,-1,-1,-1
52,1,694.3311767578125,490.66229248046875,166.27911376953125,520.3550415039062,-1,-1,-1,-1
53,1,691.875244140625,486.794189453125,167.87908935546875,552.4498291015625,-1,-1,-1,-1
54,1,688.1015625,492.4943542480469,177.11712646484375,565.311279296875,-1,-1,-1,-1
55,1,688.4437866210938,506.2013854980469,181.5614013671875,554.0606689453125,-1,-1,-1,-1
56,1,686.67529296875,519.0593872070312,187.08563232421875,537.6276245117188,-1,-1,-1,-1
57,1,685.4987182617188,524.1028442382812,184.61175537109375,530.8500366210938,-1,-1,-1,-1
58,1,689.1967163085938,515.2515258789062,173.48748779296875,537.2180786132812,-1,-1,-1,-1
59,1,690.5958251953125,505.0877990722656,166.93121337890625,545.6126708984375,-1,-1,-1,-1
60,1,694.5721435546875,501.0001525878906,159.98626708984375,540.9578857421875,-1,-1,-1,-1
61,1,702.10009765625,501.5777587890625,168.305419921875,514.9503173828125,-1,-1,-1,-1
62,1,701.6365966796875,503.3689270019531,158.67822265625,479.0317687988281,-1,-1,-1,-1
63,1,696.8008422851562,509.75848388671875,152.56976318359375,446.41021728515625,-1,-1,-1,-1
64,1,694.4522705078125,523.1047973632812,150.24169921875,424.7264404296875,-1,-1,-1,-1
65,1,687.8765869140625,533.2474975585938,150.8216552734375,418.03607177734375,-1,-1,-1,-1
66,1,679.7936401367188,534.9592895507812,149.9739990234375,429.2191162109375,-1,-1,-1,-1
67,1,676.7955932617188,527.4132690429688,149.291259765625,449.38043212890625,-1,-1,-1,-1
68,1,674.9502563476562,524.5032958984375,150.910888671875,467.00262451171875,-1,-1,-1,-1
69,1,674.29931640625,519.5388793945312,153.16845703125,480.37982177734375,-1,-1,-1,-1
70,1,672.6837158203125,509.16839599609375,161.603759765625,486.14190673828125,-1,-1,-1,-1
71,1,669.411865234375,510.1754150390625,192.377197265625,485.81304931640625,-1,-1,-1,-1
72,1,665.3881225585938,518.7698364257812,238.60052490234375,476.50982666015625,-1,-1,-1,-1
73,1,662.461669921875,531.0773315429688,276.40606689453125,464.68438720703125,-1,-1,-1,-1
74,1,655.9738159179688,538.7186279296875,291.39410400390625,455.8792724609375,-1,-1,-1,-1
75,1,644.4085083007812,535.3035888671875,295.45330810546875,460.52154541015625,-1,-1,-1,-1
76,1,632.4497680664062,529.9268798828125,294.6622314453125,468.14227294921875,-1,-1,-1,-1
77,1,652.2259521484375,526.482666015625,272.17279052734375,461.3896484375,-1,-1,-1,-1
78,1,669.1047973632812,530.0315551757812,296.29437255859375,445.75579833984375,-1,-1,-1,-1
79,1,677.65087890625,540.781982421875,309.42803955078125,424.1312255859375,-1,-1,-1,-1
80,1,684.2014770507812,556.9848022460938,290.53179931640625,397.587646484375,-1,-1,-1,-1
81,1,684.8778076171875,578.6596069335938,265.46405029296875,369.1240234375,-1,-1,-1,-1
82,1,692.756591796875,595.6483154296875,242.83734130859375,355.15008544921875,-1,-1,-1,-1
83,1,695.896484375,605.1655883789062,228.5078125,353.45794677734375,-1,-1,-1,-1
84,1,679.2098388671875,601.6331176757812,233.89007568359375,363.88116455078125,-1,-1,-1,-1
85,1,659.962890625,592.9332275390625,241.58990478515625,390.9356689453125,-1,-1,-1,-1
86,1,639.9351806640625,587.5501098632812,261.52764892578125,433.73944091796875,-1,-1,-1,-1
87,1,641.1281127929688,582.94970703125,256.48260498046875,451.498291015625,-1,-1,-1,-1
88,1,640.7613525390625,564.9976806640625,239.9156494140625,462.74853515625,-1,-1,-1,-1
89,1,642.9241943359375,550.4749145507812,215.89556884765625,472.74371337890625,-1,-1,-1,-1
90,1,636.1497192382812,539.9631958007812,193.212158203125,483.6669921875,-1,-1,-1,-1
91,1,642.1701049804688,537.004638671875,186.43414306640625,498.8155517578125,-1,-1,-1,-1
92,1,633.5702514648438,544.4243774414062,197.736083984375,499.85784912109375,-1,-1,-1,-1
93,1,583.79345703125,547.31591796875,251.56134033203125,514.639892578125,-1,-1,-1,-1
94,1,561.321533203125,549.8240966796875,284.8245849609375,534.39501953125,-1,-1,-1,-1
95,1,560.9429931640625,555.8638305664062,303.93438720703125,536.0012817382812,-1,-1,-1,-1
96,1,569.8409423828125,566.2554321289062,311.6505126953125,531.0753784179688,-1,-1,-1,-1
97,1,578.5165405273438,567.3734130859375,313.91973876953125,524.5303955078125,-1,-1,-1,-1
98,1,596.4164428710938,554.1364135742188,301.49139404296875,531.9171752929688,-1,-1,-1,-1
99,1,608.4103393554688,540.4862670898438,286.87200927734375,543.9413452148438,-1,-1,-1,-1
100,1,614.357666015625,529.3741455078125,281.8966064453125,557.6002197265625,-1,-1,-1,-1
101,1,609.1060180664062,508.9414367675781,303.29437255859375,566.396484375,-1,-1,-1,-1
102,1,622.6255493164062,505.1792907714844,319.69000244140625,575.40283203125,-1,-1,-1,-1
103,1,612.3159790039062,514.6451416015625,359.1744384765625,565.8546142578125,-1,-1,-1,-1
104,1,602.9993896484375,520.5733642578125,370.046875,552.9854736328125,-1,-1,-1,-1
105,1,601.423095703125,517.8438110351562,365.07672119140625,551.3252563476562,-1,-1,-1,-1
106,1,598.18310546875,505.20245361328125,355.98309326171875,551.1676635742188,-1,-1,-1,-1
107,1,600.7101440429688,492.8290710449219,343.96917724609375,548.540771484375,-1,-1,-1,-1
108,1,631.41357421875,493.4211120605469,346.04327392578125,537.724365234375,-1,-1,-1,-1
109,1,672.9420166015625,507.4580078125,316.98468017578125,503.4571533203125,-1,-1,-1,-1
110,1,692.6265258789062,530.1272583007812,282.85919189453125,470.06817626953125,-1,-1,-1,-1
111,1,685.45263671875,552.0780029296875,273.090576171875,451.53070068359375,-1,-1,-1,-1
112,1,654.5892944335938,573.7801513671875,294.68841552734375,442.0718994140625,-1,-1,-1,-1
113,1,643.8546142578125,574.1114501953125,295.2298583984375,450.1441650390625,-1,-1,-1,-1
114,1,626.0640869140625,558.732421875,304.294189453125,471.242431640625,-1,-1,-1,-1
115,1,613.1395874023438,548.6854858398438,318.77874755859375,496.97637939453125,-1,-1,-1,-1
116,1,601.2552490234375,545.4082641601562,317.96868896484375,504.90460205078125,-1,-1,-1,-1
117,1,606.21435546875,552.1029052734375,320.7425537109375,486.3255615234375,-1,-1,-1,-1
118,1,611.7611694335938,559.4430541992188,348.91815185546875,486.33917236328125,-1,-1,-1,-1
119,1,614.2177124023438,558.8330078125,392.63397216796875,478.586669921875,-1,-1,-1,-1
120,1,615.7443237304688,549.6346435546875,422.86639404296875,483.0421142578125,-1,-1,-1,-1
121,1,611.2166137695312,538.218505859375,427.30523681640625,501.226318359375,-1,-1,-1,-1
122,1,624.2880859375,547.528076171875,374.14715576171875,509.173095703125,-1,-1,-1,-1
123,1,667.1494140625,553.0172119140625,365.2001953125,510.7342529296875,-1,-1,-1,-1
124,1,648.2493286132812,555.310791015625,478.70159912109375,566.4976806640625,-1,-1,-1,-1
125,1,562.1901245117188,541.6181030273438,546.0576782226562,696.1275024414062,-1,-1,-1,-1
126,1,502.6964111328125,518.6632080078125,553.6754150390625,787.5526123046875,-1,-1,-1,-1
127,1,460.9267578125,534.5403442382812,511.78497314453125,846.6249389648438,-1,-1,-1,-1
128,1,449.9732666015625,566.7122802734375,495.0870361328125,827.4886474609375,-1,-1,-1,-1
129,1,618.5711059570312,618.7071533203125,337.6357421875,775.1212158203125,-1,-1,-1,-1
130,1,729.8225708007812,659.0281982421875,373.34576416015625,703.28466796875,-1,-1,-1,-1
131,1,717.2843627929688,701.2078247070312,509.39031982421875,605.7957153320312,-1,-1,-1,-1
132,1,696.9039916992188,693.8093872070312,511.11273193359375,530.5722045898438,-1,-1,-1,-1
133,1,688.6730346679688,676.5249633789062,404.63116455078125,490.52850341796875,-1,-1,-1,-1
134,1,697.858154296875,676.5421752929688,311.6136474609375,472.11590576171875,-1,-1,-1,-1
135,1,708.8723754882812,652.5661010742188,246.603515625,482.86956787109375,-1,-1,-1,-1
136,1,708.7257690429688,627.0284423828125,199.56817626953125,489.4132080078125,-1,-1,-1,-1
137,1,715.3178100585938,597.5076904296875,181.032470703125,509.0859375,-1,-1,-1,-1
138,1,711.8037719726562,550.4071655273438,166.01824951171875,550.7239379882812,-1,-1,-1,-1
139,1,713.5162963867188,525.3114624023438,202.60467529296875,585.2632446289062,-1,-1,-1,-1
140,1,720.4750366210938,515.7659912109375,231.3621826171875,609.1121826171875,-1,-1,-1,-1
141,1,729.1738891601562,519.0996704101562,289.49365234375,620.6409301757812,-1,-1,-1,-1
142,1,726.9973754882812,538.7819213867188,292.1785888671875,623.7380981445312,-1,-1,-1,-1
143,1,721.5738525390625,559.7703857421875,288.54266357421875,622.8221435546875,-1,-1,-1,-1
144,1,723.6456909179688,580.5804443359375,260.39947509765625,616.035400390625,-1,-1,-1,-1
145,1,726.4243774414062,596.9801025390625,244.33184814453125,621.978515625,-1,-1,-1,-1
146,1,724.0745849609375,594.3795776367188,236.84423828125,631.1522827148438,-1,-1,-1,-1
147,1,723.3773803710938,591.8388671875,229.4617919921875,641.3770751953125,-1,-1,-1,-1
148,1,726.5608520507812,597.2213134765625,225.16070556640625,654.6981201171875,-1,-1,-1,-1
149,1,721.47021484375,602.3161010742188,220.5560302734375,668.9512329101562,-1,-1,-1,-1
150,1,720.947265625,623.5186767578125,219.52667236328125,673.43603515625,-1,-1,-1,-1
151,1,724.9368896484375,636.9877319335938,223.82586669921875,674.4006958007812,-1,-1,-1,-1
152,1,719.3697509765625,633.0694580078125,234.6009521484375,681.1412353515625,-1,-1,-1,-1
153,1,698.7909545898438,616.0695190429688,253.1187744140625,699.6856079101562,-1,-1,-1,-1
154,1,671.6917114257812,604.0684814453125,274.5078125,689.31884765625,-1,-1,-1,-1
155,1,667.2869262695312,595.3452758789062,276.1435546875,661.1530151367188,-1,-1,-1,-1
156,1,693.8978881835938,595.6624755859375,250.50677490234375,483.44091796875,-1,-1,-1,-1
157,1,709.1948852539062,599.6231079101562,229.2298583984375,559.1204223632812,-1,-1,-1,-1
158,1,729.6964721679688,605.15869140625,192.63946533203125,518.735595703125,-1,-1,-1,-1
159,1,734.3858642578125,601.479248046875,184.94903564453125,503.3087158203125,-1,-1,-1,-1
160,1,734.2305908203125,590.9663696289062,197.1519775390625,492.00506591796875,-1,-1,-1,-1
161,1,732.1577758789062,575.7179565429688,191.9490966796875,484.08099365234375,-1,-1,-1,-1
162,1,727.884033203125,566.8560791015625,118.559326171875,477.890380859375,-1,-1,-1,-1
163,1,726.0435791015625,561.3819580078125,147.541748046875,466.0994873046875,-1,-1,-1,-1
164,1,724.79248046875,562.9766845703125,131.7615966796875,450.6920166015625,-1,-1,-1,-1
165,1,728.0891723632812,568.9149169921875,120.98370361328125,424.5374755859375,-1,-1,-1,-1
166,1,731.920654296875,572.5159301757812,111.40203857421875,399.8157958984375,-1,-1,-1,-1
167,1,738.8820190429688,566.4946899414062,107.53265380859375,397.43572998046875,-1,-1,-1,-1
168,1,736.9866943359375,557.3447875976562,110.9073486328125,408.80450439453125,-1,-1,-1,-1
169,1,736.2918090820312,552.6085815429688,112.20733642578125,411.6868896484375,-1,-1,-1,-1
170,1,737.398193359375,553.001708984375,114.37066650390625,404.43011474609375,-1,-1,-1,-1
171,1,735.4942016601562,552.2286987304688,120.7740478515625,392.6279296875,-1,-1,-1,-1
172,1,734.2973022460938,551.6263427734375,130.78558349609375,384.13275146484375,-1,-1,-1,-1
173,1,735.6369018554688,559.8621826171875,132.103515625,375.84356689453125,-1,-1,-1,-1
174,1,737.536376953125,569.3272705078125,140.56536865234375,374.30810546875,-1,-1,-1,-1
175,1,739.6038818359375,579.20263671875,146.02252197265625,381.23699951171875,-1,-1,-1,-1
176,1,740.4498901367188,575.2283935546875,148.88653564453125,392.07763671875,-1,-1,-1,-1
177,1,740.2940673828125,563.4469604492188,152.88140869140625,422.6951904296875,-1,-1,-1,-1
178,1,742.71923828125,560.5357666015625,157.86669921875,473.7210693359375,-1,-1,-1,-1
179,1,746.40869140625,559.5077514648438,167.19927978515625,522.6080932617188,-1,-1,-1,-1
180,1,749.388427734375,568.2640380859375,182.02410888671875,558.0701904296875,-1,-1,-1,-1
181,1,747.7738037109375,577.3877563476562,194.2435302734375,559.7236938476562,-1,-1,-1,-1
182,1,745.387939453125,569.5170288085938,200.4747314453125,559.4282836914062,-1,-1,-1,-1
183,1,736.47802734375,546.4822387695312,208.07647705078125,574.2338256835938,-1,-1,-1,-1
184,1,731.4602661132812,512.9281005859375,206.97039794921875,607.39208984375,-1,-1,-1,-1
185,1,731.4506225585938,479.1719970703125,213.83465576171875,644.8162841796875,-1,-1,-1,-1
186,1,730.392333984375,472.6673889160156,213.85009765625,672.1856689453125,-1,-1,-1,-1
187,1,723.105712890625,444.82891845703125,219.9141845703125,656.9016723632812,-1,-1,-1,-1
188,1,715.1205444335938,452.53466796875,223.9549560546875,611.62939453125,-1,-1,-1,-1
189,1,718.6727905273438,483.0195007324219,225.50738525390625,573.0640869140625,-1,-1,-1,-1
190,1,734.6619262695312,512.6816101074219,228.45526123046875,538.057861328125,-1,-1,-1,-1
191,1,747.2756958007812,526.8450927734375,228.29461669921875,512.552490234375,-1,-1,-1,-1
192,1,758.2434692382812,551.4873657226562,219.24517822265625,500.37310791015625,-1,-1,-1,-1
193,1,763.208740234375,564.0726318359375,207.1680908203125,499.8052978515625,-1,-1,-1,-1
194,1,768.5775756835938,566.7857055664062,188.33648681640625,491.33685302734375,-1,-1,-1,-1
195,1,770.1401977539062,574.2565307617188,168.843505859375,470.27142333984375,-1,-1,-1,-1
196,1,772.0523681640625,586.3076171875,162.9459228515625,449.2802734375,-1,-1,-1,-1
197,1,773.7030029296875,604.1533203125,155.66619873046875,429.2547607421875,-1,-1,-1,-1
198,1,773.2764892578125,612.4453125,146.51568603515625,408.9976806640625,-1,-1,-1,-1
199,1,775.1017456054688,600.8585815429688,147.93280029296875,386.5733642578125,-1,-1,-1,-1
200,1,775.466796875,596.1529541015625,150.6494140625,366.9622802734375,-1,-1,-1,-1
201,1,774.1907958984375,593.8047485351562,146.8587646484375,355.12310791015625,-1,-1,-1,-1
202,1,770.4124755859375,582.7955932617188,147.34063720703125,351.84759521484375,-1,-1,-1,-1
203,1,766.6214599609375,567.897705078125,145.71270751953125,362.96337890625,-1,-1,-1,-1
204,1,763.924560546875,562.325927734375,145.07745361328125,391.55157470703125,-1,-1,-1,-1
205,1,762.0042724609375,562.3384399414062,151.39447021484375,422.3568115234375,-1,-1,-1,-1
206,1,760.963134765625,562.0968627929688,160.3375244140625,456.92626953125,-1,-1,-1,-1
207,1,759.5494995117188,563.4600830078125,180.4871826171875,480.068359375,-1,-1,-1,-1
208,1,764.1903076171875,577.0377807617188,193.20947265625,485.24908447265625,-1,-1,-1,-1
209,1,766.013671875,585.4849243164062,209.80718994140625,501.21539306640625,-1,-1,-1,-1
210,1,762.8930053710938,589.0145263671875,226.90283203125,528.2928466796875,-1,-1,-1,-1
211,1,755.63671875,584.8543701171875,231.669677734375,568.068603515625,-1,-1,-1,-1
212,1,748.863525390625,571.1318359375,230.5238037109375,610.189453125,-1,-1,-1,-1
213,1,750.7686157226562,552.5350952148438,229.62799072265625,644.1063842773438,-1,-1,-1,-1
214,1,755.1646118164062,534.8558349609375,229.36395263671875,672.6607666015625,-1,-1,-1,-1
215,1,769.4688110351562,518.9119262695312,222.721435546875,688.5418090820312,-1,-1,-1,-1
216,1,726.8450927734375,500.0437316894531,273.84466552734375,690.8406982421875,-1,-1,-1,-1
217,1,674.4743041992188,497.1571350097656,357.63983154296875,689.6417236328125,-1,-1,-1,-1
218,1,678.704833984375,481.5960388183594,433.345458984375,705.0335693359375,-1,-1,-1,-1
219,1,699.3157958984375,466.41290283203125,506.3760986328125,744.4708862304688,-1,-1,-1,-1
220,1,706.7288208007812,448.1640625,498.29241943359375,712.8370361328125,-1,-1,-1,-1
221,1,733.9935302734375,438.4119873046875,503.4202880859375,821.4666748046875,-1,-1,-1,-1
222,1,719.5452880859375,478.6840515136719,510.489013671875,758.4871826171875,-1,-1,-1,-1
223,1,723.7952880859375,538.1342163085938,489.3092041015625,706.5653686523438,-1,-1,-1,-1
224,1,682.1265258789062,556.4132080078125,503.26873779296875,695.9874267578125,-1,-1,-1,-1
225,1,698.1998901367188,528.5280151367188,448.06610107421875,688.5955200195312,-1,-1,-1,-1
226,1,776.2748413085938,509.67156982421875,301.84539794921875,689.4387817382812,-1,-1,-1,-1
227,1,777.66796875,518.2378540039062,276.97900390625,670.4829711914062,-1,-1,-1,-1
228,1,761.7384643554688,523.2719116210938,271.42999267578125,646.3151245117188,-1,-1,-1,-1
229,1,743.3603515625,517.7276000976562,305.0322265625,634.0762329101562,-1,-1,-1,-1
230,1,733.1566162109375,522.6774291992188,295.2332763671875,604.3989868164062,-1,-1,-1,-1
231,1,724.4661865234375,540.8732299804688,251.3533935546875,565.7623901367188,-1,-1,-1,-1
232,1,717.4857177734375,552.986572265625,242.74267578125,547.32275390625,-1,-1,-1,-1
233,1,715.22705078125,541.76806640625,228.87872314453125,528.577392578125,-1,-1,-1,-1
234,1,705.30419921875,530.2975463867188,222.1278076171875,516.7994995117188,-1,-1,-1,-1
235,1,704.9071655273438,522.6832275390625,216.135498046875,508.410400390625,-1,-1,-1,-1
236,1,709.9913330078125,529.1944580078125,234.22833251953125,506.9737548828125,-1,-1,-1,-1
237,1,712.15087890625,528.2282104492188,225.66156005859375,506.68218994140625,-1,-1,-1,-1
238,1,723.218505859375,539.3760375976562,203.27020263671875,509.67193603515625,-1,-1,-1,-1
239,1,736.939453125,540.991455078125,179.62896728515625,516.9798583984375,-1,-1,-1,-1
240,1,727.8737182617188,545.9971923828125,174.23828125,515.130615234375,-1,-1,-1,-1
241,1,719.3598022460938,564.0210571289062,167.14923095703125,505.02923583984375,-1,-1,-1,-1
242,1,707.8605346679688,569.476806640625,174.79937744140625,497.173583984375,-1,-1,-1,-1
243,1,699.1905517578125,571.1640625,220.19451904296875,486.48779296875,-1,-1,-1,-1
244,1,692.67578125,581.3436279296875,264.05316162109375,470.060791015625,-1,-1,-1,-1
245,1,691.0888061523438,580.1142578125,295.72198486328125,458.519287109375,-1,-1,-1,-1
246,1,701.0872802734375,538.2343139648438,296.18060302734375,463.3284912109375,-1,-1,-1,-1
247,1,695.4678955078125,548.8649291992188,300.80859375,469.71087646484375,-1,-1,-1,-1
248,1,682.8146362304688,560.5101928710938,302.5157470703125,468.28448486328125,-1,-1,-1,-1
249,1,685.4759521484375,570.8383178710938,290.34967041015625,459.99029541015625,-1,-1,-1,-1
250,1,699.3516235351562,572.688720703125,269.81280517578125,441.09735107421875,-1,-1,-1,-1
251,1,678.5184326171875,576.7431640625,266.09600830078125,419.685791015625,-1,-1,-1,-1
252,1,647.9398193359375,583.703857421875,265.512451171875,416.693603515625,-1,-1,-1,-1
253,1,635.8518676757812,573.2567138671875,248.48150634765625,412.73297119140625,-1,-1,-1,-1
254,1,648.4949951171875,532.2675170898438,217.02642822265625,420.40765380859375,-1,-1,-1,-1
255,1,665.7127075195312,503.37506103515625,190.89990234375,430.42547607421875,-1,-1,-1,-1
256,1,676.20166015625,491.6121520996094,172.427001953125,441.5572814941406,-1,-1,-1,-1
257,1,674.5216674804688,493.997802734375,170.4088134765625,444.194580078125,-1,-1,-1,-1
258,1,674.5101318359375,504.71978759765625,175.80572509765625,441.63165283203125,-1,-1,-1,-1
259,1,676.114501953125,519.8809814453125,184.280029296875,437.124755859375,-1,-1,-1,-1
260,1,679.1773681640625,533.6234130859375,188.24859619140625,432.205322265625,-1,-1,-1,-1
261,1,684.9609375,558.702392578125,186.03436279296875,424.50640869140625,-1,-1,-1,-1
262,1,689.751953125,585.3258056640625,190.070068359375,423.86187744140625,-1,-1,-1,-1
263,1,692.0064086914062,588.8111572265625,191.8765869140625,433.72955322265625,-1,-1,-1,-1
264,1,692.250732421875,562.5946044921875,194.679443359375,455.14373779296875,-1,-1,-1,-1
265,1,688.893310546875,533.0169677734375,204.12841796875,500.4296875,-1,-1,-1,-1
266,1,682.60888671875,509.0904541015625,211.156494140625,546.1060791015625,-1,-1,-1,-1
267,1,674.5718994140625,500.1348876953125,218.04156494140625,595.2034912109375,-1,-1,-1,-1
268,1,665.6988525390625,501.1920471191406,231.37786865234375,625.15234375,-1,-1,-1,-1
269,1,648.1256103515625,514.1907958984375,264.96636962890625,620.9798583984375,-1,-1,-1,-1
270,1,634.4967651367188,524.133056640625,290.42572021484375,611.4739990234375,-1,-1,-1,-1
271,1,630.2235717773438,519.74267578125,295.4744873046875,615.7923583984375,-1,-1,-1,-1
272,1,629.3272705078125,508.3922424316406,300.5177001953125,630.738525390625,-1,-1,-1,-1
273,1,624.0836181640625,497.7792053222656,286.8656005859375,643.4693603515625,-1,-1,-1,-1
274,1,620.6686401367188,496.64361572265625,246.52423095703125,639.5579223632812,-1,-1,-1,-1
275,1,630.7439575195312,500.9229431152344,205.4193115234375,618.9041748046875,-1,-1,-1,-1
276,1,643.8509521484375,508.1287841796875,199.0706787109375,589.9652099609375,-1,-1,-1,-1
277,1,657.88037109375,520.0084228515625,191.0810546875,550.4256591796875,-1,-1,-1,-1
278,1,670.11572265625,527.3599853515625,189.8394775390625,522.81689453125,-1,-1,-1,-1
279,1,679.83544921875,528.7764282226562,184.4931640625,505.69000244140625,-1,-1,-1,-1
280,1,685.73583984375,528.4066772460938,178.82513427734375,512.7590942382812,-1,-1,-1,-1
281,1,681.593017578125,523.38427734375,177.13043212890625,529.5618896484375,-1,-1,-1,-1
282,1,665.2324829101562,521.4636840820312,187.034423828125,556.6864624023438,-1,-1,-1,-1
283,1,643.580810546875,518.998046875,220.0341796875,575.543212890625,-1,-1,-1,-1
284,1,617.7396850585938,522.4501953125,275.36029052734375,588.063232421875,-1,-1,-1,-1
285,1,594.10107421875,529.9984741210938,325.51446533203125,594.8261108398438,-1,-1,-1,-1
286,1,576.0883178710938,534.066650390625,362.99639892578125,597.813232421875,-1,-1,-1,-1
287,1,577.366943359375,528.654541015625,365.73065185546875,614.185302734375,-1,-1,-1,-1
288,1,603.2359008789062,513.5912475585938,330.71063232421875,626.0966186523438,-1,-1,-1,-1
289,1,633.6578979492188,493.3355712890625,266.8748779296875,634.7066650390625,-1,-1,-1,-1
290,1,635.6550903320312,497.380615234375,265.96368408203125,637.494140625,-1,-1,-1,-1
291,1,634.0110473632812,525.9237060546875,299.693603515625,634.421142578125,-1,-1,-1,-1
292,1,635.6361694335938,554.560302734375,310.65045166015625,659.8546142578125,-1,-1,-1,-1
293,1,625.9906005859375,576.7501220703125,375.92169189453125,695.7108154296875,-1,-1,-1,-1
294,1,614.52587890625,576.9237670898438,413.9141845703125,728.7650756835938,-1,-1,-1,-1
295,1,599.0731201171875,547.6151733398438,406.2158203125,741.7670288085938,-1,-1,-1,-1
296,1,612.4210815429688,558.6914672851562,361.50592041015625,741.3600463867188,-1,-1,-1,-1
297,1,656.8861083984375,586.9281005859375,266.29791259765625,657.4788818359375,-1,-1,-1,-1
298,1,697.66357421875,613.4253540039062,247.44964599609375,638.8735961914062,-1,-1,-1,-1
299,1,723.5687255859375,658.5283813476562,342.3043212890625,644.8002319335938,-1,-1,-1,-1
300,1,733.920654296875,654.3546142578125,490.7049560546875,556.8056640625,-1,-1,-1,-1
301,1,742.7542724609375,666.0567016601562,491.5733642578125,528.8478393554688,-1,-1,-1,-1
302,1,740.8527221679688,672.4829711914062,488.63604736328125,606.8980102539062,-1,-1,-1,-1
303,1,754.9982299804688,631.9041748046875,379.57806396484375,602.595947265625,-1,-1,-1,-1
304,1,766.39794921875,623.608642578125,308.201416015625,610.46728515625,-1,-1,-1,-1
305,1,762.275634765625,613.7291870117188,249.87249755859375,613.3524780273438,-1,-1,-1,-1
306,1,755.0509643554688,576.2966918945312,215.9154052734375,613.1250610351562,-1,-1,-1,-1
307,1,753.4463500976562,554.6861572265625,214.492919921875,632.6055908203125,-1,-1,-1,-1
308,1,745.7669677734375,520.6975708007812,204.15570068359375,652.9625854492188,-1,-1,-1,-1
309,1,743.3677978515625,487.1878356933594,192.29486083984375,671.964599609375,-1,-1,-1,-1
310,1,738.7957763671875,467.8279724121094,183.76806640625,679.2183837890625,-1,-1,-1,-1
311,1,733.1505737304688,454.50750732421875,175.94293212890625,632.8671264648438,-1,-1,-1,-1
312,1,718.48583984375,442.1351318359375,177.822265625,565.9855346679688,-1,-1,-1,-1
313,1,713.0987548828125,442.6186218261719,176.78515625,530.7169189453125,-1,-1,-1,-1
314,1,714.1048583984375,451.978271484375,175.2763671875,523.8907470703125,-1,-1,-1,-1
315,1,714.90625,457.9041748046875,174.3399658203125,521.8623046875,-1,-1,-1,-1
316,1,705.0846557617188,456.33099365234375,172.8651123046875,531.1314086914062,-1,-1,-1,-1
317,1,693.9969482421875,451.0098876953125,171.89630126953125,523.6144409179688,-1,-1,-1,-1
318,1,686.4420166015625,439.5183410644531,173.35272216796875,505.1396789550781,-1,-1,-1,-1
319,1,684.1204833984375,436.6591491699219,176.1422119140625,485.5959167480469,-1,-1,-1,-1
320,1,679.62451171875,447.88641357421875,177.34490966796875,474.54632568359375,-1,-1,-1,-1
321,1,679.9983520507812,470.0196533203125,178.99383544921875,468.6610107421875,-1,-1,-1,-1
322,1,681.8054809570312,490.7297058105469,183.4312744140625,469.6363220214844,-1,-1,-1,-1
323,1,681.1858520507812,521.034912109375,194.0491943359375,466.428955078125,-1,-1,-1,-1
324,1,685.2877197265625,549.640380859375,199.601318359375,471.3131103515625,-1,-1,-1,-1
325,1,691.2117919921875,570.6830444335938,197.84332275390625,479.29986572265625,-1,-1,-1,-1
326,1,694.5323486328125,584.3011474609375,195.30267333984375,485.3846435546875,-1,-1,-1,-1
327,1,696.4114379882812,590.774658203125,192.30413818359375,479.3529052734375,-1,-1,-1,-1
328,1,699.1774291992188,593.8046875,189.70159912109375,459.365478515625,-1,-1,-1,-1
329,1,701.48828125,596.2924194335938,187.2232666015625,447.81597900390625,-1,-1,-1,-1
330,1,698.3588256835938,594.9490356445312,186.51556396484375,439.01849365234375,-1,-1,-1,-1
331,1,698.5087890625,582.5775756835938,185.025390625,434.033203125,-1,-1,-1,-1
332,1,698.6312255859375,565.3421020507812,180.3900146484375,429.310546875,-1,-1,-1,-1
333,1,699.1790771484375,549.191650390625,175.4212646484375,429.2288818359375,-1,-1,-1,-1
334,1,697.1151733398438,532.3220825195312,169.22161865234375,430.3919677734375,-1,-1,-1,-1
335,1,696.2080078125,521.5986938476562,165.4332275390625,426.94451904296875,-1,-1,-1,-1
336,1,694.3443603515625,515.67919921875,162.3629150390625,421.69696044921875,-1,-1,-1,-1
337,1,693.1312255859375,525.1576538085938,162.52392578125,420.742431640625,-1,-1,-1,-1
338,1,693.1390991210938,552.67236328125,168.1600341796875,416.8460693359375,-1,-1,-1,-1
339,1,700.9346923828125,582.0546264648438,175.35137939453125,413.7388916015625,-1,-1,-1,-1
340,1,706.9981079101562,593.7999267578125,179.5968017578125,409.39898681640625,-1,-1,-1,-1
341,1,710.5953979492188,610.0059814453125,181.96710205078125,412.01690673828125,-1,-1,-1,-1
342,1,713.9447021484375,602.1668090820312,176.7017822265625,421.8453369140625,-1,-1,-1,-1
343,1,711.6133422851562,581.1362915039062,171.91607666015625,443.07525634765625,-1,-1,-1,-1
344,1,702.7910766601562,565.6180419921875,166.686279296875,470.753662109375,-1,-1,-1,-1
345,1,697.6670532226562,553.6029663085938,175.031494140625,504.83026123046875,-1,-1,-1,-1
346,1,701.3924560546875,549.7522583007812,180.1063232421875,517.0277709960938,-1,-1,-1,-1
347,1,705.75634765625,557.69580078125,186.3980712890625,516.393798828125,-1,-1,-1,-1
348,1,709.990478515625,574.3541259765625,193.3607177734375,514.2247314453125,-1,-1,-1,-1
349,1,717.5579833984375,552.3991088867188,199.4364013671875,516.3104858398438,-1,-1,-1,-1
350,1,724.163330078125,539.2734985351562,191.3372802734375,522.0845336914062,-1,-1,-1,-1
351,1,730.0133666992188,542.3397827148438,182.2144775390625,496.34344482421875,-1,-1,-1,-1
352,1,722.5897216796875,555.7340698242188,176.42462158203125,430.67230224609375,-1,-1,-1,-1
353,1,716.3602905273438,563.6321411132812,169.3310546875,420.89569091796875,-1,-1,-1,-1
354,1,715.9649047851562,567.4476928710938,163.53082275390625,418.49365234375,-1,-1,-1,-1
355,1,718.2630615234375,571.5100708007812,168.43780517578125,395.75653076171875,-1,-1,-1,-1
356,1,718.95751953125,577.3973388671875,177.0030517578125,373.8353271484375,-1,-1,-1,-1
357,1,722.4614868164062,578.4595336914062,179.2008056640625,363.2816162109375,-1,-1,-1,-1
358,1,721.7007446289062,564.7189331054688,180.21759033203125,373.56915283203125,-1,-1,-1,-1
359,1,718.61865234375,541.2937622070312,178.4591064453125,475.3634033203125,-1,-1,-1,-1
360,1,711.3768310546875,526.7723999023438,168.107177734375,477.68115234375,-1,-1,-1,-1
361,1,703.96240234375,523.7091674804688,165.0130615234375,473.97918701171875,-1,-1,-1,-1
362,1,702.8863525390625,520.3218383789062,170.04638671875,469.072509765625,-1,-1,-1,-1
363,1,706.2808227539062,515.9556884765625,175.1956787109375,462.5950927734375,-1,-1,-1,-1
364,1,706.7470092773438,522.232421875,183.28741455078125,457.28955078125,-1,-1,-1,-1
365,1,703.8718872070312,500.80023193359375,189.88238525390625,456.60906982421875,-1,-1,-1,-1
366,1,703.3626708984375,492.9939880371094,191.05242919921875,455.7881774902344,-1,-1,-1,-1
367,1,704.5208129882812,482.7333984375,188.6038818359375,468.9949951171875,-1,-1,-1,-1
368,1,712.9974975585938,476.6446228027344,180.8507080078125,495.5807189941406,-1,-1,-1,-1
369,1,714.5672607421875,479.99505615234375,184.208984375,521.8576049804688,-1,-1,-1,-1
370,1,715.322998046875,483.4132080078125,181.39404296875,539.7357788085938,-1,-1,-1,-1
371,1,713.692138671875,500.9814453125,179.69775390625,550.6190185546875,-1,-1,-1,-1
372,1,712.0403442382812,527.5081176757812,183.52532958984375,550.7809448242188,-1,-1,-1,-1
373,1,708.6178588867188,533.6670532226562,186.52996826171875,535.9548950195312,-1,-1,-1,-1
374,1,704.9141845703125,538.1026000976562,184.68194580078125,523.8422241210938,-1,-1,-1,-1
375,1,702.6985473632812,540.5176391601562,184.7548828125,520.2108764648438,-1,-1,-1,-1
376,1,701.6561279296875,533.9400024414062,184.2396240234375,532.7588500976562,-1,-1,-1,-1
377,1,698.384521484375,533.658935546875,191.7266845703125,551.299072265625,-1,-1,-1,-1
378,1,695.8707275390625,542.7410888671875,204.51849365234375,535.4393310546875,-1,-1,-1,-1
379,1,695.535888671875,546.4264526367188,222.183837890625,518.6054077148438,-1,-1,-1,-1
380,1,697.389892578125,548.000732421875,234.098388671875,506.449951171875,-1,-1,-1,-1
381,1,703.1895141601562,539.7396850585938,247.22808837890625,505.21478271484375,-1,-1,-1,-1
382,1,716.8654174804688,525.6900024414062,252.31781005859375,526.9777221679688,-1,-1,-1,-1
383,1,725.3333740234375,513.5407104492188,256.28302001953125,537.3616333007812,-1,-1,-1,-1
384,1,719.8291625976562,510.622314453125,275.69854736328125,510.15234375,-1,-1,-1,-1
385,1,726.3684692382812,517.9113159179688,269.5765380859375,480.41778564453125,-1,-1,-1,-1
386,1,724.5130004882812,523.60791015625,244.42926025390625,433.9476318359375,-1,-1,-1,-1
387,1,718.6622314453125,533.311767578125,228.79193115234375,408.26861572265625,-1,-1,-1,-1
388,1,717.2312622070312,541.3993530273438,221.36669921875,409.70513916015625,-1,-1,-1,-1
389,1,715.3604736328125,537.3310546875,222.03564453125,419.40887451171875,-1,-1,-1,-1
390,1,707.8284912109375,527.2960205078125,222.89093017578125,422.010986328125,-1,-1,-1,-1
391,1,697.5777587890625,516.004150390625,222.5679931640625,419.73681640625,-1,-1,-1,-1
392,1,692.1707153320312,507.2242431640625,209.75140380859375,417.434814453125,-1,-1,-1,-1
393,1,690.8362426757812,504.40093994140625,191.43634033203125,419.05145263671875,-1,-1,-1,-1
394,1,679.6270141601562,514.1763305664062,171.12469482421875,431.68243408203125,-1,-1,-1,-1
395,1,673.8517456054688,528.0873413085938,152.3990478515625,448.0218505859375,-1,-1,-1,-1
396,1,677.5160522460938,544.0286865234375,150.53338623046875,459.26904296875,-1,-1,-1,-1
397,1,688.3084106445312,564.440185546875,152.57275390625,444.64276123046875,-1,-1,-1,-1
398,1,692.0914306640625,571.7034912109375,159.312744140625,451.32623291015625,-1,-1,-1,-1
399,1,677.8670043945312,566.0931396484375,172.2864990234375,469.487548828125,-1,-1,-1,-1
400,1,653.0303955078125,555.6903076171875,201.2509765625,479.965576171875,-1,-1,-1,-1
401,1,644.4948120117188,560.8092651367188,227.9552001953125,495.13897705078125,-1,-1,-1,-1
402,1,643.4712524414062,569.6009521484375,249.09521484375,507.062744140625,-1,-1,-1,-1
403,1,636.2431030273438,588.64794921875,269.85931396484375,470.6136474609375,-1,-1,-1,-1
404,1,625.9610595703125,595.2156982421875,290.4273681640625,541.9747314453125,-1,-1,-1,-1
405,1,627.813232421875,601.6232299804688,293.934814453125,522.4733276367188,-1,-1,-1,-1
406,1,633.677978515625,612.1390991210938,287.78033447265625,511.34515380859375,-1,-1,-1,-1
407,1,636.2158203125,619.4173583984375,289.9727783203125,517.4473876953125,-1,-1,-1,-1
408,1,639.0361938476562,601.5928344726562,300.65008544921875,535.0722045898438,-1,-1,-1,-1
409,1,639.46923828125,579.7103271484375,318.19427490234375,571.1317138671875,-1,-1,-1,-1
410,1,638.166748046875,567.4711303710938,328.50006103515625,607.3434448242188,-1,-1,-1,-1
411,1,638.9945068359375,547.2615356445312,319.52484130859375,609.7592163085938,-1,-1,-1,-1
412,1,670.3048706054688,545.2124633789062,289.78125,603.4946899414062,-1,-1,-1,-1
413,1,695.2442016601562,562.273681640625,275.08978271484375,583.4825439453125,-1,-1,-1,-1
414,1,691.7255859375,579.3206176757812,283.88946533203125,568.6356811523438,-1,-1,-1,-1
415,1,683.98046875,593.7526245117188,284.3646240234375,559.5758666992188,-1,-1,-1,-1
416,1,664.8079223632812,599.3560180664062,291.41571044921875,564.1976928710938,-1,-1,-1,-1
417,1,650.8245239257812,593.0100708007812,288.47467041015625,579.7007446289062,-1,-1,-1,-1
418,1,664.3832397460938,578.42236328125,259.347412109375,588.54833984375,-1,-1,-1,-1
419,1,673.5419921875,560.8770751953125,237.313232421875,581.2052001953125,-1,-1,-1,-1
420,1,677.0125732421875,547.1287841796875,222.46246337890625,560.3480224609375,-1,-1,-1,-1
421,1,685.5698852539062,545.1309814453125,213.99395751953125,544.8096923828125,-1,-1,-1,-1
422,1,691.533935546875,551.2554931640625,221.80279541015625,525.4251708984375,-1,-1,-1,-1
423,1,695.2673950195312,562.3994140625,230.81805419921875,505.138671875,-1,-1,-1,-1
424,1,697.461669921875,580.6244506835938,231.143798828125,484.94024658203125,-1,-1,-1,-1
425,1,700.77392578125,603.8631591796875,223.6649169921875,466.7784423828125,-1,-1,-1,-1
426,1,702.7603149414062,623.6742553710938,217.93951416015625,453.62628173828125,-1,-1,-1,-1
427,1,700.1881103515625,627.0845947265625,216.07366943359375,458.765869140625,-1,-1,-1,-1
428,1,686.25244140625,608.3597412109375,228.03192138671875,487.31982421875,-1,-1,-1,-1
429,1,672.4208374023438,577.701416015625,242.80767822265625,518.0328369140625,-1,-1,-1,-1
430,1,657.9576416015625,540.9332885742188,262.88458251953125,539.1787719726562,-1,-1,-1,-1
431,1,651.6992797851562,522.904541015625,261.59088134765625,569.7557373046875,-1,-1,-1,-1
432,1,643.8436279296875,490.32501220703125,236.664306640625,585.3175659179688,-1,-1,-1,-1
433,1,639.5390625,490.3401184082031,247.70172119140625,603.6759033203125,-1,-1,-1,-1
434,1,621.1347045898438,490.08489990234375,286.67523193359375,618.9177856445312,-1,-1,-1,-1
435,1,581.9390258789062,497.78826904296875,355.69842529296875,636.5686645507812,-1,-1,-1,-1
436,1,570.5035400390625,500.8350830078125,385.7386474609375,648.4017333984375,-1,-1,-1,-1
437,1,589.4395141601562,504.3133544921875,384.910400390625,629.9443359375,-1,-1,-1,-1
438,1,604.5972900390625,520.4190673828125,361.30224609375,610.936767578125,-1,-1,-1,-1
439,1,599.852294921875,540.6310424804688,334.553466796875,587.3407592773438,-1,-1,-1,-1
440,1,591.32080078125,527.8344116210938,309.63848876953125,602.1849975585938,-1,-1,-1,-1
441,1,591.3960571289062,514.5202026367188,292.1416015625,614.2903442382812,-1,-1,-1,-1
442,1,598.9500732421875,508.200927734375,269.8621826171875,625.961669921875,-1,-1,-1,-1
443,1,604.1148071289062,501.8588562011719,257.3837890625,628.530029296875,-1,-1,-1,-1
444,1,605.2918701171875,508.0576171875,262.6278076171875,618.686279296875,-1,-1,-1,-1
445,1,603.161376953125,535.1239013671875,276.2667236328125,598.375244140625,-1,-1,-1,-1
446,1,603.0736083984375,553.8221435546875,287.9677734375,578.4725341796875,-1,-1,-1,-1
447,1,605.36376953125,578.76904296875,289.027099609375,558.01904296875,-1,-1,-1,-1
448,1,606.56689453125,598.9920654296875,288.49700927734375,548.9107666015625,-1,-1,-1,-1
449,1,610.4354858398438,602.3609008789062,283.48797607421875,543.3002319335938,-1,-1,-1,-1
450,1,609.5210571289062,585.2250366210938,277.7547607421875,551.3541870117188,-1,-1,-1,-1
451,1,604.1466064453125,571.66162109375,270.0135498046875,556.26025390625,-1,-1,-1,-1
452,1,603.4706420898438,566.7473754882812,268.49591064453125,561.3461303710938,-1,-1,-1,-1
453,1,623.3093872070312,568.6444091796875,254.00054931640625,557.488037109375,-1,-1,-1,-1
454,1,643.976318359375,564.0534057617188,260.17071533203125,541.9280395507812,-1,-1,-1,-1
455,1,653.6602172851562,581.621337890625,278.77972412109375,525.098876953125,-1,-1,-1,-1
456,1,662.1896362304688,598.2569580078125,272.46014404296875,514.8636474609375,-1,-1,-1,-1
457,1,655.9464111328125,605.2841796875,261.19708251953125,504.68994140625,-1,-1,-1,-1
458,1,642.0078735351562,607.7988891601562,264.03656005859375,512.4461059570312,-1,-1,-1,-1
459,1,634.1023559570312,598.2674560546875,258.23681640625,528.465087890625,-1,-1,-1,-1
460,1,661.7421264648438,583.82177734375,226.6673583984375,548.784423828125,-1,-1,-1,-1
461,1,681.4187622070312,569.2528076171875,199.8829345703125,559.4808349609375,-1,-1,-1,-1
462,1,679.6983032226562,563.2857055664062,198.89410400390625,565.1808471679688,-1,-1,-1,-1
463,1,671.7471923828125,572.0989990234375,208.55224609375,572.9501953125,-1,-1,-1,-1
464,1,664.59814453125,587.7794189453125,236.5498046875,579.6490478515625,-1,-1,-1,-1
465,1,659.2223510742188,596.607177734375,272.0048828125,578.6710205078125,-1,-1,-1,-1
466,1,660.4541015625,609.1190795898438,300.68536376953125,568.5901489257812,-1,-1,-1,-1
467,1,657.4072265625,622.2724609375,296.4683837890625,557.20361328125,-1,-1,-1,-1
468,1,653.2083740234375,629.6417846679688,289.5435791015625,555.3392944335938,-1,-1,-1,-1
469,1,646.3677368164062,621.6455078125,286.97747802734375,570.4267578125,-1,-1,-1,-1
470,1,644.2009887695312,604.2542114257812,284.570068359375,594.6765747070312,-1,-1,-1,-1
471,1,648.0437622070312,569.8508911132812,283.89794921875,623.5145874023438,-1,-1,-1,-1
472,1,647.21826171875,537.2450561523438,290.09307861328125,636.3644409179688,-1,-1,-1,-1
473,1,641.8735961914062,515.996337890625,279.6119384765625,638.45751953125,-1,-1,-1,-1
474,1,646.1452026367188,524.8961181640625,257.21380615234375,636.2637939453125,-1,-1,-1,-1
475,1,648.179443359375,545.5670776367188,253.3944091796875,625.9789428710938,-1,-1,-1,-1
476,1,644.6054077148438,545.489990234375,252.07464599609375,602.7783203125,-1,-1,-1,-1
477,1,646.4488525390625,558.9196166992188,254.12457275390625,590.3534545898438,-1,-1,-1,-1
478,1,661.5450439453125,565.0489501953125,250.47918701171875,596.8111572265625,-1,-1,-1,-1
479,1,674.44140625,553.7172241210938,249.71539306640625,616.4541625976562,-1,-1,-1,-1
480,1,674.5873413085938,537.7181396484375,250.03863525390625,635.31494140625,-1,-1,-1,-1
481,1,666.142333984375,526.0501708984375,260.9315185546875,638.0072021484375,-1,-1,-1,-1
482,1,665.4302978515625,519.6082153320312,271.49951171875,623.9066772460938,-1,-1,-1,-1
483,1,663.966552734375,530.8056030273438,275.84521484375,597.8952026367188,-1,-1,-1,-1
484,1,653.158447265625,552.0357666015625,283.259521484375,571.7938232421875,-1,-1,-1,-1
485,1,642.4979858398438,575.3225708007812,284.1552734375,547.6674194335938,-1,-1,-1,-1
486,1,639.2479248046875,589.2347412109375,286.99639892578125,534.6400146484375,-1,-1,-1,-1
487,1,636.9876708984375,584.4830322265625,286.8011474609375,540.6654052734375,-1,-1,-1,-1
488,1,634.1956787109375,563.3439331054688,281.98291015625,555.2056274414062,-1,-1,-1,-1
489,1,656.8394775390625,542.8908081054688,258.8326416015625,564.0676879882812,-1,-1,-1,-1
490,1,686.1160888671875,532.8442993164062,218.57568359375,550.5007934570312,-1,-1,-1,-1
491,1,689.1866455078125,530.6854248046875,213.186279296875,529.9288330078125,-1,-1,-1,-1
492,1,688.5661010742188,534.6856689453125,214.99566650390625,508.7525634765625,-1,-1,-1,-1
493,1,686.797119140625,545.5342407226562,215.2574462890625,483.16986083984375,-1,-1,-1,-1
494,1,686.1016235351562,559.27392578125,209.47174072265625,459.53192138671875,-1,-1,-1,-1
495,1,686.6466064453125,570.7491455078125,206.39080810546875,439.7767333984375,-1,-1,-1,-1
496,1,686.2325439453125,573.001708984375,206.150634765625,430.9627685546875,-1,-1,-1,-1
497,1,677.1331787109375,566.07275390625,204.5233154296875,435.36865234375,-1,-1,-1,-1
498,1,666.4105224609375,554.1494140625,202.72991943359375,448.85723876953125,-1,-1,-1,-1
499,1,660.784423828125,546.858154296875,209.7972412109375,463.5091552734375,-1,-1,-1,-1
500,1,638.4170532226562,543.267822265625,238.002197265625,478.25103759765625,-1,-1,-1,-1
501,1,620.1603393554688,542.707763671875,253.94866943359375,487.4951171875,-1,-1,-1,-1
502,1,620.5784912109375,549.4818115234375,231.09027099609375,494.077880859375,-1,-1,-1,-1
503,1,630.8675537109375,559.9201049804688,219.37188720703125,478.03302001953125,-1,-1,-1,-1
504,1,637.1033325195312,557.0714111328125,224.955810546875,467.43048095703125,-1,-1,-1,-1
505,1,644.2796020507812,549.15673828125,224.19830322265625,461.5450439453125,-1,-1,-1,-1
506,1,649.9716796875,533.7002563476562,221.1961669921875,468.060546875,-1,-1,-1,-1
507,1,655.995849609375,514.2011108398438,218.42596435546875,487.86517333984375,-1,-1,-1,-1
508,1,659.775146484375,497.3157043457031,215.916748046875,504.7503967285156,-1,-1,-1,-1
509,1,664.6062622070312,484.90289306640625,208.5247802734375,517.625732421875,-1,-1,-1,-1
510,1,675.0646362304688,479.944091796875,203.7874755859375,521.7066040039062,-1,-1,-1,-1
511,1,679.5128784179688,483.94390869140625,217.8115234375,516.0885620117188,-1,-1,-1,-1
512,1,681.4435424804688,497.83709716796875,240.06390380859375,510.55377197265625,-1,-1,-1,-1
513,1,686.0391845703125,516.554443359375,246.8577880859375,507.68707275390625,-1,-1,-1,-1
514,1,687.7442626953125,526.4564208984375,242.99176025390625,497.9111328125,-1,-1,-1,-1
515,1,691.3260498046875,524.5316162109375,237.3787841796875,491.44189453125,-1,-1,-1,-1
516,1,699.4962158203125,514.395751953125,229.64862060546875,492.4971923828125,-1,-1,-1,-1
517,1,703.5108032226562,503.1075134277344,218.06365966796875,498.0820617675781,-1,-1,-1,-1
518,1,703.6491088867188,496.4065246582031,220.9049072265625,502.7845153808594,-1,-1,-1,-1
519,1,703.419921875,497.0791015625,231.14227294921875,529.260009765625,-1,-1,-1,-1
520,1,700.7359619140625,502.17852783203125,248.42425537109375,573.1399536132812,-1,-1,-1,-1
521,1,700.3304443359375,514.25732421875,257.8480224609375,618.7369384765625,-1,-1,-1,-1
522,1,701.34130859375,534.8951416015625,256.49517822265625,646.7061767578125,-1,-1,-1,-1
523,1,707.2991943359375,555.2520751953125,243.51055908203125,627.595947265625,-1,-1,-1,-1
524,1,714.0050048828125,565.98046875,217.4632568359375,618.0150146484375,-1,-1,-1,-1
525,1,717.4520263671875,551.6459350585938,207.87994384765625,628.6030883789062,-1,-1,-1,-1
526,1,715.8521118164062,513.9793701171875,198.390380859375,648.3101806640625,-1,-1,-1,-1
527,1,718.4915771484375,480.2591552734375,187.2789306640625,670.106689453125,-1,-1,-1,-1
528,1,725.2310791015625,465.041015625,176.8262939453125,678.6861572265625,-1,-1,-1,-1
529,1,727.371337890625,455.50799560546875,168.6568603515625,652.7097778320312,-1,-1,-1,-1
530,1,727.566650390625,462.30126953125,169.299560546875,616.36083984375,-1,-1,-1,-1
531,1,732.7352294921875,484.61328125,169.96319580078125,568.000244140625,-1,-1,-1,-1
532,1,738.69482421875,516.9092407226562,173.21453857421875,526.9026489257812,-1,-1,-1,-1
533,1,741.4173583984375,544.3858642578125,182.0439453125,504.5572509765625,-1,-1,-1,-1
534,1,735.15771484375,549.3543090820312,190.61822509765625,496.27459716796875,-1,-1,-1,-1
535,1,734.615966796875,534.2109985351562,185.06219482421875,500.26092529296875,-1,-1,-1,-1
536,1,734.9734497070312,519.1565551757812,176.07501220703125,511.58856201171875,-1,-1,-1,-1
537,1,730.9091796875,509.2904357910156,172.718017578125,519.8787841796875,-1,-1,-1,-1
538,1,727.9782104492188,513.109619140625,171.88623046875,524.203125,-1,-1,-1,-1
539,1,730.6548461914062,509.2937927246094,168.85845947265625,540.5164794921875,-1,-1,-1,-1
540,1,737.4630737304688,505.27154541015625,168.86761474609375,561.9252319335938,-1,-1,-1,-1
541,1,753.953125,496.78173828125,173.365478515625,562.593017578125,-1,-1,-1,-1
542,1,764.2538452148438,496.5248107910156,180.2454833984375,569.1485595703125,-1,-1,-1,-1
543,1,763.4692993164062,477.708740234375,176.389892578125,587.2919921875,-1,-1,-1,-1
544,1,761.7621459960938,442.551025390625,171.33233642578125,604.9847412109375,-1,-1,-1,-1
545,1,756.0609130859375,453.5003662109375,170.36065673828125,608.8790283203125,-1,-1,-1,-1
546,1,749.8020629882812,473.3112487792969,168.9237060546875,598.0218505859375,-1,-1,-1,-1
547,1,754.499755859375,483.0618896484375,168.97406005859375,569.501708984375,-1,-1,-1,-1
548,1,759.3067016601562,502.953125,170.7421875,544.3603515625,-1,-1,-1,-1
549,1,758.4470825195312,516.1095581054688,173.41717529296875,516.9915161132812,-1,-1,-1,-1
550,1,757.5538940429688,538.8110961914062,181.65069580078125,496.14764404296875,-1,-1,-1,-1
551,1,756.070068359375,571.5668334960938,183.4659423828125,493.90191650390625,-1,-1,-1,-1
552,1,750.2805786132812,575.02587890625,177.78955078125,502.853759765625,-1,-1,-1,-1
553,1,748.5125732421875,549.3837890625,167.97454833984375,509.892822265625,-1,-1,-1,-1
554,1,747.6446533203125,535.6187133789062,168.74932861328125,508.85882568359375,-1,-1,-1,-1
555,1,745.444580078125,536.7913208007812,176.63812255859375,494.66192626953125,-1,-1,-1,-1
556,1,741.6854858398438,542.178466796875,192.8358154296875,481.81024169921875,-1,-1,-1,-1
557,1,739.1610717773438,560.3819580078125,220.84271240234375,471.2696533203125,-1,-1,-1,-1
558,1,742.7313232421875,577.2852783203125,248.448486328125,464.743408203125,-1,-1,-1,-1
559,1,739.5173950195312,588.224609375,278.09979248046875,473.4061279296875,-1,-1,-1,-1
560,1,732.8701782226562,586.790771484375,288.3377685546875,497.474609375,-1,-1,-1,-1
561,1,729.1461181640625,573.8002319335938,274.525634765625,552.0839233398438,-1,-1,-1,-1
562,1,731.04736328125,570.6752319335938,219.50164794921875,486.16937255859375,-1,-1,-1,-1
563,1,752.0128173828125,555.1303100585938,221.74658203125,529.0321655273438,-1,-1,-1,-1
564,1,756.7119140625,500.5323486328125,262.23101806640625,696.678466796875,-1,-1,-1,-1
565,1,776.4608764648438,415.3375549316406,309.23602294921875,765.38525390625,-1,-1,-1,-1
566,1,770.4256591796875,353.9292297363281,362.1939697265625,825.3831787109375,-1,-1,-1,-1
567,1,766.7741088867188,318.6260070800781,391.16925048828125,828.07763671875,-1,-1,-1,-1
568,1,768.8544311523438,374.45989990234375,357.45281982421875,794.9934692382812,-1,-1,-1,-1
569,1,731.130859375,403.23687744140625,373.5098876953125,804.1465454101562,-1,-1,-1,-1
570,1,689.3412475585938,431.0832824707031,375.85614013671875,788.6722412109375,-1,-1,-1,-1
571,1,650.9142456054688,473.8675231933594,394.44366455078125,744.324462890625,-1,-1,-1,-1
572,1,655.3956909179688,502.869873046875,390.25494384765625,694.4342041015625,-1,-1,-1,-1
573,1,665.6314697265625,548.0556640625,373.4132080078125,656.28466796875,-1,-1,-1,-1
574,1,705.8200073242188,624.3132934570312,335.78399658203125,595.9860229492188,-1,-1,-1,-1
575,1,714.121826171875,666.775634765625,307.15966796875,561.151123046875,-1,-1,-1,-1
576,1,716.0821533203125,679.3944091796875,187.88153076171875,526.4359130859375,-1,-1,-1,-1
577,1,714.009765625,663.21240234375,174.559814453125,504.214111328125,-1,-1,-1,-1
578,1,718.3494262695312,635.5215454101562,167.09954833984375,492.89093017578125,-1,-1,-1,-1
579,1,727.61474609375,601.365234375,171.653076171875,484.8939208984375,-1,-1,-1,-1
580,1,726.9042358398438,579.0997924804688,181.55755615234375,482.55694580078125,-1,-1,-1,-1
581,1,731.651123046875,567.737548828125,186.283935546875,482.53515625,-1,-1,-1,-1
582,1,738.2576293945312,567.5009155273438,188.27459716796875,481.45404052734375,-1,-1,-1,-1
583,1,731.32373046875,585.51953125,195.4345703125,474.0621337890625,-1,-1,-1,-1
584,1,726.5950927734375,614.569091796875,195.4241943359375,464.7811279296875,-1,-1,-1,-1
585,1,731.0625,605.8636474609375,202.94085693359375,453.4600830078125,-1,-1,-1,-1
586,1,731.447509765625,600.6166381835938,208.762451171875,431.79376220703125,-1,-1,-1,-1
587,1,724.757080078125,601.2564086914062,207.76678466796875,430.98040771484375,-1,-1,-1,-1
588,1,724.4749755859375,600.5758666992188,208.86370849609375,444.76348876953125,-1,-1,-1,-1
589,1,724.9797973632812,605.9967041015625,199.54180908203125,446.7607421875,-1,-1,-1,-1
590,1,722.37841796875,601.0795288085938,196.64312744140625,443.58538818359375,-1,-1,-1,-1
591,1,724.2070922851562,604.5075073242188,191.61676025390625,443.56976318359375,-1,-1,-1,-1
592,1,722.4261474609375,610.82958984375,184.9952392578125,444.111572265625,-1,-1,-1,-1
593,1,720.069580078125,610.5974731445312,175.33685302734375,446.06292724609375,-1,-1,-1,-1
594,1,719.3511962890625,601.1941528320312,164.13995361328125,455.46588134765625,-1,-1,-1,-1
595,1,720.5305786132812,584.900634765625,160.64166259765625,476.068359375,-1,-1,-1,-1
596,1,718.3803100585938,567.7350463867188,166.34844970703125,505.59100341796875,-1,-1,-1,-1
597,1,719.2506713867188,544.7500610351562,171.90264892578125,535.6326293945312,-1,-1,-1,-1
598,1,719.29833984375,535.21923828125,177.21099853515625,558.3489990234375,-1,-1,-1,-1
599,1,731.0936279296875,534.7113037109375,183.42010498046875,579.677490234375,-1,-1,-1,-1
600,1,766.0133056640625,528.2633056640625,202.6632080078125,598.852294921875,-1,-1,-1,-1
601,1,779.6524658203125,532.4110107421875,232.045654296875,627.4920654296875,-1,-1,-1,-1
4,2,1322.350830078125,451.3307189941406,81.3436279296875,261.9518127441406,-1,-1,-1,-1
5,2,1299.3968505859375,454.6305847167969,87.30859375,259.5337219238281,-1,-1,-1,-1
6,2,1277.156005859375,454.2517395019531,88.7618408203125,255.23184204101562,-1,-1,-1,-1
7,2,1251.2252197265625,449.1433410644531,88.7960205078125,251.34262084960938,-1,-1,-1,-1
8,2,1236.3763427734375,443.11669921875,90.5130615234375,248.9627685546875,-1,-1,-1,-1
9,2,1251.813720703125,444.8370666503906,89.30029296875,249.51351928710938,-1,-1,-1,-1
10,2,1274.21533203125,426.7205810546875,94.7882080078125,250.94281005859375,-1,-1,-1,-1
11,2,1266.355224609375,422.33929443359375,90.71337890625,246.6612548828125,-1,-1,-1,-1
12,2,1276.3428955078125,393.3294372558594,86.5213623046875,249.37265014648438,-1,-1,-1,-1
13,2,1289.23828125,355.5826416015625,81.3935546875,249.0,-1,-1,-1,-1
14,2,1311.1751708984375,339.3225402832031,83.8740234375,250.92050170898438,-1,-1,-1,-1
15,2,1310.8594970703125,304.98699951171875,88.96533203125,247.43048095703125,-1,-1,-1,-1
16,2,1313.4754638671875,295.8440856933594,86.4302978515625,247.39926147460938,-1,-1,-1,-1
17,2,1301.831787109375,290.1298828125,100.0057373046875,249.083740234375,-1,-1,-1,-1
18,2,1281.738525390625,317.2715148925781,87.249755859375,247.36215209960938,-1,-1,-1,-1
19,2,1250.956787109375,350.1236877441406,86.5185546875,248.38455200195312,-1,-1,-1,-1
20,2,1206.2706298828125,375.1511535644531,90.3629150390625,243.65982055664062,-1,-1,-1,-1
21,2,1166.2723388671875,422.0587158203125,88.527587890625,237.40283203125,-1,-1,-1,-1
22,2,1134.493408203125,451.2515869140625,85.336181640625,232.9970703125,-1,-1,-1,-1
23,2,1109.5640869140625,461.8890686035156,84.464599609375,228.44082641601562,-1,-1,-1,-1
24,2,1086.2520751953125,464.8514709472656,82.5986328125,224.67684936523438,-1,-1,-1,-1
25,2,1073.5040283203125,470.21551513671875,81.1417236328125,222.0343017578125,-1,-1,-1,-1
26,2,1062.778564453125,480.966064453125,80.4071044921875,221.44451904296875,-1,-1,-1,-1
27,2,1050.5970458984375,499.6307373046875,78.870361328125,220.074951171875,-1,-1,-1,-1
28,2,1049.619384765625,522.3717041015625,78.7659912109375,219.4942626953125,-1,-1,-1,-1
29,2,1033.5596923828125,533.429443359375,77.2305908203125,215.30474853515625,-1,-1,-1,-1
30,2,1009.653076171875,513.9590454101562,75.9788818359375,213.283203125,-1,-1,-1,-1
31,2,981.925537109375,513.1956176757812,73.1077880859375,208.8028564453125,-1,-1,-1,-1
32,2,961.4146728515625,533.3658447265625,70.9041748046875,206.0084228515625,-1,-1,-1,-1
33,2,943.9976196289062,569.87158203125,75.18524169921875,201.51904296875,-1,-1,-1,-1
34,2,926.2555541992188,594.4151611328125,81.094970703125,198.8841552734375,-1,-1,-1,-1
35,2,915.8421020507812,608.6441650390625,85.30169677734375,192.443603515625,-1,-1,-1,-1
36,2,910.2431030273438,614.1546630859375,84.94866943359375,194.33905029296875,-1,-1,-1,-1
37,2,895.00830078125,618.857177734375,81.482666015625,193.2857666015625,-1,-1,-1,-1
38,2,884.5381469726562,598.5737915039062,72.46856689453125,191.30328369140625,-1,-1,-1,-1
39,2,879.4517822265625,535.8613891601562,67.64892578125,193.37359619140625,-1,-1,-1,-1
40,2,873.583251953125,481.4858703613281,69.71307373046875,196.98764038085938,-1,-1,-1,-1
41,2,863.0277099609375,454.3955078125,70.89019775390625,199.57183837890625,-1,-1,-1,-1
42,2,851.6754150390625,447.9859619140625,72.90301513671875,201.99896240234375,-1,-1,-1,-1
43,2,843.880859375,459.2735595703125,70.13824462890625,202.88909912109375,-1,-1,-1,-1
44,2,838.705322265625,474.762939453125,66.99932861328125,202.39031982421875,-1,-1,-1,-1
45,2,831.175048828125,481.9456787109375,68.5673828125,204.62847900390625,-1,-1,-1,-1
46,2,821.453125,501.1194152832031,68.3583984375,202.38278198242188,-1,-1,-1,-1
47,2,816.1861572265625,520.1187744140625,69.08953857421875,203.4979248046875,-1,-1,-1,-1
48,2,817.4882202148438,527.8655395507812,67.50152587890625,199.97576904296875,-1,-1,-1,-1
49,2,812.1884765625,520.9527587890625,68.46612548828125,204.3271484375,-1,-1,-1,-1
50,2,805.2344360351562,521.1683349609375,67.99114990234375,205.345947265625,-1,-1,-1,-1
51,2,793.93798828125,524.0087280273438,71.711669921875,206.51104736328125,-1,-1,-1,-1
52,2,787.1944580078125,527.86083984375,72.30340576171875,208.44671630859375,-1,-1,-1,-1
53,2,779.937744140625,530.2158203125,76.7772216796875,210.70440673828125,-1,-1,-1,-1
54,2,773.3656005859375,531.22900390625,78.20947265625,209.17242431640625,-1,-1,-1,-1
55,2,762.0577392578125,530.0234985351562,79.212158203125,210.345703125,-1,-1,-1,-1
56,2,745.9576416015625,526.7354736328125,85.3419189453125,212.17852783203125,-1,-1,-1,-1
57,2,726.6708374023438,526.5346069335938,102.26275634765625,232.27239990234375,-1,-1,-1,-1
58,2,726.8025512695312,516.659423828125,113.88494873046875,244.860595703125,-1,-1,-1,-1
61,2,722.6282958984375,511.77984619140625,140.24407958984375,325.71319580078125,-1,-1,-1,-1
62,2,712.7949829101562,509.067626953125,138.87176513671875,362.28973388671875,-1,-1,-1,-1
63,2,695.8165283203125,518.3721313476562,100.5675048828125,277.461669921875,-1,-1,-1,-1
64,2,688.2584838867188,524.658203125,71.25390625,211.1119384765625,-1,-1,-1,-1
65,2,673.7889404296875,529.328369140625,71.768310546875,213.46337890625,-1,-1,-1,-1
66,2,662.6763916015625,538.83349609375,66.77252197265625,193.237060546875,-1,-1,-1,-1
67,2,657.3406982421875,549.8359985351562,69.77880859375,193.18487548828125,-1,-1,-1,-1
68,2,652.0409545898438,561.2298583984375,67.154296875,196.263671875,-1,-1,-1,-1
69,2,648.2777099609375,564.0421142578125,68.91522216796875,202.66778564453125,-1,-1,-1,-1
70,2,645.049560546875,556.7803344726562,71.58135986328125,201.0787353515625,-1,-1,-1,-1
71,2,640.6742553710938,553.866455078125,69.6962890625,200.9476318359375,-1,-1,-1,-1
72,2,634.6959838867188,551.2269287109375,66.15887451171875,201.8502197265625,-1,-1,-1,-1
73,2,628.1475219726562,550.72314453125,68.1336669921875,205.8843994140625,-1,-1,-1,-1
74,2,623.9414672851562,550.6723022460938,69.80462646484375,205.188720703125,-1,-1,-1,-1
75,2,615.4215087890625,551.7291870117188,66.73797607421875,205.92950439453125,-1,-1,-1,-1
76,2,596.9769897460938,557.8073120117188,71.05560302734375,205.58502197265625,-1,-1,-1,-1
77,2,577.4482421875,560.1597900390625,72.80059814453125,206.55364990234375,-1,-1,-1,-1
78,2,561.7744140625,565.1199951171875,73.521240234375,206.1922607421875,-1,-1,-1,-1
79,2,547.9349365234375,572.29150390625,73.3955078125,206.36749267578125,-1,-1,-1,-1
80,2,526.6094360351562,576.2578125,74.0325927734375,207.114990234375,-1,-1,-1,-1
81,2,502.3941955566406,582.5518798828125,76.41714477539062,207.6082763671875,-1,-1,-1,-1
82,2,485.13043212890625,591.3917846679688,77.63763427734375,207.14715576171875,-1,-1,-1,-1
83,2,475.8839111328125,595.567626953125,78.625,206.1751708984375,-1,-1,-1,-1
84,2,464.365234375,593.4566650390625,78.137451171875,208.103759765625,-1,-1,-1,-1
85,2,456.3695068359375,592.19580078125,77.7974853515625,207.7330322265625,-1,-1,-1,-1
86,2,456.24261474609375,597.1221923828125,77.615478515625,209.181640625,-1,-1,-1,-1
87,2,464.3011169433594,601.5262451171875,75.27169799804688,208.9715576171875,-1,-1,-1,-1
88,2,483.3434753417969,593.7709350585938,72.85153198242188,206.32232666015625,-1,-1,-1,-1
89,2,503.4671936035156,591.21435546875,70.03347778320312,207.57916259765625,-1,-1,-1,-1
90,2,515.16845703125,590.5243530273438,68.4730224609375,205.87994384765625,-1,-1,-1,-1
91,2,532.0739135742188,592.6510009765625,68.2257080078125,205.57427978515625,-1,-1,-1,-1
92,2,550.7664184570312,598.8277587890625,69.01861572265625,201.17987060546875,-1,-1,-1,-1
93,2,564.576171875,592.1981201171875,66.4844970703125,199.7713623046875,-1,-1,-1,-1
94,2,578.9374389648438,586.2420654296875,66.7047119140625,198.51202392578125,-1,-1,-1,-1
95,2,593.3232421875,585.7454223632812,66.6551513671875,196.65924072265625,-1,-1,-1,-1
96,2,606.8465576171875,588.0897827148438,66.4398193359375,196.57391357421875,-1,-1,-1,-1
97,2,620.7830810546875,584.7398681640625,63.95635986328125,195.18988037109375,-1,-1,-1,-1
98,2,632.4711303710938,578.2796020507812,64.08709716796875,199.59771728515625,-1,-1,-1,-1
99,2,642.3404541015625,577.5188598632812,63.72467041015625,196.932861328125,-1,-1,-1,-1
100,2,647.821533203125,578.769775390625,65.5133056640625,198.880615234375,-1,-1,-1,-1
101,2,653.211181640625,567.5803833007812,66.62225341796875,195.16302490234375,-1,-1,-1,-1
102,2,649.20849609375,564.9146728515625,67.23248291015625,194.9927978515625,-1,-1,-1,-1
103,2,637.819091796875,567.0902709960938,65.81365966796875,192.18182373046875,-1,-1,-1,-1
104,2,631.298095703125,565.3126831054688,64.1912841796875,192.1492919921875,-1,-1,-1,-1
105,2,623.2061157226562,567.347412109375,65.1910400390625,194.32415771484375,-1,-1,-1,-1
106,2,612.0641479492188,565.8208618164062,64.94586181640625,192.41412353515625,-1,-1,-1,-1
107,2,601.3682861328125,561.0886840820312,66.02557373046875,195.21722412109375,-1,-1,-1,-1
108,2,592.9544677734375,562.3495483398438,65.188232421875,194.27362060546875,-1,-1,-1,-1
109,2,584.9149780273438,566.2279052734375,64.2939453125,189.6121826171875,-1,-1,-1,-1
110,2,573.7427978515625,568.8782958984375,65.0692138671875,188.838623046875,-1,-1,-1,-1
111,2,560.64697265625,571.536376953125,64.1732177734375,190.92657470703125,-1,-1,-1,-1
112,2,546.6219482421875,577.17626953125,66.2100830078125,192.30889892578125,-1,-1,-1,-1
113,2,532.07568359375,577.6455078125,65.44427490234375,192.1156005859375,-1,-1,-1,-1
114,2,528.0630493164062,569.4542236328125,67.27056884765625,194.46612548828125,-1,-1,-1,-1
115,2,535.8695678710938,567.5198364257812,66.4566650390625,190.52655029296875,-1,-1,-1,-1
116,2,540.9589233398438,564.6043701171875,67.2720947265625,191.4521484375,-1,-1,-1,-1
117,2,551.6096801757812,563.2698364257812,64.55889892578125,191.78436279296875,-1,-1,-1,-1
118,2,558.2863159179688,565.5792236328125,64.29864501953125,189.74847412109375,-1,-1,-1,-1
119,2,560.493408203125,568.2323608398438,64.13360595703125,187.99517822265625,-1,-1,-1,-1
120,2,559.1448974609375,564.06201171875,65.172119140625,188.73895263671875,-1,-1,-1,-1
121,2,548.8584594726562,555.7847290039062,65.69598388671875,188.75079345703125,-1,-1,-1,-1
122,2,520.276611328125,565.0191650390625,68.7860107421875,191.7061767578125,-1,-1,-1,-1
123,2,505.4067687988281,567.8504638671875,66.95913696289062,189.63323974609375,-1,-1,-1,-1
124,2,502.65130615234375,576.0467529296875,66.19720458984375,186.40838623046875,-1,-1,-1,-1
125,2,492.36700439453125,574.480224609375,66.908447265625,181.814208984375,-1,-1,-1,-1
126,2,502.3885498046875,550.4664306640625,65.08966064453125,182.3128662109375,-1,-1,-1,-1
127,2,506.2557678222656,556.5409545898438,63.762420654296875,183.53082275390625,-1,-1,-1,-1
128,2,509.2181701660156,557.7584228515625,61.285858154296875,178.9884033203125,-1,-1,-1,-1
129,2,528.1491088867188,562.5347290039062,60.49493408203125,175.8060302734375,-1,-1,-1,-1
130,2,504.5599670410156,555.0219116210938,63.403228759765625,172.0474853515625,-1,-1,-1,-1
131,2,512.6848754882812,533.0101318359375,60.18408203125,171.6715087890625,-1,-1,-1,-1
132,2,518.2484741210938,496.5037536621094,58.6505126953125,169.89913940429688,-1,-1,-1,-1
133,2,509.35174560546875,477.6199951171875,57.8946533203125,172.76318359375,-1,-1,-1,-1
134,2,512.8909606933594,480.10040283203125,56.711822509765625,169.95086669921875,-1,-1,-1,-1
135,2,517.63037109375,480.7798767089844,56.802490234375,167.72006225585938,-1,-1,-1,-1
136,2,513.6190795898438,473.9010009765625,57.20947265625,169.37908935546875,-1,-1,-1,-1
137,2,518.5720825195312,466.4483337402344,56.74273681640625,167.58804321289062,-1,-1,-1,-1
138,2,513.7136840820312,469.7642517089844,55.9810791015625,168.16030883789062,-1,-1,-1,-1
139,2,515.9041748046875,483.8464660644531,54.7431640625,164.32608032226562,-1,-1,-1,-1
140,2,522.7831420898438,497.5819091796875,56.48382568359375,163.97064208984375,-1,-1,-1,-1
141,2,530.501953125,508.1506652832031,54.59893798828125,163.45034790039062,-1,-1,-1,-1
142,2,527.1891479492188,533.230712890625,54.3314208984375,162.99237060546875,-1,-1,-1,-1
143,2,519.1093139648438,559.6207885742188,55.54644775390625,158.22821044921875,-1,-1,-1,-1
144,2,519.03271484375,581.9779663085938,55.84942626953125,159.38604736328125,-1,-1,-1,-1
145,2,526.3139038085938,602.5899658203125,53.206787109375,157.004638671875,-1,-1,-1,-1
146,2,520.4961547851562,609.3858032226562,55.41094970703125,160.62060546875,-1,-1,-1,-1
147,2,520.7972412109375,616.1401977539062,54.793701171875,158.86810302734375,-1,-1,-1,-1
148,2,524.6214599609375,624.0030517578125,55.46484375,163.1846923828125,-1,-1,-1,-1
149,2,520.8843994140625,625.40625,55.47406005859375,160.7781982421875,-1,-1,-1,-1
150,2,516.709228515625,638.6630249023438,56.53228759765625,160.01629638671875,-1,-1,-1,-1
151,2,514.833740234375,640.7570190429688,57.2933349609375,160.45953369140625,-1,-1,-1,-1
152,2,516.2440185546875,633.5008544921875,58.26995849609375,163.706298828125,-1,-1,-1,-1
153,2,514.6304321289062,629.9833374023438,58.3388671875,163.34619140625,-1,-1,-1,-1
154,2,510.21575927734375,634.2835693359375,58.80596923828125,164.173583984375,-1,-1,-1,-1
155,2,513.3375244140625,640.88525390625,56.25360107421875,160.3499755859375,-1,-1,-1,-1
156,2,518.9618530273438,645.3922729492188,56.98883056640625,161.8328857421875,-1,-1,-1,-1
157,2,520.9400634765625,647.2822875976562,58.0921630859375,163.90460205078125,-1,-1,-1,-1
158,2,524.0014038085938,644.1646728515625,55.97271728515625,161.29095458984375,-1,-1,-1,-1
159,2,526.1441040039062,636.5211181640625,57.21563720703125,163.7587890625,-1,-1,-1,-1
160,2,528.6410522460938,624.4669799804688,56.3660888671875,159.69268798828125,-1,-1,-1,-1
161,2,526.2766723632812,610.5115356445312,57.135986328125,158.98919677734375,-1,-1,-1,-1
162,2,524.4351196289062,601.2515869140625,55.37591552734375,158.42578125,-1,-1,-1,-1
163,2,520.2525024414062,590.8297119140625,56.99346923828125,157.73980712890625,-1,-1,-1,-1
164,2,519.2694091796875,582.4777221679688,57.50738525390625,159.63818359375,-1,-1,-1,-1
165,2,521.3846435546875,578.5596313476562,56.23516845703125,159.65216064453125,-1,-1,-1,-1
166,2,526.7788696289062,576.9178466796875,56.81365966796875,161.55181884765625,-1,-1,-1,-1
167,2,535.4692993164062,577.3035278320312,55.80731201171875,158.0380859375,-1,-1,-1,-1
168,2,534.463134765625,582.060546875,56.89630126953125,158.0625,-1,-1,-1,-1
169,2,536.7258911132812,588.4082641601562,55.50799560546875,159.22064208984375,-1,-1,-1,-1
170,2,539.2764282226562,594.73876953125,53.9102783203125,159.35888671875,-1,-1,-1,-1
171,2,539.0770263671875,595.403564453125,53.8485107421875,161.4599609375,-1,-1,-1,-1
172,2,537.9090576171875,594.8746337890625,55.05242919921875,160.68536376953125,-1,-1,-1,-1
173,2,539.883544921875,598.9315185546875,54.09814453125,160.94281005859375,-1,-1,-1,-1
174,2,542.0621948242188,604.9351196289062,53.94036865234375,159.5634765625,-1,-1,-1,-1
175,2,541.774169921875,613.4796142578125,53.244873046875,158.31268310546875,-1,-1,-1,-1
176,2,541.017822265625,611.3803100585938,53.6058349609375,162.66717529296875,-1,-1,-1,-1
177,2,537.2162475585938,605.71240234375,55.43841552734375,165.12225341796875,-1,-1,-1,-1
178,2,535.913330078125,607.2225341796875,57.05126953125,164.2410888671875,-1,-1,-1,-1
179,2,536.0260620117188,606.3089599609375,58.1253662109375,167.71014404296875,-1,-1,-1,-1
180,2,535.9786376953125,604.4596557617188,58.3760986328125,166.35040283203125,-1,-1,-1,-1
181,2,532.6732177734375,601.5044555664062,58.67669677734375,167.919921875,-1,-1,-1,-1
182,2,523.8922729492188,590.0744018554688,60.36956787109375,166.46337890625,-1,-1,-1,-1
183,2,515.2049560546875,577.5783081054688,61.697265625,169.1361083984375,-1,-1,-1,-1
184,2,497.3320617675781,579.9555053710938,64.76724243164062,174.2257080078125,-1,-1,-1,-1
185,2,495.7296447753906,583.2433471679688,63.306549072265625,171.57293701171875,-1,-1,-1,-1
186,2,489.8328857421875,604.4539794921875,63.85302734375,176.8961181640625,-1,-1,-1,-1
187,2,482.6246032714844,584.2920532226562,63.237701416015625,173.42596435546875,-1,-1,-1,-1
188,2,470.7501220703125,583.5245971679688,64.75537109375,174.77264404296875,-1,-1,-1,-1
189,2,472.542236328125,588.65576171875,64.28082275390625,176.39654541015625,-1,-1,-1,-1
190,2,484.1668395996094,588.6209716796875,62.863861083984375,168.9442138671875,-1,-1,-1,-1
191,2,493.4653015136719,583.8512573242188,60.750823974609375,171.88873291015625,-1,-1,-1,-1
192,2,501.8918762207031,600.6430053710938,59.411407470703125,168.67755126953125,-1,-1,-1,-1
193,2,505.87841796875,614.4521484375,59.15582275390625,168.85308837890625,-1,-1,-1,-1
194,2,507.3135681152344,620.9884643554688,58.973175048828125,168.23077392578125,-1,-1,-1,-1
195,2,505.4478454589844,634.6828002929688,59.087615966796875,166.03173828125,-1,-1,-1,-1
196,2,505.0509338378906,649.88525390625,58.715423583984375,169.86279296875,-1,-1,-1,-1
197,2,503.1531677246094,668.673828125,59.580413818359375,169.2044677734375,-1,-1,-1,-1
198,2,505.1676025390625,668.28857421875,58.89044189453125,171.4033203125,-1,-1,-1,-1
199,2,511.6092834472656,644.9915771484375,57.038055419921875,166.48748779296875,-1,-1,-1,-1
200,2,513.1558837890625,632.092041015625,58.576904296875,165.936279296875,-1,-1,-1,-1
201,2,512.3393249511719,626.02587890625,58.414154052734375,166.67962646484375,-1,-1,-1,-1
202,2,513.1040649414062,610.9268188476562,58.29681396484375,166.868408203125,-1,-1,-1,-1
203,2,513.2870483398438,596.6721801757812,57.87091064453125,166.435302734375,-1,-1,-1,-1
204,2,518.29736328125,596.3577880859375,57.06573486328125,165.8743896484375,-1,-1,-1,-1
205,2,520.22705078125,601.7489013671875,58.255859375,168.19537353515625,-1,-1,-1,-1
206,2,524.8751220703125,602.8306884765625,58.68035888671875,166.8326416015625,-1,-1,-1,-1
207,2,535.3319091796875,602.5841064453125,57.991455078125,169.47344970703125,-1,-1,-1,-1
208,2,546.6236572265625,611.9990844726562,58.9547119140625,168.929443359375,-1,-1,-1,-1
209,2,556.6438598632812,625.0076904296875,57.289794921875,170.17572021484375,-1,-1,-1,-1
210,2,560.8118286132812,640.158935546875,59.41888427734375,171.07464599609375,-1,-1,-1,-1
211,2,566.497802734375,653.2022705078125,59.2127685546875,173.86376953125,-1,-1,-1,-1
212,2,576.0166015625,660.4965209960938,59.93304443359375,176.7349853515625,-1,-1,-1,-1
213,2,595.3670654296875,653.8013305664062,58.6058349609375,178.5867919921875,-1,-1,-1,-1
214,2,614.44140625,643.504150390625,58.8741455078125,177.753173828125,-1,-1,-1,-1
215,2,639.225830078125,620.5890502929688,57.9942626953125,179.38323974609375,-1,-1,-1,-1
216,2,663.2042236328125,590.7999267578125,59.898193359375,181.129638671875,-1,-1,-1,-1
217,2,705.3448486328125,572.2174072265625,61.78466796875,184.21734619140625,-1,-1,-1,-1
218,2,778.6699829101562,553.5626220703125,64.24029541015625,187.68896484375,-1,-1,-1,-1
219,2,839.6011962890625,552.3997802734375,66.18798828125,189.9287109375,-1,-1,-1,-1
220,2,887.2765502929688,556.3056030273438,69.9317626953125,200.09576416015625,-1,-1,-1,-1
221,2,899.7887573242188,617.6107788085938,123.135986328125,241.26165771484375,-1,-1,-1,-1
222,2,739.7623901367188,502.5980529785156,414.29547119140625,592.5797119140625,-1,-1,-1,-1
223,2,781.5785522460938,556.7467651367188,352.56817626953125,570.8130493164062,-1,-1,-1,-1
224,2,725.7437744140625,569.6842041015625,395.4420166015625,573.3797607421875,-1,-1,-1,-1
225,2,705.45458984375,533.7518920898438,430.42822265625,639.3674926757812,-1,-1,-1,-1
224,3,979.9798583984375,584.656005859375,81.2196044921875,203.5048828125,-1,-1,-1,-1
225,3,982.7968139648438,546.49755859375,78.17291259765625,204.14434814453125,-1,-1,-1,-1
226,3,1008.33740234375,527.154296875,73.3428955078125,207.4298095703125,-1,-1,-1,-1
227,3,1015.0840454101562,531.674560546875,72.14215087890625,204.32293701171875,-1,-1,-1,-1
228,3,993.4854736328125,529.4795532226562,92.4898681640625,203.69927978515625,-1,-1,-1,-1
229,3,985.3935546875,533.19775390625,85.073974609375,198.368896484375,-1,-1,-1,-1
230,3,991.6259155273438,527.99462890625,80.30255126953125,201.4847412109375,-1,-1,-1,-1
231,3,992.3485717773438,524.5460815429688,70.01068115234375,200.73126220703125,-1,-1,-1,-1
232,3,990.1122436523438,531.8154907226562,66.55072021484375,196.940673828125,-1,-1,-1,-1
233,3,983.51708984375,520.9590454101562,67.25390625,193.81488037109375,-1,-1,-1,-1
234,3,977.9713134765625,518.1246948242188,66.3182373046875,193.65997314453125,-1,-1,-1,-1
235,3,975.1919555664062,522.673828125,64.34906005859375,191.200927734375,-1,-1,-1,-1
236,3,969.7633666992188,539.8884887695312,62.77264404296875,189.54559326171875,-1,-1,-1,-1
237,3,957.0613403320312,544.8021850585938,63.01275634765625,184.1578369140625,-1,-1,-1,-1
238,3,931.53857421875,557.921875,61.33465576171875,182.85845947265625,-1,-1,-1,-1
239,3,907.22705078125,561.8704833984375,61.9609375,181.9151611328125,-1,-1,-1,-1
240,3,880.537353515625,565.7119140625,60.7315673828125,179.02691650390625,-1,-1,-1,-1
241,3,853.6749267578125,582.0610961914062,60.24700927734375,174.24969482421875,-1,-1,-1,-1
242,3,828.802001953125,583.6005859375,60.5953369140625,171.1712646484375,-1,-1,-1,-1
243,3,809.762451171875,584.3596801757812,59.46502685546875,172.65130615234375,-1,-1,-1,-1
244,3,790.081787109375,594.1187133789062,60.3809814453125,166.87451171875,-1,-1,-1,-1
245,3,754.7765502929688,588.9452514648438,75.5777587890625,176.13140869140625,-1,-1,-1,-1
246,3,741.7047729492188,541.6017456054688,128.05023193359375,231.87847900390625,-1,-1,-1,-1
249,3,693.5744018554688,584.1885986328125,101.44647216796875,187.4300537109375,-1,-1,-1,-1
250,3,676.3670043945312,585.2230224609375,59.3350830078125,165.7672119140625,-1,-1,-1,-1
251,3,652.3739624023438,577.6334228515625,57.09197998046875,167.0771484375,-1,-1,-1,-1
252,3,622.8662109375,581.592041015625,56.271484375,168.27325439453125,-1,-1,-1,-1
253,3,600.3355102539062,572.8325805664062,56.3377685546875,167.74365234375,-1,-1,-1,-1
254,3,581.0491943359375,546.1585693359375,58.12725830078125,170.56365966796875,-1,-1,-1,-1
255,3,564.3523559570312,532.9017944335938,57.99981689453125,173.1732177734375,-1,-1,-1,-1
256,3,552.4188842773438,533.7496337890625,59.37982177734375,176.5614013671875,-1,-1,-1,-1
257,3,542.0215454101562,545.0903930664062,59.69818115234375,174.46429443359375,-1,-1,-1,-1
258,3,535.7193603515625,560.53271484375,59.05633544921875,175.6243896484375,-1,-1,-1,-1
259,3,529.47607421875,574.846923828125,62.67510986328125,174.79583740234375,-1,-1,-1,-1
260,3,523.808837890625,582.1039428710938,62.2584228515625,174.52496337890625,-1,-1,-1,-1
261,3,523.9495239257812,595.8252563476562,61.18353271484375,178.96124267578125,-1,-1,-1,-1
262,3,525.0772705078125,612.6029052734375,61.95062255859375,178.40093994140625,-1,-1,-1,-1
263,3,523.8214111328125,615.087158203125,61.1446533203125,179.9283447265625,-1,-1,-1,-1
264,3,521.1030883789062,599.5889892578125,62.4041748046875,182.7255859375,-1,-1,-1,-1
265,3,519.9638671875,586.4285278320312,64.76239013671875,183.4530029296875,-1,-1,-1,-1
266,3,518.420166015625,574.9468383789062,65.39581298828125,183.91851806640625,-1,-1,-1,-1
267,3,522.4755249023438,570.831298828125,67.039306640625,185.657958984375,-1,-1,-1,-1
268,3,532.2244873046875,567.6013793945312,65.72344970703125,187.3143310546875,-1,-1,-1,-1
269,3,536.78662109375,569.2059936523438,67.53955078125,186.1544189453125,-1,-1,-1,-1
270,3,542.4293823242188,571.8385620117188,69.0101318359375,183.3892822265625,-1,-1,-1,-1
271,3,546.7332763671875,571.1500854492188,67.866455078125,184.0755615234375,-1,-1,-1,-1
272,3,548.8458251953125,575.5244140625,68.3167724609375,183.23431396484375,-1,-1,-1,-1
273,3,550.4524536132812,581.5363159179688,67.15472412109375,181.66986083984375,-1,-1,-1,-1
274,3,550.8067016601562,586.9972534179688,66.32733154296875,182.40155029296875,-1,-1,-1,-1
275,3,557.5546875,590.896240234375,63.343505859375,178.4483642578125,-1,-1,-1,-1
276,3,564.7793579101562,591.2919311523438,65.26495361328125,178.771728515625,-1,-1,-1,-1
277,3,574.9735717773438,587.6612548828125,63.55621337890625,179.019775390625,-1,-1,-1,-1
278,3,582.9593505859375,582.0188598632812,62.855224609375,173.98980712890625,-1,-1,-1,-1
279,3,590.8648071289062,575.5338134765625,62.0999755859375,176.013427734375,-1,-1,-1,-1
280,3,594.2495727539062,578.3893432617188,62.10809326171875,175.0025634765625,-1,-1,-1,-1
281,3,596.129638671875,579.77490234375,61.2037353515625,174.89501953125,-1,-1,-1,-1
282,3,594.0294799804688,580.5316162109375,60.48797607421875,175.12005615234375,-1,-1,-1,-1
283,3,592.0946044921875,575.1478881835938,61.5458984375,174.68988037109375,-1,-1,-1,-1
284,3,592.5429077148438,568.0780029296875,64.2015380859375,177.1373291015625,-1,-1,-1,-1
285,3,593.697021484375,563.7651977539062,62.9122314453125,176.72613525390625,-1,-1,-1,-1
286,3,598.0401611328125,562.4940795898438,60.4244384765625,176.17205810546875,-1,-1,-1,-1
287,3,599.7581787109375,564.321044921875,61.32012939453125,175.8167724609375,-1,-1,-1,-1
288,3,601.914306640625,566.0950927734375,59.276611328125,176.61163330078125,-1,-1,-1,-1
289,3,604.489501953125,561.7700805664062,57.9810791015625,179.254150390625,-1,-1,-1,-1
290,3,605.9960327148438,567.6051635742188,59.15753173828125,175.0526123046875,-1,-1,-1,-1
291,3,605.8442993164062,578.5314331054688,59.9366455078125,173.52166748046875,-1,-1,-1,-1
292,3,606.3638916015625,583.8926391601562,58.98785400390625,172.93017578125,-1,-1,-1,-1
293,3,611.2918701171875,590.5313110351562,55.77349853515625,172.21942138671875,-1,-1,-1,-1
294,3,610.6468505859375,580.514892578125,60.30078125,175.14605712890625,-1,-1,-1,-1
295,3,610.3010864257812,534.6929931640625,58.1630859375,164.25738525390625,-1,-1,-1,-1
296,3,618.7860107421875,537.434814453125,57.88079833984375,177.01251220703125,-1,-1,-1,-1
297,3,623.6651611328125,546.0325927734375,59.259765625,162.3558349609375,-1,-1,-1,-1
298,3,619.4431762695312,553.3633422851562,56.57232666015625,162.1962890625,-1,-1,-1,-1
299,3,633.3843383789062,563.0004272460938,55.83441162109375,160.3287353515625,-1,-1,-1,-1
300,3,637.6536254882812,532.296142578125,56.195556640625,157.600830078125,-1,-1,-1,-1
301,3,639.6708374023438,538.3645629882812,55.528076171875,159.2064208984375,-1,-1,-1,-1
302,3,637.44287109375,564.1885375976562,54.080078125,156.4346923828125,-1,-1,-1,-1
303,3,646.206787109375,554.384521484375,53.15826416015625,155.2496337890625,-1,-1,-1,-1
304,3,655.8451538085938,559.9556274414062,50.448486328125,154.09625244140625,-1,-1,-1,-1
305,3,651.6519165039062,547.088134765625,49.9779052734375,152.2257080078125,-1,-1,-1,-1
306,3,634.352783203125,516.5185546875,51.58984375,154.27227783203125,-1,-1,-1,-1
307,3,626.099853515625,513.7811889648438,51.18511962890625,156.5078125,-1,-1,-1,-1
308,3,622.3377685546875,502.8168029785156,51.9034423828125,157.61874389648438,-1,-1,-1,-1
309,3,626.0548706054688,494.3414306640625,49.869140625,155.212158203125,-1,-1,-1,-1
310,3,621.7637939453125,499.9549560546875,51.39337158203125,155.7464599609375,-1,-1,-1,-1
311,3,617.2124633789062,500.8260192871094,50.56597900390625,155.73031616210938,-1,-1,-1,-1
312,3,606.4989013671875,489.0806884765625,51.51385498046875,157.506103515625,-1,-1,-1,-1
313,3,598.57421875,479.30560302734375,51.6287841796875,159.2823486328125,-1,-1,-1,-1
314,3,596.3717041015625,482.64190673828125,52.15863037109375,158.02178955078125,-1,-1,-1,-1
315,3,591.3787231445312,485.8535461425781,54.7978515625,158.72836303710938,-1,-1,-1,-1
316,3,582.8406372070312,489.35235595703125,55.8983154296875,159.7557373046875,-1,-1,-1,-1
317,3,572.4998168945312,497.7395935058594,53.70855712890625,161.34451293945312,-1,-1,-1,-1
318,3,567.3304443359375,503.32763671875,54.1885986328125,157.33544921875,-1,-1,-1,-1
319,3,568.9863891601562,513.812744140625,53.09197998046875,158.4871826171875,-1,-1,-1,-1
320,3,570.42236328125,533.8888549804688,53.0982666015625,156.72235107421875,-1,-1,-1,-1
321,3,575.1072998046875,551.6888427734375,54.2305908203125,159.45086669921875,-1,-1,-1,-1
322,3,582.19189453125,562.9891967773438,53.770263671875,160.96075439453125,-1,-1,-1,-1
323,3,586.5008544921875,578.464111328125,54.0450439453125,162.5093994140625,-1,-1,-1,-1
324,3,591.7330932617188,597.9000244140625,55.03173828125,159.67742919921875,-1,-1,-1,-1
325,3,597.2366943359375,616.297607421875,54.14862060546875,158.37860107421875,-1,-1,-1,-1
326,3,600.9276733398438,624.3271484375,53.4876708984375,158.88726806640625,-1,-1,-1,-1
327,3,601.730712890625,621.7359008789062,55.405517578125,161.170166015625,-1,-1,-1,-1
328,3,603.7867431640625,615.7329711914062,54.0489501953125,158.14556884765625,-1,-1,-1,-1
329,3,602.398193359375,606.2080688476562,54.75048828125,160.596923828125,-1,-1,-1,-1
330,3,594.0301513671875,594.090576171875,55.9005126953125,164.089599609375,-1,-1,-1,-1
331,3,591.6920166015625,577.7750244140625,57.21209716796875,163.06903076171875,-1,-1,-1,-1
332,3,588.6065063476562,564.6524047851562,56.23382568359375,163.2655029296875,-1,-1,-1,-1
333,3,584.546630859375,562.3706665039062,56.2569580078125,164.94049072265625,-1,-1,-1,-1
334,3,579.300048828125,558.9052124023438,56.3695068359375,167.2510986328125,-1,-1,-1,-1
335,3,576.9746704101562,558.963623046875,56.43597412109375,168.4774169921875,-1,-1,-1,-1
336,3,575.9265747070312,561.2476196289062,56.13177490234375,167.00653076171875,-1,-1,-1,-1
337,3,573.1748657226562,576.53173828125,56.7197265625,168.5594482421875,-1,-1,-1,-1
338,3,573.9365234375,602.3019409179688,57.80535888671875,169.75274658203125,-1,-1,-1,-1
339,3,581.26416015625,622.524658203125,58.2520751953125,175.8994140625,-1,-1,-1,-1
340,3,588.380126953125,624.5691528320312,58.7672119140625,173.45489501953125,-1,-1,-1,-1
341,3,586.14501953125,634.9600830078125,61.19171142578125,175.0985107421875,-1,-1,-1,-1
342,3,591.7650146484375,623.5891723632812,59.56256103515625,175.06121826171875,-1,-1,-1,-1
343,3,589.9602661132812,606.0073852539062,59.28680419921875,175.310791015625,-1,-1,-1,-1
344,3,583.959228515625,596.994384765625,58.08642578125,174.94903564453125,-1,-1,-1,-1
345,3,580.394287109375,591.402587890625,60.03558349609375,178.00811767578125,-1,-1,-1,-1
346,3,587.8929443359375,590.644287109375,59.53192138671875,178.20465087890625,-1,-1,-1,-1
347,3,595.9021606445312,600.8596801757812,58.9500732421875,176.90863037109375,-1,-1,-1,-1
348,3,601.2529296875,615.19775390625,58.659423828125,176.5311279296875,-1,-1,-1,-1
349,3,609.2249145507812,596.0593872070312,58.784423828125,177.83697509765625,-1,-1,-1,-1
350,3,613.1983032226562,590.0947875976562,59.89617919921875,177.7763671875,-1,-1,-1,-1
351,3,619.99267578125,594.9893188476562,59.5537109375,176.9898681640625,-1,-1,-1,-1
352,3,615.5630493164062,603.606201171875,59.545166015625,176.950439453125,-1,-1,-1,-1
353,3,607.6151123046875,609.3018188476562,59.64117431640625,175.07452392578125,-1,-1,-1,-1
354,3,605.6739501953125,607.9154052734375,60.26434326171875,176.046875,-1,-1,-1,-1
355,3,609.6254272460938,603.9390869140625,59.16693115234375,176.1622314453125,-1,-1,-1,-1
356,3,611.89013671875,596.87646484375,58.5745849609375,174.15576171875,-1,-1,-1,-1
357,3,614.9529418945312,590.9984741210938,59.92535400390625,177.29034423828125,-1,-1,-1,-1
358,3,615.6480102539062,582.4296875,58.66998291015625,174.85772705078125,-1,-1,-1,-1
359,3,612.333984375,574.2313842773438,60.24359130859375,176.373779296875,-1,-1,-1,-1
360,3,608.4284057617188,569.3973388671875,60.17425537109375,179.43267822265625,-1,-1,-1,-1
361,3,605.0245971679688,574.2723388671875,61.52484130859375,178.693115234375,-1,-1,-1,-1
362,3,608.8012084960938,576.8863525390625,60.44134521484375,178.86700439453125,-1,-1,-1,-1
363,3,616.4921264648438,573.9351196289062,60.66900634765625,180.721435546875,-1,-1,-1,-1
364,3,617.8818359375,578.5167846679688,61.2200927734375,178.8524169921875,-1,-1,-1,-1
365,3,618.615966796875,556.3882446289062,60.4013671875,183.03558349609375,-1,-1,-1,-1
366,3,618.2024536132812,550.5370483398438,62.3416748046875,183.5283203125,-1,-1,-1,-1
367,3,618.7338256835938,550.8729858398438,63.2491455078125,182.6473388671875,-1,-1,-1,-1
368,3,628.2854614257812,554.1058959960938,63.3648681640625,179.53802490234375,-1,-1,-1,-1
369,3,634.4397583007812,559.6370239257812,62.670166015625,181.3155517578125,-1,-1,-1,-1
370,3,637.1804809570312,560.1783447265625,60.9893798828125,178.8330078125,-1,-1,-1,-1
371,3,636.5616455078125,566.89306640625,62.5787353515625,176.4930419921875,-1,-1,-1,-1
372,3,634.3242797851562,577.826171875,62.45538330078125,176.03125,-1,-1,-1,-1
373,3,630.640625,565.45654296875,61.45599365234375,175.383544921875,-1,-1,-1,-1
374,3,624.5509033203125,559.2845458984375,60.6834716796875,172.2987060546875,-1,-1,-1,-1
375,3,622.0049438476562,551.7775268554688,60.36456298828125,175.5673828125,-1,-1,-1,-1
376,3,622.5662841796875,536.9208374023438,59.87652587890625,175.927978515625,-1,-1,-1,-1
377,3,625.57275390625,527.7296752929688,59.639404296875,173.7567138671875,-1,-1,-1,-1
378,3,630.643310546875,520.7303466796875,60.36529541015625,178.0687255859375,-1,-1,-1,-1
379,3,635.1665649414062,513.7182006835938,60.990966796875,177.180908203125,-1,-1,-1,-1
380,3,638.857177734375,512.3345947265625,59.390380859375,174.37762451171875,-1,-1,-1,-1
381,3,639.2092895507812,513.9776000976562,60.69732666015625,173.720947265625,-1,-1,-1,-1
382,3,633.2262573242188,521.4368896484375,61.64788818359375,173.69000244140625,-1,-1,-1,-1
383,3,623.671630859375,528.3922119140625,58.7030029296875,171.87646484375,-1,-1,-1,-1
384,3,599.5240478515625,535.0829467773438,61.068115234375,173.8140869140625,-1,-1,-1,-1
385,3,577.0098876953125,540.1061401367188,60.0257568359375,170.89617919921875,-1,-1,-1,-1
386,3,558.618408203125,534.757080078125,59.9234619140625,168.7509765625,-1,-1,-1,-1
387,3,545.0890502929688,542.8367309570312,61.258056640625,168.5361328125,-1,-1,-1,-1
388,3,540.848388671875,555.2991943359375,60.52154541015625,168.8121337890625,-1,-1,-1,-1
389,3,544.8290405273438,563.6005249023438,58.88739013671875,163.23590087890625,-1,-1,-1,-1
390,3,548.0345458984375,565.4580078125,57.52740478515625,162.1319580078125,-1,-1,-1,-1
391,3,546.2838134765625,564.9241333007812,57.3331298828125,161.9510498046875,-1,-1,-1,-1
392,3,552.2702026367188,567.7127075195312,55.29302978515625,160.59368896484375,-1,-1,-1,-1
393,3,561.6818237304688,577.3272705078125,53.15032958984375,155.1495361328125,-1,-1,-1,-1
394,3,559.988525390625,590.9960327148438,51.24139404296875,152.89080810546875,-1,-1,-1,-1
395,3,559.9032592773438,592.5676879882812,50.6414794921875,155.140625,-1,-1,-1,-1
396,3,567.2882080078125,598.2094116210938,51.86541748046875,151.26287841796875,-1,-1,-1,-1
397,3,582.7515869140625,604.2921142578125,50.89434814453125,152.568359375,-1,-1,-1,-1
398,3,593.1226196289062,600.9693603515625,53.12542724609375,151.0223388671875,-1,-1,-1,-1
399,3,602.00830078125,593.5460205078125,49.931884765625,150.76397705078125,-1,-1,-1,-1
400,3,615.0180053710938,591.4486694335938,49.25732421875,148.48046875,-1,-1,-1,-1
401,3,633.5725708007812,606.9804077148438,50.73651123046875,147.08526611328125,-1,-1,-1,-1
402,3,650.4378051757812,620.409423828125,51.63690185546875,146.73870849609375,-1,-1,-1,-1
403,3,665.8014526367188,628.0946044921875,49.47064208984375,157.1578369140625,-1,-1,-1,-1
404,3,678.73046875,613.0584716796875,50.0050048828125,159.5748291015625,-1,-1,-1,-1
405,3,696.6727905273438,593.9013671875,50.17523193359375,147.6031494140625,-1,-1,-1,-1
406,3,711.4309692382812,587.3735961914062,49.609375,144.7353515625,-1,-1,-1,-1
407,3,725.6246337890625,593.5191650390625,47.53570556640625,145.635498046875,-1,-1,-1,-1
408,3,738.79541015625,592.810546875,52.47052001953125,146.229248046875,-1,-1,-1,-1
409,3,746.6903686523438,584.1770629882812,74.22528076171875,170.84124755859375,-1,-1,-1,-1
410,3,753.1246337890625,573.6708984375,86.83062744140625,223.7132568359375,-1,-1,-1,-1
411,3,757.3591918945312,553.0147094726562,99.51507568359375,255.94775390625,-1,-1,-1,-1
412,3,754.7410888671875,587.1195068359375,76.368896484375,203.234375,-1,-1,-1,-1
413,3,749.6566162109375,600.4344482421875,64.25201416015625,154.01458740234375,-1,-1,-1,-1
414,3,742.7567749023438,596.5387573242188,52.4730224609375,141.3458251953125,-1,-1,-1,-1
415,3,732.0358276367188,595.0825805664062,56.447998046875,156.18634033203125,-1,-1,-1,-1
416,3,718.0159912109375,595.6253662109375,56.6591796875,165.62371826171875,-1,-1,-1,-1
417,3,703.0253295898438,599.3328857421875,56.48553466796875,168.310302734375,-1,-1,-1,-1
418,3,690.4642333984375,603.1922607421875,53.6295166015625,164.626708984375,-1,-1,-1,-1
419,3,679.2450561523438,606.1226806640625,53.261474609375,166.729736328125,-1,-1,-1,-1
420,3,673.358154296875,607.302001953125,52.0640869140625,161.37066650390625,-1,-1,-1,-1
421,3,672.7922973632812,612.8495483398438,51.86224365234375,155.004150390625,-1,-1,-1,-1
422,3,670.241455078125,616.8436889648438,52.16339111328125,156.10491943359375,-1,-1,-1,-1
423,3,663.281982421875,615.303466796875,54.05377197265625,156.1343994140625,-1,-1,-1,-1
424,3,654.9393310546875,612.882080078125,51.51361083984375,156.5904541015625,-1,-1,-1,-1
425,3,648.8305053710938,609.10986328125,54.98193359375,160.2427978515625,-1,-1,-1,-1
426,3,646.509521484375,610.3231811523438,54.0882568359375,158.79425048828125,-1,-1,-1,-1
427,3,639.87890625,612.0221557617188,53.00103759765625,162.3079833984375,-1,-1,-1,-1
428,3,634.25634765625,614.6679077148438,55.12823486328125,163.43182373046875,-1,-1,-1,-1
429,3,633.27001953125,610.7459716796875,55.05828857421875,161.3544921875,-1,-1,-1,-1
430,3,643.1334228515625,597.252685546875,56.451416015625,173.71112060546875,-1,-1,-1,-1
431,3,657.9472045898438,599.1420288085938,59.9659423828125,177.65362548828125,-1,-1,-1,-1
432,3,672.6983032226562,585.8751220703125,56.60357666015625,142.183349609375,-1,-1,-1,-1
439,4,701.3595581054688,559.1840209960938,70.9090576171875,176.95343017578125,-1,-1,-1,-1
440,4,706.1677856445312,552.5364990234375,65.98974609375,160.26263427734375,-1,-1,-1,-1
441,4,709.8021850585938,551.487548828125,62.64837646484375,162.1353759765625,-1,-1,-1,-1
442,4,717.9288330078125,560.318115234375,59.85406494140625,153.325439453125,-1,-1,-1,-1
443,4,722.5729370117188,562.9510498046875,57.875732421875,150.66827392578125,-1,-1,-1,-1
444,4,714.9776611328125,571.2442626953125,65.93585205078125,155.39111328125,-1,-1,-1,-1
445,4,701.3556518554688,591.817138671875,80.1807861328125,176.562744140625,-1,-1,-1,-1
446,4,661.0703735351562,560.29296875,114.5074462890625,252.544189453125,-1,-1,-1,-1
450,4,673.1998291015625,587.2391357421875,97.2642822265625,202.742919921875,-1,-1,-1,-1
451,4,657.5870361328125,600.1577758789062,64.7415771484375,149.8690185546875,-1,-1,-1,-1
452,4,637.364013671875,606.6317138671875,58.66363525390625,179.7760009765625,-1,-1,-1,-1
453,4,617.5784301757812,617.7303466796875,58.4495849609375,178.42010498046875,-1,-1,-1,-1
454,4,605.5220336914062,617.661376953125,59.60394287109375,168.02032470703125,-1,-1,-1,-1
455,4,589.3041381835938,633.8900146484375,59.7374267578125,168.59808349609375,-1,-1,-1,-1
456,4,577.5447998046875,638.894775390625,59.6053466796875,169.668212890625,-1,-1,-1,-1
457,4,562.4795532226562,629.5740356445312,58.98028564453125,169.31719970703125,-1,-1,-1,-1
458,4,544.4912109375,632.1713256835938,61.0379638671875,170.4615478515625,-1,-1,-1,-1
459,4,525.3002319335938,634.8494262695312,61.4482421875,174.34381103515625,-1,-1,-1,-1
460,4,507.33184814453125,639.3622436523438,60.90069580078125,174.9498291015625,-1,-1,-1,-1
461,4,486.65869140625,646.4772338867188,63.097412109375,177.73382568359375,-1,-1,-1,-1
462,4,467.0699462890625,657.4592895507812,63.82843017578125,180.0880126953125,-1,-1,-1,-1
463,4,445.0683898925781,673.908935546875,65.16534423828125,182.46826171875,-1,-1,-1,-1
464,4,425.73846435546875,681.6637573242188,66.41311645507812,187.21331787109375,-1,-1,-1,-1
465,4,406.698486328125,678.4083862304688,68.43255615234375,191.0972900390625,-1,-1,-1,-1
466,4,389.75213623046875,677.3956298828125,69.4674072265625,192.54559326171875,-1,-1,-1,-1
467,4,370.1497802734375,671.0211791992188,72.2164306640625,195.98968505859375,-1,-1,-1,-1
468,4,351.8535461425781,665.1044311523438,74.64645385742188,199.0411376953125,-1,-1,-1,-1
469,4,332.912353515625,665.5217895507812,74.6553955078125,201.720458984375,-1,-1,-1,-1
470,4,318.94757080078125,666.4073486328125,76.66744995117188,202.05865478515625,-1,-1,-1,-1
471,4,310.0917663574219,661.858642578125,78.2254638671875,204.90765380859375,-1,-1,-1,-1
472,4,305.44036865234375,652.2242431640625,81.47634887695312,205.67724609375,-1,-1,-1,-1
473,4,298.0106201171875,647.4688110351562,83.2449951171875,206.8017578125,-1,-1,-1,-1
474,4,307.8650817871094,656.2486572265625,78.77157592773438,206.5445556640625,-1,-1,-1,-1
475,4,324.8309326171875,656.1926879882812,74.45199584960938,208.56427001953125,-1,-1,-1,-1
476,4,315.98187255859375,637.4492797851562,76.25271606445312,208.486328125,-1,-1,-1,-1
477,4,319.58648681640625,632.819580078125,76.0968017578125,207.51531982421875,-1,-1,-1,-1
478,4,328.73651123046875,641.7727661132812,75.7841796875,207.2034912109375,-1,-1,-1,-1
479,4,335.61175537109375,650.2146606445312,77.98138427734375,206.53753662109375,-1,-1,-1,-1
480,4,333.2120361328125,653.0789184570312,77.27978515625,208.08251953125,-1,-1,-1,-1
481,4,324.6925048828125,654.1275024414062,76.8905029296875,211.06988525390625,-1,-1,-1,-1
482,4,319.9786071777344,650.3582153320312,77.40237426757812,206.50726318359375,-1,-1,-1,-1
483,4,308.06707763671875,651.21826171875,79.52102661132812,207.889404296875,-1,-1,-1,-1
484,4,303.14532470703125,647.455810546875,76.964111328125,211.35736083984375,-1,-1,-1,-1
485,4,297.1068115234375,642.735107421875,76.64010620117188,210.87445068359375,-1,-1,-1,-1
486,4,295.1387939453125,643.5003051757812,76.59564208984375,210.8974609375,-1,-1,-1,-1
487,4,290.812744140625,647.3604736328125,77.46527099609375,210.5726318359375,-1,-1,-1,-1
488,4,282.2571716308594,646.0478515625,79.35333251953125,211.05291748046875,-1,-1,-1,-1
489,4,273.9862365722656,645.3770751953125,79.855712890625,211.758544921875,-1,-1,-1,-1
490,4,264.4862976074219,647.410888671875,79.46182250976562,212.1475830078125,-1,-1,-1,-1
491,4,258.0821228027344,649.4466552734375,79.92755126953125,215.20947265625,-1,-1,-1,-1
492,4,250.03199768066406,648.4351196289062,80.50767517089844,215.5692138671875,-1,-1,-1,-1
493,4,237.93948364257812,646.320068359375,80.6182861328125,217.77545166015625,-1,-1,-1,-1
494,4,230.41378784179688,641.9960327148438,80.01113891601562,215.69744873046875,-1,-1,-1,-1
495,4,224.4228973388672,631.2025756835938,80.82835388183594,216.6546630859375,-1,-1,-1,-1
496,4,223.37289428710938,622.7985229492188,79.64703369140625,215.40966796875,-1,-1,-1,-1
497,4,220.8838348388672,620.0113525390625,78.57530212402344,217.16796875,-1,-1,-1,-1
498,4,222.47357177734375,616.303955078125,78.70108032226562,215.48388671875,-1,-1,-1,-1
499,4,228.17601013183594,616.5385131835938,78.36280822753906,214.31866455078125,-1,-1,-1,-1
500,4,242.08038330078125,616.7031860351562,76.00527954101562,212.41265869140625,-1,-1,-1,-1
501,4,256.7115478515625,614.135986328125,75.36288452148438,211.54022216796875,-1,-1,-1,-1
502,4,276.7099914550781,611.7996826171875,74.34695434570312,206.6680908203125,-1,-1,-1,-1
503,4,300.17376708984375,605.7586059570312,71.8909912109375,204.34771728515625,-1,-1,-1,-1
504,4,315.4235534667969,595.1179809570312,73.60360717773438,202.32550048828125,-1,-1,-1,-1
505,4,323.8012390136719,587.5254516601562,73.61798095703125,199.73223876953125,-1,-1,-1,-1
506,4,330.3523254394531,582.6202392578125,72.27835083007812,199.6724853515625,-1,-1,-1,-1
507,4,331.76287841796875,586.4669189453125,73.08737182617188,197.557861328125,-1,-1,-1,-1
508,4,332.5300598144531,592.2743530273438,72.88162231445312,197.26007080078125,-1,-1,-1,-1
509,4,331.58050537109375,595.5162353515625,74.0916748046875,207.8504638671875,-1,-1,-1,-1
510,4,328.18072509765625,599.2711791992188,73.614501953125,204.49298095703125,-1,-1,-1,-1
511,4,322.3897705078125,602.0542602539062,78.05520629882812,213.64666748046875,-1,-1,-1,-1
512,4,320.95867919921875,606.6292724609375,77.89385986328125,214.82391357421875,-1,-1,-1,-1
513,4,318.68841552734375,610.075927734375,79.43072509765625,215.4678955078125,-1,-1,-1,-1
514,4,315.4422912597656,611.2216796875,79.96942138671875,212.9190673828125,-1,-1,-1,-1
515,4,316.13177490234375,606.3059692382812,80.03582763671875,211.96197509765625,-1,-1,-1,-1
516,4,313.6198425292969,601.6400756835938,82.59246826171875,211.02825927734375,-1,-1,-1,-1
517,4,300.59344482421875,599.6930541992188,85.3829345703125,211.09539794921875,-1,-1,-1,-1
518,4,281.29962158203125,597.8345947265625,89.9005126953125,212.88299560546875,-1,-1,-1,-1
519,4,266.21417236328125,595.78466796875,95.15762329101562,212.74395751953125,-1,-1,-1,-1
520,4,252.93731689453125,591.9920043945312,101.65463256835938,214.48858642578125,-1,-1,-1,-1
521,4,237.3235321044922,586.88427734375,105.70317077636719,216.6163330078125,-1,-1,-1,-1
522,4,223.06396484375,582.5429077148438,110.08468627929688,214.52703857421875,-1,-1,-1,-1
523,4,217.85260009765625,577.9351196289062,108.65194702148438,216.34454345703125,-1,-1,-1,-1
524,4,213.0944061279297,579.3009033203125,112.31449890136719,215.59228515625,-1,-1,-1,-1
525,4,202.20994567871094,576.720458984375,109.63447570800781,216.1734619140625,-1,-1,-1,-1
526,4,188.98007202148438,565.19873046875,109.94564819335938,216.45965576171875,-1,-1,-1,-1
527,4,181.59957885742188,568.63818359375,113.26101684570312,215.92974853515625,-1,-1,-1,-1
528,4,178.07069396972656,583.1385498046875,114.86354064941406,216.59326171875,-1,-1,-1,-1
529,4,175.2405242919922,587.8312377929688,111.77049255371094,215.78509521484375,-1,-1,-1,-1
530,4,169.22024536132812,595.2954711914062,114.28305053710938,214.09423828125,-1,-1,-1,-1
531,4,172.7311553955078,605.8436889648438,116.61286926269531,212.9293212890625,-1,-1,-1,-1
532,4,171.613037109375,614.5170288085938,114.79541015625,211.03125,-1,-1,-1,-1
533,4,168.26419067382812,628.125732421875,121.98504638671875,210.2794189453125,-1,-1,-1,-1
534,4,163.49423217773438,626.3826293945312,123.40814208984375,209.57366943359375,-1,-1,-1,-1
535,4,162.21499633789062,611.8382568359375,127.41751098632812,209.3037109375,-1,-1,-1,-1
536,4,174.13827514648438,608.1477661132812,120.61895751953125,207.62261962890625,-1,-1,-1,-1
537,4,174.33018493652344,607.09326171875,121.55860900878906,206.09857177734375,-1,-1,-1,-1
538,4,173.85357666015625,618.1890258789062,119.76202392578125,206.5902099609375,-1,-1,-1,-1
539,4,172.9374542236328,614.8477783203125,119.91926574707031,206.236572265625,-1,-1,-1,-1
540,4,178.07769775390625,601.2200317382812,122.586669921875,205.55462646484375,-1,-1,-1,-1
541,4,197.95989990234375,588.596923828125,120.61367797851562,204.08221435546875,-1,-1,-1,-1
542,4,198.16961669921875,600.5800170898438,124.66363525390625,203.9337158203125,-1,-1,-1,-1
543,4,196.83998107910156,599.9131469726562,128.67909240722656,204.2017822265625,-1,-1,-1,-1
544,4,204.2029266357422,583.8865966796875,126.16722106933594,202.6156005859375,-1,-1,-1,-1
545,4,207.072509765625,615.6236572265625,126.88824462890625,200.0728759765625,-1,-1,-1,-1
546,4,210.5985870361328,631.88330078125,121.58137512207031,199.61517333984375,-1,-1,-1,-1
547,4,225.753173828125,617.4915771484375,110.35769653320312,199.2410888671875,-1,-1,-1,-1
548,4,228.38784790039062,618.1019897460938,115.83255004882812,197.19195556640625,-1,-1,-1,-1
549,4,227.3050079345703,611.26904296875,119.52265930175781,196.23504638671875,-1,-1,-1,-1
550,4,236.08372497558594,617.2251586914062,110.48292541503906,194.18328857421875,-1,-1,-1,-1
551,4,232.58912658691406,644.648193359375,111.65336608886719,193.14886474609375,-1,-1,-1,-1
552,4,217.77549743652344,655.5551147460938,123.06440734863281,194.51983642578125,-1,-1,-1,-1
553,4,210.09811401367188,641.1552124023438,134.45901489257812,193.58648681640625,-1,-1,-1,-1
554,4,223.00572204589844,628.0712280273438,126.55134582519531,192.38604736328125,-1,-1,-1,-1
555,4,222.55584716796875,628.8942260742188,123.7799072265625,192.23553466796875,-1,-1,-1,-1
556,4,219.60084533691406,631.2559814453125,121.66401672363281,191.3260498046875,-1,-1,-1,-1
557,4,215.07752990722656,644.2206420898438,129.9908905029297,192.40924072265625,-1,-1,-1,-1
558,4,219.6427459716797,653.6420288085938,124.87550354003906,191.845703125,-1,-1,-1,-1
559,4,217.35240173339844,653.6402587890625,129.4929656982422,192.42578125,-1,-1,-1,-1
560,4,214.662109375,651.8341064453125,131.42996215820312,190.62860107421875,-1,-1,-1,-1
561,4,209.1580810546875,641.1878662109375,126.406005859375,192.3046875,-1,-1,-1,-1
562,4,210.7079315185547,625.9462280273438,135.4151153564453,192.72271728515625,-1,-1,-1,-1
563,4,223.01168823242188,646.1923828125,146.19015502929688,188.69219970703125,-1,-1,-1,-1
564,4,202.04977416992188,647.59423828125,159.60025024414062,189.1988525390625,-1,-1,-1,-1
565,4,218.79962158203125,616.2942504882812,156.30679321289062,189.08599853515625,-1,-1,-1,-1
566,4,240.05296325683594,597.2484130859375,141.9252471923828,188.93084716796875,-1,-1,-1,-1
567,4,238.31915283203125,604.8826293945312,149.93780517578125,188.24786376953125,-1,-1,-1,-1
568,4,218.13525390625,632.374755859375,159.50259399414062,190.16839599609375,-1,-1,-1,-1
569,4,234.01138305664062,662.4906616210938,148.1204833984375,191.17413330078125,-1,-1,-1,-1
570,4,210.1853485107422,665.3535766601562,141.56761169433594,192.6871337890625,-1,-1,-1,-1
571,4,182.0783233642578,643.9203491210938,151.9626007080078,194.81219482421875,-1,-1,-1,-1
572,4,183.14639282226562,635.8826293945312,153.98876953125,193.2911376953125,-1,-1,-1,-1
573,4,179.72000122070312,641.2513427734375,148.14041137695312,192.509033203125,-1,-1,-1,-1
574,4,190.5358428955078,659.3887939453125,140.7128448486328,189.1282958984375,-1,-1,-1,-1
575,4,192.2219696044922,673.8779296875,139.0749969482422,191.63482666015625,-1,-1,-1,-1
576,4,209.48550415039062,658.6427001953125,122.44174194335938,187.5152587890625,-1,-1,-1,-1
577,4,205.12161254882812,652.3427734375,131.4259033203125,183.7984619140625,-1,-1,-1,-1
578,4,194.6285400390625,642.0059204101562,138.6258544921875,181.46099853515625,-1,-1,-1,-1
579,4,207.86083984375,617.5820922851562,138.75436401367188,179.07440185546875,-1,-1,-1,-1
580,4,218.03370666503906,615.5523681640625,129.5019073486328,176.9549560546875,-1,-1,-1,-1
581,4,243.77674865722656,612.4094848632812,115.94993591308594,174.81988525390625,-1,-1,-1,-1
582,4,251.43296813964844,617.4398193359375,122.09129333496094,175.41339111328125,-1,-1,-1,-1
583,4,246.94989013671875,631.9957275390625,114.26272583007812,173.98114013671875,-1,-1,-1,-1
584,4,235.57907104492188,646.2578735351562,118.34194946289062,174.74755859375,-1,-1,-1,-1
585,4,250.31463623046875,627.936279296875,110.16268920898438,172.53948974609375,-1,-1,-1,-1
586,4,245.68519592285156,616.4747924804688,116.10279846191406,173.24127197265625,-1,-1,-1,-1
587,4,250.2712860107422,613.6195068359375,108.67222595214844,173.05279541015625,-1,-1,-1,-1
588,4,249.8240203857422,617.071533203125,110.54991149902344,174.95172119140625,-1,-1,-1,-1
589,4,253.80877685546875,636.4617919921875,110.22430419921875,174.46990966796875,-1,-1,-1,-1
590,4,257.02099609375,640.4371948242188,112.82150268554688,173.5728759765625,-1,-1,-1,-1
591,4,258.61767578125,643.610595703125,115.80233764648438,173.09857177734375,-1,-1,-1,-1
592,4,268.0310363769531,644.1212768554688,111.15646362304688,172.64654541015625,-1,-1,-1,-1
593,4,277.1556701660156,637.4869995117188,104.53433227539062,175.14996337890625,-1,-1,-1,-1
594,4,281.3988952636719,629.4679565429688,107.31591796875,176.30767822265625,-1,-1,-1,-1
595,4,277.1790466308594,623.2671508789062,114.90963745117188,178.914306640625,-1,-1,-1,-1
596,4,284.9936218261719,628.1467895507812,117.95809936523438,178.85052490234375,-1,-1,-1,-1
597,4,304.54180908203125,626.3265380859375,103.12750244140625,180.4173583984375,-1,-1,-1,-1
598,4,317.83782958984375,634.3733520507812,96.84280395507812,182.94183349609375,-1,-1,-1,-1
599,4,346.785888671875,638.02734375,89.27627563476562,181.54644775390625,-1,-1,-1,-1
600,4,395.5792541503906,636.6299438476562,85.35589599609375,180.29248046875,-1,-1,-1,-1
601,4,417.8914489746094,652.2476196289062,91.72677612304688,180.35528564453125,-1,-1,-1,-1
