1,1,464.8019714355469,573.2652587890625,52.113494873046875,133.21453857421875,-1,-1,-1,-1
2,1,467.53912353515625,575.9033813476562,52.4271240234375,134.72552490234375,-1,-1,-1,-1
3,1,476.4955139160156,573.1968383789062,52.163909912109375,130.97528076171875,-1,-1,-1,-1
4,1,486.5790710449219,565.073486328125,54.961517333984375,131.954833984375,-1,-1,-1,-1
5,1,490.7790832519531,559.0130615234375,56.287200927734375,132.768798828125,-1,-1,-1,-1
6,1,491.79150390625,557.0380859375,55.24139404296875,131.5926513671875,-1,-1,-1,-1
7,1,490.392333984375,559.3274536132812,55.1201171875,130.5406494140625,-1,-1,-1,-1
8,1,488.127197265625,557.1908569335938,59.7686767578125,132.387939453125,-1,-1,-1,-1
9,1,490.0957946777344,558.2457885742188,61.708038330078125,130.59454345703125,-1,-1,-1,-1
10,1,492.24639892578125,561.5103759765625,63.03387451171875,129.989013671875,-1,-1,-1,-1
11,1,488.5342712402344,564.2376708984375,66.75265502929688,129.75677490234375,-1,-1,-1,-1
12,1,487.90728759765625,563.1721801757812,64.04473876953125,127.2919921875,-1,-1,-1,-1
13,1,481.44525146484375,557.1104736328125,66.5789794921875,130.7386474609375,-1,-1,-1,-1
14,1,471.7567138671875,553.7459716796875,71.129150390625,128.26318359375,-1,-1,-1,-1
15,1,468.9509582519531,548.0535278320312,66.42050170898438,130.3673095703125,-1,-1,-1,-1
16,1,460.4283752441406,545.0248413085938,69.75003051757812,129.9974365234375,-1,-1,-1,-1
17,1,460.21051025390625,542.916015625,68.73614501953125,130.33056640625,-1,-1,-1,-1
18,1,459.91583251953125,543.3265991210938,69.44573974609375,130.4156494140625,-1,-1,-1,-1
19,1,463.3529357910156,544.8988647460938,66.18820190429688,131.7203369140625,-1,-1,-1,-1
20,1,471.9321594238281,548.7588500976562,57.171600341796875,131.32086181640625,-1,-1,-1,-1
21,1,475.62432861328125,554.1853637695312,58.17730712890625,132.09814453125,-1,-1,-1,-1
22,1,491.2891845703125,563.90771484375,55.712158203125,131.6097412109375,-1,-1,-1,-1
23,1,512.1032409667969,574.4616088867188,51.523895263671875,130.79095458984375,-1,-1,-1,-1
24,1,530.8983154296875,582.7257690429688,51.6781005859375,131.56414794921875,-1,-1,-1,-1
25,1,546.3323364257812,593.0568237304688,51.03009033203125,130.43572998046875,-1,-1,-1,-1
26,1,559.6900634765625,600.1203002929688,49.3502197265625,128.84063720703125,-1,-1,-1,-1
27,1,569.7003173828125,607.3296508789062,46.68463134765625,130.89849853515625,-1,-1,-1,-1
28,1,575.178466796875,612.9058837890625,48.30084228515625,131.162353515625,-1,-1,-1,-1
29,1,582.40478515625,618.1259765625,48.7774658203125,133.32177734375,-1,-1,-1,-1
30,1,588.6934814453125,621.1593017578125,47.80291748046875,132.31732177734375,-1,-1,-1,-1
31,1,593.5919189453125,621.7662353515625,47.1607666015625,133.39208984375,-1,-1,-1,-1
32,1,595.4859008789062,622.0621948242188,45.88232421875,132.96044921875,-1,-1,-1,-1
33,1,594.52783203125,621.3822021484375,46.25653076171875,133.30157470703125,-1,-1,-1,-1
34,1,590.4934692382812,624.3837280273438,46.16888427734375,130.9295654296875,-1,-1,-1,-1
35,1,579.8684692382812,631.2252197265625,46.85986328125,133.455078125,-1,-1,-1,-1
36,1,567.8440551757812,636.0057983398438,43.48284912109375,133.46240234375,-1,-1,-1,-1
37,1,556.8370971679688,640.7361450195312,44.5328369140625,134.28955078125,-1,-1,-1,-1
38,1,549.21630859375,636.9544677734375,46.68310546875,134.7066650390625,-1,-1,-1,-1
39,1,539.1172485351562,635.5691528320312,48.18017578125,132.88909912109375,-1,-1,-1,-1
40,1,525.626953125,636.7778930664062,49.03900146484375,134.037109375,-1,-1,-1,-1
41,1,512.1834106445312,641.3857421875,50.6959228515625,134.82525634765625,-1,-1,-1,-1
42,1,503.8758544921875,646.7670288085938,50.1427001953125,135.3865966796875,-1,-1,-1,-1
43,1,495.588623046875,654.6869506835938,51.364990234375,135.05865478515625,-1,-1,-1,-1
44,1,490.5587158203125,652.5315551757812,48.890869140625,133.4619140625,-1,-1,-1,-1
45,1,483.3067932128906,645.8230590820312,49.581207275390625,133.25244140625,-1,-1,-1,-1
46,1,479.5704040527344,648.9557495117188,48.955963134765625,133.33905029296875,-1,-1,-1,-1
47,1,479.22039794921875,650.66357421875,48.49493408203125,131.7987060546875,-1,-1,-1,-1
48,1,477.8329162597656,649.0491333007812,48.161895751953125,134.18804931640625,-1,-1,-1,-1
49,1,473.92059326171875,649.0320434570312,49.281005859375,133.63336181640625,-1,-1,-1,-1
50,1,467.8620910644531,649.1182250976562,50.636871337890625,131.94573974609375,-1,-1,-1,-1
51,1,461.9105529785156,642.7352294921875,50.300506591796875,136.64398193359375,-1,-1,-1,-1
52,1,459.9965515136719,636.610595703125,48.98712158203125,130.4569091796875,-1,-1,-1,-1
53,1,457.20660400390625,631.7799682617188,50.023406982421875,132.92413330078125,-1,-1,-1,-1
54,1,456.40753173828125,628.8441162109375,50.29974365234375,134.68414306640625,-1,-1,-1,-1
55,1,457.61053466796875,626.6715698242188,50.34942626953125,135.54669189453125,-1,-1,-1,-1
56,1,457.7177734375,628.15869140625,49.22900390625,133.8358154296875,-1,-1,-1,-1
57,1,458.1056823730469,631.699951171875,49.02789306640625,134.77337646484375,-1,-1,-1,-1
58,1,462.0777282714844,634.1488037109375,48.8096923828125,134.4730224609375,-1,-1,-1,-1
59,1,469.7850036621094,636.4088134765625,49.852935791015625,132.70513916015625,-1,-1,-1,-1
60,1,479.1380310058594,637.4090576171875,48.881195068359375,131.782470703125,-1,-1,-1,-1
61,1,490.10076904296875,637.0073852539062,48.882568359375,130.71966552734375,-1,-1,-1,-1
62,1,501.5506591796875,639.53271484375,48.4786376953125,130.17095947265625,-1,-1,-1,-1
63,1,508.47760009765625,643.4843139648438,48.00848388671875,132.4661865234375,-1,-1,-1,-1
64,1,509.0027160644531,642.8235473632812,48.615081787109375,133.1544189453125,-1,-1,-1,-1
65,1,505.8714904785156,640.7017822265625,48.559661865234375,131.97802734375,-1,-1,-1,-1
66,1,504.89691162109375,640.3118896484375,48.62908935546875,130.11883544921875,-1,-1,-1,-1
67,1,505.4981994628906,640.7938842773438,48.402984619140625,131.98486328125,-1,-1,-1,-1
68,1,506.8856201171875,640.4585571289062,47.86175537109375,130.91644287109375,-1,-1,-1,-1
69,1,506.2640380859375,640.3587036132812,48.2784423828125,131.58642578125,-1,-1,-1,-1
70,1,505.3367614746094,640.391845703125,48.970428466796875,131.1763916015625,-1,-1,-1,-1
71,1,504.8016662597656,641.455322265625,48.919586181640625,132.69671630859375,-1,-1,-1,-1
72,1,504.4862976074219,642.0589599609375,49.750579833984375,135.236572265625,-1,-1,-1,-1
73,1,505.76251220703125,642.6644897460938,49.4898681640625,135.18035888671875,-1,-1,-1,-1
74,1,507.673095703125,642.744873046875,49.461181640625,135.126220703125,-1,-1,-1,-1
75,1,512.1622009277344,643.040771484375,48.900604248046875,133.13909912109375,-1,-1,-1,-1
76,1,519.6002197265625,641.5867309570312,48.519287109375,132.26898193359375,-1,-1,-1,-1
77,1,527.98486328125,639.9578857421875,47.651611328125,128.4739990234375,-1,-1,-1,-1
78,1,534.6032104492188,637.337158203125,46.4171142578125,130.99395751953125,-1,-1,-1,-1
79,1,537.5819702148438,635.7620239257812,46.98248291015625,129.94879150390625,-1,-1,-1,-1
80,1,540.5889892578125,634.1323852539062,46.678466796875,128.60809326171875,-1,-1,-1,-1
81,1,544.6367797851562,630.654296875,46.0965576171875,131.6312255859375,-1,-1,-1,-1
82,1,549.0707397460938,624.3663940429688,46.391845703125,131.51385498046875,-1,-1,-1,-1
83,1,551.7731323242188,619.5439453125,46.65521240234375,130.39471435546875,-1,-1,-1,-1
84,1,553.03369140625,614.1189575195312,46.51873779296875,126.9176025390625,-1,-1,-1,-1
85,1,551.296142578125,609.8418579101562,46.568359375,130.228271484375,-1,-1,-1,-1
86,1,551.664306640625,607.6580810546875,46.96844482421875,130.13739013671875,-1,-1,-1,-1
87,1,550.2450561523438,605.9627075195312,47.4896240234375,129.938232421875,-1,-1,-1,-1
88,1,547.1692504882812,607.78515625,47.467529296875,130.45599365234375,-1,-1,-1,-1
89,1,545.425537109375,612.0607299804688,45.774169921875,127.38006591796875,-1,-1,-1,-1
90,1,543.5571899414062,612.6553955078125,46.0555419921875,127.87060546875,-1,-1,-1,-1
91,1,541.8055419921875,610.0304565429688,45.89849853515625,129.50299072265625,-1,-1,-1,-1
92,1,538.12060546875,607.38623046875,46.84405517578125,129.23748779296875,-1,-1,-1,-1
93,1,532.2925415039062,606.4666748046875,47.126708984375,127.51678466796875,-1,-1,-1,-1
94,1,527.3253784179688,603.4329833984375,48.5970458984375,130.30621337890625,-1,-1,-1,-1
95,1,520.4920043945312,601.0380249023438,49.62286376953125,130.85736083984375,-1,-1,-1,-1
96,1,513.1862182617188,599.825927734375,48.21807861328125,129.43218994140625,-1,-1,-1,-1
97,1,502.4801940917969,597.085693359375,49.535858154296875,131.705810546875,-1,-1,-1,-1
98,1,495.3642883300781,597.3182983398438,49.879791259765625,131.63592529296875,-1,-1,-1,-1
99,1,490.68914794921875,596.3240966796875,50.2615966796875,132.77069091796875,-1,-1,-1,-1
100,1,487.60919189453125,595.6325073242188,49.963134765625,131.84552001953125,-1,-1,-1,-1
101,1,484.5377502441406,594.4217529296875,48.834381103515625,131.6937255859375,-1,-1,-1,-1
102,1,478.46099853515625,593.0726928710938,50.691650390625,131.4083251953125,-1,-1,-1,-1
103,1,473.76458740234375,592.1410522460938,50.94927978515625,132.77972412109375,-1,-1,-1,-1
104,1,472.456787109375,590.5548095703125,50.15899658203125,133.91815185546875,-1,-1,-1,-1
105,1,470.9120788574219,590.16259765625,50.824981689453125,134.03662109375,-1,-1,-1,-1
106,1,469.0206298828125,590.5589599609375,50.9908447265625,135.45635986328125,-1,-1,-1,-1
107,1,467.309814453125,591.409912109375,51.53460693359375,135.3214111328125,-1,-1,-1,-1
108,1,467.1466064453125,591.7568359375,51.89654541015625,135.27923583984375,-1,-1,-1,-1
109,1,465.96722412109375,591.7963256835938,52.29327392578125,135.0716552734375,-1,-1,-1,-1
110,1,465.17730712890625,592.8685302734375,51.70318603515625,135.31536865234375,-1,-1,-1,-1
111,1,466.6083984375,595.9103393554688,50.609375,135.36907958984375,-1,-1,-1,-1
112,1,468.27349853515625,600.738037109375,51.61627197265625,135.4747314453125,-1,-1,-1,-1
113,1,471.87493896484375,601.1488647460938,50.95904541015625,135.76898193359375,-1,-1,-1,-1
114,1,476.390625,601.07177734375,49.16033935546875,134.18499755859375,-1,-1,-1,-1
115,1,479.3230895996094,600.6051635742188,49.467132568359375,133.62493896484375,-1,-1,-1,-1
116,1,481.5477294921875,599.0650634765625,50.10052490234375,134.96917724609375,-1,-1,-1,-1
117,1,486.0540771484375,597.8032836914062,50.20013427734375,135.677490234375,-1,-1,-1,-1
118,1,492.4936828613281,594.69580078125,49.762725830078125,134.2783203125,-1,-1,-1,-1
119,1,497.94671630859375,590.36669921875,50.25543212890625,135.2760009765625,-1,-1,-1,-1
120,1,504.3745422363281,583.1319580078125,50.285308837890625,136.46746826171875,-1,-1,-1,-1
121,1,510.9305419921875,576.5777587890625,50.282470703125,134.12713623046875,-1,-1,-1,-1
122,1,515.1690673828125,572.701416015625,49.7340087890625,135.50164794921875,-1,-1,-1,-1
123,1,516.9580688476562,577.0900268554688,48.414306640625,135.17779541015625,-1,-1,-1,-1
124,1,514.83837890625,584.0433349609375,49.64666748046875,136.38739013671875,-1,-1,-1,-1
125,1,516.9475708007812,591.3101806640625,48.74957275390625,135.15460205078125,-1,-1,-1,-1
126,1,517.93603515625,597.005615234375,48.33673095703125,133.25360107421875,-1,-1,-1,-1
127,1,515.9994506835938,602.8218994140625,48.37615966796875,134.669921875,-1,-1,-1,-1
128,1,511.29046630859375,608.840087890625,48.15869140625,132.2244873046875,-1,-1,-1,-1
129,1,503.544677734375,612.534423828125,49.67864990234375,135.255859375,-1,-1,-1,-1
130,1,496.0626525878906,615.9306640625,51.032073974609375,134.01116943359375,-1,-1,-1,-1
131,1,489.1395568847656,617.7044067382812,49.650054931640625,134.77166748046875,-1,-1,-1,-1
132,1,480.9095458984375,618.3310546875,50.28314208984375,133.95428466796875,-1,-1,-1,-1
133,1,475.00140380859375,613.8491821289062,49.97113037109375,135.43939208984375,-1,-1,-1,-1
134,1,471.1581115722656,610.2306518554688,49.772186279296875,134.420654296875,-1,-1,-1,-1
135,1,467.54461669921875,609.033935546875,49.619873046875,131.6678466796875,-1,-1,-1,-1
136,1,462.6686706542969,607.6405029296875,50.028839111328125,133.23046875,-1,-1,-1,-1
137,1,456.93292236328125,606.8009033203125,50.21282958984375,134.90203857421875,-1,-1,-1,-1
138,1,450.0755615234375,605.57763671875,50.2496337890625,134.1495361328125,-1,-1,-1,-1
139,1,444.9603271484375,601.1180419921875,50.526947021484375,136.6929931640625,-1,-1,-1,-1
140,1,441.1051025390625,599.6566772460938,51.818023681640625,136.09613037109375,-1,-1,-1,-1
141,1,438.97540283203125,599.031494140625,51.931549072265625,136.83319091796875,-1,-1,-1,-1
142,1,435.0603332519531,599.470947265625,51.611053466796875,137.388671875,-1,-1,-1,-1
143,1,428.44451904296875,602.6715087890625,51.11834716796875,136.447998046875,-1,-1,-1,-1
144,1,422.2781677246094,605.77294921875,50.955718994140625,135.0562744140625,-1,-1,-1,-1
145,1,418.7966003417969,606.974609375,50.072509765625,136.4852294921875,-1,-1,-1,-1
146,1,416.58203125,606.9923706054688,50.43035888671875,135.64678955078125,-1,-1,-1,-1
147,1,413.2464599609375,607.2233276367188,51.23760986328125,136.5435791015625,-1,-1,-1,-1
148,1,410.6734924316406,607.3530883789062,51.243988037109375,139.16668701171875,-1,-1,-1,-1
149,1,407.2423400878906,608.5000610351562,51.893951416015625,139.97894287109375,-1,-1,-1,-1
150,1,404.1982421875,609.6795043945312,52.767608642578125,139.83489990234375,-1,-1,-1,-1
151,1,402.5893249511719,611.0777587890625,52.7169189453125,139.34906005859375,-1,-1,-1,-1
152,1,401.4540100097656,611.079345703125,52.2958984375,139.8167724609375,-1,-1,-1,-1
153,1,401.24896240234375,610.0135498046875,52.647430419921875,140.09234619140625,-1,-1,-1,-1
154,1,404.318359375,609.7348022460938,53.0902099609375,140.1461181640625,-1,-1,-1,-1
155,1,408.4611511230469,609.55029296875,51.8760986328125,138.25982666015625,-1,-1,-1,-1
156,1,410.752197265625,609.677490234375,51.3802490234375,139.041259765625,-1,-1,-1,-1
157,1,411.0555725097656,608.8793334960938,50.709564208984375,137.97052001953125,-1,-1,-1,-1
158,1,407.8234558105469,608.0331420898438,50.96258544921875,138.863525390625,-1,-1,-1,-1
159,1,403.3795166015625,606.4201049804688,51.052734375,135.08953857421875,-1,-1,-1,-1
160,1,400.29046630859375,602.6275634765625,51.627838134765625,138.32611083984375,-1,-1,-1,-1
161,1,398.96514892578125,599.3466796875,51.6593017578125,139.0982666015625,-1,-1,-1,-1
162,1,398.02142333984375,596.6820068359375,51.552825927734375,138.836669921875,-1,-1,-1,-1
163,1,399.1798095703125,595.10986328125,51.30364990234375,136.43365478515625,-1,-1,-1,-1
164,1,400.82769775390625,593.6184692382812,51.5513916015625,137.724853515625,-1,-1,-1,-1
165,1,402.4269104003906,592.5357666015625,52.2001953125,137.21270751953125,-1,-1,-1,-1
166,1,405.056884765625,592.0435791015625,52.08917236328125,135.5970458984375,-1,-1,-1,-1
167,1,405.5494384765625,590.7825317382812,53.81915283203125,137.44134521484375,-1,-1,-1,-1
168,1,408.2907409667969,591.6775512695312,52.822174072265625,136.37811279296875,-1,-1,-1,-1
169,1,411.0271911621094,593.8622436523438,52.326263427734375,136.98577880859375,-1,-1,-1,-1
170,1,413.16217041015625,596.1266479492188,52.6005859375,138.44268798828125,-1,-1,-1,-1
171,1,415.25067138671875,598.05859375,51.649078369140625,138.47625732421875,-1,-1,-1,-1
172,1,414.89111328125,598.7235717773438,51.81439208984375,139.02227783203125,-1,-1,-1,-1
173,1,413.45477294921875,599.3622436523438,51.95428466796875,138.2781982421875,-1,-1,-1,-1
174,1,411.1569519042969,602.32568359375,52.05584716796875,137.32061767578125,-1,-1,-1,-1
175,1,411.3975524902344,605.2005615234375,51.227203369140625,136.7537841796875,-1,-1,-1,-1
176,1,414.1763916015625,608.4718627929688,49.8328857421875,136.831787109375,-1,-1,-1,-1
177,1,415.45416259765625,611.3582763671875,51.030975341796875,136.79290771484375,-1,-1,-1,-1
178,1,416.67230224609375,612.8297119140625,51.0255126953125,135.42730712890625,-1,-1,-1,-1
179,1,416.3455505371094,612.8233032226562,50.884796142578125,136.0865478515625,-1,-1,-1,-1
180,1,416.1762390136719,612.2263793945312,50.544464111328125,136.52960205078125,-1,-1,-1,-1
181,1,418.6319580078125,611.349609375,51.121795654296875,136.88311767578125,-1,-1,-1,-1
182,1,422.34906005859375,612.091796875,51.036590576171875,137.35882568359375,-1,-1,-1,-1
183,1,426.5060729980469,613.524169921875,51.06134033203125,136.5279541015625,-1,-1,-1,-1
184,1,431.3076171875,613.7803955078125,50.180572509765625,135.931640625,-1,-1,-1,-1
185,1,435.37152099609375,612.502197265625,50.831817626953125,136.75860595703125,-1,-1,-1,-1
186,1,440.9065856933594,608.7863159179688,49.855316162109375,132.49664306640625,-1,-1,-1,-1
187,1,445.34979248046875,605.017333984375,48.410400390625,134.7794189453125,-1,-1,-1,-1
188,1,447.1576232910156,597.4485473632812,49.419647216796875,137.10858154296875,-1,-1,-1,-1
189,1,447.2193908691406,590.8093872070312,48.60491943359375,135.11505126953125,-1,-1,-1,-1
190,1,442.958251953125,585.2705688476562,49.91717529296875,137.4970703125,-1,-1,-1,-1
191,1,439.54296875,585.3233032226562,51.385986328125,138.01373291015625,-1,-1,-1,-1
192,1,437.5707702636719,590.667236328125,52.173919677734375,134.9031982421875,-1,-1,-1,-1
193,1,435.26837158203125,594.5313110351562,52.005584716796875,136.56341552734375,-1,-1,-1,-1
194,1,429.81219482421875,599.3665161132812,49.68365478515625,137.14691162109375,-1,-1,-1,-1
195,1,420.5614013671875,601.3036499023438,51.11370849609375,136.03594970703125,-1,-1,-1,-1
196,1,409.7834167480469,601.8721923828125,51.783935546875,136.27471923828125,-1,-1,-1,-1
197,1,400.4708557128906,601.7630004882812,51.248779296875,138.61895751953125,-1,-1,-1,-1
198,1,395.5762023925781,600.2211303710938,51.0255126953125,137.35113525390625,-1,-1,-1,-1
199,1,392.39520263671875,600.3263549804688,51.893463134765625,137.3546142578125,-1,-1,-1,-1
200,1,390.7093505859375,600.4684448242188,52.18829345703125,138.4718017578125,-1,-1,-1,-1
201,1,390.9972229003906,602.1982421875,52.1787109375,137.76458740234375,-1,-1,-1,-1
202,1,393.80853271484375,603.3104858398438,51.86810302734375,138.19293212890625,-1,-1,-1,-1
203,1,398.3762512207031,603.1500244140625,51.84429931640625,137.205322265625,-1,-1,-1,-1
204,1,402.81732177734375,602.3809204101562,50.785400390625,138.51837158203125,-1,-1,-1,-1
205,1,404.19683837890625,603.6329345703125,49.92791748046875,137.0384521484375,-1,-1,-1,-1
206,1,401.9186706542969,604.315185546875,50.147430419921875,135.876220703125,-1,-1,-1,-1
207,1,397.0048828125,603.7423095703125,52.060455322265625,136.82073974609375,-1,-1,-1,-1
208,1,391.7980651855469,602.9715576171875,51.6837158203125,137.44378662109375,-1,-1,-1,-1
209,1,388.6308288574219,600.4679565429688,51.238616943359375,137.98907470703125,-1,-1,-1,-1
210,1,386.335693359375,598.8340454101562,51.211761474609375,136.93011474609375,-1,-1,-1,-1
211,1,383.623291015625,597.203125,51.3289794921875,138.7103271484375,-1,-1,-1,-1
212,1,379.52288818359375,593.43115234375,51.523681640625,136.6800537109375,-1,-1,-1,-1
213,1,374.2216491699219,589.8226318359375,51.846466064453125,136.339599609375,-1,-1,-1,-1
214,1,370.6199951171875,585.7988891601562,52.153472900390625,140.1185302734375,-1,-1,-1,-1
215,1,367.8684387207031,582.8734130859375,52.215301513671875,140.996826171875,-1,-1,-1,-1
216,1,366.2525329589844,583.5584106445312,53.0679931640625,139.50872802734375,-1,-1,-1,-1
217,1,364.9391784667969,585.5029296875,52.80169677734375,140.6290283203125,-1,-1,-1,-1
218,1,362.0939636230469,586.1831665039062,53.20367431640625,140.71575927734375,-1,-1,-1,-1
219,1,362.04534912109375,586.0385131835938,52.836334228515625,140.75860595703125,-1,-1,-1,-1
220,1,361.6231689453125,586.3553466796875,53.11749267578125,140.34234619140625,-1,-1,-1,-1
221,1,360.44677734375,586.795166015625,53.631683349609375,140.26318359375,-1,-1,-1,-1
222,1,358.2575988769531,586.7749633789062,53.267608642578125,139.94537353515625,-1,-1,-1,-1
223,1,352.4169921875,586.1659545898438,55.10015869140625,141.1485595703125,-1,-1,-1,-1
224,1,348.4400634765625,582.761962890625,54.66571044921875,143.12921142578125,-1,-1,-1,-1
225,1,344.5227355957031,580.0429077148438,53.234130859375,141.740234375,-1,-1,-1,-1
226,1,338.7068786621094,575.6689453125,53.418121337890625,139.81121826171875,-1,-1,-1,-1
227,1,334.3013000488281,570.7314453125,53.74481201171875,141.9774169921875,-1,-1,-1,-1
228,1,335.5680236816406,567.1260986328125,53.547882080078125,143.573974609375,-1,-1,-1,-1
229,1,339.0748596191406,565.052734375,53.471466064453125,144.63458251953125,-1,-1,-1,-1
230,1,341.447021484375,564.571044921875,52.638824462890625,145.17669677734375,-1,-1,-1,-1
231,1,344.0159912109375,564.031982421875,52.7857666015625,144.6947021484375,-1,-1,-1,-1
232,1,350.2359313964844,563.9508666992188,53.84527587890625,143.17279052734375,-1,-1,-1,-1
233,1,359.67578125,564.855224609375,52.442718505859375,141.23724365234375,-1,-1,-1,-1
234,1,370.6852111816406,565.6603393554688,51.96405029296875,141.89544677734375,-1,-1,-1,-1
235,1,376.9687194824219,566.8038330078125,53.61968994140625,141.73394775390625,-1,-1,-1,-1
236,1,382.0915222167969,568.9220581054688,53.139068603515625,141.15521240234375,-1,-1,-1,-1
237,1,389.0192565917969,569.4208374023438,51.284454345703125,139.06939697265625,-1,-1,-1,-1
238,1,395.64569091796875,569.0980834960938,52.188629150390625,137.3585205078125,-1,-1,-1,-1
239,1,401.5707702636719,566.7947998046875,51.98712158203125,139.2921142578125,-1,-1,-1,-1
240,1,407.7535705566406,566.5325927734375,52.311981201171875,138.56103515625,-1,-1,-1,-1
241,1,414.59625244140625,567.40771484375,50.646697998046875,138.622802734375,-1,-1,-1,-1
242,1,419.134033203125,568.1364135742188,51.397979736328125,136.689208984375,-1,-1,-1,-1
243,1,424.582275390625,571.401611328125,51.613677978515625,136.6029052734375,-1,-1,-1,-1
244,1,430.6217956542969,572.4154052734375,51.055328369140625,136.79425048828125,-1,-1,-1,-1
245,1,437.56268310546875,574.5762329101562,52.5718994140625,135.71307373046875,-1,-1,-1,-1
246,1,447.4137268066406,577.6427001953125,52.25750732421875,135.052734375,-1,-1,-1,-1
247,1,458.08074951171875,579.4306640625,51.53778076171875,134.93170166015625,-1,-1,-1,-1
248,1,464.0977478027344,583.9060668945312,52.544891357421875,132.663818359375,-1,-1,-1,-1
249,1,468.29736328125,588.3980712890625,51.91973876953125,133.1065673828125,-1,-1,-1,-1
250,1,470.8550109863281,591.2515258789062,50.576568603515625,133.62225341796875,-1,-1,-1,-1
251,1,471.4792785644531,592.6849975585938,51.110443115234375,133.29327392578125,-1,-1,-1,-1
252,1,474.2920227050781,593.65087890625,50.570709228515625,133.608642578125,-1,-1,-1,-1
253,1,477.31512451171875,596.8474731445312,51.0467529296875,131.69903564453125,-1,-1,-1,-1
254,1,480.1579895019531,601.5076904296875,50.684906005859375,130.57366943359375,-1,-1,-1,-1
255,1,484.0493469238281,606.5616455078125,48.309112548828125,129.74853515625,-1,-1,-1,-1
256,1,483.93414306640625,609.9946899414062,47.77618408203125,129.4241943359375,-1,-1,-1,-1
257,1,483.0993347167969,611.4007568359375,46.948699951171875,129.17169189453125,-1,-1,-1,-1
258,1,479.6746826171875,610.962158203125,49.299560546875,128.73138427734375,-1,-1,-1,-1
259,1,478.40118408203125,609.1984252929688,48.93450927734375,131.95556640625,-1,-1,-1,-1
260,1,476.7730407714844,609.0482788085938,48.347686767578125,132.76568603515625,-1,-1,-1,-1
261,1,474.7919921875,611.6456909179688,48.375,129.82830810546875,-1,-1,-1,-1
262,1,471.9141845703125,615.941650390625,49.86328125,132.16461181640625,-1,-1,-1,-1
263,1,472.00048828125,620.1485595703125,49.39642333984375,131.79241943359375,-1,-1,-1,-1
264,1,471.04693603515625,621.3534545898438,48.5521240234375,132.17462158203125,-1,-1,-1,-1
265,1,469.63690185546875,621.0340576171875,48.86053466796875,132.82281494140625,-1,-1,-1,-1
266,1,467.6817626953125,620.6727294921875,49.36627197265625,132.99462890625,-1,-1,-1,-1
267,1,468.38348388671875,619.381103515625,49.1593017578125,132.15997314453125,-1,-1,-1,-1
268,1,467.4321594238281,614.667236328125,49.598419189453125,131.6865234375,-1,-1,-1,-1
269,1,465.7262878417969,610.4957275390625,49.486297607421875,131.70477294921875,-1,-1,-1,-1
270,1,459.511474609375,607.6400146484375,50.08038330078125,132.111328125,-1,-1,-1,-1
271,1,457.16778564453125,606.7147827148438,50.9251708984375,132.536376953125,-1,-1,-1,-1
272,1,460.9928894042969,607.278076171875,50.713165283203125,131.93255615234375,-1,-1,-1,-1
273,1,468.04931640625,600.4589233398438,49.73773193359375,131.43804931640625,-1,-1,-1,-1
274,1,472.12646484375,593.3072509765625,49.81011962890625,131.57568359375,-1,-1,-1,-1
275,1,475.947265625,591.8544311523438,51.13336181640625,131.309814453125,-1,-1,-1,-1
276,1,485.3116455078125,592.5299682617188,49.7886962890625,130.97979736328125,-1,-1,-1,-1
277,1,495.14215087890625,595.145263671875,50.229248046875,131.4432373046875,-1,-1,-1,-1
278,1,500.95965576171875,596.0596313476562,50.86480712890625,130.71746826171875,-1,-1,-1,-1
279,1,503.5365295410156,596.6854248046875,50.900115966796875,130.66802978515625,-1,-1,-1,-1
280,1,506.6734924316406,594.1387329101562,51.363311767578125,131.043701171875,-1,-1,-1,-1
281,1,509.7383728027344,590.5218505859375,48.799652099609375,127.1748046875,-1,-1,-1,-1
282,1,505.56951904296875,588.4505615234375,50.2083740234375,127.59759521484375,-1,-1,-1,-1
283,1,500.57366943359375,593.4619750976562,51.14996337890625,129.64990234375,-1,-1,-1,-1
284,1,498.50408935546875,594.8065795898438,48.72930908203125,130.4454345703125,-1,-1,-1,-1
285,1,495.6846618652344,592.206298828125,49.582183837890625,127.725830078125,-1,-1,-1,-1
286,1,497.1279296875,583.6719970703125,51.54693603515625,130.7200927734375,-1,-1,-1,-1
287,1,501.7978820800781,572.8052368164062,51.921905517578125,130.0693359375,-1,-1,-1,-1
288,1,502.1177062988281,570.2566528320312,52.049468994140625,129.63824462890625,-1,-1,-1,-1
289,1,501.97772216796875,577.7562866210938,52.07086181640625,128.6292724609375,-1,-1,-1,-1
290,1,500.2451477050781,579.4447021484375,52.677947998046875,130.420654296875,-1,-1,-1,-1
291,1,498.8486022949219,581.0117797851562,52.870697021484375,130.63525390625,-1,-1,-1,-1
292,1,504.9643859863281,585.2243041992188,51.467803955078125,126.32916259765625,-1,-1,-1,-1
293,1,510.4022521972656,585.8129272460938,51.680816650390625,128.14129638671875,-1,-1,-1,-1
294,1,514.5942993164062,597.6013793945312,51.571044921875,128.6641845703125,-1,-1,-1,-1
295,1,530.8082275390625,619.3923950195312,49.58428955078125,125.25775146484375,-1,-1,-1,-1
296,1,551.7435302734375,638.1617431640625,48.8316650390625,126.00830078125,-1,-1,-1,-1
297,1,571.0138549804688,655.141845703125,46.85272216796875,124.939453125,-1,-1,-1,-1
298,1,585.2450561523438,667.0084838867188,46.34600830078125,124.9173583984375,-1,-1,-1,-1
299,1,594.6632080078125,674.3638916015625,45.33831787109375,122.53375244140625,-1,-1,-1,-1
300,1,597.2088012695312,670.137451171875,43.717529296875,125.3092041015625,-1,-1,-1,-1
301,1,588.9314575195312,655.3601684570312,46.1927490234375,126.2681884765625,-1,-1,-1,-1
302,1,582.8850708007812,645.156494140625,45.24993896484375,124.40948486328125,-1,-1,-1,-1
303,1,574.2985229492188,638.4772338867188,46.47393798828125,127.04351806640625,-1,-1,-1,-1
304,1,563.1097412109375,639.5267333984375,46.80059814453125,126.48876953125,-1,-1,-1,-1
305,1,549.5112915039062,647.037841796875,46.585205078125,126.94610595703125,-1,-1,-1,-1
306,1,534.2122802734375,650.67138671875,45.910400390625,127.70477294921875,-1,-1,-1,-1
307,1,523.3314819335938,650.0047607421875,45.91259765625,128.7100830078125,-1,-1,-1,-1
308,1,518.3762817382812,647.855712890625,45.77593994140625,129.08990478515625,-1,-1,-1,-1
309,1,516.0308227539062,648.4576416015625,46.35858154296875,128.84625244140625,-1,-1,-1,-1
310,1,512.2857360839844,648.7265014648438,46.718658447265625,128.8675537109375,-1,-1,-1,-1
311,1,507.7832946777344,647.1847534179688,46.972015380859375,130.62481689453125,-1,-1,-1,-1
312,1,504.21844482421875,648.3192138671875,47.16094970703125,129.80078125,-1,-1,-1,-1
313,1,501.07269287109375,650.9154052734375,47.11102294921875,131.34051513671875,-1,-1,-1,-1
314,1,497.3833923339844,651.8553466796875,47.062652587890625,130.6864013671875,-1,-1,-1,-1
315,1,493.82177734375,649.5381469726562,47.44189453125,130.59295654296875,-1,-1,-1,-1
316,1,493.44110107421875,646.6406860351562,46.82781982421875,130.0509033203125,-1,-1,-1,-1
317,1,492.52850341796875,645.46435546875,47.216064453125,130.7418212890625,-1,-1,-1,-1
318,1,490.38909912109375,645.08349609375,48.35198974609375,132.25201416015625,-1,-1,-1,-1
319,1,488.3318786621094,646.6972045898438,48.657867431640625,131.1318359375,-1,-1,-1,-1
320,1,485.24945068359375,645.5985717773438,48.73406982421875,132.011474609375,-1,-1,-1,-1
321,1,480.6763610839844,643.78857421875,48.916839599609375,130.8367919921875,-1,-1,-1,-1
322,1,476.9416809082031,640.0935668945312,48.131256103515625,129.51531982421875,-1,-1,-1,-1
323,1,471.9988098144531,636.2651977539062,49.767913818359375,131.98248291015625,-1,-1,-1,-1
324,1,468.25372314453125,631.5297241210938,49.7276611328125,133.96112060546875,-1,-1,-1,-1
325,1,463.2679748535156,624.8709106445312,49.575836181640625,132.865478515625,-1,-1,-1,-1
326,1,457.7518615722656,619.95361328125,51.356414794921875,133.89337158203125,-1,-1,-1,-1
327,1,455.86895751953125,615.427001953125,50.213134765625,133.3704833984375,-1,-1,-1,-1
328,1,451.6160583496094,615.3973388671875,50.908111572265625,131.522705078125,-1,-1,-1,-1
329,1,444.72283935546875,613.9393920898438,51.049957275390625,135.634521484375,-1,-1,-1,-1
330,1,438.4642028808594,615.0794677734375,50.824615478515625,135.09173583984375,-1,-1,-1,-1
331,1,432.56787109375,614.7494506835938,51.537139892578125,135.07373046875,-1,-1,-1,-1
332,1,429.93536376953125,617.0098876953125,52.94091796875,136.53778076171875,-1,-1,-1,-1
333,1,429.65728759765625,617.7477416992188,52.275665283203125,136.123291015625,-1,-1,-1,-1
334,1,429.33154296875,615.8099365234375,52.65399169921875,137.16876220703125,-1,-1,-1,-1
335,1,428.3594665527344,614.0637817382812,53.388641357421875,137.923583984375,-1,-1,-1,-1
336,1,429.66998291015625,614.2715454101562,52.56072998046875,138.00152587890625,-1,-1,-1,-1
337,1,431.26959228515625,614.9985961914062,52.7486572265625,136.75335693359375,-1,-1,-1,-1
338,1,435.1802978515625,616.1773681640625,52.176605224609375,136.94140625,-1,-1,-1,-1
339,1,440.1842956542969,616.6641235351562,51.853790283203125,136.01025390625,-1,-1,-1,-1
340,1,445.5781555175781,615.7882080078125,50.403045654296875,135.966796875,-1,-1,-1,-1
341,1,450.0028076171875,617.2576293945312,50.130645751953125,134.39105224609375,-1,-1,-1,-1
342,1,452.5679931640625,617.0596923828125,50.4205322265625,134.9302978515625,-1,-1,-1,-1
343,1,453.5429382324219,613.1512451171875,50.221038818359375,136.0611572265625,-1,-1,-1,-1
344,1,456.1278991699219,608.9030151367188,49.68560791015625,133.60833740234375,-1,-1,-1,-1
345,1,461.258544921875,608.3346557617188,48.779998779296875,132.99700927734375,-1,-1,-1,-1
346,1,467.6769714355469,607.7745971679688,48.951263427734375,133.45599365234375,-1,-1,-1,-1
347,1,474.9046630859375,601.999267578125,49.06072998046875,135.259765625,-1,-1,-1,-1
348,1,483.2885437011719,593.1565551757812,49.615936279296875,133.94696044921875,-1,-1,-1,-1
349,1,489.7161560058594,583.5977783203125,49.806121826171875,134.30462646484375,-1,-1,-1,-1
350,1,495.3621826171875,579.5596313476562,48.13153076171875,133.92926025390625,-1,-1,-1,-1
351,1,497.34429931640625,578.562744140625,49.33270263671875,133.00555419921875,-1,-1,-1,-1
352,1,499.8584289550781,579.4828491210938,48.447296142578125,133.22698974609375,-1,-1,-1,-1
353,1,503.0326843261719,582.597900390625,47.981353759765625,131.5382080078125,-1,-1,-1,-1
354,1,503.8713073730469,584.9481811523438,49.908172607421875,135.89288330078125,-1,-1,-1,-1
355,1,503.5664367675781,581.7239379882812,47.938140869140625,132.27166748046875,-1,-1,-1,-1
356,1,499.0916442871094,578.347412109375,49.048980712890625,133.45538330078125,-1,-1,-1,-1
357,1,495.3367004394531,579.4224853515625,48.932098388671875,134.35064697265625,-1,-1,-1,-1
358,1,492.5489807128906,585.8638305664062,49.900299072265625,136.39654541015625,-1,-1,-1,-1
359,1,491.8431396484375,595.7577514648438,49.14599609375,134.27862548828125,-1,-1,-1,-1
360,1,495.2774963378906,604.88818359375,48.801849365234375,131.76422119140625,-1,-1,-1,-1
361,1,500.1773681640625,608.62548828125,48.3287353515625,132.4659423828125,-1,-1,-1,-1
362,1,505.65155029296875,615.6094970703125,48.724609375,133.86834716796875,-1,-1,-1,-1
363,1,510.91046142578125,621.9198608398438,47.8585205078125,132.038818359375,-1,-1,-1,-1
364,1,509.5333251953125,623.7734985351562,47.8525390625,132.62640380859375,-1,-1,-1,-1
365,1,506.0654602050781,621.0429077148438,47.745880126953125,130.258056640625,-1,-1,-1,-1
366,1,505.94244384765625,611.8187255859375,47.8192138671875,129.035400390625,-1,-1,-1,-1
367,1,506.60980224609375,605.6712036132812,47.5906982421875,129.58941650390625,-1,-1,-1,-1
368,1,503.00225830078125,598.1506958007812,48.17138671875,129.52813720703125,-1,-1,-1,-1
369,1,495.8872985839844,597.203857421875,48.873626708984375,129.8382568359375,-1,-1,-1,-1
370,1,488.361083984375,595.9737548828125,49.206298828125,131.02923583984375,-1,-1,-1,-1
371,1,482.5708312988281,598.0900268554688,47.814483642578125,128.48663330078125,-1,-1,-1,-1
372,1,475.7455139160156,597.2206420898438,48.612640380859375,129.94049072265625,-1,-1,-1,-1
373,1,470.0899353027344,596.6522827148438,49.347137451171875,130.5113525390625,-1,-1,-1,-1
374,1,465.8616943359375,596.5177001953125,50.66583251953125,131.2105712890625,-1,-1,-1,-1
375,1,465.375732421875,598.4260864257812,49.97735595703125,130.72955322265625,-1,-1,-1,-1
376,1,464.6553039550781,601.11572265625,51.377227783203125,132.3724365234375,-1,-1,-1,-1
377,1,463.5599365234375,599.98974609375,50.55078125,131.4036865234375,-1,-1,-1,-1
378,1,460.18609619140625,594.5286865234375,50.710235595703125,133.30419921875,-1,-1,-1,-1
379,1,460.5038146972656,585.7477416992188,51.1697998046875,131.75872802734375,-1,-1,-1,-1
380,1,464.1941833496094,576.6654052734375,50.342559814453125,131.32501220703125,-1,-1,-1,-1
381,1,460.8551025390625,569.8779296875,51.177490234375,133.4713134765625,-1,-1,-1,-1
382,1,456.844482421875,571.95751953125,52.4136962890625,135.356689453125,-1,-1,-1,-1
383,1,457.55706787109375,575.9034423828125,51.739044189453125,133.8382568359375,-1,-1,-1,-1
384,1,459.34246826171875,577.99072265625,51.972412109375,132.701171875,-1,-1,-1,-1
385,1,460.28155517578125,576.970947265625,50.85064697265625,132.7598876953125,-1,-1,-1,-1
386,1,460.0802307128906,575.3057861328125,50.076080322265625,132.4609375,-1,-1,-1,-1
387,1,459.6530456542969,576.0571899414062,50.37353515625,132.08013916015625,-1,-1,-1,-1
388,1,460.8467712402344,575.9098510742188,50.82696533203125,131.86865234375,-1,-1,-1,-1
389,1,462.64117431640625,575.7952880859375,50.810028076171875,130.24761962890625,-1,-1,-1,-1
390,1,462.0174560546875,573.8519287109375,52.24072265625,132.394287109375,-1,-1,-1,-1
391,1,461.2501220703125,571.766845703125,52.3494873046875,132.9034423828125,-1,-1,-1,-1
392,1,462.7734375,569.4473876953125,51.058197021484375,132.1787109375,-1,-1,-1,-1
393,1,465.1667785644531,567.9942626953125,50.090850830078125,133.416259765625,-1,-1,-1,-1
394,1,468.4771728515625,568.4970092773438,49.20867919921875,133.41558837890625,-1,-1,-1,-1
395,1,470.3741455078125,569.392822265625,50.81854248046875,133.24896240234375,-1,-1,-1,-1
396,1,473.6891174316406,569.1395263671875,50.249114990234375,133.650634765625,-1,-1,-1,-1
397,1,476.1612243652344,569.7393798828125,50.248992919921875,132.02801513671875,-1,-1,-1,-1
398,1,476.84759521484375,571.4267578125,50.395751953125,131.22991943359375,-1,-1,-1,-1
399,1,478.2714538574219,573.0108032226562,49.886199951171875,129.58056640625,-1,-1,-1,-1
400,1,481.36376953125,573.4733276367188,49.0758056640625,129.59130859375,-1,-1,-1,-1
401,1,484.1323547363281,573.5866088867188,48.381378173828125,131.223876953125,-1,-1,-1,-1
402,1,484.8011779785156,573.988037109375,49.471099853515625,132.55426025390625,-1,-1,-1,-1
403,1,486.1795959472656,574.8921508789062,49.662078857421875,132.1566162109375,-1,-1,-1,-1
404,1,486.2823181152344,576.5001220703125,49.650115966796875,131.99298095703125,-1,-1,-1,-1
405,1,487.09442138671875,577.8587646484375,50.241455078125,131.34820556640625,-1,-1,-1,-1
406,1,487.5456848144531,578.3931884765625,50.316864013671875,131.427734375,-1,-1,-1,-1
407,1,488.06939697265625,578.3280639648438,50.1680908203125,131.04833984375,-1,-1,-1,-1
408,1,487.86895751953125,578.1878662109375,50.381103515625,132.056396484375,-1,-1,-1,-1
409,1,487.25518798828125,578.2708740234375,50.951171875,132.71331787109375,-1,-1,-1,-1
410,1,486.9587707519531,578.5844116210938,50.398956298828125,131.8162841796875,-1,-1,-1,-1
411,1,486.90570068359375,578.4021606445312,50.36724853515625,132.72894287109375,-1,-1,-1,-1
412,1,487.179443359375,578.0476684570312,50.03021240234375,131.8099365234375,-1,-1,-1,-1
413,1,487.5928039550781,577.0071411132812,49.576263427734375,131.66204833984375,-1,-1,-1,-1
414,1,490.33050537109375,574.8499145507812,48.75799560546875,130.31036376953125,-1,-1,-1,-1
415,1,492.7979736328125,573.3362426757812,49.75225830078125,130.657470703125,-1,-1,-1,-1
416,1,496.6539306640625,572.2883911132812,48.5650634765625,131.03082275390625,-1,-1,-1,-1
417,1,497.72174072265625,572.77490234375,48.300537109375,131.441162109375,-1,-1,-1,-1
418,1,498.5958251953125,573.4758911132812,48.44134521484375,133.13916015625,-1,-1,-1,-1
419,1,499.736083984375,574.540283203125,50.201171875,133.73504638671875,-1,-1,-1,-1
420,1,505.093505859375,577.1720581054688,48.46417236328125,128.14129638671875,-1,-1,-1,-1
421,1,512.13720703125,577.4990234375,47.04400634765625,129.77532958984375,-1,-1,-1,-1
422,1,515.1868896484375,575.7351684570312,48.16455078125,129.4072265625,-1,-1,-1,-1
423,1,515.0608520507812,573.8006591796875,49.9620361328125,130.3741455078125,-1,-1,-1,-1
424,1,516.4244995117188,572.5283813476562,49.75482177734375,131.35223388671875,-1,-1,-1,-1
425,1,518.0625,573.03173828125,48.99993896484375,129.7713623046875,-1,-1,-1,-1
426,1,519.6804809570312,575.0377197265625,49.13525390625,128.8106689453125,-1,-1,-1,-1
427,1,520.9237670898438,577.0517578125,50.078369140625,129.005615234375,-1,-1,-1,-1
428,1,522.8192138671875,578.4371948242188,50.24169921875,130.44940185546875,-1,-1,-1,-1
429,1,524.9130859375,578.459228515625,48.73468017578125,130.48797607421875,-1,-1,-1,-1
430,1,525.4082641601562,578.3092651367188,48.98748779296875,130.6085205078125,-1,-1,-1,-1
431,1,526.490966796875,578.3665771484375,48.1138916015625,130.7962646484375,-1,-1,-1,-1
432,1,527.1576538085938,578.9395141601562,47.32891845703125,130.2113037109375,-1,-1,-1,-1
433,1,527.1398315429688,578.9891967773438,48.08135986328125,130.5167236328125,-1,-1,-1,-1
434,1,526.9281005859375,579.0872802734375,48.4892578125,130.5999755859375,-1,-1,-1,-1
435,1,527.2433471679688,579.8724365234375,48.30230712890625,130.03118896484375,-1,-1,-1,-1
436,1,526.643310546875,580.7301635742188,48.29376220703125,129.64373779296875,-1,-1,-1,-1
437,1,526.4951782226562,581.4723510742188,47.59735107421875,129.6832275390625,-1,-1,-1,-1
438,1,526.909423828125,582.2583618164062,46.88922119140625,129.64898681640625,-1,-1,-1,-1
439,1,525.4046020507812,582.7615966796875,47.5736083984375,129.88916015625,-1,-1,-1,-1
440,1,523.5874633789062,582.02685546875,48.738037109375,131.09124755859375,-1,-1,-1,-1
441,1,521.0551147460938,582.748291015625,50.035888671875,130.35943603515625,-1,-1,-1,-1
442,1,520.7984008789062,583.1867065429688,50.42376708984375,130.90277099609375,-1,-1,-1,-1
443,1,521.110595703125,583.3651733398438,49.73175048828125,130.63543701171875,-1,-1,-1,-1
444,1,521.2575073242188,583.4281005859375,48.79315185546875,129.6502685546875,-1,-1,-1,-1
445,1,521.1253662109375,583.1638793945312,48.79656982421875,130.03314208984375,-1,-1,-1,-1
446,1,520.9305419921875,583.0186157226562,48.3841552734375,129.07391357421875,-1,-1,-1,-1
447,1,520.5280151367188,583.2078857421875,48.74835205078125,129.3363037109375,-1,-1,-1,-1
448,1,520.4663696289062,583.8707275390625,48.72265625,129.26068115234375,-1,-1,-1,-1
449,1,520.1926879882812,584.8699340820312,48.3756103515625,128.35577392578125,-1,-1,-1,-1
450,1,520.1296997070312,586.3048095703125,48.31536865234375,126.756591796875,-1,-1,-1,-1
451,1,520.3433227539062,587.6680908203125,48.9356689453125,127.80242919921875,-1,-1,-1,-1
452,1,520.4371948242188,588.0103759765625,48.48382568359375,127.39801025390625,-1,-1,-1,-1
453,1,520.1795043945312,588.5492553710938,48.83941650390625,126.8505859375,-1,-1,-1,-1
454,1,520.0294799804688,589.8836669921875,48.76220703125,126.09375,-1,-1,-1,-1
455,1,519.6256103515625,590.6087036132812,48.52520751953125,127.4610595703125,-1,-1,-1,-1
456,1,518.5067749023438,591.8497924804688,48.6053466796875,127.95709228515625,-1,-1,-1,-1
457,1,518.6351318359375,593.3580322265625,49.07147216796875,128.74224853515625,-1,-1,-1,-1
458,1,520.7720947265625,596.2250366210938,49.41571044921875,129.94561767578125,-1,-1,-1,-1
459,1,524.0635986328125,600.126220703125,48.5892333984375,128.125732421875,-1,-1,-1,-1
460,1,525.0878295898438,602.2278442382812,48.12628173828125,128.56109619140625,-1,-1,-1,-1
461,1,526.2059936523438,603.4807739257812,47.36175537109375,127.980224609375,-1,-1,-1,-1
462,1,527.0546875,604.669921875,47.724609375,129.251953125,-1,-1,-1,-1
463,1,527.4342651367188,607.4769897460938,47.90875244140625,128.2784423828125,-1,-1,-1,-1
464,1,527.6016845703125,610.2794799804688,47.138427734375,128.54962158203125,-1,-1,-1,-1
465,1,527.8421630859375,611.1743774414062,47.24786376953125,127.43548583984375,-1,-1,-1,-1
466,1,528.53125,609.6865234375,47.37896728515625,129.16192626953125,-1,-1,-1,-1
467,1,528.3744506835938,608.8652954101562,47.546142578125,128.8712158203125,-1,-1,-1,-1
468,1,528.36767578125,608.0626831054688,48.11859130859375,128.97174072265625,-1,-1,-1,-1
469,1,528.4607543945312,606.5242309570312,47.068603515625,128.35504150390625,-1,-1,-1,-1
470,1,526.33544921875,605.204345703125,47.18768310546875,129.33502197265625,-1,-1,-1,-1
471,1,521.6338500976562,604.8987426757812,49.24188232421875,127.92156982421875,-1,-1,-1,-1
472,1,519.3991088867188,605.2284545898438,47.87994384765625,127.59686279296875,-1,-1,-1,-1
473,1,516.8048706054688,605.889404296875,49.0443115234375,127.0941162109375,-1,-1,-1,-1
474,1,515.1558837890625,604.8580932617188,49.83013916015625,128.07525634765625,-1,-1,-1,-1
475,1,514.67578125,602.5364379882812,48.2120361328125,127.04229736328125,-1,-1,-1,-1
476,1,513.3875122070312,600.926025390625,48.04156494140625,127.162109375,-1,-1,-1,-1
477,1,513.0183715820312,600.302978515625,47.76690673828125,126.87213134765625,-1,-1,-1,-1
478,1,513.1627807617188,600.68798828125,47.55682373046875,127.04071044921875,-1,-1,-1,-1
479,1,513.4120483398438,600.27197265625,47.30706787109375,126.95574951171875,-1,-1,-1,-1
480,1,513.3363647460938,599.9783325195312,46.893310546875,126.42510986328125,-1,-1,-1,-1
481,1,512.3676147460938,600.3958740234375,47.09503173828125,126.4835205078125,-1,-1,-1,-1
482,1,510.99859619140625,600.8756103515625,46.54150390625,127.37152099609375,-1,-1,-1,-1
483,1,509.98651123046875,600.552490234375,47.416748046875,128.37762451171875,-1,-1,-1,-1
484,1,509.8980407714844,600.172119140625,47.862884521484375,128.8306884765625,-1,-1,-1,-1
485,1,509.2173767089844,599.995849609375,47.636932373046875,127.3995361328125,-1,-1,-1,-1
486,1,508.02294921875,599.9198608398438,48.53045654296875,128.09893798828125,-1,-1,-1,-1
487,1,508.57391357421875,601.4671630859375,48.79949951171875,128.05035400390625,-1,-1,-1,-1
488,1,508.1816101074219,601.4287719726562,48.992889404296875,129.53643798828125,-1,-1,-1,-1
489,1,508.503662109375,602.1619873046875,48.5771484375,128.13018798828125,-1,-1,-1,-1
490,1,510.3059387207031,602.7564697265625,47.352691650390625,128.5491943359375,-1,-1,-1,-1
491,1,512.4960021972656,604.0745239257812,46.586639404296875,129.20501708984375,-1,-1,-1,-1
492,1,514.5897827148438,603.9500122070312,45.59478759765625,128.44146728515625,-1,-1,-1,-1
493,1,513.7088012695312,603.5442504882812,46.26226806640625,129.11871337890625,-1,-1,-1,-1
494,1,513.8291015625,603.2555541992188,46.514404296875,130.14874267578125,-1,-1,-1,-1
495,1,514.5790405273438,605.1128540039062,46.007080078125,127.7197265625,-1,-1,-1,-1
496,1,514.6470336914062,606.2255859375,47.14849853515625,127.55279541015625,-1,-1,-1,-1
497,1,513.3233032226562,607.6222534179688,47.6842041015625,128.59259033203125,-1,-1,-1,-1
498,1,513.0906372070312,608.4589233398438,46.39544677734375,129.87554931640625,-1,-1,-1,-1
499,1,511.5823974609375,608.6722412109375,46.4046630859375,130.775634765625,-1,-1,-1,-1
500,1,510.3293762207031,608.7014770507812,46.600250244140625,130.49505615234375,-1,-1,-1,-1
501,1,508.97955322265625,608.9114990234375,46.67230224609375,130.5621337890625,-1,-1,-1,-1
502,1,507.0638732910156,608.763916015625,47.326507568359375,129.99029541015625,-1,-1,-1,-1
503,1,504.6830139160156,608.1981811523438,48.252044677734375,129.37237548828125,-1,-1,-1,-1
504,1,502.1192626953125,607.631103515625,49.18109130859375,129.30657958984375,-1,-1,-1,-1
505,1,501.1150817871094,606.7103881835938,49.775299072265625,128.47943115234375,-1,-1,-1,-1
506,1,499.9500732421875,604.8233642578125,50.21319580078125,130.7989501953125,-1,-1,-1,-1
507,1,500.1158447265625,602.3063354492188,49.4210205078125,132.07000732421875,-1,-1,-1,-1
508,1,499.23309326171875,600.6004028320312,49.02130126953125,129.87738037109375,-1,-1,-1,-1
509,1,498.4859313964844,600.02294921875,47.839385986328125,128.91851806640625,-1,-1,-1,-1
510,1,497.8203125,599.6138305664062,48.1446533203125,129.22760009765625,-1,-1,-1,-1
511,1,498.1862487792969,599.2028198242188,48.211639404296875,129.1964111328125,-1,-1,-1,-1
512,1,497.8929443359375,598.9322509765625,48.695068359375,130.14190673828125,-1,-1,-1,-1
513,1,497.75115966796875,599.108642578125,48.93634033203125,129.9588623046875,-1,-1,-1,-1
514,1,498.30181884765625,598.3411254882812,48.30657958984375,130.31500244140625,-1,-1,-1,-1
515,1,498.4560546875,597.8336181640625,49.313232421875,130.26239013671875,-1,-1,-1,-1
516,1,499.9226989746094,598.4136352539062,49.082366943359375,129.78021240234375,-1,-1,-1,-1
517,1,499.516357421875,598.2577514648438,49.84881591796875,129.80462646484375,-1,-1,-1,-1
518,1,499.778564453125,598.729736328125,48.73785400390625,128.77606201171875,-1,-1,-1,-1
519,1,499.598388671875,598.4058837890625,49.74847412109375,129.173828125,-1,-1,-1,-1
520,1,499.6751403808594,598.0831909179688,49.618804931640625,129.40875244140625,-1,-1,-1,-1
521,1,499.2953796386719,598.0618896484375,47.989532470703125,129.50421142578125,-1,-1,-1,-1
522,1,499.2119140625,597.2335815429688,48.2608642578125,130.29302978515625,-1,-1,-1,-1
523,1,499.5269775390625,595.9625244140625,48.72381591796875,131.0001220703125,-1,-1,-1,-1
524,1,499.16461181640625,595.1768798828125,49.68572998046875,130.074951171875,-1,-1,-1,-1
525,1,498.94818115234375,594.6083984375,49.5755615234375,131.14654541015625,-1,-1,-1,-1
526,1,499.0545654296875,594.5270385742188,49.07598876953125,131.0155029296875,-1,-1,-1,-1
527,1,499.2731018066406,593.8223876953125,49.206207275390625,130.86236572265625,-1,-1,-1,-1
528,1,499.67852783203125,593.8767700195312,49.410400390625,131.33966064453125,-1,-1,-1,-1
529,1,499.94549560546875,594.2728271484375,49.70281982421875,131.1138916015625,-1,-1,-1,-1
530,1,500.2850341796875,594.8812866210938,49.4571533203125,130.5015869140625,-1,-1,-1,-1
531,1,500.01129150390625,595.5104370117188,49.7431640625,130.532958984375,-1,-1,-1,-1
532,1,499.6929626464844,596.1961669921875,49.747100830078125,130.20721435546875,-1,-1,-1,-1
533,1,499.61383056640625,597.362060546875,48.9576416015625,129.39605712890625,-1,-1,-1,-1
534,1,499.547607421875,598.2835083007812,49.28857421875,129.28076171875,-1,-1,-1,-1
535,1,500.0417785644531,600.3657836914062,49.107879638671875,129.1341552734375,-1,-1,-1,-1
536,1,499.8746032714844,602.15576171875,49.926727294921875,131.2828369140625,-1,-1,-1,-1
537,1,499.5418701171875,603.5663452148438,50.19451904296875,131.28692626953125,-1,-1,-1,-1
538,1,500.20538330078125,603.7489624023438,49.4132080078125,130.3720703125,-1,-1,-1,-1
539,1,499.7046813964844,607.3829345703125,50.220367431640625,129.06689453125,-1,-1,-1,-1
540,1,500.37310791015625,612.563232421875,50.08441162109375,127.314697265625,-1,-1,-1,-1
541,1,500.26177978515625,618.2902221679688,49.5582275390625,127.42132568359375,-1,-1,-1,-1
542,1,500.2129211425781,620.19921875,49.223846435546875,127.27496337890625,-1,-1,-1,-1
543,1,499.9248962402344,619.8846435546875,49.156036376953125,127.8133544921875,-1,-1,-1,-1
544,1,500.09716796875,621.3116455078125,49.238037109375,125.95941162109375,-1,-1,-1,-1
545,1,500.2581481933594,623.4459838867188,49.719757080078125,127.74395751953125,-1,-1,-1,-1
546,1,500.1292724609375,629.9439086914062,50.21905517578125,126.23236083984375,-1,-1,-1,-1
547,1,501.0381774902344,637.4675903320312,51.042633056640625,126.98712158203125,-1,-1,-1,-1
548,1,504.7521057128906,644.9567260742188,50.561492919921875,123.9671630859375,-1,-1,-1,-1
549,1,511.0020446777344,651.5166625976562,47.953033447265625,124.18304443359375,-1,-1,-1,-1
550,1,513.224853515625,660.4168701171875,48.763671875,124.26434326171875,-1,-1,-1,-1
551,1,513.7718505859375,669.025390625,49.80950927734375,125.6083984375,-1,-1,-1,-1
552,1,514.132080078125,677.1691284179688,49.30078125,122.68218994140625,-1,-1,-1,-1
553,1,512.6641540527344,683.6583251953125,49.118133544921875,124.767578125,-1,-1,-1,-1
554,1,511.86944580078125,688.240478515625,49.6533203125,123.22705078125,-1,-1,-1,-1
555,1,512.43115234375,690.4414672851562,49.14605712890625,123.2550048828125,-1,-1,-1,-1
556,1,508.9228210449219,691.2369995117188,50.593719482421875,123.74542236328125,-1,-1,-1,-1
557,1,500.2630920410156,691.0453491210938,51.726104736328125,126.44744873046875,-1,-1,-1,-1
558,1,490.8759460449219,691.1586303710938,53.082305908203125,126.743896484375,-1,-1,-1,-1
559,1,486.3565368652344,686.8695068359375,51.577423095703125,126.0733642578125,-1,-1,-1,-1
560,1,481.9557189941406,680.6779174804688,51.002593994140625,127.43133544921875,-1,-1,-1,-1
561,1,474.231201171875,671.3011474609375,51.41815185546875,127.54351806640625,-1,-1,-1,-1
562,1,466.8134765625,662.5514526367188,51.753662109375,128.58038330078125,-1,-1,-1,-1
563,1,458.36688232421875,655.154296875,52.361419677734375,128.27783203125,-1,-1,-1,-1
564,1,453.04315185546875,651.9815063476562,51.695068359375,130.2491455078125,-1,-1,-1,-1
565,1,446.47833251953125,648.3178100585938,52.119232177734375,131.191650390625,-1,-1,-1,-1
566,1,440.59014892578125,642.7403564453125,52.122589111328125,130.37567138671875,-1,-1,-1,-1
567,1,434.2060546875,635.9891967773438,53.357025146484375,133.10211181640625,-1,-1,-1,-1
568,1,435.3912353515625,629.2066650390625,52.503753662109375,131.0845947265625,-1,-1,-1,-1
569,1,439.10498046875,624.969970703125,51.87078857421875,133.56854248046875,-1,-1,-1,-1
570,1,441.05828857421875,624.5269775390625,51.807952880859375,132.760009765625,-1,-1,-1,-1
571,1,441.2303161621094,624.845947265625,51.31121826171875,131.68218994140625,-1,-1,-1,-1
572,1,438.6699523925781,625.5162963867188,51.823455810546875,133.42230224609375,-1,-1,-1,-1
573,1,436.48333740234375,628.115234375,52.042236328125,133.223876953125,-1,-1,-1,-1
574,1,436.8056640625,629.9649047851562,51.92620849609375,133.17840576171875,-1,-1,-1,-1
575,1,441.86016845703125,631.3971557617188,51.10443115234375,133.938232421875,-1,-1,-1,-1
576,1,452.7038269042969,632.778564453125,50.97332763671875,130.7431640625,-1,-1,-1,-1
577,1,460.1411437988281,632.9088745117188,51.171051025390625,132.71588134765625,-1,-1,-1,-1
578,1,458.786376953125,628.7366333007812,51.08905029296875,133.82550048828125,-1,-1,-1,-1
579,1,455.8733215332031,622.3469848632812,51.451446533203125,132.62200927734375,-1,-1,-1,-1
580,1,449.4534606933594,619.2235107421875,51.93267822265625,133.48089599609375,-1,-1,-1,-1
581,1,444.192138671875,615.4986572265625,51.249786376953125,133.19708251953125,-1,-1,-1,-1
582,1,438.57000732421875,614.4611206054688,52.89459228515625,135.4573974609375,-1,-1,-1,-1
583,1,434.65179443359375,614.600830078125,52.2550048828125,135.94097900390625,-1,-1,-1,-1
584,1,431.10150146484375,614.7448120117188,52.281005859375,137.20806884765625,-1,-1,-1,-1
585,1,426.640380859375,615.1655883789062,53.2432861328125,136.09869384765625,-1,-1,-1,-1
586,1,423.62933349609375,616.0249633789062,53.60784912109375,136.40789794921875,-1,-1,-1,-1
587,1,421.34368896484375,616.8602905273438,53.510986328125,135.9859619140625,-1,-1,-1,-1
588,1,420.6103515625,616.969482421875,53.881622314453125,136.3509521484375,-1,-1,-1,-1
589,1,418.41680908203125,616.8941040039062,53.830169677734375,137.20904541015625,-1,-1,-1,-1
590,1,414.9175109863281,617.2402954101562,53.375030517578125,138.50067138671875,-1,-1,-1,-1
591,1,409.1727294921875,615.3551025390625,54.507354736328125,138.62103271484375,-1,-1,-1,-1
592,1,403.1780090332031,614.998291015625,53.092742919921875,138.54888916015625,-1,-1,-1,-1
593,1,393.7297668457031,613.4102783203125,55.127105712890625,140.20599365234375,-1,-1,-1,-1
594,1,386.7049560546875,613.8655395507812,54.633544921875,140.0025634765625,-1,-1,-1,-1
595,1,381.75213623046875,613.1571655273438,56.23992919921875,140.63751220703125,-1,-1,-1,-1
596,1,377.4280700683594,612.269775390625,57.685272216796875,141.82830810546875,-1,-1,-1,-1
597,1,370.16900634765625,612.8121337890625,57.49365234375,141.971435546875,-1,-1,-1,-1
598,1,362.80328369140625,608.9124755859375,58.585784912109375,143.29840087890625,-1,-1,-1,-1
599,1,360.5318298339844,600.97509765625,58.955108642578125,140.8814697265625,-1,-1,-1,-1
600,1,358.2797546386719,590.114013671875,60.77362060546875,142.8873291015625,-1,-1,-1,-1
601,1,358.57940673828125,581.1029663085938,62.146270751953125,143.51947021484375,-1,-1,-1,-1
1,2,591.8841552734375,578.5567626953125,100.098876953125,251.34454345703125,-1,-1,-1,-1
2,2,591.6550903320312,580.5575561523438,94.654541015625,256.4832763671875,-1,-1,-1,-1
3,2,577.0965576171875,579.0780639648438,111.67974853515625,256.9290771484375,-1,-1,-1,-1
4,2,566.9151611328125,577.1219482421875,126.928466796875,253.33642578125,-1,-1,-1,-1
5,2,554.264892578125,574.9697265625,144.3720703125,251.01519775390625,-1,-1,-1,-1
6,2,551.7090454101562,573.1160888671875,140.74969482421875,251.2393798828125,-1,-1,-1,-1
7,2,542.8839111328125,574.1864013671875,140.78875732421875,255.0516357421875,-1,-1,-1,-1
8,2,545.130126953125,572.1392211914062,133.76055908203125,257.71417236328125,-1,-1,-1,-1
9,2,542.6927490234375,571.1422119140625,127.42852783203125,257.24713134765625,-1,-1,-1,-1
10,2,543.2162475585938,572.775146484375,120.5362548828125,256.8466796875,-1,-1,-1,-1
11,2,540.9097900390625,576.0350341796875,117.696044921875,254.45098876953125,-1,-1,-1,-1
12,2,538.427978515625,574.713134765625,117.64544677734375,253.40802001953125,-1,-1,-1,-1
13,2,528.5050048828125,569.9008178710938,124.12908935546875,252.54364013671875,-1,-1,-1,-1
14,2,514.21435546875,565.2235107421875,132.2562255859375,249.59893798828125,-1,-1,-1,-1
15,2,499.4202880859375,562.1256713867188,138.20819091796875,245.15753173828125,-1,-1,-1,-1
16,2,485.0072021484375,561.9718627929688,143.9918212890625,243.83270263671875,-1,-1,-1,-1
17,2,481.3162841796875,558.7355346679688,141.80322265625,245.72821044921875,-1,-1,-1,-1
18,2,482.5649108886719,556.6192626953125,136.68447875976562,249.33203125,-1,-1,-1,-1
19,2,485.75640869140625,556.1455078125,131.19805908203125,252.0814208984375,-1,-1,-1,-1
20,2,490.2163391113281,556.1559448242188,124.12796020507812,254.768798828125,-1,-1,-1,-1
21,2,494.807373046875,557.4308471679688,122.3302001953125,259.6988525390625,-1,-1,-1,-1
22,2,502.8883972167969,562.439453125,123.34500122070312,262.127685546875,-1,-1,-1,-1
23,2,518.8380737304688,568.3163452148438,123.54327392578125,264.83551025390625,-1,-1,-1,-1
24,2,539.0567016601562,575.3619384765625,118.4593505859375,269.9110107421875,-1,-1,-1,-1
25,2,556.2247924804688,582.8463134765625,112.55364990234375,277.09619140625,-1,-1,-1,-1
26,2,569.28076171875,588.7235107421875,109.53955078125,279.593994140625,-1,-1,-1,-1
27,2,579.5501098632812,594.2747802734375,108.11651611328125,280.42608642578125,-1,-1,-1,-1
28,2,585.0003051757812,599.5672607421875,105.01177978515625,280.369384765625,-1,-1,-1,-1
29,2,592.213623046875,604.25537109375,99.79791259765625,280.7098388671875,-1,-1,-1,-1
30,2,598.9942016601562,607.188720703125,96.3828125,280.66558837890625,-1,-1,-1,-1
31,2,604.22412109375,608.7281494140625,95.73883056640625,280.7032470703125,-1,-1,-1,-1
32,2,605.701416015625,607.5062255859375,95.18280029296875,281.14788818359375,-1,-1,-1,-1
33,2,605.25439453125,605.6693115234375,93.7237548828125,282.509521484375,-1,-1,-1,-1
34,2,602.4078979492188,608.60400390625,94.78167724609375,281.40838623046875,-1,-1,-1,-1
35,2,590.197265625,613.4241333007812,95.37628173828125,285.22601318359375,-1,-1,-1,-1
36,2,583.1304321289062,618.3073120117188,93.4188232421875,286.30413818359375,-1,-1,-1,-1
37,2,571.0408935546875,622.8919067382812,97.81036376953125,285.5716552734375,-1,-1,-1,-1
38,2,558.5523071289062,621.0888061523438,108.69622802734375,279.26654052734375,-1,-1,-1,-1
39,2,542.7078857421875,618.247802734375,127.46380615234375,279.62469482421875,-1,-1,-1,-1
40,2,531.092529296875,619.8511352539062,124.9488525390625,277.8016357421875,-1,-1,-1,-1
41,2,516.60791015625,623.607666015625,142.17779541015625,278.70465087890625,-1,-1,-1,-1
42,2,513.7528686523438,628.4050903320312,145.4658203125,280.133544921875,-1,-1,-1,-1
43,2,508.3397216796875,637.4572143554688,145.0067138671875,280.97381591796875,-1,-1,-1,-1
44,2,512.0828552246094,636.9465942382812,142.05892944335938,280.8892822265625,-1,-1,-1,-1
45,2,518.9771728515625,630.2271118164062,134.61688232421875,278.8095703125,-1,-1,-1,-1
46,2,517.795166015625,635.4310913085938,134.6788330078125,281.15643310546875,-1,-1,-1,-1
47,2,519.88330078125,639.27587890625,142.82159423828125,282.44384765625,-1,-1,-1,-1
48,2,519.9277954101562,638.8784790039062,153.0274658203125,278.78759765625,-1,-1,-1,-1
49,2,512.2705993652344,640.4453735351562,169.97915649414062,277.30145263671875,-1,-1,-1,-1
50,2,512.5404663085938,640.9683837890625,159.59002685546875,276.2413330078125,-1,-1,-1,-1
51,2,510.2486572265625,636.327880859375,162.3330078125,279.3995361328125,-1,-1,-1,-1
52,2,508.071044921875,627.19873046875,154.2103271484375,286.06085205078125,-1,-1,-1,-1
53,2,511.70269775390625,621.7936401367188,138.124267578125,297.43341064453125,-1,-1,-1,-1
54,2,522.379150390625,617.4874267578125,121.892822265625,311.02825927734375,-1,-1,-1,-1
55,2,525.2500610351562,615.8634033203125,114.8394775390625,318.902587890625,-1,-1,-1,-1
56,2,530.2886352539062,617.0606689453125,103.730712890625,321.64105224609375,-1,-1,-1,-1
57,2,534.0013427734375,621.01025390625,97.458251953125,325.2838134765625,-1,-1,-1,-1
58,2,538.9569091796875,623.2402954101562,95.61541748046875,326.45892333984375,-1,-1,-1,-1
59,2,540.0594482421875,626.8255004882812,101.72955322265625,327.42535400390625,-1,-1,-1,-1
60,2,549.2554931640625,627.7081298828125,101.390625,328.317626953125,-1,-1,-1,-1
61,2,550.2051391601562,623.6619873046875,110.87139892578125,331.3602294921875,-1,-1,-1,-1
62,2,553.2726440429688,622.6098022460938,122.31817626953125,332.79962158203125,-1,-1,-1,-1
63,2,565.5458984375,620.3286743164062,120.7281494140625,336.180419921875,-1,-1,-1,-1
64,2,568.4566650390625,614.9739990234375,123.61956787109375,338.3538818359375,-1,-1,-1,-1
65,2,561.794189453125,612.52734375,130.61578369140625,341.5013427734375,-1,-1,-1,-1
66,2,551.285400390625,614.7305297851562,143.80572509765625,344.67718505859375,-1,-1,-1,-1
67,2,546.6904907226562,623.32470703125,155.19677734375,341.79119873046875,-1,-1,-1,-1
68,2,545.8025512695312,631.0291137695312,158.98516845703125,337.5133056640625,-1,-1,-1,-1
69,2,549.4586791992188,634.6918334960938,154.1239013671875,334.9337158203125,-1,-1,-1,-1
70,2,545.503173828125,629.065673828125,146.830322265625,338.97698974609375,-1,-1,-1,-1
71,2,549.9078979492188,620.1504516601562,128.13482666015625,346.9344482421875,-1,-1,-1,-1
72,2,557.0350341796875,612.1167602539062,118.83380126953125,353.75128173828125,-1,-1,-1,-1
73,2,561.3452758789062,607.5654907226562,130.2432861328125,354.42315673828125,-1,-1,-1,-1
74,2,559.7728271484375,607.673828125,128.00714111328125,352.7232666015625,-1,-1,-1,-1
75,2,567.2262573242188,610.9209594726562,122.461181640625,352.17181396484375,-1,-1,-1,-1
76,2,574.3297729492188,616.6935424804688,123.58935546875,350.16778564453125,-1,-1,-1,-1
77,2,571.8486328125,620.4829711914062,138.84906005859375,345.7359619140625,-1,-1,-1,-1
78,2,587.25439453125,617.4469604492188,128.12640380859375,345.5516357421875,-1,-1,-1,-1
79,2,610.8169555664062,611.4609985351562,107.26019287109375,348.8309326171875,-1,-1,-1,-1
80,2,619.5240478515625,606.3656005859375,102.83587646484375,347.8470458984375,-1,-1,-1,-1
81,2,626.1182250976562,601.412841796875,104.20635986328125,346.859130859375,-1,-1,-1,-1
82,2,636.6888427734375,596.9459838867188,104.25531005859375,345.68695068359375,-1,-1,-1,-1
83,2,643.6875,595.2670288085938,105.73260498046875,342.58160400390625,-1,-1,-1,-1
84,2,653.27197265625,598.0720825195312,102.8951416015625,337.74041748046875,-1,-1,-1,-1
85,2,663.135986328125,600.0433959960938,101.43597412109375,332.2908935546875,-1,-1,-1,-1
86,2,665.3004150390625,600.5767822265625,100.690673828125,327.08966064453125,-1,-1,-1,-1
87,2,665.22412109375,599.7518310546875,104.22418212890625,321.65179443359375,-1,-1,-1,-1
88,2,665.9723510742188,601.9247436523438,104.7884521484375,317.4442138671875,-1,-1,-1,-1
89,2,680.977294921875,606.0831909179688,93.2965087890625,315.07232666015625,-1,-1,-1,-1
90,2,685.4437255859375,608.0872802734375,94.48382568359375,311.447021484375,-1,-1,-1,-1
91,2,686.4977416992188,607.6442260742188,101.20281982421875,303.545166015625,-1,-1,-1,-1
92,2,687.7484130859375,609.1785888671875,111.6092529296875,294.78338623046875,-1,-1,-1,-1
93,2,685.865234375,612.1489868164062,123.51513671875,286.59747314453125,-1,-1,-1,-1
94,2,686.4555053710938,614.8238525390625,132.0333251953125,281.8450927734375,-1,-1,-1,-1
95,2,681.8289184570312,615.4744262695312,144.674072265625,279.82440185546875,-1,-1,-1,-1
96,2,679.124755859375,615.8820190429688,151.77850341796875,281.92755126953125,-1,-1,-1,-1
97,2,671.0817260742188,616.3424682617188,155.19183349609375,281.02093505859375,-1,-1,-1,-1
98,2,671.5213012695312,618.2841796875,150.623046875,281.64923095703125,-1,-1,-1,-1
99,2,681.7116088867188,617.4306640625,136.49005126953125,284.4061279296875,-1,-1,-1,-1
100,2,695.1808471679688,614.7772216796875,120.06964111328125,287.99163818359375,-1,-1,-1,-1
101,2,710.6199951171875,611.7627563476562,103.8153076171875,290.0860595703125,-1,-1,-1,-1
102,2,725.2532348632812,609.4694213867188,89.18511962890625,291.27813720703125,-1,-1,-1,-1
103,2,736.3223876953125,608.1867065429688,78.9149169921875,293.74896240234375,-1,-1,-1,-1
104,2,738.8444213867188,608.5817260742188,80.53631591796875,292.7005615234375,-1,-1,-1,-1
105,2,739.2311401367188,613.3294677734375,87.28546142578125,289.14715576171875,-1,-1,-1,-1
106,2,739.0361328125,624.1204833984375,99.2847900390625,281.2135009765625,-1,-1,-1,-1
107,2,739.61376953125,627.1492309570312,104.8375244140625,278.656982421875,-1,-1,-1,-1
108,2,740.36376953125,628.1471557617188,117.5648193359375,280.201904296875,-1,-1,-1,-1
109,2,745.240478515625,626.5122680664062,128.20782470703125,283.84619140625,-1,-1,-1,-1
110,2,745.69921875,627.54296875,142.6290283203125,289.60162353515625,-1,-1,-1,-1
111,2,749.6234130859375,632.9805297851562,156.81036376953125,295.499755859375,-1,-1,-1,-1
112,2,754.0747680664062,640.5484619140625,169.1778564453125,298.206298828125,-1,-1,-1,-1
113,2,759.5843505859375,646.6177978515625,178.26837158203125,296.488525390625,-1,-1,-1,-1
114,2,765.1918334960938,647.56982421875,181.71197509765625,296.35980224609375,-1,-1,-1,-1
115,2,767.1987915039062,640.7611083984375,185.13031005859375,299.94317626953125,-1,-1,-1,-1
116,2,771.0557861328125,629.6207885742188,184.81951904296875,306.61309814453125,-1,-1,-1,-1
117,2,778.5961303710938,616.1986694335938,183.55828857421875,315.318603515625,-1,-1,-1,-1
118,2,793.3978271484375,603.9262084960938,169.1815185546875,318.76153564453125,-1,-1,-1,-1
119,2,812.5568237304688,593.1605834960938,145.747802734375,318.243896484375,-1,-1,-1,-1
120,2,830.4127807617188,583.869873046875,135.1051025390625,320.5826416015625,-1,-1,-1,-1
121,2,839.255615234375,573.2440185546875,133.459228515625,322.085205078125,-1,-1,-1,-1
122,2,847.3629150390625,566.195556640625,132.797607421875,325.32379150390625,-1,-1,-1,-1
123,2,847.933349609375,565.900390625,133.6524658203125,325.07183837890625,-1,-1,-1,-1
124,2,845.96240234375,570.1400756835938,134.7379150390625,325.62603759765625,-1,-1,-1,-1
125,2,843.41845703125,574.1766967773438,136.373046875,328.16119384765625,-1,-1,-1,-1
126,2,835.7523193359375,579.2449951171875,143.6639404296875,329.91802978515625,-1,-1,-1,-1
127,2,823.5628662109375,588.3603515625,156.14068603515625,328.8399658203125,-1,-1,-1,-1
128,2,816.3582763671875,601.611083984375,160.16888427734375,322.380859375,-1,-1,-1,-1
129,2,812.2227783203125,614.5235595703125,158.5394287109375,315.44482421875,-1,-1,-1,-1
130,2,806.5706787109375,621.770263671875,160.57049560546875,309.5841064453125,-1,-1,-1,-1
131,2,799.0337524414062,622.0135498046875,165.22271728515625,310.03582763671875,-1,-1,-1,-1
132,2,790.2396240234375,616.2771606445312,163.2890625,314.218017578125,-1,-1,-1,-1
133,2,787.2780151367188,607.7552490234375,155.2420654296875,319.55120849609375,-1,-1,-1,-1
134,2,781.09765625,601.7545166015625,156.135498046875,322.077392578125,-1,-1,-1,-1
135,2,779.937744140625,599.3069458007812,160.309326171875,322.08782958984375,-1,-1,-1,-1
136,2,790.2343139648438,599.7218017578125,154.97076416015625,321.511962890625,-1,-1,-1,-1
137,2,788.7091064453125,605.6215209960938,161.8048095703125,314.885009765625,-1,-1,-1,-1
138,2,780.3787841796875,611.9191284179688,166.99261474609375,306.328369140625,-1,-1,-1,-1
139,2,778.1724853515625,614.4788818359375,162.8077392578125,300.8751220703125,-1,-1,-1,-1
140,2,772.83935546875,612.6032104492188,165.66497802734375,301.16046142578125,-1,-1,-1,-1
141,2,773.324951171875,604.7972412109375,161.94281005859375,307.2039794921875,-1,-1,-1,-1
142,2,772.870849609375,596.9365234375,155.545166015625,313.0350341796875,-1,-1,-1,-1
143,2,771.4639892578125,594.2608642578125,146.60784912109375,313.6224365234375,-1,-1,-1,-1
144,2,775.5950317382812,595.6369018554688,132.6092529296875,312.0704345703125,-1,-1,-1,-1
145,2,771.187255859375,600.68603515625,132.67132568359375,308.59124755859375,-1,-1,-1,-1
146,2,770.5647583007812,605.5670166015625,133.12506103515625,306.22503662109375,-1,-1,-1,-1
147,2,777.3685913085938,609.529541015625,119.4970703125,303.78118896484375,-1,-1,-1,-1
148,2,768.891357421875,611.035888671875,123.49969482421875,302.69140625,-1,-1,-1,-1
149,2,767.51904296875,610.8517456054688,122.45233154296875,302.89984130859375,-1,-1,-1,-1
150,2,760.0491943359375,610.6626586914062,126.6531982421875,304.4857177734375,-1,-1,-1,-1
151,2,750.4671630859375,612.6199340820312,133.3170166015625,304.220947265625,-1,-1,-1,-1
152,2,739.47412109375,613.6047973632812,141.7379150390625,304.52789306640625,-1,-1,-1,-1
153,2,728.7828369140625,616.4688720703125,153.5184326171875,302.58184814453125,-1,-1,-1,-1
154,2,726.9080810546875,621.9168090820312,156.967529296875,299.0008544921875,-1,-1,-1,-1
155,2,730.4661865234375,625.6337280273438,152.5560302734375,295.60577392578125,-1,-1,-1,-1
156,2,731.433837890625,629.0665283203125,143.05938720703125,293.1231689453125,-1,-1,-1,-1
157,2,729.94140625,630.5025024414062,131.53369140625,290.6419677734375,-1,-1,-1,-1
158,2,723.66943359375,631.7633056640625,121.158203125,278.53076171875,-1,-1,-1,-1
159,2,724.9871826171875,631.3837280273438,105.0108642578125,266.52972412109375,-1,-1,-1,-1
160,2,723.581298828125,630.817626953125,100.5120849609375,260.899169921875,-1,-1,-1,-1
161,2,720.275634765625,630.845947265625,100.59417724609375,256.66259765625,-1,-1,-1,-1
162,2,718.1686401367188,631.6370239257812,103.7301025390625,256.1729736328125,-1,-1,-1,-1
163,2,717.3203735351562,633.0813598632812,107.731201171875,260.29168701171875,-1,-1,-1,-1
164,2,717.763916015625,633.1992797851562,110.92242431640625,272.97406005859375,-1,-1,-1,-1
165,2,717.8799438476562,631.2486572265625,118.88714599609375,284.4915771484375,-1,-1,-1,-1
166,2,718.9601440429688,629.4196166992188,121.93048095703125,299.59710693359375,-1,-1,-1,-1
167,2,721.6658325195312,629.3221435546875,124.0177001953125,310.06396484375,-1,-1,-1,-1
168,2,723.7869873046875,632.9476318359375,126.94677734375,313.25958251953125,-1,-1,-1,-1
169,2,727.2162475585938,637.9815673828125,126.4150390625,311.80072021484375,-1,-1,-1,-1
170,2,726.9746704101562,639.9082641601562,131.14794921875,313.19207763671875,-1,-1,-1,-1
171,2,736.7581176757812,636.4829711914062,125.043701171875,317.5704345703125,-1,-1,-1,-1
172,2,740.6185913085938,629.8273315429688,120.6988525390625,322.21124267578125,-1,-1,-1,-1
173,2,747.437255859375,621.8035278320312,112.979248046875,326.72576904296875,-1,-1,-1,-1
174,2,751.1412353515625,617.5359497070312,106.85986328125,330.00933837890625,-1,-1,-1,-1
175,2,751.85302734375,617.9411010742188,106.34515380859375,329.59930419921875,-1,-1,-1,-1
176,2,753.1831665039062,622.6497802734375,106.69439697265625,329.33245849609375,-1,-1,-1,-1
177,2,753.2865600585938,627.4370727539062,109.48968505859375,326.325439453125,-1,-1,-1,-1
178,2,755.2252807617188,628.7034912109375,108.41766357421875,324.54608154296875,-1,-1,-1,-1
179,2,753.8977661132812,623.5955810546875,110.60687255859375,326.96337890625,-1,-1,-1,-1
180,2,754.389404296875,616.1720581054688,109.971923828125,328.83306884765625,-1,-1,-1,-1
181,2,755.7603759765625,610.1355590820312,107.7586669921875,329.43603515625,-1,-1,-1,-1
182,2,752.8998413085938,607.9052124023438,113.77178955078125,329.71514892578125,-1,-1,-1,-1
183,2,750.0201416015625,610.8267822265625,126.06512451171875,326.218505859375,-1,-1,-1,-1
184,2,753.4374389648438,617.6856689453125,129.63433837890625,320.7314453125,-1,-1,-1,-1
185,2,756.2333374023438,623.5714111328125,132.5904541015625,312.00164794921875,-1,-1,-1,-1
186,2,762.4285888671875,621.23193359375,134.03912353515625,309.74957275390625,-1,-1,-1,-1
187,2,767.7467041015625,612.5562744140625,133.1002197265625,307.37744140625,-1,-1,-1,-1
188,2,769.5350341796875,595.4990234375,142.20556640625,308.922607421875,-1,-1,-1,-1
189,2,768.9038696289062,576.9396362304688,155.3291015625,316.31256103515625,-1,-1,-1,-1
190,2,771.456298828125,565.3565673828125,165.138916015625,330.28399658203125,-1,-1,-1,-1
191,2,776.120361328125,566.0406494140625,162.822265625,338.220458984375,-1,-1,-1,-1
192,2,774.5464477539062,574.6437377929688,166.2108154296875,345.15155029296875,-1,-1,-1,-1
193,2,771.3156127929688,585.9786987304688,170.79693603515625,360.70440673828125,-1,-1,-1,-1
194,2,762.4764404296875,591.724609375,186.3221435546875,360.471923828125,-1,-1,-1,-1
195,2,752.4033203125,590.709228515625,197.1800537109375,366.8798828125,-1,-1,-1,-1
196,2,755.3329467773438,586.2495727539062,187.7435302734375,374.3331298828125,-1,-1,-1,-1
197,2,768.0081176757812,579.1377563476562,165.9892578125,383.0911865234375,-1,-1,-1,-1
198,2,787.9572143554688,571.99560546875,139.55377197265625,390.60955810546875,-1,-1,-1,-1
199,2,798.3074951171875,569.8008422851562,134.32513427734375,398.9765625,-1,-1,-1,-1
200,2,812.3399047851562,570.5723266601562,143.6795654296875,417.03472900390625,-1,-1,-1,-1
201,2,819.5692749023438,577.48046875,171.7720947265625,432.6895751953125,-1,-1,-1,-1
202,2,829.799560546875,590.6680297851562,192.8828125,446.57391357421875,-1,-1,-1,-1
203,2,832.568359375,605.2090454101562,208.1524658203125,444.93450927734375,-1,-1,-1,-1
204,2,831.4824829101562,617.7102661132812,219.01165771484375,439.60418701171875,-1,-1,-1,-1
205,2,833.3697509765625,618.388671875,218.0274658203125,443.801513671875,-1,-1,-1,-1
206,2,832.3627319335938,610.7575073242188,213.41632080078125,451.94989013671875,-1,-1,-1,-1
207,2,830.895751953125,600.7237548828125,209.7689208984375,461.8466796875,-1,-1,-1,-1
208,2,838.7611083984375,595.70068359375,199.0040283203125,465.7635498046875,-1,-1,-1,-1
209,2,874.430908203125,595.9011840820312,157.44580078125,466.70648193359375,-1,-1,-1,-1
210,2,884.7774658203125,603.5709838867188,145.974853515625,461.26312255859375,-1,-1,-1,-1
211,2,885.6060791015625,612.7872314453125,142.7896728515625,452.756591796875,-1,-1,-1,-1
212,2,877.0335083007812,616.0220336914062,146.5494384765625,447.24066162109375,-1,-1,-1,-1
213,2,860.4689331054688,615.2752075195312,151.8651123046875,447.33538818359375,-1,-1,-1,-1
214,2,849.992919921875,611.28564453125,158.332275390625,449.2431640625,-1,-1,-1,-1
215,2,823.5625,607.0527954101562,182.829345703125,449.85919189453125,-1,-1,-1,-1
216,2,800.1448974609375,605.5762939453125,205.093994140625,451.0615234375,-1,-1,-1,-1
217,2,774.7567138671875,610.562255859375,230.529541015625,444.33447265625,-1,-1,-1,-1
218,2,770.3220825195312,620.4807739257812,232.67474365234375,431.42340087890625,-1,-1,-1,-1
219,2,769.985595703125,634.6947021484375,215.94195556640625,415.2474365234375,-1,-1,-1,-1
220,2,770.2431640625,643.438720703125,220.71417236328125,409.771728515625,-1,-1,-1,-1
221,2,769.82373046875,644.8161010742188,234.12628173828125,422.76226806640625,-1,-1,-1,-1
222,2,768.7493286132812,641.9172973632812,250.3802490234375,442.05560302734375,-1,-1,-1,-1
223,2,767.03564453125,640.3350830078125,264.75439453125,448.7923583984375,-1,-1,-1,-1
224,2,777.4266967773438,641.044677734375,258.27154541015625,447.8690185546875,-1,-1,-1,-1
225,2,794.8572998046875,637.5321044921875,241.60302734375,447.720703125,-1,-1,-1,-1
226,2,791.9826049804688,626.1297607421875,240.04779052734375,451.123046875,-1,-1,-1,-1
227,2,790.2628173828125,608.5543212890625,237.7613525390625,460.28466796875,-1,-1,-1,-1
228,2,793.069580078125,591.296630859375,232.53057861328125,470.47314453125,-1,-1,-1,-1
229,2,801.1924438476562,580.468505859375,208.29095458984375,465.0472412109375,-1,-1,-1,-1
230,2,828.7601318359375,574.114501953125,163.70672607421875,460.537353515625,-1,-1,-1,-1
231,2,850.6239624023438,575.7203979492188,142.00946044921875,455.82659912109375,-1,-1,-1,-1
232,2,857.3900146484375,580.1656494140625,142.7364501953125,452.775634765625,-1,-1,-1,-1
233,2,857.1129760742188,584.7697143554688,150.111328125,450.73126220703125,-1,-1,-1,-1
234,2,854.1870727539062,587.5914306640625,159.8885498046875,450.2684326171875,-1,-1,-1,-1
235,2,842.9697875976562,588.600341796875,180.5543212890625,451.287109375,-1,-1,-1,-1
236,2,825.361328125,588.9968872070312,194.65545654296875,451.98114013671875,-1,-1,-1,-1
237,2,805.9854736328125,589.039794921875,212.5843505859375,453.1937255859375,-1,-1,-1,-1
238,2,801.0537109375,591.5186157226562,219.02545166015625,451.51629638671875,-1,-1,-1,-1
239,2,800.442626953125,598.4713134765625,220.6826171875,443.3553466796875,-1,-1,-1,-1
240,2,803.8414916992188,608.7745971679688,218.4354248046875,433.54437255859375,-1,-1,-1,-1
241,2,806.9540405273438,618.3549194335938,223.76068115234375,426.94720458984375,-1,-1,-1,-1
242,2,802.7859497070312,626.4476928710938,234.27947998046875,420.75836181640625,-1,-1,-1,-1
243,2,792.5419311523438,628.2598876953125,247.13275146484375,420.1888427734375,-1,-1,-1,-1
244,2,794.0650024414062,627.728271484375,244.77435302734375,420.5472412109375,-1,-1,-1,-1
245,2,777.990966796875,630.372314453125,247.9033203125,410.889404296875,-1,-1,-1,-1
246,2,762.2913818359375,634.9759521484375,246.18353271484375,387.68133544921875,-1,-1,-1,-1
247,2,757.9830932617188,639.4335327148438,230.72821044921875,354.65399169921875,-1,-1,-1,-1
248,2,721.1480102539062,636.668701171875,241.78265380859375,320.60052490234375,-1,-1,-1,-1
249,2,730.552001953125,628.583740234375,225.92742919921875,298.26171875,-1,-1,-1,-1
250,2,746.614501953125,618.1576538085938,209.8953857421875,306.28924560546875,-1,-1,-1,-1
251,2,764.800048828125,610.232666015625,195.8619384765625,313.82708740234375,-1,-1,-1,-1
252,2,761.2731323242188,607.9159545898438,202.07965087890625,303.44512939453125,-1,-1,-1,-1
253,2,751.0927124023438,609.7222290039062,208.60150146484375,286.46844482421875,-1,-1,-1,-1
254,2,745.1832275390625,614.1243896484375,183.6605224609375,265.56982421875,-1,-1,-1,-1
255,2,733.111328125,611.6887817382812,173.4609375,264.3070068359375,-1,-1,-1,-1
256,2,668.0546875,608.1362915039062,215.60809326171875,271.1365966796875,-1,-1,-1,-1
257,2,702.8960571289062,609.4876098632812,165.41302490234375,252.43988037109375,-1,-1,-1,-1
258,2,691.6256713867188,609.7944946289062,166.93658447265625,241.444580078125,-1,-1,-1,-1
259,2,693.6868896484375,611.7449340820312,143.7838134765625,229.9102783203125,-1,-1,-1,-1
260,2,704.2172241210938,611.143798828125,109.88079833984375,229.51470947265625,-1,-1,-1,-1
261,2,708.890380859375,611.5645751953125,88.515869140625,232.15411376953125,-1,-1,-1,-1
262,2,707.996337890625,615.6270141601562,76.12310791015625,224.90325927734375,-1,-1,-1,-1
263,2,698.12255859375,623.2495727539062,77.79119873046875,215.18096923828125,-1,-1,-1,-1
264,2,686.75390625,633.971435546875,77.992919921875,195.39178466796875,-1,-1,-1,-1
265,2,680.4749755859375,638.7247314453125,72.12603759765625,186.7503662109375,-1,-1,-1,-1
266,2,670.4744262695312,637.2920532226562,71.04425048828125,187.16949462890625,-1,-1,-1,-1
267,2,661.6459350585938,633.7569580078125,69.99114990234375,189.35888671875,-1,-1,-1,-1
268,2,656.7158203125,627.364501953125,68.362548828125,189.9532470703125,-1,-1,-1,-1
269,2,642.8922119140625,624.1085815429688,74.3516845703125,179.10186767578125,-1,-1,-1,-1
270,2,626.1170043945312,621.1531982421875,91.00811767578125,178.77130126953125,-1,-1,-1,-1
271,2,634.3104248046875,628.0997924804688,86.48114013671875,162.61572265625,-1,-1,-1,-1
272,2,626.4534912109375,628.4203491210938,78.9874267578125,167.41796875,-1,-1,-1,-1
273,2,635.6804809570312,620.6184692382812,67.02020263671875,168.869873046875,-1,-1,-1,-1
274,2,632.81884765625,611.7593994140625,70.885498046875,179.6954345703125,-1,-1,-1,-1
275,2,633.07177734375,611.0149536132812,70.45220947265625,174.87542724609375,-1,-1,-1,-1
276,2,635.2601928710938,611.7416381835938,69.90118408203125,170.0897216796875,-1,-1,-1,-1
277,2,636.5590209960938,617.8128051757812,74.86553955078125,163.38140869140625,-1,-1,-1,-1
278,2,639.5303955078125,622.2149047851562,74.18804931640625,156.97607421875,-1,-1,-1,-1
279,2,639.259765625,624.7461547851562,72.7730712890625,153.587890625,-1,-1,-1,-1
280,2,641.0984497070312,620.21875,71.12579345703125,154.99163818359375,-1,-1,-1,-1
281,2,646.3947143554688,608.6266479492188,67.4000244140625,159.1619873046875,-1,-1,-1,-1
282,2,643.9422607421875,601.947998046875,65.212890625,157.26727294921875,-1,-1,-1,-1
283,2,640.8621215820312,604.9257202148438,61.59033203125,160.25067138671875,-1,-1,-1,-1
284,2,632.933349609375,606.6323852539062,65.19091796875,160.951904296875,-1,-1,-1,-1
285,2,626.264404296875,606.678466796875,68.78948974609375,159.403564453125,-1,-1,-1,-1
286,2,623.5455322265625,602.4302368164062,73.53466796875,155.93572998046875,-1,-1,-1,-1
287,2,629.4570922851562,591.9210815429688,74.538818359375,155.9544677734375,-1,-1,-1,-1
288,2,629.470703125,589.6309814453125,75.313232421875,156.2462158203125,-1,-1,-1,-1
289,2,627.8587646484375,595.9359741210938,74.64508056640625,158.64111328125,-1,-1,-1,-1
290,2,627.220947265625,598.53369140625,72.67144775390625,157.84832763671875,-1,-1,-1,-1
291,2,628.9512329101562,601.7775268554688,69.77166748046875,156.1016845703125,-1,-1,-1,-1
292,2,635.8124389648438,603.304443359375,65.03302001953125,155.47979736328125,-1,-1,-1,-1
293,2,642.19384765625,603.1964721679688,65.12969970703125,159.19354248046875,-1,-1,-1,-1
294,2,649.745361328125,614.4015502929688,61.8558349609375,158.22381591796875,-1,-1,-1,-1
295,2,662.2018432617188,632.234130859375,63.725830078125,160.24896240234375,-1,-1,-1,-1
296,2,680.8955078125,648.7626342773438,63.46014404296875,161.20562744140625,-1,-1,-1,-1
297,2,700.3873901367188,662.7000732421875,63.355224609375,161.6497802734375,-1,-1,-1,-1
298,2,714.544189453125,672.783447265625,62.40655517578125,162.8046875,-1,-1,-1,-1
299,2,724.7345581054688,678.26220703125,63.615234375,163.51080322265625,-1,-1,-1,-1
300,2,726.5922241210938,673.0902709960938,63.7783203125,163.85626220703125,-1,-1,-1,-1
301,2,723.71240234375,656.158203125,62.91644287109375,165.60809326171875,-1,-1,-1,-1
302,2,719.33837890625,642.419677734375,60.8778076171875,166.6077880859375,-1,-1,-1,-1
303,2,712.5585327148438,634.1476440429688,60.084716796875,164.0870361328125,-1,-1,-1,-1
304,2,703.4346923828125,632.3116455078125,61.19952392578125,164.8717041015625,-1,-1,-1,-1
305,2,690.8419189453125,637.5806274414062,58.47454833984375,165.15350341796875,-1,-1,-1,-1
306,2,676.6382446289062,641.9774780273438,56.930908203125,166.92950439453125,-1,-1,-1,-1
307,2,666.9287719726562,640.7838745117188,55.74102783203125,167.34429931640625,-1,-1,-1,-1
308,2,663.5393676757812,638.2005004882812,55.08447265625,170.6297607421875,-1,-1,-1,-1
309,2,661.3073120117188,637.4244384765625,55.287841796875,172.25494384765625,-1,-1,-1,-1
310,2,658.6455078125,635.963623046875,54.20751953125,171.54425048828125,-1,-1,-1,-1
311,2,655.4147338867188,633.7748413085938,56.2266845703125,171.96209716796875,-1,-1,-1,-1
312,2,652.2734985351562,636.4848022460938,56.81048583984375,171.678955078125,-1,-1,-1,-1
313,2,648.82421875,641.1585693359375,56.80377197265625,171.3709716796875,-1,-1,-1,-1
314,2,646.3882446289062,644.7140502929688,57.20220947265625,168.82061767578125,-1,-1,-1,-1
315,2,644.5770874023438,642.8126220703125,58.485107421875,168.88897705078125,-1,-1,-1,-1
316,2,646.5010375976562,639.842529296875,56.75531005859375,170.0206298828125,-1,-1,-1,-1
317,2,647.5779418945312,639.4520874023438,56.4122314453125,173.20703125,-1,-1,-1,-1
318,2,648.0923461914062,640.86474609375,56.62286376953125,173.99481201171875,-1,-1,-1,-1
319,2,647.4505615234375,645.0038452148438,58.04205322265625,176.4307861328125,-1,-1,-1,-1
320,2,644.3759765625,647.027099609375,57.1485595703125,176.63360595703125,-1,-1,-1,-1
321,2,642.5277709960938,647.833740234375,56.78375244140625,177.78363037109375,-1,-1,-1,-1
322,2,639.6013793945312,647.5604248046875,57.80975341796875,180.0377197265625,-1,-1,-1,-1
323,2,634.1090698242188,646.16064453125,62.1220703125,181.03369140625,-1,-1,-1,-1
324,2,630.63818359375,643.2907104492188,62.8487548828125,181.3636474609375,-1,-1,-1,-1
325,2,629.56103515625,639.5626831054688,61.70477294921875,179.09759521484375,-1,-1,-1,-1
326,2,628.2634887695312,635.1885375976562,60.94451904296875,180.3408203125,-1,-1,-1,-1
327,2,625.2703247070312,632.2614135742188,62.14447021484375,178.88885498046875,-1,-1,-1,-1
328,2,615.5848999023438,631.092041015625,66.95721435546875,178.3990478515625,-1,-1,-1,-1
329,2,607.5810546875,629.6289672851562,66.95281982421875,180.05615234375,-1,-1,-1,-1
330,2,598.836669921875,629.347900390625,67.77459716796875,180.49755859375,-1,-1,-1,-1
331,2,588.8104248046875,629.8026123046875,74.025634765625,181.69903564453125,-1,-1,-1,-1
332,2,586.0428466796875,634.7861328125,72.8663330078125,178.200439453125,-1,-1,-1,-1
333,2,582.1803588867188,639.07470703125,74.78759765625,174.1522216796875,-1,-1,-1,-1
334,2,581.9691772460938,641.4259033203125,74.21966552734375,170.87896728515625,-1,-1,-1,-1
335,2,580.4073486328125,638.4037475585938,74.65313720703125,172.24658203125,-1,-1,-1,-1
336,2,581.27587890625,634.197998046875,73.57269287109375,175.9630126953125,-1,-1,-1,-1
337,2,586.4190673828125,627.8196411132812,69.23809814453125,179.9849853515625,-1,-1,-1,-1
338,2,589.2294921875,623.666015625,69.34521484375,180.00616455078125,-1,-1,-1,-1
339,2,593.6045532226562,621.3024291992188,69.04254150390625,179.80267333984375,-1,-1,-1,-1
340,2,597.5438232421875,620.4735717773438,67.2828369140625,176.8804931640625,-1,-1,-1,-1
341,2,600.421142578125,623.1371459960938,68.0556640625,172.53009033203125,-1,-1,-1,-1
342,2,602.249267578125,625.0403442382812,68.42193603515625,168.5550537109375,-1,-1,-1,-1
343,2,603.09375,623.6715087890625,69.36920166015625,163.3966064453125,-1,-1,-1,-1
344,2,604.5680541992188,617.9013061523438,66.67254638671875,164.92181396484375,-1,-1,-1,-1
345,2,610.5150146484375,612.2457275390625,64.56072998046875,169.93292236328125,-1,-1,-1,-1
346,2,614.5953979492188,605.290283203125,65.6298828125,174.7735595703125,-1,-1,-1,-1
347,2,622.63623046875,596.018310546875,63.0386962890625,175.70703125,-1,-1,-1,-1
348,2,627.9664916992188,586.3115234375,63.93927001953125,172.54559326171875,-1,-1,-1,-1
349,2,630.6713256835938,579.0363159179688,67.690185546875,172.11614990234375,-1,-1,-1,-1
350,2,633.3348388671875,577.826904296875,69.027587890625,166.59814453125,-1,-1,-1,-1
351,2,635.0474243164062,579.9671020507812,70.50445556640625,162.56658935546875,-1,-1,-1,-1
352,2,636.2008666992188,584.7313232421875,72.27655029296875,156.27874755859375,-1,-1,-1,-1
353,2,637.2833862304688,588.7557983398438,71.4345703125,152.18560791015625,-1,-1,-1,-1
354,2,640.1173706054688,587.84326171875,68.929443359375,155.634521484375,-1,-1,-1,-1
355,2,639.8021850585938,578.2498168945312,68.86553955078125,161.02276611328125,-1,-1,-1,-1
356,2,635.827392578125,568.6190795898438,70.662109375,168.6552734375,-1,-1,-1,-1
357,2,633.1813354492188,567.5592041015625,68.1981201171875,171.1319580078125,-1,-1,-1,-1
358,2,629.7453002929688,575.6826782226562,71.67333984375,166.611083984375,-1,-1,-1,-1
359,2,626.9979858398438,589.142333984375,71.8719482421875,164.41876220703125,-1,-1,-1,-1
360,2,628.8157958984375,599.6117553710938,73.590087890625,160.86572265625,-1,-1,-1,-1
361,2,630.386474609375,606.4830322265625,73.19769287109375,158.823974609375,-1,-1,-1,-1
362,2,636.6016845703125,611.8113403320312,74.408203125,158.230224609375,-1,-1,-1,-1
363,2,643.6580200195312,615.8551025390625,70.79425048828125,161.0999755859375,-1,-1,-1,-1
364,2,644.2374877929688,615.901611328125,68.88568115234375,164.437744140625,-1,-1,-1,-1
365,2,642.5844116210938,613.5405883789062,66.18145751953125,167.5184326171875,-1,-1,-1,-1
366,2,642.704833984375,609.958984375,66.6395263671875,169.0323486328125,-1,-1,-1,-1
367,2,642.0828857421875,607.5534057617188,67.58758544921875,164.5941162109375,-1,-1,-1,-1
368,2,637.7289428710938,607.1993408203125,68.05291748046875,162.2769775390625,-1,-1,-1,-1
369,2,632.3548583984375,606.6001586914062,68.22564697265625,164.54022216796875,-1,-1,-1,-1
370,2,625.6934814453125,607.3511962890625,68.548828125,165.2503662109375,-1,-1,-1,-1
371,2,624.0355834960938,610.993408203125,65.21990966796875,169.031005859375,-1,-1,-1,-1
372,2,619.1050415039062,616.6067504882812,66.537841796875,166.71435546875,-1,-1,-1,-1
373,2,622.7401733398438,621.8360595703125,60.75634765625,161.85687255859375,-1,-1,-1,-1
374,2,611.3174438476562,624.6072387695312,69.87725830078125,159.24896240234375,-1,-1,-1,-1
375,2,601.6787109375,626.6361083984375,77.02178955078125,157.7841796875,-1,-1,-1,-1
376,2,599.285888671875,624.9955444335938,77.89349365234375,160.46575927734375,-1,-1,-1,-1
377,2,596.7896118164062,620.3717651367188,76.80755615234375,164.59906005859375,-1,-1,-1,-1
378,2,594.7925415039062,611.5304565429688,74.12835693359375,168.70550537109375,-1,-1,-1,-1
379,2,595.2117919921875,603.50439453125,73.54852294921875,164.8751220703125,-1,-1,-1,-1
380,2,598.8510131835938,595.121826171875,72.5185546875,159.1556396484375,-1,-1,-1,-1
381,2,595.8628540039062,592.489501953125,71.40130615234375,157.77545166015625,-1,-1,-1,-1
382,2,591.1354370117188,593.7106323242188,72.7841796875,157.57635498046875,-1,-1,-1,-1
383,2,592.7011108398438,593.6616821289062,70.8380126953125,161.51568603515625,-1,-1,-1,-1
384,2,594.8995971679688,590.8289184570312,69.40423583984375,165.8668212890625,-1,-1,-1,-1
385,2,598.5476684570312,587.2154541015625,65.888916015625,167.8553466796875,-1,-1,-1,-1
386,2,602.0282592773438,585.7901000976562,62.6259765625,166.66497802734375,-1,-1,-1,-1
387,2,601.6256713867188,587.5326538085938,63.0408935546875,162.65093994140625,-1,-1,-1,-1
388,2,602.10888671875,588.3384399414062,62.84423828125,159.4761962890625,-1,-1,-1,-1
389,2,602.8442993164062,589.3739624023438,64.1634521484375,159.33099365234375,-1,-1,-1,-1
390,2,603.203857421875,588.3092041015625,63.46343994140625,157.43670654296875,-1,-1,-1,-1
391,2,604.8541870117188,585.4121704101562,62.71856689453125,157.32684326171875,-1,-1,-1,-1
392,2,607.4515991210938,581.4938354492188,61.45257568359375,160.60577392578125,-1,-1,-1,-1
393,2,610.2913208007812,580.0697021484375,59.28826904296875,165.584228515625,-1,-1,-1,-1
394,2,612.0845947265625,579.6052856445312,60.04534912109375,172.23724365234375,-1,-1,-1,-1
395,2,614.323486328125,581.511474609375,62.0760498046875,173.8350830078125,-1,-1,-1,-1
396,2,618.3989868164062,586.531005859375,61.4566650390625,168.888916015625,-1,-1,-1,-1
397,2,618.9010009765625,592.23095703125,63.968017578125,164.527587890625,-1,-1,-1,-1
398,2,615.3854370117188,598.6929931640625,67.95440673828125,158.8251953125,-1,-1,-1,-1
399,2,619.910888671875,602.9867553710938,64.208984375,155.17218017578125,-1,-1,-1,-1
400,2,618.3090209960938,602.8201293945312,66.26953125,155.7547607421875,-1,-1,-1,-1
401,2,612.815185546875,599.6068725585938,72.292236328125,157.84613037109375,-1,-1,-1,-1
402,2,604.6177978515625,595.6748046875,78.68780517578125,161.0682373046875,-1,-1,-1,-1
403,2,597.0878295898438,593.7510986328125,86.8751220703125,162.0985107421875,-1,-1,-1,-1
404,2,595.38720703125,593.9961547851562,86.70263671875,158.98504638671875,-1,-1,-1,-1
405,2,594.6375122070312,596.2794799804688,85.13861083984375,153.7515869140625,-1,-1,-1,-1
406,2,595.956787109375,599.0810546875,82.6497802734375,149.78692626953125,-1,-1,-1,-1
407,2,594.89892578125,598.0078125,84.7041015625,150.83782958984375,-1,-1,-1,-1
408,2,597.00732421875,593.9660034179688,83.8343505859375,155.27899169921875,-1,-1,-1,-1
409,2,600.2999877929688,588.7954711914062,80.20428466796875,161.02923583984375,-1,-1,-1,-1
410,2,603.78662109375,585.0972290039062,77.5911865234375,164.08172607421875,-1,-1,-1,-1
411,2,606.1156616210938,583.647216796875,72.497314453125,161.93243408203125,-1,-1,-1,-1
412,2,608.1448974609375,584.0946044921875,67.5650634765625,159.00225830078125,-1,-1,-1,-1
413,2,609.4175415039062,585.6249389648438,66.96405029296875,157.2745361328125,-1,-1,-1,-1
414,2,609.2227172851562,586.4476928710938,67.51910400390625,154.41290283203125,-1,-1,-1,-1
415,2,609.6690063476562,585.6439819335938,71.048095703125,152.88330078125,-1,-1,-1,-1
416,2,612.2061157226562,582.59716796875,69.50958251953125,153.13433837890625,-1,-1,-1,-1
417,2,614.4468383789062,580.5992431640625,74.96307373046875,156.53125,-1,-1,-1,-1
418,2,614.7612915039062,580.4268798828125,72.483642578125,162.892578125,-1,-1,-1,-1
419,2,619.2512817382812,582.235107421875,67.07672119140625,165.62738037109375,-1,-1,-1,-1
420,2,623.1329345703125,586.4326782226562,67.6156005859375,165.14892578125,-1,-1,-1,-1
421,2,625.5360107421875,591.2352294921875,70.39739990234375,160.810302734375,-1,-1,-1,-1
422,2,628.0293579101562,594.538818359375,73.611572265625,156.54327392578125,-1,-1,-1,-1
423,2,630.7218627929688,595.53955078125,71.28076171875,154.74395751953125,-1,-1,-1,-1
424,2,638.8522338867188,593.9400634765625,91.517333984375,159.03955078125,-1,-1,-1,-1
425,2,640.7181396484375,591.9037475585938,85.2413330078125,159.797607421875,-1,-1,-1,-1
426,2,635.9549560546875,590.9833984375,81.21832275390625,158.64666748046875,-1,-1,-1,-1
427,2,631.3251953125,592.3651733398438,73.9925537109375,155.46136474609375,-1,-1,-1,-1
428,2,631.7884521484375,593.996337890625,78.65216064453125,152.1654052734375,-1,-1,-1,-1
429,2,631.7805786132812,595.175048828125,72.6751708984375,148.2724609375,-1,-1,-1,-1
430,2,632.72607421875,595.0908813476562,84.986572265625,147.2310791015625,-1,-1,-1,-1
431,2,630.564208984375,594.6690673828125,82.06689453125,146.97711181640625,-1,-1,-1,-1
432,2,631.6986694335938,594.6012573242188,68.89013671875,147.6014404296875,-1,-1,-1,-1
433,2,639.1744995117188,593.3573608398438,84.94622802734375,150.62542724609375,-1,-1,-1,-1
434,2,636.2894897460938,594.2261352539062,76.98504638671875,150.319091796875,-1,-1,-1,-1
435,2,637.569091796875,594.9984130859375,81.0863037109375,151.33673095703125,-1,-1,-1,-1
436,2,637.1424560546875,596.7991333007812,87.176025390625,151.16943359375,-1,-1,-1,-1
437,2,634.251708984375,598.5150146484375,88.28057861328125,149.54351806640625,-1,-1,-1,-1
438,2,630.68798828125,599.7816772460938,91.29193115234375,149.79986572265625,-1,-1,-1,-1
439,2,629.3624267578125,600.0180053710938,87.4781494140625,148.47412109375,-1,-1,-1,-1
440,2,628.9276733398438,601.289794921875,90.55877685546875,147.947998046875,-1,-1,-1,-1
441,2,628.0538940429688,603.586181640625,89.58294677734375,147.459228515625,-1,-1,-1,-1
442,2,630.5148315429688,605.2354125976562,91.9871826171875,146.42230224609375,-1,-1,-1,-1
443,2,633.8568725585938,606.5599975585938,88.7852783203125,145.47406005859375,-1,-1,-1,-1
444,2,640.598876953125,607.1572875976562,76.09423828125,145.1429443359375,-1,-1,-1,-1
445,2,641.3997192382812,605.6007080078125,76.5296630859375,146.2625732421875,-1,-1,-1,-1
446,2,636.27099609375,603.1266479492188,77.25250244140625,148.08233642578125,-1,-1,-1,-1
447,2,638.2075805664062,601.2208862304688,70.59808349609375,150.9183349609375,-1,-1,-1,-1
448,2,636.810546875,601.562744140625,66.22607421875,151.05718994140625,-1,-1,-1,-1
449,2,638.4441528320312,605.8110961914062,60.51910400390625,147.49658203125,-1,-1,-1,-1
450,2,635.4273071289062,609.12939453125,64.20025634765625,146.08465576171875,-1,-1,-1,-1
451,2,635.7250366210938,611.9335327148438,65.96392822265625,144.17626953125,-1,-1,-1,-1
452,2,634.6615600585938,611.26318359375,65.5445556640625,144.57672119140625,-1,-1,-1,-1
453,2,637.8142700195312,607.6375122070312,64.10162353515625,148.65496826171875,-1,-1,-1,-1
454,2,641.110107421875,604.5385131835938,61.08160400390625,151.99859619140625,-1,-1,-1,-1
455,2,641.3995361328125,601.9519653320312,62.7322998046875,155.52801513671875,-1,-1,-1,-1
456,2,638.7401123046875,602.5991821289062,65.45245361328125,153.294189453125,-1,-1,-1,-1
457,2,639.4849853515625,605.6625366210938,69.44427490234375,151.5118408203125,-1,-1,-1,-1
458,2,643.4269409179688,610.4818115234375,66.1895751953125,148.91693115234375,-1,-1,-1,-1
459,2,644.061279296875,616.2662353515625,62.85028076171875,145.89788818359375,-1,-1,-1,-1
460,2,642.2015380859375,618.7840576171875,68.443359375,144.59490966796875,-1,-1,-1,-1
461,2,643.3361206054688,619.210693359375,69.93634033203125,145.88323974609375,-1,-1,-1,-1
462,2,647.6458740234375,620.4102783203125,72.5771484375,150.0257568359375,-1,-1,-1,-1
463,2,652.0036010742188,622.9991455078125,71.02716064453125,151.2481689453125,-1,-1,-1,-1
464,2,652.59130859375,626.65234375,72.2139892578125,152.53857421875,-1,-1,-1,-1
465,2,655.0966796875,629.1182861328125,76.22943115234375,153.07763671875,-1,-1,-1,-1
466,2,657.8097534179688,629.884765625,73.97711181640625,154.03924560546875,-1,-1,-1,-1
467,2,659.8427734375,629.4190673828125,72.79827880859375,153.3077392578125,-1,-1,-1,-1
468,2,663.09375,627.0685424804688,68.9176025390625,154.799072265625,-1,-1,-1,-1
469,2,665.4487915039062,625.0635375976562,64.33062744140625,154.8226318359375,-1,-1,-1,-1
470,2,664.6842041015625,624.8164672851562,62.183349609375,154.254150390625,-1,-1,-1,-1
471,2,659.1744384765625,627.6280517578125,68.2166748046875,151.9019775390625,-1,-1,-1,-1
472,2,660.1018676757812,631.795654296875,70.59771728515625,147.83197021484375,-1,-1,-1,-1
473,2,661.1392822265625,636.2554931640625,71.23187255859375,143.8135986328125,-1,-1,-1,-1
474,2,656.2257690429688,638.3126831054688,77.43109130859375,142.138916015625,-1,-1,-1,-1
475,2,652.7483520507812,636.3880004882812,76.47723388671875,142.35772705078125,-1,-1,-1,-1
476,2,651.20361328125,632.4951171875,76.8125,144.1685791015625,-1,-1,-1,-1
477,2,648.9483032226562,630.4136962890625,77.90472412109375,149.2664794921875,-1,-1,-1,-1
478,2,647.6651611328125,631.1342163085938,78.82916259765625,151.044189453125,-1,-1,-1,-1
479,2,647.486083984375,632.9393310546875,74.12786865234375,149.01458740234375,-1,-1,-1,-1
480,2,647.7116088867188,632.5903930664062,71.46099853515625,149.2039794921875,-1,-1,-1,-1
481,2,648.1851806640625,630.6126098632812,71.5802001953125,151.6541748046875,-1,-1,-1,-1
482,2,648.6171264648438,627.4148559570312,68.78814697265625,153.59722900390625,-1,-1,-1,-1
483,2,647.7976684570312,622.8220825195312,69.5943603515625,158.452392578125,-1,-1,-1,-1
484,2,648.2481079101562,618.3392333984375,70.63897705078125,163.02349853515625,-1,-1,-1,-1
485,2,647.5933227539062,614.9721069335938,72.27313232421875,163.033203125,-1,-1,-1,-1
486,2,647.3204956054688,614.264404296875,72.91864013671875,162.285400390625,-1,-1,-1,-1
487,2,646.7740478515625,615.9639892578125,73.07110595703125,162.2635498046875,-1,-1,-1,-1
488,2,646.7813110351562,618.7293090820312,73.6640625,159.78887939453125,-1,-1,-1,-1
489,2,644.6279296875,620.3251953125,77.04937744140625,157.0343017578125,-1,-1,-1,-1
490,2,646.6162109375,620.3433837890625,77.1466064453125,157.252197265625,-1,-1,-1,-1
491,2,649.2662353515625,618.5952758789062,76.92657470703125,159.60723876953125,-1,-1,-1,-1
492,2,650.448486328125,615.1360473632812,78.08551025390625,164.377685546875,-1,-1,-1,-1
493,2,658.3997802734375,613.2455444335938,73.073486328125,164.16357421875,-1,-1,-1,-1
494,2,661.5197143554688,614.2875366210938,69.92724609375,161.460205078125,-1,-1,-1,-1
495,2,663.8612060546875,618.111572265625,65.8067626953125,157.81561279296875,-1,-1,-1,-1
496,2,667.9229125976562,621.4759521484375,63.61602783203125,159.67926025390625,-1,-1,-1,-1
497,2,668.427978515625,624.2020263671875,62.42041015625,163.03082275390625,-1,-1,-1,-1
498,2,668.7939453125,624.756591796875,62.646728515625,167.3936767578125,-1,-1,-1,-1
499,2,668.3548583984375,624.5579223632812,63.2177734375,168.65875244140625,-1,-1,-1,-1
500,2,669.9580078125,623.4962768554688,62.99932861328125,174.5770263671875,-1,-1,-1,-1
501,2,670.26513671875,623.6411743164062,62.82080078125,173.47979736328125,-1,-1,-1,-1
502,2,669.6782836914062,625.605712890625,62.26727294921875,161.89971923828125,-1,-1,-1,-1
503,2,669.2725219726562,629.572998046875,62.5235595703125,160.3935546875,-1,-1,-1,-1
504,2,668.5619506835938,633.6051025390625,63.76470947265625,159.39453125,-1,-1,-1,-1
505,2,668.6281127929688,635.7229614257812,63.908203125,155.98187255859375,-1,-1,-1,-1
506,2,666.89599609375,634.9847412109375,64.01385498046875,154.3807373046875,-1,-1,-1,-1
507,2,667.618896484375,630.8099975585938,60.71368408203125,151.4921875,-1,-1,-1,-1
508,2,666.9683837890625,624.3407592773438,61.8233642578125,149.18212890625,-1,-1,-1,-1
509,2,666.6351318359375,620.6180419921875,60.49139404296875,150.2437744140625,-1,-1,-1,-1
510,2,667.3903198242188,618.8267822265625,62.7701416015625,154.19244384765625,-1,-1,-1,-1
511,2,663.5711059570312,619.653076171875,65.86676025390625,155.00091552734375,-1,-1,-1,-1
512,2,664.0003662109375,621.4474487304688,66.96295166015625,154.62274169921875,-1,-1,-1,-1
513,2,658.0028686523438,623.6762084960938,72.9322509765625,153.98016357421875,-1,-1,-1,-1
514,2,655.6151123046875,624.3702392578125,75.7174072265625,152.43865966796875,-1,-1,-1,-1
515,2,659.7171020507812,621.991455078125,70.9873046875,161.56915283203125,-1,-1,-1,-1
516,2,665.3392333984375,620.5547485351562,65.2945556640625,158.5257568359375,-1,-1,-1,-1
517,2,668.0545043945312,620.2028198242188,64.10748291015625,154.4288330078125,-1,-1,-1,-1
518,2,667.7371215820312,622.7005004882812,67.1849365234375,163.728515625,-1,-1,-1,-1
519,2,670.0418090820312,629.421142578125,69.20172119140625,158.3851318359375,-1,-1,-1,-1
520,2,669.2564697265625,636.3504638671875,66.728271484375,158.02777099609375,-1,-1,-1,-1
521,2,669.1021118164062,637.2095947265625,64.58282470703125,160.9964599609375,-1,-1,-1,-1
522,2,666.4934692382812,633.8276977539062,65.251953125,163.81549072265625,-1,-1,-1,-1
523,2,663.53076171875,628.1757202148438,71.999755859375,176.309814453125,-1,-1,-1,-1
524,2,667.6539306640625,622.9000854492188,69.0313720703125,177.18829345703125,-1,-1,-1,-1
525,2,662.2025146484375,621.09716796875,74.6158447265625,158.8240966796875,-1,-1,-1,-1
526,2,657.6152954101562,623.8466796875,77.5242919921875,155.45843505859375,-1,-1,-1,-1
527,2,657.1604614257812,628.305908203125,80.6016845703125,176.076171875,-1,-1,-1,-1
528,2,665.75439453125,628.1340942382812,74.31695556640625,191.06658935546875,-1,-1,-1,-1
529,2,670.0298461914062,620.2916259765625,70.3782958984375,202.60986328125,-1,-1,-1,-1
530,2,668.0460205078125,612.5783081054688,66.4681396484375,155.4322509765625,-1,-1,-1,-1
531,2,670.6073608398438,613.323974609375,64.14581298828125,148.36126708984375,-1,-1,-1,-1
532,2,672.8029174804688,611.8142700195312,61.80328369140625,157.84326171875,-1,-1,-1,-1
533,2,671.449951171875,614.494140625,62.303466796875,155.6539306640625,-1,-1,-1,-1
534,2,671.4953002929688,617.6270751953125,60.5181884765625,152.0091552734375,-1,-1,-1,-1
535,2,671.9407348632812,621.741455078125,59.71600341796875,148.41827392578125,-1,-1,-1,-1
536,2,672.6408081054688,623.5130615234375,60.12945556640625,146.9779052734375,-1,-1,-1,-1
537,2,671.9373779296875,624.6531982421875,60.86798095703125,145.81195068359375,-1,-1,-1,-1
538,2,672.2982177734375,623.6924438476562,60.31964111328125,145.88165283203125,-1,-1,-1,-1
539,2,673.6642456054688,624.6996459960938,60.8856201171875,151.482666015625,-1,-1,-1,-1
540,2,673.4595336914062,630.7431030273438,62.57379150390625,153.57232666015625,-1,-1,-1,-1
541,2,674.73046875,635.9920654296875,64.50390625,157.654541015625,-1,-1,-1,-1
542,2,675.9036254882812,639.4081420898438,64.52740478515625,155.59539794921875,-1,-1,-1,-1
543,2,676.2935791015625,641.3825073242188,63.96075439453125,155.766357421875,-1,-1,-1,-1
544,2,679.2363891601562,644.0810546875,62.4820556640625,153.57110595703125,-1,-1,-1,-1
545,2,679.9120483398438,646.7634887695312,60.1004638671875,153.59527587890625,-1,-1,-1,-1
546,2,681.3824462890625,652.1161499023438,61.15728759765625,157.291748046875,-1,-1,-1,-1
547,2,684.5819091796875,657.5578002929688,61.0672607421875,157.38189697265625,-1,-1,-1,-1
548,2,689.7138671875,663.5261840820312,60.49359130859375,159.47882080078125,-1,-1,-1,-1
549,2,699.120361328125,668.6153564453125,56.955322265625,160.2037353515625,-1,-1,-1,-1
550,2,704.1875,676.398193359375,55.7110595703125,162.425537109375,-1,-1,-1,-1
551,2,705.2396240234375,684.1489868164062,55.45361328125,163.4599609375,-1,-1,-1,-1
552,2,707.1663208007812,691.3140258789062,56.3487548828125,164.456298828125,-1,-1,-1,-1
553,2,707.5494995117188,696.4840087890625,56.529052734375,168.601806640625,-1,-1,-1,-1
554,2,707.052490234375,700.5693969726562,58.602294921875,167.870361328125,-1,-1,-1,-1
555,2,709.52734375,701.3682250976562,57.1220703125,169.29144287109375,-1,-1,-1,-1
556,2,710.9501953125,701.1937255859375,55.79669189453125,169.863525390625,-1,-1,-1,-1
557,2,703.6966552734375,701.1759643554688,58.35321044921875,170.87139892578125,-1,-1,-1,-1
558,2,699.4060668945312,700.7799072265625,57.83526611328125,170.87225341796875,-1,-1,-1,-1
559,2,697.3118896484375,699.3057861328125,58.3192138671875,170.062255859375,-1,-1,-1,-1
560,2,694.6685180664062,693.2857055664062,62.32830810546875,173.03375244140625,-1,-1,-1,-1
561,2,692.812255859375,684.1118774414062,61.739013671875,175.0699462890625,-1,-1,-1,-1
562,2,689.2872924804688,675.0689086914062,59.7508544921875,179.94171142578125,-1,-1,-1,-1
563,2,683.8424072265625,668.7133178710938,60.54193115234375,185.2974853515625,-1,-1,-1,-1
564,2,681.9367065429688,667.4091186523438,61.91357421875,184.08233642578125,-1,-1,-1,-1
565,2,676.765869140625,667.2283935546875,61.79833984375,184.0699462890625,-1,-1,-1,-1
566,2,673.1640625,665.7861938476562,63.49188232421875,182.62908935546875,-1,-1,-1,-1
567,2,669.8265991210938,661.6581420898438,65.3155517578125,181.3604736328125,-1,-1,-1,-1
568,2,672.8026123046875,653.6842041015625,72.4464111328125,184.6143798828125,-1,-1,-1,-1
569,2,677.132568359375,647.8701171875,81.51983642578125,189.4681396484375,-1,-1,-1,-1
570,2,680.4295654296875,642.9679565429688,72.14068603515625,193.60595703125,-1,-1,-1,-1
571,2,684.786865234375,639.7692260742188,74.79986572265625,193.39605712890625,-1,-1,-1,-1
572,2,686.7555541992188,638.7518310546875,63.07391357421875,190.07525634765625,-1,-1,-1,-1
573,2,685.72607421875,640.860595703125,62.7979736328125,188.9676513671875,-1,-1,-1,-1
574,2,687.76123046875,644.0843505859375,63.5146484375,186.27935791015625,-1,-1,-1,-1
575,2,695.3219604492188,645.5139770507812,61.49432373046875,184.57037353515625,-1,-1,-1,-1
576,2,706.2340087890625,644.7177734375,65.063720703125,189.86041259765625,-1,-1,-1,-1
577,2,714.4736328125,640.4207153320312,68.59063720703125,196.2674560546875,-1,-1,-1,-1
578,2,715.8193969726562,634.5794067382812,69.3812255859375,197.532958984375,-1,-1,-1,-1
579,2,714.6831665039062,625.5435791015625,68.93255615234375,192.7301025390625,-1,-1,-1,-1
580,2,709.1109008789062,621.0161743164062,72.3885498046875,188.90338134765625,-1,-1,-1,-1
581,2,705.5992431640625,620.0355224609375,72.43768310546875,185.7615966796875,-1,-1,-1,-1
582,2,698.3655395507812,627.4754028320312,77.96429443359375,173.17694091796875,-1,-1,-1,-1
583,2,694.571533203125,628.7401733398438,89.5748291015625,192.48638916015625,-1,-1,-1,-1
584,2,677.2071533203125,625.700927734375,117.51141357421875,215.65472412109375,-1,-1,-1,-1
585,2,675.2481079101562,615.056640625,121.253662109375,215.3172607421875,-1,-1,-1,-1
586,2,665.5936889648438,610.3262939453125,111.88555908203125,228.89410400390625,-1,-1,-1,-1
587,2,655.9738159179688,610.4486083984375,120.52349853515625,215.0694580078125,-1,-1,-1,-1
588,2,678.9386596679688,621.0306396484375,116.80206298828125,197.40264892578125,-1,-1,-1,-1
1,3,762.9890747070312,600.0291748046875,96.3699951171875,308.68646240234375,-1,-1,-1,-1
2,3,767.8617553710938,603.9378662109375,97.5010986328125,307.8717041015625,-1,-1,-1,-1
3,3,782.5695190429688,606.4085693359375,96.367431640625,306.5235595703125,-1,-1,-1,-1
4,3,799.6002197265625,607.8447875976562,93.5845947265625,307.66900634765625,-1,-1,-1,-1
5,3,805.1409912109375,612.215087890625,95.37451171875,307.089111328125,-1,-1,-1,-1
6,3,802.6025390625,620.886962890625,98.574951171875,302.19366455078125,-1,-1,-1,-1
7,3,798.894287109375,630.3897705078125,101.92132568359375,300.982177734375,-1,-1,-1,-1
8,3,803.385986328125,634.0424194335938,100.58245849609375,300.53179931640625,-1,-1,-1,-1
9,3,804.7672119140625,635.28515625,104.524658203125,300.662841796875,-1,-1,-1,-1
10,3,802.1583251953125,639.8973388671875,110.4427490234375,300.9024658203125,-1,-1,-1,-1
11,3,794.4932250976562,647.3865356445312,118.07763671875,298.76739501953125,-1,-1,-1,-1
12,3,787.628662109375,654.755615234375,120.6939697265625,296.30474853515625,-1,-1,-1,-1
13,3,778.5383911132812,662.7398681640625,120.77392578125,290.4710693359375,-1,-1,-1,-1
14,3,769.9962158203125,667.3106079101562,120.7794189453125,287.5911865234375,-1,-1,-1,-1
15,3,762.2141723632812,667.9471435546875,118.887939453125,281.84967041015625,-1,-1,-1,-1
16,3,755.1129760742188,667.7894897460938,121.56121826171875,272.99822998046875,-1,-1,-1,-1
17,3,754.78466796875,663.6953125,121.4739990234375,269.370849609375,-1,-1,-1,-1
18,3,756.7047729492188,656.5778198242188,121.144287109375,266.2044677734375,-1,-1,-1,-1
19,3,759.7448120117188,649.224609375,119.75701904296875,254.22662353515625,-1,-1,-1,-1
20,3,769.1557006835938,637.9297485351562,113.39129638671875,249.4534912109375,-1,-1,-1,-1
21,3,775.9998779296875,629.2605590820312,111.72979736328125,251.09228515625,-1,-1,-1,-1
22,3,796.2918090820312,623.329345703125,106.18902587890625,256.17559814453125,-1,-1,-1,-1
23,3,821.1453857421875,622.86962890625,98.800048828125,256.82952880859375,-1,-1,-1,-1
24,3,840.9468383789062,624.352294921875,96.8319091796875,256.591552734375,-1,-1,-1,-1
25,3,860.4031982421875,626.968505859375,92.70135498046875,256.38494873046875,-1,-1,-1,-1
26,3,874.6683959960938,628.4117431640625,88.9122314453125,253.83734130859375,-1,-1,-1,-1
27,3,883.0435180664062,628.7099609375,87.77996826171875,249.96282958984375,-1,-1,-1,-1
28,3,889.8800048828125,627.1195678710938,85.1717529296875,251.39520263671875,-1,-1,-1,-1
29,3,891.4868774414062,624.0880737304688,89.8892822265625,248.67694091796875,-1,-1,-1,-1
30,3,895.6843872070312,616.871337890625,92.2490234375,238.7720947265625,-1,-1,-1,-1
31,3,902.8587646484375,608.1448364257812,88.50384521484375,235.2978515625,-1,-1,-1,-1
32,3,902.8900756835938,599.6441040039062,85.00323486328125,237.36444091796875,-1,-1,-1,-1
33,3,894.6929321289062,594.1787719726562,91.02960205078125,235.6258544921875,-1,-1,-1,-1
34,3,886.0504150390625,595.6959838867188,90.40521240234375,235.71527099609375,-1,-1,-1,-1
35,3,866.7684326171875,602.2241821289062,95.4364013671875,232.78167724609375,-1,-1,-1,-1
36,3,852.4640502929688,609.8880615234375,99.22222900390625,225.4737548828125,-1,-1,-1,-1
37,3,835.654296875,614.73681640625,105.5050048828125,218.49078369140625,-1,-1,-1,-1
38,3,825.976806640625,612.475830078125,106.515869140625,214.100341796875,-1,-1,-1,-1
39,3,810.3352661132812,610.46435546875,109.88134765625,212.52947998046875,-1,-1,-1,-1
40,3,798.2544555664062,609.0695190429688,101.09063720703125,211.528076171875,-1,-1,-1,-1
41,3,778.0504150390625,609.6882934570312,94.0712890625,208.72216796875,-1,-1,-1,-1
42,3,768.3836669921875,611.2007446289062,84.7232666015625,206.3355712890625,-1,-1,-1,-1
43,3,757.339599609375,615.9164428710938,80.43701171875,206.32855224609375,-1,-1,-1,-1
44,3,752.9620971679688,617.4962158203125,75.65118408203125,201.58233642578125,-1,-1,-1,-1
45,3,737.8441772460938,613.6072387695312,83.31549072265625,195.8802490234375,-1,-1,-1,-1
46,3,722.7520751953125,621.240478515625,92.5972900390625,193.089111328125,-1,-1,-1,-1
47,3,714.9298095703125,639.5674438476562,98.2095947265625,180.6380615234375,-1,-1,-1,-1
48,3,710.7828979492188,643.0474853515625,102.09173583984375,175.4134521484375,-1,-1,-1,-1
49,3,705.814453125,648.0172729492188,103.02362060546875,171.62127685546875,-1,-1,-1,-1
50,3,698.2057495117188,647.1425170898438,106.0196533203125,172.73431396484375,-1,-1,-1,-1
51,3,696.7405395507812,638.056396484375,99.6290283203125,176.03466796875,-1,-1,-1,-1
52,3,691.968017578125,627.4442749023438,94.1038818359375,178.52154541015625,-1,-1,-1,-1
53,3,686.0952758789062,619.907470703125,80.00732421875,179.94903564453125,-1,-1,-1,-1
54,3,680.8174438476562,616.642333984375,63.38037109375,181.1881103515625,-1,-1,-1,-1
55,3,675.9844360351562,616.5963745117188,62.0367431640625,180.65179443359375,-1,-1,-1,-1
56,3,660.287353515625,620.1409301757812,72.635498046875,177.029296875,-1,-1,-1,-1
57,3,644.628173828125,628.57470703125,82.96051025390625,169.30169677734375,-1,-1,-1,-1
58,3,644.4202880859375,637.4364013671875,81.117431640625,162.0091552734375,-1,-1,-1,-1
59,3,645.1914672851562,646.8067016601562,82.02410888671875,156.4564208984375,-1,-1,-1,-1
60,3,654.4889526367188,649.8108520507812,78.0401611328125,154.137939453125,-1,-1,-1,-1
61,3,659.4501953125,645.9924926757812,80.54888916015625,157.4765625,-1,-1,-1,-1
62,3,670.0693969726562,643.0357055664062,82.158935546875,162.4779052734375,-1,-1,-1,-1
63,3,678.4329223632812,638.753173828125,82.56097412109375,170.3438720703125,-1,-1,-1,-1
64,3,680.7861328125,633.6688232421875,83.80828857421875,175.07666015625,-1,-1,-1,-1
65,3,681.5576171875,630.2600708007812,86.744140625,175.65948486328125,-1,-1,-1,-1
66,3,682.6491088867188,630.375244140625,93.79742431640625,177.44415283203125,-1,-1,-1,-1
67,3,686.3289184570312,635.3436279296875,93.88128662109375,175.28997802734375,-1,-1,-1,-1
68,3,692.4280395507812,640.32177734375,91.5302734375,168.2666015625,-1,-1,-1,-1
69,3,690.0001220703125,643.0458984375,93.65924072265625,164.5103759765625,-1,-1,-1,-1
70,3,686.9457397460938,643.3206787109375,97.1922607421875,162.72467041015625,-1,-1,-1,-1
71,3,679.409912109375,640.907470703125,105.67010498046875,166.618896484375,-1,-1,-1,-1
72,3,673.2455444335938,637.4942016601562,111.5853271484375,171.12432861328125,-1,-1,-1,-1
73,3,670.031494140625,635.1956787109375,115.535888671875,173.89044189453125,-1,-1,-1,-1
74,3,662.8574829101562,635.8934326171875,122.302978515625,177.0640869140625,-1,-1,-1,-1
75,3,663.7918090820312,638.1776123046875,121.76788330078125,176.73480224609375,-1,-1,-1,-1
76,3,666.5576782226562,639.59033203125,123.7828369140625,171.14178466796875,-1,-1,-1,-1
77,3,670.4901733398438,637.6760864257812,121.16259765625,172.56585693359375,-1,-1,-1,-1
78,3,674.81591796875,631.6494750976562,115.97869873046875,173.9755859375,-1,-1,-1,-1
79,3,679.7852172851562,624.3951416015625,105.6767578125,177.141845703125,-1,-1,-1,-1
80,3,683.591796875,617.9204711914062,92.59722900390625,182.24456787109375,-1,-1,-1,-1
81,3,682.9221801757812,611.1632690429688,87.9190673828125,186.52154541015625,-1,-1,-1,-1
82,3,687.3533935546875,605.3185424804688,81.98968505859375,185.96142578125,-1,-1,-1,-1
83,3,691.4261474609375,601.152587890625,78.06549072265625,184.077392578125,-1,-1,-1,-1
84,3,692.174072265625,601.8230590820312,76.1751708984375,184.7872314453125,-1,-1,-1,-1
85,3,695.29931640625,604.6469116210938,67.7064208984375,177.70794677734375,-1,-1,-1,-1
86,3,703.5516967773438,606.5831909179688,61.49114990234375,176.37188720703125,-1,-1,-1,-1
87,3,698.91943359375,606.1622924804688,67.40533447265625,176.432861328125,-1,-1,-1,-1
88,3,689.7136840820312,609.3639526367188,76.4454345703125,176.9222412109375,-1,-1,-1,-1
89,3,692.71728515625,613.650634765625,76.72222900390625,183.8355712890625,-1,-1,-1,-1
90,3,695.2100219726562,615.235595703125,80.9393310546875,187.59161376953125,-1,-1,-1,-1
91,3,695.2946166992188,615.2364501953125,87.15911865234375,226.76434326171875,-1,-1,-1,-1
92,3,688.46142578125,614.6243896484375,97.54168701171875,250.95709228515625,-1,-1,-1,-1
93,3,684.002685546875,614.7407836914062,106.7196044921875,244.85015869140625,-1,-1,-1,-1
94,3,671.1273803710938,615.9841918945312,109.13580322265625,183.7890625,-1,-1,-1,-1
95,3,667.9559326171875,617.4955444335938,112.0245361328125,178.56719970703125,-1,-1,-1,-1
96,3,664.3885498046875,615.1044921875,109.71966552734375,179.24212646484375,-1,-1,-1,-1
97,3,665.7205200195312,610.8095703125,97.1627197265625,181.6005859375,-1,-1,-1,-1
98,3,665.4686889648438,607.7290649414062,90.5223388671875,186.72369384765625,-1,-1,-1,-1
99,3,668.8321533203125,606.5690307617188,84.50860595703125,187.181640625,-1,-1,-1,-1
100,3,670.6864013671875,608.860595703125,78.3924560546875,185.00653076171875,-1,-1,-1,-1
101,3,670.0078735351562,611.2249145507812,74.80303955078125,180.62701416015625,-1,-1,-1,-1
102,3,664.947021484375,615.60791015625,75.9580078125,175.8294677734375,-1,-1,-1,-1
103,3,666.371826171875,619.0084838867188,71.37286376953125,173.86297607421875,-1,-1,-1,-1
104,3,662.4329223632812,619.2891235351562,72.42822265625,171.67108154296875,-1,-1,-1,-1
105,3,660.6367797851562,618.3897094726562,73.83160400390625,172.20233154296875,-1,-1,-1,-1
106,3,652.198974609375,616.48486328125,79.5057373046875,174.507080078125,-1,-1,-1,-1
107,3,643.1303100585938,612.4357299804688,86.40081787109375,178.55426025390625,-1,-1,-1,-1
108,3,636.0208740234375,610.3350219726562,90.5780029296875,182.40997314453125,-1,-1,-1,-1
109,3,629.1702880859375,609.6024780273438,95.0850830078125,185.03582763671875,-1,-1,-1,-1
110,3,625.428466796875,612.9861450195312,96.7811279296875,183.9234619140625,-1,-1,-1,-1
111,3,626.39599609375,619.386474609375,94.864990234375,180.5947265625,-1,-1,-1,-1
112,3,627.5501708984375,624.1556396484375,98.570556640625,180.735595703125,-1,-1,-1,-1
113,3,630.1219482421875,624.5601196289062,101.3004150390625,179.21197509765625,-1,-1,-1,-1
114,3,635.0001831054688,619.9081420898438,92.46905517578125,182.89080810546875,-1,-1,-1,-1
115,3,637.7731323242188,612.1000366210938,87.595703125,188.35101318359375,-1,-1,-1,-1
116,3,638.3069458007812,604.0287475585938,86.0550537109375,192.69903564453125,-1,-1,-1,-1
117,3,640.3818969726562,596.5388793945312,69.27630615234375,199.23785400390625,-1,-1,-1,-1
118,3,642.1176147460938,589.352783203125,66.6024169921875,205.53216552734375,-1,-1,-1,-1
119,3,642.1510009765625,582.8229370117188,71.6351318359375,207.85699462890625,-1,-1,-1,-1
120,3,640.9594116210938,577.3143920898438,82.041015625,206.13232421875,-1,-1,-1,-1
121,3,637.1932373046875,570.6697998046875,89.12225341796875,204.80352783203125,-1,-1,-1,-1
122,3,633.6001586914062,569.8260498046875,94.3489990234375,204.28057861328125,-1,-1,-1,-1
123,3,629.03662109375,576.1646728515625,98.509521484375,201.13592529296875,-1,-1,-1,-1
124,3,628.0839233398438,585.1620483398438,94.74908447265625,200.3896484375,-1,-1,-1,-1
125,3,627.2798461914062,591.9640502929688,94.35577392578125,201.03106689453125,-1,-1,-1,-1
126,3,626.714599609375,594.9933471679688,92.0384521484375,203.56201171875,-1,-1,-1,-1
127,3,624.5236206054688,599.1968383789062,90.3680419921875,206.8892822265625,-1,-1,-1,-1
128,3,618.4784545898438,603.4266357421875,90.41424560546875,207.7554931640625,-1,-1,-1,-1
129,3,611.3350830078125,608.8692016601562,86.8101806640625,207.41717529296875,-1,-1,-1,-1
130,3,604.2054443359375,612.975341796875,85.75262451171875,206.24395751953125,-1,-1,-1,-1
131,3,597.2236938476562,617.3665161132812,89.418212890625,204.1588134765625,-1,-1,-1,-1
132,3,590.6365356445312,619.6422119140625,89.878173828125,202.32354736328125,-1,-1,-1,-1
133,3,586.5624389648438,616.173583984375,95.2081298828125,202.6553955078125,-1,-1,-1,-1
134,3,581.9091186523438,611.0250244140625,93.40765380859375,204.43902587890625,-1,-1,-1,-1
135,3,579.9895629882812,608.8946533203125,98.3902587890625,204.79559326171875,-1,-1,-1,-1
136,3,576.4066162109375,608.3565063476562,101.07293701171875,204.89788818359375,-1,-1,-1,-1
137,3,572.2993774414062,610.0208740234375,108.77020263671875,202.1761474609375,-1,-1,-1,-1
138,3,568.4374389648438,610.7225952148438,112.0040283203125,199.324951171875,-1,-1,-1,-1
139,3,566.0250244140625,610.1301879882812,114.87860107421875,197.262451171875,-1,-1,-1,-1
140,3,564.6215209960938,610.0601196289062,117.11053466796875,196.12615966796875,-1,-1,-1,-1
141,3,566.9371948242188,609.0640258789062,114.57830810546875,196.37841796875,-1,-1,-1,-1
142,3,569.9111328125,608.08642578125,111.9639892578125,196.473388671875,-1,-1,-1,-1
143,3,572.9739990234375,607.2526245117188,107.14276123046875,198.1226806640625,-1,-1,-1,-1
144,3,578.0037841796875,605.66455078125,98.33819580078125,199.72259521484375,-1,-1,-1,-1
145,3,579.4498291015625,604.7151489257812,89.68115234375,199.46075439453125,-1,-1,-1,-1
146,3,581.6072387695312,605.7493896484375,85.0064697265625,197.6312255859375,-1,-1,-1,-1
147,3,582.6494140625,608.5322875976562,82.990478515625,192.15203857421875,-1,-1,-1,-1
148,3,584.5643310546875,612.4188232421875,85.23309326171875,187.361328125,-1,-1,-1,-1
149,3,584.5315551757812,617.9083251953125,95.3470458984375,182.68463134765625,-1,-1,-1,-1
150,3,582.5925903320312,622.206298828125,105.01043701171875,180.0548095703125,-1,-1,-1,-1
151,3,588.5405883789062,624.54833984375,102.20208740234375,179.61114501953125,-1,-1,-1,-1
152,3,590.7521362304688,625.1527709960938,101.6026611328125,180.85626220703125,-1,-1,-1,-1
153,3,594.3433227539062,624.8818969726562,98.4581298828125,180.21514892578125,-1,-1,-1,-1
154,3,596.9468383789062,625.6092529296875,95.56951904296875,179.68841552734375,-1,-1,-1,-1
155,3,601.4901123046875,627.4688110351562,91.20147705078125,178.61834716796875,-1,-1,-1,-1
156,3,604.7958984375,627.7627563476562,91.06292724609375,178.74090576171875,-1,-1,-1,-1
157,3,604.7941284179688,626.6383056640625,95.296142578125,180.33953857421875,-1,-1,-1,-1
158,3,607.8999633789062,624.028564453125,90.33941650390625,183.7822265625,-1,-1,-1,-1
159,3,603.616943359375,622.009765625,91.22991943359375,189.88262939453125,-1,-1,-1,-1
160,3,600.73486328125,620.5506591796875,92.113525390625,190.839599609375,-1,-1,-1,-1
161,3,599.7939453125,621.5792846679688,96.21856689453125,188.3380126953125,-1,-1,-1,-1
162,3,598.9524536132812,623.972900390625,97.39910888671875,184.827880859375,-1,-1,-1,-1
163,3,600.2420654296875,627.629150390625,98.70379638671875,180.00732421875,-1,-1,-1,-1
164,3,600.9166870117188,628.1808471679688,98.94622802734375,180.053466796875,-1,-1,-1,-1
165,3,602.6106567382812,623.2086791992188,104.4537353515625,184.6171875,-1,-1,-1,-1
166,3,612.1519775390625,618.0586547851562,95.7388916015625,188.15472412109375,-1,-1,-1,-1
167,3,624.0723876953125,614.331298828125,85.3095703125,189.3345947265625,-1,-1,-1,-1
168,3,631.181396484375,613.52734375,78.4677734375,188.13043212890625,-1,-1,-1,-1
169,3,636.1143798828125,615.1724243164062,80.27099609375,186.81195068359375,-1,-1,-1,-1
170,3,642.4481201171875,619.2539672851562,78.79766845703125,184.5645751953125,-1,-1,-1,-1
171,3,645.2261352539062,624.9228515625,79.2322998046875,178.85235595703125,-1,-1,-1,-1
172,3,646.50146484375,628.6828002929688,80.70166015625,174.2276611328125,-1,-1,-1,-1
173,3,645.812255859375,626.6082763671875,81.61767578125,175.2928466796875,-1,-1,-1,-1
174,3,644.419921875,624.5113525390625,81.00531005859375,178.4573974609375,-1,-1,-1,-1
175,3,644.2122802734375,623.396484375,79.58087158203125,182.59112548828125,-1,-1,-1,-1
176,3,643.686767578125,623.6019897460938,79.13482666015625,187.64801025390625,-1,-1,-1,-1
177,3,643.4468994140625,624.9403686523438,83.97686767578125,192.51605224609375,-1,-1,-1,-1
178,3,641.7263793945312,627.859619140625,87.07037353515625,192.34149169921875,-1,-1,-1,-1
179,3,638.8295288085938,629.6419677734375,89.708740234375,189.45135498046875,-1,-1,-1,-1
180,3,635.931396484375,629.06005859375,94.45654296875,187.8197021484375,-1,-1,-1,-1
181,3,637.6481323242188,624.130615234375,96.76165771484375,189.73974609375,-1,-1,-1,-1
182,3,639.2344970703125,620.2123413085938,92.85540771484375,193.54058837890625,-1,-1,-1,-1
183,3,644.7989501953125,616.3070678710938,84.435791015625,196.221923828125,-1,-1,-1,-1
184,3,650.796875,614.9365234375,83.13104248046875,197.377197265625,-1,-1,-1,-1
185,3,654.0595092773438,613.6600341796875,90.787109375,195.31439208984375,-1,-1,-1,-1
186,3,664.6407470703125,613.007568359375,90.3963623046875,195.5927734375,-1,-1,-1,-1
187,3,676.1162719726562,613.3548583984375,91.18975830078125,195.0338134765625,-1,-1,-1,-1
188,3,676.7355346679688,610.090576171875,98.594970703125,185.4814453125,-1,-1,-1,-1
189,3,676.3533935546875,601.7510986328125,97.623779296875,184.98834228515625,-1,-1,-1,-1
190,3,676.695068359375,593.80908203125,101.19024658203125,188.04620361328125,-1,-1,-1,-1
191,3,673.2090454101562,596.2034912109375,94.840087890625,190.6256103515625,-1,-1,-1,-1
192,3,670.615478515625,606.0615844726562,105.5745849609375,198.18359375,-1,-1,-1,-1
193,3,666.9503173828125,619.6665649414062,104.81671142578125,206.693603515625,-1,-1,-1,-1
194,3,660.3933715820312,633.10302734375,99.12353515625,201.62353515625,-1,-1,-1,-1
195,3,647.435302734375,642.1921997070312,127.0283203125,195.6444091796875,-1,-1,-1,-1
196,3,640.7697143554688,644.2344970703125,133.46234130859375,194.9708251953125,-1,-1,-1,-1
197,3,634.4036865234375,641.2337646484375,126.431640625,200.4398193359375,-1,-1,-1,-1
198,3,628.6897583007812,636.5135498046875,100.43524169921875,205.4324951171875,-1,-1,-1,-1
199,3,626.01953125,631.1368408203125,91.04156494140625,213.2900390625,-1,-1,-1,-1
200,3,625.4232788085938,627.6751098632812,89.28094482421875,217.63677978515625,-1,-1,-1,-1
201,3,627.2059326171875,626.6661376953125,98.6064453125,220.3670654296875,-1,-1,-1,-1
202,3,629.7744750976562,629.5262451171875,108.26593017578125,218.29931640625,-1,-1,-1,-1
203,3,633.4287109375,633.91650390625,114.3997802734375,214.8665771484375,-1,-1,-1,-1
204,3,636.4326782226562,640.7640380859375,117.21270751953125,206.69598388671875,-1,-1,-1,-1
205,3,637.285888671875,646.0038452148438,116.377197265625,202.96905517578125,-1,-1,-1,-1
206,3,636.4354248046875,647.0203857421875,115.0211181640625,205.67291259765625,-1,-1,-1,-1
207,3,629.9185791015625,643.2045288085938,120.2916259765625,210.54327392578125,-1,-1,-1,-1
208,3,628.893798828125,635.9021606445312,118.583984375,219.7342529296875,-1,-1,-1,-1
209,3,629.9251098632812,631.5886840820312,109.73486328125,227.1640625,-1,-1,-1,-1
210,3,626.4964599609375,625.7125244140625,112.354736328125,234.182373046875,-1,-1,-1,-1
211,3,623.545166015625,615.7041015625,110.77239990234375,243.44842529296875,-1,-1,-1,-1
212,3,619.8546142578125,605.6954345703125,105.96356201171875,251.12176513671875,-1,-1,-1,-1
213,3,622.0734252929688,609.037109375,89.566650390625,247.42559814453125,-1,-1,-1,-1
214,3,620.482421875,611.4944458007812,85.79638671875,249.42034912109375,-1,-1,-1,-1
215,3,618.748779296875,612.277587890625,85.0831298828125,250.383544921875,-1,-1,-1,-1
216,3,618.7725219726562,618.8396606445312,86.43927001953125,245.98046875,-1,-1,-1,-1
217,3,615.4982299804688,627.3211669921875,88.59674072265625,238.2923583984375,-1,-1,-1,-1
218,3,609.9769287109375,626.6638793945312,91.79931640625,239.55316162109375,-1,-1,-1,-1
219,3,608.2988891601562,618.0689086914062,90.5931396484375,248.810791015625,-1,-1,-1,-1
220,3,607.1350708007812,609.3729858398438,90.57257080078125,256.7979736328125,-1,-1,-1,-1
221,3,605.7139282226562,606.0038452148438,90.4178466796875,255.32977294921875,-1,-1,-1,-1
222,3,600.563720703125,608.4640502929688,91.57025146484375,244.59521484375,-1,-1,-1,-1
223,3,595.1511840820312,612.1007080078125,90.37359619140625,237.78619384765625,-1,-1,-1,-1
224,3,586.7457885742188,615.4683837890625,92.101806640625,231.06475830078125,-1,-1,-1,-1
225,3,582.5528564453125,618.768798828125,91.092529296875,224.2125244140625,-1,-1,-1,-1
226,3,580.509521484375,618.4838256835938,88.77728271484375,220.4124755859375,-1,-1,-1,-1
227,3,572.4361572265625,612.8369140625,93.411865234375,220.99462890625,-1,-1,-1,-1
228,3,571.0962524414062,604.0493774414062,87.94598388671875,223.697265625,-1,-1,-1,-1
229,3,579.3175659179688,593.9430541992188,87.4781494140625,224.52276611328125,-1,-1,-1,-1
230,3,585.2886352539062,587.322021484375,83.81927490234375,223.31268310546875,-1,-1,-1,-1
231,3,587.9588623046875,581.9185180664062,83.6256103515625,219.96807861328125,-1,-1,-1,-1
232,3,592.4628295898438,580.8709106445312,84.13421630859375,212.409423828125,-1,-1,-1,-1
233,3,598.23876953125,584.80078125,85.75677490234375,204.75799560546875,-1,-1,-1,-1
234,3,604.0241088867188,590.0699462890625,91.367919921875,198.5501708984375,-1,-1,-1,-1
235,3,610.0238037109375,599.2937622070312,89.7611083984375,191.41839599609375,-1,-1,-1,-1
236,3,611.2561645507812,606.0798950195312,89.35809326171875,187.8055419921875,-1,-1,-1,-1
237,3,611.281494140625,608.6624145507812,90.57696533203125,187.6298828125,-1,-1,-1,-1
238,3,609.6490478515625,604.8988647460938,101.652587890625,192.05718994140625,-1,-1,-1,-1
239,3,599.3173828125,597.8343505859375,108.53515625,210.8143310546875,-1,-1,-1,-1
240,3,598.210205078125,592.020751953125,100.47369384765625,217.39959716796875,-1,-1,-1,-1
241,3,596.4432373046875,588.1383666992188,105.84002685546875,221.62646484375,-1,-1,-1,-1
242,3,594.50537109375,587.4594116210938,104.6258544921875,223.75030517578125,-1,-1,-1,-1
243,3,591.1063232421875,590.4480590820312,98.77374267578125,227.9688720703125,-1,-1,-1,-1
244,3,574.6727905273438,594.735595703125,113.022216796875,234.022705078125,-1,-1,-1,-1
245,3,561.47021484375,605.0516357421875,125.92156982421875,239.7647705078125,-1,-1,-1,-1
246,3,557.8770751953125,615.1114501953125,131.6568603515625,236.3642578125,-1,-1,-1,-1
247,3,569.8388061523438,621.5538330078125,121.38702392578125,232.39581298828125,-1,-1,-1,-1
248,3,576.2109375,625.2474975585938,145.76873779296875,231.93719482421875,-1,-1,-1,-1
249,3,581.315185546875,626.9013061523438,180.11767578125,233.02972412109375,-1,-1,-1,-1
250,3,582.6455078125,628.0741577148438,168.040283203125,239.322509765625,-1,-1,-1,-1
251,3,590.5222778320312,628.2897338867188,140.87591552734375,252.84954833984375,-1,-1,-1,-1
252,3,586.6656494140625,630.2697143554688,154.67034912109375,255.1136474609375,-1,-1,-1,-1
253,3,581.4611206054688,632.6217651367188,165.62188720703125,255.565673828125,-1,-1,-1,-1
254,3,582.6678466796875,634.4343872070312,187.142333984375,256.72503662109375,-1,-1,-1,-1
255,3,583.7676391601562,638.7728271484375,173.179443359375,256.17376708984375,-1,-1,-1,-1
256,3,583.15625,643.416748046875,145.15087890625,254.81787109375,-1,-1,-1,-1
257,3,584.3786010742188,646.2002563476562,128.89996337890625,253.74493408203125,-1,-1,-1,-1
258,3,583.2080688476562,649.3333740234375,131.9296875,250.76812744140625,-1,-1,-1,-1
259,3,582.0159912109375,649.6934204101562,133.5089111328125,248.9449462890625,-1,-1,-1,-1
260,3,579.6461181640625,650.7149047851562,133.0872802734375,248.63104248046875,-1,-1,-1,-1
261,3,577.290283203125,653.0157470703125,130.4610595703125,250.78692626953125,-1,-1,-1,-1
262,3,575.5004272460938,656.779052734375,130.66094970703125,251.08673095703125,-1,-1,-1,-1
263,3,574.4205932617188,663.6448974609375,130.72601318359375,248.37396240234375,-1,-1,-1,-1
264,3,572.2904052734375,664.689208984375,134.985595703125,249.206787109375,-1,-1,-1,-1
265,3,568.7544555664062,664.6958618164062,139.85137939453125,250.29949951171875,-1,-1,-1,-1
266,3,565.4752807617188,662.9747314453125,144.75469970703125,253.5484619140625,-1,-1,-1,-1
267,3,564.0469970703125,657.4357299804688,149.3272705078125,258.09222412109375,-1,-1,-1,-1
268,3,568.7489013671875,651.047119140625,149.30023193359375,258.9234619140625,-1,-1,-1,-1
269,3,576.58056640625,638.4324340820312,141.156982421875,268.19512939453125,-1,-1,-1,-1
270,3,583.968017578125,625.1026611328125,135.5279541015625,273.33709716796875,-1,-1,-1,-1
271,3,591.9886474609375,622.78369140625,126.35882568359375,267.233642578125,-1,-1,-1,-1
272,3,613.1988525390625,626.8619995117188,118.7322998046875,253.54095458984375,-1,-1,-1,-1
273,3,634.9944458007812,619.8936157226562,110.17266845703125,251.1466064453125,-1,-1,-1,-1
274,3,644.3956298828125,613.539306640625,114.07257080078125,252.2913818359375,-1,-1,-1,-1
275,3,647.1947021484375,616.2972412109375,129.82586669921875,247.5931396484375,-1,-1,-1,-1
276,3,649.130615234375,621.5721435546875,138.15643310546875,241.45513916015625,-1,-1,-1,-1
277,3,657.8755493164062,630.2120361328125,141.10577392578125,239.66943359375,-1,-1,-1,-1
278,3,663.6101684570312,636.0289916992188,156.08355712890625,238.25946044921875,-1,-1,-1,-1
279,3,665.6480712890625,637.8574829101562,165.1365966796875,238.31719970703125,-1,-1,-1,-1
280,3,672.9742431640625,638.5118408203125,170.5946044921875,237.3751220703125,-1,-1,-1,-1
281,3,681.7689208984375,631.694091796875,171.39208984375,236.13580322265625,-1,-1,-1,-1
282,3,693.0104370117188,625.602783203125,169.50531005859375,238.70684814453125,-1,-1,-1,-1
283,3,706.169921875,625.80224609375,162.17742919921875,244.5052490234375,-1,-1,-1,-1
284,3,720.9917602539062,626.1932373046875,149.6947021484375,249.27423095703125,-1,-1,-1,-1
285,3,735.106689453125,623.1890258789062,136.89385986328125,255.15765380859375,-1,-1,-1,-1
286,3,755.6444702148438,619.79736328125,127.841552734375,257.951416015625,-1,-1,-1,-1
287,3,772.3604736328125,615.2601928710938,122.302490234375,262.21527099609375,-1,-1,-1,-1
288,3,783.66259765625,619.12060546875,116.67034912109375,266.2940673828125,-1,-1,-1,-1
289,3,797.1929931640625,633.3607177734375,106.7220458984375,271.89794921875,-1,-1,-1,-1
290,3,808.8043823242188,639.0535278320312,97.7442626953125,277.00823974609375,-1,-1,-1,-1
291,3,814.9491577148438,637.6891479492188,98.2642822265625,284.26141357421875,-1,-1,-1,-1
292,3,819.7039794921875,635.5250244140625,103.98114013671875,290.42242431640625,-1,-1,-1,-1
293,3,826.6444702148438,631.6456298828125,114.32366943359375,301.61993408203125,-1,-1,-1,-1
294,3,839.00439453125,640.69580078125,124.228515625,307.88092041015625,-1,-1,-1,-1
295,3,856.0379028320312,662.4719848632812,147.25140380859375,311.91400146484375,-1,-1,-1,-1
296,3,879.8937377929688,682.0706176757812,153.81097412109375,311.7642822265625,-1,-1,-1,-1
297,3,907.9744873046875,696.2540283203125,148.4710693359375,312.71484375,-1,-1,-1,-1
298,3,930.9501953125,701.5848999023438,148.7601318359375,319.1759033203125,-1,-1,-1,-1
299,3,949.4655151367188,698.4620361328125,139.62420654296875,325.65594482421875,-1,-1,-1,-1
300,3,964.1322021484375,676.00439453125,128.1834716796875,331.448974609375,-1,-1,-1,-1
301,3,973.2551879882812,644.5758056640625,112.35369873046875,333.00146484375,-1,-1,-1,-1
302,3,973.3543701171875,620.22802734375,104.50732421875,334.13116455078125,-1,-1,-1,-1
303,3,968.1506958007812,608.2748413085938,107.05389404296875,334.62664794921875,-1,-1,-1,-1
304,3,955.9501953125,607.6503295898438,108.2769775390625,332.143310546875,-1,-1,-1,-1
305,3,942.1881713867188,619.0303344726562,112.38507080078125,329.94744873046875,-1,-1,-1,-1
306,3,919.4100341796875,629.5196533203125,120.3941650390625,320.9205322265625,-1,-1,-1,-1
307,3,906.6019897460938,633.23486328125,119.20733642578125,316.86328125,-1,-1,-1,-1
308,3,897.6906127929688,630.985107421875,118.81341552734375,319.3101806640625,-1,-1,-1,-1
309,3,893.04931640625,627.1372680664062,116.11761474609375,321.47705078125,-1,-1,-1,-1
310,3,885.6692504882812,620.7402954101562,121.00634765625,322.96600341796875,-1,-1,-1,-1
311,3,870.1168823242188,617.1405029296875,132.6217041015625,320.45166015625,-1,-1,-1,-1
312,3,853.307373046875,622.2691040039062,148.09295654296875,317.58721923828125,-1,-1,-1,-1
313,3,848.3025512695312,631.9756469726562,151.1217041015625,315.57135009765625,-1,-1,-1,-1
314,3,844.6985473632812,641.6448974609375,154.25811767578125,309.01800537109375,-1,-1,-1,-1
315,3,840.7747192382812,645.3645629882812,154.08453369140625,305.2625732421875,-1,-1,-1,-1
316,3,837.0811767578125,644.4464721679688,155.24853515625,305.68603515625,-1,-1,-1,-1
317,3,827.216796875,642.497314453125,158.78363037109375,306.6859130859375,-1,-1,-1,-1
318,3,830.2355346679688,638.2213745117188,142.6102294921875,311.9080810546875,-1,-1,-1,-1
319,3,827.2650756835938,635.972900390625,139.25244140625,310.2777099609375,-1,-1,-1,-1
320,3,826.0792236328125,633.3404541015625,117.32513427734375,303.70660400390625,-1,-1,-1,-1
321,3,817.5181884765625,633.1912841796875,102.4652099609375,297.4375,-1,-1,-1,-1
322,3,808.9476318359375,637.32470703125,94.81988525390625,292.46258544921875,-1,-1,-1,-1
323,3,801.486572265625,643.6929321289062,95.77667236328125,286.0054931640625,-1,-1,-1,-1
324,3,793.4336547851562,646.025634765625,97.12188720703125,282.60577392578125,-1,-1,-1,-1
325,3,790.7379150390625,645.1519775390625,93.915771484375,279.17694091796875,-1,-1,-1,-1
326,3,792.0159912109375,637.9610595703125,88.39794921875,281.53857421875,-1,-1,-1,-1
327,3,788.6820068359375,629.7014770507812,87.60009765625,282.114990234375,-1,-1,-1,-1
328,3,779.731201171875,626.022705078125,91.903564453125,283.38018798828125,-1,-1,-1,-1
329,3,760.7640380859375,626.052734375,103.15264892578125,283.5777587890625,-1,-1,-1,-1
330,3,743.4767456054688,631.038818359375,116.29205322265625,279.39599609375,-1,-1,-1,-1
331,3,736.4874267578125,637.8406982421875,118.9017333984375,274.7100830078125,-1,-1,-1,-1
332,3,735.8936767578125,643.7852172851562,118.390625,272.7894287109375,-1,-1,-1,-1
333,3,736.4911499023438,647.0716552734375,116.2794189453125,270.4305419921875,-1,-1,-1,-1
334,3,733.955078125,643.763427734375,113.7899169921875,269.04156494140625,-1,-1,-1,-1
335,3,731.4132080078125,636.6366577148438,110.77069091796875,272.8355712890625,-1,-1,-1,-1
336,3,733.1637573242188,629.7909545898438,102.25836181640625,270.11468505859375,-1,-1,-1,-1
337,3,732.4384155273438,623.2391357421875,95.59417724609375,266.3101806640625,-1,-1,-1,-1
338,3,737.24755859375,620.0360717773438,84.9627685546875,262.170654296875,-1,-1,-1,-1
339,3,742.6216430664062,617.7412719726562,79.21185302734375,259.3360595703125,-1,-1,-1,-1
340,3,744.0554809570312,617.528564453125,81.41973876953125,255.2779541015625,-1,-1,-1,-1
341,3,741.1648559570312,618.3064575195312,86.79583740234375,252.1300048828125,-1,-1,-1,-1
342,3,739.669921875,615.3643188476562,91.39013671875,250.32635498046875,-1,-1,-1,-1
343,3,736.3206176757812,606.952880859375,92.23876953125,250.58172607421875,-1,-1,-1,-1
344,3,735.06201171875,598.4967651367188,92.0081787109375,253.2874755859375,-1,-1,-1,-1
345,3,728.9026489257812,597.6045532226562,99.22686767578125,252.35882568359375,-1,-1,-1,-1
346,3,721.87890625,595.7255859375,113.4952392578125,249.5311279296875,-1,-1,-1,-1
347,3,726.8773193359375,594.583251953125,118.2410888671875,242.47698974609375,-1,-1,-1,-1
348,3,733.8950805664062,588.3406372070312,115.259765625,239.03533935546875,-1,-1,-1,-1
349,3,737.427490234375,584.2237548828125,114.77618408203125,235.3914794921875,-1,-1,-1,-1
350,3,741.6199340820312,577.0109252929688,116.08709716796875,236.21148681640625,-1,-1,-1,-1
351,3,746.5787353515625,567.1585693359375,111.23382568359375,241.92254638671875,-1,-1,-1,-1
352,3,749.1215209960938,557.0655517578125,108.0504150390625,249.56707763671875,-1,-1,-1,-1
353,3,752.8555297851562,553.5006713867188,106.6552734375,252.57373046875,-1,-1,-1,-1
354,3,759.4964599609375,552.8116455078125,101.71319580078125,254.9432373046875,-1,-1,-1,-1
355,3,760.3648071289062,551.3513793945312,100.26153564453125,255.2125244140625,-1,-1,-1,-1
356,3,755.2022705078125,555.727294921875,100.889404296875,252.1102294921875,-1,-1,-1,-1
357,3,750.935791015625,568.149658203125,104.14678955078125,243.67633056640625,-1,-1,-1,-1
358,3,747.5205078125,581.84228515625,106.99365234375,240.79486083984375,-1,-1,-1,-1
359,3,750.9474487304688,591.0325317382812,102.5762939453125,244.25213623046875,-1,-1,-1,-1
360,3,755.5641479492188,589.9848022460938,98.53790283203125,252.24273681640625,-1,-1,-1,-1
361,3,765.8385620117188,587.8095092773438,90.64166259765625,258.97198486328125,-1,-1,-1,-1
362,3,775.6883544921875,589.91455078125,86.788330078125,261.02862548828125,-1,-1,-1,-1
363,3,780.4173583984375,592.62109375,82.6356201171875,259.91326904296875,-1,-1,-1,-1
364,3,780.25537109375,596.1099853515625,92.848388671875,259.6357421875,-1,-1,-1,-1
365,3,780.3461303710938,601.653076171875,96.90069580078125,255.82269287109375,-1,-1,-1,-1
366,3,776.024658203125,607.35546875,106.5111083984375,250.36578369140625,-1,-1,-1,-1
367,3,778.9512329101562,611.0023193359375,100.91693115234375,247.2139892578125,-1,-1,-1,-1
368,3,776.50244140625,611.1356811523438,91.8690185546875,246.85479736328125,-1,-1,-1,-1
369,3,765.9426879882812,608.7866821289062,91.7679443359375,250.0079345703125,-1,-1,-1,-1
370,3,767.3060913085938,607.2076416015625,81.99560546875,251.339111328125,-1,-1,-1,-1
371,3,763.2107543945312,607.6301879882812,73.43609619140625,253.14703369140625,-1,-1,-1,-1
372,3,758.2866821289062,612.3742065429688,73.2066650390625,245.7745361328125,-1,-1,-1,-1
373,3,749.3590087890625,616.6749877929688,78.42498779296875,242.0830078125,-1,-1,-1,-1
374,3,743.0269165039062,625.6730346679688,84.6883544921875,237.7474365234375,-1,-1,-1,-1
375,3,739.8321533203125,635.0612182617188,84.061279296875,229.541748046875,-1,-1,-1,-1
376,3,735.8896484375,639.0562744140625,88.5255126953125,229.9947509765625,-1,-1,-1,-1
377,3,736.655517578125,634.9301147460938,83.9053955078125,233.73974609375,-1,-1,-1,-1
378,3,743.4775390625,623.3511352539062,74.29913330078125,241.08038330078125,-1,-1,-1,-1
379,3,745.4439697265625,612.13525390625,72.572509765625,243.634521484375,-1,-1,-1,-1
380,3,744.0248413085938,599.8151245117188,76.08575439453125,249.76824951171875,-1,-1,-1,-1
381,3,740.5897827148438,596.416015625,80.83978271484375,253.45367431640625,-1,-1,-1,-1
382,3,738.6715698242188,602.9390869140625,87.3551025390625,250.50457763671875,-1,-1,-1,-1
383,3,725.0616455078125,612.646240234375,102.711181640625,248.79345703125,-1,-1,-1,-1
384,3,722.9627075195312,616.2197875976562,102.07489013671875,248.43780517578125,-1,-1,-1,-1
385,3,723.3701171875,612.4189453125,96.97125244140625,252.091064453125,-1,-1,-1,-1
386,3,721.4715576171875,604.6306762695312,99.01776123046875,256.424560546875,-1,-1,-1,-1
387,3,721.5724487304688,598.671875,99.85748291015625,258.5877685546875,-1,-1,-1,-1
388,3,721.8580322265625,593.2195434570312,100.52734375,259.37347412109375,-1,-1,-1,-1
389,3,722.7802734375,591.925048828125,92.0118408203125,257.04254150390625,-1,-1,-1,-1
390,3,721.640625,591.7025146484375,91.82977294921875,257.0396728515625,-1,-1,-1,-1
391,3,718.5307006835938,594.72705078125,93.37176513671875,253.388916015625,-1,-1,-1,-1
392,3,717.7706909179688,597.263427734375,91.74530029296875,250.08880615234375,-1,-1,-1,-1
393,3,717.1846923828125,599.1064453125,85.425537109375,245.54052734375,-1,-1,-1,-1
394,3,717.447021484375,598.9105224609375,84.21466064453125,246.2236328125,-1,-1,-1,-1
395,3,717.262451171875,597.2364501953125,84.466796875,243.829833984375,-1,-1,-1,-1
396,3,713.4100341796875,596.0445556640625,87.6693115234375,243.13372802734375,-1,-1,-1,-1
397,3,705.7271728515625,599.56396484375,90.92340087890625,238.028076171875,-1,-1,-1,-1
398,3,695.1220092773438,605.8782958984375,99.92535400390625,231.5238037109375,-1,-1,-1,-1
399,3,688.4522705078125,614.8616333007812,100.8287353515625,222.23486328125,-1,-1,-1,-1
400,3,690.5513916015625,622.021484375,98.5689697265625,215.72808837890625,-1,-1,-1,-1
401,3,694.1707763671875,624.7844848632812,96.5950927734375,212.7781982421875,-1,-1,-1,-1
402,3,697.0441284179688,623.917236328125,96.39764404296875,215.11895751953125,-1,-1,-1,-1
403,3,687.6315307617188,619.4734497070312,106.38909912109375,220.677734375,-1,-1,-1,-1
404,3,700.798828125,615.0364990234375,94.58868408203125,228.23944091796875,-1,-1,-1,-1
405,3,706.1351318359375,612.0997924804688,92.49542236328125,238.98663330078125,-1,-1,-1,-1
406,3,702.7656860351562,612.8712768554688,102.55950927734375,242.86468505859375,-1,-1,-1,-1
407,3,715.4951782226562,616.9026489257812,95.3914794921875,241.34637451171875,-1,-1,-1,-1
408,3,715.7422485351562,622.5310668945312,96.2362060546875,235.6405029296875,-1,-1,-1,-1
409,3,713.142578125,626.72509765625,99.6646728515625,233.0079345703125,-1,-1,-1,-1
410,3,710.54931640625,625.4281005859375,101.43212890625,234.30755615234375,-1,-1,-1,-1
411,3,711.8629760742188,621.273681640625,99.576904296875,238.4859619140625,-1,-1,-1,-1
412,3,705.8251953125,613.3147583007812,99.90399169921875,244.32769775390625,-1,-1,-1,-1
413,3,701.898193359375,608.158203125,104.2972412109375,240.5467529296875,-1,-1,-1,-1
414,3,714.3253173828125,603.6236572265625,92.02105712890625,234.38995361328125,-1,-1,-1,-1
415,3,717.5023193359375,601.827392578125,81.58282470703125,221.2174072265625,-1,-1,-1,-1
416,3,717.2045288085938,602.6170043945312,79.70263671875,215.802490234375,-1,-1,-1,-1
417,3,715.0663452148438,604.8385009765625,86.07244873046875,213.849365234375,-1,-1,-1,-1
418,3,708.9110107421875,607.2755737304688,92.83984375,212.49249267578125,-1,-1,-1,-1
419,3,701.8211669921875,607.3672485351562,101.76531982421875,213.54498291015625,-1,-1,-1,-1
420,3,699.1351928710938,607.3441772460938,108.2657470703125,214.58111572265625,-1,-1,-1,-1
421,3,698.3099365234375,608.8654174804688,113.052978515625,212.801513671875,-1,-1,-1,-1
422,3,703.0538330078125,613.2953491210938,107.86798095703125,207.7763671875,-1,-1,-1,-1
423,3,707.958984375,617.3826293945312,100.620361328125,202.42706298828125,-1,-1,-1,-1
424,3,704.5072631835938,621.7374877929688,96.68414306640625,193.390380859375,-1,-1,-1,-1
425,3,701.256103515625,625.1218872070312,93.18121337890625,186.12896728515625,-1,-1,-1,-1
426,3,701.6856079101562,625.4412841796875,92.725341796875,185.92218017578125,-1,-1,-1,-1
427,3,697.7095947265625,624.4685668945312,100.7744140625,189.795166015625,-1,-1,-1,-1
428,3,676.2919921875,623.2845458984375,128.43359375,194.2001953125,-1,-1,-1,-1
429,3,691.4782104492188,622.7938842773438,115.54327392578125,193.66754150390625,-1,-1,-1,-1
430,3,707.2379150390625,623.9027709960938,95.9886474609375,191.5618896484375,-1,-1,-1,-1
431,3,707.2642822265625,626.9951171875,93.03936767578125,188.86749267578125,-1,-1,-1,-1
432,3,708.7465209960938,630.1065673828125,89.5093994140625,186.73126220703125,-1,-1,-1,-1
433,3,707.2744750976562,630.1788330078125,85.37030029296875,191.290771484375,-1,-1,-1,-1
434,3,711.32421875,627.033935546875,81.265625,195.37420654296875,-1,-1,-1,-1
435,3,707.7152709960938,623.6509399414062,86.89739990234375,199.95220947265625,-1,-1,-1,-1
436,3,709.6826171875,620.5443725585938,89.14263916015625,204.28302001953125,-1,-1,-1,-1
437,3,708.3433227539062,621.01513671875,90.99755859375,205.56365966796875,-1,-1,-1,-1
438,3,706.055908203125,623.5260009765625,96.0419921875,203.808837890625,-1,-1,-1,-1
439,3,704.443115234375,625.92333984375,97.5513916015625,201.8238525390625,-1,-1,-1,-1
440,3,701.1551513671875,625.8931274414062,99.8759765625,201.7176513671875,-1,-1,-1,-1
441,3,691.8501586914062,623.6843872070312,107.2362060546875,204.15594482421875,-1,-1,-1,-1
442,3,692.1624145507812,618.89599609375,106.5133056640625,209.0577392578125,-1,-1,-1,-1
443,3,696.9534301757812,614.4415283203125,100.37982177734375,213.83538818359375,-1,-1,-1,-1
444,3,702.0625,613.1271362304688,93.8673095703125,213.02740478515625,-1,-1,-1,-1
445,3,705.1838989257812,614.152587890625,90.792236328125,210.12030029296875,-1,-1,-1,-1
446,3,701.6116943359375,618.4496459960938,92.53448486328125,205.06536865234375,-1,-1,-1,-1
447,3,705.061279296875,620.7250366210938,88.53033447265625,203.21746826171875,-1,-1,-1,-1
448,3,703.6004638671875,620.9655151367188,90.1798095703125,203.93310546875,-1,-1,-1,-1
449,3,704.0162353515625,617.7279663085938,88.427978515625,208.21563720703125,-1,-1,-1,-1
450,3,702.857666015625,613.12841796875,89.13763427734375,213.10821533203125,-1,-1,-1,-1
451,3,705.7346801757812,611.188232421875,87.22064208984375,216.23065185546875,-1,-1,-1,-1
452,3,709.9053955078125,611.4266357421875,83.48321533203125,218.486572265625,-1,-1,-1,-1
453,3,714.3076171875,614.10400390625,81.08233642578125,219.5833740234375,-1,-1,-1,-1
454,3,715.3963623046875,619.0675659179688,79.39178466796875,222.58807373046875,-1,-1,-1,-1
455,3,716.2192993164062,623.5908203125,77.78179931640625,222.771484375,-1,-1,-1,-1
456,3,715.6714477539062,627.2824096679688,79.63079833984375,220.83935546875,-1,-1,-1,-1
457,3,713.9940795898438,626.7777099609375,81.440185546875,223.90057373046875,-1,-1,-1,-1
458,3,718.8460083007812,623.8606567382812,76.89324951171875,228.61419677734375,-1,-1,-1,-1
459,3,721.40380859375,620.862548828125,80.3748779296875,232.54083251953125,-1,-1,-1,-1
460,3,724.6705322265625,619.3121948242188,78.8262939453125,232.54437255859375,-1,-1,-1,-1
461,3,726.4901123046875,619.4442138671875,78.50738525390625,230.71612548828125,-1,-1,-1,-1
462,3,727.4854125976562,622.1620483398438,76.82928466796875,231.30743408203125,-1,-1,-1,-1
463,3,723.4109497070312,629.5573120117188,80.31378173828125,225.78692626953125,-1,-1,-1,-1
464,3,721.6790771484375,639.20458984375,81.933349609375,218.78173828125,-1,-1,-1,-1
465,3,722.2064819335938,645.93115234375,83.4342041015625,212.66021728515625,-1,-1,-1,-1
466,3,717.7021484375,648.03759765625,95.739501953125,210.5897216796875,-1,-1,-1,-1
467,3,717.8029174804688,647.6795043945312,108.95208740234375,209.4306640625,-1,-1,-1,-1
468,3,724.0579833984375,648.37255859375,110.21734619140625,206.3095703125,-1,-1,-1,-1
469,3,729.36767578125,650.4000244140625,107.81170654296875,200.724609375,-1,-1,-1,-1
470,3,731.1127319335938,654.2222900390625,106.83587646484375,192.82135009765625,-1,-1,-1,-1
471,3,731.013916015625,658.8209228515625,105.28094482421875,186.07916259765625,-1,-1,-1,-1
472,3,728.8416137695312,659.6157836914062,106.34356689453125,184.20953369140625,-1,-1,-1,-1
473,3,725.04248046875,658.523681640625,109.6285400390625,187.3240966796875,-1,-1,-1,-1
474,3,718.2737426757812,653.2421875,115.09478759765625,191.3958740234375,-1,-1,-1,-1
475,3,707.6365356445312,644.5599365234375,121.10406494140625,195.083251953125,-1,-1,-1,-1
476,3,681.2100219726562,638.05224609375,140.2132568359375,200.8507080078125,-1,-1,-1,-1
477,3,661.5983276367188,636.3743896484375,149.20172119140625,205.139404296875,-1,-1,-1,-1
478,3,655.9108276367188,640.1055297851562,143.8165283203125,209.336181640625,-1,-1,-1,-1
479,3,655.3314208984375,643.4734497070312,137.9007568359375,206.183837890625,-1,-1,-1,-1
480,3,654.5368041992188,646.7117309570312,132.68695068359375,201.15985107421875,-1,-1,-1,-1
481,3,653.5988159179688,647.0908203125,132.43914794921875,201.83270263671875,-1,-1,-1,-1
482,3,652.95458984375,644.0609741210938,132.51190185546875,205.43389892578125,-1,-1,-1,-1
483,3,652.1699829101562,638.61474609375,138.91583251953125,211.55230712890625,-1,-1,-1,-1
484,3,652.658935546875,636.0125122070312,140.11334228515625,211.97955322265625,-1,-1,-1,-1
485,3,663.1866455078125,636.5598754882812,132.794677734375,209.20977783203125,-1,-1,-1,-1
486,3,676.9942626953125,639.1034545898438,123.05810546875,207.60064697265625,-1,-1,-1,-1
487,3,683.3185424804688,641.9658813476562,118.80950927734375,206.53692626953125,-1,-1,-1,-1
488,3,683.868408203125,642.1102905273438,118.41448974609375,206.90155029296875,-1,-1,-1,-1
489,3,682.7643432617188,638.6739501953125,118.93023681640625,210.193359375,-1,-1,-1,-1
490,3,683.1292724609375,633.037841796875,117.57342529296875,215.00482177734375,-1,-1,-1,-1
491,3,684.1593627929688,627.1094360351562,114.70758056640625,221.38214111328125,-1,-1,-1,-1
492,3,686.442138671875,623.1436157226562,108.032470703125,224.75640869140625,-1,-1,-1,-1
493,3,683.6944580078125,620.9150390625,105.23260498046875,224.6536865234375,-1,-1,-1,-1
494,3,678.5140991210938,622.6019897460938,105.23602294921875,224.94110107421875,-1,-1,-1,-1
495,3,674.8795166015625,628.1279296875,103.85968017578125,223.03350830078125,-1,-1,-1,-1
496,3,674.8320922851562,635.6649169921875,100.7435302734375,216.99530029296875,-1,-1,-1,-1
497,3,674.5377197265625,642.5530395507812,98.49462890625,212.98529052734375,-1,-1,-1,-1
498,3,674.601806640625,644.76220703125,96.8704833984375,211.690673828125,-1,-1,-1,-1
499,3,671.8555908203125,642.79931640625,102.25921630859375,215.080078125,-1,-1,-1,-1
500,3,671.2255859375,638.996826171875,107.57440185546875,218.4102783203125,-1,-1,-1,-1
501,3,672.4204711914062,637.54638671875,115.54937744140625,218.41058349609375,-1,-1,-1,-1
502,3,684.1793212890625,639.7666625976562,106.16436767578125,215.4166259765625,-1,-1,-1,-1
503,3,694.8048706054688,643.7440795898438,100.6064453125,211.8367919921875,-1,-1,-1,-1
504,3,694.8671875,648.18994140625,100.82598876953125,206.126953125,-1,-1,-1,-1
505,3,695.0582885742188,649.4563598632812,100.33990478515625,203.94927978515625,-1,-1,-1,-1
506,3,693.4842529296875,648.0322265625,102.29876708984375,205.95086669921875,-1,-1,-1,-1
507,3,689.0640258789062,644.590576171875,105.40167236328125,207.54742431640625,-1,-1,-1,-1
508,3,677.0549926757812,643.4232788085938,114.63592529296875,204.94091796875,-1,-1,-1,-1
509,3,667.6350708007812,644.8483276367188,123.11834716796875,205.844482421875,-1,-1,-1,-1
510,3,665.3604125976562,648.787353515625,123.61431884765625,205.8624267578125,-1,-1,-1,-1
511,3,666.5133666992188,652.0056762695312,114.4581298828125,203.59246826171875,-1,-1,-1,-1
512,3,666.890380859375,653.23291015625,107.9093017578125,202.66375732421875,-1,-1,-1,-1
513,3,659.4174194335938,650.2227783203125,108.40496826171875,205.93438720703125,-1,-1,-1,-1
514,3,657.1832885742188,646.70654296875,104.3126220703125,208.3887939453125,-1,-1,-1,-1
515,3,667.5155029296875,644.7969970703125,94.8079833984375,206.12713623046875,-1,-1,-1,-1
516,3,679.1204223632812,643.73681640625,82.82049560546875,202.78912353515625,-1,-1,-1,-1
517,3,683.7073974609375,642.8073120117188,78.00115966796875,201.12255859375,-1,-1,-1,-1
518,3,679.7114868164062,645.1478271484375,76.79901123046875,197.368896484375,-1,-1,-1,-1
519,3,675.9278564453125,647.6143798828125,78.61480712890625,194.1663818359375,-1,-1,-1,-1
520,3,670.2632446289062,654.4585571289062,77.32037353515625,185.92822265625,-1,-1,-1,-1
521,3,666.2798461914062,658.021484375,76.65667724609375,181.18878173828125,-1,-1,-1,-1
522,3,664.3130493164062,659.1444702148438,78.12445068359375,178.66583251953125,-1,-1,-1,-1
523,3,667.8018188476562,654.1397705078125,75.72100830078125,183.3924560546875,-1,-1,-1,-1
524,3,673.7034912109375,645.6041259765625,70.4473876953125,190.5933837890625,-1,-1,-1,-1
525,3,673.2634887695312,636.3701171875,72.28289794921875,198.99224853515625,-1,-1,-1,-1
526,3,660.5498657226562,624.41796875,85.63958740234375,211.354736328125,-1,-1,-1,-1
527,3,658.7073974609375,623.983154296875,88.3408203125,211.95819091796875,-1,-1,-1,-1
528,3,663.189208984375,623.1771240234375,84.72161865234375,213.603271484375,-1,-1,-1,-1
529,3,667.5841674804688,624.5267944335938,80.58599853515625,212.4742431640625,-1,-1,-1,-1
530,3,671.6994018554688,628.4230346679688,75.91180419921875,210.56951904296875,-1,-1,-1,-1
531,3,671.5366821289062,629.8573608398438,76.53485107421875,210.02117919921875,-1,-1,-1,-1
532,3,676.0369873046875,626.935546875,75.7672119140625,216.38336181640625,-1,-1,-1,-1
533,3,679.8426513671875,622.00244140625,74.4486083984375,225.7874755859375,-1,-1,-1,-1
534,3,680.6675415039062,619.0625610351562,75.3265380859375,233.873291015625,-1,-1,-1,-1
535,3,682.4287109375,620.9396362304688,77.5499267578125,241.25653076171875,-1,-1,-1,-1
536,3,682.3673706054688,624.4091796875,79.42926025390625,248.2149658203125,-1,-1,-1,-1
537,3,681.45361328125,628.5388793945312,83.4515380859375,250.64862060546875,-1,-1,-1,-1
538,3,681.8909912109375,633.8499145507812,83.98992919921875,249.13970947265625,-1,-1,-1,-1
539,3,680.6279296875,639.1131591796875,87.8258056640625,250.534912109375,-1,-1,-1,-1
540,3,682.3101196289062,640.6731567382812,90.16302490234375,255.08935546875,-1,-1,-1,-1
541,3,682.4358520507812,639.0458984375,93.8751220703125,260.91546630859375,-1,-1,-1,-1
542,3,687.666748046875,633.6913452148438,94.166015625,264.45050048828125,-1,-1,-1,-1
543,3,690.1036376953125,628.4539184570312,96.64178466796875,268.46600341796875,-1,-1,-1,-1
544,3,687.4495239257812,627.068359375,103.9083251953125,271.31072998046875,-1,-1,-1,-1
545,3,692.2333984375,631.4630737304688,102.8699951171875,275.69873046875,-1,-1,-1,-1
546,3,706.20751953125,642.828857421875,93.38800048828125,279.2872314453125,-1,-1,-1,-1
547,3,716.5499267578125,656.145751953125,84.47015380859375,277.5205078125,-1,-1,-1,-1
548,3,713.1069946289062,668.8570556640625,94.9390869140625,276.46478271484375,-1,-1,-1,-1
549,3,708.1015625,675.4713134765625,104.78277587890625,279.3641357421875,-1,-1,-1,-1
550,3,713.1654052734375,679.6253662109375,106.05419921875,281.43316650390625,-1,-1,-1,-1
551,3,739.57470703125,683.3054809570312,85.31158447265625,283.15313720703125,-1,-1,-1,-1
552,3,741.0939331054688,687.295654296875,86.63873291015625,286.027099609375,-1,-1,-1,-1
553,3,744.048828125,693.7828369140625,84.7352294921875,285.61370849609375,-1,-1,-1,-1
554,3,745.7738037109375,701.5786743164062,83.7086181640625,283.81195068359375,-1,-1,-1,-1
555,3,744.4220581054688,709.5543212890625,85.70550537109375,278.1551513671875,-1,-1,-1,-1
556,3,740.3215942382812,710.1470336914062,89.1275634765625,275.74102783203125,-1,-1,-1,-1
557,3,739.103271484375,705.23193359375,88.36822509765625,279.0313720703125,-1,-1,-1,-1
558,3,743.0499877929688,697.2676391601562,80.36126708984375,255.855224609375,-1,-1,-1,-1
559,3,742.1047973632812,693.4638671875,76.77484130859375,273.1693115234375,-1,-1,-1,-1
560,3,739.0272216796875,687.08740234375,78.69384765625,277.6466064453125,-1,-1,-1,-1
561,3,740.4849853515625,680.1085815429688,76.289306640625,277.6690673828125,-1,-1,-1,-1
562,3,733.835205078125,676.8865356445312,81.953125,277.08697509765625,-1,-1,-1,-1
563,3,725.205322265625,679.2998046875,99.31011962890625,273.133056640625,-1,-1,-1,-1
564,3,720.273681640625,683.7775268554688,99.9725341796875,270.32769775390625,-1,-1,-1,-1
565,3,720.1790771484375,680.7135009765625,98.2545166015625,270.8751220703125,-1,-1,-1,-1
566,3,715.361572265625,672.4421997070312,98.794189453125,276.5003662109375,-1,-1,-1,-1
567,3,715.538330078125,660.668212890625,94.38201904296875,283.4281005859375,-1,-1,-1,-1
568,3,724.6031494140625,649.9183349609375,90.457763671875,286.22607421875,-1,-1,-1,-1
569,3,728.5230712890625,644.631103515625,90.66180419921875,289.07391357421875,-1,-1,-1,-1
570,3,735.2432861328125,645.0374755859375,89.4945068359375,292.1083984375,-1,-1,-1,-1
571,3,739.7735595703125,647.0645751953125,88.734130859375,292.1666259765625,-1,-1,-1,-1
572,3,744.0341796875,652.27685546875,87.4298095703125,290.37640380859375,-1,-1,-1,-1
573,3,744.789306640625,659.0226440429688,87.24383544921875,287.1478271484375,-1,-1,-1,-1
574,3,743.8565673828125,661.0125732421875,87.8966064453125,287.8870849609375,-1,-1,-1,-1
575,3,746.5914306640625,658.1629028320312,87.19512939453125,293.3665771484375,-1,-1,-1,-1
576,3,753.995849609375,649.6502685546875,87.21783447265625,299.53363037109375,-1,-1,-1,-1
577,3,755.564453125,642.5172119140625,93.158935546875,301.057861328125,-1,-1,-1,-1
578,3,749.3175659179688,633.4834594726562,100.04803466796875,303.9154052734375,-1,-1,-1,-1
579,3,734.9849853515625,625.6239624023438,107.93994140625,305.9317626953125,-1,-1,-1,-1
580,3,708.6941528320312,623.6401977539062,129.1163330078125,305.35113525390625,-1,-1,-1,-1
581,3,684.5167236328125,625.7096557617188,145.82537841796875,307.0234375,-1,-1,-1,-1
582,3,676.7625122070312,628.2327880859375,147.28021240234375,302.511474609375,-1,-1,-1,-1
583,3,671.2982177734375,627.118408203125,147.92236328125,299.99884033203125,-1,-1,-1,-1
584,3,667.9533081054688,619.9931030273438,150.4945068359375,304.748779296875,-1,-1,-1,-1
585,3,664.88818359375,608.805419921875,149.546630859375,314.234130859375,-1,-1,-1,-1
586,3,653.2844848632812,605.1444702148438,131.27557373046875,317.983154296875,-1,-1,-1,-1
587,3,640.8092651367188,604.1655883789062,129.90765380859375,318.93170166015625,-1,-1,-1,-1
588,3,625.459228515625,607.0459594726562,138.5120849609375,317.3682861328125,-1,-1,-1,-1
589,3,612.761474609375,609.9212646484375,150.19134521484375,318.94757080078125,-1,-1,-1,-1
590,3,594.2848510742188,614.220458984375,155.8963623046875,315.3065185546875,-1,-1,-1,-1
591,3,581.6657104492188,616.55517578125,153.31195068359375,310.280029296875,-1,-1,-1,-1
592,3,574.02734375,614.2540893554688,157.45587158203125,310.66522216796875,-1,-1,-1,-1
593,3,567.4663696289062,609.3869018554688,154.7867431640625,308.675048828125,-1,-1,-1,-1
594,3,555.84912109375,607.0223388671875,140.9073486328125,304.7313232421875,-1,-1,-1,-1
595,3,544.6670532226562,607.4805908203125,139.38372802734375,301.0697021484375,-1,-1,-1,-1
596,3,535.5025634765625,609.7752685546875,137.29742431640625,294.5091552734375,-1,-1,-1,-1
597,3,532.4480590820312,615.2916870117188,126.73455810546875,289.7960205078125,-1,-1,-1,-1
598,3,526.23095703125,618.0773315429688,135.43511962890625,285.63604736328125,-1,-1,-1,-1
599,3,518.5916748046875,616.6482543945312,118.31378173828125,279.16436767578125,-1,-1,-1,-1
600,3,511.4097900390625,609.8713989257812,118.60589599609375,278.0556640625,-1,-1,-1,-1
601,3,510.4451904296875,600.7885131835938,116.41680908203125,279.63739013671875,-1,-1,-1,-1
1,4,735.1911010742188,1315.3875732421875,103.34954833984375,95.0498046875,-1,-1,-1,-1
2,4,711.6216430664062,1315.5592041015625,103.64862060546875,94.635009765625,-1,-1,-1,-1
3,4,696.0185546875,1313.223388671875,108.39263916015625,95.978759765625,-1,-1,-1,-1
4,4,717.1626586914062,1315.887451171875,117.970703125,93.9097900390625,-1,-1,-1,-1
5,4,718.2708740234375,1365.6016845703125,63.6444091796875,44.2952880859375,-1,-1,-1,-1
274,5,577.6349487304688,1305.47802734375,70.662109375,105.4443359375,-1,-1,-1,-1
275,5,688.0637817382812,1321.90869140625,65.7938232421875,87.9234619140625,-1,-1,-1,-1
276,5,768.3672485351562,1326.8092041015625,90.647216796875,83.863037109375,-1,-1,-1,-1
277,5,756.6278076171875,1297.2027587890625,103.37017822265625,114.575439453125,-1,-1,-1,-1
278,5,711.4324951171875,1268.725341796875,109.65521240234375,140.3477783203125,-1,-1,-1,-1
279,5,641.2823486328125,1238.35009765625,123.80755615234375,170.4114990234375,-1,-1,-1,-1
280,5,608.4453735351562,1218.423583984375,144.3095703125,192.3529052734375,-1,-1,-1,-1
281,5,683.7462158203125,1222.1395263671875,137.9619140625,188.8524169921875,-1,-1,-1,-1
282,5,751.7432250976562,1234.864501953125,182.4566650390625,175.0257568359375,-1,-1,-1,-1
283,5,735.3529663085938,1226.366455078125,193.82464599609375,184.261474609375,-1,-1,-1,-1
284,5,728.619873046875,1230.43603515625,191.1895751953125,182.586181640625,-1,-1,-1,-1
285,5,817.3751831054688,1222.1217041015625,140.92724609375,189.3280029296875,-1,-1,-1,-1
286,5,847.8543701171875,1211.825439453125,117.5540771484375,198.866943359375,-1,-1,-1,-1
287,5,731.1393432617188,1209.4722900390625,179.03228759765625,203.0648193359375,-1,-1,-1,-1
288,5,702.3367309570312,1217.6943359375,207.44256591796875,193.876708984375,-1,-1,-1,-1
289,5,699.8271484375,1220.6119384765625,191.2000732421875,191.1944580078125,-1,-1,-1,-1
290,5,718.1699829101562,1233.42578125,185.085205078125,178.8604736328125,-1,-1,-1,-1
291,5,818.45263671875,1232.1492919921875,123.67071533203125,179.0147705078125,-1,-1,-1,-1
292,5,840.955322265625,1237.5587158203125,103.1805419921875,174.0010986328125,-1,-1,-1,-1
293,5,755.780029296875,1247.841552734375,115.5220947265625,161.254150390625,-1,-1,-1,-1
294,5,768.8712158203125,1261.513916015625,103.14678955078125,149.7188720703125,-1,-1,-1,-1
295,5,768.26806640625,1303.5853271484375,81.77685546875,106.9613037109375,-1,-1,-1,-1
296,5,786.302490234375,1359.64501953125,62.3773193359375,51.1571044921875,-1,-1,-1,-1
387,6,129.21353149414062,948.8789672851562,245.20892333984375,457.10516357421875,-1,-1,-1,-1
388,6,136.1406707763672,950.826416015625,241.1807098388672,454.3048095703125,-1,-1,-1,-1
389,6,134.53538513183594,951.4660034179688,247.2372283935547,457.55877685546875,-1,-1,-1,-1
390,6,130.79078674316406,950.2767944335938,252.25071716308594,458.11346435546875,-1,-1,-1,-1
391,6,134.14466857910156,949.7029418945312,249.62181091308594,457.48492431640625,-1,-1,-1,-1
392,6,135.1669158935547,949.6389770507812,249.5163116455078,458.59112548828125,-1,-1,-1,-1
393,6,135.58450317382812,947.9083862304688,251.48507690429688,460.96990966796875,-1,-1,-1,-1
394,6,138.39694213867188,946.1878662109375,248.83837890625,462.1998291015625,-1,-1,-1,-1
395,6,143.46731567382812,948.8165893554688,244.61151123046875,461.13787841796875,-1,-1,-1,-1
396,6,139.51971435546875,947.5460205078125,249.30435180664062,462.8067626953125,-1,-1,-1,-1
397,6,145.44119262695312,950.2402954101562,243.44113159179688,458.39776611328125,-1,-1,-1,-1
398,6,137.409423828125,951.0662841796875,253.29742431640625,458.692138671875,-1,-1,-1,-1
399,6,139.90985107421875,951.465087890625,249.8104248046875,458.8043212890625,-1,-1,-1,-1
400,6,126.74324035644531,949.964599609375,262.0498046875,459.9007568359375,-1,-1,-1,-1
401,6,119.30168914794922,949.6520385742188,273.46697998046875,460.10601806640625,-1,-1,-1,-1
402,6,134.0838165283203,952.75830078125,256.7430877685547,456.987060546875,-1,-1,-1,-1
403,6,134.13449096679688,953.8543701171875,255.50997924804688,455.4285888671875,-1,-1,-1,-1
404,6,126.4205551147461,956.0166625976562,267.5034484863281,454.19964599609375,-1,-1,-1,-1
405,6,139.33203125,958.8670043945312,251.7572021484375,449.60772705078125,-1,-1,-1,-1
406,6,130.6374969482422,959.2578125,259.3724365234375,449.5360107421875,-1,-1,-1,-1
407,6,136.45425415039062,957.3931274414062,253.34713745117188,451.10662841796875,-1,-1,-1,-1
408,6,130.4265594482422,960.13330078125,257.88531494140625,449.150634765625,-1,-1,-1,-1
409,6,133.06507873535156,963.1885375976562,252.8210906982422,446.23748779296875,-1,-1,-1,-1
410,6,125.02039337158203,959.2467041015625,261.46234130859375,450.3480224609375,-1,-1,-1,-1
411,6,126.11637878417969,964.8375854492188,260.63677978515625,444.89251708984375,-1,-1,-1,-1
412,6,120.07373809814453,962.42041015625,265.0620422363281,446.840576171875,-1,-1,-1,-1
413,6,112.774169921875,960.39599609375,277.6522521972656,449.2320556640625,-1,-1,-1,-1
414,6,118.37574005126953,959.431640625,269.78887939453125,450.844482421875,-1,-1,-1,-1
415,6,120.40315246582031,959.9205932617188,266.2989501953125,446.39813232421875,-1,-1,-1,-1
416,6,131.0580291748047,956.3213500976562,252.96604919433594,452.21368408203125,-1,-1,-1,-1
417,6,129.57449340820312,957.0056762695312,261.9439697265625,450.41619873046875,-1,-1,-1,-1
418,6,125.86967468261719,957.7606201171875,259.13641357421875,449.2779541015625,-1,-1,-1,-1
419,6,129.1358184814453,957.4212646484375,258.98138427734375,451.674072265625,-1,-1,-1,-1
420,6,137.33383178710938,954.8935546875,261.45709228515625,454.31982421875,-1,-1,-1,-1
421,6,139.2856903076172,951.8818359375,250.01451110839844,457.62939453125,-1,-1,-1,-1
422,6,143.3123016357422,949.2574462890625,247.0344696044922,460.0728759765625,-1,-1,-1,-1
423,6,143.78256225585938,945.198974609375,247.96258544921875,463.61328125,-1,-1,-1,-1
424,6,140.93849182128906,946.3065185546875,248.6179656982422,462.186767578125,-1,-1,-1,-1
425,6,147.42445373535156,942.4719848632812,240.8545379638672,464.57525634765625,-1,-1,-1,-1
426,6,148.3453369140625,942.4052124023438,243.62966918945312,465.38104248046875,-1,-1,-1,-1
427,6,157.94961547851562,945.0227661132812,237.36380004882812,462.81451416015625,-1,-1,-1,-1
428,6,161.20919799804688,949.404541015625,232.84304809570312,456.346435546875,-1,-1,-1,-1
429,6,159.37339782714844,947.1749877929688,238.2953643798828,460.54779052734375,-1,-1,-1,-1
430,6,161.34408569335938,944.9202270507812,235.36373901367188,462.28363037109375,-1,-1,-1,-1
431,6,162.29037475585938,947.3052978515625,234.10537719726562,458.5267333984375,-1,-1,-1,-1
432,6,164.67543029785156,946.978515625,227.55189514160156,459.0894775390625,-1,-1,-1,-1
433,6,165.56317138671875,949.046875,226.57437133789062,457.7850341796875,-1,-1,-1,-1
434,6,168.33384704589844,950.6984252929688,224.32325744628906,456.61505126953125,-1,-1,-1,-1
435,6,164.88665771484375,951.2420654296875,229.572265625,457.1270751953125,-1,-1,-1,-1
436,6,163.9198455810547,952.6595458984375,232.4356231689453,456.338623046875,-1,-1,-1,-1
437,6,166.09909057617188,956.8701171875,238.68124389648438,451.443603515625,-1,-1,-1,-1
438,6,164.70236206054688,965.4947509765625,230.8970947265625,444.60498046875,-1,-1,-1,-1
439,6,169.7288818359375,966.4708862304688,229.37176513671875,442.04949951171875,-1,-1,-1,-1
440,6,167.25987243652344,967.3307495117188,231.77577209472656,441.62725830078125,-1,-1,-1,-1
441,6,164.5962371826172,963.2821044921875,234.82191467285156,446.1658935546875,-1,-1,-1,-1
442,6,160.8744659423828,962.6912841796875,235.49864196777344,446.5316162109375,-1,-1,-1,-1
443,6,157.19906616210938,961.0747680664062,245.07315063476562,448.12213134765625,-1,-1,-1,-1
444,6,164.4072265625,964.7178344726562,231.55352783203125,444.60150146484375,-1,-1,-1,-1
445,6,163.50450134277344,965.6996459960938,234.96034240722656,443.54302978515625,-1,-1,-1,-1
446,6,157.78041076660156,955.3032836914062,241.85618591308594,453.31195068359375,-1,-1,-1,-1
447,6,162.25872802734375,963.6074829101562,233.83331298828125,444.45098876953125,-1,-1,-1,-1
448,6,159.70709228515625,955.5023803710938,241.0592041015625,454.14141845703125,-1,-1,-1,-1
449,6,165.6336669921875,958.59423828125,228.336181640625,449.6796875,-1,-1,-1,-1
450,6,158.71275329589844,962.09326171875,242.0612335205078,446.6683349609375,-1,-1,-1,-1
451,6,167.57614135742188,961.858642578125,228.69052124023438,448.210693359375,-1,-1,-1,-1
452,6,165.87843322753906,962.2177124023438,232.12510681152344,448.41070556640625,-1,-1,-1,-1
453,6,170.4191131591797,968.60888671875,226.14134216308594,441.0062255859375,-1,-1,-1,-1
454,6,166.86183166503906,960.1676025390625,230.4567108154297,449.5142822265625,-1,-1,-1,-1
455,6,167.57693481445312,960.6642456054688,233.23593139648438,448.36138916015625,-1,-1,-1,-1
456,6,163.930908203125,961.0469360351562,240.8074951171875,448.92437744140625,-1,-1,-1,-1
457,6,168.72824096679688,958.5868530273438,237.30892944335938,451.01287841796875,-1,-1,-1,-1
458,6,178.33131408691406,964.3504638671875,226.50746154785156,444.9989013671875,-1,-1,-1,-1
459,6,178.33590698242188,973.92529296875,229.25936889648438,437.305908203125,-1,-1,-1,-1
460,6,179.66082763671875,975.665283203125,227.8515625,435.30419921875,-1,-1,-1,-1
461,6,185.76470947265625,973.1005859375,223.4593505859375,439.279296875,-1,-1,-1,-1
462,6,183.71701049804688,971.2410888671875,225.07418823242188,439.5770263671875,-1,-1,-1,-1
463,6,188.082763671875,972.5386352539062,222.18121337890625,439.09185791015625,-1,-1,-1,-1
464,6,188.47804260253906,976.0907592773438,220.10008239746094,434.10357666015625,-1,-1,-1,-1
465,6,184.38433837890625,975.94287109375,221.91619873046875,434.7066650390625,-1,-1,-1,-1
466,6,183.9728546142578,974.6441650390625,223.92640686035156,435.4859619140625,-1,-1,-1,-1
467,6,183.65159606933594,973.7766723632812,221.80323791503906,437.45831298828125,-1,-1,-1,-1
468,6,186.09237670898438,972.687255859375,220.14840698242188,438.0477294921875,-1,-1,-1,-1
469,6,187.2025146484375,972.0881958007812,221.1270751953125,438.38787841796875,-1,-1,-1,-1
470,6,180.2359161376953,972.2540283203125,229.08399963378906,438.7784423828125,-1,-1,-1,-1
471,6,177.13909912109375,969.3480224609375,227.37313842773438,441.386474609375,-1,-1,-1,-1
472,6,170.10594177246094,970.8223266601562,232.7292938232422,440.60284423828125,-1,-1,-1,-1
473,6,170.0662384033203,971.9093017578125,230.67124938964844,440.8017578125,-1,-1,-1,-1
474,6,154.6586151123047,972.1161499023438,247.30113220214844,438.08087158203125,-1,-1,-1,-1
475,6,147.29396057128906,971.9073486328125,251.7728729248047,439.2132568359375,-1,-1,-1,-1
477,6,140.09347534179688,971.9606323242188,255.52023315429688,438.15704345703125,-1,-1,-1,-1
478,6,148.2969207763672,973.243896484375,249.44883728027344,438.3563232421875,-1,-1,-1,-1
479,6,140.06459045410156,972.6041870117188,258.55511474609375,438.11553955078125,-1,-1,-1,-1
480,6,134.8828887939453,973.68408203125,264.99261474609375,437.734619140625,-1,-1,-1,-1
481,6,138.11265563964844,972.2236328125,258.39013671875,438.989013671875,-1,-1,-1,-1
482,6,143.03866577148438,972.362548828125,249.06765747070312,438.9268798828125,-1,-1,-1,-1
483,6,140.016845703125,973.7666015625,253.72052001953125,437.062255859375,-1,-1,-1,-1
484,6,140.65774536132812,974.3379516601562,251.25454711914062,435.37493896484375,-1,-1,-1,-1
485,6,146.82554626464844,973.6386108398438,244.9487762451172,436.54168701171875,-1,-1,-1,-1
486,6,134.1168975830078,973.8306274414062,257.25762939453125,435.53790283203125,-1,-1,-1,-1
488,6,138.8191375732422,976.6524658203125,249.41908264160156,431.8656005859375,-1,-1,-1,-1
489,6,133.47378540039062,976.5244140625,255.70977783203125,432.5360107421875,-1,-1,-1,-1
491,6,143.17782592773438,974.685791015625,247.91729736328125,435.955078125,-1,-1,-1,-1
492,6,134.54306030273438,974.70947265625,257.1021728515625,436.3934326171875,-1,-1,-1,-1
493,6,136.79136657714844,974.7813720703125,250.78501892089844,434.605712890625,-1,-1,-1,-1
587,7,709.1279296875,610.3629760742188,70.14044189453125,213.8035888671875,-1,-1,-1,-1
588,7,712.07421875,614.8848876953125,78.6524658203125,205.9805908203125,-1,-1,-1,-1
589,7,716.8359375,613.7202758789062,82.32391357421875,201.35955810546875,-1,-1,-1,-1
590,7,718.4055786132812,611.0042114257812,83.22174072265625,207.40106201171875,-1,-1,-1,-1
591,7,718.482421875,608.469970703125,89.0052490234375,209.7568359375,-1,-1,-1,-1
592,7,717.5292358398438,607.8173217773438,96.56268310546875,209.42779541015625,-1,-1,-1,-1
593,7,714.4318237304688,607.986083984375,102.14056396484375,209.83734130859375,-1,-1,-1,-1
594,7,712.9946899414062,611.6837158203125,96.77386474609375,207.64306640625,-1,-1,-1,-1
595,7,711.7733154296875,615.7100219726562,94.540283203125,204.2923583984375,-1,-1,-1,-1
596,7,716.8021240234375,615.4805297851562,89.8946533203125,206.71856689453125,-1,-1,-1,-1
597,7,716.6698608398438,613.6296997070312,86.8717041015625,212.95465087890625,-1,-1,-1,-1
598,7,715.9850463867188,608.9881591796875,85.42974853515625,219.6396484375,-1,-1,-1,-1
599,7,712.498046875,603.4041748046875,97.1650390625,222.92218017578125,-1,-1,-1,-1
600,7,713.2969970703125,599.9508056640625,111.67559814453125,221.4166259765625,-1,-1,-1,-1
601,7,711.1341552734375,602.2898559570312,120.25823974609375,215.192626953125,-1,-1,-1,-1
