1,1,198.90811157226562,523.739013671875,452.9000549316406,864.6505126953125,-1,-1,-1,-1
2,1,164.6811065673828,502.5209655761719,475.99761962890625,838.1474609375,-1,-1,-1,-1
3,1,105.99737548828125,498.2105712890625,529.838134765625,821.356201171875,-1,-1,-1,-1
4,1,63.23259735107422,496.2022705078125,569.5036010742188,791.07666015625,-1,-1,-1,-1
5,1,55.780731201171875,492.9859619140625,562.9598388671875,777.4039306640625,-1,-1,-1,-1
6,1,50.69541549682617,484.47882080078125,558.4202270507812,712.7838745117188,-1,-1,-1,-1
7,1,71.03062438964844,493.95361328125,520.3455200195312,693.9498291015625,-1,-1,-1,-1
8,1,60.60002899169922,514.2587890625,513.9246215820312,649.4329833984375,-1,-1,-1,-1
9,1,60.98886489868164,520.13818359375,479.1483459472656,666.952392578125,-1,-1,-1,-1
10,1,71.81755828857422,530.1873168945312,435.5473937988281,730.2553100585938,-1,-1,-1,-1
11,1,78.00727844238281,550.8638916015625,386.92938232421875,718.4920654296875,-1,-1,-1,-1
12,1,70.78533935546875,560.5029907226562,385.46710205078125,713.4860229492188,-1,-1,-1,-1
13,1,63.13931655883789,571.8023071289062,381.8595886230469,699.3070678710938,-1,-1,-1,-1
14,1,49.220985412597656,593.0316162109375,409.6575012207031,678.6475830078125,-1,-1,-1,-1
15,1,40.1919059753418,608.2721557617188,413.71337890625,669.4956665039062,-1,-1,-1,-1
16,1,38.533958435058594,617.599609375,401.73321533203125,660.193603515625,-1,-1,-1,-1
17,1,22.814403533935547,603.6611328125,403.48895263671875,651.916015625,-1,-1,-1,-1
18,1,14.337034225463867,590.6979370117188,408.5466613769531,635.1076049804688,-1,-1,-1,-1
19,1,6.783849716186523,567.037841796875,386.934814453125,614.8199462890625,-1,-1,-1,-1
20,1,5.224113464355469,539.4400024414062,375.9033508300781,593.9295043945312,-1,-1,-1,-1
21,1,5.953868865966797,522.4141845703125,362.58624267578125,578.9456787109375,-1,-1,-1,-1
22,1,7.065349578857422,520.8075561523438,378.39581298828125,561.8613891601562,-1,-1,-1,-1
23,1,12.121814727783203,522.06884765625,388.06842041015625,554.375244140625,-1,-1,-1,-1
24,1,19.526329040527344,525.8161010742188,395.7146911621094,570.2090454101562,-1,-1,-1,-1
25,1,54.2154541015625,527.4953002929688,381.364990234375,587.7682495117188,-1,-1,-1,-1
26,1,91.19631958007812,535.46484375,360.3115539550781,584.7430419921875,-1,-1,-1,-1
27,1,121.2080078125,542.2409057617188,347.7757263183594,586.7874145507812,-1,-1,-1,-1
28,1,154.2835693359375,571.7489624023438,334.43084716796875,566.2725219726562,-1,-1,-1,-1
29,1,233.89682006835938,582.2633666992188,301.8240661621094,541.0339965820312,-1,-1,-1,-1
30,1,323.85528564453125,592.9312133789062,258.82177734375,529.3949584960938,-1,-1,-1,-1
31,1,381.81524658203125,626.61181640625,229.325439453125,499.3626708984375,-1,-1,-1,-1
32,1,425.5709533691406,639.031982421875,211.69387817382812,494.503173828125,-1,-1,-1,-1
33,1,463.50946044921875,643.432861328125,195.263671875,490.7237548828125,-1,-1,-1,-1
34,1,491.5304870605469,647.8949584960938,189.39596557617188,492.29095458984375,-1,-1,-1,-1
35,1,516.835205078125,656.951171875,188.7933349609375,496.3883056640625,-1,-1,-1,-1
36,1,537.7426147460938,667.4683837890625,194.130615234375,500.8419189453125,-1,-1,-1,-1
37,1,568.678466796875,684.7677612304688,184.3597412109375,502.32391357421875,-1,-1,-1,-1
38,1,595.7620239257812,700.5339965820312,176.05743408203125,500.72320556640625,-1,-1,-1,-1
39,1,615.8585815429688,713.7166137695312,175.96429443359375,505.17755126953125,-1,-1,-1,-1
40,1,627.3889770507812,712.954345703125,173.02099609375,522.8197021484375,-1,-1,-1,-1
41,1,636.1448974609375,705.466552734375,171.474365234375,537.9197998046875,-1,-1,-1,-1
42,1,642.2385864257812,697.525146484375,166.19122314453125,540.9014892578125,-1,-1,-1,-1
43,1,643.166015625,690.3507690429688,161.5687255859375,535.0027465820312,-1,-1,-1,-1
44,1,649.0923461914062,684.22509765625,162.7452392578125,527.3922119140625,-1,-1,-1,-1
45,1,656.9916381835938,683.8871459960938,166.796875,521.3274536132812,-1,-1,-1,-1
46,1,660.4655151367188,684.7567138671875,181.75140380859375,519.470947265625,-1,-1,-1,-1
47,1,665.0127563476562,686.9706420898438,179.53125,516.5718383789062,-1,-1,-1,-1
48,1,675.456298828125,695.3804321289062,155.14971923828125,516.7356567382812,-1,-1,-1,-1
49,1,686.8470458984375,703.6666870117188,137.6715087890625,510.89727783203125,-1,-1,-1,-1
50,1,684.6593627929688,728.0919189453125,135.1824951171875,511.88671875,-1,-1,-1,-1
51,1,682.5504150390625,740.8640747070312,136.38616943359375,505.90960693359375,-1,-1,-1,-1
52,1,679.0367431640625,739.5274047851562,140.2158203125,503.29962158203125,-1,-1,-1,-1
53,1,671.7562255859375,731.77490234375,142.47735595703125,498.261962890625,-1,-1,-1,-1
54,1,657.0498657226562,724.6983032226562,151.543212890625,493.04071044921875,-1,-1,-1,-1
55,1,650.229248046875,712.4547119140625,150.26837158203125,488.955322265625,-1,-1,-1,-1
56,1,652.0562744140625,707.6560668945312,153.95843505859375,485.46160888671875,-1,-1,-1,-1
57,1,652.7076416015625,699.4156494140625,152.9385986328125,484.6395263671875,-1,-1,-1,-1
58,1,656.668212890625,697.9041748046875,146.06536865234375,482.8004150390625,-1,-1,-1,-1
59,1,664.9515991210938,707.1050415039062,148.78887939453125,480.97808837890625,-1,-1,-1,-1
60,1,671.5355834960938,713.8843994140625,149.1884765625,474.5836181640625,-1,-1,-1,-1
61,1,672.1362915039062,732.6546020507812,157.24481201171875,474.97430419921875,-1,-1,-1,-1
62,1,677.3845825195312,727.9859619140625,161.71417236328125,470.709716796875,-1,-1,-1,-1
63,1,686.2584838867188,716.57958984375,159.19635009765625,460.4344482421875,-1,-1,-1,-1
64,1,685.7828369140625,705.8533935546875,156.95440673828125,450.820556640625,-1,-1,-1,-1
65,1,686.4684448242188,706.31494140625,153.23455810546875,450.955078125,-1,-1,-1,-1
66,1,682.1891479492188,716.2767944335938,159.5419921875,447.00811767578125,-1,-1,-1,-1
67,1,680.8438720703125,727.286376953125,162.848876953125,441.191162109375,-1,-1,-1,-1
68,1,677.3436279296875,746.4642333984375,165.6812744140625,438.125,-1,-1,-1,-1
69,1,673.9586181640625,755.5891723632812,166.51727294921875,436.58428955078125,-1,-1,-1,-1
70,1,678.5997314453125,766.2212524414062,166.99652099609375,448.57513427734375,-1,-1,-1,-1
71,1,669.650634765625,762.62158203125,169.71429443359375,467.105224609375,-1,-1,-1,-1
72,1,662.2117919921875,748.2757568359375,162.97772216796875,477.848388671875,-1,-1,-1,-1
73,1,659.616943359375,734.5203857421875,148.55084228515625,478.3328857421875,-1,-1,-1,-1
74,1,663.5592651367188,724.2788696289062,131.55230712890625,468.65374755859375,-1,-1,-1,-1
75,1,665.520263671875,736.1564331054688,136.0234375,457.68585205078125,-1,-1,-1,-1
76,1,662.2679443359375,750.3453979492188,140.21337890625,447.40789794921875,-1,-1,-1,-1
77,1,665.5147705078125,771.5426635742188,144.25592041015625,449.99871826171875,-1,-1,-1,-1
78,1,673.0938110351562,785.8907470703125,143.72235107421875,453.161865234375,-1,-1,-1,-1
79,1,677.9556884765625,785.3434448242188,144.130859375,466.92926025390625,-1,-1,-1,-1
80,1,686.058349609375,777.0809326171875,139.385986328125,490.599365234375,-1,-1,-1,-1
81,1,687.058837890625,768.3515625,139.6900634765625,433.424560546875,-1,-1,-1,-1
82,1,674.657470703125,760.7421875,149.2413330078125,534.163818359375,-1,-1,-1,-1
83,1,671.3190307617188,759.29638671875,147.8170166015625,553.7626953125,-1,-1,-1,-1
84,1,673.1421508789062,755.1964721679688,152.17718505859375,572.0422973632812,-1,-1,-1,-1
85,1,675.12353515625,765.0118408203125,164.86920166015625,591.342041015625,-1,-1,-1,-1
86,1,682.8238525390625,764.5955810546875,179.75604248046875,595.7122802734375,-1,-1,-1,-1
87,1,695.6704711914062,754.3935546875,185.6424560546875,597.9556884765625,-1,-1,-1,-1
88,1,698.9725341796875,748.64306640625,163.2857666015625,598.3037109375,-1,-1,-1,-1
89,1,694.28955078125,755.696044921875,147.73358154296875,424.3516845703125,-1,-1,-1,-1
90,1,686.7838745117188,748.8621826171875,148.83599853515625,431.95458984375,-1,-1,-1,-1
91,1,680.2053833007812,744.6286010742188,151.8671875,476.64923095703125,-1,-1,-1,-1
92,1,672.2392578125,738.5957641601562,196.06182861328125,593.5200805664062,-1,-1,-1,-1
93,1,663.6524658203125,737.2901000976562,224.2481689453125,594.5803833007812,-1,-1,-1,-1
94,1,663.9260864257812,741.9051513671875,249.48309326171875,591.470458984375,-1,-1,-1,-1
95,1,648.9526977539062,736.958251953125,273.66729736328125,581.0306396484375,-1,-1,-1,-1
96,1,646.9600830078125,742.3386840820312,293.7799072265625,571.3156127929688,-1,-1,-1,-1
97,1,650.8810424804688,749.6766967773438,297.86724853515625,565.7521362304688,-1,-1,-1,-1
98,1,658.8416748046875,745.7568359375,279.44830322265625,560.8380126953125,-1,-1,-1,-1
99,1,662.4624633789062,732.9558715820312,244.49530029296875,565.4789428710938,-1,-1,-1,-1
100,1,667.3001708984375,718.728515625,212.22222900390625,566.2109375,-1,-1,-1,-1
101,1,667.22412109375,701.2075805664062,181.24139404296875,563.3502807617188,-1,-1,-1,-1
102,1,669.5966186523438,691.428466796875,153.45965576171875,565.51904296875,-1,-1,-1,-1
103,1,679.85302734375,688.8375244140625,154.33447265625,559.3143310546875,-1,-1,-1,-1
104,1,683.6106567382812,698.1806030273438,150.58892822265625,555.4946899414062,-1,-1,-1,-1
105,1,672.990478515625,713.8760986328125,155.00494384765625,548.6358642578125,-1,-1,-1,-1
106,1,665.0217895507812,723.2197265625,158.10186767578125,534.8870849609375,-1,-1,-1,-1
107,1,666.125,727.604736328125,163.33514404296875,523.5184326171875,-1,-1,-1,-1
108,1,660.9492797851562,724.8525390625,170.20257568359375,522.64013671875,-1,-1,-1,-1
109,1,660.1849975585938,722.1318359375,161.8753662109375,525.2047119140625,-1,-1,-1,-1
110,1,655.6841430664062,718.8449096679688,163.55426025390625,527.8145141601562,-1,-1,-1,-1
111,1,647.1726684570312,736.9254150390625,164.7156982421875,528.8211669921875,-1,-1,-1,-1
112,1,645.6757202148438,754.9956665039062,163.58660888671875,526.5855102539062,-1,-1,-1,-1
113,1,650.2523193359375,777.466064453125,165.4071044921875,521.4840087890625,-1,-1,-1,-1
114,1,654.9593505859375,789.2093505859375,167.58837890625,526.221435546875,-1,-1,-1,-1
115,1,659.8119506835938,798.7626953125,164.86083984375,530.1484375,-1,-1,-1,-1
116,1,661.1015625,788.2166748046875,163.1185302734375,533.351806640625,-1,-1,-1,-1
117,1,668.6150512695312,773.7523193359375,159.07318115234375,538.3134765625,-1,-1,-1,-1
118,1,666.9463500976562,760.42333984375,157.39666748046875,527.3900146484375,-1,-1,-1,-1
119,1,666.1112060546875,749.7080078125,155.4525146484375,517.8021240234375,-1,-1,-1,-1
120,1,668.6703491210938,745.3555297851562,153.456298828125,497.34112548828125,-1,-1,-1,-1
121,1,674.1864013671875,746.5401000976562,152.66357421875,489.12884521484375,-1,-1,-1,-1
122,1,677.8311767578125,747.010498046875,155.35369873046875,493.4168701171875,-1,-1,-1,-1
123,1,680.063232421875,732.8397827148438,152.6873779296875,498.93939208984375,-1,-1,-1,-1
124,1,679.5872802734375,733.403076171875,154.97637939453125,513.7406005859375,-1,-1,-1,-1
125,1,673.7175903320312,741.853515625,158.16021728515625,542.5316162109375,-1,-1,-1,-1
126,1,662.4747314453125,742.44140625,164.03497314453125,567.964111328125,-1,-1,-1,-1
127,1,664.3557739257812,738.6669311523438,159.04742431640625,579.9710083007812,-1,-1,-1,-1
128,1,671.115478515625,743.1381225585938,161.18426513671875,564.3097534179688,-1,-1,-1,-1
129,1,674.4602661132812,752.7669067382812,166.170654296875,554.9163208007812,-1,-1,-1,-1
130,1,677.4609375,749.3356323242188,168.81878662109375,552.6430053710938,-1,-1,-1,-1
131,1,683.8399658203125,740.2992553710938,166.328857421875,558.6782836914062,-1,-1,-1,-1
132,1,691.2349243164062,727.3280029296875,166.12615966796875,569.7572021484375,-1,-1,-1,-1
133,1,695.58349609375,702.6535034179688,167.297119140625,580.9725952148438,-1,-1,-1,-1
134,1,697.4315795898438,682.7899169921875,165.44012451171875,582.73291015625,-1,-1,-1,-1
135,1,702.7693481445312,680.699462890625,166.32586669921875,571.182861328125,-1,-1,-1,-1
136,1,702.2485961914062,686.3366088867188,166.52197265625,549.9701538085938,-1,-1,-1,-1
137,1,700.869384765625,698.1846313476562,170.86956787109375,541.5320434570312,-1,-1,-1,-1
138,1,695.5938720703125,714.8583984375,175.1617431640625,531.1158447265625,-1,-1,-1,-1
139,1,698.58935546875,722.0111083984375,168.6820068359375,526.6539306640625,-1,-1,-1,-1
140,1,704.7337646484375,722.9725952148438,160.136962890625,531.9480590820312,-1,-1,-1,-1
141,1,699.096435546875,713.09375,156.008056640625,544.8111572265625,-1,-1,-1,-1
142,1,693.1294555664062,703.6583862304688,158.32623291015625,548.2174682617188,-1,-1,-1,-1
143,1,688.939453125,704.6109008789062,150.263671875,546.0480346679688,-1,-1,-1,-1
144,1,683.555908203125,698.5283203125,142.93017578125,520.4779052734375,-1,-1,-1,-1
145,1,681.1967163085938,696.2741088867188,146.96929931640625,492.41656494140625,-1,-1,-1,-1
146,1,683.487548828125,699.6846923828125,151.739990234375,478.2474365234375,-1,-1,-1,-1
147,1,683.9312744140625,695.4354248046875,158.55859375,475.8377685546875,-1,-1,-1,-1
148,1,683.5889892578125,694.52490234375,160.61468505859375,481.5352783203125,-1,-1,-1,-1
149,1,686.766845703125,697.555419921875,158.312255859375,495.875244140625,-1,-1,-1,-1
150,1,689.8536987304688,694.0611572265625,155.9439697265625,521.8079833984375,-1,-1,-1,-1
151,1,692.5768432617188,705.9191284179688,160.1185302734375,554.2737426757812,-1,-1,-1,-1
152,1,694.2482299804688,716.4966430664062,166.5399169921875,576.8773803710938,-1,-1,-1,-1
153,1,697.69677734375,718.0119018554688,172.54144287109375,587.0564575195312,-1,-1,-1,-1
154,1,701.591796875,717.8150634765625,177.74017333984375,592.13037109375,-1,-1,-1,-1
155,1,702.817138671875,721.9847412109375,180.8551025390625,590.0567626953125,-1,-1,-1,-1
156,1,703.4522094726562,720.551513671875,181.4888916015625,586.64697265625,-1,-1,-1,-1
157,1,706.6594848632812,714.446044921875,178.57373046875,584.76318359375,-1,-1,-1,-1
158,1,708.5970458984375,710.3628540039062,180.24163818359375,583.7656860351562,-1,-1,-1,-1
159,1,705.2745971679688,708.75732421875,186.53704833984375,586.4757080078125,-1,-1,-1,-1
160,1,705.2741088867188,693.9114990234375,195.62506103515625,584.9971923828125,-1,-1,-1,-1
161,1,709.0081176757812,693.30859375,204.48321533203125,587.6468505859375,-1,-1,-1,-1
162,1,718.607177734375,705.880615234375,201.12762451171875,595.0650634765625,-1,-1,-1,-1
163,1,720.0187377929688,713.2342529296875,193.49041748046875,599.96337890625,-1,-1,-1,-1
164,1,714.6460571289062,725.7769165039062,185.86480712890625,603.1306762695312,-1,-1,-1,-1
165,1,710.916259765625,733.8709716796875,176.7802734375,599.9813232421875,-1,-1,-1,-1
166,1,710.1735229492188,724.5836181640625,175.98541259765625,590.2630615234375,-1,-1,-1,-1
167,1,705.0526123046875,718.00537109375,171.08709716796875,581.7393798828125,-1,-1,-1,-1
168,1,703.0260620117188,719.8622436523438,163.5657958984375,572.0778198242188,-1,-1,-1,-1
169,1,703.3189086914062,719.7738647460938,162.23138427734375,564.9144897460938,-1,-1,-1,-1
170,1,700.548095703125,713.9375610351562,162.46380615234375,555.9707641601562,-1,-1,-1,-1
171,1,700.7810668945312,710.55859375,159.23260498046875,541.4403076171875,-1,-1,-1,-1
172,1,699.0842895507812,704.80615234375,157.31671142578125,537.0057373046875,-1,-1,-1,-1
173,1,692.487548828125,711.8472290039062,151.2666015625,537.6124877929688,-1,-1,-1,-1
174,1,691.5556640625,720.1256103515625,150.637451171875,529.380126953125,-1,-1,-1,-1
175,1,696.4364624023438,730.8683471679688,152.31915283203125,509.48687744140625,-1,-1,-1,-1
176,1,694.6656494140625,733.3079833984375,156.2388916015625,495.7393798828125,-1,-1,-1,-1
177,1,693.8760986328125,726.131591796875,159.9874267578125,493.622802734375,-1,-1,-1,-1
178,1,697.0048217773438,717.2059936523438,162.533447265625,499.22784423828125,-1,-1,-1,-1
179,1,700.4755859375,710.3051147460938,164.8621826171875,515.3602905273438,-1,-1,-1,-1
180,1,709.0496215820312,702.818359375,168.472412109375,551.7420654296875,-1,-1,-1,-1
181,1,714.898681640625,688.2300415039062,168.48126220703125,589.5643920898438,-1,-1,-1,-1
182,1,718.6864624023438,674.489013671875,174.0665283203125,612.586669921875,-1,-1,-1,-1
183,1,721.9677734375,668.1046752929688,177.3704833984375,622.3912963867188,-1,-1,-1,-1
184,1,732.2070922851562,673.4208984375,178.6690673828125,611.8917236328125,-1,-1,-1,-1
185,1,732.2003173828125,666.93310546875,184.15478515625,605.357177734375,-1,-1,-1,-1
186,1,743.7196044921875,663.2742919921875,186.83819580078125,613.13232421875,-1,-1,-1,-1
187,1,730.904541015625,638.351806640625,180.72064208984375,632.936279296875,-1,-1,-1,-1
188,1,701.2996826171875,646.396240234375,183.9732666015625,673.79345703125,-1,-1,-1,-1
189,1,695.87548828125,629.853759765625,189.5670166015625,699.5030517578125,-1,-1,-1,-1
190,1,688.2669067382812,606.1013793945312,202.29595947265625,708.6752319335938,-1,-1,-1,-1
191,1,682.4329833984375,614.1177978515625,216.56610107421875,689.122802734375,-1,-1,-1,-1
192,1,667.7084350585938,621.7440795898438,230.929931640625,683.6488647460938,-1,-1,-1,-1
193,1,677.2177734375,649.4149169921875,274.88848876953125,744.638671875,-1,-1,-1,-1
194,1,697.2437744140625,655.5122680664062,292.3177490234375,753.1942749023438,-1,-1,-1,-1
195,1,715.2146606445312,601.1948852539062,305.27862548828125,552.2700805664062,-1,-1,-1,-1
196,1,682.7410278320312,595.0233154296875,240.382080078125,589.308349609375,-1,-1,-1,-1
197,1,694.0220947265625,607.0089111328125,229.353515625,726.3643798828125,-1,-1,-1,-1
198,1,711.295654296875,604.6102294921875,211.3955078125,654.1322021484375,-1,-1,-1,-1
199,1,726.6482543945312,590.3027954101562,180.55487060546875,592.6856079101562,-1,-1,-1,-1
200,1,730.3742065429688,586.8592529296875,169.44219970703125,546.4339599609375,-1,-1,-1,-1
201,1,729.7572021484375,584.0946044921875,161.6082763671875,513.0242919921875,-1,-1,-1,-1
202,1,728.1559448242188,590.0866088867188,154.68212890625,484.69049072265625,-1,-1,-1,-1
203,1,724.335205078125,603.0958251953125,146.887939453125,461.1455078125,-1,-1,-1,-1
204,1,714.2911376953125,625.659912109375,141.219482421875,444.775390625,-1,-1,-1,-1
205,1,699.754150390625,626.9467163085938,138.846435546875,447.16668701171875,-1,-1,-1,-1
206,1,680.6919555664062,641.9801025390625,140.64508056640625,461.2357177734375,-1,-1,-1,-1
207,1,672.1005249023438,659.83740234375,147.39300537109375,476.877197265625,-1,-1,-1,-1
208,1,676.624267578125,679.4050903320312,134.79864501953125,485.53594970703125,-1,-1,-1,-1
209,1,677.4583129882812,686.7408447265625,135.264404296875,483.68994140625,-1,-1,-1,-1
210,1,674.2636108398438,708.9478149414062,139.72991943359375,476.25677490234375,-1,-1,-1,-1
211,1,673.688720703125,703.1398315429688,144.9266357421875,466.90985107421875,-1,-1,-1,-1
212,1,664.9122314453125,701.2562866210938,152.1783447265625,466.08184814453125,-1,-1,-1,-1
213,1,671.5473022460938,702.3336181640625,155.77447509765625,478.821533203125,-1,-1,-1,-1
214,1,677.9779663085938,697.2990112304688,162.15887451171875,503.60662841796875,-1,-1,-1,-1
215,1,677.5721435546875,704.2549438476562,160.5120849609375,554.9797973632812,-1,-1,-1,-1
216,1,679.4913940429688,720.0598754882812,160.7130126953125,613.0624389648438,-1,-1,-1,-1
217,1,673.2994384765625,726.7344970703125,180.32275390625,648.2576904296875,-1,-1,-1,-1
218,1,669.822509765625,722.710205078125,176.8460693359375,631.2998046875,-1,-1,-1,-1
219,1,658.587646484375,732.8746337890625,177.46490478515625,603.010986328125,-1,-1,-1,-1
220,1,656.9537353515625,738.963134765625,178.31982421875,579.012451171875,-1,-1,-1,-1
221,1,660.6663818359375,732.5728759765625,172.0205078125,565.41259765625,-1,-1,-1,-1
222,1,657.636962890625,725.08154296875,160.9132080078125,558.4161376953125,-1,-1,-1,-1
223,1,656.8818969726562,718.846923828125,151.8038330078125,540.7137451171875,-1,-1,-1,-1
224,1,664.3408813476562,717.80029296875,145.0584716796875,499.230224609375,-1,-1,-1,-1
225,1,670.1234130859375,716.7976684570312,142.25469970703125,468.86041259765625,-1,-1,-1,-1
226,1,672.482666015625,701.016357421875,139.196044921875,461.119873046875,-1,-1,-1,-1
227,1,668.6903686523438,699.7238159179688,135.8424072265625,467.41656494140625,-1,-1,-1,-1
228,1,666.1604614257812,707.0059204101562,133.09564208984375,476.39495849609375,-1,-1,-1,-1
229,1,674.1885375976562,705.1327514648438,134.44482421875,470.46807861328125,-1,-1,-1,-1
230,1,685.024169921875,708.5447387695312,134.839599609375,456.09307861328125,-1,-1,-1,-1
231,1,693.1826171875,716.1005249023438,136.062255859375,442.01470947265625,-1,-1,-1,-1
232,1,701.0601806640625,720.1222534179688,138.8687744140625,435.58526611328125,-1,-1,-1,-1
233,1,701.764892578125,711.7930297851562,141.2110595703125,429.87188720703125,-1,-1,-1,-1
234,1,699.5831909179688,702.3323974609375,142.8292236328125,430.6104736328125,-1,-1,-1,-1
235,1,690.4241333007812,703.567626953125,144.12579345703125,449.4619140625,-1,-1,-1,-1
236,1,679.93408203125,703.0281982421875,149.4171142578125,482.1446533203125,-1,-1,-1,-1
237,1,670.5862426757812,695.6574096679688,165.92041015625,511.68975830078125,-1,-1,-1,-1
238,1,673.4637451171875,710.3005981445312,164.81414794921875,530.1304321289062,-1,-1,-1,-1
239,1,686.960693359375,715.3653564453125,158.4208984375,552.72509765625,-1,-1,-1,-1
240,1,689.3262329101562,707.00048828125,165.1907958984375,542.861083984375,-1,-1,-1,-1
241,1,686.0366821289062,726.3587646484375,173.58819580078125,543.3118896484375,-1,-1,-1,-1
242,1,685.2677001953125,736.4671630859375,186.2208251953125,551.541259765625,-1,-1,-1,-1
243,1,673.1636962890625,736.721923828125,212.4681396484375,574.1453857421875,-1,-1,-1,-1
244,1,658.0635986328125,731.7886962890625,248.5286865234375,601.59033203125,-1,-1,-1,-1
245,1,629.4052734375,722.5377197265625,278.11676025390625,616.9588623046875,-1,-1,-1,-1
246,1,592.1331176757812,703.684814453125,339.139892578125,623.016845703125,-1,-1,-1,-1
247,1,650.7032470703125,652.6001586914062,306.81585693359375,605.0746459960938,-1,-1,-1,-1
248,1,554.2860107421875,520.5022583007812,367.7396240234375,619.5274047851562,-1,-1,-1,-1
249,1,531.9466552734375,380.231201171875,370.94866943359375,646.2686767578125,-1,-1,-1,-1
250,1,547.7128295898438,349.80181884765625,526.4104614257812,717.4077758789062,-1,-1,-1,-1
251,1,587.925537109375,324.0216979980469,392.5357666015625,777.0323486328125,-1,-1,-1,-1
252,1,577.4566650390625,318.8238525390625,392.93927001953125,834.5513916015625,-1,-1,-1,-1
253,1,554.8751831054688,316.9219970703125,411.1033935546875,891.550537109375,-1,-1,-1,-1
254,1,538.9873657226562,293.0700988769531,502.48748779296875,937.7647705078125,-1,-1,-1,-1
255,1,500.0074157714844,198.2331085205078,471.5841979980469,965.2816772460938,-1,-1,-1,-1
256,1,254.53460693359375,78.53123474121094,687.6423950195312,1065.5516357421875,-1,-1,-1,-1
257,1,145.09889221191406,10.022933959960938,769.8282470703125,1133.4483642578125,-1,-1,-1,-1
258,1,24.665794372558594,25.776897430419922,775.8946533203125,1091.352294921875,-1,-1,-1,-1
259,1,12.738105773925781,99.8893051147461,658.0447998046875,985.876953125,-1,-1,-1,-1
260,1,8.112943649291992,166.33477783203125,612.491455078125,892.0001831054688,-1,-1,-1,-1
261,1,5.7144775390625,179.85691833496094,610.5587768554688,863.5892333984375,-1,-1,-1,-1
262,1,4.073755264282227,213.78720092773438,572.1109619140625,833.909423828125,-1,-1,-1,-1
263,1,2.775545120239258,274.5511474609375,488.9529724121094,785.447998046875,-1,-1,-1,-1
264,1,1.0914344787597656,340.11968994140625,380.0882873535156,750.2197875976562,-1,-1,-1,-1
265,1,-0.23928546905517578,418.11285400390625,284.6711120605469,711.9668579101562,-1,-1,-1,-1
266,1,0.956695556640625,495.2282409667969,267.2881164550781,674.6944580078125,-1,-1,-1,-1
267,1,1.8079824447631836,559.6134643554688,250.8554229736328,645.2769165039062,-1,-1,-1,-1
268,1,0.9022083282470703,605.230224609375,249.9770965576172,585.1776123046875,-1,-1,-1,-1
1,2,505.47613525390625,555.3075561523438,89.8612060546875,198.50665283203125,-1,-1,-1,-1
2,2,501.28582763671875,523.180908203125,91.56903076171875,196.513671875,-1,-1,-1,-1
3,2,497.00921630859375,501.8240966796875,90.63677978515625,197.42864990234375,-1,-1,-1,-1
4,2,495.8702087402344,483.33599853515625,91.51504516601562,199.7685546875,-1,-1,-1,-1
5,2,500.2626647949219,479.8251647949219,88.98873901367188,198.79739379882812,-1,-1,-1,-1
6,2,506.4725036621094,480.2748718261719,88.23727416992188,196.50393676757812,-1,-1,-1,-1
7,2,526.5996704101562,497.2598876953125,83.4583740234375,195.216552734375,-1,-1,-1,-1
8,2,534.047607421875,507.76318359375,82.2838134765625,193.42022705078125,-1,-1,-1,-1
9,2,550.4144897460938,504.6621398925781,79.4732666015625,195.46493530273438,-1,-1,-1,-1
10,2,575.3975219726562,511.4808349609375,78.2412109375,192.44061279296875,-1,-1,-1,-1
11,2,601.1889038085938,533.9064331054688,75.61651611328125,188.873046875,-1,-1,-1,-1
12,2,620.6634521484375,549.6919555664062,74.00762939453125,189.339599609375,-1,-1,-1,-1
13,2,635.4092407226562,567.7763671875,72.87957763671875,187.03192138671875,-1,-1,-1,-1
14,2,649.0430908203125,586.9488525390625,73.19891357421875,185.3260498046875,-1,-1,-1,-1
15,2,660.8583984375,603.4158935546875,74.2325439453125,185.12750244140625,-1,-1,-1,-1
16,2,672.2376708984375,612.5841674804688,72.3021240234375,187.29046630859375,-1,-1,-1,-1
17,2,684.753173828125,594.97314453125,72.278076171875,189.6900634765625,-1,-1,-1,-1
18,2,691.1049194335938,545.960693359375,75.4774169921875,194.83123779296875,-1,-1,-1,-1
19,2,699.6443481445312,488.3730163574219,78.22454833984375,198.58987426757812,-1,-1,-1,-1
20,2,707.7965698242188,424.1786193847656,81.35443115234375,209.75961303710938,-1,-1,-1,-1
21,2,722.6146850585938,378.0570068359375,83.64434814453125,214.94598388671875,-1,-1,-1,-1
22,2,737.5960083007812,347.6861877441406,86.3758544921875,223.21487426757812,-1,-1,-1,-1
23,2,758.9920043945312,332.4578552246094,89.61260986328125,226.24386596679688,-1,-1,-1,-1
24,2,793.7252807617188,338.4886474609375,89.77911376953125,227.5428466796875,-1,-1,-1,-1
25,2,845.028076171875,360.11724853515625,90.42236328125,227.6160888671875,-1,-1,-1,-1
26,2,907.642822265625,391.18487548828125,91.13531494140625,229.18853759765625,-1,-1,-1,-1
27,2,961.5455322265625,424.85662841796875,93.133544921875,232.5382080078125,-1,-1,-1,-1
28,2,1019.4911499023438,459.306396484375,98.24420166015625,238.0201416015625,-1,-1,-1,-1
29,2,1106.1829833984375,465.46197509765625,103.8521728515625,249.112548828125,-1,-1,-1,-1
30,2,1212.45458984375,481.483642578125,107.3648681640625,269.994384765625,-1,-1,-1,-1
31,2,1300.1512451171875,513.568115234375,100.054931640625,285.8287353515625,-1,-1,-1,-1
32,2,1261.57568359375,579.8878173828125,137.4150390625,287.4940185546875,-1,-1,-1,-1
37,3,1.8104634284973145,752.8119506835938,116.3729019165039,283.63214111328125,-1,-1,-1,-1
38,3,34.84309005737305,749.5625610351562,125.73957824707031,278.34442138671875,-1,-1,-1,-1
39,3,81.05036926269531,750.168701171875,116.36676025390625,271.2147216796875,-1,-1,-1,-1
40,3,119.87559509277344,733.1204223632812,106.77639770507812,263.29486083984375,-1,-1,-1,-1
41,3,158.905517578125,734.2706909179688,105.00564575195312,252.71112060546875,-1,-1,-1,-1
42,3,189.00115966796875,721.489990234375,101.73898315429688,244.66436767578125,-1,-1,-1,-1
43,3,211.64791870117188,709.31298828125,101.23953247070312,240.85040283203125,-1,-1,-1,-1
44,3,241.5055389404297,705.1835327148438,97.41319274902344,232.40130615234375,-1,-1,-1,-1
45,3,272.88104248046875,708.5374755859375,90.65643310546875,229.84967041015625,-1,-1,-1,-1
46,3,299.1534118652344,719.1040649414062,87.72653198242188,225.70947265625,-1,-1,-1,-1
47,3,326.0576171875,731.771728515625,87.070068359375,223.470703125,-1,-1,-1,-1
48,3,353.50445556640625,748.0177001953125,86.16549682617188,219.41400146484375,-1,-1,-1,-1
49,3,382.5627136230469,749.8500366210938,81.5830078125,216.3701171875,-1,-1,-1,-1
50,3,407.2953796386719,766.5050048828125,82.29116821289062,213.19781494140625,-1,-1,-1,-1
51,3,431.73876953125,767.5618286132812,77.52557373046875,210.82879638671875,-1,-1,-1,-1
52,3,453.8964538574219,757.6760864257812,74.64547729492188,204.206787109375,-1,-1,-1,-1
53,3,467.2716979980469,745.29052734375,73.40048217773438,200.560791015625,-1,-1,-1,-1
54,3,481.52264404296875,735.638427734375,72.9755859375,196.8798828125,-1,-1,-1,-1
55,3,491.8114318847656,725.1160278320312,73.86758422851562,196.85589599609375,-1,-1,-1,-1
56,3,507.6647644042969,723.2389526367188,73.11044311523438,194.68353271484375,-1,-1,-1,-1
57,3,520.5362548828125,721.0873413085938,72.897705078125,190.75689697265625,-1,-1,-1,-1
58,3,532.45556640625,726.1222534179688,73.89337158203125,190.6632080078125,-1,-1,-1,-1
59,3,542.270263671875,741.8037109375,77.30810546875,191.4266357421875,-1,-1,-1,-1
60,3,554.6505126953125,751.0551147460938,73.4195556640625,190.57025146484375,-1,-1,-1,-1
61,3,562.1423950195312,766.9368286132812,73.98297119140625,191.06707763671875,-1,-1,-1,-1
62,3,573.7747802734375,764.5338134765625,73.2108154296875,191.36767578125,-1,-1,-1,-1
63,3,585.3162231445312,754.5908813476562,74.65716552734375,191.91131591796875,-1,-1,-1,-1
64,3,586.3268432617188,747.5943603515625,75.8302001953125,187.69219970703125,-1,-1,-1,-1
65,3,586.1901245117188,748.4118041992188,77.35675048828125,187.99090576171875,-1,-1,-1,-1
66,3,581.1206665039062,752.7738647460938,81.2672119140625,191.4818115234375,-1,-1,-1,-1
67,3,575.5820922851562,760.57177734375,85.37420654296875,191.617919921875,-1,-1,-1,-1
68,3,566.6685791015625,776.0753173828125,84.94580078125,194.59857177734375,-1,-1,-1,-1
69,3,553.8279418945312,789.020751953125,88.6197509765625,195.96771240234375,-1,-1,-1,-1
70,3,551.0485229492188,808.501953125,91.99249267578125,201.3121337890625,-1,-1,-1,-1
71,3,547.1513671875,812.8815307617188,92.826416015625,202.79248046875,-1,-1,-1,-1
72,3,549.5632934570312,802.4564819335938,89.93890380859375,198.90704345703125,-1,-1,-1,-1
73,3,557.883544921875,789.7296752929688,87.46942138671875,198.41436767578125,-1,-1,-1,-1
74,3,574.9114379882812,778.3604736328125,85.8775634765625,196.7960205078125,-1,-1,-1,-1
75,3,588.176513671875,784.5267333984375,84.2039794921875,198.45166015625,-1,-1,-1,-1
76,3,598.4050903320312,787.1611328125,77.8446044921875,198.5125732421875,-1,-1,-1,-1
77,3,610.6746826171875,802.205810546875,69.9248046875,201.47808837890625,-1,-1,-1,-1
78,3,620.8143310546875,809.8739624023438,69.5003662109375,203.10467529296875,-1,-1,-1,-1
79,3,632.4498901367188,809.0962524414062,65.5526123046875,201.64959716796875,-1,-1,-1,-1
80,3,644.76318359375,803.3513793945312,64.129638671875,199.782958984375,-1,-1,-1,-1
81,3,651.252197265625,790.1649780273438,68.094970703125,199.91412353515625,-1,-1,-1,-1
82,3,650.6395874023438,780.7091064453125,67.56524658203125,200.4805908203125,-1,-1,-1,-1
83,3,657.3993530273438,774.7208251953125,65.471435546875,194.89935302734375,-1,-1,-1,-1
84,3,664.7990112304688,767.0975341796875,74.1151123046875,187.889892578125,-1,-1,-1,-1
85,3,672.9680786132812,779.271240234375,69.43896484375,174.02203369140625,-1,-1,-1,-1
86,3,685.0064086914062,779.75244140625,71.14532470703125,175.740478515625,-1,-1,-1,-1
87,3,701.3865356445312,766.3719482421875,80.382568359375,196.90228271484375,-1,-1,-1,-1
88,3,711.9873657226562,759.6947021484375,66.7913818359375,174.7921142578125,-1,-1,-1,-1
89,3,710.7074584960938,765.3837890625,54.06121826171875,148.81097412109375,-1,-1,-1,-1
90,3,706.200439453125,757.9599609375,44.21466064453125,144.9537353515625,-1,-1,-1,-1
91,3,692.7056884765625,749.3060913085938,76.37518310546875,173.560791015625,-1,-1,-1,-1
92,3,698.16943359375,778.0204467773438,71.6783447265625,149.0770263671875,-1,-1,-1,-1
93,3,692.0658569335938,751.841796875,119.6068115234375,212.92578125,-1,-1,-1,-1
94,3,720.9947509765625,752.7490234375,102.19647216796875,255.47235107421875,-1,-1,-1,-1
95,3,739.5671997070312,750.8941650390625,80.9022216796875,194.2349853515625,-1,-1,-1,-1
96,3,748.6650390625,747.6923828125,75.15570068359375,180.92291259765625,-1,-1,-1,-1
97,3,760.630859375,744.2251586914062,75.01080322265625,190.2916259765625,-1,-1,-1,-1
98,3,771.9547119140625,732.4017333984375,77.649169921875,195.24359130859375,-1,-1,-1,-1
99,3,785.9089965820312,721.0001220703125,73.3455810546875,194.22412109375,-1,-1,-1,-1
100,3,802.6024169921875,712.7623291015625,68.53662109375,196.4344482421875,-1,-1,-1,-1
101,3,811.8158569335938,707.6773071289062,68.59454345703125,198.59283447265625,-1,-1,-1,-1
102,3,820.5201416015625,710.5516357421875,70.997802734375,199.1522216796875,-1,-1,-1,-1
103,3,835.85009765625,712.833984375,71.396240234375,201.908447265625,-1,-1,-1,-1
104,3,846.0438232421875,714.1673583984375,72.3128662109375,202.24517822265625,-1,-1,-1,-1
105,3,846.7596435546875,715.0301513671875,73.98944091796875,204.4501953125,-1,-1,-1,-1
106,3,855.0580444335938,708.317626953125,71.734130859375,203.83837890625,-1,-1,-1,-1
107,3,868.658935546875,700.3604736328125,72.5623779296875,205.25396728515625,-1,-1,-1,-1
108,3,880.9090576171875,691.7722778320312,74.37347412109375,207.06304931640625,-1,-1,-1,-1
109,3,891.101318359375,686.8685913085938,78.51043701171875,210.8699951171875,-1,-1,-1,-1
110,3,900.4877319335938,684.049560546875,78.0537109375,212.5728759765625,-1,-1,-1,-1
111,3,909.9765625,698.5782470703125,79.80047607421875,215.0272216796875,-1,-1,-1,-1
112,3,926.4573974609375,713.572998046875,80.259765625,218.9114990234375,-1,-1,-1,-1
113,3,949.0401000976562,727.61279296875,82.66851806640625,224.0006103515625,-1,-1,-1,-1
114,3,970.076904296875,738.17138671875,83.026123046875,226.142822265625,-1,-1,-1,-1
115,3,983.9617919921875,746.19384765625,83.8857421875,227.770263671875,-1,-1,-1,-1
116,3,989.2916259765625,737.0509033203125,87.9833984375,229.51251220703125,-1,-1,-1,-1
117,3,996.8721313476562,732.8621826171875,89.76153564453125,230.07666015625,-1,-1,-1,-1
118,3,1002.3619384765625,721.8447265625,85.5869140625,230.9454345703125,-1,-1,-1,-1
119,3,1004.891357421875,717.3560180664062,86.84228515625,230.6661376953125,-1,-1,-1,-1
120,3,1012.32421875,716.2241821289062,88.231689453125,231.2879638671875,-1,-1,-1,-1
121,3,1024.2103881835938,715.5521850585938,89.28411865234375,232.24774169921875,-1,-1,-1,-1
122,3,1033.5848388671875,716.3692626953125,93.43505859375,235.47393798828125,-1,-1,-1,-1
123,3,1046.9266357421875,709.9179077148438,95.7105712890625,236.22735595703125,-1,-1,-1,-1
124,3,1059.087158203125,715.6421508789062,99.2398681640625,238.55645751953125,-1,-1,-1,-1
125,3,1065.5860595703125,730.2869262695312,107.7520751953125,242.10015869140625,-1,-1,-1,-1
126,3,1069.605712890625,731.9227905273438,114.906005859375,243.60711669921875,-1,-1,-1,-1
127,3,1077.320068359375,725.9525756835938,115.94384765625,245.11688232421875,-1,-1,-1,-1
128,3,1099.179931640625,719.0517578125,111.948974609375,248.3128662109375,-1,-1,-1,-1
129,3,1116.280029296875,715.5924682617188,113.633544921875,251.05230712890625,-1,-1,-1,-1
130,3,1130.469482421875,708.1032104492188,111.008056640625,253.43017578125,-1,-1,-1,-1
131,3,1142.809814453125,706.40234375,107.618896484375,254.28619384765625,-1,-1,-1,-1
132,3,1159.3778076171875,706.1409912109375,102.2867431640625,258.711669921875,-1,-1,-1,-1
133,3,1165.603759765625,691.0324096679688,101.5928955078125,257.83038330078125,-1,-1,-1,-1
134,3,1165.582763671875,676.3170776367188,100.9833984375,259.364990234375,-1,-1,-1,-1
135,3,1170.1572265625,675.5458984375,99.3099365234375,259.21923828125,-1,-1,-1,-1
136,3,1169.5032958984375,674.9688110351562,100.9835205078125,259.395751953125,-1,-1,-1,-1
137,3,1164.896728515625,680.16552734375,97.5791015625,256.27301025390625,-1,-1,-1,-1
138,3,1153.692138671875,684.7185668945312,94.4871826171875,254.49517822265625,-1,-1,-1,-1
139,3,1142.8302001953125,684.140869140625,92.9251708984375,251.51617431640625,-1,-1,-1,-1
140,3,1131.4306640625,678.583984375,91.0009765625,247.37725830078125,-1,-1,-1,-1
141,3,1108.7779541015625,673.5570678710938,91.934326171875,243.8232421875,-1,-1,-1,-1
142,3,1092.1182861328125,668.521240234375,91.591064453125,239.0885009765625,-1,-1,-1,-1
143,3,1081.910400390625,681.6167602539062,90.9068603515625,238.65716552734375,-1,-1,-1,-1
144,3,1065.575927734375,689.8682861328125,88.1171875,235.3148193359375,-1,-1,-1,-1
145,3,1054.854736328125,693.3739013671875,92.1541748046875,233.864990234375,-1,-1,-1,-1
146,3,1051.441650390625,690.7095947265625,92.4326171875,231.0616455078125,-1,-1,-1,-1
147,3,1045.2154541015625,687.7415771484375,93.6427001953125,230.6119384765625,-1,-1,-1,-1
148,3,1040.595947265625,694.78515625,90.2197265625,230.438720703125,-1,-1,-1,-1
149,3,1041.7086181640625,702.2855834960938,85.99609375,228.40240478515625,-1,-1,-1,-1
150,3,1038.9866943359375,702.4014282226562,85.5079345703125,228.35443115234375,-1,-1,-1,-1
151,3,1037.3720703125,713.8079833984375,83.4842529296875,228.84735107421875,-1,-1,-1,-1
152,3,1033.5081787109375,722.2647094726562,82.80029296875,229.403564453125,-1,-1,-1,-1
153,3,1030.0653076171875,719.33544921875,81.0318603515625,225.90936279296875,-1,-1,-1,-1
154,3,1026.402099609375,713.1065063476562,80.27001953125,226.8692626953125,-1,-1,-1,-1
155,3,1015.4281616210938,710.6683349609375,81.38006591796875,225.1661376953125,-1,-1,-1,-1
156,3,1005.3235473632812,705.5637817382812,78.52252197265625,223.4267578125,-1,-1,-1,-1
157,3,1000.4410400390625,696.1885375976562,79.52978515625,221.54449462890625,-1,-1,-1,-1
158,3,999.6398315429688,692.0628051757812,80.11480712890625,221.74908447265625,-1,-1,-1,-1
159,3,994.1947021484375,689.8585205078125,81.1572265625,222.60247802734375,-1,-1,-1,-1
160,3,995.1903076171875,678.9092407226562,80.158203125,221.8056640625,-1,-1,-1,-1
161,3,997.552001953125,683.5772094726562,80.61767578125,221.59033203125,-1,-1,-1,-1
162,3,998.6215209960938,700.3821411132812,78.96185302734375,222.52001953125,-1,-1,-1,-1
163,3,990.475341796875,711.8087158203125,78.2723388671875,220.7100830078125,-1,-1,-1,-1
164,3,973.3519287109375,721.2144775390625,75.2723388671875,219.88348388671875,-1,-1,-1,-1
165,3,964.1825561523438,721.5219116210938,75.63775634765625,217.92169189453125,-1,-1,-1,-1
166,3,958.521484375,701.4425048828125,73.1646728515625,215.33489990234375,-1,-1,-1,-1
167,3,945.6079711914062,687.9776000976562,71.718994140625,211.96563720703125,-1,-1,-1,-1
168,3,932.7129516601562,682.5840454101562,73.1539306640625,212.388916015625,-1,-1,-1,-1
169,3,927.6250610351562,681.0701904296875,72.5860595703125,209.19549560546875,-1,-1,-1,-1
170,3,917.4448852539062,681.541015625,72.96795654296875,208.20587158203125,-1,-1,-1,-1
171,3,912.5113525390625,693.7732543945312,72.7900390625,205.47918701171875,-1,-1,-1,-1
172,3,906.260498046875,700.8109741210938,75.0279541015625,206.29461669921875,-1,-1,-1,-1
173,3,901.4219970703125,715.977783203125,74.4967041015625,207.5638427734375,-1,-1,-1,-1
174,3,901.9815673828125,724.79443359375,74.1434326171875,210.322265625,-1,-1,-1,-1
175,3,906.32177734375,730.3133544921875,76.578857421875,210.07440185546875,-1,-1,-1,-1
176,3,907.1627807617188,724.1795654296875,76.73089599609375,212.85528564453125,-1,-1,-1,-1
177,3,909.910888671875,715.403076171875,76.666015625,211.44830322265625,-1,-1,-1,-1
178,3,915.3511962890625,708.7261352539062,76.93682861328125,214.945068359375,-1,-1,-1,-1
179,3,922.6057739257812,709.9246826171875,77.20806884765625,216.169921875,-1,-1,-1,-1
180,3,939.2427978515625,715.8165283203125,77.5404052734375,219.836181640625,-1,-1,-1,-1
181,3,952.3492431640625,709.4222412109375,77.0455322265625,220.23614501953125,-1,-1,-1,-1
182,3,960.5518798828125,696.4563598632812,77.4393310546875,224.13336181640625,-1,-1,-1,-1
183,3,968.3241577148438,679.080078125,76.87420654296875,222.0313720703125,-1,-1,-1,-1
184,3,981.7147216796875,664.8660888671875,78.6888427734375,225.5443115234375,-1,-1,-1,-1
185,3,993.1909790039062,652.1746826171875,79.60125732421875,229.698486328125,-1,-1,-1,-1
186,3,1005.9801635742188,651.01806640625,81.52178955078125,232.45654296875,-1,-1,-1,-1
187,3,980.7714233398438,638.1624755859375,80.72430419921875,230.1839599609375,-1,-1,-1,-1
188,3,941.6439208984375,661.3277587890625,86.291015625,224.3907470703125,-1,-1,-1,-1
189,3,954.3570556640625,664.8915405273438,85.7403564453125,232.4892578125,-1,-1,-1,-1
190,3,961.7113647460938,638.35498046875,92.44927978515625,237.5430908203125,-1,-1,-1,-1
191,3,968.1102294921875,644.3285522460938,102.9476318359375,243.30596923828125,-1,-1,-1,-1
192,3,960.6600341796875,641.8477172851562,113.4222412109375,249.068115234375,-1,-1,-1,-1
193,3,968.7305908203125,667.7890625,134.07470703125,257.27166748046875,-1,-1,-1,-1
194,3,1005.67333984375,685.8099365234375,144.3656005859375,263.343017578125,-1,-1,-1,-1
195,3,1015.3510131835938,622.7788696289062,152.77081298828125,261.61456298828125,-1,-1,-1,-1
196,3,992.0944213867188,648.273681640625,141.02874755859375,266.3243408203125,-1,-1,-1,-1
197,3,1003.7119750976562,679.180419921875,131.79412841796875,269.4271240234375,-1,-1,-1,-1
198,3,1019.8919677734375,665.0051879882812,132.2274169921875,272.71856689453125,-1,-1,-1,-1
199,3,1034.588134765625,641.79443359375,128.4559326171875,271.69915771484375,-1,-1,-1,-1
200,3,1034.9173583984375,625.1371459960938,122.9083251953125,270.935546875,-1,-1,-1,-1
201,3,1030.7127685546875,603.0189208984375,118.2994384765625,267.3505859375,-1,-1,-1,-1
202,3,1021.37353515625,590.653076171875,115.1353759765625,263.7257080078125,-1,-1,-1,-1
203,3,1010.4752197265625,591.1310424804688,111.378173828125,261.2393798828125,-1,-1,-1,-1
204,3,991.5245971679688,607.8109741210938,112.98358154296875,255.30084228515625,-1,-1,-1,-1
205,3,971.5768432617188,609.2803344726562,114.90887451171875,254.09747314453125,-1,-1,-1,-1
206,3,954.92236328125,633.7485961914062,112.9210205078125,252.0682373046875,-1,-1,-1,-1
207,3,954.7027587890625,657.4326782226562,113.07275390625,255.9537353515625,-1,-1,-1,-1
208,3,966.798583984375,686.0033569335938,109.858154296875,263.65960693359375,-1,-1,-1,-1
209,3,978.874755859375,697.928466796875,101.773193359375,268.30706787109375,-1,-1,-1,-1
210,3,985.1651611328125,711.5462646484375,101.3023681640625,272.77032470703125,-1,-1,-1,-1
211,3,989.7398681640625,697.7190551757812,97.4154052734375,273.453125,-1,-1,-1,-1
212,3,988.8411865234375,695.1627807617188,95.2010498046875,276.02197265625,-1,-1,-1,-1
213,3,997.3983154296875,698.4736328125,97.13134765625,278.660888671875,-1,-1,-1,-1
214,3,1012.0421142578125,699.1934814453125,98.22705078125,282.08160400390625,-1,-1,-1,-1
215,3,1019.5216674804688,718.7218017578125,98.90191650390625,285.68963623046875,-1,-1,-1,-1
216,3,1026.013427734375,740.2569580078125,100.2283935546875,293.3409423828125,-1,-1,-1,-1
217,3,1024.7936401367188,746.4954833984375,101.92608642578125,294.1405029296875,-1,-1,-1,-1
218,3,1018.9204711914062,725.6368408203125,99.24200439453125,290.5955810546875,-1,-1,-1,-1
219,3,1007.0411376953125,711.4112548828125,99.47509765625,287.33465576171875,-1,-1,-1,-1
220,3,1003.2311401367188,701.0990600585938,99.95709228515625,282.07440185546875,-1,-1,-1,-1
221,3,1002.1043701171875,693.465087890625,99.324951171875,280.2037353515625,-1,-1,-1,-1
222,3,989.4524536132812,696.4588012695312,101.02105712890625,275.60675048828125,-1,-1,-1,-1
223,3,979.797607421875,698.4685668945312,101.6314697265625,273.09808349609375,-1,-1,-1,-1
224,3,981.1559448242188,696.8932495117188,97.68304443359375,271.3145751953125,-1,-1,-1,-1
225,3,980.6947021484375,698.058349609375,95.952880859375,269.991455078125,-1,-1,-1,-1
226,3,978.9840087890625,685.4671020507812,93.2255859375,264.44696044921875,-1,-1,-1,-1
227,3,971.5770263671875,693.669189453125,91.495361328125,261.3974609375,-1,-1,-1,-1
228,3,969.205078125,709.8287963867188,90.097412109375,261.6314697265625,-1,-1,-1,-1
229,3,974.98876953125,706.3906860351562,90.387451171875,260.5531005859375,-1,-1,-1,-1
230,3,983.1798706054688,707.9771118164062,91.80938720703125,261.40185546875,-1,-1,-1,-1
231,3,993.9330444335938,713.8817749023438,92.16827392578125,261.38153076171875,-1,-1,-1,-1
232,3,999.64404296875,713.7430419921875,93.2606201171875,263.48486328125,-1,-1,-1,-1
233,3,1000.2628784179688,705.9884643554688,93.35223388671875,263.536376953125,-1,-1,-1,-1
234,3,996.8363647460938,694.7612915039062,91.95758056640625,261.29241943359375,-1,-1,-1,-1
235,3,989.6404418945312,691.3272094726562,88.25408935546875,258.0614013671875,-1,-1,-1,-1
236,3,983.5008544921875,688.4959716796875,89.9949951171875,260.211181640625,-1,-1,-1,-1
237,3,979.957763671875,676.0576782226562,93.51806640625,262.22564697265625,-1,-1,-1,-1
238,3,998.8002319335938,692.1284790039062,95.48858642578125,266.704345703125,-1,-1,-1,-1
239,3,1029.0325927734375,695.7421875,98.001220703125,275.6993408203125,-1,-1,-1,-1
240,3,1055.2003173828125,680.588623046875,104.2364501953125,280.8197021484375,-1,-1,-1,-1
241,3,1068.4376220703125,691.090087890625,113.5977783203125,287.28460693359375,-1,-1,-1,-1
242,3,1083.5489501953125,691.9602661132812,119.90087890625,296.047607421875,-1,-1,-1,-1
243,3,1091.8779296875,686.7329711914062,124.90380859375,300.7486572265625,-1,-1,-1,-1
244,3,1110.182373046875,685.0252685546875,127.119384765625,308.8240966796875,-1,-1,-1,-1
245,3,1123.4207763671875,687.8631591796875,128.05810546875,316.5736083984375,-1,-1,-1,-1
246,3,1174.4344482421875,696.4951171875,143.427490234375,329.94677734375,-1,-1,-1,-1
247,3,1223.60400390625,649.225341796875,155.7650146484375,341.8057861328125,-1,-1,-1,-1
248,3,1171.9097900390625,557.8920288085938,162.437744140625,331.125732421875,-1,-1,-1,-1
249,3,1180.70361328125,510.8692932128906,200.578857421875,330.6324157714844,-1,-1,-1,-1
250,3,1006.5744018554688,531.4275512695312,271.27227783203125,340.56634521484375,-1,-1,-1,-1
251,3,746.355224609375,551.9993286132812,377.4366455078125,315.23681640625,-1,-1,-1,-1
84,4,416.8367919921875,783.8302001953125,50.72979736328125,100.3482666015625,-1,-1,-1,-1
85,4,423.5130310058594,797.2803344726562,53.74481201171875,108.25787353515625,-1,-1,-1,-1
86,4,436.1186828613281,797.4848022460938,52.083892822265625,106.9046630859375,-1,-1,-1,-1
87,4,450.59027099609375,790.2625732421875,50.3162841796875,105.65478515625,-1,-1,-1,-1
88,4,458.1068115234375,777.9910888671875,46.8798828125,100.2967529296875,-1,-1,-1,-1
89,4,452.7840576171875,777.4591064453125,47.79364013671875,99.49810791015625,-1,-1,-1,-1
90,4,448.647216796875,773.1146240234375,47.6165771484375,103.76025390625,-1,-1,-1,-1
91,4,448.882080078125,771.8275756835938,46.543853759765625,101.4874267578125,-1,-1,-1,-1
92,4,450.998779296875,775.1029052734375,45.533599853515625,99.7322998046875,-1,-1,-1,-1
93,4,449.9086608886719,785.774169921875,51.655548095703125,100.5634765625,-1,-1,-1,-1
94,4,458.4874267578125,798.1168823242188,47.83392333984375,103.1639404296875,-1,-1,-1,-1
95,4,460.05303955078125,788.7188110351562,50.15020751953125,110.97802734375,-1,-1,-1,-1
96,4,463.742431640625,788.3004760742188,50.66107177734375,112.20745849609375,-1,-1,-1,-1
97,4,473.4140930175781,781.5770874023438,56.762786865234375,118.78204345703125,-1,-1,-1,-1
98,4,488.9645690917969,765.087158203125,50.982208251953125,113.31146240234375,-1,-1,-1,-1
99,4,498.9021911621094,751.4765014648438,48.036956787109375,108.92303466796875,-1,-1,-1,-1
100,4,516.1408081054688,744.0733032226562,43.821044921875,97.38543701171875,-1,-1,-1,-1
101,4,521.5794067382812,739.9501953125,49.64276123046875,105.81036376953125,-1,-1,-1,-1
102,4,531.0005493164062,746.69091796875,45.6649169921875,101.85906982421875,-1,-1,-1,-1
103,4,546.263427734375,753.1019897460938,45.6728515625,105.82415771484375,-1,-1,-1,-1
104,4,557.5327758789062,759.6443481445312,45.776123046875,103.41082763671875,-1,-1,-1,-1
105,4,558.2985229492188,760.91259765625,44.59716796875,102.542724609375,-1,-1,-1,-1
106,4,562.69140625,752.4862670898438,43.15264892578125,97.73944091796875,-1,-1,-1,-1
107,4,578.138916015625,738.9291381835938,50.85272216796875,111.62371826171875,-1,-1,-1,-1
108,4,590.7559814453125,733.5908203125,55.18133544921875,113.4482421875,-1,-1,-1,-1
109,4,608.1902465820312,730.4417114257812,53.26275634765625,104.804443359375,-1,-1,-1,-1
110,4,618.1993408203125,732.9418334960938,42.4229736328125,92.52630615234375,-1,-1,-1,-1
111,4,630.4447021484375,748.838134765625,42.50274658203125,92.393310546875,-1,-1,-1,-1
112,4,646.9605102539062,753.7538452148438,40.84173583984375,92.5574951171875,-1,-1,-1,-1
113,4,671.7076416015625,758.8760375976562,38.098388671875,92.46954345703125,-1,-1,-1,-1
114,4,690.4257202148438,762.5232543945312,39.9578857421875,96.77618408203125,-1,-1,-1,-1
115,4,703.5316772460938,764.9671630859375,38.65167236328125,94.72222900390625,-1,-1,-1,-1
116,4,711.016357421875,759.0875244140625,38.9508056640625,96.08544921875,-1,-1,-1,-1
117,4,719.2754516601562,755.082275390625,40.8392333984375,95.74505615234375,-1,-1,-1,-1
118,4,719.16455078125,745.6519775390625,46.87872314453125,109.552001953125,-1,-1,-1,-1
119,4,730.6876831054688,743.7603149414062,38.17047119140625,94.88336181640625,-1,-1,-1,-1
120,4,737.4154052734375,742.9183959960938,37.1207275390625,90.21307373046875,-1,-1,-1,-1
121,4,747.9828491210938,747.6525268554688,38.23223876953125,90.9488525390625,-1,-1,-1,-1
122,4,759.4002685546875,753.493408203125,42.44775390625,94.2318115234375,-1,-1,-1,-1
123,4,768.6486206054688,748.3052978515625,44.48974609375,105.11358642578125,-1,-1,-1,-1
124,4,773.127197265625,755.412353515625,53.43634033203125,113.3060302734375,-1,-1,-1,-1
125,4,785.7971801757812,768.515625,46.720947265625,99.260986328125,-1,-1,-1,-1
126,4,790.613037109375,765.997802734375,40.33453369140625,97.9530029296875,-1,-1,-1,-1
127,4,801.9706420898438,755.6178588867188,42.2808837890625,92.09747314453125,-1,-1,-1,-1
128,4,813.0634765625,747.6031494140625,45.3262939453125,90.6470947265625,-1,-1,-1,-1
129,4,828.5679931640625,744.2507934570312,42.22662353515625,86.35943603515625,-1,-1,-1,-1
130,4,838.2281494140625,740.0087890625,40.10992431640625,76.58856201171875,-1,-1,-1,-1
131,4,847.0672607421875,739.2196044921875,39.5496826171875,77.6988525390625,-1,-1,-1,-1
132,4,857.3382568359375,741.5021362304688,40.66131591796875,77.58673095703125,-1,-1,-1,-1
133,4,859.8822021484375,726.498046875,40.0205078125,85.7254638671875,-1,-1,-1,-1
134,4,857.4857177734375,712.5269775390625,40.141845703125,89.98828125,-1,-1,-1,-1
135,4,858.1609497070312,710.5508422851562,40.9542236328125,85.7974853515625,-1,-1,-1,-1
136,4,856.5762939453125,710.9189453125,39.52935791015625,92.069091796875,-1,-1,-1,-1
137,4,848.0935668945312,716.943603515625,39.98675537109375,92.74853515625,-1,-1,-1,-1
138,4,834.1500244140625,725.5943603515625,47.015380859375,111.92095947265625,-1,-1,-1,-1
139,4,823.9422607421875,730.370361328125,43.70477294921875,108.50982666015625,-1,-1,-1,-1
140,4,809.0285034179688,734.9837646484375,44.26385498046875,103.6724853515625,-1,-1,-1,-1
141,4,786.348876953125,736.0029296875,49.55889892578125,113.98486328125,-1,-1,-1,-1
142,4,771.9524536132812,734.19287109375,51.1025390625,97.98602294921875,-1,-1,-1,-1
143,4,755.6328735351562,737.8303833007812,60.60540771484375,118.14288330078125,-1,-1,-1,-1
144,4,718.9961547851562,707.37353515625,94.2000732421875,197.031982421875,-1,-1,-1,-1
145,4,700.8207397460938,698.658935546875,116.0137939453125,247.19580078125,-1,-1,-1,-1
149,4,708.3479614257812,698.3435668945312,119.78875732421875,281.788818359375,-1,-1,-1,-1
150,4,701.4942016601562,694.864990234375,127.30865478515625,313.734130859375,-1,-1,-1,-1
151,4,698.544921875,708.6482543945312,115.8701171875,315.84844970703125,-1,-1,-1,-1
152,4,693.6359252929688,749.8560791015625,100.63128662109375,235.72283935546875,-1,-1,-1,-1
153,4,689.9944458007812,762.4093017578125,56.0338134765625,127.53857421875,-1,-1,-1,-1
154,4,692.7671508789062,756.6683959960938,49.98187255859375,98.96661376953125,-1,-1,-1,-1
155,4,682.71630859375,762.412109375,39.4034423828125,86.61456298828125,-1,-1,-1,-1
156,4,670.5148315429688,755.20068359375,44.09014892578125,99.84173583984375,-1,-1,-1,-1
157,4,665.8926391601562,744.3414916992188,45.44720458984375,103.259765625,-1,-1,-1,-1
158,4,662.07421875,735.3681030273438,60.79486083984375,110.35394287109375,-1,-1,-1,-1
159,4,659.203369140625,731.8733520507812,44.2432861328125,103.9625244140625,-1,-1,-1,-1
160,4,658.9537963867188,719.8739013671875,42.38421630859375,95.58917236328125,-1,-1,-1,-1
161,4,659.1408081054688,723.3631591796875,44.14215087890625,98.04949951171875,-1,-1,-1,-1
162,4,657.977783203125,742.5067138671875,45.06549072265625,100.8826904296875,-1,-1,-1,-1
163,4,647.1524658203125,754.9475708007812,43.82281494140625,95.80010986328125,-1,-1,-1,-1
164,4,631.8536987304688,769.0909423828125,45.70391845703125,98.681884765625,-1,-1,-1,-1
165,4,622.9955444335938,774.3092651367188,41.06658935546875,91.73388671875,-1,-1,-1,-1
166,4,618.2799682617188,755.3215942382812,41.8963623046875,99.10943603515625,-1,-1,-1,-1
167,4,606.5377197265625,739.8545532226562,42.69000244140625,102.01617431640625,-1,-1,-1,-1
168,4,596.5969848632812,733.553466796875,40.03375244140625,95.807861328125,-1,-1,-1,-1
169,4,590.0006713867188,730.886962890625,40.42913818359375,95.9595947265625,-1,-1,-1,-1
170,4,581.94970703125,730.66845703125,41.32257080078125,96.1243896484375,-1,-1,-1,-1
171,4,575.2835693359375,743.06298828125,40.11798095703125,94.99835205078125,-1,-1,-1,-1
172,4,571.746826171875,755.3602294921875,40.3486328125,90.63214111328125,-1,-1,-1,-1
173,4,565.4110107421875,769.4511108398438,38.8284912109375,91.9854736328125,-1,-1,-1,-1
174,4,562.521240234375,775.0048217773438,37.97283935546875,96.22967529296875,-1,-1,-1,-1
175,4,568.7236328125,777.9712524414062,41.6700439453125,98.62469482421875,-1,-1,-1,-1
176,4,570.9348754882812,771.7765502929688,39.98175048828125,96.56768798828125,-1,-1,-1,-1
177,4,573.3099365234375,761.9852294921875,39.757568359375,97.1376953125,-1,-1,-1,-1
178,4,579.0460205078125,756.1422119140625,38.9962158203125,90.46295166015625,-1,-1,-1,-1
179,4,585.736083984375,760.9429931640625,39.76629638671875,97.14642333984375,-1,-1,-1,-1
180,4,600.7320556640625,761.0621337890625,39.918701171875,96.673583984375,-1,-1,-1,-1
181,4,612.468505859375,744.5899658203125,40.5614013671875,94.8441162109375,-1,-1,-1,-1
182,4,617.7598876953125,724.8828735351562,41.7916259765625,93.8492431640625,-1,-1,-1,-1
183,4,627.6242065429688,705.8096313476562,41.21893310546875,92.06182861328125,-1,-1,-1,-1
184,4,638.9099731445312,690.9072875976562,45.14239501953125,93.65875244140625,-1,-1,-1,-1
185,4,646.0172729492188,673.0910034179688,45.7486572265625,99.08795166015625,-1,-1,-1,-1
186,4,658.4846801757812,671.0791015625,44.2677001953125,97.19610595703125,-1,-1,-1,-1
187,4,631.3970336914062,674.7826538085938,44.310791015625,99.30206298828125,-1,-1,-1,-1
188,4,600.6993408203125,717.6661376953125,42.02362060546875,94.4696044921875,-1,-1,-1,-1
189,4,606.6150512695312,709.6491088867188,48.60894775390625,105.10235595703125,-1,-1,-1,-1
190,4,608.5005493164062,699.304931640625,45.781005859375,91.8902587890625,-1,-1,-1,-1
191,4,611.6522216796875,708.1104736328125,53.03216552734375,107.03125,-1,-1,-1,-1
192,4,602.4764404296875,716.9249267578125,49.89874267578125,101.4609375,-1,-1,-1,-1
193,4,610.535888671875,759.235595703125,58.09295654296875,117.830078125,-1,-1,-1,-1
194,4,630.8564453125,789.0859985351562,58.92181396484375,110.27435302734375,-1,-1,-1,-1
195,4,643.0494995117188,751.29052734375,57.699951171875,108.27099609375,-1,-1,-1,-1
196,4,615.5215454101562,756.6284790039062,61.839599609375,109.90447998046875,-1,-1,-1,-1
197,4,621.079833984375,766.39990234375,60.8192138671875,108.44036865234375,-1,-1,-1,-1
198,4,638.1869506835938,754.0660400390625,55.20745849609375,110.0189208984375,-1,-1,-1,-1
199,4,649.59326171875,726.443603515625,57.011474609375,113.802001953125,-1,-1,-1,-1
200,4,651.555908203125,705.4634399414062,52.13201904296875,107.14990234375,-1,-1,-1,-1
201,4,648.1574096679688,688.5286865234375,55.7822265625,110.93084716796875,-1,-1,-1,-1
202,4,642.3988647460938,679.2554931640625,55.322998046875,111.30450439453125,-1,-1,-1,-1
203,4,631.8324584960938,680.304931640625,54.76898193359375,110.31512451171875,-1,-1,-1,-1
204,4,616.4193115234375,698.0184936523438,53.69287109375,105.8831787109375,-1,-1,-1,-1
205,4,600.1671752929688,709.52001953125,53.98358154296875,105.846435546875,-1,-1,-1,-1
206,4,581.850341796875,734.59033203125,59.44329833984375,109.77880859375,-1,-1,-1,-1
207,4,577.1119384765625,758.2129516601562,58.84039306640625,109.601318359375,-1,-1,-1,-1
208,4,586.0150756835938,768.8662719726562,50.37347412109375,111.2861328125,-1,-1,-1,-1
209,4,589.495361328125,765.0626220703125,50.1639404296875,113.22412109375,-1,-1,-1,-1
210,4,591.6593627929688,773.0289306640625,47.09149169921875,100.2877197265625,-1,-1,-1,-1
211,4,590.7919311523438,751.1657104492188,45.81927490234375,112.02960205078125,-1,-1,-1,-1
212,4,584.9515380859375,739.7630615234375,49.35650634765625,111.87548828125,-1,-1,-1,-1
213,4,594.4569702148438,743.96728515625,45.32501220703125,95.10791015625,-1,-1,-1,-1
214,4,603.4884033203125,747.726318359375,43.4517822265625,93.3837890625,-1,-1,-1,-1
215,4,602.938232421875,768.1618041992188,44.957763671875,106.74273681640625,-1,-1,-1,-1
216,4,602.7817993164062,796.5249633789062,46.19671630859375,104.99139404296875,-1,-1,-1,-1
217,4,603.0821533203125,802.161376953125,45.8785400390625,102.853759765625,-1,-1,-1,-1
218,4,602.7825927734375,776.67822265625,42.86474609375,106.87823486328125,-1,-1,-1,-1
219,4,594.8568115234375,757.8245239257812,44.37786865234375,106.68804931640625,-1,-1,-1,-1
220,4,595.9447021484375,744.0286865234375,43.5909423828125,99.7041015625,-1,-1,-1,-1
221,4,593.3014526367188,735.586181640625,43.58135986328125,101.8404541015625,-1,-1,-1,-1
222,4,589.4400634765625,732.2899169921875,43.45379638671875,106.080078125,-1,-1,-1,-1
223,4,587.242431640625,731.931640625,44.782958984375,102.79248046875,-1,-1,-1,-1
224,4,586.610107421875,735.1016235351562,46.23516845703125,102.704833984375,-1,-1,-1,-1
225,4,584.2921142578125,741.87744140625,51.818115234375,114.07794189453125,-1,-1,-1,-1
226,4,583.7274780273438,737.0559692382812,53.71160888671875,119.21185302734375,-1,-1,-1,-1
227,4,582.2711181640625,748.0494995117188,51.97412109375,103.4442138671875,-1,-1,-1,-1
228,4,581.5797729492188,758.266845703125,47.534423828125,105.060546875,-1,-1,-1,-1
229,4,587.8980102539062,755.633056640625,45.80364990234375,105.1978759765625,-1,-1,-1,-1
230,4,594.3809204101562,752.7412109375,50.29498291015625,111.68328857421875,-1,-1,-1,-1
231,4,606.66748046875,753.2498168945312,42.86004638671875,102.74609375,-1,-1,-1,-1
232,4,611.7952880859375,752.41162109375,46.072021484375,105.353515625,-1,-1,-1,-1
233,4,612.8260498046875,744.8233032226562,47.53314208984375,106.08111572265625,-1,-1,-1,-1
234,4,609.0006713867188,742.4379272460938,46.52783203125,105.91326904296875,-1,-1,-1,-1
235,4,602.6070556640625,757.5941772460938,45.0302734375,102.46697998046875,-1,-1,-1,-1
236,4,595.5961303710938,767.4638671875,52.62103271484375,112.6798095703125,-1,-1,-1,-1
237,4,594.4951782226562,766.396728515625,56.0010986328125,115.08221435546875,-1,-1,-1,-1
238,4,616.1107788085938,770.25244140625,49.9921875,108.1534423828125,-1,-1,-1,-1
239,4,641.0376586914062,753.677978515625,49.67303466796875,112.20294189453125,-1,-1,-1,-1
240,4,670.358154296875,724.16650390625,46.28192138671875,98.80645751953125,-1,-1,-1,-1
241,4,690.092041015625,723.2572021484375,41.355712890625,96.42315673828125,-1,-1,-1,-1
242,4,703.4021606445312,721.053466796875,49.2646484375,115.3260498046875,-1,-1,-1,-1
243,4,714.9539184570312,718.577880859375,46.61163330078125,119.32635498046875,-1,-1,-1,-1
244,4,729.1679077148438,722.2503662109375,46.72998046875,115.78662109375,-1,-1,-1,-1
245,4,744.5513916015625,728.03369140625,42.2738037109375,100.979736328125,-1,-1,-1,-1
246,4,794.877197265625,727.9248046875,48.25537109375,95.0164794921875,-1,-1,-1,-1
247,4,844.1873779296875,682.4166259765625,49.1907958984375,99.5711669921875,-1,-1,-1,-1
248,4,811.635009765625,587.5663452148438,60.35308837890625,122.43511962890625,-1,-1,-1,-1
249,4,782.73876953125,510.24578857421875,91.4259033203125,125.8817138671875,-1,-1,-1,-1
188,5,553.0780639648438,624.6663208007812,34.20098876953125,82.16864013671875,-1,-1,-1,-1
189,5,567.0808715820312,615.510009765625,33.9342041015625,81.7041015625,-1,-1,-1,-1
190,5,570.3580932617188,599.31396484375,33.3955078125,79.192138671875,-1,-1,-1,-1
191,5,575.1887817382812,608.6712646484375,32.43756103515625,90.65789794921875,-1,-1,-1,-1
192,5,566.2632446289062,621.2314453125,30.27447509765625,87.400146484375,-1,-1,-1,-1
193,5,580.7817993164062,684.2796020507812,64.1240234375,102.1123046875,-1,-1,-1,-1
192,6,811.1988525390625,981.2706298828125,241.9713134765625,343.7305908203125,-1,-1,-1,-1
193,6,754.5315551757812,870.19970703125,626.8167114257812,527.8245849609375,-1,-1,-1,-1
194,6,695.6688842773438,781.3966064453125,704.3013305664062,633.1903076171875,-1,-1,-1,-1
195,6,760.1143798828125,824.0839233398438,629.9183349609375,562.2140502929688,-1,-1,-1,-1
196,6,705.569091796875,939.8153076171875,690.8485107421875,463.532470703125,-1,-1,-1,-1
213,7,626.7897338867188,638.6531372070312,39.77880859375,93.17071533203125,-1,-1,-1,-1
214,7,637.2189331054688,640.8670654296875,39.78167724609375,94.3673095703125,-1,-1,-1,-1
215,7,647.8854370117188,662.9876708984375,36.3790283203125,92.23712158203125,-1,-1,-1,-1
216,7,651.7353515625,689.69677734375,36.6317138671875,90.445068359375,-1,-1,-1,-1
217,7,654.12841796875,694.6790161132812,37.71221923828125,93.404296875,-1,-1,-1,-1
218,7,654.47119140625,669.9065551757812,35.289306640625,90.71417236328125,-1,-1,-1,-1
219,7,650.966064453125,651.3590087890625,34.74322509765625,91.66656494140625,-1,-1,-1,-1
220,7,652.917236328125,637.25048828125,35.3260498046875,88.03485107421875,-1,-1,-1,-1
221,7,655.3359375,629.12890625,34.896728515625,87.26727294921875,-1,-1,-1,-1
222,7,655.2884521484375,627.2448120117188,33.953125,87.71868896484375,-1,-1,-1,-1
223,7,656.4777221679688,628.8164672851562,33.0499267578125,83.35467529296875,-1,-1,-1,-1
224,7,662.2181396484375,632.67919921875,31.74853515625,83.1514892578125,-1,-1,-1,-1
225,7,665.6620483398438,639.8951416015625,32.62811279296875,85.84088134765625,-1,-1,-1,-1
226,7,665.6142578125,634.6196899414062,32.74066162109375,87.4649658203125,-1,-1,-1,-1
227,7,663.8792724609375,643.2153930664062,31.735595703125,82.979736328125,-1,-1,-1,-1
228,7,666.2186279296875,653.6702880859375,30.07843017578125,79.21868896484375,-1,-1,-1,-1
229,7,646.3282470703125,672.30126953125,54.266357421875,86.5526123046875,-1,-1,-1,-1
230,7,649.866455078125,759.2623901367188,38.2984619140625,85.9146728515625,-1,-1,-1,-1
231,7,659.9677734375,767.1972045898438,37.365234375,73.73651123046875,-1,-1,-1,-1
232,7,663.14892578125,761.2446899414062,42.71240234375,81.78204345703125,-1,-1,-1,-1
233,7,662.43505859375,753.957275390625,47.60198974609375,93.0345458984375,-1,-1,-1,-1
234,7,660.7813720703125,751.2574462890625,44.53717041015625,91.3995361328125,-1,-1,-1,-1
235,7,650.3153686523438,764.1952514648438,45.54901123046875,82.43011474609375,-1,-1,-1,-1
236,7,642.5265502929688,773.6982421875,52.47161865234375,89.72607421875,-1,-1,-1,-1
237,7,632.1212768554688,765.232421875,76.72344970703125,121.0948486328125,-1,-1,-1,-1
238,7,645.52099609375,771.0531005859375,85.11614990234375,139.49017333984375,-1,-1,-1,-1
239,7,681.1832885742188,732.9703369140625,97.66290283203125,166.0013427734375,-1,-1,-1,-1
240,7,716.027099609375,711.710205078125,83.465087890625,145.9364013671875,-1,-1,-1,-1
241,7,734.0352172851562,729.342041015625,57.44415283203125,108.23406982421875,-1,-1,-1,-1
242,7,745.20361328125,738.9219970703125,54.9176025390625,109.574462890625,-1,-1,-1,-1
243,7,746.671630859375,738.3637084960938,60.88079833984375,111.83221435546875,-1,-1,-1,-1
244,7,729.3438110351562,725.9188842773438,50.614990234375,120.63641357421875,-1,-1,-1,-1
276,8,884.0001220703125,1266.4822998046875,102.4720458984375,142.9365234375,-1,-1,-1,-1
277,8,865.9195556640625,1207.550537109375,81.2799072265625,194.388671875,-1,-1,-1,-1
278,8,827.681396484375,1179.11669921875,164.76580810546875,228.4033203125,-1,-1,-1,-1
279,8,833.6392211914062,1211.256591796875,128.95184326171875,192.51220703125,-1,-1,-1,-1
280,8,852.3140869140625,1299.507080078125,71.9561767578125,108.326171875,-1,-1,-1,-1
281,8,854.897216796875,1362.723876953125,70.7498779296875,48.166259765625,-1,-1,-1,-1
282,8,925.4075927734375,1299.403564453125,183.291748046875,104.5216064453125,-1,-1,-1,-1
286,9,-0.23421859741210938,549.6455688476562,120.40737915039062,405.51165771484375,-1,-1,-1,-1
287,9,2.697202682495117,498.06005859375,187.63824462890625,419.308349609375,-1,-1,-1,-1
288,9,71.81633758544922,489.981689453125,197.0184326171875,402.999755859375,-1,-1,-1,-1
289,9,168.6576385498047,494.2756652832031,183.5448455810547,384.6495666503906,-1,-1,-1,-1
290,9,266.3890380859375,509.31646728515625,159.34490966796875,364.63446044921875,-1,-1,-1,-1
291,9,340.5866394042969,519.2158203125,132.54278564453125,350.17822265625,-1,-1,-1,-1
292,9,391.6299133300781,511.4049987792969,121.13583374023438,342.9818420410156,-1,-1,-1,-1
293,9,434.9097595214844,500.3629150390625,112.98385620117188,338.71917724609375,-1,-1,-1,-1
294,9,478.12481689453125,499.3094482421875,110.44183349609375,333.76531982421875,-1,-1,-1,-1
295,9,516.9417114257812,509.69940185546875,107.63555908203125,332.077392578125,-1,-1,-1,-1
296,9,545.4395141601562,526.3936157226562,106.2645263671875,330.43316650390625,-1,-1,-1,-1
297,9,564.0911865234375,542.0460205078125,111.84051513671875,324.62939453125,-1,-1,-1,-1
298,9,584.0215454101562,570.6890258789062,106.32501220703125,316.22088623046875,-1,-1,-1,-1
299,9,604.5925903320312,606.399658203125,104.08929443359375,317.47607421875,-1,-1,-1,-1
300,9,619.343994140625,635.9400024414062,103.35833740234375,320.8321533203125,-1,-1,-1,-1
301,9,629.91650390625,642.9508666992188,99.86309814453125,325.19989013671875,-1,-1,-1,-1
302,9,633.2845458984375,660.377197265625,100.41937255859375,325.96966552734375,-1,-1,-1,-1
303,9,645.4268798828125,675.9474487304688,101.04931640625,327.7418212890625,-1,-1,-1,-1
304,9,647.77587890625,683.8204956054688,104.50732421875,327.84771728515625,-1,-1,-1,-1
305,9,657.3883666992188,699.6542358398438,100.00335693359375,325.158935546875,-1,-1,-1,-1
306,9,671.0772705078125,707.7127685546875,97.451904296875,331.342529296875,-1,-1,-1,-1
307,9,667.8629150390625,721.4682006835938,102.75823974609375,335.65753173828125,-1,-1,-1,-1
308,9,666.5546875,734.9312744140625,103.87896728515625,340.2724609375,-1,-1,-1,-1
309,9,670.85498046875,738.6887817382812,111.8353271484375,346.96173095703125,-1,-1,-1,-1
310,9,685.4747924804688,736.7081909179688,111.423583984375,350.02813720703125,-1,-1,-1,-1
311,9,699.8533325195312,736.1925659179688,110.86053466796875,352.26165771484375,-1,-1,-1,-1
312,9,701.318603515625,738.7286987304688,118.993896484375,355.68316650390625,-1,-1,-1,-1
313,9,703.2162475585938,744.1690673828125,121.41217041015625,357.2808837890625,-1,-1,-1,-1
314,9,703.9771118164062,758.337158203125,123.84173583984375,363.836669921875,-1,-1,-1,-1
315,9,709.2117919921875,774.6516723632812,122.5523681640625,375.77288818359375,-1,-1,-1,-1
316,9,708.4786376953125,793.4724731445312,125.22967529296875,399.07159423828125,-1,-1,-1,-1
317,9,713.230712890625,793.09765625,121.052001953125,420.7689208984375,-1,-1,-1,-1
318,9,708.2259521484375,789.43896484375,126.84136962890625,432.9549560546875,-1,-1,-1,-1
319,9,709.168701171875,781.0213623046875,128.72918701171875,439.5177001953125,-1,-1,-1,-1
320,9,703.441162109375,776.2753295898438,133.6307373046875,451.56793212890625,-1,-1,-1,-1
321,9,696.7339477539062,775.3130493164062,137.6173095703125,460.68963623046875,-1,-1,-1,-1
322,9,696.0228271484375,770.4664916992188,141.44134521484375,464.56951904296875,-1,-1,-1,-1
323,9,698.0070190429688,772.4603271484375,147.25372314453125,470.4647216796875,-1,-1,-1,-1
324,9,697.0964965820312,768.86767578125,167.92236328125,474.0859375,-1,-1,-1,-1
325,9,706.768798828125,780.9526977539062,165.1295166015625,477.70611572265625,-1,-1,-1,-1
326,9,701.944091796875,785.6607666015625,158.12884521484375,481.049072265625,-1,-1,-1,-1
327,9,702.0322875976562,786.4964599609375,162.74261474609375,482.3919677734375,-1,-1,-1,-1
328,9,696.7034912109375,778.8773193359375,169.70648193359375,487.936767578125,-1,-1,-1,-1
329,9,694.2403564453125,768.9891967773438,167.41680908203125,497.63079833984375,-1,-1,-1,-1
330,9,697.5914306640625,759.5687255859375,158.44403076171875,512.1942138671875,-1,-1,-1,-1
331,9,698.989990234375,752.2157592773438,152.30743408203125,521.3978881835938,-1,-1,-1,-1
332,9,706.5728149414062,755.6258544921875,151.98394775390625,529.3966064453125,-1,-1,-1,-1
333,9,708.678955078125,775.0079956054688,153.55181884765625,535.2714233398438,-1,-1,-1,-1
334,9,709.2373657226562,781.7144775390625,157.09088134765625,534.637451171875,-1,-1,-1,-1
335,9,707.9427490234375,779.9437255859375,156.08331298828125,546.7359619140625,-1,-1,-1,-1
336,9,712.9033203125,758.3047485351562,154.19281005859375,561.0936889648438,-1,-1,-1,-1
337,9,718.04541015625,733.9293823242188,152.2137451171875,562.2288208007812,-1,-1,-1,-1
338,9,718.6097412109375,721.571533203125,154.70294189453125,564.3267822265625,-1,-1,-1,-1
339,9,723.540283203125,714.3134155273438,159.8626708984375,559.6029663085938,-1,-1,-1,-1
340,9,727.7960815429688,724.5210571289062,163.5118408203125,545.7686157226562,-1,-1,-1,-1
341,9,727.2498168945312,733.1071166992188,167.26861572265625,540.0798950195312,-1,-1,-1,-1
342,9,721.490234375,752.6939697265625,169.68341064453125,535.0157470703125,-1,-1,-1,-1
343,9,715.3311157226562,753.24853515625,170.9525146484375,533.54736328125,-1,-1,-1,-1
344,9,715.75830078125,742.6199951171875,166.72930908203125,543.6416015625,-1,-1,-1,-1
345,9,722.4923095703125,717.586669921875,162.6331787109375,565.815673828125,-1,-1,-1,-1
346,9,729.4498901367188,696.248046875,167.1744384765625,590.5673828125,-1,-1,-1,-1
347,9,737.6107788085938,682.7933959960938,164.4200439453125,600.9054565429688,-1,-1,-1,-1
348,9,731.2443237304688,695.3993530273438,169.33648681640625,595.6483764648438,-1,-1,-1,-1
349,9,727.5740966796875,714.6331176757812,170.91510009765625,581.5715942382812,-1,-1,-1,-1
350,9,718.5052490234375,727.331298828125,168.66021728515625,565.2548828125,-1,-1,-1,-1
351,9,718.0947265625,742.6632080078125,169.44134521484375,543.2257080078125,-1,-1,-1,-1
352,9,726.7001953125,749.615234375,166.129638671875,522.3975830078125,-1,-1,-1,-1
353,9,725.94189453125,747.771728515625,158.91668701171875,511.333740234375,-1,-1,-1,-1
354,9,716.8925170898438,725.1827392578125,154.66094970703125,512.509765625,-1,-1,-1,-1
355,9,715.04931640625,699.9583740234375,149.22705078125,522.8875732421875,-1,-1,-1,-1
356,9,715.4649047851562,679.5732421875,143.31500244140625,532.615966796875,-1,-1,-1,-1
357,9,714.9871215820312,676.8619384765625,144.4417724609375,525.5477294921875,-1,-1,-1,-1
358,9,716.73828125,682.60546875,143.3975830078125,500.0682373046875,-1,-1,-1,-1
359,9,704.314453125,701.1890258789062,141.76544189453125,472.48736572265625,-1,-1,-1,-1
360,9,697.4532470703125,714.291259765625,142.370849609375,458.8731689453125,-1,-1,-1,-1
361,9,699.5960693359375,711.806884765625,142.3013916015625,450.1453857421875,-1,-1,-1,-1
362,9,698.7015380859375,710.0640869140625,143.055908203125,451.375,-1,-1,-1,-1
363,9,700.36279296875,709.8040161132812,142.12835693359375,462.91546630859375,-1,-1,-1,-1
364,9,701.885009765625,699.6617431640625,141.05364990234375,483.9053955078125,-1,-1,-1,-1
365,9,703.3333129882812,693.2074584960938,142.4639892578125,500.14215087890625,-1,-1,-1,-1
366,9,707.2527465820312,705.730224609375,143.93994140625,504.7044677734375,-1,-1,-1,-1
367,9,713.472412109375,724.7871704101562,147.9365234375,506.33233642578125,-1,-1,-1,-1
368,9,700.65576171875,740.1876220703125,153.93115234375,509.0687255859375,-1,-1,-1,-1
369,9,685.7645874023438,744.57373046875,156.57666015625,521.0650634765625,-1,-1,-1,-1
370,9,677.5128784179688,743.6004638671875,161.93914794921875,549.673828125,-1,-1,-1,-1
371,9,675.6178588867188,732.153076171875,166.08544921875,567.9189453125,-1,-1,-1,-1
372,9,672.7889404296875,737.79541015625,172.61553955078125,565.89990234375,-1,-1,-1,-1
373,9,669.2338256835938,740.6072998046875,181.3408203125,556.7388916015625,-1,-1,-1,-1
374,9,658.8380737304688,730.1676025390625,188.12005615234375,554.8240966796875,-1,-1,-1,-1
375,9,663.4400634765625,731.7080078125,189.91900634765625,568.7479248046875,-1,-1,-1,-1
376,9,668.7601318359375,735.9515991210938,187.24237060546875,587.3074340820312,-1,-1,-1,-1
377,9,686.30419921875,727.569091796875,176.171142578125,594.875732421875,-1,-1,-1,-1
378,9,700.71337890625,713.6112670898438,166.0233154296875,575.2998657226562,-1,-1,-1,-1
379,9,710.359619140625,712.145751953125,157.8865966796875,531.5599365234375,-1,-1,-1,-1
380,9,713.0245971679688,712.796142578125,150.54180908203125,487.970947265625,-1,-1,-1,-1
381,9,706.07177734375,713.0361328125,148.140625,467.73583984375,-1,-1,-1,-1
382,9,712.01904296875,707.3218383789062,143.0888671875,465.34429931640625,-1,-1,-1,-1
383,9,709.251220703125,703.8870239257812,141.07659912109375,470.10748291015625,-1,-1,-1,-1
384,9,700.9481811523438,702.656494140625,140.05712890625,480.25439453125,-1,-1,-1,-1
385,9,689.8704223632812,718.5858154296875,140.3507080078125,479.812744140625,-1,-1,-1,-1
386,9,690.592041015625,714.7928466796875,137.573974609375,459.6939697265625,-1,-1,-1,-1
387,9,689.4229125976562,696.4785766601562,137.14495849609375,433.96405029296875,-1,-1,-1,-1
388,9,689.1338500976562,698.2890014648438,141.67486572265625,425.40020751953125,-1,-1,-1,-1
389,9,691.6500854492188,700.5695190429688,142.40374755859375,424.19354248046875,-1,-1,-1,-1
390,9,692.5648803710938,700.3226928710938,144.08868408203125,426.77630615234375,-1,-1,-1,-1
391,9,700.9458618164062,693.6599731445312,143.643798828125,438.75262451171875,-1,-1,-1,-1
392,9,696.5382690429688,687.38232421875,147.48919677734375,463.64306640625,-1,-1,-1,-1
393,9,690.9640502929688,684.6776123046875,151.376220703125,500.120361328125,-1,-1,-1,-1
394,9,690.0489501953125,675.2025146484375,155.08209228515625,536.7821044921875,-1,-1,-1,-1
395,9,701.130859375,671.3521728515625,159.71527099609375,560.545654296875,-1,-1,-1,-1
396,9,714.8564453125,665.3314819335938,167.55828857421875,563.3765258789062,-1,-1,-1,-1
397,9,708.6384887695312,665.0805053710938,176.29217529296875,564.8406372070312,-1,-1,-1,-1
398,9,702.8773803710938,665.3876342773438,193.1776123046875,565.1779174804688,-1,-1,-1,-1
399,9,693.2799072265625,661.3412475585938,197.4749755859375,571.1520385742188,-1,-1,-1,-1
400,9,695.5271606445312,666.8258666992188,199.00164794921875,588.5923461914062,-1,-1,-1,-1
401,9,682.5481567382812,646.26220703125,192.24517822265625,600.1572265625,-1,-1,-1,-1
402,9,683.9078979492188,648.2030639648438,188.38824462890625,607.1044311523438,-1,-1,-1,-1
403,9,697.777587890625,637.7785034179688,174.54888916015625,569.9404907226562,-1,-1,-1,-1
404,9,698.626220703125,617.5057983398438,163.63702392578125,517.2186889648438,-1,-1,-1,-1
405,9,675.884033203125,611.5471801757812,171.3897705078125,464.82049560546875,-1,-1,-1,-1
406,9,684.1461181640625,615.9707641601562,156.2335205078125,406.57696533203125,-1,-1,-1,-1
407,9,686.5640869140625,610.59423828125,151.2506103515625,435.73095703125,-1,-1,-1,-1
408,9,691.8540649414062,590.3251342773438,144.4010009765625,446.79083251953125,-1,-1,-1,-1
409,9,691.7160034179688,594.010009765625,141.33013916015625,462.664306640625,-1,-1,-1,-1
410,9,688.16650390625,614.6791381835938,141.84130859375,473.30780029296875,-1,-1,-1,-1
411,9,688.6582641601562,641.581787109375,144.185302734375,476.86279296875,-1,-1,-1,-1
412,9,694.70947265625,661.4657592773438,144.99066162109375,469.60992431640625,-1,-1,-1,-1
413,9,693.3699951171875,683.47509765625,152.66558837890625,461.1610107421875,-1,-1,-1,-1
414,9,689.04150390625,689.6648559570312,158.09967041015625,462.92742919921875,-1,-1,-1,-1
415,9,681.7612915039062,694.0542602539062,162.23919677734375,471.33978271484375,-1,-1,-1,-1
416,9,685.5771484375,687.1842041015625,161.51763916015625,489.721435546875,-1,-1,-1,-1
417,9,687.4619750976562,672.2996215820312,163.2918701171875,523.9573364257812,-1,-1,-1,-1
418,9,680.6466064453125,661.1806030273438,168.47998046875,570.9109497070312,-1,-1,-1,-1
419,9,689.2224731445312,655.508544921875,172.4810791015625,616.0712890625,-1,-1,-1,-1
420,9,700.68603515625,655.01318359375,183.47711181640625,647.628173828125,-1,-1,-1,-1
421,9,704.1357421875,661.0648193359375,202.3707275390625,664.778564453125,-1,-1,-1,-1
422,9,712.1482543945312,671.4765014648438,214.0341796875,691.0953979492188,-1,-1,-1,-1
423,9,728.747314453125,675.8451538085938,224.3065185546875,715.4125366210938,-1,-1,-1,-1
424,9,729.2982177734375,673.7379150390625,243.13848876953125,681.666748046875,-1,-1,-1,-1
425,9,800.9818725585938,626.5508422851562,273.18621826171875,758.9192504882812,-1,-1,-1,-1
426,9,714.9898071289062,592.896240234375,283.968505859375,721.2020263671875,-1,-1,-1,-1
427,9,645.792236328125,605.3644409179688,259.42364501953125,667.5484008789062,-1,-1,-1,-1
428,9,645.3563232421875,602.4312744140625,260.7464599609375,631.2733154296875,-1,-1,-1,-1
429,9,679.1493530273438,619.234130859375,240.2276611328125,588.0382080078125,-1,-1,-1,-1
430,9,681.2564086914062,611.2579345703125,229.66339111328125,621.0577392578125,-1,-1,-1,-1
431,9,632.6729125976562,632.6397705078125,271.17266845703125,641.2379150390625,-1,-1,-1,-1
432,9,646.5634765625,641.8323364257812,261.584716796875,650.5730590820312,-1,-1,-1,-1
433,9,655.2731323242188,636.8096923828125,246.92181396484375,640.4559326171875,-1,-1,-1,-1
434,9,654.6832275390625,653.4439697265625,230.45849609375,582.43017578125,-1,-1,-1,-1
435,9,683.9630126953125,660.1715087890625,206.9483642578125,600.910400390625,-1,-1,-1,-1
436,9,693.742919921875,654.7621459960938,199.84210205078125,573.8728637695312,-1,-1,-1,-1
437,9,695.23291015625,654.040283203125,192.3546142578125,553.110595703125,-1,-1,-1,-1
438,9,686.8226928710938,652.445556640625,199.31842041015625,539.4814453125,-1,-1,-1,-1
439,9,682.8939208984375,664.308837890625,193.25762939453125,534.97607421875,-1,-1,-1,-1
440,9,678.28515625,678.009765625,194.763427734375,541.6973876953125,-1,-1,-1,-1
441,9,673.6551513671875,700.3255615234375,202.44000244140625,563.7562255859375,-1,-1,-1,-1
442,9,671.9364013671875,716.8627319335938,214.047119140625,568.0767211914062,-1,-1,-1,-1
443,9,667.7263793945312,713.6280517578125,216.35064697265625,573.6895751953125,-1,-1,-1,-1
444,9,660.6251831054688,714.6337280273438,221.5411376953125,588.9353637695312,-1,-1,-1,-1
445,9,661.3798828125,710.2371826171875,220.6834716796875,611.634033203125,-1,-1,-1,-1
446,9,648.3867797851562,710.6844482421875,222.31195068359375,638.7135009765625,-1,-1,-1,-1
447,9,649.5040283203125,705.3016357421875,213.64996337890625,648.771728515625,-1,-1,-1,-1
448,9,658.4158935546875,725.8442993164062,206.4268798828125,640.9235229492188,-1,-1,-1,-1
449,9,668.1652221679688,751.9132080078125,208.2325439453125,622.3262939453125,-1,-1,-1,-1
450,9,659.6505737304688,755.4332885742188,217.78607177734375,590.3523559570312,-1,-1,-1,-1
451,9,661.6898803710938,759.2387084960938,225.203857421875,569.0099487304688,-1,-1,-1,-1
452,9,674.8470458984375,742.3378295898438,212.60748291015625,559.2139282226562,-1,-1,-1,-1
453,9,683.8728637695312,725.0439453125,189.769287109375,560.573486328125,-1,-1,-1,-1
454,9,685.3775634765625,706.57666015625,166.77056884765625,561.2327880859375,-1,-1,-1,-1
455,9,693.2135620117188,698.8079833984375,157.2666015625,550.854248046875,-1,-1,-1,-1
456,9,709.1219482421875,700.6286010742188,151.769287109375,520.5618286132812,-1,-1,-1,-1
457,9,695.14306640625,711.4956665039062,151.646484375,493.00616455078125,-1,-1,-1,-1
458,9,685.4781494140625,720.47998046875,151.42681884765625,476.1004638671875,-1,-1,-1,-1
459,9,688.2933959960938,717.652099609375,153.38226318359375,464.5594482421875,-1,-1,-1,-1
460,9,681.1168212890625,719.341796875,158.16796875,464.7222900390625,-1,-1,-1,-1
461,9,689.559814453125,715.4522094726562,163.697021484375,485.62957763671875,-1,-1,-1,-1
462,9,693.7127685546875,709.3494873046875,171.12127685546875,508.2371826171875,-1,-1,-1,-1
463,9,700.6109619140625,700.4033203125,180.6182861328125,518.131591796875,-1,-1,-1,-1
464,9,698.9815063476562,698.7314453125,194.726318359375,526.163330078125,-1,-1,-1,-1
465,9,698.662353515625,698.31591796875,212.10498046875,540.2801513671875,-1,-1,-1,-1
466,9,695.6473999023438,705.4144287109375,215.82476806640625,544.94287109375,-1,-1,-1,-1
467,9,695.7971801757812,696.2227783203125,212.53277587890625,548.4912109375,-1,-1,-1,-1
468,9,695.5812377929688,678.8508911132812,203.01123046875,561.9351196289062,-1,-1,-1,-1
469,9,700.0149536132812,640.0460815429688,196.50848388671875,566.8923950195312,-1,-1,-1,-1
470,9,701.3524169921875,642.4722290039062,212.2100830078125,574.5233764648438,-1,-1,-1,-1
471,9,681.2163696289062,673.6581420898438,230.0185546875,581.6887817382812,-1,-1,-1,-1
472,9,679.9117431640625,694.1629638671875,258.33819580078125,581.8309326171875,-1,-1,-1,-1
473,9,692.0408325195312,712.6436767578125,252.7449951171875,566.90576171875,-1,-1,-1,-1
474,9,697.090087890625,723.8956909179688,245.14337158203125,548.3226928710938,-1,-1,-1,-1
475,9,699.6427001953125,717.2457275390625,241.198486328125,538.8343505859375,-1,-1,-1,-1
476,9,706.2763061523438,711.4971923828125,240.30255126953125,542.96435546875,-1,-1,-1,-1
477,9,702.4171752929688,699.25,251.6165771484375,573.8277587890625,-1,-1,-1,-1
478,9,699.6589965820312,686.5130615234375,255.45794677734375,577.0274658203125,-1,-1,-1,-1
479,9,700.017822265625,685.5202026367188,257.34417724609375,573.4796752929688,-1,-1,-1,-1
480,9,672.9615478515625,670.21044921875,258.61187744140625,574.3311767578125,-1,-1,-1,-1
481,9,638.63916015625,671.6299438476562,260.0216064453125,581.8986206054688,-1,-1,-1,-1
482,9,616.6384887695312,661.8087768554688,265.76202392578125,593.1005249023438,-1,-1,-1,-1
483,9,613.9969482421875,650.7695922851562,265.8995361328125,609.1106567382812,-1,-1,-1,-1
484,9,644.830322265625,648.0142822265625,263.66864013671875,628.16162109375,-1,-1,-1,-1
485,9,663.63623046875,653.5577392578125,252.768798828125,638.4810791015625,-1,-1,-1,-1
486,9,662.340576171875,654.4681396484375,242.4493408203125,643.31689453125,-1,-1,-1,-1
487,9,654.4683837890625,672.2611083984375,221.0081787109375,639.2664794921875,-1,-1,-1,-1
488,9,659.0831298828125,693.24853515625,215.8424072265625,635.4697265625,-1,-1,-1,-1
489,9,672.35693359375,706.20556640625,204.01458740234375,625.184814453125,-1,-1,-1,-1
490,9,689.928466796875,734.232666015625,196.5494384765625,630.3154296875,-1,-1,-1,-1
491,9,699.8256225585938,733.1087646484375,191.47406005859375,634.45703125,-1,-1,-1,-1
492,9,698.7372436523438,718.359619140625,181.67266845703125,625.708740234375,-1,-1,-1,-1
493,9,701.9735717773438,713.2330322265625,178.2197265625,599.401123046875,-1,-1,-1,-1
494,9,710.697021484375,706.2523193359375,171.85870361328125,569.9739990234375,-1,-1,-1,-1
495,9,719.499755859375,700.9033813476562,171.29742431640625,547.6343383789062,-1,-1,-1,-1
496,9,720.9939575195312,693.8283081054688,172.64422607421875,539.6809692382812,-1,-1,-1,-1
497,9,720.56787109375,680.5626831054688,174.6810302734375,533.8900756835938,-1,-1,-1,-1
498,9,704.4996337890625,678.7742919921875,174.6944580078125,539.5623779296875,-1,-1,-1,-1
499,9,696.4872436523438,691.8466796875,173.04302978515625,569.5999755859375,-1,-1,-1,-1
500,9,690.7916870117188,689.41552734375,175.41400146484375,615.654052734375,-1,-1,-1,-1
501,9,686.0117797851562,686.5914916992188,195.04449462890625,657.9828491210938,-1,-1,-1,-1
502,9,681.2844848632812,674.3129272460938,204.42242431640625,676.5015258789062,-1,-1,-1,-1
503,9,674.6611938476562,654.9544677734375,195.1602783203125,668.37939453125,-1,-1,-1,-1
504,9,679.5442504882812,651.367431640625,194.5711669921875,666.0419921875,-1,-1,-1,-1
505,9,691.7568359375,657.8763427734375,193.8590087890625,663.6724853515625,-1,-1,-1,-1
506,9,716.4267578125,640.6495361328125,191.24261474609375,659.3599853515625,-1,-1,-1,-1
507,9,729.7503662109375,621.6542358398438,191.59674072265625,666.2943725585938,-1,-1,-1,-1
508,9,723.1825561523438,612.5187377929688,187.93572998046875,682.4523315429688,-1,-1,-1,-1
509,9,728.8375244140625,578.4368896484375,180.4671630859375,653.48095703125,-1,-1,-1,-1
510,9,739.9720458984375,575.6837768554688,176.40362548828125,659.8589477539062,-1,-1,-1,-1
511,9,755.5068359375,589.9833374023438,176.119140625,629.7594604492188,-1,-1,-1,-1
512,9,723.1283569335938,604.83154296875,183.32684326171875,608.839111328125,-1,-1,-1,-1
513,9,686.2568969726562,617.4136352539062,190.667236328125,622.7077026367188,-1,-1,-1,-1
514,9,691.6557006835938,625.4155883789062,200.304931640625,654.5447387695312,-1,-1,-1,-1
515,9,672.0646362304688,615.3289794921875,206.26739501953125,679.1766357421875,-1,-1,-1,-1
516,9,649.1180419921875,590.78173828125,219.6639404296875,731.6448974609375,-1,-1,-1,-1
517,9,665.4113159179688,566.1731567382812,241.11041259765625,774.4214477539062,-1,-1,-1,-1
518,9,679.53369140625,582.7495727539062,259.44091796875,820.9926147460938,-1,-1,-1,-1
519,9,657.8067016601562,593.49755859375,283.92236328125,815.6922607421875,-1,-1,-1,-1
520,9,626.6466674804688,618.3101806640625,293.15606689453125,791.4488525390625,-1,-1,-1,-1
521,9,610.6343994140625,579.3673706054688,287.59130859375,814.0369262695312,-1,-1,-1,-1
522,9,612.1766967773438,554.1646728515625,284.80401611328125,804.249267578125,-1,-1,-1,-1
523,9,569.012939453125,565.5321044921875,265.44970703125,822.2432861328125,-1,-1,-1,-1
524,9,652.9384765625,608.7738037109375,248.88037109375,774.4688720703125,-1,-1,-1,-1
525,9,709.600830078125,605.2954711914062,203.546630859375,685.5953979492188,-1,-1,-1,-1
526,9,718.4827270507812,616.6961669921875,181.0244140625,604.8204345703125,-1,-1,-1,-1
527,9,733.1787109375,657.2034301757812,179.71270751953125,564.6664428710938,-1,-1,-1,-1
528,9,730.07177734375,670.3131103515625,173.86041259765625,562.7437744140625,-1,-1,-1,-1
529,9,727.3336181640625,675.3715209960938,169.4822998046875,574.4463500976562,-1,-1,-1,-1
530,9,727.7907104492188,663.1586303710938,160.05889892578125,581.3250122070312,-1,-1,-1,-1
531,9,723.0673828125,660.5830688476562,149.9981689453125,569.9171752929688,-1,-1,-1,-1
532,9,718.2880249023438,659.2152709960938,145.78936767578125,530.5004272460938,-1,-1,-1,-1
533,9,713.8861083984375,680.0958251953125,143.02935791015625,489.7181396484375,-1,-1,-1,-1
534,9,712.6588134765625,701.5284423828125,144.6256103515625,455.7059326171875,-1,-1,-1,-1
535,9,709.930908203125,713.4049072265625,146.23138427734375,436.1968994140625,-1,-1,-1,-1
536,9,710.1038818359375,719.2952270507812,145.619873046875,423.87249755859375,-1,-1,-1,-1
537,9,711.8966674804688,711.6484375,141.23370361328125,415.2572021484375,-1,-1,-1,-1
538,9,709.5902709960938,722.171630859375,135.85540771484375,422.2508544921875,-1,-1,-1,-1
539,9,715.6625366210938,722.9396362304688,133.04534912109375,437.08087158203125,-1,-1,-1,-1
540,9,712.431884765625,718.9853515625,141.28057861328125,452.578857421875,-1,-1,-1,-1
541,9,705.31494140625,724.5559692382812,157.53045654296875,451.91375732421875,-1,-1,-1,-1
542,9,704.0418701171875,716.7425537109375,157.13262939453125,447.7781982421875,-1,-1,-1,-1
543,9,701.9642944335938,702.1668090820312,146.21051025390625,447.49798583984375,-1,-1,-1,-1
544,9,698.241455078125,692.5630493164062,139.781005859375,440.45159912109375,-1,-1,-1,-1
545,9,699.823974609375,683.8101196289062,136.96148681640625,434.02862548828125,-1,-1,-1,-1
546,9,711.5910034179688,675.0333862304688,128.71624755859375,431.13629150390625,-1,-1,-1,-1
547,9,716.8966064453125,672.13330078125,129.709716796875,432.6461181640625,-1,-1,-1,-1
548,9,722.581298828125,683.4146118164062,131.26513671875,440.26776123046875,-1,-1,-1,-1
549,9,716.8974609375,695.048095703125,131.31585693359375,445.4073486328125,-1,-1,-1,-1
550,9,711.7205810546875,690.7421875,127.281494140625,448.943359375,-1,-1,-1,-1
551,9,710.25537109375,688.2173461914062,130.9415283203125,451.13909912109375,-1,-1,-1,-1
552,9,708.6791381835938,682.6094360351562,144.17266845703125,458.10992431640625,-1,-1,-1,-1
553,9,714.7080078125,668.6746215820312,160.8204345703125,465.88543701171875,-1,-1,-1,-1
554,9,715.51708984375,654.8548583984375,172.02166748046875,476.646484375,-1,-1,-1,-1
555,9,714.888916015625,647.288330078125,171.48291015625,486.085693359375,-1,-1,-1,-1
556,9,709.970947265625,649.8408203125,171.05487060546875,492.1412353515625,-1,-1,-1,-1
557,9,701.3020629882812,644.4807739257812,168.7874755859375,490.47784423828125,-1,-1,-1,-1
558,9,700.2915649414062,636.8536376953125,164.10968017578125,479.5919189453125,-1,-1,-1,-1
559,9,699.853759765625,625.78076171875,174.63067626953125,474.0811767578125,-1,-1,-1,-1
560,9,699.9198608398438,615.1566162109375,181.92193603515625,488.0699462890625,-1,-1,-1,-1
561,9,697.9888916015625,613.8768920898438,189.0535888671875,522.8450317382812,-1,-1,-1,-1
562,9,699.5732421875,610.4165649414062,188.2366943359375,549.1494750976562,-1,-1,-1,-1
563,9,691.3895263671875,622.182373046875,192.67364501953125,602.0740966796875,-1,-1,-1,-1
564,9,688.376953125,643.4884033203125,199.489990234375,608.4112548828125,-1,-1,-1,-1
565,9,695.9418334960938,665.5134887695312,188.88873291015625,621.1045532226562,-1,-1,-1,-1
566,9,690.9896850585938,672.952392578125,180.23583984375,602.217041015625,-1,-1,-1,-1
567,9,689.9813842773438,671.8088989257812,170.1143798828125,587.7182006835938,-1,-1,-1,-1
568,9,689.2975463867188,664.6682739257812,165.546142578125,586.0277709960938,-1,-1,-1,-1
569,9,688.6468505859375,652.40234375,163.78643798828125,593.6673583984375,-1,-1,-1,-1
570,9,691.3202514648438,638.70654296875,165.50885009765625,602.3717041015625,-1,-1,-1,-1
571,9,687.5816040039062,632.3383178710938,165.9976806640625,597.6422729492188,-1,-1,-1,-1
572,9,682.2811279296875,632.8331909179688,170.5877685546875,573.2514038085938,-1,-1,-1,-1
573,9,678.4591674804688,652.4783325195312,177.5889892578125,553.5094604492188,-1,-1,-1,-1
574,9,680.2477416992188,673.6943359375,177.81439208984375,544.680908203125,-1,-1,-1,-1
575,9,673.1715698242188,694.8134765625,178.87078857421875,532.9349365234375,-1,-1,-1,-1
576,9,665.3814086914062,695.1909790039062,188.09039306640625,530.5958862304688,-1,-1,-1,-1
577,9,659.1257934570312,694.3648071289062,182.07244873046875,545.0938110351562,-1,-1,-1,-1
578,9,660.4273071289062,682.7499389648438,171.981201171875,569.7378540039062,-1,-1,-1,-1
579,9,663.7754516601562,669.1067504882812,168.6556396484375,593.1907348632812,-1,-1,-1,-1
580,9,666.2278442382812,666.7871704101562,193.19952392578125,594.5350952148438,-1,-1,-1,-1
581,9,665.0279541015625,677.2442016601562,208.50970458984375,598.4474487304688,-1,-1,-1,-1
582,9,662.5872192382812,694.3771362304688,216.452880859375,610.6858520507812,-1,-1,-1,-1
583,9,662.6535034179688,728.8310546875,218.337646484375,621.0172119140625,-1,-1,-1,-1
584,9,659.718017578125,723.9317626953125,225.89739990234375,612.2882080078125,-1,-1,-1,-1
585,9,661.0555419921875,715.301025390625,202.73309326171875,605.8809814453125,-1,-1,-1,-1
586,9,661.7076416015625,700.23779296875,196.022705078125,607.0474853515625,-1,-1,-1,-1
587,9,665.6319580078125,675.4410400390625,189.91064453125,609.4532470703125,-1,-1,-1,-1
588,9,665.9930419921875,649.69091796875,188.46002197265625,616.120361328125,-1,-1,-1,-1
589,9,664.4348754882812,632.013916015625,206.41278076171875,627.686279296875,-1,-1,-1,-1
590,9,665.888916015625,627.3677978515625,225.1063232421875,636.0791015625,-1,-1,-1,-1
591,9,657.7161865234375,626.281494140625,296.21221923828125,641.391845703125,-1,-1,-1,-1
592,9,646.6509399414062,627.9155883789062,320.02886962890625,644.5741577148438,-1,-1,-1,-1
593,9,641.0263061523438,627.5253295898438,319.42095947265625,639.4575805664062,-1,-1,-1,-1
594,9,641.4979248046875,621.8781127929688,296.735107421875,631.3938598632812,-1,-1,-1,-1
595,9,631.0049438476562,617.819091796875,281.28314208984375,612.70751953125,-1,-1,-1,-1
596,9,626.02783203125,586.4818725585938,259.5665283203125,650.4564819335938,-1,-1,-1,-1
597,9,625.8360595703125,565.1627197265625,237.7833251953125,691.7225341796875,-1,-1,-1,-1
598,9,635.1930541992188,554.5062255859375,244.720458984375,734.5386962890625,-1,-1,-1,-1
599,9,637.8430786132812,568.9373168945312,263.33892822265625,761.4307250976562,-1,-1,-1,-1
600,9,615.1644897460938,604.5599975585938,309.30718994140625,750.8577270507812,-1,-1,-1,-1
601,9,598.7811889648438,655.3864135742188,303.79840087890625,720.7930297851562,-1,-1,-1,-1
288,10,1.8700673580169678,553.1614990234375,78.580078125,256.99029541015625,-1,-1,-1,-1
289,10,49.07413864135742,545.8663330078125,123.34965515136719,249.394775390625,-1,-1,-1,-1
290,10,146.82435607910156,551.9279174804688,108.84141540527344,233.76171875,-1,-1,-1,-1
291,10,223.45199584960938,554.7787475585938,101.27847290039062,223.56341552734375,-1,-1,-1,-1
292,10,277.3489990234375,543.497314453125,94.49905395507812,214.8245849609375,-1,-1,-1,-1
293,10,323.43255615234375,528.4987182617188,89.89117431640625,210.7860107421875,-1,-1,-1,-1
294,10,372.2975769042969,525.53515625,82.508544921875,202.15753173828125,-1,-1,-1,-1
295,10,413.47802734375,535.3676147460938,77.6451416015625,195.69122314453125,-1,-1,-1,-1
296,10,446.0418701171875,552.496337890625,73.8587646484375,190.070556640625,-1,-1,-1,-1
297,10,472.2088623046875,567.7736206054688,73.01873779296875,187.891357421875,-1,-1,-1,-1
298,10,489.7292785644531,595.5618896484375,70.88644409179688,184.4124755859375,-1,-1,-1,-1
299,10,510.9423828125,628.505859375,69.34918212890625,180.402099609375,-1,-1,-1,-1
300,10,528.1292114257812,653.5973510742188,68.07647705078125,177.9300537109375,-1,-1,-1,-1
301,10,538.1317138671875,657.4614868164062,66.0572509765625,177.60382080078125,-1,-1,-1,-1
302,10,545.6685791015625,673.296630859375,65.6826171875,177.36053466796875,-1,-1,-1,-1
303,10,559.1964721679688,688.9296264648438,65.71575927734375,175.7637939453125,-1,-1,-1,-1
304,10,565.8883056640625,699.247802734375,64.67901611328125,177.13262939453125,-1,-1,-1,-1
305,10,572.3052978515625,718.647216796875,65.10882568359375,176.2154541015625,-1,-1,-1,-1
306,10,583.4730224609375,729.3153076171875,64.08184814453125,176.22198486328125,-1,-1,-1,-1
307,10,582.7369995117188,746.1861572265625,64.78204345703125,179.35467529296875,-1,-1,-1,-1
308,10,582.4044799804688,760.9627685546875,64.814453125,178.908447265625,-1,-1,-1,-1
309,10,591.7164916992188,765.5239868164062,66.06097412109375,179.73858642578125,-1,-1,-1,-1
310,10,605.3631591796875,763.0541381835938,65.2049560546875,177.9981689453125,-1,-1,-1,-1
311,10,616.9588623046875,762.075439453125,64.39837646484375,177.94647216796875,-1,-1,-1,-1
312,10,620.424072265625,764.913818359375,66.4306640625,181.1348876953125,-1,-1,-1,-1
313,10,620.5430908203125,771.8087158203125,67.05157470703125,182.094482421875,-1,-1,-1,-1
314,10,619.7802734375,787.369384765625,67.5799560546875,188.335693359375,-1,-1,-1,-1
315,10,619.6007690429688,806.8903198242188,68.121337890625,189.0384521484375,-1,-1,-1,-1
316,10,618.8837280273438,826.8334350585938,69.43792724609375,193.38336181640625,-1,-1,-1,-1
317,10,620.1051635742188,826.2138671875,68.9638671875,195.26220703125,-1,-1,-1,-1
318,10,620.1319580078125,816.8702392578125,68.90130615234375,193.6763916015625,-1,-1,-1,-1
319,10,620.8299560546875,801.7584228515625,69.3175048828125,193.90350341796875,-1,-1,-1,-1
320,10,620.534912109375,788.9735107421875,69.2867431640625,193.18548583984375,-1,-1,-1,-1
321,10,619.1617431640625,784.5387573242188,68.65380859375,194.3006591796875,-1,-1,-1,-1
322,10,622.9881591796875,779.5220947265625,67.5025634765625,191.9071044921875,-1,-1,-1,-1
323,10,625.4002685546875,785.7674560546875,69.06536865234375,194.0504150390625,-1,-1,-1,-1
324,10,632.880615234375,784.42138671875,69.84912109375,196.6578369140625,-1,-1,-1,-1
325,10,629.2545776367188,793.7575073242188,70.85693359375,199.67083740234375,-1,-1,-1,-1
326,10,616.9698486328125,792.3521118164062,71.0667724609375,199.4686279296875,-1,-1,-1,-1
327,10,619.9474487304688,786.8738403320312,71.03662109375,198.8526611328125,-1,-1,-1,-1
328,10,622.944580078125,777.86962890625,70.85711669921875,199.767578125,-1,-1,-1,-1
329,10,623.7779541015625,773.7489013671875,70.9981689453125,199.7801513671875,-1,-1,-1,-1
330,10,624.872802734375,772.3231201171875,72.9530029296875,201.03717041015625,-1,-1,-1,-1
331,10,625.0293579101562,769.3549194335938,73.68231201171875,202.10986328125,-1,-1,-1,-1
332,10,630.626708984375,773.1423950195312,72.357666015625,205.9466552734375,-1,-1,-1,-1
333,10,628.6353149414062,784.211181640625,74.34991455078125,208.2073974609375,-1,-1,-1,-1
334,10,629.6531982421875,777.43212890625,73.33221435546875,208.021240234375,-1,-1,-1,-1
335,10,627.8761596679688,772.6788330078125,74.28436279296875,209.251220703125,-1,-1,-1,-1
336,10,632.0226440429688,757.930419921875,74.5306396484375,210.24456787109375,-1,-1,-1,-1
337,10,635.211181640625,744.0687255859375,74.3919677734375,207.21844482421875,-1,-1,-1,-1
338,10,635.66015625,739.7794189453125,75.81695556640625,208.8648681640625,-1,-1,-1,-1
339,10,641.0159912109375,735.970703125,75.162841796875,208.45166015625,-1,-1,-1,-1
340,10,644.7081298828125,745.6712646484375,75.6815185546875,210.35382080078125,-1,-1,-1,-1
341,10,644.3054809570312,747.4669189453125,75.62200927734375,214.194091796875,-1,-1,-1,-1
342,10,636.7889404296875,753.8388671875,77.6883544921875,214.7991943359375,-1,-1,-1,-1
343,10,632.4031982421875,743.8688354492188,78.1673583984375,214.49847412109375,-1,-1,-1,-1
344,10,631.3721313476562,733.6355590820312,78.591552734375,216.59637451171875,-1,-1,-1,-1
345,10,633.7593383789062,723.2308349609375,78.24383544921875,217.02069091796875,-1,-1,-1,-1
346,10,638.8341064453125,720.921630859375,78.15362548828125,218.39129638671875,-1,-1,-1,-1
347,10,642.232666015625,724.5389404296875,77.68988037109375,220.11260986328125,-1,-1,-1,-1
348,10,633.6990966796875,745.1005249023438,81.3348388671875,225.89739990234375,-1,-1,-1,-1
349,10,632.3818969726562,758.329345703125,80.90203857421875,227.90740966796875,-1,-1,-1,-1
350,10,622.940673828125,754.711669921875,81.9539794921875,228.6368408203125,-1,-1,-1,-1
351,10,625.2001342773438,745.7533569335938,80.27197265625,226.71771240234375,-1,-1,-1,-1
352,10,630.107177734375,735.31494140625,81.3232421875,224.81787109375,-1,-1,-1,-1
353,10,625.1895141601562,730.0681762695312,82.38909912109375,221.73431396484375,-1,-1,-1,-1
354,10,616.0355834960938,718.0651245117188,82.6259765625,220.1151123046875,-1,-1,-1,-1
355,10,614.0726928710938,713.0613403320312,80.88775634765625,218.70489501953125,-1,-1,-1,-1
356,10,613.2886962890625,712.0343627929688,79.9384765625,219.9212646484375,-1,-1,-1,-1
357,10,614.6369018554688,723.6632080078125,79.09271240234375,219.8228759765625,-1,-1,-1,-1
358,10,615.3914794921875,730.50732421875,79.34661865234375,219.8175048828125,-1,-1,-1,-1
359,10,600.4569702148438,738.1846313476562,79.72100830078125,220.7681884765625,-1,-1,-1,-1
360,10,589.9324951171875,739.3153076171875,80.97601318359375,217.80438232421875,-1,-1,-1,-1
361,10,589.4158325195312,728.716064453125,81.79400634765625,217.161865234375,-1,-1,-1,-1
362,10,590.7396850585938,724.1143798828125,80.73260498046875,215.66802978515625,-1,-1,-1,-1
363,10,595.3349609375,726.2637329101562,79.30218505859375,215.73834228515625,-1,-1,-1,-1
364,10,600.535400390625,722.2174072265625,76.84735107421875,216.27239990234375,-1,-1,-1,-1
365,10,603.8099975585938,721.4799194335938,78.43377685546875,216.16131591796875,-1,-1,-1,-1
366,10,605.4788208007812,737.6822509765625,80.32879638671875,216.96832275390625,-1,-1,-1,-1
367,10,609.912841796875,757.4069213867188,79.6092529296875,220.26263427734375,-1,-1,-1,-1
368,10,599.2708740234375,768.0580444335938,79.8699951171875,221.70550537109375,-1,-1,-1,-1
369,10,586.9910278320312,768.5089111328125,80.0472412109375,221.31890869140625,-1,-1,-1,-1
370,10,585.2731323242188,762.430419921875,78.50048828125,221.3111572265625,-1,-1,-1,-1
371,10,587.9688720703125,743.3892211914062,79.94464111328125,220.82965087890625,-1,-1,-1,-1
372,10,589.9649658203125,737.3236083984375,81.8634033203125,220.79437255859375,-1,-1,-1,-1
373,10,595.5628051757812,728.1212158203125,80.1937255859375,219.81854248046875,-1,-1,-1,-1
374,10,596.3361206054688,719.173583984375,80.0181884765625,220.4857177734375,-1,-1,-1,-1
375,10,606.7952270507812,730.9502563476562,80.4114990234375,224.24029541015625,-1,-1,-1,-1
376,10,611.8103637695312,749.6239013671875,79.77935791015625,224.73223876953125,-1,-1,-1,-1
377,10,619.8638305664062,749.8101806640625,80.0721435546875,224.07867431640625,-1,-1,-1,-1
378,10,624.0436401367188,735.6570434570312,79.38153076171875,220.07025146484375,-1,-1,-1,-1
379,10,623.4746704101562,730.5435791015625,79.846435546875,219.085693359375,-1,-1,-1,-1
380,10,618.2357177734375,725.7720947265625,79.2572021484375,215.502685546875,-1,-1,-1,-1
381,10,609.3865356445312,722.1740112304688,79.07611083984375,217.028564453125,-1,-1,-1,-1
382,10,609.5538330078125,725.3831176757812,78.2591552734375,214.63580322265625,-1,-1,-1,-1
383,10,603.7295532226562,736.2074584960938,79.52606201171875,216.34381103515625,-1,-1,-1,-1
384,10,595.426025390625,748.721435546875,78.66143798828125,218.56488037109375,-1,-1,-1,-1
385,10,582.9371337890625,768.63427734375,78.80572509765625,219.90380859375,-1,-1,-1,-1
386,10,578.8291625976562,758.379638671875,80.65765380859375,219.2979736328125,-1,-1,-1,-1
387,10,576.7142333984375,728.8091430664062,79.97027587890625,215.26385498046875,-1,-1,-1,-1
388,10,576.2705688476562,720.7011108398438,79.78277587890625,215.5751953125,-1,-1,-1,-1
389,10,579.8226318359375,718.1401977539062,78.33831787109375,215.28631591796875,-1,-1,-1,-1
390,10,579.569580078125,718.2943725585938,78.857666015625,216.9385986328125,-1,-1,-1,-1
391,10,587.39013671875,718.83544921875,76.885498046875,216.7864990234375,-1,-1,-1,-1
392,10,581.4650268554688,720.2429809570312,78.1033935546875,219.02862548828125,-1,-1,-1,-1
393,10,574.1284790039062,724.362548828125,78.9798583984375,221.23681640625,-1,-1,-1,-1
394,10,575.2775268554688,713.5789794921875,79.75732421875,223.08819580078125,-1,-1,-1,-1
395,10,586.5027465820312,703.93212890625,78.6458740234375,222.1180419921875,-1,-1,-1,-1
396,10,603.1256103515625,688.2738037109375,80.63787841796875,221.9222412109375,-1,-1,-1,-1
397,10,601.6370849609375,675.9227294921875,81.9161376953125,224.1881103515625,-1,-1,-1,-1
398,10,606.2796630859375,666.2030029296875,82.507080078125,227.12554931640625,-1,-1,-1,-1
399,10,599.169921875,668.3058471679688,83.24609375,228.5316162109375,-1,-1,-1,-1
400,10,599.0631103515625,686.9142456054688,83.34967041015625,232.91259765625,-1,-1,-1,-1
401,10,582.3612060546875,684.583740234375,83.6116943359375,232.358642578125,-1,-1,-1,-1
402,10,572.17333984375,695.2362670898438,85.53631591796875,235.55316162109375,-1,-1,-1,-1
403,10,584.991455078125,682.1226196289062,84.4251708984375,230.6351318359375,-1,-1,-1,-1
404,10,587.0498046875,652.3659057617188,84.141357421875,227.3482666015625,-1,-1,-1,-1
405,10,575.2767333984375,633.02099609375,92.7528076171875,227.1624755859375,-1,-1,-1,-1
406,10,571.8218383789062,631.7442626953125,85.29486083984375,225.86163330078125,-1,-1,-1,-1
407,10,572.6514892578125,632.5132446289062,84.62884521484375,226.04461669921875,-1,-1,-1,-1
408,10,575.0328979492188,632.5137329101562,84.91326904296875,225.52447509765625,-1,-1,-1,-1
409,10,574.1599731445312,655.629150390625,84.75531005859375,227.08660888671875,-1,-1,-1,-1
410,10,572.9727172851562,682.7745971679688,84.278076171875,229.114013671875,-1,-1,-1,-1
411,10,573.9271240234375,702.659912109375,85.05157470703125,233.8331298828125,-1,-1,-1,-1
412,10,577.7669067382812,712.0225219726562,84.2894287109375,235.58001708984375,-1,-1,-1,-1
413,10,582.2894287109375,723.396728515625,83.67047119140625,237.47906494140625,-1,-1,-1,-1
414,10,579.2473754882812,722.3194580078125,85.57318115234375,238.62823486328125,-1,-1,-1,-1
415,10,574.0900268554688,725.152587890625,86.9501953125,241.49188232421875,-1,-1,-1,-1
416,10,577.4768676757812,725.095458984375,86.60931396484375,243.310302734375,-1,-1,-1,-1
417,10,579.1871337890625,721.433837890625,87.16912841796875,245.81060791015625,-1,-1,-1,-1
418,10,574.602294921875,718.53466796875,88.109619140625,248.121826171875,-1,-1,-1,-1
419,10,585.5592041015625,713.1266479492188,87.977294921875,252.2181396484375,-1,-1,-1,-1
420,10,599.8494262695312,705.3452758789062,89.9014892578125,253.8111572265625,-1,-1,-1,-1
421,10,612.5669555664062,701.6080322265625,91.5311279296875,256.71124267578125,-1,-1,-1,-1
422,10,616.9044799804688,710.9695434570312,93.58673095703125,264.24639892578125,-1,-1,-1,-1
423,10,628.8983154296875,724.3836059570312,95.4718017578125,271.208984375,-1,-1,-1,-1
424,10,641.416748046875,735.6220092773438,97.497802734375,276.14990234375,-1,-1,-1,-1
425,10,719.255615234375,716.93408203125,99.15606689453125,275.3228759765625,-1,-1,-1,-1
426,10,647.1801147460938,671.4244995117188,100.97857666015625,269.27197265625,-1,-1,-1,-1
427,10,562.7510986328125,664.9679565429688,123.37811279296875,273.95013427734375,-1,-1,-1,-1
428,10,563.858642578125,661.5761108398438,128.677734375,275.1312255859375,-1,-1,-1,-1
429,10,569.1234741210938,679.544677734375,139.3505859375,277.73052978515625,-1,-1,-1,-1
430,10,563.1585693359375,672.6510009765625,152.54791259765625,282.52215576171875,-1,-1,-1,-1
431,10,540.6756591796875,704.6676025390625,156.3768310546875,285.46820068359375,-1,-1,-1,-1
432,10,549.7865600585938,720.2178955078125,144.10235595703125,290.633056640625,-1,-1,-1,-1
433,10,537.7490234375,713.7957763671875,150.41314697265625,285.71295166015625,-1,-1,-1,-1
434,10,524.7462158203125,721.1246948242188,102.45037841796875,286.320068359375,-1,-1,-1,-1
435,10,532.0808715820312,716.6109619140625,101.22332763671875,281.09564208984375,-1,-1,-1,-1
436,10,537.5923461914062,701.3915405273438,99.63201904296875,274.57904052734375,-1,-1,-1,-1
437,10,536.9984130859375,699.2216796875,99.5113525390625,270.5419921875,-1,-1,-1,-1
438,10,541.4564819335938,702.02978515625,99.0318603515625,266.91363525390625,-1,-1,-1,-1
439,10,532.90771484375,715.3223876953125,100.11236572265625,266.41998291015625,-1,-1,-1,-1
440,10,527.0098266601562,723.254638671875,97.59295654296875,269.00567626953125,-1,-1,-1,-1
441,10,519.0196533203125,737.75341796875,109.47528076171875,269.45367431640625,-1,-1,-1,-1
442,10,516.5648193359375,745.2308349609375,113.497802734375,270.9368896484375,-1,-1,-1,-1
443,10,511.2026672363281,732.8189086914062,104.91580200195312,273.07525634765625,-1,-1,-1,-1
444,10,513.2182006835938,733.0628051757812,100.65362548828125,276.040283203125,-1,-1,-1,-1
445,10,513.5433959960938,737.7086791992188,103.54986572265625,280.38433837890625,-1,-1,-1,-1
446,10,503.2644958496094,752.9483642578125,104.20230102539062,281.7421875,-1,-1,-1,-1
447,10,503.5549011230469,757.2757568359375,103.82968139648438,285.1083984375,-1,-1,-1,-1
448,10,505.0238952636719,776.385498046875,104.82125854492188,285.7230224609375,-1,-1,-1,-1
449,10,515.1924438476562,781.1909790039062,103.32000732421875,282.98052978515625,-1,-1,-1,-1
450,10,514.9008178710938,760.1591186523438,101.53277587890625,277.71612548828125,-1,-1,-1,-1
451,10,520.4832763671875,753.4324951171875,99.93426513671875,272.0670166015625,-1,-1,-1,-1
452,10,530.530029296875,742.932861328125,98.65008544921875,268.8349609375,-1,-1,-1,-1
453,10,532.1752319335938,742.2811889648438,97.0152587890625,266.10107421875,-1,-1,-1,-1
454,10,528.8739013671875,740.83642578125,93.4644775390625,261.56536865234375,-1,-1,-1,-1
455,10,533.124267578125,747.8697509765625,94.88885498046875,262.33941650390625,-1,-1,-1,-1
456,10,544.234619140625,757.2074584960938,94.402099609375,260.20513916015625,-1,-1,-1,-1
457,10,529.0438232421875,758.436279296875,94.03228759765625,257.99639892578125,-1,-1,-1,-1
458,10,512.8060302734375,753.0177612304688,94.18023681640625,255.3306884765625,-1,-1,-1,-1
459,10,512.03173828125,737.9671630859375,93.8673095703125,253.31036376953125,-1,-1,-1,-1
460,10,505.34674072265625,732.6725463867188,95.55712890625,252.85345458984375,-1,-1,-1,-1
461,10,514.0316162109375,729.0204467773438,92.70501708984375,251.07916259765625,-1,-1,-1,-1
462,10,518.1351318359375,724.4713745117188,92.1378173828125,250.93902587890625,-1,-1,-1,-1
463,10,527.6345825195312,719.7940673828125,90.10198974609375,248.15423583984375,-1,-1,-1,-1
464,10,523.6741943359375,724.7835693359375,90.9295654296875,250.140380859375,-1,-1,-1,-1
465,10,526.0805053710938,729.3704833984375,90.51348876953125,248.14617919921875,-1,-1,-1,-1
466,10,524.7203369140625,739.343505859375,91.13507080078125,250.27734375,-1,-1,-1,-1
467,10,530.431640625,730.3355102539062,91.50152587890625,249.88494873046875,-1,-1,-1,-1
468,10,534.3729248046875,721.09130859375,91.335693359375,247.6199951171875,-1,-1,-1,-1
469,10,547.03515625,689.6473999023438,91.27178955078125,245.0616455078125,-1,-1,-1,-1
470,10,553.4144897460938,700.2738647460938,89.10931396484375,245.44671630859375,-1,-1,-1,-1
471,10,532.484130859375,728.5902709960938,90.0556640625,248.09600830078125,-1,-1,-1,-1
472,10,528.9264526367188,733.5547485351562,89.65679931640625,249.404541015625,-1,-1,-1,-1
473,10,536.266357421875,730.6119995117188,90.2789306640625,247.8980712890625,-1,-1,-1,-1
474,10,534.365478515625,723.1846923828125,90.78216552734375,245.20245361328125,-1,-1,-1,-1
475,10,521.6363525390625,712.65087890625,90.63140869140625,245.74798583984375,-1,-1,-1,-1
476,10,517.0022583007812,712.5653686523438,90.921142578125,245.48883056640625,-1,-1,-1,-1
477,10,504.43408203125,707.981201171875,94.6668701171875,247.9100341796875,-1,-1,-1,-1
478,10,497.4718933105469,697.1348876953125,92.32589721679688,247.39422607421875,-1,-1,-1,-1
479,10,487.51287841796875,703.6293334960938,94.925048828125,251.1046142578125,-1,-1,-1,-1
480,10,454.90362548828125,694.201904296875,99.04571533203125,255.10479736328125,-1,-1,-1,-1
481,10,418.62823486328125,706.6251220703125,101.50640869140625,256.6695556640625,-1,-1,-1,-1
482,10,405.82232666015625,698.2359008789062,100.63436889648438,256.07073974609375,-1,-1,-1,-1
483,10,414.3735656738281,691.312255859375,99.34799194335938,258.1549072265625,-1,-1,-1,-1
484,10,456.24871826171875,700.5900268554688,97.9954833984375,253.21136474609375,-1,-1,-1,-1
485,10,481.6071472167969,715.62939453125,94.99966430664062,251.9473876953125,-1,-1,-1,-1
486,10,483.096435546875,724.3215942382812,94.53424072265625,254.4610595703125,-1,-1,-1,-1
487,10,471.79400634765625,734.7879028320312,94.89520263671875,257.3089599609375,-1,-1,-1,-1
488,10,470.0072326660156,744.7948608398438,93.73519897460938,259.50872802734375,-1,-1,-1,-1
489,10,474.3832702636719,743.93505859375,93.86026000976562,255.63165283203125,-1,-1,-1,-1
490,10,475.5292053222656,767.3778076171875,94.30612182617188,257.57342529296875,-1,-1,-1,-1
491,10,467.3100891113281,773.9566040039062,95.81082153320312,259.14166259765625,-1,-1,-1,-1
492,10,453.3939208984375,770.25830078125,97.6007080078125,258.8800048828125,-1,-1,-1,-1
493,10,449.0013427734375,770.4892578125,98.71051025390625,261.10205078125,-1,-1,-1,-1
494,10,446.55413818359375,766.7646484375,98.1611328125,259.4267578125,-1,-1,-1,-1
495,10,446.19000244140625,760.7911376953125,98.80389404296875,259.13580322265625,-1,-1,-1,-1
496,10,439.0181884765625,759.5449829101562,98.99603271484375,260.150390625,-1,-1,-1,-1
497,10,433.5737609863281,747.5677490234375,99.95925903320312,258.10400390625,-1,-1,-1,-1
498,10,413.0173645019531,748.182861328125,101.64596557617188,260.3365478515625,-1,-1,-1,-1
499,10,402.88470458984375,765.80615234375,102.06173706054688,263.852294921875,-1,-1,-1,-1
500,10,402.6854248046875,759.923828125,101.7928466796875,262.1485595703125,-1,-1,-1,-1
501,10,405.0639953613281,752.3253173828125,100.76788330078125,261.36358642578125,-1,-1,-1,-1
502,10,410.52630615234375,736.0860595703125,99.76113891601562,258.1976318359375,-1,-1,-1,-1
503,10,414.8273010253906,705.8060302734375,98.11373901367188,257.716064453125,-1,-1,-1,-1
504,10,428.775390625,689.8722534179688,96.829345703125,256.18695068359375,-1,-1,-1,-1
505,10,442.9873962402344,691.4874877929688,95.48208618164062,256.3743896484375,-1,-1,-1,-1
506,10,464.41632080078125,669.7579345703125,95.338134765625,251.12213134765625,-1,-1,-1,-1
507,10,472.7900390625,657.4119262695312,93.36578369140625,250.40460205078125,-1,-1,-1,-1
508,10,456.9501647949219,666.2147216796875,95.15335083007812,254.818603515625,-1,-1,-1,-1
509,10,450.9283447265625,649.7462768554688,96.20843505859375,251.98101806640625,-1,-1,-1,-1
510,10,446.89898681640625,666.1322631835938,97.9129638671875,255.490966796875,-1,-1,-1,-1
511,10,451.1929016113281,686.62646484375,98.35855102539062,256.1263427734375,-1,-1,-1,-1
512,10,413.7753601074219,667.2633666992188,101.29190063476562,262.60028076171875,-1,-1,-1,-1
513,10,362.7314147949219,694.169677734375,106.64907836914062,271.942138671875,-1,-1,-1,-1
514,10,370.1252746582031,700.8673095703125,107.54177856445312,277.19354248046875,-1,-1,-1,-1
515,10,346.7615661621094,691.59423828125,110.33810424804688,282.22174072265625,-1,-1,-1,-1
516,10,320.10614013671875,674.6466674804688,112.5040283203125,287.763916015625,-1,-1,-1,-1
517,10,330.09271240234375,669.8628540039062,114.48358154296875,287.43939208984375,-1,-1,-1,-1
518,10,319.4743347167969,700.7799682617188,116.0606689453125,295.0252685546875,-1,-1,-1,-1
519,10,261.5594177246094,717.4952392578125,127.21514892578125,306.8408203125,-1,-1,-1,-1
520,10,215.8051300048828,715.0813598632812,127.55253601074219,320.53448486328125,-1,-1,-1,-1
521,10,204.9315185546875,701.1663208007812,134.6341552734375,319.8106689453125,-1,-1,-1,-1
522,10,211.65408325195312,693.175048828125,137.40985107421875,314.09759521484375,-1,-1,-1,-1
523,10,167.77804565429688,679.15966796875,130.55484008789062,313.0211181640625,-1,-1,-1,-1
524,10,253.8440704345703,723.35400390625,128.3961639404297,303.59033203125,-1,-1,-1,-1
525,10,321.0255432128906,696.0625610351562,120.98434448242188,291.15118408203125,-1,-1,-1,-1
526,10,331.81011962890625,688.43798828125,118.55584716796875,285.8017578125,-1,-1,-1,-1
527,10,343.1960754394531,727.58056640625,117.75601196289062,283.35723876953125,-1,-1,-1,-1
528,10,338.2057800292969,739.7637939453125,118.97222900390625,286.6708984375,-1,-1,-1,-1
529,10,338.77947998046875,755.4742431640625,117.18994140625,287.0128173828125,-1,-1,-1,-1
530,10,344.0336608886719,758.7427978515625,115.52340698242188,286.769287109375,-1,-1,-1,-1
531,10,343.801025390625,756.8572387695312,115.04000854492188,283.21502685546875,-1,-1,-1,-1
532,10,349.005126953125,756.514404296875,115.028564453125,275.523193359375,-1,-1,-1,-1
533,10,349.13519287109375,766.6527709960938,114.0703125,271.35601806640625,-1,-1,-1,-1
534,10,356.5888977050781,773.7974243164062,110.65744018554688,268.80828857421875,-1,-1,-1,-1
535,10,359.9489440917969,773.0075073242188,107.34335327148438,263.49615478515625,-1,-1,-1,-1
536,10,366.5628967285156,773.1403198242188,106.2886962890625,259.90814208984375,-1,-1,-1,-1
537,10,375.03277587890625,764.1420288085938,103.89553833007812,254.31689453125,-1,-1,-1,-1
538,10,376.8031311035156,783.5357055664062,103.23263549804688,251.24359130859375,-1,-1,-1,-1
539,10,387.25201416015625,790.7213745117188,100.889404296875,246.91937255859375,-1,-1,-1,-1
540,10,388.3700256347656,785.5120239257812,100.28829956054688,246.57208251953125,-1,-1,-1,-1
541,10,382.2626037597656,784.0505981445312,100.896728515625,242.76654052734375,-1,-1,-1,-1
542,10,380.3680419921875,762.9295654296875,101.39682006835938,239.0113525390625,-1,-1,-1,-1
543,10,380.25543212890625,734.2283325195312,99.75335693359375,232.34490966796875,-1,-1,-1,-1
544,10,384.6986389160156,713.9150390625,98.43954467773438,232.27557373046875,-1,-1,-1,-1
545,10,390.46563720703125,704.6892700195312,97.67037963867188,229.01666259765625,-1,-1,-1,-1
546,10,401.3800354003906,700.4171142578125,94.62832641601562,225.02447509765625,-1,-1,-1,-1
547,10,409.72503662109375,711.1756591796875,93.31668090820312,224.40631103515625,-1,-1,-1,-1
548,10,417.8026123046875,731.7396240234375,93.06591796875,222.9849853515625,-1,-1,-1,-1
549,10,409.8333435058594,746.0669555664062,93.28445434570312,224.43096923828125,-1,-1,-1,-1
550,10,402.317138671875,742.0157470703125,93.91940307617188,224.5672607421875,-1,-1,-1,-1
551,10,400.8833312988281,735.5252685546875,94.06948852539062,224.868896484375,-1,-1,-1,-1
552,10,402.143798828125,726.5994262695312,95.19326782226562,223.8609619140625,-1,-1,-1,-1
553,10,412.76580810546875,714.6148681640625,92.56646728515625,220.986572265625,-1,-1,-1,-1
554,10,412.212158203125,710.7200317382812,92.54995727539062,222.21942138671875,-1,-1,-1,-1
555,10,412.28961181640625,709.74365234375,92.86181640625,222.5172119140625,-1,-1,-1,-1
556,10,408.27392578125,715.2041015625,93.8919677734375,222.65411376953125,-1,-1,-1,-1
557,10,400.4223937988281,706.8292236328125,96.648681640625,222.10760498046875,-1,-1,-1,-1
558,10,391.6566162109375,691.9469604492188,98.6796875,219.3323974609375,-1,-1,-1,-1
559,10,388.093505859375,673.4146118164062,97.81295776367188,219.93939208984375,-1,-1,-1,-1
560,10,390.79742431640625,657.8975219726562,96.2144775390625,217.61993408203125,-1,-1,-1,-1
561,10,397.3427734375,659.8933715820312,94.5062255859375,218.58837890625,-1,-1,-1,-1
562,10,401.7640686035156,670.0335083007812,93.36428833007812,219.1429443359375,-1,-1,-1,-1
563,10,400.5060119628906,695.3714599609375,93.74923706054688,217.47607421875,-1,-1,-1,-1
564,10,402.46966552734375,717.4584350585938,92.82186889648438,219.04571533203125,-1,-1,-1,-1
565,10,399.8558349609375,731.9471435546875,91.53842163085938,219.17041015625,-1,-1,-1,-1
566,10,570.374267578125,793.98291015625,168.9453125,238.6524658203125,-1,-1,-1,-1
567,11,381.0892333984375,713.9498291015625,89.684814453125,214.05718994140625,-1,-1,-1,-1
568,11,378.1785583496094,706.8790283203125,91.07626342773438,213.2091064453125,-1,-1,-1,-1
569,11,378.19268798828125,700.6348266601562,89.78292846679688,211.3843994140625,-1,-1,-1,-1
570,11,380.10162353515625,699.8402099609375,88.32098388671875,211.1387939453125,-1,-1,-1,-1
571,11,372.8477783203125,703.4678344726562,88.78366088867188,212.098388671875,-1,-1,-1,-1
572,11,362.3218994140625,713.9497680664062,88.48422241210938,211.44830322265625,-1,-1,-1,-1
573,11,350.95819091796875,735.7703247070312,89.32745361328125,215.33050537109375,-1,-1,-1,-1
574,11,345.6959228515625,745.7808837890625,88.9122314453125,217.1754150390625,-1,-1,-1,-1
575,11,331.1618957519531,755.1007080078125,91.23785400390625,214.4884033203125,-1,-1,-1,-1
576,11,318.1865234375,749.7284545898438,92.66659545898438,216.5992431640625,-1,-1,-1,-1
577,11,303.99713134765625,749.9871826171875,91.79568481445312,216.02252197265625,-1,-1,-1,-1
578,11,296.2515563964844,740.5372314453125,91.84323120117188,214.80914306640625,-1,-1,-1,-1
579,11,290.5099182128906,728.9049072265625,91.73690795898438,213.3228759765625,-1,-1,-1,-1
580,11,280.62750244140625,728.1068725585938,94.16522216796875,216.5518798828125,-1,-1,-1,-1
581,11,267.2545471191406,736.9219970703125,94.35549926757812,218.794189453125,-1,-1,-1,-1
582,11,249.37637329101562,750.6744384765625,92.99273681640625,218.5986328125,-1,-1,-1,-1
583,11,232.24822998046875,775.888671875,93.91912841796875,224.78363037109375,-1,-1,-1,-1
584,11,205.6965789794922,767.9385375976562,95.57081604003906,233.53814697265625,-1,-1,-1,-1
585,11,184.31954956054688,759.5263671875,96.69094848632812,238.59417724609375,-1,-1,-1,-1
586,11,161.1072540283203,748.8948974609375,99.78135681152344,245.5157470703125,-1,-1,-1,-1
587,11,136.86915588378906,740.567138671875,99.61747741699219,244.08795166015625,-1,-1,-1,-1
588,11,105.46016693115234,734.8008422851562,103.43163299560547,234.5400390625,-1,-1,-1,-1
589,11,72.67097473144531,736.0787353515625,103.25254821777344,244.7823486328125,-1,-1,-1,-1
590,11,34.383121490478516,752.3385620117188,104.65504455566406,257.353759765625,-1,-1,-1,-1
591,11,2.6661248207092285,783.2587890625,95.3404769897461,275.4801025390625,-1,-1,-1,-1
592,11,2.750882148742676,795.4954833984375,91.8775634765625,284.61083984375,-1,-1,-1,-1
