1,1,586.955322265625,776.9811401367188,78.32891845703125,206.721923828125,-1,-1,-1,-1
2,1,587.01416015625,776.4632568359375,79.58135986328125,206.30670166015625,-1,-1,-1,-1
3,1,582.885498046875,769.7014770507812,79.8780517578125,210.64837646484375,-1,-1,-1,-1
4,1,576.8305053710938,756.6976928710938,79.41241455078125,210.34490966796875,-1,-1,-1,-1
5,1,577.5916748046875,748.4296875,78.50909423828125,209.51318359375,-1,-1,-1,-1
6,1,580.0567626953125,742.1165161132812,78.79962158203125,210.5594482421875,-1,-1,-1,-1
7,1,577.139892578125,739.640380859375,79.6719970703125,210.9368896484375,-1,-1,-1,-1
8,1,576.7944946289062,735.3070068359375,79.96966552734375,211.8177490234375,-1,-1,-1,-1
9,1,583.3575439453125,731.060546875,79.32427978515625,212.65484619140625,-1,-1,-1,-1
10,1,587.7929077148438,722.4441528320312,78.83343505859375,213.34954833984375,-1,-1,-1,-1
11,1,584.5740966796875,713.6658935546875,79.248291015625,213.9853515625,-1,-1,-1,-1
12,1,584.4221801757812,710.1199951171875,81.2491455078125,214.8250732421875,-1,-1,-1,-1
13,1,590.6055297851562,715.6034545898438,82.14288330078125,220.02630615234375,-1,-1,-1,-1
14,1,596.7579345703125,727.2173461914062,82.30377197265625,222.65228271484375,-1,-1,-1,-1
15,1,600.5849609375,737.133056640625,83.41943359375,228.34918212890625,-1,-1,-1,-1
16,1,616.7340698242188,746.854736328125,89.37451171875,230.06121826171875,-1,-1,-1,-1
17,1,606.3081665039062,739.052001953125,89.5325927734375,229.03314208984375,-1,-1,-1,-1
18,1,587.7866821289062,741.2725830078125,89.3101806640625,232.53826904296875,-1,-1,-1,-1
19,1,596.4530029296875,738.5433959960938,87.9454345703125,229.958984375,-1,-1,-1,-1
20,1,599.1790771484375,718.027099609375,91.11358642578125,227.98895263671875,-1,-1,-1,-1
21,1,587.8004760742188,680.7847900390625,88.78271484375,225.61627197265625,-1,-1,-1,-1
22,1,567.6917114257812,673.3950805664062,86.399169921875,221.83160400390625,-1,-1,-1,-1
23,1,565.2763671875,676.7086791992188,86.3443603515625,221.2972412109375,-1,-1,-1,-1
24,1,562.6692504882812,683.3272094726562,86.592041015625,221.82061767578125,-1,-1,-1,-1
25,1,568.8206787109375,702.8272094726562,83.160888671875,220.40484619140625,-1,-1,-1,-1
26,1,585.512939453125,712.0673828125,82.81292724609375,221.017578125,-1,-1,-1,-1
27,1,579.786865234375,713.9695434570312,83.51031494140625,221.27545166015625,-1,-1,-1,-1
28,1,567.9586181640625,712.3684692382812,83.67572021484375,219.918212890625,-1,-1,-1,-1
29,1,570.8995361328125,727.2860717773438,83.0751953125,222.94921875,-1,-1,-1,-1
30,1,571.3129272460938,736.5617065429688,84.42364501953125,225.79840087890625,-1,-1,-1,-1
31,1,560.3684692382812,725.6860961914062,84.99090576171875,224.11553955078125,-1,-1,-1,-1
32,1,540.9827270507812,729.9652709960938,87.0343017578125,227.27294921875,-1,-1,-1,-1
33,1,530.4313354492188,742.3300170898438,86.13922119140625,232.11785888671875,-1,-1,-1,-1
34,1,530.0858764648438,750.9750366210938,86.43597412109375,233.04302978515625,-1,-1,-1,-1
35,1,528.7630004882812,750.48876953125,86.5928955078125,233.5709228515625,-1,-1,-1,-1
36,1,528.76953125,745.9248046875,86.58160400390625,233.46343994140625,-1,-1,-1,-1
37,1,526.8562622070312,741.5418090820312,87.323486328125,233.26171875,-1,-1,-1,-1
38,1,526.5748901367188,742.9825439453125,86.884033203125,234.05877685546875,-1,-1,-1,-1
39,1,529.6727905273438,738.7535400390625,86.45947265625,234.77752685546875,-1,-1,-1,-1
40,1,527.2660522460938,740.9849853515625,86.78656005859375,235.16290283203125,-1,-1,-1,-1
41,1,525.0849609375,746.0936279296875,87.0068359375,236.0968017578125,-1,-1,-1,-1
42,1,525.3717041015625,747.618896484375,87.19158935546875,236.89202880859375,-1,-1,-1,-1
43,1,526.323974609375,750.1651000976562,87.98614501953125,239.30169677734375,-1,-1,-1,-1
44,1,523.5346069335938,745.228759765625,89.051513671875,239.28485107421875,-1,-1,-1,-1
45,1,514.9713745117188,743.2097778320312,91.889404296875,243.80718994140625,-1,-1,-1,-1
46,1,512.9766845703125,753.7027587890625,92.12310791015625,247.68121337890625,-1,-1,-1,-1
47,1,511.1463928222656,759.3582153320312,93.79910278320312,250.43377685546875,-1,-1,-1,-1
48,1,514.84375,756.68798828125,93.7921142578125,252.343505859375,-1,-1,-1,-1
49,1,514.7113647460938,759.392578125,94.37890625,254.2498779296875,-1,-1,-1,-1
50,1,516.2919311523438,761.0074462890625,95.04180908203125,255.76519775390625,-1,-1,-1,-1
51,1,522.2420043945312,761.3326416015625,94.79150390625,256.46514892578125,-1,-1,-1,-1
52,1,537.664306640625,763.6529541015625,94.19427490234375,255.2734375,-1,-1,-1,-1
53,1,554.9467163085938,764.0311889648438,91.50006103515625,253.278564453125,-1,-1,-1,-1
54,1,569.983642578125,779.2349853515625,91.379150390625,253.98486328125,-1,-1,-1,-1
55,1,587.5415649414062,795.1764526367188,90.88751220703125,253.42755126953125,-1,-1,-1,-1
56,1,601.1602783203125,791.4659423828125,90.18377685546875,252.579833984375,-1,-1,-1,-1
57,1,611.5253295898438,782.851806640625,88.12384033203125,247.70654296875,-1,-1,-1,-1
58,1,619.2771606445312,774.6973876953125,87.2440185546875,244.6905517578125,-1,-1,-1,-1
59,1,622.4979248046875,772.4036254882812,85.84381103515625,242.88079833984375,-1,-1,-1,-1
60,1,625.303466796875,773.88671875,85.384521484375,241.71649169921875,-1,-1,-1,-1
61,1,629.5768432617188,774.3018188476562,86.61810302734375,240.42791748046875,-1,-1,-1,-1
62,1,634.716064453125,775.4976806640625,85.57391357421875,239.68890380859375,-1,-1,-1,-1
63,1,638.7535400390625,777.534423828125,84.93096923828125,239.638916015625,-1,-1,-1,-1
64,1,640.402587890625,777.091796875,84.71966552734375,237.7491455078125,-1,-1,-1,-1
65,1,637.1473999023438,776.0658569335938,84.63092041015625,238.4188232421875,-1,-1,-1,-1
66,1,630.2352294921875,775.865234375,85.9288330078125,238.87847900390625,-1,-1,-1,-1
67,1,624.0846557617188,780.2554931640625,85.8653564453125,242.66046142578125,-1,-1,-1,-1
68,1,624.189697265625,777.7787475585938,85.3717041015625,242.75714111328125,-1,-1,-1,-1
69,1,628.6397094726562,771.9583740234375,85.3834228515625,243.69793701171875,-1,-1,-1,-1
70,1,633.8404541015625,767.7301635742188,87.45330810546875,243.15814208984375,-1,-1,-1,-1
71,1,638.7684326171875,764.6566772460938,86.51531982421875,243.5491943359375,-1,-1,-1,-1
72,1,640.9292602539062,768.02099609375,85.2943115234375,245.47955322265625,-1,-1,-1,-1
73,1,641.1686401367188,766.9838256835938,85.6268310546875,244.94769287109375,-1,-1,-1,-1
74,1,638.9393310546875,770.7615966796875,86.54046630859375,245.9178466796875,-1,-1,-1,-1
75,1,639.5488891601562,773.1904907226562,83.6795654296875,244.651123046875,-1,-1,-1,-1
76,1,635.137451171875,776.3553466796875,87.142822265625,244.78955078125,-1,-1,-1,-1
77,1,628.9622802734375,778.04150390625,86.7264404296875,244.32916259765625,-1,-1,-1,-1
78,1,617.4818725585938,778.8442993164062,88.36273193359375,245.22918701171875,-1,-1,-1,-1
79,1,603.5991821289062,776.9928588867188,89.908203125,246.0390625,-1,-1,-1,-1
80,1,590.9788818359375,775.1336669921875,90.765380859375,244.635498046875,-1,-1,-1,-1
81,1,578.6954345703125,774.7752075195312,90.89813232421875,243.59722900390625,-1,-1,-1,-1
82,1,566.587646484375,769.696533203125,90.86468505859375,245.68603515625,-1,-1,-1,-1
83,1,554.8850708007812,765.8234252929688,89.9278564453125,245.2991943359375,-1,-1,-1,-1
84,1,546.380615234375,753.4933471679688,92.43377685546875,243.09332275390625,-1,-1,-1,-1
85,1,538.460205078125,737.4308471679688,92.06829833984375,243.27459716796875,-1,-1,-1,-1
86,1,528.020263671875,727.4303588867188,91.2774658203125,242.39239501953125,-1,-1,-1,-1
87,1,518.3688354492188,722.26806640625,93.9591064453125,243.1199951171875,-1,-1,-1,-1
88,1,513.420654296875,726.991455078125,92.41375732421875,245.1282958984375,-1,-1,-1,-1
89,1,509.4825439453125,727.63916015625,92.81768798828125,244.48577880859375,-1,-1,-1,-1
90,1,508.5626220703125,724.7077026367188,93.4576416015625,244.64691162109375,-1,-1,-1,-1
91,1,504.1309509277344,720.9185180664062,94.55361938476562,245.5745849609375,-1,-1,-1,-1
92,1,497.53460693359375,716.9898071289062,94.63824462890625,246.73291015625,-1,-1,-1,-1
93,1,499.606689453125,716.77001953125,93.54974365234375,248.2445068359375,-1,-1,-1,-1
94,1,500.5345153808594,721.9124755859375,93.74667358398438,248.70159912109375,-1,-1,-1,-1
95,1,486.0607604980469,713.0592651367188,98.37948608398438,251.07843017578125,-1,-1,-1,-1
96,1,443.0244445800781,704.0496826171875,102.77310180664062,257.1849365234375,-1,-1,-1,-1
97,1,413.247314453125,683.7959594726562,104.35845947265625,263.51141357421875,-1,-1,-1,-1
98,1,368.8404846191406,713.5979614257812,110.6251220703125,271.2166748046875,-1,-1,-1,-1
99,1,341.919921875,714.8109130859375,128.68551635742188,281.38934326171875,-1,-1,-1,-1
100,1,259.893798828125,712.4991455078125,148.28677368164062,292.87646484375,-1,-1,-1,-1
101,1,280.67559814453125,752.5460815429688,153.43472290039062,295.65289306640625,-1,-1,-1,-1
102,1,543.3419189453125,641.8309936523438,210.48992919921875,292.701416015625,-1,-1,-1,-1
104,1,472.8171081542969,573.7064819335938,456.8560485839844,603.1821899414062,-1,-1,-1,-1
1,2,721.1768188476562,723.9351196289062,161.6453857421875,501.03802490234375,-1,-1,-1,-1
2,2,722.6010131835938,715.5744018554688,162.84613037109375,537.4484252929688,-1,-1,-1,-1
3,2,716.7730102539062,704.2306518554688,165.4530029296875,583.2857055664062,-1,-1,-1,-1
4,2,709.7850341796875,692.8065795898438,167.79766845703125,613.2816772460938,-1,-1,-1,-1
5,2,709.224853515625,695.9451293945312,170.39862060546875,619.7428588867188,-1,-1,-1,-1
6,2,710.5137939453125,705.0513916015625,176.2938232421875,611.8660888671875,-1,-1,-1,-1
7,2,707.265869140625,717.2478637695312,182.38116455078125,603.0592651367188,-1,-1,-1,-1
8,2,702.8927001953125,721.1336059570312,189.44818115234375,603.0426635742188,-1,-1,-1,-1
9,2,698.55126953125,710.6770629882812,205.355224609375,617.1766967773438,-1,-1,-1,-1
10,2,688.0657348632812,686.662353515625,221.302490234375,640.247802734375,-1,-1,-1,-1
11,2,717.3038330078125,660.0980224609375,193.43170166015625,670.1318359375,-1,-1,-1,-1
12,2,722.892822265625,643.1869506835938,197.03497314453125,681.3375854492188,-1,-1,-1,-1
13,2,736.8341064453125,644.2120361328125,203.21014404296875,675.73193359375,-1,-1,-1,-1
14,2,742.5482177734375,656.6907348632812,219.92510986328125,690.5936889648438,-1,-1,-1,-1
15,2,750.8572998046875,670.4215087890625,264.35113525390625,706.689208984375,-1,-1,-1,-1
16,2,766.6600952148438,667.074462890625,295.56390380859375,720.2064208984375,-1,-1,-1,-1
17,2,762.4068603515625,655.318603515625,262.007080078125,679.463134765625,-1,-1,-1,-1
18,2,746.208984375,654.5928955078125,231.4267578125,734.2894287109375,-1,-1,-1,-1
19,2,760.69873046875,663.76953125,235.67431640625,672.7796630859375,-1,-1,-1,-1
20,2,768.843017578125,658.3092041015625,225.41131591796875,590.234375,-1,-1,-1,-1
21,2,759.7777709960938,640.1055908203125,205.60443115234375,545.3291015625,-1,-1,-1,-1
22,2,741.5878295898438,637.9156494140625,197.14642333984375,530.2501220703125,-1,-1,-1,-1
23,2,734.412109375,633.7196044921875,195.7459716796875,528.3707275390625,-1,-1,-1,-1
24,2,730.3338623046875,627.51708984375,180.49774169921875,532.275390625,-1,-1,-1,-1
25,2,731.2344970703125,636.8404541015625,155.819091796875,531.66845703125,-1,-1,-1,-1
26,2,748.5157470703125,642.2149658203125,137.480712890625,520.49853515625,-1,-1,-1,-1
27,2,745.552001953125,653.3983154296875,130.1644287109375,508.5267333984375,-1,-1,-1,-1
28,2,735.711181640625,663.4589233398438,166.91070556640625,496.32342529296875,-1,-1,-1,-1
29,2,732.5606689453125,689.082275390625,142.1607666015625,495.1275634765625,-1,-1,-1,-1
30,2,727.4595947265625,699.114013671875,144.331787109375,505.9224853515625,-1,-1,-1,-1
31,2,718.7029418945312,680.4740600585938,182.7413330078125,520.0900268554688,-1,-1,-1,-1
32,2,701.9651489257812,672.6744384765625,179.79180908203125,540.58740234375,-1,-1,-1,-1
33,2,688.7420654296875,680.926513671875,185.1458740234375,553.225341796875,-1,-1,-1,-1
34,2,666.540283203125,693.3295288085938,208.56658935546875,550.2832641601562,-1,-1,-1,-1
35,2,672.1492309570312,702.8474731445312,203.947265625,541.4319458007812,-1,-1,-1,-1
36,2,674.4660034179688,716.3697509765625,204.17877197265625,528.8538818359375,-1,-1,-1,-1
37,2,668.83984375,723.3856201171875,206.97894287109375,522.1580810546875,-1,-1,-1,-1
38,2,680.5753173828125,722.4325561523438,194.9202880859375,526.9332885742188,-1,-1,-1,-1
39,2,696.7395629882812,703.774658203125,176.77728271484375,541.7607421875,-1,-1,-1,-1
40,2,698.7998046875,689.6051635742188,162.60076904296875,557.9198608398438,-1,-1,-1,-1
41,2,701.1702270507812,684.3361206054688,157.93731689453125,567.5755004882812,-1,-1,-1,-1
42,2,701.783447265625,684.0814208984375,157.0426025390625,554.647705078125,-1,-1,-1,-1
43,2,705.0291748046875,692.0401000976562,157.0074462890625,536.0191040039062,-1,-1,-1,-1
44,2,704.2164306640625,697.9949951171875,159.486083984375,532.82373046875,-1,-1,-1,-1
45,2,698.8859252929688,697.70458984375,164.23223876953125,540.257080078125,-1,-1,-1,-1
46,2,698.3223876953125,700.8903198242188,175.76483154296875,557.0283813476562,-1,-1,-1,-1
47,2,697.1046752929688,697.72412109375,181.490966796875,588.6759033203125,-1,-1,-1,-1
48,2,699.8941650390625,686.8284301757812,185.3465576171875,630.7725219726562,-1,-1,-1,-1
49,2,698.4896850585938,690.5419921875,187.46954345703125,662.6048583984375,-1,-1,-1,-1
50,2,698.8994140625,704.594970703125,188.677978515625,669.5489501953125,-1,-1,-1,-1
51,2,697.605712890625,721.6361083984375,196.05023193359375,662.6912841796875,-1,-1,-1,-1
52,2,699.0032958984375,739.50927734375,208.7860107421875,652.21923828125,-1,-1,-1,-1
53,2,704.6187133789062,741.0479125976562,214.61163330078125,650.2410278320312,-1,-1,-1,-1
54,2,715.4053344726562,747.9927368164062,205.11297607421875,656.9776000976562,-1,-1,-1,-1
55,2,734.1098022460938,747.3606567382812,192.95721435546875,662.4013061523438,-1,-1,-1,-1
56,2,743.99755859375,734.9584350585938,185.633544921875,672.3676147460938,-1,-1,-1,-1
57,2,746.0955810546875,725.182373046875,182.12872314453125,660.3900146484375,-1,-1,-1,-1
58,2,745.2612915039062,725.329345703125,181.2601318359375,626.63037109375,-1,-1,-1,-1
59,2,736.5300903320312,739.9992065429688,181.32843017578125,602.6154174804688,-1,-1,-1,-1
60,2,729.5118408203125,758.751708984375,184.0584716796875,583.5958251953125,-1,-1,-1,-1
61,2,729.4909057617188,769.1883544921875,183.56280517578125,571.08154296875,-1,-1,-1,-1
62,2,733.2774658203125,765.5655517578125,179.83343505859375,573.7286376953125,-1,-1,-1,-1
63,2,740.713134765625,753.6268310546875,170.35699462890625,586.0853271484375,-1,-1,-1,-1
64,2,741.5189208984375,738.8892822265625,162.87451171875,600.0400390625,-1,-1,-1,-1
65,2,731.1827392578125,729.5983276367188,166.1923828125,602.2577514648438,-1,-1,-1,-1
66,2,720.4835815429688,730.0353393554688,166.5733642578125,584.2310180664062,-1,-1,-1,-1
67,2,708.1790161132812,739.5421142578125,170.846923828125,564.7366943359375,-1,-1,-1,-1
68,2,699.4469604492188,743.8368530273438,179.42742919921875,559.1600952148438,-1,-1,-1,-1
69,2,696.45361328125,740.6257934570312,185.57122802734375,560.1456909179688,-1,-1,-1,-1
70,2,697.9786376953125,731.2875366210938,189.743896484375,573.8274536132812,-1,-1,-1,-1
71,2,700.2901611328125,717.989501953125,186.6612548828125,607.0716552734375,-1,-1,-1,-1
72,2,703.779296875,711.480712890625,180.07012939453125,647.68798828125,-1,-1,-1,-1
73,2,704.5986938476562,708.2673950195312,179.8055419921875,663.1012573242188,-1,-1,-1,-1
74,2,702.0922241210938,721.59912109375,183.85418701171875,664.296630859375,-1,-1,-1,-1
75,2,701.9258422851562,737.7852172851562,189.58856201171875,653.5867309570312,-1,-1,-1,-1
76,2,705.2327270507812,749.0971069335938,193.8326416015625,644.0004272460938,-1,-1,-1,-1
77,2,714.3858032226562,749.498779296875,190.15081787109375,640.041259765625,-1,-1,-1,-1
78,2,718.8768920898438,739.8518676757812,184.29913330078125,647.3820190429688,-1,-1,-1,-1
79,2,717.4801025390625,722.4535522460938,183.349609375,654.8641967773438,-1,-1,-1,-1
80,2,716.8956909179688,708.6288452148438,181.26263427734375,656.6403198242188,-1,-1,-1,-1
81,2,717.01513671875,705.9733276367188,179.9993896484375,635.3298950195312,-1,-1,-1,-1
82,2,716.6232299804688,710.1875,179.77130126953125,601.5135498046875,-1,-1,-1,-1
83,2,713.0611572265625,720.6659545898438,184.935302734375,585.8988647460938,-1,-1,-1,-1
84,2,712.6354370117188,718.1182250976562,191.00274658203125,576.8687133789062,-1,-1,-1,-1
85,2,704.6270751953125,704.2935180664062,198.5372314453125,568.3126831054688,-1,-1,-1,-1
86,2,701.6546630859375,689.9569091796875,194.61029052734375,599.0323486328125,-1,-1,-1,-1
87,2,697.94189453125,679.146240234375,199.319091796875,640.0966796875,-1,-1,-1,-1
88,2,697.84375,677.9185791015625,208.27740478515625,667.5308837890625,-1,-1,-1,-1
89,2,697.5689697265625,677.5293579101562,218.25048828125,683.1640014648438,-1,-1,-1,-1
90,2,707.072509765625,673.814697265625,229.33795166015625,695.2203369140625,-1,-1,-1,-1
91,2,711.56689453125,673.0534057617188,231.859375,702.4616088867188,-1,-1,-1,-1
92,2,710.2786254882812,668.8030395507812,238.990478515625,708.0049438476562,-1,-1,-1,-1
93,2,716.5020141601562,668.0315551757812,246.28546142578125,717.7842407226562,-1,-1,-1,-1
94,2,730.8177490234375,674.2816162109375,247.62554931640625,724.1346435546875,-1,-1,-1,-1
95,2,737.389892578125,669.7509765625,252.03802490234375,737.8236083984375,-1,-1,-1,-1
96,2,719.1920166015625,664.8236083984375,282.39141845703125,727.1815185546875,-1,-1,-1,-1
97,2,703.4129638671875,659.5769653320312,263.478515625,745.4581909179688,-1,-1,-1,-1
98,2,665.7976684570312,659.6099853515625,269.026611328125,750.255615234375,-1,-1,-1,-1
99,2,621.2338256835938,606.7390747070312,320.85333251953125,805.5856323242188,-1,-1,-1,-1
100,2,571.6685791015625,548.5054931640625,365.50823974609375,860.571044921875,-1,-1,-1,-1
101,2,596.38916015625,559.3865966796875,369.9898681640625,838.9097900390625,-1,-1,-1,-1
102,2,576.9891967773438,540.9549560546875,415.16070556640625,543.5860595703125,-1,-1,-1,-1
103,2,560.88037109375,359.3470458984375,402.93792724609375,579.5272827148438,-1,-1,-1,-1
104,2,582.1510009765625,390.8136291503906,391.0806884765625,790.7452392578125,-1,-1,-1,-1
105,2,647.22314453125,511.7710876464844,356.8765869140625,805.99951171875,-1,-1,-1,-1
106,2,655.6118774414062,580.3545532226562,307.9051513671875,712.0560913085938,-1,-1,-1,-1
107,2,663.44384765625,625.1886596679688,295.86297607421875,621.0859985351562,-1,-1,-1,-1
108,2,683.0877685546875,647.0022583007812,272.021728515625,563.6553344726562,-1,-1,-1,-1
109,2,704.1617431640625,665.2890014648438,250.02593994140625,537.8436889648438,-1,-1,-1,-1
110,2,717.5121459960938,691.5001220703125,230.82940673828125,529.34033203125,-1,-1,-1,-1
111,2,727.7788696289062,727.4501953125,224.08355712890625,533.6451416015625,-1,-1,-1,-1
112,2,733.0972900390625,748.0810546875,217.09014892578125,531.3419189453125,-1,-1,-1,-1
113,2,721.900634765625,760.3646240234375,209.90435791015625,526.5902099609375,-1,-1,-1,-1
114,2,699.652099609375,769.0833740234375,215.27520751953125,521.3221435546875,-1,-1,-1,-1
115,2,697.4193115234375,776.8634033203125,191.897705078125,513.1077880859375,-1,-1,-1,-1
116,2,703.0180053710938,779.8109130859375,169.3466796875,501.9429931640625,-1,-1,-1,-1
117,2,701.9736938476562,774.1347045898438,159.0313720703125,489.94476318359375,-1,-1,-1,-1
118,2,696.4867553710938,767.4461669921875,153.87689208984375,480.6807861328125,-1,-1,-1,-1
119,2,692.3399658203125,763.8994750976562,152.48602294921875,476.33734130859375,-1,-1,-1,-1
120,2,688.4002685546875,752.368408203125,149.4256591796875,468.5047607421875,-1,-1,-1,-1
121,2,687.6654052734375,742.4293212890625,146.55340576171875,462.513916015625,-1,-1,-1,-1
122,2,694.242431640625,740.7566528320312,144.286865234375,460.80450439453125,-1,-1,-1,-1
123,2,697.154052734375,742.1565551757812,143.36029052734375,459.08245849609375,-1,-1,-1,-1
124,2,697.2680053710938,742.0457153320312,145.20025634765625,455.50714111328125,-1,-1,-1,-1
125,2,697.1082763671875,734.2271728515625,153.68475341796875,455.7283935546875,-1,-1,-1,-1
126,2,692.684814453125,736.1787109375,166.2950439453125,459.220947265625,-1,-1,-1,-1
127,2,694.4205932617188,737.390380859375,160.1676025390625,484.0196533203125,-1,-1,-1,-1
128,2,694.3048706054688,736.0853881835938,160.125732421875,496.37750244140625,-1,-1,-1,-1
129,2,692.6367797851562,735.9290771484375,160.48712158203125,499.456787109375,-1,-1,-1,-1
130,2,699.807861328125,740.37646484375,157.778076171875,502.2894287109375,-1,-1,-1,-1
131,2,703.65966796875,747.0357666015625,161.383544921875,503.6121826171875,-1,-1,-1,-1
132,2,704.7989501953125,754.2254028320312,167.807373046875,506.82427978515625,-1,-1,-1,-1
133,2,704.53759765625,755.33984375,174.000732421875,507.92626953125,-1,-1,-1,-1
134,2,707.3322143554688,752.0562133789062,179.26226806640625,512.1998901367188,-1,-1,-1,-1
135,2,708.80615234375,747.6671142578125,179.86834716796875,544.6864013671875,-1,-1,-1,-1
136,2,706.7515869140625,747.2041015625,178.27813720703125,581.1607666015625,-1,-1,-1,-1
137,2,701.3469848632812,753.9277954101562,198.61865234375,599.6570434570312,-1,-1,-1,-1
138,2,700.2344360351562,764.1906127929688,205.571533203125,607.8988647460938,-1,-1,-1,-1
139,2,699.8564453125,776.3594970703125,204.611572265625,602.7186279296875,-1,-1,-1,-1
140,2,693.2664794921875,788.6337280273438,207.8348388671875,598.1683959960938,-1,-1,-1,-1
141,2,693.7728271484375,782.2781372070312,207.14678955078125,602.9276733398438,-1,-1,-1,-1
142,2,685.7357177734375,768.1629028320312,206.8658447265625,616.0665893554688,-1,-1,-1,-1
143,2,677.1796875,756.683349609375,212.0787353515625,629.2325439453125,-1,-1,-1,-1
144,2,668.4332275390625,751.1419067382812,211.91131591796875,631.9906616210938,-1,-1,-1,-1
145,2,667.340576171875,751.6729736328125,203.89508056640625,610.24462890625,-1,-1,-1,-1
146,2,672.9589233398438,758.5007934570312,186.51220703125,576.4989624023438,-1,-1,-1,-1
147,2,670.2518920898438,771.3898315429688,190.9129638671875,561.9032592773438,-1,-1,-1,-1
148,2,686.3414306640625,776.2308349609375,184.02703857421875,562.269775390625,-1,-1,-1,-1
149,2,699.308349609375,770.401611328125,172.996337890625,572.155517578125,-1,-1,-1,-1
150,2,698.8657836914062,751.8138427734375,165.68731689453125,581.35693359375,-1,-1,-1,-1
151,2,693.5537719726562,738.1087646484375,159.35711669921875,570.6435546875,-1,-1,-1,-1
152,2,691.261962890625,735.7208251953125,159.63763427734375,544.723388671875,-1,-1,-1,-1
153,2,689.828857421875,737.9221801757812,162.15948486328125,520.7412719726562,-1,-1,-1,-1
154,2,689.1885375976562,744.918701171875,170.2850341796875,504.1864013671875,-1,-1,-1,-1
155,2,688.6986694335938,748.2648315429688,178.34619140625,499.32818603515625,-1,-1,-1,-1
156,2,689.1473999023438,752.9424438476562,183.79595947265625,498.48870849609375,-1,-1,-1,-1
157,2,689.5118408203125,748.5830078125,183.83154296875,506.28173828125,-1,-1,-1,-1
158,2,691.4673461914062,740.51953125,175.689697265625,533.0565185546875,-1,-1,-1,-1
159,2,692.9010009765625,727.6248168945312,169.51287841796875,574.9384155273438,-1,-1,-1,-1
160,2,691.458984375,723.2503662109375,166.16168212890625,608.601318359375,-1,-1,-1,-1
161,2,687.3582153320312,728.5999145507812,167.48883056640625,509.23138427734375,-1,-1,-1,-1
162,2,679.5383911132812,743.1971435546875,182.0975341796875,505.602783203125,-1,-1,-1,-1
163,2,665.8350219726562,753.7001953125,204.53302001953125,502.8612060546875,-1,-1,-1,-1
164,2,688.607177734375,761.553955078125,177.8907470703125,520.4775390625,-1,-1,-1,-1
165,2,605.0274047851562,764.7748413085938,288.2635498046875,632.6701049804688,-1,-1,-1,-1
166,2,605.0774536132812,759.6220703125,286.8145751953125,619.595458984375,-1,-1,-1,-1
167,2,656.0811157226562,739.80810546875,235.72723388671875,630.4884033203125,-1,-1,-1,-1
168,2,690.2496948242188,725.6950073242188,202.7471923828125,639.2589721679688,-1,-1,-1,-1
169,2,710.02294921875,700.337646484375,177.9169921875,659.186279296875,-1,-1,-1,-1
170,2,709.2977905273438,689.4027709960938,171.140625,649.9379272460938,-1,-1,-1,-1
171,2,713.3582763671875,688.232421875,163.59539794921875,617.45751953125,-1,-1,-1,-1
172,2,709.9660034179688,693.5135498046875,164.509033203125,578.9495849609375,-1,-1,-1,-1
173,2,705.6055908203125,708.0346069335938,164.78631591796875,552.3214721679688,-1,-1,-1,-1
174,2,703.6808471679688,720.710693359375,165.3453369140625,529.0093994140625,-1,-1,-1,-1
175,2,699.2595825195312,725.9342651367188,160.96258544921875,517.0156860351562,-1,-1,-1,-1
176,2,694.75341796875,714.8968505859375,154.2110595703125,515.5445556640625,-1,-1,-1,-1
177,2,696.56494140625,695.447509765625,147.5135498046875,522.4974365234375,-1,-1,-1,-1
178,2,698.1339721679688,678.3071899414062,146.32989501953125,529.3135375976562,-1,-1,-1,-1
179,2,695.102783203125,675.6362915039062,145.1634521484375,532.3921508789062,-1,-1,-1,-1
180,2,694.68798828125,674.514404296875,146.71234130859375,516.6434326171875,-1,-1,-1,-1
181,2,695.5465698242188,678.4640502929688,150.637451171875,499.10150146484375,-1,-1,-1,-1
182,2,694.0516357421875,678.9183959960938,156.33428955078125,491.00592041015625,-1,-1,-1,-1
183,2,691.9695434570312,680.55810546875,164.69036865234375,493.9918212890625,-1,-1,-1,-1
184,2,689.6932373046875,676.7166748046875,171.36956787109375,501.6495361328125,-1,-1,-1,-1
185,2,690.2332153320312,675.7251586914062,179.63372802734375,516.8729858398438,-1,-1,-1,-1
186,2,691.968017578125,669.8312377929688,182.726806640625,547.5209350585938,-1,-1,-1,-1
187,2,693.2088012695312,660.5877685546875,192.8076171875,584.0482177734375,-1,-1,-1,-1
188,2,697.7105712890625,652.9851684570312,199.9549560546875,629.9196166992188,-1,-1,-1,-1
189,2,697.5421752929688,653.108154296875,208.7552490234375,677.396240234375,-1,-1,-1,-1
190,2,701.1099853515625,658.8115844726562,218.1304931640625,694.4431762695312,-1,-1,-1,-1
191,2,699.0398559570312,662.9703369140625,230.16693115234375,691.25048828125,-1,-1,-1,-1
192,2,701.3939208984375,672.6866455078125,243.15386962890625,692.3927001953125,-1,-1,-1,-1
193,2,705.7291870117188,689.1244506835938,252.28057861328125,700.2352905273438,-1,-1,-1,-1
194,2,713.3359985351562,710.1207275390625,254.6148681640625,678.3204345703125,-1,-1,-1,-1
195,2,721.2885131835938,711.458251953125,242.111083984375,652.125732421875,-1,-1,-1,-1
196,2,723.3101196289062,712.5087280273438,230.16766357421875,622.7343139648438,-1,-1,-1,-1
197,2,710.2759399414062,681.6634521484375,216.49163818359375,590.1324462890625,-1,-1,-1,-1
198,2,700.9340209960938,633.8134765625,213.56451416015625,569.278076171875,-1,-1,-1,-1
199,2,696.1165771484375,580.0708618164062,218.2012939453125,564.1472778320312,-1,-1,-1,-1
200,2,686.445068359375,560.99267578125,219.97210693359375,580.6434326171875,-1,-1,-1,-1
201,2,687.1924438476562,510.6654357910156,228.20306396484375,602.94873046875,-1,-1,-1,-1
202,2,683.140625,464.83197021484375,196.80426025390625,620.1172485351562,-1,-1,-1,-1
203,2,673.8836669921875,457.7495422363281,187.33819580078125,621.089599609375,-1,-1,-1,-1
204,2,665.1824340820312,460.2020263671875,172.3428955078125,601.513427734375,-1,-1,-1,-1
205,2,660.6986083984375,476.34735107421875,162.24951171875,560.8171997070312,-1,-1,-1,-1
206,2,663.4931640625,526.7627563476562,154.80572509765625,523.0172729492188,-1,-1,-1,-1
207,2,669.6160888671875,578.6996459960938,152.1240234375,499.12615966796875,-1,-1,-1,-1
208,2,677.2876586914062,580.3966064453125,163.68450927734375,535.404541015625,-1,-1,-1,-1
209,2,682.7341918945312,662.4085693359375,151.76605224609375,483.2833251953125,-1,-1,-1,-1
210,2,686.949951171875,671.6900634765625,151.58380126953125,490.201904296875,-1,-1,-1,-1
211,2,683.1805419921875,679.9671630859375,150.4288330078125,509.542724609375,-1,-1,-1,-1
212,2,678.5881958007812,679.0016479492188,151.11590576171875,516.9002075195312,-1,-1,-1,-1
213,2,679.892333984375,676.6434936523438,147.8062744140625,512.1946411132812,-1,-1,-1,-1
214,2,680.07568359375,683.673583984375,148.00787353515625,495.507568359375,-1,-1,-1,-1
215,2,678.0390625,706.7113647460938,155.79248046875,477.68927001953125,-1,-1,-1,-1
216,2,677.5867919921875,719.4361572265625,161.81219482421875,467.9495849609375,-1,-1,-1,-1
217,2,677.2750244140625,724.3104248046875,173.62054443359375,468.3302001953125,-1,-1,-1,-1
218,2,677.4627685546875,722.43212890625,188.3922119140625,476.39990234375,-1,-1,-1,-1
219,2,677.9210205078125,712.00341796875,208.00030517578125,493.0472412109375,-1,-1,-1,-1
220,2,680.143310546875,699.07470703125,204.560302734375,522.4259033203125,-1,-1,-1,-1
221,2,685.57958984375,683.9886474609375,189.416259765625,560.9317626953125,-1,-1,-1,-1
222,2,682.816162109375,676.2010498046875,186.16680908203125,593.4744873046875,-1,-1,-1,-1
223,2,677.9048461914062,672.3484497070312,191.73590087890625,604.8731079101562,-1,-1,-1,-1
224,2,683.748779296875,689.2682495117188,187.34771728515625,603.9732055664062,-1,-1,-1,-1
225,2,686.16455078125,704.13720703125,193.522705078125,599.99755859375,-1,-1,-1,-1
226,2,696.472412109375,695.5662841796875,190.45953369140625,597.8040771484375,-1,-1,-1,-1
227,2,698.3236694335938,680.6935424804688,188.04095458984375,604.4450073242188,-1,-1,-1,-1
228,2,690.6942138671875,666.0855712890625,193.68402099609375,614.5914306640625,-1,-1,-1,-1
229,2,685.6005249023438,658.2935180664062,187.85919189453125,617.9970092773438,-1,-1,-1,-1
230,2,686.3199462890625,655.4050903320312,177.6431884765625,481.93707275390625,-1,-1,-1,-1
231,2,689.5721435546875,657.3056640625,180.35003662109375,575.3753662109375,-1,-1,-1,-1
232,2,695.4607543945312,676.361328125,178.74627685546875,554.82275390625,-1,-1,-1,-1
233,2,699.9638671875,696.81103515625,185.3023681640625,535.1756591796875,-1,-1,-1,-1
234,2,706.1937255859375,713.2691650390625,194.9913330078125,519.7882080078125,-1,-1,-1,-1
235,2,706.0429077148438,716.844970703125,200.35638427734375,515.3758544921875,-1,-1,-1,-1
236,2,705.0908813476562,701.1341552734375,208.248046875,519.667236328125,-1,-1,-1,-1
237,2,707.822998046875,686.4883422851562,194.90521240234375,528.9226684570312,-1,-1,-1,-1
238,2,708.6666870117188,683.8004760742188,174.08233642578125,533.7206420898438,-1,-1,-1,-1
239,2,709.8073120117188,683.6929321289062,160.017578125,517.5900268554688,-1,-1,-1,-1
240,2,711.7064819335938,685.4876098632812,155.614990234375,489.44866943359375,-1,-1,-1,-1
241,2,711.5142822265625,692.878173828125,153.1666259765625,469.8499755859375,-1,-1,-1,-1
242,2,706.9993896484375,709.2708740234375,156.6217041015625,469.5693359375,-1,-1,-1,-1
243,2,707.0767822265625,714.8031616210938,161.56915283203125,473.65289306640625,-1,-1,-1,-1
244,2,705.4677124023438,716.55029296875,165.4423828125,479.837890625,-1,-1,-1,-1
245,2,702.8765869140625,718.0806274414062,168.758544921875,496.85333251953125,-1,-1,-1,-1
246,2,701.5335083007812,715.6394653320312,176.4041748046875,525.1558227539062,-1,-1,-1,-1
247,2,701.4511108398438,709.1160888671875,181.9234619140625,551.5599365234375,-1,-1,-1,-1
248,2,693.7015991210938,704.61083984375,196.52069091796875,575.8009033203125,-1,-1,-1,-1
249,2,687.10986328125,706.2724609375,214.325927734375,593.466552734375,-1,-1,-1,-1
250,2,675.5634155273438,723.3118286132812,234.05975341796875,614.2821655273438,-1,-1,-1,-1
251,2,668.3081665039062,726.744140625,237.86376953125,622.3883056640625,-1,-1,-1,-1
252,2,671.677001953125,720.7570190429688,238.23321533203125,629.4509887695312,-1,-1,-1,-1
253,2,710.3157958984375,696.248291015625,205.14483642578125,646.751708984375,-1,-1,-1,-1
254,2,716.5889892578125,677.4091796875,210.459228515625,675.4925537109375,-1,-1,-1,-1
255,2,716.3258666992188,639.2283325195312,215.57623291015625,702.3980102539062,-1,-1,-1,-1
256,2,692.5281372070312,638.2326049804688,255.8892822265625,717.4069213867188,-1,-1,-1,-1
257,2,672.1491088867188,645.4136962890625,232.3043212890625,700.471435546875,-1,-1,-1,-1
258,2,672.9755859375,609.7386474609375,239.752685546875,724.0513916015625,-1,-1,-1,-1
259,2,695.7699584960938,595.1238403320312,275.31866455078125,793.5789184570312,-1,-1,-1,-1
260,2,633.3042602539062,578.84228515625,328.50885009765625,831.9195556640625,-1,-1,-1,-1
261,2,577.4789428710938,565.6295776367188,354.967529296875,844.1759643554688,-1,-1,-1,-1
262,2,636.5810546875,570.8656616210938,341.17218017578125,839.4717407226562,-1,-1,-1,-1
263,2,693.5062866210938,506.4389343261719,389.89837646484375,682.9859619140625,-1,-1,-1,-1
264,2,677.030517578125,450.6602478027344,358.7196044921875,678.62890625,-1,-1,-1,-1
265,2,676.2721557617188,450.3580322265625,325.4857177734375,654.8526611328125,-1,-1,-1,-1
266,2,678.6633911132812,515.626953125,349.06329345703125,651.421630859375,-1,-1,-1,-1
267,2,691.41015625,588.796875,359.3519287109375,808.3487548828125,-1,-1,-1,-1
268,2,679.9142456054688,620.4532470703125,368.86102294921875,785.6416015625,-1,-1,-1,-1
269,2,678.8792114257812,634.5526733398438,355.27728271484375,772.4026489257812,-1,-1,-1,-1
270,2,694.686279296875,641.9761962890625,330.4913330078125,753.2720947265625,-1,-1,-1,-1
271,2,690.3932495117188,651.7232666015625,288.2720947265625,707.511962890625,-1,-1,-1,-1
272,2,702.12744140625,659.5149536132812,247.83294677734375,647.3807983398438,-1,-1,-1,-1
273,2,712.6239013671875,680.8896484375,233.262939453125,617.1270751953125,-1,-1,-1,-1
274,2,713.9759521484375,696.79541015625,224.17413330078125,598.224365234375,-1,-1,-1,-1
275,2,714.2031860351562,710.250732421875,222.57574462890625,585.4345703125,-1,-1,-1,-1
276,2,713.478515625,712.3921508789062,216.2313232421875,580.9453735351562,-1,-1,-1,-1
277,2,710.551025390625,709.31591796875,207.9539794921875,603.451416015625,-1,-1,-1,-1
278,2,706.1959228515625,712.3443603515625,209.3878173828125,625.258544921875,-1,-1,-1,-1
279,2,707.3919067382812,722.1322631835938,211.7720947265625,635.0791625976562,-1,-1,-1,-1
280,2,708.9193725585938,731.7476806640625,214.21112060546875,635.611083984375,-1,-1,-1,-1
281,2,707.2735595703125,735.8001098632812,214.34368896484375,641.5667114257812,-1,-1,-1,-1
282,2,705.2546997070312,729.104736328125,207.32049560546875,636.0445556640625,-1,-1,-1,-1
283,2,701.317626953125,723.1864624023438,202.788818359375,629.4285278320312,-1,-1,-1,-1
284,2,708.0227661132812,720.9512329101562,195.16973876953125,625.4906616210938,-1,-1,-1,-1
285,2,712.7415161132812,716.4508056640625,186.85260009765625,621.8087158203125,-1,-1,-1,-1
286,2,713.9393310546875,714.9603271484375,180.9862060546875,615.40380859375,-1,-1,-1,-1
287,2,717.088623046875,711.1116943359375,179.8143310546875,600.1109619140625,-1,-1,-1,-1
288,2,710.2708129882812,709.7849731445312,182.8724365234375,591.7324829101562,-1,-1,-1,-1
289,2,723.7814331054688,705.9110107421875,171.94866943359375,573.041748046875,-1,-1,-1,-1
290,2,718.0746459960938,709.3020629882812,190.97747802734375,554.8722534179688,-1,-1,-1,-1
291,2,714.1189575195312,702.1668090820312,195.26470947265625,537.2429809570312,-1,-1,-1,-1
292,2,707.6234130859375,691.5403442382812,192.05169677734375,522.7688598632812,-1,-1,-1,-1
293,2,695.8235473632812,685.5971069335938,198.67010498046875,513.5640258789062,-1,-1,-1,-1
294,2,684.431396484375,677.9306030273438,201.50830078125,504.98748779296875,-1,-1,-1,-1
295,2,673.9100341796875,668.634033203125,210.36737060546875,496.4437255859375,-1,-1,-1,-1
296,2,669.7579345703125,659.8985595703125,210.433837890625,489.99560546875,-1,-1,-1,-1
297,2,671.8102416992188,649.9220581054688,209.7510986328125,484.07574462890625,-1,-1,-1,-1
298,2,672.0951538085938,653.4500732421875,207.45733642578125,481.644775390625,-1,-1,-1,-1
299,2,672.6406860351562,661.6617431640625,193.87481689453125,485.538818359375,-1,-1,-1,-1
300,2,678.8809204101562,672.5477905273438,176.88641357421875,488.59234619140625,-1,-1,-1,-1
301,2,679.092041015625,686.1517333984375,161.04840087890625,490.16162109375,-1,-1,-1,-1
302,2,675.23681640625,691.4087524414062,160.16265869140625,487.80621337890625,-1,-1,-1,-1
303,2,672.3798828125,689.7371826171875,164.36279296875,492.672607421875,-1,-1,-1,-1
304,2,676.8671875,697.70556640625,172.59051513671875,499.9356689453125,-1,-1,-1,-1
305,2,684.81494140625,712.2682495117188,188.863037109375,509.61773681640625,-1,-1,-1,-1
306,2,688.5687255859375,730.478271484375,199.00335693359375,531.7840576171875,-1,-1,-1,-1
307,2,687.2720336914062,744.3094482421875,202.09930419921875,569.3521728515625,-1,-1,-1,-1
308,2,675.7476806640625,751.8491821289062,197.461669921875,607.3864135742188,-1,-1,-1,-1
309,2,669.57763671875,744.1588745117188,182.50921630859375,620.2926635742188,-1,-1,-1,-1
310,2,682.380615234375,742.4000854492188,174.788330078125,632.0501098632812,-1,-1,-1,-1
311,2,685.321044921875,744.2424926757812,175.75726318359375,639.4102172851562,-1,-1,-1,-1
312,2,677.9945678710938,756.9907836914062,184.94000244140625,641.4315795898438,-1,-1,-1,-1
313,2,670.094970703125,753.5155639648438,188.45703125,648.6000366210938,-1,-1,-1,-1
314,2,667.1474609375,738.1452026367188,193.99365234375,660.4129028320312,-1,-1,-1,-1
315,2,667.365478515625,721.462646484375,195.57562255859375,676.73681640625,-1,-1,-1,-1
316,2,663.8717651367188,705.125244140625,197.08135986328125,695.664794921875,-1,-1,-1,-1
317,2,657.2643432617188,688.484130859375,203.16876220703125,702.524658203125,-1,-1,-1,-1
318,2,648.9122924804688,694.1082763671875,204.43902587890625,693.5008544921875,-1,-1,-1,-1
319,2,632.3021240234375,711.5107421875,211.55792236328125,686.861572265625,-1,-1,-1,-1
320,2,625.9546508789062,729.8400268554688,225.21124267578125,677.4055786132812,-1,-1,-1,-1
321,2,639.7650146484375,741.4844970703125,216.0142822265625,668.94775390625,-1,-1,-1,-1
322,2,654.3109130859375,745.573974609375,211.3280029296875,664.7296142578125,-1,-1,-1,-1
323,2,668.4371337890625,730.6661987304688,200.781494140625,678.7066040039062,-1,-1,-1,-1
324,2,668.8046875,722.6873779296875,189.75384521484375,684.60595703125,-1,-1,-1,-1
325,2,662.2542114257812,724.4238891601562,193.66448974609375,535.8296508789062,-1,-1,-1,-1
326,2,656.461181640625,714.7205810546875,201.28118896484375,684.0389404296875,-1,-1,-1,-1
327,2,653.0899047851562,722.8328857421875,205.6427001953125,670.896728515625,-1,-1,-1,-1
328,2,652.7907104492188,744.2835693359375,211.37481689453125,652.5677490234375,-1,-1,-1,-1
329,2,655.5477294921875,765.59912109375,230.04443359375,625.2100830078125,-1,-1,-1,-1
330,2,655.7117919921875,768.744140625,234.05999755859375,604.9356689453125,-1,-1,-1,-1
331,2,668.893310546875,744.6156005859375,234.7030029296875,599.1156005859375,-1,-1,-1,-1
332,2,673.6464233398438,711.6057739257812,235.3511962890625,608.8483276367188,-1,-1,-1,-1
333,2,673.4769897460938,685.9176635742188,229.42572021484375,620.5128784179688,-1,-1,-1,-1
334,2,674.982666015625,676.00634765625,195.880859375,630.9483642578125,-1,-1,-1,-1
335,2,680.9741821289062,662.3146362304688,174.601806640625,619.2879028320312,-1,-1,-1,-1
336,2,674.3153686523438,681.5282592773438,182.73883056640625,611.1150512695312,-1,-1,-1,-1
337,2,650.1864013671875,712.2344970703125,197.19061279296875,614.198974609375,-1,-1,-1,-1
338,2,655.3109130859375,724.042236328125,203.57196044921875,617.1192626953125,-1,-1,-1,-1
339,2,667.3385620117188,728.9400634765625,210.4820556640625,623.140869140625,-1,-1,-1,-1
340,2,676.1353759765625,717.6162719726562,205.12811279296875,628.4568481445312,-1,-1,-1,-1
341,2,673.6848754882812,708.7897338867188,206.61871337890625,632.1956176757812,-1,-1,-1,-1
342,2,677.4959716796875,689.0538330078125,217.27801513671875,630.8251953125,-1,-1,-1,-1
343,2,672.5122680664062,697.1986694335938,227.94366455078125,639.0125122070312,-1,-1,-1,-1
344,2,660.357421875,704.421630859375,223.90386962890625,648.4168701171875,-1,-1,-1,-1
345,2,653.0966186523438,714.3897705078125,228.62176513671875,657.1922607421875,-1,-1,-1,-1
346,2,656.4252319335938,736.7445068359375,231.02349853515625,661.0438232421875,-1,-1,-1,-1
347,2,657.7195434570312,749.1586303710938,234.3798828125,652.5205688476562,-1,-1,-1,-1
348,2,644.989501953125,769.3795166015625,244.0396728515625,631.497314453125,-1,-1,-1,-1
349,2,643.2501831054688,799.248291015625,237.6939697265625,609.6104736328125,-1,-1,-1,-1
350,2,629.90576171875,798.3944091796875,236.472412109375,608.455322265625,-1,-1,-1,-1
351,2,632.7398681640625,769.2622680664062,223.619384765625,629.4537963867188,-1,-1,-1,-1
352,2,636.8701171875,731.4795532226562,214.94207763671875,656.6857299804688,-1,-1,-1,-1
353,2,654.5045166015625,701.3151245117188,204.2879638671875,681.2870483398438,-1,-1,-1,-1
354,2,658.7529907226562,696.3229370117188,198.9403076171875,677.7933959960938,-1,-1,-1,-1
355,2,659.6806640625,700.9193115234375,190.9259033203125,657.5643310546875,-1,-1,-1,-1
356,2,654.6260375976562,709.1495971679688,190.908935546875,628.5719604492188,-1,-1,-1,-1
357,2,645.8900756835938,741.4762573242188,212.24798583984375,620.4721069335938,-1,-1,-1,-1
358,2,643.7334594726562,745.0865478515625,214.18505859375,615.31201171875,-1,-1,-1,-1
359,2,645.6538696289062,735.0865478515625,221.55743408203125,619.663818359375,-1,-1,-1,-1
360,2,644.9982299804688,716.9959716796875,230.124267578125,642.0689697265625,-1,-1,-1,-1
361,2,645.6842651367188,693.0051879882812,235.61944580078125,678.8449096679688,-1,-1,-1,-1
362,2,645.578125,669.7115478515625,240.21246337890625,721.244384765625,-1,-1,-1,-1
363,2,641.5856323242188,666.0864868164062,258.88922119140625,742.2538452148438,-1,-1,-1,-1
364,2,633.8108520507812,669.4506225585938,286.0350341796875,740.0575561523438,-1,-1,-1,-1
365,2,621.1458129882812,684.4392700195312,341.642333984375,724.9697875976562,-1,-1,-1,-1
366,2,600.6322021484375,696.65478515625,467.2293701171875,710.6712646484375,-1,-1,-1,-1
367,2,564.878662109375,699.4541625976562,601.3304443359375,709.6112670898438,-1,-1,-1,-1
368,2,536.8941040039062,690.778076171875,683.0258178710938,717.7899169921875,-1,-1,-1,-1
369,2,474.4767761230469,684.8283081054688,653.2340087890625,721.4946899414062,-1,-1,-1,-1
370,2,470.84381103515625,673.0739135742188,691.2172241210938,734.4423217773438,-1,-1,-1,-1
371,2,626.3092041015625,655.925537109375,497.8896484375,749.333251953125,-1,-1,-1,-1
372,2,462.0883483886719,667.3596801757812,642.21826171875,739.3353881835938,-1,-1,-1,-1
373,2,534.4423217773438,594.1303100585938,592.8800659179688,791.6087036132812,-1,-1,-1,-1
374,2,489.58489990234375,511.0122375488281,671.2681274414062,759.5775146484375,-1,-1,-1,-1
375,2,533.2048950195312,430.205810546875,618.4431762695312,785.6182861328125,-1,-1,-1,-1
376,2,548.7620239257812,341.3271789550781,588.5371704101562,835.9578857421875,-1,-1,-1,-1
377,2,629.936767578125,287.3376770019531,569.5638427734375,1083.1356201171875,-1,-1,-1,-1
378,2,659.6077270507812,212.06964111328125,587.9830932617188,1133.91015625,-1,-1,-1,-1
379,2,604.4642333984375,89.48289489746094,570.9300537109375,1195.6168212890625,-1,-1,-1,-1
380,2,592.3480224609375,14.790576934814453,528.1776123046875,1098.7657470703125,-1,-1,-1,-1
381,2,584.0926513671875,5.074226379394531,491.3431396484375,1247.348876953125,-1,-1,-1,-1
382,2,561.3626708984375,14.119441986083984,486.3934326171875,1208.5146484375,-1,-1,-1,-1
383,2,567.7872314453125,32.49164581298828,481.345947265625,1125.583251953125,-1,-1,-1,-1
384,2,604.5509643554688,45.99856185913086,462.74188232421875,1070.32666015625,-1,-1,-1,-1
385,2,669.3572387695312,99.12308502197266,431.96246337890625,1033.698486328125,-1,-1,-1,-1
386,2,757.4107666015625,217.0238800048828,392.5472412109375,995.2706909179688,-1,-1,-1,-1
387,2,820.474853515625,344.2505187988281,365.9053955078125,961.3062744140625,-1,-1,-1,-1
388,2,869.0451049804688,435.5970153808594,344.21307373046875,921.7200927734375,-1,-1,-1,-1
389,2,879.7384033203125,507.7898864746094,322.888671875,861.2742919921875,-1,-1,-1,-1
390,2,890.2855224609375,578.655517578125,300.32958984375,798.4300537109375,-1,-1,-1,-1
391,2,879.51220703125,642.6548461914062,292.6087646484375,746.9147338867188,-1,-1,-1,-1
392,2,848.0313110351562,691.8168334960938,293.68218994140625,716.3400268554688,-1,-1,-1,-1
393,2,812.399658203125,711.1621704101562,299.1668701171875,699.0957641601562,-1,-1,-1,-1
394,2,791.1654052734375,721.5577392578125,306.9737548828125,688.2818603515625,-1,-1,-1,-1
395,2,770.8751220703125,715.5115966796875,308.2850341796875,693.733642578125,-1,-1,-1,-1
396,2,735.2672729492188,695.3470458984375,326.79449462890625,700.2877197265625,-1,-1,-1,-1
397,2,702.4230346679688,684.0181884765625,354.07647705078125,694.1607666015625,-1,-1,-1,-1
398,2,643.6128540039062,688.6485595703125,414.61163330078125,689.635009765625,-1,-1,-1,-1
399,2,608.3113403320312,683.9905395507812,455.25921630859375,681.3289184570312,-1,-1,-1,-1
400,2,609.2369995117188,680.1629028320312,475.13006591796875,665.6846313476562,-1,-1,-1,-1
401,2,643.9931030273438,676.64404296875,428.27069091796875,647.6318359375,-1,-1,-1,-1
402,2,683.6964111328125,662.8135375976562,376.8834228515625,625.9540405273438,-1,-1,-1,-1
403,2,744.9013671875,643.8912353515625,321.244384765625,603.3668212890625,-1,-1,-1,-1
404,2,805.6549682617188,624.051513671875,268.03863525390625,583.4906005859375,-1,-1,-1,-1
405,2,817.195068359375,588.255126953125,240.30615234375,566.2630615234375,-1,-1,-1,-1
406,2,829.419677734375,562.049072265625,209.69921875,549.980712890625,-1,-1,-1,-1
407,2,830.3485717773438,545.5930786132812,188.67559814453125,533.2236938476562,-1,-1,-1,-1
408,2,839.5494995117188,541.583740234375,177.0281982421875,519.9949951171875,-1,-1,-1,-1
409,2,839.3430786132812,546.3507080078125,175.2030029296875,504.2569580078125,-1,-1,-1,-1
410,2,830.0507202148438,544.386474609375,171.200927734375,489.8585205078125,-1,-1,-1,-1
411,2,830.2022705078125,529.3290405273438,168.64581298828125,488.5543212890625,-1,-1,-1,-1
412,2,828.3804931640625,518.0426025390625,174.91131591796875,481.11322021484375,-1,-1,-1,-1
413,2,815.5823974609375,517.5087890625,152.88232421875,471.14508056640625,-1,-1,-1,-1
414,2,812.96435546875,514.881103515625,154.2462158203125,461.28472900390625,-1,-1,-1,-1
415,2,804.2581787109375,533.054443359375,155.7623291015625,453.22491455078125,-1,-1,-1,-1
416,2,802.7424926757812,545.5816650390625,152.91717529296875,447.2398681640625,-1,-1,-1,-1
417,2,789.3067626953125,552.3792724609375,150.318603515625,440.34625244140625,-1,-1,-1,-1
418,2,761.8939819335938,555.2296752929688,146.5360107421875,427.443359375,-1,-1,-1,-1
419,2,734.5586547851562,571.466796875,148.01153564453125,416.9071044921875,-1,-1,-1,-1
420,2,730.0505981445312,581.4500732421875,140.6917724609375,407.75390625,-1,-1,-1,-1
421,2,726.8561401367188,593.011474609375,142.80206298828125,399.3792724609375,-1,-1,-1,-1
422,2,725.0926513671875,596.3976440429688,146.75238037109375,393.94537353515625,-1,-1,-1,-1
423,2,713.7029418945312,595.8248901367188,153.93182373046875,392.03826904296875,-1,-1,-1,-1
424,2,707.3231811523438,603.080322265625,150.9713134765625,395.99188232421875,-1,-1,-1,-1
425,2,712.5858154296875,608.4837036132812,158.0479736328125,397.07623291015625,-1,-1,-1,-1
426,2,715.291015625,621.6483154296875,170.1083984375,397.23114013671875,-1,-1,-1,-1
427,2,715.1165161132812,642.211669921875,166.7734375,396.813232421875,-1,-1,-1,-1
428,2,717.3548583984375,657.3665161132812,154.4234619140625,393.88616943359375,-1,-1,-1,-1
429,2,714.884765625,662.1467895507812,149.605224609375,389.12054443359375,-1,-1,-1,-1
430,2,710.6971435546875,683.6018676757812,149.66412353515625,391.42620849609375,-1,-1,-1,-1
431,2,701.9534912109375,694.8211059570312,140.62396240234375,391.59185791015625,-1,-1,-1,-1
432,2,695.068115234375,699.5166625976562,139.18511962890625,398.15509033203125,-1,-1,-1,-1
433,2,690.0358276367188,691.5020141601562,139.91204833984375,403.45343017578125,-1,-1,-1,-1
434,2,692.4320678710938,689.3079833984375,146.68017578125,398.04638671875,-1,-1,-1,-1
435,2,697.1869506835938,695.6315307617188,158.0152587890625,393.76641845703125,-1,-1,-1,-1
436,2,697.008544921875,709.6658935546875,156.59442138671875,398.3955078125,-1,-1,-1,-1
437,2,700.4469604492188,718.3099975585938,160.00885009765625,406.70404052734375,-1,-1,-1,-1
438,2,703.6729736328125,724.3621215820312,159.86566162109375,410.53509521484375,-1,-1,-1,-1
439,2,704.2545166015625,722.4471435546875,163.28778076171875,411.2276611328125,-1,-1,-1,-1
440,2,692.8525390625,720.7750854492188,162.16552734375,411.41815185546875,-1,-1,-1,-1
441,2,682.8355102539062,709.8817138671875,158.58758544921875,407.6015625,-1,-1,-1,-1
442,2,687.5984497070312,720.465087890625,159.244140625,408.4307861328125,-1,-1,-1,-1
443,2,682.7081298828125,726.9935302734375,149.5330810546875,412.48095703125,-1,-1,-1,-1
444,2,686.9871826171875,722.6026000976562,141.9334716796875,412.89056396484375,-1,-1,-1,-1
445,2,693.0321044921875,715.1542358398438,143.83953857421875,414.60504150390625,-1,-1,-1,-1
446,2,696.1770629882812,711.40478515625,158.12896728515625,415.6087646484375,-1,-1,-1,-1
447,2,700.35498046875,710.7470703125,193.94195556640625,418.800048828125,-1,-1,-1,-1
448,2,701.9143676757812,719.3484497070312,228.18133544921875,421.74713134765625,-1,-1,-1,-1
449,2,696.956298828125,730.9617919921875,245.66552734375,422.57373046875,-1,-1,-1,-1
450,2,695.1947021484375,743.7361450195312,256.94488525390625,432.70062255859375,-1,-1,-1,-1
451,2,703.5830078125,760.9984130859375,259.206787109375,445.4656982421875,-1,-1,-1,-1
452,2,706.6643676757812,766.0259399414062,242.83648681640625,458.11798095703125,-1,-1,-1,-1
453,2,706.0155029296875,750.957763671875,225.49755859375,464.527587890625,-1,-1,-1,-1
454,2,704.7804565429688,748.7574462890625,211.80499267578125,474.8350830078125,-1,-1,-1,-1
455,2,703.231201171875,743.1804809570312,198.67041015625,489.80560302734375,-1,-1,-1,-1
456,2,696.8317260742188,733.8677978515625,187.89056396484375,525.0716552734375,-1,-1,-1,-1
457,2,696.9498291015625,719.845458984375,183.8343505859375,566.9014892578125,-1,-1,-1,-1
458,2,694.55908203125,715.5064697265625,189.06011962890625,614.359130859375,-1,-1,-1,-1
459,2,689.5114135742188,737.2600708007812,221.7757568359375,642.2940063476562,-1,-1,-1,-1
460,2,689.3418579101562,766.2626342773438,244.3934326171875,635.4805297851562,-1,-1,-1,-1
461,2,692.2745971679688,781.7379760742188,243.4417724609375,621.3513793945312,-1,-1,-1,-1
462,2,690.193603515625,780.812255859375,230.6658935546875,611.3909912109375,-1,-1,-1,-1
463,2,688.0125122070312,765.4217529296875,234.1527099609375,620.15673828125,-1,-1,-1,-1
464,2,685.1516723632812,742.0410766601562,233.76019287109375,642.1137084960938,-1,-1,-1,-1
465,2,686.4222412109375,721.5145874023438,234.811279296875,651.3623657226562,-1,-1,-1,-1
466,2,700.4488525390625,706.6180419921875,209.2830810546875,647.424560546875,-1,-1,-1,-1
467,2,703.6165161132812,710.9471435546875,206.23553466796875,623.7137451171875,-1,-1,-1,-1
468,2,704.2205810546875,717.912109375,205.656982421875,601.2774658203125,-1,-1,-1,-1
469,2,700.4307250976562,733.2296142578125,209.77117919921875,582.2376708984375,-1,-1,-1,-1
470,2,702.6229858398438,749.3978271484375,206.27142333984375,562.6011962890625,-1,-1,-1,-1
471,2,706.8582153320312,751.165283203125,203.1607666015625,557.1942138671875,-1,-1,-1,-1
472,2,705.9486083984375,738.5885009765625,204.9024658203125,566.4952392578125,-1,-1,-1,-1
473,2,709.0161743164062,722.184814453125,208.2333984375,575.7125244140625,-1,-1,-1,-1
474,2,709.9840087890625,703.674072265625,186.87042236328125,577.8389892578125,-1,-1,-1,-1
475,2,709.1829833984375,703.2595825195312,168.83526611328125,570.7359008789062,-1,-1,-1,-1
476,2,715.65380859375,708.2772827148438,167.4827880859375,549.5817260742188,-1,-1,-1,-1
477,2,718.742431640625,734.245361328125,170.07080078125,543.6468505859375,-1,-1,-1,-1
478,2,708.8342895507812,754.0407104492188,175.267822265625,543.4730834960938,-1,-1,-1,-1
479,2,701.4315795898438,754.2009887695312,182.84222412109375,524.6218872070312,-1,-1,-1,-1
480,2,695.783203125,739.989501953125,186.7596435546875,562.31103515625,-1,-1,-1,-1
481,2,695.711669921875,726.7359619140625,191.85211181640625,598.0452880859375,-1,-1,-1,-1
482,2,689.5986328125,718.9214477539062,206.04266357421875,617.6524047851562,-1,-1,-1,-1
483,2,690.8963623046875,728.4095458984375,206.21368408203125,635.3358154296875,-1,-1,-1,-1
484,2,688.1529541015625,741.3717041015625,210.329345703125,627.2825927734375,-1,-1,-1,-1
485,2,689.4430541992188,760.8150634765625,217.0626220703125,624.68994140625,-1,-1,-1,-1
486,2,692.6023559570312,766.5858764648438,226.24371337890625,639.6963500976562,-1,-1,-1,-1
487,2,692.8759155273438,778.326904296875,225.35162353515625,631.5389404296875,-1,-1,-1,-1
488,2,697.6642456054688,770.8009033203125,213.57513427734375,615.0108642578125,-1,-1,-1,-1
489,2,695.7291870117188,752.7571411132812,209.35040283203125,597.4475708007812,-1,-1,-1,-1
490,2,644.8453979492188,683.75927734375,225.1689453125,576.842529296875,-1,-1,-1,-1
491,2,620.033203125,634.229736328125,249.08642578125,591.5357666015625,-1,-1,-1,-1
492,2,615.3523559570312,632.0279541015625,280.743408203125,631.223388671875,-1,-1,-1,-1
493,2,633.0005493164062,650.577880859375,292.495849609375,655.8974609375,-1,-1,-1,-1
494,2,649.4872436523438,651.3143310546875,293.67913818359375,626.019775390625,-1,-1,-1,-1
495,2,646.5467529296875,642.5953369140625,240.27313232421875,607.03759765625,-1,-1,-1,-1
496,2,664.9503784179688,668.1129150390625,234.56134033203125,591.1539306640625,-1,-1,-1,-1
497,2,678.2796630859375,670.326416015625,238.693359375,585.3861083984375,-1,-1,-1,-1
498,2,678.77099609375,672.65673828125,239.5311279296875,592.7659912109375,-1,-1,-1,-1
499,2,665.1348266601562,666.2246704101562,246.02276611328125,605.6807250976562,-1,-1,-1,-1
500,2,667.7684936523438,659.90771484375,240.8359375,627.509765625,-1,-1,-1,-1
501,2,668.92236328125,662.6116943359375,244.43743896484375,649.7137451171875,-1,-1,-1,-1
502,2,669.8610229492188,686.5636596679688,238.4501953125,662.7576293945312,-1,-1,-1,-1
503,2,668.0693359375,694.4241333007812,213.24761962890625,659.8112182617188,-1,-1,-1,-1
504,2,664.4258422851562,709.643798828125,194.2130126953125,652.2379150390625,-1,-1,-1,-1
505,2,665.3739013671875,706.2340087890625,174.25146484375,638.4410400390625,-1,-1,-1,-1
506,2,664.5318603515625,698.9830932617188,171.6868896484375,633.7650756835938,-1,-1,-1,-1
507,2,664.0625,692.8411865234375,178.8079833984375,630.6968994140625,-1,-1,-1,-1
508,2,661.7169189453125,694.1370849609375,184.7366943359375,643.3585205078125,-1,-1,-1,-1
509,2,657.1085815429688,689.2490234375,181.15521240234375,652.902099609375,-1,-1,-1,-1
510,2,656.593994140625,680.795654296875,181.964599609375,658.6954345703125,-1,-1,-1,-1
511,2,654.3561401367188,682.0787963867188,179.991455078125,610.7183227539062,-1,-1,-1,-1
512,2,635.0564575195312,698.5492553710938,205.1619873046875,671.5275268554688,-1,-1,-1,-1
513,2,604.9507446289062,711.8150634765625,236.59979248046875,676.2489013671875,-1,-1,-1,-1
514,2,588.3611450195312,722.7214965820312,261.64410400390625,667.1394653320312,-1,-1,-1,-1
515,2,577.0429077148438,726.1260986328125,281.57183837890625,658.3505859375,-1,-1,-1,-1
516,2,567.2366333007812,723.4752197265625,300.48736572265625,654.2027587890625,-1,-1,-1,-1
517,2,563.2055053710938,720.5006103515625,310.95318603515625,652.7674560546875,-1,-1,-1,-1
518,2,563.3515625,711.9080810546875,331.7923583984375,651.1593017578125,-1,-1,-1,-1
519,2,578.33935546875,709.720947265625,329.96875,646.459716796875,-1,-1,-1,-1
520,2,591.611083984375,710.2340698242188,326.764404296875,643.5720825195312,-1,-1,-1,-1
521,2,607.6475830078125,706.7529907226562,310.3995361328125,642.5881958007812,-1,-1,-1,-1
522,2,624.7328491210938,698.3174438476562,269.47198486328125,640.6262817382812,-1,-1,-1,-1
523,2,637.5066528320312,693.9036254882812,233.13262939453125,637.0853881835938,-1,-1,-1,-1
524,2,651.1749877929688,686.3746337890625,191.2474365234375,625.45751953125,-1,-1,-1,-1
525,2,654.3854370117188,681.9442138671875,185.78204345703125,612.2664794921875,-1,-1,-1,-1
526,2,660.9395141601562,686.0333251953125,187.648681640625,605.5103759765625,-1,-1,-1,-1
527,2,665.8822021484375,694.542724609375,205.5367431640625,606.835693359375,-1,-1,-1,-1
528,2,682.5423583984375,708.46533203125,210.51141357421875,632.841552734375,-1,-1,-1,-1
529,2,693.594482421875,717.8236694335938,218.79852294921875,665.3502807617188,-1,-1,-1,-1
530,2,702.4559936523438,721.3026123046875,213.11785888671875,655.3692626953125,-1,-1,-1,-1
531,2,711.518798828125,722.54150390625,197.76165771484375,633.5228271484375,-1,-1,-1,-1
532,2,683.7545776367188,725.606201171875,211.362548828125,617.002197265625,-1,-1,-1,-1
533,2,673.6688842773438,697.669189453125,206.91650390625,604.9862060546875,-1,-1,-1,-1
534,2,699.01708984375,660.0166015625,189.03411865234375,615.3055419921875,-1,-1,-1,-1
535,2,705.555908203125,629.6449584960938,201.038330078125,635.7432250976562,-1,-1,-1,-1
536,2,704.2529296875,619.2378540039062,213.1483154296875,642.1856079101562,-1,-1,-1,-1
537,2,706.1350708007812,618.1176147460938,200.16015625,609.1630249023438,-1,-1,-1,-1
538,2,689.7417602539062,640.641845703125,207.626708984375,576.0484619140625,-1,-1,-1,-1
539,2,662.3052978515625,658.2205200195312,227.2696533203125,579.1339721679688,-1,-1,-1,-1
540,2,652.0409545898438,651.684814453125,208.77337646484375,591.8148193359375,-1,-1,-1,-1
541,2,647.031982421875,659.4976196289062,200.7747802734375,618.1600952148438,-1,-1,-1,-1
542,2,661.7877197265625,670.0264892578125,194.163330078125,630.6287841796875,-1,-1,-1,-1
543,2,666.6389770507812,688.6499633789062,164.3680419921875,593.9219360351562,-1,-1,-1,-1
544,2,670.643798828125,713.4586181640625,150.4122314453125,547.626953125,-1,-1,-1,-1
545,2,683.0675659179688,728.05810546875,144.78350830078125,532.8587646484375,-1,-1,-1,-1
546,2,677.592529296875,706.8877563476562,149.0728759765625,535.8893432617188,-1,-1,-1,-1
547,2,667.2513427734375,674.260498046875,150.877197265625,546.54443359375,-1,-1,-1,-1
548,2,661.37646484375,649.0070190429688,157.582275390625,545.0818481445312,-1,-1,-1,-1
549,2,671.7868041992188,640.049560546875,158.08380126953125,528.85546875,-1,-1,-1,-1
550,2,674.8089599609375,647.1038208007812,163.12103271484375,507.62677001953125,-1,-1,-1,-1
551,2,677.3048706054688,662.4580688476562,174.557861328125,486.94842529296875,-1,-1,-1,-1
552,2,683.959716796875,677.8223876953125,185.9046630859375,471.476318359375,-1,-1,-1,-1
553,2,690.7598266601562,687.0411376953125,195.81390380859375,462.412109375,-1,-1,-1,-1
554,2,700.1563110351562,689.9033813476562,196.32464599609375,463.47613525390625,-1,-1,-1,-1
555,2,705.982666015625,678.6559448242188,193.0416259765625,475.18035888671875,-1,-1,-1,-1
556,2,714.4312744140625,656.6256713867188,177.1759033203125,504.07122802734375,-1,-1,-1,-1
557,2,715.0906982421875,642.2340087890625,167.2232666015625,549.434326171875,-1,-1,-1,-1
558,2,717.7160034179688,636.5631713867188,161.63665771484375,590.4297485351562,-1,-1,-1,-1
559,2,735.090576171875,624.373291015625,164.56573486328125,621.1453857421875,-1,-1,-1,-1
560,2,741.040771484375,644.4968872070312,169.36956787109375,638.3914184570312,-1,-1,-1,-1
561,2,743.2650756835938,653.1420288085938,181.96624755859375,639.3425903320312,-1,-1,-1,-1
562,2,713.0604858398438,632.918701171875,192.81756591796875,642.3902587890625,-1,-1,-1,-1
563,2,665.367431640625,604.4519653320312,190.90252685546875,656.0090942382812,-1,-1,-1,-1
564,2,669.7301025390625,581.1065673828125,191.89483642578125,577.9820556640625,-1,-1,-1,-1
565,2,688.2135009765625,561.5850219726562,203.92669677734375,692.8213500976562,-1,-1,-1,-1
566,2,687.6581420898438,547.36474609375,218.83746337890625,662.118896484375,-1,-1,-1,-1
567,2,685.9823608398438,562.8927612304688,237.93572998046875,645.9072875976562,-1,-1,-1,-1
568,2,677.5430297851562,577.8929443359375,245.93560791015625,663.5743408203125,-1,-1,-1,-1
569,2,703.2335205078125,605.4462890625,278.60205078125,705.4923095703125,-1,-1,-1,-1
570,2,754.7233276367188,584.9452514648438,377.27935791015625,770.0885620117188,-1,-1,-1,-1
571,2,732.281494140625,476.2696228027344,496.9669189453125,608.7313232421875,-1,-1,-1,-1
572,2,679.6082763671875,378.8035888671875,524.0189208984375,627.8595581054688,-1,-1,-1,-1
573,2,558.8394775390625,383.51434326171875,620.30517578125,680.0287475585938,-1,-1,-1,-1
574,2,519.2252807617188,460.6642761230469,642.3580932617188,708.2152099609375,-1,-1,-1,-1
575,2,519.849853515625,533.685791015625,625.5430908203125,788.962158203125,-1,-1,-1,-1
576,2,514.7374877929688,585.83837890625,596.6655883789062,822.869140625,-1,-1,-1,-1
577,2,538.5604858398438,592.63037109375,546.8783569335938,812.163330078125,-1,-1,-1,-1
578,2,606.644287109375,567.81591796875,432.5245361328125,740.140625,-1,-1,-1,-1
579,2,661.2987670898438,515.3400268554688,332.32867431640625,721.7090454101562,-1,-1,-1,-1
580,2,640.4567260742188,515.857177734375,278.17059326171875,707.560791015625,-1,-1,-1,-1
581,2,634.7720947265625,490.8799133300781,255.2071533203125,698.3411865234375,-1,-1,-1,-1
582,2,637.1820068359375,430.2715759277344,261.68206787109375,704.913818359375,-1,-1,-1,-1
583,2,623.94140625,392.5365905761719,281.01123046875,771.47412109375,-1,-1,-1,-1
584,2,635.9810180664062,314.99432373046875,398.38372802734375,901.2171020507812,-1,-1,-1,-1
585,2,599.0728759765625,254.86663818359375,498.001220703125,867.7083129882812,-1,-1,-1,-1
586,2,563.6311645507812,226.77023315429688,320.02520751953125,750.4599609375,-1,-1,-1,-1
587,2,580.0585327148438,158.70236206054688,301.13018798828125,767.265380859375,-1,-1,-1,-1
588,2,657.047607421875,59.72976303100586,272.16094970703125,827.7521362304688,-1,-1,-1,-1
589,2,706.4690551757812,109.29798889160156,315.92620849609375,795.5340576171875,-1,-1,-1,-1
590,2,679.3156127929688,196.4712677001953,325.68817138671875,760.2809448242188,-1,-1,-1,-1
591,2,692.1094360351562,255.14422607421875,311.115478515625,694.4031372070312,-1,-1,-1,-1
592,2,705.5106201171875,320.45672607421875,307.8931884765625,635.6372680664062,-1,-1,-1,-1
593,2,694.0951538085938,359.0931396484375,318.062744140625,605.9288330078125,-1,-1,-1,-1
594,2,675.3202514648438,392.7542419433594,288.49383544921875,590.2325439453125,-1,-1,-1,-1
595,2,653.2260131835938,442.23651123046875,265.7318115234375,581.445556640625,-1,-1,-1,-1
596,2,624.6162109375,504.84552001953125,307.756591796875,642.4125366210938,-1,-1,-1,-1
597,2,596.3231811523438,587.007080078125,334.71875,730.6470947265625,-1,-1,-1,-1
598,2,565.3903198242188,681.8697509765625,349.4820556640625,726.876220703125,-1,-1,-1,-1
599,2,538.6414794921875,765.384765625,384.87725830078125,642.001953125,-1,-1,-1,-1
600,2,499.9547119140625,829.6635131835938,356.98175048828125,579.0567016601562,-1,-1,-1,-1
601,2,464.41552734375,869.6566162109375,355.80035400390625,539.789306640625,-1,-1,-1,-1
103,3,241.39987182617188,617.1197509765625,177.54608154296875,305.39215087890625,-1,-1,-1,-1
104,3,270.5157470703125,653.8378295898438,166.381591796875,301.63372802734375,-1,-1,-1,-1
105,3,317.3339538574219,741.3412475585938,157.22091674804688,296.92816162109375,-1,-1,-1,-1
106,3,320.5194396972656,752.7031860351562,145.69650268554688,299.35723876953125,-1,-1,-1,-1
107,3,329.9864196777344,746.5579833984375,135.92581176757812,295.836669921875,-1,-1,-1,-1
108,3,336.4621887207031,742.4003295898438,134.95046997070312,290.54644775390625,-1,-1,-1,-1
109,3,353.3145446777344,746.500244140625,129.07733154296875,285.121826171875,-1,-1,-1,-1
110,3,361.142822265625,773.5223388671875,125.78561401367188,280.575439453125,-1,-1,-1,-1
111,3,371.8872375488281,799.9541625976562,118.39517211914062,282.59771728515625,-1,-1,-1,-1
112,3,378.2651672363281,816.888427734375,118.92294311523438,284.7015380859375,-1,-1,-1,-1
113,3,368.6124267578125,823.7452392578125,115.39926147460938,282.0858154296875,-1,-1,-1,-1
114,3,359.47528076171875,826.1483764648438,114.82656860351562,281.91693115234375,-1,-1,-1,-1
115,3,349.1032409667969,827.8545532226562,112.31137084960938,282.49114990234375,-1,-1,-1,-1
116,3,344.47698974609375,829.5836181640625,111.49053955078125,284.1109619140625,-1,-1,-1,-1
117,3,343.75006103515625,820.0396728515625,110.13262939453125,280.197021484375,-1,-1,-1,-1
118,3,340.72821044921875,814.903564453125,109.37054443359375,276.5562744140625,-1,-1,-1,-1
119,3,341.0309753417969,814.7086181640625,108.57513427734375,274.291015625,-1,-1,-1,-1
120,3,340.4173583984375,805.105712890625,106.98687744140625,271.8199462890625,-1,-1,-1,-1
121,3,344.2794494628906,801.0625,105.53121948242188,268.1334228515625,-1,-1,-1,-1
122,3,355.0617980957031,807.0816040039062,104.57247924804688,264.14715576171875,-1,-1,-1,-1
123,3,361.7039489746094,811.9673461914062,104.56686401367188,263.31610107421875,-1,-1,-1,-1
124,3,366.669677734375,814.0340576171875,104.66085815429688,260.356201171875,-1,-1,-1,-1
125,3,372.1508483886719,808.5578002929688,103.65249633789062,257.21075439453125,-1,-1,-1,-1
126,3,374.65521240234375,806.5179443359375,104.23074340820312,256.985107421875,-1,-1,-1,-1
127,3,377.9210205078125,804.5007934570312,102.59432983398438,255.67486572265625,-1,-1,-1,-1
128,3,382.63519287109375,800.773681640625,99.42962646484375,251.8436279296875,-1,-1,-1,-1
129,3,381.8876647949219,800.2173461914062,99.98623657226562,251.96453857421875,-1,-1,-1,-1
130,3,387.1212158203125,806.3851318359375,99.51507568359375,253.8143310546875,-1,-1,-1,-1
131,3,389.7141418457031,814.1334838867188,99.75863647460938,252.73980712890625,-1,-1,-1,-1
132,3,387.962158203125,818.17333984375,99.71896362304688,254.5264892578125,-1,-1,-1,-1
133,3,385.7530517578125,815.8871459960938,99.6549072265625,254.31402587890625,-1,-1,-1,-1
134,3,386.8788146972656,813.5341796875,100.115966796875,254.7491455078125,-1,-1,-1,-1
135,3,386.5740051269531,814.5551147460938,100.98953247070312,256.02789306640625,-1,-1,-1,-1
136,3,379.9911193847656,817.717529296875,103.10986328125,258.7327880859375,-1,-1,-1,-1
137,3,369.6526184082031,823.489501953125,102.93563842773438,262.420166015625,-1,-1,-1,-1
138,3,362.99517822265625,822.77197265625,104.52471923828125,266.1448974609375,-1,-1,-1,-1
139,3,358.71856689453125,818.551025390625,103.44329833984375,265.630126953125,-1,-1,-1,-1
140,3,351.1046142578125,817.1318359375,105.43988037109375,269.9710693359375,-1,-1,-1,-1
141,3,346.85595703125,809.3995361328125,106.41973876953125,268.273681640625,-1,-1,-1,-1
142,3,341.1308898925781,802.4287109375,105.80169677734375,268.2342529296875,-1,-1,-1,-1
143,3,341.3056945800781,800.6743774414062,105.01434326171875,268.87103271484375,-1,-1,-1,-1
144,3,338.31268310546875,801.0447387695312,106.12225341796875,270.10919189453125,-1,-1,-1,-1
145,3,337.4848327636719,801.5521240234375,106.4786376953125,270.9888916015625,-1,-1,-1,-1
146,3,339.4730529785156,803.0786743164062,106.55950927734375,268.87957763671875,-1,-1,-1,-1
147,3,346.48583984375,812.5880126953125,104.33367919921875,267.0521240234375,-1,-1,-1,-1
148,3,358.2748718261719,821.8094482421875,103.6048583984375,267.3516845703125,-1,-1,-1,-1
149,3,365.7859802246094,828.3536987304688,102.44979858398438,264.68463134765625,-1,-1,-1,-1
150,3,368.0793151855469,821.3895263671875,101.73995971679688,264.070556640625,-1,-1,-1,-1
151,3,366.1641845703125,812.5594482421875,101.62374877929688,261.680419921875,-1,-1,-1,-1
152,3,368.154541015625,807.2401123046875,101.4002685546875,259.1917724609375,-1,-1,-1,-1
153,3,372.8549499511719,799.473876953125,98.7633056640625,257.2608642578125,-1,-1,-1,-1
154,3,375.5400390625,796.2135009765625,99.86849975585938,255.2135009765625,-1,-1,-1,-1
155,3,378.386474609375,794.4976806640625,100.31051635742188,254.0369873046875,-1,-1,-1,-1
156,3,378.3137512207031,798.2554321289062,99.41171264648438,252.53802490234375,-1,-1,-1,-1
157,3,378.19158935546875,794.3807373046875,100.46670532226562,253.811767578125,-1,-1,-1,-1
158,3,381.329345703125,792.998046875,99.221923828125,253.8992919921875,-1,-1,-1,-1
159,3,383.62396240234375,789.6929931640625,98.18994140625,254.66455078125,-1,-1,-1,-1
160,3,382.66644287109375,789.0308227539062,99.01791381835938,256.49713134765625,-1,-1,-1,-1
161,3,379.35443115234375,789.0064086914062,101.34597778320312,257.25872802734375,-1,-1,-1,-1
162,3,377.7551574707031,789.8099975585938,101.75970458984375,258.84124755859375,-1,-1,-1,-1
163,3,380.9974060058594,783.378173828125,100.88186645507812,258.1500244140625,-1,-1,-1,-1
164,3,381.422607421875,776.5148315429688,101.060546875,259.53057861328125,-1,-1,-1,-1
165,3,383.6286926269531,771.4008178710938,101.47747802734375,260.03192138671875,-1,-1,-1,-1
166,3,387.38262939453125,766.7693481445312,100.67694091796875,260.09271240234375,-1,-1,-1,-1
167,3,391.7618103027344,764.633544921875,102.33456420898438,259.50958251953125,-1,-1,-1,-1
168,3,397.47381591796875,762.973876953125,100.4542236328125,259.7904052734375,-1,-1,-1,-1
169,3,398.29547119140625,762.02587890625,99.82611083984375,258.88385009765625,-1,-1,-1,-1
170,3,398.0462646484375,761.2503662109375,99.892333984375,257.8927001953125,-1,-1,-1,-1
171,3,401.5700988769531,759.7415161132812,98.89993286132812,255.93963623046875,-1,-1,-1,-1
172,3,402.2383728027344,756.9743041992188,97.93984985351562,254.2215576171875,-1,-1,-1,-1
173,3,402.10162353515625,756.8129272460938,96.78463745117188,252.0252685546875,-1,-1,-1,-1
174,3,401.3663635253906,754.2650146484375,96.3248291015625,250.63031005859375,-1,-1,-1,-1
175,3,398.6168212890625,751.10791015625,95.35443115234375,248.51104736328125,-1,-1,-1,-1
176,3,396.181884765625,743.453857421875,96.41452026367188,247.71630859375,-1,-1,-1,-1
177,3,399.4307556152344,737.0840454101562,94.5657958984375,246.43316650390625,-1,-1,-1,-1
178,3,402.88201904296875,733.5359497070312,94.67446899414062,247.44036865234375,-1,-1,-1,-1
179,3,400.0825500488281,739.075927734375,95.357177734375,255.7099609375,-1,-1,-1,-1
180,3,399.054443359375,739.7239379882812,96.28915405273438,271.78216552734375,-1,-1,-1,-1
181,3,402.0009765625,741.201416015625,95.77816772460938,245.64642333984375,-1,-1,-1,-1
182,3,400.22613525390625,735.4578857421875,95.95321655273438,245.9178466796875,-1,-1,-1,-1
183,3,393.9178466796875,735.6221313476562,98.6881103515625,248.48370361328125,-1,-1,-1,-1
184,3,390.2545471191406,734.9173583984375,99.82400512695312,248.48870849609375,-1,-1,-1,-1
185,3,390.02294921875,738.789794921875,100.43899536132812,251.6649169921875,-1,-1,-1,-1
186,3,390.45855712890625,737.011962890625,101.0006103515625,253.540771484375,-1,-1,-1,-1
187,3,388.6675109863281,731.442626953125,102.21893310546875,253.63800048828125,-1,-1,-1,-1
188,3,391.65509033203125,723.7637329101562,102.212890625,255.04449462890625,-1,-1,-1,-1
189,3,390.31219482421875,724.385009765625,103.24227905273438,256.0086669921875,-1,-1,-1,-1
190,3,391.4283447265625,724.5364379882812,103.38946533203125,257.283935546875,-1,-1,-1,-1
191,3,389.0317687988281,722.7249755859375,102.39407348632812,257.91766357421875,-1,-1,-1,-1
192,3,387.176513671875,723.2999267578125,103.30422973632812,259.49713134765625,-1,-1,-1,-1
193,3,378.08416748046875,729.3093872070312,106.0867919921875,263.0623779296875,-1,-1,-1,-1
194,3,379.1451110839844,736.2086791992188,106.76931762695312,261.46142578125,-1,-1,-1,-1
195,3,376.6964111328125,723.3139038085938,107.04025268554688,260.732177734375,-1,-1,-1,-1
196,3,375.4473876953125,711.5538330078125,106.31405639648438,257.4989013671875,-1,-1,-1,-1
197,3,362.7176208496094,659.44775390625,107.81744384765625,256.8577880859375,-1,-1,-1,-1
198,3,357.770751953125,613.546875,108.32730102539062,255.2318115234375,-1,-1,-1,-1
199,3,357.4283447265625,577.2811889648438,111.12411499023438,252.5479736328125,-1,-1,-1,-1
200,3,357.781982421875,580.0304565429688,111.96630859375,253.57958984375,-1,-1,-1,-1
201,3,369.2496032714844,558.5028076171875,108.96084594726562,253.54144287109375,-1,-1,-1,-1
202,3,376.1869812011719,541.889892578125,106.68841552734375,251.63482666015625,-1,-1,-1,-1
203,3,377.8812561035156,556.426513671875,105.10858154296875,247.87115478515625,-1,-1,-1,-1
204,3,381.73211669921875,571.4150390625,103.02316284179688,243.60162353515625,-1,-1,-1,-1
205,3,388.10113525390625,587.9566650390625,103.44515991210938,240.07476806640625,-1,-1,-1,-1
206,3,399.46185302734375,622.3939819335938,99.41555786132812,238.060302734375,-1,-1,-1,-1
207,3,412.1189270019531,652.1026000976562,96.95028686523438,235.11181640625,-1,-1,-1,-1
208,3,421.48358154296875,676.0501708984375,95.2554931640625,234.11785888671875,-1,-1,-1,-1
209,3,424.0244140625,699.7346801757812,94.65045166015625,234.35650634765625,-1,-1,-1,-1
210,3,431.1708984375,710.143310546875,93.9852294921875,235.76715087890625,-1,-1,-1,-1
211,3,428.6068420410156,729.248291015625,93.95236206054688,235.35308837890625,-1,-1,-1,-1
212,3,429.6535339355469,738.123779296875,92.96316528320312,237.91607666015625,-1,-1,-1,-1
213,3,433.0373840332031,743.1578369140625,92.83682250976562,235.69110107421875,-1,-1,-1,-1
214,3,436.70758056640625,753.4868774414062,93.35711669921875,237.30767822265625,-1,-1,-1,-1
215,3,434.99334716796875,771.2913818359375,93.66058349609375,238.74945068359375,-1,-1,-1,-1
216,3,437.4564208984375,776.7059326171875,94.1636962890625,241.29486083984375,-1,-1,-1,-1
217,3,437.1526184082031,777.9278564453125,94.64688110351562,242.1136474609375,-1,-1,-1,-1
218,3,434.94512939453125,778.0368041992188,95.1087646484375,242.24554443359375,-1,-1,-1,-1
219,3,435.8032531738281,771.6578979492188,95.08822631835938,243.3648681640625,-1,-1,-1,-1
220,3,436.34979248046875,767.3623657226562,95.08001708984375,244.9632568359375,-1,-1,-1,-1
221,3,441.5624084472656,762.3615112304688,94.96047973632812,247.39306640625,-1,-1,-1,-1
222,3,443.73541259765625,759.1437377929688,96.16259765625,249.181640625,-1,-1,-1,-1
223,3,444.0558166503906,752.2415161132812,96.05642700195312,250.2347412109375,-1,-1,-1,-1
224,3,441.1083068847656,758.9089965820312,96.83840942382812,252.57647705078125,-1,-1,-1,-1
225,3,441.5945129394531,764.7514038085938,97.71023559570312,254.73297119140625,-1,-1,-1,-1
226,3,447.584716796875,753.64111328125,100.636962890625,251.750732421875,-1,-1,-1,-1
227,3,448.6956787109375,742.2720336914062,99.91900634765625,250.388427734375,-1,-1,-1,-1
228,3,447.9933776855469,736.4569091796875,99.92337036132812,250.50775146484375,-1,-1,-1,-1
229,3,447.599609375,730.456298828125,99.06610107421875,247.647705078125,-1,-1,-1,-1
230,3,446.9592590332031,726.8648681640625,96.97500610351562,245.81243896484375,-1,-1,-1,-1
231,3,458.9271545410156,723.0789184570312,94.97610473632812,243.29693603515625,-1,-1,-1,-1
232,3,469.47686767578125,731.5991821289062,90.57635498046875,242.10247802734375,-1,-1,-1,-1
233,3,478.1107177734375,736.6840209960938,93.6300048828125,236.54241943359375,-1,-1,-1,-1
234,3,488.9906921386719,744.1766967773438,91.18936157226562,238.1611328125,-1,-1,-1,-1
235,3,491.69854736328125,745.1636352539062,91.46038818359375,237.02362060546875,-1,-1,-1,-1
236,3,490.4707946777344,734.698486328125,91.94619750976562,236.07244873046875,-1,-1,-1,-1
237,3,491.5278015136719,729.7528686523438,92.18807983398438,234.30218505859375,-1,-1,-1,-1
238,3,498.75787353515625,731.809814453125,89.54632568359375,233.41796875,-1,-1,-1,-1
239,3,500.97198486328125,730.7325439453125,87.4962158203125,232.982421875,-1,-1,-1,-1
240,3,505.4812927246094,728.1469116210938,87.55905151367188,231.88836669921875,-1,-1,-1,-1
241,3,512.2365112304688,732.4781494140625,86.34906005859375,230.8438720703125,-1,-1,-1,-1
242,3,508.3864440917969,746.2882080078125,86.87686157226562,234.6883544921875,-1,-1,-1,-1
243,3,508.6938171386719,753.62158203125,87.94650268554688,234.3131103515625,-1,-1,-1,-1
244,3,505.8935546875,757.1708374023438,87.803955078125,234.10113525390625,-1,-1,-1,-1
245,3,502.84771728515625,759.448974609375,87.94061279296875,235.09375,-1,-1,-1,-1
246,3,501.8441162109375,758.6173095703125,88.37469482421875,236.2061767578125,-1,-1,-1,-1
247,3,503.08734130859375,754.8847045898438,88.07904052734375,236.21246337890625,-1,-1,-1,-1
248,3,503.68988037109375,753.2197265625,88.13861083984375,236.4283447265625,-1,-1,-1,-1
249,3,504.90814208984375,752.0369873046875,89.489501953125,239.74566650390625,-1,-1,-1,-1
250,3,504.437744140625,762.4597778320312,91.4095458984375,244.09417724609375,-1,-1,-1,-1
251,3,503.95965576171875,756.9176635742188,90.2794189453125,243.7984619140625,-1,-1,-1,-1
252,3,513.9190063476562,743.04248046875,90.23236083984375,242.983154296875,-1,-1,-1,-1
253,3,519.608154296875,725.6868286132812,91.624755859375,243.7550048828125,-1,-1,-1,-1
254,3,524.5115966796875,728.6590576171875,90.45245361328125,245.99237060546875,-1,-1,-1,-1
255,3,522.7219848632812,715.2379760742188,90.9195556640625,246.57061767578125,-1,-1,-1,-1
256,3,488.90264892578125,749.4703369140625,98.78033447265625,254.70745849609375,-1,-1,-1,-1
257,3,472.2839660644531,758.7562255859375,100.57553100585938,262.9110107421875,-1,-1,-1,-1
258,3,480.7049255371094,720.0270385742188,102.51065063476562,262.6527099609375,-1,-1,-1,-1
259,3,509.7744140625,701.8668823242188,102.47564697265625,266.5396728515625,-1,-1,-1,-1
260,3,445.57501220703125,709.7913818359375,116.15509033203125,280.57781982421875,-1,-1,-1,-1
261,3,420.9953918457031,731.3828125,119.53079223632812,294.4500732421875,-1,-1,-1,-1
262,3,476.397705078125,775.1874389648438,122.17431640625,302.11773681640625,-1,-1,-1,-1
263,3,560.802978515625,740.9503173828125,132.44891357421875,295.377197265625,-1,-1,-1,-1
264,3,546.265380859375,667.4710083007812,123.0335693359375,293.97625732421875,-1,-1,-1,-1
265,3,543.7103881835938,637.1231689453125,124.0487060546875,293.00115966796875,-1,-1,-1,-1
266,3,566.9591674804688,665.9197387695312,127.31671142578125,291.69769287109375,-1,-1,-1,-1
267,3,584.8464965820312,714.653564453125,130.377197265625,295.3916015625,-1,-1,-1,-1
268,3,588.0377807617188,734.4089965820312,125.86676025390625,294.57403564453125,-1,-1,-1,-1
269,3,599.9104614257812,743.3468627929688,115.6690673828125,292.21429443359375,-1,-1,-1,-1
270,3,620.2315673828125,743.5255126953125,134.14984130859375,286.1558837890625,-1,-1,-1,-1
271,3,620.5575561523438,738.273681640625,118.8974609375,275.2435302734375,-1,-1,-1,-1
272,3,630.1348266601562,729.517333984375,127.63201904296875,270.3321533203125,-1,-1,-1,-1
273,3,639.7341918945312,735.0079345703125,120.6640625,266.989990234375,-1,-1,-1,-1
274,3,639.9901123046875,739.560302734375,109.23065185546875,262.31964111328125,-1,-1,-1,-1
275,3,641.6009521484375,746.3948364257812,110.16253662109375,260.8194580078125,-1,-1,-1,-1
276,3,640.7372436523438,746.9151000976562,107.83746337890625,260.6802978515625,-1,-1,-1,-1
277,3,638.2052001953125,745.35400390625,112.06939697265625,257.97747802734375,-1,-1,-1,-1
278,3,638.6507568359375,750.1600952148438,109.7615966796875,257.00848388671875,-1,-1,-1,-1
279,3,638.384033203125,757.1381225585938,110.70269775390625,257.2503662109375,-1,-1,-1,-1
280,3,637.8143310546875,760.4664306640625,112.36407470703125,256.89923095703125,-1,-1,-1,-1
281,3,634.7036743164062,757.4368286132812,108.0032958984375,256.5579833984375,-1,-1,-1,-1
282,3,632.4755859375,743.6568603515625,100.00640869140625,254.28717041015625,-1,-1,-1,-1
283,3,630.3817138671875,736.4518432617188,95.4302978515625,252.8988037109375,-1,-1,-1,-1
284,3,632.0804443359375,736.8327026367188,95.4385986328125,251.29681396484375,-1,-1,-1,-1
285,3,634.26025390625,736.0315551757812,95.17584228515625,250.32049560546875,-1,-1,-1,-1
286,3,636.3366088867188,739.1229248046875,93.812255859375,248.55047607421875,-1,-1,-1,-1
287,3,639.5064086914062,739.3883666992188,95.2989501953125,246.95849609375,-1,-1,-1,-1
288,3,687.7247924804688,801.0897827148438,121.60003662109375,289.02105712890625,-1,-1,-1,-1
289,3,644.9552612304688,741.2606201171875,92.64093017578125,237.8912353515625,-1,-1,-1,-1
290,3,645.02392578125,743.824462890625,93.570556640625,239.1153564453125,-1,-1,-1,-1
291,3,645.69677734375,733.7225341796875,94.36956787109375,235.06671142578125,-1,-1,-1,-1
292,3,641.1701049804688,719.7494506835938,90.904052734375,230.8076171875,-1,-1,-1,-1
293,3,638.7355346679688,708.8114013671875,86.1904296875,228.87615966796875,-1,-1,-1,-1
294,3,633.9210205078125,699.6741333007812,88.0703125,222.528564453125,-1,-1,-1,-1
295,3,633.7525024414062,692.2452392578125,87.45233154296875,221.1978759765625,-1,-1,-1,-1
296,3,634.223388671875,686.3509521484375,86.28106689453125,221.49700927734375,-1,-1,-1,-1
297,3,641.66162109375,685.0225830078125,86.69873046875,216.41943359375,-1,-1,-1,-1
298,3,646.1380615234375,697.1273803710938,92.4945068359375,229.628173828125,-1,-1,-1,-1
299,3,654.7827758789062,709.7019653320312,93.73101806640625,232.190185546875,-1,-1,-1,-1
300,3,664.0232543945312,722.6131591796875,86.73101806640625,241.53887939453125,-1,-1,-1,-1
301,3,668.5762939453125,731.3090209960938,84.10272216796875,248.690185546875,-1,-1,-1,-1
302,3,669.6206665039062,728.4608764648438,87.0001220703125,245.70751953125,-1,-1,-1,-1
303,3,672.4451293945312,720.2933349609375,93.57647705078125,250.1390380859375,-1,-1,-1,-1
304,3,680.8611450195312,721.5770263671875,98.9039306640625,254.22998046875,-1,-1,-1,-1
305,3,696.7772216796875,716.0706787109375,116.6795654296875,284.58935546875,-1,-1,-1,-1
306,3,702.9769287109375,732.4611206054688,132.83502197265625,301.58148193359375,-1,-1,-1,-1
307,3,711.6826171875,745.1011962890625,142.11444091796875,318.2562255859375,-1,-1,-1,-1
308,3,703.6926879882812,754.2272338867188,146.5621337890625,313.54193115234375,-1,-1,-1,-1
309,3,702.9737548828125,746.428955078125,130.2611083984375,343.8536376953125,-1,-1,-1,-1
310,3,731.3768310546875,751.048095703125,111.2685546875,295.659912109375,-1,-1,-1,-1
311,3,759.8516845703125,749.4400024414062,103.46356201171875,242.52166748046875,-1,-1,-1,-1
312,3,778.9434814453125,759.9248657226562,101.5838623046875,245.1546630859375,-1,-1,-1,-1
313,3,799.5589599609375,760.0960693359375,92.32806396484375,248.5831298828125,-1,-1,-1,-1
314,3,814.63525390625,753.338134765625,93.2144775390625,249.875732421875,-1,-1,-1,-1
315,3,827.4439697265625,748.965087890625,95.199462890625,251.8663330078125,-1,-1,-1,-1
316,3,839.3800659179688,746.977294921875,94.717529296875,254.07684326171875,-1,-1,-1,-1
317,3,846.2493896484375,741.3287963867188,94.08990478515625,255.6663818359375,-1,-1,-1,-1
318,3,854.5907592773438,752.856201171875,95.147705078125,259.803466796875,-1,-1,-1,-1
319,3,853.3538208007812,770.0385131835938,95.4718017578125,266.09686279296875,-1,-1,-1,-1
320,3,855.2510375976562,780.3250732421875,96.11505126953125,266.5762939453125,-1,-1,-1,-1
321,3,867.6016235351562,781.8738403320312,97.714111328125,268.10198974609375,-1,-1,-1,-1
322,3,877.6926879882812,780.3919677734375,98.30743408203125,268.5687255859375,-1,-1,-1,-1
323,3,885.3929443359375,766.4784545898438,98.91436767578125,264.79937744140625,-1,-1,-1,-1
324,3,880.0797729492188,759.7491455078125,97.40594482421875,263.09832763671875,-1,-1,-1,-1
325,3,869.476806640625,761.3493041992188,97.096923828125,262.01031494140625,-1,-1,-1,-1
326,3,863.1035766601562,756.9293212890625,96.11553955078125,259.23748779296875,-1,-1,-1,-1
327,3,858.7913818359375,758.14794921875,96.06597900390625,257.68914794921875,-1,-1,-1,-1
328,3,852.2172241210938,763.4906005859375,96.00006103515625,257.7198486328125,-1,-1,-1,-1
329,3,846.2447509765625,758.90478515625,95.88372802734375,253.7286376953125,-1,-1,-1,-1
330,3,834.206298828125,747.0118408203125,95.5537109375,249.5594482421875,-1,-1,-1,-1
331,3,830.92724609375,727.9900512695312,93.83831787109375,245.4849853515625,-1,-1,-1,-1
332,3,822.5156860351562,717.4591674804688,93.47210693359375,241.78680419921875,-1,-1,-1,-1
333,3,814.3828125,711.9235229492188,93.25830078125,240.4349365234375,-1,-1,-1,-1
334,3,803.8648681640625,718.262939453125,95.038818359375,238.94293212890625,-1,-1,-1,-1
335,3,800.2490234375,712.241943359375,97.93701171875,239.48492431640625,-1,-1,-1,-1
336,3,794.672607421875,727.459716796875,99.98388671875,241.83416748046875,-1,-1,-1,-1
337,3,786.7396240234375,752.5867919921875,97.8984375,242.6500244140625,-1,-1,-1,-1
338,3,793.187744140625,757.1665649414062,97.5167236328125,242.0850830078125,-1,-1,-1,-1
339,3,808.0807495117188,760.051513671875,102.8443603515625,245.6788330078125,-1,-1,-1,-1
340,3,811.0023193359375,749.9435424804688,103.1707763671875,244.118896484375,-1,-1,-1,-1
341,3,804.8660888671875,742.80517578125,100.835693359375,241.2149658203125,-1,-1,-1,-1
342,3,800.5344848632812,727.441162109375,102.87469482421875,240.28948974609375,-1,-1,-1,-1
343,3,791.9541625976562,740.822998046875,106.20172119140625,239.2218017578125,-1,-1,-1,-1
344,3,780.4512939453125,752.1459350585938,106.84527587890625,240.97393798828125,-1,-1,-1,-1
345,3,776.658203125,759.2283325195312,104.57867431640625,243.394287109375,-1,-1,-1,-1
346,3,778.58349609375,770.778076171875,109.2955322265625,247.6866455078125,-1,-1,-1,-1
347,3,789.579345703125,770.2097778320312,102.2598876953125,251.13690185546875,-1,-1,-1,-1
348,3,793.4985961914062,770.100341796875,97.51971435546875,252.66107177734375,-1,-1,-1,-1
349,3,799.6219482421875,776.0711669921875,95.41778564453125,255.2603759765625,-1,-1,-1,-1
350,3,794.3099365234375,759.2494506835938,94.7818603515625,253.8978271484375,-1,-1,-1,-1
351,3,793.4373168945312,739.1721801757812,94.505859375,255.310546875,-1,-1,-1,-1
352,3,799.5849609375,725.9904174804688,95.46630859375,256.15631103515625,-1,-1,-1,-1
353,3,816.2402954101562,721.5505981445312,97.6044921875,259.4024658203125,-1,-1,-1,-1
354,3,832.3768920898438,728.8026733398438,97.64276123046875,264.17388916015625,-1,-1,-1,-1
355,3,847.7972412109375,738.59326171875,98.35595703125,270.45281982421875,-1,-1,-1,-1
356,3,858.0094604492188,746.3339233398438,99.9674072265625,273.69146728515625,-1,-1,-1,-1
357,3,877.2274780273438,771.2775268554688,102.65399169921875,279.64495849609375,-1,-1,-1,-1
358,3,890.072265625,763.7630615234375,104.0516357421875,281.11572265625,-1,-1,-1,-1
359,3,907.151123046875,754.1490478515625,105.00732421875,282.608154296875,-1,-1,-1,-1
360,3,922.64404296875,744.0006103515625,106.9197998046875,286.0672607421875,-1,-1,-1,-1
361,3,937.7276611328125,733.7081298828125,109.8243408203125,288.05694580078125,-1,-1,-1,-1
362,3,959.753173828125,724.2509155273438,110.6639404296875,291.7779541015625,-1,-1,-1,-1
363,3,987.0744018554688,728.8052978515625,112.26116943359375,297.536376953125,-1,-1,-1,-1
364,3,1016.1829833984375,727.248046875,115.924072265625,305.02099609375,-1,-1,-1,-1
365,3,1046.4024658203125,719.0057983398438,118.656982421875,307.22564697265625,-1,-1,-1,-1
366,3,1064.6693115234375,693.869140625,122.634033203125,308.0543212890625,-1,-1,-1,-1
367,3,1073.8177490234375,678.6992797851562,123.1441650390625,306.403564453125,-1,-1,-1,-1
368,3,1097.9569091796875,665.484375,124.3543701171875,311.89910888671875,-1,-1,-1,-1
369,3,1125.0760498046875,640.5856323242188,130.7618408203125,316.1556396484375,-1,-1,-1,-1
370,3,1146.0196533203125,599.6124877929688,138.906005859375,315.99249267578125,-1,-1,-1,-1
371,3,1164.5877685546875,593.89404296875,132.242919921875,316.1937255859375,-1,-1,-1,-1
372,3,1186.00048828125,581.1939697265625,129.4461669921875,322.49871826171875,-1,-1,-1,-1
373,3,1189.8414306640625,527.7113037109375,130.9920654296875,322.69439697265625,-1,-1,-1,-1
374,3,1167.8828125,488.7703857421875,130.80615234375,324.5322265625,-1,-1,-1,-1
375,3,1164.288330078125,442.37603759765625,133.9281005859375,331.37469482421875,-1,-1,-1,-1
376,3,1150.619873046875,392.138671875,136.2218017578125,337.949951171875,-1,-1,-1,-1
377,3,1194.404296875,365.5179138183594,141.0318603515625,351.2169494628906,-1,-1,-1,-1
378,3,1246.196044921875,296.01788330078125,139.04931640625,366.36846923828125,-1,-1,-1,-1
379,3,1242.943603515625,286.23895263671875,137.4091796875,368.074951171875,-1,-1,-1,-1
380,3,1241.0833740234375,256.4320831298828,133.434814453125,371.38128662109375,-1,-1,-1,-1
381,3,1224.0760498046875,235.80345153808594,143.5023193359375,375.9979248046875,-1,-1,-1,-1
382,3,1188.46435546875,222.40139770507812,140.87646484375,380.7042541503906,-1,-1,-1,-1
383,3,1164.47021484375,200.982666015625,145.782470703125,383.3602294921875,-1,-1,-1,-1
384,3,1164.493408203125,200.76922607421875,143.0118408203125,383.36102294921875,-1,-1,-1,-1
385,3,1190.648193359375,228.66494750976562,149.6834716796875,385.1319274902344,-1,-1,-1,-1
386,3,1242.3043212890625,316.0748596191406,149.8834228515625,382.2239685058594,-1,-1,-1,-1
387,3,1274.0804443359375,410.47784423828125,130.591796875,376.89044189453125,-1,-1,-1,-1
388,3,1295.740478515625,479.6639404296875,111.8800048828125,370.66845703125,-1,-1,-1,-1
389,3,1275.1685791015625,523.6837158203125,129.6104736328125,358.2603759765625,-1,-1,-1,-1
390,3,1257.642578125,576.7430419921875,134.6171875,345.56591796875,-1,-1,-1,-1
391,3,1221.8896484375,623.3585205078125,135.3419189453125,332.4031982421875,-1,-1,-1,-1
392,3,1183.608642578125,666.8627319335938,132.802734375,322.5853271484375,-1,-1,-1,-1
393,3,1151.4822998046875,684.9647827148438,129.226318359375,316.1273193359375,-1,-1,-1,-1
394,3,1141.15576171875,706.3692016601562,126.2955322265625,313.52685546875,-1,-1,-1,-1
395,3,1122.0556640625,704.7998657226562,124.4871826171875,308.0701904296875,-1,-1,-1,-1
396,3,1106.958984375,697.2573852539062,122.4852294921875,300.9464111328125,-1,-1,-1,-1
397,3,1097.8792724609375,696.7115478515625,121.6787109375,298.82550048828125,-1,-1,-1,-1
398,3,1091.0733642578125,710.241943359375,118.3948974609375,294.0723876953125,-1,-1,-1,-1
399,3,1080.8314208984375,710.818603515625,116.368408203125,289.2474365234375,-1,-1,-1,-1
400,3,1065.659912109375,704.3074951171875,116.00146484375,283.1458740234375,-1,-1,-1,-1
401,3,1045.8177490234375,693.4583129882812,113.0587158203125,274.9393310546875,-1,-1,-1,-1
402,3,1028.9302978515625,672.5455322265625,110.5380859375,269.9052734375,-1,-1,-1,-1
403,3,1013.3692016601562,645.166748046875,108.95257568359375,264.00067138671875,-1,-1,-1,-1
404,3,998.7659301757812,624.6730346679688,105.97772216796875,257.76678466796875,-1,-1,-1,-1
405,3,982.1947021484375,595.2802734375,102.38427734375,250.6904296875,-1,-1,-1,-1
406,3,966.0487670898438,575.960693359375,106.87823486328125,245.3505859375,-1,-1,-1,-1
407,3,947.1222534179688,566.0028686523438,103.55364990234375,240.51495361328125,-1,-1,-1,-1
408,3,939.6029052734375,566.3773803710938,99.111083984375,236.97271728515625,-1,-1,-1,-1
409,3,923.2139282226562,571.21875,94.3450927734375,240.43963623046875,-1,-1,-1,-1
410,3,903.52197265625,566.7852783203125,91.1904296875,229.70294189453125,-1,-1,-1,-1
411,3,883.8289794921875,551.8856811523438,100.26336669921875,226.11834716796875,-1,-1,-1,-1
412,3,865.9049072265625,539.7655029296875,113.9501953125,252.00128173828125,-1,-1,-1,-1
419,4,725.9835815429688,605.1070556640625,75.11907958984375,202.72906494140625,-1,-1,-1,-1
420,4,711.4891357421875,610.1936645507812,79.46661376953125,200.94598388671875,-1,-1,-1,-1
421,4,696.7314453125,614.2376708984375,86.21392822265625,218.2437744140625,-1,-1,-1,-1
422,4,686.7695922851562,615.8623046875,74.74127197265625,180.661865234375,-1,-1,-1,-1
423,4,671.8731689453125,617.8818359375,75.19378662109375,180.4892578125,-1,-1,-1,-1
424,4,656.741455078125,631.3688354492188,76.07470703125,185.4732666015625,-1,-1,-1,-1
425,4,646.8441162109375,645.4127807617188,73.31414794921875,184.60650634765625,-1,-1,-1,-1
426,4,636.8486938476562,664.7532958984375,73.14642333984375,185.82403564453125,-1,-1,-1,-1
427,4,627.3955688476562,688.861328125,72.4659423828125,186.37982177734375,-1,-1,-1,-1
428,4,613.807373046875,705.012451171875,71.21466064453125,189.1319580078125,-1,-1,-1,-1
429,4,595.1591796875,713.8026123046875,73.2462158203125,185.7391357421875,-1,-1,-1,-1
430,4,581.8128051757812,739.84130859375,76.70281982421875,186.478759765625,-1,-1,-1,-1
431,4,562.824462890625,752.6685180664062,78.342041015625,187.7255859375,-1,-1,-1,-1
432,4,547.6881103515625,757.731201171875,78.07373046875,189.387939453125,-1,-1,-1,-1
433,4,532.6679077148438,746.787109375,78.247314453125,189.587646484375,-1,-1,-1,-1
434,4,526.4957275390625,741.4363403320312,77.06451416015625,186.486328125,-1,-1,-1,-1
435,4,518.419921875,743.4122924804688,77.82952880859375,189.13714599609375,-1,-1,-1,-1
436,4,505.6358642578125,754.1629638671875,77.37713623046875,190.8416748046875,-1,-1,-1,-1
437,4,496.0026550292969,760.6593627929688,74.54251098632812,192.127685546875,-1,-1,-1,-1
438,4,488.99285888671875,771.0543212890625,74.4873046875,193.47833251953125,-1,-1,-1,-1
439,4,475.54443359375,778.2514038085938,78.9244384765625,195.63348388671875,-1,-1,-1,-1
440,4,450.0975341796875,779.5414428710938,81.80133056640625,201.8465576171875,-1,-1,-1,-1
441,4,428.85150146484375,772.4788208007812,82.03823852539062,197.8255615234375,-1,-1,-1,-1
442,4,424.04766845703125,784.3397827148438,84.3905029296875,199.44598388671875,-1,-1,-1,-1
443,4,406.2952575683594,784.413330078125,82.65707397460938,204.4427490234375,-1,-1,-1,-1
444,4,398.37274169921875,776.9536743164062,81.04824829101562,202.6585693359375,-1,-1,-1,-1
445,4,393.78460693359375,770.1945190429688,82.08084106445312,205.8226318359375,-1,-1,-1,-1
446,4,383.70538330078125,771.8990478515625,82.54443359375,209.4981689453125,-1,-1,-1,-1
447,4,375.17138671875,781.5248413085938,82.03964233398438,209.79071044921875,-1,-1,-1,-1
448,4,364.4941101074219,802.364990234375,83.763427734375,212.3409423828125,-1,-1,-1,-1
449,4,346.42547607421875,824.225830078125,85.605224609375,217.2769775390625,-1,-1,-1,-1
450,4,333.57855224609375,835.6708374023438,85.52951049804688,217.34832763671875,-1,-1,-1,-1
451,4,334.01068115234375,845.34423828125,85.7781982421875,219.795166015625,-1,-1,-1,-1
452,4,327.9279479980469,844.1614990234375,85.56005859375,220.4423828125,-1,-1,-1,-1
453,4,322.98199462890625,816.3987426757812,85.35369873046875,219.82977294921875,-1,-1,-1,-1
454,4,316.0115051269531,804.909423828125,84.0281982421875,218.1015625,-1,-1,-1,-1
455,4,303.3706359863281,797.5011596679688,85.4722900390625,225.0113525390625,-1,-1,-1,-1
456,4,287.841552734375,795.5418090820312,86.5382080078125,223.6492919921875,-1,-1,-1,-1
457,4,279.7100524902344,793.90283203125,87.93484497070312,228.6046142578125,-1,-1,-1,-1
458,4,270.8795166015625,792.7399291992188,87.53125,226.9610595703125,-1,-1,-1,-1
459,4,262.6587829589844,804.4346923828125,86.99368286132812,230.509033203125,-1,-1,-1,-1
460,4,249.454833984375,820.600341796875,90.25942993164062,232.2164306640625,-1,-1,-1,-1
461,4,231.58563232421875,815.6932373046875,92.4810791015625,234.4906005859375,-1,-1,-1,-1
462,4,211.52816772460938,801.8718872070312,90.77078247070312,237.42132568359375,-1,-1,-1,-1
463,4,196.60562133789062,794.1522827148438,93.4912109375,240.41717529296875,-1,-1,-1,-1
464,4,181.51724243164062,786.9637451171875,94.8104248046875,244.786865234375,-1,-1,-1,-1
465,4,173.9459686279297,784.6707153320312,96.12971496582031,245.11749267578125,-1,-1,-1,-1
466,4,167.69837951660156,785.6815185546875,96.96574401855469,249.4993896484375,-1,-1,-1,-1
467,4,153.05667114257812,800.478759765625,99.78276062011719,255.9852294921875,-1,-1,-1,-1
468,4,139.38006591796875,810.9718627929688,100.44462585449219,252.55865478515625,-1,-1,-1,-1
469,4,122.04366302490234,815.147705078125,102.73139190673828,257.64013671875,-1,-1,-1,-1
470,4,117.29721069335938,812.3565673828125,100.37615966796875,256.3323974609375,-1,-1,-1,-1
471,4,112.99430084228516,802.5875854492188,102.00174713134766,260.25628662109375,-1,-1,-1,-1
472,4,105.1288070678711,799.0308837890625,100.86663055419922,256.3037109375,-1,-1,-1,-1
473,4,104.34622192382812,802.8775024414062,102.44070434570312,260.55340576171875,-1,-1,-1,-1
474,4,97.04975128173828,799.38525390625,102.39136505126953,263.7899169921875,-1,-1,-1,-1
475,4,89.18213653564453,815.0567626953125,104.29517364501953,264.7310791015625,-1,-1,-1,-1
476,4,94.98963165283203,829.5171508789062,105.7674789428711,266.98406982421875,-1,-1,-1,-1
477,4,95.15415954589844,859.1100463867188,109.60777282714844,265.25775146484375,-1,-1,-1,-1
478,4,87.70071411132812,861.6666870117188,108.07221984863281,283.30316162109375,-1,-1,-1,-1
479,4,87.9566879272461,845.9066772460938,105.77486419677734,270.60894775390625,-1,-1,-1,-1
480,4,94.01114654541016,827.7241821289062,107.48392486572266,276.45855712890625,-1,-1,-1,-1
481,4,104.2383804321289,816.7374877929688,104.37821197509766,264.46368408203125,-1,-1,-1,-1
482,4,112.6299057006836,798.6998901367188,102.98596954345703,260.53424072265625,-1,-1,-1,-1
483,4,124.92960357666016,794.744873046875,99.98278045654297,256.1260986328125,-1,-1,-1,-1
484,4,129.00144958496094,795.4169311523438,100.40580749511719,256.39093017578125,-1,-1,-1,-1
485,4,134.05422973632812,802.5791625976562,101.6759033203125,258.88665771484375,-1,-1,-1,-1
486,4,138.24404907226562,798.8287353515625,102.30335998535156,256.4661865234375,-1,-1,-1,-1
487,4,127.24755859375,792.22900390625,101.70146179199219,257.10986328125,-1,-1,-1,-1
488,4,121.34365844726562,759.7451171875,101.21711730957031,256.75067138671875,-1,-1,-1,-1
489,4,108.6382064819336,734.4674072265625,104.18213653564453,257.707763671875,-1,-1,-1,-1
490,4,59.24815368652344,694.2089233398438,114.49026489257812,260.27801513671875,-1,-1,-1,-1
491,4,64.89284133911133,666.9520263671875,115.15422058105469,258.662109375,-1,-1,-1,-1
492,4,95.06136322021484,684.3131713867188,105.63854217529297,252.182373046875,-1,-1,-1,-1
493,4,105.60516357421875,731.3488159179688,105.30612182617188,262.900390625,-1,-1,-1,-1
494,4,101.70777893066406,779.2915649414062,117.04197692871094,261.08953857421875,-1,-1,-1,-1
495,4,106.33868408203125,731.8258666992188,107.95562744140625,264.177001953125,-1,-1,-1,-1
496,4,121.09872436523438,751.2435302734375,105.72596740722656,261.87652587890625,-1,-1,-1,-1
497,4,131.481201171875,752.3446655273438,105.87966918945312,262.56939697265625,-1,-1,-1,-1
498,4,126.31351470947266,761.8306884765625,107.3093490600586,265.53271484375,-1,-1,-1,-1
499,4,116.6729965209961,764.615966796875,108.49230194091797,275.6424560546875,-1,-1,-1,-1
500,4,124.09803771972656,769.12646484375,107.65133666992188,270.0406494140625,-1,-1,-1,-1
501,4,139.69436645507812,773.6318359375,108.15855407714844,266.3638916015625,-1,-1,-1,-1
502,4,157.96090698242188,785.00244140625,106.04443359375,265.1737060546875,-1,-1,-1,-1
503,4,175.2004852294922,777.77783203125,103.90562438964844,259.979248046875,-1,-1,-1,-1
504,4,187.77638244628906,777.4754638671875,101.13615417480469,259.06689453125,-1,-1,-1,-1
505,4,201.91827392578125,769.5501708984375,102.12603759765625,256.10931396484375,-1,-1,-1,-1
506,4,214.92886352539062,759.6851196289062,100.43325805664062,250.3521728515625,-1,-1,-1,-1
507,4,228.16558837890625,752.8433837890625,100.04931640625,249.31268310546875,-1,-1,-1,-1
508,4,237.90203857421875,756.022216796875,100.0740966796875,246.189208984375,-1,-1,-1,-1
509,4,254.65391540527344,749.1231079101562,98.34028625488281,245.27099609375,-1,-1,-1,-1
510,4,279.4654541015625,739.3074951171875,97.61203002929688,241.6881103515625,-1,-1,-1,-1
511,4,310.59747314453125,732.4573974609375,95.934326171875,238.80499267578125,-1,-1,-1,-1
512,4,341.329833984375,742.745361328125,92.4984130859375,237.53826904296875,-1,-1,-1,-1
513,4,368.1752624511719,742.9973754882812,91.14306640625,233.33221435546875,-1,-1,-1,-1
514,4,394.05865478515625,741.3170166015625,89.93313598632812,229.73486328125,-1,-1,-1,-1
515,4,417.6116943359375,739.1126708984375,87.96658325195312,226.2672119140625,-1,-1,-1,-1
516,4,437.1761169433594,731.8991088867188,85.90762329101562,222.91748046875,-1,-1,-1,-1
517,4,458.3807678222656,731.1563720703125,84.28311157226562,220.8419189453125,-1,-1,-1,-1
518,4,484.82659912109375,729.402587890625,83.450927734375,218.15142822265625,-1,-1,-1,-1
519,4,512.072509765625,733.3600463867188,81.0865478515625,216.875,-1,-1,-1,-1
520,4,538.343505859375,741.6790161132812,79.61279296875,215.72259521484375,-1,-1,-1,-1
521,4,558.7535400390625,742.6553344726562,76.99755859375,214.458984375,-1,-1,-1,-1
522,4,577.220947265625,732.4256591796875,76.4595947265625,210.9627685546875,-1,-1,-1,-1
523,4,593.8220825195312,725.7548217773438,75.526611328125,209.3858642578125,-1,-1,-1,-1
524,4,607.4124145507812,716.7860107421875,75.115234375,207.13287353515625,-1,-1,-1,-1
525,4,615.5411376953125,708.4173583984375,74.87823486328125,206.693603515625,-1,-1,-1,-1
526,4,623.0784912109375,706.9058837890625,75.2891845703125,206.03546142578125,-1,-1,-1,-1
527,4,633.622802734375,711.7776489257812,75.2021484375,206.46209716796875,-1,-1,-1,-1
528,4,645.1511840820312,722.4595947265625,74.26898193359375,206.8634033203125,-1,-1,-1,-1
529,4,655.005126953125,728.7836303710938,75.21734619140625,207.53466796875,-1,-1,-1,-1
530,4,649.2357788085938,720.9297485351562,75.0284423828125,206.7509765625,-1,-1,-1,-1
531,4,642.9771118164062,700.5742797851562,75.01434326171875,206.97869873046875,-1,-1,-1,-1
532,4,630.1464233398438,685.5411376953125,75.4447021484375,205.77880859375,-1,-1,-1,-1
533,4,618.770751953125,654.3367919921875,75.8739013671875,204.1448974609375,-1,-1,-1,-1
534,4,632.5827026367188,637.5860595703125,73.43212890625,203.02764892578125,-1,-1,-1,-1
535,4,651.196533203125,634.4403076171875,74.56280517578125,205.09051513671875,-1,-1,-1,-1
536,4,652.6017456054688,652.6322631835938,75.44085693359375,198.0355224609375,-1,-1,-1,-1
537,4,640.922119140625,665.6647338867188,77.4674072265625,201.2222900390625,-1,-1,-1,-1
538,4,626.5967407226562,678.5181884765625,78.46319580078125,206.5540771484375,-1,-1,-1,-1
539,4,618.2822265625,683.3656005859375,78.78399658203125,206.75665283203125,-1,-1,-1,-1
540,4,605.5462036132812,675.94677734375,78.0126953125,209.21075439453125,-1,-1,-1,-1
541,4,606.4044189453125,693.3056030273438,79.12945556640625,214.59698486328125,-1,-1,-1,-1
542,4,611.134765625,713.6566162109375,78.98028564453125,216.02587890625,-1,-1,-1,-1
543,4,603.9871215820312,726.2430419921875,80.5628662109375,219.4383544921875,-1,-1,-1,-1
544,4,603.77978515625,735.1034545898438,81.1893310546875,219.8948974609375,-1,-1,-1,-1
545,4,614.7107543945312,739.0647583007812,81.22552490234375,220.033203125,-1,-1,-1,-1
546,4,613.2297973632812,721.2772827148438,80.35992431640625,218.46966552734375,-1,-1,-1,-1
547,4,603.194580078125,704.2181396484375,80.0950927734375,217.29345703125,-1,-1,-1,-1
548,4,601.1709594726562,693.2608642578125,80.924560546875,216.39776611328125,-1,-1,-1,-1
549,4,607.1622314453125,692.9859008789062,80.53173828125,215.12921142578125,-1,-1,-1,-1
550,4,609.3523559570312,703.7723388671875,79.96588134765625,216.12811279296875,-1,-1,-1,-1
551,4,614.9384765625,715.0677490234375,79.79449462890625,215.58447265625,-1,-1,-1,-1
552,4,623.507568359375,717.6600952148438,79.82757568359375,216.2237548828125,-1,-1,-1,-1
553,4,631.9866943359375,714.4741821289062,79.5194091796875,217.95037841796875,-1,-1,-1,-1
554,4,637.3653564453125,714.08984375,79.6473388671875,216.79541015625,-1,-1,-1,-1
555,4,640.9817504882812,708.952392578125,80.1864013671875,217.41949462890625,-1,-1,-1,-1
556,4,642.67041015625,699.4803466796875,79.0260009765625,217.904052734375,-1,-1,-1,-1
557,4,643.3204345703125,700.480224609375,79.09423828125,220.0631103515625,-1,-1,-1,-1
558,4,647.3350830078125,700.5487670898438,80.98760986328125,222.63134765625,-1,-1,-1,-1
559,4,668.560791015625,681.0817260742188,80.26849365234375,222.390625,-1,-1,-1,-1
560,4,678.213623046875,685.9473266601562,81.71307373046875,225.7049560546875,-1,-1,-1,-1
561,4,687.376220703125,675.4483032226562,81.43597412109375,227.14520263671875,-1,-1,-1,-1
562,4,662.0676879882812,653.46826171875,84.27978515625,230.0009765625,-1,-1,-1,-1
563,4,604.2035522460938,644.2363891601562,88.05926513671875,233.67681884765625,-1,-1,-1,-1
564,4,609.270263671875,644.971923828125,86.507080078125,237.21197509765625,-1,-1,-1,-1
565,4,634.9326782226562,640.9678344726562,89.51800537109375,238.82177734375,-1,-1,-1,-1
566,4,640.9472045898438,631.3831787109375,93.38616943359375,243.61224365234375,-1,-1,-1,-1
567,4,644.4921875,642.712158203125,100.68707275390625,254.88677978515625,-1,-1,-1,-1
568,4,629.1090698242188,652.9142456054688,104.10455322265625,260.51025390625,-1,-1,-1,-1
569,4,635.966552734375,690.4622802734375,118.70538330078125,267.025390625,-1,-1,-1,-1
570,4,707.0486450195312,702.9429931640625,149.29559326171875,314.85400390625,-1,-1,-1,-1
571,4,716.2264404296875,638.2255859375,148.29736328125,323.6326904296875,-1,-1,-1,-1
572,4,690.760498046875,585.223876953125,192.5869140625,281.6602783203125,-1,-1,-1,-1
573,4,568.8907470703125,599.5621948242188,367.30426025390625,352.27294921875,-1,-1,-1,-1
574,4,515.4239501953125,635.505126953125,484.80902099609375,455.639404296875,-1,-1,-1,-1
576,4,527.86376953125,646.880126953125,441.5098876953125,599.9779052734375,-1,-1,-1,-1
577,4,626.323486328125,719.0028076171875,265.93994140625,437.0965576171875,-1,-1,-1,-1
578,4,640.67431640625,634.4226684570312,263.56182861328125,472.53143310546875,-1,-1,-1,-1
579,4,646.7642822265625,570.3741455078125,260.9774169921875,492.220458984375,-1,-1,-1,-1
580,4,625.1990356445312,570.3712158203125,237.8575439453125,494.345703125,-1,-1,-1,-1
581,4,644.2831420898438,518.889892578125,234.40924072265625,620.9173583984375,-1,-1,-1,-1
577,5,644.259521484375,726.7328491210938,134.28826904296875,318.65960693359375,-1,-1,-1,-1
578,5,649.7124633789062,673.5740966796875,124.4755859375,251.822998046875,-1,-1,-1,-1
579,5,632.5928955078125,625.6301879882812,116.4830322265625,298.80810546875,-1,-1,-1,-1
580,5,592.12255859375,619.2332153320312,128.945556640625,295.84783935546875,-1,-1,-1,-1
581,5,573.8854370117188,597.7366333007812,118.3656005859375,267.824951171875,-1,-1,-1,-1
582,5,568.634033203125,538.7980346679688,110.01910400390625,267.09039306640625,-1,-1,-1,-1
583,5,562.3734130859375,527.1578979492188,114.61474609375,267.61639404296875,-1,-1,-1,-1
584,5,583.3540649414062,532.5939331054688,120.7220458984375,260.56182861328125,-1,-1,-1,-1
585,5,606.52880859375,508.0726318359375,161.888427734375,257.90765380859375,-1,-1,-1,-1
586,5,577.06787109375,476.7371520996094,115.5947265625,296.2743225097656,-1,-1,-1,-1
587,5,550.0794677734375,354.3619384765625,117.26959228515625,306.30096435546875,-1,-1,-1,-1
588,5,597.1848754882812,265.968017578125,111.40509033203125,307.93109130859375,-1,-1,-1,-1
589,5,636.7427368164062,281.4068908691406,105.1805419921875,280.3630065917969,-1,-1,-1,-1
590,5,611.4502563476562,326.739013671875,102.7327880859375,272.63250732421875,-1,-1,-1,-1
591,5,615.0369262695312,346.19097900390625,105.14971923828125,262.67205810546875,-1,-1,-1,-1
592,5,631.6975708007812,377.36639404296875,102.07171630859375,253.81890869140625,-1,-1,-1,-1
593,5,636.9053344726562,401.8836364746094,97.68560791015625,247.24716186523438,-1,-1,-1,-1
594,5,627.9822998046875,430.014404296875,99.32275390625,246.27862548828125,-1,-1,-1,-1
595,5,625.1798706054688,473.25518798828125,91.283447265625,254.7130126953125,-1,-1,-1,-1
596,5,631.3252563476562,528.80419921875,92.09112548828125,216.171142578125,-1,-1,-1,-1
597,5,639.7655029296875,597.1450805664062,110.9888916015625,221.09619140625,-1,-1,-1,-1
600,6,647.050537109375,830.3040161132812,84.1422119140625,188.56396484375,-1,-1,-1,-1
601,6,637.6622314453125,861.524658203125,80.5546875,202.3114013671875,-1,-1,-1,-1
