1,1,717.734619140625,624.6483154296875,134.46661376953125,283.82452392578125,-1,-1,-1,-1
2,1,712.2688598632812,623.0170288085938,133.0679931640625,283.161376953125,-1,-1,-1,-1
3,1,710.438720703125,621.945068359375,120.625,278.8411865234375,-1,-1,-1,-1
4,1,705.6516723632812,614.880126953125,108.2276611328125,266.3079833984375,-1,-1,-1,-1
5,1,699.5579833984375,611.6751708984375,93.61663818359375,255.36053466796875,-1,-1,-1,-1
6,1,698.1195068359375,611.4797973632812,87.3509521484375,252.70367431640625,-1,-1,-1,-1
7,1,696.8828125,613.7522583007812,85.05841064453125,251.306396484375,-1,-1,-1,-1
8,1,694.4684448242188,616.9408569335938,86.42071533203125,249.82867431640625,-1,-1,-1,-1
9,1,686.2020263671875,620.8995971679688,92.55810546875,247.2098388671875,-1,-1,-1,-1
10,1,679.4913940429688,622.8624267578125,96.55120849609375,245.50579833984375,-1,-1,-1,-1
11,1,670.5078735351562,625.9822387695312,106.60809326171875,243.12353515625,-1,-1,-1,-1
12,1,667.92724609375,629.8917846679688,111.65277099609375,244.77044677734375,-1,-1,-1,-1
13,1,670.9976196289062,637.4411010742188,111.19622802734375,241.8372802734375,-1,-1,-1,-1
14,1,680.0960693359375,645.3548583984375,106.57843017578125,237.391357421875,-1,-1,-1,-1
15,1,678.3278198242188,652.6688232421875,107.39703369140625,230.83905029296875,-1,-1,-1,-1
16,1,673.990478515625,656.7388916015625,112.67083740234375,224.4473876953125,-1,-1,-1,-1
17,1,674.971923828125,661.8815307617188,111.67791748046875,220.22674560546875,-1,-1,-1,-1
18,1,684.5320434570312,663.6229248046875,105.22137451171875,221.951904296875,-1,-1,-1,-1
19,1,683.8545532226562,661.2598876953125,114.71124267578125,226.22760009765625,-1,-1,-1,-1
20,1,701.4732666015625,654.7344360351562,103.8297119140625,233.68914794921875,-1,-1,-1,-1
21,1,699.2007446289062,649.0775146484375,117.9112548828125,237.55438232421875,-1,-1,-1,-1
22,1,713.4041748046875,642.1781005859375,109.43145751953125,240.2034912109375,-1,-1,-1,-1
23,1,715.3968505859375,637.5202026367188,112.43707275390625,243.93603515625,-1,-1,-1,-1
24,1,713.169677734375,636.5375366210938,118.3157958984375,243.40362548828125,-1,-1,-1,-1
25,1,710.4619750976562,639.852783203125,127.147216796875,240.93133544921875,-1,-1,-1,-1
26,1,712.9320068359375,645.6140747070312,126.014892578125,237.83807373046875,-1,-1,-1,-1
27,1,715.2469482421875,650.1721801757812,126.293701171875,238.39617919921875,-1,-1,-1,-1
28,1,708.0173950195312,650.7838134765625,135.87738037109375,241.4256591796875,-1,-1,-1,-1
29,1,714.619384765625,647.1264038085938,128.63427734375,244.12371826171875,-1,-1,-1,-1
30,1,718.820068359375,642.5507202148438,120.48016357421875,247.219482421875,-1,-1,-1,-1
31,1,724.7117309570312,641.2935180664062,112.38458251953125,247.78619384765625,-1,-1,-1,-1
32,1,730.5364379882812,643.42626953125,106.5106201171875,246.8173828125,-1,-1,-1,-1
33,1,730.46142578125,645.4989624023438,104.24200439453125,245.61669921875,-1,-1,-1,-1
34,1,728.7234497070312,647.1205444335938,101.14422607421875,245.426513671875,-1,-1,-1,-1
35,1,725.3812255859375,646.4326171875,97.9720458984375,246.11334228515625,-1,-1,-1,-1
36,1,723.0313720703125,641.9253540039062,94.86468505859375,241.5177001953125,-1,-1,-1,-1
37,1,719.19091796875,635.8746337890625,89.828857421875,235.17767333984375,-1,-1,-1,-1
38,1,713.5057983398438,636.7299194335938,83.71868896484375,233.06768798828125,-1,-1,-1,-1
39,1,707.8848876953125,646.4049072265625,83.45684814453125,231.01214599609375,-1,-1,-1,-1
40,1,704.06103515625,660.0018920898438,84.13214111328125,227.82818603515625,-1,-1,-1,-1
41,1,701.870849609375,673.2291259765625,84.13671875,226.320068359375,-1,-1,-1,-1
42,1,699.8546142578125,678.8710327148438,83.1317138671875,229.07037353515625,-1,-1,-1,-1
43,1,696.3201904296875,680.1034545898438,84.0811767578125,229.46209716796875,-1,-1,-1,-1
44,1,688.6399536132812,678.3770141601562,91.93341064453125,229.440673828125,-1,-1,-1,-1
45,1,680.434814453125,677.4459228515625,101.13916015625,228.65838623046875,-1,-1,-1,-1
46,1,680.0270385742188,676.2369384765625,99.44012451171875,226.59954833984375,-1,-1,-1,-1
47,1,676.724853515625,673.8551025390625,98.8231201171875,222.4193115234375,-1,-1,-1,-1
48,1,680.5549926757812,668.3687133789062,97.9267578125,221.20245361328125,-1,-1,-1,-1
49,1,680.9617309570312,663.7111206054688,98.263671875,217.46148681640625,-1,-1,-1,-1
50,1,679.9832763671875,660.6934814453125,102.5269775390625,214.45587158203125,-1,-1,-1,-1
51,1,679.9894409179688,661.0648193359375,106.10321044921875,207.0284423828125,-1,-1,-1,-1
52,1,680.4744873046875,665.8502197265625,108.38629150390625,203.515869140625,-1,-1,-1,-1
53,1,673.97998046875,674.2405395507812,114.94122314453125,194.20233154296875,-1,-1,-1,-1
54,1,667.9757080078125,681.0847778320312,111.77191162109375,187.0350341796875,-1,-1,-1,-1
55,1,667.8145751953125,684.5151977539062,125.71258544921875,195.16131591796875,-1,-1,-1,-1
56,1,670.247314453125,685.83349609375,131.78765869140625,195.3533935546875,-1,-1,-1,-1
57,1,671.4839477539062,683.1119384765625,134.5880126953125,199.7823486328125,-1,-1,-1,-1
58,1,670.358154296875,678.3014526367188,135.44732666015625,202.08355712890625,-1,-1,-1,-1
59,1,677.0674438476562,677.2601318359375,122.21820068359375,203.875732421875,-1,-1,-1,-1
60,1,693.75927734375,679.0006713867188,100.48260498046875,206.1700439453125,-1,-1,-1,-1
61,1,710.63232421875,681.0905151367188,90.29901123046875,208.71539306640625,-1,-1,-1,-1
62,1,725.491455078125,680.4476928710938,80.731201171875,208.846923828125,-1,-1,-1,-1
63,1,734.4171142578125,673.9356689453125,82.51226806640625,209.142333984375,-1,-1,-1,-1
64,1,733.6517333984375,667.8753662109375,82.3558349609375,208.9002685546875,-1,-1,-1,-1
65,1,728.3341064453125,662.0446166992188,80.78826904296875,209.86822509765625,-1,-1,-1,-1
66,1,727.0260009765625,659.7294311523438,79.356201171875,209.85107421875,-1,-1,-1,-1
67,1,727.6937866210938,655.5904541015625,80.044189453125,210.19671630859375,-1,-1,-1,-1
68,1,732.5159301757812,652.0728149414062,78.57269287109375,208.29974365234375,-1,-1,-1,-1
69,1,739.1073608398438,649.1522216796875,80.156982421875,206.86309814453125,-1,-1,-1,-1
70,1,743.1817626953125,646.1724243164062,80.287109375,205.5863037109375,-1,-1,-1,-1
71,1,746.5635986328125,642.6925048828125,78.99114990234375,200.86541748046875,-1,-1,-1,-1
72,1,747.36376953125,641.484130859375,82.28997802734375,200.16455078125,-1,-1,-1,-1
73,1,747.0670166015625,644.4715576171875,83.40869140625,199.0694580078125,-1,-1,-1,-1
74,1,746.0201416015625,648.8258056640625,86.69342041015625,202.87646484375,-1,-1,-1,-1
75,1,744.4343872070312,654.1329956054688,90.19744873046875,204.65631103515625,-1,-1,-1,-1
76,1,743.89111328125,657.3179321289062,92.96685791015625,206.42401123046875,-1,-1,-1,-1
77,1,738.840087890625,657.2877807617188,98.3377685546875,209.23675537109375,-1,-1,-1,-1
78,1,733.557861328125,655.2713012695312,101.45172119140625,212.49755859375,-1,-1,-1,-1
79,1,728.6109008789062,655.262939453125,93.632080078125,213.6729736328125,-1,-1,-1,-1
80,1,724.1724853515625,654.0547485351562,89.52801513671875,213.90985107421875,-1,-1,-1,-1
81,1,720.9633178710938,652.7968139648438,82.58673095703125,214.76922607421875,-1,-1,-1,-1
82,1,719.6773681640625,649.2236328125,75.96923828125,217.9232177734375,-1,-1,-1,-1
83,1,718.131591796875,645.2525024414062,76.24951171875,222.1390380859375,-1,-1,-1,-1
84,1,714.1310424804688,641.1403198242188,76.5677490234375,225.1510009765625,-1,-1,-1,-1
85,1,712.3141479492188,638.739501953125,74.950927734375,227.9788818359375,-1,-1,-1,-1
86,1,710.93310546875,641.0258178710938,72.3101806640625,232.26702880859375,-1,-1,-1,-1
87,1,710.252685546875,644.8007202148438,71.3760986328125,235.05401611328125,-1,-1,-1,-1
88,1,707.6156616210938,648.9736328125,70.67327880859375,232.729248046875,-1,-1,-1,-1
89,1,707.6249389648438,655.5983276367188,67.60040283203125,227.7174072265625,-1,-1,-1,-1
90,1,706.09912109375,663.2310180664062,67.56787109375,226.31402587890625,-1,-1,-1,-1
91,1,703.8052368164062,667.2898559570312,65.17010498046875,226.3236083984375,-1,-1,-1,-1
92,1,702.2536010742188,667.9085083007812,64.0977783203125,227.266357421875,-1,-1,-1,-1
93,1,700.8828735351562,665.6423950195312,64.82525634765625,227.9439697265625,-1,-1,-1,-1
94,1,695.076171875,663.4563598632812,69.31634521484375,224.693603515625,-1,-1,-1,-1
95,1,671.265869140625,663.20166015625,90.39764404296875,219.3929443359375,-1,-1,-1,-1
96,1,664.596923828125,664.1719970703125,97.746337890625,214.9158935546875,-1,-1,-1,-1
97,1,660.9413452148438,664.3751831054688,102.33038330078125,211.59747314453125,-1,-1,-1,-1
98,1,638.8922119140625,659.8890380859375,124.0457763671875,210.4991455078125,-1,-1,-1,-1
99,1,640.984130859375,657.9672241210938,120.02008056640625,209.78643798828125,-1,-1,-1,-1
100,1,651.4622802734375,661.0384521484375,101.9888916015625,204.646240234375,-1,-1,-1,-1
101,1,653.7506713867188,667.6497802734375,90.55889892578125,193.348388671875,-1,-1,-1,-1
102,1,653.9429931640625,647.2490234375,89.92608642578125,208.79150390625,-1,-1,-1,-1
103,1,654.9771118164062,661.8217163085938,77.01519775390625,194.1123046875,-1,-1,-1,-1
104,1,657.0792846679688,670.7339477539062,67.77764892578125,176.30810546875,-1,-1,-1,-1
105,1,641.1054077148438,661.744384765625,76.00396728515625,177.7550048828125,-1,-1,-1,-1
106,1,627.4009399414062,649.8056640625,78.920166015625,181.83697509765625,-1,-1,-1,-1
107,1,612.4743041992188,626.525634765625,72.92205810546875,188.340576171875,-1,-1,-1,-1
108,1,542.11767578125,587.9092407226562,75.57537841796875,202.10223388671875,-1,-1,-1,-1
109,1,399.6000671386719,550.8507690429688,95.60577392578125,222.407470703125,-1,-1,-1,-1
110,1,491.3365173339844,537.4951171875,104.90957641601562,188.2763671875,-1,-1,-1,-1
1,2,467.0556335449219,620.013916015625,48.705657958984375,133.312744140625,-1,-1,-1,-1
2,2,460.70416259765625,618.637451171875,49.650177001953125,134.53216552734375,-1,-1,-1,-1
3,2,456.63824462890625,616.3184204101562,49.616455078125,134.8887939453125,-1,-1,-1,-1
4,2,453.07525634765625,607.9957885742188,49.094207763671875,133.04974365234375,-1,-1,-1,-1
5,2,448.7063903808594,599.1767578125,49.561309814453125,135.16644287109375,-1,-1,-1,-1
6,2,446.597900390625,596.7769775390625,49.30157470703125,133.1763916015625,-1,-1,-1,-1
7,2,444.7691650390625,598.1640014648438,48.854095458984375,133.00054931640625,-1,-1,-1,-1
8,2,442.07916259765625,600.9706420898438,49.278411865234375,133.72015380859375,-1,-1,-1,-1
9,2,437.31231689453125,601.2371215820312,50.40777587890625,136.00830078125,-1,-1,-1,-1
10,2,435.151123046875,601.0364990234375,50.858612060546875,136.24090576171875,-1,-1,-1,-1
11,2,437.84930419921875,602.7609252929688,50.083587646484375,134.45703125,-1,-1,-1,-1
12,2,443.30914306640625,606.9802856445312,48.401580810546875,133.45361328125,-1,-1,-1,-1
13,2,445.5595703125,613.25,49.505828857421875,133.89642333984375,-1,-1,-1,-1
14,2,451.45977783203125,619.0360717773438,50.4710693359375,132.83868408203125,-1,-1,-1,-1
15,2,459.14825439453125,619.432861328125,49.631561279296875,132.52239990234375,-1,-1,-1,-1
16,2,466.70294189453125,620.380859375,49.602294921875,131.150390625,-1,-1,-1,-1
17,2,471.3598937988281,622.8788452148438,49.098907470703125,131.30084228515625,-1,-1,-1,-1
18,2,474.96502685546875,627.0208740234375,48.10382080078125,129.30108642578125,-1,-1,-1,-1
19,2,480.05615234375,629.8834838867188,47.71478271484375,130.20916748046875,-1,-1,-1,-1
20,2,486.0409851074219,631.07470703125,48.838836669921875,131.765869140625,-1,-1,-1,-1
21,2,491.0364685058594,629.0604248046875,48.933563232421875,133.19219970703125,-1,-1,-1,-1
22,2,496.3223876953125,627.1978759765625,46.7789306640625,129.5435791015625,-1,-1,-1,-1
23,2,496.5307312011719,624.7405395507812,47.969207763671875,129.894775390625,-1,-1,-1,-1
24,2,496.5271301269531,623.988525390625,47.640289306640625,131.57952880859375,-1,-1,-1,-1
25,2,497.08819580078125,625.3934936523438,48.415771484375,130.26226806640625,-1,-1,-1,-1
26,2,498.68048095703125,630.0890502929688,48.79180908203125,130.68359375,-1,-1,-1,-1
27,2,502.231689453125,635.6973876953125,47.36602783203125,129.49676513671875,-1,-1,-1,-1
28,2,502.2264709472656,638.787841796875,47.807891845703125,130.22003173828125,-1,-1,-1,-1
29,2,502.3297119140625,639.7893676757812,47.3990478515625,128.7821044921875,-1,-1,-1,-1
30,2,502.2082214355469,639.7933349609375,47.311676025390625,129.308349609375,-1,-1,-1,-1
31,2,502.3383483886719,639.5914306640625,47.421600341796875,128.7752685546875,-1,-1,-1,-1
32,2,502.908203125,642.6469116210938,48.294677734375,129.0240478515625,-1,-1,-1,-1
33,2,502.6399230957031,646.9678344726562,47.683380126953125,130.33782958984375,-1,-1,-1,-1
34,2,500.39654541015625,650.0685424804688,47.9859619140625,130.97955322265625,-1,-1,-1,-1
35,2,497.38909912109375,653.8241577148438,48.4300537109375,130.04791259765625,-1,-1,-1,-1
36,2,494.4931945800781,654.2080078125,48.695648193359375,129.79193115234375,-1,-1,-1,-1
37,2,490.77362060546875,650.7007446289062,48.8167724609375,131.61419677734375,-1,-1,-1,-1
38,2,486.8584289550781,652.2492065429688,47.438812255859375,130.1483154296875,-1,-1,-1,-1
39,2,481.2209777832031,658.9129638671875,47.868438720703125,131.05419921875,-1,-1,-1,-1
40,2,476.87060546875,665.336181640625,48.10498046875,130.68084716796875,-1,-1,-1,-1
41,2,475.2580871582031,671.2642822265625,48.373199462890625,130.6805419921875,-1,-1,-1,-1
42,2,476.8611145019531,674.4384765625,48.176727294921875,130.1444091796875,-1,-1,-1,-1
43,2,479.4095764160156,673.0521850585938,47.054290771484375,129.02276611328125,-1,-1,-1,-1
44,2,481.84429931640625,669.526611328125,46.44134521484375,126.07598876953125,-1,-1,-1,-1
45,2,484.441162109375,665.4879760742188,46.359130859375,128.2626953125,-1,-1,-1,-1
46,2,484.9927978515625,658.4906616210938,46.53253173828125,124.56353759765625,-1,-1,-1,-1
47,2,486.1233215332031,649.4360961914062,48.011077880859375,127.200439453125,-1,-1,-1,-1
48,2,487.24566650390625,640.5250244140625,50.6689453125,129.3128662109375,-1,-1,-1,-1
49,2,490.6371765136719,635.2791137695312,49.026885986328125,126.765380859375,-1,-1,-1,-1
50,2,491.2441101074219,632.3634033203125,49.747955322265625,126.162109375,-1,-1,-1,-1
51,2,492.0724182128906,632.4688110351562,49.953765869140625,126.17645263671875,-1,-1,-1,-1
52,2,490.9382019042969,636.8460083007812,49.853485107421875,126.7684326171875,-1,-1,-1,-1
53,2,486.2735900878906,644.7473754882812,49.206878662109375,125.59747314453125,-1,-1,-1,-1
54,2,479.0204162597656,652.9419555664062,49.346588134765625,128.07366943359375,-1,-1,-1,-1
55,2,476.5024719238281,657.721435546875,47.827850341796875,126.619140625,-1,-1,-1,-1
56,2,479.4333190917969,661.71630859375,47.358978271484375,125.672607421875,-1,-1,-1,-1
57,2,479.25341796875,663.0930786132812,47.10345458984375,126.779052734375,-1,-1,-1,-1
58,2,472.7444152832031,663.16796875,48.318939208984375,127.948486328125,-1,-1,-1,-1
59,2,463.47979736328125,667.2528076171875,48.130584716796875,129.866455078125,-1,-1,-1,-1
60,2,459.04632568359375,674.2510986328125,48.46142578125,130.7857666015625,-1,-1,-1,-1
61,2,461.0538330078125,681.0214233398438,49.143280029296875,131.7552490234375,-1,-1,-1,-1
62,2,467.4544372558594,685.5970458984375,49.147735595703125,130.779296875,-1,-1,-1,-1
63,2,471.8548889160156,686.0966186523438,49.118377685546875,133.02484130859375,-1,-1,-1,-1
64,2,468.6725158691406,685.0709228515625,50.142791748046875,133.2537841796875,-1,-1,-1,-1
65,2,461.9171447753906,684.9734497070312,49.642120361328125,134.8145751953125,-1,-1,-1,-1
66,2,457.28082275390625,685.664794921875,49.6981201171875,135.78570556640625,-1,-1,-1,-1
67,2,457.65887451171875,683.4854736328125,50.02490234375,135.07904052734375,-1,-1,-1,-1
68,2,462.3177490234375,678.4918212890625,50.561248779296875,134.98712158203125,-1,-1,-1,-1
69,2,468.1779479980469,675.3135986328125,50.814300537109375,132.67950439453125,-1,-1,-1,-1
70,2,473.5242919921875,669.7012329101562,50.3787841796875,134.36492919921875,-1,-1,-1,-1
71,2,477.843505859375,663.9610595703125,49.22210693359375,131.68255615234375,-1,-1,-1,-1
72,2,480.0903625488281,662.7185668945312,49.683685302734375,131.15386962890625,-1,-1,-1,-1
73,2,481.263916015625,664.6517944335938,49.14630126953125,132.17474365234375,-1,-1,-1,-1
74,2,481.9703674316406,670.5924072265625,50.153167724609375,134.49200439453125,-1,-1,-1,-1
75,2,483.66949462890625,676.4285278320312,49.47265625,132.72442626953125,-1,-1,-1,-1
76,2,485.4117736816406,679.1492919921875,48.400848388671875,133.42791748046875,-1,-1,-1,-1
77,2,484.77947998046875,683.0770874023438,49.8433837890625,134.916748046875,-1,-1,-1,-1
78,2,483.1517028808594,685.4564208984375,49.846832275390625,135.4359130859375,-1,-1,-1,-1
79,2,482.1685791015625,685.1657104492188,49.7347412109375,134.7158203125,-1,-1,-1,-1
80,2,481.0328063964844,683.0596923828125,50.769073486328125,133.44073486328125,-1,-1,-1,-1
81,2,482.61029052734375,679.7767944335938,49.128662109375,133.9774169921875,-1,-1,-1,-1
82,2,485.3721923828125,677.28466796875,47.970947265625,133.39459228515625,-1,-1,-1,-1
83,2,486.8197021484375,676.4199829101562,48.0596923828125,132.6951904296875,-1,-1,-1,-1
84,2,486.75189208984375,676.3270263671875,48.15496826171875,132.69952392578125,-1,-1,-1,-1
85,2,488.01019287109375,675.2800903320312,48.396484375,133.38775634765625,-1,-1,-1,-1
86,2,489.1624755859375,676.3984375,48.08642578125,132.98486328125,-1,-1,-1,-1
87,2,489.1156921386719,676.3380126953125,47.183929443359375,132.2489013671875,-1,-1,-1,-1
88,2,486.6048278808594,673.6920776367188,48.618743896484375,134.388671875,-1,-1,-1,-1
89,2,487.04180908203125,672.830078125,48.4976806640625,135.44085693359375,-1,-1,-1,-1
90,2,488.2648620605469,674.2257690429688,47.402557373046875,133.7862548828125,-1,-1,-1,-1
91,2,487.7245788574219,673.98388671875,47.160369873046875,132.69818115234375,-1,-1,-1,-1
92,2,486.7831726074219,671.2847900390625,48.367095947265625,133.78656005859375,-1,-1,-1,-1
93,2,488.38348388671875,667.1650390625,47.08978271484375,131.74481201171875,-1,-1,-1,-1
94,2,488.681396484375,662.619873046875,46.38092041015625,130.21185302734375,-1,-1,-1,-1
95,2,487.1366882324219,656.3300170898438,47.241912841796875,128.08428955078125,-1,-1,-1,-1
96,2,487.5725402832031,650.7241821289062,47.740203857421875,131.188232421875,-1,-1,-1,-1
97,2,488.452392578125,647.976318359375,48.14739990234375,129.5850830078125,-1,-1,-1,-1
98,2,489.00177001953125,642.3932495117188,49.17889404296875,129.76470947265625,-1,-1,-1,-1
99,2,491.50946044921875,638.2958984375,48.50433349609375,131.4307861328125,-1,-1,-1,-1
100,2,495.28582763671875,637.24462890625,47.99884033203125,129.2562255859375,-1,-1,-1,-1
101,2,498.28436279296875,635.8798217773438,47.22076416015625,129.2532958984375,-1,-1,-1,-1
102,2,498.87017822265625,634.024658203125,46.93511962890625,129.39788818359375,-1,-1,-1,-1
103,2,495.00860595703125,632.044921875,47.72857666015625,131.22479248046875,-1,-1,-1,-1
104,2,487.7002258300781,627.0916748046875,47.454437255859375,128.9747314453125,-1,-1,-1,-1
105,2,475.1449279785156,621.7471923828125,49.614715576171875,132.61865234375,-1,-1,-1,-1
106,2,467.6925048828125,615.6520385742188,48.33074951171875,132.76043701171875,-1,-1,-1,-1
107,2,438.66650390625,600.68603515625,50.885894775390625,136.7294921875,-1,-1,-1,-1
108,2,349.0923767089844,580.297607421875,59.557403564453125,142.6146240234375,-1,-1,-1,-1
109,2,221.42376708984375,574.3096313476562,102.2364501953125,145.10699462890625,-1,-1,-1,-1
110,2,403.3475341796875,546.5114135742188,89.7919921875,159.59893798828125,-1,-1,-1,-1
1,3,628.0556640625,617.6280517578125,61.73858642578125,177.06097412109375,-1,-1,-1,-1
2,3,625.5701904296875,615.1723022460938,59.06463623046875,179.64471435546875,-1,-1,-1,-1
3,3,622.0908203125,610.9600219726562,58.89019775390625,187.71466064453125,-1,-1,-1,-1
4,3,617.8016967773438,604.93701171875,60.7880859375,190.6175537109375,-1,-1,-1,-1
5,3,614.5375366210938,602.7176513671875,62.7581787109375,190.2840576171875,-1,-1,-1,-1
6,3,611.95361328125,606.8194580078125,64.467041015625,184.2176513671875,-1,-1,-1,-1
7,3,609.185791015625,613.0411376953125,64.8580322265625,179.56634521484375,-1,-1,-1,-1
8,3,605.0997314453125,617.641845703125,67.84906005859375,176.0533447265625,-1,-1,-1,-1
9,3,600.235107421875,618.02783203125,67.72125244140625,178.10443115234375,-1,-1,-1,-1
10,3,598.634521484375,615.4742431640625,67.30242919921875,180.66192626953125,-1,-1,-1,-1
11,3,599.433837890625,611.7403564453125,68.32135009765625,186.107421875,-1,-1,-1,-1
12,3,600.6201171875,614.7454833984375,70.55816650390625,184.86767578125,-1,-1,-1,-1
13,3,605.9354858398438,621.5112915039062,69.52734375,180.5838623046875,-1,-1,-1,-1
14,3,609.1160278320312,628.5350952148438,70.5562744140625,179.43072509765625,-1,-1,-1,-1
15,3,617.3529052734375,633.6539306640625,88.954345703125,174.8558349609375,-1,-1,-1,-1
16,3,621.2711791992188,636.441162109375,92.13043212890625,171.46722412109375,-1,-1,-1,-1
17,3,625.0880126953125,637.605712890625,78.7774658203125,170.3211669921875,-1,-1,-1,-1
18,3,628.4926147460938,638.4683227539062,72.36865234375,172.1268310546875,-1,-1,-1,-1
19,3,629.9872436523438,639.3284912109375,80.19927978515625,169.41094970703125,-1,-1,-1,-1
20,3,635.3729858398438,642.1257934570312,82.7025146484375,160.33941650390625,-1,-1,-1,-1
21,3,639.287353515625,642.1416015625,92.88623046875,155.4896240234375,-1,-1,-1,-1
22,3,641.3512573242188,638.2945556640625,72.289306640625,155.70611572265625,-1,-1,-1,-1
23,3,642.7745361328125,631.2540283203125,74.59222412109375,158.88800048828125,-1,-1,-1,-1
24,3,643.99951171875,624.8644409179688,68.22625732421875,161.0599365234375,-1,-1,-1,-1
25,3,646.1397705078125,622.4934692382812,65.15069580078125,163.63885498046875,-1,-1,-1,-1
26,3,646.8634033203125,625.12451171875,64.94189453125,164.8388671875,-1,-1,-1,-1
27,3,651.1084594726562,631.6817626953125,61.280517578125,162.6217041015625,-1,-1,-1,-1
28,3,651.5384521484375,637.7322998046875,55.582763671875,158.532470703125,-1,-1,-1,-1
29,3,650.5943603515625,641.311279296875,57.357177734375,154.6259765625,-1,-1,-1,-1
30,3,650.7582397460938,640.375,58.53094482421875,155.38873291015625,-1,-1,-1,-1
31,3,650.3147583007812,637.7702026367188,57.31536865234375,158.70953369140625,-1,-1,-1,-1
32,3,651.7891845703125,636.554931640625,56.82781982421875,162.45855712890625,-1,-1,-1,-1
33,3,651.9817504882812,636.7992553710938,55.6490478515625,163.13116455078125,-1,-1,-1,-1
34,3,648.7408447265625,639.0518188476562,57.61566162109375,164.5811767578125,-1,-1,-1,-1
35,3,644.5880737304688,644.8933715820312,58.93218994140625,163.0723876953125,-1,-1,-1,-1
36,3,643.234375,648.8427734375,57.119140625,158.670166015625,-1,-1,-1,-1
37,3,640.9345703125,648.4775390625,57.01654052734375,152.1063232421875,-1,-1,-1,-1
38,3,636.700439453125,648.9385375976562,57.8819580078125,154.52166748046875,-1,-1,-1,-1
39,3,631.8975219726562,651.943603515625,55.83331298828125,158.58148193359375,-1,-1,-1,-1
40,3,627.2468872070312,656.6514892578125,53.65985107421875,164.22900390625,-1,-1,-1,-1
41,3,626.1820068359375,663.5296020507812,52.22271728515625,164.48626708984375,-1,-1,-1,-1
42,3,627.4263916015625,667.570556640625,50.4608154296875,165.7159423828125,-1,-1,-1,-1
43,3,628.3203735351562,670.4384155273438,51.00054931640625,163.29180908203125,-1,-1,-1,-1
44,3,628.9159545898438,671.4766845703125,51.57415771484375,158.237548828125,-1,-1,-1,-1
45,3,629.2434692382812,669.7760620117188,52.453369140625,156.3673095703125,-1,-1,-1,-1
46,3,628.74072265625,665.2955322265625,54.22265625,155.771240234375,-1,-1,-1,-1
47,3,630.5975341796875,657.0778198242188,54.73431396484375,159.0743408203125,-1,-1,-1,-1
48,3,634.4733276367188,649.7999877929688,54.384521484375,161.774658203125,-1,-1,-1,-1
49,3,635.1336669921875,645.557861328125,55.8353271484375,163.655517578125,-1,-1,-1,-1
50,3,634.8442993164062,646.2432861328125,56.82598876953125,161.39239501953125,-1,-1,-1,-1
51,3,636.2467041015625,649.8264770507812,55.94482421875,158.7135009765625,-1,-1,-1,-1
52,3,635.4715576171875,658.8090209960938,56.8692626953125,154.1629638671875,-1,-1,-1,-1
53,3,631.6694946289062,666.1470947265625,55.6685791015625,156.263916015625,-1,-1,-1,-1
54,3,627.5366821289062,671.067138671875,52.970947265625,155.9453125,-1,-1,-1,-1
55,3,625.2186279296875,670.3102416992188,52.09014892578125,160.56744384765625,-1,-1,-1,-1
56,3,627.449951171875,667.1515502929688,51.8392333984375,165.96002197265625,-1,-1,-1,-1
57,3,627.024658203125,665.4573364257812,52.2720947265625,165.67218017578125,-1,-1,-1,-1
58,3,620.0534057617188,665.2764892578125,53.06903076171875,161.94598388671875,-1,-1,-1,-1
59,3,611.16357421875,669.700927734375,54.74249267578125,158.9700927734375,-1,-1,-1,-1
60,3,605.9136352539062,678.3045043945312,56.89703369140625,158.49017333984375,-1,-1,-1,-1
61,3,607.9896240234375,685.9559326171875,59.29290771484375,155.43255615234375,-1,-1,-1,-1
62,3,615.26025390625,687.1226196289062,60.34600830078125,154.2215576171875,-1,-1,-1,-1
63,3,620.4160766601562,680.7158813476562,59.1085205078125,159.2049560546875,-1,-1,-1,-1
64,3,617.2326049804688,672.8609619140625,61.07080078125,164.3702392578125,-1,-1,-1,-1
65,3,611.9207763671875,668.4638061523438,59.92138671875,164.2740478515625,-1,-1,-1,-1
66,3,605.2330322265625,666.4879760742188,58.029541015625,162.5789794921875,-1,-1,-1,-1
67,3,605.5090942382812,665.0811157226562,58.74896240234375,160.31134033203125,-1,-1,-1,-1
68,3,609.5549926757812,662.8721923828125,62.3258056640625,158.6820068359375,-1,-1,-1,-1
69,3,614.3338623046875,659.2360229492188,65.23919677734375,154.84173583984375,-1,-1,-1,-1
70,3,620.1968994140625,653.8543701171875,67.1229248046875,155.658935546875,-1,-1,-1,-1
71,3,624.301513671875,647.250244140625,64.75140380859375,155.46832275390625,-1,-1,-1,-1
72,3,627.0222778320312,642.642578125,61.424072265625,159.664794921875,-1,-1,-1,-1
73,3,627.366455078125,643.8927001953125,63.93426513671875,163.39404296875,-1,-1,-1,-1
74,3,629.7041015625,650.5543212890625,63.8424072265625,161.857177734375,-1,-1,-1,-1
75,3,632.29248046875,659.18798828125,64.6781005859375,158.40716552734375,-1,-1,-1,-1
76,3,633.5222778320312,665.2145385742188,63.85296630859375,155.53375244140625,-1,-1,-1,-1
77,3,634.5501098632812,667.3055419921875,63.55364990234375,156.14190673828125,-1,-1,-1,-1
78,3,633.677001953125,666.0653686523438,62.77630615234375,159.29034423828125,-1,-1,-1,-1
79,3,632.6311645507812,663.2066650390625,63.663330078125,162.38189697265625,-1,-1,-1,-1
80,3,632.650634765625,658.7431640625,61.73492431640625,165.7646484375,-1,-1,-1,-1
81,3,634.644287109375,656.1399536132812,57.23663330078125,166.36041259765625,-1,-1,-1,-1
82,3,637.5368041992188,655.1834716796875,55.55828857421875,165.29583740234375,-1,-1,-1,-1
83,3,639.983642578125,656.82470703125,54.57611083984375,163.9427490234375,-1,-1,-1,-1
84,3,640.295166015625,657.6616821289062,56.7740478515625,161.0321044921875,-1,-1,-1,-1
85,3,641.38818359375,657.2186889648438,58.06689453125,158.61370849609375,-1,-1,-1,-1
86,3,643.5233154296875,658.4981079101562,59.056640625,159.00360107421875,-1,-1,-1,-1
87,3,644.07421875,658.2356567382812,59.06805419921875,162.91583251953125,-1,-1,-1,-1
88,3,645.2418212890625,657.6525268554688,61.1416015625,166.58514404296875,-1,-1,-1,-1
89,3,645.6519165039062,660.9223022460938,62.80377197265625,167.57061767578125,-1,-1,-1,-1
90,3,646.1663818359375,666.136474609375,63.74237060546875,167.86114501953125,-1,-1,-1,-1
91,3,645.0405883789062,669.7850341796875,66.12261962890625,167.61871337890625,-1,-1,-1,-1
92,3,645.59765625,668.9614868164062,64.73663330078125,168.88641357421875,-1,-1,-1,-1
93,3,649.548583984375,667.2784423828125,63.5316162109375,169.2784423828125,-1,-1,-1,-1
94,3,653.0050659179688,666.37939453125,61.11090087890625,166.7509765625,-1,-1,-1,-1
95,3,656.90771484375,664.9848022460938,54.234130859375,161.90618896484375,-1,-1,-1,-1
96,3,659.1015625,666.4740600585938,54.7017822265625,157.8297119140625,-1,-1,-1,-1
97,3,658.3795166015625,666.39208984375,60.05120849609375,158.3282470703125,-1,-1,-1,-1
98,3,642.9007568359375,659.3792114257812,81.775634765625,164.80364990234375,-1,-1,-1,-1
99,3,643.1649169921875,653.55224609375,81.1724853515625,170.39569091796875,-1,-1,-1,-1
100,3,653.7685546875,649.856201171875,69.72686767578125,169.8775634765625,-1,-1,-1,-1
101,3,655.6613159179688,649.025146484375,65.80975341796875,174.006591796875,-1,-1,-1,-1
102,3,658.3946533203125,649.5726318359375,75.1488037109375,176.8868408203125,-1,-1,-1,-1
103,3,655.961181640625,642.5813598632812,65.43487548828125,171.94989013671875,-1,-1,-1,-1
104,3,657.1649780273438,636.0247802734375,63.76739501953125,166.52685546875,-1,-1,-1,-1
105,3,645.1989135742188,629.197509765625,57.82733154296875,156.2581787109375,-1,-1,-1,-1
106,3,626.9254150390625,622.03857421875,65.4609375,175.84051513671875,-1,-1,-1,-1
107,3,613.0069580078125,605.4732055664062,57.80181884765625,172.12481689453125,-1,-1,-1,-1
108,3,538.5116577148438,581.5266723632812,54.65386962890625,139.14605712890625,-1,-1,-1,-1
109,3,393.9774169921875,552.2852172851562,57.764739990234375,148.468505859375,-1,-1,-1,-1
110,3,625.3514404296875,521.8998413085938,100.12213134765625,144.36578369140625,-1,-1,-1,-1
113,3,634.9718627929688,473.6140441894531,93.09222412109375,175.68490600585938,-1,-1,-1,-1
114,3,562.2828979492188,419.06207275390625,113.720947265625,217.00958251953125,-1,-1,-1,-1
115,3,498.79718017578125,395.0230712890625,123.31573486328125,232.8311767578125,-1,-1,-1,-1
116,3,450.8290710449219,394.7720947265625,129.58865356445312,223.09027099609375,-1,-1,-1,-1
117,3,412.4940490722656,391.2386474609375,141.93484497070312,220.6051025390625,-1,-1,-1,-1
118,3,395.1462707519531,405.4776916503906,110.170166015625,199.88729858398438,-1,-1,-1,-1
119,3,380.718994140625,418.3902587890625,101.6328125,183.99053955078125,-1,-1,-1,-1
120,3,365.85882568359375,433.6919860839844,130.7427978515625,172.24264526367188,-1,-1,-1,-1
121,3,354.192626953125,427.03851318359375,110.57846069335938,187.9315185546875,-1,-1,-1,-1
122,3,354.09393310546875,424.52532958984375,105.11514282226562,185.12664794921875,-1,-1,-1,-1
123,3,356.26007080078125,424.34088134765625,105.8687744140625,183.6461181640625,-1,-1,-1,-1
124,3,360.3440856933594,420.8239440917969,107.0009765625,180.96438598632812,-1,-1,-1,-1
125,3,365.674072265625,411.391845703125,98.78326416015625,183.0670166015625,-1,-1,-1,-1
126,3,371.484375,404.08349609375,87.16610717773438,183.1112060546875,-1,-1,-1,-1
127,3,374.6555480957031,393.12005615234375,86.71542358398438,190.1929931640625,-1,-1,-1,-1
128,3,382.1631164550781,388.1094970703125,88.793212890625,180.341552734375,-1,-1,-1,-1
129,3,382.3174133300781,378.066650390625,99.84841918945312,177.05914306640625,-1,-1,-1,-1
130,3,378.4757385253906,360.6856994628906,122.93328857421875,178.72158813476562,-1,-1,-1,-1
131,3,381.1068420410156,345.62109375,143.96786499023438,182.27862548828125,-1,-1,-1,-1
133,3,377.6356506347656,313.4276123046875,139.78909301757812,195.95501708984375,-1,-1,-1,-1
134,3,376.76739501953125,306.57366943359375,148.53997802734375,193.02359008789062,-1,-1,-1,-1
135,3,375.50665283203125,292.710693359375,150.03509521484375,184.26004028320312,-1,-1,-1,-1
136,3,373.8399658203125,285.6075134277344,149.40802001953125,188.00350952148438,-1,-1,-1,-1
137,3,369.2042541503906,279.72705078125,154.84634399414062,184.4058837890625,-1,-1,-1,-1
138,3,369.9305725097656,273.98443603515625,155.61416625976562,196.69097900390625,-1,-1,-1,-1
139,3,364.64556884765625,271.5705261230469,165.0673828125,189.43063354492188,-1,-1,-1,-1
140,3,357.9539794921875,272.88824462890625,158.87225341796875,176.21524047851562,-1,-1,-1,-1
141,3,356.7635498046875,275.0196533203125,116.73489379882812,172.80374145507812,-1,-1,-1,-1
142,3,365.77593994140625,275.07794189453125,95.1416015625,172.34451293945312,-1,-1,-1,-1
143,3,374.4331359863281,276.11236572265625,88.11544799804688,173.45751953125,-1,-1,-1,-1
144,3,378.946044921875,280.649169921875,94.88845825195312,171.65777587890625,-1,-1,-1,-1
145,3,389.8498229980469,287.4444580078125,94.99362182617188,170.09780883789062,-1,-1,-1,-1
146,3,403.300537109375,289.2068176269531,87.89968872070312,172.68170166015625,-1,-1,-1,-1
147,3,410.2829284667969,301.0179748535156,95.3800048828125,163.31277465820312,-1,-1,-1,-1
148,3,420.98077392578125,293.0625915527344,90.06497192382812,170.84445190429688,-1,-1,-1,-1
149,3,428.4590759277344,293.85784912109375,89.76034545898438,169.32861328125,-1,-1,-1,-1
150,3,440.4588317871094,293.39324951171875,84.52426147460938,170.3831787109375,-1,-1,-1,-1
151,3,445.33197021484375,301.4241027832031,102.108154296875,168.327880859375,-1,-1,-1,-1
152,3,460.66064453125,306.392578125,92.2535400390625,168.71923828125,-1,-1,-1,-1
153,3,477.93121337890625,311.63818359375,92.6268310546875,168.59524536132812,-1,-1,-1,-1
154,3,508.7884521484375,325.4471435546875,106.87750244140625,166.782470703125,-1,-1,-1,-1
156,3,561.9522705078125,333.85009765625,136.06695556640625,185.3421630859375,-1,-1,-1,-1
157,3,589.1831665039062,347.48004150390625,125.50457763671875,184.37774658203125,-1,-1,-1,-1
158,3,618.6229248046875,337.1385803222656,122.5191650390625,204.89608764648438,-1,-1,-1,-1
159,3,687.1906127929688,382.7981872558594,102.212890625,188.84555053710938,-1,-1,-1,-1
160,3,794.66845703125,430.27557373046875,100.37451171875,169.79913330078125,-1,-1,-1,-1
161,3,936.5742797851562,486.5496520996094,106.20098876953125,167.19052124023438,-1,-1,-1,-1
162,3,747.3558349609375,475.8990478515625,59.8509521484375,126.798828125,-1,-1,-1,-1
163,3,751.1556396484375,542.87109375,42.86199951171875,109.18408203125,-1,-1,-1,-1
164,3,744.4755249023438,585.7801513671875,45.448974609375,111.9429931640625,-1,-1,-1,-1
165,3,719.090576171875,582.9249267578125,33.9105224609375,97.96337890625,-1,-1,-1,-1
166,3,747.1904296875,610.712890625,29.6556396484375,70.763427734375,-1,-1,-1,-1
167,3,757.0393676757812,627.6841430664062,28.53253173828125,78.0849609375,-1,-1,-1,-1
168,3,763.136962890625,640.2176513671875,27.5684814453125,73.92431640625,-1,-1,-1,-1
169,3,764.30517578125,653.6023559570312,27.052001953125,71.46600341796875,-1,-1,-1,-1
170,3,765.9415893554688,662.7518920898438,28.24554443359375,75.98577880859375,-1,-1,-1,-1
171,3,765.354736328125,665.9069213867188,28.83349609375,79.01629638671875,-1,-1,-1,-1
172,3,763.0313110351562,667.39599609375,28.01641845703125,75.97674560546875,-1,-1,-1,-1
173,3,757.5731201171875,669.492431640625,27.171142578125,69.9117431640625,-1,-1,-1,-1
174,3,752.3902587890625,668.2490234375,29.08056640625,82.78515625,-1,-1,-1,-1
175,3,748.858154296875,666.9850463867188,28.2734375,78.16534423828125,-1,-1,-1,-1
176,3,749.3311767578125,667.7694702148438,27.7203369140625,76.540771484375,-1,-1,-1,-1
177,3,751.4505004882812,667.9702758789062,27.78912353515625,76.826416015625,-1,-1,-1,-1
178,3,750.926025390625,667.2197875976562,29.716064453125,86.9222412109375,-1,-1,-1,-1
179,3,750.015380859375,667.8160400390625,29.2264404296875,77.19580078125,-1,-1,-1,-1
180,3,749.0518798828125,669.6452026367188,30.1195068359375,73.3746337890625,-1,-1,-1,-1
181,3,752.254638671875,670.4225463867188,29.5003662109375,79.344970703125,-1,-1,-1,-1
182,3,756.8831787109375,676.1513061523438,25.90057373046875,67.20672607421875,-1,-1,-1,-1
183,3,758.248779296875,682.9286499023438,27.03485107421875,75.06488037109375,-1,-1,-1,-1
184,3,761.186279296875,686.22900390625,28.2579345703125,77.90435791015625,-1,-1,-1,-1
185,3,763.6599731445312,687.4039916992188,28.6279296875,77.20745849609375,-1,-1,-1,-1
186,3,763.4185180664062,685.3226318359375,30.73638916015625,83.1785888671875,-1,-1,-1,-1
187,3,763.75341796875,680.8757934570312,29.0703125,78.22479248046875,-1,-1,-1,-1
188,3,763.9307861328125,676.72998046875,26.9996337890625,72.6265869140625,-1,-1,-1,-1
189,3,763.9130249023438,669.9683227539062,28.50787353515625,77.88958740234375,-1,-1,-1,-1
190,3,763.9048461914062,665.6975708007812,28.87164306640625,79.43939208984375,-1,-1,-1,-1
191,3,764.2783203125,661.9028930664062,28.40771484375,78.00689697265625,-1,-1,-1,-1
192,3,763.7154541015625,657.822021484375,28.69287109375,80.711181640625,-1,-1,-1,-1
193,3,763.714599609375,656.2005004882812,30.118408203125,82.53704833984375,-1,-1,-1,-1
194,3,764.1068115234375,652.4603271484375,29.2032470703125,85.98602294921875,-1,-1,-1,-1
195,3,765.2762451171875,651.537109375,28.9090576171875,84.99395751953125,-1,-1,-1,-1
196,3,767.0203857421875,650.2740478515625,28.22119140625,79.4400634765625,-1,-1,-1,-1
197,3,765.9730834960938,643.9541015625,30.88763427734375,82.3236083984375,-1,-1,-1,-1
198,3,766.5869140625,637.0192260742188,31.99017333984375,84.23541259765625,-1,-1,-1,-1
199,3,770.326904296875,627.232421875,29.050048828125,86.21661376953125,-1,-1,-1,-1
200,3,772.3876953125,625.4326782226562,29.6539306640625,86.87139892578125,-1,-1,-1,-1
201,3,777.1458129882812,624.4361572265625,28.24835205078125,77.43902587890625,-1,-1,-1,-1
202,3,784.2262573242188,623.52001953125,26.3990478515625,79.39874267578125,-1,-1,-1,-1
203,3,785.319091796875,622.0398559570312,26.90863037109375,74.1309814453125,-1,-1,-1,-1
204,3,786.8449096679688,619.4735717773438,27.45477294921875,79.3590087890625,-1,-1,-1,-1
205,3,787.723388671875,619.1799926757812,27.792724609375,86.38848876953125,-1,-1,-1,-1
206,3,789.9901733398438,620.501220703125,27.85479736328125,85.79559326171875,-1,-1,-1,-1
207,3,793.779052734375,619.9353637695312,28.41119384765625,86.99359130859375,-1,-1,-1,-1
208,3,798.1679077148438,617.7058715820312,26.853271484375,82.5633544921875,-1,-1,-1,-1
209,3,797.1680297851562,616.1209716796875,27.9847412109375,84.49151611328125,-1,-1,-1,-1
210,3,798.4785766601562,614.3417358398438,27.143310546875,85.60406494140625,-1,-1,-1,-1
211,3,801.3529052734375,612.9507446289062,28.51190185546875,88.4349365234375,-1,-1,-1,-1
212,3,805.3074951171875,615.0718383789062,27.2005615234375,79.52447509765625,-1,-1,-1,-1
213,3,804.82275390625,621.195556640625,29.14422607421875,80.78338623046875,-1,-1,-1,-1
214,3,802.5453491210938,623.5963745117188,28.61260986328125,87.62371826171875,-1,-1,-1,-1
215,3,800.9343872070312,622.2118530273438,28.86773681640625,84.5079345703125,-1,-1,-1,-1
216,3,801.0322875976562,614.7633056640625,29.1448974609375,82.00201416015625,-1,-1,-1,-1
217,3,799.0191650390625,610.5252075195312,31.11956787109375,92.84210205078125,-1,-1,-1,-1
218,3,799.3291015625,609.2025146484375,29.81927490234375,89.767333984375,-1,-1,-1,-1
219,3,799.5115966796875,609.8832397460938,30.317138671875,93.9503173828125,-1,-1,-1,-1
220,3,799.3956909179688,614.2649536132812,30.06805419921875,90.358642578125,-1,-1,-1,-1
221,3,799.3696899414062,620.4268188476562,29.92938232421875,91.75555419921875,-1,-1,-1,-1
222,3,799.0096435546875,623.6528930664062,30.93365478515625,93.45147705078125,-1,-1,-1,-1
223,3,799.5479736328125,624.0626220703125,29.47198486328125,86.6790771484375,-1,-1,-1,-1
224,3,799.7953491210938,621.6953125,28.62841796875,86.439697265625,-1,-1,-1,-1
225,3,800.0858154296875,620.6741943359375,28.15673828125,90.5750732421875,-1,-1,-1,-1
226,3,802.2469482421875,615.5431518554688,27.106201171875,87.0435791015625,-1,-1,-1,-1
227,3,802.2636108398438,614.2317504882812,27.41156005859375,85.729248046875,-1,-1,-1,-1
228,3,802.1766967773438,613.1874389648438,27.9598388671875,88.83349609375,-1,-1,-1,-1
229,3,802.7516479492188,612.7421264648438,28.8321533203125,87.306640625,-1,-1,-1,-1
230,3,802.372314453125,614.0559692382812,28.42596435546875,92.76824951171875,-1,-1,-1,-1
231,3,801.9947509765625,618.2354736328125,26.79852294921875,85.79193115234375,-1,-1,-1,-1
232,3,802.6438598632812,622.2279052734375,27.9879150390625,78.7947998046875,-1,-1,-1,-1
233,3,804.0825805664062,620.5819091796875,28.67657470703125,85.0552978515625,-1,-1,-1,-1
234,3,805.4271850585938,618.4757690429688,27.443603515625,78.19549560546875,-1,-1,-1,-1
235,3,803.964599609375,616.6841430664062,27.91351318359375,79.02471923828125,-1,-1,-1,-1
236,3,803.0808715820312,614.9097900390625,28.3138427734375,84.46795654296875,-1,-1,-1,-1
237,3,801.8355102539062,605.3001708984375,31.6285400390625,86.0667724609375,-1,-1,-1,-1
238,3,807.298583984375,586.5625610351562,31.23358154296875,83.20953369140625,-1,-1,-1,-1
239,3,809.541015625,582.5877685546875,32.40966796875,83.42340087890625,-1,-1,-1,-1
240,3,809.43896484375,583.6934204101562,32.847412109375,83.8497314453125,-1,-1,-1,-1
241,3,808.522216796875,584.7276000976562,32.5081787109375,84.05389404296875,-1,-1,-1,-1
242,3,806.7307739257812,585.92529296875,31.26983642578125,81.02008056640625,-1,-1,-1,-1
243,3,801.6360473632812,585.5487060546875,30.2196044921875,74.66815185546875,-1,-1,-1,-1
244,3,799.4650268554688,585.3295288085938,32.93402099609375,97.643310546875,-1,-1,-1,-1
245,3,797.728515625,584.5397338867188,34.96392822265625,114.513916015625,-1,-1,-1,-1
246,3,795.0679321289062,584.6539916992188,36.69244384765625,117.672607421875,-1,-1,-1,-1
247,3,792.799072265625,584.5870971679688,38.8984375,125.35223388671875,-1,-1,-1,-1
248,3,792.3369140625,584.1920166015625,36.8255615234375,116.11065673828125,-1,-1,-1,-1
249,3,794.366455078125,583.3552856445312,30.82080078125,101.79266357421875,-1,-1,-1,-1
250,3,795.6201782226562,584.8569946289062,28.04766845703125,85.9503173828125,-1,-1,-1,-1
251,3,791.5067749023438,583.2752685546875,32.82086181640625,89.39825439453125,-1,-1,-1,-1
252,3,788.2442626953125,583.54443359375,31.4654541015625,81.64398193359375,-1,-1,-1,-1
253,3,787.5564575195312,583.03369140625,30.6444091796875,86.30023193359375,-1,-1,-1,-1
254,3,785.5469360351562,585.088134765625,30.52996826171875,88.51898193359375,-1,-1,-1,-1
255,3,784.5785522460938,589.2525024414062,29.41998291015625,83.26568603515625,-1,-1,-1,-1
256,3,784.4494018554688,595.2716674804688,30.67877197265625,84.9300537109375,-1,-1,-1,-1
257,3,784.8027954101562,597.8024291992188,32.0682373046875,100.72808837890625,-1,-1,-1,-1
258,3,787.5669555664062,598.462158203125,30.3936767578125,95.9154052734375,-1,-1,-1,-1
259,3,787.816650390625,597.4791259765625,30.55023193359375,92.177490234375,-1,-1,-1,-1
260,3,788.5975341796875,598.8726806640625,30.95294189453125,96.84869384765625,-1,-1,-1,-1
261,3,792.5936279296875,601.5410766601562,28.89495849609375,84.30474853515625,-1,-1,-1,-1
262,3,795.6529541015625,605.10791015625,30.77923583984375,87.53131103515625,-1,-1,-1,-1
263,3,797.6608276367188,608.4423828125,30.45123291015625,86.354736328125,-1,-1,-1,-1
264,3,798.043212890625,609.4136962890625,31.046875,89.46185302734375,-1,-1,-1,-1
265,3,800.3472900390625,611.6744384765625,30.32470703125,87.96502685546875,-1,-1,-1,-1
266,3,800.7959594726562,612.238037109375,31.02960205078125,88.3499755859375,-1,-1,-1,-1
267,3,802.8004150390625,612.90283203125,31.40625,87.96087646484375,-1,-1,-1,-1
268,3,804.8758544921875,612.6647338867188,30.56011962890625,88.3189697265625,-1,-1,-1,-1
269,3,805.7014770507812,614.52783203125,30.06060791015625,84.95068359375,-1,-1,-1,-1
270,3,809.1895751953125,616.0521850585938,28.78515625,87.22235107421875,-1,-1,-1,-1
271,3,809.2958984375,619.1762084960938,31.300048828125,86.39483642578125,-1,-1,-1,-1
272,3,810.5997924804688,621.9977416992188,30.3055419921875,87.298828125,-1,-1,-1,-1
273,3,809.1605224609375,623.5969848632812,30.75067138671875,86.36859130859375,-1,-1,-1,-1
274,3,810.0090942382812,625.5106811523438,29.93426513671875,87.10870361328125,-1,-1,-1,-1
275,3,811.447998046875,626.7496948242188,29.01348876953125,85.71282958984375,-1,-1,-1,-1
276,3,810.0589599609375,627.0553588867188,31.329833984375,92.74810791015625,-1,-1,-1,-1
277,3,812.969970703125,627.727783203125,29.37530517578125,86.9801025390625,-1,-1,-1,-1
278,3,813.4588623046875,627.8115844726562,29.9891357421875,91.61474609375,-1,-1,-1,-1
279,3,813.7955932617188,628.0020751953125,30.73236083984375,96.6668701171875,-1,-1,-1,-1
280,3,813.2991943359375,627.85595703125,30.46014404296875,95.33697509765625,-1,-1,-1,-1
281,3,814.8426513671875,627.3992919921875,28.841552734375,88.79888916015625,-1,-1,-1,-1
282,3,814.783203125,626.424072265625,29.11700439453125,86.8768310546875,-1,-1,-1,-1
283,3,814.1660766601562,623.836669921875,29.0904541015625,91.27117919921875,-1,-1,-1,-1
284,3,812.40234375,623.0628662109375,28.80694580078125,85.5560302734375,-1,-1,-1,-1
285,3,811.7960815429688,620.6881103515625,27.86029052734375,82.37432861328125,-1,-1,-1,-1
286,3,811.2730712890625,621.8446655273438,27.77703857421875,84.0445556640625,-1,-1,-1,-1
287,3,813.5823974609375,622.3580932617188,27.05596923828125,85.60076904296875,-1,-1,-1,-1
288,3,813.775634765625,622.7604370117188,27.54595947265625,86.42633056640625,-1,-1,-1,-1
289,3,813.7368774414062,623.4694213867188,27.36114501953125,85.0523681640625,-1,-1,-1,-1
290,3,812.5994873046875,625.6932983398438,27.33447265625,78.05145263671875,-1,-1,-1,-1
291,3,811.1530151367188,626.197021484375,27.396240234375,83.2816162109375,-1,-1,-1,-1
292,3,810.7764892578125,627.1974487304688,27.0157470703125,83.12677001953125,-1,-1,-1,-1
293,3,810.101806640625,627.1198120117188,28.50653076171875,90.0670166015625,-1,-1,-1,-1
294,3,809.6944580078125,625.857421875,31.11871337890625,93.08062744140625,-1,-1,-1,-1
295,3,810.169189453125,624.9652709960938,33.090087890625,93.7847900390625,-1,-1,-1,-1
296,3,811.2703857421875,625.8933715820312,32.91717529296875,90.55511474609375,-1,-1,-1,-1
297,3,815.5697021484375,625.9070434570312,30.06982421875,82.72247314453125,-1,-1,-1,-1
298,3,814.6287841796875,627.7527465820312,31.25201416015625,81.22052001953125,-1,-1,-1,-1
299,3,818.1785278320312,628.65576171875,28.40179443359375,76.3243408203125,-1,-1,-1,-1
300,3,818.2891235351562,630.3474731445312,29.20123291015625,78.97552490234375,-1,-1,-1,-1
301,3,818.171142578125,634.0018310546875,29.97216796875,77.75311279296875,-1,-1,-1,-1
302,3,820.8453369140625,636.94775390625,28.3316650390625,77.60565185546875,-1,-1,-1,-1
303,3,820.6500244140625,636.7689819335938,29.087646484375,76.60614013671875,-1,-1,-1,-1
304,3,819.0735473632812,635.4081420898438,32.22772216796875,82.7078857421875,-1,-1,-1,-1
305,3,816.6561279296875,635.2396240234375,36.13116455078125,83.2152099609375,-1,-1,-1,-1
306,3,803.58642578125,638.165771484375,51.239501953125,115.1259765625,-1,-1,-1,-1
307,3,800.175048828125,637.5088500976562,56.2283935546875,139.86474609375,-1,-1,-1,-1
308,3,795.2141723632812,637.1566162109375,62.26165771484375,155.03607177734375,-1,-1,-1,-1
309,3,786.557373046875,637.1455688476562,71.93585205078125,176.61541748046875,-1,-1,-1,-1
310,3,781.6681518554688,642.2152709960938,75.16656494140625,184.62158203125,-1,-1,-1,-1
311,3,780.32421875,643.1429443359375,75.10882568359375,210.91058349609375,-1,-1,-1,-1
109,4,190.03927612304688,563.7894287109375,69.345703125,158.06646728515625,-1,-1,-1,-1
110,4,394.43060302734375,517.16796875,84.4114990234375,127.478759765625,-1,-1,-1,-1
111,5,10.521852493286133,495.6517639160156,147.37765502929688,267.1245422363281,-1,-1,-1,-1
112,5,115.77523803710938,487.53802490234375,169.151611328125,283.8375244140625,-1,-1,-1,-1
117,6,1088.946044921875,323.1991882324219,124.698974609375,168.22463989257812,-1,-1,-1,-1
118,6,1065.279296875,318.8988342285156,125.697021484375,162.88400268554688,-1,-1,-1,-1
119,6,1054.6075439453125,314.86639404296875,118.06494140625,160.37103271484375,-1,-1,-1,-1
120,6,1035.5477294921875,312.65191650390625,120.787841796875,160.66326904296875,-1,-1,-1,-1
121,6,1030.6171875,310.49395751953125,118.13720703125,163.483642578125,-1,-1,-1,-1
122,6,1030.8201904296875,307.9565734863281,119.587158203125,165.09121704101562,-1,-1,-1,-1
123,6,1029.1646728515625,305.3857421875,126.5872802734375,163.98031616210938,-1,-1,-1,-1
124,6,1042.325927734375,301.79144287109375,121.79736328125,165.15261840820312,-1,-1,-1,-1
125,6,1051.7657470703125,298.5899353027344,122.6971435546875,164.63775634765625,-1,-1,-1,-1
126,6,1062.3336181640625,295.96099853515625,126.2630615234375,163.68698120117188,-1,-1,-1,-1
127,6,1073.6126708984375,291.19305419921875,128.0006103515625,166.02362060546875,-1,-1,-1,-1
128,6,1088.572509765625,286.28936767578125,126.814697265625,165.80462646484375,-1,-1,-1,-1
129,6,1100.6512451171875,280.8463134765625,128.4696044921875,166.9383544921875,-1,-1,-1,-1
130,6,1116.2581787109375,273.6205139160156,129.2454833984375,163.18789672851562,-1,-1,-1,-1
131,6,1132.5537109375,265.38555908203125,130.5684814453125,162.63650512695312,-1,-1,-1,-1
132,6,1149.28271484375,256.2090759277344,133.87548828125,157.75057983398438,-1,-1,-1,-1
133,6,1161.7283935546875,246.9407501220703,127.53515625,157.6616973876953,-1,-1,-1,-1
134,6,1175.944091796875,242.06686401367188,125.685302734375,152.07235717773438,-1,-1,-1,-1
135,6,1186.922607421875,237.056884765625,121.2528076171875,149.560791015625,-1,-1,-1,-1
136,6,1201.4619140625,232.16741943359375,115.1973876953125,145.7181396484375,-1,-1,-1,-1
137,6,1207.469482421875,228.0661163330078,121.5147705078125,147.1641387939453,-1,-1,-1,-1
138,6,1220.851806640625,225.24354553222656,110.1580810546875,145.42857360839844,-1,-1,-1,-1
139,6,1224.288330078125,221.6702880859375,109.0794677734375,140.87588500976562,-1,-1,-1,-1
140,6,1233.0167236328125,218.11788940429688,102.2828369140625,146.04843139648438,-1,-1,-1,-1
141,6,1249.7373046875,216.23683166503906,91.2037353515625,150.99745178222656,-1,-1,-1,-1
142,6,1244.4918212890625,212.58578491210938,118.0018310546875,172.57644653320312,-1,-1,-1,-1
160,7,30.777080535888672,460.5616455078125,219.13375854492188,256.8475341796875,-1,-1,-1,-1
161,7,192.65383911132812,485.9775390625,198.86862182617188,241.0048828125,-1,-1,-1,-1
162,7,359.526123046875,518.5385131835938,167.1297607421875,229.4287109375,-1,-1,-1,-1
163,7,526.6392822265625,550.59765625,109.4652099609375,219.8836669921875,-1,-1,-1,-1
164,7,618.9566040039062,579.3506469726562,90.82135009765625,221.6590576171875,-1,-1,-1,-1
165,7,664.2183227539062,605.2976684570312,86.55511474609375,223.1314697265625,-1,-1,-1,-1
166,7,688.2036743164062,626.3982543945312,79.9022216796875,223.44805908203125,-1,-1,-1,-1
167,7,695.9910278320312,643.9837646484375,81.87286376953125,224.2418212890625,-1,-1,-1,-1
168,7,700.3406372070312,657.0328369140625,80.1966552734375,225.80511474609375,-1,-1,-1,-1
169,7,703.5382080078125,670.7440185546875,77.35919189453125,226.7720947265625,-1,-1,-1,-1
170,7,707.547607421875,680.0778198242188,72.36248779296875,228.24139404296875,-1,-1,-1,-1
171,7,709.11083984375,684.1791381835938,72.5023193359375,228.73779296875,-1,-1,-1,-1
172,7,707.8919677734375,686.2060546875,71.50152587890625,228.93243408203125,-1,-1,-1,-1
173,7,704.8988647460938,685.5690307617188,67.12823486328125,231.7392578125,-1,-1,-1,-1
174,7,697.77685546875,685.4049072265625,69.32208251953125,232.9990234375,-1,-1,-1,-1
175,7,694.1256103515625,683.577392578125,69.95965576171875,235.5009765625,-1,-1,-1,-1
176,7,694.4563598632812,683.3776245117188,70.18206787109375,236.37274169921875,-1,-1,-1,-1
177,7,693.8268432617188,684.3047485351562,70.304443359375,236.491943359375,-1,-1,-1,-1
178,7,693.3239135742188,684.5975341796875,71.69903564453125,236.80682373046875,-1,-1,-1,-1
179,7,691.2295532226562,685.3115844726562,73.51983642578125,236.91424560546875,-1,-1,-1,-1
180,7,689.32470703125,686.2852172851562,75.029296875,237.49310302734375,-1,-1,-1,-1
181,7,690.3825073242188,687.298828125,75.54791259765625,239.029052734375,-1,-1,-1,-1
182,7,693.020263671875,692.880126953125,73.15679931640625,238.85772705078125,-1,-1,-1,-1
183,7,690.2953491210938,700.1876831054688,77.5958251953125,240.39581298828125,-1,-1,-1,-1
184,7,694.3973999023438,705.31201171875,75.47796630859375,240.0430908203125,-1,-1,-1,-1
185,7,694.7499389648438,706.5164184570312,80.5047607421875,241.60247802734375,-1,-1,-1,-1
186,7,691.8803100585938,705.1665649414062,83.44219970703125,241.84405517578125,-1,-1,-1,-1
187,7,689.400634765625,700.3920288085938,80.6326904296875,241.83197021484375,-1,-1,-1,-1
188,7,686.9214477539062,693.7169189453125,80.26312255859375,241.143310546875,-1,-1,-1,-1
189,7,683.703857421875,686.9766845703125,78.95001220703125,237.3643798828125,-1,-1,-1,-1
190,7,677.8047485351562,681.5391235351562,80.95758056640625,236.44476318359375,-1,-1,-1,-1
191,7,676.8674926757812,678.7614135742188,84.54949951171875,233.99444580078125,-1,-1,-1,-1
192,7,670.447021484375,678.1290283203125,90.9627685546875,233.62030029296875,-1,-1,-1,-1
193,7,669.6451416015625,678.9514770507812,93.83917236328125,233.33673095703125,-1,-1,-1,-1
194,7,672.1314086914062,679.886474609375,94.81689453125,233.246826171875,-1,-1,-1,-1
195,7,651.54541015625,683.0462646484375,118.302978515625,233.585205078125,-1,-1,-1,-1
196,7,645.3214111328125,682.1290283203125,125.7099609375,234.328857421875,-1,-1,-1,-1
197,7,639.513427734375,674.3770751953125,129.8701171875,239.53997802734375,-1,-1,-1,-1
198,7,637.7323608398438,663.082275390625,132.49725341796875,242.282958984375,-1,-1,-1,-1
199,7,640.7051391601562,653.46435546875,127.97821044921875,242.36334228515625,-1,-1,-1,-1
200,7,653.4735717773438,649.8571166992188,114.735595703125,244.51605224609375,-1,-1,-1,-1
201,7,661.3825073242188,647.30078125,107.34820556640625,247.80999755859375,-1,-1,-1,-1
202,7,673.0525512695312,640.1473999023438,102.2030029296875,256.30450439453125,-1,-1,-1,-1
203,7,675.7354125976562,628.1359252929688,103.4005126953125,273.49603271484375,-1,-1,-1,-1
204,7,694.7146606445312,649.8639526367188,83.3826904296875,252.2105712890625,-1,-1,-1,-1
205,7,707.08447265625,655.488525390625,70.4630126953125,207.9522705078125,-1,-1,-1,-1
206,7,713.42822265625,658.1342163085938,68.44720458984375,213.7452392578125,-1,-1,-1,-1
207,7,712.9944458007812,654.7932739257812,74.16387939453125,255.4224853515625,-1,-1,-1,-1
208,7,713.7464599609375,646.951416015625,77.80450439453125,262.43109130859375,-1,-1,-1,-1
209,7,710.1912231445312,635.507568359375,79.96600341796875,267.36669921875,-1,-1,-1,-1
210,7,703.0015869140625,625.160888671875,86.988525390625,267.94537353515625,-1,-1,-1,-1
211,7,679.4678344726562,621.0231323242188,114.49169921875,263.67987060546875,-1,-1,-1,-1
212,7,679.3123168945312,623.0853881835938,117.7222900390625,264.24029541015625,-1,-1,-1,-1
213,7,688.1155395507812,628.0656127929688,108.79888916015625,263.19500732421875,-1,-1,-1,-1
214,7,689.8448486328125,633.8660278320312,106.9937744140625,260.00762939453125,-1,-1,-1,-1
215,7,686.0307006835938,631.5001220703125,108.5404052734375,260.55206298828125,-1,-1,-1,-1
216,7,681.47998046875,625.7957763671875,112.3463134765625,259.7977294921875,-1,-1,-1,-1
217,7,693.0269775390625,619.1922607421875,100.731689453125,258.0833740234375,-1,-1,-1,-1
218,7,696.4182739257812,613.5120239257812,92.95880126953125,261.19195556640625,-1,-1,-1,-1
219,7,699.3402709960938,615.2054443359375,89.17791748046875,259.72479248046875,-1,-1,-1,-1
220,7,683.405029296875,620.2520141601562,102.60321044921875,258.93572998046875,-1,-1,-1,-1
221,7,684.2796020507812,628.5645141601562,98.94195556640625,254.43701171875,-1,-1,-1,-1
222,7,683.0753173828125,635.9238891601562,96.20001220703125,248.4481201171875,-1,-1,-1,-1
223,7,675.5896606445312,640.2122192382812,100.650390625,243.1710205078125,-1,-1,-1,-1
224,7,673.7686157226562,640.8361206054688,99.28460693359375,241.10479736328125,-1,-1,-1,-1
225,7,682.407470703125,639.9761962890625,89.39013671875,240.8304443359375,-1,-1,-1,-1
226,7,693.8701782226562,634.1132202148438,82.51910400390625,243.4288330078125,-1,-1,-1,-1
227,7,690.8915405273438,626.2915649414062,84.14910888671875,246.40728759765625,-1,-1,-1,-1
228,7,691.7671508789062,621.2389526367188,86.35296630859375,248.02532958984375,-1,-1,-1,-1
229,7,692.6436157226562,618.871826171875,89.89642333984375,247.0897216796875,-1,-1,-1,-1
230,7,699.4166870117188,620.7918090820312,84.4100341796875,245.68792724609375,-1,-1,-1,-1
231,7,704.6367797851562,626.8849487304688,78.90521240234375,243.02630615234375,-1,-1,-1,-1
232,7,702.9817504882812,631.7081909179688,82.1922607421875,240.43316650390625,-1,-1,-1,-1
233,7,706.9321899414062,634.6148071289062,80.624267578125,238.0302734375,-1,-1,-1,-1
234,7,708.2962646484375,631.836669921875,82.23529052734375,240.038818359375,-1,-1,-1,-1
235,7,705.88671875,627.0416259765625,86.4173583984375,244.64208984375,-1,-1,-1,-1
236,7,705.9974975585938,618.6228637695312,90.806396484375,245.65301513671875,-1,-1,-1,-1
237,7,712.419921875,603.79150390625,85.6265869140625,243.0726318359375,-1,-1,-1,-1
238,7,713.9560546875,582.4595336914062,89.717529296875,251.59674072265625,-1,-1,-1,-1
239,7,724.4702758789062,577.0087890625,93.8245849609375,249.33184814453125,-1,-1,-1,-1
240,7,725.6416015625,581.0478515625,90.53662109375,249.8603515625,-1,-1,-1,-1
241,7,725.9269409179688,585.8921508789062,93.49139404296875,247.95501708984375,-1,-1,-1,-1
242,7,720.55126953125,591.4644775390625,96.97955322265625,245.4586181640625,-1,-1,-1,-1
243,7,717.5252075195312,593.9818115234375,96.98699951171875,244.21942138671875,-1,-1,-1,-1
244,7,715.3366088867188,591.9937133789062,94.44708251953125,227.674560546875,-1,-1,-1,-1
245,7,716.1231689453125,588.2324829101562,96.3162841796875,242.9072265625,-1,-1,-1,-1
246,7,715.708984375,584.49462890625,96.83941650390625,214.08038330078125,-1,-1,-1,-1
247,7,718.9959716796875,586.1549682617188,90.29510498046875,218.62274169921875,-1,-1,-1,-1
248,7,716.8363037109375,587.658447265625,87.0350341796875,244.332275390625,-1,-1,-1,-1
249,7,711.899169921875,591.9216918945312,88.550537109375,241.89788818359375,-1,-1,-1,-1
250,7,710.6358032226562,593.9328002929688,90.5411376953125,239.891357421875,-1,-1,-1,-1
251,7,708.654052734375,592.9755249023438,89.29705810546875,238.70697021484375,-1,-1,-1,-1
252,7,706.7548217773438,590.4949340820312,85.79046630859375,237.22540283203125,-1,-1,-1,-1
253,7,701.4851684570312,588.8663940429688,84.63922119140625,228.97454833984375,-1,-1,-1,-1
254,7,697.51708984375,592.7755126953125,84.59686279296875,222.364013671875,-1,-1,-1,-1
255,7,681.7386474609375,602.8408203125,92.7454833984375,220.9593505859375,-1,-1,-1,-1
256,7,702.273193359375,615.5231323242188,71.84454345703125,214.44775390625,-1,-1,-1,-1
257,7,710.8743896484375,621.9755859375,62.990478515625,212.57440185546875,-1,-1,-1,-1
258,7,711.8389892578125,620.5078735351562,61.53021240234375,214.53887939453125,-1,-1,-1,-1
259,7,712.5791015625,618.42138671875,59.48687744140625,211.65753173828125,-1,-1,-1,-1
260,7,702.0422973632812,621.388916015625,71.90496826171875,204.83154296875,-1,-1,-1,-1
261,7,696.8184204101562,627.2265014648438,82.27203369140625,198.29754638671875,-1,-1,-1,-1
262,7,677.3180541992188,636.4052734375,99.51947021484375,188.825927734375,-1,-1,-1,-1
263,7,692.1381225585938,644.1155395507812,85.61334228515625,180.67431640625,-1,-1,-1,-1
264,7,696.3740234375,650.0369262695312,81.20184326171875,174.75286865234375,-1,-1,-1,-1
265,7,693.9716186523438,651.4906616210938,83.0926513671875,172.63629150390625,-1,-1,-1,-1
266,7,697.5557250976562,650.1571655273438,80.661376953125,174.44122314453125,-1,-1,-1,-1
267,7,704.866455078125,646.2298583984375,79.45819091796875,177.546142578125,-1,-1,-1,-1
268,7,707.2266845703125,641.7962646484375,78.16497802734375,182.57611083984375,-1,-1,-1,-1
269,7,701.5763549804688,638.5098266601562,85.802490234375,187.88128662109375,-1,-1,-1,-1
270,7,702.7025756835938,635.4247436523438,84.68658447265625,193.37957763671875,-1,-1,-1,-1
271,7,700.8564453125,631.7188110351562,86.19110107421875,200.64654541015625,-1,-1,-1,-1
272,7,704.674072265625,630.4981689453125,85.22491455078125,205.81256103515625,-1,-1,-1,-1
273,7,707.5398559570312,629.78564453125,84.8660888671875,208.86468505859375,-1,-1,-1,-1
274,7,711.95556640625,630.2796630859375,82.239990234375,210.44482421875,-1,-1,-1,-1
275,7,714.2142944335938,629.71240234375,82.86236572265625,213.07794189453125,-1,-1,-1,-1
276,7,722.7564086914062,628.92041015625,76.04241943359375,214.55279541015625,-1,-1,-1,-1
277,7,726.298828125,628.3466186523438,74.0003662109375,215.52301025390625,-1,-1,-1,-1
278,7,731.3079833984375,628.7005004882812,70.16522216796875,216.49078369140625,-1,-1,-1,-1
279,7,732.802490234375,629.08056640625,68.6749267578125,216.9139404296875,-1,-1,-1,-1
280,7,731.3499755859375,629.1261596679688,69.8587646484375,217.618896484375,-1,-1,-1,-1
281,7,734.7933959960938,628.5757446289062,68.2940673828125,220.19781494140625,-1,-1,-1,-1
282,7,738.3470458984375,627.0645751953125,66.56103515625,221.50750732421875,-1,-1,-1,-1
283,7,737.1173095703125,623.7764282226562,68.62139892578125,223.0726318359375,-1,-1,-1,-1
284,7,735.3212280273438,620.8908081054688,70.06689453125,228.82794189453125,-1,-1,-1,-1
285,7,734.5315551757812,620.1371459960938,71.47479248046875,230.9464111328125,-1,-1,-1,-1
286,7,733.7535400390625,622.9407958984375,72.770751953125,232.31671142578125,-1,-1,-1,-1
287,7,734.0934448242188,624.9960327148438,74.3646240234375,238.9891357421875,-1,-1,-1,-1
288,7,735.583740234375,632.4075927734375,75.2767333984375,235.8701171875,-1,-1,-1,-1
289,7,736.88525390625,638.6338500976562,75.29998779296875,235.52374267578125,-1,-1,-1,-1
290,7,733.3438720703125,642.5123291015625,76.9405517578125,233.833984375,-1,-1,-1,-1
291,7,728.7073974609375,642.5490112304688,82.52581787109375,236.81219482421875,-1,-1,-1,-1
292,7,733.4171142578125,639.1696166992188,78.40704345703125,241.1044921875,-1,-1,-1,-1
293,7,739.1708984375,634.546630859375,75.89337158203125,242.6744384765625,-1,-1,-1,-1
294,7,746.8473510742188,630.0504150390625,73.35455322265625,248.041259765625,-1,-1,-1,-1
295,7,753.3150024414062,628.8687133789062,70.21075439453125,249.717041015625,-1,-1,-1,-1
296,7,757.5089111328125,632.0260009765625,72.1678466796875,252.67987060546875,-1,-1,-1,-1
297,7,758.3275146484375,638.6749877929688,75.1470947265625,254.17425537109375,-1,-1,-1,-1
298,7,749.67919921875,647.2969360351562,86.72430419921875,248.09381103515625,-1,-1,-1,-1
299,7,755.4077758789062,652.6797485351562,78.59417724609375,246.0064697265625,-1,-1,-1,-1
300,7,760.5366821289062,652.982666015625,73.8486328125,248.03619384765625,-1,-1,-1,-1
301,7,765.2703857421875,649.6851196289062,72.1142578125,250.626953125,-1,-1,-1,-1
302,7,762.471435546875,644.5576171875,74.280517578125,244.34912109375,-1,-1,-1,-1
303,7,759.5712890625,641.5648193359375,81.0709228515625,225.4732666015625,-1,-1,-1,-1
304,7,762.5179443359375,640.594970703125,81.56573486328125,223.3924560546875,-1,-1,-1,-1
305,7,763.987060546875,640.7023315429688,88.05450439453125,247.73095703125,-1,-1,-1,-1
306,7,765.3151245117188,641.6486206054688,93.7408447265625,241.3582763671875,-1,-1,-1,-1
307,7,764.3867797851562,641.633544921875,98.43634033203125,234.7098388671875,-1,-1,-1,-1
308,7,764.1504516601562,638.4359741210938,96.56451416015625,228.41778564453125,-1,-1,-1,-1
309,7,767.5027465820312,635.8179931640625,94.67755126953125,222.93389892578125,-1,-1,-1,-1
310,7,770.4537353515625,636.6942138671875,89.61297607421875,219.87896728515625,-1,-1,-1,-1
311,7,777.5932006835938,639.548583984375,80.78033447265625,220.743408203125,-1,-1,-1,-1
312,7,778.8726806640625,647.0194702148438,79.47802734375,218.85577392578125,-1,-1,-1,-1
313,7,776.4066162109375,651.2360229492188,83.9365234375,216.3333740234375,-1,-1,-1,-1
314,7,774.838134765625,651.70458984375,86.23779296875,215.67218017578125,-1,-1,-1,-1
315,7,776.9614868164062,649.8619384765625,89.340087890625,215.041259765625,-1,-1,-1,-1
316,7,777.2479858398438,652.2987670898438,92.101318359375,211.878173828125,-1,-1,-1,-1
317,7,779.1640625,659.86083984375,89.8724365234375,203.7493896484375,-1,-1,-1,-1
318,7,787.0860595703125,669.3084716796875,83.263671875,195.36700439453125,-1,-1,-1,-1
319,7,782.3157958984375,678.2196044921875,85.854736328125,186.505126953125,-1,-1,-1,-1
320,7,780.7926635742188,681.2142333984375,86.4984130859375,181.336181640625,-1,-1,-1,-1
321,7,780.7021484375,675.9539794921875,82.71929931640625,183.9569091796875,-1,-1,-1,-1
322,7,778.5633544921875,666.5050048828125,81.41314697265625,191.68353271484375,-1,-1,-1,-1
323,7,778.721435546875,656.1063232421875,77.84088134765625,198.51361083984375,-1,-1,-1,-1
324,7,779.8253173828125,651.2717895507812,74.2376708984375,202.74163818359375,-1,-1,-1,-1
325,7,775.6039428710938,647.447021484375,75.8153076171875,208.80615234375,-1,-1,-1,-1
326,7,770.7049560546875,649.02978515625,77.19732666015625,209.06842041015625,-1,-1,-1,-1
327,7,764.556396484375,650.6487426757812,78.525146484375,213.1190185546875,-1,-1,-1,-1
328,7,761.59521484375,652.3737182617188,77.3375244140625,215.686279296875,-1,-1,-1,-1
329,7,762.4481201171875,649.6943359375,71.55084228515625,219.99530029296875,-1,-1,-1,-1
330,7,751.091064453125,644.2538452148438,73.915283203125,225.92864990234375,-1,-1,-1,-1
331,7,746.893798828125,644.3267211914062,72.5107421875,224.48101806640625,-1,-1,-1,-1
332,7,742.6510009765625,642.2654418945312,74.6766357421875,228.897705078125,-1,-1,-1,-1
333,7,739.911865234375,644.678955078125,73.97064208984375,234.5643310546875,-1,-1,-1,-1
334,7,736.830810546875,646.2491455078125,72.9365234375,232.75341796875,-1,-1,-1,-1
335,7,729.2005615234375,648.1100463867188,76.1563720703125,225.56658935546875,-1,-1,-1,-1
336,7,723.9384155273438,646.8916625976562,78.26788330078125,225.07281494140625,-1,-1,-1,-1
337,7,722.5032958984375,645.0880737304688,76.9991455078125,226.55987548828125,-1,-1,-1,-1
338,7,722.7765502929688,640.2933349609375,73.13177490234375,231.71954345703125,-1,-1,-1,-1
339,7,723.7546997070312,634.996337890625,70.2781982421875,231.33685302734375,-1,-1,-1,-1
340,7,720.21728515625,629.4644775390625,69.9796142578125,234.2718505859375,-1,-1,-1,-1
341,7,710.9693603515625,628.2391967773438,76.05029296875,232.164794921875,-1,-1,-1,-1
342,7,692.7618408203125,631.0772705078125,94.4549560546875,234.05499267578125,-1,-1,-1,-1
343,7,693.9566650390625,636.4174194335938,93.27685546875,228.78375244140625,-1,-1,-1,-1
344,7,695.0687866210938,641.5095825195312,90.32037353515625,225.42376708984375,-1,-1,-1,-1
345,7,696.2034301757812,641.543701171875,90.64337158203125,227.0540771484375,-1,-1,-1,-1
346,7,698.2190551757812,639.041259765625,91.00341796875,229.7369384765625,-1,-1,-1,-1
347,7,697.3482666015625,633.8790283203125,99.1282958984375,231.7064208984375,-1,-1,-1,-1
348,7,710.572021484375,628.630859375,96.651123046875,229.36767578125,-1,-1,-1,-1
349,7,726.6492919921875,625.1096801757812,79.80316162109375,227.7855224609375,-1,-1,-1,-1
350,7,739.0446166992188,621.3627319335938,68.99700927734375,221.60125732421875,-1,-1,-1,-1
351,7,747.6386108398438,619.2399291992188,65.48968505859375,214.17620849609375,-1,-1,-1,-1
352,7,755.115478515625,620.038330078125,66.089599609375,209.082275390625,-1,-1,-1,-1
353,7,760.9264526367188,623.5298461914062,62.7220458984375,206.195556640625,-1,-1,-1,-1
354,7,767.611572265625,626.0770874023438,66.70611572265625,204.4483642578125,-1,-1,-1,-1
355,7,776.440673828125,625.0806274414062,64.16827392578125,201.21551513671875,-1,-1,-1,-1
356,7,787.1295776367188,623.7984008789062,67.5550537109375,199.9959716796875,-1,-1,-1,-1
357,7,799.7913208007812,621.9118041992188,68.83404541015625,197.2978515625,-1,-1,-1,-1
358,7,807.4242553710938,618.8141479492188,69.32598876953125,197.0296630859375,-1,-1,-1,-1
359,7,814.0574340820312,614.9285278320312,69.11138916015625,196.1368408203125,-1,-1,-1,-1
360,7,818.18505859375,612.2750244140625,68.9510498046875,195.2603759765625,-1,-1,-1,-1
361,7,818.8087158203125,613.2570190429688,66.606689453125,194.07489013671875,-1,-1,-1,-1
362,7,815.76318359375,617.5364990234375,70.04022216796875,189.052490234375,-1,-1,-1,-1
363,7,813.0136108398438,622.8690795898438,69.44720458984375,182.09234619140625,-1,-1,-1,-1
364,7,807.46484375,628.33447265625,68.81243896484375,175.35540771484375,-1,-1,-1,-1
365,7,805.2061767578125,631.1304931640625,67.44677734375,175.4249267578125,-1,-1,-1,-1
366,7,806.48681640625,631.2604370117188,59.87542724609375,178.25799560546875,-1,-1,-1,-1
367,7,801.5178833007812,627.9036865234375,61.0550537109375,184.479248046875,-1,-1,-1,-1
368,7,799.728271484375,626.2288208007812,58.28594970703125,189.02545166015625,-1,-1,-1,-1
369,7,796.4661254882812,625.6839599609375,57.43121337890625,189.92333984375,-1,-1,-1,-1
370,7,740.6448364257812,625.7604370117188,105.13916015625,195.05474853515625,-1,-1,-1,-1
371,7,729.7603149414062,630.0949096679688,108.333740234375,189.60809326171875,-1,-1,-1,-1
372,7,719.257568359375,633.050537109375,107.74560546875,186.3052978515625,-1,-1,-1,-1
373,7,716.7913208007812,636.6558837890625,99.06390380859375,181.278076171875,-1,-1,-1,-1
374,7,708.7630615234375,635.5650024414062,97.19036865234375,179.6107177734375,-1,-1,-1,-1
375,7,697.7438354492188,633.1801147460938,104.5318603515625,177.53179931640625,-1,-1,-1,-1
376,7,687.7329711914062,630.7601318359375,113.37249755859375,176.83984375,-1,-1,-1,-1
377,7,709.8859252929688,630.8223876953125,88.3880615234375,175.99078369140625,-1,-1,-1,-1
378,7,685.4703979492188,636.1885375976562,109.8609619140625,172.07073974609375,-1,-1,-1,-1
379,7,685.84814453125,643.6897583007812,109.93145751953125,165.9300537109375,-1,-1,-1,-1
380,7,668.5133056640625,648.5144653320312,126.11651611328125,161.561279296875,-1,-1,-1,-1
381,7,682.228759765625,652.3250732421875,110.8953857421875,158.23089599609375,-1,-1,-1,-1
382,7,690.221435546875,657.7089233398438,104.6505126953125,153.99237060546875,-1,-1,-1,-1
383,7,695.7390747070312,664.462158203125,106.32965087890625,152.017578125,-1,-1,-1,-1
384,7,699.1535034179688,666.7014770507812,107.01446533203125,151.82318115234375,-1,-1,-1,-1
385,7,704.1546630859375,662.96923828125,108.41204833984375,150.374755859375,-1,-1,-1,-1
386,7,708.33251953125,649.2364501953125,108.2142333984375,154.4722900390625,-1,-1,-1,-1
387,7,711.795166015625,634.4627075195312,107.43377685546875,157.16668701171875,-1,-1,-1,-1
388,7,711.55810546875,617.7850952148438,110.9002685546875,160.834716796875,-1,-1,-1,-1
389,7,708.2217407226562,604.9025268554688,113.8721923828125,167.91815185546875,-1,-1,-1,-1
390,7,707.75439453125,607.226318359375,114.35504150390625,172.58050537109375,-1,-1,-1,-1
391,7,714.8923950195312,605.1500854492188,105.8375244140625,175.6524658203125,-1,-1,-1,-1
392,7,729.3941650390625,598.0074462890625,91.467529296875,182.17694091796875,-1,-1,-1,-1
393,7,748.4622802734375,592.8494873046875,78.4283447265625,187.41387939453125,-1,-1,-1,-1
394,7,759.4407958984375,587.7550048828125,76.27557373046875,195.065673828125,-1,-1,-1,-1
395,7,761.5629272460938,591.18017578125,82.53887939453125,198.142578125,-1,-1,-1,-1
396,7,766.7939453125,605.2255859375,85.9228515625,198.28790283203125,-1,-1,-1,-1
397,7,774.8794555664062,614.4273071289062,86.14337158203125,195.214599609375,-1,-1,-1,-1
398,7,775.5919189453125,615.83154296875,92.47528076171875,192.23004150390625,-1,-1,-1,-1
399,7,776.2313842773438,614.1144409179688,93.3953857421875,192.30670166015625,-1,-1,-1,-1
400,7,780.1068725585938,606.8644409179688,94.44427490234375,196.80169677734375,-1,-1,-1,-1
401,7,783.4990234375,599.4853515625,94.5433349609375,199.8089599609375,-1,-1,-1,-1
402,7,790.0067138671875,602.7438354492188,90.09234619140625,204.59881591796875,-1,-1,-1,-1
403,7,796.4819946289062,605.230224609375,87.375244140625,207.81744384765625,-1,-1,-1,-1
404,7,801.8304443359375,607.8504638671875,85.61279296875,212.655517578125,-1,-1,-1,-1
405,7,803.7745971679688,613.8169555664062,88.5806884765625,212.29498291015625,-1,-1,-1,-1
406,7,805.987060546875,622.5460205078125,100.72760009765625,220.00592041015625,-1,-1,-1,-1
407,7,816.2962036132812,638.7821044921875,104.26129150390625,226.6807861328125,-1,-1,-1,-1
408,7,816.5598754882812,654.0372314453125,113.67230224609375,232.5802001953125,-1,-1,-1,-1
409,7,818.6212768554688,666.73974609375,117.32952880859375,231.5706787109375,-1,-1,-1,-1
410,7,821.1031494140625,672.478271484375,109.98870849609375,230.48651123046875,-1,-1,-1,-1
411,7,816.4194946289062,673.0404052734375,104.75439453125,233.141357421875,-1,-1,-1,-1
412,7,811.248046875,668.49853515625,96.95709228515625,238.1319580078125,-1,-1,-1,-1
413,7,801.8074340820312,659.9782104492188,103.12481689453125,241.45867919921875,-1,-1,-1,-1
414,7,793.9412841796875,647.1161499023438,111.6602783203125,248.46624755859375,-1,-1,-1,-1
415,7,791.9111938476562,641.7532958984375,115.99591064453125,253.23309326171875,-1,-1,-1,-1
416,7,788.4491577148438,647.1278076171875,121.17657470703125,259.0860595703125,-1,-1,-1,-1
417,7,788.1720581054688,659.5836791992188,126.8245849609375,262.004150390625,-1,-1,-1,-1
418,7,782.0253295898438,666.3546142578125,140.13079833984375,260.12945556640625,-1,-1,-1,-1
419,7,785.109619140625,658.5225219726562,135.7513427734375,262.4730224609375,-1,-1,-1,-1
420,7,781.8532104492188,638.95703125,126.7265625,267.622802734375,-1,-1,-1,-1
421,7,779.2999267578125,617.2726440429688,117.09954833984375,275.53985595703125,-1,-1,-1,-1
422,7,775.6880493164062,602.1427001953125,116.27392578125,279.676025390625,-1,-1,-1,-1
423,7,775.4888305664062,594.402587890625,114.038330078125,286.3292236328125,-1,-1,-1,-1
424,7,779.3986206054688,590.7180786132812,112.87164306640625,294.704833984375,-1,-1,-1,-1
425,7,787.3377075195312,592.417236328125,122.05804443359375,297.66015625,-1,-1,-1,-1
426,7,792.116943359375,600.4299926757812,128.94683837890625,295.93988037109375,-1,-1,-1,-1
427,7,798.6873779296875,611.3897094726562,128.24359130859375,295.61590576171875,-1,-1,-1,-1
428,7,793.16357421875,619.5009155273438,143.29217529296875,299.4228515625,-1,-1,-1,-1
429,7,795.941650390625,623.654052734375,142.99127197265625,309.076904296875,-1,-1,-1,-1
430,7,797.4076538085938,627.17138671875,140.58062744140625,319.98675537109375,-1,-1,-1,-1
431,7,800.1542358398438,629.0714721679688,132.505859375,327.4482421875,-1,-1,-1,-1
432,7,800.5855712890625,629.419921875,117.0953369140625,333.8082275390625,-1,-1,-1,-1
433,7,793.5927734375,627.3217163085938,111.72039794921875,334.58990478515625,-1,-1,-1,-1
434,7,782.9287719726562,625.0052490234375,112.877685546875,334.3411865234375,-1,-1,-1,-1
435,7,764.2002563476562,625.4525756835938,124.55462646484375,339.48199462890625,-1,-1,-1,-1
436,7,720.6671142578125,625.714111328125,160.61920166015625,340.6876220703125,-1,-1,-1,-1
437,7,680.460205078125,626.58447265625,190.40777587890625,340.134033203125,-1,-1,-1,-1
438,7,661.3081665039062,628.02734375,197.0838623046875,337.4403076171875,-1,-1,-1,-1
439,7,656.3685302734375,628.336669921875,197.0435791015625,339.2567138671875,-1,-1,-1,-1
440,7,659.28515625,627.0518188476562,197.4930419921875,343.032958984375,-1,-1,-1,-1
441,7,659.9932250976562,627.6554565429688,192.11151123046875,349.69085693359375,-1,-1,-1,-1
442,7,660.1806030273438,622.1397705078125,168.409423828125,359.211669921875,-1,-1,-1,-1
443,7,658.2821044921875,614.3870849609375,142.451416015625,359.06268310546875,-1,-1,-1,-1
444,7,642.070556640625,612.0179443359375,147.1961669921875,359.1331787109375,-1,-1,-1,-1
445,7,603.4085083007812,609.6599731445312,180.11944580078125,364.72210693359375,-1,-1,-1,-1
446,7,580.0100708007812,610.5653686523438,193.23876953125,365.16064453125,-1,-1,-1,-1
447,7,576.894287109375,614.9508666992188,191.1622314453125,366.19317626953125,-1,-1,-1,-1
448,7,580.274169921875,627.8723754882812,183.95361328125,360.5048828125,-1,-1,-1,-1
449,7,582.8784790039062,638.2847900390625,176.34429931640625,350.1236572265625,-1,-1,-1,-1
450,7,582.1641845703125,636.940673828125,176.368896484375,353.76873779296875,-1,-1,-1,-1
451,7,580.1098022460938,626.1710815429688,178.183837890625,362.45245361328125,-1,-1,-1,-1
452,7,578.683349609375,614.7059326171875,185.88330078125,363.31219482421875,-1,-1,-1,-1
453,7,584.3079223632812,608.7425537109375,182.82183837890625,357.7359619140625,-1,-1,-1,-1
454,7,626.4612426757812,605.8375244140625,140.74298095703125,349.1005859375,-1,-1,-1,-1
455,7,641.8102416992188,605.8055419921875,124.303955078125,337.52471923828125,-1,-1,-1,-1
456,7,644.8966064453125,609.3186645507812,122.7698974609375,328.3162841796875,-1,-1,-1,-1
457,7,649.6575317382812,616.3978881835938,142.8309326171875,320.344482421875,-1,-1,-1,-1
458,7,650.3412475585938,628.4284057617188,145.85858154296875,310.8125,-1,-1,-1,-1
459,7,649.622314453125,636.8865966796875,142.30462646484375,301.61981201171875,-1,-1,-1,-1
460,7,645.8803100585938,636.3287353515625,140.10595703125,297.8599853515625,-1,-1,-1,-1
461,7,636.9542236328125,627.7377319335938,147.7601318359375,300.34417724609375,-1,-1,-1,-1
462,7,620.6906127929688,615.0185546875,159.2904052734375,301.418701171875,-1,-1,-1,-1
463,7,610.4583740234375,605.3642578125,161.84393310546875,303.50604248046875,-1,-1,-1,-1
464,7,593.989990234375,603.7357177734375,161.1630859375,303.82647705078125,-1,-1,-1,-1
465,7,581.5626831054688,604.9223022460938,161.5137939453125,299.964111328125,-1,-1,-1,-1
466,7,574.2698974609375,610.1433715820312,174.05157470703125,297.42010498046875,-1,-1,-1,-1
467,7,572.2452392578125,618.4132690429688,177.7032470703125,291.43499755859375,-1,-1,-1,-1
468,7,572.8291015625,623.9098510742188,176.67724609375,288.238525390625,-1,-1,-1,-1
469,7,565.7105102539062,618.36962890625,183.66949462890625,292.60491943359375,-1,-1,-1,-1
470,7,556.5427856445312,609.0081787109375,188.49407958984375,296.9183349609375,-1,-1,-1,-1
471,7,551.8340454101562,601.4382934570312,171.16192626953125,296.38092041015625,-1,-1,-1,-1
472,7,543.9834594726562,600.0565185546875,157.15911865234375,297.5523681640625,-1,-1,-1,-1
473,7,538.68603515625,601.71875,133.89910888671875,297.6802978515625,-1,-1,-1,-1
474,7,532.1748657226562,608.7420654296875,129.93536376953125,296.3697509765625,-1,-1,-1,-1
475,7,528.1804809570312,616.5302734375,129.798828125,291.22589111328125,-1,-1,-1,-1
476,7,525.8486938476562,623.2177124023438,130.6510009765625,284.28460693359375,-1,-1,-1,-1
477,7,525.1697387695312,623.1629638671875,135.76177978515625,284.71612548828125,-1,-1,-1,-1
478,7,526.1403198242188,616.3486938476562,144.489013671875,290.3001708984375,-1,-1,-1,-1
479,7,530.2899169921875,607.572998046875,171.24713134765625,290.14794921875,-1,-1,-1,-1
480,7,542.2360229492188,599.9486083984375,187.12060546875,291.7166748046875,-1,-1,-1,-1
481,7,552.8958129882812,598.0628662109375,187.58123779296875,289.0843505859375,-1,-1,-1,-1
482,7,566.0856323242188,600.0606079101562,178.4423828125,291.33837890625,-1,-1,-1,-1
483,7,577.7714233398438,604.9920043945312,170.71746826171875,288.1539306640625,-1,-1,-1,-1
484,7,583.0482177734375,607.7968139648438,166.749267578125,284.99005126953125,-1,-1,-1,-1
485,7,585.111328125,605.5289916992188,167.21368408203125,284.919921875,-1,-1,-1,-1
486,7,586.3322143554688,600.3899536132812,169.327392578125,287.07891845703125,-1,-1,-1,-1
487,7,584.8953247070312,596.2537841796875,172.3055419921875,291.3460693359375,-1,-1,-1,-1
488,7,583.6066284179688,595.8250732421875,175.31170654296875,291.04156494140625,-1,-1,-1,-1
489,7,582.0407104492188,597.3558959960938,174.123046875,287.63946533203125,-1,-1,-1,-1
490,7,576.3168334960938,602.7301635742188,182.93280029296875,288.0906982421875,-1,-1,-1,-1
491,7,568.6904907226562,611.4496459960938,194.44970703125,283.1153564453125,-1,-1,-1,-1
492,7,559.56201171875,621.3736572265625,206.87255859375,273.49591064453125,-1,-1,-1,-1
493,7,551.1350708007812,626.3563842773438,212.26092529296875,271.2965087890625,-1,-1,-1,-1
494,7,549.74658203125,626.018798828125,211.3333740234375,270.77227783203125,-1,-1,-1,-1
495,7,550.6295776367188,619.6732177734375,209.65087890625,275.5067138671875,-1,-1,-1,-1
496,7,554.5424194335938,614.33740234375,197.91748046875,278.8702392578125,-1,-1,-1,-1
497,7,557.1766967773438,612.56591796875,179.56573486328125,279.032470703125,-1,-1,-1,-1
498,7,557.2427368164062,614.097900390625,171.3172607421875,279.67218017578125,-1,-1,-1,-1
499,7,555.8868408203125,619.8196411132812,166.9188232421875,282.334716796875,-1,-1,-1,-1
500,7,552.7978515625,627.4539794921875,163.9385986328125,279.35205078125,-1,-1,-1,-1
501,7,546.9783935546875,631.320556640625,168.695556640625,279.2579345703125,-1,-1,-1,-1
502,7,550.046875,629.7369995117188,164.351806640625,278.7850341796875,-1,-1,-1,-1
503,7,552.0747680664062,625.637451171875,162.0367431640625,280.3277587890625,-1,-1,-1,-1
504,7,559.1085205078125,619.4844970703125,157.54302978515625,280.0040283203125,-1,-1,-1,-1
505,7,590.509765625,613.7721557617188,133.32379150390625,284.607177734375,-1,-1,-1,-1
506,7,610.1829833984375,609.4014282226562,114.55816650390625,284.18768310546875,-1,-1,-1,-1
507,7,621.1356201171875,608.7096557617188,111.0272216796875,276.72723388671875,-1,-1,-1,-1
508,7,629.4786376953125,611.8179931640625,120.88031005859375,275.58843994140625,-1,-1,-1,-1
509,7,640.9266967773438,618.491455078125,138.95635986328125,269.42095947265625,-1,-1,-1,-1
510,7,646.35693359375,623.905029296875,154.06292724609375,267.30841064453125,-1,-1,-1,-1
511,7,658.2357177734375,621.41845703125,152.76226806640625,270.23382568359375,-1,-1,-1,-1
512,7,667.5585327148438,621.4395751953125,143.904296875,269.85760498046875,-1,-1,-1,-1
513,7,667.8316650390625,623.0159912109375,145.31890869140625,265.51641845703125,-1,-1,-1,-1
514,7,678.3265991210938,616.2442016601562,136.78045654296875,270.91021728515625,-1,-1,-1,-1
515,7,704.8589477539062,610.1737670898438,115.483154296875,272.85406494140625,-1,-1,-1,-1
516,7,712.6336669921875,608.4609375,117.5255126953125,270.83587646484375,-1,-1,-1,-1
517,7,725.3570556640625,612.39501953125,113.578125,270.309326171875,-1,-1,-1,-1
518,7,729.7202758789062,621.7940063476562,110.5733642578125,272.3447265625,-1,-1,-1,-1
519,7,738.8760986328125,630.4295654296875,111.6688232421875,267.6573486328125,-1,-1,-1,-1
520,7,743.3670043945312,636.7930297851562,107.97003173828125,258.15716552734375,-1,-1,-1,-1
521,7,748.357177734375,637.0009765625,102.968505859375,258.27215576171875,-1,-1,-1,-1
522,7,755.7378540039062,626.3779296875,95.40185546875,268.4930419921875,-1,-1,-1,-1
523,7,754.368408203125,619.8201904296875,94.99835205078125,272.329345703125,-1,-1,-1,-1
524,7,751.7994384765625,613.2425537109375,87.79449462890625,272.06939697265625,-1,-1,-1,-1
525,7,747.9619750976562,610.6619873046875,88.44842529296875,270.7503662109375,-1,-1,-1,-1
526,7,738.9497680664062,608.7303466796875,97.234375,270.850341796875,-1,-1,-1,-1
527,7,734.0662841796875,610.5633544921875,104.7476806640625,272.64776611328125,-1,-1,-1,-1
528,7,734.4971313476562,613.1939697265625,106.17828369140625,275.72509765625,-1,-1,-1,-1
529,7,736.0137939453125,617.3436889648438,105.26129150390625,276.019287109375,-1,-1,-1,-1
530,7,738.024169921875,614.7681274414062,104.96136474609375,279.41058349609375,-1,-1,-1,-1
531,7,738.2963256835938,609.7440185546875,102.2813720703125,283.0252685546875,-1,-1,-1,-1
532,7,739.438720703125,608.5400390625,93.7239990234375,281.482666015625,-1,-1,-1,-1
533,7,736.5204467773438,609.86767578125,93.4996337890625,280.10235595703125,-1,-1,-1,-1
534,7,711.3306884765625,612.8058471679688,115.712646484375,279.02593994140625,-1,-1,-1,-1
535,7,715.5428466796875,623.6184692382812,108.60235595703125,277.16766357421875,-1,-1,-1,-1
536,7,714.400390625,626.526611328125,107.0714111328125,276.185302734375,-1,-1,-1,-1
537,7,715.3648681640625,630.6931762695312,107.0572509765625,271.55560302734375,-1,-1,-1,-1
538,7,719.7123413085938,627.3438720703125,106.07171630859375,275.11981201171875,-1,-1,-1,-1
539,7,719.5469970703125,622.5396728515625,107.79833984375,279.1822509765625,-1,-1,-1,-1
540,7,712.1970825195312,619.7879638671875,109.94122314453125,278.60711669921875,-1,-1,-1,-1
541,7,718.89453125,622.5578002929688,102.43896484375,274.03857421875,-1,-1,-1,-1
542,7,722.8046875,626.8521728515625,90.8310546875,274.62518310546875,-1,-1,-1,-1
543,7,726.50537109375,628.0358276367188,86.3583984375,274.4862060546875,-1,-1,-1,-1
544,7,727.2119140625,625.9788208007812,85.54168701171875,278.37335205078125,-1,-1,-1,-1
545,7,726.9037475585938,621.707275390625,80.571044921875,282.66729736328125,-1,-1,-1,-1
546,7,727.1436767578125,617.0255737304688,80.6026611328125,284.52423095703125,-1,-1,-1,-1
547,7,725.0249633789062,616.4535522460938,80.96484375,281.3099365234375,-1,-1,-1,-1
548,7,721.4702758789062,620.3930053710938,83.1060791015625,278.74981689453125,-1,-1,-1,-1
549,7,716.8777465820312,627.8320922851562,85.8369140625,278.51666259765625,-1,-1,-1,-1
550,7,715.12890625,635.89501953125,87.285888671875,273.7669677734375,-1,-1,-1,-1
551,7,713.4769287109375,640.0115966796875,89.7657470703125,271.4327392578125,-1,-1,-1,-1
552,7,710.0996704101562,639.2275390625,91.76275634765625,273.47760009765625,-1,-1,-1,-1
553,7,716.564697265625,635.4725952148438,84.5338134765625,277.42724609375,-1,-1,-1,-1
554,7,716.7236938476562,633.3782348632812,85.5599365234375,276.4610595703125,-1,-1,-1,-1
555,7,704.7783813476562,635.84228515625,97.4967041015625,276.14892578125,-1,-1,-1,-1
556,7,699.5313720703125,641.349609375,105.61346435546875,273.80206298828125,-1,-1,-1,-1
557,7,690.6094360351562,644.7077026367188,115.74090576171875,270.32965087890625,-1,-1,-1,-1
558,7,680.8640747070312,645.6222534179688,125.05096435546875,267.6236572265625,-1,-1,-1,-1
559,7,665.44775390625,644.81201171875,139.92645263671875,268.1083984375,-1,-1,-1,-1
560,7,665.9686889648438,642.6201782226562,139.2462158203125,268.4910888671875,-1,-1,-1,-1
561,7,680.4769287109375,642.1730346679688,122.74945068359375,257.10577392578125,-1,-1,-1,-1
562,7,679.1148681640625,643.657958984375,117.2828369140625,239.15087890625,-1,-1,-1,-1
563,7,698.0806274414062,649.4378051757812,97.33197021484375,224.88531494140625,-1,-1,-1,-1
564,7,707.2457885742188,653.5,85.33221435546875,220.90936279296875,-1,-1,-1,-1
565,7,707.5763549804688,656.5411376953125,82.11138916015625,219.479248046875,-1,-1,-1,-1
566,7,702.7354736328125,656.3436279296875,84.007568359375,219.4853515625,-1,-1,-1,-1
567,7,708.29150390625,655.7991943359375,74.071044921875,220.36468505859375,-1,-1,-1,-1
568,7,708.8942260742188,656.1131591796875,79.37579345703125,216.33551025390625,-1,-1,-1,-1
569,7,708.4916381835938,660.2305297851562,111.26971435546875,207.6143798828125,-1,-1,-1,-1
570,7,705.1508178710938,667.941162109375,123.22979736328125,194.8961181640625,-1,-1,-1,-1
571,7,701.74169921875,673.0623168945312,122.697021484375,182.40411376953125,-1,-1,-1,-1
572,7,699.0004272460938,675.298828125,107.88958740234375,175.8526611328125,-1,-1,-1,-1
573,7,701.4898071289062,673.5374145507812,74.75921630859375,175.5333251953125,-1,-1,-1,-1
574,7,706.310546875,669.2681274414062,89.31304931640625,175.96038818359375,-1,-1,-1,-1
575,7,697.3270874023438,664.072998046875,88.0771484375,177.5487060546875,-1,-1,-1,-1
576,7,697.0872192382812,657.203857421875,79.11248779296875,184.09527587890625,-1,-1,-1,-1
577,7,696.9849853515625,654.2186279296875,80.560302734375,184.843017578125,-1,-1,-1,-1
578,7,701.0507202148438,649.765625,80.810791015625,188.99609375,-1,-1,-1,-1
579,7,702.3250122070312,645.5084838867188,84.151611328125,192.9305419921875,-1,-1,-1,-1
580,7,697.7156372070312,640.2525634765625,91.35723876953125,198.77459716796875,-1,-1,-1,-1
581,7,697.9683837890625,639.29736328125,98.3966064453125,203.960693359375,-1,-1,-1,-1
582,7,713.7354125976562,643.4521484375,89.84613037109375,207.73431396484375,-1,-1,-1,-1
583,7,727.1886596679688,654.8443603515625,86.05914306640625,205.5037841796875,-1,-1,-1,-1
584,7,733.2385864257812,659.0838012695312,95.7576904296875,210.88421630859375,-1,-1,-1,-1
585,7,733.375,667.4036254882812,94.61212158203125,212.29864501953125,-1,-1,-1,-1
586,7,738.1478881835938,676.000732421875,87.56353759765625,211.9832763671875,-1,-1,-1,-1
587,7,732.2340698242188,678.568115234375,95.46624755859375,212.8065185546875,-1,-1,-1,-1
588,7,716.7005615234375,675.5912475585938,124.09912109375,219.705078125,-1,-1,-1,-1
589,7,736.1925659179688,672.0963745117188,105.2337646484375,230.60198974609375,-1,-1,-1,-1
590,7,739.8214111328125,668.1455078125,105.44525146484375,234.56475830078125,-1,-1,-1,-1
591,7,741.879638671875,654.9779052734375,103.56103515625,246.945068359375,-1,-1,-1,-1
592,7,741.2396850585938,651.98193359375,105.34271240234375,247.6741943359375,-1,-1,-1,-1
593,7,739.1239013671875,654.0146484375,104.85968017578125,246.0601806640625,-1,-1,-1,-1
594,7,741.5068359375,669.9071044921875,100.60858154296875,230.9906005859375,-1,-1,-1,-1
595,7,749.6817626953125,667.1271362304688,87.2296142578125,233.2491455078125,-1,-1,-1,-1
596,7,756.6060791015625,659.8654174804688,77.40191650390625,245.5738525390625,-1,-1,-1,-1
597,7,759.213134765625,655.2295532226562,74.06048583984375,251.88482666015625,-1,-1,-1,-1
598,7,758.0139770507812,654.1321411132812,78.996826171875,264.87542724609375,-1,-1,-1,-1
599,7,761.7113037109375,654.8552856445312,82.72467041015625,272.59149169921875,-1,-1,-1,-1
600,7,757.158203125,655.03857421875,90.87078857421875,275.63006591796875,-1,-1,-1,-1
601,7,751.8032836914062,650.7344360351562,99.75946044921875,282.30706787109375,-1,-1,-1,-1
161,8,3.856844902038574,577.4777221679688,84.94226837158203,166.16241455078125,-1,-1,-1,-1
162,8,161.2635040283203,583.8389892578125,91.20310974121094,148.56201171875,-1,-1,-1,-1
163,8,307.3431396484375,596.675537109375,72.79318237304688,140.2257080078125,-1,-1,-1,-1
164,8,404.4921875,614.0210571289062,59.9267578125,135.90338134765625,-1,-1,-1,-1
165,8,456.6903076171875,628.7786254882812,52.955169677734375,133.795166015625,-1,-1,-1,-1
166,8,483.4205322265625,641.16015625,48.622802734375,128.64404296875,-1,-1,-1,-1
167,8,492.5742492675781,649.8444213867188,48.160064697265625,129.4200439453125,-1,-1,-1,-1
168,8,496.4126892089844,658.8201904296875,47.803314208984375,127.92767333984375,-1,-1,-1,-1
169,8,496.782470703125,666.2308349609375,47.5396728515625,128.53851318359375,-1,-1,-1,-1
170,8,499.0053405761719,671.1536254882812,45.048492431640625,125.56927490234375,-1,-1,-1,-1
171,8,498.0408020019531,672.2901611328125,46.010284423828125,125.4766845703125,-1,-1,-1,-1
172,8,494.5015869140625,672.6709594726562,46.4249267578125,125.25775146484375,-1,-1,-1,-1
173,8,487.5595703125,671.8687744140625,47.17333984375,127.4132080078125,-1,-1,-1,-1
174,8,481.27899169921875,671.9296264648438,47.10565185546875,125.82659912109375,-1,-1,-1,-1
175,8,476.6856689453125,668.1602783203125,47.34197998046875,127.91705322265625,-1,-1,-1,-1
176,8,475.2194519042969,668.1597900390625,48.542510986328125,130.10821533203125,-1,-1,-1,-1
177,8,478.23492431640625,669.8424072265625,47.25946044921875,127.75732421875,-1,-1,-1,-1
178,8,478.6287841796875,671.6771240234375,48.14630126953125,130.91571044921875,-1,-1,-1,-1
179,8,477.1248474121094,674.2070922851562,47.930206298828125,130.48565673828125,-1,-1,-1,-1
180,8,476.7850036621094,676.8995971679688,48.330596923828125,130.55133056640625,-1,-1,-1,-1
181,8,479.61968994140625,679.0488891601562,47.68536376953125,131.21173095703125,-1,-1,-1,-1
182,8,483.0274353027344,686.6404418945312,47.483428955078125,130.43450927734375,-1,-1,-1,-1
183,8,485.4231872558594,694.056640625,47.812530517578125,131.53924560546875,-1,-1,-1,-1
184,8,487.7061767578125,699.5007934570312,48.190673828125,131.4898681640625,-1,-1,-1,-1
185,8,490.9845275878906,701.98974609375,48.780914306640625,132.53424072265625,-1,-1,-1,-1
186,8,492.0247497558594,700.881103515625,48.516326904296875,134.10748291015625,-1,-1,-1,-1
187,8,491.6720275878906,696.4908447265625,47.575347900390625,130.0059814453125,-1,-1,-1,-1
188,8,490.55963134765625,691.9718017578125,48.156005859375,132.37091064453125,-1,-1,-1,-1
189,8,490.2543640136719,685.1934814453125,48.391510009765625,133.2939453125,-1,-1,-1,-1
190,8,490.5314636230469,679.4525146484375,48.342864990234375,131.98052978515625,-1,-1,-1,-1
191,8,490.1972351074219,676.8656005859375,47.982757568359375,131.34503173828125,-1,-1,-1,-1
192,8,490.041259765625,676.1463012695312,48.37353515625,131.8388671875,-1,-1,-1,-1
193,8,490.4637756347656,676.1278076171875,48.374298095703125,131.688720703125,-1,-1,-1,-1
194,8,490.6217041015625,674.3389282226562,48.37933349609375,133.29510498046875,-1,-1,-1,-1
195,8,489.8251647949219,672.2758178710938,48.686065673828125,134.94451904296875,-1,-1,-1,-1
196,8,491.40716552734375,668.6090698242188,48.30657958984375,129.83526611328125,-1,-1,-1,-1
197,8,492.0404052734375,660.7213134765625,49.029052734375,132.45892333984375,-1,-1,-1,-1
198,8,493.3615417480469,649.179443359375,48.157623291015625,131.3729248046875,-1,-1,-1,-1
199,8,493.3440246582031,637.4290161132812,48.029388427734375,131.5067138671875,-1,-1,-1,-1
200,8,495.2772521972656,632.9449462890625,49.910369873046875,131.25238037109375,-1,-1,-1,-1
201,8,500.4337463378906,628.1536865234375,48.893402099609375,130.221435546875,-1,-1,-1,-1
202,8,503.111572265625,622.787841796875,49.259765625,132.260498046875,-1,-1,-1,-1
203,8,507.62493896484375,618.5025634765625,47.3182373046875,128.3614501953125,-1,-1,-1,-1
204,8,507.7184143066406,612.0641479492188,47.489532470703125,129.8212890625,-1,-1,-1,-1
205,8,509.5121154785156,608.7093505859375,47.183624267578125,130.59716796875,-1,-1,-1,-1
206,8,512.8448791503906,607.7992553710938,47.079681396484375,130.29779052734375,-1,-1,-1,-1
207,8,515.3284912109375,604.8023071289062,48.34149169921875,129.54278564453125,-1,-1,-1,-1
208,8,516.3936767578125,600.6139526367188,49.46112060546875,129.96917724609375,-1,-1,-1,-1
209,8,515.3917236328125,596.1812133789062,50.6558837890625,131.62384033203125,-1,-1,-1,-1
210,8,517.04150390625,592.281982421875,49.9005126953125,129.68487548828125,-1,-1,-1,-1
211,8,520.15234375,589.5237426757812,50.85992431640625,127.11810302734375,-1,-1,-1,-1
212,8,525.992919921875,591.282958984375,49.07745361328125,128.59881591796875,-1,-1,-1,-1
213,8,525.9124145507812,595.1201171875,49.2469482421875,129.9814453125,-1,-1,-1,-1
214,8,523.3692626953125,596.4053344726562,49.7197265625,129.9061279296875,-1,-1,-1,-1
215,8,521.0222778320312,592.8739013671875,50.89813232421875,130.7423095703125,-1,-1,-1,-1
216,8,518.489501953125,586.942626953125,52.85015869140625,129.7159423828125,-1,-1,-1,-1
217,8,516.22900390625,580.0511474609375,53.73040771484375,131.951904296875,-1,-1,-1,-1
218,8,517.413818359375,576.4794921875,51.9398193359375,129.46630859375,-1,-1,-1,-1
219,8,517.3041381835938,576.4751586914062,53.05230712890625,130.27880859375,-1,-1,-1,-1
220,8,518.7465209960938,580.5048217773438,52.46923828125,130.68414306640625,-1,-1,-1,-1
221,8,518.4664916992188,584.5701904296875,52.723876953125,129.72216796875,-1,-1,-1,-1
222,8,518.2846069335938,588.0010986328125,52.9774169921875,128.42010498046875,-1,-1,-1,-1
223,8,518.0717163085938,589.0138549804688,53.00323486328125,128.73748779296875,-1,-1,-1,-1
224,8,517.6732177734375,588.716796875,53.25994873046875,129.07000732421875,-1,-1,-1,-1
225,8,518.2211303710938,588.0536499023438,53.07904052734375,128.35394287109375,-1,-1,-1,-1
226,8,520.4882202148438,585.9326171875,52.4034423828125,128.41845703125,-1,-1,-1,-1
227,8,522.6945190429688,584.9447021484375,50.56463623046875,128.74688720703125,-1,-1,-1,-1
228,8,523.2705688476562,585.206787109375,50.1763916015625,128.6837158203125,-1,-1,-1,-1
229,8,524.5145263671875,584.27294921875,50.25286865234375,129.06414794921875,-1,-1,-1,-1
230,8,525.6710815429688,585.3177490234375,48.8941650390625,128.81103515625,-1,-1,-1,-1
231,8,524.4430541992188,588.5023803710938,49.780029296875,129.13238525390625,-1,-1,-1,-1
232,8,526.2127685546875,590.5813598632812,48.8643798828125,127.38983154296875,-1,-1,-1,-1
233,8,527.0374145507812,590.3208618164062,49.5880126953125,127.43084716796875,-1,-1,-1,-1
234,8,526.7308959960938,587.7189331054688,50.71142578125,128.80792236328125,-1,-1,-1,-1
235,8,525.6400146484375,585.74755859375,51.182861328125,129.249755859375,-1,-1,-1,-1
236,8,525.9183959960938,581.6251220703125,50.14605712890625,129.50433349609375,-1,-1,-1,-1
237,8,525.7949829101562,569.1558227539062,51.1329345703125,129.04315185546875,-1,-1,-1,-1
238,8,529.1209106445312,550.1917114257812,50.7147216796875,129.6473388671875,-1,-1,-1,-1
239,8,529.0731201171875,542.6430053710938,52.0877685546875,130.12939453125,-1,-1,-1,-1
240,8,527.9153442382812,542.8780517578125,54.0377197265625,129.99847412109375,-1,-1,-1,-1
241,8,528.0928955078125,542.7198486328125,52.677001953125,130.41607666015625,-1,-1,-1,-1
242,8,526.7796630859375,543.475341796875,51.8551025390625,130.5677490234375,-1,-1,-1,-1
243,8,521.5335083007812,544.4879150390625,53.75457763671875,130.23895263671875,-1,-1,-1,-1
244,8,521.5313720703125,544.3992309570312,52.13885498046875,130.28741455078125,-1,-1,-1,-1
245,8,521.2596435546875,544.1727294921875,52.43280029296875,130.36468505859375,-1,-1,-1,-1
246,8,521.2852783203125,543.8607177734375,51.2945556640625,129.61865234375,-1,-1,-1,-1
247,8,518.2877197265625,543.1215209960938,54.00775146484375,129.69580078125,-1,-1,-1,-1
248,8,516.2957153320312,544.3234252929688,54.00103759765625,128.7899169921875,-1,-1,-1,-1
249,8,514.6624755859375,544.9738159179688,52.15252685546875,129.52294921875,-1,-1,-1,-1
250,8,513.8984985351562,544.66650390625,51.0650634765625,130.77203369140625,-1,-1,-1,-1
251,8,513.217041015625,543.3596801757812,49.8463134765625,130.404541015625,-1,-1,-1,-1
252,8,507.696044921875,542.1747436523438,53.12200927734375,129.8114013671875,-1,-1,-1,-1
253,8,507.06268310546875,542.1512451171875,51.9559326171875,129.9415283203125,-1,-1,-1,-1
254,8,504.1266784667969,544.8719482421875,52.622222900390625,129.30596923828125,-1,-1,-1,-1
255,8,502.74658203125,550.223388671875,51.74578857421875,128.5123291015625,-1,-1,-1,-1
256,8,501.2947998046875,555.2730712890625,53.31781005859375,129.3421630859375,-1,-1,-1,-1
257,8,503.42852783203125,560.864501953125,53.91552734375,129.4306640625,-1,-1,-1,-1
258,8,506.5038757324219,561.9138793945312,53.005950927734375,129.12030029296875,-1,-1,-1,-1
259,8,507.5433349609375,561.060546875,53.43359375,129.1917724609375,-1,-1,-1,-1
260,8,510.4566345214844,561.8007202148438,51.123687744140625,128.47412109375,-1,-1,-1,-1
261,8,513.8950805664062,565.0792236328125,50.8336181640625,128.248779296875,-1,-1,-1,-1
262,8,515.3350830078125,566.8658447265625,53.0115966796875,129.53082275390625,-1,-1,-1,-1
263,8,516.8240966796875,569.6751098632812,54.16070556640625,129.573486328125,-1,-1,-1,-1
264,8,519.8311767578125,573.3098754882812,52.2674560546875,128.7142333984375,-1,-1,-1,-1
265,8,520.3489990234375,574.2847900390625,53.86724853515625,129.09478759765625,-1,-1,-1,-1
266,8,523.1550903320312,574.4442749023438,54.15423583984375,129.49932861328125,-1,-1,-1,-1
267,8,527.218994140625,574.3314208984375,51.290771484375,128.8536376953125,-1,-1,-1,-1
268,8,527.7659912109375,575.4376220703125,51.24725341796875,128.600341796875,-1,-1,-1,-1
269,8,527.1212768554688,577.7892456054688,53.028564453125,127.78570556640625,-1,-1,-1,-1
270,8,528.8089599609375,579.7887573242188,52.5325927734375,128.8350830078125,-1,-1,-1,-1
271,8,529.3232421875,581.526611328125,53.52880859375,128.896728515625,-1,-1,-1,-1
272,8,530.4364013671875,584.8152465820312,52.3140869140625,126.66143798828125,-1,-1,-1,-1
273,8,528.9505615234375,587.999267578125,54.01318359375,127.28851318359375,-1,-1,-1,-1
274,8,530.0450439453125,590.8749389648438,53.42828369140625,126.6019287109375,-1,-1,-1,-1
275,8,532.578857421875,593.2853393554688,50.951416015625,125.64154052734375,-1,-1,-1,-1
276,8,533.0677490234375,593.8598022460938,51.6270751953125,127.9354248046875,-1,-1,-1,-1
277,8,534.3740234375,594.5508422851562,51.20880126953125,128.4918212890625,-1,-1,-1,-1
278,8,535.987060546875,596.143798828125,50.79034423828125,127.543212890625,-1,-1,-1,-1
279,8,536.1000366210938,597.7555541992188,51.68560791015625,127.03326416015625,-1,-1,-1,-1
280,8,536.162109375,598.6201782226562,51.0166015625,126.8232421875,-1,-1,-1,-1
281,8,536.967529296875,599.5966186523438,50.298583984375,126.263427734375,-1,-1,-1,-1
282,8,537.3606567382812,599.2656860351562,50.0426025390625,126.971923828125,-1,-1,-1,-1
283,8,536.7456665039062,597.7238159179688,48.96246337890625,127.89947509765625,-1,-1,-1,-1
284,8,533.2911376953125,595.876953125,50.78656005859375,128.5894775390625,-1,-1,-1,-1
285,8,532.5082397460938,594.5473022460938,50.70855712890625,129.36126708984375,-1,-1,-1,-1
286,8,532.1329956054688,595.9647827148438,51.27935791015625,128.71356201171875,-1,-1,-1,-1
287,8,534.1796264648438,597.8223266601562,49.99755859375,127.55279541015625,-1,-1,-1,-1
288,8,535.468505859375,599.4594116210938,49.0230712890625,126.87921142578125,-1,-1,-1,-1
289,8,534.1475830078125,601.2769165039062,49.60418701171875,125.73651123046875,-1,-1,-1,-1
290,8,533.0235595703125,603.7631225585938,48.743408203125,126.41412353515625,-1,-1,-1,-1
291,8,532.2887573242188,605.4625244140625,48.21795654296875,126.43414306640625,-1,-1,-1,-1
292,8,531.7730102539062,606.1114501953125,48.52374267578125,126.72503662109375,-1,-1,-1,-1
293,8,532.6624755859375,605.064697265625,48.90972900390625,126.5208740234375,-1,-1,-1,-1
294,8,533.9088134765625,602.93017578125,50.6163330078125,126.37591552734375,-1,-1,-1,-1
295,8,537.0121459960938,602.123779296875,49.191162109375,126.1202392578125,-1,-1,-1,-1
296,8,538.9631958007812,602.8013916015625,48.09979248046875,127.52386474609375,-1,-1,-1,-1
297,8,540.96875,604.2528686523438,46.46820068359375,127.31988525390625,-1,-1,-1,-1
298,8,541.6505737304688,606.7420654296875,47.2247314453125,125.395263671875,-1,-1,-1,-1
299,8,542.0556640625,608.446533203125,47.8892822265625,126.09698486328125,-1,-1,-1,-1
300,8,541.935546875,609.9776611328125,48.556640625,127.067626953125,-1,-1,-1,-1
301,8,541.387451171875,611.724609375,49.32989501953125,128.193603515625,-1,-1,-1,-1
302,8,542.5007934570312,613.6484985351562,49.26019287109375,126.2203369140625,-1,-1,-1,-1
303,8,542.35693359375,613.7648315429688,50.58062744140625,125.76873779296875,-1,-1,-1,-1
304,8,543.6909790039062,612.5010986328125,50.5487060546875,126.8485107421875,-1,-1,-1,-1
305,8,545.543212890625,612.2310180664062,50.51971435546875,128.252685546875,-1,-1,-1,-1
306,8,548.1153564453125,613.614013671875,49.349853515625,125.20428466796875,-1,-1,-1,-1
307,8,548.0773315429688,614.2136840820312,50.10284423828125,126.110107421875,-1,-1,-1,-1
308,8,547.9287109375,615.116455078125,50.67681884765625,124.9608154296875,-1,-1,-1,-1
309,8,547.6090087890625,614.730224609375,51.28472900390625,126.05975341796875,-1,-1,-1,-1
310,8,546.5164184570312,615.705322265625,50.2969970703125,125.85845947265625,-1,-1,-1,-1
311,8,543.2393798828125,618.4039916992188,50.5472412109375,127.27447509765625,-1,-1,-1,-1
312,8,542.0577392578125,621.9067993164062,50.2532958984375,126.28643798828125,-1,-1,-1,-1
313,8,542.0994262695312,622.5654296875,50.98406982421875,127.094482421875,-1,-1,-1,-1
314,8,543.3712158203125,622.2372436523438,50.8326416015625,128.27081298828125,-1,-1,-1,-1
315,8,544.2239379882812,621.56982421875,51.1531982421875,127.6845703125,-1,-1,-1,-1
316,8,544.47802734375,621.9195556640625,50.773193359375,128.013671875,-1,-1,-1,-1
317,8,543.7166137695312,623.2943725585938,50.79376220703125,128.67510986328125,-1,-1,-1,-1
318,8,542.9769897460938,625.7864990234375,51.39617919921875,128.13397216796875,-1,-1,-1,-1
319,8,542.2548217773438,629.3829345703125,51.4381103515625,127.88482666015625,-1,-1,-1,-1
320,8,541.7337036132812,629.5086669921875,49.76165771484375,127.4503173828125,-1,-1,-1,-1
321,8,538.7830810546875,628.1229248046875,48.07061767578125,127.2161865234375,-1,-1,-1,-1
322,8,532.7564697265625,623.5286254882812,49.727783203125,129.1983642578125,-1,-1,-1,-1
323,8,530.4688720703125,621.8629760742188,49.66094970703125,128.178466796875,-1,-1,-1,-1
324,8,528.3795776367188,621.1842651367188,49.62841796875,127.49493408203125,-1,-1,-1,-1
325,8,526.2044067382812,620.169677734375,48.17022705078125,127.98040771484375,-1,-1,-1,-1
326,8,520.9253540039062,620.1257934570312,48.8076171875,127.17010498046875,-1,-1,-1,-1
327,8,514.72705078125,618.2291870117188,50.96185302734375,130.450927734375,-1,-1,-1,-1
328,8,512.5687255859375,618.8941040039062,49.14605712890625,127.64324951171875,-1,-1,-1,-1
329,8,506.95880126953125,619.6989135742188,50.29730224609375,131.169921875,-1,-1,-1,-1
330,8,501.85821533203125,620.9996337890625,50.765869140625,130.58880615234375,-1,-1,-1,-1
331,8,499.256103515625,621.9356689453125,50.30218505859375,130.38671875,-1,-1,-1,-1
332,8,498.52825927734375,620.14697265625,49.71832275390625,131.8056640625,-1,-1,-1,-1
333,8,497.5318603515625,618.2379760742188,49.42730712890625,131.6304931640625,-1,-1,-1,-1
334,8,497.5716857910156,614.9103393554688,48.945404052734375,129.52301025390625,-1,-1,-1,-1
335,8,496.43695068359375,610.813232421875,48.9794921875,130.08050537109375,-1,-1,-1,-1
336,8,495.0218200683594,608.1475830078125,49.517608642578125,132.0638427734375,-1,-1,-1,-1
337,8,495.44244384765625,607.8458862304688,49.5130615234375,131.55535888671875,-1,-1,-1,-1
338,8,496.66748046875,608.0828247070312,48.51666259765625,131.4093017578125,-1,-1,-1,-1
339,8,498.7852783203125,607.2222290039062,47.98858642578125,130.5401611328125,-1,-1,-1,-1
340,8,499.47015380859375,605.2689819335938,48.302978515625,131.4884033203125,-1,-1,-1,-1
341,8,500.61175537109375,604.1404418945312,48.32666015625,131.795166015625,-1,-1,-1,-1
342,8,502.1855773925781,604.0838012695312,48.498931884765625,130.33843994140625,-1,-1,-1,-1
343,8,504.6700439453125,604.5009765625,47.60498046875,129.2161865234375,-1,-1,-1,-1
344,8,507.9532775878906,605.9370727539062,47.341156005859375,128.6182861328125,-1,-1,-1,-1
345,8,510.58642578125,606.0015258789062,47.73529052734375,130.7430419921875,-1,-1,-1,-1
346,8,513.3997192382812,607.330078125,47.39447021484375,130.787353515625,-1,-1,-1,-1
347,8,514.2603149414062,607.5367431640625,48.58538818359375,130.7078857421875,-1,-1,-1,-1
348,8,515.2756958007812,607.614501953125,49.49090576171875,130.85821533203125,-1,-1,-1,-1
349,8,516.9806518554688,607.6381225585938,49.6412353515625,129.98516845703125,-1,-1,-1,-1
350,8,519.6798706054688,607.67138671875,48.8502197265625,129.62774658203125,-1,-1,-1,-1
351,8,523.4584350585938,607.0709838867188,48.0948486328125,129.740234375,-1,-1,-1,-1
352,8,526.0494384765625,607.4346313476562,47.46173095703125,129.7967529296875,-1,-1,-1,-1
353,8,529.1115112304688,608.248779296875,46.965087890625,128.938232421875,-1,-1,-1,-1
354,8,534.1842651367188,607.6317749023438,46.72747802734375,126.24774169921875,-1,-1,-1,-1
355,8,542.0813598632812,604.44189453125,47.31988525390625,129.22412109375,-1,-1,-1,-1
356,8,551.1027221679688,603.8497314453125,47.9791259765625,127.7464599609375,-1,-1,-1,-1
357,8,560.9124755859375,605.8475341796875,47.194091796875,126.58209228515625,-1,-1,-1,-1
358,8,570.0321044921875,607.4517211914062,47.38104248046875,128.47515869140625,-1,-1,-1,-1
359,8,574.8317260742188,609.0438842773438,48.267333984375,128.85870361328125,-1,-1,-1,-1
360,8,579.079833984375,610.9146118164062,47.3538818359375,127.6221923828125,-1,-1,-1,-1
361,8,580.75830078125,611.922607421875,46.256591796875,127.29583740234375,-1,-1,-1,-1
362,8,579.1586303710938,613.607421875,46.58355712890625,125.78729248046875,-1,-1,-1,-1
363,8,575.1281127929688,613.102783203125,47.7720947265625,127.806396484375,-1,-1,-1,-1
364,8,570.5257568359375,611.8643798828125,47.04583740234375,128.41802978515625,-1,-1,-1,-1
365,8,565.7018432617188,611.224365234375,46.23724365234375,127.5853271484375,-1,-1,-1,-1
366,8,560.9067993164062,610.407958984375,47.0496826171875,128.662109375,-1,-1,-1,-1
367,8,556.9093627929688,610.4662475585938,47.3887939453125,128.031982421875,-1,-1,-1,-1
368,8,552.8485107421875,609.8004150390625,48.42840576171875,127.65582275390625,-1,-1,-1,-1
369,8,544.932861328125,608.9662475585938,50.07708740234375,129.16717529296875,-1,-1,-1,-1
370,8,536.75341796875,609.4814453125,48.54327392578125,130.20489501953125,-1,-1,-1,-1
371,8,524.0078735351562,610.0333251953125,49.402587890625,128.96820068359375,-1,-1,-1,-1
372,8,511.3468933105469,609.98974609375,48.150054931640625,129.58514404296875,-1,-1,-1,-1
373,8,499.6744689941406,607.1898803710938,49.735931396484375,130.53656005859375,-1,-1,-1,-1
374,8,490.0831604003906,601.1466674804688,49.894989013671875,130.77752685546875,-1,-1,-1,-1
375,8,485.802734375,595.4442749023438,49.9437255859375,130.87347412109375,-1,-1,-1,-1
376,8,484.3255920410156,590.53076171875,50.062530517578125,131.00848388671875,-1,-1,-1,-1
377,8,482.5087890625,588.5472412109375,50.64862060546875,129.7274169921875,-1,-1,-1,-1
378,8,479.0439147949219,590.3727416992188,51.524444580078125,129.22869873046875,-1,-1,-1,-1
379,8,475.19476318359375,589.9485473632812,52.45257568359375,130.96795654296875,-1,-1,-1,-1
380,8,474.139404296875,588.1272583007812,52.6585693359375,132.360595703125,-1,-1,-1,-1
381,8,475.7474365234375,586.9503173828125,52.8194580078125,130.265380859375,-1,-1,-1,-1
382,8,481.9691162109375,586.805419921875,53.03582763671875,130.54998779296875,-1,-1,-1,-1
383,8,486.0880126953125,591.7576904296875,52.47406005859375,130.4071044921875,-1,-1,-1,-1
384,8,488.7394104003906,593.096923828125,54.699920654296875,132.0257568359375,-1,-1,-1,-1
385,8,495.0637512207031,590.6471557617188,51.371429443359375,130.7591552734375,-1,-1,-1,-1
386,8,497.7336120605469,583.3524780273438,49.701324462890625,129.63330078125,-1,-1,-1,-1
387,8,499.33221435546875,576.695556640625,49.4210205078125,131.6820068359375,-1,-1,-1,-1
388,8,500.0256652832031,567.780029296875,49.491485595703125,131.7286376953125,-1,-1,-1,-1
389,8,498.7278137207031,565.7044677734375,49.203094482421875,132.3873291015625,-1,-1,-1,-1
390,8,494.850830078125,578.523681640625,50.268310546875,132.09613037109375,-1,-1,-1,-1
391,8,492.4858703613281,584.0949096679688,48.982696533203125,131.7393798828125,-1,-1,-1,-1
392,8,490.6140441894531,587.343017578125,49.532318115234375,134.963134765625,-1,-1,-1,-1
393,8,497.4168701171875,591.1455688476562,49.7572021484375,132.1314697265625,-1,-1,-1,-1
394,8,504.2564697265625,594.97900390625,49.03729248046875,131.87823486328125,-1,-1,-1,-1
395,8,508.059814453125,605.402099609375,47.45709228515625,131.583740234375,-1,-1,-1,-1
396,8,509.75079345703125,620.7310791015625,47.90191650390625,131.00799560546875,-1,-1,-1,-1
397,8,512.0069885253906,623.8561401367188,48.231536865234375,130.74932861328125,-1,-1,-1,-1
398,8,510.11444091796875,622.9615478515625,47.77667236328125,132.92108154296875,-1,-1,-1,-1
399,8,508.7295227050781,621.89111328125,47.349945068359375,131.23388671875,-1,-1,-1,-1
400,8,508.9826354980469,613.1744384765625,48.525604248046875,133.28692626953125,-1,-1,-1,-1
401,8,509.30108642578125,608.8670043945312,47.045654296875,131.42547607421875,-1,-1,-1,-1
402,8,510.9028015136719,616.6942138671875,48.120880126953125,133.44720458984375,-1,-1,-1,-1
403,8,515.604248046875,622.4767456054688,47.5645751953125,132.91790771484375,-1,-1,-1,-1
404,8,517.1781616210938,630.61767578125,48.1583251953125,133.28155517578125,-1,-1,-1,-1
405,8,517.6105346679688,638.4489135742188,47.93389892578125,131.0931396484375,-1,-1,-1,-1
406,8,521.1904296875,648.8215942382812,47.469970703125,130.65960693359375,-1,-1,-1,-1
407,8,525.44873046875,663.0696411132812,48.1363525390625,130.3001708984375,-1,-1,-1,-1
408,8,524.5978393554688,674.9993286132812,49.12677001953125,132.33062744140625,-1,-1,-1,-1
409,8,519.598388671875,683.1304931640625,48.73101806640625,130.5108642578125,-1,-1,-1,-1
410,8,512.8598937988281,687.6001586914062,48.776458740234375,132.70526123046875,-1,-1,-1,-1
411,8,504.4429016113281,685.1486206054688,48.509429931640625,134.47381591796875,-1,-1,-1,-1
412,8,496.873779296875,679.2755126953125,49.75115966796875,133.3389892578125,-1,-1,-1,-1
413,8,489.2367858886719,669.7276611328125,49.200836181640625,135.00787353515625,-1,-1,-1,-1
414,8,480.1517028808594,656.30224609375,49.437896728515625,135.0732421875,-1,-1,-1,-1
415,8,471.1272277832031,648.6307983398438,49.791778564453125,134.34698486328125,-1,-1,-1,-1
416,8,464.3687744140625,649.5693969726562,49.24151611328125,133.5872802734375,-1,-1,-1,-1
417,8,458.6361999511719,654.96826171875,50.25274658203125,136.11993408203125,-1,-1,-1,-1
418,8,453.0547790527344,660.0989379882812,51.13824462890625,133.50738525390625,-1,-1,-1,-1
419,8,446.5649108886719,653.5516967773438,50.6781005859375,136.73779296875,-1,-1,-1,-1
420,8,439.8666687011719,640.1153564453125,51.399566650390625,136.7596435546875,-1,-1,-1,-1
421,8,434.1410217285156,623.2345581054688,51.181884765625,137.25494384765625,-1,-1,-1,-1
422,8,429.15106201171875,612.3995971679688,52.405487060546875,139.0875244140625,-1,-1,-1,-1
423,8,432.32135009765625,607.228515625,50.30548095703125,134.6845703125,-1,-1,-1,-1
424,8,436.9382019042969,603.2442016601562,50.60565185546875,136.1541748046875,-1,-1,-1,-1
425,8,442.1393127441406,597.7003784179688,51.596099853515625,137.8697509765625,-1,-1,-1,-1
426,8,451.73370361328125,594.392822265625,50.1087646484375,134.94683837890625,-1,-1,-1,-1
427,8,461.98095703125,593.7359008789062,49.629058837890625,133.06451416015625,-1,-1,-1,-1
428,8,469.3689880371094,592.6702270507812,51.006195068359375,135.23614501953125,-1,-1,-1,-1
429,8,476.07958984375,592.460205078125,49.46759033203125,134.06280517578125,-1,-1,-1,-1
430,8,478.3798828125,597.1761474609375,49.3592529296875,133.04052734375,-1,-1,-1,-1
431,8,480.7165222167969,605.1199951171875,49.525665283203125,132.5694580078125,-1,-1,-1,-1
432,8,485.42108154296875,610.6329956054688,47.50762939453125,129.19915771484375,-1,-1,-1,-1
433,8,486.61114501953125,611.7767944335938,50.20123291015625,132.11199951171875,-1,-1,-1,-1
434,8,488.1714172363281,611.3168334960938,49.882720947265625,131.40985107421875,-1,-1,-1,-1
435,8,487.6637268066406,610.7888793945312,49.948883056640625,131.29046630859375,-1,-1,-1,-1
436,8,485.3778076171875,608.0113525390625,50.9139404296875,132.74566650390625,-1,-1,-1,-1
437,8,485.3923034667969,603.2443237304688,48.311553955078125,132.86981201171875,-1,-1,-1,-1
438,8,483.47430419921875,597.5541381835938,48.001708984375,132.1666259765625,-1,-1,-1,-1
439,8,481.94366455078125,594.0945434570312,48.58050537109375,131.94586181640625,-1,-1,-1,-1
440,8,480.62615966796875,594.0492553710938,48.93475341796875,132.26885986328125,-1,-1,-1,-1
441,8,478.03668212890625,597.9170532226562,48.9842529296875,130.82659912109375,-1,-1,-1,-1
442,8,476.0406799316406,604.970458984375,48.449310302734375,131.6337890625,-1,-1,-1,-1
443,8,474.2004089355469,607.35400390625,49.436187744140625,132.44854736328125,-1,-1,-1,-1
444,8,472.5934753417969,608.08642578125,49.858306884765625,131.90924072265625,-1,-1,-1,-1
445,8,471.623779296875,605.8790893554688,49.8243408203125,133.05987548828125,-1,-1,-1,-1
446,8,471.6535949707031,600.5194091796875,51.034332275390625,135.79840087890625,-1,-1,-1,-1
447,8,475.65673828125,599.92431640625,49.50811767578125,133.93292236328125,-1,-1,-1,-1
448,8,480.67547607421875,601.7276611328125,49.69921875,131.2728271484375,-1,-1,-1,-1
449,8,481.603271484375,604.2032470703125,49.369140625,132.6754150390625,-1,-1,-1,-1
450,8,477.9006652832031,606.187744140625,50.038421630859375,133.64617919921875,-1,-1,-1,-1
451,8,474.1669616699219,607.5397338867188,49.453826904296875,132.79583740234375,-1,-1,-1,-1
452,8,472.303955078125,608.992431640625,48.4329833984375,132.10894775390625,-1,-1,-1,-1
453,8,471.3403015136719,610.4739379882812,48.190826416015625,132.71588134765625,-1,-1,-1,-1
454,8,468.9259948730469,612.4694213867188,49.764251708984375,134.5655517578125,-1,-1,-1,-1
455,8,467.099853515625,615.444580078125,49.8992919921875,135.15032958984375,-1,-1,-1,-1
456,8,464.6912536621094,618.719970703125,50.047576904296875,134.80889892578125,-1,-1,-1,-1
457,8,463.894287109375,620.3302001953125,48.4417724609375,135.69842529296875,-1,-1,-1,-1
458,8,463.1531066894531,623.075439453125,48.4345703125,133.85504150390625,-1,-1,-1,-1
459,8,457.92938232421875,626.3905639648438,49.44744873046875,136.32659912109375,-1,-1,-1,-1
460,8,454.212890625,628.462158203125,50.754364013671875,135.731201171875,-1,-1,-1,-1
461,8,451.4159851074219,628.50927734375,49.834747314453125,134.77386474609375,-1,-1,-1,-1
462,8,448.00103759765625,624.483642578125,50.35357666015625,137.19110107421875,-1,-1,-1,-1
463,8,446.6361999511719,621.8186645507812,49.663360595703125,134.08953857421875,-1,-1,-1,-1
464,8,446.0164794921875,621.983642578125,50.018035888671875,136.7314453125,-1,-1,-1,-1
465,8,448.6701354980469,620.3157958984375,50.0391845703125,136.8935546875,-1,-1,-1,-1
466,8,452.06231689453125,621.6588745117188,49.775146484375,136.38275146484375,-1,-1,-1,-1
467,8,453.17010498046875,624.8825073242188,50.492706298828125,135.88043212890625,-1,-1,-1,-1
468,8,453.2406311035156,630.0018310546875,50.326629638671875,133.95831298828125,-1,-1,-1,-1
469,8,452.750244140625,631.0130004882812,50.936309814453125,134.984375,-1,-1,-1,-1
470,8,452.34423828125,628.966064453125,51.819122314453125,135.80426025390625,-1,-1,-1,-1
471,8,451.7220153808594,627.9082641601562,51.75799560546875,135.99444580078125,-1,-1,-1,-1
472,8,450.45257568359375,627.813720703125,52.238555908203125,136.889404296875,-1,-1,-1,-1
473,8,449.4476318359375,628.0357055664062,52.16253662109375,137.15020751953125,-1,-1,-1,-1
474,8,448.8709716796875,628.44384765625,52.565765380859375,136.1405029296875,-1,-1,-1,-1
475,8,449.85662841796875,628.90966796875,52.731353759765625,136.43603515625,-1,-1,-1,-1
476,8,449.49920654296875,629.5147094726562,52.991943359375,135.3829345703125,-1,-1,-1,-1
477,8,448.17352294921875,630.2144165039062,52.885009765625,133.69580078125,-1,-1,-1,-1
478,8,445.7294616699219,629.4910888671875,54.928802490234375,134.86334228515625,-1,-1,-1,-1
479,8,445.8046875,626.9391479492188,55.29681396484375,136.07965087890625,-1,-1,-1,-1
480,8,448.34991455078125,624.3031616210938,55.628387451171875,135.60400390625,-1,-1,-1,-1
481,8,451.432861328125,622.3884887695312,54.435302734375,135.58953857421875,-1,-1,-1,-1
482,8,454.2313537597656,622.172607421875,54.420989990234375,136.4056396484375,-1,-1,-1,-1
483,8,456.786865234375,622.3392333984375,54.344268798828125,137.710693359375,-1,-1,-1,-1
484,8,458.2418518066406,622.16162109375,55.68719482421875,136.129638671875,-1,-1,-1,-1
485,8,459.5259094238281,622.7067260742188,56.341156005859375,136.18194580078125,-1,-1,-1,-1
486,8,461.861083984375,624.467041015625,55.22418212890625,136.19439697265625,-1,-1,-1,-1
487,8,464.5196838378906,626.6177978515625,57.156646728515625,136.8414306640625,-1,-1,-1,-1
488,8,468.3629150390625,628.477783203125,56.37017822265625,135.6976318359375,-1,-1,-1,-1
489,8,473.4168701171875,629.1309204101562,55.33197021484375,134.52911376953125,-1,-1,-1,-1
490,8,478.3933410644531,629.4674682617188,54.951141357421875,134.63507080078125,-1,-1,-1,-1
491,8,481.3118896484375,628.3094482421875,53.24432373046875,134.35784912109375,-1,-1,-1,-1
492,8,481.1075439453125,624.8018798828125,53.7672119140625,133.32977294921875,-1,-1,-1,-1
493,8,479.31427001953125,621.8974609375,54.773193359375,134.29449462890625,-1,-1,-1,-1
494,8,479.8489074707031,621.40771484375,54.031829833984375,133.3284912109375,-1,-1,-1,-1
495,8,480.427001953125,621.7813720703125,52.67950439453125,133.30352783203125,-1,-1,-1,-1
496,8,482.9466857910156,621.6766967773438,51.192291259765625,133.74310302734375,-1,-1,-1,-1
497,8,484.0016174316406,621.972900390625,50.824676513671875,133.12847900390625,-1,-1,-1,-1
498,8,483.7535400390625,622.3988037109375,51.21014404296875,133.58935546875,-1,-1,-1,-1
499,8,482.9226379394531,622.9482421875,50.495208740234375,133.52301025390625,-1,-1,-1,-1
500,8,480.644287109375,624.8903198242188,51.91436767578125,132.52923583984375,-1,-1,-1,-1
501,8,478.8721618652344,626.8006591796875,52.028411865234375,133.37554931640625,-1,-1,-1,-1
502,8,478.44549560546875,628.2158203125,52.33892822265625,133.74041748046875,-1,-1,-1,-1
503,8,476.716552734375,629.847900390625,51.531494140625,134.6441650390625,-1,-1,-1,-1
504,8,474.45428466796875,630.3862915039062,51.00958251953125,134.76715087890625,-1,-1,-1,-1
505,8,471.408447265625,630.4121704101562,50.8387451171875,135.0518798828125,-1,-1,-1,-1
506,8,469.2060546875,630.3511352539062,51.49237060546875,134.81121826171875,-1,-1,-1,-1
507,8,468.6968078613281,629.070068359375,52.242218017578125,135.552978515625,-1,-1,-1,-1
508,8,469.9225769042969,630.2526245117188,51.317535400390625,134.7139892578125,-1,-1,-1,-1
509,8,472.3968505859375,632.2162475585938,50.2535400390625,133.49920654296875,-1,-1,-1,-1
510,8,475.38018798828125,633.6781005859375,48.82403564453125,132.10504150390625,-1,-1,-1,-1
511,8,477.7331237792969,632.9910278320312,49.549163818359375,132.81365966796875,-1,-1,-1,-1
512,8,480.3952941894531,631.6973876953125,50.070037841796875,132.6727294921875,-1,-1,-1,-1
513,8,481.82513427734375,630.297119140625,49.15972900390625,133.75909423828125,-1,-1,-1,-1
514,8,482.3052673339844,630.213623046875,49.841339111328125,133.251220703125,-1,-1,-1,-1
515,8,484.97601318359375,628.1437377929688,49.0301513671875,133.12261962890625,-1,-1,-1,-1
516,8,488.26458740234375,625.399658203125,47.87237548828125,130.95989990234375,-1,-1,-1,-1
517,8,489.362548828125,626.9520874023438,47.903564453125,130.76666259765625,-1,-1,-1,-1
518,8,488.4444580078125,630.9179077148438,48.318603515625,131.341552734375,-1,-1,-1,-1
519,8,488.377197265625,628.8028564453125,48.7073974609375,132.1295166015625,-1,-1,-1,-1
520,8,489.42327880859375,622.3617553710938,48.6051025390625,132.96319580078125,-1,-1,-1,-1
521,8,490.6504211425781,619.83154296875,48.681488037109375,131.69482421875,-1,-1,-1,-1
522,8,491.6966552734375,618.542236328125,49.264404296875,131.55023193359375,-1,-1,-1,-1
523,8,489.87091064453125,616.2078247070312,49.763671875,132.65960693359375,-1,-1,-1,-1
524,8,486.39141845703125,614.2669677734375,50.054443359375,133.1746826171875,-1,-1,-1,-1
525,8,485.51519775390625,610.9500732421875,49.27520751953125,130.79461669921875,-1,-1,-1,-1
526,8,486.5854797363281,606.744384765625,49.007781982421875,131.96270751953125,-1,-1,-1,-1
527,8,487.9328308105469,602.205078125,49.797637939453125,132.6732177734375,-1,-1,-1,-1
528,8,490.64190673828125,599.989013671875,49.59161376953125,132.200927734375,-1,-1,-1,-1
529,8,493.6795959472656,599.43798828125,49.057769775390625,130.68359375,-1,-1,-1,-1
530,8,496.6357116699219,598.2647705078125,48.787872314453125,130.7186279296875,-1,-1,-1,-1
531,8,498.9074401855469,597.8392333984375,48.200469970703125,129.71044921875,-1,-1,-1,-1
532,8,499.7698059082031,597.3741455078125,47.988861083984375,129.9622802734375,-1,-1,-1,-1
533,8,500.0023193359375,597.8126220703125,49.2869873046875,130.34912109375,-1,-1,-1,-1
534,8,500.8905944824219,596.9657592773438,49.659393310546875,130.2220458984375,-1,-1,-1,-1
535,8,501.5443115234375,596.1473999023438,49.946533203125,131.13800048828125,-1,-1,-1,-1
536,8,502.97650146484375,594.945556640625,49.586669921875,130.56500244140625,-1,-1,-1,-1
537,8,507.1132507324219,592.0353393554688,50.569305419921875,130.23193359375,-1,-1,-1,-1
538,8,513.7622680664062,589.3604125976562,49.5584716796875,129.55303955078125,-1,-1,-1,-1
539,8,516.5891723632812,588.2055053710938,50.557373046875,130.81005859375,-1,-1,-1,-1
540,8,519.2293090820312,590.1612548828125,51.03411865234375,129.40966796875,-1,-1,-1,-1
541,8,521.6001586914062,592.0499877929688,50.35687255859375,129.69110107421875,-1,-1,-1,-1
542,8,522.3238525390625,592.83984375,49.8909912109375,131.38787841796875,-1,-1,-1,-1
543,8,522.3319702148438,594.2269287109375,49.19708251953125,131.3953857421875,-1,-1,-1,-1
544,8,520.9466552734375,594.8817138671875,49.75506591796875,130.8560791015625,-1,-1,-1,-1
545,8,520.2997436523438,596.292724609375,49.723388671875,130.64739990234375,-1,-1,-1,-1
546,8,519.6527709960938,598.5814208984375,49.21185302734375,129.75848388671875,-1,-1,-1,-1
547,8,517.453125,602.768798828125,49.99847412109375,130.46136474609375,-1,-1,-1,-1
548,8,516.9345092773438,607.6737060546875,50.17742919921875,131.3883056640625,-1,-1,-1,-1
549,8,517.6764526367188,613.9852905273438,49.1822509765625,129.13543701171875,-1,-1,-1,-1
550,8,520.4291381835938,619.4462280273438,49.3388671875,127.326171875,-1,-1,-1,-1
551,8,521.876708984375,620.08056640625,49.570556640625,127.8629150390625,-1,-1,-1,-1
552,8,522.3413696289062,619.8350830078125,49.7186279296875,127.7237548828125,-1,-1,-1,-1
553,8,523.2965087890625,619.118896484375,49.5440673828125,128.927001953125,-1,-1,-1,-1
554,8,525.4602661132812,618.07080078125,48.9940185546875,127.86322021484375,-1,-1,-1,-1
555,8,527.7587890625,619.1985473632812,48.527587890625,128.59661865234375,-1,-1,-1,-1
556,8,530.38623046875,620.7837524414062,49.63079833984375,127.10809326171875,-1,-1,-1,-1
557,8,533.3571166992188,619.7233276367188,49.27166748046875,127.25164794921875,-1,-1,-1,-1
558,8,534.71826171875,618.2566528320312,49.65997314453125,127.32989501953125,-1,-1,-1,-1
559,8,537.2296752929688,617.5748901367188,49.6153564453125,128.7562255859375,-1,-1,-1,-1
560,8,539.3184204101562,615.9390869140625,50.5098876953125,128.99578857421875,-1,-1,-1,-1
561,8,540.7091674804688,613.5838623046875,50.394775390625,128.6123046875,-1,-1,-1,-1
562,8,542.1207275390625,611.2933959960938,50.194580078125,129.230224609375,-1,-1,-1,-1
563,8,542.4036865234375,608.8770751953125,50.50042724609375,129.3487548828125,-1,-1,-1,-1
564,8,543.3579711914062,608.17626953125,50.596923828125,129.89410400390625,-1,-1,-1,-1
565,8,545.2264404296875,607.7733764648438,50.41387939453125,129.28497314453125,-1,-1,-1,-1
566,8,545.8645629882812,607.8557739257812,50.7542724609375,128.99395751953125,-1,-1,-1,-1
567,8,546.3421020507812,607.8804321289062,50.20263671875,128.61553955078125,-1,-1,-1,-1
568,8,545.7483520507812,607.7166748046875,51.27716064453125,128.70880126953125,-1,-1,-1,-1
569,8,546.0945434570312,607.5380859375,51.60906982421875,128.1492919921875,-1,-1,-1,-1
570,8,545.3740844726562,607.08056640625,52.6898193359375,128.046875,-1,-1,-1,-1
571,8,547.3037109375,606.5288696289062,51.86517333984375,126.56524658203125,-1,-1,-1,-1
572,8,549.034423828125,603.977294921875,52.39056396484375,127.8133544921875,-1,-1,-1,-1
573,8,551.5140991210938,602.0142822265625,51.86920166015625,129.22540283203125,-1,-1,-1,-1
574,8,555.2323608398438,600.5172119140625,51.0938720703125,128.4156494140625,-1,-1,-1,-1
575,8,555.3110961914062,599.5991821289062,52.03070068359375,127.82769775390625,-1,-1,-1,-1
576,8,555.5762329101562,600.2622680664062,51.5587158203125,127.1121826171875,-1,-1,-1,-1
577,8,554.6304931640625,599.8727416992188,51.328857421875,127.3800048828125,-1,-1,-1,-1
578,8,552.8595581054688,599.38623046875,51.3106689453125,127.4783935546875,-1,-1,-1,-1
579,8,551.5345458984375,599.0074462890625,51.48541259765625,127.53900146484375,-1,-1,-1,-1
580,8,549.9141845703125,600.1861572265625,52.9595947265625,128.2359619140625,-1,-1,-1,-1
581,8,553.3551635742188,604.9177856445312,50.80224609375,128.22882080078125,-1,-1,-1,-1
582,8,555.14306640625,612.31982421875,50.154296875,126.9632568359375,-1,-1,-1,-1
583,8,555.52001953125,621.6199951171875,50.69317626953125,126.4884033203125,-1,-1,-1,-1
584,8,554.0911865234375,627.9947509765625,51.26385498046875,127.80517578125,-1,-1,-1,-1
585,8,553.0773315429688,634.1182861328125,51.12347412109375,128.20025634765625,-1,-1,-1,-1
586,8,551.1536865234375,636.6937255859375,52.30950927734375,127.607666015625,-1,-1,-1,-1
587,8,547.79833984375,636.9915161132812,52.72808837890625,128.53741455078125,-1,-1,-1,-1
588,8,545.3573608398438,636.703857421875,51.782958984375,127.8541259765625,-1,-1,-1,-1
589,8,543.33935546875,636.2233276367188,49.7921142578125,127.3541259765625,-1,-1,-1,-1
590,8,540.7098999023438,636.5510864257812,47.07391357421875,126.07574462890625,-1,-1,-1,-1
591,8,533.9903564453125,634.9489135742188,48.02093505859375,126.74755859375,-1,-1,-1,-1
592,8,528.4777221679688,633.927734375,49.19171142578125,129.21875,-1,-1,-1,-1
593,8,523.1359252929688,634.013427734375,49.8682861328125,127.80877685546875,-1,-1,-1,-1
594,8,516.9030151367188,635.6998901367188,51.020751953125,130.22967529296875,-1,-1,-1,-1
595,8,515.4165649414062,638.525390625,49.82012939453125,130.197265625,-1,-1,-1,-1
596,8,513.1544189453125,641.1255493164062,48.63043212890625,129.04620361328125,-1,-1,-1,-1
597,8,507.77935791015625,643.4481201171875,48.78759765625,127.2327880859375,-1,-1,-1,-1
598,8,503.47979736328125,644.2571411132812,49.92724609375,128.118896484375,-1,-1,-1,-1
599,8,503.2412414550781,644.9426879882812,49.350494384765625,128.39764404296875,-1,-1,-1,-1
600,8,504.51495361328125,639.4720458984375,48.75177001953125,128.9918212890625,-1,-1,-1,-1
601,8,504.4764404296875,633.6741333007812,48.62738037109375,128.50677490234375,-1,-1,-1,-1
163,9,501.3534240722656,559.2609252929688,74.66909790039062,152.46783447265625,-1,-1,-1,-1
164,9,591.289306640625,592.9998168945312,58.8355712890625,141.52764892578125,-1,-1,-1,-1
165,9,635.5598754882812,618.99072265625,59.291015625,141.70751953125,-1,-1,-1,-1
166,9,658.78759765625,638.2908325195312,54.7752685546875,141.19061279296875,-1,-1,-1,-1
167,9,669.085693359375,649.6338500976562,54.448974609375,145.22760009765625,-1,-1,-1,-1
168,9,671.551513671875,657.6235961914062,55.92999267578125,153.84686279296875,-1,-1,-1,-1
169,9,668.1777954101562,664.3184814453125,59.641357421875,160.91241455078125,-1,-1,-1,-1
170,9,670.5285034179688,668.1355590820312,56.6055908203125,165.0653076171875,-1,-1,-1,-1
171,9,668.1353149414062,670.8133544921875,56.6435546875,163.79815673828125,-1,-1,-1,-1
172,9,665.413818359375,674.172119140625,56.7681884765625,161.68145751953125,-1,-1,-1,-1
173,9,660.1730346679688,677.1905517578125,56.137451171875,159.11285400390625,-1,-1,-1,-1
174,9,652.5763549804688,680.8472290039062,59.6708984375,155.71160888671875,-1,-1,-1,-1
175,9,648.727294921875,682.66796875,59.3206787109375,152.957763671875,-1,-1,-1,-1
176,9,647.0379028320312,680.8040161132812,60.54962158203125,155.38214111328125,-1,-1,-1,-1
177,9,648.2286376953125,678.1963500976562,60.89715576171875,158.6839599609375,-1,-1,-1,-1
178,9,650.2860717773438,674.7621459960938,58.6353759765625,162.83544921875,-1,-1,-1,-1
179,9,647.9993286132812,673.2844848632812,58.994384765625,165.06549072265625,-1,-1,-1,-1
180,9,647.7573852539062,674.3641357421875,57.96795654296875,164.46820068359375,-1,-1,-1,-1
181,9,648.7352905273438,677.545166015625,59.12506103515625,161.85113525390625,-1,-1,-1,-1
182,9,654.185791015625,686.1416625976562,57.288330078125,157.9505615234375,-1,-1,-1,-1
183,9,655.2966918945312,693.1715698242188,58.99151611328125,158.63775634765625,-1,-1,-1,-1
184,9,661.4974365234375,698.1865844726562,54.13720703125,156.64593505859375,-1,-1,-1,-1
185,9,664.7166137695312,699.2044067382812,53.64923095703125,156.8321533203125,-1,-1,-1,-1
186,9,665.3746337890625,696.2159423828125,54.26263427734375,159.34954833984375,-1,-1,-1,-1
187,9,663.7933959960938,691.7030029296875,55.59088134765625,160.52655029296875,-1,-1,-1,-1
188,9,663.52490234375,685.8604125976562,56.23651123046875,164.21270751953125,-1,-1,-1,-1
189,9,660.6636352539062,680.3283081054688,60.5218505859375,166.6221923828125,-1,-1,-1,-1
190,9,660.434326171875,676.9320678710938,61.3319091796875,170.20660400390625,-1,-1,-1,-1
191,9,656.2850341796875,676.3087768554688,64.66851806640625,167.56719970703125,-1,-1,-1,-1
192,9,657.490478515625,679.5970458984375,65.5606689453125,154.43524169921875,-1,-1,-1,-1
193,9,651.2863159179688,683.013916015625,75.8450927734375,158.95733642578125,-1,-1,-1,-1
194,9,658.6264038085938,684.9926147460938,72.73974609375,150.98760986328125,-1,-1,-1,-1
195,9,655.0631713867188,687.2125244140625,76.58343505859375,154.7349853515625,-1,-1,-1,-1
196,9,649.951904296875,688.2369995117188,93.59991455078125,173.51702880859375,-1,-1,-1,-1
197,9,643.8679809570312,679.3973999023438,103.00921630859375,181.35894775390625,-1,-1,-1,-1
198,9,642.1307373046875,668.284912109375,116.73138427734375,193.43536376953125,-1,-1,-1,-1
204,10,671.5381469726562,623.2989501953125,57.94891357421875,174.236083984375,-1,-1,-1,-1
205,10,667.8524780273438,621.9641723632812,63.1640625,173.02655029296875,-1,-1,-1,-1
206,10,668.4693603515625,622.9661254882812,65.35650634765625,168.5321044921875,-1,-1,-1,-1
207,10,669.6251831054688,625.3634033203125,69.81072998046875,164.0985107421875,-1,-1,-1,-1
208,10,669.735595703125,627.5877075195312,72.520263671875,159.8070068359375,-1,-1,-1,-1
209,10,668.9625854492188,626.20263671875,69.841552734375,157.578125,-1,-1,-1,-1
210,10,669.9034423828125,619.531982421875,67.04638671875,161.15667724609375,-1,-1,-1,-1
211,10,673.96240234375,613.2969970703125,67.862548828125,167.1712646484375,-1,-1,-1,-1
212,10,678.998779296875,610.3275756835938,65.352783203125,170.95599365234375,-1,-1,-1,-1
213,10,679.6602172851562,611.1832885742188,64.09381103515625,172.085693359375,-1,-1,-1,-1
214,10,677.1888427734375,614.0986938476562,64.10638427734375,169.7528076171875,-1,-1,-1,-1
215,10,673.8475341796875,611.6314697265625,67.0853271484375,166.234130859375,-1,-1,-1,-1
216,10,671.53076171875,608.4463500976562,69.90777587890625,163.008544921875,-1,-1,-1,-1
217,10,668.0913696289062,604.9971313476562,72.40240478515625,161.106689453125,-1,-1,-1,-1
218,10,667.1725463867188,601.2843627929688,71.82965087890625,157.7921142578125,-1,-1,-1,-1
219,10,667.4467163085938,601.1368408203125,74.392822265625,161.281982421875,-1,-1,-1,-1
220,10,668.2640380859375,603.6971435546875,72.558837890625,165.78289794921875,-1,-1,-1,-1
221,10,668.600341796875,605.75927734375,70.70159912109375,171.5108642578125,-1,-1,-1,-1
222,10,670.04736328125,608.5874633789062,68.9422607421875,173.53814697265625,-1,-1,-1,-1
223,10,668.254150390625,611.788818359375,68.4368896484375,173.8883056640625,-1,-1,-1,-1
224,10,667.7944946289062,616.4641723632812,67.563232421875,169.65350341796875,-1,-1,-1,-1
225,10,666.8018188476562,619.5679931640625,68.0443115234375,167.079833984375,-1,-1,-1,-1
226,10,665.9068603515625,617.6527099609375,70.8648681640625,165.3006591796875,-1,-1,-1,-1
227,10,664.76025390625,613.6212158203125,72.9019775390625,168.05755615234375,-1,-1,-1,-1
228,10,663.7597045898438,608.5338134765625,75.30029296875,171.98883056640625,-1,-1,-1,-1
229,10,667.059814453125,605.3244018554688,74.6031494140625,172.0694580078125,-1,-1,-1,-1
230,10,667.34814453125,605.7095947265625,72.0389404296875,171.713623046875,-1,-1,-1,-1
231,10,667.818603515625,609.4187622070312,69.06524658203125,169.8350830078125,-1,-1,-1,-1
232,10,668.4657592773438,615.2877807617188,71.09112548828125,164.42816162109375,-1,-1,-1,-1
233,10,670.0249633789062,618.8444213867188,70.552734375,160.45184326171875,-1,-1,-1,-1
234,10,670.14501953125,619.926513671875,70.39385986328125,158.319091796875,-1,-1,-1,-1
235,10,667.862548828125,618.4423828125,71.7987060546875,157.4322509765625,-1,-1,-1,-1
236,10,666.8679809570312,610.8532104492188,72.96429443359375,161.2274169921875,-1,-1,-1,-1
237,10,666.96240234375,594.9127197265625,72.193359375,164.82489013671875,-1,-1,-1,-1
238,10,667.6981201171875,574.0931396484375,73.75439453125,168.09765625,-1,-1,-1,-1
239,10,669.2554321289062,566.2664794921875,75.27923583984375,167.69940185546875,-1,-1,-1,-1
240,10,668.8367919921875,568.2018432617188,72.1612548828125,163.33734130859375,-1,-1,-1,-1
241,10,667.5509033203125,571.1171264648438,72.95965576171875,159.22271728515625,-1,-1,-1,-1
242,10,666.6383666992188,574.5869750976562,68.4443359375,156.6607666015625,-1,-1,-1,-1
243,10,665.4354248046875,575.3023681640625,65.8848876953125,156.23291015625,-1,-1,-1,-1
244,10,664.9036254882812,574.5410766601562,65.69818115234375,157.47198486328125,-1,-1,-1,-1
245,10,665.7269287109375,572.5989990234375,67.55084228515625,158.46881103515625,-1,-1,-1,-1
246,10,666.3750610351562,571.0036010742188,66.95513916015625,161.70367431640625,-1,-1,-1,-1
247,10,666.2424926757812,570.2687377929688,65.8409423828125,165.15374755859375,-1,-1,-1,-1
248,10,666.1719360351562,572.7565307617188,63.92059326171875,164.62518310546875,-1,-1,-1,-1
249,10,663.7181396484375,575.262939453125,65.6754150390625,165.48919677734375,-1,-1,-1,-1
250,10,659.4114379882812,578.0000610351562,70.6363525390625,166.26922607421875,-1,-1,-1,-1
251,10,656.1898193359375,579.475341796875,70.7144775390625,164.66815185546875,-1,-1,-1,-1
252,10,654.2306518554688,580.0391235351562,67.03662109375,163.6072998046875,-1,-1,-1,-1
253,10,650.459228515625,578.556884765625,69.78106689453125,164.24578857421875,-1,-1,-1,-1
254,10,646.0552368164062,578.3779907226562,73.3778076171875,165.4117431640625,-1,-1,-1,-1
255,10,645.6077880859375,579.4359741210938,77.32733154296875,170.7545166015625,-1,-1,-1,-1
256,10,642.1958618164062,581.8951416015625,88.85498046875,175.32159423828125,-1,-1,-1,-1
257,10,643.3722534179688,589.1600952148438,85.85302734375,176.3543701171875,-1,-1,-1,-1
258,10,647.00244140625,592.1223754882812,84.26190185546875,174.34844970703125,-1,-1,-1,-1
259,10,661.52587890625,594.2319946289062,68.6129150390625,169.21636962890625,-1,-1,-1,-1
260,10,663.4871826171875,593.67724609375,67.7149658203125,172.54791259765625,-1,-1,-1,-1
261,10,665.3123168945312,594.3035888671875,61.88043212890625,175.06707763671875,-1,-1,-1,-1
262,10,662.7185668945312,594.6117553710938,62.6092529296875,174.601318359375,-1,-1,-1,-1
263,10,660.3488159179688,596.960205078125,65.09930419921875,174.0777587890625,-1,-1,-1,-1
264,10,642.4563598632812,601.9099731445312,83.1280517578125,165.292236328125,-1,-1,-1,-1
265,10,617.0948486328125,607.1446533203125,107.004638671875,153.668701171875,-1,-1,-1,-1
266,10,616.1800537109375,609.5175170898438,112.36248779296875,153.19549560546875,-1,-1,-1,-1
267,10,621.93701171875,610.516357421875,107.7447509765625,153.2705078125,-1,-1,-1,-1
268,10,627.5968017578125,608.4712524414062,101.3006591796875,153.26361083984375,-1,-1,-1,-1
269,10,615.837646484375,605.0484008789062,103.09747314453125,151.57196044921875,-1,-1,-1,-1
270,10,617.0452270507812,603.392578125,82.31341552734375,154.05889892578125,-1,-1,-1,-1
271,10,619.6113891601562,602.8138427734375,80.19189453125,157.47198486328125,-1,-1,-1,-1
272,10,621.09619140625,604.9164428710938,77.52789306640625,153.99554443359375,-1,-1,-1,-1
273,10,618.5200805664062,608.0926513671875,77.40924072265625,155.525390625,-1,-1,-1,-1
274,10,620.91064453125,612.0428466796875,74.4400634765625,152.4947509765625,-1,-1,-1,-1
275,10,620.2158813476562,614.15966796875,75.3465576171875,150.748291015625,-1,-1,-1,-1
276,10,622.068115234375,615.0902709960938,76.69818115234375,150.7191162109375,-1,-1,-1,-1
277,10,628.0125732421875,614.0322875976562,70.7593994140625,154.6268310546875,-1,-1,-1,-1
278,10,627.07421875,613.8880615234375,71.22955322265625,156.17706298828125,-1,-1,-1,-1
279,10,627.1992797851562,615.6211547851562,72.1705322265625,157.50946044921875,-1,-1,-1,-1
280,10,627.4654541015625,617.6183471679688,71.54522705078125,157.72723388671875,-1,-1,-1,-1
281,10,627.208251953125,620.5514526367188,72.06390380859375,158.5623779296875,-1,-1,-1,-1
282,10,628.118896484375,621.0980834960938,72.6297607421875,159.43365478515625,-1,-1,-1,-1
283,10,629.3700561523438,619.8753662109375,72.34197998046875,159.62939453125,-1,-1,-1,-1
284,10,627.45166015625,617.6080322265625,73.46136474609375,159.81524658203125,-1,-1,-1,-1
285,10,626.9246215820312,615.8565673828125,75.29937744140625,159.8323974609375,-1,-1,-1,-1
286,10,625.8521118164062,616.713623046875,79.755859375,161.188720703125,-1,-1,-1,-1
287,10,628.5791015625,618.2499389648438,78.64532470703125,161.54827880859375,-1,-1,-1,-1
288,10,629.6591796875,620.6565551757812,77.43585205078125,159.817626953125,-1,-1,-1,-1
289,10,628.8427734375,622.2156372070312,78.89996337890625,158.815185546875,-1,-1,-1,-1
290,10,626.4302368164062,623.9570922851562,81.02838134765625,157.90875244140625,-1,-1,-1,-1
291,10,623.3555297851562,625.2669677734375,76.50823974609375,158.91241455078125,-1,-1,-1,-1
292,10,619.807373046875,625.0017700195312,75.6859130859375,159.5498046875,-1,-1,-1,-1
293,10,616.052978515625,622.5499267578125,76.7882080078125,160.22454833984375,-1,-1,-1,-1
294,10,614.0364379882812,620.2354736328125,81.74688720703125,160.9990234375,-1,-1,-1,-1
295,10,614.0297241210938,618.1201171875,80.30194091796875,162.3013916015625,-1,-1,-1,-1
296,10,614.7894287109375,617.7894897460938,78.4097900390625,162.67919921875,-1,-1,-1,-1
297,10,614.5440063476562,617.5934448242188,77.70953369140625,163.07855224609375,-1,-1,-1,-1
298,10,614.8951416015625,617.4449462890625,77.38018798828125,163.34368896484375,-1,-1,-1,-1
299,10,614.9417724609375,616.8370361328125,74.611083984375,165.3446044921875,-1,-1,-1,-1
300,10,616.2452392578125,617.7064208984375,71.313232421875,166.355712890625,-1,-1,-1,-1
301,10,617.2186279296875,619.0924072265625,68.72698974609375,167.57073974609375,-1,-1,-1,-1
302,10,616.0264282226562,620.4072265625,69.77288818359375,165.8511962890625,-1,-1,-1,-1
303,10,618.1943359375,621.196533203125,69.07977294921875,165.5406494140625,-1,-1,-1,-1
304,10,621.0503540039062,621.2323608398438,67.727783203125,164.67718505859375,-1,-1,-1,-1
305,10,623.2665405273438,621.6089477539062,68.80462646484375,164.2545166015625,-1,-1,-1,-1
306,10,623.40673828125,622.4981079101562,70.96954345703125,162.59576416015625,-1,-1,-1,-1
307,10,623.2689819335938,622.6032104492188,73.31988525390625,163.43231201171875,-1,-1,-1,-1
308,10,623.6646728515625,622.7925415039062,73.62750244140625,168.587890625,-1,-1,-1,-1
309,10,624.4418334960938,621.97998046875,74.87213134765625,172.67462158203125,-1,-1,-1,-1
310,10,623.323486328125,624.0899658203125,74.98583984375,173.32781982421875,-1,-1,-1,-1
311,10,621.2086181640625,630.1403198242188,78.14117431640625,172.97955322265625,-1,-1,-1,-1
312,10,621.614501953125,636.6543579101562,79.73846435546875,170.64605712890625,-1,-1,-1,-1
313,10,620.4319458007812,638.8618774414062,82.5609130859375,169.26177978515625,-1,-1,-1,-1
314,10,621.0281982421875,636.90625,79.40325927734375,170.59332275390625,-1,-1,-1,-1
315,10,624.591552734375,631.680419921875,81.4002685546875,176.1397705078125,-1,-1,-1,-1
316,10,623.05078125,628.5402221679688,79.43072509765625,179.41851806640625,-1,-1,-1,-1
317,10,617.6442260742188,629.2213745117188,82.35205078125,179.45013427734375,-1,-1,-1,-1
318,10,614.6447143554688,633.4521484375,88.150146484375,176.104736328125,-1,-1,-1,-1
319,10,612.0101928710938,638.9653930664062,87.93475341796875,171.70416259765625,-1,-1,-1,-1
320,10,608.380126953125,643.1159057617188,93.921875,166.401123046875,-1,-1,-1,-1
321,10,603.1876220703125,640.4161376953125,86.9483642578125,167.76123046875,-1,-1,-1,-1
322,10,605.0252685546875,635.6941528320312,78.8714599609375,171.59417724609375,-1,-1,-1,-1
323,10,601.0821533203125,627.7295532226562,88.630859375,177.0638427734375,-1,-1,-1,-1
324,10,598.7156372070312,623.413330078125,92.6939697265625,179.85693359375,-1,-1,-1,-1
325,10,593.2886962890625,622.7345581054688,89.8990478515625,179.006591796875,-1,-1,-1,-1
326,10,582.3963623046875,622.5286865234375,89.828369140625,178.1328125,-1,-1,-1,-1
327,10,572.385498046875,622.2386474609375,94.06494140625,176.629150390625,-1,-1,-1,-1
328,10,558.9881591796875,625.7623901367188,101.513671875,172.64813232421875,-1,-1,-1,-1
329,10,552.4561767578125,632.6083374023438,101.72882080078125,168.8251953125,-1,-1,-1,-1
330,10,545.5811157226562,637.68115234375,104.57611083984375,165.406982421875,-1,-1,-1,-1
331,10,542.7294311523438,636.7862548828125,110.00848388671875,166.65966796875,-1,-1,-1,-1
332,10,540.1647338867188,629.919921875,107.06781005859375,172.60137939453125,-1,-1,-1,-1
333,10,539.1326293945312,622.1142578125,102.64862060546875,177.57843017578125,-1,-1,-1,-1
334,10,538.3270874023438,615.0604858398438,97.2645263671875,180.9266357421875,-1,-1,-1,-1
335,10,537.0328369140625,611.0231323242188,92.203857421875,183.63104248046875,-1,-1,-1,-1
336,10,537.7489013671875,609.47314453125,90.30987548828125,182.90679931640625,-1,-1,-1,-1
337,10,537.8720703125,610.1829223632812,89.481201171875,182.24969482421875,-1,-1,-1,-1
338,10,540.9207153320312,610.40673828125,87.8839111328125,182.822998046875,-1,-1,-1,-1
339,10,543.9076538085938,607.8392333984375,84.963134765625,184.3319091796875,-1,-1,-1,-1
340,10,547.8280029296875,605.8538208007812,81.45013427734375,184.5433349609375,-1,-1,-1,-1
341,10,544.9309692382812,605.0747680664062,85.77655029296875,184.34979248046875,-1,-1,-1,-1
342,10,558.30126953125,606.49853515625,75.266357421875,182.27410888671875,-1,-1,-1,-1
343,10,570.8206176757812,607.9141845703125,63.8287353515625,180.25958251953125,-1,-1,-1,-1
344,10,568.9125366210938,608.2176513671875,67.749267578125,181.275634765625,-1,-1,-1,-1
345,10,572.6439208984375,608.5802001953125,66.30712890625,181.8717041015625,-1,-1,-1,-1
346,10,573.3861083984375,610.361328125,66.3978271484375,181.7869873046875,-1,-1,-1,-1
347,10,576.9921264648438,612.275146484375,65.557861328125,178.212646484375,-1,-1,-1,-1
348,10,580.1914672851562,616.7291259765625,64.20428466796875,170.57623291015625,-1,-1,-1,-1
349,10,581.1528930664062,622.4705200195312,64.89263916015625,166.94659423828125,-1,-1,-1,-1
350,10,581.7401733398438,625.3338623046875,66.311767578125,162.49835205078125,-1,-1,-1,-1
351,10,590.81103515625,623.322509765625,59.2623291015625,163.15521240234375,-1,-1,-1,-1
352,10,596.1728515625,617.96728515625,55.95941162109375,169.31256103515625,-1,-1,-1,-1
353,10,594.1414184570312,612.2310791015625,60.0343017578125,175.21343994140625,-1,-1,-1,-1
354,10,597.8341064453125,608.5458374023438,61.1654052734375,174.91497802734375,-1,-1,-1,-1
355,10,601.3497314453125,604.6610107421875,65.3912353515625,173.487060546875,-1,-1,-1,-1
356,10,615.1001586914062,604.6622314453125,60.75689697265625,168.2393798828125,-1,-1,-1,-1
357,10,620.7433471679688,609.01416015625,64.27410888671875,162.0413818359375,-1,-1,-1,-1
358,10,631.3178100585938,611.4141235351562,63.63916015625,163.25103759765625,-1,-1,-1,-1
359,10,635.4906005859375,611.924072265625,66.9344482421875,164.52703857421875,-1,-1,-1,-1
360,10,643.4940795898438,610.99755859375,66.0076904296875,163.6331787109375,-1,-1,-1,-1
361,10,646.2171020507812,608.680419921875,66.20208740234375,165.25,-1,-1,-1,-1
362,10,643.0471801757812,608.5203247070312,70.85101318359375,168.3779296875,-1,-1,-1,-1
363,10,641.7647094726562,609.618408203125,75.93328857421875,171.2818603515625,-1,-1,-1,-1
364,10,636.5867309570312,612.5501098632812,76.768310546875,171.8367919921875,-1,-1,-1,-1
365,10,627.8538208007812,618.8528442382812,83.55615234375,163.48248291015625,-1,-1,-1,-1
366,10,622.2837524414062,625.7485961914062,96.13116455078125,156.86431884765625,-1,-1,-1,-1
367,10,617.5554809570312,629.471435546875,107.58447265625,152.47857666015625,-1,-1,-1,-1
368,10,615.47412109375,631.5191650390625,129.16156005859375,159.112060546875,-1,-1,-1,-1
369,10,617.4554443359375,636.9818725585938,141.45556640625,161.27984619140625,-1,-1,-1,-1
370,10,614.978759765625,644.5177001953125,118.76123046875,155.1995849609375,-1,-1,-1,-1
371,10,612.7625732421875,650.9671020507812,120.98095703125,149.70062255859375,-1,-1,-1,-1
372,10,598.9529418945312,649.8125,157.9422607421875,152.19866943359375,-1,-1,-1,-1
373,10,583.2225952148438,644.0465087890625,155.361328125,155.4490966796875,-1,-1,-1,-1
374,10,575.55029296875,634.6084594726562,120.58465576171875,161.96527099609375,-1,-1,-1,-1
375,10,574.26806640625,622.219482421875,112.5892333984375,168.723876953125,-1,-1,-1,-1
376,10,575.2048950195312,613.6421508789062,108.31231689453125,170.1319580078125,-1,-1,-1,-1
377,10,574.2501220703125,609.4725952148438,108.00445556640625,171.38299560546875,-1,-1,-1,-1
378,10,567.18017578125,610.0747680664062,114.9241943359375,171.63836669921875,-1,-1,-1,-1
379,10,558.4418334960938,608.6715087890625,112.16455078125,174.097900390625,-1,-1,-1,-1
380,10,552.9763793945312,606.4391479492188,100.12469482421875,177.52789306640625,-1,-1,-1,-1
381,10,552.8902587890625,602.2381591796875,100.00433349609375,181.434326171875,-1,-1,-1,-1
382,10,553.6090087890625,602.6981811523438,96.44854736328125,180.33319091796875,-1,-1,-1,-1
383,10,555.8438110351562,609.1188354492188,92.5941162109375,172.74945068359375,-1,-1,-1,-1
384,10,557.9718627929688,613.5255126953125,89.892578125,167.28033447265625,-1,-1,-1,-1
385,10,559.418212890625,610.0831909179688,89.23193359375,168.00384521484375,-1,-1,-1,-1
386,10,561.7992553710938,600.2571411132812,87.90716552734375,168.67041015625,-1,-1,-1,-1
387,10,566.0363159179688,588.9176635742188,85.28094482421875,170.1131591796875,-1,-1,-1,-1
388,10,568.8060913085938,575.4896240234375,82.10333251953125,176.20916748046875,-1,-1,-1,-1
389,10,568.0264282226562,570.4243774414062,81.93505859375,176.046630859375,-1,-1,-1,-1
390,10,565.5592651367188,581.9290161132812,81.0526123046875,173.022216796875,-1,-1,-1,-1
391,10,564.5556030273438,588.7382202148438,77.783203125,170.52935791015625,-1,-1,-1,-1
392,10,564.7973022460938,591.1602783203125,77.0479736328125,170.31439208984375,-1,-1,-1,-1
393,10,570.3722534179688,592.7683715820312,79.32745361328125,170.92620849609375,-1,-1,-1,-1
394,10,579.5369873046875,594.8809814453125,76.059814453125,171.06890869140625,-1,-1,-1,-1
395,10,583.786865234375,600.93603515625,79.090576171875,172.597900390625,-1,-1,-1,-1
396,10,590.4127197265625,614.26171875,78.2020263671875,174.18408203125,-1,-1,-1,-1
397,10,599.4528198242188,618.7492065429688,75.4969482421875,173.65985107421875,-1,-1,-1,-1
398,10,599.68359375,616.8087768554688,74.5162353515625,172.81402587890625,-1,-1,-1,-1
399,10,603.8407592773438,614.0712890625,68.12835693359375,173.20501708984375,-1,-1,-1,-1
400,10,610.9061279296875,605.4625244140625,61.46405029296875,174.674072265625,-1,-1,-1,-1
401,10,612.7003784179688,600.2840576171875,57.31524658203125,172.8643798828125,-1,-1,-1,-1
402,10,616.4968872070312,607.552734375,51.50775146484375,173.7244873046875,-1,-1,-1,-1
403,10,622.6900634765625,614.1649169921875,48.1802978515625,172.67987060546875,-1,-1,-1,-1
404,10,624.3228149414062,620.2996215820312,49.03369140625,174.89569091796875,-1,-1,-1,-1
405,10,624.3145751953125,627.047119140625,50.80267333984375,175.7327880859375,-1,-1,-1,-1
406,10,627.7274780273438,637.09375,47.609375,174.17315673828125,-1,-1,-1,-1
407,10,631.8245849609375,651.2413330078125,46.14361572265625,174.78387451171875,-1,-1,-1,-1
408,10,631.8618774414062,664.5885620117188,47.18682861328125,174.28875732421875,-1,-1,-1,-1
409,10,628.418701171875,674.8986206054688,47.90625,171.51141357421875,-1,-1,-1,-1
410,10,621.2467651367188,679.364501953125,51.13739013671875,171.5738525390625,-1,-1,-1,-1
411,10,613.06787109375,678.3887939453125,52.40087890625,172.030517578125,-1,-1,-1,-1
412,10,606.3529663085938,672.7054443359375,57.65472412109375,169.19512939453125,-1,-1,-1,-1
413,10,598.3904418945312,664.8368530273438,63.26519775390625,168.67852783203125,-1,-1,-1,-1
414,10,591.1514282226562,651.1442260742188,67.99615478515625,168.79345703125,-1,-1,-1,-1
415,10,584.4960327148438,645.0675048828125,67.8184814453125,170.164794921875,-1,-1,-1,-1
416,10,579.4560546875,646.7355346679688,68.3223876953125,167.7486572265625,-1,-1,-1,-1
417,10,575.7213745117188,652.6259155273438,67.43017578125,170.75726318359375,-1,-1,-1,-1
418,10,572.6495361328125,657.1749877929688,67.163330078125,172.31805419921875,-1,-1,-1,-1
419,10,569.107666015625,652.0743408203125,66.42352294921875,172.0093994140625,-1,-1,-1,-1
420,10,566.3807373046875,637.8360595703125,69.80059814453125,171.4073486328125,-1,-1,-1,-1
421,10,567.4683837890625,622.7366943359375,78.45318603515625,173.65032958984375,-1,-1,-1,-1
422,10,570.8327026367188,612.3312377929688,75.33135986328125,173.9423828125,-1,-1,-1,-1
423,10,578.1051025390625,606.6409301757812,68.15228271484375,174.6947021484375,-1,-1,-1,-1
424,10,588.130126953125,599.171630859375,64.3463134765625,175.12701416015625,-1,-1,-1,-1
425,10,599.1019897460938,593.52783203125,60.65283203125,176.1422119140625,-1,-1,-1,-1
426,10,610.49365234375,590.2158813476562,57.547119140625,178.22216796875,-1,-1,-1,-1
427,10,620.0230102539062,592.1102294921875,58.218994140625,177.60992431640625,-1,-1,-1,-1
428,10,628.2684936523438,593.5836791992188,59.5252685546875,176.348388671875,-1,-1,-1,-1
429,10,638.0588989257812,594.2769775390625,56.41949462890625,175.9334716796875,-1,-1,-1,-1
430,10,642.7743530273438,600.8076171875,57.18328857421875,174.60302734375,-1,-1,-1,-1
431,10,647.8609008789062,607.785400390625,56.4945068359375,175.19488525390625,-1,-1,-1,-1
432,10,653.3046264648438,612.698486328125,56.90032958984375,177.735595703125,-1,-1,-1,-1
433,10,658.1962280273438,615.9932250976562,58.43817138671875,177.938720703125,-1,-1,-1,-1
434,10,661.6893310546875,618.4675903320312,60.106689453125,176.76031494140625,-1,-1,-1,-1
435,10,660.97607421875,621.48291015625,63.44500732421875,176.92047119140625,-1,-1,-1,-1
436,10,660.0966186523438,621.7791137695312,66.1275634765625,181.8355712890625,-1,-1,-1,-1
437,10,659.7894287109375,619.961181640625,68.596435546875,182.9022216796875,-1,-1,-1,-1
438,10,656.8185424804688,616.111083984375,72.938720703125,181.75994873046875,-1,-1,-1,-1
439,10,656.5878295898438,611.0748291015625,75.16314697265625,185.9732666015625,-1,-1,-1,-1
440,10,662.08642578125,610.61572265625,69.117431640625,186.83502197265625,-1,-1,-1,-1
441,10,671.197265625,613.90673828125,62.86090087890625,182.93896484375,-1,-1,-1,-1
442,10,675.2764892578125,618.0572509765625,56.87890625,170.31451416015625,-1,-1,-1,-1
443,10,675.5678100585938,618.994384765625,60.7049560546875,170.61273193359375,-1,-1,-1,-1
444,10,672.5706787109375,618.7476806640625,59.98095703125,164.64404296875,-1,-1,-1,-1
445,10,669.466064453125,616.8026733398438,65.0262451171875,161.395751953125,-1,-1,-1,-1
446,10,635.202392578125,611.2454223632812,98.71905517578125,159.79815673828125,-1,-1,-1,-1
447,10,673.6793212890625,614.4697875976562,72.6781005859375,159.11688232421875,-1,-1,-1,-1
448,10,689.221923828125,615.9152221679688,58.3704833984375,154.78497314453125,-1,-1,-1,-1
449,10,687.7854614257812,616.60888671875,72.3074951171875,185.83941650390625,-1,-1,-1,-1
450,10,692.2837524414062,615.9002075195312,75.12103271484375,191.677490234375,-1,-1,-1,-1
451,10,691.7212524414062,616.0477294921875,77.56256103515625,194.41375732421875,-1,-1,-1,-1
452,10,693.0210571289062,615.37744140625,78.81378173828125,199.4686279296875,-1,-1,-1,-1
453,10,697.0579223632812,615.3529663085938,75.7508544921875,196.50811767578125,-1,-1,-1,-1
454,10,700.4744262695312,615.188232421875,72.42144775390625,197.60052490234375,-1,-1,-1,-1
455,10,702.817626953125,613.2727661132812,71.88519287109375,204.81573486328125,-1,-1,-1,-1
456,10,702.399658203125,611.6156616210938,71.94036865234375,206.0992431640625,-1,-1,-1,-1
457,10,699.8453369140625,611.4635009765625,76.02679443359375,231.153564453125,-1,-1,-1,-1
458,10,700.6350708007812,614.30419921875,75.923583984375,213.13641357421875,-1,-1,-1,-1
459,10,699.8181762695312,619.3956909179688,75.10748291015625,211.96258544921875,-1,-1,-1,-1
460,10,699.07177734375,626.477783203125,75.2286376953125,218.4505615234375,-1,-1,-1,-1
461,10,695.9144897460938,629.7108154296875,78.27716064453125,206.748291015625,-1,-1,-1,-1
462,10,696.9967041015625,627.2080078125,75.36431884765625,199.48040771484375,-1,-1,-1,-1
463,10,693.2183837890625,619.5270385742188,74.85955810546875,203.1829833984375,-1,-1,-1,-1
464,10,686.3189697265625,611.900390625,78.53631591796875,206.70855712890625,-1,-1,-1,-1
465,10,690.1705932617188,602.7150268554688,76.3980712890625,208.76788330078125,-1,-1,-1,-1
466,10,694.4324951171875,596.7886352539062,77.072509765625,211.74560546875,-1,-1,-1,-1
467,10,699.3426513671875,597.0725708007812,71.783447265625,206.2786865234375,-1,-1,-1,-1
468,10,699.731689453125,601.913330078125,72.25531005859375,200.84552001953125,-1,-1,-1,-1
469,10,697.3649291992188,604.701416015625,71.375244140625,197.1951904296875,-1,-1,-1,-1
470,10,697.9893188476562,605.0215454101562,70.00213623046875,193.18408203125,-1,-1,-1,-1
471,10,698.9146118164062,603.9439697265625,68.80108642578125,191.880615234375,-1,-1,-1,-1
472,10,697.8535766601562,598.746826171875,67.6051025390625,195.71826171875,-1,-1,-1,-1
473,10,695.7742309570312,592.9008178710938,66.09967041015625,198.895751953125,-1,-1,-1,-1
474,10,694.8380737304688,588.8489379882812,70.86297607421875,202.0311279296875,-1,-1,-1,-1
475,10,694.032470703125,586.6585083007812,73.78875732421875,201.74688720703125,-1,-1,-1,-1
476,10,692.0632934570312,588.0430908203125,73.20343017578125,196.804931640625,-1,-1,-1,-1
477,10,690.7138671875,589.6539916992188,76.2994384765625,193.64764404296875,-1,-1,-1,-1
478,10,686.3682861328125,590.5968627929688,78.374267578125,191.0220947265625,-1,-1,-1,-1
479,10,687.2369384765625,589.5426635742188,77.24639892578125,191.57952880859375,-1,-1,-1,-1
480,10,690.3421630859375,586.6483154296875,76.3603515625,193.49853515625,-1,-1,-1,-1
481,10,686.1492919921875,583.65966796875,79.6922607421875,198.85919189453125,-1,-1,-1,-1
482,10,687.4944458007812,582.45703125,83.31683349609375,200.766845703125,-1,-1,-1,-1
483,10,684.5693359375,584.5413208007812,85.25518798828125,199.53863525390625,-1,-1,-1,-1
484,10,687.9414672851562,588.6356201171875,83.14923095703125,192.684326171875,-1,-1,-1,-1
485,10,693.9830932617188,592.6861572265625,79.19476318359375,189.192626953125,-1,-1,-1,-1
486,10,696.322509765625,594.3462524414062,79.76605224609375,187.11334228515625,-1,-1,-1,-1
487,10,698.6478271484375,600.0651245117188,82.93035888671875,187.03082275390625,-1,-1,-1,-1
488,10,698.0157470703125,609.6549682617188,88.7972412109375,185.32562255859375,-1,-1,-1,-1
489,10,695.2210693359375,616.2532348632812,97.7467041015625,181.45635986328125,-1,-1,-1,-1
490,10,695.2371826171875,617.27587890625,101.65447998046875,184.911865234375,-1,-1,-1,-1
491,10,702.2511596679688,612.5635375976562,94.18524169921875,191.148681640625,-1,-1,-1,-1
492,10,706.1444091796875,605.12841796875,88.929443359375,197.5374755859375,-1,-1,-1,-1
493,10,695.6942138671875,599.3101196289062,93.32183837890625,202.13427734375,-1,-1,-1,-1
494,10,696.7200317382812,597.4647216796875,88.064453125,202.30242919921875,-1,-1,-1,-1
495,10,698.6500854492188,598.779296875,79.68017578125,199.85528564453125,-1,-1,-1,-1
496,10,703.4010009765625,600.8833618164062,70.09527587890625,195.92083740234375,-1,-1,-1,-1
497,10,702.9548950195312,603.6862182617188,68.749267578125,194.24761962890625,-1,-1,-1,-1
498,10,702.0283813476562,605.8373413085938,68.57623291015625,193.070556640625,-1,-1,-1,-1
499,10,699.2211303710938,605.4614868164062,67.20458984375,195.38494873046875,-1,-1,-1,-1
500,10,695.0398559570312,604.7086181640625,69.6878662109375,199.1929931640625,-1,-1,-1,-1
501,10,688.8121337890625,603.8074340820312,71.693115234375,202.77362060546875,-1,-1,-1,-1
502,10,679.8531494140625,603.4192504882812,77.31048583984375,203.10247802734375,-1,-1,-1,-1
503,10,671.9649047851562,604.2529907226562,81.5748291015625,202.934814453125,-1,-1,-1,-1
504,10,673.2103271484375,605.0734252929688,77.73223876953125,200.26324462890625,-1,-1,-1,-1
505,10,679.07080078125,606.427734375,69.89385986328125,198.6937255859375,-1,-1,-1,-1
506,10,677.607666015625,607.4463500976562,66.04595947265625,196.6815185546875,-1,-1,-1,-1
507,10,681.0222778320312,608.5901489257812,60.64404296875,196.82366943359375,-1,-1,-1,-1
508,10,678.8952026367188,610.990966796875,64.284912109375,204.782958984375,-1,-1,-1,-1
509,10,676.756591796875,615.088623046875,88.54248046875,206.2606201171875,-1,-1,-1,-1
510,10,668.7901611328125,619.468505859375,111.70831298828125,198.7520751953125,-1,-1,-1,-1
511,10,671.35888671875,622.4287719726562,126.2081298828125,200.57537841796875,-1,-1,-1,-1
512,10,673.2626953125,624.3342895507812,132.83203125,219.250732421875,-1,-1,-1,-1
390,11,739.5484619140625,1245.3243408203125,133.57269287109375,165.0013427734375,-1,-1,-1,-1
391,11,712.6204223632812,1221.5419921875,125.0504150390625,188.983154296875,-1,-1,-1,-1
392,11,653.6031494140625,1180.5006103515625,132.7125244140625,228.217529296875,-1,-1,-1,-1
393,11,641.273681640625,1160.5394287109375,130.34698486328125,248.666015625,-1,-1,-1,-1
394,11,729.7327880859375,1173.815673828125,122.7362060546875,235.547607421875,-1,-1,-1,-1
395,11,762.513916015625,1181.511962890625,148.12750244140625,227.2882080078125,-1,-1,-1,-1
396,11,749.21533203125,1186.87060546875,188.89898681640625,223.88232421875,-1,-1,-1,-1
397,11,738.1160888671875,1206.236083984375,214.54071044921875,205.4384765625,-1,-1,-1,-1
398,11,817.297119140625,1219.7550048828125,170.47381591796875,191.8277587890625,-1,-1,-1,-1
399,11,883.607177734375,1229.158935546875,127.94293212890625,180.0023193359375,-1,-1,-1,-1
400,11,850.9714965820312,1244.9332275390625,122.1719970703125,167.0196533203125,-1,-1,-1,-1
401,11,851.5957641601562,1320.55517578125,79.95428466796875,89.52587890625,-1,-1,-1,-1
402,11,779.7562866210938,1255.7882080078125,138.00787353515625,153.009521484375,-1,-1,-1,-1
403,11,792.8093872070312,1284.087890625,107.1116943359375,126.0008544921875,-1,-1,-1,-1
404,11,802.5296630859375,1314.992919921875,86.49993896484375,95.4976806640625,-1,-1,-1,-1
405,11,815.5860595703125,1354.2525634765625,61.90484619140625,55.000732421875,-1,-1,-1,-1
513,12,665.2487182617188,622.715087890625,90.44561767578125,178.26171875,-1,-1,-1,-1
514,12,654.6613159179688,621.7808837890625,96.98590087890625,179.62811279296875,-1,-1,-1,-1
515,12,645.2062377929688,621.2015991210938,95.89447021484375,185.46746826171875,-1,-1,-1,-1
516,12,640.3912353515625,621.8863525390625,99.3209228515625,184.33221435546875,-1,-1,-1,-1
517,12,632.5206298828125,626.0693359375,108.63580322265625,185.66693115234375,-1,-1,-1,-1
518,12,626.3134155273438,632.551513671875,117.56256103515625,183.66650390625,-1,-1,-1,-1
519,12,624.7711181640625,634.5548095703125,121.9713134765625,184.50555419921875,-1,-1,-1,-1
520,12,623.7418823242188,630.272705078125,119.81451416015625,181.55621337890625,-1,-1,-1,-1
521,12,623.8525390625,626.5838623046875,113.35595703125,182.22021484375,-1,-1,-1,-1
522,12,625.607666015625,623.500732421875,106.931884765625,184.726806640625,-1,-1,-1,-1
523,12,625.2862548828125,619.594970703125,94.83935546875,185.2366943359375,-1,-1,-1,-1
524,12,620.4365234375,616.1422119140625,87.2174072265625,187.7332763671875,-1,-1,-1,-1
525,12,615.5613403320312,614.4102172851562,90.5072021484375,187.101318359375,-1,-1,-1,-1
526,12,613.0696411132812,612.702880859375,94.39404296875,184.97113037109375,-1,-1,-1,-1
527,12,613.119873046875,613.920654296875,103.63775634765625,181.270751953125,-1,-1,-1,-1
528,12,614.2042846679688,615.454345703125,109.33416748046875,182.4091796875,-1,-1,-1,-1
529,12,615.8950805664062,617.4359130859375,113.1162109375,188.09619140625,-1,-1,-1,-1
530,12,622.4940185546875,620.0286865234375,106.52374267578125,187.1865234375,-1,-1,-1,-1
531,12,626.5299682617188,625.1701049804688,111.09552001953125,182.12786865234375,-1,-1,-1,-1
532,12,627.158935546875,629.126708984375,120.94580078125,178.02374267578125,-1,-1,-1,-1
533,12,627.0660400390625,630.8479614257812,116.35321044921875,177.37579345703125,-1,-1,-1,-1
534,12,623.7586669921875,628.538818359375,97.17144775390625,179.3795166015625,-1,-1,-1,-1
535,12,618.7310180664062,622.45458984375,100.20928955078125,185.54156494140625,-1,-1,-1,-1
536,12,617.3624267578125,616.398193359375,102.91949462890625,188.83203125,-1,-1,-1,-1
537,12,621.5699462890625,612.5233154296875,92.6632080078125,184.77203369140625,-1,-1,-1,-1
538,12,626.2340698242188,612.1297607421875,91.50439453125,177.8389892578125,-1,-1,-1,-1
539,12,625.4383544921875,611.33447265625,95.1619873046875,178.96759033203125,-1,-1,-1,-1
540,12,623.253662109375,610.424072265625,96.05975341796875,180.899169921875,-1,-1,-1,-1
541,12,620.9290161132812,608.5445556640625,99.4541015625,184.84783935546875,-1,-1,-1,-1
542,12,619.7538452148438,607.48486328125,101.60784912109375,186.5537109375,-1,-1,-1,-1
543,12,616.6698608398438,609.43798828125,98.01812744140625,180.18548583984375,-1,-1,-1,-1
544,12,614.9898071289062,615.3572387695312,82.1597900390625,168.70147705078125,-1,-1,-1,-1
545,12,615.84228515625,618.6361694335938,77.2197265625,166.0118408203125,-1,-1,-1,-1
546,12,615.8737182617188,616.914794921875,73.93170166015625,171.4735107421875,-1,-1,-1,-1
547,12,615.7389526367188,612.9056396484375,71.08648681640625,179.25439453125,-1,-1,-1,-1
548,12,617.5115966796875,611.8948974609375,68.64105224609375,184.02130126953125,-1,-1,-1,-1
549,12,617.3666381835938,614.5208740234375,68.4140625,184.04876708984375,-1,-1,-1,-1
550,12,622.813232421875,618.3886108398438,63.98193359375,181.19549560546875,-1,-1,-1,-1
551,12,624.3967895507812,620.6399536132812,64.13458251953125,179.8551025390625,-1,-1,-1,-1
552,12,624.0776977539062,623.787353515625,66.965087890625,176.52764892578125,-1,-1,-1,-1
553,12,624.143310546875,626.106689453125,71.196044921875,172.748779296875,-1,-1,-1,-1
554,12,625.2890625,627.759765625,72.28045654296875,168.32672119140625,-1,-1,-1,-1
555,12,625.2782592773438,627.2296752929688,74.38458251953125,169.38275146484375,-1,-1,-1,-1
556,12,628.1704711914062,625.57666015625,72.0552978515625,174.302490234375,-1,-1,-1,-1
557,12,633.459228515625,621.5886840820312,68.06011962890625,182.45184326171875,-1,-1,-1,-1
558,12,636.7042846679688,620.1663208007812,66.540771484375,184.25189208984375,-1,-1,-1,-1
559,12,638.3191528320312,621.4063720703125,66.166015625,186.133544921875,-1,-1,-1,-1
560,12,638.6177368164062,624.8438720703125,69.76171875,183.53985595703125,-1,-1,-1,-1
561,12,648.704833984375,631.51220703125,61.87286376953125,175.65350341796875,-1,-1,-1,-1
562,12,643.0131225585938,632.2156982421875,76.08868408203125,172.372314453125,-1,-1,-1,-1
563,12,634.4541015625,630.2976684570312,79.7169189453125,170.18798828125,-1,-1,-1,-1
564,12,631.9234008789062,624.560791015625,79.3870849609375,175.29119873046875,-1,-1,-1,-1
565,12,646.5879516601562,622.9576416015625,75.377197265625,176.48858642578125,-1,-1,-1,-1
566,12,642.47021484375,624.294921875,95.8275146484375,173.31005859375,-1,-1,-1,-1
567,12,634.7223510742188,625.5350341796875,88.59442138671875,163.720947265625,-1,-1,-1,-1
568,12,631.3394165039062,630.2029418945312,92.73583984375,158.57720947265625,-1,-1,-1,-1
569,12,630.9146728515625,632.9556884765625,96.22332763671875,154.09747314453125,-1,-1,-1,-1
570,12,627.437744140625,633.1279296875,93.4459228515625,153.1905517578125,-1,-1,-1,-1
571,12,635.1666259765625,629.9609375,93.77154541015625,157.6912841796875,-1,-1,-1,-1
572,12,636.3741455078125,623.463623046875,91.03790283203125,161.0738525390625,-1,-1,-1,-1
573,12,640.4298095703125,619.9005126953125,97.02825927734375,164.9952392578125,-1,-1,-1,-1
574,12,642.5608520507812,616.4212036132812,104.47454833984375,171.975341796875,-1,-1,-1,-1
575,12,646.498779296875,615.3738403320312,103.2635498046875,174.96466064453125,-1,-1,-1,-1
576,12,644.4127807617188,616.4682006835938,107.5203857421875,172.4578857421875,-1,-1,-1,-1
577,12,643.5890502929688,620.047119140625,100.73284912109375,165.5648193359375,-1,-1,-1,-1
578,12,645.00390625,622.7783813476562,86.11981201171875,166.813232421875,-1,-1,-1,-1
579,12,646.5980224609375,624.945556640625,99.60125732421875,163.2327880859375,-1,-1,-1,-1
580,12,642.2916870117188,627.9163818359375,104.4791259765625,159.4471435546875,-1,-1,-1,-1
581,12,640.62939453125,634.6298217773438,93.05615234375,148.5443115234375,-1,-1,-1,-1
582,12,645.0226440429688,642.6383056640625,88.216796875,148.07867431640625,-1,-1,-1,-1
583,12,646.9584350585938,649.1417846679688,84.55523681640625,149.12261962890625,-1,-1,-1,-1
584,12,653.4468994140625,653.5908203125,89.885498046875,152.225830078125,-1,-1,-1,-1
585,12,657.7141723632812,658.2387084960938,111.69873046875,152.22320556640625,-1,-1,-1,-1
586,12,654.3338012695312,661.5275268554688,104.52716064453125,149.7685546875,-1,-1,-1,-1
587,12,655.37255859375,661.6929321289062,94.2581787109375,150.91986083984375,-1,-1,-1,-1
588,12,654.8825073242188,660.2888793945312,100.67999267578125,155.76239013671875,-1,-1,-1,-1
589,12,656.7540283203125,663.416259765625,101.611083984375,157.24951171875,-1,-1,-1,-1
590,12,650.4572143554688,667.8922119140625,97.15875244140625,157.00628662109375,-1,-1,-1,-1
591,12,645.3796997070312,675.3395385742188,97.42071533203125,150.43377685546875,-1,-1,-1,-1
592,12,645.2194213867188,678.3674926757812,102.2982177734375,147.66839599609375,-1,-1,-1,-1
593,12,648.8139038085938,679.0105590820312,103.42718505859375,146.9005126953125,-1,-1,-1,-1
594,12,640.7230224609375,678.7308349609375,105.326171875,148.41571044921875,-1,-1,-1,-1
595,12,643.2987060546875,675.8660278320312,94.02105712890625,154.80450439453125,-1,-1,-1,-1
596,12,649.9852294921875,670.4541015625,83.17059326171875,167.436279296875,-1,-1,-1,-1
597,12,651.1989135742188,666.3975219726562,84.961181640625,179.41046142578125,-1,-1,-1,-1
598,12,652.429443359375,665.5806884765625,81.899658203125,190.83477783203125,-1,-1,-1,-1
599,12,654.2713623046875,664.8377685546875,78.9879150390625,199.017822265625,-1,-1,-1,-1
600,12,655.7589111328125,662.0411376953125,80.82476806640625,199.65728759765625,-1,-1,-1,-1
601,12,654.234375,653.4224853515625,83.76080322265625,200.70513916015625,-1,-1,-1,-1
