1,1,531.8154907226562,484.50653076171875,255.68109130859375,541.0975341796875,-1,-1,-1,-1
2,1,512.3867797851562,475.32684326171875,261.09246826171875,564.2807006835938,-1,-1,-1,-1
3,1,495.137939453125,475.5624084472656,261.7655029296875,577.2642822265625,-1,-1,-1,-1
4,1,475.885498046875,480.6846618652344,266.16259765625,583.740478515625,-1,-1,-1,-1
5,1,460.0317687988281,484.14312744140625,280.0884704589844,597.8246459960938,-1,-1,-1,-1
6,1,446.3298034667969,473.66058349609375,291.1944885253906,623.3125610351562,-1,-1,-1,-1
7,1,412.5205383300781,446.87078857421875,304.8915100097656,655.8198852539062,-1,-1,-1,-1
8,1,353.2597351074219,419.8310852050781,322.0801086425781,715.8043212890625,-1,-1,-1,-1
9,1,297.5416259765625,381.5630187988281,330.56494140625,777.538818359375,-1,-1,-1,-1
10,1,270.59686279296875,350.6142578125,380.76519775390625,824.234375,-1,-1,-1,-1
11,1,272.9846496582031,381.191650390625,478.0372619628906,832.24169921875,-1,-1,-1,-1
12,1,296.983154296875,403.12841796875,531.0449829101562,820.5958251953125,-1,-1,-1,-1
13,1,363.557861328125,412.3323669433594,533.9520263671875,812.2340087890625,-1,-1,-1,-1
14,1,436.0300598144531,413.8231506347656,496.8409729003906,804.345947265625,-1,-1,-1,-1
15,1,458.0579528808594,388.8316955566406,476.7657775878906,779.063720703125,-1,-1,-1,-1
16,1,473.4002685546875,397.5308837890625,469.64508056640625,742.757080078125,-1,-1,-1,-1
17,1,565.4039916992188,387.7762451171875,386.47265625,730.87841796875,-1,-1,-1,-1
18,1,631.9599609375,364.0036926269531,349.36346435546875,734.8699951171875,-1,-1,-1,-1
19,1,699.2664794921875,326.83807373046875,328.9085693359375,712.6924438476562,-1,-1,-1,-1
20,1,770.848876953125,321.3450012207031,305.142333984375,665.3931884765625,-1,-1,-1,-1
21,1,831.9273681640625,333.3494873046875,321.9810791015625,663.832275390625,-1,-1,-1,-1
22,1,886.1419067382812,351.33197021484375,338.55706787109375,670.1426391601562,-1,-1,-1,-1
23,1,934.51123046875,369.37017822265625,325.6920166015625,652.774658203125,-1,-1,-1,-1
24,1,961.873291015625,370.200439453125,307.2100830078125,624.3013916015625,-1,-1,-1,-1
25,1,996.349609375,375.696044921875,277.1044921875,575.53515625,-1,-1,-1,-1
26,1,1027.83203125,387.2990417480469,259.078369140625,507.3919982910156,-1,-1,-1,-1
27,1,1065.7462158203125,394.6219177246094,244.456787109375,468.9819030761719,-1,-1,-1,-1
28,1,1104.305908203125,373.0513916015625,222.5771484375,494.48175048828125,-1,-1,-1,-1
29,1,1135.1986083984375,367.4697265625,211.6766357421875,489.44708251953125,-1,-1,-1,-1
30,1,1153.82958984375,369.2360534667969,201.1739501953125,480.0562438964844,-1,-1,-1,-1
31,1,1157.4036865234375,373.5665588378906,205.4847412109375,433.1983337402344,-1,-1,-1,-1
32,1,1195.0816650390625,367.11907958984375,203.9459228515625,403.75030517578125,-1,-1,-1,-1
1,2,847.6714477539062,445.772216796875,144.098876953125,270.9677734375,-1,-1,-1,-1
2,2,810.3389892578125,446.3841857910156,126.4375,270.5085754394531,-1,-1,-1,-1
3,2,775.9801635742188,448.6240234375,126.63909912109375,271.7628173828125,-1,-1,-1,-1
4,2,734.99560546875,450.7176513671875,133.56683349609375,279.0242919921875,-1,-1,-1,-1
5,2,698.3533325195312,461.5187072753906,136.59649658203125,284.8711853027344,-1,-1,-1,-1
6,2,661.3237915039062,472.8282165527344,137.004638671875,277.3835144042969,-1,-1,-1,-1
7,2,613.6529541015625,473.8720703125,132.74822998046875,268.2896728515625,-1,-1,-1,-1
8,2,534.5311889648438,475.052734375,143.31591796875,324.0491943359375,-1,-1,-1,-1
9,2,443.8392639160156,448.7680358886719,157.89358520507812,387.8965148925781,-1,-1,-1,-1
10,2,390.5989074707031,418.34521484375,167.82943725585938,406.60009765625,-1,-1,-1,-1
11,2,369.0870666503906,429.3291931152344,197.54306030273438,427.7412414550781,-1,-1,-1,-1
12,2,398.5494689941406,463.7221984863281,187.22805786132812,414.4881286621094,-1,-1,-1,-1
14,2,441.1224060058594,429.50469970703125,154.51174926757812,378.0748291015625,-1,-1,-1,-1
15,2,462.5555419921875,419.31329345703125,163.105712890625,381.91937255859375,-1,-1,-1,-1
16,2,480.1242980957031,432.94293212890625,165.26968383789062,372.920654296875,-1,-1,-1,-1
17,2,502.5008544921875,431.6143493652344,173.41815185546875,351.8864440917969,-1,-1,-1,-1
18,2,523.734619140625,418.12738037109375,177.84503173828125,368.987060546875,-1,-1,-1,-1
19,2,541.3717041015625,396.97332763671875,185.03350830078125,386.87481689453125,-1,-1,-1,-1
20,2,556.0237426757812,394.5782165527344,190.85064697265625,388.4450378417969,-1,-1,-1,-1
21,2,569.4757080078125,396.21630859375,192.9857177734375,383.93304443359375,-1,-1,-1,-1
22,2,580.9111328125,394.724365234375,193.1844482421875,386.52215576171875,-1,-1,-1,-1
23,2,590.5211181640625,399.84063720703125,190.2120361328125,406.09893798828125,-1,-1,-1,-1
24,2,594.3895263671875,397.294189453125,194.9765625,430.1328125,-1,-1,-1,-1
25,2,604.0527954101562,396.6177978515625,199.85321044921875,436.4866943359375,-1,-1,-1,-1
26,2,619.337890625,397.9540710449219,212.606201171875,430.7242126464844,-1,-1,-1,-1
27,2,645.7573852539062,391.28533935546875,215.767822265625,428.83502197265625,-1,-1,-1,-1
28,2,671.0316772460938,386.056640625,215.85772705078125,428.379638671875,-1,-1,-1,-1
29,2,688.8651123046875,386.031982421875,228.71685791015625,425.310791015625,-1,-1,-1,-1
30,2,705.4161987304688,381.0895690917969,246.182861328125,433.3840637207031,-1,-1,-1,-1
31,2,716.8473510742188,373.9015808105469,262.3935546875,436.2231140136719,-1,-1,-1,-1
32,2,759.2346801757812,368.4595947265625,293.27215576171875,416.2154541015625,-1,-1,-1,-1
33,2,853.5264282226562,334.5799255371094,346.62188720703125,438.5752258300781,-1,-1,-1,-1
8,3,1286.6160888671875,399.5417785644531,190.646484375,522.00390625,-1,-1,-1,-1
9,3,1212.02587890625,348.4705810546875,205.1123046875,598.529296875,-1,-1,-1,-1
10,3,1159.083740234375,344.3680725097656,233.41845703125,572.934326171875,-1,-1,-1,-1
11,3,1123.79296875,351.6699523925781,239.171875,559.4814453125,-1,-1,-1,-1
12,3,1116.241943359375,349.54058837890625,238.5162353515625,561.640625,-1,-1,-1,-1
13,3,1159.22705078125,343.22564697265625,231.447021484375,582.7945556640625,-1,-1,-1,-1
14,3,1157.084716796875,340.7919006347656,284.702392578125,605.439208984375,-1,-1,-1,-1
15,3,1146.9073486328125,344.6513977050781,291.05810546875,506.4212341308594,-1,-1,-1,-1
16,3,1154.427978515625,355.59808349609375,261.1640625,528.5407104492188,-1,-1,-1,-1
17,3,1167.739501953125,344.2405700683594,243.658935546875,548.9871826171875,-1,-1,-1,-1
18,3,1192.5023193359375,326.3754577636719,222.4273681640625,568.6578369140625,-1,-1,-1,-1
19,3,1218.5357666015625,300.5018615722656,195.3790283203125,561.2052001953125,-1,-1,-1,-1
20,3,1244.2044677734375,313.4646301269531,185.5885009765625,532.888671875,-1,-1,-1,-1
21,3,1275.946533203125,327.8410949707031,144.214111328125,526.3106689453125,-1,-1,-1,-1
22,3,1287.03857421875,338.31402587890625,132.4287109375,530.1880493164062,-1,-1,-1,-1
23,3,1193.757568359375,362.20513916015625,227.1068115234375,403.94244384765625,-1,-1,-1,-1
24,3,1217.8743896484375,355.0155944824219,200.987060546875,420.6440734863281,-1,-1,-1,-1
25,3,1211.716796875,356.29876708984375,212.5028076171875,493.46160888671875,-1,-1,-1,-1
26,3,1216.93408203125,363.1896057128906,193.79150390625,453.8369445800781,-1,-1,-1,-1
27,3,1239.3126220703125,368.97161865234375,172.2943115234375,399.46551513671875,-1,-1,-1,-1
28,3,1240.9903564453125,384.063720703125,151.138671875,382.18157958984375,-1,-1,-1,-1
29,3,1241.5008544921875,390.78948974609375,153.988037109375,387.28472900390625,-1,-1,-1,-1
30,3,1250.4423828125,396.745849609375,154.917724609375,381.4237060546875,-1,-1,-1,-1
31,3,1246.907470703125,391.76031494140625,155.686279296875,378.24407958984375,-1,-1,-1,-1
32,3,1280.647705078125,390.593994140625,126.7474365234375,329.83831787109375,-1,-1,-1,-1
33,4,1295.05419921875,378.71160888671875,145.05419921875,428.66265869140625,-1,-1,-1,-1
34,4,972.079833984375,321.5968322753906,382.1383056640625,445.4960632324219,-1,-1,-1,-1
35,4,1062.0177001953125,330.9367980957031,345.2705078125,440.7431945800781,-1,-1,-1,-1
36,4,1065.2783203125,349.99468994140625,306.43505859375,426.52130126953125,-1,-1,-1,-1
37,4,969.9548950195312,390.46319580078125,274.35040283203125,404.3919677734375,-1,-1,-1,-1
38,4,866.4286499023438,422.29852294921875,244.16802978515625,383.33502197265625,-1,-1,-1,-1
39,4,817.5011596679688,443.15020751953125,252.67742919921875,381.70880126953125,-1,-1,-1,-1
40,4,802.6461181640625,451.51031494140625,231.820556640625,382.67999267578125,-1,-1,-1,-1
41,4,811.4581909179688,448.3324279785156,188.55438232421875,381.7527770996094,-1,-1,-1,-1
42,4,823.9229125976562,461.0735778808594,176.7802734375,359.1329650878906,-1,-1,-1,-1
43,4,825.1206665039062,482.3173522949219,167.2930908203125,330.6994934082031,-1,-1,-1,-1
44,4,843.2172241210938,526.80126953125,146.41729736328125,274.02490234375,-1,-1,-1,-1
45,4,842.5682373046875,535.4347534179688,151.53564453125,271.14434814453125,-1,-1,-1,-1
46,4,842.8731079101562,541.050537109375,144.4310302734375,260.6190185546875,-1,-1,-1,-1
47,4,831.8934326171875,555.0903930664062,149.302978515625,256.0567626953125,-1,-1,-1,-1
48,4,817.2501220703125,539.5185546875,144.0389404296875,268.950439453125,-1,-1,-1,-1
49,4,811.3136596679688,555.8209228515625,129.1846923828125,253.84832763671875,-1,-1,-1,-1
50,4,796.6104736328125,561.1451416015625,127.62689208984375,240.00762939453125,-1,-1,-1,-1
51,4,769.9190063476562,557.49951171875,141.38427734375,242.19580078125,-1,-1,-1,-1
52,4,758.482421875,563.0423583984375,156.6131591796875,246.0701904296875,-1,-1,-1,-1
53,4,815.5421142578125,578.361328125,113.47979736328125,240.15972900390625,-1,-1,-1,-1
54,4,825.4641723632812,575.0368041992188,108.54473876953125,243.87786865234375,-1,-1,-1,-1
55,4,822.975341796875,559.4383544921875,110.0323486328125,241.08331298828125,-1,-1,-1,-1
56,4,823.2566528320312,542.1279296875,110.0184326171875,245.046142578125,-1,-1,-1,-1
57,4,811.36181640625,550.1675415039062,120.93670654296875,247.577880859375,-1,-1,-1,-1
58,4,815.189697265625,562.5934448242188,114.12255859375,244.82086181640625,-1,-1,-1,-1
59,4,813.654052734375,575.618896484375,108.924072265625,239.1292724609375,-1,-1,-1,-1
60,4,813.3471069335938,565.1790161132812,109.10906982421875,243.03021240234375,-1,-1,-1,-1
61,4,819.5680541992188,560.683837890625,109.6044921875,234.23638916015625,-1,-1,-1,-1
62,4,819.9275512695312,556.819091796875,114.80255126953125,238.682861328125,-1,-1,-1,-1
63,4,801.736572265625,564.177978515625,123.80419921875,230.8092041015625,-1,-1,-1,-1
64,4,786.5671997070312,570.1795043945312,126.99627685546875,220.833984375,-1,-1,-1,-1
65,4,782.6654052734375,572.1069946289062,124.1671142578125,210.15911865234375,-1,-1,-1,-1
66,4,782.1935424804688,582.2659301757812,121.65911865234375,206.9542236328125,-1,-1,-1,-1
67,4,791.2868041992188,572.651611328125,116.61578369140625,212.03363037109375,-1,-1,-1,-1
68,4,804.4780883789062,535.4683227539062,113.9580078125,212.26007080078125,-1,-1,-1,-1
69,4,797.530029296875,523.5867919921875,109.4249267578125,208.9161376953125,-1,-1,-1,-1
70,4,775.7800903320312,508.4333190917969,102.86871337890625,220.43673706054688,-1,-1,-1,-1
71,4,759.513671875,524.2454833984375,107.4300537109375,219.3076171875,-1,-1,-1,-1
72,4,731.1165771484375,522.3187866210938,109.6458740234375,225.5745849609375,-1,-1,-1,-1
73,4,712.1376953125,512.1636352539062,100.6749267578125,223.938720703125,-1,-1,-1,-1
74,4,692.6500244140625,478.6620788574219,95.1981201171875,242.21109008789062,-1,-1,-1,-1
75,4,664.6984252929688,471.5783996582031,101.67108154296875,236.92794799804688,-1,-1,-1,-1
76,4,621.5643310546875,463.6909484863281,114.57806396484375,243.76889038085938,-1,-1,-1,-1
77,4,593.0050048828125,476.4479064941406,125.3719482421875,253.00057983398438,-1,-1,-1,-1
78,4,572.9968872070312,470.80712890625,130.9871826171875,271.32763671875,-1,-1,-1,-1
79,4,559.5025024414062,470.6930847167969,136.6080322265625,275.7170104980469,-1,-1,-1,-1
80,4,559.7340698242188,472.5863952636719,128.63360595703125,295.8352966308594,-1,-1,-1,-1
81,4,525.7496948242188,474.7102966308594,144.4205322265625,309.5373229980469,-1,-1,-1,-1
82,4,479.8830261230469,505.88934326171875,157.57351684570312,294.944091796875,-1,-1,-1,-1
83,4,422.837158203125,494.4627380371094,170.85736083984375,319.0048522949219,-1,-1,-1,-1
84,4,366.07421875,477.7215881347656,203.178955078125,366.2700500488281,-1,-1,-1,-1
85,4,343.88189697265625,470.14599609375,222.94921875,398.985595703125,-1,-1,-1,-1
86,4,347.150634765625,475.09210205078125,217.47998046875,423.527587890625,-1,-1,-1,-1
87,4,350.9851989746094,479.9230651855469,201.33456420898438,423.1652526855469,-1,-1,-1,-1
88,4,354.34991455078125,496.66925048828125,175.7093505859375,418.434326171875,-1,-1,-1,-1
89,4,322.8775329589844,518.6704711914062,176.4083251953125,446.115478515625,-1,-1,-1,-1
90,4,244.3453369140625,499.5616149902344,202.764892578125,476.4504089355469,-1,-1,-1,-1
91,4,149.2030029296875,490.6192932128906,235.84255981445312,494.1075744628906,-1,-1,-1,-1
92,4,69.21356964111328,478.25762939453125,237.45492553710938,491.5008544921875,-1,-1,-1,-1
93,4,100.64411163330078,447.73687744140625,236.79769897460938,493.1761474609375,-1,-1,-1,-1
94,4,229.6213836669922,437.5339660644531,213.89402770996094,478.5479431152344,-1,-1,-1,-1
95,4,324.80657958984375,445.8297119140625,194.8056640625,436.23468017578125,-1,-1,-1,-1
96,4,404.7488098144531,463.5249938964844,189.36642456054688,402.9953308105469,-1,-1,-1,-1
97,4,453.29364013671875,501.3077392578125,185.14239501953125,376.15948486328125,-1,-1,-1,-1
98,4,415.570556640625,515.9456176757812,188.71502685546875,368.10052490234375,-1,-1,-1,-1
99,4,352.4079284667969,532.1602783203125,199.07492065429688,356.3873291015625,-1,-1,-1,-1
100,4,311.92889404296875,517.8414916992188,199.71990966796875,356.38189697265625,-1,-1,-1,-1
101,4,303.5754089355469,537.7325439453125,190.03622436523438,347.4364013671875,-1,-1,-1,-1
102,4,284.351806640625,560.5877685546875,209.73226928710938,335.455322265625,-1,-1,-1,-1
103,4,287.0203552246094,535.3451538085938,230.43356323242188,344.9188232421875,-1,-1,-1,-1
104,4,322.1860656738281,475.23248291015625,245.57919311523438,356.187744140625,-1,-1,-1,-1
105,4,387.11871337890625,426.36285400390625,258.2445068359375,367.96417236328125,-1,-1,-1,-1
106,4,439.5140380859375,408.5562438964844,267.0550537109375,371.6243591308594,-1,-1,-1,-1
107,4,473.8912658691406,400.8409729003906,256.2319030761719,376.9913635253906,-1,-1,-1,-1
108,4,467.7821960449219,404.5518493652344,251.19638061523438,374.9029846191406,-1,-1,-1,-1
109,4,465.20306396484375,436.9364318847656,266.96380615234375,370.6222839355469,-1,-1,-1,-1
110,4,485.99700927734375,428.2822570800781,264.46405029296875,386.7536315917969,-1,-1,-1,-1
111,4,513.5509033203125,419.7056579589844,274.44775390625,421.8186340332031,-1,-1,-1,-1
112,4,548.53466796875,422.63714599609375,291.0838623046875,453.57598876953125,-1,-1,-1,-1
113,4,579.8834228515625,444.68121337890625,295.51995849609375,450.27630615234375,-1,-1,-1,-1
114,4,603.2437744140625,411.86004638671875,278.8363037109375,457.60003662109375,-1,-1,-1,-1
115,4,648.8648681640625,389.48370361328125,240.5234375,467.77471923828125,-1,-1,-1,-1
116,4,682.7067260742188,382.326171875,223.86566162109375,474.41424560546875,-1,-1,-1,-1
117,4,713.7823486328125,411.8231201171875,250.1243896484375,488.3123779296875,-1,-1,-1,-1
118,4,769.9718017578125,427.9516906738281,250.51666259765625,483.6976013183594,-1,-1,-1,-1
119,4,809.7103881835938,436.81573486328125,254.38116455078125,483.76983642578125,-1,-1,-1,-1
120,4,814.7025146484375,437.3739318847656,246.600341796875,487.7638244628906,-1,-1,-1,-1
121,4,800.4857788085938,437.02764892578125,246.57830810546875,471.59454345703125,-1,-1,-1,-1
122,4,802.0276489257812,443.9333801269531,243.04486083984375,460.3395690917969,-1,-1,-1,-1
123,4,803.37109375,450.4815368652344,219.17498779296875,448.5079040527344,-1,-1,-1,-1
124,4,820.8896484375,475.19732666015625,220.0372314453125,434.3599853515625,-1,-1,-1,-1
125,4,847.636962890625,490.6818542480469,222.0750732421875,428.1705017089844,-1,-1,-1,-1
126,4,883.9376220703125,496.8702392578125,208.138916015625,427.94207763671875,-1,-1,-1,-1
127,4,902.4479370117188,522.3298950195312,210.49835205078125,431.9388427734375,-1,-1,-1,-1
128,4,905.96240234375,528.507080078125,224.9140625,430.03790283203125,-1,-1,-1,-1
129,4,892.9805908203125,527.0084838867188,267.243408203125,433.74957275390625,-1,-1,-1,-1
130,4,888.951904296875,517.2152099609375,303.9991455078125,432.05487060546875,-1,-1,-1,-1
131,4,896.6686401367188,500.5366516113281,342.77996826171875,413.8247985839844,-1,-1,-1,-1
132,4,849.2440795898438,462.5871887207031,359.25811767578125,386.5356140136719,-1,-1,-1,-1
133,4,754.75732421875,394.5954284667969,340.7943115234375,381.5615539550781,-1,-1,-1,-1
134,4,596.1697387695312,373.77685546875,324.15203857421875,359.18988037109375,-1,-1,-1,-1
135,4,402.3171691894531,418.9516296386719,366.0991516113281,304.0398864746094,-1,-1,-1,-1
136,4,216.32106018066406,432.7626647949219,435.6329345703125,353.7261047363281,-1,-1,-1,-1
137,4,101.542724609375,452.1195068359375,445.87982177734375,413.3670654296875,-1,-1,-1,-1
138,4,82.63246154785156,498.22479248046875,390.61285400390625,424.66436767578125,-1,-1,-1,-1
139,4,91.34637451171875,504.303466796875,344.47540283203125,409.50439453125,-1,-1,-1,-1
140,4,191.0966796875,510.01092529296875,257.8301086425781,375.11199951171875,-1,-1,-1,-1
141,4,326.4998779296875,532.760009765625,200.35595703125,384.90899658203125,-1,-1,-1,-1
142,4,404.8317565917969,549.6904296875,194.37796020507812,388.8663330078125,-1,-1,-1,-1
143,4,410.211669921875,553.836181640625,198.74334716796875,408.81353759765625,-1,-1,-1,-1
144,4,348.41400146484375,566.3551025390625,217.7025146484375,406.9014892578125,-1,-1,-1,-1
145,4,207.86929321289062,587.0413818359375,216.98910522460938,435.6910400390625,-1,-1,-1,-1
146,4,22.71621322631836,634.7993774414062,207.16128540039062,331.625732421875,-1,-1,-1,-1
147,4,474.17254638671875,565.8411254882812,210.51788330078125,343.1673583984375,-1,-1,-1,-1
35,5,30.115781784057617,456.6007995605469,32.49935722351074,64.96267700195312,-1,-1,-1,-1
36,5,114.21219635009766,415.7544860839844,75.07386016845703,86.61724853515625,-1,-1,-1,-1
37,6,1153.330322265625,442.1226501464844,208.994384765625,279.3758239746094,-1,-1,-1,-1
38,6,993.5337524414062,478.77874755859375,201.16619873046875,241.77130126953125,-1,-1,-1,-1
39,6,930.3403930664062,489.0161437988281,165.12286376953125,243.26522827148438,-1,-1,-1,-1
40,6,892.4717407226562,486.1837463378906,149.83001708984375,232.35177612304688,-1,-1,-1,-1
41,6,893.0258178710938,482.159912109375,125.39251708984375,226.454833984375,-1,-1,-1,-1
42,6,878.2453002929688,495.4424133300781,123.70281982421875,201.05874633789062,-1,-1,-1,-1
43,6,850.5936279296875,487.6755676269531,135.69024658203125,233.92654418945312,-1,-1,-1,-1
44,6,839.1741333007812,533.3180541992188,142.46807861328125,201.08612060546875,-1,-1,-1,-1
45,6,848.44091796875,539.6973876953125,133.0443115234375,209.230224609375,-1,-1,-1,-1
46,6,840.9065551757812,551.470703125,143.26434326171875,195.6785888671875,-1,-1,-1,-1
47,7,832.0834350585938,564.2537841796875,74.41448974609375,186.95111083984375,-1,-1,-1,-1
48,7,816.9522094726562,558.8370361328125,76.984375,181.34906005859375,-1,-1,-1,-1
49,7,790.8048095703125,560.4058227539062,88.4969482421875,183.16595458984375,-1,-1,-1,-1
50,7,773.72607421875,576.0435791015625,90.6346435546875,167.93829345703125,-1,-1,-1,-1
51,7,757.1080932617188,579.3358154296875,104.246826171875,165.76513671875,-1,-1,-1,-1
52,7,755.7593383789062,593.8931884765625,86.67181396484375,127.9078369140625,-1,-1,-1,-1
53,7,762.1607666015625,600.1167602539062,89.0098876953125,129.03704833984375,-1,-1,-1,-1
54,7,753.4747924804688,602.3900146484375,103.00811767578125,134.3104248046875,-1,-1,-1,-1
55,7,738.0414428710938,585.9793701171875,114.72216796875,138.63861083984375,-1,-1,-1,-1
56,7,717.2041015625,568.290771484375,119.01904296875,147.614501953125,-1,-1,-1,-1
57,7,701.349853515625,585.5443725585938,109.718994140625,139.64556884765625,-1,-1,-1,-1
58,7,702.0648803710938,609.5709228515625,112.0599365234375,126.765380859375,-1,-1,-1,-1
59,7,702.7088623046875,615.7529907226562,107.5145263671875,130.4176025390625,-1,-1,-1,-1
60,7,699.759033203125,604.0445556640625,108.9063720703125,139.86602783203125,-1,-1,-1,-1
61,7,697.61083984375,588.2684936523438,106.67236328125,151.02313232421875,-1,-1,-1,-1
62,7,691.2138061523438,591.1174926757812,99.7322998046875,159.97802734375,-1,-1,-1,-1
63,7,673.0316162109375,591.4927978515625,89.3497314453125,159.1116943359375,-1,-1,-1,-1
64,7,659.3367919921875,590.3651733398438,68.4462890625,158.548583984375,-1,-1,-1,-1
65,7,653.5478515625,594.6864624023438,66.10052490234375,153.25067138671875,-1,-1,-1,-1
66,7,646.8742065429688,604.8814086914062,78.0186767578125,150.1976318359375,-1,-1,-1,-1
67,7,635.4649658203125,604.9700317382812,109.68072509765625,159.60870361328125,-1,-1,-1,-1
68,7,637.1529541015625,573.9097290039062,117.1595458984375,171.47821044921875,-1,-1,-1,-1
69,7,612.3877563476562,562.48291015625,115.09747314453125,181.2713623046875,-1,-1,-1,-1
70,7,581.968505859375,564.9507446289062,99.19921875,179.1986083984375,-1,-1,-1,-1
71,7,540.9319458007812,567.2078857421875,112.11114501953125,188.0440673828125,-1,-1,-1,-1
72,7,488.7823791503906,557.8428344726562,142.89852905273438,196.81158447265625,-1,-1,-1,-1
73,7,453.3896789550781,530.799560546875,166.95053100585938,218.910888671875,-1,-1,-1,-1
74,7,414.1370544433594,503.6446533203125,174.95645141601562,241.91571044921875,-1,-1,-1,-1
75,7,389.5205078125,491.7519226074219,172.0458984375,270.3993225097656,-1,-1,-1,-1
76,7,361.1051025390625,501.4237060546875,176.282470703125,294.8668212890625,-1,-1,-1,-1
77,7,336.92529296875,529.9720458984375,176.11581420898438,319.55859375,-1,-1,-1,-1
78,7,300.01641845703125,532.3743286132812,166.71221923828125,321.520263671875,-1,-1,-1,-1
79,7,229.56796264648438,533.6553955078125,209.2822265625,310.58642578125,-1,-1,-1,-1
80,7,179.1735076904297,555.3213500976562,252.01539611816406,325.2156982421875,-1,-1,-1,-1
81,7,148.7388916015625,571.407470703125,251.15048217773438,370.587646484375,-1,-1,-1,-1
82,7,95.19641876220703,613.6738891601562,236.29586791992188,403.0721435546875,-1,-1,-1,-1
83,7,23.404144287109375,640.849365234375,203.47230529785156,403.447265625,-1,-1,-1,-1
84,7,-60.8141975402832,640.1416015625,202.60076904296875,427.592529296875,-1,-1,-1,-1
85,7,-100.10987854003906,637.239990234375,221.92819213867188,461.5731201171875,-1,-1,-1,-1
86,7,-97.47084045410156,632.2030639648438,198.94424438476562,474.04559326171875,-1,-1,-1,-1
87,7,-98.52647399902344,612.5394897460938,200.32846069335938,488.56402587890625,-1,-1,-1,-1
88,7,-91.67554473876953,575.4016723632812,186.43936157226562,536.7482299804688,-1,-1,-1,-1
89,7,-99.48259735107422,599.4237670898438,201.98910522460938,486.61553955078125,-1,-1,-1,-1
90,7,-99.81243896484375,514.0211181640625,234.95550537109375,569.990478515625,-1,-1,-1,-1
92,7,-133.80979919433594,444.4870910644531,271.076171875,573.37548828125,-1,-1,-1,-1
94,7,-92.72958374023438,488.6214599609375,208.29278564453125,469.3414306640625,-1,-1,-1,-1
95,7,18.119915008544922,556.334228515625,130.4923095703125,350.423583984375,-1,-1,-1,-1
96,7,113.61582946777344,559.7099609375,150.3135223388672,319.39251708984375,-1,-1,-1,-1
97,7,199.91488647460938,599.2324829101562,133.66555786132812,280.52783203125,-1,-1,-1,-1
98,7,172.96844482421875,607.4036254882812,138.2890625,268.90460205078125,-1,-1,-1,-1
99,7,106.17759704589844,613.3408813476562,156.38539123535156,264.66754150390625,-1,-1,-1,-1
100,7,70.82086181640625,588.3342895507812,180.49021911621094,251.50616455078125,-1,-1,-1,-1
101,7,62.151527404785156,604.3649291992188,205.79571533203125,246.4178466796875,-1,-1,-1,-1
102,7,52.07181167602539,618.3494262695312,203.1573486328125,244.4420166015625,-1,-1,-1,-1
103,7,68.68624877929688,596.4859619140625,188.642578125,246.8157958984375,-1,-1,-1,-1
104,7,129.4764404296875,540.9963989257812,179.35546875,237.4500732421875,-1,-1,-1,-1
105,7,220.93978881835938,501.6383056640625,173.0494384765625,230.4569091796875,-1,-1,-1,-1
106,7,284.49688720703125,492.402587890625,173.35992431640625,228.75177001953125,-1,-1,-1,-1
107,7,312.92218017578125,487.8001708984375,174.4375,230.46826171875,-1,-1,-1,-1
108,7,328.21331787109375,487.4824523925781,167.47344970703125,238.68515014648438,-1,-1,-1,-1
109,7,353.21282958984375,515.3948364257812,165.19146728515625,225.88983154296875,-1,-1,-1,-1
110,7,400.1219787597656,513.228271484375,144.13497924804688,210.33270263671875,-1,-1,-1,-1
111,7,454.69989013671875,519.1530151367188,121.16815185546875,193.169921875,-1,-1,-1,-1
112,7,483.23248291015625,529.709716796875,136.853271484375,191.4095458984375,-1,-1,-1,-1
113,7,506.5837097167969,544.2827758789062,141.95394897460938,195.84881591796875,-1,-1,-1,-1
114,7,507.56109619140625,514.2398681640625,134.4456787109375,210.23175048828125,-1,-1,-1,-1
115,7,512.7964477539062,491.80816650390625,133.7618408203125,226.76824951171875,-1,-1,-1,-1
116,7,536.6634521484375,479.7568054199219,124.51324462890625,235.29147338867188,-1,-1,-1,-1
117,7,579.9736938476562,494.21722412109375,111.25506591796875,237.3089599609375,-1,-1,-1,-1
118,7,595.0684204101562,503.0189208984375,104.55267333984375,234.7412109375,-1,-1,-1,-1
119,7,590.6217651367188,504.51409912109375,117.4293212890625,237.27691650390625,-1,-1,-1,-1
120,7,558.4384155273438,500.40447998046875,150.19232177734375,245.27294921875,-1,-1,-1,-1
121,7,531.2439575195312,488.54241943359375,151.9556884765625,247.1810302734375,-1,-1,-1,-1
122,7,531.2367553710938,483.46942138671875,146.48626708984375,241.2503662109375,-1,-1,-1,-1
123,7,527.5853271484375,480.2952575683594,147.973388671875,239.08926391601562,-1,-1,-1,-1
124,7,523.5572509765625,505.340576171875,144.0252685546875,237.93731689453125,-1,-1,-1,-1
125,7,509.99774169921875,540.7357788085938,161.08392333984375,221.55078125,-1,-1,-1,-1
126,7,515.7141723632812,533.703125,172.5809326171875,238.75146484375,-1,-1,-1,-1
127,7,522.5025024414062,559.7971801757812,188.3428955078125,249.23870849609375,-1,-1,-1,-1
128,7,519.1004638671875,570.2330322265625,209.62799072265625,264.19586181640625,-1,-1,-1,-1
129,7,511.059326171875,583.7548828125,231.27325439453125,275.13916015625,-1,-1,-1,-1
130,7,514.2462768554688,597.2085571289062,217.40179443359375,282.68243408203125,-1,-1,-1,-1
131,7,540.833251953125,611.1465454101562,185.7646484375,298.80950927734375,-1,-1,-1,-1
132,7,533.6150512695312,603.8469848632812,161.94415283203125,294.4549560546875,-1,-1,-1,-1
133,7,479.9764404296875,583.6326904296875,159.53857421875,289.60455322265625,-1,-1,-1,-1
134,7,335.71490478515625,599.8870239257812,195.83892822265625,291.41888427734375,-1,-1,-1,-1
64,8,838.1376953125,564.9044189453125,75.3297119140625,197.79779052734375,-1,-1,-1,-1
65,8,844.4874877929688,560.3846435546875,69.54302978515625,196.21728515625,-1,-1,-1,-1
66,8,854.4554443359375,565.9513549804688,68.15716552734375,195.3785400390625,-1,-1,-1,-1
67,8,869.7626953125,555.6434936523438,75.811767578125,208.0986328125,-1,-1,-1,-1
68,8,898.6681518554688,519.9830932617188,68.4117431640625,209.18743896484375,-1,-1,-1,-1
69,8,890.0721435546875,495.1907958984375,67.44189453125,213.33612060546875,-1,-1,-1,-1
70,8,864.1527099609375,483.4446105957031,67.59130859375,215.24234008789062,-1,-1,-1,-1
71,8,847.4472045898438,493.0533752441406,74.50677490234375,213.33425903320312,-1,-1,-1,-1
72,8,825.6329956054688,496.693115234375,73.81610107421875,208.9327392578125,-1,-1,-1,-1
73,8,815.5086669921875,493.85321044921875,69.94873046875,203.82220458984375,-1,-1,-1,-1
74,8,801.318115234375,467.8619384765625,68.8995361328125,210.72265625,-1,-1,-1,-1
75,8,790.95068359375,455.7003479003906,69.0902099609375,207.84298706054688,-1,-1,-1,-1
76,8,768.221435546875,443.636962890625,72.8780517578125,212.47784423828125,-1,-1,-1,-1
77,8,757.1649780273438,460.0552673339844,73.64019775390625,206.46304321289062,-1,-1,-1,-1
78,8,750.6904907226562,454.9176330566406,71.2969970703125,210.65060424804688,-1,-1,-1,-1
79,8,752.5299682617188,441.8740539550781,71.24688720703125,219.45010375976562,-1,-1,-1,-1
80,8,756.4093627929688,449.8558044433594,70.18304443359375,216.92709350585938,-1,-1,-1,-1
81,8,754.6763916015625,459.4731140136719,70.3936767578125,219.75564575195312,-1,-1,-1,-1
82,8,740.662353515625,470.4864196777344,76.69317626953125,219.70993041992188,-1,-1,-1,-1
83,8,717.2716674804688,479.9726867675781,77.8424072265625,212.79769897460938,-1,-1,-1,-1
84,8,692.4775390625,466.8363037109375,83.5228271484375,214.49517822265625,-1,-1,-1,-1
85,8,695.5620727539062,435.45684814453125,93.413330078125,241.98394775390625,-1,-1,-1,-1
86,8,732.6434326171875,450.9161376953125,79.76336669921875,231.5687255859375,-1,-1,-1,-1
87,8,761.4918212890625,433.9800720214844,81.62109375,243.45242309570312,-1,-1,-1,-1
88,8,810.7677612304688,474.900634765625,70.33343505859375,246.54949951171875,-1,-1,-1,-1
89,8,829.1635131835938,498.1820373535156,67.64080810546875,242.27828979492188,-1,-1,-1,-1
90,8,814.0585327148438,487.1592102050781,68.86566162109375,254.28286743164062,-1,-1,-1,-1
91,8,792.6761474609375,475.8406066894531,72.94964599609375,259.5986022949219,-1,-1,-1,-1
92,8,784.6668090820312,470.2555847167969,72.96392822265625,265.6573791503906,-1,-1,-1,-1
93,8,842.7408447265625,453.1779479980469,92.5543212890625,272.4245300292969,-1,-1,-1,-1
94,8,974.47021484375,418.28564453125,114.70751953125,300.83331298828125,-1,-1,-1,-1
95,8,1099.6011962890625,386.14337158203125,124.35888671875,328.9013671875,-1,-1,-1,-1
96,8,1236.4779052734375,381.5624694824219,117.6453857421875,365.5259094238281,-1,-1,-1,-1
97,8,1325.8936767578125,395.0195007324219,96.622802734375,387.4877014160156,-1,-1,-1,-1
98,8,1316.6229248046875,414.21636962890625,131.4080810546875,396.90802001953125,-1,-1,-1,-1
99,8,1277.2265625,433.97979736328125,125.6640625,390.63580322265625,-1,-1,-1,-1
100,8,1247.8973388671875,467.31298828125,146.3360595703125,398.622314453125,-1,-1,-1,-1
101,8,1247.5860595703125,464.7618408203125,150.38818359375,413.70416259765625,-1,-1,-1,-1
102,8,1232.10595703125,458.8551025390625,150.3477783203125,426.496826171875,-1,-1,-1,-1
103,8,1228.6004638671875,445.8818359375,164.5340576171875,444.38604736328125,-1,-1,-1,-1
104,8,1267.799560546875,426.0520324707031,156.888916015625,471.5634460449219,-1,-1,-1,-1
105,8,1290.2799072265625,409.742919921875,214.9161376953125,543.5430908203125,-1,-1,-1,-1
134,9,1218.26708984375,203.1029510498047,182.6346435546875,394.54888916015625,-1,-1,-1,-1
135,9,1056.128662109375,159.4282989501953,165.0576171875,401.8858642578125,-1,-1,-1,-1
136,9,910.3353881835938,174.1761932373047,154.35894775390625,391.87908935546875,-1,-1,-1,-1
137,9,824.7827758789062,178.92477416992188,161.12908935546875,391.7444152832031,-1,-1,-1,-1
138,9,816.8029174804688,189.8921356201172,154.42498779296875,396.37445068359375,-1,-1,-1,-1
139,9,882.7557373046875,206.8867950439453,131.06793212890625,405.9903564453125,-1,-1,-1,-1
140,9,996.2474975585938,210.95025634765625,125.55902099609375,428.20758056640625,-1,-1,-1,-1
141,9,1155.2528076171875,233.4652099609375,136.7896728515625,463.2664794921875,-1,-1,-1,-1
142,9,1285.0574951171875,275.13958740234375,138.0072021484375,479.43572998046875,-1,-1,-1,-1
143,9,1308.677001953125,393.5516662597656,103.411865234375,399.3958435058594,-1,-1,-1,-1
144,9,1296.3035888671875,391.90509033203125,135.7833251953125,419.6246337890625,-1,-1,-1,-1
145,9,1202.2705078125,305.9664611816406,161.820556640625,518.967041015625,-1,-1,-1,-1
146,9,1031.1312255859375,356.072509765625,167.443115234375,501.810302734375,-1,-1,-1,-1
147,9,909.0723876953125,369.8069152832031,156.4114990234375,487.5450744628906,-1,-1,-1,-1
148,9,849.7551879882812,425.97344970703125,144.94476318359375,489.64263916015625,-1,-1,-1,-1
149,9,811.77392578125,423.5731201171875,144.17669677734375,506.052734375,-1,-1,-1,-1
150,9,786.5363159179688,457.5153503417969,147.2803955078125,521.567138671875,-1,-1,-1,-1
151,9,769.5186767578125,482.26385498046875,150.7509765625,547.5765991210938,-1,-1,-1,-1
152,9,764.8206176757812,490.35565185546875,167.5440673828125,577.3480834960938,-1,-1,-1,-1
153,9,772.8670654296875,507.0120849609375,193.25994873046875,613.7662353515625,-1,-1,-1,-1
154,9,768.631103515625,507.6255187988281,204.175048828125,652.7677001953125,-1,-1,-1,-1
155,9,765.9488525390625,517.4750366210938,222.5394287109375,685.2913208007812,-1,-1,-1,-1
156,9,768.3506469726562,514.41943359375,257.2388916015625,726.5257568359375,-1,-1,-1,-1
157,9,819.4994506835938,568.0350341796875,283.92242431640625,709.7044677734375,-1,-1,-1,-1
158,9,901.7181396484375,511.3624572753906,413.2686767578125,829.8035888671875,-1,-1,-1,-1
159,9,539.9385986328125,571.6214599609375,523.77490234375,801.0799560546875,-1,-1,-1,-1
135,10,142.97268676757812,632.0593872070312,243.4844970703125,314.076416015625,-1,-1,-1,-1
136,10,207.98281860351562,478.95159912109375,440.6600036621094,299.75189208984375,-1,-1,-1,-1
136,11,-4.479302406311035,681.4600830078125,245.35189819335938,340.94830322265625,-1,-1,-1,-1
137,11,-91.87057495117188,674.718017578125,238.95791625976562,233.93609619140625,-1,-1,-1,-1
138,11,-110.92118072509766,598.2801513671875,225.59036254882812,298.05303955078125,-1,-1,-1,-1
139,11,-121.83451843261719,568.8147583007812,274.166259765625,444.31292724609375,-1,-1,-1,-1
140,11,36.52337646484375,559.6060791015625,195.49514770507812,385.5640869140625,-1,-1,-1,-1
141,11,219.83493041992188,551.8016357421875,148.91427612304688,334.73406982421875,-1,-1,-1,-1
142,11,345.2928161621094,539.465576171875,144.02871704101562,322.4254150390625,-1,-1,-1,-1
143,11,378.169189453125,546.86083984375,162.46868896484375,325.6954345703125,-1,-1,-1,-1
144,11,348.9659729003906,567.8663940429688,191.10848999023438,301.54461669921875,-1,-1,-1,-1
145,11,212.26907348632812,589.40673828125,211.36660766601562,307.282470703125,-1,-1,-1,-1
146,11,111.02385711669922,639.8865356445312,118.16451263427734,215.45758056640625,-1,-1,-1,-1
147,11,538.2520751953125,576.869384765625,127.19287109375,182.4190673828125,-1,-1,-1,-1
146,13,9.466732025146484,622.24658203125,219.32130432128906,468.625732421875,-1,-1,-1,-1
147,13,421.902587890625,573.2755126953125,257.44464111328125,450.4697265625,-1,-1,-1,-1
147,14,-23.398372650146484,638.447509765625,143.49517822265625,264.22088623046875,-1,-1,-1,-1
148,14,-48.03013610839844,675.7509155273438,117.25978088378906,285.89752197265625,-1,-1,-1,-1
149,14,-49.2041015625,633.0556030273438,146.592529296875,303.7833251953125,-1,-1,-1,-1
152,14,-143.4383544921875,496.507568359375,289.9512939453125,601.04296875,-1,-1,-1,-1
153,14,-86.3753890991211,622.6953125,175.77645874023438,339.8533935546875,-1,-1,-1,-1
154,14,-67.17620849609375,671.6532592773438,137.40609741210938,295.482177734375,-1,-1,-1,-1
155,14,-75.22482299804688,656.3045654296875,153.48159790039062,333.04522705078125,-1,-1,-1,-1
156,14,-111.84709167480469,579.0736083984375,226.7185821533203,488.245849609375,-1,-1,-1,-1
157,14,-16.457151412963867,587.50341796875,171.74560546875,347.91485595703125,-1,-1,-1,-1
158,14,139.3367919921875,588.9050903320312,200.35470581054688,294.60906982421875,-1,-1,-1,-1
159,14,105.01805114746094,617.3538818359375,162.6752166748047,290.1942138671875,-1,-1,-1,-1
160,14,269.9630126953125,634.7047119140625,140.36956787109375,239.1427001953125,-1,-1,-1,-1
161,14,353.90283203125,609.6021728515625,169.3685302734375,260.594482421875,-1,-1,-1,-1
162,14,400.4372863769531,597.4603881835938,176.32315063476562,268.090576171875,-1,-1,-1,-1
163,14,436.3552551269531,586.5365600585938,171.42227172851562,274.331298828125,-1,-1,-1,-1
164,14,486.63262939453125,591.4932250976562,163.04498291015625,274.93817138671875,-1,-1,-1,-1
165,14,517.5820922851562,603.807373046875,155.58636474609375,272.82861328125,-1,-1,-1,-1
166,14,535.7965087890625,599.7296142578125,155.587158203125,273.79864501953125,-1,-1,-1,-1
167,14,548.45263671875,602.2748413085938,150.23590087890625,275.434326171875,-1,-1,-1,-1
168,14,555.888427734375,596.5892944335938,143.1534423828125,280.43646240234375,-1,-1,-1,-1
169,14,561.898193359375,588.558349609375,142.83447265625,312.91839599609375,-1,-1,-1,-1
170,14,565.8785400390625,575.8682250976562,149.376708984375,337.82061767578125,-1,-1,-1,-1
171,14,569.740234375,559.6487426757812,162.86029052734375,366.7056884765625,-1,-1,-1,-1
172,14,568.3414306640625,551.7928466796875,190.4044189453125,369.12835693359375,-1,-1,-1,-1
173,14,567.3641967773438,545.2970581054688,218.36639404296875,373.6629638671875,-1,-1,-1,-1
174,14,572.3701782226562,535.4880981445312,237.9993896484375,383.15869140625,-1,-1,-1,-1
175,14,577.2945556640625,506.4307556152344,251.16253662109375,405.0563049316406,-1,-1,-1,-1
176,14,586.645263671875,464.53302001953125,257.2034912109375,466.52001953125,-1,-1,-1,-1
177,14,606.2360229492188,426.9471740722656,260.3717041015625,524.9967041015625,-1,-1,-1,-1
178,14,642.92041015625,393.5511779785156,266.040283203125,569.110107421875,-1,-1,-1,-1
179,14,684.0882568359375,377.3205261230469,275.9508056640625,613.415283203125,-1,-1,-1,-1
180,14,729.1708984375,375.4339294433594,296.0833740234375,627.4534912109375,-1,-1,-1,-1
181,14,773.3865356445312,394.0905456542969,310.97589111328125,637.7449951171875,-1,-1,-1,-1
182,14,825.0311889648438,393.14801025390625,311.67864990234375,648.7238159179688,-1,-1,-1,-1
183,14,867.1724853515625,347.98297119140625,308.2109375,748.7861938476562,-1,-1,-1,-1
184,14,893.4388427734375,296.72625732421875,335.76220703125,866.0208129882812,-1,-1,-1,-1
185,14,945.7991943359375,261.90435791015625,387.42919921875,963.6569213867188,-1,-1,-1,-1
186,14,1025.7177734375,290.0154113769531,416.8671875,966.8426513671875,-1,-1,-1,-1
187,14,1088.5548095703125,276.4139404296875,507.6278076171875,1051.1041259765625,-1,-1,-1,-1
188,14,1134.187255859375,267.4207763671875,515.17138671875,930.971435546875,-1,-1,-1,-1
147,15,-104.0160140991211,621.8998413085938,225.49363708496094,512.4545288085938,-1,-1,-1,-1
148,15,-66.61454010009766,648.3907470703125,144.23861694335938,340.0260009765625,-1,-1,-1,-1
149,15,-48.61973571777344,621.9310302734375,153.93338012695312,329.51861572265625,-1,-1,-1,-1
159,16,366.7856750488281,593.9609375,206.18417358398438,259.47698974609375,-1,-1,-1,-1
160,16,517.0758666992188,616.8024291992188,198.34185791015625,253.636474609375,-1,-1,-1,-1
161,16,614.9120483398438,619.3785400390625,185.30303955078125,262.9688720703125,-1,-1,-1,-1
162,16,684.123291015625,621.1826782226562,175.3984375,255.04412841796875,-1,-1,-1,-1
163,16,729.8258666992188,628.9702758789062,182.4212646484375,260.369140625,-1,-1,-1,-1
164,16,775.4700317382812,647.1993408203125,178.55322265625,283.32464599609375,-1,-1,-1,-1
165,16,817.33056640625,669.6456909179688,149.422119140625,307.22454833984375,-1,-1,-1,-1
166,16,850.1148071289062,659.0985107421875,137.84722900390625,311.8226318359375,-1,-1,-1,-1
167,16,875.8629760742188,661.6466064453125,135.33929443359375,308.6094970703125,-1,-1,-1,-1
168,16,892.9559936523438,645.1641845703125,143.35040283203125,315.2698974609375,-1,-1,-1,-1
169,16,911.8756713867188,629.5487060546875,144.87445068359375,319.88671875,-1,-1,-1,-1
170,16,921.4617919921875,602.73779296875,151.5472412109375,335.9881591796875,-1,-1,-1,-1
171,16,929.4965209960938,579.3351440429688,161.35809326171875,345.8538818359375,-1,-1,-1,-1
172,16,930.3408203125,560.1063232421875,184.6185302734375,354.42706298828125,-1,-1,-1,-1
173,16,926.5482177734375,544.2509155273438,198.3931884765625,384.64141845703125,-1,-1,-1,-1
174,16,930.5324096679688,543.909423828125,207.29449462890625,416.898193359375,-1,-1,-1,-1
175,16,942.6637573242188,532.9046630859375,225.97772216796875,434.1260986328125,-1,-1,-1,-1
176,16,965.4055786132812,512.5216064453125,240.70648193359375,439.0927734375,-1,-1,-1,-1
177,16,996.9656982421875,514.154052734375,249.6339111328125,443.56298828125,-1,-1,-1,-1
178,16,1049.1068115234375,494.9842224121094,247.598388671875,452.7106018066406,-1,-1,-1,-1
179,16,1094.013916015625,483.48870849609375,251.64306640625,452.44879150390625,-1,-1,-1,-1
180,16,1137.684814453125,482.88336181640625,248.3675537109375,452.02923583984375,-1,-1,-1,-1
181,16,1167.500732421875,515.7734375,246.4527587890625,447.3446044921875,-1,-1,-1,-1
182,16,1190.669189453125,524.3853759765625,241.47119140625,441.17071533203125,-1,-1,-1,-1
183,16,1207.794677734375,499.1041259765625,237.874267578125,438.202880859375,-1,-1,-1,-1
184,16,1221.9754638671875,464.88043212890625,229.0052490234375,434.70416259765625,-1,-1,-1,-1
185,16,1263.439453125,362.8541259765625,246.9224853515625,513.9671630859375,-1,-1,-1,-1
186,16,1271.5889892578125,353.1127014160156,264.5721435546875,604.4178466796875,-1,-1,-1,-1
187,16,1208.384765625,372.926513671875,402.15625,654.0875244140625,-1,-1,-1,-1
188,16,1170.5892333984375,262.09783935546875,477.713134765625,842.8613891601562,-1,-1,-1,-1
193,16,1301.4686279296875,422.4429016113281,216.053466796875,433.9555969238281,-1,-1,-1,-1
192,17,95.4883041381836,750.3624267578125,57.643028259277344,70.22412109375,-1,-1,-1,-1
193,17,176.33963012695312,729.6787719726562,44.774078369140625,57.20379638671875,-1,-1,-1,-1
194,17,310.8048095703125,727.3421630859375,34.19952392578125,54.91131591796875,-1,-1,-1,-1
195,17,467.0415344238281,752.8622436523438,27.3197021484375,43.4495849609375,-1,-1,-1,-1
196,17,610.7861938476562,745.5662841796875,28.2354736328125,53.4339599609375,-1,-1,-1,-1
197,17,703.8638916015625,734.5020751953125,28.65167236328125,58.8677978515625,-1,-1,-1,-1
202,18,-173.6108856201172,246.63919067382812,469.38067626953125,690.6904296875,-1,-1,-1,-1
203,18,-70.04304504394531,267.0318603515625,433.186767578125,687.1697998046875,-1,-1,-1,-1
204,18,5.713743209838867,299.5281066894531,398.46343994140625,644.241455078125,-1,-1,-1,-1
205,18,83.54107666015625,302.86590576171875,379.2202453613281,623.1502685546875,-1,-1,-1,-1
206,18,205.63330078125,317.42645263671875,335.9930419921875,560.6058349609375,-1,-1,-1,-1
207,18,279.5682373046875,330.5763244628906,312.6737060546875,516.8262939453125,-1,-1,-1,-1
208,18,321.9478759765625,354.5712890625,287.8695068359375,505.4508056640625,-1,-1,-1,-1
209,18,344.126220703125,363.2705383300781,281.0146484375,482.9318542480469,-1,-1,-1,-1
210,18,362.3564758300781,347.7476501464844,297.7754211425781,447.4923400878906,-1,-1,-1,-1
211,18,369.45245361328125,329.3940734863281,302.75445556640625,441.6621398925781,-1,-1,-1,-1
212,18,344.16375732421875,347.5219421386719,342.3658447265625,408.0977478027344,-1,-1,-1,-1
213,18,373.544921875,394.1533203125,330.85858154296875,362.5589599609375,-1,-1,-1,-1
214,18,173.61563110351562,397.1764831542969,724.890380859375,668.929931640625,-1,-1,-1,-1
215,18,529.1022338867188,432.4775390625,271.25482177734375,373.73162841796875,-1,-1,-1,-1
216,18,588.7447509765625,444.95831298828125,240.421142578125,340.91412353515625,-1,-1,-1,-1
217,18,670.0120849609375,447.7087097167969,179.48114013671875,340.9557189941406,-1,-1,-1,-1
218,18,728.5723876953125,495.575439453125,160.889892578125,334.47735595703125,-1,-1,-1,-1
219,18,748.191650390625,450.72918701171875,154.02093505859375,341.36041259765625,-1,-1,-1,-1
220,18,772.2425537109375,408.7916564941406,157.4237060546875,338.2408142089844,-1,-1,-1,-1
221,18,750.4074096679688,408.6671447753906,162.7362060546875,330.0745544433594,-1,-1,-1,-1
222,18,717.6829223632812,448.078857421875,161.4716796875,311.01507568359375,-1,-1,-1,-1
223,18,686.7302856445312,504.24652099609375,152.07574462890625,277.5877685546875,-1,-1,-1,-1
224,18,667.093017578125,517.1493530273438,144.62774658203125,271.12933349609375,-1,-1,-1,-1
225,18,658.6106567382812,533.8291015625,142.96075439453125,265.737548828125,-1,-1,-1,-1
226,18,638.1141357421875,550.79638671875,142.17657470703125,265.865966796875,-1,-1,-1,-1
227,18,637.2139282226562,577.5800170898438,133.2904052734375,260.812255859375,-1,-1,-1,-1
228,18,635.8463134765625,601.2650146484375,124.15087890625,252.078857421875,-1,-1,-1,-1
229,18,635.8955688476562,636.7850952148438,116.50439453125,241.63421630859375,-1,-1,-1,-1
230,18,635.8795776367188,658.6661987304688,109.3408203125,231.777099609375,-1,-1,-1,-1
231,18,629.3327026367188,663.95263671875,101.25701904296875,222.06585693359375,-1,-1,-1,-1
232,18,620.0657348632812,665.754150390625,98.17498779296875,217.58416748046875,-1,-1,-1,-1
233,18,620.1202392578125,655.9263916015625,100.1781005859375,213.60150146484375,-1,-1,-1,-1
234,18,623.92529296875,655.4891967773438,106.453857421875,206.31842041015625,-1,-1,-1,-1
235,18,630.07373046875,651.5905151367188,100.1102294921875,199.13311767578125,-1,-1,-1,-1
236,18,626.5631103515625,638.0961303710938,108.5338134765625,194.4595947265625,-1,-1,-1,-1
237,18,633.3637084960938,634.1089477539062,98.50750732421875,189.64202880859375,-1,-1,-1,-1
238,18,622.0138549804688,639.0711059570312,114.22967529296875,191.33575439453125,-1,-1,-1,-1
239,18,614.546875,629.137451171875,132.63079833984375,189.89605712890625,-1,-1,-1,-1
240,18,631.869384765625,616.921630859375,133.64459228515625,193.5821533203125,-1,-1,-1,-1
241,18,629.2108764648438,616.47021484375,149.8973388671875,191.688232421875,-1,-1,-1,-1
242,18,635.01513671875,605.24365234375,160.64013671875,189.591064453125,-1,-1,-1,-1
243,18,632.5846557617188,601.9083251953125,169.0574951171875,187.9605712890625,-1,-1,-1,-1
244,18,633.3535766601562,591.6873779296875,173.94024658203125,183.18060302734375,-1,-1,-1,-1
245,18,637.3241577148438,587.4345703125,179.4747314453125,188.5845947265625,-1,-1,-1,-1
246,18,651.5164794921875,597.1785278320312,177.5205078125,189.84246826171875,-1,-1,-1,-1
247,18,644.7015991210938,595.1253662109375,183.05303955078125,196.97174072265625,-1,-1,-1,-1
248,18,623.7374877929688,588.9014892578125,182.69610595703125,204.4959716796875,-1,-1,-1,-1
249,18,604.3231811523438,590.7855224609375,183.4002685546875,202.48516845703125,-1,-1,-1,-1
250,18,601.6651611328125,587.1617431640625,185.018798828125,203.9654541015625,-1,-1,-1,-1
251,18,601.35205078125,585.8248901367188,188.7301025390625,203.9158935546875,-1,-1,-1,-1
252,18,611.0396118164062,569.532470703125,186.407958984375,210.58587646484375,-1,-1,-1,-1
253,18,616.643310546875,566.9427490234375,184.8336181640625,204.46600341796875,-1,-1,-1,-1
254,18,613.0516967773438,566.68701171875,180.763671875,204.46014404296875,-1,-1,-1,-1
255,18,605.7899780273438,560.802734375,180.5120849609375,204.44439697265625,-1,-1,-1,-1
256,18,604.6721801757812,549.8948364257812,179.349853515625,211.86810302734375,-1,-1,-1,-1
257,18,606.65087890625,560.8427734375,174.922607421875,206.7119140625,-1,-1,-1,-1
258,18,594.9823608398438,564.762939453125,163.005859375,211.70440673828125,-1,-1,-1,-1
259,18,585.7139892578125,567.5243530273438,148.4576416015625,209.8992919921875,-1,-1,-1,-1
260,18,572.4605712890625,544.4447631835938,142.5733642578125,231.419677734375,-1,-1,-1,-1
261,18,579.099365234375,538.5750732421875,131.69964599609375,232.0623779296875,-1,-1,-1,-1
262,18,612.1130981445312,530.176025390625,129.03399658203125,237.05047607421875,-1,-1,-1,-1
263,18,655.1239624023438,534.3446655273438,140.2347412109375,239.54156494140625,-1,-1,-1,-1
264,18,697.07177734375,535.4419555664062,140.95892333984375,236.70001220703125,-1,-1,-1,-1
265,18,716.173583984375,547.446533203125,150.4647216796875,227.73858642578125,-1,-1,-1,-1
266,18,748.2742919921875,531.87109375,142.7225341796875,254.2589111328125,-1,-1,-1,-1
267,18,775.8091430664062,544.254638671875,121.79156494140625,253.82177734375,-1,-1,-1,-1
268,18,790.785400390625,542.702880859375,107.02593994140625,260.2177734375,-1,-1,-1,-1
269,18,807.861572265625,527.9081420898438,89.066650390625,264.5679931640625,-1,-1,-1,-1
270,18,804.7554931640625,516.223876953125,87.26177978515625,268.14617919921875,-1,-1,-1,-1
271,18,797.90380859375,503.7051696777344,106.452392578125,270.8885803222656,-1,-1,-1,-1
272,18,784.0862426757812,488.879150390625,124.419189453125,270.7427978515625,-1,-1,-1,-1
273,18,777.3471069335938,476.720703125,131.35797119140625,271.6700439453125,-1,-1,-1,-1
274,18,784.9013061523438,476.3914489746094,132.196533203125,278.9537658691406,-1,-1,-1,-1
275,18,784.7245483398438,476.1580505371094,140.06634521484375,284.5639343261719,-1,-1,-1,-1
276,18,780.4280395507812,465.2364807128906,150.898681640625,292.1957702636719,-1,-1,-1,-1
277,18,767.5721435546875,456.1113586425781,159.1083984375,295.0841369628906,-1,-1,-1,-1
278,18,753.5435791015625,463.3402099609375,161.166748046875,289.806396484375,-1,-1,-1,-1
279,18,736.1134033203125,465.9521179199219,157.4375,289.2822570800781,-1,-1,-1,-1
280,18,717.49365234375,444.65924072265625,151.9107666015625,288.62451171875,-1,-1,-1,-1
281,18,689.475341796875,440.8609924316406,152.50311279296875,295.8449401855469,-1,-1,-1,-1
282,18,669.6244506835938,440.8424072265625,153.4512939453125,299.43878173828125,-1,-1,-1,-1
283,18,657.982421875,449.6764221191406,155.13470458984375,297.1278381347656,-1,-1,-1,-1
284,18,650.6502685546875,459.612060546875,161.52667236328125,294.68414306640625,-1,-1,-1,-1
285,18,640.7791137695312,476.5323791503906,169.45751953125,298.1715393066406,-1,-1,-1,-1
286,18,630.0907592773438,490.2760009765625,177.61553955078125,308.5692138671875,-1,-1,-1,-1
287,18,624.8413696289062,488.1500549316406,189.7039794921875,318.4079284667969,-1,-1,-1,-1
288,18,636.5599975585938,463.51068115234375,204.443603515625,325.19012451171875,-1,-1,-1,-1
289,18,668.237060546875,428.60662841796875,208.24969482421875,335.01068115234375,-1,-1,-1,-1
290,18,706.92578125,415.12432861328125,207.713623046875,339.24298095703125,-1,-1,-1,-1
291,18,738.302978515625,409.72698974609375,214.63995361328125,348.616943359375,-1,-1,-1,-1
292,18,762.2817993164062,409.53948974609375,217.81121826171875,352.77081298828125,-1,-1,-1,-1
293,18,791.3672485351562,417.66912841796875,217.46484375,360.2652587890625,-1,-1,-1,-1
294,18,822.0330200195312,426.3963317871094,215.74139404296875,371.4471740722656,-1,-1,-1,-1
295,18,841.8731079101562,435.1595153808594,212.42706298828125,380.9664611816406,-1,-1,-1,-1
296,18,835.7902221679688,437.18988037109375,218.80780029296875,384.20196533203125,-1,-1,-1,-1
297,18,801.5889892578125,422.9974365234375,238.670654296875,385.2349853515625,-1,-1,-1,-1
298,18,767.7003784179688,433.242919921875,223.9473876953125,366.7681884765625,-1,-1,-1,-1
299,18,745.9898681640625,439.844970703125,207.22161865234375,365.58343505859375,-1,-1,-1,-1
300,18,716.5429077148438,427.3183898925781,219.7794189453125,374.1982116699219,-1,-1,-1,-1
301,18,664.9088134765625,410.7560729980469,244.60009765625,399.0082702636719,-1,-1,-1,-1
302,18,643.6661987304688,395.9129943847656,258.4417724609375,409.8595886230469,-1,-1,-1,-1
303,18,637.1370849609375,403.7406311035156,251.99957275390625,416.6200256347656,-1,-1,-1,-1
304,18,622.145263671875,363.6892395019531,240.8201904296875,446.1228942871094,-1,-1,-1,-1
305,18,620.8177490234375,309.55303955078125,223.8040771484375,480.16754150390625,-1,-1,-1,-1
306,18,619.6903076171875,304.8594665527344,221.783203125,500.7561950683594,-1,-1,-1,-1
307,18,616.5905151367188,267.4610595703125,242.48321533203125,533.0482177734375,-1,-1,-1,-1
308,18,591.460693359375,231.79730224609375,260.093505859375,564.1571044921875,-1,-1,-1,-1
309,18,574.1747436523438,232.59434509277344,268.847412109375,586.9608764648438,-1,-1,-1,-1
310,18,550.767333984375,272.6994323730469,287.45623779296875,587.112548828125,-1,-1,-1,-1
311,18,540.1834716796875,332.7925720214844,293.687255859375,569.705810546875,-1,-1,-1,-1
312,18,522.0108032226562,362.7978820800781,284.4501953125,554.4725341796875,-1,-1,-1,-1
313,18,495.9497375488281,390.0388488769531,274.8985290527344,535.414794921875,-1,-1,-1,-1
314,18,434.7373046875,418.292724609375,274.409423828125,532.5081176757812,-1,-1,-1,-1
315,18,359.5202941894531,395.9610290527344,290.7142639160156,553.531494140625,-1,-1,-1,-1
316,18,283.8873596191406,377.5505065917969,316.4551696777344,573.1373291015625,-1,-1,-1,-1
317,18,245.07945251464844,357.4781799316406,343.2667236328125,583.3363037109375,-1,-1,-1,-1
318,18,236.41510009765625,346.8749694824219,367.56121826171875,587.225341796875,-1,-1,-1,-1
319,18,220.57244873046875,356.58099365234375,368.35638427734375,594.2481689453125,-1,-1,-1,-1
320,18,237.74668884277344,350.4291687011719,352.12701416015625,600.3291015625,-1,-1,-1,-1
321,18,287.7354736328125,323.7704772949219,344.43914794921875,599.739013671875,-1,-1,-1,-1
322,18,335.4782409667969,325.9385681152344,348.9024353027344,594.1337890625,-1,-1,-1,-1
323,18,391.31719970703125,316.8008728027344,333.0604248046875,598.753173828125,-1,-1,-1,-1
324,18,418.04302978515625,274.9817810058594,334.4173583984375,625.5037841796875,-1,-1,-1,-1
325,18,438.92877197265625,249.5237579345703,338.06072998046875,658.7052612304688,-1,-1,-1,-1
326,18,459.3486328125,252.80804443359375,345.44390869140625,673.4197387695312,-1,-1,-1,-1
327,18,504.0885314941406,234.823974609375,352.0937194824219,670.8734741210938,-1,-1,-1,-1
328,18,584.7800903320312,219.5890350341797,343.33367919921875,672.2244262695312,-1,-1,-1,-1
329,18,669.0489501953125,215.9827117919922,323.53765869140625,672.853759765625,-1,-1,-1,-1
330,18,688.1593017578125,232.9879608154297,345.2615966796875,669.908203125,-1,-1,-1,-1
331,18,707.9906005859375,237.64556884765625,354.9639892578125,673.8071899414062,-1,-1,-1,-1
332,18,740.822021484375,248.57192993164062,338.0643310546875,675.2454833984375,-1,-1,-1,-1
333,18,753.3966064453125,269.0618896484375,315.3009033203125,687.1405029296875,-1,-1,-1,-1
334,18,739.8270874023438,293.0421447753906,288.03985595703125,698.3348388671875,-1,-1,-1,-1
335,18,724.3963623046875,319.3409729003906,281.363037109375,659.1102294921875,-1,-1,-1,-1
336,18,725.3751831054688,353.5228271484375,288.2071533203125,631.3487548828125,-1,-1,-1,-1
337,18,722.0260009765625,364.79193115234375,307.6610107421875,619.7422485351562,-1,-1,-1,-1
338,18,699.1499633789062,373.6958312988281,334.20977783203125,616.4071044921875,-1,-1,-1,-1
339,18,659.14794921875,364.7340393066406,371.38525390625,637.5714111328125,-1,-1,-1,-1
340,18,629.5298461914062,364.1422424316406,400.30474853515625,665.1046142578125,-1,-1,-1,-1
341,18,600.6677856445312,330.3435363769531,412.9012451171875,685.0859375,-1,-1,-1,-1
342,18,588.9727172851562,299.3591003417969,414.286376953125,715.313232421875,-1,-1,-1,-1
343,18,557.9942016601562,210.64654541015625,433.31695556640625,766.6576538085938,-1,-1,-1,-1
344,18,477.2261047363281,154.9730224609375,449.5338439941406,807.7310180664062,-1,-1,-1,-1
345,18,346.1044921875,98.94328308105469,501.4952392578125,856.6029052734375,-1,-1,-1,-1
346,18,172.6842803955078,103.5510482788086,574.9549560546875,880.2379150390625,-1,-1,-1,-1
347,18,-5.251239776611328,105.99942779541016,622.9713745117188,918.2671508789062,-1,-1,-1,-1
348,18,-89.46415710449219,209.35458374023438,548.8560180664062,933.0106201171875,-1,-1,-1,-1
349,18,-240.00572204589844,385.72662353515625,599.5084838867188,1052.81005859375,-1,-1,-1,-1
350,18,-256.7515869140625,384.5791015625,533.35205078125,1060.4085693359375,-1,-1,-1,-1
205,19,-3.9790849685668945,417.0888977050781,91.09889221191406,192.37124633789062,-1,-1,-1,-1
206,19,5.19660758972168,398.8420715332031,163.87850952148438,220.04385375976562,-1,-1,-1,-1
207,19,49.301597595214844,408.08160400390625,189.91537475585938,224.0382080078125,-1,-1,-1,-1
208,19,90.22044372558594,430.2521057128906,180.67506408691406,214.08407592773438,-1,-1,-1,-1
209,19,123.56804656982422,438.3561706542969,172.33273315429688,210.60549926757812,-1,-1,-1,-1
210,19,160.62979125976562,428.7505187988281,167.0687255859375,187.76150512695312,-1,-1,-1,-1
211,19,191.58016967773438,414.7291259765625,151.84820556640625,182.00408935546875,-1,-1,-1,-1
212,19,208.71568298339844,421.2404479980469,150.3067169189453,175.66275024414062,-1,-1,-1,-1
213,19,268.90460205078125,458.5980529785156,140.05499267578125,162.67233276367188,-1,-1,-1,-1
214,19,271.0737609863281,481.0113830566406,224.49542236328125,235.43362426757812,-1,-1,-1,-1
215,19,398.48663330078125,486.6801452636719,117.2347412109375,177.38388061523438,-1,-1,-1,-1
216,19,497.615478515625,480.3556823730469,101.86614990234375,175.27615356445312,-1,-1,-1,-1
217,19,589.2450561523438,500.641845703125,90.09857177734375,148.53350830078125,-1,-1,-1,-1
218,19,654.693359375,547.1416015625,83.0205078125,143.8477783203125,-1,-1,-1,-1
219,19,684.3504638671875,494.3282165527344,80.21392822265625,152.59194946289062,-1,-1,-1,-1
220,19,709.9724731445312,453.0506286621094,82.10235595703125,153.95480346679688,-1,-1,-1,-1
221,19,692.48876953125,452.42645263671875,84.20684814453125,163.01922607421875,-1,-1,-1,-1
222,19,682.1275634765625,483.3879089355469,79.1268310546875,162.25601196289062,-1,-1,-1,-1
223,19,668.85498046875,530.991455078125,69.15020751953125,146.03253173828125,-1,-1,-1,-1
224,19,656.3175659179688,543.145751953125,66.6978759765625,151.05291748046875,-1,-1,-1,-1
225,19,652.8765869140625,562.03564453125,64.82501220703125,142.8048095703125,-1,-1,-1,-1
226,19,632.2926025390625,578.4927368164062,61.30999755859375,146.67071533203125,-1,-1,-1,-1
227,19,629.71240234375,610.7581176757812,56.47076416015625,142.39141845703125,-1,-1,-1,-1
228,19,628.8377685546875,637.0311889648438,45.22967529296875,93.2978515625,-1,-1,-1,-1
229,19,633.3642578125,674.07958984375,50.3399658203125,102.9320068359375,-1,-1,-1,-1
230,19,639.1680297851562,694.4509887695312,66.24090576171875,149.04534912109375,-1,-1,-1,-1
231,19,633.4196166992188,678.2373657226562,89.32763671875,194.23968505859375,-1,-1,-1,-1
206,20,-60.61884307861328,429.0376892089844,124.26625061035156,241.71310424804688,-1,-1,-1,-1
207,20,4.202908039093018,455.05194091796875,132.87289428710938,246.61859130859375,-1,-1,-1,-1
208,20,34.33131790161133,467.4376220703125,146.97622680664062,236.8231201171875,-1,-1,-1,-1
209,20,65.7821273803711,465.9407653808594,153.3590087890625,237.57864379882812,-1,-1,-1,-1
210,20,103.3226318359375,447.9615173339844,156.92465209960938,230.58053588867188,-1,-1,-1,-1
211,20,125.05654907226562,425.4454345703125,157.78012084960938,234.62646484375,-1,-1,-1,-1
212,20,146.81715393066406,439.8081970214844,156.2480926513672,221.44589233398438,-1,-1,-1,-1
213,20,205.81988525390625,475.8035888671875,149.30706787109375,209.6002197265625,-1,-1,-1,-1
214,20,187.4749298095703,504.53509521484375,291.18243408203125,321.49139404296875,-1,-1,-1,-1
215,20,328.6111755371094,474.7263488769531,338.2662048339844,288.0155944824219,-1,-1,-1,-1
216,20,499.6047668457031,487.35565185546875,99.92208862304688,153.533203125,-1,-1,-1,-1
212,21,421.59710693359375,836.2232055664062,747.6369018554688,572.7970581054688,-1,-1,-1,-1
213,21,369.89044189453125,689.5863647460938,700.1265258789062,720.6358032226562,-1,-1,-1,-1
214,21,5.105907440185547,553.4569091796875,1011.9962768554688,855.5264892578125,-1,-1,-1,-1
215,21,7.884693145751953,500.71392822265625,867.9259643554688,915.7788696289062,-1,-1,-1,-1
216,21,4.478790283203125,212.0152587890625,754.769775390625,1197.3892822265625,-1,-1,-1,-1
217,21,-3.2339115142822266,39.51791763305664,700.7978515625,1378.138427734375,-1,-1,-1,-1
218,21,-0.055713653564453125,81.32025909423828,712.9092407226562,1334.299560546875,-1,-1,-1,-1
219,21,-23.166858673095703,173.2305908203125,603.0199584960938,1242.828369140625,-1,-1,-1,-1
220,21,-39.36559295654297,156.37860107421875,671.6471557617188,1269.449951171875,-1,-1,-1,-1
221,21,-13.116031646728516,185.33274841308594,709.5509033203125,1237.645263671875,-1,-1,-1,-1
222,21,-101.61434936523438,166.30552673339844,775.7432861328125,1260.508544921875,-1,-1,-1,-1
223,21,-91.53250885009766,177.1930694580078,683.0917358398438,1249.1319580078125,-1,-1,-1,-1
224,21,-78.79066467285156,197.66082763671875,705.8427734375,1225.847412109375,-1,-1,-1,-1
225,21,-6.269020080566406,164.17051696777344,662.6576538085938,1248.5697021484375,-1,-1,-1,-1
226,21,-29.87665557861328,234.76666259765625,668.2965698242188,1189.5908203125,-1,-1,-1,-1
227,21,-5.576631546020508,252.98980712890625,656.49658203125,1165.638916015625,-1,-1,-1,-1
228,21,-2.3475341796875,290.9942626953125,654.3196411132812,1125.5225830078125,-1,-1,-1,-1
229,21,-74.55953979492188,451.0186767578125,761.2049560546875,969.2938232421875,-1,-1,-1,-1
230,21,-20.808528900146484,574.3505859375,712.6527099609375,845.335205078125,-1,-1,-1,-1
231,21,-10.975210189819336,723.7137451171875,684.5559692382812,688.81591796875,-1,-1,-1,-1
232,21,13.553945541381836,968.3680419921875,666.9968872070312,441.5540771484375,-1,-1,-1,-1
233,21,96.98345947265625,969.4173583984375,662.4886474609375,460.6336669921875,-1,-1,-1,-1
217,22,536.3477172851562,506.0583801269531,101.40093994140625,182.69577026367188,-1,-1,-1,-1
218,22,603.6972045898438,553.3060302734375,90.78875732421875,176.21630859375,-1,-1,-1,-1
219,22,632.0731201171875,495.08209228515625,88.02374267578125,183.6136474609375,-1,-1,-1,-1
220,22,659.0053100585938,465.5699462890625,87.512451171875,174.72930908203125,-1,-1,-1,-1
221,22,645.3221435546875,472.80645751953125,89.613037109375,167.14593505859375,-1,-1,-1,-1
222,22,631.0645141601562,502.7032165527344,91.9864501953125,166.51327514648438,-1,-1,-1,-1
223,22,616.47314453125,543.9017333984375,89.81756591796875,161.69366455078125,-1,-1,-1,-1
224,22,602.6227416992188,556.1537475585938,86.93853759765625,161.2530517578125,-1,-1,-1,-1
225,22,595.0523071289062,573.2884521484375,84.70111083984375,156.45599365234375,-1,-1,-1,-1
226,22,574.6016845703125,586.6066284179688,91.5552978515625,162.6890869140625,-1,-1,-1,-1
227,22,573.224853515625,615.61572265625,89.46575927734375,163.57464599609375,-1,-1,-1,-1
228,22,570.7344360351562,636.3159790039062,84.12530517578125,164.29815673828125,-1,-1,-1,-1
229,22,570.883056640625,670.8763427734375,83.7965087890625,165.65997314453125,-1,-1,-1,-1
230,22,570.83740234375,688.0595092773438,85.16796875,169.16473388671875,-1,-1,-1,-1
231,22,565.4832153320312,692.7677001953125,86.51690673828125,167.42987060546875,-1,-1,-1,-1
232,22,557.6686401367188,694.6026611328125,90.988037109375,167.50054931640625,-1,-1,-1,-1
233,22,557.9282836914062,684.57568359375,91.82208251953125,169.18157958984375,-1,-1,-1,-1
234,22,561.53173828125,680.72998046875,95.257080078125,167.91107177734375,-1,-1,-1,-1
235,22,566.138671875,676.391357421875,100.92242431640625,170.6669921875,-1,-1,-1,-1
236,22,560.716552734375,663.1427001953125,111.20159912109375,172.92034912109375,-1,-1,-1,-1
237,22,554.6348876953125,657.2985229492188,128.510009765625,176.7093505859375,-1,-1,-1,-1
238,22,538.5750732421875,663.9692993164062,147.08416748046875,171.59228515625,-1,-1,-1,-1
239,22,532.581787109375,654.1959838867188,165.3914794921875,172.624267578125,-1,-1,-1,-1
240,22,532.422119140625,644.19873046875,169.51336669921875,177.5775146484375,-1,-1,-1,-1
241,22,541.0070190429688,645.9357299804688,164.8790283203125,179.34710693359375,-1,-1,-1,-1
242,22,560.250732421875,637.326416015625,143.00531005859375,176.43450927734375,-1,-1,-1,-1
243,22,564.9560546875,631.258056640625,130.37835693359375,174.7337646484375,-1,-1,-1,-1
244,22,557.4839477539062,624.68359375,109.853759765625,168.2196044921875,-1,-1,-1,-1
245,22,559.9081420898438,621.5910034179688,92.03436279296875,171.62799072265625,-1,-1,-1,-1
246,22,568.7725219726562,622.1533813476562,92.3037109375,184.0428466796875,-1,-1,-1,-1
247,22,554.4602661132812,621.7147216796875,101.07611083984375,197.1553955078125,-1,-1,-1,-1
248,22,521.869140625,611.787841796875,96.97296142578125,216.240966796875,-1,-1,-1,-1
249,22,497.65997314453125,608.2808837890625,81.98443603515625,219.5245361328125,-1,-1,-1,-1
250,22,484.8645935058594,612.9254760742188,87.99105834960938,211.90753173828125,-1,-1,-1,-1
251,22,459.2720947265625,608.9404907226562,109.98516845703125,209.29827880859375,-1,-1,-1,-1
252,22,444.38226318359375,602.269287109375,126.2432861328125,215.653076171875,-1,-1,-1,-1
253,22,441.1468505859375,599.5234375,124.73651123046875,224.3365478515625,-1,-1,-1,-1
254,22,429.4398193359375,603.717529296875,123.16961669921875,222.48828125,-1,-1,-1,-1
255,22,423.52435302734375,590.90234375,122.3759765625,232.00018310546875,-1,-1,-1,-1
256,22,418.78985595703125,585.4336547851562,120.62164306640625,233.94842529296875,-1,-1,-1,-1
257,22,411.7061462402344,586.9283447265625,124.96005249023438,239.88995361328125,-1,-1,-1,-1
258,22,380.26666259765625,593.1554565429688,130.27667236328125,247.67218017578125,-1,-1,-1,-1
259,22,341.23175048828125,586.7864990234375,140.18310546875,256.79010009765625,-1,-1,-1,-1
260,22,300.6940612792969,580.5457763671875,149.25210571289062,261.05303955078125,-1,-1,-1,-1
261,22,283.44866943359375,565.38427734375,144.64151000976562,267.212890625,-1,-1,-1,-1
262,22,308.91229248046875,552.3878173828125,137.9306640625,263.183837890625,-1,-1,-1,-1
263,22,354.4173889160156,553.9107666015625,140.9000244140625,257.191162109375,-1,-1,-1,-1
264,22,402.01153564453125,548.7306518554688,135.39483642578125,254.24530029296875,-1,-1,-1,-1
265,22,434.66680908203125,555.6195678710938,131.58319091796875,248.96514892578125,-1,-1,-1,-1
266,22,452.92706298828125,567.9837646484375,129.4998779296875,250.4241943359375,-1,-1,-1,-1
267,22,455.615966796875,580.792724609375,127.88140869140625,252.44598388671875,-1,-1,-1,-1
268,22,446.52783203125,587.4977416992188,132.09259033203125,252.72894287109375,-1,-1,-1,-1
269,22,439.41326904296875,571.3538208007812,132.6656494140625,262.87701416015625,-1,-1,-1,-1
270,22,429.28564453125,560.9758911132812,131.38580322265625,263.97747802734375,-1,-1,-1,-1
271,22,414.0899353027344,540.5250854492188,132.05184936523438,270.75677490234375,-1,-1,-1,-1
272,22,396.3663024902344,532.73779296875,139.55154418945312,275.81512451171875,-1,-1,-1,-1
273,22,382.56561279296875,517.9203491210938,142.26837158203125,285.77044677734375,-1,-1,-1,-1
274,22,385.3818664550781,514.7909545898438,141.59390258789062,287.40557861328125,-1,-1,-1,-1
275,22,382.2996520996094,505.6077880859375,142.44961547851562,292.40081787109375,-1,-1,-1,-1
276,22,368.9507751464844,487.1136169433594,142.36642456054688,298.4202575683594,-1,-1,-1,-1
277,22,355.5811462402344,476.06097412109375,141.59063720703125,302.96044921875,-1,-1,-1,-1
278,22,340.4428405761719,484.5982971191406,147.42440795898438,305.5121765136719,-1,-1,-1,-1
279,22,321.8544006347656,490.3412170410156,149.33078002929688,308.7178649902344,-1,-1,-1,-1
280,22,296.6388854980469,461.3792724609375,158.4547119140625,316.37896728515625,-1,-1,-1,-1
281,22,267.24462890625,458.2372131347656,162.55322265625,320.7566223144531,-1,-1,-1,-1
282,22,242.58584594726562,461.7582702636719,167.9368896484375,326.5161437988281,-1,-1,-1,-1
283,22,223.48016357421875,472.3641662597656,172.4620361328125,330.8611755371094,-1,-1,-1,-1
284,22,207.85777282714844,476.156005859375,176.0991973876953,337.12933349609375,-1,-1,-1,-1
285,22,185.365234375,489.57171630859375,177.08749389648438,343.18658447265625,-1,-1,-1,-1
286,22,159.64288330078125,504.1907043457031,181.54067993164062,351.8600158691406,-1,-1,-1,-1
287,22,150.92550659179688,501.6358642578125,183.8763427734375,356.80224609375,-1,-1,-1,-1
288,22,160.55491638183594,470.2470397949219,184.7071075439453,363.2145690917969,-1,-1,-1,-1
289,22,188.73814392089844,435.4248046875,182.58396911621094,365.8470458984375,-1,-1,-1,-1
290,22,219.2758331298828,428.0058898925781,183.46238708496094,364.1684265136719,-1,-1,-1,-1
291,22,252.14500427246094,420.1167297363281,174.6474151611328,367.2361755371094,-1,-1,-1,-1
292,22,271.4033203125,418.1123352050781,171.87722778320312,369.0256652832031,-1,-1,-1,-1
293,22,300.3101806640625,421.92010498046875,165.45993041992188,372.387451171875,-1,-1,-1,-1
294,22,328.0734558105469,422.3038635253906,160.7318115234375,375.7904357910156,-1,-1,-1,-1
295,22,339.6021728515625,415.78179931640625,162.68228149414062,376.2442626953125,-1,-1,-1,-1
296,22,326.6575012207031,394.90045166015625,164.2879638671875,389.20013427734375,-1,-1,-1,-1
297,22,284.2070617675781,392.952880859375,176.5146484375,406.2969970703125,-1,-1,-1,-1
298,22,240.06689453125,406.8276672363281,191.66961669921875,419.5244445800781,-1,-1,-1,-1
299,22,214.96656799316406,419.0624694824219,202.62449645996094,432.1258850097656,-1,-1,-1,-1
300,22,180.13475036621094,436.3607177734375,222.94017028808594,444.22662353515625,-1,-1,-1,-1
301,22,129.27606201171875,436.6015625,246.80386352539062,464.65643310546875,-1,-1,-1,-1
302,22,106.73892974853516,430.37371826171875,254.60549926757812,476.91943359375,-1,-1,-1,-1
303,22,100.61137390136719,437.9123840332031,261.20281982421875,494.5099182128906,-1,-1,-1,-1
304,22,77.05077362060547,424.7171936035156,272.1092834472656,510.1938171386719,-1,-1,-1,-1
305,22,74.77239227294922,370.8117980957031,268.90618896484375,533.971923828125,-1,-1,-1,-1
306,22,79.04090118408203,393.1935729980469,275.48736572265625,537.17626953125,-1,-1,-1,-1
307,22,81.21145629882812,386.2589416503906,288.1221008300781,537.6912841796875,-1,-1,-1,-1
308,22,66.141845703125,375.93145751953125,303.0932312011719,536.116455078125,-1,-1,-1,-1
309,22,57.33348846435547,367.7815856933594,308.05694580078125,538.8857421875,-1,-1,-1,-1
310,22,65.40017700195312,376.85235595703125,298.5372619628906,534.753173828125,-1,-1,-1,-1
311,22,79.19564819335938,400.09674072265625,285.7589111328125,530.6517944335938,-1,-1,-1,-1
312,22,62.96580505371094,413.86700439453125,286.2498779296875,534.3223876953125,-1,-1,-1,-1
313,22,40.418235778808594,435.5013427734375,292.4957275390625,532.4810791015625,-1,-1,-1,-1
314,22,-0.6852226257324219,465.8267822265625,284.1570739746094,477.594970703125,-1,-1,-1,-1
315,22,-86.76609802246094,464.31683349609375,300.73406982421875,450.262451171875,-1,-1,-1,-1
316,22,-138.21414184570312,493.04974365234375,305.8229064941406,461.47650146484375,-1,-1,-1,-1
317,22,-91.45868682861328,444.9706726074219,217.2794647216797,479.7198791503906,-1,-1,-1,-1
318,22,-1.8716626167297363,473.71063232421875,99.7933349609375,426.64959716796875,-1,-1,-1,-1
319,22,-38.1403923034668,513.3781127929688,127.84967041015625,401.54339599609375,-1,-1,-1,-1
320,22,1.6274895668029785,530.5629272460938,90.05226135253906,376.45489501953125,-1,-1,-1,-1
321,22,-6.192392826080322,483.7837829589844,142.62290954589844,402.9553527832031,-1,-1,-1,-1
322,22,-15.981582641601562,473.7773132324219,201.6334228515625,482.8196105957031,-1,-1,-1,-1
323,22,-0.8185873031616211,464.7509765625,228.2156219482422,468.4281005859375,-1,-1,-1,-1
324,22,0.7834882736206055,436.3292541503906,253.5949249267578,466.8894958496094,-1,-1,-1,-1
325,22,19.852527618408203,416.57073974609375,253.8780059814453,462.30767822265625,-1,-1,-1,-1
326,22,40.0175666809082,404.9793395996094,247.56764221191406,463.5852966308594,-1,-1,-1,-1
327,22,80.77503967285156,381.5212707519531,244.22056579589844,454.1288146972656,-1,-1,-1,-1
328,22,136.97561645507812,348.776123046875,236.08016967773438,453.7041015625,-1,-1,-1,-1
329,22,178.2044677734375,330.67529296875,227.78433227539062,455.33941650390625,-1,-1,-1,-1
330,22,182.20614624023438,331.66650390625,228.07852172851562,461.08251953125,-1,-1,-1,-1
331,22,158.3701934814453,345.617919921875,241.6046905517578,473.816162109375,-1,-1,-1,-1
332,22,123.0112533569336,354.34912109375,254.53082275390625,485.12255859375,-1,-1,-1,-1
333,22,79.36701965332031,360.8934020996094,270.649658203125,499.6575622558594,-1,-1,-1,-1
334,22,26.359220504760742,381.75848388671875,277.200927734375,421.3994140625,-1,-1,-1,-1
335,22,0.38523006439208984,385.5108947753906,267.9671936035156,417.5738830566406,-1,-1,-1,-1
336,22,-1.1998825073242188,392.85552978515625,252.76983642578125,423.82373046875,-1,-1,-1,-1
337,22,-2.2732200622558594,390.7802734375,243.16085815429688,428.3436279296875,-1,-1,-1,-1
338,22,-4.173192024230957,402.7119140625,220.1385955810547,430.9149169921875,-1,-1,-1,-1
339,22,-68.4461669921875,415.0760803222656,261.9901123046875,437.7926330566406,-1,-1,-1,-1
340,22,-141.7272186279297,432.70001220703125,335.46875,503.62420654296875,-1,-1,-1,-1
341,22,-76.18821716308594,467.6436462402344,227.01205444335938,456.9549865722656,-1,-1,-1,-1
342,22,-122.7645263671875,483.2373046875,271.32159423828125,462.33074951171875,-1,-1,-1,-1
343,22,-153.6304473876953,386.14324951171875,310.3685302734375,532.9703979492188,-1,-1,-1,-1
344,22,-201.4114990234375,229.67071533203125,405.846435546875,786.0520629882812,-1,-1,-1,-1
347,22,-226.48377990722656,69.2618179321289,456.14642333984375,945.5442504882812,-1,-1,-1,-1
348,22,-208.3614501953125,186.7595672607422,674.6434326171875,939.7533569335938,-1,-1,-1,-1
349,22,-268.8174133300781,312.18804931640625,633.17333984375,1031.505859375,-1,-1,-1,-1
350,22,-266.5227355957031,237.15419006347656,540.7179565429688,1147.7305908203125,-1,-1,-1,-1
352,22,-1.7329058647155762,422.6405029296875,174.812744140625,305.87957763671875,-1,-1,-1,-1
353,22,271.24755859375,580.0835571289062,118.66046142578125,205.95452880859375,-1,-1,-1,-1
354,22,406.9893493652344,663.0873413085938,164.24087524414062,178.14825439453125,-1,-1,-1,-1
234,23,675.3527221679688,665.8895263671875,66.74737548828125,133.0555419921875,-1,-1,-1,-1
235,23,688.4244384765625,660.836181640625,83.05517578125,132.97802734375,-1,-1,-1,-1
236,23,694.4996948242188,644.9934692382812,100.209228515625,129.33624267578125,-1,-1,-1,-1
237,23,709.15673828125,637.7841186523438,111.6700439453125,137.12213134765625,-1,-1,-1,-1
238,23,714.3919677734375,641.0648803710938,113.97186279296875,141.13287353515625,-1,-1,-1,-1
239,23,733.1248779296875,630.654296875,114.997802734375,142.658447265625,-1,-1,-1,-1
240,23,766.4366455078125,615.611328125,111.05426025390625,145.3555908203125,-1,-1,-1,-1
241,23,803.8646240234375,611.6482543945312,91.20904541015625,144.025634765625,-1,-1,-1,-1
242,23,835.4706420898438,598.9854736328125,77.94964599609375,146.55511474609375,-1,-1,-1,-1
243,23,853.26171875,597.2901611328125,73.97760009765625,140.8607177734375,-1,-1,-1,-1
244,23,868.2639770507812,581.1767578125,76.65032958984375,146.5550537109375,-1,-1,-1,-1
245,23,889.6137084960938,579.1865234375,80.805419921875,156.9202880859375,-1,-1,-1,-1
246,23,919.9591674804688,595.5223999023438,78.8128662109375,158.83123779296875,-1,-1,-1,-1
247,23,932.56787109375,592.3527221679688,87.06005859375,167.86505126953125,-1,-1,-1,-1
248,23,921.903076171875,588.4031372070312,104.3189697265625,171.65118408203125,-1,-1,-1,-1
249,23,915.5757446289062,571.3562622070312,101.78826904296875,187.502685546875,-1,-1,-1,-1
250,23,934.4492797851562,561.6486206054688,96.80255126953125,196.074951171875,-1,-1,-1,-1
251,23,964.2627563476562,554.4432983398438,85.10430908203125,204.881103515625,-1,-1,-1,-1
252,23,990.4005126953125,531.538818359375,92.1683349609375,221.71783447265625,-1,-1,-1,-1
253,23,1005.9511108398438,513.5496215820312,97.14654541015625,229.88531494140625,-1,-1,-1,-1
254,23,1001.9053955078125,506.7653503417969,115.926513671875,243.90219116210938,-1,-1,-1,-1
255,23,990.3521728515625,499.2413330078125,140.48291015625,263.82745361328125,-1,-1,-1,-1
256,23,988.9244384765625,493.046142578125,181.2230224609375,280.28094482421875,-1,-1,-1,-1
257,23,989.9278564453125,503.83392333984375,185.128173828125,284.639404296875,-1,-1,-1,-1
258,23,984.871337890625,515.1369018554688,165.603515625,275.7879638671875,-1,-1,-1,-1
259,23,958.6624755859375,510.1426696777344,169.9500732421875,286.3182678222656,-1,-1,-1,-1
260,23,933.5066528320312,501.6860656738281,157.51739501953125,314.1949157714844,-1,-1,-1,-1
261,23,922.714599609375,500.4273681640625,149.1048583984375,337.08563232421875,-1,-1,-1,-1
262,23,949.669189453125,508.42181396484375,154.3365478515625,360.63482666015625,-1,-1,-1,-1
263,23,1004.0692138671875,526.5946044921875,165.4320068359375,366.039794921875,-1,-1,-1,-1
264,23,1056.9090576171875,531.4295654296875,188.2841796875,377.37371826171875,-1,-1,-1,-1
265,23,1094.0928955078125,522.8984375,198.855224609375,422.83514404296875,-1,-1,-1,-1
266,23,1129.7177734375,515.8768920898438,199.2371826171875,465.08587646484375,-1,-1,-1,-1
267,23,1146.96044921875,513.384033203125,201.654296875,498.39788818359375,-1,-1,-1,-1
268,23,1149.321044921875,509.4444274902344,207.125732421875,521.5938720703125,-1,-1,-1,-1
269,23,1146.5396728515625,500.6468505859375,227.78271484375,520.5886840820312,-1,-1,-1,-1
270,23,1126.965576171875,495.34222412109375,260.0841064453125,518.9761962890625,-1,-1,-1,-1
271,23,1109.1728515625,482.72442626953125,261.6319580078125,520.0868530273438,-1,-1,-1,-1
272,23,1083.0986328125,449.77142333984375,272.0123291015625,523.5097045898438,-1,-1,-1,-1
273,23,1036.1185302734375,430.1440124511719,302.9366455078125,519.2913818359375,-1,-1,-1,-1
274,23,1009.5940551757812,445.09051513671875,328.84869384765625,533.7838134765625,-1,-1,-1,-1
275,23,999.094970703125,462.7091064453125,322.3829345703125,543.7342529296875,-1,-1,-1,-1
276,23,987.1610107421875,483.6529541015625,312.6151123046875,525.3731689453125,-1,-1,-1,-1
277,23,974.47900390625,492.2900085449219,308.3792724609375,514.2867431640625,-1,-1,-1,-1
278,23,968.7242431640625,498.0742492675781,303.7318115234375,515.4715576171875,-1,-1,-1,-1
279,23,955.09326171875,498.6292419433594,299.412353515625,534.390380859375,-1,-1,-1,-1
280,23,936.8535766601562,472.1232604980469,299.65142822265625,555.216552734375,-1,-1,-1,-1
281,23,915.9991455078125,457.11981201171875,308.1170654296875,558.8643188476562,-1,-1,-1,-1
282,23,903.5897216796875,442.3639221191406,314.511962890625,558.547607421875,-1,-1,-1,-1
283,23,896.9116821289062,437.8621826171875,317.31427001953125,560.0833740234375,-1,-1,-1,-1
284,23,906.3363647460938,441.68658447265625,304.77545166015625,558.4500122070312,-1,-1,-1,-1
285,23,915.888427734375,450.33135986328125,293.06982421875,557.3526611328125,-1,-1,-1,-1
286,23,932.9821166992188,469.1246337890625,272.37957763671875,561.3070068359375,-1,-1,-1,-1
287,23,964.4515991210938,475.569580078125,252.42791748046875,547.5125732421875,-1,-1,-1,-1
288,23,962.2897338867188,473.874267578125,291.59039306640625,534.1883544921875,-1,-1,-1,-1
289,23,969.595703125,468.5360107421875,333.7120361328125,517.772705078125,-1,-1,-1,-1
290,23,1002.2470092773438,472.36297607421875,357.29486083984375,508.32781982421875,-1,-1,-1,-1
291,23,1066.60888671875,491.15777587890625,331.85791015625,513.5513916015625,-1,-1,-1,-1
292,23,1092.9251708984375,496.4732360839844,318.8052978515625,527.4691162109375,-1,-1,-1,-1
293,23,1122.869873046875,511.26263427734375,289.620849609375,530.4657592773438,-1,-1,-1,-1
294,23,1169.731689453125,525.5126953125,236.354248046875,377.6641845703125,-1,-1,-1,-1
295,23,1222.9664306640625,494.91839599609375,184.172607421875,442.44195556640625,-1,-1,-1,-1
296,23,1257.2191162109375,489.2958679199219,160.01318359375,498.5685729980469,-1,-1,-1,-1
297,23,1256.503173828125,446.22235107421875,167.9034423828125,589.0377807617188,-1,-1,-1,-1
298,23,1265.6019287109375,416.2675476074219,148.1209716796875,659.656005859375,-1,-1,-1,-1
299,23,1293.3056640625,405.1964111328125,123.516357421875,735.352294921875,-1,-1,-1,-1
300,23,1288.6280517578125,344.1135559082031,238.6234130859375,781.8719482421875,-1,-1,-1,-1
301,23,1242.9134521484375,357.2178649902344,331.7891845703125,766.752685546875,-1,-1,-1,-1
302,23,1225.753173828125,331.91082763671875,360.78857421875,766.6649780273438,-1,-1,-1,-1
303,23,1233.259033203125,409.4120178222656,351.974609375,671.4954833984375,-1,-1,-1,-1
316,24,1106.4058837890625,373.00823974609375,351.5545654296875,516.1480712890625,-1,-1,-1,-1
317,24,1061.32763671875,339.98291015625,344.865966796875,684.9097290039062,-1,-1,-1,-1
318,24,1038.3543701171875,324.8827819824219,345.9852294921875,700.4873046875,-1,-1,-1,-1
319,24,1009.47412109375,315.43096923828125,327.1158447265625,670.0601806640625,-1,-1,-1,-1
320,24,1002.229248046875,317.5577697753906,317.771240234375,638.958984375,-1,-1,-1,-1
321,24,1003.0457763671875,309.35009765625,344.5052490234375,642.9390869140625,-1,-1,-1,-1
322,24,1022.560791015625,333.1919250488281,371.75390625,659.917724609375,-1,-1,-1,-1
323,24,1061.973876953125,354.78076171875,348.263916015625,670.8051147460938,-1,-1,-1,-1
324,24,1089.107421875,334.1218566894531,325.10498046875,682.5584716796875,-1,-1,-1,-1
325,24,1121.3270263671875,335.17669677734375,290.184814453125,501.30999755859375,-1,-1,-1,-1
326,24,1149.6689453125,351.2998962402344,264.789794921875,507.1064147949219,-1,-1,-1,-1
327,24,1199.8023681640625,263.2430114746094,239.7225341796875,601.0440673828125,-1,-1,-1,-1
328,24,1244.59765625,303.1590270996094,286.2109375,579.4075927734375,-1,-1,-1,-1
329,24,1274.0755615234375,311.6490478515625,264.2498779296875,585.6906127929688,-1,-1,-1,-1
330,24,1261.36083984375,303.126953125,295.950439453125,607.0904541015625,-1,-1,-1,-1
331,24,1269.519775390625,334.2862548828125,279.4998779296875,551.3807983398438,-1,-1,-1,-1
332,24,1270.03515625,296.6990966796875,208.6910400390625,556.8079833984375,-1,-1,-1,-1
333,24,1244.15185546875,393.38433837890625,186.0921630859375,435.2755126953125,-1,-1,-1,-1
334,24,1184.865478515625,483.77105712890625,229.7403564453125,342.133056640625,-1,-1,-1,-1
335,24,1139.36376953125,478.73577880859375,249.9288330078125,445.6517333984375,-1,-1,-1,-1
336,24,1097.999267578125,482.03759765625,258.81689453125,439.43609619140625,-1,-1,-1,-1
337,24,1035.6109619140625,469.56396484375,304.1641845703125,443.45159912109375,-1,-1,-1,-1
338,24,998.09814453125,453.3182678222656,314.16064453125,444.9172668457031,-1,-1,-1,-1
339,24,967.352783203125,437.5673828125,305.42724609375,410.81903076171875,-1,-1,-1,-1
340,24,942.7274780273438,428.9176025390625,270.92645263671875,347.53009033203125,-1,-1,-1,-1
341,24,925.4782104492188,382.9258117675781,213.17718505859375,353.2536926269531,-1,-1,-1,-1
342,24,911.1327514648438,377.15203857421875,186.15447998046875,352.1685791015625,-1,-1,-1,-1
343,24,879.2064208984375,297.42901611328125,187.3779296875,391.195068359375,-1,-1,-1,-1
344,24,765.7391967773438,270.65081787109375,200.37701416015625,356.99053955078125,-1,-1,-1,-1
345,24,669.2483520507812,254.1544189453125,176.77972412109375,348.59051513671875,-1,-1,-1,-1
346,24,571.021240234375,266.83087158203125,180.092529296875,329.22686767578125,-1,-1,-1,-1
347,24,429.0966491699219,281.8457336425781,209.25936889648438,316.7434997558594,-1,-1,-1,-1
348,24,273.4892883300781,298.21844482421875,247.57797241210938,320.74383544921875,-1,-1,-1,-1
349,24,156.78993225097656,287.993896484375,287.3211669921875,337.00738525390625,-1,-1,-1,-1
350,24,115.98135375976562,283.6544494628906,260.4512023925781,326.7064514160156,-1,-1,-1,-1
351,24,58.42515563964844,329.4612121582031,229.19163513183594,292.2973937988281,-1,-1,-1,-1
352,24,389.7040710449219,471.80322265625,132.47525024414062,211.01605224609375,-1,-1,-1,-1
353,24,621.8650512695312,647.5588989257812,73.2786865234375,155.26580810546875,-1,-1,-1,-1
357,26,135.10256958007812,288.0115051269531,205.10693359375,313.5305480957031,-1,-1,-1,-1
358,26,409.8162841796875,307.3177490234375,131.154541015625,286.48370361328125,-1,-1,-1,-1
359,26,514.0751342773438,302.97662353515625,95.34033203125,286.37005615234375,-1,-1,-1,-1
360,26,514.3235473632812,290.27752685546875,110.70745849609375,293.119140625,-1,-1,-1,-1
361,26,524.1614990234375,264.6918640136719,126.3350830078125,282.1459655761719,-1,-1,-1,-1
362,26,566.422607421875,300.07806396484375,113.015625,267.13385009765625,-1,-1,-1,-1
363,26,598.559326171875,334.3830871582031,124.029052734375,247.51205444335938,-1,-1,-1,-1
364,26,663.6412963867188,382.0723876953125,119.558349609375,229.69720458984375,-1,-1,-1,-1
365,26,710.696044921875,446.1502990722656,115.235595703125,220.36032104492188,-1,-1,-1,-1
366,26,765.9889526367188,443.71929931640625,101.59808349609375,221.05438232421875,-1,-1,-1,-1
367,26,812.1475219726562,439.94793701171875,82.0904541015625,220.07928466796875,-1,-1,-1,-1
368,26,833.5958862304688,443.6783447265625,82.6468505859375,220.37213134765625,-1,-1,-1,-1
369,26,842.6119384765625,457.5127868652344,82.3724365234375,216.56869506835938,-1,-1,-1,-1
370,26,840.329345703125,463.96978759765625,86.55010986328125,211.371826171875,-1,-1,-1,-1
371,26,815.8351440429688,474.7796630859375,101.9537353515625,202.3963623046875,-1,-1,-1,-1
372,26,790.4061279296875,467.1802978515625,111.37628173828125,196.7193603515625,-1,-1,-1,-1
373,26,791.5775146484375,501.5157775878906,106.3240966796875,188.06039428710938,-1,-1,-1,-1
374,26,798.13916015625,499.2854309082031,99.970458984375,183.73550415039062,-1,-1,-1,-1
375,26,805.0025634765625,503.92486572265625,93.347900390625,179.988525390625,-1,-1,-1,-1
376,26,806.9999389648438,534.1490478515625,87.67803955078125,171.6405029296875,-1,-1,-1,-1
377,26,796.9088745117188,554.1930541992188,87.92376708984375,176.243896484375,-1,-1,-1,-1
378,26,774.3605346679688,569.74267578125,87.6572265625,178.772216796875,-1,-1,-1,-1
379,26,744.9204711914062,585.01611328125,89.29071044921875,177.11724853515625,-1,-1,-1,-1
380,26,721.3076171875,596.5115356445312,102.1094970703125,177.4066162109375,-1,-1,-1,-1
381,26,715.2822875976562,602.9271850585938,108.76275634765625,168.28643798828125,-1,-1,-1,-1
382,26,719.8631591796875,604.4825439453125,106.6678466796875,160.60601806640625,-1,-1,-1,-1
383,26,726.4279174804688,608.8328247070312,109.51971435546875,163.5220947265625,-1,-1,-1,-1
384,26,743.4993896484375,623.4304809570312,112.50408935546875,160.17340087890625,-1,-1,-1,-1
385,26,782.5257568359375,633.8356323242188,111.78924560546875,166.70526123046875,-1,-1,-1,-1
386,26,807.6229858398438,646.5635986328125,113.91278076171875,167.8741455078125,-1,-1,-1,-1
387,26,817.7227783203125,649.669677734375,115.73480224609375,177.18060302734375,-1,-1,-1,-1
388,26,814.0679321289062,654.161865234375,113.9796142578125,184.59539794921875,-1,-1,-1,-1
389,26,800.415771484375,636.8478393554688,119.76904296875,187.658447265625,-1,-1,-1,-1
390,26,798.982421875,620.6806640625,119.9005126953125,194.33575439453125,-1,-1,-1,-1
391,26,797.4290771484375,621.2675170898438,122.6683349609375,199.03271484375,-1,-1,-1,-1
392,26,811.203369140625,598.6495971679688,122.40283203125,204.9339599609375,-1,-1,-1,-1
393,26,818.5806884765625,569.200927734375,121.25323486328125,212.99896240234375,-1,-1,-1,-1
394,26,823.8954467773438,538.2776489257812,125.740966796875,220.47833251953125,-1,-1,-1,-1
395,26,835.7412109375,516.9652099609375,127.1038818359375,224.65191650390625,-1,-1,-1,-1
396,26,848.5990600585938,504.43756103515625,134.28466796875,226.450927734375,-1,-1,-1,-1
397,26,858.068115234375,491.40045166015625,149.53607177734375,228.9888916015625,-1,-1,-1,-1
398,26,868.935546875,497.51666259765625,154.20220947265625,226.4344482421875,-1,-1,-1,-1
399,26,868.4301147460938,504.1539001464844,158.93499755859375,216.94729614257812,-1,-1,-1,-1
400,26,861.0839233398438,493.6251220703125,156.90338134765625,207.13140869140625,-1,-1,-1,-1
401,26,837.7319946289062,507.201416015625,160.94140625,198.8394775390625,-1,-1,-1,-1
402,26,825.35546875,540.4457397460938,159.6795654296875,188.2900390625,-1,-1,-1,-1
403,26,822.0181884765625,566.2559814453125,156.79193115234375,182.7869873046875,-1,-1,-1,-1
404,26,810.7633056640625,574.7989501953125,172.13043212890625,188.93359375,-1,-1,-1,-1
405,26,813.3203735351562,574.427001953125,174.1331787109375,190.9017333984375,-1,-1,-1,-1
406,26,811.5797729492188,543.720703125,177.19403076171875,217.56781005859375,-1,-1,-1,-1
407,26,806.01416015625,552.0416870117188,145.781005859375,203.862060546875,-1,-1,-1,-1
408,26,804.9073486328125,561.3058471679688,108.09326171875,177.70819091796875,-1,-1,-1,-1
409,26,789.01513671875,526.8444213867188,130.3203125,236.06866455078125,-1,-1,-1,-1
410,26,787.500244140625,531.125,130.02008056640625,271.98822021484375,-1,-1,-1,-1
358,27,411.5516662597656,1244.3546142578125,351.1084289550781,170.0645751953125,-1,-1,-1,-1
359,27,677.3279418945312,1304.2869873046875,236.12384033203125,151.73291015625,-1,-1,-1,-1
359,28,-103.47403717041016,391.9717712402344,239.57870483398438,334.4822082519531,-1,-1,-1,-1
360,28,-119.70577239990234,354.47662353515625,288.45599365234375,432.0816650390625,-1,-1,-1,-1
361,28,-62.35462951660156,350.376220703125,264.367431640625,408.0762939453125,-1,-1,-1,-1
362,28,36.656394958496094,408.17523193359375,229.4290771484375,363.17645263671875,-1,-1,-1,-1
363,28,110.3101806640625,433.4024963378906,218.45913696289062,329.5454406738281,-1,-1,-1,-1
364,28,208.5052490234375,461.2193603515625,205.74856567382812,304.94189453125,-1,-1,-1,-1
365,28,275.01654052734375,494.69000244140625,200.97421264648438,278.14617919921875,-1,-1,-1,-1
366,28,340.4217529296875,467.31121826171875,192.08447265625,263.861083984375,-1,-1,-1,-1
367,28,399.4017639160156,469.0599365234375,176.87722778320312,253.23577880859375,-1,-1,-1,-1
368,28,436.1031188964844,469.3429260253906,164.44534301757812,247.82467651367188,-1,-1,-1,-1
369,28,456.0849609375,479.352294921875,159.8427734375,250.08331298828125,-1,-1,-1,-1
370,28,465.0680847167969,484.07391357421875,157.52828979492188,238.61761474609375,-1,-1,-1,-1
371,28,464.25103759765625,475.0964660644531,157.63250732421875,240.49740600585938,-1,-1,-1,-1
372,28,452.6277770996094,458.8728942871094,163.20065307617188,240.48178100585938,-1,-1,-1,-1
373,28,449.2016296386719,489.31756591796875,171.67965698242188,225.81243896484375,-1,-1,-1,-1
374,28,459.9062194824219,482.4228820800781,169.20236206054688,226.30197143554688,-1,-1,-1,-1
375,28,469.4833679199219,493.1773681640625,160.94772338867188,225.3446044921875,-1,-1,-1,-1
376,28,483.2127685546875,526.02392578125,140.25970458984375,213.1875,-1,-1,-1,-1
377,28,473.6549987792969,552.7012939453125,128.83328247070312,209.01568603515625,-1,-1,-1,-1
378,28,452.3746643066406,570.8942260742188,104.62722778320312,211.59796142578125,-1,-1,-1,-1
379,28,426.7685241699219,583.1351318359375,90.71633911132812,211.79443359375,-1,-1,-1,-1
380,28,407.83782958984375,598.4517822265625,89.40115356445312,202.396728515625,-1,-1,-1,-1
381,28,403.106689453125,589.9306640625,90.04559326171875,214.242431640625,-1,-1,-1,-1
382,28,410.2744445800781,583.0894165039062,90.81576538085938,225.21490478515625,-1,-1,-1,-1
383,28,404.2096862792969,578.7454223632812,111.58340454101562,235.66253662109375,-1,-1,-1,-1
384,28,426.67327880859375,594.864990234375,119.16375732421875,240.21624755859375,-1,-1,-1,-1
362,29,-172.73153686523438,381.6902770996094,348.48968505859375,691.87353515625,-1,-1,-1,-1
363,29,-135.99351501464844,396.5267028808594,323.8119812011719,643.6614990234375,-1,-1,-1,-1
364,29,-5.279112815856934,442.5436096191406,242.78524780273438,567.8992919921875,-1,-1,-1,-1
365,29,-22.055776596069336,439.0765075683594,294.6704406738281,547.7509765625,-1,-1,-1,-1
366,29,-15.798107147216797,402.2583312988281,345.5732116699219,531.90185546875,-1,-1,-1,-1
367,29,74.49664306640625,414.9525146484375,312.51727294921875,511.42633056640625,-1,-1,-1,-1
368,29,194.7570037841797,431.9497985839844,227.47740173339844,487.0311584472656,-1,-1,-1,-1
369,29,269.4369812011719,454.00115966796875,175.63751220703125,457.1331787109375,-1,-1,-1,-1
370,29,291.0129699707031,458.04541015625,167.35552978515625,430.84454345703125,-1,-1,-1,-1
371,29,287.0814208984375,450.7051086425781,188.80682373046875,420.2582702636719,-1,-1,-1,-1
372,29,277.96368408203125,429.43353271484375,200.35150146484375,411.73638916015625,-1,-1,-1,-1
373,29,277.4667663574219,457.0665283203125,215.22659301757812,386.9375,-1,-1,-1,-1
374,29,289.64471435546875,464.67755126953125,215.65878295898438,368.07171630859375,-1,-1,-1,-1
375,29,316.15673828125,482.021484375,202.02032470703125,356.22686767578125,-1,-1,-1,-1
376,29,346.25634765625,515.15234375,175.8148193359375,330.12957763671875,-1,-1,-1,-1
377,29,362.06390380859375,541.3184204101562,158.68389892578125,315.63726806640625,-1,-1,-1,-1
378,29,346.97064208984375,565.3947143554688,157.6766357421875,308.86505126953125,-1,-1,-1,-1
379,29,327.4078063964844,566.8991088867188,157.04644775390625,317.84637451171875,-1,-1,-1,-1
380,29,326.2975158691406,565.1534423828125,160.75933837890625,316.83721923828125,-1,-1,-1,-1
381,29,342.8862609863281,572.4152221679688,148.6256103515625,301.11761474609375,-1,-1,-1,-1
382,29,356.54266357421875,562.7203979492188,144.98651123046875,305.7115478515625,-1,-1,-1,-1
383,29,379.13330078125,567.1290893554688,140.04241943359375,298.05401611328125,-1,-1,-1,-1
384,29,420.8066101074219,586.681640625,130.47805786132812,281.5419921875,-1,-1,-1,-1
385,29,463.2666320800781,604.2788696289062,129.15390014648438,270.061767578125,-1,-1,-1,-1
386,29,523.6561889648438,618.0076904296875,95.44482421875,258.9862060546875,-1,-1,-1,-1
387,29,543.1275024414062,622.1066284179688,100.0467529296875,248.56109619140625,-1,-1,-1,-1
388,29,538.4922485351562,618.5015869140625,110.218505859375,261.9654541015625,-1,-1,-1,-1
389,29,531.6535034179688,598.1218872070312,115.4288330078125,278.29150390625,-1,-1,-1,-1
390,29,536.540771484375,585.8832397460938,114.03094482421875,280.46051025390625,-1,-1,-1,-1
391,29,552.4192504882812,587.4281005859375,106.76971435546875,288.061767578125,-1,-1,-1,-1
392,29,572.5313110351562,569.0624389648438,105.54754638671875,288.7047119140625,-1,-1,-1,-1
393,29,587.0411987304688,537.1299438476562,105.74591064453125,294.6263427734375,-1,-1,-1,-1
394,29,597.9735717773438,503.1182556152344,109.62457275390625,298.2360534667969,-1,-1,-1,-1
395,29,609.6043701171875,484.31500244140625,118.243896484375,303.51226806640625,-1,-1,-1,-1
396,29,624.570068359375,482.0290832519531,128.4185791015625,292.3395690917969,-1,-1,-1,-1
397,29,646.4550170898438,470.9878234863281,138.45916748046875,296.5703430175781,-1,-1,-1,-1
398,29,661.2705688476562,482.39349365234375,150.02264404296875,288.93975830078125,-1,-1,-1,-1
399,29,661.9657592773438,482.74908447265625,165.40484619140625,291.205810546875,-1,-1,-1,-1
400,29,661.1517944335938,472.8548583984375,172.748291015625,297.05352783203125,-1,-1,-1,-1
401,29,656.9540405273438,470.2950439453125,173.726318359375,318.1866455078125,-1,-1,-1,-1
402,29,666.4301147460938,492.2273864746094,157.8614501953125,321.1355895996094,-1,-1,-1,-1
403,29,703.421142578125,557.0084838867188,120.86517333984375,269.41522216796875,-1,-1,-1,-1
404,29,740.0274047851562,546.8673095703125,118.36663818359375,296.99072265625,-1,-1,-1,-1
405,29,760.1783447265625,550.3391723632812,118.28973388671875,296.093505859375,-1,-1,-1,-1
406,29,780.7139892578125,534.008544921875,133.44091796875,300.629150390625,-1,-1,-1,-1
407,29,768.5010375976562,540.5916137695312,164.3619384765625,284.705078125,-1,-1,-1,-1
408,29,749.1569213867188,537.6019287109375,163.42437744140625,280.06109619140625,-1,-1,-1,-1
409,29,736.4400634765625,516.4556274414062,186.99859619140625,297.301513671875,-1,-1,-1,-1
410,29,778.2596435546875,529.2456665039062,144.8585205078125,284.0009765625,-1,-1,-1,-1
411,29,783.5526123046875,541.308837890625,145.663818359375,276.75946044921875,-1,-1,-1,-1
412,29,778.1890258789062,543.3706665039062,163.10955810546875,277.93402099609375,-1,-1,-1,-1
413,29,791.0424194335938,543.6170043945312,167.13983154296875,270.45843505859375,-1,-1,-1,-1
414,29,804.1043090820312,548.2803955078125,167.26336669921875,265.157958984375,-1,-1,-1,-1
415,29,785.22021484375,549.3631591796875,168.93011474609375,254.8707275390625,-1,-1,-1,-1
416,29,770.374755859375,541.1864013671875,158.93804931640625,241.7861328125,-1,-1,-1,-1
417,29,773.0840454101562,547.3067626953125,151.54876708984375,245.6461181640625,-1,-1,-1,-1
418,29,781.0757446289062,545.0938720703125,146.73504638671875,263.50225830078125,-1,-1,-1,-1
419,29,793.7940063476562,570.9428100585938,137.017578125,244.80035400390625,-1,-1,-1,-1
420,29,791.0546875,568.6591796875,137.05682373046875,241.82073974609375,-1,-1,-1,-1
421,29,775.0430908203125,582.9066162109375,151.6722412109375,235.11029052734375,-1,-1,-1,-1
422,29,772.9075927734375,597.317138671875,154.9718017578125,250.52923583984375,-1,-1,-1,-1
423,29,766.962646484375,574.7821655273438,141.79547119140625,256.832763671875,-1,-1,-1,-1
424,29,751.3480834960938,553.5770874023438,133.69708251953125,269.31488037109375,-1,-1,-1,-1
425,29,717.8007202148438,522.56640625,120.26348876953125,273.50006103515625,-1,-1,-1,-1
426,29,683.1268310546875,500.6397705078125,125.23773193359375,280.01416015625,-1,-1,-1,-1
427,29,648.6075439453125,495.315185546875,128.3916015625,282.07489013671875,-1,-1,-1,-1
428,29,592.2943725585938,497.59613037109375,131.30035400390625,291.81365966796875,-1,-1,-1,-1
429,29,524.4087524414062,495.4328918457031,134.525390625,324.4085998535156,-1,-1,-1,-1
430,29,465.9931335449219,469.8016052246094,146.97122192382812,355.9548034667969,-1,-1,-1,-1
431,29,394.79296875,447.7393798828125,165.20574951171875,374.3243408203125,-1,-1,-1,-1
432,29,320.90802001953125,449.7370910644531,184.5665283203125,377.1461486816406,-1,-1,-1,-1
433,29,247.89248657226562,450.03619384765625,204.97549438476562,377.30145263671875,-1,-1,-1,-1
434,29,222.08055114746094,454.51751708984375,220.1889190673828,374.03302001953125,-1,-1,-1,-1
435,29,249.23306274414062,462.6941833496094,225.38189697265625,359.6126403808594,-1,-1,-1,-1
436,29,303.2174377441406,444.7153625488281,228.64706420898438,374.5630187988281,-1,-1,-1,-1
437,29,349.77386474609375,421.8855285644531,226.80462646484375,399.9783630371094,-1,-1,-1,-1
438,29,333.8722839355469,381.11944580078125,199.16836547851562,429.14886474609375,-1,-1,-1,-1
439,29,254.6444091796875,372.3796691894531,203.78933715820312,447.8628234863281,-1,-1,-1,-1
440,29,84.20619201660156,344.18310546875,230.85826110839844,480.2261962890625,-1,-1,-1,-1
441,29,509.890625,482.26849365234375,248.07745361328125,468.18560791015625,-1,-1,-1,-1
386,30,485.9772033691406,618.6761474609375,102.86868286132812,228.4412841796875,-1,-1,-1,-1
387,30,492.7466735839844,622.457763671875,95.32888793945312,220.49212646484375,-1,-1,-1,-1
388,30,483.91009521484375,629.4432983398438,109.30853271484375,224.08941650390625,-1,-1,-1,-1
389,30,470.462890625,615.1576538085938,119.08734130859375,234.52642822265625,-1,-1,-1,-1
390,30,466.2682189941406,600.9838256835938,118.26412963867188,239.775146484375,-1,-1,-1,-1
391,30,467.0611877441406,604.3215942382812,114.90243530273438,240.7694091796875,-1,-1,-1,-1
392,30,475.6678161621094,582.679931640625,114.32498168945312,243.8416748046875,-1,-1,-1,-1
393,30,480.9364318847656,548.816162109375,112.39370727539062,249.44158935546875,-1,-1,-1,-1
394,30,487.1448669433594,513.1715698242188,108.28530883789062,251.81280517578125,-1,-1,-1,-1
395,30,495.7848205566406,494.7190246582031,109.91671752929688,255.32174682617188,-1,-1,-1,-1
396,30,511.6343994140625,481.4414367675781,110.05908203125,256.2316589355469,-1,-1,-1,-1
397,30,531.8323974609375,471.54248046875,111.516845703125,259.30279541015625,-1,-1,-1,-1
398,30,543.0613403320312,471.6833801269531,111.9295654296875,262.0477600097656,-1,-1,-1,-1
399,30,543.1268310546875,475.4509582519531,112.22613525390625,262.2525939941406,-1,-1,-1,-1
400,30,534.7982177734375,470.5218811035156,116.73760986328125,268.6070861816406,-1,-1,-1,-1
401,30,510.8961486816406,492.8468322753906,125.01083374023438,273.1852722167969,-1,-1,-1,-1
402,30,496.9016418457031,519.9495239257812,126.74331665039062,276.6405029296875,-1,-1,-1,-1
403,30,491.7211608886719,541.637451171875,124.90585327148438,280.78228759765625,-1,-1,-1,-1
404,30,495.2291259765625,559.5484619140625,129.89190673828125,283.53662109375,-1,-1,-1,-1
405,30,496.3390197753906,560.1015625,128.91537475585938,287.49835205078125,-1,-1,-1,-1
406,30,498.6720275878906,548.5138549804688,133.20156860351562,293.61163330078125,-1,-1,-1,-1
407,30,485.08343505859375,539.7091064453125,135.87518310546875,295.5389404296875,-1,-1,-1,-1
408,30,474.9150085449219,522.265380859375,136.26126098632812,305.53082275390625,-1,-1,-1,-1
409,30,469.3248291015625,505.6114807128906,131.527099609375,310.2300109863281,-1,-1,-1,-1
410,30,454.2943115234375,499.65167236328125,137.18475341796875,318.24029541015625,-1,-1,-1,-1
411,30,443.3261413574219,501.0999755859375,141.95498657226562,324.5965576171875,-1,-1,-1,-1
412,30,439.8663635253906,491.2669677734375,141.63455200195312,329.1865234375,-1,-1,-1,-1
413,30,451.7213439941406,485.07757568359375,141.73446655273438,334.948974609375,-1,-1,-1,-1
414,30,470.62774658203125,504.5735168457031,144.482421875,339.6573791503906,-1,-1,-1,-1
415,30,464.6506042480469,522.990478515625,148.42160034179688,350.3846435546875,-1,-1,-1,-1
416,30,448.93609619140625,519.7828369140625,152.7750244140625,354.9202880859375,-1,-1,-1,-1
417,30,447.29742431640625,531.0431518554688,153.44171142578125,359.84954833984375,-1,-1,-1,-1
418,30,453.61376953125,539.030029296875,152.42822265625,361.096923828125,-1,-1,-1,-1
419,30,466.7391357421875,545.19287109375,150.8436279296875,363.08502197265625,-1,-1,-1,-1
420,30,472.9044189453125,551.2564697265625,152.3048095703125,365.695068359375,-1,-1,-1,-1
421,30,464.795166015625,566.1509399414062,157.02398681640625,377.19610595703125,-1,-1,-1,-1
422,30,459.88043212890625,583.70556640625,162.673095703125,388.00177001953125,-1,-1,-1,-1
423,30,449.0047302246094,560.4673461914062,167.06826782226562,397.87823486328125,-1,-1,-1,-1
424,30,433.7629089355469,554.6295776367188,180.45767211914062,406.18914794921875,-1,-1,-1,-1
425,30,403.7669372558594,528.43701171875,193.10885620117188,421.29766845703125,-1,-1,-1,-1
426,30,372.3002624511719,514.9358520507812,205.42349243164062,430.58697509765625,-1,-1,-1,-1
427,30,344.892578125,518.2817993164062,214.15277099609375,435.9412841796875,-1,-1,-1,-1
428,30,289.9260559082031,530.9260864257812,232.85739135742188,438.99517822265625,-1,-1,-1,-1
429,30,229.22079467773438,542.7841796875,238.65060424804688,433.41357421875,-1,-1,-1,-1
430,30,180.34652709960938,518.14990234375,237.25216674804688,431.56597900390625,-1,-1,-1,-1
431,30,124.86360168457031,501.83624267578125,247.23573303222656,417.01446533203125,-1,-1,-1,-1
432,30,77.06742095947266,497.5642395019531,245.84811401367188,421.6175842285156,-1,-1,-1,-1
433,30,25.361507415771484,507.4233093261719,251.84268188476562,420.3316955566406,-1,-1,-1,-1
434,30,13.764026641845703,523.8726806640625,254.9230499267578,410.3916015625,-1,-1,-1,-1
435,30,41.30751037597656,527.5664672851562,257.406982421875,399.7568359375,-1,-1,-1,-1
436,30,102.66221618652344,510.2021789550781,243.23536682128906,378.4917907714844,-1,-1,-1,-1
437,30,159.0262908935547,487.51678466796875,224.8560028076172,368.85162353515625,-1,-1,-1,-1
438,30,143.71546936035156,446.20953369140625,222.3971405029297,370.99688720703125,-1,-1,-1,-1
439,30,66.07550811767578,430.12945556640625,222.84085083007812,380.96502685546875,-1,-1,-1,-1
440,30,-44.56172561645508,415.758056640625,197.02476501464844,401.992431640625,-1,-1,-1,-1
441,30,434.3975830078125,467.75970458984375,249.96832275390625,374.76324462890625,-1,-1,-1,-1
410,31,710.8515625,514.1254272460938,134.5799560546875,236.73388671875,-1,-1,-1,-1
411,31,685.6087036132812,517.6062622070312,147.77301025390625,229.74066162109375,-1,-1,-1,-1
412,31,681.486083984375,513.7210693359375,154.7664794921875,228.7786865234375,-1,-1,-1,-1
413,31,694.1980590820312,504.7616882324219,155.8258056640625,234.09780883789062,-1,-1,-1,-1
414,31,719.271240234375,519.8037109375,137.78546142578125,221.92254638671875,-1,-1,-1,-1
415,31,687.7592163085938,508.5546875,129.77581787109375,242.6868896484375,-1,-1,-1,-1
416,31,654.2379150390625,527.2505493164062,130.3026123046875,220.17864990234375,-1,-1,-1,-1
417,31,640.825927734375,540.3984375,128.978271484375,226.5440673828125,-1,-1,-1,-1
418,31,646.3010864257812,550.7573852539062,126.48919677734375,227.33819580078125,-1,-1,-1,-1
419,31,655.64404296875,559.2850952148438,129.9666748046875,227.03289794921875,-1,-1,-1,-1
420,31,662.0910034179688,563.2364501953125,124.682861328125,227.306640625,-1,-1,-1,-1
421,31,654.7853393554688,577.7557983398438,126.81658935546875,226.35968017578125,-1,-1,-1,-1
422,31,652.0471801757812,593.6217041015625,126.3724365234375,232.61920166015625,-1,-1,-1,-1
423,31,645.325439453125,570.2059326171875,123.21282958984375,241.38372802734375,-1,-1,-1,-1
424,31,629.5265502929688,557.2505493164062,132.7275390625,248.10888671875,-1,-1,-1,-1
425,31,601.7261352539062,533.8341674804688,136.4576416015625,252.94525146484375,-1,-1,-1,-1
426,31,575.2468872070312,520.4873046875,139.1044921875,259.270263671875,-1,-1,-1,-1
427,31,553.5799560546875,532.7994384765625,133.913330078125,246.99176025390625,-1,-1,-1,-1
428,31,509.65399169921875,548.1139526367188,121.08575439453125,241.67144775390625,-1,-1,-1,-1
429,31,454.9657287597656,555.95849609375,107.14816284179688,233.65264892578125,-1,-1,-1,-1
430,31,412.88470458984375,533.0287475585938,106.918212890625,235.81976318359375,-1,-1,-1,-1
431,31,369.57757568359375,504.7062072753906,104.9078369140625,241.81637573242188,-1,-1,-1,-1
432,31,327.47125244140625,506.08526611328125,117.93972778320312,240.86865234375,-1,-1,-1,-1
433,31,245.2628631591797,516.6019897460938,179.9529266357422,277.1510009765625,-1,-1,-1,-1
438,32,446.1966247558594,430.2738342285156,129.12734985351562,198.51358032226562,-1,-1,-1,-1
439,32,386.45074462890625,413.7349548339844,133.7060546875,216.82650756835938,-1,-1,-1,-1
440,32,227.596923828125,370.65167236328125,168.75030517578125,247.71807861328125,-1,-1,-1,-1
441,32,538.4464721679688,474.38897705078125,143.1090087890625,143.261474609375,-1,-1,-1,-1
440,33,-8.2714204788208,421.03179931640625,152.0352783203125,399.79412841796875,-1,-1,-1,-1
441,33,459.3657531738281,483.92694091796875,247.16421508789062,431.57080078125,-1,-1,-1,-1
449,34,-20.028812408447266,512.7627563476562,167.85678100585938,227.828369140625,-1,-1,-1,-1
450,34,213.7455596923828,530.5172119140625,160.2221221923828,201.18145751953125,-1,-1,-1,-1
451,34,372.2003479003906,531.675537109375,138.57537841796875,188.89801025390625,-1,-1,-1,-1
452,34,470.68841552734375,539.5946655273438,112.01666259765625,182.5343017578125,-1,-1,-1,-1
453,34,529.3428955078125,562.249267578125,99.6414794921875,179.34967041015625,-1,-1,-1,-1
454,34,577.6472778320312,587.9902954101562,89.19476318359375,172.359130859375,-1,-1,-1,-1
455,34,614.1053466796875,606.7622680664062,92.1715087890625,169.01800537109375,-1,-1,-1,-1
456,34,646.887451171875,586.7785034179688,93.37518310546875,169.06591796875,-1,-1,-1,-1
457,34,669.7230834960938,537.1950073242188,90.91815185546875,195.32940673828125,-1,-1,-1,-1
458,34,693.730712890625,523.3679809570312,113.748779296875,197.57208251953125,-1,-1,-1,-1
459,34,709.9367065429688,588.306884765625,132.15655517578125,271.217529296875,-1,-1,-1,-1
449,35,-62.72162628173828,699.3550415039062,128.59317016601562,327.78546142578125,-1,-1,-1,-1
450,35,67.62779998779297,497.1009826660156,223.793701171875,474.8619079589844,-1,-1,-1,-1
451,35,245.62255859375,478.0943603515625,190.72482299804688,471.32537841796875,-1,-1,-1,-1
452,35,346.0665283203125,479.91802978515625,171.201416015625,462.45733642578125,-1,-1,-1,-1
453,35,414.8076171875,500.90496826171875,163.41357421875,399.7701416015625,-1,-1,-1,-1
454,35,461.447509765625,525.3220825195312,168.6180419921875,446.2744140625,-1,-1,-1,-1
455,35,507.8052062988281,543.982421875,173.19448852539062,431.1534423828125,-1,-1,-1,-1
456,35,552.5322875976562,520.68603515625,170.67059326171875,418.995849609375,-1,-1,-1,-1
457,35,601.6719970703125,486.2050476074219,171.13134765625,408.7586975097656,-1,-1,-1,-1
458,35,648.8367919921875,451.7275085449219,166.043701171875,432.4192199707031,-1,-1,-1,-1
459,35,705.3406372070312,591.1228637695312,105.72943115234375,273.45849609375,-1,-1,-1,-1
460,35,623.9430541992188,483.6281433105469,98.03619384765625,208.45840454101562,-1,-1,-1,-1
461,35,642.0429077148438,475.0085144042969,94.7615966796875,207.86453247070312,-1,-1,-1,-1
462,35,673.91259765625,452.9293212890625,92.9599609375,205.40972900390625,-1,-1,-1,-1
463,35,704.7977294921875,508.9983825683594,92.317138671875,200.02322387695312,-1,-1,-1,-1
464,35,753.1635131835938,581.8704223632812,95.0303955078125,193.217529296875,-1,-1,-1,-1
465,35,779.4232177734375,552.7725830078125,93.9078369140625,197.46771240234375,-1,-1,-1,-1
466,35,794.2489624023438,495.63128662109375,95.53509521484375,200.5968017578125,-1,-1,-1,-1
467,35,807.1244506835938,464.6217346191406,95.764892578125,207.86288452148438,-1,-1,-1,-1
468,35,801.2200317382812,463.0428466796875,94.17236328125,206.97943115234375,-1,-1,-1,-1
469,35,776.9147338867188,489.8025207519531,95.1190185546875,200.82406616210938,-1,-1,-1,-1
470,35,738.8470458984375,527.522216796875,95.6690673828125,199.73162841796875,-1,-1,-1,-1
471,35,710.1506958007812,572.1317138671875,96.05712890625,196.40106201171875,-1,-1,-1,-1
472,35,690.1307373046875,575.0128784179688,93.88751220703125,196.65032958984375,-1,-1,-1,-1
473,35,670.2576293945312,548.57177734375,94.77789306640625,196.50140380859375,-1,-1,-1,-1
474,35,640.4473266601562,518.4019775390625,96.68304443359375,203.286376953125,-1,-1,-1,-1
475,35,601.2103271484375,511.68853759765625,102.14508056640625,204.53192138671875,-1,-1,-1,-1
476,35,561.8240966796875,504.150146484375,104.309814453125,203.5694580078125,-1,-1,-1,-1
477,35,526.2936401367188,496.522216796875,108.8450927734375,208.51092529296875,-1,-1,-1,-1
478,35,499.25537109375,502.60699462890625,110.7620849609375,211.86151123046875,-1,-1,-1,-1
479,35,469.291259765625,501.25482177734375,115.94207763671875,213.0726318359375,-1,-1,-1,-1
480,35,449.8860168457031,519.1536254882812,116.58023071289062,214.3531494140625,-1,-1,-1,-1
481,35,440.89764404296875,509.53851318359375,118.59783935546875,214.01519775390625,-1,-1,-1,-1
482,35,435.1187438964844,488.163330078125,121.65597534179688,218.6900634765625,-1,-1,-1,-1
483,35,424.0830383300781,488.84661865234375,135.04879760742188,218.68084716796875,-1,-1,-1,-1
484,35,404.03912353515625,504.7012634277344,142.96697998046875,225.29873657226562,-1,-1,-1,-1
485,35,374.29425048828125,513.3826293945312,144.59869384765625,228.5474853515625,-1,-1,-1,-1
486,35,343.5975341796875,525.5562744140625,142.69686889648438,225.7418212890625,-1,-1,-1,-1
487,35,314.6913146972656,525.8888549804688,132.87042236328125,231.50848388671875,-1,-1,-1,-1
488,35,286.3312683105469,521.1640625,122.44549560546875,235.763671875,-1,-1,-1,-1
489,35,254.78640747070312,507.746337890625,109.12335205078125,242.3538818359375,-1,-1,-1,-1
490,35,228.34573364257812,482.20751953125,128.10836791992188,260.02362060546875,-1,-1,-1,-1
491,35,184.2570343017578,525.018798828125,165.84642028808594,234.930908203125,-1,-1,-1,-1
450,36,1.828963279724121,542.6253662109375,144.12498474121094,315.1400146484375,-1,-1,-1,-1
451,36,150.21047973632812,530.0723876953125,153.11065673828125,283.83355712890625,-1,-1,-1,-1
452,36,251.99742126464844,534.208984375,130.48036193847656,264.38604736328125,-1,-1,-1,-1
453,36,319.3927307128906,555.77294921875,120.14932250976562,247.38726806640625,-1,-1,-1,-1
454,36,463.99334716796875,533.7288818359375,157.3504638671875,373.5498046875,-1,-1,-1,-1
451,37,346.1203918457031,1000.9935302734375,555.4595947265625,413.109619140625,-1,-1,-1,-1
452,37,316.11041259765625,845.5581665039062,590.0991821289062,565.9848022460938,-1,-1,-1,-1
453,37,308.5357666015625,698.03369140625,524.9739990234375,712.8717041015625,-1,-1,-1,-1
454,37,149.2587890625,644.3902587890625,583.0322875976562,765.620361328125,-1,-1,-1,-1
454,38,4.514919281005859,455.33624267578125,744.9226684570312,954.1366577148438,-1,-1,-1,-1
455,38,-1.0907821655273438,546.0701293945312,633.9790649414062,865.0968627929688,-1,-1,-1,-1
456,38,-74.87236022949219,356.295654296875,656.4722900390625,1059.752685546875,-1,-1,-1,-1
457,38,-3.701784133911133,366.9344482421875,642.6049194335938,1054.081787109375,-1,-1,-1,-1
458,38,4.7879638671875,382.3154602050781,685.461669921875,1053.958740234375,-1,-1,-1,-1
459,38,-5.368984222412109,235.16815185546875,694.118408203125,1184.301513671875,-1,-1,-1,-1
460,38,-2.952831268310547,374.75225830078125,719.7227172851562,1042.037109375,-1,-1,-1,-1
461,38,-3.250885009765625,206.2708282470703,631.07470703125,1208.930908203125,-1,-1,-1,-1
462,38,-26.668622970581055,174.80087280273438,626.8285522460938,1247.6458740234375,-1,-1,-1,-1
463,38,-10.349163055419922,139.3781280517578,582.6159057617188,1280.8779296875,-1,-1,-1,-1
464,38,-65.10133361816406,261.12823486328125,669.27880859375,1167.214111328125,-1,-1,-1,-1
465,38,-93.84172058105469,270.4177551269531,651.28857421875,1152.5963134765625,-1,-1,-1,-1
466,38,-15.836994171142578,254.87054443359375,595.0648803710938,1173.768798828125,-1,-1,-1,-1
467,38,-22.12144660949707,274.4610595703125,622.9552612304688,1151.3311767578125,-1,-1,-1,-1
468,38,-39.072532653808594,291.32965087890625,574.6814575195312,1134.81298828125,-1,-1,-1,-1
469,38,-226.36007690429688,367.57421875,745.9195556640625,1064.678955078125,-1,-1,-1,-1
470,38,-297.47735595703125,439.7261962890625,803.625244140625,998.03076171875,-1,-1,-1,-1
471,38,-256.0051574707031,463.394287109375,853.6568603515625,961.029052734375,-1,-1,-1,-1
472,38,-206.50515747070312,576.7387084960938,823.882568359375,845.7326049804688,-1,-1,-1,-1
455,39,416.0770263671875,589.41796875,108.3043212890625,230.081787109375,-1,-1,-1,-1
456,39,460.6312561035156,573.3399047851562,106.79452514648438,219.70916748046875,-1,-1,-1,-1
457,39,514.178466796875,542.5833129882812,98.818359375,212.8526611328125,-1,-1,-1,-1
458,39,561.5822143554688,511.39178466796875,97.3157958984375,210.46148681640625,-1,-1,-1,-1
459,39,707.706298828125,617.5072021484375,96.05963134765625,246.517822265625,-1,-1,-1,-1
460,40,711.5545043945312,418.2159118652344,172.53289794921875,453.9048156738281,-1,-1,-1,-1
461,40,734.169921875,416.572021484375,177.45166015625,442.4635009765625,-1,-1,-1,-1
462,40,771.9808959960938,388.572509765625,183.59820556640625,437.60711669921875,-1,-1,-1,-1
463,40,809.5026245117188,444.0440673828125,187.60772705078125,430.62579345703125,-1,-1,-1,-1
464,40,868.2346801757812,509.9734802246094,191.74346923828125,446.0605773925781,-1,-1,-1,-1
465,40,902.7069091796875,476.54522705078125,200.1934814453125,463.83001708984375,-1,-1,-1,-1
466,40,929.3171997070312,415.0110778808594,210.01202392578125,464.4353332519531,-1,-1,-1,-1
467,40,954.8923950195312,385.87469482421875,220.47100830078125,466.01202392578125,-1,-1,-1,-1
468,40,956.2501220703125,388.18695068359375,228.9498291015625,462.7161865234375,-1,-1,-1,-1
469,40,928.9274291992188,416.0166931152344,234.02032470703125,452.9540100097656,-1,-1,-1,-1
470,40,883.1806640625,452.8364562988281,240.970703125,442.4388732910156,-1,-1,-1,-1
471,40,834.796875,500.18121337890625,259.0794677734375,435.24859619140625,-1,-1,-1,-1
472,40,793.8743286132812,504.558349609375,275.30877685546875,435.17218017578125,-1,-1,-1,-1
473,40,762.1674194335938,477.6071472167969,280.10687255859375,433.5713195800781,-1,-1,-1,-1
474,40,730.2859497070312,451.49578857421875,279.53619384765625,430.44012451171875,-1,-1,-1,-1
475,40,697.6346435546875,451.60205078125,272.5625,421.744384765625,-1,-1,-1,-1
476,40,669.0342407226562,448.29779052734375,265.48773193359375,413.96173095703125,-1,-1,-1,-1
477,40,643.005859375,443.81329345703125,264.0892333984375,415.01580810546875,-1,-1,-1,-1
478,40,619.3095092773438,446.1573486328125,273.4559326171875,417.12841796875,-1,-1,-1,-1
479,40,589.0523071289062,430.8117980957031,289.4783935546875,427.4462585449219,-1,-1,-1,-1
480,40,564.6773071289062,439.24676513671875,301.87713623046875,438.24285888671875,-1,-1,-1,-1
481,40,550.4989013671875,421.4796142578125,306.1519775390625,449.6334228515625,-1,-1,-1,-1
482,40,538.4442749023438,395.51275634765625,304.0960693359375,459.09332275390625,-1,-1,-1,-1
483,40,521.6564331054688,391.1076965332031,291.435302734375,464.9541320800781,-1,-1,-1,-1
484,40,491.718994140625,403.00714111328125,284.43707275390625,474.77349853515625,-1,-1,-1,-1
485,40,453.0815124511719,406.68359375,277.3435974121094,483.49652099609375,-1,-1,-1,-1
486,40,414.10064697265625,411.5358581542969,287.32232666015625,488.4837341308594,-1,-1,-1,-1
487,40,376.4877014160156,410.35540771484375,295.8697204589844,494.43487548828125,-1,-1,-1,-1
488,40,335.4355163574219,407.2078552246094,303.8589172363281,499.3677673339844,-1,-1,-1,-1
489,40,286.2917175292969,395.9034423828125,309.5966491699219,510.77783203125,-1,-1,-1,-1
490,40,229.67393493652344,379.4440002441406,327.75048828125,531.7039794921875,-1,-1,-1,-1
491,40,178.01026916503906,389.560791015625,337.89862060546875,553.1556396484375,-1,-1,-1,-1
492,40,123.40972137451172,402.290283203125,355.6840515136719,553.9179077148438,-1,-1,-1,-1
493,40,98.69868469238281,418.081787109375,369.853515625,545.349853515625,-1,-1,-1,-1
494,40,82.95330047607422,447.5268859863281,373.4634704589844,533.7135009765625,-1,-1,-1,-1
495,40,73.70339965820312,458.3943176269531,377.2903137207031,533.607666015625,-1,-1,-1,-1
496,40,85.0946273803711,459.3253173828125,380.03924560546875,536.8507080078125,-1,-1,-1,-1
497,40,108.24024200439453,461.20721435546875,380.18951416015625,532.326416015625,-1,-1,-1,-1
498,40,129.99620056152344,440.9240417480469,374.626220703125,531.8193359375,-1,-1,-1,-1
499,40,147.74655151367188,435.1423645019531,350.2652282714844,534.291015625,-1,-1,-1,-1
500,40,165.8594207763672,407.9342041015625,326.6885986328125,534.1624755859375,-1,-1,-1,-1
501,40,209.7648468017578,388.19287109375,307.06524658203125,513.9027099609375,-1,-1,-1,-1
502,40,262.9053649902344,393.838623046875,284.4012756347656,502.28717041015625,-1,-1,-1,-1
503,40,310.1113586425781,411.4134216308594,269.4131164550781,488.2353820800781,-1,-1,-1,-1
504,40,346.9868469238281,424.4546813964844,261.6608581542969,477.3483581542969,-1,-1,-1,-1
505,40,375.0751953125,429.36724853515625,255.34503173828125,465.29022216796875,-1,-1,-1,-1
506,40,394.63861083984375,423.2288818359375,256.68359375,462.2750244140625,-1,-1,-1,-1
507,40,419.59686279296875,421.19696044921875,257.15777587890625,457.30914306640625,-1,-1,-1,-1
508,40,440.637939453125,431.0236511230469,264.50177001953125,450.4066467285156,-1,-1,-1,-1
509,40,459.26141357421875,417.41754150390625,269.615234375,452.8021240234375,-1,-1,-1,-1
510,40,472.25390625,410.2286376953125,272.21875,458.19879150390625,-1,-1,-1,-1
511,40,486.8650207519531,417.1958923339844,267.4875793457031,461.2067565917969,-1,-1,-1,-1
512,40,491.8453674316406,425.6347351074219,271.4738464355469,473.4115295410156,-1,-1,-1,-1
513,40,489.79693603515625,422.40911865234375,276.5606689453125,496.44525146484375,-1,-1,-1,-1
514,40,468.6545104980469,404.2624816894531,288.2604064941406,521.9644775390625,-1,-1,-1,-1
515,40,449.0117492675781,384.1401672363281,295.5018615722656,551.94482421875,-1,-1,-1,-1
516,40,436.91015625,391.3196105957031,302.01708984375,572.7498779296875,-1,-1,-1,-1
517,40,429.75244140625,417.703857421875,308.6953125,570.1729736328125,-1,-1,-1,-1
518,40,420.0962829589844,434.503662109375,321.5606384277344,569.1517944335938,-1,-1,-1,-1
519,40,409.63232421875,415.1555480957031,326.0823974609375,569.9520263671875,-1,-1,-1,-1
520,40,412.3277282714844,398.8195495605469,324.7935485839844,572.721923828125,-1,-1,-1,-1
521,40,433.4569396972656,393.6039123535156,318.8487854003906,568.340087890625,-1,-1,-1,-1
522,40,451.74945068359375,391.765625,316.05706787109375,560.9508056640625,-1,-1,-1,-1
523,40,461.29644775390625,391.6903381347656,320.9571533203125,567.257080078125,-1,-1,-1,-1
524,40,470.58367919921875,393.7309875488281,323.0654296875,572.8077392578125,-1,-1,-1,-1
525,40,464.194580078125,395.2336120605469,332.13128662109375,583.574462890625,-1,-1,-1,-1
526,40,447.3170471191406,378.5784606933594,346.8987731933594,601.553466796875,-1,-1,-1,-1
527,40,417.1023254394531,349.3407287597656,363.3641052246094,643.6705322265625,-1,-1,-1,-1
528,40,399.1608581542969,336.706298828125,376.2771301269531,686.9598388671875,-1,-1,-1,-1
529,40,396.1628112792969,328.9238586425781,389.5056457519531,715.84912109375,-1,-1,-1,-1
530,40,390.73492431640625,344.74810791015625,411.80731201171875,724.7643432617188,-1,-1,-1,-1
531,40,373.4051208496094,313.26568603515625,436.7248840332031,747.4857788085938,-1,-1,-1,-1
532,40,363.32684326171875,285.8605651855469,453.44158935546875,776.0845947265625,-1,-1,-1,-1
533,40,374.07373046875,249.61219787597656,470.2421875,809.447265625,-1,-1,-1,-1
534,40,402.1805419921875,202.42596435546875,485.9697265625,839.7772827148438,-1,-1,-1,-1
535,40,405.580078125,172.90142822265625,532.1553344726562,889.1471557617188,-1,-1,-1,-1
536,40,411.751953125,149.85382080078125,600.9879150390625,981.7556762695312,-1,-1,-1,-1
537,40,417.909423828125,129.80642700195312,686.1806640625,1105.443359375,-1,-1,-1,-1
538,40,379.6878356933594,90.04685974121094,756.5308837890625,1249.143798828125,-1,-1,-1,-1
539,40,410.669677734375,37.67139434814453,682.004638671875,1284.7730712890625,-1,-1,-1,-1
540,40,339.91326904296875,0.6018257141113281,625.4832153320312,1178.888916015625,-1,-1,-1,-1
541,40,352.5695495605469,17.51993179321289,698.96240234375,1107.6510009765625,-1,-1,-1,-1
542,40,412.77020263671875,-0.5912704467773438,912.8330688476562,1033.7635498046875,-1,-1,-1,-1
543,40,385.8608093261719,43.52781677246094,903.9595947265625,962.7530517578125,-1,-1,-1,-1
544,40,421.47808837890625,158.2793426513672,722.2628784179688,834.5806884765625,-1,-1,-1,-1
545,40,427.8361511230469,217.5762176513672,535.37158203125,759.3467407226562,-1,-1,-1,-1
546,40,454.9598083496094,311.96044921875,488.2257385253906,948.958740234375,-1,-1,-1,-1
547,40,513.804931640625,385.234375,489.09710693359375,930.6302490234375,-1,-1,-1,-1
548,40,602.406494140625,417.31988525390625,476.545166015625,800.2221069335938,-1,-1,-1,-1
549,40,707.7127685546875,331.5791015625,438.4007568359375,712.11328125,-1,-1,-1,-1
550,40,811.2177734375,298.21905517578125,390.8326416015625,673.640625,-1,-1,-1,-1
551,40,905.10107421875,285.292236328125,339.9400634765625,689.8733520507812,-1,-1,-1,-1
552,40,988.852294921875,268.20904541015625,304.226318359375,717.3082885742188,-1,-1,-1,-1
553,40,1057.4002685546875,243.07553100585938,277.3568115234375,718.55712890625,-1,-1,-1,-1
554,40,1123.0323486328125,249.84869384765625,282.711669921875,709.983642578125,-1,-1,-1,-1
555,40,1183.2763671875,242.79281616210938,238.0433349609375,695.334228515625,-1,-1,-1,-1
556,40,1236.116943359375,238.91470336914062,181.6241455078125,680.0501708984375,-1,-1,-1,-1
557,40,1271.173095703125,245.77490234375,143.818603515625,679.4453125,-1,-1,-1,-1
558,40,1285.6025390625,246.51280212402344,136.325927734375,682.3864135742188,-1,-1,-1,-1
559,40,1295.939208984375,263.72216796875,120.97998046875,682.53466796875,-1,-1,-1,-1
560,40,1285.4375,277.55255126953125,188.9300537109375,691.8452758789062,-1,-1,-1,-1
561,40,1253.9449462890625,311.14752197265625,200.0972900390625,658.5057983398438,-1,-1,-1,-1
562,40,1206.5130615234375,322.6044616699219,234.1209716796875,634.4366455078125,-1,-1,-1,-1
563,40,1125.00244140625,312.8688659667969,291.08349609375,615.219970703125,-1,-1,-1,-1
564,40,1045.629638671875,313.6536865234375,305.177490234375,595.64990234375,-1,-1,-1,-1
565,40,1002.2188720703125,334.98895263671875,311.6900634765625,592.1113891601562,-1,-1,-1,-1
566,40,986.9832763671875,362.3616943359375,320.1649169921875,598.840087890625,-1,-1,-1,-1
567,40,980.1109619140625,388.99755859375,335.7276611328125,615.3313598632812,-1,-1,-1,-1
568,40,987.2205810546875,396.50433349609375,357.3743896484375,642.1555786132812,-1,-1,-1,-1
569,40,1011.8555908203125,402.6863098144531,385.0684814453125,688.36083984375,-1,-1,-1,-1
570,40,1063.7529296875,388.91229248046875,392.543212890625,743.5194702148438,-1,-1,-1,-1
571,40,1117.751708984375,356.6783142089844,387.508056640625,788.8193359375,-1,-1,-1,-1
572,40,1144.3658447265625,259.52740478515625,458.30859375,1059.826416015625,-1,-1,-1,-1
573,40,1161.933837890625,236.94102478027344,465.0128173828125,1157.3865966796875,-1,-1,-1,-1
574,40,1176.5711669921875,337.82293701171875,463.2481689453125,1042.185546875,-1,-1,-1,-1
575,40,1199.0333251953125,360.20892333984375,420.5985107421875,959.9835815429688,-1,-1,-1,-1
576,40,1213.664306640625,483.4608154296875,391.651611328125,728.944580078125,-1,-1,-1,-1
468,41,967.793212890625,450.22705078125,68.4578857421875,185.96484375,-1,-1,-1,-1
469,41,936.365478515625,492.6331787109375,54.6156005859375,139.440673828125,-1,-1,-1,-1
470,41,892.43310546875,514.6361694335938,65.99749755859375,163.737548828125,-1,-1,-1,-1
471,41,859.47607421875,573.4356079101562,68.01837158203125,147.61663818359375,-1,-1,-1,-1
472,41,837.96728515625,578.1709594726562,62.19677734375,139.22802734375,-1,-1,-1,-1
473,41,816.55322265625,556.5354614257812,62.145751953125,127.12164306640625,-1,-1,-1,-1
474,41,783.988037109375,522.0626831054688,58.158203125,132.639404296875,-1,-1,-1,-1
475,41,744.8553466796875,515.7725219726562,60.46270751953125,125.8389892578125,-1,-1,-1,-1
476,41,702.9762573242188,487.99285888671875,72.99249267578125,176.4779052734375,-1,-1,-1,-1
477,41,666.00390625,492.3855895996094,99.56414794921875,181.49887084960938,-1,-1,-1,-1
478,41,622.4588623046875,465.9393310546875,134.6634521484375,273.46197509765625,-1,-1,-1,-1
479,41,593.2454833984375,488.71966552734375,156.69049072265625,238.63531494140625,-1,-1,-1,-1
480,41,566.2715454101562,519.8427734375,169.07135009765625,224.61444091796875,-1,-1,-1,-1
481,41,551.9152221679688,512.9697570800781,178.419677734375,246.24655151367188,-1,-1,-1,-1
482,41,544.5172119140625,421.5925598144531,225.5491943359375,424.5200500488281,-1,-1,-1,-1
491,42,357.27032470703125,460.2713928222656,149.73312377929688,179.62557983398438,-1,-1,-1,-1
492,42,340.27099609375,459.53240966796875,142.37091064453125,182.49530029296875,-1,-1,-1,-1
493,42,333.85491943359375,472.9976501464844,138.6278076171875,170.81301879882812,-1,-1,-1,-1
494,42,329.2897644042969,489.3557434082031,141.76654052734375,162.68093872070312,-1,-1,-1,-1
495,42,335.5296630859375,485.8601379394531,140.85052490234375,172.74819946289062,-1,-1,-1,-1
496,42,356.9375915527344,484.839111328125,139.09494018554688,172.51806640625,-1,-1,-1,-1
497,42,385.08074951171875,493.949462890625,133.79937744140625,166.66448974609375,-1,-1,-1,-1
498,42,411.7729797363281,473.75579833984375,130.93875122070312,174.12542724609375,-1,-1,-1,-1
499,42,433.4744567871094,473.9208679199219,124.49557495117188,177.70303344726562,-1,-1,-1,-1
500,42,454.7128601074219,464.56549072265625,117.19009399414062,175.2254638671875,-1,-1,-1,-1
501,42,490.0669250488281,438.1284484863281,119.34115600585938,175.68643188476562,-1,-1,-1,-1
502,42,529.2501220703125,440.2454833984375,118.525634765625,170.3890380859375,-1,-1,-1,-1
503,42,568.4346313476562,451.85992431640625,113.18817138671875,171.48187255859375,-1,-1,-1,-1
504,42,602.7855224609375,466.35858154296875,109.87579345703125,167.079345703125,-1,-1,-1,-1
505,42,632.7847290039062,468.6942443847656,111.41558837890625,167.17483520507812,-1,-1,-1,-1
506,42,661.576171875,475.8611755371094,113.698486328125,166.47769165039062,-1,-1,-1,-1
507,42,698.3377685546875,488.3056640625,108.67950439453125,163.36151123046875,-1,-1,-1,-1
508,42,728.1624755859375,500.974609375,111.88812255859375,166.0625,-1,-1,-1,-1
509,42,743.3404541015625,482.3717041015625,112.710205078125,168.366455078125,-1,-1,-1,-1
510,42,750.020263671875,472.73675537109375,112.15362548828125,169.2763671875,-1,-1,-1,-1
511,42,748.459228515625,474.12701416015625,113.534423828125,169.59710693359375,-1,-1,-1,-1
512,42,743.6240234375,480.953125,117.502197265625,169.36029052734375,-1,-1,-1,-1
513,42,739.7162475585938,481.3623962402344,116.28802490234375,170.07162475585938,-1,-1,-1,-1
514,42,732.2781982421875,464.25970458984375,115.33782958984375,172.06536865234375,-1,-1,-1,-1
515,42,725.310546875,450.1094970703125,114.48651123046875,174.93988037109375,-1,-1,-1,-1
516,42,731.158203125,456.0947570800781,113.81146240234375,174.07955932617188,-1,-1,-1,-1
517,42,740.3860473632812,476.8289794921875,112.53076171875,173.7030029296875,-1,-1,-1,-1
518,42,748.7191162109375,493.2070617675781,114.16845703125,178.14437866210938,-1,-1,-1,-1
519,42,754.5140991210938,473.9341735839844,117.58160400390625,178.80856323242188,-1,-1,-1,-1
520,42,762.1072387695312,457.6167907714844,116.6903076171875,182.27047729492188,-1,-1,-1,-1
521,42,778.9523315429688,449.3089904785156,119.17376708984375,182.00906372070312,-1,-1,-1,-1
522,42,792.0015869140625,435.07275390625,123.27642822265625,188.69940185546875,-1,-1,-1,-1
523,42,796.0484619140625,433.8271179199219,121.701904296875,189.67373657226562,-1,-1,-1,-1
524,42,797.773193359375,431.64373779296875,120.2913818359375,187.23956298828125,-1,-1,-1,-1
525,42,790.0384521484375,421.8323669433594,124.689208984375,193.95748901367188,-1,-1,-1,-1
526,42,777.6879272460938,403.3408203125,122.08544921875,189.6436767578125,-1,-1,-1,-1
527,42,758.2145385742188,379.4988708496094,125.99493408203125,193.00479125976562,-1,-1,-1,-1
528,42,755.21435546875,383.39208984375,125.40625,194.70867919921875,-1,-1,-1,-1
529,42,773.5478515625,391.512939453125,123.73822021484375,192.9613037109375,-1,-1,-1,-1
530,42,791.2639770507812,419.59429931640625,125.8126220703125,188.69268798828125,-1,-1,-1,-1
531,42,798.271240234375,410.3516845703125,123.2972412109375,190.89501953125,-1,-1,-1,-1
532,42,806.680419921875,410.1249694824219,123.67041015625,193.06143188476562,-1,-1,-1,-1
533,42,826.1658325195312,414.3143005371094,127.40667724609375,195.20108032226562,-1,-1,-1,-1
534,42,856.6795043945312,398.4934997558594,130.63201904296875,196.62020874023438,-1,-1,-1,-1
535,42,861.151611328125,386.4367370605469,132.51678466796875,199.75112915039062,-1,-1,-1,-1
536,42,863.0545654296875,379.416748046875,136.94293212890625,205.16143798828125,-1,-1,-1,-1
537,42,875.5662231445312,375.8791809082031,132.40850830078125,204.65335083007812,-1,-1,-1,-1
538,42,798.1947021484375,333.9656982421875,160.8531494140625,216.1710205078125,-1,-1,-1,-1
539,42,698.8134765625,320.85546875,242.119873046875,253.1575927734375,-1,-1,-1,-1
542,42,800.7444458007812,282.9520263671875,115.87005615234375,71.5771484375,-1,-1,-1,-1
543,42,763.993896484375,278.32861328125,97.1630859375,79.177001953125,-1,-1,-1,-1
496,43,762.6356811523438,530.87841796875,79.495849609375,64.0263671875,-1,-1,-1,-1
497,43,787.6649169921875,548.283203125,81.201171875,59.3544921875,-1,-1,-1,-1
498,43,809.847412109375,544.3740844726562,84.560791015625,64.7783203125,-1,-1,-1,-1
499,43,828.4098510742188,566.635009765625,83.06292724609375,62.74517822265625,-1,-1,-1,-1
500,43,841.7948608398438,579.2840576171875,83.68701171875,63.52154541015625,-1,-1,-1,-1
501,43,879.9447631835938,567.994384765625,85.86541748046875,64.5133056640625,-1,-1,-1,-1
502,43,920.6399536132812,568.849853515625,90.764404296875,69.214599609375,-1,-1,-1,-1
503,43,960.9871826171875,582.5367431640625,89.1728515625,68.67724609375,-1,-1,-1,-1
504,43,996.7891845703125,601.012451171875,95.588134765625,68.40594482421875,-1,-1,-1,-1
505,43,1029.006103515625,603.59033203125,98.1697998046875,71.949951171875,-1,-1,-1,-1
506,43,1063.468017578125,626.1000366210938,100.3525390625,72.68341064453125,-1,-1,-1,-1
507,43,1103.5008544921875,649.958740234375,104.0400390625,75.6954345703125,-1,-1,-1,-1
508,43,1138.577880859375,673.7235717773438,107.0218505859375,80.8487548828125,-1,-1,-1,-1
509,43,1162.564697265625,655.1800537109375,105.48486328125,78.94586181640625,-1,-1,-1,-1
510,43,1170.07080078125,638.39013671875,112.651611328125,75.62615966796875,-1,-1,-1,-1
511,43,1171.7296142578125,628.700927734375,111.4241943359375,77.07666015625,-1,-1,-1,-1
512,43,1171.9713134765625,625.3970947265625,109.5003662109375,72.752197265625,-1,-1,-1,-1
513,43,1169.5838623046875,614.8935546875,116.7034912109375,76.384521484375,-1,-1,-1,-1
514,43,1161.115234375,599.2210083007812,110.4027099609375,75.9012451171875,-1,-1,-1,-1
515,43,1156.8572998046875,584.652099609375,110.5762939453125,73.075927734375,-1,-1,-1,-1
516,43,1161.24853515625,590.3964233398438,112.5469970703125,75.98846435546875,-1,-1,-1,-1
517,43,1175.79150390625,613.0528564453125,113.3848876953125,79.90283203125,-1,-1,-1,-1
518,43,1190.41259765625,633.4061889648438,108.5589599609375,78.40228271484375,-1,-1,-1,-1
519,43,1199.462158203125,619.7094116210938,113.1314697265625,81.194580078125,-1,-1,-1,-1
520,43,1212.9688720703125,607.6953125,115.4903564453125,79.7769775390625,-1,-1,-1,-1
521,43,1233.4927978515625,602.2723388671875,118.6566162109375,85.7547607421875,-1,-1,-1,-1
522,43,1249.5955810546875,599.3765869140625,117.53466796875,84.07720947265625,-1,-1,-1,-1
523,43,1258.6307373046875,596.9905395507812,116.0469970703125,86.31536865234375,-1,-1,-1,-1
524,43,1260.5782470703125,583.754638671875,118.3001708984375,90.47515869140625,-1,-1,-1,-1
525,43,1257.381103515625,563.768310546875,120.5921630859375,91.07855224609375,-1,-1,-1,-1
526,43,1245.0416259765625,532.7001953125,119.6744384765625,89.54742431640625,-1,-1,-1,-1
527,43,1226.4964599609375,500.7876892089844,119.227294921875,93.05227661132812,-1,-1,-1,-1
528,43,1220.0074462890625,507.3374938964844,122.4442138671875,87.01797485351562,-1,-1,-1,-1
529,43,1240.735595703125,529.8292236328125,121.098388671875,90.20269775390625,-1,-1,-1,-1
530,43,1259.608642578125,567.1956176757812,119.8131103515625,91.86676025390625,-1,-1,-1,-1
531,43,1272.604736328125,566.1126708984375,119.9473876953125,91.65020751953125,-1,-1,-1,-1
532,43,1286.5009765625,567.0700073242188,113.2860107421875,91.08465576171875,-1,-1,-1,-1
533,43,1314.1925048828125,568.4629516601562,94.2425537109375,106.22161865234375,-1,-1,-1,-1
517,44,563.8523559570312,484.7551574707031,85.74755859375,209.16806030273438,-1,-1,-1,-1
518,44,583.5523681640625,513.6466674804688,86.80322265625,182.33782958984375,-1,-1,-1,-1
519,44,574.4923095703125,479.0333557128906,100.7103271484375,217.91757202148438,-1,-1,-1,-1
520,44,579.568603515625,462.8713073730469,103.379150390625,230.98916625976562,-1,-1,-1,-1
521,44,599.1195678710938,458.4633483886719,100.6871337890625,215.97970581054688,-1,-1,-1,-1
522,44,606.6228637695312,446.42144775390625,104.419189453125,224.62713623046875,-1,-1,-1,-1
523,44,608.302734375,446.2737121582031,103.72894287109375,224.87716674804688,-1,-1,-1,-1
524,44,605.9826049804688,449.9208984375,102.90252685546875,207.4364013671875,-1,-1,-1,-1
525,44,581.673583984375,445.9278869628906,118.96197509765625,232.60922241210938,-1,-1,-1,-1
526,44,558.0883178710938,429.3208923339844,126.47344970703125,250.66348266601562,-1,-1,-1,-1
527,44,524.010498046875,400.65155029296875,138.6756591796875,281.40380859375,-1,-1,-1,-1
528,44,537.33544921875,411.91973876953125,121.7459716796875,250.6728515625,-1,-1,-1,-1
529,44,561.6514892578125,416.0296936035156,113.6961669921875,228.30728149414062,-1,-1,-1,-1
530,44,595.40380859375,446.1856689453125,110.28778076171875,217.28094482421875,-1,-1,-1,-1
531,44,596.9995727539062,433.708984375,115.72698974609375,225.351318359375,-1,-1,-1,-1
532,44,608.946533203125,434.0283203125,112.3135986328125,223.8218994140625,-1,-1,-1,-1
533,44,629.776611328125,434.58880615234375,98.4014892578125,224.71405029296875,-1,-1,-1,-1
534,44,652.8233032226562,417.14215087890625,104.64141845703125,224.63250732421875,-1,-1,-1,-1
535,44,656.9083862304688,425.49835205078125,131.63409423828125,202.70294189453125,-1,-1,-1,-1
536,44,617.41357421875,390.9527893066406,258.66815185546875,294.1166687011719,-1,-1,-1,-1
537,44,731.9068603515625,392.373291015625,200.7076416015625,208.9365234375,-1,-1,-1,-1
538,44,661.5413818359375,329.0240173339844,342.8253173828125,365.3799743652344,-1,-1,-1,-1
539,44,629.4312133789062,261.5158996582031,375.22747802734375,447.7531433105469,-1,-1,-1,-1
540,44,409.56097412109375,76.62420654296875,535.3992309570312,663.6128540039062,-1,-1,-1,-1
541,44,363.24151611328125,157.96142578125,521.5789184570312,648.7064819335938,-1,-1,-1,-1
542,44,414.4124450683594,-2.012218475341797,690.5565185546875,1018.2591552734375,-1,-1,-1,-1
539,45,469.4261779785156,299.2557067871094,103.34378051757812,240.97457885742188,-1,-1,-1,-1
540,45,266.45123291015625,238.42843627929688,142.06256103515625,268.8887634277344,-1,-1,-1,-1
541,45,152.91873168945312,240.93960571289062,167.28140258789062,259.0019836425781,-1,-1,-1,-1
542,45,337.357177734375,121.11836242675781,149.57720947265625,237.5789031982422,-1,-1,-1,-1
543,45,287.3211975097656,130.08319091796875,157.61968994140625,231.8426513671875,-1,-1,-1,-1
544,45,250.4095458984375,195.00747680664062,152.05313110351562,229.20220947265625,-1,-1,-1,-1
545,45,206.36196899414062,253.3826141357422,156.66110229492188,225.11192321777344,-1,-1,-1,-1
546,45,200.8473358154297,351.9117126464844,144.9395294189453,213.22848510742188,-1,-1,-1,-1
547,45,235.94427490234375,439.8397216796875,141.18087768554688,196.7840576171875,-1,-1,-1,-1
548,45,302.9419860839844,464.45941162109375,129.53717041015625,173.25054931640625,-1,-1,-1,-1
549,45,361.6932067871094,391.8129577636719,132.81887817382812,183.92385864257812,-1,-1,-1,-1
550,45,428.9617919921875,386.0603332519531,126.9691162109375,185.42776489257812,-1,-1,-1,-1
551,45,494.9167175292969,409.3393859863281,118.51675415039062,170.80563354492188,-1,-1,-1,-1
552,45,560.3084106445312,431.56719970703125,109.92291259765625,159.9425048828125,-1,-1,-1,-1
553,45,608.4335327148438,413.4499816894531,109.843505859375,162.50741577148438,-1,-1,-1,-1
554,45,668.3167114257812,389.5015869140625,106.85028076171875,164.06781005859375,-1,-1,-1,-1
555,45,701.4690551757812,383.90777587890625,107.7808837890625,162.4693603515625,-1,-1,-1,-1
556,45,737.828125,346.2664794921875,110.01959228515625,169.267333984375,-1,-1,-1,-1
557,45,757.6124877929688,339.1907043457031,108.09942626953125,172.058837890625,-1,-1,-1,-1
558,45,756.2970581054688,347.4693908691406,109.24395751953125,165.2503662109375,-1,-1,-1,-1
559,45,754.4574584960938,355.6730041503906,109.416015625,167.56265258789062,-1,-1,-1,-1
560,45,737.87109375,392.15277099609375,108.1448974609375,163.2005615234375,-1,-1,-1,-1
561,45,704.04833984375,419.64813232421875,104.65032958984375,171.5333251953125,-1,-1,-1,-1
562,45,655.729248046875,434.1462707519531,107.8856201171875,170.51583862304688,-1,-1,-1,-1
563,45,579.4830932617188,438.3857116699219,111.5089111328125,175.89529418945312,-1,-1,-1,-1
564,45,508.01678466796875,419.8869934082031,113.2728271484375,181.45651245117188,-1,-1,-1,-1
565,45,469.05938720703125,411.1072998046875,113.86181640625,183.9130859375,-1,-1,-1,-1
566,45,453.9729919433594,435.3931579589844,115.99984741210938,183.56118774414062,-1,-1,-1,-1
567,45,450.1112976074219,451.8955078125,116.74600219726562,192.12451171875,-1,-1,-1,-1
568,45,459.64404296875,453.4915771484375,120.2530517578125,192.30804443359375,-1,-1,-1,-1
569,45,492.3466491699219,463.3743896484375,117.85043334960938,186.20452880859375,-1,-1,-1,-1
570,45,542.1119995117188,466.9787292480469,115.89801025390625,183.98861694335938,-1,-1,-1,-1
571,45,584.3958129882812,464.6705017089844,116.66314697265625,188.48641967773438,-1,-1,-1,-1
572,45,610.7876586914062,448.8369140625,119.75201416015625,195.6246337890625,-1,-1,-1,-1
573,45,636.52490234375,433.93084716796875,120.6385498046875,202.4267578125,-1,-1,-1,-1
574,45,653.8908081054688,434.9189147949219,120.52655029296875,201.57040405273438,-1,-1,-1,-1
575,45,661.029541015625,437.33447265625,122.195556640625,210.83087158203125,-1,-1,-1,-1
576,45,691.5029296875,442.69091796875,125.57647705078125,203.98101806640625,-1,-1,-1,-1
577,45,715.4122924804688,454.83258056640625,130.4124755859375,205.60260009765625,-1,-1,-1,-1
578,45,737.921630859375,476.48614501953125,130.20953369140625,201.8265380859375,-1,-1,-1,-1
579,45,758.433837890625,473.38262939453125,132.66900634765625,203.31475830078125,-1,-1,-1,-1
580,45,762.3961791992188,473.4461975097656,133.42938232421875,212.88626098632812,-1,-1,-1,-1
581,45,768.0765380859375,493.3908996582031,135.6121826171875,216.49441528320312,-1,-1,-1,-1
582,45,797.9356689453125,523.4652709960938,135.85308837890625,222.283447265625,-1,-1,-1,-1
583,45,850.5796508789062,540.6099853515625,140.81121826171875,225.57958984375,-1,-1,-1,-1
584,45,903.494140625,530.1516723632812,146.6600341796875,234.687744140625,-1,-1,-1,-1
585,45,987.108154296875,545.5557861328125,151.2591552734375,244.7613525390625,-1,-1,-1,-1
586,45,1074.5634765625,567.2089233398438,163.13916015625,254.68048095703125,-1,-1,-1,-1
587,45,1144.2669677734375,574.0562133789062,173.6298828125,274.97760009765625,-1,-1,-1,-1
588,45,1198.3736572265625,601.5285034179688,171.7281494140625,283.46881103515625,-1,-1,-1,-1
589,45,1247.0390625,649.5993041992188,145.870849609375,292.97314453125,-1,-1,-1,-1
590,45,1253.6458740234375,710.73681640625,160.1702880859375,316.093994140625,-1,-1,-1,-1
542,46,115.52388000488281,186.59153747558594,160.35560607910156,258.29718017578125,-1,-1,-1,-1
543,46,75.64521026611328,206.89065551757812,151.02337646484375,248.10092163085938,-1,-1,-1,-1
544,46,39.733821868896484,265.88079833984375,150.70999145507812,254.35797119140625,-1,-1,-1,-1
545,46,12.30506706237793,319.40887451171875,141.7069549560547,254.671142578125,-1,-1,-1,-1
546,46,5.437902927398682,396.6025390625,142.3555145263672,261.3785400390625,-1,-1,-1,-1
547,46,27.721683502197266,458.73297119140625,147.56028747558594,263.3006591796875,-1,-1,-1,-1
548,46,94.26671600341797,452.1490478515625,146.17520141601562,254.27667236328125,-1,-1,-1,-1
549,46,164.40353393554688,402.9605712890625,149.14285278320312,245.070556640625,-1,-1,-1,-1
550,46,243.68466186523438,411.1563720703125,142.59652709960938,232.24169921875,-1,-1,-1,-1
551,46,319.6988525390625,424.9805908203125,135.58026123046875,225.061279296875,-1,-1,-1,-1
552,46,392.88397216796875,440.5772705078125,124.11907958984375,217.79150390625,-1,-1,-1,-1
553,46,447.3056945800781,421.95794677734375,117.44546508789062,216.36895751953125,-1,-1,-1,-1
554,46,511.45184326171875,393.27398681640625,107.966064453125,216.47894287109375,-1,-1,-1,-1
555,46,550.1853637695312,395.0450134277344,108.510009765625,212.07144165039062,-1,-1,-1,-1
556,46,582.5250244140625,357.83209228515625,111.0013427734375,218.23114013671875,-1,-1,-1,-1
557,46,607.7472534179688,351.3820495605469,108.8232421875,218.29739379882812,-1,-1,-1,-1
558,46,606.9474487304688,352.5207214355469,105.94921875,220.18551635742188,-1,-1,-1,-1
559,46,608.8076171875,364.9009704589844,102.53076171875,214.24893188476562,-1,-1,-1,-1
560,46,593.1805419921875,393.0408630371094,100.48779296875,218.01651000976562,-1,-1,-1,-1
561,46,561.1590576171875,435.8890686035156,104.68768310546875,213.34182739257812,-1,-1,-1,-1
562,46,511.8017578125,442.8258056640625,111.81195068359375,218.37506103515625,-1,-1,-1,-1
563,46,428.8573913574219,448.087646484375,121.77096557617188,225.00091552734375,-1,-1,-1,-1
564,46,347.6739196777344,418.9725036621094,123.9615478515625,240.20822143554688,-1,-1,-1,-1
565,46,304.05499267578125,407.99261474609375,123.46060180664062,249.1756591796875,-1,-1,-1,-1
566,46,286.31622314453125,433.51519775390625,129.0169677734375,249.705078125,-1,-1,-1,-1
567,46,281.5898742675781,447.5716552734375,127.59799194335938,254.76043701171875,-1,-1,-1,-1
568,46,291.8307189941406,446.9658203125,129.33740234375,255.5894775390625,-1,-1,-1,-1
569,46,327.19085693359375,449.5729064941406,124.78173828125,255.16409301757812,-1,-1,-1,-1
570,46,378.8589172363281,455.3537902832031,122.63671875,255.41036987304688,-1,-1,-1,-1
571,46,419.1864013671875,463.9109802246094,132.4705810546875,260.0073547363281,-1,-1,-1,-1
572,46,448.08599853515625,449.3940124511719,135.291015625,263.7797546386719,-1,-1,-1,-1
573,46,474.83551025390625,434.6647033691406,131.92987060546875,267.1928405761719,-1,-1,-1,-1
574,46,491.0722351074219,442.3311462402344,134.27828979492188,268.2653503417969,-1,-1,-1,-1
575,46,497.5176696777344,454.9436950683594,139.10140991210938,272.2367248535156,-1,-1,-1,-1
576,46,528.0472412109375,460.5666809082031,142.416015625,273.4415588378906,-1,-1,-1,-1
577,46,554.9623413085938,477.89556884765625,144.00787353515625,277.11395263671875,-1,-1,-1,-1
578,46,578.895263671875,495.44244384765625,147.013427734375,280.215087890625,-1,-1,-1,-1
579,46,599.2589111328125,487.14862060546875,147.316162109375,288.2418212890625,-1,-1,-1,-1
580,46,603.4970092773438,486.01177978515625,145.7794189453125,300.45025634765625,-1,-1,-1,-1
581,46,610.722412109375,507.961669921875,147.09503173828125,308.56866455078125,-1,-1,-1,-1
582,46,642.7833251953125,535.3450317382812,147.7943115234375,315.09637451171875,-1,-1,-1,-1
583,46,695.803466796875,548.0967407226562,150.1773681640625,330.59783935546875,-1,-1,-1,-1
584,46,750.6907348632812,536.5438232421875,152.64459228515625,345.1441650390625,-1,-1,-1,-1
585,46,833.234375,547.2271728515625,152.75421142578125,364.36419677734375,-1,-1,-1,-1
586,46,922.6078491210938,562.489501953125,151.17657470703125,385.2803955078125,-1,-1,-1,-1
587,46,990.2125244140625,568.2779541015625,162.7481689453125,409.41815185546875,-1,-1,-1,-1
588,46,1036.03857421875,586.7418823242188,186.468017578125,434.86083984375,-1,-1,-1,-1
589,46,1079.5517578125,630.141357421875,205.6951904296875,465.5672607421875,-1,-1,-1,-1
590,46,1123.3958740234375,666.5882568359375,238.2471923828125,490.6783447265625,-1,-1,-1,-1
591,46,1156.9349365234375,694.3383178710938,251.5079345703125,512.6326293945312,-1,-1,-1,-1
592,46,898.4730834960938,721.3110961914062,267.85638427734375,481.97528076171875,-1,-1,-1,-1
558,47,31.550277709960938,904.7675170898438,815.779052734375,509.71295166015625,-1,-1,-1,-1
559,47,-4.7905426025390625,772.9583740234375,836.9469604492188,639.596923828125,-1,-1,-1,-1
560,47,-21.371192932128906,824.6422729492188,651.5354614257812,594.6895141601562,-1,-1,-1,-1
561,47,-62.16427230834961,934.3328857421875,564.4996948242188,490.2408447265625,-1,-1,-1,-1
590,48,1308.41943359375,695.2625122070312,102.621337890625,310.6871337890625,-1,-1,-1,-1
598,49,1219.68359375,469.0464172363281,196.92236328125,625.3519287109375,-1,-1,-1,-1
599,49,1166.3668212890625,412.5875549316406,242.05712890625,630.9036865234375,-1,-1,-1,-1
600,49,1109.1480712890625,384.496337890625,267.7667236328125,628.831298828125,-1,-1,-1,-1
601,49,1073.3006591796875,379.7389831542969,259.8006591796875,629.20703125,-1,-1,-1,-1
