1,1,9.06557846069336,412.7146911621094,250.80111694335938,722.119140625,-1,-1,-1,-1
2,1,40.134796142578125,421.09930419921875,244.13308715820312,711.4541625976562,-1,-1,-1,-1
3,1,50.964725494384766,444.2682189941406,269.81640625,703.6549072265625,-1,-1,-1,-1
4,1,55.99612808227539,462.0826721191406,279.3714599609375,700.4742431640625,-1,-1,-1,-1
5,1,60.07990264892578,456.9005432128906,292.24298095703125,701.5535888671875,-1,-1,-1,-1
6,1,54.20323181152344,452.82269287109375,299.07733154296875,700.5280151367188,-1,-1,-1,-1
7,1,32.000043869018555,451.6376953125,324.4676513671875,709.18798828125,-1,-1,-1,-1
8,1,5.538668632507324,459.739501953125,346.7519836425781,716.7391357421875,-1,-1,-1,-1
9,1,-6.9962158203125,464.49676513671875,358.0534362792969,723.8770141601562,-1,-1,-1,-1
10,1,-16.922794342041016,478.2052307128906,365.147216796875,733.768798828125,-1,-1,-1,-1
11,1,-19.890605926513672,494.8149719238281,370.3185729980469,755.8837890625,-1,-1,-1,-1
12,1,-3.204695701599121,512.9121398925781,354.64300537109375,783.8570556640625,-1,-1,-1,-1
13,1,-115.68388366699219,476.4349060058594,449.724365234375,845.3563232421875,-1,-1,-1,-1
14,1,-163.6501007080078,589.5420532226562,494.38348388671875,700.3550415039062,-1,-1,-1,-1
15,1,-195.10562133789062,558.3761596679688,515.6513671875,739.5425415039062,-1,-1,-1,-1
16,1,-225.86199951171875,483.5833740234375,544.8431396484375,846.017578125,-1,-1,-1,-1
17,1,-198.07208251953125,541.2509155273438,508.1395568847656,799.3801879882812,-1,-1,-1,-1
18,1,-229.95480346679688,575.0357055664062,533.6129150390625,760.3058471679688,-1,-1,-1,-1
19,1,-188.5747833251953,614.8134765625,482.78564453125,709.5606689453125,-1,-1,-1,-1
20,1,-169.98233032226562,673.7432861328125,454.9414367675781,640.5855712890625,-1,-1,-1,-1
21,1,-206.07037353515625,603.408935546875,471.5787353515625,724.9132080078125,-1,-1,-1,-1
1,2,749.370849609375,527.399169921875,115.62957763671875,254.87432861328125,-1,-1,-1,-1
2,2,769.4596557617188,533.9884033203125,112.86279296875,257.39227294921875,-1,-1,-1,-1
3,2,781.6233520507812,520.205810546875,103.56591796875,259.12884521484375,-1,-1,-1,-1
4,2,789.5594482421875,506.38543701171875,95.51318359375,259.48944091796875,-1,-1,-1,-1
5,2,792.0877685546875,490.2618408203125,94.74755859375,257.4014892578125,-1,-1,-1,-1
6,2,789.0052490234375,476.5686340332031,95.69219970703125,256.2944641113281,-1,-1,-1,-1
7,2,774.6121215820312,466.39508056640625,95.88897705078125,255.08746337890625,-1,-1,-1,-1
8,2,755.13037109375,463.4681396484375,98.87640380859375,250.76043701171875,-1,-1,-1,-1
9,2,739.7366333007812,462.7720642089844,100.056884765625,248.59976196289062,-1,-1,-1,-1
10,2,733.3021240234375,468.60223388671875,99.01409912109375,251.8538818359375,-1,-1,-1,-1
11,2,722.3751220703125,483.1239013671875,104.19097900390625,249.21820068359375,-1,-1,-1,-1
12,2,709.324462890625,494.3794860839844,106.12640380859375,248.92373657226562,-1,-1,-1,-1
13,2,699.8466186523438,492.82586669921875,109.91925048828125,246.418701171875,-1,-1,-1,-1
14,2,687.685791015625,478.1741943359375,113.5648193359375,246.25811767578125,-1,-1,-1,-1
15,2,670.782470703125,460.86810302734375,113.37567138671875,249.75103759765625,-1,-1,-1,-1
16,2,658.248291015625,447.4984436035156,113.501953125,252.64340209960938,-1,-1,-1,-1
17,2,650.023681640625,448.1373291015625,109.38238525390625,253.14276123046875,-1,-1,-1,-1
18,2,643.9393920898438,451.25286865234375,107.33892822265625,253.6793212890625,-1,-1,-1,-1
19,2,642.1796875,450.6743469238281,105.231201171875,255.97549438476562,-1,-1,-1,-1
20,2,645.2528076171875,450.3802795410156,104.155029296875,258.0401306152344,-1,-1,-1,-1
21,2,641.3150024414062,454.3517761230469,103.52740478515625,259.1772155761719,-1,-1,-1,-1
22,2,616.75634765625,461.7838134765625,101.48431396484375,259.39697265625,-1,-1,-1,-1
23,2,555.9100341796875,468.18109130859375,103.85980224609375,261.10845947265625,-1,-1,-1,-1
24,2,488.7744445800781,467.3097229003906,104.22470092773438,265.1789245605469,-1,-1,-1,-1
25,2,435.1455078125,459.3705749511719,108.988037109375,271.3309020996094,-1,-1,-1,-1
26,2,389.79754638671875,432.3236389160156,113.60958862304688,280.8634948730469,-1,-1,-1,-1
27,2,343.3373718261719,398.028564453125,122.68307495117188,289.25836181640625,-1,-1,-1,-1
28,2,282.36224365234375,380.6461486816406,134.70953369140625,299.7414245605469,-1,-1,-1,-1
29,2,217.80361938476562,387.7455139160156,150.19000244140625,304.0588684082031,-1,-1,-1,-1
30,2,178.06390380859375,398.53912353515625,155.26226806640625,310.27984619140625,-1,-1,-1,-1
31,2,197.90618896484375,403.15826416015625,156.27645874023438,313.153564453125,-1,-1,-1,-1
32,2,277.3681945800781,417.3644714355469,143.81549072265625,304.0854187011719,-1,-1,-1,-1
33,2,378.60382080078125,426.81243896484375,137.224609375,298.3050537109375,-1,-1,-1,-1
34,2,435.050048828125,437.08807373046875,132.74261474609375,288.33648681640625,-1,-1,-1,-1
35,2,422.1609802246094,432.38360595703125,136.92745971679688,290.96124267578125,-1,-1,-1,-1
36,2,356.0625305175781,433.7155456542969,140.42568969726562,299.5306091308594,-1,-1,-1,-1
37,2,263.2043762207031,446.2595520019531,147.34161376953125,300.2385559082031,-1,-1,-1,-1
38,2,187.90499877929688,460.81451416015625,149.40362548828125,312.24969482421875,-1,-1,-1,-1
39,2,138.70034790039062,451.6429443359375,150.67816162109375,319.7633056640625,-1,-1,-1,-1
40,2,108.54381561279297,444.65142822265625,153.97549438476562,320.79803466796875,-1,-1,-1,-1
41,2,99.18403625488281,444.39892578125,156.3232879638672,316.3846435546875,-1,-1,-1,-1
42,2,133.1681671142578,443.4705810546875,151.0098114013672,307.97674560546875,-1,-1,-1,-1
43,2,216.47552490234375,457.94232177734375,138.06594848632812,282.2095947265625,-1,-1,-1,-1
44,2,329.5234375,467.4023742675781,122.3175048828125,265.3282165527344,-1,-1,-1,-1
45,2,428.5196838378906,467.8580627441406,111.95712280273438,255.38204956054688,-1,-1,-1,-1
46,2,496.95135498046875,462.7284240722656,109.131103515625,251.55374145507812,-1,-1,-1,-1
47,2,534.7791748046875,445.84716796875,111.0340576171875,259.2093505859375,-1,-1,-1,-1
48,2,558.8609008789062,415.5723876953125,118.69696044921875,274.28857421875,-1,-1,-1,-1
49,2,586.8843994140625,388.15338134765625,120.94110107421875,290.2154541015625,-1,-1,-1,-1
50,2,613.017578125,374.76116943359375,123.3338623046875,302.72125244140625,-1,-1,-1,-1
51,2,639.4627685546875,384.574462890625,124.3089599609375,305.522216796875,-1,-1,-1,-1
52,2,658.843017578125,386.2550964355469,119.73828125,315.6700744628906,-1,-1,-1,-1
53,2,679.4121704101562,404.51458740234375,122.30572509765625,318.77166748046875,-1,-1,-1,-1
54,2,729.4409790039062,401.3935852050781,124.8953857421875,320.3578186035156,-1,-1,-1,-1
55,2,836.390380859375,365.6351623535156,141.10919189453125,326.4036560058594,-1,-1,-1,-1
56,2,1001.0343627929688,351.5363464355469,160.87603759765625,339.2633361816406,-1,-1,-1,-1
57,2,1135.6705322265625,384.168701171875,198.3280029296875,316.87744140625,-1,-1,-1,-1
58,2,798.9613037109375,397.9002990722656,136.3760986328125,267.4166564941406,-1,-1,-1,-1
64,2,759.4778442382812,397.77142333984375,41.2783203125,96.58541870117188,-1,-1,-1,-1
65,2,735.16845703125,412.60784912109375,34.042236328125,59.67535400390625,-1,-1,-1,-1
66,2,736.4573364257812,418.8890380859375,26.3780517578125,45.32666015625,-1,-1,-1,-1
67,2,778.9588012695312,415.3968505859375,28.53338623046875,46.279815673828125,-1,-1,-1,-1
68,2,872.2723999023438,413.7475280761719,45.71856689453125,67.26528930664062,-1,-1,-1,-1
69,2,864.3019409179688,477.1250915527344,36.5047607421875,90.60867309570312,-1,-1,-1,-1
70,2,944.1304321289062,455.925048828125,41.24090576171875,104.576904296875,-1,-1,-1,-1
13,3,1345.942138671875,409.0868835449219,124.9903564453125,387.1414489746094,-1,-1,-1,-1
14,3,1339.894775390625,439.49139404296875,103.3519287109375,342.2032470703125,-1,-1,-1,-1
15,3,1321.363037109375,421.09490966796875,102.334716796875,342.9500732421875,-1,-1,-1,-1
16,3,1303.158447265625,407.4878234863281,111.6751708984375,338.4167785644531,-1,-1,-1,-1
17,3,1288.892333984375,402.9250793457031,116.6387939453125,334.8062438964844,-1,-1,-1,-1
18,3,1279.1727294921875,400.4277648925781,129.5821533203125,333.4084167480469,-1,-1,-1,-1
19,3,1270.695068359375,393.6585388183594,134.790283203125,338.9562072753906,-1,-1,-1,-1
20,3,1267.0687255859375,391.46466064453125,137.2996826171875,341.92431640625,-1,-1,-1,-1
21,3,1258.4063720703125,392.51336669921875,138.6087646484375,344.5611572265625,-1,-1,-1,-1
22,3,1223.28271484375,391.7558288574219,146.56298828125,345.7360534667969,-1,-1,-1,-1
23,3,1146.3343505859375,392.1950988769531,147.3759765625,337.6158142089844,-1,-1,-1,-1
24,3,1062.9053955078125,394.8358154296875,142.55224609375,327.60089111328125,-1,-1,-1,-1
25,3,1001.670166015625,390.2923583984375,139.5706787109375,322.14306640625,-1,-1,-1,-1
26,3,957.306640625,364.8166198730469,141.0799560546875,322.2852478027344,-1,-1,-1,-1
27,3,916.1694946289062,322.57989501953125,144.15142822265625,332.61541748046875,-1,-1,-1,-1
28,3,860.4041137695312,296.5133361816406,148.0887451171875,335.8372497558594,-1,-1,-1,-1
29,3,806.3811645507812,289.2253112792969,145.28668212890625,338.9079284667969,-1,-1,-1,-1
30,3,769.7942504882812,293.0066833496094,143.63140869140625,343.9808654785156,-1,-1,-1,-1
31,3,781.6307373046875,298.721435546875,145.109619140625,348.2496337890625,-1,-1,-1,-1
32,3,844.2291259765625,305.3145751953125,151.76611328125,356.39312744140625,-1,-1,-1,-1
33,3,933.6505737304688,315.51666259765625,160.83685302734375,366.46405029296875,-1,-1,-1,-1
34,3,990.6878662109375,309.9890441894531,170.77783203125,380.3864440917969,-1,-1,-1,-1
35,3,982.0369873046875,308.6790466308594,176.5238037109375,385.7434997558594,-1,-1,-1,-1
36,3,919.35546875,311.8552551269531,174.946044921875,386.3005065917969,-1,-1,-1,-1
37,3,837.0599365234375,302.07080078125,173.58734130859375,394.871826171875,-1,-1,-1,-1
38,3,778.756591796875,318.4962463378906,164.7027587890625,408.4928894042969,-1,-1,-1,-1
39,3,743.7369995117188,305.2102966308594,166.2841796875,425.2000427246094,-1,-1,-1,-1
40,3,726.56494140625,288.32275390625,164.777587890625,441.12359619140625,-1,-1,-1,-1
41,3,723.8690185546875,272.0884094238281,163.04638671875,456.6138610839844,-1,-1,-1,-1
42,3,750.9324951171875,268.9518737792969,168.0616455078125,467.3779602050781,-1,-1,-1,-1
43,3,816.1502685546875,266.4596862792969,177.13189697265625,489.5584411621094,-1,-1,-1,-1
44,3,910.1566162109375,268.6868896484375,198.278076171875,515.4541015625,-1,-1,-1,-1
45,3,996.298828125,268.93878173828125,228.0784912109375,547.3899536132812,-1,-1,-1,-1
46,3,1060.8785400390625,287.883056640625,256.462646484375,570.825927734375,-1,-1,-1,-1
47,3,1107.71240234375,303.9166564941406,268.5206298828125,582.7569580078125,-1,-1,-1,-1
48,3,1167.065185546875,284.95343017578125,237.8858642578125,602.4949340820312,-1,-1,-1,-1
49,3,1216.4437255859375,313.399658203125,205.2772216796875,584.379638671875,-1,-1,-1,-1
50,3,1240.09033203125,268.51983642578125,194.704345703125,659.252685546875,-1,-1,-1,-1
51,3,1252.6043701171875,273.8794860839844,268.4171142578125,691.549560546875,-1,-1,-1,-1
52,3,1272.1019287109375,271.1871643066406,270.5672607421875,712.3248291015625,-1,-1,-1,-1
53,3,1268.1268310546875,312.9681396484375,282.6180419921875,726.613037109375,-1,-1,-1,-1
54,3,1257.3236083984375,376.64910888671875,304.32958984375,627.4603881835938,-1,-1,-1,-1
57,3,1169.748046875,349.3395690917969,169.6458740234375,364.1352844238281,-1,-1,-1,-1
58,3,909.3759765625,387.1212158203125,201.64306640625,322.5262451171875,-1,-1,-1,-1
56,4,22.528968811035156,441.6222839355469,309.661376953125,440.1471862792969,-1,-1,-1,-1
57,4,207.35009765625,417.603515625,265.5677490234375,411.60064697265625,-1,-1,-1,-1
58,4,318.9513854980469,408.98211669921875,239.43728637695312,394.65545654296875,-1,-1,-1,-1
59,4,377.8770751953125,392.1370544433594,226.39959716796875,395.8401794433594,-1,-1,-1,-1
60,4,372.28778076171875,387.9781494140625,229.5614013671875,400.7957763671875,-1,-1,-1,-1
61,4,337.44049072265625,359.0808410644531,228.95147705078125,417.6737365722656,-1,-1,-1,-1
62,4,231.609130859375,343.90655517578125,243.04983520507812,437.8985595703125,-1,-1,-1,-1
63,4,95.10247802734375,338.2874755859375,253.67379760742188,467.418212890625,-1,-1,-1,-1
64,4,18.732938766479492,355.1957702636719,256.95111083984375,494.8289489746094,-1,-1,-1,-1
65,4,0.6286392211914062,363.1221923828125,251.36648559570312,508.083251953125,-1,-1,-1,-1
66,4,5.49738883972168,362.35760498046875,262.2591857910156,520.1812133789062,-1,-1,-1,-1
67,4,67.98663330078125,358.6840515136719,266.13238525390625,513.7930908203125,-1,-1,-1,-1
68,4,213.63768005371094,368.35638427734375,241.06849670410156,494.7213134765625,-1,-1,-1,-1
69,4,350.0244445800781,381.7010192871094,214.20547485351562,484.3697204589844,-1,-1,-1,-1
70,4,437.92938232421875,365.61602783203125,197.68072509765625,487.52850341796875,-1,-1,-1,-1
71,4,493.9559631347656,341.8851623535156,184.88571166992188,498.7839050292969,-1,-1,-1,-1
72,4,541.339111328125,342.18280029296875,174.2789306640625,507.008544921875,-1,-1,-1,-1
73,4,576.9539794921875,348.1412658691406,173.1151123046875,516.7247314453125,-1,-1,-1,-1
74,4,594.1784057617188,345.6054992675781,173.24658203125,533.5474853515625,-1,-1,-1,-1
75,4,583.4816284179688,309.8106689453125,174.60595703125,561.1517333984375,-1,-1,-1,-1
76,4,561.8071899414062,309.0054016113281,177.32891845703125,581.8487548828125,-1,-1,-1,-1
77,4,555.8292846679688,299.22552490234375,183.28814697265625,604.3857421875,-1,-1,-1,-1
78,4,562.598388671875,300.04205322265625,190.43585205078125,625.8114013671875,-1,-1,-1,-1
79,4,570.6599731445312,314.6170654296875,214.116943359375,642.5088500976562,-1,-1,-1,-1
80,4,576.23974609375,330.4614562988281,229.37255859375,665.3099365234375,-1,-1,-1,-1
81,4,578.065673828125,329.2127685546875,259.1346435546875,692.6030883789062,-1,-1,-1,-1
82,4,572.7233276367188,328.91571044921875,266.92132568359375,728.1205444335938,-1,-1,-1,-1
83,4,559.1484375,330.4315490722656,284.6044921875,756.1798095703125,-1,-1,-1,-1
84,4,528.8543701171875,326.9197998046875,308.078369140625,777.9483642578125,-1,-1,-1,-1
85,4,519.60595703125,356.84075927734375,310.8013916015625,801.9400024414062,-1,-1,-1,-1
86,4,533.0635986328125,378.61456298828125,298.26617431640625,816.3325805664062,-1,-1,-1,-1
87,4,554.4478149414062,368.6155700683594,278.65777587890625,802.3671875,-1,-1,-1,-1
88,4,580.7176513671875,357.07232666015625,247.837646484375,784.6437377929688,-1,-1,-1,-1
89,4,566.2762451171875,337.751708984375,240.3837890625,767.710205078125,-1,-1,-1,-1
90,4,518.276611328125,349.92584228515625,240.99530029296875,780.1807250976562,-1,-1,-1,-1
91,4,415.1871032714844,381.7804260253906,259.9279479980469,818.3072509765625,-1,-1,-1,-1
92,4,272.01239013671875,427.0553283691406,299.03350830078125,874.6883544921875,-1,-1,-1,-1
93,4,185.24978637695312,467.8826599121094,335.8477478027344,900.3448486328125,-1,-1,-1,-1
94,4,175.3348388671875,479.1730041503906,346.07818603515625,913.236328125,-1,-1,-1,-1
95,4,175.24789428710938,446.5516052246094,352.9818420410156,897.1434326171875,-1,-1,-1,-1
96,4,165.75930786132812,438.026123046875,368.0825500488281,891.751708984375,-1,-1,-1,-1
97,4,150.26271057128906,411.38397216796875,369.36773681640625,855.8716430664062,-1,-1,-1,-1
98,4,141.5406494140625,391.2745361328125,361.3810729980469,819.32177734375,-1,-1,-1,-1
99,4,157.60629272460938,399.86932373046875,349.1160583496094,790.2144165039062,-1,-1,-1,-1
100,4,183.70755004882812,396.5588073730469,347.4382629394531,792.7745361328125,-1,-1,-1,-1
101,4,210.55467224121094,380.9091796875,354.255859375,799.9085693359375,-1,-1,-1,-1
102,4,227.76028442382812,362.66510009765625,374.6211853027344,802.1802368164062,-1,-1,-1,-1
103,4,245.18252563476562,374.164794921875,386.5417175292969,805.1683349609375,-1,-1,-1,-1
104,4,291.6692810058594,378.430419921875,378.6043395996094,796.114990234375,-1,-1,-1,-1
105,4,381.538818359375,380.0554504394531,366.927734375,779.9051513671875,-1,-1,-1,-1
106,4,468.0015869140625,365.68231201171875,358.27313232421875,770.9196166992188,-1,-1,-1,-1
107,4,520.136962890625,355.4498596191406,334.17462158203125,754.77099609375,-1,-1,-1,-1
108,4,545.7241821289062,323.3314208984375,280.65228271484375,732.72900390625,-1,-1,-1,-1
109,4,568.231201171875,284.084716796875,268.647216796875,707.5646362304688,-1,-1,-1,-1
110,4,570.15966796875,258.3939208984375,269.8175048828125,692.6461791992188,-1,-1,-1,-1
111,4,533.2786865234375,242.73605346679688,277.00286865234375,707.6046142578125,-1,-1,-1,-1
112,4,455.9013366699219,262.5430603027344,284.0664367675781,725.7593994140625,-1,-1,-1,-1
113,4,363.4469909667969,320.8344421386719,300.7644348144531,730.610595703125,-1,-1,-1,-1
114,4,289.0061950683594,399.82611083984375,316.0160827636719,732.9575805664062,-1,-1,-1,-1
115,4,230.96493530273438,428.6839904785156,333.1194152832031,749.5513916015625,-1,-1,-1,-1
116,4,177.3606414794922,478.1518859863281,364.78826904296875,770.0672607421875,-1,-1,-1,-1
117,4,141.01063537597656,502.2556457519531,395.19927978515625,785.638427734375,-1,-1,-1,-1
118,4,88.24200439453125,493.817138671875,434.52996826171875,812.203125,-1,-1,-1,-1
119,4,25.04414176940918,502.1342468261719,475.24078369140625,845.61279296875,-1,-1,-1,-1
120,4,-4.75311279296875,502.2822570800781,488.2432861328125,882.8671875,-1,-1,-1,-1
121,4,-4.982999801635742,492.4505615234375,491.7259826660156,903.638671875,-1,-1,-1,-1
122,4,51.370704650878906,424.0631103515625,459.1373596191406,924.637939453125,-1,-1,-1,-1
123,4,233.60731506347656,364.7529296875,363.35260009765625,906.1724853515625,-1,-1,-1,-1
124,4,429.56854248046875,315.69805908203125,281.01458740234375,889.3500366210938,-1,-1,-1,-1
125,4,560.5896606445312,273.6051940917969,270.3182373046875,905.211669921875,-1,-1,-1,-1
126,4,629.8168334960938,234.62680053710938,312.6632080078125,943.3170166015625,-1,-1,-1,-1
127,4,673.64697265625,209.87033081054688,341.9581298828125,984.9395751953125,-1,-1,-1,-1
128,4,707.005126953125,204.03762817382812,394.373291015625,1022.452880859375,-1,-1,-1,-1
129,4,729.7703247070312,196.9910888671875,452.00836181640625,1066.521728515625,-1,-1,-1,-1
130,4,744.7850341796875,186.63885498046875,504.0758056640625,1108.1875,-1,-1,-1,-1
131,4,743.4666748046875,195.9830780029297,562.398681640625,1148.0018310546875,-1,-1,-1,-1
132,4,745.5789794921875,204.02235412597656,625.7718505859375,1194.2386474609375,-1,-1,-1,-1
133,4,716.0030517578125,216.67710876464844,697.2183837890625,1193.3619384765625,-1,-1,-1,-1
134,4,735.5117797851562,209.9476318359375,679.5604858398438,1199.8983154296875,-1,-1,-1,-1
135,4,709.8558959960938,216.90499877929688,702.7935180664062,1199.640380859375,-1,-1,-1,-1
136,4,648.0404663085938,242.2665557861328,775.9293823242188,1183.66015625,-1,-1,-1,-1
137,4,635.3515014648438,290.1712646484375,792.1709594726562,1128.062255859375,-1,-1,-1,-1
138,4,701.51953125,312.197998046875,714.3135986328125,1087.182373046875,-1,-1,-1,-1
139,4,707.317626953125,270.6649169921875,714.6573486328125,1067.4351806640625,-1,-1,-1,-1
140,4,731.791015625,218.9884796142578,734.0804443359375,1149.7418212890625,-1,-1,-1,-1
141,4,754.995849609375,223.12107849121094,776.1090087890625,1158.209716796875,-1,-1,-1,-1
142,4,756.9786987304688,305.9737548828125,772.2883911132812,1040.3929443359375,-1,-1,-1,-1
143,4,688.8099365234375,395.69244384765625,732.5975341796875,991.5438842773438,-1,-1,-1,-1
144,4,610.4778442382812,436.4222717285156,696.9992065429688,973.6898193359375,-1,-1,-1,-1
145,4,570.2621459960938,551.5880737304688,682.8076782226562,860.5177612304688,-1,-1,-1,-1
146,4,589.364990234375,547.8805541992188,667.963134765625,858.6443481445312,-1,-1,-1,-1
147,4,657.0970458984375,557.9678955078125,667.634033203125,852.6488037109375,-1,-1,-1,-1
148,4,656.1759033203125,521.5030517578125,719.0670166015625,882.948486328125,-1,-1,-1,-1
149,4,676.517333984375,508.8265075683594,740.675537109375,881.8843994140625,-1,-1,-1,-1
150,4,741.6986083984375,505.037841796875,676.271240234375,905.7421875,-1,-1,-1,-1
151,4,886.9137573242188,504.73358154296875,522.8518676757812,897.6536254882812,-1,-1,-1,-1
152,4,1022.8768310546875,468.329833984375,388.4759521484375,874.7352294921875,-1,-1,-1,-1
153,4,1093.8997802734375,462.0038757324219,340.6077880859375,925.16455078125,-1,-1,-1,-1
154,4,1137.1978759765625,461.71697998046875,279.2626953125,805.1000366210938,-1,-1,-1,-1
155,4,1157.17822265625,450.5784606933594,258.0733642578125,762.6722412109375,-1,-1,-1,-1
156,4,1162.7398681640625,439.0762634277344,261.4107666015625,743.01025390625,-1,-1,-1,-1
157,4,1158.127685546875,442.264892578125,257.6546630859375,691.75927734375,-1,-1,-1,-1
158,4,1192.968017578125,452.22381591796875,221.1968994140625,611.2462768554688,-1,-1,-1,-1
159,4,1219.504150390625,454.0068664550781,190.484375,541.0533447265625,-1,-1,-1,-1
160,4,1204.5360107421875,454.8052978515625,183.9801025390625,490.40216064453125,-1,-1,-1,-1
161,4,1152.504150390625,482.0989685058594,183.29931640625,458.3481140136719,-1,-1,-1,-1
162,4,1090.422119140625,512.2405395507812,182.42919921875,425.63897705078125,-1,-1,-1,-1
163,4,1035.5970458984375,539.7338256835938,152.5653076171875,378.956298828125,-1,-1,-1,-1
164,4,1001.41552734375,560.2191162109375,126.18994140625,333.285400390625,-1,-1,-1,-1
165,4,985.6027221679688,558.0792846679688,135.63873291015625,307.14495849609375,-1,-1,-1,-1
166,4,963.2713012695312,538.2012939453125,146.66729736328125,298.470458984375,-1,-1,-1,-1
167,4,965.2398071289062,565.7470703125,134.27093505859375,267.77191162109375,-1,-1,-1,-1
168,4,963.0516967773438,588.8157348632812,135.09906005859375,226.7550048828125,-1,-1,-1,-1
169,4,928.603515625,607.4011840820312,172.97802734375,204.797607421875,-1,-1,-1,-1
170,4,918.7186889648438,613.8285522460938,215.95782470703125,251.61602783203125,-1,-1,-1,-1
58,5,1297.5955810546875,383.41815185546875,147.8643798828125,350.35467529296875,-1,-1,-1,-1
59,5,1309.13232421875,375.2906188964844,162.2119140625,390.8174743652344,-1,-1,-1,-1
60,5,1296.6390380859375,329.0684509277344,225.6983642578125,438.4064025878906,-1,-1,-1,-1
61,5,1317.164794921875,332.7401123046875,184.6436767578125,426.791748046875,-1,-1,-1,-1
62,5,1242.5950927734375,372.47943115234375,166.989013671875,395.740478515625,-1,-1,-1,-1
63,5,1114.8765869140625,385.3810729980469,181.766845703125,400.2467346191406,-1,-1,-1,-1
64,5,1038.783447265625,420.947265625,168.6966552734375,379.95098876953125,-1,-1,-1,-1
65,5,1012.5213623046875,451.9136047363281,169.0811767578125,356.9963684082031,-1,-1,-1,-1
66,5,1020.3147583007812,460.96142578125,171.55426025390625,350.9193115234375,-1,-1,-1,-1
67,5,1089.2430419921875,447.5272216796875,181.4000244140625,363.85028076171875,-1,-1,-1,-1
68,5,896.9691162109375,459.3607482910156,238.8057861328125,331.3151550292969,-1,-1,-1,-1
68,6,1226.5386962890625,443.4685974121094,181.455078125,394.0370178222656,-1,-1,-1,-1
69,6,1190.8568115234375,457.78375244140625,269.516357421875,399.55645751953125,-1,-1,-1,-1
78,7,231.72093200683594,526.6032104492188,39.73902893066406,64.2879638671875,-1,-1,-1,-1
79,7,223.80657958984375,537.9951782226562,35.19549560546875,61.55462646484375,-1,-1,-1,-1
80,7,204.9445037841797,556.5911254882812,41.63185119628906,71.836669921875,-1,-1,-1,-1
81,7,173.7458038330078,579.0712890625,45.41136169433594,64.36578369140625,-1,-1,-1,-1
82,7,126.49368286132812,611.8403930664062,48.1285400390625,73.21954345703125,-1,-1,-1,-1
83,7,78.93586730957031,620.6286010742188,47.87114715576172,68.1436767578125,-1,-1,-1,-1
84,7,20.287109375,607.7662353515625,45.65243148803711,75.26275634765625,-1,-1,-1,-1
91,8,1211.201904296875,420.66009521484375,169.638916015625,402.35260009765625,-1,-1,-1,-1
92,8,1035.2789306640625,433.6070251464844,148.271240234375,366.9533386230469,-1,-1,-1,-1
93,8,922.9896850585938,464.47625732421875,129.93731689453125,329.6978759765625,-1,-1,-1,-1
94,8,877.2537231445312,472.67401123046875,125.65289306640625,317.124267578125,-1,-1,-1,-1
95,8,856.3428344726562,458.59857177734375,124.9111328125,319.04034423828125,-1,-1,-1,-1
96,8,822.6806030273438,444.4326171875,125.56585693359375,320.20855712890625,-1,-1,-1,-1
97,8,798.3952026367188,421.4188232421875,122.52313232421875,330.1707763671875,-1,-1,-1,-1
98,8,779.6298217773438,415.7691955566406,122.64404296875,334.5199890136719,-1,-1,-1,-1
99,8,780.7117919921875,419.8594055175781,120.2449951171875,335.7587585449219,-1,-1,-1,-1
100,8,787.516845703125,415.3015441894531,118.2508544921875,339.8584899902344,-1,-1,-1,-1
101,8,800.2381591796875,409.51617431640625,120.3072509765625,335.77679443359375,-1,-1,-1,-1
102,8,806.5176391601562,392.37640380859375,120.59747314453125,330.9267578125,-1,-1,-1,-1
103,8,821.9544067382812,410.51617431640625,123.23028564453125,324.658203125,-1,-1,-1,-1
104,8,860.342041015625,406.9444580078125,125.0494384765625,326.89007568359375,-1,-1,-1,-1
105,8,939.7774047851562,386.50958251953125,131.50726318359375,341.29815673828125,-1,-1,-1,-1
106,8,1027.6002197265625,352.6875,139.3199462890625,370.0894775390625,-1,-1,-1,-1
107,8,1086.0013427734375,333.9247741699219,144.811767578125,388.8575744628906,-1,-1,-1,-1
108,8,1120.84130859375,310.5262451171875,150.7322998046875,402.140380859375,-1,-1,-1,-1
109,8,1149.0887451171875,283.1636047363281,147.9234619140625,412.7187805175781,-1,-1,-1,-1
110,8,1155.5067138671875,249.58648681640625,147.6922607421875,416.88287353515625,-1,-1,-1,-1
111,8,1122.949951171875,244.71881103515625,153.29443359375,402.80096435546875,-1,-1,-1,-1
112,8,1040.28173828125,258.71575927734375,151.2115478515625,386.58892822265625,-1,-1,-1,-1
113,8,944.9564819335938,291.61199951171875,141.86431884765625,368.93878173828125,-1,-1,-1,-1
114,8,868.9097290039062,333.13519287109375,134.6353759765625,361.48004150390625,-1,-1,-1,-1
115,8,819.0833740234375,346.6150817871094,133.78857421875,367.6896057128906,-1,-1,-1,-1
116,8,773.860595703125,367.6240539550781,128.7088623046875,372.0755310058594,-1,-1,-1,-1
117,8,742.6815185546875,374.58740234375,130.0047607421875,375.8597412109375,-1,-1,-1,-1
118,8,701.5479125976562,371.09735107421875,132.621826171875,375.7567138671875,-1,-1,-1,-1
119,8,653.7291870117188,389.99835205078125,132.3184814453125,372.59820556640625,-1,-1,-1,-1
120,8,625.221435546875,425.18597412109375,133.1988525390625,356.29132080078125,-1,-1,-1,-1
121,8,632.4515991210938,435.57000732421875,133.73736572265625,352.9647216796875,-1,-1,-1,-1
122,8,699.5084838867188,424.57666015625,137.5828857421875,348.2508544921875,-1,-1,-1,-1
123,8,844.3301391601562,394.8021240234375,150.5693359375,366.23681640625,-1,-1,-1,-1
124,8,1027.92919921875,361.83770751953125,172.513427734375,404.31585693359375,-1,-1,-1,-1
125,8,1167.03369140625,370.9053955078125,191.15087890625,401.926513671875,-1,-1,-1,-1
126,8,1257.050048828125,338.2813720703125,175.568359375,458.2022705078125,-1,-1,-1,-1
127,8,1304.5849609375,303.6300048828125,191.861083984375,526.9619140625,-1,-1,-1,-1
128,8,1293.388427734375,302.7554626464844,230.022216796875,627.8663330078125,-1,-1,-1,-1
145,9,830.0712890625,470.6936340332031,270.3848876953125,390.2041931152344,-1,-1,-1,-1
146,9,820.5469360351562,464.7826232910156,191.941162109375,417.4364929199219,-1,-1,-1,-1
147,9,756.6759033203125,507.35968017578125,242.96990966796875,411.605712890625,-1,-1,-1,-1
148,9,737.2388916015625,502.87677001953125,240.7633056640625,391.23712158203125,-1,-1,-1,-1
149,9,730.6944580078125,493.97747802734375,235.93267822265625,396.67535400390625,-1,-1,-1,-1
150,9,739.1183471679688,495.95001220703125,252.50164794921875,411.6439208984375,-1,-1,-1,-1
151,9,718.267578125,493.4670715332031,287.7581787109375,429.2018737792969,-1,-1,-1,-1
152,9,690.7860107421875,471.1361083984375,354.9691162109375,442.11090087890625,-1,-1,-1,-1
153,9,687.7733764648438,456.7759094238281,408.76239013671875,472.2085876464844,-1,-1,-1,-1
154,9,686.3807983398438,460.43621826171875,441.18280029296875,500.85247802734375,-1,-1,-1,-1
155,9,705.9053955078125,457.0643615722656,414.736328125,514.9967041015625,-1,-1,-1,-1
156,9,717.21337890625,469.8004455566406,319.738525390625,486.5739440917969,-1,-1,-1,-1
157,9,743.2216796875,487.99908447265625,278.07781982421875,459.25469970703125,-1,-1,-1,-1
158,9,790.4279174804688,479.248046875,256.86175537109375,450.18658447265625,-1,-1,-1,-1
159,9,821.1231079101562,462.788330078125,282.30670166015625,455.27362060546875,-1,-1,-1,-1
160,9,813.5728759765625,457.2595520019531,301.0516357421875,450.1676940917969,-1,-1,-1,-1
161,9,788.5181884765625,454.5370788574219,340.0115966796875,446.3399963378906,-1,-1,-1,-1
162,9,792.031494140625,484.072265625,307.1553955078125,422.4444580078125,-1,-1,-1,-1
163,9,781.6246337890625,507.1276550292969,274.3099365234375,414.4446105957031,-1,-1,-1,-1
164,9,731.4434814453125,541.4197998046875,298.3214111328125,404.67144775390625,-1,-1,-1,-1
165,9,719.17431640625,551.6674194335938,339.2734375,385.309814453125,-1,-1,-1,-1
166,9,730.1519775390625,547.8726196289062,368.4512939453125,368.20098876953125,-1,-1,-1,-1
167,9,772.0400390625,573.5550537109375,306.0811767578125,354.87066650390625,-1,-1,-1,-1
168,9,845.6864013671875,588.7894897460938,254.0936279296875,344.02288818359375,-1,-1,-1,-1
169,9,902.4580078125,608.26953125,206.5316162109375,320.0340576171875,-1,-1,-1,-1
170,9,911.3707885742188,609.0732421875,231.51287841796875,318.67529296875,-1,-1,-1,-1
171,9,911.475341796875,607.0355224609375,238.44921875,320.6798095703125,-1,-1,-1,-1
172,9,906.1141357421875,589.4391479492188,222.634521484375,327.46868896484375,-1,-1,-1,-1
173,9,889.5396118164062,561.8406982421875,216.35540771484375,340.54815673828125,-1,-1,-1,-1
174,9,887.0917358398438,569.3329467773438,211.67950439453125,305.59527587890625,-1,-1,-1,-1
175,9,939.9844970703125,562.9044799804688,174.3812255859375,282.149169921875,-1,-1,-1,-1
176,9,957.5667724609375,584.6030883789062,155.99462890625,269.56976318359375,-1,-1,-1,-1
177,9,947.1201171875,614.4979858398438,142.0064697265625,261.2974853515625,-1,-1,-1,-1
178,9,938.1048583984375,628.0573120117188,128.410400390625,253.67083740234375,-1,-1,-1,-1
179,9,927.1985473632812,627.4512939453125,129.30364990234375,242.8231201171875,-1,-1,-1,-1
180,9,920.0928344726562,616.9708251953125,130.90606689453125,214.66058349609375,-1,-1,-1,-1
181,9,911.9661865234375,617.8822021484375,125.3785400390625,218.6282958984375,-1,-1,-1,-1
182,9,896.8067626953125,594.531005859375,114.76165771484375,218.68560791015625,-1,-1,-1,-1
183,9,875.4954833984375,587.2266845703125,101.9686279296875,222.1783447265625,-1,-1,-1,-1
184,9,851.1402587890625,594.1651000976562,111.2579345703125,222.423095703125,-1,-1,-1,-1
185,9,811.7536010742188,588.3391723632812,145.283203125,234.91143798828125,-1,-1,-1,-1
186,9,782.6516723632812,607.0057373046875,173.69525146484375,226.4261474609375,-1,-1,-1,-1
187,9,750.6914672851562,605.3123168945312,210.25042724609375,223.5167236328125,-1,-1,-1,-1
188,9,741.1207885742188,606.1376342773438,226.272705078125,218.87841796875,-1,-1,-1,-1
189,9,754.554443359375,624.8707275390625,227.81256103515625,197.98345947265625,-1,-1,-1,-1
190,9,758.443359375,638.5121459960938,233.967041015625,188.17559814453125,-1,-1,-1,-1
191,9,769.5375366210938,649.5933837890625,221.915283203125,176.34844970703125,-1,-1,-1,-1
192,9,782.284423828125,659.3658447265625,203.32794189453125,168.6090087890625,-1,-1,-1,-1
193,9,792.90673828125,668.495361328125,177.69573974609375,162.53900146484375,-1,-1,-1,-1
194,9,781.855712890625,673.6632080078125,177.5750732421875,163.0299072265625,-1,-1,-1,-1
195,9,767.3045043945312,713.0288696289062,157.17431640625,170.252197265625,-1,-1,-1,-1
196,9,763.240966796875,751.42724609375,142.35406494140625,170.48919677734375,-1,-1,-1,-1
197,9,755.4398803710938,763.2774658203125,126.8944091796875,171.60357666015625,-1,-1,-1,-1
198,9,744.3743286132812,755.607421875,123.32427978515625,169.00079345703125,-1,-1,-1,-1
199,9,725.1057739257812,729.8169555664062,118.012939453125,168.9822998046875,-1,-1,-1,-1
200,9,699.1815185546875,714.3045043945312,119.79498291015625,167.38201904296875,-1,-1,-1,-1
201,9,668.3074340820312,697.15869140625,121.8133544921875,164.1884765625,-1,-1,-1,-1
202,9,622.0460815429688,717.987548828125,127.43768310546875,172.0859375,-1,-1,-1,-1
203,9,567.4346313476562,739.9940795898438,136.6614990234375,169.86083984375,-1,-1,-1,-1
204,9,513.3583984375,747.1806030273438,138.7470703125,176.835205078125,-1,-1,-1,-1
205,9,471.5833435058594,746.3414916992188,132.24905395507812,186.95562744140625,-1,-1,-1,-1
206,9,439.95819091796875,752.27734375,136.11700439453125,192.3929443359375,-1,-1,-1,-1
207,9,435.4444580078125,757.3948364257812,138.45458984375,199.7371826171875,-1,-1,-1,-1
208,9,444.042236328125,766.8630981445312,134.74481201171875,209.46270751953125,-1,-1,-1,-1
209,9,447.6402282714844,781.303955078125,132.08987426757812,216.5604248046875,-1,-1,-1,-1
210,9,452.58734130859375,777.646484375,126.0101318359375,234.82452392578125,-1,-1,-1,-1
211,9,464.990234375,778.0278930664062,117.2449951171875,233.45880126953125,-1,-1,-1,-1
212,9,479.5298767089844,753.0469360351562,108.43295288085938,242.1571044921875,-1,-1,-1,-1
213,9,499.0267028808594,723.0426025390625,97.66659545898438,245.79095458984375,-1,-1,-1,-1
214,9,541.3858032226562,696.2439575195312,92.57855224609375,242.93450927734375,-1,-1,-1,-1
215,9,620.9326171875,679.6271362304688,84.715087890625,236.740234375,-1,-1,-1,-1
216,9,734.16259765625,671.8289794921875,81.69482421875,245.20330810546875,-1,-1,-1,-1
217,9,842.41748046875,664.047119140625,80.72149658203125,252.105712890625,-1,-1,-1,-1
218,9,911.8731079101562,644.1775512695312,82.73114013671875,258.49127197265625,-1,-1,-1,-1
219,9,946.4716796875,622.29150390625,83.512939453125,264.6468505859375,-1,-1,-1,-1
220,9,965.0668334960938,601.203857421875,89.84869384765625,266.3916015625,-1,-1,-1,-1
221,9,974.3323974609375,596.3463134765625,97.53076171875,268.881591796875,-1,-1,-1,-1
222,9,970.5225219726562,598.0913696289062,97.81280517578125,268.0592041015625,-1,-1,-1,-1
223,9,976.4599609375,579.938232421875,97.2093505859375,271.00592041015625,-1,-1,-1,-1
224,9,967.2393798828125,552.793701171875,93.3017578125,268.31549072265625,-1,-1,-1,-1
225,9,908.437744140625,540.09326171875,87.78143310546875,252.55047607421875,-1,-1,-1,-1
226,9,843.04248046875,513.6719360351562,86.4656982421875,264.22705078125,-1,-1,-1,-1
227,9,784.7398681640625,505.92779541015625,84.40130615234375,262.52349853515625,-1,-1,-1,-1
228,9,732.7061157226562,489.017578125,90.1646728515625,263.321533203125,-1,-1,-1,-1
229,9,681.4882202148438,470.1292724609375,95.94097900390625,263.7274169921875,-1,-1,-1,-1
230,9,637.2938842773438,459.2812805175781,100.29779052734375,265.3147888183594,-1,-1,-1,-1
231,9,615.9016723632812,441.762451171875,105.7261962890625,268.673095703125,-1,-1,-1,-1
232,9,603.3780517578125,427.8290710449219,113.8614501953125,274.3285217285156,-1,-1,-1,-1
233,9,605.3345947265625,416.10162353515625,120.934326171875,276.7701416015625,-1,-1,-1,-1
234,9,610.8246459960938,410.6282653808594,127.0364990234375,278.9625549316406,-1,-1,-1,-1
235,9,622.02099609375,406.4125061035156,130.59912109375,280.1529235839844,-1,-1,-1,-1
236,9,648.7119140625,400.1421203613281,127.58563232421875,283.4186706542969,-1,-1,-1,-1
237,9,720.7836303710938,394.6491394042969,129.559814453125,284.4986877441406,-1,-1,-1,-1
238,9,865.7579956054688,408.852783203125,132.14501953125,286.98297119140625,-1,-1,-1,-1
239,9,1021.2885131835938,427.13360595703125,146.40155029296875,301.144287109375,-1,-1,-1,-1
240,9,797.1957397460938,468.478759765625,166.345947265625,235.88970947265625,-1,-1,-1,-1
156,10,1227.3775634765625,447.4250793457031,103.68896484375,302.3294372558594,-1,-1,-1,-1
157,10,1189.34326171875,448.06134033203125,93.434814453125,290.5362548828125,-1,-1,-1,-1
158,10,1161.3133544921875,448.20721435546875,96.1292724609375,281.97833251953125,-1,-1,-1,-1
159,10,1126.09521484375,454.7519836425781,111.9224853515625,275.5854187011719,-1,-1,-1,-1
160,10,1071.8253173828125,457.0450439453125,123.5045166015625,263.0001220703125,-1,-1,-1,-1
161,10,1006.9275512695312,491.38507080078125,133.30548095703125,236.30242919921875,-1,-1,-1,-1
162,10,930.3849487304688,500.91693115234375,162.50140380859375,243.9033203125,-1,-1,-1,-1
163,10,834.5272216796875,511.12860107421875,218.37451171875,242.80078125,-1,-1,-1,-1
164,10,795.8316650390625,544.52685546875,141.99371337890625,210.95501708984375,-1,-1,-1,-1
165,10,800.1101684570312,564.7710571289062,104.6513671875,188.99761962890625,-1,-1,-1,-1
166,10,792.946533203125,533.3568725585938,101.49151611328125,208.40203857421875,-1,-1,-1,-1
167,10,786.1801147460938,549.1926879882812,114.47259521484375,215.25146484375,-1,-1,-1,-1
168,10,781.7513427734375,560.0882568359375,101.05859375,205.97283935546875,-1,-1,-1,-1
169,10,749.1751708984375,551.2627563476562,92.6053466796875,211.70806884765625,-1,-1,-1,-1
170,10,735.6715698242188,566.4281005859375,74.995849609375,200.4620361328125,-1,-1,-1,-1
171,10,723.3724975585938,570.2236328125,85.40606689453125,203.0738525390625,-1,-1,-1,-1
172,10,716.6590576171875,569.2193603515625,97.403564453125,202.24884033203125,-1,-1,-1,-1
173,10,701.1760864257812,551.7762451171875,107.5126953125,215.89715576171875,-1,-1,-1,-1
174,10,691.8582763671875,548.3094482421875,114.535888671875,211.9296875,-1,-1,-1,-1
175,10,705.2100830078125,533.323486328125,108.35015869140625,214.63055419921875,-1,-1,-1,-1
176,10,705.338623046875,555.33642578125,100.10693359375,207.450439453125,-1,-1,-1,-1
177,10,687.3206787109375,579.9774169921875,97.4132080078125,205.74505615234375,-1,-1,-1,-1
178,10,660.9779052734375,595.2575073242188,102.92340087890625,209.56036376953125,-1,-1,-1,-1
179,10,645.7523193359375,583.72314453125,107.61578369140625,231.24298095703125,-1,-1,-1,-1
180,10,640.3367919921875,562.5413208007812,110.6541748046875,240.69085693359375,-1,-1,-1,-1
181,10,637.542236328125,581.9510498046875,112.0069580078125,241.4395751953125,-1,-1,-1,-1
182,10,625.177734375,568.3575439453125,114.580078125,245.53875732421875,-1,-1,-1,-1
183,10,601.308349609375,577.8911743164062,117.902587890625,236.70330810546875,-1,-1,-1,-1
184,10,584.6771240234375,574.3212280273438,109.21728515625,245.4532470703125,-1,-1,-1,-1
185,10,575.9669799804688,583.72509765625,105.12872314453125,246.86346435546875,-1,-1,-1,-1
186,10,570.2045288085938,587.5570068359375,91.3031005859375,253.809814453125,-1,-1,-1,-1
187,10,567.9330444335938,584.8148803710938,87.3597412109375,250.30389404296875,-1,-1,-1,-1
188,10,556.2315063476562,588.085205078125,104.55706787109375,256.0230712890625,-1,-1,-1,-1
189,10,544.970947265625,595.4297485351562,122.93011474609375,263.77691650390625,-1,-1,-1,-1
190,10,537.8543701171875,591.7394409179688,128.21746826171875,275.03839111328125,-1,-1,-1,-1
191,10,532.8883666992188,586.6900634765625,132.0343017578125,282.35791015625,-1,-1,-1,-1
192,10,526.160400390625,589.8748168945312,131.3128662109375,285.94073486328125,-1,-1,-1,-1
193,10,520.2257080078125,601.1090087890625,125.0185546875,280.8719482421875,-1,-1,-1,-1
194,10,507.38116455078125,615.2127075195312,126.51055908203125,282.27862548828125,-1,-1,-1,-1
195,10,486.0652770996094,658.18994140625,131.36154174804688,284.27178955078125,-1,-1,-1,-1
196,10,464.75982666015625,690.96044921875,124.21527099609375,291.8760986328125,-1,-1,-1,-1
197,10,432.64569091796875,701.7686157226562,145.67913818359375,297.911865234375,-1,-1,-1,-1
198,10,412.22796630859375,689.3746337890625,149.7432861328125,313.33013916015625,-1,-1,-1,-1
199,10,391.939453125,657.551025390625,149.5872802734375,333.9178466796875,-1,-1,-1,-1
200,10,367.525634765625,655.513916015625,149.5369873046875,340.5296630859375,-1,-1,-1,-1
201,10,326.3127746582031,642.2824096679688,157.178466796875,344.82452392578125,-1,-1,-1,-1
202,10,265.5852966308594,671.625732421875,157.7799072265625,349.1817626953125,-1,-1,-1,-1
203,10,188.35231018066406,694.41015625,167.1107635498047,365.960693359375,-1,-1,-1,-1
204,10,109.5256576538086,710.3943481445312,164.33383178710938,372.83258056640625,-1,-1,-1,-1
172,11,899.8803100585938,592.3535766601562,115.7633056640625,182.52459716796875,-1,-1,-1,-1
173,11,892.1763305664062,592.4711303710938,109.43280029296875,178.3140869140625,-1,-1,-1,-1
174,11,880.0475463867188,585.82568359375,112.64019775390625,177.87872314453125,-1,-1,-1,-1
175,11,892.659912109375,571.307373046875,94.98956298828125,182.6981201171875,-1,-1,-1,-1
176,11,884.755126953125,585.984375,107.7705078125,179.53961181640625,-1,-1,-1,-1
177,11,866.8496704101562,618.69287109375,88.57940673828125,163.1676025390625,-1,-1,-1,-1
178,11,843.7848510742188,621.9696044921875,81.67572021484375,173.8602294921875,-1,-1,-1,-1
179,11,829.279296875,639.21240234375,91.16302490234375,158.05413818359375,-1,-1,-1,-1
180,11,796.5617065429688,623.4432373046875,124.076416015625,153.115234375,-1,-1,-1,-1
181,11,786.6446533203125,627.55615234375,142.4326171875,161.346923828125,-1,-1,-1,-1
182,11,772.08984375,605.66748046875,147.84197998046875,168.156982421875,-1,-1,-1,-1
183,11,750.8917846679688,597.7060546875,142.67034912109375,177.47296142578125,-1,-1,-1,-1
184,11,723.329345703125,602.5303344726562,132.7022705078125,178.1484375,-1,-1,-1,-1
185,11,702.0340576171875,613.5584106445312,105.497314453125,178.80810546875,-1,-1,-1,-1
186,11,683.825439453125,621.0319213867188,114.96136474609375,181.83099365234375,-1,-1,-1,-1
187,11,670.3562622070312,612.4261474609375,129.506103515625,184.69964599609375,-1,-1,-1,-1
188,11,663.867431640625,609.4989013671875,135.6287841796875,199.468994140625,-1,-1,-1,-1
189,11,650.714111328125,623.1984252929688,141.5736083984375,201.40545654296875,-1,-1,-1,-1
190,11,639.0226440429688,621.4225463867188,137.5174560546875,203.16790771484375,-1,-1,-1,-1
191,11,613.33056640625,622.1681518554688,138.3756103515625,203.003173828125,-1,-1,-1,-1
192,11,617.7781982421875,622.7963256835938,98.2249755859375,208.77471923828125,-1,-1,-1,-1
193,11,593.7238159179688,627.2044677734375,105.95916748046875,213.3519287109375,-1,-1,-1,-1
194,11,568.0431518554688,634.0985107421875,131.60260009765625,217.7315673828125,-1,-1,-1,-1
195,11,537.1824951171875,666.9732666015625,148.7069091796875,229.3641357421875,-1,-1,-1,-1
196,11,509.4527587890625,701.0904541015625,149.89520263671875,237.980712890625,-1,-1,-1,-1
197,11,486.58447265625,722.94580078125,145.84210205078125,221.32379150390625,-1,-1,-1,-1
198,11,442.2849426269531,706.784912109375,119.81118774414062,247.91033935546875,-1,-1,-1,-1
199,11,402.4811096191406,663.2369384765625,134.50497436523438,313.60809326171875,-1,-1,-1,-1
192,12,1349.2515869140625,722.2944946289062,32.3416748046875,63.01531982421875,-1,-1,-1,-1
193,12,1345.584716796875,725.152587890625,34.69384765625,63.99871826171875,-1,-1,-1,-1
194,12,1347.17041015625,726.3353881835938,33.7525634765625,64.00079345703125,-1,-1,-1,-1
195,12,1343.085205078125,754.0258178710938,34.3365478515625,67.34295654296875,-1,-1,-1,-1
196,12,1340.90869140625,788.1671142578125,38.46044921875,71.10400390625,-1,-1,-1,-1
197,12,1336.628173828125,804.7499389648438,34.242431640625,66.84136962890625,-1,-1,-1,-1
198,12,1329.232666015625,785.15185546875,32.7088623046875,74.10223388671875,-1,-1,-1,-1
199,12,1311.380859375,760.60498046875,32.080322265625,65.788818359375,-1,-1,-1,-1
200,12,1289.5450439453125,729.4969482421875,32.94287109375,63.05279541015625,-1,-1,-1,-1
201,12,1258.5947265625,701.2666625976562,33.30712890625,64.058349609375,-1,-1,-1,-1
202,12,1212.4609375,731.4054565429688,28.377197265625,61.77178955078125,-1,-1,-1,-1
203,12,1156.10595703125,739.2057495117188,27.6253662109375,58.4989013671875,-1,-1,-1,-1
204,12,1099.27197265625,749.0972900390625,24.3692626953125,54.53936767578125,-1,-1,-1,-1
205,12,1047.7781982421875,754.5452270507812,27.1654052734375,57.51751708984375,-1,-1,-1,-1
206,12,1021.9749145507812,760.9315185546875,27.42230224609375,55.883056640625,-1,-1,-1,-1
207,12,1025.4927978515625,774.716796875,24.8487548828125,54.6527099609375,-1,-1,-1,-1
208,12,1040.9674072265625,791.1062622070312,24.3526611328125,55.5372314453125,-1,-1,-1,-1
209,12,1054.4849853515625,807.019287109375,25.9949951171875,56.86578369140625,-1,-1,-1,-1
210,12,1069.36279296875,812.9078979492188,26.429931640625,60.493896484375,-1,-1,-1,-1
211,12,1080.4476318359375,808.47216796875,26.79345703125,60.44122314453125,-1,-1,-1,-1
212,12,1095.0687255859375,809.5732421875,26.397216796875,61.17608642578125,-1,-1,-1,-1
213,12,1113.2752685546875,796.6143188476562,28.4453125,61.69219970703125,-1,-1,-1,-1
214,12,1160.185791015625,783.4783325195312,30.726318359375,64.2447509765625,-1,-1,-1,-1
215,12,1247.184326171875,772.8150634765625,48.4158935546875,75.1590576171875,-1,-1,-1,-1
202,13,248.14988708496094,678.2958374023438,112.11781311035156,294.35791015625,-1,-1,-1,-1
203,13,147.07261657714844,702.918212890625,133.75135803222656,310.97149658203125,-1,-1,-1,-1
204,13,59.70524215698242,725.9069213867188,98.13827514648438,316.43927001953125,-1,-1,-1,-1
205,13,37.7082633972168,719.2788696289062,149.3594970703125,373.68145751953125,-1,-1,-1,-1
206,13,3.0565781593322754,723.946044921875,139.87228393554688,384.0869140625,-1,-1,-1,-1
207,13,-1.863868236541748,725.9239501953125,141.3062744140625,389.4312744140625,-1,-1,-1,-1
208,13,-0.0819082260131836,727.872314453125,137.72125244140625,403.38134765625,-1,-1,-1,-1
209,13,-0.42528581619262695,744.4000854492188,138.39370727539062,405.59625244140625,-1,-1,-1,-1
210,13,-6.701907157897949,752.179931640625,147.2082061767578,397.7022705078125,-1,-1,-1,-1
211,13,-24.791851043701172,753.6533813476562,166.1915283203125,397.22174072265625,-1,-1,-1,-1
212,13,-22.584671020507812,720.898681640625,163.7235107421875,426.1282958984375,-1,-1,-1,-1
213,13,-28.409454345703125,697.09765625,163.30227661132812,422.5491943359375,-1,-1,-1,-1
214,13,-19.402555465698242,678.617919921875,189.22344970703125,411.2685546875,-1,-1,-1,-1
215,13,55.734100341796875,659.3848266601562,188.084716796875,399.64654541015625,-1,-1,-1,-1
216,13,172.78085327148438,656.9398193359375,182.696533203125,372.3157958984375,-1,-1,-1,-1
217,13,286.163330078125,645.9417724609375,179.01458740234375,354.6273193359375,-1,-1,-1,-1
218,13,351.3505859375,626.5289306640625,176.19866943359375,357.44287109375,-1,-1,-1,-1
219,13,375.88104248046875,600.9610595703125,175.2474365234375,362.189453125,-1,-1,-1,-1
220,13,395.818603515625,566.5949096679688,168.1275634765625,363.0654296875,-1,-1,-1,-1
221,13,401.2386779785156,547.3634033203125,160.26608276367188,360.00006103515625,-1,-1,-1,-1
222,13,393.46405029296875,552.999267578125,154.26104736328125,352.139892578125,-1,-1,-1,-1
223,13,393.4933166503906,551.4614868164062,147.69949340820312,349.9510498046875,-1,-1,-1,-1
224,13,371.6088562011719,546.0036010742188,146.06857299804688,350.757080078125,-1,-1,-1,-1
225,13,295.8688049316406,546.7401123046875,153.788330078125,356.85992431640625,-1,-1,-1,-1
226,13,208.54270935058594,540.1499633789062,167.0691375732422,371.34429931640625,-1,-1,-1,-1
227,13,115.4666519165039,524.704345703125,191.54660034179688,405.26153564453125,-1,-1,-1,-1
228,13,37.71931457519531,510.5653076171875,210.2773895263672,436.25732421875,-1,-1,-1,-1
229,13,-37.75425720214844,502.1136779785156,224.27700805664062,461.5883483886719,-1,-1,-1,-1
230,13,-98.15554809570312,504.5645751953125,238.55667114257812,477.37603759765625,-1,-1,-1,-1
231,13,-114.34292602539062,516.5599365234375,232.92306518554688,408.77935791015625,-1,-1,-1,-1
232,13,-122.04121398925781,479.1241149902344,247.10580444335938,441.7203674316406,-1,-1,-1,-1
233,13,-135.98251342773438,439.48187255859375,274.9875793457031,481.90435791015625,-1,-1,-1,-1
234,13,-134.2306671142578,412.6365966796875,271.48382568359375,510.7447509765625,-1,-1,-1,-1
235,13,-126.6206283569336,431.92205810546875,256.2642517089844,494.50244140625,-1,-1,-1,-1
236,13,-110.80866241455078,471.5466613769531,224.64028930664062,439.6309509277344,-1,-1,-1,-1
237,13,-81.69142150878906,416.4190673828125,218.3348388671875,441.4925537109375,-1,-1,-1,-1
238,13,64.90650939941406,383.4105529785156,196.42344665527344,427.6216125488281,-1,-1,-1,-1
239,13,250.4300537109375,375.361328125,173.6658935546875,407.06646728515625,-1,-1,-1,-1
240,13,410.7996826171875,372.25469970703125,159.4727783203125,386.308349609375,-1,-1,-1,-1
241,13,547.3807373046875,383.27166748046875,142.72100830078125,368.90570068359375,-1,-1,-1,-1
242,13,655.0885009765625,392.84197998046875,137.7470703125,363.671142578125,-1,-1,-1,-1
243,13,726.28076171875,387.4542236328125,141.15301513671875,366.57855224609375,-1,-1,-1,-1
244,13,767.6416625976562,369.3955078125,143.2601318359375,372.3192138671875,-1,-1,-1,-1
245,13,785.76611328125,353.54449462890625,146.5211181640625,376.81610107421875,-1,-1,-1,-1
246,13,786.3031005859375,351.58660888671875,151.892333984375,377.34698486328125,-1,-1,-1,-1
247,13,774.0145263671875,350.4159851074219,158.83746337890625,385.5267028808594,-1,-1,-1,-1
248,13,764.2040405273438,351.05303955078125,163.7181396484375,404.268798828125,-1,-1,-1,-1
249,13,761.2464599609375,354.22662353515625,172.0721435546875,406.249267578125,-1,-1,-1,-1
250,13,773.3460693359375,355.33258056640625,180.37774658203125,408.53985595703125,-1,-1,-1,-1
251,13,785.3366088867188,352.5413818359375,185.0177001953125,416.1278076171875,-1,-1,-1,-1
252,13,793.853515625,339.0638122558594,193.256103515625,423.0913391113281,-1,-1,-1,-1
253,13,801.689697265625,329.8536682128906,197.72265625,425.6364440917969,-1,-1,-1,-1
254,13,809.8865356445312,316.7789306640625,202.0726318359375,428.1402587890625,-1,-1,-1,-1
255,13,829.3321533203125,288.08819580078125,195.759765625,437.15545654296875,-1,-1,-1,-1
256,13,849.863525390625,236.80337524414062,192.3995361328125,452.1673889160156,-1,-1,-1,-1
257,13,873.4732666015625,193.96583557128906,183.001220703125,468.775146484375,-1,-1,-1,-1
258,13,886.6148071289062,171.4261016845703,178.13787841796875,499.57110595703125,-1,-1,-1,-1
259,13,891.37353515625,182.42535400390625,179.65869140625,525.4138793945312,-1,-1,-1,-1
260,13,883.1612548828125,220.19992065429688,182.0350341796875,532.598876953125,-1,-1,-1,-1
261,13,872.12109375,258.7115783691406,183.076904296875,546.6580810546875,-1,-1,-1,-1
262,13,862.1044921875,304.23345947265625,193.025634765625,549.6881713867188,-1,-1,-1,-1
263,13,864.4614868164062,336.90753173828125,213.63702392578125,561.6109008789062,-1,-1,-1,-1
264,13,876.020751953125,346.1146545410156,226.9195556640625,577.25048828125,-1,-1,-1,-1
265,13,899.5413818359375,324.4349365234375,236.9871826171875,600.4230346679688,-1,-1,-1,-1
266,13,915.8915405273438,300.8953857421875,274.69427490234375,618.7423706054688,-1,-1,-1,-1
267,13,929.7688598632812,270.9830627441406,313.38763427734375,682.8397216796875,-1,-1,-1,-1
268,13,944.576904296875,275.93988037109375,367.0826416015625,751.2721557617188,-1,-1,-1,-1
269,13,972.862548828125,279.1754150390625,425.6729736328125,811.345947265625,-1,-1,-1,-1
270,13,1006.357666015625,279.5408020019531,410.0635986328125,852.447998046875,-1,-1,-1,-1
271,13,1045.6063232421875,261.5147399902344,390.3944091796875,887.490966796875,-1,-1,-1,-1
272,13,1093.008544921875,209.6265869140625,404.2847900390625,952.6934814453125,-1,-1,-1,-1
273,13,1140.615966796875,238.33746337890625,420.6806640625,938.5751342773438,-1,-1,-1,-1
274,13,1158.186279296875,311.61907958984375,472.3427734375,927.7608032226562,-1,-1,-1,-1
205,15,-5.394137382507324,741.8629760742188,89.99401092529297,305.35980224609375,-1,-1,-1,-1
206,15,-1.173302412033081,769.6323852539062,67.649169921875,282.76910400390625,-1,-1,-1,-1
207,15,-5.3652024269104,735.880859375,121.79822540283203,352.556884765625,-1,-1,-1,-1
215,16,-63.15287780761719,661.1060180664062,129.33419799804688,328.5360107421875,-1,-1,-1,-1
216,16,45.09679412841797,668.2904052734375,136.7093505859375,297.51812744140625,-1,-1,-1,-1
217,16,157.2439727783203,654.893798828125,146.38526916503906,282.08209228515625,-1,-1,-1,-1
218,16,222.46139526367188,639.9420776367188,140.87445068359375,269.33349609375,-1,-1,-1,-1
219,16,253.62057495117188,624.1730346679688,125.95465087890625,258.7119140625,-1,-1,-1,-1
220,16,273.8585205078125,598.9298095703125,108.29263305664062,242.1407470703125,-1,-1,-1,-1
221,16,269.4024658203125,579.0841674804688,100.25564575195312,238.78533935546875,-1,-1,-1,-1
222,16,247.63938903808594,590.70361328125,103.97306823730469,229.9580078125,-1,-1,-1,-1
223,16,253.81895446777344,586.166015625,103.04493713378906,240.015869140625,-1,-1,-1,-1
224,16,224.88955688476562,578.4024047851562,119.70880126953125,259.5667724609375,-1,-1,-1,-1
225,16,139.60504150390625,584.3447265625,132.842041015625,280.58795166015625,-1,-1,-1,-1
226,17,45.38936233520508,584.57958984375,135.94151306152344,294.9532470703125,-1,-1,-1,-1
227,18,-57.33711624145508,576.7985229492188,149.50198364257812,306.40814208984375,-1,-1,-1,-1
231,19,1365.094970703125,611.8865356445312,46.4345703125,81.0032958984375,-1,-1,-1,-1
232,19,1358.331298828125,610.9502563476562,44.800537109375,78.40057373046875,-1,-1,-1,-1
233,19,1363.8126220703125,613.3906860351562,48.8388671875,79.93096923828125,-1,-1,-1,-1
234,19,1375.429931640625,603.2649536132812,50.87548828125,93.684326171875,-1,-1,-1,-1
235,19,1371.4111328125,567.6632080078125,75.9666748046875,136.8963623046875,-1,-1,-1,-1
236,19,1349.6090087890625,522.353759765625,119.66650390625,244.32745361328125,-1,-1,-1,-1
237,19,1320.3411865234375,381.8432312011719,178.2779541015625,364.6925964355469,-1,-1,-1,-1
240,19,1178.9083251953125,452.7325744628906,160.8468017578125,325.4383850097656,-1,-1,-1,-1
241,19,1253.148681640625,499.7774353027344,202.269775390625,308.2582092285156,-1,-1,-1,-1
233,20,1291.69677734375,584.76318359375,41.1683349609375,73.148681640625,-1,-1,-1,-1
234,20,1306.091796875,585.964599609375,43.038330078125,77.27294921875,-1,-1,-1,-1
235,20,1328.1087646484375,590.732421875,39.9451904296875,77.24468994140625,-1,-1,-1,-1
236,20,1358.4393310546875,599.8506469726562,37.534423828125,80.7899169921875,-1,-1,-1,-1
237,20,1354.66064453125,487.7358093261719,97.48828125,187.11862182617188,-1,-1,-1,-1
238,21,-0.12938785552978516,468.0660705566406,75.2465591430664,274.2541198730469,-1,-1,-1,-1
239,21,133.00979614257812,437.3188171386719,118.88984680175781,256.1595153808594,-1,-1,-1,-1
240,21,305.0986328125,417.9928894042969,108.14495849609375,246.31112670898438,-1,-1,-1,-1
241,21,448.0191650390625,419.72308349609375,98.96551513671875,240.65411376953125,-1,-1,-1,-1
242,21,562.1214599609375,431.25836181640625,93.01031494140625,240.2437744140625,-1,-1,-1,-1
243,21,634.443115234375,428.9017028808594,93.37652587890625,240.63375854492188,-1,-1,-1,-1
244,21,674.849853515625,416.81170654296875,94.51690673828125,239.4539794921875,-1,-1,-1,-1
245,21,695.4757690429688,403.5339660644531,94.1212158203125,243.01681518554688,-1,-1,-1,-1
246,21,700.819580078125,402.71026611328125,91.11505126953125,241.59588623046875,-1,-1,-1,-1
247,21,695.2915649414062,399.0799560546875,90.16656494140625,244.8780517578125,-1,-1,-1,-1
248,21,685.2988891601562,400.5372009277344,93.00714111328125,247.40670776367188,-1,-1,-1,-1
249,21,688.6337890625,395.29229736328125,92.84906005859375,254.4708251953125,-1,-1,-1,-1
250,21,696.7745971679688,394.0535888671875,101.56195068359375,257.33819580078125,-1,-1,-1,-1
251,21,706.0762329101562,393.09979248046875,103.68695068359375,254.76220703125,-1,-1,-1,-1
252,21,718.2896118164062,380.7542724609375,108.90020751953125,255.54754638671875,-1,-1,-1,-1
253,21,728.4341430664062,368.5312805175781,108.31109619140625,258.9765319824219,-1,-1,-1,-1
254,21,737.3583374023438,360.046875,109.563720703125,258.9273681640625,-1,-1,-1,-1
255,21,749.6069946289062,332.5828857421875,103.04876708984375,264.35833740234375,-1,-1,-1,-1
256,21,758.322509765625,282.4047546386719,102.036865234375,282.5254211425781,-1,-1,-1,-1
257,21,764.334716796875,241.5550537109375,100.9412841796875,297.5859375,-1,-1,-1,-1
258,21,763.7354125976562,224.9377899169922,95.14788818359375,304.7349853515625,-1,-1,-1,-1
259,21,757.9163818359375,241.16236877441406,93.70587158203125,306.12237548828125,-1,-1,-1,-1
260,21,748.7882080078125,276.7754211425781,90.83538818359375,302.5734558105469,-1,-1,-1,-1
261,21,726.5573120117188,327.3092956542969,88.61077880859375,292.0289611816406,-1,-1,-1,-1
262,21,720.4837036132812,361.3084411621094,83.72369384765625,298.5486145019531,-1,-1,-1,-1
263,21,721.9739990234375,393.5375671386719,86.592041015625,299.2497253417969,-1,-1,-1,-1
264,21,726.21142578125,411.3311767578125,94.4658203125,299.77978515625,-1,-1,-1,-1
265,21,740.0350341796875,393.91986083984375,105.18212890625,309.5098876953125,-1,-1,-1,-1
266,21,750.7619018554688,374.3675231933594,115.57232666015625,314.7516784667969,-1,-1,-1,-1
267,21,765.72509765625,348.177978515625,118.4923095703125,325.43157958984375,-1,-1,-1,-1
268,21,781.7001342773438,333.5848388671875,120.70709228515625,335.41217041015625,-1,-1,-1,-1
269,21,795.6340942382812,326.3366394042969,120.8648681640625,340.9845886230469,-1,-1,-1,-1
270,21,802.2682495117188,329.6890869140625,114.02325439453125,345.87664794921875,-1,-1,-1,-1
271,21,804.6898193359375,319.9488525390625,112.20416259765625,350.884765625,-1,-1,-1,-1
272,21,805.4615478515625,311.979736328125,122.5684814453125,363.06805419921875,-1,-1,-1,-1
273,21,809.715087890625,293.7311096191406,129.0133056640625,374.9889221191406,-1,-1,-1,-1
274,21,826.2278442382812,303.50042724609375,144.18060302734375,375.958984375,-1,-1,-1,-1
275,21,832.842041015625,303.06915283203125,153.96905517578125,385.2684326171875,-1,-1,-1,-1
276,21,834.9417114257812,319.0133056640625,170.72332763671875,392.9110107421875,-1,-1,-1,-1
277,21,837.0643920898438,322.4001770019531,170.76934814453125,397.2937927246094,-1,-1,-1,-1
278,21,842.1430053710938,297.6632080078125,184.88580322265625,409.89080810546875,-1,-1,-1,-1
279,21,846.750732421875,321.1546936035156,195.585693359375,410.4779357910156,-1,-1,-1,-1
280,21,853.021484375,334.4875183105469,190.175048828125,410.1924743652344,-1,-1,-1,-1
281,21,868.6648559570312,332.18994140625,167.99871826171875,413.37847900390625,-1,-1,-1,-1
282,21,875.803955078125,334.240966796875,159.2535400390625,414.085693359375,-1,-1,-1,-1
283,21,872.3185424804688,348.6636962890625,156.12493896484375,414.9554443359375,-1,-1,-1,-1
284,21,855.912353515625,347.2474365234375,163.25958251953125,422.390625,-1,-1,-1,-1
285,21,814.2242431640625,345.97894287109375,169.79180908203125,427.32550048828125,-1,-1,-1,-1
286,21,778.5228881835938,347.3417053222656,169.6988525390625,434.8733825683594,-1,-1,-1,-1
287,21,750.2076416015625,338.5395812988281,175.2391357421875,446.1156921386719,-1,-1,-1,-1
288,21,735.2041625976562,332.96368408203125,167.91949462890625,454.50335693359375,-1,-1,-1,-1
289,21,718.3880615234375,336.95233154296875,155.21380615234375,465.209716796875,-1,-1,-1,-1
290,21,691.5936279296875,346.7723083496094,157.57806396484375,476.9258117675781,-1,-1,-1,-1
291,21,650.3619384765625,345.25274658203125,165.7840576171875,487.39727783203125,-1,-1,-1,-1
292,21,586.1818237304688,350.95928955078125,182.7288818359375,500.408447265625,-1,-1,-1,-1
293,21,462.04412841796875,358.7493896484375,212.11846923828125,509.988525390625,-1,-1,-1,-1
294,21,272.9501037597656,372.37872314453125,250.86428833007812,548.4788818359375,-1,-1,-1,-1
295,21,126.93840789794922,377.2342834472656,276.9195251464844,601.1702880859375,-1,-1,-1,-1
296,21,49.74409103393555,370.1115417480469,281.2584228515625,641.318603515625,-1,-1,-1,-1
297,21,10.409852027893066,358.63629150390625,278.5333251953125,670.1806030273438,-1,-1,-1,-1
298,21,-1.5792264938354492,352.0700378417969,277.57952880859375,694.8477783203125,-1,-1,-1,-1
299,21,5.576255798339844,353.9964599609375,311.840087890625,707.8641357421875,-1,-1,-1,-1
300,21,57.144996643066406,341.0284729003906,326.86676025390625,710.1649169921875,-1,-1,-1,-1
301,21,150.88502502441406,346.0333557128906,313.349853515625,704.7630615234375,-1,-1,-1,-1
302,21,262.667724609375,360.59564208984375,280.556884765625,698.3539428710938,-1,-1,-1,-1
303,21,376.169677734375,369.5974426269531,249.0245361328125,701.452880859375,-1,-1,-1,-1
304,21,506.1275634765625,360.6894836425781,206.45294189453125,717.243896484375,-1,-1,-1,-1
305,21,595.2218627929688,334.4632568359375,214.36712646484375,742.879638671875,-1,-1,-1,-1
306,21,645.0896606445312,329.6923522949219,249.61798095703125,779.4185791015625,-1,-1,-1,-1
307,21,680.7864990234375,327.5306091308594,274.87872314453125,806.2425537109375,-1,-1,-1,-1
308,21,703.4129028320312,323.4305419921875,308.43756103515625,831.923095703125,-1,-1,-1,-1
309,21,731.7032470703125,318.0113830566406,398.0992431640625,858.5030517578125,-1,-1,-1,-1
310,21,796.1868896484375,287.85882568359375,434.636474609375,888.2476196289062,-1,-1,-1,-1
311,21,873.0662231445312,238.0572967529297,495.12127685546875,934.6895141601562,-1,-1,-1,-1
312,21,921.3786010742188,221.36129760742188,502.06597900390625,967.87939453125,-1,-1,-1,-1
313,21,945.5442504882812,226.56248474121094,483.37713623046875,987.770751953125,-1,-1,-1,-1
314,21,924.1163940429688,195.07373046875,561.0044555664062,1030.6063232421875,-1,-1,-1,-1
315,21,877.580322265625,212.2384490966797,606.5865478515625,1042.233642578125,-1,-1,-1,-1
316,21,831.8094482421875,253.10113525390625,646.5152587890625,1028.602294921875,-1,-1,-1,-1
317,21,795.9963989257812,273.41265869140625,646.7748413085938,1006.2384643554688,-1,-1,-1,-1
318,21,744.597900390625,283.35076904296875,680.72314453125,1014.2947387695312,-1,-1,-1,-1
319,21,654.0025024414062,313.3803405761719,669.4415893554688,1008.992919921875,-1,-1,-1,-1
320,21,585.202392578125,348.57635498046875,587.3740234375,1022.0535278320312,-1,-1,-1,-1
321,21,550.1213989257812,359.7384033203125,566.2304077148438,1042.3184814453125,-1,-1,-1,-1
322,21,559.9158935546875,344.63690185546875,573.81689453125,1059.00146484375,-1,-1,-1,-1
323,21,590.4328002929688,355.5810241699219,596.9647827148438,1057.35498046875,-1,-1,-1,-1
324,21,639.0966796875,381.3049011230469,606.3106689453125,1032.54345703125,-1,-1,-1,-1
325,21,703.9046630859375,389.3411865234375,589.5838623046875,1025.336181640625,-1,-1,-1,-1
326,21,752.7770385742188,389.8133850097656,583.1685180664062,1023.9678955078125,-1,-1,-1,-1
327,21,787.121337890625,386.2396545410156,576.924072265625,1027.7423095703125,-1,-1,-1,-1
328,21,814.17041015625,376.2511291503906,568.5208740234375,1037.3720703125,-1,-1,-1,-1
329,21,828.0736083984375,379.7730712890625,575.0673828125,1032.8822021484375,-1,-1,-1,-1
330,21,848.8037109375,399.8515625,564.862548828125,1012.1192626953125,-1,-1,-1,-1
331,21,872.7251586914062,411.6739196777344,559.8453979492188,1001.31103515625,-1,-1,-1,-1
332,21,897.23583984375,405.9492492675781,576.5030517578125,1008.9998779296875,-1,-1,-1,-1
333,21,1038.4451904296875,382.8696594238281,490.27197265625,1029.23486328125,-1,-1,-1,-1
334,21,1125.1004638671875,353.29522705078125,472.1739501953125,1043.468017578125,-1,-1,-1,-1
335,21,1177.534423828125,389.6443176269531,435.214111328125,966.581787109375,-1,-1,-1,-1
241,22,1329.02294921875,473.7604064941406,134.696533203125,338.6479187011719,-1,-1,-1,-1
242,22,1319.583251953125,447.2803955078125,173.4139404296875,373.38623046875,-1,-1,-1,-1
293,23,1296.7410888671875,497.0240478515625,115.0963134765625,286.1859130859375,-1,-1,-1,-1
294,23,1093.0936279296875,505.52276611328125,127.2069091796875,264.3531494140625,-1,-1,-1,-1
295,23,965.6678466796875,532.3148193359375,112.208251953125,246.650390625,-1,-1,-1,-1
296,23,899.226806640625,538.0858154296875,105.08306884765625,235.6651611328125,-1,-1,-1,-1
297,23,873.6723022460938,528.902587890625,100.7939453125,225.39544677734375,-1,-1,-1,-1
298,23,870.8919677734375,520.3828735351562,96.679443359375,224.10821533203125,-1,-1,-1,-1
299,23,896.0286865234375,534.385498046875,93.50262451171875,216.828369140625,-1,-1,-1,-1
300,23,945.9183959960938,513.6066284179688,97.08685302734375,231.78228759765625,-1,-1,-1,-1
301,23,1014.8800659179688,505.3746643066406,107.24688720703125,246.92074584960938,-1,-1,-1,-1
302,23,1089.92041015625,505.55279541015625,121.5877685546875,265.54217529296875,-1,-1,-1,-1
303,23,1167.4376220703125,510.0958557128906,141.3155517578125,280.2278747558594,-1,-1,-1,-1
304,23,1268.5782470703125,517.1906127929688,139.6142578125,301.04510498046875,-1,-1,-1,-1
305,23,1315.9185791015625,511.7091064453125,158.2431640625,323.94976806640625,-1,-1,-1,-1
321,24,1255.3658447265625,582.178466796875,120.7235107421875,260.40264892578125,-1,-1,-1,-1
322,24,1207.4453125,564.0722045898438,116.06884765625,244.9903564453125,-1,-1,-1,-1
323,24,1207.945556640625,561.4383544921875,112.861328125,242.4197998046875,-1,-1,-1,-1
324,24,1220.1273193359375,557.670166015625,99.5423583984375,240.2269287109375,-1,-1,-1,-1
325,24,1210.1947021484375,549.8881225585938,104.239990234375,183.05438232421875,-1,-1,-1,-1
326,24,1219.642822265625,549.5447387695312,91.731689453125,221.695068359375,-1,-1,-1,-1
327,24,1202.8441162109375,540.305908203125,100.4730224609375,254.30999755859375,-1,-1,-1,-1
328,24,1045.02783203125,561.5908813476562,111.720947265625,230.8138427734375,-1,-1,-1,-1
329,24,950.7344360351562,468.81109619140625,197.30120849609375,403.07269287109375,-1,-1,-1,-1
330,24,990.009765625,618.4221801757812,33.62994384765625,50.75592041015625,-1,-1,-1,-1
331,24,995.3997802734375,625.7846069335938,22.680908203125,41.08984375,-1,-1,-1,-1
332,24,999.6666259765625,611.15576171875,28.6461181640625,43.98797607421875,-1,-1,-1,-1
333,24,1020.4130249023438,586.2606811523438,29.87469482421875,49.54840087890625,-1,-1,-1,-1
334,24,1004.7090454101562,576.0487060546875,38.15032958984375,44.203857421875,-1,-1,-1,-1
335,24,1015.2442016601562,571.3936767578125,29.87933349609375,44.8092041015625,-1,-1,-1,-1
336,24,1020.5784301757812,556.3116455078125,22.79742431640625,45.716796875,-1,-1,-1,-1
337,24,1015.3759765625,530.4515380859375,36.87890625,58.836181640625,-1,-1,-1,-1
339,24,971.58154296875,475.2516784667969,107.33056640625,155.00680541992188,-1,-1,-1,-1
340,24,910.94287109375,467.1125793457031,130.6348876953125,171.80307006835938,-1,-1,-1,-1
341,24,863.0736083984375,477.02435302734375,115.2529296875,149.03759765625,-1,-1,-1,-1
342,24,818.3674926757812,462.5017395019531,113.46734619140625,180.15823364257812,-1,-1,-1,-1
323,25,835.4075317382812,515.9087524414062,101.871826171875,237.95977783203125,-1,-1,-1,-1
324,25,838.1433715820312,514.3438110351562,105.44677734375,253.82733154296875,-1,-1,-1,-1
325,25,835.44775390625,510.39898681640625,110.1845703125,283.307861328125,-1,-1,-1,-1
326,25,832.8524169921875,515.0643310546875,111.1146240234375,276.4912109375,-1,-1,-1,-1
327,25,818.4496459960938,520.1626586914062,114.02008056640625,280.94427490234375,-1,-1,-1,-1
328,25,802.5858154296875,535.4480590820312,117.10577392578125,264.18426513671875,-1,-1,-1,-1
329,25,792.5468139648438,534.6370849609375,116.1025390625,257.32763671875,-1,-1,-1,-1
330,25,795.524169921875,535.6494140625,111.689697265625,262.6090087890625,-1,-1,-1,-1
331,25,803.185791015625,528.22119140625,106.9886474609375,270.2197265625,-1,-1,-1,-1
332,25,820.166015625,512.6007080078125,108.870849609375,276.5888671875,-1,-1,-1,-1
333,25,846.1293334960938,477.39007568359375,119.0771484375,286.76275634765625,-1,-1,-1,-1
334,25,867.4061279296875,473.7438659667969,124.1082763671875,288.0788269042969,-1,-1,-1,-1
335,25,891.3204956054688,475.7819519042969,119.02374267578125,282.2227478027344,-1,-1,-1,-1
336,25,907.1520385742188,467.3484802246094,120.52130126953125,278.4125671386719,-1,-1,-1,-1
337,25,927.24609375,464.69378662109375,125.8406982421875,273.97894287109375,-1,-1,-1,-1
338,25,946.2471313476562,475.4443359375,121.44000244140625,264.7630615234375,-1,-1,-1,-1
339,25,936.1441040039062,468.91851806640625,143.44110107421875,274.304443359375,-1,-1,-1,-1
340,25,899.251953125,474.3681640625,152.873046875,284.2474365234375,-1,-1,-1,-1
341,25,841.6112670898438,478.6011047363281,172.32745361328125,288.9649963378906,-1,-1,-1,-1
342,25,795.4239501953125,485.2725830078125,188.34326171875,295.14141845703125,-1,-1,-1,-1
343,25,756.2876586914062,495.99273681640625,158.56134033203125,272.759033203125,-1,-1,-1,-1
344,25,724.1375732421875,497.08990478515625,173.260986328125,263.84136962890625,-1,-1,-1,-1
345,25,704.4581909179688,514.7923583984375,166.90972900390625,262.00286865234375,-1,-1,-1,-1
346,25,690.7301635742188,537.3339233398438,156.10211181640625,253.2254638671875,-1,-1,-1,-1
347,25,685.7860717773438,552.749267578125,154.70697021484375,249.23773193359375,-1,-1,-1,-1
348,25,690.8578491210938,569.677001953125,166.89947509765625,243.8614501953125,-1,-1,-1,-1
349,25,692.617919921875,571.6165771484375,152.29266357421875,252.799560546875,-1,-1,-1,-1
350,25,684.445068359375,571.7512817382812,127.9757080078125,257.50946044921875,-1,-1,-1,-1
351,25,680.9268798828125,559.3983154296875,109.5115966796875,255.171630859375,-1,-1,-1,-1
352,25,673.411865234375,546.786376953125,111.69268798828125,247.21502685546875,-1,-1,-1,-1
353,25,662.0983276367188,544.520751953125,128.80987548828125,237.2965087890625,-1,-1,-1,-1
354,25,662.298095703125,556.0671997070312,134.0150146484375,223.3125,-1,-1,-1,-1
355,25,668.022216796875,561.59375,87.639404296875,220.78875732421875,-1,-1,-1,-1
356,25,669.5883178710938,575.821533203125,104.9521484375,214.30523681640625,-1,-1,-1,-1
357,25,655.5685424804688,593.1072998046875,112.23101806640625,196.19451904296875,-1,-1,-1,-1
358,25,657.8505249023438,579.1801147460938,132.69921875,205.6158447265625,-1,-1,-1,-1
359,25,664.349853515625,550.9559936523438,144.3302001953125,230.53741455078125,-1,-1,-1,-1
360,25,673.402099609375,536.4069213867188,133.9820556640625,245.33123779296875,-1,-1,-1,-1
361,25,693.0994873046875,526.4424438476562,117.0853271484375,254.059814453125,-1,-1,-1,-1
362,25,718.613525390625,516.5535888671875,103.325927734375,253.95098876953125,-1,-1,-1,-1
363,25,711.0078125,511.0387268066406,144.05120849609375,252.56173706054688,-1,-1,-1,-1
364,25,706.8257446289062,522.47509765625,199.77056884765625,248.01141357421875,-1,-1,-1,-1
365,25,720.5107421875,537.0524291992188,196.64825439453125,246.103271484375,-1,-1,-1,-1
366,25,748.5877075195312,559.1693725585938,166.27325439453125,237.3646240234375,-1,-1,-1,-1
367,25,776.5136108398438,568.8106079101562,148.8389892578125,244.48260498046875,-1,-1,-1,-1
368,25,787.8117065429688,579.3409423828125,142.82220458984375,248.00128173828125,-1,-1,-1,-1
369,25,779.712646484375,607.1455688476562,148.64013671875,238.33099365234375,-1,-1,-1,-1
370,25,780.0861206054688,608.5409545898438,152.33831787109375,247.85748291015625,-1,-1,-1,-1
371,25,790.642822265625,569.9197998046875,161.02703857421875,277.4639892578125,-1,-1,-1,-1
372,25,805.6083984375,551.0888061523438,152.7593994140625,270.43072509765625,-1,-1,-1,-1
373,25,830.6317138671875,513.2366333007812,149.943115234375,288.78375244140625,-1,-1,-1,-1
374,25,857.0733032226562,521.3846435546875,143.7158203125,286.8482666015625,-1,-1,-1,-1
375,25,859.2049560546875,551.9185180664062,143.6236572265625,264.2303466796875,-1,-1,-1,-1
376,25,868.548095703125,567.6822509765625,126.15155029296875,261.07989501953125,-1,-1,-1,-1
377,25,861.2933959960938,584.978759765625,120.3856201171875,251.92626953125,-1,-1,-1,-1
378,25,833.1639404296875,561.6356811523438,116.15594482421875,260.00970458984375,-1,-1,-1,-1
379,25,808.1356811523438,558.2628173828125,108.62091064453125,260.22540283203125,-1,-1,-1,-1
380,25,787.3316650390625,556.4645385742188,108.0279541015625,264.31781005859375,-1,-1,-1,-1
381,25,765.9100341796875,564.3919677734375,105.673095703125,259.21466064453125,-1,-1,-1,-1
382,25,745.7005615234375,570.3123779296875,118.028564453125,248.96270751953125,-1,-1,-1,-1
383,25,739.7352294921875,562.5490112304688,132.84588623046875,239.60101318359375,-1,-1,-1,-1
384,25,733.1112060546875,563.3025512695312,148.57061767578125,227.425048828125,-1,-1,-1,-1
385,25,740.9495849609375,575.8253173828125,158.752685546875,214.6239013671875,-1,-1,-1,-1
386,25,750.4595947265625,581.0628662109375,155.16400146484375,205.39813232421875,-1,-1,-1,-1
387,25,779.0599975585938,582.5128173828125,147.98419189453125,205.21649169921875,-1,-1,-1,-1
388,25,794.394287109375,600.9879150390625,156.8280029296875,200.80426025390625,-1,-1,-1,-1
389,25,827.879150390625,611.530029296875,147.14556884765625,195.399169921875,-1,-1,-1,-1
390,25,855.06396484375,626.5636596679688,158.94189453125,190.15582275390625,-1,-1,-1,-1
391,25,887.4285278320312,598.3065795898438,165.63812255859375,204.7880859375,-1,-1,-1,-1
392,25,927.962890625,610.75927734375,174.6192626953125,212.9005126953125,-1,-1,-1,-1
393,25,968.7237548828125,591.5516357421875,160.7158203125,224.6573486328125,-1,-1,-1,-1
394,25,1037.3897705078125,575.8893432617188,152.1278076171875,232.09832763671875,-1,-1,-1,-1
395,25,1142.1337890625,561.176025390625,174.2532958984375,247.34747314453125,-1,-1,-1,-1
396,25,1283.386962890625,536.9757690429688,142.260009765625,272.3712158203125,-1,-1,-1,-1
332,26,1182.917236328125,505.59869384765625,76.006103515625,201.99945068359375,-1,-1,-1,-1
333,26,1190.87451171875,509.4532775878906,80.989990234375,182.05227661132812,-1,-1,-1,-1
334,26,1187.407470703125,507.3353576660156,103.58251953125,221.22927856445312,-1,-1,-1,-1
332,27,1161.2545166015625,533.3306274414062,84.876220703125,204.95233154296875,-1,-1,-1,-1
333,27,1166.099609375,506.2330322265625,108.088134765625,226.0941162109375,-1,-1,-1,-1
334,27,1182.10546875,502.63543701171875,111.845458984375,231.99249267578125,-1,-1,-1,-1
335,27,1193.040771484375,497.53594970703125,119.9921875,235.44134521484375,-1,-1,-1,-1
336,27,1190.4232177734375,483.5063781738281,130.9708251953125,236.12954711914062,-1,-1,-1,-1
337,27,1201.484130859375,478.8623962402344,137.269775390625,237.98764038085938,-1,-1,-1,-1
338,27,1209.5291748046875,479.748291015625,141.8309326171875,240.54705810546875,-1,-1,-1,-1
339,27,1192.167236328125,476.47320556640625,141.392333984375,239.49737548828125,-1,-1,-1,-1
340,27,1145.2979736328125,480.44891357421875,137.84765625,234.32879638671875,-1,-1,-1,-1
341,27,1088.9281005859375,482.16082763671875,128.369140625,225.57958984375,-1,-1,-1,-1
342,27,1049.14697265625,491.96954345703125,121.4208984375,217.12237548828125,-1,-1,-1,-1
343,27,1013.9149169921875,490.5255126953125,111.551025390625,210.76873779296875,-1,-1,-1,-1
344,27,986.5388793945312,494.189697265625,96.34564208984375,207.411865234375,-1,-1,-1,-1
345,27,960.511962890625,503.25518798828125,86.921875,202.76690673828125,-1,-1,-1,-1
346,27,930.218505859375,510.77545166015625,83.89630126953125,203.495849609375,-1,-1,-1,-1
347,27,905.662109375,519.1759033203125,81.197509765625,200.1640625,-1,-1,-1,-1
348,27,886.623046875,536.31494140625,82.1048583984375,195.328857421875,-1,-1,-1,-1
349,27,866.823974609375,545.150634765625,82.7950439453125,191.8824462890625,-1,-1,-1,-1
350,27,840.3302612304688,551.5692749023438,87.81414794921875,191.78643798828125,-1,-1,-1,-1
351,27,818.3219604492188,541.4144897460938,85.29290771484375,190.75384521484375,-1,-1,-1,-1
352,27,800.2275390625,536.2816772460938,94.62542724609375,187.92303466796875,-1,-1,-1,-1
353,27,792.632568359375,541.75146484375,98.33514404296875,177.4388427734375,-1,-1,-1,-1
354,27,789.681640625,547.4411010742188,104.09564208984375,173.0389404296875,-1,-1,-1,-1
355,27,791.1858520507812,554.8107299804688,102.9962158203125,166.75506591796875,-1,-1,-1,-1
356,27,774.0922241210938,565.0868530273438,118.860107421875,161.81494140625,-1,-1,-1,-1
357,27,764.177001953125,561.7238159179688,122.677978515625,170.23638916015625,-1,-1,-1,-1
358,27,755.79248046875,546.0313720703125,137.07049560546875,180.5728759765625,-1,-1,-1,-1
359,27,753.2728881835938,545.544921875,145.63916015625,178.71966552734375,-1,-1,-1,-1
360,27,748.2281494140625,545.41845703125,151.50592041015625,183.3531494140625,-1,-1,-1,-1
361,27,783.9039916992188,543.5032348632812,110.75677490234375,183.32794189453125,-1,-1,-1,-1
362,27,815.7089233398438,537.2039794921875,74.42486572265625,182.6678466796875,-1,-1,-1,-1
363,27,823.591552734375,532.7461547851562,71.33984375,178.64434814453125,-1,-1,-1,-1
364,27,823.6029052734375,534.0071411132812,88.7435302734375,180.93524169921875,-1,-1,-1,-1
365,27,846.7680053710938,530.7500610351562,106.09991455078125,194.1383056640625,-1,-1,-1,-1
366,27,866.237548828125,543.7493896484375,103.40863037109375,194.97845458984375,-1,-1,-1,-1
367,27,874.4785766601562,549.9771728515625,100.56494140625,205.3695068359375,-1,-1,-1,-1
368,27,865.8493041992188,566.449951171875,104.36468505859375,205.6824951171875,-1,-1,-1,-1
369,27,857.4134521484375,607.4862060546875,102.533935546875,188.2421875,-1,-1,-1,-1
370,27,846.9492797851562,619.9755249023438,106.29327392578125,189.13336181640625,-1,-1,-1,-1
371,27,849.5497436523438,602.5013427734375,109.68438720703125,199.5328369140625,-1,-1,-1,-1
372,27,863.085205078125,576.2903442382812,102.94873046875,203.72967529296875,-1,-1,-1,-1
373,27,883.5069580078125,545.3665771484375,101.89044189453125,219.50323486328125,-1,-1,-1,-1
374,27,906.86376953125,546.93603515625,95.96240234375,220.51068115234375,-1,-1,-1,-1
375,27,910.74560546875,559.4957275390625,92.70892333984375,212.92449951171875,-1,-1,-1,-1
376,27,906.2658081054688,573.5118408203125,87.74652099609375,208.2615966796875,-1,-1,-1,-1
377,27,873.6846313476562,591.7654418945312,105.137451171875,198.9046630859375,-1,-1,-1,-1
375,28,312.4871520996094,602.900146484375,25.941070556640625,59.27154541015625,-1,-1,-1,-1
376,28,286.6336669921875,620.8201293945312,25.6182861328125,60.9989013671875,-1,-1,-1,-1
377,28,251.52359008789062,627.35498046875,25.76904296875,61.03118896484375,-1,-1,-1,-1
378,28,186.76414489746094,616.5541381835938,26.785202026367188,59.96502685546875,-1,-1,-1,-1
379,28,123.77327728271484,611.2979736328125,28.808265686035156,64.91326904296875,-1,-1,-1,-1
380,28,71.08480834960938,630.9336547851562,27.944732666015625,66.85760498046875,-1,-1,-1,-1
381,28,28.814823150634766,658.5371704101562,29.29631805419922,70.26806640625,-1,-1,-1,-1
382,28,2.8593727350234985,688.5722045898438,32.502614974975586,68.59796142578125,-1,-1,-1,-1
383,28,-31.323871612548828,658.6478881835938,67.49362182617188,105.38470458984375,-1,-1,-1,-1
384,28,-52.67641830444336,581.3052978515625,108.57395935058594,199.8046875,-1,-1,-1,-1
385,28,-50.434234619140625,581.4446411132812,103.97531127929688,201.37579345703125,-1,-1,-1,-1
387,28,-52.275672912597656,598.7885131835938,107.57511901855469,200.6134033203125,-1,-1,-1,-1
388,28,-43.96890640258789,620.6294555664062,91.15036010742188,178.17236328125,-1,-1,-1,-1
389,28,-40.338199615478516,637.7706298828125,90.99319458007812,159.01788330078125,-1,-1,-1,-1
390,28,-4.8032121658325195,657.5762939453125,87.54432678222656,142.69781494140625,-1,-1,-1,-1
391,28,39.857666015625,739.5770263671875,36.96739959716797,73.54681396484375,-1,-1,-1,-1
392,28,57.71198272705078,765.8531494140625,38.48407745361328,70.60467529296875,-1,-1,-1,-1
393,28,80.84208679199219,740.2855834960938,37.92517852783203,65.57177734375,-1,-1,-1,-1
394,28,134.40113830566406,696.2568969726562,38.384613037109375,62.52825927734375,-1,-1,-1,-1
395,28,234.8115997314453,680.7236328125,33.22966003417969,53.83197021484375,-1,-1,-1,-1
396,28,347.6615905761719,658.2451782226562,28.34759521484375,59.133544921875,-1,-1,-1,-1
397,28,377.6839599609375,663.2069091796875,33.18603515625,62.46734619140625,-1,-1,-1,-1
398,28,657.8263549804688,607.7506713867188,134.33673095703125,94.77032470703125,-1,-1,-1,-1
381,29,765.05078125,584.96533203125,63.07135009765625,182.769287109375,-1,-1,-1,-1
382,29,748.3733520507812,598.7665405273438,77.5989990234375,180.2049560546875,-1,-1,-1,-1
383,29,740.7314453125,596.4447631835938,81.830078125,169.005615234375,-1,-1,-1,-1
384,29,733.8126220703125,587.57763671875,94.24188232421875,176.34088134765625,-1,-1,-1,-1
385,29,736.9909057617188,595.799560546875,98.1671142578125,168.87005615234375,-1,-1,-1,-1
386,29,737.5706787109375,579.134033203125,102.4139404296875,186.06146240234375,-1,-1,-1,-1
387,29,746.521484375,578.774658203125,101.0267333984375,178.777099609375,-1,-1,-1,-1
388,29,749.7586059570312,597.9099731445312,111.55035400390625,166.93341064453125,-1,-1,-1,-1
389,29,748.6998901367188,592.3245849609375,131.6365966796875,175.71875,-1,-1,-1,-1
390,29,757.9403686523438,598.8167724609375,163.479248046875,180.96197509765625,-1,-1,-1,-1
391,29,766.016357421875,577.096923828125,185.2476806640625,187.09259033203125,-1,-1,-1,-1
392,29,785.2090454101562,587.4990844726562,185.5086669921875,197.44573974609375,-1,-1,-1,-1
393,29,808.6285400390625,574.8428955078125,175.55096435546875,196.3504638671875,-1,-1,-1,-1
394,29,855.4479370117188,564.4698486328125,160.63934326171875,187.5888671875,-1,-1,-1,-1
395,29,933.0028686523438,550.93017578125,162.88787841796875,195.3570556640625,-1,-1,-1,-1
396,29,1032.4365234375,531.2714233398438,170.1346435546875,210.205322265625,-1,-1,-1,-1
397,29,1075.941162109375,518.5510864257812,171.3192138671875,225.54388427734375,-1,-1,-1,-1
398,29,949.2872314453125,530.1958618164062,161.113525390625,217.38922119140625,-1,-1,-1,-1
399,29,823.7805786132812,550.4992065429688,151.84918212890625,208.53680419921875,-1,-1,-1,-1
400,29,768.2618408203125,561.4949340820312,147.89251708984375,204.48907470703125,-1,-1,-1,-1
401,29,747.6194458007812,555.7015380859375,154.218017578125,218.40142822265625,-1,-1,-1,-1
402,29,733.3974609375,563.4580688476562,151.81695556640625,201.69415283203125,-1,-1,-1,-1
403,29,719.9081420898438,558.7178344726562,149.3192138671875,201.42437744140625,-1,-1,-1,-1
404,29,713.2279052734375,569.0931396484375,143.95318603515625,210.611083984375,-1,-1,-1,-1
405,29,709.5880737304688,579.0972290039062,125.984375,210.9261474609375,-1,-1,-1,-1
406,29,678.7194213867188,575.1913452148438,135.5562744140625,217.754638671875,-1,-1,-1,-1
407,29,662.762451171875,571.42724609375,128.22259521484375,223.38629150390625,-1,-1,-1,-1
408,29,660.0735473632812,585.955810546875,121.1365966796875,213.98480224609375,-1,-1,-1,-1
409,29,653.2831420898438,587.45166015625,126.42388916015625,218.9005126953125,-1,-1,-1,-1
410,29,643.4686889648438,594.7476806640625,121.11004638671875,212.1541748046875,-1,-1,-1,-1
411,29,638.79248046875,592.35302734375,112.544677734375,213.176025390625,-1,-1,-1,-1
412,29,622.7609252929688,572.8378295898438,115.32464599609375,216.02911376953125,-1,-1,-1,-1
413,29,581.5352172851562,581.978759765625,124.0823974609375,230.0372314453125,-1,-1,-1,-1
414,29,545.181884765625,562.9097290039062,135.34539794921875,267.31597900390625,-1,-1,-1,-1
415,29,524.98779296875,557.6231689453125,149.86138916015625,279.979736328125,-1,-1,-1,-1
416,29,510.8363952636719,551.9638671875,157.06680297851562,293.922607421875,-1,-1,-1,-1
417,29,501.4617004394531,553.8997802734375,161.11111450195312,298.4884033203125,-1,-1,-1,-1
418,29,495.0259094238281,560.1168823242188,161.91854858398438,296.75091552734375,-1,-1,-1,-1
419,29,493.0211486816406,573.790283203125,155.53536987304688,293.9638671875,-1,-1,-1,-1
420,29,491.46612548828125,578.0723266601562,144.23876953125,297.1661376953125,-1,-1,-1,-1
421,29,497.0153503417969,598.1369018554688,148.89743041992188,303.04901123046875,-1,-1,-1,-1
422,29,504.54986572265625,585.8838500976562,152.09173583984375,312.6590576171875,-1,-1,-1,-1
423,29,513.486572265625,556.0816040039062,159.88690185546875,348.78564453125,-1,-1,-1,-1
424,29,532.3331298828125,530.64794921875,164.03045654296875,372.392822265625,-1,-1,-1,-1
425,29,559.3012084960938,509.10076904296875,158.44677734375,384.14410400390625,-1,-1,-1,-1
426,29,589.707275390625,498.4775085449219,149.95599365234375,380.8509826660156,-1,-1,-1,-1
427,29,615.519287109375,506.30291748046875,159.37994384765625,380.96697998046875,-1,-1,-1,-1
428,29,634.2673950195312,518.6629638671875,162.36273193359375,387.23419189453125,-1,-1,-1,-1
429,29,656.712646484375,514.4393920898438,157.32470703125,401.24163818359375,-1,-1,-1,-1
430,29,678.1473388671875,503.294189453125,161.16925048828125,423.428466796875,-1,-1,-1,-1
431,29,687.7899169921875,492.2883605957031,171.94158935546875,464.7798767089844,-1,-1,-1,-1
432,29,690.0128173828125,473.2276916503906,201.8262939453125,499.9739685058594,-1,-1,-1,-1
433,29,688.2922973632812,464.8731689453125,219.28594970703125,528.546142578125,-1,-1,-1,-1
434,29,676.4727172851562,464.1416931152344,212.27044677734375,543.4456787109375,-1,-1,-1,-1
435,29,658.7013549804688,470.6512451171875,200.36444091796875,537.7428588867188,-1,-1,-1,-1
436,29,617.0117797851562,483.51312255859375,231.5462646484375,537.0524291992188,-1,-1,-1,-1
437,29,551.2423706054688,501.9090576171875,259.8961181640625,546.8876953125,-1,-1,-1,-1
438,29,468.293701171875,500.8732604980469,291.4188232421875,590.97265625,-1,-1,-1,-1
439,29,379.1328125,488.74188232421875,304.8372802734375,642.6570434570312,-1,-1,-1,-1
440,29,291.7984619140625,486.7319641113281,374.288330078125,663.2283935546875,-1,-1,-1,-1
441,29,238.00503540039062,487.53717041015625,432.1760559082031,672.2858276367188,-1,-1,-1,-1
442,29,217.38168334960938,475.797607421875,430.4615783691406,688.006103515625,-1,-1,-1,-1
443,29,218.91644287109375,423.3916320800781,369.35833740234375,690.859619140625,-1,-1,-1,-1
444,29,197.23458862304688,377.54632568359375,331.1286315917969,700.5807495117188,-1,-1,-1,-1
445,29,96.13085174560547,348.96832275390625,348.6727294921875,729.8317260742188,-1,-1,-1,-1
446,29,-50.14754104614258,380.4554443359375,355.89947509765625,736.5665283203125,-1,-1,-1,-1
447,29,-136.85464477539062,365.53155517578125,337.4549560546875,806.0764770507812,-1,-1,-1,-1
448,29,-141.34034729003906,312.9100646972656,382.64276123046875,749.4954833984375,-1,-1,-1,-1
449,29,-196.040771484375,307.8492431640625,401.3721008300781,805.8995361328125,-1,-1,-1,-1
450,29,-197.671630859375,295.1100158691406,398.37554931640625,891.125,-1,-1,-1,-1
455,29,-188.72203063964844,300.6578369140625,380.4796447753906,747.407958984375,-1,-1,-1,-1
456,29,45.64942169189453,274.48883056640625,366.46221923828125,689.1951293945312,-1,-1,-1,-1
457,29,363.1624755859375,280.228515625,295.12054443359375,629.298828125,-1,-1,-1,-1
458,29,628.5643310546875,278.4773254394531,235.02020263671875,611.657470703125,-1,-1,-1,-1
459,29,786.4228515625,316.41021728515625,239.1014404296875,583.415771484375,-1,-1,-1,-1
460,29,868.8936157226562,309.9546813964844,255.38861083984375,611.3406982421875,-1,-1,-1,-1
461,29,925.6964721679688,327.9432678222656,278.30474853515625,607.2154541015625,-1,-1,-1,-1
462,29,976.2245483398438,344.40380859375,276.11834716796875,595.281005859375,-1,-1,-1,-1
463,29,1018.35546875,363.64862060546875,264.87255859375,597.85986328125,-1,-1,-1,-1
464,29,1056.91845703125,376.5802307128906,244.5517578125,602.7239990234375,-1,-1,-1,-1
465,29,1065.713134765625,381.16693115234375,256.41162109375,608.3567504882812,-1,-1,-1,-1
466,29,1062.7034912109375,392.0860290527344,271.1708984375,612.1844482421875,-1,-1,-1,-1
467,29,1062.3553466796875,404.2009582519531,280.229736328125,613.4775390625,-1,-1,-1,-1
468,29,1061.965576171875,421.9991760253906,286.265869140625,608.4534912109375,-1,-1,-1,-1
469,29,1058.96630859375,441.5025634765625,293.867431640625,601.6900634765625,-1,-1,-1,-1
470,29,1060.80712890625,457.16241455078125,295.7630615234375,595.2073364257812,-1,-1,-1,-1
471,29,1082.7249755859375,473.7500305175781,273.7720947265625,585.04931640625,-1,-1,-1,-1
472,29,1108.070068359375,490.93743896484375,245.3297119140625,556.2710571289062,-1,-1,-1,-1
473,29,1126.967529296875,510.0068054199219,227.8819580078125,548.744384765625,-1,-1,-1,-1
474,29,1136.137939453125,530.3424682617188,222.8780517578125,540.6965942382812,-1,-1,-1,-1
475,29,1127.731201171875,546.9420776367188,239.3739013671875,527.4712524414062,-1,-1,-1,-1
476,29,1129.3162841796875,557.4656982421875,244.1297607421875,516.798583984375,-1,-1,-1,-1
477,29,1134.273193359375,563.8280029296875,242.844970703125,516.5599365234375,-1,-1,-1,-1
478,29,1139.0299072265625,568.9929809570312,239.023193359375,512.3082885742188,-1,-1,-1,-1
479,29,1138.7557373046875,559.3582153320312,229.6219482421875,506.82330322265625,-1,-1,-1,-1
480,29,1129.12939453125,539.720458984375,209.426025390625,487.27734375,-1,-1,-1,-1
481,29,1082.232666015625,517.5599975585938,189.228759765625,463.4847412109375,-1,-1,-1,-1
482,29,1010.027587890625,497.69439697265625,171.5406494140625,433.68035888671875,-1,-1,-1,-1
483,29,942.3468627929688,476.30670166015625,169.43328857421875,396.3233642578125,-1,-1,-1,-1
484,29,938.1796875,437.77508544921875,184.7242431640625,394.8634033203125,-1,-1,-1,-1
485,29,1039.6781005859375,394.32733154296875,203.0604248046875,410.568115234375,-1,-1,-1,-1
396,30,1283.6954345703125,528.4201049804688,164.6776123046875,285.80291748046875,-1,-1,-1,-1
397,30,1321.8321533203125,500.7958984375,139.20361328125,311.46319580078125,-1,-1,-1,-1
398,30,1219.922607421875,517.3287353515625,184.65869140625,272.65496826171875,-1,-1,-1,-1
399,30,1079.734375,555.3626708984375,181.5562744140625,227.2120361328125,-1,-1,-1,-1
400,30,1027.431396484375,573.7678833007812,169.7803955078125,204.5570068359375,-1,-1,-1,-1
401,30,1017.8231811523438,583.5689697265625,157.25250244140625,189.81878662109375,-1,-1,-1,-1
402,30,1013.7687377929688,600.1080322265625,144.93560791015625,174.86346435546875,-1,-1,-1,-1
403,30,1000.4461669921875,598.460693359375,137.248046875,166.26885986328125,-1,-1,-1,-1
404,30,996.7181396484375,623.0498046875,129.0633544921875,157.2518310546875,-1,-1,-1,-1
405,30,985.28173828125,632.6949462890625,134.16455078125,158.08837890625,-1,-1,-1,-1
406,30,973.362060546875,623.8919067382812,118.5579833984375,159.25714111328125,-1,-1,-1,-1
407,30,952.0505981445312,621.9415893554688,109.88336181640625,158.685302734375,-1,-1,-1,-1
408,30,949.35302734375,624.2257080078125,104.77294921875,168.68304443359375,-1,-1,-1,-1
409,30,941.2355346679688,615.613037109375,109.27777099609375,172.903564453125,-1,-1,-1,-1
410,30,929.2223510742188,607.7343139648438,113.32598876953125,179.3878173828125,-1,-1,-1,-1
411,30,917.494140625,597.7705078125,114.100341796875,188.33819580078125,-1,-1,-1,-1
412,30,905.1727905273438,568.846435546875,109.24969482421875,191.5576171875,-1,-1,-1,-1
413,30,862.9996337890625,573.3270874023438,100.45819091796875,193.53912353515625,-1,-1,-1,-1
414,30,830.3512573242188,564.090087890625,96.95440673828125,195.17596435546875,-1,-1,-1,-1
415,30,810.528076171875,560.3388061523438,99.5780029296875,192.33404541015625,-1,-1,-1,-1
416,30,796.6600341796875,557.5665893554688,97.45916748046875,191.1845703125,-1,-1,-1,-1
417,30,789.9525756835938,563.7593994140625,90.7550048828125,187.3099365234375,-1,-1,-1,-1
418,30,779.1242065429688,566.2805786132812,94.0753173828125,187.75946044921875,-1,-1,-1,-1
419,30,772.9810791015625,572.1962280273438,92.1864013671875,192.71295166015625,-1,-1,-1,-1
420,30,776.5951538085938,584.2694091796875,88.061767578125,190.03094482421875,-1,-1,-1,-1
421,30,781.3983764648438,607.2684326171875,93.97027587890625,189.48760986328125,-1,-1,-1,-1
422,30,784.3406982421875,595.4609985351562,97.773681640625,193.56402587890625,-1,-1,-1,-1
423,30,791.31640625,574.9221801757812,94.99664306640625,196.299072265625,-1,-1,-1,-1
424,30,806.2618408203125,562.5537109375,88.22283935546875,197.87969970703125,-1,-1,-1,-1
425,30,824.657470703125,534.7802124023438,88.5072021484375,209.33416748046875,-1,-1,-1,-1
426,30,848.6143188476562,518.647216796875,87.2181396484375,206.3199462890625,-1,-1,-1,-1
427,30,859.37353515625,520.4064331054688,92.3958740234375,202.18536376953125,-1,-1,-1,-1
428,30,862.4996948242188,531.8438720703125,90.99920654296875,200.3797607421875,-1,-1,-1,-1
429,30,866.9557495117188,534.892333984375,90.9554443359375,201.84820556640625,-1,-1,-1,-1
430,30,871.6558227539062,534.6478881835938,91.26068115234375,204.81378173828125,-1,-1,-1,-1
431,30,867.4744262695312,542.1761474609375,90.52960205078125,204.809814453125,-1,-1,-1,-1
432,30,855.6724243164062,534.1609497070312,90.6439208984375,205.07720947265625,-1,-1,-1,-1
433,30,839.44482421875,533.908203125,90.597900390625,207.483642578125,-1,-1,-1,-1
434,30,808.354248046875,534.8699340820312,92.68243408203125,208.66229248046875,-1,-1,-1,-1
435,30,765.1307373046875,534.1702880859375,98.2177734375,210.7626953125,-1,-1,-1,-1
436,30,698.3311767578125,561.5925903320312,137.6890869140625,205.3973388671875,-1,-1,-1,-1
437,30,639.1359252929688,621.0139770507812,158.97967529296875,198.88720703125,-1,-1,-1,-1
438,30,572.7671508789062,614.1460571289062,172.8944091796875,193.45806884765625,-1,-1,-1,-1
439,30,497.3977966308594,618.7659912109375,175.27023315429688,167.6961669921875,-1,-1,-1,-1
440,30,436.74072265625,587.9424438476562,145.9207763671875,205.71466064453125,-1,-1,-1,-1
400,31,25.165504455566406,761.074462890625,44.8392333984375,74.89117431640625,-1,-1,-1,-1
401,31,4.397644281387329,767.3187866210938,44.33510971069336,72.82391357421875,-1,-1,-1,-1
402,31,-24.972652435302734,744.9827880859375,78.74109649658203,115.46551513671875,-1,-1,-1,-1
438,32,1276.0989990234375,454.0551452636719,106.003662109375,288.6969299316406,-1,-1,-1,-1
439,32,1148.0675048828125,455.17498779296875,111.074462890625,276.9324951171875,-1,-1,-1,-1
440,32,1022.0448608398438,459.4369812011719,100.41424560546875,263.7925109863281,-1,-1,-1,-1
441,32,926.39306640625,466.10614013671875,95.92047119140625,253.76165771484375,-1,-1,-1,-1
442,32,857.0521240234375,468.072509765625,91.5714111328125,244.7630615234375,-1,-1,-1,-1
443,32,811.0671997070312,446.6291198730469,89.27874755859375,247.04037475585938,-1,-1,-1,-1
444,32,748.3031616210938,414.05419921875,89.2470703125,250.0516357421875,-1,-1,-1,-1
445,32,635.9259033203125,378.83209228515625,95.2923583984375,253.11309814453125,-1,-1,-1,-1
446,32,459.9510498046875,349.5758972167969,120.7408447265625,262.4932556152344,-1,-1,-1,-1
447,32,258.3433837890625,329.38623046875,151.95632934570312,279.849853515625,-1,-1,-1,-1
448,32,413.6024169921875,382.1463623046875,118.415283203125,146.57110595703125,-1,-1,-1,-1
449,32,318.7860107421875,431.32086181640625,106.13690185546875,79.65597534179688,-1,-1,-1,-1
450,32,246.3668975830078,427.8988037109375,107.02848815917969,76.71563720703125,-1,-1,-1,-1
451,32,186.55104064941406,432.3957214355469,111.41853332519531,72.448974609375,-1,-1,-1,-1
452,32,138.89059448242188,423.6810302734375,117.60963439941406,81.72384643554688,-1,-1,-1,-1
454,32,174.3632049560547,416.39813232421875,113.42527770996094,81.47702026367188,-1,-1,-1,-1
455,32,58.71425247192383,354.90777587890625,147.67005920410156,196.80389404296875,-1,-1,-1,-1
442,33,178.744384765625,640.3416748046875,128.2120361328125,250.285400390625,-1,-1,-1,-1
443,33,219.92515563964844,647.487060546875,263.55059814453125,246.4459228515625,-1,-1,-1,-1
443,34,110.88961029052734,587.8840942382812,118.08600616455078,259.15142822265625,-1,-1,-1,-1
444,34,204.6788330078125,546.577392578125,251.86453247070312,317.53375244140625,-1,-1,-1,-1
449,36,3.9636898040771484,320.16473388671875,169.3797149658203,278.31597900390625,-1,-1,-1,-1
450,36,-6.414710998535156,328.8141784667969,112.80082702636719,270.4571228027344,-1,-1,-1,-1
451,36,-4.655064105987549,388.8399658203125,69.0413818359375,221.31842041015625,-1,-1,-1,-1
452,36,-47.698184967041016,410.5079650878906,134.80221557617188,203.98782348632812,-1,-1,-1,-1
454,36,-96.68558502197266,250.89952087402344,196.8990478515625,359.39227294921875,-1,-1,-1,-1
455,36,32.98479080200195,309.6640319824219,180.47853088378906,290.5310974121094,-1,-1,-1,-1
456,36,280.0101623535156,306.5075988769531,165.58453369140625,283.0783386230469,-1,-1,-1,-1
457,36,549.3782348632812,325.8858642578125,131.85247802734375,264.2542724609375,-1,-1,-1,-1
458,36,772.32958984375,339.5875244140625,112.94232177734375,263.6607666015625,-1,-1,-1,-1
459,36,942.7572021484375,348.7246398925781,107.1217041015625,278.0160827636719,-1,-1,-1,-1
460,36,1039.679931640625,365.0435791015625,118.9012451171875,289.1539306640625,-1,-1,-1,-1
461,36,1094.674072265625,377.3634948730469,123.8165283203125,300.1895446777344,-1,-1,-1,-1
462,36,1092.4637451171875,376.4739990234375,165.640625,319.9835205078125,-1,-1,-1,-1
463,36,1103.3668212890625,376.36279296875,175.628662109375,393.54449462890625,-1,-1,-1,-1
464,36,1122.7760009765625,379.73663330078125,164.6217041015625,404.94207763671875,-1,-1,-1,-1
469,36,1096.205078125,483.5587463378906,178.85693359375,301.6078796386719,-1,-1,-1,-1
470,36,1113.111083984375,505.90789794921875,153.6785888671875,281.64886474609375,-1,-1,-1,-1
471,36,1120.806640625,491.6190185546875,177.8145751953125,317.95574951171875,-1,-1,-1,-1
472,36,1129.4285888671875,533.4583740234375,118.441650390625,278.0283203125,-1,-1,-1,-1
473,36,1126.621337890625,553.0288696289062,107.315185546875,273.48272705078125,-1,-1,-1,-1
474,36,1121.7569580078125,570.6185913085938,110.4456787109375,279.085205078125,-1,-1,-1,-1
475,36,1115.5638427734375,578.8199462890625,120.36669921875,274.21038818359375,-1,-1,-1,-1
476,36,1110.5108642578125,587.3645629882812,134.3214111328125,277.592041015625,-1,-1,-1,-1
477,36,1107.2215576171875,593.5377197265625,129.8277587890625,279.78759765625,-1,-1,-1,-1
478,36,1100.63818359375,598.4390869140625,124.476318359375,272.55377197265625,-1,-1,-1,-1
479,36,1088.3067626953125,590.0529174804688,116.0443115234375,268.29193115234375,-1,-1,-1,-1
480,36,1055.228759765625,570.9647827148438,108.414306640625,261.08489990234375,-1,-1,-1,-1
481,36,992.9096069335938,552.5313720703125,106.82720947265625,250.1126708984375,-1,-1,-1,-1
482,36,912.9352416992188,532.0755004882812,101.8466796875,242.69732666015625,-1,-1,-1,-1
483,36,849.813720703125,512.9054870605469,93.39593505859375,235.48648071289062,-1,-1,-1,-1
484,36,843.30322265625,473.7569580078125,91.4908447265625,236.0540771484375,-1,-1,-1,-1
485,36,928.361572265625,425.6348571777344,117.196533203125,243.83517456054688,-1,-1,-1,-1
486,36,683.5319213867188,402.2476806640625,142.43414306640625,250.6904296875,-1,-1,-1,-1
487,36,839.342529296875,390.78350830078125,166.337890625,223.892333984375,-1,-1,-1,-1
488,36,957.5081787109375,356.9584045410156,164.4207763671875,265.1713562011719,-1,-1,-1,-1
458,37,141.3953857421875,515.4522705078125,137.3572998046875,293.4476318359375,-1,-1,-1,-1
459,37,338.7505187988281,490.6410217285156,110.2977294921875,285.4468688964844,-1,-1,-1,-1
460,37,434.51763916015625,487.186279296875,108.75335693359375,273.2969970703125,-1,-1,-1,-1
461,37,485.2408142089844,479.27056884765625,109.32339477539062,282.77520751953125,-1,-1,-1,-1
462,37,522.9668579101562,492.4446716308594,112.81134033203125,276.6748352050781,-1,-1,-1,-1
463,37,543.6151733398438,512.1961059570312,132.46978759765625,269.69403076171875,-1,-1,-1,-1
464,37,559.3270874023438,523.4253540039062,129.5174560546875,269.27166748046875,-1,-1,-1,-1
465,37,570.1221923828125,533.0115966796875,112.92218017578125,262.63818359375,-1,-1,-1,-1
466,37,588.1658935546875,544.7308349609375,96.2537841796875,260.019775390625,-1,-1,-1,-1
467,37,602.4427490234375,549.5679931640625,90.157470703125,265.581298828125,-1,-1,-1,-1
468,37,607.19873046875,553.7232055664062,112.14508056640625,267.4718017578125,-1,-1,-1,-1
469,37,610.1049194335938,546.4063720703125,122.1517333984375,280.6553955078125,-1,-1,-1,-1
470,37,610.6884765625,538.7562255859375,119.68975830078125,288.93914794921875,-1,-1,-1,-1
471,37,609.5103759765625,531.0899658203125,120.20550537109375,293.4100341796875,-1,-1,-1,-1
472,37,624.5318603515625,530.3494262695312,106.74859619140625,297.31146240234375,-1,-1,-1,-1
473,37,606.126953125,538.74365234375,127.1767578125,294.55731201171875,-1,-1,-1,-1
474,37,603.9658813476562,546.3096313476562,145.453369140625,292.33892822265625,-1,-1,-1,-1
475,37,605.4902954101562,562.0279541015625,162.330078125,279.29534912109375,-1,-1,-1,-1
476,37,611.071044921875,577.5974731445312,165.29119873046875,268.88616943359375,-1,-1,-1,-1
477,37,625.7646484375,590.2881469726562,146.15203857421875,267.14019775390625,-1,-1,-1,-1
478,37,636.9671020507812,600.3521118164062,137.7813720703125,272.3868408203125,-1,-1,-1,-1
479,37,649.832763671875,594.1444091796875,126.31866455078125,283.5262451171875,-1,-1,-1,-1
480,37,632.4712524414062,581.0746459960938,114.85223388671875,296.9520263671875,-1,-1,-1,-1
481,37,585.2548828125,565.6865844726562,112.110107421875,304.4010009765625,-1,-1,-1,-1
482,37,516.1611328125,544.7071533203125,115.1214599609375,308.2408447265625,-1,-1,-1,-1
483,37,451.03082275390625,522.8804931640625,133.25421142578125,310.8687744140625,-1,-1,-1,-1
484,37,444.88580322265625,475.69293212890625,166.16644287109375,313.22430419921875,-1,-1,-1,-1
485,37,534.97265625,440.1698303222656,162.80218505859375,287.5002746582031,-1,-1,-1,-1
486,37,679.1165161132812,398.72412109375,177.18548583984375,287.32562255859375,-1,-1,-1,-1
487,37,837.0232543945312,382.927978515625,186.34185791015625,283.00860595703125,-1,-1,-1,-1
488,37,957.2952270507812,342.00286865234375,189.63433837890625,319.07537841796875,-1,-1,-1,-1
489,37,1021.7625122070312,315.4166259765625,185.55084228515625,349.5303955078125,-1,-1,-1,-1
490,37,1019.0286254882812,309.7491149902344,188.73321533203125,367.5127868652344,-1,-1,-1,-1
491,37,976.4855346679688,323.38134765625,188.80035400390625,368.8829345703125,-1,-1,-1,-1
492,37,904.5765991210938,367.517822265625,178.57403564453125,353.7674560546875,-1,-1,-1,-1
493,37,833.0833740234375,413.59625244140625,156.13800048828125,338.801513671875,-1,-1,-1,-1
494,37,791.86328125,431.5345458984375,140.9376220703125,322.8502197265625,-1,-1,-1,-1
495,37,772.3482055664062,426.99676513671875,146.17718505859375,323.69268798828125,-1,-1,-1,-1
496,37,757.6148071289062,423.5467224121094,156.3472900390625,325.1538391113281,-1,-1,-1,-1
497,37,746.1386108398438,456.35699462890625,150.211669921875,297.86566162109375,-1,-1,-1,-1
498,37,735.5086669921875,433.115234375,138.1866455078125,338.2086181640625,-1,-1,-1,-1
499,37,719.938720703125,435.7086181640625,137.00933837890625,354.48638916015625,-1,-1,-1,-1
500,37,697.648193359375,460.5177001953125,139.4134521484375,357.267822265625,-1,-1,-1,-1
501,37,677.5414428710938,495.59295654296875,138.2777099609375,358.10198974609375,-1,-1,-1,-1
502,37,653.3317260742188,517.027099609375,145.3089599609375,355.11700439453125,-1,-1,-1,-1
503,37,636.4063110351562,535.82421875,154.35491943359375,351.59295654296875,-1,-1,-1,-1
504,37,633.5510864257812,567.9344482421875,160.2105712890625,339.7470703125,-1,-1,-1,-1
505,37,632.65673828125,573.8923950195312,157.99237060546875,334.827880859375,-1,-1,-1,-1
506,37,633.1176147460938,578.2665405273438,149.8172607421875,341.333984375,-1,-1,-1,-1
507,37,636.2420043945312,540.4636840820312,136.8592529296875,356.634033203125,-1,-1,-1,-1
508,37,621.685546875,553.289794921875,128.27301025390625,369.3348388671875,-1,-1,-1,-1
509,37,602.8701782226562,548.8941650390625,121.476318359375,378.93988037109375,-1,-1,-1,-1
510,37,572.6551513671875,543.8328857421875,133.8172607421875,387.15435791015625,-1,-1,-1,-1
511,37,553.56201171875,563.9551391601562,145.99267578125,385.3907470703125,-1,-1,-1,-1
512,37,541.2579956054688,589.0702514648438,166.6451416015625,379.66595458984375,-1,-1,-1,-1
513,37,537.7090454101562,610.1307983398438,180.10272216796875,373.30169677734375,-1,-1,-1,-1
514,37,537.7490234375,632.3126220703125,183.1224365234375,370.20599365234375,-1,-1,-1,-1
515,37,545.6975708007812,643.850341796875,172.73089599609375,361.74749755859375,-1,-1,-1,-1
516,37,563.7554931640625,621.7424926757812,162.8985595703125,380.16064453125,-1,-1,-1,-1
517,37,578.1383056640625,604.5052490234375,159.0709228515625,393.0733642578125,-1,-1,-1,-1
518,37,591.7163696289062,594.457763671875,159.8787841796875,406.71160888671875,-1,-1,-1,-1
519,37,598.5397338867188,592.9163208007812,169.37115478515625,409.22296142578125,-1,-1,-1,-1
520,37,605.1653442382812,611.25244140625,177.81536865234375,398.0322265625,-1,-1,-1,-1
521,37,603.577880859375,622.4967041015625,184.8074951171875,391.044677734375,-1,-1,-1,-1
522,37,611.9593505859375,630.75634765625,191.8809814453125,386.699951171875,-1,-1,-1,-1
523,37,619.6751098632812,662.8529052734375,189.03594970703125,362.22833251953125,-1,-1,-1,-1
524,37,627.9190673828125,642.9934692382812,186.36285400390625,387.25152587890625,-1,-1,-1,-1
525,37,632.9419555664062,624.9765014648438,185.58843994140625,404.31207275390625,-1,-1,-1,-1
526,37,635.5510864257812,622.7266235351562,189.8839111328125,407.04119873046875,-1,-1,-1,-1
527,37,652.1388549804688,621.928466796875,201.26629638671875,422.68798828125,-1,-1,-1,-1
528,37,664.056884765625,628.2931518554688,207.32354736328125,427.80035400390625,-1,-1,-1,-1
529,37,662.188720703125,613.5701293945312,221.40130615234375,446.48016357421875,-1,-1,-1,-1
530,37,659.4257202148438,622.5050048828125,226.95770263671875,448.6483154296875,-1,-1,-1,-1
531,37,659.03125,660.1766967773438,238.38507080078125,463.56146240234375,-1,-1,-1,-1
532,37,678.8697509765625,723.0236206054688,235.22259521484375,451.41351318359375,-1,-1,-1,-1
533,37,706.4255981445312,710.9005126953125,224.46002197265625,436.986083984375,-1,-1,-1,-1
534,37,723.19189453125,662.859375,219.6607666015625,457.6737060546875,-1,-1,-1,-1
535,37,741.9671630859375,625.3573608398438,230.4146728515625,494.97076416015625,-1,-1,-1,-1
536,37,737.6588745117188,626.5668334960938,200.77630615234375,480.82073974609375,-1,-1,-1,-1
537,37,723.6734619140625,543.2722778320312,193.088623046875,510.23406982421875,-1,-1,-1,-1
538,37,705.3446655273438,503.0775451660156,195.91497802734375,504.9638977050781,-1,-1,-1,-1
539,37,708.6549682617188,531.2144165039062,206.20648193359375,500.37274169921875,-1,-1,-1,-1
540,37,725.7084350585938,563.7297973632812,207.54876708984375,487.78240966796875,-1,-1,-1,-1
541,37,750.2153930664062,580.5824584960938,220.6298828125,485.38153076171875,-1,-1,-1,-1
542,37,782.7138671875,586.8702392578125,225.08856201171875,492.783203125,-1,-1,-1,-1
543,37,821.4813842773438,572.046875,219.84149169921875,516.4962158203125,-1,-1,-1,-1
544,37,868.6771850585938,558.206298828125,206.27532958984375,532.7274169921875,-1,-1,-1,-1
545,37,908.940673828125,543.8236083984375,207.1444091796875,548.66162109375,-1,-1,-1,-1
546,37,946.3528442382812,532.294189453125,215.18450927734375,564.9989013671875,-1,-1,-1,-1
547,37,969.5006713867188,508.65081787109375,239.52520751953125,570.2526245117188,-1,-1,-1,-1
548,37,979.3270874023438,501.8062438964844,267.36822509765625,549.393798828125,-1,-1,-1,-1
549,37,989.1527099609375,534.0753173828125,297.6103515625,526.204345703125,-1,-1,-1,-1
550,37,1004.7144775390625,559.8444213867188,302.401123046875,519.9575805664062,-1,-1,-1,-1
551,37,1014.876708984375,557.1371459960938,298.32958984375,531.5675659179688,-1,-1,-1,-1
552,37,977.4742431640625,530.2049560546875,290.1365966796875,528.2576904296875,-1,-1,-1,-1
553,37,900.6677856445312,498.08428955078125,265.83514404296875,513.2932739257812,-1,-1,-1,-1
554,37,837.1613159179688,451.0348815917969,261.35699462890625,515.5318603515625,-1,-1,-1,-1
555,37,796.1590576171875,407.1923522949219,263.8031005859375,527.8382568359375,-1,-1,-1,-1
556,37,761.49951171875,387.78631591796875,259.4000244140625,532.3543090820312,-1,-1,-1,-1
557,37,729.2896118164062,383.42437744140625,253.316162109375,541.74267578125,-1,-1,-1,-1
558,37,694.1006469726562,402.111572265625,253.86761474609375,531.8037109375,-1,-1,-1,-1
559,37,643.8627319335938,407.3684387207031,266.56402587890625,524.9130859375,-1,-1,-1,-1
560,37,593.6121215820312,373.5725402832031,263.93914794921875,524.800537109375,-1,-1,-1,-1
561,37,563.034912109375,338.8381042480469,284.5784912109375,540.26025390625,-1,-1,-1,-1
562,37,590.2949829101562,303.5077819824219,307.61614990234375,552.7999267578125,-1,-1,-1,-1
563,37,728.29931640625,231.22906494140625,384.317138671875,574.8999633789062,-1,-1,-1,-1
564,37,720.1104736328125,262.2619934082031,301.02008056640625,359.8099670410156,-1,-1,-1,-1
565,37,673.322265625,260.0311584472656,58.85662841796875,106.06793212890625,-1,-1,-1,-1
486,38,1210.4195556640625,369.7367858886719,209.5535888671875,443.7303771972656,-1,-1,-1,-1
487,39,1259.9742431640625,371.43157958984375,161.387939453125,292.40826416015625,-1,-1,-1,-1
492,40,1245.451904296875,445.00750732421875,164.8572998046875,287.6214599609375,-1,-1,-1,-1
493,40,1140.433349609375,459.582275390625,188.24658203125,274.1298828125,-1,-1,-1,-1
494,40,1080.3690185546875,460.86614990234375,173.86328125,263.48175048828125,-1,-1,-1,-1
495,40,1046.39208984375,456.63555908203125,163.8426513671875,257.80743408203125,-1,-1,-1,-1
496,40,1022.5736083984375,451.1422119140625,152.0767822265625,256.92987060546875,-1,-1,-1,-1
497,40,996.6604614257812,458.32830810546875,139.59283447265625,252.8516845703125,-1,-1,-1,-1
498,40,976.9647216796875,469.1351318359375,133.862548828125,251.841796875,-1,-1,-1,-1
499,40,960.137939453125,481.86541748046875,123.528076171875,243.83984375,-1,-1,-1,-1
500,40,934.8058471679688,503.90673828125,115.81842041015625,233.28582763671875,-1,-1,-1,-1
501,40,908.6361083984375,533.1532592773438,113.9732666015625,225.2679443359375,-1,-1,-1,-1
502,40,881.8907470703125,545.8047485351562,111.2864990234375,219.904541015625,-1,-1,-1,-1
503,40,865.3775634765625,555.9583740234375,108.17803955078125,219.98443603515625,-1,-1,-1,-1
504,40,862.3549194335938,571.0460815429688,108.69598388671875,220.071044921875,-1,-1,-1,-1
505,40,854.4911499023438,567.8733520507812,107.5482177734375,219.2921142578125,-1,-1,-1,-1
506,40,849.9638671875,573.9945678710938,108.34735107421875,219.92816162109375,-1,-1,-1,-1
507,40,845.1765747070312,552.7587890625,105.4373779296875,217.79888916015625,-1,-1,-1,-1
508,40,823.592041015625,575.1427001953125,106.05426025390625,212.04425048828125,-1,-1,-1,-1
509,40,797.8552856445312,576.7017822265625,104.99969482421875,208.7894287109375,-1,-1,-1,-1
510,40,776.845947265625,567.2425537109375,101.11383056640625,212.82598876953125,-1,-1,-1,-1
511,40,765.8451538085938,578.23095703125,97.34735107421875,215.6162109375,-1,-1,-1,-1
512,40,761.1023559570312,596.3845825195312,100.12152099609375,216.06317138671875,-1,-1,-1,-1
513,40,762.1802978515625,608.6268310546875,97.55029296875,214.880615234375,-1,-1,-1,-1
514,40,763.8313598632812,626.727783203125,94.06982421875,215.35308837890625,-1,-1,-1,-1
515,40,765.4227294921875,634.8165283203125,93.27618408203125,212.7137451171875,-1,-1,-1,-1
516,40,766.21337890625,632.75,94.8388671875,211.31793212890625,-1,-1,-1,-1
517,40,771.744140625,629.2213134765625,95.3638916015625,210.322509765625,-1,-1,-1,-1
518,40,777.9927978515625,630.2449340820312,99.217041015625,208.46453857421875,-1,-1,-1,-1
519,40,782.9951782226562,627.1465454101562,100.40301513671875,209.0845947265625,-1,-1,-1,-1
520,40,780.7312622070312,627.0243530273438,99.30120849609375,206.80316162109375,-1,-1,-1,-1
521,40,775.96728515625,625.8101806640625,100.3236083984375,201.92425537109375,-1,-1,-1,-1
522,40,775.99169921875,629.701171875,99.2861328125,199.7652587890625,-1,-1,-1,-1
523,40,780.4364013671875,649.525146484375,89.8857421875,183.8499755859375,-1,-1,-1,-1
524,40,777.6140747070312,647.6214599609375,84.84344482421875,187.04559326171875,-1,-1,-1,-1
525,40,786.3295288085938,654.085205078125,72.1317138671875,179.515869140625,-1,-1,-1,-1
526,40,798.7608642578125,661.472900390625,60.1558837890625,175.59881591796875,-1,-1,-1,-1
527,40,813.3963623046875,669.8994750976562,54.3692626953125,177.0823974609375,-1,-1,-1,-1
528,40,825.5506591796875,671.40869140625,53.572265625,177.43505859375,-1,-1,-1,-1
529,40,822.7597045898438,705.7015380859375,52.9635009765625,131.12664794921875,-1,-1,-1,-1
530,40,809.9921875,705.171875,74.9183349609375,128.9586181640625,-1,-1,-1,-1
532,40,773.73193359375,735.049072265625,119.18304443359375,179.1268310546875,-1,-1,-1,-1
533,40,781.0665283203125,711.5172119140625,114.9996337890625,184.40057373046875,-1,-1,-1,-1
534,40,779.2052612304688,685.71240234375,123.46746826171875,184.4930419921875,-1,-1,-1,-1
535,40,776.1077270507812,689.1220703125,109.18292236328125,182.39739990234375,-1,-1,-1,-1
536,40,754.804443359375,681.1981811523438,107.4061279296875,183.7940673828125,-1,-1,-1,-1
537,40,726.1290283203125,629.9227294921875,119.58721923828125,192.12939453125,-1,-1,-1,-1
538,40,696.2269897460938,599.3812866210938,99.5635986328125,179.6116943359375,-1,-1,-1,-1
539,40,691.827880859375,615.5064697265625,92.09906005859375,178.4495849609375,-1,-1,-1,-1
540,40,697.6564331054688,632.9837036132812,97.568603515625,177.3665771484375,-1,-1,-1,-1
541,40,708.0536499023438,649.7839965820312,100.690185546875,174.56488037109375,-1,-1,-1,-1
542,40,723.1703491210938,657.69091796875,105.15155029296875,178.11968994140625,-1,-1,-1,-1
543,40,741.3092651367188,662.8649291992188,107.55609130859375,184.09088134765625,-1,-1,-1,-1
544,40,765.6868286132812,667.57763671875,107.179443359375,179.568603515625,-1,-1,-1,-1
545,40,791.0318603515625,662.2776489257812,108.1646728515625,184.10748291015625,-1,-1,-1,-1
546,40,815.2283325195312,665.5558471679688,108.5806884765625,181.29400634765625,-1,-1,-1,-1
547,40,826.07568359375,643.15283203125,110.09381103515625,183.9501953125,-1,-1,-1,-1
548,40,831.9774169921875,616.7855224609375,111.721923828125,185.20465087890625,-1,-1,-1,-1
549,40,837.1470947265625,615.9161987304688,110.7554931640625,187.08404541015625,-1,-1,-1,-1
550,40,841.3410034179688,622.9861450195312,107.9532470703125,186.5322265625,-1,-1,-1,-1
551,40,837.739013671875,624.7998046875,109.149169921875,184.928466796875,-1,-1,-1,-1
552,40,787.218994140625,612.339111328125,106.99102783203125,182.531982421875,-1,-1,-1,-1
553,40,702.7740478515625,598.1603393554688,106.13189697265625,180.57452392578125,-1,-1,-1,-1
554,40,642.1478881835938,574.5223388671875,103.8131103515625,183.1077880859375,-1,-1,-1,-1
555,40,600.576904296875,539.4717407226562,105.3770751953125,186.70587158203125,-1,-1,-1,-1
556,40,562.2576293945312,519.245849609375,111.65765380859375,193.02264404296875,-1,-1,-1,-1
557,40,530.60791015625,512.6792907714844,113.7879638671875,194.32376098632812,-1,-1,-1,-1
558,40,498.9400939941406,510.77777099609375,119.13626098632812,202.34527587890625,-1,-1,-1,-1
559,40,445.1225280761719,504.89501953125,127.22604370117188,211.25885009765625,-1,-1,-1,-1
560,40,383.8192138671875,480.70904541015625,132.24334716796875,218.45819091796875,-1,-1,-1,-1
561,40,355.1783447265625,458.4061279296875,131.98211669921875,221.6480712890625,-1,-1,-1,-1
562,40,391.7829895019531,426.2755126953125,132.70962524414062,225.027587890625,-1,-1,-1,-1
563,40,570.7627563476562,345.27960205078125,120.9332275390625,222.1943359375,-1,-1,-1,-1
564,40,505.2850646972656,280.1737060546875,69.01425170898438,98.13900756835938,-1,-1,-1,-1
565,40,640.2335205078125,272.54864501953125,81.64697265625,79.54791259765625,-1,-1,-1,-1
493,41,1302.9613037109375,434.49517822265625,213.0511474609375,445.494873046875,-1,-1,-1,-1
494,41,1288.571044921875,439.3641662597656,196.255615234375,435.2535095214844,-1,-1,-1,-1
495,41,1259.4306640625,384.4039001464844,176.3953857421875,485.9037170410156,-1,-1,-1,-1
496,41,1236.1654052734375,457.1454162597656,173.9227294921875,413.5050964355469,-1,-1,-1,-1
497,41,1207.8697509765625,480.35736083984375,211.5633544921875,398.15716552734375,-1,-1,-1,-1
498,41,1186.050048828125,487.0757141113281,227.1416015625,399.6956481933594,-1,-1,-1,-1
499,41,1178.5440673828125,497.9533996582031,230.5418701171875,389.8642272949219,-1,-1,-1,-1
500,41,1170.0069580078125,504.11676025390625,227.4017333984375,387.4224853515625,-1,-1,-1,-1
501,41,1176.0146484375,522.2160034179688,210.69287109375,387.4462890625,-1,-1,-1,-1
502,41,1181.21923828125,527.5677490234375,196.0037841796875,399.79669189453125,-1,-1,-1,-1
503,41,1193.992431640625,531.4884643554688,174.9388427734375,414.20159912109375,-1,-1,-1,-1
504,41,1199.7161865234375,553.8800659179688,176.604736328125,418.76605224609375,-1,-1,-1,-1
505,41,1197.138427734375,546.2606811523438,182.6973876953125,430.8204345703125,-1,-1,-1,-1
506,41,1195.8253173828125,550.4360961914062,184.6429443359375,434.76361083984375,-1,-1,-1,-1
507,41,1189.8372802734375,523.9703979492188,192.5582275390625,435.2247314453125,-1,-1,-1,-1
508,41,1171.290771484375,527.7915649414062,193.11181640625,425.04840087890625,-1,-1,-1,-1
509,41,1145.6961669921875,524.14892578125,194.6343994140625,413.85345458984375,-1,-1,-1,-1
510,41,1129.6934814453125,504.3398742675781,193.2515869140625,411.5414123535156,-1,-1,-1,-1
511,41,1124.5115966796875,527.8663330078125,188.98828125,403.439453125,-1,-1,-1,-1
512,41,1128.2877197265625,562.2329711914062,193.3101806640625,397.615478515625,-1,-1,-1,-1
513,41,1141.8634033203125,573.5355834960938,189.9510498046875,397.04620361328125,-1,-1,-1,-1
514,41,1155.910888671875,591.8582763671875,183.7435302734375,395.19610595703125,-1,-1,-1,-1
515,41,1162.0831298828125,601.4091186523438,191.155029296875,399.2132568359375,-1,-1,-1,-1
516,41,1168.17236328125,599.545654296875,199.5570068359375,414.818603515625,-1,-1,-1,-1
517,41,1177.445556640625,594.739990234375,205.9434814453125,430.52740478515625,-1,-1,-1,-1
518,41,1184.9761962890625,586.2454833984375,212.9595947265625,438.812255859375,-1,-1,-1,-1
519,41,1194.69921875,587.962890625,212.47998046875,438.3489990234375,-1,-1,-1,-1
520,41,1202.2498779296875,594.1213989257812,208.1224365234375,432.27081298828125,-1,-1,-1,-1
521,41,1220.0712890625,597.093017578125,189.648193359375,431.7554931640625,-1,-1,-1,-1
522,41,1245.634521484375,596.0753784179688,168.4720458984375,433.76214599609375,-1,-1,-1,-1
523,41,1269.89013671875,610.1563720703125,142.123291015625,428.0257568359375,-1,-1,-1,-1
524,41,1268.1729736328125,605.9008178710938,142.0948486328125,431.86090087890625,-1,-1,-1,-1
525,41,1259.009033203125,618.2601318359375,151.0174560546875,422.949462890625,-1,-1,-1,-1
526,41,1253.6409912109375,630.8486328125,163.9814453125,425.6741943359375,-1,-1,-1,-1
527,41,1270.4334716796875,586.8646240234375,140.0408935546875,482.7977294921875,-1,-1,-1,-1
528,41,1286.162841796875,591.350830078125,119.29833984375,476.068603515625,-1,-1,-1,-1
529,41,1288.4794921875,599.542724609375,114.67431640625,454.26025390625,-1,-1,-1,-1
530,41,1293.713623046875,600.8640747070312,110.275634765625,451.35540771484375,-1,-1,-1,-1
519,42,750.9484252929688,628.8463134765625,25.11859130859375,57.4954833984375,-1,-1,-1,-1
520,42,778.9225463867188,626.1987915039062,27.63104248046875,48.76531982421875,-1,-1,-1,-1
521,42,779.2559814453125,617.1688232421875,26.70819091796875,52.29949951171875,-1,-1,-1,-1
522,42,780.5376586914062,628.812744140625,35.06866455078125,64.2249755859375,-1,-1,-1,-1
523,42,783.6923828125,657.485595703125,46.56719970703125,102.1666259765625,-1,-1,-1,-1
524,42,768.971923828125,661.5591430664062,61.6124267578125,126.89691162109375,-1,-1,-1,-1
525,42,751.66064453125,661.2872924804688,64.80841064453125,151.46685791015625,-1,-1,-1,-1
526,42,777.74365234375,666.1751098632812,74.89434814453125,166.630126953125,-1,-1,-1,-1
527,42,801.7399291992188,671.531005859375,64.58319091796875,173.44085693359375,-1,-1,-1,-1
524,43,703.4263305664062,630.1277465820312,25.7982177734375,55.052734375,-1,-1,-1,-1
525,43,692.7654418945312,624.4502563476562,25.41790771484375,58.14703369140625,-1,-1,-1,-1
526,43,688.6630859375,626.1729125976562,24.207275390625,55.445068359375,-1,-1,-1,-1
527,43,690.3182983398438,635.376220703125,23.83404541015625,53.2628173828125,-1,-1,-1,-1
528,43,691.2105102539062,634.6533203125,24.20166015625,54.39984130859375,-1,-1,-1,-1
529,43,684.1747436523438,620.2965698242188,25.37396240234375,54.57574462890625,-1,-1,-1,-1
530,43,672.3394775390625,618.64892578125,26.2423095703125,54.3072509765625,-1,-1,-1,-1
531,43,666.8784790039062,653.4119873046875,26.350341796875,56.05645751953125,-1,-1,-1,-1
532,43,669.0404052734375,692.8743896484375,26.2166748046875,52.3946533203125,-1,-1,-1,-1
533,43,663.3464965820312,669.1693115234375,26.3236083984375,57.939453125,-1,-1,-1,-1
534,43,652.793701171875,652.8809204101562,28.08355712890625,55.41558837890625,-1,-1,-1,-1
535,43,637.3677978515625,659.1885375976562,29.09075927734375,56.37762451171875,-1,-1,-1,-1
536,43,602.9546508789062,662.5455322265625,27.20611572265625,55.57427978515625,-1,-1,-1,-1
537,43,558.79248046875,628.2265014648438,28.28790283203125,57.87054443359375,-1,-1,-1,-1
538,43,519.8842163085938,594.3533935546875,27.20037841796875,56.9921875,-1,-1,-1,-1
539,43,509.6338806152344,604.2770385742188,26.244659423828125,58.99456787109375,-1,-1,-1,-1
540,43,508.18817138671875,628.5054321289062,24.75653076171875,57.70831298828125,-1,-1,-1,-1
541,43,511.5459289550781,641.5715942382812,25.731597900390625,59.6397705078125,-1,-1,-1,-1
542,43,520.2924194335938,655.117919921875,26.357666015625,61.11669921875,-1,-1,-1,-1
543,43,531.9925537109375,665.302978515625,27.07171630859375,59.54754638671875,-1,-1,-1,-1
544,43,550.7230224609375,666.863525390625,26.94293212890625,60.1495361328125,-1,-1,-1,-1
545,43,571.9412841796875,665.1994018554688,28.23016357421875,56.662353515625,-1,-1,-1,-1
546,43,585.328125,664.6215209960938,28.2940673828125,61.173828125,-1,-1,-1,-1
547,43,589.9451904296875,652.6670532226562,27.203369140625,60.19097900390625,-1,-1,-1,-1
548,43,587.298828125,628.3179931640625,29.13006591796875,58.67901611328125,-1,-1,-1,-1
549,43,585.3457641601562,621.4085693359375,29.79864501953125,60.3829345703125,-1,-1,-1,-1
550,43,583.0191650390625,626.609375,30.44671630859375,60.75848388671875,-1,-1,-1,-1
551,43,573.1951293945312,622.61669921875,29.5787353515625,63.78558349609375,-1,-1,-1,-1
552,43,513.60693359375,614.0769653320312,30.3050537109375,63.90509033203125,-1,-1,-1,-1
553,43,414.4271545410156,604.921875,33.384002685546875,64.10223388671875,-1,-1,-1,-1
554,43,336.2281799316406,580.5193481445312,32.282012939453125,68.6136474609375,-1,-1,-1,-1
555,43,279.6259765625,547.20263671875,33.140625,70.61737060546875,-1,-1,-1,-1
556,43,226.26898193359375,538.432373046875,38.468536376953125,72.60260009765625,-1,-1,-1,-1
557,43,181.53878784179688,534.9214477539062,35.077789306640625,71.8695068359375,-1,-1,-1,-1
558,43,134.79493713378906,537.6281127929688,36.90953063964844,74.86151123046875,-1,-1,-1,-1
527,44,738.008544921875,634.3309936523438,23.9901123046875,56.61224365234375,-1,-1,-1,-1
528,44,737.5258178710938,631.4029541015625,27.39776611328125,61.59033203125,-1,-1,-1,-1
529,44,731.2930297851562,616.2135009765625,26.2213134765625,62.617431640625,-1,-1,-1,-1
530,44,718.2742309570312,611.1812133789062,29.04150390625,65.96453857421875,-1,-1,-1,-1
531,44,713.9854125976562,646.7830810546875,29.02166748046875,67.62890625,-1,-1,-1,-1
532,44,719.5135498046875,693.6552734375,23.540283203125,55.91632080078125,-1,-1,-1,-1
533,44,714.3497924804688,668.7742919921875,25.263427734375,60.25958251953125,-1,-1,-1,-1
534,44,703.882080078125,655.0263671875,23.738525390625,55.22998046875,-1,-1,-1,-1
535,44,688.4058227539062,660.81005859375,26.19512939453125,55.129638671875,-1,-1,-1,-1
536,44,650.9671630859375,655.2969360351562,29.3765869140625,60.36431884765625,-1,-1,-1,-1
537,44,610.2239990234375,621.3467407226562,28.03106689453125,58.82464599609375,-1,-1,-1,-1
538,44,576.2548828125,586.3929443359375,25.01666259765625,59.05126953125,-1,-1,-1,-1
539,44,566.55224609375,599.0554809570312,27.03619384765625,59.230224609375,-1,-1,-1,-1
540,44,566.593994140625,622.7075805664062,23.67633056640625,55.2196044921875,-1,-1,-1,-1
541,44,567.7340087890625,636.7172241210938,25.86981201171875,57.406982421875,-1,-1,-1,-1
542,44,575.8323364257812,647.1647338867188,26.3692626953125,60.66107177734375,-1,-1,-1,-1
543,44,583.8390502929688,653.0547485351562,30.462646484375,64.61737060546875,-1,-1,-1,-1
544,44,607.4556274414062,661.3178100585938,24.803466796875,56.92767333984375,-1,-1,-1,-1
545,44,627.287353515625,655.6956787109375,25.85430908203125,60.51611328125,-1,-1,-1,-1
546,44,637.9110717773438,651.2517700195312,28.972412109375,67.54815673828125,-1,-1,-1,-1
547,44,640.216064453125,637.86328125,29.04461669921875,66.85650634765625,-1,-1,-1,-1
548,44,640.8582763671875,623.8550415039062,27.0621337890625,55.73626708984375,-1,-1,-1,-1
549,44,641.26708984375,612.8941650390625,27.8392333984375,61.87872314453125,-1,-1,-1,-1
550,44,641.2932739257812,622.2430419921875,25.107421875,58.4505615234375,-1,-1,-1,-1
551,44,634.8269653320312,622.0740966796875,23.99005126953125,57.146728515625,-1,-1,-1,-1
552,44,577.1515502929688,608.466552734375,25.4234619140625,60.6868896484375,-1,-1,-1,-1
553,44,483.4407043457031,595.6329956054688,26.496490478515625,61.796142578125,-1,-1,-1,-1
554,44,409.38525390625,572.309326171875,27.10223388671875,64.73175048828125,-1,-1,-1,-1
555,44,354.80987548828125,540.53759765625,26.82257080078125,63.4637451171875,-1,-1,-1,-1
556,44,302.06292724609375,526.264404296875,33.6064453125,69.54241943359375,-1,-1,-1,-1
557,44,258.90472412109375,524.0636596679688,34.50390625,68.298828125,-1,-1,-1,-1
558,44,214.7623748779297,521.9420166015625,33.99781799316406,74.63861083984375,-1,-1,-1,-1
559,44,144.074462890625,530.4339599609375,36.44010925292969,73.96209716796875,-1,-1,-1,-1
560,44,71.47771453857422,520.9560546875,31.235328674316406,77.68896484375,-1,-1,-1,-1
532,45,707.5731201171875,696.0748901367188,22.353759765625,52.1468505859375,-1,-1,-1,-1
533,45,701.4072875976562,668.5465698242188,27.06365966796875,59.80792236328125,-1,-1,-1,-1
534,45,693.7344360351562,655.5523071289062,25.0550537109375,52.71942138671875,-1,-1,-1,-1
535,45,679.292724609375,661.0925903320312,26.43096923828125,54.24462890625,-1,-1,-1,-1
536,45,643.4369506835938,653.2406005859375,30.53558349609375,62.283447265625,-1,-1,-1,-1
537,45,600.8118896484375,623.507568359375,26.39874267578125,56.86126708984375,-1,-1,-1,-1
538,45,558.8260498046875,588.9883422851562,25.90411376953125,55.96771240234375,-1,-1,-1,-1
539,45,550.883544921875,600.0615844726562,24.5650634765625,57.35198974609375,-1,-1,-1,-1
540,45,550.6443481445312,625.1806640625,22.2391357421875,51.96331787109375,-1,-1,-1,-1
541,45,551.5575561523438,639.3805541992188,22.50238037109375,52.56097412109375,-1,-1,-1,-1
542,45,561.5031127929688,653.7981567382812,23.3614501953125,53.4588623046875,-1,-1,-1,-1
543,45,570.8485107421875,649.1925048828125,29.854736328125,65.8636474609375,-1,-1,-1,-1
544,45,590.25927734375,664.5894775390625,22.7274169921875,52.6448974609375,-1,-1,-1,-1
545,45,609.99609375,657.049072265625,24.95147705078125,58.323486328125,-1,-1,-1,-1
546,45,624.2940063476562,658.7777099609375,23.8873291015625,59.16717529296875,-1,-1,-1,-1
547,45,627.4736328125,644.2882080078125,26.263427734375,60.74969482421875,-1,-1,-1,-1
548,45,626.5023193359375,626.07275390625,27.891845703125,55.47613525390625,-1,-1,-1,-1
549,45,624.8368530273438,617.4295654296875,26.5570068359375,57.4356689453125,-1,-1,-1,-1
550,45,624.9429931640625,626.9430541992188,24.62371826171875,54.48187255859375,-1,-1,-1,-1
551,45,614.3389892578125,624.80322265625,24.78204345703125,56.1201171875,-1,-1,-1,-1
552,45,555.4347534179688,613.3984985351562,25.89483642578125,56.57159423828125,-1,-1,-1,-1
553,45,458.6145324707031,599.5181274414062,28.658782958984375,58.51361083984375,-1,-1,-1,-1
554,45,382.8743896484375,577.6843872070312,30.430999755859375,61.89837646484375,-1,-1,-1,-1
555,45,326.8739929199219,541.8997802734375,29.116455078125,63.68426513671875,-1,-1,-1,-1
556,45,281.00543212890625,531.7962646484375,26.302398681640625,58.0025634765625,-1,-1,-1,-1
557,45,235.28173828125,528.9378662109375,29.0172119140625,63.74151611328125,-1,-1,-1,-1
558,45,183.49783325195312,530.022216796875,37.52116394042969,72.59637451171875,-1,-1,-1,-1
559,45,113.76189422607422,536.2659301757812,35.440528869628906,66.689453125,-1,-1,-1,-1
560,45,69.7525634765625,519.4805297851562,34.192527770996094,77.619140625,-1,-1,-1,-1
561,45,35.18754577636719,496.91058349609375,31.858802795410156,79.103759765625,-1,-1,-1,-1
562,45,91.38465118408203,427.68414306640625,77.03827667236328,99.98992919921875,-1,-1,-1,-1
557,46,1342.2861328125,458.11260986328125,69.1922607421875,321.56341552734375,-1,-1,-1,-1
558,46,1315.2618408203125,455.76263427734375,92.7333984375,317.77276611328125,-1,-1,-1,-1
559,46,1269.872802734375,449.03668212890625,112.7779541015625,305.28802490234375,-1,-1,-1,-1
560,46,1208.144287109375,413.7842102050781,128.604248046875,295.8864440917969,-1,-1,-1,-1
561,46,1172.385009765625,410.091064453125,121.4642333984375,294.49310302734375,-1,-1,-1,-1
562,46,1210.782470703125,418.16455078125,109.0264892578125,298.19158935546875,-1,-1,-1,-1
563,46,905.2938842773438,328.9593200683594,200.13482666015625,332.9332580566406,-1,-1,-1,-1
564,46,819.7733154296875,294.57196044921875,133.389404296875,220.628662109375,-1,-1,-1,-1
565,46,672.7647705078125,259.0105895996094,82.6297607421875,98.43051147460938,-1,-1,-1,-1
560,47,41.81389236450195,531.0239868164062,35.11860275268555,71.40997314453125,-1,-1,-1,-1
561,47,13.176791191101074,506.25933837890625,27.14385223388672,71.2069091796875,-1,-1,-1,-1
562,47,15.46435546875,435.61187744140625,99.14964294433594,94.6983642578125,-1,-1,-1,-1
563,47,182.0691375732422,305.8818664550781,126.70942687988281,192.68853759765625,-1,-1,-1,-1
564,47,228.1779022216797,295.990234375,214.8963165283203,159.05392456054688,-1,-1,-1,-1
566,47,461.78765869140625,374.21771240234375,56.34912109375,122.9149169921875,-1,-1,-1,-1
567,47,447.96209716796875,388.8153076171875,59.638763427734375,120.21038818359375,-1,-1,-1,-1
570,47,288.9195251464844,314.9854736328125,41.029693603515625,82.0745849609375,-1,-1,-1,-1
571,47,569.9074096679688,375.8368835449219,85.66168212890625,100.84854125976562,-1,-1,-1,-1
572,47,516.2073364257812,394.2642822265625,77.9547119140625,142.150634765625,-1,-1,-1,-1
573,47,461.380859375,429.4125061035156,88.28948974609375,170.96499633789062,-1,-1,-1,-1
574,47,448.95556640625,431.74896240234375,94.2122802734375,197.57080078125,-1,-1,-1,-1
564,48,971.2601318359375,264.2668151855469,411.218017578125,574.6160888671875,-1,-1,-1,-1
565,48,693.7998046875,217.66949462890625,452.546142578125,421.71551513671875,-1,-1,-1,-1
569,48,650.35546875,257.95098876953125,171.93896484375,248.74078369140625,-1,-1,-1,-1
571,48,573.9160766601562,372.0029296875,89.43017578125,141.38125610351562,-1,-1,-1,-1
572,48,503.0774230957031,392.66619873046875,86.30935668945312,147.13690185546875,-1,-1,-1,-1
573,48,456.0108642578125,429.8244323730469,91.69915771484375,183.93930053710938,-1,-1,-1,-1
565,49,680.3142700195312,267.92108154296875,36.13446044921875,78.1195068359375,-1,-1,-1,-1
566,49,795.8585205078125,259.2989807128906,32.891845703125,80.4970703125,-1,-1,-1,-1
567,49,776.419189453125,253.03094482421875,35.02886962890625,80.611572265625,-1,-1,-1,-1
568,49,638.007568359375,253.32066345214844,38.10528564453125,78.50941467285156,-1,-1,-1,-1
569,49,461.2052001953125,273.6911315917969,37.664520263671875,76.417236328125,-1,-1,-1,-1
570,49,540.0987548828125,370.0323791503906,82.745849609375,88.51901245117188,-1,-1,-1,-1
572,49,485.5873718261719,400.42767333984375,66.65548706054688,136.61822509765625,-1,-1,-1,-1
573,49,441.2353515625,440.80841064453125,76.46856689453125,151.26776123046875,-1,-1,-1,-1
574,49,442.94189453125,437.39886474609375,87.08099365234375,188.90704345703125,-1,-1,-1,-1
565,50,755.8722534179688,261.17926025390625,28.42156982421875,66.4278564453125,-1,-1,-1,-1
566,50,871.4533081054688,253.28451538085938,28.93017578125,79.0084228515625,-1,-1,-1,-1
567,50,853.073974609375,244.2972412109375,28.54754638671875,79.04345703125,-1,-1,-1,-1
568,50,717.0249633789062,242.08726501464844,29.152099609375,64.92936706542969,-1,-1,-1,-1
569,50,537.966064453125,265.95526123046875,32.87841796875,75.8033447265625,-1,-1,-1,-1
570,50,371.4365234375,309.368896484375,33.92413330078125,75.2647705078125,-1,-1,-1,-1
571,50,226.7800750732422,353.0771179199219,32.74589538574219,78.68515014648438,-1,-1,-1,-1
572,50,341.68023681640625,386.00579833984375,69.51889038085938,110.6522216796875,-1,-1,-1,-1
565,51,1209.883544921875,291.51007080078125,399.2037353515625,647.4906616210938,-1,-1,-1,-1
566,51,1269.44189453125,260.943359375,280.0933837890625,507.8665771484375,-1,-1,-1,-1
567,51,1305.9345703125,250.72311401367188,205.7269287109375,391.6640930175781,-1,-1,-1,-1
568,51,1049.3798828125,229.18856811523438,159.717041015625,263.3554382324219,-1,-1,-1,-1
566,52,841.8917846679688,255.91702270507812,28.24139404296875,76.96987915039062,-1,-1,-1,-1
567,52,820.8909912109375,245.1977996826172,33.240478515625,80.64387512207031,-1,-1,-1,-1
568,52,687.300048828125,250.17579650878906,31.3065185546875,71.40760803222656,-1,-1,-1,-1
569,52,507.5477294921875,270.5049133300781,34.98944091796875,74.95132446289062,-1,-1,-1,-1
570,52,338.01885986328125,312.8960876464844,37.27325439453125,76.6270751953125,-1,-1,-1,-1
571,52,577.0181884765625,373.7091369628906,91.04437255859375,111.43917846679688,-1,-1,-1,-1
566,53,1192.335205078125,288.67193603515625,127.6556396484375,230.71636962890625,-1,-1,-1,-1
567,53,1190.621826171875,274.5657043457031,122.2520751953125,224.84963989257812,-1,-1,-1,-1
568,53,1047.3956298828125,234.93238830566406,159.93115234375,235.1805877685547,-1,-1,-1,-1
569,53,861.9767456054688,260.0634765625,137.7457275390625,226.15011596679688,-1,-1,-1,-1
570,53,697.8746337890625,320.6169738769531,126.55523681640625,212.92025756835938,-1,-1,-1,-1
571,53,572.4442749023438,365.98956298828125,104.00445556640625,206.0576171875,-1,-1,-1,-1
572,53,488.54876708984375,386.7861633300781,105.2679443359375,209.75344848632812,-1,-1,-1,-1
573,53,444.9362487792969,422.225341796875,106.73922729492188,212.74481201171875,-1,-1,-1,-1
574,53,442.7939147949219,426.0723571777344,103.36441040039062,212.65878295898438,-1,-1,-1,-1
575,53,445.94915771484375,435.6270751953125,105.0947265625,217.95916748046875,-1,-1,-1,-1
576,53,442.9716796875,463.56982421875,108.6771240234375,216.49920654296875,-1,-1,-1,-1
577,53,435.91168212890625,485.75714111328125,104.52581787109375,210.1451416015625,-1,-1,-1,-1
578,53,438.317138671875,491.1768493652344,103.1766357421875,232.67147827148438,-1,-1,-1,-1
579,53,431.3068542480469,487.4220275878906,105.16171264648438,239.77993774414062,-1,-1,-1,-1
580,53,410.7384948730469,486.3287658691406,106.59286499023438,241.86776733398438,-1,-1,-1,-1
581,53,392.74761962890625,485.9781799316406,108.90139770507812,238.65768432617188,-1,-1,-1,-1
582,53,414.54852294921875,476.14373779296875,110.515869140625,243.87957763671875,-1,-1,-1,-1
583,53,507.13043212890625,488.5530700683594,100.8236083984375,230.91860961914062,-1,-1,-1,-1
584,53,616.2152099609375,505.5782470703125,99.97064208984375,219.226318359375,-1,-1,-1,-1
585,53,730.1476440429688,502.84088134765625,104.77069091796875,223.5611572265625,-1,-1,-1,-1
586,53,831.1320190429688,488.6728515625,111.4619140625,235.70233154296875,-1,-1,-1,-1
587,53,895.2783203125,490.1991271972656,113.86614990234375,239.18502807617188,-1,-1,-1,-1
588,53,917.5558471679688,488.3213195800781,116.59246826171875,251.28713989257812,-1,-1,-1,-1
589,53,869.1737670898438,472.2450256347656,110.78466796875,251.48019409179688,-1,-1,-1,-1
590,53,711.8992309570312,469.52496337890625,112.3736572265625,246.17083740234375,-1,-1,-1,-1
591,53,510.93414306640625,490.40045166015625,113.94622802734375,256.002197265625,-1,-1,-1,-1
592,53,307.8702087402344,526.11669921875,135.91400146484375,249.51373291015625,-1,-1,-1,-1
593,53,157.16014099121094,549.588134765625,152.49195861816406,277.60406494140625,-1,-1,-1,-1
594,53,80.17325592041016,553.927734375,157.530029296875,285.96624755859375,-1,-1,-1,-1
595,53,62.84956741333008,554.1825561523438,156.555419921875,326.2596435546875,-1,-1,-1,-1
596,53,101.43318939208984,543.6055297851562,150.01608276367188,320.03857421875,-1,-1,-1,-1
597,53,202.49026489257812,516.5914916992188,138.21710205078125,304.39508056640625,-1,-1,-1,-1
598,53,340.7150573730469,493.3184814453125,123.88699340820312,281.14166259765625,-1,-1,-1,-1
599,53,480.28173828125,487.5378723144531,114.389892578125,268.6261901855469,-1,-1,-1,-1
600,53,570.8489990234375,499.0974426269531,109.01361083984375,254.30374145507812,-1,-1,-1,-1
601,53,603.5164794921875,504.19293212890625,116.73101806640625,253.4217529296875,-1,-1,-1,-1
602,53,582.26171875,512.5074768066406,117.4615478515625,251.41232299804688,-1,-1,-1,-1
603,53,500.92962646484375,505.4519958496094,135.30560302734375,252.42031860351562,-1,-1,-1,-1
604,53,384.48480224609375,520.8145141601562,143.50860595703125,263.75592041015625,-1,-1,-1,-1
605,53,271.9444580078125,529.4322509765625,150.142578125,282.8648681640625,-1,-1,-1,-1
606,53,192.62583923339844,540.4163208007812,158.92799377441406,294.75653076171875,-1,-1,-1,-1
607,53,144.6998291015625,544.8565673828125,167.43832397460938,309.6649169921875,-1,-1,-1,-1
608,53,114.227783203125,552.5643310546875,173.3326416015625,317.97509765625,-1,-1,-1,-1
609,53,95.52008056640625,562.6257934570312,179.1026611328125,328.209228515625,-1,-1,-1,-1
610,53,72.86630249023438,572.8563232421875,184.30313110351562,334.413330078125,-1,-1,-1,-1
611,53,46.536678314208984,573.862548828125,187.44302368164062,343.9473876953125,-1,-1,-1,-1
612,53,10.98037338256836,585.1880493164062,186.3749237060547,354.948486328125,-1,-1,-1,-1
613,53,-4.188140869140625,590.3551025390625,170.03807067871094,364.30279541015625,-1,-1,-1,-1
614,53,-2.102205276489258,584.0790405273438,138.74110412597656,318.30352783203125,-1,-1,-1,-1
615,53,-23.676593780517578,586.8467407226562,138.58197021484375,311.83245849609375,-1,-1,-1,-1
616,53,-12.032020568847656,604.0167236328125,116.6607437133789,313.128662109375,-1,-1,-1,-1
617,53,-10.876002311706543,618.6080322265625,117.6783676147461,325.493896484375,-1,-1,-1,-1
618,53,-17.118173599243164,635.7857055664062,120.75076293945312,316.9637451171875,-1,-1,-1,-1
619,53,-35.15275192260742,638.0459594726562,129.94601440429688,315.52789306640625,-1,-1,-1,-1
620,53,-31.198043823242188,629.9595947265625,113.90924072265625,315.76776123046875,-1,-1,-1,-1
621,53,-36.6064567565918,626.0462036132812,118.09848022460938,317.9161376953125,-1,-1,-1,-1
622,53,-60.28145217895508,636.7951049804688,140.4290008544922,327.54449462890625,-1,-1,-1,-1
623,53,-63.20045471191406,652.6141967773438,144.0205078125,374.64569091796875,-1,-1,-1,-1
624,53,-61.75889205932617,659.7105712890625,138.1575469970703,402.5631103515625,-1,-1,-1,-1
625,53,-59.84388732910156,678.0604248046875,143.58062744140625,376.6318359375,-1,-1,-1,-1
626,53,-70.7668685913086,685.5247802734375,155.2883758544922,379.78076171875,-1,-1,-1,-1
627,53,-72.75146484375,670.9512329101562,150.40451049804688,393.59027099609375,-1,-1,-1,-1
628,53,-7.19852352142334,673.9559936523438,82.79132080078125,313.257080078125,-1,-1,-1,-1
629,53,-3.2289810180664062,647.6851806640625,93.99616241455078,329.5775146484375,-1,-1,-1,-1
630,53,-19.218286514282227,628.8861694335938,150.3897705078125,310.72064208984375,-1,-1,-1,-1
631,53,75.55522918701172,582.7907104492188,186.57803344726562,337.65179443359375,-1,-1,-1,-1
632,53,239.78988647460938,551.3900146484375,174.63424682617188,303.0216064453125,-1,-1,-1,-1
633,53,366.5296936035156,540.4141845703125,170.70156860351562,282.281982421875,-1,-1,-1,-1
634,53,439.5909423828125,543.96044921875,161.08038330078125,269.89990234375,-1,-1,-1,-1
635,53,469.736572265625,538.603515625,160.55523681640625,267.3370361328125,-1,-1,-1,-1
636,53,479.746826171875,530.4532470703125,158.92559814453125,270.0185546875,-1,-1,-1,-1
637,53,461.77178955078125,519.90673828125,157.97564697265625,272.221435546875,-1,-1,-1,-1
638,53,399.3689880371094,503.0531311035156,170.26339721679688,282.9784851074219,-1,-1,-1,-1
639,53,266.2936706542969,494.36962890625,180.04415893554688,262.34918212890625,-1,-1,-1,-1
640,53,118.16226196289062,488.9342956542969,175.26556396484375,340.5289611816406,-1,-1,-1,-1
641,53,12.373805046081543,502.54351806640625,186.3330535888672,329.271484375,-1,-1,-1,-1
642,53,-21.532760620117188,521.7536010742188,160.41848754882812,313.51849365234375,-1,-1,-1,-1
643,53,-50.34016036987305,540.6150512695312,163.49461364746094,319.52435302734375,-1,-1,-1,-1
644,53,-57.617210388183594,550.4853515625,145.87997436523438,324.71331787109375,-1,-1,-1,-1
645,53,-63.693572998046875,532.7315063476562,134.2198944091797,353.6522216796875,-1,-1,-1,-1
646,53,-90.41914367675781,504.3074035644531,183.95669555664062,401.1660461425781,-1,-1,-1,-1
569,54,1102.9364013671875,315.52191162109375,313.6614990234375,519.0580444335938,-1,-1,-1,-1
570,54,945.2416381835938,288.8598327636719,292.93426513671875,546.7147216796875,-1,-1,-1,-1
571,54,816.3547973632812,332.6292724609375,240.36627197265625,512.9746704101562,-1,-1,-1,-1
572,54,732.172119140625,320.13519287109375,277.96075439453125,521.9957885742188,-1,-1,-1,-1
573,54,684.0098266601562,371.8757019042969,249.31256103515625,478.7297668457031,-1,-1,-1,-1
574,54,671.0023193359375,382.3852233886719,249.018798828125,462.4550476074219,-1,-1,-1,-1
575,54,668.229736328125,417.558349609375,245.63421630859375,441.902099609375,-1,-1,-1,-1
576,54,672.1092529296875,467.09637451171875,230.5439453125,412.27667236328125,-1,-1,-1,-1
577,54,672.221923828125,459.5885009765625,245.03009033203125,431.6414794921875,-1,-1,-1,-1
578,54,686.2283325195312,473.4773254394531,248.07183837890625,439.8370056152344,-1,-1,-1,-1
579,54,689.5194702148438,462.7557067871094,260.15771484375,453.7350158691406,-1,-1,-1,-1
580,54,688.1473388671875,449.5980224609375,241.379150390625,465.7822265625,-1,-1,-1,-1
581,54,680.1008911132812,431.06524658203125,260.7296142578125,474.24200439453125,-1,-1,-1,-1
582,54,701.5358276367188,430.4218444824219,280.992919921875,477.6479187011719,-1,-1,-1,-1
583,54,784.9889526367188,451.814697265625,304.76190185546875,489.959716796875,-1,-1,-1,-1
584,54,887.8179321289062,482.68817138671875,353.51715087890625,516.0245971679688,-1,-1,-1,-1
585,54,1017.13525390625,553.6798095703125,380.786376953125,498.916748046875,-1,-1,-1,-1
586,54,1113.599609375,504.13238525390625,357.7811279296875,514.126220703125,-1,-1,-1,-1
587,54,1223.56494140625,479.4525146484375,282.28857421875,559.9139404296875,-1,-1,-1,-1
571,55,138.5001220703125,352.9122619628906,39.1138916015625,88.67050170898438,-1,-1,-1,-1
572,55,357.7744140625,385.7905578613281,50.4239501953125,100.1214599609375,-1,-1,-1,-1
572,56,51.04527282714844,383.15496826171875,34.467437744140625,87.43338012695312,-1,-1,-1,-1
573,56,49.02924346923828,424.3059997558594,32.16437530517578,77.97088623046875,-1,-1,-1,-1
574,56,42.0162239074707,420.79852294921875,29.699954986572266,81.6995849609375,-1,-1,-1,-1
575,56,39.758514404296875,432.17193603515625,28.980819702148438,82.34857177734375,-1,-1,-1,-1
576,56,25.875568389892578,462.8150634765625,28.63504409790039,81.72711181640625,-1,-1,-1,-1
577,56,39.30360412597656,482.70013427734375,26.025981903076172,83.69793701171875,-1,-1,-1,-1
578,56,31.455638885498047,506.3977355957031,28.084747314453125,87.69412231445312,-1,-1,-1,-1
579,56,13.164405822753906,510.72149658203125,31.269393920898438,91.776611328125,-1,-1,-1,-1
580,56,1.0992032885551453,498.14764404296875,19.580425262451172,109.128173828125,-1,-1,-1,-1
582,56,-40.16397476196289,460.8758239746094,83.39680480957031,188.23526000976562,-1,-1,-1,-1
583,56,72.06251525878906,497.08709716796875,28.945236206054688,87.27728271484375,-1,-1,-1,-1
584,56,206.26171875,499.30023193359375,30.672943115234375,85.04949951171875,-1,-1,-1,-1
585,56,344.29571533203125,501.9659423828125,29.97259521484375,78.96539306640625,-1,-1,-1,-1
586,56,451.0733947753906,494.7998046875,29.751983642578125,78.62298583984375,-1,-1,-1,-1
587,56,510.8456726074219,508.7252197265625,29.863067626953125,74.72900390625,-1,-1,-1,-1
588,56,523.094482421875,527.281494140625,30.522705078125,75.4735107421875,-1,-1,-1,-1
589,56,466.16796875,527.4453735351562,26.812225341796875,56.07342529296875,-1,-1,-1,-1
590,56,472.5741882324219,524.0404052734375,70.51235961914062,74.20806884765625,-1,-1,-1,-1
592,56,303.66290283203125,532.313232421875,98.35537719726562,183.46771240234375,-1,-1,-1,-1
593,56,171.68978881835938,552.0374755859375,120.13748168945312,195.51043701171875,-1,-1,-1,-1
594,56,99.26292419433594,553.8306884765625,125.28150939941406,216.538818359375,-1,-1,-1,-1
595,56,76.32919311523438,557.3079833984375,130.44955444335938,228.876220703125,-1,-1,-1,-1
596,56,113.20353698730469,548.0897216796875,132.16278076171875,278.13916015625,-1,-1,-1,-1
597,56,205.404541015625,519.3832397460938,132.8411865234375,275.9183349609375,-1,-1,-1,-1
572,57,1241.3328857421875,485.9166564941406,153.1654052734375,280.3559875488281,-1,-1,-1,-1
573,57,1188.1715087890625,501.29443359375,149.933349609375,277.671142578125,-1,-1,-1,-1
574,57,1177.2742919921875,511.64105224609375,144.6942138671875,273.11358642578125,-1,-1,-1,-1
575,57,1171.762939453125,528.8392333984375,138.9713134765625,269.9915771484375,-1,-1,-1,-1
576,57,1168.69580078125,534.5211181640625,126.4241943359375,266.9195556640625,-1,-1,-1,-1
577,57,1159.1612548828125,534.1185913085938,115.883544921875,261.99755859375,-1,-1,-1,-1
578,57,1159.4329833984375,543.81201171875,102.452880859375,257.7666015625,-1,-1,-1,-1
579,57,1148.5665283203125,544.42626953125,96.6842041015625,251.02734375,-1,-1,-1,-1
580,57,1127.0618896484375,551.3846435546875,87.60302734375,230.6015625,-1,-1,-1,-1
581,57,1111.2767333984375,535.2320556640625,80.6883544921875,229.6429443359375,-1,-1,-1,-1
582,57,1122.18310546875,524.969970703125,85.69091796875,237.93853759765625,-1,-1,-1,-1
583,57,1211.9696044921875,544.662841796875,95.009521484375,244.97991943359375,-1,-1,-1,-1
584,57,1310.4287109375,561.3917846679688,99.751708984375,265.8809814453125,-1,-1,-1,-1
585,57,1039.363525390625,540.746826171875,369.35009765625,385.652587890625,-1,-1,-1,-1
586,57,1153.1058349609375,483.41265869140625,325.6326904296875,495.2811279296875,-1,-1,-1,-1
587,57,1238.803466796875,462.3046875,274.0528564453125,576.0054931640625,-1,-1,-1,-1
590,57,1223.4473876953125,397.8460388183594,201.5048828125,595.6536865234375,-1,-1,-1,-1
591,57,990.4592895507812,432.5350646972656,238.29058837890625,490.5088195800781,-1,-1,-1,-1
592,57,806.086669921875,449.5990905761719,206.84783935546875,441.9557189941406,-1,-1,-1,-1
593,57,696.3855590820312,480.2964782714844,201.05322265625,414.9011535644531,-1,-1,-1,-1
594,57,651.08251953125,500.7651672363281,210.491943359375,394.1133728027344,-1,-1,-1,-1
595,57,642.1255493164062,514.50341796875,214.15472412109375,382.72113037109375,-1,-1,-1,-1
596,57,677.2939453125,531.660400390625,202.0576171875,379.730712890625,-1,-1,-1,-1
597,57,757.2744140625,537.8688354492188,174.48297119140625,379.95703125,-1,-1,-1,-1
598,57,874.6364135742188,523.1898193359375,183.69110107421875,403.7196044921875,-1,-1,-1,-1
599,57,1021.857421875,513.1671142578125,183.8812255859375,440.43939208984375,-1,-1,-1,-1
600,57,1127.407958984375,504.80120849609375,198.50830078125,462.56866455078125,-1,-1,-1,-1
601,57,1184.491455078125,504.29791259765625,186.9512939453125,464.36663818359375,-1,-1,-1,-1
602,57,1180.8560791015625,510.6009826660156,176.4703369140625,448.5666809082031,-1,-1,-1,-1
603,57,1099.260498046875,515.5795288085938,174.548095703125,429.4464111328125,-1,-1,-1,-1
604,57,988.9959106445312,534.3629760742188,154.11322021484375,397.13427734375,-1,-1,-1,-1
605,57,888.9345092773438,535.1697998046875,143.33416748046875,367.0118408203125,-1,-1,-1,-1
606,57,826.8155517578125,529.3037109375,130.4405517578125,356.4576416015625,-1,-1,-1,-1
607,57,795.7833862304688,520.3887939453125,123.31036376953125,356.79803466796875,-1,-1,-1,-1
608,57,778.3982543945312,510.28955078125,115.0614013671875,361.77459716796875,-1,-1,-1,-1
609,57,763.19677734375,509.0549011230469,117.886474609375,359.5541076660156,-1,-1,-1,-1
610,57,749.04931640625,510.3259582519531,119.43548583984375,347.4949035644531,-1,-1,-1,-1
611,57,729.2562866210938,510.8582458496094,123.79010009765625,332.9273376464844,-1,-1,-1,-1
612,57,695.72509765625,516.176025390625,132.1734619140625,318.35333251953125,-1,-1,-1,-1
613,57,668.6036376953125,531.5537719726562,136.7947998046875,304.77960205078125,-1,-1,-1,-1
614,57,644.3317260742188,527.5302124023438,137.46844482421875,293.85736083984375,-1,-1,-1,-1
615,57,627.5494995117188,526.310791015625,127.35101318359375,288.6295166015625,-1,-1,-1,-1
616,57,615.976318359375,528.8904418945312,126.906494140625,287.80865478515625,-1,-1,-1,-1
617,57,612.4219970703125,531.0336303710938,128.915771484375,292.6729736328125,-1,-1,-1,-1
618,57,610.3684692382812,528.234619140625,118.99920654296875,294.68743896484375,-1,-1,-1,-1
619,57,601.2921752929688,522.68408203125,112.82421875,293.6778564453125,-1,-1,-1,-1
620,57,597.9380493164062,515.5982666015625,109.54681396484375,294.65716552734375,-1,-1,-1,-1
621,57,597.6915893554688,515.372802734375,108.41162109375,295.7784423828125,-1,-1,-1,-1
622,57,597.029296875,533.8231201171875,103.4718017578125,289.38531494140625,-1,-1,-1,-1
623,57,593.9514770507812,557.8604125976562,107.92926025390625,284.3426513671875,-1,-1,-1,-1
624,57,595.6309204101562,588.6070556640625,110.53607177734375,265.97686767578125,-1,-1,-1,-1
625,57,598.1129760742188,576.5283203125,116.90692138671875,286.50482177734375,-1,-1,-1,-1
626,57,602.92431640625,590.5147094726562,123.41351318359375,275.5555419921875,-1,-1,-1,-1
627,57,611.3221435546875,570.9332885742188,122.365478515625,296.75408935546875,-1,-1,-1,-1
628,57,626.4976196289062,567.1390380859375,116.66455078125,296.9462890625,-1,-1,-1,-1
629,57,651.4461669921875,569.4475708007812,112.8583984375,294.59771728515625,-1,-1,-1,-1
630,57,705.051513671875,577.706787109375,107.178955078125,294.4739990234375,-1,-1,-1,-1
631,57,805.727783203125,610.175537109375,116.26385498046875,277.13262939453125,-1,-1,-1,-1
632,57,933.0531005859375,628.9893188476562,133.844970703125,285.52227783203125,-1,-1,-1,-1
633,57,1054.276123046875,652.0648193359375,153.6328125,285.64501953125,-1,-1,-1,-1
634,57,1128.2391357421875,644.3785400390625,179.91943359375,320.9942626953125,-1,-1,-1,-1
635,57,1161.831298828125,638.1427001953125,204.95751953125,329.4749755859375,-1,-1,-1,-1
636,57,1182.9215087890625,606.6380004882812,209.471923828125,340.98162841796875,-1,-1,-1,-1
637,57,1197.93310546875,577.0931396484375,198.680419921875,342.6485595703125,-1,-1,-1,-1
638,57,1168.3016357421875,542.8623046875,179.0601806640625,347.43670654296875,-1,-1,-1,-1
639,57,1059.87353515625,549.6981201171875,161.64599609375,312.32415771484375,-1,-1,-1,-1
640,57,943.4175415039062,530.2979125976562,144.49163818359375,309.6368408203125,-1,-1,-1,-1
641,57,868.889892578125,533.4017944335938,133.658447265625,294.56121826171875,-1,-1,-1,-1
642,57,826.2222900390625,525.5501708984375,126.87078857421875,294.88330078125,-1,-1,-1,-1
643,57,802.6213989257812,509.5248718261719,124.0809326171875,302.0065612792969,-1,-1,-1,-1
644,57,785.7207641601562,511.93023681640625,129.887451171875,291.96697998046875,-1,-1,-1,-1
645,57,778.466064453125,513.7831420898438,133.966796875,286.5521240234375,-1,-1,-1,-1
646,57,767.0704345703125,508.05889892578125,140.548095703125,292.5301513671875,-1,-1,-1,-1
647,57,758.3634033203125,504.76043701171875,143.30560302734375,296.8494873046875,-1,-1,-1,-1
648,57,747.97412109375,528.3018188476562,149.8048095703125,277.70574951171875,-1,-1,-1,-1
649,57,735.1926879882812,528.6215209960938,136.77703857421875,276.72930908203125,-1,-1,-1,-1
650,57,718.2874145507812,529.9224243164062,130.52728271484375,274.68109130859375,-1,-1,-1,-1
651,57,696.4364013671875,523.4912109375,120.95263671875,281.3709716796875,-1,-1,-1,-1
652,57,678.0250854492188,512.5011291503906,118.021240234375,292.7276306152344,-1,-1,-1,-1
653,57,664.3154296875,498.863037109375,115.77496337890625,299.76708984375,-1,-1,-1,-1
654,57,654.6526489257812,497.27264404296875,114.0235595703125,297.33477783203125,-1,-1,-1,-1
655,57,651.6074829101562,503.5604553222656,124.19036865234375,295.0034484863281,-1,-1,-1,-1
656,57,650.2294921875,514.4456176757812,136.4754638671875,284.8619384765625,-1,-1,-1,-1
657,57,648.9030151367188,527.9412841796875,141.57598876953125,281.36895751953125,-1,-1,-1,-1
658,57,643.1655883789062,546.4332275390625,136.995849609375,273.69580078125,-1,-1,-1,-1
659,57,623.6410522460938,559.6171875,133.35614013671875,268.357666015625,-1,-1,-1,-1
660,57,595.4452514648438,547.9246826171875,124.904052734375,280.44342041015625,-1,-1,-1,-1
661,57,567.232177734375,556.790283203125,126.864990234375,271.6004638671875,-1,-1,-1,-1
662,57,544.7011108398438,554.8447265625,125.4544677734375,274.4759521484375,-1,-1,-1,-1
663,57,525.5127563476562,549.922119140625,130.01495361328125,281.70391845703125,-1,-1,-1,-1
664,57,514.8837890625,559.1367797851562,136.0968017578125,273.7646484375,-1,-1,-1,-1
665,57,512.7477416992188,572.4597778320312,139.42425537109375,265.08709716796875,-1,-1,-1,-1
666,57,518.385009765625,576.3986206054688,136.4312744140625,265.63177490234375,-1,-1,-1,-1
667,57,530.0814208984375,567.4009399414062,140.17156982421875,281.56884765625,-1,-1,-1,-1
668,57,538.2440185546875,557.704833984375,137.3673095703125,293.184814453125,-1,-1,-1,-1
669,57,543.3832397460938,551.7210083007812,146.55633544921875,295.07708740234375,-1,-1,-1,-1
670,57,545.0570678710938,545.5252685546875,146.6500244140625,295.47674560546875,-1,-1,-1,-1
671,57,546.38720703125,552.720947265625,159.56512451171875,289.58941650390625,-1,-1,-1,-1
672,57,546.9734497070312,572.8993530273438,172.7962646484375,273.5108642578125,-1,-1,-1,-1
673,57,543.36669921875,567.3789672851562,171.4490966796875,284.79888916015625,-1,-1,-1,-1
674,57,543.6213989257812,586.4283447265625,165.00531005859375,267.50091552734375,-1,-1,-1,-1
675,57,544.8304443359375,569.4385375976562,155.89532470703125,278.7490234375,-1,-1,-1,-1
676,57,541.3380126953125,555.0861206054688,163.24993896484375,287.22418212890625,-1,-1,-1,-1
677,57,537.9990844726562,537.7066040039062,158.3597412109375,299.40264892578125,-1,-1,-1,-1
678,57,533.3107299804688,524.468994140625,157.48907470703125,312.09869384765625,-1,-1,-1,-1
679,57,518.623779296875,519.0146484375,170.058837890625,314.8385009765625,-1,-1,-1,-1
680,57,510.3036804199219,518.8673706054688,177.18991088867188,309.99322509765625,-1,-1,-1,-1
681,57,500.3245849609375,537.6541137695312,179.50146484375,291.18890380859375,-1,-1,-1,-1
682,57,496.06658935546875,538.9716186523438,186.236328125,294.56414794921875,-1,-1,-1,-1
683,57,528.6964111328125,539.6461791992188,150.0572509765625,293.75714111328125,-1,-1,-1,-1
684,57,523.5752563476562,535.4886474609375,168.56549072265625,292.3284912109375,-1,-1,-1,-1
685,57,517.3681640625,544.3941650390625,189.960205078125,286.498046875,-1,-1,-1,-1
686,57,521.9556274414062,549.882568359375,201.2947998046875,283.42578125,-1,-1,-1,-1
687,57,524.5404052734375,543.0810546875,204.4273681640625,283.51947021484375,-1,-1,-1,-1
688,57,532.9410400390625,552.7684936523438,197.1519775390625,264.21038818359375,-1,-1,-1,-1
689,57,550.2657470703125,573.7501220703125,196.22802734375,246.34228515625,-1,-1,-1,-1
690,57,564.9636840820312,576.5858154296875,191.25274658203125,244.7557373046875,-1,-1,-1,-1
691,57,568.1000366210938,597.2396850585938,191.2071533203125,230.33306884765625,-1,-1,-1,-1
692,57,575.3121948242188,610.5816040039062,161.01129150390625,218.348876953125,-1,-1,-1,-1
693,57,615.3731689453125,623.82421875,120.8011474609375,211.95477294921875,-1,-1,-1,-1
694,57,638.2977905273438,623.7235107421875,97.6728515625,211.55462646484375,-1,-1,-1,-1
695,57,628.7357788085938,615.0414428710938,93.32696533203125,221.2568359375,-1,-1,-1,-1
696,57,620.6146850585938,595.6982421875,103.9073486328125,231.82611083984375,-1,-1,-1,-1
697,57,608.5253295898438,576.0136108398438,127.5274658203125,236.84368896484375,-1,-1,-1,-1
698,57,614.4848022460938,566.6495361328125,139.00311279296875,236.3382568359375,-1,-1,-1,-1
699,57,627.5133056640625,558.6845092773438,144.44171142578125,250.20843505859375,-1,-1,-1,-1
700,57,642.0578002929688,571.0277709960938,151.42529296875,254.2548828125,-1,-1,-1,-1
701,57,644.3307495117188,574.7523803710938,161.33416748046875,265.56988525390625,-1,-1,-1,-1
702,57,649.6561889648438,602.335205078125,160.2200927734375,243.59674072265625,-1,-1,-1,-1
703,57,658.98388671875,621.407958984375,149.336181640625,238.11956787109375,-1,-1,-1,-1
704,57,666.0252685546875,628.4927368164062,133.04412841796875,233.4530029296875,-1,-1,-1,-1
705,57,684.354736328125,643.4810180664062,110.953857421875,229.510986328125,-1,-1,-1,-1
706,57,708.9783935546875,653.82763671875,97.70703125,244.34716796875,-1,-1,-1,-1
707,57,729.6923217773438,654.8869018554688,92.338134765625,255.87060546875,-1,-1,-1,-1
708,57,736.7421875,647.420166015625,97.88226318359375,257.767333984375,-1,-1,-1,-1
709,57,752.2750854492188,632.1286010742188,103.10333251953125,261.3463134765625,-1,-1,-1,-1
710,57,764.7540283203125,618.2210693359375,106.36151123046875,262.0799560546875,-1,-1,-1,-1
711,57,783.6009521484375,615.9902954101562,104.03515625,256.5257568359375,-1,-1,-1,-1
712,57,794.5020751953125,619.7603759765625,102.74462890625,243.54400634765625,-1,-1,-1,-1
713,57,796.3533935546875,615.8859252929688,106.631103515625,248.052490234375,-1,-1,-1,-1
714,57,800.235595703125,622.62890625,103.609375,252.333984375,-1,-1,-1,-1
715,57,813.4952392578125,633.8652954101562,86.8721923828125,254.4578857421875,-1,-1,-1,-1
716,57,846.2911376953125,626.222412109375,94.17205810546875,265.16583251953125,-1,-1,-1,-1
572,58,95.8621597290039,379.5331726074219,34.497962951660156,79.8076171875,-1,-1,-1,-1
573,58,84.07196044921875,417.36358642578125,26.51764678955078,81.31781005859375,-1,-1,-1,-1
574,58,74.92575073242188,415.54412841796875,27.387954711914062,81.79617309570312,-1,-1,-1,-1
575,58,71.46118927001953,426.43304443359375,27.826248168945312,84.63690185546875,-1,-1,-1,-1
576,58,57.178855895996094,458.6249084472656,27.775428771972656,84.30685424804688,-1,-1,-1,-1
574,60,3.6421937942504883,427.2778625488281,32.88286209106445,86.2645263671875,-1,-1,-1,-1
575,60,2.2960058450698853,438.397705078125,30.13538932800293,88.725830078125,-1,-1,-1,-1
576,60,0.9461113810539246,464.5138854980469,21.172954559326172,86.79837036132812,-1,-1,-1,-1
577,60,8.188691139221191,485.1527099609375,28.221294403076172,80.24609375,-1,-1,-1,-1
578,60,1.565731167793274,498.1700439453125,30.398578643798828,103.14947509765625,-1,-1,-1,-1
579,60,0.6523069143295288,501.3121032714844,24.194568634033203,109.50070190429688,-1,-1,-1,-1
580,60,0.5645985007286072,491.2178039550781,18.311939239501953,119.06015014648438,-1,-1,-1,-1
583,61,36.781551361083984,502.7742919921875,31.290645599365234,84.27862548828125,-1,-1,-1,-1
584,61,166.08738708496094,504.2324523925781,33.18409729003906,81.04617309570312,-1,-1,-1,-1
585,61,308.94830322265625,502.51605224609375,30.859466552734375,77.3621826171875,-1,-1,-1,-1
586,61,419.1275634765625,495.1032409667969,28.969207763671875,77.09658813476562,-1,-1,-1,-1
587,61,479.2370300292969,507.01824951171875,30.056365966796875,72.89764404296875,-1,-1,-1,-1
588,61,494.4892578125,529.1181030273438,29.42010498046875,71.70172119140625,-1,-1,-1,-1
589,61,431.2471923828125,529.62451171875,31.7291259765625,72.57183837890625,-1,-1,-1,-1
590,61,417.9137878417969,520.8023071289062,92.63632202148438,94.46063232421875,-1,-1,-1,-1
592,61,310.87274169921875,530.5695190429688,120.490478515625,207.94512939453125,-1,-1,-1,-1
593,61,184.4954833984375,553.9909057617188,120.433349609375,205.16949462890625,-1,-1,-1,-1
594,61,94.52654266357422,555.3272705078125,135.20907592773438,235.17498779296875,-1,-1,-1,-1
595,61,75.00990295410156,559.4786987304688,134.976806640625,274.00592041015625,-1,-1,-1,-1
584,62,109.98310089111328,502.9881591796875,43.746482849121094,90.4410400390625,-1,-1,-1,-1
585,62,255.9359893798828,502.6953125,37.79841613769531,86.279052734375,-1,-1,-1,-1
586,62,367.54913330078125,495.72216796875,35.786376953125,82.83270263671875,-1,-1,-1,-1
587,62,429.8262023925781,509.500732421875,35.320953369140625,79.1231689453125,-1,-1,-1,-1
588,62,442.19061279296875,530.407958984375,36.362030029296875,80.68902587890625,-1,-1,-1,-1
589,62,377.84771728515625,532.8793334960938,37.585968017578125,83.61578369140625,-1,-1,-1,-1
590,62,665.2742309570312,516.560546875,113.50897216796875,113.35186767578125,-1,-1,-1,-1
592,62,524.9833984375,492.9685974121094,232.0859375,201.93789672851562,-1,-1,-1,-1
594,62,600.997802734375,561.132568359375,41.64599609375,103.2303466796875,-1,-1,-1,-1
595,62,584.8515014648438,559.9647216796875,44.42138671875,106.43292236328125,-1,-1,-1,-1
596,62,615.0691528320312,568.090087890625,43.10809326171875,108.7154541015625,-1,-1,-1,-1
597,62,696.8182983398438,561.5506591796875,43.12548828125,120.525390625,-1,-1,-1,-1
598,62,804.5125122070312,556.2210693359375,61.3773193359375,132.1318359375,-1,-1,-1,-1
584,63,1328.4305419921875,568.7998046875,83.6820068359375,255.84002685546875,-1,-1,-1,-1
591,64,1189.65283203125,480.28363037109375,149.5943603515625,239.09674072265625,-1,-1,-1,-1
592,64,978.783935546875,498.1025390625,123.706298828125,205.576904296875,-1,-1,-1,-1
593,64,848.0950927734375,515.6149291992188,102.608154296875,197.56671142578125,-1,-1,-1,-1
594,64,783.9725952148438,527.3085327148438,86.3492431640625,192.23773193359375,-1,-1,-1,-1
595,64,765.1806030273438,528.5245971679688,82.5618896484375,191.88330078125,-1,-1,-1,-1
596,64,793.271484375,542.3468627929688,74.0499267578125,189.35870361328125,-1,-1,-1,-1
597,64,861.1651611328125,540.6380004882812,79.07586669921875,198.716064453125,-1,-1,-1,-1
598,64,983.0277709960938,563.4219970703125,87.27593994140625,188.77166748046875,-1,-1,-1,-1
599,64,1135.9024658203125,543.6895141601562,82.0517578125,229.90789794921875,-1,-1,-1,-1
600,64,1140.254638671875,546.818603515625,193.1844482421875,260.11676025390625,-1,-1,-1,-1
601,64,1198.47265625,513.288818359375,170.8382568359375,322.3680419921875,-1,-1,-1,-1
602,64,1200.78369140625,522.1023559570312,151.8800048828125,298.67706298828125,-1,-1,-1,-1
603,64,1116.747314453125,525.602294921875,153.5172119140625,273.7813720703125,-1,-1,-1,-1
604,64,999.2739868164062,542.884033203125,142.57489013671875,247.8087158203125,-1,-1,-1,-1
608,64,992.4823608398438,513.4354248046875,90.70648193359375,186.23095703125,-1,-1,-1,-1
609,64,1004.9686279296875,528.6187133789062,69.08251953125,138.44000244140625,-1,-1,-1,-1
610,64,1016.2261962890625,533.8837280273438,27.4429931640625,64.7554931640625,-1,-1,-1,-1
611,64,999.5657348632812,532.1864013671875,28.67852783203125,59.85845947265625,-1,-1,-1,-1
612,64,960.0593872070312,525.96044921875,27.0234375,56.4241943359375,-1,-1,-1,-1
613,64,931.3848876953125,531.8897094726562,24.1126708984375,54.7254638671875,-1,-1,-1,-1
614,64,906.25537109375,512.5122680664062,23.26788330078125,58.477294921875,-1,-1,-1,-1
615,64,878.1949462890625,509.85577392578125,26.66058349609375,58.09332275390625,-1,-1,-1,-1
616,64,863.51611328125,507.54620361328125,24.45269775390625,59.083251953125,-1,-1,-1,-1
617,64,855.4025268554688,516.0466918945312,22.4852294921875,52.58648681640625,-1,-1,-1,-1
618,64,848.696044921875,513.380615234375,21.170654296875,52.2713623046875,-1,-1,-1,-1
619,64,833.2103271484375,510.11077880859375,25.19580078125,58.997314453125,-1,-1,-1,-1
620,64,829.0499267578125,512.1045227050781,22.0242919921875,56.312347412109375,-1,-1,-1,-1
621,64,826.8548583984375,520.85107421875,21.15704345703125,48.7353515625,-1,-1,-1,-1
622,64,822.5416870117188,525.6072998046875,22.062744140625,54.29327392578125,-1,-1,-1,-1
623,64,812.9542236328125,544.408935546875,22.79803466796875,54.57464599609375,-1,-1,-1,-1
624,64,807.6278076171875,548.7278442382812,24.73828125,61.1005859375,-1,-1,-1,-1
625,64,811.8480224609375,560.3050537109375,23.44610595703125,54.08056640625,-1,-1,-1,-1
626,64,815.3019409179688,560.9135131835938,23.482421875,56.917236328125,-1,-1,-1,-1
627,64,819.8711547851562,564.5364379882812,24.8614501953125,58.49053955078125,-1,-1,-1,-1
628,64,834.1488647460938,574.0794067382812,21.00079345703125,51.479736328125,-1,-1,-1,-1
629,64,849.4838256835938,574.6146240234375,22.15191650390625,53.88458251953125,-1,-1,-1,-1
630,64,900.297607421875,587.531982421875,24.4820556640625,55.89447021484375,-1,-1,-1,-1
631,64,995.7063598632812,587.986328125,32.73150634765625,81.173828125,-1,-1,-1,-1
632,64,1163.595703125,624.5823974609375,45.1688232421875,76.297607421875,-1,-1,-1,-1
633,64,988.857421875,677.8169555664062,147.49755859375,116.998046875,-1,-1,-1,-1
600,65,16.619598388671875,496.9942932128906,38.37680435180664,101.01644897460938,-1,-1,-1,-1
601,65,44.640933990478516,497.7242126464844,38.95724868774414,100.53384399414062,-1,-1,-1,-1
602,65,15.224251747131348,501.9242858886719,40.412315368652344,101.35971069335938,-1,-1,-1,-1
603,65,225.75721740722656,535.1435546875,66.92948913574219,101.7335205078125,-1,-1,-1,-1
600,66,46.90726852416992,492.59442138671875,34.29354476928711,102.1497802734375,-1,-1,-1,-1
601,66,81.08497619628906,498.12725830078125,31.318191528320312,98.3564453125,-1,-1,-1,-1
602,66,46.85948944091797,500.4243469238281,34.600135803222656,100.01864624023438,-1,-1,-1,-1
603,66,296.2570495605469,520.108642578125,57.777740478515625,106.29571533203125,-1,-1,-1,-1
607,67,1277.560302734375,681.2335205078125,36.1077880859375,60.71649169921875,-1,-1,-1,-1
608,67,1249.5469970703125,672.7525634765625,33.03369140625,59.12689208984375,-1,-1,-1,-1
609,67,1227.5616455078125,670.311279296875,36.4952392578125,60.35028076171875,-1,-1,-1,-1
610,67,1206.7822265625,668.0958251953125,33.1478271484375,56.67462158203125,-1,-1,-1,-1
611,67,1180.956787109375,666.1957397460938,32.714111328125,55.8555908203125,-1,-1,-1,-1
612,67,1142.0908203125,653.027099609375,26.7362060546875,52.08099365234375,-1,-1,-1,-1
613,67,1108.44287109375,650.594970703125,29.687744140625,52.09393310546875,-1,-1,-1,-1
614,67,1078.32666015625,636.9814453125,29.87158203125,50.37451171875,-1,-1,-1,-1
615,67,1053.90185546875,628.086669921875,27.915283203125,52.0810546875,-1,-1,-1,-1
616,67,1039.36572265625,622.66845703125,27.344482421875,51.01348876953125,-1,-1,-1,-1
617,67,1032.2061767578125,620.7606201171875,24.5230712890625,51.43865966796875,-1,-1,-1,-1
618,67,1026.627197265625,616.1793212890625,24.153076171875,51.6666259765625,-1,-1,-1,-1
619,67,1013.7025146484375,618.3865966796875,23.3199462890625,51.03228759765625,-1,-1,-1,-1
620,67,1002.9486083984375,618.3450317382812,24.921875,51.88690185546875,-1,-1,-1,-1
621,67,1000.0302124023438,623.1024169921875,26.24835205078125,50.68023681640625,-1,-1,-1,-1
622,67,995.56005859375,629.5441284179688,25.4334716796875,51.8624267578125,-1,-1,-1,-1
623,67,989.6168823242188,645.3103637695312,22.75543212890625,47.13006591796875,-1,-1,-1,-1
624,67,987.9506225585938,648.9263916015625,23.25885009765625,51.1243896484375,-1,-1,-1,-1
625,67,990.1428833007812,652.0413208007812,23.99566650390625,50.51373291015625,-1,-1,-1,-1
626,67,992.1183471679688,658.9386596679688,26.31646728515625,50.946044921875,-1,-1,-1,-1
627,67,998.1676635742188,667.9393310546875,25.9581298828125,51.156005859375,-1,-1,-1,-1
628,67,1009.7442016601562,670.98046875,26.41864013671875,55.9056396484375,-1,-1,-1,-1
629,67,1026.917724609375,684.3322143554688,24.5050048828125,50.72564697265625,-1,-1,-1,-1
630,67,1075.25,709.4931640625,27.8704833984375,51.72039794921875,-1,-1,-1,-1
631,67,1180.8203125,751.021728515625,41.03125,60.3846435546875,-1,-1,-1,-1
632,67,1172.077880859375,719.9442138671875,100.4454345703125,105.533447265625,-1,-1,-1,-1
614,68,710.9225463867188,559.1742553710938,64.67230224609375,168.35888671875,-1,-1,-1,-1
615,68,697.1712646484375,554.043701171875,65.33221435546875,165.9267578125,-1,-1,-1,-1
616,68,681.3551025390625,553.75439453125,70.55987548828125,168.1610107421875,-1,-1,-1,-1
617,68,676.1721801757812,560.3311157226562,72.40667724609375,167.45635986328125,-1,-1,-1,-1
618,68,672.4536743164062,562.0618286132812,73.76470947265625,167.005615234375,-1,-1,-1,-1
619,68,666.4754028320312,550.4931030273438,70.62725830078125,181.04998779296875,-1,-1,-1,-1
620,68,665.958984375,546.626953125,64.5780029296875,180.961181640625,-1,-1,-1,-1
621,68,671.2776489257812,555.0631713867188,59.762451171875,173.07220458984375,-1,-1,-1,-1
622,68,666.5266723632812,565.5601196289062,63.72357177734375,174.74951171875,-1,-1,-1,-1
623,68,662.351806640625,570.7998046875,68.580078125,184.7730712890625,-1,-1,-1,-1
624,68,659.4390869140625,592.8272705078125,75.166748046875,175.74755859375,-1,-1,-1,-1
625,68,666.6365356445312,586.0570678710938,80.17578125,191.43463134765625,-1,-1,-1,-1
626,68,676.7924194335938,596.9806518554688,81.7794189453125,185.9638671875,-1,-1,-1,-1
627,68,680.3544921875,601.72998046875,89.2578125,185.89605712890625,-1,-1,-1,-1
628,68,692.1184692382812,601.2816772460938,99.02923583984375,189.42510986328125,-1,-1,-1,-1
629,68,711.4967651367188,604.8331909179688,107.58685302734375,188.10260009765625,-1,-1,-1,-1
630,68,759.6488037109375,609.6864624023438,109.14141845703125,197.35491943359375,-1,-1,-1,-1
631,68,869.4908447265625,632.29150390625,96.458740234375,194.4046630859375,-1,-1,-1,-1
632,68,1034.444091796875,646.5279541015625,90.71484375,217.54296875,-1,-1,-1,-1
633,68,1164.065185546875,653.4520874023438,105.084228515625,232.36810302734375,-1,-1,-1,-1
634,68,1248.758056640625,658.1253051757812,122.0521240234375,250.79119873046875,-1,-1,-1,-1
635,68,1202.5513916015625,637.74853515625,212.1085205078125,291.79052734375,-1,-1,-1,-1
636,69,1314.5601806640625,629.0577392578125,97.6929931640625,275.6802978515625,-1,-1,-1,-1
637,69,1309.864013671875,608.2615356445312,103.4781494140625,275.09197998046875,-1,-1,-1,-1
638,69,1243.3443603515625,575.7587280273438,165.0076904296875,283.46014404296875,-1,-1,-1,-1
639,69,1144.5360107421875,560.8023681640625,149.7591552734375,242.58111572265625,-1,-1,-1,-1
640,69,1059.0548095703125,547.8196411132812,95.3052978515625,230.0201416015625,-1,-1,-1,-1
641,69,967.5291748046875,541.3798828125,87.403076171875,225.3062744140625,-1,-1,-1,-1
642,69,917.528564453125,553.5637817382812,83.4095458984375,200.3018798828125,-1,-1,-1,-1
643,69,890.2485961914062,521.3876342773438,80.393310546875,221.2210693359375,-1,-1,-1,-1
644,69,883.6842041015625,522.8575439453125,74.7562255859375,216.4935302734375,-1,-1,-1,-1
645,69,874.5814819335938,524.3997192382812,80.3280029296875,218.31072998046875,-1,-1,-1,-1
646,69,854.1859130859375,519.1513671875,98.27301025390625,223.11376953125,-1,-1,-1,-1
647,69,829.6183471679688,525.5595092773438,110.9959716796875,213.8914794921875,-1,-1,-1,-1
648,69,814.0049438476562,547.5193481445312,109.25,193.53375244140625,-1,-1,-1,-1
649,69,801.6304931640625,534.7633666992188,105.7939453125,204.76116943359375,-1,-1,-1,-1
650,69,778.3297119140625,540.061279296875,101.07489013671875,198.64935302734375,-1,-1,-1,-1
651,69,772.1209716796875,543.171142578125,87.526611328125,193.6025390625,-1,-1,-1,-1
652,69,759.251220703125,528.5928955078125,88.6871337890625,208.3443603515625,-1,-1,-1,-1
653,69,750.9418334960938,522.452880859375,81.19598388671875,211.0184326171875,-1,-1,-1,-1
654,69,747.1671142578125,519.5377807617188,74.1243896484375,212.81658935546875,-1,-1,-1,-1
655,69,741.3256225585938,523.6609497070312,79.240234375,212.84686279296875,-1,-1,-1,-1
656,69,742.7605590820312,527.912841796875,85.15899658203125,207.4852294921875,-1,-1,-1,-1
657,69,742.4248046875,539.2987060546875,90.052734375,206.19317626953125,-1,-1,-1,-1
658,69,738.4057006835938,554.9000244140625,91.09234619140625,201.04669189453125,-1,-1,-1,-1
659,69,719.5399780273438,562.693603515625,90.3446044921875,197.435302734375,-1,-1,-1,-1
660,69,693.3612670898438,562.65771484375,88.234130859375,197.64654541015625,-1,-1,-1,-1
661,69,668.8475341796875,560.055419921875,89.4561767578125,197.644775390625,-1,-1,-1,-1
662,69,645.1718139648438,560.380126953125,95.6142578125,195.15093994140625,-1,-1,-1,-1
663,69,622.7850952148438,557.7216796875,105.70318603515625,193.939697265625,-1,-1,-1,-1
664,69,604.299560546875,555.6493530273438,115.9483642578125,194.88238525390625,-1,-1,-1,-1
665,69,595.0753784179688,559.4398193359375,118.515380859375,189.4542236328125,-1,-1,-1,-1
666,69,593.4302978515625,562.02001953125,114.0902099609375,188.64739990234375,-1,-1,-1,-1
667,69,601.4843139648438,568.60546875,108.45513916015625,187.3065185546875,-1,-1,-1,-1
668,69,606.0618286132812,567.7354736328125,115.2569580078125,192.984619140625,-1,-1,-1,-1
669,69,608.277099609375,565.02685546875,121.88726806640625,191.2567138671875,-1,-1,-1,-1
670,69,601.936279296875,563.842529296875,132.998291015625,189.4591064453125,-1,-1,-1,-1
671,69,602.3834838867188,570.855224609375,132.940185546875,184.4034423828125,-1,-1,-1,-1
672,69,596.4254150390625,581.6319580078125,137.65985107421875,178.080810546875,-1,-1,-1,-1
673,69,589.7808227539062,581.8988037109375,128.578125,185.15435791015625,-1,-1,-1,-1
674,69,605.3435668945312,601.9005737304688,92.95672607421875,164.6976318359375,-1,-1,-1,-1
675,69,590.8543701171875,583.186767578125,89.1041259765625,182.7532958984375,-1,-1,-1,-1
676,69,573.9196166992188,571.2545776367188,97.79229736328125,181.415771484375,-1,-1,-1,-1
677,69,559.20556640625,558.8438110351562,129.19195556640625,188.19610595703125,-1,-1,-1,-1
678,69,547.4554443359375,542.8580322265625,141.2716064453125,243.3519287109375,-1,-1,-1,-1
679,69,523.4051513671875,544.3900146484375,164.02972412109375,237.2779541015625,-1,-1,-1,-1
688,70,601.67138671875,581.2750244140625,136.62158203125,187.2042236328125,-1,-1,-1,-1
689,70,613.558349609375,587.8060913085938,136.10394287109375,182.30255126953125,-1,-1,-1,-1
690,70,586.932861328125,578.8111572265625,160.12921142578125,199.28814697265625,-1,-1,-1,-1
691,70,584.5523071289062,600.7835693359375,167.97271728515625,206.57684326171875,-1,-1,-1,-1
689,71,955.6682739257812,635.3340454101562,27.90008544921875,54.4564208984375,-1,-1,-1,-1
690,71,989.576171875,645.70361328125,24.52874755859375,51.1849365234375,-1,-1,-1,-1
691,71,1016.3736572265625,653.8233032226562,28.268310546875,54.00372314453125,-1,-1,-1,-1
692,71,1040.74267578125,659.6343383789062,28.7222900390625,55.57122802734375,-1,-1,-1,-1
693,71,1050.159912109375,663.0745239257812,31.6502685546875,55.78363037109375,-1,-1,-1,-1
694,71,1058.4808349609375,668.7290649414062,30.8253173828125,57.80059814453125,-1,-1,-1,-1
695,71,1063.744873046875,679.8737182617188,32.362060546875,58.27581787109375,-1,-1,-1,-1
696,71,1072.692138671875,678.425537109375,34.543701171875,60.5924072265625,-1,-1,-1,-1
697,71,1089.7071533203125,662.0186767578125,34.40478515625,58.0626220703125,-1,-1,-1,-1
698,71,1116.9913330078125,647.4530639648438,36.49267578125,59.5587158203125,-1,-1,-1,-1
699,71,1146.6141357421875,652.1038818359375,37.237060546875,60.92010498046875,-1,-1,-1,-1
700,71,1177.2901611328125,668.958251953125,41.76611328125,65.5703125,-1,-1,-1,-1
701,71,1207.2623291015625,692.379150390625,41.968994140625,63.497314453125,-1,-1,-1,-1
702,71,1231.0926513671875,710.5682373046875,43.6007080078125,70.08233642578125,-1,-1,-1,-1
703,71,1257.8170166015625,739.7428588867188,41.5537109375,68.15814208984375,-1,-1,-1,-1
704,71,1287.80029296875,770.6399536132812,44.75390625,69.56219482421875,-1,-1,-1,-1
705,71,1319.2945556640625,803.3594360351562,44.1824951171875,72.2708740234375,-1,-1,-1,-1
706,71,1338.8079833984375,789.913330078125,87.94140625,109.7705078125,-1,-1,-1,-1
693,72,569.140380859375,573.80810546875,143.44329833984375,221.2763671875,-1,-1,-1,-1
694,72,556.2286987304688,566.064453125,164.45855712890625,231.7471923828125,-1,-1,-1,-1
695,72,536.1267700195312,560.8855590820312,163.65911865234375,235.01873779296875,-1,-1,-1,-1
696,72,520.2799682617188,554.4893798828125,152.58929443359375,225.85906982421875,-1,-1,-1,-1
697,72,527.8646850585938,539.0181884765625,137.38458251953125,226.39288330078125,-1,-1,-1,-1
698,72,528.7132568359375,531.9386596679688,133.530029296875,228.4080810546875,-1,-1,-1,-1
699,72,538.3858642578125,546.84326171875,110.68988037109375,218.279541015625,-1,-1,-1,-1
700,72,542.5863647460938,556.1461791992188,132.85748291015625,222.35882568359375,-1,-1,-1,-1
701,72,549.83837890625,563.8534545898438,120.48175048828125,225.69085693359375,-1,-1,-1,-1
702,72,548.6132202148438,573.9564208984375,114.701416015625,227.79632568359375,-1,-1,-1,-1
703,72,552.1232299804688,588.9984741210938,109.85894775390625,224.9390869140625,-1,-1,-1,-1
704,72,558.6415405273438,607.7722778320312,108.77496337890625,207.65838623046875,-1,-1,-1,-1
705,72,568.39501953125,614.7445678710938,110.69696044921875,209.05096435546875,-1,-1,-1,-1
706,72,578.1470336914062,627.4345092773438,113.41583251953125,218.1192626953125,-1,-1,-1,-1
707,72,573.323974609375,641.00390625,127.51300048828125,219.4012451171875,-1,-1,-1,-1
708,72,570.2779541015625,643.9404296875,131.38037109375,216.91607666015625,-1,-1,-1,-1
709,72,573.37451171875,623.5556030273438,136.3238525390625,228.42401123046875,-1,-1,-1,-1
710,72,588.0443725585938,623.0816650390625,133.09454345703125,219.3729248046875,-1,-1,-1,-1
711,72,598.3246459960938,614.195068359375,142.3641357421875,222.5380859375,-1,-1,-1,-1
712,72,609.3424072265625,599.0013427734375,140.5311279296875,231.59814453125,-1,-1,-1,-1
713,72,614.1949462890625,607.5267944335938,136.2965087890625,222.69647216796875,-1,-1,-1,-1
714,72,622.6555786132812,599.5302734375,131.93634033203125,237.9906005859375,-1,-1,-1,-1
715,72,634.91796875,602.6121826171875,124.965087890625,243.80950927734375,-1,-1,-1,-1
716,72,670.6641235351562,612.691650390625,117.07269287109375,226.556396484375,-1,-1,-1,-1
706,73,-52.45444107055664,609.1629638671875,107.93429565429688,279.52581787109375,-1,-1,-1,-1
707,73,-0.48334765434265137,629.5531005859375,63.94624328613281,272.31591796875,-1,-1,-1,-1
708,73,-5.7790913581848145,630.19873046875,82.79955291748047,278.1324462890625,-1,-1,-1,-1
709,73,-0.7087526321411133,632.8826293945312,93.59000396728516,267.98663330078125,-1,-1,-1,-1
710,73,0.7122793197631836,624.1734619140625,107.82057189941406,281.9373779296875,-1,-1,-1,-1
711,73,-0.7180733680725098,614.5172729492188,131.14620971679688,265.2027587890625,-1,-1,-1,-1
712,73,3.425657272338867,614.9254150390625,143.51280212402344,276.8988037109375,-1,-1,-1,-1
713,73,8.076536655426025,613.5840454101562,152.9139862060547,291.61688232421875,-1,-1,-1,-1
714,73,17.981231689453125,613.308349609375,154.27117919921875,288.6058349609375,-1,-1,-1,-1
715,73,35.438743591308594,611.2559814453125,154.5869140625,283.68878173828125,-1,-1,-1,-1
716,73,87.38978576660156,585.4615478515625,156.5640411376953,275.79974365234375,-1,-1,-1,-1
