1,1,776.390380859375,532.1596069335938,97.34552001953125,277.08197021484375,-1,-1,-1,-1
2,1,779.681884765625,534.3008422851562,97.7100830078125,275.5517578125,-1,-1,-1,-1
3,1,781.900390625,532.38037109375,99.3291015625,277.2001953125,-1,-1,-1,-1
4,1,783.8501586914062,532.113037109375,101.2998046875,277.93353271484375,-1,-1,-1,-1
5,1,784.8206787109375,530.1973876953125,106.6297607421875,279.13134765625,-1,-1,-1,-1
6,1,791.9607543945312,527.3896484375,107.83929443359375,283.44537353515625,-1,-1,-1,-1
7,1,816.7037963867188,518.8007202148438,112.822509765625,288.81549072265625,-1,-1,-1,-1
8,1,860.679443359375,505.72369384765625,118.0643310546875,294.28546142578125,-1,-1,-1,-1
9,1,907.326416015625,493.28021240234375,127.738037109375,303.02081298828125,-1,-1,-1,-1
10,1,961.7388916015625,485.9250793457031,132.5618896484375,307.9224548339844,-1,-1,-1,-1
11,1,1021.595458984375,480.7833557128906,140.76806640625,314.7210388183594,-1,-1,-1,-1
12,1,1078.78076171875,475.580810546875,147.0806884765625,321.3966064453125,-1,-1,-1,-1
13,1,1119.0189208984375,468.2973327636719,152.3662109375,329.6855773925781,-1,-1,-1,-1
14,1,1132.5072021484375,464.78424072265625,158.517822265625,333.5419921875,-1,-1,-1,-1
15,1,1130.674072265625,457.50494384765625,160.5504150390625,336.36138916015625,-1,-1,-1,-1
16,1,1101.1591796875,442.67327880859375,162.6219482421875,338.81072998046875,-1,-1,-1,-1
17,1,1008.4198608398438,435.5532531738281,159.21343994140625,330.3232116699219,-1,-1,-1,-1
18,1,897.338134765625,429.875,149.6727294921875,325.2862548828125,-1,-1,-1,-1
19,1,825.6719970703125,423.910888671875,146.99993896484375,328.6600341796875,-1,-1,-1,-1
20,1,796.7166137695312,428.30523681640625,142.71563720703125,339.5362548828125,-1,-1,-1,-1
21,1,787.7578125,434.8960876464844,143.23828125,349.8675842285156,-1,-1,-1,-1
22,1,784.298095703125,444.1807861328125,139.5819091796875,342.365478515625,-1,-1,-1,-1
23,1,784.5042724609375,448.35955810546875,133.3424072265625,338.62982177734375,-1,-1,-1,-1
24,1,795.5950927734375,460.88348388671875,132.869873046875,328.82733154296875,-1,-1,-1,-1
25,1,817.4367065429688,463.72698974609375,132.13763427734375,330.30621337890625,-1,-1,-1,-1
26,1,836.2702026367188,471.70037841796875,137.10321044921875,330.5091552734375,-1,-1,-1,-1
27,1,860.0639038085938,455.940673828125,148.98016357421875,340.98236083984375,-1,-1,-1,-1
28,1,892.9659423828125,447.3878173828125,153.2950439453125,349.68084716796875,-1,-1,-1,-1
29,1,919.7408447265625,441.8055725097656,153.3184814453125,359.7629699707031,-1,-1,-1,-1
30,1,939.5418701171875,441.6739807128906,152.8848876953125,360.9383850097656,-1,-1,-1,-1
31,1,958.6919555664062,450.8868713378906,151.67425537109375,356.6006164550781,-1,-1,-1,-1
32,1,962.065673828125,446.78131103515625,156.52490234375,358.78594970703125,-1,-1,-1,-1
33,1,956.619384765625,449.5146484375,155.438720703125,351.398681640625,-1,-1,-1,-1
34,1,949.7672729492188,455.84954833984375,150.52288818359375,345.77984619140625,-1,-1,-1,-1
35,1,931.6480712890625,464.147705078125,144.7967529296875,338.10076904296875,-1,-1,-1,-1
36,1,903.4580688476562,479.9520263671875,135.85223388671875,335.9332275390625,-1,-1,-1,-1
37,1,862.0538940429688,469.2835388183594,127.94830322265625,338.2573547363281,-1,-1,-1,-1
38,1,830.8051147460938,449.4904479980469,131.52899169921875,342.8932189941406,-1,-1,-1,-1
39,1,807.8345336914062,447.7157897949219,132.73382568359375,340.8348083496094,-1,-1,-1,-1
40,1,796.5693359375,448.3448486328125,130.1304931640625,337.718994140625,-1,-1,-1,-1
41,1,779.1963500976562,434.2264709472656,126.8294677734375,338.7861633300781,-1,-1,-1,-1
42,1,760.39794921875,440.5484619140625,123.4666748046875,334.55535888671875,-1,-1,-1,-1
43,1,745.1357421875,470.4531555175781,119.4415283203125,319.3815002441406,-1,-1,-1,-1
44,1,728.7322387695312,502.4832458496094,113.96051025390625,309.6412658691406,-1,-1,-1,-1
45,1,716.4457397460938,516.9512329101562,110.3094482421875,308.2845458984375,-1,-1,-1,-1
46,1,710.3377685546875,525.6471557617188,101.98345947265625,305.1962890625,-1,-1,-1,-1
47,1,700.33984375,521.759765625,102.5499267578125,308.452880859375,-1,-1,-1,-1
48,1,694.3878784179688,521.3463134765625,108.810546875,318.078369140625,-1,-1,-1,-1
49,1,690.740478515625,528.0496826171875,117.319091796875,321.08074951171875,-1,-1,-1,-1
50,1,686.5037841796875,516.9367065429688,118.687744140625,330.0787353515625,-1,-1,-1,-1
51,1,694.4776611328125,507.6541748046875,108.32037353515625,335.071044921875,-1,-1,-1,-1
52,1,697.5738525390625,510.34417724609375,93.98699951171875,330.50201416015625,-1,-1,-1,-1
53,1,688.475830078125,511.12255859375,98.386962890625,326.95086669921875,-1,-1,-1,-1
54,1,681.4281005859375,519.650390625,104.204833984375,321.6646728515625,-1,-1,-1,-1
55,1,664.5655517578125,526.5657348632812,109.46856689453125,315.58709716796875,-1,-1,-1,-1
56,1,637.1716918945312,546.8576049804688,115.99017333984375,307.3818359375,-1,-1,-1,-1
57,1,610.5155639648438,548.3048706054688,137.1177978515625,310.20672607421875,-1,-1,-1,-1
58,1,595.533935546875,566.4528198242188,162.74822998046875,312.98150634765625,-1,-1,-1,-1
59,1,591.5397338867188,574.3667602539062,167.13299560546875,326.9649658203125,-1,-1,-1,-1
60,1,587.2938842773438,571.4202270507812,152.50982666015625,333.8582763671875,-1,-1,-1,-1
61,1,584.91064453125,575.3653564453125,132.7894287109375,333.8343505859375,-1,-1,-1,-1
62,1,593.9757690429688,572.4939575195312,117.62738037109375,333.64324951171875,-1,-1,-1,-1
63,1,585.9657592773438,553.6803588867188,130.95257568359375,334.97662353515625,-1,-1,-1,-1
64,1,583.3209228515625,546.0104370117188,126.5084228515625,321.63983154296875,-1,-1,-1,-1
65,1,548.261474609375,508.3707275390625,134.40106201171875,318.77178955078125,-1,-1,-1,-1
66,1,477.5955810546875,448.3479919433594,129.83465576171875,320.2845153808594,-1,-1,-1,-1
67,1,398.6402282714844,392.0076599121094,147.31094360351562,340.3820495605469,-1,-1,-1,-1
68,1,337.905517578125,379.1618957519531,190.59674072265625,350.8620300292969,-1,-1,-1,-1
69,1,306.22564697265625,389.6208190917969,191.95321655273438,353.2206726074219,-1,-1,-1,-1
70,1,278.9802551269531,400.8684387207031,184.66915893554688,357.6286926269531,-1,-1,-1,-1
71,1,229.464599609375,409.24810791015625,189.068115234375,379.242919921875,-1,-1,-1,-1
72,1,212.4081573486328,433.2346496582031,211.5113067626953,390.5896911621094,-1,-1,-1,-1
73,1,269.1217346191406,458.8360290527344,180.08242797851562,375.6109924316406,-1,-1,-1,-1
74,1,380.7107238769531,477.7994689941406,150.23410034179688,356.8725280761719,-1,-1,-1,-1
75,1,484.3160400390625,507.23699951171875,135.764404296875,340.81719970703125,-1,-1,-1,-1
76,1,563.9487915039062,516.4262084960938,112.89337158203125,333.2843017578125,-1,-1,-1,-1
77,1,604.7778930664062,507.3248596191406,120.43499755859375,341.0793151855469,-1,-1,-1,-1
78,1,625.7361450195312,505.5988464355469,128.82415771484375,347.2276916503906,-1,-1,-1,-1
79,1,642.277099609375,505.04400634765625,127.2235107421875,341.419921875,-1,-1,-1,-1
80,1,644.8001708984375,507.6592712402344,129.9609375,343.5997619628906,-1,-1,-1,-1
81,1,623.8386840820312,528.0838012695312,145.78265380859375,340.77398681640625,-1,-1,-1,-1
82,1,607.4605102539062,544.8021240234375,154.52716064453125,341.83404541015625,-1,-1,-1,-1
83,1,594.9891357421875,561.6844482421875,158.9024658203125,332.57659912109375,-1,-1,-1,-1
84,1,582.5631713867188,575.3388671875,159.79046630859375,329.6204833984375,-1,-1,-1,-1
85,1,587.5277099609375,586.261962890625,141.2840576171875,333.30487060546875,-1,-1,-1,-1
86,1,583.3697509765625,571.9082641601562,142.193359375,345.14569091796875,-1,-1,-1,-1
87,1,607.8392333984375,556.7930297851562,132.638916015625,356.25958251953125,-1,-1,-1,-1
88,1,623.7572021484375,558.9926147460938,137.6209716796875,362.05584716796875,-1,-1,-1,-1
89,1,637.0927124023438,557.6766967773438,145.69281005859375,363.7847900390625,-1,-1,-1,-1
90,1,646.4028930664062,559.9771728515625,140.95257568359375,362.83636474609375,-1,-1,-1,-1
91,1,634.4091796875,560.6483154296875,147.6092529296875,364.10137939453125,-1,-1,-1,-1
92,1,622.2483520507812,570.759521484375,145.486572265625,352.7149658203125,-1,-1,-1,-1
93,1,613.4244995117188,573.6400756835938,141.504150390625,341.261474609375,-1,-1,-1,-1
94,1,609.604736328125,585.1875,132.0322265625,334.89776611328125,-1,-1,-1,-1
95,1,606.0535278320312,579.0592651367188,129.49871826171875,335.58050537109375,-1,-1,-1,-1
96,1,604.79443359375,574.6109008789062,130.36456298828125,343.68048095703125,-1,-1,-1,-1
97,1,597.6865234375,575.5599365234375,151.32940673828125,354.93878173828125,-1,-1,-1,-1
98,1,594.5548095703125,571.5916137695312,154.74969482421875,363.305419921875,-1,-1,-1,-1
99,1,610.1435546875,566.5209350585938,127.76275634765625,364.9144287109375,-1,-1,-1,-1
100,1,634.21337890625,574.8488159179688,127.1376953125,360.60919189453125,-1,-1,-1,-1
101,1,627.4581298828125,575.7793579101562,132.81024169921875,351.54327392578125,-1,-1,-1,-1
102,1,630.7864379882812,589.5304565429688,136.287841796875,342.01123046875,-1,-1,-1,-1
103,1,639.0662841796875,599.0780639648438,138.02215576171875,322.30194091796875,-1,-1,-1,-1
104,1,652.0761108398438,590.1075439453125,124.16473388671875,315.1302490234375,-1,-1,-1,-1
105,1,662.5003051757812,590.9969482421875,100.92938232421875,316.38458251953125,-1,-1,-1,-1
106,1,665.049072265625,587.101318359375,93.79534912109375,320.19000244140625,-1,-1,-1,-1
107,1,670.1990966796875,590.5579223632812,95.603759765625,321.0133056640625,-1,-1,-1,-1
108,1,668.538818359375,589.1441040039062,95.6881103515625,319.80810546875,-1,-1,-1,-1
109,1,654.5194091796875,598.1688842773438,102.7359619140625,312.2093505859375,-1,-1,-1,-1
110,1,658.7720947265625,596.2859497070312,101.5272216796875,306.49322509765625,-1,-1,-1,-1
111,1,662.9559326171875,570.7994995117188,103.5028076171875,296.19268798828125,-1,-1,-1,-1
112,1,671.5199584960938,553.8482055664062,108.55853271484375,294.26641845703125,-1,-1,-1,-1
113,1,669.9584350585938,547.6435546875,114.9267578125,289.24481201171875,-1,-1,-1,-1
114,1,650.6810913085938,531.8626098632812,126.704833984375,284.97442626953125,-1,-1,-1,-1
115,1,622.8214721679688,504.2183532714844,135.7060546875,287.9731140136719,-1,-1,-1,-1
116,1,600.1005249023438,456.6325378417969,128.81182861328125,296.1164855957031,-1,-1,-1,-1
117,1,566.8671875,404.1043701171875,115.3668212890625,304.691650390625,-1,-1,-1,-1
118,1,509.654296875,362.4639587402344,124.1510009765625,312.0133361816406,-1,-1,-1,-1
119,1,455.7634582519531,337.92315673828125,129.68118286132812,317.80291748046875,-1,-1,-1,-1
120,1,446.1162109375,353.0478515625,123.7042236328125,312.65869140625,-1,-1,-1,-1
121,1,419.5277404785156,364.34478759765625,146.27883911132812,302.75390625,-1,-1,-1,-1
122,1,440.91119384765625,399.2681884765625,145.59271240234375,286.76629638671875,-1,-1,-1,-1
123,1,510.3223571777344,450.70574951171875,122.60409545898438,268.91400146484375,-1,-1,-1,-1
124,1,549.2968139648438,488.26470947265625,130.77093505859375,268.34259033203125,-1,-1,-1,-1
126,1,550.6857299804688,453.7726745605469,255.880126953125,350.9313049316406,-1,-1,-1,-1
127,1,587.2654418945312,474.43017578125,248.271728515625,341.52996826171875,-1,-1,-1,-1
128,1,614.353759765625,505.47418212890625,230.001953125,310.66998291015625,-1,-1,-1,-1
129,1,592.1876831054688,468.0299072265625,260.6767578125,388.27783203125,-1,-1,-1,-1
130,1,588.9076538085938,473.8482666015625,236.43768310546875,399.237060546875,-1,-1,-1,-1
131,1,657.1412353515625,483.9419860839844,130.907958984375,386.2129821777344,-1,-1,-1,-1
132,1,641.176513671875,540.4052734375,144.44573974609375,343.189697265625,-1,-1,-1,-1
133,1,657.7238159179688,541.9527587890625,135.6357421875,337.78582763671875,-1,-1,-1,-1
1,2,106.7730941772461,558.6952514648438,156.43096923828125,374.77239990234375,-1,-1,-1,-1
2,2,113.95712280273438,557.4733276367188,153.92938232421875,370.07470703125,-1,-1,-1,-1
3,2,123.97877502441406,557.849365234375,149.0220184326172,362.843017578125,-1,-1,-1,-1
4,2,130.5963897705078,555.2466430664062,145.2418975830078,359.44549560546875,-1,-1,-1,-1
5,2,142.07061767578125,553.02392578125,137.73138427734375,356.12408447265625,-1,-1,-1,-1
6,2,157.29632568359375,549.72412109375,134.35592651367188,350.58099365234375,-1,-1,-1,-1
7,2,195.0810546875,537.7079467773438,130.24566650390625,346.39215087890625,-1,-1,-1,-1
8,2,256.0515899658203,526.3351440429688,122.06129455566406,334.63494873046875,-1,-1,-1,-1
9,2,317.6692810058594,517.3836669921875,117.25247192382812,324.86236572265625,-1,-1,-1,-1
10,2,382.07269287109375,506.8432312011719,107.91201782226562,317.0697326660156,-1,-1,-1,-1
11,2,446.8458557128906,506.08172607421875,101.02011108398438,302.5108642578125,-1,-1,-1,-1
12,2,503.4282531738281,494.4124755859375,96.40682983398438,303.93341064453125,-1,-1,-1,-1
13,2,539.6583251953125,492.3227844238281,93.50408935546875,300.3371276855469,-1,-1,-1,-1
14,2,554.7235717773438,490.873779296875,95.72003173828125,301.49114990234375,-1,-1,-1,-1
15,2,554.8609619140625,488.633056640625,97.8624267578125,303.35833740234375,-1,-1,-1,-1
16,2,526.2647705078125,486.60888671875,101.53070068359375,304.10198974609375,-1,-1,-1,-1
8,3,-82.2580337524414,592.4579467773438,167.54107666015625,410.5709228515625,-1,-1,-1,-1
9,3,-36.52888107299805,555.0665893554688,166.01947021484375,411.338134765625,-1,-1,-1,-1
10,3,44.35466766357422,555.0531005859375,151.66781616210938,366.11016845703125,-1,-1,-1,-1
11,3,129.96102905273438,525.2711791992188,133.40771484375,355.41802978515625,-1,-1,-1,-1
12,3,207.24209594726562,519.4911499023438,125.313720703125,333.7628173828125,-1,-1,-1,-1
13,3,260.51763916015625,519.1582641601562,122.54592895507812,319.87548828125,-1,-1,-1,-1
14,3,286.5709533691406,522.368408203125,132.22222900390625,313.6695556640625,-1,-1,-1,-1
15,3,295.1540832519531,522.4561767578125,143.29168701171875,315.04559326171875,-1,-1,-1,-1
16,3,268.9820861816406,523.125732421875,160.25762939453125,319.820068359375,-1,-1,-1,-1
17,3,437.77642822265625,481.86822509765625,113.16497802734375,314.5458984375,-1,-1,-1,-1
18,3,317.2970886230469,479.87554931640625,131.99484252929688,331.582763671875,-1,-1,-1,-1
19,3,239.35877990722656,483.5882873535156,137.06495666503906,342.0627136230469,-1,-1,-1,-1
20,3,205.8447265625,487.8450927734375,138.55703735351562,351.17401123046875,-1,-1,-1,-1
21,3,192.7925262451172,489.1100158691406,140.0760040283203,360.1858825683594,-1,-1,-1,-1
22,3,184.13616943359375,487.48394775390625,139.83529663085938,362.836669921875,-1,-1,-1,-1
23,3,181.1609649658203,485.17791748046875,138.3726348876953,363.39483642578125,-1,-1,-1,-1
24,3,196.9864044189453,479.1145324707031,134.6008758544922,361.9455871582031,-1,-1,-1,-1
25,3,228.24290466308594,481.03057861328125,130.01087951660156,361.1279296875,-1,-1,-1,-1
26,3,270.11456298828125,511.77593994140625,131.98907470703125,352.09564208984375,-1,-1,-1,-1
27,3,312.7212219238281,506.3407287597656,132.36019897460938,348.0049133300781,-1,-1,-1,-1
28,3,353.9698181152344,507.902099609375,139.52304077148438,336.78173828125,-1,-1,-1,-1
29,3,387.52069091796875,515.4078369140625,133.35809326171875,319.85888671875,-1,-1,-1,-1
30,3,412.8895263671875,526.2098999023438,131.288330078125,310.8779296875,-1,-1,-1,-1
31,3,437.1072998046875,543.5292358398438,133.02880859375,303.88873291015625,-1,-1,-1,-1
32,3,446.8900451660156,546.8549194335938,133.89083862304688,308.11810302734375,-1,-1,-1,-1
33,3,442.62091064453125,531.9468994140625,142.26971435546875,322.2523193359375,-1,-1,-1,-1
34,3,433.4405517578125,523.282470703125,142.88494873046875,333.29302978515625,-1,-1,-1,-1
35,3,411.05438232421875,518.3584594726562,146.343505859375,353.33172607421875,-1,-1,-1,-1
36,3,379.6577453613281,536.8492431640625,138.10531616210938,367.642822265625,-1,-1,-1,-1
37,3,327.6674499511719,536.0943603515625,144.985595703125,385.6087646484375,-1,-1,-1,-1
38,3,289.20208740234375,519.5011596679688,152.9481201171875,403.72357177734375,-1,-1,-1,-1
39,3,261.2796325683594,519.507080078125,163.202880859375,437.72161865234375,-1,-1,-1,-1
40,3,240.3558349609375,526.12451171875,181.01181030273438,469.0089111328125,-1,-1,-1,-1
41,3,222.5469970703125,514.4074096679688,190.0089111328125,512.3690795898438,-1,-1,-1,-1
42,3,202.27349853515625,517.8529052734375,197.9644775390625,554.2880859375,-1,-1,-1,-1
43,3,175.2483673095703,527.9931030273438,194.1282196044922,580.4923706054688,-1,-1,-1,-1
44,3,151.2027587890625,541.7592163085938,184.55856323242188,595.9796752929688,-1,-1,-1,-1
45,3,128.3872299194336,543.0442504882812,182.68240356445312,612.3170776367188,-1,-1,-1,-1
46,3,101.47006225585938,529.961669921875,194.7242431640625,631.7529296875,-1,-1,-1,-1
47,3,80.71463012695312,504.7547912597656,207.17269897460938,651.4859619140625,-1,-1,-1,-1
48,3,63.74233627319336,499.2428894042969,213.33029174804688,659.3731689453125,-1,-1,-1,-1
49,3,48.81743240356445,500.3465881347656,226.0986785888672,692.9844970703125,-1,-1,-1,-1
50,3,44.55410385131836,515.7200317382812,241.94894409179688,723.5785522460938,-1,-1,-1,-1
51,3,56.525672912597656,525.7573852539062,257.4942932128906,745.5774536132812,-1,-1,-1,-1
52,3,61.05812072753906,557.9905395507812,289.36962890625,752.5922241210938,-1,-1,-1,-1
53,3,57.471282958984375,587.3690795898438,306.0977478027344,738.6275024414062,-1,-1,-1,-1
54,3,39.96249008178711,596.5328979492188,315.19329833984375,725.6062622070312,-1,-1,-1,-1
55,3,23.010543823242188,586.0567626953125,316.62432861328125,731.2327880859375,-1,-1,-1,-1
56,3,7.470101356506348,580.5348510742188,315.2935485839844,732.1351928710938,-1,-1,-1,-1
57,3,-5.3758344650268555,565.013671875,313.9723205566406,742.5140380859375,-1,-1,-1,-1
58,3,-5.7071638107299805,566.7163696289062,299.890380859375,743.9125366210938,-1,-1,-1,-1
59,3,-10.670788764953613,575.6453857421875,287.3457946777344,745.6302490234375,-1,-1,-1,-1
60,3,-1.6596879959106445,560.9100341796875,248.5210418701172,754.4061279296875,-1,-1,-1,-1
61,3,-0.4861879348754883,563.4338989257812,219.7996826171875,736.6157836914062,-1,-1,-1,-1
62,3,-21.472614288330078,542.2532348632812,209.8455352783203,720.3524780273438,-1,-1,-1,-1
63,3,-133.12940979003906,588.4218139648438,317.1388854980469,644.2074584960938,-1,-1,-1,-1
64,3,-150.42642211914062,603.8043212890625,311.20648193359375,587.02880859375,-1,-1,-1,-1
65,3,-170.6224365234375,604.8190307617188,344.72528076171875,579.8322143554688,-1,-1,-1,-1
66,3,14.005463600158691,482.04473876953125,161.20835876464844,333.14093017578125,-1,-1,-1,-1
17,4,172.4686279296875,523.1888427734375,168.15765380859375,332.526123046875,-1,-1,-1,-1
18,5,48.9227180480957,529.220947265625,171.8334503173828,351.33538818359375,-1,-1,-1,-1
19,6,-8.898443222045898,536.003173828125,148.52713012695312,359.44110107421875,-1,-1,-1,-1
20,6,-16.291879653930664,543.8504028320312,119.79432678222656,358.846923828125,-1,-1,-1,-1
21,6,-11.307470321655273,544.7815551757812,99.78186798095703,354.7255859375,-1,-1,-1,-1
22,6,-1.9321162700653076,533.5360717773438,84.61908721923828,365.56146240234375,-1,-1,-1,-1
23,6,-0.23593640327453613,535.4558715820312,84.92121124267578,361.04827880859375,-1,-1,-1,-1
24,6,-6.390934467315674,522.2840576171875,114.07564544677734,359.1124267578125,-1,-1,-1,-1
25,6,0.6540312767028809,544.7314453125,142.20643615722656,336.5416259765625,-1,-1,-1,-1
26,6,30.826202392578125,551.6565551757812,160.62001037597656,355.46649169921875,-1,-1,-1,-1
27,6,75.39177703857422,543.6678466796875,162.27703857421875,351.017333984375,-1,-1,-1,-1
28,6,128.39966583251953,532.2401733398438,155.70730590820312,341.75518798828125,-1,-1,-1,-1
29,6,171.93280029296875,520.9132080078125,145.32177734375,328.74951171875,-1,-1,-1,-1
30,6,210.07266235351562,516.98388671875,132.06619262695312,311.519287109375,-1,-1,-1,-1
31,6,246.0972900390625,520.8179321289062,121.84530639648438,303.47906494140625,-1,-1,-1,-1
32,6,268.5903625488281,524.8153076171875,113.66314697265625,293.42938232421875,-1,-1,-1,-1
33,6,274.9760437011719,515.6358032226562,118.52163696289062,294.58270263671875,-1,-1,-1,-1
34,6,275.6968078613281,516.0889892578125,131.74252319335938,297.58111572265625,-1,-1,-1,-1
35,6,259.52630615234375,528.8284912109375,155.3131103515625,304.129638671875,-1,-1,-1,-1
36,6,238.1750946044922,557.6281127929688,159.4559783935547,313.35577392578125,-1,-1,-1,-1
37,6,198.30259704589844,570.2576904296875,165.29505920410156,323.2958984375,-1,-1,-1,-1
38,6,170.66970825195312,564.1929321289062,165.1632080078125,325.030517578125,-1,-1,-1,-1
39,6,159.00033569335938,560.6209106445312,162.16244506835938,326.06005859375,-1,-1,-1,-1
40,6,154.27874755859375,553.654052734375,157.469970703125,327.510009765625,-1,-1,-1,-1
41,6,141.40077209472656,538.6814575195312,153.45103454589844,327.4749755859375,-1,-1,-1,-1
42,6,129.34271240234375,543.1605834960938,157.9005126953125,321.81982421875,-1,-1,-1,-1
43,6,124.64823150634766,559.8114624023438,141.74322509765625,319.01861572265625,-1,-1,-1,-1
44,6,120.7479476928711,580.7846069335938,142.8011474609375,314.71514892578125,-1,-1,-1,-1
45,6,122.23503875732422,599.1892700195312,159.08132934570312,367.5784912109375,-1,-1,-1,-1
46,6,106.94315338134766,555.9127197265625,180.60736083984375,502.0125732421875,-1,-1,-1,-1
50,7,151.2906951904297,611.0890502929688,136.2418670654297,284.87066650390625,-1,-1,-1,-1
51,7,170.69569396972656,593.385009765625,135.2874298095703,283.30987548828125,-1,-1,-1,-1
52,7,199.19412231445312,601.7987060546875,116.54150390625,274.1580810546875,-1,-1,-1,-1
53,7,210.18736267089844,607.8533935546875,123.82621765136719,253.5838623046875,-1,-1,-1,-1
54,7,209.243896484375,609.5286865234375,126.0631103515625,263.62060546875,-1,-1,-1,-1
55,7,205.1903076171875,611.908935546875,129.11734008789062,276.90740966796875,-1,-1,-1,-1
56,7,202.09547424316406,613.9246826171875,135.40892028808594,285.5501708984375,-1,-1,-1,-1
57,7,199.0606689453125,616.9708251953125,143.99710083007812,288.001708984375,-1,-1,-1,-1
58,7,201.004638671875,640.2652587890625,148.43801879882812,281.9346923828125,-1,-1,-1,-1
59,7,189.3822021484375,658.4176635742188,162.60910034179688,287.09625244140625,-1,-1,-1,-1
60,7,172.82208251953125,657.1017456054688,171.37847900390625,283.46600341796875,-1,-1,-1,-1
61,7,168.28839111328125,656.391845703125,167.23861694335938,278.62359619140625,-1,-1,-1,-1
62,7,168.7535400390625,641.9659423828125,153.27801513671875,271.57373046875,-1,-1,-1,-1
63,7,167.18431091308594,611.6074829101562,138.9130401611328,265.11785888671875,-1,-1,-1,-1
64,7,164.15310668945312,575.6871337890625,122.34512329101562,273.6949462890625,-1,-1,-1,-1
65,7,118.28471374511719,545.6170654296875,135.5848388671875,292.0196533203125,-1,-1,-1,-1
66,7,32.55992889404297,506.8446960449219,160.22760009765625,309.7605285644531,-1,-1,-1,-1
67,7,-48.2260627746582,499.38397216796875,185.1937255859375,327.909423828125,-1,-1,-1,-1
68,7,-88.55863189697266,513.1292724609375,190.4434814453125,343.6837158203125,-1,-1,-1,-1
69,7,-80.08369445800781,556.9385986328125,165.11532592773438,317.66741943359375,-1,-1,-1,-1
70,7,-92.1584243774414,457.51904296875,187.34228515625,451.4713134765625,-1,-1,-1,-1
71,7,-107.20779418945312,409.9343566894531,217.44058227539062,507.7554626464844,-1,-1,-1,-1
72,7,-131.20716857910156,415.35589599609375,265.4377746582031,544.7623901367188,-1,-1,-1,-1
73,7,-112.01313781738281,440.37542724609375,227.07444763183594,469.35931396484375,-1,-1,-1,-1
74,7,-80.3476791381836,546.3159790039062,187.53326416015625,355.42755126953125,-1,-1,-1,-1
75,7,38.894561767578125,534.5650634765625,138.5485382080078,330.49755859375,-1,-1,-1,-1
76,7,128.19127655029297,508.9590148925781,146.65277099609375,332.8533020019531,-1,-1,-1,-1
77,7,183.4250030517578,504.6088562011719,149.06211853027344,331.7234802246094,-1,-1,-1,-1
78,7,209.6417236328125,524.8904418945312,151.23828125,331.28271484375,-1,-1,-1,-1
79,7,225.20782470703125,547.60302734375,146.95318603515625,323.327392578125,-1,-1,-1,-1
80,7,228.00938415527344,567.0725708007812,140.5529022216797,310.60125732421875,-1,-1,-1,-1
81,7,212.85137939453125,575.0306396484375,123.94363403320312,311.70281982421875,-1,-1,-1,-1
82,7,197.88165283203125,575.8997192382812,140.48904418945312,317.94171142578125,-1,-1,-1,-1
83,7,178.8061981201172,574.05517578125,159.6625213623047,339.2711181640625,-1,-1,-1,-1
84,7,166.54136657714844,584.7109375,173.76661682128906,349.04693603515625,-1,-1,-1,-1
85,7,143.2268829345703,593.233642578125,182.04640197753906,357.41571044921875,-1,-1,-1,-1
86,7,128.63298797607422,585.5379638671875,176.19088745117188,351.15234375,-1,-1,-1,-1
87,7,124.07496643066406,563.0958862304688,170.6727752685547,342.75274658203125,-1,-1,-1,-1
88,7,156.54403686523438,558.5101318359375,139.43231201171875,329.51873779296875,-1,-1,-1,-1
89,7,188.298828125,546.885498046875,142.07064819335938,315.41943359375,-1,-1,-1,-1
90,7,203.42926025390625,554.6329956054688,143.0125732421875,308.91131591796875,-1,-1,-1,-1
64,8,-41.78196334838867,541.6825561523438,86.58843231201172,205.933837890625,-1,-1,-1,-1
65,8,-60.122249603271484,544.3611450195312,123.73905944824219,246.97100830078125,-1,-1,-1,-1
77,9,-37.410369873046875,537.8641357421875,271.0019836425781,747.12939453125,-1,-1,-1,-1
78,9,-8.081103324890137,566.8286743164062,282.5962829589844,718.0327758789062,-1,-1,-1,-1
79,9,4.760143280029297,586.5504760742188,296.80364990234375,700.2290649414062,-1,-1,-1,-1
80,9,21.983047485351562,577.246826171875,302.2828369140625,710.88134765625,-1,-1,-1,-1
81,9,14.958161354064941,556.2517700195312,295.7101745605469,736.3034057617188,-1,-1,-1,-1
82,9,3.7770862579345703,530.3931274414062,287.09625244140625,755.8681030273438,-1,-1,-1,-1
83,9,0.23536396026611328,509.47998046875,301.3109130859375,789.9691162109375,-1,-1,-1,-1
84,9,-2.707890510559082,507.16058349609375,339.48101806640625,835.9524536132812,-1,-1,-1,-1
85,9,-20.52597999572754,524.4144897460938,408.6570129394531,870.1096801757812,-1,-1,-1,-1
86,9,-34.91041946411133,531.9532470703125,486.0864562988281,877.6610107421875,-1,-1,-1,-1
87,9,-49.1374397277832,535.9801025390625,536.3104248046875,875.407470703125,-1,-1,-1,-1
88,9,-3.097431182861328,546.1849365234375,479.079345703125,864.313232421875,-1,-1,-1,-1
89,9,21.145252227783203,558.8401489257812,431.46649169921875,842.0817260742188,-1,-1,-1,-1
90,9,46.8321533203125,561.6717529296875,403.94573974609375,816.921630859375,-1,-1,-1,-1
91,9,75.21752166748047,561.9302368164062,383.48284912109375,800.3380737304688,-1,-1,-1,-1
92,9,90.20973205566406,579.8211059570312,380.63726806640625,766.9861450195312,-1,-1,-1,-1
93,9,95.38633728027344,592.790283203125,372.95745849609375,724.8192138671875,-1,-1,-1,-1
94,9,101.21185302734375,595.6715698242188,384.9261474609375,725.4180297851562,-1,-1,-1,-1
95,9,100.80538940429688,606.6140747070312,433.5491638183594,715.5646362304688,-1,-1,-1,-1
96,9,100.19514465332031,626.5068969726562,468.9259033203125,698.0971069335938,-1,-1,-1,-1
97,9,100.70124053955078,628.3676147460938,464.4671630859375,717.7431030273438,-1,-1,-1,-1
98,9,104.0953140258789,613.294677734375,441.6577453613281,733.22802734375,-1,-1,-1,-1
99,9,119.96894836425781,586.071044921875,404.278564453125,733.5455322265625,-1,-1,-1,-1
100,9,156.23793029785156,560.8970947265625,369.8529052734375,725.0128173828125,-1,-1,-1,-1
101,9,195.55332946777344,531.9140625,357.31256103515625,702.312744140625,-1,-1,-1,-1
102,9,245.10011291503906,528.5935668945312,327.85247802734375,692.5330200195312,-1,-1,-1,-1
103,9,291.6693115234375,525.8828125,303.65057373046875,711.9249267578125,-1,-1,-1,-1
104,9,319.0785217285156,525.9620971679688,292.4526062011719,726.7772827148438,-1,-1,-1,-1
105,9,330.060546875,536.3226318359375,293.81280517578125,747.346923828125,-1,-1,-1,-1
106,9,339.287841796875,540.6956176757812,297.01080322265625,758.9439086914062,-1,-1,-1,-1
107,9,351.5685119628906,549.1536865234375,300.1277160644531,770.8642578125,-1,-1,-1,-1
108,9,355.0987548828125,554.2402954101562,307.09197998046875,773.8493041992188,-1,-1,-1,-1
109,9,352.5753479003906,557.414794921875,316.3057556152344,769.594482421875,-1,-1,-1,-1
110,9,362.4754638671875,539.6749877929688,317.177001953125,760.6065063476562,-1,-1,-1,-1
111,9,375.4235534667969,475.98193359375,305.5534973144531,755.2703857421875,-1,-1,-1,-1
112,9,384.123291015625,439.57171630859375,286.73406982421875,736.1477661132812,-1,-1,-1,-1
113,9,361.593994140625,419.13037109375,295.8563232421875,717.82080078125,-1,-1,-1,-1
114,9,328.4297180175781,403.4139709472656,320.6922912597656,695.00634765625,-1,-1,-1,-1
115,9,292.07513427734375,390.43499755859375,340.4901123046875,678.8258666992188,-1,-1,-1,-1
116,9,257.0332946777344,368.5995788574219,389.1443176269531,663.74853515625,-1,-1,-1,-1
117,9,228.6251678466797,344.1615905761719,423.72564697265625,647.2314453125,-1,-1,-1,-1
118,9,194.53466796875,326.2010803222656,447.6151123046875,638.61962890625,-1,-1,-1,-1
119,9,170.23098754882812,310.512451171875,448.3692321777344,635.2030639648438,-1,-1,-1,-1
120,9,175.3463134765625,320.2025146484375,427.758544921875,626.7783203125,-1,-1,-1,-1
121,9,196.8360137939453,321.3060302734375,397.25250244140625,621.16943359375,-1,-1,-1,-1
122,9,255.1599884033203,334.1620178222656,345.619873046875,615.326904296875,-1,-1,-1,-1
123,9,354.60003662109375,364.4148864746094,280.3121337890625,610.63427734375,-1,-1,-1,-1
124,9,431.1915283203125,390.7776794433594,257.65185546875,606.2396240234375,-1,-1,-1,-1
125,9,482.3799133300781,420.5255126953125,275.4601135253906,601.8927001953125,-1,-1,-1,-1
126,9,529.7149658203125,431.8730773925781,289.29058837890625,600.3856201171875,-1,-1,-1,-1
127,9,562.75830078125,432.227783203125,286.30059814453125,603.5166015625,-1,-1,-1,-1
128,9,584.9283447265625,446.2219543457031,281.68231201171875,608.1644287109375,-1,-1,-1,-1
129,9,590.1541748046875,446.288330078125,282.14154052734375,616.9002685546875,-1,-1,-1,-1
130,9,586.9571533203125,461.11968994140625,267.76641845703125,620.7517700195312,-1,-1,-1,-1
131,9,585.2587890625,478.29443359375,242.72821044921875,627.6527099609375,-1,-1,-1,-1
132,9,585.9141845703125,485.39227294921875,221.58203125,628.1694946289062,-1,-1,-1,-1
133,9,594.8597412109375,489.3113098144531,211.33941650390625,631.85546875,-1,-1,-1,-1
134,9,603.4999389648438,497.1671142578125,217.72076416015625,628.135009765625,-1,-1,-1,-1
135,9,618.2362670898438,499.6839294433594,221.54248046875,625.9107666015625,-1,-1,-1,-1
136,9,632.0709228515625,498.0601501464844,226.06298828125,622.713623046875,-1,-1,-1,-1
137,9,620.0834350585938,495.49493408203125,249.98663330078125,625.6647338867188,-1,-1,-1,-1
138,9,606.1597290039062,490.8544921875,272.45538330078125,626.355712890625,-1,-1,-1,-1
139,9,601.9948120117188,488.3717956542969,282.99359130859375,630.1732177734375,-1,-1,-1,-1
140,9,607.8451538085938,485.60845947265625,290.69989013671875,634.2960815429688,-1,-1,-1,-1
141,9,621.3789672851562,476.6246643066406,299.20782470703125,638.38427734375,-1,-1,-1,-1
142,9,649.8182373046875,463.8687744140625,314.48016357421875,640.577880859375,-1,-1,-1,-1
143,9,680.7546997070312,452.8807678222656,331.5137939453125,650.516357421875,-1,-1,-1,-1
144,9,733.3593139648438,448.2871398925781,313.13653564453125,660.36962890625,-1,-1,-1,-1
145,9,768.4149780273438,444.92425537109375,297.03350830078125,672.4818725585938,-1,-1,-1,-1
146,9,780.334716796875,443.2192687988281,329.3892822265625,675.9390869140625,-1,-1,-1,-1
147,9,801.4287719726562,444.4510498046875,360.44866943359375,677.4466552734375,-1,-1,-1,-1
148,9,826.869384765625,436.8981628417969,382.3865966796875,678.8209228515625,-1,-1,-1,-1
149,9,855.3436889648438,428.8377990722656,400.99884033203125,679.709716796875,-1,-1,-1,-1
150,9,896.052978515625,428.70135498046875,398.410400390625,681.8417358398438,-1,-1,-1,-1
151,9,940.9747314453125,439.7190856933594,390.7100830078125,690.9429931640625,-1,-1,-1,-1
152,9,995.8010864257812,458.2942810058594,358.89349365234375,701.2742919921875,-1,-1,-1,-1
153,9,1050.5330810546875,473.09844970703125,323.4881591796875,711.1226196289062,-1,-1,-1,-1
154,9,1061.975341796875,485.94573974609375,327.1229248046875,717.4093627929688,-1,-1,-1,-1
155,9,1064.6490478515625,489.257568359375,332.040771484375,722.1497802734375,-1,-1,-1,-1
156,9,1068.140625,489.49188232421875,337.4962158203125,718.6784057617188,-1,-1,-1,-1
157,9,1067.455078125,485.8809814453125,347.9736328125,714.9031982421875,-1,-1,-1,-1
158,9,1066.3681640625,486.12188720703125,352.9520263671875,704.0419311523438,-1,-1,-1,-1
159,9,1064.24951171875,480.2736511230469,356.419189453125,710.349853515625,-1,-1,-1,-1
160,9,1063.053466796875,481.0219421386719,356.4556884765625,701.9752197265625,-1,-1,-1,-1
161,9,1053.8870849609375,480.1068420410156,399.7135009765625,700.0010986328125,-1,-1,-1,-1
162,9,1052.0479736328125,488.23675537109375,380.317138671875,696.9851684570312,-1,-1,-1,-1
163,9,1045.932861328125,483.995849609375,436.135009765625,704.7158203125,-1,-1,-1,-1
164,9,1059.960693359375,470.7606506347656,483.4156494140625,720.8084716796875,-1,-1,-1,-1
165,9,1071.6220703125,409.1528625488281,528.1683349609375,769.206787109375,-1,-1,-1,-1
166,9,1087.6956787109375,383.36968994140625,531.8525390625,792.1797485351562,-1,-1,-1,-1
167,9,1110.7911376953125,326.88531494140625,512.2236328125,857.3720092773438,-1,-1,-1,-1
168,9,1139.1044921875,335.06146240234375,493.9302978515625,858.1089477539062,-1,-1,-1,-1
169,9,1156.8607177734375,411.3760681152344,501.0159912109375,792.0543212890625,-1,-1,-1,-1
170,9,1164.212890625,439.7422790527344,490.507080078125,787.6597900390625,-1,-1,-1,-1
171,9,1167.3087158203125,460.6550598144531,484.358154296875,779.027099609375,-1,-1,-1,-1
172,9,1191.4522705078125,506.48736572265625,436.072998046875,763.6735229492188,-1,-1,-1,-1
173,9,1204.7894287109375,547.8175659179688,409.3994140625,703.8937377929688,-1,-1,-1,-1
174,9,1204.282958984375,574.2782592773438,410.404541015625,662.9310913085938,-1,-1,-1,-1
175,9,1229.3841552734375,584.8340454101562,360.21044921875,635.5847778320312,-1,-1,-1,-1
176,9,1237.77880859375,598.7864379882812,343.422119140625,590.8881225585938,-1,-1,-1,-1
101,10,302.3631286621094,569.2989501953125,104.37677001953125,292.25372314453125,-1,-1,-1,-1
102,10,334.591064453125,569.7132568359375,95.34637451171875,277.1817626953125,-1,-1,-1,-1
103,10,351.9198303222656,568.0293579101562,92.51614379882812,268.26873779296875,-1,-1,-1,-1
104,10,361.1540222167969,560.5442504882812,94.63629150390625,273.55438232421875,-1,-1,-1,-1
105,10,361.424560546875,569.5096435546875,91.7891845703125,249.63604736328125,-1,-1,-1,-1
106,10,347.8242492675781,576.57958984375,122.03372192382812,262.41400146484375,-1,-1,-1,-1
107,10,366.24017333984375,601.6605224609375,148.2989501953125,285.26300048828125,-1,-1,-1,-1
108,10,393.8429260253906,602.0169677734375,137.31674194335938,324.6876220703125,-1,-1,-1,-1
109,10,378.73712158203125,560.8673095703125,170.29718017578125,417.83343505859375,-1,-1,-1,-1
115,10,305.5887451171875,416.5488586425781,307.10107421875,638.673583984375,-1,-1,-1,-1
108,11,312.0166931152344,663.9488525390625,25.380615234375,60.00128173828125,-1,-1,-1,-1
109,11,326.82781982421875,683.6292724609375,23.00689697265625,54.8360595703125,-1,-1,-1,-1
110,11,351.03436279296875,682.828369140625,27.993377685546875,54.6334228515625,-1,-1,-1,-1
111,11,395.1995849609375,578.6751708984375,53.5010986328125,97.5469970703125,-1,-1,-1,-1
113,11,389.9156188964844,507.4857177734375,69.59793090820312,165.5794677734375,-1,-1,-1,-1
118,11,211.72743225097656,358.6692810058594,357.3885498046875,414.1285705566406,-1,-1,-1,-1
119,11,229.57476806640625,328.06292724609375,252.53302001953125,424.7138671875,-1,-1,-1,-1
120,11,275.92535400390625,391.5144348144531,159.22848510742188,358.3267517089844,-1,-1,-1,-1
121,11,283.39923095703125,394.3127746582031,170.91464233398438,353.3071594238281,-1,-1,-1,-1
122,11,312.47308349609375,371.43157958984375,239.6043701171875,378.8475341796875,-1,-1,-1,-1
123,11,364.75128173828125,392.39410400390625,266.78680419921875,362.94805908203125,-1,-1,-1,-1
132,12,594.7247924804688,550.255126953125,62.99615478515625,184.98333740234375,-1,-1,-1,-1
133,12,599.3818969726562,559.3253784179688,55.83612060546875,151.6688232421875,-1,-1,-1,-1
134,12,600.153076171875,568.6868286132812,66.8570556640625,162.63055419921875,-1,-1,-1,-1
135,12,602.7318725585938,568.6524047851562,67.81103515625,143.9520263671875,-1,-1,-1,-1
136,12,607.2460327148438,566.6903076171875,69.691162109375,162.6622314453125,-1,-1,-1,-1
137,12,605.7093505859375,571.2727661132812,72.7337646484375,165.4503173828125,-1,-1,-1,-1
138,12,602.8688354492188,577.7252197265625,73.35516357421875,158.4326171875,-1,-1,-1,-1
139,12,600.238037109375,577.3035278320312,71.8939208984375,159.71270751953125,-1,-1,-1,-1
140,12,602.5922241210938,570.1901245117188,69.20379638671875,166.85076904296875,-1,-1,-1,-1
141,12,607.0576782226562,564.4130859375,71.33013916015625,166.1873779296875,-1,-1,-1,-1
142,12,608.7994384765625,555.1182250976562,73.65838623046875,166.83099365234375,-1,-1,-1,-1
143,12,610.0357666015625,542.3084716796875,72.9603271484375,172.236572265625,-1,-1,-1,-1
144,12,608.086669921875,536.8278198242188,73.97235107421875,173.27325439453125,-1,-1,-1,-1
145,12,600.3776245117188,533.1397094726562,79.2470703125,173.233642578125,-1,-1,-1,-1
146,12,596.3651123046875,524.2371215820312,85.12969970703125,179.21978759765625,-1,-1,-1,-1
147,12,599.9736328125,520.5886840820312,88.27734375,180.63623046875,-1,-1,-1,-1
148,12,609.4163818359375,512.7878112792969,83.13568115234375,180.89755249023438,-1,-1,-1,-1
149,12,617.6443481445312,513.9091796875,85.90435791015625,168.82879638671875,-1,-1,-1,-1
150,12,625.1295776367188,513.0772094726562,84.83331298828125,169.43963623046875,-1,-1,-1,-1
151,12,631.0032348632812,519.78857421875,88.0709228515625,167.194580078125,-1,-1,-1,-1
152,12,633.8949584960938,527.7611083984375,94.76727294921875,164.42572021484375,-1,-1,-1,-1
153,12,633.087158203125,534.1318969726562,100.4405517578125,161.878173828125,-1,-1,-1,-1
154,12,633.30078125,537.0044555664062,100.9481201171875,157.74468994140625,-1,-1,-1,-1
155,12,631.8079223632812,543.3068237304688,106.2127685546875,152.7137451171875,-1,-1,-1,-1
156,12,632.6653442382812,545.0155639648438,110.6328125,149.95635986328125,-1,-1,-1,-1
157,12,629.6574096679688,542.1190795898438,108.59124755859375,152.25152587890625,-1,-1,-1,-1
158,12,627.0562133789062,542.8446655273438,108.9359130859375,154.229248046875,-1,-1,-1,-1
159,12,628.4244995117188,544.7017822265625,126.9649658203125,158.98577880859375,-1,-1,-1,-1
160,12,626.2713623046875,559.212646484375,127.43798828125,160.0355224609375,-1,-1,-1,-1
142,13,653.0200805664062,507.92828369140625,178.823974609375,259.1397705078125,-1,-1,-1,-1
143,13,665.3703002929688,499.6855773925781,161.15277099609375,254.65042114257812,-1,-1,-1,-1
144,13,667.3184204101562,495.982177734375,154.4002685546875,264.3668212890625,-1,-1,-1,-1
145,13,657.7686767578125,493.25177001953125,170.56463623046875,258.47564697265625,-1,-1,-1,-1
146,13,654.4945068359375,495.9770812988281,180.68170166015625,253.61941528320312,-1,-1,-1,-1
147,13,679.384765625,503.91668701171875,160.826416015625,245.26220703125,-1,-1,-1,-1
148,13,698.6939697265625,500.4770202636719,149.61810302734375,241.37911987304688,-1,-1,-1,-1
149,13,713.9072265625,506.23345947265625,135.5938720703125,228.594482421875,-1,-1,-1,-1
150,13,723.9915161132812,500.16961669921875,124.8958740234375,232.64306640625,-1,-1,-1,-1
151,13,721.7526245117188,506.1077575683594,122.486572265625,231.77395629882812,-1,-1,-1,-1
152,13,709.2107543945312,509.2755432128906,123.24664306640625,235.92599487304688,-1,-1,-1,-1
153,13,698.0623779296875,505.6589050292969,129.8896484375,244.42660522460938,-1,-1,-1,-1
154,13,694.7244873046875,505.07354736328125,133.83587646484375,243.83819580078125,-1,-1,-1,-1
155,13,679.9285278320312,504.1518859863281,144.7283935546875,241.61300659179688,-1,-1,-1,-1
156,13,666.63623046875,496.88262939453125,151.65496826171875,244.9935302734375,-1,-1,-1,-1
157,13,680.4993286132812,499.05328369140625,123.74310302734375,239.843994140625,-1,-1,-1,-1
158,13,672.3262329101562,509.90826416015625,121.41961669921875,229.80438232421875,-1,-1,-1,-1
159,13,629.6863403320312,526.578369140625,153.34588623046875,220.585693359375,-1,-1,-1,-1
160,13,625.088623046875,540.2794799804688,141.01220703125,214.1890869140625,-1,-1,-1,-1
161,13,635.702880859375,534.1067504882812,120.97406005859375,223.03363037109375,-1,-1,-1,-1
162,13,648.0303344726562,541.0145263671875,101.57733154296875,219.85296630859375,-1,-1,-1,-1
163,13,656.0009155273438,539.2371826171875,97.3170166015625,221.20672607421875,-1,-1,-1,-1
164,13,654.2581176757812,530.0259399414062,110.0062255859375,226.7364501953125,-1,-1,-1,-1
165,13,646.9188232421875,534.8081665039062,127.73736572265625,214.25799560546875,-1,-1,-1,-1
166,13,628.2153930664062,546.1527709960938,138.68963623046875,207.4462890625,-1,-1,-1,-1
167,13,605.2171630859375,542.2999267578125,153.2557373046875,217.93408203125,-1,-1,-1,-1
168,13,583.3739624023438,541.5944213867188,159.27459716796875,222.48052978515625,-1,-1,-1,-1
169,13,559.6895751953125,552.859130859375,166.519775390625,215.00579833984375,-1,-1,-1,-1
170,13,543.1429443359375,547.5955810546875,178.7423095703125,218.02984619140625,-1,-1,-1,-1
171,13,540.2227172851562,532.1268920898438,196.13177490234375,222.08209228515625,-1,-1,-1,-1
172,13,539.455810546875,539.7210693359375,200.35540771484375,229.81378173828125,-1,-1,-1,-1
173,13,536.3699951171875,530.8075561523438,202.0555419921875,238.85174560546875,-1,-1,-1,-1
174,13,530.2749633789062,531.1712036132812,202.8045654296875,231.23583984375,-1,-1,-1,-1
175,13,519.585205078125,534.87646484375,199.61419677734375,221.9649658203125,-1,-1,-1,-1
176,13,508.3739929199219,531.7453002929688,197.46694946289062,218.19891357421875,-1,-1,-1,-1
177,13,502.30078125,540.0347290039062,184.52667236328125,198.966796875,-1,-1,-1,-1
178,13,506.08154296875,543.885009765625,147.768310546875,198.157470703125,-1,-1,-1,-1
179,13,516.6236572265625,541.91845703125,122.82666015625,203.3037109375,-1,-1,-1,-1
180,13,530.9481811523438,529.20947265625,113.7750244140625,215.164794921875,-1,-1,-1,-1
181,13,533.4949951171875,525.5123291015625,114.54827880859375,217.5618896484375,-1,-1,-1,-1
182,13,527.5062255859375,522.0896606445312,125.053466796875,225.24139404296875,-1,-1,-1,-1
183,13,531.5181274414062,527.9572143554688,128.02374267578125,225.5113525390625,-1,-1,-1,-1
184,13,540.195556640625,540.9484252929688,126.335693359375,222.25335693359375,-1,-1,-1,-1
185,13,564.5025634765625,548.7672119140625,107.37139892578125,223.73748779296875,-1,-1,-1,-1
186,13,568.3452758789062,564.0057373046875,113.11370849609375,222.3995361328125,-1,-1,-1,-1
187,13,599.1044921875,589.3907470703125,91.4315185546875,215.10821533203125,-1,-1,-1,-1
188,13,621.5035400390625,600.2186889648438,79.51666259765625,213.30859375,-1,-1,-1,-1
189,13,625.3421630859375,600.6370849609375,82.22174072265625,211.74212646484375,-1,-1,-1,-1
190,13,624.3818359375,590.5856323242188,87.68017578125,216.6177978515625,-1,-1,-1,-1
191,13,619.7274169921875,590.5682983398438,106.3436279296875,221.473876953125,-1,-1,-1,-1
192,13,609.5242309570312,593.1304321289062,122.2677001953125,224.190185546875,-1,-1,-1,-1
193,13,598.508056640625,598.1300659179688,132.0926513671875,226.55426025390625,-1,-1,-1,-1
194,13,591.6181640625,601.76123046875,132.8134765625,229.87554931640625,-1,-1,-1,-1
195,13,581.1718139648438,600.767578125,127.31817626953125,233.43902587890625,-1,-1,-1,-1
196,13,571.0313110351562,598.6367797851562,122.18475341796875,236.26446533203125,-1,-1,-1,-1
197,13,563.9683227539062,596.8377685546875,118.3250732421875,238.60040283203125,-1,-1,-1,-1
198,13,561.3040771484375,588.9927978515625,110.36767578125,243.2498779296875,-1,-1,-1,-1
199,13,561.9340209960938,578.0526733398438,101.75177001953125,250.19036865234375,-1,-1,-1,-1
200,13,555.265625,571.3214721679688,103.67498779296875,252.66668701171875,-1,-1,-1,-1
201,13,543.5380249023438,563.7030029296875,110.24609375,260.35748291015625,-1,-1,-1,-1
202,13,534.6538696289062,544.372314453125,121.40716552734375,272.4512939453125,-1,-1,-1,-1
203,13,521.2589721679688,525.2205200195312,132.87261962890625,284.6363525390625,-1,-1,-1,-1
204,13,482.8803405761719,509.14263916015625,143.67886352539062,295.01519775390625,-1,-1,-1,-1
205,13,397.7386169433594,490.99267578125,156.37911987304688,313.7149658203125,-1,-1,-1,-1
206,13,278.6067810058594,479.96844482421875,185.05706787109375,336.185302734375,-1,-1,-1,-1
207,13,156.92031860351562,491.0572204589844,223.42947387695312,345.7237243652344,-1,-1,-1,-1
208,13,94.95159912109375,517.85791015625,219.361083984375,339.6934814453125,-1,-1,-1,-1
209,13,83.10816192626953,536.3394775390625,212.72268676757812,333.79913330078125,-1,-1,-1,-1
210,13,108.37297058105469,542.171142578125,200.96018981933594,327.3504638671875,-1,-1,-1,-1
211,13,203.89157104492188,545.70849609375,185.8289794921875,315.5888671875,-1,-1,-1,-1
212,13,333.2674255371094,543.3759155273438,177.14410400390625,307.4892578125,-1,-1,-1,-1
213,13,434.68475341796875,538.5960693359375,172.63299560546875,303.01373291015625,-1,-1,-1,-1
214,13,486.7650451660156,536.2216796875,169.35122680664062,304.8414306640625,-1,-1,-1,-1
215,13,512.1690368652344,530.9671630859375,153.35494995117188,317.53289794921875,-1,-1,-1,-1
216,13,523.4086303710938,529.12939453125,145.993408203125,331.544677734375,-1,-1,-1,-1
217,13,533.38525390625,541.579345703125,139.3148193359375,331.89697265625,-1,-1,-1,-1
218,13,527.0517578125,542.084716796875,147.76739501953125,320.6617431640625,-1,-1,-1,-1
219,13,476.8454284667969,528.5386962890625,173.85916137695312,309.7535400390625,-1,-1,-1,-1
220,13,395.0882263183594,503.34722900390625,191.01895141601562,317.5338134765625,-1,-1,-1,-1
221,13,311.5372619628906,472.50238037109375,201.41732788085938,337.9993896484375,-1,-1,-1,-1
222,13,240.04278564453125,448.7060852050781,212.52487182617188,358.5392761230469,-1,-1,-1,-1
223,13,178.03103637695312,444.3751525878906,225.90963745117188,364.4281921386719,-1,-1,-1,-1
224,13,121.39776611328125,448.1101989746094,235.8763427734375,399.5834655761719,-1,-1,-1,-1
225,13,80.84699249267578,463.6761779785156,232.90298461914062,438.7073059082031,-1,-1,-1,-1
226,13,48.16187286376953,445.2166442871094,232.27105712890625,457.7923278808594,-1,-1,-1,-1
227,13,49.164306640625,428.4646301269531,231.45870971679688,452.0804748535156,-1,-1,-1,-1
228,13,68.10250854492188,429.245849609375,207.88320922851562,430.67852783203125,-1,-1,-1,-1
229,13,99.11541748046875,439.5541687011719,212.45974731445312,404.4455261230469,-1,-1,-1,-1
230,13,187.5311279296875,443.65264892578125,229.59927368164062,381.1922607421875,-1,-1,-1,-1
231,13,301.8202819824219,467.08660888671875,226.57601928710938,358.60400390625,-1,-1,-1,-1
232,13,382.9317626953125,491.7881774902344,220.1641845703125,346.8128967285156,-1,-1,-1,-1
233,13,421.65289306640625,480.9160461425781,228.08245849609375,347.6647644042969,-1,-1,-1,-1
234,13,436.2333984375,461.7286071777344,234.5191650390625,352.4891662597656,-1,-1,-1,-1
235,13,434.452392578125,477.8514099121094,226.81732177734375,357.5498352050781,-1,-1,-1,-1
236,13,433.4548645019531,501.75128173828125,215.88479614257812,361.73431396484375,-1,-1,-1,-1
237,13,437.8563232421875,511.0028991699219,202.84393310546875,367.4582824707031,-1,-1,-1,-1
238,13,441.0751647949219,508.0137939453125,191.90444946289062,373.4254150390625,-1,-1,-1,-1
239,13,463.567626953125,492.6910705566406,181.44757080078125,366.3943176269531,-1,-1,-1,-1
240,13,497.283203125,486.9097595214844,175.1539306640625,352.6333312988281,-1,-1,-1,-1
241,13,523.5919189453125,497.1344299316406,168.2799072265625,341.5381164550781,-1,-1,-1,-1
242,13,552.1610107421875,514.3314819335938,151.87225341796875,328.956787109375,-1,-1,-1,-1
243,13,566.4125366210938,510.5890197753906,157.2762451171875,321.3250427246094,-1,-1,-1,-1
244,13,576.8541259765625,514.8444213867188,163.0638427734375,318.29736328125,-1,-1,-1,-1
245,13,583.9784545898438,519.2579956054688,162.475341796875,322.23858642578125,-1,-1,-1,-1
246,13,600.1481323242188,505.32244873046875,156.3372802734375,328.72674560546875,-1,-1,-1,-1
247,13,613.178466796875,490.2737121582031,148.73345947265625,330.1871643066406,-1,-1,-1,-1
248,13,629.1353759765625,446.02264404296875,140.62554931640625,339.48431396484375,-1,-1,-1,-1
249,13,671.4727783203125,410.52935791015625,129.80084228515625,354.414306640625,-1,-1,-1,-1
250,13,718.0172729492188,380.5892028808594,132.47344970703125,356.2502136230469,-1,-1,-1,-1
251,13,760.7879638671875,380.3925476074219,135.92138671875,345.8465881347656,-1,-1,-1,-1
252,13,789.3782958984375,382.114501953125,140.4161376953125,337.04058837890625,-1,-1,-1,-1
253,13,805.83349609375,381.5348205566406,146.11029052734375,331.8825988769531,-1,-1,-1,-1
254,13,817.416259765625,386.7880859375,145.03509521484375,324.64471435546875,-1,-1,-1,-1
255,13,834.7880859375,400.29705810546875,161.20465087890625,322.80120849609375,-1,-1,-1,-1
256,13,858.2198486328125,423.6553955078125,181.170654296875,320.543212890625,-1,-1,-1,-1
257,13,885.6114501953125,437.2707824707031,201.986328125,320.6341247558594,-1,-1,-1,-1
258,13,918.57568359375,436.0824279785156,223.5472412109375,329.7915954589844,-1,-1,-1,-1
259,13,947.0947265625,447.20965576171875,233.0616455078125,341.72943115234375,-1,-1,-1,-1
260,13,954.2769165039062,455.0496826171875,230.27215576171875,342.74005126953125,-1,-1,-1,-1
261,13,909.2154541015625,466.67987060546875,215.6512451171875,338.2955322265625,-1,-1,-1,-1
262,13,835.490966796875,493.0077209472656,176.765869140625,330.1283874511719,-1,-1,-1,-1
263,13,750.5703735351562,511.99481201171875,167.849853515625,332.76312255859375,-1,-1,-1,-1
264,13,698.6389770507812,534.351806640625,157.31488037109375,317.250732421875,-1,-1,-1,-1
265,13,678.5184326171875,549.8009643554688,148.27886962890625,308.6038818359375,-1,-1,-1,-1
266,13,664.059814453125,552.1640625,140.4468994140625,304.130615234375,-1,-1,-1,-1
267,13,652.7635498046875,536.2339477539062,128.99078369140625,307.334716796875,-1,-1,-1,-1
268,13,638.1604614257812,524.4765625,115.73382568359375,310.29052734375,-1,-1,-1,-1
269,13,613.94677734375,506.3839111328125,128.47705078125,319.59423828125,-1,-1,-1,-1
270,13,583.2042236328125,477.5557556152344,135.4364013671875,334.8661804199219,-1,-1,-1,-1
271,13,551.5112915039062,451.7090759277344,142.51580810546875,347.2803039550781,-1,-1,-1,-1
272,13,528.7963256835938,440.95391845703125,143.6121826171875,349.36041259765625,-1,-1,-1,-1
273,13,508.8299560546875,439.1035461425781,159.43267822265625,353.1033630371094,-1,-1,-1,-1
274,13,517.8535766601562,445.9892883300781,157.8751220703125,350.8849182128906,-1,-1,-1,-1
275,13,523.1367797851562,461.0838317871094,162.2703857421875,336.1936340332031,-1,-1,-1,-1
276,13,534.7191772460938,465.4920654296875,167.9052734375,329.4393310546875,-1,-1,-1,-1
277,13,562.4222412109375,466.8423767089844,161.21710205078125,322.0429992675781,-1,-1,-1,-1
278,13,584.9795532226562,457.0621643066406,153.15057373046875,322.6377868652344,-1,-1,-1,-1
279,13,608.7882080078125,449.2353210449219,147.1632080078125,326.6249084472656,-1,-1,-1,-1
280,13,633.3866577148438,437.0720520019531,150.6656494140625,340.7063903808594,-1,-1,-1,-1
281,13,649.1781005859375,414.9693603515625,166.5804443359375,352.50299072265625,-1,-1,-1,-1
282,13,665.1737060546875,391.6676025390625,179.26824951171875,365.58270263671875,-1,-1,-1,-1
283,13,699.1803588867188,365.7973937988281,182.34320068359375,381.2755432128906,-1,-1,-1,-1
284,13,744.0693969726562,352.49615478515625,183.93731689453125,406.61859130859375,-1,-1,-1,-1
285,13,795.2442626953125,343.9590759277344,192.223388671875,431.4388122558594,-1,-1,-1,-1
286,13,833.10693359375,337.2948303222656,212.98583984375,434.9600524902344,-1,-1,-1,-1
287,13,856.484130859375,357.88653564453125,216.4180908203125,424.6246337890625,-1,-1,-1,-1
288,13,894.38525390625,386.5086669921875,221.2939453125,417.7078857421875,-1,-1,-1,-1
289,13,929.1487426757812,391.72607421875,231.61468505859375,420.4796142578125,-1,-1,-1,-1
290,13,953.4151000976562,375.840087890625,249.42633056640625,437.047607421875,-1,-1,-1,-1
291,13,960.5261840820312,349.2504577636719,278.01800537109375,455.0240173339844,-1,-1,-1,-1
292,13,964.9032592773438,373.99200439453125,292.31610107421875,461.04296875,-1,-1,-1,-1
293,13,964.0911865234375,349.97650146484375,292.8096923828125,478.74560546875,-1,-1,-1,-1
294,13,950.07958984375,355.29571533203125,279.67529296875,497.64398193359375,-1,-1,-1,-1
295,13,909.009521484375,389.84503173828125,267.281005859375,520.1149291992188,-1,-1,-1,-1
296,13,841.9375610351562,424.5631103515625,271.28570556640625,530.3458862304688,-1,-1,-1,-1
297,13,805.4244995117188,450.7664794921875,260.93011474609375,511.25830078125,-1,-1,-1,-1
298,13,820.5750122070312,495.2631530761719,238.80767822265625,488.5011291503906,-1,-1,-1,-1
299,13,866.4722900390625,490.4906005859375,235.8590087890625,478.7000732421875,-1,-1,-1,-1
300,13,907.1876220703125,531.3753051757812,232.2828369140625,459.544189453125,-1,-1,-1,-1
301,13,945.7189331054688,542.3671264648438,265.55230712890625,440.32659912109375,-1,-1,-1,-1
302,13,947.5053100585938,503.01043701171875,427.59625244140625,465.38592529296875,-1,-1,-1,-1
303,13,945.619384765625,522.4871215820312,396.7322998046875,445.2655029296875,-1,-1,-1,-1
304,13,918.3121337890625,529.1114501953125,323.16259765625,433.2615966796875,-1,-1,-1,-1
305,13,883.4679565429688,529.5128784179688,230.14410400390625,426.72412109375,-1,-1,-1,-1
306,13,858.1468505859375,511.6639099121094,239.3818359375,410.1286926269531,-1,-1,-1,-1
307,13,851.8963012695312,507.5917053222656,239.78546142578125,401.9771423339844,-1,-1,-1,-1
308,13,851.3341064453125,501.1683349609375,221.342529296875,389.30230712890625,-1,-1,-1,-1
309,13,820.2811279296875,514.5866088867188,242.6943359375,376.95965576171875,-1,-1,-1,-1
310,13,807.1792602539062,516.4755249023438,275.83941650390625,370.37408447265625,-1,-1,-1,-1
311,13,829.1405639648438,537.1521606445312,291.44293212890625,360.7939453125,-1,-1,-1,-1
312,13,820.8338623046875,540.5087280273438,310.9530029296875,341.425537109375,-1,-1,-1,-1
313,13,854.2230834960938,536.608642578125,268.59124755859375,310.8592529296875,-1,-1,-1,-1
314,13,897.7578125,534.578125,217.649658203125,310.07135009765625,-1,-1,-1,-1
315,13,905.6437377929688,535.3125610351562,188.95208740234375,297.49676513671875,-1,-1,-1,-1
316,13,902.6958618164062,534.677978515625,164.68621826171875,282.65557861328125,-1,-1,-1,-1
317,13,891.3585205078125,526.5396728515625,151.701416015625,267.56353759765625,-1,-1,-1,-1
318,13,871.022216796875,513.134521484375,149.97412109375,266.31298828125,-1,-1,-1,-1
319,13,850.8157348632812,512.0210571289062,148.902587890625,262.3677978515625,-1,-1,-1,-1
320,13,823.7474365234375,508.6657409667969,142.04290771484375,267.7333679199219,-1,-1,-1,-1
321,13,791.9393920898438,504.0740661621094,138.004150390625,267.2496032714844,-1,-1,-1,-1
322,13,763.782958984375,485.5335388183594,136.59808349609375,279.5290222167969,-1,-1,-1,-1
323,13,757.6624145507812,482.5939636230469,127.09869384765625,286.8252258300781,-1,-1,-1,-1
324,13,750.9403686523438,502.1503601074219,128.1077880859375,292.0161437988281,-1,-1,-1,-1
325,13,742.708740234375,544.0573120117188,117.9658203125,263.4583740234375,-1,-1,-1,-1
326,13,720.1613159179688,523.6661376953125,127.63397216796875,285.24420166015625,-1,-1,-1,-1
327,13,699.7133178710938,522.5304565429688,146.3431396484375,285.11566162109375,-1,-1,-1,-1
328,13,689.109130859375,519.0272216796875,153.44873046875,290.47662353515625,-1,-1,-1,-1
329,13,678.303955078125,510.43505859375,160.6123046875,295.4954833984375,-1,-1,-1,-1
330,13,676.61865234375,504.91180419921875,161.57452392578125,302.31341552734375,-1,-1,-1,-1
331,13,684.035888671875,507.89056396484375,157.06719970703125,297.33697509765625,-1,-1,-1,-1
332,13,695.8413696289062,510.95703125,149.1043701171875,297.759033203125,-1,-1,-1,-1
333,13,705.1695556640625,515.7196044921875,131.065673828125,298.9420166015625,-1,-1,-1,-1
334,13,709.6283569335938,514.5197143554688,114.912841796875,301.30059814453125,-1,-1,-1,-1
335,13,714.3327026367188,517.343994140625,100.97314453125,302.1112060546875,-1,-1,-1,-1
336,13,717.7060546875,509.135498046875,102.1488037109375,312.061279296875,-1,-1,-1,-1
337,13,718.861083984375,501.4507751464844,106.6986083984375,320.3548889160156,-1,-1,-1,-1
338,13,718.5584716796875,496.6220703125,110.781005859375,330.591796875,-1,-1,-1,-1
339,13,721.8883056640625,489.8089294433594,114.772216796875,330.5624084472656,-1,-1,-1,-1
340,13,729.3409423828125,493.51654052734375,118.860595703125,337.67132568359375,-1,-1,-1,-1
341,13,727.8779296875,498.794677734375,126.6483154296875,348.8056640625,-1,-1,-1,-1
342,13,729.2742309570312,503.81866455078125,130.66156005859375,340.8663330078125,-1,-1,-1,-1
343,13,741.1009521484375,506.80682373046875,128.65313720703125,329.6185302734375,-1,-1,-1,-1
344,13,744.5057983398438,505.69598388671875,125.86199951171875,321.511474609375,-1,-1,-1,-1
345,13,743.0904541015625,508.166015625,134.4935302734375,319.2322998046875,-1,-1,-1,-1
346,13,743.1399536132812,515.5545043945312,142.46490478515625,314.10064697265625,-1,-1,-1,-1
347,13,747.884765625,510.5068664550781,145.27191162109375,317.1237487792969,-1,-1,-1,-1
348,13,752.0026245117188,501.5204772949219,149.89996337890625,319.7254943847656,-1,-1,-1,-1
349,13,749.3756103515625,489.7724609375,162.3529052734375,325.62860107421875,-1,-1,-1,-1
350,13,747.9622192382812,480.47418212890625,179.79327392578125,331.11932373046875,-1,-1,-1,-1
351,13,769.0729370117188,470.8531799316406,201.273681640625,339.1763610839844,-1,-1,-1,-1
352,13,826.9132690429688,440.3956604003906,219.04083251953125,359.9727478027344,-1,-1,-1,-1
353,13,902.6085815429688,401.75897216796875,233.08709716796875,374.11578369140625,-1,-1,-1,-1
354,13,965.591064453125,375.12261962890625,227.3868408203125,391.78216552734375,-1,-1,-1,-1
355,13,994.4039306640625,382.8913879394531,216.104248046875,394.4266052246094,-1,-1,-1,-1
356,13,995.6744384765625,405.46636962890625,210.2274169921875,390.9403076171875,-1,-1,-1,-1
357,13,987.468505859375,436.9259338378906,193.2972412109375,370.8714294433594,-1,-1,-1,-1
358,13,952.1926879882812,462.7109680175781,182.19158935546875,354.3513488769531,-1,-1,-1,-1
359,13,881.193603515625,481.9712829589844,171.50390625,340.1509094238281,-1,-1,-1,-1
360,13,796.209716796875,495.70819091796875,165.9852294921875,332.4088134765625,-1,-1,-1,-1
361,13,734.60791015625,493.7294616699219,171.92987060546875,338.8865051269531,-1,-1,-1,-1
362,13,693.8446655273438,484.6646423339844,181.474609375,346.1047058105469,-1,-1,-1,-1
363,13,649.1181640625,461.1982421875,188.400146484375,363.1514892578125,-1,-1,-1,-1
364,13,570.3404541015625,419.9147644042969,192.8623046875,390.0758361816406,-1,-1,-1,-1
365,13,456.0285339355469,383.8501281738281,205.23086547851562,412.8335876464844,-1,-1,-1,-1
366,13,358.817138671875,371.57611083984375,209.40350341796875,445.71759033203125,-1,-1,-1,-1
367,13,301.5697326660156,381.12506103515625,208.22787475585938,478.551513671875,-1,-1,-1,-1
368,13,254.42315673828125,402.1345520019531,219.30303955078125,490.2365417480469,-1,-1,-1,-1
369,13,207.78504943847656,429.7864074707031,239.9600067138672,477.7959289550781,-1,-1,-1,-1
370,13,180.07830810546875,460.76611328125,276.1918029785156,477.02838134765625,-1,-1,-1,-1
371,13,175.53738403320312,482.80633544921875,299.73797607421875,477.43499755859375,-1,-1,-1,-1
372,13,194.8737030029297,460.78253173828125,297.92755126953125,483.50506591796875,-1,-1,-1,-1
373,13,199.61590576171875,428.278564453125,291.16595458984375,493.10235595703125,-1,-1,-1,-1
374,13,188.7750701904297,405.0799560546875,276.33441162109375,514.5607299804688,-1,-1,-1,-1
375,13,169.1575164794922,373.7909240722656,272.11346435546875,539.2935791015625,-1,-1,-1,-1
376,13,132.62417602539062,415.8593444824219,278.6796875,564.7105712890625,-1,-1,-1,-1
377,13,80.15532684326172,424.06427001953125,298.2736511230469,615.0298461914062,-1,-1,-1,-1
378,13,48.61479949951172,495.2576599121094,318.41448974609375,617.1640625,-1,-1,-1,-1
379,13,45.480987548828125,515.7094116210938,333.59454345703125,597.9033813476562,-1,-1,-1,-1
380,13,57.39164733886719,491.3953857421875,346.3597412109375,565.6339111328125,-1,-1,-1,-1
381,13,104.26779174804688,462.3481140136719,339.6218566894531,541.2130126953125,-1,-1,-1,-1
382,13,201.95831298828125,444.34716796875,309.572265625,514.6906127929688,-1,-1,-1,-1
383,13,271.9414367675781,427.0737609863281,283.8791198730469,506.6731872558594,-1,-1,-1,-1
384,13,292.3480224609375,415.88568115234375,273.77777099609375,499.095703125,-1,-1,-1,-1
385,13,280.9664306640625,405.6320495605469,263.7637939453125,503.5074157714844,-1,-1,-1,-1
386,13,247.423095703125,404.73944091796875,261.390869140625,512.8724365234375,-1,-1,-1,-1
387,13,231.44866943359375,418.8345031738281,264.2710266113281,533.6212158203125,-1,-1,-1,-1
388,13,227.86605834960938,431.04425048828125,266.2069091796875,522.3592529296875,-1,-1,-1,-1
389,13,244.04287719726562,468.61212158203125,267.8506164550781,493.950927734375,-1,-1,-1,-1
390,13,242.04881286621094,466.3117370605469,282.61431884765625,477.2763977050781,-1,-1,-1,-1
391,13,240.39715576171875,490.4712219238281,310.52386474609375,466.6994934082031,-1,-1,-1,-1
392,13,276.4953918457031,499.8717041015625,319.5052795410156,452.72613525390625,-1,-1,-1,-1
393,13,300.7122802734375,477.1260070800781,304.04937744140625,452.3047790527344,-1,-1,-1,-1
394,13,303.98291015625,438.33099365234375,281.78375244140625,456.01513671875,-1,-1,-1,-1
395,13,302.69366455078125,406.84765625,264.4432373046875,459.9407958984375,-1,-1,-1,-1
396,13,316.96240234375,382.01214599609375,243.89141845703125,468.443359375,-1,-1,-1,-1
397,13,365.8629150390625,346.0002746582031,228.978271484375,480.8591613769531,-1,-1,-1,-1
398,13,432.170166015625,346.9579162597656,216.92510986328125,477.7154235839844,-1,-1,-1,-1
399,13,465.5033874511719,374.3244934082031,215.81515502929688,451.6846008300781,-1,-1,-1,-1
400,13,481.57366943359375,398.415771484375,223.98260498046875,434.07684326171875,-1,-1,-1,-1
401,13,503.11419677734375,415.164794921875,232.25091552734375,420.92315673828125,-1,-1,-1,-1
402,13,520.8958129882812,379.77801513671875,249.0723876953125,423.397216796875,-1,-1,-1,-1
403,13,555.12060546875,371.94488525390625,258.3828125,427.92266845703125,-1,-1,-1,-1
404,13,588.5341186523438,358.2229309082031,255.6143798828125,437.6433410644531,-1,-1,-1,-1
405,13,620.1524658203125,339.8948669433594,256.1611328125,446.4006652832031,-1,-1,-1,-1
406,13,674.039306640625,335.19317626953125,254.2667236328125,450.2822265625,-1,-1,-1,-1
407,13,780.1834716796875,327.56195068359375,261.663330078125,469.87689208984375,-1,-1,-1,-1
408,13,891.227294921875,327.9066162109375,262.6363525390625,507.938232421875,-1,-1,-1,-1
409,13,973.6587524414062,356.24261474609375,253.93365478515625,514.5569458007812,-1,-1,-1,-1
410,13,1025.89111328125,384.1080017089844,235.3564453125,501.8227844238281,-1,-1,-1,-1
411,13,1046.34521484375,410.1479797363281,232.5174560546875,483.2966613769531,-1,-1,-1,-1
412,13,1061.188232421875,425.20343017578125,240.231201171875,478.55706787109375,-1,-1,-1,-1
413,13,1081.4615478515625,431.66436767578125,263.3524169921875,482.18402099609375,-1,-1,-1,-1
414,13,1103.7703857421875,433.65484619140625,289.843017578125,490.04193115234375,-1,-1,-1,-1
415,13,1127.6446533203125,435.2416076660156,285.79052734375,500.4749450683594,-1,-1,-1,-1
416,13,1169.5079345703125,437.111083984375,245.3167724609375,516.96826171875,-1,-1,-1,-1
417,13,1193.8333740234375,432.4288330078125,228.2257080078125,532.998779296875,-1,-1,-1,-1
418,13,1204.4293212890625,446.225830078125,209.2652587890625,528.0009765625,-1,-1,-1,-1
419,13,1210.298095703125,447.515380859375,203.177978515625,541.3385620117188,-1,-1,-1,-1
420,13,1198.58251953125,476.62445068359375,218.4913330078125,516.5771484375,-1,-1,-1,-1
421,13,1184.989013671875,465.2330322265625,228.5068359375,513.5938720703125,-1,-1,-1,-1
422,13,1137.533935546875,458.888671875,273.593994140625,503.46466064453125,-1,-1,-1,-1
423,13,1052.47021484375,454.5579833984375,274.9439697265625,482.28204345703125,-1,-1,-1,-1
424,13,935.3612060546875,455.8574523925781,250.2989501953125,463.3847961425781,-1,-1,-1,-1
425,13,856.85595703125,460.12664794921875,241.944580078125,448.86553955078125,-1,-1,-1,-1
426,13,812.9905395507812,423.6002502441406,245.28240966796875,481.9216003417969,-1,-1,-1,-1
427,13,800.8899536132812,385.4292907714844,245.99114990234375,496.8300476074219,-1,-1,-1,-1
428,13,808.0442504882812,386.2424621582031,255.82415771484375,497.7648010253906,-1,-1,-1,-1
429,13,811.7146606445312,402.1029968261719,261.29071044921875,506.6163635253906,-1,-1,-1,-1
430,13,802.5771484375,425.4986877441406,275.363037109375,498.6928405761719,-1,-1,-1,-1
431,13,803.8397827148438,448.99017333984375,287.19134521484375,477.5899658203125,-1,-1,-1,-1
432,13,796.7329711914062,454.7677001953125,307.15118408203125,472.68878173828125,-1,-1,-1,-1
433,13,777.71337890625,454.99884033203125,336.09814453125,468.99554443359375,-1,-1,-1,-1
434,13,759.658447265625,452.46612548828125,350.1611328125,477.61090087890625,-1,-1,-1,-1
435,13,734.6432495117188,455.1413269042969,334.16827392578125,486.5783386230469,-1,-1,-1,-1
436,13,695.1654663085938,450.66705322265625,339.53680419921875,501.11102294921875,-1,-1,-1,-1
437,13,675.3906860351562,447.9053039550781,338.63116455078125,521.140625,-1,-1,-1,-1
438,13,665.7603149414062,442.02142333984375,331.47027587890625,551.3759765625,-1,-1,-1,-1
439,13,654.6286010742188,436.45648193359375,347.40521240234375,605.8555297851562,-1,-1,-1,-1
440,13,628.356689453125,423.0293273925781,352.25341796875,639.04931640625,-1,-1,-1,-1
441,13,580.2713623046875,392.16827392578125,320.5723876953125,623.5656127929688,-1,-1,-1,-1
164,14,690.19775390625,564.6246337890625,85.5133056640625,164.98870849609375,-1,-1,-1,-1
165,14,686.545654296875,552.5782470703125,99.98443603515625,159.2169189453125,-1,-1,-1,-1
166,14,680.9959716796875,557.244140625,118.59332275390625,150.4949951171875,-1,-1,-1,-1
167,14,666.2947387695312,543.9773559570312,123.90850830078125,172.02716064453125,-1,-1,-1,-1
168,14,666.8377685546875,556.3954467773438,113.2396240234375,161.92767333984375,-1,-1,-1,-1
169,14,701.992919921875,566.7412109375,68.8480224609375,152.093505859375,-1,-1,-1,-1
170,14,699.3228149414062,568.491943359375,77.15191650390625,136.47344970703125,-1,-1,-1,-1
171,14,689.1866455078125,547.781494140625,112.41009521484375,155.36529541015625,-1,-1,-1,-1
172,14,676.1005249023438,554.03369140625,151.58660888671875,164.2371826171875,-1,-1,-1,-1
173,14,663.3215942382812,549.2345581054688,166.073974609375,174.42962646484375,-1,-1,-1,-1
174,14,690.3492431640625,541.8195190429688,132.6839599609375,178.16998291015625,-1,-1,-1,-1
175,14,721.7708740234375,541.8070678710938,94.3951416015625,178.0445556640625,-1,-1,-1,-1
176,14,731.6685791015625,553.5617065429688,92.81298828125,166.56646728515625,-1,-1,-1,-1
177,14,731.5951538085938,555.5383911132812,108.82318115234375,162.24200439453125,-1,-1,-1,-1
178,14,732.0625,545.86328125,134.40386962890625,177.12774658203125,-1,-1,-1,-1
179,14,745.546630859375,542.1888427734375,150.57269287109375,190.64599609375,-1,-1,-1,-1
180,14,780.3787841796875,520.57666015625,143.03839111328125,219.918701171875,-1,-1,-1,-1
181,14,822.920166015625,538.1392822265625,123.06768798828125,201.65570068359375,-1,-1,-1,-1
182,14,866.2151489257812,530.8656005859375,100.884521484375,209.74713134765625,-1,-1,-1,-1
183,14,907.37451171875,517.531982421875,92.00628662109375,230.298095703125,-1,-1,-1,-1
184,14,916.6151123046875,508.8714904785156,124.05517578125,240.84689331054688,-1,-1,-1,-1
185,14,934.981689453125,505.1471862792969,163.1712646484375,252.38461303710938,-1,-1,-1,-1
186,14,963.0587158203125,512.685546875,175.1146240234375,261.7518310546875,-1,-1,-1,-1
187,14,1000.8358764648438,532.8197021484375,162.56793212890625,266.41644287109375,-1,-1,-1,-1
188,14,1056.034423828125,556.071044921875,122.559814453125,260.9261474609375,-1,-1,-1,-1
189,14,1087.8875732421875,562.748291015625,144.6875,261.1065673828125,-1,-1,-1,-1
190,14,1105.432373046875,554.5506591796875,171.1962890625,267.0067138671875,-1,-1,-1,-1
191,14,1113.8671875,548.5704345703125,189.2515869140625,283.34820556640625,-1,-1,-1,-1
192,14,1119.77880859375,544.2205810546875,188.243896484375,295.99945068359375,-1,-1,-1,-1
193,14,1126.888671875,546.021484375,176.7255859375,299.70343017578125,-1,-1,-1,-1
194,14,1129.8515625,554.5717163085938,174.089599609375,287.26495361328125,-1,-1,-1,-1
195,14,1145.18798828125,559.5673217773438,156.624755859375,279.131591796875,-1,-1,-1,-1
196,14,1178.0224609375,561.8843994140625,130.5823974609375,275.0032958984375,-1,-1,-1,-1
197,14,1188.312744140625,560.4957275390625,131.22802734375,277.299560546875,-1,-1,-1,-1
198,14,1180.037841796875,559.7655639648438,153.9549560546875,292.44696044921875,-1,-1,-1,-1
199,14,1180.8751220703125,559.9970092773438,178.2457275390625,305.04437255859375,-1,-1,-1,-1
200,14,1193.1278076171875,564.7869262695312,179.3165283203125,299.3441162109375,-1,-1,-1,-1
201,14,1214.9736328125,573.8724365234375,163.4146728515625,289.8707275390625,-1,-1,-1,-1
202,14,1242.1884765625,569.9547119140625,151.65234375,287.96148681640625,-1,-1,-1,-1
203,14,1260.028564453125,554.749267578125,137.111083984375,293.84814453125,-1,-1,-1,-1
204,14,1224.51123046875,534.26904296875,153.1947021484375,310.28814697265625,-1,-1,-1,-1
205,14,1143.2403564453125,504.880859375,155.639892578125,307.9901123046875,-1,-1,-1,-1
206,14,1040.1824951171875,481.60369873046875,139.091552734375,292.82965087890625,-1,-1,-1,-1
207,14,945.2105102539062,475.44561767578125,117.55511474609375,268.89544677734375,-1,-1,-1,-1
208,14,895.1257934570312,480.7535705566406,102.57244873046875,260.0068664550781,-1,-1,-1,-1
209,14,890.0386962890625,489.2428283691406,94.620361328125,256.4685363769531,-1,-1,-1,-1
210,14,909.7306518554688,491.4518127441406,106.34027099609375,264.5969543457031,-1,-1,-1,-1
211,14,984.715576171875,503.22296142578125,125.2232666015625,293.70562744140625,-1,-1,-1,-1
212,14,1102.2508544921875,518.1983032226562,155.08642578125,339.00274658203125,-1,-1,-1,-1
213,14,974.562255859375,556.242919921875,206.57275390625,292.00848388671875,-1,-1,-1,-1
199,15,453.4957580566406,667.172119140625,25.0208740234375,59.2445068359375,-1,-1,-1,-1
200,15,441.9571838378906,665.4418334960938,24.68585205078125,56.67340087890625,-1,-1,-1,-1
201,15,429.5111083984375,664.8146362304688,27.00994873046875,55.93524169921875,-1,-1,-1,-1
202,15,420.5180969238281,651.0438842773438,26.9388427734375,62.99505615234375,-1,-1,-1,-1
203,15,406.4538879394531,649.9068603515625,27.482666015625,57.17340087890625,-1,-1,-1,-1
204,15,363.9134826660156,645.1397705078125,28.8509521484375,57.768798828125,-1,-1,-1,-1
205,15,461.28497314453125,568.3195190429688,90.15814208984375,143.11260986328125,-1,-1,-1,-1
206,15,341.84326171875,525.6996459960938,112.22018432617188,205.41229248046875,-1,-1,-1,-1
207,15,221.33396911621094,531.1871948242188,140.8769073486328,224.544189453125,-1,-1,-1,-1
208,15,142.39559936523438,549.7621459960938,161.33914184570312,228.876708984375,-1,-1,-1,-1
209,15,110.48912811279297,554.9446411132812,179.43649291992188,227.78887939453125,-1,-1,-1,-1
207,16,1126.7232666015625,396.6239318847656,291.9447021484375,661.843994140625,-1,-1,-1,-1
208,16,1059.216796875,392.7409362792969,276.2891845703125,643.27685546875,-1,-1,-1,-1
209,16,1032.850830078125,401.45709228515625,251.566162109375,629.9119262695312,-1,-1,-1,-1
210,16,1036.3221435546875,406.4209289550781,245.0098876953125,634.545654296875,-1,-1,-1,-1
211,16,1095.2408447265625,427.5589294433594,257.778076171875,650.1822509765625,-1,-1,-1,-1
212,16,1206.72265625,462.6025390625,211.489013671875,634.645263671875,-1,-1,-1,-1
213,16,1222.5220947265625,540.602294921875,175.98388671875,373.33197021484375,-1,-1,-1,-1
214,16,1287.11376953125,563.8821411132812,182.4444580078125,374.35882568359375,-1,-1,-1,-1
215,16,1308.244873046875,545.2739868164062,197.34765625,402.10858154296875,-1,-1,-1,-1
216,16,1315.9776611328125,550.0660400390625,187.0181884765625,402.3125,-1,-1,-1,-1
217,16,1317.0693359375,544.248779296875,184.83544921875,411.95684814453125,-1,-1,-1,-1
218,16,1226.4990234375,391.6197509765625,365.1888427734375,723.1348876953125,-1,-1,-1,-1
219,16,1205.0360107421875,450.2950439453125,275.80615234375,656.884521484375,-1,-1,-1,-1
220,16,1140.41748046875,417.41326904296875,238.774169921875,619.6190795898438,-1,-1,-1,-1
221,16,1055.9359130859375,400.0289306640625,213.611572265625,584.76708984375,-1,-1,-1,-1
222,16,996.3743896484375,408.40191650390625,187.7916259765625,534.6671752929688,-1,-1,-1,-1
223,16,942.2233276367188,374.97027587890625,169.19451904296875,534.6712036132812,-1,-1,-1,-1
224,16,882.47216796875,373.1195373535156,192.8665771484375,525.751220703125,-1,-1,-1,-1
225,16,823.459716796875,383.0462341308594,170.21160888671875,515.3851318359375,-1,-1,-1,-1
226,16,785.3768920898438,358.32421875,162.15399169921875,512.1766357421875,-1,-1,-1,-1
227,16,760.1143798828125,348.24578857421875,162.5762939453125,510.53900146484375,-1,-1,-1,-1
228,16,738.2581787109375,358.1656188964844,163.7567138671875,509.6609191894531,-1,-1,-1,-1
229,16,724.4134521484375,373.1346435546875,173.096435546875,499.76708984375,-1,-1,-1,-1
230,16,754.3677978515625,385.2876281738281,192.19134521484375,497.7823791503906,-1,-1,-1,-1
214,17,1287.7825927734375,576.5585327148438,206.065673828125,354.6153564453125,-1,-1,-1,-1
221,18,1148.7408447265625,449.1661682128906,168.8985595703125,396.5368957519531,-1,-1,-1,-1
222,18,1096.5654296875,440.9960632324219,156.3583984375,381.8903503417969,-1,-1,-1,-1
223,18,1056.2156982421875,420.9430847167969,158.02880859375,379.2703552246094,-1,-1,-1,-1
224,18,1019.684326171875,409.3977355957031,150.228759765625,381.2729187011719,-1,-1,-1,-1
225,18,988.0787353515625,408.3330993652344,140.8026123046875,392.3940124511719,-1,-1,-1,-1
226,18,956.7498779296875,381.5843811035156,149.9832763671875,422.8377380371094,-1,-1,-1,-1
227,18,945.7881469726562,385.37091064453125,169.64459228515625,437.52978515625,-1,-1,-1,-1
228,18,938.7117919921875,411.36322021484375,187.334228515625,436.7109375,-1,-1,-1,-1
229,18,948.1093139648438,434.8360900878906,195.43780517578125,426.2953796386719,-1,-1,-1,-1
230,18,997.3974609375,449.04638671875,221.3353271484375,432.8619384765625,-1,-1,-1,-1
231,18,817.0186157226562,425.276611328125,198.868896484375,492.99176025390625,-1,-1,-1,-1
232,18,869.3182983398438,459.2894287109375,205.90533447265625,498.39447021484375,-1,-1,-1,-1
233,18,905.697265625,465.4757385253906,201.7835693359375,496.4908142089844,-1,-1,-1,-1
234,18,924.77880859375,454.34429931640625,194.8482666015625,493.4705810546875,-1,-1,-1,-1
235,18,925.056640625,473.2058410644531,185.192138671875,482.5660705566406,-1,-1,-1,-1
236,18,904.823486328125,494.48748779296875,188.776611328125,451.80816650390625,-1,-1,-1,-1
237,18,896.6310424804688,497.6085510253906,170.42108154296875,417.5459289550781,-1,-1,-1,-1
238,18,880.5798950195312,499.70587158203125,149.74505615234375,383.93682861328125,-1,-1,-1,-1
239,18,884.3497314453125,499.7757873535156,144.202880859375,364.7228698730469,-1,-1,-1,-1
240,18,914.966796875,516.4653930664062,129.9141845703125,353.506103515625,-1,-1,-1,-1
241,18,923.1038208007812,538.5778198242188,121.44659423828125,343.92669677734375,-1,-1,-1,-1
242,18,926.240478515625,559.2479248046875,113.50390625,335.0902099609375,-1,-1,-1,-1
243,18,921.3958129882812,557.307861328125,123.49700927734375,332.720947265625,-1,-1,-1,-1
244,18,925.1481323242188,557.933349609375,110.29608154296875,332.79083251953125,-1,-1,-1,-1
245,18,927.469970703125,563.140625,102.1439208984375,328.3912353515625,-1,-1,-1,-1
246,18,933.919189453125,554.9390869140625,102.828369140625,318.9239501953125,-1,-1,-1,-1
247,18,941.1873168945312,544.2841796875,99.13861083984375,304.685791015625,-1,-1,-1,-1
248,18,946.4031372070312,517.3802490234375,102.04315185546875,288.152587890625,-1,-1,-1,-1
249,18,971.9539184570312,499.5225830078125,112.49688720703125,283.615966796875,-1,-1,-1,-1
250,18,1001.36083984375,476.6747131347656,131.2236328125,285.2855529785156,-1,-1,-1,-1
251,18,1026.2261962890625,473.4615478515625,146.978515625,287.8287353515625,-1,-1,-1,-1
252,18,1051.0648193359375,474.7401123046875,148.968505859375,288.3355712890625,-1,-1,-1,-1
253,18,1073.4324951171875,476.62066650390625,139.667724609375,289.86865234375,-1,-1,-1,-1
254,18,1083.369140625,467.1087951660156,130.5396728515625,292.9420471191406,-1,-1,-1,-1
255,18,1100.7288818359375,463.1620178222656,124.434814453125,288.5845642089844,-1,-1,-1,-1
256,18,1118.74072265625,471.4170837402344,123.7232666015625,281.3145446777344,-1,-1,-1,-1
257,18,1143.4140625,480.3082275390625,125.0621337890625,268.91717529296875,-1,-1,-1,-1
258,18,1171.8406982421875,486.06842041015625,132.9754638671875,256.4737548828125,-1,-1,-1,-1
259,18,1178.342529296875,507.6714782714844,148.4940185546875,255.84213256835938,-1,-1,-1,-1
260,18,1153.099365234375,518.2537231445312,166.1558837890625,249.80841064453125,-1,-1,-1,-1
261,18,1072.26806640625,526.1002807617188,174.420166015625,237.35565185546875,-1,-1,-1,-1
262,18,952.3091430664062,541.9144897460938,156.96099853515625,217.4302978515625,-1,-1,-1,-1
263,18,863.033447265625,554.7469482421875,131.805419921875,204.978759765625,-1,-1,-1,-1
264,18,810.6431884765625,561.7216796875,114.4373779296875,201.46453857421875,-1,-1,-1,-1
265,18,785.161376953125,565.9629516601562,106.189208984375,200.09527587890625,-1,-1,-1,-1
266,18,760.5279541015625,560.9423217773438,110.8240966796875,198.79119873046875,-1,-1,-1,-1
267,18,733.0758056640625,542.8396606445312,103.35845947265625,196.13397216796875,-1,-1,-1,-1
268,18,704.354736328125,531.7173461914062,96.04296875,193.24029541015625,-1,-1,-1,-1
269,18,656.8414306640625,513.1660766601562,98.483154296875,202.17694091796875,-1,-1,-1,-1
270,18,604.2489624023438,485.05145263671875,108.7384033203125,239.17755126953125,-1,-1,-1,-1
271,18,556.9191284179688,464.39697265625,129.39239501953125,267.24017333984375,-1,-1,-1,-1
231,19,1092.2857666015625,474.6495666503906,226.046142578125,455.9711608886719,-1,-1,-1,-1
232,19,1162.5035400390625,501.44293212890625,238.8140869140625,478.46588134765625,-1,-1,-1,-1
233,19,1199.8392333984375,503.1023864746094,230.9073486328125,488.3291320800781,-1,-1,-1,-1
234,19,1218.075927734375,479.2662658691406,215.0789794921875,505.8103332519531,-1,-1,-1,-1
235,19,1222.1097412109375,482.51947021484375,205.3072509765625,525.3104248046875,-1,-1,-1,-1
236,19,1206.901611328125,510.89654541015625,221.446044921875,512.1359252929688,-1,-1,-1,-1
237,19,1200.8553466796875,513.8292846679688,208.625,515.1288452148438,-1,-1,-1,-1
238,19,1186.4473876953125,514.0034790039062,193.5323486328125,517.5194702148438,-1,-1,-1,-1
239,19,1194.941162109375,511.224609375,174.5308837890625,525.1546630859375,-1,-1,-1,-1
240,19,1211.166259765625,538.1044311523438,169.8770751953125,525.4778442382812,-1,-1,-1,-1
241,19,1207.3974609375,558.1348876953125,170.8553466796875,513.638916015625,-1,-1,-1,-1
242,19,1207.8232421875,571.5878295898438,161.4677734375,484.75775146484375,-1,-1,-1,-1
243,19,1200.05322265625,568.461669921875,167.0631103515625,449.96319580078125,-1,-1,-1,-1
244,19,1189.1331787109375,573.9676513671875,169.4124755859375,416.6788330078125,-1,-1,-1,-1
245,19,1174.3609619140625,578.8366088867188,173.6636962890625,416.2803955078125,-1,-1,-1,-1
246,19,1164.052490234375,577.2628173828125,184.8131103515625,418.6866455078125,-1,-1,-1,-1
247,19,1149.093017578125,580.5772094726562,196.0433349609375,406.628662109375,-1,-1,-1,-1
248,19,1138.9979248046875,564.1466064453125,209.679443359375,400.40576171875,-1,-1,-1,-1
249,19,1160.2362060546875,572.4769287109375,222.183349609375,381.02716064453125,-1,-1,-1,-1
250,19,1202.1343994140625,568.646728515625,214.0225830078125,353.49127197265625,-1,-1,-1,-1
251,19,1242.3966064453125,503.24884033203125,190.979736328125,415.50653076171875,-1,-1,-1,-1
252,19,1273.97314453125,546.7840576171875,153.40283203125,373.575439453125,-1,-1,-1,-1
253,19,1276.5682373046875,565.9153442382812,181.19677734375,358.8424072265625,-1,-1,-1,-1
254,19,1285.6180419921875,543.4725952148438,191.0086669921875,374.9481201171875,-1,-1,-1,-1
255,19,1298.2469482421875,474.9538269042969,218.813720703125,450.0008239746094,-1,-1,-1,-1
256,19,1262.4334716796875,445.9169921875,294.111328125,507.6463623046875,-1,-1,-1,-1
257,19,1291.840576171875,462.423095703125,235.025390625,435.9388427734375,-1,-1,-1,-1
261,19,1307.11181640625,506.0238037109375,198.0594482421875,318.1534423828125,-1,-1,-1,-1
262,20,1302.3770751953125,588.0496826171875,214.2183837890625,403.18377685546875,-1,-1,-1,-1
263,20,1222.844970703125,601.5697631835938,143.14794921875,368.392578125,-1,-1,-1,-1
264,20,1155.7041015625,601.7180786132812,143.298583984375,357.20086669921875,-1,-1,-1,-1
265,20,1124.628173828125,602.3326416015625,141.8216552734375,350.479248046875,-1,-1,-1,-1
266,20,1103.813232421875,593.2566528320312,147.5692138671875,342.9873046875,-1,-1,-1,-1
267,20,1085.2716064453125,570.0753784179688,152.692138671875,340.15130615234375,-1,-1,-1,-1
268,20,1068.4725341796875,554.5589599609375,154.4700927734375,331.9681396484375,-1,-1,-1,-1
269,20,1048.2366943359375,546.5192260742188,150.6075439453125,323.55499267578125,-1,-1,-1,-1
270,20,1018.9641723632812,529.708251953125,147.98638916015625,317.13372802734375,-1,-1,-1,-1
271,20,987.2178955078125,504.74395751953125,143.8792724609375,312.28619384765625,-1,-1,-1,-1
272,20,961.165771484375,488.3700256347656,143.2891845703125,315.1947326660156,-1,-1,-1,-1
273,20,943.197509765625,478.2158203125,145.7725830078125,339.19683837890625,-1,-1,-1,-1
274,20,929.6837768554688,467.63702392578125,151.85870361328125,361.78912353515625,-1,-1,-1,-1
275,20,918.9053955078125,467.5760803222656,159.311279296875,375.5011291503906,-1,-1,-1,-1
276,20,915.3024291992188,472.5101013183594,167.72711181640625,373.1661682128906,-1,-1,-1,-1
277,20,923.7559204101562,478.302490234375,180.22735595703125,369.499755859375,-1,-1,-1,-1
278,20,937.7823486328125,475.5373840332031,200.2012939453125,373.0595397949219,-1,-1,-1,-1
279,20,978.47021484375,471.6678466796875,197.9390869140625,396.555908203125,-1,-1,-1,-1
280,20,1018.8401489257812,464.2151184082031,203.44854736328125,444.2983703613281,-1,-1,-1,-1
281,20,1053.2686767578125,435.85150146484375,213.890380859375,494.98583984375,-1,-1,-1,-1
282,20,1084.044189453125,406.1815185546875,227.8035888671875,531.2293701171875,-1,-1,-1,-1
283,20,1121.5328369140625,394.445068359375,243.237548828125,532.4635009765625,-1,-1,-1,-1
284,20,1165.27880859375,412.0948791503906,245.857177734375,525.8994140625,-1,-1,-1,-1
285,20,1218.6944580078125,417.8414306640625,203.176513671875,520.9635009765625,-1,-1,-1,-1
286,20,1263.8056640625,406.348388671875,189.575927734375,562.5805053710938,-1,-1,-1,-1
287,20,1283.3006591796875,366.64007568359375,214.2281494140625,668.3306274414062,-1,-1,-1,-1
288,20,1262.774169921875,383.4071350097656,293.3751220703125,689.8597412109375,-1,-1,-1,-1
289,20,1266.7894287109375,411.8548583984375,285.3961181640625,499.7847900390625,-1,-1,-1,-1
290,20,1268.068359375,395.9009704589844,282.843505859375,478.0029602050781,-1,-1,-1,-1
291,20,1249.2020263671875,340.8428955078125,320.57373046875,535.5724487304688,-1,-1,-1,-1
292,20,1268.8653564453125,355.0679626464844,281.2354736328125,469.5936584472656,-1,-1,-1,-1
294,20,1258.231689453125,398.114990234375,302.380859375,444.4896240234375,-1,-1,-1,-1
295,20,1264.2071533203125,489.2656555175781,276.9671630859375,492.0285949707031,-1,-1,-1,-1
296,20,1166.0137939453125,601.7274780273438,237.516845703125,436.07366943359375,-1,-1,-1,-1
297,20,1097.8795166015625,587.9608154296875,229.1759033203125,418.5465087890625,-1,-1,-1,-1
298,20,1069.792724609375,600.0986938476562,256.809326171875,407.1236572265625,-1,-1,-1,-1
299,20,1088.271240234375,589.5845336914062,265.2508544921875,400.0096435546875,-1,-1,-1,-1
300,20,1117.921630859375,603.8856201171875,266.4520263671875,384.12451171875,-1,-1,-1,-1
301,20,1142.2335205078125,594.5011596679688,253.9593505859375,360.7244873046875,-1,-1,-1,-1
302,20,976.4111328125,516.3593139648438,405.7060546875,408.261474609375,-1,-1,-1,-1
274,21,486.8615417480469,481.12255859375,121.44424438476562,209.73919677734375,-1,-1,-1,-1
275,21,468.8787536621094,482.3205871582031,107.46835327148438,211.30178833007812,-1,-1,-1,-1
276,21,462.1166687011719,479.8416442871094,107.18905639648438,210.56509399414062,-1,-1,-1,-1
277,21,475.1900634765625,474.3730773925781,100.524169921875,208.25894165039062,-1,-1,-1,-1
278,21,498.45001220703125,463.690673828125,82.34234619140625,208.66253662109375,-1,-1,-1,-1
279,21,524.8046875,459.3621826171875,72.27777099609375,210.78350830078125,-1,-1,-1,-1
280,21,548.3214721679688,461.2626953125,69.94781494140625,210.07672119140625,-1,-1,-1,-1
281,21,564.2496337890625,455.771728515625,73.76324462890625,210.59173583984375,-1,-1,-1,-1
282,21,572.1141967773438,450.6754455566406,84.02545166015625,215.29623413085938,-1,-1,-1,-1
283,21,580.9599609375,439.83489990234375,98.3076171875,215.4803466796875,-1,-1,-1,-1
284,21,599.6436157226562,428.31793212890625,106.79217529296875,216.62744140625,-1,-1,-1,-1
285,21,626.7132568359375,419.0953369140625,106.968994140625,220.8115234375,-1,-1,-1,-1
286,21,640.5227661132812,407.3990173339844,108.79461669921875,222.19589233398438,-1,-1,-1,-1
287,21,638.927001953125,407.3844299316406,107.1187744140625,225.65200805664062,-1,-1,-1,-1
288,21,647.9671020507812,406.71832275390625,104.8031005859375,231.73309326171875,-1,-1,-1,-1
289,21,652.9579467773438,400.05828857421875,96.5096435546875,233.6495361328125,-1,-1,-1,-1
290,21,641.6940307617188,392.31280517578125,95.36749267578125,240.3388671875,-1,-1,-1,-1
291,21,618.3123168945312,375.7848815917969,100.4656982421875,247.76083374023438,-1,-1,-1,-1
292,21,594.6731567382812,402.1039733886719,106.72735595703125,252.07376098632812,-1,-1,-1,-1
293,21,549.4615478515625,396.07135009765625,116.658935546875,266.539306640625,-1,-1,-1,-1
294,21,478.86676025390625,408.02337646484375,125.392578125,280.0623779296875,-1,-1,-1,-1
295,21,382.12420654296875,419.9029235839844,136.8470458984375,292.6755065917969,-1,-1,-1,-1
296,21,263.68695068359375,431.65447998046875,150.71942138671875,310.14556884765625,-1,-1,-1,-1
297,21,171.19155883789062,448.0520324707031,155.95181274414062,330.2323303222656,-1,-1,-1,-1
298,21,137.29754638671875,474.34832763671875,155.85296630859375,341.23187255859375,-1,-1,-1,-1
299,21,147.92877197265625,456.33734130859375,152.276611328125,349.46868896484375,-1,-1,-1,-1
300,21,154.58502197265625,489.33026123046875,148.54574584960938,353.401611328125,-1,-1,-1,-1
301,21,147.9029541015625,496.7484130859375,162.60391235351562,358.5491943359375,-1,-1,-1,-1
302,21,102.33041381835938,525.5714721679688,192.6485595703125,386.1226806640625,-1,-1,-1,-1
303,21,58.6431770324707,554.8524780273438,215.33045959472656,424.31903076171875,-1,-1,-1,-1
304,21,-9.012935638427734,589.6002197265625,230.5851593017578,453.1417236328125,-1,-1,-1,-1
305,21,-72.75969696044922,608.703857421875,230.35064697265625,464.80615234375,-1,-1,-1,-1
306,21,-124.14738464355469,600.0781860351562,256.2192840576172,457.67889404296875,-1,-1,-1,-1
307,21,-164.89944458007812,582.14599609375,334.08343505859375,540.9453125,-1,-1,-1,-1
308,21,-159.94876098632812,485.13201904296875,322.92230224609375,633.0526733398438,-1,-1,-1,-1
296,22,432.6344299316406,481.41790771484375,60.844390869140625,103.50653076171875,-1,-1,-1,-1
297,22,339.4375,502.528564453125,76.39285278320312,118.19342041015625,-1,-1,-1,-1
301,23,1033.8125,540.181884765625,29.68408203125,51.066650390625,-1,-1,-1,-1
302,23,1003.2410888671875,530.5150146484375,25.93408203125,48.69903564453125,-1,-1,-1,-1
303,23,965.5137939453125,537.1932373046875,31.076171875,57.626953125,-1,-1,-1,-1
304,23,905.7198486328125,542.5317993164062,24.1895751953125,44.22698974609375,-1,-1,-1,-1
305,23,756.9335327148438,497.1188659667969,32.3250732421875,57.615020751953125,-1,-1,-1,-1
306,23,695.712890625,487.2607421875,34.13970947265625,65.7750244140625,-1,-1,-1,-1
307,23,654.9918823242188,497.2200012207031,34.71295166015625,60.333526611328125,-1,-1,-1,-1
308,23,625.7852172851562,491.9833068847656,45.5252685546875,57.551483154296875,-1,-1,-1,-1
309,23,592.5528564453125,502.4159851074219,45.2451171875,63.535308837890625,-1,-1,-1,-1
310,23,590.652587890625,509.79461669921875,38.039306640625,58.44903564453125,-1,-1,-1,-1
311,23,587.9736328125,528.3209228515625,39.8045654296875,60.27801513671875,-1,-1,-1,-1
312,23,583.915283203125,538.53564453125,36.1444091796875,55.81414794921875,-1,-1,-1,-1
313,23,571.5803833007812,539.6219482421875,37.32177734375,55.508544921875,-1,-1,-1,-1
314,23,561.5790405273438,525.4805908203125,41.34735107421875,70.3480224609375,-1,-1,-1,-1
315,23,550.4331665039062,525.325927734375,40.86846923828125,70.9364013671875,-1,-1,-1,-1
316,23,547.440673828125,513.0331420898438,35.0145263671875,65.22796630859375,-1,-1,-1,-1
307,24,796.1307373046875,558.828125,139.85321044921875,199.51226806640625,-1,-1,-1,-1
308,24,737.2213745117188,537.0370483398438,208.27532958984375,214.77642822265625,-1,-1,-1,-1
309,24,691.7318115234375,541.4886474609375,227.35552978515625,215.21539306640625,-1,-1,-1,-1
310,24,686.0194091796875,541.35888671875,220.3797607421875,218.50640869140625,-1,-1,-1,-1
311,24,676.2263793945312,561.2737426757812,215.36456298828125,213.72869873046875,-1,-1,-1,-1
312,24,660.0108642578125,561.6834716796875,188.7332763671875,211.72113037109375,-1,-1,-1,-1
313,24,640.4432373046875,558.9010009765625,158.4093017578125,210.977783203125,-1,-1,-1,-1
314,24,631.9464721679688,549.0516967773438,147.69366455078125,214.60791015625,-1,-1,-1,-1
315,24,614.8285522460938,534.65478515625,141.65838623046875,230.04876708984375,-1,-1,-1,-1
316,24,592.4315185546875,523.9088134765625,152.21728515625,235.52935791015625,-1,-1,-1,-1
317,24,561.6718139648438,510.6601867675781,149.0849609375,235.24075317382812,-1,-1,-1,-1
318,24,530.7619018554688,515.7114868164062,114.04388427734375,222.29736328125,-1,-1,-1,-1
319,24,500.5921630859375,543.2406616210938,83.32672119140625,202.09783935546875,-1,-1,-1,-1
320,24,449.3930358886719,533.1057739257812,115.17886352539062,224.1375732421875,-1,-1,-1,-1
321,24,383.8002014160156,532.896240234375,142.85513305664062,234.115966796875,-1,-1,-1,-1
322,24,351.6556396484375,530.5894775390625,148.71817016601562,247.16162109375,-1,-1,-1,-1
323,24,323.4046325683594,541.972900390625,145.65093994140625,249.47698974609375,-1,-1,-1,-1
324,24,302.3075866699219,560.9039916992188,137.21621704101562,248.72552490234375,-1,-1,-1,-1
325,24,278.06365966796875,580.9224243164062,129.09359741210938,239.47760009765625,-1,-1,-1,-1
326,24,243.1180419921875,593.007080078125,124.9786376953125,235.12445068359375,-1,-1,-1,-1
327,24,214.45892333984375,601.191162109375,134.86297607421875,233.86431884765625,-1,-1,-1,-1
328,24,186.3412322998047,601.7645263671875,157.89955139160156,236.2176513671875,-1,-1,-1,-1
329,24,166.36952209472656,598.8460083007812,170.3064727783203,248.5211181640625,-1,-1,-1,-1
330,24,155.09532165527344,597.6491088867188,162.1985626220703,259.42919921875,-1,-1,-1,-1
331,24,148.54183959960938,599.2879638671875,155.27981567382812,256.46044921875,-1,-1,-1,-1
332,24,131.5705108642578,604.2199096679688,116.792724609375,247.4521484375,-1,-1,-1,-1
333,24,113.13471984863281,601.4302368164062,144.1170196533203,248.22637939453125,-1,-1,-1,-1
334,24,103.24724578857422,595.7483520507812,145.64718627929688,253.70220947265625,-1,-1,-1,-1
335,24,105.43045043945312,591.4364624023438,151.34844970703125,267.6170654296875,-1,-1,-1,-1
336,24,101.64290618896484,586.508056640625,153.94525146484375,276.5657958984375,-1,-1,-1,-1
337,24,112.57085418701172,608.1435546875,139.80072021484375,253.81939697265625,-1,-1,-1,-1
338,24,111.18463134765625,607.0187377929688,133.99624633789062,254.28704833984375,-1,-1,-1,-1
339,24,110.14118957519531,586.57177734375,126.02114868164062,271.5228271484375,-1,-1,-1,-1
340,24,111.97840118408203,591.2883911132812,116.90161895751953,267.0960693359375,-1,-1,-1,-1
341,24,105.87824249267578,587.680908203125,132.47073364257812,266.0460205078125,-1,-1,-1,-1
342,24,104.2370376586914,572.10498046875,146.93829345703125,283.9168701171875,-1,-1,-1,-1
343,24,114.3671646118164,570.5078735351562,149.72866821289062,288.84307861328125,-1,-1,-1,-1
344,24,116.88411712646484,589.4115600585938,152.74594116210938,273.8128662109375,-1,-1,-1,-1
345,24,110.25272369384766,575.7213745117188,158.85263061523438,288.82452392578125,-1,-1,-1,-1
346,24,101.3481674194336,583.504638671875,159.83795166015625,282.647216796875,-1,-1,-1,-1
347,24,94.61835479736328,582.48486328125,152.64981079101562,278.8275146484375,-1,-1,-1,-1
348,24,106.80853271484375,569.23486328125,144.8365936279297,294.19256591796875,-1,-1,-1,-1
349,24,95.41520690917969,558.167236328125,153.64266967773438,314.75579833984375,-1,-1,-1,-1
350,24,89.86005401611328,545.2607421875,156.1829833984375,325.822265625,-1,-1,-1,-1
351,24,116.0420913696289,524.8995971679688,150.571533203125,324.8326416015625,-1,-1,-1,-1
352,24,187.63980102539062,498.30474853515625,131.62274169921875,304.25543212890625,-1,-1,-1,-1
353,24,269.0550231933594,460.5333557128906,118.050048828125,292.4355773925781,-1,-1,-1,-1
354,24,320.97967529296875,445.6244201660156,121.84432983398438,285.5102844238281,-1,-1,-1,-1
355,24,343.3877258300781,445.11260986328125,128.08267211914062,284.31744384765625,-1,-1,-1,-1
356,24,339.2679443359375,450.4990234375,137.396240234375,296.1187744140625,-1,-1,-1,-1
357,24,305.5726623535156,462.582275390625,158.50042724609375,310.361328125,-1,-1,-1,-1
358,24,259.25494384765625,484.71978759765625,166.99545288085938,318.84881591796875,-1,-1,-1,-1
359,24,166.211181640625,527.4490966796875,183.00656127929688,321.0601806640625,-1,-1,-1,-1
360,24,455.66192626953125,479.3037109375,169.53204345703125,284.2003173828125,-1,-1,-1,-1
361,24,478.8574523925781,515.0969848632812,37.358489990234375,68.43670654296875,-1,-1,-1,-1
362,24,445.89453125,519.00439453125,32.65277099609375,51.3963623046875,-1,-1,-1,-1
363,24,397.75347900390625,515.53076171875,36.28369140625,48.3314208984375,-1,-1,-1,-1
364,24,579.3029174804688,506.75225830078125,94.26434326171875,95.53753662109375,-1,-1,-1,-1
365,24,461.1173400878906,431.74169921875,125.32955932617188,227.5262451171875,-1,-1,-1,-1
366,24,361.1187438964844,428.0857849121094,141.60165405273438,292.7427062988281,-1,-1,-1,-1
367,24,304.01318359375,420.80517578125,152.0098876953125,304.07574462890625,-1,-1,-1,-1
368,24,260.9300537109375,428.52508544921875,159.10260009765625,356.83599853515625,-1,-1,-1,-1
369,24,205.9208221435547,443.09906005859375,197.0261688232422,339.20489501953125,-1,-1,-1,-1
370,24,182.89254760742188,468.24554443359375,243.44219970703125,360.1298828125,-1,-1,-1,-1
371,24,180.29689025878906,493.2222900390625,282.38409423828125,373.50653076171875,-1,-1,-1,-1
352,25,-166.62054443359375,509.89892578125,340.5211486816406,633.9794921875,-1,-1,-1,-1
353,25,-41.695621490478516,467.7004089355469,262.876220703125,631.3701171875,-1,-1,-1,-1
354,25,13.062931060791016,449.4575500488281,256.76953125,631.3370361328125,-1,-1,-1,-1
355,25,42.588653564453125,452.2195739746094,249.24545288085938,635.003173828125,-1,-1,-1,-1
356,25,48.869346618652344,458.78289794921875,252.92330932617188,656.8888549804688,-1,-1,-1,-1
357,25,30.068557739257812,477.9028625488281,263.6748046875,666.9232177734375,-1,-1,-1,-1
358,25,-4.905517578125,506.48590087890625,269.71484375,668.9204711914062,-1,-1,-1,-1
359,25,-116.49390411376953,546.6875,317.0653381347656,681.2113037109375,-1,-1,-1,-1
360,25,37.99242401123047,532.1567993164062,217.8564453125,390.9091796875,-1,-1,-1,-1
361,25,129.17880249023438,528.5848999023438,321.9772644042969,338.12322998046875,-1,-1,-1,-1
362,25,265.8500671386719,589.8359985351562,49.23974609375,116.964111328125,-1,-1,-1,-1
360,26,-143.56411743164062,683.1234741210938,290.15948486328125,429.62750244140625,-1,-1,-1,-1
361,26,-32.170040130615234,590.8355102539062,201.36351013183594,336.94732666015625,-1,-1,-1,-1
362,26,-75.85841369628906,582.0735473632812,183.2984619140625,365.59002685546875,-1,-1,-1,-1
363,26,-80.69546508789062,631.8275756835938,164.55050659179688,338.07122802734375,-1,-1,-1,-1
364,26,97.9510726928711,569.4933471679688,104.27433013916016,223.67681884765625,-1,-1,-1,-1
384,27,834.274169921875,544.6531982421875,22.5609130859375,39.6627197265625,-1,-1,-1,-1
385,27,835.9327392578125,551.2994995117188,26.19415283203125,39.03900146484375,-1,-1,-1,-1
386,27,813.1220703125,531.4110107421875,47.6090087890625,68.5228271484375,-1,-1,-1,-1
388,27,839.5498657226562,531.3148803710938,25.14910888671875,57.59844970703125,-1,-1,-1,-1
389,27,861.8399047851562,555.1730346679688,24.10894775390625,43.55181884765625,-1,-1,-1,-1
388,28,-68.81360626220703,522.0034790039062,140.65235900878906,272.635009765625,-1,-1,-1,-1
389,28,-62.09321975708008,543.6302490234375,127.3457260131836,256.7281494140625,-1,-1,-1,-1
390,28,-29.40008544921875,530.3135986328125,102.77814483642578,303.5633544921875,-1,-1,-1,-1
391,28,-49.26497268676758,536.9074096679688,130.39678955078125,308.591796875,-1,-1,-1,-1
392,28,11.701353073120117,528.3729248046875,145.73536682128906,312.74627685546875,-1,-1,-1,-1
393,28,57.51958465576172,520.1102294921875,163.5501708984375,300.57086181640625,-1,-1,-1,-1
394,28,83.28409576416016,493.7141418457031,180.16400146484375,293.9956359863281,-1,-1,-1,-1
395,28,102.16877746582031,474.2215881347656,179.62644958496094,285.1300964355469,-1,-1,-1,-1
396,28,135.7647705078125,443.57421875,170.42742919921875,281.47705078125,-1,-1,-1,-1
397,28,212.69683837890625,401.3060302734375,151.38232421875,270.29815673828125,-1,-1,-1,-1
398,28,299.3628234863281,387.4918212890625,137.6527099609375,257.1807861328125,-1,-1,-1,-1
399,28,350.120361328125,396.10467529296875,124.27294921875,247.34588623046875,-1,-1,-1,-1
400,28,386.97576904296875,407.566650390625,117.16064453125,241.1357421875,-1,-1,-1,-1
401,28,424.7102355957031,419.50933837890625,116.08676147460938,233.8038330078125,-1,-1,-1,-1
402,28,460.6964416503906,397.1226501464844,103.91574096679688,233.88717651367188,-1,-1,-1,-1
403,28,509.67669677734375,400.822998046875,95.86468505859375,230.88409423828125,-1,-1,-1,-1
404,28,544.0587158203125,398.41485595703125,103.8385009765625,228.67266845703125,-1,-1,-1,-1
405,28,590.1884765625,395.9330749511719,95.00115966796875,228.74813842773438,-1,-1,-1,-1
406,28,651.0936279296875,410.41485595703125,91.63861083984375,217.07574462890625,-1,-1,-1,-1
407,28,758.0623779296875,395.4302062988281,97.99774169921875,231.32070922851562,-1,-1,-1,-1
408,28,867.8784790039062,393.58935546875,103.43414306640625,234.53826904296875,-1,-1,-1,-1
409,28,945.195068359375,397.4214172363281,104.8739013671875,233.91085815429688,-1,-1,-1,-1
410,28,991.0067138671875,411.18359375,98.16259765625,225.0548095703125,-1,-1,-1,-1
411,28,1013.6145629882812,421.6130065917969,98.05767822265625,224.36825561523438,-1,-1,-1,-1
412,28,1033.75390625,431.94500732421875,102.6085205078125,225.282958984375,-1,-1,-1,-1
413,28,1063.8057861328125,439.47015380859375,109.123291015625,230.0352783203125,-1,-1,-1,-1
414,28,1096.205322265625,445.5674133300781,114.83642578125,231.18960571289062,-1,-1,-1,-1
415,28,1137.239501953125,455.47509765625,116.8057861328125,229.29632568359375,-1,-1,-1,-1
416,28,1196.7015380859375,468.01416015625,87.4251708984375,210.0379638671875,-1,-1,-1,-1
417,28,1161.90478515625,485.00347900390625,77.6646728515625,147.391357421875,-1,-1,-1,-1
392,29,50.13626480102539,546.2531127929688,109.0452880859375,222.38568115234375,-1,-1,-1,-1
393,29,88.30528259277344,532.675048828125,125.64892578125,219.32794189453125,-1,-1,-1,-1
394,29,93.6541748046875,500.39813232421875,165.00537109375,246.3463134765625,-1,-1,-1,-1
398,30,299.7980041503906,402.76068115234375,82.74591064453125,201.08978271484375,-1,-1,-1,-1
399,30,340.593505859375,412.2245788574219,85.169189453125,193.43093872070312,-1,-1,-1,-1
400,30,362.09149169921875,424.9422607421875,96.10379028320312,188.350341796875,-1,-1,-1,-1
401,30,392.00531005859375,435.620361328125,101.17080688476562,182.90264892578125,-1,-1,-1,-1
402,30,419.61846923828125,417.0794982910156,96.0101318359375,182.59292602539062,-1,-1,-1,-1
403,30,460.53759765625,423.82135009765625,92.60736083984375,175.9736328125,-1,-1,-1,-1
404,30,489.5434875488281,419.52825927734375,94.72488403320312,174.6080322265625,-1,-1,-1,-1
405,30,531.1722412109375,418.10137939453125,81.15203857421875,167.833984375,-1,-1,-1,-1
406,30,589.047607421875,418.22674560546875,75.2054443359375,173.10308837890625,-1,-1,-1,-1
407,30,693.0736083984375,413.75531005859375,71.5972900390625,171.5289306640625,-1,-1,-1,-1
408,30,787.9893798828125,412.7242431640625,79.1910400390625,171.10723876953125,-1,-1,-1,-1
409,30,847.9063720703125,411.9656677246094,95.14752197265625,174.43722534179688,-1,-1,-1,-1
410,30,875.3556518554688,423.26446533203125,105.62640380859375,173.52734375,-1,-1,-1,-1
411,30,892.1395874023438,433.8907165527344,100.363525390625,174.46090698242188,-1,-1,-1,-1
412,30,905.3138427734375,446.0865478515625,103.01739501953125,173.0457763671875,-1,-1,-1,-1
413,30,926.77734375,456.68304443359375,105.3551025390625,169.72369384765625,-1,-1,-1,-1
414,30,956.173583984375,457.63653564453125,102.8011474609375,177.416259765625,-1,-1,-1,-1
415,30,992.1162109375,472.97900390625,97.4041748046875,169.7396240234375,-1,-1,-1,-1
416,30,1036.0889892578125,481.9708251953125,94.49462890625,172.60638427734375,-1,-1,-1,-1
417,30,1073.2734375,489.1933898925781,91.988037109375,177.44766235351562,-1,-1,-1,-1
418,30,1096.7711181640625,488.2718505859375,91.07763671875,184.63836669921875,-1,-1,-1,-1
419,30,1109.763671875,489.56298828125,85.4461669921875,186.23443603515625,-1,-1,-1,-1
420,30,1111.6861572265625,486.29217529296875,82.460693359375,187.48358154296875,-1,-1,-1,-1
421,30,1093.7259521484375,472.2431945800781,87.8411865234375,188.04330444335938,-1,-1,-1,-1
422,30,1042.283447265625,467.4782409667969,91.8529052734375,183.96939086914062,-1,-1,-1,-1
423,30,938.540283203125,474.37518310546875,95.0228271484375,175.918701171875,-1,-1,-1,-1
424,30,810.961669921875,491.19329833984375,84.404541015625,168.48297119140625,-1,-1,-1,-1
425,30,723.3424682617188,501.70257568359375,78.154052734375,167.296630859375,-1,-1,-1,-1
426,30,675.3663330078125,512.5926513671875,72.79052734375,163.85699462890625,-1,-1,-1,-1
427,30,647.0196533203125,489.2457275390625,71.40057373046875,172.9080810546875,-1,-1,-1,-1
428,30,641.5098266601562,480.6023864746094,71.40045166015625,176.84390258789062,-1,-1,-1,-1
429,30,627.889892578125,486.33697509765625,71.3682861328125,174.0382080078125,-1,-1,-1,-1
430,30,603.1061401367188,493.7072448730469,76.1881103515625,170.97848510742188,-1,-1,-1,-1
431,30,586.877197265625,487.4808654785156,77.3929443359375,182.45425415039062,-1,-1,-1,-1
432,30,572.88916015625,488.14825439453125,77.9752197265625,188.95404052734375,-1,-1,-1,-1
433,30,557.3541870117188,489.6036682128906,78.39532470703125,192.07650756835938,-1,-1,-1,-1
434,30,535.9381713867188,498.63409423828125,85.79827880859375,192.004638671875,-1,-1,-1,-1
435,30,515.6397094726562,516.3646850585938,84.28033447265625,196.23175048828125,-1,-1,-1,-1
436,30,488.4761962890625,535.7123413085938,82.3680419921875,199.84857177734375,-1,-1,-1,-1
437,30,459.8559265136719,560.9285278320312,83.65383911132812,202.58734130859375,-1,-1,-1,-1
438,30,438.59149169921875,570.6967163085938,86.49090576171875,204.72894287109375,-1,-1,-1,-1
439,30,410.254638671875,568.7881469726562,89.5145263671875,210.034912109375,-1,-1,-1,-1
440,30,357.5390625,567.6578369140625,97.32730102539062,214.1923828125,-1,-1,-1,-1
441,30,269.23919677734375,545.126708984375,104.5911865234375,231.69610595703125,-1,-1,-1,-1
416,31,1098.95458984375,474.6731872558594,37.3614501953125,91.65133666992188,-1,-1,-1,-1
417,31,1131.7786865234375,484.35784912109375,40.5406494140625,112.71588134765625,-1,-1,-1,-1
418,31,1149.0899658203125,486.16015625,46.629150390625,115.51568603515625,-1,-1,-1,-1
419,31,1137.93896484375,493.42132568359375,60.3543701171875,121.02630615234375,-1,-1,-1,-1
420,31,1156.8355712890625,482.7208557128906,47.700927734375,121.72604370117188,-1,-1,-1,-1
421,31,1141.0242919921875,470.9804382324219,50.3631591796875,125.42324829101562,-1,-1,-1,-1
422,31,1094.8841552734375,465.5565185546875,48.9735107421875,122.67706298828125,-1,-1,-1,-1
423,31,992.539306640625,470.4372863769531,46.8372802734375,114.54727172851562,-1,-1,-1,-1
424,31,855.1245727539062,487.4190979003906,44.46356201171875,111.78787231445312,-1,-1,-1,-1
425,31,761.6350708007812,501.5945739746094,42.4814453125,111.77175903320312,-1,-1,-1,-1
426,31,698.8057250976562,511.65155029296875,49.678466796875,119.08367919921875,-1,-1,-1,-1
427,31,673.47900390625,488.9067687988281,37.314208984375,106.86727905273438,-1,-1,-1,-1
428,31,669.8396606445312,481.294921875,39.07781982421875,108.107421875,-1,-1,-1,-1
429,31,659.2932739257812,482.5859375,35.3472900390625,103.10675048828125,-1,-1,-1,-1
430,31,638.4037475585938,483.233154296875,29.407470703125,83.6378173828125,-1,-1,-1,-1
431,31,608.303466796875,486.3570861816406,50.46746826171875,108.61038208007812,-1,-1,-1,-1
432,31,576.8534545898438,468.99371337890625,56.5322265625,139.13311767578125,-1,-1,-1,-1
433,31,557.1991577148438,499.5536193847656,60.07269287109375,134.37600708007812,-1,-1,-1,-1
434,31,538.7867431640625,508.78485107421875,72.4542236328125,165.9031982421875,-1,-1,-1,-1
422,32,1262.85498046875,461.89105224609375,77.9007568359375,214.28668212890625,-1,-1,-1,-1
423,32,1157.9796142578125,463.9093933105469,91.240478515625,236.08438110351562,-1,-1,-1,-1
424,32,999.2925415039062,477.78076171875,108.68524169921875,235.15716552734375,-1,-1,-1,-1
425,32,924.2762451171875,482.7463684082031,78.84747314453125,211.03713989257812,-1,-1,-1,-1
426,32,880.5416870117188,482.72235107421875,64.531982421875,170.46380615234375,-1,-1,-1,-1
427,32,834.5625,479.4931945800781,85.97979736328125,158.29733276367188,-1,-1,-1,-1
428,32,837.2195434570312,458.3104553222656,101.78521728515625,213.43692016601562,-1,-1,-1,-1
429,32,843.2850952148438,463.0145263671875,90.7625732421875,211.0386962890625,-1,-1,-1,-1
430,32,826.715087890625,468.03875732421875,81.40277099609375,206.31793212890625,-1,-1,-1,-1
431,32,812.6531982421875,474.802490234375,85.36053466796875,208.839599609375,-1,-1,-1,-1
432,32,802.2677612304688,473.1072692871094,89.33099365234375,212.56814575195312,-1,-1,-1,-1
433,32,790.9129638671875,473.01776123046875,91.890869140625,221.9949951171875,-1,-1,-1,-1
434,32,782.1182250976562,486.0216064453125,87.84136962890625,210.35894775390625,-1,-1,-1,-1
435,32,771.7398681640625,517.32177734375,70.107666015625,157.5289306640625,-1,-1,-1,-1
436,32,729.5982055664062,519.2061157226562,92.5074462890625,197.87884521484375,-1,-1,-1,-1
437,32,693.2666015625,556.69970703125,104.74566650390625,180.69342041015625,-1,-1,-1,-1
438,32,681.960205078125,584.3209228515625,94.79925537109375,162.32440185546875,-1,-1,-1,-1
439,32,669.4854736328125,585.9483032226562,78.68048095703125,158.95318603515625,-1,-1,-1,-1
440,32,627.4071655273438,536.7459716796875,81.04833984375,200.384033203125,-1,-1,-1,-1
441,32,557.5111694335938,506.03924560546875,76.82464599609375,202.4815673828125,-1,-1,-1,-1
423,33,1096.0665283203125,464.8856201171875,56.56640625,126.51971435546875,-1,-1,-1,-1
424,33,957.3829345703125,480.14947509765625,41.44244384765625,107.4169921875,-1,-1,-1,-1
425,33,851.23828125,491.9944152832031,43.2916259765625,104.97860717773438,-1,-1,-1,-1
426,33,786.6580810546875,498.8472595214844,51.52606201171875,112.06112670898438,-1,-1,-1,-1
427,33,777.611572265625,541.8768920898438,25.30938720703125,49.6304931640625,-1,-1,-1,-1
428,33,773.0016479492188,528.066162109375,33.9610595703125,54.131591796875,-1,-1,-1,-1
429,33,762.7677001953125,538.7587890625,22.6513671875,41.89178466796875,-1,-1,-1,-1
430,33,767.276123046875,554.099609375,20.74383544921875,38.72711181640625,-1,-1,-1,-1
431,33,753.125,555.5897827148438,21.42645263671875,37.76055908203125,-1,-1,-1,-1
432,33,722.3065185546875,547.9605102539062,32.4383544921875,40.26025390625,-1,-1,-1,-1
433,33,710.0972290039062,555.9696655273438,33.74554443359375,36.15277099609375,-1,-1,-1,-1
434,33,690.0065307617188,563.19580078125,30.5919189453125,35.3438720703125,-1,-1,-1,-1
435,33,655.010009765625,581.604736328125,31.37445068359375,39.19451904296875,-1,-1,-1,-1
436,33,621.8055419921875,600.4400024414062,23.31402587890625,38.64385986328125,-1,-1,-1,-1
437,33,592.6234130859375,627.3176879882812,21.35955810546875,36.921875,-1,-1,-1,-1
438,33,566.29638671875,641.7118530273438,27.41510009765625,36.9034423828125,-1,-1,-1,-1
439,33,536.1060180664062,645.2650146484375,21.791015625,36.052734375,-1,-1,-1,-1
440,33,482.91650390625,641.4977416992188,23.129852294921875,37.92724609375,-1,-1,-1,-1
441,33,399.2711181640625,611.3672485351562,39.381256103515625,46.60272216796875,-1,-1,-1,-1
