1,1,683.1021728515625,528.6137084960938,124.7283935546875,274.00372314453125,-1,-1,-1,-1
2,1,692.322509765625,506.3214111328125,115.75738525390625,271.431884765625,-1,-1,-1,-1
3,1,697.5476684570312,495.3091735839844,110.54010009765625,268.3763732910156,-1,-1,-1,-1
4,1,722.028564453125,498.7120666503906,88.77288818359375,266.1321105957031,-1,-1,-1,-1
5,1,735.8740234375,498.374267578125,87.1280517578125,266.13287353515625,-1,-1,-1,-1
6,1,754.24755859375,489.96435546875,87.9951171875,265.20672607421875,-1,-1,-1,-1
7,1,778.2631225585938,474.5340881347656,86.23895263671875,264.9601135253906,-1,-1,-1,-1
8,1,796.687744140625,457.5038146972656,92.9306640625,265.6784973144531,-1,-1,-1,-1
9,1,818.2554931640625,450.6466064453125,96.990966796875,264.85797119140625,-1,-1,-1,-1
10,1,827.0789184570312,454.21112060546875,105.5528564453125,262.23138427734375,-1,-1,-1,-1
11,1,833.6270141601562,460.2698974609375,109.29705810546875,258.58349609375,-1,-1,-1,-1
12,1,846.5606079101562,474.1861572265625,116.97802734375,258.76885986328125,-1,-1,-1,-1
13,1,884.1781616210938,489.9766845703125,126.984375,262.385986328125,-1,-1,-1,-1
14,1,940.7305297851562,497.32855224609375,135.93072509765625,267.29241943359375,-1,-1,-1,-1
15,1,1006.8244018554688,490.7701416015625,153.27032470703125,278.074951171875,-1,-1,-1,-1
16,1,1073.23876953125,486.19134521484375,170.8133544921875,288.77532958984375,-1,-1,-1,-1
17,1,1134.39794921875,485.4203186035156,182.3531494140625,301.2758483886719,-1,-1,-1,-1
18,1,1183.5560302734375,488.8563537597656,187.132080078125,310.1182556152344,-1,-1,-1,-1
19,1,1215.665283203125,486.0101013183594,182.117431640625,317.0171813964844,-1,-1,-1,-1
20,1,1231.350341796875,480.332763671875,178.0614013671875,326.882568359375,-1,-1,-1,-1
21,1,1205.885009765625,462.2251892089844,190.190185546875,329.1999816894531,-1,-1,-1,-1
22,1,1087.615234375,436.4653625488281,201.6148681640625,314.4123840332031,-1,-1,-1,-1
23,1,912.90625,440.10675048828125,174.1019287109375,284.3597412109375,-1,-1,-1,-1
24,1,745.3079833984375,463.5721435546875,129.4031982421875,265.771240234375,-1,-1,-1,-1
25,1,618.0128173828125,480.7060241699219,114.43402099609375,267.0506896972656,-1,-1,-1,-1
26,1,546.6263427734375,489.5419616699219,123.5562744140625,271.0058898925781,-1,-1,-1,-1
27,1,525.3506469726562,505.0638122558594,132.11407470703125,271.2192077636719,-1,-1,-1,-1
28,1,522.853759765625,500.0148010253906,139.024169921875,274.9882507324219,-1,-1,-1,-1
29,1,525.8382568359375,501.5845031738281,136.1434326171875,271.6878356933594,-1,-1,-1,-1
30,1,524.5106811523438,496.53021240234375,130.64117431640625,274.78900146484375,-1,-1,-1,-1
31,1,536.5011596679688,498.55908203125,120.35296630859375,278.01904296875,-1,-1,-1,-1
32,1,544.62255859375,502.9676208496094,124.599609375,281.1969299316406,-1,-1,-1,-1
33,1,544.2417602539062,505.3422546386719,132.2628173828125,282.1977233886719,-1,-1,-1,-1
34,1,548.5640869140625,514.4872436523438,136.30047607421875,265.80914306640625,-1,-1,-1,-1
35,1,555.0082397460938,512.5098876953125,140.80584716796875,259.3470458984375,-1,-1,-1,-1
36,1,572.2007446289062,508.0639343261719,141.02374267578125,253.70675659179688,-1,-1,-1,-1
37,1,595.0715942382812,481.2781677246094,140.02325439453125,274.4308166503906,-1,-1,-1,-1
38,1,612.698486328125,483.42578125,132.51190185546875,266.593017578125,-1,-1,-1,-1
39,1,631.6610107421875,457.9906921386719,118.444580078125,285.0476989746094,-1,-1,-1,-1
40,1,642.0902099609375,467.9988098144531,99.71038818359375,269.8860168457031,-1,-1,-1,-1
41,1,651.4414672851562,475.6988525390625,88.763671875,261.83953857421875,-1,-1,-1,-1
42,1,660.1287841796875,440.2542724609375,107.0262451171875,303.07122802734375,-1,-1,-1,-1
43,1,674.3921508789062,424.59149169921875,124.21893310546875,315.8199462890625,-1,-1,-1,-1
44,1,689.5751953125,418.34405517578125,149.97821044921875,319.5096435546875,-1,-1,-1,-1
45,1,728.329345703125,442.8714599609375,157.63232421875,315.85723876953125,-1,-1,-1,-1
46,1,794.6861572265625,472.7233581542969,157.702392578125,312.8062438964844,-1,-1,-1,-1
47,1,875.4447631835938,487.8154296875,144.40618896484375,320.6099853515625,-1,-1,-1,-1
48,1,933.7295532226562,490.4745178222656,130.29046630859375,332.8096008300781,-1,-1,-1,-1
49,1,959.953125,469.0870361328125,122.812744140625,343.16937255859375,-1,-1,-1,-1
50,1,970.2923583984375,449.33843994140625,129.4935302734375,346.9415283203125,-1,-1,-1,-1
51,1,947.1425170898438,467.2294921875,162.58184814453125,346.092529296875,-1,-1,-1,-1
52,1,946.621337890625,497.8365478515625,172.775634765625,342.994384765625,-1,-1,-1,-1
53,1,928.5136108398438,515.2125854492188,196.05157470703125,344.15289306640625,-1,-1,-1,-1
54,1,901.28173828125,514.5542602539062,217.1658935546875,344.70147705078125,-1,-1,-1,-1
55,1,881.6040649414062,490.1668701171875,230.59710693359375,353.49407958984375,-1,-1,-1,-1
56,1,841.8536987304688,497.0849914550781,216.75128173828125,350.1702575683594,-1,-1,-1,-1
57,1,810.711669921875,508.3691711425781,189.63348388671875,349.0246887207031,-1,-1,-1,-1
58,1,805.0956420898438,504.5058288574219,170.21832275390625,349.5128479003906,-1,-1,-1,-1
59,1,795.12158203125,487.8631286621094,157.1484375,349.8816833496094,-1,-1,-1,-1
60,1,790.2308349609375,463.08258056640625,147.57177734375,346.63055419921875,-1,-1,-1,-1
61,1,780.7412109375,460.39801025390625,139.97100830078125,342.355712890625,-1,-1,-1,-1
62,1,777.1091918945312,469.32525634765625,138.36004638671875,333.19012451171875,-1,-1,-1,-1
63,1,776.552978515625,477.1330261230469,150.4600830078125,338.8240661621094,-1,-1,-1,-1
64,1,774.2079467773438,468.4401550292969,163.02813720703125,344.6424865722656,-1,-1,-1,-1
65,1,762.8231811523438,469.2939453125,170.18438720703125,347.55908203125,-1,-1,-1,-1
66,1,742.9940185546875,499.1860656738281,170.670166015625,347.1294860839844,-1,-1,-1,-1
67,1,717.3147583007812,489.1165771484375,171.2144775390625,355.0625,-1,-1,-1,-1
68,1,694.3607177734375,472.9735412597656,177.8446044921875,351.3937072753906,-1,-1,-1,-1
69,1,679.3860473632812,455.0592956542969,172.81939697265625,345.2420959472656,-1,-1,-1,-1
70,1,669.5908203125,450.612060546875,162.56787109375,344.9544677734375,-1,-1,-1,-1
71,1,674.2457885742188,473.9167785644531,151.231689453125,342.4386291503906,-1,-1,-1,-1
72,1,660.2158813476562,491.48748779296875,160.3580322265625,347.29498291015625,-1,-1,-1,-1
73,1,652.6363525390625,503.2737731933594,173.0238037109375,350.0810852050781,-1,-1,-1,-1
74,1,665.3779907226562,509.927490234375,176.134521484375,352.1846923828125,-1,-1,-1,-1
75,1,682.9046020507812,533.564208984375,160.38970947265625,350.761474609375,-1,-1,-1,-1
76,1,706.1083984375,543.4078369140625,137.6097412109375,348.7200927734375,-1,-1,-1,-1
77,1,729.549560546875,539.418212890625,137.88421630859375,349.59039306640625,-1,-1,-1,-1
78,1,732.6834716796875,531.2411499023438,152.41229248046875,352.854736328125,-1,-1,-1,-1
79,1,719.5310668945312,514.9783325195312,171.33837890625,357.478759765625,-1,-1,-1,-1
80,1,704.0098876953125,504.3539733886719,175.7342529296875,358.8518371582031,-1,-1,-1,-1
81,1,695.895263671875,508.5634765625,169.80419921875,357.17376708984375,-1,-1,-1,-1
82,1,703.6569213867188,518.5595703125,149.70233154296875,337.0113525390625,-1,-1,-1,-1
83,1,717.8291015625,517.87939453125,112.9617919921875,314.4168701171875,-1,-1,-1,-1
84,1,725.2966918945312,519.17138671875,107.14239501953125,317.83837890625,-1,-1,-1,-1
85,1,702.4533081054688,533.3587036132812,116.52789306640625,322.916259765625,-1,-1,-1,-1
86,1,685.1312866210938,524.8284301757812,138.970947265625,322.00909423828125,-1,-1,-1,-1
87,1,682.67822265625,513.7765502929688,147.71728515625,317.22259521484375,-1,-1,-1,-1
88,1,683.4457397460938,512.5083923339844,142.03900146484375,303.5212097167969,-1,-1,-1,-1
89,1,690.7943115234375,523.202880859375,125.67498779296875,290.88055419921875,-1,-1,-1,-1
90,1,703.0941162109375,522.3466186523438,107.737060546875,290.40380859375,-1,-1,-1,-1
91,1,718.284912109375,524.3790893554688,96.51416015625,292.57733154296875,-1,-1,-1,-1
92,1,724.0861206054688,520.076904296875,100.56494140625,299.23455810546875,-1,-1,-1,-1
93,1,725.1746826171875,515.9171752929688,126.70672607421875,304.87628173828125,-1,-1,-1,-1
94,1,733.5235595703125,533.8561401367188,141.10614013671875,306.523193359375,-1,-1,-1,-1
95,1,746.981201171875,529.594970703125,134.06951904296875,296.73321533203125,-1,-1,-1,-1
96,1,755.5674438476562,527.9844970703125,122.53424072265625,284.429443359375,-1,-1,-1,-1
97,1,773.5208129882812,519.4322509765625,123.1378173828125,287.2117919921875,-1,-1,-1,-1
98,1,777.6781005859375,509.4844970703125,142.1151123046875,288.06866455078125,-1,-1,-1,-1
99,1,777.0863037109375,507.18865966796875,164.35272216796875,290.2855224609375,-1,-1,-1,-1
100,1,768.739501953125,526.1677856445312,165.73345947265625,283.3814697265625,-1,-1,-1,-1
101,1,760.12353515625,531.092529296875,163.586669921875,289.87689208984375,-1,-1,-1,-1
102,1,756.123046875,546.1151123046875,163.78948974609375,284.0426025390625,-1,-1,-1,-1
103,1,769.7322387695312,569.5650634765625,159.62200927734375,271.8485107421875,-1,-1,-1,-1
104,1,780.7210693359375,572.8374633789062,143.5013427734375,284.39483642578125,-1,-1,-1,-1
105,1,790.2222900390625,549.644287109375,115.81805419921875,288.2791748046875,-1,-1,-1,-1
106,1,786.124755859375,534.2249755859375,130.177001953125,286.60223388671875,-1,-1,-1,-1
107,1,782.7611083984375,511.4083251953125,147.25518798828125,300.5426025390625,-1,-1,-1,-1
108,1,785.75732421875,510.58966064453125,143.31268310546875,297.56787109375,-1,-1,-1,-1
109,1,799.0503540039062,542.4422607421875,131.962890625,271.8201904296875,-1,-1,-1,-1
110,1,809.8912353515625,527.3198852539062,138.8302001953125,302.07794189453125,-1,-1,-1,-1
111,1,820.9107055664062,532.2453002929688,139.58074951171875,306.23626708984375,-1,-1,-1,-1
112,1,827.9517822265625,539.703125,152.010009765625,323.7767333984375,-1,-1,-1,-1
113,1,815.1517944335938,539.1691284179688,165.80584716796875,337.59625244140625,-1,-1,-1,-1
114,1,790.0526123046875,503.2977294921875,169.471435546875,345.349853515625,-1,-1,-1,-1
115,1,769.1695556640625,486.8153991699219,176.66314697265625,340.3804626464844,-1,-1,-1,-1
116,1,758.1158447265625,477.78570556640625,188.6427001953125,338.5595703125,-1,-1,-1,-1
117,1,758.076904296875,477.9630126953125,194.54266357421875,340.98431396484375,-1,-1,-1,-1
118,1,776.8743896484375,489.5836486816406,181.9561767578125,344.2855529785156,-1,-1,-1,-1
119,1,811.6094970703125,497.03778076171875,164.846923828125,351.65557861328125,-1,-1,-1,-1
120,1,852.8165283203125,505.542236328125,162.205810546875,364.06060791015625,-1,-1,-1,-1
121,1,879.6006469726562,522.7303466796875,162.17510986328125,374.94024658203125,-1,-1,-1,-1
122,1,903.2119750976562,531.3308715820312,172.47003173828125,384.471435546875,-1,-1,-1,-1
123,1,923.3842163085938,522.4749755859375,177.33758544921875,384.81597900390625,-1,-1,-1,-1
124,1,947.4124755859375,506.917236328125,174.1239013671875,386.63525390625,-1,-1,-1,-1
125,1,959.4034423828125,490.9893493652344,178.2750244140625,385.6400451660156,-1,-1,-1,-1
126,1,961.812744140625,475.96380615234375,188.6705322265625,381.02471923828125,-1,-1,-1,-1
127,1,959.4345703125,470.9408264160156,205.1954345703125,380.6276550292969,-1,-1,-1,-1
128,1,959.384765625,481.5391845703125,230.150146484375,379.85174560546875,-1,-1,-1,-1
129,1,960.5259399414062,483.70758056640625,254.87945556640625,385.0723876953125,-1,-1,-1,-1
130,1,972.8493041992188,482.363037109375,262.28656005859375,394.10626220703125,-1,-1,-1,-1
131,1,987.804443359375,499.8887939453125,267.1243896484375,402.946533203125,-1,-1,-1,-1
132,1,1020.1812133789062,512.0772705078125,245.15545654296875,397.20257568359375,-1,-1,-1,-1
133,1,1036.2493896484375,489.9156494140625,245.910400390625,396.03594970703125,-1,-1,-1,-1
134,1,1052.7236328125,480.1989440917969,245.642822265625,391.5273132324219,-1,-1,-1,-1
135,1,1042.3697509765625,465.6522216796875,263.6241455078125,404.33984375,-1,-1,-1,-1
136,1,1021.2283325195312,454.7722473144531,279.94598388671875,397.2718200683594,-1,-1,-1,-1
137,1,983.0108642578125,440.92950439453125,296.0404052734375,403.57928466796875,-1,-1,-1,-1
138,1,940.544677734375,448.5037536621094,273.3963623046875,387.4435729980469,-1,-1,-1,-1
139,1,865.8012084960938,488.7012634277344,234.96112060546875,358.4748840332031,-1,-1,-1,-1
140,1,792.5183715820312,504.8313293457031,219.5269775390625,348.0250549316406,-1,-1,-1,-1
141,1,762.929443359375,488.687744140625,184.8023681640625,338.9989013671875,-1,-1,-1,-1
142,1,735.0844116210938,471.1826477050781,195.92437744140625,378.9732971191406,-1,-1,-1,-1
143,1,749.99609375,474.0045166015625,202.58013916015625,389.78997802734375,-1,-1,-1,-1
144,1,764.755126953125,441.0120849609375,193.353759765625,400.684814453125,-1,-1,-1,-1
145,1,784.891845703125,391.0606689453125,196.66827392578125,417.601806640625,-1,-1,-1,-1
146,1,774.6613159179688,382.5037536621094,229.703857421875,448.3097229003906,-1,-1,-1,-1
147,1,774.0944213867188,383.8139343261719,230.719482421875,467.2903747558594,-1,-1,-1,-1
148,1,850.2330932617188,394.29510498046875,177.08514404296875,476.02850341796875,-1,-1,-1,-1
149,1,892.9465942382812,361.5548400878906,213.50836181640625,496.1322326660156,-1,-1,-1,-1
150,1,894.81640625,338.170166015625,281.31396484375,530.8273315429688,-1,-1,-1,-1
151,1,926.8360595703125,352.66455078125,306.7672119140625,561.0215454101562,-1,-1,-1,-1
152,1,1010.7056884765625,300.8023681640625,315.098876953125,592.405029296875,-1,-1,-1,-1
153,1,1121.8988037109375,277.9949951171875,285.8377685546875,606.3461303710938,-1,-1,-1,-1
154,1,1191.925537109375,256.44483947753906,232.9462890625,627.7353515625,-1,-1,-1,-1
155,1,1279.085693359375,243.55767822265625,161.822998046875,675.1738891601562,-1,-1,-1,-1
156,1,1245.3446044921875,359.66845703125,316.322021484375,614.2110595703125,-1,-1,-1,-1
1,2,992.6173095703125,516.9592895507812,174.0328369140625,376.61358642578125,-1,-1,-1,-1
2,2,987.245849609375,498.9098205566406,170.02392578125,375.4986267089844,-1,-1,-1,-1
3,2,986.028076171875,489.2221374511719,165.94775390625,377.3279113769531,-1,-1,-1,-1
4,2,989.375732421875,490.2687072753906,160.041259765625,379.6496276855469,-1,-1,-1,-1
5,2,999.1068115234375,491.3795471191406,155.2376708984375,376.1906433105469,-1,-1,-1,-1
6,2,1015.1256103515625,483.0389709472656,152.538330078125,372.2385559082031,-1,-1,-1,-1
7,2,1030.3438720703125,471.6159362792969,158.99853515625,370.1362609863281,-1,-1,-1,-1
8,2,1047.0738525390625,461.7391662597656,165.5257568359375,365.1070861816406,-1,-1,-1,-1
9,2,1063.394287109375,457.06549072265625,170.65576171875,356.79412841796875,-1,-1,-1,-1
10,2,1074.5166015625,458.8489074707031,173.6336669921875,351.0874938964844,-1,-1,-1,-1
11,2,1078.8463134765625,462.18035888671875,171.7415771484375,348.59002685546875,-1,-1,-1,-1
12,2,1093.170166015625,477.8963928222656,171.7998046875,347.0884704589844,-1,-1,-1,-1
13,2,1137.1632080078125,500.0992431640625,171.2008056640625,352.6748046875,-1,-1,-1,-1
14,2,1200.307373046875,515.6983032226562,175.522216796875,358.98138427734375,-1,-1,-1,-1
4,3,-105.13471221923828,486.63818359375,214.4420623779297,395.0172119140625,-1,-1,-1,-1
5,3,-82.43885803222656,510.6024169921875,213.73565673828125,369.3753662109375,-1,-1,-1,-1
6,3,-86.0460433959961,449.35894775390625,238.04254150390625,418.82440185546875,-1,-1,-1,-1
7,3,-60.86920928955078,452.96502685546875,231.7137451171875,391.18414306640625,-1,-1,-1,-1
8,3,-35.24802780151367,438.5629577636719,227.8098907470703,377.8600158691406,-1,-1,-1,-1
9,3,-6.245720863342285,416.2997741699219,216.70681762695312,379.5233459472656,-1,-1,-1,-1
10,3,3.2327804565429688,415.078857421875,217.817626953125,373.7493896484375,-1,-1,-1,-1
11,3,3.158623695373535,413.9734191894531,217.4051513671875,375.8490295410156,-1,-1,-1,-1
12,3,15.172207832336426,434.5072021484375,216.02561950683594,357.6256103515625,-1,-1,-1,-1
13,3,52.33382034301758,409.5011291503906,215.21351623535156,379.6331481933594,-1,-1,-1,-1
14,3,120.94520568847656,405.4909362792969,202.28294372558594,373.6042785644531,-1,-1,-1,-1
15,3,191.16529846191406,411.35064697265625,195.7560272216797,356.51226806640625,-1,-1,-1,-1
16,3,264.00390625,428.4747314453125,186.31021118164062,335.32763671875,-1,-1,-1,-1
17,3,334.0871276855469,410.0312805175781,170.0665283203125,352.5142517089844,-1,-1,-1,-1
18,3,382.01141357421875,416.5574035644531,163.37762451171875,350.7055358886719,-1,-1,-1,-1
19,3,412.3869323730469,421.8836975097656,159.08303833007812,348.9648132324219,-1,-1,-1,-1
20,3,430.5082702636719,427.95562744140625,154.43008422851562,351.6046142578125,-1,-1,-1,-1
21,3,404.9425048828125,417.6343688964844,161.83734130859375,359.3285217285156,-1,-1,-1,-1
22,3,284.9700927734375,395.0099182128906,178.82803344726562,374.4701843261719,-1,-1,-1,-1
23,3,385.88677978515625,459.8109130859375,206.669677734375,274.2017822265625,-1,-1,-1,-1
24,3,630.605224609375,488.4481201171875,148.50885009765625,169.94390869140625,-1,-1,-1,-1
25,3,566.4360961914062,519.6990966796875,57.50653076171875,154.166259765625,-1,-1,-1,-1
26,3,496.90960693359375,529.7182006835938,60.34259033203125,152.3779296875,-1,-1,-1,-1
27,3,482.5032958984375,543.0866088867188,73.26416015625,164.7259521484375,-1,-1,-1,-1
28,3,487.71722412109375,536.5272216796875,90.9859619140625,185.1558837890625,-1,-1,-1,-1
29,3,503.70379638671875,536.5357055664062,75.35595703125,169.5718994140625,-1,-1,-1,-1
30,3,519.74267578125,535.9979248046875,67.8802490234375,165.49359130859375,-1,-1,-1,-1
31,3,534.1068115234375,540.9049682617188,79.41632080078125,175.7296142578125,-1,-1,-1,-1
32,3,541.5092163085938,557.8839111328125,91.7996826171875,183.31549072265625,-1,-1,-1,-1
33,3,548.031494140625,519.0353393554688,117.6612548828125,258.7279052734375,-1,-1,-1,-1
15,4,1277.1114501953125,516.091064453125,157.2532958984375,374.52008056640625,-1,-1,-1,-1
16,5,1319.9111328125,487.52728271484375,179.151123046875,423.02545166015625,-1,-1,-1,-1
23,6,68.80779266357422,401.40313720703125,218.56402587890625,410.53302001953125,-1,-1,-1,-1
24,6,121.16656494140625,453.74609375,338.730712890625,379.062255859375,-1,-1,-1,-1
23,7,1215.5321044921875,468.91876220703125,180.9764404296875,342.47259521484375,-1,-1,-1,-1
24,7,1009.8297729492188,467.783447265625,152.33660888671875,310.97705078125,-1,-1,-1,-1
25,7,862.9512939453125,479.2033386230469,132.31768798828125,293.5351257324219,-1,-1,-1,-1
26,7,793.5245361328125,487.2945861816406,125.33154296875,287.4433898925781,-1,-1,-1,-1
27,7,778.3942260742188,501.9161376953125,121.55859375,285.53851318359375,-1,-1,-1,-1
28,7,781.9197998046875,501.0279846191406,122.1558837890625,285.0968933105469,-1,-1,-1,-1
29,7,794.054931640625,499.9816589355469,120.33697509765625,284.2728576660156,-1,-1,-1,-1
30,7,808.7744750976562,496.14935302734375,117.58984375,287.29425048828125,-1,-1,-1,-1
31,7,827.2147216796875,500.42938232421875,119.216552734375,289.53216552734375,-1,-1,-1,-1
32,7,847.6027221679688,503.0404968261719,116.04095458984375,291.9880065917969,-1,-1,-1,-1
33,7,857.7620239257812,504.6554870605469,113.44720458984375,296.3475036621094,-1,-1,-1,-1
34,7,868.8619384765625,501.80194091796875,115.4378662109375,296.96759033203125,-1,-1,-1,-1
35,7,885.1944580078125,494.4639892578125,117.038818359375,302.4444580078125,-1,-1,-1,-1
36,7,908.7944946289062,490.2972106933594,122.00238037109375,308.3148498535156,-1,-1,-1,-1
37,7,938.1947021484375,489.0486755371094,128.04931640625,312.8666076660156,-1,-1,-1,-1
38,7,966.6524658203125,487.26544189453125,134.109375,318.49688720703125,-1,-1,-1,-1
39,7,988.06787109375,483.92327880859375,139.675048828125,323.638671875,-1,-1,-1,-1
40,7,1008.6036987304688,479.7076416015625,143.55230712890625,331.0548095703125,-1,-1,-1,-1
41,7,1031.483154296875,478.5582275390625,148.47705078125,338.6475830078125,-1,-1,-1,-1
42,7,1067.4144287109375,482.0480041503906,152.205078125,348.8701477050781,-1,-1,-1,-1
43,7,1114.142578125,479.7135009765625,162.9930419921875,361.755859375,-1,-1,-1,-1
44,7,1164.7901611328125,474.68304443359375,169.108154296875,374.1448974609375,-1,-1,-1,-1
45,7,1228.921875,489.642822265625,169.5552978515625,388.60723876953125,-1,-1,-1,-1
46,7,1323.665283203125,499.7942199707031,122.3931884765625,407.8831481933594,-1,-1,-1,-1
47,7,1301.520263671875,514.2453002929688,162.6807861328125,385.38531494140625,-1,-1,-1,-1
38,8,-115.9040298461914,490.6361083984375,234.83621215820312,424.5003662109375,-1,-1,-1,-1
39,8,-98.80230712890625,382.2002868652344,260.68170166015625,560.73095703125,-1,-1,-1,-1
40,8,-52.82961654663086,394.0538635253906,234.07997131347656,543.5020751953125,-1,-1,-1,-1
41,8,-54.88665008544922,374.81842041015625,264.4790344238281,557.2411499023438,-1,-1,-1,-1
42,8,-26.69873046875,373.15826416015625,271.1181945800781,544.3845825195312,-1,-1,-1,-1
43,8,8.765227317810059,354.37847900390625,279.95953369140625,543.0477905273438,-1,-1,-1,-1
44,8,61.878421783447266,345.6040344238281,273.73162841796875,534.934814453125,-1,-1,-1,-1
45,8,146.33828735351562,372.4222106933594,262.17327880859375,513.5767822265625,-1,-1,-1,-1
46,8,251.4274139404297,416.3721923828125,237.6865692138672,483.397216796875,-1,-1,-1,-1
47,8,357.97900390625,449.7755126953125,215.30596923828125,448.98272705078125,-1,-1,-1,-1
48,8,434.5326232910156,459.5225524902344,196.70584106445312,427.6474914550781,-1,-1,-1,-1
49,8,464.1148681640625,454.7431945800781,187.0338134765625,416.6175842285156,-1,-1,-1,-1
50,8,480.7210693359375,437.785888671875,180.43096923828125,408.3092041015625,-1,-1,-1,-1
51,8,492.2129211425781,457.49249267578125,174.11386108398438,406.780029296875,-1,-1,-1,-1
52,8,501.7233581542969,487.5934753417969,170.55880737304688,406.2900085449219,-1,-1,-1,-1
53,8,510.000244140625,506.392822265625,169.5428466796875,408.43975830078125,-1,-1,-1,-1
54,8,508.3714599609375,504.05682373046875,176.16839599609375,416.263916015625,-1,-1,-1,-1
55,8,491.74090576171875,473.7604064941406,196.19537353515625,427.3888854980469,-1,-1,-1,-1
56,8,447.0355529785156,476.1153564453125,214.89450073242188,442.2852783203125,-1,-1,-1,-1
57,8,407.9566650390625,496.415771484375,218.156494140625,453.00927734375,-1,-1,-1,-1
58,8,397.2822265625,501.572021484375,216.55377197265625,464.23382568359375,-1,-1,-1,-1
59,8,399.2724609375,490.212890625,205.08319091796875,477.76397705078125,-1,-1,-1,-1
60,8,402.0871887207031,471.646484375,192.79721069335938,473.325927734375,-1,-1,-1,-1
61,8,396.13702392578125,468.8315734863281,182.66131591796875,469.5190124511719,-1,-1,-1,-1
62,8,371.3111877441406,468.61212158203125,196.38418579101562,467.71649169921875,-1,-1,-1,-1
63,8,417.48583984375,468.9015808105469,162.13818359375,471.1080627441406,-1,-1,-1,-1
64,8,426.9252624511719,449.9322204589844,176.64450073242188,473.6106872558594,-1,-1,-1,-1
65,8,421.8405456542969,444.29327392578125,207.69967651367188,469.0673828125,-1,-1,-1,-1
66,8,391.3593444824219,467.5242919921875,231.06680297851562,477.2073974609375,-1,-1,-1,-1
67,8,365.7931823730469,464.871826171875,233.40103149414062,490.7037353515625,-1,-1,-1,-1
68,8,349.4317626953125,450.13189697265625,217.6243896484375,495.31298828125,-1,-1,-1,-1
69,8,319.78961181640625,442.5213623046875,211.73138427734375,485.98248291015625,-1,-1,-1,-1
70,8,288.94610595703125,442.95330810546875,205.4930419921875,499.9521484375,-1,-1,-1,-1
71,8,256.43121337890625,469.4785461425781,222.67913818359375,512.3255920410156,-1,-1,-1,-1
72,8,256.5878601074219,486.1508483886719,235.84393310546875,535.259033203125,-1,-1,-1,-1
73,8,278.10723876953125,498.4819030761719,231.23410034179688,551.298828125,-1,-1,-1,-1
74,8,295.0233154296875,496.54962158203125,237.08172607421875,561.5307006835938,-1,-1,-1,-1
75,8,294.0741882324219,509.6097717285156,249.43795776367188,569.772216796875,-1,-1,-1,-1
76,8,288.20843505859375,511.9280090332031,249.30230712890625,571.8778076171875,-1,-1,-1,-1
77,8,301.45733642578125,515.4744262695312,220.96282958984375,564.2100219726562,-1,-1,-1,-1
78,8,319.85076904296875,517.1759033203125,184.88192749023438,534.7161865234375,-1,-1,-1,-1
79,8,323.15673828125,502.7494201660156,180.50656127929688,511.2080993652344,-1,-1,-1,-1
80,8,315.96820068359375,491.93060302734375,189.63137817382812,510.39044189453125,-1,-1,-1,-1
81,8,308.052978515625,498.12200927734375,228.6162109375,517.8914184570312,-1,-1,-1,-1
82,8,304.0799865722656,498.99615478515625,248.15597534179688,521.7424926757812,-1,-1,-1,-1
83,8,292.7914733886719,493.4007263183594,249.64956665039062,522.4317626953125,-1,-1,-1,-1
84,8,278.68353271484375,495.5736389160156,244.034423828125,509.5932312011719,-1,-1,-1,-1
85,8,264.3020935058594,514.0608520507812,223.10806274414062,495.72723388671875,-1,-1,-1,-1
86,8,271.4355773925781,513.5299682617188,194.56027221679688,480.08026123046875,-1,-1,-1,-1
87,8,275.842041015625,505.7175598144531,180.55810546875,483.3450622558594,-1,-1,-1,-1
88,8,272.28607177734375,495.3508605957031,191.4532470703125,493.1375427246094,-1,-1,-1,-1
89,8,274.4542541503906,490.4879150390625,201.75234985351562,500.9283447265625,-1,-1,-1,-1
90,8,268.05517578125,490.3189697265625,224.20169067382812,506.91925048828125,-1,-1,-1,-1
91,8,254.89791870117188,496.8735656738281,244.34762573242188,508.1280822753906,-1,-1,-1,-1
92,8,253.5476531982422,500.13409423828125,240.86598205566406,503.89093017578125,-1,-1,-1,-1
93,8,267.83953857421875,502.9417724609375,225.965576171875,491.549560546875,-1,-1,-1,-1
94,8,288.71380615234375,514.0054321289062,196.9278564453125,479.23443603515625,-1,-1,-1,-1
95,8,309.893798828125,507.86541748046875,170.0994873046875,465.4107666015625,-1,-1,-1,-1
96,8,307.2794494628906,503.7511291503906,173.84530639648438,458.1608581542969,-1,-1,-1,-1
97,8,306.8448486328125,496.0873107910156,193.41506958007812,460.4571228027344,-1,-1,-1,-1
98,8,316.1143798828125,480.4897155761719,217.92462158203125,458.8845520019531,-1,-1,-1,-1
99,8,326.12158203125,476.6744384765625,222.90625,453.35888671875,-1,-1,-1,-1
100,8,324.70404052734375,489.1147155761719,218.4659423828125,448.5299987792969,-1,-1,-1,-1
101,8,315.5906677246094,499.2603759765625,208.79367065429688,439.2215576171875,-1,-1,-1,-1
102,8,319.6783142089844,505.1081237792969,192.03311157226562,432.2328796386719,-1,-1,-1,-1
103,8,331.28643798828125,513.3688354492188,172.82565307617188,415.860595703125,-1,-1,-1,-1
104,8,320.0662841796875,529.0505981445312,161.59228515625,420.1292724609375,-1,-1,-1,-1
105,8,288.15643310546875,525.8973388671875,167.66778564453125,424.512451171875,-1,-1,-1,-1
106,8,273.1729736328125,518.63671875,175.23733520507812,431.7432861328125,-1,-1,-1,-1
107,8,273.7293395996094,509.17840576171875,194.01092529296875,431.73687744140625,-1,-1,-1,-1
108,8,271.0504150390625,497.7669982910156,214.08026123046875,432.4253845214844,-1,-1,-1,-1
109,8,266.37567138671875,500.8106689453125,218.59686279296875,431.6947021484375,-1,-1,-1,-1
110,8,269.2657470703125,512.8838500976562,209.11309814453125,426.6090087890625,-1,-1,-1,-1
111,8,273.328125,517.9418334960938,193.02728271484375,425.9237060546875,-1,-1,-1,-1
112,8,294.09979248046875,530.19189453125,165.74075317382812,414.70831298828125,-1,-1,-1,-1
113,8,282.2208251953125,542.323974609375,159.701416015625,402.973388671875,-1,-1,-1,-1
114,8,249.936279296875,530.7471313476562,173.23330688476562,397.78717041015625,-1,-1,-1,-1
115,8,228.49075317382812,517.1450805664062,191.91390991210938,396.28564453125,-1,-1,-1,-1
116,8,223.4463653564453,513.840087890625,221.7507781982422,392.1802978515625,-1,-1,-1,-1
117,8,231.50149536132812,511.4704284667969,234.83193969726562,392.8159484863281,-1,-1,-1,-1
118,8,253.66522216796875,518.7650146484375,228.91751098632812,387.94219970703125,-1,-1,-1,-1
119,8,273.4990539550781,520.92529296875,215.40869140625,382.3887939453125,-1,-1,-1,-1
120,8,298.45916748046875,526.9981079101562,193.5740966796875,374.235107421875,-1,-1,-1,-1
121,8,315.2623291015625,541.6175537109375,177.12713623046875,366.2593994140625,-1,-1,-1,-1
122,8,332.4635925292969,542.3327026367188,171.96084594726562,365.48712158203125,-1,-1,-1,-1
123,8,345.43975830078125,537.3616333007812,166.4090576171875,367.89556884765625,-1,-1,-1,-1
124,8,355.8675842285156,529.2032470703125,168.72097778320312,367.99407958984375,-1,-1,-1,-1
125,8,366.356689453125,515.2650146484375,176.413818359375,366.5596923828125,-1,-1,-1,-1
126,8,371.14404296875,497.7126770019531,194.79803466796875,366.1076965332031,-1,-1,-1,-1
127,8,367.78778076171875,491.45184326171875,202.734619140625,368.1719970703125,-1,-1,-1,-1
128,8,365.48199462890625,498.2577819824219,198.9415283203125,366.1253967285156,-1,-1,-1,-1
129,8,364.9675598144531,504.14703369140625,199.56454467773438,367.18328857421875,-1,-1,-1,-1
130,8,369.8028259277344,505.8867492675781,195.28268432617188,369.2597351074219,-1,-1,-1,-1
131,8,380.6224365234375,514.54931640625,184.0892333984375,372.96319580078125,-1,-1,-1,-1
132,8,378.99176025390625,516.6793823242188,179.09735107421875,375.939208984375,-1,-1,-1,-1
133,8,357.1262512207031,497.1654052734375,186.93685913085938,380.05047607421875,-1,-1,-1,-1
134,8,338.52581787109375,479.04974365234375,195.8612060546875,383.70538330078125,-1,-1,-1,-1
135,8,322.5160217285156,475.6582336425781,211.84329223632812,386.9790344238281,-1,-1,-1,-1
136,8,289.8670349121094,486.7181091308594,221.05999755859375,391.1620788574219,-1,-1,-1,-1
137,8,234.38186645507812,494.30126953125,228.287109375,398.19097900390625,-1,-1,-1,-1
138,8,154.41087341308594,496.8164367675781,230.48475646972656,413.8358459472656,-1,-1,-1,-1
139,8,20.121135711669922,532.109375,231.78257751464844,395.9110107421875,-1,-1,-1,-1
140,8,215.20370483398438,552.7091674804688,263.2158508300781,373.7529296875,-1,-1,-1,-1
46,9,1328.88037109375,500.784423828125,153.658935546875,403.94287109375,-1,-1,-1,-1
47,9,1292.60302734375,484.12347412109375,210.68603515625,440.11883544921875,-1,-1,-1,-1
65,10,1309.7120361328125,481.37603759765625,199.5498046875,417.9725341796875,-1,-1,-1,-1
66,10,1324.3857421875,490.86419677734375,170.203125,425.74462890625,-1,-1,-1,-1
67,10,1323.13427734375,484.6043395996094,128.61962890625,399.4405212402344,-1,-1,-1,-1
68,10,1281.9356689453125,458.4244079589844,153.036376953125,410.2859191894531,-1,-1,-1,-1
69,10,1229.38134765625,440.44927978515625,162.1260986328125,398.70416259765625,-1,-1,-1,-1
70,10,1181.1151123046875,433.4229431152344,164.9752197265625,388.8592224121094,-1,-1,-1,-1
71,10,1143.526611328125,446.85919189453125,161.3631591796875,378.3446044921875,-1,-1,-1,-1
72,10,1127.34716796875,474.37396240234375,156.2489013671875,373.85015869140625,-1,-1,-1,-1
73,10,1125.1064453125,489.2508544921875,154.5389404296875,376.920166015625,-1,-1,-1,-1
74,10,1133.139892578125,497.84661865234375,156.311279296875,379.9466552734375,-1,-1,-1,-1
75,10,1143.263427734375,517.100341796875,154.81982421875,381.38555908203125,-1,-1,-1,-1
76,10,1143.31201171875,522.3436889648438,153.765869140625,385.4508056640625,-1,-1,-1,-1
77,10,1129.97265625,517.7731323242188,155.6954345703125,386.45440673828125,-1,-1,-1,-1
78,10,1111.845703125,514.3036499023438,158.62548828125,384.19464111328125,-1,-1,-1,-1
79,10,1093.221923828125,503.6038818359375,164.0435791015625,386.47314453125,-1,-1,-1,-1
80,10,1065.427734375,496.3085021972656,179.4635009765625,381.6663513183594,-1,-1,-1,-1
81,10,1042.141845703125,497.84210205078125,198.798828125,377.62579345703125,-1,-1,-1,-1
82,10,1024.2296142578125,499.9015197753906,202.27734375,376.1847229003906,-1,-1,-1,-1
83,10,1008.833740234375,492.812744140625,201.99853515625,378.83349609375,-1,-1,-1,-1
84,10,987.9598999023438,499.7692565917969,204.20001220703125,381.7419128417969,-1,-1,-1,-1
85,10,958.8015747070312,521.881591796875,206.19964599609375,376.255859375,-1,-1,-1,-1
86,10,939.7156372070312,519.9541625976562,211.37469482421875,373.48699951171875,-1,-1,-1,-1
87,10,948.2904052734375,502.828857421875,202.988525390625,370.2911376953125,-1,-1,-1,-1
88,10,963.8900756835938,493.9765319824219,185.59344482421875,369.1877136230469,-1,-1,-1,-1
89,10,979.1424560546875,496.9185485839844,176.2408447265625,372.3819274902344,-1,-1,-1,-1
90,10,980.06005859375,492.1150207519531,183.4774169921875,383.0802307128906,-1,-1,-1,-1
91,10,979.460693359375,490.84893798828125,196.144287109375,407.59429931640625,-1,-1,-1,-1
92,10,984.5513305664062,489.2575988769531,211.32476806640625,427.5189514160156,-1,-1,-1,-1
93,10,988.6571044921875,486.276611328125,230.587890625,444.1107177734375,-1,-1,-1,-1
94,10,992.7064208984375,506.795654296875,247.986328125,452.9256591796875,-1,-1,-1,-1
95,10,1003.5062255859375,491.23162841796875,249.2430419921875,458.853515625,-1,-1,-1,-1
96,10,1015.9212036132812,477.87347412109375,225.24188232421875,461.896728515625,-1,-1,-1,-1
97,10,1024.05615234375,483.3421630859375,205.242431640625,448.3663330078125,-1,-1,-1,-1
98,10,1039.4527587890625,482.5054626464844,190.1102294921875,448.7134094238281,-1,-1,-1,-1
99,10,1052.9161376953125,490.3138122558594,181.9825439453125,448.8544006347656,-1,-1,-1,-1
100,10,1045.7568359375,501.75177001953125,182.3135986328125,450.53607177734375,-1,-1,-1,-1
101,10,1029.8065185546875,509.3316345214844,201.4111328125,453.3914489746094,-1,-1,-1,-1
102,10,1018.6682739257812,512.7353515625,250.84527587890625,462.04156494140625,-1,-1,-1,-1
103,10,1015.884033203125,526.6729125976562,284.135498046875,469.8260498046875,-1,-1,-1,-1
104,10,999.3607177734375,541.097412109375,305.378662109375,473.53271484375,-1,-1,-1,-1
105,10,975.6234741210938,521.0820922851562,307.78863525390625,477.832763671875,-1,-1,-1,-1
106,10,961.5279541015625,505.3358154296875,301.9830322265625,467.7802734375,-1,-1,-1,-1
107,10,965.6251220703125,494.1913757324219,315.3194580078125,468.0718078613281,-1,-1,-1,-1
108,10,1002.5570678710938,491.2800598144531,292.61566162109375,469.5951843261719,-1,-1,-1,-1
109,10,1061.2646484375,497.6829833984375,247.384033203125,474.4349365234375,-1,-1,-1,-1
110,10,1087.42724609375,504.14837646484375,234.2664794921875,485.62469482421875,-1,-1,-1,-1
111,10,1091.6993408203125,502.41265869140625,236.7764892578125,499.62451171875,-1,-1,-1,-1
112,10,1108.2996826171875,515.0691528320312,237.9652099609375,515.4546508789062,-1,-1,-1,-1
113,10,1106.4853515625,520.671630859375,254.961181640625,525.806640625,-1,-1,-1,-1
114,10,1081.2469482421875,500.8840026855469,297.6455078125,521.0728759765625,-1,-1,-1,-1
115,10,1060.1282958984375,496.8984375,284.3482666015625,500.4315185546875,-1,-1,-1,-1
116,10,1047.64453125,500.3223571777344,283.5035400390625,482.0981140136719,-1,-1,-1,-1
117,10,1045.76708984375,516.1427612304688,288.9215087890625,471.86956787109375,-1,-1,-1,-1
118,10,1055.0205078125,532.2579956054688,304.5718994140625,479.26397705078125,-1,-1,-1,-1
119,10,1061.9122314453125,542.1010131835938,331.49169921875,492.00579833984375,-1,-1,-1,-1
120,10,1071.4970703125,543.8719482421875,340.0167236328125,508.7669677734375,-1,-1,-1,-1
121,10,1085.9986572265625,546.6417236328125,329.1029052734375,493.929931640625,-1,-1,-1,-1
122,10,1102.658447265625,544.7927856445312,313.855224609375,487.06109619140625,-1,-1,-1,-1
123,10,1119.5963134765625,527.1976928710938,309.7607421875,500.55303955078125,-1,-1,-1,-1
124,10,1134.8447265625,503.1595764160156,275.9564208984375,513.115966796875,-1,-1,-1,-1
125,10,1142.056640625,481.90130615234375,270.987060546875,520.7909545898438,-1,-1,-1,-1
126,10,1141.13232421875,487.0291442871094,266.789794921875,499.6855163574219,-1,-1,-1,-1
127,10,1136.248779296875,481.17413330078125,271.8680419921875,501.5654296875,-1,-1,-1,-1
128,10,1135.9686279296875,495.4797668457031,272.4488525390625,497.8642883300781,-1,-1,-1,-1
129,10,1140.7181396484375,484.2816162109375,267.334228515625,518.7284545898438,-1,-1,-1,-1
130,10,1147.3330078125,464.1011657714844,316.1416015625,547.174560546875,-1,-1,-1,-1
131,10,1161.4793701171875,471.21527099609375,299.83251953125,571.4602661132812,-1,-1,-1,-1
132,10,1154.6461181640625,479.1773986816406,302.5618896484375,567.876220703125,-1,-1,-1,-1
133,10,1126.7030029296875,473.3345642089844,345.4051513671875,544.0780029296875,-1,-1,-1,-1
134,10,1093.5147705078125,472.79705810546875,346.6595458984375,522.9885864257812,-1,-1,-1,-1
135,10,1078.2388916015625,482.3192443847656,339.1007080078125,502.3089904785156,-1,-1,-1,-1
136,10,1061.4869384765625,471.8099365234375,382.8565673828125,562.09765625,-1,-1,-1,-1
137,10,1008.8515014648438,469.1109313964844,424.74298095703125,553.4658203125,-1,-1,-1,-1
138,10,953.9675903320312,461.3427734375,436.64935302734375,548.2952880859375,-1,-1,-1,-1
139,10,870.864990234375,469.49853515625,403.0828857421875,544.744140625,-1,-1,-1,-1
140,10,802.8692016601562,467.8013000488281,345.66937255859375,537.113037109375,-1,-1,-1,-1
141,10,758.9506225585938,446.0836486816406,319.11590576171875,543.747314453125,-1,-1,-1,-1
142,10,726.15673828125,442.32464599609375,293.25531005859375,556.550537109375,-1,-1,-1,-1
143,10,726.1931762695312,478.5574645996094,317.03399658203125,564.9627685546875,-1,-1,-1,-1
144,10,697.0325927734375,489.3968200683594,346.3154296875,546.1744384765625,-1,-1,-1,-1
145,10,698.4058227539062,463.6598815917969,377.29876708984375,548.4058837890625,-1,-1,-1,-1
146,10,669.8331909179688,447.9729309082031,413.14630126953125,570.18017578125,-1,-1,-1,-1
147,10,606.4471435546875,433.235595703125,434.1011962890625,595.5224609375,-1,-1,-1,-1
148,10,565.1526489257812,403.5446472167969,444.75823974609375,656.868896484375,-1,-1,-1,-1
149,10,512.0101318359375,352.38525390625,513.801513671875,703.3270263671875,-1,-1,-1,-1
150,10,464.86962890625,347.5632019042969,575.278076171875,703.770263671875,-1,-1,-1,-1
151,10,416.2568359375,373.3075256347656,560.4063720703125,706.9796142578125,-1,-1,-1,-1
152,10,410.9718933105469,333.99609375,516.06103515625,718.399169921875,-1,-1,-1,-1
153,10,410.9653015136719,327.60711669921875,508.8839416503906,706.7949829101562,-1,-1,-1,-1
154,10,323.6072692871094,343.41497802734375,618.55615234375,698.0086059570312,-1,-1,-1,-1
155,10,186.5863494873047,368.77960205078125,772.3065795898438,721.4165649414062,-1,-1,-1,-1
156,10,28.940471649169922,390.68548583984375,980.30224609375,734.4014282226562,-1,-1,-1,-1
157,10,-34.61622619628906,404.9785461425781,1075.719482421875,746.9539794921875,-1,-1,-1,-1
158,10,8.411270141601562,380.0640563964844,1048.1826171875,723.8817138671875,-1,-1,-1,-1
159,10,176.909912109375,398.1842346191406,899.32958984375,789.5615234375,-1,-1,-1,-1
160,10,204.74160766601562,438.27386474609375,787.0355224609375,784.0888061523438,-1,-1,-1,-1
161,10,136.96499633789062,494.99896240234375,846.0899658203125,733.5859985351562,-1,-1,-1,-1
162,10,195.30343627929688,528.7294921875,833.672607421875,688.2650146484375,-1,-1,-1,-1
163,10,283.2760009765625,613.4358520507812,749.898681640625,582.5293579101562,-1,-1,-1,-1
164,10,219.53268432617188,659.2955932617188,733.781982421875,559.8692016601562,-1,-1,-1,-1
165,10,85.85752868652344,723.9852294921875,725.56396484375,556.9000244140625,-1,-1,-1,-1
166,10,19.03724479675293,695.2081298828125,655.7012939453125,709.1407470703125,-1,-1,-1,-1
167,10,11.975788116455078,625.0487670898438,761.3356323242188,787.8259887695312,-1,-1,-1,-1
168,10,14.945331573486328,642.6844482421875,557.8623657226562,697.3477783203125,-1,-1,-1,-1
169,10,22.768308639526367,614.6113891601562,535.5887451171875,585.4293823242188,-1,-1,-1,-1
170,10,91.09405517578125,588.3817138671875,552.7945556640625,520.2291259765625,-1,-1,-1,-1
171,10,176.94728088378906,567.166015625,553.2736206054688,483.831787109375,-1,-1,-1,-1
172,10,283.2432861328125,559.726318359375,515.552001953125,462.712158203125,-1,-1,-1,-1
173,10,319.3107604980469,504.91802978515625,516.5072021484375,471.23626708984375,-1,-1,-1,-1
174,10,317.1308898925781,428.07733154296875,496.6224670410156,470.595703125,-1,-1,-1,-1
175,10,306.0317077636719,367.3789978027344,461.5265808105469,506.4261169433594,-1,-1,-1,-1
176,10,305.5165710449219,368.6615295410156,476.1142883300781,527.5589599609375,-1,-1,-1,-1
177,10,285.211181640625,440.14959716796875,463.09521484375,502.2281494140625,-1,-1,-1,-1
178,10,197.52316284179688,392.0754699707031,522.9571533203125,524.401123046875,-1,-1,-1,-1
179,10,181.1412353515625,396.65057373046875,562.4124755859375,536.8187866210938,-1,-1,-1,-1
180,10,195.17613220214844,381.2063903808594,592.9039916992188,579.3485107421875,-1,-1,-1,-1
181,10,204.37564086914062,318.47186279296875,678.9091796875,614.9925537109375,-1,-1,-1,-1
182,10,169.86143493652344,316.44598388671875,782.184814453125,649.4133911132812,-1,-1,-1,-1
183,10,177.010986328125,422.0579833984375,796.6986083984375,619.8323974609375,-1,-1,-1,-1
184,10,122.30976104736328,459.31744384765625,842.9144287109375,650.0733032226562,-1,-1,-1,-1
185,10,103.15853881835938,406.60382080078125,788.600341796875,711.1161499023438,-1,-1,-1,-1
186,10,81.3958740234375,361.5892639160156,736.8411865234375,775.1097412109375,-1,-1,-1,-1
187,10,-2.2069625854492188,401.8250427246094,756.4669799804688,855.301025390625,-1,-1,-1,-1
188,10,-22.425060272216797,511.8659973144531,692.8279418945312,900.6082763671875,-1,-1,-1,-1
190,10,3.535764694213867,593.3685302734375,575.6556396484375,827.4715576171875,-1,-1,-1,-1
191,10,57.142005920410156,804.8947143554688,627.5611572265625,614.3378295898438,-1,-1,-1,-1
192,10,140.3031768798828,1022.1943359375,579.3689575195312,386.99609375,-1,-1,-1,-1
193,10,443.02777099609375,1265.063720703125,227.19757080078125,181.103271484375,-1,-1,-1,-1
194,10,476.54296875,1312.7236328125,218.06719970703125,176.7076416015625,-1,-1,-1,-1
198,10,410.723388671875,1242.1907958984375,418.3099365234375,333.968994140625,-1,-1,-1,-1
199,10,479.4550476074219,1080.9014892578125,346.2256774902344,498.2220458984375,-1,-1,-1,-1
200,10,382.8958740234375,1067.8814697265625,466.44940185546875,346.9696044921875,-1,-1,-1,-1
201,10,498.96258544921875,1106.3458251953125,375.088623046875,310.202392578125,-1,-1,-1,-1
202,10,553.6380615234375,1118.289794921875,379.11187744140625,303.8955078125,-1,-1,-1,-1
203,10,537.5540771484375,1144.4217529296875,361.15130615234375,280.2960205078125,-1,-1,-1,-1
204,10,575.5427856445312,1165.880859375,319.02850341796875,246.0760498046875,-1,-1,-1,-1
205,10,628.4379272460938,1179.897216796875,273.2061767578125,232.70556640625,-1,-1,-1,-1
206,10,575.203857421875,1202.380126953125,448.37213134765625,221.11279296875,-1,-1,-1,-1
207,10,626.9345092773438,1232.8028564453125,401.74432373046875,200.8040771484375,-1,-1,-1,-1
208,10,601.7724609375,1283.154541015625,349.56854248046875,147.0081787109375,-1,-1,-1,-1
209,10,553.663818359375,900.4466552734375,449.7825927734375,323.0670166015625,-1,-1,-1,-1
210,10,210.01040649414062,542.5528564453125,1239.996337890625,854.98193359375,-1,-1,-1,-1
139,11,18.577312469482422,525.7692260742188,236.115234375,443.65399169921875,-1,-1,-1,-1
140,12,-110.02249908447266,529.6398315429688,223.33462524414062,492.01483154296875,-1,-1,-1,-1
141,12,-104.78011322021484,555.9912719726562,227.24114990234375,447.114990234375,-1,-1,-1,-1
159,13,-181.72198486328125,632.567138671875,367.120361328125,474.66357421875,-1,-1,-1,-1
160,13,-129.83932495117188,587.5447387695312,347.88580322265625,520.2653198242188,-1,-1,-1,-1
161,13,-203.33250427246094,595.3477783203125,475.2381591796875,691.7896728515625,-1,-1,-1,-1
162,13,-175.0686492919922,651.2222900390625,470.6378173828125,533.1053466796875,-1,-1,-1,-1
163,13,-102.01602172851562,707.108154296875,416.2867126464844,439.7347412109375,-1,-1,-1,-1
164,13,-14.400247573852539,726.5913696289062,316.42535400390625,448.86676025390625,-1,-1,-1,-1
165,13,1.6164169311523438,723.487060546875,388.5328674316406,665.2999267578125,-1,-1,-1,-1
166,13,-16.072378158569336,688.4490356445312,553.1055908203125,718.6902465820312,-1,-1,-1,-1
167,13,-5.221279144287109,622.8991088867188,612.4259643554688,780.1753540039062,-1,-1,-1,-1
173,14,-153.36672973632812,540.1664428710938,456.7405700683594,577.5584106445312,-1,-1,-1,-1
174,14,-219.38967895507812,454.89202880859375,554.3179931640625,647.6672973632812,-1,-1,-1,-1
175,14,-226.49383544921875,428.3470153808594,564.3638916015625,649.3018798828125,-1,-1,-1,-1
176,14,-205.8901824951172,483.8143615722656,530.5011596679688,602.345947265625,-1,-1,-1,-1
177,14,-267.14202880859375,466.5515441894531,540.9166259765625,700.8197021484375,-1,-1,-1,-1
178,14,-357.0643310546875,409.6142272949219,717.1610107421875,999.6173095703125,-1,-1,-1,-1
179,14,-302.0901184082031,464.6468200683594,607.20361328125,775.740478515625,-1,-1,-1,-1
180,14,-283.78033447265625,438.3941650390625,570.5824584960938,800.748779296875,-1,-1,-1,-1
181,14,-274.41204833984375,411.4768981933594,551.848876953125,783.9630126953125,-1,-1,-1,-1
182,14,-334.5910339355469,380.0146179199219,672.2095947265625,789.74560546875,-1,-1,-1,-1
183,14,-314.8037414550781,507.96795654296875,632.9627685546875,674.9874877929688,-1,-1,-1,-1
184,14,-288.7828674316406,618.5244140625,581.5701293945312,554.173583984375,-1,-1,-1,-1
185,14,-258.19451904296875,474.2212219238281,521.7657470703125,668.0849609375,-1,-1,-1,-1
186,14,-234.14859008789062,413.8236083984375,471.32525634765625,720.154052734375,-1,-1,-1,-1
187,14,-209.05711364746094,388.4747619628906,422.4354248046875,895.3785400390625,-1,-1,-1,-1
188,14,-8.732589721679688,512.3042602539062,584.1410522460938,898.5368041992188,-1,-1,-1,-1
189,14,-131.2014617919922,405.8680419921875,420.8453369140625,985.47802734375,-1,-1,-1,-1
190,14,-1.9146366119384766,387.2476806640625,532.1912231445312,1039.2530517578125,-1,-1,-1,-1
191,14,34.00474166870117,683.0176391601562,657.9995727539062,733.6524047851562,-1,-1,-1,-1
192,14,136.52505493164062,956.9261474609375,579.619140625,453.3607177734375,-1,-1,-1,-1
203,15,15.654840469360352,681.21484375,507.49639892578125,728.45458984375,-1,-1,-1,-1
204,15,8.262264251708984,429.49822998046875,731.0233764648438,981.7136840820312,-1,-1,-1,-1
205,15,2.298084259033203,304.4761962890625,788.56787109375,1108.871826171875,-1,-1,-1,-1
206,15,3.5904617309570312,293.6610412597656,927.7484130859375,1134.944580078125,-1,-1,-1,-1
207,15,31.680904388427734,233.1090850830078,1146.6990966796875,1209.4610595703125,-1,-1,-1,-1
208,15,182.16648864746094,248.02880859375,1146.2813720703125,1173.926513671875,-1,-1,-1,-1
209,15,346.21429443359375,265.0447998046875,1090.07080078125,1148.55126953125,-1,-1,-1,-1
210,15,455.8246765136719,541.8355712890625,969.171875,817.4290771484375,-1,-1,-1,-1
211,15,556.642333984375,462.08526611328125,855.20068359375,945.6694946289062,-1,-1,-1,-1
212,15,607.630126953125,465.6250305175781,804.127197265625,950.8828125,-1,-1,-1,-1
213,15,583.0189819335938,421.01177978515625,891.2466430664062,1009.4990844726562,-1,-1,-1,-1
214,15,568.64306640625,360.1520690917969,955.9683837890625,1069.4251708984375,-1,-1,-1,-1
215,15,486.380615234375,372.4013977050781,1058.4879150390625,1060.68994140625,-1,-1,-1,-1
216,15,597.2951049804688,440.1932067871094,830.5469360351562,975.8975830078125,-1,-1,-1,-1
217,15,551.3703002929688,476.9300231933594,896.9663696289062,942.8175048828125,-1,-1,-1,-1
218,15,703.778564453125,452.94915771484375,779.671875,972.3142700195312,-1,-1,-1,-1
219,15,715.112060546875,544.7216796875,709.971923828125,872.2008056640625,-1,-1,-1,-1
220,15,673.3194580078125,466.0238952636719,744.6771240234375,947.4422607421875,-1,-1,-1,-1
221,15,700.7442626953125,448.8921813964844,717.6192626953125,968.22802734375,-1,-1,-1,-1
222,15,658.2254638671875,465.66778564453125,824.488525390625,964.1704711914062,-1,-1,-1,-1
223,15,743.22802734375,658.0315551757812,570.028564453125,756.2562866210938,-1,-1,-1,-1
224,15,940.461181640625,730.7676391601562,461.3616943359375,687.6631469726562,-1,-1,-1,-1
208,16,181.88882446289062,82.50249481201172,189.371826171875,330.3583068847656,-1,-1,-1,-1
209,16,281.04766845703125,90.81299591064453,214.7265625,406.2812194824219,-1,-1,-1,-1
210,16,381.5174560546875,158.81826782226562,194.3641357421875,403.6520690917969,-1,-1,-1,-1
211,16,477.7208557128906,253.40591430664062,156.46463012695312,356.3604431152344,-1,-1,-1,-1
212,16,551.5908813476562,346.5080261230469,127.2567138671875,310.2945861816406,-1,-1,-1,-1
213,16,608.1762084960938,407.2828674316406,108.6107177734375,289.4002990722656,-1,-1,-1,-1
214,16,655.1301879882812,433.4246520996094,96.63336181640625,280.4570007324219,-1,-1,-1,-1
215,16,698.3701782226562,462.2654113769531,93.7047119140625,277.2333679199219,-1,-1,-1,-1
216,16,735.5009155273438,495.906005859375,98.0238037109375,273.521484375,-1,-1,-1,-1
217,16,766.1348876953125,541.0214233398438,92.87017822265625,271.4302978515625,-1,-1,-1,-1
218,16,784.2042236328125,571.2399291992188,87.8232421875,250.99920654296875,-1,-1,-1,-1
220,16,816.0589599609375,658.4489135742188,84.78704833984375,234.59429931640625,-1,-1,-1,-1
221,16,848.2911987304688,673.962890625,97.18804931640625,234.2711181640625,-1,-1,-1,-1
222,16,884.6004028320312,654.2144775390625,108.17144775390625,246.09039306640625,-1,-1,-1,-1
223,16,926.71142578125,672.8916625976562,102.9156494140625,237.0626220703125,-1,-1,-1,-1
224,16,963.5995483398438,678.9003295898438,101.90472412109375,248.5626220703125,-1,-1,-1,-1
225,16,992.8451538085938,681.355224609375,113.39984130859375,255.8616943359375,-1,-1,-1,-1
226,16,1011.3657836914062,677.9458618164062,118.27984619140625,257.20404052734375,-1,-1,-1,-1
227,16,1024.4216918945312,669.074462890625,109.29095458984375,245.0933837890625,-1,-1,-1,-1
228,16,1030.337158203125,654.8206176757812,99.3343505859375,236.72088623046875,-1,-1,-1,-1
229,16,1032.89013671875,636.074951171875,92.6820068359375,229.2796630859375,-1,-1,-1,-1
230,16,1033.4173583984375,627.951904296875,82.6585693359375,229.514892578125,-1,-1,-1,-1
231,16,1050.4979248046875,630.1860961914062,76.1092529296875,234.845703125,-1,-1,-1,-1
232,16,1073.7791748046875,623.3251953125,75.922119140625,247.58758544921875,-1,-1,-1,-1
233,16,1077.01953125,628.380859375,92.2532958984375,252.33001708984375,-1,-1,-1,-1
234,16,1074.6121826171875,618.8486328125,106.1923828125,256.6375732421875,-1,-1,-1,-1
235,16,1073.42333984375,621.829833984375,112.7791748046875,242.8682861328125,-1,-1,-1,-1
236,16,1080.958984375,628.4693603515625,110.0360107421875,231.968017578125,-1,-1,-1,-1
237,16,1091.6302490234375,634.0858764648438,105.0064697265625,220.90045166015625,-1,-1,-1,-1
238,16,1092.5982666015625,637.0814208984375,106.7509765625,214.08673095703125,-1,-1,-1,-1
239,16,1093.12451171875,648.5927734375,108.7314453125,207.3731689453125,-1,-1,-1,-1
240,16,1083.250244140625,652.4005126953125,129.047607421875,209.88604736328125,-1,-1,-1,-1
241,16,1082.7222900390625,647.4896240234375,147.4552001953125,212.81256103515625,-1,-1,-1,-1
242,16,1091.2135009765625,632.7275390625,161.38427734375,217.84368896484375,-1,-1,-1,-1
243,16,1117.6129150390625,614.6082763671875,165.6632080078125,222.98211669921875,-1,-1,-1,-1
244,16,1146.3575439453125,597.7582397460938,171.539306640625,221.35125732421875,-1,-1,-1,-1
245,16,1178.8447265625,586.8460693359375,166.936279296875,223.48681640625,-1,-1,-1,-1
246,16,1198.89208984375,578.3416748046875,156.9940185546875,223.58135986328125,-1,-1,-1,-1
247,16,1196.56103515625,575.4784545898438,151.7430419921875,221.38751220703125,-1,-1,-1,-1
248,16,1171.2432861328125,564.5125122070312,156.340087890625,231.3814697265625,-1,-1,-1,-1
249,16,1107.076171875,543.4095458984375,167.9776611328125,226.9757080078125,-1,-1,-1,-1
250,16,1038.0126953125,522.7783203125,171.02294921875,228.25579833984375,-1,-1,-1,-1
251,16,981.5053100585938,511.6365966796875,163.91119384765625,225.78564453125,-1,-1,-1,-1
252,16,939.993896484375,504.7578125,155.7432861328125,228.1446533203125,-1,-1,-1,-1
253,16,908.9359130859375,510.24603271484375,148.8529052734375,225.05462646484375,-1,-1,-1,-1
254,16,883.701416015625,513.294921875,139.66534423828125,224.23724365234375,-1,-1,-1,-1
255,16,859.9822998046875,517.2488403320312,130.33209228515625,222.19830322265625,-1,-1,-1,-1
256,16,841.9042358398438,525.8101196289062,120.32537841796875,222.67205810546875,-1,-1,-1,-1
257,16,843.6436157226562,541.5016479492188,117.21502685546875,223.76953125,-1,-1,-1,-1
258,16,855.258056640625,547.9424438476562,122.7322998046875,221.78826904296875,-1,-1,-1,-1
259,16,863.186279296875,537.95263671875,133.36688232421875,220.68475341796875,-1,-1,-1,-1
260,16,866.6987915039062,537.3002319335938,135.49920654296875,221.5108642578125,-1,-1,-1,-1
261,16,875.65087890625,523.807861328125,134.920166015625,226.42242431640625,-1,-1,-1,-1
262,16,886.0992431640625,497.8011474609375,140.338134765625,231.42974853515625,-1,-1,-1,-1
263,16,906.9627075195312,479.0933532714844,143.00140380859375,236.52487182617188,-1,-1,-1,-1
264,16,934.5117797851562,461.1349182128906,143.45111083984375,243.07748413085938,-1,-1,-1,-1
265,16,951.680908203125,439.0618896484375,142.4217529296875,252.2008056640625,-1,-1,-1,-1
266,16,964.2684326171875,418.1567077636719,140.97314453125,258.8914489746094,-1,-1,-1,-1
267,16,975.8493041992188,402.9505920410156,141.52813720703125,262.8099060058594,-1,-1,-1,-1
268,16,984.0484008789062,395.7389221191406,138.44757080078125,267.2528381347656,-1,-1,-1,-1
269,16,990.40185546875,403.8091125488281,136.3023681640625,266.9815368652344,-1,-1,-1,-1
270,16,989.3649291992188,407.11273193359375,137.18927001953125,269.37213134765625,-1,-1,-1,-1
271,16,988.708984375,414.68743896484375,135.0718994140625,269.5264892578125,-1,-1,-1,-1
272,16,984.8282470703125,426.3409423828125,135.182373046875,272.32904052734375,-1,-1,-1,-1
273,16,985.435302734375,454.72833251953125,135.12744140625,274.5728759765625,-1,-1,-1,-1
274,16,989.6567993164062,482.4366149902344,137.04058837890625,281.7370910644531,-1,-1,-1,-1
275,16,1002.095703125,517.2815551757812,137.3984375,275.64886474609375,-1,-1,-1,-1
276,16,1006.3778076171875,533.8125,147.281494140625,274.270751953125,-1,-1,-1,-1
277,16,1011.449462890625,530.512451171875,156.8212890625,276.3656005859375,-1,-1,-1,-1
278,16,1008.0195922851562,517.0311279296875,168.79364013671875,281.98797607421875,-1,-1,-1,-1
279,16,1002.48681640625,503.54345703125,175.5699462890625,282.3173828125,-1,-1,-1,-1
280,16,1007.4111938476562,492.5071105957031,175.61090087890625,285.0351257324219,-1,-1,-1,-1
281,16,1026.7254638671875,490.02679443359375,164.6812744140625,285.57989501953125,-1,-1,-1,-1
282,16,1045.81884765625,493.0306396484375,147.4453125,287.75531005859375,-1,-1,-1,-1
283,16,1060.3680419921875,491.7253112792969,130.0931396484375,292.9357604980469,-1,-1,-1,-1
284,16,1058.224853515625,495.8721008300781,121.7720947265625,287.9970397949219,-1,-1,-1,-1
285,16,1058.7587890625,507.9406433105469,117.5474853515625,289.6758117675781,-1,-1,-1,-1
286,16,1046.399169921875,510.0893859863281,115.1702880859375,292.8053283691406,-1,-1,-1,-1
287,16,1037.5233154296875,517.3341064453125,115.0550537109375,289.40081787109375,-1,-1,-1,-1
288,16,1022.5343017578125,509.4960021972656,117.894775390625,290.2326354980469,-1,-1,-1,-1
289,16,1011.5515747070312,513.8350830078125,119.45355224609375,288.0169677734375,-1,-1,-1,-1
290,16,1005.28955078125,518.5379638671875,120.4664306640625,290.58306884765625,-1,-1,-1,-1
291,16,992.2503051757812,502.80963134765625,127.14129638671875,291.23675537109375,-1,-1,-1,-1
292,16,981.96044921875,475.8776550292969,133.2872314453125,291.9617004394531,-1,-1,-1,-1
293,16,998.4906616210938,454.9399108886719,132.21319580078125,299.4494323730469,-1,-1,-1,-1
294,16,1024.3226928710938,465.6111145019531,126.80963134765625,303.6948547363281,-1,-1,-1,-1
295,16,1042.759033203125,486.27069091796875,129.0921630859375,304.58367919921875,-1,-1,-1,-1
296,16,1056.450927734375,489.19549560546875,133.2408447265625,310.67181396484375,-1,-1,-1,-1
297,16,1068.5625,491.99957275390625,136.16650390625,316.47802734375,-1,-1,-1,-1
298,16,1081.4581298828125,517.7388305664062,138.3544921875,317.61572265625,-1,-1,-1,-1
299,16,1108.7506103515625,535.0753173828125,144.2435302734375,323.6817626953125,-1,-1,-1,-1
300,16,1184.7598876953125,522.4832153320312,161.1500244140625,348.08929443359375,-1,-1,-1,-1
208,17,0.1903705596923828,81.99055480957031,180.135986328125,504.20880126953125,-1,-1,-1,-1
209,17,21.906509399414062,169.25296020507812,265.2158203125,445.7683410644531,-1,-1,-1,-1
210,17,131.76658630371094,223.0498504638672,252.29176330566406,445.6961669921875,-1,-1,-1,-1
211,17,231.65869140625,257.08740234375,243.92767333984375,466.734130859375,-1,-1,-1,-1
212,17,322.1890869140625,335.71563720703125,217.33392333984375,436.40289306640625,-1,-1,-1,-1
213,17,391.25537109375,376.56378173828125,192.61114501953125,424.2264404296875,-1,-1,-1,-1
214,17,442.6089782714844,395.0958557128906,170.84109497070312,408.1059265136719,-1,-1,-1,-1
215,17,488.2508544921875,420.0911865234375,141.30810546875,389.3831787109375,-1,-1,-1,-1
216,17,524.6749877929688,455.09423828125,129.29248046875,376.86749267578125,-1,-1,-1,-1
217,17,562.4712524414062,502.9643859863281,127.83489990234375,361.2436218261719,-1,-1,-1,-1
218,17,577.9525756835938,544.2692260742188,140.982421875,362.47454833984375,-1,-1,-1,-1
219,17,584.476318359375,583.2110595703125,155.3189697265625,359.51727294921875,-1,-1,-1,-1
220,17,594.5831298828125,605.0556640625,158.1031494140625,360.0274658203125,-1,-1,-1,-1
221,17,637.0606689453125,619.894287109375,147.5457763671875,357.39794921875,-1,-1,-1,-1
222,17,687.8740234375,614.5786743164062,136.92657470703125,351.3890380859375,-1,-1,-1,-1
223,17,734.1707763671875,630.0092163085938,127.4674072265625,339.93328857421875,-1,-1,-1,-1
224,17,781.6889038085938,640.9434814453125,119.3829345703125,339.73760986328125,-1,-1,-1,-1
225,17,819.3678588867188,649.3456420898438,113.86431884765625,343.6744384765625,-1,-1,-1,-1
226,17,842.6088256835938,648.75439453125,113.214111328125,348.87725830078125,-1,-1,-1,-1
227,17,852.4227294921875,643.841552734375,109.39593505859375,346.96051025390625,-1,-1,-1,-1
228,17,848.6531982421875,628.0392456054688,104.17315673828125,347.37164306640625,-1,-1,-1,-1
229,17,843.480712890625,604.2203979492188,109.65826416015625,347.830322265625,-1,-1,-1,-1
230,17,843.373779296875,599.70556640625,115.96929931640625,348.78985595703125,-1,-1,-1,-1
231,17,859.66064453125,601.5375366210938,114.4259033203125,351.91339111328125,-1,-1,-1,-1
232,17,878.6888427734375,605.164794921875,115.99444580078125,350.5086669921875,-1,-1,-1,-1
233,17,900.1170654296875,611.4368896484375,115.92596435546875,348.43841552734375,-1,-1,-1,-1
234,17,915.697509765625,604.6861572265625,108.584716796875,345.72943115234375,-1,-1,-1,-1
235,17,925.3717041015625,602.995361328125,105.518798828125,333.38824462890625,-1,-1,-1,-1
236,17,920.3796997070312,594.5822143554688,119.90301513671875,327.8131103515625,-1,-1,-1,-1
237,17,914.5474243164062,590.8711547851562,133.21099853515625,319.277587890625,-1,-1,-1,-1
238,17,904.77685546875,588.9378662109375,143.69384765625,312.4051513671875,-1,-1,-1,-1
239,17,895.8951416015625,594.60400390625,154.54931640625,310.896484375,-1,-1,-1,-1
240,17,895.1570434570312,598.3790283203125,161.22991943359375,308.8702392578125,-1,-1,-1,-1
241,17,903.7691650390625,596.484375,164.1951904296875,306.1885986328125,-1,-1,-1,-1
242,17,919.588134765625,587.0695190429688,167.640625,294.86126708984375,-1,-1,-1,-1
243,17,943.7919311523438,554.2532958984375,169.72589111328125,302.48602294921875,-1,-1,-1,-1
244,17,971.72607421875,533.6004028320312,172.3095703125,297.04815673828125,-1,-1,-1,-1
245,17,999.3338623046875,513.2173461914062,173.9393310546875,306.78564453125,-1,-1,-1,-1
246,17,1013.5125122070312,501.0008239746094,166.03436279296875,318.7375183105469,-1,-1,-1,-1
247,17,997.0712890625,501.42236328125,167.1275634765625,317.57611083984375,-1,-1,-1,-1
248,17,955.006591796875,496.8017272949219,177.54248046875,320.0201110839844,-1,-1,-1,-1
249,17,900.26513671875,486.8412780761719,177.4453125,315.3402404785156,-1,-1,-1,-1
250,17,844.1558227539062,476.3446960449219,165.63812255859375,311.9471740722656,-1,-1,-1,-1
251,17,797.3927001953125,473.5729064941406,147.3614501953125,306.4123229980469,-1,-1,-1,-1
252,17,763.560791015625,478.33740234375,132.24468994140625,301.74139404296875,-1,-1,-1,-1
253,17,736.4083862304688,487.7999267578125,124.8497314453125,295.23114013671875,-1,-1,-1,-1
254,17,709.7711181640625,490.09197998046875,116.76116943359375,295.72418212890625,-1,-1,-1,-1
255,17,685.7021484375,491.8457946777344,102.2056884765625,295.4564514160156,-1,-1,-1,-1
256,17,652.5317993164062,500.2786560058594,105.343505859375,291.8846740722656,-1,-1,-1,-1
257,17,631.0277709960938,508.02777099609375,121.998779296875,294.81195068359375,-1,-1,-1,-1
258,17,636.6154174804688,495.9801940917969,132.047119140625,298.9205627441406,-1,-1,-1,-1
259,17,633.4502563476562,465.11572265625,149.636962890625,301.29437255859375,-1,-1,-1,-1
260,17,619.2493286132812,462.3650817871094,161.50494384765625,302.0887756347656,-1,-1,-1,-1
261,17,621.477294921875,450.13153076171875,158.732177734375,303.67279052734375,-1,-1,-1,-1
262,17,627.5783081054688,419.79962158203125,155.90399169921875,309.5059814453125,-1,-1,-1,-1
263,17,643.17431640625,402.2331237792969,149.11749267578125,315.3570251464844,-1,-1,-1,-1
264,17,668.7639770507812,389.9040222167969,137.23699951171875,318.6247863769531,-1,-1,-1,-1
265,17,680.0564575195312,372.2337951660156,128.19757080078125,325.0523376464844,-1,-1,-1,-1
266,17,677.83349609375,350.2096252441406,126.9278564453125,332.5293273925781,-1,-1,-1,-1
267,17,676.58447265625,334.3698425292969,123.60443115234375,342.6842346191406,-1,-1,-1,-1
268,17,654.0172119140625,334.2422180175781,136.94720458984375,345.0686340332031,-1,-1,-1,-1
269,17,632.7298583984375,353.8539123535156,149.927734375,336.1482238769531,-1,-1,-1,-1
270,17,620.705810546875,365.12835693359375,152.7972412109375,333.60455322265625,-1,-1,-1,-1
271,17,614.8383178710938,372.82958984375,156.1488037109375,334.7154541015625,-1,-1,-1,-1
272,17,611.6893310546875,386.21197509765625,151.2528076171875,331.75396728515625,-1,-1,-1,-1
273,17,610.8262939453125,414.4404296875,132.7625732421875,324.7354736328125,-1,-1,-1,-1
274,17,616.2811279296875,447.3190612792969,114.600830078125,320.1949157714844,-1,-1,-1,-1
275,17,613.3069458007812,478.0107727050781,105.90618896484375,314.5638122558594,-1,-1,-1,-1
276,17,607.3626098632812,495.821533203125,106.81134033203125,313.9525146484375,-1,-1,-1,-1
277,17,566.91796875,488.79248046875,138.98114013671875,322.99859619140625,-1,-1,-1,-1
278,17,559.9947509765625,479.2241516113281,133.77398681640625,325.6650085449219,-1,-1,-1,-1
279,17,539.6204833984375,470.06060791015625,145.3028564453125,325.385498046875,-1,-1,-1,-1
280,17,526.4575805664062,469.84161376953125,154.73638916015625,324.17144775390625,-1,-1,-1,-1
281,17,519.0859375,477.0862731933594,140.70440673828125,321.4972839355469,-1,-1,-1,-1
282,17,517.5814208984375,488.994384765625,119.21563720703125,318.62530517578125,-1,-1,-1,-1
283,17,512.2940979003906,489.5903625488281,101.11062622070312,324.9133605957031,-1,-1,-1,-1
284,17,487.2155456542969,493.7030944824219,102.86184692382812,329.3968200683594,-1,-1,-1,-1
285,17,466.2164306640625,491.9286193847656,107.8851318359375,338.5715637207031,-1,-1,-1,-1
286,17,426.25836181640625,490.49420166015625,129.3218994140625,346.1903076171875,-1,-1,-1,-1
287,17,385.2503662109375,490.65753173828125,155.2947998046875,351.15283203125,-1,-1,-1,-1
288,17,360.9903564453125,488.7547607421875,167.214599609375,350.97430419921875,-1,-1,-1,-1
289,17,346.5202331542969,505.0773620605469,167.92428588867188,348.9156799316406,-1,-1,-1,-1
290,17,336.2535400390625,518.9935913085938,160.16485595703125,345.6375732421875,-1,-1,-1,-1
291,17,313.4732360839844,504.92840576171875,151.34857177734375,350.0699462890625,-1,-1,-1,-1
292,17,287.3525695800781,487.7939758300781,151.15536499023438,349.4078063964844,-1,-1,-1,-1
293,17,284.486083984375,474.01678466796875,137.84991455078125,348.73956298828125,-1,-1,-1,-1
294,17,265.2767028808594,477.1573486328125,144.42868041992188,360.43780517578125,-1,-1,-1,-1
295,17,251.46485900878906,490.0240173339844,154.9292755126953,367.4466857910156,-1,-1,-1,-1
296,17,236.1981201171875,491.73382568359375,177.77584838867188,376.22308349609375,-1,-1,-1,-1
297,17,224.02920532226562,500.63299560546875,191.75503540039062,377.53302001953125,-1,-1,-1,-1
298,17,224.5825653076172,519.6890869140625,193.1746368408203,378.76776123046875,-1,-1,-1,-1
299,17,243.7589569091797,525.614501953125,192.9681854248047,374.7005615234375,-1,-1,-1,-1
300,17,314.16595458984375,497.65521240234375,181.48660278320312,359.794677734375,-1,-1,-1,-1
301,17,381.4406433105469,474.0501708984375,157.81051635742188,356.70538330078125,-1,-1,-1,-1
302,17,424.6896667480469,464.5441589355469,137.55978393554688,342.9164733886719,-1,-1,-1,-1
303,17,457.0848693847656,456.15240478515625,120.50149536132812,345.68487548828125,-1,-1,-1,-1
304,17,486.7506408691406,447.3389892578125,111.94424438476562,341.0916748046875,-1,-1,-1,-1
305,17,504.38092041015625,449.52032470703125,108.87017822265625,344.0179443359375,-1,-1,-1,-1
306,17,504.9515686035156,446.831298828125,110.07949829101562,351.26727294921875,-1,-1,-1,-1
307,17,463.5688781738281,413.30548095703125,132.59231567382812,367.48382568359375,-1,-1,-1,-1
308,17,398.6166076660156,391.1704406738281,153.16952514648438,385.2952575683594,-1,-1,-1,-1
309,17,259.7721862792969,425.01898193359375,181.07864379882812,392.90484619140625,-1,-1,-1,-1
310,17,622.451171875,452.34271240234375,117.42279052734375,231.49847412109375,-1,-1,-1,-1
311,17,560.3173217773438,474.9600524902344,50.566162109375,110.95767211914062,-1,-1,-1,-1
312,17,605.6328125,484.60003662109375,107.8536376953125,126.99200439453125,-1,-1,-1,-1
217,18,-39.84481430053711,480.8327331542969,92.35691833496094,307.4286804199219,-1,-1,-1,-1
218,18,-15.238046646118164,496.8876647949219,99.30374145507812,306.4609680175781,-1,-1,-1,-1
219,18,1.6587824821472168,515.9493408203125,109.06623077392578,306.45166015625,-1,-1,-1,-1
220,18,3.059347629547119,533.5068969726562,133.21913146972656,304.29608154296875,-1,-1,-1,-1
221,18,28.567018508911133,556.2178955078125,151.44772338867188,295.6475830078125,-1,-1,-1,-1
222,18,87.59709167480469,565.87060546875,137.24046325683594,288.04656982421875,-1,-1,-1,-1
223,18,145.75779724121094,592.4138793945312,121.29335021972656,282.2230224609375,-1,-1,-1,-1
224,18,191.77978515625,619.44873046875,122.28094482421875,278.456787109375,-1,-1,-1,-1
225,18,219.92587280273438,633.9703369140625,136.57089233398438,280.65753173828125,-1,-1,-1,-1
226,18,232.0431365966797,642.25634765625,148.41566467285156,283.96990966796875,-1,-1,-1,-1
227,18,230.25787353515625,643.4796752929688,158.44061279296875,290.43463134765625,-1,-1,-1,-1
228,18,223.484375,635.7991943359375,165.94882202148438,293.728271484375,-1,-1,-1,-1
229,18,220.88131713867188,619.8099365234375,171.27288818359375,293.0711669921875,-1,-1,-1,-1
230,18,228.4005126953125,622.404541015625,169.479736328125,291.7322998046875,-1,-1,-1,-1
231,18,247.3146514892578,620.6901245117188,159.4491729736328,289.80291748046875,-1,-1,-1,-1
232,18,276.8869323730469,612.3484497070312,143.18276977539062,287.42095947265625,-1,-1,-1,-1
233,18,305.55889892578125,611.2981567382812,127.32907104492188,286.70574951171875,-1,-1,-1,-1
234,18,328.1423034667969,603.0698852539062,115.86270141601562,288.11328125,-1,-1,-1,-1
235,18,338.8846740722656,592.4891357421875,111.139404296875,287.44073486328125,-1,-1,-1,-1
236,18,330.7369079589844,582.5721435546875,127.30084228515625,287.4256591796875,-1,-1,-1,-1
237,18,334.08538818359375,574.8333740234375,130.0419921875,286.57470703125,-1,-1,-1,-1
238,18,340.1528015136719,567.6423950195312,122.28073120117188,289.90576171875,-1,-1,-1,-1
239,18,342.86187744140625,570.0608520507812,119.81515502929688,284.58050537109375,-1,-1,-1,-1
240,18,354.1501159667969,565.0307006835938,118.67337036132812,281.63531494140625,-1,-1,-1,-1
241,18,367.7336120605469,541.5241088867188,121.73138427734375,282.61041259765625,-1,-1,-1,-1
242,18,389.1413269042969,506.7762451171875,118.24359130859375,283.04052734375,-1,-1,-1,-1
243,18,413.15179443359375,474.16607666015625,119.9296875,279.39111328125,-1,-1,-1,-1
244,18,439.23223876953125,444.00286865234375,120.94427490234375,279.20697021484375,-1,-1,-1,-1
245,18,459.1685791015625,427.2230224609375,123.67578125,279.17919921875,-1,-1,-1,-1
246,18,466.613525390625,434.0835876464844,122.7293701171875,278.7983703613281,-1,-1,-1,-1
247,18,457.43109130859375,447.6268310546875,123.3712158203125,277.66595458984375,-1,-1,-1,-1
248,18,441.13629150390625,461.0830078125,118.35968017578125,279.787109375,-1,-1,-1,-1
249,18,403.50457763671875,466.10101318359375,110.62139892578125,286.9390869140625,-1,-1,-1,-1
250,18,355.426025390625,475.57061767578125,99.922119140625,291.57330322265625,-1,-1,-1,-1
251,18,308.360595703125,485.1046447753906,92.4019775390625,299.4087219238281,-1,-1,-1,-1
252,18,272.643798828125,502.316650390625,83.94329833984375,302.12030029296875,-1,-1,-1,-1
253,18,240.82159423828125,512.5165405273438,83.9849853515625,306.94866943359375,-1,-1,-1,-1
254,18,212.89813232421875,519.7820434570312,82.0849609375,308.68585205078125,-1,-1,-1,-1
255,18,181.3049774169922,528.0220336914062,83.45606994628906,306.87884521484375,-1,-1,-1,-1
256,18,155.27761840820312,529.3876953125,89.06809997558594,306.24810791015625,-1,-1,-1,-1
257,18,147.9875030517578,516.2044067382812,106.50904846191406,302.38946533203125,-1,-1,-1,-1
258,18,157.26107788085938,478.5872497558594,134.33795166015625,289.0298767089844,-1,-1,-1,-1
259,18,171.0889892578125,426.3889465332031,161.70941162109375,279.2399597167969,-1,-1,-1,-1
260,18,174.88563537597656,428.9410400390625,181.29454040527344,271.162841796875,-1,-1,-1,-1
261,18,185.22113037109375,420.8739318847656,194.18014526367188,266.6893005371094,-1,-1,-1,-1
262,18,200.890380859375,394.5935363769531,197.68441772460938,263.9888000488281,-1,-1,-1,-1
263,18,235.4405059814453,393.2201232910156,186.5209503173828,259.6034851074219,-1,-1,-1,-1
264,18,283.88031005859375,396.86077880859375,160.54507446289062,254.4857177734375,-1,-1,-1,-1
265,18,322.1760559082031,390.21038818359375,142.33755493164062,250.78546142578125,-1,-1,-1,-1
266,18,359.0429382324219,384.4941711425781,118.42654418945312,250.00869750976562,-1,-1,-1,-1
267,18,388.98199462890625,379.43902587890625,120.39288330078125,256.17193603515625,-1,-1,-1,-1
268,18,398.53076171875,383.6807861328125,131.25860595703125,255.9996337890625,-1,-1,-1,-1
269,18,413.1286926269531,394.0393981933594,130.51852416992188,258.2161560058594,-1,-1,-1,-1
270,18,425.6614990234375,407.02056884765625,124.5169677734375,250.23736572265625,-1,-1,-1,-1
271,18,443.34136962890625,420.61883544921875,111.35284423828125,241.47991943359375,-1,-1,-1,-1
272,18,462.12420654296875,435.5101013183594,99.7301025390625,232.18710327148438,-1,-1,-1,-1
273,18,491.1499328613281,461.1255187988281,96.76602172851562,229.43991088867188,-1,-1,-1,-1
274,18,508.1446228027344,493.0654602050781,94.42984008789062,224.83712768554688,-1,-1,-1,-1
275,18,524.0479125976562,523.0730590820312,98.01141357421875,219.09747314453125,-1,-1,-1,-1
276,18,539.1324462890625,531.1348266601562,108.146240234375,220.71624755859375,-1,-1,-1,-1
277,18,558.5897827148438,517.222412109375,129.40521240234375,227.98541259765625,-1,-1,-1,-1
278,18,563.78125,491.0572509765625,121.61651611328125,242.02154541015625,-1,-1,-1,-1
279,18,548.49169921875,478.8066711425781,129.5523681640625,282.7179870605469,-1,-1,-1,-1
280,18,540.2110595703125,482.9626770019531,145.622802734375,294.5982360839844,-1,-1,-1,-1
281,20,613.2720336914062,522.090087890625,101.68865966796875,193.68145751953125,-1,-1,-1,-1
282,20,615.8544311523438,512.05126953125,104.620849609375,211.40789794921875,-1,-1,-1,-1
283,20,620.7505493164062,519.3531494140625,109.05596923828125,210.7249755859375,-1,-1,-1,-1
284,20,623.0184326171875,526.2880859375,115.88238525390625,210.72613525390625,-1,-1,-1,-1
285,20,633.9752807617188,542.758544921875,99.92572021484375,203.59173583984375,-1,-1,-1,-1
286,20,641.5521240234375,549.41748046875,83.79925537109375,202.313720703125,-1,-1,-1,-1
287,20,645.2174072265625,545.4110717773438,86.85723876953125,209.55810546875,-1,-1,-1,-1
288,20,636.805419921875,532.4391479492188,102.3941650390625,218.1026611328125,-1,-1,-1,-1
289,20,632.1575927734375,536.399658203125,107.99853515625,220.6939697265625,-1,-1,-1,-1
290,20,639.5004272460938,547.017822265625,103.6427001953125,215.466796875,-1,-1,-1,-1
291,20,646.7886352539062,542.22021484375,90.6229248046875,205.25384521484375,-1,-1,-1,-1
292,20,656.07568359375,507.0220642089844,81.71112060546875,212.81564331054688,-1,-1,-1,-1
293,20,685.5697021484375,496.1278991699219,77.55908203125,209.35440063476562,-1,-1,-1,-1
294,20,700.3596801757812,496.9778747558594,99.14013671875,222.51278686523438,-1,-1,-1,-1
295,20,714.5325927734375,521.0736083984375,100.87799072265625,212.67340087890625,-1,-1,-1,-1
296,20,729.7565307617188,529.9723510742188,114.61590576171875,208.55902099609375,-1,-1,-1,-1
297,20,749.3341064453125,528.13525390625,109.56256103515625,221.7454833984375,-1,-1,-1,-1
298,20,772.3593139648438,558.9354248046875,107.07489013671875,214.03759765625,-1,-1,-1,-1
299,20,813.64599609375,579.0206298828125,93.55133056640625,207.47711181640625,-1,-1,-1,-1
300,20,902.34521484375,560.4694213867188,95.7197265625,210.96063232421875,-1,-1,-1,-1
301,20,971.1923828125,530.303955078125,116.198974609375,233.31024169921875,-1,-1,-1,-1
302,20,1025.6109619140625,497.67095947265625,140.3968505859375,250.18084716796875,-1,-1,-1,-1
303,20,1075.5118408203125,478.04876708984375,151.9678955078125,272.81817626953125,-1,-1,-1,-1
304,20,1128.788818359375,460.0764465332031,181.666259765625,294.5036926269531,-1,-1,-1,-1
305,20,1187.79052734375,485.81787109375,155.708251953125,285.4696044921875,-1,-1,-1,-1
306,20,1235.82373046875,495.0428161621094,127.2552490234375,282.0850524902344,-1,-1,-1,-1
307,20,1244.064453125,461.31280517578125,127.65478515625,290.97259521484375,-1,-1,-1,-1
308,20,1198.139404296875,463.4742431640625,155.342529296875,275.3603515625,-1,-1,-1,-1
309,20,1074.7860107421875,439.37103271484375,187.861083984375,272.82965087890625,-1,-1,-1,-1
310,20,927.0817260742188,427.3840637207031,168.86383056640625,266.0078430175781,-1,-1,-1,-1
311,20,835.78857421875,433.0830993652344,151.0836181640625,249.22866821289062,-1,-1,-1,-1
312,20,788.3389892578125,464.3655700683594,130.91888427734375,226.27371215820312,-1,-1,-1,-1
313,20,767.6092529296875,466.25714111328125,110.7958984375,234.76763916015625,-1,-1,-1,-1
314,20,770.2127685546875,499.94384765625,92.39892578125,209.10980224609375,-1,-1,-1,-1
315,20,775.66162109375,507.5509948730469,98.1466064453125,211.85977172851562,-1,-1,-1,-1
316,20,774.2703857421875,520.530029296875,107.35491943359375,218.6439208984375,-1,-1,-1,-1
317,20,772.809814453125,534.9110717773438,106.937744140625,226.14617919921875,-1,-1,-1,-1
318,20,766.8150024414062,507.8262634277344,119.4093017578125,243.08944702148438,-1,-1,-1,-1
319,20,767.5228271484375,519.79443359375,130.774169921875,256.9384765625,-1,-1,-1,-1
320,20,783.0946044921875,561.512939453125,114.22503662109375,235.59332275390625,-1,-1,-1,-1
321,20,792.686767578125,587.4790649414062,105.05609130859375,236.63287353515625,-1,-1,-1,-1
322,20,778.6891479492188,584.96337890625,109.48468017578125,246.52032470703125,-1,-1,-1,-1
323,20,752.5614624023438,579.19287109375,126.78228759765625,243.68505859375,-1,-1,-1,-1
324,20,741.9981079101562,559.6002807617188,138.07733154296875,250.1328125,-1,-1,-1,-1
325,20,749.044677734375,559.3198852539062,131.1529541015625,253.985595703125,-1,-1,-1,-1
326,20,760.6136474609375,558.1468505859375,126.73394775390625,257.7703857421875,-1,-1,-1,-1
327,20,786.3056640625,579.107421875,109.5098876953125,242.0023193359375,-1,-1,-1,-1
328,20,831.25244140625,558.1058349609375,99.14129638671875,254.43292236328125,-1,-1,-1,-1
329,20,851.416748046875,553.0427856445312,130.76214599609375,260.1246337890625,-1,-1,-1,-1
330,20,907.0350952148438,560.1316528320312,148.62835693359375,281.50897216796875,-1,-1,-1,-1
331,20,949.5028686523438,575.1777954101562,175.08514404296875,292.21728515625,-1,-1,-1,-1
332,20,999.69677734375,581.75537109375,194.1793212890625,305.5010986328125,-1,-1,-1,-1
333,20,1052.3917236328125,591.5849609375,189.91357421875,304.695068359375,-1,-1,-1,-1
334,20,1110.1337890625,579.8212280273438,156.35693359375,303.57879638671875,-1,-1,-1,-1
335,20,1125.50732421875,569.1099243164062,129.111328125,291.17718505859375,-1,-1,-1,-1
336,20,1113.7322998046875,574.9207763671875,125.802734375,289.09686279296875,-1,-1,-1,-1
337,20,1084.728515625,574.523681640625,131.90478515625,294.27838134765625,-1,-1,-1,-1
338,20,1085.8179931640625,591.50341796875,139.29833984375,316.98968505859375,-1,-1,-1,-1
339,20,1146.2979736328125,574.2085571289062,156.908447265625,338.16253662109375,-1,-1,-1,-1
340,20,1278.932373046875,470.29840087890625,129.502685546875,392.6544189453125,-1,-1,-1,-1
341,20,1252.2288818359375,365.28790283203125,194.91796875,426.59405517578125,-1,-1,-1,-1
342,20,1302.3895263671875,392.41351318359375,198.7210693359375,447.7689208984375,-1,-1,-1,-1
301,21,1260.6490478515625,518.4146728515625,159.8575439453125,357.15484619140625,-1,-1,-1,-1
302,22,1316.0213623046875,485.1039733886719,163.10986328125,362.7901916503906,-1,-1,-1,-1
303,22,1320.0760498046875,448.1526184082031,178.786865234375,397.6422424316406,-1,-1,-1,-1
304,22,1259.1126708984375,437.4867248535156,159.061279296875,334.3277893066406,-1,-1,-1,-1
309,23,1280.823974609375,436.81683349609375,177.3212890625,381.5882568359375,-1,-1,-1,-1
310,23,1110.66943359375,429.11431884765625,227.1273193359375,350.98089599609375,-1,-1,-1,-1
311,23,995.753173828125,419.6034851074219,206.5660400390625,337.6830139160156,-1,-1,-1,-1
312,23,930.9160766601562,436.0578918457031,188.90179443359375,325.6877136230469,-1,-1,-1,-1
313,23,887.780029296875,450.2340087890625,182.343017578125,321.3326416015625,-1,-1,-1,-1
314,23,865.7393188476562,461.5365905761719,178.63165283203125,320.8021545410156,-1,-1,-1,-1
315,23,858.2906494140625,464.4432373046875,173.904052734375,326.45513916015625,-1,-1,-1,-1
316,23,854.8799438476562,482.33831787109375,168.39520263671875,327.36492919921875,-1,-1,-1,-1
317,23,852.6064453125,495.93060302734375,163.09307861328125,334.19696044921875,-1,-1,-1,-1
318,23,843.4468383789062,477.63800048828125,151.9005126953125,340.15576171875,-1,-1,-1,-1
319,23,831.1354370117188,505.0828552246094,146.8721923828125,337.6593322753906,-1,-1,-1,-1
320,23,828.8489379882812,525.3157958984375,139.75079345703125,342.4580078125,-1,-1,-1,-1
321,23,809.6922607421875,555.155517578125,152.23321533203125,340.9534912109375,-1,-1,-1,-1
322,23,779.8114624023438,561.4107666015625,152.162353515625,339.29449462890625,-1,-1,-1,-1
323,23,753.7439575195312,557.7398681640625,150.5841064453125,337.9344482421875,-1,-1,-1,-1
324,23,738.5086669921875,547.7705688476562,147.51019287109375,336.197998046875,-1,-1,-1,-1
325,23,738.0830688476562,547.001220703125,143.28411865234375,337.646728515625,-1,-1,-1,-1
326,23,739.2080078125,545.4558715820312,141.0625,340.2261962890625,-1,-1,-1,-1
327,23,743.980712890625,544.4109497070312,139.39849853515625,344.39715576171875,-1,-1,-1,-1
328,23,758.693115234375,529.6259155273438,142.80682373046875,347.7757568359375,-1,-1,-1,-1
329,23,786.063720703125,522.4010009765625,150.8043212890625,349.570068359375,-1,-1,-1,-1
330,23,827.0337524414062,537.0983276367188,159.98541259765625,351.4002685546875,-1,-1,-1,-1
331,23,865.4825439453125,547.74267578125,176.84228515625,351.33563232421875,-1,-1,-1,-1
332,23,909.5733642578125,549.18115234375,200.8690185546875,355.36309814453125,-1,-1,-1,-1
333,23,942.6775512695312,549.2735595703125,211.94866943359375,362.0079345703125,-1,-1,-1,-1
334,23,964.44482421875,533.6488647460938,204.714111328125,366.80487060546875,-1,-1,-1,-1
335,23,956.6637573242188,516.2349243164062,195.87603759765625,365.23468017578125,-1,-1,-1,-1
336,23,941.3084716796875,525.7527465820312,184.2955322265625,363.0335693359375,-1,-1,-1,-1
337,23,916.6654663085938,536.498046875,173.82366943359375,356.385498046875,-1,-1,-1,-1
338,23,918.23974609375,562.50537109375,170.570556640625,357.402099609375,-1,-1,-1,-1
339,23,968.8861083984375,542.6327514648438,175.7757568359375,367.33917236328125,-1,-1,-1,-1
340,23,1061.8189697265625,434.92303466796875,235.5252685546875,394.0582275390625,-1,-1,-1,-1
341,23,600.191650390625,366.109619140625,223.042724609375,331.26116943359375,-1,-1,-1,-1
346,23,675.9716186523438,409.822509765625,62.67169189453125,121.97222900390625,-1,-1,-1,-1
347,23,732.9539184570312,474.93743896484375,33.36907958984375,55.95184326171875,-1,-1,-1,-1
348,23,763.5802612304688,436.2093200683594,28.76251220703125,45.0950927734375,-1,-1,-1,-1
349,23,809.0023193359375,411.6471862792969,22.8160400390625,41.481597900390625,-1,-1,-1,-1
350,23,809.9303588867188,369.1370849609375,22.73248291015625,39.8800048828125,-1,-1,-1,-1
351,23,797.809326171875,341.6697082519531,23.8902587890625,46.0390625,-1,-1,-1,-1
352,23,780.4479370117188,359.8946838378906,25.75433349609375,43.470489501953125,-1,-1,-1,-1
353,23,772.753173828125,392.5682678222656,26.34619140625,44.324493408203125,-1,-1,-1,-1
354,23,784.4898681640625,428.27667236328125,20.4532470703125,37.384368896484375,-1,-1,-1,-1
355,23,782.7943115234375,504.8156433105469,20.591064453125,37.506561279296875,-1,-1,-1,-1
356,23,736.6622314453125,526.4403076171875,25.03265380859375,36.497314453125,-1,-1,-1,-1
357,23,711.2533569335938,514.94775390625,22.1875,38.1451416015625,-1,-1,-1,-1
358,23,695.5203857421875,511.15655517578125,22.375,34.65496826171875,-1,-1,-1,-1
359,23,695.6436157226562,509.002197265625,24.75970458984375,34.11016845703125,-1,-1,-1,-1
360,23,723.4860229492188,496.33135986328125,22.91473388671875,34.7064208984375,-1,-1,-1,-1
361,23,736.6904296875,488.11041259765625,28.889404296875,44.755859375,-1,-1,-1,-1
362,23,751.6368408203125,480.6142883300781,23.780029296875,37.561065673828125,-1,-1,-1,-1
363,23,766.2767333984375,485.5628662109375,21.9195556640625,42.9354248046875,-1,-1,-1,-1
364,23,777.8726806640625,508.4471740722656,23.35296630859375,42.531890869140625,-1,-1,-1,-1
365,23,780.0439453125,482.0027160644531,22.650146484375,39.322845458984375,-1,-1,-1,-1
366,23,783.5719604492188,497.8257141113281,19.65887451171875,38.471405029296875,-1,-1,-1,-1
367,23,792.3013305664062,486.0104064941406,29.97857666015625,50.509979248046875,-1,-1,-1,-1
368,23,823.6787719726562,485.0654602050781,25.92352294921875,44.936492919921875,-1,-1,-1,-1
369,23,803.98486328125,427.0606689453125,31.93115234375,55.858154296875,-1,-1,-1,-1
310,24,52.89714431762695,393.37420654296875,221.6978302001953,451.09375,-1,-1,-1,-1
311,24,-53.27326202392578,418.5308837890625,208.11276245117188,451.2574462890625,-1,-1,-1,-1
312,24,-107.20221710205078,461.61138916015625,318.6353454589844,518.4570922851562,-1,-1,-1,-1
311,25,58.79931640625,380.0962829589844,51.57819366455078,98.69735717773438,-1,-1,-1,-1
312,25,323.7762756347656,488.19683837890625,146.60089111328125,114.3494873046875,-1,-1,-1,-1
313,25,400.915771484375,461.7942199707031,43.2093505859375,138.07583618164062,-1,-1,-1,-1
314,25,386.7132263183594,483.92205810546875,64.2169189453125,133.75848388671875,-1,-1,-1,-1
315,25,392.1136779785156,515.00439453125,51.2017822265625,117.08428955078125,-1,-1,-1,-1
316,25,393.29608154296875,539.40478515625,41.3458251953125,108.8680419921875,-1,-1,-1,-1
317,25,380.6611633300781,563.2413330078125,52.38409423828125,119.38104248046875,-1,-1,-1,-1
318,25,354.1083679199219,569.8466796875,58.835601806640625,128.035400390625,-1,-1,-1,-1
319,25,312.76324462890625,571.6011962890625,77.47439575195312,151.05841064453125,-1,-1,-1,-1
320,25,307.94049072265625,609.6572265625,62.6295166015625,146.43133544921875,-1,-1,-1,-1
321,25,291.04754638671875,631.545654296875,60.10284423828125,150.17431640625,-1,-1,-1,-1
322,25,288.95654296875,660.5078125,47.774078369140625,116.00433349609375,-1,-1,-1,-1
323,25,262.7156677246094,644.4190673828125,44.525634765625,109.45745849609375,-1,-1,-1,-1
324,25,247.77049255371094,634.1235961914062,45.98710632324219,113.04736328125,-1,-1,-1,-1
325,25,238.38235473632812,633.4308471679688,56.656951904296875,121.61749267578125,-1,-1,-1,-1
326,25,228.18589782714844,640.402099609375,58.15287780761719,123.5482177734375,-1,-1,-1,-1
327,25,229.95388793945312,640.697265625,45.651885986328125,114.3319091796875,-1,-1,-1,-1
328,25,238.07174682617188,621.0459594726562,62.085357666015625,125.57318115234375,-1,-1,-1,-1
329,25,268.58624267578125,591.6573486328125,56.02899169921875,123.521240234375,-1,-1,-1,-1
330,25,325.7074279785156,586.3753662109375,55.26153564453125,120.32537841796875,-1,-1,-1,-1
331,25,376.689453125,562.5480346679688,60.56365966796875,118.06060791015625,-1,-1,-1,-1
332,25,442.9335021972656,537.9385375976562,52.5517578125,112.84356689453125,-1,-1,-1,-1
333,25,478.74432373046875,536.1239013671875,52.52789306640625,104.1239013671875,-1,-1,-1,-1
334,25,497.07513427734375,543.5487670898438,43.9443359375,98.01153564453125,-1,-1,-1,-1
335,25,470.8478088378906,546.4641723632812,46.882293701171875,109.195068359375,-1,-1,-1,-1
336,25,438.1352844238281,566.4561767578125,55.584503173828125,120.3660888671875,-1,-1,-1,-1
337,25,410.816650390625,589.0099487304688,53.749420166015625,117.34490966796875,-1,-1,-1,-1
311,26,-55.24723815917969,406.3977355957031,177.21542358398438,476.0775451660156,-1,-1,-1,-1
312,26,-101.05123138427734,450.7203369140625,288.0870056152344,498.7900390625,-1,-1,-1,-1
341,28,1258.4564208984375,347.32098388671875,205.1854248046875,438.95294189453125,-1,-1,-1,-1
343,29,-73.43363952636719,497.4659729003906,303.2344970703125,566.72509765625,-1,-1,-1,-1
344,29,1.4061155319213867,507.0285339355469,307.3341369628906,563.5782470703125,-1,-1,-1,-1
345,29,97.63394165039062,428.9348449707031,271.90863037109375,560.244873046875,-1,-1,-1,-1
346,29,211.12265014648438,365.55572509765625,230.72235107421875,551.2008056640625,-1,-1,-1,-1
347,29,300.0073547363281,388.72161865234375,215.08273315429688,546.2019653320312,-1,-1,-1,-1
348,29,336.012939453125,360.7791442871094,216.28045654296875,551.945556640625,-1,-1,-1,-1
349,29,389.2916259765625,362.46966552734375,209.01531982421875,549.5664672851562,-1,-1,-1,-1
350,29,398.0785827636719,332.9571533203125,206.26333618164062,568.1160278320312,-1,-1,-1,-1
351,29,401.70391845703125,310.5041198730469,196.47003173828125,590.0740966796875,-1,-1,-1,-1
352,29,404.0264892578125,321.49468994140625,197.38555908203125,597.814208984375,-1,-1,-1,-1
353,29,397.4646301269531,332.8358154296875,234.89865112304688,600.5491943359375,-1,-1,-1,-1
354,29,407.4618835449219,342.7425842285156,266.2656555175781,591.9970703125,-1,-1,-1,-1
355,29,431.3890686035156,413.9559631347656,285.0854187011719,577.6839599609375,-1,-1,-1,-1
356,29,345.82818603515625,412.5780944824219,348.9791259765625,578.388916015625,-1,-1,-1,-1
357,29,298.1546630859375,396.0080261230469,382.82012939453125,591.7403564453125,-1,-1,-1,-1
358,29,276.4339599609375,415.978759765625,398.05419921875,606.1593017578125,-1,-1,-1,-1
359,29,268.1230163574219,441.4284362792969,403.7873840332031,604.7750244140625,-1,-1,-1,-1
360,29,296.94140625,453.67864990234375,384.367919921875,594.4967651367188,-1,-1,-1,-1
361,29,322.223388671875,467.5227966308594,347.31829833984375,564.033935546875,-1,-1,-1,-1
362,29,346.9011535644531,456.9183349609375,308.7770690917969,558.1591796875,-1,-1,-1,-1
363,29,395.9516296386719,450.4149475097656,296.7000427246094,582.770263671875,-1,-1,-1,-1
364,29,446.4530029296875,434.8814697265625,294.9149169921875,625.357421875,-1,-1,-1,-1
365,29,464.9564514160156,347.0603942871094,300.7480163574219,689.282958984375,-1,-1,-1,-1
366,29,435.4282531738281,316.5366516113281,335.5489196777344,739.008056640625,-1,-1,-1,-1
367,29,423.1016845703125,288.4373474121094,364.28173828125,773.5360107421875,-1,-1,-1,-1
368,29,468.4181213378906,303.5325927734375,352.2861022949219,789.35009765625,-1,-1,-1,-1
369,29,500.9516906738281,286.6779479980469,332.9364929199219,789.369873046875,-1,-1,-1,-1
370,29,508.47552490234375,242.6334686279297,321.58270263671875,775.5376586914062,-1,-1,-1,-1
371,29,496.404541015625,200.53529357910156,318.08984375,758.50927734375,-1,-1,-1,-1
372,29,525.4081420898438,207.73529052734375,290.3419189453125,738.4393920898438,-1,-1,-1,-1
373,29,550.7913818359375,216.83953857421875,286.34381103515625,737.4038696289062,-1,-1,-1,-1
374,29,556.5545043945312,221.111572265625,293.82623291015625,743.7269897460938,-1,-1,-1,-1
375,29,555.1975708007812,187.82611083984375,298.8472900390625,751.17529296875,-1,-1,-1,-1
376,29,553.9130249023438,195.3989715576172,280.2081298828125,735.8522338867188,-1,-1,-1,-1
377,29,544.0888061523438,218.64999389648438,257.7493896484375,695.0067138671875,-1,-1,-1,-1
378,29,541.2267456054688,231.37384033203125,258.69036865234375,693.1295776367188,-1,-1,-1,-1
379,29,543.719970703125,223.11361694335938,261.3857421875,707.380859375,-1,-1,-1,-1
380,29,549.6392211914062,222.53550720214844,260.593505859375,715.6788330078125,-1,-1,-1,-1
381,29,548.465087890625,202.93792724609375,272.0499267578125,743.4754028320312,-1,-1,-1,-1
382,29,543.8846435546875,222.4665985107422,271.71771240234375,745.3862915039062,-1,-1,-1,-1
383,29,498.3939208984375,209.76290893554688,330.8265380859375,797.5135498046875,-1,-1,-1,-1
384,29,453.10699462890625,188.99826049804688,359.05853271484375,869.9573974609375,-1,-1,-1,-1
385,29,394.99322509765625,194.3780059814453,400.38824462890625,923.2101440429688,-1,-1,-1,-1
386,29,259.559326171875,177.3798828125,513.7003784179688,1000.362060546875,-1,-1,-1,-1
387,29,96.21537017822266,178.6438446044922,702.417236328125,1022.2013549804688,-1,-1,-1,-1
388,29,-17.20288848876953,192.37228393554688,838.9532470703125,1029.263916015625,-1,-1,-1,-1
389,29,-55.065364837646484,217.32164001464844,877.8633422851562,1064.962646484375,-1,-1,-1,-1
390,29,-67.91654968261719,203.637939453125,884.4935913085938,1180.4376220703125,-1,-1,-1,-1
391,29,-65.56878662109375,185.43031311035156,915.8553466796875,1231.427734375,-1,-1,-1,-1
392,29,-23.81017303466797,121.20054626464844,875.1739501953125,1292.782958984375,-1,-1,-1,-1
393,29,-45.18557357788086,51.59587097167969,826.4768676757812,1362.8756103515625,-1,-1,-1,-1
394,29,-81.14047241210938,-6.284084320068359,724.570556640625,1205.6995849609375,-1,-1,-1,-1
395,29,-172.8140411376953,-2.609752655029297,685.3321533203125,1124.317626953125,-1,-1,-1,-1
396,29,-176.74383544921875,59.071929931640625,549.1624755859375,841.1959228515625,-1,-1,-1,-1
397,29,-134.29966735839844,226.21762084960938,285.4834289550781,516.4967041015625,-1,-1,-1,-1
398,29,-124.92194366455078,209.773193359375,252.86483764648438,505.4373779296875,-1,-1,-1,-1
402,30,198.39744567871094,1094.414306640625,413.67681884765625,325.72998046875,-1,-1,-1,-1
403,30,52.46363830566406,964.0277709960938,522.015380859375,443.80828857421875,-1,-1,-1,-1
404,30,209.33868408203125,1190.3890380859375,328.54345703125,240.187744140625,-1,-1,-1,-1
405,30,213.12832641601562,1166.8642578125,340.9184265136719,256.4814453125,-1,-1,-1,-1
406,30,120.82215881347656,1123.3575439453125,508.69635009765625,308.44873046875,-1,-1,-1,-1
407,30,-12.885934829711914,1074.465087890625,682.7581787109375,375.632080078125,-1,-1,-1,-1
408,30,-8.838815689086914,1082.8310546875,696.0133666992188,374.9300537109375,-1,-1,-1,-1
409,30,-70.88850402832031,1013.452880859375,802.6633911132812,461.3953857421875,-1,-1,-1,-1
410,30,15.898323059082031,973.1480712890625,759.8726196289062,497.93701171875,-1,-1,-1,-1
411,30,27.943336486816406,850.8370971679688,743.3574829101562,589.2330932617188,-1,-1,-1,-1
412,30,47.08738327026367,722.4220581054688,734.2713623046875,669.4662475585938,-1,-1,-1,-1
413,30,21.02725601196289,584.7362060546875,661.2092895507812,842.85986328125,-1,-1,-1,-1
414,30,-39.17533874511719,397.0191650390625,641.6627807617188,1030.7852783203125,-1,-1,-1,-1
415,30,-8.325498580932617,381.2122497558594,498.2451477050781,1040.61181640625,-1,-1,-1,-1
416,30,-33.73274230957031,126.19062805175781,521.6685180664062,1302.5548095703125,-1,-1,-1,-1
417,30,-2.4100570678710938,115.87955474853516,712.0032958984375,1303.033447265625,-1,-1,-1,-1
418,30,-13.525808334350586,67.23587036132812,694.4796752929688,1335.5184326171875,-1,-1,-1,-1
419,30,8.509754180908203,51.06325149536133,739.6300048828125,1373.957763671875,-1,-1,-1,-1
420,30,-11.06838607788086,81.93407440185547,778.4671630859375,1308.5718994140625,-1,-1,-1,-1
421,30,-54.34895324707031,135.99534606933594,771.4844970703125,1071.3128662109375,-1,-1,-1,-1
422,30,-6.624351501464844,94.34251403808594,642.4962768554688,1150.854248046875,-1,-1,-1,-1
423,30,200.6247100830078,222.333251953125,386.4947509765625,972.472900390625,-1,-1,-1,-1
413,31,663.1216430664062,1204.237060546875,256.0341796875,217.6602783203125,-1,-1,-1,-1
414,31,561.6224975585938,1165.693359375,375.3387451171875,275.603515625,-1,-1,-1,-1
415,31,507.4537658691406,1155.1025390625,420.6152038574219,276.738037109375,-1,-1,-1,-1
416,31,638.4091186523438,1260.411865234375,316.06329345703125,201.13818359375,-1,-1,-1,-1
417,31,679.736083984375,1313.7816162109375,255.49462890625,159.275146484375,-1,-1,-1,-1
418,31,515.4119262695312,828.2439575195312,235.45416259765625,253.31561279296875,-1,-1,-1,-1
419,31,106.365966796875,371.17327880859375,1195.803955078125,1058.69873046875,-1,-1,-1,-1
420,31,67.97166442871094,197.13699340820312,1360.6446533203125,1218.5943603515625,-1,-1,-1,-1
421,31,66.406494140625,49.67310333251953,1396.0166015625,1395.8916015625,-1,-1,-1,-1
422,31,24.884540557861328,71.7313461303711,1379.739990234375,1363.3658447265625,-1,-1,-1,-1
423,31,42.10737228393555,127.80279541015625,1365.677734375,1312.543212890625,-1,-1,-1,-1
424,31,79.40596771240234,159.93426513671875,1346.388427734375,1264.309814453125,-1,-1,-1,-1
425,31,88.15254211425781,221.45474243164062,1308.8592529296875,1202.2432861328125,-1,-1,-1,-1
426,31,139.09422302246094,207.5723114013672,1268.1572265625,1209.96337890625,-1,-1,-1,-1
427,31,142.62881469726562,151.12269592285156,1269.3489990234375,1267.7960205078125,-1,-1,-1,-1
428,31,161.72158813476562,221.41983032226562,1232.501708984375,1195.936767578125,-1,-1,-1,-1
429,31,199.0752410888672,252.41212463378906,1193.45947265625,1166.1025390625,-1,-1,-1,-1
430,31,153.86434936523438,194.8790740966797,1229.85302734375,1214.741943359375,-1,-1,-1,-1
431,31,244.6074676513672,261.2357177734375,1105.250244140625,1154.45751953125,-1,-1,-1,-1
432,31,449.78009033203125,422.7754211425781,826.8624877929688,924.85595703125,-1,-1,-1,-1
433,31,296.20245361328125,428.7532653808594,1091.799560546875,984.071533203125,-1,-1,-1,-1
434,31,771.315185546875,523.001220703125,566.9906005859375,746.121826171875,-1,-1,-1,-1
435,31,913.91748046875,636.96630859375,168.493408203125,382.25714111328125,-1,-1,-1,-1
436,31,923.6236572265625,629.3350830078125,186.6627197265625,383.30352783203125,-1,-1,-1,-1
437,31,920.8681030273438,628.8754272460938,184.76812744140625,386.36773681640625,-1,-1,-1,-1
438,31,928.96044921875,610.6607666015625,175.3975830078125,392.1287841796875,-1,-1,-1,-1
439,31,939.49755859375,575.3619995117188,174.7083740234375,403.89544677734375,-1,-1,-1,-1
440,31,921.9267578125,537.2933349609375,166.4759521484375,399.95574951171875,-1,-1,-1,-1
441,31,867.1414184570312,515.01220703125,173.56805419921875,394.47821044921875,-1,-1,-1,-1
442,31,836.087646484375,512.4844360351562,161.7281494140625,387.201904296875,-1,-1,-1,-1
443,31,826.707275390625,513.9935302734375,151.2996826171875,376.16668701171875,-1,-1,-1,-1
444,31,803.7184448242188,505.72955322265625,141.21337890625,345.70843505859375,-1,-1,-1,-1
445,31,779.13916015625,501.6558532714844,126.3358154296875,339.1418762207031,-1,-1,-1,-1
446,31,771.0938110351562,499.129150390625,113.12310791015625,346.10101318359375,-1,-1,-1,-1
447,31,767.8489990234375,493.21661376953125,116.70477294921875,353.742431640625,-1,-1,-1,-1
448,31,764.4006958007812,487.2814025878906,128.309326171875,359.5181579589844,-1,-1,-1,-1
449,31,757.6362915039062,474.4010009765625,143.3992919921875,366.364501953125,-1,-1,-1,-1
450,31,752.29833984375,461.74755859375,159.4664306640625,370.93218994140625,-1,-1,-1,-1
451,31,755.1734008789062,455.1307678222656,160.304443359375,370.7323303222656,-1,-1,-1,-1
452,31,746.4254150390625,469.85638427734375,170.0721435546875,363.55938720703125,-1,-1,-1,-1
453,31,741.2924194335938,486.6370544433594,177.4395751953125,356.3607482910156,-1,-1,-1,-1
454,31,742.6083984375,489.1203918457031,179.42791748046875,360.9911804199219,-1,-1,-1,-1
455,31,748.205322265625,478.2978820800781,169.40228271484375,370.0738830566406,-1,-1,-1,-1
456,31,768.0698852539062,487.88916015625,161.19927978515625,380.56561279296875,-1,-1,-1,-1
457,31,797.0810546875,517.530517578125,154.760986328125,391.206787109375,-1,-1,-1,-1
458,31,805.7156982421875,531.128173828125,169.19061279296875,394.8311767578125,-1,-1,-1,-1
459,31,800.1907348632812,516.142333984375,188.2757568359375,397.7550048828125,-1,-1,-1,-1
460,31,798.2218017578125,529.1856689453125,188.9708251953125,399.26959228515625,-1,-1,-1,-1
461,31,791.3720703125,572.12109375,183.85400390625,404.267578125,-1,-1,-1,-1
462,31,793.2750854492188,621.5380859375,164.76416015625,398.995361328125,-1,-1,-1,-1
463,31,790.7962646484375,650.683349609375,159.896240234375,395.630615234375,-1,-1,-1,-1
464,31,790.102783203125,640.5794677734375,149.50439453125,405.5386962890625,-1,-1,-1,-1
465,31,806.3569946289062,637.513916015625,145.16046142578125,422.0203857421875,-1,-1,-1,-1
466,31,803.5801391601562,604.0731201171875,156.43975830078125,428.927490234375,-1,-1,-1,-1
467,31,808.7299194335938,593.8107299804688,185.01617431640625,433.74530029296875,-1,-1,-1,-1
468,31,817.3032836914062,582.5592041015625,206.8682861328125,435.29571533203125,-1,-1,-1,-1
469,31,825.8668212890625,558.3004760742188,215.65234375,432.36260986328125,-1,-1,-1,-1
470,31,842.2012329101562,515.2667236328125,214.28192138671875,434.92742919921875,-1,-1,-1,-1
471,31,842.945556640625,525.1305541992188,208.2064208984375,431.77764892578125,-1,-1,-1,-1
472,31,838.9871215820312,553.0394897460938,197.62884521484375,428.59716796875,-1,-1,-1,-1
473,31,843.389404296875,577.7486572265625,196.980712890625,433.41943359375,-1,-1,-1,-1
474,31,850.6486206054688,613.5720825195312,195.38763427734375,448.50091552734375,-1,-1,-1,-1
475,31,860.718017578125,603.0591430664062,173.8221435546875,465.82928466796875,-1,-1,-1,-1
476,31,874.0531005859375,580.27685546875,189.5472412109375,478.39306640625,-1,-1,-1,-1
477,31,876.7865600585938,573.7939453125,193.71966552734375,489.4647216796875,-1,-1,-1,-1
478,31,838.7653198242188,544.9651489257812,219.75274658203125,485.74456787109375,-1,-1,-1,-1
479,31,812.730224609375,510.2987365722656,231.60791015625,478.6793518066406,-1,-1,-1,-1
480,31,802.3392333984375,454.4000244140625,236.0247802734375,475.42413330078125,-1,-1,-1,-1
481,31,787.6915283203125,403.9462890625,244.0970458984375,479.76611328125,-1,-1,-1,-1
482,31,771.5491943359375,393.7823486328125,238.08544921875,477.5228271484375,-1,-1,-1,-1
483,31,766.55322265625,402.9454650878906,222.63116455078125,477.9297790527344,-1,-1,-1,-1
484,31,775.6043090820312,429.7298583984375,197.2691650390625,479.05938720703125,-1,-1,-1,-1
485,31,778.76318359375,428.3091125488281,167.44378662109375,490.7339782714844,-1,-1,-1,-1
486,31,740.2565307617188,420.8360290527344,171.8714599609375,496.1801452636719,-1,-1,-1,-1
487,31,683.5540771484375,399.4329833984375,183.343017578125,497.684814453125,-1,-1,-1,-1
488,31,615.5585327148438,384.0569152832031,191.55364990234375,498.8559265136719,-1,-1,-1,-1
489,31,583.8148803710938,366.2147216796875,191.62078857421875,498.81195068359375,-1,-1,-1,-1
490,31,584.2444458007812,352.05230712890625,175.89678955078125,501.01287841796875,-1,-1,-1,-1
491,31,593.140869140625,354.1047668457031,163.9320068359375,502.5205993652344,-1,-1,-1,-1
492,31,609.0302734375,365.9558410644531,158.4979248046875,508.8894348144531,-1,-1,-1,-1
493,31,632.2210083007812,406.91729736328125,161.54583740234375,509.81695556640625,-1,-1,-1,-1
494,31,652.0765991210938,421.859619140625,168.0557861328125,510.46844482421875,-1,-1,-1,-1
495,31,659.3150024414062,445.2434997558594,177.05419921875,511.8262023925781,-1,-1,-1,-1
496,31,642.3642578125,486.1130676269531,178.91375732421875,509.6689147949219,-1,-1,-1,-1
497,31,600.2696533203125,514.8015747070312,179.167724609375,511.08349609375,-1,-1,-1,-1
498,31,558.072998046875,490.5313720703125,178.0396728515625,505.8236083984375,-1,-1,-1,-1
499,31,508.276611328125,462.3394470214844,183.70831298828125,493.7959899902344,-1,-1,-1,-1
500,31,470.8509826660156,443.5193786621094,191.21542358398438,489.8299865722656,-1,-1,-1,-1
501,31,450.2680358886719,426.67108154296875,210.35598754882812,486.56134033203125,-1,-1,-1,-1
502,31,440.9814453125,424.88385009765625,225.228515625,478.35675048828125,-1,-1,-1,-1
503,31,435.02801513671875,400.7046813964844,239.05096435546875,469.7130432128906,-1,-1,-1,-1
504,31,438.5982666015625,382.2802734375,250.91253662109375,464.1627197265625,-1,-1,-1,-1
505,31,444.99517822265625,375.346923828125,254.89947509765625,467.8074951171875,-1,-1,-1,-1
506,31,423.149169921875,384.9556579589844,267.52166748046875,469.3222961425781,-1,-1,-1,-1
507,31,403.6268310546875,391.12701416015625,265.5579833984375,474.36175537109375,-1,-1,-1,-1
508,31,391.3951721191406,426.1029357910156,252.54251098632812,473.5286560058594,-1,-1,-1,-1
509,31,393.8613586425781,460.8551330566406,231.58389282226562,469.5299987792969,-1,-1,-1,-1
510,31,402.31854248046875,461.981689453125,214.4022216796875,467.678955078125,-1,-1,-1,-1
511,31,420.3520812988281,471.0432434082031,194.82138061523438,462.6186218261719,-1,-1,-1,-1
512,31,446.7192077636719,469.4250793457031,182.18881225585938,460.6893615722656,-1,-1,-1,-1
513,31,481.68389892578125,477.0250244140625,173.21881103515625,455.16534423828125,-1,-1,-1,-1
514,31,530.1277465820312,472.85711669921875,167.89306640625,449.53131103515625,-1,-1,-1,-1
515,31,548.464111328125,493.6217041015625,165.10528564453125,446.2802734375,-1,-1,-1,-1
516,31,544.108154296875,493.30218505859375,168.74359130859375,445.96441650390625,-1,-1,-1,-1
517,31,551.40869140625,479.1282958984375,192.491943359375,439.59503173828125,-1,-1,-1,-1
518,31,567.7813720703125,457.7221374511719,211.8695068359375,433.8756408691406,-1,-1,-1,-1
519,31,579.2232055664062,448.43914794921875,210.50103759765625,433.093994140625,-1,-1,-1,-1
520,31,595.5009155273438,444.67266845703125,198.142333984375,437.19342041015625,-1,-1,-1,-1
521,31,624.0294189453125,450.43212890625,175.9818115234375,443.8787841796875,-1,-1,-1,-1
522,31,644.1266479492188,425.7942199707031,153.6630859375,454.5252990722656,-1,-1,-1,-1
523,31,660.7864379882812,424.01593017578125,125.25836181640625,462.89007568359375,-1,-1,-1,-1
524,31,641.4122314453125,405.2875061035156,151.70599365234375,472.2189636230469,-1,-1,-1,-1
525,31,609.409912109375,353.4549865722656,191.92315673828125,478.8605651855469,-1,-1,-1,-1
526,31,596.0247192382812,287.8705139160156,224.87890625,490.0700988769531,-1,-1,-1,-1
527,31,629.918701171875,238.2431182861328,241.5771484375,496.56591796875,-1,-1,-1,-1
528,31,673.8607177734375,235.48976135253906,263.09698486328125,493.9669189453125,-1,-1,-1,-1
529,31,698.4940795898438,267.22271728515625,280.38616943359375,482.5018310546875,-1,-1,-1,-1
530,31,719.5297241210938,306.32489013671875,281.21551513671875,473.64764404296875,-1,-1,-1,-1
531,31,742.9087524414062,311.8341369628906,249.44232177734375,466.7360534667969,-1,-1,-1,-1
532,31,762.24609375,334.1355895996094,212.59613037109375,448.2317810058594,-1,-1,-1,-1
533,31,763.3801879882812,322.1268615722656,158.7445068359375,449.5169372558594,-1,-1,-1,-1
534,31,716.4813842773438,275.5410461425781,143.4964599609375,451.4659118652344,-1,-1,-1,-1
535,31,652.5195922851562,259.02032470703125,167.68109130859375,447.8443603515625,-1,-1,-1,-1
536,31,594.36328125,263.966064453125,180.3388671875,445.9398193359375,-1,-1,-1,-1
537,31,556.6373291015625,269.5352783203125,189.49676513671875,446.09222412109375,-1,-1,-1,-1
538,31,515.58837890625,290.5364990234375,179.3782958984375,442.6812744140625,-1,-1,-1,-1
539,31,439.33294677734375,321.89892578125,178.97149658203125,438.6995849609375,-1,-1,-1,-1
540,31,313.54376220703125,362.2333984375,187.58038330078125,434.86370849609375,-1,-1,-1,-1
541,31,208.31448364257812,401.57830810546875,188.82009887695312,422.19818115234375,-1,-1,-1,-1
542,31,150.7365264892578,419.397216796875,192.6249237060547,426.4228515625,-1,-1,-1,-1
543,31,118.55620574951172,400.41009521484375,191.5989990234375,437.06048583984375,-1,-1,-1,-1
544,31,103.85560607910156,368.6554870605469,192.63084411621094,445.2310485839844,-1,-1,-1,-1
545,31,96.93225860595703,352.41033935546875,216.22076416015625,444.5994873046875,-1,-1,-1,-1
546,31,70.10847473144531,355.817626953125,255.86305236816406,445.6571044921875,-1,-1,-1,-1
547,31,44.88890838623047,387.2516784667969,268.1481628417969,445.5563049316406,-1,-1,-1,-1
548,31,20.065044403076172,429.40716552734375,263.153564453125,441.9150390625,-1,-1,-1,-1
549,31,-5.933452606201172,460.8042297363281,237.15379333496094,447.3040466308594,-1,-1,-1,-1
550,31,-83.33859252929688,517.0013427734375,244.31045532226562,412.5633544921875,-1,-1,-1,-1
551,31,160.36886596679688,457.5227355957031,239.55328369140625,404.0145568847656,-1,-1,-1,-1
421,32,226.31863403320312,167.9313507080078,235.95993041992188,479.947998046875,-1,-1,-1,-1
422,32,205.84751892089844,142.8443145751953,310.32037353515625,510.30352783203125,-1,-1,-1,-1
423,32,287.5344543457031,240.77658081054688,271.5270690917969,432.9457092285156,-1,-1,-1,-1
424,32,348.3689880371094,257.0218811035156,260.6721496582031,432.9281311035156,-1,-1,-1,-1
425,32,411.1376953125,292.1455383300781,248.16754150390625,428.3498840332031,-1,-1,-1,-1
426,32,498.438232421875,354.3629455566406,210.4503173828125,399.1623229980469,-1,-1,-1,-1
427,32,557.4159545898438,395.2945861816406,150.8206787109375,373.0564880371094,-1,-1,-1,-1
428,32,577.683837890625,429.86883544921875,126.9188232421875,402.76678466796875,-1,-1,-1,-1
429,32,599.2026977539062,472.777587890625,120.74237060546875,374.43701171875,-1,-1,-1,-1
430,32,654.2685546875,506.76348876953125,124.616455078125,323.694091796875,-1,-1,-1,-1
431,32,725.2783203125,522.2915649414062,123.12945556640625,295.95440673828125,-1,-1,-1,-1
432,32,743.887451171875,540.1830444335938,155.770751953125,354.02484130859375,-1,-1,-1,-1
433,32,727.2224731445312,608.1055297851562,124.57745361328125,238.8807373046875,-1,-1,-1,-1
434,32,805.50634765625,648.0786743164062,110.32220458984375,215.81707763671875,-1,-1,-1,-1
435,32,868.373291015625,670.7090454101562,109.10101318359375,217.81170654296875,-1,-1,-1,-1
436,32,918.2330932617188,662.44970703125,104.85845947265625,229.42486572265625,-1,-1,-1,-1
437,32,927.849609375,671.9443359375,113.2877197265625,228.0638427734375,-1,-1,-1,-1
438,32,931.91015625,660.0722045898438,127.136474609375,231.3514404296875,-1,-1,-1,-1
439,32,947.04345703125,600.5505981445312,150.559326171875,347.74072265625,-1,-1,-1,-1
425,33,177.79307556152344,350.9753723144531,123.92121887207031,255.81851196289062,-1,-1,-1,-1
426,33,294.2346496582031,406.11004638671875,112.45855712890625,223.19451904296875,-1,-1,-1,-1
427,33,387.14849853515625,439.70404052734375,106.0230712890625,208.361328125,-1,-1,-1,-1
428,33,413.8411560058594,452.30859375,118.28518676757812,223.59246826171875,-1,-1,-1,-1
429,33,438.90362548828125,513.2075805664062,138.3712158203125,197.31829833984375,-1,-1,-1,-1
430,33,516.5902709960938,545.9943237304688,139.30120849609375,199.90771484375,-1,-1,-1,-1
431,33,604.497802734375,568.8968505859375,130.991455078125,197.26812744140625,-1,-1,-1,-1
432,33,665.3963012695312,595.512451171875,124.90899658203125,193.14691162109375,-1,-1,-1,-1
433,33,568.8491821289062,614.4984130859375,56.635986328125,122.62579345703125,-1,-1,-1,-1
434,33,810.0672607421875,656.6498413085938,98.76007080078125,170.57733154296875,-1,-1,-1,-1
433,34,14.058456420898438,508.5904235839844,138.34300231933594,282.7732849121094,-1,-1,-1,-1
434,34,96.26637268066406,543.550537109375,139.22291564941406,270.203857421875,-1,-1,-1,-1
435,34,167.69540405273438,569.1793212890625,123.04925537109375,264.90899658203125,-1,-1,-1,-1
436,34,215.57955932617188,579.0884399414062,110.011962890625,263.7139892578125,-1,-1,-1,-1
437,34,240.70095825195312,592.54541015625,101.21646118164062,263.2718505859375,-1,-1,-1,-1
438,34,255.48892211914062,575.0765380859375,103.32257080078125,265.733154296875,-1,-1,-1,-1
439,34,262.12066650390625,533.1884765625,113.400146484375,272.00823974609375,-1,-1,-1,-1
440,34,236.53041076660156,493.86517333984375,120.58638000488281,281.2257080078125,-1,-1,-1,-1
441,34,192.50308227539062,478.3717041015625,137.90631103515625,285.9718017578125,-1,-1,-1,-1
442,34,166.43408203125,468.93316650390625,140.7747802734375,294.2960205078125,-1,-1,-1,-1
443,34,156.24957275390625,466.6127014160156,137.31936645507812,298.5166931152344,-1,-1,-1,-1
444,34,142.58255004882812,472.8902893066406,135.3277587890625,301.2641296386719,-1,-1,-1,-1
445,34,125.80815124511719,479.345947265625,134.36720275878906,306.5205078125,-1,-1,-1,-1
446,34,118.29458618164062,487.085205078125,133.58648681640625,308.47393798828125,-1,-1,-1,-1
447,34,126.51860809326172,488.4150390625,128.72989654541016,312.5601806640625,-1,-1,-1,-1
448,34,142.8498992919922,482.7259216308594,124.30097961425781,313.7761535644531,-1,-1,-1,-1
449,34,153.31808471679688,475.8515625,128.74966430664062,318.317626953125,-1,-1,-1,-1
450,34,155.13818359375,475.60235595703125,154.18045043945312,318.1090087890625,-1,-1,-1,-1
451,34,156.068359375,483.4815673828125,177.45404052734375,320.21282958984375,-1,-1,-1,-1
452,34,160.2224884033203,509.04486083984375,186.30479431152344,322.04638671875,-1,-1,-1,-1
453,34,174.4870147705078,529.33935546875,183.1398162841797,324.31536865234375,-1,-1,-1,-1
454,34,194.5649871826172,535.9712524414062,181.17762756347656,325.87255859375,-1,-1,-1,-1
455,34,213.91162109375,536.6126708984375,179.0506591796875,325.6988525390625,-1,-1,-1,-1
456,34,240.09951782226562,549.7027587890625,168.87887573242188,326.6328125,-1,-1,-1,-1
457,34,268.6292419433594,578.3348999023438,159.02828979492188,328.07611083984375,-1,-1,-1,-1
458,34,282.02862548828125,597.686279296875,159.21804809570312,332.66436767578125,-1,-1,-1,-1
459,34,285.748291015625,585.4920654296875,165.33724975585938,337.45977783203125,-1,-1,-1,-1
460,34,283.9003601074219,580.7326049804688,164.74041748046875,340.73797607421875,-1,-1,-1,-1
461,34,270.583740234375,603.6966552734375,158.36715698242188,346.02978515625,-1,-1,-1,-1
462,34,257.895263671875,641.0443725585938,164.46151733398438,351.1510009765625,-1,-1,-1,-1
463,34,255.69094848632812,664.2164306640625,166.01358032226562,356.434326171875,-1,-1,-1,-1
464,34,257.97479248046875,650.2150268554688,169.19586181640625,358.1925048828125,-1,-1,-1,-1
465,34,265.7062072753906,657.779296875,168.58221435546875,364.502197265625,-1,-1,-1,-1
466,34,260.71490478515625,631.946044921875,174.74972534179688,367.64617919921875,-1,-1,-1,-1
467,34,278.89019775390625,641.0530395507812,177.88119506835938,371.65460205078125,-1,-1,-1,-1
468,34,291.1676025390625,643.3603515625,186.99392700195312,374.438720703125,-1,-1,-1,-1
469,34,297.037109375,617.4173583984375,202.27133178710938,376.3642578125,-1,-1,-1,-1
470,34,301.33856201171875,577.482421875,218.3802490234375,376.0782470703125,-1,-1,-1,-1
471,34,295.94195556640625,579.1834716796875,223.5843505859375,378.6304931640625,-1,-1,-1,-1
472,34,288.54730224609375,595.9456176757812,227.352294921875,388.59710693359375,-1,-1,-1,-1
473,34,294.3227844238281,626.385986328125,221.13577270507812,397.5107421875,-1,-1,-1,-1
474,34,302.3760070800781,658.900634765625,215.30575561523438,413.250732421875,-1,-1,-1,-1
475,34,307.31787109375,643.544189453125,212.21124267578125,420.3990478515625,-1,-1,-1,-1
476,34,309.5034484863281,629.576904296875,209.99264526367188,427.5291748046875,-1,-1,-1,-1
477,34,298.600341796875,617.4659423828125,197.24356079101562,438.7347412109375,-1,-1,-1,-1
478,34,259.54876708984375,600.3966674804688,209.35052490234375,449.39593505859375,-1,-1,-1,-1
479,34,226.67166137695312,577.8612060546875,214.1572265625,457.1929931640625,-1,-1,-1,-1
480,34,205.96900939941406,537.970458984375,225.61097717285156,458.71112060546875,-1,-1,-1,-1
481,34,189.2032470703125,510.6072692871094,243.59304809570312,458.9827575683594,-1,-1,-1,-1
482,34,177.29922485351562,503.8813781738281,256.1490173339844,465.8289489746094,-1,-1,-1,-1
483,34,169.40658569335938,515.5626831054688,261.3055114746094,475.67767333984375,-1,-1,-1,-1
484,34,176.45306396484375,547.2418212890625,254.53070068359375,483.1988525390625,-1,-1,-1,-1
485,34,181.61569213867188,543.1484375,251.768310546875,489.2462158203125,-1,-1,-1,-1
486,34,126.87602996826172,542.7710571289062,266.66094970703125,506.07012939453125,-1,-1,-1,-1
487,34,41.48607635498047,512.6408081054688,295.5141906738281,541.5149536132812,-1,-1,-1,-1
488,34,-29.219703674316406,506.9443664550781,301.9567565917969,566.3580322265625,-1,-1,-1,-1
489,34,-75.9597396850586,490.3961181640625,324.6432800292969,574.4312744140625,-1,-1,-1,-1
490,34,-77.10887145996094,481.9750671386719,326.5018310546875,572.6455078125,-1,-1,-1,-1
491,34,-96.50749969482422,484.03680419921875,357.0708312988281,576.6904907226562,-1,-1,-1,-1
492,34,-83.65208435058594,499.18597412109375,361.78021240234375,570.5335083007812,-1,-1,-1,-1
493,34,-65.40618896484375,530.3861083984375,354.63525390625,564.8126220703125,-1,-1,-1,-1
494,34,-52.78923797607422,538.7142333984375,355.87371826171875,561.07568359375,-1,-1,-1,-1
495,34,-71.5787582397461,546.608642578125,373.24481201171875,553.646240234375,-1,-1,-1,-1
496,34,-122.4130859375,558.27734375,385.0855712890625,575.603271484375,-1,-1,-1,-1
497,34,-201.7845916748047,585.99609375,446.85858154296875,590.913330078125,-1,-1,-1,-1
498,34,-198.35733032226562,621.0630493164062,401.86712646484375,524.8456420898438,-1,-1,-1,-1
499,34,-243.3156280517578,460.06121826171875,489.65673828125,854.0549926757812,-1,-1,-1,-1
441,37,935.6056518554688,571.9100341796875,106.27227783203125,248.22589111328125,-1,-1,-1,-1
442,37,906.4337158203125,569.3065795898438,117.20111083984375,245.3546142578125,-1,-1,-1,-1
443,37,905.5557250976562,564.8221435546875,113.19744873046875,240.8846435546875,-1,-1,-1,-1
444,37,904.0601806640625,556.569580078125,115.0640869140625,237.76947021484375,-1,-1,-1,-1
445,37,896.1202392578125,554.466552734375,118.30450439453125,230.612060546875,-1,-1,-1,-1
446,37,892.4617309570312,554.927001953125,122.79644775390625,229.67822265625,-1,-1,-1,-1
447,37,898.190185546875,566.1520385742188,126.23577880859375,222.66259765625,-1,-1,-1,-1
448,37,905.460205078125,556.961181640625,138.7349853515625,235.5440673828125,-1,-1,-1,-1
449,37,918.744873046875,550.2605590820312,141.9110107421875,241.1885986328125,-1,-1,-1,-1
450,37,926.7979736328125,529.26220703125,143.33251953125,251.98944091796875,-1,-1,-1,-1
451,37,937.2899169921875,510.31170654296875,140.7354736328125,263.11785888671875,-1,-1,-1,-1
452,37,954.4457397460938,514.1581420898438,133.40045166015625,264.12127685546875,-1,-1,-1,-1
453,37,979.6103515625,516.8926391601562,125.4791259765625,274.70867919921875,-1,-1,-1,-1
454,37,1013.0731201171875,513.3971557617188,116.21484375,283.15203857421875,-1,-1,-1,-1
455,37,1037.1849365234375,505.2340087890625,121.0196533203125,288.3857421875,-1,-1,-1,-1
456,37,1066.39208984375,514.8969116210938,124.4310302734375,296.20196533203125,-1,-1,-1,-1
457,37,1095.2283935546875,544.7449951171875,129.9964599609375,304.5130615234375,-1,-1,-1,-1
458,37,1114.774169921875,551.0979614257812,135.2987060546875,309.57586669921875,-1,-1,-1,-1
459,37,1120.7847900390625,532.8123168945312,148.92041015625,312.51568603515625,-1,-1,-1,-1
460,37,1127.7320556640625,545.9293212890625,156.5775146484375,319.18359375,-1,-1,-1,-1
461,37,1130.499755859375,599.7645874023438,158.551513671875,317.5101318359375,-1,-1,-1,-1
462,37,1144.96044921875,644.0708618164062,156.8038330078125,326.26904296875,-1,-1,-1,-1
463,37,1171.2711181640625,673.06103515625,159.1199951171875,335.389892578125,-1,-1,-1,-1
464,37,1193.2568359375,670.890380859375,171.3734130859375,340.3802490234375,-1,-1,-1,-1
465,37,1222.195556640625,668.9867553710938,177.8438720703125,349.25482177734375,-1,-1,-1,-1
466,37,1224.822265625,640.5371704101562,185.7796630859375,354.6673583984375,-1,-1,-1,-1
467,37,1246.817138671875,613.4927368164062,166.3682861328125,358.20233154296875,-1,-1,-1,-1
468,37,1268.093505859375,582.8275146484375,160.9622802734375,359.11297607421875,-1,-1,-1,-1
469,37,1286.38232421875,560.3446044921875,170.431640625,357.96270751953125,-1,-1,-1,-1
470,37,1311.6668701171875,534.908935546875,159.07080078125,350.7615966796875,-1,-1,-1,-1
471,37,1325.3800048828125,536.473388671875,149.1524658203125,366.1485595703125,-1,-1,-1,-1
472,37,1329.89892578125,541.5072631835938,158.8275146484375,400.85345458984375,-1,-1,-1,-1
473,37,1306.4573974609375,613.2089233398438,206.0618896484375,384.05682373046875,-1,-1,-1,-1
474,38,43.16063690185547,714.1632690429688,27.259780883789062,69.14306640625,-1,-1,-1,-1
475,38,59.38584518432617,707.598876953125,27.930988311767578,64.1278076171875,-1,-1,-1,-1
476,38,67.8272933959961,704.9569702148438,28.33623504638672,68.81451416015625,-1,-1,-1,-1
477,38,63.33001708984375,692.1446533203125,30.58606719970703,75.816650390625,-1,-1,-1,-1
478,38,31.29787254333496,693.3005981445312,31.16982078552246,71.9013671875,-1,-1,-1,-1
479,38,238.06900024414062,719.2018432617188,84.00503540039062,106.7657470703125,-1,-1,-1,-1
480,38,204.98898315429688,606.1273803710938,159.156005859375,288.24224853515625,-1,-1,-1,-1
481,38,196.4473876953125,519.5714721679688,218.7242431640625,418.2315673828125,-1,-1,-1,-1
522,39,1319.9700927734375,612.67822265625,34.92431640625,73.57635498046875,-1,-1,-1,-1
523,39,1305.328125,610.4840087890625,34.6826171875,69.984619140625,-1,-1,-1,-1
524,39,1270.2310791015625,578.66259765625,35.21533203125,72.78533935546875,-1,-1,-1,-1
525,39,1232.9200439453125,521.6795654296875,33.0047607421875,69.1226806640625,-1,-1,-1,-1
526,39,1224.184326171875,468.63946533203125,38.56591796875,71.32952880859375,-1,-1,-1,-1
527,39,1257.6160888671875,442.18206787109375,40.434326171875,70.74615478515625,-1,-1,-1,-1
528,39,1243.3109130859375,434.3286437988281,35.9031982421875,61.05126953125,-1,-1,-1,-1
529,39,862.2083740234375,443.4283142089844,102.57861328125,102.87490844726562,-1,-1,-1,-1
531,39,776.7852783203125,354.6100769042969,203.46368408203125,294.0649719238281,-1,-1,-1,-1
532,39,781.757568359375,350.5745849609375,181.03167724609375,335.52532958984375,-1,-1,-1,-1
552,40,1065.409423828125,316.7136535644531,357.367431640625,537.4210205078125,-1,-1,-1,-1
553,40,979.7455444335938,305.16650390625,383.71051025390625,527.0530395507812,-1,-1,-1,-1
554,40,954.1109619140625,307.9998779296875,414.0791015625,519.2747192382812,-1,-1,-1,-1
555,40,974.8032836914062,340.8719787597656,424.07318115234375,523.418212890625,-1,-1,-1,-1
556,40,979.5252685546875,377.0205078125,419.189453125,517.071533203125,-1,-1,-1,-1
557,40,994.7488403320312,387.4044494628906,405.33880615234375,529.0289306640625,-1,-1,-1,-1
558,40,1021.4639282226562,377.4988098144531,398.94793701171875,547.5216064453125,-1,-1,-1,-1
559,40,1023.9757690429688,389.4508056640625,291.61553955078125,565.952880859375,-1,-1,-1,-1
560,40,977.1146240234375,399.9201965332031,223.8895263671875,578.7254638671875,-1,-1,-1,-1
561,40,937.9385986328125,389.252197265625,207.5511474609375,562.8855590820312,-1,-1,-1,-1
562,40,928.2472534179688,385.80853271484375,217.32232666015625,546.0504760742188,-1,-1,-1,-1
563,40,894.7882690429688,357.31878662109375,243.22052001953125,539.023193359375,-1,-1,-1,-1
564,40,893.8993530273438,345.1395263671875,251.09136962890625,538.7685546875,-1,-1,-1,-1
565,40,901.9398193359375,352.3578186035156,273.0552978515625,540.6435546875,-1,-1,-1,-1
566,40,937.6453247070312,362.56878662109375,308.03485107421875,530.4625854492188,-1,-1,-1,-1
567,40,1061.67578125,354.86590576171875,351.3350830078125,558.1024780273438,-1,-1,-1,-1
569,42,-1.044351577758789,461.03240966796875,266.2216491699219,345.8226318359375,-1,-1,-1,-1
570,42,95.80506134033203,437.1718444824219,271.3453674316406,335.0740661621094,-1,-1,-1,-1
571,42,166.47032165527344,413.288818359375,251.53187561035156,321.35723876953125,-1,-1,-1,-1
572,42,201.31834411621094,379.19232177734375,241.3708038330078,324.67181396484375,-1,-1,-1,-1
573,42,232.39935302734375,362.17340087890625,225.71994018554688,326.7152099609375,-1,-1,-1,-1
574,42,260.13818359375,357.44793701171875,218.68438720703125,324.50628662109375,-1,-1,-1,-1
575,42,297.06951904296875,368.8112487792969,209.07803344726562,318.5228576660156,-1,-1,-1,-1
576,42,333.0038757324219,384.93353271484375,203.78616333007812,315.0482177734375,-1,-1,-1,-1
577,42,366.66351318359375,419.20306396484375,189.4398193359375,311.3153076171875,-1,-1,-1,-1
578,42,393.4237365722656,445.845703125,184.51376342773438,307.31365966796875,-1,-1,-1,-1
579,42,416.18572998046875,458.8919677734375,182.61700439453125,302.23095703125,-1,-1,-1,-1
580,42,435.6127014160156,469.93524169921875,166.99374389648438,302.61773681640625,-1,-1,-1,-1
581,42,460.357177734375,471.60772705078125,146.0234375,307.24664306640625,-1,-1,-1,-1
582,42,485.9272766113281,460.857177734375,127.25912475585938,304.87457275390625,-1,-1,-1,-1
583,42,508.6261291503906,429.8026428222656,127.20571899414062,318.3728942871094,-1,-1,-1,-1
584,42,537.4443359375,418.93170166015625,127.1893310546875,325.5443115234375,-1,-1,-1,-1
585,42,557.4089965820312,409.2467956542969,131.53424072265625,323.2277526855469,-1,-1,-1,-1
586,42,598.0734252929688,409.0369567871094,128.48504638671875,319.1907043457031,-1,-1,-1,-1
587,42,627.1052856445312,428.6852111816406,136.15130615234375,316.0705261230469,-1,-1,-1,-1
588,42,649.4190673828125,417.8921203613281,154.959716796875,318.0346374511719,-1,-1,-1,-1
589,42,666.5970458984375,399.7390441894531,164.73291015625,317.6709899902344,-1,-1,-1,-1
590,42,687.764892578125,369.09405517578125,182.2188720703125,333.56646728515625,-1,-1,-1,-1
591,42,687.1783447265625,371.3094177246094,191.33935546875,340.3160705566406,-1,-1,-1,-1
592,42,691.4930419921875,373.24591064453125,189.36444091796875,347.65936279296875,-1,-1,-1,-1
593,42,694.6939697265625,376.52490234375,176.6866455078125,356.41204833984375,-1,-1,-1,-1
594,42,700.7583618164062,373.3074035644531,169.14373779296875,369.7806701660156,-1,-1,-1,-1
595,42,721.2701416015625,333.3384094238281,159.0350341796875,390.8865661621094,-1,-1,-1,-1
596,42,742.6585693359375,324.3713684082031,146.27935791015625,399.0342712402344,-1,-1,-1,-1
597,42,752.3479614257812,324.4070739746094,133.5308837890625,405.5725402832031,-1,-1,-1,-1
598,42,733.7006225585938,319.12030029296875,150.11614990234375,413.5966796875,-1,-1,-1,-1
599,42,706.205078125,277.6467590332031,187.75140380859375,427.2326965332031,-1,-1,-1,-1
600,42,718.245849609375,233.2833709716797,214.2215576171875,440.05120849609375,-1,-1,-1,-1
601,42,731.78857421875,241.97877502441406,218.160400390625,444.20965576171875,-1,-1,-1,-1
602,42,743.352294921875,270.6147155761719,221.6968994140625,448.0428771972656,-1,-1,-1,-1
603,42,758.5220336914062,286.59832763671875,227.9779052734375,459.37933349609375,-1,-1,-1,-1
604,42,777.0816650390625,286.555908203125,231.29974365234375,471.99066162109375,-1,-1,-1,-1
605,42,809.4859008789062,286.9133605957031,225.17254638671875,481.4792785644531,-1,-1,-1,-1
606,42,809.7509155273438,313.0640563964844,217.61773681640625,480.4471740722656,-1,-1,-1,-1
607,42,778.014892578125,303.7341613769531,224.3292236328125,483.0789489746094,-1,-1,-1,-1
608,42,753.667724609375,263.0091552734375,232.90283203125,490.4749755859375,-1,-1,-1,-1
609,42,742.650390625,240.72970581054688,238.71234130859375,496.8597717285156,-1,-1,-1,-1
610,42,726.6721801757812,270.61126708984375,253.87982177734375,492.96099853515625,-1,-1,-1,-1
611,42,725.717041015625,276.5458068847656,263.6312255859375,502.8304748535156,-1,-1,-1,-1
612,42,708.9519653320312,263.9481201171875,281.1795654296875,515.4136352539062,-1,-1,-1,-1
613,42,687.95703125,249.8615264892578,298.123046875,527.40771484375,-1,-1,-1,-1
614,42,689.482421875,207.08653259277344,310.4468994140625,555.0201416015625,-1,-1,-1,-1
615,42,676.67333984375,181.4566650390625,299.302490234375,576.7762451171875,-1,-1,-1,-1
616,42,684.7943115234375,159.6191864013672,290.30535888671875,588.4489135742188,-1,-1,-1,-1
617,42,684.5902099609375,161.83700561523438,278.84747314453125,586.6146240234375,-1,-1,-1,-1
618,42,686.6805419921875,175.35777282714844,272.1829833984375,578.9931640625,-1,-1,-1,-1
619,42,690.172607421875,213.99893188476562,271.0595703125,562.9959716796875,-1,-1,-1,-1
620,42,691.3914794921875,279.9657897949219,274.0494384765625,544.4735107421875,-1,-1,-1,-1
621,42,697.8463134765625,348.0935974121094,277.0325927734375,533.3125,-1,-1,-1,-1
622,42,713.259033203125,407.69720458984375,272.21356201171875,545.314453125,-1,-1,-1,-1
623,42,757.9774169921875,431.774658203125,254.29510498046875,567.3160400390625,-1,-1,-1,-1
624,42,786.2308959960938,432.09307861328125,243.59588623046875,583.2774047851562,-1,-1,-1,-1
625,42,799.4449462890625,418.80548095703125,214.422607421875,591.197265625,-1,-1,-1,-1
626,42,800.6338500976562,355.42620849609375,216.325439453125,591.0640869140625,-1,-1,-1,-1
627,42,795.7179565429688,316.8606872558594,234.11065673828125,587.7462158203125,-1,-1,-1,-1
628,42,786.3438110351562,303.4371337890625,263.12542724609375,583.0242919921875,-1,-1,-1,-1
629,42,769.6824951171875,304.8611755371094,291.365234375,572.6463623046875,-1,-1,-1,-1
630,42,748.250244140625,283.43585205078125,304.669189453125,565.665771484375,-1,-1,-1,-1
631,42,735.5764770507812,283.69281005859375,291.39068603515625,564.1242065429688,-1,-1,-1,-1
632,42,754.00244140625,257.4399719238281,253.82794189453125,588.2935791015625,-1,-1,-1,-1
633,42,739.4901123046875,237.4799041748047,220.39306640625,599.4989013671875,-1,-1,-1,-1
634,42,725.121826171875,220.92120361328125,168.16302490234375,606.2479858398438,-1,-1,-1,-1
635,42,713.8406372070312,176.9492645263672,201.435302734375,624.1262817382812,-1,-1,-1,-1
636,42,699.6112670898438,125.47753143310547,233.124267578125,645.0517578125,-1,-1,-1,-1
637,42,699.8073120117188,92.09799194335938,252.4639892578125,663.0745849609375,-1,-1,-1,-1
638,42,683.062255859375,62.528541564941406,280.351806640625,682.021728515625,-1,-1,-1,-1
639,42,655.3099365234375,51.87506103515625,308.92144775390625,687.5606079101562,-1,-1,-1,-1
640,42,632.58837890625,62.66737365722656,318.12603759765625,688.8729858398438,-1,-1,-1,-1
641,42,644.83740234375,65.35283660888672,316.2080078125,691.8251342773438,-1,-1,-1,-1
642,42,655.8959350585938,63.18537139892578,280.245849609375,687.1238403320312,-1,-1,-1,-1
643,42,638.9429931640625,7.744771957397461,256.09576416015625,688.1285400390625,-1,-1,-1,-1
644,42,637.9379272460938,5.133077621459961,242.34735107421875,678.30029296875,-1,-1,-1,-1
645,42,716.408935546875,9.196897506713867,216.2303466796875,698.1181030273438,-1,-1,-1,-1
646,42,742.2318115234375,10.93631362915039,245.55853271484375,702.633544921875,-1,-1,-1,-1
647,42,720.9710083007812,11.781211853027344,292.04095458984375,707.0161743164062,-1,-1,-1,-1
648,42,702.7210693359375,38.69773483276367,340.13037109375,709.7431030273438,-1,-1,-1,-1
649,42,711.0073852539062,88.00852966308594,365.87921142578125,712.649169921875,-1,-1,-1,-1
650,42,749.798095703125,179.69993591308594,353.2833251953125,681.4007568359375,-1,-1,-1,-1
651,42,775.0800170898438,176.1503143310547,329.80352783203125,685.6359252929688,-1,-1,-1,-1
652,42,814.7382202148438,214.08164978027344,285.70928955078125,666.9758911132812,-1,-1,-1,-1
653,42,878.6179809570312,301.2896728515625,243.05865478515625,639.0540161132812,-1,-1,-1,-1
654,42,934.00146484375,386.7132263183594,206.2698974609375,625.3248291015625,-1,-1,-1,-1
655,42,938.9632568359375,418.9450378417969,226.0274658203125,626.8135986328125,-1,-1,-1,-1
656,42,945.007568359375,422.2073974609375,255.5389404296875,647.7235107421875,-1,-1,-1,-1
657,42,962.2456665039062,420.5968017578125,277.51177978515625,659.9014892578125,-1,-1,-1,-1
658,42,987.1431884765625,434.66363525390625,296.47998046875,665.1315307617188,-1,-1,-1,-1
659,42,998.4013671875,431.63665771484375,297.81689453125,662.9553833007812,-1,-1,-1,-1
660,42,997.8590698242188,417.46539306640625,335.02130126953125,629.9816284179688,-1,-1,-1,-1
661,42,1004.526123046875,370.5470275878906,364.667724609375,621.91064453125,-1,-1,-1,-1
662,42,1028.69775390625,359.51800537109375,374.2742919921875,598.8580932617188,-1,-1,-1,-1
663,42,1028.826171875,368.17401123046875,386.0596923828125,581.8477172851562,-1,-1,-1,-1
664,42,1012.771728515625,370.3607177734375,402.748291015625,585.81494140625,-1,-1,-1,-1
665,42,1021.4026489257812,359.9048767089844,401.96649169921875,562.346435546875,-1,-1,-1,-1
666,42,1024.9005126953125,348.89825439453125,400.6746826171875,553.6386108398438,-1,-1,-1,-1
667,42,1072.769287109375,351.03192138671875,337.6842041015625,571.59033203125,-1,-1,-1,-1
668,42,1137.882568359375,422.6452941894531,247.422607421875,462.5403747558594,-1,-1,-1,-1
669,42,912.1321411132812,420.41748046875,346.35882568359375,444.72039794921875,-1,-1,-1,-1
670,42,866.52490234375,150.78688049316406,548.0809326171875,966.52978515625,-1,-1,-1,-1
671,42,911.1826171875,259.0137939453125,497.2244873046875,710.2325439453125,-1,-1,-1,-1
672,42,880.7686767578125,157.54379272460938,543.2049560546875,1082.0010986328125,-1,-1,-1,-1
673,42,598.8428344726562,49.50362014770508,923.0088500976562,1371.7877197265625,-1,-1,-1,-1
674,42,773.09375,148.8502197265625,656.0609130859375,1055.6319580078125,-1,-1,-1,-1
675,42,842.6068115234375,270.63482666015625,565.67919921875,887.4071655273438,-1,-1,-1,-1
676,42,605.20654296875,107.12081146240234,808.497802734375,1309.747802734375,-1,-1,-1,-1
677,42,404.39971923828125,51.16693878173828,1019.6881713867188,1378.4049072265625,-1,-1,-1,-1
678,42,350.114501953125,382.53131103515625,915.8865966796875,1028.747802734375,-1,-1,-1,-1
679,42,576.7822265625,501.71978759765625,514.498046875,518.1248779296875,-1,-1,-1,-1
680,42,759.0293579101562,588.5089721679688,345.13665771484375,500.05804443359375,-1,-1,-1,-1
681,42,780.3649291992188,614.1205444335938,357.84735107421875,520.6454467773438,-1,-1,-1,-1
682,42,778.4058227539062,588.0655517578125,363.94024658203125,581.027587890625,-1,-1,-1,-1
683,42,665.9551391601562,507.4093017578125,433.01544189453125,639.910400390625,-1,-1,-1,-1
684,42,575.2055053710938,502.058837890625,501.36895751953125,699.73681640625,-1,-1,-1,-1
685,42,530.2097778320312,472.8917236328125,560.0007934570312,725.299072265625,-1,-1,-1,-1
686,42,521.3745727539062,420.3731994628906,630.3256225585938,735.90478515625,-1,-1,-1,-1
687,42,501.7171936035156,397.71099853515625,718.2039794921875,787.3377075195312,-1,-1,-1,-1
688,42,456.01019287109375,296.811767578125,772.0678100585938,900.7349853515625,-1,-1,-1,-1
689,42,422.6927185058594,212.52127075195312,878.996826171875,1043.5701904296875,-1,-1,-1,-1
690,42,352.60308837890625,142.3443145751953,1054.7939453125,1178.5072021484375,-1,-1,-1,-1
691,42,270.23211669921875,75.33380126953125,1030.535400390625,1265.733154296875,-1,-1,-1,-1
692,42,91.73753356933594,13.79079818725586,1202.62109375,1392.6494140625,-1,-1,-1,-1
693,42,67.26742553710938,23.673233032226562,1270.7203369140625,1279.2235107421875,-1,-1,-1,-1
694,42,70.12303924560547,31.02508544921875,1295.6175537109375,1160.554931640625,-1,-1,-1,-1
695,42,-23.017139434814453,-3.1658287048339844,1334.4254150390625,1226.8089599609375,-1,-1,-1,-1
696,42,-27.701404571533203,15.029422760009766,1117.3424072265625,1257.2550048828125,-1,-1,-1,-1
697,42,-0.5797309875488281,47.279273986816406,989.3001708984375,1268.881591796875,-1,-1,-1,-1
698,42,150.17495727539062,107.93121337890625,876.96728515625,1136.92333984375,-1,-1,-1,-1
699,42,249.65185546875,58.75247573852539,865.8095703125,1048.19482421875,-1,-1,-1,-1
700,42,326.73883056640625,43.1358528137207,880.8298950195312,1087.6419677734375,-1,-1,-1,-1
701,42,430.8254699707031,52.89936828613281,873.287353515625,1135.3760986328125,-1,-1,-1,-1
702,42,506.2518310546875,35.10111618041992,865.100830078125,1179.0906982421875,-1,-1,-1,-1
703,42,550.249267578125,-5.147132873535156,834.27685546875,1184.85888671875,-1,-1,-1,-1
704,42,630.8173828125,42.42682647705078,779.32421875,1112.1353759765625,-1,-1,-1,-1
705,42,692.5242309570312,11.429615020751953,730.5481567382812,1115.0218505859375,-1,-1,-1,-1
706,42,653.5219116210938,52.727745056152344,765.9317016601562,1065.1243896484375,-1,-1,-1,-1
707,42,618.1751708984375,112.17420959472656,798.440673828125,1010.2984619140625,-1,-1,-1,-1
708,42,650.01953125,104.1868896484375,764.35693359375,1027.485595703125,-1,-1,-1,-1
709,42,739.4126586914062,123.73306274414062,674.4259643554688,1028.1177978515625,-1,-1,-1,-1
710,42,797.574462890625,118.1192626953125,619.198486328125,1025.5831298828125,-1,-1,-1,-1
711,42,827.548583984375,114.48495483398438,592.8472900390625,1037.391357421875,-1,-1,-1,-1
712,42,858.3749389648438,143.3968048095703,568.4009399414062,1057.586669921875,-1,-1,-1,-1
713,42,885.1763916015625,192.44281005859375,534.48388671875,1073.44384765625,-1,-1,-1,-1
714,42,908.580078125,213.6910400390625,505.575927734375,1073.39892578125,-1,-1,-1,-1
715,42,918.31005859375,230.7205810546875,491.442138671875,1040.5146484375,-1,-1,-1,-1
716,42,918.0047607421875,257.27569580078125,491.3348388671875,982.7033081054688,-1,-1,-1,-1
585,43,960.7835693359375,502.7861633300781,35.625244140625,68.16152954101562,-1,-1,-1,-1
586,43,1012.7871704101562,503.666015625,31.40093994140625,63.90985107421875,-1,-1,-1,-1
587,43,1002.1197509765625,510.2106628417969,103.5511474609375,78.79861450195312,-1,-1,-1,-1
616,44,1246.0333251953125,413.1133117675781,39.4906005859375,80.19351196289062,-1,-1,-1,-1
617,44,1231.53271484375,405.41693115234375,38.8238525390625,80.69476318359375,-1,-1,-1,-1
618,44,1228.5809326171875,397.7862854003906,40.416259765625,79.10433959960938,-1,-1,-1,-1
619,44,1232.10107421875,409.9610290527344,37.2626953125,78.22012329101562,-1,-1,-1,-1
620,44,1138.8563232421875,433.4710388183594,41.4766845703125,82.05484008789062,-1,-1,-1,-1
621,44,1138.6883544921875,489.7427673339844,32.5296630859375,77.50601196289062,-1,-1,-1,-1
622,44,1134.59375,546.6951293945312,32.546630859375,76.39617919921875,-1,-1,-1,-1
623,44,1142.7294921875,581.406005859375,32.1666259765625,82.46112060546875,-1,-1,-1,-1
618,45,1310.84326171875,426.8082275390625,48.348388671875,79.39370727539062,-1,-1,-1,-1
619,45,1314.574462890625,436.1806945800781,48.5677490234375,78.77291870117188,-1,-1,-1,-1
620,45,1311.9063720703125,470.41510009765625,48.098876953125,79.5330810546875,-1,-1,-1,-1
621,45,1310.6951904296875,514.806396484375,46.5458984375,79.93475341796875,-1,-1,-1,-1
621,46,1221.9647216796875,497.473876953125,37.571533203125,78.98345947265625,-1,-1,-1,-1
622,46,1219.9298095703125,552.57861328125,33.31201171875,77.42340087890625,-1,-1,-1,-1
623,46,1138.724609375,583.92578125,37.9708251953125,84.56982421875,-1,-1,-1,-1
624,46,1141.13720703125,603.2096557617188,32.0587158203125,75.95184326171875,-1,-1,-1,-1
625,46,1095.0457763671875,590.137939453125,36.0435791015625,87.94189453125,-1,-1,-1,-1
626,46,1075.1103515625,520.5758666992188,39.287109375,97.6793212890625,-1,-1,-1,-1
627,46,1060.8280029296875,462.5733642578125,36.2572021484375,83.60845947265625,-1,-1,-1,-1
628,46,1055.6748046875,438.931640625,40.858642578125,105.1480712890625,-1,-1,-1,-1
629,46,1053.570068359375,437.63299560546875,35.1083984375,81.70831298828125,-1,-1,-1,-1
630,46,1038.4708251953125,419.41180419921875,31.96630859375,86.31948852539062,-1,-1,-1,-1
631,46,1011.4924926757812,421.68133544921875,32.74786376953125,83.2213134765625,-1,-1,-1,-1
632,46,1070.8065185546875,430.14886474609375,30.43505859375,76.44659423828125,-1,-1,-1,-1
633,46,1008.3633422851562,427.61407470703125,35.23431396484375,74.95660400390625,-1,-1,-1,-1
634,46,932.8450927734375,410.49786376953125,32.3775634765625,69.8909912109375,-1,-1,-1,-1
635,46,903.8790283203125,364.2997741699219,32.670654296875,74.18359375,-1,-1,-1,-1
636,46,877.0728149414062,316.3830261230469,31.12628173828125,79.53799438476562,-1,-1,-1,-1
637,46,865.4146118164062,293.8432312011719,32.8206787109375,82.41836547851562,-1,-1,-1,-1
638,46,845.6712036132812,277.19610595703125,38.9642333984375,76.10702514648438,-1,-1,-1,-1
639,46,784.7032470703125,261.53656005859375,87.53924560546875,120.16384887695312,-1,-1,-1,-1
645,46,721.4146728515625,92.52713012695312,209.6307373046875,588.6641845703125,-1,-1,-1,-1
630,47,1302.0831298828125,447.9318542480469,35.7335205078125,87.50723266601562,-1,-1,-1,-1
631,47,1277.7994384765625,444.0320129394531,37.0838623046875,87.77951049804688,-1,-1,-1,-1
632,47,1251.6400146484375,441.98114013671875,39.685546875,89.29632568359375,-1,-1,-1,-1
633,47,1191.8123779296875,435.09326171875,44.644775390625,91.5037841796875,-1,-1,-1,-1
634,47,1107.7886962890625,404.1671447753906,36.9630126953125,85.43594360351562,-1,-1,-1,-1
635,47,1078.2694091796875,353.892822265625,33.0452880859375,86.98013305664062,-1,-1,-1,-1
636,47,1054.1785888671875,306.9913330078125,35.0599365234375,89.27584838867188,-1,-1,-1,-1
637,47,1044.5096435546875,284.8970031738281,37.936279296875,90.83468627929688,-1,-1,-1,-1
638,47,1028.878173828125,269.2268981933594,38.6712646484375,89.32394409179688,-1,-1,-1,-1
639,47,1009.7283325195312,267.741455078125,40.02252197265625,85.7296142578125,-1,-1,-1,-1
640,47,982.4335327148438,276.7161865234375,41.42669677734375,91.23577880859375,-1,-1,-1,-1
641,47,986.86083984375,292.1279296875,39.799560546875,81.93612670898438,-1,-1,-1,-1
642,47,955.6514282226562,298.6914978027344,42.425048828125,83.27493286132812,-1,-1,-1,-1
670,48,910.8615112304688,469.54217529296875,376.66522216796875,468.475830078125,-1,-1,-1,-1
671,48,916.0236206054688,467.3253173828125,411.44134521484375,489.79840087890625,-1,-1,-1,-1
672,48,919.435302734375,456.2694396972656,358.8818359375,516.16162109375,-1,-1,-1,-1
673,48,889.92724609375,315.5352478027344,459.09326171875,771.6654052734375,-1,-1,-1,-1
674,48,900.11279296875,155.06768798828125,507.1212158203125,961.4463500976562,-1,-1,-1,-1
675,48,984.7401733398438,349.25885009765625,365.49957275390625,615.6777954101562,-1,-1,-1,-1
676,48,728.2108154296875,109.45803833007812,683.0899658203125,1278.1951904296875,-1,-1,-1,-1
704,49,2.387174129486084,392.86810302734375,163.31182861328125,262.32769775390625,-1,-1,-1,-1
705,49,68.41405487060547,354.2344665527344,203.98529052734375,277.3415222167969,-1,-1,-1,-1
706,49,133.46737670898438,319.77191162109375,199.81295776367188,274.8182373046875,-1,-1,-1,-1
707,49,163.33853149414062,301.9020690917969,200.796142578125,278.2207336425781,-1,-1,-1,-1
708,49,203.3889617919922,304.37933349609375,199.85984802246094,266.37786865234375,-1,-1,-1,-1
709,49,257.6241455078125,300.97314453125,192.48443603515625,259.6015625,-1,-1,-1,-1
710,49,317.1471862792969,268.58294677734375,182.1978759765625,259.69256591796875,-1,-1,-1,-1
711,49,389.1312561035156,253.28631591796875,169.25070190429688,260.4990234375,-1,-1,-1,-1
712,49,456.6619873046875,281.8192443847656,153.04150390625,252.29037475585938,-1,-1,-1,-1
713,49,517.3327026367188,322.263427734375,137.03021240234375,257.88092041015625,-1,-1,-1,-1
714,49,545.8722534179688,374.85028076171875,133.6751708984375,246.17340087890625,-1,-1,-1,-1
715,49,564.2392578125,382.990478515625,128.846923828125,247.6865234375,-1,-1,-1,-1
716,49,579.1220703125,385.5215148925781,123.3902587890625,245.11251831054688,-1,-1,-1,-1
704,50,87.31045532226562,345.29266357421875,58.55412292480469,120.11407470703125,-1,-1,-1,-1
705,50,204.5531005859375,320.7438659667969,58.561798095703125,125.85769653320312,-1,-1,-1,-1
706,50,279.7482604980469,282.7952880859375,57.26318359375,131.08477783203125,-1,-1,-1,-1
707,50,309.4296875,263.69720458984375,56.6004638671875,133.62734985351562,-1,-1,-1,-1
708,50,346.9749755859375,252.02467346191406,56.98492431640625,133.29954528808594,-1,-1,-1,-1
709,50,396.6968994140625,244.57864379882812,54.048797607421875,132.4642333984375,-1,-1,-1,-1
710,50,452.1899719238281,213.49826049804688,52.678375244140625,133.81625366210938,-1,-1,-1,-1
711,50,520.9950561523438,207.28839111328125,52.849853515625,132.90859985351562,-1,-1,-1,-1
712,50,585.3417358398438,240.131103515625,47.5186767578125,130.5218505859375,-1,-1,-1,-1
713,50,640.0083618164062,301.6356506347656,45.85601806640625,124.5826416015625,-1,-1,-1,-1
714,50,665.736328125,352.115966796875,43.5250244140625,123.796875,-1,-1,-1,-1
715,50,681.81689453125,364.21417236328125,44.2919921875,121.84423828125,-1,-1,-1,-1
716,50,696.1746215820312,364.7567443847656,44.0157470703125,119.73641967773438,-1,-1,-1,-1
704,51,54.06247329711914,357.275390625,43.078617095947266,93.83355712890625,-1,-1,-1,-1
705,51,155.33799743652344,324.1826477050781,54.94970703125,129.31460571289062,-1,-1,-1,-1
706,51,228.42308044433594,285.1981506347656,58.36512756347656,133.96328735351562,-1,-1,-1,-1
707,51,258.92742919921875,267.36883544921875,57.6741943359375,135.8603515625,-1,-1,-1,-1
708,51,296.8193359375,258.8695373535156,56.94476318359375,132.47189331054688,-1,-1,-1,-1
709,51,346.1135559082031,250.04302978515625,57.1279296875,133.81991577148438,-1,-1,-1,-1
710,51,402.59625244140625,218.30332946777344,54.5863037109375,133.45033264160156,-1,-1,-1,-1
711,51,472.7323913574219,209.3136749267578,53.742279052734375,132.9211883544922,-1,-1,-1,-1
712,51,537.8479614257812,242.56509399414062,49.0411376953125,130.5775146484375,-1,-1,-1,-1
713,51,597.359375,301.7396545410156,44.39508056640625,125.72531127929688,-1,-1,-1,-1
714,51,624.1749267578125,352.8699645996094,42.89654541015625,124.4427490234375,-1,-1,-1,-1
715,51,643.8547973632812,365.1844482421875,41.39202880859375,121.67715454101562,-1,-1,-1,-1
716,51,658.8929443359375,362.75030517578125,40.95062255859375,123.94140625,-1,-1,-1,-1
706,52,182.052734375,290.40777587890625,54.85322570800781,137.06298828125,-1,-1,-1,-1
707,52,211.63841247558594,273.87091064453125,57.74330139160156,141.06192016601562,-1,-1,-1,-1
708,52,247.33355712890625,263.7423095703125,56.611846923828125,139.09188842773438,-1,-1,-1,-1
709,52,299.82659912109375,253.78121948242188,58.18878173828125,142.95266723632812,-1,-1,-1,-1
710,52,355.3028259277344,220.2379913330078,59.984344482421875,151.9588165283203,-1,-1,-1,-1
711,52,429.19268798828125,211.24440002441406,62.167877197265625,145.9746551513672,-1,-1,-1,-1
712,52,497.5391540527344,248.3140106201172,58.972991943359375,140.93247985839844,-1,-1,-1,-1
713,52,560.3895263671875,312.51715087890625,50.21240234375,121.64306640625,-1,-1,-1,-1
714,52,584.6478271484375,357.27001953125,49.3411865234375,132.50888061523438,-1,-1,-1,-1
715,52,602.7280883789062,370.1083679199219,48.58203125,124.52139282226562,-1,-1,-1,-1
716,52,620.3726806640625,370.11376953125,45.9381103515625,120.11685180664062,-1,-1,-1,-1
