seq,HOTA(0),LocA(0),HOTALocA(0),HOTA___5,HOTA___10,HOTA___15,HOTA___20,HOTA___25,HOTA___30,HOTA___35,HOTA___40,HOTA___45,HOTA___50,HOTA___55,HOTA___60,HOTA___65,HOTA___70,HOTA___75,HOTA___80,HOTA___85,HOTA___90,HOTA___95,HOTA___AUC,DetA___5,DetA___10,DetA___15,DetA___20,DetA___25,DetA___30,DetA___35,DetA___40,DetA___45,DetA___50,DetA___55,DetA___60,DetA___65,DetA___70,DetA___75,DetA___80,DetA___85,DetA___90,DetA___95,DetA___AUC,AssA___5,AssA___10,AssA___15,AssA___20,AssA___25,AssA___30,AssA___35,AssA___40,AssA___45,AssA___50,AssA___55,AssA___60,AssA___65,AssA___70,AssA___75,AssA___80,AssA___85,AssA___90,AssA___95,AssA___AUC,DetRe___5,DetRe___10,DetRe___15,DetRe___20,DetRe___25,DetRe___30,DetRe___35,DetRe___40,DetRe___45,DetRe___50,DetRe___55,DetRe___60,DetRe___65,DetRe___70,DetRe___75,DetRe___80,DetRe___85,DetRe___90,DetRe___95,DetRe___AUC,DetPr___5,DetPr___10,DetPr___15,DetPr___20,DetPr___25,DetPr___30,DetPr___35,DetPr___40,DetPr___45,DetPr___50,DetPr___55,DetPr___60,DetPr___65,DetPr___70,DetPr___75,DetPr___80,DetPr___85,DetPr___90,DetPr___95,DetPr___AUC,AssRe___5,AssRe___10,AssRe___15,AssRe___20,AssRe___25,AssRe___30,AssRe___35,AssRe___40,AssRe___45,AssRe___50,AssRe___55,AssRe___60,AssRe___65,AssRe___70,AssRe___75,AssRe___80,AssRe___85,AssRe___90,AssRe___95,AssRe___AUC,AssPr___5,AssPr___10,AssPr___15,AssPr___20,AssPr___25,AssPr___30,AssPr___35,AssPr___40,AssPr___45,AssPr___50,AssPr___55,AssPr___60,AssPr___65,AssPr___70,AssPr___75,AssPr___80,AssPr___85,AssPr___90,AssPr___95,AssPr___AUC,LocA___5,LocA___10,LocA___15,LocA___20,LocA___25,LocA___30,LocA___35,LocA___40,LocA___45,LocA___50,LocA___55,LocA___60,LocA___65,LocA___70,LocA___75,LocA___80,LocA___85,LocA___90,LocA___95,LocA___AUC,OWTA___5,OWTA___10,OWTA___15,OWTA___20,OWTA___25,OWTA___30,OWTA___35,OWTA___40,OWTA___45,OWTA___50,OWTA___55,OWTA___60,OWTA___65,OWTA___70,OWTA___75,OWTA___80,OWTA___85,OWTA___90,OWTA___95,OWTA___AUC,HOTA_TP___5,HOTA_TP___10,HOTA_TP___15,HOTA_TP___20,HOTA_TP___25,HOTA_TP___30,HOTA_TP___35,HOTA_TP___40,HOTA_TP___45,HOTA_TP___50,HOTA_TP___55,HOTA_TP___60,HOTA_TP___65,HOTA_TP___70,HOTA_TP___75,HOTA_TP___80,HOTA_TP___85,HOTA_TP___90,HOTA_TP___95,HOTA_TP___AUC,HOTA_FN___5,HOTA_FN___10,HOTA_FN___15,HOTA_FN___20,HOTA_FN___25,HOTA_FN___30,HOTA_FN___35,HOTA_FN___40,HOTA_FN___45,HOTA_FN___50,HOTA_FN___55,HOTA_FN___60,HOTA_FN___65,HOTA_FN___70,HOTA_FN___75,HOTA_FN___80,HOTA_FN___85,HOTA_FN___90,HOTA_FN___95,HOTA_FN___AUC,HOTA_FP___5,HOTA_FP___10,HOTA_FP___15,HOTA_FP___20,HOTA_FP___25,HOTA_FP___30,HOTA_FP___35,HOTA_FP___40,HOTA_FP___45,HOTA_FP___50,HOTA_FP___55,HOTA_FP___60,HOTA_FP___65,HOTA_FP___70,HOTA_FP___75,HOTA_FP___80,HOTA_FP___85,HOTA_FP___90,HOTA_FP___95,HOTA_FP___AUC,MOTA,MOTP,MODA,CLR_Re,CLR_Pr,MTR,PTR,MLR,sMOTA,CLR_F1,FP_per_frame,MOTAL,MOTP_sum,CLR_TP,CLR_FN,CLR_FP,IDSW,MT,PT,ML,Frag,CLR_Frames,IDF1,IDR,IDP,IDTP,IDFN,IDFP,Dets,GT_Dets,IDs,GT_IDs
fencing_001_fencing_aria01_rgb,0.8549217751290973,0.9367036690004696,0.8008083634718198,0.8549217751290973,0.8549217751290973,0.8549217751290973,0.8549217751290973,0.8549217751290973,0.8549217751290973,0.8549217751290973,0.8549217751290973,0.8549217751290973,0.852806315748712,0.8517555354877826,0.8517555354877826,0.8507093621351367,0.8451129736862091,0.8331208184947075,0.8166503278208841,0.7954364499441998,0.7200764704157512,0.37305508404447063,0.814988149969869,1.0,1.0,1.0,1.0,1.0,1.0,1.0,1.0,1.0,0.9965986394557823,0.9949022939677146,0.9949022939677146,0.9932088285229203,0.9831081081081081,0.9615705931495405,0.9325102880658436,0.8996763754045307,0.78419452887538,0.3325766174801362,0.9406972929998774,0.7308912415898867,0.7308912415898867,0.7308912415898867,0.7308912415898867,0.7308912415898867,0.7308912415898867,0.7308912415898867,0.7308912415898867,0.7308912415898867,0.7297607917446491,0.729204763757055,0.729204763757055,0.7286548387821447,0.7264876898098046,0.7218297888414611,0.7151854156089129,0.703274158572115,0.6612008935971614,0.4184602537180451,0.7074360280261781,1.0,1.0,1.0,1.0,1.0,1.0,1.0,1.0,1.0,0.9982964224872232,0.9974446337308348,0.9974446337308348,0.9965928449744463,0.9914821124361158,0.9804088586030665,0.965076660988075,0.9471890971039182,0.879045996592845,0.4991482112436116,0.9606383932574195,1.0,1.0,1.0,1.0,1.0,1.0,1.0,1.0,1.0,0.9982964224872232,0.9974446337308348,0.9974446337308348,0.9965928449744463,0.9914821124361158,0.9804088586030665,0.965076660988075,0.9471890971039182,0.879045996592845,0.4991482112436116,0.9606383932574195,0.7308912415898867,0.7308912415898867,0.7308912415898867,0.7308912415898867,0.7308912415898867,0.7308912415898867,0.7308912415898867,0.7308912415898867,0.7308912415898867,0.7302682129263978,0.7299603715742427,0.7299603715742427,0.7296549872466103,0.7286632722213227,0.7263416135601033,0.7225947268137071,0.716309551169076,0.6941458903955254,0.5428028079998067,0.7173012094626323,1.0,1.0,1.0,1.0,1.0,1.0,1.0,1.0,1.0,0.9983043501814833,0.9974624862754666,0.9974624862754666,0.9966246099579432,0.9916498270370244,0.9811100431390168,0.9672366668979899,0.950207979729284,0.8884942819072343,0.5953819764316834,0.96652287935961,0.9367036690004696,0.9367036690004696,0.9367036690004696,0.9367036690004696,0.9367036690004696,0.9367036690004696,0.9367036690004696,0.9367036690004696,0.9367036690004696,0.9375003793288573,0.9378594485231524,0.9378594485231524,0.9381067062333152,0.9394664811262624,0.94189006285659,0.9444992050125486,0.9466401877578732,0.9518345349025931,0.9671674639660668,0.9406924704860337,0.8549217751290973,0.8549217751290973,0.8549217751290973,0.8549217751290973,0.8549217751290973,0.8549217751290973,0.8549217751290973,0.8549217751290973,0.8549217751290973,0.8535324174687958,0.8528431148226711,0.8528431148226711,0.8521573791186074,0.8487046302168139,0.841242128868823,0.8307880312590079,0.8161700896715337,0.7623817931064437,0.4570270091798843,0.824315036036691,1174.0,1174.0,1174.0,1174.0,1174.0,1174.0,1174.0,1174.0,1174.0,1172.0,1171.0,1171.0,1170.0,1164.0,1151.0,1133.0,1112.0,1032.0,586.0,1127.7894736842106,0.0,0.0,0.0,0.0,0.0,0.0,0.0,0.0,0.0,2.0,3.0,3.0,4.0,10.0,23.0,41.0,62.0,142.0,588.0,46.21052631578947,0.0,0.0,0.0,0.0,0.0,0.0,0.0,0.0,0.0,2.0,3.0,3.0,4.0,10.0,23.0,41.0,62.0,142.0,588.0,46.21052631578947,0.9948892674616695,0.9375003793288573,0.9965928449744463,0.9982964224872232,0.9982964224872232,1.0,0.0,0.0,0.9324961197388593,0.9982964224872232,0.0033277870216306157,0.996336431008804,1098.7504445734207,1172,2,2,2,2,0,0,3.0,601,0.778534923339012,0.778534923339012,0.778534923339012,914,260,260,1174,1174,4,2
fencing_001_fencing_aria02_rgb,1.0,0.9471082913524231,0.9471082913524231,1.0,1.0,1.0,1.0,1.0,1.0,1.0,1.0,1.0,1.0,1.0,1.0,1.0,0.9933665008291874,0.9900662251655629,0.9900662251655629,0.9640522875816994,0.8606811145510835,0.39767441860465114,0.9576793037840919,1.0,1.0,1.0,1.0,1.0,1.0,1.0,1.0,1.0,1.0,1.0,1.0,1.0,0.9933665008291874,0.9900662251655629,0.9900662251655629,0.9640522875816994,0.8606811145510835,0.39767441860465114,0.9576793037840919,1.0,1.0,1.0,1.0,1.0,1.0,1.0,1.0,1.0,1.0,1.0,1.0,1.0,0.9933665008291874,0.9900662251655629,0.9900662251655629,0.9640522875816994,0.8606811145510835,0.39767441860465114,0.9576793037840919,1.0,1.0,1.0,1.0,1.0,1.0,1.0,1.0,1.0,1.0,1.0,1.0,1.0,0.9966722129783694,0.9950083194675541,0.9950083194675541,0.9816971713810316,0.9251247920133111,0.5690515806988353,0.9717138103161398,1.0,1.0,1.0,1.0,1.0,1.0,1.0,1.0,1.0,1.0,1.0,1.0,1.0,0.9966722129783694,0.9950083194675541,0.9950083194675541,0.9816971713810316,0.9251247920133111,0.5690515806988353,0.9717138103161398,1.0,1.0,1.0,1.0,1.0,1.0,1.0,1.0,1.0,1.0,1.0,1.0,1.0,0.9966722129783694,0.9950083194675542,0.9950083194675542,0.9816971713810316,0.9251247920133112,0.5690515806988353,0.9717138103161398,1.0,1.0,1.0,1.0,1.0,1.0,1.0,1.0,1.0,1.0,1.0,1.0,1.0,0.9966722129783694,0.9950083194675542,0.9950083194675542,0.9816971713810316,0.9251247920133112,0.5690515806988353,0.9717138103161398,0.9471082913524231,0.9471082913524231,0.9471082913524231,0.9471082913524231,0.9471082913524231,0.9471082913524231,0.9471082913524231,0.9471082913524231,0.9471082913524231,0.9471082913524231,0.9471082913524231,0.9471082913524231,0.9471082913524231,0.948039529303218,0.9483898346751135,0.9483898346751135,0.9500009839123317,0.9541848946700565,0.9682765618597089,0.9489310224566866,1.0,1.0,1.0,1.0,1.0,1.0,1.0,1.0,1.0,1.0,1.0,1.0,1.0,0.9950179840987827,0.9925341963194879,0.9925341963194879,0.9728347258308407,0.8923213754521719,0.4757071121083508,0.964260504743638,601.0,601.0,601.0,601.0,601.0,601.0,601.0,601.0,601.0,601.0,601.0,601.0,601.0,599.0,598.0,598.0,590.0,556.0,342.0,584.0,0.0,0.0,0.0,0.0,0.0,0.0,0.0,0.0,0.0,0.0,0.0,0.0,0.0,2.0,3.0,3.0,11.0,45.0,259.0,17.0,0.0,0.0,0.0,0.0,0.0,0.0,0.0,0.0,0.0,0.0,0.0,0.0,0.0,2.0,3.0,3.0,11.0,45.0,259.0,17.0,1.0,0.9471082913524231,1.0,1.0,1.0,1.0,0.0,0.0,0.9471082913524231,1.0,0.0,1.0,569.2120831028063,601,0,0,0,1,0,0,0.0,601,1.0,1.0,1.0,601,0,0,601,601,1,1
fencing_001_fencing_aria03_rgb,0.8188681850390818,0.9002906211976418,0.7372193469878204,0.8188681850390818,0.8188681850390818,0.8188681850390818,0.8188681850390818,0.8188681850390818,0.8188681850390818,0.8188681850390818,0.8157681785386679,0.81283265404264,0.8118613240696796,0.8118613240696796,0.8093192337097046,0.8022751888370588,0.7943898085904737,0.7803337326301585,0.7572658192950881,0.6762950641824426,0.4194574174148356,0.0775199553311212,0.7421714208413223,0.996386630532972,0.996386630532972,0.996386630532972,0.996386630532972,0.996386630532972,0.996386630532972,0.996386630532972,0.987410071942446,0.9802867383512545,0.9767441860465116,0.9767441860465116,0.9714540588760036,0.9592198581560284,0.947136563876652,0.9267654751525719,0.8969957081545065,0.7982099267697315,0.47137150466045274,0.08546168958742632,0.8922371779658369,0.6729768183566673,0.6729768183566673,0.6729768183566673,0.6729768183566673,0.6729768183566673,0.6729768183566673,0.6729768183566673,0.6739628651013853,0.6739833332737206,0.6748121145087489,0.6748121145087489,0.6742445677877057,0.6710093344615078,0.6662768517873346,0.6570386474315631,0.6393024134446412,0.5730009092827008,0.37326084263634757,0.07031622594345664,0.6175188394033965,0.996386630532972,0.996386630532972,0.996386630532972,0.996386630532972,0.996386630532972,0.996386630532972,0.996386630532972,0.991869918699187,0.988256549232159,0.986449864498645,0.986449864498645,0.983739837398374,0.9774164408310749,0.971093044263776,0.960252935862692,0.9439927732610659,0.8861788617886179,0.6395663956639567,0.15718157181571815,0.9182712879760375,1.0,1.0,1.0,1.0,1.0,1.0,1.0,0.9954669084315503,0.9918404351767905,0.9900271985494107,0.9900271985494107,0.9873073436083409,0.9809610154125114,0.9746146872166818,0.9637352674524026,0.9474161378059837,0.8893925657298277,0.641885766092475,0.15775158658204896,0.9216013742424964,0.6729768183566673,0.6729768183566673,0.6729768183566673,0.6729768183566673,0.6729768183566673,0.6729768183566673,0.6729768183566673,0.6745411148488468,0.6751727028737449,0.6760383607814098,0.6760383607814098,0.6760758108296464,0.6746453499653999,0.6721640321231169,0.6670722385165472,0.6565868148163465,0.6150981428757694,0.46681425802649856,0.11418185923391508,0.6292245670615433,1.0,1.0,1.0,1.0,1.0,1.0,1.0,0.9972698200759917,0.9959031615930207,0.9951572824875994,0.9951572824875994,0.9938182825883362,0.9876982958150731,0.98151855317382,0.9725892167926367,0.956349908270612,0.8977345524802275,0.658786961553775,0.16986257589440187,0.9264129417480577,0.9002906211976418,0.9002906211976418,0.9002906211976418,0.9002906211976418,0.9002906211976418,0.9002906211976418,0.9002906211976418,0.9026666396220685,0.9044467414032763,0.9052288465655305,0.9052288465655305,0.9061547605933389,0.9079607951745771,0.9094660572064145,0.9115165376200859,0.9138489704208631,0.9192958095794003,0.9347702640823403,0.9629629713130076,0.9097674520278908,0.8188681850390818,0.8188681850390818,0.8188681850390818,0.8188681850390818,0.8188681850390818,0.8188681850390818,0.8188681850390818,0.8176083978374868,0.8161301631364174,0.8158849912329553,0.8158849912329553,0.8144208012337446,0.8098490942476847,0.8043735552121586,0.7943067985176828,0.7768506022525177,0.71258774448624,0.4885950181565712,0.10513046617390077,0.7528263115259941,1103.0,1103.0,1103.0,1103.0,1103.0,1103.0,1103.0,1098.0,1094.0,1092.0,1092.0,1089.0,1082.0,1075.0,1063.0,1045.0,981.0,708.0,174.0,1016.5263157894736,4.0,4.0,4.0,4.0,4.0,4.0,4.0,9.0,13.0,15.0,15.0,18.0,25.0,32.0,44.0,62.0,126.0,399.0,933.0,90.47368421052632,0.0,0.0,0.0,0.0,0.0,0.0,0.0,5.0,9.0,11.0,11.0,14.0,21.0,28.0,40.0,58.0,122.0,395.0,929.0,86.47368421052632,0.981029810298103,0.9047459054797464,0.987353206865402,0.991869918699187,0.9954669084315503,1.0,0.0,0.0,0.8865501393105344,0.9936651583710407,0.008319467554076539,0.9865897940017937,993.4110042167616,1098,9,5,7,2,0,0,4.0,601,0.7954751131221719,0.7940379403794038,0.7969174977334542,879,228,224,1103,1107,6,2
fencing_002_fencing_aria01_rgb,0.8216683829984649,0.9488423856363091,0.7796337887261919,0.8216683829984649,0.8216683829984649,0.8216683829984649,0.8216683829984649,0.8216683829984649,0.8216683829984649,0.8216683829984649,0.8216683829984649,0.8216683829984649,0.8216683829984649,0.8195355400615485,0.8195355400615485,0.8195355400615485,0.8195355400615485,0.8123186468987748,0.7983921832729254,0.7691828518269738,0.695426482228965,0.403886746997263,0.7881069948134601,0.9989550679205852,0.9989550679205852,0.9989550679205852,0.9989550679205852,0.9989550679205852,0.9989550679205852,0.9989550679205852,0.9989550679205852,0.9989550679205852,0.9989550679205852,0.9968684759916493,0.9968684759916493,0.9968684759916493,0.9968684759916493,0.9865005192107996,0.9721649484536082,0.9421319796954315,0.8465250965250966,0.4558599695585997,0.9568530050850518,0.6758451438908804,0.6758451438908804,0.6758451438908804,0.6758451438908804,0.6758451438908804,0.6758451438908804,0.6758451438908804,0.6758451438908804,0.6758451438908804,0.6758451438908804,0.6737483605907508,0.6737483605907508,0.6737483605907508,0.6737483605907508,0.6688912689345016,0.6556809925365528,0.6279823552279161,0.5712978790239744,0.3578390630745258,0.6492177073720672,0.9989550679205852,0.9989550679205852,0.9989550679205852,0.9989550679205852,0.9989550679205852,0.9989550679205852,0.9989550679205852,0.9989550679205852,0.9989550679205852,0.9989550679205852,0.9979101358411703,0.9979101358411703,0.9979101358411703,0.9979101358411703,0.9926854754440961,0.9853709508881923,0.9696969696969697,0.9164054336468129,0.625914315569488,0.9721718088324258,1.0,1.0,1.0,1.0,1.0,1.0,1.0,1.0,1.0,1.0,0.9989539748953975,0.9989539748953975,0.9989539748953975,0.9989539748953975,0.9937238493723849,0.9864016736401674,0.9707112970711297,0.9173640167364017,0.6265690376569037,0.9731887249504514,0.6758451438908804,0.6758451438908804,0.6758451438908804,0.6758451438908804,0.6758451438908804,0.6758451438908804,0.6758451438908804,0.6758451438908804,0.6758451438908804,0.6758451438908804,0.674628022275612,0.674628022275612,0.674628022275612,0.674628022275612,0.6723403601842803,0.664419525696814,0.6469045836001098,0.6098843416639194,0.41964038206914267,0.656323827432922,1.0,1.0,1.0,1.0,1.0,1.0,1.0,1.0,1.0,1.0,0.9989558972192466,0.9989558972192466,0.9989558972192466,0.9989558972192466,0.9943342506121211,0.9871284809530552,0.9723869890500461,0.922776166792446,0.7047222660758768,0.97774588117687,0.9488423856363091,0.9488423856363091,0.9488423856363091,0.9488423856363091,0.9488423856363091,0.9488423856363091,0.9488423856363091,0.9488423856363091,0.9488423856363091,0.9488423856363091,0.9492648848013114,0.9492648848013114,0.9492648848013114,0.9492648848013114,0.9504424275912201,0.9517267894763972,0.9538235974093806,0.9579963837676803,0.9691074340974934,0.9509778962058162,0.8216683829984649,0.8216683829984649,0.8216683829984649,0.8216683829984649,0.8216683829984649,0.8216683829984649,0.8216683829984649,0.8216683829984649,0.8216683829984649,0.8216683829984649,0.8199636077533453,0.8199636077533453,0.8199636077533453,0.8199636077533453,0.8148611214941173,0.8037966179918007,0.7803541419686809,0.7235609722535273,0.47326165305073964,0.7943354088293103,956.0,956.0,956.0,956.0,956.0,956.0,956.0,956.0,956.0,956.0,955.0,955.0,955.0,955.0,950.0,943.0,928.0,877.0,599.0,930.3684210526316,1.0,1.0,1.0,1.0,1.0,1.0,1.0,1.0,1.0,1.0,2.0,2.0,2.0,2.0,7.0,14.0,29.0,80.0,358.0,26.63157894736842,0.0,0.0,0.0,0.0,0.0,0.0,0.0,0.0,0.0,0.0,1.0,1.0,1.0,1.0,6.0,13.0,28.0,79.0,357.0,25.63157894736842,0.9947753396029259,0.9488423856363091,0.9989550679205852,0.9989550679205852,1.0,1.0,0.0,0.0,0.9436711814715898,0.9994772608468374,0.0,0.9983259561219144,907.0933206683114,956,1,0,4,2,0,0,4.0,601,0.7736539466806064,0.7732497387669801,0.7740585774058577,740,217,216,956,957,6,2
fencing_002_fencing_aria02_rgb,0.7981981642744083,0.9403539647563006,0.7505888084366408,0.7981981642744083,0.7981981642744083,0.7981981642744083,0.7981981642744083,0.7981981642744083,0.7981981642744083,0.7981981642744083,0.7981981642744083,0.7981981642744083,0.7981981642744083,0.7981981642744083,0.7953490675419712,0.7953490675419712,0.7925260527940174,0.785391574387668,0.7786277746581953,0.7428670227484151,0.6310663731826761,0.2819934561693522,0.7570184313706715,1.0,1.0,1.0,1.0,1.0,1.0,1.0,1.0,1.0,1.0,1.0,0.9974905897114178,0.9974905897114178,0.9949874686716792,0.9850374064837906,0.9727385377942999,0.9320388349514563,0.8009049773755657,0.33669185558354325,0.9482831715938511,0.6371203094510353,0.6371203094510353,0.6371203094510353,0.6371203094510353,0.6371203094510353,0.6371203094510353,0.6371203094510353,0.6371203094510353,0.6371203094510353,0.6371203094510353,0.6371203094510353,0.6341715358165873,0.6341715358165873,0.6312617637243049,0.6262096455006965,0.6232519715358255,0.5920905790538616,0.4972434665931525,0.23618126783766233,0.6043634299915823,1.0,1.0,1.0,1.0,1.0,1.0,1.0,1.0,1.0,1.0,1.0,0.9987437185929648,0.9987437185929648,0.9974874371859297,0.992462311557789,0.9861809045226131,0.964824120603015,0.8894472361809045,0.5037688442211056,0.9648241206030151,1.0,1.0,1.0,1.0,1.0,1.0,1.0,1.0,1.0,1.0,1.0,0.9987437185929648,0.9987437185929648,0.9974874371859297,0.992462311557789,0.9861809045226131,0.964824120603015,0.8894472361809045,0.5037688442211056,0.9648241206030151,0.6371203094510353,0.6371203094510353,0.6371203094510353,0.6371203094510353,0.6371203094510353,0.6371203094510353,0.6371203094510353,0.6371203094510353,0.6371203094510353,0.6371203094510353,0.6371203094510353,0.6354118732329815,0.6354118732329815,0.6337109041710441,0.6307396507797512,0.6290333719340601,0.6098864744917623,0.5402674148818172,0.3019583151829134,0.6118285937825633,1.0,1.0,1.0,1.0,1.0,1.0,1.0,1.0,1.0,1.0,1.0,0.9987480162228884,0.9987480162228884,0.9975046493561525,0.9924813395262194,0.9862795301376359,0.9655334977713456,0.8986279660119928,0.5321464653703358,0.9668457621378663,0.9403539647563006,0.9403539647563006,0.9403539647563006,0.9403539647563006,0.9403539647563006,0.9403539647563006,0.9403539647563006,0.9403539647563006,0.9403539647563006,0.9403539647563006,0.9403539647563006,0.9408064096468938,0.9408064096468938,0.9411479518802586,0.9421598091749285,0.9432460902439411,0.9457943441698053,0.9514580057900414,0.9669546503852543,0.9429614359609118,0.7981981642744083,0.7981981642744083,0.7981981642744083,0.7981981642744083,0.7981981642744083,0.7981981642744083,0.7981981642744083,0.7981981642744083,0.7981981642744083,0.7981981642744083,0.7981981642744083,0.7958485018565217,0.7958485018565217,0.7935210639238424,0.7883460358836117,0.7839892811988581,0.7558196029827303,0.665035207391527,0.3449358843687541,0.7633433624463609,796.0,796.0,796.0,796.0,796.0,796.0,796.0,796.0,796.0,796.0,796.0,795.0,795.0,794.0,790.0,785.0,768.0,708.0,401.0,768.0,0.0,0.0,0.0,0.0,0.0,0.0,0.0,0.0,0.0,0.0,0.0,1.0,1.0,2.0,6.0,11.0,28.0,88.0,395.0,28.0,0.0,0.0,0.0,0.0,0.0,0.0,0.0,0.0,0.0,0.0,0.0,1.0,1.0,2.0,6.0,11.0,28.0,88.0,395.0,28.0,0.9987437185929648,0.9403539647563006,1.0,1.0,1.0,1.0,0.0,0.0,0.9390976833492655,1.0,0.0,1.0,748.5217559460153,796,0,0,1,2,0,0,0.0,601,0.6658291457286433,0.6658291457286433,0.6658291457286433,530,266,266,796,796,3,2
fencing_002_fencing_aria03_rgb,1.0,0.9117185248469425,0.9117185248469425,1.0,1.0,1.0,1.0,1.0,1.0,1.0,1.0,1.0,1.0,1.0,1.0,0.9966832595818995,0.9933720013039056,0.9835037963008663,0.9481413999832071,0.8436009317325871,0.5148157774028682,0.1058006590018494,0.915048306595115,1.0,1.0,1.0,1.0,1.0,1.0,1.0,1.0,1.0,1.0,1.0,1.0,0.9966777408637874,0.9933665008291874,0.9834983498349835,0.9481361426256077,0.843558282208589,0.5148078134845621,0.10579576816927323,0.9150442420008417,1.0,1.0,1.0,1.0,1.0,1.0,1.0,1.0,1.0,1.0,1.0,1.0,0.9966887783305693,0.993377501809081,0.9835092427969107,0.9481466573699583,0.8436435834129055,0.5148237414443737,0.10580555006052386,0.915052371327596,1.0,1.0,1.0,1.0,1.0,1.0,1.0,1.0,1.0,1.0,1.0,1.0,0.9983361064891847,0.9966722129783694,0.9916805324459235,0.9733777038269551,0.9151414309484193,0.6797004991680532,0.1913477537437604,0.9340134862947719,1.0,1.0,1.0,1.0,1.0,1.0,1.0,1.0,1.0,1.0,1.0,1.0,0.9983361064891847,0.9966722129783694,0.9916805324459235,0.9733777038269551,0.9151414309484193,0.6797004991680532,0.1913477537437604,0.9340134862947719,1.0,1.0,1.0,1.0,1.0,1.0,1.0,1.0,1.0,1.0,1.0,1.0,0.998338879645036,0.9966749907638632,0.9916833242135591,0.9733805480893667,0.9151686582967781,0.6797096638201935,0.19136222238298484,0.9340167519585149,1.0,1.0,1.0,1.0,1.0,1.0,1.0,1.0,1.0,1.0,1.0,1.0,0.998338879645036,0.9966749907638632,0.9916833242135591,0.9733805480893667,0.9151686582967781,0.6797096638201935,0.19136222238298484,0.9340167519585149,0.9117185248469425,0.9117185248469425,0.9117185248469425,0.9117185248469425,0.9117185248469425,0.9117185248469425,0.9117185248469425,0.9117185248469425,0.9117185248469425,0.9117185248469425,0.9117185248469425,0.9117185248469425,0.9121700165938762,0.9125727649458432,0.913512795472187,0.9161300977715482,0.9215857275144926,0.9356505906985424,0.9621998089313962,0.9165496894784839,1.0,1.0,1.0,1.0,1.0,1.0,1.0,1.0,1.0,1.0,1.0,1.0,0.9975121023526495,0.9950234937181036,0.9875864365018018,0.9606793514185535,0.8786655769602781,0.5915453947443979,0.14228722478741454,0.9238578726570102,1202.0,1202.0,1202.0,1202.0,1202.0,1202.0,1202.0,1202.0,1202.0,1202.0,1202.0,1202.0,1200.0,1198.0,1192.0,1170.0,1100.0,817.0,230.0,1122.6842105263158,0.0,0.0,0.0,0.0,0.0,0.0,0.0,0.0,0.0,0.0,0.0,0.0,2.0,4.0,10.0,32.0,102.0,385.0,972.0,79.3157894736842,0.0,0.0,0.0,0.0,0.0,0.0,0.0,0.0,0.0,0.0,0.0,0.0,2.0,4.0,10.0,32.0,102.0,385.0,972.0,79.3157894736842,1.0,0.9117185248469425,1.0,1.0,1.0,1.0,0.0,0.0,0.9117185248469425,1.0,0.0,1.0,1095.8856668660248,1202,0,0,0,2,0,0,0.0,601,1.0,1.0,1.0,1202,0,0,1202,1202,2,2
fencing_003_fencing_aria01_rgb,1.0,0.9648743605532863,0.9648743605532863,1.0,1.0,1.0,1.0,1.0,1.0,1.0,1.0,1.0,1.0,1.0,1.0,1.0,1.0,1.0,0.9900662251655629,0.9900662251655629,0.9704918032786886,0.7220630372492837,0.9827730153083736,1.0,1.0,1.0,1.0,1.0,1.0,1.0,1.0,1.0,1.0,1.0,1.0,1.0,1.0,1.0,0.9900662251655629,0.9900662251655629,0.9704918032786886,0.7220630372492837,0.9827730153083736,1.0,1.0,1.0,1.0,1.0,1.0,1.0,1.0,1.0,1.0,1.0,1.0,1.0,1.0,1.0,0.9900662251655629,0.9900662251655629,0.9704918032786886,0.7220630372492837,0.9827730153083736,1.0,1.0,1.0,1.0,1.0,1.0,1.0,1.0,1.0,1.0,1.0,1.0,1.0,1.0,1.0,0.9950083194675541,0.9950083194675541,0.9850249584026622,0.8386023294509152,0.9901917856204572,1.0,1.0,1.0,1.0,1.0,1.0,1.0,1.0,1.0,1.0,1.0,1.0,1.0,1.0,1.0,0.9950083194675541,0.9950083194675541,0.9850249584026622,0.8386023294509152,0.9901917856204572,1.0,1.0,1.0,1.0,1.0,1.0,1.0,1.0,1.0,1.0,1.0,1.0,1.0,1.0,1.0,0.9950083194675542,0.9950083194675542,0.9850249584026624,0.8386023294509152,0.9901917856204572,1.0,1.0,1.0,1.0,1.0,1.0,1.0,1.0,1.0,1.0,1.0,1.0,1.0,1.0,1.0,0.9950083194675542,0.9950083194675542,0.9850249584026624,0.8386023294509152,0.9901917856204572,0.9648743605532863,0.9648743605532863,0.9648743605532863,0.9648743605532863,0.9648743605532863,0.9648743605532863,0.9648743605532863,0.9648743605532863,0.9648743605532863,0.9648743605532863,0.9648743605532863,0.9648743605532863,0.9648743605532863,0.9648743605532863,0.9648743605532863,0.9658167559847841,0.9658167559847841,0.9666683430481879,0.9720157349446634,0.9654438420137743,1.0,1.0,1.0,1.0,1.0,1.0,1.0,1.0,1.0,1.0,1.0,1.0,1.0,1.0,1.0,0.9925341963194879,0.9925341963194879,0.9777313783216303,0.7781540625400938,0.9863659912368788,601.0,601.0,601.0,601.0,601.0,601.0,601.0,601.0,601.0,601.0,601.0,601.0,601.0,601.0,601.0,598.0,598.0,592.0,504.0,595.1052631578947,0.0,0.0,0.0,0.0,0.0,0.0,0.0,0.0,0.0,0.0,0.0,0.0,0.0,0.0,0.0,3.0,3.0,9.0,97.0,5.894736842105263,0.0,0.0,0.0,0.0,0.0,0.0,0.0,0.0,0.0,0.0,0.0,0.0,0.0,0.0,0.0,3.0,3.0,9.0,97.0,5.894736842105263,1.0,0.9648743605532863,1.0,1.0,1.0,1.0,0.0,0.0,0.9648743605532863,1.0,0.0,1.0,579.8894906925251,601,0,0,0,1,0,0,0.0,601,1.0,1.0,1.0,601,0,0,601,601,1,1
fencing_003_fencing_aria02_rgb,1.0,0.9425737258206063,0.9425737258206063,1.0,1.0,1.0,1.0,1.0,1.0,1.0,1.0,1.0,1.0,1.0,1.0,0.9965960702406329,0.9915347106985033,0.9881898905562727,0.9700190205056509,0.9288887937378147,0.8183148717549886,0.38057026032226854,0.9512691377797966,1.0,1.0,1.0,1.0,1.0,1.0,1.0,1.0,1.0,1.0,1.0,1.0,0.9965899403239556,0.9914965986394558,0.9881154499151104,0.9697224558452481,0.9275720164609054,0.8155038759689922,0.3679906542056075,0.950367946913646,1.0,1.0,1.0,1.0,1.0,1.0,1.0,1.0,1.0,1.0,1.0,1.0,0.9966022001950146,0.9915728242225371,0.9882643368054934,0.970315675862724,0.9302074403061282,0.8211355568846433,0.39357989499601875,0.9521935752248716,1.0,1.0,1.0,1.0,1.0,1.0,1.0,1.0,1.0,1.0,1.0,1.0,0.9982920580700256,0.9957301451750641,0.9940222032450897,0.9846285226302306,0.9624252775405636,0.8983774551665243,0.53800170794193,0.9669198615668121,1.0,1.0,1.0,1.0,1.0,1.0,1.0,1.0,1.0,1.0,1.0,1.0,0.9982920580700256,0.9957301451750641,0.9940222032450897,0.9846285226302306,0.9624252775405636,0.8983774551665243,0.53800170794193,0.9669198615668121,1.0,1.0,1.0,1.0,1.0,1.0,1.0,1.0,1.0,1.0,1.0,1.0,0.9982951390452177,0.9957494508139988,0.994060107312956,0.9847838494198274,0.9631617437160558,0.9002607998520687,0.5579674644181168,0.9681199239251707,1.0,1.0,1.0,1.0,1.0,1.0,1.0,1.0,1.0,1.0,1.0,1.0,0.9982951390452177,0.9957494508139988,0.994060107312956,0.9847838494198274,0.9631617437160558,0.9002607998520687,0.5579674644181168,0.9681199239251707,0.9425737258206063,0.9425737258206063,0.9425737258206063,0.9425737258206063,0.9425737258206063,0.9425737258206063,0.9425737258206063,0.9425737258206063,0.9425737258206063,0.9425737258206063,0.9425737258206063,0.9425737258206063,0.9431154436882352,0.9438195550875167,0.9442008268401819,0.9457857734749228,0.9484634335985852,0.9532683794945567,0.9665223014308927,0.9450558117611666,1.0,1.0,1.0,1.0,1.0,1.0,1.0,1.0,1.0,1.0,1.0,1.0,0.9974467712664155,0.9936493104786795,0.9911390888568284,0.9774459015258429,0.9461792398414386,0.8588886260399382,0.46015938077959856,0.9592057009888811,1171.0,1171.0,1171.0,1171.0,1171.0,1171.0,1171.0,1171.0,1171.0,1171.0,1171.0,1171.0,1169.0,1166.0,1164.0,1153.0,1127.0,1052.0,630.0,1132.2631578947369,0.0,0.0,0.0,0.0,0.0,0.0,0.0,0.0,0.0,0.0,0.0,0.0,2.0,5.0,7.0,18.0,44.0,119.0,541.0,38.73684210526316,0.0,0.0,0.0,0.0,0.0,0.0,0.0,0.0,0.0,0.0,0.0,0.0,2.0,5.0,7.0,18.0,44.0,119.0,541.0,38.73684210526316,1.0,0.9425737258206063,1.0,1.0,1.0,1.0,0.0,0.0,0.9425737258206063,1.0,0.0,1.0,1103.75383293593,1171,0,0,0,2,0,0,0.0,601,1.0,1.0,1.0,1171,0,0,1171,1171,2,2
fencing_003_fencing_aria03_rgb,0.9132115485196068,0.9222514297693755,0.8422106563041128,0.9132115485196068,0.9132115485196068,0.9132115485196068,0.9132115485196068,0.9132115485196068,0.9132115485196068,0.9132115485196068,0.9132115485196068,0.9132115485196068,0.9132115485196068,0.9132115485196068,0.9132115485196068,0.9132115485196068,0.9132115485196068,0.9066155813085467,0.8882164079014188,0.8019088243386033,0.5620465364700115,0.1484147988292532,0.8469559909538069,0.9991680532445923,0.9991680532445923,0.9991680532445923,0.9991680532445923,0.9991680532445923,0.9991680532445923,0.9991680532445923,0.9991680532445923,0.9991680532445923,0.9991680532445923,0.9991680532445923,0.9991680532445923,0.9991680532445923,0.9991680532445923,0.9925373134328358,0.9745275267050123,0.8861852433281004,0.6236486486486487,0.16424418604651161,0.9278681928202843,0.8346497164730999,0.8346497164730999,0.8346497164730999,0.8346497164730999,0.8346497164730999,0.8346497164730999,0.8346497164730999,0.8346497164730999,0.8346497164730999,0.8346497164730999,0.8346497164730999,0.8346497164730999,0.8346497164730999,0.8346497164730999,0.828131901085505,0.8095496182983722,0.725647112038443,0.5065292931243176,0.13411100290204478,0.7731086820037939,0.9991680532445923,0.9991680532445923,0.9991680532445923,0.9991680532445923,0.9991680532445923,0.9991680532445923,0.9991680532445923,0.9991680532445923,0.9991680532445923,0.9991680532445923,0.9991680532445923,0.9991680532445923,0.9991680532445923,0.9991680532445923,0.9958402662229617,0.9866888519134775,0.9392678868552413,0.7678868552412645,0.2820299500831947,0.945266660828444,1.0,1.0,1.0,1.0,1.0,1.0,1.0,1.0,1.0,1.0,1.0,1.0,1.0,1.0,0.9966694421315571,0.9875104079933389,0.9400499583680266,0.768526228143214,0.28226477935054123,0.9460537271571934,0.8346497164730999,0.8346497164730999,0.8346497164730999,0.8346497164730999,0.8346497164730999,0.8346497164730999,0.8346497164730999,0.8346497164730999,0.8346497164730999,0.8346497164730999,0.8346497164730999,0.8346497164730999,0.8346497164730999,0.8346497164730999,0.8311196738379504,0.8208606790818002,0.7710223144478717,0.6124299875793864,0.20172377404424288,0.785381708400771,1.0,1.0,1.0,1.0,1.0,1.0,1.0,1.0,1.0,1.0,1.0,1.0,1.0,1.0,0.9966725817082334,0.9875966433861377,0.9414346095900489,0.7789627350283977,0.34884962262089186,0.9501850627544058,0.9222514297693755,0.9222514297693755,0.9222514297693755,0.9222514297693755,0.9222514297693755,0.9222514297693755,0.9222514297693755,0.9222514297693755,0.9222514297693755,0.9222514297693755,0.9222514297693755,0.9222514297693755,0.9222514297693755,0.9222514297693755,0.9229099776596913,0.9242964670324442,0.9291621258142783,0.9403305331792358,0.9637225100552029,0.9258916647637953,0.9132115485196068,0.9132115485196068,0.9132115485196068,0.9132115485196068,0.9132115485196068,0.9132115485196068,0.9132115485196068,0.9132115485196068,0.9132115485196068,0.9132115485196068,0.9132115485196068,0.9132115485196068,0.9132115485196068,0.9132115485196068,0.9081228401734629,0.8937413403473148,0.8255767859666094,0.6236643215583307,0.1944821828704904,0.8542394289574055,1201.0,1201.0,1201.0,1201.0,1201.0,1201.0,1201.0,1201.0,1201.0,1201.0,1201.0,1201.0,1201.0,1201.0,1197.0,1186.0,1129.0,923.0,339.0,1136.2105263157894,1.0,1.0,1.0,1.0,1.0,1.0,1.0,1.0,1.0,1.0,1.0,1.0,1.0,1.0,5.0,16.0,73.0,279.0,863.0,65.78947368421052,0.0,0.0,0.0,0.0,0.0,0.0,0.0,0.0,0.0,0.0,0.0,0.0,0.0,0.0,4.0,15.0,72.0,278.0,862.0,64.78947368421052,0.9983361064891847,0.9222514297693755,0.9991680532445923,0.9991680532445923,1.0,1.0,0.0,0.0,0.9206522189293012,0.9995838535164377,0.0,0.9991680532445923,1107.62396715302,1201,1,0,1,2,0,0,1.0,601,0.8955472326258843,0.8951747088186356,0.8959200666111574,1076,126,125,1201,1202,3,2
fencing_004_fencing_aria01_rgb,0.9525099315404842,0.9461850679958502,0.9012506743413558,0.9525099315404842,0.9525099315404842,0.9525099315404842,0.9525099315404842,0.9525099315404842,0.9525099315404842,0.9525099315404842,0.9525099315404842,0.9525099315404842,0.9485813402417331,0.9446840024522934,0.9446840024522934,0.9446840024522934,0.9446840024522934,0.9320976890581038,0.908880432101929,0.8773818643312216,0.7959122117989053,0.48138299187607664,0.9102927327937633,0.9961538461538462,0.9961538461538462,0.9961538461538462,0.9961538461538462,0.9961538461538462,0.9961538461538462,0.9961538461538462,0.9961538461538462,0.9961538461538462,0.9923224568138196,0.9885057471264368,0.9885057471264368,0.9885057471264368,0.9885057471264368,0.973384030418251,0.9474671669793621,0.915129151291513,0.8115183246073299,0.459915611814346,0.9483760182007885,0.910778162616398,0.910778162616398,0.910778162616398,0.910778162616398,0.910778162616398,0.910778162616398,0.910778162616398,0.910778162616398,0.910778162616398,0.9067683119295014,0.9028049326810206,0.9028049326810206,0.9028049326810206,0.9028049326810206,0.8925625187975832,0.87186518820634,0.841191579102163,0.7806062163748997,0.5038524001248844,0.8739510215161598,0.9980732177263969,0.9980732177263969,0.9980732177263969,0.9980732177263969,0.9980732177263969,0.9980732177263969,0.9980732177263969,0.9980732177263969,0.9980732177263969,0.9961464354527938,0.9942196531791907,0.9942196531791907,0.9942196531791907,0.9942196531791907,0.9865125240847784,0.9730250481695568,0.9556840077071291,0.8959537572254336,0.630057803468208,0.9682587972822231,0.9980732177263969,0.9980732177263969,0.9980732177263969,0.9980732177263969,0.9980732177263969,0.9980732177263969,0.9980732177263969,0.9980732177263969,0.9980732177263969,0.9961464354527938,0.9942196531791907,0.9942196531791907,0.9942196531791907,0.9942196531791907,0.9865125240847784,0.9730250481695568,0.9556840077071291,0.8959537572254336,0.630057803468208,0.9682587972822231,0.910778162616398,0.910778162616398,0.910778162616398,0.910778162616398,0.910778162616398,0.910778162616398,0.910778162616398,0.910778162616398,0.910778162616398,0.908679181466712,0.9065877569133294,0.9065877569133294,0.9065877569133294,0.9065877569133294,0.9017659292018934,0.8909307437650172,0.8731583436724566,0.8383629166698676,0.6227672345170285,0.887316781078625,1.0,1.0,1.0,1.0,1.0,1.0,1.0,1.0,1.0,0.9980735949380966,0.9961554153720616,0.9961554153720616,0.9961554153720616,0.9961554153720616,0.9885570597165992,0.9755443139455646,0.9589225877060261,0.9077037707140816,0.6851761970578143,0.9736104834508648,0.9461850679958502,0.9461850679958502,0.9461850679958502,0.9461850679958502,0.9461850679958502,0.9461850679958502,0.9461850679958502,0.9461850679958502,0.9461850679958502,0.9470782560820155,0.9478529288748408,0.9478529288748408,0.9478529288748408,0.9478529288748408,0.9496198811379213,0.9520862706848418,0.9543271723259305,0.9594681226937215,0.9699838860244829,0.9494547850742594,0.9534271295686335,0.9534271295686335,0.9534271295686335,0.9534271295686335,0.9534271295686335,0.9534271295686335,0.9534271295686335,0.9534271295686335,0.9534271295686335,0.9504072925383726,0.9474103688785482,0.9474103688785482,0.9474103688785482,0.9474103688785482,0.938362458393595,0.9210573634425999,0.8966121455600764,0.8362936520592639,0.5634324595680208,0.919823737536517,518.0,518.0,518.0,518.0,518.0,518.0,518.0,518.0,518.0,517.0,516.0,516.0,516.0,516.0,512.0,505.0,496.0,465.0,327.0,502.5263157894737,1.0,1.0,1.0,1.0,1.0,1.0,1.0,1.0,1.0,2.0,3.0,3.0,3.0,3.0,7.0,14.0,23.0,54.0,192.0,16.473684210526315,1.0,1.0,1.0,1.0,1.0,1.0,1.0,1.0,1.0,2.0,3.0,3.0,3.0,3.0,7.0,14.0,23.0,54.0,192.0,16.473684210526315,0.9903660886319846,0.9470782560820155,0.9922928709055877,0.9961464354527938,0.9961464354527938,1.0,0.0,0.0,0.9376482820701386,0.9961464354527938,0.006430868167202572,0.9922928709055877,489.63945839440197,517,2,2,1,2,0,0,2.0,311,0.9479768786127167,0.9479768786127167,0.9479768786127167,492,27,27,519,519,4,2
fencing_004_fencing_aria02_rgb,1.0,0.948122008831243,0.948122008831243,1.0,1.0,1.0,1.0,1.0,1.0,1.0,1.0,1.0,1.0,1.0,1.0,1.0,1.0,0.9936509886988928,0.9810742995969995,0.9503227758902483,0.8617681936388094,0.4444555821468217,0.9595406231564092,1.0,1.0,1.0,1.0,1.0,1.0,1.0,1.0,1.0,1.0,1.0,1.0,1.0,1.0,0.9936507936507937,0.9810725552050473,0.9503105590062112,0.8579881656804734,0.4436781609195402,0.9593000123401086,1.0,1.0,1.0,1.0,1.0,1.0,1.0,1.0,1.0,1.0,1.0,1.0,1.0,1.0,0.9936511837470303,0.9810760439920535,0.9503349929313417,0.8655648752200475,0.4452343655862152,0.9597821821829837,1.0,1.0,1.0,1.0,1.0,1.0,1.0,1.0,1.0,1.0,1.0,1.0,1.0,1.0,0.9968152866242038,0.9904458598726115,0.9745222929936306,0.9235668789808917,0.6146496815286624,0.9736842105263158,1.0,1.0,1.0,1.0,1.0,1.0,1.0,1.0,1.0,1.0,1.0,1.0,1.0,1.0,0.9968152866242038,0.9904458598726115,0.9745222929936306,0.9235668789808917,0.6146496815286624,0.9736842105263158,1.0,1.0,1.0,1.0,1.0,1.0,1.0,1.0,1.0,1.0,1.0,1.0,1.0,1.0,0.99681538477343,0.9904467488963099,0.9745287182397074,0.9272055290682633,0.6158916859648246,0.973941477207502,1.0,1.0,1.0,1.0,1.0,1.0,1.0,1.0,1.0,1.0,1.0,1.0,1.0,1.0,0.99681538477343,0.9904467488963099,0.9745287182397074,0.9272055290682633,0.6158916859648246,0.973941477207502,0.948122008831243,0.948122008831243,0.948122008831243,0.948122008831243,0.948122008831243,0.948122008831243,0.948122008831243,0.948122008831243,0.948122008831243,0.948122008831243,0.948122008831243,0.948122008831243,0.948122008831243,0.948122008831243,0.9488093817956211,0.9499359835306621,0.9517569376273218,0.9558551542001398,0.9677033764076491,0.9498825766946734,1.0,1.0,1.0,1.0,1.0,1.0,1.0,1.0,1.0,1.0,1.0,1.0,1.0,1.0,0.9952319777475378,0.9857498191692096,0.9623526569940651,0.8940956606328342,0.5231282452832988,0.9663451768329971,314.0,314.0,314.0,314.0,314.0,314.0,314.0,314.0,314.0,314.0,314.0,314.0,314.0,314.0,313.0,311.0,306.0,290.0,193.0,305.7368421052632,0.0,0.0,0.0,0.0,0.0,0.0,0.0,0.0,0.0,0.0,0.0,0.0,0.0,0.0,1.0,3.0,8.0,24.0,121.0,8.263157894736842,0.0,0.0,0.0,0.0,0.0,0.0,0.0,0.0,0.0,0.0,0.0,0.0,0.0,0.0,1.0,3.0,8.0,24.0,121.0,8.263157894736842,1.0,0.948122008831243,1.0,1.0,1.0,1.0,0.0,0.0,0.948122008831243,1.0,0.0,1.0,297.7103107730103,314,0,0,0,2,0,0,0.0,311,1.0,1.0,1.0,314,0,0,314,314,2,2
fencing_004_fencing_aria03_rgb,0.8482252640496488,0.9063385328150594,0.7687792413154251,0.8482252640496488,0.8482252640496488,0.8482252640496488,0.8482252640496488,0.8482252640496488,0.8482252640496488,0.8482252640496488,0.8455494258523317,0.8455494258523317,0.8455494258523317,0.8455494258523317,0.8455494258523317,0.8384645426286207,0.8344937473532598,0.8305613633826597,0.8056769472278305,0.6949196768364958,0.45650329999068207,0.09676313686446342,0.7748792995733269,1.0,1.0,1.0,1.0,1.0,1.0,1.0,0.9899159663865547,0.9899159663865547,0.9899159663865547,0.9899159663865547,0.9899159663865547,0.979933110367893,0.9733333333333334,0.9667774086378738,0.9283387622149837,0.7777777777777778,0.49873417721518987,0.10242085661080075,0.9040471188468752,0.7194860985720966,0.7194860985720966,0.7194860985720966,0.7194860985720966,0.7194860985720966,0.7194860985720966,0.7194860985720966,0.7222368926616785,0.7222368926616785,0.7222368926616785,0.7222368926616785,0.7222368926616785,0.7174191603562499,0.7154587133955679,0.7135377514830339,0.6992224926012892,0.6208886021844083,0.4178483697788891,0.09141794909439858,0.6643884311687845,1.0,1.0,1.0,1.0,1.0,1.0,1.0,0.9949324324324325,0.9949324324324325,0.9949324324324325,0.9949324324324325,0.9949324324324325,0.9898648648648649,0.9864864864864865,0.9831081081081081,0.9628378378378378,0.875,0.6655405405405406,0.1858108108108108,0.9275426742532006,1.0,1.0,1.0,1.0,1.0,1.0,1.0,0.9949324324324325,0.9949324324324325,0.9949324324324325,0.9949324324324325,0.9949324324324325,0.9898648648648649,0.9864864864864865,0.9831081081081081,0.9628378378378378,0.875,0.6655405405405406,0.1858108108108108,0.9275426742532006,0.7198883800448085,0.7198883800448085,0.7198883800448085,0.7198883800448085,0.7198883800448085,0.7198883800448085,0.7198883800448085,0.7226595446472225,0.7226595446472225,0.7226595446472225,0.7226595446472225,0.7226595446472225,0.7202099377497473,0.7194052717359002,0.7186187748619034,0.7123605886147202,0.6694073416384446,0.5218742428967047,0.15026884510784944,0.6770874413765811,0.9680574324324323,0.9680574324324323,0.9680574324324323,0.9680574324324323,0.9680574324324323,0.9680574324324323,0.9680574324324323,0.9676146010186757,0.9676146010186757,0.9676146010186757,0.9676146010186757,0.9676146010186757,0.9632788284003804,0.9607566528183247,0.9582999549321165,0.9453451707593207,0.8747510794148906,0.6782817338483653,0.20441705356286888,0.905242395045088,0.9063385328150594,0.9063385328150594,0.9063385328150594,0.9063385328150594,0.9063385328150594,0.9063385328150594,0.9063385328150594,0.909040889387194,0.909040889387194,0.909040889387194,0.909040889387194,0.909040889387194,0.9103963931913395,0.911198561229204,0.9118382111142602,0.9146555687900968,0.9230281367023122,0.9367392464169365,0.9623596392132936,0.9136731543841489,0.8482252640496488,0.8482252640496488,0.8482252640496488,0.8482252640496488,0.8482252640496488,0.8482252640496488,0.8482252640496488,0.8476891578923994,0.8476891578923994,0.8476891578923994,0.8476891578923994,0.8476891578923994,0.8427028065798192,0.8401132973615737,0.8375468637182034,0.8205107390789037,0.7370736238065756,0.527347162585166,0.13033204994893477,0.7848236410994059,592.0,592.0,592.0,592.0,592.0,592.0,592.0,589.0,589.0,589.0,589.0,589.0,586.0,584.0,582.0,570.0,518.0,394.0,110.0,549.1052631578947,0.0,0.0,0.0,0.0,0.0,0.0,0.0,3.0,3.0,3.0,3.0,3.0,6.0,8.0,10.0,22.0,74.0,198.0,482.0,42.89473684210526,0.0,0.0,0.0,0.0,0.0,0.0,0.0,3.0,3.0,3.0,3.0,3.0,6.0,8.0,10.0,22.0,74.0,198.0,482.0,42.89473684210526,0.9898648648648649,0.9088134034118307,0.9966216216216216,0.9983108108108109,0.9983108108108109,1.0,0.0,0.0,0.8988322996898513,0.9983108108108109,0.003215434083601286,0.9956046283930272,537.108721416392,591,1,1,4,2,0,0,2.0,311,0.8378378378378378,0.8378378378378378,0.8378378378378378,496,96,96,592,592,5,2
fencing_005_fencing_aria01_rgb,0.8570880327540564,0.9463082017291635,0.8110694349990776,0.8570880327540564,0.8570880327540564,0.8570880327540564,0.8564405188747268,0.8564405188747268,0.8564405188747268,0.8564405188747268,0.8557964997751022,0.8551559573418421,0.8539924164907389,0.8521983699091101,0.8521983699091101,0.8515661168654872,0.8496898202866281,0.8469378276538582,0.8432988761441139,0.8332659884514937,0.7763054937653424,0.44764196054242,0.8271091510998064,1.0,1.0,1.0,0.9982578397212544,0.9982578397212544,0.9982578397212544,0.9982578397212544,0.9965187119234117,0.9947826086956522,0.9930495221546481,0.98959236773634,0.98959236773634,0.9878682842287695,0.982713915298185,0.9758828596037898,0.9707903780068728,0.9540034071550255,0.865040650406504,0.41343191620455944,0.9529630709492165,0.7345998958902185,0.7345998958902185,0.7345998958902185,0.7347704502628553,0.7347704502628553,0.7347704502628553,0.7347704502628553,0.7349462084999011,0.7351271574159343,0.7344075306952486,0.7338800149974878,0.7338800149974878,0.7340703846560903,0.7346724000337922,0.7350305181118386,0.7325505182344225,0.7278089389435648,0.6966727163250095,0.4846827663375536,0.718979508314232,1.0,1.0,1.0,0.999128160418483,0.999128160418483,0.999128160418483,0.999128160418483,0.998256320836966,0.997384481255449,0.9965126416739319,0.994768962510898,0.994768962510898,0.993897122929381,0.99128160418483,0.987794245858762,0.985178727114211,0.976460331299041,0.927637314734089,0.5850043591979076,0.9697609324094894,1.0,1.0,1.0,0.999128160418483,0.999128160418483,0.999128160418483,0.999128160418483,0.998256320836966,0.997384481255449,0.9965126416739319,0.994768962510898,0.994768962510898,0.993897122929381,0.99128160418483,0.987794245858762,0.985178727114211,0.976460331299041,0.927637314734089,0.5850043591979076,0.9697609324094894,0.7345998958902185,0.7345998958902185,0.7345998958902185,0.7348205895326314,0.7348205895326314,0.7348205895326314,0.7348205895326314,0.7350448677959595,0.7352727400804323,0.7348664750239553,0.7346938775510204,0.7346938775510204,0.7349286678234047,0.7356548464727884,0.736396289794348,0.7351371332715111,0.7334764779135767,0.7200154270685215,0.5986454922381383,0.726942537809782,1.0,1.0,1.0,0.9991340102596648,0.9991340102596648,0.9991340102596648,0.9991340102596648,0.9982797406378192,0.99743722186904,0.9965627564292823,0.9948583761990913,0.9948583761990913,0.9940364816327589,0.9916420788098502,0.9886304925995579,0.9861065879480669,0.9787078292759089,0.9377196765541118,0.6591244101390928,0.9744473720701226,0.9463082017291635,0.9463082017291635,0.9463082017291635,0.9469791727152783,0.9469791727152783,0.9469791727152783,0.9469791727152783,0.9474626495077885,0.9479359404075153,0.9483333111796372,0.9490415838393047,0.9490415838393047,0.9493039582014711,0.9499853705660466,0.9507734394725152,0.9512417586148298,0.9522640346081317,0.9559306021326007,0.9684424451169954,0.9498209459755129,0.8570880327540564,0.8570880327540564,0.8570880327540564,0.8568137769089541,0.8568137769089541,0.8568137769089541,0.8568137769089541,0.8565422920733039,0.8562735652559201,0.8554802092850257,0.8544244034006363,0.8544244034006363,0.8541606659975348,0.8533857482146141,0.8520909084842172,0.8495252716082341,0.8430163448256722,0.8039027352983914,0.5324861792906646,0.8349595754227809,1147.0,1147.0,1147.0,1146.0,1146.0,1146.0,1146.0,1145.0,1144.0,1143.0,1141.0,1141.0,1140.0,1137.0,1133.0,1130.0,1120.0,1064.0,671.0,1112.3157894736842,0.0,0.0,0.0,1.0,1.0,1.0,1.0,2.0,3.0,4.0,6.0,6.0,7.0,10.0,14.0,17.0,27.0,83.0,476.0,34.68421052631579,0.0,0.0,0.0,1.0,1.0,1.0,1.0,2.0,3.0,4.0,6.0,6.0,7.0,10.0,14.0,17.0,27.0,83.0,476.0,34.68421052631579,0.990409764603313,0.9483333111796372,0.993025283347864,0.9965126416739319,0.9965126416739319,1.0,0.0,0.0,0.9389232560403882,0.9965126416739319,0.0066555740432612314,0.9926093101528164,1083.9449746783253,1143,4,4,3,2,0,0,5.0,601,0.8090671316477768,0.8090671316477768,0.8090671316477768,928,219,219,1147,1147,5,2
fencing_005_fencing_aria02_rgb,0.6555170863132965,0.950205385866911,0.6228758659426791,0.6555170863132965,0.6555170863132965,0.6555170863132965,0.6555170863132965,0.6555170863132965,0.6555170863132965,0.654561662709597,0.654561662709597,0.654561662709597,0.654561662709597,0.654561662709597,0.6520143208090063,0.6520143208090063,0.6476350474734743,0.6442291170524491,0.6306109826682947,0.619938968333977,0.5847147993313319,0.39972437676790845,0.6335154086670113,0.9964664310954063,0.9964664310954063,0.9964664310954063,0.9964664310954063,0.9964664310954063,0.9964664310954063,0.9929453262786596,0.9929453262786596,0.9929453262786596,0.9929453262786596,0.9929453262786596,0.9894366197183099,0.9894366197183099,0.978984238178634,0.9720767888307156,0.9382504288164666,0.9152542372881356,0.8464052287581699,0.5586206896551724,0.954315266785771,0.4312264187126762,0.4312264187126762,0.4312264187126762,0.4312264187126762,0.4312264187126762,0.4312264187126762,0.4314950269164287,0.4314950269164287,0.4314950269164287,0.4314950269164287,0.4314950269164287,0.42966135078067064,0.42966135078067064,0.42843504354708145,0.4269530555887542,0.4238422911924526,0.4199099100570509,0.4039334646581714,0.2860251693884131,0.42069764646586666,0.9964664310954063,0.9964664310954063,0.9964664310954063,0.9964664310954063,0.9964664310954063,0.9964664310954063,0.9946996466431095,0.9946996466431095,0.9946996466431095,0.9946996466431095,0.9946996466431095,0.9929328621908127,0.9929328621908127,0.9876325088339223,0.9840989399293286,0.9664310954063604,0.9540636042402827,0.9151943462897526,0.715547703180212,0.9716384601078668,1.0,1.0,1.0,1.0,1.0,1.0,0.99822695035461,0.99822695035461,0.99822695035461,0.99822695035461,0.99822695035461,0.9964539007092199,0.9964539007092199,0.9911347517730497,0.9875886524822695,0.9698581560283688,0.9574468085106383,0.9184397163120568,0.7180851063829787,0.9750839865621502,0.4312264187126762,0.4312264187126762,0.4312264187126762,0.4312264187126762,0.4312264187126762,0.4312264187126762,0.4315211261660753,0.4315211261660753,0.4315211261660753,0.4315211261660753,0.4315211261660753,0.43026179544692456,0.43026179544692456,0.42939466697153844,0.42849503145923945,0.4273540066064085,0.4248615844360525,0.41438952077249946,0.32267276421278446,0.4238239636030951,1.0,1.0,1.0,1.0,1.0,1.0,0.9984775437706165,0.9984775437706165,0.9984775437706165,0.9984775437706165,0.9984775437706165,0.9967015070700456,0.9967015070700456,0.992323339845019,0.9894927969361983,0.9732039941969861,0.9645833324010021,0.9329640145876229,0.7456752524268261,0.9781070243887804,0.950205385866911,0.950205385866911,0.950205385866911,0.950205385866911,0.950205385866911,0.950205385866911,0.951307206854863,0.951307206854863,0.951307206854863,0.951307206854863,0.951307206854863,0.9519407577588368,0.9519407577588368,0.9533876219736795,0.954193226100748,0.9573189614327966,0.9590978867985004,0.9624742977648317,0.9701887021336114,0.9535952926946119,0.6555170863132965,0.6555170863132965,0.6555170863132965,0.6555170863132965,0.6555170863132965,0.6555170863132965,0.65513964221533,0.65513964221533,0.65513964221533,0.65513964221533,0.65513964221533,0.653165273727425,0.653165273727425,0.6504893365234935,0.6482006243474937,0.640011226273933,0.6329460974247673,0.6080112031306578,0.45239877653195537,0.6393257126654517,564.0,564.0,564.0,564.0,564.0,564.0,563.0,563.0,563.0,563.0,563.0,562.0,562.0,559.0,557.0,547.0,540.0,518.0,405.0,549.9473684210526,2.0,2.0,2.0,2.0,2.0,2.0,3.0,3.0,3.0,3.0,3.0,4.0,4.0,7.0,9.0,19.0,26.0,48.0,161.0,16.05263157894737,0.0,0.0,0.0,0.0,0.0,0.0,1.0,1.0,1.0,1.0,1.0,2.0,2.0,5.0,7.0,17.0,24.0,46.0,159.0,14.052631578947368,0.9823321554770318,0.951307206854863,0.9929328621908127,0.9946996466431095,0.99822695035461,1.0,0.0,0.0,0.933897451341498,0.9964601769911504,0.0016638935108153079,0.9915580366600996,535.5859574592879,563,3,1,6,2,0,0,5.0,601,0.5663716814159292,0.5653710247349824,0.5673758865248227,320,246,244,564,566,8,2
fencing_005_fencing_aria03_rgb,0.6311653108126163,0.9271520778955852,0.58518622941553,0.6311653108126163,0.6311653108126163,0.6311653108126163,0.6311653108126163,0.6311653108126163,0.6311653108126163,0.6311653108126163,0.6311653108126163,0.6302404435787059,0.6302404435787059,0.6293201784844882,0.6281247511320631,0.6267803487193387,0.6240214447437061,0.6158197620990348,0.6080950763195976,0.587022330380195,0.4769116102320631,0.15759384357777043,0.5928154062814,0.998220640569395,0.998220640569395,0.998220640569395,0.998220640569395,0.998220640569395,0.998220640569395,0.998220640569395,0.998220640569395,0.9964444444444445,0.9964444444444445,0.9946714031971581,0.9911347517730497,0.9876106194690265,0.9805996472663139,0.9650043744531933,0.9513466550825369,0.9131175468483816,0.7105864432597105,0.19850586979722518,0.9300648065574023,0.3990797559004115,0.3990797559004115,0.3990797559004115,0.3990797559004115,0.3990797559004115,0.3990797559004115,0.3990797559004115,0.3990797559004115,0.39862033346348746,0.39862033346348746,0.39816555072836096,0.3980696895945974,0.3977818765779853,0.3971067750081162,0.39298679822731325,0.38869072579233055,0.3773831940415149,0.3200802465788262,0.1251137790483712,0.3781714394593518,0.998220640569395,0.998220640569395,0.998220640569395,0.998220640569395,0.998220640569395,0.998220640569395,0.998220640569395,0.998220640569395,0.9973309608540926,0.9973309608540926,0.99644128113879,0.994661921708185,0.9928825622775801,0.9893238434163701,0.9813167259786477,0.9741992882562278,0.9537366548042705,0.8300711743772242,0.3309608540925267,0.9486327027533246,1.0,1.0,1.0,1.0,1.0,1.0,1.0,1.0,0.9991087344028521,0.9991087344028521,0.9982174688057041,0.9964349376114082,0.9946524064171123,0.9910873440285205,0.9830659536541889,0.9759358288770054,0.9554367201426025,0.8315508021390374,0.3315508021390374,0.9503236701379117,0.4095610471783814,0.4095610471783814,0.4095610471783814,0.4095610471783814,0.4095610471783814,0.4095610471783814,0.4095610471783814,0.4095610471783814,0.4091687815825174,0.4091687815825174,0.40877898167245624,0.40875534452352863,0.4085473385190269,0.40813645056599096,0.40515666722698795,0.402076272362632,0.3935074225188646,0.34915598927537084,0.16138867781155017,0.3915962676351839,0.9126851933023583,0.9126851933023583,0.9126851933023583,0.9126851933023583,0.9126851933023583,0.9126851933023583,0.9126851933023583,0.9126851933023583,0.9120750403377156,0.9120750403377156,0.9114697501951601,0.9116694037948327,0.9101423898779795,0.9067894314969274,0.8989382588855022,0.8914169636878372,0.8735280008694573,0.7682505723190688,0.3503235544086582,0.8709557869805117,0.9271520778955852,0.9271520778955852,0.9271520778955852,0.9271520778955852,0.9271520778955852,0.9271520778955852,0.9271520778955852,0.9271520778955852,0.9275995473760209,0.9275995473760209,0.9279634942304273,0.9285863910005288,0.9291094063464115,0.9300438192178564,0.9317385664022344,0.9328976679161877,0.9351703070791424,0.9428883724381444,0.9643297589895057,0.9313233421861665,0.6311653108126163,0.6311653108126163,0.6311653108126163,0.6311653108126163,0.6311653108126163,0.6311653108126163,0.6311653108126163,0.6311653108126163,0.6305207373188599,0.6305207373188599,0.6298798230401573,0.6292414182378199,0.6284510234253217,0.6267911940173612,0.6210028326741018,0.6153553675874495,0.5999368175604038,0.5154506631799379,0.20348897555541579,0.5989453724429799,1122.0,1122.0,1122.0,1122.0,1122.0,1122.0,1122.0,1122.0,1121.0,1121.0,1120.0,1118.0,1116.0,1112.0,1103.0,1095.0,1072.0,933.0,372.0,1066.2631578947369,2.0,2.0,2.0,2.0,2.0,2.0,2.0,2.0,3.0,3.0,4.0,6.0,8.0,12.0,21.0,29.0,52.0,191.0,752.0,57.73684210526316,0.0,0.0,0.0,0.0,0.0,0.0,0.0,0.0,1.0,1.0,2.0,4.0,6.0,10.0,19.0,27.0,50.0,189.0,750.0,55.73684210526316,0.994661921708185,0.9276734077136319,0.998220640569395,0.998220640569395,1.0,1.0,0.0,0.0,0.9224640244258853,0.9991095280498664,0.0,0.9976850000077154,1040.849563454695,1122,2,0,4,2,0,0,1.0,601,0.4666073018699911,0.46619217081850534,0.46702317290552586,524,600,598,1122,1124,5,2
fencing_006_fencing_aria01_rgb,0.8488114765256873,0.9397599759433181,0.7976790527601922,0.8488114765256873,0.8488114765256873,0.8488114765256873,0.8488114765256873,0.8488114765256873,0.8488114765256873,0.8488114765256873,0.8469851540185142,0.8469851540185142,0.8469851540185142,0.8451644736275721,0.8451644736275721,0.8451644736275721,0.8451644736275721,0.8257843482157486,0.80294726753384,0.7606144047196425,0.6712508794694761,0.30030898410780277,0.8012736619101133,0.9966555183946488,0.9966555183946488,0.9966555183946488,0.9966555183946488,0.9966555183946488,0.9966555183946488,0.9966555183946488,0.9949874686716792,0.9949874686716792,0.9949874686716792,0.993322203672788,0.993322203672788,0.993322203672788,0.993322203672788,0.9735537190082645,0.9509803921568627,0.9058260175578612,0.8022641509433962,0.3438379290939786,0.9427001083278472,0.7228986438987701,0.7228986438987701,0.7228986438987701,0.7228986438987701,0.7228986438987701,0.7228986438987701,0.7228986438987701,0.7209978755666969,0.7209978755666969,0.7209978755666969,0.7191050243728073,0.7191050243728073,0.7191050243728073,0.7191050243728073,0.7004439266615549,0.6779575265245993,0.6386814481513402,0.5616326526103692,0.2622906849558498,0.6810900247571802,0.998324958123953,0.998324958123953,0.998324958123953,0.998324958123953,0.998324958123953,0.998324958123953,0.998324958123953,0.9974874371859297,0.9974874371859297,0.9974874371859297,0.9966499162479062,0.9966499162479062,0.9966499162479062,0.9966499162479062,0.9865996649916248,0.9748743718592965,0.9505862646566164,0.890284757118928,0.5117252931323283,0.9621793176408359,0.998324958123953,0.998324958123953,0.998324958123953,0.998324958123953,0.998324958123953,0.998324958123953,0.998324958123953,0.9974874371859297,0.9974874371859297,0.9974874371859297,0.9966499162479062,0.9966499162479062,0.9966499162479062,0.9966499162479062,0.9865996649916248,0.9748743718592965,0.9505862646566164,0.890284757118928,0.5117252931323283,0.9621793176408359,0.7229110125525594,0.7229110125525594,0.7229110125525594,0.7229110125525594,0.7229110125525594,0.7229110125525594,0.7229110125525594,0.7218429207751329,0.7218429207751329,0.7218429207751329,0.7207758303451575,0.7207758303451575,0.7207758303451575,0.7207758303451575,0.7102811671194688,0.6969623855236144,0.6728905232333297,0.6213441681948457,0.32826376597456225,0.6915132200852508,0.9983854628339877,0.9983854628339877,0.9983854628339877,0.9983854628339877,0.9983854628339877,0.9983854628339877,0.9983854628339877,0.997545876040957,0.997545876040957,0.997545876040957,0.9967076792981344,0.9967076792981344,0.9967076792981344,0.9967076792981344,0.9867681246472262,0.9752209338005626,0.951777536787143,0.8962411378988819,0.5930621966927561,0.9669071849989418,0.9397599759433181,0.9397599759433181,0.9397599759433181,0.9397599759433181,0.9397599759433181,0.9397599759433181,0.9397599759433181,0.9402212972099507,0.9402212972099507,0.9402212972099507,0.9405565585549309,0.9405565585549309,0.9405565585549309,0.9405565585549309,0.9428544404747469,0.9448565908322496,0.9478823470819179,0.9524085782929517,0.9680103830268282,0.9430116998506052,0.8495220764630559,0.8495220764630559,0.8495220764630559,0.8495220764630559,0.8495220764630559,0.8495220764630559,0.8495220764630559,0.8480485381837082,0.8480485381837082,0.8480485381837082,0.846578975828367,0.846578975828367,0.846578975828367,0.846578975828367,0.8312988291761924,0.8129719661943768,0.7791802179878933,0.7071159662454821,0.3663615395274337,0.8091602406440717,1192.0,1192.0,1192.0,1192.0,1192.0,1192.0,1192.0,1191.0,1191.0,1191.0,1190.0,1190.0,1190.0,1190.0,1178.0,1164.0,1135.0,1063.0,611.0,1148.842105263158,2.0,2.0,2.0,2.0,2.0,2.0,2.0,3.0,3.0,3.0,4.0,4.0,4.0,4.0,16.0,30.0,59.0,131.0,583.0,45.1578947368421,2.0,2.0,2.0,2.0,2.0,2.0,2.0,3.0,3.0,3.0,4.0,4.0,4.0,4.0,16.0,30.0,59.0,131.0,583.0,45.1578947368421,0.9932998324958124,0.9402212972099507,0.9949748743718593,0.9974874371859297,0.9974874371859297,1.0,0.0,0.0,0.9336713274514667,0.9974874371859297,0.004991680532445923,0.9947227554475175,1119.8035649770513,1191,3,3,2,2,0,0,4.0,601,0.7772194304857621,0.7772194304857621,0.7772194304857621,928,266,266,1194,1194,4,2
fencing_006_fencing_aria02_rgb,1.0,0.9627972109175724,0.9627972109175724,1.0,1.0,1.0,1.0,1.0,1.0,1.0,1.0,1.0,1.0,1.0,1.0,0.9966777408637874,0.9900662251655629,0.9867768595041322,0.9802306425041186,0.967266775777414,0.9418416801292407,0.7270114942528736,0.9784142851682699,1.0,1.0,1.0,1.0,1.0,1.0,1.0,1.0,1.0,1.0,1.0,1.0,0.9966777408637874,0.9900662251655629,0.9867768595041322,0.9802306425041186,0.967266775777414,0.9418416801292407,0.7270114942528736,0.9784142851682699,1.0,1.0,1.0,1.0,1.0,1.0,1.0,1.0,1.0,1.0,1.0,1.0,0.9966777408637874,0.9900662251655629,0.9867768595041322,0.9802306425041186,0.967266775777414,0.9418416801292407,0.7270114942528736,0.9784142851682699,1.0,1.0,1.0,1.0,1.0,1.0,1.0,1.0,1.0,1.0,1.0,1.0,0.9983361064891847,0.9950083194675541,0.9933444259567388,0.9900166389351082,0.9833610648918469,0.9700499168053245,0.8419301164725458,0.9880024520535948,1.0,1.0,1.0,1.0,1.0,1.0,1.0,1.0,1.0,1.0,1.0,1.0,0.9983361064891847,0.9950083194675541,0.9933444259567388,0.9900166389351082,0.9833610648918469,0.9700499168053245,0.8419301164725458,0.9880024520535948,1.0,1.0,1.0,1.0,1.0,1.0,1.0,1.0,1.0,1.0,1.0,1.0,0.9983361064891847,0.9950083194675542,0.9933444259567388,0.9900166389351083,0.9833610648918469,0.9700499168053244,0.8419301164725458,0.9880024520535948,1.0,1.0,1.0,1.0,1.0,1.0,1.0,1.0,1.0,1.0,1.0,1.0,0.9983361064891847,0.9950083194675542,0.9933444259567388,0.9900166389351083,0.9833610648918469,0.9700499168053244,0.8419301164725458,0.9880024520535948,0.9627972109175724,0.9627972109175724,0.9627972109175724,0.9627972109175724,0.9627972109175724,0.9627972109175724,0.9627972109175724,0.9627972109175724,0.9627972109175724,0.9627972109175724,0.9627972109175724,0.9627972109175724,0.9633778996722484,0.9642859280305538,0.9646522615042329,0.9653004766417086,0.9661826466868744,0.9674374835744246,0.9720947298824975,0.9640472608949162,1.0,1.0,1.0,1.0,1.0,1.0,1.0,1.0,1.0,1.0,1.0,1.0,0.997506579045166,0.9925341963194879,0.9900551969721313,0.9851114891590338,0.9752807219785395,0.9558417460297269,0.7823636443708267,0.9830891354671005,601.0,601.0,601.0,601.0,601.0,601.0,601.0,601.0,601.0,601.0,601.0,601.0,600.0,598.0,597.0,595.0,591.0,583.0,506.0,593.7894736842105,0.0,0.0,0.0,0.0,0.0,0.0,0.0,0.0,0.0,0.0,0.0,0.0,1.0,3.0,4.0,6.0,10.0,18.0,95.0,7.2105263157894735,0.0,0.0,0.0,0.0,0.0,0.0,0.0,0.0,0.0,0.0,0.0,0.0,1.0,3.0,4.0,6.0,10.0,18.0,95.0,7.2105263157894735,1.0,0.9627972109175724,1.0,1.0,1.0,1.0,0.0,0.0,0.9627972109175724,1.0,0.0,1.0,578.641123761461,601,0,0,0,1,0,0,0.0,601,1.0,1.0,1.0,601,0,0,601,601,1,1
fencing_006_fencing_aria03_rgb,0.6445266467283319,0.9175771885654169,0.5914029484604785,0.6445266467283319,0.6445266467283319,0.6445266467283319,0.6445266467283319,0.6445266467283319,0.6445266467283319,0.6445266467283319,0.6445266467283319,0.6442563847388234,0.6442563847388234,0.6442563847388234,0.6439885994704361,0.6418767524776221,0.6378467144466161,0.6194272268690026,0.5910765580622985,0.5312789691359545,0.42790130923149833,0.15546919477511292,0.5967288238164035,0.9842454394693201,0.9842454394693201,0.9842454394693201,0.9842454394693201,0.9842454394693201,0.9842454394693201,0.9842454394693201,0.9842454394693201,0.9826014913007457,0.9826014913007457,0.9826014913007457,0.9809602649006622,0.9776859504132231,0.9695473251028807,0.9439480097481722,0.887223974763407,0.7818317200297841,0.5910904255319149,0.17361451692005886,0.9014563251087843,0.4220640316777581,0.4220640316777581,0.4220640316777581,0.4220640316777581,0.4220640316777581,0.4220640316777581,0.4220640316777581,0.4220640316777581,0.4224156923752308,0.4224156923752308,0.4224156923752308,0.4227707595168402,0.42140910912863433,0.41962720188740815,0.40647375218152565,0.3937804967273788,0.36102058258190123,0.3097656847973157,0.13922033106915496,0.3956751183388377,0.9875207986688852,0.9875207986688852,0.9875207986688852,0.9875207986688852,0.9875207986688852,0.9875207986688852,0.9875207986688852,0.9875207986688852,0.9866888519134775,0.9866888519134775,0.9866888519134775,0.9858569051580699,0.9841930116472546,0.9800332778702163,0.9667221297836939,0.9359400998336106,0.8735440931780366,0.7396006655574043,0.2945091514143095,0.9274016989228479,0.9966414777497901,0.9966414777497901,0.9966414777497901,0.9966414777497901,0.9966414777497901,0.9966414777497901,0.9966414777497901,0.9966414777497901,0.9958018471872376,0.9958018471872376,0.9958018471872376,0.9949622166246851,0.9932829554995802,0.9890848026868178,0.9756507136859782,0.9445843828715366,0.8816120906801007,0.746431570109152,0.2972292191435768,0.9359671218348138,0.42206404097635647,0.42206404097635647,0.42206404097635647,0.42206404097635647,0.42206404097635647,0.42206404097635647,0.42206404097635647,0.42206404097635647,0.4224157040121439,0.4224157040121439,0.4224157040121439,0.4227707688311324,0.4218877244603598,0.4207560121924693,0.41201554494660364,0.40388537622481047,0.3808446240392996,0.3439468153003337,0.19046410408264947,0.40212265315394435,0.9988767200224655,0.9988767200224655,0.9988767200224655,0.9988767200224655,0.9988767200224655,0.9988767200224655,0.9988767200224655,0.9988767200224655,0.9984541877459245,0.9984541877459245,0.9984541877459245,0.9988748241912797,0.9971904725922783,0.9929874996878001,0.9796756250272071,0.9514029604598897,0.8950752111254795,0.765483200025405,0.34749083436040873,0.9428714184677496,0.9175771885654169,0.9175771885654169,0.9175771885654169,0.9175771885654169,0.9175771885654169,0.9175771885654169,0.9175771885654169,0.9175771885654169,0.9179715418430319,0.9179715418430319,0.9179715418430319,0.9182605285620189,0.9187796991926898,0.9198213030637297,0.9224064642218813,0.9270182592159528,0.9342110019277117,0.9436091710925644,0.9645755159052609,0.9233270566965389,0.6455981797153933,0.6455981797153933,0.6455981797153933,0.6455981797153933,0.6455981797153933,0.6455981797153933,0.6455981797153933,0.6455981797153933,0.6455949616748516,0.6455949616748516,0.6455949616748516,0.6455938913656158,0.6440092392574016,0.6412866926338201,0.6268549843545107,0.607087273313773,0.5615758162796127,0.47864695407256047,0.20248867020847378,0.6057428339070249,1187.0,1187.0,1187.0,1187.0,1187.0,1187.0,1187.0,1187.0,1186.0,1186.0,1186.0,1185.0,1183.0,1178.0,1162.0,1125.0,1050.0,889.0,354.0,1114.7368421052631,15.0,15.0,15.0,15.0,15.0,15.0,15.0,15.0,16.0,16.0,16.0,17.0,19.0,24.0,40.0,77.0,152.0,313.0,848.0,87.26315789473684,4.0,4.0,4.0,4.0,4.0,4.0,4.0,4.0,5.0,5.0,5.0,6.0,8.0,13.0,29.0,66.0,141.0,302.0,837.0,76.26315789473684,0.9742096505823628,0.9177371329937687,0.9825291181364393,0.9866888519134775,0.9958018471872376,1.0,0.0,0.0,0.8930417967808733,0.9912244045131634,0.008319467554076539,0.9816971713810316,1088.4362397306097,1186,16,5,10,2,0,0,7.0,601,0.523192645215211,0.5207986688851913,0.5256087321578505,626,576,565,1191,1202,13,2
fencing_008_fencing_aria01_rgb,0.8353977737630264,0.943958263437245,0.7885806318006868,0.8353977737630264,0.8353977737630264,0.8353977737630264,0.8353977737630264,0.8353977737630264,0.8353977737630264,0.8353977737630264,0.8353977737630264,0.8353977737630264,0.8353977737630264,0.8353977737630264,0.8353977737630264,0.8353977737630264,0.8345711314594342,0.829977645141688,0.8119822095696931,0.7811971168117617,0.6956847815262853,0.35281144619189675,0.7982313362957949,0.9990706319702602,0.9990706319702602,0.9990706319702602,0.9990706319702602,0.9990706319702602,0.9990706319702602,0.9990706319702602,0.9990706319702602,0.9990706319702602,0.9990706319702602,0.9990706319702602,0.9990706319702602,0.9990706319702602,0.9972144846796658,0.9898242368177613,0.9572338489535942,0.9171122994652406,0.8106060606060606,0.4188654353562005,0.9515144516574686,0.6985386398876701,0.6985386398876701,0.6985386398876701,0.6985386398876701,0.6985386398876701,0.6985386398876701,0.6985386398876701,0.6985386398876701,0.6985386398876701,0.6985386398876701,0.6985386398876701,0.6985386398876701,0.6985386398876701,0.6984545292572832,0.695944659477731,0.688771201915201,0.6654244367574736,0.5970561272209379,0.2971739992300012,0.6696751195999127,1.0,1.0,1.0,1.0,1.0,1.0,1.0,1.0,1.0,1.0,1.0,1.0,1.0,0.9990697674418605,0.9953488372093023,0.9786046511627907,0.9572093023255814,0.8958139534883721,0.5906976744186047,0.9693023255813952,0.9990706319702602,0.9990706319702602,0.9990706319702602,0.9990706319702602,0.9990706319702602,0.9990706319702602,0.9990706319702602,0.9990706319702602,0.9990706319702602,0.9990706319702602,0.9990706319702602,0.9990706319702602,0.9990706319702602,0.9981412639405205,0.9944237918215614,0.9776951672862454,0.9563197026022305,0.8949814126394052,0.5901486988847584,0.9684014869888476,0.6985388966784316,0.6985388966784316,0.6985388966784316,0.6985388966784316,0.6985388966784316,0.6985388966784316,0.6985388966784316,0.6985388966784316,0.6985388966784316,0.6985388966784316,0.6985388966784316,0.6985388966784316,0.6985388966784316,0.6985601845937042,0.6973241295671203,0.6943490593680708,0.6817110388538961,0.6415550937877003,0.39857813873561904,0.6785833316697748,0.999173126614987,0.999173126614987,0.999173126614987,0.999173126614987,0.999173126614987,0.999173126614987,0.999173126614987,0.999173126614987,0.999173126614987,0.999173126614987,0.999173126614987,0.999173126614987,0.999173126614987,0.9982469702797357,0.9945422351709835,0.9781300574181211,0.9578489572571622,0.8985111100159294,0.5986537098367445,0.9692201939986056,0.943958263437245,0.943958263437245,0.943958263437245,0.943958263437245,0.943958263437245,0.943958263437245,0.943958263437245,0.943958263437245,0.943958263437245,0.943958263437245,0.943958263437245,0.943958263437245,0.943958263437245,0.9442200355596713,0.9450395679337217,0.9479595235106184,0.9506964664596381,0.9556029773762308,0.9671813571310769,0.9464293343502707,0.8357862405469895,0.8357862405469895,0.8357862405469895,0.8357862405469895,0.8357862405469895,0.8357862405469895,0.8357862405469895,0.8357862405469895,0.8357862405469895,0.8357862405469895,0.8357862405469895,0.8357862405469895,0.8357862405469895,0.8353471159427008,0.8322906388835474,0.8209961642914061,0.7980917621796471,0.731335223943333,0.4189749279406083,0.8053819452785319,1075.0,1075.0,1075.0,1075.0,1075.0,1075.0,1075.0,1075.0,1075.0,1075.0,1075.0,1075.0,1075.0,1074.0,1070.0,1052.0,1029.0,963.0,635.0,1042.0,0.0,0.0,0.0,0.0,0.0,0.0,0.0,0.0,0.0,0.0,0.0,0.0,0.0,1.0,5.0,23.0,46.0,112.0,440.0,33.0,1.0,1.0,1.0,1.0,1.0,1.0,1.0,1.0,1.0,1.0,1.0,1.0,1.0,2.0,6.0,24.0,47.0,113.0,441.0,34.0,0.9962790697674418,0.943958263437245,0.9990697674418605,1.0,0.9990706319702602,1.0,0.0,0.0,0.9402373332046868,0.99953509995351,0.0016638935108153079,0.99862593371654,1014.7551331950383,1075,0,1,3,2,0,0,3.0,601,0.7150162715016272,0.7153488372093023,0.7146840148698885,769,306,307,1076,1075,5,2
fencing_008_fencing_aria02_rgb,0.9218726133319722,0.9517381569256381,0.8773813419327927,0.9218726133319722,0.9218726133319722,0.9218726133319722,0.9218726133319722,0.9218726133319722,0.9218726133319722,0.9218726133319722,0.9218726133319722,0.9218726133319722,0.9218726133319722,0.9218726133319722,0.9194254410035765,0.9148122374318134,0.9126369340330972,0.9045961112576633,0.8984119609750565,0.885401969163749,0.8451745917156147,0.5305871618288406,0.8921918502137424,0.9951768488745981,0.9951768488745981,0.9951768488745981,0.9951768488745981,0.9951768488745981,0.9951768488745981,0.9951768488745981,0.9951768488745981,0.9951768488745981,0.9951768488745981,0.9951768488745981,0.9919743178170144,0.9856,0.9824281150159745,0.9667194928684627,0.9605055292259084,0.9420970266040689,0.8831562974203339,0.5320987654320988,0.9574486780002339,0.8539679316018827,0.8539679316018827,0.8539679316018827,0.8539679316018827,0.8539679316018827,0.8539679316018827,0.8539679316018827,0.8539679316018827,0.8539679316018827,0.8539679316018827,0.8539679316018827,0.8521824873701601,0.849108593501421,0.8478036821531604,0.8464649058378183,0.8403325405878099,0.8321187997215769,0.8088263567481294,0.5290798524386153,0.8315560245252316,1.0,1.0,1.0,1.0,1.0,1.0,1.0,1.0,1.0,1.0,1.0,0.9983844911147012,0.9951534733441034,0.9935379644588045,0.9854604200323102,0.9822294022617124,0.9725363489499192,0.9402261712439418,0.6962843295638126,0.9770427684720687,0.9951768488745981,0.9951768488745981,0.9951768488745981,0.9951768488745981,0.9951768488745981,0.9951768488745981,0.9951768488745981,0.9951768488745981,0.9951768488745981,0.9951768488745981,0.9951768488745981,0.9935691318327974,0.9903536977491961,0.9887459807073955,0.9807073954983923,0.977491961414791,0.9678456591639871,0.9356913183279743,0.6929260450160771,0.9723303435437469,0.8557860514794555,0.8557860514794555,0.8557860514794555,0.8557860514794555,0.8557860514794555,0.8557860514794555,0.8557860514794555,0.8557860514794555,0.8557860514794555,0.8557860514794555,0.8557860514794555,0.854727770136269,0.8527918849998385,0.8519148687758625,0.8524569225057836,0.8491454159035742,0.8444200887036766,0.8317341045125275,0.6520445634546095,0.8422569571192712,0.9969265928523583,0.9969265928523583,0.9969265928523583,0.9969265928523583,0.9969265928523583,0.9969265928523583,0.9969265928523583,0.9969265928523583,0.9969265928523583,0.9969265928523583,0.9969265928523583,0.9955008287946958,0.9928729806778588,0.9916716240333135,0.9842386971063942,0.9809222032475708,0.9732969945063,0.9511022034149744,0.7374943557622814,0.9775417057325962,0.9517381569256381,0.9517381569256381,0.9517381569256381,0.9517381569256381,0.9517381569256381,0.9517381569256381,0.9517381569256381,0.9517381569256381,0.9517381569256381,0.9517381569256381,0.9517381569256381,0.9523427448827388,0.9533773808333328,0.9538133011704847,0.9556518883124083,0.9562415264527554,0.9576229347101027,0.9602093138747921,0.9695481722828655,0.9541014204579736,0.9241038532556191,0.9241038532556191,0.9241038532556191,0.9241038532556191,0.9241038532556191,0.9241038532556191,0.9241038532556191,0.9241038532556191,0.9241038532556191,0.9241038532556191,0.9241038532556191,0.9223913372261893,0.9192352071528078,0.917782732800705,0.9133223207879825,0.9085149030382664,0.8995920071753704,0.8720548770613465,0.6069514069025148,0.9013151146293154,619.0,619.0,619.0,619.0,619.0,619.0,619.0,619.0,619.0,619.0,619.0,618.0,616.0,615.0,610.0,608.0,602.0,582.0,431.0,604.7894736842105,0.0,0.0,0.0,0.0,0.0,0.0,0.0,0.0,0.0,0.0,0.0,1.0,3.0,4.0,9.0,11.0,17.0,37.0,188.0,14.210526315789474,3.0,3.0,3.0,3.0,3.0,3.0,3.0,3.0,3.0,3.0,3.0,4.0,6.0,7.0,12.0,14.0,20.0,40.0,191.0,17.210526315789473,0.9919224555735057,0.9517381569256381,0.9951534733441034,1.0,0.9951768488745981,1.0,0.0,0.0,0.9436606124991437,0.9975825946817083,0.004991680532445923,0.9946671567113669,589.12591913697,619,0,3,2,2,0,0,3.0,601,0.9170024174053183,0.9192245557350566,0.9147909967845659,569,50,53,622,619,5,2
fencing_008_fencing_aria03_rgb,0.8684788355588561,0.947717661623296,0.8230727312051621,0.8684788355588561,0.8684788355588561,0.8684788355588561,0.8684788355588561,0.8684788355588561,0.8684788355588561,0.8684788355588561,0.8684788355588561,0.8684788355588561,0.8684788355588561,0.8674641136632006,0.8674641136632006,0.8647179958800393,0.8619824272467445,0.8619824272467445,0.8432464553045821,0.8137564529286533,0.7125697077579636,0.4099531723133721,0.8309434327154243,1.0,1.0,1.0,1.0,1.0,1.0,1.0,1.0,1.0,1.0,0.9983150800336984,0.9983150800336984,0.9949537426408747,0.9916036943744753,0.9916036943744753,0.9733777038269551,0.9394930498773508,0.8232129131437356,0.457002457002457,0.9562040744898799,0.7542554878136666,0.7542554878136666,0.7542554878136666,0.7542554878136666,0.7542554878136666,0.7542554878136666,0.7542554878136666,0.7542554878136666,0.7542554878136666,0.7542554878136666,0.7537640205415727,0.7537640205415727,0.751529624295996,0.7493050995043922,0.7493050995043922,0.730512504640392,0.7048477524868039,0.6167974047870819,0.3677477022599329,0.7221120056157265,1.0,1.0,1.0,1.0,1.0,1.0,1.0,1.0,1.0,1.0,0.9991568296795953,0.9991568296795953,0.9974704890387859,0.9957841483979764,0.9957841483979764,0.9865092748735245,0.9688026981450253,0.903035413153457,0.627318718381113,0.9722641341972131,1.0,1.0,1.0,1.0,1.0,1.0,1.0,1.0,1.0,1.0,0.9991568296795953,0.9991568296795953,0.9974704890387859,0.9957841483979764,0.9957841483979764,0.9865092748735245,0.9688026981450253,0.903035413153457,0.627318718381113,0.9722641341972131,0.7542554878136666,0.7542554878136666,0.7542554878136666,0.7542554878136666,0.7542554878136666,0.7542554878136666,0.7542554878136666,0.7542554878136666,0.7542554878136666,0.7542554878136666,0.7539990623534927,0.7539990623534927,0.7527912859204887,0.7515851314051041,0.7515851314051041,0.7409601379054002,0.7261912790235907,0.6710098075665267,0.4793419768327181,0.7328430396264518,1.0,1.0,1.0,1.0,1.0,1.0,1.0,1.0,1.0,1.0,0.9991588403429972,0.9991588403429972,0.9974712815415036,0.9957869829255209,0.9957869829255209,0.9865603023459284,0.9690889114453535,0.9046807708010574,0.6280279082944039,0.9724063589981727,0.947717661623296,0.947717661623296,0.947717661623296,0.947717661623296,0.947717661623296,0.947717661623296,0.947717661623296,0.947717661623296,0.947717661623296,0.947717661623296,0.9480866172502466,0.9480866172502466,0.9486523546831137,0.949125399285858,0.949125399285858,0.9508145292758776,0.9530109218430913,0.9584488420966201,0.9691184443078028,0.9500866179742986,0.8684788355588561,0.8684788355588561,0.8684788355588561,0.8684788355588561,0.8684788355588561,0.8684788355588561,0.8684788355588561,0.8684788355588561,0.8684788355588561,0.8684788355588561,0.8678297466040578,0.8678297466040578,0.8658109619736066,0.8637975112260061,0.8637975112260061,0.8489154028752425,0.8263524698279013,0.7463175592627327,0.48030721134426063,0.8376708671859175,1186.0,1186.0,1186.0,1186.0,1186.0,1186.0,1186.0,1186.0,1186.0,1186.0,1185.0,1185.0,1183.0,1181.0,1181.0,1170.0,1149.0,1071.0,744.0,1153.1052631578948,0.0,0.0,0.0,0.0,0.0,0.0,0.0,0.0,0.0,0.0,1.0,1.0,3.0,5.0,5.0,16.0,37.0,115.0,442.0,32.89473684210526,0.0,0.0,0.0,0.0,0.0,0.0,0.0,0.0,0.0,0.0,1.0,1.0,3.0,5.0,5.0,16.0,37.0,115.0,442.0,32.89473684210526,0.9991568296795953,0.947717661623296,1.0,1.0,1.0,1.0,0.0,0.0,0.9468744913028913,1.0,0.0,1.0,1123.993146685229,1186,0,0,1,2,0,0,1.0,601,0.7681281618887015,0.7681281618887015,0.7681281618887015,911,275,275,1186,1186,3,2
fencing_009_fencing_aria01_rgb,0.7673228188899673,0.9415271218698956,0.7224552452145662,0.7673228188899673,0.7673228188899673,0.7673228188899673,0.7673228188899673,0.7673228188899673,0.7673228188899673,0.7673228188899673,0.7637197867426619,0.7637197867426619,0.7637197867426619,0.7637197867426619,0.7637197867426619,0.7637197867426619,0.7573671048492834,0.7514375291213695,0.7436074023366819,0.7246239440999571,0.6641594433010458,0.3643818362633024,0.7346924059293358,0.9912280701754386,0.9912280701754386,0.9912280701754386,0.9912280701754386,0.9912280701754386,0.9912280701754386,0.9912280701754386,0.9842657342657343,0.9842657342657343,0.9842657342657343,0.9842657342657343,0.9842657342657343,0.9842657342657343,0.9704861111111112,0.9535283993115319,0.9368600682593856,0.8885191347753744,0.7930489731437599,0.4312736443883985,0.9377845909374756,0.5939947889944602,0.5939947889944602,0.5939947889944602,0.5939947889944602,0.5939947889944602,0.5939947889944602,0.5939947889944602,0.5925919112660942,0.5925919112660942,0.5925919112660942,0.5925919112660942,0.5925919112660942,0.5925919112660942,0.5910490886377181,0.5921778109385359,0.5902183127916322,0.5909606668130144,0.556217561668784,0.307865143920183,0.5758949250172452,0.9982332155477032,0.9982332155477032,0.9982332155477032,0.9982332155477032,0.9982332155477032,0.9982332155477032,0.9982332155477032,0.9946996466431095,0.9946996466431095,0.9946996466431095,0.9946996466431095,0.9946996466431095,0.9946996466431095,0.9876325088339223,0.9787985865724381,0.9699646643109541,0.9434628975265018,0.8869257950530035,0.6042402826855123,0.9645713222986795,0.9929701230228472,0.9929701230228472,0.9929701230228472,0.9929701230228472,0.9929701230228472,0.9929701230228472,0.9929701230228472,0.9894551845342706,0.9894551845342706,0.9894551845342706,0.9894551845342706,0.9894551845342706,0.9894551845342706,0.9824253075571178,0.9736379613356766,0.9648506151142355,0.9384885764499121,0.8822495606326889,0.6010544815465729,0.9594857090000926,0.5946597628101787,0.5946597628101787,0.5946597628101787,0.5946597628101787,0.5946597628101787,0.5946597628101787,0.5946597628101787,0.5938002901836091,0.5938002901836091,0.5938002901836091,0.5938002901836091,0.5938002901836091,0.5938002901836091,0.5929982718454512,0.5945395719323036,0.5941024182202288,0.5969011697444376,0.5784032207431333,0.39041364720467764,0.5827778094980599,0.9934604531645874,0.9934604531645874,0.9934604531645874,0.9934604531645874,0.9934604531645874,0.9934604531645874,0.9934604531645874,0.9902029494060459,0.9902029494060459,0.9902029494060459,0.9902029494060459,0.9902029494060459,0.9902029494060459,0.9839142179410315,0.97734529987901,0.9706063802046042,0.9532964692325789,0.9019589601152959,0.6233324123625593,0.9634681372801822,0.9415271218698956,0.9415271218698956,0.9415271218698956,0.9415271218698956,0.9415271218698956,0.9415271218698956,0.9415271218698956,0.9435829514859055,0.9435829514859055,0.9435829514859055,0.9435829514859055,0.9435829514859055,0.9435829514859055,0.9455369433362949,0.9474729011405483,0.9491129858977937,0.9527489616354416,0.9574433069415803,0.9686246144743019,0.9459540671279296,0.7700294333572707,0.7700294333572707,0.7700294333572707,0.7700294333572707,0.7700294333572707,0.7700294333572707,0.7700294333572707,0.7677571000908744,0.7677571000908744,0.7677571000908744,0.7677571000908744,0.7677571000908744,0.7677571000908744,0.7640283334113158,0.7613296292317799,0.7566312890947038,0.7466923483172974,0.7023700613676022,0.4313056011592561,0.7452160998225313,565.0,565.0,565.0,565.0,565.0,565.0,565.0,563.0,563.0,563.0,563.0,563.0,563.0,559.0,554.0,549.0,534.0,502.0,342.0,545.9473684210526,1.0,1.0,1.0,1.0,1.0,1.0,1.0,3.0,3.0,3.0,3.0,3.0,3.0,7.0,12.0,17.0,32.0,64.0,224.0,20.05263157894737,4.0,4.0,4.0,4.0,4.0,4.0,4.0,6.0,6.0,6.0,6.0,6.0,6.0,10.0,15.0,20.0,35.0,67.0,227.0,23.05263157894737,0.9752650176678446,0.9435829514859055,0.9840989399293286,0.9946996466431095,0.9894551845342706,1.0,0.0,0.0,0.9191469994462277,0.9920704845814978,0.013921113689095127,0.9828640105930458,531.2372016865648,563,3,6,5,2,0,0,5.0,431,0.7101321585903083,0.7120141342756183,0.7082601054481547,403,163,166,569,566,7,2
fencing_009_fencing_aria02_rgb,0.9024864693364529,0.9489730367309281,0.8564353254147874,0.9024864693364529,0.9024864693364529,0.9024864693364529,0.9024864693364529,0.9024864693364529,0.9024864693364529,0.9024864693364529,0.9024864693364529,0.9024864693364529,0.9024864693364529,0.9024864693364529,0.9024864693364529,0.9024864693364529,0.9009279006304581,0.8996576575174627,0.8901483997896226,0.8636261035902714,0.8135498643318145,0.5138090005079874,0.8744233172495527,0.9966555183946488,0.9966555183946488,0.9966555183946488,0.9966555183946488,0.9966555183946488,0.9966555183946488,0.9966555183946488,0.9966555183946488,0.9966555183946488,0.9966555183946488,0.9966555183946488,0.9966555183946488,0.9966555183946488,0.993322203672788,0.99,0.9735537190082645,0.9320388349514563,0.8425925925925926,0.48507462686567165,0.9564791429590108,0.8172149878297904,0.8172149878297904,0.8172149878297904,0.8172149878297904,0.8172149878297904,0.8172149878297904,0.8172149878297904,0.8172149878297904,0.8172149878297904,0.8172149878297904,0.8172149878297904,0.8172149878297904,0.8172149878297904,0.8171276944512745,0.8175594956866751,0.8138884975501793,0.8002349460485308,0.78550818933479,0.5442455127139119,0.8001241672406652,0.998324958123953,0.998324958123953,0.998324958123953,0.998324958123953,0.998324958123953,0.998324958123953,0.998324958123953,0.998324958123953,0.998324958123953,0.998324958123953,0.998324958123953,0.998324958123953,0.998324958123953,0.9966499162479062,0.9949748743718593,0.9865996649916248,0.964824120603015,0.914572864321608,0.6532663316582915,0.9731111698845103,0.998324958123953,0.998324958123953,0.998324958123953,0.998324958123953,0.998324958123953,0.998324958123953,0.998324958123953,0.998324958123953,0.998324958123953,0.998324958123953,0.998324958123953,0.998324958123953,0.998324958123953,0.9966499162479062,0.9949748743718593,0.9865996649916248,0.964824120603015,0.914572864321608,0.6532663316582915,0.9731111698845103,0.817447642920676,0.817447642920676,0.817447642920676,0.817447642920676,0.817447642920676,0.817447642920676,0.817447642920676,0.817447642920676,0.817447642920676,0.817447642920676,0.817447642920676,0.817447642920676,0.817447642920676,0.8175761871013465,0.8181108271469717,0.816836635003294,0.8111992634109524,0.8099040305942159,0.6712221722872215,0.8090351828164626,0.9983487802279749,0.9983487802279749,0.9983487802279749,0.9983487802279749,0.9983487802279749,0.9983487802279749,0.9983487802279749,0.9983487802279749,0.9983487802279749,0.9983487802279749,0.9983487802279749,0.9983487802279749,0.9983487802279749,0.9967453648125917,0.9950964673186895,0.9874321872340457,0.9673982962497409,0.9268314170752266,0.7113392610711085,0.97701984930132,0.9489730367309281,0.9489730367309281,0.9489730367309281,0.9489730367309281,0.9489730367309281,0.9489730367309281,0.9489730367309281,0.9489730367309281,0.9489730367309281,0.9489730367309281,0.9489730367309281,0.9489730367309281,0.9489730367309281,0.9494042458240827,0.9497497280926647,0.9512895466331244,0.9540005146558794,0.9582307409421833,0.9691353855763757,0.9509715599592831,0.9032420043949696,0.9032420043949696,0.9032420043949696,0.9032420043949696,0.9032420043949696,0.9032420043949696,0.9032420043949696,0.9032420043949696,0.9032420043949696,0.9032420043949696,0.9032420043949696,0.9032420043949696,0.9032420043949696,0.902435730807855,0.9019152712491181,0.896092695553057,0.8786842311644582,0.8475874436705625,0.5962694605730728,0.8823753100080384,596.0,596.0,596.0,596.0,596.0,596.0,596.0,596.0,596.0,596.0,596.0,596.0,596.0,595.0,594.0,589.0,576.0,546.0,390.0,580.9473684210526,1.0,1.0,1.0,1.0,1.0,1.0,1.0,1.0,1.0,1.0,1.0,1.0,1.0,2.0,3.0,8.0,21.0,51.0,207.0,16.05263157894737,1.0,1.0,1.0,1.0,1.0,1.0,1.0,1.0,1.0,1.0,1.0,1.0,1.0,2.0,3.0,8.0,21.0,51.0,207.0,16.05263157894737,0.9932998324958124,0.9489730367309281,0.9966499162479062,0.998324958123953,0.998324958123953,1.0,0.0,0.0,0.9423583415270237,0.998324958123953,0.002320185614849188,0.9961456783992229,565.5879298916332,596,1,1,2,2,0,0,3.0,431,0.8257956448911222,0.8257956448911222,0.8257956448911222,493,104,104,597,597,4,2
fencing_009_fencing_aria03_rgb,0.7130501607357387,0.9545495280757502,0.6806416944246372,0.7130501607357387,0.7130501607357387,0.7130501607357387,0.7130501607357387,0.7130501607357387,0.7130501607357387,0.7130501607357387,0.7130501607357387,0.7130501607357387,0.7130501607357387,0.7130501607357387,0.7130501607357387,0.7130501607357387,0.7130501607357387,0.7108381394444291,0.7108381394444291,0.6906871436055878,0.640239428859337,0.3946203857959337,0.6910487098657925,0.9946666666666667,0.9946666666666667,0.9946666666666667,0.9946666666666667,0.9946666666666667,0.9946666666666667,0.9946666666666667,0.9946666666666667,0.9946666666666667,0.9946666666666667,0.9946666666666667,0.9946666666666667,0.9946666666666667,0.9946666666666667,0.9920106524633822,0.9920106524633822,0.9606815203145478,0.8841309823677582,0.5203252032520326,0.9618153865365492,0.5111667544154785,0.5111667544154785,0.5111667544154785,0.5111667544154785,0.5111667544154785,0.5111667544154785,0.5111667544154785,0.5111667544154785,0.5111667544154785,0.5111667544154785,0.5111667544154785,0.5111667544154785,0.5111667544154785,0.5111667544154785,0.5093603170833585,0.5093603170833585,0.4965732349945171,0.46362646987935513,0.29928446270226533,0.4965547033452397,0.9973262032085561,0.9973262032085561,0.9973262032085561,0.9973262032085561,0.9973262032085561,0.9973262032085561,0.9973262032085561,0.9973262032085561,0.9973262032085561,0.9973262032085561,0.9973262032085561,0.9973262032085561,0.9973262032085561,0.9973262032085561,0.9959893048128342,0.9959893048128342,0.9799465240641712,0.9385026737967914,0.6844919786096256,0.9767098226850548,0.9973262032085561,0.9973262032085561,0.9973262032085561,0.9973262032085561,0.9973262032085561,0.9973262032085561,0.9973262032085561,0.9973262032085561,0.9973262032085561,0.9973262032085561,0.9973262032085561,0.9973262032085561,0.9973262032085561,0.9973262032085561,0.9959893048128342,0.9959893048128342,0.9799465240641712,0.9385026737967914,0.6844919786096256,0.9767098226850548,0.5119066393313357,0.5119066393313357,0.5119066393313357,0.5119066393313357,0.5119066393313357,0.5119066393313357,0.5119066393313357,0.5119066393313357,0.5119066393313357,0.5119066393313357,0.5119066393313357,0.5119066393313357,0.5119066393313357,0.5119066393313357,0.5107382550335571,0.5107382550335571,0.5023856249680823,0.4802093331505096,0.3490244819518717,0.5010415210934884,0.9973459792258882,0.9973459792258882,0.9973459792258882,0.9973459792258882,0.9973459792258882,0.9973459792258882,0.9973459792258882,0.9973459792258882,0.9973459792258882,0.9973459792258882,0.9973459792258882,0.9973459792258882,0.9973459792258882,0.9973459792258882,0.9960053174582195,0.9960053174582195,0.9799673458198345,0.9385992003460074,0.6973988937066932,0.97741156757639,0.9545495280757502,0.9545495280757502,0.9545495280757502,0.9545495280757502,0.9545495280757502,0.9545495280757502,0.9545495280757502,0.9545495280757502,0.9545495280757502,0.9545495280757502,0.9545495280757502,0.9545495280757502,0.9545495280757502,0.9545495280757502,0.9548621320364558,0.9548621320364558,0.9569727514799256,0.9602407695820359,0.9703833865465147,0.9558428718285206,0.7140027999858471,0.7140027999858471,0.7140027999858471,0.7140027999858471,0.7140027999858471,0.7140027999858471,0.7140027999858471,0.7140027999858471,0.7140027999858471,0.7140027999858471,0.7140027999858471,0.7140027999858471,0.7140027999858471,0.7140027999858471,0.7122621905668579,0.7122621905668579,0.6975781071508609,0.6596322320996317,0.452612211547802,0.6963361121965195,746.0,746.0,746.0,746.0,746.0,746.0,746.0,746.0,746.0,746.0,746.0,746.0,746.0,746.0,745.0,745.0,733.0,702.0,512.0,730.578947368421,2.0,2.0,2.0,2.0,2.0,2.0,2.0,2.0,2.0,2.0,2.0,2.0,2.0,2.0,3.0,3.0,15.0,46.0,236.0,17.42105263157895,2.0,2.0,2.0,2.0,2.0,2.0,2.0,2.0,2.0,2.0,2.0,2.0,2.0,2.0,3.0,3.0,15.0,46.0,236.0,17.42105263157895,0.9906417112299465,0.9545495280757502,0.9946524064171123,0.9973262032085561,0.9973262032085561,1.0,0.0,0.0,0.9453127646316973,0.9973262032085561,0.004640371229698376,0.9940145437771127,712.0939479445096,746,2,2,3,2,0,0,3.0,431,0.6096256684491979,0.6096256684491979,0.6096256684491979,456,292,292,748,748,5,2
fencing_011_fencing_aria03_rgb,0.7462804513575193,0.9511106879009178,0.7097953134576576,0.7462804513575193,0.7462804513575193,0.7462804513575193,0.7462804513575193,0.7462804513575193,0.7462804513575193,0.7462804513575193,0.7462804513575193,0.7462804513575193,0.7462804513575193,0.7462804513575193,0.7462804513575193,0.7462804513575193,0.7462804513575193,0.7409688237640433,0.7330759303333988,0.7264465461937643,0.6547082624632176,0.3709097493579855,0.7196860858482989,0.9800664451827242,0.9800664451827242,0.9800664451827242,0.9800664451827242,0.9800664451827242,0.9800664451827242,0.9800664451827242,0.9800664451827242,0.9800664451827242,0.9800664451827242,0.9800664451827242,0.9800664451827242,0.9800664451827242,0.9800664451827242,0.9735099337748344,0.9637561779242174,0.9540983606557377,0.8625,0.48074534161490684,0.9450284235014651,0.568261993679977,0.568261993679977,0.568261993679977,0.568261993679977,0.568261993679977,0.568261993679977,0.568261993679977,0.568261993679977,0.568261993679977,0.568261993679977,0.568261993679977,0.568261993679977,0.568261993679977,0.568261993679977,0.5639745201791206,0.5576102461845234,0.5531133961011646,0.4969772857247599,0.2861682272503538,0.5480795572084001,1.0,1.0,1.0,1.0,1.0,1.0,1.0,1.0,1.0,1.0,1.0,1.0,1.0,1.0,0.9966101694915255,0.9915254237288136,0.9864406779661017,0.9355932203389831,0.6559322033898305,0.9771632471008028,0.9800664451827242,0.9800664451827242,0.9800664451827242,0.9800664451827242,0.9800664451827242,0.9800664451827242,0.9800664451827242,0.9800664451827242,0.9800664451827242,0.9800664451827242,0.9800664451827242,0.9800664451827242,0.9800664451827242,0.9800664451827242,0.9767441860465116,0.9717607973421927,0.9667774086378738,0.9169435215946844,0.6428571428571429,0.9576849099492919,0.568261993679977,0.568261993679977,0.568261993679977,0.568261993679977,0.568261993679977,0.568261993679977,0.568261993679977,0.568261993679977,0.568261993679977,0.568261993679977,0.568261993679977,0.568261993679977,0.568261993679977,0.568261993679977,0.565548253199585,0.5614863102998696,0.5586638709301648,0.5209100957995579,0.34690579424517143,0.5531148545260013,1.0,1.0,1.0,1.0,1.0,1.0,1.0,1.0,1.0,1.0,1.0,1.0,1.0,1.0,0.996615477874318,0.9915587712617416,0.9864719303656339,0.9367401545554276,0.6686089839291505,0.97789449042033,0.9511106879009178,0.9511106879009178,0.9511106879009178,0.9511106879009178,0.9511106879009178,0.9511106879009178,0.9511106879009178,0.9511106879009178,0.9511106879009178,0.9511106879009178,0.9511106879009178,0.9511106879009178,0.9511106879009178,0.9511106879009178,0.9518509236142082,0.9527536612554102,0.9534909901736794,0.9573255968349856,0.9676107124130422,0.9525569218370616,0.7538315419773685,0.7538315419773685,0.7538315419773685,0.7538315419773685,0.7538315419773685,0.7538315419773685,0.7538315419773685,0.7538315419773685,0.7538315419773685,0.7538315419773685,0.7538315419773685,0.7538315419773685,0.7538315419773685,0.7538315419773685,0.7497084380908455,0.7435621935141926,0.7386565869483368,0.6818860456018696,0.43325160800680973,0.7316161294655374,590.0,590.0,590.0,590.0,590.0,590.0,590.0,590.0,590.0,590.0,590.0,590.0,590.0,590.0,588.0,585.0,582.0,552.0,387.0,576.5263157894736,0.0,0.0,0.0,0.0,0.0,0.0,0.0,0.0,0.0,0.0,0.0,0.0,0.0,0.0,2.0,5.0,8.0,38.0,203.0,13.473684210526315,12.0,12.0,12.0,12.0,12.0,12.0,12.0,12.0,12.0,12.0,12.0,12.0,12.0,12.0,14.0,17.0,20.0,50.0,215.0,25.473684210526315,0.9779661016949153,0.9511106879009178,0.9796610169491525,1.0,0.9800664451827242,1.0,0.0,0.0,0.9290767895958331,0.9899328859060402,0.019966722129783693,0.9796610169491525,561.1553058615415,590,0,12,1,1,0,0,0.0,601,0.6778523489932886,0.6847457627118644,0.6710963455149501,404,186,198,602,590,4,1
fencing_014_fencing_aria03_rgb,1.0,0.9636868191269404,0.9636868191269404,1.0,1.0,1.0,1.0,1.0,1.0,1.0,1.0,1.0,1.0,1.0,1.0,1.0,1.0,1.0,0.9939759036144579,0.9820359281437125,0.9077809798270894,0.6930946291560103,0.9777309179337511,1.0,1.0,1.0,1.0,1.0,1.0,1.0,1.0,1.0,1.0,1.0,1.0,1.0,1.0,1.0,0.9939759036144579,0.9820359281437125,0.9077809798270894,0.6930946291560103,0.9777309179337511,1.0,1.0,1.0,1.0,1.0,1.0,1.0,1.0,1.0,1.0,1.0,1.0,1.0,1.0,1.0,0.9939759036144579,0.9820359281437125,0.9077809798270893,0.6930946291560103,0.9777309179337511,1.0,1.0,1.0,1.0,1.0,1.0,1.0,1.0,1.0,1.0,1.0,1.0,1.0,1.0,1.0,0.9969788519637462,0.9909365558912386,0.9516616314199395,0.8187311178247734,0.9872793766894576,1.0,1.0,1.0,1.0,1.0,1.0,1.0,1.0,1.0,1.0,1.0,1.0,1.0,1.0,1.0,0.9969788519637462,0.9909365558912386,0.9516616314199395,0.8187311178247734,0.9872793766894576,1.0,1.0,1.0,1.0,1.0,1.0,1.0,1.0,1.0,1.0,1.0,1.0,1.0,1.0,1.0,0.9969788519637464,0.9909365558912386,0.9516616314199394,0.8187311178247734,0.9872793766894576,1.0,1.0,1.0,1.0,1.0,1.0,1.0,1.0,1.0,1.0,1.0,1.0,1.0,1.0,1.0,0.9969788519637464,0.9909365558912386,0.9516616314199394,0.8187311178247734,0.9872793766894576,0.9636868191269404,0.9636868191269404,0.9636868191269404,0.9636868191269404,0.9636868191269404,0.9636868191269404,0.9636868191269404,0.9636868191269404,0.9636868191269404,0.9636868191269404,0.9636868191269404,0.9636868191269404,0.9636868191269404,0.9636868191269404,0.9636868191269404,0.9642806310312222,0.9650149337591667,0.9685641741589508,0.9739448418338958,0.9645845719835443,1.0,1.0,1.0,1.0,1.0,1.0,1.0,1.0,1.0,1.0,1.0,1.0,1.0,1.0,1.0,0.995476245454993,0.9864762036644302,0.9294623866699712,0.7532981750191933,0.9823533163583467,331.0,331.0,331.0,331.0,331.0,331.0,331.0,331.0,331.0,331.0,331.0,331.0,331.0,331.0,331.0,330.0,328.0,315.0,271.0,326.7894736842105,0.0,0.0,0.0,0.0,0.0,0.0,0.0,0.0,0.0,0.0,0.0,0.0,0.0,0.0,0.0,1.0,3.0,16.0,60.0,4.2105263157894735,0.0,0.0,0.0,0.0,0.0,0.0,0.0,0.0,0.0,0.0,0.0,0.0,0.0,0.0,0.0,1.0,3.0,16.0,60.0,4.2105263157894735,1.0,0.9636868191269404,1.0,1.0,1.0,1.0,0.0,0.0,0.9636868191269404,1.0,0.0,1.0,318.9803371310173,331,0,0,0,1,0,0,0.0,331,1.0,1.0,1.0,331,0,0,331,331,1,1
legoassemble_001_legoassemble_aria02_rgb,0.792698128762542,0.9128569941379936,0.7236200310809863,0.792698128762542,0.791856276552069,0.790787905673143,0.790405158033456,0.7900252797125891,0.7894746049742939,0.7890981385298799,0.7890981385298799,0.7886508121789313,0.7847392612078709,0.7839904135622764,0.7820209679823906,0.774772501304594,0.7655342218106571,0.7524380782740561,0.7328398614057312,0.6865776102233392,0.5907572420568491,0.29028096761953937,0.7397918720207415,0.945438282647585,0.9419642857142857,0.9367764915405165,0.9350533807829181,0.9333333333333333,0.9316163410301954,0.929902395740905,0.929902395740905,0.9281914893617021,0.9196822594880847,0.9162995594713657,0.9078947368421053,0.889661164205039,0.8669527896995708,0.8416596104995766,0.8109908409658618,0.7344497607655502,0.5969162995594713,0.2764084507042254,0.8512154667417472,0.6646338897806855,0.665668934825304,0.6675503894536716,0.6681333137609736,0.6687213670553085,0.6690202011807735,0.6696142251953238,0.6696142251953238,0.6700881344841934,0.6695961585948733,0.670786057031556,0.6735987879952572,0.6747202788312708,0.675979882325925,0.6726746235342125,0.6622198862635222,0.6418258130666984,0.5846617344846754,0.30484972491779155,0.6444188225251233,0.9814298978644382,0.9795728876508821,0.9767873723305478,0.9758588672237697,0.9749303621169917,0.9740018570102136,0.9730733519034355,0.9730733519034355,0.9721448467966574,0.9675023212627669,0.9656453110492108,0.9610027855153204,0.9507892293407614,0.9377901578458682,0.9229340761374187,0.904363974001857,0.8551532033426184,0.754874651810585,0.4373259052924791,0.917802863705224,0.9626593806921676,0.9608378870673953,0.9581056466302368,0.9571948998178507,0.9562841530054644,0.9553734061930783,0.9544626593806922,0.9544626593806922,0.953551912568306,0.9489981785063752,0.9471766848816029,0.9426229508196722,0.9326047358834244,0.9198542805100182,0.9052823315118397,0.8870673952641166,0.8387978142076503,0.7404371584699454,0.42896174863387976,0.9002492570223374,0.6823179763577115,0.6833931734405668,0.6853247301916504,0.6859249007679075,0.6865300625300625,0.6868706127047404,0.6874816871000077,0.6874816871000077,0.687978157892198,0.688218073246864,0.6894444444444444,0.692355438442395,0.6946772411616161,0.6981726213858498,0.6985270469007945,0.6948633651231082,0.6885742817204586,0.6634820068912967,0.4401901564289114,0.6748319823068734,0.9722252235092589,0.9706609383956936,0.9728942870793313,0.972308805626393,0.9718342537886142,0.9708885710737446,0.9705240170609613,0.9705240170609613,0.9696893270634603,0.9652321798331706,0.9640416383992146,0.9604243977271514,0.9525819315560159,0.945480027173756,0.9340710455413384,0.9216297229171511,0.8767935161212733,0.8007267122531183,0.49561519015275307,0.9241129369649139,0.9128569941379936,0.9144017613467501,0.9166629387194344,0.9173592976893035,0.9180377625323773,0.9186743215352167,0.9192581303974627,0.9192581303974627,0.919715537681735,0.9218049627580107,0.9225706055958026,0.924231792273722,0.9273948107745302,0.9309170748535989,0.9341447136650566,0.9372812410097495,0.9435766738896301,0.9522183341143325,0.9675164506072611,0.9272569228410226,0.8076456961841018,0.8075092821177413,0.8074990964779377,0.8074675341592671,0.8074383967452883,0.8072341161815574,0.8072073826427973,0.8072073826427973,0.807107630268971,0.8048824993433338,0.8048238382961271,0.8045684008107613,0.8009474227004963,0.7961955039731514,0.7879304107677495,0.7738784193943754,0.7408504572664902,0.664339012286718,0.36512830885571773,0.7689400416376515,1057.0,1055.0,1052.0,1051.0,1050.0,1049.0,1048.0,1048.0,1047.0,1042.0,1040.0,1035.0,1024.0,1010.0,994.0,974.0,921.0,813.0,471.0,988.4736842105264,20.0,22.0,25.0,26.0,27.0,28.0,29.0,29.0,30.0,35.0,37.0,42.0,53.0,67.0,83.0,103.0,156.0,264.0,606.0,88.52631578947368,41.0,43.0,46.0,47.0,48.0,49.0,50.0,50.0,51.0,56.0,58.0,63.0,74.0,88.0,104.0,124.0,177.0,285.0,627.0,109.52631578947368,0.9117920148560817,0.9216975568335048,0.9173630454967502,0.968430826369545,0.9499089253187614,1.0,0.0,0.0,0.8359615151135985,0.9590804597701149,0.09151414309484193,0.9166405280869233,961.3305517773456,1043,34,55,6,2,0,0,11.0,601,0.751264367816092,0.7585886722376973,0.74408014571949,817,260,281,1098,1077,9,2
legoassemble_003_legoassemble_aria01_rgb,0.46972382139087016,0.907686693578372,0.42636206233327667,0.46972382139087016,0.46972382139087016,0.46972382139087016,0.46972382139087016,0.46972382139087016,0.46972382139087016,0.46972382139087016,0.468538404331783,0.4661962657956664,0.4661962657956664,0.46503947110312993,0.4609088902401926,0.45229858777562093,0.4405502258502238,0.42497132706532365,0.39840569507669676,0.3334676422041688,0.2601043697167141,0.12360864498155562,0.42359750208804386,0.9835858585858586,0.9835858585858586,0.9835858585858586,0.9835858585858586,0.9835858585858586,0.9835858585858586,0.9835858585858586,0.9810844892812106,0.9761006289308176,0.9761006289308176,0.9736180904522613,0.96375,0.9491315136476427,0.932349323493235,0.8973429951690821,0.8417350527549824,0.6947141316073355,0.5091258405379443,0.2178294573643411,0.8841043769616147,0.22432253011370645,0.22432253011370645,0.22432253011370645,0.22432253011370645,0.22432253011370645,0.22432253011370645,0.22432253011370645,0.22376078587748366,0.22266040180702293,0.22266040180702293,0.2221217043978936,0.22042750205182454,0.21553810990598662,0.20816715002216815,0.20126153522113643,0.18857132936312343,0.16006680062765744,0.13288322406547917,0.07014247429639632,0.20307995422311267,0.9974391805377721,0.9974391805377721,0.9974391805377721,0.9974391805377721,0.9974391805377721,0.9974391805377721,0.9974391805377721,0.9961587708066582,0.9935979513444302,0.9935979513444302,0.9923175416133163,0.9871959026888605,0.9795134443021767,0.970550576184379,0.9513444302176697,0.9193341869398207,0.8245838668373879,0.678617157490397,0.35979513444302175,0.9278253251566818,0.9860759493670886,0.9860759493670886,0.9860759493670886,0.9860759493670886,0.9860759493670886,0.9860759493670886,0.9860759493670886,0.9848101265822785,0.9822784810126582,0.9822784810126582,0.9810126582278481,0.9759493670886076,0.9683544303797469,0.959493670886076,0.9405063291139241,0.9088607594936708,0.8151898734177215,0.6708860759493671,0.3556962025316456,0.9172551632245171,0.22517211147567628,0.22517211147567628,0.22517211147567628,0.22517211147567628,0.22517211147567628,0.22517211147567628,0.22517211147567628,0.2247163669154775,0.2238180177011644,0.2238180177011644,0.22337544695648512,0.2219794342478198,0.21823919912067222,0.21235891812257063,0.20682593908496413,0.19612175016900046,0.17054253827345,0.14475625168042133,0.08064644672005972,0.20649490036963072,0.9864292846542879,0.9864292846542879,0.9864292846542879,0.9864292846542879,0.9864292846542879,0.9864292846542879,0.9864292846542879,0.9851548477753466,0.9826529727620327,0.9826529727620327,0.9814256559147427,0.9765687486156487,0.9690221843792562,0.9604280776043158,0.9423259012136581,0.9136205875835735,0.8285571025232368,0.7100871569833189,0.41630019678546415,0.9238842840780339,0.907686693578372,0.907686693578372,0.907686693578372,0.907686693578372,0.907686693578372,0.907686693578372,0.907686693578372,0.9083765787830604,0.9096204607927489,0.9096204607927489,0.9101343425377773,0.911895389431056,0.9141132695117282,0.916257836058882,0.9201613810624988,0.9251752331944134,0.9362536876066814,0.9486558527989568,0.9658061357309301,0.9173619728078991,0.47302016935092217,0.47302016935092217,0.47302016935092217,0.47302016935092217,0.47302016935092217,0.47302016935092217,0.47302016935092217,0.47212420973134384,0.4703561619464399,0.4703561619464399,0.46948403982145925,0.46648164686887905,0.45948065945412114,0.44948498016805344,0.43757175474393395,0.41636530806517513,0.36330221773867966,0.30029458169183637,0.1588613262239684,0.4339633807293045,779.0,779.0,779.0,779.0,779.0,779.0,779.0,778.0,776.0,776.0,775.0,771.0,765.0,758.0,743.0,718.0,644.0,530.0,281.0,724.6315789473684,2.0,2.0,2.0,2.0,2.0,2.0,2.0,3.0,5.0,5.0,6.0,10.0,16.0,23.0,38.0,63.0,137.0,251.0,500.0,56.36842105263158,11.0,11.0,11.0,11.0,11.0,11.0,11.0,12.0,14.0,14.0,15.0,19.0,25.0,32.0,47.0,72.0,146.0,260.0,509.0,65.36842105263158,0.9564660691421255,0.9096204607927489,0.9756722151088348,0.9935979513444302,0.9822784810126582,1.0,0.0,0.0,0.8666651441423472,0.9879057924888606,0.02329450915141431,0.9741663364160618,705.8654775751731,776,5,14,15,2,0,0,14.0,601,0.3640992998090388,0.36619718309859156,0.3620253164556962,286,495,504,790,781,17,2
legoassemble_003_legoassemble_aria02_rgb,0.7429132391716768,0.9147161996558794,0.6795547748091556,0.7429132391716768,0.7429132391716768,0.7429132391716768,0.7429132391716768,0.7429132391716768,0.7429132391716768,0.7429132391716768,0.7429132391716768,0.7429132391716768,0.7415823708876812,0.7411179356756646,0.7397940302043601,0.7375923437773748,0.7286337135236315,0.7238753492092929,0.6825922832070456,0.6296934789911508,0.5031026107241958,0.17894296801028195,0.6891129598292511,0.9817518248175182,0.9817518248175182,0.9817518248175182,0.9817518248175182,0.9817518248175182,0.9817518248175182,0.9817518248175182,0.9817518248175182,0.9817518248175182,0.9763421292083713,0.9745454545454545,0.9691749773345422,0.962059620596206,0.9427549194991055,0.9238263950398583,0.8595890410958904,0.773061224489796,0.5842450765864332,0.19669421487603306,0.894634709296282,0.5621788185004296,0.5621788185004296,0.5621788185004296,0.5621788185004296,0.5621788185004296,0.5621788185004296,0.5621788185004296,0.5621788185004296,0.5621788185004296,0.5632701860948018,0.5636020280206852,0.5647021641346947,0.5654976614254406,0.5631443310476845,0.5672012880409939,0.5420406762047482,0.5129139386672378,0.433229559068533,0.16279373453108334,0.5314739438810405,0.9871559633027523,0.9871559633027523,0.9871559633027523,0.9871559633027523,0.9871559633027523,0.9871559633027523,0.9871559633027523,0.9871559633027523,0.9871559633027523,0.9844036697247707,0.9834862385321101,0.9807339449541285,0.9770642201834863,0.9669724770642202,0.9568807339449541,0.9211009174311927,0.8688073394495412,0.7348623853211009,0.3275229357798165,0.9255915016900049,0.9944547134935305,0.9944547134935305,0.9944547134935305,0.9944547134935305,0.9944547134935305,0.9944547134935305,0.9944547134935305,0.9944547134935305,0.9944547134935305,0.9916820702402958,0.9907578558225508,0.987985212569316,0.9842883548983364,0.9741219963031423,0.9639556377079482,0.9279112754158965,0.8752310536044362,0.7402957486136784,0.3299445471349353,0.9324350617764375,0.5623934578339714,0.5623934578339714,0.5623934578339714,0.5623934578339714,0.5623934578339714,0.5623934578339714,0.5623934578339714,0.5623934578339714,0.5623934578339714,0.5635027289040222,0.5638433433823097,0.5649608340416263,0.565938326464383,0.5658666402099701,0.5700271872657735,0.5577080562668462,0.5434398126658047,0.4956321781131929,0.2361924255154052,0.5415080343860567,0.9946440683370968,0.9946440683370968,0.9946440683370968,0.9946440683370968,0.9946440683370968,0.9946440683370968,0.9946440683370968,0.9946440683370968,0.9946440683370968,0.9920651945022638,0.9911809269598221,0.9887239978493254,0.985282103862114,0.9766159583730447,0.9681167266391083,0.9373327567491434,0.8932852968494392,0.7867821402413125,0.3950750577000941,0.9403293039347126,0.9147161996558794,0.9147161996558794,0.9147161996558794,0.9147161996558794,0.9147161996558794,0.9147161996558794,0.9147161996558794,0.9147161996558794,0.9147161996558794,0.9158948637572781,0.9162553587251182,0.9172544944688561,0.9183200686003611,0.9208797572616705,0.9228626789894763,0.9285955511002695,0.9345675606248637,0.944979179608927,0.9646893688221616,0.9219339304664155,0.7449551483983413,0.7449551483983413,0.7449551483983413,0.7449551483983413,0.7449551483983413,0.7449551483983413,0.7449551483983413,0.7449551483983413,0.7449551483983413,0.7446376556676928,0.7445097974957298,0.7441925699413781,0.7433219568775251,0.7379329703556093,0.7367116021858143,0.7065933513253699,0.6675502935510312,0.56423763359839,0.23090838412708298,0.7013259237216155,1076.0,1076.0,1076.0,1076.0,1076.0,1076.0,1076.0,1076.0,1076.0,1073.0,1072.0,1069.0,1065.0,1054.0,1043.0,1004.0,947.0,801.0,357.0,1008.8947368421053,14.0,14.0,14.0,14.0,14.0,14.0,14.0,14.0,14.0,17.0,18.0,21.0,25.0,36.0,47.0,86.0,143.0,289.0,733.0,81.10526315789474,6.0,6.0,6.0,6.0,6.0,6.0,6.0,6.0,6.0,9.0,10.0,13.0,17.0,28.0,39.0,78.0,135.0,281.0,725.0,73.10526315789474,0.9669724770642202,0.9157622778124669,0.9761467889908257,0.9844036697247707,0.9916820702402958,1.0,0.0,0.0,0.8840485542135569,0.9880294659300184,0.014975041597337771,0.9752293577981651,982.612924092777,1073,17,9,10,2,0,0,10.0,601,0.6915285451197053,0.6889908256880733,0.6940850277264325,751,339,331,1082,1090,12,2
legoassemble_003_legoassemble_aria03_rgb,0.6257103195590318,0.9064637016022401,0.5671836923982004,0.6257103195590318,0.6257103195590318,0.6257103195590318,0.6257103195590318,0.6245914114502036,0.6234842338013373,0.6234842338013373,0.6206082192455313,0.6206082192455313,0.617562929804648,0.617562929804648,0.6135322549671595,0.6069299191680928,0.6027995996108815,0.5898290682658426,0.5750862710031195,0.5093393210441879,0.3758924048405721,0.1400598321719876,0.5718006382348003,0.9774696707105719,0.9774696707105719,0.9774696707105719,0.9774696707105719,0.9740484429065744,0.9706390328151986,0.9706390328151986,0.9672413793103448,0.9672413793103448,0.9571183533447685,0.9571183533447685,0.9437819420783645,0.9338983050847458,0.9208754208754208,0.8859504132231405,0.8432956381260097,0.7314112291350531,0.5254010695187166,0.19351464435146443,0.8764238588990738,0.40053764913038675,0.40053764913038675,0.40053764913038675,0.40053764913038675,0.40050824381305966,0.4004914047927558,0.4004914047927558,0.39819901219458737,0.39819901219458737,0.39847106780066127,0.39847106780066127,0.39884406673022815,0.3944368725971301,0.39458904978222514,0.39268374908893283,0.39218063528849273,0.35469313790621604,0.2689280784035312,0.10137091512525051,0.3734057007806644,0.9912126537785588,0.9912126537785588,0.9912126537785588,0.9912126537785588,0.9894551845342706,0.9876977152899824,0.9876977152899824,0.9859402460456942,0.9859402460456942,0.9806678383128296,0.9806678383128296,0.9736379613356766,0.968365553602812,0.961335676625659,0.9420035149384886,0.9173989455184535,0.8471001757469244,0.6906854130052724,0.3251318101933216,0.9204513921006383,0.986013986013986,0.986013986013986,0.986013986013986,0.986013986013986,0.9842657342657343,0.9825174825174825,0.9825174825174825,0.9807692307692307,0.9807692307692307,0.9755244755244755,0.9755244755244755,0.9685314685314685,0.9632867132867133,0.9562937062937062,0.9370629370629371,0.9125874125874126,0.8426573426573427,0.6870629370629371,0.32342657342657344,0.9156238498343762,0.40648514104269856,0.40648514104269856,0.40648514104269856,0.40648514104269856,0.4065298515395539,0.4065837078122886,0.4065837078122886,0.40498126245089244,0.40498126245089244,0.40542385966278066,0.40542385966278066,0.40601730035902944,0.40301700957838504,0.4034155420698942,0.4028674557236588,0.4035816383667024,0.37812042183279565,0.3111454378166641,0.13408589882578323,0.3846683568492202,0.9862406035009429,0.9862406035009429,0.9862406035009429,0.9862406035009429,0.9844633361798734,0.9827265693122406,0.9827265693122406,0.9810267421844283,0.9810267421844283,0.9757635667661216,0.9757635667661216,0.9689973422486787,0.963874827577174,0.9572971137533693,0.9393192587879564,0.9166451879307896,0.8504648022560856,0.6985851907417995,0.3601195026466749,0.9191454069816711,0.9064637016022401,0.9064637016022401,0.9064637016022401,0.9064637016022401,0.907701283820001,0.9087889431368141,0.9087889431368141,0.909714990342982,0.909714990342982,0.9120427065959231,0.9120427065959231,0.9144801203476374,0.9160356800772594,0.9177304041588698,0.9216271179599014,0.9255354634670219,0.9333934868894628,0.9454614503022777,0.9652029184871443,0.9175850532668408,0.6300936328298802,0.6300936328298802,0.6300936328298802,0.6300936328298802,0.6295116824091095,0.6289391429280582,0.6289391429280582,0.6265783526888588,0.6265783526888588,0.6251141981192552,0.6251141981192552,0.6231610738982738,0.6180283816248908,0.6158997736332359,0.6082018348385659,0.599821724570243,0.5481428823368809,0.43098109111753063,0.18154588713497824,0.5861543289660829,564.0,564.0,564.0,564.0,563.0,562.0,562.0,561.0,561.0,558.0,558.0,554.0,551.0,547.0,536.0,522.0,482.0,393.0,185.0,523.7368421052631,5.0,5.0,5.0,5.0,6.0,7.0,7.0,8.0,8.0,11.0,11.0,15.0,18.0,22.0,33.0,47.0,87.0,176.0,384.0,45.26315789473684,8.0,8.0,8.0,8.0,9.0,10.0,10.0,11.0,11.0,14.0,14.0,18.0,21.0,25.0,36.0,50.0,90.0,179.0,387.0,48.26315789473684,0.9437609841827768,0.9120427065959231,0.9560632688927944,0.9806678383128296,0.9755244755244755,1.0,0.0,0.0,0.8575040953963534,0.9780893952673094,0.02329450915141431,0.954578035079061,508.9198302805251,558,11,14,7,2,0,0,7.0,601,0.5574057843996494,0.5588752196836555,0.5559440559440559,318,251,254,572,569,9,2
legoassemble_004_legoassemble_aria01_rgb,0.5646274892245372,0.9191708258753396,0.5189891155824373,0.5646274892245372,0.5646274892245372,0.5646274892245372,0.5646274892245372,0.5646274892245372,0.5646274892245372,0.5646274892245372,0.5646274892245372,0.5643110477403633,0.562444116632937,0.5615004919109491,0.5600412657914889,0.5548826792312065,0.5478092685128553,0.5356116418378855,0.5156384006425615,0.48065985501751524,0.40982923683364997,0.22179157471758348,0.5279757627718575,0.9654403567447045,0.9654403567447045,0.9654403567447045,0.9654403567447045,0.9654403567447045,0.9654403567447045,0.9654403567447045,0.9654403567447045,0.9632516703786191,0.9588888888888889,0.9523809523809523,0.9502212389380531,0.9394939493949395,0.9246724890829694,0.8977395048439182,0.8460732984293193,0.7542288557213931,0.5840071877807727,0.274765003615329,0.8825918891269889,0.3302163612291459,0.3302163612291459,0.3302163612291459,0.3302163612291459,0.3302163612291459,0.3302163612291459,0.3302163612291459,0.3302163612291459,0.33059580210917955,0.329906194555625,0.33104694253704964,0.33007704578341934,0.3277240773174696,0.32454193047984425,0.3195579890651604,0.3142552314448564,0.3063180286366571,0.2875992057596071,0.17903117925663314,0.31696760614624564,0.9741282339707537,0.9741282339707537,0.9741282339707537,0.9741282339707537,0.9741282339707537,0.9741282339707537,0.9741282339707537,0.9741282339707537,0.9730033745781778,0.9707536557930259,0.9673790776152981,0.9662542182227222,0.9606299212598425,0.952755905511811,0.9381327334083239,0.9088863892013498,0.8526434195725534,0.7311586051743532,0.42744656917885265,0.9180036705938073,0.9908466819221968,0.9908466819221968,0.9908466819221968,0.9908466819221968,0.9908466819221968,0.9908466819221968,0.9908466819221968,0.9908466819221968,0.9897025171624714,0.9874141876430206,0.9839816933638444,0.982837528604119,0.977116704805492,0.9691075514874142,0.954233409610984,0.9244851258581236,0.8672768878718535,0.7437070938215103,0.43478260869565216,0.9337588823316875,0.3313546192344913,0.3313546192344913,0.3313546192344913,0.3313546192344913,0.3313546192344913,0.3313546192344913,0.3313546192344913,0.3313546192344913,0.3317353760197334,0.3313235768095393,0.3324657380283374,0.33175447028439237,0.33008040191929106,0.32786030842258934,0.3244170565860936,0.32111911094708445,0.316659454253176,0.305538160964999,0.2134129211202814,0.32195808048586566,0.9852633876026582,0.9852633876026582,0.9852633876026582,0.9852633876026582,0.9852633876026582,0.9852633876026582,0.9852633876026582,0.9852633876026582,0.985246351056534,0.9852212477417809,0.9863188047619471,0.9851450603933449,0.9793892426510002,0.9715268194389609,0.9567652561717097,0.9301974229257327,0.8779632932111621,0.7837956632518742,0.5345949336279758,0.9399090103185941,0.9191708258753396,0.9191708258753396,0.9191708258753396,0.9191708258753396,0.9191708258753396,0.9191708258753396,0.9191708258753396,0.9191708258753396,0.9197183701700408,0.9207495942927818,0.922163082538242,0.9225413814744586,0.9242852336043919,0.9263130658693152,0.9295124499739069,0.9343985236492427,0.9414949699127741,0.9520380509659278,0.9679887409955291,0.9270826352868068,0.567162305510862,0.567162305510862,0.567162305510862,0.567162305510862,0.567162305510862,0.567162305510862,0.567162305510862,0.567162305510862,0.567160322196124,0.565913106787286,0.5659044848018574,0.5647462596836951,0.5610896136878987,0.5560658601738424,0.5475288209438534,0.5344364345696783,0.5110577769817055,0.45856366420863104,0.2766338073144568,0.5392841366018907,866.0,866.0,866.0,866.0,866.0,866.0,866.0,866.0,865.0,863.0,860.0,859.0,854.0,847.0,834.0,808.0,758.0,650.0,380.0,816.1052631578947,23.0,23.0,23.0,23.0,23.0,23.0,23.0,23.0,24.0,26.0,29.0,30.0,35.0,42.0,55.0,81.0,131.0,239.0,509.0,72.89473684210526,8.0,8.0,8.0,8.0,8.0,8.0,8.0,8.0,9.0,11.0,14.0,15.0,20.0,27.0,40.0,66.0,116.0,224.0,494.0,57.89473684210526,0.9493813273340832,0.9204995871938051,0.9606299212598425,0.9718785151856018,0.988558352402746,1.0,0.0,0.0,0.8721165841793561,0.9801474758933636,0.016638935108153077,0.9595050618672666,795.3116433354476,864,25,10,10,2,0,0,8.0,601,0.49347702779353375,0.48931383577052867,0.4977116704805492,435,454,439,874,889,13,2
legoassemble_004_legoassemble_aria02_rgb,0.8838407341623539,0.9283549802489832,0.8205179473065388,0.8838407341623539,0.8838407341623539,0.8838407341623539,0.8838407341623539,0.8838407341623539,0.8838407341623539,0.8838407341623539,0.8838407341623539,0.8838407341623539,0.8832785089344142,0.8816118134159967,0.8792823524329701,0.8705893373968578,0.8602342505323525,0.8438624221251392,0.8160587836350065,0.7584907334629926,0.6518183882754295,0.27694597807857185,0.8250915355658377,0.9887218045112782,0.9887218045112782,0.9887218045112782,0.9887218045112782,0.9887218045112782,0.9887218045112782,0.9887218045112782,0.9887218045112782,0.9887218045112782,0.9868544600938968,0.9812734082397003,0.9775700934579439,0.9683720930232558,0.9574468085106383,0.9377289377289377,0.9011680143755616,0.832034632034632,0.7105901374292644,0.29024390243902437,0.9179883541018083,0.7900851784600629,0.7900851784600629,0.7900851784600629,0.7900851784600629,0.7900851784600629,0.7900851784600629,0.7900851784600629,0.7900851784600629,0.7900851784600629,0.7905734390369678,0.7920722023324026,0.7908767468174589,0.7826803352240946,0.7728919864906895,0.759391929611912,0.7389875447469121,0.6914474116809145,0.5979075544603544,0.2642573164478797,0.7416764775257975,0.9981024667931688,0.9981024667931688,0.9981024667931688,0.9981024667931688,0.9981024667931688,0.9981024667931688,0.9981024667931688,0.9981024667931688,0.9981024667931688,0.9971537001897534,0.9943074003795066,0.9924098671726755,0.9876660341555977,0.9819734345351043,0.9715370018975332,0.9516129032258065,0.9117647058823529,0.8339658444022771,0.45161290322580644,0.950364526116049,0.9905838041431262,0.9905838041431262,0.9905838041431262,0.9905838041431262,0.9905838041431262,0.9905838041431262,0.9905838041431262,0.9905838041431262,0.9905838041431262,0.9896421845574388,0.9868173258003766,0.9849340866290018,0.980225988700565,0.9745762711864406,0.9642184557438794,0.9444444444444444,0.9048964218455744,0.827683615819209,0.448210922787194,0.9432054713053819,0.7909472349210093,0.7909472349210093,0.7909472349210093,0.7909472349210093,0.7909472349210093,0.7909472349210093,0.7909472349210093,0.7909472349210093,0.7909472349210093,0.7914477173148029,0.7929777047358745,0.7925499142344912,0.78796154118577,0.7824277907623166,0.7751768345548964,0.7647224761422184,0.7375949609095026,0.6772461193132862,0.38577250794653556,0.7582317200730936,0.9915095846498724,0.9915095846498724,0.9915095846498724,0.9915095846498724,0.9915095846498724,0.9915095846498724,0.9915095846498724,0.9915095846498724,0.9915095846498724,0.9907879001443062,0.9887652459814006,0.9871732976519776,0.982357252828262,0.9765839178762272,0.9663095988444288,0.9466452467225674,0.9083555300136674,0.8319413298219899,0.4592413492841228,0.9453551016325159,0.9283549802489832,0.9283549802489832,0.9283549802489832,0.9283549802489832,0.9283549802489832,0.9283549802489832,0.9283549802489832,0.9283549802489832,0.9283549802489832,0.92879540595894,0.9299316758389898,0.9306035781155859,0.9320630459154793,0.9335386713165852,0.9358116460196221,0.9390926758120415,0.9440286023436909,0.9501330115790081,0.9669874694634628,0.9340095055054869,0.8880236289636159,0.8880236289636159,0.8880236289636159,0.8880236289636159,0.8880236289636159,0.8880236289636159,0.8880236289636159,0.8880236289636159,0.8880236289636159,0.8878756838699046,0.8874476054472185,0.8859310849378027,0.8792194167000382,0.871182758380193,0.8589396710830974,0.8385881485594222,0.7940008475715647,0.7061405515405768,0.3454591348910716,0.8393156612449175,1052.0,1052.0,1052.0,1052.0,1052.0,1052.0,1052.0,1052.0,1052.0,1051.0,1048.0,1046.0,1041.0,1035.0,1024.0,1003.0,961.0,879.0,476.0,1001.6842105263158,2.0,2.0,2.0,2.0,2.0,2.0,2.0,2.0,2.0,3.0,6.0,8.0,13.0,19.0,30.0,51.0,93.0,175.0,578.0,52.31578947368421,10.0,10.0,10.0,10.0,10.0,10.0,10.0,10.0,10.0,11.0,14.0,16.0,21.0,27.0,38.0,59.0,101.0,183.0,586.0,60.31578947368421,0.9848197343453511,0.92879540595894,0.9867172675521821,0.9971537001897534,0.9896421845574388,1.0,0.0,0.0,0.9138178099267988,0.9933837429111532,0.018302828618968387,0.9864316603456698,976.1639716628459,1051,3,11,2,2,0,0,3.0,601,0.8771266540642723,0.8804554079696395,0.8738229755178908,928,126,134,1062,1054,4,2
legoassemble_005_legoassemble_aria01_rgb,0.6780392725574919,0.8779842840607177,0.5953078252814393,0.6780392725574919,0.6780392725574919,0.6780392725574919,0.6780392725574919,0.6780392725574919,0.6780392725574919,0.6775633022760194,0.6730729499632362,0.6708042459548579,0.6636631567929903,0.6592610632501933,0.6536236382246753,0.6382951631944772,0.623286845089218,0.5849573460162887,0.5350989936083704,0.457383496794966,0.34877846533995716,0.16110904608432228,0.6007964919965539,0.9664804469273743,0.9664804469273743,0.9664804469273743,0.9664804469273743,0.9664804469273743,0.9664804469273743,0.9637377963737797,0.9528432732316228,0.9420689655172414,0.9261285909712722,0.9130434782608695,0.9001349527665317,0.8624338624338624,0.8357235984354628,0.7732997481108312,0.6984318455971049,0.5749440715883669,0.3899308983218164,0.16556291390728478,0.8261666672147524,0.4756818998168925,0.4756818998168925,0.4756818998168925,0.4756818998168925,0.4756818998168925,0.4756818998168925,0.4763661136032984,0.47544775588932403,0.47764903936094066,0.4755805942914677,0.4760180209004206,0.4746220098808566,0.4724080687273666,0.4648504505419573,0.44248701424557907,0.40996259658793216,0.36386089269943434,0.31196916789215023,0.1567749933704097,0.4385309535206575,0.9732770745428974,0.9732770745428974,0.9732770745428974,0.9732770745428974,0.9732770745428974,0.9732770745428974,0.9718706047819972,0.9662447257383966,0.960618846694796,0.9521800281293952,0.9451476793248945,0.9381153305203939,0.9170182841068917,0.9015471167369902,0.8635724331926864,0.8143459915611815,0.7229254571026723,0.5555555555555556,0.2812939521800281,0.8752683396254349,0.9928263988522238,0.9928263988522238,0.9928263988522238,0.9928263988522238,0.9928263988522238,0.9928263988522238,0.9913916786226685,0.9856527977044476,0.9799139167862266,0.9713055954088953,0.9641319942611191,0.9569583931133429,0.9354375896700143,0.9196556671449068,0.8809182209469153,0.830703012912482,0.7374461979913917,0.5667144906743186,0.28694404591104733,0.8928490523295324,0.4779666016161226,0.4779666016161226,0.4779666016161226,0.4779666016161226,0.4779666016161226,0.4779666016161226,0.4786540728534713,0.47849563495251896,0.4807414117910925,0.4798192205664573,0.48080906874231644,0.48043137181943896,0.48090916290176783,0.47683871411339124,0.4631447000223474,0.44024366841250445,0.4056101112925936,0.36364591627262044,0.2130929967194409,0.4521176663240367,0.971645842041202,0.971645842041202,0.971645842041202,0.971645842041202,0.971645842041202,0.971645842041202,0.972762550929829,0.969880978551364,0.9685707488878131,0.960771377510173,0.9577593274971906,0.9527181768055576,0.9428419997632458,0.9332771878849898,0.9091968010838423,0.8679293707697794,0.7957728296573252,0.6766442107723044,0.4108747873519253,0.9025723894585553,0.8779842840607177,0.8779842840607177,0.8779842840607177,0.8779842840607177,0.8779842840607177,0.8779842840607177,0.8787521591088556,0.8817690599876686,0.8844812413835189,0.8881004228445647,0.8907873556222834,0.8931884811266074,0.8993434659292149,0.903087459168685,0.9107175731392236,0.9190034159018183,0.9308557678665677,0.9474349552572965,0.9656435140629769,0.8979510829349256,0.6804192001015203,0.6804192001015203,0.6804192001015203,0.6804192001015203,0.6804192001015203,0.6804192001015203,0.680416213008837,0.6777897066880081,0.6773763129278909,0.672932644215039,0.670751315892009,0.6672706974471706,0.6581845004120199,0.6473674253466825,0.6181582220986966,0.5777987514882637,0.5128784477598225,0.41631262818286924,0.2099996606858217,0.6194606171980134,692.0,692.0,692.0,692.0,692.0,692.0,691.0,687.0,683.0,677.0,672.0,667.0,652.0,641.0,614.0,579.0,514.0,395.0,200.0,622.3157894736842,19.0,19.0,19.0,19.0,19.0,19.0,20.0,24.0,28.0,34.0,39.0,44.0,59.0,70.0,97.0,132.0,197.0,316.0,511.0,88.6842105263158,5.0,5.0,5.0,5.0,5.0,5.0,6.0,10.0,14.0,20.0,25.0,30.0,45.0,56.0,83.0,118.0,183.0,302.0,497.0,74.6842105263158,0.9226441631504922,0.8870597163825109,0.9437412095639943,0.9620253164556962,0.9813486370157819,1.0,0.0,0.0,0.8139927510627812,0.9715909090909091,0.03504043126684636,0.9420870727720735,606.7488460056375,684,27,13,15,2,0,0,12.0,371,0.65625,0.6497890295358649,0.6628407460545194,462,249,235,697,711,16,2
legoassemble_005_legoassemble_aria03_rgb,0.6214398071299773,0.8988106397155539,0.5585567105912053,0.6214398071299773,0.6214398071299773,0.6214398071299773,0.6214398071299773,0.6214398071299773,0.6214398071299773,0.6214398071299773,0.6214398071299773,0.6214398071299773,0.6173826440209992,0.614004396006035,0.5966044537792832,0.5893545446681495,0.5808111824005842,0.5686105527035163,0.5479492814503947,0.4708006589740364,0.3497958730048721,0.13502964593402286,0.5612263945848257,0.9388794567062818,0.9388794567062818,0.9388794567062818,0.9388794567062818,0.9388794567062818,0.9388794567062818,0.9388794567062818,0.9388794567062818,0.9388794567062818,0.9323181049069373,0.9225589225589226,0.890728476821192,0.8813838550247117,0.8629690048939641,0.8389694041867954,0.792778649921507,0.6502890173410405,0.44374209860935526,0.16888433981576254,0.8333966833914066,0.41132802632676824,0.41132802632676824,0.41132802632676824,0.41132802632676824,0.41132802632676824,0.41132802632676824,0.41132802632676824,0.41132802632676824,0.41132802632676824,0.40883184305040043,0.40864750109298004,0.39960199267405805,0.3940834374726133,0.39090816435871284,0.3853751507889458,0.3787291888747652,0.340853458354106,0.27573933858134275,0.10796149187638196,0.37856230547711683,0.9550949913644214,0.9550949913644214,0.9550949913644214,0.9550949913644214,0.9550949913644214,0.9550949913644214,0.9550949913644214,0.9550949913644214,0.9550949913644214,0.9516407599309153,0.9464594127806563,0.9291882556131261,0.924006908462867,0.9136442141623489,0.8998272884283247,0.8721934369602763,0.7772020725388601,0.6062176165803109,0.2849740932642487,0.8790109990000909,0.9822380106571936,0.9822380106571936,0.9822380106571936,0.9822380106571936,0.9822380106571936,0.9822380106571936,0.9822380106571936,0.9822380106571936,0.9822380106571936,0.9786856127886323,0.9733570159857904,0.955595026642984,0.9502664298401421,0.9396092362344582,0.9253996447602132,0.8969804618117229,0.7992895204262878,0.6234458259325044,0.29307282415630553,0.9039917733944096,0.4154657831252519,0.4154657831252519,0.4154657831252519,0.4154657831252519,0.4154657831252519,0.4154657831252519,0.4154657831252519,0.4154657831252519,0.4154657831252519,0.4136353391931485,0.4138104363129409,0.40766212308963246,0.40371843164403176,0.4017979690651028,0.3980498092462264,0.3936975200788053,0.3661994674412975,0.3166377007698722,0.1408771814000572,0.3892251592825464,0.9825578489891031,0.9825578489891031,0.9825578489891031,0.9825578489891031,0.9825578489891031,0.9825578489891031,0.9825578489891031,0.9825578489891031,0.9825578489891031,0.9792346862922414,0.9757530375705082,0.9580796322350518,0.9527907294714678,0.9419295570440959,0.9281826286086429,0.9014920939790825,0.8159205333400944,0.6906956041069915,0.37222184970876837,0.9136484733294143,0.8988106397155539,0.8988106397155539,0.8988106397155539,0.8988106397155539,0.8988106397155539,0.8988106397155539,0.8988106397155539,0.8988106397155539,0.8988106397155539,0.9002821722157809,0.9022717912871878,0.9082500065025788,0.9098916146798341,0.9125103362060485,0.915286120362526,0.9197296789848064,0.9307453582329652,0.9454503221482216,0.9667331581107341,0.9105498061142456,0.6267833260007075,0.6267833260007075,0.6267833260007075,0.6267833260007075,0.6267833260007075,0.6267833260007075,0.6267833260007075,0.6267833260007075,0.6267833260007075,0.6237475818024787,0.6219069656457825,0.6093484048656705,0.6034366733431844,0.5976211029031375,0.5888727171147207,0.5747391694689507,0.5146960406539468,0.4088496601835606,0.17540304517005256,0.5768248050083081,553.0,553.0,553.0,553.0,553.0,553.0,553.0,553.0,553.0,551.0,548.0,538.0,535.0,529.0,521.0,505.0,450.0,351.0,165.0,508.94736842105266,26.0,26.0,26.0,26.0,26.0,26.0,26.0,26.0,26.0,28.0,31.0,41.0,44.0,50.0,58.0,74.0,129.0,228.0,414.0,70.05263157894737,10.0,10.0,10.0,10.0,10.0,10.0,10.0,10.0,10.0,12.0,15.0,25.0,28.0,34.0,42.0,58.0,113.0,212.0,398.0,54.05263157894737,0.9205526770293609,0.9002821722157809,0.9309153713298791,0.9516407599309153,0.9786856127886323,1.0,0.0,0.0,0.8256571276181265,0.9649737302977233,0.03234501347708895,0.9295714140753305,496.05547689089525,551,28,12,6,2,0,0,4.0,371,0.5376532399299475,0.5302245250431779,0.5452930728241563,307,272,256,563,579,8,2
tagging_001_tagging_aria01_rgb,0.3778699139559887,0.8938409523716074,0.3377556037629983,0.3778699139559887,0.3778699139559887,0.3778699139559887,0.3773205013863193,0.3768849747972289,0.3765792136530482,0.3765792136530482,0.3764553744527269,0.37633109329652087,0.37606228695350963,0.3740193739744502,0.368457800460697,0.36052633344862867,0.35275979034688026,0.34051905512167213,0.3194514406397032,0.292862820477513,0.22448149949905155,0.10721413337845039,0.3426376130214429,0.9485387547649301,0.9485387547649301,0.9485387547649301,0.9460659898477157,0.9448319594166138,0.9435994930291508,0.9435994930291508,0.9423685877137429,0.9411392405063291,0.938685208596713,0.9301447451227187,0.906152889993785,0.8758409785932721,0.8442573662056524,0.7967193907439953,0.7288613303269448,0.6489247311827957,0.4625655698617072,0.18325617283950618,0.8327699690160307,0.15053224884679792,0.15053224884679792,0.15053224884679792,0.15048713545800352,0.15033602834054408,0.15028823690896906,0.15028823690896906,0.15038558245894312,0.15048261265310856,0.1506605647702959,0.15039647629228198,0.14982146194034202,0.14840506471697332,0.1473951838227287,0.14553835170583276,0.1400118495530634,0.13217038509491455,0.10894010903666763,0.06272569277193862,0.14157524836705102,0.9682230869001297,0.9682230869001297,0.9682230869001297,0.9669260700389105,0.9662775616083009,0.9656290531776913,0.9656290531776913,0.9649805447470817,0.9643320363164721,0.9630350194552529,0.9584954604409858,0.9455252918287937,0.9286640726329443,0.9105058365758755,0.8819714656290532,0.8385214007782101,0.7827496757457847,0.62905317769131,0.30804150453955903,0.8865792886886478,0.9790163934426229,0.9790163934426229,0.9790163934426229,0.9777049180327869,0.9770491803278688,0.9763934426229508,0.9763934426229508,0.9757377049180328,0.9750819672131148,0.9737704918032787,0.9691803278688524,0.9560655737704918,0.939016393442623,0.920655737704918,0.8918032786885246,0.8478688524590164,0.7914754098360656,0.6360655737704918,0.3114754098360656,0.8964624676445211,0.15231837142422028,0.15231837142422028,0.15231837142422028,0.15229418037880116,0.1521641225764196,0.15212485994150904,0.15212485994150904,0.15222323945916644,0.15232150824093074,0.152502018443374,0.15232564101647494,0.15190561351356635,0.1506796988500588,0.14982583262184682,0.14802646008462944,0.14325427344166344,0.13664861399249184,0.11591132553440023,0.0706075509321288,0.14431025859166483,0.9202627412480964,0.9202627412480964,0.9202627412480964,0.9191573684237233,0.9184393458595709,0.9177249714396357,0.9177249714396357,0.9182766856720896,0.9178854796772491,0.9179414657920013,0.914292890394171,0.902574476707181,0.8897309471031507,0.8778373366475456,0.8639369651484907,0.828496107629391,0.7827937492007936,0.6447680020417038,0.3809855076659403,0.8564923418203454,0.8938409523716074,0.8938409523716074,0.8938409523716074,0.8947897293574526,0.8952267924826162,0.8956279732054905,0.8956279732054905,0.8959884833863978,0.8963007915729742,0.8968607277539231,0.8986532613726941,0.9030018303005728,0.9080870067445769,0.9126817313454534,0.9188217547852375,0.926297259103157,0.9332878914922368,0.9466269346885977,0.9657530570809663,0.908692423946982,0.381770609995669,0.381770609995669,0.381770609995669,0.3814576444113036,0.38113820444397506,0.3809497183489605,0.3809497183489605,0.38094508959079404,0.38093989590222116,0.38090865036738314,0.3796766252911451,0.37637744555613106,0.3712390763368265,0.36633888021034366,0.35827457816489006,0.34264111284663834,0.32164627477438607,0.26178067493142726,0.13900401711732693,0.3541883914015642,1493.0,1493.0,1493.0,1491.0,1490.0,1489.0,1489.0,1488.0,1487.0,1485.0,1478.0,1458.0,1432.0,1404.0,1360.0,1293.0,1207.0,970.0,475.0,1367.1052631578948,49.0,49.0,49.0,51.0,52.0,53.0,53.0,54.0,55.0,57.0,64.0,84.0,110.0,138.0,182.0,249.0,335.0,572.0,1067.0,174.89473684210526,32.0,32.0,32.0,34.0,35.0,36.0,36.0,37.0,38.0,40.0,47.0,67.0,93.0,121.0,165.0,232.0,318.0,555.0,1050.0,157.89473684210526,0.917639429312581,0.8973089331202354,0.9396887159533074,0.9643320363164721,0.9750819672131148,1.0,0.0,0.0,0.8186111436769067,0.9696772089990219,0.0632279534109817,0.9386955389643047,1334.29838354979,1487,55,38,34,3,0,0,29.0,601,0.20606455820019562,0.20492866407263294,0.20721311475409837,316,1226,1209,1525,1542,33,3
tagging_001_tagging_aria02_rgb,0.5440943942318763,0.9041149314307076,0.4919238659327853,0.5440943942318763,0.5440943942318763,0.5431171481247472,0.542337513506132,0.540791099166456,0.5390509672028092,0.5390509672028092,0.5375295716707378,0.5364453032338711,0.5352000067811069,0.5324926683529206,0.5284009315788394,0.5251255122272028,0.5117671112598545,0.5008175733989282,0.47947303207361286,0.4405985380100868,0.34562723860806255,0.13974522403063666,0.4950399576259246,0.9717847769028871,0.9717847769028871,0.9704918032786886,0.9692005242463958,0.9666230366492147,0.9640522875816994,0.9640522875816994,0.9614882506527415,0.9576547231270358,0.9551073519843851,0.9500324464633355,0.9412144702842378,0.9349645846748229,0.9055168040583386,0.8711083437110835,0.8201090248334343,0.7270114942528736,0.5238336713995944,0.17062719127386053,0.8682451499925904,0.3046340268655354,0.3046340268655354,0.3039451086455519,0.3034769082329123,0.30255332414945835,0.30141098048860654,0.30141098048860654,0.30051125453105715,0.30049824473481535,0.2999024629675134,0.2984618503348733,0.2966460390362117,0.29493823414476095,0.28923325883456813,0.28793001885007613,0.2803217395791441,0.26702063616769095,0.22804602794750228,0.11445261153029693,0.28315935444182716,0.9886515353805073,0.9886515353805073,0.9879839786381842,0.9873164218958611,0.985981308411215,0.9846461949265688,0.9846461949265688,0.9833110814419226,0.9813084112149533,0.9799732977303071,0.9773030707610146,0.972630173564753,0.9692923898531375,0.9532710280373832,0.9339118825100133,0.9038718291054739,0.8444592790387183,0.6895861148197597,0.2923898531375167,0.9152202937249667,0.9827471798274718,0.9827471798274718,0.9820836098208361,0.9814200398142005,0.980092899800929,0.9787657597876576,0.9787657597876576,0.9774386197743862,0.9754479097544791,0.9741207697412076,0.9714664897146649,0.966821499668215,0.9635036496350365,0.9475779694757797,0.9283344392833444,0.8984737889847378,0.8394160583941606,0.6854678168546782,0.2906436629064366,0.9097544790975448,0.30542430709057444,0.30542430709057444,0.3049197805736603,0.3045649796614921,0.3038613766222039,0.3030076673925772,0.3030076673925772,0.3023149597947574,0.30234413637968605,0.30193356626071755,0.30086145355843924,0.2995104033362054,0.2982308062953224,0.2939514750303582,0.2933858437674528,0.28774213436147017,0.2778021253477074,0.24659669035586343,0.1418698906546896,0.2882501879455963,0.9827228741884703,0.9827228741884703,0.9820429226879961,0.9813694115208718,0.98003739244076,0.9786993299963951,0.9786993299963951,0.9773956432362803,0.9754656814406873,0.9741316870261376,0.9713940317443126,0.9668270656460897,0.9635807966166361,0.9488136412301063,0.934923639112162,0.9102381601730656,0.8618867771148002,0.7284763937149795,0.3698859940324375,0.9183849287424766,0.9041149314307076,0.9041149314307076,0.9046452299731489,0.9051339366387419,0.9060387322165014,0.9069088612993111,0.9069088612993111,0.9076550185211192,0.9086666805661344,0.9092459027432389,0.9102834285557455,0.9118713214819458,0.9128344566354721,0.9167954941299725,0.9207687964403638,0.9254911642836935,0.9323001890020074,0.9439703599538696,0.9652225134439733,0.9159458321076823,0.5487958622199682,0.5487958622199682,0.5479898700954677,0.5473826222712387,0.5461793866570263,0.5447780970699838,0.5447780970699838,0.5435954807376554,0.5430298841809756,0.5421221316564334,0.5400811817100148,0.5371469895988313,0.5346787688259556,0.5250882649534564,0.5185569071330728,0.5033636096217418,0.4748558243368488,0.3965568993377829,0.18293381938982406,0.5089847136361174,1481.0,1481.0,1480.0,1479.0,1477.0,1475.0,1475.0,1473.0,1470.0,1468.0,1464.0,1457.0,1452.0,1428.0,1399.0,1354.0,1265.0,1033.0,438.0,1371.0,17.0,17.0,18.0,19.0,21.0,23.0,23.0,25.0,28.0,30.0,34.0,41.0,46.0,70.0,99.0,144.0,233.0,465.0,1060.0,127.0,26.0,26.0,27.0,28.0,30.0,32.0,32.0,34.0,37.0,39.0,43.0,50.0,55.0,79.0,108.0,153.0,242.0,474.0,1069.0,136.0,0.9485981308411215,0.9096717717096708,0.9619492656875834,0.9839786381842457,0.9781021897810219,1.0,0.0,0.0,0.8597170837784077,0.9810316139767055,0.05490848585690516,0.9610807543420133,1340.8561915000548,1474,24,33,20,3,0,0,23.0,601,0.43793677204658904,0.4392523364485981,0.4366290643662906,658,840,849,1507,1498,20,3
tagging_001_tagging_aria03_rgb,0.4801028988512181,0.8889160867635005,0.4267711900906375,0.4801028988512181,0.4801028988512181,0.4801028988512181,0.4801028988512181,0.4801028988512181,0.4801028988512181,0.4801028988512181,0.4801028988512181,0.4779482362544187,0.4757564357352069,0.47505840669158445,0.4694906736211523,0.46791089345272446,0.4556279907720944,0.4307520776249693,0.3902236521419568,0.32244664874647777,0.2307766295712189,0.07932060380067193,0.4271650231169591,0.994535519125683,0.994535519125683,0.994535519125683,0.994535519125683,0.994535519125683,0.994535519125683,0.994535519125683,0.994535519125683,0.9880174291938998,0.9793926247288504,0.9772481040086674,0.9644779332615716,0.9602577873254565,0.9271383315733897,0.8679631525076765,0.7632850241545893,0.6150442477876106,0.408179012345679,0.12654320987654322,0.8702016320931264,0.23176527037262507,0.23176527037262507,0.23176527037262507,0.23176527037262507,0.23176527037262507,0.23176527037262507,0.23176527037262507,0.23176527037262507,0.23120494617699605,0.23110668839897844,0.23093469185829726,0.2285396949122981,0.22800190438603768,0.22391142605733477,0.21377330574708533,0.19949886853821794,0.1690477419500042,0.13047670542930445,0.04972023543137139,0.2100178090456277,0.994535519125683,0.994535519125683,0.994535519125683,0.994535519125683,0.994535519125683,0.994535519125683,0.994535519125683,0.994535519125683,0.9912568306010929,0.9868852459016394,0.985792349726776,0.9792349726775956,0.9770491803278688,0.9595628415300547,0.926775956284153,0.8633879781420765,0.7595628415300546,0.5781420765027322,0.22404371584699453,0.9046304285303423,1.0,1.0,1.0,1.0,1.0,1.0,1.0,1.0,0.9967032967032967,0.9923076923076923,0.9912087912087912,0.9846153846153847,0.9824175824175824,0.9648351648351648,0.9318681318681319,0.8681318681318682,0.7637362637362637,0.5813186813186814,0.22527472527472528,0.9096009253903992,0.23176527037262507,0.23176527037262507,0.23176527037262507,0.23176527037262507,0.23176527037262507,0.23176527037262507,0.23176527037262507,0.23176527037262507,0.2313209448192226,0.23131424944667778,0.23117660587621955,0.22932438610449263,0.22890924216843514,0.22582329150791502,0.21762125284821401,0.2062688811260827,0.17958435088119762,0.14424336870120802,0.05727619606979927,0.21247289118581394,1.0,1.0,1.0,1.0,1.0,1.0,1.0,1.0,0.9967798422139421,0.9925669987013042,0.9914742117047809,0.9855120747829266,0.9833922038434985,0.9669730686684914,0.9401301261307559,0.8926827842681411,0.8120573352664776,0.6677828525053605,0.36269141725362075,0.9258969955441738,0.8889160867635005,0.8889160867635005,0.8889160867635005,0.8889160867635005,0.8889160867635005,0.8889160867635005,0.8889160867635005,0.8889160867635005,0.8903912009673127,0.89225761517808,0.8926469744047364,0.8948146460128291,0.8954001913802556,0.8993498907751487,0.9053713687036267,0.9146372971931181,0.9268088263681408,0.9421259518719061,0.9649569217714854,0.9015836620386655,0.4801028988512181,0.4801028988512181,0.4801028988512181,0.4801028988512181,0.4801028988512181,0.4801028988512181,0.4801028988512181,0.4801028988512181,0.4787311167729808,0.4775728017906164,0.47713064512816594,0.4730687707967947,0.471984188075799,0.46352678912725515,0.4451066836858099,0.415024005027232,0.3583327828008269,0.2746526413711206,0.10554385959795028,0.4358682881570683,910.0,910.0,910.0,910.0,910.0,910.0,910.0,910.0,907.0,903.0,902.0,896.0,894.0,878.0,848.0,790.0,695.0,529.0,205.0,827.7368421052631,5.0,5.0,5.0,5.0,5.0,5.0,5.0,5.0,8.0,12.0,13.0,19.0,21.0,37.0,67.0,125.0,220.0,386.0,710.0,87.26315789473684,0.0,0.0,0.0,0.0,0.0,0.0,0.0,0.0,3.0,7.0,8.0,14.0,16.0,32.0,62.0,120.0,215.0,381.0,705.0,82.26315789473684,0.9573770491803278,0.89225761517808,0.9792349726775956,0.9868852459016394,0.9923076923076923,1.0,0.0,0.0,0.8510476792413183,0.9895890410958904,0.011647254575707155,0.9778130819719519,805.7086265058063,903,12,7,20,3,0,0,22.0,601,0.3780821917808219,0.3770491803278688,0.3791208791208791,345,570,565,910,915,23,3
tagging_001_tagging_aria04_rgb,0.5364560538496671,0.8818725702443767,0.4730858790315617,0.5364560538496671,0.5364560538496671,0.5364560538496671,0.5364560538496671,0.5364560538496671,0.5362399653979869,0.5356319580197445,0.5356319580197445,0.5344447575685048,0.5328856613633807,0.5293119987987916,0.5218215008053387,0.5146483343946058,0.503134867399684,0.4832802340687088,0.4478321799096492,0.3821464944206789,0.27214483926259486,0.07542099805760458,0.4782555798281765,0.9805895039539899,0.9805895039539899,0.9805895039539899,0.9805895039539899,0.9805895039539899,0.9791666666666666,0.9777458722182341,0.9777458722182341,0.9734957020057307,0.9678571428571429,0.9594594594594594,0.9374120956399438,0.9185236768802229,0.8895747599451304,0.837891927951968,0.7458808618504436,0.5989553105049332,0.3754368447329007,0.09717244125846276,0.8494350607347064,0.29348172354643115,0.29348172354643115,0.29348172354643115,0.29348172354643115,0.29348172354643115,0.2936714558196094,0.29343166011140015,0.29343166011140015,0.2934077657497213,0.29339777071687284,0.29200941145571163,0.29047809385993306,0.28835719183064734,0.28456820740834843,0.2787469085809056,0.26888162925252984,0.2438177617540485,0.1972710312701316,0.05853847937066001,0.27039040236968814,0.9841269841269841,0.9841269841269841,0.9841269841269841,0.9841269841269841,0.9841269841269841,0.9834054834054834,0.9826839826839827,0.9826839826839827,0.9805194805194806,0.9776334776334776,0.9733044733044733,0.9617604617604618,0.9516594516594516,0.9357864357864358,0.9062049062049062,0.8492063492063492,0.7445887445887446,0.5425685425685426,0.17604617604617603,0.8878256246677297,0.9963476990504018,0.9963476990504018,0.9963476990504018,0.9963476990504018,0.9963476990504018,0.9956172388604821,0.9948867786705624,0.9948867786705624,0.9926953981008035,0.9897735573411249,0.985390796201607,0.9737034331628927,0.9634769905040176,0.9474068663257852,0.9174579985390796,0.8597516435354273,0.7538349159970782,0.5493060628195763,0.17823228634039445,0.8988504863327051,0.2936650987514142,0.2936650987514142,0.2936650987514142,0.2936650987514142,0.2936650987514142,0.29385415249335595,0.2936680333066048,0.2936680333066048,0.29370496513296823,0.2937729554012533,0.29281072903288335,0.2917946813563099,0.29030168156247377,0.28752462866000683,0.2831803113490116,0.27587059074833675,0.25661888070598243,0.21948205820372213,0.07745483564676575,0.27431747529807105,0.9869508805000008,0.9869508805000008,0.9869508805000008,0.9869508805000008,0.9869508805000008,0.9872253101806269,0.9864968030259913,0.9864968030259913,0.9848426940568333,0.9820287268507911,0.9785752339246016,0.968330781445668,0.9602385682558225,0.9454358784879247,0.9195604528550644,0.8699110648381141,0.7779360896772521,0.6021112895577809,0.207838644251968,0.8995675127860226,0.8818725702443767,0.8818725702443767,0.8818725702443767,0.8818725702443767,0.8818725702443767,0.8823304721658335,0.8827457733344622,0.8827457733344622,0.883744643655827,0.8849281141138912,0.8864917190600209,0.8902573990938745,0.8930185548467687,0.8966620833934035,0.9021916464423673,0.9105177648138402,0.9221289174090307,0.9387993790569623,0.9640138504164001,0.896312575913633,0.5374228163095968,0.5374228163095968,0.5374228163095968,0.5374228163095968,0.5374228163095968,0.5373994045146264,0.5369828604376898,0.5369828604376898,0.5363693037947811,0.5355702408796125,0.5331173101830878,0.5285549599445908,0.5238490689689285,0.5160378557323034,0.502595081696456,0.47784514933835626,0.42607975912132295,0.32715906823322,0.10151588764702131,0.48985120486724587,1364.0,1364.0,1364.0,1364.0,1364.0,1363.0,1362.0,1362.0,1359.0,1355.0,1349.0,1333.0,1319.0,1297.0,1256.0,1177.0,1032.0,752.0,244.0,1230.5263157894738,22.0,22.0,22.0,22.0,22.0,23.0,24.0,24.0,27.0,31.0,37.0,53.0,67.0,89.0,130.0,209.0,354.0,634.0,1142.0,155.47368421052633,5.0,5.0,5.0,5.0,5.0,6.0,7.0,7.0,10.0,14.0,20.0,36.0,50.0,72.0,113.0,192.0,337.0,617.0,1125.0,138.47368421052633,0.9559884559884559,0.8848451070391196,0.9675324675324676,0.9776334776334776,0.9897735573411249,1.0,0.0,0.0,0.8434091775165995,0.9836660617059891,0.02329450915141431,0.9666636940962079,1198.965120038007,1355,31,14,16,3,0,0,23.0,601,0.4203266787658802,0.41774891774891776,0.422936449963477,579,807,790,1369,1386,18,3
tagging_002_tagging_aria01_rgb,0.6357743937824638,0.914032097828199,0.5811182028944369,0.6357743937824638,0.6357743937824638,0.6357743937824638,0.6357743937824638,0.6357743937824638,0.6357743937824638,0.6357743937824638,0.6357743937824638,0.6357743937824638,0.6329137820901386,0.6329137820901386,0.6329137820901386,0.6329137820901386,0.6329137820901386,0.6283583548086553,0.5953438181300585,0.544763212625049,0.3598674188904517,0.10041788816879167,0.5850152182692565,0.9823943661971831,0.9823943661971831,0.9823943661971831,0.9823943661971831,0.9823943661971831,0.9823943661971831,0.9823943661971831,0.9823943661971831,0.9823943661971831,0.9754385964912281,0.9754385964912281,0.9754385964912281,0.9754385964912281,0.9754385964912281,0.9685314685314685,0.9084745762711864,0.8044871794871795,0.5175202156334232,0.14198782961460446,0.8978812393562446,0.41145297010826687,0.41145297010826687,0.41145297010826687,0.41145297010826687,0.41145297010826687,0.41145297010826687,0.41145297010826687,0.41145297010826687,0.41145297010826687,0.410666398685246,0.410666398685246,0.410666398685246,0.410666398685246,0.410666398685246,0.4076627707889612,0.3901421911446809,0.3688896049514904,0.2502405804966819,0.07101842666128595,0.38128222623388064,0.9858657243816255,0.9858657243816255,0.9858657243816255,0.9858657243816255,0.9858657243816255,0.9858657243816255,0.9858657243816255,0.9858657243816255,0.9858657243816255,0.9823321554770318,0.9823321554770318,0.9823321554770318,0.9823321554770318,0.9823321554770318,0.9787985865724381,0.9469964664310954,0.8869257950530035,0.6784452296819788,0.24734982332155478,0.9222614840989402,0.9964285714285714,0.9964285714285714,0.9964285714285714,0.9964285714285714,0.9964285714285714,0.9964285714285714,0.9964285714285714,0.9964285714285714,0.9964285714285714,0.9928571428571429,0.9928571428571429,0.9928571428571429,0.9928571428571429,0.9928571428571429,0.9892857142857143,0.9571428571428572,0.8964285714285715,0.6857142857142857,0.25,0.9321428571428572,0.41467019728740206,0.41467019728740206,0.41467019728740206,0.41467019728740206,0.41467019728740206,0.41467019728740206,0.41467019728740206,0.41467019728740206,0.41467019728740206,0.4141634154231281,0.4141634154231281,0.4141634154231281,0.4141634154231281,0.4141634154231281,0.4120484819048001,0.4007555905373537,0.3866683054392297,0.29423513421082054,0.0928062613758843,0.3889138224300183,0.9964936886395511,0.9964936886395511,0.9964936886395511,0.9964936886395511,0.9964936886395511,0.9964936886395511,0.9964936886395511,0.9964936886395511,0.9964936886395511,0.9929786148198145,0.9929786148198145,0.9929786148198145,0.9929786148198145,0.9929786148198145,0.9894139449929448,0.9594458200038244,0.9049279005011673,0.7025670615865915,0.2836487812799031,0.9354389358010246,0.914032097828199,0.914032097828199,0.914032097828199,0.914032097828199,0.914032097828199,0.914032097828199,0.914032097828199,0.914032097828199,0.914032097828199,0.9155865248613014,0.9155865248613014,0.9155865248613014,0.9155865248613014,0.9155865248613014,0.9163146031253081,0.9207215383279931,0.9266337210732969,0.9416211802400557,0.9639273330192046,0.9196547305550609,0.63689667955231,0.63689667955231,0.63689667955231,0.63689667955231,0.63689667955231,0.63689667955231,0.63689667955231,0.63689667955231,0.63689667955231,0.635146289135399,0.635146289135399,0.635146289135399,0.635146289135399,0.635146289135399,0.6316800961297094,0.6078349088524759,0.5719944983637422,0.4120370470125509,0.13253827857356484,0.5928361258199909,279.0,279.0,279.0,279.0,279.0,279.0,279.0,279.0,279.0,278.0,278.0,278.0,278.0,278.0,277.0,268.0,251.0,192.0,70.0,261.0,4.0,4.0,4.0,4.0,4.0,4.0,4.0,4.0,4.0,5.0,5.0,5.0,5.0,5.0,6.0,15.0,32.0,91.0,213.0,22.0,1.0,1.0,1.0,1.0,1.0,1.0,1.0,1.0,1.0,2.0,2.0,2.0,2.0,2.0,3.0,12.0,29.0,88.0,210.0,19.0,0.950530035335689,0.9155865248613014,0.9752650176678446,0.9823321554770318,0.9928571428571429,1.0,0.0,0.0,0.8676079643513845,0.9875666074600356,0.00909090909090909,0.9722788055123172,254.5330539114418,278,5,2,7,3,0,0,8.0,220,0.5293072824156305,0.5265017667844523,0.5321428571428571,149,134,131,280,283,10,3
tagging_002_tagging_aria02_rgb,0.8434103511340285,0.909404065161937,0.7670008019209422,0.8434103511340285,0.8434103511340285,0.8434103511340285,0.8434103511340285,0.8424369481376385,0.8424369481376385,0.840857335253817,0.8393015871854924,0.8393015871854924,0.8362347531592228,0.8352827888337034,0.8282888126385755,0.8179665482799391,0.8098236650688103,0.7817864059797025,0.7452513996945223,0.652647183217835,0.530486802237989,0.22762674827359994,0.7707037325168471,0.9900166389351082,0.9900166389351082,0.9900166389351082,0.9900166389351082,0.9867109634551495,0.9867109634551495,0.9834162520729685,0.9801324503311258,0.9801324503311258,0.9768595041322314,0.9735973597359736,0.9606557377049181,0.9447154471544715,0.9321486268174475,0.886435331230284,0.8343558282208589,0.723342939481268,0.5757575757575758,0.23937823834196892,0.890758748629629,0.7185142071603616,0.7185142071603616,0.7185142071603616,0.7185142071603616,0.7192582609017673,0.7192582609017673,0.7189641789626315,0.7187060830544939,0.7187060830544939,0.7158537736831069,0.7166179430796888,0.7141604741582848,0.7082230698357551,0.7035512896098658,0.6894919043066451,0.6656628143066402,0.5888608604759938,0.48877558750035155,0.21645215909556875,0.6671894511351842,0.9916666666666667,0.9916666666666667,0.9916666666666667,0.9916666666666667,0.99,0.99,0.9883333333333333,0.9866666666666667,0.9866666666666667,0.985,0.9833333333333333,0.9766666666666667,0.9683333333333334,0.9616666666666667,0.9366666666666666,0.9066666666666666,0.8366666666666667,0.7283333333333334,0.385,0.9250877192982457,0.9983221476510067,0.9983221476510067,0.9983221476510067,0.9983221476510067,0.9966442953020134,0.9966442953020134,0.9949664429530202,0.9932885906040269,0.9932885906040269,0.9916107382550335,0.9899328859060402,0.9832214765100671,0.9748322147651006,0.9681208053691275,0.9429530201342282,0.912751677852349,0.8422818791946308,0.7332214765100671,0.3875838926174497,0.9312963617096431,0.7201710215448833,0.7201710215448833,0.7201710215448833,0.7201710215448833,0.7209452590010148,0.7209452590010148,0.7208888665795793,0.7208520402419105,0.7208520402419105,0.719205319621439,0.7199986480402695,0.7191501182710388,0.7159927439847822,0.7136576375214684,0.7070814558944037,0.6928284210223383,0.644359803436259,0.5749518698159147,0.32082186628483883,0.684906075533564,0.998327330932373,0.998327330932373,0.998327330932373,0.998327330932373,0.9966990650898698,0.9966990650898698,0.995033101650535,0.9934134850083127,0.9934134850083127,0.9917193899644791,0.9901857758387612,0.9839296347352322,0.9761703517927207,0.970077382693943,0.9471575789882336,0.9228143093746548,0.8584341613997949,0.7610237604278556,0.42473866887945855,0.9365693968248173,0.909404065161937,0.909404065161937,0.909404065161937,0.909404065161937,0.9105182998380159,0.9105182998380159,0.9115437990081655,0.9124175691297889,0.9124175691297889,0.9131912524123169,0.9138650382978889,0.9162426200187699,0.9187925914498336,0.9204520333850372,0.9255872933689496,0.9304584611548228,0.9390118258462575,0.9479607991942895,0.9648490223611033,0.9202864597410944,0.844112900486279,0.844112900486279,0.844112900486279,0.844112900486279,0.8438398416125833,0.8438398416125833,0.8429568574615197,0.8420946118343438,0.8420946118343438,0.8397118357376299,0.8394488136241705,0.8351626965814853,0.8281280130255364,0.822545940059371,0.8036318085420446,0.7768746906492409,0.701911855766032,0.5966502768759011,0.28867643002468,0.7854747224835043,595.0,595.0,595.0,595.0,594.0,594.0,593.0,592.0,592.0,591.0,590.0,586.0,581.0,577.0,562.0,544.0,502.0,437.0,231.0,555.0526315789474,5.0,5.0,5.0,5.0,6.0,6.0,7.0,8.0,8.0,9.0,10.0,14.0,19.0,23.0,38.0,56.0,98.0,163.0,369.0,44.94736842105263,1.0,1.0,1.0,1.0,2.0,2.0,3.0,4.0,4.0,5.0,6.0,10.0,15.0,19.0,34.0,52.0,94.0,159.0,365.0,40.94736842105263,0.97,0.9131912524123169,0.9766666666666667,0.985,0.9916107382550335,1.0,0.0,0.0,0.8844933836261322,0.9882943143812709,0.022727272727272728,0.9756632333477868,539.6960301756793,591,9,5,4,3,0,0,6.0,220,0.774247491638796,0.7716666666666666,0.7768456375838926,463,137,133,596,600,7,3
tagging_002_tagging_aria03_rgb,0.8521604894241258,0.8882938160300194,0.7569688930205657,0.8521604894241258,0.8521604894241258,0.8521604894241258,0.8521604894241258,0.8521604894241258,0.8521604894241258,0.8521604894241258,0.8521604894241258,0.8521604894241258,0.8521604894241258,0.8521604894241258,0.8494950553967542,0.8353319057223612,0.8300716536899155,0.8072329591158695,0.7275523676333373,0.5835835556727911,0.33354585981995805,0.0698303759611909,0.7584425850882927,0.9863325740318907,0.9863325740318907,0.9863325740318907,0.9863325740318907,0.9863325740318907,0.9863325740318907,0.9863325740318907,0.9863325740318907,0.9863325740318907,0.9863325740318907,0.9863325740318907,0.9773242630385488,0.9551569506726457,0.9464285714285714,0.9164835164835164,0.8128898128898129,0.6452830188679245,0.36891679748822603,0.05953827460510328,0.8700883957802709,0.7362400055055733,0.7362400055055733,0.7362400055055733,0.7362400055055733,0.7362400055055733,0.7362400055055733,0.7362400055055733,0.7362400055055733,0.7362400055055733,0.7362400055055733,0.7362400055055733,0.7383852795180944,0.7305389886199934,0.7280200229157098,0.7110057503087486,0.6511736760079508,0.5277835561970754,0.3015662104856739,0.08190162444618945,0.6615271141610918,0.9954022988505747,0.9954022988505747,0.9954022988505747,0.9954022988505747,0.9954022988505747,0.9954022988505747,0.9954022988505747,0.9954022988505747,0.9954022988505747,0.9954022988505747,0.9954022988505747,0.9908045977011494,0.9793103448275862,0.9747126436781609,0.9586206896551724,0.8988505747126436,0.7862068965517242,0.5402298850574713,0.11264367816091954,0.9047791893526921,0.9908466819221968,0.9908466819221968,0.9908466819221968,0.9908466819221968,0.9908466819221968,0.9908466819221968,0.9908466819221968,0.9908466819221968,0.9908466819221968,0.9908466819221968,0.9908466819221968,0.9862700228832952,0.9748283752860412,0.9702517162471396,0.954233409610984,0.8947368421052632,0.782608695652174,0.5377574370709383,0.11212814645308924,0.9006383234975309,0.7363952957486445,0.7363952957486445,0.7363952957486445,0.7363952957486445,0.7363952957486445,0.7363952957486445,0.7363952957486445,0.7363952957486445,0.7363952957486445,0.7363952957486445,0.7363952957486445,0.7385468875028041,0.7352029121982175,0.7344062253260366,0.7252122111834343,0.6915177225918914,0.6056369177714207,0.4055136982796558,0.1370551972592789,0.6775494750183068,0.9926496713448214,0.9926496713448214,0.9926496713448214,0.9926496713448214,0.9926496713448214,0.9926496713448214,0.9926496713448214,0.9926496713448214,0.9926496713448214,0.9926496713448214,0.9926496713448214,0.9908308049259325,0.981965930946442,0.9787116428848686,0.9649233624430212,0.9175262124587041,0.8145028073966754,0.5905689532007264,0.17576475155695936,0.9123126763477034,0.8882938160300194,0.8882938160300194,0.8882938160300194,0.8882938160300194,0.8882938160300194,0.8882938160300194,0.8882938160300194,0.8882938160300194,0.8882938160300194,0.8882938160300194,0.8882938160300194,0.889701517443416,0.8927952793729991,0.8938150324106864,0.8965663076610654,0.9043661842419397,0.9151950310884488,0.9322786961069982,0.9608243462901871,0.8977249668918924,0.8560695030112961,0.8560695030112961,0.8560695030112961,0.8560695030112961,0.8560695030112961,0.8560695030112961,0.8560695030112961,0.8560695030112961,0.8560695030112961,0.8560695030112961,0.8560695030112961,0.8553335780976777,0.8458276354290168,0.8423837137473675,0.8255815057944104,0.7650541372461764,0.6441638547518288,0.4036274014829677,0.09605050871792957,0.773409835178507,433.0,433.0,433.0,433.0,433.0,433.0,433.0,433.0,433.0,433.0,433.0,431.0,426.0,424.0,417.0,391.0,342.0,235.0,49.0,393.57894736842104,2.0,2.0,2.0,2.0,2.0,2.0,2.0,2.0,2.0,2.0,2.0,4.0,9.0,11.0,18.0,44.0,93.0,200.0,386.0,41.421052631578945,4.0,4.0,4.0,4.0,4.0,4.0,4.0,4.0,4.0,4.0,4.0,6.0,11.0,13.0,20.0,46.0,95.0,202.0,388.0,43.421052631578945,0.9747126436781609,0.8882938160300194,0.9862068965517241,0.9954022988505747,0.9908466819221968,1.0,0.0,0.0,0.8635200513586171,0.9931192660550459,0.01818181818181818,0.9846000689555493,384.6312223409984,433,2,4,5,3,0,0,3.0,220,0.8394495412844036,0.8413793103448276,0.8375286041189931,366,69,71,437,435,8,3
tagging_002_tagging_aria04_rgb,0.883185289213787,0.8882736007865895,0.784510177011676,0.883185289213787,0.883185289213787,0.881418498270231,0.8805542814495094,0.8780360791669648,0.8681034924391081,0.8672982706418931,0.8632066360246284,0.859162547762237,0.8502915966005087,0.8470705053798118,0.8390692327818526,0.8358881099542015,0.8279909629366,0.804191123386088,0.7588663718004006,0.6645225686219358,0.45857066144552616,0.13737479074785489,0.7835782267282592,0.9827044025157232,0.9827044025157232,0.9764890282131662,0.97339593114241,0.9641744548286605,0.9550387596899225,0.9520123839009288,0.9459876543209876,0.94,0.9281345565749235,0.9251908396946565,0.9164133738601824,0.91350531107739,0.904833836858006,0.8736998514115899,0.8091822094691535,0.6880856760374833,0.45949074074074076,0.12891674127126232,0.85368211337489,0.7937445411731127,0.7937445411731127,0.7956039921048179,0.796567786829615,0.799593219316206,0.7890817686076461,0.7901223796860787,0.7876695780050034,0.7852768973162746,0.7789773520743578,0.7755464173437101,0.7682528403481615,0.7648657581845347,0.757673958221197,0.7402122844453987,0.7116792281274896,0.6417663665822915,0.45765242450715243,0.14638776117763816,0.7197062681696736,0.984251968503937,0.984251968503937,0.9811023622047244,0.9795275590551181,0.9748031496062992,0.9700787401574803,0.968503937007874,0.9653543307086614,0.9622047244094488,0.9559055118110236,0.9543307086614173,0.9496062992125984,0.9480314960629921,0.9433070866141732,0.925984251968504,0.8881889763779528,0.8094488188976378,0.6251968503937008,0.22677165354330708,0.8945710733526729,0.9984025559105432,0.9984025559105432,0.9952076677316294,0.9936102236421726,0.9888178913738019,0.9840255591054313,0.9824281150159745,0.9792332268370607,0.9760383386581469,0.9696485623003195,0.9680511182108626,0.963258785942492,0.9616613418530351,0.9568690095846646,0.939297124600639,0.9009584664536742,0.8210862619808307,0.634185303514377,0.23003194888178913,0.9074323188162099,0.7938534265734266,0.7938534265734266,0.7957433951815974,0.796717671396128,0.7997588033936984,0.793979883752611,0.7950290901510413,0.7941567133247394,0.7933102903643001,0.7903971920446384,0.7884686545577635,0.7844543792304987,0.7825182569368617,0.7785100264232151,0.7694176854891142,0.7562577493428557,0.7133554189001661,0.5714569645300125,0.2441004597254597,0.7439652362048187,0.9984307692307691,0.9984307692307691,0.9955211989722423,0.9942890710575599,0.9914919490848408,0.9866174136010464,0.9859762185321825,0.983855296044395,0.9818912398649187,0.9767816358272607,0.9751459016789883,0.9702403054020028,0.9686127976036671,0.9637257005698976,0.9477271268920262,0.9163679747985454,0.8458799692031138,0.6758407033502845,0.26536386906013737,0.9169573636844554,0.8882736007865895,0.8882736007865895,0.8907586880403328,0.8918755257128487,0.8951049432214766,0.8981034573189787,0.8990347644276476,0.9007136765233802,0.9022521713630289,0.9050578023001803,0.9056926076022148,0.9073042199968696,0.9078117403018616,0.9089239094073334,0.9121909023509309,0.9180128190427769,0.9265542889085872,0.9401635089803699,0.9629717409491083,0.9078459983169003,0.8838804371287389,0.8838804371287389,0.8834981358404475,0.8833233269053583,0.8828623837231248,0.8749122515842042,0.8747780492467775,0.871997843056159,0.8692509077172788,0.8629187357010131,0.8603067836902405,0.8541298124890531,0.8515379198949623,0.8454106777969309,0.8279039307250993,0.7950507185959941,0.7207475476463755,0.5349045282823025,0.18219932672969935,0.8022891449411842,625.0,625.0,623.0,622.0,619.0,616.0,615.0,613.0,611.0,607.0,606.0,603.0,602.0,599.0,588.0,564.0,514.0,397.0,144.0,568.0526315789474,10.0,10.0,12.0,13.0,16.0,19.0,20.0,22.0,24.0,28.0,29.0,32.0,33.0,36.0,47.0,71.0,121.0,238.0,491.0,66.94736842105263,1.0,1.0,3.0,4.0,7.0,10.0,11.0,13.0,15.0,19.0,20.0,23.0,24.0,27.0,38.0,62.0,112.0,229.0,482.0,57.94736842105263,0.9181102362204724,0.905121278110744,0.925984251968504,0.9559055118110236,0.9696485623003195,1.0,0.0,0.0,0.8274151430129475,0.9627279936558287,0.08636363636363636,0.9248835118041951,549.4086158132217,607,28,19,5,3,0,0,9.0,220,0.8215701823949246,0.815748031496063,0.8274760383386581,518,117,108,626,635,6,3
tagging_003_tagging_aria01_rgb,0.5902944492566404,0.905847583014156,0.5347168001258001,0.5902944492566404,0.5902944492566404,0.5902944492566404,0.5902944492566404,0.5902944492566404,0.5880708313832299,0.5880708313832299,0.5880708313832299,0.5880708313832299,0.5815180456390486,0.5762027974267372,0.5747140162569992,0.5722237126478577,0.5645997881288158,0.5478288044142152,0.526686418087574,0.4855045475604858,0.3768134536278052,0.16803516133889027,0.5409411745760291,0.9612983770287141,0.9612983770287141,0.9612983770287141,0.9612983770287141,0.9612983770287141,0.9588528678304239,0.9588528678304239,0.9588528678304239,0.9588528678304239,0.9467162329615861,0.93711467324291,0.9299754299754299,0.9181929181929182,0.8950542822677925,0.8591715976331361,0.8161849710982659,0.7225877192982456,0.5120307988450433,0.18835098335854766,0.8614359454389021,0.3624759441498488,0.3624759441498488,0.3624759441498488,0.3624759441498488,0.3624759441498488,0.36066774614363867,0.36066774614363867,0.36066774614363867,0.36066774614363867,0.35719598505878786,0.35428925962013735,0.3551665881011252,0.35661348593379233,0.35614926052019,0.34930903183098155,0.3398722015484415,0.3262090669501423,0.277304371446383,0.14991063461790785,0.34089845215535197,0.9649122807017544,0.9649122807017544,0.9649122807017544,0.9649122807017544,0.9649122807017544,0.9636591478696742,0.9636591478696742,0.9636591478696742,0.9636591478696742,0.9573934837092731,0.9523809523809523,0.9486215538847118,0.9423558897243107,0.9298245614035088,0.9097744360902256,0.8847117794486216,0.8258145363408521,0.6666666666666666,0.31203007518796994,0.8951985226223456,0.9961190168175937,0.9961190168175937,0.9961190168175937,0.9961190168175937,0.9961190168175937,0.9948253557567918,0.9948253557567918,0.9948253557567918,0.9948253557567918,0.9883570504527813,0.9831824062095731,0.9793014230271668,0.9728331177231565,0.9598965071151359,0.9391979301423027,0.9133247089262613,0.8525226390685641,0.6882276843467011,0.3221216041397154,0.9241506093824471,0.3627725601504084,0.3627725601504084,0.3627725601504084,0.3627725601504084,0.3627725601504084,0.36152689422710277,0.36152689422710277,0.36152689422710277,0.36152689422710277,0.359296320349128,0.3574478900125909,0.35835446040083024,0.3598581506273403,0.360201061388037,0.35598226617821865,0.349573484545061,0.3407898628385895,0.30451467454632275,0.18787471671612593,0.3470454350138262,0.985109328100355,0.985109328100355,0.985109328100355,0.985109328100355,0.985109328100355,0.9837963471659386,0.9837963471659386,0.9837963471659386,0.9837963471659386,0.979959636403713,0.9754072797142199,0.974534196318769,0.971319417967233,0.9644357765393949,0.9497500869736059,0.925966815566554,0.8750710435801663,0.7401840516783038,0.43298465157654464,0.9289655255517912,0.905847583014156,0.905847583014156,0.905847583014156,0.905847583014156,0.905847583014156,0.9066773962392124,0.9066773962392124,0.9066773962392124,0.9066773962392124,0.9096227345882814,0.9116536637672092,0.912969289007579,0.9148171939218918,0.9180176243986408,0.9223052859026014,0.9263501523565074,0.933454671686316,0.9463900715722451,0.9651386768649639,0.9166666770575719,0.5914029844100825,0.5914029844100825,0.5914029844100825,0.5914029844100825,0.5914029844100825,0.5895428507859753,0.5895428507859753,0.5895428507859753,0.5895428507859753,0.5847880885435325,0.5808772180894762,0.5804469663047787,0.5797040786684418,0.5754618405744812,0.563730811163674,0.5483511103454084,0.5190261933405806,0.42996462757331017,0.21627904797113862,0.5523061214615336,770.0,770.0,770.0,770.0,770.0,769.0,769.0,769.0,769.0,764.0,760.0,757.0,752.0,742.0,726.0,706.0,659.0,532.0,249.0,714.3684210526316,28.0,28.0,28.0,28.0,28.0,29.0,29.0,29.0,29.0,34.0,38.0,41.0,46.0,56.0,72.0,92.0,139.0,266.0,549.0,83.63157894736842,3.0,3.0,3.0,3.0,3.0,4.0,4.0,4.0,4.0,9.0,13.0,16.0,21.0,31.0,47.0,67.0,114.0,241.0,524.0,58.63157894736842,0.9335839598997494,0.9100073179267458,0.9511278195488722,0.9598997493734336,0.9909443725743855,1.0,0.0,0.0,0.8472000069321896,0.9751750477402928,0.022508038585209004,0.9496915688775962,697.0656055318873,766,32,7,14,3,0,0,13.0,311,0.48376830044557606,0.47619047619047616,0.49159120310478654,380,418,393,773,798,16,3
tagging_003_tagging_aria02_rgb,0.5722301651799613,0.9310507644577917,0.5327753327366114,0.5722301651799613,0.5722301651799613,0.5722301651799613,0.5717773255219778,0.5717773255219778,0.5717773255219778,0.5711506724465366,0.5701075538684399,0.5692437302382143,0.5686411893743892,0.5670475020607854,0.5659673859814843,0.5659673859814843,0.5648755870080723,0.5577286879943474,0.5499510519288886,0.5356740970356272,0.48506157180454473,0.2658823206635838,0.5457537478153798,0.9821693907875185,0.9821693907875185,0.9821693907875185,0.9792284866468842,0.9792284866468842,0.9792284866468842,0.9762962962962963,0.9733727810650887,0.967551622418879,0.9646539027982327,0.9588839941262849,0.9531478770131772,0.9531478770131772,0.9474452554744526,0.9277456647398844,0.9084406294706724,0.8709677419354839,0.7598944591029023,0.3207920792079208,0.9140280954192452,0.33339194339922706,0.33339194339922706,0.33339194339922706,0.33386417413217934,0.33386417413217934,0.33386417413217934,0.3341332870703921,0.33391381935111053,0.3349055666977445,0.33520084386239457,0.3353303126999836,0.33606441321411673,0.33606441321411673,0.33678402731345797,0.3352872465312026,0.3329289220517576,0.3294573661215915,0.309628166942107,0.2203714275489733,0.326938850800693,0.9850968703427719,0.9850968703427719,0.9850968703427719,0.9836065573770492,0.9836065573770492,0.9836065573770492,0.9821162444113264,0.9806259314456036,0.977645305514158,0.9761549925484352,0.9731743666169895,0.970193740685544,0.970193740685544,0.9672131147540983,0.9567809239940388,0.9463487332339792,0.9254843517138599,0.8584202682563339,0.4828614008941878,0.9407012314691349,0.9969834087481146,0.9969834087481146,0.9969834087481146,0.995475113122172,0.995475113122172,0.995475113122172,0.9939668174962293,0.9924585218702866,0.9894419306184012,0.9879336349924586,0.9849170437405732,0.9819004524886877,0.9819004524886877,0.9788838612368024,0.9683257918552036,0.9577677224736049,0.9366515837104072,0.8687782805429864,0.48868778280542985,0.9520520758910852,0.3334553963955602,0.3334553963955602,0.3334553963955602,0.33392783635730344,0.33392783635730344,0.33392783635730344,0.33420187960923664,0.33405122390448877,0.3350432763899963,0.3353410523844849,0.33553096882874567,0.336274171649986,0.336274171649986,0.3369957524189499,0.3361867094126198,0.3347552120248292,0.3328420445861725,0.31937753976547084,0.2509826139519626,0.3294740165702905,0.9918943240157431,0.9918943240157431,0.9918943240157431,0.9908719416783933,0.9908719416783933,0.9908719416783933,0.9898825862896545,0.9883935066796131,0.9893743811918477,0.9885948000944307,0.9866207661494921,0.983884508204413,0.983884508204413,0.9821039109671744,0.9720451506519909,0.9620868361049401,0.9432532783481049,0.8860387336067882,0.5735132736748093,0.9567355282763201,0.9310507644577917,0.9310507644577917,0.9310507644577917,0.9322280389152905,0.9322280389152905,0.9322280389152905,0.9331615519546873,0.9340065512642793,0.935540760223791,0.9362495508913654,0.937474086675725,0.9385838227913258,0.9385838227913258,0.9393448089029368,0.9415891141677042,0.943532451583605,0.9461277436904196,0.951465895984616,0.9665738971917814,0.9385300246438322,0.573082332688832,0.573082332688832,0.573082332688832,0.5730540907712679,0.5730540907712679,0.5730540907712679,0.5728505293969668,0.5722277082803154,0.5722052560686669,0.5720209587442797,0.5712572666227395,0.5710057706954426,0.5710057706954426,0.5707380555537531,0.5663889489913633,0.5613081717208783,0.5521844229081412,0.5155493129916482,0.32620370357086576,0.5543871129800423,661.0,661.0,661.0,660.0,660.0,660.0,659.0,658.0,656.0,655.0,653.0,651.0,651.0,649.0,642.0,635.0,621.0,576.0,324.0,631.2105263157895,10.0,10.0,10.0,11.0,11.0,11.0,12.0,13.0,15.0,16.0,18.0,20.0,20.0,22.0,29.0,36.0,50.0,95.0,347.0,39.78947368421053,2.0,2.0,2.0,3.0,3.0,3.0,4.0,5.0,7.0,8.0,10.0,12.0,12.0,14.0,21.0,28.0,42.0,87.0,339.0,31.789473684210527,0.9523099850968704,0.9369244835287249,0.9761549925484352,0.9821162444113264,0.9939668174962293,1.0,0.0,0.0,0.8903624957457968,0.9880059970014993,0.012861736334405145,0.9743604769259971,617.4332346454297,659,12,4,16,3,0,0,17.0,311,0.4662668665667166,0.46348733233979134,0.46907993966817496,311,360,352,663,671,18,3
tagging_003_tagging_aria03_rgb,0.7945154172543912,0.8898875595907225,0.7070293857177149,0.7945154172543912,0.7936325983229556,0.7936325983229556,0.7936325983229556,0.7936325983229556,0.7936325983229556,0.7927596638523853,0.7885676687846253,0.7877107437335726,0.7834220706238832,0.7817690918582204,0.7775862242067296,0.771296393315206,0.7635666534538912,0.7491875418816789,0.6931568354676634,0.6036415078521092,0.4468388599440159,0.14355748638139557,0.7181967973802391,0.9833759590792839,0.9808429118773946,0.9808429118773946,0.9808429118773946,0.9808429118773946,0.9808429118773946,0.9783163265306123,0.9657794676806084,0.9632911392405064,0.9509433962264151,0.946047678795483,0.9363295880149812,0.924317617866005,0.9077490774907749,0.8777239709443099,0.7909930715935335,0.6464968152866242,0.4387755102040816,0.12472806381435823,0.8599516969555028,0.6419261549224279,0.6421545116896125,0.6421545116896125,0.6421545116896125,0.6421545116896125,0.6421545116896125,0.6423974205358227,0.6438726324818347,0.644133627433253,0.6454118543502474,0.6460170313645981,0.6457558789292518,0.6436079058132648,0.6422854605133982,0.6394743581024118,0.6074217535023392,0.5636270146828471,0.4550503893510384,0.1652294701440893,0.601946500556573,0.990979381443299,0.9896907216494846,0.9896907216494846,0.9896907216494846,0.9896907216494846,0.9896907216494846,0.9884020618556701,0.9819587628865979,0.9806701030927835,0.9742268041237113,0.9716494845360825,0.9664948453608248,0.9600515463917526,0.9510309278350515,0.9342783505154639,0.8827319587628866,0.7847938144329897,0.6095360824742269,0.22164948453608246,0.90246880086815,0.9922580645161291,0.9909677419354839,0.9909677419354839,0.9909677419354839,0.9909677419354839,0.9909677419354839,0.9896774193548387,0.983225806451613,0.9819354838709677,0.9754838709677419,0.9729032258064516,0.967741935483871,0.9612903225806452,0.952258064516129,0.9354838709677419,0.8838709677419355,0.7858064516129032,0.6103225806451613,0.22193548387096773,0.9036332767402376,0.6472431350017116,0.6474144215482444,0.6474144215482444,0.6474144215482444,0.6474144215482444,0.6474144215482444,0.6475978478378781,0.6491981772737542,0.649397179021113,0.6508152980723418,0.6514948642898262,0.6518364691863674,0.6508131587438438,0.6507452032184512,0.6506005772387207,0.6344224971128306,0.6135470052015796,0.5461357707395033,0.2619547946177464,0.6206775834366786,0.9309213324745087,0.9307340342679128,0.9307340342679128,0.9307340342679128,0.9307340342679128,0.9307340342679128,0.9305706174073036,0.9266749973111735,0.9265295200703603,0.921745375600516,0.919701443725961,0.9145206595066407,0.9114499732580117,0.9058092521226795,0.8954417662257744,0.8537108331025046,0.788746560464176,0.6683444753794997,0.3016562790000623,0.8657628029994072,0.8898875595907225,0.8909406659531083,0.8909406659531083,0.8909406659531083,0.8909406659531083,0.8909406659531083,0.8917101029736366,0.8951399557235881,0.8957373855465873,0.8985433919159419,0.8995707676067368,0.9012851855090136,0.9031664051397046,0.9054193708681909,0.9087225885081646,0.9161519759058872,0.9269940870171495,0.9414449022554243,0.9635060690451879,0.9048412145984986,0.7975810829861143,0.7972040906095282,0.7972040906095282,0.7972040906095282,0.7972040906095282,0.7972040906095282,0.7968355758802259,0.795145504702378,0.7947846191393595,0.7929549345373921,0.7922765398059834,0.7900124861966238,0.7860640974157148,0.7815582751446116,0.7729469894403215,0.7322503631028852,0.665079690541239,0.5266589329475041,0.1913714369690718,0.7369232095714245,769.0,768.0,768.0,768.0,768.0,768.0,767.0,762.0,761.0,756.0,754.0,750.0,745.0,738.0,725.0,685.0,609.0,473.0,172.0,700.3157894736842,7.0,8.0,8.0,8.0,8.0,8.0,9.0,14.0,15.0,20.0,22.0,26.0,31.0,38.0,51.0,91.0,167.0,303.0,604.0,75.6842105263158,6.0,7.0,7.0,7.0,7.0,7.0,8.0,13.0,14.0,19.0,21.0,25.0,30.0,37.0,50.0,90.0,166.0,302.0,603.0,74.6842105263158,0.9420103092783505,0.8985433919159419,0.9497422680412371,0.9742268041237113,0.9754838709677419,1.0,0.0,0.0,0.8431685622273867,0.9748549323017408,0.06109324758842444,0.9487394958113613,679.2988042884521,756,20,19,6,3,0,0,10.0,311,0.7375886524822695,0.7371134020618557,0.7380645161290322,572,204,203,775,776,9,3
tagging_003_tagging_aria04_rgb,0.6085105879026994,0.9076150813993697,0.5522933867716868,0.6085105879026994,0.6074839792104346,0.6074839792104346,0.6064843582687274,0.6064843582687274,0.6055112513686502,0.6055112513686502,0.6055112513686502,0.6045641932492319,0.6009274855205208,0.6009274855205208,0.597424675895877,0.5845343298895328,0.5661827915190455,0.547975896046628,0.5386088162807353,0.5028029782897937,0.3915916350424667,0.18169858249275514,0.5563273624586359,0.9553752535496958,0.951417004048583,0.951417004048583,0.9474747474747475,0.9474747474747475,0.9435483870967742,0.9435483870967742,0.9435483870967742,0.9396378269617707,0.9318637274549099,0.9318637274549099,0.9241516966067864,0.9051383399209486,0.8718446601941747,0.8326996197718631,0.8120300751879699,0.7463768115942029,0.5498392282958199,0.22959183673469388,0.8557284983191963,0.38758083194419657,0.3878812165716762,0.3878812165716762,0.3882143326827119,0.3882143326827119,0.38857983389931255,0.38857983389931255,0.38857983389931255,0.3889773839149252,0.3875178657723739,0.3875178657723739,0.3862095851577023,0.3774896805821375,0.36768356571789296,0.3606073252806008,0.35725210905295873,0.3387174293867764,0.2788888110266508,0.14379594392124007,0.3621141577756075,0.9731404958677686,0.9710743801652892,0.9710743801652892,0.96900826446281,0.96900826446281,0.9669421487603306,0.9669421487603306,0.9669421487603306,0.9648760330578512,0.9607438016528925,0.9607438016528925,0.9566115702479339,0.9462809917355371,0.9276859504132231,0.9049586776859504,0.8925619834710744,0.8512396694214877,0.7066115702479339,0.371900826446281,0.9051761635493694,0.98125,0.9791666666666666,0.9791666666666666,0.9770833333333333,0.9770833333333333,0.975,0.975,0.975,0.9729166666666667,0.96875,0.96875,0.9645833333333333,0.9541666666666667,0.9354166666666667,0.9125,0.9,0.8583333333333333,0.7125,0.375,0.9127192982456139,0.3885610935845283,0.38887242351801726,0.38887242351801726,0.3892115679933301,0.3892115679933301,0.389578705308812,0.389578705308812,0.389578705308812,0.3899740152899885,0.3890562744369408,0.3890562744369408,0.38828513142426935,0.38186449864135064,0.3744882293397726,0.3693742565909287,0.36700796439824335,0.35215485331468505,0.3050698460708823,0.17603454562027163,0.36820163589989113,0.9842434033878128,0.9831460489269358,0.9831460489269358,0.9822080300055072,0.9822080300055072,0.9814303680051901,0.9814303680051901,0.9814303680051901,0.9808140930560991,0.978187382847634,0.978187382847634,0.9740298485806409,0.9637390536233698,0.9459928460174329,0.9288481668496307,0.9168505157200117,0.8822792021279969,0.7608484566117578,0.4656895883361982,0.9281425895729829,0.9076150813993697,0.9094186450515523,0.9094186450515523,0.9109565912490339,0.9109565912490339,0.912297338997915,0.912297338997915,0.912297338997915,0.91337547106534,0.9152120148371631,0.9152120148371631,0.9167061035929953,0.9197798319611078,0.9244838906753597,0.9295155040924327,0.9316785179122101,0.936882907000189,0.9489888294137462,0.9665696227532995,0.9212453831123839,0.6141421683836876,0.6137275551579046,0.6137275551579046,0.6133375063963254,0.6133375063963254,0.6129716303023605,0.6129716303023605,0.6129716303023605,0.6126295415184072,0.6101683272430369,0.6101683272430369,0.60782609165987,0.5976715731162026,0.584033285108243,0.5712571472198837,0.5646854443453748,0.53696341832428,0.4439212325223035,0.23125274135441562,0.5725139111607518,471.0,470.0,470.0,469.0,469.0,468.0,468.0,468.0,467.0,465.0,465.0,463.0,458.0,449.0,438.0,432.0,412.0,342.0,180.0,438.10526315789474,13.0,14.0,14.0,15.0,15.0,16.0,16.0,16.0,17.0,19.0,19.0,21.0,26.0,35.0,46.0,52.0,72.0,142.0,304.0,45.89473684210526,9.0,10.0,10.0,11.0,11.0,12.0,12.0,12.0,13.0,15.0,15.0,17.0,22.0,31.0,42.0,48.0,68.0,138.0,300.0,41.89473684210526,0.9111570247933884,0.9152120148371631,0.9297520661157025,0.9607438016528925,0.96875,1.0,0.0,0.0,0.8296974935935554,0.9647302904564315,0.04823151125401929,0.9277804906829766,425.5735868992808,465,19,15,9,3,0,0,13.0,311,0.533195020746888,0.53099173553719,0.5354166666666667,257,227,223,480,484,12,3
tagging_004_tagging_aria01_rgb,0.834520853088126,0.908758645857527,0.7583780403922336,0.834520853088126,0.834520853088126,0.834520853088126,0.834520853088126,0.834520853088126,0.834520853088126,0.834520853088126,0.834520853088126,0.834520853088126,0.834520853088126,0.834520853088126,0.8276366026795853,0.8176872690256974,0.801478142811481,0.7877560416613436,0.7514013143627776,0.6993936262474653,0.4860496990249017,0.20505157656476936,0.7661149292814425,0.975609756097561,0.975609756097561,0.975609756097561,0.975609756097561,0.975609756097561,0.975609756097561,0.975609756097561,0.975609756097561,0.975609756097561,0.975609756097561,0.975609756097561,0.9636363636363636,0.9459459459459459,0.9228486646884273,0.9002932551319648,0.8461538461538461,0.7802197802197802,0.5,0.18032786885245902,0.8826912127211557,0.7138356805949069,0.7138356805949069,0.7138356805949069,0.7138356805949069,0.7138356805949069,0.7138356805949069,0.7138356805949069,0.7138356805949069,0.7138356805949069,0.7138356805949069,0.7138356805949069,0.7108307365136852,0.7068188967796578,0.6960699386409331,0.6892860494472849,0.6672591961763114,0.626940583713207,0.472488619844395,0.23316500837759507,0.6660553429493181,0.9907120743034056,0.9907120743034056,0.9907120743034056,0.9907120743034056,0.9907120743034056,0.9907120743034056,0.9907120743034056,0.9907120743034056,0.9907120743034056,0.9907120743034056,0.9907120743034056,0.9845201238390093,0.9752321981424149,0.9628482972136223,0.9504643962848297,0.9195046439628483,0.8792569659442725,0.6687306501547987,0.3065015479876161,0.923415349519309,0.9846153846153847,0.9846153846153847,0.9846153846153847,0.9846153846153847,0.9846153846153847,0.9846153846153847,0.9846153846153847,0.9846153846153847,0.9846153846153847,0.9846153846153847,0.9846153846153847,0.9784615384615385,0.9692307692307692,0.9569230769230769,0.9446153846153846,0.9138461538461539,0.8738461538461538,0.6646153846153846,0.3046153846153846,0.9177327935222671,0.718062725541299,0.718062725541299,0.718062725541299,0.718062725541299,0.718062725541299,0.718062725541299,0.718062725541299,0.718062725541299,0.718062725541299,0.718062725541299,0.718062725541299,0.716506407831626,0.7144849225442649,0.7086075540399827,0.7049343330445811,0.6926319412799361,0.6691581154332732,0.5575188763408674,0.3464563554249875,0.6846836045733584,0.9852200610017123,0.9852200610017123,0.9852200610017123,0.9852200610017123,0.9852200610017123,0.9852200610017123,0.9852200610017123,0.9852200610017123,0.9852200610017123,0.9852200610017123,0.9852200610017123,0.9791280572171145,0.9708949215150292,0.959867948113607,0.947758184058185,0.9188575377847851,0.8801575487136373,0.7009879734935841,0.403519983628667,0.9262417276601813,0.908758645857527,0.908758645857527,0.908758645857527,0.908758645857527,0.908758645857527,0.908758645857527,0.908758645857527,0.908758645857527,0.908758645857527,0.908758645857527,0.908758645857527,0.910908363568682,0.9136715992817558,0.9166407406060696,0.9190877411044096,0.9239771269590212,0.9285641000452822,0.9440477757425456,0.9649350405170304,0.9167461890661891,0.8409551877680305,0.8409551877680305,0.8409551877680305,0.8409551877680305,0.8409551877680305,0.8409551877680305,0.8409551877680305,0.8409551877680305,0.8409551877680305,0.8409551877680305,0.8409551877680305,0.8365567313344789,0.8302484847291336,0.8186633955185812,0.8094083325834179,0.7832930036780843,0.742456648877903,0.5621099731718748,0.26733020032214533,0.7842407281928397,320.0,320.0,320.0,320.0,320.0,320.0,320.0,320.0,320.0,320.0,320.0,318.0,315.0,311.0,307.0,297.0,284.0,216.0,99.0,298.2631578947368,3.0,3.0,3.0,3.0,3.0,3.0,3.0,3.0,3.0,3.0,3.0,5.0,8.0,12.0,16.0,26.0,39.0,107.0,224.0,24.736842105263158,5.0,5.0,5.0,5.0,5.0,5.0,5.0,5.0,5.0,5.0,5.0,7.0,10.0,14.0,18.0,28.0,41.0,109.0,226.0,26.736842105263158,0.9628482972136223,0.908758645857527,0.9752321981424149,0.9907120743034056,0.9846153846153847,1.0,0.0,0.0,0.8724543859888813,0.9876543209876543,0.04132231404958678,0.9733682353209661,290.80276667440864,320,3,5,4,3,0,0,8.0,121,0.7870370370370371,0.7894736842105263,0.7846153846153846,255,68,70,325,323,7,3
tagging_004_tagging_aria02_rgb,0.7465787656412239,0.9338828818893662,0.6972171292144319,0.7465787656412239,0.7465787656412239,0.7465787656412239,0.7465787656412239,0.7465787656412239,0.7465787656412239,0.7465787656412239,0.7465787656412239,0.7465787656412239,0.7443395081870187,0.7443395081870187,0.7443395081870187,0.7377168095610561,0.7207529492203494,0.7095632294046921,0.6988620444057813,0.6919913893063,0.5839851851889345,0.3565768433395038,0.7079829403030888,0.9957983193277311,0.9957983193277311,0.9957983193277311,0.9957983193277311,0.9957983193277311,0.9957983193277311,0.9957983193277311,0.9957983193277311,0.9957983193277311,0.9874476987447699,0.9874476987447699,0.9874476987447699,0.9791666666666666,0.9628099173553719,0.9467213114754098,0.9230769230769231,0.9,0.7025089605734767,0.35714285714285715,0.9313660319197157,0.5597316670334046,0.5597316670334046,0.5597316670334046,0.5597316670334046,0.5597316670334046,0.5597316670334046,0.5597316670334046,0.5597316670334046,0.5597316670334046,0.5610842013732804,0.5610842013732804,0.5610842013732804,0.5558053696431765,0.5395507508239452,0.5318143474963836,0.5291088368702805,0.5320578698600702,0.48545814453634195,0.3560117265767021,0.539507613327757,1.0,1.0,1.0,1.0,1.0,1.0,1.0,1.0,1.0,0.9957805907172996,0.9957805907172996,0.9957805907172996,0.9915611814345991,0.9831223628691983,0.9746835443037974,0.9620253164556962,0.9493670886075949,0.8270042194092827,0.5274261603375527,0.9580279813457694,0.9957983193277311,0.9957983193277311,0.9957983193277311,0.9957983193277311,0.9957983193277311,0.9957983193277311,0.9957983193277311,0.9957983193277311,0.9957983193277311,0.9915966386554622,0.9915966386554622,0.9915966386554622,0.9873949579831933,0.9789915966386554,0.9705882352941176,0.957983193277311,0.9453781512605042,0.8235294117647058,0.5252100840336135,0.9540026536930561,0.5617444038837859,0.5617444038837859,0.5617444038837859,0.5617444038837859,0.5617444038837859,0.5617444038837859,0.5617444038837859,0.5617444038837859,0.5617444038837859,0.5631546951601977,0.5631546951601977,0.5631546951601977,0.5596923253770374,0.5496043645730965,0.5449206442581478,0.5435767208466837,0.5471163380432785,0.5201315727967457,0.4355486806561284,0.5497765456308307,0.9958667011108241,0.9958667011108241,0.9958667011108241,0.9958667011108241,0.9958667011108241,0.9958667011108241,0.9958667011108241,0.9958667011108241,0.9958667011108241,0.9920356278104462,0.9920356278104462,0.9920356278104462,0.9880069474598349,0.9795554814317989,0.9712231141641261,0.9590477377171025,0.948935569987193,0.8525138336069147,0.6408623617334597,0.9620553810278519,0.9338828818893662,0.9338828818893662,0.9338828818893662,0.9338828818893662,0.9338828818893662,0.9338828818893662,0.9338828818893662,0.9338828818893662,0.9338828818893662,0.9358047252223713,0.9358047252223713,0.9358047252223713,0.9372108974737798,0.9395642270024047,0.9413936096403477,0.9436294711733128,0.9451537812994754,0.9546021536261649,0.9669943539842772,0.9389951898353248,0.7481521683677756,0.7481521683677756,0.7481521683677756,0.7481521683677756,0.7481521683677756,0.7481521683677756,0.7481521683677756,0.7481521683677756,0.7481521683677756,0.7474735831356379,0.7474735831356379,0.7474735831356379,0.7423712204625676,0.7283161463525898,0.7199657583033977,0.7134536398601082,0.7107167022659686,0.6336212858468031,0.4333242411676188,0.7188189083671551,237.0,237.0,237.0,237.0,237.0,237.0,237.0,237.0,237.0,236.0,236.0,236.0,235.0,233.0,231.0,228.0,225.0,196.0,125.0,227.05263157894737,0.0,0.0,0.0,0.0,0.0,0.0,0.0,0.0,0.0,1.0,1.0,1.0,2.0,4.0,6.0,9.0,12.0,41.0,112.0,9.947368421052632,1.0,1.0,1.0,1.0,1.0,1.0,1.0,1.0,1.0,2.0,2.0,2.0,3.0,5.0,7.0,10.0,13.0,42.0,113.0,10.947368421052632,0.9662447257383966,0.9358047252223713,0.9873417721518988,0.9957805907172996,0.9915966386554622,1.0,0.0,0.0,0.9023203170990702,0.9936842105263158,0.01652892561983471,0.9843925316272741,220.84991515247964,236,1,2,5,3,0,0,5.0,121,0.6484210526315789,0.6497890295358649,0.6470588235294118,154,83,84,238,237,8,3
tagging_004_tagging_aria03_rgb,0.6923237887682865,0.8712967417729954,0.6032194614057436,0.6923237887682865,0.6923237887682865,0.6923237887682865,0.6923237887682865,0.6923237887682865,0.6923237887682865,0.6923237887682865,0.6923237887682865,0.6923237887682865,0.6923237887682865,0.6923237887682865,0.6899107411166847,0.6805727737240623,0.6592925366748967,0.6128390093753624,0.5291232428381671,0.3884304077755934,0.18488811997902171,0.04093126213634261,0.6000815668458571,0.9769230769230769,0.9769230769230769,0.9769230769230769,0.9769230769230769,0.9769230769230769,0.9769230769230769,0.9769230769230769,0.9769230769230769,0.9769230769230769,0.9769230769230769,0.9769230769230769,0.9693486590038314,0.9543726235741445,0.917910447761194,0.8357142857142857,0.7190635451505016,0.5207100591715976,0.2567237163814181,0.04897959183673469,0.8404724618288185,0.49063456460064375,0.49063456460064375,0.49063456460064375,0.49063456460064375,0.49063456460064375,0.49063456460064375,0.49063456460064375,0.49063456460064375,0.49063456460064375,0.49063456460064375,0.49063456460064375,0.4910274814815542,0.4853233306293384,0.4735392760539795,0.44940197604875703,0.3893555833830782,0.2897546898263253,0.1331533268184309,0.034205434493177374,0.4285653320706169,0.9769230769230769,0.9769230769230769,0.9769230769230769,0.9769230769230769,0.9769230769230769,0.9769230769230769,0.9769230769230769,0.9769230769230769,0.9769230769230769,0.9769230769230769,0.9769230769230769,0.9730769230769231,0.9653846153846154,0.9461538461538461,0.9,0.8269230769230769,0.676923076923077,0.40384615384615385,0.09230769230769231,0.8700404858299595,1.0,1.0,1.0,1.0,1.0,1.0,1.0,1.0,1.0,1.0,1.0,0.9960629921259843,0.9881889763779528,0.968503937007874,0.9212598425196851,0.8464566929133859,0.6929133858267716,0.41338582677165353,0.09448818897637795,0.8905926232905096,0.4917512297699957,0.4917512297699957,0.4917512297699957,0.4917512297699957,0.4917512297699957,0.4917512297699957,0.4917512297699957,0.4917512297699957,0.4917512297699957,0.4917512297699957,0.4917512297699957,0.4922687257680271,0.4884915815058205,0.48046680389509905,0.4650521656070443,0.42283410357498313,0.34021230292978827,0.17109095763463641,0.04188087454257768,0.4374505812067331,0.9663167104111986,0.9663167104111986,0.9663167104111986,0.9663167104111986,0.9663167104111986,0.9663167104111986,0.9663167104111986,0.9663167104111986,0.9663167104111986,0.9663167104111986,0.9663167104111986,0.9624505928853755,0.9543529489170653,0.9352146291997472,0.8896664012310883,0.8131029690727544,0.6746135225779806,0.43303122889622014,0.2617157332893744,0.871243781083831,0.8712967417729954,0.8712967417729954,0.8712967417729954,0.8712967417729954,0.8712967417729954,0.8712967417729954,0.8712967417729954,0.8712967417729954,0.8712967417729954,0.8712967417729954,0.8712967417729954,0.8724900112762388,0.874408297073925,0.8783123029841265,0.885943559806498,0.8955944900187454,0.9103946218057742,0.9328030374253914,0.9653134643188519,0.8841854707480264,0.6923237887682865,0.6923237887682865,0.6923237887682865,0.6923237887682865,0.6923237887682865,0.6923237887682865,0.6923237887682865,0.6923237887682865,0.6923237887682865,0.6923237887682865,0.6923237887682865,0.6912362192668159,0.6844878938862136,0.6693586537450461,0.635973095691855,0.5674214633130427,0.4428788053069687,0.23189104964927656,0.056190966555551815,0.6102631486245221,254.0,254.0,254.0,254.0,254.0,254.0,254.0,254.0,254.0,254.0,254.0,253.0,251.0,246.0,234.0,215.0,176.0,105.0,24.0,226.21052631578948,6.0,6.0,6.0,6.0,6.0,6.0,6.0,6.0,6.0,6.0,6.0,7.0,9.0,14.0,26.0,45.0,84.0,155.0,236.0,33.78947368421053,0.0,0.0,0.0,0.0,0.0,0.0,0.0,0.0,0.0,0.0,0.0,1.0,3.0,8.0,20.0,39.0,78.0,149.0,230.0,27.789473684210527,0.9538461538461539,0.8712967417729954,0.9769230769230769,0.9769230769230769,1.0,1.0,0.0,0.0,0.8281129708090033,0.9883268482490273,0.0,0.9739301874985244,221.30937241034084,254,6,0,6,3,0,0,8.0,121,0.6303501945525292,0.6230769230769231,0.6377952755905512,162,98,92,254,260,8,3
tagging_004_tagging_aria04_rgb,0.7724838685197888,0.8809609336543155,0.6805281100440906,0.7724838685197888,0.7694107564069966,0.7694107564069966,0.7624716933823463,0.7624716933823463,0.7587728685097282,0.7587728685097282,0.7553219503233204,0.7553219503233204,0.7553219503233204,0.7536476625669567,0.7519573127206374,0.7317488548281259,0.7285971036192896,0.7091277715813583,0.6916074497848518,0.6264912969278417,0.4328015519756347,0.15286657103399848,0.694663470059294,0.8982300884955752,0.8898678414096917,0.8898678414096917,0.8733624454148472,0.8733624454148472,0.8652173913043478,0.8652173913043478,0.8571428571428571,0.8571428571428571,0.8571428571428571,0.8491379310344828,0.8412017167381974,0.8177966101694916,0.810126582278481,0.7581967213114754,0.7228915662650602,0.6188679245283019,0.3973941368078176,0.13192612137203166,0.7723207014045927,0.6643412804426869,0.6652593615889929,0.6652593615889929,0.6656607302746975,0.6656607302746975,0.6654238250095011,0.6654238250095011,0.6655964567469286,0.6655964567469286,0.6655964567469286,0.6688958042431059,0.6721809869178158,0.6547549597097232,0.6552725845748596,0.6632344644779357,0.6616771960271036,0.6342085759663245,0.471363731979533,0.17713086913086915,0.626975666181954,0.9144144144144144,0.9099099099099099,0.9099099099099099,0.9009009009009009,0.9009009009009009,0.8963963963963963,0.8963963963963963,0.8918918918918919,0.8918918918918919,0.8918918918918919,0.8873873873873874,0.8828828828828829,0.8693693693693694,0.8648648648648649,0.8333333333333334,0.8108108108108109,0.7387387387387387,0.5495495495495496,0.22522522522522523,0.8245614035087719,0.9806763285024155,0.9758454106280193,0.9758454106280193,0.966183574879227,0.966183574879227,0.961352657004831,0.961352657004831,0.9565217391304348,0.9565217391304348,0.9565217391304348,0.9516908212560387,0.9468599033816425,0.9323671497584541,0.927536231884058,0.893719806763285,0.8695652173913043,0.7922705314009661,0.5893719806763285,0.24154589371980675,0.8843122298499874,0.6654078075584428,0.6664611552248342,0.6664611552248342,0.6675063335787021,0.6675063335787021,0.6676394023855013,0.6676394023855013,0.6680328155806625,0.6680328155806625,0.6680328155806625,0.671293687610813,0.6745878338453527,0.6648118607145058,0.6654699353095735,0.676863790548001,0.6792801326353958,0.6712971025551256,0.570547438612581,0.2748995215311005,0.6432511231600502,0.9761273209549071,0.9727722772277227,0.9727722772277227,0.9649725274725275,0.9649725274725275,0.9608481970291014,0.9608481970291014,0.9574037074037074,0.9574037074037074,0.9574037074037074,0.9620683884643275,0.9644258802422068,0.9511852568847387,0.9483268467643468,0.9283000033000032,0.9116359720526387,0.8656295601417552,0.7043655797754159,0.33333333333333326,0.9060418561886051,0.8809609336543155,0.8849456131359886,0.8849456131359886,0.8920541945348086,0.8920541945348086,0.8952648628782673,0.8952648628782673,0.8978109263899411,0.8978109263899411,0.8978109263899411,0.8997178666377349,0.9012960086810214,0.9055525773075147,0.9066281520865987,0.9129954758804862,0.9167547764878645,0.9253554494136728,0.9417081313073704,0.9664513195030259,0.905020147959345,0.7794121136647298,0.7780270469399921,0.7780270469399921,0.7743993489142579,0.7743993489142579,0.7723234547874505,0.7723234547874505,0.7704804235310316,0.7704804235310316,0.7704804235310316,0.7704347475040797,0.7703616602278845,0.7544692879198655,0.752809561116214,0.7434348573109458,0.7324582061836428,0.6844811491243964,0.508957489957017,0.19973567506667378,0.7188155642079972,203.0,202.0,202.0,200.0,200.0,199.0,199.0,198.0,198.0,198.0,197.0,196.0,193.0,192.0,185.0,180.0,164.0,122.0,50.0,183.05263157894737,19.0,20.0,20.0,22.0,22.0,23.0,23.0,24.0,24.0,24.0,25.0,26.0,29.0,30.0,37.0,42.0,58.0,100.0,172.0,38.94736842105263,4.0,5.0,5.0,7.0,7.0,8.0,8.0,9.0,9.0,9.0,10.0,11.0,14.0,15.0,22.0,27.0,43.0,85.0,157.0,23.94736842105263,0.8198198198198198,0.8978109263899411,0.8513513513513513,0.8918918918918919,0.9565217391304348,0.6666666666666666,0.3333333333333333,0.0,0.7286782136270646,0.9230769230769231,0.0743801652892562,0.8475446034233592,177.76656342520835,198,24,9,7,2,1,0,9.0,121,0.7505827505827506,0.7252252252252253,0.7777777777777778,161,61,46,207,222,9,3
tagging_005_tagging_aria01_rgb,0.4533920159645626,0.9087681074987957,0.41202820430317927,0.4533920159645626,0.4533920159645626,0.4527559897773118,0.45215611877793993,0.45215611877793993,0.45215611877793993,0.4510457577197516,0.4507250272093641,0.4500977395195168,0.4475071622769399,0.4461142943061543,0.44513701211382306,0.4397983004512155,0.435861171577552,0.4217849218758425,0.4004281274981616,0.3655949212253869,0.2828515503611537,0.11563220229526801,0.41413613507738883,0.9763928234183191,0.9763928234183191,0.9745283018867924,0.9726672950047125,0.9726672950047125,0.9726672950047125,0.9708097928436912,0.9689557855126999,0.9671052631578947,0.9597378277153558,0.9560747663551402,0.9524253731343284,0.937962962962963,0.9254829806807727,0.8872858431018936,0.8343558282208589,0.7398171238570241,0.5538233110616184,0.19123505976095617,0.8784414606369877,0.21053444393490753,0.21053444393490753,0.21034585232912612,0.21019022310947547,0.21019022310947547,0.21019022310947547,0.20955935658731126,0.2096618371966151,0.20947872257365976,0.2086639231110461,0.2081615063882478,0.20804460395835714,0.20621554658061184,0.20527115555297754,0.2005019258504958,0.19217542428341533,0.18066579174183547,0.14445942946740087,0.06991817412752291,0.19551383194457184,0.9847619047619047,0.9847619047619047,0.9838095238095238,0.9828571428571429,0.9828571428571429,0.9828571428571429,0.981904761904762,0.9809523809523809,0.98,0.9761904761904762,0.9742857142857143,0.9723809523809523,0.9647619047619047,0.9580952380952381,0.9371428571428572,0.9066666666666666,0.8476190476190476,0.7104761904761905,0.32,0.9164411027568923,0.9913710450623202,0.9913710450623202,0.9904122722914669,0.9894534995206136,0.9894534995206136,0.9894534995206136,0.9884947267497604,0.987535953978907,0.9865771812080537,0.9827420901246404,0.9808245445829339,0.9789069990412272,0.9712368168744008,0.9645254074784276,0.9434324065196549,0.912751677852349,0.8533077660594439,0.7152444870565676,0.3221476510067114,0.9225917141847909,0.22446651510964857,0.22446651510964857,0.22432331151020646,0.22420902992759825,0.22420902992759825,0.22420902992759825,0.2237063963558265,0.2238249826629681,0.22368566048868527,0.22309434061873085,0.22272751737102908,0.2226789636253397,0.22086963762216724,0.2198241624387872,0.21485255566334074,0.20696237301738882,0.1953253137312126,0.1607644631396307,0.0831115886221913,0.20985849404576823,0.8835263999330079,0.8835263999330079,0.8824853760127213,0.8814192197678794,0.8814192197678794,0.8814192197678794,0.8804320174532008,0.8793936019361651,0.8783711400825411,0.8743344944258608,0.8725069792104044,0.8706837590530003,0.8655703760884632,0.8617473261409194,0.8506202799430725,0.8325945251344493,0.7972227236980589,0.6871197791606769,0.35495611854286446,0.8315446818974764,0.9087681074987957,0.9087681074987957,0.9095381583882991,0.9102334896818496,0.9102334896818496,0.9102334896818496,0.9108158518279375,0.9113476358719607,0.9118286533550987,0.91355430326315,0.9143034716604256,0.9149690586185196,0.9172225309641288,0.9188548862160318,0.9231848804182637,0.9279682482460606,0.9350666311546891,0.9456536685154153,0.9651872281150278,0.9193543100346393,0.4553309785500301,0.4553309785500301,0.45490686169283706,0.4545183848227533,0.4545183848227533,0.4545183848227533,0.4536158398190907,0.453506646470446,0.4530884550749297,0.4513266383292094,0.4503429603516239,0.44977617782041923,0.44603688581845824,0.44347414428985,0.43347312218196293,0.41741951481728373,0.3913256525370599,0.32036695386129155,0.14957879435537422,0.42328714520990296,1034.0,1034.0,1033.0,1032.0,1032.0,1032.0,1031.0,1030.0,1029.0,1025.0,1023.0,1021.0,1013.0,1006.0,984.0,952.0,890.0,746.0,336.0,962.2631578947369,16.0,16.0,17.0,18.0,18.0,18.0,19.0,20.0,21.0,25.0,27.0,29.0,37.0,44.0,66.0,98.0,160.0,304.0,714.0,87.73684210526316,9.0,9.0,10.0,11.0,11.0,11.0,12.0,13.0,14.0,18.0,20.0,22.0,30.0,37.0,59.0,91.0,153.0,297.0,707.0,80.73684210526316,0.9438095238095238,0.9135722326410979,0.959047619047619,0.9761904761904762,0.9827420901246404,1.0,0.0,0.0,0.8594395604353574,0.9794553272814143,0.04081632653061224,0.9579008381117563,936.4115384571253,1025,25,18,16,3,0,0,24.0,441,0.2952699474438605,0.29428571428571426,0.2962607861936721,309,741,734,1043,1050,17,3
tagging_005_tagging_aria02_rgb,0.672651255473822,0.921421280960937,0.6197951814586715,0.672651255473822,0.672651255473822,0.672651255473822,0.672651255473822,0.672651255473822,0.672651255473822,0.672651255473822,0.672651255473822,0.6703796003765476,0.6684583904814916,0.6673478937039848,0.6668648958441485,0.663189519951516,0.6546080794877533,0.6459723909136917,0.6297643761498088,0.5924232121536923,0.5050985314014823,0.21340009925368825,0.6294061596583359,0.9857142857142858,0.9857142857142858,0.9857142857142858,0.9857142857142858,0.9857142857142858,0.9857142857142858,0.9857142857142858,0.9857142857142858,0.9809976247030879,0.976303317535545,0.9739644970414201,0.9716312056737588,0.9623529411764706,0.9440559440559441,0.9238754325259516,0.8868778280542986,0.8051948051948052,0.6209912536443148,0.24107142857142858,0.9038437138890163,0.45901709861355977,0.45901709861355977,0.45901709861355977,0.45901709861355977,0.45901709861355977,0.45901709861355977,0.45901709861355977,0.45901709861355977,0.4581140639734366,0.457682168829502,0.45725815733938957,0.4576929875372338,0.45702602502138606,0.4539050258924608,0.4516629787220043,0.4471903084300312,0.4358762128545871,0.41083433128361235,0.1889050172031929,0.4393833718944903,0.9916167664670659,0.9916167664670659,0.9916167664670659,0.9916167664670659,0.9916167664670659,0.9916167664670659,0.9916167664670659,0.9916167664670659,0.9892215568862276,0.9868263473053892,0.98562874251497,0.9844311377245509,0.9796407185628743,0.9700598802395209,0.9592814371257485,0.9389221556886228,0.8910179640718563,0.7652694610778443,0.38802395209580837,0.9353293413173653,0.9939975990396158,0.9939975990396158,0.9939975990396158,0.9939975990396158,0.9939975990396158,0.9939975990396158,0.9939975990396158,0.9939975990396158,0.9915966386554622,0.9891956782713085,0.9879951980792316,0.9867947178871549,0.9819927971188476,0.9723889555822329,0.9615846338535414,0.9411764705882353,0.8931572629051621,0.7671068427370948,0.38895558223289317,0.9375750300120049,0.45945137133189096,0.45945137133189096,0.45945137133189096,0.45945137133189096,0.45945137133189096,0.45945137133189096,0.45945137133189096,0.45945137133189096,0.4588440371854022,0.45859669828645555,0.4583079194481122,0.4587460910762468,0.45854537947249274,0.456614616703073,0.455275149148071,0.452436320079684,0.44523882683467864,0.4308092237475879,0.2440930445006726,0.4449009619546108,0.9941846262387293,0.9941846262387293,0.9941846262387293,0.9941846262387293,0.9941846262387293,0.9941846262387293,0.9941846262387293,0.9941846262387293,0.9918121290285906,0.9894446509078978,0.9882956590680958,0.9873690114513903,0.9827739591047998,0.9740558725964227,0.9644489324012001,0.9475143075701625,0.9112439405972051,0.8405160230386045,0.4700258656701525,0.947419861123387,0.921421280960937,0.921421280960937,0.921421280960937,0.921421280960937,0.921421280960937,0.921421280960937,0.921421280960937,0.921421280960937,0.9226051812626878,0.9236826548802491,0.9241421034383536,0.9245587934131461,0.9260140708571061,0.9284428797905631,0.9306684363777633,0.9340420973582964,0.9396304295704729,0.9491693893926642,0.9668286308340042,0.928481837624358,0.6746621755221441,0.6746621755221441,0.6746621755221441,0.6746621755221441,0.6746621755221441,0.6746621755221441,0.6746621755221441,0.6746621755221441,0.6731837101380869,0.6720512055586434,0.6713320956301246,0.6712430472264334,0.6691197976101774,0.663562397259939,0.6582339335866396,0.6479790802133855,0.6231962257307447,0.5607129098689334,0.27073912045714704,0.6409816277609162,828.0,828.0,828.0,828.0,828.0,828.0,828.0,828.0,826.0,824.0,823.0,822.0,818.0,810.0,801.0,784.0,744.0,639.0,324.0,781.0,7.0,7.0,7.0,7.0,7.0,7.0,7.0,7.0,9.0,11.0,12.0,13.0,17.0,25.0,34.0,51.0,91.0,196.0,511.0,54.0,5.0,5.0,5.0,5.0,5.0,5.0,5.0,5.0,7.0,9.0,10.0,11.0,15.0,23.0,32.0,49.0,89.0,194.0,509.0,52.0,0.9652694610778443,0.9236826548802491,0.9760479041916168,0.9868263473053892,0.9891956782713085,1.0,0.0,0.0,0.8899574941572758,0.988009592326139,0.02040816326530612,0.9749050987910907,761.1145076213253,824,11,9,9,3,0,0,11.0,441,0.5719424460431655,0.5712574850299401,0.5726290516206483,477,358,356,833,835,12,3
tagging_005_tagging_aria03_rgb,0.5206188586623784,0.898635722592424,0.4678467042493095,0.5206188586623784,0.5206188586623784,0.5206188586623784,0.5206188586623784,0.5206188586623784,0.5206188586623784,0.520286699967032,0.5190946341194944,0.5169364374241896,0.5151137055226337,0.513904623034965,0.5132702264738159,0.5116257720408045,0.5053591684357278,0.4884896953546026,0.46078778198403236,0.3830584499140938,0.27927106509869754,0.10724485681541451,0.47148190885051444,0.9769417475728155,0.9769417475728155,0.9769417475728155,0.9769417475728155,0.9769417475728155,0.9769417475728155,0.9745454545454545,0.9721549636803875,0.9650180940892642,0.9602888086642599,0.9579326923076923,0.9555822328931572,0.946236559139785,0.925531914893617,0.8832369942196532,0.8201117318435754,0.6571719226856562,0.4505788067675868,0.1496118560338744,0.8673501324842556,0.27744130770163,0.27744130770163,0.27744130770163,0.27744130770163,0.27744130770163,0.27744130770163,0.2777687268459355,0.2771772497581374,0.27691012424902256,0.276314924451055,0.27569573906125755,0.2756919460367761,0.2766337107650055,0.27593633997095096,0.2701677851236939,0.2588981132466742,0.2232806530305392,0.17309364450776354,0.07687532003315736,0.2567943222784078,0.9841075794621027,0.9841075794621027,0.9841075794621027,0.9841075794621027,0.9841075794621027,0.9841075794621027,0.9828850855745721,0.9816625916870416,0.9779951100244498,0.9755501222493888,0.9743276283618582,0.9731051344743277,0.9682151589242054,0.9572127139364304,0.9339853300733496,0.8973105134474327,0.7897310513447433,0.6185819070904646,0.2591687041564792,0.9049671856903874,0.9926017262638718,0.9926017262638718,0.9926017262638718,0.9926017262638718,0.9926017262638718,0.9926017262638718,0.9913686806411838,0.9901356350184957,0.9864364981504316,0.9839704069050554,0.9827373612823674,0.9815043156596794,0.9765721331689272,0.9654747225647349,0.9420468557336621,0.905055487053021,0.7965474722564735,0.623921085080148,0.26140567200986436,0.9127782464793303,0.27842597953312187,0.27842597953312187,0.27842597953312187,0.27842597953312187,0.27842597953312187,0.27842597953312187,0.278754663206734,0.2782939277780193,0.27814013612290284,0.277694144856148,0.27721175085701877,0.2772290318371764,0.278192380691244,0.27784804366666094,0.2734215592702723,0.26476103320057526,0.23577557522850268,0.19040959709966565,0.09258248707845158,0.26057211621537385,0.98168919272221,0.98168919272221,0.98168919272221,0.98168919272221,0.98168919272221,0.98168919272221,0.9808372306899407,0.979578865662374,0.9758526362420552,0.9733952637092252,0.9721241329403704,0.970961023580153,0.9696112073473196,0.9629838047489553,0.9415430271690512,0.9076602773669583,0.8148767100994458,0.6729308106529369,0.342026928014172,0.9133956355029585,0.898635722592424,0.898635722592424,0.898635722592424,0.898635722592424,0.898635722592424,0.898635722592424,0.8993278852760753,0.8999563597246086,0.9017257941660136,0.9027782416528115,0.9032467398692011,0.9036543311608333,0.9051187020433595,0.9077191838585875,0.912190566753797,0.9174877088111449,0.9294186391464676,0.9433408489941314,0.9647036970415654,0.9096043702133232,0.5225247302903965,0.5225247302903965,0.5225247302903965,0.5225247302903965,0.5225247302903965,0.5225247302903965,0.5225081232439428,0.5216268180934139,0.5204005644038128,0.5191907725755123,0.5182836825417377,0.5179548708349079,0.5175335276406084,0.5139355726715942,0.5023273314920651,0.4819875505943539,0.4199186407659805,0.3272194931920336,0.14115125601498563,0.4820624518845961,805.0,805.0,805.0,805.0,805.0,805.0,804.0,803.0,800.0,798.0,797.0,796.0,792.0,783.0,764.0,734.0,646.0,506.0,212.0,740.2631578947369,13.0,13.0,13.0,13.0,13.0,13.0,14.0,15.0,18.0,20.0,21.0,22.0,26.0,35.0,54.0,84.0,172.0,312.0,606.0,77.73684210526316,6.0,6.0,6.0,6.0,6.0,6.0,7.0,8.0,11.0,13.0,14.0,15.0,19.0,28.0,47.0,77.0,165.0,305.0,599.0,70.73684210526316,0.941320293398533,0.9027782416528115,0.9596577017114915,0.9755501222493888,0.9839704069050554,1.0,0.0,0.0,0.8464755951576327,0.9797421731123389,0.02947845804988662,0.9582199373361177,720.4170368389435,798,20,13,15,3,0,0,19.0,441,0.3720073664825046,0.3704156479217604,0.37361282367447596,303,515,508,811,818,17,3
tagging_005_tagging_aria04_rgb,0.5768186482323352,0.892626706493067,0.5148837302154123,0.5768186482323352,0.5768186482323352,0.5768186482323352,0.5760764568947578,0.5757924910162883,0.5757924910162883,0.5746962102053712,0.5730190374228529,0.5718450271053729,0.5663197030723012,0.5642274825762505,0.5603344545465864,0.5509304603419466,0.5444141098148816,0.528001987567829,0.5127214714954225,0.471655674911007,0.3613767996143501,0.12710605298638772,0.5244613608044684,0.9783737024221453,0.9783737024221453,0.9783737024221453,0.9766637856525497,0.9749568221070811,0.9749568221070811,0.971551724137931,0.9664660361134996,0.9630901287553648,0.9447278911564626,0.938135593220339,0.9283305227655987,0.9058333333333334,0.886963696369637,0.8443548387096774,0.7965435978004713,0.6903178122690318,0.47453255963894264,0.13442460317460317,0.8582616249777917,0.3400743009801563,0.3400743009801563,0.3400743009801563,0.3397935800053091,0.3400530004951637,0.3400530004951637,0.33994662951936366,0.33974377265178113,0.3395390787025789,0.33948188583201594,0.3393460970833903,0.338214346347953,0.33507750373422907,0.33415879835741613,0.3301764685823462,0.3300300298167505,0.3222560271834046,0.2752038582955709,0.12018595051973896,0.3222885752927707,0.9792207792207792,0.9792207792207792,0.9792207792207792,0.9783549783549783,0.9774891774891775,0.9774891774891775,0.9757575757575757,0.9731601731601731,0.9714285714285714,0.9619047619047619,0.9584415584415584,0.9532467532467532,0.9411255411255411,0.9307359307359307,0.9064935064935065,0.8779220779220779,0.8086580086580086,0.6372294372294373,0.23463203463203464,0.8948279790385052,0.9991166077738516,0.9991166077738516,0.9991166077738516,0.9982332155477032,0.9973498233215548,0.9973498233215548,0.9955830388692579,0.9929328621908127,0.991166077738516,0.9814487632508834,0.9779151943462897,0.9726148409893993,0.9602473498233216,0.9496466431095406,0.9249116607773852,0.8957597173144877,0.8250883392226148,0.6501766784452296,0.2393992932862191,0.9130091128882277,0.3441527399263259,0.3441527399263259,0.3441527399263259,0.34394805423570096,0.3442115692275103,0.3442115692275103,0.3441079315725378,0.34402457069322784,0.3439083806924576,0.34416770056412327,0.3441962098325315,0.34339602971202043,0.34100975310762566,0.34046584741785246,0.337871313821456,0.338321631473358,0.33394613078090407,0.3014993821293981,0.16382861137283125,0.3308196266126328,0.9413328376243146,0.9413328376243146,0.9413328376243146,0.9404037954961256,0.9395759866347404,0.9395759866347404,0.9384098426656671,0.9357843956581163,0.9340624070526238,0.9253491072362291,0.9225933584556463,0.9173861073080749,0.9061861258589198,0.8965121146564162,0.8797161504591146,0.8599098094469083,0.8126642666592834,0.6895304582121407,0.3109673589009619,0.8722434623267711,0.892626706493067,0.892626706493067,0.892626706493067,0.8932620994362448,0.8938588306749284,0.8938588306749284,0.8948579286813938,0.8962406552918109,0.8970964371845235,0.9012211410394946,0.902509394634925,0.9043489601940877,0.9079858112603598,0.910607188546186,0.9155906438906867,0.9201179908385247,0.9279825445574884,0.9412792401748858,0.9650027174684715,0.9075631860014812,0.5770682992495346,0.5770682992495346,0.5770682992495346,0.5765750086599789,0.5765397885287228,0.5765397885287228,0.5759387980565062,0.5750000944555556,0.5743152115069037,0.5714448727237168,0.5703011503930753,0.5678043039266778,0.5615603235814224,0.5576859333018809,0.5470857563187458,0.5382756260071665,0.5104849823649792,0.41876962610134044,0.16792699039949294,0.5367080606633416,1131.0,1131.0,1131.0,1130.0,1129.0,1129.0,1127.0,1124.0,1122.0,1111.0,1107.0,1101.0,1087.0,1075.0,1047.0,1014.0,934.0,736.0,271.0,1033.5263157894738,24.0,24.0,24.0,25.0,26.0,26.0,28.0,31.0,33.0,44.0,48.0,54.0,68.0,80.0,108.0,141.0,221.0,419.0,884.0,121.47368421052632,1.0,1.0,1.0,2.0,3.0,3.0,5.0,8.0,10.0,21.0,25.0,31.0,45.0,57.0,85.0,118.0,198.0,396.0,861.0,98.47368421052632,0.9497835497835497,0.9007069391593381,0.9627705627705627,0.9714285714285714,0.991166077738516,1.0,0.0,0.0,0.8533274335383353,0.9811980760822038,0.022675736961451247,0.9617523019402114,1010.5931857367773,1122,33,10,15,3,0,0,18.0,441,0.4486226497595103,0.44415584415584414,0.4531802120141343,513,642,619,1132,1155,15,3
tagging_006_tagging_aria01_rgb,0.6724018033829021,0.9368277881097314,0.6299246941841987,0.6724018033829021,0.6724018033829021,0.6724018033829021,0.6724018033829021,0.6724018033829021,0.6704632830819167,0.6704632830819167,0.6704632830819167,0.6704632830819167,0.6704632830819167,0.6704632830819167,0.6704632830819167,0.6704632830819167,0.6681382427352979,0.6681382427352979,0.6579455945889527,0.628015459466637,0.5314459242145211,0.230811445193411,0.6373794837107348,0.9907407407407407,0.9907407407407407,0.9907407407407407,0.9907407407407407,0.9907407407407407,0.987673343605547,0.987673343605547,0.987673343605547,0.987673343605547,0.987673343605547,0.987673343605547,0.987673343605547,0.987673343605547,0.9846153846153847,0.9846153846153847,0.9664634146341463,0.9196428571428571,0.7503392130257802,0.30303030303030304,0.9349366847164177,0.45634964486727597,0.45634964486727597,0.45634964486727597,0.45634964486727597,0.45634964486727597,0.45513126062508197,0.45513126062508197,0.45513126062508197,0.45513126062508197,0.45513126062508197,0.45513126062508197,0.45513126062508197,0.45513126062508197,0.4533838475211214,0.4533838475211214,0.4479139084668627,0.4288658518529923,0.3764094498344211,0.17580394666649424,0.4346610084842132,0.9938080495356038,0.9938080495356038,0.9938080495356038,0.9938080495356038,0.9938080495356038,0.9922600619195047,0.9922600619195047,0.9922600619195047,0.9922600619195047,0.9922600619195047,0.9922600619195047,0.9922600619195047,0.9922600619195047,0.9907120743034056,0.9907120743034056,0.9814241486068112,0.9566563467492261,0.8560371517027864,0.46439628482972134,0.955108359133127,0.9968944099378882,0.9968944099378882,0.9968944099378882,0.9968944099378882,0.9968944099378882,0.9953416149068323,0.9953416149068323,0.9953416149068323,0.9953416149068323,0.9953416149068323,0.9953416149068323,0.9953416149068323,0.9953416149068323,0.9937888198757764,0.9937888198757764,0.984472049689441,0.9596273291925466,0.8586956521739131,0.4658385093167702,0.9580745341614908,0.4569519524879356,0.4569519524879356,0.4569519524879356,0.4569519524879356,0.4569519524879356,0.45611534034051726,0.45611534034051726,0.45611534034051726,0.45611534034051726,0.45611534034051726,0.45611534034051726,0.45611534034051726,0.45611534034051726,0.45492991316543313,0.45492991316543313,0.4512258333188996,0.4390138718805992,0.4043050610096647,0.22826854091918064,0.4403345062433172,0.9969346774391128,0.9969346774391128,0.9969346774391128,0.9969346774391128,0.9969346774391128,0.9953804456115426,0.9953804456115426,0.9953804456115426,0.9953804456115426,0.9953804456115426,0.9953804456115426,0.9953804456115426,0.9953804456115426,0.9938376672129831,0.9938376672129831,0.9847404609690922,0.9605843716645742,0.8650795062039667,0.5161383762603244,0.9611544737690436,0.9368277881097314,0.9368277881097314,0.9368277881097314,0.9368277881097314,0.9368277881097314,0.9378325646026232,0.9378325646026232,0.9378325646026232,0.9378325646026232,0.9378325646026232,0.9378325646026232,0.9378325646026232,0.9378325646026232,0.9382353003076848,0.9382353003076848,0.9396781772553785,0.9424991073824455,0.9495006959074695,0.9650272971412742,0.9399987018774515,0.6734418686655983,0.6734418686655983,0.6734418686655983,0.6734418686655983,0.6734418686655983,0.6720182831213345,0.6720182831213345,0.6720182831213345,0.6720182831213345,0.6720182831213345,0.6720182831213345,0.6720182831213345,0.6720182831213345,0.6702035899883774,0.6702035899883774,0.6630184961720449,0.6405288745085411,0.5676446717007663,0.28573186677429313,0.6442466682858458,642.0,642.0,642.0,642.0,642.0,641.0,641.0,641.0,641.0,641.0,641.0,641.0,641.0,640.0,640.0,634.0,618.0,553.0,300.0,617.0,4.0,4.0,4.0,4.0,4.0,5.0,5.0,5.0,5.0,5.0,5.0,5.0,5.0,6.0,6.0,12.0,28.0,93.0,346.0,29.0,2.0,2.0,2.0,2.0,2.0,3.0,3.0,3.0,3.0,3.0,3.0,3.0,3.0,4.0,4.0,10.0,26.0,91.0,344.0,27.0,0.9767801857585139,0.9378325646026232,0.9876160990712074,0.9922600619195047,0.9953416149068323,1.0,0.0,0.0,0.915093922461736,0.993798449612403,0.008086253369272238,0.9863078977708758,601.1506739102815,641,5,3,7,3,0,0,10.0,371,0.5984496124031008,0.5975232198142415,0.5993788819875776,386,260,258,644,646,10,3
tagging_006_tagging_aria02_rgb,0.9101365020135342,0.9158893119604317,0.8335842946192499,0.9101365020135342,0.9101365020135342,0.9101365020135342,0.9101365020135342,0.9101365020135342,0.9101365020135342,0.9101365020135342,0.9095936765566456,0.9079107116660163,0.9062378890371339,0.9012796070533549,0.893232160804664,0.8840674826332661,0.870463965018043,0.8428573326884227,0.8007023386574577,0.7299341811669798,0.608345296215423,0.24646450402895095,0.8353707715590052,0.9848914069877243,0.9848914069877243,0.9848914069877243,0.9848914069877243,0.9848914069877243,0.9848914069877243,0.9848914069877243,0.9830188679245283,0.9811498586239397,0.9792843691148776,0.9737089201877934,0.960820895522388,0.9481000926784059,0.9284403669724771,0.8954012623985572,0.8390201224846894,0.7531276063386155,0.6181678214010777,0.245260663507109,0.8947231945299225,0.8410556193508921,0.8410556193508921,0.8410556193508921,0.8410556193508921,0.8410556193508921,0.8410556193508921,0.8410556193508921,0.8416528750650152,0.8401385915847489,0.8386400696549253,0.834237946524702,0.8303979407754025,0.8243594952528175,0.8161078959392063,0.793396785440792,0.7641345159075388,0.707455024024646,0.5986788483888327,0.24767425349673353,0.7802243988164003,0.9867549668874173,0.9867549668874173,0.9867549668874173,0.9867549668874173,0.9867549668874173,0.9867549668874173,0.9867549668874173,0.9858088930936613,0.9848628192999054,0.9839167455061495,0.9810785241248817,0.9744560075685903,0.967833491012299,0.9574266792809839,0.9394512771996215,0.9072847682119205,0.8543046357615894,0.759697256385998,0.391674550614948,0.9260568640143405,0.9980861244019139,0.9980861244019139,0.9980861244019139,0.9980861244019139,0.9980861244019139,0.9980861244019139,0.9980861244019139,0.9971291866028709,0.9961722488038277,0.9952153110047847,0.9923444976076555,0.9856459330143541,0.9789473684210527,0.968421052631579,0.9502392344497608,0.9177033492822967,0.8641148325358852,0.7684210526315789,0.39617224880382773,0.9366910098212037,0.8410564414708787,0.8410564414708787,0.8410564414708787,0.8410564414708787,0.8410564414708787,0.8410564414708787,0.8410564414708787,0.8416637786088593,0.8408392481368216,0.8400186265347556,0.8375803280304478,0.8363488231155002,0.8336057276687303,0.8302344475667455,0.8176582737865071,0.8029276092237742,0.7697923080180005,0.7002530749284889,0.37645259186909563,0.8007773646202041,0.9991283883901333,0.9991283883901333,0.9991283883901333,0.9991283883901333,0.9991283883901333,0.9991283883901333,0.9991283883901333,0.9981945171484519,0.9972353915210228,0.9962808746994988,0.9934451104012888,0.9871932885056928,0.9808878385008915,0.971996018276271,0.9552912625097116,0.9271966627498356,0.8796606331095117,0.7909060490673686,0.4262498060732023,0.942022956383878,0.9158893119604317,0.9158893119604317,0.9158893119604317,0.9158893119604317,0.9158893119604317,0.9158893119604317,0.9158893119604317,0.9164190695207205,0.9168888484465164,0.9173225947909527,0.9184609514707347,0.9208080897690732,0.9228168627756675,0.9255141893555056,0.9292332168341662,0.9345628663575826,0.9412628911710258,0.9489777662113886,0.9658303905291248,0.9247012063660778,0.9109971513803244,0.9109971513803244,0.9109971513803244,0.9109971513803244,0.9109971513803244,0.9109971513803244,0.9109971513803244,0.9108835760605963,0.9096269905355753,0.9083787800174136,0.904683885865901,0.8995478097695405,0.8932204252812802,0.8839476640299837,0.8633409659042168,0.8326389416475183,0.7774201609278484,0.6743994947932013,0.3114605945175502,0.8498173341585735,1043.0,1043.0,1043.0,1043.0,1043.0,1043.0,1043.0,1042.0,1041.0,1040.0,1037.0,1030.0,1023.0,1012.0,993.0,959.0,903.0,803.0,414.0,978.8421052631579,14.0,14.0,14.0,14.0,14.0,14.0,14.0,15.0,16.0,17.0,20.0,27.0,34.0,45.0,64.0,98.0,154.0,254.0,643.0,78.15789473684211,2.0,2.0,2.0,2.0,2.0,2.0,2.0,3.0,4.0,5.0,8.0,15.0,22.0,33.0,52.0,86.0,142.0,242.0,631.0,66.15789473684211,0.9725638599810785,0.9169716660959907,0.9810785241248817,0.9848628192999054,0.9961722488038277,1.0,0.0,0.0,0.890792340970602,0.9904852521408183,0.01078167115902965,0.9801757402938133,954.5675044059263,1041,16,4,9,3,0,0,11.0,371,0.9086584205518554,0.9035004730368968,0.9138755980861244,955,102,90,1045,1057,12,3
tagging_006_tagging_aria03_rgb,0.6731920771226677,0.9077945405717514,0.6111200923681152,0.6731920771226677,0.6731920771226677,0.6731920771226677,0.6731920771226677,0.6725561195651354,0.6722080777448229,0.6715280344333507,0.6668470164523256,0.6629644510302951,0.6597357214526159,0.6574925000966418,0.6555988353306996,0.6532786821970538,0.6514395533054036,0.6429112177723472,0.6228262335464423,0.5627617417145748,0.41497235583422065,0.10298654448858656,0.6138355470239572,0.970912738214644,0.970912738214644,0.970912738214644,0.970912738214644,0.968937875751503,0.9669669669669669,0.965,0.9552238805970149,0.9513406156901688,0.9455445544554455,0.941699604743083,0.9359605911330049,0.9302554027504911,0.9245837414299706,0.9096209912536443,0.8767908309455588,0.779891304347826,0.5632458233890215,0.12736660929432014,0.8750568287161367,0.46676447312255115,0.46676447312255115,0.46676447312255115,0.46676447312255115,0.46683254446389205,0.46730003735569825,0.46730559692219636,0.4655295500709636,0.4620026266943735,0.46031804647351793,0.4590597527130456,0.4592178740844994,0.4587697479114629,0.45898870226119637,0.4544033591043916,0.4424230996751077,0.40608322746008657,0.3057316165621469,0.0832732252547497,0.43075246839460707,0.9767911200807265,0.9767911200807265,0.9767911200807265,0.9767911200807265,0.9757820383451059,0.9747729566094854,0.9737638748738647,0.9687184661957619,0.9667003027245207,0.963673057517659,0.9616548940464178,0.958627648839556,0.9556004036326943,0.9525731584258325,0.9445005045408678,0.9263370332996973,0.8688193743693239,0.7144298688193743,0.22401614530776992,0.9072175898879387,0.9938398357289527,0.9938398357289527,0.9938398357289527,0.9938398357289527,0.9928131416837782,0.9917864476386037,0.9907597535934292,0.9856262833675564,0.9835728952772074,0.9804928131416838,0.9784394250513347,0.9753593429158111,0.9722792607802875,0.9691991786447639,0.9609856262833676,0.9425051334702259,0.8839835728952772,0.7268993839835729,0.22792607802874743,0.923051983140603,0.46728909852172307,0.46728909852172307,0.46728909852172307,0.46728909852172307,0.46739200228956845,0.4678601124695897,0.4679109484215754,0.4670140233827493,0.4647295984602633,0.4637283015439841,0.4630686263236757,0.46333449471986793,0.4631234162319281,0.4634272363019828,0.46042218976131544,0.45263309066431434,0.427843293103836,0.35095144571205455,0.11870385597324548,0.43848942260246543,0.9940595677910689,0.9940595677910689,0.9940595677910689,0.9940595677910689,0.9930362513592321,0.9923389113847939,0.9913087066437559,0.9872696841391977,0.9851856808777413,0.9822507443098774,0.9811983940310443,0.9783742885934509,0.9754411300852106,0.9730010809967846,0.9647379600372795,0.9484697205343064,0.8909400855776263,0.7364556293310354,0.29520372858889554,0.9290236982976057,0.9077945405717514,0.9077945405717514,0.9077945405717514,0.9077945405717514,0.9085051062885088,0.9091476950810624,0.9097624841496983,0.9125351228602226,0.913536709341404,0.9149067490249817,0.9157538077910821,0.9168300568699714,0.9177240131243318,0.91850727683575,0.9201229277228784,0.9228281511999612,0.928985680922099,0.9394798376226096,0.9634235096136259,0.9180645942492206,0.6752269192762289,0.6752269192762289,0.6752269192762289,0.6752269192762289,0.6749272640831817,0.6749158755259332,0.6745704624494037,0.6715408190970575,0.6682949042787731,0.6660301038809664,0.6644223490041847,0.6634899780243277,0.6621182343650289,0.6612263740919004,0.6551215169258013,0.6401819285299262,0.5939806188957247,0.46735831940217976,0.13658164931247047,0.6250351618406198,968.0,968.0,968.0,968.0,967.0,966.0,965.0,960.0,958.0,955.0,953.0,950.0,947.0,944.0,936.0,918.0,861.0,708.0,222.0,899.0526315789474,23.0,23.0,23.0,23.0,24.0,25.0,26.0,31.0,33.0,36.0,38.0,41.0,44.0,47.0,55.0,73.0,130.0,283.0,769.0,91.94736842105263,6.0,6.0,6.0,6.0,7.0,8.0,9.0,14.0,16.0,19.0,21.0,24.0,27.0,30.0,38.0,56.0,113.0,266.0,752.0,74.94736842105263,0.9465186680121089,0.9140273290390469,0.9566094853683148,0.9697275479313825,0.9866529774127311,1.0,0.0,0.0,0.8631486006120324,0.978117048346056,0.03504043126684636,0.9556004036326943,878.3802632065241,961,30,13,10,3,0,0,14.0,371,0.5801526717557252,0.5751765893037336,0.5852156057494866,570,421,404,974,991,12,3
tagging_006_tagging_aria04_rgb,0.5531429669202207,0.902531395845712,0.49922889403674525,0.5531429669202207,0.5531429669202207,0.5531429669202207,0.5531429669202207,0.5531429669202207,0.5531429669202207,0.5526961075947141,0.5455639438297858,0.5431975255286584,0.536489626954364,0.5305347287728761,0.5256453130411524,0.5241409053313943,0.5140576591427662,0.5016992097841968,0.48905597102461673,0.46396921777146527,0.38988677160298596,0.14408744865629258,0.5042043279240312,0.9889162561576355,0.9889162561576355,0.9889162561576355,0.9889162561576355,0.9889162561576355,0.9889162561576355,0.986469864698647,0.9575757575757575,0.9481302774427021,0.9249106078665077,0.9135071090047393,0.9044811320754716,0.9,0.880093131548312,0.8563218390804598,0.8269230769230769,0.768893756845564,0.6133866133866134,0.20522388059701493,0.8747060307363516,0.30939641243447463,0.30939641243447463,0.30939641243447463,0.30939641243447463,0.30939641243447463,0.30939641243447463,0.3096627664785945,0.3108265998302095,0.3112057053344012,0.31118804064054356,0.3081170312300754,0.30548232055223873,0.3052485429351263,0.30025831068406006,0.29393399258434383,0.2892357819844465,0.27997032505845,0.2478236260027198,0.10116363066463589,0.29107869203087855,0.9950433705080545,0.9950433705080545,0.9950433705080545,0.9950433705080545,0.9950433705080545,0.9950433705080545,0.9938042131350682,0.9789343246592317,0.9739776951672863,0.9615861214374225,0.9553903345724907,0.9504337050805453,0.9479553903345725,0.9368029739776952,0.9231722428748451,0.9058240396530359,0.8698884758364313,0.7608426270136307,0.34076827757125155,0.9194547707558861,0.9938118811881188,0.9938118811881188,0.9938118811881188,0.9938118811881188,0.9938118811881188,0.9938118811881188,0.9925742574257426,0.9777227722772277,0.9727722772277227,0.9603960396039604,0.9542079207920792,0.9492574257425742,0.9467821782178217,0.9356435643564357,0.9220297029702971,0.9047029702970297,0.8688118811881188,0.7599009900990099,0.34034653465346537,0.9183168316831684,0.3105633473053286,0.3105633473053286,0.3105633473053286,0.3105633473053286,0.3105633473053286,0.3105633473053286,0.3108332808368162,0.31227832480630413,0.312746919942391,0.31313537775243366,0.31080091669918,0.308777466848984,0.3086188603716103,0.30473064112727294,0.2995433617327545,0.2959143772842849,0.2884623588044997,0.26158427424490627,0.12255510681730195,0.29544007111056375,0.9845285648146869,0.9845285648146869,0.9845285648146869,0.9845285648146869,0.9845285648146869,0.9845285648146869,0.9835117675139571,0.9749699070578854,0.9735326853826343,0.9708000259696694,0.964844201237939,0.9598202075368991,0.9576043785536861,0.9493873486186584,0.9373070463874252,0.923318735723568,0.891349092342535,0.8039196318043005,0.3835898035539761,0.925322432661645,0.902531395845712,0.902531395845712,0.902531395845712,0.902531395845712,0.902531395845712,0.902531395845712,0.9032340166025044,0.9111590973468962,0.9136172507335673,0.9193529622285634,0.9218815105720458,0.9236675377881061,0.9244593753177699,0.9273856855797219,0.930472537038702,0.9333117802747005,0.9376365435768164,0.9464668985340229,0.9637919212462702,0.9195592364165242,0.5548538988345488,0.5548538988345488,0.5548538988345488,0.5548538988345488,0.5548538988345488,0.5548538988345488,0.5547469350771467,0.55161474562498,0.55055191908167,0.5470229437941806,0.5425606266164034,0.5388327140765184,0.5379237879729127,0.5303610830465846,0.5209142954375957,0.5118561560139295,0.49350071868693896,0.43422894726624667,0.1856700195897071,0.517310962383795,803.0,803.0,803.0,803.0,803.0,803.0,802.0,790.0,786.0,776.0,771.0,767.0,765.0,756.0,745.0,731.0,702.0,614.0,275.0,742.0,4.0,4.0,4.0,4.0,4.0,4.0,5.0,17.0,21.0,31.0,36.0,40.0,42.0,51.0,62.0,76.0,105.0,193.0,532.0,65.0,5.0,5.0,5.0,5.0,5.0,5.0,6.0,18.0,22.0,32.0,37.0,41.0,43.0,52.0,63.0,77.0,106.0,194.0,533.0,66.0,0.9690210656753407,0.9179619348150032,0.9863692688971499,0.9938042131350682,0.9925742574257426,1.0,0.0,0.0,0.8874912908570416,0.993188854489164,0.016172506738544475,0.984949035891353,736.2054717216325,802,5,6,14,3,0,0,16.0,371,0.43839009287925695,0.43866171003717475,0.4381188118811881,354,453,454,808,807,15,3
tagging_007_tagging_aria01_rgb,0.38560060393586876,0.9051464610751675,0.3490250220409989,0.38560060393586876,0.3853237188667687,0.3853237188667687,0.3853237188667687,0.3848652715090194,0.3842846833228217,0.3837864339666133,0.3836048708389469,0.38290616372263325,0.3807543811019908,0.3766230746266061,0.37416979322862254,0.3671020059718162,0.3606418486532194,0.3481927341276725,0.32871847669025867,0.2986218066377512,0.239546316554059,0.09585532130409963,0.3490128917259108,0.98375,0.9812734082397003,0.9812734082397003,0.9812734082397003,0.9800374298190893,0.9788029925187033,0.9775700934579439,0.9763387297633873,0.9738805970149254,0.9689826302729528,0.9568434032059187,0.9496314496314496,0.929483282674772,0.9108970499698976,0.8747784997046663,0.8178694158075601,0.7278170930865542,0.5566454144188328,0.19593067068575734,0.879109419829027,0.15114391436412375,0.1513078486327921,0.1513078486327921,0.1513078486327921,0.15113838788897457,0.15087276905081543,0.15067157627111505,0.15071889749475278,0.15054939041416904,0.14961454849559305,0.14824258584627795,0.1474288095861664,0.1449879576109445,0.14278511825711784,0.13859300398927865,0.13211869135718976,0.12252389267393793,0.10308615913871805,0.04689537676849329,0.13869971711084447,0.9874529485570891,0.986198243412798,0.986198243412798,0.986198243412798,0.9855708908406524,0.9849435382685069,0.9843161856963614,0.9836888331242158,0.9824341279799247,0.9799247176913425,0.973651191969887,0.9698870765370138,0.9592220828105396,0.9491844416562107,0.9291091593475533,0.8958594730238394,0.8387703889585947,0.7120451693851945,0.32622333751568383,0.9158356996632109,0.9962025316455696,0.9949367088607595,0.9949367088607595,0.9949367088607595,0.9943037974683544,0.9936708860759493,0.9930379746835443,0.9924050632911392,0.9911392405063291,0.9886075949367089,0.9822784810126582,0.9784810126582278,0.9677215189873418,0.9575949367088608,0.9373417721518987,0.9037974683544304,0.8462025316455696,0.7183544303797469,0.3291139240506329,0.9239506995336443,0.15439281276447692,0.154561136478469,0.154561136478469,0.154561136478469,0.15437959739529517,0.15415625307447273,0.15398530701671512,0.15403560044677603,0.15390919994705118,0.15312102073201636,0.15197192283937452,0.15134449096079985,0.14927827012102726,0.14746512623390476,0.1438515699309734,0.1382886233145661,0.12973903770918363,0.11105684389084655,0.0529479170762036,0.14303194752047843,0.8974307557312028,0.8967219584044671,0.8967219584044671,0.8967219584044671,0.8965432840591875,0.8958455004872102,0.8951467876231154,0.8944698903326133,0.8933924633239765,0.8906223323929736,0.884418011580331,0.8819951293982536,0.8734186002463462,0.8642799428271317,0.8464947582616651,0.8154701313293767,0.7681422965483781,0.6826105122116042,0.3949219408502194,0.8402825374956308,0.9051464610751675,0.9062199556432912,0.9062199556432912,0.9062199556432912,0.9066434726305836,0.9070299562315127,0.9073930116303471,0.9077177272291643,0.9083594723598394,0.9094788213610553,0.9119606281732487,0.9132750401061808,0.916446519849343,0.919046186860059,0.923181343235902,0.9286288353854538,0.9356037219302692,0.9454370982279883,0.9651229765652561,0.917322691567434,0.3863256448843568,0.38628944398757403,0.38628944398757403,0.38628944398757403,0.3859502501514369,0.38548820860990995,0.3851083889608773,0.38504609646947685,0.3845840078441294,0.38289815120611603,0.37991653084582516,0.37813925626263534,0.3729284793120745,0.36814319598452233,0.3588426248760462,0.3440345639842766,0.3205766883521633,0.27092803776131696,0.1236865648462813,0.356392895911272,1574.0,1572.0,1572.0,1572.0,1571.0,1570.0,1569.0,1568.0,1566.0,1562.0,1552.0,1546.0,1529.0,1513.0,1481.0,1428.0,1337.0,1135.0,520.0,1459.842105263158,20.0,22.0,22.0,22.0,23.0,24.0,25.0,26.0,28.0,32.0,42.0,48.0,65.0,81.0,113.0,166.0,257.0,459.0,1074.0,134.1578947368421,6.0,8.0,8.0,8.0,9.0,10.0,11.0,12.0,14.0,18.0,28.0,34.0,51.0,67.0,99.0,152.0,243.0,445.0,1060.0,120.15789473684211,0.944792973651192,0.9096134557303582,0.9686323713927227,0.9799247176913425,0.9886075949367089,1.0,0.0,0.0,0.8562209647746672,0.984247006931317,0.025139664804469275,0.9676412900899518,1420.8162178508196,1562,32,18,38,3,0,0,33.0,716,0.2526780088216761,0.25156838143036386,0.2537974683544304,401,1193,1179,1580,1594,33,3
tagging_007_tagging_aria02_rgb,0.5544841968204457,0.9136803295791948,0.5066213036973599,0.5544841968204457,0.5544841968204457,0.5544841968204457,0.5544841968204457,0.5544841968204457,0.5544841968204457,0.5543113847039105,0.5543113847039105,0.553851552273571,0.5528056362617587,0.5511554747086265,0.5494132812397154,0.5448889185803155,0.5395119577187212,0.5297834430425596,0.5073272881912595,0.46058988360080005,0.3477355836223526,0.1223119942087799,0.5102580507252081,0.9856459330143541,0.9856459330143541,0.9856459330143541,0.9856459330143541,0.9856459330143541,0.9856459330143541,0.9844590555887627,0.9844590555887627,0.983273596176822,0.9785458879618594,0.9714964370546318,0.9656601539372409,0.9540906415538553,0.9426565242832066,0.9190751445086706,0.8767665347654042,0.7868675995694295,0.5817055740828966,0.17897727272727273,0.8958899513623652,0.31193019138560907,0.31193019138560907,0.31193019138560907,0.31193019138560907,0.31193019138560907,0.31193019138560907,0.31211162055755276,0.31211162055755276,0.311969672681703,0.3122940633057762,0.3126849937013293,0.31258921927331434,0.3111904893104085,0.3087796509368228,0.30538362200195607,0.293557027028141,0.26960449380744905,0.20787154447989925,0.08358728289555031,0.29080612888690055,0.9909801563439568,0.9909801563439568,0.9909801563439568,0.9909801563439568,0.9909801563439568,0.9909801563439568,0.9903788334335538,0.9903788334335538,0.9897775105231509,0.9873722188815394,0.9837642814191221,0.9807576668671076,0.9747444377630787,0.9687312086590499,0.9561034275405893,0.9326518340348767,0.8791340950090198,0.7342152736019242,0.30306674684305474,0.9272082792670191,0.9945684972842487,0.9945684972842487,0.9945684972842487,0.9945684972842487,0.9945684972842487,0.9945684972842487,0.9939649969824985,0.9939649969824985,0.9933614966807484,0.9909474954737477,0.9873264936632469,0.9843089921544961,0.9782739891369946,0.9722389861194931,0.9595654797827399,0.936028968014484,0.8823174411587206,0.7368738684369343,0.30416415208207603,0.9305657021249563,0.3205851176203534,0.3205851176203534,0.3205851176203534,0.3205851176203534,0.3205851176203534,0.3205851176203534,0.32077181835647045,0.32077181835647045,0.32067086371126624,0.3210311462803316,0.32150470024505456,0.32161235587255327,0.3208400347334417,0.31921072217165064,0.3169222047228376,0.30844272314624865,0.29015829308933844,0.23622247150367398,0.10574447960547478,0.3024954914482596,0.9175619400903976,0.9175619400903976,0.9175619400903976,0.9175619400903976,0.9175619400903976,0.9175619400903976,0.9171071102624826,0.9171071102624826,0.9164530376126883,0.914219468073783,0.9108500311108801,0.9085010077566052,0.903699401351367,0.8984065270351188,0.890515045894332,0.869084879675967,0.8253364746456333,0.7143646554382806,0.3660615389787494,0.8661619962442502,0.9136803295791948,0.9136803295791948,0.9136803295791948,0.9136803295791948,0.9136803295791948,0.9136803295791948,0.9140320182351954,0.9140320182351954,0.9143341046514665,0.9154259411416837,0.9169077764805487,0.9179578138791258,0.9197766873618465,0.9212809286362055,0.9237773707242815,0.9274821215330903,0.9335475681609312,0.9439611770243099,0.96425987619093,0.9215188094594725,0.5559825805074393,0.5559825805074393,0.5559825805074393,0.5559825805074393,0.5559825805074393,0.5559825805074393,0.555975487471206,0.555975487471206,0.5556802731658,0.5552931498134621,0.5546244929131159,0.5536914965775676,0.5507551166717305,0.5469227408522596,0.5403501898869195,0.523246117665121,0.48684546077146146,0.3906692500112644,0.15916194867054295,0.5192150892098047,1648.0,1648.0,1648.0,1648.0,1648.0,1648.0,1647.0,1647.0,1646.0,1642.0,1636.0,1631.0,1621.0,1611.0,1590.0,1551.0,1462.0,1221.0,504.0,1541.9473684210527,15.0,15.0,15.0,15.0,15.0,15.0,16.0,16.0,17.0,21.0,27.0,32.0,42.0,52.0,73.0,112.0,201.0,442.0,1159.0,121.05263157894737,9.0,9.0,9.0,9.0,9.0,9.0,10.0,10.0,11.0,15.0,21.0,26.0,36.0,46.0,67.0,106.0,195.0,436.0,1153.0,115.05263157894737,0.9669272399278412,0.9154259411416837,0.9783523752254961,0.9873722188815394,0.9909474954737477,1.0,0.0,0.0,0.8834211637730875,0.9891566265060241,0.02094972067039106,0.977583431388483,1503.1293953546447,1642,21,15,19,3,0,0,25.0,716,0.48012048192771084,0.4792543595911004,0.48098974049487025,797,866,860,1657,1663,22,3
tagging_007_tagging_aria03_rgb,0.43994907780859327,0.9080930972378188,0.39951472069412763,0.43994907780859327,0.43994907780859327,0.43994907780859327,0.43994907780859327,0.43963227785800857,0.4394650995528961,0.4393106619607838,0.4388478847081511,0.4379580596391523,0.43593742654372997,0.43469529597190054,0.43219788803159936,0.4265741421157713,0.4212913661133089,0.4134223287287178,0.4021182589855344,0.3722673711997216,0.2850875329916609,0.09370858075251226,0.40380581507304325,0.9798792756539235,0.9798792756539235,0.9798792756539235,0.9798792756539235,0.9785522788203753,0.9772270596115205,0.9759036144578314,0.9732620320855615,0.9693128752501667,0.9640718562874252,0.9601593625498008,0.9510905485789821,0.9332023575638507,0.9206245933636955,0.8910954516335682,0.8542713567839196,0.7697841726618705,0.5635593220338984,0.15855572998430142,0.8821152481201295,0.1975296303062052,0.1975296303062052,0.1975296303062052,0.1975296303062052,0.19751273786579104,0.19763019436016455,0.1977591381497658,0.19787833036097305,0.19787961854255612,0.19712372954585206,0.1968006642546251,0.19640087339535028,0.1949903975776829,0.19278913081512863,0.19180663707591236,0.18928305733942294,0.1800283775395629,0.1442171183930529,0.05538303855382297,0.18513692447339392,0.9851652056641942,0.9851652056641942,0.9851652056641942,0.9851652056641942,0.9844908968307485,0.9838165879973028,0.983142279163857,0.9817936614969656,0.9797707349966285,0.9770734996628456,0.9750505731625084,0.9703304113283884,0.9608900876601484,0.9541469993256911,0.9379635873229939,0.9170600134861767,0.8658125421443021,0.7174645987862441,0.2724207687120701,0.9158888455122972,0.9945541184479237,0.9945541184479237,0.9945541184479237,0.9945541184479237,0.9938733832539143,0.9931926480599047,0.9925119128658951,0.9911504424778761,0.9891082368958475,0.9863852961198094,0.9843430905377808,0.9795779441797141,0.9700476514635806,0.9632402995234853,0.9469026548672567,0.9257998638529612,0.8740639891082369,0.7243022464261403,0.27501701837985026,0.924617534305471,0.20184400368069583,0.20184400368069583,0.20184400368069583,0.20184400368069583,0.20183754915881014,0.20195796081577305,0.20208979303259184,0.20222090560676542,0.2022571025229306,0.20163615982505453,0.20140877460463133,0.2011533860040965,0.19992080123928702,0.19792980274483024,0.1973157818394995,0.19520288611790249,0.1871059113507884,0.15458408797053044,0.0633056337262914,0.19038434480434557,0.9432607793941636,0.9432607793941636,0.9432607793941636,0.9432607793941636,0.9425499086434257,0.9423049120078145,0.9426082761449941,0.9412685442019252,0.9397542177137015,0.9375176024618144,0.9354270179697133,0.9309125779855565,0.9230524702595465,0.917831034473884,0.9076626426877867,0.8916153952532374,0.8535880505241038,0.7349642803657293,0.36804656819318277,0.8885340324454248,0.9080930972378188,0.9080930972378188,0.9080930972378188,0.9080930972378188,0.9085458015391499,0.9089870936375128,0.9093736672188266,0.9100892192627944,0.9110610336906572,0.9122796729305542,0.9130557996236132,0.9146680672412083,0.917509974294146,0.9191845207421159,0.9227091458896124,0.9260107350124654,0.9318385709316007,0.9424217818794531,0.9648081554486059,0.9181534541207153,0.44113412797627083,0.44113412797627083,0.44113412797627083,0.44113412797627083,0.4409642756924751,0.44094428616397885,0.4409369227066847,0.4407671613176348,0.4403142733324604,0.43886714651926034,0.4380531936651468,0.43654752349196185,0.43285602712831306,0.42889295945476086,0.42415520907337956,0.4166340397955932,0.3948047963432602,0.321668582528633,0.12283114400038236,0.4117775817431057,1461.0,1461.0,1461.0,1461.0,1460.0,1459.0,1458.0,1456.0,1453.0,1449.0,1446.0,1439.0,1425.0,1415.0,1391.0,1360.0,1284.0,1064.0,404.0,1358.2631578947369,22.0,22.0,22.0,22.0,23.0,24.0,25.0,27.0,30.0,34.0,37.0,44.0,58.0,68.0,92.0,123.0,199.0,419.0,1079.0,124.73684210526316,8.0,8.0,8.0,8.0,9.0,10.0,11.0,13.0,16.0,20.0,23.0,30.0,44.0,54.0,78.0,109.0,185.0,405.0,1065.0,110.73684210526316,0.9460552933243426,0.9122796729305542,0.9635873229939312,0.9770734996628456,0.9863852961198094,1.0,0.0,0.0,0.8603460863630298,0.9817073170731707,0.027932960893854747,0.9626331939663043,1321.893246076373,1449,34,20,26,3,0,0,28.0,716,0.34552845528455284,0.34389750505731626,0.34717494894486045,510,973,959,1469,1483,27,3
tagging_007_tagging_aria04_rgb,0.46660996137466043,0.9211012922526954,0.42979503840018,0.46660996137466043,0.46660996137466043,0.46660996137466043,0.46660996137466043,0.46660996137466043,0.46660996137466043,0.46660996137466043,0.46660996137466043,0.4661667944336123,0.46589672389681136,0.46568030848511915,0.4643695830717279,0.4625003658570318,0.4551921445403562,0.4482840537569342,0.4347808079148939,0.40945322267296236,0.3251583812116384,0.13517412813300486,0.4350282213142829,0.9891640866873065,0.9891640866873065,0.9891640866873065,0.9891640866873065,0.9891640866873065,0.9891640866873065,0.9891640866873065,0.9891640866873065,0.9860896445131375,0.9845559845559846,0.9830246913580247,0.9769230769230769,0.9708588957055214,0.9499241274658573,0.9323308270676691,0.8966789667896679,0.8291814946619217,0.6359007001909611,0.22673031026252982,0.9097637585785686,0.22010994837390316,0.22010994837390316,0.22010994837390316,0.22010994837390316,0.22010994837390316,0.22010994837390316,0.22010994837390316,0.22010994837390316,0.22037700268093074,0.2204646162764135,0.22060295292401197,0.22073294691879802,0.2203271653214268,0.21812256627695337,0.21554429717270757,0.21081608684088746,0.20218968059053274,0.16626491029247656,0.08058933494759,0.20825848143336598,0.9906976744186047,0.9906976744186047,0.9906976744186047,0.9906976744186047,0.9906976744186047,0.9906976744186047,0.9906976744186047,0.9906976744186047,0.9891472868217054,0.9883720930232558,0.9875968992248062,0.9844961240310077,0.9813953488372092,0.9705426356589147,0.9612403100775194,0.9418604651162791,0.9031007751937985,0.7744186046511627,0.3682170542635659,0.935577315381477,0.9984375,0.9984375,0.9984375,0.9984375,0.9984375,0.9984375,0.9984375,0.9984375,0.996875,0.99609375,0.9953125,0.9921875,0.9890625,0.978125,0.96875,0.94921875,0.91015625,0.78046875,0.37109375,0.9428865131578947,0.2203342723103198,0.2203342723103198,0.2203342723103198,0.2203342723103198,0.2203342723103198,0.2203342723103198,0.2203342723103198,0.2203342723103198,0.22060249352265562,0.22069188509241855,0.22083062540166912,0.22101275404386056,0.22074356569917974,0.2190819613856525,0.21705544606353555,0.21340255067064418,0.20656646041285256,0.17563848567956677,0.09247061060972728,0.2100405798454906,0.9760580428406973,0.9760580428406973,0.9760580428406973,0.9760580428406973,0.9760580428406973,0.9760580428406973,0.9760580428406973,0.9760580428406973,0.9746621045588384,0.9740446593373906,0.9735009999909784,0.9722049620262209,0.970911399792273,0.9612234730281989,0.9531639593238633,0.9367143589020981,0.9031358621600252,0.7783295153081302,0.40668486395355163,0.9270021316372182,0.9211012922526954,0.9211012922526954,0.9211012922526954,0.9211012922526954,0.9211012922526954,0.9211012922526954,0.9211012922526954,0.9211012922526954,0.9218541313614869,0.9222055050006027,0.9225263445314997,0.9235899020725182,0.924477433168982,0.927206935435107,0.9292258408071128,0.9322981515105716,0.9368507799257569,0.9464365734656863,0.9649353676410866,0.9273903843653672,0.4669715344326943,0.4669715344326943,0.4669715344326943,0.4669715344326943,0.4669715344326943,0.4669715344326943,0.4669715344326943,0.4669715344326943,0.4668889742537752,0.4667987513122628,0.4667620295906578,0.46616599048782914,0.46500328522380907,0.46010569478231916,0.45518113652669573,0.4455999748720282,0.42731447117725446,0.35882954146941476,0.172262495974781,0.44140445374380954,1278.0,1278.0,1278.0,1278.0,1278.0,1278.0,1278.0,1278.0,1276.0,1275.0,1274.0,1270.0,1266.0,1252.0,1240.0,1215.0,1165.0,999.0,475.0,1206.8947368421052,12.0,12.0,12.0,12.0,12.0,12.0,12.0,12.0,14.0,15.0,16.0,20.0,24.0,38.0,50.0,75.0,125.0,291.0,815.0,83.10526315789474,2.0,2.0,2.0,2.0,2.0,2.0,2.0,2.0,4.0,5.0,6.0,10.0,14.0,28.0,40.0,65.0,115.0,281.0,805.0,73.10526315789474,0.9682170542635659,0.9222055050006027,0.9844961240310077,0.9883720930232558,0.99609375,1.0,0.0,0.0,0.8913271464153244,0.9922178988326849,0.006983240223463687,0.9834711478335396,1175.8120188757684,1275,15,5,21,3,0,0,20.0,716,0.31361867704280155,0.3124031007751938,0.31484375,403,887,877,1280,1290,22,3
tagging_008_tagging_aria01_rgb,0.616268353145335,0.8833186081426329,0.5443613039426899,0.616268353145335,0.616268353145335,0.6122683578179238,0.6111320591107828,0.6100322864992653,0.6072982198724001,0.6072982198724001,0.6046192943748224,0.6046192943748224,0.6046192943748224,0.5956539938719281,0.5783119679297714,0.5685072274825774,0.5471047277084956,0.5229679641534377,0.4983525679631088,0.4190394939906332,0.3340892780828992,0.12202625452074066,0.5410777478048159,0.945859872611465,0.945859872611465,0.9396825396825397,0.9335443037974683,0.9274447949526814,0.9213836477987422,0.9213836477987422,0.9153605015673981,0.9153605015673981,0.9153605015673981,0.9034267912772586,0.8742331288343558,0.8571428571428571,0.8184523809523809,0.7813411078717201,0.7308781869688386,0.6078947368421053,0.46522781774580335,0.15500945179584122,0.8144656128098137,0.40152531478039555,0.40152531478039555,0.3989353065043682,0.40006927593445213,0.40125233609242317,0.40027965412811994,0.40027965412811994,0.39936668722797364,0.39936668722797364,0.39936668722797364,0.3927309703910373,0.3825578340833768,0.3770672123165815,0.36571899605531516,0.3500334089367964,0.33980393234257755,0.28885609116489985,0.23991610448139328,0.09606128284339936,0.35972172371829325,0.9867109634551495,0.9867109634551495,0.9833887043189369,0.9800664451827242,0.9767441860465116,0.973421926910299,0.973421926910299,0.9700996677740864,0.9700996677740864,0.9700996677740864,0.9634551495016611,0.946843853820598,0.9368770764119602,0.9136212624584718,0.8903654485049833,0.8571428571428571,0.7674418604651163,0.6445182724252492,0.2724252491694352,0.8928134289211399,0.9580645161290322,0.9580645161290322,0.9548387096774194,0.9516129032258065,0.9483870967741935,0.9451612903225807,0.9451612903225807,0.9419354838709677,0.9419354838709677,0.9419354838709677,0.9354838709677419,0.9193548387096774,0.9096774193548387,0.8870967741935484,0.864516129032258,0.832258064516129,0.7451612903225806,0.6258064516129033,0.2645161290322581,0.8668930390492361,0.4015347271161225,0.4015347271161225,0.39968966059082345,0.4008277493102089,0.40201313083372886,0.40134137629970634,0.40134137629970634,0.4007048423064671,0.4007048423064671,0.4007048423064671,0.39604383854584335,0.38903168774649804,0.3849510693276155,0.37682170542635657,0.36546916579891237,0.35835436572321366,0.318114701835632,0.2761727803084792,0.12703252032520326,0.3685467952380828,0.992063492063492,0.992063492063492,0.9886995008946227,0.9867241481131518,0.985707174856005,0.9823110586242193,0.9823110586242193,0.9790233989198239,0.9790233989198239,0.9790233989198239,0.9721519864768633,0.9592449648753576,0.9493094882768935,0.9295319537585669,0.909957807538828,0.8800664314482103,0.7994836309726266,0.6779295028207685,0.30225737334676406,0.90667806639545,0.8833186081426329,0.8833186081426329,0.8859460300247158,0.8882951320922694,0.8906300677063698,0.8927679899329378,0.8927679899329378,0.8946091613652473,0.8946091613652473,0.8946091613652473,0.8971544025902699,0.9027282195448395,0.9057258851345441,0.9115318125657219,0.9167646674704109,0.9222467939756275,0.9334265522832574,0.9442366749820031,0.9635922063582911,0.905172585525011,0.6294358030797075,0.6294358030797075,0.6263453314030596,0.6261744749603779,0.6260358507432743,0.6242122973991961,0.6242122973991961,0.6224351296319117,0.6224351296319117,0.6224351296319117,0.6151249269799016,0.601849261802958,0.5943615292782388,0.5780386240391743,0.5582630680420647,0.5396855690459909,0.4708293278994757,0.39323061069472093,0.1617699567724139,0.5666479011323786,297.0,297.0,296.0,295.0,294.0,293.0,293.0,292.0,292.0,292.0,290.0,285.0,282.0,275.0,268.0,258.0,231.0,194.0,82.0,268.7368421052632,4.0,4.0,5.0,6.0,7.0,8.0,8.0,9.0,9.0,9.0,11.0,16.0,19.0,26.0,33.0,43.0,70.0,107.0,219.0,32.26315789473684,13.0,13.0,14.0,15.0,16.0,17.0,17.0,18.0,18.0,18.0,20.0,25.0,28.0,35.0,42.0,52.0,79.0,116.0,228.0,41.26315789473684,0.8870431893687708,0.8946091613652473,0.9102990033222591,0.9700996677740864,0.9419354838709677,1.0,0.0,0.0,0.7848035718227647,0.955810147299509,0.08955223880597014,0.9074913686378264,261.2258751186522,292,9,18,7,2,0,0,9.0,201,0.5237315875613748,0.53156146179402,0.5161290322580645,160,141,150,310,301,11,2
tagging_008_tagging_aria03_rgb,0.7130277912872137,0.8869952768886812,0.6324522831621269,0.7130277912872137,0.7130277912872137,0.7130277912872137,0.7130277912872137,0.7130277912872137,0.7130277912872137,0.7130277912872137,0.7130277912872137,0.7130277912872137,0.7064757290162723,0.7064757290162723,0.7064757290162723,0.6775682144057481,0.638560310552933,0.5975057022990133,0.5519395659813716,0.517474044305013,0.3665103164988752,0.11780764633583327,0.6317917425796068,0.974025974025974,0.974025974025974,0.974025974025974,0.974025974025974,0.974025974025974,0.974025974025974,0.974025974025974,0.974025974025974,0.974025974025974,0.9612903225806452,0.9612903225806452,0.9612903225806452,0.9,0.8424242424242424,0.7674418604651163,0.6983240223463687,0.6432432432432432,0.44075829383886256,0.13432835820895522,0.8461381449738152,0.5219661946452004,0.5219661946452004,0.5219661946452004,0.5219661946452004,0.5219661946452004,0.5219661946452004,0.5219661946452004,0.5219661946452004,0.5219661946452004,0.519206262629573,0.519206262629573,0.519206262629573,0.5101096501922154,0.4840307883828821,0.46519884133433326,0.4362405913978495,0.4162956849406429,0.3047697887432505,0.10331877587307196,0.47238308739788265,1.0,1.0,1.0,1.0,1.0,1.0,1.0,1.0,1.0,0.9933333333333333,0.9933333333333333,0.9933333333333333,0.96,0.9266666666666666,0.88,0.8333333333333334,0.7933333333333333,0.62,0.24,0.907017543859649,0.974025974025974,0.974025974025974,0.974025974025974,0.974025974025974,0.974025974025974,0.974025974025974,0.974025974025974,0.974025974025974,0.974025974025974,0.9675324675324676,0.9675324675324676,0.9675324675324676,0.935064935064935,0.9025974025974026,0.8571428571428571,0.8116883116883117,0.7727272727272727,0.6038961038961039,0.23376623376623376,0.8834586466165413,0.5257037037037037,0.5257037037037037,0.5257037037037037,0.5257037037037037,0.5257037037037037,0.5257037037037037,0.5257037037037037,0.5257037037037037,0.5257037037037037,0.5237882177479494,0.5237882177479494,0.5237882177479494,0.5173996913580248,0.4997601918465228,0.4886784511784512,0.4689777777777778,0.4545284780578898,0.36164874551971327,0.14151234567901236,0.4860633509470828,0.9752254901960784,0.9752254901960784,0.9752254901960784,0.9752254901960784,0.9752254901960784,0.9752254901960784,0.9752254901960784,0.9752254901960784,0.9752254901960784,0.969522305566522,0.969522305566522,0.969522305566522,0.9433006535947711,0.9124831371198756,0.8755157213563861,0.8416382664248396,0.8023926240320983,0.6329472556209218,0.29072906045375657,0.893926476161417,0.8869952768886812,0.8869952768886812,0.8869952768886812,0.8869952768886812,0.8869952768886812,0.8869952768886812,0.8869952768886812,0.8869952768886812,0.8869952768886812,0.8896283112477034,0.8896283112477034,0.8896283112477034,0.8990074585920191,0.9068176138310676,0.916008924749718,0.9236623176475761,0.9287701620704508,0.9424016389205898,0.963698874367236,0.9016952324168368,0.7224722794994978,0.7224722794994978,0.7224722794994978,0.7224722794994978,0.7224722794994978,0.7224722794994978,0.7224722794994978,0.7224722794994978,0.7224722794994978,0.71815380493692,0.71815380493692,0.71815380493692,0.6997894427501223,0.6697277037981959,0.6398241792666274,0.6029376635812981,0.5746836028513806,0.43469215431246894,0.1574690642937122,0.6545176705873709,150.0,150.0,150.0,150.0,150.0,150.0,150.0,150.0,150.0,149.0,149.0,149.0,144.0,139.0,132.0,125.0,119.0,93.0,36.0,136.05263157894737,0.0,0.0,0.0,0.0,0.0,0.0,0.0,0.0,0.0,1.0,1.0,1.0,6.0,11.0,18.0,25.0,31.0,57.0,114.0,13.947368421052632,4.0,4.0,4.0,4.0,4.0,4.0,4.0,4.0,4.0,5.0,5.0,5.0,10.0,15.0,22.0,29.0,35.0,61.0,118.0,17.94736842105263,0.94,0.8896283112477034,0.96,0.9933333333333333,0.9675324675324676,1.0,0.0,0.0,0.8303641225060521,0.9802631578947368,0.024875621890547265,0.9568191916352022,132.5546183759078,149,1,5,3,2,0,0,2.0,201,0.618421052631579,0.6266666666666667,0.6103896103896104,94,56,60,154,150,5,2
tagging_008_tagging_aria04_rgb,0.5838393843471883,0.8971400172009024,0.5237856753158008,0.5838393843471883,0.5838393843471883,0.5838393843471883,0.5838393843471883,0.5830545313842256,0.5830545313842256,0.5830545313842256,0.5801564704405515,0.5801564704405515,0.5755249024795288,0.5722272917029876,0.5680229660385427,0.5680229660385427,0.5523843621128139,0.5261656516800437,0.47827091749082257,0.4329126651477553,0.34625640236349325,0.17035979824096226,0.5281569471430541,0.9098143236074271,0.9098143236074271,0.9098143236074271,0.9098143236074271,0.9047619047619048,0.9047619047619048,0.9047619047619048,0.899736147757256,0.899736147757256,0.8848167539267016,0.875,0.8652849740932642,0.8652849740932642,0.8320610687022901,0.7777777777777778,0.6901408450704225,0.6071428571428571,0.48148148148148145,0.21416526138279932,0.8024300683105681,0.37465713373620635,0.37465713373620635,0.37465713373620635,0.37465713373620635,0.37573706936427664,0.37573706936427664,0.37573706936427664,0.3740891493945473,0.3740891493945473,0.37434747014466024,0.3742217981368412,0.37288303808271933,0.37288303808271933,0.36671404898521315,0.35595037672442364,0.33144404095394775,0.3086808540040771,0.2490095689844732,0.13551432510255046,0.34819297900149343,0.9661971830985916,0.9661971830985916,0.9661971830985916,0.9661971830985916,0.9633802816901409,0.9633802816901409,0.9633802816901409,0.9605633802816902,0.9605633802816902,0.952112676056338,0.9464788732394366,0.9408450704225352,0.9408450704225352,0.9211267605633803,0.8873239436619719,0.828169014084507,0.7661971830985915,0.6591549295774648,0.35774647887323946,0.8882134914751669,0.9397260273972603,0.9397260273972603,0.9397260273972603,0.9397260273972603,0.936986301369863,0.936986301369863,0.936986301369863,0.9342465753424658,0.9342465753424658,0.9260273972602739,0.9205479452054794,0.915068493150685,0.915068493150685,0.8958904109589041,0.863013698630137,0.8054794520547945,0.7452054794520548,0.6410958904109589,0.34794520547945207,0.8638788752703676,0.3746733387232444,0.3746733387232444,0.3746733387232444,0.3746733387232444,0.37575323856283604,0.37575323856283604,0.37575323856283604,0.374549886603535,0.374549886603535,0.37511121985103885,0.37517184904264733,0.37431229977020747,0.37431229977020747,0.3705142746562067,0.3636453571327521,0.34703383517909325,0.3312051090489672,0.2832388200035259,0.175643485740753,0.355012704946524,0.9895342752485607,0.9895342752485607,0.9895342752485607,0.9895342752485607,0.9909656620182934,0.9909656620182934,0.9909656620182934,0.9880462461107622,0.9880462461107622,0.984537780839556,0.9789756159547826,0.9731028368303817,0.9731028368303817,0.9575744103190585,0.9239013811315399,0.8666907944629033,0.8150649693021016,0.7150452870645179,0.4465563678162103,0.9232462557801095,0.8971400172009024,0.8971400172009024,0.8971400172009024,0.8971400172009024,0.899160029235264,0.899160029235264,0.899160029235264,0.9006269291336382,0.9006269291336382,0.9043595650911123,0.9066377890865324,0.908583107211895,0.908583107211895,0.9134411147719316,0.9203899456567037,0.9309863865150191,0.9390434665275277,0.949095256496264,0.9646435117499728,0.9122661718471331,0.6016582645021299,0.6016582645021299,0.6016582645021299,0.6016582645021299,0.601645812522272,0.601645812522272,0.601645812522272,0.5994466931005029,0.5994466931005029,0.5970100263599871,0.5951411814369708,0.5923049621810583,0.5923049621810583,0.5811971472700379,0.5619993701269426,0.5239195402168313,0.48632335006083294,0.40513687181997554,0.22018122681627714,0.5561043431708587,343.0,343.0,343.0,343.0,342.0,342.0,342.0,341.0,341.0,338.0,336.0,334.0,334.0,327.0,315.0,294.0,272.0,234.0,127.0,315.3157894736842,12.0,12.0,12.0,12.0,13.0,13.0,13.0,14.0,14.0,17.0,19.0,21.0,21.0,28.0,40.0,61.0,83.0,121.0,228.0,39.68421052631579,22.0,22.0,22.0,22.0,23.0,23.0,23.0,24.0,24.0,27.0,29.0,31.0,31.0,38.0,50.0,71.0,93.0,131.0,238.0,49.68421052631579,0.8535211267605634,0.9005262110567073,0.8816901408450705,0.9549295774647887,0.9287671232876712,1.0,0.0,0.0,0.7585306635161232,0.9416666666666667,0.12935323383084577,0.8788732394366198,305.27838554822375,339,16,26,10,2,0,0,6.0,201,0.5138888888888888,0.5211267605633803,0.5068493150684932,185,170,180,365,355,17,2
tagging_009_tagging_aria01_rgb,0.4746460775301738,0.9120373504717975,0.43289495096245106,0.4746460775301738,0.4746460775301738,0.47409236964999957,0.4732112770094489,0.4732112770094489,0.47277959268794145,0.47277959268794145,0.47277959268794145,0.47129678814231485,0.4686035361962452,0.46677892623420586,0.46217300637652825,0.45531755764004794,0.44476399822690355,0.4374795040506699,0.4200686929308685,0.39689971736789215,0.338914792583111,0.16805951357826002,0.4378158889536904,0.9505747126436782,0.9505747126436782,0.9461009174311926,0.9416475972540046,0.9416475972540046,0.9394285714285714,0.9394285714285714,0.9394285714285714,0.9328018223234624,0.9262202043132803,0.9175141242937853,0.9003359462486002,0.8855555555555555,0.862788144895719,0.8465723612622416,0.7976694915254238,0.7387295081967213,0.6024551463644948,0.28269085411942557,0.8548507584532096,0.2370028319901552,0.2370028319901552,0.23756828771566887,0.2378054309721875,0.2378054309721875,0.23793245176934777,0.23793245176934777,0.23793245176934777,0.23812202892142129,0.23708106680574292,0.23747053065157264,0.2372490943110009,0.2341062364689693,0.22927414486286202,0.22607437381851161,0.221216567331915,0.21324366212370538,0.19065856989486005,0.0999112624005494,0.22449419508102678,0.992797118847539,0.992797118847539,0.9903961584633854,0.9879951980792316,0.9879951980792316,0.9867947178871549,0.9867947178871549,0.9867947178871549,0.9831932773109243,0.9795918367346939,0.9747899159663865,0.9651860744297719,0.9567827130852341,0.943577430972389,0.9339735894357744,0.9039615846338536,0.865546218487395,0.765906362545018,0.4489795918367347,0.9280975548113982,0.9571759259259259,0.9571759259259259,0.9548611111111112,0.9525462962962963,0.9525462962962963,0.9513888888888888,0.9513888888888888,0.9513888888888888,0.9479166666666666,0.9444444444444444,0.9398148148148148,0.9305555555555556,0.9224537037037037,0.9097222222222222,0.9004629629629629,0.8715277777777778,0.8344907407407407,0.7384259259259259,0.43287037037037035,0.8947977582846004,0.23740867094946905,0.23740867094946905,0.23797481083300168,0.23822345213580684,0.23822345213580684,0.23835529944833178,0.23835529944833178,0.23835529944833178,0.23858156491492266,0.23785929941267092,0.23827682908862596,0.23839347512066744,0.23615751220992592,0.23271411974488873,0.2303473570784171,0.2272021395259205,0.2215160277728966,0.20404472119186803,0.11892293648573668,0.22780636515237307,0.9538663073393676,0.9538663073393676,0.955923527095597,0.953521289143352,0.953521289143352,0.952417165272345,0.952417165272345,0.952417165272345,0.9496761850962864,0.9468453178630781,0.943544448074377,0.9391030607022502,0.9309842666053458,0.9191457843903313,0.9100495279983007,0.8851725370258728,0.855026236295269,0.7769815114941493,0.4889360893116493,0.9038639568807885,0.9120373504717975,0.9120373504717975,0.9139893205648016,0.9157563021705697,0.9157563021705697,0.9165420400115244,0.9165420400115244,0.9165420400115244,0.9182904845845393,0.9199149614685037,0.9218535846834942,0.9252621655446769,0.9279031299794258,0.9314642104493984,0.9335099417340519,0.9386537858644616,0.9435468143389758,0.9519066454045799,0.9683044339243304,0.92630594230845,0.4850729107655193,0.4850729107655193,0.4850636242044158,0.48471705548462335,0.48471705548462335,0.48455184100355314,0.48455184100355314,0.48455184100355314,0.48385946101650107,0.481915633370882,0.4811277154959374,0.47852849653918594,0.4732745504239097,0.4651213912497368,0.45950788284285216,0.44718148301625754,0.4296187209230726,0.38213428497873275,0.21179735081556514,0.45644031844147337,827.0,827.0,825.0,823.0,823.0,822.0,822.0,822.0,819.0,816.0,812.0,804.0,797.0,786.0,778.0,753.0,721.0,638.0,374.0,773.1052631578947,6.0,6.0,8.0,10.0,10.0,11.0,11.0,11.0,14.0,17.0,21.0,29.0,36.0,47.0,55.0,80.0,112.0,195.0,459.0,59.89473684210526,37.0,37.0,39.0,41.0,41.0,42.0,42.0,42.0,45.0,48.0,52.0,60.0,67.0,78.0,86.0,111.0,143.0,226.0,490.0,90.89473684210526,0.9003601440576231,0.9203171529282598,0.9243697478991597,0.9807923169267707,0.9456018518518519,1.0,0.0,0.0,0.8222078198588094,0.9628756629345905,0.08231173380035026,0.9228078871600672,751.8991139423882,817,16,47,20,2,0,0,18.0,571,0.4007071302298173,0.40816326530612246,0.39351851851851855,340,493,524,864,833,26,2
tagging_009_tagging_aria03_rgb,0.4925556520587808,0.9252325668804257,0.4557285302858076,0.4925556520587808,0.4925556520587808,0.4925556520587808,0.4925556520587808,0.4925556520587808,0.4925556520587808,0.4925556520587808,0.4925556520587808,0.49028692362275783,0.49028692362275783,0.4874595313749609,0.4795194844702629,0.46907223422430633,0.46027546993254714,0.4536919420467007,0.43930599256258934,0.41144861466890864,0.3509350680205591,0.2121350933013695,0.4570980260167351,0.9452830188679245,0.9452830188679245,0.9452830188679245,0.9452830188679245,0.9452830188679245,0.9452830188679245,0.9452830188679245,0.9452830188679245,0.9379699248120301,0.9379699248120301,0.9343339587242027,0.9199255121042831,0.8987108655616943,0.8779599271402551,0.8576576576576577,0.8247787610619469,0.7714776632302406,0.6339144215530903,0.3637566137566138,0.8695115463872339,0.2566544257460617,0.2566544257460617,0.2566544257460617,0.2566544257460617,0.2566544257460617,0.2566544257460617,0.2566544257460617,0.2566544257460617,0.2562782250439859,0.2562782250439859,0.2543167702614097,0.24995386361299296,0.2448270843845473,0.24130202492463335,0.23999829820241447,0.23398972453281547,0.21943598704353023,0.1942776781523028,0.12371265870671072,0.24040031294093803,0.9940476190476191,0.9940476190476191,0.9940476190476191,0.9940476190476191,0.9940476190476191,0.9940476190476191,0.9940476190476191,0.9940476190476191,0.9900793650793651,0.9900793650793651,0.9880952380952381,0.9801587301587301,0.9682539682539683,0.9563492063492064,0.9444444444444444,0.9246031746031746,0.8908730158730159,0.7936507936507936,0.5456349206349206,0.9434001670843778,0.9506641366223909,0.9506641366223909,0.9506641366223909,0.9506641366223909,0.9506641366223909,0.9506641366223909,0.9506641366223909,0.9506641366223909,0.9468690702087287,0.9468690702087287,0.9449715370018975,0.937381404174573,0.9259962049335864,0.9146110056925996,0.9032258064516129,0.8842504743833017,0.8519924098671727,0.7590132827324478,0.5218216318785579,0.9022271047638072,0.2567011626795286,0.2567011626795286,0.2567011626795286,0.2567011626795286,0.2567011626795286,0.2567011626795286,0.2567011626795286,0.2567011626795286,0.2564273218969709,0.2564273218969709,0.2549494164340647,0.2515909387726026,0.24755921189686395,0.24483660051187825,0.2438248026483321,0.23910781636103523,0.22724496927025845,0.2064320625610948,0.13948013862969874,0.24323631064821044,0.9980384059467272,0.9980384059467272,0.9980384059467272,0.9980384059467272,0.9980384059467272,0.9980384059467272,0.9980384059467272,0.9980384059467272,0.9941442104599003,0.9941442104599003,0.9921548444470718,0.9843498328127067,0.9724607424165733,0.9609826848044472,0.9505794180699176,0.9314435859757061,0.8975706948786996,0.8131130853148271,0.5876191041839328,0.9506773505998686,0.9252325668804257,0.9252325668804257,0.9252325668804257,0.9252325668804257,0.9252325668804257,0.9252325668804257,0.9252325668804257,0.9252325668804257,0.9271966385055661,0.9271966385055661,0.9280108713570201,0.930888446196682,0.9347365921306914,0.9380557490079435,0.9407472656053653,0.9442448045597145,0.9486733527370796,0.9573416280484892,0.9692207817823485,0.9341143843936776,0.5051007036531493,0.5051007036531493,0.5051007036531493,0.5051007036531493,0.5051007036531493,0.5051007036531493,0.5051007036531493,0.5051007036531493,0.5037219295754516,0.5037219295754516,0.5012875319246027,0.4949691521268569,0.4868827333058619,0.48038422125120794,0.4760935406129676,0.46513185456122386,0.44214205813125473,0.39266860512932344,0.25981136756302853,0.4761905554201276,501.0,501.0,501.0,501.0,501.0,501.0,501.0,501.0,499.0,499.0,498.0,494.0,488.0,482.0,476.0,466.0,449.0,400.0,275.0,475.4736842105263,3.0,3.0,3.0,3.0,3.0,3.0,3.0,3.0,5.0,5.0,6.0,10.0,16.0,22.0,28.0,38.0,55.0,104.0,229.0,28.526315789473685,26.0,26.0,26.0,26.0,26.0,26.0,26.0,26.0,28.0,28.0,29.0,33.0,39.0,45.0,51.0,61.0,78.0,127.0,252.0,51.526315789473685,0.9186507936507936,0.9271966385055661,0.9345238095238095,0.9900793650793651,0.9468690702087287,1.0,0.0,0.0,0.846569687726741,0.967992240543162,0.04903677758318739,0.9327319643115239,462.67112261427746,499,5,28,8,2,0,0,9.0,571,0.3860329776915616,0.3948412698412698,0.3776091081593928,199,305,328,527,504,13,2
tagging_009_tagging_aria04_rgb,0.4182233714522583,0.9292968144490152,0.38865364681871084,0.4182233714522583,0.4182233714522583,0.4182233714522583,0.4182233714522583,0.4182233714522583,0.4182233714522583,0.4182233714522583,0.4182233714522583,0.4182233714522583,0.41632417082070844,0.41473171302913164,0.41154807230611146,0.4104404819007192,0.40328929909499794,0.3976087258073749,0.3898871012237234,0.3719810744359325,0.3313649373373486,0.17033497987974033,0.39376425783716384,0.9769417475728155,0.9769417475728155,0.9769417475728155,0.9769417475728155,0.9769417475728155,0.9769417475728155,0.9769417475728155,0.9769417475728155,0.9769417475728155,0.9721549636803875,0.967391304347826,0.9579326923076923,0.9532374100719424,0.9323843416370107,0.9164705882352941,0.89198606271777,0.8303370786516854,0.7165437302423604,0.31370967741935485,0.9076117672350875,0.17903911759678054,0.17903911759678054,0.17903911759678054,0.17903911759678054,0.17903911759678054,0.17903911759678054,0.17903911759678054,0.17903911759678054,0.17903911759678054,0.1782903155206583,0.1778002272906874,0.1768097249200817,0.17672553280318753,0.17443692638486355,0.1725016611199481,0.17041964897688708,0.16664306977980317,0.15323938660302813,0.09248680375214167,0.17108975555380587,0.9962871287128713,0.9962871287128713,0.9962871287128713,0.9962871287128713,0.9962871287128713,0.9962871287128713,0.9962871287128713,0.9962871287128713,0.9962871287128713,0.9938118811881188,0.9913366336633663,0.9863861386138614,0.9839108910891089,0.9727722772277227,0.9641089108910891,0.9504950495049505,0.9146039603960396,0.8415841584158416,0.4814356435643564,0.949843668577384,0.9805115712545676,0.9805115712545676,0.9805115712545676,0.9805115712545676,0.9805115712545676,0.9805115712545676,0.9805115712545676,0.9805115712545676,0.9805115712545676,0.9780755176613886,0.9756394640682094,0.9707673568818515,0.9683313032886723,0.9573690621193667,0.9488428745432399,0.9354445797807551,0.9001218026796589,0.8282582216808769,0.47381242387332523,0.9348035130457081,0.1790701823104569,0.1790701823104569,0.1790701823104569,0.1790701823104569,0.1790701823104569,0.1790701823104569,0.1790701823104569,0.1790701823104569,0.1790701823104569,0.17843715905720234,0.178020409528393,0.17718063569744213,0.17713410729498116,0.17522758596282098,0.17360525717258368,0.17187480243401296,0.16883003935493074,0.15716579737632366,0.09988333347554022,0.17205214569201804,0.9907302842085451,0.9907302842085451,0.9907302842085451,0.9907302842085451,0.9907302842085451,0.9907302842085451,0.9907302842085451,0.9907302842085451,0.9907302842085451,0.9882461713316596,0.9858005011106702,0.9809524722401795,0.9789758327573455,0.9683874508244569,0.9597047351727767,0.9473916773196648,0.9194511083482834,0.8510816421263817,0.5363949237661888,0.9491031090986585,0.9292968144490152,0.9292968144490152,0.9292968144490152,0.9292968144490152,0.9292968144490152,0.9292968144490152,0.9292968144490152,0.9292968144490152,0.9292968144490152,0.930451574670453,0.9315103532302643,0.9333529751852518,0.9341267537095121,0.9372479005363832,0.9391815646098095,0.9415534023191535,0.9461581408491841,0.9517654206283834,0.9674835577662754,0.9356054196603056,0.4223438982603899,0.4223438982603899,0.4223438982603899,0.4223438982603899,0.4223438982603899,0.4223438982603899,0.4223438982603899,0.4223438982603899,0.4223438982603899,0.4209359023238677,0.41983315589282777,0.4176154473116367,0.4169918182153959,0.4119313123713811,0.4078117073224565,0.40247115758884205,0.3904003222247153,0.3591153578036857,0.21101289980857252,0.40311653501088895,805.0,805.0,805.0,805.0,805.0,805.0,805.0,805.0,805.0,803.0,801.0,797.0,795.0,786.0,779.0,768.0,739.0,680.0,389.0,767.4736842105264,3.0,3.0,3.0,3.0,3.0,3.0,3.0,3.0,3.0,5.0,7.0,11.0,13.0,22.0,29.0,40.0,69.0,128.0,419.0,40.526315789473685,16.0,16.0,16.0,16.0,16.0,16.0,16.0,16.0,16.0,18.0,20.0,24.0,26.0,35.0,42.0,53.0,82.0,141.0,432.0,53.526315789473685,0.9554455445544554,0.9301105816948066,0.9715346534653465,0.9938118811881188,0.9780755176613886,1.0,0.0,0.0,0.8859886102734279,0.9858809085328423,0.03152364273204904,0.9701560107025906,746.8787971009298,803,5,18,13,2,0,0,7.0,571,0.2283609576427256,0.2301980198019802,0.22655298416565164,186,622,635,821,808,18,2
tagging_010_tagging_aria01_rgb,0.3745646046216993,0.9068763865240217,0.33968379515912556,0.3745646046216993,0.3745646046216993,0.3745646046216993,0.3745646046216993,0.3745646046216993,0.3745646046216993,0.3745646046216993,0.37188203157391425,0.36845391723026816,0.36845391723026816,0.3645065633410286,0.360122121351011,0.3575628888761849,0.3539332709165614,0.3459727929962123,0.3327488312694796,0.30599018437527264,0.2514415078736065,0.10470699116815564,0.34251196055546623,0.912621359223301,0.912621359223301,0.912621359223301,0.912621359223301,0.912621359223301,0.912621359223301,0.912621359223301,0.9052224371373307,0.8942307692307693,0.8942307692307693,0.8797709923664122,0.8690702087286527,0.8620037807183365,0.8515037593984962,0.8207024029574861,0.7779783393501805,0.6953528399311532,0.5366614664586583,0.1881785283474065,0.8191187267588822,0.1537314918366726,0.1537314918366726,0.1537314918366726,0.1537314918366726,0.1537314918366726,0.1537314918366726,0.1537314918366726,0.15277598050363053,0.1518157211690564,0.1518157211690564,0.15102229542861637,0.1492260820631172,0.14831862964097475,0.14711474715060108,0.14584723166675134,0.14231988104410057,0.13465105419470733,0.11780766057035935,0.0582614504203573,0.14353141567779137,0.9853249475890985,0.9853249475890985,0.9853249475890985,0.9853249475890985,0.9853249475890985,0.9853249475890985,0.9853249475890985,0.9811320754716981,0.9748427672955975,0.9748427672955975,0.9664570230607966,0.960167714884696,0.9559748427672956,0.949685534591195,0.9308176100628931,0.9035639412997903,0.8469601677148847,0.7211740041928721,0.3270440251572327,0.9152598477325388,0.9251968503937008,0.9251968503937008,0.9251968503937008,0.9251968503937008,0.9251968503937008,0.9251968503937008,0.9251968503937008,0.9212598425196851,0.9153543307086615,0.9153543307086615,0.90748031496063,0.9015748031496063,0.8976377952755905,0.8917322834645669,0.8740157480314961,0.8484251968503937,0.7952755905511811,0.6771653543307087,0.30708661417322836,0.8594073767094903,0.16256692173984047,0.16256692173984047,0.16256692173984047,0.16256692173984047,0.16256692173984047,0.16256692173984047,0.16256692173984047,0.1617667381321836,0.16098307562569897,0.16098307562569897,0.16039600243613641,0.15889619475476657,0.15812556069467226,0.15710507156762543,0.15626745753606916,0.15331450317596068,0.1460872776094638,0.1294033864352517,0.06665199694942774,0.15304993645904416,0.8764266992643495,0.8764266992643495,0.8764266992643495,0.8764266992643495,0.8764266992643495,0.8764266992643495,0.8764266992643495,0.8719812293181858,0.865669594158374,0.865669594158374,0.8573628404488268,0.8502793513456265,0.846052558609256,0.8397631607590726,0.8210938939725019,0.7961425596926195,0.7521036795813125,0.6747688447944177,0.3733962665080221,0.8183826562208966,0.9068763865240217,0.9068763865240217,0.9068763865240217,0.9068763865240217,0.9068763865240217,0.9068763865240217,0.9068763865240217,0.9091237065274747,0.9122544128925499,0.9122544128925499,0.915493365973028,0.9177547897727664,0.9190534437519285,0.920617766284212,0.9245356846963484,0.9289937927870131,0.9359679143819629,0.9465609447318851,0.9659882798413841,0.9187754326421713,0.38919850222831454,0.38919850222831454,0.38919850222831454,0.38919850222831454,0.38919850222831454,0.38919850222831454,0.38919850222831454,0.3871607093104241,0.3847030773771114,0.3847030773771114,0.3820426128794388,0.37852617639436686,0.37654864048418973,0.373781684000122,0.36845240074443075,0.35860160713739814,0.33770413003653854,0.2914786824076862,0.13803644177162855,0.36242782923782363,470.0,470.0,470.0,470.0,470.0,470.0,470.0,468.0,465.0,465.0,461.0,458.0,456.0,453.0,444.0,431.0,404.0,344.0,156.0,436.57894736842104,7.0,7.0,7.0,7.0,7.0,7.0,7.0,9.0,12.0,12.0,16.0,19.0,21.0,24.0,33.0,46.0,73.0,133.0,321.0,40.421052631578945,38.0,38.0,38.0,38.0,38.0,38.0,38.0,40.0,43.0,43.0,47.0,50.0,52.0,55.0,64.0,77.0,104.0,164.0,352.0,71.42105263157895,0.8553459119496856,0.911474236309827,0.8888888888888888,0.9769392033542977,0.9173228346456693,1.0,0.0,0.0,0.7688616228938772,0.9461928934010152,0.0997624703087886,0.8863645283382475,424.7469941203794,466,11,42,16,2,0,0,13.0,421,0.20913705583756345,0.21593291404612158,0.20275590551181102,103,374,405,508,477,23,2
tagging_010_tagging_aria03_rgb,0.3719247598032172,0.9186310499684466,0.3416616326072917,0.3719247598032172,0.3719247598032172,0.3719247598032172,0.37158467050482225,0.37158467050482225,0.37158467050482225,0.37158467050482225,0.37158467050482225,0.3691911021949479,0.3679882979842483,0.3670228923838066,0.3631472238641154,0.35928813846507324,0.35796131944209153,0.34501648160355786,0.3366489902207226,0.31599541810433235,0.27344501324006004,0.13235993567706353,0.34535591816388334,0.9743150684931506,0.9743150684931506,0.9743150684931506,0.9709401709401709,0.9709401709401709,0.9709401709401709,0.9709401709401709,0.9709401709401709,0.9642248722316865,0.9575551782682513,0.9542372881355933,0.9410774410774411,0.931323283082077,0.9280936454849499,0.8870703764320785,0.8596774193548387,0.7903726708074534,0.6494992846924177,0.2546245919477693,0.8892316900892033,0.14197463574961966,0.14197463574961966,0.14197463574961966,0.14220769877146783,0.14220769877146783,0.14220769877146783,0.14220769877146783,0.14220769877146783,0.1413592138776207,0.14141784257095666,0.14116593976008418,0.14013289496051357,0.13860704310376526,0.1380639839956764,0.1341904495299225,0.1318314754639999,0.1263367370242202,0.1151227984820127,0.06880385134217541,0.13442077006406028,0.9793459552495697,0.9793459552495697,0.9793459552495697,0.9776247848537005,0.9776247848537005,0.9776247848537005,0.9776247848537005,0.9776247848537005,0.9741824440619621,0.9707401032702238,0.9690189328743546,0.9621342512908778,0.9569707401032702,0.955249569707401,0.9328743545611016,0.9173838209982789,0.8760757314974182,0.7814113597246127,0.4027538726333907,0.9223661563547423,0.9947552447552448,0.9947552447552448,0.9947552447552448,0.993006993006993,0.993006993006993,0.993006993006993,0.993006993006993,0.993006993006993,0.9895104895104895,0.986013986013986,0.9842657342657343,0.9772727272727273,0.972027972027972,0.9702797202797203,0.9475524475524476,0.9318181818181818,0.8898601398601399,0.7937062937062938,0.4090909090909091,0.936878910563121,0.14199948604369064,0.14199948604369064,0.14199948604369064,0.14223255664479684,0.14223255664479684,0.14223255664479684,0.14223255664479684,0.14223255664479684,0.14148933563448127,0.1415701384705972,0.1413490807395936,0.1404547453486411,0.1391211523203513,0.13864172293540325,0.13524369069112482,0.13315549842328891,0.1283344138740681,0.1182640763616559,0.07419159442322153,0.13520929950407803,0.9971241412366193,0.9971241412366193,0.9971241412366193,0.9971190781049936,0.9971190781049936,0.9971190781049936,0.9971190781049936,0.9971190781049936,0.993701528153825,0.9932493629302139,0.9915034639723804,0.98457822416824,0.9793819948089205,0.9777605022863645,0.9551595165508509,0.9401469035638986,0.8987250106639119,0.8121547807166527,0.492901487518934,0.9471700310299485,0.9186310499684466,0.9186310499684466,0.9186310499684466,0.9199641800709506,0.9199641800709506,0.9199641800709506,0.9199641800709506,0.9199641800709506,0.9216995882194714,0.9233155197427914,0.9240536712904125,0.9265371456927166,0.9281482537466262,0.9285609007306295,0.9336064371222798,0.936401739089247,0.9412205341755975,0.948368594755539,0.9662190168208084,0.9280971290340112,0.3728837422970073,0.3728837422970073,0.3728837422970073,0.3728615975345223,0.3728615975345223,0.3728615975345223,0.3728615975345223,0.3728615975345223,0.37109252817320126,0.3705131186632704,0.3698546583517939,0.36718749702850306,0.36420170870348223,0.3631605172702002,0.35381185536028964,0.34776437811973365,0.3326868637374952,0.29993042942844617,0.16646626559202096,0.35208573868379317,569.0,569.0,569.0,568.0,568.0,568.0,568.0,568.0,566.0,564.0,563.0,559.0,556.0,555.0,542.0,533.0,509.0,454.0,234.0,535.8947368421053,12.0,12.0,12.0,13.0,13.0,13.0,13.0,13.0,15.0,17.0,18.0,22.0,25.0,26.0,39.0,48.0,72.0,127.0,347.0,45.10526315789474,3.0,3.0,3.0,4.0,4.0,4.0,4.0,4.0,6.0,8.0,9.0,13.0,16.0,17.0,30.0,39.0,63.0,118.0,338.0,36.10526315789474,0.9328743545611016,0.9233155197427914,0.9569707401032702,0.9707401032702238,0.986013986013986,1.0,0.0,0.0,0.8584336542769955,0.9783174327840416,0.019002375296912115,0.9549980584583851,520.7499531349343,564,17,8,14,2,0,0,10.0,421,0.20815264527320035,0.20654044750430292,0.2097902097902098,120,461,452,572,581,18,2
tagging_010_tagging_aria04_rgb,0.36558671097039724,0.9084449856700454,0.33211541440866155,0.36558671097039724,0.36558671097039724,0.3647679064829021,0.3647679064829021,0.3639645883400974,0.36007843506601245,0.35757452487842006,0.3570057921020813,0.3557610165584777,0.3552592045116703,0.3489615204931777,0.34603184166644074,0.3439575437307738,0.3408155775814969,0.3315601013919626,0.3252565132881496,0.3092024730828154,0.2638717093301995,0.14293264468195577,0.3348917221900174,0.9129129129129129,0.9129129129129129,0.9100449775112444,0.9100449775112444,0.907185628742515,0.8902077151335311,0.8818316100443131,0.8790560471976401,0.8735294117647059,0.8707782672540382,0.8517441860465116,0.8410404624277457,0.8357348703170029,0.8252148997134671,0.7994350282485876,0.7818181818181819,0.7333333333333333,0.6005025125628141,0.2638888888888889,0.8148008854916626,0.14640349736284497,0.14640349736284497,0.14620774674653395,0.14620774674653395,0.14602328053763225,0.14564744519220446,0.14499314765502988,0.1449886341158164,0.14489025692567437,0.14493827778713378,0.1429703246348437,0.1423689356174769,0.1415601958123779,0.1407575868571217,0.13751223920709252,0.13531509230232633,0.13037204912799433,0.11595002107099095,0.07741796557558062,0.13794357582305547,0.9918433931484503,0.9918433931484503,0.9902120717781403,0.9902120717781403,0.9885807504078303,0.9787928221859706,0.9738988580750407,0.9722675367047309,0.9690048939641109,0.967373572593801,0.9559543230016313,0.9494290375203915,0.9461663947797716,0.9396411092985318,0.9233278955954323,0.9119086460032626,0.8792822185970636,0.7797716150081566,0.433931484502447,0.9228127414784922,0.9198184568835098,0.9198184568835098,0.9183055975794251,0.9183055975794251,0.9167927382753404,0.9077155824508321,0.903177004538578,0.9016641452344932,0.8986384266263238,0.897125567322239,0.886535552193646,0.8804841149773072,0.8774583963691377,0.8714069591527988,0.8562783661119516,0.8456883509833586,0.8154311649016641,0.7231467473524962,0.40242057488653554,0.8558006210685564,0.14669644573605492,0.14669644573605492,0.14652146957294435,0.14652146957294435,0.14635550991340165,0.14603611927610158,0.14545038671354524,0.14545117358279716,0.1453618815456371,0.14541582722611326,0.14373011474032724,0.14323070549379574,0.14252171754962842,0.1418055465500514,0.1389604534772218,0.13706098312190018,0.13269516488032215,0.11952109648245463,0.08296194092475936,0.1391049711629503,0.9652379322159597,0.9652379322159597,0.9638421133233994,0.9638421133233994,0.962510444643515,0.9579806714005898,0.9543068652249223,0.9531815411732862,0.9513053286295374,0.9496211892174455,0.9425524951689339,0.9366354543471951,0.9331911494622966,0.9277475026128214,0.912038010755257,0.9038608603517738,0.8737969939307082,0.7908166995130949,0.5214332923946173,0.9120599257844585,0.9084449856700454,0.9084449856700454,0.9097026638731337,0.9097026638731337,0.9108356665093719,0.9170847699474107,0.919982181681588,0.9208852587485299,0.9225017414131166,0.9232853390579309,0.9280514022399349,0.9305575236694401,0.9316536518272203,0.9333750440088713,0.9369785523961162,0.9390061285933082,0.9434032264925067,0.9516621457865637,0.9677698881910296,0.9270172536657524,0.3810634351301163,0.3810634351301163,0.3804953032770563,0.3804953032770563,0.3799418432482866,0.3775694292760661,0.3757774087540912,0.37545671140887643,0.37469903662632476,0.3744455362112524,0.36969325108206325,0.3676536434147004,0.3659774584808689,0.3636779001487584,0.3563269375807847,0.3512762482793576,0.3385761725229763,0.30069009825858317,0.1832869136882692,0.3567455824102949,608.0,608.0,607.0,607.0,606.0,600.0,597.0,596.0,594.0,593.0,586.0,582.0,580.0,576.0,566.0,559.0,539.0,478.0,266.0,565.6842105263158,5.0,5.0,6.0,6.0,7.0,13.0,16.0,17.0,19.0,20.0,27.0,31.0,33.0,37.0,47.0,54.0,74.0,135.0,347.0,47.31578947368421,53.0,53.0,54.0,54.0,55.0,61.0,64.0,65.0,67.0,68.0,75.0,79.0,81.0,85.0,95.0,102.0,122.0,183.0,395.0,95.3157894736842,0.8499184339314845,0.923243461182135,0.8792822185970636,0.9787928221859706,0.9077155824508321,1.0,0.0,0.0,0.7747896846807194,0.9419152276295133,0.14489311163895488,0.877234465733926,553.946076709281,600,13,61,18,2,0,0,14.0,421,0.2150706436420722,0.2234910277324633,0.20726172465960666,137,476,524,661,613,23,2
COMBINED,0.7105859017241036,0.918662602985268,0.6527886941224988,0.7105859017241036,0.710525262442408,0.7104142339026882,0.7102554540708286,0.7100970845801408,0.7097249994709034,0.7095285455898952,0.70873629490649,0.707978008548377,0.7064234406189615,0.704887127858287,0.7023808765607339,0.6981913787191192,0.6919067862677846,0.6802089739602426,0.6585884890755141,0.61286154013468,0.5060348387522416,0.24899068065325441,0.6630694693598239,0.9815694372741353,0.9813307638040505,0.9809558216350124,0.9804107044578977,0.9798658872077028,0.9790492231541317,0.9783691842485053,0.9762640304808979,0.9740279777823493,0.9700427715996578,0.9661407642659564,0.9595827235288111,0.9504217622548189,0.936742073837356,0.9122340867196971,0.8714589868192234,0.7910594017825201,0.6151289028529751,0.2476460836683172,0.8964368730196851,0.5144132493889361,0.5144505473484362,0.5144863536161617,0.5145423318447889,0.5145988610401864,0.5144885088118546,0.5145611340913215,0.5145197610838409,0.5145980115779881,0.514445436908926,0.5142789554044004,0.514118151214727,0.5128998731691582,0.5110638395073681,0.5071990347563228,0.49771567509549813,0.474805389494015,0.4162887759676804,0.2503425781414951,0.4917798141296371,0.9901228995972782,0.9900013886960144,0.9898104429940286,0.9895327037911401,0.9892549645882517,0.9888383557839189,0.9884911817803083,0.9874149423691154,0.9862692681572004,0.9842209415358978,0.9822073323149563,0.9788050270795723,0.9740140258297458,0.9667754478544647,0.9535481183169005,0.9307735036800444,0.8828287737814192,0.7612657964171643,0.3967504513262047,0.9321539771522961,0.9912757859613145,0.9911541335743209,0.9909629655376166,0.9906849029387741,0.9904068403399315,0.9899897464416677,0.9896421681931145,0.9885646756225995,0.9874176674023739,0.98536695573591,0.9833510018943015,0.97994473505848,0.9751481552284458,0.9679011487461114,0.9546584174762344,0.931857284371144,0.8838567282459464,0.7621522045150414,0.39721242244660326,0.9332393652489436,0.5163317726905473,0.5163691074492852,0.51641503384894,0.5164804377449301,0.516545353026195,0.5165120295093608,0.5165927625912524,0.5166609364414253,0.5168272816900937,0.5168920785173772,0.5169577098047641,0.5171363429808236,0.5166531006102068,0.5159269225132469,0.5142353653762615,0.5093582886549202,0.49611552280989585,0.4570059220062809,0.3185094041241298,0.5014487038099967,0.9776583228930271,0.9775901354473886,0.9775624733804674,0.977348495104078,0.9771556069155738,0.9768502967419285,0.9766450319958382,0.9758913798371396,0.9750951579580743,0.9735303959030048,0.971966870420865,0.9691887260292426,0.9653794054735033,0.9594321745696783,0.9489675529529289,0.9301444733263183,0.8916072267151167,0.7972921757310754,0.5135776007489844,0.932257026428644,0.918662602985268,0.9187659624406664,0.9189205848956823,0.9191276634476716,0.9193222672758906,0.9195925286163555,0.9198004165794753,0.9203920744632673,0.9209640953711331,0.9218920199139542,0.9227031128095303,0.9239092688934902,0.9253735430275537,0.9272324054714206,0.930018734413538,0.9337551339597618,0.9394976322341595,0.9490975113517037,0.9669232169257506,0.9271553039513827,0.7136752329149662,0.7136573101218655,0.7136133165708131,0.7135520057048204,0.7134910497374611,0.7132643066376129,0.7131894163096829,0.7127724042345999,0.7124129450495498,0.7115672647637393,0.71072396952226,0.7093810195669394,0.706803841467389,0.7029110699953146,0.6954413600038754,0.6806324725908363,0.6474348305364876,0.5629444080693605,0.31515635938975406,0.6769802412203858,57039.0,57032.0,57021.0,57005.0,56989.0,56965.0,56945.0,56883.0,56817.0,56699.0,56583.0,56387.0,56111.0,55694.0,54932.0,53620.0,50858.0,43855.0,22856.0,53699.52631578947,569.0,576.0,587.0,603.0,619.0,643.0,663.0,725.0,791.0,909.0,1025.0,1221.0,1497.0,1914.0,2676.0,3988.0,6750.0,13753.0,34752.0,3908.4736842105262,502.0,509.0,520.0,536.0,552.0,576.0,596.0,658.0,724.0,842.0,958.0,1154.0,1430.0,1847.0,2609.0,3921.0,6683.0,13686.0,34685.0,3841.4736842105262,0.961845577003194,0.9218004440175546,0.9725906124149424,0.9857137897514234,0.9868615422046888,0.9939393939393939,0.006060606060606061,0.0,0.8847631963188591,0.9862873320654109,0.022890362430738487,0.9725421522939692,52344.438213536836,56785,823,756,619,164,1,0,648.0,33027,0.6032358075189537,0.6028850159700042,0.6035870075250691,34731,22877,22810,57541,57608,777,165
