seq,HOTA(0),LocA(0),HOTALocA(0),HOTA___5,HOTA___10,HOTA___15,HOTA___20,HOTA___25,HOTA___30,HOTA___35,HOTA___40,HOTA___45,HOTA___50,HOTA___55,HOTA___60,HOTA___65,HOTA___70,HOTA___75,HOTA___80,HOTA___85,HOTA___90,HOTA___95,HOTA___AUC,DetA___5,DetA___10,DetA___15,DetA___20,DetA___25,DetA___30,DetA___35,DetA___40,DetA___45,DetA___50,DetA___55,DetA___60,DetA___65,DetA___70,DetA___75,DetA___80,DetA___85,DetA___90,DetA___95,DetA___AUC,AssA___5,AssA___10,AssA___15,AssA___20,AssA___25,AssA___30,AssA___35,AssA___40,AssA___45,AssA___50,AssA___55,AssA___60,AssA___65,AssA___70,AssA___75,AssA___80,AssA___85,AssA___90,AssA___95,AssA___AUC,DetRe___5,DetRe___10,DetRe___15,DetRe___20,DetRe___25,DetRe___30,DetRe___35,DetRe___40,DetRe___45,DetRe___50,DetRe___55,DetRe___60,DetRe___65,DetRe___70,DetRe___75,DetRe___80,DetRe___85,DetRe___90,DetRe___95,DetRe___AUC,DetPr___5,DetPr___10,DetPr___15,DetPr___20,DetPr___25,DetPr___30,DetPr___35,DetPr___40,DetPr___45,DetPr___50,DetPr___55,DetPr___60,DetPr___65,DetPr___70,DetPr___75,DetPr___80,DetPr___85,DetPr___90,DetPr___95,DetPr___AUC,AssRe___5,AssRe___10,AssRe___15,AssRe___20,AssRe___25,AssRe___30,AssRe___35,AssRe___40,AssRe___45,AssRe___50,AssRe___55,AssRe___60,AssRe___65,AssRe___70,AssRe___75,AssRe___80,AssRe___85,AssRe___90,AssRe___95,AssRe___AUC,AssPr___5,AssPr___10,AssPr___15,AssPr___20,AssPr___25,AssPr___30,AssPr___35,AssPr___40,AssPr___45,AssPr___50,AssPr___55,AssPr___60,AssPr___65,AssPr___70,AssPr___75,AssPr___80,AssPr___85,AssPr___90,AssPr___95,AssPr___AUC,LocA___5,LocA___10,LocA___15,LocA___20,LocA___25,LocA___30,LocA___35,LocA___40,LocA___45,LocA___50,LocA___55,LocA___60,LocA___65,LocA___70,LocA___75,LocA___80,LocA___85,LocA___90,LocA___95,LocA___AUC,OWTA___5,OWTA___10,OWTA___15,OWTA___20,OWTA___25,OWTA___30,OWTA___35,OWTA___40,OWTA___45,OWTA___50,OWTA___55,OWTA___60,OWTA___65,OWTA___70,OWTA___75,OWTA___80,OWTA___85,OWTA___90,OWTA___95,OWTA___AUC,HOTA_TP___5,HOTA_TP___10,HOTA_TP___15,HOTA_TP___20,HOTA_TP___25,HOTA_TP___30,HOTA_TP___35,HOTA_TP___40,HOTA_TP___45,HOTA_TP___50,HOTA_TP___55,HOTA_TP___60,HOTA_TP___65,HOTA_TP___70,HOTA_TP___75,HOTA_TP___80,HOTA_TP___85,HOTA_TP___90,HOTA_TP___95,HOTA_TP___AUC,HOTA_FN___5,HOTA_FN___10,HOTA_FN___15,HOTA_FN___20,HOTA_FN___25,HOTA_FN___30,HOTA_FN___35,HOTA_FN___40,HOTA_FN___45,HOTA_FN___50,HOTA_FN___55,HOTA_FN___60,HOTA_FN___65,HOTA_FN___70,HOTA_FN___75,HOTA_FN___80,HOTA_FN___85,HOTA_FN___90,HOTA_FN___95,HOTA_FN___AUC,HOTA_FP___5,HOTA_FP___10,HOTA_FP___15,HOTA_FP___20,HOTA_FP___25,HOTA_FP___30,HOTA_FP___35,HOTA_FP___40,HOTA_FP___45,HOTA_FP___50,HOTA_FP___55,HOTA_FP___60,HOTA_FP___65,HOTA_FP___70,HOTA_FP___75,HOTA_FP___80,HOTA_FP___85,HOTA_FP___90,HOTA_FP___95,HOTA_FP___AUC,MOTA,MOTP,MODA,CLR_Re,CLR_Pr,MTR,PTR,MLR,sMOTA,CLR_F1,FP_per_frame,MOTAL,MOTP_sum,CLR_TP,CLR_FN,CLR_FP,IDSW,MT,PT,ML,Frag,CLR_Frames,IDF1,IDR,IDP,IDTP,IDFN,IDFP,Dets,GT_Dets,IDs,GT_IDs
fencing_001_fencing_aria01_rgb,0.8549217751290973,0.935113257434975,0.7994486859930613,0.8549217751290973,0.8549217751290973,0.8549217751290973,0.8549217751290973,0.8549217751290973,0.8549217751290973,0.8549217751290973,0.8549217751290973,0.8538617224255862,0.852806315748712,0.8517555354877826,0.8507093621351367,0.8465703512171255,0.8420716693524208,0.8273491898907718,0.8146666135843796,0.7922470758608934,0.7235732701019643,0.3503595825910834,0.8129128889172966,1.0,1.0,1.0,1.0,1.0,1.0,1.0,1.0,0.9982978723404256,0.9965986394557823,0.9949022939677146,0.9932088285229203,0.9864636209813875,0.9780960404380792,0.9517871986699917,0.930921052631579,0.8935483870967742,0.785551330798479,0.3198426082068578,0.9383798880584207,0.7308912415898867,0.7308912415898867,0.7308912415898867,0.7308912415898867,0.7308912415898867,0.7308912415898867,0.7308912415898867,0.7308912415898867,0.7303229439068346,0.7297607917446491,0.729204763757055,0.7286548387821447,0.7265157521438995,0.7249642847019205,0.7191803829358414,0.7129301560136693,0.7024302637369755,0.666485125388147,0.38378825698547525,0.7053351312008266,1.0,1.0,1.0,1.0,1.0,1.0,1.0,1.0,0.9991482112436116,0.9982964224872232,0.9974446337308348,0.9965928449744463,0.9931856899488927,0.9889267461669506,0.975298126064736,0.9642248722316865,0.9437819420783645,0.8798977853492334,0.4846678023850085,0.9590244777189993,1.0,1.0,1.0,1.0,1.0,1.0,1.0,1.0,0.9991482112436116,0.9982964224872232,0.9974446337308348,0.9965928449744463,0.9931856899488927,0.9889267461669506,0.975298126064736,0.9642248722316865,0.9437819420783645,0.8798977853492334,0.4846678023850085,0.9590244777189993,0.7308912415898867,0.7308912415898867,0.7308912415898867,0.7308912415898867,0.7308912415898867,0.7308912415898867,0.7308912415898867,0.7308912415898867,0.7305785050191258,0.7302682129263978,0.7299603715742427,0.7296549872466103,0.7284581466148196,0.7277997994747863,0.7247887087801124,0.7212519092541605,0.7159217346408276,0.6977900004297835,0.5098483891947443,0.7154447735723529,1.0,1.0,1.0,1.0,1.0,1.0,1.0,1.0,0.9991501914775571,0.9983043501814833,0.9974624862754666,0.9966246099579432,0.9933131857660159,0.9892165363230804,0.9765028426996539,0.9664823274230254,0.9471627932964237,0.8896977816210524,0.5677984799947235,0.9643008202640225,0.935113257434975,0.935113257434975,0.935113257434975,0.935113257434975,0.935113257434975,0.935113257434975,0.935113257434975,0.935113257434975,0.9355437440521226,0.9359224966539125,0.9362760643033933,0.9365652817719283,0.9376132022954179,0.9387649042181564,0.9417336763000005,0.9436114516400695,0.9460850223643809,0.9509218013715636,0.9667537764315807,0.9395103937306487,0.8549217751290973,0.8549217751290973,0.8549217751290973,0.8549217751290973,0.8549217751290973,0.8549217751290973,0.8549217751290973,0.8549217751290973,0.8542252999265957,0.8535324174687958,0.8528431148226711,0.8521573791186074,0.8494498505219584,0.846721070457988,0.8375053908959902,0.8291109627742215,0.8142118879531915,0.7657929131281097,0.431288547372085,0.8224322650248944,1174.0,1174.0,1174.0,1174.0,1174.0,1174.0,1174.0,1174.0,1173.0,1172.0,1171.0,1170.0,1166.0,1161.0,1145.0,1132.0,1108.0,1033.0,569.0,1125.8947368421052,0.0,0.0,0.0,0.0,0.0,0.0,0.0,0.0,1.0,2.0,3.0,4.0,8.0,13.0,29.0,42.0,66.0,141.0,605.0,48.10526315789474,0.0,0.0,0.0,0.0,0.0,0.0,0.0,0.0,1.0,2.0,3.0,4.0,8.0,13.0,29.0,42.0,66.0,141.0,605.0,48.10526315789474,0.9948892674616695,0.9359224966539125,0.9965928449744463,0.9982964224872232,0.9982964224872232,1.0,0.0,0.0,0.9309209251093572,0.9982964224872232,0.0033277870216306157,0.996336431008804,1096.9011660783854,1172,2,2,2,2,0,0,3.0,601,0.778534923339012,0.778534923339012,0.778534923339012,914,260,260,1174,1174,4,2
fencing_001_fencing_aria02_rgb,1.0,0.9464139370645223,0.9464139370645223,1.0,1.0,1.0,1.0,1.0,1.0,1.0,1.0,1.0,1.0,1.0,1.0,0.9966777408637874,0.9933665008291874,0.9900662251655629,0.9900662251655629,0.9704918032786886,0.8606811145510835,0.3863898500576701,0.9572494452585023,1.0,1.0,1.0,1.0,1.0,1.0,1.0,1.0,1.0,1.0,1.0,1.0,0.9966777408637874,0.9933665008291874,0.9900662251655629,0.9900662251655629,0.9704918032786886,0.8606811145510835,0.3863898500576701,0.9572494452585023,1.0,1.0,1.0,1.0,1.0,1.0,1.0,1.0,1.0,1.0,1.0,1.0,0.9966777408637874,0.9933665008291874,0.9900662251655629,0.9900662251655629,0.9704918032786886,0.8606811145510835,0.3863898500576702,0.9572494452585023,1.0,1.0,1.0,1.0,1.0,1.0,1.0,1.0,1.0,1.0,1.0,1.0,0.9983361064891847,0.9966722129783694,0.9950083194675541,0.9950083194675541,0.9850249584026622,0.9251247920133111,0.5574043261231281,0.9711883702600926,1.0,1.0,1.0,1.0,1.0,1.0,1.0,1.0,1.0,1.0,1.0,1.0,0.9983361064891847,0.9966722129783694,0.9950083194675541,0.9950083194675541,0.9850249584026622,0.9251247920133111,0.5574043261231281,0.9711883702600926,1.0,1.0,1.0,1.0,1.0,1.0,1.0,1.0,1.0,1.0,1.0,1.0,0.9983361064891847,0.9966722129783694,0.9950083194675542,0.9950083194675542,0.9850249584026624,0.9251247920133112,0.5574043261231281,0.9711883702600926,1.0,1.0,1.0,1.0,1.0,1.0,1.0,1.0,1.0,1.0,1.0,1.0,0.9983361064891847,0.9966722129783694,0.9950083194675542,0.9950083194675542,0.9850249584026624,0.9251247920133112,0.5574043261231281,0.9711883702600926,0.9464139370645223,0.9464139370645223,0.9464139370645223,0.9464139370645223,0.9464139370645223,0.9464139370645223,0.9464139370645223,0.9464139370645223,0.9464139370645223,0.9464139370645223,0.9464139370645223,0.9464139370645223,0.9469105222668348,0.9473442476853138,0.947691548849325,0.947691548849325,0.9488712133814127,0.953305009603325,0.9680548750926846,0.9482545373948679,1.0,1.0,1.0,1.0,1.0,1.0,1.0,1.0,1.0,1.0,1.0,1.0,0.997506579045166,0.9950179840987827,0.9925341963194879,0.9925341963194879,0.9777313783216303,0.8923213754521719,0.4640855244372659,0.9637753281049469,601.0,601.0,601.0,601.0,601.0,601.0,601.0,601.0,601.0,601.0,601.0,601.0,600.0,599.0,598.0,598.0,592.0,556.0,335.0,583.6842105263158,0.0,0.0,0.0,0.0,0.0,0.0,0.0,0.0,0.0,0.0,0.0,0.0,1.0,2.0,3.0,3.0,9.0,45.0,266.0,17.31578947368421,0.0,0.0,0.0,0.0,0.0,0.0,0.0,0.0,0.0,0.0,0.0,0.0,1.0,2.0,3.0,3.0,9.0,45.0,266.0,17.31578947368421,1.0,0.9464139370645223,1.0,1.0,1.0,1.0,0.0,0.0,0.9464139370645223,1.0,0.0,1.0,568.7947761757779,601,0,0,0,1,0,0,0.0,601,1.0,1.0,1.0,601,0,0,601,601,1,1
fencing_001_fencing_aria03_rgb,0.821136353899024,0.8993691392062706,0.7385046957771407,0.821136353899024,0.821136353899024,0.821136353899024,0.821136353899024,0.821136353899024,0.821136353899024,0.821136353899024,0.820754759815298,0.8193888631665524,0.8184092351744254,0.8184092351744254,0.8145204549355177,0.8101885198210034,0.7970563413482544,0.7833710679893497,0.7602746239302691,0.6722344727102353,0.3957257932655003,0.06272175987647377,0.7432110318158144,0.997289972899729,0.997289972899729,0.997289972899729,0.997289972899729,0.997289972899729,0.997289972899729,0.997289972899729,0.9954873646209387,0.9900990099009901,0.9865229110512129,0.9865229110512129,0.9758713136729222,0.968833481745325,0.9497354497354498,0.9310043668122271,0.9011177987962167,0.7931873479318735,0.439453125,0.06914893617021277,0.8930533593045623,0.6760971533024488,0.6760971533024488,0.6760971533024488,0.6760971533024488,0.6760971533024488,0.6760971533024488,0.6760971533024488,0.6766920402008069,0.6781120901721889,0.6789438630523781,0.6789438630523781,0.6798473960786244,0.6775214213976722,0.6689218681480495,0.6591486055688337,0.6414449970519647,0.5697256612555316,0.35634950475232025,0.056891969419721744,0.6186959659614533,0.997289972899729,0.997289972899729,0.997289972899729,0.997289972899729,0.997289972899729,0.997289972899729,0.997289972899729,0.996386630532972,0.993676603432701,0.991869918699187,0.991869918699187,0.986449864498645,0.982836495031617,0.9728997289972899,0.9629629629629629,0.9467028003613369,0.8834688346883469,0.6097560975609756,0.12917795844625113,0.9173204012741882,1.0,1.0,1.0,1.0,1.0,1.0,1.0,0.9990942028985508,0.9963768115942029,0.9945652173913043,0.9945652173913043,0.9891304347826086,0.9855072463768116,0.9755434782608695,0.9655797101449275,0.9492753623188406,0.8858695652173914,0.6114130434782609,0.12952898550724637,0.9198131197559116,0.6766754966820061,0.6766754966820061,0.6766754966820061,0.6766754966820061,0.6766754966820061,0.6766754966820061,0.6766754966820061,0.6772709816330615,0.6787285213986305,0.6795959258359894,0.6795959258359894,0.6811441051098711,0.6800183783928048,0.6753438139284518,0.6696703073788305,0.6592078511271727,0.6140138637867077,0.4532588535421785,0.0937178482076348,0.6304365712079667,0.9981924951745346,0.9981924951745346,0.9981924951745346,0.9981924951745346,0.9981924951745346,0.9981924951745346,0.9981924951745346,0.9974353411961493,0.9959213851651775,0.9951796150959825,0.9951796150959825,0.9946457632687881,0.9911401118619615,0.981441663276523,0.9718050696024665,0.9556352080597287,0.8921778060813199,0.6317184546459101,0.1395445755220226,0.9225880039523029,0.8993691392062706,0.8993691392062706,0.8993691392062706,0.8993691392062706,0.8993691392062706,0.8993691392062706,0.8993691392062706,0.8998248527214019,0.9011682015930711,0.9019318101155589,0.9019318101155589,0.9036821986396735,0.9046970710840929,0.9070592433524486,0.9088885312062696,0.9111302812132955,0.9169416109328667,0.9336757046977182,0.9636144294449299,0.9079015641874095,0.821136353899024,0.821136353899024,0.821136353899024,0.821136353899024,0.821136353899024,0.821136353899024,0.821136353899024,0.82112538740692,0.8208679056394823,0.8206241491980809,0.8206241491980809,0.8189233002800176,0.8160225359114339,0.8067179830904964,0.7967030150887277,0.7792674604953452,0.7094609686525908,0.46613976807987656,0.08572740787884704,0.7531662372743719,1104.0,1104.0,1104.0,1104.0,1104.0,1104.0,1104.0,1103.0,1100.0,1098.0,1098.0,1092.0,1088.0,1077.0,1066.0,1048.0,978.0,675.0,143.0,1015.4736842105264,3.0,3.0,3.0,3.0,3.0,3.0,3.0,4.0,7.0,9.0,9.0,15.0,19.0,30.0,41.0,59.0,129.0,432.0,964.0,91.52631578947368,0.0,0.0,0.0,0.0,0.0,0.0,0.0,1.0,4.0,6.0,6.0,12.0,16.0,27.0,38.0,56.0,126.0,429.0,961.0,88.52631578947368,0.9846431797651309,0.9016871998638679,0.990063233965673,0.993676603432701,0.9963768115942029,1.0,0.0,0.0,0.8869520504519013,0.9950248756218906,0.0066555740432612314,0.9893602969734565,991.8559198502547,1100,7,4,6,2,0,0,3.0,601,0.7996381727725012,0.7985546522131888,0.8007246376811594,884,223,220,1104,1107,5,2
fencing_002_fencing_aria01_rgb,0.8216683829984649,0.9475095917471597,0.7785386741264243,0.8216683829984649,0.8216683829984649,0.8216683829984649,0.8216683829984649,0.8216683829984649,0.8216683829984649,0.8216683829984649,0.8216683829984649,0.8216683829984649,0.8216683829984649,0.8195355400615485,0.8195355400615485,0.8195355400615485,0.8132044474565118,0.8102335358977761,0.7963719870238256,0.7673167144861015,0.6988738886412706,0.38889510355972523,0.786851901433395,0.9989550679205852,0.9989550679205852,0.9989550679205852,0.9989550679205852,0.9989550679205852,0.9989550679205852,0.9989550679205852,0.9989550679205852,0.9989550679205852,0.9989550679205852,0.9968684759916493,0.9968684759916493,0.9968684759916493,0.9906347554630593,0.9844398340248963,0.9701338825952626,0.9401622718052738,0.8483091787439614,0.4361861861861862,0.9552643271578652,0.6758451438908804,0.6758451438908804,0.6758451438908804,0.6758451438908804,0.6758451438908804,0.6758451438908804,0.6758451438908804,0.6758451438908804,0.6758451438908804,0.6758451438908804,0.6737483605907508,0.6737483605907508,0.6737483605907508,0.6675532730061886,0.6668547533366175,0.6537328023423612,0.6262482105341197,0.5757626163467324,0.34673129586037105,0.6482410248477604,0.9989550679205852,0.9989550679205852,0.9989550679205852,0.9989550679205852,0.9989550679205852,0.9989550679205852,0.9989550679205852,0.9989550679205852,0.9989550679205852,0.9989550679205852,0.9979101358411703,0.9979101358411703,0.9979101358411703,0.9947753396029259,0.9916405433646813,0.9843260188087775,0.9686520376175548,0.9174503657262278,0.6071055381400209,0.9709068910520818,1.0,1.0,1.0,1.0,1.0,1.0,1.0,1.0,1.0,1.0,0.9989539748953975,0.9989539748953975,0.9989539748953975,0.99581589958159,0.9926778242677824,0.9853556485355649,0.9696652719665272,0.9184100418410042,0.6077405857740585,0.9719224840343537,0.6758451438908804,0.6758451438908804,0.6758451438908804,0.6758451438908804,0.6758451438908804,0.6758451438908804,0.6758451438908804,0.6758451438908804,0.6758451438908804,0.6758451438908804,0.674628022275612,0.674628022275612,0.674628022275612,0.6709947506854201,0.6711342107984672,0.6632297949506384,0.6457625493949566,0.613168341359371,0.4105260755032255,0.655639538338301,1.0,1.0,1.0,1.0,1.0,1.0,1.0,1.0,1.0,1.0,0.9989558972192466,0.9989558972192466,0.9989558972192466,0.9958467536870657,0.9933018700536761,0.9861174907332478,0.9714370009728623,0.9238271077408048,0.6876785731918065,0.9765829730545897,0.9475095917471597,0.9475095917471597,0.9475095917471597,0.9475095917471597,0.9475095917471597,0.9475095917471597,0.9475095917471597,0.9475095917471597,0.9475095917471597,0.9475095917471597,0.9479626803993532,0.9479626803993532,0.9479626803993532,0.9487778498135405,0.9494627082894584,0.9507763252413173,0.9528916525674923,0.9566881511518767,0.9684263171321306,0.9497898401508144,0.8216683829984649,0.8216683829984649,0.8216683829984649,0.8216683829984649,0.8216683829984649,0.8216683829984649,0.8216683829984649,0.8216683829984649,0.8216683829984649,0.8216683829984649,0.8199636077533453,0.8199636077533453,0.8199636077533453,0.8149021621383612,0.8131913735056736,0.8021759200414594,0.7788559592044105,0.7267968236988929,0.45880550341435244,0.7932264418551491,956.0,956.0,956.0,956.0,956.0,956.0,956.0,956.0,956.0,956.0,955.0,955.0,955.0,952.0,949.0,942.0,927.0,878.0,581.0,929.1578947368421,1.0,1.0,1.0,1.0,1.0,1.0,1.0,1.0,1.0,1.0,2.0,2.0,2.0,5.0,8.0,15.0,30.0,79.0,376.0,27.842105263157894,0.0,0.0,0.0,0.0,0.0,0.0,0.0,0.0,0.0,0.0,1.0,1.0,1.0,4.0,7.0,14.0,29.0,78.0,375.0,26.842105263157894,0.9947753396029259,0.9475095917471597,0.9989550679205852,0.9989550679205852,1.0,1.0,0.0,0.0,0.9423397802615304,0.9994772608468374,0.0,0.9983259561219144,905.8191697102847,956,1,0,4,2,0,0,4.0,601,0.7736539466806064,0.7732497387669801,0.7740585774058577,740,217,216,956,957,6,2
fencing_002_fencing_aria02_rgb,0.797533238012859,0.9389791084253277,0.7488670487688791,0.797533238012859,0.797533238012859,0.797533238012859,0.797533238012859,0.797533238012859,0.797533238012859,0.797533238012859,0.797533238012859,0.797533238012859,0.797533238012859,0.797533238012859,0.7946861736491926,0.7946861736491926,0.7918651710630978,0.7847405324538481,0.7793286216760787,0.7360529728439175,0.6243532222220644,0.2792142187686857,0.755673300235133,0.998745294855709,0.998745294855709,0.998745294855709,0.998745294855709,0.998745294855709,0.998745294855709,0.998745294855709,0.998745294855709,0.998745294855709,0.998745294855709,0.998745294855709,0.9962406015037594,0.9962406015037594,0.9937421777221527,0.9838107098381071,0.9739776951672863,0.9262394195888755,0.7919010123734533,0.3319397993311037,0.9463310663390156,0.6368583351645912,0.6368583351645912,0.6368583351645912,0.6368583351645912,0.6368583351645912,0.6368583351645912,0.6368583351645912,0.6368583351645912,0.6368583351645912,0.6368583351645912,0.6368583351645912,0.6339092320027389,0.6339092320027389,0.6309991295530084,0.6259514123171989,0.6235800917999671,0.5849178596532232,0.4922546379006778,0.23486361117198618,0.6034645733269496,1.0,1.0,1.0,1.0,1.0,1.0,1.0,1.0,1.0,1.0,1.0,0.9987437185929648,0.9987437185929648,0.9974874371859297,0.992462311557789,0.9874371859296482,0.9623115577889447,0.8844221105527639,0.49874371859296485,0.9642290399365246,0.998745294855709,0.998745294855709,0.998745294855709,0.998745294855709,0.998745294855709,0.998745294855709,0.998745294855709,0.998745294855709,0.998745294855709,0.998745294855709,0.998745294855709,0.9974905897114178,0.9974905897114178,0.9962358845671268,0.9912170639899623,0.986198243412798,0.9611041405269761,0.8833124215809285,0.4981179422835634,0.9630192167998416,0.6371203094510353,0.6371203094510353,0.6371203094510353,0.6371203094510353,0.6371203094510353,0.6371203094510353,0.6371203094510353,0.6371203094510353,0.6371203094510353,0.6371203094510353,0.6371203094510353,0.6354118732329815,0.6354118732329815,0.6337109041710441,0.6307396507797512,0.6293676202869679,0.6053094674415794,0.5364238449871097,0.29866477788216195,0.6112296534724192,0.9987484237667739,0.9987484237667739,0.9987484237667739,0.9987484237667739,0.9987484237667739,0.9987484237667739,0.9987484237667739,0.9987484237667739,0.9987484237667739,0.9987484237667739,0.9987484237667739,0.997494865679935,0.997494865679935,0.9962499205379559,0.991239149996072,0.9862961084363605,0.9620541888201157,0.893052318439084,0.532017196240879,0.9653753302770972,0.9389791084253277,0.9389791084253277,0.9389791084253277,0.9389791084253277,0.9389791084253277,0.9389791084253277,0.9389791084253277,0.9389791084253277,0.9389791084253277,0.9389791084253277,0.9389791084253277,0.939467733084967,0.939467733084967,0.9398085201018143,0.9408350772022523,0.9416997737746053,0.9447402356683914,0.9505416865865247,0.9660021302067381,0.941649109599414,0.798034043863162,0.798034043863162,0.798034043863162,0.798034043863162,0.798034043863162,0.798034043863162,0.798034043863162,0.798034043863162,0.798034043863162,0.798034043863162,0.798034043863162,0.7956838967962251,0.7956838967962251,0.7933559759681544,0.7881834720362956,0.7846949541374095,0.750248769876678,0.6598188279986439,0.34225246646019747,0.76254193381919,796.0,796.0,796.0,796.0,796.0,796.0,796.0,796.0,796.0,796.0,796.0,795.0,795.0,794.0,790.0,786.0,766.0,704.0,397.0,767.5263157894736,0.0,0.0,0.0,0.0,0.0,0.0,0.0,0.0,0.0,0.0,0.0,1.0,1.0,2.0,6.0,10.0,30.0,92.0,399.0,28.473684210526315,1.0,1.0,1.0,1.0,1.0,1.0,1.0,1.0,1.0,1.0,1.0,2.0,2.0,3.0,7.0,11.0,31.0,93.0,400.0,29.473684210526315,0.9974874371859297,0.9389791084253277,0.9987437185929648,1.0,0.998745294855709,1.0,0.0,0.0,0.9364665456112574,0.9993722536095417,0.0016638935108153079,0.9987437185929648,747.4273703065609,796,0,1,1,2,0,0,0.0,601,0.6654111738857501,0.6658291457286433,0.6649937264742786,530,266,267,797,796,3,2
fencing_002_fencing_aria03_rgb,1.0,0.9096267739107655,0.9096267739107655,1.0,1.0,1.0,1.0,1.0,1.0,1.0,1.0,1.0,1.0,1.0,1.0,1.0,0.9917163687071178,0.9786346971705695,0.9465600167244392,0.8409051916186633,0.48493745996377857,0.09074949949315322,0.9122896438777748,1.0,1.0,1.0,1.0,1.0,1.0,1.0,1.0,1.0,1.0,1.0,1.0,1.0,0.9917149958574979,0.9786008230452675,0.9465587044534413,0.8407350689127105,0.4848672019765287,0.09074410163339383,0.912274783993623,1.0,1.0,1.0,1.0,1.0,1.0,1.0,1.0,1.0,1.0,1.0,1.0,1.0,0.991717741558638,0.9786685724684193,0.9465613289972564,0.8410753487489384,0.48500772813151655,0.09075489767400115,0.9123045061883562,1.0,1.0,1.0,1.0,1.0,1.0,1.0,1.0,1.0,1.0,1.0,1.0,1.0,0.9958402662229617,0.9891846921797005,0.9725457570715474,0.913477537437604,0.6530782029950083,0.16638935108153077,0.9310797793151764,1.0,1.0,1.0,1.0,1.0,1.0,1.0,1.0,1.0,1.0,1.0,1.0,1.0,0.9958402662229617,0.9891846921797005,0.9725457570715474,0.913477537437604,0.6530782029950083,0.16638935108153077,0.9310797793151764,1.0,1.0,1.0,1.0,1.0,1.0,1.0,1.0,1.0,1.0,1.0,1.0,1.0,0.9958409612494911,0.9892021847523542,0.9725464687454186,0.913586645208805,0.653164047182509,0.16640599001663894,0.9310919103765904,1.0,1.0,1.0,1.0,1.0,1.0,1.0,1.0,1.0,1.0,1.0,1.0,1.0,0.9958409612494911,0.9892021847523542,0.9725464687454186,0.913586645208805,0.653164047182509,0.16640599001663894,0.9310919103765904,0.9096267739107655,0.9096267739107655,0.9096267739107655,0.9096267739107655,0.9096267739107655,0.9096267739107655,0.9096267739107655,0.9096267739107655,0.9096267739107655,0.9096267739107655,0.9096267739107655,0.9096267739107655,0.9096267739107655,0.9106443010623309,0.9118395855739296,0.9141779611496377,0.9196487354797195,0.935164509217178,0.9621221869376597,0.9146708073821268,1.0,1.0,1.0,1.0,1.0,1.0,1.0,1.0,1.0,1.0,1.0,1.0,1.0,0.9937768661886774,0.9839125828055663,0.9594655826679177,0.8765291999555145,0.5628036740523488,0.12288469608314852,0.9210196106185881,1202.0,1202.0,1202.0,1202.0,1202.0,1202.0,1202.0,1202.0,1202.0,1202.0,1202.0,1202.0,1202.0,1197.0,1189.0,1169.0,1098.0,785.0,200.0,1119.157894736842,0.0,0.0,0.0,0.0,0.0,0.0,0.0,0.0,0.0,0.0,0.0,0.0,0.0,5.0,13.0,33.0,104.0,417.0,1002.0,82.84210526315789,0.0,0.0,0.0,0.0,0.0,0.0,0.0,0.0,0.0,0.0,0.0,0.0,0.0,5.0,13.0,33.0,104.0,417.0,1002.0,82.84210526315789,1.0,0.9096267739107655,1.0,1.0,1.0,1.0,0.0,0.0,0.9096267739107655,1.0,0.0,1.0,1093.37138224074,1202,0,0,0,2,0,0,0.0,601,1.0,1.0,1.0,1202,0,0,1202,1202,2,2
fencing_003_fencing_aria01_rgb,1.0,0.9633142143161108,0.9633142143161108,1.0,1.0,1.0,1.0,1.0,1.0,1.0,1.0,1.0,1.0,1.0,1.0,1.0,1.0,1.0,0.9900662251655629,0.9900662251655629,0.9737274220032841,0.6905766526019691,0.9812861328913884,1.0,1.0,1.0,1.0,1.0,1.0,1.0,1.0,1.0,1.0,1.0,1.0,1.0,1.0,1.0,0.9900662251655629,0.9900662251655629,0.9737274220032841,0.6905766526019691,0.9812861328913884,1.0,1.0,1.0,1.0,1.0,1.0,1.0,1.0,1.0,1.0,1.0,1.0,1.0,1.0,1.0,0.9900662251655629,0.9900662251655629,0.973727422003284,0.6905766526019691,0.9812861328913883,1.0,1.0,1.0,1.0,1.0,1.0,1.0,1.0,1.0,1.0,1.0,1.0,1.0,1.0,1.0,0.9950083194675541,0.9950083194675541,0.9866888519134775,0.8169717138103162,0.9891409055083633,1.0,1.0,1.0,1.0,1.0,1.0,1.0,1.0,1.0,1.0,1.0,1.0,1.0,1.0,1.0,0.9950083194675541,0.9950083194675541,0.9866888519134775,0.8169717138103162,0.9891409055083633,1.0,1.0,1.0,1.0,1.0,1.0,1.0,1.0,1.0,1.0,1.0,1.0,1.0,1.0,1.0,0.9950083194675542,0.9950083194675542,0.9866888519134777,0.8169717138103162,0.9891409055083633,1.0,1.0,1.0,1.0,1.0,1.0,1.0,1.0,1.0,1.0,1.0,1.0,1.0,1.0,1.0,0.9950083194675542,0.9950083194675542,0.9866888519134777,0.8169717138103162,0.9891409055083633,0.9633142143161108,0.9633142143161108,0.9633142143161108,0.9633142143161108,0.9633142143161108,0.9633142143161108,0.9633142143161108,0.9633142143161108,0.9633142143161108,0.9633142143161108,0.9633142143161108,0.9633142143161108,0.9633142143161108,0.9633142143161108,0.9633142143161108,0.9642367503852584,0.9642367503852584,0.9649554206319747,0.9708931893704037,0.9638965960797135,1.0,1.0,1.0,1.0,1.0,1.0,1.0,1.0,1.0,1.0,1.0,1.0,1.0,1.0,1.0,0.9925341963194879,0.9925341963194879,0.98018671287316,0.7511202243273856,0.9850723857810275,601.0,601.0,601.0,601.0,601.0,601.0,601.0,601.0,601.0,601.0,601.0,601.0,601.0,601.0,601.0,598.0,598.0,593.0,491.0,594.4736842105264,0.0,0.0,0.0,0.0,0.0,0.0,0.0,0.0,0.0,0.0,0.0,0.0,0.0,0.0,0.0,3.0,3.0,8.0,110.0,6.526315789473684,0.0,0.0,0.0,0.0,0.0,0.0,0.0,0.0,0.0,0.0,0.0,0.0,0.0,0.0,0.0,3.0,3.0,8.0,110.0,6.526315789473684,1.0,0.9633142143161108,1.0,1.0,1.0,1.0,0.0,0.0,0.9633142143161108,1.0,0.0,1.0,578.9518428039826,601,0,0,0,1,0,0,0.0,601,1.0,1.0,1.0,601,0,0,601,601,1,1
fencing_003_fencing_aria02_rgb,1.0,0.9417791309637372,0.9417791309637372,1.0,1.0,1.0,1.0,1.0,1.0,1.0,1.0,1.0,1.0,1.0,1.0,0.9965960702406329,0.9932159235824484,0.9865262375885986,0.9668989518339097,0.928725316403067,0.8142177656749927,0.3650104888213518,0.9500626712707895,1.0,1.0,1.0,1.0,1.0,1.0,1.0,1.0,1.0,1.0,1.0,1.0,0.9965899403239556,0.9931914893617021,0.9864291772688719,0.966414777497901,0.9275720164609054,0.811291569992266,0.35297515886770653,0.949182322619648,1.0,1.0,1.0,1.0,1.0,1.0,1.0,1.0,1.0,1.0,1.0,1.0,0.9966022001950146,0.9932403584043185,0.9866233074586366,0.9673833687415276,0.9298800503047843,0.817154515665801,0.3774561852369253,0.9509652624214217,1.0,1.0,1.0,1.0,1.0,1.0,1.0,1.0,1.0,1.0,1.0,1.0,0.9982920580700256,0.9965841161400513,0.9931682322801024,0.9829205807002562,0.9624252775405636,0.8958155422715628,0.5217762596071733,0.9658411614005123,1.0,1.0,1.0,1.0,1.0,1.0,1.0,1.0,1.0,1.0,1.0,1.0,0.9982920580700256,0.9965841161400513,0.9931682322801024,0.9829205807002562,0.9624252775405636,0.8958155422715628,0.5217762596071733,0.9658411614005123,1.0,1.0,1.0,1.0,1.0,1.0,1.0,1.0,1.0,1.0,1.0,1.0,0.9982951390452177,0.9965964611614727,0.9932177822027123,0.9831754971562502,0.9630702514598214,0.8977899042879298,0.5415241879913489,0.9670352222791975,1.0,1.0,1.0,1.0,1.0,1.0,1.0,1.0,1.0,1.0,1.0,1.0,0.9982951390452177,0.9965964611614727,0.9932177822027123,0.9831754971562502,0.9630702514598214,0.8977899042879298,0.5415241879913489,0.9670352222791975,0.9417791309637372,0.9417791309637372,0.9417791309637372,0.9417791309637372,0.9417791309637372,0.9417791309637372,0.9417791309637372,0.9417791309637372,0.9417791309637372,0.9417791309637372,0.9417791309637372,0.9417791309637372,0.9423188333544944,0.9428059239635351,0.9435564571925507,0.9452675120930526,0.9477324032177102,0.9527130065677666,0.9663033185670029,0.9443182645537348,1.0,1.0,1.0,1.0,1.0,1.0,1.0,1.0,1.0,1.0,1.0,1.0,0.9974467712664155,0.9949108325347531,0.9898903606940731,0.9751210297000021,0.9460127195202056,0.8555815072632272,0.44378787331169295,0.9580395312784405,1171.0,1171.0,1171.0,1171.0,1171.0,1171.0,1171.0,1171.0,1171.0,1171.0,1171.0,1171.0,1169.0,1167.0,1163.0,1151.0,1127.0,1049.0,611.0,1131.0,0.0,0.0,0.0,0.0,0.0,0.0,0.0,0.0,0.0,0.0,0.0,0.0,2.0,4.0,8.0,20.0,44.0,122.0,560.0,40.0,0.0,0.0,0.0,0.0,0.0,0.0,0.0,0.0,0.0,0.0,0.0,0.0,2.0,4.0,8.0,20.0,44.0,122.0,560.0,40.0,1.0,0.9417791309637372,1.0,1.0,1.0,1.0,0.0,0.0,0.9417791309637372,1.0,0.0,1.0,1102.8233623585363,1171,0,0,0,2,0,0,0.0,601,1.0,1.0,1.0,1171,0,0,1171,1171,2,2
fencing_003_fencing_aria03_rgb,0.8219566434741674,0.8700252143732979,0.7151230049441689,0.8219566434741674,0.8219566434741674,0.8219566434741674,0.8219566434741674,0.8215278634413371,0.8018831468593078,0.7760890363085536,0.7478677256632507,0.730298536389251,0.7274224600237402,0.7274224600237402,0.7274224600237402,0.7274224600237402,0.7274224600237402,0.7236448134179122,0.7193916522545103,0.6673979058355806,0.4883553170314345,0.12111370017523024,0.7117109774416704,1.0,1.0,1.0,1.0,0.99833748960931,0.9688779688779688,0.9232,0.8693623639191291,0.8379204892966361,0.8281368821292776,0.8281368821292776,0.8281368821292776,0.8281368821292776,0.8281368821292776,0.8239757207890743,0.8198334595003784,0.7573099415204678,0.5489690721649485,0.13449740443605473,0.8327878063558082,0.6756127237513196,0.6756127237513196,0.6756127237513196,0.6756127237513196,0.6760319405360679,0.663671382642384,0.6524200522945618,0.6433521374991932,0.636499475863125,0.6389564898818105,0.6389564898818105,0.6389564898818105,0.6389564898818105,0.6389564898818105,0.6355306385546944,0.6312554621140531,0.5881607256065317,0.4344341562491768,0.10906179514497286,0.6088237426799521,1.0,1.0,1.0,1.0,0.9991680532445923,0.9841930116472546,0.9600665557404326,0.930116472545757,0.9118136439267887,0.9059900166389351,0.9059900166389351,0.9059900166389351,0.9059900166389351,0.9059900166389351,0.9034941763727121,0.9009983361064892,0.8618968386023295,0.7088186356073212,0.23710482529118138,0.8909274016989227,1.0,1.0,1.0,1.0,0.9991680532445923,0.9841930116472546,0.9600665557404326,0.930116472545757,0.9118136439267887,0.9059900166389351,0.9059900166389351,0.9059900166389351,0.9059900166389351,0.9059900166389351,0.9034941763727121,0.9009983361064892,0.8618968386023295,0.7088186356073212,0.23710482529118138,0.8909274016989227,0.7205434093482576,0.7205434093482576,0.7205434093482576,0.7205434093482576,0.7209895802305621,0.7133602350548466,0.7074661814364851,0.7037317053569037,0.6999981782187837,0.7029927164551275,0.7029927164551275,0.7029927164551275,0.7029927164551275,0.7029927164551275,0.700581903089694,0.6981669516641239,0.6717600652708806,0.5559083843047191,0.18217006743147388,0.6711194985119547,0.8453277322660299,0.8453277322660299,0.8453277322660299,0.8453277322660299,0.8452980697775316,0.8362515153120554,0.8270535211069041,0.8217331602774469,0.8191091740468085,0.8226619885471294,0.8226619885471294,0.8226619885471294,0.8226619885471294,0.8226619885471294,0.8201960628623567,0.8169570666813368,0.7845725788108159,0.6510759580397409,0.2379277513338474,0.7870945121078217,0.8700252143732979,0.8700252143732979,0.8700252143732979,0.8700252143732979,0.8705626467569119,0.8794681568625813,0.8933836543548973,0.9100761241045946,0.9199230478347654,0.922815618146074,0.922815618146074,0.922815618146074,0.922815618146074,0.922815618146074,0.9233353195380439,0.9237311139958015,0.928019491201879,0.9386615461870094,0.9633525715870351,0.9076154010866884,0.8219566434741674,0.8219566434741674,0.8219566434741674,0.8219566434741674,0.8218695261150561,0.8081959767450624,0.7914333026240638,0.7735582852865855,0.7618194710325059,0.7608470285803691,0.7608470285803691,0.7608470285803691,0.7608470285803691,0.7608470285803691,0.7577586890564815,0.7541618665929051,0.7119928861936204,0.5549189363265227,0.16080758030575362,0.7362409598461617,1202.0,1202.0,1202.0,1202.0,1201.0,1183.0,1154.0,1118.0,1096.0,1089.0,1089.0,1089.0,1089.0,1089.0,1086.0,1083.0,1036.0,852.0,285.0,1070.8947368421052,0.0,0.0,0.0,0.0,1.0,19.0,48.0,84.0,106.0,113.0,113.0,113.0,113.0,113.0,116.0,119.0,166.0,350.0,917.0,131.10526315789474,0.0,0.0,0.0,0.0,1.0,19.0,48.0,84.0,106.0,113.0,113.0,113.0,113.0,113.0,116.0,119.0,166.0,350.0,917.0,131.10526315789474,0.9966722129783694,0.9211307167343309,0.9983361064891847,0.9991680532445923,0.9991680532445923,1.0,0.0,0.0,0.9178685447570144,0.9991680532445923,0.0016638935108153079,0.9980856655610116,1106.2779907979314,1201,1,1,2,2,0,0,1.0,601,0.7895174708818635,0.7895174708818635,0.7895174708818635,949,253,253,1202,1202,3,2
fencing_004_fencing_aria01_rgb,0.9518862258052839,0.9440774820614395,0.8986543512672193,0.9518862258052839,0.9518862258052839,0.9518862258052839,0.9518862258052839,0.9518862258052839,0.9518862258052839,0.9518862258052839,0.9518862258052839,0.9518862258052839,0.9518862258052839,0.9440575366871606,0.9440575366871606,0.9440575366871606,0.9401898034408838,0.9165922779433595,0.8976186024333707,0.8725962671443488,0.7882307630267796,0.4704143445578163,0.9071935224558358,0.9961538461538462,0.9961538461538462,0.9961538461538462,0.9961538461538462,0.9961538461538462,0.9961538461538462,0.9961538461538462,0.9961538461538462,0.9961538461538462,0.9961538461538462,0.9885057471264368,0.9885057471264368,0.9885057471264368,0.9847036328871893,0.9584905660377359,0.9365671641791045,0.9080882352941176,0.8083623693379791,0.4476987447698745,0.9458403376538825,0.9095857937769702,0.9095857937769702,0.9095857937769702,0.9095857937769702,0.9095857937769702,0.9095857937769702,0.9095857937769702,0.9095857937769702,0.9095857937769702,0.9095857937769702,0.901607942256944,0.901607942256944,0.901607942256944,0.8976882352941177,0.8765254805359455,0.8602897755236225,0.8384914767535081,0.7686005179714251,0.49428250168426746,0.8703452501212328,0.9980732177263969,0.9980732177263969,0.9980732177263969,0.9980732177263969,0.9980732177263969,0.9980732177263969,0.9980732177263969,0.9980732177263969,0.9980732177263969,0.9980732177263969,0.9942196531791907,0.9942196531791907,0.9942196531791907,0.9922928709055877,0.9788053949903661,0.9672447013487476,0.9518304431599229,0.8940269749518305,0.6184971098265896,0.9666362437886624,0.9980732177263969,0.9980732177263969,0.9980732177263969,0.9980732177263969,0.9980732177263969,0.9980732177263969,0.9980732177263969,0.9980732177263969,0.9980732177263969,0.9980732177263969,0.9942196531791907,0.9942196531791907,0.9942196531791907,0.9922928709055877,0.9788053949903661,0.9672447013487476,0.9518304431599229,0.8940269749518305,0.6184971098265896,0.9666362437886624,0.9095857937769702,0.9095857937769702,0.9095857937769702,0.9095857937769702,0.9095857937769702,0.9095857937769702,0.9095857937769702,0.9095857937769702,0.9095857937769702,0.9095857937769702,0.9053907664892528,0.9053907664892528,0.9053907664892528,0.9033046182979305,0.8924067738287894,0.8837945135390801,0.8717811222162979,0.8292037410385066,0.6137246926467436,0.8845392473055163,1.0,1.0,1.0,1.0,1.0,1.0,1.0,1.0,1.0,1.0,0.9961554153720616,0.9961554153720616,0.9961554153720616,0.9942455092174051,0.9810542406895494,0.9700876463300452,0.9555950899382737,0.9046149715525794,0.6770866873952546,0.9721658100652258,0.9440774820614395,0.9440774820614395,0.9440774820614395,0.9440774820614395,0.9440774820614395,0.9440774820614395,0.9440774820614395,0.9440774820614395,0.9440774820614395,0.9440774820614395,0.9457026414078679,0.9457026414078679,0.9457026414078679,0.9462495670357849,0.9492103732766285,0.9512341755894177,0.9532990417200681,0.958172965566792,0.9689532598705421,0.9476316909419595,0.9528028232500151,0.9528028232500151,0.9528028232500151,0.9528028232500151,0.9528028232500151,0.9528028232500151,0.9528028232500151,0.9528028232500151,0.9528028232500151,0.9528028232500151,0.9467820951276501,0.9467820951276501,0.9467820951276501,0.9438059314171376,0.9262547539392748,0.9122010343119149,0.8933653865603424,0.8289448691127795,0.5529125597502519,0.9171504764723579,518.0,518.0,518.0,518.0,518.0,518.0,518.0,518.0,518.0,518.0,516.0,516.0,516.0,515.0,508.0,502.0,494.0,464.0,321.0,501.6842105263158,1.0,1.0,1.0,1.0,1.0,1.0,1.0,1.0,1.0,1.0,3.0,3.0,3.0,4.0,11.0,17.0,25.0,55.0,198.0,17.31578947368421,1.0,1.0,1.0,1.0,1.0,1.0,1.0,1.0,1.0,1.0,3.0,3.0,3.0,4.0,11.0,17.0,25.0,55.0,198.0,17.31578947368421,0.9922928709055877,0.9440774820614395,0.9961464354527938,0.9980732177263969,0.9980732177263969,1.0,0.0,0.0,0.9364781034832864,0.9980732177263969,0.003215434083601286,0.9955664161933258,489.03213570782566,518,1,1,2,2,0,0,1.0,311,0.9499036608863198,0.9499036608863198,0.9499036608863198,493,26,26,519,519,5,2
fencing_004_fencing_aria02_rgb,1.0,0.9463046588691694,0.9463046588691694,1.0,1.0,1.0,1.0,1.0,1.0,1.0,1.0,1.0,1.0,1.0,1.0,1.0,1.0,0.9936509886988928,0.9810742995969995,0.9503227758902483,0.8424648567248564,0.41504568846787326,0.9569767689146775,1.0,1.0,1.0,1.0,1.0,1.0,1.0,1.0,1.0,1.0,1.0,1.0,1.0,1.0,0.9936507936507937,0.9810725552050473,0.9503105590062112,0.841642228739003,0.4144144144144144,0.9568995026850245,1.0,1.0,1.0,1.0,1.0,1.0,1.0,1.0,1.0,1.0,1.0,1.0,1.0,1.0,0.9936511837470303,0.9810760439920535,0.9503349929313417,0.8432882887540194,0.415677924135882,0.9570541280821225,1.0,1.0,1.0,1.0,1.0,1.0,1.0,1.0,1.0,1.0,1.0,1.0,1.0,1.0,0.9968152866242038,0.9904458598726115,0.9745222929936306,0.9140127388535032,0.5859872611464968,0.9716728126047603,1.0,1.0,1.0,1.0,1.0,1.0,1.0,1.0,1.0,1.0,1.0,1.0,1.0,1.0,0.9968152866242038,0.9904458598726115,0.9745222929936306,0.9140127388535032,0.5859872611464968,0.9716728126047603,1.0,1.0,1.0,1.0,1.0,1.0,1.0,1.0,1.0,1.0,1.0,1.0,1.0,1.0,0.99681538477343,0.9904467488963099,0.9745287182397074,0.9146584208148005,0.5870380726035695,0.9717624918593588,1.0,1.0,1.0,1.0,1.0,1.0,1.0,1.0,1.0,1.0,1.0,1.0,1.0,1.0,0.99681538477343,0.9904467488963099,0.9745287182397074,0.9146584208148005,0.5870380726035695,0.9717624918593588,0.9463046588691694,0.9463046588691694,0.9463046588691694,0.9463046588691694,0.9463046588691694,0.9463046588691694,0.9463046588691694,0.9463046588691694,0.9463046588691694,0.9463046588691694,0.9463046588691694,0.9463046588691694,0.9463046588691694,0.9463046588691694,0.9469756659121213,0.9480559500616992,0.9498699885089054,0.954284887265918,0.9662448342603753,0.9480892921145995,1.0,1.0,1.0,1.0,1.0,1.0,1.0,1.0,1.0,1.0,1.0,1.0,1.0,1.0,0.9952319777475378,0.9857498191692096,0.9623526569940651,0.8779386302283009,0.4935402397813645,0.9639375433642355,314.0,314.0,314.0,314.0,314.0,314.0,314.0,314.0,314.0,314.0,314.0,314.0,314.0,314.0,313.0,311.0,306.0,287.0,184.0,305.10526315789474,0.0,0.0,0.0,0.0,0.0,0.0,0.0,0.0,0.0,0.0,0.0,0.0,0.0,0.0,1.0,3.0,8.0,27.0,130.0,8.894736842105264,0.0,0.0,0.0,0.0,0.0,0.0,0.0,0.0,0.0,0.0,0.0,0.0,0.0,0.0,1.0,3.0,8.0,27.0,130.0,8.894736842105264,1.0,0.9463046588691694,1.0,1.0,1.0,1.0,0.0,0.0,0.9463046588691694,1.0,0.0,1.0,297.1396628849192,314,0,0,0,2,0,0,0.0,311,1.0,1.0,1.0,314,0,0,314,314,2,2
fencing_004_fencing_aria03_rgb,0.8510667217718312,0.9070084329595798,0.7719246936583153,0.8510667217718312,0.8510667217718312,0.8510667217718312,0.8510667217718312,0.8510667217718312,0.8510667217718312,0.8510667217718312,0.8510667217718312,0.8510667217718312,0.8510667217718312,0.8510667217718312,0.8510667217718312,0.8470071246073168,0.8399577793761781,0.8360020337742227,0.8075077805477736,0.6970041278449186,0.4438207311948061,0.08984197200230601,0.7775759058215524,0.9983108108108109,0.9983108108108109,0.9983108108108109,0.9983108108108109,0.9983108108108109,0.9983108108108109,0.9983108108108109,0.9983108108108109,0.9983108108108109,0.9983108108108109,0.9983108108108109,0.9983108108108109,0.9915824915824916,0.981574539363484,0.9749582637729549,0.9330065359477124,0.7816265060240963,0.4824561403508772,0.0963855421686747,0.9063852499442117,0.7255401394673625,0.7255401394673625,0.7255401394673625,0.7255401394673625,0.7255401394673625,0.7255401394673625,0.7255401394673625,0.7255401394673625,0.7255401394673625,0.7255401394673625,0.7255401394673625,0.7255401394673625,0.7235112310127666,0.7187727908998848,0.7168505837060056,0.6988898689577182,0.6215433464559078,0.4082792713448241,0.08374264180760503,0.667266916199635,0.9983108108108109,0.9983108108108109,0.9983108108108109,0.9983108108108109,0.9983108108108109,0.9983108108108109,0.9983108108108109,0.9983108108108109,0.9983108108108109,0.9983108108108109,0.9983108108108109,0.9983108108108109,0.9949324324324325,0.9898648648648649,0.9864864864864865,0.964527027027027,0.8766891891891891,0.6503378378378378,0.17567567567567569,0.9272759601706971,1.0,1.0,1.0,1.0,1.0,1.0,1.0,1.0,1.0,1.0,1.0,1.0,0.9966159052453468,0.9915397631133672,0.988155668358714,0.9661590524534687,0.8781725888324873,0.6514382402707276,0.17597292724196278,0.9288449550271618,0.7255401394673625,0.7255401394673625,0.7255401394673625,0.7255401394673625,0.7255401394673625,0.7255401394673625,0.7255401394673625,0.7255401394673625,0.7255401394673625,0.7255401394673625,0.7255401394673625,0.7255401394673625,0.7247252766425343,0.7223215517436229,0.7215477356123716,0.7128404593008584,0.6702582961859039,0.5139638119359516,0.13812602104449556,0.6794876224249521,1.0,1.0,1.0,1.0,1.0,1.0,1.0,1.0,1.0,1.0,1.0,1.0,0.9966572587227212,0.9917150057235662,0.9885424948865327,0.9670415091015991,0.8830327595806607,0.662584360509419,0.18882452056632384,0.9304419952153067,0.9070084329595798,0.9070084329595798,0.9070084329595798,0.9070084329595798,0.9070084329595798,0.9070084329595798,0.9070084329595798,0.9070084329595798,0.9070084329595798,0.9070084329595798,0.9070084329595798,0.9070084329595798,0.9079392822493046,0.9091788905925359,0.9097964888842465,0.9127657240600138,0.9209519339162957,0.9353710702589882,0.961494800437211,0.912715757153345,0.8510667217718312,0.8510667217718312,0.8510667217718312,0.8510667217718312,0.8510667217718312,0.8510667217718312,0.8510667217718312,0.8510667217718312,0.8510667217718312,0.8510667217718312,0.8510667217718312,0.8510667217718312,0.8484366735141259,0.8434974401458822,0.8409300884472647,0.8210348150505534,0.7381736465428477,0.5152858027933632,0.12129115871495787,0.7863921203405773,591.0,591.0,591.0,591.0,591.0,591.0,591.0,591.0,591.0,591.0,591.0,591.0,589.0,586.0,584.0,571.0,519.0,385.0,104.0,548.9473684210526,1.0,1.0,1.0,1.0,1.0,1.0,1.0,1.0,1.0,1.0,1.0,1.0,3.0,6.0,8.0,21.0,73.0,207.0,488.0,43.05263157894737,0.0,0.0,0.0,0.0,0.0,0.0,0.0,0.0,0.0,0.0,0.0,0.0,2.0,5.0,7.0,20.0,72.0,206.0,487.0,42.05263157894737,0.9932432432432432,0.9070084329595798,0.9983108108108109,0.9983108108108109,1.0,1.0,0.0,0.0,0.9004087565525534,0.9991546914623838,0.0,0.997504862745406,536.0419838791116,591,1,0,3,2,0,0,2.0,311,0.8385460693153001,0.8378378378378378,0.8392554991539763,496,96,95,591,592,5,2
fencing_005_fencing_aria01_rgb,0.8568430100417247,0.9463032773861274,0.8108333486078786,0.8568430100417247,0.8568430100417247,0.8568430100417247,0.8561978323693662,0.8561978323693662,0.8561978323693662,0.8561978323693662,0.8561978323693662,0.8555561411741189,0.8543917849385232,0.8537542602280848,0.8525957901499089,0.8519624103274817,0.8501805415092499,0.8467155607873373,0.8436854426030593,0.8342363349712125,0.7806379596422337,0.43250329009805405,0.8267230372842774,0.999128160418483,0.999128160418483,0.999128160418483,0.9973867595818815,0.9973867595818815,0.9973867595818815,0.9973867595818815,0.9973867595818815,0.9956483899042646,0.9939130434782608,0.9921807124239791,0.9904513888888888,0.9887250650477016,0.9852813852813853,0.9750215331610681,0.9716251074806534,0.9564846416382252,0.8703099510603589,0.4033047735618115,0.9530139090048134,0.7348205895326314,0.7348205895326314,0.7348205895326314,0.7349954479657584,0.7349954479657584,0.7349954479657584,0.7349954479657584,0.7349954479657584,0.7351755078629025,0.7344559234435705,0.734640703785554,0.7339275703341913,0.734117070832015,0.733604596573735,0.7352937514673153,0.7325923554054445,0.7276125849696946,0.700205281224144,0.46381572500027046,0.718151583122396,0.999128160418483,0.999128160418483,0.999128160418483,0.998256320836966,0.998256320836966,0.998256320836966,0.998256320836966,0.998256320836966,0.997384481255449,0.9965126416739319,0.995640802092415,0.994768962510898,0.993897122929381,0.992153443766347,0.986922406277245,0.985178727114211,0.977332170880558,0.93025283347864,0.5745422842197035,0.9691185242967923,1.0,1.0,1.0,0.9991273996509599,0.9991273996509599,0.9991273996509599,0.9991273996509599,0.9991273996509599,0.9982547993019197,0.9973821989528796,0.9965095986038395,0.9956369982547993,0.9947643979057592,0.9930191972076788,0.987783595113438,0.9860383944153578,0.9781849912739965,0.931064572425829,0.575043630017452,0.9699641774593551,0.7348205895326314,0.7348205895326314,0.7348205895326314,0.7350448677959595,0.7350448677959595,0.7350448677959595,0.7350448677959595,0.7350448677959595,0.7352727400804323,0.7348664750239553,0.7350977977072547,0.7346938775510204,0.7349286678234047,0.7347653810746957,0.7366536584734464,0.7351371332715111,0.733206117924718,0.7219326436353042,0.5799810027563973,0.7261169264684122,1.0,1.0,1.0,0.9991333044434814,0.9991333044434814,0.9991333044434814,0.9991333044434814,0.9991333044434814,0.9982784391181337,0.9974047096514723,0.9965602023384974,0.9956887795022152,0.994854677654852,0.9931619320905508,0.9886255575409447,0.9868558730028982,0.9801412129084304,0.9404895154778412,0.6423527076605834,0.9742147436402017,0.9463032773861274,0.9463032773861274,0.9463032773861274,0.9469630856247233,0.9469630856247233,0.9469630856247233,0.9469630856247233,0.9469630856247233,0.947418118082491,0.9478176885750542,0.9481686097257707,0.948503232210683,0.948783361794653,0.9492333886805617,0.9503788372026413,0.9506855246573654,0.951620130588607,0.9551736940024075,0.9679631137330066,0.949445839975539,0.8568430100417247,0.8568430100417247,0.8568430100417247,0.8565709846347912,0.8565709846347912,0.8565709846347912,0.8565709846347912,0.8565709846347912,0.8563017240094477,0.8555083941515825,0.8552416381156762,0.8544520862514688,0.8541878274672874,0.8531402738433187,0.8518672892644402,0.8495495301581524,0.84327883124649,0.8070736935840914,0.5162186998730995,0.8342212600665362,1146.0,1146.0,1146.0,1145.0,1145.0,1145.0,1145.0,1145.0,1144.0,1143.0,1142.0,1141.0,1140.0,1138.0,1132.0,1130.0,1121.0,1067.0,659.0,1111.578947368421,1.0,1.0,1.0,2.0,2.0,2.0,2.0,2.0,3.0,4.0,5.0,6.0,7.0,9.0,15.0,17.0,26.0,80.0,488.0,35.421052631578945,0.0,0.0,0.0,1.0,1.0,1.0,1.0,1.0,2.0,3.0,4.0,5.0,6.0,8.0,14.0,16.0,25.0,79.0,487.0,34.421052631578945,0.99128160418483,0.9478176885750542,0.993897122929381,0.9965126416739319,0.9973821989528796,1.0,0.0,0.0,0.9392812711781056,0.996947230702137,0.004991680532445923,0.9934811497343334,1083.355618041287,1143,4,3,3,2,0,0,5.0,601,0.809419973833406,0.8090671316477768,0.8097731239092496,928,219,218,1146,1147,5,2
fencing_005_fencing_aria02_rgb,0.6555457585914451,0.9479830823403375,0.6214462888446529,0.6555457585914451,0.6555457585914451,0.6555457585914451,0.6555457585914451,0.6555457585914451,0.6555457585914451,0.6545903261959898,0.6545903261959898,0.6545903261959898,0.6545903261959898,0.6545903261959898,0.6545903261959898,0.6520430456153603,0.6490338341591078,0.6467869241137579,0.6300707993677802,0.6169566356739071,0.5819846381068774,0.39088073634466036,0.6330827959003189,0.9982332155477032,0.9982332155477032,0.9982332155477032,0.9982332155477032,0.9982332155477032,0.9982332155477032,0.9947089947089947,0.9947089947089947,0.9947089947089947,0.9947089947089947,0.9947089947089947,0.9947089947089947,0.9911971830985915,0.9842105263157894,0.9772727272727273,0.9366438356164384,0.910472972972973,0.8420195439739414,0.5450819672131147,0.9549764220001979,0.4305008438047683,0.4305008438047683,0.4305008438047683,0.4305008438047683,0.4305008438047683,0.4305008438047683,0.43076768927250725,0.43076768927250725,0.43076768927250725,0.43076768927250725,0.43076768927250725,0.43076768927250725,0.42893597821399926,0.4280028577423622,0.4280620071860369,0.4238422302269047,0.41806346986794646,0.4022544624010238,0.2803023384290519,0.41984602855426195,0.9982332155477032,0.9982332155477032,0.9982332155477032,0.9982332155477032,0.9982332155477032,0.9982332155477032,0.9964664310954063,0.9964664310954063,0.9964664310954063,0.9964664310954063,0.9964664310954063,0.9964664310954063,0.9946996466431095,0.991166077738516,0.9876325088339223,0.9664310954063604,0.9522968197879859,0.9134275618374559,0.7049469964664311,0.9725683466617072,1.0,1.0,1.0,1.0,1.0,1.0,0.9982300884955753,0.9982300884955753,0.9982300884955753,0.9982300884955753,0.9982300884955753,0.9982300884955753,0.9964601769911504,0.9929203539823008,0.9893805309734514,0.968141592920354,0.9539823008849557,0.9150442477876106,0.7061946902654868,0.9742897065673032,0.4305008438047683,0.4305008438047683,0.4305008438047683,0.4305008438047683,0.4305008438047683,0.4305008438047683,0.4307937422468885,0.4307937422468885,0.4307937422468885,0.4307937422468885,0.4307937422468885,0.4307937422468885,0.4295353563710769,0.4288839854563243,0.42903113709645135,0.4273540066064085,0.42357204631708245,0.41321939922705386,0.31758738020593263,0.4229974119784353,1.0,1.0,1.0,1.0,1.0,1.0,0.9984802431610942,0.9984802431610942,0.9984802431610942,0.9984802431610942,0.9984802431610942,0.9984802431610942,0.9967073658496725,0.9935761978134858,0.9913011062646458,0.9726555481275163,0.9624841452667922,0.934456969828182,0.7370537229889805,0.9778482376371496,0.9479830823403375,0.9479830823403375,0.9479830823403375,0.9479830823403375,0.9479830823403375,0.9479830823403375,0.9490646149486526,0.9490646149486526,0.9490646149486526,0.9490646149486526,0.9490646149486526,0.9490646149486526,0.9496527035826624,0.9506605888237444,0.9514941697140918,0.955283410071986,0.9572260174419269,0.9604779512378897,0.9683589992891872,0.9513389486260752,0.6555457585914451,0.6555457585914451,0.6555457585914451,0.6555457585914451,0.6555457585914451,0.6555457585914451,0.6551683310116494,0.6551683310116494,0.6551683310116494,0.6551683310116494,0.6551683310116494,0.6551683310116494,0.6531940492395668,0.6513232022347838,0.6502060858632669,0.6400111802442691,0.6309679174290685,0.6061603029143394,0.44452029377529795,0.6389825036483768,565.0,565.0,565.0,565.0,565.0,565.0,564.0,564.0,564.0,564.0,564.0,564.0,563.0,561.0,559.0,547.0,539.0,517.0,399.0,550.4736842105264,1.0,1.0,1.0,1.0,1.0,1.0,2.0,2.0,2.0,2.0,2.0,2.0,3.0,5.0,7.0,19.0,27.0,49.0,167.0,15.526315789473685,0.0,0.0,0.0,0.0,0.0,0.0,1.0,1.0,1.0,1.0,1.0,1.0,2.0,4.0,6.0,18.0,26.0,48.0,166.0,14.526315789473685,0.9840989399293286,0.9490646149486526,0.9946996466431095,0.9964664310954063,0.9982300884955753,1.0,0.0,0.0,0.9333435385707421,0.9973474801061007,0.0016638935108153079,0.9933248211123964,535.27244283104,564,2,1,6,2,0,0,5.0,601,0.5658709106984969,0.5653710247349824,0.5663716814159292,320,246,245,565,566,8,2
fencing_005_fencing_aria03_rgb,0.6737342889575201,0.9255460423669046,0.6235721047515133,0.6737342889575201,0.6737342889575201,0.6737342889575201,0.6737342889575201,0.6737342889575201,0.6737342889575201,0.6737342889575201,0.6737342889575201,0.6737342889575201,0.6737342889575201,0.6737342889575201,0.672765619651462,0.6677821477337476,0.6656486747278295,0.6581339424611865,0.64915940646589,0.6234226720210063,0.49127793711013823,0.15093153184544877,0.6310631110815489,0.998220640569395,0.998220640569395,0.998220640569395,0.998220640569395,0.998220640569395,0.998220640569395,0.998220640569395,0.998220640569395,0.998220640569395,0.998220640569395,0.998220640569395,0.9964444444444445,0.9840989399293286,0.9805996472663139,0.9667250437828371,0.9530434782608695,0.9098639455782312,0.6963746223564955,0.18148342977380327,0.9288979261924034,0.45472701491944295,0.45472701491944295,0.45472701491944295,0.45472701491944295,0.45472701491944295,0.45472701491944295,0.45472701491944295,0.45472701491944295,0.45472701491944295,0.45472701491944295,0.45472701491944295,0.45422861405721904,0.45313837739111934,0.4518542907925203,0.44804910041908874,0.4421707347204549,0.4271581810430075,0.3465864546793269,0.12552290494843849,0.4289845169560551,0.998220640569395,0.998220640569395,0.998220640569395,0.998220640569395,0.998220640569395,0.998220640569395,0.998220640569395,0.998220640569395,0.998220640569395,0.998220640569395,0.998220640569395,0.9973309608540926,0.9911032028469751,0.9893238434163701,0.9822064056939501,0.9750889679715302,0.9519572953736655,0.8202846975088968,0.3069395017793594,0.9470874695635887,1.0,1.0,1.0,1.0,1.0,1.0,1.0,1.0,1.0,1.0,1.0,0.9991087344028521,0.9928698752228164,0.9910873440285205,0.983957219251337,0.9768270944741533,0.9536541889483066,0.82174688057041,0.3074866310160428,0.9487756825218125,0.45472701491944295,0.45472701491944295,0.45472701491944295,0.45472701491944295,0.45472701491944295,0.45472701491944295,0.45472701491944295,0.45472701491944295,0.45472701491944295,0.45472701491944295,0.45472701491944295,0.4543845301135999,0.4539335645255466,0.4530499118941928,0.45056963349632173,0.4464321073591729,0.43584223408989764,0.3738045925667078,0.15897001600516864,0.4331044081139201,1.0,1.0,1.0,1.0,1.0,1.0,1.0,1.0,1.0,1.0,1.0,0.9991117033089052,0.9930718902484251,0.9912888937924939,0.9843990764269506,0.9774036344462219,0.9544636229595979,0.8284638263867505,0.363649274493861,0.9522027327401688,0.9255460423669046,0.9255460423669046,0.9255460423669046,0.9255460423669046,0.9255460423669046,0.9255460423669046,0.9255460423669046,0.9255460423669046,0.9255460423669046,0.9255460423669046,0.9255460423669046,0.9258421637862162,0.92767971333606,0.9280995519326228,0.9295791288959829,0.9307207194306479,0.9332537030304441,0.9414062549119222,0.9641375132639667,0.9295644849802007,0.6737342889575201,0.6737342889575201,0.6737342889575201,0.6737342889575201,0.6737342889575201,0.6737342889575201,0.6737342889575201,0.6737342889575201,0.6737342889575201,0.6737342889575201,0.6737342889575201,0.6730648260792633,0.6701543830828981,0.6686031884690906,0.6633827677118549,0.656624554357954,0.6376804424807428,0.533197491683253,0.19628534817140986,0.6373721147667993,1122.0,1122.0,1122.0,1122.0,1122.0,1122.0,1122.0,1122.0,1122.0,1122.0,1122.0,1121.0,1114.0,1112.0,1104.0,1096.0,1070.0,922.0,345.0,1064.5263157894738,2.0,2.0,2.0,2.0,2.0,2.0,2.0,2.0,2.0,2.0,2.0,3.0,10.0,12.0,20.0,28.0,54.0,202.0,779.0,59.473684210526315,0.0,0.0,0.0,0.0,0.0,0.0,0.0,0.0,0.0,0.0,0.0,1.0,8.0,10.0,18.0,26.0,52.0,200.0,777.0,57.473684210526315,0.9955516014234875,0.9255460423669046,0.998220640569395,0.998220640569395,1.0,1.0,0.0,0.0,0.9212301241420524,0.9991095280498664,0.0,0.9977961554673314,1038.462659535667,1122,2,0,3,2,0,0,2.0,601,0.5004452359750667,0.5,0.5008912655971479,562,562,560,1122,1124,5,2
fencing_006_fencing_aria01_rgb,0.6968083853263857,0.9387094610865931,0.6541006238703506,0.6968083853263857,0.6968083853263857,0.6968083853263857,0.6968083853263857,0.6968083853263857,0.6968083853263857,0.6968083853263857,0.6968083853263857,0.6954971005089499,0.6954971005089499,0.6941909205047943,0.6941909205047943,0.6928898283893399,0.6890169114801606,0.6749319103117567,0.658646663099163,0.6268657324567558,0.5680329328073754,0.2817551465735833,0.660314855250353,0.9974895397489539,0.9974895397489539,0.9974895397489539,0.9974895397489539,0.9974895397489539,0.9974895397489539,0.9974895397489539,0.9974895397489539,0.995819397993311,0.995819397993311,0.9941520467836257,0.9941520467836257,0.9924874791318865,0.9875104079933389,0.9678483099752679,0.9453952730236349,0.8974562798092209,0.802870090634441,0.33650615901455766,0.9415754319540975,0.4867639273524261,0.4867639273524261,0.4867639273524261,0.4867639273524261,0.4867639273524261,0.4867639273524261,0.4867639273524261,0.4867639273524261,0.4857469314125627,0.4857469314125627,0.4847357460766542,0.4847357460766542,0.48373034862398645,0.48074865891323537,0.4706657839478149,0.45887200749819795,0.43786049010886585,0.40188495812414177,0.2359123614651792,0.4634079674989086,0.998324958123953,0.998324958123953,0.998324958123953,0.998324958123953,0.998324958123953,0.998324958123953,0.998324958123953,0.998324958123953,0.9974874371859297,0.9974874371859297,0.9966499162479062,0.9966499162479062,0.9958123953098827,0.9932998324958124,0.983249581239531,0.9715242881072027,0.9455611390284757,0.890284757118928,0.5033500837520938,0.9609450762584855,0.9991617770326907,0.9991617770326907,0.9991617770326907,0.9991617770326907,0.9991617770326907,0.9991617770326907,0.9991617770326907,0.9991617770326907,0.9983235540653814,0.9983235540653814,0.9974853310980721,0.9974853310980721,0.9966471081307627,0.9941324392288349,0.9840737636211232,0.972338642078793,0.9463537300922046,0.8910310142497905,0.5037720033528919,0.9617505624917281,0.4927828145827328,0.4927828145827328,0.4927828145827328,0.4927828145827328,0.4927828145827328,0.4927828145827328,0.4927828145827328,0.4927828145827328,0.4921166459267484,0.4921166459267484,0.4914521541192594,0.4914521541192594,0.49078934339117053,0.4888110402063917,0.48206062033876995,0.47383354504911623,0.4585944358252,0.4310312551235396,0.27700040869370063,0.4742905665990403,0.9303849563125238,0.9303849563125238,0.9303849563125238,0.9303849563125238,0.9303849563125238,0.9303849563125238,0.9303849563125238,0.9303849563125238,0.9294890444196947,0.9294890444196947,0.9285959696149925,0.9285959696149925,0.927705739056755,0.9250521848063595,0.9159303867723549,0.9042629644978307,0.8832074913172232,0.8413991715365576,0.56189347893066,0.9009842681835425,0.9387094610865931,0.9387094610865931,0.9387094610865931,0.9387094610865931,0.9387094610865931,0.9387094610865931,0.9387094610865931,0.9387094610865931,0.9391379964550604,0.9391379964550604,0.9394704251184386,0.9394704251184386,0.9397153465802076,0.9404031079837071,0.9426705653904857,0.9446146108426919,0.9478659669463282,0.9520617539610852,0.9677962750061729,0.9422115872921274,0.6971001200619332,0.6971001200619332,0.6971001200619332,0.6971001200619332,0.6971001200619332,0.6971001200619332,0.6971001200619332,0.6971001200619332,0.6960793501718369,0.6960793501718369,0.6950624725372991,0.6950624725372991,0.6940494774490769,0.691033691198268,0.68028077656984,0.6676865285573835,0.6434468616466366,0.5981572137267109,0.3445961504452018,0.6672808055529923,1192.0,1192.0,1192.0,1192.0,1192.0,1192.0,1192.0,1192.0,1191.0,1191.0,1190.0,1190.0,1189.0,1186.0,1174.0,1160.0,1129.0,1063.0,601.0,1147.3684210526317,2.0,2.0,2.0,2.0,2.0,2.0,2.0,2.0,3.0,3.0,4.0,4.0,5.0,8.0,20.0,34.0,65.0,131.0,593.0,46.63157894736842,1.0,1.0,1.0,1.0,1.0,1.0,1.0,1.0,2.0,2.0,3.0,3.0,4.0,7.0,19.0,33.0,64.0,130.0,592.0,45.63157894736842,0.9932998324958124,0.9391379964550604,0.9958123953098827,0.9974874371859297,0.9983235540653814,1.0,0.0,0.0,0.9325907485577696,0.9979053204859657,0.0033277870216306157,0.9954127962690791,1118.5133537779768,1191,3,2,3,2,0,0,4.0,601,0.5990783410138248,0.5988274706867671,0.5993294216261525,715,479,478,1193,1194,4,2
fencing_006_fencing_aria02_rgb,1.0,0.9607079194609152,0.9607079194609152,1.0,1.0,1.0,1.0,1.0,1.0,1.0,1.0,1.0,1.0,1.0,1.0,0.9966777408637874,0.9966777408637874,0.9867768595041322,0.9802306425041186,0.9640522875816994,0.9418416801292407,0.6858345021037868,0.9764258659763448,1.0,1.0,1.0,1.0,1.0,1.0,1.0,1.0,1.0,1.0,1.0,1.0,0.9966777408637874,0.9966777408637874,0.9867768595041322,0.9802306425041186,0.9640522875816994,0.9418416801292407,0.6858345021037868,0.9764258659763448,1.0,1.0,1.0,1.0,1.0,1.0,1.0,1.0,1.0,1.0,1.0,1.0,0.9966777408637874,0.9966777408637874,0.9867768595041322,0.9802306425041186,0.9640522875816994,0.9418416801292407,0.6858345021037868,0.9764258659763448,1.0,1.0,1.0,1.0,1.0,1.0,1.0,1.0,1.0,1.0,1.0,1.0,0.9983361064891847,0.9983361064891847,0.9933444259567388,0.9900166389351082,0.9816971713810316,0.9700499168053245,0.8136439267886856,0.986601278570803,1.0,1.0,1.0,1.0,1.0,1.0,1.0,1.0,1.0,1.0,1.0,1.0,0.9983361064891847,0.9983361064891847,0.9933444259567388,0.9900166389351082,0.9816971713810316,0.9700499168053245,0.8136439267886856,0.986601278570803,1.0,1.0,1.0,1.0,1.0,1.0,1.0,1.0,1.0,1.0,1.0,1.0,0.9983361064891847,0.9983361064891847,0.9933444259567388,0.9900166389351083,0.9816971713810316,0.9700499168053244,0.8136439267886856,0.986601278570803,1.0,1.0,1.0,1.0,1.0,1.0,1.0,1.0,1.0,1.0,1.0,1.0,0.9983361064891847,0.9983361064891847,0.9933444259567388,0.9900166389351083,0.9816971713810316,0.9700499168053244,0.8136439267886856,0.986601278570803,0.9607079194609152,0.9607079194609152,0.9607079194609152,0.9607079194609152,0.9607079194609152,0.9607079194609152,0.9607079194609152,0.9607079194609152,0.9607079194609152,0.9607079194609152,0.9607079194609152,0.9607079194609152,0.9612586764395626,0.9612586764395626,0.9624504323097122,0.9630985056151052,0.9641301283687824,0.9651932479994505,0.9705630759883718,0.9619183040363963,1.0,1.0,1.0,1.0,1.0,1.0,1.0,1.0,1.0,1.0,1.0,1.0,0.997506579045166,0.997506579045166,0.9900551969721313,0.9851114891590338,0.9728347258308407,0.9558417460297269,0.747010761247044,0.9813614251225846,601.0,601.0,601.0,601.0,601.0,601.0,601.0,601.0,601.0,601.0,601.0,601.0,600.0,600.0,597.0,595.0,590.0,583.0,489.0,592.9473684210526,0.0,0.0,0.0,0.0,0.0,0.0,0.0,0.0,0.0,0.0,0.0,0.0,1.0,1.0,4.0,6.0,11.0,18.0,112.0,8.052631578947368,0.0,0.0,0.0,0.0,0.0,0.0,0.0,0.0,0.0,0.0,0.0,0.0,1.0,1.0,4.0,6.0,11.0,18.0,112.0,8.052631578947368,1.0,0.9607079194609152,1.0,1.0,1.0,1.0,0.0,0.0,0.9607079194609152,1.0,0.0,1.0,577.38545959601,601,0,0,0,1,0,0,0.0,601,1.0,1.0,1.0,601,0,0,601,601,1,1
fencing_006_fencing_aria03_rgb,0.6449824966066272,0.9161795616969103,0.5909197810432386,0.6449824966066272,0.6449824966066272,0.6449824966066272,0.6449824966066272,0.6449824966066272,0.6449824966066272,0.6449824966066272,0.6447113739948416,0.6447113739948416,0.6447113739948416,0.644442733826119,0.6429196488757251,0.6429196488757251,0.6340903538777721,0.6189861802923106,0.5976473235967629,0.5399451678246809,0.4261173134934889,0.14589645302151835,0.5969461274692115,0.9866999168744804,0.9866999168744804,0.9866999168744804,0.9866999168744804,0.9866999168744804,0.9866999168744804,0.9866999168744804,0.9850498338870431,0.9850498338870431,0.9850498338870431,0.983402489626556,0.9817578772802653,0.9817578772802653,0.9670781893004116,0.9462540716612378,0.8983320095313742,0.7969924812030075,0.5880398671096345,0.15514741420976316,0.9032005893150005,0.42160986720934135,0.42160986720934135,0.42160986720934135,0.42160986720934135,0.42160986720934135,0.42160986720934135,0.42160986720934135,0.42196114496881376,0.42196114496881376,0.42196114496881376,0.42231582852611393,0.4210260844105115,0.4210260844105115,0.41575808588103697,0.404905936859241,0.397606140728195,0.3658011727001005,0.3087817255510249,0.13719709808041797,0.3953458243431045,0.9875207986688852,0.9875207986688852,0.9875207986688852,0.9875207986688852,0.9875207986688852,0.9875207986688852,0.9875207986688852,0.9866888519134775,0.9866888519134775,0.9866888519134775,0.9858569051580699,0.9850249584026622,0.9850249584026622,0.9775374376039934,0.9667221297836939,0.9409317803660566,0.8818635607321131,0.7362728785357737,0.2670549084858569,0.9262632454680797,0.9991582491582491,0.9991582491582491,0.9991582491582491,0.9991582491582491,0.9991582491582491,0.9991582491582491,0.9991582491582491,0.9983164983164983,0.9983164983164983,0.9983164983164983,0.9974747474747475,0.9966329966329966,0.9966329966329966,0.9890572390572391,0.9781144781144782,0.952020202020202,0.8922558922558923,0.7449494949494949,0.2702020202020202,0.9371788055998581,0.4216098695378525,0.4216098695378525,0.4216098695378525,0.4216098695378525,0.4216098695378525,0.4216098695378525,0.4216098695378525,0.4219611496297626,0.4219611496297626,0.4219611496297626,0.422315830858555,0.4214597292800288,0.4214597292800288,0.41810740963642157,0.41076404500817626,0.40638576142621124,0.3841521991649138,0.34316252573394623,0.18998968489692675,0.4018394447862876,0.9995787700084247,0.9995787700084247,0.9995787700084247,0.9995787700084247,0.9995787700084247,0.9995787700084247,0.9995787700084247,0.9991568296795953,0.9991568296795953,0.9991568296795953,0.9995780590717299,0.9987350631881882,0.9987350631881882,0.9915736809129785,0.9806694138080183,0.9565524665892813,0.9018138913649432,0.760300367537148,0.3313591103028899,0.9428336313190065,0.9161795616969103,0.9161795616969103,0.9161795616969103,0.9161795616969103,0.9161795616969103,0.9161795616969103,0.9161795616969103,0.9166250577386532,0.9166250577386532,0.9166250577386532,0.9169709710716717,0.9172418179103824,0.9172418179103824,0.9190890568729276,0.9211498835800924,0.9250847179811075,0.9317082161308458,0.9416673116525428,0.964388428702532,0.921982859310885,0.6452507363755979,0.6452507363755979,0.6452507363755979,0.6452507363755979,0.6452507363755979,0.6452507363755979,0.6452507363755979,0.6452475166022534,0.6452475166022534,0.6452475166022534,0.6452464457166895,0.6439885102103141,0.6439885102103141,0.6375100735951471,0.6256448910065736,0.61165370421494,0.5679671862680918,0.4768098257279273,0.19141357964468234,0.605090549001612,1187.0,1187.0,1187.0,1187.0,1187.0,1187.0,1187.0,1186.0,1186.0,1186.0,1185.0,1184.0,1184.0,1175.0,1162.0,1131.0,1060.0,885.0,321.0,1113.3684210526317,15.0,15.0,15.0,15.0,15.0,15.0,15.0,16.0,16.0,16.0,17.0,18.0,18.0,27.0,40.0,71.0,142.0,317.0,881.0,88.63157894736842,1.0,1.0,1.0,1.0,1.0,1.0,1.0,2.0,2.0,2.0,3.0,4.0,4.0,13.0,26.0,57.0,128.0,303.0,867.0,74.63157894736842,0.9767054908485857,0.9163859739804472,0.9850249584026622,0.9866888519134775,0.9983164983164983,1.0,0.0,0.0,0.8942044635114894,0.9924686192468619,0.0033277870216306157,0.9841930116472546,1086.8337651408103,1186,16,2,10,2,0,0,6.0,601,0.5230125523012552,0.5199667221297837,0.5260942760942761,625,577,563,1188,1202,12,2
fencing_008_fencing_aria01_rgb,0.834966141296376,0.9431044266411746,0.7874602639521127,0.834966141296376,0.834966141296376,0.834966141296376,0.834966141296376,0.834966141296376,0.834966141296376,0.834966141296376,0.834966141296376,0.834966141296376,0.834966141296376,0.834966141296376,0.834966141296376,0.834966141296376,0.8333191718690047,0.8254975255706984,0.8114761761726583,0.7815619248396252,0.6908581369008185,0.342550111077842,0.7968327833307124,0.9981429897864438,0.9981429897864438,0.9981429897864438,0.9981429897864438,0.9981429897864438,0.9981429897864438,0.9981429897864438,0.9981429897864438,0.9981429897864438,0.9981429897864438,0.9981429897864438,0.9981429897864438,0.9981429897864438,0.9944392956441149,0.9797608095676172,0.9563636363636364,0.9180035650623886,0.8068849706129303,0.40745585349901897,0.949408789367025,0.6984655147059856,0.6984655147059856,0.6984655147059856,0.6984655147059856,0.6984655147059856,0.6984655147059856,0.6984655147059856,0.6984655147059856,0.6984655147059856,0.6984655147059856,0.6984655147059856,0.6984655147059856,0.6984655147059856,0.698303903763835,0.6955229869054245,0.6885389191495999,0.6653994228415733,0.5915154981254792,0.2879835388098662,0.6688061031986101,1.0,1.0,1.0,1.0,1.0,1.0,1.0,1.0,1.0,1.0,1.0,1.0,1.0,0.998139534883721,0.9906976744186047,0.9786046511627907,0.958139534883721,0.893953488372093,0.5795348837209302,0.9683720930232561,0.9981429897864438,0.9981429897864438,0.9981429897864438,0.9981429897864438,0.9981429897864438,0.9981429897864438,0.9981429897864438,0.9981429897864438,0.9981429897864438,0.9981429897864438,0.9981429897864438,0.9981429897864438,0.9981429897864438,0.9962859795728877,0.9888579387186629,0.9767873723305478,0.9563602599814299,0.8922934076137419,0.5784586815227484,0.9665738161559888,0.6985388966784316,0.6985388966784316,0.6985388966784316,0.6985388966784316,0.6985388966784316,0.6985388966784316,0.6985388966784316,0.6985388966784316,0.6985388966784316,0.6985388966784316,0.6985388966784316,0.6985388966784316,0.6985388966784316,0.6985853873085933,0.6974804247104717,0.6942146752032684,0.6816728841000687,0.637923945936433,0.38875114156013035,0.6778754797704514,0.9982497340021278,0.9982497340021278,0.9982497340021278,0.9982497340021278,0.9982497340021278,0.9982497340021278,0.9982497340021278,0.9982497340021278,0.9982497340021278,0.9982497340021278,0.9982497340021278,0.9982497340021278,0.9982497340021278,0.9964054090676496,0.9890439384583393,0.9772922611673859,0.9577396233014583,0.895099189053377,0.5872328333001361,0.9673715682303159,0.9431044266411746,0.9431044266411746,0.9431044266411746,0.9431044266411746,0.9431044266411746,0.9431044266411746,0.9431044266411746,0.9431044266411746,0.9431044266411746,0.9431044266411746,0.9431044266411746,0.9431044266411746,0.9431044266411746,0.9436113500075867,0.9451779371703102,0.9472339059038202,0.9499218137335312,0.955055273746558,0.9670331337727865,0.9457047874036771,0.8357424930599051,0.8357424930599051,0.8357424930599051,0.8357424930599051,0.8357424930599051,0.8357424930599051,0.8357424930599051,0.8357424930599051,0.8357424930599051,0.8357424930599051,0.8357424930599051,0.8357424930599051,0.8357424930599051,0.8348680935994146,0.8300921669500837,0.82085771531149,0.7984644597684492,0.7271776557179328,0.4085296888571476,0.8044548521043833,1075.0,1075.0,1075.0,1075.0,1075.0,1075.0,1075.0,1075.0,1075.0,1075.0,1075.0,1075.0,1075.0,1073.0,1065.0,1052.0,1030.0,961.0,623.0,1041.0,0.0,0.0,0.0,0.0,0.0,0.0,0.0,0.0,0.0,0.0,0.0,0.0,0.0,2.0,10.0,23.0,45.0,114.0,452.0,34.0,2.0,2.0,2.0,2.0,2.0,2.0,2.0,2.0,2.0,2.0,2.0,2.0,2.0,4.0,12.0,25.0,47.0,116.0,454.0,36.0,0.9953488372093023,0.9431044266411746,0.998139534883721,1.0,0.9981429897864438,1.0,0.0,0.0,0.9384532638504769,0.9990706319702602,0.0033277870216306157,0.9976957011584003,1013.8372586392627,1075,0,2,3,2,0,0,3.0,601,0.7146840148698885,0.7153488372093023,0.7140204271123491,769,306,308,1077,1075,5,2
fencing_008_fencing_aria02_rgb,0.9124942708697256,0.9501796737243753,0.8670335085703575,0.9124942708697256,0.9124942708697256,0.9124942708697256,0.9124942708697256,0.9124942708697256,0.9124942708697256,0.9124942708697256,0.9124942708697256,0.9124942708697256,0.9124942708697256,0.9124942708697256,0.9106202485646043,0.9106202485646043,0.9073858906896919,0.9014188985291963,0.8973338332378413,0.8840345473889187,0.8381954280890135,0.4854745010597384,0.8827642408258205,0.9967793880837359,0.9967793880837359,0.9967793880837359,0.9967793880837359,0.9967793880837359,0.9967793880837359,0.9967793880837359,0.9967793880837359,0.9967793880837359,0.9967793880837359,0.9967793880837359,0.9935691318327974,0.9935691318327974,0.984,0.9713831478537361,0.96513470681458,0.9435736677115988,0.8674698795180723,0.49038461538461536,0.9565082920983841,0.8353360877282953,0.8353360877282953,0.8353360877282953,0.8353360877282953,0.8353360877282953,0.8353360877282953,0.8353360877282953,0.8353360877282953,0.8353360877282953,0.8353360877282953,0.8353360877282953,0.8345964166239904,0.8345964166239904,0.8367369457548023,0.836493851495083,0.834295982299612,0.8282523217000152,0.8099088997299159,0.48061355063994116,0.8149574394672946,1.0,1.0,1.0,1.0,1.0,1.0,1.0,1.0,1.0,1.0,1.0,0.9983844911147012,0.9983844911147012,0.9935379644588045,0.9870759289176091,0.9838449111470113,0.9725363489499192,0.9305331179321487,0.6591276252019386,0.9749170988861492,0.9967793880837359,0.9967793880837359,0.9967793880837359,0.9967793880837359,0.9967793880837359,0.9967793880837359,0.9967793880837359,0.9967793880837359,0.9967793880837359,0.9967793880837359,0.9967793880837359,0.9951690821256038,0.9951690821256038,0.9903381642512077,0.9838969404186796,0.9806763285024155,0.9694041867954911,0.927536231884058,0.6570048309178744,0.9717772692601067,0.8362732382766299,0.8362732382766299,0.8362732382766299,0.8362732382766299,0.8362732382766299,0.8362732382766299,0.8362732382766299,0.8362732382766299,0.8362732382766299,0.8362732382766299,0.8362732382766299,0.8358813966354124,0.8358813966354124,0.8381415545721322,0.8394125624708748,0.8386306117072051,0.8361264256767232,0.8301448892839608,0.6113349889804031,0.8244504972107922,0.9969843834141088,0.9969843834141088,0.9969843834141088,0.9969843834141088,0.9969843834141088,0.9969843834141088,0.9969843834141088,0.9969843834141088,0.9969843834141088,0.9969843834141088,0.9969843834141088,0.995631067961165,0.995631067961165,0.9920620842572062,0.9857752292992844,0.9834986684984973,0.9749859010684395,0.949898325881289,0.6939995086385792,0.9757005300589906,0.9501796737243753,0.9501796737243753,0.9501796737243753,0.9501796737243753,0.9501796737243753,0.9501796737243753,0.9501796737243753,0.9501796737243753,0.9501796737243753,0.9501796737243753,0.9501796737243753,0.9507872478330075,0.9507872478330075,0.9522099662955064,0.9536620816992885,0.9542579206597513,0.9557990860211479,0.9590423658341911,0.9689712842837016,0.952499663759354,0.9139672246466474,0.9139672246466474,0.9139672246466474,0.9139672246466474,0.9139672246466474,0.9139672246466474,0.9139672246466474,0.9139672246466474,0.9139672246466474,0.9139672246466474,0.9139672246466474,0.9128242540036366,0.9128242540036366,0.9117729552211468,0.9086709775812022,0.905989987017445,0.8974995760196361,0.8681284776498663,0.5628371596413798,0.8912730059079511,619.0,619.0,619.0,619.0,619.0,619.0,619.0,619.0,619.0,619.0,619.0,618.0,618.0,615.0,611.0,609.0,602.0,576.0,408.0,603.4736842105264,0.0,0.0,0.0,0.0,0.0,0.0,0.0,0.0,0.0,0.0,0.0,1.0,1.0,4.0,8.0,10.0,17.0,43.0,211.0,15.526315789473685,2.0,2.0,2.0,2.0,2.0,2.0,2.0,2.0,2.0,2.0,2.0,3.0,3.0,6.0,10.0,12.0,19.0,45.0,213.0,17.526315789473685,0.9919224555735057,0.9501796737243753,0.9967689822294022,1.0,0.9967793880837359,1.0,0.0,0.0,0.942102129297881,0.9983870967741936,0.0033277870216306157,0.9959981886030377,588.1612180353883,619,0,2,3,2,0,0,3.0,601,0.9,0.901453957996769,0.8985507246376812,558,61,63,621,619,5,2
fencing_008_fencing_aria03_rgb,0.8684788355588561,0.9471269726430706,0.8225597303274385,0.8684788355588561,0.8684788355588561,0.8684788355588561,0.8684788355588561,0.8684788355588561,0.8684788355588561,0.8684788355588561,0.8684788355588561,0.8684788355588561,0.8684788355588561,0.8674641136632006,0.8665369468886717,0.8647179958800393,0.8619824272467445,0.8610642525838132,0.845003357152879,0.805324955141792,0.7132411600001339,0.3920280893843927,0.8295869291331699,1.0,1.0,1.0,1.0,1.0,1.0,1.0,1.0,1.0,1.0,0.9983150800336984,0.9966329966329966,0.9949537426408747,0.9916036943744753,0.9899328859060402,0.9750208159866778,0.9300244100895037,0.8232129131437356,0.43670502725620836,0.9545474508454849,0.7542554878136666,0.7542554878136666,0.7542554878136666,0.7542554878136666,0.7542554878136666,0.7542554878136666,0.7542554878136666,0.7542554878136666,0.7542554878136666,0.7542554878136666,0.7537640205415727,0.7534230582972051,0.751529624295996,0.7493050995043922,0.7489716299293587,0.7323235175005659,0.6973454420531976,0.6179603650477647,0.35192180825574076,0.7210052338717085,1.0,1.0,1.0,1.0,1.0,1.0,1.0,1.0,1.0,1.0,0.9991568296795953,0.9983136593591906,0.9974704890387859,0.9957841483979764,0.9949409780775716,0.9873524451939292,0.9637436762225969,0.903035413153457,0.6079258010118044,0.9709328126386794,1.0,1.0,1.0,1.0,1.0,1.0,1.0,1.0,1.0,1.0,0.9991568296795953,0.9983136593591906,0.9974704890387859,0.9957841483979764,0.9949409780775716,0.9873524451939292,0.9637436762225969,0.903035413153457,0.6079258010118044,0.9709328126386794,0.7542554878136666,0.7542554878136666,0.7542554878136666,0.7542554878136666,0.7542554878136666,0.7542554878136666,0.7542554878136666,0.7542554878136666,0.7542554878136666,0.7542554878136666,0.7539990623534927,0.7538432663432663,0.7527912859204887,0.7515851314051041,0.7514325561506813,0.7420026403062079,0.7217453105845593,0.6718778520220562,0.4641711005699827,0.7318948991469739,1.0,1.0,1.0,1.0,1.0,1.0,1.0,1.0,1.0,1.0,0.9991588403429972,0.9983166065625743,0.9974712815415036,0.9957869829255209,0.9949513632654426,0.9873930693373079,0.9641444494344643,0.9046761947761232,0.6091780086147861,0.9711093050947748,0.9471269726430706,0.9471269726430706,0.9471269726430706,0.9471269726430706,0.9471269726430706,0.9471269726430706,0.9471269726430706,0.9471269726430706,0.9471269726430706,0.9471269726430706,0.9474919405096056,0.9477907225442905,0.9480444485576589,0.9484922331267467,0.9486676407973574,0.9500254576675463,0.9529527182587363,0.9578433165628282,0.9691443310342577,0.949564343973144,0.8684788355588561,0.8684788355588561,0.8684788355588561,0.8684788355588561,0.8684788355588561,0.8684788355588561,0.8684788355588561,0.8684788355588561,0.8684788355588561,0.8684788355588561,0.8678297466040578,0.86726727735703,0.8658109619736066,0.8637975112260061,0.8632395762673705,0.8503301803871264,0.8197940350608929,0.7470208120014926,0.4625390223293531,0.836443025199763,1186.0,1186.0,1186.0,1186.0,1186.0,1186.0,1186.0,1186.0,1186.0,1186.0,1185.0,1184.0,1183.0,1181.0,1180.0,1171.0,1143.0,1071.0,721.0,1151.5263157894738,0.0,0.0,0.0,0.0,0.0,0.0,0.0,0.0,0.0,0.0,1.0,2.0,3.0,5.0,6.0,15.0,43.0,115.0,465.0,34.473684210526315,0.0,0.0,0.0,0.0,0.0,0.0,0.0,0.0,0.0,0.0,1.0,2.0,3.0,5.0,6.0,15.0,43.0,115.0,465.0,34.473684210526315,0.9991568296795953,0.9471269726430706,1.0,1.0,1.0,1.0,0.0,0.0,0.9462838023226657,1.0,0.0,1.0,1123.2925895546816,1186,0,0,1,2,0,0,1.0,601,0.7681281618887015,0.7681281618887015,0.7681281618887015,911,275,275,1186,1186,3,2
fencing_009_fencing_aria01_rgb,0.7600904164264524,0.9418209985289624,0.7158691149710562,0.7600904164264524,0.7600904164264524,0.7600904164264524,0.7600904164264524,0.7600904164264524,0.7600904164264524,0.7600904164264524,0.7585849229417209,0.7585849229417209,0.7585849229417209,0.7585849229417209,0.7585849229417209,0.7585849229417209,0.7566850246432688,0.7503324785336274,0.7425009366037734,0.7235046680263449,0.6604877338636423,0.3610334066315418,0.7298256158388258,0.9877622377622378,0.9877622377622378,0.9877622377622378,0.9877622377622378,0.9877622377622378,0.9877622377622378,0.9877622377622378,0.980836236933798,0.980836236933798,0.980836236933798,0.980836236933798,0.980836236933798,0.980836236933798,0.9739583333333334,0.9502572898799314,0.9336734693877551,0.8824503311258278,0.7905511811023622,0.43018867924528303,0.9347595984217341,0.5848952501486535,0.5848952501486535,0.5848952501486535,0.5848952501486535,0.5848952501486535,0.5848952501486535,0.5848952501486535,0.5866943569636253,0.5866943569636253,0.5866943569636253,0.5866943569636253,0.5866943569636253,0.5866943569636253,0.5878816443407582,0.5924698861437341,0.5904715716287772,0.5931880653136409,0.5518226485678273,0.30299523672415524,0.5701716813442745,0.9982332155477032,0.9982332155477032,0.9982332155477032,0.9982332155477032,0.9982332155477032,0.9982332155477032,0.9982332155477032,0.9946996466431095,0.9946996466431095,0.9946996466431095,0.9946996466431095,0.9946996466431095,0.9946996466431095,0.991166077738516,0.9787985865724381,0.9699646643109541,0.941696113074205,0.8869257950530035,0.6042402826855123,0.9646643109540636,0.989492119089317,0.989492119089317,0.989492119089317,0.989492119089317,0.989492119089317,0.989492119089317,0.989492119089317,0.9859894921190894,0.9859894921190894,0.9859894921190894,0.9859894921190894,0.9859894921190894,0.9859894921190894,0.9824868651488616,0.9702276707530648,0.9614711033274956,0.9334500875656743,0.8791593695271454,0.5989492119089317,0.956217162872154,0.5852665069827742,0.5852665069827742,0.5852665069827742,0.5852665069827742,0.5852665069827742,0.5852665069827742,0.5852665069827742,0.5870669870340485,0.5870669870340485,0.5870669870340485,0.5870669870340485,0.5870669870340485,0.5870669870340485,0.5883210792600272,0.5931946296232499,0.592769037266147,0.5976899700849801,0.5747172571957183,0.38425927082763595,0.5763273008074458,0.990685223314592,0.990685223314592,0.990685223314592,0.990685223314592,0.990685223314592,0.990685223314592,0.990685223314592,0.9894680008988948,0.9894680008988948,0.9894680008988948,0.9894680008988948,0.9894680008988948,0.9894680008988948,0.9878099707611173,0.984673665616577,0.977744528553032,0.9615552342347565,0.9116883578392314,0.6283838811502396,0.9643926424605508,0.9418209985289624,0.9418209985289624,0.9418209985289624,0.9418209985289624,0.9418209985289624,0.9418209985289624,0.9418209985289624,0.943835746010926,0.943835746010926,0.943835746010926,0.943835746010926,0.943835746010926,0.943835746010926,0.944781169444964,0.9474773998856555,0.9489971440988608,0.9526284907408035,0.9571617257170231,0.9681031620820674,0.9460479240914561,0.7641085435423874,0.7641085435423874,0.7641085435423874,0.7641085435423874,0.7641085435423874,0.7641085435423874,0.7641085435423874,0.7639271362893351,0.7639271362893351,0.7639271362893351,0.7639271362893351,0.7639271362893351,0.7639271362893351,0.7633402541433921,0.7615173583998072,0.756793604465622,0.7473974146515783,0.6995896949707552,0.427880739798565,0.7415179836296022,565.0,565.0,565.0,565.0,565.0,565.0,565.0,563.0,563.0,563.0,563.0,563.0,563.0,561.0,554.0,549.0,533.0,502.0,342.0,546.0,1.0,1.0,1.0,1.0,1.0,1.0,1.0,3.0,3.0,3.0,3.0,3.0,3.0,5.0,12.0,17.0,33.0,64.0,224.0,20.0,6.0,6.0,6.0,6.0,6.0,6.0,6.0,8.0,8.0,8.0,8.0,8.0,8.0,10.0,17.0,22.0,38.0,69.0,229.0,25.0,0.9699646643109541,0.943835746010926,0.980565371024735,0.9946996466431095,0.9859894921190894,1.0,0.0,0.0,0.9140981007140483,0.990325417766051,0.018561484918793503,0.9791905454940218,531.3795250041513,563,3,8,6,2,0,0,5.0,431,0.7000879507475813,0.7031802120141343,0.6970227670753065,398,168,173,571,566,8,2
fencing_009_fencing_aria02_rgb,0.9031726841129112,0.947850272534375,0.8560724747820259,0.9031726841129112,0.9031726841129112,0.9031726841129112,0.9031726841129112,0.9031726841129112,0.9031726841129112,0.9031726841129112,0.9031726841129112,0.9031726841129112,0.9031726841129112,0.9016085673491375,0.9016085673491375,0.9016085673491375,0.9000525472378954,0.8970090701827749,0.8905442084820202,0.86281861317871,0.8078447223088217,0.49685300825435424,0.8732460375169001,0.9983277591973244,0.9983277591973244,0.9983277591973244,0.9983277591973244,0.9983277591973244,0.9983277591973244,0.9983277591973244,0.9983277591973244,0.9983277591973244,0.9983277591973244,0.994991652754591,0.994991652754591,0.994991652754591,0.9916666666666667,0.9850498338870431,0.9752066115702479,0.9305331179321487,0.8300153139356815,0.47713226205191595,0.9556766503305645,0.8170872639899108,0.8170872639899108,0.8170872639899108,0.8170872639899108,0.8170872639899108,0.8170872639899108,0.8170872639899108,0.8170872639899108,0.8170872639899108,0.8170872639899108,0.8169897772176195,0.8169897772176195,0.8169897772176195,0.816902105333873,0.8168371226611808,0.8132317581234323,0.8000316645386882,0.7862663307592764,0.517388848848248,0.7985526211482455,1.0,1.0,1.0,1.0,1.0,1.0,1.0,1.0,1.0,1.0,0.998324958123953,0.998324958123953,0.998324958123953,0.9966499162479062,0.9932998324958124,0.9882747068676717,0.964824120603015,0.9078726968174204,0.6465661641541038,0.973287490081989,0.9983277591973244,0.9983277591973244,0.9983277591973244,0.9983277591973244,0.9983277591973244,0.9983277591973244,0.9983277591973244,0.9983277591973244,0.9983277591973244,0.9983277591973244,0.9966555183946488,0.9966555183946488,0.9966555183946488,0.9949832775919732,0.9916387959866221,0.9866220735785953,0.9632107023411371,0.9063545150501672,0.6454849498327759,0.9716599190283401,0.8173195293737765,0.8173195293737765,0.8173195293737765,0.8173195293737765,0.8173195293737765,0.8173195293737765,0.8173195293737765,0.8173195293737765,0.8173195293737765,0.8173195293737765,0.817447642920676,0.817447642920676,0.817447642920676,0.8175761871013465,0.8178955281496983,0.8162996237575256,0.8111992634109524,0.81121306314117,0.647969986047601,0.8077732565320046,0.9983515460902396,0.9983515460902396,0.9983515460902396,0.9983515460902396,0.9983515460902396,0.9983515460902396,0.9983515460902396,0.9983515460902396,0.9983515460902396,0.9983515460902396,0.9966979900136427,0.9966979900136427,0.9966979900136427,0.9950918001609246,0.9920237728266884,0.9874404708293245,0.9658540662714814,0.920727512069458,0.69593279148087,0.9752989391885303,0.947850272534375,0.947850272534375,0.947850272534375,0.947850272534375,0.947850272534375,0.947850272534375,0.947850272534375,0.947850272534375,0.947850272534375,0.947850272534375,0.9485489251386767,0.9485489251386767,0.9485489251386767,0.949016163197404,0.949737519182271,0.9506354622231635,0.9535065881092041,0.9580111190192283,0.9684902946164876,0.9501866656372389,0.9039287936502027,0.9039287936502027,0.9039287936502027,0.9039287936502027,0.9039287936502027,0.9039287936502027,0.9039287936502027,0.9039287936502027,0.9039287936502027,0.9039287936502027,0.9031175367184925,0.9031175367184925,0.9031175367184925,0.9023111519114361,0.9007575573458778,0.8964911474046559,0.8785726191915533,0.8448844501605898,0.5783823332155981,0.8815810424151166,597.0,597.0,597.0,597.0,597.0,597.0,597.0,597.0,597.0,597.0,596.0,596.0,596.0,595.0,593.0,590.0,576.0,542.0,386.0,581.0526315789474,0.0,0.0,0.0,0.0,0.0,0.0,0.0,0.0,0.0,0.0,1.0,1.0,1.0,2.0,4.0,7.0,21.0,55.0,211.0,15.947368421052632,1.0,1.0,1.0,1.0,1.0,1.0,1.0,1.0,1.0,1.0,2.0,2.0,2.0,3.0,5.0,8.0,22.0,56.0,212.0,16.94736842105263,0.9949748743718593,0.947850272534375,0.998324958123953,1.0,0.9983277591973244,1.0,0.0,0.0,0.9428251469062344,0.999163179916318,0.002320185614849188,0.9978207202752698,565.8666127030219,597,0,1,2,2,0,0,3.0,431,0.8251046025104602,0.8257956448911222,0.8244147157190636,493,104,105,598,597,4,2
fencing_009_fencing_aria03_rgb,0.7136224008621437,0.9537314633111084,0.6806041366258386,0.7136224008621437,0.7136224008621437,0.7136224008621437,0.7136224008621437,0.7136224008621437,0.7136224008621437,0.7136224008621437,0.7136224008621437,0.7136224008621437,0.7136224008621437,0.7136224008621437,0.7136224008621437,0.7124886858188676,0.7102786136041835,0.7102786136041835,0.7085744548630594,0.6909547343198005,0.6343696163826418,0.3928770350090321,0.6906995033656576,0.996,0.996,0.996,0.996,0.996,0.996,0.996,0.996,0.996,0.996,0.996,0.996,0.9933422103861518,0.9906914893617021,0.9906914893617021,0.9880478087649402,0.9594240837696335,0.8735919899874843,0.5136501516683518,0.9611283801736824,0.5113021395705323,0.5113021395705323,0.5113021395705323,0.5113021395705323,0.5113021395705323,0.5113021395705323,0.5113021395705323,0.5113021395705323,0.5113021395705323,0.5113021395705323,0.5113021395705323,0.5113021395705323,0.5110425411425504,0.5092359370812051,0.5092359370812051,0.5081512793516327,0.4976094023022031,0.4606553342999694,0.3005009618631415,0.4964240562088576,0.9986631016042781,0.9986631016042781,0.9986631016042781,0.9986631016042781,0.9986631016042781,0.9986631016042781,0.9986631016042781,0.9986631016042781,0.9986631016042781,0.9986631016042781,0.9986631016042781,0.9986631016042781,0.9973262032085561,0.9959893048128342,0.9959893048128342,0.9946524064171123,0.9799465240641712,0.9331550802139037,0.679144385026738,0.9768505488319731,0.9973297730307076,0.9973297730307076,0.9973297730307076,0.9973297730307076,0.9973297730307076,0.9973297730307076,0.9973297730307076,0.9973297730307076,0.9973297730307076,0.9973297730307076,0.9973297730307076,0.9973297730307076,0.9959946595460614,0.9946595460614153,0.9946595460614153,0.9933244325767691,0.9786381842456608,0.931909212283044,0.678237650200267,0.9755463424917433,0.5120410340112679,0.5120410340112679,0.5120410340112679,0.5120410340112679,0.5120410340112679,0.5120410340112679,0.5120410340112679,0.5120410340112679,0.5120410340112679,0.5120410340112679,0.5120410340112679,0.5120410340112679,0.5119066393313357,0.5107382550335571,0.5107382550335571,0.5100123627163475,0.5031516513339802,0.47814228582811086,0.35113057391890184,0.5010690753332108,0.9973495321318776,0.9973495321318776,0.9973495321318776,0.9973495321318776,0.9973495321318776,0.9973495321318776,0.9973495321318776,0.9973495321318776,0.9973495321318776,0.9973495321318776,0.9973495321318776,0.9973495321318776,0.9960171530223679,0.9946747075953657,0.9946747075953657,0.9933572349283444,0.9786769989569489,0.9322088441297733,0.6912148076205774,0.9762641494437512,0.9537314633111084,0.9537314633111084,0.9537314633111084,0.9537314633111084,0.9537314633111084,0.9537314633111084,0.9537314633111084,0.9537314633111084,0.9537314633111084,0.9537314633111084,0.9537314633111084,0.9537314633111084,0.9541472067919605,0.9544952177968317,0.9544952177968317,0.9547066658214247,0.956641519896577,0.96028128991398,0.9703762910371578,0.9552589983572667,0.7145758046284602,0.7145758046284602,0.7145758046284602,0.7145758046284602,0.7145758046284602,0.7145758046284602,0.7145758046284602,0.7145758046284602,0.7145758046284602,0.7145758046284602,0.7145758046284602,0.7145758046284602,0.7139160435483658,0.7121752220901971,0.7121752220901971,0.7109387405614044,0.6983055234835921,0.6556392799624277,0.4517560635392584,0.6963060921482613,747.0,747.0,747.0,747.0,747.0,747.0,747.0,747.0,747.0,747.0,747.0,747.0,746.0,745.0,745.0,744.0,733.0,698.0,508.0,730.6842105263158,1.0,1.0,1.0,1.0,1.0,1.0,1.0,1.0,1.0,1.0,1.0,1.0,2.0,3.0,3.0,4.0,15.0,50.0,240.0,17.31578947368421,2.0,2.0,2.0,2.0,2.0,2.0,2.0,2.0,2.0,2.0,2.0,2.0,3.0,4.0,4.0,5.0,16.0,51.0,241.0,18.31578947368421,0.9919786096256684,0.9537314633111084,0.9959893048128342,0.9986631016042781,0.9973297730307076,1.0,0.0,0.0,0.9457719292692486,0.9979959919839679,0.004640371229698376,0.9953514421728347,712.437403093398,747,1,2,3,2,0,0,3.0,431,0.6092184368737475,0.6096256684491979,0.6088117489986649,456,292,293,749,748,5,2
fencing_011_fencing_aria03_rgb,0.7462804513575193,0.9505778310169803,0.7093976527818038,0.7462804513575193,0.7462804513575193,0.7462804513575193,0.7462804513575193,0.7462804513575193,0.7462804513575193,0.7462804513575193,0.7462804513575193,0.7462804513575193,0.7462804513575193,0.7462804513575193,0.7462804513575193,0.7462804513575193,0.7462804513575193,0.7409688237640433,0.7342756809938376,0.7238563248690923,0.6523761083339281,0.36221319182048345,0.7190324446729819,0.9800664451827242,0.9800664451827242,0.9800664451827242,0.9800664451827242,0.9800664451827242,0.9800664451827242,0.9800664451827242,0.9800664451827242,0.9800664451827242,0.9800664451827242,0.9800664451827242,0.9800664451827242,0.9800664451827242,0.9800664451827242,0.9735099337748344,0.9637561779242174,0.9509001636661211,0.859594383775351,0.46979038224414305,0.9441305933654108,0.568261993679977,0.568261993679977,0.568261993679977,0.568261993679977,0.568261993679977,0.568261993679977,0.568261993679977,0.568261993679977,0.568261993679977,0.568261993679977,0.568261993679977,0.568261993679977,0.568261993679977,0.568261993679977,0.5639745201791206,0.5594369074346515,0.5510231242708714,0.4951109439032204,0.27927007722478336,0.5476043939227541,1.0,1.0,1.0,1.0,1.0,1.0,1.0,1.0,1.0,1.0,1.0,1.0,1.0,1.0,0.9966101694915255,0.9915254237288136,0.9847457627118644,0.9338983050847458,0.6457627118644068,0.9764495985727029,0.9800664451827242,0.9800664451827242,0.9800664451827242,0.9800664451827242,0.9800664451827242,0.9800664451827242,0.9800664451827242,0.9800664451827242,0.9800664451827242,0.9800664451827242,0.9800664451827242,0.9800664451827242,0.9800664451827242,0.9800664451827242,0.9767441860465116,0.9717607973421927,0.9651162790697675,0.915282392026578,0.632890365448505,0.9569854869732471,0.568261993679977,0.568261993679977,0.568261993679977,0.568261993679977,0.568261993679977,0.568261993679977,0.568261993679977,0.568261993679977,0.568261993679977,0.568261993679977,0.568261993679977,0.568261993679977,0.568261993679977,0.568261993679977,0.565548253199585,0.562726350861944,0.5573120569444849,0.5195884216678459,0.33971706926464706,0.5526610559714834,1.0,1.0,1.0,1.0,1.0,1.0,1.0,1.0,1.0,1.0,1.0,1.0,1.0,1.0,0.996615477874318,0.9915298808623626,0.9847913806982276,0.9351294154062675,0.6606616084519298,0.9773014612259526,0.9505778310169803,0.9505778310169803,0.9505778310169803,0.9505778310169803,0.9505778310169803,0.9505778310169803,0.9505778310169803,0.9505778310169803,0.9505778310169803,0.9505778310169803,0.9505778310169803,0.9505778310169803,0.9505778310169803,0.9505778310169803,0.9513468260898296,0.9522093494714832,0.9530887143840883,0.9569062415062382,0.9675860960135045,0.9520645716685721,0.7538315419773685,0.7538315419773685,0.7538315419773685,0.7538315419773685,0.7538315419773685,0.7538315419773685,0.7538315419773685,0.7538315419773685,0.7538315419773685,0.7538315419773685,0.7538315419773685,0.7538315419773685,0.7538315419773685,0.7538315419773685,0.7497084380908455,0.7447791059728246,0.7366258797938026,0.6799876994035452,0.42466716662729936,0.731021572503762,590.0,590.0,590.0,590.0,590.0,590.0,590.0,590.0,590.0,590.0,590.0,590.0,590.0,590.0,588.0,585.0,581.0,551.0,381.0,576.1052631578947,0.0,0.0,0.0,0.0,0.0,0.0,0.0,0.0,0.0,0.0,0.0,0.0,0.0,0.0,2.0,5.0,9.0,39.0,209.0,13.894736842105264,12.0,12.0,12.0,12.0,12.0,12.0,12.0,12.0,12.0,12.0,12.0,12.0,12.0,12.0,14.0,17.0,21.0,51.0,221.0,25.894736842105264,0.9779661016949153,0.9505778310169803,0.9796610169491525,1.0,0.9800664451827242,1.0,0.0,0.0,0.9285439327118956,0.9899328859060402,0.019966722129783693,0.9796610169491525,560.8409203000184,590,0,12,1,1,0,0,0.0,601,0.6778523489932886,0.6847457627118644,0.6710963455149501,404,186,198,602,590,4,1
fencing_014_fencing_aria03_rgb,1.0,0.9621958613917057,0.9621958613917057,1.0,1.0,1.0,1.0,1.0,1.0,1.0,1.0,1.0,1.0,1.0,1.0,1.0,1.0,0.9939759036144579,0.9879879879879881,0.9761194029850746,0.9188405797101449,0.6844783715012722,0.9769159076736283,1.0,1.0,1.0,1.0,1.0,1.0,1.0,1.0,1.0,1.0,1.0,1.0,1.0,1.0,0.9939759036144579,0.987987987987988,0.9761194029850746,0.9188405797101449,0.6844783715012722,0.9769159076736283,1.0,1.0,1.0,1.0,1.0,1.0,1.0,1.0,1.0,1.0,1.0,1.0,1.0,1.0,0.9939759036144579,0.9879879879879881,0.9761194029850746,0.9188405797101449,0.6844783715012722,0.9769159076736283,1.0,1.0,1.0,1.0,1.0,1.0,1.0,1.0,1.0,1.0,1.0,1.0,1.0,1.0,0.9969788519637462,0.9939577039274925,0.9879154078549849,0.9577039274924471,0.8126888217522659,0.9868023533153124,1.0,1.0,1.0,1.0,1.0,1.0,1.0,1.0,1.0,1.0,1.0,1.0,1.0,1.0,0.9969788519637462,0.9939577039274925,0.9879154078549849,0.9577039274924471,0.8126888217522659,0.9868023533153124,1.0,1.0,1.0,1.0,1.0,1.0,1.0,1.0,1.0,1.0,1.0,1.0,1.0,1.0,0.9969788519637464,0.9939577039274925,0.9879154078549849,0.9577039274924471,0.8126888217522659,0.9868023533153124,1.0,1.0,1.0,1.0,1.0,1.0,1.0,1.0,1.0,1.0,1.0,1.0,1.0,1.0,0.9969788519637464,0.9939577039274925,0.9879154078549849,0.9577039274924471,0.8126888217522659,0.9868023533153124,0.9621958613917057,0.9621958613917057,0.9621958613917057,0.9621958613917057,0.9621958613917057,0.9621958613917057,0.9621958613917057,0.9621958613917057,0.9621958613917057,0.9621958613917057,0.9621958613917057,0.9621958613917057,0.9621958613917057,0.9621958613917057,0.9628427619435139,0.9634485416395955,0.9642539108795275,0.9668919002916246,0.9726294416944564,0.9632004534701366,1.0,1.0,1.0,1.0,1.0,1.0,1.0,1.0,1.0,1.0,1.0,1.0,1.0,1.0,0.995476245454993,0.9909683506795177,0.9819996935412783,0.9380710164629557,0.7458337088455299,0.9817025797360146,331.0,331.0,331.0,331.0,331.0,331.0,331.0,331.0,331.0,331.0,331.0,331.0,331.0,331.0,330.0,329.0,327.0,317.0,269.0,326.63157894736844,0.0,0.0,0.0,0.0,0.0,0.0,0.0,0.0,0.0,0.0,0.0,0.0,0.0,0.0,1.0,2.0,4.0,14.0,62.0,4.368421052631579,0.0,0.0,0.0,0.0,0.0,0.0,0.0,0.0,0.0,0.0,0.0,0.0,0.0,0.0,1.0,2.0,4.0,14.0,62.0,4.368421052631579,1.0,0.9621958613917057,1.0,1.0,1.0,1.0,0.0,0.0,0.9621958613917057,1.0,0.0,1.0,318.4868301206546,331,0,0,0,1,0,0,0.0,331,1.0,1.0,1.0,331,0,0,331,331,1,1
legoassemble_001_legoassemble_aria02_rgb,0.7929329489560885,0.9115975759760343,0.7228357541798988,0.7929329489560885,0.7925274661684528,0.7921249156383886,0.790543675215394,0.7892200455700515,0.7888380806316454,0.7880825004011636,0.7877088508834351,0.7872629352763605,0.7838006720913883,0.7830553872596031,0.7798857674258772,0.7734352446758819,0.7667185230700726,0.7542310764366598,0.736806417062218,0.6883895828221677,0.5885120210583655,0.29647961291333497,0.7400292486082395,0.9490161001788909,0.9472743521000894,0.9455357142857143,0.9386120996441281,0.9334516415261757,0.9317375886524822,0.9283185840707965,0.9266136162687887,0.9249116607773852,0.9181338028169014,0.9147627416520211,0.9013961605584643,0.8865800865800866,0.8671808054841473,0.8450465707027942,0.817347789824854,0.7390263367916999,0.5998531571218796,0.27650849443468073,0.8521740686037884,0.6625205425088995,0.6630600556627578,0.6636046343835119,0.6658334179369878,0.6672742889082249,0.6678549036049566,0.6690311258394294,0.6696267169682014,0.6700995949591829,0.6691219642344736,0.6703112310946538,0.6747552705978055,0.6747298825697281,0.6778947249536417,0.6731753448685067,0.6642015834414814,0.6412223680624317,0.5773853064173015,0.31789316654792854,0.6441892696610582,0.9851439182915506,0.9842154131847726,0.9832869080779945,0.9795728876508821,0.9767873723305478,0.9758588672237697,0.9740018570102136,0.9730733519034355,0.9721448467966574,0.968430826369545,0.9665738161559888,0.9591457753017641,0.9507892293407614,0.9396471680594243,0.9266480965645311,0.9099350046425255,0.8597957288765088,0.7585886722376973,0.4382544103992572,0.9200996921272541,0.9627949183303085,0.9618874773139746,0.9609800362976406,0.957350272232305,0.9546279491833031,0.9537205081669692,0.9519056261343013,0.9509981851179673,0.9500907441016334,0.9464609800362976,0.9446460980036298,0.9373865698729582,0.9292196007259528,0.9183303085299456,0.9056261343012704,0.8892921960072595,0.8402903811252269,0.7413793103448276,0.4283121597096189,0.8992262871334417,0.680145469777892,0.6807013531541833,0.6812621016587023,0.6835540236488103,0.685067404078811,0.6856634854731906,0.6868706127047404,0.6874816871000077,0.687978157892198,0.6877112447582246,0.6889354641516026,0.6935394604320064,0.6946772411616161,0.699153292840388,0.6980741447489377,0.6950464884485504,0.6870909896093037,0.6567924318836001,0.45607426263332257,0.6745168061134783,0.9706594382252935,0.9703622166710587,0.9701183930526447,0.969680114786629,0.9688403937734177,0.9689738561570542,0.9694049652386556,0.9697029252654645,0.9687416191041226,0.9649153070754758,0.9643355734355309,0.9593118395602279,0.9521978716820663,0.9481278570920804,0.9374351820620426,0.9261913107013355,0.8821743043292224,0.7992917135414632,0.5048803212010151,0.9244918527870949,0.9115975759760343,0.912378732329143,0.9131116099669994,0.9159310101035932,0.9179152231837417,0.9185149649498356,0.9196588580653449,0.9201721070750818,0.9206488261757138,0.922342181825423,0.9230933262440469,0.9257422541655663,0.9283080863321587,0.9312980905017862,0.9342182535271065,0.9371886326355248,0.9435545066168548,0.9522083570527262,0.9673312490646203,0.9271165181995422,0.8078849442809669,0.8078328581151174,0.8077832315226601,0.8076090414940832,0.8073320873633104,0.8072992813707769,0.8072407069550186,0.8072149119065757,0.807114532194841,0.8049834388144916,0.8049256392061185,0.8044803708957005,0.8009531228865109,0.7981114324109834,0.7898079842446349,0.7774189802882338,0.7425094297853458,0.6618141377793744,0.3732533754374035,0.7697668161553761,1061.0,1060.0,1059.0,1055.0,1052.0,1051.0,1049.0,1048.0,1047.0,1043.0,1041.0,1033.0,1024.0,1012.0,998.0,980.0,926.0,817.0,472.0,990.9473684210526,16.0,17.0,18.0,22.0,25.0,26.0,28.0,29.0,30.0,34.0,36.0,44.0,53.0,65.0,79.0,97.0,151.0,260.0,605.0,86.05263157894737,41.0,42.0,43.0,47.0,50.0,51.0,53.0,54.0,55.0,59.0,61.0,69.0,78.0,90.0,104.0,122.0,176.0,285.0,630.0,111.05263157894737,0.9080779944289693,0.922342181825423,0.9136490250696379,0.968430826369545,0.9464609800362976,1.0,0.0,0.0,0.8328717694001079,0.9573198715006884,0.09816971713810316,0.9129265076598109,962.0028956439162,1043,34,59,6,2,0,0,11.0,601,0.7498852684717761,0.7585886722376973,0.7413793103448276,817,260,285,1102,1077,9,2
legoassemble_003_legoassemble_aria01_rgb,0.4693045346191813,0.9094357314482416,0.4268023127133718,0.4693045346191813,0.4693045346191813,0.4693045346191813,0.4693045346191813,0.4693045346191813,0.4693045346191813,0.46694221960359167,0.4657753984679073,0.46461808619480094,0.46347024638975975,0.46120283916098287,0.46048585228670097,0.4537298049546155,0.4418837389905297,0.425952815480877,0.39715646491691214,0.3459979184267347,0.26657244193740043,0.1282066007248345,0.42409587553951233,0.9823232323232324,0.9823232323232324,0.9823232323232324,0.9823232323232324,0.9823232323232324,0.9823232323232324,0.9773299748110831,0.9748427672955975,0.9723618090452262,0.9698870765370138,0.9649561952440551,0.9625,0.9503105590062112,0.9334975369458128,0.9007263922518159,0.8384074941451991,0.7177242888402626,0.5242718446601942,0.22560499609679938,0.8845452804641404,0.2242100552719641,0.2242100552719641,0.2242100552719641,0.2242100552719641,0.2242100552719641,0.2242100552719641,0.2230925501803777,0.22254534689711036,0.22200580484674198,0.22147389576067522,0.22043286513783528,0.22030880016229545,0.21663521882724643,0.20917167004328688,0.20143275757968696,0.18813436035196213,0.16679741986867208,0.13554202371200516,0.07285712973468285,0.20345737761759808,0.9961587708066582,0.9961587708066582,0.9961587708066582,0.9961587708066582,0.9961587708066582,0.9961587708066582,0.9935979513444302,0.9923175416133163,0.9910371318822023,0.9897567221510883,0.9871959026888605,0.9859154929577465,0.9795134443021767,0.970550576184379,0.9526248399487837,0.9167733674775929,0.8399487836107554,0.6914212548015365,0.3700384122919334,0.9282970550576184,0.9860583016476553,0.9860583016476553,0.9860583016476553,0.9860583016476553,0.9860583016476553,0.9860583016476553,0.9835234474017744,0.982256020278834,0.9809885931558935,0.9797211660329531,0.9771863117870723,0.9759188846641318,0.9695817490494296,0.9607097591888466,0.9429657794676806,0.9074778200253485,0.8314321926489227,0.6844106463878327,0.36628643852978454,0.9188846641318124,0.22505986483232884,0.22505986483232884,0.22505986483232884,0.22505986483232884,0.22505986483232884,0.22505986483232884,0.2241512917857716,0.22370358933690784,0.2232602989551369,0.22282143776361704,0.22195707188814365,0.22186187507151828,0.21907191391005804,0.2131493824026369,0.20693321326769204,0.1957476374117543,0.1767486690396723,0.14759909411750485,0.08356756137229432,0.20689116975350955,0.986412079514542,0.986412079514542,0.986412079514542,0.986412079514542,0.986412079514542,0.986412079514542,0.9838755430305741,0.9826308283612397,0.9814018972229316,0.9801888108712681,0.9778104191393403,0.976538558830245,0.9702374422826686,0.9615530765742201,0.9449029424433213,0.9120604268246407,0.8454254435518861,0.7177682948620008,0.42689346665453437,0.9252505067229537,0.9094357314482416,0.9094357314482416,0.9094357314482416,0.9094357314482416,0.9094357314482416,0.9094357314482416,0.9109210611106443,0.9115898283346233,0.9122200529055813,0.9127674547062108,0.9137271177923767,0.9141375916132249,0.9159992250794982,0.9182154635660953,0.9219860122814523,0.9275479824069979,0.9364106739677635,0.9490530271746856,0.9658842881507566,0.919319693041019,0.47259794017982415,0.47259794017982415,0.47259794017982415,0.47259794017982415,0.47259794017982415,0.47259794017982415,0.47081238388494817,0.4699315391952569,0.46905862756857497,0.46819363206916614,0.46648732167341606,0.466053494048633,0.4606485746755675,0.4505681800593123,0.43805233528631193,0.4153029870806509,0.37430106856393497,0.30613173000081884,0.16419481298497055,0.43449075411423727,778.0,778.0,778.0,778.0,778.0,778.0,776.0,775.0,774.0,773.0,771.0,770.0,765.0,758.0,744.0,716.0,656.0,540.0,289.0,725.0,3.0,3.0,3.0,3.0,3.0,3.0,5.0,6.0,7.0,8.0,10.0,11.0,16.0,23.0,37.0,65.0,125.0,241.0,492.0,56.0,11.0,11.0,11.0,11.0,11.0,11.0,13.0,14.0,15.0,16.0,18.0,19.0,24.0,31.0,45.0,73.0,133.0,249.0,500.0,64.0,0.9500640204865557,0.9127674547062108,0.969270166453265,0.9897567221510883,0.9797211660329531,1.0,0.0,0.0,0.8637250223916786,0.9847133757961783,0.026622296173044926,0.9677642877604921,705.569242487901,773,8,16,15,2,0,0,14.0,601,0.36178343949044584,0.36363636363636365,0.35994930291508237,284,497,505,789,781,17,2
legoassemble_003_legoassemble_aria02_rgb,0.5967732256218007,0.9159985042061234,0.5466433820198329,0.5967732256218007,0.5967732256218007,0.5967732256218007,0.5967732256218007,0.5967732256218007,0.5967732256218007,0.5967732256218007,0.5967732256218007,0.5967732256218007,0.5959907314493813,0.595579007787418,0.594102615456955,0.5918682778168329,0.5835214144302197,0.578965325042589,0.5528507287902185,0.5202455532697118,0.42364971807699414,0.1686895238616526,0.556653785609378,0.9817684594348223,0.9817684594348223,0.9817684594348223,0.9817684594348223,0.9817684594348223,0.9817684594348223,0.9817684594348223,0.9817684594348223,0.9817684594348223,0.978161965423112,0.9763636363636363,0.9692028985507246,0.9620938628158845,0.9393398751115076,0.9187996469549867,0.8660944206008584,0.7834290401968826,0.5915080527086384,0.20443213296398893,0.8960706140317695,0.36275180710538196,0.36275180710538196,0.36275180710538196,0.36275180710538196,0.36275180710538196,0.36275180710538196,0.36275180710538196,0.36275180710538196,0.36275180710538196,0.3631351090408855,0.36330148041783045,0.36417340292789263,0.36411006433465015,0.3624856669245774,0.36482474575666957,0.3528990847347029,0.34547536765919534,0.30342627256694915,0.13919609920463755,0.34672597671139094,0.9880733944954129,0.9880733944954129,0.9880733944954129,0.9880733944954129,0.9880733944954129,0.9880733944954129,0.9880733944954129,0.9880733944954129,0.9880733944954129,0.9862385321100917,0.9853211009174312,0.981651376146789,0.9779816513761468,0.9660550458715597,0.955045871559633,0.9256880733944954,0.8761467889908257,0.7412844036697248,0.3385321100917431,0.9277160791887977,0.9935424354243543,0.9935424354243543,0.9935424354243543,0.9935424354243543,0.9935424354243543,0.9935424354243543,0.9935424354243543,0.9935424354243543,0.9935424354243543,0.9916974169741697,0.9907749077490775,0.9870848708487084,0.9833948339483395,0.9714022140221402,0.9603321033210332,0.9308118081180812,0.8809963099630996,0.7453874538745388,0.3404059040590406,0.9328510390367061,0.36305733176321314,0.36305733176321314,0.36305733176321314,0.36305733176321314,0.36305733176321314,0.36305733176321314,0.36305733176321314,0.36305733176321314,0.36305733176321314,0.3634512444858353,0.3636239978695005,0.3645131833898887,0.3646378544586753,0.3641389959954679,0.36656612912357417,0.35904510997374633,0.3556988668959836,0.32749783889916817,0.17926474849135793,0.3513659976553745,0.991928154213206,0.991928154213206,0.991928154213206,0.991928154213206,0.991928154213206,0.991928154213206,0.991928154213206,0.991928154213206,0.991928154213206,0.990150590926063,0.9893489957315924,0.9861445328085053,0.9827025864321532,0.9741244474684526,0.965154874869369,0.9383828571376998,0.8992955945828689,0.7907549930362876,0.41067370500267353,0.9396887666270799,0.9159985042061234,0.9159985042061234,0.9159985042061234,0.9159985042061234,0.9159985042061234,0.9159985042061234,0.9159985042061234,0.9159985042061234,0.9159985042061234,0.9168018511204808,0.9171821072552574,0.9185119024114098,0.9196383487408949,0.9226564315905039,0.9248517100493033,0.9295292044173138,0.9353462459625962,0.9458950877605359,0.964825823340975,0.9231171184475989,0.5986864032245596,0.5986864032245596,0.5986864032245596,0.5986864032245596,0.5986864032245596,0.5986864032245596,0.5986864032245596,0.5986864032245596,0.5986864032245596,0.5984461854654276,0.5983047840776716,0.5979057803201311,0.596735252855633,0.5917610223634245,0.5902748235167243,0.5715544364719322,0.55017009556139,0.4742627578858773,0.2170768278289637,0.5670878734404322,1077.0,1077.0,1077.0,1077.0,1077.0,1077.0,1077.0,1077.0,1077.0,1075.0,1074.0,1070.0,1066.0,1053.0,1041.0,1009.0,955.0,808.0,369.0,1011.2105263157895,13.0,13.0,13.0,13.0,13.0,13.0,13.0,13.0,13.0,15.0,16.0,20.0,24.0,37.0,49.0,81.0,135.0,282.0,721.0,78.78947368421052,7.0,7.0,7.0,7.0,7.0,7.0,7.0,7.0,7.0,9.0,10.0,14.0,18.0,31.0,43.0,75.0,129.0,276.0,715.0,72.78947368421052,0.9605504587155963,0.915891115824325,0.9724770642201835,0.9834862385321101,0.988929889298893,1.0,0.0,0.0,0.8778305285905288,0.9862005519779209,0.019966722129783693,0.9714550978419202,981.8352761636764,1072,18,12,13,2,0,0,10.0,601,0.5271389144434223,0.5256880733944954,0.5285977859778598,573,517,511,1084,1090,13,2
legoassemble_003_legoassemble_aria03_rgb,0.6266893338911684,0.9080345550980087,0.5690555704845346,0.6266893338911684,0.6266893338911684,0.6266893338911684,0.6266893338911684,0.6255704813668845,0.6255704813668845,0.6244633469760434,0.6215829640143843,0.6215829640143843,0.6185294199355108,0.6175696871616567,0.6135481175467155,0.6069439458191406,0.601877665959833,0.5899648205452661,0.5753741286326952,0.5232478183549286,0.3847386303251413,0.1503031722766922,0.5740855252558333,0.9792027729636048,0.9792027729636048,0.9792027729636048,0.9792027729636048,0.9757785467128027,0.9757785467128027,0.9723661485319517,0.9689655172413794,0.9689655172413794,0.9588336192109777,0.9554794520547946,0.9421768707482994,0.9323181049069373,0.9161073825503355,0.8844884488448845,0.8449111470113085,0.746177370030581,0.5390835579514824,0.20846560846560847,0.8793003647405234,0.4010808915750015,0.4010808915750015,0.4010808915750015,0.4010808915750015,0.40105250159058564,0.40105250159058564,0.4010366591898161,0.3987400730759542,0.3987400730759542,0.3990042022520891,0.39916328674651036,0.3995441877554683,0.3951236723041854,0.3954304175267927,0.39351388922666203,0.39182272487571085,0.3669211777381717,0.274584174347584,0.10836820405397454,0.37518006903421314,0.9929701230228472,0.9929701230228472,0.9929701230228472,0.9929701230228472,0.9912126537785588,0.9912126537785588,0.9894551845342706,0.9876977152899824,0.9876977152899824,0.9824253075571178,0.9806678383128296,0.9736379613356766,0.968365553602812,0.9595782073813708,0.9420035149384886,0.9191564147627417,0.8576449912126538,0.70298769771529,0.3462214411247803,0.9237813338266578,0.9860383944153578,0.9860383944153578,0.9860383944153578,0.9860383944153578,0.9842931937172775,0.9842931937172775,0.9825479930191972,0.9808027923211169,0.9808027923211169,0.9755671902268761,0.9738219895287958,0.9668411867364747,0.9616055846422339,0.9528795811518325,0.9354275741710296,0.912739965095986,0.8516579406631762,0.6980802792321117,0.343804537521815,0.9173325985119869,0.40628862671422394,0.40628862671422394,0.40628862671422394,0.40628862671422394,0.4063329095074883,0.4063329095074883,0.40638632031254135,0.4047863750541018,0.4047863750541018,0.4052180996998849,0.4054238596627807,0.40601730035902944,0.40301700957838515,0.4036144758688112,0.4029899493163016,0.4028280294071251,0.3868255603988334,0.31545618759852867,0.14320762568319856,0.3857040786244998,0.9879366557987891,0.9879366557987891,0.9879366557987891,0.9879366557987891,0.9861655468458381,0.9861655468458381,0.9844348882864355,0.9827281727450299,0.9827281727450299,0.9774830210124692,0.9757416777842249,0.9690934518951181,0.9640030001245761,0.9557202479996753,0.939462889205756,0.9188883748442015,0.862020909591598,0.7112643089597818,0.36968238179357693,0.9219646954670687,0.9080345550980087,0.9080345550980087,0.9080345550980087,0.9080345550980087,0.9092646463961829,0.9092646463961829,0.9103449126210739,0.9112723670244194,0.9112723670244194,0.913601668840607,0.9142764399892352,0.9167627412969257,0.9183417537705482,0.9204869633249498,0.9240202863487276,0.9277215047830081,0.9347400500600643,0.9466253052070628,0.9655145963810549,0.9192446563082367,0.6310795054898728,0.6310795054898728,0.6310795054898728,0.6310795054898728,0.6304984650307517,0.6304984650307517,0.6299268224354849,0.6275624743176416,0.6275624743176416,0.6260925060357224,0.6256569327894836,0.6237077748671672,0.6185662079942765,0.6159922168294228,0.6088443699572418,0.6001219634535354,0.5609706857376692,0.4393509947111328,0.1936992405242502,0.5885984008416665,565.0,565.0,565.0,565.0,564.0,564.0,563.0,562.0,562.0,559.0,558.0,554.0,551.0,546.0,536.0,523.0,488.0,400.0,197.0,525.6315789473684,4.0,4.0,4.0,4.0,5.0,5.0,6.0,7.0,7.0,10.0,11.0,15.0,18.0,23.0,33.0,46.0,81.0,169.0,372.0,43.36842105263158,8.0,8.0,8.0,8.0,9.0,9.0,10.0,11.0,11.0,14.0,15.0,19.0,22.0,27.0,37.0,50.0,85.0,173.0,376.0,47.36842105263158,0.945518453427065,0.913601668840607,0.9578207381370826,0.9824253075571178,0.9755671902268761,1.0,0.0,0.0,0.8606385463653766,0.978984238178634,0.02329450915141431,0.9563355043233494,510.7033328818993,559,10,14,7,2,0,0,7.0,601,0.5569176882661997,0.5588752196836555,0.5549738219895288,318,251,255,573,569,10,2
legoassemble_004_legoassemble_aria01_rgb,0.54916386103665,0.9204234475649052,0.505463294253408,0.54916386103665,0.54916386103665,0.54916386103665,0.54916386103665,0.54916386103665,0.54916386103665,0.54916386103665,0.5488500823405948,0.5485427137017325,0.5466628762674897,0.5463577348745405,0.5448810101044347,0.5391220099612405,0.5340637475890256,0.5214200005615872,0.503100164202382,0.472032063113808,0.4057949378591088,0.2148117587479242,0.514199269820022,0.9643255295429208,0.9643255295429208,0.9643255295429208,0.9643255295429208,0.9643255295429208,0.9643255295429208,0.9643255295429208,0.9621380846325167,0.9599555061179088,0.9556048834628191,0.9534368070953437,0.9512735326688815,0.9362637362637363,0.9235807860262009,0.8946236559139785,0.8430962343096234,0.7637637637637638,0.5916892502258356,0.27588703837798695,0.8821890518767916,0.31273769803815826,0.31273769803815826,0.31273769803815826,0.31273769803815826,0.31273769803815826,0.31273769803815826,0.31273769803815826,0.3130906235775225,0.31345109938699817,0.3127237056450979,0.3130850122795689,0.3121029913861507,0.31043874750989386,0.30882418820776875,0.30390300456328173,0.30021457209772123,0.2917319191859378,0.2783040785838631,0.16725719326166874,0.3007521590501359,0.9730033745781778,0.9730033745781778,0.9730033745781778,0.9730033745781778,0.9730033745781778,0.9730033745781778,0.9730033745781778,0.9718785151856018,0.9707536557930259,0.968503937007874,0.9673790776152981,0.9662542182227222,0.9583802024746907,0.9516310461192351,0.9358830146231721,0.906636670416198,0.8582677165354331,0.7367829021372329,0.42857142857142855,0.9174708424604818,0.9908361970217641,0.9908361970217641,0.9908361970217641,0.9908361970217641,0.9908361970217641,0.9908361970217641,0.9908361970217641,0.9896907216494846,0.9885452462772051,0.9862542955326461,0.9851088201603666,0.983963344788087,0.9759450171821306,0.9690721649484536,0.9530355097365406,0.9232531500572738,0.8739977090492554,0.7502863688430699,0.436426116838488,0.93428588653765,0.31376660475206924,0.31376660475206924,0.31376660475206924,0.31376660475206924,0.31376660475206924,0.31376660475206924,0.31376660475206924,0.3141148838427117,0.31447654651228607,0.31402967196032594,0.3143924971602798,0.3136661748730365,0.31263966834425577,0.3116166627164276,0.3082154933755191,0.30623546409639785,0.30101928862863747,0.29425529543358386,0.19965736223846053,0.30529922328665304,0.9852687745137128,0.9852687745137128,0.9852687745137128,0.9852687745137128,0.9852687745137128,0.9852687745137128,0.9852687745137128,0.9863864376287318,0.9863706629330524,0.9863572222830824,0.9863413585880627,0.985167675048438,0.978207028620932,0.9715145367512343,0.9556502413364653,0.9292422814592842,0.8846130643190717,0.7892481806483052,0.5208633582218674,0.9398338668123429,0.9204234475649052,0.9204234475649052,0.9204234475649052,0.9204234475649052,0.9204234475649052,0.9204234475649052,0.9204234475649052,0.9210371636481898,0.9216117855662617,0.9226209162336595,0.9230812961560727,0.9234805247185037,0.9258901763602229,0.927623065739702,0.931078158592545,0.9358759624367988,0.942050725490093,0.9524103177587548,0.9683608420734231,0.928320266722556,0.5516292555230724,0.5516292555230724,0.5516292555230724,0.5516292555230724,0.5516292555230724,0.5516292555230724,0.5516292555230724,0.5516212925196567,0.551619253328119,0.5503400222707493,0.5503379783316645,0.5491546521216023,0.545452426609802,0.5421131664985481,0.533308222385258,0.5217140405021716,0.5003839407097458,0.45282412335877953,0.26773429786824265,0.5251583265876761,865.0,865.0,865.0,865.0,865.0,865.0,865.0,864.0,863.0,861.0,860.0,859.0,852.0,846.0,832.0,806.0,763.0,655.0,381.0,815.6315789473684,24.0,24.0,24.0,24.0,24.0,24.0,24.0,25.0,26.0,28.0,29.0,30.0,37.0,43.0,57.0,83.0,126.0,234.0,508.0,73.36842105263158,8.0,8.0,8.0,8.0,8.0,8.0,8.0,9.0,10.0,12.0,13.0,14.0,21.0,27.0,41.0,67.0,110.0,218.0,492.0,57.36842105263158,0.9448818897637795,0.9223624453713926,0.9572553430821147,0.96962879640045,0.9873997709049256,1.0,0.0,0.0,0.8696022811137687,0.978433598183882,0.018302828618968387,0.9560839227388546,795.0764279101404,862,27,11,11,2,0,0,9.0,601,0.492622020431328,0.4881889763779528,0.49713631156930127,434,455,439,873,889,14,2
legoassemble_004_legoassemble_aria02_rgb,0.8689136555227873,0.9294751256073471,0.807633629108982,0.8689136555227873,0.8689136555227873,0.8689136555227873,0.8689136555227873,0.8689136555227873,0.8689136555227873,0.8689136555227873,0.8689136555227873,0.8689136555227873,0.8683513836411232,0.8666851240317806,0.8644003976279739,0.8591819245288853,0.8471438305948101,0.8359244445752967,0.8196896649487478,0.7611578256150456,0.6583553927254079,0.2889995095866715,0.8152690735568858,0.9933899905571294,0.9933899905571294,0.9933899905571294,0.9933899905571294,0.9933899905571294,0.9933899905571294,0.9933899905571294,0.9933899905571294,0.9933899905571294,0.9915094339622641,0.9858889934148636,0.9821596244131455,0.9765917602996255,0.9637209302325581,0.9438305709023941,0.9190909090909091,0.8356521739130435,0.7176566314076485,0.3006777572396796,0.9240678263100156,0.760034777812222,0.760034777812222,0.760034777812222,0.760034777812222,0.760034777812222,0.760034777812222,0.760034777812222,0.760034777812222,0.760034777812222,0.7604911255944247,0.7618941982669043,0.7607602968467116,0.7558875770267364,0.7446685520689789,0.7403549944037375,0.7310388343285555,0.693304288053359,0.6039543204393872,0.27777484210366665,0.7194969489180242,0.9981024667931688,0.9981024667931688,0.9981024667931688,0.9981024667931688,0.9981024667931688,0.9981024667931688,0.9981024667931688,0.9981024667931688,0.9981024667931688,0.9971537001897534,0.9943074003795066,0.9924098671726755,0.9895635673624289,0.9829222011385199,0.9724857685009488,0.959203036053131,0.9117647058823529,0.8368121442125237,0.4629981024667932,0.951712773394587,0.9952696310312205,0.9952696310312205,0.9952696310312205,0.9952696310312205,0.9952696310312205,0.9952696310312205,0.9952696310312205,0.9952696310312205,0.9952696310312205,0.9943235572374646,0.9914853358561968,0.9895931882686849,0.9867549668874173,0.9801324503311258,0.9697256385998108,0.956480605487228,0.9091769157994324,0.8344370860927153,0.4616840113528855,0.949011601852313,0.7615002188853008,0.7615002188853008,0.7615002188853008,0.7615002188853008,0.7615002188853008,0.7615002188853008,0.7615002188853008,0.7615002188853008,0.7615002188853008,0.761972683185816,0.7634182955091902,0.7629963353833812,0.7602305079292373,0.753800156656124,0.7529195413468079,0.7488844347377188,0.7306468451248918,0.6745303939848741,0.39714088525915353,0.7347390552149949,0.9953735416795525,0.9953735416795525,0.9953735416795525,0.9953735416795525,0.9953735416795525,0.9953735416795525,0.9953735416795525,0.9953735416795525,0.9953735416795525,0.9945128124137862,0.9920843458190056,0.990368052250107,0.9874916926933324,0.9807913085888956,0.9711409985262648,0.9586502493261746,0.919309436175359,0.8480334542335682,0.4816455575707735,0.95170472540596,0.9294751256073471,0.9294751256073471,0.9294751256073471,0.9294751256073471,0.9294751256073471,0.9294751256073471,0.9294751256073471,0.9294751256073471,0.9294751256073471,0.929915807991107,0.9310646495273004,0.9317557069641439,0.9326149344340174,0.934401431895043,0.9366739211620193,0.9389486216092877,0.944825915935687,0.9505374476379237,0.9666672235548976,0.9348779890093447,0.8709722076983724,0.8709722076983724,0.8709722076983724,0.8709722076983724,0.8709722076983724,0.8709722076983724,0.8709722076983724,0.8709722076983724,0.8709722076983724,0.870819464555054,0.8703775270783328,0.8688993181858818,0.864869242861324,0.8555414965495685,0.8485191192284558,0.8373856156877143,0.7950662741457123,0.7109123081599455,0.35862128325994647,0.8273558694209099,1052.0,1052.0,1052.0,1052.0,1052.0,1052.0,1052.0,1052.0,1052.0,1051.0,1048.0,1046.0,1043.0,1036.0,1025.0,1011.0,961.0,882.0,488.0,1003.1052631578947,2.0,2.0,2.0,2.0,2.0,2.0,2.0,2.0,2.0,3.0,6.0,8.0,11.0,18.0,29.0,43.0,93.0,172.0,566.0,50.89473684210526,5.0,5.0,5.0,5.0,5.0,5.0,5.0,5.0,5.0,6.0,9.0,11.0,14.0,21.0,32.0,46.0,96.0,175.0,569.0,53.89473684210526,0.9886148007590133,0.929915807991107,0.99146110056926,0.9971537001897534,0.9943235572374646,1.0,0.0,0.0,0.9187300893725364,0.995736617716722,0.009983361064891847,0.9910084238570023,977.3415141986534,1051,3,6,3,2,0,0,3.0,601,0.8621506395073425,0.8633776091081594,0.8609271523178808,910,144,147,1057,1054,5,2
legoassemble_005_legoassemble_aria01_rgb,0.6770705305634255,0.8840696021599241,0.5985774745894163,0.6770705305634255,0.6770705305634255,0.6770705305634255,0.6770705305634255,0.6765943619648097,0.6765943619648097,0.6765943619648097,0.6749784608072712,0.6736634388913151,0.6705818030245878,0.6624875919054719,0.6597496349729514,0.6478943558151105,0.6299786459619565,0.5900879755980153,0.536845536964451,0.46686111579197676,0.3428948833268665,0.1590445501923963,0.6027964842842369,0.9663865546218487,0.9663865546218487,0.9663865546218487,0.9663865546218487,0.9636363636363636,0.9636363636363636,0.9636363636363636,0.9581589958158996,0.952712100139082,0.941908713692946,0.9259259259259259,0.920656634746922,0.8896366083445492,0.849802371541502,0.7885350318471338,0.7059538274605103,0.5990888382687927,0.39285714285714285,0.17,0.8342995526335206,0.474369703474219,0.474369703474219,0.474369703474219,0.474369703474219,0.47505464500643846,0.47505464500643846,0.47505464500643846,0.4754909410058819,0.4763479217201306,0.4774135200264203,0.4740009941830079,0.4727816695380609,0.47184107798597297,0.4670181063959034,0.4415831952699688,0.4082464310667276,0.36381799745822996,0.2992866571208065,0.14879511144648036,0.4368034932701991,0.9704641350210971,0.9704641350210971,0.9704641350210971,0.9704641350210971,0.9690576652601969,0.9690576652601969,0.9690576652601969,0.9662447257383966,0.9634317862165963,0.9578059071729957,0.9493670886075949,0.9465541490857946,0.929676511954993,0.9071729957805907,0.870604781997187,0.8171589310829818,0.739803094233474,0.5569620253164557,0.2869198312236287,0.8779332296987195,0.9956709956709957,0.9956709956709957,0.9956709956709957,0.9956709956709957,0.9942279942279942,0.9942279942279942,0.9942279942279942,0.9913419913419913,0.9884559884559885,0.9826839826839827,0.974025974025974,0.9711399711399712,0.9538239538239538,0.9307359307359307,0.8932178932178932,0.8383838383838383,0.759018759018759,0.5714285714285714,0.2943722943722944,0.9007366902103745,0.47586515186280776,0.47586515186280776,0.47586515186280776,0.47586515186280776,0.47655156866288706,0.47655156866288706,0.47655156866288706,0.4770536298023672,0.4779427947948324,0.47910133247711645,0.4772694760086003,0.47655891198780603,0.47755504587452924,0.4763215943052943,0.4599499655399581,0.4368678332131632,0.403696147227632,0.35144430325217657,0.20278428016478306,0.4489295067414816,0.9816265167753361,0.9816265167753361,0.9816265167753361,0.9816265167753361,0.9830298848949622,0.9830298848949622,0.9830298848949622,0.9802849182544064,0.9776590942795882,0.9729594250666767,0.9663643519645895,0.9639212077361816,0.9534058506748287,0.9424715543999036,0.9121828788243332,0.8706118686987648,0.8063172919035384,0.6641037301349214,0.39448656759717876,0.9094928663853235,0.8840696021599241,0.8840696021599241,0.8840696021599241,0.8840696021599241,0.885049195260871,0.885049195260871,0.885049195260871,0.8865520702463386,0.8879373102985353,0.8903480144811191,0.8935442094362812,0.894544443096756,0.899455849028275,0.9048520794539673,0.912201756456867,0.9211013430850734,0.931142061380049,0.9486243824407606,0.9654483874462231,0.9014304158564503,0.6784974458038308,0.6784974458038308,0.6784974458038308,0.6784974458038308,0.6784949116691671,0.6784949116691671,0.6784949116691671,0.6778204879489262,0.6774427865756553,0.676217043297164,0.6708210967498173,0.6689644616218119,0.6623137984211738,0.6508964700034486,0.620035838844524,0.5775830825335255,0.5188002315510516,0.4082784622046527,0.20662107410214758,0.61922470274088,690.0,690.0,690.0,690.0,689.0,689.0,689.0,687.0,685.0,681.0,675.0,673.0,661.0,645.0,619.0,581.0,526.0,396.0,204.0,624.2105263157895,21.0,21.0,21.0,21.0,22.0,22.0,22.0,24.0,26.0,30.0,36.0,38.0,50.0,66.0,92.0,130.0,185.0,315.0,507.0,86.78947368421052,3.0,3.0,3.0,3.0,4.0,4.0,4.0,6.0,8.0,12.0,18.0,20.0,32.0,48.0,74.0,112.0,167.0,297.0,489.0,68.78947368421052,0.929676511954993,0.8900746953119949,0.9493670886075949,0.9620253164556962,0.987012987012987,1.0,0.0,0.0,0.823925585926026,0.9743589743589743,0.02425876010781671,0.9477550941832936,608.8110915934045,684,27,9,14,2,0,0,9.0,371,0.6581196581196581,0.6497890295358649,0.6666666666666666,462,249,231,693,711,14,2
legoassemble_005_legoassemble_aria03_rgb,0.6216070707677291,0.8973995887839405,0.55782992969215,0.6216070707677291,0.6216070707677291,0.6210776842421285,0.6210776842421285,0.6210776842421285,0.6193905579957818,0.6193905579957818,0.6193905579957818,0.6193905579957818,0.6173637017058363,0.6121665094620755,0.5959114637854664,0.5854465114978693,0.5810987447914792,0.5668816418236559,0.5449233254820134,0.47577617239156955,0.35062263998173343,0.14507159861079516,0.5610143018830245,0.9424703891708968,0.9424703891708968,0.9391891891891891,0.9391891891891891,0.9391891891891891,0.9359190556492412,0.9359190556492412,0.9359190556492412,0.9359190556492412,0.9326599326599326,0.9229480737018425,0.8912685337726524,0.8727569331158238,0.8636363636363636,0.8309409888357256,0.7853810264385692,0.6565656565656566,0.44584382871536526,0.17743589743589744,0.8329274633360081,0.4099814220883412,0.4099814220883412,0.4107132985597672,0.4107132985597672,0.4107132985597672,0.4099122258689284,0.4099122258689284,0.4099122258689284,0.4099122258689284,0.40865692503475837,0.4060334985086532,0.3984326375439167,0.39271829855465457,0.3909929750716377,0.3867360018994254,0.3780858216054732,0.34476821008217967,0.27573833649774476,0.1186105462740137,0.378553941810745,0.9620034542314335,0.9620034542314335,0.9602763385146805,0.9602763385146805,0.9602763385146805,0.9585492227979274,0.9585492227979274,0.9585492227979274,0.9585492227979274,0.9568221070811744,0.9516407599309153,0.9343696027633851,0.924006908462867,0.918825561312608,0.8998272884283247,0.8721934369602763,0.7858376511226253,0.6113989637305699,0.2987910189982729,0.8838287428415598,0.9789103690685413,0.9789103690685413,0.9771528998242531,0.9771528998242531,0.9771528998242531,0.9753954305799648,0.9753954305799648,0.9753954305799648,0.9753954305799648,0.9736379613356766,0.968365553602812,0.9507908611599297,0.9402460456942003,0.9349736379613357,0.9156414762741653,0.8875219683655536,0.7996485061511424,0.6221441124780316,0.30404217926186294,0.8993617611691797,0.4147805248836685,0.4147805248836685,0.41552098190728465,0.41552098190728465,0.41552098190728465,0.41496280594319807,0.41496280594319807,0.41496280594319807,0.41496280594319807,0.4140460609969352,0.4121658383054775,0.4072117585310293,0.4033969281724458,0.40222274094823113,0.39975474514821924,0.394015329637539,0.36944831493851105,0.3167905747777244,0.15635544305497837,0.39007278704068815,0.9778000118831703,0.9778000118831703,0.9791090047102984,0.9791090047102984,0.9791090047102984,0.9772848309823372,0.9772848309823372,0.9772848309823372,0.9772848309823372,0.9756112321235939,0.970542231247106,0.9552689983733326,0.9463208742795638,0.9409206829563664,0.9229663445014918,0.8985579210440283,0.8210677498326259,0.6877004738511792,0.36949306562174755,0.9100271545082957,0.8973995887839405,0.8973995887839405,0.8988057266578781,0.8988057266578781,0.8988057266578781,0.8999185294060748,0.8999185294060748,0.8999185294060748,0.8999185294060748,0.900649540417201,0.9027223323528737,0.9088229654065848,0.9120296243941809,0.9133379866244731,0.9171663717281779,0.9216067329082043,0.9315749862380854,0.946432164304247,0.9664140190911337,0.9111393262437355,0.6280155604916964,0.6280155604916964,0.6280113554070977,0.6280113554070977,0.6280113554070977,0.626834145146888,0.626834145146888,0.626834145146888,0.626834145146888,0.6253095074321764,0.6216092237718026,0.6101502645003748,0.6023905883596485,0.5993782943930186,0.5899115255076574,0.5742507920865478,0.5205111337836414,0.4105924173624159,0.18825452447459093,0.5784084231296901,557.0,557.0,556.0,556.0,556.0,555.0,555.0,555.0,555.0,554.0,551.0,541.0,535.0,532.0,521.0,505.0,455.0,354.0,173.0,511.7368421052632,22.0,22.0,23.0,23.0,23.0,24.0,24.0,24.0,24.0,25.0,28.0,38.0,44.0,47.0,58.0,74.0,124.0,225.0,406.0,67.26315789473684,12.0,12.0,13.0,13.0,13.0,14.0,14.0,14.0,14.0,15.0,18.0,28.0,34.0,37.0,48.0,64.0,114.0,215.0,396.0,57.26315789473684,0.918825561312608,0.900649540417201,0.9309153713298791,0.9568221070811744,0.9736379613356766,1.0,0.0,0.0,0.8237648452351112,0.9651567944250871,0.04043126684636118,0.9294557892227733,498.95984539112936,554,25,15,7,2,0,0,7.0,371,0.5365853658536586,0.531951640759931,0.5413005272407733,308,271,261,569,579,9,2
tagging_001_tagging_aria01_rgb,0.398233305531217,0.893807929575794,0.35594408630498164,0.398233305531217,0.398233305531217,0.398233305531217,0.398233305531217,0.3981005635146326,0.39791553950461506,0.3970352509873912,0.3967186455247865,0.3967186455247865,0.3945606736842595,0.3906909357811185,0.3866794416165516,0.37955728002068706,0.37011811523272087,0.3601260123094346,0.3368005663020779,0.304941495543698,0.23807278323645292,0.10639045533752946,0.360387348749769,0.9556840077071291,0.9556840077071291,0.9556840077071291,0.9556840077071291,0.9544287548138639,0.9531751122514432,0.9494238156209988,0.94693094629156,0.94693094629156,0.9394904458598726,0.928435718809373,0.910288582183187,0.8819530284301607,0.8499392466585662,0.8114217727543129,0.7350427350427351,0.6504065040650406,0.4738625363020329,0.17840557275541796,0.8385721973136127,0.16594372654074976,0.16594372654074976,0.16594372654074976,0.16594372654074976,0.16605121950833945,0.16611509736678937,0.16603437572662275,0.1662060832665639,0.1662060832665639,0.16570485192714404,0.16440492778247587,0.16425669122454012,0.16334626014395534,0.1611731894508592,0.15983148233953487,0.1543238454765563,0.14297107289555677,0.11960989902317362,0.06344492950589802,0.15544499552987223,0.9649805447470817,0.9649805447470817,0.9649805447470817,0.9649805447470817,0.9643320363164721,0.9636835278858625,0.9617380025940337,0.9604409857328146,0.9604409857328146,0.956549935149157,0.9507133592736705,0.9409857328145266,0.9254215304798963,0.9072632944228275,0.8845654993514915,0.8365758754863813,0.7782101167315175,0.6348897535667963,0.29896238651102464,0.883405010580927,0.9900199600798403,0.9900199600798403,0.9900199600798403,0.9900199600798403,0.9893546240851631,0.9886892880904857,0.9866932801064537,0.9853626081170991,0.9853626081170991,0.9813705921490352,0.9753825681969395,0.9654025282767797,0.9494344644045243,0.9308050565535595,0.9075182967398536,0.8582834331337326,0.7984031936127745,0.6513639387890885,0.30671989354624085,0.9063276954862206,0.16635243839410702,0.16635243839410702,0.16635243839410702,0.16635243839410702,0.1664602089908915,0.16651987342394048,0.16648645537052945,0.1666591340595121,0.1666591340595121,0.1662857508782489,0.16523630749338508,0.16520905587511972,0.16457428593516035,0.1627495512049607,0.16170574760242853,0.15720438820555518,0.14742777275979171,0.12670833057990222,0.07171423471210937,0.15721105182776188,0.9684415856377672,0.9684415856377672,0.9684415856377672,0.9684415856377672,0.9680841152851363,0.9683906994811559,0.9670017157545264,0.9659750162116254,0.9659750162116254,0.9635017208152504,0.9594626210551169,0.9502007806932555,0.9402407239497019,0.9259935860451555,0.9122122552182337,0.8732836104351668,0.8182413127366857,0.6834615680268029,0.3854287207962169,0.9011168318561433,0.893807929575794,0.893807929575794,0.893807929575794,0.893807929575794,0.8942560570482824,0.8946788341100879,0.8958217924734164,0.8965349053906935,0.8965349053906935,0.8982120834948971,0.9004710884028302,0.9038092095177267,0.9085232435705543,0.9132266006058714,0.9179954424358118,0.9262734864403778,0.9334799779390935,0.9458340841215533,0.9654948388653279,0.9087567509531786,0.40016555028469586,0.40016555028469586,0.40016555028469586,0.40016555028469586,0.4001606060587555,0.4001029655795257,0.3996017628505529,0.3995386520066974,0.3995386520066974,0.39812682070517463,0.39535042832052536,0.39314526953991613,0.38879833597970354,0.38239576205002723,0.37600720071264565,0.35930990264390866,0.333558893341613,0.2755704979038433,0.13772308280425252,0.37050479124434854,1488.0,1488.0,1488.0,1488.0,1487.0,1486.0,1483.0,1481.0,1481.0,1475.0,1466.0,1451.0,1427.0,1399.0,1364.0,1290.0,1200.0,979.0,461.0,1362.2105263157894,54.0,54.0,54.0,54.0,55.0,56.0,59.0,61.0,61.0,67.0,76.0,91.0,115.0,143.0,178.0,252.0,342.0,563.0,1081.0,179.78947368421052,15.0,15.0,15.0,15.0,16.0,17.0,20.0,22.0,22.0,28.0,37.0,52.0,76.0,104.0,139.0,213.0,303.0,524.0,1042.0,140.78947368421052,0.917639429312581,0.8989584758075775,0.9396887159533074,0.9571984435797666,0.9820359281437125,1.0,0.0,0.0,0.8209226396186668,0.9694581280788177,0.04492512479201331,0.9386955389643047,1326.8627102919843,1476,66,27,34,3,0,0,33.0,601,0.23908045977011494,0.23605706874189364,0.24218230206254157,364,1178,1139,1503,1542,36,3
tagging_001_tagging_aria02_rgb,0.5198445261492689,0.9060117832540726,0.4709852661513675,0.5198445261492689,0.5188573383740729,0.5188573383740729,0.5188573383740729,0.5188573383740729,0.5188573383740729,0.5188573383740729,0.5178751614983511,0.5167795919156362,0.5158516720694891,0.5133509179433734,0.5094930644654562,0.5031703320277571,0.4954967308432847,0.4812274305247957,0.4621267513517045,0.43090771005036704,0.3306483841517746,0.1396404947389795,0.47629246305129863,0.978246539222149,0.9769433465085638,0.9769433465085638,0.9769433465085638,0.9769433465085638,0.9769433465085638,0.9769433465085638,0.9756418696510862,0.9717477003942181,0.9691601049868767,0.9640052356020943,0.9550488599348534,0.9423948220064725,0.9200255918106206,0.8791484032561052,0.8243161094224924,0.7417295414973882,0.5171890798786654,0.16679626749611198,0.8772163265373956,0.2762476743155539,0.2755665807508186,0.2755665807508186,0.2755665807508186,0.2755665807508186,0.2755665807508186,0.2755665807508186,0.2748905015657603,0.2748256018636836,0.2745706784747305,0.27336901836296584,0.27180094509102753,0.2686563817210622,0.26685889225451037,0.2634138207290077,0.25907674479939363,0.2503357951821648,0.21138952502212227,0.11690590001602698,0.2597758402054169,0.9906542056074766,0.9899866488651535,0.9899866488651535,0.9899866488651535,0.9899866488651535,0.9899866488651535,0.9899866488651535,0.9893190921228304,0.9873164218958611,0.985981308411215,0.9833110814419226,0.9786381842456608,0.9719626168224299,0.9599465954606141,0.9372496662216289,0.9052069425901201,0.8531375166889186,0.6829105473965287,0.2863818424566088,0.9185229428711965,0.9873586161011311,0.9866932801064537,0.9866932801064537,0.9866932801064537,0.9866932801064537,0.9866932801064537,0.9866932801064537,0.9860279441117764,0.9840319361277445,0.9827012641383899,0.9800399201596807,0.9753825681969395,0.9687292082501663,0.9567531603459747,0.9341317365269461,0.9021956087824351,0.8502994011976048,0.6806387225548902,0.28542914171656686,0.9154673109920509,0.2767147067207931,0.2762100662498722,0.2762100662498722,0.2762100662498722,0.2762100662498722,0.2762100662498722,0.2762100662498722,0.2757073500184379,0.2756823782473197,0.275522552336932,0.27462939771592293,0.2735013123166096,0.27110623723083843,0.2699184821307842,0.2674841126040465,0.2644340547566354,0.2580765306798928,0.22650664326002515,0.14267251612164764,0.26364298271784836,0.9876741536957716,0.9869940684308978,0.9869940684308978,0.9869940684308978,0.9869940684308978,0.9869940684308978,0.9869940684308978,0.9863181387844198,0.984418019546504,0.9833608658147861,0.9806713107193477,0.9765357558394464,0.9701686832761105,0.9597080342537694,0.9397190483158877,0.915067134351578,0.8736522700880709,0.7304839567972746,0.3823705621661082,0.9259006496965506,0.9060117832540726,0.9065620573675244,0.9065620573675244,0.9065620573675244,0.9065620573675244,0.9065620573675244,0.9065620573675244,0.9069372770834666,0.9079323454746082,0.9085315427188846,0.9095738943900044,0.9111618081477747,0.9130905538230942,0.9160468083723997,0.920557044323532,0.9254552094257328,0.9312232847378825,0.9439149813893313,0.964834361287555,0.9160338546649202,0.5231308826192428,0.5223095210856601,0.5223095210856601,0.5223095210856601,0.5223095210856601,0.5223095210856601,0.5223095210856601,0.5214924941379574,0.520902898703231,0.5203090973775778,0.5184657993341555,0.5157468210082712,0.5110028960814696,0.506132675380782,0.4968747483586044,0.48427065578667877,0.4621372725068363,0.3799475440725334,0.1829746622913618,0.48827608285119284,1484.0,1483.0,1483.0,1483.0,1483.0,1483.0,1483.0,1482.0,1479.0,1477.0,1473.0,1466.0,1456.0,1438.0,1404.0,1356.0,1278.0,1023.0,429.0,1375.9473684210527,14.0,15.0,15.0,15.0,15.0,15.0,15.0,16.0,19.0,21.0,25.0,32.0,42.0,60.0,94.0,142.0,220.0,475.0,1069.0,122.05263157894737,19.0,20.0,20.0,20.0,20.0,20.0,20.0,21.0,24.0,26.0,30.0,37.0,47.0,65.0,99.0,147.0,225.0,480.0,1074.0,127.05263157894737,0.9539385847797063,0.9085315427188846,0.9686248331108144,0.985981308411215,0.9827012641383899,1.0,0.0,0.0,0.8637523955913168,0.9843385538153949,0.04326123128119801,0.9677286897991841,1341.9010885957925,1477,21,26,22,3,0,0,26.0,601,0.425191602799067,0.4259012016021362,0.4244843646041251,638,860,865,1503,1498,24,3
tagging_001_tagging_aria03_rgb,0.4697967916862378,0.8904183611654237,0.4183156893340338,0.4697967916862378,0.4697967916862378,0.4697967916862378,0.4697967916862378,0.4697967916862378,0.4697967916862378,0.4697967916862378,0.4697967916862378,0.46845840700179014,0.4664104971924482,0.46393779875361596,0.46035428573574044,0.4583415346487299,0.4474094109278646,0.4226935540251374,0.38443829163930426,0.31724361947887464,0.22798517985434216,0.08200853605784472,0.41882397098976815,0.9934426229508196,0.9934426229508196,0.9934426229508196,0.9934426229508196,0.9934426229508196,0.9934426229508196,0.9934426229508196,0.9934426229508196,0.9890948745910578,0.9804560260586319,0.9761646803900325,0.9676375404530745,0.9612903225806452,0.9342523860021209,0.8726899383983573,0.77431906614786,0.6213333333333333,0.412858249419055,0.1315136476426799,0.8720605815064951,0.22216585072936668,0.22216585072936668,0.22216585072936668,0.22216585072936668,0.22216585072936668,0.22216585072936668,0.22216585072936668,0.22216585072936668,0.22187283012803802,0.22187507252701383,0.22049382182763563,0.2190138967696873,0.21853643737948789,0.21426242414366647,0.20473461736285564,0.1908680885436508,0.16197990466747372,0.12589609704143118,0.051138418764139236,0.2014736007889481,0.9934426229508196,0.9934426229508196,0.9934426229508196,0.9934426229508196,0.9934426229508196,0.9934426229508196,0.9934426229508196,0.9934426229508196,0.9912568306010929,0.9868852459016394,0.9846994535519126,0.980327868852459,0.9770491803278688,0.9628415300546448,0.9289617486338798,0.8699453551912568,0.7639344262295082,0.5825136612021858,0.23169398907103825,0.9056658038538971,1.0,1.0,1.0,1.0,1.0,1.0,1.0,1.0,0.9977997799779978,0.9933993399339934,0.9911991199119912,0.9867986798679867,0.9834983498349835,0.9691969196919692,0.935093509350935,0.8756875687568757,0.768976897689769,0.5863586358635864,0.23322332233223322,0.9116437959585431,0.22216585072936668,0.22216585072936668,0.22216585072936668,0.22216585072936668,0.22216585072936668,0.22216585072936668,0.22216585072936668,0.22216585072936668,0.22193031407554475,0.22201502724748223,0.22091239689731018,0.21972813196094673,0.2193792422484326,0.21608585554591586,0.20842562888973842,0.19729017474484797,0.1721073916054039,0.13890196732116175,0.059322204459766714,0.20386448109639393,1.0,1.0,1.0,1.0,1.0,1.0,1.0,1.0,0.9978638368246968,0.9937004804168607,0.9915144778791491,0.9872272420138652,0.9840342811152377,0.9710618463951775,0.9418839915022823,0.8988968960909475,0.8183872765075733,0.6790901710589621,0.3639309477517885,0.9277679709240284,0.8904183611654237,0.8904183611654237,0.8904183611654237,0.8904183611654237,0.8904183611654237,0.8904183611654237,0.8904183611654237,0.8904183611654237,0.8914056070102512,0.8932645071692351,0.8940888648007767,0.8954810090327647,0.8963690791035697,0.8995637785919649,0.9057631706189538,0.9144490870346237,0.9269598669099884,0.9425453102754316,0.9649570609863856,0.9025365384661758,0.4697967916862378,0.4697967916862378,0.4697967916862378,0.4697967916862378,0.4697967916862378,0.4697967916862378,0.4697967916862378,0.4697967916862378,0.4689701039397007,0.46793721321376663,0.46596152831027327,0.46336316930599913,0.46208316027897106,0.4542034349228384,0.4361085050205816,0.4074859593688874,0.3517698473901039,0.27080656642457873,0.10885065106947525,0.4271533933018463,909.0,909.0,909.0,909.0,909.0,909.0,909.0,909.0,907.0,903.0,901.0,897.0,894.0,881.0,850.0,796.0,699.0,533.0,212.0,828.6842105263158,6.0,6.0,6.0,6.0,6.0,6.0,6.0,6.0,8.0,12.0,14.0,18.0,21.0,34.0,65.0,119.0,216.0,382.0,703.0,86.3157894736842,0.0,0.0,0.0,0.0,0.0,0.0,0.0,0.0,2.0,6.0,8.0,12.0,15.0,28.0,59.0,113.0,210.0,376.0,697.0,80.3157894736842,0.9562841530054644,0.8932645071692351,0.980327868852459,0.9868852459016394,0.9933993399339934,1.0,0.0,0.0,0.8509484699167423,0.9901315789473685,0.009983361064891847,0.9788607402395386,806.6178499738193,903,12,6,22,3,0,0,22.0,601,0.3782894736842105,0.3770491803278688,0.3795379537953795,345,570,564,909,915,25,3
tagging_001_tagging_aria04_rgb,0.47182565055028436,0.881361651599752,0.41584903463612605,0.47182565055028436,0.47182565055028436,0.4716546523726818,0.4716546523726818,0.4716546523726818,0.4716546523726818,0.471451999564153,0.47106298901356647,0.4707199210266067,0.46790480219872516,0.46611476893983345,0.45764584895343813,0.4519017136773457,0.43828771103286246,0.41850015428043863,0.38548343009732355,0.3235964296262671,0.22050061022036707,0.0578431094078066,0.41743596834894897,0.9841726618705036,0.9841726618705036,0.98274622573688,0.98274622573688,0.98274622573688,0.98274622573688,0.9813218390804598,0.9784791965566715,0.9770609318996416,0.97,0.9629893238434164,0.938158819395643,0.9232914923291492,0.8890410958904109,0.8398932621747832,0.756687898089172,0.6025566531086578,0.37419033383158945,0.08839779005524862,0.8516525717338619,0.22619958178282654,0.22619958178282654,0.22636373997569148,0.22636373997569148,0.22636373997569148,0.22636373997569148,0.22649754549568746,0.22678084562173256,0.2267793510282878,0.22570608651611143,0.2256130700979211,0.223245487580912,0.22118167504106057,0.21607113386590285,0.20852932988085277,0.1963788178122635,0.17378390683537048,0.12993526211566095,0.03784964877371192,0.20506348863862603,0.987012987012987,0.987012987012987,0.9862914862914863,0.9862914862914863,0.9862914862914863,0.9862914862914863,0.9855699855699855,0.9841269841269841,0.9834054834054834,0.9797979797979798,0.9761904761904762,0.9632034632034632,0.9552669552669553,0.9365079365079365,0.9083694083694084,0.8571428571428571,0.7481962481962482,0.5418470418470418,0.16161616161616163,0.8894964684438369,0.9970845481049563,0.9970845481049563,0.9963556851311953,0.9963556851311953,0.9963556851311953,0.9963556851311953,0.9956268221574344,0.9941690962099126,0.9934402332361516,0.9897959183673469,0.9861516034985423,0.9730320699708455,0.9650145772594753,0.9460641399416909,0.9176384839650146,0.8658892128279884,0.7558309037900874,0.5473760932944607,0.16326530612244897,0.8985729630197943,0.2263635236336904,0.2263635236336904,0.22652772962069825,0.22652772962069825,0.22652772962069825,0.22652772962069825,0.22666194511180357,0.22694558052785885,0.22695270480666882,0.22611204211687552,0.22611618824540627,0.2243295999708378,0.22264620226620285,0.21849843232388622,0.21232662187467355,0.20199715452930508,0.18205331018511864,0.14116803247441195,0.04558009691155414,0.20738030932077775,0.985248343388397,0.985248343388397,0.985944696724209,0.985944696724209,0.985944696724209,0.985944696724209,0.9853069235467429,0.9846569755921613,0.9839240705431628,0.9803742971019632,0.9777896901104711,0.9699572927724177,0.9623493309630211,0.9440956830046738,0.9186774131409272,0.8714442077447541,0.7778304719317994,0.6005518128497102,0.2065756377830557,0.8988320674083417,0.881361651599752,0.881361651599752,0.8818976919441976,0.8818976919441976,0.8818976919441976,0.8818976919441976,0.8822992379751045,0.8830406633278439,0.8833634071446789,0.8848782256586012,0.8861708769592905,0.8903765925285034,0.8925671740253474,0.8968517991093797,0.902067955215822,0.9094074599073956,0.9213663216082444,0.9379251526042727,0.9638472984930943,0.8960250650280985,0.47250600512221647,0.47250600512221647,0.47250463441444074,0.47250463441444074,0.47250463441444074,0.47250463441444074,0.4724713564289605,0.4724205220558087,0.47224575945619157,0.47026202015110047,0.46929876447065666,0.4637141649577681,0.4596602498338518,0.4498358942055278,0.4352259918841468,0.41027393407568574,0.3605890557006834,0.2653394757833649,0.07821198727386473,0.42708314337788456,1368.0,1368.0,1367.0,1367.0,1367.0,1367.0,1366.0,1364.0,1363.0,1358.0,1353.0,1335.0,1324.0,1298.0,1259.0,1188.0,1037.0,751.0,224.0,1232.842105263158,18.0,18.0,19.0,19.0,19.0,19.0,20.0,22.0,23.0,28.0,33.0,51.0,62.0,88.0,127.0,198.0,349.0,635.0,1162.0,153.1578947368421,4.0,4.0,5.0,5.0,5.0,5.0,6.0,8.0,9.0,14.0,19.0,37.0,48.0,74.0,113.0,184.0,335.0,621.0,1148.0,139.1578947368421,0.9552669552669553,0.8849877264138533,0.9696969696969697,0.9797979797979798,0.9897959183673469,1.0,0.0,0.0,0.8425781619552761,0.9847715736040609,0.02329450915141431,0.968758275616404,1201.8133324700127,1358,28,14,20,3,0,0,25.0,601,0.3263234227701233,0.3246753246753247,0.32798833819241985,450,936,922,1372,1386,22,3
tagging_002_tagging_aria01_rgb,0.6197304942062978,0.9150775553633159,0.5671014656223986,0.6197304942062978,0.6197304942062978,0.6197304942062978,0.6197304942062978,0.6197304942062978,0.6197304942062978,0.6197304942062978,0.6197304942062978,0.6197304942062978,0.6197304942062978,0.6197304942062978,0.6197304942062978,0.6197304942062978,0.6197304942062978,0.6197304942062978,0.5857817961425512,0.5275760869016293,0.3603496342933939,0.10043344742141086,0.5721104409396554,0.9754385964912281,0.9754385964912281,0.9754385964912281,0.9754385964912281,0.9754385964912281,0.9754385964912281,0.9754385964912281,0.9754385964912281,0.9754385964912281,0.9754385964912281,0.9754385964912281,0.9754385964912281,0.9754385964912281,0.9754385964912281,0.9754385964912281,0.9215017064846417,0.7929936305732485,0.5134408602150538,0.14198782961460446,0.8948159460134719,0.393736609183514,0.393736609183514,0.393736609183514,0.393736609183514,0.393736609183514,0.393736609183514,0.393736609183514,0.393736609183514,0.393736609183514,0.393736609183514,0.393736609183514,0.393736609183514,0.393736609183514,0.393736609183514,0.393736609183514,0.3723707837731632,0.3509946571313925,0.2529051912249339,0.07104043627068578,0.3659663266396256,0.9823321554770318,0.9823321554770318,0.9823321554770318,0.9823321554770318,0.9823321554770318,0.9823321554770318,0.9823321554770318,0.9823321554770318,0.9823321554770318,0.9823321554770318,0.9823321554770318,0.9823321554770318,0.9823321554770318,0.9823321554770318,0.9823321554770318,0.9540636042402827,0.8798586572438163,0.6749116607773852,0.24734982332155478,0.9205876883020273,0.9928571428571429,0.9928571428571429,0.9928571428571429,0.9928571428571429,0.9928571428571429,0.9928571428571429,0.9928571428571429,0.9928571428571429,0.9928571428571429,0.9928571428571429,0.9928571428571429,0.9928571428571429,0.9928571428571429,0.9928571428571429,0.9928571428571429,0.9642857142857143,0.8892857142857142,0.6821428571428572,0.25,0.930451127819549,0.39700380977431377,0.39700380977431377,0.39700380977431377,0.39700380977431377,0.39700380977431377,0.39700380977431377,0.39700380977431377,0.39700380977431377,0.39700380977431377,0.39700380977431377,0.39700380977431377,0.39700380977431377,0.39700380977431377,0.39700380977431377,0.39700380977431377,0.3824130119867779,0.3691073228773218,0.29516332718266813,0.09259462116424408,0.3733860752539851,0.9931237618600772,0.9931237618600772,0.9931237618600772,0.9931237618600772,0.9931237618600772,0.9931237618600772,0.9931237618600772,0.9931237618600772,0.9931237618600772,0.9931237618600772,0.9931237618600772,0.9931237618600772,0.9931237618600772,0.9931237618600772,0.9931237618600772,0.9656526540856674,0.8960946418820418,0.7057614773724559,0.2892688240036115,0.9344017908023649,0.9150775553633159,0.9150775553633159,0.9150775553633159,0.9150775553633159,0.9150775553633159,0.9150775553633159,0.9150775553633159,0.9150775553633159,0.9150775553633159,0.9150775553633159,0.9150775553633159,0.9150775553633159,0.9150775553633159,0.9150775553633159,0.9150775553633159,0.9190087484341354,0.9263249833237531,0.9409176379310317,0.962940566282232,0.9197555403379416,0.621916499209869,0.621916499209869,0.621916499209869,0.621916499209869,0.621916499209869,0.621916499209869,0.621916499209869,0.621916499209869,0.621916499209869,0.621916499209869,0.621916499209869,0.621916499209869,0.621916499209869,0.621916499209869,0.621916499209869,0.5960414516461108,0.555720872132207,0.41314484461123596,0.1325588147210147,0.5803270248030845,278.0,278.0,278.0,278.0,278.0,278.0,278.0,278.0,278.0,278.0,278.0,278.0,278.0,278.0,278.0,270.0,249.0,191.0,70.0,260.5263157894737,5.0,5.0,5.0,5.0,5.0,5.0,5.0,5.0,5.0,5.0,5.0,5.0,5.0,5.0,5.0,13.0,34.0,92.0,213.0,22.473684210526315,2.0,2.0,2.0,2.0,2.0,2.0,2.0,2.0,2.0,2.0,2.0,2.0,2.0,2.0,2.0,10.0,31.0,89.0,210.0,19.473684210526315,0.9469964664310954,0.9150775553633159,0.9752650176678446,0.9823321554770318,0.9928571428571429,1.0,0.0,0.0,0.8635744183427626,0.9875666074600356,0.00909090909090909,0.97207388697176,254.39156039100183,278,5,2,8,3,0,0,8.0,220,0.5293072824156305,0.5265017667844523,0.5321428571428571,149,134,131,280,283,11,3
tagging_002_tagging_aria02_rgb,0.8350594911382202,0.9108673580978333,0.7606284325475916,0.8350594911382202,0.8350594911382202,0.8350594911382202,0.8350594911382202,0.8350594911382202,0.8343481338958635,0.8343481338958635,0.8336502330630339,0.8336502330630339,0.8296149176906389,0.8296149176906389,0.8259574192063096,0.8172757403008216,0.8037622435993367,0.7828460348220467,0.744650431517743,0.6595611090799228,0.5264754107518879,0.22513631257711986,0.7661151961497558,0.9883527454242929,0.9883527454242929,0.9883527454242929,0.9883527454242929,0.9883527454242929,0.9850498338870431,0.9850498338870431,0.9817578772802653,0.9817578772802653,0.9752066115702479,0.9752066115702479,0.9654605263157895,0.9526143790849673,0.9305331179321487,0.8908227848101266,0.8300153139356815,0.7343976777939042,0.5744400527009222,0.2370600414078675,0.8916387508725255,0.7055419808042996,0.7055419808042996,0.7055419808042996,0.7055419808042996,0.7055419808042996,0.7067021226616811,0.7067021226616811,0.7078860553798793,0.7078860553798793,0.7057590704257314,0.7057590704257314,0.706611652933397,0.7011647633598023,0.6942619577812233,0.6879571612744796,0.668065101751279,0.5923505340015779,0.48251572435301404,0.21381232762722552,0.6586917696862148,0.99,0.99,0.99,0.99,0.99,0.9883333333333333,0.9883333333333333,0.9866666666666667,0.9866666666666667,0.9833333333333333,0.9833333333333333,0.9783333333333334,0.9716666666666667,0.96,0.9383333333333334,0.9033333333333333,0.8433333333333334,0.7266666666666667,0.38166666666666665,0.9247368421052632,0.9983193277310924,0.9983193277310924,0.9983193277310924,0.9983193277310924,0.9983193277310924,0.9966386554621849,0.9966386554621849,0.9949579831932773,0.9949579831932773,0.9915966386554622,0.9915966386554622,0.9865546218487395,0.9798319327731092,0.9680672268907563,0.946218487394958,0.9109243697478991,0.8504201680672269,0.7327731092436974,0.38487394957983195,0.9325077399380806,0.7072015844386268,0.7072015844386268,0.7072015844386268,0.7072015844386268,0.7072015844386268,0.7083645822881874,0.7083645822881874,0.7095512657832412,0.7095512657832412,0.7086595658715709,0.7086595658715709,0.7098367159721743,0.7069763685277008,0.7036982021740044,0.7019887996673192,0.6918669569845355,0.6433140804978678,0.5687860155604546,0.31649418255614914,0.6753747406325967,0.9983245149911817,0.9983245149911817,0.9983245149911817,0.9983245149911817,0.9983245149911817,0.9974785192323136,0.9974785192323136,0.9983188545688546,0.9983188545688546,0.9949929703975631,0.9949929703975631,0.990170218856266,0.9837113180996322,0.9730243863812414,0.954021857289562,0.926283769720935,0.870917309562872,0.7646704062112492,0.4327131316087201,0.9404587190044132,0.9108673580978333,0.9108673580978333,0.9108673580978333,0.9108673580978333,0.9108673580978333,0.9119165102777603,0.9119165102777603,0.9127914362573076,0.9127914362573076,0.9142628530206193,0.9142628530206193,0.9160077263724691,0.9180308189977789,0.9209641959710633,0.9252720118372747,0.9310380669907676,0.9383357881455628,0.9481899187007172,0.9655166922511395,0.9208228215193324,0.8357550843376644,0.8357550843376644,0.8357550843376644,0.8357550843376644,0.8357550843376644,0.8357375572295177,0.8357375572295177,0.8357317599813238,0.8357317599813238,0.8330644748469167,0.8330644748469167,0.8314455687454873,0.8254080375171672,0.8163892940686902,0.8034507678316202,0.776843275859845,0.7067877689528383,0.592138575867049,0.28566595593056654,0.7803143289777421,594.0,594.0,594.0,594.0,594.0,593.0,593.0,592.0,592.0,590.0,590.0,587.0,583.0,576.0,563.0,542.0,506.0,436.0,229.0,554.8421052631579,6.0,6.0,6.0,6.0,6.0,7.0,7.0,8.0,8.0,10.0,10.0,13.0,17.0,24.0,37.0,58.0,94.0,164.0,371.0,45.1578947368421,1.0,1.0,1.0,1.0,1.0,2.0,2.0,3.0,3.0,5.0,5.0,8.0,12.0,19.0,32.0,53.0,89.0,159.0,366.0,40.1578947368421,0.9666666666666667,0.9142628530206193,0.975,0.9833333333333333,0.9915966386554622,1.0,0.0,0.0,0.8823584721369423,0.9874476987447699,0.022727272727272728,0.9738350499927733,539.4150832821654,590,10,5,5,3,0,0,6.0,220,0.7748953974895397,0.7716666666666666,0.7781512605042017,463,137,132,595,600,9,3
tagging_002_tagging_aria03_rgb,0.8511782977845422,0.8871872250408259,0.7551545120264418,0.8511782977845422,0.8511782977845422,0.8511782977845422,0.8511782977845422,0.8511782977845422,0.8511782977845422,0.8511782977845422,0.8511782977845422,0.8511782977845422,0.8511782977845422,0.8511782977845422,0.8498230376379114,0.8368966909010788,0.8291334260715405,0.8023859653707187,0.7264898438733519,0.5833950813434708,0.3244207156895634,0.05783088352061793,0.7564914168441167,0.9840909090909091,0.9840909090909091,0.9840909090909091,0.9840909090909091,0.9840909090909091,0.9840909090909091,0.9840909090909091,0.9840909090909091,0.9840909090909091,0.9840909090909091,0.9840909090909091,0.9795918367346939,0.9617977528089887,0.9443207126948775,0.9102844638949672,0.8112033195020747,0.6409774436090225,0.35348837209302325,0.051807228915662654,0.8672879542238583,0.7362170384123141,0.7362170384123141,0.7362170384123141,0.7362170384123141,0.7362170384123141,0.7362170384123141,0.7362170384123141,0.7362170384123141,0.7362170384123141,0.7362170384123141,0.7362170384123141,0.7372450118688797,0.7282155413605684,0.7279965683133955,0.7072769699584673,0.650622945644612,0.5309856443924389,0.29774331796360043,0.06455491171356932,0.6601593859868942,0.9954022988505747,0.9954022988505747,0.9954022988505747,0.9954022988505747,0.9954022988505747,0.9954022988505747,0.9954022988505747,0.9954022988505747,0.9954022988505747,0.9954022988505747,0.9954022988505747,0.993103448275862,0.9839080459770115,0.9747126436781609,0.9563218390804598,0.8988505747126436,0.7839080459770115,0.5241379310344828,0.09885057471264368,0.9033272837265576,0.9885844748858448,0.9885844748858448,0.9885844748858448,0.9885844748858448,0.9885844748858448,0.9885844748858448,0.9885844748858448,0.9885844748858448,0.9885844748858448,0.9885844748858448,0.9885844748858448,0.9863013698630136,0.9771689497716894,0.9680365296803652,0.9497716894977168,0.8926940639269406,0.7785388127853882,0.5205479452054794,0.09817351598173515,0.8971401105503485,0.7363952957486445,0.7363952957486445,0.7363952957486445,0.7363952957486445,0.7363952957486445,0.7363952957486445,0.7363952957486445,0.7363952957486445,0.7363952957486445,0.7363952957486445,0.7363952957486445,0.7374335284057507,0.7329002081338531,0.7344062253260366,0.7229090354090354,0.6910496390036032,0.6080314385299722,0.4009824645789558,0.10987728894705638,0.6756809516615448,0.990461753513291,0.990461753513291,0.990461753513291,0.990461753513291,0.990461753513291,0.990461753513291,0.990461753513291,0.990461753513291,0.990461753513291,0.990461753513291,0.990461753513291,0.9893712981706402,0.9809150855693226,0.9764772834012538,0.9606592858148406,0.915427138950289,0.8147380871928074,0.5813378948884184,0.1456098497595241,0.9084008006522787,0.8871872250408259,0.8871872250408259,0.8871872250408259,0.8871872250408259,0.8871872250408259,0.8871872250408259,0.8871872250408259,0.8871872250408259,0.8871872250408259,0.8871872250408259,0.8871872250408259,0.887858274835966,0.8903043252747614,0.8924378431174789,0.8955942051564799,0.9031880483260332,0.9141378405534442,0.9319722023179089,0.9604154946536032,0.8965772478781453,0.8560561503129216,0.8560561503129216,0.8560561503129216,0.8560561503129216,0.8560561503129216,0.8560561503129216,0.8560561503129216,0.8560561503129216,0.8560561503129216,0.8560561503129216,0.8560561503129216,0.8556638145388429,0.8464615350682915,0.8423701441108764,0.8224259314065532,0.7647305464108862,0.6451696822832897,0.39504248715395623,0.07988297768242181,0.7720191985314346,433.0,433.0,433.0,433.0,433.0,433.0,433.0,433.0,433.0,433.0,433.0,432.0,428.0,424.0,416.0,391.0,341.0,228.0,43.0,392.94736842105266,2.0,2.0,2.0,2.0,2.0,2.0,2.0,2.0,2.0,2.0,2.0,3.0,7.0,11.0,19.0,44.0,94.0,207.0,392.0,42.05263157894737,5.0,5.0,5.0,5.0,5.0,5.0,5.0,5.0,5.0,5.0,5.0,6.0,10.0,14.0,22.0,47.0,97.0,210.0,395.0,45.05263157894737,0.9724137931034482,0.8871872250408259,0.9839080459770115,0.9954022988505747,0.9885844748858448,1.0,0.0,0.0,0.8601196975693738,0.9919816723940436,0.022727272727272728,0.9823012183808367,384.1520684426776,433,2,5,5,3,0,0,3.0,220,0.8384879725085911,0.8413793103448276,0.8356164383561644,366,69,72,438,435,8,3
tagging_002_tagging_aria04_rgb,0.8175950508130282,0.890778256211657,0.7282958936505103,0.8175950508130282,0.8175950508130282,0.8167946300923945,0.8149524400868361,0.8131411724993588,0.8123830985233759,0.8081474148943916,0.8074175098413048,0.8022345129624295,0.7964619647859381,0.7920856136132257,0.7861300098834645,0.7828070525280412,0.7812022317264533,0.7568734892279795,0.723011792600017,0.6135708561093219,0.42482506795773584,0.11699243926294203,0.7307484946432246,0.9748427672955975,0.9748427672955975,0.9717425431711146,0.9655712050078247,0.9594383775351014,0.956386292834891,0.9503105590062112,0.9472868217054263,0.9382716049382716,0.9293394777265745,0.9234303215926493,0.9146341463414634,0.9117199391171994,0.9088145896656535,0.8718330849478391,0.8255813953488372,0.6859060402684564,0.46216530849825377,0.11843276936776491,0.8521342111402488,0.6857122907814152,0.6857122907814152,0.686553730137852,0.6878285890869189,0.689151676538436,0.6900624817720767,0.6872513811521473,0.6882002581062604,0.6859210173267551,0.6825833579161829,0.6794228049723969,0.6756804290670511,0.6721218382927865,0.6715087255354338,0.657072424282235,0.633185359049681,0.5488640912381821,0.39050169938485724,0.11556962585406348,0.6269949511197971,0.9763779527559056,0.9763779527559056,0.9748031496062992,0.9716535433070866,0.968503937007874,0.9669291338582677,0.9637795275590552,0.9622047244094488,0.9574803149606299,0.952755905511811,0.9496062992125984,0.9448818897637795,0.9433070866141732,0.9417322834645669,0.9212598425196851,0.8944881889763779,0.8047244094488188,0.6251968503937008,0.2094488188976378,0.889763779527559,0.998389694041868,0.998389694041868,0.9967793880837359,0.9935587761674718,0.9903381642512077,0.9887278582930756,0.9855072463768116,0.9838969404186796,0.9790660225442834,0.9742351046698873,0.9710144927536232,0.966183574879227,0.964573268921095,0.9629629629629629,0.9420289855072463,0.9146537842190016,0.822866344605475,0.6392914653784219,0.214170692431562,0.9098228663446054,0.6858220542897963,0.6858220542897963,0.6866731814227776,0.6880170612747598,0.6894011408645555,0.6903151408851734,0.6891177994119171,0.6900693959613763,0.6894265274199484,0.6879664412722264,0.6863736871199557,0.6844803807303808,0.6823676601639874,0.682059467845421,0.6746960731576117,0.6614282724317935,0.6047566588662479,0.47597129990077086,0.17918397392081603,0.6428393826962795,0.9984181141439206,0.9984181141439206,0.9969010190132968,0.9939902075234327,0.9913376257888452,0.9904073939090225,0.9880346165272635,0.9875035766197795,0.984053384937431,0.9806217844091885,0.9775573609593168,0.9729117099375721,0.9712805107888869,0.9696563498777778,0.9511850206478855,0.9259781961153986,0.8449193803050338,0.6761989192161606,0.26030918504861983,0.9189306563111975,0.890778256211657,0.890778256211657,0.8919923174281272,0.8943148841242251,0.8965225994151038,0.8975100518353037,0.8994165692020002,0.9003076073272256,0.9026954164001227,0.9048409238931217,0.9061773833778789,0.9078310623767756,0.9083399863672412,0.9087468735825125,0.9125828967918531,0.9166807152134661,0.9263975522805789,0.9396007141825836,0.9632335122705447,0.9083551357101041,0.8182385731879916,0.8182385731879916,0.8180799096129493,0.8175151899348531,0.8169737522852568,0.8168485280686749,0.8138542937412844,0.8137502932040306,0.8104047579500858,0.8064337079132576,0.8032335746409515,0.7990232791935893,0.796252028650308,0.7952241479387213,0.7780324145678504,0.7525801120828977,0.6645933581441428,0.49410568963411106,0.1555825235544645,0.7467876161838638,620.0,620.0,619.0,617.0,615.0,614.0,612.0,611.0,608.0,605.0,603.0,600.0,599.0,598.0,585.0,568.0,511.0,397.0,133.0,565.0,15.0,15.0,16.0,18.0,20.0,21.0,23.0,24.0,27.0,30.0,32.0,35.0,36.0,37.0,50.0,67.0,124.0,238.0,502.0,70.0,1.0,1.0,2.0,4.0,6.0,7.0,9.0,10.0,13.0,16.0,18.0,21.0,22.0,23.0,36.0,53.0,110.0,224.0,488.0,56.0,0.9212598425196851,0.9048409238931217,0.9275590551181102,0.952755905511811,0.9742351046698873,1.0,0.0,0.0,0.8305964707958088,0.9633757961783439,0.07272727272727272,0.9266109291475151,547.4287589553386,605,30,16,4,3,0,0,9.0,220,0.7611464968152867,0.752755905511811,0.7697262479871175,478,157,143,621,635,7,3
tagging_003_tagging_aria01_rgb,0.5730134990422597,0.9090159659839605,0.520878419353749,0.5730134990422597,0.5730134990422597,0.5730134990422597,0.5730134990422597,0.5730134990422597,0.5730134990422597,0.5708530581540333,0.5708530581540333,0.5687097344847283,0.5675114009068947,0.5660685087164101,0.5599344831651643,0.5580335524388436,0.5514098412215831,0.5352822736471244,0.5189071430299508,0.4806329264707824,0.37486727979635853,0.17163417192768776,0.5280409698087976,0.96,0.96,0.96,0.96,0.96,0.96,0.9575530586766542,0.9575530586766542,0.9551122194513716,0.9526774595267746,0.9454094292803971,0.9334155363748459,0.9262899262899262,0.905224787363305,0.8711217183770883,0.8317757009345794,0.7364341085271318,0.5193798449612403,0.18968133535660092,0.8653488517787666,0.3420254896715144,0.3420254896715144,0.3420254896715144,0.3420254896715144,0.3420254896715144,0.3420254896715144,0.34031870197790554,0.34031870197790554,0.33863116344953986,0.33806739829793825,0.3389362816111534,0.3358918008319201,0.33618140153458576,0.335886530329822,0.32891742501224625,0.32372263674565305,0.31368456095805297,0.27056397899384854,0.15530409946725385,0.32360934837983746,0.9624060150375939,0.9624060150375939,0.9624060150375939,0.9624060150375939,0.9624060150375939,0.9624060150375939,0.9611528822055138,0.9611528822055138,0.9598997493734336,0.9586466165413534,0.9548872180451128,0.9486215538847118,0.9448621553884712,0.9335839598997494,0.9147869674185464,0.8922305764411027,0.8333333333333334,0.6716791979949874,0.3132832080200501,0.8959240205777601,0.9974025974025974,0.9974025974025974,0.9974025974025974,0.9974025974025974,0.9974025974025974,0.9974025974025974,0.9961038961038962,0.9961038961038962,0.9948051948051948,0.9935064935064936,0.9896103896103896,0.9831168831168832,0.9792207792207792,0.9675324675324676,0.948051948051948,0.9246753246753247,0.8636363636363636,0.6961038961038961,0.3246753246753247,0.9285030758714969,0.34225768236746856,0.34225768236746856,0.34225768236746856,0.34225768236746856,0.34225768236746856,0.34225768236746856,0.34106294572172186,0.34106294572172186,0.33987409299037813,0.3394527228868071,0.3403531895237842,0.3383637016876419,0.3387200146977965,0.3388179316559853,0.3342433620629381,0.33093404400220444,0.3247169969927052,0.2933100434426705,0.19160281169191612,0.3287400472254254,0.9949294691616443,0.9949294691616443,0.9949294691616443,0.9949294691616443,0.9949294691616443,0.9949294691616443,0.9936262018214043,0.9936262018214043,0.9923337992684597,0.9910340177424488,0.9899038625589804,0.9836331543060313,0.9798658540575574,0.9696703473452786,0.9518291269499756,0.9315122576243886,0.880946143270314,0.7448695096627017,0.45315900397935877,0.9381887523883247,0.9090159659839605,0.9090159659839605,0.9090159659839605,0.9090159659839605,0.9090159659839605,0.9090159659839605,0.9097647656398442,0.9097647656398442,0.910371166626005,0.9109322460739767,0.9124747142233938,0.9146723035478803,0.915833823495289,0.9187436766506145,0.9226543283999177,0.926140932603095,0.9329943886810642,0.9458719081820265,0.9648463391731923,0.9183769028863109,0.5737311117205027,0.5737311117205027,0.5737311117205027,0.5737311117205027,0.5737311117205027,0.5737311117205027,0.5719250836206637,0.5719250836206637,0.5701332904902567,0.5692865425611751,0.568898868905739,0.5644769278210671,0.5636001097014494,0.5599806041840222,0.5485338401211632,0.5374339352800563,0.5112766382286379,0.42630059396735637,0.2205768947550179,0.5382492149252782,768.0,768.0,768.0,768.0,768.0,768.0,767.0,767.0,766.0,765.0,762.0,757.0,754.0,745.0,730.0,712.0,665.0,536.0,250.0,714.9473684210526,30.0,30.0,30.0,30.0,30.0,30.0,31.0,31.0,32.0,33.0,36.0,41.0,44.0,53.0,68.0,86.0,133.0,262.0,548.0,83.05263157894737,2.0,2.0,2.0,2.0,2.0,2.0,3.0,3.0,4.0,5.0,8.0,13.0,16.0,25.0,40.0,58.0,105.0,234.0,520.0,55.05263157894737,0.9335839598997494,0.9113459168799893,0.949874686716792,0.9573934837092731,0.9922077922077922,1.0,0.0,0.0,0.8487071184164309,0.9744897959183674,0.01929260450160772,0.9484787677289388,696.2682804963118,764,34,6,13,3,0,0,13.0,311,0.46811224489795916,0.4598997493734336,0.4766233766233766,367,431,403,770,798,15,3
tagging_003_tagging_aria02_rgb,0.5741370429864178,0.9361897880924163,0.5375012366094609,0.5741370429864178,0.5741370429864178,0.5741370429864178,0.5741370429864178,0.5741370429864178,0.5741370429864178,0.5741370429864178,0.5741370429864178,0.5741370429864178,0.5741370429864178,0.5736594913203453,0.5726350143463373,0.5720119369487994,0.570803912863201,0.5610178496706313,0.5554491448506564,0.5428793306261718,0.48442332932792387,0.2670057136778535,0.5495397975524262,0.9836309523809523,0.9836309523809523,0.9836309523809523,0.9836309523809523,0.9836309523809523,0.9836309523809523,0.9836309523809523,0.9836309523809523,0.9836309523809523,0.9836309523809523,0.9806835066864784,0.9777448071216617,0.9748148148148148,0.9689807976366323,0.945985401459854,0.9263005780346821,0.9015691868758916,0.7632275132275133,0.32901296111665007,0.926559425830721,0.3351189217168142,0.3351189217168142,0.3351189217168142,0.3351189217168142,0.3351189217168142,0.3351189217168142,0.3351189217168142,0.3351189217168142,0.3351189217168142,0.3351189217168142,0.33556719343004604,0.3353746880239147,0.3356510908936841,0.3362472277413717,0.33271235175865044,0.33307088415071023,0.32689445459241345,0.30746528123023487,0.2166846281516052,0.3268872114284617,0.9850968703427719,0.9850968703427719,0.9850968703427719,0.9850968703427719,0.9850968703427719,0.9850968703427719,0.9850968703427719,0.9850968703427719,0.9850968703427719,0.9850968703427719,0.9836065573770492,0.9821162444113264,0.9806259314456036,0.977645305514158,0.9657228017883756,0.9552906110283159,0.9418777943368107,0.8599105812220567,0.4918032786885246,0.9468193583810495,0.9984894259818731,0.9984894259818731,0.9984894259818731,0.9984894259818731,0.9984894259818731,0.9984894259818731,0.9984894259818731,0.9984894259818731,0.9984894259818731,0.9984894259818731,0.9969788519637462,0.9954682779456193,0.9939577039274925,0.9909365558912386,0.9788519637462235,0.9682779456193353,0.9546827794561934,0.8716012084592145,0.4984894259818731,0.9596915248847193,0.3351365649670204,0.3351365649670204,0.3351365649670204,0.3351365649670204,0.3351365649670204,0.3351365649670204,0.3351365649670204,0.3351365649670204,0.3351365649670204,0.3351365649670204,0.3355853157639991,0.3354572206437624,0.3357416907935721,0.33635232233423984,0.33400994989117594,0.3348808528247982,0.3305692754066827,0.317691628875517,0.24693579774457516,0.329399458102554,0.9985453275922263,0.9985453275922263,0.9985453275922263,0.9985453275922263,0.9985453275922263,0.9985453275922263,0.9985453275922263,0.9985453275922263,0.9985453275922263,0.9985453275922263,0.9973310023310022,0.9958569219096532,0.9943999484557995,0.9915815605888015,0.980315789348633,0.971823932437478,0.9589554409941685,0.8877680950641276,0.5733521792494106,0.9650967445421755,0.9361897880924163,0.9361897880924163,0.9361897880924163,0.9361897880924163,0.9361897880924163,0.9361897880924163,0.9361897880924163,0.9361897880924163,0.9361897880924163,0.9361897880924163,0.9367861962939921,0.9373445535078068,0.937821814168847,0.9385923132544846,0.9410829486755664,0.9429639889085112,0.9447265787035597,0.9511176040592603,0.9657925825690518,0.9399013926876442,0.5745647056475693,0.5745647056475693,0.5745647056475693,0.5745647056475693,0.5745647056475693,0.5745647056475693,0.5745647056475693,0.5745647056475693,0.5745647056475693,0.5745647056475693,0.5745137873875664,0.5739136947944937,0.5737143571921065,0.5733502626610562,0.5668402813226698,0.5640740097151024,0.5548825352022148,0.514191256915454,0.3264448047777192,0.556188002444425,661.0,661.0,661.0,661.0,661.0,661.0,661.0,661.0,661.0,661.0,660.0,659.0,658.0,656.0,648.0,641.0,632.0,577.0,330.0,635.3157894736842,10.0,10.0,10.0,10.0,10.0,10.0,10.0,10.0,10.0,10.0,11.0,12.0,13.0,15.0,23.0,30.0,39.0,94.0,341.0,35.68421052631579,1.0,1.0,1.0,1.0,1.0,1.0,1.0,1.0,1.0,1.0,2.0,3.0,4.0,6.0,14.0,21.0,30.0,85.0,332.0,26.68421052631579,0.9582712369597616,0.9361897880924163,0.9836065573770492,0.9850968703427719,0.9984894259818731,1.0,0.0,0.0,0.8954119969136918,0.991747936984246,0.003215434083601286,0.9817728033958595,618.8214499290872,661,10,1,17,3,0,0,16.0,311,0.46661665416354087,0.46348733233979134,0.4697885196374622,311,360,351,662,671,20,3
tagging_003_tagging_aria03_rgb,0.6856576503300991,0.8909317698903865,0.6108741839474789,0.6856576503300991,0.6856576503300991,0.6856576503300991,0.6856576503300991,0.6856576503300991,0.6856576503300991,0.6847405395830669,0.6795276130244962,0.6768409093532572,0.6742246437897875,0.6707331427995741,0.6679844575668392,0.6652653149754603,0.659187780880016,0.6479865666790867,0.6055068961639256,0.5190253498835689,0.3719009120878602,0.1211501892265768,0.618843169368111,0.979539641943734,0.979539641943734,0.979539641943734,0.979539641943734,0.979539641943734,0.979539641943734,0.9770114942528736,0.9669631512071156,0.959493670886076,0.9520807061790668,0.9422835633626098,0.935,0.9277708592777086,0.9111111111111111,0.8786407766990292,0.7895953757225433,0.6485623003194888,0.43333333333333335,0.12255257432922408,0.8590335141232938,0.47994628632211817,0.47994628632211817,0.47994628632211817,0.47994628632211817,0.47994628632211817,0.47994628632211817,0.4799018325849452,0.47753399525755524,0.47745350540049325,0.4774583366128721,0.47743902827334983,0.47722271181910625,0.4770336714972441,0.4769215578236194,0.477881976038063,0.46433732082912355,0.41536073510448884,0.31917758864257456,0.1197638517996874,0.447219148927149,0.9871134020618557,0.9871134020618557,0.9871134020618557,0.9871134020618557,0.9871134020618557,0.9871134020618557,0.9858247422680413,0.9806701030927835,0.9768041237113402,0.9729381443298969,0.9677835051546392,0.9639175257731959,0.9600515463917526,0.9510309278350515,0.9329896907216495,0.8801546391752577,0.7847938144329897,0.6030927835051546,0.21778350515463918,0.9000271296798699,0.9922279792746114,0.9922279792746114,0.9922279792746114,0.9922279792746114,0.9922279792746114,0.9922279792746114,0.9909326424870466,0.9857512953367875,0.9818652849740933,0.977979274611399,0.9727979274611399,0.9689119170984456,0.9650259067357513,0.9559585492227979,0.9378238341968912,0.8847150259067358,0.788860103626943,0.6062176165803109,0.2189119170984456,0.9046904826833921,0.5172563721135676,0.5172563721135676,0.5172563721135676,0.5172563721135676,0.5172563721135676,0.5172563721135676,0.5173287550730993,0.516259372337505,0.5165100764567578,0.5168221676939483,0.5164699041862963,0.5167217610501177,0.5161480520673177,0.5168475045290052,0.5171815107338743,0.5057507667726204,0.4726778478362652,0.40329732654215894,0.19056291183790125,0.4908482205156986,0.8639169303702278,0.8639169303702278,0.8639169303702278,0.8639169303702278,0.8639169303702278,0.8639169303702278,0.8624569927226474,0.8567180625317626,0.8526226847456739,0.8487458343408353,0.8466487830712304,0.8425998725824,0.8413977417380685,0.8323603500088068,0.8249710706742163,0.7944550758563641,0.7358496417574526,0.5969654266818492,0.24572356842766704,0.7981587730189653,0.8909317698903865,0.8909317698903865,0.8909317698903865,0.8909317698903865,0.8909317698903865,0.8909317698903865,0.8916490684310758,0.8943827254562852,0.8962238276566974,0.8978782980220581,0.899829376085415,0.9011181956950364,0.9022467793869703,0.9044278382296626,0.9078823599049265,0.9154898969772444,0.9259872724823933,0.9406352652166927,0.9627090940659387,0.9045289798396167,0.6883032845326104,0.6883032845326104,0.6883032845326104,0.6883032845326104,0.6883032845326104,0.6883032845326104,0.6878219976287573,0.6843269046000862,0.6829191408619592,0.6815698262239659,0.6797482006449207,0.6782354573593509,0.6767399160695817,0.6734739428081349,0.6677267083359801,0.6392876090383445,0.5709400455987848,0.4387410402126903,0.16150105707318657,0.6343606080869161,766.0,766.0,766.0,766.0,766.0,766.0,765.0,761.0,758.0,755.0,751.0,748.0,745.0,738.0,724.0,683.0,609.0,468.0,169.0,698.421052631579,10.0,10.0,10.0,10.0,10.0,10.0,11.0,15.0,18.0,21.0,25.0,28.0,31.0,38.0,52.0,93.0,167.0,308.0,607.0,77.57894736842105,6.0,6.0,6.0,6.0,6.0,6.0,7.0,11.0,14.0,17.0,21.0,24.0,27.0,34.0,48.0,89.0,163.0,304.0,603.0,73.57894736842105,0.9420103092783505,0.8978782980220581,0.9510309278350515,0.9729381443298969,0.977979274611399,1.0,0.0,0.0,0.8426522100601209,0.975452196382429,0.05466237942122187,0.9499418839690538,677.8981150066538,755,21,17,7,3,0,0,10.0,311,0.5801033591731266,0.5786082474226805,0.5816062176165803,449,327,323,772,776,10,3
tagging_003_tagging_aria04_rgb,0.5791006623206035,0.9091104177991841,0.5264664450700681,0.5791006623206035,0.5791006623206035,0.5791006623206035,0.5780877312417988,0.5780877312417988,0.5780877312417988,0.5771026999846508,0.5754015551838788,0.5754015551838788,0.574525693685228,0.5735993727211228,0.5727469516164233,0.5665444428058424,0.5544126239347292,0.5376528415920004,0.5267620691378269,0.4948014804792651,0.39243752648217045,0.1691700924606608,0.5348486361028887,0.951417004048583,0.951417004048583,0.951417004048583,0.9474747474747475,0.9474747474747475,0.9474747474747475,0.9435483870967742,0.9357429718875502,0.9357429718875502,0.9318637274549099,0.928,0.9241516966067864,0.9089108910891089,0.8791423001949318,0.8361904761904762,0.8086303939962477,0.7495462794918331,0.5598705501618123,0.21717171717171718,0.8555361904105099,0.3524822193350635,0.3524822193350635,0.3524822193350635,0.352711695908494,0.352711695908494,0.352711695908494,0.35297344670826636,0.3538225342373328,0.3538225342373328,0.354214637805466,0.35454336248498447,0.3549623636361527,0.3531397949138607,0.3496286750279651,0.34569943846873624,0.3431459904828315,0.3266356084783157,0.27507646570610556,0.13177830223868392,0.33500131053456345,0.9710743801652892,0.9710743801652892,0.9710743801652892,0.96900826446281,0.96900826446281,0.96900826446281,0.9669421487603306,0.9628099173553719,0.9628099173553719,0.9607438016528925,0.9586776859504132,0.9566115702479339,0.9483471074380165,0.9318181818181818,0.9070247933884298,0.890495867768595,0.8533057851239669,0.7148760330578512,0.35537190082644626,0.9047411918225317,0.9791666666666666,0.9791666666666666,0.9791666666666666,0.9770833333333333,0.9770833333333333,0.9770833333333333,0.975,0.9708333333333333,0.9708333333333333,0.96875,0.9666666666666667,0.9645833333333333,0.95625,0.9395833333333333,0.9145833333333333,0.8979166666666667,0.8604166666666667,0.7208333333333333,0.35833333333333334,0.9122807017543861,0.35349612474304853,0.35349612474304853,0.35349612474304853,0.35373335310104065,0.35373335310104065,0.35373335310104065,0.3539981387602389,0.35485100844116013,0.35485100844116013,0.3552590872988344,0.3555829884695228,0.35601478676565895,0.3549244400231227,0.35268172875968146,0.3504250128985479,0.34884929093648726,0.33600839915159,0.2971059027940201,0.16031141646280822,0.33960798119658425,0.982967986248873,0.982967986248873,0.982967986248873,0.9819840279158334,0.9819840279158334,0.9819840279158334,0.9811541425687085,0.9790068149338896,0.9790068149338896,0.9769306049779529,0.9764019592511334,0.9745511355490121,0.9671662243383743,0.9512328882861912,0.9345709539711817,0.9203898112520438,0.8848159905126091,0.765842903898068,0.45001491493084933,0.9282074316788433,0.9091104177991841,0.9091104177991841,0.9091104177991841,0.9107045113714896,0.9107045113714896,0.9107045113714896,0.9120042014297581,0.9143108222440723,0.9143108222440723,0.9152118247585596,0.9160666485682524,0.9168456560946439,0.919334684030216,0.9235860545279869,0.9290952638443923,0.9319485885087588,0.936477092729117,0.9478934910644465,0.9668624565587027,0.9212311786376314,0.5850525212834163,0.5850525212834163,0.5850525212834163,0.5846200033423627,0.5846200033423627,0.5846200033423627,0.5842130630304591,0.5836641542424159,0.5836641542424159,0.5833605383691339,0.583003267843486,0.5827187177849174,0.5787046768670651,0.570780479936077,0.5599624645916917,0.5527839420300875,0.52793944192685,0.4434473729672494,0.2164031093913464,0.5505085766895018,470.0,470.0,470.0,469.0,469.0,469.0,468.0,466.0,466.0,465.0,464.0,463.0,459.0,451.0,439.0,431.0,413.0,346.0,172.0,437.89473684210526,14.0,14.0,14.0,15.0,15.0,15.0,16.0,18.0,18.0,19.0,20.0,21.0,25.0,33.0,45.0,53.0,71.0,138.0,312.0,46.10526315789474,10.0,10.0,10.0,11.0,11.0,11.0,12.0,14.0,14.0,15.0,16.0,17.0,21.0,29.0,41.0,49.0,67.0,134.0,308.0,42.10526315789474,0.9090909090909091,0.9152118247585596,0.9297520661157025,0.9607438016528925,0.96875,1.0,0.0,0.0,0.8276311952742359,0.9647302904564315,0.04823151125401929,0.9276859504132231,425.57349851273017,465,19,15,10,3,0,0,13.0,311,0.49377593360995853,0.49173553719008267,0.49583333333333335,238,246,242,480,484,13,3
tagging_004_tagging_aria01_rgb,0.7960697666884858,0.9076077573797361,0.7225190956619464,0.7960697666884858,0.7960697666884858,0.7960697666884858,0.7960697666884858,0.7960697666884858,0.7960697666884858,0.7960697666884858,0.7960697666884858,0.7932439145785055,0.7932439145785055,0.7932439145785055,0.7879930023032843,0.7837063791196485,0.7715848521437405,0.7581005061917985,0.7235372101322834,0.6755317834067467,0.46260822385793426,0.18699297020863953,0.7314918318214463,0.9785932721712538,0.9785932721712538,0.9785932721712538,0.9785932721712538,0.9785932721712538,0.9785932721712538,0.9785932721712538,0.9785932721712538,0.9725609756097561,0.9725609756097561,0.9725609756097561,0.9606060606060606,0.9487951807228916,0.9313432835820895,0.9029411764705882,0.8485714285714285,0.7774725274725275,0.48394495412844035,0.16787003610108303,0.8825249343081266,0.6475898531668609,0.6475898531668609,0.6475898531668609,0.6475898531668609,0.6475898531668609,0.6475898531668609,0.6475898531668609,0.6475898531668609,0.646988645232579,0.646988645232579,0.646988645232579,0.6463970998550519,0.6473427575853322,0.639230662369622,0.6364937079674553,0.6169263739262721,0.5869573190916704,0.44221221226783314,0.20829429551319176,0.6076599573478448,0.9907120743034056,0.9907120743034056,0.9907120743034056,0.9907120743034056,0.9907120743034056,0.9907120743034056,0.9907120743034056,0.9907120743034056,0.9876160990712074,0.9876160990712074,0.9876160990712074,0.9814241486068112,0.9752321981424149,0.9659442724458205,0.9504643962848297,0.9195046439628483,0.8761609907120743,0.653250773993808,0.28792569659442724,0.9209711585465211,0.9876543209876543,0.9876543209876543,0.9876543209876543,0.9876543209876543,0.9876543209876543,0.9876543209876543,0.9876543209876543,0.9876543209876543,0.9845679012345679,0.9845679012345679,0.9845679012345679,0.9783950617283951,0.9722222222222222,0.9629629629629629,0.9475308641975309,0.9166666666666666,0.8734567901234568,0.6512345679012346,0.28703703703703703,0.9181286549707603,0.6484957648356054,0.6484957648356054,0.6484957648356054,0.6484957648356054,0.6484957648356054,0.6484957648356054,0.6484957648356054,0.6484957648356054,0.6482856661630547,0.6482856661630547,0.6482856661630547,0.6482422166511932,0.6494895686154707,0.6450958088775214,0.6448291685977916,0.6340644432577469,0.6180002171376653,0.5213947181276268,0.3143755089527583,0.6214902509153569,0.9884993224932248,0.9884993224932248,0.9884993224932248,0.9884993224932248,0.9884993224932248,0.9884993224932248,0.9884993224932248,0.9884993224932248,0.9854031119800674,0.9854031119800674,0.9854031119800674,0.9799251597743557,0.9744295346865033,0.96552727133208,0.951926618806047,0.9232964089595818,0.8816615522750005,0.6893080403131789,0.3706582490378356,0.9263650921616097,0.9076077573797361,0.9076077573797361,0.9076077573797361,0.9076077573797361,0.9076077573797361,0.9076077573797361,0.9076077573797361,0.9076077573797361,0.909116431353021,0.909116431353021,0.909116431353021,0.9111617823630462,0.91300438940215,0.9152471824281145,0.9184907202805858,0.9234313972978876,0.9282388910109676,0.9445822319031636,0.9652157615711834,0.9161886162817922,0.8009838242616255,0.8009838242616255,0.8009838242616255,0.8009838242616255,0.8009838242616255,0.8009838242616255,0.8009838242616255,0.8009838242616255,0.7993599952136491,0.7993599952136491,0.7993599952136491,0.7964858588745667,0.7945498728409162,0.7857869921853405,0.7777947080575826,0.7531710734012346,0.7171255860733606,0.5374713666173074,0.2448944265030979,0.748064761278282,320.0,320.0,320.0,320.0,320.0,320.0,320.0,320.0,319.0,319.0,319.0,317.0,315.0,312.0,307.0,297.0,283.0,211.0,93.0,297.4736842105263,3.0,3.0,3.0,3.0,3.0,3.0,3.0,3.0,4.0,4.0,4.0,6.0,8.0,11.0,16.0,26.0,40.0,112.0,230.0,25.526315789473685,4.0,4.0,4.0,4.0,4.0,4.0,4.0,4.0,5.0,5.0,5.0,7.0,9.0,12.0,17.0,27.0,41.0,113.0,231.0,26.526315789473685,0.9535603715170279,0.909116431353021,0.9721362229102167,0.9876160990712074,0.9845679012345679,1.0,0.0,0.0,0.8638022959802282,0.9860896445131375,0.04132231404958678,0.969727085912125,290.0081416016137,319,4,5,6,3,0,0,8.0,121,0.6955177743431221,0.6965944272445821,0.6944444444444444,225,98,99,324,323,9,3
tagging_004_tagging_aria02_rgb,0.6496238923726826,0.9343944116277347,0.6070049346928916,0.6496238923726826,0.6496238923726826,0.6496238923726826,0.6496238923726826,0.6496238923726826,0.6496238923726826,0.6496238923726826,0.6496238923726826,0.6496238923726826,0.6474956357818823,0.6474956357818823,0.6474956357818823,0.6403400741567634,0.6364264162554731,0.6326587519031193,0.6185823627136698,0.6105912086604892,0.5162618702971804,0.3019650646709818,0.6182067203872351,0.9874476987447699,0.9874476987447699,0.9874476987447699,0.9874476987447699,0.9874476987447699,0.9874476987447699,0.9874476987447699,0.9874476987447699,0.9874476987447699,0.9791666666666666,0.9791666666666666,0.9791666666666666,0.970954356846473,0.9628099173553719,0.9547325102880658,0.9230769230769231,0.8924302788844621,0.7148014440433214,0.3494318181818182,0.9259350809147032,0.42737575071357153,0.42737575071357153,0.42737575071357153,0.42737575071357153,0.42737575071357153,0.42737575071357153,0.42737575071357153,0.42737575071357153,0.42737575071357153,0.4281708238535326,0.4281708238535326,0.4281708238535326,0.42230142712663465,0.42068385047417983,0.41923480351459425,0.4145311510821283,0.4177599448547445,0.37286762770807935,0.26094618617216314,0.413643116785014,0.9957805907172996,0.9957805907172996,0.9957805907172996,0.9957805907172996,0.9957805907172996,0.9957805907172996,0.9957805907172996,0.9957805907172996,0.9957805907172996,0.9915611814345991,0.9915611814345991,0.9915611814345991,0.9873417721518988,0.9831223628691983,0.9789029535864979,0.9620253164556962,0.9451476793248945,0.8354430379746836,0.5189873417721519,0.9551410170997116,0.9915966386554622,0.9915966386554622,0.9915966386554622,0.9915966386554622,0.9915966386554622,0.9915966386554622,0.9915966386554622,0.9915966386554622,0.9915966386554622,0.9873949579831933,0.9873949579831933,0.9873949579831933,0.9831932773109243,0.9789915966386554,0.9747899159663865,0.957983193277311,0.9411764705882353,0.8319327731092437,0.5168067226890757,0.9511278195488723,0.42939933473544795,0.42939933473544795,0.42939933473544795,0.42939933473544795,0.42939933473544795,0.42939933473544795,0.42939933473544795,0.42939933473544795,0.42939933473544795,0.43025245674431967,0.43025245674431967,0.43025245674431967,0.42620733222526586,0.42508913627794165,0.4240651644411671,0.4208753892043248,0.4246138738365959,0.3918472723205721,0.3052877386075189,0.419649331040283,0.9930243283754179,0.9930243283754179,0.9930243283754179,0.9930243283754179,0.9930243283754179,0.9930243283754179,0.9930243283754179,0.9930243283754179,0.9930243283754179,0.9891648574323345,0.9891648574323345,0.9891648574323345,0.9851066922495492,0.9808989216524258,0.9769521423313677,0.9605739512986077,0.9554694045105726,0.8622644174545361,0.6121470962259586,0.9599013764946727,0.9343944116277347,0.9343944116277347,0.9343944116277347,0.9343944116277347,0.9343944116277347,0.9343944116277347,0.9343944116277347,0.9343944116277347,0.9343944116277347,0.9363363519696158,0.9363363519696158,0.9363363519696158,0.9377463939226411,0.9389041074298567,0.9398784129291544,0.9428307275278015,0.944917959443165,0.952989604449406,0.966412669596705,0.9390651913609047,0.6523591629645511,0.6523591629645511,0.6523591629645511,0.6523591629645511,0.6523591629645511,0.6523591629645511,0.6523591629645511,0.6523591629645511,0.6523591629645511,0.6515808222745928,0.6515808222745928,0.6515808222745928,0.6457211777861149,0.6431047357150219,0.6406170364630427,0.6314977923956097,0.6283668056114659,0.5581305077263302,0.36800511885987675,0.6284956898980105,236.0,236.0,236.0,236.0,236.0,236.0,236.0,236.0,236.0,235.0,235.0,235.0,234.0,233.0,232.0,228.0,224.0,198.0,123.0,226.3684210526316,1.0,1.0,1.0,1.0,1.0,1.0,1.0,1.0,1.0,2.0,2.0,2.0,3.0,4.0,5.0,9.0,13.0,39.0,114.0,10.631578947368421,2.0,2.0,2.0,2.0,2.0,2.0,2.0,2.0,2.0,3.0,3.0,3.0,4.0,5.0,6.0,10.0,14.0,40.0,115.0,11.631578947368421,0.9535864978902954,0.9363363519696158,0.9789029535864979,0.9915611814345991,0.9873949579831933,1.0,0.0,0.0,0.8904600958348512,0.9894736842105263,0.024793388429752067,0.9756196149772842,220.03904271285973,235,2,3,6,3,0,0,5.0,121,0.5221052631578947,0.5232067510548524,0.5210084033613446,124,113,114,238,237,9,3
tagging_004_tagging_aria03_rgb,0.6796931957272894,0.8718710748784033,0.5926048371462888,0.6796931957272894,0.6796931957272894,0.6796931957272894,0.6796931957272894,0.6796931957272894,0.6796931957272894,0.6796931957272894,0.6796931957272894,0.6796931957272894,0.6796931957272894,0.6796931957272894,0.6772841638890985,0.6735759147499237,0.6570753077962518,0.6004163684787586,0.5170922627420108,0.3729123073008749,0.19087297019203917,0.04355375180939681,0.5899688526293967,0.9653846153846154,0.9653846153846154,0.9653846153846154,0.9653846153846154,0.9653846153846154,0.9653846153846154,0.9653846153846154,0.9653846153846154,0.9653846153846154,0.9653846153846154,0.9653846153846154,0.9578544061302682,0.950381679389313,0.9210526315789473,0.825,0.7090301003344481,0.5073746312684366,0.2679900744416873,0.051440329218107,0.8320712958732619,0.4785479620823649,0.4785479620823649,0.4785479620823649,0.4785479620823649,0.4785479620823649,0.4785479620823649,0.4785479620823649,0.4785479620823649,0.4785479620823649,0.4785479620823649,0.4785479620823649,0.4788972475557733,0.4773918971404557,0.46875492812544245,0.4369694733784489,0.377112915321265,0.2740846316829108,0.1359471645576132,0.03687630552735298,0.4184243234839619,0.9653846153846154,0.9653846153846154,0.9653846153846154,0.9653846153846154,0.9653846153846154,0.9653846153846154,0.9653846153846154,0.9653846153846154,0.9653846153846154,0.9653846153846154,0.9653846153846154,0.9615384615384616,0.9576923076923077,0.9423076923076923,0.8884615384615384,0.8153846153846154,0.6615384615384615,0.4153846153846154,0.09615384615384616,0.8609311740890688,1.0,1.0,1.0,1.0,1.0,1.0,1.0,1.0,1.0,1.0,1.0,0.9960159362549801,0.9920318725099602,0.9760956175298805,0.9203187250996016,0.8446215139442231,0.6852589641434262,0.4302788844621514,0.099601593625498,0.89180121618788,0.4796779738473666,0.4796779738473666,0.4796779738473666,0.4796779738473666,0.4796779738473666,0.4796779738473666,0.4796779738473666,0.4796779738473666,0.4796779738473666,0.4796779738473666,0.4796779738473666,0.48015338677368385,0.47916438393205363,0.4737902499322193,0.4526276449258871,0.41021989077173004,0.32396029083080313,0.17329313679134692,0.04511792026262896,0.4270939271863887,0.9659141212926075,0.9659141212926075,0.9659141212926075,0.9659141212926075,0.9659141212926075,0.9659141212926075,0.9659141212926075,0.9659141212926075,0.9659141212926075,0.9659141212926075,0.9659141212926075,0.962,0.9579343013077952,0.9420947667575131,0.8890979555224913,0.8109457330295994,0.6650394621546573,0.45050887665843725,0.2670070017866628,0.8720886016545177,0.8718710748784033,0.8718710748784033,0.8718710748784033,0.8718710748784033,0.8718710748784033,0.8718710748784033,0.8718710748784033,0.8718710748784033,0.8718710748784033,0.8718710748784033,0.8718710748784033,0.8730544414736668,0.8739690677935623,0.877171793025229,0.8863732930744717,0.8959219375007257,0.9116376772734079,0.9322727445414493,0.9645555256655005,0.88450201600055,0.6796931957272894,0.6796931957272894,0.6796931957272894,0.6796931957272894,0.6796931957272894,0.6796931957272894,0.6796931957272894,0.6796931957272894,0.6796931957272894,0.6796931957272894,0.6796931957272894,0.6785853834631144,0.6761616283449186,0.6646137032741228,0.6230815119858275,0.5545196745074071,0.4258139565289619,0.2376349314860784,0.0595466087061163,0.5998201342787752,251.0,251.0,251.0,251.0,251.0,251.0,251.0,251.0,251.0,251.0,251.0,250.0,249.0,245.0,231.0,212.0,172.0,108.0,25.0,223.8421052631579,9.0,9.0,9.0,9.0,9.0,9.0,9.0,9.0,9.0,9.0,9.0,10.0,11.0,15.0,29.0,48.0,88.0,152.0,235.0,36.1578947368421,0.0,0.0,0.0,0.0,0.0,0.0,0.0,0.0,0.0,0.0,0.0,1.0,2.0,6.0,20.0,39.0,79.0,143.0,226.0,27.157894736842106,0.9346153846153846,0.8718710748784033,0.9653846153846154,0.9653846153846154,1.0,1.0,0.0,0.0,0.8109216915172278,0.9823874755381604,0.0,0.9619111923577233,218.83963979447924,251,9,0,8,3,0,0,8.0,121,0.6183953033268101,0.6076923076923076,0.6294820717131474,158,102,93,251,260,10,3
tagging_004_tagging_aria04_rgb,0.776750032252185,0.8792687244702265,0.682972010090586,0.776750032252185,0.776750032252185,0.7736145564521688,0.7664064386341479,0.7625065660037271,0.7625065660037271,0.7625065660037271,0.7588634077744552,0.7588634077744552,0.7588634077744552,0.7571457666331413,0.7519798741479327,0.7415108017563361,0.7329178784124498,0.7140219401733185,0.6962332573092251,0.638765051347276,0.43669259277921363,0.14262456802048953,0.6983959321844534,0.9066666666666666,0.9066666666666666,0.8982300884955752,0.881578947368421,0.8733624454148472,0.8733624454148472,0.8733624454148472,0.8652173913043478,0.8652173913043478,0.8652173913043478,0.8571428571428571,0.8412017167381974,0.825531914893617,0.8177966101694916,0.7727272727272727,0.7368421052631579,0.625,0.39285714285714285,0.12303664921465969,0.779000955176911,0.665449205077688,0.665449205077688,0.6662875020776305,0.6662804629503093,0.6657216213626217,0.6657216213626217,0.6657216213626217,0.6655826355858471,0.6655826355858471,0.6655826355858471,0.6688146639189018,0.6722213232233928,0.6660412022861404,0.6568486709492184,0.6597765460632435,0.6578624445060616,0.6528332653163011,0.48541925240640904,0.1653309605948497,0.6285540776470127,0.918918918918919,0.918918918918919,0.9144144144144144,0.9054054054054054,0.9009009009009009,0.9009009009009009,0.9009009009009009,0.8963963963963963,0.8963963963963963,0.8963963963963963,0.8918918918918919,0.8828828828828829,0.8738738738738738,0.8693693693693694,0.8423423423423423,0.8198198198198198,0.7432432432432432,0.545045045045045,0.21171171171171171,0.8278805120910384,0.9855072463768116,0.9855072463768116,0.9806763285024155,0.9710144927536232,0.966183574879227,0.966183574879227,0.966183574879227,0.961352657004831,0.961352657004831,0.961352657004831,0.9565217391304348,0.9468599033816425,0.9371980676328503,0.9323671497584541,0.9033816425120773,0.8792270531400966,0.7971014492753623,0.5845410628019324,0.22705314009661837,0.8878718535469108,0.66579105234291,0.66579105234291,0.6668410990098832,0.6676297234231249,0.667506333578702,0.667506333578702,0.667506333578702,0.6676394023855013,0.6676394023855013,0.6676394023855013,0.6708818184296653,0.6744556352169135,0.6721974218583009,0.6666718314863938,0.673087338123927,0.6751967499437135,0.6838489607149894,0.5846734061936324,0.25951084190165935,0.6437902178358229,0.9887752202330208,0.9887752202330208,0.9844363532519455,0.97574446607542,0.9716231884057972,0.9716231884057972,0.9716231884057972,0.9681305076105164,0.9681305076105164,0.9681305076105164,0.9679695505782463,0.9615424430641822,0.9586347389350528,0.9534383465899573,0.9327208242169879,0.9210240382063124,0.8791747463486593,0.7174806747929278,0.31351154755410077,0.9138152241120409,0.8792687244702265,0.8792687244702265,0.8830350798380306,0.8899844920471986,0.8931925259493311,0.8931925259493311,0.8931925259493311,0.8958924574596316,0.8958924574596316,0.8958924574596316,0.8977667609368961,0.9009164906370155,0.9037973392346,0.9050214737647402,0.9107302067093035,0.9146721391753886,0.9240753647663675,0.9408365323628314,0.9670343578403301,0.9033506650778969,0.781980731300614,0.781980731300614,0.7805529424990719,0.7766942337054048,0.7744347670622712,0.7744347670622712,0.7744347670622712,0.7724156109525293,0.7724156109525293,0.7724156109525293,0.7723408418099286,0.770384773851882,0.7629128427293657,0.7556746090972162,0.7454915970240396,0.7343899990612519,0.6965729778068945,0.5143688932017403,0.1870895525316077,0.7211045189454754,204.0,204.0,203.0,201.0,200.0,200.0,200.0,199.0,199.0,199.0,198.0,196.0,194.0,193.0,187.0,182.0,165.0,121.0,47.0,183.78947368421052,18.0,18.0,19.0,21.0,22.0,22.0,22.0,23.0,23.0,23.0,24.0,26.0,28.0,29.0,35.0,40.0,57.0,101.0,175.0,38.21052631578947,3.0,3.0,4.0,6.0,7.0,7.0,7.0,8.0,8.0,8.0,9.0,11.0,13.0,14.0,20.0,25.0,42.0,86.0,160.0,23.210526315789473,0.8288288288288288,0.8958924574596316,0.8603603603603603,0.8963963963963963,0.961352657004831,0.6666666666666666,0.3333333333333333,0.0,0.7355072028579581,0.9277389277389277,0.06611570247933884,0.8565536124323683,178.2825990344667,199,23,8,7,2,1,0,9.0,121,0.7552447552447552,0.7297297297297297,0.782608695652174,162,60,45,207,222,10,3
tagging_005_tagging_aria01_rgb,0.399222401434924,0.9093126152473091,0.36301796591410185,0.399222401434924,0.39862600463154085,0.39862600463154085,0.39862600463154085,0.39862600463154085,0.39862600463154085,0.3983282569527764,0.3977407326566716,0.3963758170961824,0.3952293535280038,0.3942210645124043,0.3922304717951802,0.3891544619763766,0.38402379022317,0.37269136176616113,0.3557473478793952,0.3320879001389963,0.26484685625699544,0.10938508050571256,0.3670744694674029,0.9716981132075472,0.9698397737983034,0.9698397737983034,0.9698397737983034,0.9698397737983034,0.9698397737983034,0.967984934086629,0.9661335841956726,0.9624413145539906,0.9569288389513109,0.9532710280373832,0.9459962756052142,0.9351851851851852,0.9191919191919192,0.8828828828828829,0.8253275109170306,0.746031746031746,0.5585384041759881,0.19020501138952164,0.8753166114422917,0.1640206187921511,0.16384427186995534,0.16384427186995534,0.16384427186995534,0.16384427186995534,0.16384427186995534,0.16391308862337878,0.1637430817043473,0.16324505816905324,0.1632370512120303,0.16302839710261152,0.16262721849115672,0.16193711970120095,0.16043904257450067,0.1573242089387534,0.15334055129533422,0.1478253090506354,0.12558466301470686,0.06290631224609454,0.1543364779087227,0.9809523809523809,0.98,0.98,0.98,0.98,0.98,0.979047619047619,0.9780952380952381,0.9761904761904762,0.9733333333333334,0.9714285714285714,0.9676190476190476,0.9619047619047619,0.9533333333333334,0.9333333333333333,0.9,0.8504761904761905,0.7133333333333334,0.3180952380952381,0.9135338345864662,0.9903846153846154,0.989423076923077,0.989423076923077,0.989423076923077,0.989423076923077,0.989423076923077,0.9884615384615385,0.9875,0.9855769230769231,0.9826923076923076,0.9807692307692307,0.9769230769230769,0.9711538461538461,0.9625,0.9423076923076923,0.9086538461538461,0.8586538461538461,0.7201923076923077,0.3211538461538462,0.9223178137651821,0.16815467653301394,0.16800680692808975,0.16800680692808975,0.16800680692808975,0.16800680692808975,0.16800680692808975,0.1680815744121313,0.1679384170681639,0.16751143622637527,0.16751100385671083,0.16735329927425516,0.16700144814994713,0.1663457551112254,0.16504695250636808,0.16203156059501722,0.1582305982157173,0.15307328100231235,0.13265778433293454,0.0704981676257874,0.15902473629212677,0.8928667160090349,0.8918064592046298,0.8918064592046298,0.8918064592046298,0.8918064592046298,0.8918064592046298,0.8907824922929178,0.8897495512890884,0.8878146935036177,0.8861439726959761,0.8842464810065572,0.8814182186578264,0.8778993563750409,0.870397412582357,0.858493855787696,0.8395469910574865,0.8108564414037082,0.7090649991628082,0.38610569693684443,0.843390482883374,0.9093126152473091,0.9101289716200139,0.9101289716200139,0.9101289716200139,0.9101289716200139,0.9101289716200139,0.9106772481735207,0.9111997244652505,0.9121240828135709,0.9133855891523872,0.9141516985892304,0.915509280883357,0.9172099570739223,0.9194093676750839,0.9235045089669194,0.9287626140138301,0.9348658053561567,0.9455941126215351,0.9654666445080797,0.9195693740863277,0.40111895558480337,0.4007086053886992,0.4007086053886992,0.4007086053886992,0.4007086053886992,0.4007086053886992,0.40059795200108095,0.400195362899249,0.39919703289201697,0.3986026381996355,0.39795784060586087,0.3966877793345137,0.3946746591431056,0.39109063815739353,0.38319176445069447,0.37149225586248874,0.35457284963368235,0.29930540637252817,0.14145740833061674,0.37545713528479824,1030.0,1029.0,1029.0,1029.0,1029.0,1029.0,1028.0,1027.0,1025.0,1022.0,1020.0,1016.0,1010.0,1001.0,980.0,945.0,893.0,749.0,334.0,959.2105263157895,20.0,21.0,21.0,21.0,21.0,21.0,22.0,23.0,25.0,28.0,30.0,34.0,40.0,49.0,70.0,105.0,157.0,301.0,716.0,90.78947368421052,10.0,11.0,11.0,11.0,11.0,11.0,12.0,13.0,15.0,18.0,20.0,24.0,30.0,39.0,60.0,95.0,147.0,291.0,706.0,80.78947368421052,0.9352380952380952,0.9133855891523872,0.9561904761904761,0.9733333333333334,0.9826923076923076,1.0,0.0,0.0,0.8509334020130855,0.9779904306220095,0.04081632653061224,0.9549119783992169,933.4800721137398,1022,28,18,22,3,0,0,23.0,441,0.24688995215311005,0.24571428571428572,0.24807692307692308,258,792,782,1040,1050,23,3
tagging_005_tagging_aria02_rgb,0.6708161402092512,0.9200514455737017,0.6171853595136925,0.6708161402092512,0.6708161402092512,0.6708161402092512,0.6708161402092512,0.6708161402092512,0.6708161402092512,0.6708161402092512,0.6708161402092512,0.6685147472654389,0.6654629058597137,0.6639068602083418,0.6634250135333212,0.6601947774677172,0.6550705366693493,0.6480243556508049,0.6263821399742343,0.5915598914164852,0.508280157011082,0.21269495561993526,0.6278971295973913,0.9904534606205251,0.9904534606205251,0.9904534606205251,0.9904534606205251,0.9904534606205251,0.9904534606205251,0.9904534606205251,0.9904534606205251,0.9857142857142858,0.9786476868327402,0.9739644970414201,0.9716312056737588,0.9646643109540636,0.9508771929824561,0.93279258400927,0.8868778280542986,0.8012958963282938,0.622568093385214,0.2383073496659243,0.9068930850318909,0.45433158836490267,0.45433158836490267,0.45433158836490267,0.45433158836490267,0.45433158836490267,0.45433158836490267,0.45433158836490267,0.45433158836490267,0.45338895234487187,0.4525028618914415,0.45255481115648294,0.45298333978115274,0.4518226073529984,0.4512858349944531,0.45019179259734293,0.44239981299282133,0.4367214492626216,0.4149726283055063,0.1898352871180246,0.4359637939324704,0.9940119760479041,0.9940119760479041,0.9940119760479041,0.9940119760479041,0.9940119760479041,0.9940119760479041,0.9940119760479041,0.9940119760479041,0.9916167664670659,0.9880239520958084,0.98562874251497,0.9844311377245509,0.9808383233532935,0.9736526946107784,0.9640718562874252,0.9389221556886228,0.888622754491018,0.7664670658682635,0.3844311377245509,0.936779073432083,0.9963985594237695,0.9963985594237695,0.9963985594237695,0.9963985594237695,0.9963985594237695,0.9963985594237695,0.9963985594237695,0.9963985594237695,0.9939975990396158,0.9903961584633854,0.9879951980792316,0.9867947178871549,0.9831932773109243,0.9759903961584634,0.9663865546218487,0.9411764705882353,0.8907563025210085,0.7683073229291717,0.38535414165666265,0.9390282428760978,0.4544652057414072,0.4544652057414072,0.4544652057414072,0.4544652057414072,0.4544652057414072,0.4544652057414072,0.4544652057414072,0.4544652057414072,0.4538247203247819,0.45326032196991645,0.45344355344286585,0.4538758073507994,0.45320383506956435,0.4532290019781766,0.4528867262452849,0.447887945412818,0.444928438550585,0.4338433985623281,0.24563713059863915,0.44114434344405357,0.9966351118760757,0.9966351118760757,0.9966351118760757,0.9966351118760757,0.9966351118760757,0.9966351118760757,0.9966351118760757,0.9966351118760757,0.9942734600343295,0.9907734560521445,0.9889506880453636,0.9878312960489579,0.9842577891011137,0.9776967109477864,0.9694861617795067,0.9472644087272162,0.9126718240533739,0.8501231918586634,0.4699460911265506,0.9498082090938743,0.9200514455737017,0.9200514455737017,0.9200514455737017,0.9200514455737017,0.9200514455737017,0.9200514455737017,0.9200514455737017,0.9200514455737017,0.9212133437790935,0.922853841565119,0.9238295610692173,0.9242576046788672,0.9253759079112294,0.9272084171067916,0.9292612262144744,0.9332840669251443,0.9391651630280862,0.9485559122125835,0.966423410525376,0.9274652641897682,0.6720201186955491,0.6720201186955491,0.6720201186955491,0.6720201186955491,0.6720201186955491,0.6720201186955491,0.6720201186955491,0.6720201186955491,0.6705133010433965,0.6686431529153991,0.667870518468411,0.6677805811425089,0.6657063381471056,0.6628692701295062,0.658799846064557,0.6444990194650907,0.6229611682834334,0.5639706134480439,0.2701455078416981,0.6389431719217654,830.0,830.0,830.0,830.0,830.0,830.0,830.0,830.0,828.0,825.0,823.0,822.0,819.0,813.0,805.0,784.0,742.0,640.0,321.0,782.2105263157895,5.0,5.0,5.0,5.0,5.0,5.0,5.0,5.0,7.0,10.0,12.0,13.0,16.0,22.0,30.0,51.0,93.0,195.0,514.0,52.78947368421053,3.0,3.0,3.0,3.0,3.0,3.0,3.0,3.0,5.0,8.0,10.0,11.0,14.0,20.0,28.0,49.0,91.0,193.0,512.0,50.78947368421053,0.9652694610778443,0.922853841565119,0.9784431137724551,0.9880239520958084,0.9903961584633854,1.0,0.0,0.0,0.8890472087320038,0.9892086330935251,0.018140589569160998,0.9771959369040021,761.3544192912232,825,10,8,11,3,0,0,11.0,441,0.5731414868105515,0.5724550898203593,0.5738295318127251,478,357,355,833,835,14,3
tagging_005_tagging_aria03_rgb,0.5100680426524399,0.8988868892982942,0.4584934761903213,0.5100680426524399,0.5100680426524399,0.5100680426524399,0.5100680426524399,0.5100680426524399,0.5100680426524399,0.5100680426524399,0.5085396367134065,0.5070338911343059,0.5048939962812957,0.5045878454278047,0.5041934347600525,0.5030529377723237,0.49943991882864447,0.4848447203766965,0.45806644173653466,0.3804796738222857,0.27832849055542663,0.10249605880241607,0.46349649183043545,0.9709443099273608,0.9709443099273608,0.9709443099273608,0.9709443099273608,0.9709443099273608,0.9709443099273608,0.9709443099273608,0.966183574879227,0.9614457831325302,0.9543817527010804,0.9520383693045563,0.9497005988023952,0.9427207637231504,0.9289099526066351,0.8864426419466975,0.8230683090705487,0.6578411405295316,0.4483985765124555,0.14085494043447794,0.863610345954464,0.26795502633385354,0.26795502633385354,0.26795502633385354,0.26795502633385354,0.26795502633385354,0.26795502633385354,0.26795502633385354,0.26766400178240457,0.26739247419774437,0.2671027047189776,0.26743553827505967,0.2676749072030786,0.2684381928768914,0.2685300462327948,0.2651885093895249,0.2549300741297101,0.22006039645891404,0.17276314580965305,0.07458341210910661,0.24933939934320182,0.980440097799511,0.980440097799511,0.980440097799511,0.980440097799511,0.980440097799511,0.980440097799511,0.980440097799511,0.9779951100244498,0.9755501222493888,0.9718826405867971,0.9706601466992665,0.969437652811736,0.9657701711491442,0.9584352078239609,0.9352078239608802,0.8985330073349633,0.7897310513447433,0.6161369193154034,0.24572127139364303,0.9020074636468921,0.9901234567901235,0.9901234567901235,0.9901234567901235,0.9901234567901235,0.9901234567901235,0.9901234567901235,0.9901234567901235,0.9876543209876543,0.9851851851851852,0.9814814814814815,0.980246913580247,0.9790123456790123,0.9753086419753086,0.9679012345679012,0.9444444444444444,0.9074074074074074,0.7975308641975308,0.6222222222222222,0.24814814814814815,0.9109161793372319,0.2683305247401773,0.2683305247401773,0.2683305247401773,0.2683305247401773,0.2683305247401773,0.2683305247401773,0.2683305247401773,0.2681727391540108,0.26798880169322326,0.26784199228239824,0.2681757569311295,0.26841748266228516,0.26918675467760467,0.26947402036912577,0.267198168933065,0.25945076225064834,0.2314538992811912,0.18946233256553968,0.08941709566849526,0.2523449199815767,0.9842633458593559,0.9842633458593559,0.9842633458593559,0.9842633458593559,0.9842633458593559,0.9842633458593559,0.9842633458593559,0.9823597800860732,0.9798843305417935,0.9761882217266531,0.9761582320814726,0.9751193395620293,0.9752659651432474,0.9705106410251589,0.951590558876692,0.9201858151539247,0.8227274704201472,0.6819272033675194,0.3421878944508527,0.9181025722868975,0.8988868892982942,0.8988868892982942,0.8988868892982942,0.8988868892982942,0.8988868892982942,0.8988868892982942,0.8988868892982942,0.900157242849328,0.9013668115334625,0.9029528794926178,0.9034269968559328,0.9038307075898875,0.9048776164680848,0.9065932795888259,0.911095111593641,0.9164805602527007,0.9286055684770621,0.9428349880171006,0.9644979661139432,0.9094172607326656,0.5125561942115556,0.5125561942115556,0.5125561942115556,0.5125561942115556,0.5125561942115556,0.5125561942115556,0.5125561942115556,0.5116386272289919,0.5107394256293282,0.509502190348732,0.5094987917695848,0.5094056671804426,0.5091655914117551,0.5073151394036122,0.49800237831320343,0.478605355348113,0.4168795128749303,0.3262602526057955,0.13537625659001548,0.47422539727291546,802.0,802.0,802.0,802.0,802.0,802.0,802.0,800.0,798.0,795.0,794.0,793.0,790.0,784.0,765.0,735.0,646.0,504.0,201.0,737.8421052631579,16.0,16.0,16.0,16.0,16.0,16.0,16.0,18.0,20.0,23.0,24.0,25.0,28.0,34.0,53.0,83.0,172.0,314.0,617.0,80.15789473684211,8.0,8.0,8.0,8.0,8.0,8.0,8.0,10.0,12.0,15.0,16.0,17.0,20.0,26.0,45.0,75.0,164.0,306.0,609.0,72.15789473684211,0.9303178484107579,0.9029528794926178,0.9535452322738386,0.9718826405867971,0.9814814814814815,1.0,0.0,0.0,0.8359994366706982,0.9766584766584766,0.034013605442176874,0.951981963813016,717.8475391966311,795,23,15,19,3,0,0,19.0,441,0.371007371007371,0.3691931540342298,0.3728395061728395,302,516,508,810,818,21,3
tagging_005_tagging_aria04_rgb,0.5526963339709072,0.8959757472001604,0.495202510804373,0.5526963339709072,0.5526963339709072,0.5526963339709072,0.5526963339709072,0.5524207392206986,0.5524207392206986,0.5519763837373322,0.5503127579980227,0.548725349203797,0.5465911294077879,0.5442198411871592,0.5410956712299191,0.5323229775294985,0.5276457301772968,0.5146053018715305,0.501711526256767,0.46266757698814015,0.3566728896164524,0.13086686245062634,0.5065810953673345,0.9532871972318339,0.9532871972318339,0.9532871972318339,0.9532871972318339,0.9515989628349178,0.9515989628349178,0.9499136442141624,0.9448751076658053,0.9398625429553265,0.9315654405474765,0.9233390119250426,0.9151823579304496,0.8895397489539749,0.8723051409618574,0.8298217179902755,0.7863924050632911,0.6813104988830976,0.47196870925684486,0.13695871097683787,0.8415464079958744,0.32044198062443013,0.32044198062443013,0.32044198062443013,0.32044198062443013,0.3206904221627271,0.3206904221627271,0.32074276441812166,0.3205123398409008,0.32036547377667,0.32070947433569474,0.3207654303745811,0.31991932852141713,0.3185554695437591,0.31916585550251436,0.3191271220951491,0.3200875974363408,0.31419050072910476,0.2695423397615952,0.12504597601365774,0.3069409704827727,0.9541125541125541,0.9541125541125541,0.9541125541125541,0.9541125541125541,0.9532467532467532,0.9532467532467532,0.9523809523809523,0.9497835497835497,0.9471861471861471,0.9428571428571428,0.9385281385281385,0.9341991341991343,0.9203463203463204,0.9108225108225109,0.8865800865800866,0.8606060606060606,0.7922077922077922,0.6268398268398269,0.2354978354978355,0.8747778537252221,0.99909338168631,0.99909338168631,0.99909338168631,0.99909338168631,0.9981867633726201,0.9981867633726201,0.9972801450589301,0.9945602901178604,0.9918404351767905,0.9873073436083409,0.9827742520398912,0.9782411604714415,0.9637352674524026,0.9537624660018132,0.928377153218495,0.9011786038077969,0.8295557570262919,0.6563916591115141,0.24660018132366274,0.9160185141003007,0.32352171751874126,0.32352171751874126,0.32352171751874126,0.32352171751874126,0.3237733815414804,0.3237733815414804,0.3238421920324887,0.3237293348676026,0.3236215448867644,0.3240341342076732,0.3242204895615042,0.3236444781260662,0.3228608742019403,0.3236698629067774,0.3244765571655817,0.3260533646502325,0.32366187424814247,0.293412765268777,0.1679347042805995,0.3140418847137935,0.9479128856624318,0.9479128856624318,0.9479128856624318,0.9479128856624318,0.9470708446866484,0.9470708446866484,0.9461321892393322,0.9434056758528389,0.9412320156176228,0.9370578488151354,0.9326724420389328,0.9280343991776522,0.9144140248385232,0.9058259122626996,0.8911875746453817,0.8733474172109195,0.827002646670719,0.6965377415133218,0.3258939426347948,0.8815019506600474,0.8959757472001604,0.8959757472001604,0.8959757472001604,0.8959757472001604,0.8965920849851352,0.8965920849851352,0.8971036346405856,0.8985241045910801,0.8998410620990703,0.9017654526268638,0.903478237933216,0.9049218727151135,0.9090074969071256,0.9113892915808963,0.9164967999514445,0.9206263471251698,0.9286660115741697,0.9415037094300128,0.9647955806839295,0.9092214084541888,0.5529355446871368,0.5529355446871368,0.5529355446871368,0.5529355446871368,0.5528988187037029,0.5528988187037029,0.5526927712986937,0.551740290248521,0.5508590915996474,0.5498938248965607,0.5486778492646052,0.5466885399551341,0.5414622371142728,0.5391692182215291,0.531913293251044,0.5248517183724826,0.49890295941722457,0.41104728874201335,0.17160436092631987,0.5177391189191579,1102.0,1102.0,1102.0,1102.0,1101.0,1101.0,1100.0,1097.0,1094.0,1089.0,1084.0,1079.0,1063.0,1052.0,1024.0,994.0,915.0,724.0,272.0,1010.3684210526316,53.0,53.0,53.0,53.0,54.0,54.0,55.0,58.0,61.0,66.0,71.0,76.0,92.0,103.0,131.0,161.0,240.0,431.0,883.0,144.6315789473684,1.0,1.0,1.0,1.0,2.0,2.0,3.0,6.0,9.0,14.0,19.0,24.0,40.0,51.0,79.0,109.0,188.0,379.0,831.0,92.63157894736842,0.929004329004329,0.9020721794433394,0.9428571428571428,0.9489177489177489,0.9936536718041704,1.0,0.0,0.0,0.8360788819652814,0.970770593445527,0.015873015873015872,0.9418146147336314,988.6711086698999,1096,59,7,16,3,0,0,18.0,441,0.41098317094774134,0.4017316017316017,0.42067089755213055,464,691,639,1103,1155,16,3
tagging_006_tagging_aria01_rgb,0.605294507771616,0.935925043664351,0.5665102886159415,0.605294507771616,0.605294507771616,0.605294507771616,0.605294507771616,0.605294507771616,0.6034308427640857,0.6034308427640857,0.6034308427640857,0.6034308427640857,0.6034308427640857,0.6034308427640857,0.6034308427640857,0.6027673653454196,0.6008732466545578,0.6008732466545578,0.5946532783620673,0.5650355426701293,0.4836785951355691,0.20847256783537244,0.5740443305718079,0.9907550077041603,0.9907550077041603,0.9907550077041603,0.9907550077041603,0.9907550077041603,0.9876923076923076,0.9876923076923076,0.9876923076923076,0.9876923076923076,0.9876923076923076,0.9876923076923076,0.9876923076923076,0.9846390168970814,0.9815950920245399,0.9815950920245399,0.9695121951219512,0.9226190476190477,0.7554347826086957,0.2907092907092907,0.9344066162827422,0.3698002415223568,0.3698002415223568,0.3698002415223568,0.3698002415223568,0.3698002415223568,0.36866621230425783,0.36866621230425783,0.36866621230425783,0.36866621230425783,0.36866621230425783,0.36866621230425783,0.36866621230425783,0.36899664800042664,0.36781832089291133,0.36781832089291133,0.36473241207891643,0.3460422427917975,0.30968256794378757,0.14949921770245306,0.3528554960023575,0.9953560371517027,0.9953560371517027,0.9953560371517027,0.9953560371517027,0.9953560371517027,0.9938080495356038,0.9938080495356038,0.9938080495356038,0.9938080495356038,0.9938080495356038,0.9938080495356038,0.9938080495356038,0.9922600619195047,0.9907120743034056,0.9907120743034056,0.9845201238390093,0.9597523219814241,0.8606811145510835,0.4504643962848297,0.9559230894573896,0.9953560371517027,0.9953560371517027,0.9953560371517027,0.9953560371517027,0.9953560371517027,0.9938080495356038,0.9938080495356038,0.9938080495356038,0.9938080495356038,0.9938080495356038,0.9938080495356038,0.9938080495356038,0.9922600619195047,0.9907120743034056,0.9907120743034056,0.9845201238390093,0.9597523219814241,0.8606811145510835,0.4504643962848297,0.9559230894573896,0.37016413794998154,0.37016413794998154,0.37016413794998154,0.37016413794998154,0.37016413794998154,0.36934148850014387,0.36934148850014387,0.36934148850014387,0.36934148850014387,0.36934148850014387,0.36934148850014387,0.36934148850014387,0.36968147763867104,0.36882314544043926,0.36882314544043926,0.3666336736976598,0.3537396289638141,0.3292153722107701,0.18988644010127564,0.3570007364602097,0.9954577699727899,0.9954577699727899,0.9954577699727899,0.9954577699727899,0.9954577699727899,0.9939047739711784,0.9939047739711784,0.9939047739711784,0.9939047739711784,0.9939047739711784,0.9939047739711784,0.9939047739711784,0.9924061145631061,0.9908672604807472,0.9908672604807472,0.984746979029191,0.960353143855716,0.8678995392232861,0.49655524370272647,0.9588588320525117,0.935925043664351,0.935925043664351,0.935925043664351,0.935925043664351,0.935925043664351,0.9369311001948928,0.9369311001948928,0.9369311001948928,0.9369311001948928,0.9369311001948928,0.9369311001948928,0.9369311001948928,0.9373848858469237,0.9377982930007681,0.9377982930007681,0.9387655061612492,0.9415869427638093,0.9485558717675218,0.9647641283776611,0.9391998337160373,0.6066983624004895,0.6066983624004895,0.6066983624004895,0.6066983624004895,0.6066983624004895,0.605296166665355,0.605296166665355,0.605296166665355,0.605296166665355,0.605296166665355,0.605296166665355,0.605296166665355,0.6050955600506361,0.6036572302711298,0.6036572302711298,0.599238182618594,0.5762940621098637,0.5162731231963376,0.2595073695435061,0.5807519861432173,643.0,643.0,643.0,643.0,643.0,642.0,642.0,642.0,642.0,642.0,642.0,642.0,641.0,640.0,640.0,636.0,620.0,556.0,291.0,617.5263157894736,3.0,3.0,3.0,3.0,3.0,4.0,4.0,4.0,4.0,4.0,4.0,4.0,5.0,6.0,6.0,10.0,26.0,90.0,355.0,28.473684210526315,3.0,3.0,3.0,3.0,3.0,4.0,4.0,4.0,4.0,4.0,4.0,4.0,5.0,6.0,6.0,10.0,26.0,90.0,355.0,28.473684210526315,0.9721362229102167,0.9369311001948928,0.9876160990712074,0.9938080495356038,0.9938080495356038,1.0,0.0,0.0,0.9094578426085467,0.9938080495356038,0.01078167115902965,0.9860681114551083,601.5097663251212,642,4,4,10,3,0,0,10.0,371,0.5108359133126935,0.5108359133126935,0.5108359133126935,330,316,316,646,646,13,3
tagging_006_tagging_aria02_rgb,0.8391025259346233,0.9124942377410471,0.7656762197893013,0.8391025259346233,0.8391025259346233,0.8391025259346233,0.8391025259346233,0.8391025259346233,0.8391025259346233,0.8378852183720905,0.837480672213833,0.8316767365611578,0.8290330506384844,0.8234891368121564,0.8188761740199725,0.8100288874584239,0.8002537219161977,0.7793808443740013,0.7370199504193429,0.6851119156266232,0.5824521647040548,0.23748673250562027,0.770778440064721,0.9849056603773585,0.9849056603773585,0.9849056603773585,0.9849056603773585,0.9849056603773585,0.9849056603773585,0.9793038570084666,0.9774436090225563,0.9700374531835206,0.9645191409897292,0.9572093023255814,0.9463459759481961,0.9338235294117647,0.9197080291970803,0.8903863432165319,0.8232235701906413,0.7518734388009992,0.619707467282525,0.24276432368576492,0.8887252632909215,0.7148837470992885,0.7148837470992885,0.7148837470992885,0.7148837470992885,0.7148837470992885,0.7148837470992885,0.7168884653544014,0.7175594273240046,0.7130510186663461,0.7125787035658949,0.70844940265423,0.7085761501819872,0.7026453905380311,0.6963144814553938,0.6822145299115512,0.659843117939805,0.6242783861098905,0.5474365601177674,0.23232387387036468,0.669024315278179,0.9877010406811731,0.9877010406811731,0.9877010406811731,0.9877010406811731,0.9877010406811731,0.9877010406811731,0.9848628192999054,0.9839167455061495,0.9801324503311258,0.9772942289498581,0.9735099337748344,0.967833491012299,0.9612109744560076,0.9536423841059603,0.9375591296121097,0.8987701040681173,0.8543046357615894,0.7615894039735099,0.3888363292336802,0.9236667828511675,0.997134670487106,0.997134670487106,0.997134670487106,0.997134670487106,0.997134670487106,0.997134670487106,0.994269340974212,0.9933142311365807,0.9894937917860553,0.9866284622731614,0.9828080229226361,0.9770773638968482,0.9703915950334289,0.9627507163323782,0.9465138490926457,0.9073543457497613,0.8624641833810889,0.7688634192932188,0.39255014326647564,0.932488815161112,0.7149803686564022,0.7149803686564022,0.7149803686564022,0.7149803686564022,0.7149803686564022,0.7149803686564022,0.716985593588553,0.7176566127332918,0.7152540902775095,0.7154709738611269,0.7133046279245632,0.714390252207944,0.7111441779689323,0.707900613271071,0.700094989990416,0.6890467591506528,0.6693498981769175,0.6229545828861975,0.33865857818981915,0.6853733664297583,0.9981801565161261,0.9981801565161261,0.9981801565161261,0.9981801565161261,0.9981801565161261,0.9981801565161261,0.9968940922857853,0.9967308494258036,0.9929128016458657,0.9912205627425593,0.9888630834171453,0.9855931815456183,0.9791377351151963,0.971911275533153,0.9579487826048929,0.9217420433315084,0.8812504025043733,0.7991580197603512,0.43682349453358355,0.9415403822917155,0.9124942377410471,0.9124942377410471,0.9124942377410471,0.9124942377410471,0.9124942377410471,0.9124942377410471,0.9141839330024814,0.914709221417914,0.9165893063908422,0.9178660352510538,0.9194194583181772,0.9214126720031685,0.9234479877346835,0.9254794250919587,0.9288227230661105,0.9353084985097452,0.9408938700264958,0.9483530165455311,0.9654913905318027,0.923523313912434,0.8402924615727693,0.8402924615727693,0.8402924615727693,0.8402924615727693,0.8402924615727693,0.8402924615727693,0.8402599568660394,0.8402492109129832,0.8359930873736644,0.834505275398257,0.8304712704607791,0.8281206005641254,0.8218214286182144,0.8148834285851119,0.7997602521209769,0.770095622490733,0.730290297935994,0.6456948842397615,0.3005594156054691,0.7860241842425646,1044.0,1044.0,1044.0,1044.0,1044.0,1044.0,1041.0,1040.0,1036.0,1033.0,1029.0,1023.0,1016.0,1008.0,991.0,950.0,903.0,805.0,411.0,976.3157894736842,13.0,13.0,13.0,13.0,13.0,13.0,16.0,17.0,21.0,24.0,28.0,34.0,41.0,49.0,66.0,107.0,154.0,252.0,646.0,80.6842105263158,3.0,3.0,3.0,3.0,3.0,3.0,6.0,7.0,11.0,14.0,18.0,24.0,31.0,39.0,56.0,97.0,144.0,242.0,636.0,70.6842105263158,0.9640491958372753,0.9185463580034147,0.9754020813623463,0.9829706717123936,0.9923591212989494,1.0,0.0,0.0,0.883982654650471,0.9876425855513308,0.0215633423180593,0.9743810962667476,954.3696659655478,1039,18,8,12,3,0,0,10.0,371,0.7975285171102662,0.793755912961211,0.8013371537726839,839,218,208,1047,1057,13,3
tagging_006_tagging_aria03_rgb,0.6087929705671723,0.9077822171554304,0.5526514326101083,0.6087929705671723,0.6087929705671723,0.6087929705671723,0.6087929705671723,0.6087929705671723,0.6084750254915279,0.6074825228784849,0.6034872480957563,0.5997470117313514,0.5975709790977531,0.5960591517925465,0.5944743099253198,0.5908571798501152,0.5889773309734898,0.5810711282312226,0.5625767770877093,0.5123198153619843,0.4050012181924494,0.10230661237429937,0.5575984823115722,0.9708835341365462,0.9708835341365462,0.9708835341365462,0.9708835341365462,0.9708835341365462,0.9689067201604814,0.964964964964965,0.9571286141575274,0.9512922465208747,0.9474206349206349,0.9454905847373637,0.9397233201581028,0.9301868239921337,0.9245098039215687,0.9095330739299611,0.874880611270296,0.7780797101449275,0.5754414125200642,0.1314121037463977,0.8764941208330544,0.38174391467213437,0.38174391467213437,0.38174391467213437,0.38174391467213437,0.38174391467213437,0.3821233240962472,0.38243358982075326,0.3805098429062828,0.37811353913183887,0.37690869493227863,0.37576948747124833,0.37606782505059877,0.3753140745233602,0.37521970554471773,0.3712274635654496,0.36175522241698543,0.33733252492042104,0.28504376495782496,0.079647480232901,0.3550624269963989,0.9757820383451059,0.9757820383451059,0.9757820383451059,0.9757820383451059,0.9757820383451059,0.9747729566094854,0.9727547931382442,0.9687184661957619,0.9656912209889001,0.963673057517659,0.9626639757820383,0.9596367305751766,0.9545913218970736,0.9515640766902119,0.9434914228052472,0.9243188698284561,0.8668012108980827,0.7235116044399597,0.23007063572149344,0.9074300281480694,0.9948559670781894,0.9948559670781894,0.9948559670781894,0.9948559670781894,0.9948559670781894,0.9938271604938271,0.9917695473251029,0.9876543209876543,0.9845679012345679,0.9825102880658436,0.9814814814814815,0.9783950617283951,0.9732510288065843,0.970164609053498,0.9619341563786008,0.9423868312757202,0.8837448559670782,0.7376543209876543,0.2345679012345679,0.9251678579163958,0.3822619241123385,0.3822619241123385,0.3822619241123385,0.3822619241123385,0.3822619241123385,0.3826419079174351,0.38299799190389555,0.3816727492116879,0.38000830460326923,0.37917527952855823,0.37836325555128614,0.3787323853627389,0.3782766196266883,0.3782779237734395,0.3754612089588688,0.36867700773026657,0.35062289974884375,0.311023872002286,0.10528802580235123,0.36013310801491094,0.9949781194580501,0.9949781194580501,0.9949781194580501,0.9949781194580501,0.9949781194580501,0.994282789699035,0.9932476020360802,0.9892269697444327,0.9861976310263794,0.9842372470565315,0.9832180809222821,0.981403126734155,0.9765834523757864,0.9739476183829197,0.9656755353116679,0.9482631196834012,0.8922290544690427,0.7582736827942623,0.3109343707960876,0.9322426778064375,0.9077822171554304,0.9077822171554304,0.9077822171554304,0.9077822171554304,0.9077822171554304,0.9084272339452892,0.909650205862239,0.9118714773774382,0.9133466766879351,0.9142693881304669,0.9146960320307586,0.9157641870235649,0.9173098139183014,0.9180863583680613,0.9197189907526957,0.9225688103071485,0.9287055279305245,0.9385427720821186,0.9630027097252877,0.9176248036799465,0.6103268429166584,0.6103268429166584,0.6103268429166584,0.6103268429166584,0.6103268429166584,0.610314248906859,0.609929592293408,0.6071300613481139,0.604268918013048,0.602674667171584,0.6014480432977156,0.6007399588058664,0.5985578990589224,0.5975329218232519,0.5918191681449234,0.5782535588641109,0.5407404562970378,0.4541282547037155,0.1353681883264994,0.5676073764020182,967.0,967.0,967.0,967.0,967.0,966.0,964.0,960.0,957.0,955.0,954.0,951.0,946.0,943.0,935.0,916.0,859.0,717.0,228.0,899.2631578947369,24.0,24.0,24.0,24.0,24.0,25.0,27.0,31.0,34.0,36.0,37.0,40.0,45.0,48.0,56.0,75.0,132.0,274.0,763.0,91.73684210526316,5.0,5.0,5.0,5.0,5.0,6.0,8.0,12.0,15.0,17.0,18.0,21.0,26.0,29.0,37.0,56.0,113.0,255.0,744.0,72.73684210526316,0.9465186680121089,0.913295663053157,0.958627648839556,0.9697275479313825,0.9886831275720165,1.0,0.0,0.0,0.8624390839496306,0.9791136016301579,0.029649595687331536,0.9575386667547451,877.6771321940839,961,30,11,12,3,0,0,15.0,371,0.5094243504839532,0.5045408678102926,0.51440329218107,500,491,472,972,991,14,3
tagging_006_tagging_aria04_rgb,0.5374977416635454,0.9029745513516078,0.48534678213114224,0.5374977416635454,0.5374977416635454,0.5374977416635454,0.5374977416635454,0.5374977416635454,0.5374977416635454,0.5370665890592661,0.5300625934099308,0.5280816484464576,0.520703459281559,0.5181647565830716,0.5131605938985601,0.5083301967815048,0.4957774537884211,0.4863303139047999,0.4786876226246,0.44844696883721136,0.37833994771022333,0.1373197024663895,0.48976096298806676,0.988929889298893,0.988929889298893,0.988929889298893,0.988929889298893,0.988929889298893,0.988929889298893,0.9864864864864865,0.9576271186440678,0.9505428226779252,0.9272943980929678,0.9204275534441805,0.9113475177304965,0.9023529411764706,0.8780487804878049,0.8564867967853043,0.8375,0.7672131147540984,0.6121635094715853,0.2013372956909361,0.8759161932229306,0.29213782030415847,0.29213782030415847,0.29213782030415847,0.29213782030415847,0.29213782030415847,0.29213782030415847,0.2923917610986005,0.29339849244274757,0.293379972761541,0.29239052135479343,0.29170651612949217,0.28894992306128814,0.2863619955879203,0.2799335175300592,0.27614806802681985,0.2736021970793928,0.26212362639778314,0.23382824003497496,0.09365726613515173,0.2742473168139745,0.9962825278810409,0.9962825278810409,0.9962825278810409,0.9962825278810409,0.9962825278810409,0.9962825278810409,0.9950433705080545,0.9801734820322181,0.976456009913259,0.9640644361833953,0.9603469640644362,0.9553903345724907,0.9504337050805453,0.9368029739776952,0.9244114002478315,0.9132589838909542,0.8698884758364313,0.7608426270136307,0.3358116480793061,0.9210852409834999,0.9925925925925926,0.9925925925925926,0.9925925925925926,0.9925925925925926,0.9925925925925926,0.9925925925925926,0.991358024691358,0.9765432098765432,0.9728395061728395,0.9604938271604938,0.9567901234567902,0.9518518518518518,0.9469135802469136,0.9333333333333333,0.9209876543209876,0.9098765432098765,0.8666666666666667,0.7580246913580246,0.3345679012345679,0.9176738141650421,0.292627151096049,0.292627151096049,0.292627151096049,0.292627151096049,0.292627151096049,0.292627151096049,0.29288309024568626,0.29415077762164654,0.29421561702246823,0.29380507697153724,0.29335983415133693,0.29122928124778746,0.2891800060671495,0.2839623955574401,0.2809649398677058,0.2790621646282367,0.26970531005930737,0.24659181619736162,0.11323022158793018,0.2777949177790467,0.9825398158852837,0.9825398158852837,0.9825398158852837,0.9825398158852837,0.9825398158852837,0.9825398158852837,0.9816878521856804,0.9743141906349948,0.9725764176395598,0.9695111635059422,0.9672462958923156,0.9622333034439293,0.9577239773171168,0.9476904545455913,0.9382502389022771,0.9283346784196091,0.8912466539964015,0.7992711648445545,0.37424770548407627,0.9241880522170396,0.9029745513516078,0.9029745513516078,0.9029745513516078,0.9029745513516078,0.9029745513516078,0.9029745513516078,0.9036744797789059,0.9116081952401972,0.913472940200038,0.9192399726438177,0.9207135067852198,0.9225365071465136,0.924100767065428,0.9276555616215744,0.9303948837622518,0.9321881207992606,0.9373271923981396,0.9457474457983872,0.9633951950178253,0.9194685303351161,0.5394921742734404,0.5394921742734404,0.5394921742734404,0.5394921742734404,0.5394921742734404,0.5394921742734404,0.5393908448169447,0.5362661857329915,0.5352313869638018,0.530926834050868,0.5292820298883869,0.5254140878090532,0.5216973188170376,0.5120962328881132,0.5052468923609585,0.4998696475032855,0.4775126405111028,0.4217896305247251,0.17734486430524987,0.5025800864112189,804.0,804.0,804.0,804.0,804.0,804.0,803.0,791.0,788.0,778.0,775.0,771.0,767.0,756.0,746.0,737.0,702.0,614.0,271.0,743.3157894736842,3.0,3.0,3.0,3.0,3.0,3.0,4.0,16.0,19.0,29.0,32.0,36.0,40.0,51.0,61.0,70.0,105.0,193.0,536.0,63.68421052631579,6.0,6.0,6.0,6.0,6.0,6.0,7.0,19.0,22.0,32.0,35.0,39.0,43.0,54.0,64.0,73.0,108.0,196.0,539.0,66.6842105263158,0.9628252788104089,0.9173055195014045,0.9838909541511772,0.9938042131350682,0.9901234567901235,1.0,0.0,0.0,0.880643155687889,0.9919604205318491,0.0215633423180593,0.9823662342981682,735.6790266401264,802,5,8,17,3,0,0,16.0,371,0.4390847247990105,0.4399008674101611,0.4382716049382716,355,452,455,810,807,17,3
tagging_007_tagging_aria01_rgb,0.40003296823320883,0.9061156831132683,0.36247614627846236,0.40003296823320883,0.39987486835461844,0.39987486835461844,0.3995499181858643,0.39906108286769326,0.39855582444945814,0.39798751684644595,0.3975024722288268,0.3969389462052097,0.3949942532249106,0.39358499669249397,0.3881745079296577,0.38190036724281873,0.37408236951362484,0.3650899495558547,0.3450698327057606,0.3158963742451863,0.25680569166950235,0.10405322606637632,0.36363315971432264,0.9806371018113679,0.9794007490636704,0.9794007490636704,0.9781659388646288,0.976932668329177,0.9757009345794393,0.9744707347447074,0.9732420659614188,0.9720149253731343,0.96712158808933,0.9634674922600619,0.9477886977886978,0.9300060864272672,0.9056490384615384,0.8785545023696683,0.8182339449541285,0.7299509001636661,0.5574656188605108,0.1943502824858757,0.8780291589290505,0.1631861321358139,0.16326300597022356,0.16326300597022356,0.16320353304024005,0.16300995249948672,0.16280269862717278,0.16254368440022604,0.16235243106959266,0.16209681857921934,0.16132455525984357,0.16078295413792432,0.15898000151086916,0.15682466236376197,0.15451638906241835,0.1517158820621603,0.14552462676216277,0.13670853647674142,0.11830175896525257,0.05570907186927947,0.15084787898750593,0.9849435382685069,0.9843161856963614,0.9843161856963614,0.9836888331242158,0.9830614805520702,0.9824341279799247,0.9818067754077792,0.9811794228356336,0.9805520702634881,0.9780426599749059,0.9761606022584692,0.9680050188205772,0.958594730238394,0.9454203262233375,0.9303638644918444,0.8952321204516939,0.8393977415307403,0.7120451693851945,0.3237139272271016,0.9143828831803473,0.9955611921369689,0.9949270767279645,0.9949270767279645,0.9942929613189601,0.9936588459099556,0.9930247305009512,0.9923906150919467,0.9917564996829423,0.9911223842739378,0.9885859226379201,0.9866835764109068,0.9784400760938491,0.9689283449587826,0.9556119213696893,0.9403931515535827,0.9048826886493342,0.8484464172479391,0.719720989220038,0.3272035510462904,0.924239895871575,0.16335778776295404,0.16343502747810007,0.16343502747810007,0.1633814242370423,0.16321614715123556,0.16303955526809805,0.16282103090655273,0.1626572133307049,0.16244073935572947,0.1617855508879266,0.1613179554119346,0.1598363997058814,0.15802449812395258,0.15612089598773837,0.1537600540292179,0.14844321761023904,0.14058100374094362,0.12344165019722013,0.060912397502155706,0.15221092506135406,0.981691114534404,0.9811000375461589,0.9811000375461589,0.9806511654356341,0.9800056805480678,0.9793601483575436,0.978713053569233,0.9780751604111853,0.9774365709577116,0.9750812634673262,0.9732182994842737,0.9664921640144859,0.9581737556501536,0.9463215139915506,0.9331900229394466,0.9021122507616586,0.8620761046494184,0.7780278185226539,0.45475486434204176,0.9246095277225846,0.9061156831132683,0.906657615161802,0.906657615161802,0.9071152324188244,0.9075407655323389,0.9079525521680742,0.9083379848938936,0.9086797728438357,0.9089867070037833,0.9101023470600779,0.9108563960843277,0.9136886327478227,0.9165374963441749,0.9198714252881067,0.9229431419454319,0.9287084383762756,0.9354950616715763,0.945445580361884,0.9652246040257418,0.9177324764317389,0.40091037200626356,0.4008770625789566,0.4008770625789566,0.40067629450480735,0.4003108857486492,0.39992865271016154,0.3994827789077843,0.3991201130146474,0.39867828012192813,0.3972181984068783,0.39616913729387354,0.39229254307802525,0.387725798617164,0.3822079734310153,0.37570064458307806,0.3609408818549546,0.3387518808310141,0.2902347256979766,0.1342899938081066,0.37138911998811797,1570.0,1569.0,1569.0,1568.0,1567.0,1566.0,1565.0,1564.0,1563.0,1559.0,1556.0,1543.0,1528.0,1507.0,1483.0,1427.0,1338.0,1135.0,516.0,1457.5263157894738,24.0,25.0,25.0,26.0,27.0,28.0,29.0,30.0,31.0,35.0,38.0,51.0,66.0,87.0,111.0,167.0,256.0,459.0,1078.0,136.47368421052633,7.0,8.0,8.0,9.0,10.0,11.0,12.0,13.0,14.0,18.0,21.0,34.0,49.0,70.0,94.0,150.0,239.0,442.0,1061.0,119.47368421052632,0.9466750313676286,0.9101859110159618,0.966750313676286,0.9780426599749059,0.9885859226379201,1.0,0.0,0.0,0.858833020874457,0.9832860296436455,0.025139664804469275,0.9658060539659223,1418.9798352738844,1559,35,18,32,3,0,0,34.0,716,0.2529170608640807,0.25156838143036386,0.25428027901078,401,1193,1176,1577,1594,32,3
tagging_007_tagging_aria02_rgb,0.5073967757790812,0.9123757757521632,0.46293652691558557,0.5073967757790812,0.5073967757790812,0.5073967757790812,0.5073967757790812,0.5073967757790812,0.5073967757790812,0.5072375725793801,0.5070597862842855,0.5065874797699849,0.504677116044232,0.5037048052760209,0.5020543228172781,0.4985803176947607,0.4928653633187177,0.48345735832502673,0.4633905663102255,0.42683583877105086,0.3210121965256119,0.1123388280759373,0.4670622213930001,0.9850657108721624,0.9850657108721624,0.9850657108721624,0.9850657108721624,0.9850657108721624,0.9850657108721624,0.9838805970149254,0.9826968973747017,0.9815146094215862,0.9732779097387173,0.9674363528715216,0.9627879503839338,0.9524089306698003,0.9387397899649942,0.9163783160322952,0.8689538807649044,0.7884822389666308,0.5741354808147797,0.17420494699646644,0.8934364298025382,0.2613546337361225,0.2613546337361225,0.2613546337361225,0.2613546337361225,0.2613546337361225,0.2613546337361225,0.2615052637655775,0.26163675447998247,0.2614641414364064,0.26169194729499085,0.26225862828606017,0.26180068306733745,0.261003782291067,0.2587684776506065,0.2550595242482539,0.24711416992152999,0.23106269774466906,0.17948521518293412,0.07244347827694572,0.2443906613717419,0.9915814792543596,0.9915814792543596,0.9915814792543596,0.9915814792543596,0.9915814792543596,0.9915814792543596,0.9909801563439568,0.9903788334335538,0.9897775105231509,0.9855682501503308,0.9825616355983163,0.9801563439567047,0.9747444377630787,0.9675285628382442,0.9555021046301864,0.9290438965724594,0.8809380637402285,0.7288033674082982,0.29645219482862295,0.9264170649112259,0.9933734939759036,0.9933734939759036,0.9933734939759036,0.9933734939759036,0.9933734939759036,0.9933734939759036,0.9927710843373494,0.9921686746987952,0.9915662650602409,0.9873493975903614,0.9843373493975903,0.9819277108433735,0.9765060240963855,0.9692771084337349,0.9572289156626506,0.9307228915662651,0.8825301204819277,0.7301204819277108,0.2969879518072289,0.9280913126188965,0.26177251539857366,0.26177251539857366,0.26177251539857366,0.26177251539857366,0.26177251539857366,0.26177251539857366,0.2619234155867793,0.2620554257857992,0.261918798970139,0.2622052774408909,0.2627785215274675,0.2625006586462069,0.2620086748996064,0.26045628392953946,0.25785245845044097,0.2520312320642886,0.23916747385732942,0.1932541337026715,0.08468890478771765,0.2470250711600168,0.9858107482956857,0.9858107482956857,0.9858107482956857,0.9858107482956857,0.9858107482956857,0.9858107482956857,0.9853976075685189,0.9848490396988646,0.9842361225347548,0.9811048614633193,0.978924326450344,0.9770146704788687,0.9723171262894104,0.9673696830409134,0.9586098580040859,0.9411705231713207,0.900783111887485,0.7741327746446408,0.38564938636151197,0.9319170305983239,0.9123757757521632,0.9123757757521632,0.9123757757521632,0.9123757757521632,0.9123757757521632,0.9123757757521632,0.9127353324264823,0.913064995935042,0.9133614778419732,0.9152270640635072,0.9163969890197032,0.9172230474835228,0.9187968171422061,0.9206062543345014,0.9229739719229695,0.9270555197966838,0.9325154209477565,0.9434302147539243,0.9636749109518391,0.9205956142701627,0.5090721111296962,0.5090721111296962,0.5090721111296962,0.5090721111296962,0.5090721111296962,0.5090721111296962,0.5090643644679714,0.5090378214683328,0.5087153693392793,0.5078535956099521,0.5076270941926979,0.5065625335145203,0.5043926893040215,0.5003657595091131,0.4936698413162188,0.47914497943959206,0.45116729220299473,0.361675862099374,0.146547016811057,0.47580299400280535,1649.0,1649.0,1649.0,1649.0,1649.0,1649.0,1648.0,1647.0,1646.0,1639.0,1634.0,1630.0,1621.0,1609.0,1589.0,1545.0,1465.0,1212.0,493.0,1540.6315789473683,14.0,14.0,14.0,14.0,14.0,14.0,15.0,16.0,17.0,24.0,29.0,33.0,42.0,54.0,74.0,118.0,198.0,451.0,1170.0,122.36842105263158,11.0,11.0,11.0,11.0,11.0,11.0,12.0,13.0,14.0,21.0,26.0,30.0,39.0,51.0,71.0,115.0,195.0,448.0,1167.0,119.36842105263158,0.9585087191822008,0.9152270640635072,0.9729404690318701,0.9855682501503308,0.9873493975903614,1.0,0.0,0.0,0.8749592050511655,0.9864580198615709,0.029329608938547486,0.9721105163910333,1500.0571580000883,1639,24,21,24,3,0,0,27.0,716,0.40144447788143245,0.4010823812387252,0.4018072289156627,667,996,993,1660,1663,26,3
tagging_007_tagging_aria03_rgb,0.4459061563715345,0.9081695004869459,0.4049583712959905,0.4459061563715345,0.4459061563715345,0.4459061563715345,0.4456087705780811,0.4449982174478953,0.4446771711554665,0.4445113637519477,0.4442221840068845,0.4437878981936921,0.4422935807320315,0.4415522190015827,0.43834677278527123,0.43328709841359775,0.42526720996183076,0.41812945845241917,0.40398807807143405,0.3737130230383395,0.28557106169749913,0.09470139496469543,0.4085459984930143,0.9818426361802286,0.9818426361802286,0.9818426361802286,0.980510752688172,0.9778523489932885,0.9765258215962441,0.975201072386059,0.9738780977896851,0.9725568942436412,0.9699197860962567,0.9672897196261683,0.9568393094289509,0.9388157894736842,0.9198697068403909,0.8915275994865212,0.8534591194968554,0.76996996996997,0.5692225772097976,0.16160819865983445,0.8842407722382212,0.20250933598033058,0.20250933598033058,0.20250933598033058,0.2025140222804456,0.20250850114096666,0.2024910987234345,0.20261498689820454,0.2026263340470582,0.20250506654044262,0.20169050509229225,0.20156149512327262,0.20081521663855714,0.1999728932519591,0.1966063220952443,0.19610412972790595,0.1912292733131343,0.18138554623617525,0.14326703568010404,0.05549442591793584,0.18899551898148023,0.9844908968307485,0.9844908968307485,0.9844908968307485,0.9838165879973028,0.9824679703304113,0.9817936614969656,0.9811193526635199,0.9804450438300741,0.9797707349966285,0.978422117329737,0.9770734996628456,0.9716790289952798,0.9622387053270398,0.952124072825354,0.9366149696561025,0.9150370869858395,0.8644639244774106,0.7208361429534726,0.27646662171274444,0.9156759058806827,0.9972677595628415,0.9972677595628415,0.9972677595628415,0.9965846994535519,0.9952185792349727,0.994535519125683,0.9938524590163934,0.9931693989071039,0.9924863387978142,0.9911202185792349,0.9897540983606558,0.9842896174863388,0.9747267759562842,0.9644808743169399,0.9487704918032787,0.9269125683060109,0.8756830601092896,0.730191256830601,0.28005464480874315,0.9275596778832326,0.20254662803682041,0.20254662803682041,0.20254662803682041,0.2025571995869358,0.2025645765272177,0.20255509184831755,0.2026790934256836,0.20269532770817714,0.20259474829895885,0.20193800137551313,0.20183587829924937,0.2012835692118363,0.20072438389661995,0.19799121649613852,0.1978087326988082,0.19385266673365553,0.18577507615389885,0.1520059184351435,0.06324328750234455,0.19051287643731366,0.9980080335158681,0.9980080335158681,0.9980080335158681,0.9973358502597066,0.996016268524828,0.9953389837798979,0.9947630426461842,0.9941448487131509,0.9934608797121077,0.9920815271972149,0.9907543439027309,0.9858195083575534,0.9780511864562611,0.9680131615691544,0.956534403905504,0.9370408690003901,0.8948186369097549,0.7638778265284143,0.3680958156376198,0.9368511186130567,0.9081695004869459,0.9081695004869459,0.9081695004869459,0.9086596014558268,0.9095902456422537,0.9100353804402711,0.9104264069323164,0.9108029359105702,0.9111392524220886,0.9117435229065126,0.9122857840435963,0.9141463585328008,0.9169952606427578,0.9195995190167405,0.9228765510898727,0.9262055667559247,0.9319060988324261,0.9420529193045191,0.9640495446326548,0.9182643921064194,0.44650710833745416,0.44650710833745416,0.44650710833745416,0.4463593332972413,0.44604721284928944,0.44587495695118856,0.44585814424040077,0.4457173823914603,0.4454307329819875,0.444227926899812,0.443779669923456,0.44173287709975806,0.43865893117918786,0.43265877101537814,0.4285721217187826,0.4183083518158218,0.39598138989452886,0.3213597009769952,0.12386426626521423,0.4159975312901508,1460.0,1460.0,1460.0,1459.0,1457.0,1456.0,1455.0,1454.0,1453.0,1451.0,1449.0,1441.0,1427.0,1412.0,1389.0,1357.0,1282.0,1069.0,410.0,1357.9473684210527,23.0,23.0,23.0,24.0,26.0,27.0,28.0,29.0,30.0,32.0,34.0,42.0,56.0,71.0,94.0,126.0,201.0,414.0,1073.0,125.05263157894737,4.0,4.0,4.0,5.0,7.0,8.0,9.0,10.0,11.0,13.0,15.0,23.0,37.0,52.0,75.0,107.0,182.0,395.0,1054.0,106.05263157894737,0.9527983816587997,0.9117435229065126,0.9696561024949427,0.978422117329737,0.9911202185792349,1.0,0.0,0.0,0.8664462924729264,0.9847302341364099,0.018156424581005588,0.9687134591984679,1322.9398517373497,1451,32,13,25,3,0,0,27.0,716,0.3461146929080421,0.34389750505731626,0.3483606557377049,510,973,954,1464,1483,29,3
tagging_007_tagging_aria04_rgb,0.4662480889487755,0.9216292532140633,0.42970787803034416,0.4662480889487755,0.4662480889487755,0.4662480889487755,0.4662480889487755,0.4662480889487755,0.4662480889487755,0.4662480889487755,0.4662480889487755,0.4658054799894998,0.4658054799894998,0.4658054799894998,0.46513657643863504,0.46149383017428464,0.45568725239414026,0.44840192767020937,0.4354476176675033,0.4069193773707264,0.32540573787850974,0.13114084890603672,0.43458075368730253,0.988399071925754,0.988399071925754,0.988399071925754,0.988399071925754,0.988399071925754,0.988399071925754,0.988399071925754,0.988399071925754,0.9853281853281853,0.9853281853281853,0.9853281853281853,0.9807395993836672,0.9701149425287356,0.9536474164133738,0.9345372460496614,0.9016272189349113,0.8285917496443812,0.6396683673469388,0.2225392296718973,0.9102443632296925,0.2199387743503616,0.2199387743503616,0.2199387743503616,0.2199387743503616,0.2199387743503616,0.2199387743503616,0.2199387743503616,0.2199387743503616,0.22020556035954666,0.22020556035954666,0.22020556035954666,0.2206008963816876,0.21953744443290327,0.21774386258548964,0.21514850220070855,0.21030268801810925,0.19983710886675557,0.16553717465104245,0.07728040704172412,0.20769026105578706,0.9906976744186047,0.9906976744186047,0.9906976744186047,0.9906976744186047,0.9906976744186047,0.9906976744186047,0.9906976744186047,0.9906976744186047,0.9891472868217054,0.9891472868217054,0.9891472868217054,0.9868217054263566,0.9813953488372092,0.9728682170542635,0.9627906976744186,0.9449612403100776,0.9031007751937985,0.7775193798449612,0.3627906976744186,0.9360669114647083,0.9976580796252927,0.9976580796252927,0.9976580796252927,0.9976580796252927,0.9976580796252927,0.9976580796252927,0.9976580796252927,0.9976580796252927,0.9960967993754879,0.9960967993754879,0.9960967993754879,0.9937548790007806,0.9882903981264637,0.9797033567525371,0.9695550351288056,0.9516003122560499,0.9094457455113193,0.7829820452771272,0.36533957845433257,0.9426434939808538,0.2202628610878183,0.2202628610878183,0.2202628610878183,0.2202628610878183,0.2202628610878183,0.2202628610878183,0.2202628610878183,0.2202628610878183,0.2205309703703383,0.2205309703703383,0.2205309703703383,0.22092643199070944,0.22016157779746778,0.21878078823026267,0.21675488918192964,0.2129573428636524,0.20456190156638845,0.17496421619622757,0.08901077551508606,0.2095691433239624,0.973842378484188,0.973842378484188,0.973842378484188,0.973842378484188,0.973842378484188,0.973842378484188,0.973842378484188,0.973842378484188,0.9724429673741839,0.9724429673741839,0.9724429673741839,0.9720140068584677,0.9685836059431522,0.9605298930290231,0.9519838233815873,0.936061406630027,0.8989850313537349,0.7776678846338284,0.3979294582435901,0.9248327915826033,0.9216292532140633,0.9216292532140633,0.9216292532140633,0.9216292532140633,0.9216292532140633,0.9216292532140633,0.9216292532140633,0.9216292532140633,0.9223910081986154,0.9223910081986154,0.9223910081986154,0.9232183480121022,0.9248324423737686,0.9270270060364061,0.9292071850423732,0.9319486204480357,0.9367287863067767,0.9460159427335366,0.9647898504050567,0.9275776437719163,0.4667899230525242,0.4667899230525242,0.4667899230525242,0.4667899230525242,0.4667899230525242,0.4667899230525242,0.4667899230525242,0.4667899230525242,0.46670733074668846,0.46670733074668846,0.46670733074668846,0.46657663120430704,0.46416917913844574,0.4602565408205014,0.45512962608187396,0.44578906324643697,0.42482119524578155,0.3587594756601776,0.1674413711937111,0.44091497153955234,1278.0,1278.0,1278.0,1278.0,1278.0,1278.0,1278.0,1278.0,1276.0,1276.0,1276.0,1273.0,1266.0,1255.0,1242.0,1219.0,1165.0,1003.0,468.0,1207.5263157894738,12.0,12.0,12.0,12.0,12.0,12.0,12.0,12.0,14.0,14.0,14.0,17.0,24.0,35.0,48.0,71.0,125.0,287.0,822.0,82.47368421052632,3.0,3.0,3.0,3.0,3.0,3.0,3.0,3.0,5.0,5.0,5.0,8.0,15.0,26.0,39.0,62.0,116.0,278.0,813.0,73.47368421052632,0.9682170542635659,0.9223910081986154,0.9852713178294573,0.9891472868217054,0.9960967993754879,1.0,0.0,0.0,0.8914503305902584,0.9926098794243485,0.006983240223463687,0.9842306800923859,1176.9709264614332,1276,14,5,22,3,0,0,19.0,716,0.31349669389342666,0.3124031007751938,0.31459797033567527,403,887,878,1281,1290,22,3
tagging_008_tagging_aria01_rgb,0.6017290120425822,0.8861733811527894,0.5332362331395026,0.6017290120425822,0.6007454428589787,0.5966525325872274,0.5966525325872274,0.5940160646338799,0.5940160646338799,0.5930225024230882,0.5930225024230882,0.5930225024230882,0.5930225024230882,0.5909179774485915,0.5791180410521232,0.555771506250073,0.53363281328583,0.5163848747990522,0.49753947692636413,0.4240957847388889,0.3428259249791412,0.12540014687220155,0.5327151687046524,0.9580645161290322,0.9517684887459807,0.9455128205128205,0.9455128205128205,0.939297124600639,0.939297124600639,0.9331210191082803,0.9331210191082803,0.9331210191082803,0.9331210191082803,0.9208860759493671,0.9028213166144201,0.8619631901840491,0.8173652694610778,0.7905604719764012,0.7492795389048992,0.6186666666666667,0.48048780487804876,0.16061185468451242,0.827083113729184,0.37792632733824927,0.37918368950345693,0.3765091672153857,0.3765091672153857,0.37565864496087453,0.37565864496087453,0.37688111314458855,0.37688111314458855,0.37688111314458855,0.37688111314458855,0.3791826863186638,0.37147738904716493,0.35834705086828766,0.3483925608964349,0.3372965742324549,0.3303780741990597,0.29071751287709163,0.2446047821497439,0.09790807077384482,0.34354077869133304,0.9867109634551495,0.9833887043189369,0.9800664451827242,0.9800664451827242,0.9767441860465116,0.9767441860465116,0.973421926910299,0.973421926910299,0.973421926910299,0.973421926910299,0.9667774086378738,0.9568106312292359,0.9335548172757475,0.9069767441860465,0.8903654485049833,0.8637873754152824,0.770764119601329,0.654485049833887,0.27906976744186046,0.8947368421052632,0.9705882352941176,0.9673202614379085,0.9640522875816994,0.9640522875816994,0.9607843137254902,0.9607843137254902,0.9575163398692811,0.9575163398692811,0.9575163398692811,0.9575163398692811,0.9509803921568627,0.9411764705882353,0.9183006535947712,0.8921568627450981,0.8758169934640523,0.8496732026143791,0.7581699346405228,0.6437908496732027,0.27450980392156865,0.8801169590643274,0.37792655234515693,0.37918368950345693,0.37725660228616476,0.37725660228616476,0.3766611295681063,0.3766611295681063,0.37788713389951584,0.37788713389951584,0.37788713389951584,0.37788713389951584,0.38019792748874504,0.37452896210163655,0.3650721399211013,0.3581792884118466,0.3504063982413514,0.3454308288610614,0.31564922480620156,0.27705308306772125,0.127468623108158,0.3510779324822654,0.9977553310886645,1.0,0.9966515088879702,0.9966515088879702,0.9933096205962059,0.9933096205962059,0.991580301895169,0.991580301895169,0.991580301895169,0.991580301895169,0.9866541642220547,0.976733641034327,0.9546587150035202,0.9318317003682859,0.9162647130202646,0.8944282885136545,0.8163649133258574,0.7044757404426837,0.3251812330623306,0.9184522056121406,0.8861733811527894,0.8888729221809843,0.891494865706148,0.891494865706148,0.8937356804152108,0.8937356804152108,0.8956606785578031,0.8956606785578031,0.8956606785578031,0.8956606785578031,0.8980645283440537,0.9015777473431665,0.9082887186521276,0.9150516613388735,0.9186063472203095,0.9231270332801935,0.9342985392411517,0.9441774884318112,0.9639205552665425,0.9071190909961019,0.6106587021921411,0.6106430685103029,0.607456995260974,0.607456995260974,0.6057411967198904,0.6057411967198904,0.6056932716922847,0.6056932716922847,0.6056932716922847,0.6056932716922847,0.6054628435168466,0.5961824511855464,0.5783914034584602,0.5621244974029218,0.5480120578925924,0.5342063361727949,0.4733652161549257,0.4001127004168728,0.16529725509377974,0.5544013685646343,297.0,296.0,295.0,295.0,294.0,294.0,293.0,293.0,293.0,293.0,291.0,288.0,281.0,273.0,268.0,260.0,232.0,197.0,84.0,269.3157894736842,4.0,5.0,6.0,6.0,7.0,7.0,8.0,8.0,8.0,8.0,10.0,13.0,20.0,28.0,33.0,41.0,69.0,104.0,217.0,31.68421052631579,9.0,10.0,11.0,11.0,12.0,12.0,13.0,13.0,13.0,13.0,15.0,18.0,25.0,33.0,38.0,46.0,74.0,109.0,222.0,36.68421052631579,0.8970099667774086,0.8956606785578031,0.9302325581395349,0.973421926910299,0.9575163398692811,1.0,0.0,0.0,0.7954437834466321,0.9654036243822076,0.06467661691542288,0.9269102990033222,262.4285788174363,293,8,13,10,2,0,0,9.0,201,0.514003294892916,0.5182724252491694,0.5098039215686274,156,145,150,306,301,15,2
tagging_008_tagging_aria03_rgb,0.6872795513253336,0.8866553420372338,0.6093800856555602,0.6872795513253336,0.6872795513253336,0.6872795513253336,0.6872795513253336,0.6872795513253336,0.6872795513253336,0.6872795513253336,0.6872795513253336,0.6872795513253336,0.6840411287265387,0.6840411287265387,0.6840411287265387,0.665155660611194,0.6422524302542889,0.606617271019774,0.5505569847626514,0.5073865444439069,0.36695149051389686,0.12863191354342632,0.6160627180661451,0.974025974025974,0.974025974025974,0.974025974025974,0.974025974025974,0.974025974025974,0.974025974025974,0.974025974025974,0.974025974025974,0.974025974025974,0.9612903225806452,0.9612903225806452,0.9612903225806452,0.9,0.8536585365853658,0.788235294117647,0.6983240223463687,0.6256684491978609,0.44075829383886256,0.14285714285714285,0.8473477091009973,0.48494926651448395,0.48494926651448395,0.48494926651448395,0.48494926651448395,0.48494926651448395,0.48494926651448395,0.48494926651448395,0.48494926651448395,0.48494926651448395,0.48675437045214054,0.48675437045214054,0.48675437045214054,0.4915911698256822,0.48320044431054715,0.4668460245888901,0.43405780665038945,0.4114656985065835,0.30550394234804495,0.11582318427290454,0.44912077792051686,1.0,1.0,1.0,1.0,1.0,1.0,1.0,1.0,1.0,0.9933333333333333,0.9933333333333333,0.9933333333333333,0.96,0.9333333333333333,0.8933333333333333,0.8333333333333334,0.78,0.62,0.25333333333333335,0.9080701754385965,0.974025974025974,0.974025974025974,0.974025974025974,0.974025974025974,0.974025974025974,0.974025974025974,0.974025974025974,0.974025974025974,0.974025974025974,0.9675324675324676,0.9675324675324676,0.9675324675324676,0.935064935064935,0.9090909090909091,0.8701298701298701,0.8116883116883117,0.7597402597402597,0.6038961038961039,0.24675324675324675,0.8844839371155161,0.4857037037037038,0.4857037037037038,0.4857037037037038,0.4857037037037038,0.4857037037037038,0.4857037037037038,0.4857037037037038,0.4857037037037038,0.4857037037037038,0.48754660700969427,0.48754660700969427,0.48754660700969427,0.49332561728395063,0.48944444444444435,0.48138474295190714,0.46044444444444443,0.445014245014245,0.3568697729988053,0.15160818713450291,0.4585297162439325,0.9824603174603175,0.9824603174603175,0.9824603174603175,0.9824603174603175,0.9824603174603175,0.9824603174603175,0.9824603174603175,0.9824603174603175,0.9824603174603175,0.9784276126558005,0.9784276126558005,0.9784276126558005,0.9597594246031745,0.9406963964831216,0.9220601699444398,0.8802940087217583,0.8360318532603394,0.6728579510819019,0.36148701251518117,0.9131901321957987,0.8866553420372338,0.8866553420372338,0.8866553420372338,0.8866553420372338,0.8866553420372338,0.8866553420372338,0.8866553420372338,0.8866553420372338,0.8866553420372338,0.8893896524500549,0.8893896524500549,0.8893896524500549,0.8987087845753015,0.9051756744827989,0.9132680119841887,0.923347731471114,0.9301343331868597,0.9427855577321138,0.9636682689705518,0.9013239683204314,0.6963829883867669,0.6963829883867669,0.6963829883867669,0.6963829883867669,0.6963829883867669,0.6963829883867669,0.6963829883867669,0.6963829883867669,0.6963829883867669,0.6953483596844052,0.6953483596844052,0.6953483596844052,0.6869698123153992,0.6715557172390916,0.6457933998574222,0.6014273346592459,0.5665185300015659,0.4352153998375837,0.17129469737600117,0.6385403613589699,150.0,150.0,150.0,150.0,150.0,150.0,150.0,150.0,150.0,149.0,149.0,149.0,144.0,140.0,134.0,125.0,117.0,93.0,38.0,136.21052631578948,0.0,0.0,0.0,0.0,0.0,0.0,0.0,0.0,0.0,1.0,1.0,1.0,6.0,10.0,16.0,25.0,33.0,57.0,112.0,13.789473684210526,4.0,4.0,4.0,4.0,4.0,4.0,4.0,4.0,4.0,5.0,5.0,5.0,10.0,14.0,20.0,29.0,37.0,61.0,116.0,17.789473684210527,0.9333333333333333,0.8893896524500549,0.96,0.9933333333333333,0.9675324675324676,1.0,0.0,0.0,0.8234603881003879,0.9802631578947368,0.024875621890547265,0.9559862667244803,132.51905821505818,149,1,5,4,2,0,0,2.0,201,0.618421052631579,0.6266666666666667,0.6103896103896104,94,56,60,154,150,7,2
tagging_008_tagging_aria04_rgb,0.4477250557189788,0.8933640466414162,0.39998146755986047,0.4477250557189788,0.4477250557189788,0.4477250557189788,0.4477250557189788,0.44443040720386234,0.44443040720386234,0.44443040720386234,0.4426892909848827,0.4387941872656735,0.4366495831030401,0.4292403767402948,0.4259288371793178,0.42287450448415587,0.41337042083000786,0.3920969621537577,0.3716596234062595,0.33131755682095043,0.28236961517543085,0.1392556514232097,0.40265463442392013,0.9264305177111717,0.9264305177111717,0.9264305177111717,0.9264305177111717,0.9211956521739131,0.9211956521739131,0.9211956521739131,0.9159891598915989,0.9056603773584906,0.9005376344086021,0.8803191489361702,0.8703703703703703,0.8605263157894737,0.8316062176165803,0.7675,0.7036144578313253,0.6068181818181818,0.49156118143459915,0.20442930153321975,0.8109600723344758,0.21637642725091913,0.21637642725091913,0.21637642725091913,0.21637642725091913,0.21441523999952758,0.21441523999952758,0.21441523999952758,0.21394773752114085,0.2125966240675328,0.21172114427985028,0.20929602774948786,0.20843468541297858,0.2078063660129472,0.2054759827396593,0.20031273971362257,0.19631614179195309,0.18089656300162413,0.16220279913402624,0.09485986748407133,0.2006641109426923,0.9577464788732394,0.9577464788732394,0.9577464788732394,0.9577464788732394,0.9549295774647887,0.9549295774647887,0.9549295774647887,0.952112676056338,0.9464788732394366,0.9436619718309859,0.9323943661971831,0.9267605633802817,0.9211267605633803,0.9042253521126761,0.8647887323943662,0.8225352112676056,0.752112676056338,0.6563380281690141,0.3380281690140845,0.8766493699036323,0.9659090909090909,0.9659090909090909,0.9659090909090909,0.9659090909090909,0.9630681818181818,0.9630681818181818,0.9630681818181818,0.9602272727272727,0.9545454545454546,0.9517045454545454,0.9403409090909091,0.9346590909090909,0.9289772727272727,0.9119318181818182,0.8721590909090909,0.8295454545454546,0.7585227272727273,0.6619318181818182,0.3409090909090909,0.8841208133971291,0.23668175826480325,0.23668175826480325,0.23668175826480325,0.23668175826480325,0.2347636963071633,0.2347636963071633,0.2347636963071633,0.2344298800746765,0.2334231040901209,0.2327517302714844,0.23096838295878633,0.23035693968109486,0.22996696593566532,0.2280639386879079,0.2239624158813659,0.22152975449208326,0.20793252609181226,0.1920014787030692,0.12442173839232663,0.22320141985479455,0.8637226105395429,0.8637226105395429,0.8637226105395429,0.8637226105395429,0.8621627263096125,0.8621627263096125,0.8621627263096125,0.859218998111881,0.853098277862547,0.8498985712293008,0.8371545746796332,0.8314750974957492,0.8252368499487593,0.8127287473640867,0.7825251094836546,0.7448906361449971,0.689664327717856,0.6123385209845841,0.3775591483088563,0.7956403937062586,0.8933640466414162,0.8933640466414162,0.8933640466414162,0.8933640466414162,0.895382604980945,0.895382604980945,0.895382604980945,0.8969406805288641,0.8997489568670312,0.9010766219958869,0.9056179223164729,0.9075727153722699,0.909302165094954,0.913570849812197,0.9220662151350345,0.9296326423486762,0.9391584024198838,0.9481433953619206,0.9646462140193921,0.9103726727779518,0.4552293502299027,0.4552293502299027,0.4552293502299027,0.4552293502299027,0.4524947011123557,0.4524947011123557,0.4524947011123557,0.451333970478018,0.44857353154410096,0.44698231787111686,0.4417538196111854,0.4395100072595888,0.43751114814362635,0.4310412890239943,0.41620692000420445,0.40184193305836735,0.36885579579091,0.32628188020042037,0.17906788466545115,0.4193348422056664,340.0,340.0,340.0,340.0,339.0,339.0,339.0,338.0,336.0,335.0,331.0,329.0,327.0,321.0,307.0,292.0,267.0,233.0,120.0,311.2105263157895,15.0,15.0,15.0,15.0,16.0,16.0,16.0,17.0,19.0,20.0,24.0,26.0,28.0,34.0,48.0,63.0,88.0,122.0,235.0,43.78947368421053,12.0,12.0,12.0,12.0,13.0,13.0,13.0,14.0,16.0,17.0,21.0,23.0,25.0,31.0,45.0,60.0,85.0,119.0,232.0,40.78947368421053,0.8704225352112676,0.9010766219958869,0.895774647887324,0.9436619718309859,0.9517045454545454,1.0,0.0,0.0,0.7770723052637242,0.9476661951909476,0.0845771144278607,0.8930866408184808,301.8606683686221,335,20,17,9,2,0,0,6.0,201,0.32248939179632247,0.3211267605633803,0.32386363636363635,114,241,238,352,355,15,2
tagging_009_tagging_aria01_rgb,0.433450060753276,0.9112740042779272,0.3949917725171486,0.433450060753276,0.433450060753276,0.4325176066534698,0.43199658256353995,0.43174451320147605,0.4313332381414336,0.4313332381414336,0.43016217959422853,0.4294117545839548,0.42634164670712743,0.4245736961648699,0.4208050481612453,0.4160040180126471,0.41029019461750826,0.40033026803480354,0.38431398877021555,0.3700919787709728,0.3185083040479758,0.1665697191746166,0.40122253141305636,0.9616279069767442,0.9616279069767442,0.9548088064889919,0.9502890173410404,0.9480369515011547,0.9457900807381776,0.9457900807381776,0.9413118527042578,0.9368541905855339,0.928,0.919226393629124,0.9083710407239819,0.895505617977528,0.8765294771968855,0.8538461538461538,0.8062098501070664,0.7554630593132154,0.6252408477842004,0.29173047473200614,0.8634873531242624,0.19537593886775825,0.19537593886775825,0.1959255913790133,0.19638346223210396,0.19662031567906926,0.19671210992228444,0.19671210992228444,0.19657619334300808,0.19682300279793177,0.1958698272811908,0.1961027497953122,0.19493894082847,0.19325321866044348,0.19205063626338356,0.18769695545609275,0.183199500657129,0.18130346820019314,0.16225353814780194,0.09510652382613988,0.18675158011196677,0.992797118847539,0.992797118847539,0.9891956782713085,0.9867947178871549,0.985594237695078,0.9843937575030012,0.9843937575030012,0.9819927971188476,0.9795918367346939,0.9747899159663865,0.9699879951980792,0.963985594237695,0.9567827130852341,0.9459783913565426,0.9327731092436975,0.9039615846338536,0.8715486194477791,0.7791116446578632,0.45738295318127253,0.9280975548113982,0.968384074941452,0.968384074941452,0.9648711943793911,0.9625292740046838,0.9613583138173302,0.9601873536299765,0.9601873536299765,0.9578454332552693,0.955503512880562,0.9508196721311475,0.9461358313817331,0.9402810304449649,0.9332552693208431,0.9227166276346604,0.9098360655737705,0.8817330210772834,0.8501170960187353,0.7599531615925058,0.446135831381733,0.9052754837914456,0.1958533892873048,0.1958533892873048,0.19640886890699122,0.19686788820363962,0.197105318049812,0.1972015232495513,0.1972015232495513,0.1971081187070772,0.19735920543235022,0.19666522923756688,0.1969240677735883,0.1960414399222294,0.1948150498097354,0.19404807966711687,0.19063544874197064,0.18729692451349,0.18633842779506746,0.1709919460976685,0.10937246573911956,0.18916254229848084,0.955907420993732,0.955907420993732,0.9567287195868862,0.956623436666173,0.9574841229471306,0.956327091389749,0.956327091389749,0.9539877858181458,0.9524410170470029,0.9482964833337736,0.9450726664607927,0.9410663421912582,0.9337705237488171,0.9255227610247694,0.9116328500402864,0.883209423726842,0.8614968615124452,0.78781407808605,0.5052937019846507,0.9076268315232624,0.9112740042779272,0.9112740042779272,0.9141929730019867,0.9159553770336548,0.9168240905336658,0.9176086525184738,0.9176086525184738,0.9188862140555416,0.9200949116976235,0.9222333237087178,0.9242096705694127,0.9263365610053491,0.9286204949536209,0.9314815705110231,0.9344768802197526,0.939522018527666,0.943919769240255,0.9517260809980259,0.9682111957504371,0.9270766550210282,0.44041874301628364,0.44041874301628364,0.44023715001674985,0.4402160415194246,0.4402134143197795,0.4400479212912396,0.4400479212912396,0.4393590854277124,0.43909703577052733,0.43695758658682493,0.43613909836975795,0.4334954794627039,0.43000155681391794,0.4262343861673247,0.4184240346064688,0.40694632436987194,0.3975107387366694,0.3555469321452392,0.2085667824328815,0.41630941975583685,827.0,827.0,824.0,822.0,821.0,820.0,820.0,818.0,816.0,812.0,808.0,803.0,797.0,788.0,777.0,753.0,726.0,649.0,381.0,773.1052631578947,6.0,6.0,9.0,11.0,12.0,13.0,13.0,15.0,17.0,21.0,25.0,30.0,36.0,45.0,56.0,80.0,107.0,184.0,452.0,59.89473684210526,27.0,27.0,30.0,32.0,33.0,34.0,34.0,36.0,38.0,42.0,46.0,51.0,57.0,66.0,77.0,101.0,128.0,205.0,473.0,80.89473684210526,0.9099639855942377,0.9211455553701171,0.936374549819928,0.9807923169267707,0.9566744730679156,1.0,0.0,0.0,0.832624152145721,0.968583283935981,0.0647985989492119,0.9347629979822062,752.5759187373857,817,16,37,22,2,0,0,19.0,571,0.35803200948429165,0.3625450180072029,0.35362997658079626,302,531,552,854,833,26,2
tagging_009_tagging_aria03_rgb,0.4972505964729439,0.9252597178759323,0.4600859466061951,0.4972505964729439,0.4972505964729439,0.4972505964729439,0.4972505964729439,0.4972505964729439,0.4972505964729439,0.4972505964729439,0.4972505964729439,0.49494225050795937,0.49494225050795937,0.4920789884587802,0.48192646031996866,0.47754282965380673,0.46720475087273783,0.4558161706744277,0.4428382858616958,0.41801281090287506,0.3587551325607176,0.19941641514307928,0.4611305851182926,0.9634615384615385,0.9634615384615385,0.9634615384615385,0.9634615384615385,0.9634615384615385,0.9634615384615385,0.9634615384615385,0.9634615384615385,0.9559386973180076,0.9559386973180076,0.9521988527724665,0.9337121212121212,0.9227871939736346,0.8977695167286245,0.86996336996337,0.8429602888086642,0.7880910683012259,0.6521035598705501,0.3451910408432148,0.8854919323580102,0.2566352114974116,0.2566352114974116,0.2566352114974116,0.2566352114974116,0.2566352114974116,0.2566352114974116,0.2566352114974116,0.2566352114974116,0.25625893378431913,0.25625893378431913,0.25429744026427376,0.24874167088570004,0.24712865072581439,0.24313621165646931,0.2388242868858342,0.2326393663242151,0.22171893212236646,0.1973693337362052,0.11520260355360441,0.2402451608264428,0.9940476190476191,0.9940476190476191,0.9940476190476191,0.9940476190476191,0.9940476190476191,0.9940476190476191,0.9940476190476191,0.9940476190476191,0.9900793650793651,0.9900793650793651,0.9880952380952381,0.9781746031746031,0.9722222222222222,0.9583333333333334,0.9424603174603174,0.9265873015873016,0.8928571428571429,0.7996031746031746,0.5198412698412699,0.9426691729323308,0.9690522243713733,0.9690522243713733,0.9690522243713733,0.9690522243713733,0.9690522243713733,0.9690522243713733,0.9690522243713733,0.9690522243713733,0.965183752417795,0.965183752417795,0.9632495164410058,0.9535783365570599,0.9477756286266924,0.9342359767891683,0.9187620889748549,0.9032882011605415,0.8704061895551257,0.7794970986460348,0.5067698259187621,0.9189656927618856,0.2567011626795286,0.2567011626795286,0.2567011626795286,0.2567011626795286,0.2567011626795286,0.2567011626795286,0.2567011626795286,0.2567011626795286,0.2564273218969709,0.2564273218969709,0.2549494164340647,0.2506563045887786,0.24940152013884734,0.24629029222297102,0.24289499408344908,0.23800291371266022,0.22920603888345822,0.20918441600023285,0.13016461089595785,0.24301128695739946,0.9961849699615547,0.9961849699615547,0.9961849699615547,0.9961849699615547,0.9961849699615547,0.9961849699615547,0.9961849699615547,0.9961849699615547,0.9922833458735848,0.9922833458735848,0.9902902431848801,0.9804214295697732,0.9745756026669522,0.9612761587546049,0.9468785283726091,0.9321154622641438,0.8990029739755614,0.8192760204960622,0.5658974872316183,0.9486200188397798,0.9252597178759323,0.9252597178759323,0.9252597178759323,0.9252597178759323,0.9252597178759323,0.9252597178759323,0.9252597178759323,0.9252597178759323,0.9272314852092441,0.9272314852092441,0.9280660355223606,0.9315418267251908,0.9333507272178745,0.937229533731924,0.9407737414966789,0.9435377504758141,0.9480367343490166,0.9561351772322644,0.9690730876211412,0.9339097540946428,0.5050817962991581,0.5050817962991581,0.5050817962991581,0.5050817962991581,0.5050817962991581,0.5050817962991581,0.5050817962991581,0.5050817962991581,0.5037029704668157,0.5037029704668157,0.5012684807415455,0.4932674580910516,0.49016728367306467,0.48270646999059696,0.4744285122499039,0.46428513080361966,0.444930705000355,0.3972620618996774,0.24471834365311912,0.47584709249630686,501.0,501.0,501.0,501.0,501.0,501.0,501.0,501.0,499.0,499.0,498.0,493.0,490.0,483.0,475.0,467.0,450.0,403.0,262.0,475.10526315789474,3.0,3.0,3.0,3.0,3.0,3.0,3.0,3.0,5.0,5.0,6.0,11.0,14.0,21.0,29.0,37.0,54.0,101.0,242.0,28.894736842105264,16.0,16.0,16.0,16.0,16.0,16.0,16.0,16.0,18.0,18.0,19.0,24.0,27.0,34.0,42.0,50.0,67.0,114.0,255.0,41.89473684210526,0.9384920634920635,0.9272314852092441,0.9543650793650794,0.9900793650793651,0.965183752417795,1.0,0.0,0.0,0.8664454585702636,0.9774730656219393,0.03152364273204904,0.9525732341527938,462.68851111941285,499,5,18,8,2,0,0,9.0,571,0.38981390793339865,0.3948412698412698,0.3849129593810445,199,305,318,517,504,13,2
tagging_009_tagging_aria04_rgb,0.4272761986021212,0.9294350556019937,0.397125477405171,0.4272761986021212,0.4272761986021212,0.4272761986021212,0.4272761986021212,0.4272761986021212,0.4272761986021212,0.4272761986021212,0.4272761986021212,0.4272761986021212,0.4255065731954999,0.4238196922635156,0.42066508929905116,0.41664837207111716,0.41312503445237503,0.40537726296498267,0.3989342479870152,0.3807238568565388,0.34284950165772965,0.16957213509209307,0.4022477659610005,0.9757575757575757,0.9757575757575757,0.9757575757575757,0.9757575757575757,0.9757575757575757,0.9757575757575757,0.9757575757575757,0.9757575757575757,0.9757575757575757,0.9709794437726723,0.9662243667068757,0.9567827130852341,0.9427890345649583,0.933570581257414,0.9131455399061033,0.8931475029036005,0.8314606741573034,0.7266949152542372,0.3019169329073482,0.9062384150702067,0.18710072504447262,0.18710072504447262,0.18710072504447262,0.18710072504447262,0.18710072504447262,0.18710072504447262,0.18710072504447262,0.18710072504447262,0.18710072504447262,0.1864672264626917,0.18590209245347408,0.18495225189046077,0.18413012835858486,0.18281670129472138,0.1799611542163131,0.17818841087231105,0.17433254474317464,0.1617539607330673,0.09524046472913549,0.17882376111337833,0.9962871287128713,0.9962871287128713,0.9962871287128713,0.9962871287128713,0.9962871287128713,0.9962871287128713,0.9962871287128713,0.9962871287128713,0.9962871287128713,0.9938118811881188,0.9913366336633663,0.9863861386138614,0.9789603960396039,0.974009900990099,0.9628712871287128,0.9517326732673267,0.9158415841584159,0.849009900990099,0.46782178217821785,0.9493877019280873,0.9793187347931873,0.9793187347931873,0.9793187347931873,0.9793187347931873,0.9793187347931873,0.9793187347931873,0.9793187347931873,0.9793187347931873,0.9793187347931873,0.9768856447688564,0.9744525547445255,0.9695863746958637,0.962287104622871,0.9574209245742092,0.9464720194647201,0.9355231143552312,0.9002433090024331,0.8345498783454988,0.45985401459854014,0.9332180817006019,0.18710370913574573,0.18710370913574573,0.18710370913574573,0.18710370913574573,0.18710370913574573,0.18710370913574573,0.18710370913574573,0.18710370913574573,0.18710370913574573,0.18656747328701184,0.1860940538409492,0.18529480018220695,0.18465643499644432,0.18354588119852616,0.1811301546438876,0.17966001591215472,0.1765495623646406,0.16570140187755655,0.10313665377992863,0.17980367443710624,0.9967761017450458,0.9967761017450458,0.9967761017450458,0.9967761017450458,0.9967761017450458,0.9967761017450458,0.9967761017450458,0.9967761017450458,0.9967761017450458,0.9943506667922463,0.9918765099956679,0.9870589755235961,0.980862192374585,0.9758511115356374,0.9645213828014114,0.9536294137831508,0.9238095974515059,0.8611767143143815,0.527105548755499,0.9542751067912155,0.9294350556019937,0.9294350556019937,0.9294350556019937,0.9294350556019937,0.9294350556019937,0.9294350556019937,0.9294350556019937,0.9294350556019937,0.9294350556019937,0.9305506764938548,0.9316065445057131,0.9334011259556909,0.9356889564383978,0.9370273397209581,0.9394697234308466,0.9413681933093575,0.9458650955471587,0.9508134613840772,0.9671928069304478,0.9356789170597077,0.43174766256999475,0.43174766256999475,0.43174766256999475,0.43174766256999475,0.43174766256999475,0.43174766256999475,0.43174766256999475,0.43174766256999475,0.43174766256999475,0.4304803655346183,0.42929192226712454,0.4271233282907524,0.4245657821595416,0.4219778159185718,0.4162684568802087,0.4118103114599747,0.39957601773374357,0.37058158910925115,0.2110818891924787,0.41202560219348516,805.0,805.0,805.0,805.0,805.0,805.0,805.0,805.0,805.0,803.0,801.0,797.0,791.0,787.0,778.0,769.0,740.0,686.0,378.0,767.1052631578947,3.0,3.0,3.0,3.0,3.0,3.0,3.0,3.0,3.0,5.0,7.0,11.0,17.0,21.0,30.0,39.0,68.0,122.0,430.0,40.89473684210526,17.0,17.0,17.0,17.0,17.0,17.0,17.0,17.0,17.0,19.0,21.0,25.0,31.0,35.0,44.0,53.0,82.0,136.0,444.0,54.89473684210526,0.9566831683168316,0.9304974401682828,0.9702970297029703,0.9938118811881188,0.9768856447688564,1.0,0.0,0.0,0.8876106985830831,0.9852760736196319,0.03327495621716287,0.9690081773698537,747.1894444551311,803,5,19,11,2,0,0,6.0,571,0.2294478527607362,0.23143564356435645,0.22749391727493917,187,621,635,822,808,19,2
tagging_010_tagging_aria01_rgb,0.3702749937656127,0.9040938902341215,0.33476335956996783,0.3702749937656127,0.3702749937656127,0.3702749937656127,0.3702749937656127,0.3680314930401318,0.3660870340183993,0.3660870340183993,0.3660870340183993,0.36392578827180194,0.36287107105235444,0.35989139316219293,0.35707382261384235,0.35219892418482707,0.34945190965412787,0.34250046645505583,0.3289329544829199,0.3034146231860213,0.2514030499186811,0.09921481541290661,0.33780375729223744,0.925343811394892,0.925343811394892,0.925343811394892,0.925343811394892,0.9178082191780822,0.9103313840155945,0.9103313840155945,0.9103313840155945,0.9029126213592233,0.8992248062015504,0.8882466281310212,0.8809980806142035,0.8631178707224335,0.8525519848771267,0.8249534450651769,0.7818181818181819,0.7013888888888888,0.5433070866141733,0.18214716525934863,0.8247812829660928,0.1481650056117524,0.1481650056117524,0.1481650056117524,0.1481650056117524,0.14757677806660366,0.1472208020393734,0.1472208020393734,0.1472208020393734,0.14668305241970966,0.1464321416608801,0.1458174011251287,0.1447241686465102,0.1437162714440429,0.1432365877120287,0.1421978054927243,0.1383913690690104,0.13125447953553074,0.11633106776186504,0.05404190388250862,0.13866976080956173,0.9874213836477987,0.9874213836477987,0.9874213836477987,0.9874213836477987,0.9832285115303984,0.9790356394129979,0.9790356394129979,0.9790356394129979,0.9748427672955975,0.9727463312368972,0.9664570230607966,0.9622641509433962,0.9517819706498952,0.9454926624737946,0.9287211740041929,0.9014675052410901,0.8469601677148847,0.7232704402515723,0.3165618448637317,0.9137151053734965,0.9363817097415507,0.9363817097415507,0.9363817097415507,0.9363817097415507,0.9324055666003976,0.9284294234592445,0.9284294234592445,0.9284294234592445,0.9244532803180915,0.9224652087475149,0.9165009940357853,0.9125248508946322,0.9025844930417495,0.8966202783300199,0.8807157057654076,0.8548707753479126,0.8031809145129225,0.6858846918489065,0.30019880715705766,0.8664852987339123,0.15782108310961532,0.15782108310961532,0.15782108310961532,0.15782108310961532,0.15729422708324792,0.1569995450411194,0.1569995450411194,0.1569995450411194,0.15657524149702365,0.15634726267600715,0.15591519649154423,0.1550040687577085,0.15427209926351051,0.1539127757898911,0.15309185933492123,0.1500842931318452,0.1428660958025727,0.12786197249976694,0.062316866507848005,0.14883289086303722,0.84009768009768,0.84009768009768,0.84009768009768,0.84009768009768,0.8373688855565188,0.833937611282365,0.833937611282365,0.833937611282365,0.82948211167566,0.8282956507094438,0.8217995446690829,0.816843622539234,0.8084848058731003,0.8039637859805926,0.7919348943174275,0.7642186454459271,0.7285379811875362,0.6645698094379132,0.3467787837591388,0.7844464250204941,0.9040938902341215,0.9040938902341215,0.9040938902341215,0.9040938902341215,0.9069486604970642,0.9096520534556449,0.9096520534556449,0.9096520534556449,0.9117235082002628,0.9126216837231658,0.9151096691847442,0.9166250799464115,0.919929347259552,0.9215020262508944,0.9249981468095091,0.9292960903767697,0.935752600960483,0.9459335895528129,0.9663518246620113,0.9185328394066896,0.38249352262403136,0.38249352262403136,0.38249352262403136,0.38249352262403136,0.3809221650611561,0.3796503813504108,0.3796503813504108,0.3796503813504108,0.37814403702318905,0.3774140015629822,0.37540145364909544,0.3731794196678362,0.36984666559192664,0.36800698726995285,0.3634035124459074,0.35320719446458015,0.3334176300088869,0.2900669277857433,0.1307960427268172,0.3559332248318648,471.0,471.0,471.0,471.0,469.0,467.0,467.0,467.0,465.0,464.0,461.0,459.0,454.0,451.0,443.0,430.0,404.0,345.0,151.0,435.8421052631579,6.0,6.0,6.0,6.0,8.0,10.0,10.0,10.0,12.0,13.0,16.0,18.0,23.0,26.0,34.0,47.0,73.0,132.0,326.0,41.1578947368421,32.0,32.0,32.0,32.0,34.0,36.0,36.0,36.0,38.0,39.0,42.0,44.0,49.0,52.0,60.0,73.0,99.0,158.0,352.0,67.15789473684211,0.8616352201257862,0.9117014087026405,0.89937106918239,0.9769392033542977,0.9264413518886679,1.0,0.0,0.0,0.7753728646864371,0.9510204081632653,0.08788598574821853,0.8967394706391965,424.85285645543047,466,11,37,18,2,0,0,13.0,421,0.21020408163265306,0.21593291404612158,0.2047713717693837,103,374,400,503,477,22,2
tagging_010_tagging_aria03_rgb,0.37136016974923536,0.9198385536082552,0.3415914014098528,0.37136016974923536,0.37136016974923536,0.37136016974923536,0.37136016974923536,0.37136016974923536,0.37136016974923536,0.37136016974923536,0.370261096001123,0.3678634627722823,0.36697986784248876,0.36604540885640147,0.3643633252263615,0.3582881443063313,0.3554882588290487,0.3450022859720202,0.3371532820924624,0.3191677755260926,0.2759910323139535,0.12927333169863056,0.3450209715622023,0.9708904109589042,0.9708904109589042,0.9708904109589042,0.9708904109589042,0.9708904109589042,0.9708904109589042,0.9708904109589042,0.9675213675213675,0.9608177172061328,0.9574829931972789,0.9541595925297114,0.9475465313028765,0.9312080536912751,0.9215358931552587,0.8868852459016393,0.8624595469255664,0.7984375,0.6561151079136691,0.249728555917481,0.8889542622091887,0.14204319469998172,0.14204319469998172,0.14204319469998172,0.14204319469998172,0.14204319469998172,0.14204319469998172,0.14204319469998172,0.14169535042224807,0.1408420398786029,0.14065442870371941,0.14042644688988737,0.1401098820840655,0.13785361267186091,0.13713182861778975,0.13420741620852303,0.13180019402756973,0.1275842742033963,0.11609403441407147,0.06691903625945866,0.13419057406742446,0.9759036144578314,0.9759036144578314,0.9759036144578314,0.9759036144578314,0.9759036144578314,0.9759036144578314,0.9759036144578314,0.9741824440619621,0.9707401032702238,0.9690189328743546,0.9672977624784854,0.963855421686747,0.955249569707401,0.9500860585197934,0.9311531841652324,0.9173838209982789,0.8795180722891566,0.7848537005163512,0.3958691910499139,0.920554398043301,0.9947368421052631,0.9947368421052631,0.9947368421052631,0.9947368421052631,0.9947368421052631,0.9947368421052631,0.9947368421052631,0.9929824561403509,0.9894736842105263,0.987719298245614,0.9859649122807017,0.9824561403508771,0.9736842105263158,0.968421052631579,0.9491228070175438,0.9350877192982456,0.8964912280701754,0.8,0.40350877192982454,0.9383194829178209,0.14211364423053807,0.14211364423053807,0.14211364423053807,0.14211364423053807,0.14211364423053807,0.14211364423053807,0.14211364423053807,0.1418064507925858,0.14105908323311234,0.14089364511541905,0.14069380261881817,0.14041789220692566,0.13845359514504493,0.13784490398257165,0.13529440603168175,0.13315549842328891,0.129476299786174,0.11915944138417722,0.07227494166842802,0.13501713000010493,0.994842605953717,0.994842605953717,0.994842605953717,0.994842605953717,0.994842605953717,0.994842605953717,0.994842605953717,0.993187172074098,0.9897435602222836,0.9881106164409896,0.9863545855093897,0.9829385049474334,0.9741463350515075,0.9725334493665172,0.9535589800129599,0.9399588802051435,0.9026723806739954,0.8169235587928843,0.47985092382097505,0.9444145888839051,0.9198385536082552,0.9198385536082552,0.9198385536082552,0.9198385536082552,0.9198385536082552,0.9198385536082552,0.9198385536082552,0.9207697483044528,0.9225466911444021,0.9233208668650178,0.9240561128315364,0.9253026435133835,0.9280666836816539,0.9294309081259752,0.9335962297649761,0.9360449704383959,0.9404300549298377,0.9477251744793198,0.9658070949443056,0.9282087923305812,0.3723176964862799,0.3723176964862799,0.3723176964862799,0.3723176964862799,0.3723176964862799,0.3723176964862799,0.3723176964862799,0.371533474651426,0.36975805107738213,0.36918397095016214,0.36855689909346684,0.36748560445086464,0.36288373370462046,0.3609529589144376,0.3535076561280602,0.3477231162941665,0.334981603825915,0.3018556484774744,0.16276112788338548,0.3514425116239643,567.0,567.0,567.0,567.0,567.0,567.0,567.0,566.0,564.0,563.0,562.0,560.0,555.0,552.0,541.0,533.0,511.0,456.0,230.0,534.8421052631579,14.0,14.0,14.0,14.0,14.0,14.0,14.0,15.0,17.0,18.0,19.0,21.0,26.0,29.0,40.0,48.0,70.0,125.0,351.0,46.1578947368421,3.0,3.0,3.0,3.0,3.0,3.0,3.0,4.0,6.0,7.0,8.0,10.0,15.0,18.0,29.0,37.0,59.0,114.0,340.0,35.1578947368421,0.9294320137693631,0.9234021913213397,0.9569707401032702,0.9690189328743546,0.987719298245614,1.0,0.0,0.0,0.8552072869430538,0.9782797567332754,0.0166270783847981,0.9548982444360483,519.8754337139143,563,18,7,16,2,0,0,11.0,421,0.20851433536055602,0.20654044750430292,0.21052631578947367,120,461,450,570,581,18,2
tagging_010_tagging_aria04_rgb,0.345524226878822,0.9086629189776364,0.3139650525732015,0.345524226878822,0.345524226878822,0.34484370144837223,0.34352823865289656,0.3422728324464203,0.34080056538021486,0.33865043409928036,0.33865043409928036,0.33865043409928036,0.33714287777670565,0.3300742721478757,0.3282906528446577,0.3262046320199213,0.32296852898831013,0.31472072586524347,0.31014659165105,0.29351356713746374,0.26134072487039306,0.1345748910822419,0.317759082019329,0.8900293255131965,0.8900293255131965,0.8872620790629575,0.8817518248175182,0.87627365356623,0.8681159420289855,0.86002886002886,0.86002886002886,0.86002886002886,0.8520114942528736,0.8283687943262411,0.8206214689265536,0.8154929577464789,0.8053221288515406,0.7803867403314917,0.7681755829903978,0.7118193891102258,0.6052303860523038,0.24661508704061896,0.7951364610640731,0.13413826706369295,0.13413826706369295,0.13402711694182082,0.13383771649849932,0.13369190247147023,0.13378976210483662,0.13334914890156424,0.13334914890156424,0.13334914890156424,0.13340820024409583,0.1315223676702649,0.13133308940375468,0.13048483244454076,0.12952415807277784,0.12692313973334782,0.12521995028572205,0.1210281925608211,0.11284789404126201,0.07343590178168778,0.12733674763615688,0.9902120717781403,0.9902120717781403,0.9885807504078303,0.9853181076672104,0.9820554649265906,0.9771615008156607,0.9722675367047309,0.9722675367047309,0.9722675367047309,0.967373572593801,0.9526916802610114,0.9477977161500816,0.9445350734094616,0.9380097879282219,0.9216965742251223,0.9135399673735726,0.8743882544861338,0.7928221859706363,0.4159869494290375,0.9210097020692023,0.8979289940828402,0.8979289940828402,0.8964497041420119,0.893491124260355,0.8905325443786982,0.886094674556213,0.8816568047337278,0.8816568047337278,0.8816568047337278,0.8772189349112426,0.863905325443787,0.8594674556213018,0.856508875739645,0.8505917159763313,0.8357988165680473,0.8284023668639053,0.7928994082840237,0.7189349112426036,0.3772189349112426,0.8351759576455933,0.13508692427144253,0.13508692427144253,0.13498844156915044,0.13481937511200223,0.13468781620987877,0.13479457275338438,0.13442015021326,0.13442015021326,0.13442015021326,0.1344760622582911,0.13284639091960954,0.13271679016824378,0.1319702602230483,0.13113875304934203,0.1288133353123128,0.12730661194407739,0.12360701651894412,0.11629659158788963,0.07927386395035234,0.12900895688206274,0.9325309807234424,0.9325309807234424,0.931160309248173,0.9286667654830483,0.9265063648088356,0.9259383128560317,0.9217532444069051,0.9217532444069051,0.9217532444069051,0.9205798887918923,0.9075158485052317,0.9055317250450832,0.9019740319676303,0.896382387978136,0.8801345702403678,0.8718653679617744,0.8443935824922414,0.7821582576970649,0.4897984634308357,0.881206714272313,0.9086629189776364,0.9086629189776364,0.909925648956765,0.9123175802106129,0.9146302593249759,0.9178766428487036,0.92083684694194,0.92083684694194,0.92083684694194,0.9231021712182491,0.9292938553434827,0.931128282522565,0.9322515337323876,0.9339718052682365,0.9377524668560233,0.9392290925892101,0.9442891253642809,0.9507998002754691,0.9682261219286049,0.9276121455379296,0.3644520974474819,0.3644520974474819,0.3640008624184059,0.3631428445595506,0.36234357099104175,0.3615718527929578,0.3600708937476011,0.3600708937476011,0.3600708937476011,0.3592430476480236,0.3539777753584131,0.35281326816293795,0.35106623419495303,0.34856122567696457,0.3420301493759332,0.33822097702321613,0.3253085151619429,0.29911254409665955,0.17478093935190622,0.3423837201552986,607.0,607.0,606.0,604.0,602.0,599.0,596.0,596.0,596.0,593.0,584.0,581.0,579.0,575.0,565.0,560.0,536.0,486.0,255.0,564.578947368421,6.0,6.0,7.0,9.0,11.0,14.0,17.0,17.0,17.0,20.0,29.0,32.0,34.0,38.0,48.0,53.0,77.0,127.0,358.0,48.421052631578945,69.0,69.0,70.0,72.0,74.0,77.0,80.0,80.0,80.0,83.0,92.0,95.0,97.0,101.0,111.0,116.0,140.0,190.0,421.0,111.42105263157895,0.8205546492659054,0.9235783572511869,0.8515497553017944,0.9771615008156607,0.886094674556213,1.0,0.0,0.0,0.7458783621426769,0.9294026377036463,0.1828978622327791,0.8494636972251992,553.223435993461,599,14,77,19,2,0,0,13.0,421,0.1908456167571761,0.200652528548124,0.1819526627218935,123,490,553,676,613,24,2
COMBINED,0.6907755731411606,0.9175092242847341,0.6337929602675888,0.6907755731411606,0.6907237560348376,0.6906361844311972,0.690493038058105,0.6902961824857439,0.689717916616603,0.6888353519781631,0.687637041388046,0.6864470051957455,0.6851383511413398,0.6836879004966856,0.6813753274615065,0.6774821743132736,0.6713315575708177,0.6601487682051964,0.640936764506753,0.5981207290028568,0.49484704501582427,0.24037058537921174,0.6441579606538456,0.9816052359627971,0.9814345991561182,0.981093413689195,0.9805477612711091,0.9798320484581498,0.9787084014102674,0.9767026321215037,0.9736508045424915,0.9709122055674518,0.9671379964778498,0.9633112062934079,0.9569994897091342,0.9477230404604706,0.9338420681077083,0.9093866171003717,0.8701256481526634,0.7909156003860403,0.6135193885421779,0.2413763338764148,0.8946749732255431,0.4861128231253482,0.486124401525181,0.4861701572861509,0.48623907415651924,0.4863168338943588,0.4860597945378552,0.4858122897695355,0.4856409489756342,0.48532657045629424,0.4853646138546938,0.4852317114467316,0.4851333170662232,0.48429981853056464,0.4826148613155845,0.47922015561697884,0.4721156501575852,0.45232184861228486,0.39912935521524884,0.23936902755813413,0.4651896449000478,0.9893070406887933,0.9892202471878906,0.9890466601860852,0.9887689209831968,0.9884043882794057,0.9878315511734481,0.9868073878627969,0.985245104846549,0.9838390501319261,0.9818948757117067,0.9799159838911262,0.976635189557006,0.9717747535064575,0.9644146646299125,0.9511873350923483,0.9292285793639772,0.8819955561727538,0.7593910567976669,0.3883314817386474,0.9301705172527207,0.9921314671680245,0.9920444258756353,0.9918703432908572,0.991591811155212,0.9912262377271778,0.9906517651974096,0.9896246779472182,0.9880579346842142,0.9866478657475106,0.9846981407979946,0.9827135993315229,0.9794234384792145,0.9745491261054244,0.967168024510828,0.9539029315507277,0.931881484576283,0.8845136132581296,0.7615590836292737,0.38944015040735325,0.9328261116547374,0.4887381050299639,0.48875494026924576,0.48880604523435534,0.4888806931914414,0.488964989456978,0.4888005966802671,0.4886722041241083,0.4886248450974327,0.4884642487552743,0.48864526492331223,0.4887128683751725,0.4888966503608972,0.4886744900948286,0.48806020775997205,0.4865940998893946,0.48305230992094617,0.4716066918223793,0.43574496290142267,0.3049274445978843,0.47492745570975137,0.980416556351674,0.9803708236878098,0.9803452485129597,0.9801937073752812,0.9800087022719048,0.9797291650663765,0.9792527749043836,0.9786215249554717,0.977729207423611,0.9764315707250115,0.9749288899891576,0.9723088077857732,0.9682565400307495,0.9621021278454499,0.9513615799485304,0.9334251429490222,0.8957865854724139,0.8004684177896932,0.5072655711880225,0.9346843654880683,0.9175092242847341,0.9175829569529431,0.917722205666599,0.9179292953022042,0.9181856383222147,0.9185551601918455,0.9191700243564651,0.9200303693633298,0.9207388006634843,0.9216181907048606,0.922416998982853,0.9235785382968096,0.9250620160376398,0.9269627999516679,0.9297374075898764,0.9333210809568037,0.93895939870132,0.9485609400585007,0.9665982302532694,0.9265389092967062,0.6934802365511313,0.693458074176662,0.6934298597161873,0.6933816299078093,0.6933092331098232,0.6929251047561901,0.6923894544684512,0.6917191393125365,0.6910016151077404,0.6903455853380357,0.6895551536588637,0.6883300582376088,0.6860250263479909,0.68223225489644,0.6751504593376609,0.6623468539152529,0.6316216117549179,0.5505408820931278,0.3048844521355416,0.6576908781485248,56992.0,56987.0,56977.0,56961.0,56940.0,56907.0,56848.0,56758.0,56677.0,56565.0,56451.0,56262.0,55982.0,55558.0,54796.0,53531.0,50810.0,43747.0,22371.0,53585.26315789474,616.0,621.0,631.0,647.0,668.0,701.0,760.0,850.0,931.0,1043.0,1157.0,1346.0,1626.0,2050.0,2812.0,4077.0,6798.0,13861.0,35237.0,4022.7368421052633,452.0,457.0,467.0,483.0,504.0,537.0,596.0,686.0,767.0,879.0,993.0,1182.0,1462.0,1886.0,2648.0,3913.0,6634.0,13697.0,35073.0,3858.7368421052633,0.9608908484932648,0.9215299928206847,0.9725732537147619,0.9848632134425774,0.9876749529977021,0.9939393939393939,0.006060606060606061,0.0,0.8836086250637822,0.9862670792337378,0.021437006085929695,0.9725241630491559,52283.92567267437,56736,872,708,673,164,1,0,655.0,33027,0.5782428814796787,0.5774198028051659,0.579068310006267,33264,24344,24180,57444,57608,837,165
