seq,HOTA(0),LocA(0),HOTALocA(0),HOTA___5,HOTA___10,HOTA___15,HOTA___20,HOTA___25,HOTA___30,HOTA___35,HOTA___40,HOTA___45,HOTA___50,HOTA___55,HOTA___60,HOTA___65,HOTA___70,HOTA___75,HOTA___80,HOTA___85,HOTA___90,HOTA___95,HOTA___AUC,DetA___5,DetA___10,DetA___15,DetA___20,DetA___25,DetA___30,DetA___35,DetA___40,DetA___45,DetA___50,DetA___55,DetA___60,DetA___65,DetA___70,DetA___75,DetA___80,DetA___85,DetA___90,DetA___95,DetA___AUC,AssA___5,AssA___10,AssA___15,AssA___20,AssA___25,AssA___30,AssA___35,AssA___40,AssA___45,AssA___50,AssA___55,AssA___60,AssA___65,AssA___70,AssA___75,AssA___80,AssA___85,AssA___90,AssA___95,AssA___AUC,DetRe___5,DetRe___10,DetRe___15,DetRe___20,DetRe___25,DetRe___30,DetRe___35,DetRe___40,DetRe___45,DetRe___50,DetRe___55,DetRe___60,DetRe___65,DetRe___70,DetRe___75,DetRe___80,DetRe___85,DetRe___90,DetRe___95,DetRe___AUC,DetPr___5,DetPr___10,DetPr___15,DetPr___20,DetPr___25,DetPr___30,DetPr___35,DetPr___40,DetPr___45,DetPr___50,DetPr___55,DetPr___60,DetPr___65,DetPr___70,DetPr___75,DetPr___80,DetPr___85,DetPr___90,DetPr___95,DetPr___AUC,AssRe___5,AssRe___10,AssRe___15,AssRe___20,AssRe___25,AssRe___30,AssRe___35,AssRe___40,AssRe___45,AssRe___50,AssRe___55,AssRe___60,AssRe___65,AssRe___70,AssRe___75,AssRe___80,AssRe___85,AssRe___90,AssRe___95,AssRe___AUC,AssPr___5,AssPr___10,AssPr___15,AssPr___20,AssPr___25,AssPr___30,AssPr___35,AssPr___40,AssPr___45,AssPr___50,AssPr___55,AssPr___60,AssPr___65,AssPr___70,AssPr___75,AssPr___80,AssPr___85,AssPr___90,AssPr___95,AssPr___AUC,LocA___5,LocA___10,LocA___15,LocA___20,LocA___25,LocA___30,LocA___35,LocA___40,LocA___45,LocA___50,LocA___55,LocA___60,LocA___65,LocA___70,LocA___75,LocA___80,LocA___85,LocA___90,LocA___95,LocA___AUC,OWTA___5,OWTA___10,OWTA___15,OWTA___20,OWTA___25,OWTA___30,OWTA___35,OWTA___40,OWTA___45,OWTA___50,OWTA___55,OWTA___60,OWTA___65,OWTA___70,OWTA___75,OWTA___80,OWTA___85,OWTA___90,OWTA___95,OWTA___AUC,HOTA_TP___5,HOTA_TP___10,HOTA_TP___15,HOTA_TP___20,HOTA_TP___25,HOTA_TP___30,HOTA_TP___35,HOTA_TP___40,HOTA_TP___45,HOTA_TP___50,HOTA_TP___55,HOTA_TP___60,HOTA_TP___65,HOTA_TP___70,HOTA_TP___75,HOTA_TP___80,HOTA_TP___85,HOTA_TP___90,HOTA_TP___95,HOTA_TP___AUC,HOTA_FN___5,HOTA_FN___10,HOTA_FN___15,HOTA_FN___20,HOTA_FN___25,HOTA_FN___30,HOTA_FN___35,HOTA_FN___40,HOTA_FN___45,HOTA_FN___50,HOTA_FN___55,HOTA_FN___60,HOTA_FN___65,HOTA_FN___70,HOTA_FN___75,HOTA_FN___80,HOTA_FN___85,HOTA_FN___90,HOTA_FN___95,HOTA_FN___AUC,HOTA_FP___5,HOTA_FP___10,HOTA_FP___15,HOTA_FP___20,HOTA_FP___25,HOTA_FP___30,HOTA_FP___35,HOTA_FP___40,HOTA_FP___45,HOTA_FP___50,HOTA_FP___55,HOTA_FP___60,HOTA_FP___65,HOTA_FP___70,HOTA_FP___75,HOTA_FP___80,HOTA_FP___85,HOTA_FP___90,HOTA_FP___95,HOTA_FP___AUC,MOTA,MOTP,MODA,CLR_Re,CLR_Pr,MTR,PTR,MLR,sMOTA,CLR_F1,FP_per_frame,MOTAL,MOTP_sum,CLR_TP,CLR_FN,CLR_FP,IDSW,MT,PT,ML,Frag,CLR_Frames,IDF1,IDR,IDP,IDTP,IDFN,IDFP,Dets,GT_Dets,IDs,GT_IDs
fencing_001_fencing_aria01_rgb,0.8549217751290973,0.9364185527777237,0.8005646114045518,0.8549217751290973,0.8549217751290973,0.8549217751290973,0.8549217751290973,0.8549217751290973,0.8549217751290973,0.8549217751290973,0.8549217751290973,0.8549217751290973,0.8538617224255862,0.8517555354877826,0.8517555354877826,0.8517555354877826,0.8445279874526965,0.8337341734148858,0.8175629690180262,0.7941698371823602,0.7206188878475369,0.3673221451655194,0.814808437112202,1.0,1.0,1.0,1.0,1.0,1.0,1.0,1.0,1.0,0.9982978723404256,0.9949022939677146,0.9949022939677146,0.9949022939677146,0.9831081081081081,0.9632107023411371,0.9341021416803954,0.8966074313408724,0.782839787395596,0.32580463015245625,0.9404567134348492,0.7308912415898867,0.7308912415898867,0.7308912415898867,0.7308912415898867,0.7308912415898867,0.7308912415898867,0.7308912415898867,0.7308912415898867,0.7308912415898867,0.7303229439068346,0.729204763757055,0.729204763757055,0.729204763757055,0.7254822900031168,0.721662114250073,0.7155632970792046,0.7034357604498537,0.6633433684435421,0.41413026655226537,0.7073460792771071,1.0,1.0,1.0,1.0,1.0,1.0,1.0,1.0,1.0,0.9991482112436116,0.9974446337308348,0.9974446337308348,0.9974446337308348,0.9914821124361158,0.9812606473594548,0.9659284497444633,0.9454855195911414,0.8781942078364565,0.49148211243611584,0.9602797453599929,1.0,1.0,1.0,1.0,1.0,1.0,1.0,1.0,1.0,0.9991482112436116,0.9974446337308348,0.9974446337308348,0.9974446337308348,0.9914821124361158,0.9812606473594548,0.9659284497444633,0.9454855195911414,0.8781942078364565,0.49148211243611584,0.9602797453599929,0.7308912415898867,0.7308912415898867,0.7308912415898867,0.7308912415898867,0.7308912415898867,0.7308912415898867,0.7308912415898867,0.7308912415898867,0.7308912415898867,0.7305785050191258,0.7299603715742427,0.7299603715742427,0.7299603715742427,0.7278746334178946,0.7260913564087648,0.7228239624981917,0.7166159687054182,0.6955621194839198,0.5396293047509281,0.7172146389113659,1.0,1.0,1.0,1.0,1.0,1.0,1.0,1.0,1.0,0.9991501914775571,0.9974624862754666,0.9974624862754666,0.9974624862754666,0.9916816669393989,0.9818521594684384,0.9679598282034605,0.9486643187374526,0.8882984064714843,0.5914307399393552,0.9663907773717656,0.9364185527777237,0.9364185527777237,0.9364185527777237,0.9364185527777237,0.9364185527777237,0.9364185527777237,0.9364185527777237,0.9364185527777237,0.9364185527777237,0.9367974620587327,0.937525939879168,0.937525939879168,0.937525939879168,0.9391054769329924,0.9412915849748015,0.9439119842568953,0.9463608511737434,0.9514275169872426,0.967114192086236,0.9403344138477715,0.8549217751290973,0.8549217751290973,0.8549217751290973,0.8549217751290973,0.8549217751290973,0.8549217751290973,0.8549217751290973,0.8549217751290973,0.8549217751290973,0.8542252999265957,0.8528431148226711,0.8528431148226711,0.8528431148226711,0.84811715784276,0.8415097345864868,0.8313741313282204,0.8155294755359365,0.7632459000701171,0.45115143602657315,0.8241041292603463,1174.0,1174.0,1174.0,1174.0,1174.0,1174.0,1174.0,1174.0,1174.0,1173.0,1171.0,1171.0,1171.0,1164.0,1152.0,1134.0,1110.0,1031.0,577.0,1127.3684210526317,0.0,0.0,0.0,0.0,0.0,0.0,0.0,0.0,0.0,1.0,3.0,3.0,3.0,10.0,22.0,40.0,64.0,143.0,597.0,46.63157894736842,0.0,0.0,0.0,0.0,0.0,0.0,0.0,0.0,0.0,1.0,3.0,3.0,3.0,10.0,22.0,40.0,64.0,143.0,597.0,46.63157894736842,0.9965928449744463,0.9367974620587327,0.9982964224872232,0.9991482112436116,0.9991482112436116,1.0,0.0,0.0,0.9334441422443726,0.9991482112436116,0.0016638935108153079,0.9980400085215808,1098.8634229948934,1173,1,1,2,2,0,0,3.0,601,0.7793867120954003,0.7793867120954003,0.7793867120954003,915,259,259,1174,1174,4,2
fencing_001_fencing_aria02_rgb,1.0,0.9469130090916218,0.9469130090916218,1.0,1.0,1.0,1.0,1.0,1.0,1.0,1.0,1.0,1.0,1.0,1.0,1.0,0.9933665008291874,0.9900662251655629,0.9867768595041322,0.9640522875816994,0.8578052550231839,0.3895953757225434,0.9569296054645424,1.0,1.0,1.0,1.0,1.0,1.0,1.0,1.0,1.0,1.0,1.0,1.0,1.0,0.9933665008291874,0.9900662251655629,0.9867768595041322,0.9640522875816994,0.8578052550231839,0.3895953757225434,0.9569296054645424,1.0,1.0,1.0,1.0,1.0,1.0,1.0,1.0,1.0,1.0,1.0,1.0,1.0,0.9933665008291874,0.9900662251655629,0.9867768595041322,0.9640522875816994,0.8578052550231839,0.3895953757225433,0.9569296054645424,1.0,1.0,1.0,1.0,1.0,1.0,1.0,1.0,1.0,1.0,1.0,1.0,1.0,0.9966722129783694,0.9950083194675541,0.9933444259567388,0.9816971713810316,0.9234608985024958,0.5607321131447587,0.9711007969174182,1.0,1.0,1.0,1.0,1.0,1.0,1.0,1.0,1.0,1.0,1.0,1.0,1.0,0.9966722129783694,0.9950083194675541,0.9933444259567388,0.9816971713810316,0.9234608985024958,0.5607321131447587,0.9711007969174182,1.0,1.0,1.0,1.0,1.0,1.0,1.0,1.0,1.0,1.0,1.0,1.0,1.0,0.9966722129783694,0.9950083194675542,0.9933444259567388,0.9816971713810316,0.9234608985024958,0.5607321131447587,0.9711007969174182,1.0,1.0,1.0,1.0,1.0,1.0,1.0,1.0,1.0,1.0,1.0,1.0,1.0,0.9966722129783694,0.9950083194675542,0.9933444259567388,0.9816971713810316,0.9234608985024958,0.5607321131447587,0.9711007969174182,0.9469130090916218,0.9469130090916218,0.9469130090916218,0.9469130090916218,0.9469130090916218,0.9469130090916218,0.9469130090916218,0.9469130090916218,0.9469130090916218,0.9469130090916218,0.9469130090916218,0.9469130090916218,0.9469130090916218,0.9478400913241289,0.948188016033864,0.948441522205236,0.9498284837144342,0.9540848500419221,0.9685099716467022,0.9487769501661776,1.0,1.0,1.0,1.0,1.0,1.0,1.0,1.0,1.0,1.0,1.0,1.0,1.0,0.9950179840987827,0.9925341963194879,0.9900551969721313,0.9728347258308407,0.8900278712174535,0.4673955908011199,0.9635718718547271,601.0,601.0,601.0,601.0,601.0,601.0,601.0,601.0,601.0,601.0,601.0,601.0,601.0,599.0,598.0,597.0,590.0,555.0,337.0,583.6315789473684,0.0,0.0,0.0,0.0,0.0,0.0,0.0,0.0,0.0,0.0,0.0,0.0,0.0,2.0,3.0,4.0,11.0,46.0,264.0,17.36842105263158,0.0,0.0,0.0,0.0,0.0,0.0,0.0,0.0,0.0,0.0,0.0,0.0,0.0,2.0,3.0,4.0,11.0,46.0,264.0,17.36842105263158,1.0,0.9469130090916218,1.0,1.0,1.0,1.0,0.0,0.0,0.9469130090916218,1.0,0.0,1.0,569.0947184640647,601,0,0,0,1,0,0,0.0,601,1.0,1.0,1.0,601,0,0,601,601,1,1
fencing_001_fencing_aria03_rgb,0.8197379050895363,0.9009736936361832,0.7385622881621065,0.8197379050895363,0.8197379050895363,0.8197379050895363,0.8197379050895363,0.8197379050895363,0.8197379050895363,0.8197379050895363,0.8186025358657582,0.817992476797125,0.8170136888694817,0.8170136888694817,0.8144497174751802,0.809505580876356,0.7981166692524656,0.7848716575946748,0.7587989930970027,0.6735321492633538,0.4143258230944685,0.07173301307922633,0.7439011226190173,0.996386630532972,0.996386630532972,0.996386630532972,0.996386630532972,0.996386630532972,0.996386630532972,0.996386630532972,0.990990990990991,0.9891989198919892,0.9856244384546271,0.9856244384546271,0.9802867383512545,0.9714540588760036,0.9505736981465137,0.9335083114610674,0.9002579535683577,0.7938311688311688,0.46648971466489714,0.0791015625,0.8948236004169632,0.6744071151186979,0.6744071151186979,0.6744071151186979,0.6744071151186979,0.6744071151186979,0.6744071151186979,0.6744071151186979,0.6762020218324485,0.6764177342305988,0.6772471762639304,0.6772471762639304,0.676667669105729,0.6745550955113248,0.6701113432663787,0.659901482753005,0.6395677035041111,0.5714635226017355,0.3679950110073167,0.06505086628882276,0.6185935057084325,0.996386630532972,0.996386630532972,0.996386630532972,0.996386630532972,0.996386630532972,0.996386630532972,0.996386630532972,0.993676603432701,0.992773261065944,0.99096657633243,0.99096657633243,0.988256549232159,0.983739837398374,0.9728997289972899,0.96386630532972,0.94579945799458,0.8834688346883469,0.6350496838301717,0.14634146341463414,0.9190795416726095,1.0,1.0,1.0,1.0,1.0,1.0,1.0,0.9972801450589301,0.9963735267452403,0.9945602901178604,0.9945602901178604,0.9918404351767905,0.9873073436083409,0.9764279238440616,0.9673617407071623,0.9492293744333635,0.886672710788758,0.6373526745240253,0.1468721668177697,0.9224125590494822,0.6744071151186979,0.6744071151186979,0.6744071151186979,0.6744071151186979,0.6744071151186979,0.6744071151186979,0.6744071151186979,0.6762021013762092,0.6764537517538515,0.677317799641664,0.677317799641664,0.677351975277911,0.676478333736147,0.6749562634701084,0.6689413104454954,0.6568324914947427,0.6145282518539458,0.46224982052721436,0.10626690638952821,0.6297761374441772,1.0,1.0,1.0,1.0,1.0,1.0,1.0,0.9986363636363637,0.9977334021920008,0.9969942595284437,0.9969942595284437,0.9956581445988907,0.9912868255114247,0.9828741886746146,0.9739536000906529,0.9559556109994338,0.8931334845986596,0.6516076463193858,0.15744369478029607,0.9259090252872952,0.9009736936361832,0.9009736936361832,0.9009736936361832,0.9009736936361832,0.9009736936361832,0.9009736936361832,0.9009736936361832,0.9023762228054745,0.9028224691002061,0.903602568276554,0.903602568276554,0.9045247543095745,0.9058468562360689,0.9084479624598762,0.9101801778845445,0.9127857988443122,0.9185850769635835,0.9339834336061716,0.9632572894911439,0.9093068965109129,0.8197379050895363,0.8197379050895363,0.8197379050895363,0.8197379050895363,0.8197379050895363,0.8197379050895363,0.8197379050895363,0.8197110029082156,0.8194689987149902,0.8192248260356084,0.8192248260356084,0.8177537866909551,0.8146083230452259,0.8074349164247665,0.7975316947073281,0.7777549661204527,0.7105421960586529,0.48342022650203315,0.09756863722065617,0.7538110387416445,1103.0,1103.0,1103.0,1103.0,1103.0,1103.0,1103.0,1100.0,1099.0,1097.0,1097.0,1094.0,1089.0,1077.0,1067.0,1047.0,978.0,703.0,162.0,1017.421052631579,4.0,4.0,4.0,4.0,4.0,4.0,4.0,7.0,8.0,10.0,10.0,13.0,18.0,30.0,40.0,60.0,129.0,404.0,945.0,89.57894736842105,0.0,0.0,0.0,0.0,0.0,0.0,0.0,3.0,4.0,6.0,6.0,9.0,14.0,26.0,36.0,56.0,125.0,400.0,941.0,85.57894736842105,0.985546522131888,0.9032514253573369,0.99096657633243,0.993676603432701,0.9972801450589301,1.0,0.0,0.0,0.8894097270940114,0.995475113122172,0.004991680532445923,0.9902636393402136,993.5765678930707,1100,7,3,6,2,0,0,2.0,601,0.7981900452488688,0.7967479674796748,0.7996373526745241,882,225,221,1103,1107,6,2
fencing_002_fencing_aria01_rgb,0.8216683829984649,0.9482479601542474,0.7791453681015332,0.8216683829984649,0.8216683829984649,0.8216683829984649,0.8216683829984649,0.8216683829984649,0.8216683829984649,0.8216683829984649,0.8216683829984649,0.8216683829984649,0.8216683829984649,0.8195355400615485,0.8195355400615485,0.8195355400615485,0.8195355400615485,0.8127594615449906,0.80042309474895,0.7673167144861015,0.6958238876964626,0.39518835194361396,0.7877019737184717,0.9989550679205852,0.9989550679205852,0.9989550679205852,0.9989550679205852,0.9989550679205852,0.9989550679205852,0.9989550679205852,0.9989550679205852,0.9989550679205852,0.9989550679205852,0.9968684759916493,0.9968684759916493,0.9968684759916493,0.9968684759916493,0.9885654885654885,0.9742002063983488,0.9401622718052738,0.8465250965250966,0.4437735849056604,0.9563290121774903,0.6758451438908804,0.6758451438908804,0.6758451438908804,0.6758451438908804,0.6758451438908804,0.6758451438908804,0.6758451438908804,0.6758451438908804,0.6758451438908804,0.6758451438908804,0.6737483605907508,0.6737483605907508,0.6737483605907508,0.6737483605907508,0.6682186966586,0.6576442156341679,0.6262482105341197,0.5719510085129124,0.3519223289171434,0.6489173337646711,0.9989550679205852,0.9989550679205852,0.9989550679205852,0.9989550679205852,0.9989550679205852,0.9989550679205852,0.9989550679205852,0.9989550679205852,0.9989550679205852,0.9989550679205852,0.9979101358411703,0.9979101358411703,0.9979101358411703,0.9979101358411703,0.9937304075235109,0.9864158829676071,0.9686520376175548,0.9164054336468129,0.6144200626959248,0.9716218445801023,1.0,1.0,1.0,1.0,1.0,1.0,1.0,1.0,1.0,1.0,0.9989539748953975,0.9989539748953975,0.9989539748953975,0.9989539748953975,0.9947698744769874,0.9874476987447699,0.9696652719665272,0.9173640167364017,0.6150627615062761,0.9726381854217131,0.6758451438908804,0.6758451438908804,0.6758451438908804,0.6758451438908804,0.6758451438908804,0.6758451438908804,0.6758451438908804,0.6758451438908804,0.6758451438908804,0.6758451438908804,0.674628022275612,0.674628022275612,0.674628022275612,0.674628022275612,0.6716640587738163,0.6656123555725397,0.6457625493949566,0.610450383965109,0.4135506324545733,0.6560001846406444,1.0,1.0,1.0,1.0,1.0,1.0,1.0,1.0,1.0,1.0,0.9989558972192466,0.9989558972192466,0.9989558972192466,0.9989558972192466,0.9949410795509396,0.9881434348469315,0.9714370009728623,0.9228145487008393,0.6984985667789847,0.9774556957751338,0.9482479601542474,0.9482479601542474,0.9482479601542474,0.9482479601542474,0.9482479601542474,0.9482479601542474,0.9482479601542474,0.9482479601542474,0.9482479601542474,0.9482479601542474,0.9486693668046511,0.9486693668046511,0.9486693668046511,0.9486693668046511,0.9496261964655258,0.9509419802655544,0.9533482608297864,0.9574401988607807,0.9690416469648357,0.9503976501130297,0.8216683829984649,0.8216683829984649,0.8216683829984649,0.8216683829984649,0.8216683829984649,0.8216683829984649,0.8216683829984649,0.8216683829984649,0.8216683829984649,0.8216683829984649,0.8199636077533453,0.8199636077533453,0.8199636077533453,0.8199636077533453,0.8148798916069655,0.8054257877938333,0.7788559592044105,0.7239744553373464,0.46500337568384076,0.7939304068749699,956.0,956.0,956.0,956.0,956.0,956.0,956.0,956.0,956.0,956.0,955.0,955.0,955.0,955.0,951.0,944.0,927.0,877.0,588.0,929.8421052631579,1.0,1.0,1.0,1.0,1.0,1.0,1.0,1.0,1.0,1.0,2.0,2.0,2.0,2.0,6.0,13.0,30.0,80.0,369.0,27.157894736842106,0.0,0.0,0.0,0.0,0.0,0.0,0.0,0.0,0.0,0.0,1.0,1.0,1.0,1.0,5.0,12.0,29.0,79.0,368.0,26.157894736842106,0.9947753396029259,0.9482479601542474,0.9989550679205852,0.9989550679205852,1.0,1.0,0.0,0.0,0.9430773771237831,0.9994772608468374,0.0,0.9983259561219144,906.5250499074605,956,1,0,4,2,0,0,4.0,601,0.7736539466806064,0.7732497387669801,0.7740585774058577,740,217,216,956,957,6,2
fencing_002_fencing_aria02_rgb,0.7981981642744083,0.9397825099303682,0.7501326742436157,0.7981981642744083,0.7981981642744083,0.7981981642744083,0.7981981642744083,0.7981981642744083,0.7981981642744083,0.7981981642744083,0.7981981642744083,0.7981981642744083,0.7981981642744083,0.7981981642744083,0.7953490675419712,0.7953490675419712,0.7925260527940174,0.785391574387668,0.7786277746581953,0.7403407795483079,0.6281210762516953,0.28009920233330204,0.7566307580039799,1.0,1.0,1.0,1.0,1.0,1.0,1.0,1.0,1.0,1.0,1.0,0.9974905897114178,0.9974905897114178,0.9949874686716792,0.9850374064837906,0.9727385377942999,0.9296969696969697,0.7968397291196389,0.3333333333333333,0.9477691907643447,0.6371203094510353,0.6371203094510353,0.6371203094510353,0.6371203094510353,0.6371203094510353,0.6371203094510353,0.6371203094510353,0.6371203094510353,0.6371203094510353,0.6371203094510353,0.6371203094510353,0.6341715358165873,0.6341715358165873,0.6312617637243049,0.6262096455006965,0.6232519715358255,0.5895517439847613,0.49512602348213447,0.2353666894432562,0.6040754901718706,1.0,1.0,1.0,1.0,1.0,1.0,1.0,1.0,1.0,1.0,1.0,0.9987437185929648,0.9987437185929648,0.9974874371859297,0.992462311557789,0.9861809045226131,0.9635678391959799,0.8869346733668342,0.5,0.9644274001586883,1.0,1.0,1.0,1.0,1.0,1.0,1.0,1.0,1.0,1.0,1.0,0.9987437185929648,0.9987437185929648,0.9974874371859297,0.992462311557789,0.9861809045226131,0.9635678391959799,0.8869346733668342,0.5,0.9644274001586883,0.6371203094510353,0.6371203094510353,0.6371203094510353,0.6371203094510353,0.6371203094510353,0.6371203094510353,0.6371203094510353,0.6371203094510353,0.6371203094510353,0.6371203094510353,0.6371203094510353,0.6354118732329815,0.6354118732329815,0.6337109041710441,0.6307396507797512,0.6290333719340601,0.6082385666675,0.53851725004756,0.2994759099153796,0.6115190949443499,1.0,1.0,1.0,1.0,1.0,1.0,1.0,1.0,1.0,1.0,1.0,0.9987480162228884,0.9987480162228884,0.9975046493561525,0.9924813395262194,0.9862795301376359,0.9643492757662221,0.89651966806059,0.5328491245955184,0.9667094536783218,0.9397825099303682,0.9397825099303682,0.9397825099303682,0.9397825099303682,0.9397825099303682,0.9397825099303682,0.9397825099303682,0.9397825099303682,0.9397825099303682,0.9397825099303682,0.9397825099303682,0.9402386003193883,0.9402386003193883,0.9405762500794812,0.9415877044912679,0.9426572971101776,0.9453399121959813,0.9510595762457487,0.9666804837349376,0.9424203175647589,0.7981981642744083,0.7981981642744083,0.7981981642744083,0.7981981642744083,0.7981981642744083,0.7981981642744083,0.7981981642744083,0.7981981642744083,0.7981981642744083,0.7981981642744083,0.7981981642744083,0.7958485018565217,0.7958485018565217,0.7935210639238424,0.7883460358836117,0.7839892811988581,0.753706242541229,0.6626797400800378,0.3430500615385867,0.7630089071525105,796.0,796.0,796.0,796.0,796.0,796.0,796.0,796.0,796.0,796.0,796.0,795.0,795.0,794.0,790.0,785.0,767.0,706.0,398.0,767.6842105263158,0.0,0.0,0.0,0.0,0.0,0.0,0.0,0.0,0.0,0.0,0.0,1.0,1.0,2.0,6.0,11.0,29.0,90.0,398.0,28.31578947368421,0.0,0.0,0.0,0.0,0.0,0.0,0.0,0.0,0.0,0.0,0.0,1.0,1.0,2.0,6.0,11.0,29.0,90.0,398.0,28.31578947368421,0.9987437185929648,0.9397825099303682,1.0,1.0,1.0,1.0,0.0,0.0,0.938526228523333,1.0,0.0,1.0,748.0668779045731,796,0,0,1,2,0,0,0.0,601,0.6658291457286433,0.6658291457286433,0.6658291457286433,530,266,266,796,796,3,2
fencing_002_fencing_aria03_rgb,1.0,0.9110017194290664,0.9110017194290664,1.0,1.0,1.0,1.0,1.0,1.0,1.0,1.0,1.0,1.0,1.0,1.0,0.9966832595818995,0.9917163687071178,0.978613017733279,0.9481413999832071,0.8422414214827907,0.5015834462478738,0.10029079229645534,0.9136457740017171,1.0,1.0,1.0,1.0,1.0,1.0,1.0,1.0,1.0,1.0,1.0,1.0,0.9966777408637874,0.9917149958574979,0.9786008230452675,0.9481361426256077,0.8421455938697318,0.5015615240474703,0.10022883295194508,0.9136350343821741,1.0,1.0,1.0,1.0,1.0,1.0,1.0,1.0,1.0,1.0,1.0,1.0,0.9966887783305693,0.991717741558638,0.9786252125732529,0.9481466573699583,0.8423372600000585,0.5016053694064506,0.10035278994292184,0.9136565162727289,1.0,1.0,1.0,1.0,1.0,1.0,1.0,1.0,1.0,1.0,1.0,1.0,0.9983361064891847,0.9958402662229617,0.9891846921797005,0.9733777038269551,0.9143094841930116,0.668053244592346,0.1821963394342762,0.9326998861546546,1.0,1.0,1.0,1.0,1.0,1.0,1.0,1.0,1.0,1.0,1.0,1.0,0.9983361064891847,0.9958402662229617,0.9891846921797005,0.9733777038269551,0.9143094841930116,0.668053244592346,0.1821963394342762,0.9326998861546546,1.0,1.0,1.0,1.0,1.0,1.0,1.0,1.0,1.0,1.0,1.0,1.0,0.998338879645036,0.9958409612494911,0.9891909895058558,0.9733805480893667,0.9143708014697978,0.6680791457989278,0.18238248277224414,0.9327149372910903,1.0,1.0,1.0,1.0,1.0,1.0,1.0,1.0,1.0,1.0,1.0,1.0,0.998338879645036,0.9958409612494911,0.9891909895058558,0.9733805480893667,0.9143708014697978,0.6680791457989278,0.18238248277224414,0.9327149372910903,0.9110017194290664,0.9110017194290664,0.9110017194290664,0.9110017194290664,0.9110017194290664,0.9110017194290664,0.9110017194290664,0.9110017194290664,0.9110017194290664,0.9110017194290664,0.9110017194290664,0.9110017194290664,0.9114537822469966,0.9120392904451564,0.9132132958360408,0.9153977474946206,0.9209134722987551,0.9356352080341505,0.9623446266385065,0.9159483187443698,1.0,1.0,1.0,1.0,1.0,1.0,1.0,1.0,1.0,1.0,1.0,1.0,0.9975121023526495,0.9937768661886774,0.9838907864486622,0.9606793514185535,0.8775858622990733,0.5788774434514802,0.13521801277794762,0.9225021276282654,1202.0,1202.0,1202.0,1202.0,1202.0,1202.0,1202.0,1202.0,1202.0,1202.0,1202.0,1202.0,1200.0,1197.0,1189.0,1170.0,1099.0,803.0,219.0,1121.1052631578948,0.0,0.0,0.0,0.0,0.0,0.0,0.0,0.0,0.0,0.0,0.0,0.0,2.0,5.0,13.0,32.0,103.0,399.0,983.0,80.89473684210526,0.0,0.0,0.0,0.0,0.0,0.0,0.0,0.0,0.0,0.0,0.0,0.0,2.0,5.0,13.0,32.0,103.0,399.0,983.0,80.89473684210526,1.0,0.9110017194290664,1.0,1.0,1.0,1.0,0.0,0.0,0.9110017194290664,1.0,0.0,1.0,1095.0240667537378,1202,0,0,0,2,0,0,0.0,601,1.0,1.0,1.0,1202,0,0,1202,1202,2,2
fencing_003_fencing_aria01_rgb,1.0,0.9648549104178404,0.9648549104178404,1.0,1.0,1.0,1.0,1.0,1.0,1.0,1.0,1.0,1.0,1.0,1.0,1.0,1.0,1.0,0.9900662251655629,0.9900662251655629,0.9704918032786886,0.7122507122507122,0.9822565771505539,1.0,1.0,1.0,1.0,1.0,1.0,1.0,1.0,1.0,1.0,1.0,1.0,1.0,1.0,1.0,0.9900662251655629,0.9900662251655629,0.9704918032786886,0.7122507122507122,0.9822565771505539,1.0,1.0,1.0,1.0,1.0,1.0,1.0,1.0,1.0,1.0,1.0,1.0,1.0,1.0,1.0,0.9900662251655629,0.9900662251655629,0.9704918032786886,0.7122507122507122,0.9822565771505539,1.0,1.0,1.0,1.0,1.0,1.0,1.0,1.0,1.0,1.0,1.0,1.0,1.0,1.0,1.0,0.9950083194675541,0.9950083194675541,0.9850249584026622,0.831946755407654,0.9898414922497591,1.0,1.0,1.0,1.0,1.0,1.0,1.0,1.0,1.0,1.0,1.0,1.0,1.0,1.0,1.0,0.9950083194675541,0.9950083194675541,0.9850249584026622,0.831946755407654,0.9898414922497591,1.0,1.0,1.0,1.0,1.0,1.0,1.0,1.0,1.0,1.0,1.0,1.0,1.0,1.0,1.0,0.9950083194675542,0.9950083194675542,0.9850249584026624,0.831946755407654,0.9898414922497591,1.0,1.0,1.0,1.0,1.0,1.0,1.0,1.0,1.0,1.0,1.0,1.0,1.0,1.0,1.0,0.9950083194675542,0.9950083194675542,0.9850249584026624,0.831946755407654,0.9898414922497591,0.9648549104178404,0.9648549104178404,0.9648549104178404,0.9648549104178404,0.9648549104178404,0.9648549104178404,0.9648549104178404,0.9648549104178404,0.9648549104178404,0.9648549104178404,0.9648549104178404,0.9648549104178404,0.9648549104178404,0.9648549104178404,0.9648549104178404,0.9657935441130441,0.9657935441130441,0.9666485439081471,0.9722406653199158,0.9654368396695662,1.0,1.0,1.0,1.0,1.0,1.0,1.0,1.0,1.0,1.0,1.0,1.0,1.0,1.0,1.0,0.9925341963194879,0.9925341963194879,0.9777313783216303,0.769775726490366,0.98592502618163,601.0,601.0,601.0,601.0,601.0,601.0,601.0,601.0,601.0,601.0,601.0,601.0,601.0,601.0,601.0,598.0,598.0,592.0,500.0,594.8947368421053,0.0,0.0,0.0,0.0,0.0,0.0,0.0,0.0,0.0,0.0,0.0,0.0,0.0,0.0,0.0,3.0,3.0,9.0,101.0,6.105263157894737,0.0,0.0,0.0,0.0,0.0,0.0,0.0,0.0,0.0,0.0,0.0,0.0,0.0,0.0,0.0,3.0,3.0,9.0,101.0,6.105263157894737,1.0,0.9648549104178404,1.0,1.0,1.0,1.0,0.0,0.0,0.9648549104178404,1.0,0.0,1.0,579.8778011611221,601,0,0,0,1,0,0,0.0,601,1.0,1.0,1.0,601,0,0,601,601,1,1
fencing_003_fencing_aria02_rgb,1.0,0.9420123241630797,0.9420123241630797,1.0,1.0,1.0,1.0,1.0,1.0,1.0,1.0,1.0,1.0,1.0,1.0,0.9965960702406329,0.9915347106985033,0.9881898905562727,0.9716369070131019,0.9285726562072147,0.8155029430667718,0.3699679287196262,0.9506316371843223,1.0,1.0,1.0,1.0,1.0,1.0,1.0,1.0,1.0,1.0,1.0,1.0,0.9965899403239556,0.9914965986394558,0.9881154499151104,0.9713804713804713,0.9275720164609054,0.8126934984520123,0.3545401966454598,0.9495993774640722,1.0,1.0,1.0,1.0,1.0,1.0,1.0,1.0,1.0,1.0,1.0,1.0,0.9966022001950146,0.9915728242225371,0.9882643368054934,0.9718934103424132,0.9295743754167725,0.8183220998043162,0.38606699487439694,0.9516998021926814,1.0,1.0,1.0,1.0,1.0,1.0,1.0,1.0,1.0,1.0,1.0,1.0,0.9982920580700256,0.9957301451750641,0.9940222032450897,0.9854824935952178,0.9624252775405636,0.89666951323655,0.5234842015371477,0.9661108364420873,1.0,1.0,1.0,1.0,1.0,1.0,1.0,1.0,1.0,1.0,1.0,1.0,0.9982920580700256,0.9957301451750641,0.9940222032450897,0.9854824935952178,0.9624252775405636,0.89666951323655,0.5234842015371477,0.9661108364420873,1.0,1.0,1.0,1.0,1.0,1.0,1.0,1.0,1.0,1.0,1.0,1.0,0.9982951390452177,0.9957494508139988,0.994060107312956,0.9856164578996088,0.9629848253605977,0.8985605972779981,0.548805523892165,0.9675827421896074,1.0,1.0,1.0,1.0,1.0,1.0,1.0,1.0,1.0,1.0,1.0,1.0,0.9982951390452177,0.9957494508139988,0.994060107312956,0.9856164578996088,0.9629848253605977,0.8985605972779981,0.548805523892165,0.9675827421896074,0.9420123241630797,0.9420123241630797,0.9420123241630797,0.9420123241630797,0.9420123241630797,0.9420123241630797,0.9420123241630797,0.9420123241630797,0.9420123241630797,0.9420123241630797,0.9420123241630797,0.9420123241630797,0.9425533652355158,0.9432566213973835,0.9436320937325632,0.945076764901699,0.9478501396982894,0.9526889446785033,0.9663591385101586,0.9445034188479511,1.0,1.0,1.0,1.0,1.0,1.0,1.0,1.0,1.0,1.0,1.0,1.0,0.9974467712664155,0.9936493104786795,0.9911390888568284,0.9786643661301874,0.9458572176893737,0.8566005363658418,0.4495553053314684,0.9585743471641471,1171.0,1171.0,1171.0,1171.0,1171.0,1171.0,1171.0,1171.0,1171.0,1171.0,1171.0,1171.0,1169.0,1166.0,1164.0,1154.0,1127.0,1050.0,613.0,1131.3157894736842,0.0,0.0,0.0,0.0,0.0,0.0,0.0,0.0,0.0,0.0,0.0,0.0,2.0,5.0,7.0,17.0,44.0,121.0,558.0,39.68421052631579,0.0,0.0,0.0,0.0,0.0,0.0,0.0,0.0,0.0,0.0,0.0,0.0,2.0,5.0,7.0,17.0,44.0,121.0,558.0,39.68421052631579,1.0,0.9420123241630797,1.0,1.0,1.0,1.0,0.0,0.0,0.9420123241630797,1.0,0.0,1.0,1103.0964315949664,1171,0,0,0,2,0,0,0.0,601,1.0,1.0,1.0,1171,0,0,1171,1171,2,2
fencing_003_fencing_aria03_rgb,0.9132115485196068,0.9216001061738193,0.8416158600748276,0.9132115485196068,0.9132115485196068,0.9132115485196068,0.9132115485196068,0.9132115485196068,0.9132115485196068,0.9132115485196068,0.9132115485196068,0.9132115485196068,0.9132115485196068,0.9132115485196068,0.9132115485196068,0.9132115485196068,0.9132115485196068,0.9035116622731142,0.8865440302724807,0.8004526395961422,0.556257139029652,0.14669311850026753,0.8462326457340081,0.9991680532445923,0.9991680532445923,0.9991680532445923,0.9991680532445923,0.9991680532445923,0.9991680532445923,0.9991680532445923,0.9991680532445923,0.9991680532445923,0.9991680532445923,0.9991680532445923,0.9991680532445923,0.9991680532445923,0.9991680532445923,0.9892384105960265,0.9729064039408867,0.8847058823529412,0.617092866756393,0.16199226305609285,0.9270678195856122,0.8346497164730999,0.8346497164730999,0.8346497164730999,0.8346497164730999,0.8346497164730999,0.8346497164730999,0.8346497164730999,0.8346497164730999,0.8346497164730999,0.8346497164730999,0.8346497164730999,0.8346497164730999,0.8346497164730999,0.8346497164730999,0.8252139374285685,0.8078478201275442,0.7242230904268174,0.5014188647939806,0.13283888137226788,0.7724546644617146,0.9991680532445923,0.9991680532445923,0.9991680532445923,0.9991680532445923,0.9991680532445923,0.9991680532445923,0.9991680532445923,0.9991680532445923,0.9991680532445923,0.9991680532445923,0.9991680532445923,0.9991680532445923,0.9991680532445923,0.9991680532445923,0.9941763727121464,0.9858569051580699,0.9384359400998337,0.7628951747088186,0.27870216306156403,0.9446536474297225,1.0,1.0,1.0,1.0,1.0,1.0,1.0,1.0,1.0,1.0,1.0,1.0,1.0,1.0,0.9950041631973355,0.9866777685262281,0.9392173189009159,0.7635303913405496,0.27893422148209823,0.9454402033393225,0.8346497164730999,0.8346497164730999,0.8346497164730999,0.8346497164730999,0.8346497164730999,0.8346497164730999,0.8346497164730999,0.8346497164730999,0.8346497164730999,0.8346497164730999,0.8346497164730999,0.8346497164730999,0.8346497164730999,0.8346497164730999,0.8295281922040671,0.819903536300259,0.7701024297565523,0.6087872448137147,0.19947351429210025,0.7848889972626365,1.0,1.0,1.0,1.0,1.0,1.0,1.0,1.0,1.0,1.0,1.0,1.0,1.0,1.0,0.9950084044759873,0.9867802060597058,0.9406657996284653,0.7733025103180402,0.3479542454118757,0.949669008731267,0.9216001061738193,0.9216001061738193,0.9216001061738193,0.9216001061738193,0.9216001061738193,0.9216001061738193,0.9216001061738193,0.9216001061738193,0.9216001061738193,0.9216001061738193,0.9216001061738193,0.9216001061738193,0.9216001061738193,0.9216001061738193,0.9225607220580497,0.9238004955103248,0.9286221528597646,0.9400017337514496,0.96350326411043,0.9253099923538678,0.9132115485196068,0.9132115485196068,0.9132115485196068,0.9132115485196068,0.9132115485196068,0.9132115485196068,0.9132115485196068,0.9132115485196068,0.9132115485196068,0.9132115485196068,0.9132115485196068,0.9132115485196068,0.9132115485196068,0.9132115485196068,0.905763875976649,0.8924249838443755,0.8244009805347743,0.6184901231703714,0.1924122750167711,0.8536028377798651,1201.0,1201.0,1201.0,1201.0,1201.0,1201.0,1201.0,1201.0,1201.0,1201.0,1201.0,1201.0,1201.0,1201.0,1195.0,1185.0,1128.0,917.0,335.0,1135.4736842105262,1.0,1.0,1.0,1.0,1.0,1.0,1.0,1.0,1.0,1.0,1.0,1.0,1.0,1.0,7.0,17.0,74.0,285.0,867.0,66.52631578947368,0.0,0.0,0.0,0.0,0.0,0.0,0.0,0.0,0.0,0.0,0.0,0.0,0.0,0.0,6.0,16.0,73.0,284.0,866.0,65.52631578947368,0.9983361064891847,0.9216001061738193,0.9991680532445923,0.9991680532445923,1.0,1.0,0.0,0.0,0.9200014372002969,0.9995838535164377,0.0,0.9991680532445923,1106.841727514757,1201,1,0,1,2,0,0,1.0,601,0.8955472326258843,0.8951747088186356,0.8959200666111574,1076,126,125,1201,1202,3,2
fencing_004_fencing_aria01_rgb,0.9525099315404842,0.9451412522178746,0.9002564294461353,0.9525099315404842,0.9525099315404842,0.9525099315404842,0.9525099315404842,0.9525099315404842,0.9525099315404842,0.9525099315404842,0.9525099315404842,0.9525099315404842,0.9485813402417331,0.9446840024522934,0.9446840024522934,0.9446840024522934,0.9446840024522934,0.9320976890581038,0.908880432101929,0.8773818643312216,0.7832568440258685,0.47007396123192946,0.909031448666543,0.9961538461538462,0.9961538461538462,0.9961538461538462,0.9961538461538462,0.9961538461538462,0.9961538461538462,0.9961538461538462,0.9961538461538462,0.9961538461538462,0.9923224568138196,0.9885057471264368,0.9885057471264368,0.9885057471264368,0.9885057471264368,0.973384030418251,0.9474671669793621,0.915129151291513,0.7958477508650519,0.4456824512534819,0.9468021374479916,0.910778162616398,0.910778162616398,0.910778162616398,0.910778162616398,0.910778162616398,0.910778162616398,0.910778162616398,0.910778162616398,0.910778162616398,0.9067683119295014,0.9028049326810206,0.9028049326810206,0.9028049326810206,0.9028049326810206,0.8925625187975832,0.87186518820634,0.841191579102163,0.7708651347528788,0.4958003807571977,0.8730145425167016,0.9980732177263969,0.9980732177263969,0.9980732177263969,0.9980732177263969,0.9980732177263969,0.9980732177263969,0.9980732177263969,0.9980732177263969,0.9980732177263969,0.9961464354527938,0.9942196531791907,0.9942196531791907,0.9942196531791907,0.9942196531791907,0.9865125240847784,0.9730250481695568,0.9556840077071291,0.8863198458574181,0.6165703275529865,0.9670418821620526,0.9980732177263969,0.9980732177263969,0.9980732177263969,0.9980732177263969,0.9980732177263969,0.9980732177263969,0.9980732177263969,0.9980732177263969,0.9980732177263969,0.9961464354527938,0.9942196531791907,0.9942196531791907,0.9942196531791907,0.9942196531791907,0.9865125240847784,0.9730250481695568,0.9556840077071291,0.8863198458574181,0.6165703275529865,0.9670418821620526,0.910778162616398,0.910778162616398,0.910778162616398,0.910778162616398,0.910778162616398,0.910778162616398,0.910778162616398,0.910778162616398,0.910778162616398,0.908679181466712,0.9065877569133294,0.9065877569133294,0.9065877569133294,0.9065877569133294,0.9017659292018934,0.8909307437650172,0.8731583436724566,0.8325523610694057,0.6156310933406763,0.8866353759851086,1.0,1.0,1.0,1.0,1.0,1.0,1.0,1.0,1.0,0.9980735949380966,0.9961554153720616,0.9961554153720616,0.9961554153720616,0.9961554153720616,0.9885570597165992,0.9755443139455646,0.9589225877060261,0.8997893420229749,0.6760403809124124,0.9727131021436799,0.9451412522178746,0.9451412522178746,0.9451412522178746,0.9451412522178746,0.9451412522178746,0.9451412522178746,0.9451412522178746,0.9451412522178746,0.9451412522178746,0.9460312590514579,0.9468008804373528,0.9468008804373528,0.9468008804373528,0.9468008804373528,0.9485504095595552,0.9510072781860281,0.9532237134220312,0.9590983993900118,0.9695880460382907,0.9484723103872451,0.9534271295686335,0.9534271295686335,0.9534271295686335,0.9534271295686335,0.9534271295686335,0.9534271295686335,0.9534271295686335,0.9534271295686335,0.9534271295686335,0.9504072925383726,0.9474103688785482,0.9474103688785482,0.9474103688785482,0.9474103688785482,0.938362458393595,0.9210573634425999,0.8966121455600764,0.8265791356010804,0.5528976425744287,0.9187579831443182,518.0,518.0,518.0,518.0,518.0,518.0,518.0,518.0,518.0,517.0,516.0,516.0,516.0,516.0,512.0,505.0,496.0,460.0,320.0,501.89473684210526,1.0,1.0,1.0,1.0,1.0,1.0,1.0,1.0,1.0,2.0,3.0,3.0,3.0,3.0,7.0,14.0,23.0,59.0,199.0,17.105263157894736,1.0,1.0,1.0,1.0,1.0,1.0,1.0,1.0,1.0,2.0,3.0,3.0,3.0,3.0,7.0,14.0,23.0,59.0,199.0,17.105263157894736,0.9903660886319846,0.9460312590514579,0.9922928709055877,0.9961464354527938,0.9961464354527938,1.0,0.0,0.0,0.9366053197102192,0.9961464354527938,0.006430868167202572,0.9922928709055877,489.09816092960375,517,2,2,1,2,0,0,2.0,311,0.9479768786127167,0.9479768786127167,0.9479768786127167,492,27,27,519,519,4,2
fencing_004_fencing_aria02_rgb,1.0,0.9477176304282002,0.9477176304282002,1.0,1.0,1.0,1.0,1.0,1.0,1.0,1.0,1.0,1.0,1.0,1.0,1.0,1.0,0.9936509886988928,0.9810742995969995,0.9503227758902483,0.8562374462896754,0.4444555821468217,0.9592495311906654,1.0,1.0,1.0,1.0,1.0,1.0,1.0,1.0,1.0,1.0,1.0,1.0,1.0,1.0,0.9936507936507937,0.9810725552050473,0.9503105590062112,0.8525073746312685,0.4436781609195402,0.9590115496533084,1.0,1.0,1.0,1.0,1.0,1.0,1.0,1.0,1.0,1.0,1.0,1.0,1.0,1.0,0.9936511837470303,0.9810760439920535,0.9503349929313417,0.8599838385512711,0.4452343655862152,0.959488443410943,1.0,1.0,1.0,1.0,1.0,1.0,1.0,1.0,1.0,1.0,1.0,1.0,1.0,1.0,0.9968152866242038,0.9904458598726115,0.9745222929936306,0.9203821656050956,0.6146496815286624,0.9735165940328527,1.0,1.0,1.0,1.0,1.0,1.0,1.0,1.0,1.0,1.0,1.0,1.0,1.0,1.0,0.9968152866242038,0.9904458598726115,0.9745222929936306,0.9203821656050956,0.6146496815286624,0.9735165940328527,1.0,1.0,1.0,1.0,1.0,1.0,1.0,1.0,1.0,1.0,1.0,1.0,1.0,1.0,0.99681538477343,0.9904467488963099,0.9745287182397074,0.9239941106005481,0.6158916859648246,0.9737724551828855,1.0,1.0,1.0,1.0,1.0,1.0,1.0,1.0,1.0,1.0,1.0,1.0,1.0,1.0,0.99681538477343,0.9904467488963099,0.9745287182397074,0.9239941106005481,0.6158916859648246,0.9737724551828855,0.9477176304282002,0.9477176304282002,0.9477176304282002,0.9477176304282002,0.9477176304282002,0.9477176304282002,0.9477176304282002,0.9477176304282002,0.9477176304282002,0.9477176304282002,0.9477176304282002,0.9477176304282002,0.9477176304282002,0.9477176304282002,0.9483907592929185,0.9495285526035231,0.9513362116312992,0.9556208989692013,0.9671835572552331,0.9494793055656305,1.0,1.0,1.0,1.0,1.0,1.0,1.0,1.0,1.0,1.0,1.0,1.0,1.0,1.0,0.9952319777475378,0.9857498191692096,0.9623526569940651,0.8896706062983096,0.5231282452832988,0.9661122792364432,314.0,314.0,314.0,314.0,314.0,314.0,314.0,314.0,314.0,314.0,314.0,314.0,314.0,314.0,313.0,311.0,306.0,289.0,193.0,305.6842105263158,0.0,0.0,0.0,0.0,0.0,0.0,0.0,0.0,0.0,0.0,0.0,0.0,0.0,0.0,1.0,3.0,8.0,25.0,121.0,8.31578947368421,0.0,0.0,0.0,0.0,0.0,0.0,0.0,0.0,0.0,0.0,0.0,0.0,0.0,0.0,1.0,3.0,8.0,25.0,121.0,8.31578947368421,1.0,0.9477176304282002,1.0,1.0,1.0,1.0,0.0,0.0,0.9477176304282002,1.0,0.0,1.0,297.58333595445487,314,0,0,0,2,0,0,0.0,311,1.0,1.0,1.0,314,0,0,314,314,2,2
fencing_004_fencing_aria03_rgb,0.8482252640496488,0.9057382872176981,0.7682700978351087,0.8482252640496488,0.8482252640496488,0.8482252640496488,0.8482252640496488,0.8482252640496488,0.8482252640496488,0.8482252640496488,0.8465227298673894,0.8455494258523317,0.8455494258523317,0.8455494258523317,0.8455494258523317,0.8415144578423425,0.8344937473532598,0.8305613633826597,0.8086224408608118,0.6895360751918266,0.4491321568542953,0.08756473394154714,0.7740906451079476,1.0,1.0,1.0,1.0,1.0,1.0,1.0,0.9932659932659933,0.9899159663865547,0.9899159663865547,0.9899159663865547,0.9899159663865547,0.983249581239531,0.9733333333333334,0.9667774086378738,0.9314845024469821,0.7724550898203593,0.48930817610062893,0.09426987060998152,0.9033583063684685,0.7194860985720966,0.7194860985720966,0.7194860985720966,0.7194860985720966,0.7194860985720966,0.7194860985720966,0.7194860985720966,0.7214590422308296,0.7222368926616785,0.7222368926616785,0.7222368926616785,0.7222368926616785,0.7202104086990491,0.7154587133955679,0.7135377514830339,0.7019657870270513,0.6155179831898324,0.41225490227473033,0.08133651378367411,0.663531124354482,1.0,1.0,1.0,1.0,1.0,1.0,1.0,0.9966216216216216,0.9949324324324325,0.9949324324324325,0.9949324324324325,0.9949324324324325,0.9915540540540541,0.9864864864864865,0.9831081081081081,0.964527027027027,0.8716216216216216,0.6570945945945946,0.17229729729729729,0.9264758179231863,1.0,1.0,1.0,1.0,1.0,1.0,1.0,0.9966216216216216,0.9949324324324325,0.9949324324324325,0.9949324324324325,0.9949324324324325,0.9915540540540541,0.9864864864864865,0.9831081081081081,0.964527027027027,0.8716216216216216,0.6570945945945946,0.17229729729729729,0.9264758179231863,0.7198883800448085,0.7198883800448085,0.7198883800448085,0.7198883800448085,0.7198883800448085,0.7198883800448085,0.7198883800448085,0.7218730381133376,0.7226595446472225,0.7226595446472225,0.7226595446472225,0.7226595446472225,0.7218320908253073,0.7194052717359002,0.7186187748619034,0.7139936306420269,0.665815617526213,0.5169905326367783,0.13497664880064836,0.6759664444234034,0.9680574324324323,0.9680574324324323,0.9680574324324323,0.9680574324324323,0.9680574324324323,0.9680574324324323,0.9680574324324323,0.9685169491525423,0.9676146010186757,0.9676146010186757,0.9676146010186757,0.9676146010186757,0.9650240176501803,0.9607566528183247,0.9582999549321165,0.9471132493267947,0.8695627761051292,0.6718949627992749,0.1843886207536413,0.9038114534020912,0.9057382872176981,0.9057382872176981,0.9057382872176981,0.9057382872176981,0.9057382872176981,0.9057382872176981,0.9057382872176981,0.9075465485253794,0.908396801668205,0.908396801668205,0.908396801668205,0.908396801668205,0.9092999982927172,0.9105296949219882,0.9111651181976677,0.9136969974784672,0.9224567183957549,0.9363238002620964,0.9625752014175273,0.9130183839309636,0.8482252640496488,0.8482252640496488,0.8482252640496488,0.8482252640496488,0.8482252640496488,0.8482252640496488,0.8482252640496488,0.8479514612297518,0.8476891578923994,0.8476891578923994,0.8476891578923994,0.8476891578923994,0.8450606786009329,0.8401132973615737,0.8375468637182034,0.8228395795268291,0.7324607720862544,0.5204713900685111,0.11838100141708303,0.7838504486276988,592.0,592.0,592.0,592.0,592.0,592.0,592.0,590.0,589.0,589.0,589.0,589.0,587.0,584.0,582.0,571.0,516.0,389.0,102.0,548.4736842105264,0.0,0.0,0.0,0.0,0.0,0.0,0.0,2.0,3.0,3.0,3.0,3.0,5.0,8.0,10.0,21.0,76.0,203.0,490.0,43.526315789473685,0.0,0.0,0.0,0.0,0.0,0.0,0.0,2.0,3.0,3.0,3.0,3.0,5.0,8.0,10.0,21.0,76.0,203.0,490.0,43.526315789473685,0.9898648648648649,0.9081794599930946,0.9966216216216216,0.9983108108108109,0.9983108108108109,1.0,0.0,0.0,0.8981994271214846,0.9983108108108109,0.003215434083601286,0.9956046283930272,536.7340608559189,591,1,1,4,2,0,0,2.0,311,0.8378378378378378,0.8378378378378378,0.8378378378378378,496,96,96,592,592,5,2
fencing_005_fencing_aria01_rgb,0.8570880327540564,0.9458323087748268,0.8106615528430435,0.8570880327540564,0.8570880327540564,0.8570880327540564,0.8564405188747268,0.8564405188747268,0.8564405188747268,0.8564405188747268,0.8564405188747268,0.8551559573418421,0.8551559573418421,0.8521983699091101,0.8521983699091101,0.8515661168654872,0.8503118596833903,0.8473074737696937,0.8432988761441139,0.8327478915492308,0.7767998337610296,0.4364775508068788,0.8266676289325017,1.0,1.0,1.0,0.9982578397212544,0.9982578397212544,0.9982578397212544,0.9982578397212544,0.9982578397212544,0.9947826086956522,0.9947826086956522,0.98959236773634,0.98959236773634,0.9878682842287695,0.9844290657439446,0.9775862068965517,0.9707903780068728,0.9523404255319149,0.8665581773799838,0.39622641509433965,0.9524125318080332,0.7345998958902185,0.7345998958902185,0.7345998958902185,0.7347704502628553,0.7347704502628553,0.7347704502628553,0.7347704502628553,0.7347704502628553,0.7351271574159343,0.7351271574159343,0.7338800149974878,0.7338800149974878,0.7340703846560903,0.7344665896997089,0.7343904302671402,0.7325505182344225,0.7281734895296113,0.6963386850212202,0.4808176464282708,0.7187617909288548,1.0,1.0,1.0,0.999128160418483,0.999128160418483,0.999128160418483,0.999128160418483,0.999128160418483,0.997384481255449,0.997384481255449,0.994768962510898,0.994768962510898,0.993897122929381,0.992153443766347,0.988666085440279,0.985178727114211,0.9755884917175239,0.9285091543156059,0.5675675675675675,0.9690267517092644,1.0,1.0,1.0,0.999128160418483,0.999128160418483,0.999128160418483,0.999128160418483,0.999128160418483,0.997384481255449,0.997384481255449,0.994768962510898,0.994768962510898,0.993897122929381,0.992153443766347,0.988666085440279,0.985178727114211,0.9755884917175239,0.9285091543156059,0.5675675675675675,0.9690267517092644,0.7345998958902185,0.7345998958902185,0.7345998958902185,0.7348205895326314,0.7348205895326314,0.7348205895326314,0.7348205895326314,0.7348205895326314,0.7352727400804323,0.7352727400804323,0.7346938775510204,0.7346938775510204,0.7349286678234047,0.7354091427026401,0.7357549857549858,0.7351371332715111,0.7338651657414398,0.7196575044504552,0.5969579705365684,0.7268182337304063,1.0,1.0,1.0,0.9991340102596648,0.9991340102596648,0.9991340102596648,0.9991340102596648,0.9991340102596648,0.99743722186904,0.99743722186904,0.9948583761990913,0.9948583761990913,0.9940364816327589,0.9924283016196513,0.9892284080969717,0.9861065879480669,0.977827447155792,0.9381551652629956,0.6510526951723986,0.97416296496438,0.9458323087748268,0.9458323087748268,0.9458323087748268,0.9465049853082584,0.9465049853082584,0.9465049853082584,0.9465049853082584,0.9465049853082584,0.9473880620119004,0.9473880620119004,0.9484885656484798,0.9484885656484798,0.9487517082258417,0.9492155111548325,0.9500238436593226,0.950649750556172,0.9517662137452656,0.955282119368658,0.9685525776155719,0.9492640438164314,0.8570880327540564,0.8570880327540564,0.8570880327540564,0.8568137769089541,0.8568137769089541,0.8568137769089541,0.8568137769089541,0.8568137769089541,0.8562735652559201,0.8562735652559201,0.8544244034006363,0.8544244034006363,0.8541606659975348,0.8536413510965192,0.8520956001981326,0.8495252716082341,0.842850921787999,0.8040875844995334,0.522394967459351,0.8344992254088082,1147.0,1147.0,1147.0,1146.0,1146.0,1146.0,1146.0,1146.0,1144.0,1144.0,1141.0,1141.0,1140.0,1138.0,1134.0,1130.0,1119.0,1065.0,651.0,1111.4736842105262,0.0,0.0,0.0,1.0,1.0,1.0,1.0,1.0,3.0,3.0,6.0,6.0,7.0,9.0,13.0,17.0,28.0,82.0,496.0,35.526315789473685,0.0,0.0,0.0,1.0,1.0,1.0,1.0,1.0,3.0,3.0,6.0,6.0,7.0,9.0,13.0,17.0,28.0,82.0,496.0,35.526315789473685,0.992153443766347,0.9473880620119004,0.994768962510898,0.997384481255449,0.997384481255449,1.0,0.0,0.0,0.9396791132882424,0.997384481255449,0.004991680532445923,0.9943529893158504,1083.811942941614,1144,3,3,3,2,0,0,4.0,601,0.8099389712292938,0.8099389712292938,0.8099389712292938,929,218,218,1147,1147,5,2
fencing_005_fencing_aria02_rgb,0.6555170863132965,0.949750025175038,0.622577369228721,0.6555170863132965,0.6555170863132965,0.6555170863132965,0.6555170863132965,0.6555170863132965,0.6555170863132965,0.654561662709597,0.654561662709597,0.654561662709597,0.654561662709597,0.654561662709597,0.654561662709597,0.6520143208090063,0.6476350474734743,0.6467581683742607,0.6285097103437376,0.6194063782658351,0.5847147993313319,0.3980055547832142,0.6335534986062221,0.9964664310954063,0.9964664310954063,0.9964664310954063,0.9964664310954063,0.9964664310954063,0.9964664310954063,0.9929453262786596,0.9929453262786596,0.9929453262786596,0.9929453262786596,0.9929453262786596,0.9929453262786596,0.9894366197183099,0.978984238178634,0.9755244755244755,0.934931506849315,0.9120135363790186,0.8464052287581699,0.5586206896551724,0.9543361494372363,0.4312264187126762,0.4312264187126762,0.4312264187126762,0.4312264187126762,0.4312264187126762,0.4312264187126762,0.4314950269164287,0.4314950269164287,0.4314950269164287,0.4314950269164287,0.4314950269164287,0.4314950269164287,0.42966135078067064,0.42843504354708145,0.428791013299731,0.4225170005528927,0.42067825326328706,0.4039334646581714,0.28357063132781046,0.42073239111601446,0.9964664310954063,0.9964664310954063,0.9964664310954063,0.9964664310954063,0.9964664310954063,0.9964664310954063,0.9946996466431095,0.9946996466431095,0.9946996466431095,0.9946996466431095,0.9946996466431095,0.9946996466431095,0.9929328621908127,0.9876325088339223,0.9858657243816255,0.9646643109540636,0.9522968197879859,0.9151943462897526,0.715547703180212,0.9716384601078668,1.0,1.0,1.0,1.0,1.0,1.0,0.99822695035461,0.99822695035461,0.99822695035461,0.99822695035461,0.99822695035461,0.99822695035461,0.9964539007092199,0.9911347517730497,0.9893617021276596,0.9680851063829787,0.9556737588652482,0.9184397163120568,0.7180851063829787,0.9750839865621502,0.4312264187126762,0.4312264187126762,0.4312264187126762,0.4312264187126762,0.4312264187126762,0.4312264187126762,0.4315211261660753,0.4315211261660753,0.4315211261660753,0.4315211261660753,0.4315211261660753,0.4315211261660753,0.43026179544692456,0.42939466697153844,0.42976188000209964,0.4263799595975019,0.4256390591605529,0.41438952077249946,0.3201701971712103,0.4238148604418335,1.0,1.0,1.0,1.0,1.0,1.0,0.9984775437706165,0.9984775437706165,0.9984775437706165,0.9984775437706165,0.9984775437706165,0.9984775437706165,0.9967015070700456,0.992323339845019,0.9912855168493495,0.9715431956515596,0.9652597393256792,0.9329640145876229,0.7461561277943228,0.978268352828805,0.949750025175038,0.949750025175038,0.949750025175038,0.949750025175038,0.949750025175038,0.949750025175038,0.9508634559212733,0.9508634559212733,0.9508634559212733,0.9508634559212733,0.9508634559212733,0.9508634559212733,0.9514877546048605,0.9529359719010526,0.953376177471086,0.9571912212149293,0.9588940379071411,0.9620814643907561,0.9698095447299696,0.9531293188840875,0.6555170863132965,0.6555170863132965,0.6555170863132965,0.6555170863132965,0.6555170863132965,0.6555170863132965,0.65513964221533,0.65513964221533,0.65513964221533,0.65513964221533,0.65513964221533,0.65513964221533,0.653165273727425,0.6504893365234935,0.6501771781099906,0.6384254625285037,0.6329380402034572,0.6080112031306578,0.45045345368414863,0.6393473852147072,564.0,564.0,564.0,564.0,564.0,564.0,563.0,563.0,563.0,563.0,563.0,563.0,562.0,559.0,558.0,546.0,539.0,518.0,405.0,549.9473684210526,2.0,2.0,2.0,2.0,2.0,2.0,3.0,3.0,3.0,3.0,3.0,3.0,4.0,7.0,8.0,20.0,27.0,48.0,161.0,16.05263157894737,0.0,0.0,0.0,0.0,0.0,0.0,1.0,1.0,1.0,1.0,1.0,1.0,2.0,5.0,6.0,18.0,25.0,46.0,159.0,14.052631578947368,0.9823321554770318,0.9508634559212733,0.9929328621908127,0.9946996466431095,0.99822695035461,1.0,0.0,0.0,0.9334560524446588,0.9964601769911504,0.0016638935108153079,0.9915580366600996,535.3361256836769,563,3,1,6,2,0,0,5.0,601,0.5663716814159292,0.5653710247349824,0.5673758865248227,320,246,244,564,566,8,2
fencing_005_fencing_aria03_rgb,0.6739461476246229,0.9269456026725578,0.6247114179787546,0.6739461476246229,0.6739461476246229,0.6739461476246229,0.6739461476246229,0.6739461476246229,0.6739461476246229,0.6739461476246229,0.6739461476246229,0.6739461476246229,0.6739461476246229,0.6729709461701178,0.6720007901914313,0.6705914770729082,0.6675711998017606,0.6594075023448256,0.649375541237562,0.6247496657179221,0.4990739481673039,0.15398153878986642,0.6320623203021014,0.9973309608540926,0.9973309608540926,0.9973309608540926,0.9973309608540926,0.9973309608540926,0.9973309608540926,0.9973309608540926,0.9973309608540926,0.9973309608540926,0.9973309608540926,0.9955555555555555,0.9937833037300178,0.9902482269503546,0.9832155477031802,0.9692982456140351,0.9538729329852045,0.9122657580919932,0.7072243346007605,0.18783068783068782,0.9298212737685638,0.45541894087906387,0.45541894087906387,0.45541894087906387,0.45541894087906387,0.45541894087906387,0.45541894087906387,0.45541894087906387,0.45541894087906387,0.45541894087906387,0.45541894087906387,0.4549117242747692,0.4544099909134624,0.4541214181294058,0.4532590110539001,0.4485907780357022,0.4420804689759631,0.42784916714510324,0.35218641886793595,0.12623237747746427,0.42988582966654443,0.9973309608540926,0.9973309608540926,0.9973309608540926,0.9973309608540926,0.9973309608540926,0.9973309608540926,0.9973309608540926,0.9973309608540926,0.9973309608540926,0.9973309608540926,0.99644128113879,0.9955516014234875,0.9937722419928826,0.9902135231316725,0.9830960854092526,0.9750889679715302,0.952846975088968,0.8274021352313167,0.31583629893238435,0.9475557220453269,1.0,1.0,1.0,1.0,1.0,1.0,1.0,1.0,1.0,1.0,0.9991079393398751,0.9982158786797503,0.9964317573595004,0.9928635147190009,0.9857270294380018,0.9776984834968778,0.9553969669937555,0.8296164139161463,0.31668153434433544,0.9500915535940656,0.45541894087906387,0.45541894087906387,0.45541894087906387,0.45541894087906387,0.45541894087906387,0.45541894087906387,0.45541894087906387,0.45541894087906387,0.45541894087906387,0.45541894087906387,0.4550704357540889,0.4547244767319207,0.45459896515035664,0.45415821219428487,0.45100383033737224,0.4464321073591729,0.4364235292225637,0.3784831437722653,0.1598998244787876,0.433946522831129,1.0,1.0,1.0,1.0,1.0,1.0,1.0,1.0,1.0,1.0,0.999110878661088,0.9982276464715581,0.9964676128652036,0.9930101539185917,0.9860073300007756,0.9781019471224337,0.9559724655766345,0.8364065361873035,0.3691681959964339,0.953288040357896,0.9269456026725578,0.9269456026725578,0.9269456026725578,0.9269456026725578,0.9269456026725578,0.9269456026725578,0.9269456026725578,0.9269456026725578,0.9269456026725578,0.9269456026725578,0.9272929576216095,0.927604692425306,0.9281041909617789,0.9290030178685212,0.9304954472765158,0.9317935168679105,0.9342109890630093,0.9419557197243752,0.9642705998476433,0.930746692546434,0.6739461476246229,0.6739461476246229,0.6739461476246229,0.6739461476246229,0.6739461476246229,0.6739461476246229,0.6739461476246229,0.6739461476246229,0.6739461476246229,0.6739461476246229,0.6732702439150323,0.6725983899450919,0.6717836406399362,0.6699426857775672,0.6640842098993093,0.6565575285183637,0.6384941540128194,0.5398145931436099,0.19967164773176482,0.6381936089384066,1121.0,1121.0,1121.0,1121.0,1121.0,1121.0,1121.0,1121.0,1121.0,1121.0,1120.0,1119.0,1117.0,1113.0,1105.0,1096.0,1071.0,930.0,355.0,1065.0526315789473,3.0,3.0,3.0,3.0,3.0,3.0,3.0,3.0,3.0,3.0,4.0,5.0,7.0,11.0,19.0,28.0,53.0,194.0,769.0,58.94736842105263,0.0,0.0,0.0,0.0,0.0,0.0,0.0,0.0,0.0,0.0,1.0,2.0,4.0,8.0,16.0,25.0,50.0,191.0,766.0,55.94736842105263,0.994661921708185,0.9269456026725578,0.9973309608540926,0.9973309608540926,1.0,1.0,0.0,0.0,0.9218025094269905,0.9986636971046771,0.0,0.9969064757520288,1039.1060205959373,1121,3,0,3,2,0,0,2.0,601,0.4997772828507795,0.4991103202846975,0.5004460303300624,561,563,560,1121,1124,5,2
fencing_006_fencing_aria01_rgb,0.8677470677655804,0.9385981404264082,0.8144657841652422,0.8677470677655804,0.8677470677655804,0.8677470677655804,0.8677470677655804,0.8668603421763335,0.8668603421763335,0.8668603421763335,0.8650556632457,0.8650556632457,0.8650556632457,0.8632566346252786,0.8632566346252786,0.8632566346252786,0.8596754481690985,0.8427789534217313,0.816875677614413,0.7775311509883615,0.684120983429916,0.3050446527315474,0.818028055661017,0.9991624790619765,0.9991624790619765,0.9991624790619765,0.9991624790619765,0.9974895397489539,0.9974895397489539,0.9974895397489539,0.995819397993311,0.995819397993311,0.995819397993311,0.9941520467836257,0.9941520467836257,0.9941520467836257,0.9908256880733946,0.9727272727272728,0.9469820554649266,0.9065495207667732,0.8015094339622642,0.33501118568232663,0.9427704224475019,0.7536161429146863,0.7536161429146863,0.7536161429146863,0.7536161429146863,0.753338078138837,0.753338078138837,0.753338078138837,0.7514628676860586,0.7514628676860586,0.7514628676860586,0.7495956173258828,0.7495956173258828,0.7495956173258828,0.7458848565197842,0.7301906549193378,0.7046446855325029,0.6668744253992266,0.583925154387079,0.277758606688276,0.7098385602398573,0.9991624790619765,0.9991624790619765,0.9991624790619765,0.9991624790619765,0.998324958123953,0.998324958123953,0.998324958123953,0.9974874371859297,0.9974874371859297,0.9974874371859297,0.9966499162479062,0.9966499162479062,0.9966499162479062,0.9949748743718593,0.9857621440536013,0.9723618090452262,0.9505862646566164,0.8894472361809045,0.501675041876047,0.961518116900291,1.0,1.0,1.0,1.0,0.9991617770326907,0.9991617770326907,0.9991617770326907,0.9983235540653814,0.9983235540653814,0.9983235540653814,0.9974853310980721,0.9974853310980721,0.9974853310980721,0.9958088851634534,0.9865884325230512,0.9731768650461022,0.9513830678960603,0.8901927912824812,0.5020955574182733,0.9623240834693607,0.7536161429146863,0.7536161429146863,0.7536161429146863,0.7536161429146863,0.7535028162579817,0.7535028162579817,0.7535028162579817,0.7524604102939099,0.7524604102939099,0.7524604102939099,0.7514190488467233,0.7514190488467233,0.7514190488467233,0.7493394700536816,0.7405094989776984,0.7255001956112221,0.7021373289455457,0.6462795522767738,0.3454117567414828,0.7208310105505785,1.0,1.0,1.0,1.0,0.9991642515761644,0.9991642515761644,0.9991642515761644,0.9983253186779635,0.9983253186779635,0.9983253186779635,0.9974877769289535,0.9974877769289535,0.9974877769289535,0.9958168809305173,0.9866415721518851,0.9734609071480258,0.9524317432185088,0.8936588438607913,0.5919410747672389,0.9673096349276954,0.9385981404264082,0.9385981404264082,0.9385981404264082,0.9385981404264082,0.9391762329900226,0.9391762329900226,0.9391762329900226,0.9396346111929129,0.9396346111929129,0.9396346111929129,0.9399988405601858,0.9399988405601858,0.9399988405601858,0.9404146393037844,0.9424839940352268,0.9447544488073473,0.9473969255039111,0.9519945181775057,0.9681498327741813,0.9424218933966817,0.8677470677655804,0.8677470677655804,0.8677470677655804,0.8677470677655804,0.8672232730451448,0.8672232730451448,0.8672232730451448,0.8657798623371624,0.8657798623371624,0.8657798623371624,0.8643404475249545,0.8643404475249545,0.8643404475249545,0.8614735581616214,0.8484069221553946,0.8277497092469975,0.7961919800119053,0.7206737227803546,0.3732888434466979,0.8258317766098461,1193.0,1193.0,1193.0,1193.0,1192.0,1192.0,1192.0,1191.0,1191.0,1191.0,1190.0,1190.0,1190.0,1188.0,1177.0,1161.0,1135.0,1062.0,599.0,1148.0526315789473,1.0,1.0,1.0,1.0,2.0,2.0,2.0,3.0,3.0,3.0,4.0,4.0,4.0,6.0,17.0,33.0,59.0,132.0,595.0,45.94736842105263,0.0,0.0,0.0,0.0,1.0,1.0,1.0,2.0,2.0,2.0,3.0,3.0,3.0,5.0,16.0,32.0,58.0,131.0,594.0,44.94736842105263,0.9949748743718593,0.9396346111929129,0.9958123953098827,0.9974874371859297,0.9983235540653814,1.0,0.0,0.0,0.9347611573959458,0.9979053204859657,0.0033277870216306157,0.9958123953098827,1119.1048219307593,1191,3,2,1,2,0,0,4.0,601,0.7775450356095518,0.7772194304857621,0.7778709136630344,928,266,265,1193,1194,3,2
fencing_006_fencing_aria02_rgb,1.0,0.9625499625724251,0.9625499625724251,1.0,1.0,1.0,1.0,1.0,1.0,1.0,1.0,1.0,1.0,1.0,1.0,0.9966777408637874,0.9900662251655629,0.9867768595041322,0.9802306425041186,0.9704918032786886,0.9418416801292407,0.7195994277539342,0.9781939146947086,1.0,1.0,1.0,1.0,1.0,1.0,1.0,1.0,1.0,1.0,1.0,1.0,0.9966777408637874,0.9900662251655629,0.9867768595041322,0.9802306425041186,0.9704918032786886,0.9418416801292407,0.7195994277539342,0.9781939146947086,1.0,1.0,1.0,1.0,1.0,1.0,1.0,1.0,1.0,1.0,1.0,1.0,0.9966777408637874,0.9900662251655629,0.9867768595041322,0.9802306425041186,0.9704918032786886,0.9418416801292407,0.7195994277539343,0.9781939146947086,1.0,1.0,1.0,1.0,1.0,1.0,1.0,1.0,1.0,1.0,1.0,1.0,0.9983361064891847,0.9950083194675541,0.9933444259567388,0.9900166389351082,0.9850249584026622,0.9700499168053245,0.8369384359400999,0.9878273053682458,1.0,1.0,1.0,1.0,1.0,1.0,1.0,1.0,1.0,1.0,1.0,1.0,0.9983361064891847,0.9950083194675541,0.9933444259567388,0.9900166389351082,0.9850249584026622,0.9700499168053245,0.8369384359400999,0.9878273053682458,1.0,1.0,1.0,1.0,1.0,1.0,1.0,1.0,1.0,1.0,1.0,1.0,0.9983361064891847,0.9950083194675542,0.9933444259567388,0.9900166389351083,0.9850249584026624,0.9700499168053244,0.8369384359400999,0.9878273053682458,1.0,1.0,1.0,1.0,1.0,1.0,1.0,1.0,1.0,1.0,1.0,1.0,0.9983361064891847,0.9950083194675542,0.9933444259567388,0.9900166389351083,0.9850249584026624,0.9700499168053244,0.8369384359400999,0.9878273053682458,0.9625499625724251,0.9625499625724251,0.9625499625724251,0.9625499625724251,0.9625499625724251,0.9625499625724251,0.9625499625724251,0.9625499625724251,0.9625499625724251,0.9625499625724251,0.9625499625724251,0.9625499625724251,0.963129531197409,0.9640579257855254,0.9644217225262139,0.9650814799905147,0.9657613400069163,0.9672005628909476,0.9719352009499885,0.9637993323271905,1.0,1.0,1.0,1.0,1.0,1.0,1.0,1.0,1.0,1.0,1.0,1.0,0.997506579045166,0.9925341963194879,0.9900551969721313,0.9851114891590338,0.9777313783216303,0.9558417460297269,0.7760543921451438,0.9828860514732799,601.0,601.0,601.0,601.0,601.0,601.0,601.0,601.0,601.0,601.0,601.0,601.0,600.0,598.0,597.0,595.0,592.0,583.0,503.0,593.6842105263158,0.0,0.0,0.0,0.0,0.0,0.0,0.0,0.0,0.0,0.0,0.0,0.0,1.0,3.0,4.0,6.0,9.0,18.0,98.0,7.315789473684211,0.0,0.0,0.0,0.0,0.0,0.0,0.0,0.0,0.0,0.0,0.0,0.0,1.0,3.0,4.0,6.0,9.0,18.0,98.0,7.315789473684211,1.0,0.9625499625724251,1.0,1.0,1.0,1.0,0.0,0.0,0.9625499625724251,1.0,0.0,1.0,578.4925275060275,601,0,0,0,1,0,0,0.0,601,1.0,1.0,1.0,601,0,0,601,601,1,1
fencing_006_fencing_aria03_rgb,0.6110866844235296,0.9168791596568342,0.5602926456917269,0.6110866844235296,0.6110866844235296,0.6110866844235296,0.6110866844235296,0.6110866844235296,0.6110866844235296,0.6110866844235296,0.6110866844235296,0.6110866844235296,0.6110866844235296,0.6108298892823126,0.6105756734359415,0.6088460345063939,0.6043964376046557,0.5887824765711531,0.5684988455069855,0.5230223487260245,0.42696555277533005,0.15140667495131618,0.5686416198734426,0.9850622406639005,0.9850622406639005,0.9850622406639005,0.9850622406639005,0.9850622406639005,0.9850622406639005,0.9850622406639005,0.9850622406639005,0.9850622406639005,0.9850622406639005,0.9834162520729685,0.9817729908864954,0.978494623655914,0.9671052631578947,0.9415584415584416,0.8909090909090909,0.7850746268656716,0.5883134130146083,0.16455696202531644,0.9016749510939686,0.37908968638171,0.37908968638171,0.37908968638171,0.37908968638171,0.37908968638171,0.37908968638171,0.37908968638171,0.37908968638171,0.37908968638171,0.37908968638171,0.3794051123866902,0.37972388368020804,0.37884060348656007,0.377720055618763,0.36818193052729736,0.3627653378337274,0.3484412410053506,0.3098681403890013,0.139307270489636,0.3597447599597018,0.9875207986688852,0.9875207986688852,0.9875207986688852,0.9875207986688852,0.9875207986688852,0.9875207986688852,0.9875207986688852,0.9875207986688852,0.9875207986688852,0.9875207986688852,0.9866888519134775,0.9858569051580699,0.9841930116472546,0.978369384359401,0.9650582362728786,0.937603993344426,0.8752079866888519,0.7371048252911814,0.281198003327787,0.9266573255101147,0.9974789915966387,0.9974789915966387,0.9974789915966387,0.9974789915966387,0.9974789915966387,0.9974789915966387,0.9974789915966387,0.9974789915966387,0.9974789915966387,0.9974789915966387,0.9966386554621849,0.9957983193277311,0.9941176470588236,0.9882352941176471,0.9747899159663865,0.9470588235294117,0.8840336134453781,0.7445378151260504,0.28403361344537814,0.936001769128704,0.3791027871267629,0.3791027871267629,0.3791027871267629,0.3791027871267629,0.3791027871267629,0.3791027871267629,0.3791027871267629,0.3791027871267629,0.3791027871267629,0.3791027871267629,0.379418226508377,0.37973700653622305,0.37923691565058515,0.3786942397591316,0.3723478111193987,0.36936221352463433,0.3616342850635506,0.3362003883670181,0.18678927625555042,0.3649709596869525,0.9896018596524072,0.9896018596524072,0.9896018596524072,0.9896018596524072,0.9896018596524072,0.9896018596524072,0.9896018596524072,0.9896018596524072,0.9896018596524072,0.9896018596524072,0.9891715070888764,0.989584310048445,0.9895374754222802,0.9858236314036267,0.9726145024435646,0.9477775367210981,0.9070777916991938,0.7896523983545702,0.35307255310900104,0.9379121212007752,0.9168791596568342,0.9168791596568342,0.9168791596568342,0.9168791596568342,0.9168791596568342,0.9168791596568342,0.9168791596568342,0.9168791596568342,0.9168791596568342,0.9168791596568342,0.9172227128721879,0.9175320424016505,0.9180333599157097,0.9194903320021134,0.9221019592033103,0.9262381914324542,0.9334611598488561,0.9430627957836931,0.9646453592316113,0.922662079434733,0.6118487965688937,0.6118487965688937,0.6118487965688937,0.6118487965688937,0.6118487965688937,0.6118487965688937,0.6118487965688937,0.6118487965688937,0.6118487965688937,0.6118487965688937,0.6118454010213097,0.6118442716734159,0.6106163070862921,0.6079060275041923,0.5960847292979556,0.5832068495824124,0.5522305288732758,0.47791767228753745,0.19792151553262113,0.5772663825551552,1187.0,1187.0,1187.0,1187.0,1187.0,1187.0,1187.0,1187.0,1187.0,1187.0,1186.0,1185.0,1183.0,1176.0,1160.0,1127.0,1052.0,886.0,338.0,1113.842105263158,15.0,15.0,15.0,15.0,15.0,15.0,15.0,15.0,15.0,15.0,16.0,17.0,19.0,26.0,42.0,75.0,150.0,316.0,864.0,88.15789473684211,3.0,3.0,3.0,3.0,3.0,3.0,3.0,3.0,3.0,3.0,4.0,5.0,7.0,14.0,30.0,63.0,138.0,304.0,852.0,76.15789473684211,0.9700499168053245,0.91001793324733,0.9816971713810316,0.9858569051580699,0.9957983193277311,1.0,0.0,0.0,0.8813404749568104,0.9908026755852842,0.008319467554076539,0.9807436538804674,1078.3712508980861,1185,17,5,14,2,0,0,9.0,601,0.4790969899665552,0.4767054908485857,0.4815126050420168,573,629,617,1190,1202,13,2
fencing_008_fencing_aria01_rgb,0.8353977737630264,0.943819351638841,0.7884645851935508,0.8353977737630264,0.8353977737630264,0.8353977737630264,0.8353977737630264,0.8353977737630264,0.8353977737630264,0.8353977737630264,0.8353977737630264,0.8353977737630264,0.8353977737630264,0.8353977737630264,0.8353977737630264,0.8353977737630264,0.8345711314594342,0.829977645141688,0.814005691874094,0.7812586273385574,0.6963338071425496,0.3506945189943828,0.7982638147826341,0.9990706319702602,0.9990706319702602,0.9990706319702602,0.9990706319702602,0.9990706319702602,0.9990706319702602,0.9990706319702602,0.9990706319702602,0.9990706319702602,0.9990706319702602,0.9990706319702602,0.9990706319702602,0.9990706319702602,0.9972144846796658,0.9898242368177613,0.9590163934426229,0.9171122994652406,0.8121314237573716,0.41420118343195267,0.9514430651162104,0.6985386398876701,0.6985386398876701,0.6985386398876701,0.6985386398876701,0.6985386398876701,0.6985386398876701,0.6985386398876701,0.6985386398876701,0.6985386398876701,0.6985386398876701,0.6985386398876701,0.6985386398876701,0.6985386398876701,0.6984545292572832,0.695944659477731,0.6909217307796371,0.6655292303317979,0.597047173382738,0.29692490164723656,0.6697802391271649,1.0,1.0,1.0,1.0,1.0,1.0,1.0,1.0,1.0,1.0,1.0,1.0,1.0,0.9990697674418605,0.9953488372093023,0.9795348837209302,0.9572093023255814,0.8967441860465116,0.586046511627907,0.9691554467564258,0.9990706319702602,0.9990706319702602,0.9990706319702602,0.9990706319702602,0.9990706319702602,0.9990706319702602,0.9990706319702602,0.9990706319702602,0.9990706319702602,0.9990706319702602,0.9990706319702602,0.9990706319702602,0.9990706319702602,0.9981412639405205,0.9944237918215614,0.9786245353159851,0.9563197026022305,0.895910780669145,0.5855018587360595,0.9682547446683624,0.6985388966784316,0.6985388966784316,0.6985388966784316,0.6985388966784316,0.6985388966784316,0.6985388966784316,0.6985388966784316,0.6985388966784316,0.6985388966784316,0.6985388966784316,0.6985388966784316,0.6985388966784316,0.6985388966784316,0.6985601845937042,0.6973241295671203,0.6955778024154092,0.6818120593630799,0.6414740299595072,0.39944534944534943,0.6786946953770411,0.999173126614987,0.999173126614987,0.999173126614987,0.999173126614987,0.999173126614987,0.999173126614987,0.999173126614987,0.999173126614987,0.999173126614987,0.999173126614987,0.999173126614987,0.999173126614987,0.999173126614987,0.9982469702797357,0.9945422351709835,0.9790893028414801,0.9577004594604623,0.8991854464459663,0.591845957218827,0.968940053548015,0.943819351638841,0.943819351638841,0.943819351638841,0.943819351638841,0.943819351638841,0.943819351638841,0.943819351638841,0.943819351638841,0.943819351638841,0.943819351638841,0.943819351638841,0.943819351638841,0.943819351638841,0.9440814164913194,0.9448967596207952,0.9476682710783341,0.9505558446638066,0.9554405884773985,0.9672447178698399,0.9462915352371802,0.8357862405469895,0.8357862405469895,0.8357862405469895,0.8357862405469895,0.8357862405469895,0.8357862405469895,0.8357862405469895,0.8357862405469895,0.8357862405469895,0.8357862405469895,0.8357862405469895,0.8357862405469895,0.8357862405469895,0.8353471159427008,0.8322906388835474,0.822667573944358,0.7981546029706159,0.7317093559101687,0.41714721960696605,0.80539671759838,1075.0,1075.0,1075.0,1075.0,1075.0,1075.0,1075.0,1075.0,1075.0,1075.0,1075.0,1075.0,1075.0,1074.0,1070.0,1053.0,1029.0,964.0,630.0,1041.842105263158,0.0,0.0,0.0,0.0,0.0,0.0,0.0,0.0,0.0,0.0,0.0,0.0,0.0,1.0,5.0,22.0,46.0,111.0,445.0,33.1578947368421,1.0,1.0,1.0,1.0,1.0,1.0,1.0,1.0,1.0,1.0,1.0,1.0,1.0,2.0,6.0,23.0,47.0,112.0,446.0,34.1578947368421,0.9962790697674418,0.943819351638841,0.9990697674418605,1.0,0.9990706319702602,1.0,0.0,0.0,0.9400984214062829,0.99953509995351,0.0016638935108153079,0.99862593371654,1014.6058030117541,1075,0,1,3,2,0,0,3.0,601,0.7150162715016272,0.7153488372093023,0.7146840148698885,769,306,307,1076,1075,5,2
fencing_008_fencing_aria02_rgb,0.9226145632414753,0.9512167618307437,0.877606437264442,0.9226145632414753,0.9226145632414753,0.9226145632414753,0.9226145632414753,0.9226145632414753,0.9226145632414753,0.9226145632414753,0.9226145632414753,0.9226145632414753,0.9226145632414753,0.9226145632414753,0.9201642321561319,0.9155449666141082,0.9133667517699063,0.905313760010964,0.8980249120042526,0.8860955861672383,0.844498898454995,0.5158250055121882,0.8919786478076849,0.9967793880837359,0.9967793880837359,0.9967793880837359,0.9967793880837359,0.9967793880837359,0.9967793880837359,0.9967793880837359,0.9967793880837359,0.9967793880837359,0.9967793880837359,0.9967793880837359,0.9935691318327974,0.9871794871794872,0.984,0.9682539682539683,0.9589257503949447,0.9435736677115988,0.881638846737481,0.5214723926380368,0.9580624480878636,0.8539679316018827,0.8539679316018827,0.8539679316018827,0.8539679316018827,0.8539679316018827,0.8539679316018827,0.8539679316018827,0.8539679316018827,0.8539679316018827,0.8539679316018827,0.8539679316018827,0.8521824873701601,0.849108593501421,0.8478036821531604,0.8464649058378183,0.8409918518176204,0.8321187997215769,0.8089235089071091,0.510238777868221,0.8306042028840945,1.0,1.0,1.0,1.0,1.0,1.0,1.0,1.0,1.0,1.0,1.0,0.9983844911147012,0.9951534733441034,0.9935379644588045,0.9854604200323102,0.9806138933764136,0.9725363489499192,0.938610662358643,0.6865912762520194,0.9763625542045743,0.9967793880837359,0.9967793880837359,0.9967793880837359,0.9967793880837359,0.9967793880837359,0.9967793880837359,0.9967793880837359,0.9967793880837359,0.9967793880837359,0.9967793880837359,0.9967793880837359,0.9951690821256038,0.9919484702093397,0.9903381642512077,0.9822866344605475,0.9774557165861514,0.9694041867954911,0.9355877616747182,0.6843800322061192,0.973218069327909,0.8557860514794555,0.8557860514794555,0.8557860514794555,0.8557860514794555,0.8557860514794555,0.8557860514794555,0.8557860514794555,0.8557860514794555,0.8557860514794555,0.8557860514794555,0.8557860514794555,0.8547277701362691,0.8527918849998385,0.8519148687758625,0.8524569225057836,0.8498659772050919,0.8444200887036767,0.8316469808693883,0.6360471595431876,0.8414483273164794,0.9969265928523583,0.9969265928523583,0.9969265928523583,0.9969265928523583,0.9969265928523583,0.9969265928523583,0.9969265928523583,0.9969265928523583,0.9969265928523583,0.9969265928523583,0.9969265928523583,0.9955008287946958,0.9928729806778588,0.9916716240333135,0.984238697106394,0.979655188755392,0.9732969945063,0.9508501229120573,0.7240619252036319,0.9767547833350307,0.9512167618307437,0.9512167618307437,0.9512167618307437,0.9512167618307437,0.9512167618307437,0.9512167618307437,0.9512167618307437,0.9512167618307437,0.9512167618307437,0.9512167618307437,0.9512167618307437,0.9518001733819057,0.9528396611211699,0.9532877978549589,0.9551183714620692,0.9559663283888614,0.9571129681573274,0.9598106149039881,0.9693520370405628,0.9536143332867905,0.9241038532556191,0.9241038532556191,0.9241038532556191,0.9241038532556191,0.9241038532556191,0.9241038532556191,0.9241038532556191,0.9241038532556191,0.9241038532556191,0.9241038532556191,0.9241038532556191,0.9223913372261893,0.9192352071528078,0.917782732800705,0.9133223207879825,0.9081235015727303,0.8995920071753704,0.8713576937703478,0.5918830067587787,0.9004647470029854,619.0,619.0,619.0,619.0,619.0,619.0,619.0,619.0,619.0,619.0,619.0,618.0,616.0,615.0,610.0,607.0,602.0,581.0,425.0,604.3684210526316,0.0,0.0,0.0,0.0,0.0,0.0,0.0,0.0,0.0,0.0,0.0,1.0,3.0,4.0,9.0,12.0,17.0,38.0,194.0,14.631578947368421,2.0,2.0,2.0,2.0,2.0,2.0,2.0,2.0,2.0,2.0,2.0,3.0,5.0,6.0,11.0,14.0,19.0,40.0,196.0,16.63157894736842,0.9935379644588045,0.9512167618307437,0.9967689822294022,1.0,0.9967793880837359,1.0,0.0,0.0,0.9447547262895482,0.9983870967741936,0.0033277870216306157,0.9962826655966657,588.8031755732303,619,0,2,2,2,0,0,3.0,601,0.917741935483871,0.9192245557350566,0.9162640901771336,569,50,52,621,619,4,2
fencing_008_fencing_aria03_rgb,0.8684788355588561,0.9475156397486826,0.8228972794827404,0.8684788355588561,0.8684788355588561,0.8684788355588561,0.8684788355588561,0.8684788355588561,0.8684788355588561,0.8684788355588561,0.8684788355588561,0.8684788355588561,0.8684788355588561,0.8674641136632006,0.8674641136632006,0.862904726632193,0.8619824272467445,0.8601751768515835,0.8432464553045821,0.8078584704043993,0.7161581662939166,0.4074155788175605,0.8304977676034707,1.0,1.0,1.0,1.0,1.0,1.0,1.0,1.0,1.0,1.0,0.9983150800336984,0.9983150800336984,0.9932773109243698,0.9916036943744753,0.9899328859060402,0.9733777038269551,0.9331703341483293,0.8260200153964589,0.45521472392638035,0.955748780451074,0.7542554878136666,0.7542554878136666,0.7542554878136666,0.7542554878136666,0.7542554878136666,0.7542554878136666,0.7542554878136666,0.7542554878136666,0.7542554878136666,0.7542554878136666,0.7537640205415727,0.7537640205415727,0.7496441920647834,0.7493050995043922,0.74742575522628,0.730512504640392,0.699374256040589,0.6209081010020084,0.36463551185592186,0.7216783336607462,1.0,1.0,1.0,1.0,1.0,1.0,1.0,1.0,1.0,1.0,0.9991568296795953,0.9991568296795953,0.9966273187183811,0.9957841483979764,0.9949409780775716,0.9865092748735245,0.9654300168634065,0.9047217537942664,0.6256323777403036,0.9719978698855064,1.0,1.0,1.0,1.0,1.0,1.0,1.0,1.0,1.0,1.0,0.9991568296795953,0.9991568296795953,0.9966273187183811,0.9957841483979764,0.9949409780775716,0.9865092748735245,0.9654300168634065,0.9047217537942664,0.6256323777403036,0.9719978698855064,0.7542554878136666,0.7542554878136666,0.7542554878136666,0.7542554878136666,0.7542554878136666,0.7542554878136666,0.7542554878136666,0.7542554878136666,0.7542554878136666,0.7542554878136666,0.7539990623534927,0.7539990623534927,0.7517403408836469,0.7515851314051041,0.7505342030991372,0.7409601379054002,0.7229323004065247,0.6739129857954804,0.47608851206628494,0.732542453389749,1.0,1.0,1.0,1.0,1.0,1.0,1.0,1.0,1.0,1.0,0.9991588403429972,0.9991588403429972,0.9966273415770991,0.9957869829255209,0.9949430053411817,0.9865603023459284,0.96579157614198,0.9062774080597914,0.626057109776818,0.9721242845712796,0.9475156397486826,0.9475156397486826,0.9475156397486826,0.9475156397486826,0.9475156397486826,0.9475156397486826,0.9475156397486826,0.9475156397486826,0.9475156397486826,0.9475156397486826,0.9478840952897609,0.9478840952897609,0.9486841963270225,0.9489109789176474,0.9490805614571755,0.950613401147739,0.9532084361561467,0.9582069540210821,0.9690715353174427,0.9499316132321372,0.8684788355588561,0.8684788355588561,0.8684788355588561,0.8684788355588561,0.8684788355588561,0.8684788355588561,0.8684788355588561,0.8684788355588561,0.8684788355588561,0.8684788355588561,0.8678297466040578,0.8678297466040578,0.8643586530661518,0.8637975112260061,0.8623482544455011,0.8489154028752425,0.8217036569245011,0.7494992101954508,0.477627241989999,0.8372998831326068,1186.0,1186.0,1186.0,1186.0,1186.0,1186.0,1186.0,1186.0,1186.0,1186.0,1185.0,1185.0,1182.0,1181.0,1180.0,1170.0,1145.0,1073.0,742.0,1152.7894736842106,0.0,0.0,0.0,0.0,0.0,0.0,0.0,0.0,0.0,0.0,1.0,1.0,4.0,5.0,6.0,16.0,41.0,113.0,444.0,33.21052631578947,0.0,0.0,0.0,0.0,0.0,0.0,0.0,0.0,0.0,0.0,1.0,1.0,4.0,5.0,6.0,16.0,41.0,113.0,444.0,33.21052631578947,0.9991568296795953,0.9475156397486826,1.0,1.0,1.0,1.0,0.0,0.0,0.9466724694282779,1.0,0.0,1.0,1123.7535487419375,1186,0,0,1,2,0,0,1.0,601,0.7681281618887015,0.7681281618887015,0.7681281618887015,911,275,275,1186,1186,3,2
fencing_009_fencing_aria01_rgb,0.7679370463220796,0.9422892502227268,0.7236188235970878,0.7679370463220796,0.7679370463220796,0.7679370463220796,0.7679370463220796,0.7679370463220796,0.7679370463220796,0.7679370463220796,0.7661261734409387,0.7661261734409387,0.7661261734409387,0.7661261734409387,0.7661261734409387,0.7661261734409387,0.759695869216343,0.7520795913383651,0.7442361773125006,0.7266712064724804,0.6646606820192311,0.359385385182963,0.7357392250758985,0.9929577464788732,0.9929577464788732,0.9929577464788732,0.9929577464788732,0.9929577464788732,0.9929577464788732,0.9929577464788732,0.9894551845342706,0.9894551845342706,0.9894551845342706,0.9894551845342706,0.9894551845342706,0.9894551845342706,0.9755671902268761,0.9550949913644214,0.9383561643835616,0.8929765886287625,0.7939778129952456,0.4274905422446406,0.9405736117053285,0.5939097702849002,0.5939097702849002,0.5939097702849002,0.5939097702849002,0.5939097702849002,0.5939097702849002,0.5939097702849002,0.5932045461033469,0.5932045461033469,0.5932045461033469,0.5932045461033469,0.5932045461033469,0.5932045461033469,0.5915920702193324,0.5922172316071392,0.5902742568804794,0.5913380586237263,0.5564057521402236,0.3021303217725769,0.5758185978872558,0.9964664310954063,0.9964664310954063,0.9964664310954063,0.9964664310954063,0.9964664310954063,0.9964664310954063,0.9964664310954063,0.9946996466431095,0.9946996466431095,0.9946996466431095,0.9946996466431095,0.9946996466431095,0.9946996466431095,0.9876325088339223,0.9770318021201413,0.9681978798586572,0.9434628975265018,0.8851590106007067,0.598939929328622,0.9633624697786869,0.9964664310954063,0.9964664310954063,0.9964664310954063,0.9964664310954063,0.9964664310954063,0.9964664310954063,0.9964664310954063,0.9946996466431095,0.9946996466431095,0.9946996466431095,0.9946996466431095,0.9946996466431095,0.9946996466431095,0.9876325088339223,0.9770318021201413,0.9681978798586572,0.9434628975265018,0.8851590106007067,0.598939929328622,0.9633624697786869,0.5942191998809381,0.5942191998809381,0.5942191998809381,0.5942191998809381,0.5942191998809381,0.5942191998809381,0.5942191998809381,0.5938002901836091,0.5938002901836091,0.5938002901836091,0.5938002901836091,0.5938002901836091,0.5938002901836091,0.5929982718454512,0.594255495232492,0.5938388056777414,0.5969011697444376,0.5783444584347267,0.3845476727097352,0.5822748428375162,0.9968357883251501,0.9968357883251501,0.9968357883251501,0.9968357883251501,0.9968357883251501,0.9968357883251501,0.9968357883251501,0.995135947533816,0.995135947533816,0.995135947533816,0.995135947533816,0.995135947533816,0.995135947533816,0.98857936562543,0.9801199666819016,0.9733538404132007,0.9564163820959095,0.903451097085625,0.6192315239597709,0.9668325462810939,0.9422892502227268,0.9422892502227268,0.9422892502227268,0.9422892502227268,0.9422892502227268,0.9422892502227268,0.9422892502227268,0.9432894245439124,0.9432894245439124,0.9432894245439124,0.9432894245439124,0.9432894245439124,0.9432894245439124,0.9452498020329603,0.9475823639025696,0.9491657241289803,0.9526034165557928,0.9574788211289228,0.9687313147486238,0.9461354074379164,0.7692926291005829,0.7692926291005829,0.7692926291005829,0.7692926291005829,0.7692926291005829,0.7692926291005829,0.7692926291005829,0.7681538598458549,0.7681538598458549,0.7681538598458549,0.7681538598458549,0.7681538598458549,0.7681538598458549,0.7643791994272039,0.7606675154387259,0.7559777007602966,0.7469307318666418,0.7017888322401421,0.4253914827197426,0.7446898434332612,564.0,564.0,564.0,564.0,564.0,564.0,564.0,563.0,563.0,563.0,563.0,563.0,563.0,559.0,553.0,548.0,534.0,501.0,339.0,545.2631578947369,2.0,2.0,2.0,2.0,2.0,2.0,2.0,3.0,3.0,3.0,3.0,3.0,3.0,7.0,13.0,18.0,32.0,65.0,227.0,20.736842105263158,2.0,2.0,2.0,2.0,2.0,2.0,2.0,3.0,3.0,3.0,3.0,3.0,3.0,7.0,13.0,18.0,32.0,65.0,227.0,20.736842105263158,0.980565371024735,0.9432894245439124,0.9893992932862191,0.9946996466431095,0.9946996466431095,1.0,0.0,0.0,0.9241553816576372,0.9946996466431095,0.0069605568445475635,0.9881643639499363,531.0719460182227,563,3,3,5,2,0,0,5.0,431,0.7120141342756183,0.7120141342756183,0.7120141342756183,403,163,163,566,566,7,2
fencing_009_fencing_aria02_rgb,0.901803846146059,0.9490449000007833,0.8558523409860084,0.901803846146059,0.901803846146059,0.901803846146059,0.901803846146059,0.901803846146059,0.901803846146059,0.901803846146059,0.901803846146059,0.901803846146059,0.901803846146059,0.901803846146059,0.901803846146059,0.901803846146059,0.9002603408501508,0.8989902690821584,0.8895382294618734,0.8629637427757082,0.8107097988212806,0.5072327983193808,0.8733234304847012,0.9949832775919732,0.9949832775919732,0.9949832775919732,0.9949832775919732,0.9949832775919732,0.9949832775919732,0.9949832775919732,0.9949832775919732,0.9949832775919732,0.9949832775919732,0.9949832775919732,0.9949832775919732,0.9949832775919732,0.991652754590985,0.9883333333333333,0.971900826446281,0.93042071197411,0.8410493827160493,0.4801488833746898,0.9546467632174265,0.817350597983945,0.817350597983945,0.817350597983945,0.817350597983945,0.817350597983945,0.817350597983945,0.817350597983945,0.817350597983945,0.817350597983945,0.817350597983945,0.817350597983945,0.817350597983945,0.817350597983945,0.8172908082546637,0.817723612719472,0.8141553542735878,0.8003975102460755,0.7814646695088754,0.5358444445035484,0.7996017985946056,0.9966499162479062,0.9966499162479062,0.9966499162479062,0.9966499162479062,0.9966499162479062,0.9966499162479062,0.9966499162479062,0.9966499162479062,0.9966499162479062,0.9966499162479062,0.9966499162479062,0.9966499162479062,0.9966499162479062,0.9949748743718593,0.9932998324958124,0.9849246231155779,0.9631490787269682,0.9128978224455612,0.6482412060301508,0.9712598078109848,0.9983221476510067,0.9983221476510067,0.9983221476510067,0.9983221476510067,0.9983221476510067,0.9983221476510067,0.9983221476510067,0.9983221476510067,0.9983221476510067,0.9983221476510067,0.9983221476510067,0.9983221476510067,0.9983221476510067,0.9966442953020134,0.9949664429530202,0.9865771812080537,0.964765100671141,0.9144295302013423,0.6493288590604027,0.9728894383610033,0.8175761871013465,0.8175761871013465,0.8175761871013465,0.8175761871013465,0.8175761871013465,0.8175761871013465,0.8175761871013465,0.8175761871013465,0.8175761871013465,0.8175761871013465,0.8175761871013465,0.8175761871013465,0.8175761871013465,0.8177254472435195,0.8182612405778256,0.8170681209615202,0.8114052254615152,0.8073625565075603,0.6644530242410676,0.808671897226869,0.9983464353483329,0.9983464353483329,0.9983464353483329,0.9983464353483329,0.9983464353483329,0.9983464353483329,0.9983464353483329,0.9983464353483329,0.9983464353483329,0.9983464353483329,0.9983464353483329,0.9983464353483329,0.9983464353483329,0.9967416096448354,0.9950899252155849,0.9874264878753651,0.9670059844232749,0.9255549849761207,0.7049607257740145,0.9765938619703959,0.9490449000007833,0.9490449000007833,0.9490449000007833,0.9490449000007833,0.9490449000007833,0.9490449000007833,0.9490449000007833,0.9490449000007833,0.9490449000007833,0.9490449000007833,0.9490449000007833,0.9490449000007833,0.9490449000007833,0.9494724139062815,0.9498327548104388,0.9513275954639635,0.9539763868883074,0.9581444539854802,0.9691658741198863,0.951026483114976,0.9025588097325709,0.9025588097325709,0.9025588097325709,0.9025588097325709,0.9025588097325709,0.9025588097325709,0.9025588097325709,0.9025588097325709,0.9025588097325709,0.9025588097325709,0.9025588097325709,0.9025588097325709,0.9025588097325709,0.9017670537719037,0.9012462080597744,0.8954784505868598,0.8780103214705774,0.8446285545213307,0.5893695351386399,0.8812507710564477,595.0,595.0,595.0,595.0,595.0,595.0,595.0,595.0,595.0,595.0,595.0,595.0,595.0,594.0,593.0,588.0,575.0,545.0,387.0,579.8421052631579,2.0,2.0,2.0,2.0,2.0,2.0,2.0,2.0,2.0,2.0,2.0,2.0,2.0,3.0,4.0,9.0,22.0,52.0,210.0,17.157894736842106,1.0,1.0,1.0,1.0,1.0,1.0,1.0,1.0,1.0,1.0,1.0,1.0,1.0,2.0,3.0,8.0,21.0,51.0,209.0,16.157894736842106,0.9916247906197655,0.9490449000007833,0.9949748743718593,0.9966499162479062,0.9983221476510067,1.0,0.0,0.0,0.9408403944731426,0.9974853310980721,0.002320185614849188,0.9944706365231759,564.6817155004661,595,2,1,2,2,0,0,3.0,431,0.8248113998323554,0.8241206030150754,0.825503355704698,492,105,104,596,597,4,2
fencing_009_fencing_aria03_rgb,0.7130501607357387,0.9542362128983445,0.6804182849870271,0.7130501607357387,0.7130501607357387,0.7130501607357387,0.7130501607357387,0.7130501607357387,0.7130501607357387,0.7130501607357387,0.7130501607357387,0.7130501607357387,0.7130501607357387,0.7130501607357387,0.7130501607357387,0.7130501607357387,0.7130501607357387,0.7108381394444291,0.7108381394444291,0.6890205083824896,0.6376821142540126,0.3929155712413418,0.6907366696351075,0.9946666666666667,0.9946666666666667,0.9946666666666667,0.9946666666666667,0.9946666666666667,0.9946666666666667,0.9946666666666667,0.9946666666666667,0.9946666666666667,0.9946666666666667,0.9946666666666667,0.9946666666666667,0.9946666666666667,0.9946666666666667,0.9920106524633822,0.9920106524633822,0.9581151832460733,0.8793969849246231,0.5172413793103449,0.9612688518811124,0.5111667544154785,0.5111667544154785,0.5111667544154785,0.5111667544154785,0.5111667544154785,0.5111667544154785,0.5111667544154785,0.5111667544154785,0.5111667544154785,0.5111667544154785,0.5111667544154785,0.5111667544154785,0.5111667544154785,0.5111667544154785,0.5093603170833585,0.5093603170833585,0.4955033270250706,0.4624060416517373,0.29847311583955916,0.49639145686840974,0.9973262032085561,0.9973262032085561,0.9973262032085561,0.9973262032085561,0.9973262032085561,0.9973262032085561,0.9973262032085561,0.9973262032085561,0.9973262032085561,0.9973262032085561,0.9973262032085561,0.9973262032085561,0.9973262032085561,0.9973262032085561,0.9959893048128342,0.9959893048128342,0.9786096256684492,0.9358288770053476,0.6818181818181818,0.9763580073177598,0.9973262032085561,0.9973262032085561,0.9973262032085561,0.9973262032085561,0.9973262032085561,0.9973262032085561,0.9973262032085561,0.9973262032085561,0.9973262032085561,0.9973262032085561,0.9973262032085561,0.9973262032085561,0.9973262032085561,0.9973262032085561,0.9959893048128342,0.9959893048128342,0.9786096256684492,0.9358288770053476,0.6818181818181818,0.9763580073177598,0.5119066393313357,0.5119066393313357,0.5119066393313357,0.5119066393313357,0.5119066393313357,0.5119066393313357,0.5119066393313357,0.5119066393313357,0.5119066393313357,0.5119066393313357,0.5119066393313357,0.5119066393313357,0.5119066393313357,0.5119066393313357,0.5107382550335571,0.5107382550335571,0.5016583384471524,0.479449961802903,0.34832756632064593,0.5009265961724483,0.9973459792258882,0.9973459792258882,0.9973459792258882,0.9973459792258882,0.9973459792258882,0.9973459792258882,0.9973459792258882,0.9973459792258882,0.9973459792258882,0.9973459792258882,0.9973459792258882,0.9973459792258882,0.9973459792258882,0.9973459792258882,0.9960053174582195,0.9960053174582195,0.9786493727702844,0.9360745574823381,0.6952010609416692,0.9770936492249036,0.9542362128983445,0.9542362128983445,0.9542362128983445,0.9542362128983445,0.9542362128983445,0.9542362128983445,0.9542362128983445,0.9542362128983445,0.9542362128983445,0.9542362128983445,0.9542362128983445,0.9542362128983445,0.9542362128983445,0.9542362128983445,0.9545473333981198,0.9545473333981198,0.9568244006522937,0.9601505331810232,0.9702421727667935,0.9555588817880615,0.7140027999858471,0.7140027999858471,0.7140027999858471,0.7140027999858471,0.7140027999858471,0.7140027999858471,0.7140027999858471,0.7140027999858471,0.7140027999858471,0.7140027999858471,0.7140027999858471,0.7140027999858471,0.7140027999858471,0.7140027999858471,0.7122621905668579,0.7122621905668579,0.6963507200954671,0.6578243889363128,0.45111461643725953,0.696097542442348,746.0,746.0,746.0,746.0,746.0,746.0,746.0,746.0,746.0,746.0,746.0,746.0,746.0,746.0,745.0,745.0,732.0,700.0,510.0,730.3157894736842,2.0,2.0,2.0,2.0,2.0,2.0,2.0,2.0,2.0,2.0,2.0,2.0,2.0,2.0,3.0,3.0,16.0,48.0,238.0,17.68421052631579,2.0,2.0,2.0,2.0,2.0,2.0,2.0,2.0,2.0,2.0,2.0,2.0,2.0,2.0,3.0,3.0,16.0,48.0,238.0,17.68421052631579,0.9906417112299465,0.9542362128983445,0.9946524064171123,0.9973262032085561,0.9973262032085561,1.0,0.0,0.0,0.9450002871954077,0.9973262032085561,0.004640371229698376,0.9940145437771127,711.860214822165,746,2,2,3,2,0,0,3.0,431,0.6096256684491979,0.6096256684491979,0.6096256684491979,456,292,292,748,748,5,2
fencing_011_fencing_aria03_rgb,0.7469010589087279,0.9504973736233532,0.7099274948492473,0.7469010589087279,0.7469010589087279,0.7469010589087279,0.7469010589087279,0.7469010589087279,0.7469010589087279,0.7469010589087279,0.7469010589087279,0.7469010589087279,0.7469010589087279,0.7469010589087279,0.7469010589087279,0.7469010589087279,0.7469010589087279,0.7415829712575944,0.733680529141598,0.7270427272922151,0.6575637654111202,0.36894440617472385,0.7202857486315496,0.9816971713810316,0.9816971713810316,0.9816971713810316,0.9816971713810316,0.9816971713810316,0.9816971713810316,0.9816971713810316,0.9816971713810316,0.9816971713810316,0.9816971713810316,0.9816971713810316,0.9816971713810316,0.9816971713810316,0.9816971713810316,0.9751243781094527,0.9653465346534653,0.9556650246305419,0.8667711598746082,0.47766749379652607,0.9465439468631073,0.568261993679977,0.568261993679977,0.568261993679977,0.568261993679977,0.568261993679977,0.568261993679977,0.568261993679977,0.568261993679977,0.568261993679977,0.568261993679977,0.568261993679977,0.568261993679977,0.568261993679977,0.568261993679977,0.5639745201791206,0.5576102461845234,0.5531133961011646,0.4988515142153582,0.2849680512394322,0.5481150336546987,1.0,1.0,1.0,1.0,1.0,1.0,1.0,1.0,1.0,1.0,1.0,1.0,1.0,1.0,0.9966101694915255,0.9915254237288136,0.9864406779661017,0.9372881355932203,0.652542372881356,0.9770740410347903,0.9816971713810316,0.9816971713810316,0.9816971713810316,0.9816971713810316,0.9816971713810316,0.9816971713810316,0.9816971713810316,0.9816971713810316,0.9816971713810316,0.9816971713810316,0.9816971713810316,0.9816971713810316,0.9816971713810316,0.9816971713810316,0.978369384359401,0.9733777038269551,0.9683860232945092,0.9201331114808652,0.6405990016638935,0.9591908223136878,0.568261993679977,0.568261993679977,0.568261993679977,0.568261993679977,0.568261993679977,0.568261993679977,0.568261993679977,0.568261993679977,0.568261993679977,0.568261993679977,0.568261993679977,0.568261993679977,0.568261993679977,0.568261993679977,0.565548253199585,0.5614863102998696,0.5586638709301648,0.5222331198087473,0.3461369139335241,0.5531440199837668,1.0,1.0,1.0,1.0,1.0,1.0,1.0,1.0,1.0,1.0,1.0,1.0,1.0,1.0,0.996615477874318,0.9915587712617416,0.9864719303656339,0.9383540203171573,0.6639269917775187,0.9777330100840194,0.9504973736233532,0.9504973736233532,0.9504973736233532,0.9504973736233532,0.9504973736233532,0.9504973736233532,0.9504973736233532,0.9504973736233532,0.9504973736233532,0.9504973736233532,0.9504973736233532,0.9504973736233532,0.9504973736233532,0.9504973736233532,0.9512384444827191,0.9521594355883006,0.952887359680374,0.9566072105438685,0.9670061523520622,0.9519400964933827,0.7538315419773685,0.7538315419773685,0.7538315419773685,0.7538315419773685,0.7538315419773685,0.7538315419773685,0.7538315419773685,0.7538315419773685,0.7538315419773685,0.7538315419773685,0.7538315419773685,0.7538315419773685,0.7538315419773685,0.7538315419773685,0.7497084380908455,0.7435621935141926,0.7386565869483368,0.683789152953429,0.4312235248118485,0.731609551789569,590.0,590.0,590.0,590.0,590.0,590.0,590.0,590.0,590.0,590.0,590.0,590.0,590.0,590.0,588.0,585.0,582.0,553.0,385.0,576.4736842105264,0.0,0.0,0.0,0.0,0.0,0.0,0.0,0.0,0.0,0.0,0.0,0.0,0.0,0.0,2.0,5.0,8.0,37.0,205.0,13.526315789473685,11.0,11.0,11.0,11.0,11.0,11.0,11.0,11.0,11.0,11.0,11.0,11.0,11.0,11.0,13.0,16.0,19.0,48.0,216.0,24.526315789473685,0.9796610169491525,0.9504973736233532,0.9813559322033898,1.0,0.9816971713810316,1.0,0.0,0.0,0.9301583905725057,0.9907640638119227,0.018302828618968387,0.9813559322033898,560.7934504377783,590,0,11,1,1,0,0,0.0,601,0.6784214945424013,0.6847457627118644,0.6722129783693843,404,186,197,601,590,4,1
fencing_014_fencing_aria03_rgb,1.0,0.9636952026276348,0.9636952026276348,1.0,1.0,1.0,1.0,1.0,1.0,1.0,1.0,1.0,1.0,1.0,1.0,1.0,1.0,1.0,0.9939759036144579,0.9820359281437125,0.9077809798270894,0.6974358974358974,0.9779594057379557,1.0,1.0,1.0,1.0,1.0,1.0,1.0,1.0,1.0,1.0,1.0,1.0,1.0,1.0,1.0,0.9939759036144579,0.9820359281437125,0.9077809798270894,0.6974358974358974,0.9779594057379557,1.0,1.0,1.0,1.0,1.0,1.0,1.0,1.0,1.0,1.0,1.0,1.0,1.0,1.0,1.0,0.9939759036144579,0.9820359281437125,0.9077809798270893,0.6974358974358974,0.9779594057379557,1.0,1.0,1.0,1.0,1.0,1.0,1.0,1.0,1.0,1.0,1.0,1.0,1.0,1.0,1.0,0.9969788519637462,0.9909365558912386,0.9516616314199395,0.8217522658610272,0.9874383844808394,1.0,1.0,1.0,1.0,1.0,1.0,1.0,1.0,1.0,1.0,1.0,1.0,1.0,1.0,1.0,0.9969788519637462,0.9909365558912386,0.9516616314199395,0.8217522658610272,0.9874383844808394,1.0,1.0,1.0,1.0,1.0,1.0,1.0,1.0,1.0,1.0,1.0,1.0,1.0,1.0,1.0,0.9969788519637464,0.9909365558912386,0.9516616314199394,0.8217522658610272,0.9874383844808394,1.0,1.0,1.0,1.0,1.0,1.0,1.0,1.0,1.0,1.0,1.0,1.0,1.0,1.0,1.0,0.9969788519637464,0.9909365558912386,0.9516616314199394,0.8217522658610272,0.9874383844808394,0.9636952026276348,0.9636952026276348,0.9636952026276348,0.9636952026276348,0.9636952026276348,0.9636952026276348,0.9636952026276348,0.9636952026276348,0.9636952026276348,0.9636952026276348,0.9636952026276348,0.9636952026276348,0.9636952026276348,0.9636952026276348,0.9636952026276348,0.9642880188318278,0.9650477248298845,0.9685602802474566,0.9739724915942437,0.9645945555219962,1.0,1.0,1.0,1.0,1.0,1.0,1.0,1.0,1.0,1.0,1.0,1.0,1.0,1.0,1.0,0.995476245454993,0.9864762036644302,0.9294623866699712,0.757046583118085,0.9825506009951305,331.0,331.0,331.0,331.0,331.0,331.0,331.0,331.0,331.0,331.0,331.0,331.0,331.0,331.0,331.0,330.0,328.0,315.0,272.0,326.8421052631579,0.0,0.0,0.0,0.0,0.0,0.0,0.0,0.0,0.0,0.0,0.0,0.0,0.0,0.0,0.0,1.0,3.0,16.0,59.0,4.157894736842105,0.0,0.0,0.0,0.0,0.0,0.0,0.0,0.0,0.0,0.0,0.0,0.0,0.0,0.0,0.0,1.0,3.0,16.0,59.0,4.157894736842105,1.0,0.9636952026276348,1.0,1.0,1.0,1.0,0.0,0.0,0.9636952026276348,1.0,0.0,1.0,318.9831120697471,331,0,0,0,1,0,0,0.0,331,1.0,1.0,1.0,331,0,0,331,331,1,1
legoassemble_001_legoassemble_aria02_rgb,0.7939879984372291,0.9104561872756605,0.7228912857997927,0.7939879984372291,0.7939879984372291,0.7919818530843435,0.7911996243600766,0.7900475118134316,0.7891189481331884,0.7891189481331884,0.7887438290169081,0.7882970121892254,0.7852685617635445,0.7840789350542355,0.7821067223890535,0.7721356555272487,0.7652041068862301,0.7525157206005322,0.729247933334616,0.6845398025608517,0.5917818577124273,0.2868367405760561,0.7394841978952429,0.9515695067264573,0.9515695067264573,0.9428571428571428,0.9393939393939394,0.9342222222222222,0.9307897071872228,0.9307897071872228,0.9290780141843972,0.9273693534100974,0.9222614840989399,0.9171806167400881,0.9087719298245615,0.8856152512998267,0.8662092624356775,0.842506350550381,0.8088113050706567,0.732484076433121,0.5964783565663977,0.27251461988304093,0.8521301238314657,0.6625022525480946,0.6625022525480946,0.665249513530966,0.6663837388512377,0.6681226972292281,0.669011173516958,0.669011173516958,0.6696066619963952,0.670080564061579,0.6686245980408221,0.6702930319012632,0.6730961918291589,0.6731969324844561,0.6759767536415988,0.6721372597144302,0.6575112698583646,0.6397336902829377,0.5871223377383149,0.3019115663578234,0.6432670347183517,0.9851439182915506,0.9851439182915506,0.9805013927576601,0.978644382544104,0.9758588672237697,0.9740018570102136,0.9740018570102136,0.9730733519034355,0.9721448467966574,0.9693593314763231,0.9665738161559888,0.9619312906220984,0.9489322191272052,0.9377901578458682,0.9238625812441968,0.903435468895079,0.8542246982358404,0.754874651810585,0.43268337975858867,0.9185358940526805,0.9654231119199272,0.9654231119199272,0.9608735213830755,0.9590536851683349,0.9563239308462238,0.9545040946314831,0.9545040946314831,0.9535941765241128,0.9526842584167425,0.9499545040946314,0.9472247497725205,0.9426751592356688,0.9299363057324841,0.9190172884440401,0.905368516833485,0.8853503184713376,0.8371246587807097,0.7397634212920837,0.4240218380345769,0.9001484603227814,0.6801454697778919,0.6801454697778919,0.6829736761554943,0.6841393057711843,0.6859249007679075,0.6868706127047404,0.6868706127047404,0.6874816871000077,0.687978157892198,0.6872092573241998,0.6889354641516025,0.6918372918372919,0.6940478177379744,0.6981726213858498,0.6979651040791796,0.6917389745988721,0.6872440677505672,0.6654460174717336,0.43731637421960856,0.6738127833267861,0.9684393984657514,0.9684393984657514,0.9673151420525157,0.9672531214491998,0.967579416249329,0.9668511124296577,0.9668511124296577,0.967128193082515,0.9662902597001254,0.9633799457972293,0.9619766407494242,0.9583100253746375,0.949732325654702,0.9440531197771341,0.9332249006340054,0.9200639673745069,0.8752220941683273,0.8008705580049159,0.4911574399967277,0.9212704300976902,0.9104561872756605,0.9104561872756605,0.9141649061577851,0.915562541788679,0.9175288827671274,0.9187713034851624,0.9187713034851624,0.9192800498373302,0.9197307742009028,0.9210017260857928,0.9221679511690041,0.9238235857339617,0.9278640447059472,0.9308673280825404,0.9339031058234806,0.9374467801514105,0.9436897054176767,0.9522485581074416,0.9676962624700214,0.9266016412642497,0.8078737927128273,0.8078737927128273,0.8076373409819955,0.8075597207919059,0.8074611188686451,0.8072286698117822,0.8072286698117822,0.8072028239827355,0.8071030710454901,0.8050698686235106,0.804914712120217,0.8046566277108779,0.7992610706471961,0.7961936614277285,0.7880117154650523,0.770726282404,0.7392403658711035,0.6657355107476445,0.3614306529888029,0.768547866775059,1061.0,1061.0,1056.0,1054.0,1051.0,1049.0,1049.0,1048.0,1047.0,1044.0,1041.0,1036.0,1022.0,1010.0,995.0,973.0,920.0,813.0,466.0,989.2631578947369,16.0,16.0,21.0,23.0,26.0,28.0,28.0,29.0,30.0,33.0,36.0,41.0,55.0,67.0,82.0,104.0,157.0,264.0,611.0,87.73684210526316,38.0,38.0,43.0,45.0,48.0,50.0,50.0,51.0,52.0,55.0,58.0,63.0,77.0,89.0,104.0,126.0,179.0,286.0,633.0,109.73684210526316,0.9127205199628597,0.9212426580165608,0.9182915506035283,0.9693593314763231,0.9499545040946314,1.0,0.0,0.0,0.836376355588941,0.9595588235294118,0.09151414309484193,0.9175690331937013,961.7773349692894,1044,33,55,6,2,0,0,10.0,601,0.7509191176470589,0.7585886722376973,0.7434030937215651,817,260,282,1099,1077,8,2
legoassemble_003_legoassemble_aria01_rgb,0.47013423025097706,0.9078553417730671,0.42681387228371864,0.47013423025097706,0.47013423025097706,0.47013423025097706,0.47013423025097706,0.47013423025097706,0.47013423025097706,0.47013423025097706,0.46894567476140137,0.4665973553678961,0.46543751783310994,0.46543751783310994,0.4612972163227041,0.45268056320445355,0.443999352268242,0.4260676241806043,0.3975781579630309,0.33361269368671476,0.26165281942808233,0.1211171801273924,0.42396648867018855,0.9848293299620733,0.9848293299620733,0.9848293299620733,0.9848293299620733,0.9848293299620733,0.9848293299620733,0.9848293299620733,0.9823232323232324,0.9773299748110831,0.9748427672955975,0.9748427672955975,0.9649561952440551,0.9503105590062112,0.935881627620222,0.9007263922518159,0.8427230046948356,0.6972972972972973,0.51252408477842,0.21517027863777088,0.8854070258416131,0.22443096253255437,0.22443096253255437,0.22443096253255437,0.22443096253255437,0.22443096253255437,0.22443096253255437,0.22443096253255437,0.2238672960603103,0.22276313798561068,0.22222258837456,0.22222258837456,0.2205230898934805,0.21563444745620458,0.21064140912339333,0.20154135810439683,0.18756862077891898,0.1596125925344773,0.13357849893876297,0.06817563938143342,0.20312463182810472,0.9974391805377721,0.9974391805377721,0.9974391805377721,0.9974391805377721,0.9974391805377721,0.9974391805377721,0.9974391805377721,0.9961587708066582,0.9935979513444302,0.9923175416133163,0.9923175416133163,0.9871959026888605,0.9795134443021767,0.971830985915493,0.9526248399487837,0.9193341869398207,0.8258642765685019,0.6811779769526248,0.3559539052496799,0.92789271514253,0.9873257287705957,0.9873257287705957,0.9873257287705957,0.9873257287705957,0.9873257287705957,0.9873257287705957,0.9873257287705957,0.9860583016476553,0.9835234474017744,0.982256020278834,0.982256020278834,0.9771863117870723,0.9695817490494296,0.9619771863117871,0.9429657794676806,0.9100126742712294,0.8174904942965779,0.6742712294043093,0.3523447401774398,0.9184844239877258,0.22517211147567628,0.22517211147567628,0.22517211147567628,0.22517211147567628,0.22517211147567628,0.22517211147567628,0.22517211147567628,0.2247163669154775,0.2238180177011644,0.22337544695648512,0.22337544695648512,0.2219794342478198,0.21823919912067222,0.2143027102737705,0.20696797411307574,0.1951024448782788,0.17003421249906187,0.1454446046926846,0.07825704790241557,0.20641145718879605,0.9877035427529061,0.9877035427529061,0.9877035427529061,0.9877035427529061,0.9877035427529061,0.9877035427529061,0.9877035427529061,0.9864119115834463,0.9838759361742017,0.982631713965203,0.982631713965203,0.977726173683961,0.9701886872912415,0.9626591364038978,0.9448924446087047,0.9150088664235152,0.8304330298586993,0.7130139187554401,0.41127859684985385,0.9249829962544058,0.9078553417730671,0.9078553417730671,0.9078553417730671,0.9078553417730671,0.9078553417730671,0.9078553417730671,0.9078553417730671,0.9085082104528746,0.9097416268161594,0.9103109571465074,0.9103109571465074,0.9120928708988022,0.9143095594398547,0.9161530936342331,0.920120069085875,0.9252682202973259,0.936167831681517,0.9484538801727312,0.965834614262852,0.9174873307077217,0.473134479144962,0.473134479144962,0.473134479144962,0.473134479144962,0.473134479144962,0.473134479144962,0.473134479144962,0.4722365619763562,0.4704646613057769,0.46959064363208014,0.46959064363208014,0.466582780212827,0.45958333339887736,0.4524465143008796,0.4381704052161231,0.41525684278433156,0.363067952682014,0.3016467000838479,0.155779925153131,0.4340188588627926,779.0,779.0,779.0,779.0,779.0,779.0,779.0,778.0,776.0,775.0,775.0,771.0,765.0,759.0,744.0,718.0,645.0,532.0,278.0,724.6842105263158,2.0,2.0,2.0,2.0,2.0,2.0,2.0,3.0,5.0,6.0,6.0,10.0,16.0,22.0,37.0,63.0,136.0,249.0,503.0,56.31578947368421,10.0,10.0,10.0,10.0,10.0,10.0,10.0,11.0,13.0,14.0,14.0,18.0,24.0,30.0,45.0,71.0,144.0,257.0,511.0,64.3157894736842,0.9551856594110115,0.9103109571465074,0.9743918053777209,0.9923175416133163,0.982256020278834,1.0,0.0,0.0,0.8661856488969825,0.9872611464968153,0.02329450915141431,0.9728859266849479,705.4909917885433,775,6,14,15,2,0,0,15.0,601,0.3630573248407643,0.3649167733674776,0.3612167300380228,285,496,504,789,781,17,2
legoassemble_003_legoassemble_aria02_rgb,0.596779167399445,0.9135317097688916,0.5451766931488706,0.596779167399445,0.596779167399445,0.596779167399445,0.596779167399445,0.596779167399445,0.596779167399445,0.596779167399445,0.596779167399445,0.596779167399445,0.5952894765375877,0.5944674611252536,0.591931908748465,0.5897872721703777,0.5830393324230159,0.575857633849392,0.5494136827748405,0.510584635024438,0.41903371010420354,0.16280057203578294,0.5549062205993874,0.9835766423357665,0.9835766423357665,0.9835766423357665,0.9835766423357665,0.9835766423357665,0.9835766423357665,0.9835766423357665,0.9835766423357665,0.9835766423357665,0.9763636363636363,0.9727767695099818,0.9656419529837251,0.9585585585585585,0.9410714285714286,0.9154185022026432,0.8581196581196581,0.7660438667749797,0.5799418604651163,0.197136563876652,0.8938559251814882,0.3620921434207833,0.3620921434207833,0.3620921434207833,0.3620921434207833,0.3620921434207833,0.3620921434207833,0.3620921434207833,0.3620921434207833,0.3620921434207833,0.3629483398175369,0.3632812515812022,0.36285020914010185,0.3628876121426076,0.3612211069549803,0.36225181560642367,0.3517637569120013,0.34031558874110335,0.3027704364414568,0.13444500469107126,0.3454507585692387,0.9889908256880734,0.9889908256880734,0.9889908256880734,0.9889908256880734,0.9889908256880734,0.9889908256880734,0.9889908256880734,0.9889908256880734,0.9889908256880734,0.9853211009174312,0.9834862385321101,0.9798165137614679,0.9761467889908257,0.9669724770642202,0.9532110091743119,0.9211009174311927,0.865137614678899,0.7321100917431193,0.3284403669724771,0.9259295026557219,0.9944649446494465,0.9944649446494465,0.9944649446494465,0.9944649446494465,0.9944649446494465,0.9944649446494465,0.9944649446494465,0.9944649446494465,0.9944649446494465,0.9907749077490775,0.988929889298893,0.985239852398524,0.981549815498155,0.9723247232472325,0.9584870848708487,0.9261992619926199,0.8699261992619927,0.7361623616236163,0.33025830258302585,0.9310545737036319,0.36249203953045495,0.36249203953045495,0.36249203953045495,0.36249203953045495,0.36249203953045495,0.36249203953045495,0.36249203953045495,0.36249203953045495,0.36249203953045495,0.3633660811639363,0.3637120736466499,0.3636266950031824,0.3638482108622822,0.3631929139132116,0.3647397028316994,0.3583772562638801,0.35211714732313915,0.3272975353395619,0.17266576779805382,0.350282723153668,0.9875860311530394,0.9875860311530394,0.9875860311530394,0.9875860311530394,0.9875860311530394,0.9875860311530394,0.9875860311530394,0.9875860311530394,0.9875860311530394,0.985891679835348,0.9842718532494689,0.9826919086858225,0.9792241028089108,0.971469000051927,0.960806379016971,0.933094672354516,0.888305777577795,0.7818833720373473,0.4037057535262958,0.9347167778695663,0.9135317097688916,0.9135317097688916,0.9135317097688916,0.9135317097688916,0.9135317097688916,0.9135317097688916,0.9135317097688916,0.9135317097688916,0.9135317097688916,0.9151204151143817,0.91581330977993,0.9170875152842753,0.9181575931844763,0.9204752697606731,0.9231943547098431,0.9283124920717177,0.9347168946239107,0.9450925334323064,0.96463853821901,0.921283910742134,0.5984194247322564,0.5984194247322564,0.5984194247322564,0.5984194247322564,0.5984194247322564,0.5984194247322564,0.5984194247322564,0.5984194247322564,0.5984194247322564,0.5980139277351066,0.5977308019893519,0.5962605361226534,0.5951735691019509,0.5910083489766764,0.587624385751158,0.5692186919020558,0.5426046596570319,0.470809188525733,0.21013606705739937,0.5654923683899697,1078.0,1078.0,1078.0,1078.0,1078.0,1078.0,1078.0,1078.0,1078.0,1074.0,1072.0,1068.0,1064.0,1054.0,1039.0,1004.0,943.0,798.0,358.0,1009.2631578947369,12.0,12.0,12.0,12.0,12.0,12.0,12.0,12.0,12.0,16.0,18.0,22.0,26.0,36.0,51.0,86.0,147.0,292.0,732.0,80.73684210526316,6.0,6.0,6.0,6.0,6.0,6.0,6.0,6.0,6.0,10.0,12.0,16.0,20.0,30.0,45.0,80.0,141.0,286.0,726.0,74.73684210526316,0.9669724770642202,0.9130324816467846,0.9779816513761468,0.9862385321100917,0.9916974169741697,1.0,0.0,0.0,0.8812017594222875,0.9889604415823368,0.014975041597337771,0.9769915768384884,981.5099177702934,1075,15,9,12,2,0,0,10.0,601,0.5262189512419503,0.5247706422018349,0.5276752767527675,572,518,512,1084,1090,12,2
legoassemble_003_legoassemble_aria03_rgb,0.6263996699793236,0.9061607966085476,0.5676188239437953,0.6263996699793236,0.6263996699793236,0.6263996699793236,0.6263996699793236,0.625278860451708,0.6241697962868185,0.6241697962868185,0.6212835731857173,0.6212835731857173,0.6182328742691017,0.6182328742691017,0.6141951020043461,0.6075710283701932,0.6034337635398813,0.5895855064036803,0.5729730098113641,0.5089560645159094,0.3712388623799846,0.14290164841447944,0.5720581585943217,0.9774305555555556,0.9774305555555556,0.9774305555555556,0.9774305555555556,0.9740034662045061,0.9705882352941176,0.9705882352941176,0.9671848013816926,0.9671848013816926,0.9570446735395189,0.9570446735395189,0.9436860068259386,0.933786078098472,0.9207419898819561,0.8826446280991735,0.840064620355412,0.7336377473363774,0.5227272727272727,0.19642857142857142,0.8761620012426611,0.40143675099985504,0.40143675099985504,0.40143675099985504,0.40143675099985504,0.4014088931852898,0.4013936295845081,0.4013936295845081,0.3990894788245158,0.3990894788245158,0.3993668189108336,0.3993668189108336,0.3997469715535474,0.395318117471319,0.3954770293756115,0.3938290205310429,0.39080097175548023,0.35308471592145707,0.26365238649618034,0.10396084933602072,0.37382767443500436,0.9894551845342706,0.9894551845342706,0.9894551845342706,0.9894551845342706,0.9876977152899824,0.9859402460456942,0.9859402460456942,0.984182776801406,0.984182776801406,0.9789103690685413,0.9789103690685413,0.9718804920913884,0.9666080843585237,0.9595782073813708,0.9384885764499121,0.9138840070298769,0.8471001757469244,0.687170474516696,0.3286467486818981,0.9187864212376282,0.987719298245614,0.987719298245614,0.987719298245614,0.987719298245614,0.9859649122807017,0.9842105263157894,0.9842105263157894,0.9824561403508771,0.9824561403508771,0.9771929824561404,0.9771929824561404,0.9701754385964912,0.9649122807017544,0.9578947368421052,0.9368421052631579,0.9122807017543859,0.8456140350877193,0.6859649122807018,0.3280701754385965,0.9171745152354572,0.40666298608628615,0.40666298608628615,0.40666298608628615,0.40666298608628615,0.4067080925894412,0.4067623625828936,0.4067623625828936,0.4051573747382996,0.4051573747382996,0.4056017150993334,0.4056017150993334,0.4061975154021689,0.4031927525385223,0.40359330243723307,0.40333718646052213,0.4021618193944783,0.37628673223976994,0.3057489356256413,0.13742147761188903,0.38454435070978227,0.987893802000561,0.987893802000561,0.987893802000561,0.987893802000561,0.9861163139164639,0.9843793976920914,0.9843793976920914,0.9826664876476907,0.9826664876476907,0.9774026947445932,0.9774026947445932,0.9706360910000191,0.9654868842255411,0.958908933245637,0.9393562668879254,0.9163723224296658,0.8531303279232356,0.6968080668950049,0.3661252196909291,0.9207059365466009,0.9061607966085476,0.9061607966085476,0.9061607966085476,0.9061607966085476,0.9074003734059631,0.908489376206593,0.908489376206593,0.9094160150030454,0.9094160150030454,0.9117729631642888,0.9117729631642888,0.9141991926699083,0.915756284830798,0.917479626110101,0.9216626023926422,0.9255248444915718,0.9329864092923034,0.9455125018217208,0.9647653742749324,0.9173309002353677,0.6302409654563876,0.6302409654563876,0.6302409654563876,0.6302409654563876,0.6296591512049923,0.6290867459370958,0.6290867459370958,0.6267192285718843,0.6267192285718843,0.6252554038900691,0.6252554038900691,0.6233027221386923,0.618156685833915,0.616028521181251,0.6079506861932484,0.5976175683654791,0.5468986422643771,0.42564555152854533,0.18484154058136357,0.5859572467323954,563.0,563.0,563.0,563.0,562.0,561.0,561.0,560.0,560.0,557.0,557.0,553.0,550.0,546.0,534.0,520.0,482.0,391.0,187.0,522.7894736842105,6.0,6.0,6.0,6.0,7.0,8.0,8.0,9.0,9.0,12.0,12.0,16.0,19.0,23.0,35.0,49.0,87.0,178.0,382.0,46.21052631578947,7.0,7.0,7.0,7.0,8.0,9.0,9.0,10.0,10.0,13.0,13.0,17.0,20.0,24.0,36.0,50.0,88.0,179.0,383.0,47.21052631578947,0.9437609841827768,0.9117729631642888,0.9560632688927944,0.9789103690685413,0.9771929824561404,1.0,0.0,0.0,0.8573946229921069,0.9780509218612818,0.021630615640599003,0.954578035079061,507.85754048250885,557,12,13,7,2,0,0,7.0,601,0.5583845478489904,0.5588752196836555,0.5578947368421052,318,251,252,570,569,9,2
legoassemble_004_legoassemble_aria01_rgb,0.5662908523603355,0.9080546709202035,0.514223053585186,0.5662908523603355,0.5662908523603355,0.5662908523603355,0.5662908523603355,0.5662908523603355,0.5662908523603355,0.5636054033164131,0.5583027301902395,0.5554081462642821,0.5518431638932562,0.5508462012394607,0.5453642581058595,0.5382312447168028,0.533404113743118,0.5225856250500249,0.5032330582069855,0.47419117537327815,0.40914670122210406,0.21705591265094937,0.5221559393755151,0.9654017857142857,0.9654017857142857,0.9654017857142857,0.9654017857142857,0.9654017857142857,0.9654017857142857,0.9566666666666667,0.9415656008820287,0.9330406147091108,0.9224890829694323,0.9183006535947712,0.9037837837837838,0.8894849785407726,0.87940234791889,0.8536842105263158,0.8024564994882293,0.7298624754420432,0.5779569892473119,0.2687319884726225,0.8615703477119839,0.33217809849991653,0.33217809849991653,0.33217809849991653,0.33217809849991653,0.33217809849991653,0.33217809849991653,0.33203942576389195,0.33104643823636176,0.3306160568721854,0.33011867908014053,0.3304272258025017,0.3290855394352906,0.3256860765255968,0.3235378541249054,0.31990252618184833,0.3155853445437387,0.308081698083883,0.28964270046970153,0.1753169374606712,0.3175871101884324,0.9730033745781778,0.9730033745781778,0.9730033745781778,0.9730033745781778,0.9730033745781778,0.9730033745781778,0.968503937007874,0.9606299212598425,0.9561304836895388,0.9505061867266592,0.9482564679415073,0.9403824521934758,0.9325084364454443,0.9268841394825647,0.9122609673790776,0.8818897637795275,0.8357705286839145,0.7255343082114736,0.41957255343082117,0.9050973891421468,0.9919724770642202,0.9919724770642202,0.9919724770642202,0.9919724770642202,0.9919724770642202,0.9919724770642202,0.9873853211009175,0.9793577981651376,0.9747706422018348,0.9690366972477065,0.966743119266055,0.9587155963302753,0.9506880733944955,0.944954128440367,0.930045871559633,0.8990825688073395,0.8520642201834863,0.7396788990825688,0.42775229357798167,0.9227426364075327,0.3336371428146871,0.3336371428146871,0.3336371428146871,0.3336371428146871,0.3336371428146871,0.3336371428146871,0.3336440857614599,0.33291985695622595,0.33260418569484346,0.3324390441277133,0.33277223284450497,0.33179508247131023,0.329335805830421,0.32787427309256995,0.32559481930651485,0.32321733513456796,0.3189385074750801,0.30788268866702534,0.21069627904091748,0.32323879227848823,0.9711581735071368,0.9711581735071368,0.9711581735071368,0.9711581735071368,0.9711581735071368,0.9711581735071368,0.968037620804001,0.961438673075366,0.9580540443890967,0.9574929135626322,0.9566743415701274,0.9512017027513421,0.9437927142626092,0.9378387469956996,0.9233501178298722,0.8987525143964771,0.8592454966067776,0.7716433356261132,0.5032854043138826,0.916724035117201,0.9080546709202035,0.9080546709202035,0.9080546709202035,0.9080546709202035,0.9080546709202035,0.9080546709202035,0.9107446852027842,0.9151597773506912,0.9174566060156008,0.9200186566896765,0.9209474516344087,0.9238430489236543,0.9263461606778329,0.9278475676745311,0.9311687675449533,0.9363653738559004,0.9424335018549097,0.9522155811120679,0.9681897985364663,0.9232139475049842,0.5685159723362054,0.5685159723362054,0.5685159723362054,0.5685159723362054,0.5685159723362054,0.5685159723362054,0.5670815559460236,0.5639265146243325,0.5622384639747895,0.5601605545017483,0.559758656968511,0.5562969230146536,0.5510943784806153,0.5476149244775917,0.5402171674444118,0.5275523528067698,0.5074303929460721,0.4584165314577867,0.271216104075782,0.5360052818282274,865.0,865.0,865.0,865.0,865.0,865.0,861.0,854.0,850.0,845.0,843.0,836.0,829.0,824.0,811.0,784.0,743.0,645.0,373.0,804.6315789473684,24.0,24.0,24.0,24.0,24.0,24.0,28.0,35.0,39.0,44.0,46.0,53.0,60.0,65.0,78.0,105.0,146.0,244.0,516.0,84.36842105263158,7.0,7.0,7.0,7.0,7.0,7.0,11.0,18.0,22.0,27.0,29.0,36.0,43.0,48.0,61.0,88.0,129.0,227.0,499.0,67.36842105263158,0.9460067491563554,0.9210505676529848,0.9583802024746907,0.96962879640045,0.9885321100917431,1.0,0.0,0.0,0.8694551060932203,0.9789892106757524,0.016638935108153077,0.9572087821314306,793.9455893168729,862,27,10,11,2,0,0,9.0,601,0.49290176036342986,0.4881889763779528,0.49770642201834864,434,455,438,872,889,13,2
legoassemble_004_legoassemble_aria02_rgb,0.8859710364677317,0.928218675857244,0.822374862317948,0.8859710364677317,0.8859710364677317,0.8859710364677317,0.8859710364677317,0.8859710364677317,0.8859710364677317,0.8859710364677317,0.8859710364677317,0.8859710364677317,0.8854039627582986,0.8837230024878192,0.8813828068797461,0.8708926540057867,0.8622169527600719,0.8441235664187411,0.8168080647956676,0.7602362333178301,0.6466888915138734,0.2745020440573978,0.8263009214318325,0.9933899905571294,0.9933899905571294,0.9933899905571294,0.9933899905571294,0.9933899905571294,0.9933899905571294,0.9933899905571294,0.9933899905571294,0.9933899905571294,0.9915094339622641,0.9858889934148636,0.9821596244131455,0.9710550887021475,0.9618959107806692,0.9402573529411765,0.9052346570397112,0.8356521739130435,0.7065481002425222,0.28798047589993897,0.9215100908591394,0.7901676933743625,0.7901676933743625,0.7901676933743625,0.7901676933743625,0.7901676933743625,0.7901676933743625,0.7901676933743625,0.7901676933743625,0.7901676933743625,0.790653271079148,0.7921442985391504,0.7909464337096836,0.7810617787039724,0.7728674852391361,0.7578186899093278,0.7370193015996908,0.6916264308185999,0.5919009933844465,0.2616544470808881,0.7410106510754372,0.9981024667931688,0.9981024667931688,0.9981024667931688,0.9981024667931688,0.9981024667931688,0.9981024667931688,0.9981024667931688,0.9981024667931688,0.9981024667931688,0.9971537001897534,0.9943074003795066,0.9924098671726755,0.9867172675521821,0.9819734345351043,0.9705882352941176,0.9516129032258065,0.9117647058823529,0.8292220113851992,0.4478178368121442,0.9498152401877558,0.9952696310312205,0.9952696310312205,0.9952696310312205,0.9952696310312205,0.9952696310312205,0.9952696310312205,0.9952696310312205,0.9952696310312205,0.9952696310312205,0.9943235572374646,0.9914853358561968,0.9895931882686849,0.9839167455061495,0.97918637653737,0.967833491012299,0.9489120151371807,0.9091769157994324,0.826868495742668,0.44654683065279094,0.9471194542648013,0.7909472349210093,0.7909472349210093,0.7909472349210093,0.7909472349210093,0.7909472349210093,0.7909472349210093,0.7909472349210093,0.7909472349210093,0.7909472349210093,0.7914477173148029,0.7929777047358745,0.7925499142344912,0.7870138592786047,0.7823780073990951,0.7742292408277837,0.7632541128850876,0.7376594678457895,0.6728430274524229,0.3826267485939318,0.7576581534135245,0.9954635415310434,0.9954635415310434,0.9954635415310434,0.9954635415310434,0.9954635415310434,0.9954635415310434,0.9954635415310434,0.9954635415310434,0.9954635415310434,0.9946283598991797,0.9922745248365324,0.9905785535812334,0.9848173044992152,0.9800220341627943,0.9687151581125583,0.9498678502964709,0.911186777976307,0.8296689494575153,0.45631448026143273,0.9482760982559281,0.928218675857244,0.928218675857244,0.928218675857244,0.928218675857244,0.928218675857244,0.928218675857244,0.928218675857244,0.928218675857244,0.928218675857244,0.9286595660663135,0.9297957047108385,0.9304675331326723,0.9322042938375305,0.9334117685471506,0.9358763290456668,0.9389738563465548,0.9439099559497448,0.9503352138627866,0.9671328198363338,0.9339334275816205,0.8880699994579366,0.8880699994579366,0.8880699994579366,0.8880699994579366,0.8880699994579366,0.8880699994579366,0.8880699994579366,0.8880699994579366,0.8880699994579366,0.8879205115457715,0.8874879932742247,0.8859701153078068,0.8778878880997453,0.8711689496996455,0.8576304011122708,0.8374706426667969,0.7941036262829821,0.700583565518881,0.34230619112724353,0.8386926252503578,1052.0,1052.0,1052.0,1052.0,1052.0,1052.0,1052.0,1052.0,1052.0,1051.0,1048.0,1046.0,1040.0,1035.0,1023.0,1003.0,961.0,874.0,472.0,1001.1052631578947,2.0,2.0,2.0,2.0,2.0,2.0,2.0,2.0,2.0,3.0,6.0,8.0,14.0,19.0,31.0,51.0,93.0,180.0,582.0,52.89473684210526,5.0,5.0,5.0,5.0,5.0,5.0,5.0,5.0,5.0,6.0,9.0,11.0,17.0,22.0,34.0,54.0,96.0,183.0,585.0,55.89473684210526,0.9895635673624289,0.9286595660663135,0.99146110056926,0.9971537001897534,0.9943235572374646,1.0,0.0,0.0,0.9184261896923107,0.995736617716722,0.009983361064891847,0.9911754933627476,976.0212039356954,1051,3,6,2,2,0,0,3.0,601,0.8792041686404548,0.8804554079696395,0.8779564806054873,928,126,129,1057,1054,4,2
legoassemble_005_legoassemble_aria01_rgb,0.6831106613901202,0.8780705100973045,0.5998193268997299,0.6831106613901202,0.6831106613901202,0.6831106613901202,0.6831106613901202,0.6831106613901202,0.6831106613901202,0.6806763728507158,0.6754785766920044,0.67131136092606,0.6649591644942601,0.6608330453149798,0.6537823514637751,0.6434270895250084,0.628357487008496,0.5892094152755754,0.5354023394509446,0.4578813999532239,0.3418243604153881,0.1574092472973765,0.603116641000449,0.9621848739495799,0.9621848739495799,0.9621848739495799,0.9621848739495799,0.9621848739495799,0.9621848739495799,0.9594405594405594,0.9458333333333333,0.9270976616231087,0.9139344262295082,0.9035326086956522,0.8906882591093117,0.863031914893617,0.8385826771653543,0.7756653992395437,0.6981818181818182,0.5741573033707865,0.38438735177865613,0.16652789342214822,0.821798444746362,0.4849797459290554,0.4849797459290554,0.4849797459290554,0.4849797459290554,0.4849797459290554,0.4849797459290554,0.48290675227172425,0.48240138245271136,0.4860965160017893,0.4838100828186399,0.48332546006357713,0.4798888485550876,0.47970232895229054,0.4708338750977774,0.4475740897940606,0.4105745203105455,0.3651531996410578,0.3039743447143183,0.1487899151640334,0.4439426206006288,0.9662447257383966,0.9662447257383966,0.9662447257383966,0.9662447257383966,0.9662447257383966,0.9662447257383966,0.9648382559774965,0.9578059071729957,0.9479606188466948,0.9409282700421941,0.9353023909985936,0.9282700421940928,0.9127988748241913,0.8987341772151899,0.8607594936708861,0.810126582278481,0.7187060478199718,0.5471167369901547,0.2812939521800281,0.8685320897179657,0.9956521739130435,0.9956521739130435,0.9956521739130435,0.9956521739130435,0.9956521739130435,0.9956521739130435,0.9942028985507246,0.9869565217391304,0.9768115942028985,0.9695652173913043,0.9637681159420289,0.9565217391304348,0.9405797101449276,0.9260869565217391,0.8869565217391304,0.8347826086956521,0.7405797101449275,0.563768115942029,0.2898550724637681,0.8949656750572083,0.48516751696284294,0.48516751696284294,0.48516751696284294,0.48516751696284294,0.48516751696284294,0.48516751696284294,0.4838165598166647,0.4841012371789999,0.4878752422539063,0.4867094395119863,0.4867877867540053,0.4848387598708523,0.4861349290648045,0.4808360615522802,0.4667342308958006,0.4403562506933548,0.40595963123087814,0.35593406468498456,0.2025566966195978,0.45598136799500905,0.985286560275485,0.985286560275485,0.985286560275485,0.985286560275485,0.985286560275485,0.985286560275485,0.9838129713219864,0.9795378817002367,0.9763426645808898,0.969800732951964,0.9649439808352375,0.9579948445903772,0.9461896178824704,0.9340740288849367,0.9082542268970397,0.8623787013720173,0.7852152723521951,0.6587782167695502,0.3976622673353429,0.9071949878487976,0.8780705100973045,0.8780705100973045,0.8780705100973045,0.8780705100973045,0.8780705100973045,0.8780705100973045,0.8788780518772732,0.8825835375698428,0.8873463057692889,0.8904269998397423,0.8925908669986291,0.8949907073864374,0.899642618992118,0.9031357602812005,0.9107880306895032,0.9193402333191671,0.9312448679183907,0.9482685889437699,0.9659513101538718,0.8986111021222666,0.6845503061089794,0.6845503061089794,0.6845503061089794,0.6845503061089794,0.6845503061089794,0.6845503061089794,0.6825883889003733,0.679740313459211,0.6788227707791471,0.6747077769342174,0.6723506960121027,0.6674327244724413,0.6617187817481041,0.6505032631286645,0.6206880431515845,0.5767298612953979,0.5122868463691429,0.4078105584812859,0.20458177651252824,0.6209086125209514,687.0,687.0,687.0,687.0,687.0,687.0,686.0,681.0,674.0,669.0,665.0,660.0,649.0,639.0,612.0,576.0,511.0,389.0,200.0,617.5263157894736,24.0,24.0,24.0,24.0,24.0,24.0,25.0,30.0,37.0,42.0,46.0,51.0,62.0,72.0,99.0,135.0,200.0,322.0,511.0,93.47368421052632,3.0,3.0,3.0,3.0,3.0,3.0,4.0,9.0,16.0,21.0,25.0,30.0,41.0,51.0,78.0,114.0,179.0,301.0,490.0,72.47368421052632,0.9212376933895922,0.8888465721936804,0.9423347398030942,0.9563994374120957,0.9855072463768116,1.0,0.0,0.0,0.814930617569202,0.9707351891506067,0.026954177897574125,0.9406806030111734,604.4156690917026,680,31,10,15,2,0,0,13.0,371,0.6595289079229122,0.6497890295358649,0.6695652173913044,462,249,228,690,711,13,2
legoassemble_005_legoassemble_aria03_rgb,0.6093786342883704,0.8972539360351962,0.5467673781509926,0.6093786342883704,0.6088594967467249,0.6088594967467249,0.6088594967467249,0.6072040050139719,0.6072040050139719,0.6072040050139719,0.6072040050139719,0.6072040050139719,0.6031278307850315,0.6005328484971403,0.583103127328646,0.5758000131692911,0.5690285954794972,0.5568634412711208,0.5384183528057872,0.467992407464634,0.3486705182913184,0.13667944018820943,0.5501154592041619,0.9153976311336718,0.9121621621621622,0.9121621621621622,0.9121621621621622,0.9089376053962901,0.9089376053962901,0.9089376053962901,0.9089376053962901,0.9089376053962901,0.9025210084033614,0.8961474036850922,0.8618421052631579,0.8527004909983633,0.8406504065040651,0.8141025641025641,0.7715179968701096,0.6405797101449275,0.44387755102040816,0.17184265010351968,0.8101238964051146,0.405662312526712,0.4064078758758808,0.4064078758758808,0.4064078758758808,0.405634777916641,0.405634777916641,0.405634777916641,0.405634777916641,0.405634777916641,0.4030523133317268,0.4024334619964135,0.39451455785700734,0.38881841709458115,0.3851702681259615,0.3809064187952215,0.37574537964653976,0.3419042001736094,0.273884385560979,0.10871148320226987,0.37411582713272995,0.9343696027633851,0.9326424870466321,0.9326424870466321,0.9326424870466321,0.9309153713298791,0.9309153713298791,0.9309153713298791,0.9309153713298791,0.9309153713298791,0.927461139896373,0.924006908462867,0.9050086355785838,0.8998272884283247,0.8929188255613126,0.8773747841105354,0.8514680483592401,0.7633851468048359,0.6010362694300518,0.2867012089810017,0.8587401145350422,0.9783001808318263,0.976491862567812,0.976491862567812,0.976491862567812,0.9746835443037974,0.9746835443037974,0.9746835443037974,0.9746835443037974,0.9746835443037974,0.9710669077757685,0.9674502712477396,0.9475587703435805,0.9421338155515371,0.9349005424954792,0.918625678119349,0.891500904159132,0.7992766726943942,0.6292947558770343,0.30018083182640143,0.8991148757970877,0.41273912454007416,0.41349774066005,0.41349774066005,0.41349774066005,0.4129192417707824,0.4129192417707824,0.4129192417707824,0.4129192417707824,0.4129192417707824,0.4110315924424808,0.4107123707911687,0.4056077350363386,0.4015462415861347,0.39897248103339056,0.39635562303078126,0.3933051095879716,0.3690589089666368,0.3170547124767319,0.14324356248523507,0.38761667856900034,0.9417489305684409,0.9430299471065307,0.9430299471065307,0.9430299471065307,0.941399751412189,0.941399751412189,0.941399751412189,0.941399751412189,0.941399751412189,0.9378366623225713,0.9375261982763115,0.9230927573266161,0.9174602744029257,0.9103654616138808,0.9008440334751946,0.8816067363067518,0.8036313772322757,0.6775419088613777,0.36236113724973107,0.8805317934745588,0.8972539360351962,0.8987580052432005,0.8987580052432005,0.8987580052432005,0.8999719834201203,0.8999719834201203,0.8999719834201203,0.8999719834201203,0.8999719834201203,0.9014887787474678,0.9028753222471876,0.9096572291995895,0.9113662763835179,0.913195909205646,0.9165153626601942,0.9208865586589933,0.9314638058846657,0.9456531732038184,0.9667705515240221,0.9112242545568684,0.6156610543242604,0.6156567648554025,0.6156567648554025,0.6156567648554025,0.6145011390620712,0.6145011390620712,0.6145011390620712,0.6145011390620712,0.6145011390620712,0.6114044144103913,0.6097961127141717,0.597527473612769,0.5914976094163106,0.5864518594532456,0.578098336753164,0.5656281332179658,0.5108860812771482,0.40572706263288966,0.1765438009792715,0.5667735751930605,541.0,540.0,540.0,540.0,539.0,539.0,539.0,539.0,539.0,537.0,535.0,524.0,521.0,517.0,508.0,493.0,442.0,348.0,166.0,497.2105263157895,38.0,39.0,39.0,39.0,40.0,40.0,40.0,40.0,40.0,42.0,44.0,55.0,58.0,62.0,71.0,86.0,137.0,231.0,413.0,81.78947368421052,12.0,13.0,13.0,13.0,14.0,14.0,14.0,14.0,14.0,16.0,18.0,29.0,32.0,36.0,45.0,60.0,111.0,205.0,387.0,55.78947368421053,0.8894645941278065,0.9008002375121948,0.9032815198618307,0.9291882556131261,0.972875226039783,1.0,0.0,0.0,0.7972893398645264,0.950530035335689,0.04043126684636118,0.9017217789516546,484.63052778156083,538,41,15,8,2,0,0,6.0,371,0.5424028268551236,0.5302245250431779,0.5551537070524413,307,272,246,553,579,9,2
tagging_001_tagging_aria01_rgb,0.3824369447934382,0.8949052105909056,0.34224481461811435,0.3824369447934382,0.3824369447934382,0.3824369447934382,0.3824369447934382,0.3820111022472072,0.3820111022472072,0.3815727325701633,0.3814462583698455,0.38116504275435914,0.38116504275435914,0.37928743015306426,0.3725001069447099,0.3644941851624243,0.35604639966147483,0.3443432597051361,0.3247537479947522,0.2974711245304317,0.22990406483163342,0.1069474254953027,0.34709825287346446,0.9500320307495196,0.9500320307495196,0.9500320307495196,0.9500320307495196,0.9487836107554417,0.9487836107554417,0.9462915601023018,0.9450479233226837,0.9425654116145501,0.9425654116145501,0.9339263024142312,0.9084639498432602,0.8778531770512029,0.8448484848484848,0.7990543735224587,0.7354618015963512,0.6561479869423286,0.4712421459642339,0.1821359223300971,0.8359631471408262,0.15395061640979651,0.15395061640979651,0.15395061640979651,0.15395061640979651,0.15381007912218428,0.15381007912218428,0.1538614063358243,0.15396176684118695,0.15413974248117812,0.15413974248117812,0.1540367310570816,0.1527372987092777,0.1513419493035229,0.15004943606501636,0.14839075341225966,0.14339969337322855,0.134861451517609,0.11216288585129976,0.06279789112300384,0.14470017749659064,0.9617380025940337,0.9617380025940337,0.9617380025940337,0.9617380025940337,0.9610894941634242,0.9610894941634242,0.959792477302205,0.9591439688715954,0.9578469520103762,0.9578469520103762,0.953307392996109,0.9396887159533074,0.9228274967574579,0.9040207522697795,0.8767833981841764,0.8365758754863813,0.7821011673151751,0.632295719844358,0.3041504539559014,0.8818690695610624,0.9873501997336884,0.9873501997336884,0.9873501997336884,0.9873501997336884,0.9866844207723036,0.9866844207723036,0.9853528628495339,0.9846870838881492,0.9833555259653795,0.9833555259653795,0.9786950732356857,0.9647137150466045,0.9474034620505992,0.9280958721704394,0.9001331557922769,0.8588548601864181,0.8029294274300932,0.6491344873501997,0.3122503328894807,0.9053542644894526,0.1554999231331323,0.1554999231331323,0.1554999231331323,0.1554999231331323,0.15537906746008265,0.15537906746008265,0.1554398575596339,0.15554107711331364,0.1557214201783591,0.1557214201783591,0.15569214937999698,0.15464701806818543,0.15348591417109844,0.15241844250178524,0.15094704415400514,0.1466985643134702,0.13948258623361526,0.11925495132417399,0.07096693685042874,0.14730395839363783,0.9236458717680955,0.9236458717680955,0.9236458717680955,0.9236458717680955,0.9229272547020575,0.9229272547020575,0.9219905733860176,0.9225505737737025,0.9214978325059624,0.9214978325059624,0.9178633659363095,0.9047968042358925,0.890884859684106,0.8785234929107998,0.8640995318195167,0.831342221557152,0.7841824187982105,0.6495502240940082,0.3746069468336128,0.8591486670798817,0.8949052105909056,0.8949052105909056,0.8949052105909056,0.8949052105909056,0.8953542575295618,0.8953542575295618,0.8961372481978542,0.8964997069254007,0.8971300693119176,0.8971300693119176,0.8989045422258853,0.9035273370114879,0.9086884014082515,0.9134799021535793,0.9193196022920157,0.9262833727104455,0.9331816162160689,0.9463406397288202,0.9657131933806731,0.9090876346472138,0.3847858603484255,0.3847858603484255,0.3847858603484255,0.3847858603484255,0.38448049513697874,0.38448049513697874,0.3842850769263126,0.38428049664605574,0.3842424788063662,0.3842424788063662,0.3832027590058157,0.3788476159385168,0.37371447955647125,0.3683039560867522,0.3607028542109297,0.34635924129173645,0.3247696085808229,0.26630830375556847,0.13820277527074082,0.35713508192369026,1483.0,1483.0,1483.0,1483.0,1482.0,1482.0,1480.0,1479.0,1477.0,1477.0,1470.0,1449.0,1423.0,1394.0,1352.0,1290.0,1206.0,975.0,469.0,1359.842105263158,59.0,59.0,59.0,59.0,60.0,60.0,62.0,63.0,65.0,65.0,72.0,93.0,119.0,148.0,190.0,252.0,336.0,567.0,1073.0,182.1578947368421,19.0,19.0,19.0,19.0,20.0,20.0,22.0,23.0,25.0,25.0,32.0,53.0,79.0,108.0,150.0,212.0,296.0,527.0,1033.0,142.1578947368421,0.920881971465629,0.8979612746603294,0.9416342412451362,0.9578469520103762,0.9833555259653795,1.0,0.0,0.0,0.8231444894120016,0.9704336399474376,0.04159733777038269,0.9406581387948639,1326.2888026733065,1477,65,25,32,3,0,0,30.0,601,0.21681997371879105,0.2140077821011673,0.2197070572569907,330,1212,1172,1502,1542,32,3
tagging_001_tagging_aria02_rgb,0.5505967599406247,0.9066706705595037,0.4992099335432563,0.5505967599406247,0.5505967599406247,0.549625625736196,0.549625625736196,0.549625625736196,0.548659390033006,0.548659390033006,0.548659390033006,0.5475720405956234,0.546331900468433,0.5444554858340904,0.5394778744333318,0.5362897486549225,0.5265398009023324,0.5113654063333882,0.4889119691660417,0.4487747989716566,0.3522558997358687,0.14703544484333833,0.5044767861646254,0.9731147540983607,0.9731147540983607,0.971821756225426,0.971821756225426,0.971821756225426,0.9705304518664047,0.9705304518664047,0.9705304518664047,0.9666666666666667,0.9640992167101827,0.9602605863192183,0.950097213220998,0.9425435765009683,0.9177820267686424,0.8794503435352904,0.8258495145631068,0.7303047728579644,0.5243161094224924,0.1735569422776911,0.8741164790166018,0.31153241771367846,0.31153241771367846,0.31084746408561764,0.31084746408561764,0.31084746408561764,0.31016762605695875,0.31016762605695875,0.31016762605695875,0.3101742823883327,0.30959318324928714,0.3086993054573761,0.3063227351403766,0.3051388834244148,0.30208061810754605,0.2973386510298385,0.2894412473200658,0.2757736600897452,0.23665917691409263,0.12456673732870514,0.29220518875288776,0.9906542056074766,0.9906542056074766,0.9899866488651535,0.9899866488651535,0.9899866488651535,0.9893190921228304,0.9893190921228304,0.9893190921228304,0.9873164218958611,0.985981308411215,0.9839786381842457,0.9786381842456608,0.9746328437917223,0.9612817089452603,0.9399198931909212,0.9085447263017357,0.8477970627503337,0.6909212283044058,0.2970627503337784,0.9197526526596866,0.9821310390469887,0.9821310390469887,0.9814692256783587,0.9814692256783587,0.9814692256783587,0.9808074123097287,0.9808074123097287,0.9808074123097287,0.9788219722038385,0.9774983454665784,0.9755129053606882,0.9702183984116479,0.9662475181998676,0.9530112508272667,0.9318332230311053,0.900727994705493,0.8405029781601588,0.684976836532098,0.2945069490403706,0.911839492841966,0.3121551346270936,0.3121551346270936,0.3116561673867049,0.3116561673867049,0.3116561673867049,0.3111591320419843,0.3111591320419843,0.3111591320419843,0.3112060705792303,0.3108100021525229,0.31013044566246295,0.3083738542964877,0.30751315382336153,0.3055074282896863,0.3021263714308069,0.29623077425926375,0.2860720565317974,0.25512182805310435,0.15380995188896604,0.296824110763576,0.9867076411912008,0.9867076411912008,0.98602683919852,0.98602683919852,0.98602683919852,0.9853500617694966,0.9853500617694966,0.9853500617694966,0.9834479788865201,0.9821280251745311,0.9800932416335666,0.9749271833918517,0.9713795961900464,0.9597150809242045,0.9428283933852395,0.9167085480955341,0.8681808401194423,0.7331835827190423,0.38494140290191364,0.9255305188793865,0.9066706705595037,0.9066706705595037,0.9071978619561318,0.9071978619561318,0.9071978619561318,0.9076308553621066,0.9076308553621066,0.9076308553621066,0.9086259765590639,0.9092103770770954,0.9099920870229369,0.9117962317255248,0.912920402867279,0.9162114573581505,0.9205647464231178,0.9254962012807159,0.9323776131846504,0.9441363123487723,0.9652382439457508,0.9165472180456201,0.55553658726597,0.55553658726597,0.5547385323540738,0.5547385323540738,0.5547385323540738,0.5539447212642828,0.5539447212642828,0.5539447212642828,0.5533897023362154,0.5524971419793275,0.5511383875147615,0.5475208902963818,0.5453424407685213,0.5388734293075346,0.5286534905942629,0.5128063170699462,0.483528798530134,0.4043672207325843,0.19236459547164725,0.5182950184204382,1484.0,1484.0,1483.0,1483.0,1483.0,1482.0,1482.0,1482.0,1479.0,1477.0,1474.0,1466.0,1460.0,1440.0,1408.0,1361.0,1270.0,1035.0,445.0,1377.7894736842106,14.0,14.0,15.0,15.0,15.0,16.0,16.0,16.0,19.0,21.0,24.0,32.0,38.0,58.0,90.0,137.0,228.0,463.0,1053.0,120.21052631578948,27.0,27.0,28.0,28.0,28.0,29.0,29.0,29.0,32.0,34.0,37.0,45.0,51.0,71.0,103.0,150.0,241.0,476.0,1066.0,133.21052631578948,0.9512683578104139,0.9092103770770954,0.9632843791722296,0.985981308411215,0.9774983454665784,1.0,0.0,0.0,0.8617514866107276,0.981721502160186,0.056572379367720464,0.9624464135479952,1342.90372694287,1477,21,34,18,3,0,0,22.0,601,0.44865403788634095,0.4506008010680908,0.44672402382528126,675,823,836,1511,1498,19,3
tagging_001_tagging_aria03_rgb,0.48034614585896673,0.8893843129918683,0.4272123269330689,0.48034614585896673,0.48034614585896673,0.48034614585896673,0.48034614585896673,0.48034614585896673,0.48034614585896673,0.48034614585896673,0.48034614585896673,0.47826400244017764,0.47652366554836584,0.47338400176795964,0.4705215311902553,0.46893960018258657,0.4554966042514431,0.4317373377886821,0.3898482156331276,0.32508286756027904,0.229576180161612,0.07735290810628644,0.42734189902644787,0.9934426229508196,0.9934426229508196,0.9934426229508196,0.9934426229508196,0.9934426229508196,0.9934426229508196,0.9934426229508196,0.9934426229508196,0.9869281045751634,0.9804560260586319,0.974025974025974,0.9676375404530745,0.9634015069967707,0.9281183932346723,0.8707692307692307,0.7657308809293321,0.6198934280639432,0.4063222821896685,0.12523133867982728,0.8703187205043604,0.23225540611114504,0.23225540611114504,0.23225540611114504,0.23225540611114504,0.23225540611114504,0.23225540611114504,0.23225540611114504,0.23225540611114504,0.23176607796427173,0.23160121187737143,0.23006821081331022,0.22879487624049938,0.22825825683511336,0.22354600231711572,0.2140603069727175,0.19847917201390713,0.1704790952717004,0.12971285309180874,0.04777935343961498,0.21013624556455743,0.9934426229508196,0.9934426229508196,0.9934426229508196,0.9934426229508196,0.9934426229508196,0.9934426229508196,0.9934426229508196,0.9934426229508196,0.9901639344262295,0.9868852459016394,0.9836065573770492,0.980327868852459,0.9781420765027322,0.9595628415300547,0.9278688524590164,0.8644808743169399,0.7628415300546448,0.5759562841530055,0.22185792349726777,0.9041702617198734,1.0,1.0,1.0,1.0,1.0,1.0,1.0,1.0,0.9966996699669967,0.9933993399339934,0.9900990099009901,0.9867986798679867,0.9845984598459846,0.9658965896589659,0.933993399339934,0.8701870187018702,0.7678767876787679,0.5797579757975797,0.22332233223322331,0.9101383822592787,0.23225540611114504,0.23225540611114504,0.23225540611114504,0.23225540611114504,0.23225540611114504,0.23225540611114504,0.23225540611114504,0.23225540611114504,0.2318761987654191,0.23179573627801292,0.23057620123227296,0.22956555420684327,0.2291514130418928,0.22553734891008909,0.2178898405055342,0.2054116515992795,0.18086193487279062,0.14346283857678835,0.055522447420452405,0.21261549548939662,1.0,1.0,1.0,1.0,1.0,1.0,1.0,1.0,0.996788672278586,0.9936386951968567,0.9903561018287604,0.987164504950932,0.985050695163767,0.9679171463535804,0.941929433326696,0.8931521974385791,0.8165576315772208,0.6684490851014923,0.3548027778477472,0.9260951021612748,0.8893843129918683,0.8893843129918683,0.8893843129918683,0.8893843129918683,0.8893843129918683,0.8893843129918683,0.8893843129918683,0.8893843129918683,0.8908574373595629,0.892225384117088,0.893385444470365,0.8944391805849499,0.8950160675426895,0.8991693891500289,0.9049756595802587,0.9143045319580951,0.9262252448804053,0.9420432513801422,0.9647861946583671,0.901710646821942,0.48034614585896673,0.48034614585896673,0.48034614585896673,0.48034614585896673,0.48034614585896673,0.48034614585896673,0.48034614585896673,0.48034614585896673,0.47904740018461595,0.47808348531895284,0.4757064229122593,0.4735968680525779,0.47251349749990396,0.4631483965168138,0.445667916040408,0.41422391065254155,0.360622425646819,0.27332934872355524,0.1029574093504446,0.43587717093529615,909.0,909.0,909.0,909.0,909.0,909.0,909.0,909.0,906.0,903.0,900.0,897.0,895.0,878.0,849.0,791.0,698.0,527.0,203.0,827.3157894736842,6.0,6.0,6.0,6.0,6.0,6.0,6.0,6.0,9.0,12.0,15.0,18.0,20.0,37.0,66.0,124.0,217.0,388.0,712.0,87.6842105263158,0.0,0.0,0.0,0.0,0.0,0.0,0.0,0.0,3.0,6.0,9.0,12.0,14.0,31.0,60.0,118.0,211.0,382.0,706.0,81.6842105263158,0.9595628415300547,0.892225384117088,0.980327868852459,0.9868852459016394,0.9933993399339934,1.0,0.0,0.0,0.8532016632324922,0.9901315789473685,0.009983361064891847,0.9789303239333849,805.6795218577304,903,12,6,19,3,0,0,22.0,601,0.3782894736842105,0.3770491803278688,0.3795379537953795,345,570,564,909,915,22,3
tagging_001_tagging_aria04_rgb,0.5366434512885693,0.8815299388485666,0.4730672687978962,0.5366434512885693,0.5366434512885693,0.5366434512885693,0.5366434512885693,0.5364271482492592,0.5364271482492592,0.5358196595331883,0.5358196595331883,0.5345679660214846,0.5332884570874462,0.5297069221139385,0.5219085582521439,0.5152859642244259,0.5025567902377043,0.4834039827311883,0.4489916523243846,0.3816958377568384,0.268549423255925,0.0725291431256452,0.47808169041317355,0.9820143884892086,0.9820143884892086,0.9820143884892086,0.9820143884892086,0.9805895039539899,0.9805895039539899,0.9791666666666666,0.9791666666666666,0.974910394265233,0.9706723891273248,0.9622507122507122,0.9387755102040817,0.9211994421199442,0.8895747599451304,0.8391188251001335,0.7480964467005076,0.5980278422273781,0.3726955655206776,0.09499205087440382,0.8504149386070354,0.29326066622502617,0.29326066622502617,0.29326066622502617,0.29326066622502617,0.2934500973328125,0.2934500973328125,0.29321127578784195,0.29321127578784195,0.2931171028407384,0.2929892532725623,0.2915970024892174,0.2901530133840161,0.2882325073011979,0.2839146733767516,0.2784819068890388,0.2694752859021223,0.24362028366147673,0.19350590509531762,0.05537807168197264,0.2698331798439908,0.9848484848484849,0.9848484848484849,0.9848484848484849,0.9848484848484849,0.9841269841269841,0.9841269841269841,0.9834054834054834,0.9834054834054834,0.9812409812409812,0.9790764790764791,0.9747474747474747,0.9624819624819625,0.9531024531024531,0.9357864357864358,0.9069264069264069,0.8506493506493507,0.7438672438672439,0.5396825396825397,0.17243867243867245,0.8881294144452041,0.9970781592403214,0.9970781592403214,0.9970781592403214,0.9970781592403214,0.9963476990504018,0.9963476990504018,0.9956172388604821,0.9956172388604821,0.9934258582907232,0.9912344777209642,0.9868517165814463,0.9744338933528123,0.9649379108838568,0.9474068663257852,0.9181884587289992,0.8612125639152666,0.7531044558071585,0.5463842220598978,0.1745799853907962,0.8991580485179348,0.2934700943887855,0.2934700943887855,0.2934700943887855,0.2934700943887855,0.2936588665632019,0.2936588665632019,0.2934727406510337,0.2934727406510337,0.29344320967106235,0.29338716548486354,0.29241973200691995,0.29150916011286093,0.2901700267114656,0.286968827886575,0.282931541966253,0.2762646080522575,0.25636575821113394,0.2162682201800267,0.07338179572355728,0.27375019147318885,0.9876673640148589,0.9876673640148589,0.9876673640148589,0.9876673640148589,0.9879421177818738,0.9879421177818738,0.987224550447482,0.987224550447482,0.9850538948326341,0.9834099679522966,0.9797307512625869,0.9689578835237553,0.9616037692815286,0.9444566843144745,0.9194082765349737,0.8698691664042016,0.7736772404898745,0.5941892983747347,0.19961323109852275,0.8989985766625118,0.8815299388485666,0.8815299388485666,0.8815299388485666,0.8815299388485666,0.8820293768973873,0.8820293768973873,0.8824474239722047,0.8824474239722047,0.8834750361478989,0.884392630083786,0.8859487547836757,0.889972871568276,0.8925544360555495,0.8964918593438485,0.9018514170554742,0.9100910733330424,0.921909839139153,0.9386028443539026,0.9640787352681486,0.896023308119274,0.5374172706541671,0.5374172706541671,0.5374172706541671,0.5374172706541671,0.5373938586175978,0.5373938586175978,0.5369781898793294,0.5369781898793294,0.5363007678625491,0.5355920896553151,0.5331354816744969,0.5284572279209576,0.5241327215244651,0.5154449536727471,0.5025560617571836,0.4787786304428054,0.4257007739685457,0.32315902943505925,0.09772062813476488,0.48944166029786373,1365.0,1365.0,1365.0,1365.0,1364.0,1364.0,1363.0,1363.0,1360.0,1357.0,1351.0,1334.0,1321.0,1297.0,1257.0,1179.0,1031.0,748.0,239.0,1230.9473684210527,21.0,21.0,21.0,21.0,22.0,22.0,23.0,23.0,26.0,29.0,35.0,52.0,65.0,89.0,129.0,207.0,355.0,638.0,1147.0,155.05263157894737,4.0,4.0,4.0,4.0,5.0,5.0,6.0,6.0,9.0,12.0,18.0,35.0,48.0,72.0,112.0,190.0,338.0,621.0,1130.0,138.05263157894737,0.9595959595959596,0.884392630083786,0.9704184704184704,0.9790764790764791,0.9912344777209642,1.0,0.0,0.0,0.8464075029031007,0.9851179673321234,0.019966722129783693,0.969569919726511,1200.1207990236976,1357,29,12,15,3,0,0,21.0,601,0.4203266787658802,0.41774891774891776,0.422936449963477,579,807,790,1369,1386,17,3
tagging_002_tagging_aria01_rgb,0.6357949057753671,0.9142291028780178,0.5812622063214278,0.6357949057753671,0.6357949057753671,0.6357949057753671,0.6357949057753671,0.6357949057753671,0.6357949057753671,0.6357949057753671,0.6357949057753671,0.6357949057753671,0.6329343144930818,0.6329343144930818,0.6329343144930818,0.6329343144930818,0.6329343144930818,0.628378963750172,0.5965598306772287,0.5533985834210917,0.3702246216847779,0.10237644369597475,0.5861981140880504,0.9859154929577465,0.9859154929577465,0.9859154929577465,0.9859154929577465,0.9859154929577465,0.9859154929577465,0.9859154929577465,0.9859154929577465,0.9859154929577465,0.9789473684210527,0.9789473684210527,0.9789473684210527,0.9789473684210527,0.9789473684210527,0.972027972027972,0.9183673469387755,0.8252427184466019,0.5243243243243243,0.1440162271805274,0.9027344667180623,0.41000995024147807,0.41000995024147807,0.41000995024147807,0.41000995024147807,0.41000995024147807,0.41000995024147807,0.41000995024147807,0.41000995024147807,0.41000995024147807,0.40922102595665155,0.40922102595665155,0.40922102595665155,0.40922102595665155,0.40922102595665155,0.4062230032947829,0.3875177321623233,0.3711029316428767,0.2614150519876581,0.07277607828662955,0.38080155154372797,0.9893992932862191,0.9893992932862191,0.9893992932862191,0.9893992932862191,0.9893992932862191,0.9893992932862191,0.9893992932862191,0.9893992932862191,0.9893992932862191,0.9858657243816255,0.9858657243816255,0.9858657243816255,0.9858657243816255,0.9858657243816255,0.9823321554770318,0.9540636042402827,0.901060070671378,0.6855123674911661,0.2508833922261484,0.9267249395573742,0.99644128113879,0.99644128113879,0.99644128113879,0.99644128113879,0.99644128113879,0.99644128113879,0.99644128113879,0.99644128113879,0.99644128113879,0.9928825622775801,0.9928825622775801,0.9928825622775801,0.9928825622775801,0.9928825622775801,0.9893238434163701,0.9608540925266904,0.9074733096085409,0.6903914590747331,0.2526690391459075,0.9333208466004869,0.41321568732354497,0.41321568732354497,0.41321568732354497,0.41321568732354497,0.41321568732354497,0.41321568732354497,0.41321568732354497,0.41321568732354497,0.41321568732354497,0.41270550858436206,0.41270550858436206,0.41270550858436206,0.41270550858436206,0.41270550858436206,0.4105929384713562,0.3980508720690824,0.38767008448863244,0.30491499102385194,0.09378077953634939,0.38828833654857825,0.9965062111801242,0.9965062111801242,0.9965062111801242,0.9965062111801242,0.9965062111801242,0.9965062111801242,0.9965062111801242,0.9965062111801242,0.9965062111801242,0.9930037810749407,0.9930037810749407,0.9930037810749407,0.9930037810749407,0.9930037810749407,0.9894520243275027,0.9615980731889813,0.914978489954834,0.7109404177423551,0.29637055225700465,0.9372060191298156,0.9142291028780178,0.9142291028780178,0.9142291028780178,0.9142291028780178,0.9142291028780178,0.9142291028780178,0.9142291028780178,0.9142291028780178,0.9142291028780178,0.9158001644436254,0.9158001644436254,0.9158001644436254,0.9158001644436254,0.9158001644436254,0.9164345396573869,0.9203391263663037,0.9257234963972267,0.9409331759820444,0.963632401824307,0.919690815176187,0.6369172277535255,0.6369172277535255,0.6369172277535255,0.6369172277535255,0.6369172277535255,0.6369172277535255,0.6369172277535255,0.6369172277535255,0.6369172277535255,0.6351668939632686,0.6351668939632686,0.6351668939632686,0.6351668939632686,0.6351668939632686,0.6317008140179317,0.6080432256458472,0.5782612158985644,0.423324049855292,0.13512331180616233,0.5939232703590458,280.0,280.0,280.0,280.0,280.0,280.0,280.0,280.0,280.0,279.0,279.0,279.0,279.0,279.0,278.0,270.0,255.0,194.0,71.0,262.2631578947368,3.0,3.0,3.0,3.0,3.0,3.0,3.0,3.0,3.0,4.0,4.0,4.0,4.0,4.0,5.0,13.0,28.0,89.0,212.0,20.736842105263158,1.0,1.0,1.0,1.0,1.0,1.0,1.0,1.0,1.0,2.0,2.0,2.0,2.0,2.0,3.0,11.0,26.0,87.0,210.0,18.736842105263158,0.950530035335689,0.9158001644436254,0.9787985865724381,0.9858657243816255,0.9928825622775801,1.0,0.0,0.0,0.8675203034620901,0.9893617021276596,0.00909090909090909,0.9756074558763537,255.5082458797715,279,4,2,8,3,0,0,9.0,220,0.5283687943262412,0.5265017667844523,0.5302491103202847,149,134,132,281,283,11,3
tagging_002_tagging_aria02_rgb,0.8434103511340285,0.9096713433278751,0.7672262270927266,0.8434103511340285,0.8434103511340285,0.8434103511340285,0.8434103511340285,0.8434103511340285,0.8424369481376385,0.840857335253817,0.840857335253817,0.8393015871854924,0.8362347531592228,0.8337548736320097,0.8238147629773485,0.8193957750783187,0.8112249841766231,0.7805290528682876,0.7441688790511297,0.6591976496183417,0.5240375302370225,0.22645453912324265,0.7704904084959187,0.9900166389351082,0.9900166389351082,0.9900166389351082,0.9900166389351082,0.9900166389351082,0.9867109634551495,0.9834162520729685,0.9834162520729685,0.9801324503311258,0.9768595041322314,0.9703459637561779,0.954248366013072,0.9478827361563518,0.9352750809061489,0.8834645669291339,0.8287461773700305,0.7283236994219653,0.5674967234600262,0.24066390041493776,0.8903718858509382,0.7185142071603616,0.7185142071603616,0.7185142071603616,0.7185142071603616,0.7185142071603616,0.7192582609017673,0.7189641789626315,0.7189641789626315,0.7187060830544939,0.7158537736831069,0.7163910762448438,0.7112097729178903,0.7083254189634811,0.7036282569559863,0.6895869117751888,0.668223076823861,0.5966324336379831,0.4839064645564633,0.2130841318581789,0.6671213186894904,0.9916666666666667,0.9916666666666667,0.9916666666666667,0.9916666666666667,0.9916666666666667,0.99,0.9883333333333333,0.9883333333333333,0.9866666666666667,0.985,0.9816666666666667,0.9733333333333334,0.97,0.9633333333333334,0.935,0.9033333333333333,0.84,0.7216666666666667,0.38666666666666666,0.9248245614035089,0.9983221476510067,0.9983221476510067,0.9983221476510067,0.9983221476510067,0.9983221476510067,0.9966442953020134,0.9949664429530202,0.9949664429530202,0.9932885906040269,0.9916107382550335,0.988255033557047,0.9798657718120806,0.9765100671140939,0.9697986577181208,0.9412751677852349,0.9093959731543624,0.8456375838926175,0.7265100671140939,0.38926174496644295,0.931031437654539,0.7201710215448833,0.7201710215448833,0.7201710215448833,0.7201710215448833,0.7201710215448833,0.7209452590010148,0.7208888665795793,0.7208888665795793,0.7208520402419105,0.719205319621439,0.7199799799519732,0.7175317943165914,0.7159381353633578,0.7135864558300524,0.7072681622662538,0.69438669378969,0.6492480203916329,0.5716154464958519,0.3165165265154699,0.6847214039299375,0.998327330932373,0.998327330932373,0.998327330932373,0.998327330932373,0.998327330932373,0.9966990650898698,0.995033101650535,0.995033101650535,0.9934134850083127,0.9917193899644791,0.9886019199011752,0.9807330637221534,0.9775858666521833,0.9714600010097507,0.9460212905646557,0.9217000941648998,0.8624728769346787,0.7543178181088246,0.4255946552496054,0.9364222307543958,0.9096713433278751,0.9096713433278751,0.9096713433278751,0.9096713433278751,0.9096713433278751,0.9107804077644134,0.911806191228015,0.911806191228015,0.9126524142020832,0.9134297045692721,0.9147066122825337,0.9175804165549181,0.9185873525950425,0.9203033874931797,0.9261356363548213,0.931193954513596,0.9390520245064455,0.9486782816303221,0.9652163128609186,0.920541347601208,0.844112900486279,0.844112900486279,0.844112900486279,0.844112900486279,0.844112900486279,0.8438398416125833,0.8429568574615197,0.8429568574615197,0.8420946118343438,0.8397118357376299,0.8386043404651693,0.8320121266985315,0.8289002692692148,0.82330343993022,0.8029718317038286,0.7769351191686179,0.7079344915003829,0.590947684025341,0.2870409918202669,0.7853039369010822,595.0,595.0,595.0,595.0,595.0,594.0,593.0,593.0,592.0,591.0,589.0,584.0,582.0,578.0,561.0,542.0,504.0,433.0,232.0,554.8947368421053,5.0,5.0,5.0,5.0,5.0,6.0,7.0,7.0,8.0,9.0,11.0,16.0,18.0,22.0,39.0,58.0,96.0,167.0,368.0,45.10526315789474,1.0,1.0,1.0,1.0,1.0,2.0,3.0,3.0,4.0,5.0,7.0,12.0,14.0,18.0,35.0,54.0,92.0,163.0,364.0,41.10526315789474,0.97,0.9134297045692721,0.9766666666666667,0.985,0.9916107382550335,1.0,0.0,0.0,0.884728259000733,0.9882943143812709,0.022727272727272728,0.9756632333477868,539.8369554004398,591,9,5,4,3,0,0,6.0,220,0.774247491638796,0.7716666666666666,0.7768456375838926,463,137,133,596,600,7,3
tagging_002_tagging_aria03_rgb,0.853823912479225,0.8885157893724974,0.7586360275815928,0.853823912479225,0.853823912479225,0.853823912479225,0.853823912479225,0.853823912479225,0.853823912479225,0.853823912479225,0.853823912479225,0.853823912479225,0.853823912479225,0.853823912479225,0.852454602176053,0.8400984862922399,0.8316617425009273,0.8056389740006311,0.7275795497263837,0.590306855519063,0.3302951271934686,0.06440767446764804,0.7597108446919941,0.9885844748858448,0.9885844748858448,0.9885844748858448,0.9885844748858448,0.9885844748858448,0.9885844748858448,0.9885844748858448,0.9885844748858448,0.9885844748858448,0.9885844748858448,0.9885844748858448,0.9840546697038725,0.9617117117117117,0.9485458612975392,0.9142857142857143,0.8145833333333333,0.6527514231499051,0.36306729264475746,0.05703883495145631,0.8721298981485569,0.7374334637467507,0.7374334637467507,0.7374334637467507,0.7374334637467507,0.7374334637467507,0.7374334637467507,0.7374334637467507,0.7374334637467507,0.7374334637467507,0.7374334637467507,0.7374334637467507,0.7384537375243686,0.7338638576152406,0.7291806144128216,0.7099029835939886,0.6498684413463496,0.5338359616150223,0.30048113189444825,0.07272849338281596,0.6621096485578586,0.9954022988505747,0.9954022988505747,0.9954022988505747,0.9954022988505747,0.9954022988505747,0.9954022988505747,0.9954022988505747,0.9954022988505747,0.9954022988505747,0.9954022988505747,0.9954022988505747,0.993103448275862,0.9816091954022989,0.9747126436781609,0.9563218390804598,0.8988505747126436,0.7908045977011494,0.5333333333333333,0.10804597701149425,0.9045372050816697,0.9931192660550459,0.9931192660550459,0.9931192660550459,0.9931192660550459,0.9931192660550459,0.9931192660550459,0.9931192660550459,0.9931192660550459,0.9931192660550459,0.9931192660550459,0.9931192660550459,0.9908256880733946,0.9793577981651376,0.9724770642201835,0.9541284403669725,0.8967889908256881,0.7889908256880734,0.5321100917431193,0.10779816513761468,0.9024625784645101,0.7375395325741746,0.7375395325741746,0.7375395325741746,0.7375395325741746,0.7375395325741746,0.7375395325741746,0.7375395325741746,0.7375395325741746,0.7375395325741746,0.7375395325741746,0.7375395325741746,0.7385804139276362,0.7376055075118307,0.7355676032562825,0.7250555000555001,0.6913316578278215,0.6103545141335839,0.40273423894113547,0.12270833972961633,0.6777301386157542,0.9941301000769824,0.9941301000769824,0.9941301000769824,0.9941301000769824,0.9941301000769824,0.9941301000769824,0.9941301000769824,0.9941301000769824,0.9941301000769824,0.9941301000769824,0.9941301000769824,0.9927662037037037,0.985030861952764,0.9794529327317474,0.9631569932181344,0.9173329293417808,0.819472999949544,0.5897938108833791,0.15992082326665913,0.9127557187312905,0.8885157893724974,0.8885157893724974,0.8885157893724974,0.8885157893724974,0.8885157893724974,0.8885157893724974,0.8885157893724974,0.8885157893724974,0.8885157893724974,0.8885157893724974,0.8885157893724974,0.8892581190234047,0.8923399546541755,0.8938839964020882,0.8970117147114668,0.904519837988553,0.9147775255096974,0.9326286526021978,0.9615245121176247,0.8978746313740359,0.8567630740542321,0.8567630740542321,0.8567630740542321,0.8567630740542321,0.8567630740542321,0.8567630740542321,0.8567630740542321,0.8567630740542321,0.8567630740542321,0.8567630740542321,0.8567630740542321,0.8563649649113682,0.8487446676171365,0.8430548999876503,0.8239512891180574,0.7642870023700366,0.6497383572357215,0.4003206260949329,0.08864547999825116,0.7736579527331425,433.0,433.0,433.0,433.0,433.0,433.0,433.0,433.0,433.0,433.0,433.0,432.0,427.0,424.0,416.0,391.0,344.0,232.0,47.0,393.4736842105263,2.0,2.0,2.0,2.0,2.0,2.0,2.0,2.0,2.0,2.0,2.0,3.0,8.0,11.0,19.0,44.0,91.0,203.0,388.0,41.526315789473685,3.0,3.0,3.0,3.0,3.0,3.0,3.0,3.0,3.0,3.0,3.0,4.0,9.0,12.0,20.0,45.0,92.0,204.0,389.0,42.526315789473685,0.9770114942528736,0.8885157893724974,0.9885057471264368,0.9954022988505747,0.9931192660550459,1.0,0.0,0.0,0.8660398547087158,0.9942594718714122,0.013636363636363636,0.986898919530262,384.7273367982914,433,2,3,5,3,0,0,3.0,220,0.8404133180252583,0.8413793103448276,0.8394495412844036,366,69,70,436,435,8,3
tagging_002_tagging_aria04_rgb,0.8826510402515965,0.8890363036433163,0.7847088182322073,0.8826510402515965,0.8826510402515965,0.8809444669511198,0.8809444669511198,0.8751429783666062,0.8743478504886635,0.8677435626517432,0.8629027506963416,0.85888600544841,0.8500415567541042,0.8468198976934034,0.842011655246878,0.8356356903884548,0.8277372901114831,0.8077007330884635,0.7605071578121451,0.6681351686400441,0.4545197804168829,0.1310934063051264,0.7837061315007464,0.9779874213836478,0.9779874213836478,0.9717868338557993,0.9717868338557993,0.9595015576323987,0.9564541213063764,0.9503875968992248,0.941358024691358,0.9353846153846154,0.9235474006116208,0.9206106870229007,0.9147640791476408,0.9089529590288316,0.9003021148036254,0.8748137108792846,0.8126801152737753,0.693135935397039,0.4593967517401392,0.12221231043710973,0.8512131837228862,0.796608260825073,0.796608260825073,0.7985940196087802,0.7985940196087802,0.79820113525839,0.7992899467148228,0.7922861082996463,0.7909861472774338,0.7886436854125526,0.7823860992196149,0.7789437481422893,0.7750453299742645,0.768232283216364,0.7610212285134382,0.7457364535084008,0.7116836332197762,0.6440361562237465,0.44969458318475314,0.14061988612452075,0.7219584729030379,0.9795275590551181,0.9795275590551181,0.9763779527559056,0.9763779527559056,0.9700787401574803,0.968503937007874,0.9653543307086614,0.9606299212598425,0.9574803149606299,0.9511811023622048,0.9496062992125984,0.9464566929133859,0.9433070866141732,0.9385826771653544,0.9244094488188976,0.8881889763779528,0.8110236220472441,0.6236220472440945,0.215748031496063,0.8908412764193949,0.9983948635634029,0.9983948635634029,0.9951845906902087,0.9951845906902087,0.9887640449438202,0.9871589085072231,0.9839486356340289,0.9791332263242376,0.9759229534510433,0.9695024077046549,0.9678972712680578,0.9646869983948636,0.9614767255216693,0.956661316211878,0.942215088282504,0.9052969502407705,0.826645264847512,0.6356340288924559,0.21990369181380418,0.9080003379234604,0.796717671396128,0.796717671396128,0.7987252800962478,0.7987252800962478,0.7999481579027033,0.8010404229916426,0.7971879670085217,0.7974823264167527,0.7966932738314317,0.7938390527794501,0.7919066284737927,0.7898230998064608,0.7859493872849466,0.7819382519046949,0.7736739694150256,0.7562577493428557,0.7151035372394596,0.5662540321631232,0.23542357885423582,0.7459688072842026,0.9984232005936186,0.9984232005936186,0.9955507306313758,0.9955507306313758,0.9909296511569239,0.9902825629654897,0.9870180115235869,0.9846085786609029,0.9828592182571092,0.9779803042066194,0.9763384199189349,0.9730573362074001,0.9697805591837371,0.9648747406627843,0.9505465720098782,0.9168745604115139,0.8476173294388758,0.6710262362246302,0.25577276570228996,0.9172376162621402,0.8890363036433163,0.8890363036433163,0.8914786187644567,0.8914786187644567,0.895835109322748,0.8968535908895809,0.8987110582368104,0.9012550670606521,0.9027983824594621,0.9055973120324949,0.9061979515762694,0.9072865024141675,0.9082914256068949,0.9094253329319963,0.9120978157228433,0.9176950169020699,0.9260417176051432,0.9399621752537847,0.9633354338945392,0.9080217756171054,0.8833457676635614,0.8833457676635614,0.8830229860817499,0.8830229860817499,0.8799533804036038,0.879838314807965,0.8745494987748693,0.8716908628503269,0.8689711182200032,0.8626649826720559,0.860052260021558,0.8564734904627266,0.8512807744356633,0.8451516680678148,0.8302805694172665,0.795053179161253,0.7227230009830652,0.5295653468650073,0.1741794006780535,0.8018508081743081,622.0,622.0,620.0,620.0,616.0,615.0,613.0,610.0,608.0,604.0,603.0,601.0,599.0,596.0,587.0,564.0,515.0,396.0,137.0,565.6842105263158,13.0,13.0,15.0,15.0,19.0,20.0,22.0,25.0,27.0,31.0,32.0,34.0,36.0,39.0,48.0,71.0,120.0,239.0,498.0,69.3157894736842,1.0,1.0,3.0,3.0,7.0,8.0,10.0,13.0,15.0,19.0,20.0,22.0,24.0,27.0,36.0,59.0,108.0,227.0,486.0,57.31578947368421,0.9133858267716536,0.9056644590316886,0.9212598425196851,0.9511811023622048,0.9695024077046549,1.0,0.0,0.0,0.8236556429214802,0.9602543720190779,0.08636363636363636,0.9201591023553763,547.0213332551399,604,31,19,5,3,0,0,9.0,220,0.8235294117647058,0.815748031496063,0.8314606741573034,518,117,105,623,635,6,3
tagging_003_tagging_aria01_rgb,0.5892134053500191,0.9066347660479844,0.5342013579118507,0.5892134053500191,0.5892134053500191,0.5892134053500191,0.5892134053500191,0.5892134053500191,0.5870779588765084,0.5870779588765084,0.5849595371864619,0.582858033023674,0.5812567276303572,0.5784827770991348,0.5771672613870692,0.5740110020115781,0.5646576748038485,0.5495822300489218,0.5250055500459808,0.4842347542139688,0.3767018224322829,0.1670609400101453,0.540326381810344,0.9637046307884856,0.9637046307884856,0.9637046307884856,0.9637046307884856,0.9637046307884856,0.96125,0.96125,0.9588014981273408,0.956359102244389,0.9514925373134329,0.9466501240694789,0.9418316831683168,0.9298892988929889,0.904126213592233,0.8700834326579261,0.8117782909930716,0.7260726072607261,0.5101058710298364,0.18683812405446293,0.8650027335445596,0.36024776259517993,0.36024776259517993,0.36024776259517993,0.36024776259517993,0.36024776259517993,0.3585545173457552,0.3585545173457552,0.3568806064797723,0.35522586219230956,0.35508358727595185,0.35350158933245585,0.3536959454330828,0.354331027169131,0.3526479875504273,0.34713984458119607,0.3395395400903069,0.32294745021893095,0.27818590430515383,0.14937720991534814,0.3387844422216567,0.9649122807017544,0.9649122807017544,0.9649122807017544,0.9649122807017544,0.9649122807017544,0.9636591478696742,0.9636591478696742,0.9624060150375939,0.9611528822055138,0.9586466165413534,0.956140350877193,0.9536340852130326,0.9473684210526315,0.9335839598997494,0.9147869674185464,0.8809523809523809,0.8270676691729323,0.6641604010025063,0.30952380952380953,0.895858066218177,0.9987029831387808,0.9987029831387808,0.9987029831387808,0.9987029831387808,0.9987029831387808,0.9974059662775616,0.9974059662775616,0.9961089494163424,0.9948119325551232,0.9922178988326849,0.9896238651102465,0.9870298313878081,0.980544747081712,0.9662775616083009,0.9468223086900129,0.9118028534370947,0.8560311284046692,0.6874189364461738,0.3203631647211414,0.9272305276810705,0.3604689580622321,0.3604689580622321,0.3604689580622321,0.3604689580622321,0.3604689580622321,0.3592920422191671,0.3592920422191671,0.35812104137615136,0.3569559786687787,0.356959639905676,0.3558852005933766,0.3561535525967447,0.3569490810493071,0.3562083523577616,0.35278283545675737,0.3480193612837761,0.3362361431626693,0.30268732858052605,0.18619124003564755,0.34442519104298247,0.998712304644508,0.998712304644508,0.998712304644508,0.998712304644508,0.998712304644508,0.9974173073587513,0.9974173073587513,0.99613309076394,0.9948596970270527,0.9924671733591495,0.9899157721209874,0.9874456225278554,0.9836773872456137,0.9723577654814493,0.9565759164804603,0.9291226672563211,0.8791541140986107,0.7478733388476717,0.4311966002421139,0.9394302780732247,0.9066347660479844,0.9066347660479844,0.9066347660479844,0.9066347660479844,0.9066347660479844,0.9074618279052802,0.9074618279052802,0.9081729422035779,0.9088069376713601,0.9099263531182078,0.9109725896099435,0.9118332989213046,0.913697831677545,0.9172593642957336,0.9212593437274202,0.9266140783187987,0.9329856669937348,0.9461681270368673,0.9649245508951,0.9168799247642145,0.589582471095791,0.589582471095791,0.589582471095791,0.589582471095791,0.589582471095791,0.5878131851619465,0.5878131851619465,0.5860580537168629,0.5843170040997241,0.5834378111945245,0.5813752090173606,0.5807723386720796,0.579380726068081,0.5737826284125421,0.5635237401339698,0.5469169646939398,0.5168165969837973,0.4298372503129014,0.21502512194866052,0.5507780090030154,770.0,770.0,770.0,770.0,770.0,769.0,769.0,768.0,767.0,765.0,763.0,761.0,756.0,745.0,730.0,703.0,660.0,530.0,247.0,714.8947368421053,28.0,28.0,28.0,28.0,28.0,29.0,29.0,30.0,31.0,33.0,35.0,37.0,42.0,53.0,68.0,95.0,138.0,268.0,551.0,83.10526315789474,1.0,1.0,1.0,1.0,1.0,2.0,2.0,3.0,4.0,6.0,8.0,10.0,15.0,26.0,41.0,68.0,111.0,241.0,524.0,56.10526315789474,0.9348370927318296,0.9099263531182078,0.9511278195488722,0.9586466165413534,0.9922178988326849,1.0,0.0,0.0,0.8484882959090588,0.9751434034416826,0.01929260450160772,0.949731900561019,696.093660135429,765,33,6,13,3,0,0,14.0,311,0.47418738049713194,0.46616541353383456,0.48249027237354086,372,426,399,771,798,16,3
tagging_003_tagging_aria02_rgb,0.5733659547383072,0.935948563479925,0.5366410416856143,0.5733659547383072,0.5733659547383072,0.5733659547383072,0.5733659547383072,0.5733659547383072,0.5733659547383072,0.5733659547383072,0.5723205011948898,0.5723205011948898,0.5723205011948898,0.5713014655584107,0.5702073528366282,0.5702073528366282,0.5696666012990595,0.5638620721337402,0.5552550807158481,0.5401668589164123,0.48665072671052456,0.2664682835757205,0.5486478411229365,0.9836552748885586,0.9836552748885586,0.9836552748885586,0.9836552748885586,0.9836552748885586,0.9836552748885586,0.9836552748885586,0.9807121661721068,0.9807121661721068,0.9807121661721068,0.9777777777777777,0.9719350073855244,0.9719350073855244,0.9690265486725663,0.9517543859649122,0.9319826338639653,0.8909348441926346,0.7682119205298014,0.3296812749003984,0.9258401486004915,0.3342111067215245,0.3342111067215245,0.3342111067215245,0.3342111067215245,0.3342111067215245,0.3342111067215245,0.3342111067215245,0.33399275280376944,0.33399275280376944,0.33399275280376944,0.3338032137434876,0.33452486303951745,0.33452486303951745,0.3348928231947512,0.33405723270570403,0.3308089587276199,0.3274989606406455,0.3082859344912942,0.21537573273836186,0.32606466251488836,0.9865871833084948,0.9865871833084948,0.9865871833084948,0.9865871833084948,0.9865871833084948,0.9865871833084948,0.9865871833084948,0.9850968703427719,0.9850968703427719,0.9850968703427719,0.9836065573770492,0.9806259314456036,0.9806259314456036,0.9791356184798807,0.970193740685544,0.9597615499254843,0.9374068554396423,0.8643815201192251,0.4932935916542474,0.9479174837242137,0.9969879518072289,0.9969879518072289,0.9969879518072289,0.9969879518072289,0.9969879518072289,0.9969879518072289,0.9969879518072289,0.9954819277108434,0.9954819277108434,0.9954819277108434,0.9939759036144579,0.9909638554216867,0.9909638554216867,0.9894578313253012,0.9804216867469879,0.9698795180722891,0.947289156626506,0.8734939759036144,0.49849397590361444,0.9579105897273303,0.33423717928770535,0.33423717928770535,0.33423717928770535,0.33423717928770535,0.33423717928770535,0.33423717928770535,0.33423717928770535,0.3340872607490584,0.3340872607490584,0.3340872607490584,0.3339570899320115,0.3346876025138262,0.3346876025138262,0.33505865047669486,0.3347849886575454,0.3325626379760027,0.3308210251820799,0.3180196889911515,0.24588206112739913,0.3285464939279816,0.9972793424942339,0.9972793424942339,0.9972793424942339,0.9972793424942339,0.9972793424942339,0.9972793424942339,0.9972793424942339,0.9958082114394642,0.9958082114394642,0.9958082114394642,0.9944244497763558,0.9917410203614733,0.9917410203614733,0.9903447496023724,0.9820394700050482,0.9721710762106663,0.9522783196771867,0.8879334509320705,0.5695944705307616,0.9631920031176548,0.935948563479925,0.935948563479925,0.935948563479925,0.935948563479925,0.935948563479925,0.935948563479925,0.935948563479925,0.9368055424832737,0.9368055424832737,0.9368055424832737,0.9374124961317852,0.9385078753279056,0.9385078753279056,0.9388905271593988,0.9407242046870509,0.9426081696361489,0.9453812636196602,0.9511026261327004,0.9661062798715778,0.9400683099843911,0.5742198136696466,0.5742198136696466,0.5742198136696466,0.5742198136696466,0.5742198136696466,0.5742198136696466,0.5742198136696466,0.573598479342615,0.573598479342615,0.573598479342615,0.5730017712988565,0.5727510413869535,0.5727510413869535,0.5726303271424472,0.5692980205497014,0.5634693593778246,0.5540756003054986,0.5162137780871029,0.3259501016377688,0.5558144828888674,662.0,662.0,662.0,662.0,662.0,662.0,662.0,661.0,661.0,661.0,660.0,658.0,658.0,657.0,651.0,644.0,629.0,580.0,331.0,636.0526315789474,9.0,9.0,9.0,9.0,9.0,9.0,9.0,10.0,10.0,10.0,11.0,13.0,13.0,14.0,20.0,27.0,42.0,91.0,340.0,34.94736842105263,2.0,2.0,2.0,2.0,2.0,2.0,2.0,3.0,3.0,3.0,4.0,6.0,6.0,7.0,13.0,20.0,35.0,84.0,333.0,27.94736842105263,0.9582712369597616,0.9368055424832737,0.9806259314456036,0.9850968703427719,0.9954819277108434,1.0,0.0,0.0,0.8960185746370253,0.9902621722846442,0.00964630225080386,0.9788731873933596,619.228463581444,661,10,3,15,3,0,0,16.0,311,0.4659176029962547,0.46348733233979134,0.4683734939759036,311,360,353,664,671,18,3
tagging_003_tagging_aria03_rgb,0.8951183912028592,0.8920692625704456,0.7985076031535783,0.8951183912028592,0.8951183912028592,0.8951183912028592,0.8951183912028592,0.8951183912028592,0.8951183912028592,0.8933151051284153,0.886048159957574,0.8833317797154858,0.8789389084228373,0.8780872377815572,0.8740341734732484,0.8623108243474445,0.8565907938004969,0.8351148669783913,0.7676154862059239,0.6567466677308192,0.4594413894289744,0.1443883521146548,0.802456531173841,0.987146529562982,0.987146529562982,0.987146529562982,0.987146529562982,0.987146529562982,0.987146529562982,0.9845956354300385,0.9744572158365262,0.9669211195928753,0.9569620253164557,0.95448798988622,0.947103274559194,0.9300873907615481,0.9204968944099379,0.8899755501222494,0.8018648018648019,0.6605800214822771,0.43947858472998136,0.12682215743440234,0.8671953599370738,0.8116697068512302,0.8116697068512302,0.8116697068512302,0.8116697068512302,0.8116697068512302,0.8116697068512302,0.8104970693903664,0.8056601449559249,0.8069686526072204,0.8072771795558569,0.8078018847013012,0.8066023599745441,0.7994732163586606,0.7971214161391782,0.7836359560131031,0.7348290301467858,0.6529355589769481,0.48031098136469924,0.16438764840575265,0.7435536494577747,0.9896907216494846,0.9896907216494846,0.9896907216494846,0.9896907216494846,0.9896907216494846,0.9896907216494846,0.9884020618556701,0.9832474226804123,0.979381443298969,0.9742268041237113,0.9729381443298969,0.9690721649484536,0.9600515463917526,0.9548969072164949,0.9381443298969072,0.8865979381443299,0.7925257731958762,0.6082474226804123,0.22422680412371135,0.9036896364622898,0.9974025974025974,0.9974025974025974,0.9974025974025974,0.9974025974025974,0.9974025974025974,0.9974025974025974,0.9961038961038962,0.990909090909091,0.987012987012987,0.9818181818181818,0.9805194805194806,0.9766233766233766,0.9675324675324676,0.9623376623376624,0.9454545454545454,0.8935064935064935,0.7987012987012987,0.612987012987013,0.22597402597402597,0.9107313738892686,0.8116697068512302,0.8116697068512302,0.8116697068512302,0.8116697068512302,0.8116697068512302,0.8116697068512302,0.8110382930067591,0.80888474959219,0.8103606989518617,0.811326614340057,0.8118844846515697,0.811706488278561,0.808000276370723,0.8072415948718856,0.8007588498301309,0.775106146308623,0.7272522444365159,0.6017840589829136,0.2686641704820503,0.764422469011117,1.0,1.0,1.0,1.0,1.0,1.0,0.9987052106280627,0.9935748528598892,0.9901334985341338,0.985809720292479,0.9848994326066718,0.9814031430479523,0.9729301198333573,0.9687212864828285,0.9540184370404676,0.9069208676191087,0.828289002068876,0.6735741511153303,0.2904039086793692,0.9225991384636065,0.8920692625704456,0.8920692625704456,0.8920692625704456,0.8920692625704456,0.8920692625704456,0.8920692625704456,0.8927939019404189,0.8955661355924217,0.8974070738952683,0.8995866233514677,0.9001109570809219,0.9014283751285791,0.9040038923163143,0.905289331676716,0.908538696174869,0.915936816061609,0.9263189915295789,0.9415214259372702,0.9634819852277798,0.9054947253334678,0.8962711520040236,0.8962711520040236,0.8962711520040236,0.8962711520040236,0.8962711520040236,0.8962711520040236,0.8950402083221828,0.8900355392253955,0.889005131417971,0.8868320397238171,0.8865332857188597,0.8841130556852236,0.8760910327494058,0.8724498695898428,0.8574168349391298,0.8071542002720038,0.7193526664476106,0.5405070919980401,0.19198988785723645,0.819691987156361,768.0,768.0,768.0,768.0,768.0,768.0,767.0,763.0,760.0,756.0,755.0,752.0,745.0,741.0,728.0,688.0,615.0,472.0,174.0,701.2631578947369,8.0,8.0,8.0,8.0,8.0,8.0,9.0,13.0,16.0,20.0,21.0,24.0,31.0,35.0,48.0,88.0,161.0,304.0,602.0,74.73684210526316,2.0,2.0,2.0,2.0,2.0,2.0,3.0,7.0,10.0,14.0,15.0,18.0,25.0,29.0,42.0,82.0,155.0,298.0,596.0,68.73684210526316,0.9510309278350515,0.8995866233514677,0.9561855670103093,0.9742268041237113,0.9818181818181818,1.0,0.0,0.0,0.8532055248114814,0.9780077619663649,0.04501607717041801,0.9554097165060207,680.0874872537096,756,20,14,4,3,0,0,9.0,311,0.871927554980595,0.8685567010309279,0.8753246753246753,674,102,96,770,776,8,3
tagging_003_tagging_aria04_rgb,0.602886375274385,0.9064774331884511,0.5465028939630138,0.602886375274385,0.6012436714574071,0.6012436714574071,0.6012436714574071,0.600248363769178,0.600248363769178,0.5992797436608892,0.5992797436608892,0.5983373431828064,0.5956086440142587,0.5946951189759663,0.5920036707808111,0.5790476664893789,0.561092326951949,0.5432945029755722,0.5351170398080299,0.49925203298870185,0.3943189210796979,0.18005719264916484,0.5514998981264778,0.9553752535496958,0.9474747474747475,0.9474747474747475,0.9474747474747475,0.9435483870967742,0.9435483870967742,0.9396378269617707,0.9396378269617707,0.9357429718875502,0.9318637274549099,0.928,0.9241516966067864,0.9051383399209486,0.8718446601941747,0.8326996197718631,0.8120300751879699,0.7432188065099458,0.5548387096774193,0.22646310432569974,0.8542191387172786,0.38044944134883846,0.3815341289370006,0.3815341289370006,0.3815341289370006,0.38185439468153287,0.38185439468153287,0.3822070598450616,0.3822070598450616,0.3825917874914927,0.38068834140952146,0.38110159971318824,0.37923248694426664,0.370436413174232,0.3611017119657945,0.3544722610109301,0.35263502552737835,0.3353690599055318,0.2802389393700679,0.14316059439894938,0.35653699779602016,0.9731404958677686,0.96900826446281,0.96900826446281,0.96900826446281,0.9669421487603306,0.9669421487603306,0.9648760330578512,0.9648760330578512,0.9628099173553719,0.9607438016528925,0.9586776859504132,0.9566115702479339,0.9462809917355371,0.9276859504132231,0.9049586776859504,0.8925619834710744,0.8491735537190083,0.7107438016528925,0.3677685950413223,0.9043062200956937,0.98125,0.9770833333333333,0.9770833333333333,0.9770833333333333,0.975,0.975,0.9729166666666667,0.9729166666666667,0.9708333333333333,0.96875,0.9666666666666667,0.9645833333333333,0.9541666666666667,0.9354166666666667,0.9125,0.9,0.85625,0.7166666666666667,0.37083333333333335,0.9118421052631579,0.3818705402310007,0.3829692478546533,0.3829692478546533,0.3829692478546533,0.38329650337443616,0.38329650337443616,0.38365176075993207,0.38365176075993207,0.3840352002806629,0.38268011266105956,0.38308988319728826,0.38174727607431896,0.37525526932469777,0.36822807163195337,0.3634916616672379,0.36242004314365545,0.34869349097536617,0.3062709804940379,0.17598472692674055,0.3629774488653008,0.9555537632332044,0.9562663100339365,0.9562663100339365,0.9562663100339365,0.9552688514590583,0.9552688514590583,0.9544318386224528,0.9544318386224528,0.9537563044365981,0.9515262303800299,0.9510073048155308,0.9488016570457539,0.9382354451503291,0.9218411439704081,0.9043533504027593,0.895665778389441,0.8661429534974632,0.7565752591205419,0.4580166966079714,0.9047197998586768,0.9064774331884511,0.9099509766862188,0.9099509766862188,0.9099509766862188,0.9114021835858481,0.9114021835858481,0.9126316631329268,0.9126316631329268,0.9136671100596706,0.914597857435392,0.9154358831270579,0.9162067769910774,0.9192590225074387,0.9239602703935559,0.9290132138488961,0.9311883775314683,0.9367767382109399,0.9484639017872157,0.9662308950277015,0.92101042650553,0.6084659053774699,0.6080376009052179,0.6080376009052179,0.6080376009052179,0.60764389975292,0.60764389975292,0.6072745933348502,0.6072745933348502,0.6069292934893884,0.6047676945495005,0.6044448690534481,0.6023107045576925,0.5920615985127455,0.5787823294303568,0.5663768609334251,0.5610246142782772,0.5336539481793265,0.4462937251844983,0.2294558141938927,0.5678166919279587,471.0,469.0,469.0,469.0,468.0,468.0,467.0,467.0,466.0,465.0,464.0,463.0,458.0,449.0,438.0,432.0,411.0,344.0,178.0,437.6842105263158,13.0,15.0,15.0,15.0,16.0,16.0,17.0,17.0,18.0,19.0,20.0,21.0,26.0,35.0,46.0,52.0,73.0,140.0,306.0,46.31578947368421,9.0,11.0,11.0,11.0,12.0,12.0,13.0,13.0,14.0,15.0,16.0,17.0,22.0,31.0,42.0,48.0,69.0,136.0,302.0,42.31578947368421,0.9090909090909091,0.9147749568166581,0.9297520661157025,0.9607438016528925,0.96875,1.0,0.0,0.0,0.8272114771069133,0.9647302904564315,0.04823151125401929,0.9276859504132231,425.37035491974603,465,19,15,10,3,0,0,13.0,311,0.533195020746888,0.53099173553719,0.5354166666666667,257,227,223,480,484,12,3
tagging_004_tagging_aria01_rgb,0.800867405437755,0.9045924375970612,0.7244585984769727,0.800867405437755,0.800867405437755,0.800867405437755,0.800867405437755,0.800867405437755,0.800867405437755,0.7931257444151635,0.7931257444151635,0.7931257444151635,0.7931257444151635,0.7903155558866086,0.7865609727571463,0.7808660541110868,0.7614528673717311,0.7513333087116586,0.7183194212503392,0.6706397481942229,0.4807654032581321,0.1936873718054559,0.732192005980714,0.981651376146789,0.981651376146789,0.981651376146789,0.981651376146789,0.981651376146789,0.981651376146789,0.9696048632218845,0.9696048632218845,0.9696048632218845,0.9696048632218845,0.9636363636363636,0.9577039274924471,0.9459459459459459,0.9171597633136095,0.8947368421052632,0.8356940509915014,0.7704918032786885,0.49653579676674364,0.1717902350813743,0.8801064441252741,0.6533771730756407,0.6533771730756407,0.6533771730756407,0.6533771730756407,0.6533771730756407,0.6533771730756407,0.6487678334902861,0.6487678334902861,0.6487678334902861,0.6487678334902861,0.6481684393056557,0.6460014897135812,0.6445947541466197,0.6321804470944429,0.6309137102830918,0.617430254927912,0.5837280421986948,0.46549589067902447,0.21837561360303598,0.6106433165456341,0.9938080495356038,0.9938080495356038,0.9938080495356038,0.9938080495356038,0.9938080495356038,0.9938080495356038,0.9876160990712074,0.9876160990712074,0.9876160990712074,0.9876160990712074,0.9845201238390093,0.9814241486068112,0.9752321981424149,0.9597523219814241,0.9473684210526315,0.913312693498452,0.8730650154798761,0.6656346749226006,0.29411764705882354,0.9214599967410786,0.9876923076923076,0.9876923076923076,0.9876923076923076,0.9876923076923076,0.9876923076923076,0.9876923076923076,0.9815384615384616,0.9815384615384616,0.9815384615384616,0.9815384615384616,0.9784615384615385,0.9753846153846154,0.9692307692307692,0.9538461538461539,0.9415384615384615,0.9076923076923077,0.8676923076923077,0.6615384615384615,0.2923076923076923,0.9157894736842106,0.6728828315683496,0.6728828315683496,0.6728828315683496,0.6728828315683496,0.6728828315683496,0.6728828315683496,0.6693185903221022,0.6693185903221022,0.6693185903221022,0.6693185903221022,0.6691733115451928,0.6674498291166938,0.6665915657896412,0.6584177659547402,0.657876434908156,0.6513109484895702,0.6308658040888895,0.5474499706464456,0.3296767919387566,0.6417570406935048,0.9211129991503824,0.9211129991503824,0.9211129991503824,0.9211129991503824,0.9211129991503824,0.9211129991503824,0.9166286691365061,0.9166286691365061,0.9166286691365061,0.9166286691365061,0.9132967137684119,0.9111232878583037,0.9063382120524979,0.8943629952647548,0.8878113642151075,0.8718788145598624,0.8401635617613789,0.6922848605134924,0.3759963071788089,0.8677078309800493,0.9045924375970612,0.9045924375970612,0.9045924375970612,0.9045924375970612,0.9045924375970612,0.9045924375970612,0.9082868905087931,0.9082868905087931,0.9082868905087931,0.9082868905087931,0.9095606757239884,0.9106426914446722,0.9124841046675097,0.9163667590033605,0.9188057747916445,0.9241620598506385,0.9286394742190561,0.943830816700104,0.9650453915907298,0.9152757860846971,0.8058110783461524,0.8058110783461524,0.8058110783461524,0.8058110783461524,0.8058110783461524,0.8058110783461524,0.8004583417733586,0.8004583417733586,0.8004583417733586,0.8004583417733586,0.7988334445513292,0.7962420875844751,0.7928616266395274,0.7789330215173487,0.7731155964869355,0.7509373403791073,0.7138855175714389,0.5566419009290793,0.25343267675647463,0.7500833183992666,321.0,321.0,321.0,321.0,321.0,321.0,319.0,319.0,319.0,319.0,318.0,317.0,315.0,310.0,306.0,295.0,282.0,215.0,95.0,297.63157894736844,2.0,2.0,2.0,2.0,2.0,2.0,4.0,4.0,4.0,4.0,5.0,6.0,8.0,13.0,17.0,28.0,41.0,108.0,228.0,25.36842105263158,4.0,4.0,4.0,4.0,4.0,4.0,6.0,6.0,6.0,6.0,7.0,8.0,10.0,15.0,19.0,30.0,43.0,110.0,230.0,27.36842105263158,0.9597523219814241,0.9081615167658887,0.9752321981424149,0.9907120743034056,0.9846153846153847,1.0,0.0,0.0,0.8687668277556793,0.9876543209876543,0.04132231404958678,0.973068204320941,290.6116853650844,320,3,5,5,3,0,0,8.0,121,0.7438271604938271,0.7461300309597523,0.7415384615384616,241,82,84,325,323,7,3
tagging_004_tagging_aria02_rgb,0.7465787656412239,0.9334202079294063,0.6968717066605107,0.7465787656412239,0.7465787656412239,0.7465787656412239,0.7465787656412239,0.7465787656412239,0.7465787656412239,0.7465787656412239,0.7465787656412239,0.7465787656412239,0.7443395081870187,0.7443395081870187,0.7443395081870187,0.7377168095610561,0.7207529492203494,0.7095632294046921,0.6988620444057813,0.6887070698598499,0.5786393122564718,0.34935955319435,0.7071488622755064,0.9957983193277311,0.9957983193277311,0.9957983193277311,0.9957983193277311,0.9957983193277311,0.9957983193277311,0.9957983193277311,0.9957983193277311,0.9957983193277311,0.9874476987447699,0.9874476987447699,0.9874476987447699,0.9791666666666666,0.9628099173553719,0.9467213114754098,0.9230769230769231,0.8924302788844621,0.6903914590747331,0.35327635327635326,0.9301263621049373,0.5597316670334046,0.5597316670334046,0.5597316670334046,0.5597316670334046,0.5597316670334046,0.5597316670334046,0.5597316670334046,0.5597316670334046,0.5597316670334046,0.5610842013732804,0.5610842013732804,0.5610842013732804,0.5558053696431765,0.5395507508239452,0.5318143474963836,0.5291088368702805,0.5314896180661159,0.4849762396211783,0.34548617895373157,0.5388983657313313,1.0,1.0,1.0,1.0,1.0,1.0,1.0,1.0,1.0,0.9957805907172996,0.9957805907172996,0.9957805907172996,0.9915611814345991,0.9831223628691983,0.9746835443037974,0.9620253164556962,0.9451476793248945,0.8185654008438819,0.5232067510548524,0.9571396846546746,0.9957983193277311,0.9957983193277311,0.9957983193277311,0.9957983193277311,0.9957983193277311,0.9957983193277311,0.9957983193277311,0.9957983193277311,0.9957983193277311,0.9915966386554622,0.9915966386554622,0.9915966386554622,0.9873949579831933,0.9789915966386554,0.9705882352941176,0.957983193277311,0.9411764705882353,0.8151260504201681,0.5210084033613446,0.9531180893409997,0.5617444038837859,0.5617444038837859,0.5617444038837859,0.5617444038837859,0.5617444038837859,0.5617444038837859,0.5617444038837859,0.5617444038837859,0.5617444038837859,0.5631546951601977,0.5631546951601977,0.5631546951601977,0.5596923253770374,0.5496043645730965,0.5449206442581478,0.5435767208466837,0.5468802502666861,0.5204577637679147,0.42519504633499755,0.5492363597820646,0.9958667011108241,0.9958667011108241,0.9958667011108241,0.9958667011108241,0.9958667011108241,0.9958667011108241,0.9958667011108241,0.9958667011108241,0.9958667011108241,0.9920356278104462,0.9920356278104462,0.9920356278104462,0.9880069474598349,0.9795554814317989,0.9712231141641261,0.9590477377171025,0.9453209042743894,0.8431386693976584,0.6367411196910814,0.9611547982928814,0.9334202079294063,0.9334202079294063,0.9334202079294063,0.9334202079294063,0.9334202079294063,0.9334202079294063,0.9334202079294063,0.9334202079294063,0.9334202079294063,0.935425827971972,0.935425827971972,0.935425827971972,0.9368322891472483,0.9391596047459629,0.940993084392894,0.9432139097623117,0.9451941290282182,0.9549179643409846,0.9669651705502753,0.9386492372236036,0.7481521683677756,0.7481521683677756,0.7481521683677756,0.7481521683677756,0.7481521683677756,0.7481521683677756,0.7481521683677756,0.7481521683677756,0.7481521683677756,0.7474735831356379,0.7474735831356379,0.7474735831356379,0.7423712204625676,0.7283161463525898,0.7199657583033977,0.7134536398601082,0.7087567841653891,0.6300672741741697,0.4251596185254865,0.7180989845558212,237.0,237.0,237.0,237.0,237.0,237.0,237.0,237.0,237.0,236.0,236.0,236.0,235.0,233.0,231.0,228.0,224.0,194.0,124.0,226.8421052631579,0.0,0.0,0.0,0.0,0.0,0.0,0.0,0.0,0.0,1.0,1.0,1.0,2.0,4.0,6.0,9.0,13.0,43.0,113.0,10.157894736842104,1.0,1.0,1.0,1.0,1.0,1.0,1.0,1.0,1.0,2.0,2.0,2.0,3.0,5.0,7.0,10.0,14.0,44.0,114.0,11.157894736842104,0.9662447257383966,0.935425827971972,0.9873417721518988,0.9957805907172996,0.9915966386554622,1.0,0.0,0.0,0.9019430185712465,0.9936842105263158,0.01652892561983471,0.9843925316272741,220.7604954013854,236,1,2,5,3,0,0,5.0,121,0.6484210526315789,0.6497890295358649,0.6470588235294118,154,83,84,238,237,8,3
tagging_004_tagging_aria03_rgb,0.6953829962785565,0.8706907757473603,0.6054635604713001,0.6953829962785565,0.6953829962785565,0.6953829962785565,0.6953829962785565,0.6953829962785565,0.6953829962785565,0.6953829962785565,0.6953829962785565,0.6953829962785565,0.6953829962785565,0.6953829962785565,0.6929688652997779,0.683649148373453,0.6624086405443795,0.6159627445556536,0.5301674293082244,0.40011955422989653,0.18442962795560477,0.03996133752824405,0.6030989635189133,0.9807692307692307,0.9807692307692307,0.9807692307692307,0.9807692307692307,0.9807692307692307,0.9807692307692307,0.9807692307692307,0.9807692307692307,0.9807692307692307,0.9807692307692307,0.9807692307692307,0.9731800766283525,0.9581749049429658,0.9216417910447762,0.8392857142857143,0.7166666666666667,0.5327380952380952,0.25609756097560976,0.048879837067209775,0.8439540097532068,0.49303903134693783,0.49303903134693783,0.49303903134693783,0.49303903134693783,0.49303903134693783,0.49303903134693783,0.49303903134693783,0.49303903134693783,0.49303903134693783,0.49303903134693783,0.49303903134693783,0.4934398677155074,0.48777749830503814,0.4760908319602616,0.45206310106616737,0.39220116711528985,0.3005147540755087,0.1328176947030052,0.03267008633540446,0.4311054918996053,0.9807692307692307,0.9807692307692307,0.9807692307692307,0.9807692307692307,0.9807692307692307,0.9807692307692307,0.9807692307692307,0.9807692307692307,0.9807692307692307,0.9807692307692307,0.9807692307692307,0.9769230769230769,0.9692307692307692,0.95,0.9038461538461539,0.8269230769230769,0.6884615384615385,0.40384615384615385,0.09230769230769231,0.8736842105263157,1.0,1.0,1.0,1.0,1.0,1.0,1.0,1.0,1.0,1.0,1.0,0.996078431372549,0.9882352941176471,0.9686274509803922,0.9215686274509803,0.8431372549019608,0.7019607843137254,0.4117647058823529,0.09411764705882353,0.8908152734778122,0.4941513174371944,0.4941513174371944,0.4941513174371944,0.4941513174371944,0.4941513174371944,0.4941513174371944,0.4941513174371944,0.4941513174371944,0.4941513174371944,0.4941513174371944,0.4941513174371944,0.4946762252134509,0.4909331767574072,0.48299031312995966,0.46768984005287545,0.425815558968623,0.35039735005530503,0.17109095763463641,0.04005324697336286,0.439963745294461,0.9664488017429195,0.9664488017429195,0.9664488017429195,0.9664488017429195,0.9664488017429195,0.9664488017429195,0.9664488017429195,0.9664488017429195,0.9664488017429195,0.9664488017429195,0.9664488017429195,0.9625984251968503,0.9545340880086642,0.9354769181503554,0.890134662388539,0.8122937954175636,0.6852269517665787,0.431149845132896,0.2555827176589889,0.8714702222575026,0.8706907757473603,0.8706907757473603,0.8706907757473603,0.8706907757473603,0.8706907757473603,0.8706907757473603,0.8706907757473603,0.8706907757473603,0.8706907757473603,0.8706907757473603,0.8706907757473603,0.8718517126788192,0.8739290274693685,0.8778813777971021,0.8855649213636739,0.8956669689473742,0.909251796223215,0.9324602360910824,0.9645012952184923,0.8836160983689522,0.6953829962785565,0.6953829962785565,0.6953829962785565,0.6953829962785565,0.6953829962785565,0.6953829962785565,0.6953829962785565,0.6953829962785565,0.6953829962785565,0.6953829962785565,0.6953829962785565,0.6943002188139865,0.6875819659470807,0.6725223344709441,0.6392147488868045,0.5694911727883035,0.45485475695128835,0.23159860787258918,0.054915391987258526,0.6133522187780198,255.0,255.0,255.0,255.0,255.0,255.0,255.0,255.0,255.0,255.0,255.0,254.0,252.0,247.0,235.0,215.0,179.0,105.0,24.0,227.1578947368421,5.0,5.0,5.0,5.0,5.0,5.0,5.0,5.0,5.0,5.0,5.0,6.0,8.0,13.0,25.0,45.0,81.0,155.0,236.0,32.8421052631579,0.0,0.0,0.0,0.0,0.0,0.0,0.0,0.0,0.0,0.0,0.0,1.0,3.0,8.0,20.0,40.0,76.0,150.0,231.0,27.842105263157894,0.9576923076923077,0.8706907757473603,0.9807692307692307,0.9807692307692307,1.0,1.0,0.0,0.0,0.8308697992906803,0.9902912621359223,0.0,0.9777763413446783,222.02614781557688,255,5,0,6,3,0,0,7.0,121,0.6330097087378641,0.6269230769230769,0.6392156862745098,163,97,92,255,260,8,3
tagging_004_tagging_aria04_rgb,0.7746105777922723,0.8810345123445709,0.6824586526621609,0.7746105777922723,0.7715365434102733,0.7715365434102733,0.7644021725915082,0.7644021725915082,0.760517836381329,0.760517836381329,0.7568896180210247,0.7568896180210247,0.7568896180210247,0.7552120405700837,0.753518477872809,0.7419225342997307,0.7300098500329513,0.7138590210558758,0.6931518896542294,0.61816555307356,0.42636628535319016,0.15266529830545417,0.6959507098336553,0.9026548672566371,0.8942731277533039,0.8942731277533039,0.8777292576419214,0.8777292576419214,0.8695652173913043,0.8695652173913043,0.8614718614718615,0.8614718614718615,0.8614718614718615,0.853448275862069,0.8454935622317596,0.8297872340425532,0.8143459915611815,0.7768595041322314,0.7269076305220884,0.6104868913857678,0.39158576051779936,0.13157894736842105,0.7763526028878501,0.664729753301251,0.6656452255397355,0.6656452255397355,0.6657071943031816,0.6657071943031816,0.6651454863722586,0.6651454863722586,0.6650036054447785,0.6650036054447785,0.6650036054447785,0.6682832953712673,0.6715486928097001,0.6633616719072192,0.6544078151885818,0.6559676482455878,0.6609636795064971,0.6259407964343539,0.46423600553170496,0.17713086913086915,0.6260303608521957,0.918918918918919,0.9144144144144144,0.9144144144144144,0.9054054054054054,0.9054054054054054,0.9009009009009009,0.9009009009009009,0.8963963963963963,0.8963963963963963,0.8963963963963963,0.8918918918918919,0.8873873873873874,0.8783783783783784,0.8693693693693694,0.8468468468468469,0.8153153153153153,0.7342342342342343,0.545045045045045,0.22522522522522523,0.8285917496443812,0.9807692307692307,0.9759615384615384,0.9759615384615384,0.9663461538461539,0.9663461538461539,0.9615384615384616,0.9615384615384616,0.9567307692307693,0.9567307692307693,0.9567307692307693,0.9519230769230769,0.9471153846153846,0.9375,0.9278846153846154,0.9038461538461539,0.8701923076923077,0.7836538461538461,0.5817307692307693,0.2403846153846154,0.8843623481781377,0.66579105234291,0.6668410990098832,0.6668410990098832,0.6676297234231249,0.6676297234231249,0.6675063335787021,0.6675063335787021,0.6676394023855013,0.6676394023855013,0.6676394023855013,0.6708818184296653,0.6741571524032117,0.6699336875450236,0.6648118607145058,0.6696693167787793,0.6787709673286876,0.6657250267760438,0.5645805513900337,0.2748995215311005,0.6424259723378888,0.9762443438914026,0.9729064039408867,0.9729064039408867,0.9651231024365352,0.9651231024365352,0.960948717948718,0.960948717948718,0.9574023965983766,0.9574023965983766,0.9574023965983766,0.962043512043512,0.964388910581804,0.9563971071663379,0.9481998140029227,0.928279005273686,0.9114664494498748,0.8585758481464002,0.6984742530197076,0.33333333333333326,0.9056613797555995,0.8810345123445709,0.8849065081416642,0.8849065081416642,0.8918949104852688,0.8918949104852688,0.8950574847871527,0.8950574847871527,0.8976128018208843,0.8976128018208843,0.8976128018208843,0.8995365628954979,0.9011174516191404,0.9038975594913011,0.9063015266648372,0.9108196095427737,0.9159825636148472,0.9254125182560548,0.9413435163156537,0.9660691226053342,0.9046353239810966,0.7815578969448298,0.7801766396910818,0.7801766396910818,0.7763600273966758,0.7763600273966758,0.7740995852620874,0.7740995852620874,0.7720795525794674,0.7720795525794674,0.7720795525794674,0.7720339711621682,0.7719610352963516,0.7633364590062715,0.7542692553729631,0.7453214974427597,0.7340938705430053,0.6779285813018541,0.5030204116599643,0.19973567506667378,0.7200405166439438,204.0,203.0,203.0,201.0,201.0,200.0,200.0,199.0,199.0,199.0,198.0,197.0,195.0,193.0,188.0,181.0,163.0,121.0,50.0,183.94736842105263,18.0,19.0,19.0,21.0,21.0,22.0,22.0,23.0,23.0,23.0,24.0,25.0,27.0,29.0,34.0,41.0,59.0,101.0,172.0,38.05263157894737,4.0,5.0,5.0,7.0,7.0,8.0,8.0,9.0,9.0,9.0,10.0,11.0,13.0,15.0,20.0,27.0,45.0,87.0,158.0,24.05263157894737,0.8243243243243243,0.8976128018208843,0.8558558558558559,0.8963963963963963,0.9567307692307693,0.6666666666666666,0.3333333333333333,0.0,0.7325448088394413,0.9255813953488372,0.0743801652892562,0.8520491079278637,178.62494756235597,199,23,9,7,2,1,0,9.0,121,0.7534883720930232,0.7297297297297297,0.7788461538461539,162,60,46,208,222,9,3
tagging_005_tagging_aria01_rgb,0.4721874098296432,0.9094460028215631,0.4294289524522362,0.4721874098296432,0.4721874098296432,0.47088800592300467,0.47088800592300467,0.47088800592300467,0.47015145244887974,0.4698258378213897,0.4698258378213897,0.4678096563829027,0.46660806508645275,0.46584042454452207,0.4643724698676122,0.4605635454459626,0.4579539062812168,0.4409024069934088,0.4187974960560803,0.3793339901688223,0.2952354095441593,0.11782308360797215,0.43168854839468795,0.9726156751652503,0.9726156751652503,0.970754716981132,0.970754716981132,0.970754716981132,0.9688972667295005,0.9670433145009416,0.9670433145009416,0.9633458646616542,0.9578256794751641,0.9541627689429373,0.9468779123951537,0.937847866419295,0.9306839186691312,0.890497737556561,0.835676625659051,0.7364921030756443,0.5531598513011152,0.19167142042213348,0.8767747971359536,0.22923849131235283,0.22923849131235283,0.22841559277888468,0.22841559277888468,0.22841559277888468,0.22813810692842268,0.22825897720877716,0.22825897720877716,0.2271726932486002,0.22730971936670527,0.22743216168477276,0.22773980462325347,0.22617610700936516,0.22534157523439918,0.2182991874027465,0.2098794405844741,0.19537789406904335,0.15757460857595634,0.07242748553914365,0.21279528945504192,0.9809523809523809,0.9809523809523809,0.98,0.98,0.98,0.979047619047619,0.9780952380952381,0.9780952380952381,0.9761904761904762,0.9733333333333334,0.9714285714285714,0.9676190476190476,0.9628571428571429,0.959047619047619,0.9371428571428572,0.9057142857142857,0.8438095238095238,0.7085714285714285,0.32,0.9138345864661653,0.9913378248315688,0.9913378248315688,0.9903753609239654,0.9903753609239654,0.9903753609239654,0.9894128970163619,0.9884504331087585,0.9884504331087585,0.9865255052935515,0.983638113570741,0.9817131857555341,0.9778633301251203,0.973051010587103,0.9692011549566891,0.9470644850818094,0.9153031761308951,0.8527430221366699,0.7160731472569779,0.3233878729547642,0.9235094473430931,0.23170507738620602,0.23170507738620602,0.2310723199298272,0.2310723199298272,0.2310723199298272,0.23084019478413934,0.23096607374692815,0.23096607374692815,0.2301082119100412,0.23027285672986506,0.23037654645191408,0.23071232306899137,0.22948078442329184,0.2288440400422153,0.22331787771002712,0.21641957542982782,0.20405602909129997,0.17035867568251642,0.08455583819702124,0.2172580113461527,0.9227292426928273,0.9227292426928273,0.9216880489082151,0.9216880489082151,0.9216880489082151,0.9207896539215129,0.9197875016857987,0.9197875016857987,0.9178712026524003,0.9153577534210875,0.9145923900566055,0.9117238068256768,0.9066069147314648,0.9031615381909999,0.8843106715779927,0.8655887432438925,0.8278954169425969,0.718458690277155,0.3725053936721583,0.8688926216313391,0.9094460028215631,0.9094460028215631,0.9102226962983262,0.9102226962983262,0.9102226962983262,0.9108180182951027,0.9113655674078968,0.9113655674078968,0.9123295213927808,0.913602998900359,0.9143404729073148,0.9156730719466807,0.917079054511905,0.9180348494437358,0.9225626679714424,0.9275864571507603,0.935012872177318,0.9452582423564856,0.9646422817810562,0.9194332493783599,0.47420675222816494,0.47420675222816494,0.473125016167299,0.473125016167299,0.473125016167299,0.4726077341752919,0.4725029297902759,0.4725029297902759,0.4709180603882421,0.47037020191574613,0.4700362751132626,0.46943090317372643,0.4666639906587916,0.4648798782491994,0.4523024698081737,0.4359940453894764,0.4060316831939437,0.33414497677692095,0.15223927013923172,0.4409691527116203,1030.0,1030.0,1029.0,1029.0,1029.0,1028.0,1027.0,1027.0,1025.0,1022.0,1020.0,1016.0,1011.0,1007.0,984.0,951.0,886.0,744.0,336.0,959.5263157894736,20.0,20.0,21.0,21.0,21.0,22.0,23.0,23.0,25.0,28.0,30.0,34.0,39.0,43.0,66.0,99.0,164.0,306.0,714.0,90.47368421052632,9.0,9.0,10.0,10.0,10.0,11.0,12.0,12.0,14.0,17.0,19.0,23.0,28.0,32.0,55.0,88.0,153.0,295.0,703.0,79.47368421052632,0.94,0.913602998900359,0.9571428571428572,0.9733333333333334,0.983638113570741,1.0,0.0,0.0,0.8559069189296827,0.9784585926280517,0.03854875283446712,0.9559473595189492,933.7022648761669,1022,28,17,18,3,0,0,24.0,441,0.3370033508855912,0.3352380952380952,0.3387872954764196,352,698,687,1039,1050,18,3
tagging_005_tagging_aria02_rgb,0.6740506867349169,0.9216754269465691,0.6212559544800326,0.6740506867349169,0.6740506867349169,0.6740506867349169,0.6740506867349169,0.6740506867349169,0.6740506867349169,0.6740506867349169,0.6740506867349169,0.6717777280041791,0.6698549274580332,0.6687437799434041,0.6682591470097762,0.6640334479630849,0.6575962129515294,0.6478941313501971,0.6325387163625529,0.5982523364350907,0.5091020419473058,0.2143821488762972,0.6313073743253045,0.9856972586412396,0.9856972586412396,0.9856972586412396,0.9856972586412396,0.9856972586412396,0.9856972586412396,0.9856972586412396,0.9856972586412396,0.9809750297265161,0.9762752075919335,0.9739336492890995,0.9715976331360947,0.9623085983510011,0.9485380116959065,0.9260115606936417,0.8910329171396141,0.8148148148148148,0.6285434995112414,0.24235645041014167,0.90536660218368,0.46093699085063494,0.46093699085063494,0.46093699085063494,0.46093699085063494,0.46093699085063494,0.46093699085063494,0.46093699085063494,0.46093699085063494,0.4600375159072803,0.4596097702271656,0.45918758792185554,0.45962471740570937,0.45821103621991166,0.4558939904949509,0.4533062255978688,0.449035293759966,0.43924809851596425,0.4123579184518808,0.1896368166765972,0.44124446831495945,0.9904191616766467,0.9904191616766467,0.9904191616766467,0.9904191616766467,0.9904191616766467,0.9904191616766467,0.9904191616766467,0.9904191616766467,0.9880239520958084,0.98562874251497,0.9844311377245509,0.9832335329341317,0.9784431137724551,0.9712574850299401,0.9592814371257485,0.9401197604790419,0.895808383233533,0.770059880239521,0.38922155688622756,0.9352032776552159,0.9951865222623345,0.9951865222623345,0.9951865222623345,0.9951865222623345,0.9951865222623345,0.9951865222623345,0.9951865222623345,0.9951865222623345,0.9927797833935018,0.9903730445246691,0.9891696750902527,0.9879663056558363,0.9831528279181708,0.9759326113116726,0.9638989169675091,0.9446450060168472,0.9001203369434416,0.7737665463297232,0.3910950661853189,0.9397048578124011,0.46136860868341,0.46136860868341,0.46136860868341,0.46136860868341,0.46136860868341,0.46136860868341,0.46136860868341,0.46136860868341,0.4607651862224442,0.46052221543914185,0.46023542776663107,0.46067648085633284,0.45985455326833574,0.45848465018912776,0.45690854104448625,0.4541993111269788,0.4479019213855624,0.4322071615873885,0.2451879132312983,0.44673117008342145,0.9952860183704165,0.9952860183704165,0.9952860183704165,0.9952860183704165,0.9952860183704165,0.9952860183704165,0.9952860183704165,0.9952860183704165,0.9929133154476153,0.99054563671297,0.989396586471666,0.9882763741420446,0.9835911049570635,0.9769264434540179,0.9661644913018566,0.9503986103037425,0.9167648229947596,0.8461303410462039,0.46897062064268075,0.9490719207598923,0.9216754269465691,0.9216754269465691,0.9216754269465691,0.9216754269465691,0.9216754269465691,0.9216754269465691,0.9216754269465691,0.9216754269465691,0.9228638406213436,0.9239312580931736,0.924392238171476,0.9248007383994734,0.9262228632453657,0.9280190514956498,0.9305352019278634,0.9337179602823819,0.9390074740905195,0.9485836693529525,0.9664475113869396,0.9285223801389312,0.6756632504909839,0.6756632504909839,0.6756632504909839,0.6756632504909839,0.6756632504909839,0.6756632504909839,0.6756632504909839,0.6756632504909839,0.6741869804283152,0.6730561639838056,0.6723381289253976,0.672248789302493,0.6695770553445761,0.6654250150455643,0.6594302446427313,0.6497283684865972,0.6272815388404074,0.5635071333167607,0.2716813152018616,0.642303512497178,827.0,827.0,827.0,827.0,827.0,827.0,827.0,827.0,825.0,823.0,822.0,821.0,817.0,811.0,801.0,785.0,748.0,643.0,325.0,780.8947368421053,8.0,8.0,8.0,8.0,8.0,8.0,8.0,8.0,10.0,12.0,13.0,14.0,18.0,24.0,34.0,50.0,87.0,192.0,510.0,54.10526315789474,4.0,4.0,4.0,4.0,4.0,4.0,4.0,4.0,6.0,8.0,9.0,10.0,14.0,20.0,30.0,46.0,83.0,188.0,506.0,50.10526315789474,0.9652694610778443,0.9239312580931736,0.9760479041916168,0.98562874251497,0.9903730445246691,1.0,0.0,0.0,0.8902939226475232,0.9879951980792316,0.018140589569160998,0.9749050987910907,760.3954254106818,823,12,8,9,3,0,0,11.0,441,0.5738295318127251,0.5724550898203593,0.5752105896510229,478,357,353,831,835,12,3
tagging_005_tagging_aria03_rgb,0.5199439430392888,0.8997537266738586,0.46782150041110054,0.5199439430392888,0.5199439430392888,0.5199439430392888,0.5199439430392888,0.5199439430392888,0.5199439430392888,0.519618808335577,0.5184172624609336,0.5162586971854684,0.5144264812628656,0.5144264812628656,0.513479546247895,0.5114272614485597,0.506867015917716,0.4917658040728483,0.46354451884963155,0.38633876499301323,0.27769705997627697,0.10707649601691943,0.47163199243506854,0.9745145631067961,0.9745145631067961,0.9745145631067961,0.9745145631067961,0.9745145631067961,0.9745145631067961,0.9721212121212122,0.9697336561743342,0.962605548854041,0.9578820697954272,0.9578820697954272,0.9531812725090036,0.9461722488038278,0.9323040380047506,0.891860465116279,0.8260381593714927,0.6653019447287615,0.447508896797153,0.14820042342978124,0.8672568096916983,0.2774116612905011,0.2774116612905011,0.2774116612905011,0.2774116612905011,0.2774116612905011,0.2774116612905011,0.2777469544018332,0.2771446121378845,0.2768766944434576,0.2762705482951684,0.2762705482951684,0.2766118596947714,0.27643787279054177,0.27556908621264714,0.2711563249121994,0.2601254173524225,0.22434571628552494,0.17232206481567,0.07736398948073024,0.25698482404531714,0.9816625916870416,0.9816625916870416,0.9816625916870416,0.9816625916870416,0.9816625916870416,0.9816625916870416,0.980440097799511,0.9792176039119804,0.9755501222493888,0.9731051344743277,0.9731051344743277,0.9706601466992665,0.9669926650366748,0.9596577017114915,0.9376528117359413,0.8997555012224939,0.7946210268948656,0.6149144254278729,0.2567237163814181,0.9038090335864112,0.992583436341162,0.992583436341162,0.992583436341162,0.992583436341162,0.992583436341162,0.992583436341162,0.9913473423980222,0.9901112484548825,0.9864029666254636,0.9839307787391842,0.9839307787391842,0.9814585908529048,0.9777503090234858,0.9703337453646477,0.9480840543881335,0.9097651421508035,0.8034610630407911,0.6217552533992583,0.2595797280593325,0.9138637694359509,0.27837970849168625,0.27837970849168625,0.27837970849168625,0.27837970849168625,0.27837970849168625,0.27837970849168625,0.27871621862251206,0.2782472114861554,0.2780928587631369,0.27763851038629084,0.27763851038629084,0.2780024752086223,0.2779219846553921,0.2773157994067036,0.27406385985527376,0.26568894423703443,0.23654061145719946,0.18966118238566643,0.09297448969571516,0.2606726793419006,0.981659314496843,0.981659314496843,0.981659314496843,0.981659314496843,0.981659314496843,0.981659314496843,0.9810130044151683,0.9797516232592012,0.9760167043826792,0.9735532872564564,0.9735532872564564,0.97298546281167,0.9698094792062909,0.965379093720482,0.9462239464517834,0.9111466686620433,0.8187452642335555,0.6700010897123939,0.3480423102585099,0.9145356372951445,0.8997537266738586,0.8997537266738586,0.8997537266738586,0.8997537266738586,0.8997537266738586,0.8997537266738586,0.9004394863324419,0.9010765307646441,0.9028548973810909,0.9039223052784567,0.9039223052784567,0.9047293250230052,0.9058207829229759,0.9075180885358909,0.9117453226257606,0.9172531698326876,0.9289389625644379,0.9435993886378894,0.965039424987469,0.9102832815899137,0.5218473439490146,0.5218473439490146,0.5218473439490146,0.5218473439490146,0.5218473439490146,0.5218473439490146,0.5218373799731576,0.5209461421632513,0.5197182824495611,0.5184981090130089,0.5184981090130089,0.5181661010815777,0.5170235926210672,0.5142489629912391,0.5042325757762068,0.48378639425953196,0.4222201125648422,0.32552008152289524,0.14092966647794922,0.4819320828211256,803.0,803.0,803.0,803.0,803.0,803.0,802.0,801.0,798.0,796.0,796.0,794.0,791.0,785.0,767.0,736.0,650.0,503.0,210.0,739.3157894736842,15.0,15.0,15.0,15.0,15.0,15.0,16.0,17.0,20.0,22.0,22.0,24.0,27.0,33.0,51.0,82.0,168.0,315.0,608.0,78.6842105263158,6.0,6.0,6.0,6.0,6.0,6.0,7.0,8.0,11.0,13.0,13.0,15.0,18.0,24.0,42.0,73.0,159.0,306.0,599.0,69.6842105263158,0.9388753056234719,0.9039223052784567,0.9572127139364304,0.9731051344743277,0.9839307787391842,1.0,0.0,0.0,0.8453816075814811,0.9784880147510756,0.02947845804988662,0.9557749495610566,719.5221550016515,796,22,13,15,3,0,0,20.0,441,0.37246465888137675,0.3704156479217604,0.37453646477132263,303,515,506,809,818,17,3
tagging_005_tagging_aria04_rgb,0.5582148290383993,0.8798737409315189,0.49115856986946466,0.5582148290383993,0.5564058443561851,0.5531064133259463,0.5476022305024391,0.5463075201371334,0.5448346926534116,0.5420118534268965,0.53710372757117,0.534466871161381,0.5311647850413895,0.5278874673360092,0.5212642463895689,0.5082362615589245,0.5019568166394884,0.48625522483973804,0.4720645537343467,0.4350179674725759,0.337339695975989,0.12699539201454313,0.49306507332502814,0.9783737024221453,0.9749568221070811,0.9698535745047373,0.9614065180102916,0.9563729683490163,0.9547008547008548,0.9480408858603067,0.9364944961896697,0.9267059814658803,0.9138075313807531,0.9042464612822648,0.8900826446280992,0.865415986949429,0.8488278092158448,0.807905138339921,0.7646604938271605,0.6656955571740714,0.45576066199872695,0.1349875930521092,0.8346471411293875,0.3184915892433907,0.3175396659768352,0.31543597147488606,0.31190573106561403,0.3120664389684716,0.3109296915961708,0.3098778266178569,0.30804282923668047,0.3082475370636782,0.3087477605286982,0.30817392171517666,0.30527099500700383,0.2984739148093478,0.2968336369700383,0.29266325025458845,0.291429915225591,0.2842750413226612,0.2496882244775451,0.11947638466819441,0.29303001716960153,0.9792207792207792,0.9774891774891775,0.9748917748917749,0.9705627705627705,0.9679653679653679,0.9670995670995671,0.9636363636363636,0.9575757575757575,0.9523809523809523,0.9454545454545454,0.9402597402597402,0.9324675324675324,0.9186147186147187,0.9090909090909091,0.8848484848484849,0.858008658008658,0.7913419913419913,0.6199134199134199,0.2354978354978355,0.8813852813852814,0.9991166077738516,0.9973498233215548,0.9946996466431095,0.9902826855123675,0.9876325088339223,0.9867491166077739,0.9832155477031802,0.9770318021201413,0.9717314487632509,0.9646643109540636,0.9593639575971732,0.9514134275618374,0.9372791519434629,0.9275618374558304,0.9028268551236749,0.8754416961130742,0.8074204946996466,0.6325088339222615,0.24028268551236748,0.8992932862190813,0.3314855630849337,0.33084520616942564,0.3293383914283671,0.3267476163543558,0.32702010938686904,0.3261537132623284,0.32540408557451533,0.3241765130829188,0.32461017525379193,0.3252879260856823,0.3250740541878548,0.3229774024023252,0.31778692363678557,0.3166644455900845,0.3138062747179834,0.31350154395491003,0.30923259582521834,0.284362665034139,0.16577804451524408,0.3126449078709333,0.8928400163703918,0.8919306699757139,0.8902509514524208,0.886839771814199,0.8851231680943378,0.8842927515817111,0.8823831258979383,0.8770477406576829,0.8755041019579126,0.8719351380541682,0.8714775226617457,0.8649147156318775,0.8512527885657664,0.8415487923527167,0.8242566605070094,0.8060975988276434,0.7596238677062054,0.6432528177837041,0.2999129672687667,0.8210781666927321,0.8798737409315189,0.8812765749163246,0.8832877418036937,0.8864812782736207,0.8882304630061447,0.8888018033632313,0.8908592473110376,0.8940953142377589,0.896675194682561,0.8997251779278406,0.9017938420469483,0.9045161671744684,0.9087487816052182,0.911191696193415,0.9162781705174525,0.9205751696195449,0.9283056824729533,0.9418734402991343,0.9647751142914094,0.9045981368775934,0.5584564281966655,0.5571279807332287,0.5545411924247494,0.5502036809195743,0.5496085019591297,0.5483611676085923,0.5464517746458247,0.5431154072313674,0.5418201573564689,0.5402841600405931,0.5382968805285216,0.5335309657818272,0.5236244181342411,0.5194696919762047,0.5088837131984139,0.5000493880271091,0.4742981944822282,0.39342735180460525,0.16773917247460882,0.5078573803959976,1131.0,1129.0,1126.0,1121.0,1118.0,1117.0,1113.0,1106.0,1100.0,1092.0,1086.0,1077.0,1061.0,1050.0,1022.0,991.0,914.0,716.0,272.0,1018.0,24.0,26.0,29.0,34.0,37.0,38.0,42.0,49.0,55.0,63.0,69.0,78.0,94.0,105.0,133.0,164.0,241.0,439.0,883.0,137.0,1.0,3.0,6.0,11.0,14.0,15.0,19.0,26.0,32.0,40.0,46.0,55.0,71.0,82.0,110.0,141.0,218.0,416.0,860.0,114.0,0.9437229437229437,0.9013790575538965,0.9558441558441558,0.9679653679653679,0.9876325088339223,1.0,0.0,0.0,0.8482612868790098,0.9777000437254044,0.031746031746031744,0.954851837198547,1007.7417863452563,1118,37,14,14,3,0,0,18.0,441,0.4320069960647136,0.4277056277056277,0.4363957597173145,494,661,638,1132,1155,14,3
tagging_006_tagging_aria01_rgb,0.6729406570611733,0.936430975595037,0.6301624760093597,0.6729406570611733,0.6729406570611733,0.6729406570611733,0.6729406570611733,0.6729406570611733,0.6709998664053414,0.6709998664053414,0.6709998664053414,0.6709998664053414,0.6709998664053414,0.6709998664053414,0.6709998664053414,0.6709998664053414,0.668672276622542,0.668672276622542,0.6584672599409604,0.63166994337449,0.5308381866480018,0.2318127528343637,0.6380439427679736,0.9922720247295209,0.9922720247295209,0.9922720247295209,0.9922720247295209,0.9922720247295209,0.9891975308641975,0.9891975308641975,0.9891975308641975,0.9891975308641975,0.9891975308641975,0.9891975308641975,0.9891975308641975,0.9891975308641975,0.9861325115562404,0.9861325115562404,0.9679389312977099,0.9210134128166915,0.7489823609226595,0.3007063572149344,0.9360971818908242,0.45637599029294795,0.45637599029294795,0.45637599029294795,0.45637599029294795,0.45637599029294795,0.455157647151262,0.455157647151262,0.455157647151262,0.455157647151262,0.455157647151262,0.455157647151262,0.455157647151262,0.455157647151262,0.4534102752762486,0.4534102752762486,0.4479405863269281,0.4332259572012829,0.3762293948506439,0.1787030805545503,0.4350558262189862,0.9938080495356038,0.9938080495356038,0.9938080495356038,0.9938080495356038,0.9938080495356038,0.9922600619195047,0.9922600619195047,0.9922600619195047,0.9922600619195047,0.9922600619195047,0.9922600619195047,0.9922600619195047,0.9922600619195047,0.9907120743034056,0.9907120743034056,0.9814241486068112,0.9566563467492261,0.8544891640866873,0.4613003095975232,0.9548639400358482,0.9984447900466563,0.9984447900466563,0.9984447900466563,0.9984447900466563,0.9984447900466563,0.9968895800933126,0.9968895800933126,0.9968895800933126,0.9968895800933126,0.9968895800933126,0.9968895800933126,0.9968895800933126,0.9968895800933126,0.995334370139969,0.995334370139969,0.9860031104199067,0.9611197511664075,0.8584758942457231,0.463452566096423,0.9593189817467465,0.4569519524879356,0.4569519524879356,0.4569519524879356,0.4569519524879356,0.4569519524879356,0.45611534034051726,0.45611534034051726,0.45611534034051726,0.45611534034051726,0.45611534034051726,0.45611534034051726,0.45611534034051726,0.45611534034051726,0.45492991316543313,0.45492991316543313,0.4512258333188996,0.44194406230683525,0.40417161709537985,0.23245654997118875,0.4407021249572098,0.9984513195115837,0.9984513195115837,0.9984513195115837,0.9984513195115837,0.9984513195115837,0.9968994537402889,0.9968994537402889,0.9968994537402889,0.9968994537402889,0.9968994537402889,0.9968994537402889,0.9968994537402889,0.9968994537402889,0.9953590487919305,0.9953590487919305,0.9862762404809634,0.9621645126657755,0.8655991499998656,0.5087808486793739,0.9621574250994774,0.936430975595037,0.936430975595037,0.936430975595037,0.936430975595037,0.936430975595037,0.9374368876460314,0.9374368876460314,0.9374368876460314,0.9374368876460314,0.9374368876460314,0.9374368876460314,0.9374368876460314,0.9374368876460314,0.9378383841530926,0.9378383841530926,0.9393593154795662,0.9422095897027044,0.9493581321458775,0.9652364981956824,0.9396573833143923,0.6734613075507117,0.6734613075507117,0.6734613075507117,0.6734613075507117,0.6734613075507117,0.6720377631840694,0.6720377631840694,0.6720377631840694,0.6720377631840694,0.6720377631840694,0.6720377631840694,0.6720377631840694,0.6720377631840694,0.6702231227952452,0.6702231227952452,0.6630382406485626,0.6437766394745276,0.5669955388808336,0.28711632901290235,0.6444727177280751,642.0,642.0,642.0,642.0,642.0,641.0,641.0,641.0,641.0,641.0,641.0,641.0,641.0,640.0,640.0,634.0,618.0,552.0,298.0,616.8421052631579,4.0,4.0,4.0,4.0,4.0,5.0,5.0,5.0,5.0,5.0,5.0,5.0,5.0,6.0,6.0,12.0,28.0,94.0,348.0,29.157894736842106,1.0,1.0,1.0,1.0,1.0,2.0,2.0,2.0,2.0,2.0,2.0,2.0,2.0,3.0,3.0,9.0,25.0,91.0,345.0,26.157894736842106,0.978328173374613,0.9374368876460314,0.9891640866873065,0.9922600619195047,0.9968895800933126,1.0,0.0,0.0,0.9162492956363871,0.9945694336695112,0.005390835579514825,0.9878558853869749,600.8970449811061,641,5,2,7,3,0,0,10.0,371,0.5989138867339022,0.5975232198142415,0.6003110419906688,386,260,257,643,646,10,3
tagging_006_tagging_aria02_rgb,0.9105427953333779,0.9165193533712841,0.834530093995829,0.9105427953333779,0.9105427953333779,0.9105427953333779,0.9105427953333779,0.9105427953333779,0.9105427953333779,0.9105427953333779,0.9083151308536838,0.9083151308536838,0.9066410952229326,0.904977141916078,0.8972876601040145,0.8881284407431963,0.8755616923765451,0.8432223465901486,0.8003869324720894,0.728322646338084,0.6066277289443325,0.24389404375628979,0.836077871447617,0.9820415879017014,0.9820415879017014,0.9820415879017014,0.9820415879017014,0.9820415879017014,0.9820415879017014,0.9820415879017014,0.9783018867924528,0.9783018867924528,0.9764373232799246,0.9745762711864406,0.9634831460674157,0.9506976744186046,0.930939226519337,0.8925992779783394,0.8378615249780894,0.7533444816053512,0.6193050193050194,0.24229857819905212,0.8932861796018099,0.8442495637124793,0.8442495637124793,0.8442495637124793,0.8442495637124793,0.8442495637124793,0.8442495637124793,0.8442495637124793,0.8433351586827477,0.8433351586827477,0.841833936443444,0.8403484176703478,0.8356400921605764,0.8296771397272131,0.8234783273914994,0.7965768551812016,0.7645884463889585,0.7041318946659446,0.5942099451044704,0.2455000149894718,0.7827580175303147,0.9829706717123936,0.9829706717123936,0.9829706717123936,0.9829706717123936,0.9829706717123936,0.9829706717123936,0.9829706717123936,0.9810785241248817,0.9810785241248817,0.9801324503311258,0.97918637653737,0.9735099337748344,0.9668874172185431,0.956480605487228,0.935666982024598,0.9044465468306528,0.8524124881740776,0.7587511825922422,0.3869441816461684,0.9230194692028083,0.9990384615384615,0.9990384615384615,0.9990384615384615,0.9990384615384615,0.9990384615384615,0.9990384615384615,0.9990384615384615,0.9971153846153846,0.9971153846153846,0.9961538461538462,0.9951923076923077,0.989423076923077,0.9826923076923076,0.9721153846153846,0.9509615384615384,0.9192307692307692,0.8663461538461539,0.7711538461538462,0.39326923076923076,0.9381072874493929,0.8442503889975091,0.8442503889975091,0.8442503889975091,0.8442503889975091,0.8442503889975091,0.8442503889975091,0.8442503889975091,0.8440385178637582,0.8440385178637582,0.84321781593671,0.8424010491612174,0.8403685984538048,0.8376707081820395,0.8357965943361704,0.8209363947840549,0.8038433718228118,0.7677668092234784,0.6968841934096038,0.3739909603273963,0.8031950660182824,0.9991250328112695,0.9991250328112695,0.9991250328112695,0.9991250328112695,0.9991250328112695,0.9991250328112695,0.9991250328112695,0.997224727650323,0.997224727650323,0.9962665151423542,0.9953129354695351,0.9897620285999221,0.9834741777027075,0.9749228015297039,0.9558687802549481,0.9272248487648801,0.8775644292815284,0.7884246783160548,0.4216944843331043,0.9420442297039091,0.9165193533712841,0.9165193533712841,0.9165193533712841,0.9165193533712841,0.9165193533712841,0.9165193533712841,0.9165193533712841,0.9175659660416451,0.9175659660416451,0.918003014657963,0.9184029604285453,0.9204379646387402,0.9223955157868176,0.9251154675692084,0.9294450673647511,0.9346254336832747,0.9411500267556255,0.9487585205699676,0.965676471168611,0.9249883078055675,0.9109734138466122,0.9109734138466122,0.9109734138466122,0.9109734138466122,0.9109734138466122,0.9109734138466122,0.9109734138466122,0.9096032172453509,0.9096032172453509,0.9083549740592661,0.9071150545148836,0.9019445275508019,0.8956586329378584,0.8874914361215162,0.863325351207782,0.8315824553723504,0.7747327412307584,0.6714592307475475,0.30821226840316274,0.8497840528191007,1039.0,1039.0,1039.0,1039.0,1039.0,1039.0,1039.0,1037.0,1037.0,1036.0,1035.0,1029.0,1022.0,1011.0,989.0,956.0,901.0,802.0,409.0,975.6315789473684,18.0,18.0,18.0,18.0,18.0,18.0,18.0,20.0,20.0,21.0,22.0,28.0,35.0,46.0,68.0,101.0,156.0,255.0,648.0,81.36842105263158,1.0,1.0,1.0,1.0,1.0,1.0,1.0,3.0,3.0,4.0,5.0,11.0,18.0,29.0,51.0,84.0,139.0,238.0,631.0,64.36842105263158,0.9706717123935666,0.9176490551543472,0.978240302743614,0.9810785241248817,0.9971153846153846,1.0,0.0,0.0,0.8898789689641041,0.989031950405341,0.008086253369272238,0.9773859129735175,951.6020701950581,1037,20,3,8,3,0,0,11.0,371,0.910824988078207,0.9035004730368968,0.9182692307692307,955,102,85,1040,1057,10,3
tagging_006_tagging_aria03_rgb,0.6735504389064669,0.9071789524381382,0.6110307815814169,0.6735504389064669,0.6735504389064669,0.6735504389064669,0.6735504389064669,0.6729138225119372,0.6729138225119372,0.6718799756239436,0.666851634424175,0.6629690868210875,0.6603893688494202,0.6572090044093618,0.6556035069335678,0.6526638815218313,0.6507911251868406,0.6429159167536169,0.6222075239408275,0.5645916593676334,0.4187702839501986,0.0984378017865568,0.6139636931694107,0.9728915662650602,0.9728915662650602,0.9728915662650602,0.9728915662650602,0.970912738214644,0.970912738214644,0.9669669669669669,0.9552238805970149,0.9513406156901688,0.9474727452923687,0.941699604743083,0.9359605911330049,0.9283611383709519,0.9227005870841487,0.9096209912536443,0.875,0.784741144414169,0.5669856459330144,0.12221587664191891,0.8758779752426307,0.4663111589020536,0.4663111589020536,0.4663111589020536,0.4663111589020536,0.4663786916219463,0.4663786916219463,0.4668439740608558,0.46553599775610893,0.4620090878402394,0.4602919932591419,0.45866396598369935,0.45922441860857544,0.4588409883147598,0.45901031661891517,0.4544100015166484,0.4424482318269433,0.4062024071204572,0.30929980675462926,0.07928594129353783,0.43052995525297993,0.9778002018163471,0.9778002018163471,0.9778002018163471,0.9778002018163471,0.9767911200807265,0.9767911200807265,0.9747729566094854,0.9687184661957619,0.9667003027245207,0.9646821392532795,0.9616548940464178,0.958627648839556,0.9545913218970736,0.9515640766902119,0.9445005045408678,0.9253279515640767,0.8718466195761857,0.7174571140262361,0.21594349142280525,0.9074300281480695,0.9948665297741273,0.9948665297741273,0.9948665297741273,0.9948665297741273,0.9938398357289527,0.9938398357289527,0.9917864476386037,0.9856262833675564,0.9835728952772074,0.9815195071868583,0.9784394250513347,0.9753593429158111,0.971252566735113,0.9681724845995893,0.9609856262833676,0.9414784394250514,0.8870636550308009,0.7299794661190965,0.21971252566735114,0.9232681292553767,0.4668288173011069,0.4668288173011069,0.4668288173011069,0.4668288173011069,0.4669311392662783,0.4669311392662783,0.46744230103023743,0.4670140233827493,0.4647295984602633,0.46365746796079105,0.46269865403970273,0.46333449471986793,0.4632184522181993,0.46349655992729827,0.46042218976131544,0.4526991057419879,0.42788080013285823,0.3540545685797438,0.11275899410314655,0.43813603988395494,0.9950594680956838,0.9950594680956838,0.9950594680956838,0.9950594680956838,0.9940382417637815,0.9940382417637815,0.9922282935205529,0.9879255483367285,0.9858429143115925,0.9838467247112352,0.9808613635562263,0.9793002145193769,0.9755307711945599,0.9726775728175865,0.9656777352826103,0.9484853954088625,0.894772805475178,0.741046515480439,0.2973885930540393,0.9302052001883834,0.9071789524381382,0.9071789524381382,0.9071789524381382,0.9071789524381382,0.9078786943742179,0.9078786943742179,0.9090766643353941,0.912406576463617,0.9134095435304266,0.9143159769175317,0.9155842344382241,0.9166164946642625,0.9177872702924084,0.9185118828153562,0.9199267315673955,0.9227556001746072,0.9284699923426247,0.938928797999237,0.9634497019901214,0.9176690876859048,0.6752474696610441,0.6752474696610441,0.6752474696610441,0.6752474696610441,0.6749478235917089,0.6749478235917089,0.674586451739599,0.6715454695738863,0.6682995773428554,0.6663598612899678,0.6641358653249831,0.6634947058571384,0.6618199344050814,0.6608916160194195,0.6551263051510685,0.6398513233787777,0.5951018362529896,0.4710725493202176,0.13084832052292503,0.624948386421395,969.0,969.0,969.0,969.0,968.0,968.0,966.0,960.0,958.0,956.0,953.0,950.0,946.0,943.0,936.0,917.0,864.0,711.0,214.0,899.2631578947369,22.0,22.0,22.0,22.0,23.0,23.0,25.0,31.0,33.0,35.0,38.0,41.0,45.0,48.0,55.0,74.0,127.0,280.0,777.0,91.73684210526316,5.0,5.0,5.0,5.0,6.0,6.0,8.0,14.0,16.0,18.0,21.0,24.0,28.0,31.0,38.0,57.0,110.0,263.0,760.0,74.73684210526316,0.9465186680121089,0.9133330458843595,0.9566094853683148,0.9697275479313825,0.9866529774127311,1.0,0.0,0.0,0.8624753351108673,0.978117048346056,0.03504043126684636,0.9556004036326943,877.7130570948694,961,30,13,10,3,0,0,13.0,371,0.5801526717557252,0.5751765893037336,0.5852156057494866,570,421,404,974,991,12,3
tagging_006_tagging_aria04_rgb,0.5527191767506348,0.9161671413159115,0.506383148114113,0.5527191767506348,0.5527191767506348,0.5527191767506348,0.5527191767506348,0.5527191767506348,0.5527191767506348,0.5527191767506348,0.5522732144181681,0.5522732144181681,0.5493578213350493,0.5455260860045048,0.5401350745667869,0.539717146320104,0.5274485812221142,0.5149089224551276,0.5023877466980797,0.47018761735449544,0.3919063552853186,0.14140919681580216,0.5103455375867454,0.9852579852579852,0.9852579852579852,0.9852579852579852,0.9852579852579852,0.9852579852579852,0.9852579852579852,0.9852579852579852,0.9828220858895705,0.9828220858895705,0.97796817625459,0.9707317073170731,0.9587878787878787,0.9564164648910412,0.9307048984468339,0.9034157832744405,0.8747099767981439,0.7935627081021087,0.6192384769539078,0.20597014925373133,0.8975766467718308,0.3100695380488655,0.3100695380488655,0.3100695380488655,0.3100695380488655,0.3100695380488655,0.3100695380488655,0.3100695380488655,0.31033663950246865,0.31033663950246865,0.3085928797988078,0.30657153595394904,0.30428617761219534,0.30456878224602923,0.29891537725597705,0.29347638521759023,0.288545294700141,0.27858717812260303,0.24803140797798756,0.09708475240971363,0.29051683245484156,0.9938042131350682,0.9938042131350682,0.9938042131350682,0.9938042131350682,0.9938042131350682,0.9938042131350682,0.9938042131350682,0.9925650557620818,0.9925650557620818,0.990086741016109,0.9863692688971499,0.9801734820322181,0.9789343246592317,0.9653035935563816,0.9504337050805453,0.9343246592317225,0.885997521685254,0.7657992565055762,0.3420074349442379,0.9326941890041089,0.9913473423980222,0.9913473423980222,0.9913473423980222,0.9913473423980222,0.9913473423980222,0.9913473423980222,0.9913473423980222,0.9901112484548825,0.9901112484548825,0.9876390605686032,0.9839307787391842,0.9777503090234858,0.9765142150803461,0.9629171817058096,0.9480840543881335,0.9320148331273177,0.8838071693448702,0.7639060568603214,0.3411619283065513,0.9303883937284496,0.3114121032108077,0.3114121032108077,0.3114121032108077,0.3114121032108077,0.3114121032108077,0.3114121032108077,0.3114121032108077,0.31168343335832144,0.31168343335832144,0.310370408325932,0.3088223705393012,0.3071306058577111,0.30741793653243943,0.30296809282277676,0.29859921467765616,0.29468579821029356,0.2868947752789216,0.26203355240325404,0.11781607865250494,0.294736338025952,0.984492437009478,0.984492437009478,0.984492437009478,0.984492437009478,0.984492437009478,0.984492437009478,0.984492437009478,0.9833138115518477,0.9833138115518477,0.9808102889915765,0.9772364708814384,0.971441341278755,0.9705914478590356,0.9578320343980785,0.9479722738739246,0.9335150551365742,0.8959972648878126,0.806719095392239,0.3780035402346871,0.9304312365844297,0.9161671413159115,0.9161671413159115,0.9161671413159115,0.9161671413159115,0.9161671413159115,0.9161671413159115,0.9161671413159115,0.9168269328989063,0.9168269328989063,0.9179278193326368,0.9194055761603291,0.9215478590201666,0.9219339343351227,0.9254153281140566,0.9285396897688161,0.9311071745322134,0.9367230007139316,0.9461866292661741,0.9638940776891931,0.9241844707337806,0.5551111719987329,0.5551111719987329,0.5551111719987329,0.5551111719987329,0.5551111719987329,0.5551111719987329,0.5551111719987329,0.5550038773673431,0.5550038773673431,0.5527510458251322,0.5499024838856186,0.5461256652496927,0.5460337307898673,0.5371629993162748,0.528138095724972,0.5192253693182048,0.49681742057813827,0.43582366597005046,0.18221884409643965,0.520525541025274,802.0,802.0,802.0,802.0,802.0,802.0,802.0,801.0,801.0,799.0,796.0,791.0,790.0,779.0,767.0,754.0,715.0,618.0,276.0,752.6842105263158,5.0,5.0,5.0,5.0,5.0,5.0,5.0,6.0,6.0,8.0,11.0,16.0,17.0,28.0,40.0,53.0,92.0,189.0,531.0,54.31578947368421,7.0,7.0,7.0,7.0,7.0,7.0,7.0,8.0,8.0,10.0,13.0,18.0,19.0,30.0,42.0,55.0,94.0,191.0,533.0,56.31578947368421,0.9615861214374225,0.9179278193326368,0.9776951672862454,0.990086741016109,0.9876390605686032,1.0,0.0,0.0,0.8803275435523875,0.9888613861386139,0.026954177897574125,0.9763148161681452,733.4243276467768,799,8,10,13,3,0,0,17.0,371,0.4368811881188119,0.43742255266418834,0.4363411619283066,353,454,456,809,807,15,3
tagging_007_tagging_aria01_rgb,0.4000069350248456,0.9063530390164554,0.36254750118742657,0.4000069350248456,0.4000069350248456,0.4000069350248456,0.4000069350248456,0.4000069350248456,0.4000069350248456,0.3989498245008489,0.3989498245008489,0.39825842683350954,0.39614985344499776,0.39258265678063087,0.3893482437053229,0.3814651290751687,0.37415604538165365,0.36141481933834485,0.3421976316204979,0.31237637817508823,0.25247423891323717,0.10214865778135956,0.3631849126421359,0.9812734082397003,0.9812734082397003,0.9812734082397003,0.9812734082397003,0.9812734082397003,0.9812734082397003,0.9788029925187033,0.9788029925187033,0.9763387297633873,0.9714285714285714,0.9616810877626699,0.9520295202952029,0.9306569343065694,0.9085989176187613,0.8725663716814159,0.8157894736842105,0.7259380097879282,0.5558823529411765,0.19548022598870057,0.8795598226175896,0.16305908906163463,0.16305908906163463,0.16305908906163463,0.16305908906163463,0.16305908906163463,0.16305908906163463,0.16260776038260513,0.16260776038260513,0.1624536338759607,0.16155043304286065,0.16026221620256473,0.15923041423065773,0.15635798685447774,0.15407540508911055,0.14969711861077722,0.14354097823528267,0.13441781574475203,0.11467038120126054,0.053378024471572125,0.1501686559312787,0.986198243412798,0.986198243412798,0.986198243412798,0.986198243412798,0.986198243412798,0.986198243412798,0.9849435382685069,0.9849435382685069,0.9836888331242158,0.9811794228356336,0.9761606022584692,0.9711417816813049,0.9598494353826851,0.9479297365119197,0.9278544542032622,0.8946047678795483,0.8375156838143036,0.7114178168130489,0.32559598494353825,0.9160007924453545,0.9949367088607595,0.9949367088607595,0.9949367088607595,0.9949367088607595,0.9949367088607595,0.9949367088607595,0.9936708860759493,0.9936708860759493,0.9924050632911392,0.9898734177215189,0.9848101265822785,0.979746835443038,0.9683544303797469,0.9563291139240506,0.9360759493670886,0.9025316455696203,0.8449367088607594,0.7177215189873418,0.3284810126582278,0.9241172551632244,0.16327117020055176,0.16327117020055176,0.16327117020055176,0.16327117020055176,0.16327117020055176,0.16327117020055176,0.16288845780667816,0.16288845780667816,0.16277351044197833,0.16200900999958406,0.16092320265873353,0.16009200025793807,0.1576651444172125,0.15576559515594476,0.15201911870050594,0.14668869924126163,0.13846774668274203,0.1201754893495484,0.05870625570222087,0.15161524786443878,0.9665006287293058,0.9665006287293058,0.9665006287293058,0.9665006287293058,0.9665006287293058,0.9665006287293058,0.965194139417932,0.965194139417932,0.9642082961798233,0.9616228222777753,0.9565494164147598,0.9520076630579071,0.9420888002094436,0.930107860067968,0.9117313161289676,0.8809264277775928,0.8384457566419509,0.7446548751410569,0.4255891618290458,0.9072276024704203,0.9063530390164554,0.9063530390164554,0.9063530390164554,0.9063530390164554,0.9063530390164554,0.9063530390164554,0.9070947032447909,0.9070947032447909,0.9077254747814417,0.9088441357131176,0.9108080180632245,0.9125664087355853,0.9158902794337417,0.9189273136759174,0.9230995552834688,0.9284979480299955,0.9354528963442201,0.9452988594518625,0.9652264274845757,0.9170865767150246,0.4010094602438639,0.4010094602438639,0.4010094602438639,0.4010094602438639,0.4010094602438639,0.4010094602438639,0.4001992789363327,0.4001992789363327,0.3997547067192985,0.398133094142952,0.395527067958152,0.39323696186118257,0.38740176225701883,0.382168363616205,0.3726890638111128,0.358346820155249,0.33552500483613895,0.28561959359840994,0.13183197810911362,0.3708784071789833,1572.0,1572.0,1572.0,1572.0,1572.0,1572.0,1570.0,1570.0,1568.0,1564.0,1556.0,1548.0,1530.0,1511.0,1479.0,1426.0,1335.0,1134.0,519.0,1460.1052631578948,22.0,22.0,22.0,22.0,22.0,22.0,24.0,24.0,26.0,30.0,38.0,46.0,64.0,83.0,115.0,168.0,259.0,460.0,1075.0,133.89473684210526,8.0,8.0,8.0,8.0,8.0,8.0,10.0,10.0,12.0,16.0,24.0,32.0,50.0,69.0,101.0,154.0,245.0,446.0,1061.0,119.89473684210526,0.9523212045169385,0.9088441357131176,0.9711417816813049,0.9811794228356336,0.9898734177215189,1.0,0.0,0.0,0.8628809462078519,0.9855072463768116,0.0223463687150838,0.9702151058627857,1421.432228255316,1564,30,16,30,3,0,0,32.0,716,0.2526780088216761,0.25156838143036386,0.2537974683544304,401,1193,1179,1580,1594,31,3
tagging_007_tagging_aria02_rgb,0.5546504768423319,0.9130337142662335,0.5064145849908919,0.5546504768423319,0.5546504768423319,0.5546504768423319,0.5546504768423319,0.5546504768423319,0.5546504768423319,0.5544775137421922,0.5544775137421922,0.554017444943963,0.5529708222450883,0.5513195828756953,0.5495763886350138,0.5457039944599266,0.5406246385397007,0.5292513647740932,0.5046529167493766,0.4583822328807811,0.3470234181684049,0.12031778556082984,0.5100367620195394,0.9862357869539198,0.9862357869539198,0.9862357869539198,0.9862357869539198,0.9862357869539198,0.9862357869539198,0.9850478468899522,0.9850478468899522,0.9838613269575612,0.979129397734049,0.972073677956031,0.9662322274881516,0.9546525323910483,0.9443468072642062,0.9162817551963048,0.8730248306997742,0.7824919441460795,0.5819828408007627,0.17611622962437987,0.895668630829567,0.3119306311238126,0.3119306311238126,0.3119306311238126,0.3119306311238126,0.3119306311238126,0.3119306311238126,0.3121120605627497,0.3121120605627497,0.31197011295421784,0.3122945046508185,0.31268543666499643,0.3125896635949326,0.31193846919743623,0.3094996430844186,0.3056996448163807,0.2917151464976299,0.2685194052062285,0.20692234257557815,0.08219781648254103,0.29062316282071327,0.9909801563439568,0.9909801563439568,0.9909801563439568,0.9909801563439568,0.9909801563439568,0.9909801563439568,0.9903788334335538,0.9903788334335538,0.9897775105231509,0.9873722188815394,0.9837642814191221,0.9807576668671076,0.9747444377630787,0.9693325315694528,0.9542994588093806,0.9302465423932652,0.8761274804570054,0.7342152736019242,0.2988574864702345,0.9266386049308478,0.9951690821256038,0.9951690821256038,0.9951690821256038,0.9951690821256038,0.9951690821256038,0.9951690821256038,0.9945652173913043,0.9945652173913043,0.9939613526570048,0.9915458937198067,0.9879227053140096,0.9849033816425121,0.9788647342995169,0.9734299516908212,0.9583333333333334,0.9341787439613527,0.8798309178743962,0.7373188405797102,0.3001207729468599,0.9305555555555555,0.3205851176203534,0.3205851176203534,0.3205851176203534,0.3205851176203534,0.3205851176203534,0.3205851176203534,0.32077181835647045,0.32077181835647045,0.32067086371126624,0.3210311462803316,0.32150470024505456,0.32161235587255327,0.32142140942620134,0.3197334594466727,0.3172163063963068,0.30706979997512623,0.28928548774248797,0.23530509543007433,0.10439299757604452,0.30233147181774633,0.9180747005514207,0.9180747005514207,0.9180747005514207,0.9180747005514207,0.9180747005514207,0.9180747005514207,0.917620182053476,0.917620182053476,0.9169664211119386,0.9147341022027513,0.9113665526510794,0.909019112747265,0.9046282460516074,0.8995986162130084,0.8908773079989287,0.8668795553717455,0.8232244306607204,0.7138686858322112,0.3591321937770408,0.865999146949146,0.9130337142662335,0.9130337142662335,0.9130337142662335,0.9130337142662335,0.9130337142662335,0.9130337142662335,0.9133778070289847,0.9133778070289847,0.913677697259887,0.9147596886173158,0.9162391630140853,0.9172971818867183,0.9191264585913324,0.9204948707775039,0.9235212085369428,0.9272698562833548,0.9333463433046245,0.9435017842827791,0.9641130176479819,0.9209634299925209,0.5559829724007246,0.5559829724007246,0.5559829724007246,0.5559829724007246,0.5559829724007246,0.5559829724007246,0.555975879369491,0.555975879369491,0.5556806652722874,0.5552935421933068,0.5546248857660145,0.5536918900924414,0.5514166190590654,0.547729926652599,0.5401194364272517,0.5209289840210133,0.48503322560124346,0.3897762747634586,0.15673363655359313,0.5188883515550319,1648.0,1648.0,1648.0,1648.0,1648.0,1648.0,1647.0,1647.0,1646.0,1642.0,1636.0,1631.0,1621.0,1612.0,1587.0,1547.0,1457.0,1221.0,497.0,1541.0,15.0,15.0,15.0,15.0,15.0,15.0,16.0,16.0,17.0,21.0,27.0,32.0,42.0,51.0,76.0,116.0,206.0,442.0,1166.0,122.0,8.0,8.0,8.0,8.0,8.0,8.0,9.0,9.0,10.0,14.0,20.0,25.0,35.0,44.0,69.0,109.0,199.0,435.0,1159.0,115.0,0.9675285628382442,0.9147596886173158,0.9789536981358989,0.9873722188815394,0.9915458937198067,1.0,0.0,0.0,0.8833646474501698,0.9894546550165713,0.019553072625698324,0.9781847542988859,1502.0354087096325,1642,21,14,19,3,0,0,25.0,716,0.4802651401024405,0.4792543595911004,0.48128019323671495,797,866,859,1656,1663,22,3
tagging_007_tagging_aria03_rgb,0.4486460059906823,0.9080448986191427,0.4073907170256924,0.4486460059906823,0.4486460059906823,0.4486460059906823,0.4486460059906823,0.44832999862373113,0.4481605205886487,0.4481605205886487,0.4480035249449811,0.44753872333087213,0.44520235129555785,0.4429029587526627,0.44175277649433553,0.43491036348834194,0.428326813548455,0.42117737303172187,0.4073795454193732,0.37609728148331967,0.28681444500815284,0.09233075566584531,0.41114063032775666,0.9778968519758875,0.9778968519758875,0.9778968519758875,0.9778968519758875,0.9765729585006694,0.9752508361204013,0.9752508361204013,0.9739304812834224,0.9712950600801068,0.9660452729693741,0.9595222295952223,0.9543348775645268,0.933857236411264,0.9150453955901426,0.891736066623959,0.850250626566416,0.7629850746268657,0.5616076150185088,0.15667841754798276,0.880839494343306,0.2058327913467447,0.2058327913467447,0.2058327913467447,0.2058327913467447,0.20582157832278025,0.20594481417034394,0.20594481417034394,0.20607955313056964,0.20621015910871418,0.20517168205777958,0.20443823480214202,0.20448326905799344,0.20254383314138902,0.20049700275935609,0.19892699891066187,0.19518726460254082,0.18538916401257055,0.14647687044383048,0.05441061107995461,0.1921503692188394,0.9844908968307485,0.9844908968307485,0.9844908968307485,0.9844908968307485,0.9838165879973028,0.983142279163857,0.983142279163857,0.9824679703304113,0.9811193526635199,0.978422117329737,0.9750505731625084,0.9723533378287256,0.961564396493594,0.9514497639919083,0.9386378961564397,0.9150370869858395,0.8617666891436278,0.7161159811193527,0.26972353337828725,0.9153564964332611,0.9931972789115646,0.9931972789115646,0.9931972789115646,0.9931972789115646,0.992517006802721,0.9918367346938776,0.9918367346938776,0.991156462585034,0.9897959183673469,0.9870748299319728,0.9836734693877551,0.9809523809523809,0.9700680272108844,0.9598639455782313,0.9469387755102041,0.9231292517006803,0.8693877551020408,0.7224489795918367,0.272108843537415,0.9234514858575007,0.20621312486821872,0.20621312486821872,0.20621312486821872,0.20621312486821872,0.2062096605222519,0.206333153470724,0.206333153470724,0.20646807904709788,0.20660529999556926,0.20576094839575507,0.205207510812231,0.20528090499840768,0.20375866225098863,0.20213622001244422,0.20097943495137036,0.19802171082194092,0.1899731269588229,0.1555874400058703,0.06183598726076358,0.19396546276041243,0.9910910795684588,0.9910910795684588,0.9910910795684588,0.9910910795684588,0.9904125045198617,0.9902001674173374,0.9902001674173374,0.9905366122817282,0.9897819088850938,0.9870704007548982,0.9837289528999628,0.9812098622320131,0.9712695467060543,0.9625786844069227,0.9513950432179178,0.9331764517728482,0.8897924858540839,0.7566642279079618,0.36750566471553425,0.9315729999612309,0.9080448986191427,0.9080448986191427,0.9080448986191427,0.9080448986191427,0.9084982058119183,0.9089390234541816,0.9089390234541816,0.9093151641669056,0.9099852769473298,0.9112034805361103,0.9125353712190905,0.9134378557122479,0.916659876048529,0.9192238259513351,0.9219809699942985,0.9257614579662231,0.9318325752136539,0.9422382197003722,0.9648408185712779,0.9177668810118015,0.45015609442740306,0.45015609442740306,0.45015609442740306,0.45015609442740306,0.4499896475717383,0.44997005898771636,0.44997005898771636,0.44996284323351515,0.4497963737263598,0.44804521153012705,0.44647241574386215,0.4459035649091284,0.441315010710149,0.43676403922080664,0.4321115825180089,0.4226151748560897,0.39970264706931563,0.32387409249456184,0.12114380823532478,0.41938215302652804,1460.0,1460.0,1460.0,1460.0,1459.0,1458.0,1458.0,1457.0,1455.0,1451.0,1446.0,1442.0,1426.0,1411.0,1392.0,1357.0,1278.0,1062.0,400.0,1357.4736842105262,23.0,23.0,23.0,23.0,24.0,25.0,25.0,26.0,28.0,32.0,37.0,41.0,57.0,72.0,91.0,126.0,205.0,421.0,1083.0,125.52631578947368,10.0,10.0,10.0,10.0,11.0,12.0,12.0,13.0,15.0,19.0,24.0,28.0,44.0,59.0,78.0,113.0,192.0,408.0,1070.0,112.52631578947368,0.9501011463250169,0.9112034805361103,0.9656102494942683,0.978422117329737,0.9870748299319728,1.0,0.0,0.0,0.8632206677396467,0.9827294277006434,0.02653631284916201,0.9646920243856928,1322.156250257896,1451,32,19,23,3,0,0,26.0,716,0.34541144598713175,0.34389750505731626,0.3469387755102041,510,973,960,1470,1483,26,3
tagging_007_tagging_aria04_rgb,0.4805799402069542,0.9149440193799928,0.43970374212634733,0.4805799402069542,0.4805799402069542,0.4800369085766319,0.4798112754960344,0.4795907205154865,0.4784219678789805,0.47749389900601064,0.47677586617158396,0.47562273163975394,0.47562273163975394,0.4743731886058404,0.4733356600892757,0.4710893500200714,0.4630039161894714,0.45529459288822904,0.4433131330389054,0.4176749179076327,0.3360145223649461,0.1381527431942353,0.445094105559829,0.9914728682170543,0.9914728682170543,0.9899302865995352,0.9883900928792569,0.9868522815158546,0.9807247494217425,0.9761538461538461,0.9731182795698925,0.9670750382848392,0.9670750382848392,0.9625668449197861,0.958079268292683,0.9521276595744681,0.9330323551542513,0.9157345264727815,0.887582659808964,0.8194050991501416,0.6363057324840764,0.22742474916387959,0.9002381181139445,0.23294341815388775,0.23294341815388775,0.23277945600327876,0.23292307536438986,0.23307161924098793,0.2333861559873487,0.23357017388837742,0.23359465271183166,0.23391874869779458,0.23391874869779458,0.23378108570405282,0.23384980191817126,0.23308342475999255,0.22975904878598388,0.22636818894631863,0.2214177257215334,0.21290120995107747,0.17743948148851282,0.08392305816434713,0.22029328907050366,0.9914728682170543,0.9914728682170543,0.9906976744186047,0.9899224806201551,0.9891472868217054,0.986046511627907,0.9837209302325581,0.982170542635659,0.9790697674418605,0.9790697674418605,0.9767441860465116,0.9744186046511628,0.9713178294573643,0.9612403100775194,0.951937984496124,0.9364341085271318,0.8968992248062015,0.7744186046511627,0.3689922480620155,0.9302733578131375,1.0,1.0,0.9992181391712275,0.9984362783424551,0.9976544175136826,0.9945269741985927,0.9921813917122753,0.9906176700547302,0.9874902267396404,0.9874902267396404,0.9851446442533229,0.9827990617670055,0.9796716184519155,0.9695074276778733,0.9601250977326036,0.944487881157154,0.9046129788897577,0.781078967943706,0.3721657544956998,0.9382741450969097,0.23340769253310759,0.23340769253310759,0.23326991268851757,0.23341421852894173,0.23356326755153023,0.23390381535830865,0.2341123802571015,0.2341602363809528,0.2345085421952825,0.2345085421952825,0.23441272675957986,0.23453371610529927,0.2339678275677377,0.23138305504723852,0.22872005422400343,0.22488374535513425,0.21829314644481668,0.18821253823477846,0.09763322647659184,0.22264717560196381,0.9796270738457168,0.9796270738457168,0.9789580452107828,0.9783934078147066,0.9779846252189501,0.9770357579729442,0.9769789870254421,0.9768736645307678,0.9755296485224405,0.9755296485224405,0.9737549336706742,0.9729975424634131,0.9715701007327732,0.9616024991954527,0.9536459135888322,0.9391872097549708,0.9059432665398219,0.790963286139424,0.416993721044783,0.9296419160863184,0.9149440193799928,0.9149440193799928,0.9155539297849806,0.9161386503877919,0.9166945999513294,0.918683299204081,0.9200873575458195,0.9209183812846263,0.9224327588176864,0.9224327588176864,0.9234098492011094,0.9242150335821542,0.925151288852849,0.927685150855386,0.9296373375063924,0.932103086911684,0.9368219668972736,0.9460052406188997,0.9647239690971235,0.9259254051619399,0.4805799402069542,0.4805799402069542,0.48022293334958105,0.48018307816747574,0.48014806029740953,0.47971825582686733,0.47934107765979644,0.478988295066558,0.4785632402178846,0.4785632402178846,0.4778538649724148,0.4773547922489679,0.4758130790766106,0.46995069879526197,0.46420736480542435,0.455349437902529,0.43697932464296724,0.3706918338247552,0.1759743103305188,0.45268751409562186,1279.0,1279.0,1278.0,1277.0,1276.0,1272.0,1269.0,1267.0,1263.0,1263.0,1260.0,1257.0,1253.0,1240.0,1228.0,1208.0,1157.0,999.0,476.0,1200.0526315789473,11.0,11.0,12.0,13.0,14.0,18.0,21.0,23.0,27.0,27.0,30.0,33.0,37.0,50.0,62.0,82.0,133.0,291.0,814.0,89.94736842105263,0.0,0.0,1.0,2.0,3.0,7.0,10.0,12.0,16.0,16.0,19.0,22.0,26.0,39.0,51.0,71.0,122.0,280.0,803.0,78.94736842105263,0.9705426356589147,0.921479408778804,0.9868217054263566,0.9891472868217054,0.9976544175136826,1.0,0.0,0.0,0.8928742058928325,0.9933826391592059,0.004189944134078212,0.9857967292288884,1175.8077256017539,1276,14,3,21,3,0,0,19.0,716,0.33164655507979757,0.3302325581395349,0.33307271305707586,426,864,853,1279,1290,22,3
tagging_008_tagging_aria01_rgb,0.616268353145335,0.8825601464691369,0.5438938880162407,0.616268353145335,0.616268353145335,0.6122683578179238,0.6100322864992653,0.6100322864992653,0.6072982198724001,0.6072982198724001,0.6046192943748224,0.6046192943748224,0.6046192943748224,0.5956539938719281,0.5783119679297714,0.5685072274825774,0.5480304385353113,0.5206059922523245,0.49759998470584377,0.42255362242096356,0.3284589721470792,0.11416476342289025,0.5403795222497411,0.945859872611465,0.945859872611465,0.9396825396825397,0.9274447949526814,0.9274447949526814,0.9213836477987422,0.9213836477987422,0.9153605015673981,0.9153605015673981,0.9153605015673981,0.9034267912772586,0.8742331288343558,0.8571428571428571,0.8238805970149253,0.7761627906976745,0.7259887005649718,0.6164021164021164,0.45823389021479716,0.14634146341463414,0.8135238426670581,0.40152531478039555,0.40152531478039555,0.3989353065043682,0.40125233609242317,0.40125233609242317,0.40027965412811994,0.40027965412811994,0.39936668722797364,0.39936668722797364,0.39936668722797364,0.3927309703910373,0.3825578340833768,0.3770672123165815,0.3645399134891445,0.3491929817009191,0.3410600531200646,0.2896673438814059,0.23543718325448282,0.08906288691726409,0.35918243986023385,0.9867109634551495,0.9867109634551495,0.9833887043189369,0.9767441860465116,0.9767441860465116,0.973421926910299,0.973421926910299,0.9700996677740864,0.9700996677740864,0.9700996677740864,0.9634551495016611,0.946843853820598,0.9368770764119602,0.9169435215946844,0.8870431893687708,0.8538205980066446,0.7740863787375415,0.6378737541528239,0.2591362126245847,0.8917642944570732,0.9580645161290322,0.9580645161290322,0.9548387096774194,0.9483870967741935,0.9483870967741935,0.9451612903225807,0.9451612903225807,0.9419354838709677,0.9419354838709677,0.9419354838709677,0.9354838709677419,0.9193548387096774,0.9096774193548387,0.8903225806451613,0.8612903225806452,0.8290322580645161,0.7516129032258064,0.6193548387096774,0.25161290322580643,0.8658743633276739,0.4015347271161225,0.4015347271161225,0.39968966059082345,0.40201313083372886,0.40201313083372886,0.40134137629970634,0.40134137629970634,0.4007048423064671,0.4007048423064671,0.4007048423064671,0.39604383854584335,0.38903168774649804,0.3849510693276155,0.37560386473429946,0.3648927213076677,0.3596808735257744,0.31853644741657516,0.2717720445736434,0.11781951898230968,0.3678902485352403,0.992063492063492,0.992063492063492,0.9886995008946227,0.985707174856005,0.985707174856005,0.9823110586242193,0.9823110586242193,0.9790233989198239,0.9790233989198239,0.9790233989198239,0.9721519864768633,0.9592449648753576,0.9493094882768935,0.929787272766688,0.9063954356153364,0.8818232213426724,0.7998788655160766,0.6716584818640574,0.29901726756762737,0.9060631648970053,0.8825601464691369,0.8825601464691369,0.8851581846585609,0.8898535663066346,0.8898535663066346,0.8919584682677584,0.8919584682677584,0.8937697051775313,0.8937697051775313,0.8937697051775313,0.8963143366979288,0.9018517252961122,0.904889569832664,0.9099079459191178,0.9164620997850111,0.9220290398360117,0.9321734908158231,0.9442225207809347,0.9641271776152888,0.9045889246766898,0.6294358030797075,0.6294358030797075,0.6263453314030596,0.6260358507432743,0.6260358507432743,0.6242122973991961,0.6242122973991961,0.6224351296319117,0.6224351296319117,0.6224351296319117,0.6151249269799016,0.601849261802958,0.5943615292782388,0.5781544015542541,0.556551216145625,0.5396333000391577,0.47352671019033304,0.3875296117069034,0.1519191205910286,0.565877300054292,297.0,297.0,296.0,294.0,294.0,293.0,293.0,292.0,292.0,292.0,290.0,285.0,282.0,276.0,267.0,257.0,233.0,192.0,78.0,268.42105263157896,4.0,4.0,5.0,7.0,7.0,8.0,8.0,9.0,9.0,9.0,11.0,16.0,19.0,25.0,34.0,44.0,68.0,109.0,223.0,32.578947368421055,13.0,13.0,14.0,16.0,16.0,17.0,17.0,18.0,18.0,18.0,20.0,25.0,28.0,34.0,43.0,53.0,77.0,118.0,232.0,41.578947368421055,0.8870431893687708,0.8937697051775313,0.9102990033222591,0.9700996677740864,0.9419354838709677,1.0,0.0,0.0,0.7839892156539506,0.955810147299509,0.08955223880597014,0.9074913686378264,260.98075391183914,292,9,18,7,2,0,0,9.0,201,0.5237315875613748,0.53156146179402,0.5161290322580645,160,141,150,310,301,11,2
tagging_008_tagging_aria03_rgb,0.7003583144207156,0.8851359227395199,0.619912302883075,0.7003583144207156,0.7003583144207156,0.7003583144207156,0.7003583144207156,0.7003583144207156,0.7003583144207156,0.7003583144207156,0.7003583144207156,0.7003583144207156,0.6938122947991276,0.6849943304297372,0.6849943304297372,0.656219823682693,0.6287003639995914,0.5831040730563986,0.5335297668282576,0.5004681604853161,0.3627644560391247,0.1213457730992415,0.6185872738229297,0.967741935483871,0.967741935483871,0.967741935483871,0.967741935483871,0.967741935483871,0.967741935483871,0.967741935483871,0.967741935483871,0.967741935483871,0.9551282051282052,0.9426751592356688,0.9426751592356688,0.8827160493827161,0.8373493975903614,0.7630057803468208,0.6850828729281768,0.6310160427807486,0.4386792452830189,0.13805970149253732,0.8382139490925663,0.5068518275308335,0.5068518275308335,0.5068518275308335,0.5068518275308335,0.5068518275308335,0.5068518275308335,0.5068518275308335,0.5068518275308335,0.5068518275308335,0.5039904568097404,0.49775071308904595,0.49775071308904595,0.4878402939374226,0.47204207566240514,0.4456196385044575,0.4155030337791814,0.3969287033587881,0.2999869539769543,0.106655283836381,0.45714391125373277,1.0,1.0,1.0,1.0,1.0,1.0,1.0,1.0,1.0,0.9933333333333333,0.9866666666666667,0.9866666666666667,0.9533333333333334,0.9266666666666666,0.88,0.8266666666666667,0.7866666666666666,0.62,0.24666666666666667,0.9056140350877193,0.967741935483871,0.967741935483871,0.967741935483871,0.967741935483871,0.967741935483871,0.967741935483871,0.967741935483871,0.967741935483871,0.967741935483871,0.9612903225806452,0.9548387096774194,0.9548387096774194,0.9225806451612903,0.896774193548387,0.8516129032258064,0.8,0.7612903225806451,0.6,0.23870967741935484,0.8764006791171477,0.5105925925925926,0.5105925925925926,0.5105925925925926,0.5105925925925926,0.5105925925925926,0.5105925925925926,0.5105925925925926,0.5105925925925926,0.5105925925925926,0.5085756897837436,0.5044294294294295,0.5044294294294295,0.49731934731934735,0.48605115907274177,0.4698232323232323,0.44865591397849464,0.43474576271186444,0.35471923536439665,0.1451951951951952,0.47101461726006366,0.970781045751634,0.970781045751634,0.970781045751634,0.970781045751634,0.970781045751634,0.970781045751634,0.970781045751634,0.970781045751634,0.970781045751634,0.9650480326358732,0.9581875993640699,0.9581875993640699,0.9313862607980254,0.9082381153900408,0.8675357411996579,0.8291907715092331,0.7902587967803906,0.6312526033229972,0.30026335517727193,0.8882409624898072,0.8851359227395199,0.8851359227395199,0.8851359227395199,0.8851359227395199,0.8851359227395199,0.8851359227395199,0.8851359227395199,0.8851359227395199,0.8851359227395199,0.8877482556462801,0.890330002943757,0.890330002943757,0.8997992415665899,0.9062014273867265,0.9157835573029839,0.924770965560657,0.9296955484054658,0.9428372076444499,0.9633660589650788,0.9008992406853381,0.7119352691999697,0.7119352691999697,0.7119352691999697,0.7119352691999697,0.7119352691999697,0.7119352691999697,0.7119352691999697,0.7119352691999697,0.7119352691999697,0.7075524859902682,0.7007952888786606,0.7007952888786606,0.6819636453313888,0.6613816271869785,0.6262150444407437,0.5860738075738612,0.5587938617912512,0.43126779553510797,0.16219834569534708,0.6433923481106313,150.0,150.0,150.0,150.0,150.0,150.0,150.0,150.0,150.0,149.0,148.0,148.0,143.0,139.0,132.0,124.0,118.0,93.0,37.0,135.8421052631579,0.0,0.0,0.0,0.0,0.0,0.0,0.0,0.0,0.0,1.0,2.0,2.0,7.0,11.0,18.0,26.0,32.0,57.0,113.0,14.157894736842104,5.0,5.0,5.0,5.0,5.0,5.0,5.0,5.0,5.0,6.0,7.0,7.0,12.0,16.0,23.0,31.0,37.0,62.0,118.0,19.157894736842106,0.9266666666666666,0.8898433028256524,0.9533333333333334,0.9933333333333333,0.9612903225806452,1.0,0.0,0.0,0.8172443474734814,0.9770491803278688,0.029850746268656716,0.9493196000578136,132.5866521210222,149,1,6,4,2,0,0,2.0,201,0.6032786885245902,0.6133333333333333,0.5935483870967742,92,58,63,155,150,6,2
tagging_008_tagging_aria04_rgb,0.5682232769226876,0.8937539726351461,0.5078518110934128,0.5682232769226876,0.5682232769226876,0.5682232769226876,0.5682232769226876,0.5674567329637571,0.5674567329637571,0.5674567329637571,0.5666429534272343,0.5637046787631584,0.5555007984494817,0.5500556565192103,0.543627010106242,0.5429191564713098,0.5314915096266535,0.49924652591269414,0.46715694258264717,0.41050456168203125,0.3391748623348644,0.1626862947363413,0.5109460135365206,0.9122340425531915,0.9122340425531915,0.9122340425531915,0.9122340425531915,0.9071618037135278,0.9071618037135278,0.9071618037135278,0.9021164021164021,0.8970976253298153,0.8821989528795812,0.8723958333333334,0.8483290488431876,0.8435897435897436,0.8248730964467005,0.7579462102689487,0.6957547169811321,0.5942350332594235,0.4886128364389234,0.21043771043771045,0.799368883751487,0.35394172698606635,0.35394172698606635,0.35394172698606635,0.35394172698606635,0.35496109124937014,0.35496109124937014,0.35496109124937014,0.3559232887412999,0.35421224612276847,0.3497863334237403,0.3468164492633173,0.34836756624101006,0.34941298504794,0.34245658637925025,0.3288453590228413,0.31366745158421244,0.28358138738041877,0.23544118913923404,0.1257703785124287,0.3271016527658336,0.9661971830985916,0.9661971830985916,0.9661971830985916,0.9661971830985916,0.9633802816901409,0.9633802816901409,0.9633802816901409,0.9605633802816902,0.9577464788732394,0.9492957746478873,0.9436619718309859,0.9295774647887324,0.9267605633802817,0.9154929577464789,0.8732394366197183,0.8309859154929577,0.7549295774647887,0.6647887323943662,0.352112676056338,0.8849518161601185,0.9423076923076923,0.9423076923076923,0.9423076923076923,0.9423076923076923,0.9395604395604396,0.9395604395604396,0.9395604395604396,0.9368131868131868,0.9340659340659341,0.9258241758241759,0.9203296703296703,0.9065934065934066,0.9038461538461539,0.8928571428571429,0.8516483516483516,0.8104395604395604,0.7362637362637363,0.6483516483516484,0.3434065934065934,0.8630711393869291,0.3867278822475187,0.3867278822475187,0.3867278822475187,0.3867278822475187,0.38784302929039766,0.38784302929039766,0.38784302929039766,0.38890198841466733,0.3877337699785796,0.38442053379215185,0.3818963813476544,0.3844579291771805,0.3856102402276191,0.38045621045621053,0.3706999515348661,0.3597194347692852,0.3357391803397071,0.2916875725636942,0.17649248790425262,0.36517138407195454,0.8769054560599752,0.8769054560599752,0.8769054560599752,0.8769054560599752,0.8780075187969926,0.8780075187969926,0.8780075187969926,0.8756947353721548,0.8724277008100537,0.8640220126867011,0.8632954916537006,0.8574278694278694,0.8599580453227869,0.8476837954837955,0.8125246247504313,0.773914038625903,0.7183426802456654,0.6446341168375067,0.40842042822042823,0.8178942063193618,0.8937539726351461,0.8937539726351461,0.8937539726351461,0.8937539726351461,0.8957514467881199,0.8957514467881199,0.8957514467881199,0.8972946186786753,0.8987560584880889,0.9024836786027448,0.904656791239297,0.9095506549144392,0.9104440385577455,0.9132297184606814,0.9220869114627901,0.9296248677814768,0.939729173913958,0.9484137263864656,0.9646160744444956,0.9106924496755686,0.5847884229317369,0.5847884229317369,0.5847884229317369,0.5847884229317369,0.5847756117322763,0.5847756117322763,0.5847756117322763,0.5847109348680929,0.5824478787821814,0.5762383954135074,0.572081720014932,0.5690647054957273,0.5690537539419407,0.5599255246585052,0.5358738060850847,0.5105420985727326,0.4626920973519843,0.3956243795335338,0.2104408338384683,0.5380092976568667,343.0,343.0,343.0,343.0,342.0,342.0,342.0,341.0,340.0,337.0,335.0,330.0,329.0,325.0,310.0,295.0,268.0,236.0,125.0,314.1578947368421,12.0,12.0,12.0,12.0,13.0,13.0,13.0,14.0,15.0,18.0,20.0,25.0,26.0,30.0,45.0,60.0,87.0,119.0,230.0,40.8421052631579,21.0,21.0,21.0,21.0,22.0,22.0,22.0,23.0,24.0,27.0,29.0,34.0,35.0,39.0,54.0,69.0,96.0,128.0,239.0,49.8421052631579,0.8619718309859155,0.9039042595255324,0.8845070422535212,0.9549295774647887,0.9313186813186813,1.0,0.0,0.0,0.7702071661384662,0.9429763560500696,0.12437810945273632,0.8819631267972059,306.4235439791555,339,16,25,8,2,0,0,5.0,201,0.5229485396383866,0.5295774647887324,0.5164835164835165,188,167,176,364,355,15,2
tagging_009_tagging_aria01_rgb,0.4798335723572487,0.9139725288398103,0.4385547035495947,0.4798335723572487,0.4798335723572487,0.47927076435758853,0.4787096096220793,0.4787096096220793,0.4787096096220793,0.4787096096220793,0.4787096096220793,0.4777815811113285,0.47505638731914507,0.47365649897652573,0.47146825366981215,0.46285809069748063,0.45187499951004173,0.4449159236226591,0.4243426766030818,0.40270109921513975,0.3442816913779679,0.16675718020943792,0.4435884389207949,0.953757225433526,0.953757225433526,0.9492502883506344,0.9447640966628308,0.9447640966628308,0.9447640966628308,0.9447640966628308,0.9447640966628308,0.9380733944954128,0.9314285714285714,0.9248291571753986,0.9139297848244621,0.898876404494382,0.8756936736958935,0.8612334801762115,0.8055555555555556,0.7494824016563147,0.6110581506196378,0.2812736921910538,0.861685236254986,0.24140342114468846,0.24140342114468846,0.24198092788259476,0.24256096432325336,0.24256096432325336,0.24256096432325336,0.24256096432325336,0.24256096432325336,0.2433447538207068,0.24229294446764157,0.2425858627856283,0.24321596462813166,0.23833934348808036,0.23317630504329837,0.22984496498266938,0.2235310847834495,0.21637355987371965,0.1939748007581279,0.09886440830916576,0.22858613603836098,0.9903961584633854,0.9903961584633854,0.9879951980792316,0.985594237695078,0.985594237695078,0.985594237695078,0.985594237695078,0.985594237695078,0.9819927971188476,0.978391356542617,0.9747899159663865,0.9687875150060024,0.9603841536614646,0.9471788715486195,0.9387755102040817,0.9051620648259304,0.8691476590636255,0.7695078031212484,0.44537815126050423,0.9282239211474062,0.9626604434072346,0.9626604434072346,0.9603267211201867,0.9579929988331388,0.9579929988331388,0.9579929988331388,0.9579929988331388,0.9579929988331388,0.9544924154025671,0.9509918319719953,0.9474912485414235,0.941656942823804,0.9334889148191365,0.9206534422403734,0.912485414235706,0.8798133022170361,0.8448074679113186,0.7479579929988331,0.4329054842473746,0.9022293189215747,0.2430127479771673,0.2430127479771673,0.24359388231248907,0.24417784799658224,0.24417784799658224,0.24417784799658224,0.24417784799658224,0.24417784799658224,0.24496747788984996,0.2442488094396884,0.24455692309582655,0.2451695195346298,0.24153030469762551,0.23778879078439494,0.23527713739612263,0.23100501463968107,0.2260042395374102,0.20871365409968173,0.11870847546845514,0.23307784025437372,0.907242245757969,0.907242245757969,0.9091769508239396,0.9089557010086508,0.9089557010086508,0.9089557010086508,0.9089557010086508,0.9089557010086508,0.9103197058887421,0.9072579044226463,0.9060607891302085,0.9057970551658333,0.8976016285768861,0.8871114129737975,0.8799916953816367,0.8528569779131794,0.8246058824686263,0.7480294388871952,0.4669840277388471,0.8660556034700383,0.9139725288398103,0.9139725288398103,0.9159340325257932,0.9176894825276273,0.9176894825276273,0.9176894825276273,0.9176894825276273,0.9176894825276273,0.9194963459964907,0.9211171715285232,0.9226281345462386,0.9247879089349373,0.9274327640830708,0.9309866993599037,0.9327622713247933,0.9385650692034443,0.9430908831456691,0.9514994852499935,0.9683931644093289,0.9270045474013654,0.48896321021281164,0.48896321021281164,0.4889539802218205,0.4889444638471325,0.4889444638471325,0.4889444638471325,0.4889444638471325,0.4889444638471325,0.4888382099105933,0.48688532799664525,0.48628207122968864,0.48541177363335086,0.4784321568206188,0.4699570932359549,0.4645135350766915,0.4498131370417801,0.43365951280642584,0.3863484473791358,0.20983814571759798,0.4606095858279784,825.0,825.0,823.0,821.0,821.0,821.0,821.0,821.0,818.0,815.0,812.0,807.0,800.0,789.0,782.0,754.0,724.0,641.0,371.0,773.2105263157895,8.0,8.0,10.0,12.0,12.0,12.0,12.0,12.0,15.0,18.0,21.0,26.0,33.0,44.0,51.0,79.0,109.0,192.0,462.0,59.78947368421053,32.0,32.0,34.0,36.0,36.0,36.0,36.0,36.0,39.0,42.0,45.0,50.0,57.0,68.0,75.0,103.0,133.0,216.0,486.0,83.78947368421052,0.907563025210084,0.9208667882570287,0.9303721488595438,0.9795918367346939,0.9521586931155193,1.0,0.0,0.0,0.8300447769720714,0.9656804733727811,0.07180385288966724,0.9288370304910529,751.4272992177355,816,17,41,19,2,0,0,19.0,571,0.40710059171597635,0.4129651860744298,0.4014002333722287,344,489,513,857,833,24,2
tagging_009_tagging_aria03_rgb,0.495367600606348,0.9243949121797633,0.45791528965920514,0.495367600606348,0.495367600606348,0.495367600606348,0.495367600606348,0.495367600606348,0.495367600606348,0.495367600606348,0.495367600606348,0.49307530775701475,0.49307530775701475,0.49022658973099653,0.48013013211963457,0.47085704686288143,0.462811442127793,0.45614925901173925,0.4416573349202914,0.41115456480742246,0.35554330993229344,0.20291956891306456,0.45897582467320686,0.9561068702290076,0.9561068702290076,0.9561068702290076,0.9561068702290076,0.9561068702290076,0.9561068702290076,0.9561068702290076,0.9561068702290076,0.9486692015209125,0.9486692015209125,0.9449715370018975,0.9266917293233082,0.9052044609665427,0.8876611418047882,0.8670309653916212,0.8336314847942755,0.7764298093587522,0.6479099678456591,0.35046113306982873,0.8782202944437136,0.2566544257460617,0.2566544257460617,0.2566544257460617,0.2566544257460617,0.2566544257460617,0.2566544257460617,0.2566544257460617,0.2566544257460617,0.2562782250439859,0.2562782250439859,0.2543167702614097,0.2487611969274317,0.24492406758988366,0.24130202492463335,0.23998237064460162,0.23398972453281547,0.21772486594969423,0.19510588123522077,0.11749192010875467,0.23996793043320586,0.9940476190476191,0.9940476190476191,0.9940476190476191,0.9940476190476191,0.9940476190476191,0.9940476190476191,0.9940476190476191,0.9940476190476191,0.9900793650793651,0.9900793650793651,0.9880952380952381,0.9781746031746031,0.9662698412698413,0.9563492063492064,0.9444444444444444,0.9246031746031746,0.8888888888888888,0.7996031746031746,0.5277777777777778,0.9424603174603174,0.9616122840690979,0.9616122840690979,0.9616122840690979,0.9616122840690979,0.9616122840690979,0.9616122840690979,0.9616122840690979,0.9616122840690979,0.9577735124760077,0.9577735124760077,0.9558541266794626,0.946257197696737,0.9347408829174664,0.9251439539347409,0.9136276391554703,0.8944337811900192,0.8598848368522073,0.7735124760076776,0.510556621880998,0.9117082533589251,0.2567011626795286,0.2567011626795286,0.2567011626795286,0.2567011626795286,0.2567011626795286,0.2567011626795286,0.2567011626795286,0.2567011626795286,0.2564273218969709,0.2564273218969709,0.2549494164340647,0.2506563045887786,0.24767864777469334,0.24483660051187825,0.24382993666674882,0.23910781636103523,0.22580754259181676,0.20705958973388733,0.13268508514688482,0.24279341500210305,0.9980384059467272,0.9980384059467272,0.9980384059467272,0.9980384059467272,0.9980384059467272,0.9980384059467272,0.9980384059467272,0.9980384059467272,0.9941442104599003,0.9941442104599003,0.9921548444470718,0.9823049415952729,0.9705087584727123,0.9609826848044472,0.9499085980177588,0.9314435859757061,0.895684861067214,0.8170260304803136,0.5716517404455351,0.9496979849368238,0.9243949121797633,0.9243949121797633,0.9243949121797633,0.9243949121797633,0.9243949121797633,0.9243949121797633,0.9243949121797633,0.9243949121797633,0.9263608345324367,0.9263608345324367,0.9271909192266007,0.9306928742511738,0.9344035735766659,0.9371634982363091,0.939815575414428,0.9433490411467589,0.9480618463464359,0.9561903589430497,0.9692071590591601,0.9333660954054505,0.5051007036531493,0.5051007036531493,0.5051007036531493,0.5051007036531493,0.5051007036531493,0.5051007036531493,0.5051007036531493,0.5051007036531493,0.5037219295754516,0.5037219295754516,0.5012875319246027,0.4932868182809366,0.4864799481101362,0.48038422125120794,0.47607774230675975,0.46513185456122386,0.4399241004735998,0.3949775715397426,0.2490173176745801,0.47551666286836247,501.0,501.0,501.0,501.0,501.0,501.0,501.0,501.0,499.0,499.0,498.0,493.0,487.0,482.0,476.0,466.0,448.0,403.0,266.0,475.0,3.0,3.0,3.0,3.0,3.0,3.0,3.0,3.0,5.0,5.0,6.0,11.0,17.0,22.0,28.0,38.0,56.0,101.0,238.0,29.0,20.0,20.0,20.0,20.0,20.0,20.0,20.0,20.0,22.0,22.0,23.0,28.0,34.0,39.0,45.0,55.0,73.0,118.0,255.0,46.0,0.9305555555555556,0.9263608345324367,0.9464285714285714,0.9900793650793651,0.9577735124760077,1.0,0.0,0.0,0.8576469373644562,0.9736585365853658,0.03852889667250438,0.9446367262162859,462.2540564316859,499,5,22,8,2,0,0,9.0,571,0.3882926829268293,0.3948412698412698,0.381957773512476,199,305,322,521,504,13,2
tagging_009_tagging_aria04_rgb,0.4285768901910767,0.9288996870694737,0.3981049391836993,0.4285768901910767,0.4285768901910767,0.4285768901910767,0.4285768901910767,0.4285768901910767,0.4285768901910767,0.4285768901910767,0.4285768901910767,0.4285768901910767,0.42668973861520776,0.42510360823796,0.421933301670789,0.4181190598339269,0.4134281493511821,0.40714493130015006,0.40003367799560685,0.38088581813915573,0.339502460468926,0.17135916845358098,0.403231153988746,0.9817073170731707,0.9817073170731707,0.9817073170731707,0.9817073170731707,0.9817073170731707,0.9817073170731707,0.9817073170731707,0.9817073170731707,0.9817073170731707,0.9768856447688564,0.9720873786407767,0.9625603864734299,0.9507803121248499,0.9368295589988082,0.9208037825059102,0.8983644859813084,0.8340857787810384,0.7213983050847458,0.3073209975864843,0.911393814979197,0.18710072504447264,0.18710072504447264,0.18710072504447264,0.18710072504447264,0.18710072504447264,0.18710072504447264,0.18710072504447264,0.18710072504447264,0.18710072504447264,0.18637200169175686,0.1859020924534741,0.18495225189046077,0.18387375713081686,0.18244816576732376,0.18002423342818957,0.1781314221876113,0.1739317587593331,0.15977570206643935,0.0955481885185516,0.17867716312074794,0.9962871287128713,0.9962871287128713,0.9962871287128713,0.9962871287128713,0.9962871287128713,0.9962871287128713,0.9962871287128713,0.9962871287128713,0.9962871287128713,0.9938118811881188,0.9913366336633663,0.9863861386138614,0.9801980198019802,0.9727722772277227,0.9641089108910891,0.9517326732673267,0.9146039603960396,0.8428217821782178,0.47277227722772275,0.9493225638353309,0.98531211750306,0.98531211750306,0.98531211750306,0.98531211750306,0.98531211750306,0.98531211750306,0.98531211750306,0.98531211750306,0.98531211750306,0.9828641370869033,0.9804161566707467,0.9755201958384333,0.9694002447980417,0.9620563035495716,0.9534883720930233,0.9412484700122399,0.9045287637698899,0.8335373317013464,0.4675642594859241,0.9388649101333506,0.18710370913574573,0.18710370913574573,0.18710370913574573,0.18710370913574573,0.18710370913574573,0.18710370913574573,0.18710370913574573,0.18710370913574573,0.18710370913574573,0.18649069466661392,0.1860940538409492,0.18529480018220695,0.18441275406187688,0.18323567440481864,0.18117599796945788,0.17960802497110756,0.17618911411946098,0.16388704029789122,0.10343520704501691,0.17967140756742692,0.9967761017450458,0.9967761017450458,0.9967761017450458,0.9967761017450458,0.9967761017450458,0.9967761017450458,0.9967761017450458,0.9967761017450458,0.9967761017450458,0.9943070469442163,0.9918765099956677,0.9870589755235961,0.9813208083204573,0.9745605963105792,0.9659016761579075,0.953696519476356,0.9226576199683904,0.854825663724963,0.5291204720975767,0.9540163581171118,0.9288996870694737,0.9288996870694737,0.9288996870694737,0.9288996870694737,0.9288996870694737,0.9288996870694737,0.9288996870694737,0.9288996870694737,0.9288996870694737,0.9300289099778246,0.9310861851926849,0.9329205731512383,0.9347996878752327,0.9368767902458554,0.9387655312857051,0.9408740622871468,0.9455859455108562,0.9510839315316256,0.9673138516189926,0.9352332974896013,0.43174766256999475,0.43174766256999475,0.43174766256999475,0.43174766256999475,0.43174766256999475,0.43174766256999475,0.43174766256999475,0.43174766256999475,0.43174766256999475,0.4303704330017109,0.42929192226712454,0.4271233282907524,0.42453821104015704,0.421284366775579,0.41660889047697364,0.41174445306710095,0.39884668157066894,0.36696381560640606,0.2125383134187796,0.41184417782343186,805.0,805.0,805.0,805.0,805.0,805.0,805.0,805.0,805.0,803.0,801.0,797.0,792.0,786.0,779.0,769.0,739.0,681.0,382.0,767.0526315789474,3.0,3.0,3.0,3.0,3.0,3.0,3.0,3.0,3.0,5.0,7.0,11.0,16.0,22.0,29.0,39.0,69.0,127.0,426.0,40.94736842105263,12.0,12.0,12.0,12.0,12.0,12.0,12.0,12.0,12.0,14.0,16.0,20.0,25.0,31.0,38.0,48.0,78.0,136.0,435.0,49.94736842105263,0.9628712871287128,0.9299478048114967,0.9764851485148515,0.9938118811881188,0.9828641370869033,1.0,0.0,0.0,0.8932525832470691,0.9883076923076923,0.024518388791593695,0.9751962961817349,746.7480872636319,803,5,14,11,2,0,0,7.0,571,0.22892307692307692,0.2301980198019802,0.22766217870257038,186,622,631,817,808,17,2
tagging_010_tagging_aria01_rgb,0.37439834054853127,0.9063963633465947,0.33935329431618866,0.37439834054853127,0.37439834054853127,0.37439834054853127,0.37439834054853127,0.37439834054853127,0.37439834054853127,0.37439834054853127,0.37169421843875916,0.3691674482361524,0.3691674482361524,0.3649248649901006,0.3607780293972595,0.35820143539810895,0.35337791756065373,0.34619558398440003,0.33364843522557475,0.3074574417490564,0.25296391022393566,0.1037672947805845,0.34274381116107666,0.9197651663405088,0.9197651663405088,0.9197651663405088,0.9197651663405088,0.9197651663405088,0.9197651663405088,0.9197651663405088,0.9122807017543859,0.9011627906976745,0.9011627906976745,0.8865384615384615,0.875717017208413,0.8685714285714285,0.8544423440453687,0.8234200743494424,0.7803992740471869,0.7001733102253033,0.5424528301886793,0.1890909090909091,0.8249351629893941,0.1524020723281009,0.1524020723281009,0.1524020723281009,0.1524020723281009,0.1524020723281009,0.1524020723281009,0.1524020723281009,0.1514408797151077,0.15123194859352945,0.15123194859352945,0.1502136262164478,0.14863338719931796,0.14772333523829922,0.14614906844185335,0.14555314608402095,0.14264656827671973,0.13500954278942215,0.11796553785796585,0.05694431063792688,0.1427135687337288,0.9853249475890985,0.9853249475890985,0.9853249475890985,0.9853249475890985,0.9853249475890985,0.9853249475890985,0.9853249475890985,0.9811320754716981,0.9748427672955975,0.9748427672955975,0.9664570230607966,0.960167714884696,0.9559748427672956,0.9475890985324947,0.9287211740041929,0.9014675052410901,0.8469601677148847,0.7232704402515723,0.3270440251572327,0.9150391702526756,0.9325396825396826,0.9325396825396826,0.9325396825396826,0.9325396825396826,0.9325396825396826,0.9325396825396826,0.9325396825396826,0.9285714285714286,0.9226190476190477,0.9226190476190477,0.9146825396825397,0.9087301587301587,0.9047619047619048,0.8968253968253969,0.878968253968254,0.8531746031746031,0.8015873015873016,0.6845238095238095,0.30952380952380953,0.8660192147034252,0.16117544855805907,0.16117544855805907,0.16117544855805907,0.16117544855805907,0.16117544855805907,0.16117544855805907,0.16117544855805907,0.1603693184838133,0.1602798579961966,0.1602798579961966,0.1595034949893244,0.15818222925756437,0.15740846376985068,0.156064648217431,0.15587151704537205,0.153495892362629,0.1462723428449593,0.12936691989458876,0.06538343087328553,0.15214242703355924,0.8785081053698075,0.8785081053698075,0.8785081053698075,0.8785081053698075,0.8785081053698075,0.8785081053698075,0.8785081053698075,0.8740715303215304,0.8687083973374295,0.8687083973374295,0.860428010683666,0.853364599114755,0.8491513381668456,0.8411060220548396,0.8238797571152409,0.8004627137836947,0.7591575670887535,0.6816308764025455,0.36511535974398274,0.8208074371968087,0.9063963633465947,0.9063963633465947,0.9063963633465947,0.9063963633465947,0.9063963633465947,0.9063963633465947,0.9063963633465947,0.908697884427677,0.9118702168244792,0.9118702168244792,0.9151185328368969,0.9173439694192604,0.9186549824752605,0.9207366878910711,0.9246005874551967,0.9289910723335753,0.9357580988845602,0.9461582748435203,0.965860178527613,0.9184439603247239,0.3875120177867469,0.3875120177867469,0.3875120177867469,0.3875120177867469,0.3875120177867469,0.3875120177867469,0.3875120177867469,0.3854653092382548,0.3839627211988448,0.3839627211988448,0.3810183906536735,0.3777737149971413,0.3757922194211764,0.372141456997443,0.3676660015709308,0.358596215869071,0.33815337497064685,0.2920975633260991,0.13646719957862194,0.3613516322909461,470.0,470.0,470.0,470.0,470.0,470.0,470.0,468.0,465.0,465.0,461.0,458.0,456.0,452.0,443.0,430.0,404.0,345.0,156.0,436.4736842105263,7.0,7.0,7.0,7.0,7.0,7.0,7.0,9.0,12.0,12.0,16.0,19.0,21.0,25.0,34.0,47.0,73.0,132.0,321.0,40.526315789473685,34.0,34.0,34.0,34.0,34.0,34.0,34.0,36.0,39.0,39.0,43.0,46.0,48.0,52.0,61.0,74.0,100.0,159.0,348.0,67.52631578947368,0.8616352201257862,0.9113931437409178,0.8972746331236897,0.9769392033542977,0.9246031746031746,1.0,0.0,0.0,0.7750717085603097,0.9500509683995922,0.09026128266033254,0.8946950756365235,424.70920498326774,466,11,38,17,2,0,0,13.0,421,0.20998980632008155,0.21593291404612158,0.20436507936507936,103,374,401,504,477,23,2
tagging_010_tagging_aria03_rgb,0.37108819176713886,0.9187193056776731,0.34092588588548906,0.37108819176713886,0.37108819176713886,0.37108819176713886,0.3707481154719565,0.3707481154719565,0.3707481154719565,0.3707481154719565,0.36955508834408557,0.36923225081511335,0.36834810475247126,0.3673797466222045,0.3634922965562089,0.3584543867106205,0.3542994645619956,0.34518780177816777,0.33679042264315245,0.31609016795605815,0.2737212202954498,0.13089318471610334,0.3447211143653091,0.9725557461406518,0.9725557461406518,0.9725557461406518,0.9691780821917808,0.9691780821917808,0.9691780821917808,0.9691780821917808,0.9658119658119658,0.962457337883959,0.959114139693356,0.95578231292517,0.9425675675675675,0.9295302013422819,0.9166666666666666,0.8883415435139573,0.86084142394822,0.7912772585669782,0.6522988505747126,0.2513601741022851,0.8879173163045366,0.14159234225437356,0.14159234225437356,0.14159234225437356,0.14182549899927244,0.14182549899927244,0.14182549899927244,0.14182549899927244,0.14140533370404929,0.14165038768547683,0.14146421229710648,0.1412119437690014,0.14017737741250627,0.1382306321693933,0.13693975700609104,0.13413153912076559,0.13176385990339606,0.1262679967062795,0.11486039930013436,0.06816125850609916,0.1341233537021321,0.9759036144578314,0.9759036144578314,0.9759036144578314,0.9741824440619621,0.9741824440619621,0.9741824440619621,0.9741824440619621,0.9724612736660929,0.9707401032702238,0.9690189328743546,0.9672977624784854,0.9604130808950087,0.9535283993115319,0.9466437177280551,0.9311531841652324,0.9156626506024096,0.8743545611015491,0.7814113597246127,0.39759036144578314,0.91919557930972,0.9964850615114236,0.9964850615114236,0.9964850615114236,0.9947275922671354,0.9947275922671354,0.9947275922671354,0.9947275922671354,0.9929701230228472,0.9912126537785588,0.9894551845342706,0.9876977152899824,0.9806678383128296,0.9736379613356766,0.9666080843585237,0.9507908611599297,0.9349736379613357,0.8927943760984183,0.7978910369068541,0.40597539543058,0.9385810748311904,0.14161720796375898,0.14161720796375898,0.14161720796375898,0.14185042673292572,0.14185042673292572,0.14185042673292572,0.14185042673292572,0.1414831549672159,0.14172832877353167,0.14156407936905405,0.1413426175155726,0.1404466330416684,0.1387426544395798,0.1376101810209617,0.13514323341316586,0.13304941650666557,0.1282284656064403,0.11798168621142434,0.07359843791070557,0.13490380103152452,0.9982897760675538,0.9982897760675538,0.9982897760675538,0.9974033622443516,0.9974033622443516,0.9974033622443516,0.9974033622443516,0.9956610351300617,0.9965398667526326,0.9949189945637548,0.9931729598989385,0.9862472769835118,0.9793099058033546,0.9726317790099138,0.9566780805673657,0.9414170549557281,0.8999972284976546,0.8140939874639976,0.48402203367894114,0.9473248937097855,0.9187193056776731,0.9187193056776731,0.9187193056776731,0.9200639472671241,0.9200639472671241,0.9200639472671241,0.9200639472671241,0.9210143997677981,0.9218599347739462,0.9226538527870225,0.9233910558661458,0.9258791330896915,0.9280276071335287,0.9297826251767929,0.9332529219853705,0.9360556984993347,0.940891296988749,0.9479193869425627,0.9660779328751392,0.9280641869467159,0.3717263490601567,0.3717263490601567,0.3717263490601567,0.37170406406900985,0.37170406406900985,0.37170406406900985,0.37170406406900985,0.37082504084408685,0.3708176262936634,0.37024518908427867,0.3695862514258245,0.3669171390280475,0.36305210842013125,0.3600460535501292,0.35340771037045066,0.34734888111630385,0.3322694672119165,0.2995884189945098,0.16462156421939206,0.35109056600080235,567.0,567.0,567.0,566.0,566.0,566.0,566.0,565.0,564.0,563.0,562.0,558.0,554.0,550.0,541.0,532.0,508.0,454.0,231.0,534.0526315789474,14.0,14.0,14.0,15.0,15.0,15.0,15.0,16.0,17.0,18.0,19.0,23.0,27.0,31.0,40.0,49.0,73.0,127.0,350.0,46.94736842105263,2.0,2.0,2.0,3.0,3.0,3.0,3.0,4.0,5.0,6.0,7.0,11.0,15.0,19.0,28.0,37.0,61.0,115.0,338.0,34.94736842105263,0.9345955249569707,0.9226538527870225,0.9586919104991394,0.9690189328743546,0.9894551845342706,1.0,0.0,0.0,0.8596456439227086,0.9791304347826087,0.014251781472684086,0.9567192288542544,519.4541191190937,563,18,6,14,2,0,0,10.0,421,0.20869565217391303,0.20654044750430292,0.210896309314587,120,461,449,569,581,18,2
tagging_010_tagging_aria04_rgb,0.3547824715629319,0.9134433155259037,0.3240736771149192,0.3547824715629319,0.354512465379609,0.35391348927702937,0.35391348927702937,0.35391348927702937,0.3519631105851951,0.35033569364022105,0.35033569364022105,0.3492867687575313,0.3487874520295202,0.3434054496894137,0.34073315673965004,0.3386754506421344,0.33648575038921125,0.32800369319175915,0.3211075066115532,0.3059036751245488,0.2632954984806435,0.14027620663701798,0.32840160583853945,0.9020771513353115,0.8992592592592593,0.8964497041420119,0.8964497041420119,0.8964497041420119,0.8880706921944035,0.882525697503671,0.882525697503671,0.87701317715959,0.8742690058479532,0.8552821997105644,0.8446043165467626,0.8393113342898135,0.8314285714285714,0.8056338028169014,0.7855153203342619,0.7347767253044655,0.60450563204005,0.2618110236220472,0.813576774701228,0.13953418722775648,0.13975845877089246,0.13972312926593328,0.13972312926593328,0.13972312926593328,0.1394911827421152,0.13907254891902374,0.13907254891902374,0.13910993586687762,0.13914788912739046,0.1378811612311073,0.1374597333061806,0.13666092209359657,0.13617845730325326,0.13354258767601032,0.1312641881490129,0.12735441288771154,0.11467969171142084,0.07515884501822147,0.1328703230919681,0.9918433931484503,0.9902120717781403,0.9885807504078303,0.9885807504078303,0.9885807504078303,0.9836867862969005,0.9804241435562806,0.9804241435562806,0.9771615008156607,0.9755301794453507,0.964110929853181,0.9575856443719413,0.9543230016313213,0.9494290375203915,0.933115823817292,0.9200652528548124,0.8858075040783034,0.7879282218597063,0.433931484502447,0.9279642826478922,0.9088191330343797,0.9073243647234679,0.905829596412556,0.905829596412556,0.905829596412556,0.9013452914798207,0.898355754857997,0.898355754857997,0.8953662182361734,0.8938714499252616,0.8834080717488789,0.8774289985052317,0.874439461883408,0.8699551569506726,0.8550074738415545,0.8430493273542601,0.8116591928251121,0.7219730941704036,0.3976083707025411,0.8502871528597279,0.14006591815759897,0.14029054492207782,0.14025821294846696,0.14025821294846696,0.14025821294846696,0.1400737981800745,0.13970376164793785,0.13970376164793785,0.13975132251917513,0.13979543494308133,0.13872100556794326,0.1383985148963251,0.13767906636844132,0.13724384632547207,0.13492248490249267,0.13294379354448674,0.1295671936787212,0.11805309815296998,0.08053549246592749,0.13411703561926655,0.948306891894255,0.9498058133990863,0.9489847529904171,0.9489847529904171,0.9489847529904171,0.9480131642374678,0.9454095127115986,0.9454095127115986,0.942736979086818,0.9410525927642207,0.9351696954315821,0.9315608983281236,0.9286224919083244,0.9252619008844244,0.9126923495878349,0.9029443466393806,0.8762502776004916,0.7924316788352691,0.513026923113178,0.904507857268679,0.9134433155259037,0.9148116298812327,0.9160808387078644,0.9160808387078644,0.9160808387078644,0.9192776398853308,0.9212721348265546,0.9212721348265546,0.9229383153341948,0.9237213237481016,0.9284408364750759,0.9308930588829116,0.9319619797904287,0.9332629832956305,0.9369289629223748,0.9391860416175197,0.9436476790387,0.9516663473076687,0.967729391837759,0.9288787521747125,0.3720162116362527,0.37200875394007227,0.3716552111555098,0.3716552111555098,0.3716552111555098,0.3704262858766167,0.3692561233969219,0.3692561233969219,0.3686907562036896,0.3684331218143735,0.3645994165707883,0.3628077552825934,0.3611352397344591,0.3595716641344802,0.35300241035153473,0.34752211218871126,0.3358742243957126,0.3005983459262528,0.18059288245179042,0.35109247688251055,608.0,607.0,606.0,606.0,606.0,603.0,601.0,601.0,599.0,598.0,591.0,587.0,585.0,582.0,572.0,564.0,543.0,483.0,266.0,568.8421052631579,5.0,6.0,7.0,7.0,7.0,10.0,12.0,12.0,14.0,15.0,22.0,26.0,28.0,31.0,41.0,49.0,70.0,130.0,347.0,44.1578947368421,61.0,62.0,63.0,63.0,63.0,66.0,68.0,68.0,70.0,71.0,78.0,82.0,84.0,87.0,97.0,105.0,126.0,186.0,403.0,100.15789473684211,0.8368678629690048,0.9230309220591212,0.866231647634584,0.9787928221859706,0.8968609865470852,1.0,0.0,0.0,0.7615310819502001,0.9360374414976599,0.16389548693586697,0.8641838947714464,553.8185532354727,600,13,69,18,2,0,0,14.0,421,0.2059282371294852,0.21533442088091354,0.19730941704035873,132,481,537,669,613,23,2
COMBINED,0.7108200604315874,0.9183230311689085,0.652762432511202,0.7108200604315874,0.7107475398543283,0.7105432399505739,0.710351977364132,0.710132952036865,0.7098882693177135,0.709438206868739,0.7086053455428941,0.707790065529277,0.7064872976839057,0.7049331191788898,0.7023372553328068,0.6980123779147401,0.691760197099615,0.6796426157086501,0.6581536840167929,0.6124480158293583,0.5047656308396783,0.2461004253261185,0.6627872776750876,0.9817940680009646,0.9815551537070525,0.9809751730312317,0.9804296189197563,0.979748098695757,0.9790670473700506,0.9779783393501805,0.9760081060658102,0.9735339016483422,0.9703907935746823,0.9664507528498915,0.9596852485820857,0.9503839438577458,0.936922377657694,0.9122637903239209,0.8715171034011614,0.7910524431437866,0.6140249975451345,0.24436537463228933,0.8962182280188177,0.5146345601178243,0.5146547939778295,0.5146630717262658,0.5146722640847018,0.5147127207900712,0.5147158780071042,0.5146357021562994,0.5144645137794659,0.5145858567572478,0.5143539129736132,0.5141810910177456,0.5139993773554686,0.5126573137846672,0.5107490030152002,0.5063382872220351,0.49702555474173976,0.47416903309549446,0.4149478328986923,0.2478477952812779,0.49147413488330227,0.989463268990418,0.9893417580891543,0.9890466601860852,0.9887689209831968,0.9884217469795862,0.9880745729759756,0.9875190945701986,0.9865122899597278,0.985245104846549,0.9836307457297597,0.9815997778086377,0.9780933203721706,0.973232884321622,0.9661158172476045,0.9528190529093181,0.9300791556728232,0.882134425774198,0.7598250243021802,0.3922198305790862,0.9311654448578048,0.9921672381681781,0.9920453952063497,0.9917494908704809,0.9914709926720161,0.9911228699239352,0.9907747471758542,0.9902177507789246,0.9892081948094898,0.9879375467789943,0.9863187760004177,0.984282257924144,0.9807662181685263,0.9758924996953926,0.9687559833597327,0.9554228821082313,0.9326208421089276,0.8845450905989451,0.7619014464500182,0.3932916746444796,0.9337100998654231,0.5163580300903575,0.5163847116612433,0.5164174746226993,0.5164479316656234,0.516514889449516,0.5165458783913102,0.516536601202535,0.5165133605655327,0.516717280006205,0.5166820703160858,0.5167306771055628,0.5168974584847437,0.5163403331073084,0.5155556656191965,0.5134854900261826,0.5086648260634263,0.4954444095344755,0.45540862231176404,0.31558145040929775,0.5010119558227928,0.9811238257644266,0.9811332355952647,0.9810072623878557,0.9808643770023582,0.9806862255659486,0.9804812474978738,0.9800982261408812,0.9794253154203546,0.9785854439546308,0.9772863353616968,0.975773202422174,0.973059250963255,0.9690104110505586,0.9629506596184861,0.9522450914426063,0.9335863137168499,0.8951589119973845,0.7998172740856668,0.5105063038876435,0.935410469151364,0.9183230311689085,0.918424892731672,0.9186616701001536,0.9188698784484438,0.9191131714181893,0.9193398299317026,0.9196741495424725,0.9202283495983564,0.9208637830127381,0.9215916378814998,0.9224123834913648,0.9236532956076513,0.9251369172305438,0.9269667217704831,0.9297593010879147,0.9334854286435164,0.9392209391171334,0.948861903379984,0.9668806828522322,0.9269193666849979,0.713590915153513,0.7135611246999358,0.7134604349310303,0.7133666232863782,0.7132694067993791,0.7131463183427534,0.7128903019587847,0.7124082857404165,0.7120345471908971,0.7112906037529633,0.7104365170065668,0.7090411537187659,0.7063532799974999,0.7024547604340292,0.6945853203765725,0.6799066908789866,0.6467463395563988,0.561504895095658,0.3117864979030087,0.6764123166749231,57001.0,56994.0,56977.0,56961.0,56941.0,56921.0,56889.0,56831.0,56758.0,56665.0,56548.0,56346.0,56066.0,55656.0,54890.0,53580.0,50818.0,43772.0,22595.0,53642.57894736842,607.0,614.0,631.0,647.0,667.0,687.0,719.0,777.0,850.0,943.0,1060.0,1262.0,1542.0,1952.0,2718.0,4028.0,6790.0,13836.0,35013.0,3965.4210526315787,450.0,457.0,474.0,490.0,510.0,530.0,562.0,620.0,693.0,786.0,903.0,1105.0,1385.0,1795.0,2561.0,3871.0,6633.0,13679.0,34856.0,3808.4210526315787,0.9624704902096931,0.9213837644282208,0.972937786418553,0.9851062352451049,0.9877982976797619,0.9939393939393939,0.006060606060606061,0.0,0.8850251463564354,0.9864504297795045,0.02122505828564508,0.9728895237239248,52288.52863130153,56750,858,701,603,164,1,0,646.0,33027,0.6031340442729383,0.6023121788640466,0.6039581556456807,34698,22910,22753,57451,57608,759,165
