seq,HOTA(0),LocA(0),HOTALocA(0),HOTA___5,HOTA___10,HOTA___15,HOTA___20,HOTA___25,HOTA___30,HOTA___35,HOTA___40,HOTA___45,HOTA___50,HOTA___55,HOTA___60,HOTA___65,HOTA___70,HOTA___75,HOTA___80,HOTA___85,HOTA___90,HOTA___95,HOTA___AUC,DetA___5,DetA___10,DetA___15,DetA___20,DetA___25,DetA___30,DetA___35,DetA___40,DetA___45,DetA___50,DetA___55,DetA___60,DetA___65,DetA___70,DetA___75,DetA___80,DetA___85,DetA___90,DetA___95,DetA___AUC,AssA___5,AssA___10,AssA___15,AssA___20,AssA___25,AssA___30,AssA___35,AssA___40,AssA___45,AssA___50,AssA___55,AssA___60,AssA___65,AssA___70,AssA___75,AssA___80,AssA___85,AssA___90,AssA___95,AssA___AUC,DetRe___5,DetRe___10,DetRe___15,DetRe___20,DetRe___25,DetRe___30,DetRe___35,DetRe___40,DetRe___45,DetRe___50,DetRe___55,DetRe___60,DetRe___65,DetRe___70,DetRe___75,DetRe___80,DetRe___85,DetRe___90,DetRe___95,DetRe___AUC,DetPr___5,DetPr___10,DetPr___15,DetPr___20,DetPr___25,DetPr___30,DetPr___35,DetPr___40,DetPr___45,DetPr___50,DetPr___55,DetPr___60,DetPr___65,DetPr___70,DetPr___75,DetPr___80,DetPr___85,DetPr___90,DetPr___95,DetPr___AUC,AssRe___5,AssRe___10,AssRe___15,AssRe___20,AssRe___25,AssRe___30,AssRe___35,AssRe___40,AssRe___45,AssRe___50,AssRe___55,AssRe___60,AssRe___65,AssRe___70,AssRe___75,AssRe___80,AssRe___85,AssRe___90,AssRe___95,AssRe___AUC,AssPr___5,AssPr___10,AssPr___15,AssPr___20,AssPr___25,AssPr___30,AssPr___35,AssPr___40,AssPr___45,AssPr___50,AssPr___55,AssPr___60,AssPr___65,AssPr___70,AssPr___75,AssPr___80,AssPr___85,AssPr___90,AssPr___95,AssPr___AUC,LocA___5,LocA___10,LocA___15,LocA___20,LocA___25,LocA___30,LocA___35,LocA___40,LocA___45,LocA___50,LocA___55,LocA___60,LocA___65,LocA___70,LocA___75,LocA___80,LocA___85,LocA___90,LocA___95,LocA___AUC,OWTA___5,OWTA___10,OWTA___15,OWTA___20,OWTA___25,OWTA___30,OWTA___35,OWTA___40,OWTA___45,OWTA___50,OWTA___55,OWTA___60,OWTA___65,OWTA___70,OWTA___75,OWTA___80,OWTA___85,OWTA___90,OWTA___95,OWTA___AUC,HOTA_TP___5,HOTA_TP___10,HOTA_TP___15,HOTA_TP___20,HOTA_TP___25,HOTA_TP___30,HOTA_TP___35,HOTA_TP___40,HOTA_TP___45,HOTA_TP___50,HOTA_TP___55,HOTA_TP___60,HOTA_TP___65,HOTA_TP___70,HOTA_TP___75,HOTA_TP___80,HOTA_TP___85,HOTA_TP___90,HOTA_TP___95,HOTA_TP___AUC,HOTA_FN___5,HOTA_FN___10,HOTA_FN___15,HOTA_FN___20,HOTA_FN___25,HOTA_FN___30,HOTA_FN___35,HOTA_FN___40,HOTA_FN___45,HOTA_FN___50,HOTA_FN___55,HOTA_FN___60,HOTA_FN___65,HOTA_FN___70,HOTA_FN___75,HOTA_FN___80,HOTA_FN___85,HOTA_FN___90,HOTA_FN___95,HOTA_FN___AUC,HOTA_FP___5,HOTA_FP___10,HOTA_FP___15,HOTA_FP___20,HOTA_FP___25,HOTA_FP___30,HOTA_FP___35,HOTA_FP___40,HOTA_FP___45,HOTA_FP___50,HOTA_FP___55,HOTA_FP___60,HOTA_FP___65,HOTA_FP___70,HOTA_FP___75,HOTA_FP___80,HOTA_FP___85,HOTA_FP___90,HOTA_FP___95,HOTA_FP___AUC,MOTA,MOTP,MODA,CLR_Re,CLR_Pr,MTR,PTR,MLR,sMOTA,CLR_F1,FP_per_frame,MOTAL,MOTP_sum,CLR_TP,CLR_FN,CLR_FP,IDSW,MT,PT,ML,Frag,CLR_Frames,IDF1,IDR,IDP,IDTP,IDFN,IDFP,Dets,GT_Dets,IDs,GT_IDs
fencing_001_fencing_aria01_rgb,0.8549217751290973,0.9361171491884854,0.80030693491301,0.8549217751290973,0.8549217751290973,0.8549217751290973,0.8549217751290973,0.8549217751290973,0.8549217751290973,0.8549217751290973,0.8549217751290973,0.8549217751290973,0.852806315748712,0.8517555354877826,0.8517555354877826,0.8507093621351367,0.8445279874526965,0.8331208184947075,0.8175629690180262,0.7963119005810817,0.7213475876040562,0.3578034947859683,0.8143156569977803,1.0,1.0,1.0,1.0,1.0,1.0,1.0,1.0,1.0,0.9965986394557823,0.9949022939677146,0.9949022939677146,0.9932088285229203,0.9831081081081081,0.9615705931495405,0.9341021416803954,0.9012145748987854,0.78419452887538,0.31614349775784756,0.9399971315991676,0.7308912415898867,0.7308912415898867,0.7308912415898867,0.7308912415898867,0.7308912415898867,0.7308912415898867,0.7308912415898867,0.7308912415898867,0.7308912415898867,0.7297607917446491,0.729204763757055,0.729204763757055,0.7286548387821447,0.7254822900031168,0.7218297888414611,0.7155632970792046,0.7036200486196876,0.6635373277704689,0.40495326264503106,0.7068332814373081,1.0,1.0,1.0,1.0,1.0,1.0,1.0,1.0,1.0,0.9982964224872232,0.9974446337308348,0.9974446337308348,0.9965928449744463,0.9914821124361158,0.9804088586030665,0.9659284497444633,0.9480408858603067,0.879045996592845,0.4804088586030664,0.9597417735138528,1.0,1.0,1.0,1.0,1.0,1.0,1.0,1.0,1.0,0.9982964224872232,0.9974446337308348,0.9974446337308348,0.9965928449744463,0.9914821124361158,0.9804088586030665,0.9659284497444633,0.9480408858603067,0.879045996592845,0.4804088586030664,0.9597417735138528,0.7308912415898867,0.7308912415898867,0.7308912415898867,0.7308912415898867,0.7308912415898867,0.7308912415898867,0.7308912415898867,0.7308912415898867,0.7308912415898867,0.7302682129263978,0.7299603715742427,0.7299603715742427,0.7296549872466103,0.7278746334178946,0.7263416135601033,0.7228239624981917,0.7165236708731918,0.6956913910072766,0.5321999939328528,0.7168063359431571,1.0,1.0,1.0,1.0,1.0,1.0,1.0,1.0,1.0,0.9983043501814833,0.9974624862754666,0.9974624862754666,0.9966246099579432,0.9916816669393989,0.9811100431390168,0.9679598282034605,0.9509144486931461,0.8888988309884076,0.5815704281635629,0.9658941673061764,0.9361171491884854,0.9361171491884854,0.9361171491884854,0.9361171491884854,0.9361171491884854,0.9361171491884854,0.9361171491884854,0.9361171491884854,0.9361171491884854,0.9368777338057346,0.9372361621080294,0.9372361621080294,0.93748795106927,0.9388572869981228,0.9413018059718614,0.9437806426538587,0.9459556750075527,0.9512144039412778,0.9671706642787223,0.9401143595073068,0.8549217751290973,0.8549217751290973,0.8549217751290973,0.8549217751290973,0.8549217751290973,0.8549217751290973,0.8549217751290973,0.8549217751290973,0.8549217751290973,0.8535324174687958,0.8528431148226711,0.8528431148226711,0.8521573791186074,0.84811715784276,0.841242128868823,0.8313741313282204,0.8167377634237813,0.7637275898948165,0.4410704418739564,0.8235758534540514,1174.0,1174.0,1174.0,1174.0,1174.0,1174.0,1174.0,1174.0,1174.0,1172.0,1171.0,1171.0,1170.0,1164.0,1151.0,1134.0,1113.0,1032.0,564.0,1126.7368421052631,0.0,0.0,0.0,0.0,0.0,0.0,0.0,0.0,0.0,2.0,3.0,3.0,4.0,10.0,23.0,40.0,61.0,142.0,610.0,47.26315789473684,0.0,0.0,0.0,0.0,0.0,0.0,0.0,0.0,0.0,2.0,3.0,3.0,4.0,10.0,23.0,40.0,61.0,142.0,610.0,47.26315789473684,0.9948892674616695,0.9368777338057346,0.9965928449744463,0.9982964224872232,0.9982964224872232,1.0,0.0,0.0,0.9318745349406481,0.9982964224872232,0.0033277870216306157,0.996336431008804,1098.0207040203209,1172,2,2,2,2,0,0,3.0,601,0.778534923339012,0.778534923339012,0.778534923339012,914,260,260,1174,1174,4,2
fencing_001_fencing_aria02_rgb,1.0,0.9467591170780985,0.9467591170780985,1.0,1.0,1.0,1.0,1.0,1.0,1.0,1.0,1.0,1.0,1.0,1.0,1.0,0.9933665008291874,0.9900662251655629,0.9900662251655629,0.9640522875816994,0.8549382716049383,0.394431554524362,0.9572063718353321,1.0,1.0,1.0,1.0,1.0,1.0,1.0,1.0,1.0,1.0,1.0,1.0,1.0,0.9933665008291874,0.9900662251655629,0.9900662251655629,0.9640522875816994,0.8549382716049383,0.39443155452436196,0.9572063718353321,1.0,1.0,1.0,1.0,1.0,1.0,1.0,1.0,1.0,1.0,1.0,1.0,1.0,0.9933665008291874,0.9900662251655629,0.9900662251655629,0.9640522875816994,0.8549382716049383,0.394431554524362,0.9572063718353321,1.0,1.0,1.0,1.0,1.0,1.0,1.0,1.0,1.0,1.0,1.0,1.0,1.0,0.9966722129783694,0.9950083194675541,0.9950083194675541,0.9816971713810316,0.9217970049916805,0.5657237936772047,0.9713635169454419,1.0,1.0,1.0,1.0,1.0,1.0,1.0,1.0,1.0,1.0,1.0,1.0,1.0,0.9966722129783694,0.9950083194675541,0.9950083194675541,0.9816971713810316,0.9217970049916805,0.5657237936772047,0.9713635169454419,1.0,1.0,1.0,1.0,1.0,1.0,1.0,1.0,1.0,1.0,1.0,1.0,1.0,0.9966722129783694,0.9950083194675542,0.9950083194675542,0.9816971713810316,0.9217970049916805,0.5657237936772047,0.9713635169454419,1.0,1.0,1.0,1.0,1.0,1.0,1.0,1.0,1.0,1.0,1.0,1.0,1.0,0.9966722129783694,0.9950083194675542,0.9950083194675542,0.9816971713810316,0.9217970049916805,0.5657237936772047,0.9713635169454419,0.9467591170780985,0.9467591170780985,0.9467591170780985,0.9467591170780985,0.9467591170780985,0.9467591170780985,0.9467591170780985,0.9467591170780985,0.9467591170780985,0.9467591170780985,0.9467591170780985,0.9467591170780985,0.9467591170780985,0.9476849071530166,0.9480350882326383,0.9480350882326383,0.9496407745744335,0.9539822808494016,0.9681272587033738,0.9485986273558307,1.0,1.0,1.0,1.0,1.0,1.0,1.0,1.0,1.0,1.0,1.0,1.0,1.0,0.9950179840987827,0.9925341963194879,0.9925341963194879,0.9728347258308407,0.8877384402053321,0.47237624344532747,0.9638439887483821,601.0,601.0,601.0,601.0,601.0,601.0,601.0,601.0,601.0,601.0,601.0,601.0,601.0,599.0,598.0,598.0,590.0,554.0,340.0,583.7894736842105,0.0,0.0,0.0,0.0,0.0,0.0,0.0,0.0,0.0,0.0,0.0,0.0,0.0,2.0,3.0,3.0,11.0,47.0,261.0,17.210526315789473,0.0,0.0,0.0,0.0,0.0,0.0,0.0,0.0,0.0,0.0,0.0,0.0,0.0,2.0,3.0,3.0,11.0,47.0,261.0,17.210526315789473,1.0,0.9467591170780985,1.0,1.0,1.0,1.0,0.0,0.0,0.9467591170780985,1.0,0.0,1.0,569.0022293639372,601,0,0,0,1,0,0,0.0,601,1.0,1.0,1.0,601,0,0,601,601,1,1
fencing_001_fencing_aria03_rgb,0.8206102786023807,0.9033781290610893,0.7413213781721179,0.8206102786023807,0.8206102786023807,0.8206102786023807,0.8206102786023807,0.8206102786023807,0.8206102786023807,0.8206102786023807,0.8206102786023807,0.8206102786023807,0.8206102786023807,0.8198660190261187,0.8172808400369697,0.8131497832340779,0.8003389805018746,0.7870199102408527,0.7620890241272053,0.6787995447561596,0.4142774428337949,0.0731206397769089,0.7458971037135667,0.997289972899729,0.997289972899729,0.997289972899729,0.997289972899729,0.997289972899729,0.997289972899729,0.997289972899729,0.997289972899729,0.997289972899729,0.997289972899729,0.9936880072137061,0.9883093525179856,0.9811827956989247,0.9618456078083407,0.9411764705882353,0.907679033649698,0.8019559902200489,0.46520874751491054,0.08011724474841231,0.8996875252082922,0.6752311239928439,0.6752311239928439,0.6752311239928439,0.6752311239928439,0.6752311239928439,0.6752311239928439,0.6752311239928439,0.6752311239928439,0.6752311239928439,0.6752311239928439,0.676450036906981,0.6758490848940734,0.6738933589868208,0.665951456773108,0.65811286031024,0.6398513782563553,0.5745562444576778,0.3689221248691318,0.06673504534728059,0.6185596226700056,0.997289972899729,0.997289972899729,0.997289972899729,0.997289972899729,0.997289972899729,0.997289972899729,0.997289972899729,0.997289972899729,0.997289972899729,0.997289972899729,0.995483288166215,0.992773261065944,0.989159891598916,0.979223125564589,0.9683830171635049,0.950316169828365,0.8888888888888888,0.6341463414634146,0.14814814814814814,0.9220748347834354,1.0,1.0,1.0,1.0,1.0,1.0,1.0,1.0,1.0,1.0,0.9981884057971014,0.9954710144927537,0.9918478260869565,0.9818840579710145,0.9710144927536232,0.9528985507246377,0.8913043478260869,0.6358695652173914,0.14855072463768115,0.924580472921434,0.6752311239928439,0.6752311239928439,0.6752311239928439,0.6752311239928439,0.6752311239928439,0.6752311239928439,0.6752311239928439,0.6752311239928439,0.6752311239928439,0.6752311239928439,0.676450036906981,0.6764625906969566,0.6756770626112499,0.6716165716553008,0.6675667659573927,0.6569278470810757,0.616611460043841,0.4633288271843315,0.10928548818622193,0.6298019942237785,1.0,1.0,1.0,1.0,1.0,1.0,1.0,1.0,1.0,1.0,1.0,0.9974321547944627,0.9942519101262051,0.986147413296317,0.9767365487687197,0.9604937736987134,0.8983178072258826,0.6488402934032468,0.15684625438161,0.9273192713523766,0.9033781290610893,0.9033781290610893,0.9033781290610893,0.9033781290610893,0.9033781290610893,0.9033781290610893,0.9033781290610893,0.9033781290610893,0.9033781290610893,0.9033781290610893,0.9040422270912136,0.9049217450131052,0.9059051811007216,0.9081989965725827,0.9101570801001978,0.9126664804414949,0.9184122852364011,0.9342007528694671,0.9631580312261866,0.9102865300138033,0.8206102786023807,0.8206102786023807,0.8206102786023807,0.8206102786023807,0.8206102786023807,0.8206102786023807,0.8206102786023807,0.8206102786023807,0.8206102786023807,0.8206102786023807,0.8206063045214307,0.8191244716151039,0.816448578861298,0.8075364183587351,0.7983140467894414,0.779782733230212,0.7146444302869491,0.4836844175396484,0.09943175239722123,0.7550355757696762,1104.0,1104.0,1104.0,1104.0,1104.0,1104.0,1104.0,1104.0,1104.0,1104.0,1102.0,1099.0,1095.0,1084.0,1072.0,1052.0,984.0,702.0,164.0,1020.7368421052631,3.0,3.0,3.0,3.0,3.0,3.0,3.0,3.0,3.0,3.0,5.0,8.0,12.0,23.0,35.0,55.0,123.0,405.0,943.0,86.26315789473684,0.0,0.0,0.0,0.0,0.0,0.0,0.0,0.0,0.0,0.0,2.0,5.0,9.0,20.0,32.0,52.0,120.0,402.0,940.0,83.26315789473684,0.993676603432701,0.9033781290610893,0.997289972899729,0.997289972899729,1.0,1.0,0.0,0.0,0.8973165803825136,0.9986431478968792,0.0,0.9967461066022332,997.3294544834425,1104,3,0,4,2,0,0,2.0,601,0.798733604703754,0.7976513098464318,0.7998188405797102,883,224,221,1104,1107,6,2
fencing_002_fencing_aria01_rgb,0.8216683829984649,0.9482649176235325,0.7791593015179005,0.8216683829984649,0.8216683829984649,0.8216683829984649,0.8216683829984649,0.8216683829984649,0.8216683829984649,0.8216683829984649,0.8216683829984649,0.8216683829984649,0.8216683829984649,0.8216683829984649,0.8195355400615485,0.8195355400615485,0.8195355400615485,0.8127594615449906,0.7983921832729254,0.7691828518269738,0.6958238876964626,0.3946088711449798,0.7877750572975838,0.9989550679205852,0.9989550679205852,0.9989550679205852,0.9989550679205852,0.9989550679205852,0.9989550679205852,0.9989550679205852,0.9989550679205852,0.9989550679205852,0.9989550679205852,0.9989550679205852,0.9968684759916493,0.9968684759916493,0.9968684759916493,0.9885654885654885,0.9721649484536082,0.9421319796954315,0.8465250965250966,0.44051204819277107,0.9562637229754621,0.6758451438908804,0.6758451438908804,0.6758451438908804,0.6758451438908804,0.6758451438908804,0.6758451438908804,0.6758451438908804,0.6758451438908804,0.6758451438908804,0.6758451438908804,0.6758451438908804,0.6737483605907508,0.6737483605907508,0.6737483605907508,0.6682186966586,0.6556809925365528,0.6279823552279161,0.5719510085129124,0.3534889949665413,0.6490980901302347,0.9989550679205852,0.9989550679205852,0.9989550679205852,0.9989550679205852,0.9989550679205852,0.9989550679205852,0.9989550679205852,0.9989550679205852,0.9989550679205852,0.9989550679205852,0.9989550679205852,0.9979101358411703,0.9979101358411703,0.9979101358411703,0.9937304075235109,0.9853709508881923,0.9696969696969697,0.9164054336468129,0.6112852664576802,0.9715118517296375,1.0,1.0,1.0,1.0,1.0,1.0,1.0,1.0,1.0,1.0,1.0,0.9989539748953975,0.9989539748953975,0.9989539748953975,0.9947698744769874,0.9864016736401674,0.9707112970711297,0.9173640167364017,0.6119246861924686,0.9725280775159658,0.6758451438908804,0.6758451438908804,0.6758451438908804,0.6758451438908804,0.6758451438908804,0.6758451438908804,0.6758451438908804,0.6758451438908804,0.6758451438908804,0.6758451438908804,0.6758451438908804,0.674628022275612,0.674628022275612,0.674628022275612,0.6716640587738163,0.664419525696814,0.6469045836001098,0.610450383965109,0.4134611983948854,0.656056863160908,1.0,1.0,1.0,1.0,1.0,1.0,1.0,1.0,1.0,1.0,1.0,0.9989558972192466,0.9989558972192466,0.9989558972192466,0.9949410795509396,0.9871284809530552,0.9723869890500461,0.9228145487008393,0.7007388433237038,0.9776251385913856,0.9482649176235325,0.9482649176235325,0.9482649176235325,0.9482649176235325,0.9482649176235325,0.9482649176235325,0.9482649176235325,0.9482649176235325,0.9482649176235325,0.9482649176235325,0.9482649176235325,0.9486676572342654,0.9486676572342654,0.9486676572342654,0.9496159284473711,0.9511006361332445,0.9532043284073038,0.9573994732119657,0.9689970313229729,0.9503807612149743,0.8216683829984649,0.8216683829984649,0.8216683829984649,0.8216683829984649,0.8216683829984649,0.8216683829984649,0.8216683829984649,0.8216683829984649,0.8216683829984649,0.8216683829984649,0.8216683829984649,0.8199636077533453,0.8199636077533453,0.8199636077533453,0.8148798916069655,0.8037966179918007,0.7803541419686809,0.7239744553373464,0.4648468720750735,0.7940050008012115,956.0,956.0,956.0,956.0,956.0,956.0,956.0,956.0,956.0,956.0,956.0,955.0,955.0,955.0,951.0,943.0,928.0,877.0,585.0,929.7368421052631,1.0,1.0,1.0,1.0,1.0,1.0,1.0,1.0,1.0,1.0,1.0,2.0,2.0,2.0,6.0,14.0,29.0,80.0,372.0,27.263157894736842,0.0,0.0,0.0,0.0,0.0,0.0,0.0,0.0,0.0,0.0,0.0,1.0,1.0,1.0,5.0,13.0,28.0,79.0,371.0,26.263157894736842,0.9947753396029259,0.9482649176235325,0.9989550679205852,0.9989550679205852,1.0,1.0,0.0,0.0,0.9430943168736646,0.9994772608468374,0.0,0.9983259561219144,906.541261248097,956,1,0,4,2,0,0,4.0,601,0.7736539466806064,0.7732497387669801,0.7740585774058577,740,217,216,956,957,6,2
fencing_002_fencing_aria02_rgb,0.7981981642744083,0.9397889951469224,0.7501378507315642,0.7981981642744083,0.7981981642744083,0.7981981642744083,0.7981981642744083,0.7981981642744083,0.7981981642744083,0.7981981642744083,0.7981981642744083,0.7981981642744083,0.7981981642744083,0.7981981642744083,0.7953490675419712,0.7953490675419712,0.7925260527940174,0.785391574387668,0.7786277746581953,0.7403407795483079,0.6305065966610552,0.27686472900217696,0.7565860762712555,1.0,1.0,1.0,1.0,1.0,1.0,1.0,1.0,1.0,1.0,1.0,0.9974905897114178,0.9974905897114178,0.9949874686716792,0.9850374064837906,0.9727385377942999,0.9296969696969697,0.8009049773755657,0.328881469115192,0.9477488425558072,0.6371203094510353,0.6371203094510353,0.6371203094510353,0.6371203094510353,0.6371203094510353,0.6371203094510353,0.6371203094510353,0.6371203094510353,0.6371203094510353,0.6371203094510353,0.6371203094510353,0.6341715358165873,0.6341715358165873,0.6312617637243049,0.6262096455006965,0.6232519715358255,0.5895517439847613,0.49636171538822904,0.23307509046245622,0.6040199161153071,1.0,1.0,1.0,1.0,1.0,1.0,1.0,1.0,1.0,1.0,1.0,0.9987437185929648,0.9987437185929648,0.9974874371859297,0.992462311557789,0.9861809045226131,0.9635678391959799,0.8894472361809045,0.4949748743718593,0.9642951600105792,1.0,1.0,1.0,1.0,1.0,1.0,1.0,1.0,1.0,1.0,1.0,0.9987437185929648,0.9987437185929648,0.9974874371859297,0.992462311557789,0.9861809045226131,0.9635678391959799,0.8894472361809045,0.4949748743718593,0.9642951600105792,0.6371203094510353,0.6371203094510353,0.6371203094510353,0.6371203094510353,0.6371203094510353,0.6371203094510353,0.6371203094510353,0.6371203094510353,0.6371203094510353,0.6371203094510353,0.6371203094510353,0.6354118732329815,0.6354118732329815,0.6337109041710441,0.6307396507797512,0.6290333719340601,0.6082385666675,0.5393063804593115,0.29693116502165234,0.6114266941821406,1.0,1.0,1.0,1.0,1.0,1.0,1.0,1.0,1.0,1.0,1.0,0.9987480162228884,0.9987480162228884,0.9975046493561525,0.9924813395262194,0.9862795301376359,0.9643492757662221,0.899042137032765,0.5285150020711175,0.9666141034913626,0.9397889951469224,0.9397889951469224,0.9397889951469224,0.9397889951469224,0.9397889951469224,0.9397889951469224,0.9397889951469224,0.9397889951469224,0.9397889951469224,0.9397889951469224,0.9397889951469224,0.9402495545076162,0.9402495545076162,0.9405949207537633,0.9416030911886258,0.9426852451872871,0.945399825090959,0.9509601784619608,0.9668463888129488,0.9424351423751013,0.7981981642744083,0.7981981642744083,0.7981981642744083,0.7981981642744083,0.7981981642744083,0.7981981642744083,0.7981981642744083,0.7981981642744083,0.7981981642744083,0.7981981642744083,0.7981981642744083,0.7958485018565217,0.7958485018565217,0.7935210639238424,0.7883460358836117,0.7839892811988581,0.753706242541229,0.6644452994024964,0.33965616970822715,0.7629232054415683,796.0,796.0,796.0,796.0,796.0,796.0,796.0,796.0,796.0,796.0,796.0,795.0,795.0,794.0,790.0,785.0,767.0,708.0,394.0,767.578947368421,0.0,0.0,0.0,0.0,0.0,0.0,0.0,0.0,0.0,0.0,0.0,1.0,1.0,2.0,6.0,11.0,29.0,88.0,402.0,28.42105263157895,0.0,0.0,0.0,0.0,0.0,0.0,0.0,0.0,0.0,0.0,0.0,1.0,1.0,2.0,6.0,11.0,29.0,88.0,402.0,28.42105263157895,0.9987437185929648,0.9397889951469224,1.0,1.0,1.0,1.0,0.0,0.0,0.9385327137398872,1.0,0.0,1.0,748.0720401369502,796,0,0,1,2,0,0,0.0,601,0.6658291457286433,0.6658291457286433,0.6658291457286433,530,266,266,796,796,3,2
fencing_002_fencing_aria03_rgb,1.0,0.9109700018535654,0.9109700018535654,1.0,1.0,1.0,1.0,1.0,1.0,1.0,1.0,1.0,1.0,1.0,1.0,0.9966832595818995,0.9933720013039056,0.978613017733279,0.9481413999832071,0.8436009317325871,0.5025315876918361,0.10124814114197452,0.913904754693089,1.0,1.0,1.0,1.0,1.0,1.0,1.0,1.0,1.0,1.0,1.0,1.0,0.9966777408637874,0.9933665008291874,0.9786008230452675,0.9481361426256077,0.843558282208589,0.5025,0.10123683005038937,0.9138987536643596,1.0,1.0,1.0,1.0,1.0,1.0,1.0,1.0,1.0,1.0,1.0,1.0,0.9966887783305693,0.993377501809081,0.9786252125732529,0.9481466573699583,0.8436435834129055,0.5025631773693087,0.10125945349733682,0.9139107560190742,1.0,1.0,1.0,1.0,1.0,1.0,1.0,1.0,1.0,1.0,1.0,1.0,0.9983361064891847,0.9966722129783694,0.9891846921797005,0.9733777038269551,0.9151414309484193,0.6688851913477537,0.18386023294509152,0.9329188195113407,1.0,1.0,1.0,1.0,1.0,1.0,1.0,1.0,1.0,1.0,1.0,1.0,0.9983361064891847,0.9966722129783694,0.9891846921797005,0.9733777038269551,0.9151414309484193,0.6688851913477537,0.18386023294509152,0.9329188195113407,1.0,1.0,1.0,1.0,1.0,1.0,1.0,1.0,1.0,1.0,1.0,1.0,0.998338879645036,0.9966749907638632,0.9891909895058558,0.9733805480893667,0.9151686582967781,0.6689224426950108,0.1838941131297009,0.9329247695855584,1.0,1.0,1.0,1.0,1.0,1.0,1.0,1.0,1.0,1.0,1.0,1.0,0.998338879645036,0.9966749907638632,0.9891909895058558,0.9733805480893667,0.9151686582967781,0.6689224426950108,0.1838941131297009,0.9329247695855584,0.9109700018535654,0.9109700018535654,0.9109700018535654,0.9109700018535654,0.9109700018535654,0.9109700018535654,0.9109700018535654,0.9109700018535654,0.9109700018535654,0.9109700018535654,0.9109700018535654,0.9109700018535654,0.9114261486391477,0.9118310423399065,0.9132009013582543,0.9154023942900132,0.9208519554456901,0.9355818575938702,0.9621410632075695,0.9158987044798543,1.0,1.0,1.0,1.0,1.0,1.0,1.0,1.0,1.0,1.0,1.0,1.0,0.9975121023526495,0.9950234937181036,0.9838907864486622,0.9606793514185535,0.8786655769602781,0.5797905372278899,0.13644627773564588,0.922737269782199,1202.0,1202.0,1202.0,1202.0,1202.0,1202.0,1202.0,1202.0,1202.0,1202.0,1202.0,1202.0,1200.0,1198.0,1189.0,1170.0,1100.0,804.0,221.0,1121.3684210526317,0.0,0.0,0.0,0.0,0.0,0.0,0.0,0.0,0.0,0.0,0.0,0.0,2.0,4.0,13.0,32.0,102.0,398.0,981.0,80.63157894736842,0.0,0.0,0.0,0.0,0.0,0.0,0.0,0.0,0.0,0.0,0.0,0.0,2.0,4.0,13.0,32.0,102.0,398.0,981.0,80.63157894736842,1.0,0.9109700018535654,1.0,1.0,1.0,1.0,0.0,0.0,0.9109700018535654,1.0,0.0,1.0,1094.9859422279856,1202,0,0,0,2,0,0,0.0,601,1.0,1.0,1.0,1202,0,0,1202,1202,2,2
fencing_003_fencing_aria01_rgb,1.0,0.9643681651850748,0.9643681651850748,1.0,1.0,1.0,1.0,1.0,1.0,1.0,1.0,1.0,1.0,1.0,1.0,1.0,1.0,1.0,0.9900662251655629,0.9900662251655629,0.9704918032786886,0.7073863636363636,0.9820005588024303,1.0,1.0,1.0,1.0,1.0,1.0,1.0,1.0,1.0,1.0,1.0,1.0,1.0,1.0,1.0,0.9900662251655629,0.9900662251655629,0.9704918032786886,0.7073863636363636,0.9820005588024303,1.0,1.0,1.0,1.0,1.0,1.0,1.0,1.0,1.0,1.0,1.0,1.0,1.0,1.0,1.0,0.9900662251655629,0.9900662251655629,0.9704918032786886,0.7073863636363636,0.9820005588024303,1.0,1.0,1.0,1.0,1.0,1.0,1.0,1.0,1.0,1.0,1.0,1.0,1.0,1.0,1.0,0.9950083194675541,0.9950083194675541,0.9850249584026622,0.8286189683860233,0.9896663455644102,1.0,1.0,1.0,1.0,1.0,1.0,1.0,1.0,1.0,1.0,1.0,1.0,1.0,1.0,1.0,0.9950083194675541,0.9950083194675541,0.9850249584026622,0.8286189683860233,0.9896663455644102,1.0,1.0,1.0,1.0,1.0,1.0,1.0,1.0,1.0,1.0,1.0,1.0,1.0,1.0,1.0,0.9950083194675542,0.9950083194675542,0.9850249584026624,0.8286189683860233,0.9896663455644102,1.0,1.0,1.0,1.0,1.0,1.0,1.0,1.0,1.0,1.0,1.0,1.0,1.0,1.0,1.0,0.9950083194675542,0.9950083194675542,0.9850249584026624,0.8286189683860233,0.9896663455644102,0.9643681651850748,0.9643681651850748,0.9643681651850748,0.9643681651850748,0.9643681651850748,0.9643681651850748,0.9643681651850748,0.9643681651850748,0.9643681651850748,0.9643681651850748,0.9643681651850748,0.9643681651850748,0.9643681651850748,0.9643681651850748,0.9643681651850748,0.9653127630560542,0.9653127630560542,0.9661726050971643,0.9718209749557245,0.9649548202074275,1.0,1.0,1.0,1.0,1.0,1.0,1.0,1.0,1.0,1.0,1.0,1.0,1.0,1.0,1.0,0.9925341963194879,0.9925341963194879,0.9777313783216303,0.7656067913013207,0.9857056085401013,601.0,601.0,601.0,601.0,601.0,601.0,601.0,601.0,601.0,601.0,601.0,601.0,601.0,601.0,601.0,598.0,598.0,592.0,498.0,594.7894736842105,0.0,0.0,0.0,0.0,0.0,0.0,0.0,0.0,0.0,0.0,0.0,0.0,0.0,0.0,0.0,3.0,3.0,9.0,103.0,6.2105263157894735,0.0,0.0,0.0,0.0,0.0,0.0,0.0,0.0,0.0,0.0,0.0,0.0,0.0,0.0,0.0,3.0,3.0,9.0,103.0,6.2105263157894735,1.0,0.9643681651850748,1.0,1.0,1.0,1.0,0.0,0.0,0.9643681651850748,1.0,0.0,1.0,579.58526727623,601,0,0,0,1,0,0,0.0,601,1.0,1.0,1.0,601,0,0,601,601,1,1
fencing_003_fencing_aria02_rgb,1.0,0.9420140597221044,0.9420140597221044,1.0,1.0,1.0,1.0,1.0,1.0,1.0,1.0,1.0,1.0,1.0,1.0,0.9965960702406329,0.9915347106985033,0.9881898905562727,0.9700190205056509,0.9302351011057444,0.8088697015746957,0.3720873879662502,0.9503964148761974,1.0,1.0,1.0,1.0,1.0,1.0,1.0,1.0,1.0,1.0,1.0,1.0,0.9965899403239556,0.9914965986394558,0.9881154499151104,0.9697224558452481,0.929159802306425,0.8057054741711642,0.35689455388180763,0.9493518039517456,1.0,1.0,1.0,1.0,1.0,1.0,1.0,1.0,1.0,1.0,1.0,1.0,0.9966022001950146,0.9915728242225371,0.9882643368054934,0.970315675862724,0.9313116443277184,0.8120463557711215,0.3879269738853925,0.9514757900563159,1.0,1.0,1.0,1.0,1.0,1.0,1.0,1.0,1.0,1.0,1.0,1.0,0.9982920580700256,0.9957301451750641,0.9940222032450897,0.9846285226302306,0.9632792485055508,0.892399658411614,0.5260461144321094,0.9660209447615622,1.0,1.0,1.0,1.0,1.0,1.0,1.0,1.0,1.0,1.0,1.0,1.0,0.9982920580700256,0.9957301451750641,0.9940222032450897,0.9846285226302306,0.9632792485055508,0.892399658411614,0.5260461144321094,0.9660209447615622,1.0,1.0,1.0,1.0,1.0,1.0,1.0,1.0,1.0,1.0,1.0,1.0,0.9982951390452177,0.9957494508139988,0.994060107312956,0.9847838494198274,0.9638790886451328,0.8945547649745177,0.5508421020407621,0.9674823422238111,1.0,1.0,1.0,1.0,1.0,1.0,1.0,1.0,1.0,1.0,1.0,1.0,0.9982951390452177,0.9957494508139988,0.994060107312956,0.9847838494198274,0.9638790886451328,0.8945547649745177,0.5508421020407621,0.9674823422238111,0.9420140597221044,0.9420140597221044,0.9420140597221044,0.9420140597221044,0.9420140597221044,0.9420140597221044,0.9420140597221044,0.9420140597221044,0.9420140597221044,0.9420140597221044,0.9420140597221044,0.9420140597221044,0.9425511160842324,0.9432427460525793,0.9436228909876304,0.9451913462107961,0.9477723219801658,0.9529827736402467,0.9663093486481291,0.9445179610667913,1.0,1.0,1.0,1.0,1.0,1.0,1.0,1.0,1.0,1.0,1.0,1.0,0.9974467712664155,0.9936493104786795,0.9911390888568284,0.9774459015258429,0.9471605887453687,0.8512754492551425,0.4517382840714489,0.9584134417999856,1171.0,1171.0,1171.0,1171.0,1171.0,1171.0,1171.0,1171.0,1171.0,1171.0,1171.0,1171.0,1169.0,1166.0,1164.0,1153.0,1128.0,1045.0,616.0,1131.2105263157894,0.0,0.0,0.0,0.0,0.0,0.0,0.0,0.0,0.0,0.0,0.0,0.0,2.0,5.0,7.0,18.0,43.0,126.0,555.0,39.78947368421053,0.0,0.0,0.0,0.0,0.0,0.0,0.0,0.0,0.0,0.0,0.0,0.0,2.0,5.0,7.0,18.0,43.0,126.0,555.0,39.78947368421053,1.0,0.9420140597221044,1.0,1.0,1.0,1.0,0.0,0.0,0.9420140597221044,1.0,0.0,1.0,1103.0984639345843,1171,0,0,0,2,0,0,0.0,601,1.0,1.0,1.0,1171,0,0,1171,1171,2,2
fencing_003_fencing_aria03_rgb,0.9132115485196068,0.9217218503943421,0.8417270383029745,0.9132115485196068,0.9132115485196068,0.9132115485196068,0.9132115485196068,0.9132115485196068,0.9132115485196068,0.9132115485196068,0.9132115485196068,0.9132115485196068,0.9132115485196068,0.9132115485196068,0.9132115485196068,0.9132115485196068,0.9132115485196068,0.9066155813085467,0.8865440302724807,0.7990010413234846,0.5555415400422925,0.14596314165997873,0.8462435270463832,0.9991680532445923,0.9991680532445923,0.9991680532445923,0.9991680532445923,0.9991680532445923,0.9991680532445923,0.9991680532445923,0.9991680532445923,0.9991680532445923,0.9991680532445923,0.9991680532445923,0.9991680532445923,0.9991680532445923,0.9991680532445923,0.9925373134328358,0.9729064039408867,0.8832288401253918,0.6160053799596503,0.16030902945436987,0.9270178795967068,0.8346497164730999,0.8346497164730999,0.8346497164730999,0.8346497164730999,0.8346497164730999,0.8346497164730999,0.8346497164730999,0.8346497164730999,0.8346497164730999,0.8346497164730999,0.8346497164730999,0.8346497164730999,0.8346497164730999,0.8346497164730999,0.828131901085505,0.8078478201275442,0.72280550071868,0.5010125118270521,0.13290105239714717,0.7725155166725962,0.9991680532445923,0.9991680532445923,0.9991680532445923,0.9991680532445923,0.9991680532445923,0.9991680532445923,0.9991680532445923,0.9991680532445923,0.9991680532445923,0.9991680532445923,0.9991680532445923,0.9991680532445923,0.9991680532445923,0.9991680532445923,0.9958402662229617,0.9858569051580699,0.937603993344426,0.762063227953411,0.2762063227953411,0.9445222874157109,1.0,1.0,1.0,1.0,1.0,1.0,1.0,1.0,1.0,1.0,1.0,1.0,1.0,1.0,0.9966694421315571,0.9866777685262281,0.9383846794338052,0.7626977518734388,0.27643630308076605,0.9453087339497785,0.8346497164730999,0.8346497164730999,0.8346497164730999,0.8346497164730999,0.8346497164730999,0.8346497164730999,0.8346497164730999,0.8346497164730999,0.8346497164730999,0.8346497164730999,0.8346497164730999,0.8346497164730999,0.8346497164730999,0.8346497164730999,0.8311196738379504,0.819903536300259,0.7691838654003162,0.6078806065582107,0.1996972916624902,0.784888473914875,1.0,1.0,1.0,1.0,1.0,1.0,1.0,1.0,1.0,1.0,1.0,1.0,1.0,1.0,0.9966725817082334,0.9867802060597058,0.9398985781026392,0.7733367883375253,0.3443789119170438,0.9495298455855341,0.9217218503943421,0.9217218503943421,0.9217218503943421,0.9217218503943421,0.9217218503943421,0.9217218503943421,0.9217218503943421,0.9217218503943421,0.9217218503943421,0.9217218503943421,0.9217218503943421,0.9217218503943421,0.9217218503943421,0.9217218503943421,0.9223813146218756,0.9238801980163266,0.9287523696931794,0.9400941955735445,0.9634641880346436,0.9254041142873871,0.9132115485196068,0.9132115485196068,0.9132115485196068,0.9132115485196068,0.9132115485196068,0.9132115485196068,0.9132115485196068,0.9132115485196068,0.9132115485196068,0.9132115485196068,0.9132115485196068,0.9132115485196068,0.9132115485196068,0.9132115485196068,0.9081228401734629,0.8924249838443755,0.8232285975870565,0.6179022673594666,0.19159360891806118,0.8535912619556272,1201.0,1201.0,1201.0,1201.0,1201.0,1201.0,1201.0,1201.0,1201.0,1201.0,1201.0,1201.0,1201.0,1201.0,1197.0,1185.0,1127.0,916.0,332.0,1135.3157894736842,1.0,1.0,1.0,1.0,1.0,1.0,1.0,1.0,1.0,1.0,1.0,1.0,1.0,1.0,5.0,17.0,75.0,286.0,870.0,66.6842105263158,0.0,0.0,0.0,0.0,0.0,0.0,0.0,0.0,0.0,0.0,0.0,0.0,0.0,0.0,4.0,16.0,74.0,285.0,869.0,65.6842105263158,0.9983361064891847,0.9217218503943421,0.9991680532445923,0.9991680532445923,1.0,1.0,0.0,0.0,0.9201230801361104,0.9995838535164377,0.0,0.9991680532445923,1106.9879423236048,1201,1,0,1,2,0,0,1.0,601,0.8955472326258843,0.8951747088186356,0.8959200666111574,1076,126,125,1201,1202,3,2
fencing_004_fencing_aria01_rgb,0.9518862258052839,0.9456004227010417,0.9001040174847758,0.9518862258052839,0.9518862258052839,0.9518862258052839,0.9518862258052839,0.9518862258052839,0.9518862258052839,0.9518862258052839,0.9518862258052839,0.9518862258052839,0.9479562521882636,0.9440575366871606,0.9440575366871606,0.9440575366871606,0.9440575366871606,0.927728540533167,0.9083081244515098,0.8767988447562904,0.7900954176170808,0.47389841862914983,0.9088416724827191,0.9961538461538462,0.9961538461538462,0.9961538461538462,0.9961538461538462,0.9961538461538462,0.9961538461538462,0.9961538461538462,0.9961538461538462,0.9961538461538462,0.9923224568138196,0.9885057471264368,0.9885057471264368,0.9885057471264368,0.9885057471264368,0.969639468690702,0.9474671669793621,0.915129151291513,0.8052173913043478,0.45174825174825173,0.9474174468799136,0.9095857937769702,0.9095857937769702,0.9095857937769702,0.9095857937769702,0.9095857937769702,0.9095857937769702,0.9095857937769702,0.9095857937769702,0.9095857937769702,0.9055736367673668,0.901607942256944,0.901607942256944,0.901607942256944,0.901607942256944,0.8876291371286391,0.8707675344306577,0.84007400822168,0.7752574344281163,0.4971346547775059,0.8720600167776038,0.9980732177263969,0.9980732177263969,0.9980732177263969,0.9980732177263969,0.9980732177263969,0.9980732177263969,0.9980732177263969,0.9980732177263969,0.9980732177263969,0.9961464354527938,0.9942196531791907,0.9942196531791907,0.9942196531791907,0.9942196531791907,0.9845857418111753,0.9730250481695568,0.9556840077071291,0.8921001926782274,0.6223506743737958,0.9675489301287903,0.9980732177263969,0.9980732177263969,0.9980732177263969,0.9980732177263969,0.9980732177263969,0.9980732177263969,0.9980732177263969,0.9980732177263969,0.9980732177263969,0.9961464354527938,0.9942196531791907,0.9942196531791907,0.9942196531791907,0.9942196531791907,0.9845857418111753,0.9730250481695568,0.9556840077071291,0.8921001926782274,0.6223506743737958,0.9675489301287903,0.9095857937769702,0.9095857937769702,0.9095857937769702,0.9095857937769702,0.9095857937769702,0.9095857937769702,0.9095857937769702,0.9095857937769702,0.9095857937769702,0.9074845063045774,0.9053907664892528,0.9053907664892528,0.9053907664892528,0.9053907664892528,0.8985527492567656,0.8898241625186571,0.8720316833309006,0.8343694078658037,0.6180185260827987,0.8856903287004867,1.0,1.0,1.0,1.0,1.0,1.0,1.0,1.0,1.0,0.9980735949380966,0.9961554153720616,0.9961554153720616,0.9961554153720616,0.9961554153720616,0.9866797808913372,0.9756046628375966,0.9589840316384377,0.9046560446192249,0.6784033290261009,0.973001216075739,0.9456004227010417,0.9456004227010417,0.9456004227010417,0.9456004227010417,0.9456004227010417,0.9456004227010417,0.9456004227010417,0.9456004227010417,0.9456004227010417,0.946498507185893,0.9472715323834987,0.9472715323834987,0.9472715323834987,0.9472715323834987,0.9494299995445583,0.9514975159144752,0.9537046300256092,0.9591434800283403,0.9697146438500696,0.9489199321259113,0.9528028232500151,0.9528028232500151,0.9528028232500151,0.9528028232500151,0.9528028232500151,0.9528028232500151,0.9528028232500151,0.9528028232500151,0.9528028232500151,0.9497810012344085,0.9467820951276501,0.9467820951276501,0.9467820951276501,0.9467820951276501,0.9348513210307907,0.9204773881708757,0.8960163474780396,0.8316293084232607,0.55623024697994,0.9184915475304237,518.0,518.0,518.0,518.0,518.0,518.0,518.0,518.0,518.0,517.0,516.0,516.0,516.0,516.0,511.0,505.0,496.0,463.0,323.0,502.1578947368421,1.0,1.0,1.0,1.0,1.0,1.0,1.0,1.0,1.0,2.0,3.0,3.0,3.0,3.0,8.0,14.0,23.0,56.0,196.0,16.842105263157894,1.0,1.0,1.0,1.0,1.0,1.0,1.0,1.0,1.0,2.0,3.0,3.0,3.0,3.0,8.0,14.0,23.0,56.0,196.0,16.842105263157894,0.9884393063583815,0.946498507185893,0.9922928709055877,0.9961464354527938,0.9961464354527938,1.0,0.0,0.0,0.9351439850002056,0.9961464354527938,0.006430868167202572,0.9917128516461196,489.3397282151067,517,2,2,2,2,0,0,2.0,311,0.9479768786127167,0.9479768786127167,0.9479768786127167,492,27,27,519,519,5,2
fencing_004_fencing_aria02_rgb,1.0,0.9476633584935833,0.9476633584935833,1.0,1.0,1.0,1.0,1.0,1.0,1.0,1.0,1.0,1.0,1.0,1.0,1.0,1.0,0.9936509886988928,0.9810742995969995,0.9503227758902483,0.8562374462896754,0.4444555821468217,0.9592495311906654,1.0,1.0,1.0,1.0,1.0,1.0,1.0,1.0,1.0,1.0,1.0,1.0,1.0,1.0,0.9936507936507937,0.9810725552050473,0.9503105590062112,0.8525073746312685,0.4436781609195402,0.9590115496533084,1.0,1.0,1.0,1.0,1.0,1.0,1.0,1.0,1.0,1.0,1.0,1.0,1.0,1.0,0.9936511837470303,0.9810760439920535,0.9503349929313417,0.8599838385512711,0.4452343655862152,0.959488443410943,1.0,1.0,1.0,1.0,1.0,1.0,1.0,1.0,1.0,1.0,1.0,1.0,1.0,1.0,0.9968152866242038,0.9904458598726115,0.9745222929936306,0.9203821656050956,0.6146496815286624,0.9735165940328527,1.0,1.0,1.0,1.0,1.0,1.0,1.0,1.0,1.0,1.0,1.0,1.0,1.0,1.0,0.9968152866242038,0.9904458598726115,0.9745222929936306,0.9203821656050956,0.6146496815286624,0.9735165940328527,1.0,1.0,1.0,1.0,1.0,1.0,1.0,1.0,1.0,1.0,1.0,1.0,1.0,1.0,0.99681538477343,0.9904467488963099,0.9745287182397074,0.9239941106005481,0.6158916859648246,0.9737724551828855,1.0,1.0,1.0,1.0,1.0,1.0,1.0,1.0,1.0,1.0,1.0,1.0,1.0,1.0,0.99681538477343,0.9904467488963099,0.9745287182397074,0.9239941106005481,0.6158916859648246,0.9737724551828855,0.9476633584935833,0.9476633584935833,0.9476633584935833,0.9476633584935833,0.9476633584935833,0.9476633584935833,0.9476633584935833,0.9476633584935833,0.9476633584935833,0.9476633584935833,0.9476633584935833,0.9476633584935833,0.9476633584935833,0.9476633584935833,0.9483441152684887,0.9494905074335599,0.9512814932722653,0.9556009077710736,0.9673170343758922,0.9494379514227077,1.0,1.0,1.0,1.0,1.0,1.0,1.0,1.0,1.0,1.0,1.0,1.0,1.0,1.0,0.9952319777475378,0.9857498191692096,0.9623526569940651,0.8896706062983096,0.5231282452832988,0.9661122792364432,314.0,314.0,314.0,314.0,314.0,314.0,314.0,314.0,314.0,314.0,314.0,314.0,314.0,314.0,313.0,311.0,306.0,289.0,193.0,305.6842105263158,0.0,0.0,0.0,0.0,0.0,0.0,0.0,0.0,0.0,0.0,0.0,0.0,0.0,0.0,1.0,3.0,8.0,25.0,121.0,8.31578947368421,0.0,0.0,0.0,0.0,0.0,0.0,0.0,0.0,0.0,0.0,0.0,0.0,0.0,0.0,1.0,3.0,8.0,25.0,121.0,8.31578947368421,1.0,0.9476633584935833,1.0,1.0,1.0,1.0,0.0,0.0,0.9476633584935833,1.0,0.0,1.0,297.56629456698516,314,0,0,0,2,0,0,0.0,311,1.0,1.0,1.0,314,0,0,314,314,2,2
fencing_004_fencing_aria03_rgb,0.8513233370350642,0.9073552936408078,0.7724527364587231,0.8513233370350642,0.8513233370350642,0.8513233370350642,0.8513233370350642,0.8513233370350642,0.8513233370350642,0.8513233370350642,0.8513233370350642,0.8513233370350642,0.8503327392815604,0.8503327392815604,0.8503327392815604,0.844202266013285,0.8392409149409124,0.8323127595040616,0.8097627758581575,0.6924848861225503,0.44913974169715815,0.08907918363636944,0.7773226725754082,1.0,1.0,1.0,1.0,1.0,1.0,1.0,1.0,1.0,0.9966273187183811,0.9966273187183811,0.9966273187183811,0.9899159663865547,0.979933110367893,0.9700499168053245,0.934640522875817,0.7777777777777778,0.48930817610062893,0.0962962962962963,0.9067265117244965,0.7247514241805175,0.7247514241805175,0.7247514241805175,0.7247514241805175,0.7247514241805175,0.7247514241805175,0.7247514241805175,0.7247514241805175,0.7247514241805175,0.7255126905651281,0.7255126905651281,0.7255126905651281,0.719937338260559,0.7187483572694439,0.7141328684555623,0.7015700016386212,0.616545408224779,0.4122688265284653,0.0824029714798826,0.6665740347988082,1.0,1.0,1.0,1.0,1.0,1.0,1.0,1.0,1.0,0.9983108108108109,0.9983108108108109,0.9983108108108109,0.9949324324324325,0.9898648648648649,0.9847972972972973,0.9662162162162162,0.875,0.6570945945945946,0.17567567567567569,0.9283428165007112,1.0,1.0,1.0,1.0,1.0,1.0,1.0,1.0,1.0,0.9983108108108109,0.9983108108108109,0.9983108108108109,0.9949324324324325,0.9898648648648649,0.9847972972972973,0.9662162162162162,0.875,0.6570945945945946,0.17567567567567569,0.9283428165007112,0.7247514241805175,0.7247514241805175,0.7247514241805175,0.7247514241805175,0.7247514241805175,0.7247514241805175,0.7247514241805175,0.7247514241805175,0.7247514241805175,0.7255401394673625,0.7255401394673625,0.7255401394673625,0.7223132398765367,0.7223215517436229,0.7199522357799212,0.7144577505162113,0.6666969680671438,0.5174604078474561,0.1362016266446502,0.678883527184331,1.0,1.0,1.0,1.0,1.0,1.0,1.0,1.0,1.0,0.9983524801852348,0.9983524801852348,0.9983524801852348,0.994979132821896,0.9902282036709297,0.9854605688644468,0.967480971597667,0.880503297798688,0.6683162786368058,0.1865236349069395,0.9299236594133199,0.9073552936408078,0.9073552936408078,0.9073552936408078,0.9073552936408078,0.9073552936408078,0.9073552936408078,0.9073552936408078,0.9073552936408078,0.9073552936408078,0.9081154935659115,0.9081154935659115,0.9081154935659115,0.9090053556253959,0.910219271672647,0.9111267697582424,0.9136635322169788,0.9222480456567933,0.9363972328108201,0.9624284411139417,0.9134543564378855,0.8513233370350642,0.8513233370350642,0.8513233370350642,0.8513233370350642,0.8513233370350642,0.8513233370350642,0.8513233370350642,0.8513233370350642,0.8513233370350642,0.8510506226844593,0.8510506226844593,0.8510506226844593,0.8463385889550995,0.8434831032927463,0.8386155965436155,0.8233275851045397,0.7344911382696742,0.5204801796723014,0.1203170714920032,0.786427113931523,592.0,592.0,592.0,592.0,592.0,592.0,592.0,592.0,592.0,591.0,591.0,591.0,589.0,586.0,583.0,572.0,518.0,389.0,104.0,549.578947368421,0.0,0.0,0.0,0.0,0.0,0.0,0.0,0.0,0.0,1.0,1.0,1.0,3.0,6.0,9.0,20.0,74.0,203.0,488.0,42.421052631578945,0.0,0.0,0.0,0.0,0.0,0.0,0.0,0.0,0.0,1.0,1.0,1.0,3.0,6.0,9.0,20.0,74.0,203.0,488.0,42.421052631578945,0.9915540540540541,0.9081154935659115,0.9966216216216216,0.9983108108108109,0.9983108108108109,1.0,0.0,0.0,0.899824757934888,0.9983108108108109,0.003215434083601286,0.9958156735562167,536.6962566974537,591,1,1,3,2,0,0,2.0,311,0.8378378378378378,0.8378378378378378,0.8378378378378378,496,96,96,592,592,5,2
fencing_005_fencing_aria01_rgb,0.8570880327540564,0.945916944129553,0.8107340927927272,0.8570880327540564,0.8570880327540564,0.8570880327540564,0.8564405188747268,0.8564405188747268,0.8564405188747268,0.8564405188747268,0.8564405188747268,0.8551559573418421,0.8539924164907389,0.8521983699091101,0.8521983699091101,0.8521983699091101,0.8509372860172624,0.8469378276538582,0.8444405695333393,0.8332659884514937,0.7778657150130482,0.4402153263666545,0.8269933099595458,1.0,1.0,1.0,0.9982578397212544,0.9982578397212544,0.9982578397212544,0.9982578397212544,0.9982578397212544,0.9947826086956522,0.9930495221546481,0.98959236773634,0.98959236773634,0.98959236773634,0.9861471861471861,0.9758828596037898,0.9724849527085124,0.9540034071550255,0.8680781758957655,0.402200488997555,0.9529839738512328,0.7345998958902185,0.7345998958902185,0.7345998958902185,0.7347704502628553,0.7347704502628553,0.7347704502628553,0.7347704502628553,0.7347704502628553,0.7351271574159343,0.7344075306952486,0.7338800149974878,0.7338800149974878,0.7338800149974878,0.7342659137561545,0.7350305181118386,0.7332554334005469,0.7278089389435648,0.6970283177184898,0.48182321719971405,0.7188441584852046,1.0,1.0,1.0,0.999128160418483,0.999128160418483,0.999128160418483,0.999128160418483,0.999128160418483,0.997384481255449,0.9965126416739319,0.994768962510898,0.994768962510898,0.994768962510898,0.993025283347864,0.987794245858762,0.986050566695728,0.976460331299041,0.9293809938971229,0.5736704446381866,0.969485614646905,1.0,1.0,1.0,0.999128160418483,0.999128160418483,0.999128160418483,0.999128160418483,0.999128160418483,0.997384481255449,0.9965126416739319,0.994768962510898,0.994768962510898,0.994768962510898,0.993025283347864,0.987794245858762,0.986050566695728,0.976460331299041,0.9293809938971229,0.5736704446381866,0.969485614646905,0.7345998958902185,0.7345998958902185,0.7345998958902185,0.7348205895326314,0.7348205895326314,0.7348205895326314,0.7348205895326314,0.7348205895326314,0.7352727400804323,0.7348664750239553,0.7346938775510204,0.7346938775510204,0.7346938775510204,0.7351670863523365,0.736396289794348,0.735538112542398,0.7334764779135767,0.720059656555428,0.5974505250711574,0.7268532437537109,1.0,1.0,1.0,0.9991340102596648,0.9991340102596648,0.9991340102596648,0.9991340102596648,0.9991340102596648,0.99743722186904,0.9965627564292823,0.9948583761990913,0.9948583761990913,0.9948583761990913,0.9932264463517809,0.9886304925995579,0.9869841758778964,0.9787078292759089,0.9390683268020111,0.6539667213646777,0.9744646921297765,0.945916944129553,0.945916944129553,0.945916944129553,0.9465844534523875,0.9465844534523875,0.9465844534523875,0.9465844534523875,0.9465844534523875,0.9475045633218351,0.9478994580258953,0.9486249103133677,0.9486249103133677,0.9486249103133677,0.9491184203324716,0.950334914988487,0.9506480446513942,0.9517984777283268,0.9553513135941571,0.9683382908229208,0.9493442796871678,0.8570880327540564,0.8570880327540564,0.8570880327540564,0.8568137769089541,0.8568137769089541,0.8568137769089541,0.8568137769089541,0.8568137769089541,0.8562735652559201,0.8554802092850257,0.8544244034006363,0.8544244034006363,0.8544244034006363,0.8538996528049321,0.8520909084842172,0.8503099056446014,0.8430163448256722,0.804863262110807,0.5257449374439677,0.8347518409928417,1147.0,1147.0,1147.0,1146.0,1146.0,1146.0,1146.0,1146.0,1144.0,1143.0,1141.0,1141.0,1141.0,1139.0,1133.0,1131.0,1120.0,1066.0,658.0,1112.0,0.0,0.0,0.0,1.0,1.0,1.0,1.0,1.0,3.0,4.0,6.0,6.0,6.0,8.0,14.0,16.0,27.0,81.0,489.0,35.0,0.0,0.0,0.0,1.0,1.0,1.0,1.0,1.0,3.0,4.0,6.0,6.0,6.0,8.0,14.0,16.0,27.0,81.0,489.0,35.0,0.990409764603313,0.9478994580258953,0.993025283347864,0.9965126416739319,0.9965126416739319,1.0,0.0,0.0,0.9384909158880542,0.9965126416739319,0.0066555740432612314,0.9926093101528164,1083.4490805235982,1143,4,4,3,2,0,0,5.0,601,0.8090671316477768,0.8090671316477768,0.8090671316477768,928,219,219,1147,1147,5,2
fencing_005_fencing_aria02_rgb,0.6555170863132965,0.9497673523116974,0.6225887274628581,0.6555170863132965,0.6555170863132965,0.6555170863132965,0.6555170863132965,0.6555170863132965,0.6555170863132965,0.654561662709597,0.654561662709597,0.654561662709597,0.654561662709597,0.654561662709597,0.6520143208090063,0.6520143208090063,0.6476350474734743,0.6467581683742607,0.6345038991266648,0.6194063782658351,0.5847147993313319,0.39590990015644334,0.633624613988094,0.9964664310954063,0.9964664310954063,0.9964664310954063,0.9964664310954063,0.9964664310954063,0.9964664310954063,0.9929453262786596,0.9929453262786596,0.9929453262786596,0.9929453262786596,0.9929453262786596,0.9894366197183099,0.9894366197183099,0.978984238178634,0.9755244755244755,0.9482758620689655,0.9120135363790186,0.8464052287581699,0.5521978021978022,0.9545157684478643,0.4312264187126762,0.4312264187126762,0.4312264187126762,0.4312264187126762,0.4312264187126762,0.4312264187126762,0.4314950269164287,0.4314950269164287,0.4314950269164287,0.4314950269164287,0.4314950269164287,0.42966135078067064,0.42966135078067064,0.42843504354708145,0.428791013299731,0.42455493608004674,0.42067825326328706,0.4039334646581714,0.28385598134948314,0.4207581600324918,0.9964664310954063,0.9964664310954063,0.9964664310954063,0.9964664310954063,0.9964664310954063,0.9964664310954063,0.9946996466431095,0.9946996466431095,0.9946996466431095,0.9946996466431095,0.9946996466431095,0.9929328621908127,0.9929328621908127,0.9876325088339223,0.9858657243816255,0.9717314487632509,0.9522968197879859,0.9151943462897526,0.7102473498233216,0.9716384601078668,1.0,1.0,1.0,1.0,1.0,1.0,0.99822695035461,0.99822695035461,0.99822695035461,0.99822695035461,0.99822695035461,0.9964539007092199,0.9964539007092199,0.9911347517730497,0.9893617021276596,0.975177304964539,0.9556737588652482,0.9184397163120568,0.7127659574468085,0.9750839865621502,0.4312264187126762,0.4312264187126762,0.4312264187126762,0.4312264187126762,0.4312264187126762,0.4312264187126762,0.4315211261660753,0.4315211261660753,0.4315211261660753,0.4315211261660753,0.4315211261660753,0.43026179544692456,0.43026179544692456,0.42939466697153844,0.42976188000209964,0.42748122283905643,0.4256390591605529,0.41438952077249946,0.3208225638475604,0.42384087618913635,1.0,1.0,1.0,1.0,1.0,1.0,0.9984775437706165,0.9984775437706165,0.9984775437706165,0.9984775437706165,0.9984775437706165,0.9967015070700456,0.9967015070700456,0.992323339845019,0.9912855168493495,0.9782923481746602,0.9652597393256792,0.9329640145876229,0.7408330339267432,0.9782499329316972,0.9497673523116974,0.9497673523116974,0.9497673523116974,0.9497673523116974,0.9497673523116974,0.9497673523116974,0.9508671940146384,0.9508671940146384,0.9508671940146384,0.9508671940146384,0.9508671940146384,0.951507928917028,0.951507928917028,0.9529549558854572,0.9533909746912868,0.9560059709728098,0.9588192953950295,0.9620000171810105,0.9698725685927566,0.9531052486576729,0.6555170863132965,0.6555170863132965,0.6555170863132965,0.6555170863132965,0.6555170863132965,0.6555170863132965,0.65513964221533,0.65513964221533,0.65513964221533,0.65513964221533,0.65513964221533,0.653165273727425,0.653165273727425,0.6504893365234935,0.6501771781099906,0.6423031862887286,0.6329380402034572,0.6080112031306578,0.4490077488028114,0.6393714720773905,564.0,564.0,564.0,564.0,564.0,564.0,563.0,563.0,563.0,563.0,563.0,562.0,562.0,559.0,558.0,550.0,539.0,518.0,402.0,549.9473684210526,2.0,2.0,2.0,2.0,2.0,2.0,3.0,3.0,3.0,3.0,3.0,4.0,4.0,7.0,8.0,16.0,27.0,48.0,164.0,16.05263157894737,0.0,0.0,0.0,0.0,0.0,0.0,1.0,1.0,1.0,1.0,1.0,2.0,2.0,5.0,6.0,14.0,25.0,46.0,162.0,14.052631578947368,0.9823321554770318,0.9508671940146384,0.9929328621908127,0.9946996466431095,0.99822695035461,1.0,0.0,0.0,0.9334597707248081,0.9964601769911504,0.0016638935108153079,0.9915580366600996,535.3382302302414,563,3,1,6,2,0,0,5.0,601,0.5663716814159292,0.5653710247349824,0.5673758865248227,320,246,244,564,566,8,2
fencing_005_fencing_aria03_rgb,0.6740877397645064,0.9271860709614727,0.6250047629155524,0.6740877397645064,0.6740877397645064,0.6740877397645064,0.6740877397645064,0.6740877397645064,0.6740877397645064,0.6740877397645064,0.6740877397645064,0.6740877397645064,0.6740877397645064,0.6731126174190625,0.672142539939102,0.672142539939102,0.6672698594341262,0.6591120274918203,0.6490866430991489,0.6266950809786269,0.4991649499550207,0.1595124215762553,0.6325850567093332,0.998220640569395,0.998220640569395,0.998220640569395,0.998220640569395,0.998220640569395,0.998220640569395,0.998220640569395,0.998220640569395,0.998220640569395,0.998220640569395,0.9964444444444445,0.9946714031971581,0.9946714031971581,0.9823477493380406,0.9684487291849255,0.9530434782608695,0.9147485080988917,0.7079847908745247,0.1946808510638298,0.9310130401765153,0.45520425288103633,0.45520425288103633,0.45520425288103633,0.45520425288103633,0.45520425288103633,0.45520425288103633,0.45520425288103633,0.45520425288103633,0.45520425288103633,0.45520425288103633,0.4546972972300033,0.45419582039219336,0.45419582039219336,0.45324994698595444,0.44858199684975153,0.44207161568173364,0.42934940155196033,0.3519364405495508,0.13069704851854502,0.4300535745769605,0.998220640569395,0.998220640569395,0.998220640569395,0.998220640569395,0.998220640569395,0.998220640569395,0.998220640569395,0.998220640569395,0.998220640569395,0.998220640569395,0.9973309608540926,0.99644128113879,0.99644128113879,0.9902135231316725,0.9830960854092526,0.9750889679715302,0.9546263345195729,0.8282918149466192,0.32562277580071175,0.9489136542423676,1.0,1.0,1.0,1.0,1.0,1.0,1.0,1.0,1.0,1.0,0.9991087344028521,0.9982174688057041,0.9982174688057041,0.9919786096256684,0.9848484848484849,0.9768270944741533,0.9563279857397504,0.8297682709447415,0.32620320855614976,0.9506051224317479,0.45520425288103633,0.45520425288103633,0.45520425288103633,0.45520425288103633,0.45520425288103633,0.45520425288103633,0.45520425288103633,0.45520425288103633,0.45520425288103633,0.45520425288103633,0.45485586712905596,0.45451002541974234,0.45451002541974234,0.45415821219428487,0.45100383033737224,0.4464321073591729,0.4375044379354724,0.3783454103125813,0.164994657321131,0.43412405801257464,1.0,1.0,1.0,1.0,1.0,1.0,1.0,1.0,1.0,1.0,0.9991116718112565,0.9982292289300657,0.9982292289300657,0.9922125753758848,0.9852319176920942,0.977320167376911,0.9569873719367089,0.835947204605775,0.37779080769178475,0.9537400091763447,0.9271860709614727,0.9271860709614727,0.9271860709614727,0.9271860709614727,0.9271860709614727,0.9271860709614727,0.9271860709614727,0.9271860709614727,0.9271860709614727,0.9271860709614727,0.9275545389390218,0.9278710498715999,0.9278710498715999,0.9294866180390392,0.9309541384737388,0.9322551242444888,0.9345157883099566,0.9423651561800668,0.9641507940051056,0.9309939456604921,0.6740877397645064,0.6740877397645064,0.6740877397645064,0.6740877397645064,0.6740877397645064,0.6740877397645064,0.6740877397645064,0.6740877397645064,0.6740877397645064,0.6740877397645064,0.6734119781709842,0.6727402657485881,0.6727402657485881,0.6699359871392234,0.664077710127404,0.6565509542332633,0.6402095324436525,0.5399130236331037,0.20629574820526217,0.6387764664786912,1122.0,1122.0,1122.0,1122.0,1122.0,1122.0,1122.0,1122.0,1122.0,1122.0,1121.0,1120.0,1120.0,1113.0,1105.0,1096.0,1073.0,931.0,366.0,1066.578947368421,2.0,2.0,2.0,2.0,2.0,2.0,2.0,2.0,2.0,2.0,3.0,4.0,4.0,11.0,19.0,28.0,51.0,193.0,758.0,57.421052631578945,0.0,0.0,0.0,0.0,0.0,0.0,0.0,0.0,0.0,0.0,1.0,2.0,2.0,9.0,17.0,26.0,49.0,191.0,756.0,55.421052631578945,0.9955516014234875,0.9271860709614727,0.998220640569395,0.998220640569395,1.0,1.0,0.0,0.0,0.9228672345362743,0.9991095280498664,0.0,0.9977961554673314,1040.3027716187723,1122,2,0,3,2,0,0,1.0,601,0.4995547640249332,0.4991103202846975,0.5,561,563,561,1122,1124,5,2
fencing_006_fencing_aria01_rgb,0.7010987974085742,0.9392610789701855,0.6585148129186769,0.7010987974085742,0.7010987974085742,0.7010987974085742,0.7010987974085742,0.7010987974085742,0.7010987974085742,0.7010987974085742,0.6997919690658112,0.6997919690658112,0.6997919690658112,0.6984902368171018,0.6984902368171018,0.6984902368171018,0.6959019927653189,0.6817338490039816,0.6685536569990151,0.6329808404571937,0.57323005433705,0.28023198084270035,0.665008977574422,0.9974895397489539,0.9974895397489539,0.9974895397489539,0.9974895397489539,0.9974895397489539,0.9974895397489539,0.9974895397489539,0.995819397993311,0.995819397993311,0.995819397993311,0.9941520467836257,0.9941520467836257,0.9941520467836257,0.9908256880733946,0.9710982658959537,0.9517579721995094,0.9004777070063694,0.8042328042328042,0.3275862068965517,0.9420168293093721,0.49277661984451343,0.49277661984451343,0.49277661984451343,0.49277661984451343,0.49277661984451343,0.49277661984451343,0.49277661984451343,0.4917646723450297,0.4917646723450297,0.4917646723450297,0.49075854393427454,0.49075854393427454,0.49075854393427454,0.48876365375265624,0.47859321471343186,0.4696193836483707,0.4449468779387132,0.4085790749467344,0.23972304521301935,0.4698542756822333,0.998324958123953,0.998324958123953,0.998324958123953,0.998324958123953,0.998324958123953,0.998324958123953,0.998324958123953,0.9974874371859297,0.9974874371859297,0.9974874371859297,0.9966499162479062,0.9966499162479062,0.9966499162479062,0.9949748743718593,0.9849246231155779,0.9748743718592965,0.9472361809045227,0.8911222780569514,0.4932998324958124,0.9609009962091157,0.9991617770326907,0.9991617770326907,0.9991617770326907,0.9991617770326907,0.9991617770326907,0.9991617770326907,0.9991617770326907,0.9983235540653814,0.9983235540653814,0.9983235540653814,0.9974853310980721,0.9974853310980721,0.9974853310980721,0.9958088851634534,0.9857502095557418,0.9756915339480302,0.9480301760268232,0.8918692372170998,0.49371332774518023,0.9617064454934487,0.4927828145827328,0.4927828145827328,0.4927828145827328,0.4927828145827328,0.4927828145827328,0.4927828145827328,0.4927828145827328,0.4921166459267483,0.4921166459267483,0.4921166459267483,0.4914521541192594,0.4914521541192594,0.4914521541192594,0.4901282179876317,0.4833461239981369,0.47724362414969074,0.45942423612705646,0.43168319888648726,0.2789599215688131,0.4747879697334194,0.9991772070211667,0.9991772070211667,0.9991772070211667,0.9991772070211667,0.9991772070211667,0.9991772070211667,0.9991772070211667,0.9983390552044995,0.9983390552044995,0.9983390552044995,0.9975038375517171,0.9975038375517171,0.9975038375517171,0.9958422343758261,0.9860428763086067,0.9763365750658848,0.9511969389097332,0.9016707058032595,0.5887746872438254,0.9674543760591554,0.9392610789701855,0.9392610789701855,0.9392610789701855,0.9392610789701855,0.9392610789701855,0.9392610789701855,0.9392610789701855,0.9397359035281677,0.9397359035281677,0.9397359035281677,0.9400637538260258,0.9400637538260258,0.9400637538260258,0.9404768225263379,0.9427009058643071,0.9443577264686377,0.94773128822502,0.9518630511976635,0.9681524990374354,0.942605727272278,0.701392328423071,0.701392328423071,0.701392328423071,0.701392328423071,0.701392328423071,0.701392328423071,0.701392328423071,0.7003778142660018,0.7003778142660018,0.7003778142660018,0.6993671866123253,0.6993671866123253,0.6993671866123253,0.6973575517552528,0.686569910225681,0.6766238997014186,0.6492070404455403,0.6034019522946009,0.34388273880636766,0.6718960207802811,1192.0,1192.0,1192.0,1192.0,1192.0,1192.0,1192.0,1191.0,1191.0,1191.0,1190.0,1190.0,1190.0,1188.0,1176.0,1164.0,1131.0,1064.0,589.0,1147.3157894736842,2.0,2.0,2.0,2.0,2.0,2.0,2.0,3.0,3.0,3.0,4.0,4.0,4.0,6.0,18.0,30.0,63.0,130.0,605.0,46.68421052631579,1.0,1.0,1.0,1.0,1.0,1.0,1.0,2.0,2.0,2.0,3.0,3.0,3.0,5.0,17.0,29.0,62.0,129.0,604.0,45.68421052631579,0.9932998324958124,0.9397359035281677,0.9958123953098827,0.9974874371859297,0.9983235540653814,1.0,0.0,0.0,0.9331871533517988,0.9979053204859657,0.0033277870216306157,0.9954127962690791,1119.2254611020478,1191,3,2,3,2,0,0,4.0,601,0.5990783410138248,0.5988274706867671,0.5993294216261525,715,479,478,1193,1194,5,2
fencing_006_fencing_aria02_rgb,1.0,0.9623649432268677,0.9623649432268677,1.0,1.0,1.0,1.0,1.0,1.0,1.0,1.0,1.0,1.0,1.0,1.0,0.9966777408637874,0.9900662251655629,0.9867768595041322,0.9802306425041186,0.967266775777414,0.9418416801292407,0.7146932952924394,0.9777659589071943,1.0,1.0,1.0,1.0,1.0,1.0,1.0,1.0,1.0,1.0,1.0,1.0,0.9966777408637874,0.9900662251655629,0.9867768595041322,0.9802306425041186,0.967266775777414,0.9418416801292407,0.7146932952924394,0.9777659589071943,1.0,1.0,1.0,1.0,1.0,1.0,1.0,1.0,1.0,1.0,1.0,1.0,0.9966777408637874,0.9900662251655629,0.9867768595041322,0.9802306425041186,0.967266775777414,0.9418416801292407,0.7146932952924394,0.9777659589071943,1.0,1.0,1.0,1.0,1.0,1.0,1.0,1.0,1.0,1.0,1.0,1.0,0.9983361064891847,0.9950083194675541,0.9933444259567388,0.9900166389351082,0.9833610648918469,0.9700499168053245,0.8336106489184693,0.9875645853402224,1.0,1.0,1.0,1.0,1.0,1.0,1.0,1.0,1.0,1.0,1.0,1.0,0.9983361064891847,0.9950083194675541,0.9933444259567388,0.9900166389351082,0.9833610648918469,0.9700499168053245,0.8336106489184693,0.9875645853402224,1.0,1.0,1.0,1.0,1.0,1.0,1.0,1.0,1.0,1.0,1.0,1.0,0.9983361064891847,0.9950083194675542,0.9933444259567388,0.9900166389351083,0.9833610648918469,0.9700499168053244,0.8336106489184693,0.9875645853402224,1.0,1.0,1.0,1.0,1.0,1.0,1.0,1.0,1.0,1.0,1.0,1.0,0.9983361064891847,0.9950083194675542,0.9933444259567388,0.9900166389351083,0.9833610648918469,0.9700499168053244,0.8336106489184693,0.9875645853402224,0.9623649432268677,0.9623649432268677,0.9623649432268677,0.9623649432268677,0.9623649432268677,0.9623649432268677,0.9623649432268677,0.9623649432268677,0.9623649432268677,0.9623649432268677,0.9623649432268677,0.9623649432268677,0.9629451259943111,0.9638767069097838,0.9642424050475985,0.9649119556525138,0.965808533158936,0.9670505731371974,0.9718950855714005,0.9636373528523239,1.0,1.0,1.0,1.0,1.0,1.0,1.0,1.0,1.0,1.0,1.0,1.0,0.997506579045166,0.9925341963194879,0.9900551969721313,0.9851114891590338,0.9752807219785395,0.9558417460297269,0.7718652354306479,0.9825365876281439,601.0,601.0,601.0,601.0,601.0,601.0,601.0,601.0,601.0,601.0,601.0,601.0,600.0,598.0,597.0,595.0,591.0,583.0,501.0,593.5263157894736,0.0,0.0,0.0,0.0,0.0,0.0,0.0,0.0,0.0,0.0,0.0,0.0,1.0,3.0,4.0,6.0,10.0,18.0,100.0,7.473684210526316,0.0,0.0,0.0,0.0,0.0,0.0,0.0,0.0,0.0,0.0,0.0,0.0,1.0,3.0,4.0,6.0,10.0,18.0,100.0,7.473684210526316,1.0,0.9623649432268677,1.0,1.0,1.0,1.0,0.0,0.0,0.9623649432268677,1.0,0.0,1.0,578.3813308793475,601,0,0,0,1,0,0,0.0,601,1.0,1.0,1.0,601,0,0,601,601,1,1
fencing_006_fencing_aria03_rgb,0.49432799974337444,0.91663835038132,0.45312000223206433,0.49432799974337444,0.49432799974337444,0.49432799974337444,0.49432799974337444,0.49432799974337444,0.49432799974337444,0.49432799974337444,0.49432799974337444,0.49411882136348295,0.49411882136348295,0.49411882136348295,0.49300161780322455,0.4914546499533014,0.4869068823560836,0.4772427278863912,0.46161065334768764,0.4230247712536054,0.3427316798093156,0.12636363254966765,0.4599640566840379,0.9858921161825727,0.9858921161825727,0.9858921161825727,0.9858921161825727,0.9858921161825727,0.9858921161825727,0.9858921161825727,0.9858921161825727,0.9842454394693201,0.9842454394693201,0.9842454394693201,0.9809602649006622,0.9744224422442245,0.964696223316913,0.9376518218623482,0.887223974763407,0.7818317200297841,0.5889774236387783,0.17131669114047968,0.9014186215665861,0.24785690778871558,0.24785690778871558,0.24785690778871558,0.24785690778871558,0.24785690778871558,0.24785690778871558,0.24785690778871558,0.24785690778871558,0.24806150969546667,0.24806150969546667,0.24806150969546667,0.2477680328684969,0.24786751873699836,0.2457543694641772,0.242905325846933,0.2401697895290775,0.2288855165499655,0.19943889125529013,0.0932061407726691,0.23542291454840694,0.9883527454242929,0.9883527454242929,0.9883527454242929,0.9883527454242929,0.9883527454242929,0.9883527454242929,0.9883527454242929,0.9883527454242929,0.9875207986688852,0.9875207986688852,0.9875207986688852,0.9858569051580699,0.9825291181364393,0.9775374376039934,0.9633943427620633,0.9359400998336106,0.8735440931780366,0.737936772046589,0.2911813643926789,0.9272265522374988,0.9974811083123426,0.9974811083123426,0.9974811083123426,0.9974811083123426,0.9974811083123426,0.9974811083123426,0.9974811083123426,0.9974811083123426,0.9966414777497901,0.9966414777497901,0.9966414777497901,0.9949622166246851,0.9916036943744753,0.9865659109991604,0.9722921914357683,0.9445843828715366,0.8816120906801007,0.744752308984047,0.2938706968933669,0.9357903575058554,0.2737917163873903,0.2737917163873903,0.2737917163873903,0.2737917163873903,0.2737917163873903,0.2737917163873903,0.2737917163873903,0.2737917163873903,0.27401816966106757,0.27401816966106757,0.27401816966106757,0.27373926718479047,0.27387461766375826,0.2718093956880377,0.26955074875207985,0.26740765391014976,0.25859123682750973,0.23185896485939442,0.12491561682909437,0.2623229337787968,0.8374218050312328,0.8374218050312328,0.8374218050312328,0.8374218050312328,0.8374218050312328,0.8374218050312328,0.8374218050312328,0.8374218050312328,0.8368636094162633,0.8368636094162633,0.8368636094162633,0.8367422821747718,0.8369503151487997,0.833932674849785,0.8227263046005675,0.8080199711010109,0.7638139295162726,0.6705745800823898,0.296230073333961,0.793629231542432,0.91663835038132,0.91663835038132,0.91663835038132,0.91663835038132,0.91663835038132,0.91663835038132,0.91663835038132,0.91663835038132,0.9170466080779537,0.9170466080779537,0.9170466080779537,0.9176116728572623,0.9185264704362404,0.9197397198993179,0.922474750514912,0.926594531494286,0.9337317501894905,0.9431627769490549,0.9644043106950716,0.922657505806319,0.494944497176555,0.494944497176555,0.494944497176555,0.494944497176555,0.494944497176555,0.494944497176555,0.494944497176555,0.494944497176555,0.4949402996053935,0.4949402996053935,0.4949402996053935,0.49423053940528533,0.4934947361414611,0.4901368141713055,0.48374953927390035,0.4741144764599179,0.447148287479921,0.38363171353979525,0.16474189278978765,0.4671381513415787,1188.0,1188.0,1188.0,1188.0,1188.0,1188.0,1188.0,1188.0,1187.0,1187.0,1187.0,1185.0,1181.0,1175.0,1158.0,1125.0,1050.0,887.0,350.0,1114.5263157894738,14.0,14.0,14.0,14.0,14.0,14.0,14.0,14.0,15.0,15.0,15.0,17.0,21.0,27.0,44.0,77.0,152.0,315.0,852.0,87.47368421052632,3.0,3.0,3.0,3.0,3.0,3.0,3.0,3.0,4.0,4.0,4.0,6.0,10.0,16.0,33.0,66.0,141.0,304.0,841.0,76.47368421052632,0.9683860232945092,0.9086802163094987,0.980865224625624,0.9858569051580699,0.9949622166246851,1.0,0.0,0.0,0.8783577839656871,0.9903886335144171,0.009983361064891847,0.9798867793185893,1076.786056326756,1185,17,6,15,2,0,0,9.0,601,0.3710823234433765,0.36938435940099834,0.37279596977329976,444,758,747,1191,1202,13,2
fencing_008_fencing_aria01_rgb,0.8353977737630264,0.9436980073282798,0.7883632144266491,0.8353977737630264,0.8353977737630264,0.8353977737630264,0.8353977737630264,0.8353977737630264,0.8353977737630264,0.8353977737630264,0.8353977737630264,0.8353977737630264,0.8353977737630264,0.8353977737630264,0.8353977737630264,0.8353977737630264,0.8345711314594342,0.829977645141688,0.8099647724727969,0.7804475534791752,0.6932898224543329,0.345033141547172,0.7975502697617864,0.9990706319702602,0.9990706319702602,0.9990706319702602,0.9990706319702602,0.9990706319702602,0.9990706319702602,0.9990706319702602,0.9990706319702602,0.9990706319702602,0.9990706319702602,0.9990706319702602,0.9990706319702602,0.9990706319702602,0.9972144846796658,0.9898242368177613,0.9554545454545454,0.9154051647373108,0.807563025210084,0.40496407576747223,0.9504391446463275,0.6985386398876701,0.6985386398876701,0.6985386398876701,0.6985386398876701,0.6985386398876701,0.6985386398876701,0.6985386398876701,0.6985386398876701,0.6985386398876701,0.6985386398876701,0.6985386398876701,0.6985386398876701,0.6985386398876701,0.6984545292572832,0.695944659477731,0.6866291397826837,0.6653866584928214,0.5951867073083507,0.29397143077517657,0.6692934444017766,1.0,1.0,1.0,1.0,1.0,1.0,1.0,1.0,1.0,1.0,1.0,1.0,1.0,0.9990697674418605,0.9953488372093023,0.9776744186046512,0.9562790697674418,0.893953488372093,0.5767441860465117,0.9683720930232559,0.9990706319702602,0.9990706319702602,0.9990706319702602,0.9990706319702602,0.9990706319702602,0.9990706319702602,0.9990706319702602,0.9990706319702602,0.9990706319702602,0.9990706319702602,0.9990706319702602,0.9990706319702602,0.9990706319702602,0.9981412639405205,0.9944237918215614,0.9767657992565055,0.9553903345724907,0.8931226765799256,0.5762081784386617,0.9674721189591079,0.6985388966784316,0.6985388966784316,0.6985388966784316,0.6985388966784316,0.6985388966784316,0.6985388966784316,0.6985388966784316,0.6985388966784316,0.6985388966784316,0.6985388966784316,0.6985388966784316,0.6985388966784316,0.6985388966784316,0.6985601845937042,0.6973241295671203,0.6931211817034842,0.6817533125898886,0.640400593574371,0.3971937592905335,0.6783873062178271,0.999173126614987,0.999173126614987,0.999173126614987,0.999173126614987,0.999173126614987,0.999173126614987,0.999173126614987,0.999173126614987,0.999173126614987,0.999173126614987,0.999173126614987,0.999173126614987,0.999173126614987,0.9982469702797357,0.9945422351709835,0.9771721902179018,0.9570742133300917,0.8968738009936149,0.5839940607435166,0.9682712693016144,0.9436980073282798,0.9436980073282798,0.9436980073282798,0.9436980073282798,0.9436980073282798,0.9436980073282798,0.9436980073282798,0.9436980073282798,0.9436980073282798,0.9436980073282798,0.9436980073282798,0.9436980073282798,0.9436980073282798,0.9439608109281982,0.9447775254645235,0.9477914670440968,0.9504756230039301,0.955440620358399,0.9673673117681377,0.9462046028334169,0.8357862405469895,0.8357862405469895,0.8357862405469895,0.8357862405469895,0.8357862405469895,0.8357862405469895,0.8357862405469895,0.8357862405469895,0.8357862405469895,0.8357862405469895,0.8357862405469895,0.8357862405469895,0.8357862405469895,0.8353471159427008,0.8322906388835474,0.8193288381559917,0.7976812238101019,0.7294307597236355,0.41176001938429824,0.8047926170005862,1075.0,1075.0,1075.0,1075.0,1075.0,1075.0,1075.0,1075.0,1075.0,1075.0,1075.0,1075.0,1075.0,1074.0,1070.0,1051.0,1028.0,961.0,620.0,1041.0,0.0,0.0,0.0,0.0,0.0,0.0,0.0,0.0,0.0,0.0,0.0,0.0,0.0,1.0,5.0,24.0,47.0,114.0,455.0,34.0,1.0,1.0,1.0,1.0,1.0,1.0,1.0,1.0,1.0,1.0,1.0,1.0,1.0,2.0,6.0,25.0,48.0,115.0,456.0,35.0,0.9962790697674418,0.9436980073282798,0.9990697674418605,1.0,0.9990706319702602,1.0,0.0,0.0,0.9399770770957216,0.99953509995351,0.0016638935108153079,0.99862593371654,1014.4753578779008,1075,0,1,3,2,0,0,3.0,601,0.7150162715016272,0.7153488372093023,0.7146840148698885,769,306,307,1076,1075,5,2
fencing_008_fencing_aria02_rgb,0.911760459515919,0.9513330912518774,0.8673878964325115,0.911760459515919,0.911760459515919,0.911760459515919,0.911760459515919,0.911760459515919,0.911760459515919,0.911760459515919,0.911760459515919,0.911760459515919,0.911760459515919,0.911760459515919,0.9098891201861399,0.9076883503412925,0.9066608519077649,0.8997300767700955,0.8935277717050089,0.8842544187811285,0.8420973945434864,0.5186261904442239,0.8837810120712762,0.9951768488745981,0.9951768488745981,0.9951768488745981,0.9951768488745981,0.9951768488745981,0.9951768488745981,0.9951768488745981,0.9951768488745981,0.9951768488745981,0.9951768488745981,0.9951768488745981,0.9919743178170144,0.9856,0.9824281150159745,0.9667194928684627,0.9605055292259084,0.945141065830721,0.8803030303030303,0.5208333333333334,0.9568658011586854,0.8353360877282953,0.8353360877282953,0.8353360877282953,0.8353360877282953,0.8353360877282953,0.8353360877282953,0.8353360877282953,0.8353360877282953,0.8353360877282953,0.8353360877282953,0.8353360877282953,0.8345964166239904,0.8359356141896276,0.8367369457548023,0.8373827330642944,0.8312204922459522,0.8272901320256402,0.8055499043923798,0.5164284007962016,0.8165177686370598,1.0,1.0,1.0,1.0,1.0,1.0,1.0,1.0,1.0,1.0,1.0,0.9983844911147012,0.9951534733441034,0.9935379644588045,0.9854604200323102,0.9822294022617124,0.9741518578352181,0.938610662358643,0.6865912762520194,0.9765326077714479,0.9951768488745981,0.9951768488745981,0.9951768488745981,0.9951768488745981,0.9951768488745981,0.9951768488745981,0.9951768488745981,0.9951768488745981,0.9951768488745981,0.9951768488745981,0.9951768488745981,0.9935691318327974,0.9903536977491961,0.9887459807073955,0.9807073954983923,0.977491961414791,0.9694533762057878,0.9340836012861736,0.6832797427652733,0.9718226434252834,0.8362732382766299,0.8362732382766299,0.8362732382766299,0.8362732382766299,0.8362732382766299,0.8362732382766299,0.8362732382766299,0.8362732382766299,0.8362732382766299,0.8362732382766299,0.8362732382766299,0.8358813966354124,0.8373220607064848,0.8381415545721322,0.8403064885617141,0.836955013426794,0.8351625376752433,0.8259097462164909,0.6416144386503565,0.8258052030256609,0.9969843834141088,0.9969843834141088,0.9969843834141088,0.9969843834141088,0.9969843834141088,0.9969843834141088,0.9969843834141088,0.9969843834141088,0.9969843834141088,0.9969843834141088,0.9969843834141088,0.995631067961165,0.9929604486422667,0.9920620842572062,0.9851557848167646,0.9818423076938305,0.9753289065091524,0.9510242753342263,0.7278938411511575,0.9773014175747877,0.9513330912518774,0.9513330912518774,0.9513330912518774,0.9513330912518774,0.9513330912518774,0.9513330912518774,0.9513330912518774,0.9513330912518774,0.9513330912518774,0.9513330912518774,0.9513330912518774,0.951913080863428,0.9529684068260833,0.9534237382136229,0.9552470140596103,0.9558262893811594,0.9570127409100211,0.9598776650679666,0.9694951847197714,0.9537067433585428,0.9139672246466474,0.9139672246466474,0.9139672246466474,0.9139672246466474,0.9139672246466474,0.9139672246466474,0.9139672246466474,0.9139672246466474,0.9139672246466474,0.9139672246466474,0.9139672246466474,0.9128242540036366,0.9120768772164133,0.9117729552211468,0.9084093459742384,0.9035757894313171,0.8977227963472467,0.8695388026561397,0.5954622026589542,0.8928959207695902,619.0,619.0,619.0,619.0,619.0,619.0,619.0,619.0,619.0,619.0,619.0,618.0,616.0,615.0,610.0,608.0,603.0,581.0,425.0,604.4736842105264,0.0,0.0,0.0,0.0,0.0,0.0,0.0,0.0,0.0,0.0,0.0,1.0,3.0,4.0,9.0,11.0,16.0,38.0,194.0,14.526315789473685,3.0,3.0,3.0,3.0,3.0,3.0,3.0,3.0,3.0,3.0,3.0,4.0,6.0,7.0,12.0,14.0,19.0,41.0,197.0,17.526315789473685,0.9903069466882067,0.9513330912518774,0.9951534733441034,1.0,0.9951768488745981,1.0,0.0,0.0,0.9416400379400842,0.9975825946817083,0.004991680532445923,0.9943826797177387,588.8751834849121,619,0,3,3,2,0,0,3.0,601,0.8992747784045125,0.901453957996769,0.8971061093247589,558,61,64,622,619,6,2
fencing_008_fencing_aria03_rgb,0.8684788355588561,0.9474232145525908,0.8228170101560623,0.8684788355588561,0.8684788355588561,0.8684788355588561,0.8684788355588561,0.8684788355588561,0.8684788355588561,0.8684788355588561,0.8684788355588561,0.8684788355588561,0.8684788355588561,0.8674641136632006,0.8674641136632006,0.8647179958800393,0.8619824272467445,0.8619824272467445,0.8414950113519521,0.8104016487107786,0.7117892315449444,0.4081668489904588,0.830539588099296,1.0,1.0,1.0,1.0,1.0,1.0,1.0,1.0,1.0,1.0,0.9983150800336984,0.9983150800336984,0.9949537426408747,0.9916036943744753,0.9916036943744753,0.971737323358271,0.9363265306122449,0.8218125960061444,0.45521472392638035,0.9557832876505401,0.7542554878136666,0.7542554878136666,0.7542554878136666,0.7542554878136666,0.7542554878136666,0.7542554878136666,0.7542554878136666,0.7542554878136666,0.7542554878136666,0.7542554878136666,0.7537640205415727,0.7537640205415727,0.751529624295996,0.7493050995043922,0.7493050995043922,0.7287091244813149,0.7014121791504851,0.6164956738379738,0.3659815200567709,0.721727433686902,1.0,1.0,1.0,1.0,1.0,1.0,1.0,1.0,1.0,1.0,0.9991568296795953,0.9991568296795953,0.9974704890387859,0.9957841483979764,0.9957841483979764,0.9856661045531198,0.9671163575042159,0.9021922428330523,0.6256323777403036,0.9719978698855064,1.0,1.0,1.0,1.0,1.0,1.0,1.0,1.0,1.0,1.0,0.9991568296795953,0.9991568296795953,0.9974704890387859,0.9957841483979764,0.9957841483979764,0.9856661045531198,0.9671163575042159,0.9021922428330523,0.6256323777403036,0.9719978698855064,0.7542554878136666,0.7542554878136666,0.7542554878136666,0.7542554878136666,0.7542554878136666,0.7542554878136666,0.7542554878136666,0.7542554878136666,0.7542554878136666,0.7542554878136666,0.7539990623534927,0.7539990623534927,0.7527912859204887,0.7515851314051041,0.7515851314051041,0.7399186986202639,0.7241210327142376,0.6708620972660657,0.47769062145102076,0.7325845790329439,1.0,1.0,1.0,1.0,1.0,1.0,1.0,1.0,1.0,1.0,0.9991588403429972,0.9991588403429972,0.9974712815415036,0.9957869829255209,0.9957869829255209,0.9857289572989791,0.9674422006764044,0.9038780085647626,0.6260488055000143,0.9721295210588791,0.9474232145525908,0.9474232145525908,0.9474232145525908,0.9474232145525908,0.9474232145525908,0.9474232145525908,0.9474232145525908,0.9474232145525908,0.9474232145525908,0.9474232145525908,0.947790693400693,0.947790693400693,0.9483537650979451,0.9488188028847123,0.9488188028847123,0.9506362680664238,0.9529430775987975,0.9583045114436666,0.9690193002682185,0.9498267400300932,0.8684788355588561,0.8684788355588561,0.8684788355588561,0.8684788355588561,0.8684788355588561,0.8684788355588561,0.8684788355588561,0.8684788355588561,0.8684788355588561,0.8684788355588561,0.8678297466040578,0.8678297466040578,0.8658109619736066,0.8637975112260061,0.8637975112260061,0.8475045038699275,0.823618353249314,0.7457865744814366,0.4785079817538347,0.8373300656093058,1186.0,1186.0,1186.0,1186.0,1186.0,1186.0,1186.0,1186.0,1186.0,1186.0,1185.0,1185.0,1183.0,1181.0,1181.0,1169.0,1147.0,1070.0,742.0,1152.7894736842106,0.0,0.0,0.0,0.0,0.0,0.0,0.0,0.0,0.0,0.0,1.0,1.0,3.0,5.0,5.0,17.0,39.0,116.0,444.0,33.21052631578947,0.0,0.0,0.0,0.0,0.0,0.0,0.0,0.0,0.0,0.0,1.0,1.0,3.0,5.0,5.0,17.0,39.0,116.0,444.0,33.21052631578947,0.9991568296795953,0.9474232145525908,1.0,1.0,1.0,1.0,0.0,0.0,0.9465800442321861,1.0,0.0,1.0,1123.6439324593728,1186,0,0,1,2,0,0,1.0,601,0.7681281618887015,0.7681281618887015,0.7681281618887015,911,275,275,1186,1186,3,2
fencing_009_fencing_aria01_rgb,0.7629035553900638,0.942103690584337,0.7187342550928912,0.7629035553900638,0.7629035553900638,0.7629035553900638,0.7629035553900638,0.7629035553900638,0.7629035553900638,0.7629035553900638,0.7621493129090438,0.7621493129090438,0.7621493129090438,0.7621493129090438,0.7621493129090438,0.7621493129090438,0.7588079676299769,0.7537905328445677,0.7458873121468657,0.726687025089627,0.66209710546684,0.35596575712359985,0.7324450771308519,0.9929577464788732,0.9929577464788732,0.9929577464788732,0.9929577464788732,0.9929577464788732,0.9929577464788732,0.9929577464788732,0.9894551845342706,0.9894551845342706,0.9894551845342706,0.9894551845342706,0.9894551845342706,0.9894551845342706,0.9755671902268761,0.9584775086505191,0.9416809605488851,0.8898163606010017,0.7883096366508688,0.4238993710691824,0.9402729663318459,0.5861496492581959,0.5861496492581959,0.5861496492581959,0.5861496492581959,0.5861496492581959,0.5861496492581959,0.5861496492581959,0.5870620360043285,0.5870620360043285,0.5870620360043285,0.5870620360043285,0.5870620360043285,0.5870620360043285,0.5902100209057171,0.5928153371132205,0.5908029425352221,0.5934640627161983,0.5560918663001412,0.2989191041378019,0.5709327944495601,0.9964664310954063,0.9964664310954063,0.9964664310954063,0.9964664310954063,0.9964664310954063,0.9964664310954063,0.9964664310954063,0.9946996466431095,0.9946996466431095,0.9946996466431095,0.9946996466431095,0.9946996466431095,0.9946996466431095,0.9876325088339223,0.9787985865724381,0.9699646643109541,0.941696113074205,0.8816254416961131,0.5954063604240283,0.9630835038125348,0.9964664310954063,0.9964664310954063,0.9964664310954063,0.9964664310954063,0.9964664310954063,0.9964664310954063,0.9964664310954063,0.9946996466431095,0.9946996466431095,0.9946996466431095,0.9946996466431095,0.9946996466431095,0.9946996466431095,0.9876325088339223,0.9787985865724381,0.9699646643109541,0.941696113074205,0.8816254416961131,0.5954063604240283,0.9630835038125348,0.5861535622783793,0.5861535622783793,0.5861535622783793,0.5861535622783793,0.5861535622783793,0.5861535622783793,0.5861535622783793,0.5870669870340485,0.5870669870340485,0.5870669870340485,0.5870669870340485,0.5870669870340485,0.5870669870340485,0.5902856781615854,0.5931946296232499,0.592769037266147,0.5976899700849801,0.5780729827567271,0.38065085042550273,0.576744210866902,0.9970618034447822,0.9970618034447822,0.9970618034447822,0.9970618034447822,0.9970618034447822,0.9970618034447822,0.9970618034447822,0.996041613803603,0.996041613803603,0.996041613803603,0.996041613803603,0.996041613803603,0.996041613803603,0.9942802836698184,0.9894978785426781,0.9824473103103436,0.965218242793009,0.9102818016933322,0.6214008628272278,0.9694109835142898,0.942103690584337,0.942103690584337,0.942103690584337,0.942103690584337,0.942103690584337,0.942103690584337,0.942103690584337,0.9430929197547213,0.9430929197547213,0.9430929197547213,0.9430929197547213,0.9430929197547213,0.9430929197547213,0.9450524600294232,0.9469992746282386,0.948635083330388,0.9524702504282351,0.957339831563607,0.968499264125474,0.9459094482486344,0.764250252917288,0.764250252917288,0.764250252917288,0.764250252917288,0.764250252917288,0.764250252917288,0.764250252917288,0.7641664738596492,0.7641664738596492,0.7641664738596492,0.7641664738596492,0.7641664738596492,0.7641664738596492,0.763485824155259,0.7617393347234234,0.7570059298513457,0.7475712682474295,0.7001890725014764,0.4218747869402718,0.7414008857893746,564.0,564.0,564.0,564.0,564.0,564.0,564.0,563.0,563.0,563.0,563.0,563.0,563.0,559.0,554.0,549.0,533.0,499.0,337.0,545.1052631578947,2.0,2.0,2.0,2.0,2.0,2.0,2.0,3.0,3.0,3.0,3.0,3.0,3.0,7.0,12.0,17.0,33.0,67.0,229.0,20.894736842105264,2.0,2.0,2.0,2.0,2.0,2.0,2.0,3.0,3.0,3.0,3.0,3.0,3.0,7.0,12.0,17.0,33.0,67.0,229.0,20.894736842105264,0.9787985865724381,0.9430929197547213,0.9893992932862191,0.9946996466431095,0.9946996466431095,1.0,0.0,0.0,0.9221931339609684,0.9946996466431095,0.0069605568445475635,0.9880244677555059,530.9613138219081,563,3,3,6,2,0,0,5.0,431,0.7031802120141343,0.7031802120141343,0.7031802120141343,398,168,168,566,566,8,2
fencing_009_fencing_aria02_rgb,0.901803846146059,0.9491140150134273,0.8559146691702372,0.901803846146059,0.901803846146059,0.901803846146059,0.901803846146059,0.901803846146059,0.901803846146059,0.901803846146059,0.901803846146059,0.901803846146059,0.901803846146059,0.901803846146059,0.901803846146059,0.901803846146059,0.9002603408501508,0.898739674776845,0.8895382294618734,0.8616397255296524,0.8142454521047829,0.5088757944357023,0.8735131166872513,0.9949832775919732,0.9949832775919732,0.9949832775919732,0.9949832775919732,0.9949832775919732,0.9949832775919732,0.9949832775919732,0.9949832775919732,0.9949832775919732,0.9949832775919732,0.9949832775919732,0.9949832775919732,0.9949832775919732,0.991652754590985,0.9883333333333333,0.971900826446281,0.9273021001615509,0.8438948995363215,0.4801488833746898,0.9546323897967796,0.817350597983945,0.817350597983945,0.817350597983945,0.817350597983945,0.817350597983945,0.817350597983945,0.817350597983945,0.817350597983945,0.817350597983945,0.817350597983945,0.817350597983945,0.817350597983945,0.817350597983945,0.8172908082546637,0.8172677939473751,0.8141553542735878,0.8006269116412793,0.7856377099062996,0.5393214128553724,0.7999925139299928,0.9966499162479062,0.9966499162479062,0.9966499162479062,0.9966499162479062,0.9966499162479062,0.9966499162479062,0.9966499162479062,0.9966499162479062,0.9966499162479062,0.9966499162479062,0.9966499162479062,0.9966499162479062,0.9966499162479062,0.9949748743718593,0.9932998324958124,0.9849246231155779,0.9614740368509213,0.914572864321608,0.6482412060301508,0.9712598078109848,0.9983221476510067,0.9983221476510067,0.9983221476510067,0.9983221476510067,0.9983221476510067,0.9983221476510067,0.9983221476510067,0.9983221476510067,0.9983221476510067,0.9983221476510067,0.9983221476510067,0.9983221476510067,0.9983221476510067,0.9966442953020134,0.9949664429530202,0.9865771812080537,0.9630872483221476,0.9161073825503355,0.6493288590604027,0.9728894383610033,0.8175761871013465,0.8175761871013465,0.8175761871013465,0.8175761871013465,0.8175761871013465,0.8175761871013465,0.8175761871013465,0.8175761871013465,0.8175761871013465,0.8175761871013465,0.8175761871013465,0.8175761871013465,0.8175761871013465,0.8177254472435195,0.8178955281496983,0.8170681209615202,0.8117378444471435,0.8099040305942159,0.6676172124964542,0.8089704534847398,0.9983464353483329,0.9983464353483329,0.9983464353483329,0.9983464353483329,0.9983464353483329,0.9983464353483329,0.9983464353483329,0.9983464353483329,0.9983464353483329,0.9983464353483329,0.9983464353483329,0.9983464353483329,0.9983464353483329,0.9967416096448354,0.995185769460915,0.9874264878753651,0.9657964298271817,0.9279117499527946,0.7068454777044566,0.9767584833680987,0.9491140150134273,0.9491140150134273,0.9491140150134273,0.9491140150134273,0.9491140150134273,0.9491140150134273,0.9491140150134273,0.9491140150134273,0.9491140150134273,0.9491140150134273,0.9491140150134273,0.9491140150134273,0.9491140150134273,0.9495575290100352,0.9498984294892248,0.9514536854613866,0.9542661472744569,0.9580775002610198,0.9691476387083668,0.951099111862055,0.9025588097325709,0.9025588097325709,0.9025588097325709,0.9025588097325709,0.9025588097325709,0.9025588097325709,0.9025588097325709,0.9025588097325709,0.9025588097325709,0.9025588097325709,0.9025588097325709,0.9025588097325709,0.9025588097325709,0.9017670537719037,0.9009949849095443,0.8954784505868598,0.8773722065048714,0.8476573191261153,0.5912785833321307,0.8814638486713077,595.0,595.0,595.0,595.0,595.0,595.0,595.0,595.0,595.0,595.0,595.0,595.0,595.0,594.0,593.0,588.0,574.0,546.0,387.0,579.8421052631579,2.0,2.0,2.0,2.0,2.0,2.0,2.0,2.0,2.0,2.0,2.0,2.0,2.0,3.0,4.0,9.0,23.0,51.0,210.0,17.157894736842106,1.0,1.0,1.0,1.0,1.0,1.0,1.0,1.0,1.0,1.0,1.0,1.0,1.0,2.0,3.0,8.0,22.0,50.0,209.0,16.157894736842106,0.9916247906197655,0.9491140150134273,0.9949748743718593,0.9966499162479062,0.9983221476510067,1.0,0.0,0.0,0.9409092779447056,0.9974853310980721,0.002320185614849188,0.9944706365231759,564.7228389329892,595,2,1,2,2,0,0,3.0,431,0.8248113998323554,0.8241206030150754,0.825503355704698,492,105,104,596,597,4,2
fencing_009_fencing_aria03_rgb,0.7130501607357387,0.9544304887692524,0.6805568134280051,0.7130501607357387,0.7130501607357387,0.7130501607357387,0.7130501607357387,0.7130501607357387,0.7130501607357387,0.7130501607357387,0.7130501607357387,0.7130501607357387,0.7130501607357387,0.7130501607357387,0.7130501607357387,0.7130501607357387,0.7130501607357387,0.7108381394444291,0.7108381394444291,0.6917939949746051,0.6422561634500901,0.3981447011328001,0.6913985994077207,0.9946666666666667,0.9946666666666667,0.9946666666666667,0.9946666666666667,0.9946666666666667,0.9946666666666667,0.9946666666666667,0.9946666666666667,0.9946666666666667,0.9946666666666667,0.9946666666666667,0.9946666666666667,0.9946666666666667,0.9946666666666667,0.9920106524633822,0.9920106524633822,0.963254593175853,0.8865069356872636,0.5234215885947047,0.9622388292483116,0.5111667544154785,0.5111667544154785,0.5111667544154785,0.5111667544154785,0.5111667544154785,0.5111667544154785,0.5111667544154785,0.5111667544154785,0.5111667544154785,0.5111667544154785,0.5111667544154785,0.5111667544154785,0.5111667544154785,0.5111667544154785,0.5093603170833585,0.5093603170833585,0.4968353484877222,0.46530146904022135,0.30285186261751834,0.49684441453309897,0.9973262032085561,0.9973262032085561,0.9973262032085561,0.9973262032085561,0.9973262032085561,0.9973262032085561,0.9973262032085561,0.9973262032085561,0.9973262032085561,0.9973262032085561,0.9973262032085561,0.9973262032085561,0.9973262032085561,0.9973262032085561,0.9959893048128342,0.9959893048128342,0.9812834224598931,0.9398395721925134,0.6871657754010695,0.976991274978891,0.9973262032085561,0.9973262032085561,0.9973262032085561,0.9973262032085561,0.9973262032085561,0.9973262032085561,0.9973262032085561,0.9973262032085561,0.9973262032085561,0.9973262032085561,0.9973262032085561,0.9973262032085561,0.9973262032085561,0.9973262032085561,0.9959893048128342,0.9959893048128342,0.9812834224598931,0.9398395721925134,0.6871657754010695,0.976991274978891,0.5119066393313357,0.5119066393313357,0.5119066393313357,0.5119066393313357,0.5119066393313357,0.5119066393313357,0.5119066393313357,0.5119066393313357,0.5119066393313357,0.5119066393313357,0.5119066393313357,0.5119066393313357,0.5119066393313357,0.5119066393313357,0.5107382550335571,0.5107382550335571,0.5025208002447945,0.4813785076942972,0.3526498678707422,0.5013009808692447,0.9973459792258882,0.9973459792258882,0.9973459792258882,0.9973459792258882,0.9973459792258882,0.9973459792258882,0.9973459792258882,0.9973459792258882,0.9973459792258882,0.9973459792258882,0.9973459792258882,0.9973459792258882,0.9973459792258882,0.9973459792258882,0.9960053174582195,0.9960053174582195,0.9813211835101704,0.9399387589234793,0.6999467282107559,0.977687421827541,0.9544304887692524,0.9544304887692524,0.9544304887692524,0.9544304887692524,0.9544304887692524,0.9544304887692524,0.9544304887692524,0.9544304887692524,0.9544304887692524,0.9544304887692524,0.9544304887692524,0.9544304887692524,0.9544304887692524,0.9544304887692524,0.9547399264908122,0.9547399264908122,0.9566776618171529,0.9600159143643651,0.9701829092590292,0.9557043779574582,0.7140027999858471,0.7140027999858471,0.7140027999858471,0.7140027999858471,0.7140027999858471,0.7140027999858471,0.7140027999858471,0.7140027999858471,0.7140027999858471,0.7140027999858471,0.7140027999858471,0.7140027999858471,0.7140027999858471,0.7140027999858471,0.7122621905668579,0.7122621905668579,0.6982379903464762,0.6612932281547345,0.45619013032640804,0.6966465752506944,746.0,746.0,746.0,746.0,746.0,746.0,746.0,746.0,746.0,746.0,746.0,746.0,746.0,746.0,745.0,745.0,734.0,703.0,514.0,730.7894736842105,2.0,2.0,2.0,2.0,2.0,2.0,2.0,2.0,2.0,2.0,2.0,2.0,2.0,2.0,3.0,3.0,14.0,45.0,234.0,17.210526315789473,2.0,2.0,2.0,2.0,2.0,2.0,2.0,2.0,2.0,2.0,2.0,2.0,2.0,2.0,3.0,3.0,14.0,45.0,234.0,17.210526315789473,0.9906417112299465,0.9544304887692524,0.9946524064171123,0.9973262032085561,0.9973262032085561,1.0,0.0,0.0,0.9451940436121153,0.9973262032085561,0.004640371229698376,0.9940145437771127,712.0051446218623,746,2,2,3,2,0,0,3.0,431,0.6096256684491979,0.6096256684491979,0.6096256684491979,456,292,292,748,748,5,2
fencing_011_fencing_aria03_rgb,0.7469010589087279,0.9505703349387497,0.7099819897329763,0.7469010589087279,0.7469010589087279,0.7469010589087279,0.7469010589087279,0.7469010589087279,0.7469010589087279,0.7469010589087279,0.7469010589087279,0.7469010589087279,0.7469010589087279,0.7469010589087279,0.7469010589087279,0.7469010589087279,0.7469010589087279,0.7415829712575944,0.733680529141598,0.7270427272922151,0.6528855782345624,0.3623875630938082,0.7196944312495773,0.9816971713810316,0.9816971713810316,0.9816971713810316,0.9816971713810316,0.9816971713810316,0.9816971713810316,0.9816971713810316,0.9816971713810316,0.9816971713810316,0.9816971713810316,0.9816971713810316,0.9816971713810316,0.9816971713810316,0.9816971713810316,0.9751243781094527,0.9653465346534653,0.9556650246305419,0.8609375,0.468557336621455,0.9457574301762818,0.568261993679977,0.568261993679977,0.568261993679977,0.568261993679977,0.568261993679977,0.568261993679977,0.568261993679977,0.568261993679977,0.568261993679977,0.568261993679977,0.568261993679977,0.568261993679977,0.568261993679977,0.568261993679977,0.5639745201791206,0.5576102461845234,0.5531133961011646,0.4951109439032204,0.28027465503366,0.5476711406800719,1.0,1.0,1.0,1.0,1.0,1.0,1.0,1.0,1.0,1.0,1.0,1.0,1.0,1.0,0.9966101694915255,0.9915254237288136,0.9864406779661017,0.9338983050847458,0.6440677966101694,0.9764495985727029,0.9816971713810316,0.9816971713810316,0.9816971713810316,0.9816971713810316,0.9816971713810316,0.9816971713810316,0.9816971713810316,0.9816971713810316,0.9816971713810316,0.9816971713810316,0.9816971713810316,0.9816971713810316,0.9816971713810316,0.9816971713810316,0.978369384359401,0.9733777038269551,0.9683860232945092,0.9168053244592346,0.632279534109817,0.9585778089149662,0.568261993679977,0.568261993679977,0.568261993679977,0.568261993679977,0.568261993679977,0.568261993679977,0.568261993679977,0.568261993679977,0.568261993679977,0.568261993679977,0.568261993679977,0.568261993679977,0.568261993679977,0.568261993679977,0.565548253199585,0.5614863102998696,0.5586638709301648,0.5195884216678459,0.3417395182872435,0.5527733834686519,1.0,1.0,1.0,1.0,1.0,1.0,1.0,1.0,1.0,1.0,1.0,1.0,1.0,1.0,0.996615477874318,0.9915587712617416,0.9864719303656339,0.9351294154062675,0.655192206402304,0.9771035684900141,0.9505703349387497,0.9505703349387497,0.9505703349387497,0.9505703349387497,0.9505703349387497,0.9505703349387497,0.9505703349387497,0.9505703349387497,0.9505703349387497,0.9505703349387497,0.9505703349387497,0.9505703349387497,0.9505703349387497,0.9505703349387497,0.9513001062063862,0.952206848223815,0.9529409180048111,0.9568372532159398,0.9672973170168363,0.9520298490426464,0.7538315419773685,0.7538315419773685,0.7538315419773685,0.7538315419773685,0.7538315419773685,0.7538315419773685,0.7538315419773685,0.7538315419773685,0.7538315419773685,0.7538315419773685,0.7538315419773685,0.7538315419773685,0.7538315419773685,0.7538315419773685,0.7497084380908455,0.7435621935141926,0.7386565869483368,0.6799876994035452,0.4248716035618346,0.7310751636422059,590.0,590.0,590.0,590.0,590.0,590.0,590.0,590.0,590.0,590.0,590.0,590.0,590.0,590.0,588.0,585.0,582.0,551.0,380.0,576.1052631578947,0.0,0.0,0.0,0.0,0.0,0.0,0.0,0.0,0.0,0.0,0.0,0.0,0.0,0.0,2.0,5.0,8.0,39.0,210.0,13.894736842105264,11.0,11.0,11.0,11.0,11.0,11.0,11.0,11.0,11.0,11.0,11.0,11.0,11.0,11.0,13.0,16.0,19.0,50.0,221.0,24.894736842105264,0.9796610169491525,0.9505703349387497,0.9813559322033898,1.0,0.9816971713810316,1.0,0.0,0.0,0.9302313518879023,0.9907640638119227,0.018302828618968387,0.9813559322033898,560.8364976138623,590,0,11,1,1,0,0,0.0,601,0.6784214945424013,0.6847457627118644,0.6722129783693843,404,186,197,601,590,4,1
fencing_014_fencing_aria03_rgb,1.0,0.9636943643548878,0.9636943643548878,1.0,1.0,1.0,1.0,1.0,1.0,1.0,1.0,1.0,1.0,1.0,1.0,1.0,1.0,1.0,0.9939759036144579,0.9879879879879881,0.9077809798270894,0.6930946291560103,0.9780441842413445,1.0,1.0,1.0,1.0,1.0,1.0,1.0,1.0,1.0,1.0,1.0,1.0,1.0,1.0,1.0,0.9939759036144579,0.987987987987988,0.9077809798270894,0.6930946291560103,0.9780441842413445,1.0,1.0,1.0,1.0,1.0,1.0,1.0,1.0,1.0,1.0,1.0,1.0,1.0,1.0,1.0,0.9939759036144579,0.9879879879879881,0.9077809798270893,0.6930946291560103,0.9780441842413445,1.0,1.0,1.0,1.0,1.0,1.0,1.0,1.0,1.0,1.0,1.0,1.0,1.0,1.0,1.0,0.9969788519637462,0.9939577039274925,0.9516616314199395,0.8187311178247734,0.9874383844808394,1.0,1.0,1.0,1.0,1.0,1.0,1.0,1.0,1.0,1.0,1.0,1.0,1.0,1.0,1.0,0.9969788519637462,0.9939577039274925,0.9516616314199395,0.8187311178247734,0.9874383844808394,1.0,1.0,1.0,1.0,1.0,1.0,1.0,1.0,1.0,1.0,1.0,1.0,1.0,1.0,1.0,0.9969788519637464,0.9939577039274925,0.9516616314199394,0.8187311178247734,0.9874383844808394,1.0,1.0,1.0,1.0,1.0,1.0,1.0,1.0,1.0,1.0,1.0,1.0,1.0,1.0,1.0,0.9969788519637464,0.9939577039274925,0.9516616314199394,0.8187311178247734,0.9874383844808394,0.9636943643548878,0.9636943643548878,0.9636943643548878,0.9636943643548878,0.9636943643548878,0.9636943643548878,0.9636943643548878,0.9636943643548878,0.9636943643548878,0.9636943643548878,0.9636943643548878,0.9636943643548878,0.9636943643548878,0.9636943643548878,0.9636943643548878,0.9642904097795906,0.9646891440006808,0.9685561819747168,0.9739101248538651,0.964571648733272,1.0,1.0,1.0,1.0,1.0,1.0,1.0,1.0,1.0,1.0,1.0,1.0,1.0,1.0,1.0,0.995476245454993,0.9909683506795177,0.9294623866699712,0.7532981750191933,0.9825897451486145,331.0,331.0,331.0,331.0,331.0,331.0,331.0,331.0,331.0,331.0,331.0,331.0,331.0,331.0,331.0,330.0,329.0,315.0,271.0,326.8421052631579,0.0,0.0,0.0,0.0,0.0,0.0,0.0,0.0,0.0,0.0,0.0,0.0,0.0,0.0,0.0,1.0,2.0,16.0,60.0,4.157894736842105,0.0,0.0,0.0,0.0,0.0,0.0,0.0,0.0,0.0,0.0,0.0,0.0,0.0,0.0,0.0,1.0,2.0,16.0,60.0,4.157894736842105,1.0,0.9636943643548878,1.0,1.0,1.0,1.0,0.0,0.0,0.9636943643548878,1.0,0.0,1.0,318.98283460146786,331,0,0,0,1,0,0,0.0,331,1.0,1.0,1.0,331,0,0,331,331,1,1
legoassemble_001_legoassemble_aria02_rgb,0.8016535324449944,0.9128198568134034,0.7317652627003988,0.8016535324449944,0.8007975284366953,0.8000682079565814,0.7989308021513616,0.798373448000392,0.7979899200616613,0.7979899200616613,0.7979899200616613,0.7975357098487802,0.7944883714731856,0.7932757670384999,0.7908274684326886,0.783149915974022,0.775685516136476,0.7602188829375561,0.7473856067791512,0.6913843711822627,0.5951073586356374,0.29542761482283575,0.7483305190755845,0.953971119133574,0.9504504504504504,0.9469424460431655,0.9417040358744395,0.9399641577060932,0.9382273948075202,0.9382273948075202,0.9382273948075202,0.9364937388193202,0.9313113291703836,0.9261565836298933,0.915929203539823,0.8957968476357268,0.8744588744588745,0.8504273504273504,0.8254637436762225,0.7375601926163724,0.6001478196600147,0.2780401416765053,0.8589210641547774,0.6736560187117727,0.6747081673183458,0.6759747015856936,0.6778036435126029,0.6781111356709157,0.6787138342412771,0.6787138342412771,0.6787138342412771,0.6791964346562651,0.6777666636659525,0.6794600974536646,0.6828126916475848,0.6846683960865244,0.6880689733021953,0.6795792135382372,0.6766926464062095,0.6480994412393968,0.5901092309273297,0.3139024281661299,0.6535132308743501,0.9814298978644382,0.9795728876508821,0.9777158774373259,0.9749303621169917,0.9740018570102136,0.9730733519034355,0.9730733519034355,0.9730733519034355,0.9721448467966574,0.9693593314763231,0.9665738161559888,0.9610027855153204,0.9498607242339833,0.9377901578458682,0.9238625812441968,0.9090064995357474,0.8532961931290622,0.7539461467038069,0.4373259052924791,0.9179494697747153,0.9715073529411765,0.9696691176470589,0.9678308823529411,0.9650735294117647,0.9641544117647058,0.9632352941176471,0.9632352941176471,0.9632352941176471,0.9623161764705882,0.9595588235294118,0.9568014705882353,0.9512867647058824,0.9402573529411765,0.9283088235294118,0.9145220588235294,0.8998161764705882,0.8446691176470589,0.7463235294117647,0.4329044117647059,0.9086687306501549,0.6823179763577115,0.6833931734405668,0.6846758180091513,0.6865300625300625,0.6868706127047404,0.6874816871000077,0.6874816871000077,0.6874816871000077,0.687978157892198,0.6872092573241998,0.6889354641516026,0.692355438442395,0.6953227287538137,0.7000337044013679,0.6968572530464465,0.6976132969172364,0.6870796066290946,0.6618666862623493,0.4472714537853418,0.6751976711551738,0.981247352440346,0.9797001708887354,0.9810861161325887,0.9809165302459086,0.9799795055638869,0.9796236261069148,0.9796236261069148,0.9796236261069148,0.978797627235532,0.9759232540439449,0.9739627759566744,0.969638301379479,0.9617272286023324,0.955142360947249,0.9440550553606772,0.935516086086061,0.8842675591668543,0.8075956572596064,0.5048157895016918,0.9333285394280165,0.9128198568134034,0.9143837609496055,0.9158787071184717,0.9180216603684723,0.9186588389590129,0.9192891453520355,0.9192891453520355,0.9192891453520355,0.9197410816976699,0.9210134914400661,0.9221811818277341,0.9241966525792992,0.9276486158277135,0.930851420174462,0.9338637448768073,0.9364987792266317,0.9436227094309004,0.9521477707285685,0.9673640099861526,0.9271978798979515,0.8131089457385519,0.8129734483866411,0.8129644509363807,0.812903039491155,0.8127001325229232,0.8126735787931045,0.8126735787931045,0.8126735787931045,0.8125744974546953,0.8105550197168393,0.8104001106376458,0.8100524048841177,0.8064363698190117,0.8032834562481106,0.7923621686951852,0.7842945962910173,0.7436536734116558,0.6670161773090718,0.3705100046844351,0.7744110122424606,1057.0,1055.0,1053.0,1050.0,1049.0,1048.0,1048.0,1048.0,1047.0,1044.0,1041.0,1035.0,1023.0,1010.0,995.0,979.0,919.0,812.0,471.0,988.6315789473684,20.0,22.0,24.0,27.0,28.0,29.0,29.0,29.0,30.0,33.0,36.0,42.0,54.0,67.0,82.0,98.0,158.0,265.0,606.0,88.36842105263158,31.0,33.0,35.0,38.0,39.0,40.0,40.0,40.0,41.0,44.0,47.0,53.0,65.0,78.0,93.0,109.0,169.0,276.0,617.0,99.36842105263158,0.9229340761374187,0.9210193558403386,0.9285051067780873,0.9693593314763231,0.9595588235294118,1.0,0.0,0.0,0.8463734517152399,0.9644341801385681,0.07321131447587355,0.9277825893682603,961.5442074973134,1044,33,44,6,2,0,0,10.0,601,0.7547344110854504,0.7585886722376973,0.7509191176470589,817,260,271,1088,1077,9,2
legoassemble_003_legoassemble_aria01_rgb,0.46972382139087016,0.9079208105987039,0.4264720326747196,0.46972382139087016,0.46972382139087016,0.46972382139087016,0.46972382139087016,0.46972382139087016,0.46972382139087016,0.46972382139087016,0.468538404331783,0.46736256468907367,0.4661962657956664,0.46503947110312993,0.46203683281359764,0.45342862211928947,0.44231805678925606,0.4229155673206393,0.4004160841720753,0.3361378301523171,0.25906657101599284,0.12343261332856159,0.4239450333351302,0.9835858585858586,0.9835858585858586,0.9835858585858586,0.9835858585858586,0.9835858585858586,0.9835858585858586,0.9835858585858586,0.9810844892812106,0.9785894206549118,0.9761006289308176,0.9736180904522613,0.9662077596996246,0.9515527950310559,0.9347290640394089,0.8950542822677925,0.8460634547591069,0.7002164502164502,0.5062320230105465,0.2168861347792409,0.8848124001696548,0.22432253011370645,0.22432253011370645,0.22432253011370645,0.22432253011370645,0.22432253011370645,0.22432253011370645,0.22432253011370645,0.22376078587748366,0.2232067527631433,0.22266040180702293,0.2221217043978936,0.22094423557805684,0.21606527397177924,0.20930692206824864,0.19982874851899268,0.18950474643695472,0.1613624484608738,0.1325785117639352,0.07024704483126998,0.2032550151195579,0.9974391805377721,0.9974391805377721,0.9974391805377721,0.9974391805377721,0.9974391805377721,0.9974391805377721,0.9974391805377721,0.9961587708066582,0.9948783610755442,0.9935979513444302,0.9923175416133163,0.9884763124199744,0.9807938540332907,0.971830985915493,0.9500640204865557,0.9218950064020487,0.8284250960307298,0.676056338028169,0.3585147247119078,0.9281622750859223,0.9860759493670886,0.9860759493670886,0.9860759493670886,0.9860759493670886,0.9860759493670886,0.9860759493670886,0.9860759493670886,0.9848101265822785,0.9835443037974684,0.9822784810126582,0.9810126582278481,0.9772151898734177,0.9696202531645569,0.9607594936708861,0.9392405063291139,0.9113924050632911,0.8189873417721519,0.6683544303797468,0.35443037974683544,0.9175882744836775,0.22517211147567628,0.22517211147567628,0.22517211147567628,0.22517211147567628,0.22517211147567628,0.22517211147567628,0.22517211147567628,0.2247163669154775,0.22426499668694821,0.2238180177011644,0.22337544695648512,0.22240935636711645,0.21867737158963324,0.21328027913201414,0.20561603219430696,0.1969351869477985,0.1717534833052028,0.14438200158058337,0.08079449037310997,0.20664356895155658,0.9864292846542879,0.9864292846542879,0.9864292846542879,0.9864292846542879,0.9864292846542879,0.9864292846542879,0.9864292846542879,0.9851548477753466,0.9838960569821134,0.9826529727620327,0.9814256559147427,0.97775156873707,0.9702241213217806,0.9616034873868713,0.9413339400921658,0.9158092038288898,0.8319021435979745,0.7095908310017512,0.4133428468523629,0.9241943509912166,0.9079208105987039,0.9079208105987039,0.9079208105987039,0.9079208105987039,0.9079208105987039,0.9079208105987039,0.9079208105987039,0.9086121761528803,0.9092564068349586,0.9098271586518791,0.9103132472363563,0.9115851648481095,0.9137942407667605,0.9159865165676168,0.920420265031828,0.9248295244094188,0.9357343675686068,0.9486677349735013,0.9656510585601381,0.9173749229364728,0.47302016935092217,0.47302016935092217,0.47302016935092217,0.47302016935092217,0.47302016935092217,0.47302016935092217,0.47302016935092217,0.47212420973134384,0.47123621292297796,0.4703561619464399,0.46948403982145925,0.46733087126215805,0.460342799206787,0.4510110336039722,0.4357179181841746,0.417975453142544,0.365618246073624,0.2993836053700178,0.1586965656197632,0.4342325422285114,779.0,779.0,779.0,779.0,779.0,779.0,779.0,778.0,777.0,776.0,775.0,772.0,766.0,759.0,742.0,720.0,647.0,528.0,280.0,724.8947368421053,2.0,2.0,2.0,2.0,2.0,2.0,2.0,3.0,4.0,5.0,6.0,9.0,15.0,22.0,39.0,61.0,134.0,253.0,501.0,56.10526315789474,11.0,11.0,11.0,11.0,11.0,11.0,11.0,12.0,13.0,14.0,15.0,18.0,24.0,31.0,48.0,70.0,143.0,262.0,510.0,65.10526315789474,0.9564660691421255,0.9098271586518791,0.9756722151088348,0.9935979513444302,0.9822784810126582,1.0,0.0,0.0,0.8668705187117263,0.9879057924888606,0.02329450915141431,0.9741663364160618,706.0258751138582,776,5,14,15,2,0,0,14.0,601,0.3640992998090388,0.36619718309859156,0.3620253164556962,286,495,504,790,781,17,2
legoassemble_003_legoassemble_aria02_rgb,0.5963686073559487,0.9134396820882676,0.5447467511106406,0.5963686073559487,0.5963686073559487,0.5963686073559487,0.5963686073559487,0.5963686073559487,0.5963686073559487,0.5963686073559487,0.5963686073559487,0.5963686073559487,0.5948807398721202,0.5944533949242274,0.5915261244815185,0.5893834133314391,0.5812086084567388,0.5774622338408586,0.5466902689273945,0.5108435304051457,0.4195770303993196,0.16553397852833915,0.5546777257563494,0.9817684594348223,0.9817684594348223,0.9817684594348223,0.9817684594348223,0.9817684594348223,0.9817684594348223,0.9817684594348223,0.9817684594348223,0.9817684594348223,0.9745685740236149,0.9727767695099818,0.96386630532972,0.9567956795679567,0.9341637010676157,0.9171075837742504,0.8517887563884157,0.767479674796748,0.5857038657913931,0.1997792494481236,0.892628752347959,0.3622600750938923,0.3622600750938923,0.3622600750938923,0.3622600750938923,0.3622600750938923,0.3622600750938923,0.3622600750938923,0.3622600750938923,0.3622600750938923,0.36311769546370193,0.36326405997024935,0.3630204251454043,0.36305850384595684,0.36161054658638275,0.36360252320687114,0.35087367366425065,0.3400234835220927,0.3005697840167791,0.13715887972907795,0.3456126447892525,0.9880733944954129,0.9880733944954129,0.9880733944954129,0.9880733944954129,0.9880733944954129,0.9880733944954129,0.9880733944954129,0.9880733944954129,0.9880733944954129,0.9844036697247707,0.9834862385321101,0.9788990825688073,0.9752293577981651,0.963302752293578,0.9541284403669725,0.9174311926605505,0.8660550458715597,0.736697247706422,0.3321100917431193,0.9254949299855143,0.9935424354243543,0.9935424354243543,0.9935424354243543,0.9935424354243543,0.9935424354243543,0.9935424354243543,0.9935424354243543,0.9935424354243543,0.9935424354243543,0.9898523985239852,0.988929889298893,0.9843173431734318,0.9806273062730627,0.9686346863468634,0.959409594095941,0.922509225092251,0.8708487084870848,0.7407749077490775,0.3339483394833948,0.9306175956496407,0.3626694870772668,0.3626694870772668,0.3626694870772668,0.3626694870772668,0.3626694870772668,0.3626694870772668,0.3626694870772668,0.3626694870772668,0.3626694870772668,0.3635450047888664,0.3636990915394344,0.36380686900823317,0.3640292712378686,0.36368592677280653,0.3657525133115407,0.3578690594067829,0.3518112972550284,0.3249726569066174,0.17552900652591638,0.35045926739202615,0.985824433183799,0.985824433183799,0.985824433183799,0.985824433183799,0.985824433183799,0.985824433183799,0.985824433183799,0.985824433183799,0.985824433183799,0.9841219357867088,0.9833326944215423,0.9809092140885035,0.9774314377654335,0.9686477305055142,0.9628932281086219,0.931429116809925,0.8893026768912412,0.7841940650350915,0.4127302870311668,0.9340743307946284,0.9134396820882676,0.9134396820882676,0.9134396820882676,0.9134396820882676,0.9134396820882676,0.9134396820882676,0.9134396820882676,0.9134396820882676,0.9134396820882676,0.9150307079506831,0.915387423757824,0.9170143051658373,0.9180722486473515,0.921056634038023,0.9228698085892543,0.9287536015197927,0.9346013560536564,0.9447181365902284,0.9644264744825466,0.9212046229257687,0.5982804878049972,0.5982804878049972,0.5982804878049972,0.5982804878049972,0.5982804878049972,0.5982804878049972,0.5982804878049972,0.5982804878049972,0.5982804878049972,0.5978748965765914,0.5977166585716375,0.5961210960271198,0.5950338742868805,0.5902037231202863,0.5890021293517265,0.5673644797685015,0.5426592426367891,0.47056235785374384,0.2134287893659324,0.5654995598844308,1077.0,1077.0,1077.0,1077.0,1077.0,1077.0,1077.0,1077.0,1077.0,1073.0,1072.0,1067.0,1063.0,1050.0,1040.0,1000.0,944.0,803.0,362.0,1008.7894736842105,13.0,13.0,13.0,13.0,13.0,13.0,13.0,13.0,13.0,17.0,18.0,23.0,27.0,40.0,50.0,90.0,146.0,287.0,728.0,81.21052631578948,7.0,7.0,7.0,7.0,7.0,7.0,7.0,7.0,7.0,11.0,12.0,17.0,21.0,34.0,44.0,84.0,140.0,281.0,722.0,75.21052631578948,0.9651376146788991,0.9130182451640934,0.9761467889908257,0.9853211009174312,0.9907749077490775,1.0,0.0,0.0,0.8794326562442535,0.9880404783808647,0.016638935108153077,0.9751567144531672,980.5815953062363,1074,16,10,12,2,0,0,10.0,601,0.5262189512419503,0.5247706422018349,0.5276752767527675,572,518,512,1084,1090,13,2
legoassemble_003_legoassemble_aria03_rgb,0.626824073197827,0.9064720749282977,0.5681985182466414,0.626824073197827,0.626824073197827,0.626824073197827,0.626824073197827,0.6257032872927908,0.6245942414068806,0.6245942414068806,0.6217092525337428,0.6207412089472653,0.6186584484177755,0.6186584484177755,0.6155594731297297,0.6079989207148074,0.6029154581682526,0.5908660081046556,0.5725290507959186,0.5101945991652425,0.37621944275154506,0.14461891700711166,0.5727819626869305,0.9791666666666666,0.9791666666666666,0.9791666666666666,0.9791666666666666,0.975736568457539,0.972318339100346,0.972318339100346,0.9689119170984456,0.9655172413793104,0.9587628865979382,0.9587628865979382,0.9487179487179487,0.9354838709677419,0.9191919191919192,0.8874172185430463,0.8387096774193549,0.7325227963525835,0.5281501340482574,0.19747899159663865,0.8777193369387379,0.4012681723305342,0.4012681723305342,0.4012681723305342,0.4012681723305342,0.4012400645677367,0.40122452771959416,0.40122452771959416,0.39892418275085867,0.399081064502645,0.39920013712336416,0.39920013712336416,0.39939527387649376,0.395156666044879,0.3954637134079689,0.39341431768330737,0.39082595900629014,0.35534529479966315,0.2679940039385665,0.10590813223833498,0.374140562727621,0.9912126537785588,0.9912126537785588,0.9912126537785588,0.9912126537785588,0.9894551845342706,0.9876977152899824,0.9876977152899824,0.9859402460456942,0.984182776801406,0.9806678383128296,0.9806678383128296,0.9753954305799648,0.968365553602812,0.9595782073813708,0.9420035149384886,0.9138840070298769,0.8471001757469244,0.6924428822495606,0.3304042179261863,0.9205438904819166,0.9877408056042032,0.9877408056042032,0.9877408056042032,0.9877408056042032,0.9859894921190894,0.9842381786339754,0.9842381786339754,0.9824868651488616,0.9807355516637478,0.9772329246935202,0.9772329246935202,0.9719789842381786,0.9649737302977233,0.9562171628721541,0.9387040280210157,0.9106830122591943,0.8441330998248686,0.6900175131348512,0.329246935201401,0.9173195686238362,0.40648514104269856,0.40648514104269856,0.40648514104269856,0.40648514104269856,0.4065298515395539,0.4065837078122886,0.4065837078122886,0.40498126245089244,0.40518586463311895,0.40542385966278066,0.40542385966278066,0.40579078816073033,0.40301700957838504,0.40361447586881116,0.4028674557236588,0.40221041001387814,0.37812042183279565,0.3096945363970979,0.14033063695620576,0.38485781117242424,0.9879152668906309,0.9879152668906309,0.9879152668906309,0.9879152668906309,0.9861409741048893,0.9844071923581197,0.9844071923581197,0.9826973851741655,0.9809115615393164,0.9774431917074164,0.9774431917074164,0.9723883809485746,0.9655495214592515,0.9572809316176355,0.9410273956822633,0.9151680141630234,0.8521194821045716,0.7016228005589757,0.36601476330836874,0.9208570024397174,0.9064720749282977,0.9064720749282977,0.9064720749282977,0.9064720749282977,0.9077083627129535,0.9087944816835397,0.9087944816835397,0.9097206334167482,0.9105649540942667,0.912121162398572,0.912121162398572,0.9139881456898094,0.9160763184672464,0.9181777131146514,0.9216886873476385,0.9260702840031114,0.9334237398005913,0.9453111759950278,0.9646704533346788,0.9176378976765336,0.6306679712595376,0.6306679712595376,0.6306679712595376,0.6306679712595376,0.6300865513002262,0.6295145346590064,0.6295145346590064,0.627148632219635,0.6267126217263174,0.6256858121509187,0.6256858121509187,0.6241540876533339,0.6185920333098307,0.6160181500543624,0.608767336578436,0.5976366734630354,0.5486465726454849,0.43077899265495884,0.18706280657637472,0.5867724756231577,564.0,564.0,564.0,564.0,563.0,562.0,562.0,561.0,560.0,558.0,558.0,555.0,551.0,546.0,536.0,520.0,482.0,394.0,188.0,523.7894736842105,5.0,5.0,5.0,5.0,6.0,7.0,7.0,8.0,9.0,11.0,11.0,14.0,18.0,23.0,33.0,49.0,87.0,175.0,381.0,45.21052631578947,7.0,7.0,7.0,7.0,8.0,9.0,9.0,10.0,11.0,13.0,13.0,16.0,20.0,25.0,35.0,51.0,89.0,177.0,383.0,47.21052631578947,0.945518453427065,0.912121162398572,0.9578207381370826,0.9806678383128296,0.9772329246935202,1.0,0.0,0.0,0.8593385037230284,0.9789473684210527,0.021630615640599003,0.9563355043233494,508.96360861840316,558,11,13,7,2,0,0,7.0,601,0.5578947368421052,0.5588752196836555,0.5569176882661997,318,251,253,571,569,9,2
legoassemble_004_legoassemble_aria01_rgb,0.5497812473057203,0.9197425745375223,0.5056572198294135,0.5497812473057203,0.5497812473057203,0.5497812473057203,0.5497812473057203,0.5497812473057203,0.5497812473057203,0.5497812473057203,0.5497812473057203,0.5497812473057203,0.546144776623974,0.5458399205806285,0.5458399205806285,0.5425142145724083,0.5345059236542247,0.5233943037554096,0.5012654781607565,0.4676319888486229,0.40516611349511356,0.21824408183014385,0.5146619972554417,0.9654403567447045,0.9654403567447045,0.9654403567447045,0.9654403567447045,0.9654403567447045,0.9654403567447045,0.9654403567447045,0.9654403567447045,0.9654403567447045,0.9567147613762487,0.9545454545454546,0.9545454545454546,0.9459161147902869,0.9309967141292442,0.9018338727076591,0.8460732984293193,0.7524850894632207,0.5868586858685868,0.27661115133960895,0.8839759898893381,0.313079329838872,0.313079329838872,0.313079329838872,0.313079329838872,0.313079329838872,0.313079329838872,0.313079329838872,0.313079329838872,0.313079329838872,0.3117691176883052,0.3121288959899176,0.3121288959899176,0.3111498666859791,0.3068717408832814,0.30376059881309386,0.29698027353208406,0.2906099802595583,0.2797259092821792,0.17219291060107797,0.3007911662250128,0.9741282339707537,0.9741282339707537,0.9741282339707537,0.9741282339707537,0.9741282339707537,0.9741282339707537,0.9741282339707537,0.9741282339707537,0.9741282339707537,0.96962879640045,0.968503937007874,0.968503937007874,0.9640044994375703,0.9561304836895388,0.9403824521934758,0.9088863892013498,0.8515185601799775,0.7334083239595051,0.4296962879640045,0.9188325143567578,0.9908466819221968,0.9908466819221968,0.9908466819221968,0.9908466819221968,0.9908466819221968,0.9908466819221968,0.9908466819221968,0.9908466819221968,0.9908466819221968,0.9862700228832952,0.9851258581235698,0.9851258581235698,0.9805491990846682,0.9725400457665904,0.9565217391304348,0.9244851258581236,0.8661327231121282,0.7459954233409611,0.43707093821510296,0.9346019511020114,0.3132103457078908,0.3132103457078908,0.3132103457078908,0.3132103457078908,0.3132103457078908,0.3132103457078908,0.3132103457078908,0.3132103457078908,0.3132103457078908,0.31242839931050526,0.3127889433282875,0.3127889433282875,0.31216592225525164,0.30905578103735065,0.3071712771060626,0.3028286034258953,0.2998232095981635,0.29578074187392556,0.20528926365092398,0.3046849576992458,0.9899476042682483,0.9899476042682483,0.9899476042682483,0.9899476042682483,0.9899476042682483,0.9899476042682483,0.9899476042682483,0.9899476042682483,0.9899476042682483,0.9887075427981994,0.9886944272846084,0.9886944272846084,0.9840815006403502,0.9760493603039758,0.9603948806324062,0.9292470506070273,0.8770690305468364,0.78986384551743,0.5265741103628159,0.9431002428627627,0.9197425745375223,0.9197425745375223,0.9197425745375223,0.9197425745375223,0.9197425745375223,0.9197425745375223,0.9197425745375223,0.9197425745375223,0.9197425745375223,0.921782174903616,0.9222636842673497,0.9222636842673497,0.9236715850758631,0.925777663051675,0.9292271583324113,0.9344121696728525,0.9416194135947149,0.9519291965036301,0.9679241707556794,0.9272923195401496,0.5522494134616056,0.5522494134616056,0.5522494134616056,0.5522494134616056,0.5522494134616056,0.5522494134616056,0.5522494134616056,0.5522494134616056,0.5522494134616056,0.5498184376127646,0.5498163917346921,0.5498163917346921,0.5476767947290482,0.5416728034906152,0.5344634101522908,0.5195395350448367,0.4974533063158298,0.4529385281632504,0.2720122322598763,0.5255501343364392,866.0,866.0,866.0,866.0,866.0,866.0,866.0,866.0,866.0,862.0,861.0,861.0,857.0,850.0,836.0,808.0,757.0,652.0,382.0,816.8421052631579,23.0,23.0,23.0,23.0,23.0,23.0,23.0,23.0,23.0,27.0,28.0,28.0,32.0,39.0,53.0,81.0,132.0,237.0,507.0,72.15789473684211,8.0,8.0,8.0,8.0,8.0,8.0,8.0,8.0,8.0,12.0,13.0,13.0,17.0,24.0,38.0,66.0,117.0,222.0,492.0,57.1578947368421,0.9448818897637795,0.921782174903616,0.9561304836895388,0.96962879640045,0.9862700228832952,1.0,0.0,0.0,0.8690396341585118,0.9778786159954623,0.019966722129783693,0.9550056242969629,794.576234766917,862,27,12,10,2,0,0,7.0,601,0.49574588769143507,0.4915635545556805,0.5,437,452,437,874,889,14,2
legoassemble_004_legoassemble_aria02_rgb,0.8705013554181618,0.9287144323028632,0.8084471721160511,0.8705013554181618,0.8705013554181618,0.8705013554181618,0.8705013554181618,0.8705013554181618,0.8705013554181618,0.8705013554181618,0.8705013554181618,0.8705013554181618,0.8699363713807112,0.8682621034036545,0.8659683866890837,0.8572702004852937,0.8486646035939354,0.8353414842419724,0.8138151945964915,0.7629521164129743,0.6572961896603439,0.28235900235111444,0.8155988342936331,0.9943181818181818,0.9943181818181818,0.9943181818181818,0.9943181818181818,0.9943181818181818,0.9943181818181818,0.9943181818181818,0.9943181818181818,0.9943181818181818,0.9924314096499527,0.9867924528301887,0.9830508474576272,0.9737582005623243,0.9645522388059702,0.9410138248847926,0.9093381686310064,0.837696335078534,0.7163814180929096,0.29440688383527963,0.9235939692732746,0.7621027389836275,0.7621027389836275,0.7621027389836275,0.7621027389836275,0.7621027389836275,0.7621027389836275,0.7621027389836275,0.7621027389836275,0.7621027389836275,0.7625608005675385,0.7639692399802626,0.7628305785853235,0.7547173376467584,0.7467004693129261,0.7415357530810048,0.7283265937832566,0.6948770187522252,0.6030841532603438,0.27080415094275995,0.7204384603560551,0.9962049335863378,0.9962049335863378,0.9962049335863378,0.9962049335863378,0.9962049335863378,0.9962049335863378,0.9962049335863378,0.9962049335863378,0.9962049335863378,0.9952561669829222,0.9924098671726755,0.9905123339658444,0.9857685009487666,0.9810246679316889,0.9686907020872866,0.9516129032258065,0.9108159392789373,0.8339658444022771,0.45445920303605314,0.9489663437531209,0.9980988593155894,0.9980988593155894,0.9980988593155894,0.9980988593155894,0.9980988593155894,0.9980988593155894,0.9980988593155894,0.9980988593155894,0.9980988593155894,0.997148288973384,0.9942965779467681,0.9923954372623575,0.9876425855513308,0.9828897338403042,0.970532319391635,0.9534220532319392,0.9125475285171103,0.8355513307984791,0.4553231939163498,0.9507704622773665,0.7628333732014662,0.7628333732014662,0.7628333732014662,0.7628333732014662,0.7628333732014662,0.7628333732014662,0.7628333732014662,0.7628333732014662,0.7628333732014662,0.7633080091730177,0.7647602153803387,0.7643400176295209,0.759732596027851,0.7551390463152297,0.754070596066811,0.7479521925591088,0.7314483536265565,0.6735104560406705,0.38895002423515224,0.7351953613614448,0.9981114280574614,0.9981114280574614,0.9981114280574614,0.9981114280574614,0.9981114280574614,0.9981114280574614,0.9981114280574614,0.9981114280574614,0.9981114280574614,0.9971983957172482,0.9946175340696033,0.9928484775918061,0.9880510648516203,0.9832570309920013,0.9722637736782174,0.9560425851708941,0.9221723115549938,0.84784149767507,0.4734317161773062,0.9531961705261007,0.9287144323028632,0.9287144323028632,0.9287144323028632,0.9287144323028632,0.9287144323028632,0.9287144323028632,0.9287144323028632,0.9287144323028632,0.9287144323028632,0.9291557479614653,0.9303064707307502,0.930982390972085,0.9324540100062462,0.9336803080655226,0.9363708486128054,0.939191988037157,0.9442003582613553,0.9501889887450553,0.9670368575306805,0.9343156768236259,0.8713268666092827,0.8713268666092827,0.8713268666092827,0.8713268666092827,0.8713268666092827,0.8713268666092827,0.8713268666092827,0.8713268666092827,0.8713268666092827,0.8711735415313512,0.870729930559885,0.8692485817158774,0.8625407692231649,0.855880587437377,0.8475368955242382,0.8325172577230141,0.7955533071505364,0.709190795991738,0.35081254056305017,0.8266908424686198,1050.0,1050.0,1050.0,1050.0,1050.0,1050.0,1050.0,1050.0,1050.0,1049.0,1046.0,1044.0,1039.0,1034.0,1021.0,1003.0,960.0,879.0,479.0,1000.2105263157895,4.0,4.0,4.0,4.0,4.0,4.0,4.0,4.0,4.0,5.0,8.0,10.0,15.0,20.0,33.0,51.0,94.0,175.0,575.0,53.78947368421053,2.0,2.0,2.0,2.0,2.0,2.0,2.0,2.0,2.0,3.0,6.0,8.0,13.0,18.0,31.0,49.0,92.0,173.0,573.0,51.78947368421053,0.9895635673624289,0.9291557479614653,0.9924098671726755,0.9952561669829222,0.997148288973384,1.0,0.0,0.0,0.9190553886257846,0.9962013295346629,0.004991680532445923,0.9919571904604179,974.684379611577,1049,5,3,3,2,0,0,3.0,601,0.8641975308641975,0.8633776091081594,0.8650190114068441,910,144,142,1052,1054,5,2
legoassemble_005_legoassemble_aria01_rgb,0.7686450237489288,0.8801905566369497,0.676554091309791,0.7686450237489288,0.7686450237489288,0.7686450237489288,0.7686450237489288,0.7686450237489288,0.768093980270513,0.768093980270513,0.7664304456310506,0.7650329791688047,0.7592077702413147,0.7514503356132263,0.7450904696921563,0.7348701483437362,0.7161304798129252,0.6761663818189282,0.6231306935082912,0.5421532453818644,0.4158689562235299,0.1911835971350953,0.6876909779924523,0.969187675070028,0.969187675070028,0.969187675070028,0.969187675070028,0.969187675070028,0.9664335664335665,0.9664335664335665,0.9609483960948396,0.9554937413073713,0.9393103448275862,0.9233926128590971,0.9077340569877883,0.8746666666666667,0.8427260812581914,0.7774968394437421,0.7021791767554479,0.5762331838565022,0.38795656465942746,0.16487158243579123,0.8311481450194592,0.6095983138573264,0.6095983138573264,0.6095983138573264,0.6095983138573264,0.6095983138573264,0.6104593042074912,0.6104593042074912,0.6112873806516417,0.6125371982186751,0.6136379116537767,0.611524934279928,0.6115886076460681,0.6174170749924673,0.6085522633302333,0.5880422307944091,0.55298116783568,0.5100888836545808,0.44578956642291107,0.22169477161262263,0.5723185351997163,0.9732770745428974,0.9732770745428974,0.9732770745428974,0.9732770745428974,0.9732770745428974,0.9718706047819972,0.9718706047819972,0.9690576652601969,0.9662447257383966,0.9578059071729957,0.9493670886075949,0.9409282700421941,0.9226441631504922,0.9043600562587905,0.8649789029535865,0.8157524613220816,0.7229254571026723,0.5527426160337553,0.279887482419128,0.8766748093863349,0.99568345323741,0.99568345323741,0.99568345323741,0.99568345323741,0.99568345323741,0.9942446043165467,0.9942446043165467,0.9913669064748202,0.9884892086330935,0.9798561151079137,0.9712230215827338,0.962589928057554,0.943884892086331,0.9251798561151079,0.8848920863309353,0.8345323741007195,0.739568345323741,0.5654676258992806,0.28633093525179854,0.8968572510412722,0.6096534512652702,0.6096534512652702,0.6096534512652702,0.6096534512652702,0.6096534512652702,0.6105145707561882,0.6105145707561882,0.6114040366589595,0.6126817351066333,0.6143958591606938,0.6138012752447213,0.6148510167345399,0.6216863917676404,0.6181165433656465,0.609124569636796,0.5872950880144009,0.5618752521745984,0.5255048137731947,0.3243678813408076,0.5886526768851241,0.9943918202840042,0.9943918202840042,0.9943918202840042,0.9943918202840042,0.9943918202840042,0.9934189189144199,0.9934189189144199,0.9907120770943575,0.9881242530695096,0.980647381782879,0.9729793527001065,0.9653076955455969,0.9530449795968086,0.9409645296715093,0.9152165287526707,0.86953266469945,0.7912974051272691,0.670878845479799,0.39955576492650835,0.9156346535629117,0.8801905566369497,0.8801905566369497,0.8801905566369497,0.8801905566369497,0.8801905566369497,0.8810605937695525,0.8810605937695525,0.8825805258465373,0.883934259854769,0.8875314768060915,0.8907091713368172,0.8934857198885087,0.898793403487656,0.9033302944425089,0.911310927101731,0.9195494706790142,0.9315029535750049,0.9479775927777745,0.9658612451026193,0.8989284742959414,0.7702649307591133,0.7702649307591133,0.7702649307591133,0.7702649307591133,0.7702649307591133,0.7702515518808979,0.7702515518808979,0.7696575354645085,0.769324922966473,0.7666459526060828,0.7619459603333337,0.7585914648675722,0.7547557621318632,0.7418560231620042,0.7131929077626387,0.6716366195545885,0.6072530274761746,0.4963938870948688,0.24909755416731919,0.708009440797094,692.0,692.0,692.0,692.0,692.0,691.0,691.0,689.0,687.0,681.0,675.0,669.0,656.0,643.0,615.0,580.0,514.0,393.0,199.0,623.3157894736842,19.0,19.0,19.0,19.0,19.0,20.0,20.0,22.0,24.0,30.0,36.0,42.0,55.0,68.0,96.0,131.0,197.0,318.0,512.0,87.6842105263158,3.0,3.0,3.0,3.0,3.0,4.0,4.0,6.0,8.0,14.0,20.0,26.0,39.0,52.0,80.0,115.0,181.0,302.0,496.0,71.6842105263158,0.9353023909985936,0.8868381528240945,0.9521800281293952,0.9648382559774965,0.9870503597122302,1.0,0.0,0.0,0.8261195117262009,0.9758179231863442,0.02425876010781671,0.9506621923402987,608.3709728373288,686,25,9,12,2,0,0,11.0,371,0.7496443812233285,0.7412095639943741,0.758273381294964,527,184,168,695,711,13,2
legoassemble_005_legoassemble_aria03_rgb,0.6174324909702213,0.8957779997070285,0.5530824417154329,0.6174324909702213,0.6169057134385025,0.6169057134385025,0.6169057134385025,0.6169057134385025,0.6152555692260278,0.6152555692260278,0.6152555692260278,0.6152555692260278,0.6111991868347413,0.6086072928872261,0.590142811099214,0.5802654808864606,0.5759796995630907,0.5626021250436695,0.5467060348764924,0.466038069875683,0.345386734222288,0.13404220395995856,0.5561603821514298,0.940677966101695,0.937394247038917,0.937394247038917,0.937394247038917,0.937394247038917,0.9341216216216216,0.9341216216216216,0.9341216216216216,0.9341216216216216,0.9276094276094277,0.9211409395973155,0.8832236842105263,0.8709150326797386,0.8617886178861789,0.832,0.7946708463949843,0.6404011461318052,0.43844221105527637,0.1671763506625892,0.8296899840511418,0.4052639634853308,0.4059899668418467,0.4059899668418467,0.4059899668418467,0.4059899668418467,0.4052356852703018,0.4052356852703018,0.4052356852703018,0.4052356852703018,0.40271738823329345,0.40211309804278444,0.39431521563349375,0.38661409629406746,0.38495822226397125,0.38043407584573646,0.37611482782623323,0.3391491159648087,0.27208145832860453,0.10747520430510187,0.37348101445642207,0.9585492227979274,0.9568221070811744,0.9568221070811744,0.9568221070811744,0.9568221070811744,0.9550949913644214,0.9550949913644214,0.9550949913644214,0.9550949913644214,0.9516407599309153,0.9481865284974094,0.927461139896373,0.9205526770293609,0.9153713298791019,0.8981001727115717,0.8756476683937824,0.772020725388601,0.6027633851468048,0.28324697754749567,0.8790109990000909,0.980565371024735,0.9787985865724381,0.9787985865724381,0.9787985865724381,0.9787985865724381,0.9770318021201413,0.9770318021201413,0.9770318021201413,0.9770318021201413,0.9734982332155477,0.9699646643109541,0.9487632508833922,0.941696113074205,0.9363957597173145,0.9187279151943463,0.8957597173144877,0.7897526501766784,0.6166077738515902,0.28975265017667845,0.8992002975636971,0.41220324900063465,0.4129417270317674,0.4129417270317674,0.4129417270317674,0.4129417270317674,0.4123768682344011,0.4123768682344011,0.4123768682344011,0.4123768682344011,0.41053521227002593,0.4102223227549132,0.40528731528475936,0.3998023683102593,0.3986034036256012,0.3958040751913301,0.39318173028580267,0.3668583748024026,0.3152730178349596,0.1410358768620366,0.3868463856467052,0.9432074900952854,0.9444587671532192,0.9444587671532192,0.9444587671532192,0.9444587671532192,0.9428724259973359,0.9428724259973359,0.9428724259973359,0.9428724259973359,0.9394052145781808,0.9391083818637221,0.9250060916918161,0.9176458062005585,0.9126245672436599,0.9016209286128747,0.8867025558344561,0.7997552155905355,0.6780050687975158,0.368188896820548,0.8821365784174408,0.8957779997070285,0.8972443200996824,0.8972443200996824,0.8972443200996824,0.8972443200996824,0.898375434628885,0.898375434628885,0.898375434628885,0.898375434628885,0.8998541359404305,0.901182645018101,0.9083581057360638,0.9105045839254973,0.9117853978947691,0.915255762995199,0.9189769608445771,0.9310299201429248,0.9453622385976264,0.9668935705538334,0.9098663336984378,0.6232699713822827,0.6232657342798751,0.6232657342798751,0.6232657342798751,0.6232657342798751,0.6221242426748811,0.6221242426748811,0.6221242426748811,0.6221242426748811,0.6190656519107847,0.6174773052481575,0.6047412995404929,0.5965724107941892,0.5936158015599536,0.5845236601048952,0.5738850686630295,0.5116934106689809,0.40497004933430447,0.17447643617612008,0.5729395249053797,555.0,554.0,554.0,554.0,554.0,553.0,553.0,553.0,553.0,551.0,549.0,537.0,533.0,530.0,520.0,507.0,447.0,349.0,164.0,508.94736842105266,24.0,25.0,25.0,25.0,25.0,26.0,26.0,26.0,26.0,28.0,30.0,42.0,46.0,49.0,59.0,72.0,132.0,230.0,415.0,70.05263157894737,11.0,12.0,12.0,12.0,12.0,13.0,13.0,13.0,13.0,15.0,17.0,29.0,33.0,36.0,46.0,59.0,119.0,217.0,402.0,57.05263157894737,0.9119170984455959,0.8998541359404305,0.92573402417962,0.9516407599309153,0.9734982332155477,1.0,0.0,0.0,0.816614212268009,0.9624454148471616,0.04043126684636118,0.924174283269444,495.8196289031772,551,28,15,8,2,0,0,6.0,371,0.5362445414847161,0.5302245250431779,0.5424028268551236,307,272,259,566,579,9,2
tagging_001_tagging_aria01_rgb,0.38288100953784826,0.8946161884658733,0.3425315493887155,0.38288100953784826,0.38288100953784826,0.38288100953784826,0.38288100953784826,0.38245897324526384,0.38245897324526384,0.38245897324526384,0.3819152390095283,0.3819152390095283,0.38084759448022193,0.3784461832816661,0.3722647307433765,0.3651660617343372,0.35449741524480716,0.3433489794756162,0.3227495685545938,0.2949692202487117,0.2279040646787308,0.1060888435428148,0.34679021567847984,0.94529262086514,0.94529262086514,0.94529262086514,0.94529262086514,0.9440559440559441,0.9440559440559441,0.9440559440559441,0.9415873015873016,0.9415873015873016,0.9366687777074097,0.9269061121613107,0.9041095890410958,0.8783783783783784,0.8377403846153846,0.7946009389671361,0.7296380090497737,0.6511879049676026,0.4666666666666667,0.1820641669887901,0.8318144130182391,0.15508199707573536,0.15508199707573536,0.15508199707573536,0.15508199707573536,0.15494300643601827,0.15494300643601827,0.15494300643601827,0.1549078344002937,0.1549078344002937,0.15485184696385781,0.1545156642742425,0.15327901775980332,0.1518095799315364,0.15000878520729893,0.14836192096649772,0.14276570396577362,0.1336124953034281,0.11130056292232952,0.06181800027099681,0.14512085547249204,0.9636835278858625,0.9636835278858625,0.9636835278858625,0.9636835278858625,0.9630350194552529,0.9630350194552529,0.9630350194552529,0.9617380025940337,0.9617380025940337,0.9591439688715954,0.9539559014267186,0.9416342412451362,0.9273670557717251,0.9040207522697795,0.8780804150453956,0.8365758754863813,0.7821011673151751,0.6309987029831388,0.30544747081712065,0.8835074066489181,0.9802110817941952,0.9802110817941952,0.9802110817941952,0.9802110817941952,0.9795514511873351,0.9795514511873351,0.9795514511873351,0.9782321899736148,0.9782321899736148,0.9755936675461742,0.9703166226912929,0.9577836411609498,0.9432717678100264,0.9195250659630607,0.8931398416886543,0.8509234828496042,0.7955145118733509,0.6418205804749341,0.3106860158311346,0.8986599083460631,0.1569733530026016,0.1569733530026016,0.1569733530026016,0.1569733530026016,0.1568537336910931,0.1568537336910931,0.1568537336910931,0.15683835094726326,0.15683835094726326,0.1567735646926127,0.15653999066793334,0.1555332770410834,0.15427981807551192,0.1526059358896109,0.1510285369783874,0.146183440648717,0.13827022025140234,0.11847797414552169,0.07001245953340644,0.14799139646854734,0.9239119938451663,0.9239119938451663,0.9239119938451663,0.9239119938451663,0.9232100543562867,0.9232100543562867,0.9232100543562867,0.9221329133475162,0.9221329133475162,0.9217618252889438,0.9172428001836235,0.9045696740104352,0.8922938324234029,0.8794173869808894,0.8686261705140952,0.8329963491466621,0.7866192207749672,0.6502486980358135,0.36859515513962193,0.859574477770685,0.8946161884658733,0.8946161884658733,0.8946161884658733,0.8946161884658733,0.8950734430740636,0.8950734430740636,0.8950734430740636,0.8957799073668428,0.8957799073668428,0.8969331904708948,0.8988943651780653,0.9030532184360088,0.9073729055881115,0.9133716046557897,0.9189274081629175,0.9260736717223689,0.932885555262382,0.94605079415995,0.965323729015015,0.9086384916037303,0.38658759169628,0.38658759169628,0.38658759169628,0.38658759169628,0.38628427513628644,0.38628427513628644,0.38628427513628644,0.3859802472177894,0.3859802472177894,0.3853896924984002,0.3839285477758631,0.37991153126359845,0.3752108782792035,0.368254062910619,0.3609344776260568,0.3455927426677195,0.3232622596974544,0.265010397617307,0.1374123423632246,0.3580037168067897,1486.0,1486.0,1486.0,1486.0,1485.0,1485.0,1485.0,1483.0,1483.0,1479.0,1471.0,1452.0,1430.0,1394.0,1354.0,1290.0,1206.0,973.0,471.0,1362.3684210526317,56.0,56.0,56.0,56.0,57.0,57.0,57.0,59.0,59.0,63.0,71.0,90.0,112.0,148.0,188.0,252.0,336.0,569.0,1071.0,179.6315789473684,30.0,30.0,30.0,30.0,31.0,31.0,31.0,33.0,33.0,37.0,45.0,64.0,86.0,122.0,162.0,226.0,310.0,543.0,1045.0,153.6315789473684,0.9150453955901426,0.8973854668394933,0.9364461738002594,0.959792477302205,0.9762532981530343,1.0,0.0,0.0,0.8165567386008107,0.9679529103989536,0.059900166389351084,0.9354614047082503,1328.13049092245,1480,62,36,33,3,0,0,29.0,601,0.223675604970569,0.22178988326848248,0.22559366754617413,342,1200,1174,1516,1542,32,3
tagging_001_tagging_aria02_rgb,0.514463026449883,0.9068186638126482,0.46652467422629396,0.514463026449883,0.514463026449883,0.5134826386988952,0.5134826386988952,0.5134826386988952,0.5125072231510784,0.5125072231510784,0.5125072231510784,0.51142575076784,0.5102777988890483,0.5083109807360765,0.5054365490860779,0.5019242357121659,0.491705357800096,0.4792049582777945,0.45970613348132433,0.42426251954826344,0.33374892909306575,0.1391966079735038,0.47221555051657593,0.9629388816644994,0.9629388816644994,0.9616634178037686,0.9616634178037686,0.9616634178037686,0.9603896103896103,0.9603896103896103,0.9603896103896103,0.9565780946208684,0.9540453074433657,0.9502583979328165,0.9427284427284427,0.9352564102564103,0.90955091714105,0.8705080545229245,0.8186746987951807,0.7241576242147344,0.5201409869083585,0.16970166602092213,0.8654546025523269,0.2748587793302839,0.2748587793302839,0.27417536672792725,0.27417536672792725,0.27417536672792725,0.2734969755404497,0.2734969755404497,0.2734969755404497,0.27342911155843935,0.2729256462010417,0.2719050457211949,0.27098588901452236,0.26936777511759924,0.26581706898749347,0.2637969756223265,0.25813638734818223,0.24856285354811872,0.21415029861969576,0.11417504686689711,0.2587361412669058,0.9886515353805073,0.9886515353805073,0.9879839786381842,0.9879839786381842,0.9879839786381842,0.9873164218958611,0.9873164218958611,0.9873164218958611,0.9853137516688919,0.9839786381842457,0.9819759679572764,0.9779706275033377,0.9739652870493992,0.9599465954606141,0.937917222963952,0.9072096128170895,0.8464619492656876,0.6895861148197597,0.2923898531375167,0.917890520694259,0.9737015121630507,0.9737015121630507,0.9730440499671269,0.9730440499671269,0.9730440499671269,0.9723865877712031,0.9723865877712031,0.9723865877712031,0.9704142011834319,0.9690992767915845,0.9671268902038133,0.9631821170282708,0.9592373438527285,0.94543063773833,0.9237343852728468,0.893491124260355,0.8336620644312952,0.6791584483892176,0.2879684418145957,0.9040105193951348,0.27533275357326237,0.27533275357326237,0.2748261564303413,0.2748261564303413,0.2748261564303413,0.2743214847840903,0.2743214847840903,0.2743214847840903,0.27429364545808294,0.27396194006689917,0.27320901182220014,0.2725692600954079,0.2713498187530335,0.26877992547156704,0.2675574436681083,0.2632912262264964,0.2564295814270374,0.2291709942304827,0.13922557890741719,0.2625235187850817,0.9833669985770467,0.9833669985770467,0.9826826245210151,0.9826826245210151,0.9826826245210151,0.9820024087130433,0.9820024087130433,0.9820024087130433,0.9800896556350678,0.9790092945308092,0.9769903694249599,0.9734906490703239,0.969489352704234,0.9576506976887607,0.9429492036879175,0.9171028451727357,0.8730395462255799,0.7407869613052767,0.39796785693924097,0.9247029225916408,0.9068186638126482,0.9068186638126482,0.9073568556596121,0.9073568556596121,0.9073568556596121,0.9077903303840961,0.9077903303840961,0.9077903303840961,0.908771299414191,0.9093578317361993,0.9101348833891361,0.911479205041072,0.9126338395450482,0.9161195425739792,0.9205961224611414,0.925409853565492,0.9322135001359286,0.9439259879124777,0.9651077803042697,0.9165699332544924,0.5212864416016373,0.5212864416016373,0.5204621692922943,0.5204621692922943,0.5204621692922943,0.5196422377847443,0.5196422377847443,0.5196422377847443,0.5190505406269584,0.5182210008041513,0.5167245111899936,0.5147972804163619,0.5122058789337258,0.5051437324067909,0.49741303441102325,0.4839254198945811,0.4586927049009851,0.3842851446681843,0.1827118638331434,0.48716090613264673,1481.0,1481.0,1480.0,1480.0,1480.0,1479.0,1479.0,1479.0,1476.0,1474.0,1471.0,1465.0,1459.0,1438.0,1405.0,1359.0,1268.0,1033.0,438.0,1375.0,17.0,17.0,18.0,18.0,18.0,19.0,19.0,19.0,22.0,24.0,27.0,33.0,39.0,60.0,93.0,139.0,230.0,465.0,1060.0,123.0,40.0,40.0,41.0,41.0,41.0,42.0,42.0,42.0,45.0,47.0,50.0,56.0,62.0,83.0,116.0,162.0,253.0,488.0,1083.0,146.0,0.9372496662216289,0.9093578317361993,0.9526034712950601,0.9839786381842457,0.9690992767915845,1.0,0.0,0.0,0.848059708931347,0.9764822789002982,0.07820299500831947,0.9516944406969176,1340.3934439791578,1474,24,47,23,3,0,0,22.0,601,0.42265650877774097,0.4259012016021362,0.41946088099934253,638,860,883,1521,1498,25,3
tagging_001_tagging_aria03_rgb,0.4694261991239444,0.8884581733356671,0.4170655433895648,0.4694261991239444,0.4694261991239444,0.4694261991239444,0.4694261991239444,0.4694261991239444,0.4694261991239444,0.4694261991239444,0.4694261991239444,0.46808902601082386,0.46551063240144525,0.4645643643612382,0.4592102877829949,0.4571020300821323,0.44485442199145014,0.4217884152171321,0.3810883427954542,0.31452697264771806,0.22195376718592721,0.07607459005378352,0.4173774970274555,0.9912663755458515,0.9912663755458515,0.9912663755458515,0.9912663755458515,0.9912663755458515,0.9912663755458515,0.9912663755458515,0.9912663755458515,0.9869281045751634,0.9761646803900325,0.9718918918918918,0.9612903225806452,0.954983922829582,0.92,0.8631256384065373,0.7589199614271939,0.6127320954907162,0.4009216589861751,0.12523133867982728,0.8664379273486622,0.22230246264795267,0.22230246264795267,0.22230246264795267,0.22230246264795267,0.22230246264795267,0.22230246264795267,0.22230246264795267,0.22230246264795267,0.222009420195891,0.22199138447849764,0.22206178530231838,0.21936566243550237,0.2187913962845766,0.21510375735363826,0.206117695147859,0.1913618463025734,0.16145264341622412,0.12287556350185493,0.0462132187746346,0.20135600391458902,0.9923497267759562,0.9923497267759562,0.9923497267759562,0.9923497267759562,0.9923497267759562,0.9923497267759562,0.9923497267759562,0.9923497267759562,0.9901639344262295,0.9846994535519126,0.9825136612021858,0.9770491803278688,0.9737704918032787,0.9551912568306011,0.9234972677595629,0.8601092896174863,0.7573770491803279,0.5704918032786885,0.22185792349726777,0.9018694276675295,0.9988998899889989,0.9988998899889989,0.9988998899889989,0.9988998899889989,0.9988998899889989,0.9988998899889989,0.9988998899889989,0.9988998899889989,0.9966996699669967,0.9911991199119912,0.988998899889989,0.9834983498349835,0.9801980198019802,0.9614961496149615,0.9295929592959296,0.8657865786578658,0.7623762376237624,0.5742574257425742,0.22332233223322331,0.9078223611834868,0.22230247705335196,0.22230247705335196,0.22230247705335196,0.22230247705335196,0.22230247705335196,0.22230247705335196,0.22230247705335196,0.22230247705335196,0.22206698202866265,0.22214561552315265,0.22224907691652362,0.22009635476783837,0.21965806870779966,0.21695756193565122,0.20980668994419818,0.1979671859785983,0.17167559514253947,0.13597240416227555,0.053087841744457874,0.2036896417515007,0.9994493392070485,0.9994493392070485,0.9994493392070485,0.9994493392070485,0.9994493392070485,0.9994493392070485,0.9994493392070485,0.9994493392070485,0.9973096026490066,0.9920563638362098,0.9915072369729113,0.9861007674344933,0.9829423651145032,0.9659011100712582,0.9405334768499768,0.8924240297812526,0.8136734259869437,0.6686169525284653,0.3566755832629972,0.9254387172707583,0.8884581733356671,0.8884581733356671,0.8884581733356671,0.8884581733356671,0.8884581733356671,0.8884581733356671,0.8884581733356671,0.8884581733356671,0.8894430866715375,0.8917449745417383,0.8925636069986737,0.8943680710915795,0.8952781628058127,0.899480567274997,0.9052352579452329,0.9145310196367616,0.926630054357279,0.942399489699533,0.9647821469759167,0.9012695697202314,0.4696826461242932,0.4696826461242932,0.4696826461242932,0.4696826461242932,0.4696826461242932,0.4696826461242932,0.4696826461242932,0.4696826461242932,0.468855757116034,0.4675412227699384,0.4670960690162941,0.4629590053932287,0.4615762185840581,0.4532827245060266,0.4362901881843623,0.40569952142342613,0.34968632608802924,0.26476310506008616,0.10125595664189531,0.42612985598830133,908.0,908.0,908.0,908.0,908.0,908.0,908.0,908.0,906.0,901.0,899.0,894.0,891.0,874.0,845.0,787.0,693.0,522.0,203.0,825.2105263157895,7.0,7.0,7.0,7.0,7.0,7.0,7.0,7.0,9.0,14.0,16.0,21.0,24.0,41.0,70.0,128.0,222.0,393.0,712.0,89.78947368421052,1.0,1.0,1.0,1.0,1.0,1.0,1.0,1.0,3.0,8.0,10.0,15.0,18.0,35.0,64.0,122.0,216.0,387.0,706.0,83.78947368421052,0.9540983606557377,0.8917317207763397,0.9781420765027322,0.985792349726776,0.9922992299229924,1.0,0.0,0.0,0.8473683192789709,0.9890350877192983,0.011647254575707155,0.9766749478898118,804.3420121402584,902,13,7,22,3,0,0,20.0,601,0.3782894736842105,0.3770491803278688,0.3795379537953795,345,570,564,909,915,25,3
tagging_001_tagging_aria04_rgb,0.46492747600843926,0.8824120922967005,0.4102576268708309,0.46492747600843926,0.46492747600843926,0.46492747600843926,0.46492747600843926,0.46492747600843926,0.46492747600843926,0.46473321143277413,0.4644376622067838,0.46409374351179317,0.4632209984240093,0.459578025293085,0.45230038940693584,0.4454990218047009,0.4336721713956293,0.4158876113576016,0.37935477587539246,0.3194849547141072,0.22127861521604664,0.0637259551641184,0.41246484167650593,0.9812814974802015,0.9812814974802015,0.9812814974802015,0.9812814974802015,0.9812814974802015,0.9812814974802015,0.9798561151079137,0.9784327821711,0.9770114942528736,0.9727598566308244,0.9629101283880172,0.9407616361071932,0.9204466154919749,0.8914089347079038,0.8445040214477212,0.7473015873015874,0.6009307737056429,0.375312343828086,0.09641434262948208,0.85135471666587,0.2202808862723299,0.2202808862723299,0.2202808862723299,0.2202808862723299,0.2202808862723299,0.2202808862723299,0.22041701274154268,0.22045698591319524,0.22045083812600866,0.22058238928990848,0.21934753317620195,0.21745746680762376,0.21562291075714837,0.21098235043451435,0.20480956974512013,0.1925729162427052,0.16985423405637223,0.13046260363437334,0.04212026189075977,0.20035907318155016,0.9834054834054834,0.9834054834054834,0.9834054834054834,0.9834054834054834,0.9834054834054834,0.9834054834054834,0.9826839826839827,0.9819624819624819,0.9812409812409812,0.9790764790764791,0.974025974025974,0.9624819624819625,0.9516594516594516,0.9357864357864358,0.9090909090909091,0.8492063492063492,0.7453102453102453,0.5418470418470418,0.1746031746031746,0.8878635983899141,0.9978038067349927,0.9978038067349927,0.9978038067349927,0.9978038067349927,0.9978038067349927,0.9978038067349927,0.9970717423133236,0.9963396778916545,0.9956076134699854,0.9934114202049781,0.9882869692532943,0.9765739385065886,0.9655929721815519,0.9494875549048316,0.9224011713030746,0.8616398243045388,0.7562225475841874,0.5497803806734992,0.17715959004392387,0.9008630654234415,0.2203837806077769,0.2203837806077769,0.2203837806077769,0.2203837806077769,0.2203837806077769,0.2203837806077769,0.22051916895735324,0.2205637939454603,0.22056624144945702,0.22071992237166616,0.21976704342828582,0.2183356684965695,0.21690153699521908,0.2131162969527825,0.20810752351697925,0.19787301678405672,0.17777434656290014,0.1413725696866248,0.050250186728177174,0.202535263132747,0.9883828085274802,0.9883828085274802,0.9883828085274802,0.9883828085274802,0.9883828085274802,0.9883828085274802,0.9886584910404913,0.9879317318290753,0.9871996179867605,0.9856381371980467,0.9814363600677214,0.9729938876593401,0.9642322228575111,0.9481662725965495,0.9253494901686481,0.8719931755653373,0.7803212985413472,0.6051944097184533,0.2323216455241075,0.9032491364167511,0.8824120922967005,0.8824120922967005,0.8824120922967005,0.8824120922967005,0.8824120922967005,0.8824120922967005,0.8828103622738054,0.883176348749562,0.8835062364601588,0.8844115429109921,0.8862670884055475,0.890003449707969,0.8929754839776546,0.8965573695131995,0.9015505265873964,0.9102796062045857,0.9218158961115337,0.9385632502901344,0.9639396030136839,0.8963331219992857,0.4654303722895927,0.4654303722895927,0.4654303722895927,0.4654303722895927,0.4654303722895927,0.4654303722895927,0.46540333897831604,0.4652746383086973,0.46509719061521054,0.46472252909907524,0.4622231005176448,0.45749195556791805,0.4529896036515217,0.44433593341857797,0.4314979929850302,0.40439354984777853,0.35580064762664304,0.2658773699489077,0.08575739875511482,0.4217603938451575,1363.0,1363.0,1363.0,1363.0,1363.0,1363.0,1362.0,1361.0,1360.0,1357.0,1350.0,1334.0,1319.0,1297.0,1260.0,1177.0,1033.0,751.0,242.0,1230.578947368421,23.0,23.0,23.0,23.0,23.0,23.0,24.0,25.0,26.0,29.0,36.0,52.0,67.0,89.0,126.0,209.0,353.0,635.0,1144.0,155.42105263157896,3.0,3.0,3.0,3.0,3.0,3.0,4.0,5.0,6.0,9.0,16.0,32.0,47.0,69.0,106.0,189.0,333.0,615.0,1124.0,135.42105263157896,0.9581529581529582,0.8844115429109921,0.9725829725829725,0.9790764790764791,0.9934114202049781,1.0,0.0,0.0,0.8449830185643696,0.9861918604651163,0.014975041597337771,0.9716442785024069,1200.1464637302163,1357,29,9,20,3,0,0,20.0,601,0.3234011627906977,0.32106782106782106,0.3257686676427526,445,941,921,1366,1386,22,3
tagging_002_tagging_aria01_rgb,0.6208508834550397,0.9156383212948489,0.5684748607011965,0.6208508834550397,0.6208508834550397,0.6208508834550397,0.6208508834550397,0.6208508834550397,0.6208508834550397,0.6208508834550397,0.6208508834550397,0.6208508834550397,0.6208508834550397,0.6208508834550397,0.6208508834550397,0.6208508834550397,0.6208508834550397,0.6162329856967959,0.5839678340943651,0.5332544540040939,0.35841772637660063,0.10020361346926879,0.5728415253690358,0.9788732394366197,0.9788732394366197,0.9788732394366197,0.9788732394366197,0.9788732394366197,0.9788732394366197,0.9788732394366197,0.9788732394366197,0.9788732394366197,0.9788732394366197,0.9788732394366197,0.9788732394366197,0.9788732394366197,0.9788732394366197,0.9719298245614035,0.9115646258503401,0.8012820512820513,0.5230352303523035,0.1446028513238289,0.8977178913411897,0.3937750098355414,0.3937750098355414,0.3937750098355414,0.3937750098355414,0.3937750098355414,0.3937750098355414,0.3937750098355414,0.3937750098355414,0.3937750098355414,0.3937750098355414,0.3937750098355414,0.3937750098355414,0.3937750098355414,0.3937750098355414,0.39071040219611697,0.37410230891611196,0.3548816702685749,0.24561111589833462,0.06943683378561444,0.365662761513807,0.9823321554770318,0.9823321554770318,0.9823321554770318,0.9823321554770318,0.9823321554770318,0.9823321554770318,0.9823321554770318,0.9823321554770318,0.9823321554770318,0.9823321554770318,0.9823321554770318,0.9823321554770318,0.9823321554770318,0.9823321554770318,0.9787985865724381,0.9469964664310954,0.8833922261484098,0.6819787985865724,0.2508833922261484,0.9207736656127954,0.996415770609319,0.996415770609319,0.996415770609319,0.996415770609319,0.996415770609319,0.996415770609319,0.996415770609319,0.996415770609319,0.996415770609319,0.996415770609319,0.996415770609319,0.996415770609319,0.996415770609319,0.996415770609319,0.992831541218638,0.9605734767025089,0.8960573476702509,0.6917562724014337,0.25448028673835127,0.933974721750613,0.39700380977431377,0.39700380977431377,0.39700380977431377,0.39700380977431377,0.39700380977431377,0.39700380977431377,0.39700380977431377,0.39700380977431377,0.39700380977431377,0.39700380977431377,0.39700380977431377,0.39700380977431377,0.39700380977431377,0.39700380977431377,0.39482692822115245,0.384227121770079,0.37212608977209777,0.28790162373456324,0.09025027365387622,0.37302028284169275,0.9964810760087581,0.9964810760087581,0.9964810760087581,0.9964810760087581,0.9964810760087581,0.9964810760087581,0.9964810760087581,0.9964810760087581,0.9964810760087581,0.9964810760087581,0.9964810760087581,0.9964810760087581,0.9964810760087581,0.9964810760087581,0.9929290504461085,0.9630509148304431,0.9047347123394066,0.7123942552046872,0.29462372273588366,0.9378140905094287,0.9156383212948489,0.9156383212948489,0.9156383212948489,0.9156383212948489,0.9156383212948489,0.9156383212948489,0.9156383212948489,0.9156383212948489,0.9156383212948489,0.9156383212948489,0.9156383212948489,0.9156383212948489,0.9156383212948489,0.9156383212948489,0.9163105849806586,0.9207170024849834,0.9270166688566625,0.9415544509679429,0.9640890451652682,0.920453907925442,0.6219468258498767,0.6219468258498767,0.6219468258498767,0.6219468258498767,0.6219468258498767,0.6219468258498767,0.6219468258498767,0.6219468258498767,0.6219468258498767,0.6219468258498767,0.6219468258498767,0.6219468258498767,0.6219468258498767,0.6219468258498767,0.618406653771374,0.5952088411870846,0.5599104470518677,0.40926956121834135,0.13198692513115903,0.5801072626451632,278.0,278.0,278.0,278.0,278.0,278.0,278.0,278.0,278.0,278.0,278.0,278.0,278.0,278.0,277.0,268.0,250.0,193.0,71.0,260.57894736842104,5.0,5.0,5.0,5.0,5.0,5.0,5.0,5.0,5.0,5.0,5.0,5.0,5.0,5.0,6.0,15.0,33.0,90.0,212.0,22.42105263157895,1.0,1.0,1.0,1.0,1.0,1.0,1.0,1.0,1.0,1.0,1.0,1.0,1.0,1.0,2.0,11.0,29.0,86.0,208.0,18.42105263157895,0.950530035335689,0.9156383212948489,0.9787985865724381,0.9823321554770318,0.996415770609319,1.0,0.0,0.0,0.8676588456535971,0.9893238434163701,0.004545454545454545,0.9756074558763537,254.54745331996799,278,5,1,8,3,0,0,8.0,220,0.5302491103202847,0.5265017667844523,0.5340501792114696,149,134,130,279,283,11,3
tagging_002_tagging_aria02_rgb,0.7813658345103213,0.9003871859020983,0.7035317848947928,0.7813658345103213,0.7813658345103213,0.7813658345103213,0.7813658345103213,0.779980531299384,0.7786409748579357,0.7779765526089,0.7701142327113154,0.7614351707143437,0.7582421475072995,0.7582421475072995,0.7520276715345177,0.742847455591207,0.7322902979557838,0.7007203807589532,0.6612878662137723,0.5781212577944992,0.45813263030047163,0.2026409276776076,0.702008609635504,0.9900166389351082,0.9900166389351082,0.9900166389351082,0.9900166389351082,0.9834162520729685,0.9768595041322314,0.9735973597359736,0.9574468085106383,0.9478827361563518,0.9447154471544715,0.9447154471544715,0.9352750809061489,0.9228295819935691,0.9105431309904153,0.8571428571428571,0.803921568627451,0.701280227596017,0.5472186287192755,0.23426212590299278,0.8737459638176983,0.6166891982711706,0.6166891982711706,0.6166891982711706,0.6166891982711706,0.6186288135097131,0.6206437723777808,0.6216610083796483,0.6194348617100731,0.6116616508406875,0.6085760066570326,0.6085760066570326,0.6046837238576858,0.5979677646291314,0.5889332006676962,0.572843894012801,0.5439605790751162,0.476591490194457,0.38354963798884195,0.17528802580339256,0.5641977489181986,0.9916666666666667,0.9916666666666667,0.9916666666666667,0.9916666666666667,0.9883333333333333,0.985,0.9833333333333333,0.975,0.97,0.9683333333333334,0.9683333333333334,0.9633333333333334,0.9566666666666667,0.95,0.92,0.8883333333333333,0.8216666666666667,0.705,0.37833333333333335,0.9151754385964912,0.9983221476510067,0.9983221476510067,0.9983221476510067,0.9983221476510067,0.9949664429530202,0.9916107382550335,0.9899328859060402,0.9815436241610739,0.9765100671140939,0.9748322147651006,0.9748322147651006,0.9697986577181208,0.9630872483221476,0.9563758389261745,0.9261744966442953,0.8942953020134228,0.8271812080536913,0.709731543624161,0.3808724832214765,0.9213175556340517,0.647100743686083,0.647100743686083,0.647100743686083,0.647100743686083,0.6491292045401452,0.6512421505284895,0.6523072540883204,0.6518177052904283,0.6462183365646302,0.6444148157550331,0.6444148157550331,0.6423352665210451,0.6385432221669155,0.6331480588035819,0.6246823008484085,0.6062220669426958,0.5577922990625117,0.48337701448911413,0.26890571428873916,0.6096291158099696,0.9138565771136039,0.9138565771136039,0.9138565771136039,0.9138565771136039,0.9157757305399337,0.9159283060910927,0.9171885001809024,0.9179136317067351,0.9136858914676192,0.9118254133876771,0.9118254133876771,0.9063152011660736,0.8991379418005209,0.8919744826161313,0.8625922911640058,0.8341049321754509,0.7701151836406571,0.6604931883014273,0.3504625053157865,0.8544613116524267,0.9003871859020983,0.9003871859020983,0.9003871859020983,0.9003871859020983,0.9026685889080992,0.9047601595881914,0.9057503383168598,0.9102877199790536,0.912781417085201,0.9135466235294107,0.9135466235294107,0.9153396421395861,0.9174436738850217,0.9191136678138117,0.9253534724435087,0.9307111534371558,0.9390416231640112,0.9487767236017717,0.9652434355157723,0.9171533477129085,0.7820167016240196,0.7820167016240196,0.7820167016240196,0.7820167016240196,0.7819280512630941,0.7818785812337579,0.7818567589867857,0.7771415509206294,0.7702673570361571,0.7676616657831061,0.7676616657831061,0.7632247292352609,0.7563437235555466,0.7479883292099626,0.7259589399489319,0.6951390612041077,0.6257789874306894,0.5200023988234416,0.25752146142723104,0.718337898333573,595.0,595.0,595.0,595.0,593.0,591.0,590.0,585.0,582.0,581.0,581.0,578.0,574.0,570.0,552.0,533.0,493.0,423.0,227.0,549.1052631578947,5.0,5.0,5.0,5.0,7.0,9.0,10.0,15.0,18.0,19.0,19.0,22.0,26.0,30.0,48.0,67.0,107.0,177.0,373.0,50.89473684210526,1.0,1.0,1.0,1.0,3.0,5.0,6.0,11.0,14.0,15.0,15.0,18.0,22.0,26.0,44.0,63.0,103.0,173.0,369.0,46.89473684210526,0.9683333333333334,0.9123298156780929,0.9766666666666667,0.985,0.9916107382550335,1.0,0.0,0.0,0.8819782017762549,0.9882943143812709,0.022727272727272728,0.97550171665944,539.1869210657529,591,9,5,5,3,0,0,6.0,220,0.7274247491638796,0.725,0.7298657718120806,435,165,161,596,600,8,3
tagging_002_tagging_aria03_rgb,0.7600943708266938,0.8881841548578907,0.6751037763649472,0.7600943708266938,0.7600943708266938,0.7600943708266938,0.7600943708266938,0.7600943708266938,0.7600943708266938,0.7600943708266938,0.7600943708266938,0.7600943708266938,0.7600943708266938,0.7600943708266938,0.7575550876969913,0.7458828310109793,0.7387290683832292,0.7300152909388394,0.6627917568597335,0.5457235334480048,0.3145642528216578,0.06474710063723461,0.6800551053100158,0.9795454545454545,0.9795454545454545,0.9795454545454545,0.9795454545454545,0.9795454545454545,0.9795454545454545,0.9795454545454545,0.9795454545454545,0.9795454545454545,0.9795454545454545,0.9795454545454545,0.9705882352941176,0.9485458612975392,0.9355555555555556,0.9142857142857143,0.8145833333333333,0.6465028355387523,0.358814352574103,0.055757575757575756,0.8641912349282468,0.5898077009918056,0.5898077009918056,0.5898077009918056,0.5898077009918056,0.5898077009918056,0.5898077009918056,0.5898077009918056,0.5898077009918056,0.5898077009918056,0.5898077009918056,0.5898077009918056,0.5912803081954628,0.5865200833156557,0.583311844212492,0.5828837929736921,0.5392854174459891,0.46065408933712904,0.27577121272709504,0.07518596323403814,0.5359356538079693,0.9908045977011494,0.9908045977011494,0.9908045977011494,0.9908045977011494,0.9908045977011494,0.9908045977011494,0.9908045977011494,0.9908045977011494,0.9908045977011494,0.9908045977011494,0.9908045977011494,0.9862068965517241,0.9747126436781609,0.967816091954023,0.9563218390804598,0.8988505747126436,0.7862068965517242,0.5287356321839081,0.10574712643678161,0.9001814882032669,0.9885321100917431,0.9885321100917431,0.9885321100917431,0.9885321100917431,0.9885321100917431,0.9885321100917431,0.9885321100917431,0.9885321100917431,0.9885321100917431,0.9885321100917431,0.9885321100917431,0.9839449541284404,0.9724770642201835,0.9655963302752294,0.9541284403669725,0.8967889908256881,0.7844036697247706,0.5275229357798165,0.10550458715596331,0.8981168517624336,0.5909338663398988,0.5909338663398988,0.5909338663398988,0.5909338663398988,0.5909338663398988,0.5909338663398988,0.5909338663398988,0.5909338663398988,0.5909338663398988,0.5909338663398988,0.5909338663398988,0.5924173469628016,0.5901121502536597,0.5884338807141657,0.5891301406926406,0.5632994787726244,0.5104047295567763,0.35594987138465395,0.1256064788673484,0.5481908740496609,0.9903481089675984,0.9903481089675984,0.9903481089675984,0.9903481089675984,0.9903481089675984,0.9903481089675984,0.9903481089675984,0.9903481089675984,0.9903481089675984,0.9903481089675984,0.9903481089675984,0.9885100330904526,0.9797111392398818,0.9743061481551281,0.9648612881301951,0.9200011390825311,0.8206371218610117,0.5920042339482698,0.16641005663426245,0.9105405451992271,0.8881841548578907,0.8881841548578907,0.8881841548578907,0.8881841548578907,0.8881841548578907,0.8881841548578907,0.8881841548578907,0.8881841548578907,0.8881841548578907,0.8881841548578907,0.8881841548578907,0.8896099443062023,0.8927359576149213,0.894292449702014,0.89632833018934,0.9038911217648795,0.9146389768212576,0.9324524037356625,0.9611162714020953,0.8976363767880614,0.7644502481536818,0.7644502481536818,0.7644502481536818,0.7644502481536818,0.7644502481536818,0.7644502481536818,0.7644502481536818,0.7644502481536818,0.7644502481536818,0.7644502481536818,0.7644502481536818,0.7636260326479148,0.7561008801601398,0.7513578305017043,0.7466086664825122,0.6962305705766412,0.6018051362040747,0.3818508432613231,0.08916669535415701,0.6945104939409983,431.0,431.0,431.0,431.0,431.0,431.0,431.0,431.0,431.0,431.0,431.0,429.0,424.0,421.0,416.0,391.0,342.0,230.0,46.0,391.57894736842104,4.0,4.0,4.0,4.0,4.0,4.0,4.0,4.0,4.0,4.0,4.0,6.0,11.0,14.0,19.0,44.0,93.0,205.0,389.0,43.421052631578945,5.0,5.0,5.0,5.0,5.0,5.0,5.0,5.0,5.0,5.0,5.0,7.0,12.0,15.0,20.0,45.0,94.0,206.0,390.0,44.421052631578945,0.9655172413793104,0.8881841548578907,0.9793103448275862,0.9908045977011494,0.9885321100917431,1.0,0.0,0.0,0.8547295879166686,0.9896670493685419,0.022727272727272728,0.9775214913784284,382.8073707437509,431,4,5,6,3,0,0,4.0,220,0.7187141216991964,0.7195402298850575,0.7178899082568807,313,122,123,436,435,9,3
tagging_002_tagging_aria04_rgb,0.8182456914488025,0.88794851047011,0.7265600429205494,0.8182456914488025,0.8173912452217345,0.816550482201531,0.8157231960705494,0.8106140748018977,0.8077535634036588,0.8069851275028992,0.8027802145610373,0.798624074630214,0.7918645871462588,0.7908784655796468,0.781621363798402,0.781621363798402,0.7757863610961734,0.7591406847294249,0.7163050962814961,0.6229321763345856,0.4180711805986262,0.12063210893263701,0.72913268727042,0.9811320754716981,0.978021978021978,0.9749216300940439,0.971830985915493,0.9626168224299065,0.9534883720930233,0.9504643962848297,0.9444444444444444,0.9384615384615385,0.926605504587156,0.9236641221374046,0.9119878603945372,0.9119878603945372,0.9033232628398792,0.875,0.8129496402877698,0.6912751677852349,0.44994246260069043,0.125,0.851953585486535,0.6824015117971162,0.6831425701868261,0.6839059360281459,0.6846914147121187,0.6826134376171089,0.6842934201274699,0.6851650609495478,0.6823652536489395,0.6796233904529961,0.6767168134358251,0.677182032219899,0.669890447973482,0.669890447973482,0.6662559272200694,0.6586223762416686,0.6311497853387542,0.5613459218507627,0.3884574730663816,0.11641684564428481,0.624427898236046,0.9826771653543307,0.9811023622047244,0.9795275590551181,0.9779527559055118,0.9732283464566929,0.968503937007874,0.9669291338582677,0.9637795275590552,0.9606299212598425,0.9543307086614173,0.952755905511811,0.9464566929133859,0.9464566929133859,0.9417322834645669,0.925984251968504,0.889763779527559,0.8110236220472441,0.6157480314960629,0.2204724409448819,0.8925818483215914,0.9984,0.9968,0.9952,0.9936,0.9888,0.984,0.9824,0.9792,0.976,0.9696,0.968,0.9616,0.9616,0.9568,0.9408,0.904,0.824,0.6256,0.224,0.9068631578947368,0.6825105716932641,0.683268604055121,0.6840455632256276,0.6848415406386421,0.6843728547612042,0.6861815149620027,0.6870568627897619,0.685830210094916,0.6846272306928044,0.6836172078746335,0.6841385886840431,0.680131017069453,0.680131017069453,0.678262818563822,0.6748073355216212,0.660571817562968,0.6143268382103334,0.4751095451862716,0.1811904761904762,0.6407906113077062,0.9984282544378698,0.9968970302036112,0.9955139983275032,0.9942798747146574,0.9906379488903762,0.9867137740308473,0.9860716916091509,0.9839476155652626,0.9819806423085111,0.9770130404476598,0.9755851130915252,0.9693160244999135,0.9693160244999135,0.9647583493276033,0.9512576445370253,0.9226488108575385,0.8528497495139611,0.6711202431927363,0.2627140462165093,0.9174236776985354,0.88794851047011,0.8892227825471464,0.8904854661412958,0.8916407416185665,0.8949549964983462,0.8980291133159907,0.8989628157237822,0.9006832845008059,0.9022247134207728,0.9050750493452052,0.9057174176376971,0.9078689045858347,0.9078689045858347,0.9089856836177067,0.9119539659458816,0.917532272200404,0.9260889197022888,0.9404276962078955,0.9630444399472332,0.907827140948042,0.8188897259376869,0.8186774635550326,0.8184770687935952,0.818288369685504,0.8150697805471736,0.8140889825209758,0.8139447517699795,0.8109560171701606,0.808001586667507,0.803624063931206,0.8032366900882941,0.7962551714138177,0.7962551714138177,0.7921077677391873,0.780944267149622,0.7493825581443816,0.6747331344767757,0.48907251441944616,0.16020832102702723,0.7464322845500627,624.0,623.0,622.0,621.0,618.0,615.0,614.0,612.0,610.0,606.0,605.0,601.0,601.0,598.0,588.0,565.0,515.0,391.0,140.0,566.7894736842105,11.0,12.0,13.0,14.0,17.0,20.0,21.0,23.0,25.0,29.0,30.0,34.0,34.0,37.0,47.0,70.0,120.0,244.0,495.0,68.21052631578948,1.0,2.0,3.0,4.0,7.0,10.0,11.0,13.0,15.0,19.0,20.0,24.0,24.0,27.0,37.0,60.0,110.0,234.0,485.0,58.21052631578947,0.9149606299212598,0.9051405578913475,0.9244094488188976,0.9543307086614173,0.9696,1.0,0.0,0.0,0.8244333513104828,0.9619047619047619,0.08636363636363636,0.9231840137789233,548.5151780821566,606,29,19,6,3,0,0,9.0,220,0.7571428571428571,0.7511811023622047,0.7632,477,158,148,625,635,7,3
tagging_003_tagging_aria01_rgb,0.5722455585150368,0.9043988526203711,0.5175382265381027,0.5722455585150368,0.5722455585150368,0.5722455585150368,0.5722455585150368,0.5678887467188474,0.5678887467188474,0.5678887467188474,0.565735986275386,0.5649542091245445,0.5581755660189429,0.5559429565740505,0.5554782928656323,0.5529798892416284,0.5464380671376317,0.5347890019103114,0.5133080178571507,0.47199540469967005,0.37186723884388967,0.1666173112255158,0.5237331797890024,0.9625,0.9625,0.9625,0.9625,0.9576059850374065,0.9576059850374065,0.9576059850374065,0.9551681195516812,0.9503105590062112,0.935881627620222,0.9263803680981595,0.9240196078431373,0.9123020706455542,0.893848009650181,0.8712753277711561,0.8192352259559675,0.7214912280701754,0.5096153846153846,0.18669690098261527,0.8594232834169823,0.3402233550547391,0.3402233550547391,0.3402233550547391,0.3402233550547391,0.33677486741825824,0.33677486741825824,0.33677486741825824,0.3350794479166727,0.3358620562327704,0.3329053090750462,0.3336346295839757,0.33392812363057356,0.3351814796269242,0.3340551838717744,0.3282536156462197,0.3216232808946607,0.30877667446282075,0.27135217558187474,0.14869731770537237,0.32055617456328506,0.9649122807017544,0.9649122807017544,0.9649122807017544,0.9649122807017544,0.9624060150375939,0.9624060150375939,0.9624060150375939,0.9611528822055138,0.9586466165413534,0.9511278195488722,0.9461152882205514,0.9448621553884712,0.9385964912280702,0.9285714285714286,0.9160401002506265,0.8859649122807017,0.8245614035087719,0.6641604010025063,0.30952380952380953,0.8934837092731829,0.9974093264248705,0.9974093264248705,0.9974093264248705,0.9974093264248705,0.9948186528497409,0.9948186528497409,0.9948186528497409,0.9935233160621761,0.9909326424870466,0.9831606217616581,0.977979274611399,0.9766839378238342,0.9702072538860104,0.9598445595854922,0.9468911917098446,0.9158031088082902,0.8523316062176166,0.6865284974093264,0.31994818652849744,0.9235751295336787,0.3404296434378072,0.3404296434378072,0.3404296434378072,0.3404296434378072,0.3380115812664437,0.3380115812664437,0.3380115812664437,0.336811308634907,0.3375989053749837,0.3357681686693506,0.33656643079953014,0.33686752601804093,0.3381833534523112,0.3377594511836782,0.33377535105709166,0.32973950837267235,0.3215178721371411,0.2950835031403115,0.18467752285238,0.32632116943383993,0.9932307736511277,0.9932307736511277,0.9932307736511277,0.9932307736511277,0.9906371319439974,0.9906371319439974,0.9906371319439974,0.989356381173425,0.9877599272679959,0.9837806905575978,0.9806122800078729,0.9793431981511195,0.9780380894281729,0.9688050828113886,0.9568069244535595,0.9311838438718824,0.8786842991388045,0.7476828261179593,0.4373979659948852,0.9349624210216404,0.9043988526203711,0.9043988526203711,0.9043988526203711,0.9043988526203711,0.9061491647164593,0.9061491647164593,0.9061491647164593,0.9068616681784489,0.9081553729196948,0.9115365684031423,0.9135426213240166,0.9139683027273224,0.9158967330321747,0.9185243697389265,0.9212004372896793,0.9260402833866856,0.9331959473781942,0.9461175474115159,0.964785320452665,0.9166246356249121,0.5729622094640021,0.5729622094640021,0.5729622094640021,0.5729622094640021,0.5693102476829482,0.5693102476829482,0.5693102476829482,0.5675055745390897,0.5674266682419562,0.5627037415343815,0.5618334483894671,0.5617081507672926,0.5608922897513068,0.556950715332609,0.5483552452417992,0.5338042167735935,0.5045843121479646,0.4245248752986807,0.21453521911830484,0.5349791598969105,770.0,770.0,770.0,770.0,768.0,768.0,768.0,767.0,765.0,759.0,755.0,754.0,749.0,741.0,731.0,707.0,658.0,530.0,247.0,713.0,28.0,28.0,28.0,28.0,30.0,30.0,30.0,31.0,33.0,39.0,43.0,44.0,49.0,57.0,67.0,91.0,140.0,268.0,551.0,85.0,2.0,2.0,2.0,2.0,4.0,4.0,4.0,5.0,7.0,13.0,17.0,18.0,23.0,31.0,41.0,65.0,114.0,242.0,525.0,59.0,0.9235588972431078,0.9099672342248213,0.9448621553884712,0.956140350877193,0.9883419689119171,1.0,0.0,0.0,0.8374749369843844,0.9719745222929936,0.028938906752411574,0.9433202394468944,694.3049997135387,763,35,9,17,3,0,0,14.0,311,0.4662420382165605,0.45864661654135336,0.4740932642487047,366,432,406,772,798,19,3
tagging_003_tagging_aria02_rgb,0.570335920573722,0.9308880574192026,0.5309188971792647,0.570335920573722,0.570335920573722,0.570335920573722,0.5698830487025728,0.5698830487025728,0.5698830487025728,0.5692538655386933,0.5682069804349775,0.5673433378152491,0.5667385548176676,0.5651393064347134,0.5646724899730984,0.5640579747469819,0.5618833992076899,0.5543103955084197,0.5504702902789665,0.5346942106465384,0.4854313860008171,0.2653192307025524,0.5441146489439604,0.9836065573770492,0.9836065573770492,0.9836065573770492,0.9806547619047619,0.9806547619047619,0.9806547619047619,0.9777117384843982,0.9747774480712166,0.9689349112426036,0.96602658788774,0.9602356406480118,0.9573529411764706,0.9544787077826725,0.945906432748538,0.9261939218523878,0.9151079136690647,0.8720112517580872,0.7605820105820106,0.3256972111553785,0.9156737197317901,0.3307044466682862,0.3307044466682862,0.3307044466682862,0.3311733158443372,0.3311733158443372,0.3311733158443372,0.3314371206518103,0.3312132151332322,0.33219823047820335,0.3324883533683273,0.3326083954371603,0.33305900804000743,0.33333525020666027,0.33376763639064716,0.331744796979644,0.33112765822872287,0.3278603324469928,0.3098201472505978,0.21613416317222203,0.3243382944906367,0.9836065573770492,0.9836065573770492,0.9836065573770492,0.9821162444113264,0.9821162444113264,0.9821162444113264,0.9806259314456036,0.9791356184798807,0.9761549925484352,0.9746646795827124,0.9716840536512668,0.970193740685544,0.9687034277198212,0.9642324888226528,0.9538002980625931,0.9478390461997019,0.9239940387481371,0.856929955290611,0.4873323397913562,0.9396031061259705,1.0,1.0,1.0,0.9984848484848485,0.9984848484848485,0.9984848484848485,0.996969696969697,0.9954545454545455,0.9924242424242424,0.990909090909091,0.9878787878787879,0.9863636363636363,0.9848484848484849,0.9803030303030303,0.9696969696969697,0.9636363636363636,0.9393939393939394,0.8712121212121212,0.4954545454545455,0.9552631578947368,0.33071440332568863,0.33071440332568863,0.33071440332568863,0.33118340086996884,0.33118340086996884,0.33118340086996884,0.33145368972640754,0.33129862177571207,0.33228378395317065,0.3325777958552397,0.3327595273353683,0.3332108306969264,0.3334953460332771,0.33399443456577177,0.3328963837886252,0.33276803258911264,0.33139778204739273,0.3193525159498173,0.24675079990486504,0.32683857667413996,0.9972027972027973,0.9972027972027973,0.9972027972027973,0.9961869187969339,0.9961869187969339,0.9961869187969339,0.9950120801184631,0.9935285414737469,0.9945265929998756,0.9935772688066264,0.9914553748909577,0.9902133708585321,0.9887297830374753,0.9845258296572051,0.9753285990723384,0.9702235145568372,0.9535867621942135,0.8942754957569181,0.5716677511895021,0.9619379006637834,0.9308880574192026,0.9308880574192026,0.9308880574192026,0.9320655736428665,0.9320655736428665,0.9320655736428665,0.9330095957228867,0.9338764599880925,0.9354328046916126,0.9361454541105887,0.9373768509567325,0.9379659079011528,0.9384674392958944,0.9397332049940235,0.9419054329563208,0.9429930841372055,0.94592143028047,0.9511888683373253,0.9661270757284621,0.9383686580151039,0.570335920573722,0.570335920573722,0.570335920573722,0.5703075426524591,0.5703075426524591,0.5703075426524591,0.5701016007299317,0.5694757731881025,0.5694532124740838,0.5692667690992724,0.5684982620525971,0.5684468003950338,0.5682455450375621,0.567300272100594,0.5625106987781645,0.5602282782454431,0.5504007564702321,0.5152612589081245,0.3245445538713687,0.5518770616331081,660.0,660.0,660.0,659.0,659.0,659.0,658.0,657.0,655.0,654.0,652.0,651.0,650.0,647.0,640.0,636.0,620.0,575.0,327.0,630.4736842105264,11.0,11.0,11.0,12.0,12.0,12.0,13.0,14.0,16.0,17.0,19.0,20.0,21.0,24.0,31.0,35.0,51.0,96.0,344.0,40.526315789473685,0.0,0.0,0.0,1.0,1.0,1.0,2.0,3.0,5.0,6.0,8.0,9.0,10.0,13.0,20.0,24.0,40.0,85.0,333.0,29.526315789473685,0.9493293591654247,0.9365675960107986,0.977645305514158,0.9806259314456036,0.996969696969697,1.0,0.0,0.0,0.8871258989196803,0.9887302779864763,0.006430868167202572,0.9757395624426932,616.2614781751055,658,13,2,19,3,0,0,17.0,311,0.4673178061607814,0.46348733233979134,0.4712121212121212,311,360,349,660,671,21,3
tagging_003_tagging_aria03_rgb,0.797241658889664,0.8896115370036881,0.7092353775282041,0.797241658889664,0.7962744892299602,0.7962744892299602,0.7962744892299602,0.7962744892299602,0.7953194026227984,0.7953194026227984,0.7922035029081056,0.7894884052030313,0.7868366798447393,0.7830844794371263,0.7792307768530947,0.7719472756177775,0.7657268175271458,0.7511813233993123,0.6942898127454991,0.6071593054895472,0.443285456779248,0.1387370330510573,0.7197973310479362,0.9884467265725289,0.985897435897436,0.985897435897436,0.985897435897436,0.985897435897436,0.9833546734955185,0.9833546734955185,0.9732484076433121,0.9657360406091371,0.9582806573957017,0.9484276729559749,0.9386733416770964,0.924223602484472,0.9123456790123456,0.8821385176184691,0.7928240740740741,0.6531483457844184,0.4355885078776645,0.1216509775524982,0.8634227179914986,0.643023286518523,0.6431227418917796,0.6431227418917796,0.6431227418917796,0.6431227418917796,0.6432398901810554,0.6432398901810554,0.6448368012638745,0.6454061107182921,0.6460653838423909,0.646566226841612,0.6468710430299558,0.6447602016782739,0.6426703962855252,0.6396652785860942,0.6080016485941658,0.5644084144465175,0.4511184125343692,0.15822284972189188,0.6021361474731955,0.9922680412371134,0.990979381443299,0.990979381443299,0.990979381443299,0.990979381443299,0.9896907216494846,0.9896907216494846,0.9845360824742269,0.9806701030927835,0.9768041237113402,0.9716494845360825,0.9664948453608248,0.9587628865979382,0.9523195876288659,0.9355670103092784,0.8827319587628866,0.788659793814433,0.6056701030927835,0.21649484536082475,0.9029435702658709,0.9961190168175937,0.9948253557567918,0.9948253557567918,0.9948253557567918,0.9948253557567918,0.9935316946959897,0.9935316946959897,0.9883570504527813,0.9844760672703752,0.9805950840879689,0.9754204398447607,0.9702457956015524,0.96248382923674,0.9560155239327296,0.9391979301423027,0.8861578266494179,0.7917205692108668,0.6080206985769728,0.21733505821474774,0.9064478790767345,0.6438706593367826,0.6440256749183256,0.6440256749183256,0.6440256749183256,0.6440256749183256,0.6441927720637082,0.6441927720637082,0.645936327004494,0.646661896987146,0.6474523699634963,0.6482584000690467,0.6489773626571578,0.6482934239892123,0.6475637026612322,0.6474890677761901,0.6319985815534767,0.6114667653863535,0.5420774468832955,0.25278793353606727,0.6172274832423511,0.9797173414820475,0.9787539202937353,0.9787539202937353,0.9787539202937353,0.9787539202937353,0.977826286764706,0.977826286764706,0.9748985750159913,0.9716051456466545,0.9685274119796081,0.9642182049499883,0.9597891037067506,0.9538420969558523,0.9487604848037159,0.9348122816356851,0.887891781110052,0.8160468258775628,0.6735053345356004,0.29315510811219053,0.9051283131850555,0.8896115370036881,0.8906527764869935,0.8906527764869935,0.8906527764869935,0.8906527764869935,0.8914474825199892,0.8914474825199892,0.894226632190362,0.8960391723152792,0.8976949404857899,0.8996824747023829,0.901352722154504,0.9035478987216399,0.9051390169978134,0.9084159097497019,0.9159905912507608,0.9263275458125964,0.9413193147837765,0.9633739322685831,0.9046435662855176,0.7987812322429627,0.7983241052054199,0.7983241052054199,0.7983241052054199,0.7983241052054199,0.797877528889631,0.797877528889631,0.7967842230814731,0.7955692786519726,0.7944050170564114,0.7926132354617176,0.7906943332929816,0.7862392461105784,0.782321932948266,0.7735953285054428,0.7325998131275985,0.6671778052097668,0.5227130526653646,0.18507952718518056,0.7372434475863505,770.0,769.0,769.0,769.0,769.0,768.0,768.0,764.0,761.0,758.0,754.0,750.0,744.0,739.0,726.0,685.0,612.0,470.0,168.0,700.6842105263158,6.0,7.0,7.0,7.0,7.0,8.0,8.0,12.0,15.0,18.0,22.0,26.0,32.0,37.0,50.0,91.0,164.0,306.0,608.0,75.3157894736842,3.0,4.0,4.0,4.0,4.0,5.0,5.0,9.0,12.0,15.0,19.0,23.0,29.0,34.0,47.0,88.0,161.0,303.0,605.0,72.3157894736842,0.9484536082474226,0.8976949404857899,0.9574742268041238,0.9768041237113402,0.9805950840879689,1.0,0.0,0.0,0.8485216042374082,0.9786959328599096,0.04823151125401929,0.956385182938126,680.4527648882288,758,18,15,7,3,0,0,9.0,311,0.7385409941897999,0.7371134020618557,0.7399741267787839,572,204,201,773,776,11,3
tagging_003_tagging_aria04_rgb,0.5802298520205537,0.9070458780387849,0.5262950955902973,0.5802298520205537,0.5791885074843178,0.5791885074843178,0.5773349393593413,0.5773349393593413,0.5773349393593413,0.5763521259985445,0.5753966981119708,0.5753966981119708,0.5745208389571671,0.5735945198781428,0.5727421012516511,0.5665395781784968,0.5536619332501623,0.536809273263623,0.5295213659320314,0.4947273304965342,0.3881243941195812,0.17589448317891232,0.5349417381997895,0.9553752535496958,0.951417004048583,0.951417004048583,0.9435483870967742,0.9435483870967742,0.9435483870967742,0.9396378269617707,0.9357429718875502,0.9357429718875502,0.9318637274549099,0.928,0.9241516966067864,0.9089108910891089,0.8754863813229572,0.8326996197718631,0.815442561205273,0.7495462794918331,0.5548387096774193,0.22646310432569974,0.8551253244536793,0.35239208878910033,0.3525891651866902,0.3525891651866902,0.3532575931062114,0.3532575931062114,0.3532575931062114,0.35352107334495053,0.35381656089846114,0.35381656089846114,0.3542086516207043,0.35453736339896247,0.35495635159314143,0.3531337304783178,0.3501385548306175,0.34606019868337173,0.3438536204979131,0.32653771786601715,0.2715033084088054,0.13661770337776666,0.33526550496729507,0.9731404958677686,0.9710743801652892,0.9710743801652892,0.9669421487603306,0.9669421487603306,0.9669421487603306,0.9648760330578512,0.9628099173553719,0.9628099173553719,0.9607438016528925,0.9586776859504132,0.9566115702479339,0.9483471074380165,0.9297520661157025,0.9049586776859504,0.8946280991735537,0.8533057851239669,0.7107438016528925,0.3677685950413223,0.904849934754241,0.98125,0.9791666666666666,0.9791666666666666,0.975,0.975,0.975,0.9729166666666667,0.9708333333333333,0.9708333333333333,0.96875,0.9666666666666667,0.9645833333333333,0.95625,0.9375,0.9125,0.9020833333333333,0.8604166666666667,0.7166666666666667,0.37083333333333335,0.9123903508771928,0.35339177591363,0.3536018469579289,0.3536018469579289,0.35429011731308696,0.35429011731308696,0.35429011731308696,0.35455666217971826,0.35485100844116013,0.35485100844116013,0.3552590872988344,0.3555829884695228,0.35601478676565895,0.3549244400231227,0.3532034114273655,0.35081382748598183,0.34933559421412447,0.33591681623847863,0.29358192570866887,0.16488588001778037,0.33985490834106974,0.9841345242980419,0.9829975370762963,0.9829975370762963,0.9800165199033081,0.9800165199033081,0.9800165199033081,0.9791806444205091,0.9785001387297885,0.9785001387297885,0.9764228391476064,0.9758930990978767,0.9740411763457484,0.9666518210461933,0.9500891633914736,0.9322218965361457,0.9219734960765498,0.8849321643575965,0.7638830331551539,0.4656520187497141,0.9283221467339318,0.9070458780387849,0.9088518670433412,0.9088518670433412,0.9119384277682878,0.9119384277682878,0.9119384277682878,0.9132235720680807,0.9143315538234627,0.9143315538234627,0.9152746268786432,0.9161310933734017,0.9169104048502293,0.9193346227285278,0.9241667657001119,0.929699040373088,0.9314417247661406,0.936601573743738,0.9484949410497253,0.9664047449783852,0.9214163743993329,0.5855997028893576,0.5851412692988437,0.5851412692988437,0.5844481637784676,0.5844481637784676,0.5844481637784676,0.5840411037345142,0.5836592274243673,0.5836592274243673,0.5833556089868516,0.5829983354404008,0.5827137829732473,0.5786997078260095,0.570562919212713,0.5596161003761787,0.5546360165910545,0.5278603259539878,0.4392827034835449,0.2241510669816527,0.5507612031174388,471.0,470.0,470.0,468.0,468.0,468.0,467.0,466.0,466.0,465.0,464.0,463.0,459.0,450.0,438.0,433.0,413.0,344.0,178.0,437.94736842105266,13.0,14.0,14.0,16.0,16.0,16.0,17.0,18.0,18.0,19.0,20.0,21.0,25.0,34.0,46.0,51.0,71.0,140.0,306.0,46.05263157894737,9.0,10.0,10.0,12.0,12.0,12.0,13.0,14.0,14.0,15.0,16.0,17.0,21.0,30.0,42.0,47.0,67.0,136.0,302.0,42.05263157894737,0.9090909090909091,0.9152746268786432,0.9297520661157025,0.9607438016528925,0.96875,1.0,0.0,0.0,0.827691532021837,0.9647302904564315,0.04823151125401929,0.9276859504132231,425.6027014985691,465,19,15,10,3,0,0,13.0,311,0.49377593360995853,0.49173553719008267,0.49583333333333335,238,246,242,480,484,13,3
tagging_004_tagging_aria01_rgb,0.7960697666884858,0.9083944502928721,0.7231453581057621,0.7960697666884858,0.7960697666884858,0.7960697666884858,0.7960697666884858,0.7960697666884858,0.7960697666884858,0.7960697666884858,0.7960697666884858,0.7960697666884858,0.7960697666884858,0.7932439145785055,0.7905867181867816,0.7837063791196485,0.7706355378586965,0.7581005061917985,0.7169967407290558,0.6754427829103513,0.47097617036234224,0.200870728813178,0.7326977445071167,0.9785932721712538,0.9785932721712538,0.9785932721712538,0.9785932721712538,0.9785932721712538,0.9785932721712538,0.9785932721712538,0.9785932721712538,0.9785932721712538,0.9785932721712538,0.9725609756097561,0.9665653495440729,0.9487951807228916,0.9255952380952381,0.9029411764705882,0.8433048433048433,0.7823691460055097,0.4942263279445728,0.17636363636363636,0.8841397155670341,0.6475898531668609,0.6475898531668609,0.6475898531668609,0.6475898531668609,0.6475898531668609,0.6475898531668609,0.6475898531668609,0.6475898531668609,0.6475898531668609,0.6475898531668609,0.646988645232579,0.6466478022082727,0.6473427575853322,0.6416186122920134,0.6364937079674553,0.6096067516954297,0.583130042020429,0.4488197825714676,0.2287832714604692,0.6087015739316872,0.9907120743034056,0.9907120743034056,0.9907120743034056,0.9907120743034056,0.9907120743034056,0.9907120743034056,0.9907120743034056,0.9907120743034056,0.9907120743034056,0.9907120743034056,0.9876160990712074,0.9845201238390093,0.9752321981424149,0.9628482972136223,0.9504643962848297,0.9164086687306502,0.8792569659442725,0.6625386996904025,0.30030959752321984,0.922437673130194,0.9876543209876543,0.9876543209876543,0.9876543209876543,0.9876543209876543,0.9876543209876543,0.9876543209876543,0.9876543209876543,0.9876543209876543,0.9876543209876543,0.9876543209876543,0.9845679012345679,0.9814814814814815,0.9722222222222222,0.9598765432098766,0.9475308641975309,0.9135802469135802,0.8765432098765432,0.6604938271604939,0.2993827160493827,0.9195906432748537,0.6484957648356054,0.6484957648356054,0.6484957648356054,0.6484957648356054,0.6484957648356054,0.6484957648356054,0.6484957648356054,0.6484957648356054,0.6484957648356054,0.6484957648356054,0.6482856661630547,0.6482369006370006,0.6494895686154707,0.6473350982167465,0.6448291685977916,0.6298223901312223,0.6156409418222405,0.5263834639761673,0.3396157081844343,0.6228735028789569,0.9884993224932248,0.9884993224932248,0.9884993224932248,0.9884993224932248,0.9884993224932248,0.9884993224932248,0.9884993224932248,0.9884993224932248,0.9884993224932248,0.9884993224932248,0.9854031119800674,0.9825960501294141,0.9744295346865033,0.9644417130775151,0.951926618806047,0.9190903787719891,0.883561142761404,0.6950817997350106,0.3977112914211458,0.9283807824369128,0.9083944502928721,0.9083944502928721,0.9083944502928721,0.9083944502928721,0.9083944502928721,0.9083944502928721,0.9083944502928721,0.9083944502928721,0.9083944502928721,0.9083944502928721,0.9096086721432692,0.91066814200473,0.9133875040225269,0.9163969765793439,0.9188309111763283,0.9241271920544396,0.9282560729628878,0.9442323960478615,0.9648483633839984,0.9165421438581111,0.8009838242616255,0.8009838242616255,0.8009838242616255,0.8009838242616255,0.8009838242616255,0.8009838242616255,0.8009838242616255,0.8009838242616255,0.8009838242616255,0.8009838242616255,0.7993599952136491,0.7978958417677785,0.7945498728409162,0.7859907049742588,0.7777947080575826,0.7474281984046526,0.7160454954106188,0.5453076885027657,0.26211793561742214,0.749280457021363,320.0,320.0,320.0,320.0,320.0,320.0,320.0,320.0,320.0,320.0,319.0,318.0,315.0,311.0,307.0,296.0,284.0,214.0,97.0,297.94736842105266,3.0,3.0,3.0,3.0,3.0,3.0,3.0,3.0,3.0,3.0,4.0,5.0,8.0,12.0,16.0,27.0,39.0,109.0,226.0,25.05263157894737,4.0,4.0,4.0,4.0,4.0,4.0,4.0,4.0,4.0,4.0,5.0,6.0,9.0,13.0,17.0,28.0,40.0,110.0,227.0,26.05263157894737,0.9597523219814241,0.9083944502928721,0.978328173374613,0.9907120743034056,0.9876543209876543,1.0,0.0,0.0,0.8689975978133718,0.9891808346213292,0.03305785123966942,0.9759190363765212,290.6862240937191,320,3,4,6,3,0,0,8.0,121,0.6986089644513137,0.6996904024767802,0.6975308641975309,226,97,98,324,323,9,3
tagging_004_tagging_aria02_rgb,0.6509889837713869,0.9347707122885938,0.6085254360520072,0.6509889837713869,0.6509889837713869,0.6509889837713869,0.6509889837713869,0.6509889837713869,0.6509889837713869,0.6509889837713869,0.6509889837713869,0.6509889837713869,0.6488505794726698,0.6488505794726698,0.6488505794726698,0.6416745058284838,0.6377472162628885,0.6339663338397261,0.61984016311822,0.6130765643152644,0.5185130990729815,0.3066182466029623,0.6198362484947905,0.9915966386554622,0.9915966386554622,0.9915966386554622,0.9915966386554622,0.9915966386554622,0.9915966386554622,0.9915966386554622,0.9915966386554622,0.9915966386554622,0.9832635983263598,0.9832635983263598,0.9832635983263598,0.975,0.966804979253112,0.9586776859504132,0.926829268292683,0.9036144578313253,0.7111913357400722,0.3389830508474576,0.9292242800417526,0.4273780693390904,0.4273780693390904,0.4273780693390904,0.4273780693390904,0.4273780693390904,0.4273780693390904,0.4273780693390904,0.4273780693390904,0.4273780693390904,0.42817315234554304,0.42817315234554304,0.42817315234554304,0.42230376556946553,0.42068619895324605,0.4192371621164151,0.41453355106292844,0.4159549135752867,0.37803586798550304,0.2773435099921312,0.41468510791281155,0.9957805907172996,0.9957805907172996,0.9957805907172996,0.9957805907172996,0.9957805907172996,0.9957805907172996,0.9957805907172996,0.9957805907172996,0.9957805907172996,0.9915611814345991,0.9915611814345991,0.9915611814345991,0.9873417721518988,0.9831223628691983,0.9789029535864979,0.9620253164556962,0.9493670886075949,0.8312236286919831,0.5063291139240507,0.9544747945813903,0.9957805907172996,0.9957805907172996,0.9957805907172996,0.9957805907172996,0.9957805907172996,0.9957805907172996,0.9957805907172996,0.9957805907172996,0.9957805907172996,0.9915611814345991,0.9915611814345991,0.9915611814345991,0.9873417721518988,0.9831223628691983,0.9789029535864979,0.9620253164556962,0.9493670886075949,0.8312236286919831,0.5063291139240507,0.9544747945813903,0.42939933473544795,0.42939933473544795,0.42939933473544795,0.42939933473544795,0.42939933473544795,0.42939933473544795,0.42939933473544795,0.42939933473544795,0.42939933473544795,0.43025245674431967,0.43025245674431967,0.43025245674431967,0.42620733222526586,0.42508913627794165,0.4240651644411671,0.4208753892043248,0.42277898864568814,0.3956062869104001,0.32161765561821026,0.4206100703249994,0.99584918713248,0.99584918713248,0.99584918713248,0.99584918713248,0.99584918713248,0.99584918713248,0.99584918713248,0.99584918713248,0.99584918713248,0.9920017368649587,0.9920017368649587,0.9920017368649587,0.9879556950985522,0.9837601519814674,0.9798257055497585,0.9634979279067948,0.9534450960460812,0.8628978029671092,0.6286758903702425,0.9630897981424843,0.9347707122885938,0.9347707122885938,0.9347707122885938,0.9347707122885938,0.9347707122885938,0.9347707122885938,0.9347707122885938,0.9347707122885938,0.9347707122885938,0.936650759481908,0.936650759481908,0.936650759481908,0.938069316743543,0.93926035245891,0.9402399255753423,0.9432908255248532,0.9447189413800497,0.9538561905791567,0.9670793718767908,0.9394422954306165,0.6523609325719149,0.6523609325719149,0.6523609325719149,0.6523609325719149,0.6523609325719149,0.6523609325719149,0.6523609325719149,0.6523609325719149,0.6523609325719149,0.6515825939958213,0.6515825939958213,0.6515825939958213,0.645722965584914,0.6431065307873781,0.640618838506159,0.6314996204613406,0.62840584441346,0.5605643102826234,0.3747360319837177,0.6289815956396996,236.0,236.0,236.0,236.0,236.0,236.0,236.0,236.0,236.0,235.0,235.0,235.0,234.0,233.0,232.0,228.0,225.0,197.0,120.0,226.21052631578948,1.0,1.0,1.0,1.0,1.0,1.0,1.0,1.0,1.0,2.0,2.0,2.0,3.0,4.0,5.0,9.0,12.0,40.0,117.0,10.789473684210526,1.0,1.0,1.0,1.0,1.0,1.0,1.0,1.0,1.0,2.0,2.0,2.0,3.0,4.0,5.0,9.0,12.0,40.0,117.0,10.789473684210526,0.9578059071729957,0.936650759481908,0.9831223628691983,0.9915611814345991,0.9915611814345991,1.0,0.0,0.0,0.894991259401892,0.9915611814345991,0.01652892561983471,0.9798390242599846,220.1129284782484,235,2,2,6,3,0,0,5.0,121,0.5232067510548524,0.5232067510548524,0.5232067510548524,124,113,113,237,237,9,3
tagging_004_tagging_aria03_rgb,0.6797732664122028,0.8698385551902569,0.591292995912952,0.6797732664122028,0.6797732664122028,0.6797732664122028,0.6797732664122028,0.6797732664122028,0.6797732664122028,0.6797732664122028,0.6797732664122028,0.6797732664122028,0.6797732664122028,0.6797732664122028,0.6750754843690985,0.6713776790175513,0.6496823024601667,0.6011096523975615,0.515183062847121,0.3799506986110586,0.17942417710450512,0.04019592537332223,0.588921311195506,0.9692307692307692,0.9692307692307692,0.9692307692307692,0.9692307692307692,0.9692307692307692,0.9692307692307692,0.9692307692307692,0.9692307692307692,0.9692307692307692,0.9692307692307692,0.9692307692307692,0.9541984732824428,0.9467680608365019,0.9104477611940298,0.8220640569395018,0.7066666666666667,0.514792899408284,0.24878048780487805,0.04918032786885246,0.832338799765243,0.476761271307405,0.476761271307405,0.476761271307405,0.476761271307405,0.476761271307405,0.476761271307405,0.476761271307405,0.476761271307405,0.476761271307405,0.476761271307405,0.476761271307405,0.4776018012567892,0.4760912482458934,0.46360385748698707,0.43954338005086735,0.37558526638378387,0.28042836942965893,0.12940337730537074,0.03285281913789303,0.41681495282519465,0.9692307692307692,0.9692307692307692,0.9692307692307692,0.9692307692307692,0.9692307692307692,0.9692307692307692,0.9692307692307692,0.9692307692307692,0.9692307692307692,0.9692307692307692,0.9692307692307692,0.9615384615384616,0.9576923076923077,0.9384615384615385,0.8884615384615384,0.8153846153846154,0.6692307692307692,0.3923076923076923,0.09230769230769231,0.8619433198380567,1.0,1.0,1.0,1.0,1.0,1.0,1.0,1.0,1.0,1.0,1.0,0.9920634920634921,0.9880952380952381,0.9682539682539683,0.9166666666666666,0.8412698412698413,0.6904761904761905,0.40476190476190477,0.09523809523809523,0.8893065998329156,0.4778867988987359,0.4778867988987359,0.4778867988987359,0.4778867988987359,0.4778867988987359,0.4778867988987359,0.4778867988987359,0.4778867988987359,0.4778867988987359,0.4778867988987359,0.4778867988987359,0.4787929101103273,0.47779844350699685,0.46931976278718673,0.45331781234073437,0.4086155550838097,0.3295374041464067,0.16608359099670678,0.04030854749855251,0.4252909902293061,0.9660493827160495,0.9660493827160495,0.9660493827160495,0.9660493827160495,0.9660493827160495,0.9660493827160495,0.9660493827160495,0.9660493827160495,0.9660493827160495,0.9660493827160495,0.9660493827160495,0.9613333333333334,0.9572649572649573,0.9377515834170461,0.889380849025724,0.8101595695075868,0.674977280171611,0.4277406807524786,0.2561712299000435,0.8705959312236486,0.8698385551902569,0.8698385551902569,0.8698385551902569,0.8698385551902569,0.8698385551902569,0.8698385551902569,0.8698385551902569,0.8698385551902569,0.8698385551902569,0.8698385551902569,0.8698385551902569,0.8721347556534031,0.8731631049166472,0.8772792683227221,0.8857762023574369,0.8956141816944881,0.9101609990027777,0.933316133152233,0.9650689437313976,0.8831967208381016,0.6797732664122028,0.6797732664122028,0.6797732664122028,0.6797732664122028,0.6797732664122028,0.6797732664122028,0.6797732664122028,0.6797732664122028,0.6797732664122028,0.6797732664122028,0.6797732664122028,0.6776669544905161,0.6752399027047505,0.659601689911375,0.6249139041984729,0.5533953812370229,0.4332104493055782,0.2253129830424594,0.05506875629992832,0.5990482079854913,252.0,252.0,252.0,252.0,252.0,252.0,252.0,252.0,252.0,252.0,252.0,250.0,249.0,244.0,231.0,212.0,174.0,102.0,24.0,224.10526315789474,8.0,8.0,8.0,8.0,8.0,8.0,8.0,8.0,8.0,8.0,8.0,10.0,11.0,16.0,29.0,48.0,86.0,158.0,236.0,35.89473684210526,0.0,0.0,0.0,0.0,0.0,0.0,0.0,0.0,0.0,0.0,0.0,2.0,3.0,8.0,21.0,40.0,78.0,150.0,228.0,27.894736842105264,0.9384615384615385,0.8698385551902569,0.9692307692307692,0.9692307692307692,1.0,1.0,0.0,0.0,0.8123050611844028,0.984375,0.0,0.9657573462038771,219.19931590794474,252,8,0,8,3,0,0,8.0,121,0.6171875,0.6076923076923076,0.626984126984127,158,102,94,252,260,10,3
tagging_004_tagging_aria04_rgb,0.77852786753061,0.8808161785684173,0.685739941187331,0.77852786753061,0.7753777246185233,0.7753777246185233,0.7681386584804523,0.764222887924623,0.764222887924623,0.764222887924623,0.7605645171942269,0.7605645171942269,0.7605645171942269,0.7588358621197289,0.757120110611016,0.7454087653032918,0.733420889558508,0.7171388952821501,0.7062447250863428,0.6258985033898193,0.4387358338205207,0.15306864193653402,0.7004029693532933,0.9107142857142857,0.9022222222222223,0.9022222222222223,0.8854625550660793,0.8771929824561403,0.8771929824561403,0.8771929824561403,0.868995633187773,0.868995633187773,0.868995633187773,0.8608695652173913,0.8528138528138528,0.8369098712446352,0.8212765957446808,0.7833333333333333,0.746938775510204,0.6150943396226415,0.40327868852459015,0.13227513227513227,0.7837882782338429,0.6655277621415393,0.666366446122092,0.666366446122092,0.6663601925076508,0.66580174956775,0.66580174956775,0.66580174956775,0.6656631664452725,0.6656631664452725,0.6656631664452725,0.6688956014998393,0.6721641070912091,0.6639116665748609,0.6549635092828312,0.6565381214380885,0.6677677315273747,0.636892442850234,0.4773104489662375,0.17713086913086915,0.6281363206996835,0.918918918918919,0.9144144144144144,0.9144144144144144,0.9054054054054054,0.9009009009009009,0.9009009009009009,0.9009009009009009,0.8963963963963963,0.8963963963963963,0.8963963963963963,0.8918918918918919,0.8873873873873874,0.8783783783783784,0.8693693693693694,0.8468468468468469,0.8243243243243243,0.7342342342342343,0.5540540540540541,0.22522522522522523,0.829302987197724,0.9902912621359223,0.9854368932038835,0.9854368932038835,0.9757281553398058,0.970873786407767,0.970873786407767,0.970873786407767,0.9660194174757282,0.9660194174757282,0.9660194174757282,0.9611650485436893,0.9563106796116505,0.9466019417475728,0.9368932038834952,0.912621359223301,0.8883495145631068,0.7912621359223301,0.5970873786407767,0.24271844660194175,0.8937148696985182,0.66579105234291,0.6668410990098832,0.6668410990098832,0.6676297234231249,0.667506333578702,0.667506333578702,0.667506333578702,0.6676394023855013,0.6676394023855013,0.6676394023855013,0.6708818184296653,0.6741571524032117,0.6699336875450236,0.6648118607145058,0.6696693167787793,0.6814298322710748,0.6740593385733844,0.5752370400958334,0.2748995215311005,0.643558934211631,0.9928601875532822,0.9885414435639323,0.9885414435639323,0.9798904030571779,0.9757898550724639,0.9757898550724639,0.9757898550724639,0.9723181123006336,0.9723181123006336,0.9723181123006336,0.9721783047870004,0.9745751489737365,0.9656844753165824,0.9575834243101646,0.9379121796848439,0.9282091387401435,0.8676312543743858,0.7113472943536572,0.33333333333333326,0.9180322070384982,0.8808161785684173,0.884767346248975,0.884767346248975,0.8917925989753163,0.8950019458051587,0.8950019458051587,0.8950019458051587,0.89755851715158,0.89755851715158,0.89755851715158,0.899424911291518,0.9009735127971077,0.9038416879193308,0.9061724551937038,0.9106720328508955,0.9145778035511348,0.9255408716104967,0.9410403902933587,0.9662583719412154,0.9046487840189821,0.7820268868124873,0.7805991824336912,0.7805991824336912,0.7767407033517771,0.7744813722788831,0.7744813722788831,0.7744813722788831,0.7724623379915404,0.7724623379915404,0.7724623379915404,0.7723875733722395,0.7723146708999151,0.7636528354380104,0.754589433417381,0.7456455176386414,0.7419280181371303,0.6838334848965152,0.5142526512251585,0.19973567506667378,0.7215335234702412,204.0,203.0,203.0,201.0,200.0,200.0,200.0,199.0,199.0,199.0,198.0,197.0,195.0,193.0,188.0,183.0,163.0,123.0,50.0,184.10526315789474,18.0,19.0,19.0,21.0,22.0,22.0,22.0,23.0,23.0,23.0,24.0,25.0,27.0,29.0,34.0,39.0,59.0,99.0,172.0,37.89473684210526,2.0,3.0,3.0,5.0,6.0,6.0,6.0,7.0,7.0,7.0,8.0,9.0,11.0,13.0,18.0,23.0,43.0,83.0,156.0,21.894736842105264,0.8333333333333334,0.89755851715158,0.8648648648648649,0.8963963963963963,0.9660194174757282,0.6666666666666666,0.3333333333333333,0.0,0.7415051572665063,0.9299065420560748,0.05785123966942149,0.8610581169368727,178.6141449131644,199,23,7,7,2,1,0,9.0,121,0.7570093457943925,0.7297297297297297,0.7864077669902912,162,60,44,206,222,10,3
tagging_005_tagging_aria01_rgb,0.45623905724577846,0.9086278954466014,0.4145515344057732,0.45623905724577846,0.45623905724577846,0.45529442620954613,0.4546955151539873,0.4546955151539873,0.4546955151539873,0.4535734002763707,0.4532520854841239,0.4512059102009635,0.44891016742919543,0.4486038920084378,0.4474394977853198,0.44293354445992256,0.43825897905369327,0.42215237997664123,0.40022461666417736,0.36398243276344106,0.2776979001825282,0.11089436299385329,0.4153151713390386,0.9735599622285175,0.9735599622285175,0.9716981132075472,0.9698397737983034,0.9698397737983034,0.9698397737983034,0.967984934086629,0.9661335841956726,0.9624413145539906,0.9550982226379794,0.9532710280373832,0.9478098788443616,0.9351851851851852,0.9244935543278084,0.8845807033363391,0.8317265556529361,0.7387687188019967,0.5504451038575667,0.1908831908831909,0.8756399649189753,0.21380714638268786,0.21380714638268786,0.21333067515507637,0.21317749290837712,0.21317749290837712,0.21317749290837712,0.21253309033408704,0.21263876585631658,0.2115316230939494,0.21099436020801035,0.21111042505870234,0.21122601551956818,0.20978746019055108,0.20775800093148158,0.2014656562683142,0.19258702598264482,0.17932975231440568,0.14009775584404144,0.06442452940415204,0.19715588987641094,0.981904761904762,0.981904761904762,0.9809523809523809,0.98,0.98,0.98,0.979047619047619,0.9780952380952381,0.9761904761904762,0.9723809523809523,0.9714285714285714,0.9685714285714285,0.9619047619047619,0.9561904761904761,0.9342857142857143,0.9038095238095238,0.8457142857142858,0.7066666666666667,0.319047619047619,0.9135839598997496,0.9913461538461539,0.9913461538461539,0.9903846153846154,0.989423076923077,0.989423076923077,0.989423076923077,0.9884615384615385,0.9875,0.9855769230769231,0.9817307692307692,0.9807692307692307,0.9778846153846154,0.9711538461538461,0.9653846153846154,0.9432692307692307,0.9125,0.8538461538461538,0.7134615384615385,0.32211538461538464,0.9223684210526313,0.21424890226569418,0.21424890226569418,0.2138627563779263,0.2137379758644336,0.2137379758644336,0.2137379758644336,0.21322368961291627,0.21333241521137092,0.21243829849012774,0.21204397188267168,0.21216249946948473,0.2122970712710757,0.211202972975869,0.20956609843095153,0.20445308121626926,0.19708329626994012,0.18561129361910614,0.1492885967637484,0.07266667878141758,0.1994181290788192,0.9778115267949299,0.9778115267949299,0.9768273385454794,0.9758497571245422,0.9758497571245422,0.9758497571245422,0.974877036604612,0.973927549785337,0.9719895999404877,0.9686811291180653,0.9679151302250437,0.9658314480891783,0.9600310181534858,0.9549049636125353,0.9368046424407628,0.913056342728861,0.872892126189949,0.7502256201529086,0.3929571324300981,0.9191628106831731,0.9086278954466014,0.9086278954466014,0.9093871557608213,0.9100892029046738,0.9100892029046738,0.9100892029046738,0.9106725534436108,0.911213784747181,0.9121404562214651,0.9138491206556549,0.9142196364418809,0.9152041947296284,0.9171795300983376,0.9185844205763777,0.9231520310310326,0.9278928790334828,0.9348561525946824,0.9455710782688335,0.9649663712237683,0.9192848823386305,0.45819019540189826,0.45819019540189826,0.4574573572733869,0.4570710481426379,0.4570710481426379,0.4570710481426379,0.45615788501397236,0.456049300315779,0.45441738069469434,0.45295352623207913,0.4528561566639607,0.45231347935169797,0.44921660359474336,0.44570867373549594,0.433850763017287,0.417207368397619,0.38943771438562214,0.3146464907317246,0.1433683811537887,0.42438076925229273,1031.0,1031.0,1030.0,1029.0,1029.0,1029.0,1028.0,1027.0,1025.0,1021.0,1020.0,1017.0,1010.0,1004.0,981.0,949.0,888.0,742.0,335.0,959.2631578947369,19.0,19.0,20.0,21.0,21.0,21.0,22.0,23.0,25.0,29.0,30.0,33.0,40.0,46.0,69.0,101.0,162.0,308.0,715.0,90.73684210526316,9.0,9.0,10.0,11.0,11.0,11.0,12.0,13.0,15.0,19.0,20.0,23.0,30.0,36.0,59.0,91.0,152.0,298.0,705.0,80.73684210526316,0.9342857142857143,0.9138491206556549,0.9542857142857143,0.9723809523809523,0.9817307692307692,1.0,0.0,0.0,0.8505142401804036,0.9770334928229665,0.04308390022675737,0.9530264578145391,933.0399521894237,1021,29,19,21,3,0,0,24.0,441,0.29952153110047847,0.2980952380952381,0.30096153846153845,313,737,727,1040,1050,22,3
tagging_005_tagging_aria02_rgb,0.6687806700480055,0.9209730974879162,0.6159290052341556,0.6687806700480055,0.6687806700480055,0.6687806700480055,0.6687806700480055,0.6687806700480055,0.6687806700480055,0.6687806700480055,0.6687806700480055,0.6664996473312513,0.6645718938669755,0.6645718938669755,0.6625282210614516,0.6594024698075157,0.6507219528838929,0.6438952119718188,0.6274217975739692,0.591709409624802,0.5043341908318953,0.20799464077318183,0.6259945626304092,0.986873508353222,0.986873508353222,0.986873508353222,0.986873508353222,0.986873508353222,0.986873508353222,0.986873508353222,0.986873508353222,0.9821428571428571,0.9774346793349169,0.9774346793349169,0.9704142011834319,0.9634433962264151,0.9428238039673279,0.9248554913294798,0.8877551020408163,0.8078175895765473,0.6212268743914313,0.23516320474777447,0.9044999971632468,0.4532167302537146,0.4532167302537146,0.4532167302537146,0.4532167302537146,0.4532167302537146,0.4532167302537146,0.4532167302537146,0.4532167302537146,0.45229853952709476,0.45185198710000507,0.45185198710000507,0.452326071864524,0.45130997720396265,0.44911791384904504,0.44828737882525244,0.44343097681555377,0.43341470890979533,0.40943653039999744,0.18396487935587366,0.43436972594635925,0.9904191616766467,0.9904191616766467,0.9904191616766467,0.9904191616766467,0.9904191616766467,0.9904191616766467,0.9904191616766467,0.9904191616766467,0.9880239520958084,0.98562874251497,0.98562874251497,0.9820359281437125,0.9784431137724551,0.9676646706586827,0.9580838323353293,0.9377245508982036,0.8910179640718563,0.7640718562874251,0.37964071856287424,0.933753545540498,0.9963855421686747,0.9963855421686747,0.9963855421686747,0.9963855421686747,0.9963855421686747,0.9963855421686747,0.9963855421686747,0.9963855421686747,0.9939759036144579,0.9915662650602409,0.9915662650602409,0.9879518072289156,0.9843373493975903,0.9734939759036144,0.963855421686747,0.9433734939759036,0.8963855421686747,0.7686746987951807,0.3819277108433735,0.9393785668991758,0.45335083233654266,0.45335083233654266,0.45335083233654266,0.45335083233654266,0.45335083233654266,0.45335083233654266,0.45335083233654266,0.45335083233654266,0.4527279728420087,0.45246547055595915,0.45246547055595915,0.4530795491277201,0.45251934739193245,0.45143762760662115,0.4511293529607374,0.4480792383415473,0.4421550338164569,0.4289872070564475,0.23862148156566776,0.43949865318491577,0.9966229055104507,0.9966229055104507,0.9966229055104507,0.9966229055104507,0.9966229055104507,0.9966229055104507,0.9966229055104507,0.9966229055104507,0.9942534435261708,0.9918890214818744,0.9918890214818744,0.988913512517071,0.9853775801439768,0.9760665649505548,0.9675218740861314,0.9506119952451569,0.9153565157426913,0.8462731898594108,0.4660322037801584,0.9498509561525619,0.9209730974879162,0.9209730974879162,0.9209730974879162,0.9209730974879162,0.9209730974879162,0.9209730974879162,0.9209730974879162,0.9209730974879162,0.9221423274297196,0.9232232326318193,0.9232232326318193,0.9245341844105947,0.9256230691635694,0.9283551482994513,0.93032014630357,0.9337031110299062,0.9392021817108791,0.9488552707941986,0.9667702100477914,0.9280914154924552,0.6699809952795042,0.6699809952795042,0.6699809952795042,0.6699809952795042,0.6699809952795042,0.6699809952795042,0.6699809952795042,0.6699809952795042,0.6684921768807189,0.6673517107554819,0.6673517107554819,0.6664836485669228,0.6645157179269885,0.659238604900874,0.6553601222934284,0.6448380522183201,0.6214340604855852,0.5593200602647904,0.26427364414371013,0.6367635511278071,827.0,827.0,827.0,827.0,827.0,827.0,827.0,827.0,825.0,823.0,823.0,820.0,817.0,808.0,800.0,783.0,744.0,638.0,317.0,779.6842105263158,8.0,8.0,8.0,8.0,8.0,8.0,8.0,8.0,10.0,12.0,12.0,15.0,18.0,27.0,35.0,52.0,91.0,197.0,518.0,55.31578947368421,3.0,3.0,3.0,3.0,3.0,3.0,3.0,3.0,5.0,7.0,7.0,10.0,13.0,22.0,30.0,47.0,86.0,192.0,513.0,50.31578947368421,0.9640718562874252,0.9232232326318193,0.9772455089820359,0.98562874251497,0.9915662650602409,1.0,0.0,0.0,0.8883984676119607,0.9885885885885886,0.015873015873015872,0.9759983321135829,759.8127204559872,823,12,7,11,3,0,0,11.0,441,0.572972972972973,0.5712574850299401,0.5746987951807229,477,358,353,830,835,14,3
tagging_005_tagging_aria03_rgb,0.5120967139733793,0.8991583945008473,0.4604560591654634,0.5120967139733793,0.5120967139733793,0.5120967139733793,0.5120967139733793,0.5120967139733793,0.5120967139733793,0.5117690492809878,0.5105571599127527,0.5090470495081021,0.506900640194614,0.506900640194614,0.5065033609489583,0.5044737199465285,0.5004834764922679,0.4860321135382866,0.4589451702748274,0.38555636319253056,0.2774757457205459,0.10866847722748195,0.465573328961725,0.976913730255164,0.976913730255164,0.976913730255164,0.976913730255164,0.976913730255164,0.976913730255164,0.9745145631067961,0.9721212121212122,0.9673518742442564,0.9602409638554217,0.9602409638554217,0.9578820697954272,0.9461722488038278,0.930011862396204,0.8874709976798144,0.8239910313901345,0.6653019447287615,0.447508896797153,0.14901129943502825,0.8685948584073918,0.26844033033893044,0.26844033033893044,0.26844033033893044,0.26844033033893044,0.26844033033893044,0.26844033033893044,0.2687569480408718,0.26814414734288694,0.2678744989410896,0.26758727100960966,0.26758727100960966,0.2678259284124408,0.26897188586795384,0.26933388741559444,0.26618020871451736,0.25562252657439805,0.22343795982567813,0.17204750567913818,0.0792479361478801,0.2501715766850132,0.9828850855745721,0.9828850855745721,0.9828850855745721,0.9828850855745721,0.9828850855745721,0.9828850855745721,0.9816625916870416,0.980440097799511,0.9779951100244498,0.9743276283618582,0.9743276283618582,0.9731051344743277,0.9669926650366748,0.9584352078239609,0.9352078239608802,0.8985330073349633,0.7946210268948656,0.6149144254278729,0.25794621026894865,0.9045167932055077,0.9938195302843016,0.9938195302843016,0.9938195302843016,0.9938195302843016,0.9938195302843016,0.9938195302843016,0.992583436341162,0.9913473423980222,0.9888751545117429,0.9851668726823238,0.9851668726823238,0.9839307787391842,0.9777503090234858,0.969097651421508,0.9456118665018541,0.9085290482076638,0.8034610630407911,0.6217552533992583,0.26081582200247216,0.9145794027714527,0.26881179466909144,0.26881179466909144,0.26881179466909144,0.26881179466909144,0.26881179466909144,0.26881179466909144,0.26912891482939044,0.2686485382458308,0.26846625012642483,0.26832160629166163,0.26832160629166163,0.2685626042240323,0.2697260588506017,0.2702811193427341,0.2681847785149498,0.26020956944559626,0.23464560805448434,0.18884432409889673,0.09474868164472207,0.2532084435776597,0.9866770790671027,0.9866770790671027,0.9866770790671027,0.9866770790671027,0.9866770790671027,0.9866770790671027,0.9858302676255092,0.9845764658266073,0.9821127466205394,0.9784343008742403,0.9784343008742403,0.9774021831617709,0.9758861010274483,0.9707965830439269,0.9531882598703895,0.9206181836014247,0.8310874350009605,0.6783548042814882,0.35622977670924044,0.9206849412063369,0.8991583945008473,0.8991583945008473,0.8991583945008473,0.8991583945008473,0.8991583945008473,0.8991583945008473,0.8998616389476615,0.9005026802527182,0.9017090827948911,0.903285598735791,0.903285598735791,0.9036807132843483,0.9054834515166694,0.9074587882898215,0.9119127312593567,0.9172309976996655,0.9287804373900237,0.9434150635596155,0.9646542482236213,0.9098005998786873,0.5136594173738529,0.5136594173738529,0.5136594173738529,0.5136594173738529,0.5136594173738529,0.5136594173738529,0.5136425236949349,0.5127370418111281,0.5118397699130416,0.5106052008573893,0.5106052008573893,0.5105122780927995,0.5099939614695383,0.5080738926172064,0.4989326745898255,0.47925491916667423,0.4213650449242012,0.3252606540929689,0.14297449003574483,0.475671271387682,804.0,804.0,804.0,804.0,804.0,804.0,803.0,802.0,800.0,797.0,797.0,796.0,791.0,784.0,765.0,735.0,650.0,503.0,211.0,739.8947368421053,14.0,14.0,14.0,14.0,14.0,14.0,15.0,16.0,18.0,21.0,21.0,22.0,27.0,34.0,53.0,83.0,168.0,315.0,607.0,78.10526315789474,5.0,5.0,5.0,5.0,5.0,5.0,6.0,7.0,9.0,12.0,12.0,13.0,18.0,25.0,44.0,74.0,159.0,306.0,598.0,69.10526315789474,0.9388753056234719,0.903285598735791,0.9596577017114915,0.9743276283618582,0.9851668726823238,1.0,0.0,0.0,0.844643792411278,0.9797172710510141,0.027210884353741496,0.958153485426188,719.9186221924253,797,21,12,17,3,0,0,18.0,441,0.3712354025814382,0.3691931540342298,0.37330037082818296,302,516,507,809,818,19,3
tagging_005_tagging_aria04_rgb,0.5496640738169978,0.8788900931295056,0.4830943090269646,0.5496640738169978,0.5449686789792191,0.5385410914271462,0.5332852158307838,0.5312655834622614,0.5291323262681678,0.5284309280320969,0.5248310224763874,0.5226360818431393,0.5191882613867526,0.516241884743817,0.5092434731312421,0.498200362461928,0.4950356745508113,0.47970979624169235,0.46634092221023904,0.4321647691387748,0.3395257376638047,0.1253211179893377,0.48335405271866305,0.9697231833910035,0.9646246764452114,0.9561855670103093,0.9478186484174508,0.9428327645051194,0.9395229982964225,0.9362244897959183,0.9280270956816258,0.9198988195615514,0.9054393305439331,0.8975,0.8802642444260942,0.8542345276872965,0.8422330097087378,0.7971586424625099,0.7555898226676947,0.656,0.4549520766773163,0.1339641434262948,0.825378633721289,0.31156375264597075,0.307882296939377,0.3033161314726422,0.30005014345152403,0.29935650392850177,0.298003368953857,0.2982609926832108,0.29680987056880803,0.29693317160091415,0.29770791003729175,0.29694226580930194,0.2946034859064902,0.29055674186943486,0.2909649897986353,0.2886771545239422,0.2878199906929402,0.28470485927556477,0.2533843286925223,0.1172357185468691,0.2849880882840947,0.9705627705627705,0.9679653679653679,0.9636363636363636,0.9593073593073593,0.9567099567099567,0.9549783549783549,0.9532467532467532,0.9489177489177489,0.9445887445887445,0.9367965367965368,0.9324675324675324,0.922943722943723,0.9082251082251083,0.9012987012987013,0.8744588744588745,0.8484848484848485,0.780952380952381,0.6164502164502165,0.2329004329004329,0.8723627249943041,0.9991087344028521,0.9964349376114082,0.9919786096256684,0.9875222816399287,0.9848484848484849,0.9830659536541889,0.9812834224598931,0.9768270944741533,0.9723707664884136,0.964349376114082,0.9598930481283422,0.9500891265597148,0.9349376114081996,0.9278074866310161,0.9001782531194296,0.8734402852049911,0.803921568627451,0.6345811051693404,0.23975044563279857,0.8980204522000186,0.3233589017286942,0.3206426888343271,0.31729651500608114,0.3149210750948321,0.31452756907215984,0.31343691634269755,0.3137368242817252,0.31273193047896247,0.3130434534729531,0.31398090451504934,0.31358471954088973,0.31211837534174475,0.30929939525887107,0.30992216971184827,0.30889052572188525,0.30893972059783925,0.30864009962026345,0.287199409970795,0.16284488269232927,0.3041640040675762,0.9022653905844452,0.8996690331266899,0.8960035964466875,0.8923578909189562,0.8905948821045295,0.8894387992014104,0.888551407168702,0.8839293427335303,0.8815257184349142,0.8771250520762683,0.8771414198213953,0.8696872943878983,0.855213838251546,0.8491780779745656,0.8321736763828733,0.8165812385023027,0.7699197797755242,0.6592396587683567,0.3007473366574805,0.8279654438588461,0.8788900931295056,0.8810121573909901,0.884391514587886,0.8876273124643979,0.8893972100241944,0.8904706237283969,0.8915014948911537,0.8938717748203906,0.8960373286997487,0.8994836091398156,0.9011993905616473,0.9045408367081009,0.9090042983449967,0.9108036107423271,0.9164441017128342,0.9206712975539042,0.9286004070037818,0.9416724838962149,0.9648669491598107,0.9047624470821104,0.549901972150498,0.5459115320699378,0.540635231893507,0.5365075123185843,0.5351610485772306,0.5334667441008503,0.5332132058524286,0.5307053365444159,0.5296033721467998,0.5281020158074289,0.5262024533243055,0.5214426508013462,0.5137031519563632,0.5120999584347765,0.5024303928177485,0.49417699379271984,0.4715304207789407,0.395219969469659,0.1652399757956867,0.49817125992806466,1121.0,1118.0,1113.0,1108.0,1105.0,1103.0,1101.0,1096.0,1091.0,1082.0,1077.0,1066.0,1049.0,1041.0,1010.0,980.0,902.0,712.0,269.0,1007.578947368421,34.0,37.0,42.0,47.0,50.0,52.0,54.0,59.0,64.0,73.0,78.0,89.0,106.0,114.0,145.0,175.0,253.0,443.0,886.0,147.42105263157896,1.0,4.0,9.0,14.0,17.0,19.0,21.0,26.0,31.0,40.0,45.0,56.0,73.0,81.0,112.0,142.0,220.0,410.0,853.0,114.42105263157895,0.9411255411255411,0.9005075494702947,0.9558441558441558,0.9636363636363636,0.9919786096256684,1.0,0.0,0.0,0.845250997887825,0.9776021080368906,0.02040816326530612,0.9547788321027029,1002.2649025604379,1113,42,9,17,3,0,0,17.0,441,0.39789196310935443,0.3922077922077922,0.4037433155080214,453,702,669,1122,1155,16,3
tagging_006_tagging_aria01_rgb,0.6068037005810916,0.9365054262404828,0.5682749582569975,0.6068037005810916,0.6068037005810916,0.6068037005810916,0.6068037005810916,0.6068037005810916,0.6049337149320596,0.6049337149320596,0.6049337149320596,0.6049337149320596,0.6049337149320596,0.6049337149320596,0.6049337149320596,0.6049337149320596,0.6030253901657593,0.6030253901657593,0.5967763133343535,0.5688462274721584,0.48197083880594827,0.21181790665535358,0.5757342257348036,0.9938080495356038,0.9938080495356038,0.9938080495356038,0.9938080495356038,0.9938080495356038,0.990726429675425,0.990726429675425,0.990726429675425,0.990726429675425,0.990726429675425,0.990726429675425,0.990726429675425,0.990726429675425,0.9876543209876543,0.9876543209876543,0.9754601226993865,0.9252615844544095,0.7523809523809524,0.29447236180904524,0.937775544652659,0.3705048788958472,0.3705048788958472,0.3705048788958472,0.3705048788958472,0.3705048788958472,0.3693701797996755,0.3693701797996755,0.3693701797996755,0.3693701797996755,0.3693701797996755,0.3693701797996755,0.3693701797996755,0.3693701797996755,0.3681851164493733,0.3681851164493733,0.36510151452567063,0.3497238358816254,0.3087477011800947,0.15236345205446006,0.35367329312722307,0.9938080495356038,0.9938080495356038,0.9938080495356038,0.9938080495356038,0.9938080495356038,0.9922600619195047,0.9922600619195047,0.9922600619195047,0.9922600619195047,0.9922600619195047,0.9922600619195047,0.9922600619195047,0.9922600619195047,0.9907120743034056,0.9907120743034056,0.9845201238390093,0.958204334365325,0.8560371517027864,0.4535603715170279,0.9547824670034218,1.0,1.0,1.0,1.0,1.0,0.9984423676012462,0.9984423676012462,0.9984423676012462,0.9984423676012462,0.9984423676012462,0.9984423676012462,0.9984423676012462,0.9984423676012462,0.9968847352024922,0.9968847352024922,0.9906542056074766,0.9641744548286605,0.8613707165109035,0.45638629283489096,0.960731267420889,0.3705048788958472,0.3705048788958472,0.3705048788958472,0.3705048788958472,0.3705048788958472,0.36968147763867104,0.36968147763867104,0.36968147763867104,0.36968147763867104,0.36968147763867104,0.36968147763867104,0.36968147763867104,0.36968147763867104,0.36882314544043926,0.36882314544043926,0.3666336736976598,0.3559566625522648,0.32871472431021465,0.19313652233432296,0.35747705733494456,1.0,1.0,1.0,1.0,1.0,0.9984516673900039,0.9984516673900039,0.9984516673900039,0.9984516673900039,0.9984516673900039,0.9984516673900039,0.9984516673900039,0.9984516673900039,0.9968986756012168,0.9968986756012168,0.990816327578091,0.9654820580711161,0.8696013015950754,0.5077972421349338,0.963953032615878,0.9365054262404828,0.9365054262404828,0.9365054262404828,0.9365054262404828,0.9365054262404828,0.9375139407341316,0.9375139407341316,0.9375139407341316,0.9375139407341316,0.9375139407341316,0.9375139407341316,0.9375139407341316,0.9375139407341316,0.9379166893963189,0.9379166893963189,0.9388951292466163,0.941992985092046,0.9491240551390553,0.9650379016043238,0.939659058260534,0.6068037005810916,0.6068037005810916,0.6068037005810916,0.6068037005810916,0.6068037005810916,0.6054017488240718,0.6054017488240718,0.6054017488240718,0.6054017488240718,0.6054017488240718,0.6054017488240718,0.6054017488240718,0.6054017488240718,0.6039581446136806,0.6039581446136806,0.5995413149188495,0.5788841813114615,0.514100673713808,0.26288024634695883,0.5810818525798143,642.0,642.0,642.0,642.0,642.0,641.0,641.0,641.0,641.0,641.0,641.0,641.0,641.0,640.0,640.0,636.0,619.0,553.0,293.0,616.7894736842105,4.0,4.0,4.0,4.0,4.0,5.0,5.0,5.0,5.0,5.0,5.0,5.0,5.0,6.0,6.0,10.0,27.0,93.0,353.0,29.210526315789473,0.0,0.0,0.0,0.0,0.0,1.0,1.0,1.0,1.0,1.0,1.0,1.0,1.0,2.0,2.0,6.0,23.0,89.0,349.0,25.210526315789473,0.9752321981424149,0.9375139407341316,0.9907120743034056,0.9922600619195047,0.9984423676012462,1.0,0.0,0.0,0.9132297771061585,0.9953416149068323,0.0026954177897574125,0.9891640866873065,600.9464360105784,641,5,1,10,3,0,0,10.0,371,0.5124223602484472,0.5108359133126935,0.514018691588785,330,316,312,642,646,13,3
tagging_006_tagging_aria02_rgb,0.9090405717811442,0.9157722384512265,0.8324741192630012,0.9090405717811442,0.9090405717811442,0.9090405717811442,0.9090405717811442,0.9090405717811442,0.9090405717811442,0.9090405717811442,0.9067900425297478,0.9067900425297478,0.9050927140787794,0.9017285178430626,0.8956466154035894,0.8832383580775708,0.8695297374065594,0.8367512526349176,0.7925469510568387,0.7222746749731188,0.6032337737478647,0.24440311119461522,0.8332268312602328,0.9858223062381852,0.9858223062381852,0.9858223062381852,0.9858223062381852,0.9858223062381852,0.9858223062381852,0.9858223062381852,0.9820754716981132,0.9820754716981132,0.9802073515551367,0.9764816556914393,0.9672284644194756,0.9507892293407614,0.9310661764705882,0.8927927927927928,0.8365384615384616,0.7522935779816514,0.6173979984603541,0.241725768321513,0.8953383454545104,0.8382390578049401,0.8382390578049401,0.8382390578049401,0.8382390578049401,0.8382390578049401,0.8382390578049401,0.8382390578049401,0.8372759578337828,0.8372759578337828,0.8357342145810375,0.8326979981161924,0.8293623370207267,0.8204867841429584,0.8120603919910566,0.7842274987412463,0.7508688464536445,0.6934536215331726,0.589394501921854,0.2471101081873834,0.7756642959469168,0.9867549668874173,0.9867549668874173,0.9867549668874173,0.9867549668874173,0.9867549668874173,0.9867549668874173,0.9867549668874173,0.9848628192999054,0.9848628192999054,0.9839167455061495,0.9820245979186376,0.9772942289498581,0.9687795648060549,0.9583727530747398,0.9375591296121097,0.9053926206244087,0.8533585619678334,0.7587511825922422,0.3869441816461684,0.925758103868944,0.9990421455938697,0.9990421455938697,0.9990421455938697,0.9990421455938697,0.9990421455938697,0.9990421455938697,0.9990421455938697,0.9971264367816092,0.9971264367816092,0.9961685823754789,0.9942528735632183,0.9894636015325671,0.9808429118773946,0.9703065134099617,0.9492337164750958,0.9166666666666666,0.8639846743295019,0.7681992337164751,0.39176245210727967,0.9372857430933657,0.8382398799249269,0.8382398799249269,0.8382398799249269,0.8382398799249269,0.8382398799249269,0.8382398799249269,0.8382398799249269,0.8379953184199295,0.8379953184199295,0.8371499842480804,0.8354709448563206,0.8341821738093987,0.8298969323157397,0.8263162768936103,0.8107695465114777,0.7925815136714812,0.7580719779219618,0.6909734822873315,0.3746591886997023,0.7965127272383922,0.9991283883901333,0.9991283883901333,0.9991283883901333,0.9991283883901333,0.9991283883901333,0.9991283883901333,0.9991283883901333,0.9972353488251345,0.9972353488251345,0.9962807037517302,0.9943850356465675,0.9898001232896472,0.98193297822264,0.972283088631819,0.9531723421180727,0.9236969791981652,0.8746222658266577,0.7859522911605303,0.4243970011732336,0.94131011712633,0.9157722384512265,0.9157722384512265,0.9157722384512265,0.9157722384512265,0.9157722384512265,0.9157722384512265,0.9157722384512265,0.9168041751389593,0.9168041751389593,0.9172408390998803,0.9180287788461058,0.9196705872186456,0.9221840925961141,0.9249222360822148,0.9292325697587116,0.9345117623693044,0.9410268946332989,0.9486578223898589,0.9656662518065767,0.9244818870651166,0.9094704798552031,0.9094704798552031,0.9094704798552031,0.9094704798552031,0.9094704798552031,0.9094704798552031,0.9094704798552031,0.9080759661857636,0.9080759661857636,0.9068036659160087,0.9042842013370068,0.900294965929902,0.8915552869402631,0.8821885022688866,0.8574728282212357,0.8245187157584065,0.7692623643874269,0.6687329626589169,0.3092213100500404,0.8471989523592653,1043.0,1043.0,1043.0,1043.0,1043.0,1043.0,1043.0,1041.0,1041.0,1040.0,1038.0,1033.0,1024.0,1013.0,991.0,957.0,902.0,802.0,409.0,978.5263157894736,14.0,14.0,14.0,14.0,14.0,14.0,14.0,16.0,16.0,17.0,19.0,24.0,33.0,44.0,66.0,100.0,155.0,255.0,648.0,78.47368421052632,1.0,1.0,1.0,1.0,1.0,1.0,1.0,3.0,3.0,4.0,6.0,11.0,20.0,31.0,53.0,87.0,142.0,242.0,635.0,65.47368421052632,0.9754020813623463,0.9168984448624391,0.9820245979186376,0.9848628192999054,0.9971264367816092,1.0,0.0,0.0,0.8935584494813615,0.9909566872917658,0.008086253369272238,0.9812250728098256,954.4912811017991,1041,16,3,7,3,0,0,9.0,371,0.9081389814374108,0.902554399243141,0.9137931034482759,954,103,90,1044,1057,9,3
tagging_006_tagging_aria03_rgb,0.6090961658061625,0.9072561829621971,0.5526062624462086,0.6090961658061625,0.6090961658061625,0.6090961658061625,0.6090961658061625,0.6084602524350322,0.6081427858998479,0.6074578526391704,0.6031592546856502,0.6000818323180696,0.5957364464095956,0.5948140158869968,0.5935342517373379,0.5917894930909371,0.5893193342302129,0.5811432806544468,0.5616289374431183,0.5111363824177237,0.3926135424226978,0.09552557043547902,0.5563646261016298,0.9718875502008032,0.9718875502008032,0.9718875502008032,0.9718875502008032,0.9699097291875627,0.9679358717434869,0.965965965965966,0.9561752988047809,0.952286282306163,0.9445544554455445,0.9407114624505929,0.9368836291913215,0.9330708661417323,0.9254901960784314,0.9105058365758755,0.8722592945662536,0.7773755656108597,0.56120826709062,0.12164477441462021,0.8749225103356328,0.3817294903336458,0.3817294903336458,0.3817294903336458,0.3817294903336458,0.3817096247744811,0.38208899870180557,0.3820062566738436,0.3804753029781259,0.37814070429131624,0.3757347303108388,0.37610226686718884,0.37601565126020764,0.3753356972562801,0.375257651749462,0.3709229519273588,0.3616207535287288,0.33608002745208454,0.274667004627017,0.07501460421079077,0.3541100098917954,0.9767911200807265,0.9767911200807265,0.9767911200807265,0.9767911200807265,0.9757820383451059,0.9747729566094854,0.9737638748738647,0.9687184661957619,0.9667003027245207,0.9626639757820383,0.9606458123107972,0.958627648839556,0.9566094853683148,0.9525731584258325,0.9445005045408678,0.9233097880928355,0.8668012108980827,0.7124117053481333,0.21493440968718466,0.9063147272823836,0.9948612538540597,0.9948612538540597,0.9948612538540597,0.9948612538540597,0.9938335046248715,0.9928057553956835,0.9917780061664954,0.986639260020555,0.9845837615621789,0.9804727646454265,0.9784172661870504,0.9763617677286742,0.9743062692702981,0.9701952723535457,0.9619732785200411,0.9403905447070915,0.8828365878725591,0.7255909558067831,0.21891058581706063,0.9230810840049765,0.38224696464013075,0.38224696464013075,0.38224696464013075,0.38224696464013075,0.3822619241123385,0.3826419079174351,0.38260443484915946,0.3816727492116879,0.3800309571054677,0.37836325555128614,0.37876861883112806,0.37875031194979486,0.37827196088500403,0.378305442200744,0.37516842787444454,0.368667668703969,0.35000182486122083,0.3024431137616123,0.09969624741189526,0.3592966686204058,0.994983307351172,0.994983307351172,0.994983307351172,0.994983307351172,0.9939609461825827,0.9932645634491624,0.9922353179330614,0.9882023795804982,0.9861304089146905,0.9821870467950524,0.9811508644646523,0.9793473129417612,0.9772831441127496,0.9739802898218852,0.9658736325670686,0.9473711273491933,0.8909018152654526,0.7452261883888621,0.29882421686150246,0.9303090781069927,0.9072561829621971,0.9072561829621971,0.9072561829621971,0.9072561829621971,0.9079533157942793,0.9085950265990403,0.909208585132098,0.9119761206422198,0.9129772367540396,0.9147545591947996,0.9155608682579077,0.9162535509340327,0.9168501885658694,0.9178893815178653,0.919517829248239,0.9226849120794112,0.9287197707064295,0.9391425281558543,0.9635792963824388,0.9176151527270164,0.6106308020652469,0.6106308020652469,0.6106308020652469,0.6106308020652469,0.6102994311961865,0.610286836620713,0.6099048226770978,0.6071025052874827,0.6046062630430477,0.6014202268966551,0.6010832452053233,0.6003823779013232,0.5992075501799754,0.5978798930809148,0.5918926551674538,0.5778304087797579,0.5397356526616782,0.4423527881331786,0.12697724077158123,0.5664992160980713,968.0,968.0,968.0,968.0,967.0,966.0,965.0,960.0,958.0,954.0,952.0,950.0,948.0,944.0,936.0,915.0,859.0,706.0,213.0,898.1578947368421,23.0,23.0,23.0,23.0,24.0,25.0,26.0,31.0,33.0,37.0,39.0,41.0,43.0,47.0,55.0,76.0,132.0,285.0,778.0,92.84210526315789,5.0,5.0,5.0,5.0,6.0,7.0,8.0,13.0,15.0,19.0,21.0,23.0,25.0,29.0,37.0,58.0,114.0,267.0,760.0,74.84210526315789,0.9434914228052472,0.9137674977118858,0.9556004036326943,0.9687184661957619,0.986639260020555,1.0,0.0,0.0,0.8599564054524828,0.9775967413441955,0.03504043126684636,0.9545114215478834,877.2167978034104,960,31,13,12,3,0,0,14.0,371,0.5081466395112016,0.5035317860746721,0.512846865364851,499,492,474,973,991,14,3
tagging_006_tagging_aria04_rgb,0.5370234551437312,0.9022027156531256,0.48450401960009876,0.5370234551437312,0.5370234551437312,0.5370234551437312,0.5370234551437312,0.5370234551437312,0.5370234551437312,0.536583313024914,0.5294751867904388,0.5271157020372367,0.5203976243445567,0.5149816923362802,0.5100183749115815,0.5100183749115815,0.4978807343863841,0.4857331927374558,0.47301890129384505,0.4463283815977914,0.37859368302991525,0.1408646043364559,0.4891131840316222,0.9901477832512315,0.9901477832512315,0.9901477832512315,0.9901477832512315,0.9901477832512315,0.9901477832512315,0.9876998769987699,0.9587878787878787,0.9493365500603136,0.9261025029797377,0.9146919431279621,0.9056603773584906,0.9056603773584906,0.8812572759022119,0.8553386911595867,0.8259887005649718,0.7641921397379913,0.616,0.20687079910380882,0.8757091480340844,0.29126378531853603,0.29126378531853603,0.29126378531853603,0.29126378531853603,0.29126378531853603,0.29126378531853603,0.2915072265592187,0.29239415686104336,0.29267909606614884,0.29242301640705487,0.2899403951614755,0.28721444511697664,0.28721444511697664,0.2812858769527272,0.2758401285542945,0.2708837067967088,0.26067923740749804,0.23268372862038297,0.09591898344680842,0.27359195552518584,0.9962825278810409,0.9962825278810409,0.9962825278810409,0.9962825278810409,0.9962825278810409,0.9962825278810409,0.9950433705080545,0.9801734820322181,0.9752168525402726,0.9628252788104089,0.9566294919454771,0.9516728624535316,0.9516728624535316,0.9380421313506815,0.9231722428748451,0.9058240396530359,0.8674101610904585,0.7633209417596035,0.34324659231722426,0.9206287093197678,0.9938195302843016,0.9938195302843016,0.9938195302843016,0.9938195302843016,0.9938195302843016,0.9938195302843016,0.992583436341162,0.9777503090234858,0.9728059332509271,0.9604449938195303,0.9542645241038319,0.9493201483312732,0.9493201483312732,0.9357231149567367,0.9208899876390606,0.9035846724351051,0.865265760197775,0.761433868974042,0.34239802224969096,0.9183527421768263,0.29170702755579436,0.29170702755579436,0.29170702755579436,0.29170702755579436,0.29170702755579436,0.29170702755579436,0.29195314259004534,0.2931099353548168,0.2934805099661996,0.2936205088861883,0.2917941567924191,0.2896743481013679,0.2896743481013679,0.28494009454153796,0.2805811488124469,0.2766389851459586,0.2683587398373984,0.2448357941661513,0.1155030251952855,0.27707404751715525,0.9857552985783782,0.9857552985783782,0.9857552985783782,0.9857552985783782,0.9857552985783782,0.9857552985783782,0.9847412952142168,0.9762288863293956,0.9747998897351626,0.9720870561947053,0.9672954213751778,0.9622907361041507,0.9622907361041507,0.9494379367989334,0.940611146395613,0.9259106490541954,0.8899282763245573,0.8048472938974721,0.3852325792935638,0.9268544049627138,0.9022027156531256,0.9022027156531256,0.9022027156531256,0.9022027156531256,0.9022027156531256,0.9022027156531256,0.9029048196553578,0.9108159459294749,0.9132674144245544,0.9189979113939031,0.9215210582942196,0.9232944466912314,0.9232944466912314,0.9269453599985382,0.9302573496113883,0.9331013994515505,0.9377069966579508,0.9461278348257413,0.9634996095125888,0.9192079414240255,0.5386845276387209,0.5386845276387209,0.5386845276387209,0.5386845276387209,0.5386845276387209,0.5386845276387209,0.5385743525669785,0.5353475495940591,0.5342523625310063,0.5306149944194033,0.5266550416712947,0.5228137269835939,0.5228137269835939,0.5136711044389998,0.5046265452315739,0.49535136374777783,0.47551637123507723,0.42144081774627234,0.18144934336240856,0.5018544455970719,804.0,804.0,804.0,804.0,804.0,804.0,803.0,791.0,787.0,777.0,772.0,768.0,768.0,757.0,745.0,731.0,700.0,616.0,277.0,742.9473684210526,3.0,3.0,3.0,3.0,3.0,3.0,4.0,16.0,20.0,30.0,35.0,39.0,39.0,50.0,62.0,76.0,107.0,191.0,530.0,64.05263157894737,5.0,5.0,5.0,5.0,5.0,5.0,6.0,18.0,22.0,32.0,37.0,41.0,41.0,52.0,64.0,78.0,109.0,193.0,532.0,66.05263157894737,0.966542750929368,0.9174540198904475,0.9876084262701363,0.9950433705080545,0.992583436341162,1.0,0.0,0.0,0.884405920659268,0.9938118811881188,0.016172506738544475,0.9860837064171273,736.7155779720293,803,4,6,17,3,0,0,15.0,371,0.4381188118811881,0.43866171003717475,0.43757725587144625,354,453,455,809,807,17,3
tagging_007_tagging_aria01_rgb,0.40210800764530447,0.9064567519023006,0.36449351852406814,0.40210800764530447,0.40194933243209613,0.40194933243209613,0.40194933243209613,0.40194933243209613,0.40194933243209613,0.40089426269609074,0.4004925899496398,0.3989657866120864,0.39782518251671745,0.3948190481921474,0.3910035917854968,0.3833479557704754,0.3774470218121139,0.3661949087970147,0.3454006146146879,0.3156687929531212,0.25486427466912875,0.10283629797697481,0.3653481577974464,0.98,0.9787632729544035,0.9787632729544035,0.9787632729544035,0.9787632729544035,0.9787632729544035,0.9762944479101684,0.9750623441396509,0.9713752333540759,0.968924798011187,0.9603960396039604,0.9495384615384616,0.927007299270073,0.9095840867992767,0.8790035587188612,0.8185993111366245,0.7292576419213974,0.5552282768777614,0.19411986430456088,0.8783267225451621,0.16499066307395535,0.16506878660753987,0.16506878660753987,0.16506878660753987,0.16506878660753987,0.16506878660753987,0.16461858428742202,0.16449647098831896,0.16386427553581703,0.16334072176634729,0.1623102078592853,0.16100854781748805,0.15852696662595375,0.15662790976935073,0.15255764313889864,0.14573868185957056,0.1366414023196769,0.11698935592381889,0.05447821746370697,0.15218597797196368,0.9836888331242158,0.9830614805520702,0.9830614805520702,0.9830614805520702,0.9830614805520702,0.9830614805520702,0.9818067754077792,0.9811794228356336,0.979297365119197,0.9780426599749059,0.973651191969887,0.9680050188205772,0.9560853199498118,0.9466750313676286,0.9297365119196989,0.8946047678795483,0.8381430363864492,0.7095357590966123,0.3230865746549561,0.9136234563824871,0.9961880559085133,0.9955527318932655,0.9955527318932655,0.9955527318932655,0.9955527318932655,0.9955527318932655,0.9942820838627701,0.9936467598475223,0.9917407878017789,0.9904701397712834,0.9860228716645489,0.9803049555273189,0.9682337992376112,0.9587039390088945,0.9415501905972046,0.9059720457433291,0.8487928843710292,0.7185514612452351,0.32719186785260485,0.9252323948371564,0.1651752175897686,0.1652537157026537,0.1652537157026537,0.1652537157026537,0.1652537157026537,0.1652537157026537,0.1648723141899525,0.16476744900138138,0.16422841746383196,0.16378993679812093,0.162914836180377,0.1618614481065237,0.15979023089685596,0.15821328152514005,0.15471110204471153,0.1487943448251883,0.14058858481802297,0.12228353291491881,0.05969494460340093,0.15357653786691908,0.9811947996960881,0.980602651572671,0.980602651572671,0.980602651572671,0.980602651572671,0.980602651572671,0.9793100099284727,0.9786638532916629,0.9767566099922835,0.9754673263017628,0.9712848263279132,0.9670551650498812,0.9572256916271454,0.9483074889187864,0.9330770919561499,0.9009491134677059,0.8582719993784754,0.7709994626821526,0.4529030032291867,0.9239199841953168,0.9064567519023006,0.9069983162923461,0.9069983162923461,0.9069983162923461,0.9069983162923461,0.9069983162923461,0.9077500612746917,0.9080768857666847,0.9090168501465692,0.9095648706677895,0.9113369368431307,0.9133145862424138,0.9168420583423045,0.9192562145770882,0.9227593319472048,0.9284776853463785,0.9353469827434853,0.945332874813026,0.9652931933455826,0.9175693087063359,0.40286408729943873,0.4028309394216659,0.4028309394216659,0.4028309394216659,0.4028309394216659,0.4028309394216659,0.4020244288739523,0.40174687610834925,0.4005893823722637,0.39969262439852365,0.3975343096527308,0.3947873888061032,0.38931389084805096,0.3850658792907341,0.37661440625479237,0.36107965832493594,0.3384154840374719,0.28811131782981136,0.13266944137086314,0.3728770459250711,1568.0,1567.0,1567.0,1567.0,1567.0,1567.0,1565.0,1564.0,1561.0,1559.0,1552.0,1543.0,1524.0,1509.0,1482.0,1426.0,1336.0,1131.0,515.0,1456.3157894736842,26.0,27.0,27.0,27.0,27.0,27.0,29.0,30.0,33.0,35.0,42.0,51.0,70.0,85.0,112.0,168.0,258.0,463.0,1079.0,137.68421052631578,6.0,7.0,7.0,7.0,7.0,7.0,9.0,10.0,13.0,15.0,22.0,31.0,50.0,65.0,92.0,148.0,238.0,443.0,1059.0,117.6842105263158,0.9498117942283564,0.9096516880726945,0.9686323713927227,0.9780426599749059,0.9904701397712834,1.0,0.0,0.0,0.861447290906732,0.9842171717171717,0.02094972067039106,0.9677056955742035,1418.1469817053307,1559,35,15,30,3,0,0,33.0,716,0.25315656565656564,0.25156838143036386,0.2547649301143583,401,1193,1173,1574,1594,30,3
tagging_007_tagging_aria02_rgb,0.5094683066679065,0.9134007771461032,0.4653487472417751,0.5094683066679065,0.5094683066679065,0.5094683066679065,0.5094683066679065,0.5094683066679065,0.5094683066679065,0.5093080379050549,0.5093080379050549,0.5088347853226635,0.5078065939697195,0.5063571683682465,0.5045950613538074,0.5003083403615124,0.4947276771064164,0.48647170031863124,0.46494297462741097,0.42473247643227063,0.32347725836787566,0.11386347485750656,0.46902860141597946,0.9868184541641701,0.9868184541641701,0.9868184541641701,0.9868184541641701,0.9868184541641701,0.9868184541641701,0.98562874251497,0.98562874251497,0.9844404548174746,0.9797014925373134,0.9738095238095238,0.9679525222551929,0.9563421828908555,0.942589338019918,0.9200926462072959,0.8755656108597285,0.7856758212170167,0.5805529075309819,0.1767210787792761,0.8966111467862916,0.26302503201453425,0.26302503201453425,0.26302503201453425,0.26302503201453425,0.26302503201453425,0.26302503201453425,0.2631768598923108,0.2631768598923108,0.2630050781510865,0.26321031338972495,0.26329336044577434,0.26304614130188214,0.2617352239745948,0.2596628930784051,0.2572074846879953,0.24689408420589226,0.22960828329533192,0.1802377273868244,0.07336357946761475,0.24556674111878704,0.9903788334335538,0.9903788334335538,0.9903788334335538,0.9903788334335538,0.9903788334335538,0.9903788334335538,0.9897775105231509,0.9897775105231509,0.9891761876127481,0.9867708959711365,0.9837642814191221,0.9807576668671076,0.9747444377630787,0.9675285628382442,0.9555021046301864,0.930847865303668,0.8773301262778112,0.7324113048707156,0.2994588093806374,0.9263221191885306,0.9963702359346642,0.9963702359346642,0.9963702359346642,0.9963702359346642,0.9963702359346642,0.9963702359346642,0.9957652752571083,0.9957652752571083,0.9951603145795523,0.9927404718693285,0.9897156684815487,0.9866908650937689,0.9806412583182094,0.9733817301875378,0.9612825166364186,0.9364791288566243,0.882637628554144,0.7368421052631579,0.30127041742286753,0.9319260037571241,0.2632812463364335,0.2632812463364335,0.2632812463364335,0.2632812463364335,0.2632812463364335,0.2632812463364335,0.2634332464829103,0.2634332464829103,0.26329737419240595,0.26351802624623283,0.2636514426141005,0.26358174306799115,0.26273098127430217,0.2612675451122923,0.2596994532857105,0.25183844456224724,0.23803379706595443,0.19394515713882451,0.08597846185114699,0.24811033670503319,0.9919112891549069,0.9919112891549069,0.9919112891549069,0.9919112891549069,0.9919112891549069,0.9919112891549069,0.9915013527165644,0.9915013527165644,0.990892106917715,0.9888386243426617,0.9862237506675706,0.9838912010090549,0.9798678578637874,0.9734922591937955,0.9664557549214523,0.9450933879630599,0.8998527543529999,0.7792810141978433,0.3865181124853227,0.9376251191725175,0.9134007771461032,0.9134007771461032,0.9134007771461032,0.9134007771461032,0.9134007771461032,0.9134007771461032,0.9137517879162315,0.9137517879162315,0.9140517163136538,0.9151418607889501,0.9163518740668188,0.9174159408238377,0.9192226028221956,0.9209790071391941,0.9233597295250393,0.9271987070184519,0.9331857049597008,0.9435492036611678,0.9639823986121207,0.9211761570758007,0.5103865440726054,0.5103865440726054,0.5103865440726054,0.5103865440726054,0.5103865440726054,0.5103865440726054,0.5103788173616843,0.5103788173616843,0.5100572129950566,0.5096354351616679,0.5089387031277569,0.5079217654537256,0.5050989543999372,0.5012297534689756,0.4957441809502316,0.4793963195928384,0.44882319924211245,0.36332925715157643,0.14822068060589147,0.47691959796361955,1647.0,1647.0,1647.0,1647.0,1647.0,1647.0,1646.0,1646.0,1645.0,1641.0,1636.0,1631.0,1621.0,1609.0,1589.0,1548.0,1459.0,1218.0,498.0,1540.4736842105262,16.0,16.0,16.0,16.0,16.0,16.0,17.0,17.0,18.0,22.0,27.0,32.0,42.0,54.0,74.0,115.0,204.0,445.0,1165.0,122.52631578947368,6.0,6.0,6.0,6.0,6.0,6.0,7.0,7.0,8.0,12.0,17.0,22.0,32.0,44.0,64.0,105.0,194.0,435.0,1155.0,112.52631578947368,0.9651232711966325,0.9151418607889501,0.9795550210463019,0.9867708959711365,0.9927404718693285,1.0,0.0,0.0,0.8813877291369014,0.9897466827503015,0.01675977653631285,0.9787250684054651,1501.7477935546672,1641,22,12,24,3,0,0,25.0,716,0.4041013268998794,0.40288634996993383,0.4053236539624924,670,993,983,1653,1663,26,3
tagging_007_tagging_aria03_rgb,0.4445254645663447,0.9089019217251001,0.40403004900009354,0.4445254645663447,0.4445254645663447,0.4445254645663447,0.4445254645663447,0.4445254645663447,0.44403959785205727,0.4437187173504772,0.4437187173504772,0.44312977179907964,0.4410436088252142,0.4398324133321038,0.4379737739198734,0.4298199902992904,0.42762027680883,0.4180634719938211,0.40452624078909005,0.37418063002296675,0.2840057771591949,0.0910943203611899,0.4076523489839679,0.977165883143049,0.977165883143049,0.977165883143049,0.977165883143049,0.977165883143049,0.9745137491616365,0.9731903485254692,0.9731903485254692,0.9705488621151271,0.965287049399199,0.9613590939373751,0.9548472775564409,0.931758530183727,0.9241830065359478,0.8944658944658944,0.853904282115869,0.7702946482260974,0.5618037135278514,0.1554160125588697,0.8816101175026431,0.20222041319364928,0.20222041319364928,0.20222041319364928,0.20222041319364928,0.20222041319364928,0.20232773999365422,0.2023101651444296,0.2023101651444296,0.20232262621664027,0.2015146323641644,0.20122819146093657,0.20089184014066364,0.19827586018928472,0.19786027209422377,0.1953982456982239,0.1916391367443076,0.1817631009209455,0.1435719976881206,0.05339330912845193,0.18873207099456438,0.9811193526635199,0.9811193526635199,0.9811193526635199,0.9811193526635199,0.9811193526635199,0.9797707349966285,0.9790964261631827,0.9790964261631827,0.9777478084962913,0.9750505731625084,0.9730276466621712,0.9696561024949427,0.9575185434929198,0.9534726904922455,0.9372892784895482,0.9143627781523938,0.863789615643965,0.7140930546190155,0.2670262980445044,0.9129786705469002,0.9958932238193019,0.9958932238193019,0.9958932238193019,0.9958932238193019,0.9958932238193019,0.9945242984257358,0.9938398357289527,0.9938398357289527,0.9924709103353867,0.9897330595482546,0.9876796714579056,0.9842573579739904,0.971937029431896,0.9678302532511978,0.9514031485284052,0.9281314168377823,0.8767967145790554,0.7248459958932238,0.27104722792607805,0.9267264670917541,0.2025045478066227,0.2025045478066227,0.2025045478066227,0.2025045478066227,0.2025045478066227,0.20261988472907932,0.2026104120126353,0.2026104120126353,0.20263454959612323,0.20200223095130543,0.20180302141099976,0.20157460987946338,0.19949030735516676,0.19916990795482295,0.19730760192939592,0.1943247164948106,0.18617462851623293,0.15249459121717837,0.06063138890089591,0.19041952642072937,0.9959576349600606,0.9959576349600606,0.9959576349600606,0.9959576349600606,0.9959576349600606,0.9946869125493968,0.9940068464718532,0.9940068464718532,0.9926779637655928,0.990228658505349,0.988873314708844,0.9856481885892551,0.9747441523822493,0.9711583593858428,0.9572287272622244,0.9379965078150415,0.8948871182387148,0.7592611503071398,0.37264432964964705,0.9362019605738582,0.9089019217251001,0.9089019217251001,0.9089019217251001,0.9089019217251001,0.9089019217251001,0.9097882401008867,0.9101803697984849,0.9101803697984849,0.91085667017449,0.9120744993624945,0.9128779410424552,0.9140578716571939,0.9176942362690563,0.9187077317738209,0.9221967044740116,0.9258080795660669,0.9315163547066913,0.942217710460224,0.9647843163811975,0.9182868791679505,0.44542379919342284,0.44542379919342284,0.44542379919342284,0.44542379919342284,0.44542379919342284,0.44523566627550104,0.4450630962789369,0.4450630962789369,0.4447701703043206,0.44326849401611057,0.4424936085180439,0.4413569969240694,0.43572102641282956,0.43434360358500423,0.42795406380663303,0.41860207055896365,0.3962386642955969,0.32019332658077726,0.11940442905066949,0.41509617415018457,1455.0,1455.0,1455.0,1455.0,1455.0,1453.0,1452.0,1452.0,1450.0,1446.0,1443.0,1438.0,1420.0,1414.0,1390.0,1356.0,1281.0,1059.0,396.0,1353.9473684210527,28.0,28.0,28.0,28.0,28.0,30.0,31.0,31.0,33.0,37.0,40.0,45.0,63.0,69.0,93.0,127.0,202.0,424.0,1087.0,129.05263157894737,6.0,6.0,6.0,6.0,6.0,8.0,9.0,9.0,11.0,15.0,18.0,23.0,41.0,47.0,71.0,105.0,180.0,402.0,1065.0,107.05263157894737,0.9480782198246797,0.9120744993624945,0.9649359406608227,0.9750505731625084,0.9897330595482546,1.0,0.0,0.0,0.8623464100324795,0.9823369565217391,0.02094972067039106,0.9639932973643479,1318.8597260781671,1446,37,15,25,3,0,0,27.0,716,0.34646739130434784,0.34389750505731626,0.3490759753593429,510,973,951,1461,1483,28,3
tagging_007_tagging_aria04_rgb,0.46911752261845746,0.9208853401629147,0.43200344939288204,0.46911752261845746,0.46911752261845746,0.46911752261845746,0.46911752261845746,0.46911752261845746,0.46911752261845746,0.46911752261845746,0.46911752261845746,0.4686732013255917,0.4686732013255917,0.4684559315920824,0.46675454415470774,0.4645474230345173,0.45621887023148794,0.4496020583329391,0.43436935575760377,0.40965018188243446,0.3268963907690987,0.13358349840055825,0.43686130725022493,0.988399071925754,0.988399071925754,0.988399071925754,0.988399071925754,0.988399071925754,0.988399071925754,0.988399071925754,0.988399071925754,0.9853281853281853,0.9853281853281853,0.9837962962962963,0.9776923076923076,0.9701149425287356,0.9477272727272728,0.9316303531179564,0.894620486366986,0.8272921108742004,0.6375796178343949,0.22603719599427755,0.9091757647102541,0.2226542459200226,0.2226542459200226,0.2226542459200226,0.2226542459200226,0.2226542459200226,0.2226542459200226,0.2226542459200226,0.2226542459200226,0.22292528815423845,0.22292528815423845,0.22306544624123315,0.2228306418849644,0.2224523082651296,0.21961556192884868,0.21697662617012417,0.21090142702575881,0.20284645448750038,0.1676045584092361,0.07894519734435083,0.21012225081188438,0.9906976744186047,0.9906976744186047,0.9906976744186047,0.9906976744186047,0.9906976744186047,0.9906976744186047,0.9906976744186047,0.9906976744186047,0.9891472868217054,0.9891472868217054,0.9883720930232558,0.9852713178294573,0.9813953488372092,0.9697674418604652,0.9612403100775194,0.9410852713178295,0.9023255813953488,0.775968992248062,0.3674418604651163,0.9356181150550795,0.9976580796252927,0.9976580796252927,0.9976580796252927,0.9976580796252927,0.9976580796252927,0.9976580796252927,0.9976580796252927,0.9976580796252927,0.9960967993754879,0.9960967993754879,0.9953161592505855,0.9921935987509758,0.9882903981264637,0.9765807962529274,0.9679937548790007,0.9476971116315379,0.9086651053864169,0.7814207650273224,0.3700234192037471,0.9421915444348578,0.22290493161678301,0.22290493161678301,0.22290493161678301,0.22290493161678301,0.22290493161678301,0.22290493161678301,0.22290493161678301,0.22290493161678301,0.22317718207568069,0.22317718207568069,0.22331776282153834,0.22316211478180303,0.22292885053740033,0.2207012612317853,0.21858933097568578,0.21376228095833635,0.2074027977522457,0.17700033513413457,0.09074208657160576,0.2119579283079032,0.9759703708391894,0.9759703708391894,0.9759703708391894,0.9759703708391894,0.9759703708391894,0.9759703708391894,0.9759703708391894,0.9759703708391894,0.9745742951404004,0.9745742951404004,0.9740314775941051,0.9711241947077532,0.9703582559438964,0.9589697196940379,0.9509049912204929,0.932290065133677,0.8992209582326597,0.7771112668477556,0.4026115906515339,0.9259754777379067,0.9208853401629147,0.9208853401629147,0.9208853401629147,0.9208853401629147,0.9208853401629147,0.9208853401629147,0.9208853401629147,0.9208853401629147,0.9216360981992692,0.9216360981992692,0.921966047471206,0.9230579528049125,0.9241974707059015,0.9270876194259923,0.9289044625130483,0.9320648168673148,0.9365621232142121,0.9459684054585343,0.9646595989046425,0.9270959692140852,0.4696626913353822,0.4696626913353822,0.4696626913353822,0.4696626913353822,0.4696626913353822,0.4696626913353822,0.4696626913353822,0.4696626913353822,0.46958060430740944,0.46958060430740944,0.46954410014674247,0.46856017776032005,0.4672404741345716,0.4614932520465366,0.4566910108808188,0.44550670777649765,0.4278241986837806,0.3606326944205092,0.17031667618584515,0.4433827384912367,1278.0,1278.0,1278.0,1278.0,1278.0,1278.0,1278.0,1278.0,1276.0,1276.0,1275.0,1271.0,1266.0,1251.0,1240.0,1214.0,1164.0,1001.0,474.0,1206.9473684210527,12.0,12.0,12.0,12.0,12.0,12.0,12.0,12.0,14.0,14.0,15.0,19.0,24.0,39.0,50.0,76.0,126.0,289.0,816.0,83.05263157894737,3.0,3.0,3.0,3.0,3.0,3.0,3.0,3.0,5.0,5.0,6.0,10.0,15.0,30.0,41.0,67.0,117.0,280.0,807.0,74.05263157894737,0.9697674418604652,0.9216360981992692,0.9852713178294573,0.9891472868217054,0.9960967993754879,1.0,0.0,0.0,0.8922540010095097,0.9926098794243485,0.006983240223463687,0.9842627674452217,1176.0076613022675,1276,14,5,20,3,0,0,19.0,716,0.31349669389342666,0.3124031007751938,0.31459797033567527,403,887,878,1281,1290,22,3
tagging_008_tagging_aria01_rgb,0.6017290120425822,0.88381483459306,0.5318170272482602,0.6017290120425822,0.5966525325872274,0.5966525325872274,0.5966525325872274,0.5966525325872274,0.5940160646338799,0.5940160646338799,0.5930225024230882,0.5930225024230882,0.5930225024230882,0.5869208412460504,0.5741948542466597,0.5593894475981502,0.5404705544558687,0.5154082955503309,0.49145838282823096,0.4231250723225064,0.32913113860038773,0.11839786987149645,0.531259749244642,0.9580645161290322,0.9455128205128205,0.9455128205128205,0.9455128205128205,0.9455128205128205,0.939297124600639,0.939297124600639,0.9331210191082803,0.9331210191082803,0.9331210191082803,0.9148264984227129,0.896875,0.8676923076923077,0.8338368580060423,0.7905604719764012,0.7342857142857143,0.6186666666666667,0.45913461538461536,0.15180265654648956,0.8255659944045991,0.37792632733824927,0.3765091672153857,0.3765091672153857,0.3765091672153857,0.3765091672153857,0.37565864496087453,0.37565864496087453,0.37688111314458855,0.37688111314458855,0.37688111314458855,0.37654798421656543,0.3676094557695809,0.3606307804161461,0.35031843151231545,0.3360220002626528,0.3289337343122529,0.2893881899158291,0.23593800764867676,0.09234394119983518,0.3422976921478506,0.9867109634551495,0.9800664451827242,0.9800664451827242,0.9800664451827242,0.9800664451827242,0.9767441860465116,0.9767441860465116,0.973421926910299,0.973421926910299,0.973421926910299,0.9634551495016611,0.9534883720930233,0.9368770764119602,0.9169435215946844,0.8903654485049833,0.8538205980066446,0.770764119601329,0.6345514950166113,0.26578073089701,0.8929882846651512,0.9705882352941176,0.9640522875816994,0.9640522875816994,0.9640522875816994,0.9640522875816994,0.9607843137254902,0.9607843137254902,0.9575163398692811,0.9575163398692811,0.9575163398692811,0.9477124183006536,0.9379084967320261,0.9215686274509803,0.9019607843137255,0.8758169934640523,0.8398692810457516,0.7581699346405228,0.6241830065359477,0.26143790849673204,0.8783969728242174,0.37792655234515693,0.37725660228616476,0.37725660228616476,0.37725660228616476,0.37725660228616476,0.3766611295681063,0.3766611295681063,0.37788713389951584,0.37788713389951584,0.37788713389951584,0.3782812082330928,0.37180941576857635,0.36684946945956354,0.35938377710369623,0.34928554899919007,0.3450291074714204,0.31462175888799787,0.269095742522018,0.12085755813953489,0.3499552741531403,0.9977553310886645,0.9966515088879702,0.9966515088879702,0.9966515088879702,0.9966515088879702,0.9933096205962059,0.9933096205962059,0.991580301895169,0.991580301895169,0.991580301895169,0.9832860246705917,0.9732147106314268,0.9577169222933364,0.9413066061820039,0.9167930671844032,0.8889028080942288,0.8157614650499954,0.691303437903489,0.3015375169376694,0.9166075827613479,0.88381483459306,0.8891729669596709,0.8891729669596709,0.8891729669596709,0.8891729669596709,0.8912934544900041,0.8912934544900041,0.8931286886660954,0.8931286886660954,0.8931286886660954,0.8969223568900576,0.9002697760074087,0.9053241408100688,0.9102532820787024,0.9159677878029726,0.9218711328995157,0.9322665089525234,0.9445412980767196,0.9638141713140778,0.9049321122232674,0.6106587021921411,0.607456995260974,0.607456995260974,0.607456995260974,0.607456995260974,0.6057411967198904,0.6057411967198904,0.6056932716922847,0.6056932716922847,0.6056932716922847,0.6023181006975634,0.5920399830651135,0.5812630310112992,0.5667646921522448,0.5469756657945566,0.5299532033444524,0.47228173098638504,0.3869299878333399,0.1566628232415167,0.5528546373620603,297.0,295.0,295.0,295.0,295.0,294.0,294.0,293.0,293.0,293.0,290.0,287.0,282.0,276.0,268.0,257.0,232.0,191.0,80.0,268.7894736842105,4.0,6.0,6.0,6.0,6.0,7.0,7.0,8.0,8.0,8.0,11.0,14.0,19.0,25.0,33.0,44.0,69.0,110.0,221.0,32.21052631578947,9.0,11.0,11.0,11.0,11.0,12.0,12.0,13.0,13.0,13.0,16.0,19.0,24.0,30.0,38.0,49.0,74.0,115.0,226.0,37.21052631578947,0.8970099667774086,0.8931286886660954,0.9302325581395349,0.973421926910299,0.9575163398692811,1.0,0.0,0.0,0.7929790889673287,0.9654036243822076,0.06467661691542288,0.9269102990033222,261.68670577916595,293,8,13,10,2,0,0,9.0,201,0.514003294892916,0.5182724252491694,0.5098039215686274,156,145,150,306,301,15,2
tagging_008_tagging_aria03_rgb,0.6872795513253336,0.8866208111882868,0.609356353309189,0.6872795513253336,0.6872795513253336,0.6872795513253336,0.6872795513253336,0.6872795513253336,0.6872795513253336,0.6872795513253336,0.6872795513253336,0.6872795513253336,0.6840411287265387,0.6840411287265387,0.680950902439918,0.665155660611194,0.6317405648485345,0.5983319897179514,0.5551090406314532,0.5143481221479554,0.36373271350100916,0.12428298075321888,0.6151184312648588,0.974025974025974,0.974025974025974,0.974025974025974,0.974025974025974,0.974025974025974,0.974025974025974,0.974025974025974,0.974025974025974,0.974025974025974,0.9612903225806452,0.9612903225806452,0.9487179487179487,0.9,0.8424242424242424,0.7777777777777778,0.7078651685393258,0.6344086021505376,0.44075829383886256,0.14285714285714285,0.8465065046158365,0.48494926651448395,0.48494926651448395,0.48494926651448395,0.48494926651448395,0.48494926651448395,0.48494926651448395,0.48494926651448395,0.48494926651448395,0.48494926651448395,0.48675437045214054,0.48675437045214054,0.4887586791842111,0.4915911698256822,0.4737472180604244,0.46028721846836923,0.4353174314631546,0.41700883288835444,0.3001678895671002,0.10812381513433483,0.4480554944276983,1.0,1.0,1.0,1.0,1.0,1.0,1.0,1.0,1.0,0.9933333333333333,0.9933333333333333,0.9866666666666667,0.96,0.9266666666666666,0.8866666666666667,0.84,0.7866666666666666,0.62,0.25333333333333335,0.907719298245614,0.974025974025974,0.974025974025974,0.974025974025974,0.974025974025974,0.974025974025974,0.974025974025974,0.974025974025974,0.974025974025974,0.974025974025974,0.9675324675324676,0.9675324675324676,0.961038961038961,0.935064935064935,0.9025974025974026,0.8636363636363636,0.8181818181818182,0.7662337662337663,0.6038961038961039,0.24675324675324675,0.8841421736158579,0.4857037037037038,0.4857037037037038,0.4857037037037038,0.4857037037037038,0.4857037037037038,0.4857037037037038,0.4857037037037038,0.4857037037037038,0.4857037037037038,0.48754660700969427,0.48754660700969427,0.4895645645645646,0.49332561728395063,0.48313349320543564,0.4767335004177109,0.4611111111111111,0.4494350282485876,0.3528673835125448,0.1409356725146199,0.4575543641163814,0.9824603174603175,0.9824603174603175,0.9824603174603175,0.9824603174603175,0.9824603174603175,0.9824603174603175,0.9824603174603175,0.9824603174603175,0.9824603174603175,0.9784276126558005,0.9784276126558005,0.9754665379665379,0.9597594246031745,0.9398457008504039,0.9149484078515268,0.8871964372239666,0.8428579344527284,0.6687112632364477,0.3476337818776116,0.9123903984482554,0.8866208111882868,0.8866208111882868,0.8866208111882868,0.8866208111882868,0.8866208111882868,0.8866208111882868,0.8866208111882868,0.8866208111882868,0.8866208111882868,0.8892945273269096,0.8892945273269096,0.8912784029465636,0.8988642112110031,0.9066633854996299,0.9146908660583267,0.9226435292735604,0.9295917687424142,0.9425044715727264,0.9631521955670632,0.9014507992747204,0.6963829883867669,0.6963829883867669,0.6963829883867669,0.6963829883867669,0.6963829883867669,0.6963829883867669,0.6963829883867669,0.6963829883867669,0.6963829883867669,0.6953483596844052,0.6953483596844052,0.6944363878679518,0.6869698123153992,0.6625750941611523,0.6388437474912162,0.6047037641928896,0.5727538289167858,0.4313978344076406,0.16550337307951812,0.6376488135411719,150.0,150.0,150.0,150.0,150.0,150.0,150.0,150.0,150.0,149.0,149.0,148.0,144.0,139.0,133.0,126.0,118.0,93.0,38.0,136.1578947368421,0.0,0.0,0.0,0.0,0.0,0.0,0.0,0.0,0.0,1.0,1.0,2.0,6.0,11.0,17.0,24.0,32.0,57.0,112.0,13.842105263157896,4.0,4.0,4.0,4.0,4.0,4.0,4.0,4.0,4.0,5.0,5.0,6.0,10.0,15.0,21.0,28.0,36.0,61.0,116.0,17.842105263157894,0.9333333333333333,0.8892945273269096,0.96,0.9933333333333333,0.9675324675324676,1.0,0.0,0.0,0.8233658971447303,0.9802631578947368,0.024875621890547265,0.9559862667244803,132.50488457170954,149,1,5,4,2,0,0,2.0,201,0.618421052631579,0.6266666666666667,0.6103896103896104,94,56,60,154,150,7,2
tagging_008_tagging_aria04_rgb,0.5419032252435397,0.8980245666475837,0.4866424090142577,0.5419032252435397,0.5419032252435397,0.5419032252435397,0.5419032252435397,0.5411591579410937,0.5411591579410937,0.5411591579410937,0.5411591579410937,0.5394309126145227,0.5354217490307576,0.5313036783360455,0.528240643038247,0.528240643038247,0.5120664800816016,0.4922891764052519,0.4592500779975679,0.413178425334786,0.3384972413406535,0.16318592930202594,0.4933344468030654,0.9243243243243243,0.9243243243243243,0.9243243243243243,0.9243243243243243,0.9191374663072777,0.9191374663072777,0.9191374663072777,0.9191374663072777,0.9139784946236559,0.9037433155080213,0.8885941644562334,0.8786279683377308,0.8786279683377308,0.8493506493506493,0.797979797979798,0.7115384615384616,0.621867881548975,0.4957983193277311,0.21294718909710392,0.8172053354017104,0.317701371479122,0.317701371479122,0.317701371479122,0.317701371479122,0.31861744837807493,0.31861744837807493,0.31861744837807493,0.31861744837807493,0.31837259978852617,0.31721003565487627,0.31767437814106386,0.31758399119182473,0.31758399119182473,0.30872064467558746,0.3037027175616501,0.2964149452789231,0.2745219945061411,0.23110280517004544,0.12505282476409063,0.29859032670280744,0.9633802816901409,0.9633802816901409,0.9633802816901409,0.9633802816901409,0.9605633802816902,0.9605633802816902,0.9605633802816902,0.9605633802816902,0.9577464788732394,0.952112676056338,0.9436619718309859,0.9380281690140845,0.9380281690140845,0.9211267605633803,0.8901408450704226,0.8338028169014085,0.7690140845070422,0.6647887323943662,0.352112676056338,0.8871756856931059,0.957983193277311,0.957983193277311,0.957983193277311,0.957983193277311,0.9551820728291317,0.9551820728291317,0.9551820728291317,0.9551820728291317,0.9523809523809523,0.9467787114845938,0.938375350140056,0.9327731092436975,0.9327731092436975,0.9159663865546218,0.8851540616246498,0.8291316526610645,0.7647058823529411,0.6610644257703081,0.35014005602240894,0.8822055137844612,0.3184464242900776,0.3184464242900776,0.3184464242900776,0.3184464242900776,0.3193646026792482,0.3193646026792482,0.3193646026792482,0.3193646026792482,0.3192186634011894,0.3183602784847129,0.3190166432923237,0.3190698337757161,0.3190698337757161,0.3129469469188843,0.3098430252423179,0.30584024150200617,0.29077073719930857,0.2573766794853535,0.1592584670231729,0.3043166030514739,0.9782163742690059,0.9782163742690059,0.9782163742690059,0.9782163742690059,0.9796187683284457,0.9796187683284457,0.9796187683284457,0.9796187683284457,0.9767016806722689,0.9709425190194422,0.967807786464503,0.9619859542081765,0.9619859542081765,0.9444722600991716,0.9141069221448967,0.8646824828074828,0.8136649769983103,0.7313441925306332,0.4507824915824916,0.9152535679539661,0.8980245666475837,0.8980245666475837,0.8980245666475837,0.8980245666475837,0.9000655823558988,0.9000655823558988,0.9000655823558988,0.9000655823558988,0.9014622884004713,0.9040090519030036,0.9073946790088595,0.9093634356762934,0.9093634356762934,0.9136727045150294,0.9200843519685108,0.9302282657036308,0.9387510898044628,0.9485850411881341,0.9647155813354755,0.9126310800628472,0.5532334378441894,0.5532334378441894,0.5532334378441894,0.5532334378441894,0.5532198959100898,0.5532198959100898,0.5532198959100898,0.5532198959100898,0.5521958315825827,0.5495631864665705,0.5475191595522284,0.5458046626457606,0.5458046626457606,0.5332643315927499,0.5199405674310392,0.49714345650450126,0.45946847583070094,0.3919624228185359,0.20983966444904606,0.514648408238768,342.0,342.0,342.0,342.0,341.0,341.0,341.0,341.0,340.0,338.0,335.0,333.0,333.0,327.0,316.0,296.0,273.0,236.0,125.0,314.94736842105266,13.0,13.0,13.0,13.0,14.0,14.0,14.0,14.0,15.0,17.0,20.0,22.0,22.0,28.0,39.0,59.0,82.0,119.0,230.0,40.05263157894737,15.0,15.0,15.0,15.0,16.0,16.0,16.0,16.0,17.0,19.0,22.0,24.0,24.0,30.0,41.0,61.0,84.0,121.0,232.0,42.05263157894737,0.8676056338028169,0.9046004885102421,0.8929577464788733,0.9492957746478873,0.9439775910364145,1.0,0.0,0.0,0.7770432806421171,0.9466292134831461,0.09950248756218906,0.8902697394100301,304.8503646279516,337,18,20,9,2,0,0,6.0,201,0.41292134831460675,0.4140845070422535,0.4117647058823529,147,208,210,357,355,15,2
tagging_009_tagging_aria01_rgb,0.432665418488177,0.9121591661578049,0.39465972735349325,0.432665418488177,0.432665418488177,0.4321519300111481,0.4312739212926495,0.4312739212926495,0.4308446363984743,0.4308446363984743,0.4308446363984743,0.4300670433271651,0.4266397017210002,0.42519548587637085,0.42305576999779154,0.41613609380803135,0.41026909411182066,0.4026413056610102,0.39128505269379077,0.3691342252078463,0.31598887427372896,0.15917666361018457,0.4011659910029981,0.9638694638694638,0.9638694638694638,0.9593023255813954,0.9547563805104409,0.9547563805104409,0.9524913093858632,0.9524913093858632,0.9524913093858632,0.9479768786127167,0.9367816091954023,0.9301260022909508,0.9169510807736063,0.8996617812852311,0.8784838350055741,0.8577728776185226,0.8176914778856527,0.7479253112033195,0.609360076408787,0.2803951367781155,0.8672186320819301,0.19421651102425797,0.19421651102425797,0.19467824233530887,0.19481115704898339,0.19481115704898339,0.19488587337665064,0.19488587337665064,0.19488587337665064,0.1951077773403498,0.19430509021299153,0.19437280622662365,0.19518618635295903,0.1924826108789706,0.19160367314244997,0.18900110420197117,0.18723931531911223,0.1821840686211987,0.16385873070850013,0.0903625167298101,0.18595237254456212,0.992797118847539,0.992797118847539,0.9903961584633854,0.9879951980792316,0.9879951980792316,0.9867947178871549,0.9867947178871549,0.9867947178871549,0.9843937575030012,0.978391356542617,0.9747899159663865,0.9675870348139256,0.957983193277311,0.9459783913565426,0.9339735894357744,0.9099639855942377,0.865546218487395,0.765906362545018,0.4429771908763505,0.9284134706514184,0.9706572769953051,0.9706572769953051,0.9683098591549296,0.965962441314554,0.965962441314554,0.9647887323943662,0.9647887323943662,0.9647887323943662,0.9624413145539906,0.9565727699530516,0.9530516431924883,0.9460093896713615,0.9366197183098591,0.9248826291079812,0.9131455399061033,0.8896713615023474,0.846244131455399,0.7488262910798122,0.43309859154929575,0.9077094143810229,0.19461184290461514,0.19461184290461514,0.19507423290197845,0.19521862006643362,0.19521862006643362,0.19529815006500553,0.19529815006500553,0.19529815006500553,0.1955246902535051,0.19497209461352,0.1950695112765153,0.19588911271739312,0.193866150287562,0.1934228097569477,0.19146809998908051,0.1904738987719221,0.18700503628206264,0.17249667052948875,0.104213358850386,0.18815952854565662,0.9565636948245572,0.9565636948245572,0.9586274537019628,0.9562317866527708,0.9562317866527708,0.9551309602239894,0.9551309602239894,0.9551309602239894,0.9536540296035116,0.949469534611866,0.9462902943569577,0.9435886549130953,0.9342088297644662,0.9257491914259112,0.9143187903598854,0.8935637446290592,0.8594891951864453,0.7832977168773959,0.49734558789447114,0.9079256245764028,0.9121591661578049,0.9121591661578049,0.9141109450654689,0.9158810513773318,0.9158810513773318,0.9166642156187371,0.9166642156187371,0.9166642156187371,0.9178172861789483,0.9204947315379085,0.9219533332051913,0.9244979381164853,0.9274899342490408,0.9307488344703762,0.9333734426324705,0.93748481264519,0.9432428028333064,0.9515329063583278,0.9681999808973205,0.9261589489535011,0.4391100005437187,0.4391100005437187,0.4390997419098466,0.43871686506977897,0.43871686506977897,0.4385343207080875,0.4385343207080875,0.4385343207080875,0.43824978956540966,0.43601195029107215,0.4352845637600778,0.434579823841257,0.429412512882648,0.4257381055265075,0.42014526023607573,0.412772375078221,0.3971004050158179,0.3542604189126849,0.20007132183671028,0.4154727874846098,827.0,827.0,825.0,823.0,823.0,822.0,822.0,822.0,820.0,815.0,812.0,806.0,798.0,788.0,778.0,758.0,721.0,638.0,369.0,773.3684210526316,6.0,6.0,8.0,10.0,10.0,11.0,11.0,11.0,13.0,18.0,21.0,27.0,35.0,45.0,55.0,75.0,112.0,195.0,464.0,59.63157894736842,25.0,25.0,27.0,29.0,29.0,30.0,30.0,30.0,32.0,37.0,40.0,46.0,54.0,64.0,74.0,94.0,131.0,214.0,483.0,78.63157894736842,0.9111644657863145,0.9207495534023729,0.936374549819928,0.9795918367346939,0.9577464788732394,1.0,0.0,0.0,0.8335313752417002,0.9685459940652819,0.06304728546409807,0.934787251747018,751.3316355763362,816,17,36,21,2,0,0,19.0,571,0.3584569732937685,0.3625450180072029,0.3544600938967136,302,531,550,852,833,26,2
tagging_009_tagging_aria03_rgb,0.4939556235758383,0.9248731586687714,0.4568462978187882,0.4939556235758383,0.4939556235758383,0.4939556235758383,0.4939556235758383,0.4939556235758383,0.4939556235758383,0.4939556235758383,0.4939556235758383,0.4916751857415682,0.4916751857415682,0.48883718706045026,0.4787820804219062,0.47037340796998145,0.46153823079630263,0.4559407337718924,0.4385462540951459,0.41154904149650007,0.35384699665590974,0.20900297947506394,0.4580743300964735,0.9506641366223909,0.9506641366223909,0.9506641366223909,0.9506641366223909,0.9506641366223909,0.9506641366223909,0.9506641366223909,0.9506641366223909,0.943289224952741,0.943289224952741,0.939622641509434,0.9214953271028037,0.9037037037037037,0.8827838827838828,0.8656987295825771,0.8259325044404974,0.7724137931034483,0.6448,0.3615894039735099,0.8742069225833929,0.2566544257460617,0.2566544257460617,0.2566544257460617,0.2566544257460617,0.2566544257460617,0.2566544257460617,0.2566544257460617,0.2566544257460617,0.2562782250439859,0.2562782250439859,0.2543167702614097,0.24876119692743168,0.24482708438454734,0.24130202492463337,0.24013198311228695,0.2328553676564255,0.21927704433678352,0.19418067159182287,0.12080620988731783,0.24011843205995392,0.9940476190476191,0.9940476190476191,0.9940476190476191,0.9940476190476191,0.9940476190476191,0.9940476190476191,0.9940476190476191,0.9940476190476191,0.9900793650793651,0.9900793650793651,0.9880952380952381,0.9781746031746031,0.9682539682539683,0.9563492063492064,0.9464285714285714,0.9226190476190477,0.8888888888888888,0.7996031746031746,0.5416666666666666,0.943295739348371,0.9561068702290076,0.9561068702290076,0.9561068702290076,0.9561068702290076,0.9561068702290076,0.9561068702290076,0.9561068702290076,0.9561068702290076,0.9522900763358778,0.9522900763358778,0.950381679389313,0.9408396946564885,0.9312977099236641,0.9198473282442748,0.9103053435114504,0.8874045801526718,0.8549618320610687,0.7690839694656488,0.5209923664122137,0.9072920851747689,0.2567011626795286,0.2567011626795286,0.2567011626795286,0.2567011626795286,0.2567011626795286,0.2567011626795286,0.2567011626795286,0.2567011626795286,0.2564273218969709,0.2564273218969709,0.2549494164340647,0.2506563045887786,0.24755921189686395,0.24483660051187825,0.24393304110285244,0.23818255394738225,0.2271341729507052,0.20621062946765337,0.13624637011733787,0.24295643401303615,0.9980384059467272,0.9980384059467272,0.9980384059467272,0.9980384059467272,0.9980384059467272,0.9980384059467272,0.9980384059467272,0.9980384059467272,0.9941442104599003,0.9941442104599003,0.9921548444470718,0.9823049415952729,0.9724607424165733,0.9609826848044474,0.9518570293527899,0.9294204959431208,0.8956102230615414,0.8162554125988963,0.5823467636753215,0.950315200336245,0.9248731586687714,0.9248731586687714,0.9248731586687714,0.9248731586687714,0.9248731586687714,0.9248731586687714,0.9248731586687714,0.9248731586687714,0.9268060216913312,0.9268060216913312,0.9276205425855832,0.9311505490420164,0.9343657732910582,0.9376356344326999,0.9398768565140871,0.9440961834926064,0.9484491622321872,0.9563303022665859,0.9687973857349916,0.9337326159118237,0.5051007036531493,0.5051007036531493,0.5051007036531493,0.5051007036531493,0.5051007036531493,0.5051007036531493,0.5051007036531493,0.5051007036531493,0.5037219295754516,0.5037219295754516,0.5012875319246027,0.4932868182809366,0.48688273330586196,0.480384221251208,0.4767260950810975,0.4635049056268493,0.4414894430214194,0.39403994905516626,0.2558059753451767,0.47587669269833777,501.0,501.0,501.0,501.0,501.0,501.0,501.0,501.0,499.0,499.0,498.0,493.0,488.0,482.0,477.0,465.0,448.0,403.0,273.0,475.42105263157896,3.0,3.0,3.0,3.0,3.0,3.0,3.0,3.0,5.0,5.0,6.0,11.0,16.0,22.0,27.0,39.0,56.0,101.0,231.0,28.57894736842105,23.0,23.0,23.0,23.0,23.0,23.0,23.0,23.0,25.0,25.0,26.0,31.0,36.0,42.0,47.0,59.0,76.0,121.0,251.0,48.578947368421055,0.9246031746031746,0.9268060216913312,0.9404761904761905,0.9900793650793651,0.9522900763358778,1.0,0.0,0.0,0.852135327031695,0.9708171206225681,0.043782837127845885,0.938684345263905,462.4762048239743,499,5,25,8,2,0,0,9.0,571,0.38715953307393,0.3948412698412698,0.3797709923664122,199,305,325,524,504,14,2
tagging_009_tagging_aria04_rgb,0.41833600508906243,0.9288432705686327,0.3885685831635409,0.41833600508906243,0.41833600508906243,0.41833600508906243,0.41833600508906243,0.41833600508906243,0.41833600508906243,0.41833600508906243,0.41833600508906243,0.4173384126774915,0.4164393456397823,0.4148489751596953,0.41166950949934833,0.41056328294124067,0.404354348128447,0.3976940962201929,0.38960910976707,0.37185158449436506,0.32946372221341114,0.16829388225215938,0.3936218057739844,0.9757575757575757,0.9757575757575757,0.9757575757575757,0.9757575757575757,0.9757575757575757,0.9757575757575757,0.9757575757575757,0.9757575757575757,0.9733656174334141,0.9709794437726723,0.9662243667068757,0.9567827130852341,0.9520958083832335,0.933570581257414,0.9153936545240893,0.8887601390498262,0.8294051627384961,0.7103882476390346,0.3071371291098637,0.9057980773558295,0.17935296379123947,0.17935296379123947,0.17935296379123947,0.17935296379123947,0.17935296379123947,0.17935296379123947,0.17935296379123947,0.17935296379123947,0.17893723342666035,0.17860494339928779,0.1781156407570288,0.17712672139001828,0.17704332674852016,0.1751366657571429,0.17277877488742627,0.17079440418623318,0.16671417915271203,0.15279862049445211,0.09221558749861382,0.1713205162120006,0.9962871287128713,0.9962871287128713,0.9962871287128713,0.9962871287128713,0.9962871287128713,0.9962871287128713,0.9962871287128713,0.9962871287128713,0.995049504950495,0.9938118811881188,0.9913366336633663,0.9863861386138614,0.9839108910891089,0.974009900990099,0.9641089108910891,0.9492574257425742,0.9146039603960396,0.8378712871287128,0.474009900990099,0.9491922876498176,0.9793187347931873,0.9793187347931873,0.9793187347931873,0.9793187347931873,0.9793187347931873,0.9793187347931873,0.9793187347931873,0.9793187347931873,0.9781021897810219,0.9768856447688564,0.9744525547445255,0.9695863746958637,0.9671532846715328,0.9574209245742092,0.9476885644768857,0.9330900243309003,0.8990267639902676,0.8236009732360098,0.4659367396593674,0.9330259956460492,0.17938353914555286,0.17938353914555286,0.17938353914555286,0.17938353914555286,0.17938353914555286,0.17938353914555286,0.17938353914555286,0.17938353914555286,0.17903320445347154,0.17875129635764098,0.17833533119162925,0.17749713789600208,0.17745140572548718,0.17586849204584776,0.17388281329096136,0.17225420576000414,0.1689031842183327,0.15679338204721083,0.0997170813798545,0.1722924130279403,0.9933034874028663,0.9933034874028663,0.9933034874028663,0.9933034874028663,0.9933034874028663,0.9933034874028663,0.9933034874028663,0.9933034874028663,0.9920626844134307,0.9908257835003129,0.9883865542585212,0.9835515043247824,0.9815814032874443,0.9723178665792669,0.9624555145602698,0.9481107885895297,0.9201760261909278,0.8497319522453931,0.5280880127047938,0.9507218942040843,0.9288432705686327,0.9288432705686327,0.9288432705686327,0.9288432705686327,0.9288432705686327,0.9288432705686327,0.9288432705686327,0.9288432705686327,0.929447617336531,0.9300082010717186,0.9310746957826013,0.9329320636709486,0.9337082364987778,0.9365148025260245,0.9387572718409906,0.9412764323948557,0.945684751987913,0.9515234592679311,0.9673347660384691,0.9352109717350434,0.4227139095436978,0.4227139095436978,0.4227139095436978,0.4227139095436978,0.4227139095436978,0.4227139095436978,0.4227139095436978,0.4227139095436978,0.42196137920242127,0.42130715017566894,0.4202053780127837,0.4179896443181737,0.4173665743474395,0.41301918414748096,0.40813913863021417,0.40265103557430526,0.39048360850008196,0.35780661931436974,0.20907200075562904,0.40324805206990266,805.0,805.0,805.0,805.0,805.0,805.0,805.0,805.0,804.0,803.0,801.0,797.0,795.0,787.0,779.0,767.0,739.0,677.0,383.0,766.9473684210526,3.0,3.0,3.0,3.0,3.0,3.0,3.0,3.0,4.0,5.0,7.0,11.0,13.0,21.0,29.0,41.0,69.0,131.0,425.0,41.05263157894737,17.0,17.0,17.0,17.0,17.0,17.0,17.0,17.0,18.0,19.0,21.0,25.0,27.0,35.0,43.0,55.0,83.0,145.0,439.0,55.05263157894737,0.9554455445544554,0.9298999257714298,0.9702970297029703,0.9938118811881188,0.9768856447688564,1.0,0.0,0.0,0.8857792579139333,0.9852760736196319,0.03327495621716287,0.968961409348951,746.7096403944581,803,5,19,12,2,0,0,7.0,571,0.2282208588957055,0.2301980198019802,0.22627737226277372,186,622,636,822,808,19,2
tagging_010_tagging_aria01_rgb,0.3762235770110504,0.906870822633269,0.3411861847780423,0.3762235770110504,0.3762235770110504,0.3762235770110504,0.3762235770110504,0.3762235770110504,0.3762235770110504,0.3762235770110504,0.3734988661751962,0.37096915463524066,0.37096915463524066,0.36838016647350763,0.36251505450642807,0.35991943775032287,0.3562378472962633,0.34815495591993506,0.3360691355039732,0.3061326422438077,0.2543241586637878,0.10446373574708971,0.34448417624358657,0.9288537549407114,0.9288537549407114,0.9288537549407114,0.9288537549407114,0.9288537549407114,0.9288537549407114,0.9288537549407114,0.9212598425196851,0.9099804305283757,0.9099804305283757,0.8988326848249028,0.8841698841698842,0.8769230769230769,0.8661567877629063,0.8345864661654135,0.7941176470588235,0.7003484320557491,0.5467511885895404,0.18879415347137637,0.8333619636412152,0.15238586176359328,0.15238586176359328,0.15238586176359328,0.15238586176359328,0.15238586176359328,0.15238586176359328,0.15238586176359328,0.15142459987468337,0.15123194859352945,0.15123194859352945,0.1509779843814703,0.14863338719931796,0.14772333523829922,0.14651551040088795,0.14523584822616564,0.14222384335204402,0.1338150988245735,0.11830020497422455,0.05780195988904016,0.14272719483646942,0.9853249475890985,0.9853249475890985,0.9853249475890985,0.9853249475890985,0.9853249475890985,0.9853249475890985,0.9853249475890985,0.9811320754716981,0.9748427672955975,0.9748427672955975,0.9685534591194969,0.960167714884696,0.9559748427672956,0.949685534591195,0.9308176100628931,0.9056603773584906,0.8427672955974843,0.7232704402515723,0.3249475890985325,0.9152598477325388,0.9418837675350702,0.9418837675350702,0.9418837675350702,0.9418837675350702,0.9418837675350702,0.9418837675350702,0.9418837675350702,0.9378757515030061,0.9318637274549099,0.9318637274549099,0.9258517034068137,0.9178356713426854,0.9138276553106213,0.9078156312625251,0.8897795591182365,0.8657314629258517,0.8056112224448898,0.6913827655310621,0.3106212424849699,0.8749077101571563,0.16115926863734067,0.16115926863734067,0.16115926863734067,0.16115926863734067,0.16115926863734067,0.16115926863734067,0.16115926863734067,0.1603530694181346,0.1602798579961966,0.1602798579961966,0.16013935545046734,0.15818222925756437,0.15740846376985068,0.15638322565654678,0.15553097961327947,0.1530212195333815,0.1450177331953643,0.129656507164491,0.06607624508380035,0.15212861182087675,0.8774442755825734,0.8774442755825734,0.8774442755825734,0.8774442755825734,0.8774442755825734,0.8774442755825734,0.8774442755825734,0.8730031542531541,0.8687083973374295,0.8687083973374295,0.8628504432075861,0.853364599114755,0.8491513381668456,0.8428824620355867,0.8242764243289453,0.8013864975161775,0.7555874730552751,0.684506176720301,0.37472219556853636,0.8211188151431598,0.906870822633269,0.906870822633269,0.906870822633269,0.906870822633269,0.906870822633269,0.906870822633269,0.906870822633269,0.9091455938441587,0.9123178695510363,0.9123178695510363,0.9147716143560216,0.9177425492841442,0.9189906914144302,0.9205877948775428,0.9244520811577345,0.928496236430522,0.9360441443656244,0.9459929452287741,0.9658936908152694,0.9186762547004831,0.3874914079763991,0.3874914079763991,0.3874914079763991,0.3874914079763991,0.3874914079763991,0.3874914079763991,0.3874914079763991,0.3854445899899485,0.3839627211988448,0.3839627211988448,0.38240063941311925,0.3777737149971413,0.3757922194211764,0.3730196520573267,0.3676793237881844,0.3588962240531196,0.3358198757466507,0.2925116088868246,0.13704965345127174,0.36140804210722355,470.0,470.0,470.0,470.0,470.0,470.0,470.0,468.0,465.0,465.0,462.0,458.0,456.0,453.0,444.0,432.0,402.0,345.0,155.0,436.57894736842104,7.0,7.0,7.0,7.0,7.0,7.0,7.0,9.0,12.0,12.0,15.0,19.0,21.0,24.0,33.0,45.0,75.0,132.0,322.0,40.421052631578945,29.0,29.0,29.0,29.0,29.0,29.0,29.0,31.0,34.0,34.0,37.0,41.0,43.0,46.0,55.0,67.0,97.0,154.0,344.0,62.421052631578945,0.8721174004192872,0.9115542900137883,0.9077568134171907,0.9769392033542977,0.9338677354709419,1.0,0.0,0.0,0.7857113189652523,0.9549180327868853,0.07838479809976247,0.9051772559300245,424.7842991464253,466,11,33,17,2,0,0,13.0,421,0.21106557377049182,0.21593291404612158,0.20641282565130262,103,374,396,499,477,22,2
tagging_010_tagging_aria03_rgb,0.37326177514134196,0.9193908492261343,0.3431734604308528,0.37326177514134196,0.37326177514134196,0.37326177514134196,0.37326177514134196,0.37326177514134196,0.37326177514134196,0.37326177514134196,0.37326177514134196,0.3708609833320229,0.3699749317914259,0.3690047707615395,0.36263073873674506,0.36013752629670426,0.3564122796078822,0.3458119967364673,0.3374112585797631,0.3177584683685478,0.2723869666656259,0.1322033133412957,0.34635197028151343,0.9759450171821306,0.9759450171821306,0.9759450171821306,0.9759450171821306,0.9759450171821306,0.9759450171821306,0.9759450171821306,0.9759450171821306,0.9691780821917808,0.9658119658119658,0.962457337883959,0.9425675675675675,0.936026936026936,0.9230769230769231,0.8914473684210527,0.8638573743922204,0.796875,0.6475644699140402,0.25272331154684097,0.8925866565415964,0.1427584037305096,0.1427584037305096,0.1427584037305096,0.1427584037305096,0.1427584037305096,0.1427584037305096,0.1427584037305096,0.1427584037305096,0.14191186479058138,0.14172681122147093,0.14147590286354417,0.1395136616212194,0.1385633605776672,0.13761552247656111,0.13414806226718148,0.13178837246886738,0.12670800843284755,0.11457493895418573,0.06915751440356309,0.13469743420640876,0.9776247848537005,0.9776247848537005,0.9776247848537005,0.9776247848537005,0.9776247848537005,0.9776247848537005,0.9776247848537005,0.9776247848537005,0.9741824440619621,0.9724612736660929,0.9707401032702238,0.9604130808950087,0.9569707401032702,0.9500860585197934,0.9328743545611016,0.9173838209982789,0.8777969018932874,0.7779690189328744,0.3993115318416523,0.9216414530301658,0.9982425307557118,0.9982425307557118,0.9982425307557118,0.9982425307557118,0.9982425307557118,0.9982425307557118,0.9982425307557118,0.9982425307557118,0.9947275922671354,0.9929701230228472,0.9912126537785588,0.9806678383128296,0.9771528998242531,0.9701230228471002,0.9525483304042179,0.9367311072056239,0.8963093145869947,0.7943760984182777,0.4077328646748682,0.9410785311257055,0.14278322566223764,0.14278322566223764,0.14278322566223764,0.14278322566223764,0.14278322566223764,0.14278322566223764,0.14278322566223764,0.14278322566223764,0.14204195047883883,0.14187883757084666,0.1416587191250048,0.13995363494703944,0.1391211523203513,0.13830250808491473,0.13524369069112482,0.13315549842328891,0.12870494971413407,0.11779462991034034,0.07459138826711893,0.13551119814899493,0.9982927870251813,0.9982927870251813,0.9982927870251813,0.9982927870251813,0.9982927870251813,0.9982927870251813,0.9982927870251813,0.9982927870251813,0.9948793844553563,0.993261310960426,0.9915185287525713,0.9811007298600911,0.9776252606613548,0.9708009425673396,0.9534421987132206,0.9384005878640946,0.8988614324287708,0.8074453106463222,0.4901816323117588,0.9465189271275136,0.9193908492261343,0.9193908492261343,0.9193908492261343,0.9193908492261343,0.9193908492261343,0.9193908492261343,0.9193908492261343,0.9193908492261343,0.9211076148628385,0.9219065363738309,0.9226343244649333,0.9263791872238807,0.9273952552721723,0.9291905100367749,0.9330637171727335,0.9358687076554942,0.9404860855439491,0.9481052490465921,0.9659553485576432,0.9277483857905219,0.3735828605986859,0.3735828605986859,0.3735828605986859,0.3735828605986859,0.3735828605986859,0.3735828605986859,0.3735828605986859,0.3735828605986859,0.37181722295111513,0.37124632705666666,0.37058916950715787,0.36604746356801743,0.36414431441834494,0.36158897845606136,0.35375597097875167,0.3477075217746,0.333502469627171,0.2985561134066456,0.16617879833133922,0.3523051176244925,568.0,568.0,568.0,568.0,568.0,568.0,568.0,568.0,566.0,565.0,564.0,558.0,556.0,552.0,542.0,533.0,510.0,452.0,232.0,535.4736842105264,13.0,13.0,13.0,13.0,13.0,13.0,13.0,13.0,15.0,16.0,17.0,23.0,25.0,29.0,39.0,48.0,71.0,129.0,349.0,45.526315789473685,1.0,1.0,1.0,1.0,1.0,1.0,1.0,1.0,3.0,4.0,5.0,11.0,13.0,17.0,27.0,36.0,59.0,117.0,337.0,33.526315789473685,0.9414802065404475,0.9219065363738309,0.9655765920826161,0.9724612736660929,0.9929701230228472,1.0,0.0,0.0,0.8655373374375465,0.9826086956521739,0.009501187648456057,0.9636039104377312,520.8771930512145,565,16,4,14,2,0,0,10.0,421,0.20869565217391303,0.20654044750430292,0.210896309314587,120,461,449,569,581,16,2
tagging_010_tagging_aria04_rgb,0.3347506666500631,0.9119922432565332,0.305290011409811,0.3347506666500631,0.3344946996894523,0.3338905136182407,0.3333712726589191,0.3333712726589191,0.33139802502508536,0.33082702281667486,0.33082702281667486,0.3297750445389575,0.32868342512771787,0.32478365770055057,0.3220035036701854,0.31963022124854,0.31613547883513593,0.3102231842600521,0.302347243150921,0.2893192682830825,0.25340484413023356,0.13648824957139236,0.3103012956026736,0.9034175334323923,0.900593471810089,0.8977777777777778,0.8921713441654358,0.8921713441654358,0.8838235294117647,0.8810572687224669,0.8810572687224669,0.8755490483162518,0.8728070175438597,0.8565217391304348,0.845821325648415,0.8378766140602583,0.8247863247863247,0.8067700987306065,0.7816411682892906,0.731081081081081,0.6072772898368883,0.2620689655172414,0.8123300111130779,0.12403789463429488,0.12423663686508578,0.12417646977206351,0.124568454435384,0.124568454435384,0.12426083639527194,0.12422179909422025,0.12422179909422025,0.12420958050243909,0.12377626643940147,0.12315440401599051,0.1225864768736922,0.12193141164343713,0.12117276678200538,0.11928853610696569,0.11695117804635549,0.11449569844712593,0.10574084706167017,0.0710845034027392,0.11887810600251299,0.9918433931484503,0.9902120717781403,0.9885807504078303,0.9853181076672104,0.9853181076672104,0.9804241435562806,0.9787928221859706,0.9787928221859706,0.9755301794453507,0.9738988580750407,0.964110929853181,0.9575856443719413,0.9526916802610114,0.9445350734094616,0.933115823817292,0.9168026101141925,0.8825448613376835,0.7895595432300163,0.433931484502447,0.9265046793165622,0.9101796407185628,0.9086826347305389,0.907185628742515,0.9041916167664671,0.9041916167664671,0.8997005988023952,0.8982035928143712,0.8982035928143712,0.8952095808383234,0.8937125748502994,0.8847305389221557,0.8787425149700598,0.874251497005988,0.8667664670658682,0.8562874251497006,0.8413173652694611,0.8098802395209581,0.7245508982035929,0.39820359281437123,0.8502206114087613,0.12466723477178726,0.1248664930298644,0.12480870882540834,0.12520273119407402,0.12520273119407402,0.12494255057742872,0.1249091524739921,0.1249091524739921,0.12490731258021827,0.12451761270257225,0.12397999179941419,0.12348891628934984,0.12291369608392319,0.12223287453602522,0.1205366832095889,0.1184727913529931,0.11635675347693027,0.10845823595480732,0.07585298239547168,0.12006455815378503,0.9415548683810645,0.9430426662886748,0.9422716865131506,0.9431842859166157,0.9431842859166157,0.9422400148082647,0.9411020814996118,0.9411020814996118,0.9384106726306027,0.9369074729272664,0.9321537372058991,0.9263382328302732,0.9247859671973792,0.9180794383602188,0.9101717664107369,0.8973437747609863,0.8706537259776859,0.7915819392253924,0.511594828850209,0.8997738698526453,0.9119922432565332,0.9133661124453067,0.9146341347011182,0.9170859955856498,0.9170859955856498,0.9202874268082836,0.9212475592474838,0.9212475592474838,0.9228524699745889,0.9236378567596788,0.9277556476271421,0.9302416775709915,0.9318557336950392,0.933962498395309,0.9364417015236058,0.9392267981316882,0.9436602239345704,0.9512137715885463,0.9675611954032642,0.9287029790253648,0.3507508607160772,0.3507429508641978,0.35036904496582144,0.35034205257048673,0.35034205257048673,0.3490391440804621,0.348693856143825,0.348693856143825,0.3480950938412895,0.34719672311547684,0.3445787384203659,0.34261793655379547,0.34082699634152097,0.3383074462196613,0.3336315642162924,0.32744640063501745,0.3178798362743066,0.28894410342965526,0.17562973577008498,0.33179623120382357,608.0,607.0,606.0,604.0,604.0,601.0,600.0,600.0,598.0,597.0,591.0,587.0,584.0,579.0,572.0,562.0,541.0,484.0,266.0,567.9473684210526,5.0,6.0,7.0,9.0,9.0,12.0,13.0,13.0,15.0,16.0,22.0,26.0,29.0,34.0,41.0,51.0,72.0,129.0,347.0,45.05263157894737,60.0,61.0,62.0,64.0,64.0,67.0,68.0,68.0,70.0,71.0,77.0,81.0,84.0,89.0,96.0,106.0,127.0,184.0,402.0,100.05263157894737,0.831973898858075,0.9231798785940849,0.8646003262642741,0.9771615008156607,0.8967065868263473,1.0,0.0,0.0,0.7569082337322298,0.9352068696330992,0.16389548693586697,0.8624779282289332,552.9847472778569,599,14,69,20,2,0,0,14.0,421,0.17017954722872755,0.17781402936378465,0.1631736526946108,109,504,559,668,613,25,2
COMBINED,0.6942645948310457,0.9183567599457532,0.6375825838540903,0.6942645948310457,0.6940809839362693,0.69389158000288,0.6936680591272862,0.6934393723201857,0.6931970202984284,0.6930453744241061,0.6923379989641044,0.6915780154213408,0.6901610594268767,0.6888266780402035,0.6863036817428957,0.6824098770608256,0.6762635832374754,0.6651314890204285,0.644729631023941,0.6007928464014773,0.4962689031929531,0.24436795342625453,0.6481451948367883,0.9818429258040621,0.9813650689768011,0.9809215510710104,0.9802396034150371,0.9796943832599119,0.9789451955826195,0.9783666660934464,0.9765312258397045,0.9743602944962159,0.9705388647185776,0.9667321993332764,0.9600306670074112,0.9508572009971002,0.9368654982574878,0.9125548610187525,0.8718820677199434,0.7906238326484871,0.6131357179915027,0.2441762377522549,0.8962981085254528,0.4909169429938993,0.4908962296408453,0.4908501849849129,0.490875266187021,0.4908246605270595,0.4908570072348503,0.4909323954468963,0.49085158991966693,0.49086580612504405,0.4907812610753569,0.4908103740696099,0.4906226017155113,0.48975097398625184,0.48815164488798024,0.48479265914232134,0.47675747960650355,0.4565408091456675,0.4016775031197087,0.24455981962636597,0.4701218531281828,0.9893591167893349,0.9891160949868074,0.9888904318844605,0.9885432578808498,0.9882655186779614,0.9878836272739897,0.9875885293709207,0.9866511595611721,0.9855402027496181,0.9835786696292181,0.9816171365088182,0.9781453964727121,0.9733543952228857,0.9659595889459798,0.9528537703096792,0.9301659491737259,0.8817525343702264,0.7590438827940564,0.39192473267601724,0.9310649471199175,0.992321888710913,0.9920781391461801,0.9918518002646424,0.9915035866007382,0.9912250156696149,0.9908419806393203,0.9905459990250017,0.9896058221324605,0.9884915384079671,0.9865241312069085,0.98455672400585,0.9810745873668083,0.9762692388049307,0.9688522877637719,0.9557072219513894,0.9329514590152518,0.884393063583815,0.7613169440768855,0.3930984051814193,0.933853149134414,0.49262416626627603,0.49262793877967953,0.4926113643049269,0.49265786538467343,0.4926476577721557,0.49269951583977123,0.49278128188307635,0.4927987986279287,0.4928927685510092,0.49299074150200994,0.4931760109069431,0.4933152134280831,0.4930854685256175,0.492526322921641,0.4911366369123877,0.48710015904129,0.4756458035948296,0.4389194604042877,0.31010001371881196,0.479070378335021,0.9834020081182943,0.9832788721515645,0.9832128518864871,0.9830077602967449,0.9828496900761055,0.9826076093353809,0.9824335714244044,0.9817944850447959,0.9809374057470377,0.9795402210868431,0.97814838606808,0.9753373553635557,0.9715453888637607,0.9654897046985534,0.9552352212618865,0.9365415446967468,0.8977786567903857,0.8025255827981573,0.5127197781205463,0.9378097944120699,0.9183567599457532,0.9185619307863236,0.9187434908940917,0.9190050334244289,0.9191999504419818,0.9194483815136781,0.9196257077407753,0.9201431014199722,0.9206972860100782,0.9215828635621615,0.922373845076952,0.923600813208737,0.9250598073151148,0.9269635592061376,0.9297160942269588,0.9334288329687358,0.9392048265096938,0.9488574511164516,0.966809078797123,0.9269146744297447,0.6969168911264559,0.6968165911530092,0.6967044218463794,0.6965999101705707,0.6964661425480128,0.6963545079770928,0.6963039583687167,0.6959161518219593,0.695534316976043,0.6947819656895604,0.6941094106573058,0.6927483231834577,0.6904355604212513,0.686683888145992,0.6796591153528481,0.6659306071535206,0.6344730218911014,0.5521692236977768,0.30959496431686107,0.6614841564472588,56995.0,56981.0,56968.0,56948.0,56932.0,56910.0,56893.0,56839.0,56775.0,56662.0,56549.0,56349.0,56073.0,55647.0,54892.0,53585.0,50796.0,43727.0,22578.0,53636.78947368421,613.0,627.0,640.0,660.0,676.0,698.0,715.0,769.0,833.0,946.0,1059.0,1259.0,1535.0,1961.0,2716.0,4023.0,6812.0,13881.0,35030.0,3971.2105263157896,441.0,455.0,468.0,488.0,504.0,526.0,543.0,597.0,661.0,774.0,887.0,1087.0,1363.0,1789.0,2544.0,3851.0,6640.0,13709.0,34858.0,3799.2105263157896,0.9617067074017498,0.9212985417699927,0.9733023191223441,0.9851583113456465,0.9881085033776725,0.9939393939393939,0.006060606060606061,0.0,0.8841733117114359,0.9866312019748965,0.020680049656341782,0.973253284674655,52286.4561410724,56753,855,683,668,164,1,0,636.0,33027,0.5817774069051841,0.5809089015414526,0.5826485131276551,33465,24143,23971,57436,57608,832,165
